Round,Evaluator,Subpopulation,0,5,2,3,1,4
0,0,Health_Care_Outpatient_Uncategorized,,,,,,
0,1,Health_Care_Outpatient_Uncategorized,,,,,,
0,2,Health_Care_Outpatient_Uncategorized,,,,,,
0,3,Health_Care_Outpatient_Uncategorized,,,,,,
0,4,Health_Care_Outpatient_Uncategorized,,,,,,
0,5,Health_Care_Outpatient_Uncategorized,,,,,,
0,Aggregated,Health_Care_Outpatient_Uncategorized,,,,,,
0,Centralized,Health_Care_Outpatient_Uncategorized,,,,,,
1,0,Health_Care_Outpatient_Uncategorized,,,,,,
1,1,Health_Care_Outpatient_Uncategorized,,,,,,
1,2,Health_Care_Outpatient_Uncategorized,,,,,,
1,3,Health_Care_Outpatient_Uncategorized,,,,,,
1,4,Health_Care_Outpatient_Uncategorized,,,,,,
1,5,Health_Care_Outpatient_Uncategorized,,,,,,
1,Aggregated,Health_Care_Outpatient_Uncategorized,,,,,,
1,Centralized,Health_Care_Outpatient_Uncategorized,,,,,,
2,0,Health_Care_Outpatient_Uncategorized,,,,,,
2,1,Health_Care_Outpatient_Uncategorized,,,,,,
2,2,Health_Care_Outpatient_Uncategorized,,,,,,
2,3,Health_Care_Outpatient_Uncategorized,,,,,,
2,4,Health_Care_Outpatient_Uncategorized,,,,,,
2,5,Health_Care_Outpatient_Uncategorized,,,,,,
2,Aggregated,Health_Care_Outpatient_Uncategorized,,,,,,
2,Centralized,Health_Care_Outpatient_Uncategorized,,,,,,
3,0,Health_Care_Outpatient_Uncategorized,,,,,,
3,1,Health_Care_Outpatient_Uncategorized,,,,,,
3,2,Health_Care_Outpatient_Uncategorized,,,,,,
3,3,Health_Care_Outpatient_Uncategorized,,,,,,
3,4,Health_Care_Outpatient_Uncategorized,,,,,,
3,5,Health_Care_Outpatient_Uncategorized,,,,,,
3,Aggregated,Health_Care_Outpatient_Uncategorized,,,,,,
3,Centralized,Health_Care_Outpatient_Uncategorized,,,,,,
4,0,Health_Care_Outpatient_Uncategorized,,,,,,
4,1,Health_Care_Outpatient_Uncategorized,,,,,,
4,2,Health_Care_Outpatient_Uncategorized,,,,,,
4,3,Health_Care_Outpatient_Uncategorized,,,,,,
4,4,Health_Care_Outpatient_Uncategorized,,,,,,
4,5,Health_Care_Outpatient_Uncategorized,,,,,,
4,Aggregated,Health_Care_Outpatient_Uncategorized,,,,,,
4,Centralized,Health_Care_Outpatient_Uncategorized,,,,,,
5,0,Health_Care_Outpatient_Uncategorized,,,,,,
5,1,Health_Care_Outpatient_Uncategorized,,,,,,
5,2,Health_Care_Outpatient_Uncategorized,,,,,,
5,3,Health_Care_Outpatient_Uncategorized,,,,,,
5,4,Health_Care_Outpatient_Uncategorized,,,,,,
5,5,Health_Care_Outpatient_Uncategorized,,,,,,
5,Aggregated,Health_Care_Outpatient_Uncategorized,,,,,,
5,Centralized,Health_Care_Outpatient_Uncategorized,,,,,,
6,0,Health_Care_Outpatient_Uncategorized,,,,,,
6,1,Health_Care_Outpatient_Uncategorized,,,,,,
6,2,Health_Care_Outpatient_Uncategorized,,,,,,
6,3,Health_Care_Outpatient_Uncategorized,,,,,,
6,4,Health_Care_Outpatient_Uncategorized,,,,,,
6,5,Health_Care_Outpatient_Uncategorized,,,,,,
6,Aggregated,Health_Care_Outpatient_Uncategorized,,,,,,
6,Centralized,Health_Care_Outpatient_Uncategorized,,,,,,
7,0,Health_Care_Outpatient_Uncategorized,,,,,,
7,1,Health_Care_Outpatient_Uncategorized,,,,,,
7,2,Health_Care_Outpatient_Uncategorized,,,,,,
7,3,Health_Care_Outpatient_Uncategorized,,,,,,
7,4,Health_Care_Outpatient_Uncategorized,,,,,,
7,5,Health_Care_Outpatient_Uncategorized,,,,,,
7,Aggregated,Health_Care_Outpatient_Uncategorized,,,,,,
7,Centralized,Health_Care_Outpatient_Uncategorized,,,,,,
8,0,Health_Care_Outpatient_Uncategorized,,,,,,
8,1,Health_Care_Outpatient_Uncategorized,,,,,,
8,2,Health_Care_Outpatient_Uncategorized,,,,,,
8,3,Health_Care_Outpatient_Uncategorized,,,,,,
8,4,Health_Care_Outpatient_Uncategorized,,,,,,
8,5,Health_Care_Outpatient_Uncategorized,,,,,,
8,Aggregated,Health_Care_Outpatient_Uncategorized,,,,,,
8,Centralized,Health_Care_Outpatient_Uncategorized,,,,,,
9,0,Health_Care_Outpatient_Uncategorized,,,,,,
9,1,Health_Care_Outpatient_Uncategorized,,,,,,
9,2,Health_Care_Outpatient_Uncategorized,,,,,,
9,3,Health_Care_Outpatient_Uncategorized,,,,,,
9,4,Health_Care_Outpatient_Uncategorized,,,,,,
9,5,Health_Care_Outpatient_Uncategorized,,,,,,
9,Aggregated,Health_Care_Outpatient_Uncategorized,,,,,,
9,Centralized,Health_Care_Outpatient_Uncategorized,,,,,,
10,0,Health_Care_Outpatient_Uncategorized,,,,,,
10,1,Health_Care_Outpatient_Uncategorized,,,,,,
10,2,Health_Care_Outpatient_Uncategorized,,,,,,
10,3,Health_Care_Outpatient_Uncategorized,,,,,,
10,4,Health_Care_Outpatient_Uncategorized,,,,,,
10,5,Health_Care_Outpatient_Uncategorized,,,,,,
10,Aggregated,Health_Care_Outpatient_Uncategorized,,,,,,
10,Centralized,Health_Care_Outpatient_Uncategorized,,,,,,
11,0,Health_Care_Outpatient_Uncategorized,,,,,,
11,1,Health_Care_Outpatient_Uncategorized,,,,,,
11,2,Health_Care_Outpatient_Uncategorized,,,,,,
11,3,Health_Care_Outpatient_Uncategorized,,,,,,
11,4,Health_Care_Outpatient_Uncategorized,,,,,,
11,5,Health_Care_Outpatient_Uncategorized,,,,,,
11,Aggregated,Health_Care_Outpatient_Uncategorized,,,,,,
11,Centralized,Health_Care_Outpatient_Uncategorized,,,,,,
12,0,Health_Care_Outpatient_Uncategorized,,,,,,
12,1,Health_Care_Outpatient_Uncategorized,,,,,,
12,2,Health_Care_Outpatient_Uncategorized,,,,,,
12,3,Health_Care_Outpatient_Uncategorized,,,,,,
12,4,Health_Care_Outpatient_Uncategorized,,,,,,
12,5,Health_Care_Outpatient_Uncategorized,,,,,,
12,Aggregated,Health_Care_Outpatient_Uncategorized,,,,,,
12,Centralized,Health_Care_Outpatient_Uncategorized,,,,,,
13,0,Health_Care_Outpatient_Uncategorized,,,,,,
13,1,Health_Care_Outpatient_Uncategorized,,,,,,
13,2,Health_Care_Outpatient_Uncategorized,,,,,,
13,3,Health_Care_Outpatient_Uncategorized,,,,,,
13,4,Health_Care_Outpatient_Uncategorized,,,,,,
13,5,Health_Care_Outpatient_Uncategorized,,,,,,
13,Aggregated,Health_Care_Outpatient_Uncategorized,,,,,,
13,Centralized,Health_Care_Outpatient_Uncategorized,,,,,,
14,0,Health_Care_Outpatient_Uncategorized,,,,,,
14,1,Health_Care_Outpatient_Uncategorized,,,,,,
14,2,Health_Care_Outpatient_Uncategorized,,,,,,
14,3,Health_Care_Outpatient_Uncategorized,,,,,,
14,4,Health_Care_Outpatient_Uncategorized,,,,,,
14,5,Health_Care_Outpatient_Uncategorized,,,,,,
14,Aggregated,Health_Care_Outpatient_Uncategorized,,,,,,
14,Centralized,Health_Care_Outpatient_Uncategorized,,,,,,
15,0,Health_Care_Outpatient_Uncategorized,,,,,,
15,1,Health_Care_Outpatient_Uncategorized,,,,,,
15,2,Health_Care_Outpatient_Uncategorized,,,,,,
15,3,Health_Care_Outpatient_Uncategorized,,,,,,
15,4,Health_Care_Outpatient_Uncategorized,,,,,,
15,5,Health_Care_Outpatient_Uncategorized,,,,,,
15,Aggregated,Health_Care_Outpatient_Uncategorized,,,,,,
15,Centralized,Health_Care_Outpatient_Uncategorized,,,,,,
16,0,Health_Care_Outpatient_Uncategorized,,,,,,
16,1,Health_Care_Outpatient_Uncategorized,,,,,,
16,2,Health_Care_Outpatient_Uncategorized,,,,,,
16,3,Health_Care_Outpatient_Uncategorized,,,,,,
16,4,Health_Care_Outpatient_Uncategorized,,,,,,
16,5,Health_Care_Outpatient_Uncategorized,,,,,,
16,Aggregated,Health_Care_Outpatient_Uncategorized,,,,,,
16,Centralized,Health_Care_Outpatient_Uncategorized,,,,,,
17,0,Health_Care_Outpatient_Uncategorized,,,,,,
17,1,Health_Care_Outpatient_Uncategorized,,,,,,
17,2,Health_Care_Outpatient_Uncategorized,,,,,,
17,3,Health_Care_Outpatient_Uncategorized,,,,,,
17,4,Health_Care_Outpatient_Uncategorized,,,,,,
17,5,Health_Care_Outpatient_Uncategorized,,,,,,
17,Aggregated,Health_Care_Outpatient_Uncategorized,,,,,,
17,Centralized,Health_Care_Outpatient_Uncategorized,,,,,,
18,0,Health_Care_Outpatient_Uncategorized,,,,,,
18,1,Health_Care_Outpatient_Uncategorized,,,,,,
18,2,Health_Care_Outpatient_Uncategorized,,,,,,
18,3,Health_Care_Outpatient_Uncategorized,,,,,,
18,4,Health_Care_Outpatient_Uncategorized,,,,,,
18,5,Health_Care_Outpatient_Uncategorized,,,,,,
18,Aggregated,Health_Care_Outpatient_Uncategorized,,,,,,
18,Centralized,Health_Care_Outpatient_Uncategorized,,,,,,
19,0,Health_Care_Outpatient_Uncategorized,,,,,,
19,1,Health_Care_Outpatient_Uncategorized,,,,,,
19,2,Health_Care_Outpatient_Uncategorized,,,,,,
19,3,Health_Care_Outpatient_Uncategorized,,,,,,
19,4,Health_Care_Outpatient_Uncategorized,,,,,,
19,5,Health_Care_Outpatient_Uncategorized,,,,,,
19,Aggregated,Health_Care_Outpatient_Uncategorized,,,,,,
19,Centralized,Health_Care_Outpatient_Uncategorized,,,,,,
20,0,Health_Care_Outpatient_Uncategorized,,,,,,
20,1,Health_Care_Outpatient_Uncategorized,,,,,,
20,2,Health_Care_Outpatient_Uncategorized,,,,,,
20,3,Health_Care_Outpatient_Uncategorized,,,,,,
20,4,Health_Care_Outpatient_Uncategorized,,,,,,
20,5,Health_Care_Outpatient_Uncategorized,,,,,,
20,Aggregated,Health_Care_Outpatient_Uncategorized,,,,,,
20,Centralized,Health_Care_Outpatient_Uncategorized,,,,,,
21,0,Health_Care_Outpatient_Uncategorized,,,,,,
21,1,Health_Care_Outpatient_Uncategorized,,,,,,
21,2,Health_Care_Outpatient_Uncategorized,,,,,,
21,3,Health_Care_Outpatient_Uncategorized,,,,,,
21,4,Health_Care_Outpatient_Uncategorized,,,,,,
21,5,Health_Care_Outpatient_Uncategorized,,,,,,
21,Aggregated,Health_Care_Outpatient_Uncategorized,,,,,,
21,Centralized,Health_Care_Outpatient_Uncategorized,,,,,,
22,0,Health_Care_Outpatient_Uncategorized,,,,,,
22,1,Health_Care_Outpatient_Uncategorized,,,,,,
22,2,Health_Care_Outpatient_Uncategorized,,,,,,
22,3,Health_Care_Outpatient_Uncategorized,,,,,,
22,4,Health_Care_Outpatient_Uncategorized,,,,,,
22,5,Health_Care_Outpatient_Uncategorized,,,,,,
22,Aggregated,Health_Care_Outpatient_Uncategorized,,,,,,
22,Centralized,Health_Care_Outpatient_Uncategorized,,,,,,
23,0,Health_Care_Outpatient_Uncategorized,,,,,,
23,1,Health_Care_Outpatient_Uncategorized,,,,,,
23,2,Health_Care_Outpatient_Uncategorized,,,,,,
23,3,Health_Care_Outpatient_Uncategorized,,,,,,
23,4,Health_Care_Outpatient_Uncategorized,,,,,,
23,5,Health_Care_Outpatient_Uncategorized,,,,,,
23,Aggregated,Health_Care_Outpatient_Uncategorized,,,,,,
23,Centralized,Health_Care_Outpatient_Uncategorized,,,,,,
24,0,Health_Care_Outpatient_Uncategorized,,,,,,
24,1,Health_Care_Outpatient_Uncategorized,,,,,,
24,2,Health_Care_Outpatient_Uncategorized,,,,,,
24,3,Health_Care_Outpatient_Uncategorized,,,,,,
24,4,Health_Care_Outpatient_Uncategorized,,,,,,
24,5,Health_Care_Outpatient_Uncategorized,,,,,,
24,Aggregated,Health_Care_Outpatient_Uncategorized,,,,,,
24,Centralized,Health_Care_Outpatient_Uncategorized,,,,,,
25,0,Health_Care_Outpatient_Uncategorized,,,,,,
25,1,Health_Care_Outpatient_Uncategorized,,,,,,
25,2,Health_Care_Outpatient_Uncategorized,,,,,,
25,3,Health_Care_Outpatient_Uncategorized,,,,,,
25,4,Health_Care_Outpatient_Uncategorized,,,,,,
25,5,Health_Care_Outpatient_Uncategorized,,,,,,
25,Aggregated,Health_Care_Outpatient_Uncategorized,,,,,,
25,Centralized,Health_Care_Outpatient_Uncategorized,,,,,,
26,0,Health_Care_Outpatient_Uncategorized,,,,,,
26,1,Health_Care_Outpatient_Uncategorized,,,,,,
26,2,Health_Care_Outpatient_Uncategorized,,,,,,
26,3,Health_Care_Outpatient_Uncategorized,,,,,,
26,4,Health_Care_Outpatient_Uncategorized,,,,,,
26,5,Health_Care_Outpatient_Uncategorized,,,,,,
26,Aggregated,Health_Care_Outpatient_Uncategorized,,,,,,
26,Centralized,Health_Care_Outpatient_Uncategorized,,,,,,
27,0,Health_Care_Outpatient_Uncategorized,,,,,,
27,1,Health_Care_Outpatient_Uncategorized,,,,,,
27,2,Health_Care_Outpatient_Uncategorized,,,,,,
27,3,Health_Care_Outpatient_Uncategorized,,,,,,
27,4,Health_Care_Outpatient_Uncategorized,,,,,,
27,5,Health_Care_Outpatient_Uncategorized,,,,,,
27,Aggregated,Health_Care_Outpatient_Uncategorized,,,,,,
27,Centralized,Health_Care_Outpatient_Uncategorized,,,,,,
28,0,Health_Care_Outpatient_Uncategorized,,,,,,
28,1,Health_Care_Outpatient_Uncategorized,,,,,,
28,2,Health_Care_Outpatient_Uncategorized,,,,,,
28,3,Health_Care_Outpatient_Uncategorized,,,,,,
28,4,Health_Care_Outpatient_Uncategorized,,,,,,
28,5,Health_Care_Outpatient_Uncategorized,,,,,,
28,Aggregated,Health_Care_Outpatient_Uncategorized,,,,,,
28,Centralized,Health_Care_Outpatient_Uncategorized,,,,,,
29,0,Health_Care_Outpatient_Uncategorized,,,,,,
29,1,Health_Care_Outpatient_Uncategorized,,,,,,
29,2,Health_Care_Outpatient_Uncategorized,,,,,,
29,3,Health_Care_Outpatient_Uncategorized,,,,,,
29,4,Health_Care_Outpatient_Uncategorized,,,,,,
29,5,Health_Care_Outpatient_Uncategorized,,,,,,
29,Aggregated,Health_Care_Outpatient_Uncategorized,,,,,,
29,Centralized,Health_Care_Outpatient_Uncategorized,,,,,,
30,0,Health_Care_Outpatient_Uncategorized,,,,,,
30,1,Health_Care_Outpatient_Uncategorized,,,,,,
30,2,Health_Care_Outpatient_Uncategorized,,,,,,
30,3,Health_Care_Outpatient_Uncategorized,,,,,,
30,4,Health_Care_Outpatient_Uncategorized,,,,,,
30,5,Health_Care_Outpatient_Uncategorized,,,,,,
30,Aggregated,Health_Care_Outpatient_Uncategorized,,,,,,
30,Centralized,Health_Care_Outpatient_Uncategorized,,,,,,
31,0,Health_Care_Outpatient_Uncategorized,,,,,,
31,1,Health_Care_Outpatient_Uncategorized,,,,,,
31,2,Health_Care_Outpatient_Uncategorized,,,,,,
31,3,Health_Care_Outpatient_Uncategorized,,,,,,
31,4,Health_Care_Outpatient_Uncategorized,,,,,,
31,5,Health_Care_Outpatient_Uncategorized,,,,,,
31,Aggregated,Health_Care_Outpatient_Uncategorized,,,,,,
31,Centralized,Health_Care_Outpatient_Uncategorized,,,,,,
32,0,Health_Care_Outpatient_Uncategorized,,,,,,
32,1,Health_Care_Outpatient_Uncategorized,,,,,,
32,2,Health_Care_Outpatient_Uncategorized,,,,,,
32,3,Health_Care_Outpatient_Uncategorized,,,,,,
32,4,Health_Care_Outpatient_Uncategorized,,,,,,
32,5,Health_Care_Outpatient_Uncategorized,,,,,,
32,Aggregated,Health_Care_Outpatient_Uncategorized,,,,,,
32,Centralized,Health_Care_Outpatient_Uncategorized,,,,,,
33,0,Health_Care_Outpatient_Uncategorized,,,,,,
33,1,Health_Care_Outpatient_Uncategorized,,,,,,
33,2,Health_Care_Outpatient_Uncategorized,,,,,,
33,3,Health_Care_Outpatient_Uncategorized,,,,,,
33,4,Health_Care_Outpatient_Uncategorized,,,,,,
33,5,Health_Care_Outpatient_Uncategorized,,,,,,
33,Aggregated,Health_Care_Outpatient_Uncategorized,,,,,,
33,Centralized,Health_Care_Outpatient_Uncategorized,,,,,,
34,0,Health_Care_Outpatient_Uncategorized,,,,,,
34,1,Health_Care_Outpatient_Uncategorized,,,,,,
34,2,Health_Care_Outpatient_Uncategorized,,,,,,
34,3,Health_Care_Outpatient_Uncategorized,,,,,,
34,4,Health_Care_Outpatient_Uncategorized,,,,,,
34,5,Health_Care_Outpatient_Uncategorized,,,,,,
34,Aggregated,Health_Care_Outpatient_Uncategorized,,,,,,
34,Centralized,Health_Care_Outpatient_Uncategorized,,,,,,
35,0,Health_Care_Outpatient_Uncategorized,,,,,,
35,1,Health_Care_Outpatient_Uncategorized,,,,,,
35,2,Health_Care_Outpatient_Uncategorized,,,,,,
35,3,Health_Care_Outpatient_Uncategorized,,,,,,
35,4,Health_Care_Outpatient_Uncategorized,,,,,,
35,5,Health_Care_Outpatient_Uncategorized,,,,,,
35,Aggregated,Health_Care_Outpatient_Uncategorized,,,,,,
35,Centralized,Health_Care_Outpatient_Uncategorized,,,,,,
36,0,Health_Care_Outpatient_Uncategorized,,,,,,
36,1,Health_Care_Outpatient_Uncategorized,,,,,,
36,2,Health_Care_Outpatient_Uncategorized,,,,,,
36,3,Health_Care_Outpatient_Uncategorized,,,,,,
36,4,Health_Care_Outpatient_Uncategorized,,,,,,
36,5,Health_Care_Outpatient_Uncategorized,,,,,,
36,Aggregated,Health_Care_Outpatient_Uncategorized,,,,,,
36,Centralized,Health_Care_Outpatient_Uncategorized,,,,,,
37,0,Health_Care_Outpatient_Uncategorized,,,,,,
37,1,Health_Care_Outpatient_Uncategorized,,,,,,
37,2,Health_Care_Outpatient_Uncategorized,,,,,,
37,3,Health_Care_Outpatient_Uncategorized,,,,,,
37,4,Health_Care_Outpatient_Uncategorized,,,,,,
37,5,Health_Care_Outpatient_Uncategorized,,,,,,
37,Aggregated,Health_Care_Outpatient_Uncategorized,,,,,,
37,Centralized,Health_Care_Outpatient_Uncategorized,,,,,,
38,0,Health_Care_Outpatient_Uncategorized,,,,,,
38,1,Health_Care_Outpatient_Uncategorized,,,,,,
38,2,Health_Care_Outpatient_Uncategorized,,,,,,
38,3,Health_Care_Outpatient_Uncategorized,,,,,,
38,4,Health_Care_Outpatient_Uncategorized,,,,,,
38,5,Health_Care_Outpatient_Uncategorized,,,,,,
38,Aggregated,Health_Care_Outpatient_Uncategorized,,,,,,
38,Centralized,Health_Care_Outpatient_Uncategorized,,,,,,
39,0,Health_Care_Outpatient_Uncategorized,,,,,,
39,1,Health_Care_Outpatient_Uncategorized,,,,,,
39,2,Health_Care_Outpatient_Uncategorized,,,,,,
39,3,Health_Care_Outpatient_Uncategorized,,,,,,
39,4,Health_Care_Outpatient_Uncategorized,,,,,,
39,5,Health_Care_Outpatient_Uncategorized,,,,,,
39,Aggregated,Health_Care_Outpatient_Uncategorized,,,,,,
39,Centralized,Health_Care_Outpatient_Uncategorized,,,,,,
40,0,Health_Care_Outpatient_Uncategorized,,,,,,
40,1,Health_Care_Outpatient_Uncategorized,,,,,,
40,2,Health_Care_Outpatient_Uncategorized,,,,,,
40,3,Health_Care_Outpatient_Uncategorized,,,,,,
40,4,Health_Care_Outpatient_Uncategorized,,,,,,
40,5,Health_Care_Outpatient_Uncategorized,,,,,,
40,Aggregated,Health_Care_Outpatient_Uncategorized,,,,,,
40,Centralized,Health_Care_Outpatient_Uncategorized,,,,,,
41,0,Health_Care_Outpatient_Uncategorized,,,,,,
41,1,Health_Care_Outpatient_Uncategorized,,,,,,
41,2,Health_Care_Outpatient_Uncategorized,,,,,,
41,3,Health_Care_Outpatient_Uncategorized,,,,,,
41,4,Health_Care_Outpatient_Uncategorized,,,,,,
41,5,Health_Care_Outpatient_Uncategorized,,,,,,
41,Aggregated,Health_Care_Outpatient_Uncategorized,,,,,,
41,Centralized,Health_Care_Outpatient_Uncategorized,,,,,,
42,0,Health_Care_Outpatient_Uncategorized,,,,,,
42,1,Health_Care_Outpatient_Uncategorized,,,,,,
42,2,Health_Care_Outpatient_Uncategorized,,,,,,
42,3,Health_Care_Outpatient_Uncategorized,,,,,,
42,4,Health_Care_Outpatient_Uncategorized,,,,,,
42,5,Health_Care_Outpatient_Uncategorized,,,,,,
42,Aggregated,Health_Care_Outpatient_Uncategorized,,,,,,
42,Centralized,Health_Care_Outpatient_Uncategorized,,,,,,
43,0,Health_Care_Outpatient_Uncategorized,,,,,,
43,1,Health_Care_Outpatient_Uncategorized,,,,,,
43,2,Health_Care_Outpatient_Uncategorized,,,,,,
43,3,Health_Care_Outpatient_Uncategorized,,,,,,
43,4,Health_Care_Outpatient_Uncategorized,,,,,,
43,5,Health_Care_Outpatient_Uncategorized,,,,,,
43,Aggregated,Health_Care_Outpatient_Uncategorized,,,,,,
43,Centralized,Health_Care_Outpatient_Uncategorized,,,,,,
44,0,Health_Care_Outpatient_Uncategorized,,,,,,
44,1,Health_Care_Outpatient_Uncategorized,,,,,,
44,2,Health_Care_Outpatient_Uncategorized,,,,,,
44,3,Health_Care_Outpatient_Uncategorized,,,,,,
44,4,Health_Care_Outpatient_Uncategorized,,,,,,
44,5,Health_Care_Outpatient_Uncategorized,,,,,,
44,Aggregated,Health_Care_Outpatient_Uncategorized,,,,,,
44,Centralized,Health_Care_Outpatient_Uncategorized,,,,,,
45,0,Health_Care_Outpatient_Uncategorized,,,,,,
45,1,Health_Care_Outpatient_Uncategorized,,,,,,
45,2,Health_Care_Outpatient_Uncategorized,,,,,,
45,3,Health_Care_Outpatient_Uncategorized,,,,,,
45,4,Health_Care_Outpatient_Uncategorized,,,,,,
45,5,Health_Care_Outpatient_Uncategorized,,,,,,
45,Aggregated,Health_Care_Outpatient_Uncategorized,,,,,,
45,Centralized,Health_Care_Outpatient_Uncategorized,,,,,,
46,0,Health_Care_Outpatient_Uncategorized,,,,,,
46,1,Health_Care_Outpatient_Uncategorized,,,,,,
46,2,Health_Care_Outpatient_Uncategorized,,,,,,
46,3,Health_Care_Outpatient_Uncategorized,,,,,,
46,4,Health_Care_Outpatient_Uncategorized,,,,,,
46,5,Health_Care_Outpatient_Uncategorized,,,,,,
46,Aggregated,Health_Care_Outpatient_Uncategorized,,,,,,
46,Centralized,Health_Care_Outpatient_Uncategorized,,,,,,
47,0,Health_Care_Outpatient_Uncategorized,,,,,,
47,1,Health_Care_Outpatient_Uncategorized,,,,,,
47,2,Health_Care_Outpatient_Uncategorized,,,,,,
47,3,Health_Care_Outpatient_Uncategorized,,,,,,
47,4,Health_Care_Outpatient_Uncategorized,,,,,,
47,5,Health_Care_Outpatient_Uncategorized,,,,,,
47,Aggregated,Health_Care_Outpatient_Uncategorized,,,,,,
47,Centralized,Health_Care_Outpatient_Uncategorized,,,,,,
48,0,Health_Care_Outpatient_Uncategorized,,,,,,
48,1,Health_Care_Outpatient_Uncategorized,,,,,,
48,2,Health_Care_Outpatient_Uncategorized,,,,,,
48,3,Health_Care_Outpatient_Uncategorized,,,,,,
48,4,Health_Care_Outpatient_Uncategorized,,,,,,
48,5,Health_Care_Outpatient_Uncategorized,,,,,,
48,Aggregated,Health_Care_Outpatient_Uncategorized,,,,,,
48,Centralized,Health_Care_Outpatient_Uncategorized,,,,,,
49,0,Health_Care_Outpatient_Uncategorized,,,,,,
49,1,Health_Care_Outpatient_Uncategorized,,,,,,
49,2,Health_Care_Outpatient_Uncategorized,,,,,,
49,3,Health_Care_Outpatient_Uncategorized,,,,,,
49,4,Health_Care_Outpatient_Uncategorized,,,,,,
49,5,Health_Care_Outpatient_Uncategorized,,,,,,
49,Aggregated,Health_Care_Outpatient_Uncategorized,,,,,,
49,Centralized,Health_Care_Outpatient_Uncategorized,,,,,,
50,0,Health_Care_Outpatient_Uncategorized,,,,,,
50,1,Health_Care_Outpatient_Uncategorized,,,,,,
50,2,Health_Care_Outpatient_Uncategorized,,,,,,
50,3,Health_Care_Outpatient_Uncategorized,,,,,,
50,4,Health_Care_Outpatient_Uncategorized,,,,,,
50,5,Health_Care_Outpatient_Uncategorized,,,,,,
50,Aggregated,Health_Care_Outpatient_Uncategorized,,,,,,
50,Centralized,Health_Care_Outpatient_Uncategorized,,,,,,
0,0,Office_Uncategorized,,,,,,
0,1,Office_Uncategorized,,,,,,
0,2,Office_Uncategorized,,,,,,
0,3,Office_Uncategorized,,,,,,
0,4,Office_Uncategorized,,,,,,
0,5,Office_Uncategorized,,,,,,
0,Aggregated,Office_Uncategorized,,,,,,
0,Centralized,Office_Uncategorized,,,,,,
1,0,Office_Uncategorized,,,,,,
1,1,Office_Uncategorized,,,,,,
1,2,Office_Uncategorized,,,,,,
1,3,Office_Uncategorized,,,,,,
1,4,Office_Uncategorized,,,,,,
1,5,Office_Uncategorized,,,,,,
1,Aggregated,Office_Uncategorized,,,,,,
1,Centralized,Office_Uncategorized,,,,,,
2,0,Office_Uncategorized,,,,,,
2,1,Office_Uncategorized,,,,,,
2,2,Office_Uncategorized,,,,,,
2,3,Office_Uncategorized,,,,,,
2,4,Office_Uncategorized,,,,,,
2,5,Office_Uncategorized,,,,,,
2,Aggregated,Office_Uncategorized,,,,,,
2,Centralized,Office_Uncategorized,,,,,,
3,0,Office_Uncategorized,,,,,,
3,1,Office_Uncategorized,,,,,,
3,2,Office_Uncategorized,,,,,,
3,3,Office_Uncategorized,,,,,,
3,4,Office_Uncategorized,,,,,,
3,5,Office_Uncategorized,,,,,,
3,Aggregated,Office_Uncategorized,,,,,,
3,Centralized,Office_Uncategorized,,,,,,
4,0,Office_Uncategorized,,,,,,
4,1,Office_Uncategorized,,,,,,
4,2,Office_Uncategorized,,,,,,
4,3,Office_Uncategorized,,,,,,
4,4,Office_Uncategorized,,,,,,
4,5,Office_Uncategorized,,,,,,
4,Aggregated,Office_Uncategorized,,,,,,
4,Centralized,Office_Uncategorized,,,,,,
5,0,Office_Uncategorized,,,,,,
5,1,Office_Uncategorized,,,,,,
5,2,Office_Uncategorized,,,,,,
5,3,Office_Uncategorized,,,,,,
5,4,Office_Uncategorized,,,,,,
5,5,Office_Uncategorized,,,,,,
5,Aggregated,Office_Uncategorized,,,,,,
5,Centralized,Office_Uncategorized,,,,,,
6,0,Office_Uncategorized,,,,,,
6,1,Office_Uncategorized,,,,,,
6,2,Office_Uncategorized,,,,,,
6,3,Office_Uncategorized,,,,,,
6,4,Office_Uncategorized,,,,,,
6,5,Office_Uncategorized,,,,,,
6,Aggregated,Office_Uncategorized,,,,,,
6,Centralized,Office_Uncategorized,,,,,,
7,0,Office_Uncategorized,,,,,,
7,1,Office_Uncategorized,,,,,,
7,2,Office_Uncategorized,,,,,,
7,3,Office_Uncategorized,,,,,,
7,4,Office_Uncategorized,,,,,,
7,5,Office_Uncategorized,,,,,,
7,Aggregated,Office_Uncategorized,,,,,,
7,Centralized,Office_Uncategorized,,,,,,
8,0,Office_Uncategorized,,,,,,
8,1,Office_Uncategorized,,,,,,
8,2,Office_Uncategorized,,,,,,
8,3,Office_Uncategorized,,,,,,
8,4,Office_Uncategorized,,,,,,
8,5,Office_Uncategorized,,,,,,
8,Aggregated,Office_Uncategorized,,,,,,
8,Centralized,Office_Uncategorized,,,,,,
9,0,Office_Uncategorized,,,,,,
9,1,Office_Uncategorized,,,,,,
9,2,Office_Uncategorized,,,,,,
9,3,Office_Uncategorized,,,,,,
9,4,Office_Uncategorized,,,,,,
9,5,Office_Uncategorized,,,,,,
9,Aggregated,Office_Uncategorized,,,,,,
9,Centralized,Office_Uncategorized,,,,,,
10,0,Office_Uncategorized,,,,,,
10,1,Office_Uncategorized,,,,,,
10,2,Office_Uncategorized,,,,,,
10,3,Office_Uncategorized,,,,,,
10,4,Office_Uncategorized,,,,,,
10,5,Office_Uncategorized,,,,,,
10,Aggregated,Office_Uncategorized,,,,,,
10,Centralized,Office_Uncategorized,,,,,,
11,0,Office_Uncategorized,,,,,,
11,1,Office_Uncategorized,,,,,,
11,2,Office_Uncategorized,,,,,,
11,3,Office_Uncategorized,,,,,,
11,4,Office_Uncategorized,,,,,,
11,5,Office_Uncategorized,,,,,,
11,Aggregated,Office_Uncategorized,,,,,,
11,Centralized,Office_Uncategorized,,,,,,
12,0,Office_Uncategorized,,,,,,
12,1,Office_Uncategorized,,,,,,
12,2,Office_Uncategorized,,,,,,
12,3,Office_Uncategorized,,,,,,
12,4,Office_Uncategorized,,,,,,
12,5,Office_Uncategorized,,,,,,
12,Aggregated,Office_Uncategorized,,,,,,
12,Centralized,Office_Uncategorized,,,,,,
13,0,Office_Uncategorized,,,,,,
13,1,Office_Uncategorized,,,,,,
13,2,Office_Uncategorized,,,,,,
13,3,Office_Uncategorized,,,,,,
13,4,Office_Uncategorized,,,,,,
13,5,Office_Uncategorized,,,,,,
13,Aggregated,Office_Uncategorized,,,,,,
13,Centralized,Office_Uncategorized,,,,,,
14,0,Office_Uncategorized,,,,,,
14,1,Office_Uncategorized,,,,,,
14,2,Office_Uncategorized,,,,,,
14,3,Office_Uncategorized,,,,,,
14,4,Office_Uncategorized,,,,,,
14,5,Office_Uncategorized,,,,,,
14,Aggregated,Office_Uncategorized,,,,,,
14,Centralized,Office_Uncategorized,,,,,,
15,0,Office_Uncategorized,,,,,,
15,1,Office_Uncategorized,,,,,,
15,2,Office_Uncategorized,,,,,,
15,3,Office_Uncategorized,,,,,,
15,4,Office_Uncategorized,,,,,,
15,5,Office_Uncategorized,,,,,,
15,Aggregated,Office_Uncategorized,,,,,,
15,Centralized,Office_Uncategorized,,,,,,
16,0,Office_Uncategorized,,,,,,
16,1,Office_Uncategorized,,,,,,
16,2,Office_Uncategorized,,,,,,
16,3,Office_Uncategorized,,,,,,
16,4,Office_Uncategorized,,,,,,
16,5,Office_Uncategorized,,,,,,
16,Aggregated,Office_Uncategorized,,,,,,
16,Centralized,Office_Uncategorized,,,,,,
17,0,Office_Uncategorized,,,,,,
17,1,Office_Uncategorized,,,,,,
17,2,Office_Uncategorized,,,,,,
17,3,Office_Uncategorized,,,,,,
17,4,Office_Uncategorized,,,,,,
17,5,Office_Uncategorized,,,,,,
17,Aggregated,Office_Uncategorized,,,,,,
17,Centralized,Office_Uncategorized,,,,,,
18,0,Office_Uncategorized,,,,,,
18,1,Office_Uncategorized,,,,,,
18,2,Office_Uncategorized,,,,,,
18,3,Office_Uncategorized,,,,,,
18,4,Office_Uncategorized,,,,,,
18,5,Office_Uncategorized,,,,,,
18,Aggregated,Office_Uncategorized,,,,,,
18,Centralized,Office_Uncategorized,,,,,,
19,0,Office_Uncategorized,,,,,,
19,1,Office_Uncategorized,,,,,,
19,2,Office_Uncategorized,,,,,,
19,3,Office_Uncategorized,,,,,,
19,4,Office_Uncategorized,,,,,,
19,5,Office_Uncategorized,,,,,,
19,Aggregated,Office_Uncategorized,,,,,,
19,Centralized,Office_Uncategorized,,,,,,
20,0,Office_Uncategorized,,,,,,
20,1,Office_Uncategorized,,,,,,
20,2,Office_Uncategorized,,,,,,
20,3,Office_Uncategorized,,,,,,
20,4,Office_Uncategorized,,,,,,
20,5,Office_Uncategorized,,,,,,
20,Aggregated,Office_Uncategorized,,,,,,
20,Centralized,Office_Uncategorized,,,,,,
21,0,Office_Uncategorized,,,,,,
21,1,Office_Uncategorized,,,,,,
21,2,Office_Uncategorized,,,,,,
21,3,Office_Uncategorized,,,,,,
21,4,Office_Uncategorized,,,,,,
21,5,Office_Uncategorized,,,,,,
21,Aggregated,Office_Uncategorized,,,,,,
21,Centralized,Office_Uncategorized,,,,,,
22,0,Office_Uncategorized,,,,,,
22,1,Office_Uncategorized,,,,,,
22,2,Office_Uncategorized,,,,,,
22,3,Office_Uncategorized,,,,,,
22,4,Office_Uncategorized,,,,,,
22,5,Office_Uncategorized,,,,,,
22,Aggregated,Office_Uncategorized,,,,,,
22,Centralized,Office_Uncategorized,,,,,,
23,0,Office_Uncategorized,,,,,,
23,1,Office_Uncategorized,,,,,,
23,2,Office_Uncategorized,,,,,,
23,3,Office_Uncategorized,,,,,,
23,4,Office_Uncategorized,,,,,,
23,5,Office_Uncategorized,,,,,,
23,Aggregated,Office_Uncategorized,,,,,,
23,Centralized,Office_Uncategorized,,,,,,
24,0,Office_Uncategorized,,,,,,
24,1,Office_Uncategorized,,,,,,
24,2,Office_Uncategorized,,,,,,
24,3,Office_Uncategorized,,,,,,
24,4,Office_Uncategorized,,,,,,
24,5,Office_Uncategorized,,,,,,
24,Aggregated,Office_Uncategorized,,,,,,
24,Centralized,Office_Uncategorized,,,,,,
25,0,Office_Uncategorized,,,,,,
25,1,Office_Uncategorized,,,,,,
25,2,Office_Uncategorized,,,,,,
25,3,Office_Uncategorized,,,,,,
25,4,Office_Uncategorized,,,,,,
25,5,Office_Uncategorized,,,,,,
25,Aggregated,Office_Uncategorized,,,,,,
25,Centralized,Office_Uncategorized,,,,,,
26,0,Office_Uncategorized,,,,,,
26,1,Office_Uncategorized,,,,,,
26,2,Office_Uncategorized,,,,,,
26,3,Office_Uncategorized,,,,,,
26,4,Office_Uncategorized,,,,,,
26,5,Office_Uncategorized,,,,,,
26,Aggregated,Office_Uncategorized,,,,,,
26,Centralized,Office_Uncategorized,,,,,,
27,0,Office_Uncategorized,,,,,,
27,1,Office_Uncategorized,,,,,,
27,2,Office_Uncategorized,,,,,,
27,3,Office_Uncategorized,,,,,,
27,4,Office_Uncategorized,,,,,,
27,5,Office_Uncategorized,,,,,,
27,Aggregated,Office_Uncategorized,,,,,,
27,Centralized,Office_Uncategorized,,,,,,
28,0,Office_Uncategorized,,,,,,
28,1,Office_Uncategorized,,,,,,
28,2,Office_Uncategorized,,,,,,
28,3,Office_Uncategorized,,,,,,
28,4,Office_Uncategorized,,,,,,
28,5,Office_Uncategorized,,,,,,
28,Aggregated,Office_Uncategorized,,,,,,
28,Centralized,Office_Uncategorized,,,,,,
29,0,Office_Uncategorized,,,,,,
29,1,Office_Uncategorized,,,,,,
29,2,Office_Uncategorized,,,,,,
29,3,Office_Uncategorized,,,,,,
29,4,Office_Uncategorized,,,,,,
29,5,Office_Uncategorized,,,,,,
29,Aggregated,Office_Uncategorized,,,,,,
29,Centralized,Office_Uncategorized,,,,,,
30,0,Office_Uncategorized,,,,,,
30,1,Office_Uncategorized,,,,,,
30,2,Office_Uncategorized,,,,,,
30,3,Office_Uncategorized,,,,,,
30,4,Office_Uncategorized,,,,,,
30,5,Office_Uncategorized,,,,,,
30,Aggregated,Office_Uncategorized,,,,,,
30,Centralized,Office_Uncategorized,,,,,,
31,0,Office_Uncategorized,,,,,,
31,1,Office_Uncategorized,,,,,,
31,2,Office_Uncategorized,,,,,,
31,3,Office_Uncategorized,,,,,,
31,4,Office_Uncategorized,,,,,,
31,5,Office_Uncategorized,,,,,,
31,Aggregated,Office_Uncategorized,,,,,,
31,Centralized,Office_Uncategorized,,,,,,
32,0,Office_Uncategorized,,,,,,
32,1,Office_Uncategorized,,,,,,
32,2,Office_Uncategorized,,,,,,
32,3,Office_Uncategorized,,,,,,
32,4,Office_Uncategorized,,,,,,
32,5,Office_Uncategorized,,,,,,
32,Aggregated,Office_Uncategorized,,,,,,
32,Centralized,Office_Uncategorized,,,,,,
33,0,Office_Uncategorized,,,,,,
33,1,Office_Uncategorized,,,,,,
33,2,Office_Uncategorized,,,,,,
33,3,Office_Uncategorized,,,,,,
33,4,Office_Uncategorized,,,,,,
33,5,Office_Uncategorized,,,,,,
33,Aggregated,Office_Uncategorized,,,,,,
33,Centralized,Office_Uncategorized,,,,,,
34,0,Office_Uncategorized,,,,,,
34,1,Office_Uncategorized,,,,,,
34,2,Office_Uncategorized,,,,,,
34,3,Office_Uncategorized,,,,,,
34,4,Office_Uncategorized,,,,,,
34,5,Office_Uncategorized,,,,,,
34,Aggregated,Office_Uncategorized,,,,,,
34,Centralized,Office_Uncategorized,,,,,,
35,0,Office_Uncategorized,,,,,,
35,1,Office_Uncategorized,,,,,,
35,2,Office_Uncategorized,,,,,,
35,3,Office_Uncategorized,,,,,,
35,4,Office_Uncategorized,,,,,,
35,5,Office_Uncategorized,,,,,,
35,Aggregated,Office_Uncategorized,,,,,,
35,Centralized,Office_Uncategorized,,,,,,
36,0,Office_Uncategorized,,,,,,
36,1,Office_Uncategorized,,,,,,
36,2,Office_Uncategorized,,,,,,
36,3,Office_Uncategorized,,,,,,
36,4,Office_Uncategorized,,,,,,
36,5,Office_Uncategorized,,,,,,
36,Aggregated,Office_Uncategorized,,,,,,
36,Centralized,Office_Uncategorized,,,,,,
37,0,Office_Uncategorized,,,,,,
37,1,Office_Uncategorized,,,,,,
37,2,Office_Uncategorized,,,,,,
37,3,Office_Uncategorized,,,,,,
37,4,Office_Uncategorized,,,,,,
37,5,Office_Uncategorized,,,,,,
37,Aggregated,Office_Uncategorized,,,,,,
37,Centralized,Office_Uncategorized,,,,,,
38,0,Office_Uncategorized,,,,,,
38,1,Office_Uncategorized,,,,,,
38,2,Office_Uncategorized,,,,,,
38,3,Office_Uncategorized,,,,,,
38,4,Office_Uncategorized,,,,,,
38,5,Office_Uncategorized,,,,,,
38,Aggregated,Office_Uncategorized,,,,,,
38,Centralized,Office_Uncategorized,,,,,,
39,0,Office_Uncategorized,,,,,,
39,1,Office_Uncategorized,,,,,,
39,2,Office_Uncategorized,,,,,,
39,3,Office_Uncategorized,,,,,,
39,4,Office_Uncategorized,,,,,,
39,5,Office_Uncategorized,,,,,,
39,Aggregated,Office_Uncategorized,,,,,,
39,Centralized,Office_Uncategorized,,,,,,
40,0,Office_Uncategorized,,,,,,
40,1,Office_Uncategorized,,,,,,
40,2,Office_Uncategorized,,,,,,
40,3,Office_Uncategorized,,,,,,
40,4,Office_Uncategorized,,,,,,
40,5,Office_Uncategorized,,,,,,
40,Aggregated,Office_Uncategorized,,,,,,
40,Centralized,Office_Uncategorized,,,,,,
41,0,Office_Uncategorized,,,,,,
41,1,Office_Uncategorized,,,,,,
41,2,Office_Uncategorized,,,,,,
41,3,Office_Uncategorized,,,,,,
41,4,Office_Uncategorized,,,,,,
41,5,Office_Uncategorized,,,,,,
41,Aggregated,Office_Uncategorized,,,,,,
41,Centralized,Office_Uncategorized,,,,,,
42,0,Office_Uncategorized,,,,,,
42,1,Office_Uncategorized,,,,,,
42,2,Office_Uncategorized,,,,,,
42,3,Office_Uncategorized,,,,,,
42,4,Office_Uncategorized,,,,,,
42,5,Office_Uncategorized,,,,,,
42,Aggregated,Office_Uncategorized,,,,,,
42,Centralized,Office_Uncategorized,,,,,,
43,0,Office_Uncategorized,,,,,,
43,1,Office_Uncategorized,,,,,,
43,2,Office_Uncategorized,,,,,,
43,3,Office_Uncategorized,,,,,,
43,4,Office_Uncategorized,,,,,,
43,5,Office_Uncategorized,,,,,,
43,Aggregated,Office_Uncategorized,,,,,,
43,Centralized,Office_Uncategorized,,,,,,
44,0,Office_Uncategorized,,,,,,
44,1,Office_Uncategorized,,,,,,
44,2,Office_Uncategorized,,,,,,
44,3,Office_Uncategorized,,,,,,
44,4,Office_Uncategorized,,,,,,
44,5,Office_Uncategorized,,,,,,
44,Aggregated,Office_Uncategorized,,,,,,
44,Centralized,Office_Uncategorized,,,,,,
45,0,Office_Uncategorized,,,,,,
45,1,Office_Uncategorized,,,,,,
45,2,Office_Uncategorized,,,,,,
45,3,Office_Uncategorized,,,,,,
45,4,Office_Uncategorized,,,,,,
45,5,Office_Uncategorized,,,,,,
45,Aggregated,Office_Uncategorized,,,,,,
45,Centralized,Office_Uncategorized,,,,,,
46,0,Office_Uncategorized,,,,,,
46,1,Office_Uncategorized,,,,,,
46,2,Office_Uncategorized,,,,,,
46,3,Office_Uncategorized,,,,,,
46,4,Office_Uncategorized,,,,,,
46,5,Office_Uncategorized,,,,,,
46,Aggregated,Office_Uncategorized,,,,,,
46,Centralized,Office_Uncategorized,,,,,,
47,0,Office_Uncategorized,,,,,,
47,1,Office_Uncategorized,,,,,,
47,2,Office_Uncategorized,,,,,,
47,3,Office_Uncategorized,,,,,,
47,4,Office_Uncategorized,,,,,,
47,5,Office_Uncategorized,,,,,,
47,Aggregated,Office_Uncategorized,,,,,,
47,Centralized,Office_Uncategorized,,,,,,
48,0,Office_Uncategorized,,,,,,
48,1,Office_Uncategorized,,,,,,
48,2,Office_Uncategorized,,,,,,
48,3,Office_Uncategorized,,,,,,
48,4,Office_Uncategorized,,,,,,
48,5,Office_Uncategorized,,,,,,
48,Aggregated,Office_Uncategorized,,,,,,
48,Centralized,Office_Uncategorized,,,,,,
49,0,Office_Uncategorized,,,,,,
49,1,Office_Uncategorized,,,,,,
49,2,Office_Uncategorized,,,,,,
49,3,Office_Uncategorized,,,,,,
49,4,Office_Uncategorized,,,,,,
49,5,Office_Uncategorized,,,,,,
49,Aggregated,Office_Uncategorized,,,,,,
49,Centralized,Office_Uncategorized,,,,,,
50,0,Office_Uncategorized,,,,,,
50,1,Office_Uncategorized,,,,,,
50,2,Office_Uncategorized,,,,,,
50,3,Office_Uncategorized,,,,,,
50,4,Office_Uncategorized,,,,,,
50,5,Office_Uncategorized,,,,,,
50,Aggregated,Office_Uncategorized,,,,,,
50,Centralized,Office_Uncategorized,,,,,,
0,0,Education_Preschool_or_daycare,,,,,,
0,1,Education_Preschool_or_daycare,,,,,,
0,2,Education_Preschool_or_daycare,,,,,,
0,3,Education_Preschool_or_daycare,,,,,,
0,4,Education_Preschool_or_daycare,,,,,,
0,5,Education_Preschool_or_daycare,,,,,,
0,Aggregated,Education_Preschool_or_daycare,,,,,,
0,Centralized,Education_Preschool_or_daycare,,,,,,
1,0,Education_Preschool_or_daycare,,,,,,
1,1,Education_Preschool_or_daycare,,,,,,
1,2,Education_Preschool_or_daycare,,,,,,
1,3,Education_Preschool_or_daycare,,,,,,
1,4,Education_Preschool_or_daycare,,,,,,
1,5,Education_Preschool_or_daycare,,,,,,
1,Aggregated,Education_Preschool_or_daycare,,,,,,
1,Centralized,Education_Preschool_or_daycare,,,,,,
2,0,Education_Preschool_or_daycare,,,,,,
2,1,Education_Preschool_or_daycare,,,,,,
2,2,Education_Preschool_or_daycare,,,,,,
2,3,Education_Preschool_or_daycare,,,,,,
2,4,Education_Preschool_or_daycare,,,,,,
2,5,Education_Preschool_or_daycare,,,,,,
2,Aggregated,Education_Preschool_or_daycare,,,,,,
2,Centralized,Education_Preschool_or_daycare,,,,,,
3,0,Education_Preschool_or_daycare,,,,,,
3,1,Education_Preschool_or_daycare,,,,,,
3,2,Education_Preschool_or_daycare,,,,,,
3,3,Education_Preschool_or_daycare,,,,,,
3,4,Education_Preschool_or_daycare,,,,,,
3,5,Education_Preschool_or_daycare,,,,,,
3,Aggregated,Education_Preschool_or_daycare,,,,,,
3,Centralized,Education_Preschool_or_daycare,,,,,,
4,0,Education_Preschool_or_daycare,,,,,,
4,1,Education_Preschool_or_daycare,,,,,,
4,2,Education_Preschool_or_daycare,,,,,,
4,3,Education_Preschool_or_daycare,,,,,,
4,4,Education_Preschool_or_daycare,,,,,,
4,5,Education_Preschool_or_daycare,,,,,,
4,Aggregated,Education_Preschool_or_daycare,,,,,,
4,Centralized,Education_Preschool_or_daycare,,,,,,
5,0,Education_Preschool_or_daycare,,,,,,
5,1,Education_Preschool_or_daycare,,,,,,
5,2,Education_Preschool_or_daycare,,,,,,
5,3,Education_Preschool_or_daycare,,,,,,
5,4,Education_Preschool_or_daycare,,,,,,
5,5,Education_Preschool_or_daycare,,,,,,
5,Aggregated,Education_Preschool_or_daycare,,,,,,
5,Centralized,Education_Preschool_or_daycare,,,,,,
6,0,Education_Preschool_or_daycare,,,,,,
6,1,Education_Preschool_or_daycare,,,,,,
6,2,Education_Preschool_or_daycare,,,,,,
6,3,Education_Preschool_or_daycare,,,,,,
6,4,Education_Preschool_or_daycare,,,,,,
6,5,Education_Preschool_or_daycare,,,,,,
6,Aggregated,Education_Preschool_or_daycare,,,,,,
6,Centralized,Education_Preschool_or_daycare,,,,,,
7,0,Education_Preschool_or_daycare,,,,,,
7,1,Education_Preschool_or_daycare,,,,,,
7,2,Education_Preschool_or_daycare,,,,,,
7,3,Education_Preschool_or_daycare,,,,,,
7,4,Education_Preschool_or_daycare,,,,,,
7,5,Education_Preschool_or_daycare,,,,,,
7,Aggregated,Education_Preschool_or_daycare,,,,,,
7,Centralized,Education_Preschool_or_daycare,,,,,,
8,0,Education_Preschool_or_daycare,,,,,,
8,1,Education_Preschool_or_daycare,,,,,,
8,2,Education_Preschool_or_daycare,,,,,,
8,3,Education_Preschool_or_daycare,,,,,,
8,4,Education_Preschool_or_daycare,,,,,,
8,5,Education_Preschool_or_daycare,,,,,,
8,Aggregated,Education_Preschool_or_daycare,,,,,,
8,Centralized,Education_Preschool_or_daycare,,,,,,
9,0,Education_Preschool_or_daycare,,,,,,
9,1,Education_Preschool_or_daycare,,,,,,
9,2,Education_Preschool_or_daycare,,,,,,
9,3,Education_Preschool_or_daycare,,,,,,
9,4,Education_Preschool_or_daycare,,,,,,
9,5,Education_Preschool_or_daycare,,,,,,
9,Aggregated,Education_Preschool_or_daycare,,,,,,
9,Centralized,Education_Preschool_or_daycare,,,,,,
10,0,Education_Preschool_or_daycare,,,,,,
10,1,Education_Preschool_or_daycare,,,,,,
10,2,Education_Preschool_or_daycare,,,,,,
10,3,Education_Preschool_or_daycare,,,,,,
10,4,Education_Preschool_or_daycare,,,,,,
10,5,Education_Preschool_or_daycare,,,,,,
10,Aggregated,Education_Preschool_or_daycare,,,,,,
10,Centralized,Education_Preschool_or_daycare,,,,,,
11,0,Education_Preschool_or_daycare,,,,,,
11,1,Education_Preschool_or_daycare,,,,,,
11,2,Education_Preschool_or_daycare,,,,,,
11,3,Education_Preschool_or_daycare,,,,,,
11,4,Education_Preschool_or_daycare,,,,,,
11,5,Education_Preschool_or_daycare,,,,,,
11,Aggregated,Education_Preschool_or_daycare,,,,,,
11,Centralized,Education_Preschool_or_daycare,,,,,,
12,0,Education_Preschool_or_daycare,,,,,,
12,1,Education_Preschool_or_daycare,,,,,,
12,2,Education_Preschool_or_daycare,,,,,,
12,3,Education_Preschool_or_daycare,,,,,,
12,4,Education_Preschool_or_daycare,,,,,,
12,5,Education_Preschool_or_daycare,,,,,,
12,Aggregated,Education_Preschool_or_daycare,,,,,,
12,Centralized,Education_Preschool_or_daycare,,,,,,
13,0,Education_Preschool_or_daycare,,,,,,
13,1,Education_Preschool_or_daycare,,,,,,
13,2,Education_Preschool_or_daycare,,,,,,
13,3,Education_Preschool_or_daycare,,,,,,
13,4,Education_Preschool_or_daycare,,,,,,
13,5,Education_Preschool_or_daycare,,,,,,
13,Aggregated,Education_Preschool_or_daycare,,,,,,
13,Centralized,Education_Preschool_or_daycare,,,,,,
14,0,Education_Preschool_or_daycare,,,,,,
14,1,Education_Preschool_or_daycare,,,,,,
14,2,Education_Preschool_or_daycare,,,,,,
14,3,Education_Preschool_or_daycare,,,,,,
14,4,Education_Preschool_or_daycare,,,,,,
14,5,Education_Preschool_or_daycare,,,,,,
14,Aggregated,Education_Preschool_or_daycare,,,,,,
14,Centralized,Education_Preschool_or_daycare,,,,,,
15,0,Education_Preschool_or_daycare,,,,,,
15,1,Education_Preschool_or_daycare,,,,,,
15,2,Education_Preschool_or_daycare,,,,,,
15,3,Education_Preschool_or_daycare,,,,,,
15,4,Education_Preschool_or_daycare,,,,,,
15,5,Education_Preschool_or_daycare,,,,,,
15,Aggregated,Education_Preschool_or_daycare,,,,,,
15,Centralized,Education_Preschool_or_daycare,,,,,,
16,0,Education_Preschool_or_daycare,,,,,,
16,1,Education_Preschool_or_daycare,,,,,,
16,2,Education_Preschool_or_daycare,,,,,,
16,3,Education_Preschool_or_daycare,,,,,,
16,4,Education_Preschool_or_daycare,,,,,,
16,5,Education_Preschool_or_daycare,,,,,,
16,Aggregated,Education_Preschool_or_daycare,,,,,,
16,Centralized,Education_Preschool_or_daycare,,,,,,
17,0,Education_Preschool_or_daycare,,,,,,
17,1,Education_Preschool_or_daycare,,,,,,
17,2,Education_Preschool_or_daycare,,,,,,
17,3,Education_Preschool_or_daycare,,,,,,
17,4,Education_Preschool_or_daycare,,,,,,
17,5,Education_Preschool_or_daycare,,,,,,
17,Aggregated,Education_Preschool_or_daycare,,,,,,
17,Centralized,Education_Preschool_or_daycare,,,,,,
18,0,Education_Preschool_or_daycare,,,,,,
18,1,Education_Preschool_or_daycare,,,,,,
18,2,Education_Preschool_or_daycare,,,,,,
18,3,Education_Preschool_or_daycare,,,,,,
18,4,Education_Preschool_or_daycare,,,,,,
18,5,Education_Preschool_or_daycare,,,,,,
18,Aggregated,Education_Preschool_or_daycare,,,,,,
18,Centralized,Education_Preschool_or_daycare,,,,,,
19,0,Education_Preschool_or_daycare,,,,,,
19,1,Education_Preschool_or_daycare,,,,,,
19,2,Education_Preschool_or_daycare,,,,,,
19,3,Education_Preschool_or_daycare,,,,,,
19,4,Education_Preschool_or_daycare,,,,,,
19,5,Education_Preschool_or_daycare,,,,,,
19,Aggregated,Education_Preschool_or_daycare,,,,,,
19,Centralized,Education_Preschool_or_daycare,,,,,,
20,0,Education_Preschool_or_daycare,,,,,,
20,1,Education_Preschool_or_daycare,,,,,,
20,2,Education_Preschool_or_daycare,,,,,,
20,3,Education_Preschool_or_daycare,,,,,,
20,4,Education_Preschool_or_daycare,,,,,,
20,5,Education_Preschool_or_daycare,,,,,,
20,Aggregated,Education_Preschool_or_daycare,,,,,,
20,Centralized,Education_Preschool_or_daycare,,,,,,
21,0,Education_Preschool_or_daycare,,,,,,
21,1,Education_Preschool_or_daycare,,,,,,
21,2,Education_Preschool_or_daycare,,,,,,
21,3,Education_Preschool_or_daycare,,,,,,
21,4,Education_Preschool_or_daycare,,,,,,
21,5,Education_Preschool_or_daycare,,,,,,
21,Aggregated,Education_Preschool_or_daycare,,,,,,
21,Centralized,Education_Preschool_or_daycare,,,,,,
22,0,Education_Preschool_or_daycare,,,,,,
22,1,Education_Preschool_or_daycare,,,,,,
22,2,Education_Preschool_or_daycare,,,,,,
22,3,Education_Preschool_or_daycare,,,,,,
22,4,Education_Preschool_or_daycare,,,,,,
22,5,Education_Preschool_or_daycare,,,,,,
22,Aggregated,Education_Preschool_or_daycare,,,,,,
22,Centralized,Education_Preschool_or_daycare,,,,,,
23,0,Education_Preschool_or_daycare,,,,,,
23,1,Education_Preschool_or_daycare,,,,,,
23,2,Education_Preschool_or_daycare,,,,,,
23,3,Education_Preschool_or_daycare,,,,,,
23,4,Education_Preschool_or_daycare,,,,,,
23,5,Education_Preschool_or_daycare,,,,,,
23,Aggregated,Education_Preschool_or_daycare,,,,,,
23,Centralized,Education_Preschool_or_daycare,,,,,,
24,0,Education_Preschool_or_daycare,,,,,,
24,1,Education_Preschool_or_daycare,,,,,,
24,2,Education_Preschool_or_daycare,,,,,,
24,3,Education_Preschool_or_daycare,,,,,,
24,4,Education_Preschool_or_daycare,,,,,,
24,5,Education_Preschool_or_daycare,,,,,,
24,Aggregated,Education_Preschool_or_daycare,,,,,,
24,Centralized,Education_Preschool_or_daycare,,,,,,
25,0,Education_Preschool_or_daycare,,,,,,
25,1,Education_Preschool_or_daycare,,,,,,
25,2,Education_Preschool_or_daycare,,,,,,
25,3,Education_Preschool_or_daycare,,,,,,
25,4,Education_Preschool_or_daycare,,,,,,
25,5,Education_Preschool_or_daycare,,,,,,
25,Aggregated,Education_Preschool_or_daycare,,,,,,
25,Centralized,Education_Preschool_or_daycare,,,,,,
26,0,Education_Preschool_or_daycare,,,,,,
26,1,Education_Preschool_or_daycare,,,,,,
26,2,Education_Preschool_or_daycare,,,,,,
26,3,Education_Preschool_or_daycare,,,,,,
26,4,Education_Preschool_or_daycare,,,,,,
26,5,Education_Preschool_or_daycare,,,,,,
26,Aggregated,Education_Preschool_or_daycare,,,,,,
26,Centralized,Education_Preschool_or_daycare,,,,,,
27,0,Education_Preschool_or_daycare,,,,,,
27,1,Education_Preschool_or_daycare,,,,,,
27,2,Education_Preschool_or_daycare,,,,,,
27,3,Education_Preschool_or_daycare,,,,,,
27,4,Education_Preschool_or_daycare,,,,,,
27,5,Education_Preschool_or_daycare,,,,,,
27,Aggregated,Education_Preschool_or_daycare,,,,,,
27,Centralized,Education_Preschool_or_daycare,,,,,,
28,0,Education_Preschool_or_daycare,,,,,,
28,1,Education_Preschool_or_daycare,,,,,,
28,2,Education_Preschool_or_daycare,,,,,,
28,3,Education_Preschool_or_daycare,,,,,,
28,4,Education_Preschool_or_daycare,,,,,,
28,5,Education_Preschool_or_daycare,,,,,,
28,Aggregated,Education_Preschool_or_daycare,,,,,,
28,Centralized,Education_Preschool_or_daycare,,,,,,
29,0,Education_Preschool_or_daycare,,,,,,
29,1,Education_Preschool_or_daycare,,,,,,
29,2,Education_Preschool_or_daycare,,,,,,
29,3,Education_Preschool_or_daycare,,,,,,
29,4,Education_Preschool_or_daycare,,,,,,
29,5,Education_Preschool_or_daycare,,,,,,
29,Aggregated,Education_Preschool_or_daycare,,,,,,
29,Centralized,Education_Preschool_or_daycare,,,,,,
30,0,Education_Preschool_or_daycare,,,,,,
30,1,Education_Preschool_or_daycare,,,,,,
30,2,Education_Preschool_or_daycare,,,,,,
30,3,Education_Preschool_or_daycare,,,,,,
30,4,Education_Preschool_or_daycare,,,,,,
30,5,Education_Preschool_or_daycare,,,,,,
30,Aggregated,Education_Preschool_or_daycare,,,,,,
30,Centralized,Education_Preschool_or_daycare,,,,,,
31,0,Education_Preschool_or_daycare,,,,,,
31,1,Education_Preschool_or_daycare,,,,,,
31,2,Education_Preschool_or_daycare,,,,,,
31,3,Education_Preschool_or_daycare,,,,,,
31,4,Education_Preschool_or_daycare,,,,,,
31,5,Education_Preschool_or_daycare,,,,,,
31,Aggregated,Education_Preschool_or_daycare,,,,,,
31,Centralized,Education_Preschool_or_daycare,,,,,,
32,0,Education_Preschool_or_daycare,,,,,,
32,1,Education_Preschool_or_daycare,,,,,,
32,2,Education_Preschool_or_daycare,,,,,,
32,3,Education_Preschool_or_daycare,,,,,,
32,4,Education_Preschool_or_daycare,,,,,,
32,5,Education_Preschool_or_daycare,,,,,,
32,Aggregated,Education_Preschool_or_daycare,,,,,,
32,Centralized,Education_Preschool_or_daycare,,,,,,
33,0,Education_Preschool_or_daycare,,,,,,
33,1,Education_Preschool_or_daycare,,,,,,
33,2,Education_Preschool_or_daycare,,,,,,
33,3,Education_Preschool_or_daycare,,,,,,
33,4,Education_Preschool_or_daycare,,,,,,
33,5,Education_Preschool_or_daycare,,,,,,
33,Aggregated,Education_Preschool_or_daycare,,,,,,
33,Centralized,Education_Preschool_or_daycare,,,,,,
34,0,Education_Preschool_or_daycare,,,,,,
34,1,Education_Preschool_or_daycare,,,,,,
34,2,Education_Preschool_or_daycare,,,,,,
34,3,Education_Preschool_or_daycare,,,,,,
34,4,Education_Preschool_or_daycare,,,,,,
34,5,Education_Preschool_or_daycare,,,,,,
34,Aggregated,Education_Preschool_or_daycare,,,,,,
34,Centralized,Education_Preschool_or_daycare,,,,,,
35,0,Education_Preschool_or_daycare,,,,,,
35,1,Education_Preschool_or_daycare,,,,,,
35,2,Education_Preschool_or_daycare,,,,,,
35,3,Education_Preschool_or_daycare,,,,,,
35,4,Education_Preschool_or_daycare,,,,,,
35,5,Education_Preschool_or_daycare,,,,,,
35,Aggregated,Education_Preschool_or_daycare,,,,,,
35,Centralized,Education_Preschool_or_daycare,,,,,,
36,0,Education_Preschool_or_daycare,,,,,,
36,1,Education_Preschool_or_daycare,,,,,,
36,2,Education_Preschool_or_daycare,,,,,,
36,3,Education_Preschool_or_daycare,,,,,,
36,4,Education_Preschool_or_daycare,,,,,,
36,5,Education_Preschool_or_daycare,,,,,,
36,Aggregated,Education_Preschool_or_daycare,,,,,,
36,Centralized,Education_Preschool_or_daycare,,,,,,
37,0,Education_Preschool_or_daycare,,,,,,
37,1,Education_Preschool_or_daycare,,,,,,
37,2,Education_Preschool_or_daycare,,,,,,
37,3,Education_Preschool_or_daycare,,,,,,
37,4,Education_Preschool_or_daycare,,,,,,
37,5,Education_Preschool_or_daycare,,,,,,
37,Aggregated,Education_Preschool_or_daycare,,,,,,
37,Centralized,Education_Preschool_or_daycare,,,,,,
38,0,Education_Preschool_or_daycare,,,,,,
38,1,Education_Preschool_or_daycare,,,,,,
38,2,Education_Preschool_or_daycare,,,,,,
38,3,Education_Preschool_or_daycare,,,,,,
38,4,Education_Preschool_or_daycare,,,,,,
38,5,Education_Preschool_or_daycare,,,,,,
38,Aggregated,Education_Preschool_or_daycare,,,,,,
38,Centralized,Education_Preschool_or_daycare,,,,,,
39,0,Education_Preschool_or_daycare,,,,,,
39,1,Education_Preschool_or_daycare,,,,,,
39,2,Education_Preschool_or_daycare,,,,,,
39,3,Education_Preschool_or_daycare,,,,,,
39,4,Education_Preschool_or_daycare,,,,,,
39,5,Education_Preschool_or_daycare,,,,,,
39,Aggregated,Education_Preschool_or_daycare,,,,,,
39,Centralized,Education_Preschool_or_daycare,,,,,,
40,0,Education_Preschool_or_daycare,,,,,,
40,1,Education_Preschool_or_daycare,,,,,,
40,2,Education_Preschool_or_daycare,,,,,,
40,3,Education_Preschool_or_daycare,,,,,,
40,4,Education_Preschool_or_daycare,,,,,,
40,5,Education_Preschool_or_daycare,,,,,,
40,Aggregated,Education_Preschool_or_daycare,,,,,,
40,Centralized,Education_Preschool_or_daycare,,,,,,
41,0,Education_Preschool_or_daycare,,,,,,
41,1,Education_Preschool_or_daycare,,,,,,
41,2,Education_Preschool_or_daycare,,,,,,
41,3,Education_Preschool_or_daycare,,,,,,
41,4,Education_Preschool_or_daycare,,,,,,
41,5,Education_Preschool_or_daycare,,,,,,
41,Aggregated,Education_Preschool_or_daycare,,,,,,
41,Centralized,Education_Preschool_or_daycare,,,,,,
42,0,Education_Preschool_or_daycare,,,,,,
42,1,Education_Preschool_or_daycare,,,,,,
42,2,Education_Preschool_or_daycare,,,,,,
42,3,Education_Preschool_or_daycare,,,,,,
42,4,Education_Preschool_or_daycare,,,,,,
42,5,Education_Preschool_or_daycare,,,,,,
42,Aggregated,Education_Preschool_or_daycare,,,,,,
42,Centralized,Education_Preschool_or_daycare,,,,,,
43,0,Education_Preschool_or_daycare,,,,,,
43,1,Education_Preschool_or_daycare,,,,,,
43,2,Education_Preschool_or_daycare,,,,,,
43,3,Education_Preschool_or_daycare,,,,,,
43,4,Education_Preschool_or_daycare,,,,,,
43,5,Education_Preschool_or_daycare,,,,,,
43,Aggregated,Education_Preschool_or_daycare,,,,,,
43,Centralized,Education_Preschool_or_daycare,,,,,,
44,0,Education_Preschool_or_daycare,,,,,,
44,1,Education_Preschool_or_daycare,,,,,,
44,2,Education_Preschool_or_daycare,,,,,,
44,3,Education_Preschool_or_daycare,,,,,,
44,4,Education_Preschool_or_daycare,,,,,,
44,5,Education_Preschool_or_daycare,,,,,,
44,Aggregated,Education_Preschool_or_daycare,,,,,,
44,Centralized,Education_Preschool_or_daycare,,,,,,
45,0,Education_Preschool_or_daycare,,,,,,
45,1,Education_Preschool_or_daycare,,,,,,
45,2,Education_Preschool_or_daycare,,,,,,
45,3,Education_Preschool_or_daycare,,,,,,
45,4,Education_Preschool_or_daycare,,,,,,
45,5,Education_Preschool_or_daycare,,,,,,
45,Aggregated,Education_Preschool_or_daycare,,,,,,
45,Centralized,Education_Preschool_or_daycare,,,,,,
46,0,Education_Preschool_or_daycare,,,,,,
46,1,Education_Preschool_or_daycare,,,,,,
46,2,Education_Preschool_or_daycare,,,,,,
46,3,Education_Preschool_or_daycare,,,,,,
46,4,Education_Preschool_or_daycare,,,,,,
46,5,Education_Preschool_or_daycare,,,,,,
46,Aggregated,Education_Preschool_or_daycare,,,,,,
46,Centralized,Education_Preschool_or_daycare,,,,,,
47,0,Education_Preschool_or_daycare,,,,,,
47,1,Education_Preschool_or_daycare,,,,,,
47,2,Education_Preschool_or_daycare,,,,,,
47,3,Education_Preschool_or_daycare,,,,,,
47,4,Education_Preschool_or_daycare,,,,,,
47,5,Education_Preschool_or_daycare,,,,,,
47,Aggregated,Education_Preschool_or_daycare,,,,,,
47,Centralized,Education_Preschool_or_daycare,,,,,,
48,0,Education_Preschool_or_daycare,,,,,,
48,1,Education_Preschool_or_daycare,,,,,,
48,2,Education_Preschool_or_daycare,,,,,,
48,3,Education_Preschool_or_daycare,,,,,,
48,4,Education_Preschool_or_daycare,,,,,,
48,5,Education_Preschool_or_daycare,,,,,,
48,Aggregated,Education_Preschool_or_daycare,,,,,,
48,Centralized,Education_Preschool_or_daycare,,,,,,
49,0,Education_Preschool_or_daycare,,,,,,
49,1,Education_Preschool_or_daycare,,,,,,
49,2,Education_Preschool_or_daycare,,,,,,
49,3,Education_Preschool_or_daycare,,,,,,
49,4,Education_Preschool_or_daycare,,,,,,
49,5,Education_Preschool_or_daycare,,,,,,
49,Aggregated,Education_Preschool_or_daycare,,,,,,
49,Centralized,Education_Preschool_or_daycare,,,,,,
50,0,Education_Preschool_or_daycare,,,,,,
50,1,Education_Preschool_or_daycare,,,,,,
50,2,Education_Preschool_or_daycare,,,,,,
50,3,Education_Preschool_or_daycare,,,,,,
50,4,Education_Preschool_or_daycare,,,,,,
50,5,Education_Preschool_or_daycare,,,,,,
50,Aggregated,Education_Preschool_or_daycare,,,,,,
50,Centralized,Education_Preschool_or_daycare,,,,,,
0,0,5plus_Unit_Building,,,,,,
0,1,5plus_Unit_Building,,,,,,
0,2,5plus_Unit_Building,,,,,,
0,3,5plus_Unit_Building,,,,,,
0,4,5plus_Unit_Building,,,,,,
0,5,5plus_Unit_Building,,,,,,
0,Aggregated,5plus_Unit_Building,,,,,,
0,Centralized,5plus_Unit_Building,,,,,,
1,0,5plus_Unit_Building,,,,,,
1,1,5plus_Unit_Building,,,,,,
1,2,5plus_Unit_Building,,,,,,
1,3,5plus_Unit_Building,,,,,,
1,4,5plus_Unit_Building,,,,,,
1,5,5plus_Unit_Building,,,,,,
1,Aggregated,5plus_Unit_Building,,,,,,
1,Centralized,5plus_Unit_Building,,,,,,
2,0,5plus_Unit_Building,,,,,,
2,1,5plus_Unit_Building,,,,,,
2,2,5plus_Unit_Building,,,,,,
2,3,5plus_Unit_Building,,,,,,
2,4,5plus_Unit_Building,,,,,,
2,5,5plus_Unit_Building,,,,,,
2,Aggregated,5plus_Unit_Building,,,,,,
2,Centralized,5plus_Unit_Building,,,,,,
3,0,5plus_Unit_Building,,,,,,
3,1,5plus_Unit_Building,,,,,,
3,2,5plus_Unit_Building,,,,,,
3,3,5plus_Unit_Building,,,,,,
3,4,5plus_Unit_Building,,,,,,
3,5,5plus_Unit_Building,,,,,,
3,Aggregated,5plus_Unit_Building,,,,,,
3,Centralized,5plus_Unit_Building,,,,,,
4,0,5plus_Unit_Building,,,,,,
4,1,5plus_Unit_Building,,,,,,
4,2,5plus_Unit_Building,,,,,,
4,3,5plus_Unit_Building,,,,,,
4,4,5plus_Unit_Building,,,,,,
4,5,5plus_Unit_Building,,,,,,
4,Aggregated,5plus_Unit_Building,,,,,,
4,Centralized,5plus_Unit_Building,,,,,,
5,0,5plus_Unit_Building,,,,,,
5,1,5plus_Unit_Building,,,,,,
5,2,5plus_Unit_Building,,,,,,
5,3,5plus_Unit_Building,,,,,,
5,4,5plus_Unit_Building,,,,,,
5,5,5plus_Unit_Building,,,,,,
5,Aggregated,5plus_Unit_Building,,,,,,
5,Centralized,5plus_Unit_Building,,,,,,
6,0,5plus_Unit_Building,,,,,,
6,1,5plus_Unit_Building,,,,,,
6,2,5plus_Unit_Building,,,,,,
6,3,5plus_Unit_Building,,,,,,
6,4,5plus_Unit_Building,,,,,,
6,5,5plus_Unit_Building,,,,,,
6,Aggregated,5plus_Unit_Building,,,,,,
6,Centralized,5plus_Unit_Building,,,,,,
7,0,5plus_Unit_Building,,,,,,
7,1,5plus_Unit_Building,,,,,,
7,2,5plus_Unit_Building,,,,,,
7,3,5plus_Unit_Building,,,,,,
7,4,5plus_Unit_Building,,,,,,
7,5,5plus_Unit_Building,,,,,,
7,Aggregated,5plus_Unit_Building,,,,,,
7,Centralized,5plus_Unit_Building,,,,,,
8,0,5plus_Unit_Building,,,,,,
8,1,5plus_Unit_Building,,,,,,
8,2,5plus_Unit_Building,,,,,,
8,3,5plus_Unit_Building,,,,,,
8,4,5plus_Unit_Building,,,,,,
8,5,5plus_Unit_Building,,,,,,
8,Aggregated,5plus_Unit_Building,,,,,,
8,Centralized,5plus_Unit_Building,,,,,,
9,0,5plus_Unit_Building,,,,,,
9,1,5plus_Unit_Building,,,,,,
9,2,5plus_Unit_Building,,,,,,
9,3,5plus_Unit_Building,,,,,,
9,4,5plus_Unit_Building,,,,,,
9,5,5plus_Unit_Building,,,,,,
9,Aggregated,5plus_Unit_Building,,,,,,
9,Centralized,5plus_Unit_Building,,,,,,
10,0,5plus_Unit_Building,,,,,,
10,1,5plus_Unit_Building,,,,,,
10,2,5plus_Unit_Building,,,,,,
10,3,5plus_Unit_Building,,,,,,
10,4,5plus_Unit_Building,,,,,,
10,5,5plus_Unit_Building,,,,,,
10,Aggregated,5plus_Unit_Building,,,,,,
10,Centralized,5plus_Unit_Building,,,,,,
11,0,5plus_Unit_Building,,,,,,
11,1,5plus_Unit_Building,,,,,,
11,2,5plus_Unit_Building,,,,,,
11,3,5plus_Unit_Building,,,,,,
11,4,5plus_Unit_Building,,,,,,
11,5,5plus_Unit_Building,,,,,,
11,Aggregated,5plus_Unit_Building,,,,,,
11,Centralized,5plus_Unit_Building,,,,,,
12,0,5plus_Unit_Building,,,,,,
12,1,5plus_Unit_Building,,,,,,
12,2,5plus_Unit_Building,,,,,,
12,3,5plus_Unit_Building,,,,,,
12,4,5plus_Unit_Building,,,,,,
12,5,5plus_Unit_Building,,,,,,
12,Aggregated,5plus_Unit_Building,,,,,,
12,Centralized,5plus_Unit_Building,,,,,,
13,0,5plus_Unit_Building,,,,,,
13,1,5plus_Unit_Building,,,,,,
13,2,5plus_Unit_Building,,,,,,
13,3,5plus_Unit_Building,,,,,,
13,4,5plus_Unit_Building,,,,,,
13,5,5plus_Unit_Building,,,,,,
13,Aggregated,5plus_Unit_Building,,,,,,
13,Centralized,5plus_Unit_Building,,,,,,
14,0,5plus_Unit_Building,,,,,,
14,1,5plus_Unit_Building,,,,,,
14,2,5plus_Unit_Building,,,,,,
14,3,5plus_Unit_Building,,,,,,
14,4,5plus_Unit_Building,,,,,,
14,5,5plus_Unit_Building,,,,,,
14,Aggregated,5plus_Unit_Building,,,,,,
14,Centralized,5plus_Unit_Building,,,,,,
15,0,5plus_Unit_Building,,,,,,
15,1,5plus_Unit_Building,,,,,,
15,2,5plus_Unit_Building,,,,,,
15,3,5plus_Unit_Building,,,,,,
15,4,5plus_Unit_Building,,,,,,
15,5,5plus_Unit_Building,,,,,,
15,Aggregated,5plus_Unit_Building,,,,,,
15,Centralized,5plus_Unit_Building,,,,,,
16,0,5plus_Unit_Building,,,,,,
16,1,5plus_Unit_Building,,,,,,
16,2,5plus_Unit_Building,,,,,,
16,3,5plus_Unit_Building,,,,,,
16,4,5plus_Unit_Building,,,,,,
16,5,5plus_Unit_Building,,,,,,
16,Aggregated,5plus_Unit_Building,,,,,,
16,Centralized,5plus_Unit_Building,,,,,,
17,0,5plus_Unit_Building,,,,,,
17,1,5plus_Unit_Building,,,,,,
17,2,5plus_Unit_Building,,,,,,
17,3,5plus_Unit_Building,,,,,,
17,4,5plus_Unit_Building,,,,,,
17,5,5plus_Unit_Building,,,,,,
17,Aggregated,5plus_Unit_Building,,,,,,
17,Centralized,5plus_Unit_Building,,,,,,
18,0,5plus_Unit_Building,,,,,,
18,1,5plus_Unit_Building,,,,,,
18,2,5plus_Unit_Building,,,,,,
18,3,5plus_Unit_Building,,,,,,
18,4,5plus_Unit_Building,,,,,,
18,5,5plus_Unit_Building,,,,,,
18,Aggregated,5plus_Unit_Building,,,,,,
18,Centralized,5plus_Unit_Building,,,,,,
19,0,5plus_Unit_Building,,,,,,
19,1,5plus_Unit_Building,,,,,,
19,2,5plus_Unit_Building,,,,,,
19,3,5plus_Unit_Building,,,,,,
19,4,5plus_Unit_Building,,,,,,
19,5,5plus_Unit_Building,,,,,,
19,Aggregated,5plus_Unit_Building,,,,,,
19,Centralized,5plus_Unit_Building,,,,,,
20,0,5plus_Unit_Building,,,,,,
20,1,5plus_Unit_Building,,,,,,
20,2,5plus_Unit_Building,,,,,,
20,3,5plus_Unit_Building,,,,,,
20,4,5plus_Unit_Building,,,,,,
20,5,5plus_Unit_Building,,,,,,
20,Aggregated,5plus_Unit_Building,,,,,,
20,Centralized,5plus_Unit_Building,,,,,,
21,0,5plus_Unit_Building,,,,,,
21,1,5plus_Unit_Building,,,,,,
21,2,5plus_Unit_Building,,,,,,
21,3,5plus_Unit_Building,,,,,,
21,4,5plus_Unit_Building,,,,,,
21,5,5plus_Unit_Building,,,,,,
21,Aggregated,5plus_Unit_Building,,,,,,
21,Centralized,5plus_Unit_Building,,,,,,
22,0,5plus_Unit_Building,,,,,,
22,1,5plus_Unit_Building,,,,,,
22,2,5plus_Unit_Building,,,,,,
22,3,5plus_Unit_Building,,,,,,
22,4,5plus_Unit_Building,,,,,,
22,5,5plus_Unit_Building,,,,,,
22,Aggregated,5plus_Unit_Building,,,,,,
22,Centralized,5plus_Unit_Building,,,,,,
23,0,5plus_Unit_Building,,,,,,
23,1,5plus_Unit_Building,,,,,,
23,2,5plus_Unit_Building,,,,,,
23,3,5plus_Unit_Building,,,,,,
23,4,5plus_Unit_Building,,,,,,
23,5,5plus_Unit_Building,,,,,,
23,Aggregated,5plus_Unit_Building,,,,,,
23,Centralized,5plus_Unit_Building,,,,,,
24,0,5plus_Unit_Building,,,,,,
24,1,5plus_Unit_Building,,,,,,
24,2,5plus_Unit_Building,,,,,,
24,3,5plus_Unit_Building,,,,,,
24,4,5plus_Unit_Building,,,,,,
24,5,5plus_Unit_Building,,,,,,
24,Aggregated,5plus_Unit_Building,,,,,,
24,Centralized,5plus_Unit_Building,,,,,,
25,0,5plus_Unit_Building,,,,,,
25,1,5plus_Unit_Building,,,,,,
25,2,5plus_Unit_Building,,,,,,
25,3,5plus_Unit_Building,,,,,,
25,4,5plus_Unit_Building,,,,,,
25,5,5plus_Unit_Building,,,,,,
25,Aggregated,5plus_Unit_Building,,,,,,
25,Centralized,5plus_Unit_Building,,,,,,
26,0,5plus_Unit_Building,,,,,,
26,1,5plus_Unit_Building,,,,,,
26,2,5plus_Unit_Building,,,,,,
26,3,5plus_Unit_Building,,,,,,
26,4,5plus_Unit_Building,,,,,,
26,5,5plus_Unit_Building,,,,,,
26,Aggregated,5plus_Unit_Building,,,,,,
26,Centralized,5plus_Unit_Building,,,,,,
27,0,5plus_Unit_Building,,,,,,
27,1,5plus_Unit_Building,,,,,,
27,2,5plus_Unit_Building,,,,,,
27,3,5plus_Unit_Building,,,,,,
27,4,5plus_Unit_Building,,,,,,
27,5,5plus_Unit_Building,,,,,,
27,Aggregated,5plus_Unit_Building,,,,,,
27,Centralized,5plus_Unit_Building,,,,,,
28,0,5plus_Unit_Building,,,,,,
28,1,5plus_Unit_Building,,,,,,
28,2,5plus_Unit_Building,,,,,,
28,3,5plus_Unit_Building,,,,,,
28,4,5plus_Unit_Building,,,,,,
28,5,5plus_Unit_Building,,,,,,
28,Aggregated,5plus_Unit_Building,,,,,,
28,Centralized,5plus_Unit_Building,,,,,,
29,0,5plus_Unit_Building,,,,,,
29,1,5plus_Unit_Building,,,,,,
29,2,5plus_Unit_Building,,,,,,
29,3,5plus_Unit_Building,,,,,,
29,4,5plus_Unit_Building,,,,,,
29,5,5plus_Unit_Building,,,,,,
29,Aggregated,5plus_Unit_Building,,,,,,
29,Centralized,5plus_Unit_Building,,,,,,
30,0,5plus_Unit_Building,,,,,,
30,1,5plus_Unit_Building,,,,,,
30,2,5plus_Unit_Building,,,,,,
30,3,5plus_Unit_Building,,,,,,
30,4,5plus_Unit_Building,,,,,,
30,5,5plus_Unit_Building,,,,,,
30,Aggregated,5plus_Unit_Building,,,,,,
30,Centralized,5plus_Unit_Building,,,,,,
31,0,5plus_Unit_Building,,,,,,
31,1,5plus_Unit_Building,,,,,,
31,2,5plus_Unit_Building,,,,,,
31,3,5plus_Unit_Building,,,,,,
31,4,5plus_Unit_Building,,,,,,
31,5,5plus_Unit_Building,,,,,,
31,Aggregated,5plus_Unit_Building,,,,,,
31,Centralized,5plus_Unit_Building,,,,,,
32,0,5plus_Unit_Building,,,,,,
32,1,5plus_Unit_Building,,,,,,
32,2,5plus_Unit_Building,,,,,,
32,3,5plus_Unit_Building,,,,,,
32,4,5plus_Unit_Building,,,,,,
32,5,5plus_Unit_Building,,,,,,
32,Aggregated,5plus_Unit_Building,,,,,,
32,Centralized,5plus_Unit_Building,,,,,,
33,0,5plus_Unit_Building,,,,,,
33,1,5plus_Unit_Building,,,,,,
33,2,5plus_Unit_Building,,,,,,
33,3,5plus_Unit_Building,,,,,,
33,4,5plus_Unit_Building,,,,,,
33,5,5plus_Unit_Building,,,,,,
33,Aggregated,5plus_Unit_Building,,,,,,
33,Centralized,5plus_Unit_Building,,,,,,
34,0,5plus_Unit_Building,,,,,,
34,1,5plus_Unit_Building,,,,,,
34,2,5plus_Unit_Building,,,,,,
34,3,5plus_Unit_Building,,,,,,
34,4,5plus_Unit_Building,,,,,,
34,5,5plus_Unit_Building,,,,,,
34,Aggregated,5plus_Unit_Building,,,,,,
34,Centralized,5plus_Unit_Building,,,,,,
35,0,5plus_Unit_Building,,,,,,
35,1,5plus_Unit_Building,,,,,,
35,2,5plus_Unit_Building,,,,,,
35,3,5plus_Unit_Building,,,,,,
35,4,5plus_Unit_Building,,,,,,
35,5,5plus_Unit_Building,,,,,,
35,Aggregated,5plus_Unit_Building,,,,,,
35,Centralized,5plus_Unit_Building,,,,,,
36,0,5plus_Unit_Building,,,,,,
36,1,5plus_Unit_Building,,,,,,
36,2,5plus_Unit_Building,,,,,,
36,3,5plus_Unit_Building,,,,,,
36,4,5plus_Unit_Building,,,,,,
36,5,5plus_Unit_Building,,,,,,
36,Aggregated,5plus_Unit_Building,,,,,,
36,Centralized,5plus_Unit_Building,,,,,,
37,0,5plus_Unit_Building,,,,,,
37,1,5plus_Unit_Building,,,,,,
37,2,5plus_Unit_Building,,,,,,
37,3,5plus_Unit_Building,,,,,,
37,4,5plus_Unit_Building,,,,,,
37,5,5plus_Unit_Building,,,,,,
37,Aggregated,5plus_Unit_Building,,,,,,
37,Centralized,5plus_Unit_Building,,,,,,
38,0,5plus_Unit_Building,,,,,,
38,1,5plus_Unit_Building,,,,,,
38,2,5plus_Unit_Building,,,,,,
38,3,5plus_Unit_Building,,,,,,
38,4,5plus_Unit_Building,,,,,,
38,5,5plus_Unit_Building,,,,,,
38,Aggregated,5plus_Unit_Building,,,,,,
38,Centralized,5plus_Unit_Building,,,,,,
39,0,5plus_Unit_Building,,,,,,
39,1,5plus_Unit_Building,,,,,,
39,2,5plus_Unit_Building,,,,,,
39,3,5plus_Unit_Building,,,,,,
39,4,5plus_Unit_Building,,,,,,
39,5,5plus_Unit_Building,,,,,,
39,Aggregated,5plus_Unit_Building,,,,,,
39,Centralized,5plus_Unit_Building,,,,,,
40,0,5plus_Unit_Building,,,,,,
40,1,5plus_Unit_Building,,,,,,
40,2,5plus_Unit_Building,,,,,,
40,3,5plus_Unit_Building,,,,,,
40,4,5plus_Unit_Building,,,,,,
40,5,5plus_Unit_Building,,,,,,
40,Aggregated,5plus_Unit_Building,,,,,,
40,Centralized,5plus_Unit_Building,,,,,,
41,0,5plus_Unit_Building,,,,,,
41,1,5plus_Unit_Building,,,,,,
41,2,5plus_Unit_Building,,,,,,
41,3,5plus_Unit_Building,,,,,,
41,4,5plus_Unit_Building,,,,,,
41,5,5plus_Unit_Building,,,,,,
41,Aggregated,5plus_Unit_Building,,,,,,
41,Centralized,5plus_Unit_Building,,,,,,
42,0,5plus_Unit_Building,,,,,,
42,1,5plus_Unit_Building,,,,,,
42,2,5plus_Unit_Building,,,,,,
42,3,5plus_Unit_Building,,,,,,
42,4,5plus_Unit_Building,,,,,,
42,5,5plus_Unit_Building,,,,,,
42,Aggregated,5plus_Unit_Building,,,,,,
42,Centralized,5plus_Unit_Building,,,,,,
43,0,5plus_Unit_Building,,,,,,
43,1,5plus_Unit_Building,,,,,,
43,2,5plus_Unit_Building,,,,,,
43,3,5plus_Unit_Building,,,,,,
43,4,5plus_Unit_Building,,,,,,
43,5,5plus_Unit_Building,,,,,,
43,Aggregated,5plus_Unit_Building,,,,,,
43,Centralized,5plus_Unit_Building,,,,,,
44,0,5plus_Unit_Building,,,,,,
44,1,5plus_Unit_Building,,,,,,
44,2,5plus_Unit_Building,,,,,,
44,3,5plus_Unit_Building,,,,,,
44,4,5plus_Unit_Building,,,,,,
44,5,5plus_Unit_Building,,,,,,
44,Aggregated,5plus_Unit_Building,,,,,,
44,Centralized,5plus_Unit_Building,,,,,,
45,0,5plus_Unit_Building,,,,,,
45,1,5plus_Unit_Building,,,,,,
45,2,5plus_Unit_Building,,,,,,
45,3,5plus_Unit_Building,,,,,,
45,4,5plus_Unit_Building,,,,,,
45,5,5plus_Unit_Building,,,,,,
45,Aggregated,5plus_Unit_Building,,,,,,
45,Centralized,5plus_Unit_Building,,,,,,
46,0,5plus_Unit_Building,,,,,,
46,1,5plus_Unit_Building,,,,,,
46,2,5plus_Unit_Building,,,,,,
46,3,5plus_Unit_Building,,,,,,
46,4,5plus_Unit_Building,,,,,,
46,5,5plus_Unit_Building,,,,,,
46,Aggregated,5plus_Unit_Building,,,,,,
46,Centralized,5plus_Unit_Building,,,,,,
47,0,5plus_Unit_Building,,,,,,
47,1,5plus_Unit_Building,,,,,,
47,2,5plus_Unit_Building,,,,,,
47,3,5plus_Unit_Building,,,,,,
47,4,5plus_Unit_Building,,,,,,
47,5,5plus_Unit_Building,,,,,,
47,Aggregated,5plus_Unit_Building,,,,,,
47,Centralized,5plus_Unit_Building,,,,,,
48,0,5plus_Unit_Building,,,,,,
48,1,5plus_Unit_Building,,,,,,
48,2,5plus_Unit_Building,,,,,,
48,3,5plus_Unit_Building,,,,,,
48,4,5plus_Unit_Building,,,,,,
48,5,5plus_Unit_Building,,,,,,
48,Aggregated,5plus_Unit_Building,,,,,,
48,Centralized,5plus_Unit_Building,,,,,,
49,0,5plus_Unit_Building,,,,,,
49,1,5plus_Unit_Building,,,,,,
49,2,5plus_Unit_Building,,,,,,
49,3,5plus_Unit_Building,,,,,,
49,4,5plus_Unit_Building,,,,,,
49,5,5plus_Unit_Building,,,,,,
49,Aggregated,5plus_Unit_Building,,,,,,
49,Centralized,5plus_Unit_Building,,,,,,
50,0,5plus_Unit_Building,,,,,,
50,1,5plus_Unit_Building,,,,,,
50,2,5plus_Unit_Building,,,,,,
50,3,5plus_Unit_Building,,,,,,
50,4,5plus_Unit_Building,,,,,,
50,5,5plus_Unit_Building,,,,,,
50,Aggregated,5plus_Unit_Building,,,,,,
50,Centralized,5plus_Unit_Building,,,,,,
0,0,Retail_Strip_shopping_mall,,,,,,
0,1,Retail_Strip_shopping_mall,,,,,,
0,2,Retail_Strip_shopping_mall,,,,,,
0,3,Retail_Strip_shopping_mall,,,,,,
0,4,Retail_Strip_shopping_mall,,,,,,
0,5,Retail_Strip_shopping_mall,,,,,,
0,Aggregated,Retail_Strip_shopping_mall,,,,,,
0,Centralized,Retail_Strip_shopping_mall,,,,,,
1,0,Retail_Strip_shopping_mall,,,,,,
1,1,Retail_Strip_shopping_mall,,,,,,
1,2,Retail_Strip_shopping_mall,,,,,,
1,3,Retail_Strip_shopping_mall,,,,,,
1,4,Retail_Strip_shopping_mall,,,,,,
1,5,Retail_Strip_shopping_mall,,,,,,
1,Aggregated,Retail_Strip_shopping_mall,,,,,,
1,Centralized,Retail_Strip_shopping_mall,,,,,,
2,0,Retail_Strip_shopping_mall,,,,,,
2,1,Retail_Strip_shopping_mall,,,,,,
2,2,Retail_Strip_shopping_mall,,,,,,
2,3,Retail_Strip_shopping_mall,,,,,,
2,4,Retail_Strip_shopping_mall,,,,,,
2,5,Retail_Strip_shopping_mall,,,,,,
2,Aggregated,Retail_Strip_shopping_mall,,,,,,
2,Centralized,Retail_Strip_shopping_mall,,,,,,
3,0,Retail_Strip_shopping_mall,,,,,,
3,1,Retail_Strip_shopping_mall,,,,,,
3,2,Retail_Strip_shopping_mall,,,,,,
3,3,Retail_Strip_shopping_mall,,,,,,
3,4,Retail_Strip_shopping_mall,,,,,,
3,5,Retail_Strip_shopping_mall,,,,,,
3,Aggregated,Retail_Strip_shopping_mall,,,,,,
3,Centralized,Retail_Strip_shopping_mall,,,,,,
4,0,Retail_Strip_shopping_mall,,,,,,
4,1,Retail_Strip_shopping_mall,,,,,,
4,2,Retail_Strip_shopping_mall,,,,,,
4,3,Retail_Strip_shopping_mall,,,,,,
4,4,Retail_Strip_shopping_mall,,,,,,
4,5,Retail_Strip_shopping_mall,,,,,,
4,Aggregated,Retail_Strip_shopping_mall,,,,,,
4,Centralized,Retail_Strip_shopping_mall,,,,,,
5,0,Retail_Strip_shopping_mall,,,,,,
5,1,Retail_Strip_shopping_mall,,,,,,
5,2,Retail_Strip_shopping_mall,,,,,,
5,3,Retail_Strip_shopping_mall,,,,,,
5,4,Retail_Strip_shopping_mall,,,,,,
5,5,Retail_Strip_shopping_mall,,,,,,
5,Aggregated,Retail_Strip_shopping_mall,,,,,,
5,Centralized,Retail_Strip_shopping_mall,,,,,,
6,0,Retail_Strip_shopping_mall,,,,,,
6,1,Retail_Strip_shopping_mall,,,,,,
6,2,Retail_Strip_shopping_mall,,,,,,
6,3,Retail_Strip_shopping_mall,,,,,,
6,4,Retail_Strip_shopping_mall,,,,,,
6,5,Retail_Strip_shopping_mall,,,,,,
6,Aggregated,Retail_Strip_shopping_mall,,,,,,
6,Centralized,Retail_Strip_shopping_mall,,,,,,
7,0,Retail_Strip_shopping_mall,,,,,,
7,1,Retail_Strip_shopping_mall,,,,,,
7,2,Retail_Strip_shopping_mall,,,,,,
7,3,Retail_Strip_shopping_mall,,,,,,
7,4,Retail_Strip_shopping_mall,,,,,,
7,5,Retail_Strip_shopping_mall,,,,,,
7,Aggregated,Retail_Strip_shopping_mall,,,,,,
7,Centralized,Retail_Strip_shopping_mall,,,,,,
8,0,Retail_Strip_shopping_mall,,,,,,
8,1,Retail_Strip_shopping_mall,,,,,,
8,2,Retail_Strip_shopping_mall,,,,,,
8,3,Retail_Strip_shopping_mall,,,,,,
8,4,Retail_Strip_shopping_mall,,,,,,
8,5,Retail_Strip_shopping_mall,,,,,,
8,Aggregated,Retail_Strip_shopping_mall,,,,,,
8,Centralized,Retail_Strip_shopping_mall,,,,,,
9,0,Retail_Strip_shopping_mall,,,,,,
9,1,Retail_Strip_shopping_mall,,,,,,
9,2,Retail_Strip_shopping_mall,,,,,,
9,3,Retail_Strip_shopping_mall,,,,,,
9,4,Retail_Strip_shopping_mall,,,,,,
9,5,Retail_Strip_shopping_mall,,,,,,
9,Aggregated,Retail_Strip_shopping_mall,,,,,,
9,Centralized,Retail_Strip_shopping_mall,,,,,,
10,0,Retail_Strip_shopping_mall,,,,,,
10,1,Retail_Strip_shopping_mall,,,,,,
10,2,Retail_Strip_shopping_mall,,,,,,
10,3,Retail_Strip_shopping_mall,,,,,,
10,4,Retail_Strip_shopping_mall,,,,,,
10,5,Retail_Strip_shopping_mall,,,,,,
10,Aggregated,Retail_Strip_shopping_mall,,,,,,
10,Centralized,Retail_Strip_shopping_mall,,,,,,
11,0,Retail_Strip_shopping_mall,,,,,,
11,1,Retail_Strip_shopping_mall,,,,,,
11,2,Retail_Strip_shopping_mall,,,,,,
11,3,Retail_Strip_shopping_mall,,,,,,
11,4,Retail_Strip_shopping_mall,,,,,,
11,5,Retail_Strip_shopping_mall,,,,,,
11,Aggregated,Retail_Strip_shopping_mall,,,,,,
11,Centralized,Retail_Strip_shopping_mall,,,,,,
12,0,Retail_Strip_shopping_mall,,,,,,
12,1,Retail_Strip_shopping_mall,,,,,,
12,2,Retail_Strip_shopping_mall,,,,,,
12,3,Retail_Strip_shopping_mall,,,,,,
12,4,Retail_Strip_shopping_mall,,,,,,
12,5,Retail_Strip_shopping_mall,,,,,,
12,Aggregated,Retail_Strip_shopping_mall,,,,,,
12,Centralized,Retail_Strip_shopping_mall,,,,,,
13,0,Retail_Strip_shopping_mall,,,,,,
13,1,Retail_Strip_shopping_mall,,,,,,
13,2,Retail_Strip_shopping_mall,,,,,,
13,3,Retail_Strip_shopping_mall,,,,,,
13,4,Retail_Strip_shopping_mall,,,,,,
13,5,Retail_Strip_shopping_mall,,,,,,
13,Aggregated,Retail_Strip_shopping_mall,,,,,,
13,Centralized,Retail_Strip_shopping_mall,,,,,,
14,0,Retail_Strip_shopping_mall,,,,,,
14,1,Retail_Strip_shopping_mall,,,,,,
14,2,Retail_Strip_shopping_mall,,,,,,
14,3,Retail_Strip_shopping_mall,,,,,,
14,4,Retail_Strip_shopping_mall,,,,,,
14,5,Retail_Strip_shopping_mall,,,,,,
14,Aggregated,Retail_Strip_shopping_mall,,,,,,
14,Centralized,Retail_Strip_shopping_mall,,,,,,
15,0,Retail_Strip_shopping_mall,,,,,,
15,1,Retail_Strip_shopping_mall,,,,,,
15,2,Retail_Strip_shopping_mall,,,,,,
15,3,Retail_Strip_shopping_mall,,,,,,
15,4,Retail_Strip_shopping_mall,,,,,,
15,5,Retail_Strip_shopping_mall,,,,,,
15,Aggregated,Retail_Strip_shopping_mall,,,,,,
15,Centralized,Retail_Strip_shopping_mall,,,,,,
16,0,Retail_Strip_shopping_mall,,,,,,
16,1,Retail_Strip_shopping_mall,,,,,,
16,2,Retail_Strip_shopping_mall,,,,,,
16,3,Retail_Strip_shopping_mall,,,,,,
16,4,Retail_Strip_shopping_mall,,,,,,
16,5,Retail_Strip_shopping_mall,,,,,,
16,Aggregated,Retail_Strip_shopping_mall,,,,,,
16,Centralized,Retail_Strip_shopping_mall,,,,,,
17,0,Retail_Strip_shopping_mall,,,,,,
17,1,Retail_Strip_shopping_mall,,,,,,
17,2,Retail_Strip_shopping_mall,,,,,,
17,3,Retail_Strip_shopping_mall,,,,,,
17,4,Retail_Strip_shopping_mall,,,,,,
17,5,Retail_Strip_shopping_mall,,,,,,
17,Aggregated,Retail_Strip_shopping_mall,,,,,,
17,Centralized,Retail_Strip_shopping_mall,,,,,,
18,0,Retail_Strip_shopping_mall,,,,,,
18,1,Retail_Strip_shopping_mall,,,,,,
18,2,Retail_Strip_shopping_mall,,,,,,
18,3,Retail_Strip_shopping_mall,,,,,,
18,4,Retail_Strip_shopping_mall,,,,,,
18,5,Retail_Strip_shopping_mall,,,,,,
18,Aggregated,Retail_Strip_shopping_mall,,,,,,
18,Centralized,Retail_Strip_shopping_mall,,,,,,
19,0,Retail_Strip_shopping_mall,,,,,,
19,1,Retail_Strip_shopping_mall,,,,,,
19,2,Retail_Strip_shopping_mall,,,,,,
19,3,Retail_Strip_shopping_mall,,,,,,
19,4,Retail_Strip_shopping_mall,,,,,,
19,5,Retail_Strip_shopping_mall,,,,,,
19,Aggregated,Retail_Strip_shopping_mall,,,,,,
19,Centralized,Retail_Strip_shopping_mall,,,,,,
20,0,Retail_Strip_shopping_mall,,,,,,
20,1,Retail_Strip_shopping_mall,,,,,,
20,2,Retail_Strip_shopping_mall,,,,,,
20,3,Retail_Strip_shopping_mall,,,,,,
20,4,Retail_Strip_shopping_mall,,,,,,
20,5,Retail_Strip_shopping_mall,,,,,,
20,Aggregated,Retail_Strip_shopping_mall,,,,,,
20,Centralized,Retail_Strip_shopping_mall,,,,,,
21,0,Retail_Strip_shopping_mall,,,,,,
21,1,Retail_Strip_shopping_mall,,,,,,
21,2,Retail_Strip_shopping_mall,,,,,,
21,3,Retail_Strip_shopping_mall,,,,,,
21,4,Retail_Strip_shopping_mall,,,,,,
21,5,Retail_Strip_shopping_mall,,,,,,
21,Aggregated,Retail_Strip_shopping_mall,,,,,,
21,Centralized,Retail_Strip_shopping_mall,,,,,,
22,0,Retail_Strip_shopping_mall,,,,,,
22,1,Retail_Strip_shopping_mall,,,,,,
22,2,Retail_Strip_shopping_mall,,,,,,
22,3,Retail_Strip_shopping_mall,,,,,,
22,4,Retail_Strip_shopping_mall,,,,,,
22,5,Retail_Strip_shopping_mall,,,,,,
22,Aggregated,Retail_Strip_shopping_mall,,,,,,
22,Centralized,Retail_Strip_shopping_mall,,,,,,
23,0,Retail_Strip_shopping_mall,,,,,,
23,1,Retail_Strip_shopping_mall,,,,,,
23,2,Retail_Strip_shopping_mall,,,,,,
23,3,Retail_Strip_shopping_mall,,,,,,
23,4,Retail_Strip_shopping_mall,,,,,,
23,5,Retail_Strip_shopping_mall,,,,,,
23,Aggregated,Retail_Strip_shopping_mall,,,,,,
23,Centralized,Retail_Strip_shopping_mall,,,,,,
24,0,Retail_Strip_shopping_mall,,,,,,
24,1,Retail_Strip_shopping_mall,,,,,,
24,2,Retail_Strip_shopping_mall,,,,,,
24,3,Retail_Strip_shopping_mall,,,,,,
24,4,Retail_Strip_shopping_mall,,,,,,
24,5,Retail_Strip_shopping_mall,,,,,,
24,Aggregated,Retail_Strip_shopping_mall,,,,,,
24,Centralized,Retail_Strip_shopping_mall,,,,,,
25,0,Retail_Strip_shopping_mall,,,,,,
25,1,Retail_Strip_shopping_mall,,,,,,
25,2,Retail_Strip_shopping_mall,,,,,,
25,3,Retail_Strip_shopping_mall,,,,,,
25,4,Retail_Strip_shopping_mall,,,,,,
25,5,Retail_Strip_shopping_mall,,,,,,
25,Aggregated,Retail_Strip_shopping_mall,,,,,,
25,Centralized,Retail_Strip_shopping_mall,,,,,,
26,0,Retail_Strip_shopping_mall,,,,,,
26,1,Retail_Strip_shopping_mall,,,,,,
26,2,Retail_Strip_shopping_mall,,,,,,
26,3,Retail_Strip_shopping_mall,,,,,,
26,4,Retail_Strip_shopping_mall,,,,,,
26,5,Retail_Strip_shopping_mall,,,,,,
26,Aggregated,Retail_Strip_shopping_mall,,,,,,
26,Centralized,Retail_Strip_shopping_mall,,,,,,
27,0,Retail_Strip_shopping_mall,,,,,,
27,1,Retail_Strip_shopping_mall,,,,,,
27,2,Retail_Strip_shopping_mall,,,,,,
27,3,Retail_Strip_shopping_mall,,,,,,
27,4,Retail_Strip_shopping_mall,,,,,,
27,5,Retail_Strip_shopping_mall,,,,,,
27,Aggregated,Retail_Strip_shopping_mall,,,,,,
27,Centralized,Retail_Strip_shopping_mall,,,,,,
28,0,Retail_Strip_shopping_mall,,,,,,
28,1,Retail_Strip_shopping_mall,,,,,,
28,2,Retail_Strip_shopping_mall,,,,,,
28,3,Retail_Strip_shopping_mall,,,,,,
28,4,Retail_Strip_shopping_mall,,,,,,
28,5,Retail_Strip_shopping_mall,,,,,,
28,Aggregated,Retail_Strip_shopping_mall,,,,,,
28,Centralized,Retail_Strip_shopping_mall,,,,,,
29,0,Retail_Strip_shopping_mall,,,,,,
29,1,Retail_Strip_shopping_mall,,,,,,
29,2,Retail_Strip_shopping_mall,,,,,,
29,3,Retail_Strip_shopping_mall,,,,,,
29,4,Retail_Strip_shopping_mall,,,,,,
29,5,Retail_Strip_shopping_mall,,,,,,
29,Aggregated,Retail_Strip_shopping_mall,,,,,,
29,Centralized,Retail_Strip_shopping_mall,,,,,,
30,0,Retail_Strip_shopping_mall,,,,,,
30,1,Retail_Strip_shopping_mall,,,,,,
30,2,Retail_Strip_shopping_mall,,,,,,
30,3,Retail_Strip_shopping_mall,,,,,,
30,4,Retail_Strip_shopping_mall,,,,,,
30,5,Retail_Strip_shopping_mall,,,,,,
30,Aggregated,Retail_Strip_shopping_mall,,,,,,
30,Centralized,Retail_Strip_shopping_mall,,,,,,
31,0,Retail_Strip_shopping_mall,,,,,,
31,1,Retail_Strip_shopping_mall,,,,,,
31,2,Retail_Strip_shopping_mall,,,,,,
31,3,Retail_Strip_shopping_mall,,,,,,
31,4,Retail_Strip_shopping_mall,,,,,,
31,5,Retail_Strip_shopping_mall,,,,,,
31,Aggregated,Retail_Strip_shopping_mall,,,,,,
31,Centralized,Retail_Strip_shopping_mall,,,,,,
32,0,Retail_Strip_shopping_mall,,,,,,
32,1,Retail_Strip_shopping_mall,,,,,,
32,2,Retail_Strip_shopping_mall,,,,,,
32,3,Retail_Strip_shopping_mall,,,,,,
32,4,Retail_Strip_shopping_mall,,,,,,
32,5,Retail_Strip_shopping_mall,,,,,,
32,Aggregated,Retail_Strip_shopping_mall,,,,,,
32,Centralized,Retail_Strip_shopping_mall,,,,,,
33,0,Retail_Strip_shopping_mall,,,,,,
33,1,Retail_Strip_shopping_mall,,,,,,
33,2,Retail_Strip_shopping_mall,,,,,,
33,3,Retail_Strip_shopping_mall,,,,,,
33,4,Retail_Strip_shopping_mall,,,,,,
33,5,Retail_Strip_shopping_mall,,,,,,
33,Aggregated,Retail_Strip_shopping_mall,,,,,,
33,Centralized,Retail_Strip_shopping_mall,,,,,,
34,0,Retail_Strip_shopping_mall,,,,,,
34,1,Retail_Strip_shopping_mall,,,,,,
34,2,Retail_Strip_shopping_mall,,,,,,
34,3,Retail_Strip_shopping_mall,,,,,,
34,4,Retail_Strip_shopping_mall,,,,,,
34,5,Retail_Strip_shopping_mall,,,,,,
34,Aggregated,Retail_Strip_shopping_mall,,,,,,
34,Centralized,Retail_Strip_shopping_mall,,,,,,
35,0,Retail_Strip_shopping_mall,,,,,,
35,1,Retail_Strip_shopping_mall,,,,,,
35,2,Retail_Strip_shopping_mall,,,,,,
35,3,Retail_Strip_shopping_mall,,,,,,
35,4,Retail_Strip_shopping_mall,,,,,,
35,5,Retail_Strip_shopping_mall,,,,,,
35,Aggregated,Retail_Strip_shopping_mall,,,,,,
35,Centralized,Retail_Strip_shopping_mall,,,,,,
36,0,Retail_Strip_shopping_mall,,,,,,
36,1,Retail_Strip_shopping_mall,,,,,,
36,2,Retail_Strip_shopping_mall,,,,,,
36,3,Retail_Strip_shopping_mall,,,,,,
36,4,Retail_Strip_shopping_mall,,,,,,
36,5,Retail_Strip_shopping_mall,,,,,,
36,Aggregated,Retail_Strip_shopping_mall,,,,,,
36,Centralized,Retail_Strip_shopping_mall,,,,,,
37,0,Retail_Strip_shopping_mall,,,,,,
37,1,Retail_Strip_shopping_mall,,,,,,
37,2,Retail_Strip_shopping_mall,,,,,,
37,3,Retail_Strip_shopping_mall,,,,,,
37,4,Retail_Strip_shopping_mall,,,,,,
37,5,Retail_Strip_shopping_mall,,,,,,
37,Aggregated,Retail_Strip_shopping_mall,,,,,,
37,Centralized,Retail_Strip_shopping_mall,,,,,,
38,0,Retail_Strip_shopping_mall,,,,,,
38,1,Retail_Strip_shopping_mall,,,,,,
38,2,Retail_Strip_shopping_mall,,,,,,
38,3,Retail_Strip_shopping_mall,,,,,,
38,4,Retail_Strip_shopping_mall,,,,,,
38,5,Retail_Strip_shopping_mall,,,,,,
38,Aggregated,Retail_Strip_shopping_mall,,,,,,
38,Centralized,Retail_Strip_shopping_mall,,,,,,
39,0,Retail_Strip_shopping_mall,,,,,,
39,1,Retail_Strip_shopping_mall,,,,,,
39,2,Retail_Strip_shopping_mall,,,,,,
39,3,Retail_Strip_shopping_mall,,,,,,
39,4,Retail_Strip_shopping_mall,,,,,,
39,5,Retail_Strip_shopping_mall,,,,,,
39,Aggregated,Retail_Strip_shopping_mall,,,,,,
39,Centralized,Retail_Strip_shopping_mall,,,,,,
40,0,Retail_Strip_shopping_mall,,,,,,
40,1,Retail_Strip_shopping_mall,,,,,,
40,2,Retail_Strip_shopping_mall,,,,,,
40,3,Retail_Strip_shopping_mall,,,,,,
40,4,Retail_Strip_shopping_mall,,,,,,
40,5,Retail_Strip_shopping_mall,,,,,,
40,Aggregated,Retail_Strip_shopping_mall,,,,,,
40,Centralized,Retail_Strip_shopping_mall,,,,,,
41,0,Retail_Strip_shopping_mall,,,,,,
41,1,Retail_Strip_shopping_mall,,,,,,
41,2,Retail_Strip_shopping_mall,,,,,,
41,3,Retail_Strip_shopping_mall,,,,,,
41,4,Retail_Strip_shopping_mall,,,,,,
41,5,Retail_Strip_shopping_mall,,,,,,
41,Aggregated,Retail_Strip_shopping_mall,,,,,,
41,Centralized,Retail_Strip_shopping_mall,,,,,,
42,0,Retail_Strip_shopping_mall,,,,,,
42,1,Retail_Strip_shopping_mall,,,,,,
42,2,Retail_Strip_shopping_mall,,,,,,
42,3,Retail_Strip_shopping_mall,,,,,,
42,4,Retail_Strip_shopping_mall,,,,,,
42,5,Retail_Strip_shopping_mall,,,,,,
42,Aggregated,Retail_Strip_shopping_mall,,,,,,
42,Centralized,Retail_Strip_shopping_mall,,,,,,
43,0,Retail_Strip_shopping_mall,,,,,,
43,1,Retail_Strip_shopping_mall,,,,,,
43,2,Retail_Strip_shopping_mall,,,,,,
43,3,Retail_Strip_shopping_mall,,,,,,
43,4,Retail_Strip_shopping_mall,,,,,,
43,5,Retail_Strip_shopping_mall,,,,,,
43,Aggregated,Retail_Strip_shopping_mall,,,,,,
43,Centralized,Retail_Strip_shopping_mall,,,,,,
44,0,Retail_Strip_shopping_mall,,,,,,
44,1,Retail_Strip_shopping_mall,,,,,,
44,2,Retail_Strip_shopping_mall,,,,,,
44,3,Retail_Strip_shopping_mall,,,,,,
44,4,Retail_Strip_shopping_mall,,,,,,
44,5,Retail_Strip_shopping_mall,,,,,,
44,Aggregated,Retail_Strip_shopping_mall,,,,,,
44,Centralized,Retail_Strip_shopping_mall,,,,,,
45,0,Retail_Strip_shopping_mall,,,,,,
45,1,Retail_Strip_shopping_mall,,,,,,
45,2,Retail_Strip_shopping_mall,,,,,,
45,3,Retail_Strip_shopping_mall,,,,,,
45,4,Retail_Strip_shopping_mall,,,,,,
45,5,Retail_Strip_shopping_mall,,,,,,
45,Aggregated,Retail_Strip_shopping_mall,,,,,,
45,Centralized,Retail_Strip_shopping_mall,,,,,,
46,0,Retail_Strip_shopping_mall,,,,,,
46,1,Retail_Strip_shopping_mall,,,,,,
46,2,Retail_Strip_shopping_mall,,,,,,
46,3,Retail_Strip_shopping_mall,,,,,,
46,4,Retail_Strip_shopping_mall,,,,,,
46,5,Retail_Strip_shopping_mall,,,,,,
46,Aggregated,Retail_Strip_shopping_mall,,,,,,
46,Centralized,Retail_Strip_shopping_mall,,,,,,
47,0,Retail_Strip_shopping_mall,,,,,,
47,1,Retail_Strip_shopping_mall,,,,,,
47,2,Retail_Strip_shopping_mall,,,,,,
47,3,Retail_Strip_shopping_mall,,,,,,
47,4,Retail_Strip_shopping_mall,,,,,,
47,5,Retail_Strip_shopping_mall,,,,,,
47,Aggregated,Retail_Strip_shopping_mall,,,,,,
47,Centralized,Retail_Strip_shopping_mall,,,,,,
48,0,Retail_Strip_shopping_mall,,,,,,
48,1,Retail_Strip_shopping_mall,,,,,,
48,2,Retail_Strip_shopping_mall,,,,,,
48,3,Retail_Strip_shopping_mall,,,,,,
48,4,Retail_Strip_shopping_mall,,,,,,
48,5,Retail_Strip_shopping_mall,,,,,,
48,Aggregated,Retail_Strip_shopping_mall,,,,,,
48,Centralized,Retail_Strip_shopping_mall,,,,,,
49,0,Retail_Strip_shopping_mall,,,,,,
49,1,Retail_Strip_shopping_mall,,,,,,
49,2,Retail_Strip_shopping_mall,,,,,,
49,3,Retail_Strip_shopping_mall,,,,,,
49,4,Retail_Strip_shopping_mall,,,,,,
49,5,Retail_Strip_shopping_mall,,,,,,
49,Aggregated,Retail_Strip_shopping_mall,,,,,,
49,Centralized,Retail_Strip_shopping_mall,,,,,,
50,0,Retail_Strip_shopping_mall,,,,,,
50,1,Retail_Strip_shopping_mall,,,,,,
50,2,Retail_Strip_shopping_mall,,,,,,
50,3,Retail_Strip_shopping_mall,,,,,,
50,4,Retail_Strip_shopping_mall,,,,,,
50,5,Retail_Strip_shopping_mall,,,,,,
50,Aggregated,Retail_Strip_shopping_mall,,,,,,
50,Centralized,Retail_Strip_shopping_mall,,,,,,
0,0,Service_Vehicle_service_repair_shop,,,,,,
0,1,Service_Vehicle_service_repair_shop,,,,,,
0,2,Service_Vehicle_service_repair_shop,,,,,,
0,3,Service_Vehicle_service_repair_shop,,,,,,
0,4,Service_Vehicle_service_repair_shop,,,,,,
0,5,Service_Vehicle_service_repair_shop,,,,,,
0,Aggregated,Service_Vehicle_service_repair_shop,,,,,,
0,Centralized,Service_Vehicle_service_repair_shop,,,,,,
1,0,Service_Vehicle_service_repair_shop,,,,,,
1,1,Service_Vehicle_service_repair_shop,,,,,,
1,2,Service_Vehicle_service_repair_shop,,,,,,
1,3,Service_Vehicle_service_repair_shop,,,,,,
1,4,Service_Vehicle_service_repair_shop,,,,,,
1,5,Service_Vehicle_service_repair_shop,,,,,,
1,Aggregated,Service_Vehicle_service_repair_shop,,,,,,
1,Centralized,Service_Vehicle_service_repair_shop,,,,,,
2,0,Service_Vehicle_service_repair_shop,,,,,,
2,1,Service_Vehicle_service_repair_shop,,,,,,
2,2,Service_Vehicle_service_repair_shop,,,,,,
2,3,Service_Vehicle_service_repair_shop,,,,,,
2,4,Service_Vehicle_service_repair_shop,,,,,,
2,5,Service_Vehicle_service_repair_shop,,,,,,
2,Aggregated,Service_Vehicle_service_repair_shop,,,,,,
2,Centralized,Service_Vehicle_service_repair_shop,,,,,,
3,0,Service_Vehicle_service_repair_shop,,,,,,
3,1,Service_Vehicle_service_repair_shop,,,,,,
3,2,Service_Vehicle_service_repair_shop,,,,,,
3,3,Service_Vehicle_service_repair_shop,,,,,,
3,4,Service_Vehicle_service_repair_shop,,,,,,
3,5,Service_Vehicle_service_repair_shop,,,,,,
3,Aggregated,Service_Vehicle_service_repair_shop,,,,,,
3,Centralized,Service_Vehicle_service_repair_shop,,,,,,
4,0,Service_Vehicle_service_repair_shop,,,,,,
4,1,Service_Vehicle_service_repair_shop,,,,,,
4,2,Service_Vehicle_service_repair_shop,,,,,,
4,3,Service_Vehicle_service_repair_shop,,,,,,
4,4,Service_Vehicle_service_repair_shop,,,,,,
4,5,Service_Vehicle_service_repair_shop,,,,,,
4,Aggregated,Service_Vehicle_service_repair_shop,,,,,,
4,Centralized,Service_Vehicle_service_repair_shop,,,,,,
5,0,Service_Vehicle_service_repair_shop,,,,,,
5,1,Service_Vehicle_service_repair_shop,,,,,,
5,2,Service_Vehicle_service_repair_shop,,,,,,
5,3,Service_Vehicle_service_repair_shop,,,,,,
5,4,Service_Vehicle_service_repair_shop,,,,,,
5,5,Service_Vehicle_service_repair_shop,,,,,,
5,Aggregated,Service_Vehicle_service_repair_shop,,,,,,
5,Centralized,Service_Vehicle_service_repair_shop,,,,,,
6,0,Service_Vehicle_service_repair_shop,,,,,,
6,1,Service_Vehicle_service_repair_shop,,,,,,
6,2,Service_Vehicle_service_repair_shop,,,,,,
6,3,Service_Vehicle_service_repair_shop,,,,,,
6,4,Service_Vehicle_service_repair_shop,,,,,,
6,5,Service_Vehicle_service_repair_shop,,,,,,
6,Aggregated,Service_Vehicle_service_repair_shop,,,,,,
6,Centralized,Service_Vehicle_service_repair_shop,,,,,,
7,0,Service_Vehicle_service_repair_shop,,,,,,
7,1,Service_Vehicle_service_repair_shop,,,,,,
7,2,Service_Vehicle_service_repair_shop,,,,,,
7,3,Service_Vehicle_service_repair_shop,,,,,,
7,4,Service_Vehicle_service_repair_shop,,,,,,
7,5,Service_Vehicle_service_repair_shop,,,,,,
7,Aggregated,Service_Vehicle_service_repair_shop,,,,,,
7,Centralized,Service_Vehicle_service_repair_shop,,,,,,
8,0,Service_Vehicle_service_repair_shop,,,,,,
8,1,Service_Vehicle_service_repair_shop,,,,,,
8,2,Service_Vehicle_service_repair_shop,,,,,,
8,3,Service_Vehicle_service_repair_shop,,,,,,
8,4,Service_Vehicle_service_repair_shop,,,,,,
8,5,Service_Vehicle_service_repair_shop,,,,,,
8,Aggregated,Service_Vehicle_service_repair_shop,,,,,,
8,Centralized,Service_Vehicle_service_repair_shop,,,,,,
9,0,Service_Vehicle_service_repair_shop,,,,,,
9,1,Service_Vehicle_service_repair_shop,,,,,,
9,2,Service_Vehicle_service_repair_shop,,,,,,
9,3,Service_Vehicle_service_repair_shop,,,,,,
9,4,Service_Vehicle_service_repair_shop,,,,,,
9,5,Service_Vehicle_service_repair_shop,,,,,,
9,Aggregated,Service_Vehicle_service_repair_shop,,,,,,
9,Centralized,Service_Vehicle_service_repair_shop,,,,,,
10,0,Service_Vehicle_service_repair_shop,,,,,,
10,1,Service_Vehicle_service_repair_shop,,,,,,
10,2,Service_Vehicle_service_repair_shop,,,,,,
10,3,Service_Vehicle_service_repair_shop,,,,,,
10,4,Service_Vehicle_service_repair_shop,,,,,,
10,5,Service_Vehicle_service_repair_shop,,,,,,
10,Aggregated,Service_Vehicle_service_repair_shop,,,,,,
10,Centralized,Service_Vehicle_service_repair_shop,,,,,,
11,0,Service_Vehicle_service_repair_shop,,,,,,
11,1,Service_Vehicle_service_repair_shop,,,,,,
11,2,Service_Vehicle_service_repair_shop,,,,,,
11,3,Service_Vehicle_service_repair_shop,,,,,,
11,4,Service_Vehicle_service_repair_shop,,,,,,
11,5,Service_Vehicle_service_repair_shop,,,,,,
11,Aggregated,Service_Vehicle_service_repair_shop,,,,,,
11,Centralized,Service_Vehicle_service_repair_shop,,,,,,
12,0,Service_Vehicle_service_repair_shop,,,,,,
12,1,Service_Vehicle_service_repair_shop,,,,,,
12,2,Service_Vehicle_service_repair_shop,,,,,,
12,3,Service_Vehicle_service_repair_shop,,,,,,
12,4,Service_Vehicle_service_repair_shop,,,,,,
12,5,Service_Vehicle_service_repair_shop,,,,,,
12,Aggregated,Service_Vehicle_service_repair_shop,,,,,,
12,Centralized,Service_Vehicle_service_repair_shop,,,,,,
13,0,Service_Vehicle_service_repair_shop,,,,,,
13,1,Service_Vehicle_service_repair_shop,,,,,,
13,2,Service_Vehicle_service_repair_shop,,,,,,
13,3,Service_Vehicle_service_repair_shop,,,,,,
13,4,Service_Vehicle_service_repair_shop,,,,,,
13,5,Service_Vehicle_service_repair_shop,,,,,,
13,Aggregated,Service_Vehicle_service_repair_shop,,,,,,
13,Centralized,Service_Vehicle_service_repair_shop,,,,,,
14,0,Service_Vehicle_service_repair_shop,,,,,,
14,1,Service_Vehicle_service_repair_shop,,,,,,
14,2,Service_Vehicle_service_repair_shop,,,,,,
14,3,Service_Vehicle_service_repair_shop,,,,,,
14,4,Service_Vehicle_service_repair_shop,,,,,,
14,5,Service_Vehicle_service_repair_shop,,,,,,
14,Aggregated,Service_Vehicle_service_repair_shop,,,,,,
14,Centralized,Service_Vehicle_service_repair_shop,,,,,,
15,0,Service_Vehicle_service_repair_shop,,,,,,
15,1,Service_Vehicle_service_repair_shop,,,,,,
15,2,Service_Vehicle_service_repair_shop,,,,,,
15,3,Service_Vehicle_service_repair_shop,,,,,,
15,4,Service_Vehicle_service_repair_shop,,,,,,
15,5,Service_Vehicle_service_repair_shop,,,,,,
15,Aggregated,Service_Vehicle_service_repair_shop,,,,,,
15,Centralized,Service_Vehicle_service_repair_shop,,,,,,
16,0,Service_Vehicle_service_repair_shop,,,,,,
16,1,Service_Vehicle_service_repair_shop,,,,,,
16,2,Service_Vehicle_service_repair_shop,,,,,,
16,3,Service_Vehicle_service_repair_shop,,,,,,
16,4,Service_Vehicle_service_repair_shop,,,,,,
16,5,Service_Vehicle_service_repair_shop,,,,,,
16,Aggregated,Service_Vehicle_service_repair_shop,,,,,,
16,Centralized,Service_Vehicle_service_repair_shop,,,,,,
17,0,Service_Vehicle_service_repair_shop,,,,,,
17,1,Service_Vehicle_service_repair_shop,,,,,,
17,2,Service_Vehicle_service_repair_shop,,,,,,
17,3,Service_Vehicle_service_repair_shop,,,,,,
17,4,Service_Vehicle_service_repair_shop,,,,,,
17,5,Service_Vehicle_service_repair_shop,,,,,,
17,Aggregated,Service_Vehicle_service_repair_shop,,,,,,
17,Centralized,Service_Vehicle_service_repair_shop,,,,,,
18,0,Service_Vehicle_service_repair_shop,,,,,,
18,1,Service_Vehicle_service_repair_shop,,,,,,
18,2,Service_Vehicle_service_repair_shop,,,,,,
18,3,Service_Vehicle_service_repair_shop,,,,,,
18,4,Service_Vehicle_service_repair_shop,,,,,,
18,5,Service_Vehicle_service_repair_shop,,,,,,
18,Aggregated,Service_Vehicle_service_repair_shop,,,,,,
18,Centralized,Service_Vehicle_service_repair_shop,,,,,,
19,0,Service_Vehicle_service_repair_shop,,,,,,
19,1,Service_Vehicle_service_repair_shop,,,,,,
19,2,Service_Vehicle_service_repair_shop,,,,,,
19,3,Service_Vehicle_service_repair_shop,,,,,,
19,4,Service_Vehicle_service_repair_shop,,,,,,
19,5,Service_Vehicle_service_repair_shop,,,,,,
19,Aggregated,Service_Vehicle_service_repair_shop,,,,,,
19,Centralized,Service_Vehicle_service_repair_shop,,,,,,
20,0,Service_Vehicle_service_repair_shop,,,,,,
20,1,Service_Vehicle_service_repair_shop,,,,,,
20,2,Service_Vehicle_service_repair_shop,,,,,,
20,3,Service_Vehicle_service_repair_shop,,,,,,
20,4,Service_Vehicle_service_repair_shop,,,,,,
20,5,Service_Vehicle_service_repair_shop,,,,,,
20,Aggregated,Service_Vehicle_service_repair_shop,,,,,,
20,Centralized,Service_Vehicle_service_repair_shop,,,,,,
21,0,Service_Vehicle_service_repair_shop,,,,,,
21,1,Service_Vehicle_service_repair_shop,,,,,,
21,2,Service_Vehicle_service_repair_shop,,,,,,
21,3,Service_Vehicle_service_repair_shop,,,,,,
21,4,Service_Vehicle_service_repair_shop,,,,,,
21,5,Service_Vehicle_service_repair_shop,,,,,,
21,Aggregated,Service_Vehicle_service_repair_shop,,,,,,
21,Centralized,Service_Vehicle_service_repair_shop,,,,,,
22,0,Service_Vehicle_service_repair_shop,,,,,,
22,1,Service_Vehicle_service_repair_shop,,,,,,
22,2,Service_Vehicle_service_repair_shop,,,,,,
22,3,Service_Vehicle_service_repair_shop,,,,,,
22,4,Service_Vehicle_service_repair_shop,,,,,,
22,5,Service_Vehicle_service_repair_shop,,,,,,
22,Aggregated,Service_Vehicle_service_repair_shop,,,,,,
22,Centralized,Service_Vehicle_service_repair_shop,,,,,,
23,0,Service_Vehicle_service_repair_shop,,,,,,
23,1,Service_Vehicle_service_repair_shop,,,,,,
23,2,Service_Vehicle_service_repair_shop,,,,,,
23,3,Service_Vehicle_service_repair_shop,,,,,,
23,4,Service_Vehicle_service_repair_shop,,,,,,
23,5,Service_Vehicle_service_repair_shop,,,,,,
23,Aggregated,Service_Vehicle_service_repair_shop,,,,,,
23,Centralized,Service_Vehicle_service_repair_shop,,,,,,
24,0,Service_Vehicle_service_repair_shop,,,,,,
24,1,Service_Vehicle_service_repair_shop,,,,,,
24,2,Service_Vehicle_service_repair_shop,,,,,,
24,3,Service_Vehicle_service_repair_shop,,,,,,
24,4,Service_Vehicle_service_repair_shop,,,,,,
24,5,Service_Vehicle_service_repair_shop,,,,,,
24,Aggregated,Service_Vehicle_service_repair_shop,,,,,,
24,Centralized,Service_Vehicle_service_repair_shop,,,,,,
25,0,Service_Vehicle_service_repair_shop,,,,,,
25,1,Service_Vehicle_service_repair_shop,,,,,,
25,2,Service_Vehicle_service_repair_shop,,,,,,
25,3,Service_Vehicle_service_repair_shop,,,,,,
25,4,Service_Vehicle_service_repair_shop,,,,,,
25,5,Service_Vehicle_service_repair_shop,,,,,,
25,Aggregated,Service_Vehicle_service_repair_shop,,,,,,
25,Centralized,Service_Vehicle_service_repair_shop,,,,,,
26,0,Service_Vehicle_service_repair_shop,,,,,,
26,1,Service_Vehicle_service_repair_shop,,,,,,
26,2,Service_Vehicle_service_repair_shop,,,,,,
26,3,Service_Vehicle_service_repair_shop,,,,,,
26,4,Service_Vehicle_service_repair_shop,,,,,,
26,5,Service_Vehicle_service_repair_shop,,,,,,
26,Aggregated,Service_Vehicle_service_repair_shop,,,,,,
26,Centralized,Service_Vehicle_service_repair_shop,,,,,,
27,0,Service_Vehicle_service_repair_shop,,,,,,
27,1,Service_Vehicle_service_repair_shop,,,,,,
27,2,Service_Vehicle_service_repair_shop,,,,,,
27,3,Service_Vehicle_service_repair_shop,,,,,,
27,4,Service_Vehicle_service_repair_shop,,,,,,
27,5,Service_Vehicle_service_repair_shop,,,,,,
27,Aggregated,Service_Vehicle_service_repair_shop,,,,,,
27,Centralized,Service_Vehicle_service_repair_shop,,,,,,
28,0,Service_Vehicle_service_repair_shop,,,,,,
28,1,Service_Vehicle_service_repair_shop,,,,,,
28,2,Service_Vehicle_service_repair_shop,,,,,,
28,3,Service_Vehicle_service_repair_shop,,,,,,
28,4,Service_Vehicle_service_repair_shop,,,,,,
28,5,Service_Vehicle_service_repair_shop,,,,,,
28,Aggregated,Service_Vehicle_service_repair_shop,,,,,,
28,Centralized,Service_Vehicle_service_repair_shop,,,,,,
29,0,Service_Vehicle_service_repair_shop,,,,,,
29,1,Service_Vehicle_service_repair_shop,,,,,,
29,2,Service_Vehicle_service_repair_shop,,,,,,
29,3,Service_Vehicle_service_repair_shop,,,,,,
29,4,Service_Vehicle_service_repair_shop,,,,,,
29,5,Service_Vehicle_service_repair_shop,,,,,,
29,Aggregated,Service_Vehicle_service_repair_shop,,,,,,
29,Centralized,Service_Vehicle_service_repair_shop,,,,,,
30,0,Service_Vehicle_service_repair_shop,,,,,,
30,1,Service_Vehicle_service_repair_shop,,,,,,
30,2,Service_Vehicle_service_repair_shop,,,,,,
30,3,Service_Vehicle_service_repair_shop,,,,,,
30,4,Service_Vehicle_service_repair_shop,,,,,,
30,5,Service_Vehicle_service_repair_shop,,,,,,
30,Aggregated,Service_Vehicle_service_repair_shop,,,,,,
30,Centralized,Service_Vehicle_service_repair_shop,,,,,,
31,0,Service_Vehicle_service_repair_shop,,,,,,
31,1,Service_Vehicle_service_repair_shop,,,,,,
31,2,Service_Vehicle_service_repair_shop,,,,,,
31,3,Service_Vehicle_service_repair_shop,,,,,,
31,4,Service_Vehicle_service_repair_shop,,,,,,
31,5,Service_Vehicle_service_repair_shop,,,,,,
31,Aggregated,Service_Vehicle_service_repair_shop,,,,,,
31,Centralized,Service_Vehicle_service_repair_shop,,,,,,
32,0,Service_Vehicle_service_repair_shop,,,,,,
32,1,Service_Vehicle_service_repair_shop,,,,,,
32,2,Service_Vehicle_service_repair_shop,,,,,,
32,3,Service_Vehicle_service_repair_shop,,,,,,
32,4,Service_Vehicle_service_repair_shop,,,,,,
32,5,Service_Vehicle_service_repair_shop,,,,,,
32,Aggregated,Service_Vehicle_service_repair_shop,,,,,,
32,Centralized,Service_Vehicle_service_repair_shop,,,,,,
33,0,Service_Vehicle_service_repair_shop,,,,,,
33,1,Service_Vehicle_service_repair_shop,,,,,,
33,2,Service_Vehicle_service_repair_shop,,,,,,
33,3,Service_Vehicle_service_repair_shop,,,,,,
33,4,Service_Vehicle_service_repair_shop,,,,,,
33,5,Service_Vehicle_service_repair_shop,,,,,,
33,Aggregated,Service_Vehicle_service_repair_shop,,,,,,
33,Centralized,Service_Vehicle_service_repair_shop,,,,,,
34,0,Service_Vehicle_service_repair_shop,,,,,,
34,1,Service_Vehicle_service_repair_shop,,,,,,
34,2,Service_Vehicle_service_repair_shop,,,,,,
34,3,Service_Vehicle_service_repair_shop,,,,,,
34,4,Service_Vehicle_service_repair_shop,,,,,,
34,5,Service_Vehicle_service_repair_shop,,,,,,
34,Aggregated,Service_Vehicle_service_repair_shop,,,,,,
34,Centralized,Service_Vehicle_service_repair_shop,,,,,,
35,0,Service_Vehicle_service_repair_shop,,,,,,
35,1,Service_Vehicle_service_repair_shop,,,,,,
35,2,Service_Vehicle_service_repair_shop,,,,,,
35,3,Service_Vehicle_service_repair_shop,,,,,,
35,4,Service_Vehicle_service_repair_shop,,,,,,
35,5,Service_Vehicle_service_repair_shop,,,,,,
35,Aggregated,Service_Vehicle_service_repair_shop,,,,,,
35,Centralized,Service_Vehicle_service_repair_shop,,,,,,
36,0,Service_Vehicle_service_repair_shop,,,,,,
36,1,Service_Vehicle_service_repair_shop,,,,,,
36,2,Service_Vehicle_service_repair_shop,,,,,,
36,3,Service_Vehicle_service_repair_shop,,,,,,
36,4,Service_Vehicle_service_repair_shop,,,,,,
36,5,Service_Vehicle_service_repair_shop,,,,,,
36,Aggregated,Service_Vehicle_service_repair_shop,,,,,,
36,Centralized,Service_Vehicle_service_repair_shop,,,,,,
37,0,Service_Vehicle_service_repair_shop,,,,,,
37,1,Service_Vehicle_service_repair_shop,,,,,,
37,2,Service_Vehicle_service_repair_shop,,,,,,
37,3,Service_Vehicle_service_repair_shop,,,,,,
37,4,Service_Vehicle_service_repair_shop,,,,,,
37,5,Service_Vehicle_service_repair_shop,,,,,,
37,Aggregated,Service_Vehicle_service_repair_shop,,,,,,
37,Centralized,Service_Vehicle_service_repair_shop,,,,,,
38,0,Service_Vehicle_service_repair_shop,,,,,,
38,1,Service_Vehicle_service_repair_shop,,,,,,
38,2,Service_Vehicle_service_repair_shop,,,,,,
38,3,Service_Vehicle_service_repair_shop,,,,,,
38,4,Service_Vehicle_service_repair_shop,,,,,,
38,5,Service_Vehicle_service_repair_shop,,,,,,
38,Aggregated,Service_Vehicle_service_repair_shop,,,,,,
38,Centralized,Service_Vehicle_service_repair_shop,,,,,,
39,0,Service_Vehicle_service_repair_shop,,,,,,
39,1,Service_Vehicle_service_repair_shop,,,,,,
39,2,Service_Vehicle_service_repair_shop,,,,,,
39,3,Service_Vehicle_service_repair_shop,,,,,,
39,4,Service_Vehicle_service_repair_shop,,,,,,
39,5,Service_Vehicle_service_repair_shop,,,,,,
39,Aggregated,Service_Vehicle_service_repair_shop,,,,,,
39,Centralized,Service_Vehicle_service_repair_shop,,,,,,
40,0,Service_Vehicle_service_repair_shop,,,,,,
40,1,Service_Vehicle_service_repair_shop,,,,,,
40,2,Service_Vehicle_service_repair_shop,,,,,,
40,3,Service_Vehicle_service_repair_shop,,,,,,
40,4,Service_Vehicle_service_repair_shop,,,,,,
40,5,Service_Vehicle_service_repair_shop,,,,,,
40,Aggregated,Service_Vehicle_service_repair_shop,,,,,,
40,Centralized,Service_Vehicle_service_repair_shop,,,,,,
41,0,Service_Vehicle_service_repair_shop,,,,,,
41,1,Service_Vehicle_service_repair_shop,,,,,,
41,2,Service_Vehicle_service_repair_shop,,,,,,
41,3,Service_Vehicle_service_repair_shop,,,,,,
41,4,Service_Vehicle_service_repair_shop,,,,,,
41,5,Service_Vehicle_service_repair_shop,,,,,,
41,Aggregated,Service_Vehicle_service_repair_shop,,,,,,
41,Centralized,Service_Vehicle_service_repair_shop,,,,,,
42,0,Service_Vehicle_service_repair_shop,,,,,,
42,1,Service_Vehicle_service_repair_shop,,,,,,
42,2,Service_Vehicle_service_repair_shop,,,,,,
42,3,Service_Vehicle_service_repair_shop,,,,,,
42,4,Service_Vehicle_service_repair_shop,,,,,,
42,5,Service_Vehicle_service_repair_shop,,,,,,
42,Aggregated,Service_Vehicle_service_repair_shop,,,,,,
42,Centralized,Service_Vehicle_service_repair_shop,,,,,,
43,0,Service_Vehicle_service_repair_shop,,,,,,
43,1,Service_Vehicle_service_repair_shop,,,,,,
43,2,Service_Vehicle_service_repair_shop,,,,,,
43,3,Service_Vehicle_service_repair_shop,,,,,,
43,4,Service_Vehicle_service_repair_shop,,,,,,
43,5,Service_Vehicle_service_repair_shop,,,,,,
43,Aggregated,Service_Vehicle_service_repair_shop,,,,,,
43,Centralized,Service_Vehicle_service_repair_shop,,,,,,
44,0,Service_Vehicle_service_repair_shop,,,,,,
44,1,Service_Vehicle_service_repair_shop,,,,,,
44,2,Service_Vehicle_service_repair_shop,,,,,,
44,3,Service_Vehicle_service_repair_shop,,,,,,
44,4,Service_Vehicle_service_repair_shop,,,,,,
44,5,Service_Vehicle_service_repair_shop,,,,,,
44,Aggregated,Service_Vehicle_service_repair_shop,,,,,,
44,Centralized,Service_Vehicle_service_repair_shop,,,,,,
45,0,Service_Vehicle_service_repair_shop,,,,,,
45,1,Service_Vehicle_service_repair_shop,,,,,,
45,2,Service_Vehicle_service_repair_shop,,,,,,
45,3,Service_Vehicle_service_repair_shop,,,,,,
45,4,Service_Vehicle_service_repair_shop,,,,,,
45,5,Service_Vehicle_service_repair_shop,,,,,,
45,Aggregated,Service_Vehicle_service_repair_shop,,,,,,
45,Centralized,Service_Vehicle_service_repair_shop,,,,,,
46,0,Service_Vehicle_service_repair_shop,,,,,,
46,1,Service_Vehicle_service_repair_shop,,,,,,
46,2,Service_Vehicle_service_repair_shop,,,,,,
46,3,Service_Vehicle_service_repair_shop,,,,,,
46,4,Service_Vehicle_service_repair_shop,,,,,,
46,5,Service_Vehicle_service_repair_shop,,,,,,
46,Aggregated,Service_Vehicle_service_repair_shop,,,,,,
46,Centralized,Service_Vehicle_service_repair_shop,,,,,,
47,0,Service_Vehicle_service_repair_shop,,,,,,
47,1,Service_Vehicle_service_repair_shop,,,,,,
47,2,Service_Vehicle_service_repair_shop,,,,,,
47,3,Service_Vehicle_service_repair_shop,,,,,,
47,4,Service_Vehicle_service_repair_shop,,,,,,
47,5,Service_Vehicle_service_repair_shop,,,,,,
47,Aggregated,Service_Vehicle_service_repair_shop,,,,,,
47,Centralized,Service_Vehicle_service_repair_shop,,,,,,
48,0,Service_Vehicle_service_repair_shop,,,,,,
48,1,Service_Vehicle_service_repair_shop,,,,,,
48,2,Service_Vehicle_service_repair_shop,,,,,,
48,3,Service_Vehicle_service_repair_shop,,,,,,
48,4,Service_Vehicle_service_repair_shop,,,,,,
48,5,Service_Vehicle_service_repair_shop,,,,,,
48,Aggregated,Service_Vehicle_service_repair_shop,,,,,,
48,Centralized,Service_Vehicle_service_repair_shop,,,,,,
49,0,Service_Vehicle_service_repair_shop,,,,,,
49,1,Service_Vehicle_service_repair_shop,,,,,,
49,2,Service_Vehicle_service_repair_shop,,,,,,
49,3,Service_Vehicle_service_repair_shop,,,,,,
49,4,Service_Vehicle_service_repair_shop,,,,,,
49,5,Service_Vehicle_service_repair_shop,,,,,,
49,Aggregated,Service_Vehicle_service_repair_shop,,,,,,
49,Centralized,Service_Vehicle_service_repair_shop,,,,,,
50,0,Service_Vehicle_service_repair_shop,,,,,,
50,1,Service_Vehicle_service_repair_shop,,,,,,
50,2,Service_Vehicle_service_repair_shop,,,,,,
50,3,Service_Vehicle_service_repair_shop,,,,,,
50,4,Service_Vehicle_service_repair_shop,,,,,,
50,5,Service_Vehicle_service_repair_shop,,,,,,
50,Aggregated,Service_Vehicle_service_repair_shop,,,,,,
50,Centralized,Service_Vehicle_service_repair_shop,,,,,,
0,0,Retail_Enclosed_mall,,,,,,
0,1,Retail_Enclosed_mall,,,,,,
0,2,Retail_Enclosed_mall,,,,,,
0,3,Retail_Enclosed_mall,,,,,,
0,4,Retail_Enclosed_mall,,,,,,
0,5,Retail_Enclosed_mall,,,,,,
0,Aggregated,Retail_Enclosed_mall,,,,,,
0,Centralized,Retail_Enclosed_mall,,,,,,
1,0,Retail_Enclosed_mall,,,,,,
1,1,Retail_Enclosed_mall,,,,,,
1,2,Retail_Enclosed_mall,,,,,,
1,3,Retail_Enclosed_mall,,,,,,
1,4,Retail_Enclosed_mall,,,,,,
1,5,Retail_Enclosed_mall,,,,,,
1,Aggregated,Retail_Enclosed_mall,,,,,,
1,Centralized,Retail_Enclosed_mall,,,,,,
2,0,Retail_Enclosed_mall,,,,,,
2,1,Retail_Enclosed_mall,,,,,,
2,2,Retail_Enclosed_mall,,,,,,
2,3,Retail_Enclosed_mall,,,,,,
2,4,Retail_Enclosed_mall,,,,,,
2,5,Retail_Enclosed_mall,,,,,,
2,Aggregated,Retail_Enclosed_mall,,,,,,
2,Centralized,Retail_Enclosed_mall,,,,,,
3,0,Retail_Enclosed_mall,,,,,,
3,1,Retail_Enclosed_mall,,,,,,
3,2,Retail_Enclosed_mall,,,,,,
3,3,Retail_Enclosed_mall,,,,,,
3,4,Retail_Enclosed_mall,,,,,,
3,5,Retail_Enclosed_mall,,,,,,
3,Aggregated,Retail_Enclosed_mall,,,,,,
3,Centralized,Retail_Enclosed_mall,,,,,,
4,0,Retail_Enclosed_mall,,,,,,
4,1,Retail_Enclosed_mall,,,,,,
4,2,Retail_Enclosed_mall,,,,,,
4,3,Retail_Enclosed_mall,,,,,,
4,4,Retail_Enclosed_mall,,,,,,
4,5,Retail_Enclosed_mall,,,,,,
4,Aggregated,Retail_Enclosed_mall,,,,,,
4,Centralized,Retail_Enclosed_mall,,,,,,
5,0,Retail_Enclosed_mall,,,,,,
5,1,Retail_Enclosed_mall,,,,,,
5,2,Retail_Enclosed_mall,,,,,,
5,3,Retail_Enclosed_mall,,,,,,
5,4,Retail_Enclosed_mall,,,,,,
5,5,Retail_Enclosed_mall,,,,,,
5,Aggregated,Retail_Enclosed_mall,,,,,,
5,Centralized,Retail_Enclosed_mall,,,,,,
6,0,Retail_Enclosed_mall,,,,,,
6,1,Retail_Enclosed_mall,,,,,,
6,2,Retail_Enclosed_mall,,,,,,
6,3,Retail_Enclosed_mall,,,,,,
6,4,Retail_Enclosed_mall,,,,,,
6,5,Retail_Enclosed_mall,,,,,,
6,Aggregated,Retail_Enclosed_mall,,,,,,
6,Centralized,Retail_Enclosed_mall,,,,,,
7,0,Retail_Enclosed_mall,,,,,,
7,1,Retail_Enclosed_mall,,,,,,
7,2,Retail_Enclosed_mall,,,,,,
7,3,Retail_Enclosed_mall,,,,,,
7,4,Retail_Enclosed_mall,,,,,,
7,5,Retail_Enclosed_mall,,,,,,
7,Aggregated,Retail_Enclosed_mall,,,,,,
7,Centralized,Retail_Enclosed_mall,,,,,,
8,0,Retail_Enclosed_mall,,,,,,
8,1,Retail_Enclosed_mall,,,,,,
8,2,Retail_Enclosed_mall,,,,,,
8,3,Retail_Enclosed_mall,,,,,,
8,4,Retail_Enclosed_mall,,,,,,
8,5,Retail_Enclosed_mall,,,,,,
8,Aggregated,Retail_Enclosed_mall,,,,,,
8,Centralized,Retail_Enclosed_mall,,,,,,
9,0,Retail_Enclosed_mall,,,,,,
9,1,Retail_Enclosed_mall,,,,,,
9,2,Retail_Enclosed_mall,,,,,,
9,3,Retail_Enclosed_mall,,,,,,
9,4,Retail_Enclosed_mall,,,,,,
9,5,Retail_Enclosed_mall,,,,,,
9,Aggregated,Retail_Enclosed_mall,,,,,,
9,Centralized,Retail_Enclosed_mall,,,,,,
10,0,Retail_Enclosed_mall,,,,,,
10,1,Retail_Enclosed_mall,,,,,,
10,2,Retail_Enclosed_mall,,,,,,
10,3,Retail_Enclosed_mall,,,,,,
10,4,Retail_Enclosed_mall,,,,,,
10,5,Retail_Enclosed_mall,,,,,,
10,Aggregated,Retail_Enclosed_mall,,,,,,
10,Centralized,Retail_Enclosed_mall,,,,,,
11,0,Retail_Enclosed_mall,,,,,,
11,1,Retail_Enclosed_mall,,,,,,
11,2,Retail_Enclosed_mall,,,,,,
11,3,Retail_Enclosed_mall,,,,,,
11,4,Retail_Enclosed_mall,,,,,,
11,5,Retail_Enclosed_mall,,,,,,
11,Aggregated,Retail_Enclosed_mall,,,,,,
11,Centralized,Retail_Enclosed_mall,,,,,,
12,0,Retail_Enclosed_mall,,,,,,
12,1,Retail_Enclosed_mall,,,,,,
12,2,Retail_Enclosed_mall,,,,,,
12,3,Retail_Enclosed_mall,,,,,,
12,4,Retail_Enclosed_mall,,,,,,
12,5,Retail_Enclosed_mall,,,,,,
12,Aggregated,Retail_Enclosed_mall,,,,,,
12,Centralized,Retail_Enclosed_mall,,,,,,
13,0,Retail_Enclosed_mall,,,,,,
13,1,Retail_Enclosed_mall,,,,,,
13,2,Retail_Enclosed_mall,,,,,,
13,3,Retail_Enclosed_mall,,,,,,
13,4,Retail_Enclosed_mall,,,,,,
13,5,Retail_Enclosed_mall,,,,,,
13,Aggregated,Retail_Enclosed_mall,,,,,,
13,Centralized,Retail_Enclosed_mall,,,,,,
14,0,Retail_Enclosed_mall,,,,,,
14,1,Retail_Enclosed_mall,,,,,,
14,2,Retail_Enclosed_mall,,,,,,
14,3,Retail_Enclosed_mall,,,,,,
14,4,Retail_Enclosed_mall,,,,,,
14,5,Retail_Enclosed_mall,,,,,,
14,Aggregated,Retail_Enclosed_mall,,,,,,
14,Centralized,Retail_Enclosed_mall,,,,,,
15,0,Retail_Enclosed_mall,,,,,,
15,1,Retail_Enclosed_mall,,,,,,
15,2,Retail_Enclosed_mall,,,,,,
15,3,Retail_Enclosed_mall,,,,,,
15,4,Retail_Enclosed_mall,,,,,,
15,5,Retail_Enclosed_mall,,,,,,
15,Aggregated,Retail_Enclosed_mall,,,,,,
15,Centralized,Retail_Enclosed_mall,,,,,,
16,0,Retail_Enclosed_mall,,,,,,
16,1,Retail_Enclosed_mall,,,,,,
16,2,Retail_Enclosed_mall,,,,,,
16,3,Retail_Enclosed_mall,,,,,,
16,4,Retail_Enclosed_mall,,,,,,
16,5,Retail_Enclosed_mall,,,,,,
16,Aggregated,Retail_Enclosed_mall,,,,,,
16,Centralized,Retail_Enclosed_mall,,,,,,
17,0,Retail_Enclosed_mall,,,,,,
17,1,Retail_Enclosed_mall,,,,,,
17,2,Retail_Enclosed_mall,,,,,,
17,3,Retail_Enclosed_mall,,,,,,
17,4,Retail_Enclosed_mall,,,,,,
17,5,Retail_Enclosed_mall,,,,,,
17,Aggregated,Retail_Enclosed_mall,,,,,,
17,Centralized,Retail_Enclosed_mall,,,,,,
18,0,Retail_Enclosed_mall,,,,,,
18,1,Retail_Enclosed_mall,,,,,,
18,2,Retail_Enclosed_mall,,,,,,
18,3,Retail_Enclosed_mall,,,,,,
18,4,Retail_Enclosed_mall,,,,,,
18,5,Retail_Enclosed_mall,,,,,,
18,Aggregated,Retail_Enclosed_mall,,,,,,
18,Centralized,Retail_Enclosed_mall,,,,,,
19,0,Retail_Enclosed_mall,,,,,,
19,1,Retail_Enclosed_mall,,,,,,
19,2,Retail_Enclosed_mall,,,,,,
19,3,Retail_Enclosed_mall,,,,,,
19,4,Retail_Enclosed_mall,,,,,,
19,5,Retail_Enclosed_mall,,,,,,
19,Aggregated,Retail_Enclosed_mall,,,,,,
19,Centralized,Retail_Enclosed_mall,,,,,,
20,0,Retail_Enclosed_mall,,,,,,
20,1,Retail_Enclosed_mall,,,,,,
20,2,Retail_Enclosed_mall,,,,,,
20,3,Retail_Enclosed_mall,,,,,,
20,4,Retail_Enclosed_mall,,,,,,
20,5,Retail_Enclosed_mall,,,,,,
20,Aggregated,Retail_Enclosed_mall,,,,,,
20,Centralized,Retail_Enclosed_mall,,,,,,
21,0,Retail_Enclosed_mall,,,,,,
21,1,Retail_Enclosed_mall,,,,,,
21,2,Retail_Enclosed_mall,,,,,,
21,3,Retail_Enclosed_mall,,,,,,
21,4,Retail_Enclosed_mall,,,,,,
21,5,Retail_Enclosed_mall,,,,,,
21,Aggregated,Retail_Enclosed_mall,,,,,,
21,Centralized,Retail_Enclosed_mall,,,,,,
22,0,Retail_Enclosed_mall,,,,,,
22,1,Retail_Enclosed_mall,,,,,,
22,2,Retail_Enclosed_mall,,,,,,
22,3,Retail_Enclosed_mall,,,,,,
22,4,Retail_Enclosed_mall,,,,,,
22,5,Retail_Enclosed_mall,,,,,,
22,Aggregated,Retail_Enclosed_mall,,,,,,
22,Centralized,Retail_Enclosed_mall,,,,,,
23,0,Retail_Enclosed_mall,,,,,,
23,1,Retail_Enclosed_mall,,,,,,
23,2,Retail_Enclosed_mall,,,,,,
23,3,Retail_Enclosed_mall,,,,,,
23,4,Retail_Enclosed_mall,,,,,,
23,5,Retail_Enclosed_mall,,,,,,
23,Aggregated,Retail_Enclosed_mall,,,,,,
23,Centralized,Retail_Enclosed_mall,,,,,,
24,0,Retail_Enclosed_mall,,,,,,
24,1,Retail_Enclosed_mall,,,,,,
24,2,Retail_Enclosed_mall,,,,,,
24,3,Retail_Enclosed_mall,,,,,,
24,4,Retail_Enclosed_mall,,,,,,
24,5,Retail_Enclosed_mall,,,,,,
24,Aggregated,Retail_Enclosed_mall,,,,,,
24,Centralized,Retail_Enclosed_mall,,,,,,
25,0,Retail_Enclosed_mall,,,,,,
25,1,Retail_Enclosed_mall,,,,,,
25,2,Retail_Enclosed_mall,,,,,,
25,3,Retail_Enclosed_mall,,,,,,
25,4,Retail_Enclosed_mall,,,,,,
25,5,Retail_Enclosed_mall,,,,,,
25,Aggregated,Retail_Enclosed_mall,,,,,,
25,Centralized,Retail_Enclosed_mall,,,,,,
26,0,Retail_Enclosed_mall,,,,,,
26,1,Retail_Enclosed_mall,,,,,,
26,2,Retail_Enclosed_mall,,,,,,
26,3,Retail_Enclosed_mall,,,,,,
26,4,Retail_Enclosed_mall,,,,,,
26,5,Retail_Enclosed_mall,,,,,,
26,Aggregated,Retail_Enclosed_mall,,,,,,
26,Centralized,Retail_Enclosed_mall,,,,,,
27,0,Retail_Enclosed_mall,,,,,,
27,1,Retail_Enclosed_mall,,,,,,
27,2,Retail_Enclosed_mall,,,,,,
27,3,Retail_Enclosed_mall,,,,,,
27,4,Retail_Enclosed_mall,,,,,,
27,5,Retail_Enclosed_mall,,,,,,
27,Aggregated,Retail_Enclosed_mall,,,,,,
27,Centralized,Retail_Enclosed_mall,,,,,,
28,0,Retail_Enclosed_mall,,,,,,
28,1,Retail_Enclosed_mall,,,,,,
28,2,Retail_Enclosed_mall,,,,,,
28,3,Retail_Enclosed_mall,,,,,,
28,4,Retail_Enclosed_mall,,,,,,
28,5,Retail_Enclosed_mall,,,,,,
28,Aggregated,Retail_Enclosed_mall,,,,,,
28,Centralized,Retail_Enclosed_mall,,,,,,
29,0,Retail_Enclosed_mall,,,,,,
29,1,Retail_Enclosed_mall,,,,,,
29,2,Retail_Enclosed_mall,,,,,,
29,3,Retail_Enclosed_mall,,,,,,
29,4,Retail_Enclosed_mall,,,,,,
29,5,Retail_Enclosed_mall,,,,,,
29,Aggregated,Retail_Enclosed_mall,,,,,,
29,Centralized,Retail_Enclosed_mall,,,,,,
30,0,Retail_Enclosed_mall,,,,,,
30,1,Retail_Enclosed_mall,,,,,,
30,2,Retail_Enclosed_mall,,,,,,
30,3,Retail_Enclosed_mall,,,,,,
30,4,Retail_Enclosed_mall,,,,,,
30,5,Retail_Enclosed_mall,,,,,,
30,Aggregated,Retail_Enclosed_mall,,,,,,
30,Centralized,Retail_Enclosed_mall,,,,,,
31,0,Retail_Enclosed_mall,,,,,,
31,1,Retail_Enclosed_mall,,,,,,
31,2,Retail_Enclosed_mall,,,,,,
31,3,Retail_Enclosed_mall,,,,,,
31,4,Retail_Enclosed_mall,,,,,,
31,5,Retail_Enclosed_mall,,,,,,
31,Aggregated,Retail_Enclosed_mall,,,,,,
31,Centralized,Retail_Enclosed_mall,,,,,,
32,0,Retail_Enclosed_mall,,,,,,
32,1,Retail_Enclosed_mall,,,,,,
32,2,Retail_Enclosed_mall,,,,,,
32,3,Retail_Enclosed_mall,,,,,,
32,4,Retail_Enclosed_mall,,,,,,
32,5,Retail_Enclosed_mall,,,,,,
32,Aggregated,Retail_Enclosed_mall,,,,,,
32,Centralized,Retail_Enclosed_mall,,,,,,
33,0,Retail_Enclosed_mall,,,,,,
33,1,Retail_Enclosed_mall,,,,,,
33,2,Retail_Enclosed_mall,,,,,,
33,3,Retail_Enclosed_mall,,,,,,
33,4,Retail_Enclosed_mall,,,,,,
33,5,Retail_Enclosed_mall,,,,,,
33,Aggregated,Retail_Enclosed_mall,,,,,,
33,Centralized,Retail_Enclosed_mall,,,,,,
34,0,Retail_Enclosed_mall,,,,,,
34,1,Retail_Enclosed_mall,,,,,,
34,2,Retail_Enclosed_mall,,,,,,
34,3,Retail_Enclosed_mall,,,,,,
34,4,Retail_Enclosed_mall,,,,,,
34,5,Retail_Enclosed_mall,,,,,,
34,Aggregated,Retail_Enclosed_mall,,,,,,
34,Centralized,Retail_Enclosed_mall,,,,,,
35,0,Retail_Enclosed_mall,,,,,,
35,1,Retail_Enclosed_mall,,,,,,
35,2,Retail_Enclosed_mall,,,,,,
35,3,Retail_Enclosed_mall,,,,,,
35,4,Retail_Enclosed_mall,,,,,,
35,5,Retail_Enclosed_mall,,,,,,
35,Aggregated,Retail_Enclosed_mall,,,,,,
35,Centralized,Retail_Enclosed_mall,,,,,,
36,0,Retail_Enclosed_mall,,,,,,
36,1,Retail_Enclosed_mall,,,,,,
36,2,Retail_Enclosed_mall,,,,,,
36,3,Retail_Enclosed_mall,,,,,,
36,4,Retail_Enclosed_mall,,,,,,
36,5,Retail_Enclosed_mall,,,,,,
36,Aggregated,Retail_Enclosed_mall,,,,,,
36,Centralized,Retail_Enclosed_mall,,,,,,
37,0,Retail_Enclosed_mall,,,,,,
37,1,Retail_Enclosed_mall,,,,,,
37,2,Retail_Enclosed_mall,,,,,,
37,3,Retail_Enclosed_mall,,,,,,
37,4,Retail_Enclosed_mall,,,,,,
37,5,Retail_Enclosed_mall,,,,,,
37,Aggregated,Retail_Enclosed_mall,,,,,,
37,Centralized,Retail_Enclosed_mall,,,,,,
38,0,Retail_Enclosed_mall,,,,,,
38,1,Retail_Enclosed_mall,,,,,,
38,2,Retail_Enclosed_mall,,,,,,
38,3,Retail_Enclosed_mall,,,,,,
38,4,Retail_Enclosed_mall,,,,,,
38,5,Retail_Enclosed_mall,,,,,,
38,Aggregated,Retail_Enclosed_mall,,,,,,
38,Centralized,Retail_Enclosed_mall,,,,,,
39,0,Retail_Enclosed_mall,,,,,,
39,1,Retail_Enclosed_mall,,,,,,
39,2,Retail_Enclosed_mall,,,,,,
39,3,Retail_Enclosed_mall,,,,,,
39,4,Retail_Enclosed_mall,,,,,,
39,5,Retail_Enclosed_mall,,,,,,
39,Aggregated,Retail_Enclosed_mall,,,,,,
39,Centralized,Retail_Enclosed_mall,,,,,,
40,0,Retail_Enclosed_mall,,,,,,
40,1,Retail_Enclosed_mall,,,,,,
40,2,Retail_Enclosed_mall,,,,,,
40,3,Retail_Enclosed_mall,,,,,,
40,4,Retail_Enclosed_mall,,,,,,
40,5,Retail_Enclosed_mall,,,,,,
40,Aggregated,Retail_Enclosed_mall,,,,,,
40,Centralized,Retail_Enclosed_mall,,,,,,
41,0,Retail_Enclosed_mall,,,,,,
41,1,Retail_Enclosed_mall,,,,,,
41,2,Retail_Enclosed_mall,,,,,,
41,3,Retail_Enclosed_mall,,,,,,
41,4,Retail_Enclosed_mall,,,,,,
41,5,Retail_Enclosed_mall,,,,,,
41,Aggregated,Retail_Enclosed_mall,,,,,,
41,Centralized,Retail_Enclosed_mall,,,,,,
42,0,Retail_Enclosed_mall,,,,,,
42,1,Retail_Enclosed_mall,,,,,,
42,2,Retail_Enclosed_mall,,,,,,
42,3,Retail_Enclosed_mall,,,,,,
42,4,Retail_Enclosed_mall,,,,,,
42,5,Retail_Enclosed_mall,,,,,,
42,Aggregated,Retail_Enclosed_mall,,,,,,
42,Centralized,Retail_Enclosed_mall,,,,,,
43,0,Retail_Enclosed_mall,,,,,,
43,1,Retail_Enclosed_mall,,,,,,
43,2,Retail_Enclosed_mall,,,,,,
43,3,Retail_Enclosed_mall,,,,,,
43,4,Retail_Enclosed_mall,,,,,,
43,5,Retail_Enclosed_mall,,,,,,
43,Aggregated,Retail_Enclosed_mall,,,,,,
43,Centralized,Retail_Enclosed_mall,,,,,,
44,0,Retail_Enclosed_mall,,,,,,
44,1,Retail_Enclosed_mall,,,,,,
44,2,Retail_Enclosed_mall,,,,,,
44,3,Retail_Enclosed_mall,,,,,,
44,4,Retail_Enclosed_mall,,,,,,
44,5,Retail_Enclosed_mall,,,,,,
44,Aggregated,Retail_Enclosed_mall,,,,,,
44,Centralized,Retail_Enclosed_mall,,,,,,
45,0,Retail_Enclosed_mall,,,,,,
45,1,Retail_Enclosed_mall,,,,,,
45,2,Retail_Enclosed_mall,,,,,,
45,3,Retail_Enclosed_mall,,,,,,
45,4,Retail_Enclosed_mall,,,,,,
45,5,Retail_Enclosed_mall,,,,,,
45,Aggregated,Retail_Enclosed_mall,,,,,,
45,Centralized,Retail_Enclosed_mall,,,,,,
46,0,Retail_Enclosed_mall,,,,,,
46,1,Retail_Enclosed_mall,,,,,,
46,2,Retail_Enclosed_mall,,,,,,
46,3,Retail_Enclosed_mall,,,,,,
46,4,Retail_Enclosed_mall,,,,,,
46,5,Retail_Enclosed_mall,,,,,,
46,Aggregated,Retail_Enclosed_mall,,,,,,
46,Centralized,Retail_Enclosed_mall,,,,,,
47,0,Retail_Enclosed_mall,,,,,,
47,1,Retail_Enclosed_mall,,,,,,
47,2,Retail_Enclosed_mall,,,,,,
47,3,Retail_Enclosed_mall,,,,,,
47,4,Retail_Enclosed_mall,,,,,,
47,5,Retail_Enclosed_mall,,,,,,
47,Aggregated,Retail_Enclosed_mall,,,,,,
47,Centralized,Retail_Enclosed_mall,,,,,,
48,0,Retail_Enclosed_mall,,,,,,
48,1,Retail_Enclosed_mall,,,,,,
48,2,Retail_Enclosed_mall,,,,,,
48,3,Retail_Enclosed_mall,,,,,,
48,4,Retail_Enclosed_mall,,,,,,
48,5,Retail_Enclosed_mall,,,,,,
48,Aggregated,Retail_Enclosed_mall,,,,,,
48,Centralized,Retail_Enclosed_mall,,,,,,
49,0,Retail_Enclosed_mall,,,,,,
49,1,Retail_Enclosed_mall,,,,,,
49,2,Retail_Enclosed_mall,,,,,,
49,3,Retail_Enclosed_mall,,,,,,
49,4,Retail_Enclosed_mall,,,,,,
49,5,Retail_Enclosed_mall,,,,,,
49,Aggregated,Retail_Enclosed_mall,,,,,,
49,Centralized,Retail_Enclosed_mall,,,,,,
50,0,Retail_Enclosed_mall,,,,,,
50,1,Retail_Enclosed_mall,,,,,,
50,2,Retail_Enclosed_mall,,,,,,
50,3,Retail_Enclosed_mall,,,,,,
50,4,Retail_Enclosed_mall,,,,,,
50,5,Retail_Enclosed_mall,,,,,,
50,Aggregated,Retail_Enclosed_mall,,,,,,
50,Centralized,Retail_Enclosed_mall,,,,,,
0,0,2to4_Unit_Building,,,,,,
0,1,2to4_Unit_Building,,,,,,
0,2,2to4_Unit_Building,,,,,,
0,3,2to4_Unit_Building,,,,,,
0,4,2to4_Unit_Building,,,,,,
0,5,2to4_Unit_Building,,,,,,
0,Aggregated,2to4_Unit_Building,,,,,,
0,Centralized,2to4_Unit_Building,,,,,,
1,0,2to4_Unit_Building,,,,,,
1,1,2to4_Unit_Building,,,,,,
1,2,2to4_Unit_Building,,,,,,
1,3,2to4_Unit_Building,,,,,,
1,4,2to4_Unit_Building,,,,,,
1,5,2to4_Unit_Building,,,,,,
1,Aggregated,2to4_Unit_Building,,,,,,
1,Centralized,2to4_Unit_Building,,,,,,
2,0,2to4_Unit_Building,,,,,,
2,1,2to4_Unit_Building,,,,,,
2,2,2to4_Unit_Building,,,,,,
2,3,2to4_Unit_Building,,,,,,
2,4,2to4_Unit_Building,,,,,,
2,5,2to4_Unit_Building,,,,,,
2,Aggregated,2to4_Unit_Building,,,,,,
2,Centralized,2to4_Unit_Building,,,,,,
3,0,2to4_Unit_Building,,,,,,
3,1,2to4_Unit_Building,,,,,,
3,2,2to4_Unit_Building,,,,,,
3,3,2to4_Unit_Building,,,,,,
3,4,2to4_Unit_Building,,,,,,
3,5,2to4_Unit_Building,,,,,,
3,Aggregated,2to4_Unit_Building,,,,,,
3,Centralized,2to4_Unit_Building,,,,,,
4,0,2to4_Unit_Building,,,,,,
4,1,2to4_Unit_Building,,,,,,
4,2,2to4_Unit_Building,,,,,,
4,3,2to4_Unit_Building,,,,,,
4,4,2to4_Unit_Building,,,,,,
4,5,2to4_Unit_Building,,,,,,
4,Aggregated,2to4_Unit_Building,,,,,,
4,Centralized,2to4_Unit_Building,,,,,,
5,0,2to4_Unit_Building,,,,,,
5,1,2to4_Unit_Building,,,,,,
5,2,2to4_Unit_Building,,,,,,
5,3,2to4_Unit_Building,,,,,,
5,4,2to4_Unit_Building,,,,,,
5,5,2to4_Unit_Building,,,,,,
5,Aggregated,2to4_Unit_Building,,,,,,
5,Centralized,2to4_Unit_Building,,,,,,
6,0,2to4_Unit_Building,,,,,,
6,1,2to4_Unit_Building,,,,,,
6,2,2to4_Unit_Building,,,,,,
6,3,2to4_Unit_Building,,,,,,
6,4,2to4_Unit_Building,,,,,,
6,5,2to4_Unit_Building,,,,,,
6,Aggregated,2to4_Unit_Building,,,,,,
6,Centralized,2to4_Unit_Building,,,,,,
7,0,2to4_Unit_Building,,,,,,
7,1,2to4_Unit_Building,,,,,,
7,2,2to4_Unit_Building,,,,,,
7,3,2to4_Unit_Building,,,,,,
7,4,2to4_Unit_Building,,,,,,
7,5,2to4_Unit_Building,,,,,,
7,Aggregated,2to4_Unit_Building,,,,,,
7,Centralized,2to4_Unit_Building,,,,,,
8,0,2to4_Unit_Building,,,,,,
8,1,2to4_Unit_Building,,,,,,
8,2,2to4_Unit_Building,,,,,,
8,3,2to4_Unit_Building,,,,,,
8,4,2to4_Unit_Building,,,,,,
8,5,2to4_Unit_Building,,,,,,
8,Aggregated,2to4_Unit_Building,,,,,,
8,Centralized,2to4_Unit_Building,,,,,,
9,0,2to4_Unit_Building,,,,,,
9,1,2to4_Unit_Building,,,,,,
9,2,2to4_Unit_Building,,,,,,
9,3,2to4_Unit_Building,,,,,,
9,4,2to4_Unit_Building,,,,,,
9,5,2to4_Unit_Building,,,,,,
9,Aggregated,2to4_Unit_Building,,,,,,
9,Centralized,2to4_Unit_Building,,,,,,
10,0,2to4_Unit_Building,,,,,,
10,1,2to4_Unit_Building,,,,,,
10,2,2to4_Unit_Building,,,,,,
10,3,2to4_Unit_Building,,,,,,
10,4,2to4_Unit_Building,,,,,,
10,5,2to4_Unit_Building,,,,,,
10,Aggregated,2to4_Unit_Building,,,,,,
10,Centralized,2to4_Unit_Building,,,,,,
11,0,2to4_Unit_Building,,,,,,
11,1,2to4_Unit_Building,,,,,,
11,2,2to4_Unit_Building,,,,,,
11,3,2to4_Unit_Building,,,,,,
11,4,2to4_Unit_Building,,,,,,
11,5,2to4_Unit_Building,,,,,,
11,Aggregated,2to4_Unit_Building,,,,,,
11,Centralized,2to4_Unit_Building,,,,,,
12,0,2to4_Unit_Building,,,,,,
12,1,2to4_Unit_Building,,,,,,
12,2,2to4_Unit_Building,,,,,,
12,3,2to4_Unit_Building,,,,,,
12,4,2to4_Unit_Building,,,,,,
12,5,2to4_Unit_Building,,,,,,
12,Aggregated,2to4_Unit_Building,,,,,,
12,Centralized,2to4_Unit_Building,,,,,,
13,0,2to4_Unit_Building,,,,,,
13,1,2to4_Unit_Building,,,,,,
13,2,2to4_Unit_Building,,,,,,
13,3,2to4_Unit_Building,,,,,,
13,4,2to4_Unit_Building,,,,,,
13,5,2to4_Unit_Building,,,,,,
13,Aggregated,2to4_Unit_Building,,,,,,
13,Centralized,2to4_Unit_Building,,,,,,
14,0,2to4_Unit_Building,,,,,,
14,1,2to4_Unit_Building,,,,,,
14,2,2to4_Unit_Building,,,,,,
14,3,2to4_Unit_Building,,,,,,
14,4,2to4_Unit_Building,,,,,,
14,5,2to4_Unit_Building,,,,,,
14,Aggregated,2to4_Unit_Building,,,,,,
14,Centralized,2to4_Unit_Building,,,,,,
15,0,2to4_Unit_Building,,,,,,
15,1,2to4_Unit_Building,,,,,,
15,2,2to4_Unit_Building,,,,,,
15,3,2to4_Unit_Building,,,,,,
15,4,2to4_Unit_Building,,,,,,
15,5,2to4_Unit_Building,,,,,,
15,Aggregated,2to4_Unit_Building,,,,,,
15,Centralized,2to4_Unit_Building,,,,,,
16,0,2to4_Unit_Building,,,,,,
16,1,2to4_Unit_Building,,,,,,
16,2,2to4_Unit_Building,,,,,,
16,3,2to4_Unit_Building,,,,,,
16,4,2to4_Unit_Building,,,,,,
16,5,2to4_Unit_Building,,,,,,
16,Aggregated,2to4_Unit_Building,,,,,,
16,Centralized,2to4_Unit_Building,,,,,,
17,0,2to4_Unit_Building,,,,,,
17,1,2to4_Unit_Building,,,,,,
17,2,2to4_Unit_Building,,,,,,
17,3,2to4_Unit_Building,,,,,,
17,4,2to4_Unit_Building,,,,,,
17,5,2to4_Unit_Building,,,,,,
17,Aggregated,2to4_Unit_Building,,,,,,
17,Centralized,2to4_Unit_Building,,,,,,
18,0,2to4_Unit_Building,,,,,,
18,1,2to4_Unit_Building,,,,,,
18,2,2to4_Unit_Building,,,,,,
18,3,2to4_Unit_Building,,,,,,
18,4,2to4_Unit_Building,,,,,,
18,5,2to4_Unit_Building,,,,,,
18,Aggregated,2to4_Unit_Building,,,,,,
18,Centralized,2to4_Unit_Building,,,,,,
19,0,2to4_Unit_Building,,,,,,
19,1,2to4_Unit_Building,,,,,,
19,2,2to4_Unit_Building,,,,,,
19,3,2to4_Unit_Building,,,,,,
19,4,2to4_Unit_Building,,,,,,
19,5,2to4_Unit_Building,,,,,,
19,Aggregated,2to4_Unit_Building,,,,,,
19,Centralized,2to4_Unit_Building,,,,,,
20,0,2to4_Unit_Building,,,,,,
20,1,2to4_Unit_Building,,,,,,
20,2,2to4_Unit_Building,,,,,,
20,3,2to4_Unit_Building,,,,,,
20,4,2to4_Unit_Building,,,,,,
20,5,2to4_Unit_Building,,,,,,
20,Aggregated,2to4_Unit_Building,,,,,,
20,Centralized,2to4_Unit_Building,,,,,,
21,0,2to4_Unit_Building,,,,,,
21,1,2to4_Unit_Building,,,,,,
21,2,2to4_Unit_Building,,,,,,
21,3,2to4_Unit_Building,,,,,,
21,4,2to4_Unit_Building,,,,,,
21,5,2to4_Unit_Building,,,,,,
21,Aggregated,2to4_Unit_Building,,,,,,
21,Centralized,2to4_Unit_Building,,,,,,
22,0,2to4_Unit_Building,,,,,,
22,1,2to4_Unit_Building,,,,,,
22,2,2to4_Unit_Building,,,,,,
22,3,2to4_Unit_Building,,,,,,
22,4,2to4_Unit_Building,,,,,,
22,5,2to4_Unit_Building,,,,,,
22,Aggregated,2to4_Unit_Building,,,,,,
22,Centralized,2to4_Unit_Building,,,,,,
23,0,2to4_Unit_Building,,,,,,
23,1,2to4_Unit_Building,,,,,,
23,2,2to4_Unit_Building,,,,,,
23,3,2to4_Unit_Building,,,,,,
23,4,2to4_Unit_Building,,,,,,
23,5,2to4_Unit_Building,,,,,,
23,Aggregated,2to4_Unit_Building,,,,,,
23,Centralized,2to4_Unit_Building,,,,,,
24,0,2to4_Unit_Building,,,,,,
24,1,2to4_Unit_Building,,,,,,
24,2,2to4_Unit_Building,,,,,,
24,3,2to4_Unit_Building,,,,,,
24,4,2to4_Unit_Building,,,,,,
24,5,2to4_Unit_Building,,,,,,
24,Aggregated,2to4_Unit_Building,,,,,,
24,Centralized,2to4_Unit_Building,,,,,,
25,0,2to4_Unit_Building,,,,,,
25,1,2to4_Unit_Building,,,,,,
25,2,2to4_Unit_Building,,,,,,
25,3,2to4_Unit_Building,,,,,,
25,4,2to4_Unit_Building,,,,,,
25,5,2to4_Unit_Building,,,,,,
25,Aggregated,2to4_Unit_Building,,,,,,
25,Centralized,2to4_Unit_Building,,,,,,
26,0,2to4_Unit_Building,,,,,,
26,1,2to4_Unit_Building,,,,,,
26,2,2to4_Unit_Building,,,,,,
26,3,2to4_Unit_Building,,,,,,
26,4,2to4_Unit_Building,,,,,,
26,5,2to4_Unit_Building,,,,,,
26,Aggregated,2to4_Unit_Building,,,,,,
26,Centralized,2to4_Unit_Building,,,,,,
27,0,2to4_Unit_Building,,,,,,
27,1,2to4_Unit_Building,,,,,,
27,2,2to4_Unit_Building,,,,,,
27,3,2to4_Unit_Building,,,,,,
27,4,2to4_Unit_Building,,,,,,
27,5,2to4_Unit_Building,,,,,,
27,Aggregated,2to4_Unit_Building,,,,,,
27,Centralized,2to4_Unit_Building,,,,,,
28,0,2to4_Unit_Building,,,,,,
28,1,2to4_Unit_Building,,,,,,
28,2,2to4_Unit_Building,,,,,,
28,3,2to4_Unit_Building,,,,,,
28,4,2to4_Unit_Building,,,,,,
28,5,2to4_Unit_Building,,,,,,
28,Aggregated,2to4_Unit_Building,,,,,,
28,Centralized,2to4_Unit_Building,,,,,,
29,0,2to4_Unit_Building,,,,,,
29,1,2to4_Unit_Building,,,,,,
29,2,2to4_Unit_Building,,,,,,
29,3,2to4_Unit_Building,,,,,,
29,4,2to4_Unit_Building,,,,,,
29,5,2to4_Unit_Building,,,,,,
29,Aggregated,2to4_Unit_Building,,,,,,
29,Centralized,2to4_Unit_Building,,,,,,
30,0,2to4_Unit_Building,,,,,,
30,1,2to4_Unit_Building,,,,,,
30,2,2to4_Unit_Building,,,,,,
30,3,2to4_Unit_Building,,,,,,
30,4,2to4_Unit_Building,,,,,,
30,5,2to4_Unit_Building,,,,,,
30,Aggregated,2to4_Unit_Building,,,,,,
30,Centralized,2to4_Unit_Building,,,,,,
31,0,2to4_Unit_Building,,,,,,
31,1,2to4_Unit_Building,,,,,,
31,2,2to4_Unit_Building,,,,,,
31,3,2to4_Unit_Building,,,,,,
31,4,2to4_Unit_Building,,,,,,
31,5,2to4_Unit_Building,,,,,,
31,Aggregated,2to4_Unit_Building,,,,,,
31,Centralized,2to4_Unit_Building,,,,,,
32,0,2to4_Unit_Building,,,,,,
32,1,2to4_Unit_Building,,,,,,
32,2,2to4_Unit_Building,,,,,,
32,3,2to4_Unit_Building,,,,,,
32,4,2to4_Unit_Building,,,,,,
32,5,2to4_Unit_Building,,,,,,
32,Aggregated,2to4_Unit_Building,,,,,,
32,Centralized,2to4_Unit_Building,,,,,,
33,0,2to4_Unit_Building,,,,,,
33,1,2to4_Unit_Building,,,,,,
33,2,2to4_Unit_Building,,,,,,
33,3,2to4_Unit_Building,,,,,,
33,4,2to4_Unit_Building,,,,,,
33,5,2to4_Unit_Building,,,,,,
33,Aggregated,2to4_Unit_Building,,,,,,
33,Centralized,2to4_Unit_Building,,,,,,
34,0,2to4_Unit_Building,,,,,,
34,1,2to4_Unit_Building,,,,,,
34,2,2to4_Unit_Building,,,,,,
34,3,2to4_Unit_Building,,,,,,
34,4,2to4_Unit_Building,,,,,,
34,5,2to4_Unit_Building,,,,,,
34,Aggregated,2to4_Unit_Building,,,,,,
34,Centralized,2to4_Unit_Building,,,,,,
35,0,2to4_Unit_Building,,,,,,
35,1,2to4_Unit_Building,,,,,,
35,2,2to4_Unit_Building,,,,,,
35,3,2to4_Unit_Building,,,,,,
35,4,2to4_Unit_Building,,,,,,
35,5,2to4_Unit_Building,,,,,,
35,Aggregated,2to4_Unit_Building,,,,,,
35,Centralized,2to4_Unit_Building,,,,,,
36,0,2to4_Unit_Building,,,,,,
36,1,2to4_Unit_Building,,,,,,
36,2,2to4_Unit_Building,,,,,,
36,3,2to4_Unit_Building,,,,,,
36,4,2to4_Unit_Building,,,,,,
36,5,2to4_Unit_Building,,,,,,
36,Aggregated,2to4_Unit_Building,,,,,,
36,Centralized,2to4_Unit_Building,,,,,,
37,0,2to4_Unit_Building,,,,,,
37,1,2to4_Unit_Building,,,,,,
37,2,2to4_Unit_Building,,,,,,
37,3,2to4_Unit_Building,,,,,,
37,4,2to4_Unit_Building,,,,,,
37,5,2to4_Unit_Building,,,,,,
37,Aggregated,2to4_Unit_Building,,,,,,
37,Centralized,2to4_Unit_Building,,,,,,
38,0,2to4_Unit_Building,,,,,,
38,1,2to4_Unit_Building,,,,,,
38,2,2to4_Unit_Building,,,,,,
38,3,2to4_Unit_Building,,,,,,
38,4,2to4_Unit_Building,,,,,,
38,5,2to4_Unit_Building,,,,,,
38,Aggregated,2to4_Unit_Building,,,,,,
38,Centralized,2to4_Unit_Building,,,,,,
39,0,2to4_Unit_Building,,,,,,
39,1,2to4_Unit_Building,,,,,,
39,2,2to4_Unit_Building,,,,,,
39,3,2to4_Unit_Building,,,,,,
39,4,2to4_Unit_Building,,,,,,
39,5,2to4_Unit_Building,,,,,,
39,Aggregated,2to4_Unit_Building,,,,,,
39,Centralized,2to4_Unit_Building,,,,,,
40,0,2to4_Unit_Building,,,,,,
40,1,2to4_Unit_Building,,,,,,
40,2,2to4_Unit_Building,,,,,,
40,3,2to4_Unit_Building,,,,,,
40,4,2to4_Unit_Building,,,,,,
40,5,2to4_Unit_Building,,,,,,
40,Aggregated,2to4_Unit_Building,,,,,,
40,Centralized,2to4_Unit_Building,,,,,,
41,0,2to4_Unit_Building,,,,,,
41,1,2to4_Unit_Building,,,,,,
41,2,2to4_Unit_Building,,,,,,
41,3,2to4_Unit_Building,,,,,,
41,4,2to4_Unit_Building,,,,,,
41,5,2to4_Unit_Building,,,,,,
41,Aggregated,2to4_Unit_Building,,,,,,
41,Centralized,2to4_Unit_Building,,,,,,
42,0,2to4_Unit_Building,,,,,,
42,1,2to4_Unit_Building,,,,,,
42,2,2to4_Unit_Building,,,,,,
42,3,2to4_Unit_Building,,,,,,
42,4,2to4_Unit_Building,,,,,,
42,5,2to4_Unit_Building,,,,,,
42,Aggregated,2to4_Unit_Building,,,,,,
42,Centralized,2to4_Unit_Building,,,,,,
43,0,2to4_Unit_Building,,,,,,
43,1,2to4_Unit_Building,,,,,,
43,2,2to4_Unit_Building,,,,,,
43,3,2to4_Unit_Building,,,,,,
43,4,2to4_Unit_Building,,,,,,
43,5,2to4_Unit_Building,,,,,,
43,Aggregated,2to4_Unit_Building,,,,,,
43,Centralized,2to4_Unit_Building,,,,,,
44,0,2to4_Unit_Building,,,,,,
44,1,2to4_Unit_Building,,,,,,
44,2,2to4_Unit_Building,,,,,,
44,3,2to4_Unit_Building,,,,,,
44,4,2to4_Unit_Building,,,,,,
44,5,2to4_Unit_Building,,,,,,
44,Aggregated,2to4_Unit_Building,,,,,,
44,Centralized,2to4_Unit_Building,,,,,,
45,0,2to4_Unit_Building,,,,,,
45,1,2to4_Unit_Building,,,,,,
45,2,2to4_Unit_Building,,,,,,
45,3,2to4_Unit_Building,,,,,,
45,4,2to4_Unit_Building,,,,,,
45,5,2to4_Unit_Building,,,,,,
45,Aggregated,2to4_Unit_Building,,,,,,
45,Centralized,2to4_Unit_Building,,,,,,
46,0,2to4_Unit_Building,,,,,,
46,1,2to4_Unit_Building,,,,,,
46,2,2to4_Unit_Building,,,,,,
46,3,2to4_Unit_Building,,,,,,
46,4,2to4_Unit_Building,,,,,,
46,5,2to4_Unit_Building,,,,,,
46,Aggregated,2to4_Unit_Building,,,,,,
46,Centralized,2to4_Unit_Building,,,,,,
47,0,2to4_Unit_Building,,,,,,
47,1,2to4_Unit_Building,,,,,,
47,2,2to4_Unit_Building,,,,,,
47,3,2to4_Unit_Building,,,,,,
47,4,2to4_Unit_Building,,,,,,
47,5,2to4_Unit_Building,,,,,,
47,Aggregated,2to4_Unit_Building,,,,,,
47,Centralized,2to4_Unit_Building,,,,,,
48,0,2to4_Unit_Building,,,,,,
48,1,2to4_Unit_Building,,,,,,
48,2,2to4_Unit_Building,,,,,,
48,3,2to4_Unit_Building,,,,,,
48,4,2to4_Unit_Building,,,,,,
48,5,2to4_Unit_Building,,,,,,
48,Aggregated,2to4_Unit_Building,,,,,,
48,Centralized,2to4_Unit_Building,,,,,,
49,0,2to4_Unit_Building,,,,,,
49,1,2to4_Unit_Building,,,,,,
49,2,2to4_Unit_Building,,,,,,
49,3,2to4_Unit_Building,,,,,,
49,4,2to4_Unit_Building,,,,,,
49,5,2to4_Unit_Building,,,,,,
49,Aggregated,2to4_Unit_Building,,,,,,
49,Centralized,2to4_Unit_Building,,,,,,
50,0,2to4_Unit_Building,,,,,,
50,1,2to4_Unit_Building,,,,,,
50,2,2to4_Unit_Building,,,,,,
50,3,2to4_Unit_Building,,,,,,
50,4,2to4_Unit_Building,,,,,,
50,5,2to4_Unit_Building,,,,,,
50,Aggregated,2to4_Unit_Building,,,,,,
50,Centralized,2to4_Unit_Building,,,,,,
0,0,Education_College_or_university,,,,,,
0,1,Education_College_or_university,,,,,,
0,2,Education_College_or_university,,,,,,
0,3,Education_College_or_university,,,,,,
0,4,Education_College_or_university,,,,,,
0,5,Education_College_or_university,,,,,,
0,Aggregated,Education_College_or_university,,,,,,
0,Centralized,Education_College_or_university,,,,,,
1,0,Education_College_or_university,,,,,,
1,1,Education_College_or_university,,,,,,
1,2,Education_College_or_university,,,,,,
1,3,Education_College_or_university,,,,,,
1,4,Education_College_or_university,,,,,,
1,5,Education_College_or_university,,,,,,
1,Aggregated,Education_College_or_university,,,,,,
1,Centralized,Education_College_or_university,,,,,,
2,0,Education_College_or_university,,,,,,
2,1,Education_College_or_university,,,,,,
2,2,Education_College_or_university,,,,,,
2,3,Education_College_or_university,,,,,,
2,4,Education_College_or_university,,,,,,
2,5,Education_College_or_university,,,,,,
2,Aggregated,Education_College_or_university,,,,,,
2,Centralized,Education_College_or_university,,,,,,
3,0,Education_College_or_university,,,,,,
3,1,Education_College_or_university,,,,,,
3,2,Education_College_or_university,,,,,,
3,3,Education_College_or_university,,,,,,
3,4,Education_College_or_university,,,,,,
3,5,Education_College_or_university,,,,,,
3,Aggregated,Education_College_or_university,,,,,,
3,Centralized,Education_College_or_university,,,,,,
4,0,Education_College_or_university,,,,,,
4,1,Education_College_or_university,,,,,,
4,2,Education_College_or_university,,,,,,
4,3,Education_College_or_university,,,,,,
4,4,Education_College_or_university,,,,,,
4,5,Education_College_or_university,,,,,,
4,Aggregated,Education_College_or_university,,,,,,
4,Centralized,Education_College_or_university,,,,,,
5,0,Education_College_or_university,,,,,,
5,1,Education_College_or_university,,,,,,
5,2,Education_College_or_university,,,,,,
5,3,Education_College_or_university,,,,,,
5,4,Education_College_or_university,,,,,,
5,5,Education_College_or_university,,,,,,
5,Aggregated,Education_College_or_university,,,,,,
5,Centralized,Education_College_or_university,,,,,,
6,0,Education_College_or_university,,,,,,
6,1,Education_College_or_university,,,,,,
6,2,Education_College_or_university,,,,,,
6,3,Education_College_or_university,,,,,,
6,4,Education_College_or_university,,,,,,
6,5,Education_College_or_university,,,,,,
6,Aggregated,Education_College_or_university,,,,,,
6,Centralized,Education_College_or_university,,,,,,
7,0,Education_College_or_university,,,,,,
7,1,Education_College_or_university,,,,,,
7,2,Education_College_or_university,,,,,,
7,3,Education_College_or_university,,,,,,
7,4,Education_College_or_university,,,,,,
7,5,Education_College_or_university,,,,,,
7,Aggregated,Education_College_or_university,,,,,,
7,Centralized,Education_College_or_university,,,,,,
8,0,Education_College_or_university,,,,,,
8,1,Education_College_or_university,,,,,,
8,2,Education_College_or_university,,,,,,
8,3,Education_College_or_university,,,,,,
8,4,Education_College_or_university,,,,,,
8,5,Education_College_or_university,,,,,,
8,Aggregated,Education_College_or_university,,,,,,
8,Centralized,Education_College_or_university,,,,,,
9,0,Education_College_or_university,,,,,,
9,1,Education_College_or_university,,,,,,
9,2,Education_College_or_university,,,,,,
9,3,Education_College_or_university,,,,,,
9,4,Education_College_or_university,,,,,,
9,5,Education_College_or_university,,,,,,
9,Aggregated,Education_College_or_university,,,,,,
9,Centralized,Education_College_or_university,,,,,,
10,0,Education_College_or_university,,,,,,
10,1,Education_College_or_university,,,,,,
10,2,Education_College_or_university,,,,,,
10,3,Education_College_or_university,,,,,,
10,4,Education_College_or_university,,,,,,
10,5,Education_College_or_university,,,,,,
10,Aggregated,Education_College_or_university,,,,,,
10,Centralized,Education_College_or_university,,,,,,
11,0,Education_College_or_university,,,,,,
11,1,Education_College_or_university,,,,,,
11,2,Education_College_or_university,,,,,,
11,3,Education_College_or_university,,,,,,
11,4,Education_College_or_university,,,,,,
11,5,Education_College_or_university,,,,,,
11,Aggregated,Education_College_or_university,,,,,,
11,Centralized,Education_College_or_university,,,,,,
12,0,Education_College_or_university,,,,,,
12,1,Education_College_or_university,,,,,,
12,2,Education_College_or_university,,,,,,
12,3,Education_College_or_university,,,,,,
12,4,Education_College_or_university,,,,,,
12,5,Education_College_or_university,,,,,,
12,Aggregated,Education_College_or_university,,,,,,
12,Centralized,Education_College_or_university,,,,,,
13,0,Education_College_or_university,,,,,,
13,1,Education_College_or_university,,,,,,
13,2,Education_College_or_university,,,,,,
13,3,Education_College_or_university,,,,,,
13,4,Education_College_or_university,,,,,,
13,5,Education_College_or_university,,,,,,
13,Aggregated,Education_College_or_university,,,,,,
13,Centralized,Education_College_or_university,,,,,,
14,0,Education_College_or_university,,,,,,
14,1,Education_College_or_university,,,,,,
14,2,Education_College_or_university,,,,,,
14,3,Education_College_or_university,,,,,,
14,4,Education_College_or_university,,,,,,
14,5,Education_College_or_university,,,,,,
14,Aggregated,Education_College_or_university,,,,,,
14,Centralized,Education_College_or_university,,,,,,
15,0,Education_College_or_university,,,,,,
15,1,Education_College_or_university,,,,,,
15,2,Education_College_or_university,,,,,,
15,3,Education_College_or_university,,,,,,
15,4,Education_College_or_university,,,,,,
15,5,Education_College_or_university,,,,,,
15,Aggregated,Education_College_or_university,,,,,,
15,Centralized,Education_College_or_university,,,,,,
16,0,Education_College_or_university,,,,,,
16,1,Education_College_or_university,,,,,,
16,2,Education_College_or_university,,,,,,
16,3,Education_College_or_university,,,,,,
16,4,Education_College_or_university,,,,,,
16,5,Education_College_or_university,,,,,,
16,Aggregated,Education_College_or_university,,,,,,
16,Centralized,Education_College_or_university,,,,,,
17,0,Education_College_or_university,,,,,,
17,1,Education_College_or_university,,,,,,
17,2,Education_College_or_university,,,,,,
17,3,Education_College_or_university,,,,,,
17,4,Education_College_or_university,,,,,,
17,5,Education_College_or_university,,,,,,
17,Aggregated,Education_College_or_university,,,,,,
17,Centralized,Education_College_or_university,,,,,,
18,0,Education_College_or_university,,,,,,
18,1,Education_College_or_university,,,,,,
18,2,Education_College_or_university,,,,,,
18,3,Education_College_or_university,,,,,,
18,4,Education_College_or_university,,,,,,
18,5,Education_College_or_university,,,,,,
18,Aggregated,Education_College_or_university,,,,,,
18,Centralized,Education_College_or_university,,,,,,
19,0,Education_College_or_university,,,,,,
19,1,Education_College_or_university,,,,,,
19,2,Education_College_or_university,,,,,,
19,3,Education_College_or_university,,,,,,
19,4,Education_College_or_university,,,,,,
19,5,Education_College_or_university,,,,,,
19,Aggregated,Education_College_or_university,,,,,,
19,Centralized,Education_College_or_university,,,,,,
20,0,Education_College_or_university,,,,,,
20,1,Education_College_or_university,,,,,,
20,2,Education_College_or_university,,,,,,
20,3,Education_College_or_university,,,,,,
20,4,Education_College_or_university,,,,,,
20,5,Education_College_or_university,,,,,,
20,Aggregated,Education_College_or_university,,,,,,
20,Centralized,Education_College_or_university,,,,,,
21,0,Education_College_or_university,,,,,,
21,1,Education_College_or_university,,,,,,
21,2,Education_College_or_university,,,,,,
21,3,Education_College_or_university,,,,,,
21,4,Education_College_or_university,,,,,,
21,5,Education_College_or_university,,,,,,
21,Aggregated,Education_College_or_university,,,,,,
21,Centralized,Education_College_or_university,,,,,,
22,0,Education_College_or_university,,,,,,
22,1,Education_College_or_university,,,,,,
22,2,Education_College_or_university,,,,,,
22,3,Education_College_or_university,,,,,,
22,4,Education_College_or_university,,,,,,
22,5,Education_College_or_university,,,,,,
22,Aggregated,Education_College_or_university,,,,,,
22,Centralized,Education_College_or_university,,,,,,
23,0,Education_College_or_university,,,,,,
23,1,Education_College_or_university,,,,,,
23,2,Education_College_or_university,,,,,,
23,3,Education_College_or_university,,,,,,
23,4,Education_College_or_university,,,,,,
23,5,Education_College_or_university,,,,,,
23,Aggregated,Education_College_or_university,,,,,,
23,Centralized,Education_College_or_university,,,,,,
24,0,Education_College_or_university,,,,,,
24,1,Education_College_or_university,,,,,,
24,2,Education_College_or_university,,,,,,
24,3,Education_College_or_university,,,,,,
24,4,Education_College_or_university,,,,,,
24,5,Education_College_or_university,,,,,,
24,Aggregated,Education_College_or_university,,,,,,
24,Centralized,Education_College_or_university,,,,,,
25,0,Education_College_or_university,,,,,,
25,1,Education_College_or_university,,,,,,
25,2,Education_College_or_university,,,,,,
25,3,Education_College_or_university,,,,,,
25,4,Education_College_or_university,,,,,,
25,5,Education_College_or_university,,,,,,
25,Aggregated,Education_College_or_university,,,,,,
25,Centralized,Education_College_or_university,,,,,,
26,0,Education_College_or_university,,,,,,
26,1,Education_College_or_university,,,,,,
26,2,Education_College_or_university,,,,,,
26,3,Education_College_or_university,,,,,,
26,4,Education_College_or_university,,,,,,
26,5,Education_College_or_university,,,,,,
26,Aggregated,Education_College_or_university,,,,,,
26,Centralized,Education_College_or_university,,,,,,
27,0,Education_College_or_university,,,,,,
27,1,Education_College_or_university,,,,,,
27,2,Education_College_or_university,,,,,,
27,3,Education_College_or_university,,,,,,
27,4,Education_College_or_university,,,,,,
27,5,Education_College_or_university,,,,,,
27,Aggregated,Education_College_or_university,,,,,,
27,Centralized,Education_College_or_university,,,,,,
28,0,Education_College_or_university,,,,,,
28,1,Education_College_or_university,,,,,,
28,2,Education_College_or_university,,,,,,
28,3,Education_College_or_university,,,,,,
28,4,Education_College_or_university,,,,,,
28,5,Education_College_or_university,,,,,,
28,Aggregated,Education_College_or_university,,,,,,
28,Centralized,Education_College_or_university,,,,,,
29,0,Education_College_or_university,,,,,,
29,1,Education_College_or_university,,,,,,
29,2,Education_College_or_university,,,,,,
29,3,Education_College_or_university,,,,,,
29,4,Education_College_or_university,,,,,,
29,5,Education_College_or_university,,,,,,
29,Aggregated,Education_College_or_university,,,,,,
29,Centralized,Education_College_or_university,,,,,,
30,0,Education_College_or_university,,,,,,
30,1,Education_College_or_university,,,,,,
30,2,Education_College_or_university,,,,,,
30,3,Education_College_or_university,,,,,,
30,4,Education_College_or_university,,,,,,
30,5,Education_College_or_university,,,,,,
30,Aggregated,Education_College_or_university,,,,,,
30,Centralized,Education_College_or_university,,,,,,
31,0,Education_College_or_university,,,,,,
31,1,Education_College_or_university,,,,,,
31,2,Education_College_or_university,,,,,,
31,3,Education_College_or_university,,,,,,
31,4,Education_College_or_university,,,,,,
31,5,Education_College_or_university,,,,,,
31,Aggregated,Education_College_or_university,,,,,,
31,Centralized,Education_College_or_university,,,,,,
32,0,Education_College_or_university,,,,,,
32,1,Education_College_or_university,,,,,,
32,2,Education_College_or_university,,,,,,
32,3,Education_College_or_university,,,,,,
32,4,Education_College_or_university,,,,,,
32,5,Education_College_or_university,,,,,,
32,Aggregated,Education_College_or_university,,,,,,
32,Centralized,Education_College_or_university,,,,,,
33,0,Education_College_or_university,,,,,,
33,1,Education_College_or_university,,,,,,
33,2,Education_College_or_university,,,,,,
33,3,Education_College_or_university,,,,,,
33,4,Education_College_or_university,,,,,,
33,5,Education_College_or_university,,,,,,
33,Aggregated,Education_College_or_university,,,,,,
33,Centralized,Education_College_or_university,,,,,,
34,0,Education_College_or_university,,,,,,
34,1,Education_College_or_university,,,,,,
34,2,Education_College_or_university,,,,,,
34,3,Education_College_or_university,,,,,,
34,4,Education_College_or_university,,,,,,
34,5,Education_College_or_university,,,,,,
34,Aggregated,Education_College_or_university,,,,,,
34,Centralized,Education_College_or_university,,,,,,
35,0,Education_College_or_university,,,,,,
35,1,Education_College_or_university,,,,,,
35,2,Education_College_or_university,,,,,,
35,3,Education_College_or_university,,,,,,
35,4,Education_College_or_university,,,,,,
35,5,Education_College_or_university,,,,,,
35,Aggregated,Education_College_or_university,,,,,,
35,Centralized,Education_College_or_university,,,,,,
36,0,Education_College_or_university,,,,,,
36,1,Education_College_or_university,,,,,,
36,2,Education_College_or_university,,,,,,
36,3,Education_College_or_university,,,,,,
36,4,Education_College_or_university,,,,,,
36,5,Education_College_or_university,,,,,,
36,Aggregated,Education_College_or_university,,,,,,
36,Centralized,Education_College_or_university,,,,,,
37,0,Education_College_or_university,,,,,,
37,1,Education_College_or_university,,,,,,
37,2,Education_College_or_university,,,,,,
37,3,Education_College_or_university,,,,,,
37,4,Education_College_or_university,,,,,,
37,5,Education_College_or_university,,,,,,
37,Aggregated,Education_College_or_university,,,,,,
37,Centralized,Education_College_or_university,,,,,,
38,0,Education_College_or_university,,,,,,
38,1,Education_College_or_university,,,,,,
38,2,Education_College_or_university,,,,,,
38,3,Education_College_or_university,,,,,,
38,4,Education_College_or_university,,,,,,
38,5,Education_College_or_university,,,,,,
38,Aggregated,Education_College_or_university,,,,,,
38,Centralized,Education_College_or_university,,,,,,
39,0,Education_College_or_university,,,,,,
39,1,Education_College_or_university,,,,,,
39,2,Education_College_or_university,,,,,,
39,3,Education_College_or_university,,,,,,
39,4,Education_College_or_university,,,,,,
39,5,Education_College_or_university,,,,,,
39,Aggregated,Education_College_or_university,,,,,,
39,Centralized,Education_College_or_university,,,,,,
40,0,Education_College_or_university,,,,,,
40,1,Education_College_or_university,,,,,,
40,2,Education_College_or_university,,,,,,
40,3,Education_College_or_university,,,,,,
40,4,Education_College_or_university,,,,,,
40,5,Education_College_or_university,,,,,,
40,Aggregated,Education_College_or_university,,,,,,
40,Centralized,Education_College_or_university,,,,,,
41,0,Education_College_or_university,,,,,,
41,1,Education_College_or_university,,,,,,
41,2,Education_College_or_university,,,,,,
41,3,Education_College_or_university,,,,,,
41,4,Education_College_or_university,,,,,,
41,5,Education_College_or_university,,,,,,
41,Aggregated,Education_College_or_university,,,,,,
41,Centralized,Education_College_or_university,,,,,,
42,0,Education_College_or_university,,,,,,
42,1,Education_College_or_university,,,,,,
42,2,Education_College_or_university,,,,,,
42,3,Education_College_or_university,,,,,,
42,4,Education_College_or_university,,,,,,
42,5,Education_College_or_university,,,,,,
42,Aggregated,Education_College_or_university,,,,,,
42,Centralized,Education_College_or_university,,,,,,
43,0,Education_College_or_university,,,,,,
43,1,Education_College_or_university,,,,,,
43,2,Education_College_or_university,,,,,,
43,3,Education_College_or_university,,,,,,
43,4,Education_College_or_university,,,,,,
43,5,Education_College_or_university,,,,,,
43,Aggregated,Education_College_or_university,,,,,,
43,Centralized,Education_College_or_university,,,,,,
44,0,Education_College_or_university,,,,,,
44,1,Education_College_or_university,,,,,,
44,2,Education_College_or_university,,,,,,
44,3,Education_College_or_university,,,,,,
44,4,Education_College_or_university,,,,,,
44,5,Education_College_or_university,,,,,,
44,Aggregated,Education_College_or_university,,,,,,
44,Centralized,Education_College_or_university,,,,,,
45,0,Education_College_or_university,,,,,,
45,1,Education_College_or_university,,,,,,
45,2,Education_College_or_university,,,,,,
45,3,Education_College_or_university,,,,,,
45,4,Education_College_or_university,,,,,,
45,5,Education_College_or_university,,,,,,
45,Aggregated,Education_College_or_university,,,,,,
45,Centralized,Education_College_or_university,,,,,,
46,0,Education_College_or_university,,,,,,
46,1,Education_College_or_university,,,,,,
46,2,Education_College_or_university,,,,,,
46,3,Education_College_or_university,,,,,,
46,4,Education_College_or_university,,,,,,
46,5,Education_College_or_university,,,,,,
46,Aggregated,Education_College_or_university,,,,,,
46,Centralized,Education_College_or_university,,,,,,
47,0,Education_College_or_university,,,,,,
47,1,Education_College_or_university,,,,,,
47,2,Education_College_or_university,,,,,,
47,3,Education_College_or_university,,,,,,
47,4,Education_College_or_university,,,,,,
47,5,Education_College_or_university,,,,,,
47,Aggregated,Education_College_or_university,,,,,,
47,Centralized,Education_College_or_university,,,,,,
48,0,Education_College_or_university,,,,,,
48,1,Education_College_or_university,,,,,,
48,2,Education_College_or_university,,,,,,
48,3,Education_College_or_university,,,,,,
48,4,Education_College_or_university,,,,,,
48,5,Education_College_or_university,,,,,,
48,Aggregated,Education_College_or_university,,,,,,
48,Centralized,Education_College_or_university,,,,,,
49,0,Education_College_or_university,,,,,,
49,1,Education_College_or_university,,,,,,
49,2,Education_College_or_university,,,,,,
49,3,Education_College_or_university,,,,,,
49,4,Education_College_or_university,,,,,,
49,5,Education_College_or_university,,,,,,
49,Aggregated,Education_College_or_university,,,,,,
49,Centralized,Education_College_or_university,,,,,,
50,0,Education_College_or_university,,,,,,
50,1,Education_College_or_university,,,,,,
50,2,Education_College_or_university,,,,,,
50,3,Education_College_or_university,,,,,,
50,4,Education_College_or_university,,,,,,
50,5,Education_College_or_university,,,,,,
50,Aggregated,Education_College_or_university,,,,,,
50,Centralized,Education_College_or_university,,,,,,
0,0,Religious_worship,,,,,,
0,1,Religious_worship,,,,,,
0,2,Religious_worship,,,,,,
0,3,Religious_worship,,,,,,
0,4,Religious_worship,,,,,,
0,5,Religious_worship,,,,,,
0,Aggregated,Religious_worship,,,,,,
0,Centralized,Religious_worship,,,,,,
1,0,Religious_worship,,,,,,
1,1,Religious_worship,,,,,,
1,2,Religious_worship,,,,,,
1,3,Religious_worship,,,,,,
1,4,Religious_worship,,,,,,
1,5,Religious_worship,,,,,,
1,Aggregated,Religious_worship,,,,,,
1,Centralized,Religious_worship,,,,,,
2,0,Religious_worship,,,,,,
2,1,Religious_worship,,,,,,
2,2,Religious_worship,,,,,,
2,3,Religious_worship,,,,,,
2,4,Religious_worship,,,,,,
2,5,Religious_worship,,,,,,
2,Aggregated,Religious_worship,,,,,,
2,Centralized,Religious_worship,,,,,,
3,0,Religious_worship,,,,,,
3,1,Religious_worship,,,,,,
3,2,Religious_worship,,,,,,
3,3,Religious_worship,,,,,,
3,4,Religious_worship,,,,,,
3,5,Religious_worship,,,,,,
3,Aggregated,Religious_worship,,,,,,
3,Centralized,Religious_worship,,,,,,
4,0,Religious_worship,,,,,,
4,1,Religious_worship,,,,,,
4,2,Religious_worship,,,,,,
4,3,Religious_worship,,,,,,
4,4,Religious_worship,,,,,,
4,5,Religious_worship,,,,,,
4,Aggregated,Religious_worship,,,,,,
4,Centralized,Religious_worship,,,,,,
5,0,Religious_worship,,,,,,
5,1,Religious_worship,,,,,,
5,2,Religious_worship,,,,,,
5,3,Religious_worship,,,,,,
5,4,Religious_worship,,,,,,
5,5,Religious_worship,,,,,,
5,Aggregated,Religious_worship,,,,,,
5,Centralized,Religious_worship,,,,,,
6,0,Religious_worship,,,,,,
6,1,Religious_worship,,,,,,
6,2,Religious_worship,,,,,,
6,3,Religious_worship,,,,,,
6,4,Religious_worship,,,,,,
6,5,Religious_worship,,,,,,
6,Aggregated,Religious_worship,,,,,,
6,Centralized,Religious_worship,,,,,,
7,0,Religious_worship,,,,,,
7,1,Religious_worship,,,,,,
7,2,Religious_worship,,,,,,
7,3,Religious_worship,,,,,,
7,4,Religious_worship,,,,,,
7,5,Religious_worship,,,,,,
7,Aggregated,Religious_worship,,,,,,
7,Centralized,Religious_worship,,,,,,
8,0,Religious_worship,,,,,,
8,1,Religious_worship,,,,,,
8,2,Religious_worship,,,,,,
8,3,Religious_worship,,,,,,
8,4,Religious_worship,,,,,,
8,5,Religious_worship,,,,,,
8,Aggregated,Religious_worship,,,,,,
8,Centralized,Religious_worship,,,,,,
9,0,Religious_worship,,,,,,
9,1,Religious_worship,,,,,,
9,2,Religious_worship,,,,,,
9,3,Religious_worship,,,,,,
9,4,Religious_worship,,,,,,
9,5,Religious_worship,,,,,,
9,Aggregated,Religious_worship,,,,,,
9,Centralized,Religious_worship,,,,,,
10,0,Religious_worship,,,,,,
10,1,Religious_worship,,,,,,
10,2,Religious_worship,,,,,,
10,3,Religious_worship,,,,,,
10,4,Religious_worship,,,,,,
10,5,Religious_worship,,,,,,
10,Aggregated,Religious_worship,,,,,,
10,Centralized,Religious_worship,,,,,,
11,0,Religious_worship,,,,,,
11,1,Religious_worship,,,,,,
11,2,Religious_worship,,,,,,
11,3,Religious_worship,,,,,,
11,4,Religious_worship,,,,,,
11,5,Religious_worship,,,,,,
11,Aggregated,Religious_worship,,,,,,
11,Centralized,Religious_worship,,,,,,
12,0,Religious_worship,,,,,,
12,1,Religious_worship,,,,,,
12,2,Religious_worship,,,,,,
12,3,Religious_worship,,,,,,
12,4,Religious_worship,,,,,,
12,5,Religious_worship,,,,,,
12,Aggregated,Religious_worship,,,,,,
12,Centralized,Religious_worship,,,,,,
13,0,Religious_worship,,,,,,
13,1,Religious_worship,,,,,,
13,2,Religious_worship,,,,,,
13,3,Religious_worship,,,,,,
13,4,Religious_worship,,,,,,
13,5,Religious_worship,,,,,,
13,Aggregated,Religious_worship,,,,,,
13,Centralized,Religious_worship,,,,,,
14,0,Religious_worship,,,,,,
14,1,Religious_worship,,,,,,
14,2,Religious_worship,,,,,,
14,3,Religious_worship,,,,,,
14,4,Religious_worship,,,,,,
14,5,Religious_worship,,,,,,
14,Aggregated,Religious_worship,,,,,,
14,Centralized,Religious_worship,,,,,,
15,0,Religious_worship,,,,,,
15,1,Religious_worship,,,,,,
15,2,Religious_worship,,,,,,
15,3,Religious_worship,,,,,,
15,4,Religious_worship,,,,,,
15,5,Religious_worship,,,,,,
15,Aggregated,Religious_worship,,,,,,
15,Centralized,Religious_worship,,,,,,
16,0,Religious_worship,,,,,,
16,1,Religious_worship,,,,,,
16,2,Religious_worship,,,,,,
16,3,Religious_worship,,,,,,
16,4,Religious_worship,,,,,,
16,5,Religious_worship,,,,,,
16,Aggregated,Religious_worship,,,,,,
16,Centralized,Religious_worship,,,,,,
17,0,Religious_worship,,,,,,
17,1,Religious_worship,,,,,,
17,2,Religious_worship,,,,,,
17,3,Religious_worship,,,,,,
17,4,Religious_worship,,,,,,
17,5,Religious_worship,,,,,,
17,Aggregated,Religious_worship,,,,,,
17,Centralized,Religious_worship,,,,,,
18,0,Religious_worship,,,,,,
18,1,Religious_worship,,,,,,
18,2,Religious_worship,,,,,,
18,3,Religious_worship,,,,,,
18,4,Religious_worship,,,,,,
18,5,Religious_worship,,,,,,
18,Aggregated,Religious_worship,,,,,,
18,Centralized,Religious_worship,,,,,,
19,0,Religious_worship,,,,,,
19,1,Religious_worship,,,,,,
19,2,Religious_worship,,,,,,
19,3,Religious_worship,,,,,,
19,4,Religious_worship,,,,,,
19,5,Religious_worship,,,,,,
19,Aggregated,Religious_worship,,,,,,
19,Centralized,Religious_worship,,,,,,
20,0,Religious_worship,,,,,,
20,1,Religious_worship,,,,,,
20,2,Religious_worship,,,,,,
20,3,Religious_worship,,,,,,
20,4,Religious_worship,,,,,,
20,5,Religious_worship,,,,,,
20,Aggregated,Religious_worship,,,,,,
20,Centralized,Religious_worship,,,,,,
21,0,Religious_worship,,,,,,
21,1,Religious_worship,,,,,,
21,2,Religious_worship,,,,,,
21,3,Religious_worship,,,,,,
21,4,Religious_worship,,,,,,
21,5,Religious_worship,,,,,,
21,Aggregated,Religious_worship,,,,,,
21,Centralized,Religious_worship,,,,,,
22,0,Religious_worship,,,,,,
22,1,Religious_worship,,,,,,
22,2,Religious_worship,,,,,,
22,3,Religious_worship,,,,,,
22,4,Religious_worship,,,,,,
22,5,Religious_worship,,,,,,
22,Aggregated,Religious_worship,,,,,,
22,Centralized,Religious_worship,,,,,,
23,0,Religious_worship,,,,,,
23,1,Religious_worship,,,,,,
23,2,Religious_worship,,,,,,
23,3,Religious_worship,,,,,,
23,4,Religious_worship,,,,,,
23,5,Religious_worship,,,,,,
23,Aggregated,Religious_worship,,,,,,
23,Centralized,Religious_worship,,,,,,
24,0,Religious_worship,,,,,,
24,1,Religious_worship,,,,,,
24,2,Religious_worship,,,,,,
24,3,Religious_worship,,,,,,
24,4,Religious_worship,,,,,,
24,5,Religious_worship,,,,,,
24,Aggregated,Religious_worship,,,,,,
24,Centralized,Religious_worship,,,,,,
25,0,Religious_worship,,,,,,
25,1,Religious_worship,,,,,,
25,2,Religious_worship,,,,,,
25,3,Religious_worship,,,,,,
25,4,Religious_worship,,,,,,
25,5,Religious_worship,,,,,,
25,Aggregated,Religious_worship,,,,,,
25,Centralized,Religious_worship,,,,,,
26,0,Religious_worship,,,,,,
26,1,Religious_worship,,,,,,
26,2,Religious_worship,,,,,,
26,3,Religious_worship,,,,,,
26,4,Religious_worship,,,,,,
26,5,Religious_worship,,,,,,
26,Aggregated,Religious_worship,,,,,,
26,Centralized,Religious_worship,,,,,,
27,0,Religious_worship,,,,,,
27,1,Religious_worship,,,,,,
27,2,Religious_worship,,,,,,
27,3,Religious_worship,,,,,,
27,4,Religious_worship,,,,,,
27,5,Religious_worship,,,,,,
27,Aggregated,Religious_worship,,,,,,
27,Centralized,Religious_worship,,,,,,
28,0,Religious_worship,,,,,,
28,1,Religious_worship,,,,,,
28,2,Religious_worship,,,,,,
28,3,Religious_worship,,,,,,
28,4,Religious_worship,,,,,,
28,5,Religious_worship,,,,,,
28,Aggregated,Religious_worship,,,,,,
28,Centralized,Religious_worship,,,,,,
29,0,Religious_worship,,,,,,
29,1,Religious_worship,,,,,,
29,2,Religious_worship,,,,,,
29,3,Religious_worship,,,,,,
29,4,Religious_worship,,,,,,
29,5,Religious_worship,,,,,,
29,Aggregated,Religious_worship,,,,,,
29,Centralized,Religious_worship,,,,,,
30,0,Religious_worship,,,,,,
30,1,Religious_worship,,,,,,
30,2,Religious_worship,,,,,,
30,3,Religious_worship,,,,,,
30,4,Religious_worship,,,,,,
30,5,Religious_worship,,,,,,
30,Aggregated,Religious_worship,,,,,,
30,Centralized,Religious_worship,,,,,,
31,0,Religious_worship,,,,,,
31,1,Religious_worship,,,,,,
31,2,Religious_worship,,,,,,
31,3,Religious_worship,,,,,,
31,4,Religious_worship,,,,,,
31,5,Religious_worship,,,,,,
31,Aggregated,Religious_worship,,,,,,
31,Centralized,Religious_worship,,,,,,
32,0,Religious_worship,,,,,,
32,1,Religious_worship,,,,,,
32,2,Religious_worship,,,,,,
32,3,Religious_worship,,,,,,
32,4,Religious_worship,,,,,,
32,5,Religious_worship,,,,,,
32,Aggregated,Religious_worship,,,,,,
32,Centralized,Religious_worship,,,,,,
33,0,Religious_worship,,,,,,
33,1,Religious_worship,,,,,,
33,2,Religious_worship,,,,,,
33,3,Religious_worship,,,,,,
33,4,Religious_worship,,,,,,
33,5,Religious_worship,,,,,,
33,Aggregated,Religious_worship,,,,,,
33,Centralized,Religious_worship,,,,,,
34,0,Religious_worship,,,,,,
34,1,Religious_worship,,,,,,
34,2,Religious_worship,,,,,,
34,3,Religious_worship,,,,,,
34,4,Religious_worship,,,,,,
34,5,Religious_worship,,,,,,
34,Aggregated,Religious_worship,,,,,,
34,Centralized,Religious_worship,,,,,,
35,0,Religious_worship,,,,,,
35,1,Religious_worship,,,,,,
35,2,Religious_worship,,,,,,
35,3,Religious_worship,,,,,,
35,4,Religious_worship,,,,,,
35,5,Religious_worship,,,,,,
35,Aggregated,Religious_worship,,,,,,
35,Centralized,Religious_worship,,,,,,
36,0,Religious_worship,,,,,,
36,1,Religious_worship,,,,,,
36,2,Religious_worship,,,,,,
36,3,Religious_worship,,,,,,
36,4,Religious_worship,,,,,,
36,5,Religious_worship,,,,,,
36,Aggregated,Religious_worship,,,,,,
36,Centralized,Religious_worship,,,,,,
37,0,Religious_worship,,,,,,
37,1,Religious_worship,,,,,,
37,2,Religious_worship,,,,,,
37,3,Religious_worship,,,,,,
37,4,Religious_worship,,,,,,
37,5,Religious_worship,,,,,,
37,Aggregated,Religious_worship,,,,,,
37,Centralized,Religious_worship,,,,,,
38,0,Religious_worship,,,,,,
38,1,Religious_worship,,,,,,
38,2,Religious_worship,,,,,,
38,3,Religious_worship,,,,,,
38,4,Religious_worship,,,,,,
38,5,Religious_worship,,,,,,
38,Aggregated,Religious_worship,,,,,,
38,Centralized,Religious_worship,,,,,,
39,0,Religious_worship,,,,,,
39,1,Religious_worship,,,,,,
39,2,Religious_worship,,,,,,
39,3,Religious_worship,,,,,,
39,4,Religious_worship,,,,,,
39,5,Religious_worship,,,,,,
39,Aggregated,Religious_worship,,,,,,
39,Centralized,Religious_worship,,,,,,
40,0,Religious_worship,,,,,,
40,1,Religious_worship,,,,,,
40,2,Religious_worship,,,,,,
40,3,Religious_worship,,,,,,
40,4,Religious_worship,,,,,,
40,5,Religious_worship,,,,,,
40,Aggregated,Religious_worship,,,,,,
40,Centralized,Religious_worship,,,,,,
41,0,Religious_worship,,,,,,
41,1,Religious_worship,,,,,,
41,2,Religious_worship,,,,,,
41,3,Religious_worship,,,,,,
41,4,Religious_worship,,,,,,
41,5,Religious_worship,,,,,,
41,Aggregated,Religious_worship,,,,,,
41,Centralized,Religious_worship,,,,,,
42,0,Religious_worship,,,,,,
42,1,Religious_worship,,,,,,
42,2,Religious_worship,,,,,,
42,3,Religious_worship,,,,,,
42,4,Religious_worship,,,,,,
42,5,Religious_worship,,,,,,
42,Aggregated,Religious_worship,,,,,,
42,Centralized,Religious_worship,,,,,,
43,0,Religious_worship,,,,,,
43,1,Religious_worship,,,,,,
43,2,Religious_worship,,,,,,
43,3,Religious_worship,,,,,,
43,4,Religious_worship,,,,,,
43,5,Religious_worship,,,,,,
43,Aggregated,Religious_worship,,,,,,
43,Centralized,Religious_worship,,,,,,
44,0,Religious_worship,,,,,,
44,1,Religious_worship,,,,,,
44,2,Religious_worship,,,,,,
44,3,Religious_worship,,,,,,
44,4,Religious_worship,,,,,,
44,5,Religious_worship,,,,,,
44,Aggregated,Religious_worship,,,,,,
44,Centralized,Religious_worship,,,,,,
45,0,Religious_worship,,,,,,
45,1,Religious_worship,,,,,,
45,2,Religious_worship,,,,,,
45,3,Religious_worship,,,,,,
45,4,Religious_worship,,,,,,
45,5,Religious_worship,,,,,,
45,Aggregated,Religious_worship,,,,,,
45,Centralized,Religious_worship,,,,,,
46,0,Religious_worship,,,,,,
46,1,Religious_worship,,,,,,
46,2,Religious_worship,,,,,,
46,3,Religious_worship,,,,,,
46,4,Religious_worship,,,,,,
46,5,Religious_worship,,,,,,
46,Aggregated,Religious_worship,,,,,,
46,Centralized,Religious_worship,,,,,,
47,0,Religious_worship,,,,,,
47,1,Religious_worship,,,,,,
47,2,Religious_worship,,,,,,
47,3,Religious_worship,,,,,,
47,4,Religious_worship,,,,,,
47,5,Religious_worship,,,,,,
47,Aggregated,Religious_worship,,,,,,
47,Centralized,Religious_worship,,,,,,
48,0,Religious_worship,,,,,,
48,1,Religious_worship,,,,,,
48,2,Religious_worship,,,,,,
48,3,Religious_worship,,,,,,
48,4,Religious_worship,,,,,,
48,5,Religious_worship,,,,,,
48,Aggregated,Religious_worship,,,,,,
48,Centralized,Religious_worship,,,,,,
49,0,Religious_worship,,,,,,
49,1,Religious_worship,,,,,,
49,2,Religious_worship,,,,,,
49,3,Religious_worship,,,,,,
49,4,Religious_worship,,,,,,
49,5,Religious_worship,,,,,,
49,Aggregated,Religious_worship,,,,,,
49,Centralized,Religious_worship,,,,,,
50,0,Religious_worship,,,,,,
50,1,Religious_worship,,,,,,
50,2,Religious_worship,,,,,,
50,3,Religious_worship,,,,,,
50,4,Religious_worship,,,,,,
50,5,Religious_worship,,,,,,
50,Aggregated,Religious_worship,,,,,,
50,Centralized,Religious_worship,,,,,,
0,0,Education_Uncategorized,,,,,,
0,1,Education_Uncategorized,,,,,,
0,2,Education_Uncategorized,,,,,,
0,3,Education_Uncategorized,,,,,,
0,4,Education_Uncategorized,,,,,,
0,5,Education_Uncategorized,,,,,,
0,Aggregated,Education_Uncategorized,,,,,,
0,Centralized,Education_Uncategorized,,,,,,
1,0,Education_Uncategorized,,,,,,
1,1,Education_Uncategorized,,,,,,
1,2,Education_Uncategorized,,,,,,
1,3,Education_Uncategorized,,,,,,
1,4,Education_Uncategorized,,,,,,
1,5,Education_Uncategorized,,,,,,
1,Aggregated,Education_Uncategorized,,,,,,
1,Centralized,Education_Uncategorized,,,,,,
2,0,Education_Uncategorized,,,,,,
2,1,Education_Uncategorized,,,,,,
2,2,Education_Uncategorized,,,,,,
2,3,Education_Uncategorized,,,,,,
2,4,Education_Uncategorized,,,,,,
2,5,Education_Uncategorized,,,,,,
2,Aggregated,Education_Uncategorized,,,,,,
2,Centralized,Education_Uncategorized,,,,,,
3,0,Education_Uncategorized,,,,,,
3,1,Education_Uncategorized,,,,,,
3,2,Education_Uncategorized,,,,,,
3,3,Education_Uncategorized,,,,,,
3,4,Education_Uncategorized,,,,,,
3,5,Education_Uncategorized,,,,,,
3,Aggregated,Education_Uncategorized,,,,,,
3,Centralized,Education_Uncategorized,,,,,,
4,0,Education_Uncategorized,,,,,,
4,1,Education_Uncategorized,,,,,,
4,2,Education_Uncategorized,,,,,,
4,3,Education_Uncategorized,,,,,,
4,4,Education_Uncategorized,,,,,,
4,5,Education_Uncategorized,,,,,,
4,Aggregated,Education_Uncategorized,,,,,,
4,Centralized,Education_Uncategorized,,,,,,
5,0,Education_Uncategorized,,,,,,
5,1,Education_Uncategorized,,,,,,
5,2,Education_Uncategorized,,,,,,
5,3,Education_Uncategorized,,,,,,
5,4,Education_Uncategorized,,,,,,
5,5,Education_Uncategorized,,,,,,
5,Aggregated,Education_Uncategorized,,,,,,
5,Centralized,Education_Uncategorized,,,,,,
6,0,Education_Uncategorized,,,,,,
6,1,Education_Uncategorized,,,,,,
6,2,Education_Uncategorized,,,,,,
6,3,Education_Uncategorized,,,,,,
6,4,Education_Uncategorized,,,,,,
6,5,Education_Uncategorized,,,,,,
6,Aggregated,Education_Uncategorized,,,,,,
6,Centralized,Education_Uncategorized,,,,,,
7,0,Education_Uncategorized,,,,,,
7,1,Education_Uncategorized,,,,,,
7,2,Education_Uncategorized,,,,,,
7,3,Education_Uncategorized,,,,,,
7,4,Education_Uncategorized,,,,,,
7,5,Education_Uncategorized,,,,,,
7,Aggregated,Education_Uncategorized,,,,,,
7,Centralized,Education_Uncategorized,,,,,,
8,0,Education_Uncategorized,,,,,,
8,1,Education_Uncategorized,,,,,,
8,2,Education_Uncategorized,,,,,,
8,3,Education_Uncategorized,,,,,,
8,4,Education_Uncategorized,,,,,,
8,5,Education_Uncategorized,,,,,,
8,Aggregated,Education_Uncategorized,,,,,,
8,Centralized,Education_Uncategorized,,,,,,
9,0,Education_Uncategorized,,,,,,
9,1,Education_Uncategorized,,,,,,
9,2,Education_Uncategorized,,,,,,
9,3,Education_Uncategorized,,,,,,
9,4,Education_Uncategorized,,,,,,
9,5,Education_Uncategorized,,,,,,
9,Aggregated,Education_Uncategorized,,,,,,
9,Centralized,Education_Uncategorized,,,,,,
10,0,Education_Uncategorized,,,,,,
10,1,Education_Uncategorized,,,,,,
10,2,Education_Uncategorized,,,,,,
10,3,Education_Uncategorized,,,,,,
10,4,Education_Uncategorized,,,,,,
10,5,Education_Uncategorized,,,,,,
10,Aggregated,Education_Uncategorized,,,,,,
10,Centralized,Education_Uncategorized,,,,,,
11,0,Education_Uncategorized,,,,,,
11,1,Education_Uncategorized,,,,,,
11,2,Education_Uncategorized,,,,,,
11,3,Education_Uncategorized,,,,,,
11,4,Education_Uncategorized,,,,,,
11,5,Education_Uncategorized,,,,,,
11,Aggregated,Education_Uncategorized,,,,,,
11,Centralized,Education_Uncategorized,,,,,,
12,0,Education_Uncategorized,,,,,,
12,1,Education_Uncategorized,,,,,,
12,2,Education_Uncategorized,,,,,,
12,3,Education_Uncategorized,,,,,,
12,4,Education_Uncategorized,,,,,,
12,5,Education_Uncategorized,,,,,,
12,Aggregated,Education_Uncategorized,,,,,,
12,Centralized,Education_Uncategorized,,,,,,
13,0,Education_Uncategorized,,,,,,
13,1,Education_Uncategorized,,,,,,
13,2,Education_Uncategorized,,,,,,
13,3,Education_Uncategorized,,,,,,
13,4,Education_Uncategorized,,,,,,
13,5,Education_Uncategorized,,,,,,
13,Aggregated,Education_Uncategorized,,,,,,
13,Centralized,Education_Uncategorized,,,,,,
14,0,Education_Uncategorized,,,,,,
14,1,Education_Uncategorized,,,,,,
14,2,Education_Uncategorized,,,,,,
14,3,Education_Uncategorized,,,,,,
14,4,Education_Uncategorized,,,,,,
14,5,Education_Uncategorized,,,,,,
14,Aggregated,Education_Uncategorized,,,,,,
14,Centralized,Education_Uncategorized,,,,,,
15,0,Education_Uncategorized,,,,,,
15,1,Education_Uncategorized,,,,,,
15,2,Education_Uncategorized,,,,,,
15,3,Education_Uncategorized,,,,,,
15,4,Education_Uncategorized,,,,,,
15,5,Education_Uncategorized,,,,,,
15,Aggregated,Education_Uncategorized,,,,,,
15,Centralized,Education_Uncategorized,,,,,,
16,0,Education_Uncategorized,,,,,,
16,1,Education_Uncategorized,,,,,,
16,2,Education_Uncategorized,,,,,,
16,3,Education_Uncategorized,,,,,,
16,4,Education_Uncategorized,,,,,,
16,5,Education_Uncategorized,,,,,,
16,Aggregated,Education_Uncategorized,,,,,,
16,Centralized,Education_Uncategorized,,,,,,
17,0,Education_Uncategorized,,,,,,
17,1,Education_Uncategorized,,,,,,
17,2,Education_Uncategorized,,,,,,
17,3,Education_Uncategorized,,,,,,
17,4,Education_Uncategorized,,,,,,
17,5,Education_Uncategorized,,,,,,
17,Aggregated,Education_Uncategorized,,,,,,
17,Centralized,Education_Uncategorized,,,,,,
18,0,Education_Uncategorized,,,,,,
18,1,Education_Uncategorized,,,,,,
18,2,Education_Uncategorized,,,,,,
18,3,Education_Uncategorized,,,,,,
18,4,Education_Uncategorized,,,,,,
18,5,Education_Uncategorized,,,,,,
18,Aggregated,Education_Uncategorized,,,,,,
18,Centralized,Education_Uncategorized,,,,,,
19,0,Education_Uncategorized,,,,,,
19,1,Education_Uncategorized,,,,,,
19,2,Education_Uncategorized,,,,,,
19,3,Education_Uncategorized,,,,,,
19,4,Education_Uncategorized,,,,,,
19,5,Education_Uncategorized,,,,,,
19,Aggregated,Education_Uncategorized,,,,,,
19,Centralized,Education_Uncategorized,,,,,,
20,0,Education_Uncategorized,,,,,,
20,1,Education_Uncategorized,,,,,,
20,2,Education_Uncategorized,,,,,,
20,3,Education_Uncategorized,,,,,,
20,4,Education_Uncategorized,,,,,,
20,5,Education_Uncategorized,,,,,,
20,Aggregated,Education_Uncategorized,,,,,,
20,Centralized,Education_Uncategorized,,,,,,
21,0,Education_Uncategorized,,,,,,
21,1,Education_Uncategorized,,,,,,
21,2,Education_Uncategorized,,,,,,
21,3,Education_Uncategorized,,,,,,
21,4,Education_Uncategorized,,,,,,
21,5,Education_Uncategorized,,,,,,
21,Aggregated,Education_Uncategorized,,,,,,
21,Centralized,Education_Uncategorized,,,,,,
22,0,Education_Uncategorized,,,,,,
22,1,Education_Uncategorized,,,,,,
22,2,Education_Uncategorized,,,,,,
22,3,Education_Uncategorized,,,,,,
22,4,Education_Uncategorized,,,,,,
22,5,Education_Uncategorized,,,,,,
22,Aggregated,Education_Uncategorized,,,,,,
22,Centralized,Education_Uncategorized,,,,,,
23,0,Education_Uncategorized,,,,,,
23,1,Education_Uncategorized,,,,,,
23,2,Education_Uncategorized,,,,,,
23,3,Education_Uncategorized,,,,,,
23,4,Education_Uncategorized,,,,,,
23,5,Education_Uncategorized,,,,,,
23,Aggregated,Education_Uncategorized,,,,,,
23,Centralized,Education_Uncategorized,,,,,,
24,0,Education_Uncategorized,,,,,,
24,1,Education_Uncategorized,,,,,,
24,2,Education_Uncategorized,,,,,,
24,3,Education_Uncategorized,,,,,,
24,4,Education_Uncategorized,,,,,,
24,5,Education_Uncategorized,,,,,,
24,Aggregated,Education_Uncategorized,,,,,,
24,Centralized,Education_Uncategorized,,,,,,
25,0,Education_Uncategorized,,,,,,
25,1,Education_Uncategorized,,,,,,
25,2,Education_Uncategorized,,,,,,
25,3,Education_Uncategorized,,,,,,
25,4,Education_Uncategorized,,,,,,
25,5,Education_Uncategorized,,,,,,
25,Aggregated,Education_Uncategorized,,,,,,
25,Centralized,Education_Uncategorized,,,,,,
26,0,Education_Uncategorized,,,,,,
26,1,Education_Uncategorized,,,,,,
26,2,Education_Uncategorized,,,,,,
26,3,Education_Uncategorized,,,,,,
26,4,Education_Uncategorized,,,,,,
26,5,Education_Uncategorized,,,,,,
26,Aggregated,Education_Uncategorized,,,,,,
26,Centralized,Education_Uncategorized,,,,,,
27,0,Education_Uncategorized,,,,,,
27,1,Education_Uncategorized,,,,,,
27,2,Education_Uncategorized,,,,,,
27,3,Education_Uncategorized,,,,,,
27,4,Education_Uncategorized,,,,,,
27,5,Education_Uncategorized,,,,,,
27,Aggregated,Education_Uncategorized,,,,,,
27,Centralized,Education_Uncategorized,,,,,,
28,0,Education_Uncategorized,,,,,,
28,1,Education_Uncategorized,,,,,,
28,2,Education_Uncategorized,,,,,,
28,3,Education_Uncategorized,,,,,,
28,4,Education_Uncategorized,,,,,,
28,5,Education_Uncategorized,,,,,,
28,Aggregated,Education_Uncategorized,,,,,,
28,Centralized,Education_Uncategorized,,,,,,
29,0,Education_Uncategorized,,,,,,
29,1,Education_Uncategorized,,,,,,
29,2,Education_Uncategorized,,,,,,
29,3,Education_Uncategorized,,,,,,
29,4,Education_Uncategorized,,,,,,
29,5,Education_Uncategorized,,,,,,
29,Aggregated,Education_Uncategorized,,,,,,
29,Centralized,Education_Uncategorized,,,,,,
30,0,Education_Uncategorized,,,,,,
30,1,Education_Uncategorized,,,,,,
30,2,Education_Uncategorized,,,,,,
30,3,Education_Uncategorized,,,,,,
30,4,Education_Uncategorized,,,,,,
30,5,Education_Uncategorized,,,,,,
30,Aggregated,Education_Uncategorized,,,,,,
30,Centralized,Education_Uncategorized,,,,,,
31,0,Education_Uncategorized,,,,,,
31,1,Education_Uncategorized,,,,,,
31,2,Education_Uncategorized,,,,,,
31,3,Education_Uncategorized,,,,,,
31,4,Education_Uncategorized,,,,,,
31,5,Education_Uncategorized,,,,,,
31,Aggregated,Education_Uncategorized,,,,,,
31,Centralized,Education_Uncategorized,,,,,,
32,0,Education_Uncategorized,,,,,,
32,1,Education_Uncategorized,,,,,,
32,2,Education_Uncategorized,,,,,,
32,3,Education_Uncategorized,,,,,,
32,4,Education_Uncategorized,,,,,,
32,5,Education_Uncategorized,,,,,,
32,Aggregated,Education_Uncategorized,,,,,,
32,Centralized,Education_Uncategorized,,,,,,
33,0,Education_Uncategorized,,,,,,
33,1,Education_Uncategorized,,,,,,
33,2,Education_Uncategorized,,,,,,
33,3,Education_Uncategorized,,,,,,
33,4,Education_Uncategorized,,,,,,
33,5,Education_Uncategorized,,,,,,
33,Aggregated,Education_Uncategorized,,,,,,
33,Centralized,Education_Uncategorized,,,,,,
34,0,Education_Uncategorized,,,,,,
34,1,Education_Uncategorized,,,,,,
34,2,Education_Uncategorized,,,,,,
34,3,Education_Uncategorized,,,,,,
34,4,Education_Uncategorized,,,,,,
34,5,Education_Uncategorized,,,,,,
34,Aggregated,Education_Uncategorized,,,,,,
34,Centralized,Education_Uncategorized,,,,,,
35,0,Education_Uncategorized,,,,,,
35,1,Education_Uncategorized,,,,,,
35,2,Education_Uncategorized,,,,,,
35,3,Education_Uncategorized,,,,,,
35,4,Education_Uncategorized,,,,,,
35,5,Education_Uncategorized,,,,,,
35,Aggregated,Education_Uncategorized,,,,,,
35,Centralized,Education_Uncategorized,,,,,,
36,0,Education_Uncategorized,,,,,,
36,1,Education_Uncategorized,,,,,,
36,2,Education_Uncategorized,,,,,,
36,3,Education_Uncategorized,,,,,,
36,4,Education_Uncategorized,,,,,,
36,5,Education_Uncategorized,,,,,,
36,Aggregated,Education_Uncategorized,,,,,,
36,Centralized,Education_Uncategorized,,,,,,
37,0,Education_Uncategorized,,,,,,
37,1,Education_Uncategorized,,,,,,
37,2,Education_Uncategorized,,,,,,
37,3,Education_Uncategorized,,,,,,
37,4,Education_Uncategorized,,,,,,
37,5,Education_Uncategorized,,,,,,
37,Aggregated,Education_Uncategorized,,,,,,
37,Centralized,Education_Uncategorized,,,,,,
38,0,Education_Uncategorized,,,,,,
38,1,Education_Uncategorized,,,,,,
38,2,Education_Uncategorized,,,,,,
38,3,Education_Uncategorized,,,,,,
38,4,Education_Uncategorized,,,,,,
38,5,Education_Uncategorized,,,,,,
38,Aggregated,Education_Uncategorized,,,,,,
38,Centralized,Education_Uncategorized,,,,,,
39,0,Education_Uncategorized,,,,,,
39,1,Education_Uncategorized,,,,,,
39,2,Education_Uncategorized,,,,,,
39,3,Education_Uncategorized,,,,,,
39,4,Education_Uncategorized,,,,,,
39,5,Education_Uncategorized,,,,,,
39,Aggregated,Education_Uncategorized,,,,,,
39,Centralized,Education_Uncategorized,,,,,,
40,0,Education_Uncategorized,,,,,,
40,1,Education_Uncategorized,,,,,,
40,2,Education_Uncategorized,,,,,,
40,3,Education_Uncategorized,,,,,,
40,4,Education_Uncategorized,,,,,,
40,5,Education_Uncategorized,,,,,,
40,Aggregated,Education_Uncategorized,,,,,,
40,Centralized,Education_Uncategorized,,,,,,
41,0,Education_Uncategorized,,,,,,
41,1,Education_Uncategorized,,,,,,
41,2,Education_Uncategorized,,,,,,
41,3,Education_Uncategorized,,,,,,
41,4,Education_Uncategorized,,,,,,
41,5,Education_Uncategorized,,,,,,
41,Aggregated,Education_Uncategorized,,,,,,
41,Centralized,Education_Uncategorized,,,,,,
42,0,Education_Uncategorized,,,,,,
42,1,Education_Uncategorized,,,,,,
42,2,Education_Uncategorized,,,,,,
42,3,Education_Uncategorized,,,,,,
42,4,Education_Uncategorized,,,,,,
42,5,Education_Uncategorized,,,,,,
42,Aggregated,Education_Uncategorized,,,,,,
42,Centralized,Education_Uncategorized,,,,,,
43,0,Education_Uncategorized,,,,,,
43,1,Education_Uncategorized,,,,,,
43,2,Education_Uncategorized,,,,,,
43,3,Education_Uncategorized,,,,,,
43,4,Education_Uncategorized,,,,,,
43,5,Education_Uncategorized,,,,,,
43,Aggregated,Education_Uncategorized,,,,,,
43,Centralized,Education_Uncategorized,,,,,,
44,0,Education_Uncategorized,,,,,,
44,1,Education_Uncategorized,,,,,,
44,2,Education_Uncategorized,,,,,,
44,3,Education_Uncategorized,,,,,,
44,4,Education_Uncategorized,,,,,,
44,5,Education_Uncategorized,,,,,,
44,Aggregated,Education_Uncategorized,,,,,,
44,Centralized,Education_Uncategorized,,,,,,
45,0,Education_Uncategorized,,,,,,
45,1,Education_Uncategorized,,,,,,
45,2,Education_Uncategorized,,,,,,
45,3,Education_Uncategorized,,,,,,
45,4,Education_Uncategorized,,,,,,
45,5,Education_Uncategorized,,,,,,
45,Aggregated,Education_Uncategorized,,,,,,
45,Centralized,Education_Uncategorized,,,,,,
46,0,Education_Uncategorized,,,,,,
46,1,Education_Uncategorized,,,,,,
46,2,Education_Uncategorized,,,,,,
46,3,Education_Uncategorized,,,,,,
46,4,Education_Uncategorized,,,,,,
46,5,Education_Uncategorized,,,,,,
46,Aggregated,Education_Uncategorized,,,,,,
46,Centralized,Education_Uncategorized,,,,,,
47,0,Education_Uncategorized,,,,,,
47,1,Education_Uncategorized,,,,,,
47,2,Education_Uncategorized,,,,,,
47,3,Education_Uncategorized,,,,,,
47,4,Education_Uncategorized,,,,,,
47,5,Education_Uncategorized,,,,,,
47,Aggregated,Education_Uncategorized,,,,,,
47,Centralized,Education_Uncategorized,,,,,,
48,0,Education_Uncategorized,,,,,,
48,1,Education_Uncategorized,,,,,,
48,2,Education_Uncategorized,,,,,,
48,3,Education_Uncategorized,,,,,,
48,4,Education_Uncategorized,,,,,,
48,5,Education_Uncategorized,,,,,,
48,Aggregated,Education_Uncategorized,,,,,,
48,Centralized,Education_Uncategorized,,,,,,
49,0,Education_Uncategorized,,,,,,
49,1,Education_Uncategorized,,,,,,
49,2,Education_Uncategorized,,,,,,
49,3,Education_Uncategorized,,,,,,
49,4,Education_Uncategorized,,,,,,
49,5,Education_Uncategorized,,,,,,
49,Aggregated,Education_Uncategorized,,,,,,
49,Centralized,Education_Uncategorized,,,,,,
50,0,Education_Uncategorized,,,,,,
50,1,Education_Uncategorized,,,,,,
50,2,Education_Uncategorized,,,,,,
50,3,Education_Uncategorized,,,,,,
50,4,Education_Uncategorized,,,,,,
50,5,Education_Uncategorized,,,,,,
50,Aggregated,Education_Uncategorized,,,,,,
50,Centralized,Education_Uncategorized,,,,,,
0,0,Public_Safety_Courthouse,,,,,,
0,1,Public_Safety_Courthouse,,,,,,
0,2,Public_Safety_Courthouse,,,,,,
0,3,Public_Safety_Courthouse,,,,,,
0,4,Public_Safety_Courthouse,,,,,,
0,5,Public_Safety_Courthouse,,,,,,
0,Aggregated,Public_Safety_Courthouse,,,,,,
0,Centralized,Public_Safety_Courthouse,,,,,,
1,0,Public_Safety_Courthouse,,,,,,
1,1,Public_Safety_Courthouse,,,,,,
1,2,Public_Safety_Courthouse,,,,,,
1,3,Public_Safety_Courthouse,,,,,,
1,4,Public_Safety_Courthouse,,,,,,
1,5,Public_Safety_Courthouse,,,,,,
1,Aggregated,Public_Safety_Courthouse,,,,,,
1,Centralized,Public_Safety_Courthouse,,,,,,
2,0,Public_Safety_Courthouse,,,,,,
2,1,Public_Safety_Courthouse,,,,,,
2,2,Public_Safety_Courthouse,,,,,,
2,3,Public_Safety_Courthouse,,,,,,
2,4,Public_Safety_Courthouse,,,,,,
2,5,Public_Safety_Courthouse,,,,,,
2,Aggregated,Public_Safety_Courthouse,,,,,,
2,Centralized,Public_Safety_Courthouse,,,,,,
3,0,Public_Safety_Courthouse,,,,,,
3,1,Public_Safety_Courthouse,,,,,,
3,2,Public_Safety_Courthouse,,,,,,
3,3,Public_Safety_Courthouse,,,,,,
3,4,Public_Safety_Courthouse,,,,,,
3,5,Public_Safety_Courthouse,,,,,,
3,Aggregated,Public_Safety_Courthouse,,,,,,
3,Centralized,Public_Safety_Courthouse,,,,,,
4,0,Public_Safety_Courthouse,,,,,,
4,1,Public_Safety_Courthouse,,,,,,
4,2,Public_Safety_Courthouse,,,,,,
4,3,Public_Safety_Courthouse,,,,,,
4,4,Public_Safety_Courthouse,,,,,,
4,5,Public_Safety_Courthouse,,,,,,
4,Aggregated,Public_Safety_Courthouse,,,,,,
4,Centralized,Public_Safety_Courthouse,,,,,,
5,0,Public_Safety_Courthouse,,,,,,
5,1,Public_Safety_Courthouse,,,,,,
5,2,Public_Safety_Courthouse,,,,,,
5,3,Public_Safety_Courthouse,,,,,,
5,4,Public_Safety_Courthouse,,,,,,
5,5,Public_Safety_Courthouse,,,,,,
5,Aggregated,Public_Safety_Courthouse,,,,,,
5,Centralized,Public_Safety_Courthouse,,,,,,
6,0,Public_Safety_Courthouse,,,,,,
6,1,Public_Safety_Courthouse,,,,,,
6,2,Public_Safety_Courthouse,,,,,,
6,3,Public_Safety_Courthouse,,,,,,
6,4,Public_Safety_Courthouse,,,,,,
6,5,Public_Safety_Courthouse,,,,,,
6,Aggregated,Public_Safety_Courthouse,,,,,,
6,Centralized,Public_Safety_Courthouse,,,,,,
7,0,Public_Safety_Courthouse,,,,,,
7,1,Public_Safety_Courthouse,,,,,,
7,2,Public_Safety_Courthouse,,,,,,
7,3,Public_Safety_Courthouse,,,,,,
7,4,Public_Safety_Courthouse,,,,,,
7,5,Public_Safety_Courthouse,,,,,,
7,Aggregated,Public_Safety_Courthouse,,,,,,
7,Centralized,Public_Safety_Courthouse,,,,,,
8,0,Public_Safety_Courthouse,,,,,,
8,1,Public_Safety_Courthouse,,,,,,
8,2,Public_Safety_Courthouse,,,,,,
8,3,Public_Safety_Courthouse,,,,,,
8,4,Public_Safety_Courthouse,,,,,,
8,5,Public_Safety_Courthouse,,,,,,
8,Aggregated,Public_Safety_Courthouse,,,,,,
8,Centralized,Public_Safety_Courthouse,,,,,,
9,0,Public_Safety_Courthouse,,,,,,
9,1,Public_Safety_Courthouse,,,,,,
9,2,Public_Safety_Courthouse,,,,,,
9,3,Public_Safety_Courthouse,,,,,,
9,4,Public_Safety_Courthouse,,,,,,
9,5,Public_Safety_Courthouse,,,,,,
9,Aggregated,Public_Safety_Courthouse,,,,,,
9,Centralized,Public_Safety_Courthouse,,,,,,
10,0,Public_Safety_Courthouse,,,,,,
10,1,Public_Safety_Courthouse,,,,,,
10,2,Public_Safety_Courthouse,,,,,,
10,3,Public_Safety_Courthouse,,,,,,
10,4,Public_Safety_Courthouse,,,,,,
10,5,Public_Safety_Courthouse,,,,,,
10,Aggregated,Public_Safety_Courthouse,,,,,,
10,Centralized,Public_Safety_Courthouse,,,,,,
11,0,Public_Safety_Courthouse,,,,,,
11,1,Public_Safety_Courthouse,,,,,,
11,2,Public_Safety_Courthouse,,,,,,
11,3,Public_Safety_Courthouse,,,,,,
11,4,Public_Safety_Courthouse,,,,,,
11,5,Public_Safety_Courthouse,,,,,,
11,Aggregated,Public_Safety_Courthouse,,,,,,
11,Centralized,Public_Safety_Courthouse,,,,,,
12,0,Public_Safety_Courthouse,,,,,,
12,1,Public_Safety_Courthouse,,,,,,
12,2,Public_Safety_Courthouse,,,,,,
12,3,Public_Safety_Courthouse,,,,,,
12,4,Public_Safety_Courthouse,,,,,,
12,5,Public_Safety_Courthouse,,,,,,
12,Aggregated,Public_Safety_Courthouse,,,,,,
12,Centralized,Public_Safety_Courthouse,,,,,,
13,0,Public_Safety_Courthouse,,,,,,
13,1,Public_Safety_Courthouse,,,,,,
13,2,Public_Safety_Courthouse,,,,,,
13,3,Public_Safety_Courthouse,,,,,,
13,4,Public_Safety_Courthouse,,,,,,
13,5,Public_Safety_Courthouse,,,,,,
13,Aggregated,Public_Safety_Courthouse,,,,,,
13,Centralized,Public_Safety_Courthouse,,,,,,
14,0,Public_Safety_Courthouse,,,,,,
14,1,Public_Safety_Courthouse,,,,,,
14,2,Public_Safety_Courthouse,,,,,,
14,3,Public_Safety_Courthouse,,,,,,
14,4,Public_Safety_Courthouse,,,,,,
14,5,Public_Safety_Courthouse,,,,,,
14,Aggregated,Public_Safety_Courthouse,,,,,,
14,Centralized,Public_Safety_Courthouse,,,,,,
15,0,Public_Safety_Courthouse,,,,,,
15,1,Public_Safety_Courthouse,,,,,,
15,2,Public_Safety_Courthouse,,,,,,
15,3,Public_Safety_Courthouse,,,,,,
15,4,Public_Safety_Courthouse,,,,,,
15,5,Public_Safety_Courthouse,,,,,,
15,Aggregated,Public_Safety_Courthouse,,,,,,
15,Centralized,Public_Safety_Courthouse,,,,,,
16,0,Public_Safety_Courthouse,,,,,,
16,1,Public_Safety_Courthouse,,,,,,
16,2,Public_Safety_Courthouse,,,,,,
16,3,Public_Safety_Courthouse,,,,,,
16,4,Public_Safety_Courthouse,,,,,,
16,5,Public_Safety_Courthouse,,,,,,
16,Aggregated,Public_Safety_Courthouse,,,,,,
16,Centralized,Public_Safety_Courthouse,,,,,,
17,0,Public_Safety_Courthouse,,,,,,
17,1,Public_Safety_Courthouse,,,,,,
17,2,Public_Safety_Courthouse,,,,,,
17,3,Public_Safety_Courthouse,,,,,,
17,4,Public_Safety_Courthouse,,,,,,
17,5,Public_Safety_Courthouse,,,,,,
17,Aggregated,Public_Safety_Courthouse,,,,,,
17,Centralized,Public_Safety_Courthouse,,,,,,
18,0,Public_Safety_Courthouse,,,,,,
18,1,Public_Safety_Courthouse,,,,,,
18,2,Public_Safety_Courthouse,,,,,,
18,3,Public_Safety_Courthouse,,,,,,
18,4,Public_Safety_Courthouse,,,,,,
18,5,Public_Safety_Courthouse,,,,,,
18,Aggregated,Public_Safety_Courthouse,,,,,,
18,Centralized,Public_Safety_Courthouse,,,,,,
19,0,Public_Safety_Courthouse,,,,,,
19,1,Public_Safety_Courthouse,,,,,,
19,2,Public_Safety_Courthouse,,,,,,
19,3,Public_Safety_Courthouse,,,,,,
19,4,Public_Safety_Courthouse,,,,,,
19,5,Public_Safety_Courthouse,,,,,,
19,Aggregated,Public_Safety_Courthouse,,,,,,
19,Centralized,Public_Safety_Courthouse,,,,,,
20,0,Public_Safety_Courthouse,,,,,,
20,1,Public_Safety_Courthouse,,,,,,
20,2,Public_Safety_Courthouse,,,,,,
20,3,Public_Safety_Courthouse,,,,,,
20,4,Public_Safety_Courthouse,,,,,,
20,5,Public_Safety_Courthouse,,,,,,
20,Aggregated,Public_Safety_Courthouse,,,,,,
20,Centralized,Public_Safety_Courthouse,,,,,,
21,0,Public_Safety_Courthouse,,,,,,
21,1,Public_Safety_Courthouse,,,,,,
21,2,Public_Safety_Courthouse,,,,,,
21,3,Public_Safety_Courthouse,,,,,,
21,4,Public_Safety_Courthouse,,,,,,
21,5,Public_Safety_Courthouse,,,,,,
21,Aggregated,Public_Safety_Courthouse,,,,,,
21,Centralized,Public_Safety_Courthouse,,,,,,
22,0,Public_Safety_Courthouse,,,,,,
22,1,Public_Safety_Courthouse,,,,,,
22,2,Public_Safety_Courthouse,,,,,,
22,3,Public_Safety_Courthouse,,,,,,
22,4,Public_Safety_Courthouse,,,,,,
22,5,Public_Safety_Courthouse,,,,,,
22,Aggregated,Public_Safety_Courthouse,,,,,,
22,Centralized,Public_Safety_Courthouse,,,,,,
23,0,Public_Safety_Courthouse,,,,,,
23,1,Public_Safety_Courthouse,,,,,,
23,2,Public_Safety_Courthouse,,,,,,
23,3,Public_Safety_Courthouse,,,,,,
23,4,Public_Safety_Courthouse,,,,,,
23,5,Public_Safety_Courthouse,,,,,,
23,Aggregated,Public_Safety_Courthouse,,,,,,
23,Centralized,Public_Safety_Courthouse,,,,,,
24,0,Public_Safety_Courthouse,,,,,,
24,1,Public_Safety_Courthouse,,,,,,
24,2,Public_Safety_Courthouse,,,,,,
24,3,Public_Safety_Courthouse,,,,,,
24,4,Public_Safety_Courthouse,,,,,,
24,5,Public_Safety_Courthouse,,,,,,
24,Aggregated,Public_Safety_Courthouse,,,,,,
24,Centralized,Public_Safety_Courthouse,,,,,,
25,0,Public_Safety_Courthouse,,,,,,
25,1,Public_Safety_Courthouse,,,,,,
25,2,Public_Safety_Courthouse,,,,,,
25,3,Public_Safety_Courthouse,,,,,,
25,4,Public_Safety_Courthouse,,,,,,
25,5,Public_Safety_Courthouse,,,,,,
25,Aggregated,Public_Safety_Courthouse,,,,,,
25,Centralized,Public_Safety_Courthouse,,,,,,
26,0,Public_Safety_Courthouse,,,,,,
26,1,Public_Safety_Courthouse,,,,,,
26,2,Public_Safety_Courthouse,,,,,,
26,3,Public_Safety_Courthouse,,,,,,
26,4,Public_Safety_Courthouse,,,,,,
26,5,Public_Safety_Courthouse,,,,,,
26,Aggregated,Public_Safety_Courthouse,,,,,,
26,Centralized,Public_Safety_Courthouse,,,,,,
27,0,Public_Safety_Courthouse,,,,,,
27,1,Public_Safety_Courthouse,,,,,,
27,2,Public_Safety_Courthouse,,,,,,
27,3,Public_Safety_Courthouse,,,,,,
27,4,Public_Safety_Courthouse,,,,,,
27,5,Public_Safety_Courthouse,,,,,,
27,Aggregated,Public_Safety_Courthouse,,,,,,
27,Centralized,Public_Safety_Courthouse,,,,,,
28,0,Public_Safety_Courthouse,,,,,,
28,1,Public_Safety_Courthouse,,,,,,
28,2,Public_Safety_Courthouse,,,,,,
28,3,Public_Safety_Courthouse,,,,,,
28,4,Public_Safety_Courthouse,,,,,,
28,5,Public_Safety_Courthouse,,,,,,
28,Aggregated,Public_Safety_Courthouse,,,,,,
28,Centralized,Public_Safety_Courthouse,,,,,,
29,0,Public_Safety_Courthouse,,,,,,
29,1,Public_Safety_Courthouse,,,,,,
29,2,Public_Safety_Courthouse,,,,,,
29,3,Public_Safety_Courthouse,,,,,,
29,4,Public_Safety_Courthouse,,,,,,
29,5,Public_Safety_Courthouse,,,,,,
29,Aggregated,Public_Safety_Courthouse,,,,,,
29,Centralized,Public_Safety_Courthouse,,,,,,
30,0,Public_Safety_Courthouse,,,,,,
30,1,Public_Safety_Courthouse,,,,,,
30,2,Public_Safety_Courthouse,,,,,,
30,3,Public_Safety_Courthouse,,,,,,
30,4,Public_Safety_Courthouse,,,,,,
30,5,Public_Safety_Courthouse,,,,,,
30,Aggregated,Public_Safety_Courthouse,,,,,,
30,Centralized,Public_Safety_Courthouse,,,,,,
31,0,Public_Safety_Courthouse,,,,,,
31,1,Public_Safety_Courthouse,,,,,,
31,2,Public_Safety_Courthouse,,,,,,
31,3,Public_Safety_Courthouse,,,,,,
31,4,Public_Safety_Courthouse,,,,,,
31,5,Public_Safety_Courthouse,,,,,,
31,Aggregated,Public_Safety_Courthouse,,,,,,
31,Centralized,Public_Safety_Courthouse,,,,,,
32,0,Public_Safety_Courthouse,,,,,,
32,1,Public_Safety_Courthouse,,,,,,
32,2,Public_Safety_Courthouse,,,,,,
32,3,Public_Safety_Courthouse,,,,,,
32,4,Public_Safety_Courthouse,,,,,,
32,5,Public_Safety_Courthouse,,,,,,
32,Aggregated,Public_Safety_Courthouse,,,,,,
32,Centralized,Public_Safety_Courthouse,,,,,,
33,0,Public_Safety_Courthouse,,,,,,
33,1,Public_Safety_Courthouse,,,,,,
33,2,Public_Safety_Courthouse,,,,,,
33,3,Public_Safety_Courthouse,,,,,,
33,4,Public_Safety_Courthouse,,,,,,
33,5,Public_Safety_Courthouse,,,,,,
33,Aggregated,Public_Safety_Courthouse,,,,,,
33,Centralized,Public_Safety_Courthouse,,,,,,
34,0,Public_Safety_Courthouse,,,,,,
34,1,Public_Safety_Courthouse,,,,,,
34,2,Public_Safety_Courthouse,,,,,,
34,3,Public_Safety_Courthouse,,,,,,
34,4,Public_Safety_Courthouse,,,,,,
34,5,Public_Safety_Courthouse,,,,,,
34,Aggregated,Public_Safety_Courthouse,,,,,,
34,Centralized,Public_Safety_Courthouse,,,,,,
35,0,Public_Safety_Courthouse,,,,,,
35,1,Public_Safety_Courthouse,,,,,,
35,2,Public_Safety_Courthouse,,,,,,
35,3,Public_Safety_Courthouse,,,,,,
35,4,Public_Safety_Courthouse,,,,,,
35,5,Public_Safety_Courthouse,,,,,,
35,Aggregated,Public_Safety_Courthouse,,,,,,
35,Centralized,Public_Safety_Courthouse,,,,,,
36,0,Public_Safety_Courthouse,,,,,,
36,1,Public_Safety_Courthouse,,,,,,
36,2,Public_Safety_Courthouse,,,,,,
36,3,Public_Safety_Courthouse,,,,,,
36,4,Public_Safety_Courthouse,,,,,,
36,5,Public_Safety_Courthouse,,,,,,
36,Aggregated,Public_Safety_Courthouse,,,,,,
36,Centralized,Public_Safety_Courthouse,,,,,,
37,0,Public_Safety_Courthouse,,,,,,
37,1,Public_Safety_Courthouse,,,,,,
37,2,Public_Safety_Courthouse,,,,,,
37,3,Public_Safety_Courthouse,,,,,,
37,4,Public_Safety_Courthouse,,,,,,
37,5,Public_Safety_Courthouse,,,,,,
37,Aggregated,Public_Safety_Courthouse,,,,,,
37,Centralized,Public_Safety_Courthouse,,,,,,
38,0,Public_Safety_Courthouse,,,,,,
38,1,Public_Safety_Courthouse,,,,,,
38,2,Public_Safety_Courthouse,,,,,,
38,3,Public_Safety_Courthouse,,,,,,
38,4,Public_Safety_Courthouse,,,,,,
38,5,Public_Safety_Courthouse,,,,,,
38,Aggregated,Public_Safety_Courthouse,,,,,,
38,Centralized,Public_Safety_Courthouse,,,,,,
39,0,Public_Safety_Courthouse,,,,,,
39,1,Public_Safety_Courthouse,,,,,,
39,2,Public_Safety_Courthouse,,,,,,
39,3,Public_Safety_Courthouse,,,,,,
39,4,Public_Safety_Courthouse,,,,,,
39,5,Public_Safety_Courthouse,,,,,,
39,Aggregated,Public_Safety_Courthouse,,,,,,
39,Centralized,Public_Safety_Courthouse,,,,,,
40,0,Public_Safety_Courthouse,,,,,,
40,1,Public_Safety_Courthouse,,,,,,
40,2,Public_Safety_Courthouse,,,,,,
40,3,Public_Safety_Courthouse,,,,,,
40,4,Public_Safety_Courthouse,,,,,,
40,5,Public_Safety_Courthouse,,,,,,
40,Aggregated,Public_Safety_Courthouse,,,,,,
40,Centralized,Public_Safety_Courthouse,,,,,,
41,0,Public_Safety_Courthouse,,,,,,
41,1,Public_Safety_Courthouse,,,,,,
41,2,Public_Safety_Courthouse,,,,,,
41,3,Public_Safety_Courthouse,,,,,,
41,4,Public_Safety_Courthouse,,,,,,
41,5,Public_Safety_Courthouse,,,,,,
41,Aggregated,Public_Safety_Courthouse,,,,,,
41,Centralized,Public_Safety_Courthouse,,,,,,
42,0,Public_Safety_Courthouse,,,,,,
42,1,Public_Safety_Courthouse,,,,,,
42,2,Public_Safety_Courthouse,,,,,,
42,3,Public_Safety_Courthouse,,,,,,
42,4,Public_Safety_Courthouse,,,,,,
42,5,Public_Safety_Courthouse,,,,,,
42,Aggregated,Public_Safety_Courthouse,,,,,,
42,Centralized,Public_Safety_Courthouse,,,,,,
43,0,Public_Safety_Courthouse,,,,,,
43,1,Public_Safety_Courthouse,,,,,,
43,2,Public_Safety_Courthouse,,,,,,
43,3,Public_Safety_Courthouse,,,,,,
43,4,Public_Safety_Courthouse,,,,,,
43,5,Public_Safety_Courthouse,,,,,,
43,Aggregated,Public_Safety_Courthouse,,,,,,
43,Centralized,Public_Safety_Courthouse,,,,,,
44,0,Public_Safety_Courthouse,,,,,,
44,1,Public_Safety_Courthouse,,,,,,
44,2,Public_Safety_Courthouse,,,,,,
44,3,Public_Safety_Courthouse,,,,,,
44,4,Public_Safety_Courthouse,,,,,,
44,5,Public_Safety_Courthouse,,,,,,
44,Aggregated,Public_Safety_Courthouse,,,,,,
44,Centralized,Public_Safety_Courthouse,,,,,,
45,0,Public_Safety_Courthouse,,,,,,
45,1,Public_Safety_Courthouse,,,,,,
45,2,Public_Safety_Courthouse,,,,,,
45,3,Public_Safety_Courthouse,,,,,,
45,4,Public_Safety_Courthouse,,,,,,
45,5,Public_Safety_Courthouse,,,,,,
45,Aggregated,Public_Safety_Courthouse,,,,,,
45,Centralized,Public_Safety_Courthouse,,,,,,
46,0,Public_Safety_Courthouse,,,,,,
46,1,Public_Safety_Courthouse,,,,,,
46,2,Public_Safety_Courthouse,,,,,,
46,3,Public_Safety_Courthouse,,,,,,
46,4,Public_Safety_Courthouse,,,,,,
46,5,Public_Safety_Courthouse,,,,,,
46,Aggregated,Public_Safety_Courthouse,,,,,,
46,Centralized,Public_Safety_Courthouse,,,,,,
47,0,Public_Safety_Courthouse,,,,,,
47,1,Public_Safety_Courthouse,,,,,,
47,2,Public_Safety_Courthouse,,,,,,
47,3,Public_Safety_Courthouse,,,,,,
47,4,Public_Safety_Courthouse,,,,,,
47,5,Public_Safety_Courthouse,,,,,,
47,Aggregated,Public_Safety_Courthouse,,,,,,
47,Centralized,Public_Safety_Courthouse,,,,,,
48,0,Public_Safety_Courthouse,,,,,,
48,1,Public_Safety_Courthouse,,,,,,
48,2,Public_Safety_Courthouse,,,,,,
48,3,Public_Safety_Courthouse,,,,,,
48,4,Public_Safety_Courthouse,,,,,,
48,5,Public_Safety_Courthouse,,,,,,
48,Aggregated,Public_Safety_Courthouse,,,,,,
48,Centralized,Public_Safety_Courthouse,,,,,,
49,0,Public_Safety_Courthouse,,,,,,
49,1,Public_Safety_Courthouse,,,,,,
49,2,Public_Safety_Courthouse,,,,,,
49,3,Public_Safety_Courthouse,,,,,,
49,4,Public_Safety_Courthouse,,,,,,
49,5,Public_Safety_Courthouse,,,,,,
49,Aggregated,Public_Safety_Courthouse,,,,,,
49,Centralized,Public_Safety_Courthouse,,,,,,
50,0,Public_Safety_Courthouse,,,,,,
50,1,Public_Safety_Courthouse,,,,,,
50,2,Public_Safety_Courthouse,,,,,,
50,3,Public_Safety_Courthouse,,,,,,
50,4,Public_Safety_Courthouse,,,,,,
50,5,Public_Safety_Courthouse,,,,,,
50,Aggregated,Public_Safety_Courthouse,,,,,,
50,Centralized,Public_Safety_Courthouse,,,,,,
0,0,Warehouse_Uncategorized,,,,,,
0,1,Warehouse_Uncategorized,,,,,,
0,2,Warehouse_Uncategorized,,,,,,
0,3,Warehouse_Uncategorized,,,,,,
0,4,Warehouse_Uncategorized,,,,,,
0,5,Warehouse_Uncategorized,,,,,,
0,Aggregated,Warehouse_Uncategorized,,,,,,
0,Centralized,Warehouse_Uncategorized,,,,,,
1,0,Warehouse_Uncategorized,,,,,,
1,1,Warehouse_Uncategorized,,,,,,
1,2,Warehouse_Uncategorized,,,,,,
1,3,Warehouse_Uncategorized,,,,,,
1,4,Warehouse_Uncategorized,,,,,,
1,5,Warehouse_Uncategorized,,,,,,
1,Aggregated,Warehouse_Uncategorized,,,,,,
1,Centralized,Warehouse_Uncategorized,,,,,,
2,0,Warehouse_Uncategorized,,,,,,
2,1,Warehouse_Uncategorized,,,,,,
2,2,Warehouse_Uncategorized,,,,,,
2,3,Warehouse_Uncategorized,,,,,,
2,4,Warehouse_Uncategorized,,,,,,
2,5,Warehouse_Uncategorized,,,,,,
2,Aggregated,Warehouse_Uncategorized,,,,,,
2,Centralized,Warehouse_Uncategorized,,,,,,
3,0,Warehouse_Uncategorized,,,,,,
3,1,Warehouse_Uncategorized,,,,,,
3,2,Warehouse_Uncategorized,,,,,,
3,3,Warehouse_Uncategorized,,,,,,
3,4,Warehouse_Uncategorized,,,,,,
3,5,Warehouse_Uncategorized,,,,,,
3,Aggregated,Warehouse_Uncategorized,,,,,,
3,Centralized,Warehouse_Uncategorized,,,,,,
4,0,Warehouse_Uncategorized,,,,,,
4,1,Warehouse_Uncategorized,,,,,,
4,2,Warehouse_Uncategorized,,,,,,
4,3,Warehouse_Uncategorized,,,,,,
4,4,Warehouse_Uncategorized,,,,,,
4,5,Warehouse_Uncategorized,,,,,,
4,Aggregated,Warehouse_Uncategorized,,,,,,
4,Centralized,Warehouse_Uncategorized,,,,,,
5,0,Warehouse_Uncategorized,,,,,,
5,1,Warehouse_Uncategorized,,,,,,
5,2,Warehouse_Uncategorized,,,,,,
5,3,Warehouse_Uncategorized,,,,,,
5,4,Warehouse_Uncategorized,,,,,,
5,5,Warehouse_Uncategorized,,,,,,
5,Aggregated,Warehouse_Uncategorized,,,,,,
5,Centralized,Warehouse_Uncategorized,,,,,,
6,0,Warehouse_Uncategorized,,,,,,
6,1,Warehouse_Uncategorized,,,,,,
6,2,Warehouse_Uncategorized,,,,,,
6,3,Warehouse_Uncategorized,,,,,,
6,4,Warehouse_Uncategorized,,,,,,
6,5,Warehouse_Uncategorized,,,,,,
6,Aggregated,Warehouse_Uncategorized,,,,,,
6,Centralized,Warehouse_Uncategorized,,,,,,
7,0,Warehouse_Uncategorized,,,,,,
7,1,Warehouse_Uncategorized,,,,,,
7,2,Warehouse_Uncategorized,,,,,,
7,3,Warehouse_Uncategorized,,,,,,
7,4,Warehouse_Uncategorized,,,,,,
7,5,Warehouse_Uncategorized,,,,,,
7,Aggregated,Warehouse_Uncategorized,,,,,,
7,Centralized,Warehouse_Uncategorized,,,,,,
8,0,Warehouse_Uncategorized,,,,,,
8,1,Warehouse_Uncategorized,,,,,,
8,2,Warehouse_Uncategorized,,,,,,
8,3,Warehouse_Uncategorized,,,,,,
8,4,Warehouse_Uncategorized,,,,,,
8,5,Warehouse_Uncategorized,,,,,,
8,Aggregated,Warehouse_Uncategorized,,,,,,
8,Centralized,Warehouse_Uncategorized,,,,,,
9,0,Warehouse_Uncategorized,,,,,,
9,1,Warehouse_Uncategorized,,,,,,
9,2,Warehouse_Uncategorized,,,,,,
9,3,Warehouse_Uncategorized,,,,,,
9,4,Warehouse_Uncategorized,,,,,,
9,5,Warehouse_Uncategorized,,,,,,
9,Aggregated,Warehouse_Uncategorized,,,,,,
9,Centralized,Warehouse_Uncategorized,,,,,,
10,0,Warehouse_Uncategorized,,,,,,
10,1,Warehouse_Uncategorized,,,,,,
10,2,Warehouse_Uncategorized,,,,,,
10,3,Warehouse_Uncategorized,,,,,,
10,4,Warehouse_Uncategorized,,,,,,
10,5,Warehouse_Uncategorized,,,,,,
10,Aggregated,Warehouse_Uncategorized,,,,,,
10,Centralized,Warehouse_Uncategorized,,,,,,
11,0,Warehouse_Uncategorized,,,,,,
11,1,Warehouse_Uncategorized,,,,,,
11,2,Warehouse_Uncategorized,,,,,,
11,3,Warehouse_Uncategorized,,,,,,
11,4,Warehouse_Uncategorized,,,,,,
11,5,Warehouse_Uncategorized,,,,,,
11,Aggregated,Warehouse_Uncategorized,,,,,,
11,Centralized,Warehouse_Uncategorized,,,,,,
12,0,Warehouse_Uncategorized,,,,,,
12,1,Warehouse_Uncategorized,,,,,,
12,2,Warehouse_Uncategorized,,,,,,
12,3,Warehouse_Uncategorized,,,,,,
12,4,Warehouse_Uncategorized,,,,,,
12,5,Warehouse_Uncategorized,,,,,,
12,Aggregated,Warehouse_Uncategorized,,,,,,
12,Centralized,Warehouse_Uncategorized,,,,,,
13,0,Warehouse_Uncategorized,,,,,,
13,1,Warehouse_Uncategorized,,,,,,
13,2,Warehouse_Uncategorized,,,,,,
13,3,Warehouse_Uncategorized,,,,,,
13,4,Warehouse_Uncategorized,,,,,,
13,5,Warehouse_Uncategorized,,,,,,
13,Aggregated,Warehouse_Uncategorized,,,,,,
13,Centralized,Warehouse_Uncategorized,,,,,,
14,0,Warehouse_Uncategorized,,,,,,
14,1,Warehouse_Uncategorized,,,,,,
14,2,Warehouse_Uncategorized,,,,,,
14,3,Warehouse_Uncategorized,,,,,,
14,4,Warehouse_Uncategorized,,,,,,
14,5,Warehouse_Uncategorized,,,,,,
14,Aggregated,Warehouse_Uncategorized,,,,,,
14,Centralized,Warehouse_Uncategorized,,,,,,
15,0,Warehouse_Uncategorized,,,,,,
15,1,Warehouse_Uncategorized,,,,,,
15,2,Warehouse_Uncategorized,,,,,,
15,3,Warehouse_Uncategorized,,,,,,
15,4,Warehouse_Uncategorized,,,,,,
15,5,Warehouse_Uncategorized,,,,,,
15,Aggregated,Warehouse_Uncategorized,,,,,,
15,Centralized,Warehouse_Uncategorized,,,,,,
16,0,Warehouse_Uncategorized,,,,,,
16,1,Warehouse_Uncategorized,,,,,,
16,2,Warehouse_Uncategorized,,,,,,
16,3,Warehouse_Uncategorized,,,,,,
16,4,Warehouse_Uncategorized,,,,,,
16,5,Warehouse_Uncategorized,,,,,,
16,Aggregated,Warehouse_Uncategorized,,,,,,
16,Centralized,Warehouse_Uncategorized,,,,,,
17,0,Warehouse_Uncategorized,,,,,,
17,1,Warehouse_Uncategorized,,,,,,
17,2,Warehouse_Uncategorized,,,,,,
17,3,Warehouse_Uncategorized,,,,,,
17,4,Warehouse_Uncategorized,,,,,,
17,5,Warehouse_Uncategorized,,,,,,
17,Aggregated,Warehouse_Uncategorized,,,,,,
17,Centralized,Warehouse_Uncategorized,,,,,,
18,0,Warehouse_Uncategorized,,,,,,
18,1,Warehouse_Uncategorized,,,,,,
18,2,Warehouse_Uncategorized,,,,,,
18,3,Warehouse_Uncategorized,,,,,,
18,4,Warehouse_Uncategorized,,,,,,
18,5,Warehouse_Uncategorized,,,,,,
18,Aggregated,Warehouse_Uncategorized,,,,,,
18,Centralized,Warehouse_Uncategorized,,,,,,
19,0,Warehouse_Uncategorized,,,,,,
19,1,Warehouse_Uncategorized,,,,,,
19,2,Warehouse_Uncategorized,,,,,,
19,3,Warehouse_Uncategorized,,,,,,
19,4,Warehouse_Uncategorized,,,,,,
19,5,Warehouse_Uncategorized,,,,,,
19,Aggregated,Warehouse_Uncategorized,,,,,,
19,Centralized,Warehouse_Uncategorized,,,,,,
20,0,Warehouse_Uncategorized,,,,,,
20,1,Warehouse_Uncategorized,,,,,,
20,2,Warehouse_Uncategorized,,,,,,
20,3,Warehouse_Uncategorized,,,,,,
20,4,Warehouse_Uncategorized,,,,,,
20,5,Warehouse_Uncategorized,,,,,,
20,Aggregated,Warehouse_Uncategorized,,,,,,
20,Centralized,Warehouse_Uncategorized,,,,,,
21,0,Warehouse_Uncategorized,,,,,,
21,1,Warehouse_Uncategorized,,,,,,
21,2,Warehouse_Uncategorized,,,,,,
21,3,Warehouse_Uncategorized,,,,,,
21,4,Warehouse_Uncategorized,,,,,,
21,5,Warehouse_Uncategorized,,,,,,
21,Aggregated,Warehouse_Uncategorized,,,,,,
21,Centralized,Warehouse_Uncategorized,,,,,,
22,0,Warehouse_Uncategorized,,,,,,
22,1,Warehouse_Uncategorized,,,,,,
22,2,Warehouse_Uncategorized,,,,,,
22,3,Warehouse_Uncategorized,,,,,,
22,4,Warehouse_Uncategorized,,,,,,
22,5,Warehouse_Uncategorized,,,,,,
22,Aggregated,Warehouse_Uncategorized,,,,,,
22,Centralized,Warehouse_Uncategorized,,,,,,
23,0,Warehouse_Uncategorized,,,,,,
23,1,Warehouse_Uncategorized,,,,,,
23,2,Warehouse_Uncategorized,,,,,,
23,3,Warehouse_Uncategorized,,,,,,
23,4,Warehouse_Uncategorized,,,,,,
23,5,Warehouse_Uncategorized,,,,,,
23,Aggregated,Warehouse_Uncategorized,,,,,,
23,Centralized,Warehouse_Uncategorized,,,,,,
24,0,Warehouse_Uncategorized,,,,,,
24,1,Warehouse_Uncategorized,,,,,,
24,2,Warehouse_Uncategorized,,,,,,
24,3,Warehouse_Uncategorized,,,,,,
24,4,Warehouse_Uncategorized,,,,,,
24,5,Warehouse_Uncategorized,,,,,,
24,Aggregated,Warehouse_Uncategorized,,,,,,
24,Centralized,Warehouse_Uncategorized,,,,,,
25,0,Warehouse_Uncategorized,,,,,,
25,1,Warehouse_Uncategorized,,,,,,
25,2,Warehouse_Uncategorized,,,,,,
25,3,Warehouse_Uncategorized,,,,,,
25,4,Warehouse_Uncategorized,,,,,,
25,5,Warehouse_Uncategorized,,,,,,
25,Aggregated,Warehouse_Uncategorized,,,,,,
25,Centralized,Warehouse_Uncategorized,,,,,,
26,0,Warehouse_Uncategorized,,,,,,
26,1,Warehouse_Uncategorized,,,,,,
26,2,Warehouse_Uncategorized,,,,,,
26,3,Warehouse_Uncategorized,,,,,,
26,4,Warehouse_Uncategorized,,,,,,
26,5,Warehouse_Uncategorized,,,,,,
26,Aggregated,Warehouse_Uncategorized,,,,,,
26,Centralized,Warehouse_Uncategorized,,,,,,
27,0,Warehouse_Uncategorized,,,,,,
27,1,Warehouse_Uncategorized,,,,,,
27,2,Warehouse_Uncategorized,,,,,,
27,3,Warehouse_Uncategorized,,,,,,
27,4,Warehouse_Uncategorized,,,,,,
27,5,Warehouse_Uncategorized,,,,,,
27,Aggregated,Warehouse_Uncategorized,,,,,,
27,Centralized,Warehouse_Uncategorized,,,,,,
28,0,Warehouse_Uncategorized,,,,,,
28,1,Warehouse_Uncategorized,,,,,,
28,2,Warehouse_Uncategorized,,,,,,
28,3,Warehouse_Uncategorized,,,,,,
28,4,Warehouse_Uncategorized,,,,,,
28,5,Warehouse_Uncategorized,,,,,,
28,Aggregated,Warehouse_Uncategorized,,,,,,
28,Centralized,Warehouse_Uncategorized,,,,,,
29,0,Warehouse_Uncategorized,,,,,,
29,1,Warehouse_Uncategorized,,,,,,
29,2,Warehouse_Uncategorized,,,,,,
29,3,Warehouse_Uncategorized,,,,,,
29,4,Warehouse_Uncategorized,,,,,,
29,5,Warehouse_Uncategorized,,,,,,
29,Aggregated,Warehouse_Uncategorized,,,,,,
29,Centralized,Warehouse_Uncategorized,,,,,,
30,0,Warehouse_Uncategorized,,,,,,
30,1,Warehouse_Uncategorized,,,,,,
30,2,Warehouse_Uncategorized,,,,,,
30,3,Warehouse_Uncategorized,,,,,,
30,4,Warehouse_Uncategorized,,,,,,
30,5,Warehouse_Uncategorized,,,,,,
30,Aggregated,Warehouse_Uncategorized,,,,,,
30,Centralized,Warehouse_Uncategorized,,,,,,
31,0,Warehouse_Uncategorized,,,,,,
31,1,Warehouse_Uncategorized,,,,,,
31,2,Warehouse_Uncategorized,,,,,,
31,3,Warehouse_Uncategorized,,,,,,
31,4,Warehouse_Uncategorized,,,,,,
31,5,Warehouse_Uncategorized,,,,,,
31,Aggregated,Warehouse_Uncategorized,,,,,,
31,Centralized,Warehouse_Uncategorized,,,,,,
32,0,Warehouse_Uncategorized,,,,,,
32,1,Warehouse_Uncategorized,,,,,,
32,2,Warehouse_Uncategorized,,,,,,
32,3,Warehouse_Uncategorized,,,,,,
32,4,Warehouse_Uncategorized,,,,,,
32,5,Warehouse_Uncategorized,,,,,,
32,Aggregated,Warehouse_Uncategorized,,,,,,
32,Centralized,Warehouse_Uncategorized,,,,,,
33,0,Warehouse_Uncategorized,,,,,,
33,1,Warehouse_Uncategorized,,,,,,
33,2,Warehouse_Uncategorized,,,,,,
33,3,Warehouse_Uncategorized,,,,,,
33,4,Warehouse_Uncategorized,,,,,,
33,5,Warehouse_Uncategorized,,,,,,
33,Aggregated,Warehouse_Uncategorized,,,,,,
33,Centralized,Warehouse_Uncategorized,,,,,,
34,0,Warehouse_Uncategorized,,,,,,
34,1,Warehouse_Uncategorized,,,,,,
34,2,Warehouse_Uncategorized,,,,,,
34,3,Warehouse_Uncategorized,,,,,,
34,4,Warehouse_Uncategorized,,,,,,
34,5,Warehouse_Uncategorized,,,,,,
34,Aggregated,Warehouse_Uncategorized,,,,,,
34,Centralized,Warehouse_Uncategorized,,,,,,
35,0,Warehouse_Uncategorized,,,,,,
35,1,Warehouse_Uncategorized,,,,,,
35,2,Warehouse_Uncategorized,,,,,,
35,3,Warehouse_Uncategorized,,,,,,
35,4,Warehouse_Uncategorized,,,,,,
35,5,Warehouse_Uncategorized,,,,,,
35,Aggregated,Warehouse_Uncategorized,,,,,,
35,Centralized,Warehouse_Uncategorized,,,,,,
36,0,Warehouse_Uncategorized,,,,,,
36,1,Warehouse_Uncategorized,,,,,,
36,2,Warehouse_Uncategorized,,,,,,
36,3,Warehouse_Uncategorized,,,,,,
36,4,Warehouse_Uncategorized,,,,,,
36,5,Warehouse_Uncategorized,,,,,,
36,Aggregated,Warehouse_Uncategorized,,,,,,
36,Centralized,Warehouse_Uncategorized,,,,,,
37,0,Warehouse_Uncategorized,,,,,,
37,1,Warehouse_Uncategorized,,,,,,
37,2,Warehouse_Uncategorized,,,,,,
37,3,Warehouse_Uncategorized,,,,,,
37,4,Warehouse_Uncategorized,,,,,,
37,5,Warehouse_Uncategorized,,,,,,
37,Aggregated,Warehouse_Uncategorized,,,,,,
37,Centralized,Warehouse_Uncategorized,,,,,,
38,0,Warehouse_Uncategorized,,,,,,
38,1,Warehouse_Uncategorized,,,,,,
38,2,Warehouse_Uncategorized,,,,,,
38,3,Warehouse_Uncategorized,,,,,,
38,4,Warehouse_Uncategorized,,,,,,
38,5,Warehouse_Uncategorized,,,,,,
38,Aggregated,Warehouse_Uncategorized,,,,,,
38,Centralized,Warehouse_Uncategorized,,,,,,
39,0,Warehouse_Uncategorized,,,,,,
39,1,Warehouse_Uncategorized,,,,,,
39,2,Warehouse_Uncategorized,,,,,,
39,3,Warehouse_Uncategorized,,,,,,
39,4,Warehouse_Uncategorized,,,,,,
39,5,Warehouse_Uncategorized,,,,,,
39,Aggregated,Warehouse_Uncategorized,,,,,,
39,Centralized,Warehouse_Uncategorized,,,,,,
40,0,Warehouse_Uncategorized,,,,,,
40,1,Warehouse_Uncategorized,,,,,,
40,2,Warehouse_Uncategorized,,,,,,
40,3,Warehouse_Uncategorized,,,,,,
40,4,Warehouse_Uncategorized,,,,,,
40,5,Warehouse_Uncategorized,,,,,,
40,Aggregated,Warehouse_Uncategorized,,,,,,
40,Centralized,Warehouse_Uncategorized,,,,,,
41,0,Warehouse_Uncategorized,,,,,,
41,1,Warehouse_Uncategorized,,,,,,
41,2,Warehouse_Uncategorized,,,,,,
41,3,Warehouse_Uncategorized,,,,,,
41,4,Warehouse_Uncategorized,,,,,,
41,5,Warehouse_Uncategorized,,,,,,
41,Aggregated,Warehouse_Uncategorized,,,,,,
41,Centralized,Warehouse_Uncategorized,,,,,,
42,0,Warehouse_Uncategorized,,,,,,
42,1,Warehouse_Uncategorized,,,,,,
42,2,Warehouse_Uncategorized,,,,,,
42,3,Warehouse_Uncategorized,,,,,,
42,4,Warehouse_Uncategorized,,,,,,
42,5,Warehouse_Uncategorized,,,,,,
42,Aggregated,Warehouse_Uncategorized,,,,,,
42,Centralized,Warehouse_Uncategorized,,,,,,
43,0,Warehouse_Uncategorized,,,,,,
43,1,Warehouse_Uncategorized,,,,,,
43,2,Warehouse_Uncategorized,,,,,,
43,3,Warehouse_Uncategorized,,,,,,
43,4,Warehouse_Uncategorized,,,,,,
43,5,Warehouse_Uncategorized,,,,,,
43,Aggregated,Warehouse_Uncategorized,,,,,,
43,Centralized,Warehouse_Uncategorized,,,,,,
44,0,Warehouse_Uncategorized,,,,,,
44,1,Warehouse_Uncategorized,,,,,,
44,2,Warehouse_Uncategorized,,,,,,
44,3,Warehouse_Uncategorized,,,,,,
44,4,Warehouse_Uncategorized,,,,,,
44,5,Warehouse_Uncategorized,,,,,,
44,Aggregated,Warehouse_Uncategorized,,,,,,
44,Centralized,Warehouse_Uncategorized,,,,,,
45,0,Warehouse_Uncategorized,,,,,,
45,1,Warehouse_Uncategorized,,,,,,
45,2,Warehouse_Uncategorized,,,,,,
45,3,Warehouse_Uncategorized,,,,,,
45,4,Warehouse_Uncategorized,,,,,,
45,5,Warehouse_Uncategorized,,,,,,
45,Aggregated,Warehouse_Uncategorized,,,,,,
45,Centralized,Warehouse_Uncategorized,,,,,,
46,0,Warehouse_Uncategorized,,,,,,
46,1,Warehouse_Uncategorized,,,,,,
46,2,Warehouse_Uncategorized,,,,,,
46,3,Warehouse_Uncategorized,,,,,,
46,4,Warehouse_Uncategorized,,,,,,
46,5,Warehouse_Uncategorized,,,,,,
46,Aggregated,Warehouse_Uncategorized,,,,,,
46,Centralized,Warehouse_Uncategorized,,,,,,
47,0,Warehouse_Uncategorized,,,,,,
47,1,Warehouse_Uncategorized,,,,,,
47,2,Warehouse_Uncategorized,,,,,,
47,3,Warehouse_Uncategorized,,,,,,
47,4,Warehouse_Uncategorized,,,,,,
47,5,Warehouse_Uncategorized,,,,,,
47,Aggregated,Warehouse_Uncategorized,,,,,,
47,Centralized,Warehouse_Uncategorized,,,,,,
48,0,Warehouse_Uncategorized,,,,,,
48,1,Warehouse_Uncategorized,,,,,,
48,2,Warehouse_Uncategorized,,,,,,
48,3,Warehouse_Uncategorized,,,,,,
48,4,Warehouse_Uncategorized,,,,,,
48,5,Warehouse_Uncategorized,,,,,,
48,Aggregated,Warehouse_Uncategorized,,,,,,
48,Centralized,Warehouse_Uncategorized,,,,,,
49,0,Warehouse_Uncategorized,,,,,,
49,1,Warehouse_Uncategorized,,,,,,
49,2,Warehouse_Uncategorized,,,,,,
49,3,Warehouse_Uncategorized,,,,,,
49,4,Warehouse_Uncategorized,,,,,,
49,5,Warehouse_Uncategorized,,,,,,
49,Aggregated,Warehouse_Uncategorized,,,,,,
49,Centralized,Warehouse_Uncategorized,,,,,,
50,0,Warehouse_Uncategorized,,,,,,
50,1,Warehouse_Uncategorized,,,,,,
50,2,Warehouse_Uncategorized,,,,,,
50,3,Warehouse_Uncategorized,,,,,,
50,4,Warehouse_Uncategorized,,,,,,
50,5,Warehouse_Uncategorized,,,,,,
50,Aggregated,Warehouse_Uncategorized,,,,,,
50,Centralized,Warehouse_Uncategorized,,,,,,
0,0,Public_Assembly_Library,,,,,,
0,1,Public_Assembly_Library,,,,,,
0,2,Public_Assembly_Library,,,,,,
0,3,Public_Assembly_Library,,,,,,
0,4,Public_Assembly_Library,,,,,,
0,5,Public_Assembly_Library,,,,,,
0,Aggregated,Public_Assembly_Library,,,,,,
0,Centralized,Public_Assembly_Library,,,,,,
1,0,Public_Assembly_Library,,,,,,
1,1,Public_Assembly_Library,,,,,,
1,2,Public_Assembly_Library,,,,,,
1,3,Public_Assembly_Library,,,,,,
1,4,Public_Assembly_Library,,,,,,
1,5,Public_Assembly_Library,,,,,,
1,Aggregated,Public_Assembly_Library,,,,,,
1,Centralized,Public_Assembly_Library,,,,,,
2,0,Public_Assembly_Library,,,,,,
2,1,Public_Assembly_Library,,,,,,
2,2,Public_Assembly_Library,,,,,,
2,3,Public_Assembly_Library,,,,,,
2,4,Public_Assembly_Library,,,,,,
2,5,Public_Assembly_Library,,,,,,
2,Aggregated,Public_Assembly_Library,,,,,,
2,Centralized,Public_Assembly_Library,,,,,,
3,0,Public_Assembly_Library,,,,,,
3,1,Public_Assembly_Library,,,,,,
3,2,Public_Assembly_Library,,,,,,
3,3,Public_Assembly_Library,,,,,,
3,4,Public_Assembly_Library,,,,,,
3,5,Public_Assembly_Library,,,,,,
3,Aggregated,Public_Assembly_Library,,,,,,
3,Centralized,Public_Assembly_Library,,,,,,
4,0,Public_Assembly_Library,,,,,,
4,1,Public_Assembly_Library,,,,,,
4,2,Public_Assembly_Library,,,,,,
4,3,Public_Assembly_Library,,,,,,
4,4,Public_Assembly_Library,,,,,,
4,5,Public_Assembly_Library,,,,,,
4,Aggregated,Public_Assembly_Library,,,,,,
4,Centralized,Public_Assembly_Library,,,,,,
5,0,Public_Assembly_Library,,,,,,
5,1,Public_Assembly_Library,,,,,,
5,2,Public_Assembly_Library,,,,,,
5,3,Public_Assembly_Library,,,,,,
5,4,Public_Assembly_Library,,,,,,
5,5,Public_Assembly_Library,,,,,,
5,Aggregated,Public_Assembly_Library,,,,,,
5,Centralized,Public_Assembly_Library,,,,,,
6,0,Public_Assembly_Library,,,,,,
6,1,Public_Assembly_Library,,,,,,
6,2,Public_Assembly_Library,,,,,,
6,3,Public_Assembly_Library,,,,,,
6,4,Public_Assembly_Library,,,,,,
6,5,Public_Assembly_Library,,,,,,
6,Aggregated,Public_Assembly_Library,,,,,,
6,Centralized,Public_Assembly_Library,,,,,,
7,0,Public_Assembly_Library,,,,,,
7,1,Public_Assembly_Library,,,,,,
7,2,Public_Assembly_Library,,,,,,
7,3,Public_Assembly_Library,,,,,,
7,4,Public_Assembly_Library,,,,,,
7,5,Public_Assembly_Library,,,,,,
7,Aggregated,Public_Assembly_Library,,,,,,
7,Centralized,Public_Assembly_Library,,,,,,
8,0,Public_Assembly_Library,,,,,,
8,1,Public_Assembly_Library,,,,,,
8,2,Public_Assembly_Library,,,,,,
8,3,Public_Assembly_Library,,,,,,
8,4,Public_Assembly_Library,,,,,,
8,5,Public_Assembly_Library,,,,,,
8,Aggregated,Public_Assembly_Library,,,,,,
8,Centralized,Public_Assembly_Library,,,,,,
9,0,Public_Assembly_Library,,,,,,
9,1,Public_Assembly_Library,,,,,,
9,2,Public_Assembly_Library,,,,,,
9,3,Public_Assembly_Library,,,,,,
9,4,Public_Assembly_Library,,,,,,
9,5,Public_Assembly_Library,,,,,,
9,Aggregated,Public_Assembly_Library,,,,,,
9,Centralized,Public_Assembly_Library,,,,,,
10,0,Public_Assembly_Library,,,,,,
10,1,Public_Assembly_Library,,,,,,
10,2,Public_Assembly_Library,,,,,,
10,3,Public_Assembly_Library,,,,,,
10,4,Public_Assembly_Library,,,,,,
10,5,Public_Assembly_Library,,,,,,
10,Aggregated,Public_Assembly_Library,,,,,,
10,Centralized,Public_Assembly_Library,,,,,,
11,0,Public_Assembly_Library,,,,,,
11,1,Public_Assembly_Library,,,,,,
11,2,Public_Assembly_Library,,,,,,
11,3,Public_Assembly_Library,,,,,,
11,4,Public_Assembly_Library,,,,,,
11,5,Public_Assembly_Library,,,,,,
11,Aggregated,Public_Assembly_Library,,,,,,
11,Centralized,Public_Assembly_Library,,,,,,
12,0,Public_Assembly_Library,,,,,,
12,1,Public_Assembly_Library,,,,,,
12,2,Public_Assembly_Library,,,,,,
12,3,Public_Assembly_Library,,,,,,
12,4,Public_Assembly_Library,,,,,,
12,5,Public_Assembly_Library,,,,,,
12,Aggregated,Public_Assembly_Library,,,,,,
12,Centralized,Public_Assembly_Library,,,,,,
13,0,Public_Assembly_Library,,,,,,
13,1,Public_Assembly_Library,,,,,,
13,2,Public_Assembly_Library,,,,,,
13,3,Public_Assembly_Library,,,,,,
13,4,Public_Assembly_Library,,,,,,
13,5,Public_Assembly_Library,,,,,,
13,Aggregated,Public_Assembly_Library,,,,,,
13,Centralized,Public_Assembly_Library,,,,,,
14,0,Public_Assembly_Library,,,,,,
14,1,Public_Assembly_Library,,,,,,
14,2,Public_Assembly_Library,,,,,,
14,3,Public_Assembly_Library,,,,,,
14,4,Public_Assembly_Library,,,,,,
14,5,Public_Assembly_Library,,,,,,
14,Aggregated,Public_Assembly_Library,,,,,,
14,Centralized,Public_Assembly_Library,,,,,,
15,0,Public_Assembly_Library,,,,,,
15,1,Public_Assembly_Library,,,,,,
15,2,Public_Assembly_Library,,,,,,
15,3,Public_Assembly_Library,,,,,,
15,4,Public_Assembly_Library,,,,,,
15,5,Public_Assembly_Library,,,,,,
15,Aggregated,Public_Assembly_Library,,,,,,
15,Centralized,Public_Assembly_Library,,,,,,
16,0,Public_Assembly_Library,,,,,,
16,1,Public_Assembly_Library,,,,,,
16,2,Public_Assembly_Library,,,,,,
16,3,Public_Assembly_Library,,,,,,
16,4,Public_Assembly_Library,,,,,,
16,5,Public_Assembly_Library,,,,,,
16,Aggregated,Public_Assembly_Library,,,,,,
16,Centralized,Public_Assembly_Library,,,,,,
17,0,Public_Assembly_Library,,,,,,
17,1,Public_Assembly_Library,,,,,,
17,2,Public_Assembly_Library,,,,,,
17,3,Public_Assembly_Library,,,,,,
17,4,Public_Assembly_Library,,,,,,
17,5,Public_Assembly_Library,,,,,,
17,Aggregated,Public_Assembly_Library,,,,,,
17,Centralized,Public_Assembly_Library,,,,,,
18,0,Public_Assembly_Library,,,,,,
18,1,Public_Assembly_Library,,,,,,
18,2,Public_Assembly_Library,,,,,,
18,3,Public_Assembly_Library,,,,,,
18,4,Public_Assembly_Library,,,,,,
18,5,Public_Assembly_Library,,,,,,
18,Aggregated,Public_Assembly_Library,,,,,,
18,Centralized,Public_Assembly_Library,,,,,,
19,0,Public_Assembly_Library,,,,,,
19,1,Public_Assembly_Library,,,,,,
19,2,Public_Assembly_Library,,,,,,
19,3,Public_Assembly_Library,,,,,,
19,4,Public_Assembly_Library,,,,,,
19,5,Public_Assembly_Library,,,,,,
19,Aggregated,Public_Assembly_Library,,,,,,
19,Centralized,Public_Assembly_Library,,,,,,
20,0,Public_Assembly_Library,,,,,,
20,1,Public_Assembly_Library,,,,,,
20,2,Public_Assembly_Library,,,,,,
20,3,Public_Assembly_Library,,,,,,
20,4,Public_Assembly_Library,,,,,,
20,5,Public_Assembly_Library,,,,,,
20,Aggregated,Public_Assembly_Library,,,,,,
20,Centralized,Public_Assembly_Library,,,,,,
21,0,Public_Assembly_Library,,,,,,
21,1,Public_Assembly_Library,,,,,,
21,2,Public_Assembly_Library,,,,,,
21,3,Public_Assembly_Library,,,,,,
21,4,Public_Assembly_Library,,,,,,
21,5,Public_Assembly_Library,,,,,,
21,Aggregated,Public_Assembly_Library,,,,,,
21,Centralized,Public_Assembly_Library,,,,,,
22,0,Public_Assembly_Library,,,,,,
22,1,Public_Assembly_Library,,,,,,
22,2,Public_Assembly_Library,,,,,,
22,3,Public_Assembly_Library,,,,,,
22,4,Public_Assembly_Library,,,,,,
22,5,Public_Assembly_Library,,,,,,
22,Aggregated,Public_Assembly_Library,,,,,,
22,Centralized,Public_Assembly_Library,,,,,,
23,0,Public_Assembly_Library,,,,,,
23,1,Public_Assembly_Library,,,,,,
23,2,Public_Assembly_Library,,,,,,
23,3,Public_Assembly_Library,,,,,,
23,4,Public_Assembly_Library,,,,,,
23,5,Public_Assembly_Library,,,,,,
23,Aggregated,Public_Assembly_Library,,,,,,
23,Centralized,Public_Assembly_Library,,,,,,
24,0,Public_Assembly_Library,,,,,,
24,1,Public_Assembly_Library,,,,,,
24,2,Public_Assembly_Library,,,,,,
24,3,Public_Assembly_Library,,,,,,
24,4,Public_Assembly_Library,,,,,,
24,5,Public_Assembly_Library,,,,,,
24,Aggregated,Public_Assembly_Library,,,,,,
24,Centralized,Public_Assembly_Library,,,,,,
25,0,Public_Assembly_Library,,,,,,
25,1,Public_Assembly_Library,,,,,,
25,2,Public_Assembly_Library,,,,,,
25,3,Public_Assembly_Library,,,,,,
25,4,Public_Assembly_Library,,,,,,
25,5,Public_Assembly_Library,,,,,,
25,Aggregated,Public_Assembly_Library,,,,,,
25,Centralized,Public_Assembly_Library,,,,,,
26,0,Public_Assembly_Library,,,,,,
26,1,Public_Assembly_Library,,,,,,
26,2,Public_Assembly_Library,,,,,,
26,3,Public_Assembly_Library,,,,,,
26,4,Public_Assembly_Library,,,,,,
26,5,Public_Assembly_Library,,,,,,
26,Aggregated,Public_Assembly_Library,,,,,,
26,Centralized,Public_Assembly_Library,,,,,,
27,0,Public_Assembly_Library,,,,,,
27,1,Public_Assembly_Library,,,,,,
27,2,Public_Assembly_Library,,,,,,
27,3,Public_Assembly_Library,,,,,,
27,4,Public_Assembly_Library,,,,,,
27,5,Public_Assembly_Library,,,,,,
27,Aggregated,Public_Assembly_Library,,,,,,
27,Centralized,Public_Assembly_Library,,,,,,
28,0,Public_Assembly_Library,,,,,,
28,1,Public_Assembly_Library,,,,,,
28,2,Public_Assembly_Library,,,,,,
28,3,Public_Assembly_Library,,,,,,
28,4,Public_Assembly_Library,,,,,,
28,5,Public_Assembly_Library,,,,,,
28,Aggregated,Public_Assembly_Library,,,,,,
28,Centralized,Public_Assembly_Library,,,,,,
29,0,Public_Assembly_Library,,,,,,
29,1,Public_Assembly_Library,,,,,,
29,2,Public_Assembly_Library,,,,,,
29,3,Public_Assembly_Library,,,,,,
29,4,Public_Assembly_Library,,,,,,
29,5,Public_Assembly_Library,,,,,,
29,Aggregated,Public_Assembly_Library,,,,,,
29,Centralized,Public_Assembly_Library,,,,,,
30,0,Public_Assembly_Library,,,,,,
30,1,Public_Assembly_Library,,,,,,
30,2,Public_Assembly_Library,,,,,,
30,3,Public_Assembly_Library,,,,,,
30,4,Public_Assembly_Library,,,,,,
30,5,Public_Assembly_Library,,,,,,
30,Aggregated,Public_Assembly_Library,,,,,,
30,Centralized,Public_Assembly_Library,,,,,,
31,0,Public_Assembly_Library,,,,,,
31,1,Public_Assembly_Library,,,,,,
31,2,Public_Assembly_Library,,,,,,
31,3,Public_Assembly_Library,,,,,,
31,4,Public_Assembly_Library,,,,,,
31,5,Public_Assembly_Library,,,,,,
31,Aggregated,Public_Assembly_Library,,,,,,
31,Centralized,Public_Assembly_Library,,,,,,
32,0,Public_Assembly_Library,,,,,,
32,1,Public_Assembly_Library,,,,,,
32,2,Public_Assembly_Library,,,,,,
32,3,Public_Assembly_Library,,,,,,
32,4,Public_Assembly_Library,,,,,,
32,5,Public_Assembly_Library,,,,,,
32,Aggregated,Public_Assembly_Library,,,,,,
32,Centralized,Public_Assembly_Library,,,,,,
33,0,Public_Assembly_Library,,,,,,
33,1,Public_Assembly_Library,,,,,,
33,2,Public_Assembly_Library,,,,,,
33,3,Public_Assembly_Library,,,,,,
33,4,Public_Assembly_Library,,,,,,
33,5,Public_Assembly_Library,,,,,,
33,Aggregated,Public_Assembly_Library,,,,,,
33,Centralized,Public_Assembly_Library,,,,,,
34,0,Public_Assembly_Library,,,,,,
34,1,Public_Assembly_Library,,,,,,
34,2,Public_Assembly_Library,,,,,,
34,3,Public_Assembly_Library,,,,,,
34,4,Public_Assembly_Library,,,,,,
34,5,Public_Assembly_Library,,,,,,
34,Aggregated,Public_Assembly_Library,,,,,,
34,Centralized,Public_Assembly_Library,,,,,,
35,0,Public_Assembly_Library,,,,,,
35,1,Public_Assembly_Library,,,,,,
35,2,Public_Assembly_Library,,,,,,
35,3,Public_Assembly_Library,,,,,,
35,4,Public_Assembly_Library,,,,,,
35,5,Public_Assembly_Library,,,,,,
35,Aggregated,Public_Assembly_Library,,,,,,
35,Centralized,Public_Assembly_Library,,,,,,
36,0,Public_Assembly_Library,,,,,,
36,1,Public_Assembly_Library,,,,,,
36,2,Public_Assembly_Library,,,,,,
36,3,Public_Assembly_Library,,,,,,
36,4,Public_Assembly_Library,,,,,,
36,5,Public_Assembly_Library,,,,,,
36,Aggregated,Public_Assembly_Library,,,,,,
36,Centralized,Public_Assembly_Library,,,,,,
37,0,Public_Assembly_Library,,,,,,
37,1,Public_Assembly_Library,,,,,,
37,2,Public_Assembly_Library,,,,,,
37,3,Public_Assembly_Library,,,,,,
37,4,Public_Assembly_Library,,,,,,
37,5,Public_Assembly_Library,,,,,,
37,Aggregated,Public_Assembly_Library,,,,,,
37,Centralized,Public_Assembly_Library,,,,,,
38,0,Public_Assembly_Library,,,,,,
38,1,Public_Assembly_Library,,,,,,
38,2,Public_Assembly_Library,,,,,,
38,3,Public_Assembly_Library,,,,,,
38,4,Public_Assembly_Library,,,,,,
38,5,Public_Assembly_Library,,,,,,
38,Aggregated,Public_Assembly_Library,,,,,,
38,Centralized,Public_Assembly_Library,,,,,,
39,0,Public_Assembly_Library,,,,,,
39,1,Public_Assembly_Library,,,,,,
39,2,Public_Assembly_Library,,,,,,
39,3,Public_Assembly_Library,,,,,,
39,4,Public_Assembly_Library,,,,,,
39,5,Public_Assembly_Library,,,,,,
39,Aggregated,Public_Assembly_Library,,,,,,
39,Centralized,Public_Assembly_Library,,,,,,
40,0,Public_Assembly_Library,,,,,,
40,1,Public_Assembly_Library,,,,,,
40,2,Public_Assembly_Library,,,,,,
40,3,Public_Assembly_Library,,,,,,
40,4,Public_Assembly_Library,,,,,,
40,5,Public_Assembly_Library,,,,,,
40,Aggregated,Public_Assembly_Library,,,,,,
40,Centralized,Public_Assembly_Library,,,,,,
41,0,Public_Assembly_Library,,,,,,
41,1,Public_Assembly_Library,,,,,,
41,2,Public_Assembly_Library,,,,,,
41,3,Public_Assembly_Library,,,,,,
41,4,Public_Assembly_Library,,,,,,
41,5,Public_Assembly_Library,,,,,,
41,Aggregated,Public_Assembly_Library,,,,,,
41,Centralized,Public_Assembly_Library,,,,,,
42,0,Public_Assembly_Library,,,,,,
42,1,Public_Assembly_Library,,,,,,
42,2,Public_Assembly_Library,,,,,,
42,3,Public_Assembly_Library,,,,,,
42,4,Public_Assembly_Library,,,,,,
42,5,Public_Assembly_Library,,,,,,
42,Aggregated,Public_Assembly_Library,,,,,,
42,Centralized,Public_Assembly_Library,,,,,,
43,0,Public_Assembly_Library,,,,,,
43,1,Public_Assembly_Library,,,,,,
43,2,Public_Assembly_Library,,,,,,
43,3,Public_Assembly_Library,,,,,,
43,4,Public_Assembly_Library,,,,,,
43,5,Public_Assembly_Library,,,,,,
43,Aggregated,Public_Assembly_Library,,,,,,
43,Centralized,Public_Assembly_Library,,,,,,
44,0,Public_Assembly_Library,,,,,,
44,1,Public_Assembly_Library,,,,,,
44,2,Public_Assembly_Library,,,,,,
44,3,Public_Assembly_Library,,,,,,
44,4,Public_Assembly_Library,,,,,,
44,5,Public_Assembly_Library,,,,,,
44,Aggregated,Public_Assembly_Library,,,,,,
44,Centralized,Public_Assembly_Library,,,,,,
45,0,Public_Assembly_Library,,,,,,
45,1,Public_Assembly_Library,,,,,,
45,2,Public_Assembly_Library,,,,,,
45,3,Public_Assembly_Library,,,,,,
45,4,Public_Assembly_Library,,,,,,
45,5,Public_Assembly_Library,,,,,,
45,Aggregated,Public_Assembly_Library,,,,,,
45,Centralized,Public_Assembly_Library,,,,,,
46,0,Public_Assembly_Library,,,,,,
46,1,Public_Assembly_Library,,,,,,
46,2,Public_Assembly_Library,,,,,,
46,3,Public_Assembly_Library,,,,,,
46,4,Public_Assembly_Library,,,,,,
46,5,Public_Assembly_Library,,,,,,
46,Aggregated,Public_Assembly_Library,,,,,,
46,Centralized,Public_Assembly_Library,,,,,,
47,0,Public_Assembly_Library,,,,,,
47,1,Public_Assembly_Library,,,,,,
47,2,Public_Assembly_Library,,,,,,
47,3,Public_Assembly_Library,,,,,,
47,4,Public_Assembly_Library,,,,,,
47,5,Public_Assembly_Library,,,,,,
47,Aggregated,Public_Assembly_Library,,,,,,
47,Centralized,Public_Assembly_Library,,,,,,
48,0,Public_Assembly_Library,,,,,,
48,1,Public_Assembly_Library,,,,,,
48,2,Public_Assembly_Library,,,,,,
48,3,Public_Assembly_Library,,,,,,
48,4,Public_Assembly_Library,,,,,,
48,5,Public_Assembly_Library,,,,,,
48,Aggregated,Public_Assembly_Library,,,,,,
48,Centralized,Public_Assembly_Library,,,,,,
49,0,Public_Assembly_Library,,,,,,
49,1,Public_Assembly_Library,,,,,,
49,2,Public_Assembly_Library,,,,,,
49,3,Public_Assembly_Library,,,,,,
49,4,Public_Assembly_Library,,,,,,
49,5,Public_Assembly_Library,,,,,,
49,Aggregated,Public_Assembly_Library,,,,,,
49,Centralized,Public_Assembly_Library,,,,,,
50,0,Public_Assembly_Library,,,,,,
50,1,Public_Assembly_Library,,,,,,
50,2,Public_Assembly_Library,,,,,,
50,3,Public_Assembly_Library,,,,,,
50,4,Public_Assembly_Library,,,,,,
50,5,Public_Assembly_Library,,,,,,
50,Aggregated,Public_Assembly_Library,,,,,,
50,Centralized,Public_Assembly_Library,,,,,,
0,0,Mixed_Use_Predominantly_Commercial,,,,,,
0,1,Mixed_Use_Predominantly_Commercial,,,,,,
0,2,Mixed_Use_Predominantly_Commercial,,,,,,
0,3,Mixed_Use_Predominantly_Commercial,,,,,,
0,4,Mixed_Use_Predominantly_Commercial,,,,,,
0,5,Mixed_Use_Predominantly_Commercial,,,,,,
0,Aggregated,Mixed_Use_Predominantly_Commercial,,,,,,
0,Centralized,Mixed_Use_Predominantly_Commercial,,,,,,
1,0,Mixed_Use_Predominantly_Commercial,,,,,,
1,1,Mixed_Use_Predominantly_Commercial,,,,,,
1,2,Mixed_Use_Predominantly_Commercial,,,,,,
1,3,Mixed_Use_Predominantly_Commercial,,,,,,
1,4,Mixed_Use_Predominantly_Commercial,,,,,,
1,5,Mixed_Use_Predominantly_Commercial,,,,,,
1,Aggregated,Mixed_Use_Predominantly_Commercial,,,,,,
1,Centralized,Mixed_Use_Predominantly_Commercial,,,,,,
2,0,Mixed_Use_Predominantly_Commercial,,,,,,
2,1,Mixed_Use_Predominantly_Commercial,,,,,,
2,2,Mixed_Use_Predominantly_Commercial,,,,,,
2,3,Mixed_Use_Predominantly_Commercial,,,,,,
2,4,Mixed_Use_Predominantly_Commercial,,,,,,
2,5,Mixed_Use_Predominantly_Commercial,,,,,,
2,Aggregated,Mixed_Use_Predominantly_Commercial,,,,,,
2,Centralized,Mixed_Use_Predominantly_Commercial,,,,,,
3,0,Mixed_Use_Predominantly_Commercial,,,,,,
3,1,Mixed_Use_Predominantly_Commercial,,,,,,
3,2,Mixed_Use_Predominantly_Commercial,,,,,,
3,3,Mixed_Use_Predominantly_Commercial,,,,,,
3,4,Mixed_Use_Predominantly_Commercial,,,,,,
3,5,Mixed_Use_Predominantly_Commercial,,,,,,
3,Aggregated,Mixed_Use_Predominantly_Commercial,,,,,,
3,Centralized,Mixed_Use_Predominantly_Commercial,,,,,,
4,0,Mixed_Use_Predominantly_Commercial,,,,,,
4,1,Mixed_Use_Predominantly_Commercial,,,,,,
4,2,Mixed_Use_Predominantly_Commercial,,,,,,
4,3,Mixed_Use_Predominantly_Commercial,,,,,,
4,4,Mixed_Use_Predominantly_Commercial,,,,,,
4,5,Mixed_Use_Predominantly_Commercial,,,,,,
4,Aggregated,Mixed_Use_Predominantly_Commercial,,,,,,
4,Centralized,Mixed_Use_Predominantly_Commercial,,,,,,
5,0,Mixed_Use_Predominantly_Commercial,,,,,,
5,1,Mixed_Use_Predominantly_Commercial,,,,,,
5,2,Mixed_Use_Predominantly_Commercial,,,,,,
5,3,Mixed_Use_Predominantly_Commercial,,,,,,
5,4,Mixed_Use_Predominantly_Commercial,,,,,,
5,5,Mixed_Use_Predominantly_Commercial,,,,,,
5,Aggregated,Mixed_Use_Predominantly_Commercial,,,,,,
5,Centralized,Mixed_Use_Predominantly_Commercial,,,,,,
6,0,Mixed_Use_Predominantly_Commercial,,,,,,
6,1,Mixed_Use_Predominantly_Commercial,,,,,,
6,2,Mixed_Use_Predominantly_Commercial,,,,,,
6,3,Mixed_Use_Predominantly_Commercial,,,,,,
6,4,Mixed_Use_Predominantly_Commercial,,,,,,
6,5,Mixed_Use_Predominantly_Commercial,,,,,,
6,Aggregated,Mixed_Use_Predominantly_Commercial,,,,,,
6,Centralized,Mixed_Use_Predominantly_Commercial,,,,,,
7,0,Mixed_Use_Predominantly_Commercial,,,,,,
7,1,Mixed_Use_Predominantly_Commercial,,,,,,
7,2,Mixed_Use_Predominantly_Commercial,,,,,,
7,3,Mixed_Use_Predominantly_Commercial,,,,,,
7,4,Mixed_Use_Predominantly_Commercial,,,,,,
7,5,Mixed_Use_Predominantly_Commercial,,,,,,
7,Aggregated,Mixed_Use_Predominantly_Commercial,,,,,,
7,Centralized,Mixed_Use_Predominantly_Commercial,,,,,,
8,0,Mixed_Use_Predominantly_Commercial,,,,,,
8,1,Mixed_Use_Predominantly_Commercial,,,,,,
8,2,Mixed_Use_Predominantly_Commercial,,,,,,
8,3,Mixed_Use_Predominantly_Commercial,,,,,,
8,4,Mixed_Use_Predominantly_Commercial,,,,,,
8,5,Mixed_Use_Predominantly_Commercial,,,,,,
8,Aggregated,Mixed_Use_Predominantly_Commercial,,,,,,
8,Centralized,Mixed_Use_Predominantly_Commercial,,,,,,
9,0,Mixed_Use_Predominantly_Commercial,,,,,,
9,1,Mixed_Use_Predominantly_Commercial,,,,,,
9,2,Mixed_Use_Predominantly_Commercial,,,,,,
9,3,Mixed_Use_Predominantly_Commercial,,,,,,
9,4,Mixed_Use_Predominantly_Commercial,,,,,,
9,5,Mixed_Use_Predominantly_Commercial,,,,,,
9,Aggregated,Mixed_Use_Predominantly_Commercial,,,,,,
9,Centralized,Mixed_Use_Predominantly_Commercial,,,,,,
10,0,Mixed_Use_Predominantly_Commercial,,,,,,
10,1,Mixed_Use_Predominantly_Commercial,,,,,,
10,2,Mixed_Use_Predominantly_Commercial,,,,,,
10,3,Mixed_Use_Predominantly_Commercial,,,,,,
10,4,Mixed_Use_Predominantly_Commercial,,,,,,
10,5,Mixed_Use_Predominantly_Commercial,,,,,,
10,Aggregated,Mixed_Use_Predominantly_Commercial,,,,,,
10,Centralized,Mixed_Use_Predominantly_Commercial,,,,,,
11,0,Mixed_Use_Predominantly_Commercial,,,,,,
11,1,Mixed_Use_Predominantly_Commercial,,,,,,
11,2,Mixed_Use_Predominantly_Commercial,,,,,,
11,3,Mixed_Use_Predominantly_Commercial,,,,,,
11,4,Mixed_Use_Predominantly_Commercial,,,,,,
11,5,Mixed_Use_Predominantly_Commercial,,,,,,
11,Aggregated,Mixed_Use_Predominantly_Commercial,,,,,,
11,Centralized,Mixed_Use_Predominantly_Commercial,,,,,,
12,0,Mixed_Use_Predominantly_Commercial,,,,,,
12,1,Mixed_Use_Predominantly_Commercial,,,,,,
12,2,Mixed_Use_Predominantly_Commercial,,,,,,
12,3,Mixed_Use_Predominantly_Commercial,,,,,,
12,4,Mixed_Use_Predominantly_Commercial,,,,,,
12,5,Mixed_Use_Predominantly_Commercial,,,,,,
12,Aggregated,Mixed_Use_Predominantly_Commercial,,,,,,
12,Centralized,Mixed_Use_Predominantly_Commercial,,,,,,
13,0,Mixed_Use_Predominantly_Commercial,,,,,,
13,1,Mixed_Use_Predominantly_Commercial,,,,,,
13,2,Mixed_Use_Predominantly_Commercial,,,,,,
13,3,Mixed_Use_Predominantly_Commercial,,,,,,
13,4,Mixed_Use_Predominantly_Commercial,,,,,,
13,5,Mixed_Use_Predominantly_Commercial,,,,,,
13,Aggregated,Mixed_Use_Predominantly_Commercial,,,,,,
13,Centralized,Mixed_Use_Predominantly_Commercial,,,,,,
14,0,Mixed_Use_Predominantly_Commercial,,,,,,
14,1,Mixed_Use_Predominantly_Commercial,,,,,,
14,2,Mixed_Use_Predominantly_Commercial,,,,,,
14,3,Mixed_Use_Predominantly_Commercial,,,,,,
14,4,Mixed_Use_Predominantly_Commercial,,,,,,
14,5,Mixed_Use_Predominantly_Commercial,,,,,,
14,Aggregated,Mixed_Use_Predominantly_Commercial,,,,,,
14,Centralized,Mixed_Use_Predominantly_Commercial,,,,,,
15,0,Mixed_Use_Predominantly_Commercial,,,,,,
15,1,Mixed_Use_Predominantly_Commercial,,,,,,
15,2,Mixed_Use_Predominantly_Commercial,,,,,,
15,3,Mixed_Use_Predominantly_Commercial,,,,,,
15,4,Mixed_Use_Predominantly_Commercial,,,,,,
15,5,Mixed_Use_Predominantly_Commercial,,,,,,
15,Aggregated,Mixed_Use_Predominantly_Commercial,,,,,,
15,Centralized,Mixed_Use_Predominantly_Commercial,,,,,,
16,0,Mixed_Use_Predominantly_Commercial,,,,,,
16,1,Mixed_Use_Predominantly_Commercial,,,,,,
16,2,Mixed_Use_Predominantly_Commercial,,,,,,
16,3,Mixed_Use_Predominantly_Commercial,,,,,,
16,4,Mixed_Use_Predominantly_Commercial,,,,,,
16,5,Mixed_Use_Predominantly_Commercial,,,,,,
16,Aggregated,Mixed_Use_Predominantly_Commercial,,,,,,
16,Centralized,Mixed_Use_Predominantly_Commercial,,,,,,
17,0,Mixed_Use_Predominantly_Commercial,,,,,,
17,1,Mixed_Use_Predominantly_Commercial,,,,,,
17,2,Mixed_Use_Predominantly_Commercial,,,,,,
17,3,Mixed_Use_Predominantly_Commercial,,,,,,
17,4,Mixed_Use_Predominantly_Commercial,,,,,,
17,5,Mixed_Use_Predominantly_Commercial,,,,,,
17,Aggregated,Mixed_Use_Predominantly_Commercial,,,,,,
17,Centralized,Mixed_Use_Predominantly_Commercial,,,,,,
18,0,Mixed_Use_Predominantly_Commercial,,,,,,
18,1,Mixed_Use_Predominantly_Commercial,,,,,,
18,2,Mixed_Use_Predominantly_Commercial,,,,,,
18,3,Mixed_Use_Predominantly_Commercial,,,,,,
18,4,Mixed_Use_Predominantly_Commercial,,,,,,
18,5,Mixed_Use_Predominantly_Commercial,,,,,,
18,Aggregated,Mixed_Use_Predominantly_Commercial,,,,,,
18,Centralized,Mixed_Use_Predominantly_Commercial,,,,,,
19,0,Mixed_Use_Predominantly_Commercial,,,,,,
19,1,Mixed_Use_Predominantly_Commercial,,,,,,
19,2,Mixed_Use_Predominantly_Commercial,,,,,,
19,3,Mixed_Use_Predominantly_Commercial,,,,,,
19,4,Mixed_Use_Predominantly_Commercial,,,,,,
19,5,Mixed_Use_Predominantly_Commercial,,,,,,
19,Aggregated,Mixed_Use_Predominantly_Commercial,,,,,,
19,Centralized,Mixed_Use_Predominantly_Commercial,,,,,,
20,0,Mixed_Use_Predominantly_Commercial,,,,,,
20,1,Mixed_Use_Predominantly_Commercial,,,,,,
20,2,Mixed_Use_Predominantly_Commercial,,,,,,
20,3,Mixed_Use_Predominantly_Commercial,,,,,,
20,4,Mixed_Use_Predominantly_Commercial,,,,,,
20,5,Mixed_Use_Predominantly_Commercial,,,,,,
20,Aggregated,Mixed_Use_Predominantly_Commercial,,,,,,
20,Centralized,Mixed_Use_Predominantly_Commercial,,,,,,
21,0,Mixed_Use_Predominantly_Commercial,,,,,,
21,1,Mixed_Use_Predominantly_Commercial,,,,,,
21,2,Mixed_Use_Predominantly_Commercial,,,,,,
21,3,Mixed_Use_Predominantly_Commercial,,,,,,
21,4,Mixed_Use_Predominantly_Commercial,,,,,,
21,5,Mixed_Use_Predominantly_Commercial,,,,,,
21,Aggregated,Mixed_Use_Predominantly_Commercial,,,,,,
21,Centralized,Mixed_Use_Predominantly_Commercial,,,,,,
22,0,Mixed_Use_Predominantly_Commercial,,,,,,
22,1,Mixed_Use_Predominantly_Commercial,,,,,,
22,2,Mixed_Use_Predominantly_Commercial,,,,,,
22,3,Mixed_Use_Predominantly_Commercial,,,,,,
22,4,Mixed_Use_Predominantly_Commercial,,,,,,
22,5,Mixed_Use_Predominantly_Commercial,,,,,,
22,Aggregated,Mixed_Use_Predominantly_Commercial,,,,,,
22,Centralized,Mixed_Use_Predominantly_Commercial,,,,,,
23,0,Mixed_Use_Predominantly_Commercial,,,,,,
23,1,Mixed_Use_Predominantly_Commercial,,,,,,
23,2,Mixed_Use_Predominantly_Commercial,,,,,,
23,3,Mixed_Use_Predominantly_Commercial,,,,,,
23,4,Mixed_Use_Predominantly_Commercial,,,,,,
23,5,Mixed_Use_Predominantly_Commercial,,,,,,
23,Aggregated,Mixed_Use_Predominantly_Commercial,,,,,,
23,Centralized,Mixed_Use_Predominantly_Commercial,,,,,,
24,0,Mixed_Use_Predominantly_Commercial,,,,,,
24,1,Mixed_Use_Predominantly_Commercial,,,,,,
24,2,Mixed_Use_Predominantly_Commercial,,,,,,
24,3,Mixed_Use_Predominantly_Commercial,,,,,,
24,4,Mixed_Use_Predominantly_Commercial,,,,,,
24,5,Mixed_Use_Predominantly_Commercial,,,,,,
24,Aggregated,Mixed_Use_Predominantly_Commercial,,,,,,
24,Centralized,Mixed_Use_Predominantly_Commercial,,,,,,
25,0,Mixed_Use_Predominantly_Commercial,,,,,,
25,1,Mixed_Use_Predominantly_Commercial,,,,,,
25,2,Mixed_Use_Predominantly_Commercial,,,,,,
25,3,Mixed_Use_Predominantly_Commercial,,,,,,
25,4,Mixed_Use_Predominantly_Commercial,,,,,,
25,5,Mixed_Use_Predominantly_Commercial,,,,,,
25,Aggregated,Mixed_Use_Predominantly_Commercial,,,,,,
25,Centralized,Mixed_Use_Predominantly_Commercial,,,,,,
26,0,Mixed_Use_Predominantly_Commercial,,,,,,
26,1,Mixed_Use_Predominantly_Commercial,,,,,,
26,2,Mixed_Use_Predominantly_Commercial,,,,,,
26,3,Mixed_Use_Predominantly_Commercial,,,,,,
26,4,Mixed_Use_Predominantly_Commercial,,,,,,
26,5,Mixed_Use_Predominantly_Commercial,,,,,,
26,Aggregated,Mixed_Use_Predominantly_Commercial,,,,,,
26,Centralized,Mixed_Use_Predominantly_Commercial,,,,,,
27,0,Mixed_Use_Predominantly_Commercial,,,,,,
27,1,Mixed_Use_Predominantly_Commercial,,,,,,
27,2,Mixed_Use_Predominantly_Commercial,,,,,,
27,3,Mixed_Use_Predominantly_Commercial,,,,,,
27,4,Mixed_Use_Predominantly_Commercial,,,,,,
27,5,Mixed_Use_Predominantly_Commercial,,,,,,
27,Aggregated,Mixed_Use_Predominantly_Commercial,,,,,,
27,Centralized,Mixed_Use_Predominantly_Commercial,,,,,,
28,0,Mixed_Use_Predominantly_Commercial,,,,,,
28,1,Mixed_Use_Predominantly_Commercial,,,,,,
28,2,Mixed_Use_Predominantly_Commercial,,,,,,
28,3,Mixed_Use_Predominantly_Commercial,,,,,,
28,4,Mixed_Use_Predominantly_Commercial,,,,,,
28,5,Mixed_Use_Predominantly_Commercial,,,,,,
28,Aggregated,Mixed_Use_Predominantly_Commercial,,,,,,
28,Centralized,Mixed_Use_Predominantly_Commercial,,,,,,
29,0,Mixed_Use_Predominantly_Commercial,,,,,,
29,1,Mixed_Use_Predominantly_Commercial,,,,,,
29,2,Mixed_Use_Predominantly_Commercial,,,,,,
29,3,Mixed_Use_Predominantly_Commercial,,,,,,
29,4,Mixed_Use_Predominantly_Commercial,,,,,,
29,5,Mixed_Use_Predominantly_Commercial,,,,,,
29,Aggregated,Mixed_Use_Predominantly_Commercial,,,,,,
29,Centralized,Mixed_Use_Predominantly_Commercial,,,,,,
30,0,Mixed_Use_Predominantly_Commercial,,,,,,
30,1,Mixed_Use_Predominantly_Commercial,,,,,,
30,2,Mixed_Use_Predominantly_Commercial,,,,,,
30,3,Mixed_Use_Predominantly_Commercial,,,,,,
30,4,Mixed_Use_Predominantly_Commercial,,,,,,
30,5,Mixed_Use_Predominantly_Commercial,,,,,,
30,Aggregated,Mixed_Use_Predominantly_Commercial,,,,,,
30,Centralized,Mixed_Use_Predominantly_Commercial,,,,,,
31,0,Mixed_Use_Predominantly_Commercial,,,,,,
31,1,Mixed_Use_Predominantly_Commercial,,,,,,
31,2,Mixed_Use_Predominantly_Commercial,,,,,,
31,3,Mixed_Use_Predominantly_Commercial,,,,,,
31,4,Mixed_Use_Predominantly_Commercial,,,,,,
31,5,Mixed_Use_Predominantly_Commercial,,,,,,
31,Aggregated,Mixed_Use_Predominantly_Commercial,,,,,,
31,Centralized,Mixed_Use_Predominantly_Commercial,,,,,,
32,0,Mixed_Use_Predominantly_Commercial,,,,,,
32,1,Mixed_Use_Predominantly_Commercial,,,,,,
32,2,Mixed_Use_Predominantly_Commercial,,,,,,
32,3,Mixed_Use_Predominantly_Commercial,,,,,,
32,4,Mixed_Use_Predominantly_Commercial,,,,,,
32,5,Mixed_Use_Predominantly_Commercial,,,,,,
32,Aggregated,Mixed_Use_Predominantly_Commercial,,,,,,
32,Centralized,Mixed_Use_Predominantly_Commercial,,,,,,
33,0,Mixed_Use_Predominantly_Commercial,,,,,,
33,1,Mixed_Use_Predominantly_Commercial,,,,,,
33,2,Mixed_Use_Predominantly_Commercial,,,,,,
33,3,Mixed_Use_Predominantly_Commercial,,,,,,
33,4,Mixed_Use_Predominantly_Commercial,,,,,,
33,5,Mixed_Use_Predominantly_Commercial,,,,,,
33,Aggregated,Mixed_Use_Predominantly_Commercial,,,,,,
33,Centralized,Mixed_Use_Predominantly_Commercial,,,,,,
34,0,Mixed_Use_Predominantly_Commercial,,,,,,
34,1,Mixed_Use_Predominantly_Commercial,,,,,,
34,2,Mixed_Use_Predominantly_Commercial,,,,,,
34,3,Mixed_Use_Predominantly_Commercial,,,,,,
34,4,Mixed_Use_Predominantly_Commercial,,,,,,
34,5,Mixed_Use_Predominantly_Commercial,,,,,,
34,Aggregated,Mixed_Use_Predominantly_Commercial,,,,,,
34,Centralized,Mixed_Use_Predominantly_Commercial,,,,,,
35,0,Mixed_Use_Predominantly_Commercial,,,,,,
35,1,Mixed_Use_Predominantly_Commercial,,,,,,
35,2,Mixed_Use_Predominantly_Commercial,,,,,,
35,3,Mixed_Use_Predominantly_Commercial,,,,,,
35,4,Mixed_Use_Predominantly_Commercial,,,,,,
35,5,Mixed_Use_Predominantly_Commercial,,,,,,
35,Aggregated,Mixed_Use_Predominantly_Commercial,,,,,,
35,Centralized,Mixed_Use_Predominantly_Commercial,,,,,,
36,0,Mixed_Use_Predominantly_Commercial,,,,,,
36,1,Mixed_Use_Predominantly_Commercial,,,,,,
36,2,Mixed_Use_Predominantly_Commercial,,,,,,
36,3,Mixed_Use_Predominantly_Commercial,,,,,,
36,4,Mixed_Use_Predominantly_Commercial,,,,,,
36,5,Mixed_Use_Predominantly_Commercial,,,,,,
36,Aggregated,Mixed_Use_Predominantly_Commercial,,,,,,
36,Centralized,Mixed_Use_Predominantly_Commercial,,,,,,
37,0,Mixed_Use_Predominantly_Commercial,,,,,,
37,1,Mixed_Use_Predominantly_Commercial,,,,,,
37,2,Mixed_Use_Predominantly_Commercial,,,,,,
37,3,Mixed_Use_Predominantly_Commercial,,,,,,
37,4,Mixed_Use_Predominantly_Commercial,,,,,,
37,5,Mixed_Use_Predominantly_Commercial,,,,,,
37,Aggregated,Mixed_Use_Predominantly_Commercial,,,,,,
37,Centralized,Mixed_Use_Predominantly_Commercial,,,,,,
38,0,Mixed_Use_Predominantly_Commercial,,,,,,
38,1,Mixed_Use_Predominantly_Commercial,,,,,,
38,2,Mixed_Use_Predominantly_Commercial,,,,,,
38,3,Mixed_Use_Predominantly_Commercial,,,,,,
38,4,Mixed_Use_Predominantly_Commercial,,,,,,
38,5,Mixed_Use_Predominantly_Commercial,,,,,,
38,Aggregated,Mixed_Use_Predominantly_Commercial,,,,,,
38,Centralized,Mixed_Use_Predominantly_Commercial,,,,,,
39,0,Mixed_Use_Predominantly_Commercial,,,,,,
39,1,Mixed_Use_Predominantly_Commercial,,,,,,
39,2,Mixed_Use_Predominantly_Commercial,,,,,,
39,3,Mixed_Use_Predominantly_Commercial,,,,,,
39,4,Mixed_Use_Predominantly_Commercial,,,,,,
39,5,Mixed_Use_Predominantly_Commercial,,,,,,
39,Aggregated,Mixed_Use_Predominantly_Commercial,,,,,,
39,Centralized,Mixed_Use_Predominantly_Commercial,,,,,,
40,0,Mixed_Use_Predominantly_Commercial,,,,,,
40,1,Mixed_Use_Predominantly_Commercial,,,,,,
40,2,Mixed_Use_Predominantly_Commercial,,,,,,
40,3,Mixed_Use_Predominantly_Commercial,,,,,,
40,4,Mixed_Use_Predominantly_Commercial,,,,,,
40,5,Mixed_Use_Predominantly_Commercial,,,,,,
40,Aggregated,Mixed_Use_Predominantly_Commercial,,,,,,
40,Centralized,Mixed_Use_Predominantly_Commercial,,,,,,
41,0,Mixed_Use_Predominantly_Commercial,,,,,,
41,1,Mixed_Use_Predominantly_Commercial,,,,,,
41,2,Mixed_Use_Predominantly_Commercial,,,,,,
41,3,Mixed_Use_Predominantly_Commercial,,,,,,
41,4,Mixed_Use_Predominantly_Commercial,,,,,,
41,5,Mixed_Use_Predominantly_Commercial,,,,,,
41,Aggregated,Mixed_Use_Predominantly_Commercial,,,,,,
41,Centralized,Mixed_Use_Predominantly_Commercial,,,,,,
42,0,Mixed_Use_Predominantly_Commercial,,,,,,
42,1,Mixed_Use_Predominantly_Commercial,,,,,,
42,2,Mixed_Use_Predominantly_Commercial,,,,,,
42,3,Mixed_Use_Predominantly_Commercial,,,,,,
42,4,Mixed_Use_Predominantly_Commercial,,,,,,
42,5,Mixed_Use_Predominantly_Commercial,,,,,,
42,Aggregated,Mixed_Use_Predominantly_Commercial,,,,,,
42,Centralized,Mixed_Use_Predominantly_Commercial,,,,,,
43,0,Mixed_Use_Predominantly_Commercial,,,,,,
43,1,Mixed_Use_Predominantly_Commercial,,,,,,
43,2,Mixed_Use_Predominantly_Commercial,,,,,,
43,3,Mixed_Use_Predominantly_Commercial,,,,,,
43,4,Mixed_Use_Predominantly_Commercial,,,,,,
43,5,Mixed_Use_Predominantly_Commercial,,,,,,
43,Aggregated,Mixed_Use_Predominantly_Commercial,,,,,,
43,Centralized,Mixed_Use_Predominantly_Commercial,,,,,,
44,0,Mixed_Use_Predominantly_Commercial,,,,,,
44,1,Mixed_Use_Predominantly_Commercial,,,,,,
44,2,Mixed_Use_Predominantly_Commercial,,,,,,
44,3,Mixed_Use_Predominantly_Commercial,,,,,,
44,4,Mixed_Use_Predominantly_Commercial,,,,,,
44,5,Mixed_Use_Predominantly_Commercial,,,,,,
44,Aggregated,Mixed_Use_Predominantly_Commercial,,,,,,
44,Centralized,Mixed_Use_Predominantly_Commercial,,,,,,
45,0,Mixed_Use_Predominantly_Commercial,,,,,,
45,1,Mixed_Use_Predominantly_Commercial,,,,,,
45,2,Mixed_Use_Predominantly_Commercial,,,,,,
45,3,Mixed_Use_Predominantly_Commercial,,,,,,
45,4,Mixed_Use_Predominantly_Commercial,,,,,,
45,5,Mixed_Use_Predominantly_Commercial,,,,,,
45,Aggregated,Mixed_Use_Predominantly_Commercial,,,,,,
45,Centralized,Mixed_Use_Predominantly_Commercial,,,,,,
46,0,Mixed_Use_Predominantly_Commercial,,,,,,
46,1,Mixed_Use_Predominantly_Commercial,,,,,,
46,2,Mixed_Use_Predominantly_Commercial,,,,,,
46,3,Mixed_Use_Predominantly_Commercial,,,,,,
46,4,Mixed_Use_Predominantly_Commercial,,,,,,
46,5,Mixed_Use_Predominantly_Commercial,,,,,,
46,Aggregated,Mixed_Use_Predominantly_Commercial,,,,,,
46,Centralized,Mixed_Use_Predominantly_Commercial,,,,,,
47,0,Mixed_Use_Predominantly_Commercial,,,,,,
47,1,Mixed_Use_Predominantly_Commercial,,,,,,
47,2,Mixed_Use_Predominantly_Commercial,,,,,,
47,3,Mixed_Use_Predominantly_Commercial,,,,,,
47,4,Mixed_Use_Predominantly_Commercial,,,,,,
47,5,Mixed_Use_Predominantly_Commercial,,,,,,
47,Aggregated,Mixed_Use_Predominantly_Commercial,,,,,,
47,Centralized,Mixed_Use_Predominantly_Commercial,,,,,,
48,0,Mixed_Use_Predominantly_Commercial,,,,,,
48,1,Mixed_Use_Predominantly_Commercial,,,,,,
48,2,Mixed_Use_Predominantly_Commercial,,,,,,
48,3,Mixed_Use_Predominantly_Commercial,,,,,,
48,4,Mixed_Use_Predominantly_Commercial,,,,,,
48,5,Mixed_Use_Predominantly_Commercial,,,,,,
48,Aggregated,Mixed_Use_Predominantly_Commercial,,,,,,
48,Centralized,Mixed_Use_Predominantly_Commercial,,,,,,
49,0,Mixed_Use_Predominantly_Commercial,,,,,,
49,1,Mixed_Use_Predominantly_Commercial,,,,,,
49,2,Mixed_Use_Predominantly_Commercial,,,,,,
49,3,Mixed_Use_Predominantly_Commercial,,,,,,
49,4,Mixed_Use_Predominantly_Commercial,,,,,,
49,5,Mixed_Use_Predominantly_Commercial,,,,,,
49,Aggregated,Mixed_Use_Predominantly_Commercial,,,,,,
49,Centralized,Mixed_Use_Predominantly_Commercial,,,,,,
50,0,Mixed_Use_Predominantly_Commercial,,,,,,
50,1,Mixed_Use_Predominantly_Commercial,,,,,,
50,2,Mixed_Use_Predominantly_Commercial,,,,,,
50,3,Mixed_Use_Predominantly_Commercial,,,,,,
50,4,Mixed_Use_Predominantly_Commercial,,,,,,
50,5,Mixed_Use_Predominantly_Commercial,,,,,,
50,Aggregated,Mixed_Use_Predominantly_Commercial,,,,,,
50,Centralized,Mixed_Use_Predominantly_Commercial,,,,,,
0,0,Lodging_Hotel,,,,,,
0,1,Lodging_Hotel,,,,,,
0,2,Lodging_Hotel,,,,,,
0,3,Lodging_Hotel,,,,,,
0,4,Lodging_Hotel,,,,,,
0,5,Lodging_Hotel,,,,,,
0,Aggregated,Lodging_Hotel,,,,,,
0,Centralized,Lodging_Hotel,,,,,,
1,0,Lodging_Hotel,,,,,,
1,1,Lodging_Hotel,,,,,,
1,2,Lodging_Hotel,,,,,,
1,3,Lodging_Hotel,,,,,,
1,4,Lodging_Hotel,,,,,,
1,5,Lodging_Hotel,,,,,,
1,Aggregated,Lodging_Hotel,,,,,,
1,Centralized,Lodging_Hotel,,,,,,
2,0,Lodging_Hotel,,,,,,
2,1,Lodging_Hotel,,,,,,
2,2,Lodging_Hotel,,,,,,
2,3,Lodging_Hotel,,,,,,
2,4,Lodging_Hotel,,,,,,
2,5,Lodging_Hotel,,,,,,
2,Aggregated,Lodging_Hotel,,,,,,
2,Centralized,Lodging_Hotel,,,,,,
3,0,Lodging_Hotel,,,,,,
3,1,Lodging_Hotel,,,,,,
3,2,Lodging_Hotel,,,,,,
3,3,Lodging_Hotel,,,,,,
3,4,Lodging_Hotel,,,,,,
3,5,Lodging_Hotel,,,,,,
3,Aggregated,Lodging_Hotel,,,,,,
3,Centralized,Lodging_Hotel,,,,,,
4,0,Lodging_Hotel,,,,,,
4,1,Lodging_Hotel,,,,,,
4,2,Lodging_Hotel,,,,,,
4,3,Lodging_Hotel,,,,,,
4,4,Lodging_Hotel,,,,,,
4,5,Lodging_Hotel,,,,,,
4,Aggregated,Lodging_Hotel,,,,,,
4,Centralized,Lodging_Hotel,,,,,,
5,0,Lodging_Hotel,,,,,,
5,1,Lodging_Hotel,,,,,,
5,2,Lodging_Hotel,,,,,,
5,3,Lodging_Hotel,,,,,,
5,4,Lodging_Hotel,,,,,,
5,5,Lodging_Hotel,,,,,,
5,Aggregated,Lodging_Hotel,,,,,,
5,Centralized,Lodging_Hotel,,,,,,
6,0,Lodging_Hotel,,,,,,
6,1,Lodging_Hotel,,,,,,
6,2,Lodging_Hotel,,,,,,
6,3,Lodging_Hotel,,,,,,
6,4,Lodging_Hotel,,,,,,
6,5,Lodging_Hotel,,,,,,
6,Aggregated,Lodging_Hotel,,,,,,
6,Centralized,Lodging_Hotel,,,,,,
7,0,Lodging_Hotel,,,,,,
7,1,Lodging_Hotel,,,,,,
7,2,Lodging_Hotel,,,,,,
7,3,Lodging_Hotel,,,,,,
7,4,Lodging_Hotel,,,,,,
7,5,Lodging_Hotel,,,,,,
7,Aggregated,Lodging_Hotel,,,,,,
7,Centralized,Lodging_Hotel,,,,,,
8,0,Lodging_Hotel,,,,,,
8,1,Lodging_Hotel,,,,,,
8,2,Lodging_Hotel,,,,,,
8,3,Lodging_Hotel,,,,,,
8,4,Lodging_Hotel,,,,,,
8,5,Lodging_Hotel,,,,,,
8,Aggregated,Lodging_Hotel,,,,,,
8,Centralized,Lodging_Hotel,,,,,,
9,0,Lodging_Hotel,,,,,,
9,1,Lodging_Hotel,,,,,,
9,2,Lodging_Hotel,,,,,,
9,3,Lodging_Hotel,,,,,,
9,4,Lodging_Hotel,,,,,,
9,5,Lodging_Hotel,,,,,,
9,Aggregated,Lodging_Hotel,,,,,,
9,Centralized,Lodging_Hotel,,,,,,
10,0,Lodging_Hotel,,,,,,
10,1,Lodging_Hotel,,,,,,
10,2,Lodging_Hotel,,,,,,
10,3,Lodging_Hotel,,,,,,
10,4,Lodging_Hotel,,,,,,
10,5,Lodging_Hotel,,,,,,
10,Aggregated,Lodging_Hotel,,,,,,
10,Centralized,Lodging_Hotel,,,,,,
11,0,Lodging_Hotel,,,,,,
11,1,Lodging_Hotel,,,,,,
11,2,Lodging_Hotel,,,,,,
11,3,Lodging_Hotel,,,,,,
11,4,Lodging_Hotel,,,,,,
11,5,Lodging_Hotel,,,,,,
11,Aggregated,Lodging_Hotel,,,,,,
11,Centralized,Lodging_Hotel,,,,,,
12,0,Lodging_Hotel,,,,,,
12,1,Lodging_Hotel,,,,,,
12,2,Lodging_Hotel,,,,,,
12,3,Lodging_Hotel,,,,,,
12,4,Lodging_Hotel,,,,,,
12,5,Lodging_Hotel,,,,,,
12,Aggregated,Lodging_Hotel,,,,,,
12,Centralized,Lodging_Hotel,,,,,,
13,0,Lodging_Hotel,,,,,,
13,1,Lodging_Hotel,,,,,,
13,2,Lodging_Hotel,,,,,,
13,3,Lodging_Hotel,,,,,,
13,4,Lodging_Hotel,,,,,,
13,5,Lodging_Hotel,,,,,,
13,Aggregated,Lodging_Hotel,,,,,,
13,Centralized,Lodging_Hotel,,,,,,
14,0,Lodging_Hotel,,,,,,
14,1,Lodging_Hotel,,,,,,
14,2,Lodging_Hotel,,,,,,
14,3,Lodging_Hotel,,,,,,
14,4,Lodging_Hotel,,,,,,
14,5,Lodging_Hotel,,,,,,
14,Aggregated,Lodging_Hotel,,,,,,
14,Centralized,Lodging_Hotel,,,,,,
15,0,Lodging_Hotel,,,,,,
15,1,Lodging_Hotel,,,,,,
15,2,Lodging_Hotel,,,,,,
15,3,Lodging_Hotel,,,,,,
15,4,Lodging_Hotel,,,,,,
15,5,Lodging_Hotel,,,,,,
15,Aggregated,Lodging_Hotel,,,,,,
15,Centralized,Lodging_Hotel,,,,,,
16,0,Lodging_Hotel,,,,,,
16,1,Lodging_Hotel,,,,,,
16,2,Lodging_Hotel,,,,,,
16,3,Lodging_Hotel,,,,,,
16,4,Lodging_Hotel,,,,,,
16,5,Lodging_Hotel,,,,,,
16,Aggregated,Lodging_Hotel,,,,,,
16,Centralized,Lodging_Hotel,,,,,,
17,0,Lodging_Hotel,,,,,,
17,1,Lodging_Hotel,,,,,,
17,2,Lodging_Hotel,,,,,,
17,3,Lodging_Hotel,,,,,,
17,4,Lodging_Hotel,,,,,,
17,5,Lodging_Hotel,,,,,,
17,Aggregated,Lodging_Hotel,,,,,,
17,Centralized,Lodging_Hotel,,,,,,
18,0,Lodging_Hotel,,,,,,
18,1,Lodging_Hotel,,,,,,
18,2,Lodging_Hotel,,,,,,
18,3,Lodging_Hotel,,,,,,
18,4,Lodging_Hotel,,,,,,
18,5,Lodging_Hotel,,,,,,
18,Aggregated,Lodging_Hotel,,,,,,
18,Centralized,Lodging_Hotel,,,,,,
19,0,Lodging_Hotel,,,,,,
19,1,Lodging_Hotel,,,,,,
19,2,Lodging_Hotel,,,,,,
19,3,Lodging_Hotel,,,,,,
19,4,Lodging_Hotel,,,,,,
19,5,Lodging_Hotel,,,,,,
19,Aggregated,Lodging_Hotel,,,,,,
19,Centralized,Lodging_Hotel,,,,,,
20,0,Lodging_Hotel,,,,,,
20,1,Lodging_Hotel,,,,,,
20,2,Lodging_Hotel,,,,,,
20,3,Lodging_Hotel,,,,,,
20,4,Lodging_Hotel,,,,,,
20,5,Lodging_Hotel,,,,,,
20,Aggregated,Lodging_Hotel,,,,,,
20,Centralized,Lodging_Hotel,,,,,,
21,0,Lodging_Hotel,,,,,,
21,1,Lodging_Hotel,,,,,,
21,2,Lodging_Hotel,,,,,,
21,3,Lodging_Hotel,,,,,,
21,4,Lodging_Hotel,,,,,,
21,5,Lodging_Hotel,,,,,,
21,Aggregated,Lodging_Hotel,,,,,,
21,Centralized,Lodging_Hotel,,,,,,
22,0,Lodging_Hotel,,,,,,
22,1,Lodging_Hotel,,,,,,
22,2,Lodging_Hotel,,,,,,
22,3,Lodging_Hotel,,,,,,
22,4,Lodging_Hotel,,,,,,
22,5,Lodging_Hotel,,,,,,
22,Aggregated,Lodging_Hotel,,,,,,
22,Centralized,Lodging_Hotel,,,,,,
23,0,Lodging_Hotel,,,,,,
23,1,Lodging_Hotel,,,,,,
23,2,Lodging_Hotel,,,,,,
23,3,Lodging_Hotel,,,,,,
23,4,Lodging_Hotel,,,,,,
23,5,Lodging_Hotel,,,,,,
23,Aggregated,Lodging_Hotel,,,,,,
23,Centralized,Lodging_Hotel,,,,,,
24,0,Lodging_Hotel,,,,,,
24,1,Lodging_Hotel,,,,,,
24,2,Lodging_Hotel,,,,,,
24,3,Lodging_Hotel,,,,,,
24,4,Lodging_Hotel,,,,,,
24,5,Lodging_Hotel,,,,,,
24,Aggregated,Lodging_Hotel,,,,,,
24,Centralized,Lodging_Hotel,,,,,,
25,0,Lodging_Hotel,,,,,,
25,1,Lodging_Hotel,,,,,,
25,2,Lodging_Hotel,,,,,,
25,3,Lodging_Hotel,,,,,,
25,4,Lodging_Hotel,,,,,,
25,5,Lodging_Hotel,,,,,,
25,Aggregated,Lodging_Hotel,,,,,,
25,Centralized,Lodging_Hotel,,,,,,
26,0,Lodging_Hotel,,,,,,
26,1,Lodging_Hotel,,,,,,
26,2,Lodging_Hotel,,,,,,
26,3,Lodging_Hotel,,,,,,
26,4,Lodging_Hotel,,,,,,
26,5,Lodging_Hotel,,,,,,
26,Aggregated,Lodging_Hotel,,,,,,
26,Centralized,Lodging_Hotel,,,,,,
27,0,Lodging_Hotel,,,,,,
27,1,Lodging_Hotel,,,,,,
27,2,Lodging_Hotel,,,,,,
27,3,Lodging_Hotel,,,,,,
27,4,Lodging_Hotel,,,,,,
27,5,Lodging_Hotel,,,,,,
27,Aggregated,Lodging_Hotel,,,,,,
27,Centralized,Lodging_Hotel,,,,,,
28,0,Lodging_Hotel,,,,,,
28,1,Lodging_Hotel,,,,,,
28,2,Lodging_Hotel,,,,,,
28,3,Lodging_Hotel,,,,,,
28,4,Lodging_Hotel,,,,,,
28,5,Lodging_Hotel,,,,,,
28,Aggregated,Lodging_Hotel,,,,,,
28,Centralized,Lodging_Hotel,,,,,,
29,0,Lodging_Hotel,,,,,,
29,1,Lodging_Hotel,,,,,,
29,2,Lodging_Hotel,,,,,,
29,3,Lodging_Hotel,,,,,,
29,4,Lodging_Hotel,,,,,,
29,5,Lodging_Hotel,,,,,,
29,Aggregated,Lodging_Hotel,,,,,,
29,Centralized,Lodging_Hotel,,,,,,
30,0,Lodging_Hotel,,,,,,
30,1,Lodging_Hotel,,,,,,
30,2,Lodging_Hotel,,,,,,
30,3,Lodging_Hotel,,,,,,
30,4,Lodging_Hotel,,,,,,
30,5,Lodging_Hotel,,,,,,
30,Aggregated,Lodging_Hotel,,,,,,
30,Centralized,Lodging_Hotel,,,,,,
31,0,Lodging_Hotel,,,,,,
31,1,Lodging_Hotel,,,,,,
31,2,Lodging_Hotel,,,,,,
31,3,Lodging_Hotel,,,,,,
31,4,Lodging_Hotel,,,,,,
31,5,Lodging_Hotel,,,,,,
31,Aggregated,Lodging_Hotel,,,,,,
31,Centralized,Lodging_Hotel,,,,,,
32,0,Lodging_Hotel,,,,,,
32,1,Lodging_Hotel,,,,,,
32,2,Lodging_Hotel,,,,,,
32,3,Lodging_Hotel,,,,,,
32,4,Lodging_Hotel,,,,,,
32,5,Lodging_Hotel,,,,,,
32,Aggregated,Lodging_Hotel,,,,,,
32,Centralized,Lodging_Hotel,,,,,,
33,0,Lodging_Hotel,,,,,,
33,1,Lodging_Hotel,,,,,,
33,2,Lodging_Hotel,,,,,,
33,3,Lodging_Hotel,,,,,,
33,4,Lodging_Hotel,,,,,,
33,5,Lodging_Hotel,,,,,,
33,Aggregated,Lodging_Hotel,,,,,,
33,Centralized,Lodging_Hotel,,,,,,
34,0,Lodging_Hotel,,,,,,
34,1,Lodging_Hotel,,,,,,
34,2,Lodging_Hotel,,,,,,
34,3,Lodging_Hotel,,,,,,
34,4,Lodging_Hotel,,,,,,
34,5,Lodging_Hotel,,,,,,
34,Aggregated,Lodging_Hotel,,,,,,
34,Centralized,Lodging_Hotel,,,,,,
35,0,Lodging_Hotel,,,,,,
35,1,Lodging_Hotel,,,,,,
35,2,Lodging_Hotel,,,,,,
35,3,Lodging_Hotel,,,,,,
35,4,Lodging_Hotel,,,,,,
35,5,Lodging_Hotel,,,,,,
35,Aggregated,Lodging_Hotel,,,,,,
35,Centralized,Lodging_Hotel,,,,,,
36,0,Lodging_Hotel,,,,,,
36,1,Lodging_Hotel,,,,,,
36,2,Lodging_Hotel,,,,,,
36,3,Lodging_Hotel,,,,,,
36,4,Lodging_Hotel,,,,,,
36,5,Lodging_Hotel,,,,,,
36,Aggregated,Lodging_Hotel,,,,,,
36,Centralized,Lodging_Hotel,,,,,,
37,0,Lodging_Hotel,,,,,,
37,1,Lodging_Hotel,,,,,,
37,2,Lodging_Hotel,,,,,,
37,3,Lodging_Hotel,,,,,,
37,4,Lodging_Hotel,,,,,,
37,5,Lodging_Hotel,,,,,,
37,Aggregated,Lodging_Hotel,,,,,,
37,Centralized,Lodging_Hotel,,,,,,
38,0,Lodging_Hotel,,,,,,
38,1,Lodging_Hotel,,,,,,
38,2,Lodging_Hotel,,,,,,
38,3,Lodging_Hotel,,,,,,
38,4,Lodging_Hotel,,,,,,
38,5,Lodging_Hotel,,,,,,
38,Aggregated,Lodging_Hotel,,,,,,
38,Centralized,Lodging_Hotel,,,,,,
39,0,Lodging_Hotel,,,,,,
39,1,Lodging_Hotel,,,,,,
39,2,Lodging_Hotel,,,,,,
39,3,Lodging_Hotel,,,,,,
39,4,Lodging_Hotel,,,,,,
39,5,Lodging_Hotel,,,,,,
39,Aggregated,Lodging_Hotel,,,,,,
39,Centralized,Lodging_Hotel,,,,,,
40,0,Lodging_Hotel,,,,,,
40,1,Lodging_Hotel,,,,,,
40,2,Lodging_Hotel,,,,,,
40,3,Lodging_Hotel,,,,,,
40,4,Lodging_Hotel,,,,,,
40,5,Lodging_Hotel,,,,,,
40,Aggregated,Lodging_Hotel,,,,,,
40,Centralized,Lodging_Hotel,,,,,,
41,0,Lodging_Hotel,,,,,,
41,1,Lodging_Hotel,,,,,,
41,2,Lodging_Hotel,,,,,,
41,3,Lodging_Hotel,,,,,,
41,4,Lodging_Hotel,,,,,,
41,5,Lodging_Hotel,,,,,,
41,Aggregated,Lodging_Hotel,,,,,,
41,Centralized,Lodging_Hotel,,,,,,
42,0,Lodging_Hotel,,,,,,
42,1,Lodging_Hotel,,,,,,
42,2,Lodging_Hotel,,,,,,
42,3,Lodging_Hotel,,,,,,
42,4,Lodging_Hotel,,,,,,
42,5,Lodging_Hotel,,,,,,
42,Aggregated,Lodging_Hotel,,,,,,
42,Centralized,Lodging_Hotel,,,,,,
43,0,Lodging_Hotel,,,,,,
43,1,Lodging_Hotel,,,,,,
43,2,Lodging_Hotel,,,,,,
43,3,Lodging_Hotel,,,,,,
43,4,Lodging_Hotel,,,,,,
43,5,Lodging_Hotel,,,,,,
43,Aggregated,Lodging_Hotel,,,,,,
43,Centralized,Lodging_Hotel,,,,,,
44,0,Lodging_Hotel,,,,,,
44,1,Lodging_Hotel,,,,,,
44,2,Lodging_Hotel,,,,,,
44,3,Lodging_Hotel,,,,,,
44,4,Lodging_Hotel,,,,,,
44,5,Lodging_Hotel,,,,,,
44,Aggregated,Lodging_Hotel,,,,,,
44,Centralized,Lodging_Hotel,,,,,,
45,0,Lodging_Hotel,,,,,,
45,1,Lodging_Hotel,,,,,,
45,2,Lodging_Hotel,,,,,,
45,3,Lodging_Hotel,,,,,,
45,4,Lodging_Hotel,,,,,,
45,5,Lodging_Hotel,,,,,,
45,Aggregated,Lodging_Hotel,,,,,,
45,Centralized,Lodging_Hotel,,,,,,
46,0,Lodging_Hotel,,,,,,
46,1,Lodging_Hotel,,,,,,
46,2,Lodging_Hotel,,,,,,
46,3,Lodging_Hotel,,,,,,
46,4,Lodging_Hotel,,,,,,
46,5,Lodging_Hotel,,,,,,
46,Aggregated,Lodging_Hotel,,,,,,
46,Centralized,Lodging_Hotel,,,,,,
47,0,Lodging_Hotel,,,,,,
47,1,Lodging_Hotel,,,,,,
47,2,Lodging_Hotel,,,,,,
47,3,Lodging_Hotel,,,,,,
47,4,Lodging_Hotel,,,,,,
47,5,Lodging_Hotel,,,,,,
47,Aggregated,Lodging_Hotel,,,,,,
47,Centralized,Lodging_Hotel,,,,,,
48,0,Lodging_Hotel,,,,,,
48,1,Lodging_Hotel,,,,,,
48,2,Lodging_Hotel,,,,,,
48,3,Lodging_Hotel,,,,,,
48,4,Lodging_Hotel,,,,,,
48,5,Lodging_Hotel,,,,,,
48,Aggregated,Lodging_Hotel,,,,,,
48,Centralized,Lodging_Hotel,,,,,,
49,0,Lodging_Hotel,,,,,,
49,1,Lodging_Hotel,,,,,,
49,2,Lodging_Hotel,,,,,,
49,3,Lodging_Hotel,,,,,,
49,4,Lodging_Hotel,,,,,,
49,5,Lodging_Hotel,,,,,,
49,Aggregated,Lodging_Hotel,,,,,,
49,Centralized,Lodging_Hotel,,,,,,
50,0,Lodging_Hotel,,,,,,
50,1,Lodging_Hotel,,,,,,
50,2,Lodging_Hotel,,,,,,
50,3,Lodging_Hotel,,,,,,
50,4,Lodging_Hotel,,,,,,
50,5,Lodging_Hotel,,,,,,
50,Aggregated,Lodging_Hotel,,,,,,
50,Centralized,Lodging_Hotel,,,,,,
0,0,Public_Assembly_Entertainment_culture,,,,,,
0,1,Public_Assembly_Entertainment_culture,,,,,,
0,2,Public_Assembly_Entertainment_culture,,,,,,
0,3,Public_Assembly_Entertainment_culture,,,,,,
0,4,Public_Assembly_Entertainment_culture,,,,,,
0,5,Public_Assembly_Entertainment_culture,,,,,,
0,Aggregated,Public_Assembly_Entertainment_culture,,,,,,
0,Centralized,Public_Assembly_Entertainment_culture,,,,,,
1,0,Public_Assembly_Entertainment_culture,,,,,,
1,1,Public_Assembly_Entertainment_culture,,,,,,
1,2,Public_Assembly_Entertainment_culture,,,,,,
1,3,Public_Assembly_Entertainment_culture,,,,,,
1,4,Public_Assembly_Entertainment_culture,,,,,,
1,5,Public_Assembly_Entertainment_culture,,,,,,
1,Aggregated,Public_Assembly_Entertainment_culture,,,,,,
1,Centralized,Public_Assembly_Entertainment_culture,,,,,,
2,0,Public_Assembly_Entertainment_culture,,,,,,
2,1,Public_Assembly_Entertainment_culture,,,,,,
2,2,Public_Assembly_Entertainment_culture,,,,,,
2,3,Public_Assembly_Entertainment_culture,,,,,,
2,4,Public_Assembly_Entertainment_culture,,,,,,
2,5,Public_Assembly_Entertainment_culture,,,,,,
2,Aggregated,Public_Assembly_Entertainment_culture,,,,,,
2,Centralized,Public_Assembly_Entertainment_culture,,,,,,
3,0,Public_Assembly_Entertainment_culture,,,,,,
3,1,Public_Assembly_Entertainment_culture,,,,,,
3,2,Public_Assembly_Entertainment_culture,,,,,,
3,3,Public_Assembly_Entertainment_culture,,,,,,
3,4,Public_Assembly_Entertainment_culture,,,,,,
3,5,Public_Assembly_Entertainment_culture,,,,,,
3,Aggregated,Public_Assembly_Entertainment_culture,,,,,,
3,Centralized,Public_Assembly_Entertainment_culture,,,,,,
4,0,Public_Assembly_Entertainment_culture,,,,,,
4,1,Public_Assembly_Entertainment_culture,,,,,,
4,2,Public_Assembly_Entertainment_culture,,,,,,
4,3,Public_Assembly_Entertainment_culture,,,,,,
4,4,Public_Assembly_Entertainment_culture,,,,,,
4,5,Public_Assembly_Entertainment_culture,,,,,,
4,Aggregated,Public_Assembly_Entertainment_culture,,,,,,
4,Centralized,Public_Assembly_Entertainment_culture,,,,,,
5,0,Public_Assembly_Entertainment_culture,,,,,,
5,1,Public_Assembly_Entertainment_culture,,,,,,
5,2,Public_Assembly_Entertainment_culture,,,,,,
5,3,Public_Assembly_Entertainment_culture,,,,,,
5,4,Public_Assembly_Entertainment_culture,,,,,,
5,5,Public_Assembly_Entertainment_culture,,,,,,
5,Aggregated,Public_Assembly_Entertainment_culture,,,,,,
5,Centralized,Public_Assembly_Entertainment_culture,,,,,,
6,0,Public_Assembly_Entertainment_culture,,,,,,
6,1,Public_Assembly_Entertainment_culture,,,,,,
6,2,Public_Assembly_Entertainment_culture,,,,,,
6,3,Public_Assembly_Entertainment_culture,,,,,,
6,4,Public_Assembly_Entertainment_culture,,,,,,
6,5,Public_Assembly_Entertainment_culture,,,,,,
6,Aggregated,Public_Assembly_Entertainment_culture,,,,,,
6,Centralized,Public_Assembly_Entertainment_culture,,,,,,
7,0,Public_Assembly_Entertainment_culture,,,,,,
7,1,Public_Assembly_Entertainment_culture,,,,,,
7,2,Public_Assembly_Entertainment_culture,,,,,,
7,3,Public_Assembly_Entertainment_culture,,,,,,
7,4,Public_Assembly_Entertainment_culture,,,,,,
7,5,Public_Assembly_Entertainment_culture,,,,,,
7,Aggregated,Public_Assembly_Entertainment_culture,,,,,,
7,Centralized,Public_Assembly_Entertainment_culture,,,,,,
8,0,Public_Assembly_Entertainment_culture,,,,,,
8,1,Public_Assembly_Entertainment_culture,,,,,,
8,2,Public_Assembly_Entertainment_culture,,,,,,
8,3,Public_Assembly_Entertainment_culture,,,,,,
8,4,Public_Assembly_Entertainment_culture,,,,,,
8,5,Public_Assembly_Entertainment_culture,,,,,,
8,Aggregated,Public_Assembly_Entertainment_culture,,,,,,
8,Centralized,Public_Assembly_Entertainment_culture,,,,,,
9,0,Public_Assembly_Entertainment_culture,,,,,,
9,1,Public_Assembly_Entertainment_culture,,,,,,
9,2,Public_Assembly_Entertainment_culture,,,,,,
9,3,Public_Assembly_Entertainment_culture,,,,,,
9,4,Public_Assembly_Entertainment_culture,,,,,,
9,5,Public_Assembly_Entertainment_culture,,,,,,
9,Aggregated,Public_Assembly_Entertainment_culture,,,,,,
9,Centralized,Public_Assembly_Entertainment_culture,,,,,,
10,0,Public_Assembly_Entertainment_culture,,,,,,
10,1,Public_Assembly_Entertainment_culture,,,,,,
10,2,Public_Assembly_Entertainment_culture,,,,,,
10,3,Public_Assembly_Entertainment_culture,,,,,,
10,4,Public_Assembly_Entertainment_culture,,,,,,
10,5,Public_Assembly_Entertainment_culture,,,,,,
10,Aggregated,Public_Assembly_Entertainment_culture,,,,,,
10,Centralized,Public_Assembly_Entertainment_culture,,,,,,
11,0,Public_Assembly_Entertainment_culture,,,,,,
11,1,Public_Assembly_Entertainment_culture,,,,,,
11,2,Public_Assembly_Entertainment_culture,,,,,,
11,3,Public_Assembly_Entertainment_culture,,,,,,
11,4,Public_Assembly_Entertainment_culture,,,,,,
11,5,Public_Assembly_Entertainment_culture,,,,,,
11,Aggregated,Public_Assembly_Entertainment_culture,,,,,,
11,Centralized,Public_Assembly_Entertainment_culture,,,,,,
12,0,Public_Assembly_Entertainment_culture,,,,,,
12,1,Public_Assembly_Entertainment_culture,,,,,,
12,2,Public_Assembly_Entertainment_culture,,,,,,
12,3,Public_Assembly_Entertainment_culture,,,,,,
12,4,Public_Assembly_Entertainment_culture,,,,,,
12,5,Public_Assembly_Entertainment_culture,,,,,,
12,Aggregated,Public_Assembly_Entertainment_culture,,,,,,
12,Centralized,Public_Assembly_Entertainment_culture,,,,,,
13,0,Public_Assembly_Entertainment_culture,,,,,,
13,1,Public_Assembly_Entertainment_culture,,,,,,
13,2,Public_Assembly_Entertainment_culture,,,,,,
13,3,Public_Assembly_Entertainment_culture,,,,,,
13,4,Public_Assembly_Entertainment_culture,,,,,,
13,5,Public_Assembly_Entertainment_culture,,,,,,
13,Aggregated,Public_Assembly_Entertainment_culture,,,,,,
13,Centralized,Public_Assembly_Entertainment_culture,,,,,,
14,0,Public_Assembly_Entertainment_culture,,,,,,
14,1,Public_Assembly_Entertainment_culture,,,,,,
14,2,Public_Assembly_Entertainment_culture,,,,,,
14,3,Public_Assembly_Entertainment_culture,,,,,,
14,4,Public_Assembly_Entertainment_culture,,,,,,
14,5,Public_Assembly_Entertainment_culture,,,,,,
14,Aggregated,Public_Assembly_Entertainment_culture,,,,,,
14,Centralized,Public_Assembly_Entertainment_culture,,,,,,
15,0,Public_Assembly_Entertainment_culture,,,,,,
15,1,Public_Assembly_Entertainment_culture,,,,,,
15,2,Public_Assembly_Entertainment_culture,,,,,,
15,3,Public_Assembly_Entertainment_culture,,,,,,
15,4,Public_Assembly_Entertainment_culture,,,,,,
15,5,Public_Assembly_Entertainment_culture,,,,,,
15,Aggregated,Public_Assembly_Entertainment_culture,,,,,,
15,Centralized,Public_Assembly_Entertainment_culture,,,,,,
16,0,Public_Assembly_Entertainment_culture,,,,,,
16,1,Public_Assembly_Entertainment_culture,,,,,,
16,2,Public_Assembly_Entertainment_culture,,,,,,
16,3,Public_Assembly_Entertainment_culture,,,,,,
16,4,Public_Assembly_Entertainment_culture,,,,,,
16,5,Public_Assembly_Entertainment_culture,,,,,,
16,Aggregated,Public_Assembly_Entertainment_culture,,,,,,
16,Centralized,Public_Assembly_Entertainment_culture,,,,,,
17,0,Public_Assembly_Entertainment_culture,,,,,,
17,1,Public_Assembly_Entertainment_culture,,,,,,
17,2,Public_Assembly_Entertainment_culture,,,,,,
17,3,Public_Assembly_Entertainment_culture,,,,,,
17,4,Public_Assembly_Entertainment_culture,,,,,,
17,5,Public_Assembly_Entertainment_culture,,,,,,
17,Aggregated,Public_Assembly_Entertainment_culture,,,,,,
17,Centralized,Public_Assembly_Entertainment_culture,,,,,,
18,0,Public_Assembly_Entertainment_culture,,,,,,
18,1,Public_Assembly_Entertainment_culture,,,,,,
18,2,Public_Assembly_Entertainment_culture,,,,,,
18,3,Public_Assembly_Entertainment_culture,,,,,,
18,4,Public_Assembly_Entertainment_culture,,,,,,
18,5,Public_Assembly_Entertainment_culture,,,,,,
18,Aggregated,Public_Assembly_Entertainment_culture,,,,,,
18,Centralized,Public_Assembly_Entertainment_culture,,,,,,
19,0,Public_Assembly_Entertainment_culture,,,,,,
19,1,Public_Assembly_Entertainment_culture,,,,,,
19,2,Public_Assembly_Entertainment_culture,,,,,,
19,3,Public_Assembly_Entertainment_culture,,,,,,
19,4,Public_Assembly_Entertainment_culture,,,,,,
19,5,Public_Assembly_Entertainment_culture,,,,,,
19,Aggregated,Public_Assembly_Entertainment_culture,,,,,,
19,Centralized,Public_Assembly_Entertainment_culture,,,,,,
20,0,Public_Assembly_Entertainment_culture,,,,,,
20,1,Public_Assembly_Entertainment_culture,,,,,,
20,2,Public_Assembly_Entertainment_culture,,,,,,
20,3,Public_Assembly_Entertainment_culture,,,,,,
20,4,Public_Assembly_Entertainment_culture,,,,,,
20,5,Public_Assembly_Entertainment_culture,,,,,,
20,Aggregated,Public_Assembly_Entertainment_culture,,,,,,
20,Centralized,Public_Assembly_Entertainment_culture,,,,,,
21,0,Public_Assembly_Entertainment_culture,,,,,,
21,1,Public_Assembly_Entertainment_culture,,,,,,
21,2,Public_Assembly_Entertainment_culture,,,,,,
21,3,Public_Assembly_Entertainment_culture,,,,,,
21,4,Public_Assembly_Entertainment_culture,,,,,,
21,5,Public_Assembly_Entertainment_culture,,,,,,
21,Aggregated,Public_Assembly_Entertainment_culture,,,,,,
21,Centralized,Public_Assembly_Entertainment_culture,,,,,,
22,0,Public_Assembly_Entertainment_culture,,,,,,
22,1,Public_Assembly_Entertainment_culture,,,,,,
22,2,Public_Assembly_Entertainment_culture,,,,,,
22,3,Public_Assembly_Entertainment_culture,,,,,,
22,4,Public_Assembly_Entertainment_culture,,,,,,
22,5,Public_Assembly_Entertainment_culture,,,,,,
22,Aggregated,Public_Assembly_Entertainment_culture,,,,,,
22,Centralized,Public_Assembly_Entertainment_culture,,,,,,
23,0,Public_Assembly_Entertainment_culture,,,,,,
23,1,Public_Assembly_Entertainment_culture,,,,,,
23,2,Public_Assembly_Entertainment_culture,,,,,,
23,3,Public_Assembly_Entertainment_culture,,,,,,
23,4,Public_Assembly_Entertainment_culture,,,,,,
23,5,Public_Assembly_Entertainment_culture,,,,,,
23,Aggregated,Public_Assembly_Entertainment_culture,,,,,,
23,Centralized,Public_Assembly_Entertainment_culture,,,,,,
24,0,Public_Assembly_Entertainment_culture,,,,,,
24,1,Public_Assembly_Entertainment_culture,,,,,,
24,2,Public_Assembly_Entertainment_culture,,,,,,
24,3,Public_Assembly_Entertainment_culture,,,,,,
24,4,Public_Assembly_Entertainment_culture,,,,,,
24,5,Public_Assembly_Entertainment_culture,,,,,,
24,Aggregated,Public_Assembly_Entertainment_culture,,,,,,
24,Centralized,Public_Assembly_Entertainment_culture,,,,,,
25,0,Public_Assembly_Entertainment_culture,,,,,,
25,1,Public_Assembly_Entertainment_culture,,,,,,
25,2,Public_Assembly_Entertainment_culture,,,,,,
25,3,Public_Assembly_Entertainment_culture,,,,,,
25,4,Public_Assembly_Entertainment_culture,,,,,,
25,5,Public_Assembly_Entertainment_culture,,,,,,
25,Aggregated,Public_Assembly_Entertainment_culture,,,,,,
25,Centralized,Public_Assembly_Entertainment_culture,,,,,,
26,0,Public_Assembly_Entertainment_culture,,,,,,
26,1,Public_Assembly_Entertainment_culture,,,,,,
26,2,Public_Assembly_Entertainment_culture,,,,,,
26,3,Public_Assembly_Entertainment_culture,,,,,,
26,4,Public_Assembly_Entertainment_culture,,,,,,
26,5,Public_Assembly_Entertainment_culture,,,,,,
26,Aggregated,Public_Assembly_Entertainment_culture,,,,,,
26,Centralized,Public_Assembly_Entertainment_culture,,,,,,
27,0,Public_Assembly_Entertainment_culture,,,,,,
27,1,Public_Assembly_Entertainment_culture,,,,,,
27,2,Public_Assembly_Entertainment_culture,,,,,,
27,3,Public_Assembly_Entertainment_culture,,,,,,
27,4,Public_Assembly_Entertainment_culture,,,,,,
27,5,Public_Assembly_Entertainment_culture,,,,,,
27,Aggregated,Public_Assembly_Entertainment_culture,,,,,,
27,Centralized,Public_Assembly_Entertainment_culture,,,,,,
28,0,Public_Assembly_Entertainment_culture,,,,,,
28,1,Public_Assembly_Entertainment_culture,,,,,,
28,2,Public_Assembly_Entertainment_culture,,,,,,
28,3,Public_Assembly_Entertainment_culture,,,,,,
28,4,Public_Assembly_Entertainment_culture,,,,,,
28,5,Public_Assembly_Entertainment_culture,,,,,,
28,Aggregated,Public_Assembly_Entertainment_culture,,,,,,
28,Centralized,Public_Assembly_Entertainment_culture,,,,,,
29,0,Public_Assembly_Entertainment_culture,,,,,,
29,1,Public_Assembly_Entertainment_culture,,,,,,
29,2,Public_Assembly_Entertainment_culture,,,,,,
29,3,Public_Assembly_Entertainment_culture,,,,,,
29,4,Public_Assembly_Entertainment_culture,,,,,,
29,5,Public_Assembly_Entertainment_culture,,,,,,
29,Aggregated,Public_Assembly_Entertainment_culture,,,,,,
29,Centralized,Public_Assembly_Entertainment_culture,,,,,,
30,0,Public_Assembly_Entertainment_culture,,,,,,
30,1,Public_Assembly_Entertainment_culture,,,,,,
30,2,Public_Assembly_Entertainment_culture,,,,,,
30,3,Public_Assembly_Entertainment_culture,,,,,,
30,4,Public_Assembly_Entertainment_culture,,,,,,
30,5,Public_Assembly_Entertainment_culture,,,,,,
30,Aggregated,Public_Assembly_Entertainment_culture,,,,,,
30,Centralized,Public_Assembly_Entertainment_culture,,,,,,
31,0,Public_Assembly_Entertainment_culture,,,,,,
31,1,Public_Assembly_Entertainment_culture,,,,,,
31,2,Public_Assembly_Entertainment_culture,,,,,,
31,3,Public_Assembly_Entertainment_culture,,,,,,
31,4,Public_Assembly_Entertainment_culture,,,,,,
31,5,Public_Assembly_Entertainment_culture,,,,,,
31,Aggregated,Public_Assembly_Entertainment_culture,,,,,,
31,Centralized,Public_Assembly_Entertainment_culture,,,,,,
32,0,Public_Assembly_Entertainment_culture,,,,,,
32,1,Public_Assembly_Entertainment_culture,,,,,,
32,2,Public_Assembly_Entertainment_culture,,,,,,
32,3,Public_Assembly_Entertainment_culture,,,,,,
32,4,Public_Assembly_Entertainment_culture,,,,,,
32,5,Public_Assembly_Entertainment_culture,,,,,,
32,Aggregated,Public_Assembly_Entertainment_culture,,,,,,
32,Centralized,Public_Assembly_Entertainment_culture,,,,,,
33,0,Public_Assembly_Entertainment_culture,,,,,,
33,1,Public_Assembly_Entertainment_culture,,,,,,
33,2,Public_Assembly_Entertainment_culture,,,,,,
33,3,Public_Assembly_Entertainment_culture,,,,,,
33,4,Public_Assembly_Entertainment_culture,,,,,,
33,5,Public_Assembly_Entertainment_culture,,,,,,
33,Aggregated,Public_Assembly_Entertainment_culture,,,,,,
33,Centralized,Public_Assembly_Entertainment_culture,,,,,,
34,0,Public_Assembly_Entertainment_culture,,,,,,
34,1,Public_Assembly_Entertainment_culture,,,,,,
34,2,Public_Assembly_Entertainment_culture,,,,,,
34,3,Public_Assembly_Entertainment_culture,,,,,,
34,4,Public_Assembly_Entertainment_culture,,,,,,
34,5,Public_Assembly_Entertainment_culture,,,,,,
34,Aggregated,Public_Assembly_Entertainment_culture,,,,,,
34,Centralized,Public_Assembly_Entertainment_culture,,,,,,
35,0,Public_Assembly_Entertainment_culture,,,,,,
35,1,Public_Assembly_Entertainment_culture,,,,,,
35,2,Public_Assembly_Entertainment_culture,,,,,,
35,3,Public_Assembly_Entertainment_culture,,,,,,
35,4,Public_Assembly_Entertainment_culture,,,,,,
35,5,Public_Assembly_Entertainment_culture,,,,,,
35,Aggregated,Public_Assembly_Entertainment_culture,,,,,,
35,Centralized,Public_Assembly_Entertainment_culture,,,,,,
36,0,Public_Assembly_Entertainment_culture,,,,,,
36,1,Public_Assembly_Entertainment_culture,,,,,,
36,2,Public_Assembly_Entertainment_culture,,,,,,
36,3,Public_Assembly_Entertainment_culture,,,,,,
36,4,Public_Assembly_Entertainment_culture,,,,,,
36,5,Public_Assembly_Entertainment_culture,,,,,,
36,Aggregated,Public_Assembly_Entertainment_culture,,,,,,
36,Centralized,Public_Assembly_Entertainment_culture,,,,,,
37,0,Public_Assembly_Entertainment_culture,,,,,,
37,1,Public_Assembly_Entertainment_culture,,,,,,
37,2,Public_Assembly_Entertainment_culture,,,,,,
37,3,Public_Assembly_Entertainment_culture,,,,,,
37,4,Public_Assembly_Entertainment_culture,,,,,,
37,5,Public_Assembly_Entertainment_culture,,,,,,
37,Aggregated,Public_Assembly_Entertainment_culture,,,,,,
37,Centralized,Public_Assembly_Entertainment_culture,,,,,,
38,0,Public_Assembly_Entertainment_culture,,,,,,
38,1,Public_Assembly_Entertainment_culture,,,,,,
38,2,Public_Assembly_Entertainment_culture,,,,,,
38,3,Public_Assembly_Entertainment_culture,,,,,,
38,4,Public_Assembly_Entertainment_culture,,,,,,
38,5,Public_Assembly_Entertainment_culture,,,,,,
38,Aggregated,Public_Assembly_Entertainment_culture,,,,,,
38,Centralized,Public_Assembly_Entertainment_culture,,,,,,
39,0,Public_Assembly_Entertainment_culture,,,,,,
39,1,Public_Assembly_Entertainment_culture,,,,,,
39,2,Public_Assembly_Entertainment_culture,,,,,,
39,3,Public_Assembly_Entertainment_culture,,,,,,
39,4,Public_Assembly_Entertainment_culture,,,,,,
39,5,Public_Assembly_Entertainment_culture,,,,,,
39,Aggregated,Public_Assembly_Entertainment_culture,,,,,,
39,Centralized,Public_Assembly_Entertainment_culture,,,,,,
40,0,Public_Assembly_Entertainment_culture,,,,,,
40,1,Public_Assembly_Entertainment_culture,,,,,,
40,2,Public_Assembly_Entertainment_culture,,,,,,
40,3,Public_Assembly_Entertainment_culture,,,,,,
40,4,Public_Assembly_Entertainment_culture,,,,,,
40,5,Public_Assembly_Entertainment_culture,,,,,,
40,Aggregated,Public_Assembly_Entertainment_culture,,,,,,
40,Centralized,Public_Assembly_Entertainment_culture,,,,,,
41,0,Public_Assembly_Entertainment_culture,,,,,,
41,1,Public_Assembly_Entertainment_culture,,,,,,
41,2,Public_Assembly_Entertainment_culture,,,,,,
41,3,Public_Assembly_Entertainment_culture,,,,,,
41,4,Public_Assembly_Entertainment_culture,,,,,,
41,5,Public_Assembly_Entertainment_culture,,,,,,
41,Aggregated,Public_Assembly_Entertainment_culture,,,,,,
41,Centralized,Public_Assembly_Entertainment_culture,,,,,,
42,0,Public_Assembly_Entertainment_culture,,,,,,
42,1,Public_Assembly_Entertainment_culture,,,,,,
42,2,Public_Assembly_Entertainment_culture,,,,,,
42,3,Public_Assembly_Entertainment_culture,,,,,,
42,4,Public_Assembly_Entertainment_culture,,,,,,
42,5,Public_Assembly_Entertainment_culture,,,,,,
42,Aggregated,Public_Assembly_Entertainment_culture,,,,,,
42,Centralized,Public_Assembly_Entertainment_culture,,,,,,
43,0,Public_Assembly_Entertainment_culture,,,,,,
43,1,Public_Assembly_Entertainment_culture,,,,,,
43,2,Public_Assembly_Entertainment_culture,,,,,,
43,3,Public_Assembly_Entertainment_culture,,,,,,
43,4,Public_Assembly_Entertainment_culture,,,,,,
43,5,Public_Assembly_Entertainment_culture,,,,,,
43,Aggregated,Public_Assembly_Entertainment_culture,,,,,,
43,Centralized,Public_Assembly_Entertainment_culture,,,,,,
44,0,Public_Assembly_Entertainment_culture,,,,,,
44,1,Public_Assembly_Entertainment_culture,,,,,,
44,2,Public_Assembly_Entertainment_culture,,,,,,
44,3,Public_Assembly_Entertainment_culture,,,,,,
44,4,Public_Assembly_Entertainment_culture,,,,,,
44,5,Public_Assembly_Entertainment_culture,,,,,,
44,Aggregated,Public_Assembly_Entertainment_culture,,,,,,
44,Centralized,Public_Assembly_Entertainment_culture,,,,,,
45,0,Public_Assembly_Entertainment_culture,,,,,,
45,1,Public_Assembly_Entertainment_culture,,,,,,
45,2,Public_Assembly_Entertainment_culture,,,,,,
45,3,Public_Assembly_Entertainment_culture,,,,,,
45,4,Public_Assembly_Entertainment_culture,,,,,,
45,5,Public_Assembly_Entertainment_culture,,,,,,
45,Aggregated,Public_Assembly_Entertainment_culture,,,,,,
45,Centralized,Public_Assembly_Entertainment_culture,,,,,,
46,0,Public_Assembly_Entertainment_culture,,,,,,
46,1,Public_Assembly_Entertainment_culture,,,,,,
46,2,Public_Assembly_Entertainment_culture,,,,,,
46,3,Public_Assembly_Entertainment_culture,,,,,,
46,4,Public_Assembly_Entertainment_culture,,,,,,
46,5,Public_Assembly_Entertainment_culture,,,,,,
46,Aggregated,Public_Assembly_Entertainment_culture,,,,,,
46,Centralized,Public_Assembly_Entertainment_culture,,,,,,
47,0,Public_Assembly_Entertainment_culture,,,,,,
47,1,Public_Assembly_Entertainment_culture,,,,,,
47,2,Public_Assembly_Entertainment_culture,,,,,,
47,3,Public_Assembly_Entertainment_culture,,,,,,
47,4,Public_Assembly_Entertainment_culture,,,,,,
47,5,Public_Assembly_Entertainment_culture,,,,,,
47,Aggregated,Public_Assembly_Entertainment_culture,,,,,,
47,Centralized,Public_Assembly_Entertainment_culture,,,,,,
48,0,Public_Assembly_Entertainment_culture,,,,,,
48,1,Public_Assembly_Entertainment_culture,,,,,,
48,2,Public_Assembly_Entertainment_culture,,,,,,
48,3,Public_Assembly_Entertainment_culture,,,,,,
48,4,Public_Assembly_Entertainment_culture,,,,,,
48,5,Public_Assembly_Entertainment_culture,,,,,,
48,Aggregated,Public_Assembly_Entertainment_culture,,,,,,
48,Centralized,Public_Assembly_Entertainment_culture,,,,,,
49,0,Public_Assembly_Entertainment_culture,,,,,,
49,1,Public_Assembly_Entertainment_culture,,,,,,
49,2,Public_Assembly_Entertainment_culture,,,,,,
49,3,Public_Assembly_Entertainment_culture,,,,,,
49,4,Public_Assembly_Entertainment_culture,,,,,,
49,5,Public_Assembly_Entertainment_culture,,,,,,
49,Aggregated,Public_Assembly_Entertainment_culture,,,,,,
49,Centralized,Public_Assembly_Entertainment_culture,,,,,,
50,0,Public_Assembly_Entertainment_culture,,,,,,
50,1,Public_Assembly_Entertainment_culture,,,,,,
50,2,Public_Assembly_Entertainment_culture,,,,,,
50,3,Public_Assembly_Entertainment_culture,,,,,,
50,4,Public_Assembly_Entertainment_culture,,,,,,
50,5,Public_Assembly_Entertainment_culture,,,,,,
50,Aggregated,Public_Assembly_Entertainment_culture,,,,,,
50,Centralized,Public_Assembly_Entertainment_culture,,,,,,
0,0,Food_Service_Restaurant_or_cafeteria,,,,,,
0,1,Food_Service_Restaurant_or_cafeteria,,,,,,
0,2,Food_Service_Restaurant_or_cafeteria,,,,,,
0,3,Food_Service_Restaurant_or_cafeteria,,,,,,
0,4,Food_Service_Restaurant_or_cafeteria,,,,,,
0,5,Food_Service_Restaurant_or_cafeteria,,,,,,
0,Aggregated,Food_Service_Restaurant_or_cafeteria,,,,,,
0,Centralized,Food_Service_Restaurant_or_cafeteria,,,,,,
1,0,Food_Service_Restaurant_or_cafeteria,,,,,,
1,1,Food_Service_Restaurant_or_cafeteria,,,,,,
1,2,Food_Service_Restaurant_or_cafeteria,,,,,,
1,3,Food_Service_Restaurant_or_cafeteria,,,,,,
1,4,Food_Service_Restaurant_or_cafeteria,,,,,,
1,5,Food_Service_Restaurant_or_cafeteria,,,,,,
1,Aggregated,Food_Service_Restaurant_or_cafeteria,,,,,,
1,Centralized,Food_Service_Restaurant_or_cafeteria,,,,,,
2,0,Food_Service_Restaurant_or_cafeteria,,,,,,
2,1,Food_Service_Restaurant_or_cafeteria,,,,,,
2,2,Food_Service_Restaurant_or_cafeteria,,,,,,
2,3,Food_Service_Restaurant_or_cafeteria,,,,,,
2,4,Food_Service_Restaurant_or_cafeteria,,,,,,
2,5,Food_Service_Restaurant_or_cafeteria,,,,,,
2,Aggregated,Food_Service_Restaurant_or_cafeteria,,,,,,
2,Centralized,Food_Service_Restaurant_or_cafeteria,,,,,,
3,0,Food_Service_Restaurant_or_cafeteria,,,,,,
3,1,Food_Service_Restaurant_or_cafeteria,,,,,,
3,2,Food_Service_Restaurant_or_cafeteria,,,,,,
3,3,Food_Service_Restaurant_or_cafeteria,,,,,,
3,4,Food_Service_Restaurant_or_cafeteria,,,,,,
3,5,Food_Service_Restaurant_or_cafeteria,,,,,,
3,Aggregated,Food_Service_Restaurant_or_cafeteria,,,,,,
3,Centralized,Food_Service_Restaurant_or_cafeteria,,,,,,
4,0,Food_Service_Restaurant_or_cafeteria,,,,,,
4,1,Food_Service_Restaurant_or_cafeteria,,,,,,
4,2,Food_Service_Restaurant_or_cafeteria,,,,,,
4,3,Food_Service_Restaurant_or_cafeteria,,,,,,
4,4,Food_Service_Restaurant_or_cafeteria,,,,,,
4,5,Food_Service_Restaurant_or_cafeteria,,,,,,
4,Aggregated,Food_Service_Restaurant_or_cafeteria,,,,,,
4,Centralized,Food_Service_Restaurant_or_cafeteria,,,,,,
5,0,Food_Service_Restaurant_or_cafeteria,,,,,,
5,1,Food_Service_Restaurant_or_cafeteria,,,,,,
5,2,Food_Service_Restaurant_or_cafeteria,,,,,,
5,3,Food_Service_Restaurant_or_cafeteria,,,,,,
5,4,Food_Service_Restaurant_or_cafeteria,,,,,,
5,5,Food_Service_Restaurant_or_cafeteria,,,,,,
5,Aggregated,Food_Service_Restaurant_or_cafeteria,,,,,,
5,Centralized,Food_Service_Restaurant_or_cafeteria,,,,,,
6,0,Food_Service_Restaurant_or_cafeteria,,,,,,
6,1,Food_Service_Restaurant_or_cafeteria,,,,,,
6,2,Food_Service_Restaurant_or_cafeteria,,,,,,
6,3,Food_Service_Restaurant_or_cafeteria,,,,,,
6,4,Food_Service_Restaurant_or_cafeteria,,,,,,
6,5,Food_Service_Restaurant_or_cafeteria,,,,,,
6,Aggregated,Food_Service_Restaurant_or_cafeteria,,,,,,
6,Centralized,Food_Service_Restaurant_or_cafeteria,,,,,,
7,0,Food_Service_Restaurant_or_cafeteria,,,,,,
7,1,Food_Service_Restaurant_or_cafeteria,,,,,,
7,2,Food_Service_Restaurant_or_cafeteria,,,,,,
7,3,Food_Service_Restaurant_or_cafeteria,,,,,,
7,4,Food_Service_Restaurant_or_cafeteria,,,,,,
7,5,Food_Service_Restaurant_or_cafeteria,,,,,,
7,Aggregated,Food_Service_Restaurant_or_cafeteria,,,,,,
7,Centralized,Food_Service_Restaurant_or_cafeteria,,,,,,
8,0,Food_Service_Restaurant_or_cafeteria,,,,,,
8,1,Food_Service_Restaurant_or_cafeteria,,,,,,
8,2,Food_Service_Restaurant_or_cafeteria,,,,,,
8,3,Food_Service_Restaurant_or_cafeteria,,,,,,
8,4,Food_Service_Restaurant_or_cafeteria,,,,,,
8,5,Food_Service_Restaurant_or_cafeteria,,,,,,
8,Aggregated,Food_Service_Restaurant_or_cafeteria,,,,,,
8,Centralized,Food_Service_Restaurant_or_cafeteria,,,,,,
9,0,Food_Service_Restaurant_or_cafeteria,,,,,,
9,1,Food_Service_Restaurant_or_cafeteria,,,,,,
9,2,Food_Service_Restaurant_or_cafeteria,,,,,,
9,3,Food_Service_Restaurant_or_cafeteria,,,,,,
9,4,Food_Service_Restaurant_or_cafeteria,,,,,,
9,5,Food_Service_Restaurant_or_cafeteria,,,,,,
9,Aggregated,Food_Service_Restaurant_or_cafeteria,,,,,,
9,Centralized,Food_Service_Restaurant_or_cafeteria,,,,,,
10,0,Food_Service_Restaurant_or_cafeteria,,,,,,
10,1,Food_Service_Restaurant_or_cafeteria,,,,,,
10,2,Food_Service_Restaurant_or_cafeteria,,,,,,
10,3,Food_Service_Restaurant_or_cafeteria,,,,,,
10,4,Food_Service_Restaurant_or_cafeteria,,,,,,
10,5,Food_Service_Restaurant_or_cafeteria,,,,,,
10,Aggregated,Food_Service_Restaurant_or_cafeteria,,,,,,
10,Centralized,Food_Service_Restaurant_or_cafeteria,,,,,,
11,0,Food_Service_Restaurant_or_cafeteria,,,,,,
11,1,Food_Service_Restaurant_or_cafeteria,,,,,,
11,2,Food_Service_Restaurant_or_cafeteria,,,,,,
11,3,Food_Service_Restaurant_or_cafeteria,,,,,,
11,4,Food_Service_Restaurant_or_cafeteria,,,,,,
11,5,Food_Service_Restaurant_or_cafeteria,,,,,,
11,Aggregated,Food_Service_Restaurant_or_cafeteria,,,,,,
11,Centralized,Food_Service_Restaurant_or_cafeteria,,,,,,
12,0,Food_Service_Restaurant_or_cafeteria,,,,,,
12,1,Food_Service_Restaurant_or_cafeteria,,,,,,
12,2,Food_Service_Restaurant_or_cafeteria,,,,,,
12,3,Food_Service_Restaurant_or_cafeteria,,,,,,
12,4,Food_Service_Restaurant_or_cafeteria,,,,,,
12,5,Food_Service_Restaurant_or_cafeteria,,,,,,
12,Aggregated,Food_Service_Restaurant_or_cafeteria,,,,,,
12,Centralized,Food_Service_Restaurant_or_cafeteria,,,,,,
13,0,Food_Service_Restaurant_or_cafeteria,,,,,,
13,1,Food_Service_Restaurant_or_cafeteria,,,,,,
13,2,Food_Service_Restaurant_or_cafeteria,,,,,,
13,3,Food_Service_Restaurant_or_cafeteria,,,,,,
13,4,Food_Service_Restaurant_or_cafeteria,,,,,,
13,5,Food_Service_Restaurant_or_cafeteria,,,,,,
13,Aggregated,Food_Service_Restaurant_or_cafeteria,,,,,,
13,Centralized,Food_Service_Restaurant_or_cafeteria,,,,,,
14,0,Food_Service_Restaurant_or_cafeteria,,,,,,
14,1,Food_Service_Restaurant_or_cafeteria,,,,,,
14,2,Food_Service_Restaurant_or_cafeteria,,,,,,
14,3,Food_Service_Restaurant_or_cafeteria,,,,,,
14,4,Food_Service_Restaurant_or_cafeteria,,,,,,
14,5,Food_Service_Restaurant_or_cafeteria,,,,,,
14,Aggregated,Food_Service_Restaurant_or_cafeteria,,,,,,
14,Centralized,Food_Service_Restaurant_or_cafeteria,,,,,,
15,0,Food_Service_Restaurant_or_cafeteria,,,,,,
15,1,Food_Service_Restaurant_or_cafeteria,,,,,,
15,2,Food_Service_Restaurant_or_cafeteria,,,,,,
15,3,Food_Service_Restaurant_or_cafeteria,,,,,,
15,4,Food_Service_Restaurant_or_cafeteria,,,,,,
15,5,Food_Service_Restaurant_or_cafeteria,,,,,,
15,Aggregated,Food_Service_Restaurant_or_cafeteria,,,,,,
15,Centralized,Food_Service_Restaurant_or_cafeteria,,,,,,
16,0,Food_Service_Restaurant_or_cafeteria,,,,,,
16,1,Food_Service_Restaurant_or_cafeteria,,,,,,
16,2,Food_Service_Restaurant_or_cafeteria,,,,,,
16,3,Food_Service_Restaurant_or_cafeteria,,,,,,
16,4,Food_Service_Restaurant_or_cafeteria,,,,,,
16,5,Food_Service_Restaurant_or_cafeteria,,,,,,
16,Aggregated,Food_Service_Restaurant_or_cafeteria,,,,,,
16,Centralized,Food_Service_Restaurant_or_cafeteria,,,,,,
17,0,Food_Service_Restaurant_or_cafeteria,,,,,,
17,1,Food_Service_Restaurant_or_cafeteria,,,,,,
17,2,Food_Service_Restaurant_or_cafeteria,,,,,,
17,3,Food_Service_Restaurant_or_cafeteria,,,,,,
17,4,Food_Service_Restaurant_or_cafeteria,,,,,,
17,5,Food_Service_Restaurant_or_cafeteria,,,,,,
17,Aggregated,Food_Service_Restaurant_or_cafeteria,,,,,,
17,Centralized,Food_Service_Restaurant_or_cafeteria,,,,,,
18,0,Food_Service_Restaurant_or_cafeteria,,,,,,
18,1,Food_Service_Restaurant_or_cafeteria,,,,,,
18,2,Food_Service_Restaurant_or_cafeteria,,,,,,
18,3,Food_Service_Restaurant_or_cafeteria,,,,,,
18,4,Food_Service_Restaurant_or_cafeteria,,,,,,
18,5,Food_Service_Restaurant_or_cafeteria,,,,,,
18,Aggregated,Food_Service_Restaurant_or_cafeteria,,,,,,
18,Centralized,Food_Service_Restaurant_or_cafeteria,,,,,,
19,0,Food_Service_Restaurant_or_cafeteria,,,,,,
19,1,Food_Service_Restaurant_or_cafeteria,,,,,,
19,2,Food_Service_Restaurant_or_cafeteria,,,,,,
19,3,Food_Service_Restaurant_or_cafeteria,,,,,,
19,4,Food_Service_Restaurant_or_cafeteria,,,,,,
19,5,Food_Service_Restaurant_or_cafeteria,,,,,,
19,Aggregated,Food_Service_Restaurant_or_cafeteria,,,,,,
19,Centralized,Food_Service_Restaurant_or_cafeteria,,,,,,
20,0,Food_Service_Restaurant_or_cafeteria,,,,,,
20,1,Food_Service_Restaurant_or_cafeteria,,,,,,
20,2,Food_Service_Restaurant_or_cafeteria,,,,,,
20,3,Food_Service_Restaurant_or_cafeteria,,,,,,
20,4,Food_Service_Restaurant_or_cafeteria,,,,,,
20,5,Food_Service_Restaurant_or_cafeteria,,,,,,
20,Aggregated,Food_Service_Restaurant_or_cafeteria,,,,,,
20,Centralized,Food_Service_Restaurant_or_cafeteria,,,,,,
21,0,Food_Service_Restaurant_or_cafeteria,,,,,,
21,1,Food_Service_Restaurant_or_cafeteria,,,,,,
21,2,Food_Service_Restaurant_or_cafeteria,,,,,,
21,3,Food_Service_Restaurant_or_cafeteria,,,,,,
21,4,Food_Service_Restaurant_or_cafeteria,,,,,,
21,5,Food_Service_Restaurant_or_cafeteria,,,,,,
21,Aggregated,Food_Service_Restaurant_or_cafeteria,,,,,,
21,Centralized,Food_Service_Restaurant_or_cafeteria,,,,,,
22,0,Food_Service_Restaurant_or_cafeteria,,,,,,
22,1,Food_Service_Restaurant_or_cafeteria,,,,,,
22,2,Food_Service_Restaurant_or_cafeteria,,,,,,
22,3,Food_Service_Restaurant_or_cafeteria,,,,,,
22,4,Food_Service_Restaurant_or_cafeteria,,,,,,
22,5,Food_Service_Restaurant_or_cafeteria,,,,,,
22,Aggregated,Food_Service_Restaurant_or_cafeteria,,,,,,
22,Centralized,Food_Service_Restaurant_or_cafeteria,,,,,,
23,0,Food_Service_Restaurant_or_cafeteria,,,,,,
23,1,Food_Service_Restaurant_or_cafeteria,,,,,,
23,2,Food_Service_Restaurant_or_cafeteria,,,,,,
23,3,Food_Service_Restaurant_or_cafeteria,,,,,,
23,4,Food_Service_Restaurant_or_cafeteria,,,,,,
23,5,Food_Service_Restaurant_or_cafeteria,,,,,,
23,Aggregated,Food_Service_Restaurant_or_cafeteria,,,,,,
23,Centralized,Food_Service_Restaurant_or_cafeteria,,,,,,
24,0,Food_Service_Restaurant_or_cafeteria,,,,,,
24,1,Food_Service_Restaurant_or_cafeteria,,,,,,
24,2,Food_Service_Restaurant_or_cafeteria,,,,,,
24,3,Food_Service_Restaurant_or_cafeteria,,,,,,
24,4,Food_Service_Restaurant_or_cafeteria,,,,,,
24,5,Food_Service_Restaurant_or_cafeteria,,,,,,
24,Aggregated,Food_Service_Restaurant_or_cafeteria,,,,,,
24,Centralized,Food_Service_Restaurant_or_cafeteria,,,,,,
25,0,Food_Service_Restaurant_or_cafeteria,,,,,,
25,1,Food_Service_Restaurant_or_cafeteria,,,,,,
25,2,Food_Service_Restaurant_or_cafeteria,,,,,,
25,3,Food_Service_Restaurant_or_cafeteria,,,,,,
25,4,Food_Service_Restaurant_or_cafeteria,,,,,,
25,5,Food_Service_Restaurant_or_cafeteria,,,,,,
25,Aggregated,Food_Service_Restaurant_or_cafeteria,,,,,,
25,Centralized,Food_Service_Restaurant_or_cafeteria,,,,,,
26,0,Food_Service_Restaurant_or_cafeteria,,,,,,
26,1,Food_Service_Restaurant_or_cafeteria,,,,,,
26,2,Food_Service_Restaurant_or_cafeteria,,,,,,
26,3,Food_Service_Restaurant_or_cafeteria,,,,,,
26,4,Food_Service_Restaurant_or_cafeteria,,,,,,
26,5,Food_Service_Restaurant_or_cafeteria,,,,,,
26,Aggregated,Food_Service_Restaurant_or_cafeteria,,,,,,
26,Centralized,Food_Service_Restaurant_or_cafeteria,,,,,,
27,0,Food_Service_Restaurant_or_cafeteria,,,,,,
27,1,Food_Service_Restaurant_or_cafeteria,,,,,,
27,2,Food_Service_Restaurant_or_cafeteria,,,,,,
27,3,Food_Service_Restaurant_or_cafeteria,,,,,,
27,4,Food_Service_Restaurant_or_cafeteria,,,,,,
27,5,Food_Service_Restaurant_or_cafeteria,,,,,,
27,Aggregated,Food_Service_Restaurant_or_cafeteria,,,,,,
27,Centralized,Food_Service_Restaurant_or_cafeteria,,,,,,
28,0,Food_Service_Restaurant_or_cafeteria,,,,,,
28,1,Food_Service_Restaurant_or_cafeteria,,,,,,
28,2,Food_Service_Restaurant_or_cafeteria,,,,,,
28,3,Food_Service_Restaurant_or_cafeteria,,,,,,
28,4,Food_Service_Restaurant_or_cafeteria,,,,,,
28,5,Food_Service_Restaurant_or_cafeteria,,,,,,
28,Aggregated,Food_Service_Restaurant_or_cafeteria,,,,,,
28,Centralized,Food_Service_Restaurant_or_cafeteria,,,,,,
29,0,Food_Service_Restaurant_or_cafeteria,,,,,,
29,1,Food_Service_Restaurant_or_cafeteria,,,,,,
29,2,Food_Service_Restaurant_or_cafeteria,,,,,,
29,3,Food_Service_Restaurant_or_cafeteria,,,,,,
29,4,Food_Service_Restaurant_or_cafeteria,,,,,,
29,5,Food_Service_Restaurant_or_cafeteria,,,,,,
29,Aggregated,Food_Service_Restaurant_or_cafeteria,,,,,,
29,Centralized,Food_Service_Restaurant_or_cafeteria,,,,,,
30,0,Food_Service_Restaurant_or_cafeteria,,,,,,
30,1,Food_Service_Restaurant_or_cafeteria,,,,,,
30,2,Food_Service_Restaurant_or_cafeteria,,,,,,
30,3,Food_Service_Restaurant_or_cafeteria,,,,,,
30,4,Food_Service_Restaurant_or_cafeteria,,,,,,
30,5,Food_Service_Restaurant_or_cafeteria,,,,,,
30,Aggregated,Food_Service_Restaurant_or_cafeteria,,,,,,
30,Centralized,Food_Service_Restaurant_or_cafeteria,,,,,,
31,0,Food_Service_Restaurant_or_cafeteria,,,,,,
31,1,Food_Service_Restaurant_or_cafeteria,,,,,,
31,2,Food_Service_Restaurant_or_cafeteria,,,,,,
31,3,Food_Service_Restaurant_or_cafeteria,,,,,,
31,4,Food_Service_Restaurant_or_cafeteria,,,,,,
31,5,Food_Service_Restaurant_or_cafeteria,,,,,,
31,Aggregated,Food_Service_Restaurant_or_cafeteria,,,,,,
31,Centralized,Food_Service_Restaurant_or_cafeteria,,,,,,
32,0,Food_Service_Restaurant_or_cafeteria,,,,,,
32,1,Food_Service_Restaurant_or_cafeteria,,,,,,
32,2,Food_Service_Restaurant_or_cafeteria,,,,,,
32,3,Food_Service_Restaurant_or_cafeteria,,,,,,
32,4,Food_Service_Restaurant_or_cafeteria,,,,,,
32,5,Food_Service_Restaurant_or_cafeteria,,,,,,
32,Aggregated,Food_Service_Restaurant_or_cafeteria,,,,,,
32,Centralized,Food_Service_Restaurant_or_cafeteria,,,,,,
33,0,Food_Service_Restaurant_or_cafeteria,,,,,,
33,1,Food_Service_Restaurant_or_cafeteria,,,,,,
33,2,Food_Service_Restaurant_or_cafeteria,,,,,,
33,3,Food_Service_Restaurant_or_cafeteria,,,,,,
33,4,Food_Service_Restaurant_or_cafeteria,,,,,,
33,5,Food_Service_Restaurant_or_cafeteria,,,,,,
33,Aggregated,Food_Service_Restaurant_or_cafeteria,,,,,,
33,Centralized,Food_Service_Restaurant_or_cafeteria,,,,,,
34,0,Food_Service_Restaurant_or_cafeteria,,,,,,
34,1,Food_Service_Restaurant_or_cafeteria,,,,,,
34,2,Food_Service_Restaurant_or_cafeteria,,,,,,
34,3,Food_Service_Restaurant_or_cafeteria,,,,,,
34,4,Food_Service_Restaurant_or_cafeteria,,,,,,
34,5,Food_Service_Restaurant_or_cafeteria,,,,,,
34,Aggregated,Food_Service_Restaurant_or_cafeteria,,,,,,
34,Centralized,Food_Service_Restaurant_or_cafeteria,,,,,,
35,0,Food_Service_Restaurant_or_cafeteria,,,,,,
35,1,Food_Service_Restaurant_or_cafeteria,,,,,,
35,2,Food_Service_Restaurant_or_cafeteria,,,,,,
35,3,Food_Service_Restaurant_or_cafeteria,,,,,,
35,4,Food_Service_Restaurant_or_cafeteria,,,,,,
35,5,Food_Service_Restaurant_or_cafeteria,,,,,,
35,Aggregated,Food_Service_Restaurant_or_cafeteria,,,,,,
35,Centralized,Food_Service_Restaurant_or_cafeteria,,,,,,
36,0,Food_Service_Restaurant_or_cafeteria,,,,,,
36,1,Food_Service_Restaurant_or_cafeteria,,,,,,
36,2,Food_Service_Restaurant_or_cafeteria,,,,,,
36,3,Food_Service_Restaurant_or_cafeteria,,,,,,
36,4,Food_Service_Restaurant_or_cafeteria,,,,,,
36,5,Food_Service_Restaurant_or_cafeteria,,,,,,
36,Aggregated,Food_Service_Restaurant_or_cafeteria,,,,,,
36,Centralized,Food_Service_Restaurant_or_cafeteria,,,,,,
37,0,Food_Service_Restaurant_or_cafeteria,,,,,,
37,1,Food_Service_Restaurant_or_cafeteria,,,,,,
37,2,Food_Service_Restaurant_or_cafeteria,,,,,,
37,3,Food_Service_Restaurant_or_cafeteria,,,,,,
37,4,Food_Service_Restaurant_or_cafeteria,,,,,,
37,5,Food_Service_Restaurant_or_cafeteria,,,,,,
37,Aggregated,Food_Service_Restaurant_or_cafeteria,,,,,,
37,Centralized,Food_Service_Restaurant_or_cafeteria,,,,,,
38,0,Food_Service_Restaurant_or_cafeteria,,,,,,
38,1,Food_Service_Restaurant_or_cafeteria,,,,,,
38,2,Food_Service_Restaurant_or_cafeteria,,,,,,
38,3,Food_Service_Restaurant_or_cafeteria,,,,,,
38,4,Food_Service_Restaurant_or_cafeteria,,,,,,
38,5,Food_Service_Restaurant_or_cafeteria,,,,,,
38,Aggregated,Food_Service_Restaurant_or_cafeteria,,,,,,
38,Centralized,Food_Service_Restaurant_or_cafeteria,,,,,,
39,0,Food_Service_Restaurant_or_cafeteria,,,,,,
39,1,Food_Service_Restaurant_or_cafeteria,,,,,,
39,2,Food_Service_Restaurant_or_cafeteria,,,,,,
39,3,Food_Service_Restaurant_or_cafeteria,,,,,,
39,4,Food_Service_Restaurant_or_cafeteria,,,,,,
39,5,Food_Service_Restaurant_or_cafeteria,,,,,,
39,Aggregated,Food_Service_Restaurant_or_cafeteria,,,,,,
39,Centralized,Food_Service_Restaurant_or_cafeteria,,,,,,
40,0,Food_Service_Restaurant_or_cafeteria,,,,,,
40,1,Food_Service_Restaurant_or_cafeteria,,,,,,
40,2,Food_Service_Restaurant_or_cafeteria,,,,,,
40,3,Food_Service_Restaurant_or_cafeteria,,,,,,
40,4,Food_Service_Restaurant_or_cafeteria,,,,,,
40,5,Food_Service_Restaurant_or_cafeteria,,,,,,
40,Aggregated,Food_Service_Restaurant_or_cafeteria,,,,,,
40,Centralized,Food_Service_Restaurant_or_cafeteria,,,,,,
41,0,Food_Service_Restaurant_or_cafeteria,,,,,,
41,1,Food_Service_Restaurant_or_cafeteria,,,,,,
41,2,Food_Service_Restaurant_or_cafeteria,,,,,,
41,3,Food_Service_Restaurant_or_cafeteria,,,,,,
41,4,Food_Service_Restaurant_or_cafeteria,,,,,,
41,5,Food_Service_Restaurant_or_cafeteria,,,,,,
41,Aggregated,Food_Service_Restaurant_or_cafeteria,,,,,,
41,Centralized,Food_Service_Restaurant_or_cafeteria,,,,,,
42,0,Food_Service_Restaurant_or_cafeteria,,,,,,
42,1,Food_Service_Restaurant_or_cafeteria,,,,,,
42,2,Food_Service_Restaurant_or_cafeteria,,,,,,
42,3,Food_Service_Restaurant_or_cafeteria,,,,,,
42,4,Food_Service_Restaurant_or_cafeteria,,,,,,
42,5,Food_Service_Restaurant_or_cafeteria,,,,,,
42,Aggregated,Food_Service_Restaurant_or_cafeteria,,,,,,
42,Centralized,Food_Service_Restaurant_or_cafeteria,,,,,,
43,0,Food_Service_Restaurant_or_cafeteria,,,,,,
43,1,Food_Service_Restaurant_or_cafeteria,,,,,,
43,2,Food_Service_Restaurant_or_cafeteria,,,,,,
43,3,Food_Service_Restaurant_or_cafeteria,,,,,,
43,4,Food_Service_Restaurant_or_cafeteria,,,,,,
43,5,Food_Service_Restaurant_or_cafeteria,,,,,,
43,Aggregated,Food_Service_Restaurant_or_cafeteria,,,,,,
43,Centralized,Food_Service_Restaurant_or_cafeteria,,,,,,
44,0,Food_Service_Restaurant_or_cafeteria,,,,,,
44,1,Food_Service_Restaurant_or_cafeteria,,,,,,
44,2,Food_Service_Restaurant_or_cafeteria,,,,,,
44,3,Food_Service_Restaurant_or_cafeteria,,,,,,
44,4,Food_Service_Restaurant_or_cafeteria,,,,,,
44,5,Food_Service_Restaurant_or_cafeteria,,,,,,
44,Aggregated,Food_Service_Restaurant_or_cafeteria,,,,,,
44,Centralized,Food_Service_Restaurant_or_cafeteria,,,,,,
45,0,Food_Service_Restaurant_or_cafeteria,,,,,,
45,1,Food_Service_Restaurant_or_cafeteria,,,,,,
45,2,Food_Service_Restaurant_or_cafeteria,,,,,,
45,3,Food_Service_Restaurant_or_cafeteria,,,,,,
45,4,Food_Service_Restaurant_or_cafeteria,,,,,,
45,5,Food_Service_Restaurant_or_cafeteria,,,,,,
45,Aggregated,Food_Service_Restaurant_or_cafeteria,,,,,,
45,Centralized,Food_Service_Restaurant_or_cafeteria,,,,,,
46,0,Food_Service_Restaurant_or_cafeteria,,,,,,
46,1,Food_Service_Restaurant_or_cafeteria,,,,,,
46,2,Food_Service_Restaurant_or_cafeteria,,,,,,
46,3,Food_Service_Restaurant_or_cafeteria,,,,,,
46,4,Food_Service_Restaurant_or_cafeteria,,,,,,
46,5,Food_Service_Restaurant_or_cafeteria,,,,,,
46,Aggregated,Food_Service_Restaurant_or_cafeteria,,,,,,
46,Centralized,Food_Service_Restaurant_or_cafeteria,,,,,,
47,0,Food_Service_Restaurant_or_cafeteria,,,,,,
47,1,Food_Service_Restaurant_or_cafeteria,,,,,,
47,2,Food_Service_Restaurant_or_cafeteria,,,,,,
47,3,Food_Service_Restaurant_or_cafeteria,,,,,,
47,4,Food_Service_Restaurant_or_cafeteria,,,,,,
47,5,Food_Service_Restaurant_or_cafeteria,,,,,,
47,Aggregated,Food_Service_Restaurant_or_cafeteria,,,,,,
47,Centralized,Food_Service_Restaurant_or_cafeteria,,,,,,
48,0,Food_Service_Restaurant_or_cafeteria,,,,,,
48,1,Food_Service_Restaurant_or_cafeteria,,,,,,
48,2,Food_Service_Restaurant_or_cafeteria,,,,,,
48,3,Food_Service_Restaurant_or_cafeteria,,,,,,
48,4,Food_Service_Restaurant_or_cafeteria,,,,,,
48,5,Food_Service_Restaurant_or_cafeteria,,,,,,
48,Aggregated,Food_Service_Restaurant_or_cafeteria,,,,,,
48,Centralized,Food_Service_Restaurant_or_cafeteria,,,,,,
49,0,Food_Service_Restaurant_or_cafeteria,,,,,,
49,1,Food_Service_Restaurant_or_cafeteria,,,,,,
49,2,Food_Service_Restaurant_or_cafeteria,,,,,,
49,3,Food_Service_Restaurant_or_cafeteria,,,,,,
49,4,Food_Service_Restaurant_or_cafeteria,,,,,,
49,5,Food_Service_Restaurant_or_cafeteria,,,,,,
49,Aggregated,Food_Service_Restaurant_or_cafeteria,,,,,,
49,Centralized,Food_Service_Restaurant_or_cafeteria,,,,,,
50,0,Food_Service_Restaurant_or_cafeteria,,,,,,
50,1,Food_Service_Restaurant_or_cafeteria,,,,,,
50,2,Food_Service_Restaurant_or_cafeteria,,,,,,
50,3,Food_Service_Restaurant_or_cafeteria,,,,,,
50,4,Food_Service_Restaurant_or_cafeteria,,,,,,
50,5,Food_Service_Restaurant_or_cafeteria,,,,,,
50,Aggregated,Food_Service_Restaurant_or_cafeteria,,,,,,
50,Centralized,Food_Service_Restaurant_or_cafeteria,,,,,,
0,0,Warehouse_Refrigerated,,,,,,
0,1,Warehouse_Refrigerated,,,,,,
0,2,Warehouse_Refrigerated,,,,,,
0,3,Warehouse_Refrigerated,,,,,,
0,4,Warehouse_Refrigerated,,,,,,
0,5,Warehouse_Refrigerated,,,,,,
0,Aggregated,Warehouse_Refrigerated,,,,,,
0,Centralized,Warehouse_Refrigerated,,,,,,
1,0,Warehouse_Refrigerated,,,,,,
1,1,Warehouse_Refrigerated,,,,,,
1,2,Warehouse_Refrigerated,,,,,,
1,3,Warehouse_Refrigerated,,,,,,
1,4,Warehouse_Refrigerated,,,,,,
1,5,Warehouse_Refrigerated,,,,,,
1,Aggregated,Warehouse_Refrigerated,,,,,,
1,Centralized,Warehouse_Refrigerated,,,,,,
2,0,Warehouse_Refrigerated,,,,,,
2,1,Warehouse_Refrigerated,,,,,,
2,2,Warehouse_Refrigerated,,,,,,
2,3,Warehouse_Refrigerated,,,,,,
2,4,Warehouse_Refrigerated,,,,,,
2,5,Warehouse_Refrigerated,,,,,,
2,Aggregated,Warehouse_Refrigerated,,,,,,
2,Centralized,Warehouse_Refrigerated,,,,,,
3,0,Warehouse_Refrigerated,,,,,,
3,1,Warehouse_Refrigerated,,,,,,
3,2,Warehouse_Refrigerated,,,,,,
3,3,Warehouse_Refrigerated,,,,,,
3,4,Warehouse_Refrigerated,,,,,,
3,5,Warehouse_Refrigerated,,,,,,
3,Aggregated,Warehouse_Refrigerated,,,,,,
3,Centralized,Warehouse_Refrigerated,,,,,,
4,0,Warehouse_Refrigerated,,,,,,
4,1,Warehouse_Refrigerated,,,,,,
4,2,Warehouse_Refrigerated,,,,,,
4,3,Warehouse_Refrigerated,,,,,,
4,4,Warehouse_Refrigerated,,,,,,
4,5,Warehouse_Refrigerated,,,,,,
4,Aggregated,Warehouse_Refrigerated,,,,,,
4,Centralized,Warehouse_Refrigerated,,,,,,
5,0,Warehouse_Refrigerated,,,,,,
5,1,Warehouse_Refrigerated,,,,,,
5,2,Warehouse_Refrigerated,,,,,,
5,3,Warehouse_Refrigerated,,,,,,
5,4,Warehouse_Refrigerated,,,,,,
5,5,Warehouse_Refrigerated,,,,,,
5,Aggregated,Warehouse_Refrigerated,,,,,,
5,Centralized,Warehouse_Refrigerated,,,,,,
6,0,Warehouse_Refrigerated,,,,,,
6,1,Warehouse_Refrigerated,,,,,,
6,2,Warehouse_Refrigerated,,,,,,
6,3,Warehouse_Refrigerated,,,,,,
6,4,Warehouse_Refrigerated,,,,,,
6,5,Warehouse_Refrigerated,,,,,,
6,Aggregated,Warehouse_Refrigerated,,,,,,
6,Centralized,Warehouse_Refrigerated,,,,,,
7,0,Warehouse_Refrigerated,,,,,,
7,1,Warehouse_Refrigerated,,,,,,
7,2,Warehouse_Refrigerated,,,,,,
7,3,Warehouse_Refrigerated,,,,,,
7,4,Warehouse_Refrigerated,,,,,,
7,5,Warehouse_Refrigerated,,,,,,
7,Aggregated,Warehouse_Refrigerated,,,,,,
7,Centralized,Warehouse_Refrigerated,,,,,,
8,0,Warehouse_Refrigerated,,,,,,
8,1,Warehouse_Refrigerated,,,,,,
8,2,Warehouse_Refrigerated,,,,,,
8,3,Warehouse_Refrigerated,,,,,,
8,4,Warehouse_Refrigerated,,,,,,
8,5,Warehouse_Refrigerated,,,,,,
8,Aggregated,Warehouse_Refrigerated,,,,,,
8,Centralized,Warehouse_Refrigerated,,,,,,
9,0,Warehouse_Refrigerated,,,,,,
9,1,Warehouse_Refrigerated,,,,,,
9,2,Warehouse_Refrigerated,,,,,,
9,3,Warehouse_Refrigerated,,,,,,
9,4,Warehouse_Refrigerated,,,,,,
9,5,Warehouse_Refrigerated,,,,,,
9,Aggregated,Warehouse_Refrigerated,,,,,,
9,Centralized,Warehouse_Refrigerated,,,,,,
10,0,Warehouse_Refrigerated,,,,,,
10,1,Warehouse_Refrigerated,,,,,,
10,2,Warehouse_Refrigerated,,,,,,
10,3,Warehouse_Refrigerated,,,,,,
10,4,Warehouse_Refrigerated,,,,,,
10,5,Warehouse_Refrigerated,,,,,,
10,Aggregated,Warehouse_Refrigerated,,,,,,
10,Centralized,Warehouse_Refrigerated,,,,,,
11,0,Warehouse_Refrigerated,,,,,,
11,1,Warehouse_Refrigerated,,,,,,
11,2,Warehouse_Refrigerated,,,,,,
11,3,Warehouse_Refrigerated,,,,,,
11,4,Warehouse_Refrigerated,,,,,,
11,5,Warehouse_Refrigerated,,,,,,
11,Aggregated,Warehouse_Refrigerated,,,,,,
11,Centralized,Warehouse_Refrigerated,,,,,,
12,0,Warehouse_Refrigerated,,,,,,
12,1,Warehouse_Refrigerated,,,,,,
12,2,Warehouse_Refrigerated,,,,,,
12,3,Warehouse_Refrigerated,,,,,,
12,4,Warehouse_Refrigerated,,,,,,
12,5,Warehouse_Refrigerated,,,,,,
12,Aggregated,Warehouse_Refrigerated,,,,,,
12,Centralized,Warehouse_Refrigerated,,,,,,
13,0,Warehouse_Refrigerated,,,,,,
13,1,Warehouse_Refrigerated,,,,,,
13,2,Warehouse_Refrigerated,,,,,,
13,3,Warehouse_Refrigerated,,,,,,
13,4,Warehouse_Refrigerated,,,,,,
13,5,Warehouse_Refrigerated,,,,,,
13,Aggregated,Warehouse_Refrigerated,,,,,,
13,Centralized,Warehouse_Refrigerated,,,,,,
14,0,Warehouse_Refrigerated,,,,,,
14,1,Warehouse_Refrigerated,,,,,,
14,2,Warehouse_Refrigerated,,,,,,
14,3,Warehouse_Refrigerated,,,,,,
14,4,Warehouse_Refrigerated,,,,,,
14,5,Warehouse_Refrigerated,,,,,,
14,Aggregated,Warehouse_Refrigerated,,,,,,
14,Centralized,Warehouse_Refrigerated,,,,,,
15,0,Warehouse_Refrigerated,,,,,,
15,1,Warehouse_Refrigerated,,,,,,
15,2,Warehouse_Refrigerated,,,,,,
15,3,Warehouse_Refrigerated,,,,,,
15,4,Warehouse_Refrigerated,,,,,,
15,5,Warehouse_Refrigerated,,,,,,
15,Aggregated,Warehouse_Refrigerated,,,,,,
15,Centralized,Warehouse_Refrigerated,,,,,,
16,0,Warehouse_Refrigerated,,,,,,
16,1,Warehouse_Refrigerated,,,,,,
16,2,Warehouse_Refrigerated,,,,,,
16,3,Warehouse_Refrigerated,,,,,,
16,4,Warehouse_Refrigerated,,,,,,
16,5,Warehouse_Refrigerated,,,,,,
16,Aggregated,Warehouse_Refrigerated,,,,,,
16,Centralized,Warehouse_Refrigerated,,,,,,
17,0,Warehouse_Refrigerated,,,,,,
17,1,Warehouse_Refrigerated,,,,,,
17,2,Warehouse_Refrigerated,,,,,,
17,3,Warehouse_Refrigerated,,,,,,
17,4,Warehouse_Refrigerated,,,,,,
17,5,Warehouse_Refrigerated,,,,,,
17,Aggregated,Warehouse_Refrigerated,,,,,,
17,Centralized,Warehouse_Refrigerated,,,,,,
18,0,Warehouse_Refrigerated,,,,,,
18,1,Warehouse_Refrigerated,,,,,,
18,2,Warehouse_Refrigerated,,,,,,
18,3,Warehouse_Refrigerated,,,,,,
18,4,Warehouse_Refrigerated,,,,,,
18,5,Warehouse_Refrigerated,,,,,,
18,Aggregated,Warehouse_Refrigerated,,,,,,
18,Centralized,Warehouse_Refrigerated,,,,,,
19,0,Warehouse_Refrigerated,,,,,,
19,1,Warehouse_Refrigerated,,,,,,
19,2,Warehouse_Refrigerated,,,,,,
19,3,Warehouse_Refrigerated,,,,,,
19,4,Warehouse_Refrigerated,,,,,,
19,5,Warehouse_Refrigerated,,,,,,
19,Aggregated,Warehouse_Refrigerated,,,,,,
19,Centralized,Warehouse_Refrigerated,,,,,,
20,0,Warehouse_Refrigerated,,,,,,
20,1,Warehouse_Refrigerated,,,,,,
20,2,Warehouse_Refrigerated,,,,,,
20,3,Warehouse_Refrigerated,,,,,,
20,4,Warehouse_Refrigerated,,,,,,
20,5,Warehouse_Refrigerated,,,,,,
20,Aggregated,Warehouse_Refrigerated,,,,,,
20,Centralized,Warehouse_Refrigerated,,,,,,
21,0,Warehouse_Refrigerated,,,,,,
21,1,Warehouse_Refrigerated,,,,,,
21,2,Warehouse_Refrigerated,,,,,,
21,3,Warehouse_Refrigerated,,,,,,
21,4,Warehouse_Refrigerated,,,,,,
21,5,Warehouse_Refrigerated,,,,,,
21,Aggregated,Warehouse_Refrigerated,,,,,,
21,Centralized,Warehouse_Refrigerated,,,,,,
22,0,Warehouse_Refrigerated,,,,,,
22,1,Warehouse_Refrigerated,,,,,,
22,2,Warehouse_Refrigerated,,,,,,
22,3,Warehouse_Refrigerated,,,,,,
22,4,Warehouse_Refrigerated,,,,,,
22,5,Warehouse_Refrigerated,,,,,,
22,Aggregated,Warehouse_Refrigerated,,,,,,
22,Centralized,Warehouse_Refrigerated,,,,,,
23,0,Warehouse_Refrigerated,,,,,,
23,1,Warehouse_Refrigerated,,,,,,
23,2,Warehouse_Refrigerated,,,,,,
23,3,Warehouse_Refrigerated,,,,,,
23,4,Warehouse_Refrigerated,,,,,,
23,5,Warehouse_Refrigerated,,,,,,
23,Aggregated,Warehouse_Refrigerated,,,,,,
23,Centralized,Warehouse_Refrigerated,,,,,,
24,0,Warehouse_Refrigerated,,,,,,
24,1,Warehouse_Refrigerated,,,,,,
24,2,Warehouse_Refrigerated,,,,,,
24,3,Warehouse_Refrigerated,,,,,,
24,4,Warehouse_Refrigerated,,,,,,
24,5,Warehouse_Refrigerated,,,,,,
24,Aggregated,Warehouse_Refrigerated,,,,,,
24,Centralized,Warehouse_Refrigerated,,,,,,
25,0,Warehouse_Refrigerated,,,,,,
25,1,Warehouse_Refrigerated,,,,,,
25,2,Warehouse_Refrigerated,,,,,,
25,3,Warehouse_Refrigerated,,,,,,
25,4,Warehouse_Refrigerated,,,,,,
25,5,Warehouse_Refrigerated,,,,,,
25,Aggregated,Warehouse_Refrigerated,,,,,,
25,Centralized,Warehouse_Refrigerated,,,,,,
26,0,Warehouse_Refrigerated,,,,,,
26,1,Warehouse_Refrigerated,,,,,,
26,2,Warehouse_Refrigerated,,,,,,
26,3,Warehouse_Refrigerated,,,,,,
26,4,Warehouse_Refrigerated,,,,,,
26,5,Warehouse_Refrigerated,,,,,,
26,Aggregated,Warehouse_Refrigerated,,,,,,
26,Centralized,Warehouse_Refrigerated,,,,,,
27,0,Warehouse_Refrigerated,,,,,,
27,1,Warehouse_Refrigerated,,,,,,
27,2,Warehouse_Refrigerated,,,,,,
27,3,Warehouse_Refrigerated,,,,,,
27,4,Warehouse_Refrigerated,,,,,,
27,5,Warehouse_Refrigerated,,,,,,
27,Aggregated,Warehouse_Refrigerated,,,,,,
27,Centralized,Warehouse_Refrigerated,,,,,,
28,0,Warehouse_Refrigerated,,,,,,
28,1,Warehouse_Refrigerated,,,,,,
28,2,Warehouse_Refrigerated,,,,,,
28,3,Warehouse_Refrigerated,,,,,,
28,4,Warehouse_Refrigerated,,,,,,
28,5,Warehouse_Refrigerated,,,,,,
28,Aggregated,Warehouse_Refrigerated,,,,,,
28,Centralized,Warehouse_Refrigerated,,,,,,
29,0,Warehouse_Refrigerated,,,,,,
29,1,Warehouse_Refrigerated,,,,,,
29,2,Warehouse_Refrigerated,,,,,,
29,3,Warehouse_Refrigerated,,,,,,
29,4,Warehouse_Refrigerated,,,,,,
29,5,Warehouse_Refrigerated,,,,,,
29,Aggregated,Warehouse_Refrigerated,,,,,,
29,Centralized,Warehouse_Refrigerated,,,,,,
30,0,Warehouse_Refrigerated,,,,,,
30,1,Warehouse_Refrigerated,,,,,,
30,2,Warehouse_Refrigerated,,,,,,
30,3,Warehouse_Refrigerated,,,,,,
30,4,Warehouse_Refrigerated,,,,,,
30,5,Warehouse_Refrigerated,,,,,,
30,Aggregated,Warehouse_Refrigerated,,,,,,
30,Centralized,Warehouse_Refrigerated,,,,,,
31,0,Warehouse_Refrigerated,,,,,,
31,1,Warehouse_Refrigerated,,,,,,
31,2,Warehouse_Refrigerated,,,,,,
31,3,Warehouse_Refrigerated,,,,,,
31,4,Warehouse_Refrigerated,,,,,,
31,5,Warehouse_Refrigerated,,,,,,
31,Aggregated,Warehouse_Refrigerated,,,,,,
31,Centralized,Warehouse_Refrigerated,,,,,,
32,0,Warehouse_Refrigerated,,,,,,
32,1,Warehouse_Refrigerated,,,,,,
32,2,Warehouse_Refrigerated,,,,,,
32,3,Warehouse_Refrigerated,,,,,,
32,4,Warehouse_Refrigerated,,,,,,
32,5,Warehouse_Refrigerated,,,,,,
32,Aggregated,Warehouse_Refrigerated,,,,,,
32,Centralized,Warehouse_Refrigerated,,,,,,
33,0,Warehouse_Refrigerated,,,,,,
33,1,Warehouse_Refrigerated,,,,,,
33,2,Warehouse_Refrigerated,,,,,,
33,3,Warehouse_Refrigerated,,,,,,
33,4,Warehouse_Refrigerated,,,,,,
33,5,Warehouse_Refrigerated,,,,,,
33,Aggregated,Warehouse_Refrigerated,,,,,,
33,Centralized,Warehouse_Refrigerated,,,,,,
34,0,Warehouse_Refrigerated,,,,,,
34,1,Warehouse_Refrigerated,,,,,,
34,2,Warehouse_Refrigerated,,,,,,
34,3,Warehouse_Refrigerated,,,,,,
34,4,Warehouse_Refrigerated,,,,,,
34,5,Warehouse_Refrigerated,,,,,,
34,Aggregated,Warehouse_Refrigerated,,,,,,
34,Centralized,Warehouse_Refrigerated,,,,,,
35,0,Warehouse_Refrigerated,,,,,,
35,1,Warehouse_Refrigerated,,,,,,
35,2,Warehouse_Refrigerated,,,,,,
35,3,Warehouse_Refrigerated,,,,,,
35,4,Warehouse_Refrigerated,,,,,,
35,5,Warehouse_Refrigerated,,,,,,
35,Aggregated,Warehouse_Refrigerated,,,,,,
35,Centralized,Warehouse_Refrigerated,,,,,,
36,0,Warehouse_Refrigerated,,,,,,
36,1,Warehouse_Refrigerated,,,,,,
36,2,Warehouse_Refrigerated,,,,,,
36,3,Warehouse_Refrigerated,,,,,,
36,4,Warehouse_Refrigerated,,,,,,
36,5,Warehouse_Refrigerated,,,,,,
36,Aggregated,Warehouse_Refrigerated,,,,,,
36,Centralized,Warehouse_Refrigerated,,,,,,
37,0,Warehouse_Refrigerated,,,,,,
37,1,Warehouse_Refrigerated,,,,,,
37,2,Warehouse_Refrigerated,,,,,,
37,3,Warehouse_Refrigerated,,,,,,
37,4,Warehouse_Refrigerated,,,,,,
37,5,Warehouse_Refrigerated,,,,,,
37,Aggregated,Warehouse_Refrigerated,,,,,,
37,Centralized,Warehouse_Refrigerated,,,,,,
38,0,Warehouse_Refrigerated,,,,,,
38,1,Warehouse_Refrigerated,,,,,,
38,2,Warehouse_Refrigerated,,,,,,
38,3,Warehouse_Refrigerated,,,,,,
38,4,Warehouse_Refrigerated,,,,,,
38,5,Warehouse_Refrigerated,,,,,,
38,Aggregated,Warehouse_Refrigerated,,,,,,
38,Centralized,Warehouse_Refrigerated,,,,,,
39,0,Warehouse_Refrigerated,,,,,,
39,1,Warehouse_Refrigerated,,,,,,
39,2,Warehouse_Refrigerated,,,,,,
39,3,Warehouse_Refrigerated,,,,,,
39,4,Warehouse_Refrigerated,,,,,,
39,5,Warehouse_Refrigerated,,,,,,
39,Aggregated,Warehouse_Refrigerated,,,,,,
39,Centralized,Warehouse_Refrigerated,,,,,,
40,0,Warehouse_Refrigerated,,,,,,
40,1,Warehouse_Refrigerated,,,,,,
40,2,Warehouse_Refrigerated,,,,,,
40,3,Warehouse_Refrigerated,,,,,,
40,4,Warehouse_Refrigerated,,,,,,
40,5,Warehouse_Refrigerated,,,,,,
40,Aggregated,Warehouse_Refrigerated,,,,,,
40,Centralized,Warehouse_Refrigerated,,,,,,
41,0,Warehouse_Refrigerated,,,,,,
41,1,Warehouse_Refrigerated,,,,,,
41,2,Warehouse_Refrigerated,,,,,,
41,3,Warehouse_Refrigerated,,,,,,
41,4,Warehouse_Refrigerated,,,,,,
41,5,Warehouse_Refrigerated,,,,,,
41,Aggregated,Warehouse_Refrigerated,,,,,,
41,Centralized,Warehouse_Refrigerated,,,,,,
42,0,Warehouse_Refrigerated,,,,,,
42,1,Warehouse_Refrigerated,,,,,,
42,2,Warehouse_Refrigerated,,,,,,
42,3,Warehouse_Refrigerated,,,,,,
42,4,Warehouse_Refrigerated,,,,,,
42,5,Warehouse_Refrigerated,,,,,,
42,Aggregated,Warehouse_Refrigerated,,,,,,
42,Centralized,Warehouse_Refrigerated,,,,,,
43,0,Warehouse_Refrigerated,,,,,,
43,1,Warehouse_Refrigerated,,,,,,
43,2,Warehouse_Refrigerated,,,,,,
43,3,Warehouse_Refrigerated,,,,,,
43,4,Warehouse_Refrigerated,,,,,,
43,5,Warehouse_Refrigerated,,,,,,
43,Aggregated,Warehouse_Refrigerated,,,,,,
43,Centralized,Warehouse_Refrigerated,,,,,,
44,0,Warehouse_Refrigerated,,,,,,
44,1,Warehouse_Refrigerated,,,,,,
44,2,Warehouse_Refrigerated,,,,,,
44,3,Warehouse_Refrigerated,,,,,,
44,4,Warehouse_Refrigerated,,,,,,
44,5,Warehouse_Refrigerated,,,,,,
44,Aggregated,Warehouse_Refrigerated,,,,,,
44,Centralized,Warehouse_Refrigerated,,,,,,
45,0,Warehouse_Refrigerated,,,,,,
45,1,Warehouse_Refrigerated,,,,,,
45,2,Warehouse_Refrigerated,,,,,,
45,3,Warehouse_Refrigerated,,,,,,
45,4,Warehouse_Refrigerated,,,,,,
45,5,Warehouse_Refrigerated,,,,,,
45,Aggregated,Warehouse_Refrigerated,,,,,,
45,Centralized,Warehouse_Refrigerated,,,,,,
46,0,Warehouse_Refrigerated,,,,,,
46,1,Warehouse_Refrigerated,,,,,,
46,2,Warehouse_Refrigerated,,,,,,
46,3,Warehouse_Refrigerated,,,,,,
46,4,Warehouse_Refrigerated,,,,,,
46,5,Warehouse_Refrigerated,,,,,,
46,Aggregated,Warehouse_Refrigerated,,,,,,
46,Centralized,Warehouse_Refrigerated,,,,,,
47,0,Warehouse_Refrigerated,,,,,,
47,1,Warehouse_Refrigerated,,,,,,
47,2,Warehouse_Refrigerated,,,,,,
47,3,Warehouse_Refrigerated,,,,,,
47,4,Warehouse_Refrigerated,,,,,,
47,5,Warehouse_Refrigerated,,,,,,
47,Aggregated,Warehouse_Refrigerated,,,,,,
47,Centralized,Warehouse_Refrigerated,,,,,,
48,0,Warehouse_Refrigerated,,,,,,
48,1,Warehouse_Refrigerated,,,,,,
48,2,Warehouse_Refrigerated,,,,,,
48,3,Warehouse_Refrigerated,,,,,,
48,4,Warehouse_Refrigerated,,,,,,
48,5,Warehouse_Refrigerated,,,,,,
48,Aggregated,Warehouse_Refrigerated,,,,,,
48,Centralized,Warehouse_Refrigerated,,,,,,
49,0,Warehouse_Refrigerated,,,,,,
49,1,Warehouse_Refrigerated,,,,,,
49,2,Warehouse_Refrigerated,,,,,,
49,3,Warehouse_Refrigerated,,,,,,
49,4,Warehouse_Refrigerated,,,,,,
49,5,Warehouse_Refrigerated,,,,,,
49,Aggregated,Warehouse_Refrigerated,,,,,,
49,Centralized,Warehouse_Refrigerated,,,,,,
50,0,Warehouse_Refrigerated,,,,,,
50,1,Warehouse_Refrigerated,,,,,,
50,2,Warehouse_Refrigerated,,,,,,
50,3,Warehouse_Refrigerated,,,,,,
50,4,Warehouse_Refrigerated,,,,,,
50,5,Warehouse_Refrigerated,,,,,,
50,Aggregated,Warehouse_Refrigerated,,,,,,
50,Centralized,Warehouse_Refrigerated,,,,,,
0,0,Warehouse_Selfstorage,,,,,,
0,1,Warehouse_Selfstorage,,,,,,
0,2,Warehouse_Selfstorage,,,,,,
0,3,Warehouse_Selfstorage,,,,,,
0,4,Warehouse_Selfstorage,,,,,,
0,5,Warehouse_Selfstorage,,,,,,
0,Aggregated,Warehouse_Selfstorage,,,,,,
0,Centralized,Warehouse_Selfstorage,,,,,,
1,0,Warehouse_Selfstorage,,,,,,
1,1,Warehouse_Selfstorage,,,,,,
1,2,Warehouse_Selfstorage,,,,,,
1,3,Warehouse_Selfstorage,,,,,,
1,4,Warehouse_Selfstorage,,,,,,
1,5,Warehouse_Selfstorage,,,,,,
1,Aggregated,Warehouse_Selfstorage,,,,,,
1,Centralized,Warehouse_Selfstorage,,,,,,
2,0,Warehouse_Selfstorage,,,,,,
2,1,Warehouse_Selfstorage,,,,,,
2,2,Warehouse_Selfstorage,,,,,,
2,3,Warehouse_Selfstorage,,,,,,
2,4,Warehouse_Selfstorage,,,,,,
2,5,Warehouse_Selfstorage,,,,,,
2,Aggregated,Warehouse_Selfstorage,,,,,,
2,Centralized,Warehouse_Selfstorage,,,,,,
3,0,Warehouse_Selfstorage,,,,,,
3,1,Warehouse_Selfstorage,,,,,,
3,2,Warehouse_Selfstorage,,,,,,
3,3,Warehouse_Selfstorage,,,,,,
3,4,Warehouse_Selfstorage,,,,,,
3,5,Warehouse_Selfstorage,,,,,,
3,Aggregated,Warehouse_Selfstorage,,,,,,
3,Centralized,Warehouse_Selfstorage,,,,,,
4,0,Warehouse_Selfstorage,,,,,,
4,1,Warehouse_Selfstorage,,,,,,
4,2,Warehouse_Selfstorage,,,,,,
4,3,Warehouse_Selfstorage,,,,,,
4,4,Warehouse_Selfstorage,,,,,,
4,5,Warehouse_Selfstorage,,,,,,
4,Aggregated,Warehouse_Selfstorage,,,,,,
4,Centralized,Warehouse_Selfstorage,,,,,,
5,0,Warehouse_Selfstorage,,,,,,
5,1,Warehouse_Selfstorage,,,,,,
5,2,Warehouse_Selfstorage,,,,,,
5,3,Warehouse_Selfstorage,,,,,,
5,4,Warehouse_Selfstorage,,,,,,
5,5,Warehouse_Selfstorage,,,,,,
5,Aggregated,Warehouse_Selfstorage,,,,,,
5,Centralized,Warehouse_Selfstorage,,,,,,
6,0,Warehouse_Selfstorage,,,,,,
6,1,Warehouse_Selfstorage,,,,,,
6,2,Warehouse_Selfstorage,,,,,,
6,3,Warehouse_Selfstorage,,,,,,
6,4,Warehouse_Selfstorage,,,,,,
6,5,Warehouse_Selfstorage,,,,,,
6,Aggregated,Warehouse_Selfstorage,,,,,,
6,Centralized,Warehouse_Selfstorage,,,,,,
7,0,Warehouse_Selfstorage,,,,,,
7,1,Warehouse_Selfstorage,,,,,,
7,2,Warehouse_Selfstorage,,,,,,
7,3,Warehouse_Selfstorage,,,,,,
7,4,Warehouse_Selfstorage,,,,,,
7,5,Warehouse_Selfstorage,,,,,,
7,Aggregated,Warehouse_Selfstorage,,,,,,
7,Centralized,Warehouse_Selfstorage,,,,,,
8,0,Warehouse_Selfstorage,,,,,,
8,1,Warehouse_Selfstorage,,,,,,
8,2,Warehouse_Selfstorage,,,,,,
8,3,Warehouse_Selfstorage,,,,,,
8,4,Warehouse_Selfstorage,,,,,,
8,5,Warehouse_Selfstorage,,,,,,
8,Aggregated,Warehouse_Selfstorage,,,,,,
8,Centralized,Warehouse_Selfstorage,,,,,,
9,0,Warehouse_Selfstorage,,,,,,
9,1,Warehouse_Selfstorage,,,,,,
9,2,Warehouse_Selfstorage,,,,,,
9,3,Warehouse_Selfstorage,,,,,,
9,4,Warehouse_Selfstorage,,,,,,
9,5,Warehouse_Selfstorage,,,,,,
9,Aggregated,Warehouse_Selfstorage,,,,,,
9,Centralized,Warehouse_Selfstorage,,,,,,
10,0,Warehouse_Selfstorage,,,,,,
10,1,Warehouse_Selfstorage,,,,,,
10,2,Warehouse_Selfstorage,,,,,,
10,3,Warehouse_Selfstorage,,,,,,
10,4,Warehouse_Selfstorage,,,,,,
10,5,Warehouse_Selfstorage,,,,,,
10,Aggregated,Warehouse_Selfstorage,,,,,,
10,Centralized,Warehouse_Selfstorage,,,,,,
11,0,Warehouse_Selfstorage,,,,,,
11,1,Warehouse_Selfstorage,,,,,,
11,2,Warehouse_Selfstorage,,,,,,
11,3,Warehouse_Selfstorage,,,,,,
11,4,Warehouse_Selfstorage,,,,,,
11,5,Warehouse_Selfstorage,,,,,,
11,Aggregated,Warehouse_Selfstorage,,,,,,
11,Centralized,Warehouse_Selfstorage,,,,,,
12,0,Warehouse_Selfstorage,,,,,,
12,1,Warehouse_Selfstorage,,,,,,
12,2,Warehouse_Selfstorage,,,,,,
12,3,Warehouse_Selfstorage,,,,,,
12,4,Warehouse_Selfstorage,,,,,,
12,5,Warehouse_Selfstorage,,,,,,
12,Aggregated,Warehouse_Selfstorage,,,,,,
12,Centralized,Warehouse_Selfstorage,,,,,,
13,0,Warehouse_Selfstorage,,,,,,
13,1,Warehouse_Selfstorage,,,,,,
13,2,Warehouse_Selfstorage,,,,,,
13,3,Warehouse_Selfstorage,,,,,,
13,4,Warehouse_Selfstorage,,,,,,
13,5,Warehouse_Selfstorage,,,,,,
13,Aggregated,Warehouse_Selfstorage,,,,,,
13,Centralized,Warehouse_Selfstorage,,,,,,
14,0,Warehouse_Selfstorage,,,,,,
14,1,Warehouse_Selfstorage,,,,,,
14,2,Warehouse_Selfstorage,,,,,,
14,3,Warehouse_Selfstorage,,,,,,
14,4,Warehouse_Selfstorage,,,,,,
14,5,Warehouse_Selfstorage,,,,,,
14,Aggregated,Warehouse_Selfstorage,,,,,,
14,Centralized,Warehouse_Selfstorage,,,,,,
15,0,Warehouse_Selfstorage,,,,,,
15,1,Warehouse_Selfstorage,,,,,,
15,2,Warehouse_Selfstorage,,,,,,
15,3,Warehouse_Selfstorage,,,,,,
15,4,Warehouse_Selfstorage,,,,,,
15,5,Warehouse_Selfstorage,,,,,,
15,Aggregated,Warehouse_Selfstorage,,,,,,
15,Centralized,Warehouse_Selfstorage,,,,,,
16,0,Warehouse_Selfstorage,,,,,,
16,1,Warehouse_Selfstorage,,,,,,
16,2,Warehouse_Selfstorage,,,,,,
16,3,Warehouse_Selfstorage,,,,,,
16,4,Warehouse_Selfstorage,,,,,,
16,5,Warehouse_Selfstorage,,,,,,
16,Aggregated,Warehouse_Selfstorage,,,,,,
16,Centralized,Warehouse_Selfstorage,,,,,,
17,0,Warehouse_Selfstorage,,,,,,
17,1,Warehouse_Selfstorage,,,,,,
17,2,Warehouse_Selfstorage,,,,,,
17,3,Warehouse_Selfstorage,,,,,,
17,4,Warehouse_Selfstorage,,,,,,
17,5,Warehouse_Selfstorage,,,,,,
17,Aggregated,Warehouse_Selfstorage,,,,,,
17,Centralized,Warehouse_Selfstorage,,,,,,
18,0,Warehouse_Selfstorage,,,,,,
18,1,Warehouse_Selfstorage,,,,,,
18,2,Warehouse_Selfstorage,,,,,,
18,3,Warehouse_Selfstorage,,,,,,
18,4,Warehouse_Selfstorage,,,,,,
18,5,Warehouse_Selfstorage,,,,,,
18,Aggregated,Warehouse_Selfstorage,,,,,,
18,Centralized,Warehouse_Selfstorage,,,,,,
19,0,Warehouse_Selfstorage,,,,,,
19,1,Warehouse_Selfstorage,,,,,,
19,2,Warehouse_Selfstorage,,,,,,
19,3,Warehouse_Selfstorage,,,,,,
19,4,Warehouse_Selfstorage,,,,,,
19,5,Warehouse_Selfstorage,,,,,,
19,Aggregated,Warehouse_Selfstorage,,,,,,
19,Centralized,Warehouse_Selfstorage,,,,,,
20,0,Warehouse_Selfstorage,,,,,,
20,1,Warehouse_Selfstorage,,,,,,
20,2,Warehouse_Selfstorage,,,,,,
20,3,Warehouse_Selfstorage,,,,,,
20,4,Warehouse_Selfstorage,,,,,,
20,5,Warehouse_Selfstorage,,,,,,
20,Aggregated,Warehouse_Selfstorage,,,,,,
20,Centralized,Warehouse_Selfstorage,,,,,,
21,0,Warehouse_Selfstorage,,,,,,
21,1,Warehouse_Selfstorage,,,,,,
21,2,Warehouse_Selfstorage,,,,,,
21,3,Warehouse_Selfstorage,,,,,,
21,4,Warehouse_Selfstorage,,,,,,
21,5,Warehouse_Selfstorage,,,,,,
21,Aggregated,Warehouse_Selfstorage,,,,,,
21,Centralized,Warehouse_Selfstorage,,,,,,
22,0,Warehouse_Selfstorage,,,,,,
22,1,Warehouse_Selfstorage,,,,,,
22,2,Warehouse_Selfstorage,,,,,,
22,3,Warehouse_Selfstorage,,,,,,
22,4,Warehouse_Selfstorage,,,,,,
22,5,Warehouse_Selfstorage,,,,,,
22,Aggregated,Warehouse_Selfstorage,,,,,,
22,Centralized,Warehouse_Selfstorage,,,,,,
23,0,Warehouse_Selfstorage,,,,,,
23,1,Warehouse_Selfstorage,,,,,,
23,2,Warehouse_Selfstorage,,,,,,
23,3,Warehouse_Selfstorage,,,,,,
23,4,Warehouse_Selfstorage,,,,,,
23,5,Warehouse_Selfstorage,,,,,,
23,Aggregated,Warehouse_Selfstorage,,,,,,
23,Centralized,Warehouse_Selfstorage,,,,,,
24,0,Warehouse_Selfstorage,,,,,,
24,1,Warehouse_Selfstorage,,,,,,
24,2,Warehouse_Selfstorage,,,,,,
24,3,Warehouse_Selfstorage,,,,,,
24,4,Warehouse_Selfstorage,,,,,,
24,5,Warehouse_Selfstorage,,,,,,
24,Aggregated,Warehouse_Selfstorage,,,,,,
24,Centralized,Warehouse_Selfstorage,,,,,,
25,0,Warehouse_Selfstorage,,,,,,
25,1,Warehouse_Selfstorage,,,,,,
25,2,Warehouse_Selfstorage,,,,,,
25,3,Warehouse_Selfstorage,,,,,,
25,4,Warehouse_Selfstorage,,,,,,
25,5,Warehouse_Selfstorage,,,,,,
25,Aggregated,Warehouse_Selfstorage,,,,,,
25,Centralized,Warehouse_Selfstorage,,,,,,
26,0,Warehouse_Selfstorage,,,,,,
26,1,Warehouse_Selfstorage,,,,,,
26,2,Warehouse_Selfstorage,,,,,,
26,3,Warehouse_Selfstorage,,,,,,
26,4,Warehouse_Selfstorage,,,,,,
26,5,Warehouse_Selfstorage,,,,,,
26,Aggregated,Warehouse_Selfstorage,,,,,,
26,Centralized,Warehouse_Selfstorage,,,,,,
27,0,Warehouse_Selfstorage,,,,,,
27,1,Warehouse_Selfstorage,,,,,,
27,2,Warehouse_Selfstorage,,,,,,
27,3,Warehouse_Selfstorage,,,,,,
27,4,Warehouse_Selfstorage,,,,,,
27,5,Warehouse_Selfstorage,,,,,,
27,Aggregated,Warehouse_Selfstorage,,,,,,
27,Centralized,Warehouse_Selfstorage,,,,,,
28,0,Warehouse_Selfstorage,,,,,,
28,1,Warehouse_Selfstorage,,,,,,
28,2,Warehouse_Selfstorage,,,,,,
28,3,Warehouse_Selfstorage,,,,,,
28,4,Warehouse_Selfstorage,,,,,,
28,5,Warehouse_Selfstorage,,,,,,
28,Aggregated,Warehouse_Selfstorage,,,,,,
28,Centralized,Warehouse_Selfstorage,,,,,,
29,0,Warehouse_Selfstorage,,,,,,
29,1,Warehouse_Selfstorage,,,,,,
29,2,Warehouse_Selfstorage,,,,,,
29,3,Warehouse_Selfstorage,,,,,,
29,4,Warehouse_Selfstorage,,,,,,
29,5,Warehouse_Selfstorage,,,,,,
29,Aggregated,Warehouse_Selfstorage,,,,,,
29,Centralized,Warehouse_Selfstorage,,,,,,
30,0,Warehouse_Selfstorage,,,,,,
30,1,Warehouse_Selfstorage,,,,,,
30,2,Warehouse_Selfstorage,,,,,,
30,3,Warehouse_Selfstorage,,,,,,
30,4,Warehouse_Selfstorage,,,,,,
30,5,Warehouse_Selfstorage,,,,,,
30,Aggregated,Warehouse_Selfstorage,,,,,,
30,Centralized,Warehouse_Selfstorage,,,,,,
31,0,Warehouse_Selfstorage,,,,,,
31,1,Warehouse_Selfstorage,,,,,,
31,2,Warehouse_Selfstorage,,,,,,
31,3,Warehouse_Selfstorage,,,,,,
31,4,Warehouse_Selfstorage,,,,,,
31,5,Warehouse_Selfstorage,,,,,,
31,Aggregated,Warehouse_Selfstorage,,,,,,
31,Centralized,Warehouse_Selfstorage,,,,,,
32,0,Warehouse_Selfstorage,,,,,,
32,1,Warehouse_Selfstorage,,,,,,
32,2,Warehouse_Selfstorage,,,,,,
32,3,Warehouse_Selfstorage,,,,,,
32,4,Warehouse_Selfstorage,,,,,,
32,5,Warehouse_Selfstorage,,,,,,
32,Aggregated,Warehouse_Selfstorage,,,,,,
32,Centralized,Warehouse_Selfstorage,,,,,,
33,0,Warehouse_Selfstorage,,,,,,
33,1,Warehouse_Selfstorage,,,,,,
33,2,Warehouse_Selfstorage,,,,,,
33,3,Warehouse_Selfstorage,,,,,,
33,4,Warehouse_Selfstorage,,,,,,
33,5,Warehouse_Selfstorage,,,,,,
33,Aggregated,Warehouse_Selfstorage,,,,,,
33,Centralized,Warehouse_Selfstorage,,,,,,
34,0,Warehouse_Selfstorage,,,,,,
34,1,Warehouse_Selfstorage,,,,,,
34,2,Warehouse_Selfstorage,,,,,,
34,3,Warehouse_Selfstorage,,,,,,
34,4,Warehouse_Selfstorage,,,,,,
34,5,Warehouse_Selfstorage,,,,,,
34,Aggregated,Warehouse_Selfstorage,,,,,,
34,Centralized,Warehouse_Selfstorage,,,,,,
35,0,Warehouse_Selfstorage,,,,,,
35,1,Warehouse_Selfstorage,,,,,,
35,2,Warehouse_Selfstorage,,,,,,
35,3,Warehouse_Selfstorage,,,,,,
35,4,Warehouse_Selfstorage,,,,,,
35,5,Warehouse_Selfstorage,,,,,,
35,Aggregated,Warehouse_Selfstorage,,,,,,
35,Centralized,Warehouse_Selfstorage,,,,,,
36,0,Warehouse_Selfstorage,,,,,,
36,1,Warehouse_Selfstorage,,,,,,
36,2,Warehouse_Selfstorage,,,,,,
36,3,Warehouse_Selfstorage,,,,,,
36,4,Warehouse_Selfstorage,,,,,,
36,5,Warehouse_Selfstorage,,,,,,
36,Aggregated,Warehouse_Selfstorage,,,,,,
36,Centralized,Warehouse_Selfstorage,,,,,,
37,0,Warehouse_Selfstorage,,,,,,
37,1,Warehouse_Selfstorage,,,,,,
37,2,Warehouse_Selfstorage,,,,,,
37,3,Warehouse_Selfstorage,,,,,,
37,4,Warehouse_Selfstorage,,,,,,
37,5,Warehouse_Selfstorage,,,,,,
37,Aggregated,Warehouse_Selfstorage,,,,,,
37,Centralized,Warehouse_Selfstorage,,,,,,
38,0,Warehouse_Selfstorage,,,,,,
38,1,Warehouse_Selfstorage,,,,,,
38,2,Warehouse_Selfstorage,,,,,,
38,3,Warehouse_Selfstorage,,,,,,
38,4,Warehouse_Selfstorage,,,,,,
38,5,Warehouse_Selfstorage,,,,,,
38,Aggregated,Warehouse_Selfstorage,,,,,,
38,Centralized,Warehouse_Selfstorage,,,,,,
39,0,Warehouse_Selfstorage,,,,,,
39,1,Warehouse_Selfstorage,,,,,,
39,2,Warehouse_Selfstorage,,,,,,
39,3,Warehouse_Selfstorage,,,,,,
39,4,Warehouse_Selfstorage,,,,,,
39,5,Warehouse_Selfstorage,,,,,,
39,Aggregated,Warehouse_Selfstorage,,,,,,
39,Centralized,Warehouse_Selfstorage,,,,,,
40,0,Warehouse_Selfstorage,,,,,,
40,1,Warehouse_Selfstorage,,,,,,
40,2,Warehouse_Selfstorage,,,,,,
40,3,Warehouse_Selfstorage,,,,,,
40,4,Warehouse_Selfstorage,,,,,,
40,5,Warehouse_Selfstorage,,,,,,
40,Aggregated,Warehouse_Selfstorage,,,,,,
40,Centralized,Warehouse_Selfstorage,,,,,,
41,0,Warehouse_Selfstorage,,,,,,
41,1,Warehouse_Selfstorage,,,,,,
41,2,Warehouse_Selfstorage,,,,,,
41,3,Warehouse_Selfstorage,,,,,,
41,4,Warehouse_Selfstorage,,,,,,
41,5,Warehouse_Selfstorage,,,,,,
41,Aggregated,Warehouse_Selfstorage,,,,,,
41,Centralized,Warehouse_Selfstorage,,,,,,
42,0,Warehouse_Selfstorage,,,,,,
42,1,Warehouse_Selfstorage,,,,,,
42,2,Warehouse_Selfstorage,,,,,,
42,3,Warehouse_Selfstorage,,,,,,
42,4,Warehouse_Selfstorage,,,,,,
42,5,Warehouse_Selfstorage,,,,,,
42,Aggregated,Warehouse_Selfstorage,,,,,,
42,Centralized,Warehouse_Selfstorage,,,,,,
43,0,Warehouse_Selfstorage,,,,,,
43,1,Warehouse_Selfstorage,,,,,,
43,2,Warehouse_Selfstorage,,,,,,
43,3,Warehouse_Selfstorage,,,,,,
43,4,Warehouse_Selfstorage,,,,,,
43,5,Warehouse_Selfstorage,,,,,,
43,Aggregated,Warehouse_Selfstorage,,,,,,
43,Centralized,Warehouse_Selfstorage,,,,,,
44,0,Warehouse_Selfstorage,,,,,,
44,1,Warehouse_Selfstorage,,,,,,
44,2,Warehouse_Selfstorage,,,,,,
44,3,Warehouse_Selfstorage,,,,,,
44,4,Warehouse_Selfstorage,,,,,,
44,5,Warehouse_Selfstorage,,,,,,
44,Aggregated,Warehouse_Selfstorage,,,,,,
44,Centralized,Warehouse_Selfstorage,,,,,,
45,0,Warehouse_Selfstorage,,,,,,
45,1,Warehouse_Selfstorage,,,,,,
45,2,Warehouse_Selfstorage,,,,,,
45,3,Warehouse_Selfstorage,,,,,,
45,4,Warehouse_Selfstorage,,,,,,
45,5,Warehouse_Selfstorage,,,,,,
45,Aggregated,Warehouse_Selfstorage,,,,,,
45,Centralized,Warehouse_Selfstorage,,,,,,
46,0,Warehouse_Selfstorage,,,,,,
46,1,Warehouse_Selfstorage,,,,,,
46,2,Warehouse_Selfstorage,,,,,,
46,3,Warehouse_Selfstorage,,,,,,
46,4,Warehouse_Selfstorage,,,,,,
46,5,Warehouse_Selfstorage,,,,,,
46,Aggregated,Warehouse_Selfstorage,,,,,,
46,Centralized,Warehouse_Selfstorage,,,,,,
47,0,Warehouse_Selfstorage,,,,,,
47,1,Warehouse_Selfstorage,,,,,,
47,2,Warehouse_Selfstorage,,,,,,
47,3,Warehouse_Selfstorage,,,,,,
47,4,Warehouse_Selfstorage,,,,,,
47,5,Warehouse_Selfstorage,,,,,,
47,Aggregated,Warehouse_Selfstorage,,,,,,
47,Centralized,Warehouse_Selfstorage,,,,,,
48,0,Warehouse_Selfstorage,,,,,,
48,1,Warehouse_Selfstorage,,,,,,
48,2,Warehouse_Selfstorage,,,,,,
48,3,Warehouse_Selfstorage,,,,,,
48,4,Warehouse_Selfstorage,,,,,,
48,5,Warehouse_Selfstorage,,,,,,
48,Aggregated,Warehouse_Selfstorage,,,,,,
48,Centralized,Warehouse_Selfstorage,,,,,,
49,0,Warehouse_Selfstorage,,,,,,
49,1,Warehouse_Selfstorage,,,,,,
49,2,Warehouse_Selfstorage,,,,,,
49,3,Warehouse_Selfstorage,,,,,,
49,4,Warehouse_Selfstorage,,,,,,
49,5,Warehouse_Selfstorage,,,,,,
49,Aggregated,Warehouse_Selfstorage,,,,,,
49,Centralized,Warehouse_Selfstorage,,,,,,
50,0,Warehouse_Selfstorage,,,,,,
50,1,Warehouse_Selfstorage,,,,,,
50,2,Warehouse_Selfstorage,,,,,,
50,3,Warehouse_Selfstorage,,,,,,
50,4,Warehouse_Selfstorage,,,,,,
50,5,Warehouse_Selfstorage,,,,,,
50,Aggregated,Warehouse_Selfstorage,,,,,,
50,Centralized,Warehouse_Selfstorage,,,,,,
0,0,Public_Assembly_Social_meeting,,,,,,
0,1,Public_Assembly_Social_meeting,,,,,,
0,2,Public_Assembly_Social_meeting,,,,,,
0,3,Public_Assembly_Social_meeting,,,,,,
0,4,Public_Assembly_Social_meeting,,,,,,
0,5,Public_Assembly_Social_meeting,,,,,,
0,Aggregated,Public_Assembly_Social_meeting,,,,,,
0,Centralized,Public_Assembly_Social_meeting,,,,,,
1,0,Public_Assembly_Social_meeting,,,,,,
1,1,Public_Assembly_Social_meeting,,,,,,
1,2,Public_Assembly_Social_meeting,,,,,,
1,3,Public_Assembly_Social_meeting,,,,,,
1,4,Public_Assembly_Social_meeting,,,,,,
1,5,Public_Assembly_Social_meeting,,,,,,
1,Aggregated,Public_Assembly_Social_meeting,,,,,,
1,Centralized,Public_Assembly_Social_meeting,,,,,,
2,0,Public_Assembly_Social_meeting,,,,,,
2,1,Public_Assembly_Social_meeting,,,,,,
2,2,Public_Assembly_Social_meeting,,,,,,
2,3,Public_Assembly_Social_meeting,,,,,,
2,4,Public_Assembly_Social_meeting,,,,,,
2,5,Public_Assembly_Social_meeting,,,,,,
2,Aggregated,Public_Assembly_Social_meeting,,,,,,
2,Centralized,Public_Assembly_Social_meeting,,,,,,
3,0,Public_Assembly_Social_meeting,,,,,,
3,1,Public_Assembly_Social_meeting,,,,,,
3,2,Public_Assembly_Social_meeting,,,,,,
3,3,Public_Assembly_Social_meeting,,,,,,
3,4,Public_Assembly_Social_meeting,,,,,,
3,5,Public_Assembly_Social_meeting,,,,,,
3,Aggregated,Public_Assembly_Social_meeting,,,,,,
3,Centralized,Public_Assembly_Social_meeting,,,,,,
4,0,Public_Assembly_Social_meeting,,,,,,
4,1,Public_Assembly_Social_meeting,,,,,,
4,2,Public_Assembly_Social_meeting,,,,,,
4,3,Public_Assembly_Social_meeting,,,,,,
4,4,Public_Assembly_Social_meeting,,,,,,
4,5,Public_Assembly_Social_meeting,,,,,,
4,Aggregated,Public_Assembly_Social_meeting,,,,,,
4,Centralized,Public_Assembly_Social_meeting,,,,,,
5,0,Public_Assembly_Social_meeting,,,,,,
5,1,Public_Assembly_Social_meeting,,,,,,
5,2,Public_Assembly_Social_meeting,,,,,,
5,3,Public_Assembly_Social_meeting,,,,,,
5,4,Public_Assembly_Social_meeting,,,,,,
5,5,Public_Assembly_Social_meeting,,,,,,
5,Aggregated,Public_Assembly_Social_meeting,,,,,,
5,Centralized,Public_Assembly_Social_meeting,,,,,,
6,0,Public_Assembly_Social_meeting,,,,,,
6,1,Public_Assembly_Social_meeting,,,,,,
6,2,Public_Assembly_Social_meeting,,,,,,
6,3,Public_Assembly_Social_meeting,,,,,,
6,4,Public_Assembly_Social_meeting,,,,,,
6,5,Public_Assembly_Social_meeting,,,,,,
6,Aggregated,Public_Assembly_Social_meeting,,,,,,
6,Centralized,Public_Assembly_Social_meeting,,,,,,
7,0,Public_Assembly_Social_meeting,,,,,,
7,1,Public_Assembly_Social_meeting,,,,,,
7,2,Public_Assembly_Social_meeting,,,,,,
7,3,Public_Assembly_Social_meeting,,,,,,
7,4,Public_Assembly_Social_meeting,,,,,,
7,5,Public_Assembly_Social_meeting,,,,,,
7,Aggregated,Public_Assembly_Social_meeting,,,,,,
7,Centralized,Public_Assembly_Social_meeting,,,,,,
8,0,Public_Assembly_Social_meeting,,,,,,
8,1,Public_Assembly_Social_meeting,,,,,,
8,2,Public_Assembly_Social_meeting,,,,,,
8,3,Public_Assembly_Social_meeting,,,,,,
8,4,Public_Assembly_Social_meeting,,,,,,
8,5,Public_Assembly_Social_meeting,,,,,,
8,Aggregated,Public_Assembly_Social_meeting,,,,,,
8,Centralized,Public_Assembly_Social_meeting,,,,,,
9,0,Public_Assembly_Social_meeting,,,,,,
9,1,Public_Assembly_Social_meeting,,,,,,
9,2,Public_Assembly_Social_meeting,,,,,,
9,3,Public_Assembly_Social_meeting,,,,,,
9,4,Public_Assembly_Social_meeting,,,,,,
9,5,Public_Assembly_Social_meeting,,,,,,
9,Aggregated,Public_Assembly_Social_meeting,,,,,,
9,Centralized,Public_Assembly_Social_meeting,,,,,,
10,0,Public_Assembly_Social_meeting,,,,,,
10,1,Public_Assembly_Social_meeting,,,,,,
10,2,Public_Assembly_Social_meeting,,,,,,
10,3,Public_Assembly_Social_meeting,,,,,,
10,4,Public_Assembly_Social_meeting,,,,,,
10,5,Public_Assembly_Social_meeting,,,,,,
10,Aggregated,Public_Assembly_Social_meeting,,,,,,
10,Centralized,Public_Assembly_Social_meeting,,,,,,
11,0,Public_Assembly_Social_meeting,,,,,,
11,1,Public_Assembly_Social_meeting,,,,,,
11,2,Public_Assembly_Social_meeting,,,,,,
11,3,Public_Assembly_Social_meeting,,,,,,
11,4,Public_Assembly_Social_meeting,,,,,,
11,5,Public_Assembly_Social_meeting,,,,,,
11,Aggregated,Public_Assembly_Social_meeting,,,,,,
11,Centralized,Public_Assembly_Social_meeting,,,,,,
12,0,Public_Assembly_Social_meeting,,,,,,
12,1,Public_Assembly_Social_meeting,,,,,,
12,2,Public_Assembly_Social_meeting,,,,,,
12,3,Public_Assembly_Social_meeting,,,,,,
12,4,Public_Assembly_Social_meeting,,,,,,
12,5,Public_Assembly_Social_meeting,,,,,,
12,Aggregated,Public_Assembly_Social_meeting,,,,,,
12,Centralized,Public_Assembly_Social_meeting,,,,,,
13,0,Public_Assembly_Social_meeting,,,,,,
13,1,Public_Assembly_Social_meeting,,,,,,
13,2,Public_Assembly_Social_meeting,,,,,,
13,3,Public_Assembly_Social_meeting,,,,,,
13,4,Public_Assembly_Social_meeting,,,,,,
13,5,Public_Assembly_Social_meeting,,,,,,
13,Aggregated,Public_Assembly_Social_meeting,,,,,,
13,Centralized,Public_Assembly_Social_meeting,,,,,,
14,0,Public_Assembly_Social_meeting,,,,,,
14,1,Public_Assembly_Social_meeting,,,,,,
14,2,Public_Assembly_Social_meeting,,,,,,
14,3,Public_Assembly_Social_meeting,,,,,,
14,4,Public_Assembly_Social_meeting,,,,,,
14,5,Public_Assembly_Social_meeting,,,,,,
14,Aggregated,Public_Assembly_Social_meeting,,,,,,
14,Centralized,Public_Assembly_Social_meeting,,,,,,
15,0,Public_Assembly_Social_meeting,,,,,,
15,1,Public_Assembly_Social_meeting,,,,,,
15,2,Public_Assembly_Social_meeting,,,,,,
15,3,Public_Assembly_Social_meeting,,,,,,
15,4,Public_Assembly_Social_meeting,,,,,,
15,5,Public_Assembly_Social_meeting,,,,,,
15,Aggregated,Public_Assembly_Social_meeting,,,,,,
15,Centralized,Public_Assembly_Social_meeting,,,,,,
16,0,Public_Assembly_Social_meeting,,,,,,
16,1,Public_Assembly_Social_meeting,,,,,,
16,2,Public_Assembly_Social_meeting,,,,,,
16,3,Public_Assembly_Social_meeting,,,,,,
16,4,Public_Assembly_Social_meeting,,,,,,
16,5,Public_Assembly_Social_meeting,,,,,,
16,Aggregated,Public_Assembly_Social_meeting,,,,,,
16,Centralized,Public_Assembly_Social_meeting,,,,,,
17,0,Public_Assembly_Social_meeting,,,,,,
17,1,Public_Assembly_Social_meeting,,,,,,
17,2,Public_Assembly_Social_meeting,,,,,,
17,3,Public_Assembly_Social_meeting,,,,,,
17,4,Public_Assembly_Social_meeting,,,,,,
17,5,Public_Assembly_Social_meeting,,,,,,
17,Aggregated,Public_Assembly_Social_meeting,,,,,,
17,Centralized,Public_Assembly_Social_meeting,,,,,,
18,0,Public_Assembly_Social_meeting,,,,,,
18,1,Public_Assembly_Social_meeting,,,,,,
18,2,Public_Assembly_Social_meeting,,,,,,
18,3,Public_Assembly_Social_meeting,,,,,,
18,4,Public_Assembly_Social_meeting,,,,,,
18,5,Public_Assembly_Social_meeting,,,,,,
18,Aggregated,Public_Assembly_Social_meeting,,,,,,
18,Centralized,Public_Assembly_Social_meeting,,,,,,
19,0,Public_Assembly_Social_meeting,,,,,,
19,1,Public_Assembly_Social_meeting,,,,,,
19,2,Public_Assembly_Social_meeting,,,,,,
19,3,Public_Assembly_Social_meeting,,,,,,
19,4,Public_Assembly_Social_meeting,,,,,,
19,5,Public_Assembly_Social_meeting,,,,,,
19,Aggregated,Public_Assembly_Social_meeting,,,,,,
19,Centralized,Public_Assembly_Social_meeting,,,,,,
20,0,Public_Assembly_Social_meeting,,,,,,
20,1,Public_Assembly_Social_meeting,,,,,,
20,2,Public_Assembly_Social_meeting,,,,,,
20,3,Public_Assembly_Social_meeting,,,,,,
20,4,Public_Assembly_Social_meeting,,,,,,
20,5,Public_Assembly_Social_meeting,,,,,,
20,Aggregated,Public_Assembly_Social_meeting,,,,,,
20,Centralized,Public_Assembly_Social_meeting,,,,,,
21,0,Public_Assembly_Social_meeting,,,,,,
21,1,Public_Assembly_Social_meeting,,,,,,
21,2,Public_Assembly_Social_meeting,,,,,,
21,3,Public_Assembly_Social_meeting,,,,,,
21,4,Public_Assembly_Social_meeting,,,,,,
21,5,Public_Assembly_Social_meeting,,,,,,
21,Aggregated,Public_Assembly_Social_meeting,,,,,,
21,Centralized,Public_Assembly_Social_meeting,,,,,,
22,0,Public_Assembly_Social_meeting,,,,,,
22,1,Public_Assembly_Social_meeting,,,,,,
22,2,Public_Assembly_Social_meeting,,,,,,
22,3,Public_Assembly_Social_meeting,,,,,,
22,4,Public_Assembly_Social_meeting,,,,,,
22,5,Public_Assembly_Social_meeting,,,,,,
22,Aggregated,Public_Assembly_Social_meeting,,,,,,
22,Centralized,Public_Assembly_Social_meeting,,,,,,
23,0,Public_Assembly_Social_meeting,,,,,,
23,1,Public_Assembly_Social_meeting,,,,,,
23,2,Public_Assembly_Social_meeting,,,,,,
23,3,Public_Assembly_Social_meeting,,,,,,
23,4,Public_Assembly_Social_meeting,,,,,,
23,5,Public_Assembly_Social_meeting,,,,,,
23,Aggregated,Public_Assembly_Social_meeting,,,,,,
23,Centralized,Public_Assembly_Social_meeting,,,,,,
24,0,Public_Assembly_Social_meeting,,,,,,
24,1,Public_Assembly_Social_meeting,,,,,,
24,2,Public_Assembly_Social_meeting,,,,,,
24,3,Public_Assembly_Social_meeting,,,,,,
24,4,Public_Assembly_Social_meeting,,,,,,
24,5,Public_Assembly_Social_meeting,,,,,,
24,Aggregated,Public_Assembly_Social_meeting,,,,,,
24,Centralized,Public_Assembly_Social_meeting,,,,,,
25,0,Public_Assembly_Social_meeting,,,,,,
25,1,Public_Assembly_Social_meeting,,,,,,
25,2,Public_Assembly_Social_meeting,,,,,,
25,3,Public_Assembly_Social_meeting,,,,,,
25,4,Public_Assembly_Social_meeting,,,,,,
25,5,Public_Assembly_Social_meeting,,,,,,
25,Aggregated,Public_Assembly_Social_meeting,,,,,,
25,Centralized,Public_Assembly_Social_meeting,,,,,,
26,0,Public_Assembly_Social_meeting,,,,,,
26,1,Public_Assembly_Social_meeting,,,,,,
26,2,Public_Assembly_Social_meeting,,,,,,
26,3,Public_Assembly_Social_meeting,,,,,,
26,4,Public_Assembly_Social_meeting,,,,,,
26,5,Public_Assembly_Social_meeting,,,,,,
26,Aggregated,Public_Assembly_Social_meeting,,,,,,
26,Centralized,Public_Assembly_Social_meeting,,,,,,
27,0,Public_Assembly_Social_meeting,,,,,,
27,1,Public_Assembly_Social_meeting,,,,,,
27,2,Public_Assembly_Social_meeting,,,,,,
27,3,Public_Assembly_Social_meeting,,,,,,
27,4,Public_Assembly_Social_meeting,,,,,,
27,5,Public_Assembly_Social_meeting,,,,,,
27,Aggregated,Public_Assembly_Social_meeting,,,,,,
27,Centralized,Public_Assembly_Social_meeting,,,,,,
28,0,Public_Assembly_Social_meeting,,,,,,
28,1,Public_Assembly_Social_meeting,,,,,,
28,2,Public_Assembly_Social_meeting,,,,,,
28,3,Public_Assembly_Social_meeting,,,,,,
28,4,Public_Assembly_Social_meeting,,,,,,
28,5,Public_Assembly_Social_meeting,,,,,,
28,Aggregated,Public_Assembly_Social_meeting,,,,,,
28,Centralized,Public_Assembly_Social_meeting,,,,,,
29,0,Public_Assembly_Social_meeting,,,,,,
29,1,Public_Assembly_Social_meeting,,,,,,
29,2,Public_Assembly_Social_meeting,,,,,,
29,3,Public_Assembly_Social_meeting,,,,,,
29,4,Public_Assembly_Social_meeting,,,,,,
29,5,Public_Assembly_Social_meeting,,,,,,
29,Aggregated,Public_Assembly_Social_meeting,,,,,,
29,Centralized,Public_Assembly_Social_meeting,,,,,,
30,0,Public_Assembly_Social_meeting,,,,,,
30,1,Public_Assembly_Social_meeting,,,,,,
30,2,Public_Assembly_Social_meeting,,,,,,
30,3,Public_Assembly_Social_meeting,,,,,,
30,4,Public_Assembly_Social_meeting,,,,,,
30,5,Public_Assembly_Social_meeting,,,,,,
30,Aggregated,Public_Assembly_Social_meeting,,,,,,
30,Centralized,Public_Assembly_Social_meeting,,,,,,
31,0,Public_Assembly_Social_meeting,,,,,,
31,1,Public_Assembly_Social_meeting,,,,,,
31,2,Public_Assembly_Social_meeting,,,,,,
31,3,Public_Assembly_Social_meeting,,,,,,
31,4,Public_Assembly_Social_meeting,,,,,,
31,5,Public_Assembly_Social_meeting,,,,,,
31,Aggregated,Public_Assembly_Social_meeting,,,,,,
31,Centralized,Public_Assembly_Social_meeting,,,,,,
32,0,Public_Assembly_Social_meeting,,,,,,
32,1,Public_Assembly_Social_meeting,,,,,,
32,2,Public_Assembly_Social_meeting,,,,,,
32,3,Public_Assembly_Social_meeting,,,,,,
32,4,Public_Assembly_Social_meeting,,,,,,
32,5,Public_Assembly_Social_meeting,,,,,,
32,Aggregated,Public_Assembly_Social_meeting,,,,,,
32,Centralized,Public_Assembly_Social_meeting,,,,,,
33,0,Public_Assembly_Social_meeting,,,,,,
33,1,Public_Assembly_Social_meeting,,,,,,
33,2,Public_Assembly_Social_meeting,,,,,,
33,3,Public_Assembly_Social_meeting,,,,,,
33,4,Public_Assembly_Social_meeting,,,,,,
33,5,Public_Assembly_Social_meeting,,,,,,
33,Aggregated,Public_Assembly_Social_meeting,,,,,,
33,Centralized,Public_Assembly_Social_meeting,,,,,,
34,0,Public_Assembly_Social_meeting,,,,,,
34,1,Public_Assembly_Social_meeting,,,,,,
34,2,Public_Assembly_Social_meeting,,,,,,
34,3,Public_Assembly_Social_meeting,,,,,,
34,4,Public_Assembly_Social_meeting,,,,,,
34,5,Public_Assembly_Social_meeting,,,,,,
34,Aggregated,Public_Assembly_Social_meeting,,,,,,
34,Centralized,Public_Assembly_Social_meeting,,,,,,
35,0,Public_Assembly_Social_meeting,,,,,,
35,1,Public_Assembly_Social_meeting,,,,,,
35,2,Public_Assembly_Social_meeting,,,,,,
35,3,Public_Assembly_Social_meeting,,,,,,
35,4,Public_Assembly_Social_meeting,,,,,,
35,5,Public_Assembly_Social_meeting,,,,,,
35,Aggregated,Public_Assembly_Social_meeting,,,,,,
35,Centralized,Public_Assembly_Social_meeting,,,,,,
36,0,Public_Assembly_Social_meeting,,,,,,
36,1,Public_Assembly_Social_meeting,,,,,,
36,2,Public_Assembly_Social_meeting,,,,,,
36,3,Public_Assembly_Social_meeting,,,,,,
36,4,Public_Assembly_Social_meeting,,,,,,
36,5,Public_Assembly_Social_meeting,,,,,,
36,Aggregated,Public_Assembly_Social_meeting,,,,,,
36,Centralized,Public_Assembly_Social_meeting,,,,,,
37,0,Public_Assembly_Social_meeting,,,,,,
37,1,Public_Assembly_Social_meeting,,,,,,
37,2,Public_Assembly_Social_meeting,,,,,,
37,3,Public_Assembly_Social_meeting,,,,,,
37,4,Public_Assembly_Social_meeting,,,,,,
37,5,Public_Assembly_Social_meeting,,,,,,
37,Aggregated,Public_Assembly_Social_meeting,,,,,,
37,Centralized,Public_Assembly_Social_meeting,,,,,,
38,0,Public_Assembly_Social_meeting,,,,,,
38,1,Public_Assembly_Social_meeting,,,,,,
38,2,Public_Assembly_Social_meeting,,,,,,
38,3,Public_Assembly_Social_meeting,,,,,,
38,4,Public_Assembly_Social_meeting,,,,,,
38,5,Public_Assembly_Social_meeting,,,,,,
38,Aggregated,Public_Assembly_Social_meeting,,,,,,
38,Centralized,Public_Assembly_Social_meeting,,,,,,
39,0,Public_Assembly_Social_meeting,,,,,,
39,1,Public_Assembly_Social_meeting,,,,,,
39,2,Public_Assembly_Social_meeting,,,,,,
39,3,Public_Assembly_Social_meeting,,,,,,
39,4,Public_Assembly_Social_meeting,,,,,,
39,5,Public_Assembly_Social_meeting,,,,,,
39,Aggregated,Public_Assembly_Social_meeting,,,,,,
39,Centralized,Public_Assembly_Social_meeting,,,,,,
40,0,Public_Assembly_Social_meeting,,,,,,
40,1,Public_Assembly_Social_meeting,,,,,,
40,2,Public_Assembly_Social_meeting,,,,,,
40,3,Public_Assembly_Social_meeting,,,,,,
40,4,Public_Assembly_Social_meeting,,,,,,
40,5,Public_Assembly_Social_meeting,,,,,,
40,Aggregated,Public_Assembly_Social_meeting,,,,,,
40,Centralized,Public_Assembly_Social_meeting,,,,,,
41,0,Public_Assembly_Social_meeting,,,,,,
41,1,Public_Assembly_Social_meeting,,,,,,
41,2,Public_Assembly_Social_meeting,,,,,,
41,3,Public_Assembly_Social_meeting,,,,,,
41,4,Public_Assembly_Social_meeting,,,,,,
41,5,Public_Assembly_Social_meeting,,,,,,
41,Aggregated,Public_Assembly_Social_meeting,,,,,,
41,Centralized,Public_Assembly_Social_meeting,,,,,,
42,0,Public_Assembly_Social_meeting,,,,,,
42,1,Public_Assembly_Social_meeting,,,,,,
42,2,Public_Assembly_Social_meeting,,,,,,
42,3,Public_Assembly_Social_meeting,,,,,,
42,4,Public_Assembly_Social_meeting,,,,,,
42,5,Public_Assembly_Social_meeting,,,,,,
42,Aggregated,Public_Assembly_Social_meeting,,,,,,
42,Centralized,Public_Assembly_Social_meeting,,,,,,
43,0,Public_Assembly_Social_meeting,,,,,,
43,1,Public_Assembly_Social_meeting,,,,,,
43,2,Public_Assembly_Social_meeting,,,,,,
43,3,Public_Assembly_Social_meeting,,,,,,
43,4,Public_Assembly_Social_meeting,,,,,,
43,5,Public_Assembly_Social_meeting,,,,,,
43,Aggregated,Public_Assembly_Social_meeting,,,,,,
43,Centralized,Public_Assembly_Social_meeting,,,,,,
44,0,Public_Assembly_Social_meeting,,,,,,
44,1,Public_Assembly_Social_meeting,,,,,,
44,2,Public_Assembly_Social_meeting,,,,,,
44,3,Public_Assembly_Social_meeting,,,,,,
44,4,Public_Assembly_Social_meeting,,,,,,
44,5,Public_Assembly_Social_meeting,,,,,,
44,Aggregated,Public_Assembly_Social_meeting,,,,,,
44,Centralized,Public_Assembly_Social_meeting,,,,,,
45,0,Public_Assembly_Social_meeting,,,,,,
45,1,Public_Assembly_Social_meeting,,,,,,
45,2,Public_Assembly_Social_meeting,,,,,,
45,3,Public_Assembly_Social_meeting,,,,,,
45,4,Public_Assembly_Social_meeting,,,,,,
45,5,Public_Assembly_Social_meeting,,,,,,
45,Aggregated,Public_Assembly_Social_meeting,,,,,,
45,Centralized,Public_Assembly_Social_meeting,,,,,,
46,0,Public_Assembly_Social_meeting,,,,,,
46,1,Public_Assembly_Social_meeting,,,,,,
46,2,Public_Assembly_Social_meeting,,,,,,
46,3,Public_Assembly_Social_meeting,,,,,,
46,4,Public_Assembly_Social_meeting,,,,,,
46,5,Public_Assembly_Social_meeting,,,,,,
46,Aggregated,Public_Assembly_Social_meeting,,,,,,
46,Centralized,Public_Assembly_Social_meeting,,,,,,
47,0,Public_Assembly_Social_meeting,,,,,,
47,1,Public_Assembly_Social_meeting,,,,,,
47,2,Public_Assembly_Social_meeting,,,,,,
47,3,Public_Assembly_Social_meeting,,,,,,
47,4,Public_Assembly_Social_meeting,,,,,,
47,5,Public_Assembly_Social_meeting,,,,,,
47,Aggregated,Public_Assembly_Social_meeting,,,,,,
47,Centralized,Public_Assembly_Social_meeting,,,,,,
48,0,Public_Assembly_Social_meeting,,,,,,
48,1,Public_Assembly_Social_meeting,,,,,,
48,2,Public_Assembly_Social_meeting,,,,,,
48,3,Public_Assembly_Social_meeting,,,,,,
48,4,Public_Assembly_Social_meeting,,,,,,
48,5,Public_Assembly_Social_meeting,,,,,,
48,Aggregated,Public_Assembly_Social_meeting,,,,,,
48,Centralized,Public_Assembly_Social_meeting,,,,,,
49,0,Public_Assembly_Social_meeting,,,,,,
49,1,Public_Assembly_Social_meeting,,,,,,
49,2,Public_Assembly_Social_meeting,,,,,,
49,3,Public_Assembly_Social_meeting,,,,,,
49,4,Public_Assembly_Social_meeting,,,,,,
49,5,Public_Assembly_Social_meeting,,,,,,
49,Aggregated,Public_Assembly_Social_meeting,,,,,,
49,Centralized,Public_Assembly_Social_meeting,,,,,,
50,0,Public_Assembly_Social_meeting,,,,,,
50,1,Public_Assembly_Social_meeting,,,,,,
50,2,Public_Assembly_Social_meeting,,,,,,
50,3,Public_Assembly_Social_meeting,,,,,,
50,4,Public_Assembly_Social_meeting,,,,,,
50,5,Public_Assembly_Social_meeting,,,,,,
50,Aggregated,Public_Assembly_Social_meeting,,,,,,
50,Centralized,Public_Assembly_Social_meeting,,,,,,
0,0,Warehouse_Distribution_or_Shipping_center,,,,,,
0,1,Warehouse_Distribution_or_Shipping_center,,,,,,
0,2,Warehouse_Distribution_or_Shipping_center,,,,,,
0,3,Warehouse_Distribution_or_Shipping_center,,,,,,
0,4,Warehouse_Distribution_or_Shipping_center,,,,,,
0,5,Warehouse_Distribution_or_Shipping_center,,,,,,
0,Aggregated,Warehouse_Distribution_or_Shipping_center,,,,,,
0,Centralized,Warehouse_Distribution_or_Shipping_center,,,,,,
1,0,Warehouse_Distribution_or_Shipping_center,,,,,,
1,1,Warehouse_Distribution_or_Shipping_center,,,,,,
1,2,Warehouse_Distribution_or_Shipping_center,,,,,,
1,3,Warehouse_Distribution_or_Shipping_center,,,,,,
1,4,Warehouse_Distribution_or_Shipping_center,,,,,,
1,5,Warehouse_Distribution_or_Shipping_center,,,,,,
1,Aggregated,Warehouse_Distribution_or_Shipping_center,,,,,,
1,Centralized,Warehouse_Distribution_or_Shipping_center,,,,,,
2,0,Warehouse_Distribution_or_Shipping_center,,,,,,
2,1,Warehouse_Distribution_or_Shipping_center,,,,,,
2,2,Warehouse_Distribution_or_Shipping_center,,,,,,
2,3,Warehouse_Distribution_or_Shipping_center,,,,,,
2,4,Warehouse_Distribution_or_Shipping_center,,,,,,
2,5,Warehouse_Distribution_or_Shipping_center,,,,,,
2,Aggregated,Warehouse_Distribution_or_Shipping_center,,,,,,
2,Centralized,Warehouse_Distribution_or_Shipping_center,,,,,,
3,0,Warehouse_Distribution_or_Shipping_center,,,,,,
3,1,Warehouse_Distribution_or_Shipping_center,,,,,,
3,2,Warehouse_Distribution_or_Shipping_center,,,,,,
3,3,Warehouse_Distribution_or_Shipping_center,,,,,,
3,4,Warehouse_Distribution_or_Shipping_center,,,,,,
3,5,Warehouse_Distribution_or_Shipping_center,,,,,,
3,Aggregated,Warehouse_Distribution_or_Shipping_center,,,,,,
3,Centralized,Warehouse_Distribution_or_Shipping_center,,,,,,
4,0,Warehouse_Distribution_or_Shipping_center,,,,,,
4,1,Warehouse_Distribution_or_Shipping_center,,,,,,
4,2,Warehouse_Distribution_or_Shipping_center,,,,,,
4,3,Warehouse_Distribution_or_Shipping_center,,,,,,
4,4,Warehouse_Distribution_or_Shipping_center,,,,,,
4,5,Warehouse_Distribution_or_Shipping_center,,,,,,
4,Aggregated,Warehouse_Distribution_or_Shipping_center,,,,,,
4,Centralized,Warehouse_Distribution_or_Shipping_center,,,,,,
5,0,Warehouse_Distribution_or_Shipping_center,,,,,,
5,1,Warehouse_Distribution_or_Shipping_center,,,,,,
5,2,Warehouse_Distribution_or_Shipping_center,,,,,,
5,3,Warehouse_Distribution_or_Shipping_center,,,,,,
5,4,Warehouse_Distribution_or_Shipping_center,,,,,,
5,5,Warehouse_Distribution_or_Shipping_center,,,,,,
5,Aggregated,Warehouse_Distribution_or_Shipping_center,,,,,,
5,Centralized,Warehouse_Distribution_or_Shipping_center,,,,,,
6,0,Warehouse_Distribution_or_Shipping_center,,,,,,
6,1,Warehouse_Distribution_or_Shipping_center,,,,,,
6,2,Warehouse_Distribution_or_Shipping_center,,,,,,
6,3,Warehouse_Distribution_or_Shipping_center,,,,,,
6,4,Warehouse_Distribution_or_Shipping_center,,,,,,
6,5,Warehouse_Distribution_or_Shipping_center,,,,,,
6,Aggregated,Warehouse_Distribution_or_Shipping_center,,,,,,
6,Centralized,Warehouse_Distribution_or_Shipping_center,,,,,,
7,0,Warehouse_Distribution_or_Shipping_center,,,,,,
7,1,Warehouse_Distribution_or_Shipping_center,,,,,,
7,2,Warehouse_Distribution_or_Shipping_center,,,,,,
7,3,Warehouse_Distribution_or_Shipping_center,,,,,,
7,4,Warehouse_Distribution_or_Shipping_center,,,,,,
7,5,Warehouse_Distribution_or_Shipping_center,,,,,,
7,Aggregated,Warehouse_Distribution_or_Shipping_center,,,,,,
7,Centralized,Warehouse_Distribution_or_Shipping_center,,,,,,
8,0,Warehouse_Distribution_or_Shipping_center,,,,,,
8,1,Warehouse_Distribution_or_Shipping_center,,,,,,
8,2,Warehouse_Distribution_or_Shipping_center,,,,,,
8,3,Warehouse_Distribution_or_Shipping_center,,,,,,
8,4,Warehouse_Distribution_or_Shipping_center,,,,,,
8,5,Warehouse_Distribution_or_Shipping_center,,,,,,
8,Aggregated,Warehouse_Distribution_or_Shipping_center,,,,,,
8,Centralized,Warehouse_Distribution_or_Shipping_center,,,,,,
9,0,Warehouse_Distribution_or_Shipping_center,,,,,,
9,1,Warehouse_Distribution_or_Shipping_center,,,,,,
9,2,Warehouse_Distribution_or_Shipping_center,,,,,,
9,3,Warehouse_Distribution_or_Shipping_center,,,,,,
9,4,Warehouse_Distribution_or_Shipping_center,,,,,,
9,5,Warehouse_Distribution_or_Shipping_center,,,,,,
9,Aggregated,Warehouse_Distribution_or_Shipping_center,,,,,,
9,Centralized,Warehouse_Distribution_or_Shipping_center,,,,,,
10,0,Warehouse_Distribution_or_Shipping_center,,,,,,
10,1,Warehouse_Distribution_or_Shipping_center,,,,,,
10,2,Warehouse_Distribution_or_Shipping_center,,,,,,
10,3,Warehouse_Distribution_or_Shipping_center,,,,,,
10,4,Warehouse_Distribution_or_Shipping_center,,,,,,
10,5,Warehouse_Distribution_or_Shipping_center,,,,,,
10,Aggregated,Warehouse_Distribution_or_Shipping_center,,,,,,
10,Centralized,Warehouse_Distribution_or_Shipping_center,,,,,,
11,0,Warehouse_Distribution_or_Shipping_center,,,,,,
11,1,Warehouse_Distribution_or_Shipping_center,,,,,,
11,2,Warehouse_Distribution_or_Shipping_center,,,,,,
11,3,Warehouse_Distribution_or_Shipping_center,,,,,,
11,4,Warehouse_Distribution_or_Shipping_center,,,,,,
11,5,Warehouse_Distribution_or_Shipping_center,,,,,,
11,Aggregated,Warehouse_Distribution_or_Shipping_center,,,,,,
11,Centralized,Warehouse_Distribution_or_Shipping_center,,,,,,
12,0,Warehouse_Distribution_or_Shipping_center,,,,,,
12,1,Warehouse_Distribution_or_Shipping_center,,,,,,
12,2,Warehouse_Distribution_or_Shipping_center,,,,,,
12,3,Warehouse_Distribution_or_Shipping_center,,,,,,
12,4,Warehouse_Distribution_or_Shipping_center,,,,,,
12,5,Warehouse_Distribution_or_Shipping_center,,,,,,
12,Aggregated,Warehouse_Distribution_or_Shipping_center,,,,,,
12,Centralized,Warehouse_Distribution_or_Shipping_center,,,,,,
13,0,Warehouse_Distribution_or_Shipping_center,,,,,,
13,1,Warehouse_Distribution_or_Shipping_center,,,,,,
13,2,Warehouse_Distribution_or_Shipping_center,,,,,,
13,3,Warehouse_Distribution_or_Shipping_center,,,,,,
13,4,Warehouse_Distribution_or_Shipping_center,,,,,,
13,5,Warehouse_Distribution_or_Shipping_center,,,,,,
13,Aggregated,Warehouse_Distribution_or_Shipping_center,,,,,,
13,Centralized,Warehouse_Distribution_or_Shipping_center,,,,,,
14,0,Warehouse_Distribution_or_Shipping_center,,,,,,
14,1,Warehouse_Distribution_or_Shipping_center,,,,,,
14,2,Warehouse_Distribution_or_Shipping_center,,,,,,
14,3,Warehouse_Distribution_or_Shipping_center,,,,,,
14,4,Warehouse_Distribution_or_Shipping_center,,,,,,
14,5,Warehouse_Distribution_or_Shipping_center,,,,,,
14,Aggregated,Warehouse_Distribution_or_Shipping_center,,,,,,
14,Centralized,Warehouse_Distribution_or_Shipping_center,,,,,,
15,0,Warehouse_Distribution_or_Shipping_center,,,,,,
15,1,Warehouse_Distribution_or_Shipping_center,,,,,,
15,2,Warehouse_Distribution_or_Shipping_center,,,,,,
15,3,Warehouse_Distribution_or_Shipping_center,,,,,,
15,4,Warehouse_Distribution_or_Shipping_center,,,,,,
15,5,Warehouse_Distribution_or_Shipping_center,,,,,,
15,Aggregated,Warehouse_Distribution_or_Shipping_center,,,,,,
15,Centralized,Warehouse_Distribution_or_Shipping_center,,,,,,
16,0,Warehouse_Distribution_or_Shipping_center,,,,,,
16,1,Warehouse_Distribution_or_Shipping_center,,,,,,
16,2,Warehouse_Distribution_or_Shipping_center,,,,,,
16,3,Warehouse_Distribution_or_Shipping_center,,,,,,
16,4,Warehouse_Distribution_or_Shipping_center,,,,,,
16,5,Warehouse_Distribution_or_Shipping_center,,,,,,
16,Aggregated,Warehouse_Distribution_or_Shipping_center,,,,,,
16,Centralized,Warehouse_Distribution_or_Shipping_center,,,,,,
17,0,Warehouse_Distribution_or_Shipping_center,,,,,,
17,1,Warehouse_Distribution_or_Shipping_center,,,,,,
17,2,Warehouse_Distribution_or_Shipping_center,,,,,,
17,3,Warehouse_Distribution_or_Shipping_center,,,,,,
17,4,Warehouse_Distribution_or_Shipping_center,,,,,,
17,5,Warehouse_Distribution_or_Shipping_center,,,,,,
17,Aggregated,Warehouse_Distribution_or_Shipping_center,,,,,,
17,Centralized,Warehouse_Distribution_or_Shipping_center,,,,,,
18,0,Warehouse_Distribution_or_Shipping_center,,,,,,
18,1,Warehouse_Distribution_or_Shipping_center,,,,,,
18,2,Warehouse_Distribution_or_Shipping_center,,,,,,
18,3,Warehouse_Distribution_or_Shipping_center,,,,,,
18,4,Warehouse_Distribution_or_Shipping_center,,,,,,
18,5,Warehouse_Distribution_or_Shipping_center,,,,,,
18,Aggregated,Warehouse_Distribution_or_Shipping_center,,,,,,
18,Centralized,Warehouse_Distribution_or_Shipping_center,,,,,,
19,0,Warehouse_Distribution_or_Shipping_center,,,,,,
19,1,Warehouse_Distribution_or_Shipping_center,,,,,,
19,2,Warehouse_Distribution_or_Shipping_center,,,,,,
19,3,Warehouse_Distribution_or_Shipping_center,,,,,,
19,4,Warehouse_Distribution_or_Shipping_center,,,,,,
19,5,Warehouse_Distribution_or_Shipping_center,,,,,,
19,Aggregated,Warehouse_Distribution_or_Shipping_center,,,,,,
19,Centralized,Warehouse_Distribution_or_Shipping_center,,,,,,
20,0,Warehouse_Distribution_or_Shipping_center,,,,,,
20,1,Warehouse_Distribution_or_Shipping_center,,,,,,
20,2,Warehouse_Distribution_or_Shipping_center,,,,,,
20,3,Warehouse_Distribution_or_Shipping_center,,,,,,
20,4,Warehouse_Distribution_or_Shipping_center,,,,,,
20,5,Warehouse_Distribution_or_Shipping_center,,,,,,
20,Aggregated,Warehouse_Distribution_or_Shipping_center,,,,,,
20,Centralized,Warehouse_Distribution_or_Shipping_center,,,,,,
21,0,Warehouse_Distribution_or_Shipping_center,,,,,,
21,1,Warehouse_Distribution_or_Shipping_center,,,,,,
21,2,Warehouse_Distribution_or_Shipping_center,,,,,,
21,3,Warehouse_Distribution_or_Shipping_center,,,,,,
21,4,Warehouse_Distribution_or_Shipping_center,,,,,,
21,5,Warehouse_Distribution_or_Shipping_center,,,,,,
21,Aggregated,Warehouse_Distribution_or_Shipping_center,,,,,,
21,Centralized,Warehouse_Distribution_or_Shipping_center,,,,,,
22,0,Warehouse_Distribution_or_Shipping_center,,,,,,
22,1,Warehouse_Distribution_or_Shipping_center,,,,,,
22,2,Warehouse_Distribution_or_Shipping_center,,,,,,
22,3,Warehouse_Distribution_or_Shipping_center,,,,,,
22,4,Warehouse_Distribution_or_Shipping_center,,,,,,
22,5,Warehouse_Distribution_or_Shipping_center,,,,,,
22,Aggregated,Warehouse_Distribution_or_Shipping_center,,,,,,
22,Centralized,Warehouse_Distribution_or_Shipping_center,,,,,,
23,0,Warehouse_Distribution_or_Shipping_center,,,,,,
23,1,Warehouse_Distribution_or_Shipping_center,,,,,,
23,2,Warehouse_Distribution_or_Shipping_center,,,,,,
23,3,Warehouse_Distribution_or_Shipping_center,,,,,,
23,4,Warehouse_Distribution_or_Shipping_center,,,,,,
23,5,Warehouse_Distribution_or_Shipping_center,,,,,,
23,Aggregated,Warehouse_Distribution_or_Shipping_center,,,,,,
23,Centralized,Warehouse_Distribution_or_Shipping_center,,,,,,
24,0,Warehouse_Distribution_or_Shipping_center,,,,,,
24,1,Warehouse_Distribution_or_Shipping_center,,,,,,
24,2,Warehouse_Distribution_or_Shipping_center,,,,,,
24,3,Warehouse_Distribution_or_Shipping_center,,,,,,
24,4,Warehouse_Distribution_or_Shipping_center,,,,,,
24,5,Warehouse_Distribution_or_Shipping_center,,,,,,
24,Aggregated,Warehouse_Distribution_or_Shipping_center,,,,,,
24,Centralized,Warehouse_Distribution_or_Shipping_center,,,,,,
25,0,Warehouse_Distribution_or_Shipping_center,,,,,,
25,1,Warehouse_Distribution_or_Shipping_center,,,,,,
25,2,Warehouse_Distribution_or_Shipping_center,,,,,,
25,3,Warehouse_Distribution_or_Shipping_center,,,,,,
25,4,Warehouse_Distribution_or_Shipping_center,,,,,,
25,5,Warehouse_Distribution_or_Shipping_center,,,,,,
25,Aggregated,Warehouse_Distribution_or_Shipping_center,,,,,,
25,Centralized,Warehouse_Distribution_or_Shipping_center,,,,,,
26,0,Warehouse_Distribution_or_Shipping_center,,,,,,
26,1,Warehouse_Distribution_or_Shipping_center,,,,,,
26,2,Warehouse_Distribution_or_Shipping_center,,,,,,
26,3,Warehouse_Distribution_or_Shipping_center,,,,,,
26,4,Warehouse_Distribution_or_Shipping_center,,,,,,
26,5,Warehouse_Distribution_or_Shipping_center,,,,,,
26,Aggregated,Warehouse_Distribution_or_Shipping_center,,,,,,
26,Centralized,Warehouse_Distribution_or_Shipping_center,,,,,,
27,0,Warehouse_Distribution_or_Shipping_center,,,,,,
27,1,Warehouse_Distribution_or_Shipping_center,,,,,,
27,2,Warehouse_Distribution_or_Shipping_center,,,,,,
27,3,Warehouse_Distribution_or_Shipping_center,,,,,,
27,4,Warehouse_Distribution_or_Shipping_center,,,,,,
27,5,Warehouse_Distribution_or_Shipping_center,,,,,,
27,Aggregated,Warehouse_Distribution_or_Shipping_center,,,,,,
27,Centralized,Warehouse_Distribution_or_Shipping_center,,,,,,
28,0,Warehouse_Distribution_or_Shipping_center,,,,,,
28,1,Warehouse_Distribution_or_Shipping_center,,,,,,
28,2,Warehouse_Distribution_or_Shipping_center,,,,,,
28,3,Warehouse_Distribution_or_Shipping_center,,,,,,
28,4,Warehouse_Distribution_or_Shipping_center,,,,,,
28,5,Warehouse_Distribution_or_Shipping_center,,,,,,
28,Aggregated,Warehouse_Distribution_or_Shipping_center,,,,,,
28,Centralized,Warehouse_Distribution_or_Shipping_center,,,,,,
29,0,Warehouse_Distribution_or_Shipping_center,,,,,,
29,1,Warehouse_Distribution_or_Shipping_center,,,,,,
29,2,Warehouse_Distribution_or_Shipping_center,,,,,,
29,3,Warehouse_Distribution_or_Shipping_center,,,,,,
29,4,Warehouse_Distribution_or_Shipping_center,,,,,,
29,5,Warehouse_Distribution_or_Shipping_center,,,,,,
29,Aggregated,Warehouse_Distribution_or_Shipping_center,,,,,,
29,Centralized,Warehouse_Distribution_or_Shipping_center,,,,,,
30,0,Warehouse_Distribution_or_Shipping_center,,,,,,
30,1,Warehouse_Distribution_or_Shipping_center,,,,,,
30,2,Warehouse_Distribution_or_Shipping_center,,,,,,
30,3,Warehouse_Distribution_or_Shipping_center,,,,,,
30,4,Warehouse_Distribution_or_Shipping_center,,,,,,
30,5,Warehouse_Distribution_or_Shipping_center,,,,,,
30,Aggregated,Warehouse_Distribution_or_Shipping_center,,,,,,
30,Centralized,Warehouse_Distribution_or_Shipping_center,,,,,,
31,0,Warehouse_Distribution_or_Shipping_center,,,,,,
31,1,Warehouse_Distribution_or_Shipping_center,,,,,,
31,2,Warehouse_Distribution_or_Shipping_center,,,,,,
31,3,Warehouse_Distribution_or_Shipping_center,,,,,,
31,4,Warehouse_Distribution_or_Shipping_center,,,,,,
31,5,Warehouse_Distribution_or_Shipping_center,,,,,,
31,Aggregated,Warehouse_Distribution_or_Shipping_center,,,,,,
31,Centralized,Warehouse_Distribution_or_Shipping_center,,,,,,
32,0,Warehouse_Distribution_or_Shipping_center,,,,,,
32,1,Warehouse_Distribution_or_Shipping_center,,,,,,
32,2,Warehouse_Distribution_or_Shipping_center,,,,,,
32,3,Warehouse_Distribution_or_Shipping_center,,,,,,
32,4,Warehouse_Distribution_or_Shipping_center,,,,,,
32,5,Warehouse_Distribution_or_Shipping_center,,,,,,
32,Aggregated,Warehouse_Distribution_or_Shipping_center,,,,,,
32,Centralized,Warehouse_Distribution_or_Shipping_center,,,,,,
33,0,Warehouse_Distribution_or_Shipping_center,,,,,,
33,1,Warehouse_Distribution_or_Shipping_center,,,,,,
33,2,Warehouse_Distribution_or_Shipping_center,,,,,,
33,3,Warehouse_Distribution_or_Shipping_center,,,,,,
33,4,Warehouse_Distribution_or_Shipping_center,,,,,,
33,5,Warehouse_Distribution_or_Shipping_center,,,,,,
33,Aggregated,Warehouse_Distribution_or_Shipping_center,,,,,,
33,Centralized,Warehouse_Distribution_or_Shipping_center,,,,,,
34,0,Warehouse_Distribution_or_Shipping_center,,,,,,
34,1,Warehouse_Distribution_or_Shipping_center,,,,,,
34,2,Warehouse_Distribution_or_Shipping_center,,,,,,
34,3,Warehouse_Distribution_or_Shipping_center,,,,,,
34,4,Warehouse_Distribution_or_Shipping_center,,,,,,
34,5,Warehouse_Distribution_or_Shipping_center,,,,,,
34,Aggregated,Warehouse_Distribution_or_Shipping_center,,,,,,
34,Centralized,Warehouse_Distribution_or_Shipping_center,,,,,,
35,0,Warehouse_Distribution_or_Shipping_center,,,,,,
35,1,Warehouse_Distribution_or_Shipping_center,,,,,,
35,2,Warehouse_Distribution_or_Shipping_center,,,,,,
35,3,Warehouse_Distribution_or_Shipping_center,,,,,,
35,4,Warehouse_Distribution_or_Shipping_center,,,,,,
35,5,Warehouse_Distribution_or_Shipping_center,,,,,,
35,Aggregated,Warehouse_Distribution_or_Shipping_center,,,,,,
35,Centralized,Warehouse_Distribution_or_Shipping_center,,,,,,
36,0,Warehouse_Distribution_or_Shipping_center,,,,,,
36,1,Warehouse_Distribution_or_Shipping_center,,,,,,
36,2,Warehouse_Distribution_or_Shipping_center,,,,,,
36,3,Warehouse_Distribution_or_Shipping_center,,,,,,
36,4,Warehouse_Distribution_or_Shipping_center,,,,,,
36,5,Warehouse_Distribution_or_Shipping_center,,,,,,
36,Aggregated,Warehouse_Distribution_or_Shipping_center,,,,,,
36,Centralized,Warehouse_Distribution_or_Shipping_center,,,,,,
37,0,Warehouse_Distribution_or_Shipping_center,,,,,,
37,1,Warehouse_Distribution_or_Shipping_center,,,,,,
37,2,Warehouse_Distribution_or_Shipping_center,,,,,,
37,3,Warehouse_Distribution_or_Shipping_center,,,,,,
37,4,Warehouse_Distribution_or_Shipping_center,,,,,,
37,5,Warehouse_Distribution_or_Shipping_center,,,,,,
37,Aggregated,Warehouse_Distribution_or_Shipping_center,,,,,,
37,Centralized,Warehouse_Distribution_or_Shipping_center,,,,,,
38,0,Warehouse_Distribution_or_Shipping_center,,,,,,
38,1,Warehouse_Distribution_or_Shipping_center,,,,,,
38,2,Warehouse_Distribution_or_Shipping_center,,,,,,
38,3,Warehouse_Distribution_or_Shipping_center,,,,,,
38,4,Warehouse_Distribution_or_Shipping_center,,,,,,
38,5,Warehouse_Distribution_or_Shipping_center,,,,,,
38,Aggregated,Warehouse_Distribution_or_Shipping_center,,,,,,
38,Centralized,Warehouse_Distribution_or_Shipping_center,,,,,,
39,0,Warehouse_Distribution_or_Shipping_center,,,,,,
39,1,Warehouse_Distribution_or_Shipping_center,,,,,,
39,2,Warehouse_Distribution_or_Shipping_center,,,,,,
39,3,Warehouse_Distribution_or_Shipping_center,,,,,,
39,4,Warehouse_Distribution_or_Shipping_center,,,,,,
39,5,Warehouse_Distribution_or_Shipping_center,,,,,,
39,Aggregated,Warehouse_Distribution_or_Shipping_center,,,,,,
39,Centralized,Warehouse_Distribution_or_Shipping_center,,,,,,
40,0,Warehouse_Distribution_or_Shipping_center,,,,,,
40,1,Warehouse_Distribution_or_Shipping_center,,,,,,
40,2,Warehouse_Distribution_or_Shipping_center,,,,,,
40,3,Warehouse_Distribution_or_Shipping_center,,,,,,
40,4,Warehouse_Distribution_or_Shipping_center,,,,,,
40,5,Warehouse_Distribution_or_Shipping_center,,,,,,
40,Aggregated,Warehouse_Distribution_or_Shipping_center,,,,,,
40,Centralized,Warehouse_Distribution_or_Shipping_center,,,,,,
41,0,Warehouse_Distribution_or_Shipping_center,,,,,,
41,1,Warehouse_Distribution_or_Shipping_center,,,,,,
41,2,Warehouse_Distribution_or_Shipping_center,,,,,,
41,3,Warehouse_Distribution_or_Shipping_center,,,,,,
41,4,Warehouse_Distribution_or_Shipping_center,,,,,,
41,5,Warehouse_Distribution_or_Shipping_center,,,,,,
41,Aggregated,Warehouse_Distribution_or_Shipping_center,,,,,,
41,Centralized,Warehouse_Distribution_or_Shipping_center,,,,,,
42,0,Warehouse_Distribution_or_Shipping_center,,,,,,
42,1,Warehouse_Distribution_or_Shipping_center,,,,,,
42,2,Warehouse_Distribution_or_Shipping_center,,,,,,
42,3,Warehouse_Distribution_or_Shipping_center,,,,,,
42,4,Warehouse_Distribution_or_Shipping_center,,,,,,
42,5,Warehouse_Distribution_or_Shipping_center,,,,,,
42,Aggregated,Warehouse_Distribution_or_Shipping_center,,,,,,
42,Centralized,Warehouse_Distribution_or_Shipping_center,,,,,,
43,0,Warehouse_Distribution_or_Shipping_center,,,,,,
43,1,Warehouse_Distribution_or_Shipping_center,,,,,,
43,2,Warehouse_Distribution_or_Shipping_center,,,,,,
43,3,Warehouse_Distribution_or_Shipping_center,,,,,,
43,4,Warehouse_Distribution_or_Shipping_center,,,,,,
43,5,Warehouse_Distribution_or_Shipping_center,,,,,,
43,Aggregated,Warehouse_Distribution_or_Shipping_center,,,,,,
43,Centralized,Warehouse_Distribution_or_Shipping_center,,,,,,
44,0,Warehouse_Distribution_or_Shipping_center,,,,,,
44,1,Warehouse_Distribution_or_Shipping_center,,,,,,
44,2,Warehouse_Distribution_or_Shipping_center,,,,,,
44,3,Warehouse_Distribution_or_Shipping_center,,,,,,
44,4,Warehouse_Distribution_or_Shipping_center,,,,,,
44,5,Warehouse_Distribution_or_Shipping_center,,,,,,
44,Aggregated,Warehouse_Distribution_or_Shipping_center,,,,,,
44,Centralized,Warehouse_Distribution_or_Shipping_center,,,,,,
45,0,Warehouse_Distribution_or_Shipping_center,,,,,,
45,1,Warehouse_Distribution_or_Shipping_center,,,,,,
45,2,Warehouse_Distribution_or_Shipping_center,,,,,,
45,3,Warehouse_Distribution_or_Shipping_center,,,,,,
45,4,Warehouse_Distribution_or_Shipping_center,,,,,,
45,5,Warehouse_Distribution_or_Shipping_center,,,,,,
45,Aggregated,Warehouse_Distribution_or_Shipping_center,,,,,,
45,Centralized,Warehouse_Distribution_or_Shipping_center,,,,,,
46,0,Warehouse_Distribution_or_Shipping_center,,,,,,
46,1,Warehouse_Distribution_or_Shipping_center,,,,,,
46,2,Warehouse_Distribution_or_Shipping_center,,,,,,
46,3,Warehouse_Distribution_or_Shipping_center,,,,,,
46,4,Warehouse_Distribution_or_Shipping_center,,,,,,
46,5,Warehouse_Distribution_or_Shipping_center,,,,,,
46,Aggregated,Warehouse_Distribution_or_Shipping_center,,,,,,
46,Centralized,Warehouse_Distribution_or_Shipping_center,,,,,,
47,0,Warehouse_Distribution_or_Shipping_center,,,,,,
47,1,Warehouse_Distribution_or_Shipping_center,,,,,,
47,2,Warehouse_Distribution_or_Shipping_center,,,,,,
47,3,Warehouse_Distribution_or_Shipping_center,,,,,,
47,4,Warehouse_Distribution_or_Shipping_center,,,,,,
47,5,Warehouse_Distribution_or_Shipping_center,,,,,,
47,Aggregated,Warehouse_Distribution_or_Shipping_center,,,,,,
47,Centralized,Warehouse_Distribution_or_Shipping_center,,,,,,
48,0,Warehouse_Distribution_or_Shipping_center,,,,,,
48,1,Warehouse_Distribution_or_Shipping_center,,,,,,
48,2,Warehouse_Distribution_or_Shipping_center,,,,,,
48,3,Warehouse_Distribution_or_Shipping_center,,,,,,
48,4,Warehouse_Distribution_or_Shipping_center,,,,,,
48,5,Warehouse_Distribution_or_Shipping_center,,,,,,
48,Aggregated,Warehouse_Distribution_or_Shipping_center,,,,,,
48,Centralized,Warehouse_Distribution_or_Shipping_center,,,,,,
49,0,Warehouse_Distribution_or_Shipping_center,,,,,,
49,1,Warehouse_Distribution_or_Shipping_center,,,,,,
49,2,Warehouse_Distribution_or_Shipping_center,,,,,,
49,3,Warehouse_Distribution_or_Shipping_center,,,,,,
49,4,Warehouse_Distribution_or_Shipping_center,,,,,,
49,5,Warehouse_Distribution_or_Shipping_center,,,,,,
49,Aggregated,Warehouse_Distribution_or_Shipping_center,,,,,,
49,Centralized,Warehouse_Distribution_or_Shipping_center,,,,,,
50,0,Warehouse_Distribution_or_Shipping_center,,,,,,
50,1,Warehouse_Distribution_or_Shipping_center,,,,,,
50,2,Warehouse_Distribution_or_Shipping_center,,,,,,
50,3,Warehouse_Distribution_or_Shipping_center,,,,,,
50,4,Warehouse_Distribution_or_Shipping_center,,,,,,
50,5,Warehouse_Distribution_or_Shipping_center,,,,,,
50,Aggregated,Warehouse_Distribution_or_Shipping_center,,,,,,
50,Centralized,Warehouse_Distribution_or_Shipping_center,,,,,,
0,0,Public_Safety_Fire_or_police_station,,,,,,
0,1,Public_Safety_Fire_or_police_station,,,,,,
0,2,Public_Safety_Fire_or_police_station,,,,,,
0,3,Public_Safety_Fire_or_police_station,,,,,,
0,4,Public_Safety_Fire_or_police_station,,,,,,
0,5,Public_Safety_Fire_or_police_station,,,,,,
0,Aggregated,Public_Safety_Fire_or_police_station,,,,,,
0,Centralized,Public_Safety_Fire_or_police_station,,,,,,
1,0,Public_Safety_Fire_or_police_station,,,,,,
1,1,Public_Safety_Fire_or_police_station,,,,,,
1,2,Public_Safety_Fire_or_police_station,,,,,,
1,3,Public_Safety_Fire_or_police_station,,,,,,
1,4,Public_Safety_Fire_or_police_station,,,,,,
1,5,Public_Safety_Fire_or_police_station,,,,,,
1,Aggregated,Public_Safety_Fire_or_police_station,,,,,,
1,Centralized,Public_Safety_Fire_or_police_station,,,,,,
2,0,Public_Safety_Fire_or_police_station,,,,,,
2,1,Public_Safety_Fire_or_police_station,,,,,,
2,2,Public_Safety_Fire_or_police_station,,,,,,
2,3,Public_Safety_Fire_or_police_station,,,,,,
2,4,Public_Safety_Fire_or_police_station,,,,,,
2,5,Public_Safety_Fire_or_police_station,,,,,,
2,Aggregated,Public_Safety_Fire_or_police_station,,,,,,
2,Centralized,Public_Safety_Fire_or_police_station,,,,,,
3,0,Public_Safety_Fire_or_police_station,,,,,,
3,1,Public_Safety_Fire_or_police_station,,,,,,
3,2,Public_Safety_Fire_or_police_station,,,,,,
3,3,Public_Safety_Fire_or_police_station,,,,,,
3,4,Public_Safety_Fire_or_police_station,,,,,,
3,5,Public_Safety_Fire_or_police_station,,,,,,
3,Aggregated,Public_Safety_Fire_or_police_station,,,,,,
3,Centralized,Public_Safety_Fire_or_police_station,,,,,,
4,0,Public_Safety_Fire_or_police_station,,,,,,
4,1,Public_Safety_Fire_or_police_station,,,,,,
4,2,Public_Safety_Fire_or_police_station,,,,,,
4,3,Public_Safety_Fire_or_police_station,,,,,,
4,4,Public_Safety_Fire_or_police_station,,,,,,
4,5,Public_Safety_Fire_or_police_station,,,,,,
4,Aggregated,Public_Safety_Fire_or_police_station,,,,,,
4,Centralized,Public_Safety_Fire_or_police_station,,,,,,
5,0,Public_Safety_Fire_or_police_station,,,,,,
5,1,Public_Safety_Fire_or_police_station,,,,,,
5,2,Public_Safety_Fire_or_police_station,,,,,,
5,3,Public_Safety_Fire_or_police_station,,,,,,
5,4,Public_Safety_Fire_or_police_station,,,,,,
5,5,Public_Safety_Fire_or_police_station,,,,,,
5,Aggregated,Public_Safety_Fire_or_police_station,,,,,,
5,Centralized,Public_Safety_Fire_or_police_station,,,,,,
6,0,Public_Safety_Fire_or_police_station,,,,,,
6,1,Public_Safety_Fire_or_police_station,,,,,,
6,2,Public_Safety_Fire_or_police_station,,,,,,
6,3,Public_Safety_Fire_or_police_station,,,,,,
6,4,Public_Safety_Fire_or_police_station,,,,,,
6,5,Public_Safety_Fire_or_police_station,,,,,,
6,Aggregated,Public_Safety_Fire_or_police_station,,,,,,
6,Centralized,Public_Safety_Fire_or_police_station,,,,,,
7,0,Public_Safety_Fire_or_police_station,,,,,,
7,1,Public_Safety_Fire_or_police_station,,,,,,
7,2,Public_Safety_Fire_or_police_station,,,,,,
7,3,Public_Safety_Fire_or_police_station,,,,,,
7,4,Public_Safety_Fire_or_police_station,,,,,,
7,5,Public_Safety_Fire_or_police_station,,,,,,
7,Aggregated,Public_Safety_Fire_or_police_station,,,,,,
7,Centralized,Public_Safety_Fire_or_police_station,,,,,,
8,0,Public_Safety_Fire_or_police_station,,,,,,
8,1,Public_Safety_Fire_or_police_station,,,,,,
8,2,Public_Safety_Fire_or_police_station,,,,,,
8,3,Public_Safety_Fire_or_police_station,,,,,,
8,4,Public_Safety_Fire_or_police_station,,,,,,
8,5,Public_Safety_Fire_or_police_station,,,,,,
8,Aggregated,Public_Safety_Fire_or_police_station,,,,,,
8,Centralized,Public_Safety_Fire_or_police_station,,,,,,
9,0,Public_Safety_Fire_or_police_station,,,,,,
9,1,Public_Safety_Fire_or_police_station,,,,,,
9,2,Public_Safety_Fire_or_police_station,,,,,,
9,3,Public_Safety_Fire_or_police_station,,,,,,
9,4,Public_Safety_Fire_or_police_station,,,,,,
9,5,Public_Safety_Fire_or_police_station,,,,,,
9,Aggregated,Public_Safety_Fire_or_police_station,,,,,,
9,Centralized,Public_Safety_Fire_or_police_station,,,,,,
10,0,Public_Safety_Fire_or_police_station,,,,,,
10,1,Public_Safety_Fire_or_police_station,,,,,,
10,2,Public_Safety_Fire_or_police_station,,,,,,
10,3,Public_Safety_Fire_or_police_station,,,,,,
10,4,Public_Safety_Fire_or_police_station,,,,,,
10,5,Public_Safety_Fire_or_police_station,,,,,,
10,Aggregated,Public_Safety_Fire_or_police_station,,,,,,
10,Centralized,Public_Safety_Fire_or_police_station,,,,,,
11,0,Public_Safety_Fire_or_police_station,,,,,,
11,1,Public_Safety_Fire_or_police_station,,,,,,
11,2,Public_Safety_Fire_or_police_station,,,,,,
11,3,Public_Safety_Fire_or_police_station,,,,,,
11,4,Public_Safety_Fire_or_police_station,,,,,,
11,5,Public_Safety_Fire_or_police_station,,,,,,
11,Aggregated,Public_Safety_Fire_or_police_station,,,,,,
11,Centralized,Public_Safety_Fire_or_police_station,,,,,,
12,0,Public_Safety_Fire_or_police_station,,,,,,
12,1,Public_Safety_Fire_or_police_station,,,,,,
12,2,Public_Safety_Fire_or_police_station,,,,,,
12,3,Public_Safety_Fire_or_police_station,,,,,,
12,4,Public_Safety_Fire_or_police_station,,,,,,
12,5,Public_Safety_Fire_or_police_station,,,,,,
12,Aggregated,Public_Safety_Fire_or_police_station,,,,,,
12,Centralized,Public_Safety_Fire_or_police_station,,,,,,
13,0,Public_Safety_Fire_or_police_station,,,,,,
13,1,Public_Safety_Fire_or_police_station,,,,,,
13,2,Public_Safety_Fire_or_police_station,,,,,,
13,3,Public_Safety_Fire_or_police_station,,,,,,
13,4,Public_Safety_Fire_or_police_station,,,,,,
13,5,Public_Safety_Fire_or_police_station,,,,,,
13,Aggregated,Public_Safety_Fire_or_police_station,,,,,,
13,Centralized,Public_Safety_Fire_or_police_station,,,,,,
14,0,Public_Safety_Fire_or_police_station,,,,,,
14,1,Public_Safety_Fire_or_police_station,,,,,,
14,2,Public_Safety_Fire_or_police_station,,,,,,
14,3,Public_Safety_Fire_or_police_station,,,,,,
14,4,Public_Safety_Fire_or_police_station,,,,,,
14,5,Public_Safety_Fire_or_police_station,,,,,,
14,Aggregated,Public_Safety_Fire_or_police_station,,,,,,
14,Centralized,Public_Safety_Fire_or_police_station,,,,,,
15,0,Public_Safety_Fire_or_police_station,,,,,,
15,1,Public_Safety_Fire_or_police_station,,,,,,
15,2,Public_Safety_Fire_or_police_station,,,,,,
15,3,Public_Safety_Fire_or_police_station,,,,,,
15,4,Public_Safety_Fire_or_police_station,,,,,,
15,5,Public_Safety_Fire_or_police_station,,,,,,
15,Aggregated,Public_Safety_Fire_or_police_station,,,,,,
15,Centralized,Public_Safety_Fire_or_police_station,,,,,,
16,0,Public_Safety_Fire_or_police_station,,,,,,
16,1,Public_Safety_Fire_or_police_station,,,,,,
16,2,Public_Safety_Fire_or_police_station,,,,,,
16,3,Public_Safety_Fire_or_police_station,,,,,,
16,4,Public_Safety_Fire_or_police_station,,,,,,
16,5,Public_Safety_Fire_or_police_station,,,,,,
16,Aggregated,Public_Safety_Fire_or_police_station,,,,,,
16,Centralized,Public_Safety_Fire_or_police_station,,,,,,
17,0,Public_Safety_Fire_or_police_station,,,,,,
17,1,Public_Safety_Fire_or_police_station,,,,,,
17,2,Public_Safety_Fire_or_police_station,,,,,,
17,3,Public_Safety_Fire_or_police_station,,,,,,
17,4,Public_Safety_Fire_or_police_station,,,,,,
17,5,Public_Safety_Fire_or_police_station,,,,,,
17,Aggregated,Public_Safety_Fire_or_police_station,,,,,,
17,Centralized,Public_Safety_Fire_or_police_station,,,,,,
18,0,Public_Safety_Fire_or_police_station,,,,,,
18,1,Public_Safety_Fire_or_police_station,,,,,,
18,2,Public_Safety_Fire_or_police_station,,,,,,
18,3,Public_Safety_Fire_or_police_station,,,,,,
18,4,Public_Safety_Fire_or_police_station,,,,,,
18,5,Public_Safety_Fire_or_police_station,,,,,,
18,Aggregated,Public_Safety_Fire_or_police_station,,,,,,
18,Centralized,Public_Safety_Fire_or_police_station,,,,,,
19,0,Public_Safety_Fire_or_police_station,,,,,,
19,1,Public_Safety_Fire_or_police_station,,,,,,
19,2,Public_Safety_Fire_or_police_station,,,,,,
19,3,Public_Safety_Fire_or_police_station,,,,,,
19,4,Public_Safety_Fire_or_police_station,,,,,,
19,5,Public_Safety_Fire_or_police_station,,,,,,
19,Aggregated,Public_Safety_Fire_or_police_station,,,,,,
19,Centralized,Public_Safety_Fire_or_police_station,,,,,,
20,0,Public_Safety_Fire_or_police_station,,,,,,
20,1,Public_Safety_Fire_or_police_station,,,,,,
20,2,Public_Safety_Fire_or_police_station,,,,,,
20,3,Public_Safety_Fire_or_police_station,,,,,,
20,4,Public_Safety_Fire_or_police_station,,,,,,
20,5,Public_Safety_Fire_or_police_station,,,,,,
20,Aggregated,Public_Safety_Fire_or_police_station,,,,,,
20,Centralized,Public_Safety_Fire_or_police_station,,,,,,
21,0,Public_Safety_Fire_or_police_station,,,,,,
21,1,Public_Safety_Fire_or_police_station,,,,,,
21,2,Public_Safety_Fire_or_police_station,,,,,,
21,3,Public_Safety_Fire_or_police_station,,,,,,
21,4,Public_Safety_Fire_or_police_station,,,,,,
21,5,Public_Safety_Fire_or_police_station,,,,,,
21,Aggregated,Public_Safety_Fire_or_police_station,,,,,,
21,Centralized,Public_Safety_Fire_or_police_station,,,,,,
22,0,Public_Safety_Fire_or_police_station,,,,,,
22,1,Public_Safety_Fire_or_police_station,,,,,,
22,2,Public_Safety_Fire_or_police_station,,,,,,
22,3,Public_Safety_Fire_or_police_station,,,,,,
22,4,Public_Safety_Fire_or_police_station,,,,,,
22,5,Public_Safety_Fire_or_police_station,,,,,,
22,Aggregated,Public_Safety_Fire_or_police_station,,,,,,
22,Centralized,Public_Safety_Fire_or_police_station,,,,,,
23,0,Public_Safety_Fire_or_police_station,,,,,,
23,1,Public_Safety_Fire_or_police_station,,,,,,
23,2,Public_Safety_Fire_or_police_station,,,,,,
23,3,Public_Safety_Fire_or_police_station,,,,,,
23,4,Public_Safety_Fire_or_police_station,,,,,,
23,5,Public_Safety_Fire_or_police_station,,,,,,
23,Aggregated,Public_Safety_Fire_or_police_station,,,,,,
23,Centralized,Public_Safety_Fire_or_police_station,,,,,,
24,0,Public_Safety_Fire_or_police_station,,,,,,
24,1,Public_Safety_Fire_or_police_station,,,,,,
24,2,Public_Safety_Fire_or_police_station,,,,,,
24,3,Public_Safety_Fire_or_police_station,,,,,,
24,4,Public_Safety_Fire_or_police_station,,,,,,
24,5,Public_Safety_Fire_or_police_station,,,,,,
24,Aggregated,Public_Safety_Fire_or_police_station,,,,,,
24,Centralized,Public_Safety_Fire_or_police_station,,,,,,
25,0,Public_Safety_Fire_or_police_station,,,,,,
25,1,Public_Safety_Fire_or_police_station,,,,,,
25,2,Public_Safety_Fire_or_police_station,,,,,,
25,3,Public_Safety_Fire_or_police_station,,,,,,
25,4,Public_Safety_Fire_or_police_station,,,,,,
25,5,Public_Safety_Fire_or_police_station,,,,,,
25,Aggregated,Public_Safety_Fire_or_police_station,,,,,,
25,Centralized,Public_Safety_Fire_or_police_station,,,,,,
26,0,Public_Safety_Fire_or_police_station,,,,,,
26,1,Public_Safety_Fire_or_police_station,,,,,,
26,2,Public_Safety_Fire_or_police_station,,,,,,
26,3,Public_Safety_Fire_or_police_station,,,,,,
26,4,Public_Safety_Fire_or_police_station,,,,,,
26,5,Public_Safety_Fire_or_police_station,,,,,,
26,Aggregated,Public_Safety_Fire_or_police_station,,,,,,
26,Centralized,Public_Safety_Fire_or_police_station,,,,,,
27,0,Public_Safety_Fire_or_police_station,,,,,,
27,1,Public_Safety_Fire_or_police_station,,,,,,
27,2,Public_Safety_Fire_or_police_station,,,,,,
27,3,Public_Safety_Fire_or_police_station,,,,,,
27,4,Public_Safety_Fire_or_police_station,,,,,,
27,5,Public_Safety_Fire_or_police_station,,,,,,
27,Aggregated,Public_Safety_Fire_or_police_station,,,,,,
27,Centralized,Public_Safety_Fire_or_police_station,,,,,,
28,0,Public_Safety_Fire_or_police_station,,,,,,
28,1,Public_Safety_Fire_or_police_station,,,,,,
28,2,Public_Safety_Fire_or_police_station,,,,,,
28,3,Public_Safety_Fire_or_police_station,,,,,,
28,4,Public_Safety_Fire_or_police_station,,,,,,
28,5,Public_Safety_Fire_or_police_station,,,,,,
28,Aggregated,Public_Safety_Fire_or_police_station,,,,,,
28,Centralized,Public_Safety_Fire_or_police_station,,,,,,
29,0,Public_Safety_Fire_or_police_station,,,,,,
29,1,Public_Safety_Fire_or_police_station,,,,,,
29,2,Public_Safety_Fire_or_police_station,,,,,,
29,3,Public_Safety_Fire_or_police_station,,,,,,
29,4,Public_Safety_Fire_or_police_station,,,,,,
29,5,Public_Safety_Fire_or_police_station,,,,,,
29,Aggregated,Public_Safety_Fire_or_police_station,,,,,,
29,Centralized,Public_Safety_Fire_or_police_station,,,,,,
30,0,Public_Safety_Fire_or_police_station,,,,,,
30,1,Public_Safety_Fire_or_police_station,,,,,,
30,2,Public_Safety_Fire_or_police_station,,,,,,
30,3,Public_Safety_Fire_or_police_station,,,,,,
30,4,Public_Safety_Fire_or_police_station,,,,,,
30,5,Public_Safety_Fire_or_police_station,,,,,,
30,Aggregated,Public_Safety_Fire_or_police_station,,,,,,
30,Centralized,Public_Safety_Fire_or_police_station,,,,,,
31,0,Public_Safety_Fire_or_police_station,,,,,,
31,1,Public_Safety_Fire_or_police_station,,,,,,
31,2,Public_Safety_Fire_or_police_station,,,,,,
31,3,Public_Safety_Fire_or_police_station,,,,,,
31,4,Public_Safety_Fire_or_police_station,,,,,,
31,5,Public_Safety_Fire_or_police_station,,,,,,
31,Aggregated,Public_Safety_Fire_or_police_station,,,,,,
31,Centralized,Public_Safety_Fire_or_police_station,,,,,,
32,0,Public_Safety_Fire_or_police_station,,,,,,
32,1,Public_Safety_Fire_or_police_station,,,,,,
32,2,Public_Safety_Fire_or_police_station,,,,,,
32,3,Public_Safety_Fire_or_police_station,,,,,,
32,4,Public_Safety_Fire_or_police_station,,,,,,
32,5,Public_Safety_Fire_or_police_station,,,,,,
32,Aggregated,Public_Safety_Fire_or_police_station,,,,,,
32,Centralized,Public_Safety_Fire_or_police_station,,,,,,
33,0,Public_Safety_Fire_or_police_station,,,,,,
33,1,Public_Safety_Fire_or_police_station,,,,,,
33,2,Public_Safety_Fire_or_police_station,,,,,,
33,3,Public_Safety_Fire_or_police_station,,,,,,
33,4,Public_Safety_Fire_or_police_station,,,,,,
33,5,Public_Safety_Fire_or_police_station,,,,,,
33,Aggregated,Public_Safety_Fire_or_police_station,,,,,,
33,Centralized,Public_Safety_Fire_or_police_station,,,,,,
34,0,Public_Safety_Fire_or_police_station,,,,,,
34,1,Public_Safety_Fire_or_police_station,,,,,,
34,2,Public_Safety_Fire_or_police_station,,,,,,
34,3,Public_Safety_Fire_or_police_station,,,,,,
34,4,Public_Safety_Fire_or_police_station,,,,,,
34,5,Public_Safety_Fire_or_police_station,,,,,,
34,Aggregated,Public_Safety_Fire_or_police_station,,,,,,
34,Centralized,Public_Safety_Fire_or_police_station,,,,,,
35,0,Public_Safety_Fire_or_police_station,,,,,,
35,1,Public_Safety_Fire_or_police_station,,,,,,
35,2,Public_Safety_Fire_or_police_station,,,,,,
35,3,Public_Safety_Fire_or_police_station,,,,,,
35,4,Public_Safety_Fire_or_police_station,,,,,,
35,5,Public_Safety_Fire_or_police_station,,,,,,
35,Aggregated,Public_Safety_Fire_or_police_station,,,,,,
35,Centralized,Public_Safety_Fire_or_police_station,,,,,,
36,0,Public_Safety_Fire_or_police_station,,,,,,
36,1,Public_Safety_Fire_or_police_station,,,,,,
36,2,Public_Safety_Fire_or_police_station,,,,,,
36,3,Public_Safety_Fire_or_police_station,,,,,,
36,4,Public_Safety_Fire_or_police_station,,,,,,
36,5,Public_Safety_Fire_or_police_station,,,,,,
36,Aggregated,Public_Safety_Fire_or_police_station,,,,,,
36,Centralized,Public_Safety_Fire_or_police_station,,,,,,
37,0,Public_Safety_Fire_or_police_station,,,,,,
37,1,Public_Safety_Fire_or_police_station,,,,,,
37,2,Public_Safety_Fire_or_police_station,,,,,,
37,3,Public_Safety_Fire_or_police_station,,,,,,
37,4,Public_Safety_Fire_or_police_station,,,,,,
37,5,Public_Safety_Fire_or_police_station,,,,,,
37,Aggregated,Public_Safety_Fire_or_police_station,,,,,,
37,Centralized,Public_Safety_Fire_or_police_station,,,,,,
38,0,Public_Safety_Fire_or_police_station,,,,,,
38,1,Public_Safety_Fire_or_police_station,,,,,,
38,2,Public_Safety_Fire_or_police_station,,,,,,
38,3,Public_Safety_Fire_or_police_station,,,,,,
38,4,Public_Safety_Fire_or_police_station,,,,,,
38,5,Public_Safety_Fire_or_police_station,,,,,,
38,Aggregated,Public_Safety_Fire_or_police_station,,,,,,
38,Centralized,Public_Safety_Fire_or_police_station,,,,,,
39,0,Public_Safety_Fire_or_police_station,,,,,,
39,1,Public_Safety_Fire_or_police_station,,,,,,
39,2,Public_Safety_Fire_or_police_station,,,,,,
39,3,Public_Safety_Fire_or_police_station,,,,,,
39,4,Public_Safety_Fire_or_police_station,,,,,,
39,5,Public_Safety_Fire_or_police_station,,,,,,
39,Aggregated,Public_Safety_Fire_or_police_station,,,,,,
39,Centralized,Public_Safety_Fire_or_police_station,,,,,,
40,0,Public_Safety_Fire_or_police_station,,,,,,
40,1,Public_Safety_Fire_or_police_station,,,,,,
40,2,Public_Safety_Fire_or_police_station,,,,,,
40,3,Public_Safety_Fire_or_police_station,,,,,,
40,4,Public_Safety_Fire_or_police_station,,,,,,
40,5,Public_Safety_Fire_or_police_station,,,,,,
40,Aggregated,Public_Safety_Fire_or_police_station,,,,,,
40,Centralized,Public_Safety_Fire_or_police_station,,,,,,
41,0,Public_Safety_Fire_or_police_station,,,,,,
41,1,Public_Safety_Fire_or_police_station,,,,,,
41,2,Public_Safety_Fire_or_police_station,,,,,,
41,3,Public_Safety_Fire_or_police_station,,,,,,
41,4,Public_Safety_Fire_or_police_station,,,,,,
41,5,Public_Safety_Fire_or_police_station,,,,,,
41,Aggregated,Public_Safety_Fire_or_police_station,,,,,,
41,Centralized,Public_Safety_Fire_or_police_station,,,,,,
42,0,Public_Safety_Fire_or_police_station,,,,,,
42,1,Public_Safety_Fire_or_police_station,,,,,,
42,2,Public_Safety_Fire_or_police_station,,,,,,
42,3,Public_Safety_Fire_or_police_station,,,,,,
42,4,Public_Safety_Fire_or_police_station,,,,,,
42,5,Public_Safety_Fire_or_police_station,,,,,,
42,Aggregated,Public_Safety_Fire_or_police_station,,,,,,
42,Centralized,Public_Safety_Fire_or_police_station,,,,,,
43,0,Public_Safety_Fire_or_police_station,,,,,,
43,1,Public_Safety_Fire_or_police_station,,,,,,
43,2,Public_Safety_Fire_or_police_station,,,,,,
43,3,Public_Safety_Fire_or_police_station,,,,,,
43,4,Public_Safety_Fire_or_police_station,,,,,,
43,5,Public_Safety_Fire_or_police_station,,,,,,
43,Aggregated,Public_Safety_Fire_or_police_station,,,,,,
43,Centralized,Public_Safety_Fire_or_police_station,,,,,,
44,0,Public_Safety_Fire_or_police_station,,,,,,
44,1,Public_Safety_Fire_or_police_station,,,,,,
44,2,Public_Safety_Fire_or_police_station,,,,,,
44,3,Public_Safety_Fire_or_police_station,,,,,,
44,4,Public_Safety_Fire_or_police_station,,,,,,
44,5,Public_Safety_Fire_or_police_station,,,,,,
44,Aggregated,Public_Safety_Fire_or_police_station,,,,,,
44,Centralized,Public_Safety_Fire_or_police_station,,,,,,
45,0,Public_Safety_Fire_or_police_station,,,,,,
45,1,Public_Safety_Fire_or_police_station,,,,,,
45,2,Public_Safety_Fire_or_police_station,,,,,,
45,3,Public_Safety_Fire_or_police_station,,,,,,
45,4,Public_Safety_Fire_or_police_station,,,,,,
45,5,Public_Safety_Fire_or_police_station,,,,,,
45,Aggregated,Public_Safety_Fire_or_police_station,,,,,,
45,Centralized,Public_Safety_Fire_or_police_station,,,,,,
46,0,Public_Safety_Fire_or_police_station,,,,,,
46,1,Public_Safety_Fire_or_police_station,,,,,,
46,2,Public_Safety_Fire_or_police_station,,,,,,
46,3,Public_Safety_Fire_or_police_station,,,,,,
46,4,Public_Safety_Fire_or_police_station,,,,,,
46,5,Public_Safety_Fire_or_police_station,,,,,,
46,Aggregated,Public_Safety_Fire_or_police_station,,,,,,
46,Centralized,Public_Safety_Fire_or_police_station,,,,,,
47,0,Public_Safety_Fire_or_police_station,,,,,,
47,1,Public_Safety_Fire_or_police_station,,,,,,
47,2,Public_Safety_Fire_or_police_station,,,,,,
47,3,Public_Safety_Fire_or_police_station,,,,,,
47,4,Public_Safety_Fire_or_police_station,,,,,,
47,5,Public_Safety_Fire_or_police_station,,,,,,
47,Aggregated,Public_Safety_Fire_or_police_station,,,,,,
47,Centralized,Public_Safety_Fire_or_police_station,,,,,,
48,0,Public_Safety_Fire_or_police_station,,,,,,
48,1,Public_Safety_Fire_or_police_station,,,,,,
48,2,Public_Safety_Fire_or_police_station,,,,,,
48,3,Public_Safety_Fire_or_police_station,,,,,,
48,4,Public_Safety_Fire_or_police_station,,,,,,
48,5,Public_Safety_Fire_or_police_station,,,,,,
48,Aggregated,Public_Safety_Fire_or_police_station,,,,,,
48,Centralized,Public_Safety_Fire_or_police_station,,,,,,
49,0,Public_Safety_Fire_or_police_station,,,,,,
49,1,Public_Safety_Fire_or_police_station,,,,,,
49,2,Public_Safety_Fire_or_police_station,,,,,,
49,3,Public_Safety_Fire_or_police_station,,,,,,
49,4,Public_Safety_Fire_or_police_station,,,,,,
49,5,Public_Safety_Fire_or_police_station,,,,,,
49,Aggregated,Public_Safety_Fire_or_police_station,,,,,,
49,Centralized,Public_Safety_Fire_or_police_station,,,,,,
50,0,Public_Safety_Fire_or_police_station,,,,,,
50,1,Public_Safety_Fire_or_police_station,,,,,,
50,2,Public_Safety_Fire_or_police_station,,,,,,
50,3,Public_Safety_Fire_or_police_station,,,,,,
50,4,Public_Safety_Fire_or_police_station,,,,,,
50,5,Public_Safety_Fire_or_police_station,,,,,,
50,Aggregated,Public_Safety_Fire_or_police_station,,,,,,
50,Centralized,Public_Safety_Fire_or_police_station,,,,,,
0,0,Laboratory,,,,,,
0,1,Laboratory,,,,,,
0,2,Laboratory,,,,,,
0,3,Laboratory,,,,,,
0,4,Laboratory,,,,,,
0,5,Laboratory,,,,,,
0,Aggregated,Laboratory,,,,,,
0,Centralized,Laboratory,,,,,,
1,0,Laboratory,,,,,,
1,1,Laboratory,,,,,,
1,2,Laboratory,,,,,,
1,3,Laboratory,,,,,,
1,4,Laboratory,,,,,,
1,5,Laboratory,,,,,,
1,Aggregated,Laboratory,,,,,,
1,Centralized,Laboratory,,,,,,
2,0,Laboratory,,,,,,
2,1,Laboratory,,,,,,
2,2,Laboratory,,,,,,
2,3,Laboratory,,,,,,
2,4,Laboratory,,,,,,
2,5,Laboratory,,,,,,
2,Aggregated,Laboratory,,,,,,
2,Centralized,Laboratory,,,,,,
3,0,Laboratory,,,,,,
3,1,Laboratory,,,,,,
3,2,Laboratory,,,,,,
3,3,Laboratory,,,,,,
3,4,Laboratory,,,,,,
3,5,Laboratory,,,,,,
3,Aggregated,Laboratory,,,,,,
3,Centralized,Laboratory,,,,,,
4,0,Laboratory,,,,,,
4,1,Laboratory,,,,,,
4,2,Laboratory,,,,,,
4,3,Laboratory,,,,,,
4,4,Laboratory,,,,,,
4,5,Laboratory,,,,,,
4,Aggregated,Laboratory,,,,,,
4,Centralized,Laboratory,,,,,,
5,0,Laboratory,,,,,,
5,1,Laboratory,,,,,,
5,2,Laboratory,,,,,,
5,3,Laboratory,,,,,,
5,4,Laboratory,,,,,,
5,5,Laboratory,,,,,,
5,Aggregated,Laboratory,,,,,,
5,Centralized,Laboratory,,,,,,
6,0,Laboratory,,,,,,
6,1,Laboratory,,,,,,
6,2,Laboratory,,,,,,
6,3,Laboratory,,,,,,
6,4,Laboratory,,,,,,
6,5,Laboratory,,,,,,
6,Aggregated,Laboratory,,,,,,
6,Centralized,Laboratory,,,,,,
7,0,Laboratory,,,,,,
7,1,Laboratory,,,,,,
7,2,Laboratory,,,,,,
7,3,Laboratory,,,,,,
7,4,Laboratory,,,,,,
7,5,Laboratory,,,,,,
7,Aggregated,Laboratory,,,,,,
7,Centralized,Laboratory,,,,,,
8,0,Laboratory,,,,,,
8,1,Laboratory,,,,,,
8,2,Laboratory,,,,,,
8,3,Laboratory,,,,,,
8,4,Laboratory,,,,,,
8,5,Laboratory,,,,,,
8,Aggregated,Laboratory,,,,,,
8,Centralized,Laboratory,,,,,,
9,0,Laboratory,,,,,,
9,1,Laboratory,,,,,,
9,2,Laboratory,,,,,,
9,3,Laboratory,,,,,,
9,4,Laboratory,,,,,,
9,5,Laboratory,,,,,,
9,Aggregated,Laboratory,,,,,,
9,Centralized,Laboratory,,,,,,
10,0,Laboratory,,,,,,
10,1,Laboratory,,,,,,
10,2,Laboratory,,,,,,
10,3,Laboratory,,,,,,
10,4,Laboratory,,,,,,
10,5,Laboratory,,,,,,
10,Aggregated,Laboratory,,,,,,
10,Centralized,Laboratory,,,,,,
11,0,Laboratory,,,,,,
11,1,Laboratory,,,,,,
11,2,Laboratory,,,,,,
11,3,Laboratory,,,,,,
11,4,Laboratory,,,,,,
11,5,Laboratory,,,,,,
11,Aggregated,Laboratory,,,,,,
11,Centralized,Laboratory,,,,,,
12,0,Laboratory,,,,,,
12,1,Laboratory,,,,,,
12,2,Laboratory,,,,,,
12,3,Laboratory,,,,,,
12,4,Laboratory,,,,,,
12,5,Laboratory,,,,,,
12,Aggregated,Laboratory,,,,,,
12,Centralized,Laboratory,,,,,,
13,0,Laboratory,,,,,,
13,1,Laboratory,,,,,,
13,2,Laboratory,,,,,,
13,3,Laboratory,,,,,,
13,4,Laboratory,,,,,,
13,5,Laboratory,,,,,,
13,Aggregated,Laboratory,,,,,,
13,Centralized,Laboratory,,,,,,
14,0,Laboratory,,,,,,
14,1,Laboratory,,,,,,
14,2,Laboratory,,,,,,
14,3,Laboratory,,,,,,
14,4,Laboratory,,,,,,
14,5,Laboratory,,,,,,
14,Aggregated,Laboratory,,,,,,
14,Centralized,Laboratory,,,,,,
15,0,Laboratory,,,,,,
15,1,Laboratory,,,,,,
15,2,Laboratory,,,,,,
15,3,Laboratory,,,,,,
15,4,Laboratory,,,,,,
15,5,Laboratory,,,,,,
15,Aggregated,Laboratory,,,,,,
15,Centralized,Laboratory,,,,,,
16,0,Laboratory,,,,,,
16,1,Laboratory,,,,,,
16,2,Laboratory,,,,,,
16,3,Laboratory,,,,,,
16,4,Laboratory,,,,,,
16,5,Laboratory,,,,,,
16,Aggregated,Laboratory,,,,,,
16,Centralized,Laboratory,,,,,,
17,0,Laboratory,,,,,,
17,1,Laboratory,,,,,,
17,2,Laboratory,,,,,,
17,3,Laboratory,,,,,,
17,4,Laboratory,,,,,,
17,5,Laboratory,,,,,,
17,Aggregated,Laboratory,,,,,,
17,Centralized,Laboratory,,,,,,
18,0,Laboratory,,,,,,
18,1,Laboratory,,,,,,
18,2,Laboratory,,,,,,
18,3,Laboratory,,,,,,
18,4,Laboratory,,,,,,
18,5,Laboratory,,,,,,
18,Aggregated,Laboratory,,,,,,
18,Centralized,Laboratory,,,,,,
19,0,Laboratory,,,,,,
19,1,Laboratory,,,,,,
19,2,Laboratory,,,,,,
19,3,Laboratory,,,,,,
19,4,Laboratory,,,,,,
19,5,Laboratory,,,,,,
19,Aggregated,Laboratory,,,,,,
19,Centralized,Laboratory,,,,,,
20,0,Laboratory,,,,,,
20,1,Laboratory,,,,,,
20,2,Laboratory,,,,,,
20,3,Laboratory,,,,,,
20,4,Laboratory,,,,,,
20,5,Laboratory,,,,,,
20,Aggregated,Laboratory,,,,,,
20,Centralized,Laboratory,,,,,,
21,0,Laboratory,,,,,,
21,1,Laboratory,,,,,,
21,2,Laboratory,,,,,,
21,3,Laboratory,,,,,,
21,4,Laboratory,,,,,,
21,5,Laboratory,,,,,,
21,Aggregated,Laboratory,,,,,,
21,Centralized,Laboratory,,,,,,
22,0,Laboratory,,,,,,
22,1,Laboratory,,,,,,
22,2,Laboratory,,,,,,
22,3,Laboratory,,,,,,
22,4,Laboratory,,,,,,
22,5,Laboratory,,,,,,
22,Aggregated,Laboratory,,,,,,
22,Centralized,Laboratory,,,,,,
23,0,Laboratory,,,,,,
23,1,Laboratory,,,,,,
23,2,Laboratory,,,,,,
23,3,Laboratory,,,,,,
23,4,Laboratory,,,,,,
23,5,Laboratory,,,,,,
23,Aggregated,Laboratory,,,,,,
23,Centralized,Laboratory,,,,,,
24,0,Laboratory,,,,,,
24,1,Laboratory,,,,,,
24,2,Laboratory,,,,,,
24,3,Laboratory,,,,,,
24,4,Laboratory,,,,,,
24,5,Laboratory,,,,,,
24,Aggregated,Laboratory,,,,,,
24,Centralized,Laboratory,,,,,,
25,0,Laboratory,,,,,,
25,1,Laboratory,,,,,,
25,2,Laboratory,,,,,,
25,3,Laboratory,,,,,,
25,4,Laboratory,,,,,,
25,5,Laboratory,,,,,,
25,Aggregated,Laboratory,,,,,,
25,Centralized,Laboratory,,,,,,
26,0,Laboratory,,,,,,
26,1,Laboratory,,,,,,
26,2,Laboratory,,,,,,
26,3,Laboratory,,,,,,
26,4,Laboratory,,,,,,
26,5,Laboratory,,,,,,
26,Aggregated,Laboratory,,,,,,
26,Centralized,Laboratory,,,,,,
27,0,Laboratory,,,,,,
27,1,Laboratory,,,,,,
27,2,Laboratory,,,,,,
27,3,Laboratory,,,,,,
27,4,Laboratory,,,,,,
27,5,Laboratory,,,,,,
27,Aggregated,Laboratory,,,,,,
27,Centralized,Laboratory,,,,,,
28,0,Laboratory,,,,,,
28,1,Laboratory,,,,,,
28,2,Laboratory,,,,,,
28,3,Laboratory,,,,,,
28,4,Laboratory,,,,,,
28,5,Laboratory,,,,,,
28,Aggregated,Laboratory,,,,,,
28,Centralized,Laboratory,,,,,,
29,0,Laboratory,,,,,,
29,1,Laboratory,,,,,,
29,2,Laboratory,,,,,,
29,3,Laboratory,,,,,,
29,4,Laboratory,,,,,,
29,5,Laboratory,,,,,,
29,Aggregated,Laboratory,,,,,,
29,Centralized,Laboratory,,,,,,
30,0,Laboratory,,,,,,
30,1,Laboratory,,,,,,
30,2,Laboratory,,,,,,
30,3,Laboratory,,,,,,
30,4,Laboratory,,,,,,
30,5,Laboratory,,,,,,
30,Aggregated,Laboratory,,,,,,
30,Centralized,Laboratory,,,,,,
31,0,Laboratory,,,,,,
31,1,Laboratory,,,,,,
31,2,Laboratory,,,,,,
31,3,Laboratory,,,,,,
31,4,Laboratory,,,,,,
31,5,Laboratory,,,,,,
31,Aggregated,Laboratory,,,,,,
31,Centralized,Laboratory,,,,,,
32,0,Laboratory,,,,,,
32,1,Laboratory,,,,,,
32,2,Laboratory,,,,,,
32,3,Laboratory,,,,,,
32,4,Laboratory,,,,,,
32,5,Laboratory,,,,,,
32,Aggregated,Laboratory,,,,,,
32,Centralized,Laboratory,,,,,,
33,0,Laboratory,,,,,,
33,1,Laboratory,,,,,,
33,2,Laboratory,,,,,,
33,3,Laboratory,,,,,,
33,4,Laboratory,,,,,,
33,5,Laboratory,,,,,,
33,Aggregated,Laboratory,,,,,,
33,Centralized,Laboratory,,,,,,
34,0,Laboratory,,,,,,
34,1,Laboratory,,,,,,
34,2,Laboratory,,,,,,
34,3,Laboratory,,,,,,
34,4,Laboratory,,,,,,
34,5,Laboratory,,,,,,
34,Aggregated,Laboratory,,,,,,
34,Centralized,Laboratory,,,,,,
35,0,Laboratory,,,,,,
35,1,Laboratory,,,,,,
35,2,Laboratory,,,,,,
35,3,Laboratory,,,,,,
35,4,Laboratory,,,,,,
35,5,Laboratory,,,,,,
35,Aggregated,Laboratory,,,,,,
35,Centralized,Laboratory,,,,,,
36,0,Laboratory,,,,,,
36,1,Laboratory,,,,,,
36,2,Laboratory,,,,,,
36,3,Laboratory,,,,,,
36,4,Laboratory,,,,,,
36,5,Laboratory,,,,,,
36,Aggregated,Laboratory,,,,,,
36,Centralized,Laboratory,,,,,,
37,0,Laboratory,,,,,,
37,1,Laboratory,,,,,,
37,2,Laboratory,,,,,,
37,3,Laboratory,,,,,,
37,4,Laboratory,,,,,,
37,5,Laboratory,,,,,,
37,Aggregated,Laboratory,,,,,,
37,Centralized,Laboratory,,,,,,
38,0,Laboratory,,,,,,
38,1,Laboratory,,,,,,
38,2,Laboratory,,,,,,
38,3,Laboratory,,,,,,
38,4,Laboratory,,,,,,
38,5,Laboratory,,,,,,
38,Aggregated,Laboratory,,,,,,
38,Centralized,Laboratory,,,,,,
39,0,Laboratory,,,,,,
39,1,Laboratory,,,,,,
39,2,Laboratory,,,,,,
39,3,Laboratory,,,,,,
39,4,Laboratory,,,,,,
39,5,Laboratory,,,,,,
39,Aggregated,Laboratory,,,,,,
39,Centralized,Laboratory,,,,,,
40,0,Laboratory,,,,,,
40,1,Laboratory,,,,,,
40,2,Laboratory,,,,,,
40,3,Laboratory,,,,,,
40,4,Laboratory,,,,,,
40,5,Laboratory,,,,,,
40,Aggregated,Laboratory,,,,,,
40,Centralized,Laboratory,,,,,,
41,0,Laboratory,,,,,,
41,1,Laboratory,,,,,,
41,2,Laboratory,,,,,,
41,3,Laboratory,,,,,,
41,4,Laboratory,,,,,,
41,5,Laboratory,,,,,,
41,Aggregated,Laboratory,,,,,,
41,Centralized,Laboratory,,,,,,
42,0,Laboratory,,,,,,
42,1,Laboratory,,,,,,
42,2,Laboratory,,,,,,
42,3,Laboratory,,,,,,
42,4,Laboratory,,,,,,
42,5,Laboratory,,,,,,
42,Aggregated,Laboratory,,,,,,
42,Centralized,Laboratory,,,,,,
43,0,Laboratory,,,,,,
43,1,Laboratory,,,,,,
43,2,Laboratory,,,,,,
43,3,Laboratory,,,,,,
43,4,Laboratory,,,,,,
43,5,Laboratory,,,,,,
43,Aggregated,Laboratory,,,,,,
43,Centralized,Laboratory,,,,,,
44,0,Laboratory,,,,,,
44,1,Laboratory,,,,,,
44,2,Laboratory,,,,,,
44,3,Laboratory,,,,,,
44,4,Laboratory,,,,,,
44,5,Laboratory,,,,,,
44,Aggregated,Laboratory,,,,,,
44,Centralized,Laboratory,,,,,,
45,0,Laboratory,,,,,,
45,1,Laboratory,,,,,,
45,2,Laboratory,,,,,,
45,3,Laboratory,,,,,,
45,4,Laboratory,,,,,,
45,5,Laboratory,,,,,,
45,Aggregated,Laboratory,,,,,,
45,Centralized,Laboratory,,,,,,
46,0,Laboratory,,,,,,
46,1,Laboratory,,,,,,
46,2,Laboratory,,,,,,
46,3,Laboratory,,,,,,
46,4,Laboratory,,,,,,
46,5,Laboratory,,,,,,
46,Aggregated,Laboratory,,,,,,
46,Centralized,Laboratory,,,,,,
47,0,Laboratory,,,,,,
47,1,Laboratory,,,,,,
47,2,Laboratory,,,,,,
47,3,Laboratory,,,,,,
47,4,Laboratory,,,,,,
47,5,Laboratory,,,,,,
47,Aggregated,Laboratory,,,,,,
47,Centralized,Laboratory,,,,,,
48,0,Laboratory,,,,,,
48,1,Laboratory,,,,,,
48,2,Laboratory,,,,,,
48,3,Laboratory,,,,,,
48,4,Laboratory,,,,,,
48,5,Laboratory,,,,,,
48,Aggregated,Laboratory,,,,,,
48,Centralized,Laboratory,,,,,,
49,0,Laboratory,,,,,,
49,1,Laboratory,,,,,,
49,2,Laboratory,,,,,,
49,3,Laboratory,,,,,,
49,4,Laboratory,,,,,,
49,5,Laboratory,,,,,,
49,Aggregated,Laboratory,,,,,,
49,Centralized,Laboratory,,,,,,
50,0,Laboratory,,,,,,
50,1,Laboratory,,,,,,
50,2,Laboratory,,,,,,
50,3,Laboratory,,,,,,
50,4,Laboratory,,,,,,
50,5,Laboratory,,,,,,
50,Aggregated,Laboratory,,,,,,
50,Centralized,Laboratory,,,,,,
0,0,Commercial_Other,,,,,,
0,1,Commercial_Other,,,,,,
0,2,Commercial_Other,,,,,,
0,3,Commercial_Other,,,,,,
0,4,Commercial_Other,,,,,,
0,5,Commercial_Other,,,,,,
0,Aggregated,Commercial_Other,,,,,,
0,Centralized,Commercial_Other,,,,,,
1,0,Commercial_Other,,,,,,
1,1,Commercial_Other,,,,,,
1,2,Commercial_Other,,,,,,
1,3,Commercial_Other,,,,,,
1,4,Commercial_Other,,,,,,
1,5,Commercial_Other,,,,,,
1,Aggregated,Commercial_Other,,,,,,
1,Centralized,Commercial_Other,,,,,,
2,0,Commercial_Other,,,,,,
2,1,Commercial_Other,,,,,,
2,2,Commercial_Other,,,,,,
2,3,Commercial_Other,,,,,,
2,4,Commercial_Other,,,,,,
2,5,Commercial_Other,,,,,,
2,Aggregated,Commercial_Other,,,,,,
2,Centralized,Commercial_Other,,,,,,
3,0,Commercial_Other,,,,,,
3,1,Commercial_Other,,,,,,
3,2,Commercial_Other,,,,,,
3,3,Commercial_Other,,,,,,
3,4,Commercial_Other,,,,,,
3,5,Commercial_Other,,,,,,
3,Aggregated,Commercial_Other,,,,,,
3,Centralized,Commercial_Other,,,,,,
4,0,Commercial_Other,,,,,,
4,1,Commercial_Other,,,,,,
4,2,Commercial_Other,,,,,,
4,3,Commercial_Other,,,,,,
4,4,Commercial_Other,,,,,,
4,5,Commercial_Other,,,,,,
4,Aggregated,Commercial_Other,,,,,,
4,Centralized,Commercial_Other,,,,,,
5,0,Commercial_Other,,,,,,
5,1,Commercial_Other,,,,,,
5,2,Commercial_Other,,,,,,
5,3,Commercial_Other,,,,,,
5,4,Commercial_Other,,,,,,
5,5,Commercial_Other,,,,,,
5,Aggregated,Commercial_Other,,,,,,
5,Centralized,Commercial_Other,,,,,,
6,0,Commercial_Other,,,,,,
6,1,Commercial_Other,,,,,,
6,2,Commercial_Other,,,,,,
6,3,Commercial_Other,,,,,,
6,4,Commercial_Other,,,,,,
6,5,Commercial_Other,,,,,,
6,Aggregated,Commercial_Other,,,,,,
6,Centralized,Commercial_Other,,,,,,
7,0,Commercial_Other,,,,,,
7,1,Commercial_Other,,,,,,
7,2,Commercial_Other,,,,,,
7,3,Commercial_Other,,,,,,
7,4,Commercial_Other,,,,,,
7,5,Commercial_Other,,,,,,
7,Aggregated,Commercial_Other,,,,,,
7,Centralized,Commercial_Other,,,,,,
8,0,Commercial_Other,,,,,,
8,1,Commercial_Other,,,,,,
8,2,Commercial_Other,,,,,,
8,3,Commercial_Other,,,,,,
8,4,Commercial_Other,,,,,,
8,5,Commercial_Other,,,,,,
8,Aggregated,Commercial_Other,,,,,,
8,Centralized,Commercial_Other,,,,,,
9,0,Commercial_Other,,,,,,
9,1,Commercial_Other,,,,,,
9,2,Commercial_Other,,,,,,
9,3,Commercial_Other,,,,,,
9,4,Commercial_Other,,,,,,
9,5,Commercial_Other,,,,,,
9,Aggregated,Commercial_Other,,,,,,
9,Centralized,Commercial_Other,,,,,,
10,0,Commercial_Other,,,,,,
10,1,Commercial_Other,,,,,,
10,2,Commercial_Other,,,,,,
10,3,Commercial_Other,,,,,,
10,4,Commercial_Other,,,,,,
10,5,Commercial_Other,,,,,,
10,Aggregated,Commercial_Other,,,,,,
10,Centralized,Commercial_Other,,,,,,
11,0,Commercial_Other,,,,,,
11,1,Commercial_Other,,,,,,
11,2,Commercial_Other,,,,,,
11,3,Commercial_Other,,,,,,
11,4,Commercial_Other,,,,,,
11,5,Commercial_Other,,,,,,
11,Aggregated,Commercial_Other,,,,,,
11,Centralized,Commercial_Other,,,,,,
12,0,Commercial_Other,,,,,,
12,1,Commercial_Other,,,,,,
12,2,Commercial_Other,,,,,,
12,3,Commercial_Other,,,,,,
12,4,Commercial_Other,,,,,,
12,5,Commercial_Other,,,,,,
12,Aggregated,Commercial_Other,,,,,,
12,Centralized,Commercial_Other,,,,,,
13,0,Commercial_Other,,,,,,
13,1,Commercial_Other,,,,,,
13,2,Commercial_Other,,,,,,
13,3,Commercial_Other,,,,,,
13,4,Commercial_Other,,,,,,
13,5,Commercial_Other,,,,,,
13,Aggregated,Commercial_Other,,,,,,
13,Centralized,Commercial_Other,,,,,,
14,0,Commercial_Other,,,,,,
14,1,Commercial_Other,,,,,,
14,2,Commercial_Other,,,,,,
14,3,Commercial_Other,,,,,,
14,4,Commercial_Other,,,,,,
14,5,Commercial_Other,,,,,,
14,Aggregated,Commercial_Other,,,,,,
14,Centralized,Commercial_Other,,,,,,
15,0,Commercial_Other,,,,,,
15,1,Commercial_Other,,,,,,
15,2,Commercial_Other,,,,,,
15,3,Commercial_Other,,,,,,
15,4,Commercial_Other,,,,,,
15,5,Commercial_Other,,,,,,
15,Aggregated,Commercial_Other,,,,,,
15,Centralized,Commercial_Other,,,,,,
16,0,Commercial_Other,,,,,,
16,1,Commercial_Other,,,,,,
16,2,Commercial_Other,,,,,,
16,3,Commercial_Other,,,,,,
16,4,Commercial_Other,,,,,,
16,5,Commercial_Other,,,,,,
16,Aggregated,Commercial_Other,,,,,,
16,Centralized,Commercial_Other,,,,,,
17,0,Commercial_Other,,,,,,
17,1,Commercial_Other,,,,,,
17,2,Commercial_Other,,,,,,
17,3,Commercial_Other,,,,,,
17,4,Commercial_Other,,,,,,
17,5,Commercial_Other,,,,,,
17,Aggregated,Commercial_Other,,,,,,
17,Centralized,Commercial_Other,,,,,,
18,0,Commercial_Other,,,,,,
18,1,Commercial_Other,,,,,,
18,2,Commercial_Other,,,,,,
18,3,Commercial_Other,,,,,,
18,4,Commercial_Other,,,,,,
18,5,Commercial_Other,,,,,,
18,Aggregated,Commercial_Other,,,,,,
18,Centralized,Commercial_Other,,,,,,
19,0,Commercial_Other,,,,,,
19,1,Commercial_Other,,,,,,
19,2,Commercial_Other,,,,,,
19,3,Commercial_Other,,,,,,
19,4,Commercial_Other,,,,,,
19,5,Commercial_Other,,,,,,
19,Aggregated,Commercial_Other,,,,,,
19,Centralized,Commercial_Other,,,,,,
20,0,Commercial_Other,,,,,,
20,1,Commercial_Other,,,,,,
20,2,Commercial_Other,,,,,,
20,3,Commercial_Other,,,,,,
20,4,Commercial_Other,,,,,,
20,5,Commercial_Other,,,,,,
20,Aggregated,Commercial_Other,,,,,,
20,Centralized,Commercial_Other,,,,,,
21,0,Commercial_Other,,,,,,
21,1,Commercial_Other,,,,,,
21,2,Commercial_Other,,,,,,
21,3,Commercial_Other,,,,,,
21,4,Commercial_Other,,,,,,
21,5,Commercial_Other,,,,,,
21,Aggregated,Commercial_Other,,,,,,
21,Centralized,Commercial_Other,,,,,,
22,0,Commercial_Other,,,,,,
22,1,Commercial_Other,,,,,,
22,2,Commercial_Other,,,,,,
22,3,Commercial_Other,,,,,,
22,4,Commercial_Other,,,,,,
22,5,Commercial_Other,,,,,,
22,Aggregated,Commercial_Other,,,,,,
22,Centralized,Commercial_Other,,,,,,
23,0,Commercial_Other,,,,,,
23,1,Commercial_Other,,,,,,
23,2,Commercial_Other,,,,,,
23,3,Commercial_Other,,,,,,
23,4,Commercial_Other,,,,,,
23,5,Commercial_Other,,,,,,
23,Aggregated,Commercial_Other,,,,,,
23,Centralized,Commercial_Other,,,,,,
24,0,Commercial_Other,,,,,,
24,1,Commercial_Other,,,,,,
24,2,Commercial_Other,,,,,,
24,3,Commercial_Other,,,,,,
24,4,Commercial_Other,,,,,,
24,5,Commercial_Other,,,,,,
24,Aggregated,Commercial_Other,,,,,,
24,Centralized,Commercial_Other,,,,,,
25,0,Commercial_Other,,,,,,
25,1,Commercial_Other,,,,,,
25,2,Commercial_Other,,,,,,
25,3,Commercial_Other,,,,,,
25,4,Commercial_Other,,,,,,
25,5,Commercial_Other,,,,,,
25,Aggregated,Commercial_Other,,,,,,
25,Centralized,Commercial_Other,,,,,,
26,0,Commercial_Other,,,,,,
26,1,Commercial_Other,,,,,,
26,2,Commercial_Other,,,,,,
26,3,Commercial_Other,,,,,,
26,4,Commercial_Other,,,,,,
26,5,Commercial_Other,,,,,,
26,Aggregated,Commercial_Other,,,,,,
26,Centralized,Commercial_Other,,,,,,
27,0,Commercial_Other,,,,,,
27,1,Commercial_Other,,,,,,
27,2,Commercial_Other,,,,,,
27,3,Commercial_Other,,,,,,
27,4,Commercial_Other,,,,,,
27,5,Commercial_Other,,,,,,
27,Aggregated,Commercial_Other,,,,,,
27,Centralized,Commercial_Other,,,,,,
28,0,Commercial_Other,,,,,,
28,1,Commercial_Other,,,,,,
28,2,Commercial_Other,,,,,,
28,3,Commercial_Other,,,,,,
28,4,Commercial_Other,,,,,,
28,5,Commercial_Other,,,,,,
28,Aggregated,Commercial_Other,,,,,,
28,Centralized,Commercial_Other,,,,,,
29,0,Commercial_Other,,,,,,
29,1,Commercial_Other,,,,,,
29,2,Commercial_Other,,,,,,
29,3,Commercial_Other,,,,,,
29,4,Commercial_Other,,,,,,
29,5,Commercial_Other,,,,,,
29,Aggregated,Commercial_Other,,,,,,
29,Centralized,Commercial_Other,,,,,,
30,0,Commercial_Other,,,,,,
30,1,Commercial_Other,,,,,,
30,2,Commercial_Other,,,,,,
30,3,Commercial_Other,,,,,,
30,4,Commercial_Other,,,,,,
30,5,Commercial_Other,,,,,,
30,Aggregated,Commercial_Other,,,,,,
30,Centralized,Commercial_Other,,,,,,
31,0,Commercial_Other,,,,,,
31,1,Commercial_Other,,,,,,
31,2,Commercial_Other,,,,,,
31,3,Commercial_Other,,,,,,
31,4,Commercial_Other,,,,,,
31,5,Commercial_Other,,,,,,
31,Aggregated,Commercial_Other,,,,,,
31,Centralized,Commercial_Other,,,,,,
32,0,Commercial_Other,,,,,,
32,1,Commercial_Other,,,,,,
32,2,Commercial_Other,,,,,,
32,3,Commercial_Other,,,,,,
32,4,Commercial_Other,,,,,,
32,5,Commercial_Other,,,,,,
32,Aggregated,Commercial_Other,,,,,,
32,Centralized,Commercial_Other,,,,,,
33,0,Commercial_Other,,,,,,
33,1,Commercial_Other,,,,,,
33,2,Commercial_Other,,,,,,
33,3,Commercial_Other,,,,,,
33,4,Commercial_Other,,,,,,
33,5,Commercial_Other,,,,,,
33,Aggregated,Commercial_Other,,,,,,
33,Centralized,Commercial_Other,,,,,,
34,0,Commercial_Other,,,,,,
34,1,Commercial_Other,,,,,,
34,2,Commercial_Other,,,,,,
34,3,Commercial_Other,,,,,,
34,4,Commercial_Other,,,,,,
34,5,Commercial_Other,,,,,,
34,Aggregated,Commercial_Other,,,,,,
34,Centralized,Commercial_Other,,,,,,
35,0,Commercial_Other,,,,,,
35,1,Commercial_Other,,,,,,
35,2,Commercial_Other,,,,,,
35,3,Commercial_Other,,,,,,
35,4,Commercial_Other,,,,,,
35,5,Commercial_Other,,,,,,
35,Aggregated,Commercial_Other,,,,,,
35,Centralized,Commercial_Other,,,,,,
36,0,Commercial_Other,,,,,,
36,1,Commercial_Other,,,,,,
36,2,Commercial_Other,,,,,,
36,3,Commercial_Other,,,,,,
36,4,Commercial_Other,,,,,,
36,5,Commercial_Other,,,,,,
36,Aggregated,Commercial_Other,,,,,,
36,Centralized,Commercial_Other,,,,,,
37,0,Commercial_Other,,,,,,
37,1,Commercial_Other,,,,,,
37,2,Commercial_Other,,,,,,
37,3,Commercial_Other,,,,,,
37,4,Commercial_Other,,,,,,
37,5,Commercial_Other,,,,,,
37,Aggregated,Commercial_Other,,,,,,
37,Centralized,Commercial_Other,,,,,,
38,0,Commercial_Other,,,,,,
38,1,Commercial_Other,,,,,,
38,2,Commercial_Other,,,,,,
38,3,Commercial_Other,,,,,,
38,4,Commercial_Other,,,,,,
38,5,Commercial_Other,,,,,,
38,Aggregated,Commercial_Other,,,,,,
38,Centralized,Commercial_Other,,,,,,
39,0,Commercial_Other,,,,,,
39,1,Commercial_Other,,,,,,
39,2,Commercial_Other,,,,,,
39,3,Commercial_Other,,,,,,
39,4,Commercial_Other,,,,,,
39,5,Commercial_Other,,,,,,
39,Aggregated,Commercial_Other,,,,,,
39,Centralized,Commercial_Other,,,,,,
40,0,Commercial_Other,,,,,,
40,1,Commercial_Other,,,,,,
40,2,Commercial_Other,,,,,,
40,3,Commercial_Other,,,,,,
40,4,Commercial_Other,,,,,,
40,5,Commercial_Other,,,,,,
40,Aggregated,Commercial_Other,,,,,,
40,Centralized,Commercial_Other,,,,,,
41,0,Commercial_Other,,,,,,
41,1,Commercial_Other,,,,,,
41,2,Commercial_Other,,,,,,
41,3,Commercial_Other,,,,,,
41,4,Commercial_Other,,,,,,
41,5,Commercial_Other,,,,,,
41,Aggregated,Commercial_Other,,,,,,
41,Centralized,Commercial_Other,,,,,,
42,0,Commercial_Other,,,,,,
42,1,Commercial_Other,,,,,,
42,2,Commercial_Other,,,,,,
42,3,Commercial_Other,,,,,,
42,4,Commercial_Other,,,,,,
42,5,Commercial_Other,,,,,,
42,Aggregated,Commercial_Other,,,,,,
42,Centralized,Commercial_Other,,,,,,
43,0,Commercial_Other,,,,,,
43,1,Commercial_Other,,,,,,
43,2,Commercial_Other,,,,,,
43,3,Commercial_Other,,,,,,
43,4,Commercial_Other,,,,,,
43,5,Commercial_Other,,,,,,
43,Aggregated,Commercial_Other,,,,,,
43,Centralized,Commercial_Other,,,,,,
44,0,Commercial_Other,,,,,,
44,1,Commercial_Other,,,,,,
44,2,Commercial_Other,,,,,,
44,3,Commercial_Other,,,,,,
44,4,Commercial_Other,,,,,,
44,5,Commercial_Other,,,,,,
44,Aggregated,Commercial_Other,,,,,,
44,Centralized,Commercial_Other,,,,,,
45,0,Commercial_Other,,,,,,
45,1,Commercial_Other,,,,,,
45,2,Commercial_Other,,,,,,
45,3,Commercial_Other,,,,,,
45,4,Commercial_Other,,,,,,
45,5,Commercial_Other,,,,,,
45,Aggregated,Commercial_Other,,,,,,
45,Centralized,Commercial_Other,,,,,,
46,0,Commercial_Other,,,,,,
46,1,Commercial_Other,,,,,,
46,2,Commercial_Other,,,,,,
46,3,Commercial_Other,,,,,,
46,4,Commercial_Other,,,,,,
46,5,Commercial_Other,,,,,,
46,Aggregated,Commercial_Other,,,,,,
46,Centralized,Commercial_Other,,,,,,
47,0,Commercial_Other,,,,,,
47,1,Commercial_Other,,,,,,
47,2,Commercial_Other,,,,,,
47,3,Commercial_Other,,,,,,
47,4,Commercial_Other,,,,,,
47,5,Commercial_Other,,,,,,
47,Aggregated,Commercial_Other,,,,,,
47,Centralized,Commercial_Other,,,,,,
48,0,Commercial_Other,,,,,,
48,1,Commercial_Other,,,,,,
48,2,Commercial_Other,,,,,,
48,3,Commercial_Other,,,,,,
48,4,Commercial_Other,,,,,,
48,5,Commercial_Other,,,,,,
48,Aggregated,Commercial_Other,,,,,,
48,Centralized,Commercial_Other,,,,,,
49,0,Commercial_Other,,,,,,
49,1,Commercial_Other,,,,,,
49,2,Commercial_Other,,,,,,
49,3,Commercial_Other,,,,,,
49,4,Commercial_Other,,,,,,
49,5,Commercial_Other,,,,,,
49,Aggregated,Commercial_Other,,,,,,
49,Centralized,Commercial_Other,,,,,,
50,0,Commercial_Other,,,,,,
50,1,Commercial_Other,,,,,,
50,2,Commercial_Other,,,,,,
50,3,Commercial_Other,,,,,,
50,4,Commercial_Other,,,,,,
50,5,Commercial_Other,,,,,,
50,Aggregated,Commercial_Other,,,,,,
50,Centralized,Commercial_Other,,,,,,
0,0,Health_Care_Outpatient_Clinic,,,,,,
0,1,Health_Care_Outpatient_Clinic,,,,,,
0,2,Health_Care_Outpatient_Clinic,,,,,,
0,3,Health_Care_Outpatient_Clinic,,,,,,
0,4,Health_Care_Outpatient_Clinic,,,,,,
0,5,Health_Care_Outpatient_Clinic,,,,,,
0,Aggregated,Health_Care_Outpatient_Clinic,,,,,,
0,Centralized,Health_Care_Outpatient_Clinic,,,,,,
1,0,Health_Care_Outpatient_Clinic,,,,,,
1,1,Health_Care_Outpatient_Clinic,,,,,,
1,2,Health_Care_Outpatient_Clinic,,,,,,
1,3,Health_Care_Outpatient_Clinic,,,,,,
1,4,Health_Care_Outpatient_Clinic,,,,,,
1,5,Health_Care_Outpatient_Clinic,,,,,,
1,Aggregated,Health_Care_Outpatient_Clinic,,,,,,
1,Centralized,Health_Care_Outpatient_Clinic,,,,,,
2,0,Health_Care_Outpatient_Clinic,,,,,,
2,1,Health_Care_Outpatient_Clinic,,,,,,
2,2,Health_Care_Outpatient_Clinic,,,,,,
2,3,Health_Care_Outpatient_Clinic,,,,,,
2,4,Health_Care_Outpatient_Clinic,,,,,,
2,5,Health_Care_Outpatient_Clinic,,,,,,
2,Aggregated,Health_Care_Outpatient_Clinic,,,,,,
2,Centralized,Health_Care_Outpatient_Clinic,,,,,,
3,0,Health_Care_Outpatient_Clinic,,,,,,
3,1,Health_Care_Outpatient_Clinic,,,,,,
3,2,Health_Care_Outpatient_Clinic,,,,,,
3,3,Health_Care_Outpatient_Clinic,,,,,,
3,4,Health_Care_Outpatient_Clinic,,,,,,
3,5,Health_Care_Outpatient_Clinic,,,,,,
3,Aggregated,Health_Care_Outpatient_Clinic,,,,,,
3,Centralized,Health_Care_Outpatient_Clinic,,,,,,
4,0,Health_Care_Outpatient_Clinic,,,,,,
4,1,Health_Care_Outpatient_Clinic,,,,,,
4,2,Health_Care_Outpatient_Clinic,,,,,,
4,3,Health_Care_Outpatient_Clinic,,,,,,
4,4,Health_Care_Outpatient_Clinic,,,,,,
4,5,Health_Care_Outpatient_Clinic,,,,,,
4,Aggregated,Health_Care_Outpatient_Clinic,,,,,,
4,Centralized,Health_Care_Outpatient_Clinic,,,,,,
5,0,Health_Care_Outpatient_Clinic,,,,,,
5,1,Health_Care_Outpatient_Clinic,,,,,,
5,2,Health_Care_Outpatient_Clinic,,,,,,
5,3,Health_Care_Outpatient_Clinic,,,,,,
5,4,Health_Care_Outpatient_Clinic,,,,,,
5,5,Health_Care_Outpatient_Clinic,,,,,,
5,Aggregated,Health_Care_Outpatient_Clinic,,,,,,
5,Centralized,Health_Care_Outpatient_Clinic,,,,,,
6,0,Health_Care_Outpatient_Clinic,,,,,,
6,1,Health_Care_Outpatient_Clinic,,,,,,
6,2,Health_Care_Outpatient_Clinic,,,,,,
6,3,Health_Care_Outpatient_Clinic,,,,,,
6,4,Health_Care_Outpatient_Clinic,,,,,,
6,5,Health_Care_Outpatient_Clinic,,,,,,
6,Aggregated,Health_Care_Outpatient_Clinic,,,,,,
6,Centralized,Health_Care_Outpatient_Clinic,,,,,,
7,0,Health_Care_Outpatient_Clinic,,,,,,
7,1,Health_Care_Outpatient_Clinic,,,,,,
7,2,Health_Care_Outpatient_Clinic,,,,,,
7,3,Health_Care_Outpatient_Clinic,,,,,,
7,4,Health_Care_Outpatient_Clinic,,,,,,
7,5,Health_Care_Outpatient_Clinic,,,,,,
7,Aggregated,Health_Care_Outpatient_Clinic,,,,,,
7,Centralized,Health_Care_Outpatient_Clinic,,,,,,
8,0,Health_Care_Outpatient_Clinic,,,,,,
8,1,Health_Care_Outpatient_Clinic,,,,,,
8,2,Health_Care_Outpatient_Clinic,,,,,,
8,3,Health_Care_Outpatient_Clinic,,,,,,
8,4,Health_Care_Outpatient_Clinic,,,,,,
8,5,Health_Care_Outpatient_Clinic,,,,,,
8,Aggregated,Health_Care_Outpatient_Clinic,,,,,,
8,Centralized,Health_Care_Outpatient_Clinic,,,,,,
9,0,Health_Care_Outpatient_Clinic,,,,,,
9,1,Health_Care_Outpatient_Clinic,,,,,,
9,2,Health_Care_Outpatient_Clinic,,,,,,
9,3,Health_Care_Outpatient_Clinic,,,,,,
9,4,Health_Care_Outpatient_Clinic,,,,,,
9,5,Health_Care_Outpatient_Clinic,,,,,,
9,Aggregated,Health_Care_Outpatient_Clinic,,,,,,
9,Centralized,Health_Care_Outpatient_Clinic,,,,,,
10,0,Health_Care_Outpatient_Clinic,,,,,,
10,1,Health_Care_Outpatient_Clinic,,,,,,
10,2,Health_Care_Outpatient_Clinic,,,,,,
10,3,Health_Care_Outpatient_Clinic,,,,,,
10,4,Health_Care_Outpatient_Clinic,,,,,,
10,5,Health_Care_Outpatient_Clinic,,,,,,
10,Aggregated,Health_Care_Outpatient_Clinic,,,,,,
10,Centralized,Health_Care_Outpatient_Clinic,,,,,,
11,0,Health_Care_Outpatient_Clinic,,,,,,
11,1,Health_Care_Outpatient_Clinic,,,,,,
11,2,Health_Care_Outpatient_Clinic,,,,,,
11,3,Health_Care_Outpatient_Clinic,,,,,,
11,4,Health_Care_Outpatient_Clinic,,,,,,
11,5,Health_Care_Outpatient_Clinic,,,,,,
11,Aggregated,Health_Care_Outpatient_Clinic,,,,,,
11,Centralized,Health_Care_Outpatient_Clinic,,,,,,
12,0,Health_Care_Outpatient_Clinic,,,,,,
12,1,Health_Care_Outpatient_Clinic,,,,,,
12,2,Health_Care_Outpatient_Clinic,,,,,,
12,3,Health_Care_Outpatient_Clinic,,,,,,
12,4,Health_Care_Outpatient_Clinic,,,,,,
12,5,Health_Care_Outpatient_Clinic,,,,,,
12,Aggregated,Health_Care_Outpatient_Clinic,,,,,,
12,Centralized,Health_Care_Outpatient_Clinic,,,,,,
13,0,Health_Care_Outpatient_Clinic,,,,,,
13,1,Health_Care_Outpatient_Clinic,,,,,,
13,2,Health_Care_Outpatient_Clinic,,,,,,
13,3,Health_Care_Outpatient_Clinic,,,,,,
13,4,Health_Care_Outpatient_Clinic,,,,,,
13,5,Health_Care_Outpatient_Clinic,,,,,,
13,Aggregated,Health_Care_Outpatient_Clinic,,,,,,
13,Centralized,Health_Care_Outpatient_Clinic,,,,,,
14,0,Health_Care_Outpatient_Clinic,,,,,,
14,1,Health_Care_Outpatient_Clinic,,,,,,
14,2,Health_Care_Outpatient_Clinic,,,,,,
14,3,Health_Care_Outpatient_Clinic,,,,,,
14,4,Health_Care_Outpatient_Clinic,,,,,,
14,5,Health_Care_Outpatient_Clinic,,,,,,
14,Aggregated,Health_Care_Outpatient_Clinic,,,,,,
14,Centralized,Health_Care_Outpatient_Clinic,,,,,,
15,0,Health_Care_Outpatient_Clinic,,,,,,
15,1,Health_Care_Outpatient_Clinic,,,,,,
15,2,Health_Care_Outpatient_Clinic,,,,,,
15,3,Health_Care_Outpatient_Clinic,,,,,,
15,4,Health_Care_Outpatient_Clinic,,,,,,
15,5,Health_Care_Outpatient_Clinic,,,,,,
15,Aggregated,Health_Care_Outpatient_Clinic,,,,,,
15,Centralized,Health_Care_Outpatient_Clinic,,,,,,
16,0,Health_Care_Outpatient_Clinic,,,,,,
16,1,Health_Care_Outpatient_Clinic,,,,,,
16,2,Health_Care_Outpatient_Clinic,,,,,,
16,3,Health_Care_Outpatient_Clinic,,,,,,
16,4,Health_Care_Outpatient_Clinic,,,,,,
16,5,Health_Care_Outpatient_Clinic,,,,,,
16,Aggregated,Health_Care_Outpatient_Clinic,,,,,,
16,Centralized,Health_Care_Outpatient_Clinic,,,,,,
17,0,Health_Care_Outpatient_Clinic,,,,,,
17,1,Health_Care_Outpatient_Clinic,,,,,,
17,2,Health_Care_Outpatient_Clinic,,,,,,
17,3,Health_Care_Outpatient_Clinic,,,,,,
17,4,Health_Care_Outpatient_Clinic,,,,,,
17,5,Health_Care_Outpatient_Clinic,,,,,,
17,Aggregated,Health_Care_Outpatient_Clinic,,,,,,
17,Centralized,Health_Care_Outpatient_Clinic,,,,,,
18,0,Health_Care_Outpatient_Clinic,,,,,,
18,1,Health_Care_Outpatient_Clinic,,,,,,
18,2,Health_Care_Outpatient_Clinic,,,,,,
18,3,Health_Care_Outpatient_Clinic,,,,,,
18,4,Health_Care_Outpatient_Clinic,,,,,,
18,5,Health_Care_Outpatient_Clinic,,,,,,
18,Aggregated,Health_Care_Outpatient_Clinic,,,,,,
18,Centralized,Health_Care_Outpatient_Clinic,,,,,,
19,0,Health_Care_Outpatient_Clinic,,,,,,
19,1,Health_Care_Outpatient_Clinic,,,,,,
19,2,Health_Care_Outpatient_Clinic,,,,,,
19,3,Health_Care_Outpatient_Clinic,,,,,,
19,4,Health_Care_Outpatient_Clinic,,,,,,
19,5,Health_Care_Outpatient_Clinic,,,,,,
19,Aggregated,Health_Care_Outpatient_Clinic,,,,,,
19,Centralized,Health_Care_Outpatient_Clinic,,,,,,
20,0,Health_Care_Outpatient_Clinic,,,,,,
20,1,Health_Care_Outpatient_Clinic,,,,,,
20,2,Health_Care_Outpatient_Clinic,,,,,,
20,3,Health_Care_Outpatient_Clinic,,,,,,
20,4,Health_Care_Outpatient_Clinic,,,,,,
20,5,Health_Care_Outpatient_Clinic,,,,,,
20,Aggregated,Health_Care_Outpatient_Clinic,,,,,,
20,Centralized,Health_Care_Outpatient_Clinic,,,,,,
21,0,Health_Care_Outpatient_Clinic,,,,,,
21,1,Health_Care_Outpatient_Clinic,,,,,,
21,2,Health_Care_Outpatient_Clinic,,,,,,
21,3,Health_Care_Outpatient_Clinic,,,,,,
21,4,Health_Care_Outpatient_Clinic,,,,,,
21,5,Health_Care_Outpatient_Clinic,,,,,,
21,Aggregated,Health_Care_Outpatient_Clinic,,,,,,
21,Centralized,Health_Care_Outpatient_Clinic,,,,,,
22,0,Health_Care_Outpatient_Clinic,,,,,,
22,1,Health_Care_Outpatient_Clinic,,,,,,
22,2,Health_Care_Outpatient_Clinic,,,,,,
22,3,Health_Care_Outpatient_Clinic,,,,,,
22,4,Health_Care_Outpatient_Clinic,,,,,,
22,5,Health_Care_Outpatient_Clinic,,,,,,
22,Aggregated,Health_Care_Outpatient_Clinic,,,,,,
22,Centralized,Health_Care_Outpatient_Clinic,,,,,,
23,0,Health_Care_Outpatient_Clinic,,,,,,
23,1,Health_Care_Outpatient_Clinic,,,,,,
23,2,Health_Care_Outpatient_Clinic,,,,,,
23,3,Health_Care_Outpatient_Clinic,,,,,,
23,4,Health_Care_Outpatient_Clinic,,,,,,
23,5,Health_Care_Outpatient_Clinic,,,,,,
23,Aggregated,Health_Care_Outpatient_Clinic,,,,,,
23,Centralized,Health_Care_Outpatient_Clinic,,,,,,
24,0,Health_Care_Outpatient_Clinic,,,,,,
24,1,Health_Care_Outpatient_Clinic,,,,,,
24,2,Health_Care_Outpatient_Clinic,,,,,,
24,3,Health_Care_Outpatient_Clinic,,,,,,
24,4,Health_Care_Outpatient_Clinic,,,,,,
24,5,Health_Care_Outpatient_Clinic,,,,,,
24,Aggregated,Health_Care_Outpatient_Clinic,,,,,,
24,Centralized,Health_Care_Outpatient_Clinic,,,,,,
25,0,Health_Care_Outpatient_Clinic,,,,,,
25,1,Health_Care_Outpatient_Clinic,,,,,,
25,2,Health_Care_Outpatient_Clinic,,,,,,
25,3,Health_Care_Outpatient_Clinic,,,,,,
25,4,Health_Care_Outpatient_Clinic,,,,,,
25,5,Health_Care_Outpatient_Clinic,,,,,,
25,Aggregated,Health_Care_Outpatient_Clinic,,,,,,
25,Centralized,Health_Care_Outpatient_Clinic,,,,,,
26,0,Health_Care_Outpatient_Clinic,,,,,,
26,1,Health_Care_Outpatient_Clinic,,,,,,
26,2,Health_Care_Outpatient_Clinic,,,,,,
26,3,Health_Care_Outpatient_Clinic,,,,,,
26,4,Health_Care_Outpatient_Clinic,,,,,,
26,5,Health_Care_Outpatient_Clinic,,,,,,
26,Aggregated,Health_Care_Outpatient_Clinic,,,,,,
26,Centralized,Health_Care_Outpatient_Clinic,,,,,,
27,0,Health_Care_Outpatient_Clinic,,,,,,
27,1,Health_Care_Outpatient_Clinic,,,,,,
27,2,Health_Care_Outpatient_Clinic,,,,,,
27,3,Health_Care_Outpatient_Clinic,,,,,,
27,4,Health_Care_Outpatient_Clinic,,,,,,
27,5,Health_Care_Outpatient_Clinic,,,,,,
27,Aggregated,Health_Care_Outpatient_Clinic,,,,,,
27,Centralized,Health_Care_Outpatient_Clinic,,,,,,
28,0,Health_Care_Outpatient_Clinic,,,,,,
28,1,Health_Care_Outpatient_Clinic,,,,,,
28,2,Health_Care_Outpatient_Clinic,,,,,,
28,3,Health_Care_Outpatient_Clinic,,,,,,
28,4,Health_Care_Outpatient_Clinic,,,,,,
28,5,Health_Care_Outpatient_Clinic,,,,,,
28,Aggregated,Health_Care_Outpatient_Clinic,,,,,,
28,Centralized,Health_Care_Outpatient_Clinic,,,,,,
29,0,Health_Care_Outpatient_Clinic,,,,,,
29,1,Health_Care_Outpatient_Clinic,,,,,,
29,2,Health_Care_Outpatient_Clinic,,,,,,
29,3,Health_Care_Outpatient_Clinic,,,,,,
29,4,Health_Care_Outpatient_Clinic,,,,,,
29,5,Health_Care_Outpatient_Clinic,,,,,,
29,Aggregated,Health_Care_Outpatient_Clinic,,,,,,
29,Centralized,Health_Care_Outpatient_Clinic,,,,,,
30,0,Health_Care_Outpatient_Clinic,,,,,,
30,1,Health_Care_Outpatient_Clinic,,,,,,
30,2,Health_Care_Outpatient_Clinic,,,,,,
30,3,Health_Care_Outpatient_Clinic,,,,,,
30,4,Health_Care_Outpatient_Clinic,,,,,,
30,5,Health_Care_Outpatient_Clinic,,,,,,
30,Aggregated,Health_Care_Outpatient_Clinic,,,,,,
30,Centralized,Health_Care_Outpatient_Clinic,,,,,,
31,0,Health_Care_Outpatient_Clinic,,,,,,
31,1,Health_Care_Outpatient_Clinic,,,,,,
31,2,Health_Care_Outpatient_Clinic,,,,,,
31,3,Health_Care_Outpatient_Clinic,,,,,,
31,4,Health_Care_Outpatient_Clinic,,,,,,
31,5,Health_Care_Outpatient_Clinic,,,,,,
31,Aggregated,Health_Care_Outpatient_Clinic,,,,,,
31,Centralized,Health_Care_Outpatient_Clinic,,,,,,
32,0,Health_Care_Outpatient_Clinic,,,,,,
32,1,Health_Care_Outpatient_Clinic,,,,,,
32,2,Health_Care_Outpatient_Clinic,,,,,,
32,3,Health_Care_Outpatient_Clinic,,,,,,
32,4,Health_Care_Outpatient_Clinic,,,,,,
32,5,Health_Care_Outpatient_Clinic,,,,,,
32,Aggregated,Health_Care_Outpatient_Clinic,,,,,,
32,Centralized,Health_Care_Outpatient_Clinic,,,,,,
33,0,Health_Care_Outpatient_Clinic,,,,,,
33,1,Health_Care_Outpatient_Clinic,,,,,,
33,2,Health_Care_Outpatient_Clinic,,,,,,
33,3,Health_Care_Outpatient_Clinic,,,,,,
33,4,Health_Care_Outpatient_Clinic,,,,,,
33,5,Health_Care_Outpatient_Clinic,,,,,,
33,Aggregated,Health_Care_Outpatient_Clinic,,,,,,
33,Centralized,Health_Care_Outpatient_Clinic,,,,,,
34,0,Health_Care_Outpatient_Clinic,,,,,,
34,1,Health_Care_Outpatient_Clinic,,,,,,
34,2,Health_Care_Outpatient_Clinic,,,,,,
34,3,Health_Care_Outpatient_Clinic,,,,,,
34,4,Health_Care_Outpatient_Clinic,,,,,,
34,5,Health_Care_Outpatient_Clinic,,,,,,
34,Aggregated,Health_Care_Outpatient_Clinic,,,,,,
34,Centralized,Health_Care_Outpatient_Clinic,,,,,,
35,0,Health_Care_Outpatient_Clinic,,,,,,
35,1,Health_Care_Outpatient_Clinic,,,,,,
35,2,Health_Care_Outpatient_Clinic,,,,,,
35,3,Health_Care_Outpatient_Clinic,,,,,,
35,4,Health_Care_Outpatient_Clinic,,,,,,
35,5,Health_Care_Outpatient_Clinic,,,,,,
35,Aggregated,Health_Care_Outpatient_Clinic,,,,,,
35,Centralized,Health_Care_Outpatient_Clinic,,,,,,
36,0,Health_Care_Outpatient_Clinic,,,,,,
36,1,Health_Care_Outpatient_Clinic,,,,,,
36,2,Health_Care_Outpatient_Clinic,,,,,,
36,3,Health_Care_Outpatient_Clinic,,,,,,
36,4,Health_Care_Outpatient_Clinic,,,,,,
36,5,Health_Care_Outpatient_Clinic,,,,,,
36,Aggregated,Health_Care_Outpatient_Clinic,,,,,,
36,Centralized,Health_Care_Outpatient_Clinic,,,,,,
37,0,Health_Care_Outpatient_Clinic,,,,,,
37,1,Health_Care_Outpatient_Clinic,,,,,,
37,2,Health_Care_Outpatient_Clinic,,,,,,
37,3,Health_Care_Outpatient_Clinic,,,,,,
37,4,Health_Care_Outpatient_Clinic,,,,,,
37,5,Health_Care_Outpatient_Clinic,,,,,,
37,Aggregated,Health_Care_Outpatient_Clinic,,,,,,
37,Centralized,Health_Care_Outpatient_Clinic,,,,,,
38,0,Health_Care_Outpatient_Clinic,,,,,,
38,1,Health_Care_Outpatient_Clinic,,,,,,
38,2,Health_Care_Outpatient_Clinic,,,,,,
38,3,Health_Care_Outpatient_Clinic,,,,,,
38,4,Health_Care_Outpatient_Clinic,,,,,,
38,5,Health_Care_Outpatient_Clinic,,,,,,
38,Aggregated,Health_Care_Outpatient_Clinic,,,,,,
38,Centralized,Health_Care_Outpatient_Clinic,,,,,,
39,0,Health_Care_Outpatient_Clinic,,,,,,
39,1,Health_Care_Outpatient_Clinic,,,,,,
39,2,Health_Care_Outpatient_Clinic,,,,,,
39,3,Health_Care_Outpatient_Clinic,,,,,,
39,4,Health_Care_Outpatient_Clinic,,,,,,
39,5,Health_Care_Outpatient_Clinic,,,,,,
39,Aggregated,Health_Care_Outpatient_Clinic,,,,,,
39,Centralized,Health_Care_Outpatient_Clinic,,,,,,
40,0,Health_Care_Outpatient_Clinic,,,,,,
40,1,Health_Care_Outpatient_Clinic,,,,,,
40,2,Health_Care_Outpatient_Clinic,,,,,,
40,3,Health_Care_Outpatient_Clinic,,,,,,
40,4,Health_Care_Outpatient_Clinic,,,,,,
40,5,Health_Care_Outpatient_Clinic,,,,,,
40,Aggregated,Health_Care_Outpatient_Clinic,,,,,,
40,Centralized,Health_Care_Outpatient_Clinic,,,,,,
41,0,Health_Care_Outpatient_Clinic,,,,,,
41,1,Health_Care_Outpatient_Clinic,,,,,,
41,2,Health_Care_Outpatient_Clinic,,,,,,
41,3,Health_Care_Outpatient_Clinic,,,,,,
41,4,Health_Care_Outpatient_Clinic,,,,,,
41,5,Health_Care_Outpatient_Clinic,,,,,,
41,Aggregated,Health_Care_Outpatient_Clinic,,,,,,
41,Centralized,Health_Care_Outpatient_Clinic,,,,,,
42,0,Health_Care_Outpatient_Clinic,,,,,,
42,1,Health_Care_Outpatient_Clinic,,,,,,
42,2,Health_Care_Outpatient_Clinic,,,,,,
42,3,Health_Care_Outpatient_Clinic,,,,,,
42,4,Health_Care_Outpatient_Clinic,,,,,,
42,5,Health_Care_Outpatient_Clinic,,,,,,
42,Aggregated,Health_Care_Outpatient_Clinic,,,,,,
42,Centralized,Health_Care_Outpatient_Clinic,,,,,,
43,0,Health_Care_Outpatient_Clinic,,,,,,
43,1,Health_Care_Outpatient_Clinic,,,,,,
43,2,Health_Care_Outpatient_Clinic,,,,,,
43,3,Health_Care_Outpatient_Clinic,,,,,,
43,4,Health_Care_Outpatient_Clinic,,,,,,
43,5,Health_Care_Outpatient_Clinic,,,,,,
43,Aggregated,Health_Care_Outpatient_Clinic,,,,,,
43,Centralized,Health_Care_Outpatient_Clinic,,,,,,
44,0,Health_Care_Outpatient_Clinic,,,,,,
44,1,Health_Care_Outpatient_Clinic,,,,,,
44,2,Health_Care_Outpatient_Clinic,,,,,,
44,3,Health_Care_Outpatient_Clinic,,,,,,
44,4,Health_Care_Outpatient_Clinic,,,,,,
44,5,Health_Care_Outpatient_Clinic,,,,,,
44,Aggregated,Health_Care_Outpatient_Clinic,,,,,,
44,Centralized,Health_Care_Outpatient_Clinic,,,,,,
45,0,Health_Care_Outpatient_Clinic,,,,,,
45,1,Health_Care_Outpatient_Clinic,,,,,,
45,2,Health_Care_Outpatient_Clinic,,,,,,
45,3,Health_Care_Outpatient_Clinic,,,,,,
45,4,Health_Care_Outpatient_Clinic,,,,,,
45,5,Health_Care_Outpatient_Clinic,,,,,,
45,Aggregated,Health_Care_Outpatient_Clinic,,,,,,
45,Centralized,Health_Care_Outpatient_Clinic,,,,,,
46,0,Health_Care_Outpatient_Clinic,,,,,,
46,1,Health_Care_Outpatient_Clinic,,,,,,
46,2,Health_Care_Outpatient_Clinic,,,,,,
46,3,Health_Care_Outpatient_Clinic,,,,,,
46,4,Health_Care_Outpatient_Clinic,,,,,,
46,5,Health_Care_Outpatient_Clinic,,,,,,
46,Aggregated,Health_Care_Outpatient_Clinic,,,,,,
46,Centralized,Health_Care_Outpatient_Clinic,,,,,,
47,0,Health_Care_Outpatient_Clinic,,,,,,
47,1,Health_Care_Outpatient_Clinic,,,,,,
47,2,Health_Care_Outpatient_Clinic,,,,,,
47,3,Health_Care_Outpatient_Clinic,,,,,,
47,4,Health_Care_Outpatient_Clinic,,,,,,
47,5,Health_Care_Outpatient_Clinic,,,,,,
47,Aggregated,Health_Care_Outpatient_Clinic,,,,,,
47,Centralized,Health_Care_Outpatient_Clinic,,,,,,
48,0,Health_Care_Outpatient_Clinic,,,,,,
48,1,Health_Care_Outpatient_Clinic,,,,,,
48,2,Health_Care_Outpatient_Clinic,,,,,,
48,3,Health_Care_Outpatient_Clinic,,,,,,
48,4,Health_Care_Outpatient_Clinic,,,,,,
48,5,Health_Care_Outpatient_Clinic,,,,,,
48,Aggregated,Health_Care_Outpatient_Clinic,,,,,,
48,Centralized,Health_Care_Outpatient_Clinic,,,,,,
49,0,Health_Care_Outpatient_Clinic,,,,,,
49,1,Health_Care_Outpatient_Clinic,,,,,,
49,2,Health_Care_Outpatient_Clinic,,,,,,
49,3,Health_Care_Outpatient_Clinic,,,,,,
49,4,Health_Care_Outpatient_Clinic,,,,,,
49,5,Health_Care_Outpatient_Clinic,,,,,,
49,Aggregated,Health_Care_Outpatient_Clinic,,,,,,
49,Centralized,Health_Care_Outpatient_Clinic,,,,,,
50,0,Health_Care_Outpatient_Clinic,,,,,,
50,1,Health_Care_Outpatient_Clinic,,,,,,
50,2,Health_Care_Outpatient_Clinic,,,,,,
50,3,Health_Care_Outpatient_Clinic,,,,,,
50,4,Health_Care_Outpatient_Clinic,,,,,,
50,5,Health_Care_Outpatient_Clinic,,,,,,
50,Aggregated,Health_Care_Outpatient_Clinic,,,,,,
50,Centralized,Health_Care_Outpatient_Clinic,,,,,,
0,0,Education_Other_classroom,,,,,,
0,1,Education_Other_classroom,,,,,,
0,2,Education_Other_classroom,,,,,,
0,3,Education_Other_classroom,,,,,,
0,4,Education_Other_classroom,,,,,,
0,5,Education_Other_classroom,,,,,,
0,Aggregated,Education_Other_classroom,,,,,,
0,Centralized,Education_Other_classroom,,,,,,
1,0,Education_Other_classroom,,,,,,
1,1,Education_Other_classroom,,,,,,
1,2,Education_Other_classroom,,,,,,
1,3,Education_Other_classroom,,,,,,
1,4,Education_Other_classroom,,,,,,
1,5,Education_Other_classroom,,,,,,
1,Aggregated,Education_Other_classroom,,,,,,
1,Centralized,Education_Other_classroom,,,,,,
2,0,Education_Other_classroom,,,,,,
2,1,Education_Other_classroom,,,,,,
2,2,Education_Other_classroom,,,,,,
2,3,Education_Other_classroom,,,,,,
2,4,Education_Other_classroom,,,,,,
2,5,Education_Other_classroom,,,,,,
2,Aggregated,Education_Other_classroom,,,,,,
2,Centralized,Education_Other_classroom,,,,,,
3,0,Education_Other_classroom,,,,,,
3,1,Education_Other_classroom,,,,,,
3,2,Education_Other_classroom,,,,,,
3,3,Education_Other_classroom,,,,,,
3,4,Education_Other_classroom,,,,,,
3,5,Education_Other_classroom,,,,,,
3,Aggregated,Education_Other_classroom,,,,,,
3,Centralized,Education_Other_classroom,,,,,,
4,0,Education_Other_classroom,,,,,,
4,1,Education_Other_classroom,,,,,,
4,2,Education_Other_classroom,,,,,,
4,3,Education_Other_classroom,,,,,,
4,4,Education_Other_classroom,,,,,,
4,5,Education_Other_classroom,,,,,,
4,Aggregated,Education_Other_classroom,,,,,,
4,Centralized,Education_Other_classroom,,,,,,
5,0,Education_Other_classroom,,,,,,
5,1,Education_Other_classroom,,,,,,
5,2,Education_Other_classroom,,,,,,
5,3,Education_Other_classroom,,,,,,
5,4,Education_Other_classroom,,,,,,
5,5,Education_Other_classroom,,,,,,
5,Aggregated,Education_Other_classroom,,,,,,
5,Centralized,Education_Other_classroom,,,,,,
6,0,Education_Other_classroom,,,,,,
6,1,Education_Other_classroom,,,,,,
6,2,Education_Other_classroom,,,,,,
6,3,Education_Other_classroom,,,,,,
6,4,Education_Other_classroom,,,,,,
6,5,Education_Other_classroom,,,,,,
6,Aggregated,Education_Other_classroom,,,,,,
6,Centralized,Education_Other_classroom,,,,,,
7,0,Education_Other_classroom,,,,,,
7,1,Education_Other_classroom,,,,,,
7,2,Education_Other_classroom,,,,,,
7,3,Education_Other_classroom,,,,,,
7,4,Education_Other_classroom,,,,,,
7,5,Education_Other_classroom,,,,,,
7,Aggregated,Education_Other_classroom,,,,,,
7,Centralized,Education_Other_classroom,,,,,,
8,0,Education_Other_classroom,,,,,,
8,1,Education_Other_classroom,,,,,,
8,2,Education_Other_classroom,,,,,,
8,3,Education_Other_classroom,,,,,,
8,4,Education_Other_classroom,,,,,,
8,5,Education_Other_classroom,,,,,,
8,Aggregated,Education_Other_classroom,,,,,,
8,Centralized,Education_Other_classroom,,,,,,
9,0,Education_Other_classroom,,,,,,
9,1,Education_Other_classroom,,,,,,
9,2,Education_Other_classroom,,,,,,
9,3,Education_Other_classroom,,,,,,
9,4,Education_Other_classroom,,,,,,
9,5,Education_Other_classroom,,,,,,
9,Aggregated,Education_Other_classroom,,,,,,
9,Centralized,Education_Other_classroom,,,,,,
10,0,Education_Other_classroom,,,,,,
10,1,Education_Other_classroom,,,,,,
10,2,Education_Other_classroom,,,,,,
10,3,Education_Other_classroom,,,,,,
10,4,Education_Other_classroom,,,,,,
10,5,Education_Other_classroom,,,,,,
10,Aggregated,Education_Other_classroom,,,,,,
10,Centralized,Education_Other_classroom,,,,,,
11,0,Education_Other_classroom,,,,,,
11,1,Education_Other_classroom,,,,,,
11,2,Education_Other_classroom,,,,,,
11,3,Education_Other_classroom,,,,,,
11,4,Education_Other_classroom,,,,,,
11,5,Education_Other_classroom,,,,,,
11,Aggregated,Education_Other_classroom,,,,,,
11,Centralized,Education_Other_classroom,,,,,,
12,0,Education_Other_classroom,,,,,,
12,1,Education_Other_classroom,,,,,,
12,2,Education_Other_classroom,,,,,,
12,3,Education_Other_classroom,,,,,,
12,4,Education_Other_classroom,,,,,,
12,5,Education_Other_classroom,,,,,,
12,Aggregated,Education_Other_classroom,,,,,,
12,Centralized,Education_Other_classroom,,,,,,
13,0,Education_Other_classroom,,,,,,
13,1,Education_Other_classroom,,,,,,
13,2,Education_Other_classroom,,,,,,
13,3,Education_Other_classroom,,,,,,
13,4,Education_Other_classroom,,,,,,
13,5,Education_Other_classroom,,,,,,
13,Aggregated,Education_Other_classroom,,,,,,
13,Centralized,Education_Other_classroom,,,,,,
14,0,Education_Other_classroom,,,,,,
14,1,Education_Other_classroom,,,,,,
14,2,Education_Other_classroom,,,,,,
14,3,Education_Other_classroom,,,,,,
14,4,Education_Other_classroom,,,,,,
14,5,Education_Other_classroom,,,,,,
14,Aggregated,Education_Other_classroom,,,,,,
14,Centralized,Education_Other_classroom,,,,,,
15,0,Education_Other_classroom,,,,,,
15,1,Education_Other_classroom,,,,,,
15,2,Education_Other_classroom,,,,,,
15,3,Education_Other_classroom,,,,,,
15,4,Education_Other_classroom,,,,,,
15,5,Education_Other_classroom,,,,,,
15,Aggregated,Education_Other_classroom,,,,,,
15,Centralized,Education_Other_classroom,,,,,,
16,0,Education_Other_classroom,,,,,,
16,1,Education_Other_classroom,,,,,,
16,2,Education_Other_classroom,,,,,,
16,3,Education_Other_classroom,,,,,,
16,4,Education_Other_classroom,,,,,,
16,5,Education_Other_classroom,,,,,,
16,Aggregated,Education_Other_classroom,,,,,,
16,Centralized,Education_Other_classroom,,,,,,
17,0,Education_Other_classroom,,,,,,
17,1,Education_Other_classroom,,,,,,
17,2,Education_Other_classroom,,,,,,
17,3,Education_Other_classroom,,,,,,
17,4,Education_Other_classroom,,,,,,
17,5,Education_Other_classroom,,,,,,
17,Aggregated,Education_Other_classroom,,,,,,
17,Centralized,Education_Other_classroom,,,,,,
18,0,Education_Other_classroom,,,,,,
18,1,Education_Other_classroom,,,,,,
18,2,Education_Other_classroom,,,,,,
18,3,Education_Other_classroom,,,,,,
18,4,Education_Other_classroom,,,,,,
18,5,Education_Other_classroom,,,,,,
18,Aggregated,Education_Other_classroom,,,,,,
18,Centralized,Education_Other_classroom,,,,,,
19,0,Education_Other_classroom,,,,,,
19,1,Education_Other_classroom,,,,,,
19,2,Education_Other_classroom,,,,,,
19,3,Education_Other_classroom,,,,,,
19,4,Education_Other_classroom,,,,,,
19,5,Education_Other_classroom,,,,,,
19,Aggregated,Education_Other_classroom,,,,,,
19,Centralized,Education_Other_classroom,,,,,,
20,0,Education_Other_classroom,,,,,,
20,1,Education_Other_classroom,,,,,,
20,2,Education_Other_classroom,,,,,,
20,3,Education_Other_classroom,,,,,,
20,4,Education_Other_classroom,,,,,,
20,5,Education_Other_classroom,,,,,,
20,Aggregated,Education_Other_classroom,,,,,,
20,Centralized,Education_Other_classroom,,,,,,
21,0,Education_Other_classroom,,,,,,
21,1,Education_Other_classroom,,,,,,
21,2,Education_Other_classroom,,,,,,
21,3,Education_Other_classroom,,,,,,
21,4,Education_Other_classroom,,,,,,
21,5,Education_Other_classroom,,,,,,
21,Aggregated,Education_Other_classroom,,,,,,
21,Centralized,Education_Other_classroom,,,,,,
22,0,Education_Other_classroom,,,,,,
22,1,Education_Other_classroom,,,,,,
22,2,Education_Other_classroom,,,,,,
22,3,Education_Other_classroom,,,,,,
22,4,Education_Other_classroom,,,,,,
22,5,Education_Other_classroom,,,,,,
22,Aggregated,Education_Other_classroom,,,,,,
22,Centralized,Education_Other_classroom,,,,,,
23,0,Education_Other_classroom,,,,,,
23,1,Education_Other_classroom,,,,,,
23,2,Education_Other_classroom,,,,,,
23,3,Education_Other_classroom,,,,,,
23,4,Education_Other_classroom,,,,,,
23,5,Education_Other_classroom,,,,,,
23,Aggregated,Education_Other_classroom,,,,,,
23,Centralized,Education_Other_classroom,,,,,,
24,0,Education_Other_classroom,,,,,,
24,1,Education_Other_classroom,,,,,,
24,2,Education_Other_classroom,,,,,,
24,3,Education_Other_classroom,,,,,,
24,4,Education_Other_classroom,,,,,,
24,5,Education_Other_classroom,,,,,,
24,Aggregated,Education_Other_classroom,,,,,,
24,Centralized,Education_Other_classroom,,,,,,
25,0,Education_Other_classroom,,,,,,
25,1,Education_Other_classroom,,,,,,
25,2,Education_Other_classroom,,,,,,
25,3,Education_Other_classroom,,,,,,
25,4,Education_Other_classroom,,,,,,
25,5,Education_Other_classroom,,,,,,
25,Aggregated,Education_Other_classroom,,,,,,
25,Centralized,Education_Other_classroom,,,,,,
26,0,Education_Other_classroom,,,,,,
26,1,Education_Other_classroom,,,,,,
26,2,Education_Other_classroom,,,,,,
26,3,Education_Other_classroom,,,,,,
26,4,Education_Other_classroom,,,,,,
26,5,Education_Other_classroom,,,,,,
26,Aggregated,Education_Other_classroom,,,,,,
26,Centralized,Education_Other_classroom,,,,,,
27,0,Education_Other_classroom,,,,,,
27,1,Education_Other_classroom,,,,,,
27,2,Education_Other_classroom,,,,,,
27,3,Education_Other_classroom,,,,,,
27,4,Education_Other_classroom,,,,,,
27,5,Education_Other_classroom,,,,,,
27,Aggregated,Education_Other_classroom,,,,,,
27,Centralized,Education_Other_classroom,,,,,,
28,0,Education_Other_classroom,,,,,,
28,1,Education_Other_classroom,,,,,,
28,2,Education_Other_classroom,,,,,,
28,3,Education_Other_classroom,,,,,,
28,4,Education_Other_classroom,,,,,,
28,5,Education_Other_classroom,,,,,,
28,Aggregated,Education_Other_classroom,,,,,,
28,Centralized,Education_Other_classroom,,,,,,
29,0,Education_Other_classroom,,,,,,
29,1,Education_Other_classroom,,,,,,
29,2,Education_Other_classroom,,,,,,
29,3,Education_Other_classroom,,,,,,
29,4,Education_Other_classroom,,,,,,
29,5,Education_Other_classroom,,,,,,
29,Aggregated,Education_Other_classroom,,,,,,
29,Centralized,Education_Other_classroom,,,,,,
30,0,Education_Other_classroom,,,,,,
30,1,Education_Other_classroom,,,,,,
30,2,Education_Other_classroom,,,,,,
30,3,Education_Other_classroom,,,,,,
30,4,Education_Other_classroom,,,,,,
30,5,Education_Other_classroom,,,,,,
30,Aggregated,Education_Other_classroom,,,,,,
30,Centralized,Education_Other_classroom,,,,,,
31,0,Education_Other_classroom,,,,,,
31,1,Education_Other_classroom,,,,,,
31,2,Education_Other_classroom,,,,,,
31,3,Education_Other_classroom,,,,,,
31,4,Education_Other_classroom,,,,,,
31,5,Education_Other_classroom,,,,,,
31,Aggregated,Education_Other_classroom,,,,,,
31,Centralized,Education_Other_classroom,,,,,,
32,0,Education_Other_classroom,,,,,,
32,1,Education_Other_classroom,,,,,,
32,2,Education_Other_classroom,,,,,,
32,3,Education_Other_classroom,,,,,,
32,4,Education_Other_classroom,,,,,,
32,5,Education_Other_classroom,,,,,,
32,Aggregated,Education_Other_classroom,,,,,,
32,Centralized,Education_Other_classroom,,,,,,
33,0,Education_Other_classroom,,,,,,
33,1,Education_Other_classroom,,,,,,
33,2,Education_Other_classroom,,,,,,
33,3,Education_Other_classroom,,,,,,
33,4,Education_Other_classroom,,,,,,
33,5,Education_Other_classroom,,,,,,
33,Aggregated,Education_Other_classroom,,,,,,
33,Centralized,Education_Other_classroom,,,,,,
34,0,Education_Other_classroom,,,,,,
34,1,Education_Other_classroom,,,,,,
34,2,Education_Other_classroom,,,,,,
34,3,Education_Other_classroom,,,,,,
34,4,Education_Other_classroom,,,,,,
34,5,Education_Other_classroom,,,,,,
34,Aggregated,Education_Other_classroom,,,,,,
34,Centralized,Education_Other_classroom,,,,,,
35,0,Education_Other_classroom,,,,,,
35,1,Education_Other_classroom,,,,,,
35,2,Education_Other_classroom,,,,,,
35,3,Education_Other_classroom,,,,,,
35,4,Education_Other_classroom,,,,,,
35,5,Education_Other_classroom,,,,,,
35,Aggregated,Education_Other_classroom,,,,,,
35,Centralized,Education_Other_classroom,,,,,,
36,0,Education_Other_classroom,,,,,,
36,1,Education_Other_classroom,,,,,,
36,2,Education_Other_classroom,,,,,,
36,3,Education_Other_classroom,,,,,,
36,4,Education_Other_classroom,,,,,,
36,5,Education_Other_classroom,,,,,,
36,Aggregated,Education_Other_classroom,,,,,,
36,Centralized,Education_Other_classroom,,,,,,
37,0,Education_Other_classroom,,,,,,
37,1,Education_Other_classroom,,,,,,
37,2,Education_Other_classroom,,,,,,
37,3,Education_Other_classroom,,,,,,
37,4,Education_Other_classroom,,,,,,
37,5,Education_Other_classroom,,,,,,
37,Aggregated,Education_Other_classroom,,,,,,
37,Centralized,Education_Other_classroom,,,,,,
38,0,Education_Other_classroom,,,,,,
38,1,Education_Other_classroom,,,,,,
38,2,Education_Other_classroom,,,,,,
38,3,Education_Other_classroom,,,,,,
38,4,Education_Other_classroom,,,,,,
38,5,Education_Other_classroom,,,,,,
38,Aggregated,Education_Other_classroom,,,,,,
38,Centralized,Education_Other_classroom,,,,,,
39,0,Education_Other_classroom,,,,,,
39,1,Education_Other_classroom,,,,,,
39,2,Education_Other_classroom,,,,,,
39,3,Education_Other_classroom,,,,,,
39,4,Education_Other_classroom,,,,,,
39,5,Education_Other_classroom,,,,,,
39,Aggregated,Education_Other_classroom,,,,,,
39,Centralized,Education_Other_classroom,,,,,,
40,0,Education_Other_classroom,,,,,,
40,1,Education_Other_classroom,,,,,,
40,2,Education_Other_classroom,,,,,,
40,3,Education_Other_classroom,,,,,,
40,4,Education_Other_classroom,,,,,,
40,5,Education_Other_classroom,,,,,,
40,Aggregated,Education_Other_classroom,,,,,,
40,Centralized,Education_Other_classroom,,,,,,
41,0,Education_Other_classroom,,,,,,
41,1,Education_Other_classroom,,,,,,
41,2,Education_Other_classroom,,,,,,
41,3,Education_Other_classroom,,,,,,
41,4,Education_Other_classroom,,,,,,
41,5,Education_Other_classroom,,,,,,
41,Aggregated,Education_Other_classroom,,,,,,
41,Centralized,Education_Other_classroom,,,,,,
42,0,Education_Other_classroom,,,,,,
42,1,Education_Other_classroom,,,,,,
42,2,Education_Other_classroom,,,,,,
42,3,Education_Other_classroom,,,,,,
42,4,Education_Other_classroom,,,,,,
42,5,Education_Other_classroom,,,,,,
42,Aggregated,Education_Other_classroom,,,,,,
42,Centralized,Education_Other_classroom,,,,,,
43,0,Education_Other_classroom,,,,,,
43,1,Education_Other_classroom,,,,,,
43,2,Education_Other_classroom,,,,,,
43,3,Education_Other_classroom,,,,,,
43,4,Education_Other_classroom,,,,,,
43,5,Education_Other_classroom,,,,,,
43,Aggregated,Education_Other_classroom,,,,,,
43,Centralized,Education_Other_classroom,,,,,,
44,0,Education_Other_classroom,,,,,,
44,1,Education_Other_classroom,,,,,,
44,2,Education_Other_classroom,,,,,,
44,3,Education_Other_classroom,,,,,,
44,4,Education_Other_classroom,,,,,,
44,5,Education_Other_classroom,,,,,,
44,Aggregated,Education_Other_classroom,,,,,,
44,Centralized,Education_Other_classroom,,,,,,
45,0,Education_Other_classroom,,,,,,
45,1,Education_Other_classroom,,,,,,
45,2,Education_Other_classroom,,,,,,
45,3,Education_Other_classroom,,,,,,
45,4,Education_Other_classroom,,,,,,
45,5,Education_Other_classroom,,,,,,
45,Aggregated,Education_Other_classroom,,,,,,
45,Centralized,Education_Other_classroom,,,,,,
46,0,Education_Other_classroom,,,,,,
46,1,Education_Other_classroom,,,,,,
46,2,Education_Other_classroom,,,,,,
46,3,Education_Other_classroom,,,,,,
46,4,Education_Other_classroom,,,,,,
46,5,Education_Other_classroom,,,,,,
46,Aggregated,Education_Other_classroom,,,,,,
46,Centralized,Education_Other_classroom,,,,,,
47,0,Education_Other_classroom,,,,,,
47,1,Education_Other_classroom,,,,,,
47,2,Education_Other_classroom,,,,,,
47,3,Education_Other_classroom,,,,,,
47,4,Education_Other_classroom,,,,,,
47,5,Education_Other_classroom,,,,,,
47,Aggregated,Education_Other_classroom,,,,,,
47,Centralized,Education_Other_classroom,,,,,,
48,0,Education_Other_classroom,,,,,,
48,1,Education_Other_classroom,,,,,,
48,2,Education_Other_classroom,,,,,,
48,3,Education_Other_classroom,,,,,,
48,4,Education_Other_classroom,,,,,,
48,5,Education_Other_classroom,,,,,,
48,Aggregated,Education_Other_classroom,,,,,,
48,Centralized,Education_Other_classroom,,,,,,
49,0,Education_Other_classroom,,,,,,
49,1,Education_Other_classroom,,,,,,
49,2,Education_Other_classroom,,,,,,
49,3,Education_Other_classroom,,,,,,
49,4,Education_Other_classroom,,,,,,
49,5,Education_Other_classroom,,,,,,
49,Aggregated,Education_Other_classroom,,,,,,
49,Centralized,Education_Other_classroom,,,,,,
50,0,Education_Other_classroom,,,,,,
50,1,Education_Other_classroom,,,,,,
50,2,Education_Other_classroom,,,,,,
50,3,Education_Other_classroom,,,,,,
50,4,Education_Other_classroom,,,,,,
50,5,Education_Other_classroom,,,,,,
50,Aggregated,Education_Other_classroom,,,,,,
50,Centralized,Education_Other_classroom,,,,,,
0,0,Nursing_Home,,,,,,
0,1,Nursing_Home,,,,,,
0,2,Nursing_Home,,,,,,
0,3,Nursing_Home,,,,,,
0,4,Nursing_Home,,,,,,
0,5,Nursing_Home,,,,,,
0,Aggregated,Nursing_Home,,,,,,
0,Centralized,Nursing_Home,,,,,,
1,0,Nursing_Home,,,,,,
1,1,Nursing_Home,,,,,,
1,2,Nursing_Home,,,,,,
1,3,Nursing_Home,,,,,,
1,4,Nursing_Home,,,,,,
1,5,Nursing_Home,,,,,,
1,Aggregated,Nursing_Home,,,,,,
1,Centralized,Nursing_Home,,,,,,
2,0,Nursing_Home,,,,,,
2,1,Nursing_Home,,,,,,
2,2,Nursing_Home,,,,,,
2,3,Nursing_Home,,,,,,
2,4,Nursing_Home,,,,,,
2,5,Nursing_Home,,,,,,
2,Aggregated,Nursing_Home,,,,,,
2,Centralized,Nursing_Home,,,,,,
3,0,Nursing_Home,,,,,,
3,1,Nursing_Home,,,,,,
3,2,Nursing_Home,,,,,,
3,3,Nursing_Home,,,,,,
3,4,Nursing_Home,,,,,,
3,5,Nursing_Home,,,,,,
3,Aggregated,Nursing_Home,,,,,,
3,Centralized,Nursing_Home,,,,,,
4,0,Nursing_Home,,,,,,
4,1,Nursing_Home,,,,,,
4,2,Nursing_Home,,,,,,
4,3,Nursing_Home,,,,,,
4,4,Nursing_Home,,,,,,
4,5,Nursing_Home,,,,,,
4,Aggregated,Nursing_Home,,,,,,
4,Centralized,Nursing_Home,,,,,,
5,0,Nursing_Home,,,,,,
5,1,Nursing_Home,,,,,,
5,2,Nursing_Home,,,,,,
5,3,Nursing_Home,,,,,,
5,4,Nursing_Home,,,,,,
5,5,Nursing_Home,,,,,,
5,Aggregated,Nursing_Home,,,,,,
5,Centralized,Nursing_Home,,,,,,
6,0,Nursing_Home,,,,,,
6,1,Nursing_Home,,,,,,
6,2,Nursing_Home,,,,,,
6,3,Nursing_Home,,,,,,
6,4,Nursing_Home,,,,,,
6,5,Nursing_Home,,,,,,
6,Aggregated,Nursing_Home,,,,,,
6,Centralized,Nursing_Home,,,,,,
7,0,Nursing_Home,,,,,,
7,1,Nursing_Home,,,,,,
7,2,Nursing_Home,,,,,,
7,3,Nursing_Home,,,,,,
7,4,Nursing_Home,,,,,,
7,5,Nursing_Home,,,,,,
7,Aggregated,Nursing_Home,,,,,,
7,Centralized,Nursing_Home,,,,,,
8,0,Nursing_Home,,,,,,
8,1,Nursing_Home,,,,,,
8,2,Nursing_Home,,,,,,
8,3,Nursing_Home,,,,,,
8,4,Nursing_Home,,,,,,
8,5,Nursing_Home,,,,,,
8,Aggregated,Nursing_Home,,,,,,
8,Centralized,Nursing_Home,,,,,,
9,0,Nursing_Home,,,,,,
9,1,Nursing_Home,,,,,,
9,2,Nursing_Home,,,,,,
9,3,Nursing_Home,,,,,,
9,4,Nursing_Home,,,,,,
9,5,Nursing_Home,,,,,,
9,Aggregated,Nursing_Home,,,,,,
9,Centralized,Nursing_Home,,,,,,
10,0,Nursing_Home,,,,,,
10,1,Nursing_Home,,,,,,
10,2,Nursing_Home,,,,,,
10,3,Nursing_Home,,,,,,
10,4,Nursing_Home,,,,,,
10,5,Nursing_Home,,,,,,
10,Aggregated,Nursing_Home,,,,,,
10,Centralized,Nursing_Home,,,,,,
11,0,Nursing_Home,,,,,,
11,1,Nursing_Home,,,,,,
11,2,Nursing_Home,,,,,,
11,3,Nursing_Home,,,,,,
11,4,Nursing_Home,,,,,,
11,5,Nursing_Home,,,,,,
11,Aggregated,Nursing_Home,,,,,,
11,Centralized,Nursing_Home,,,,,,
12,0,Nursing_Home,,,,,,
12,1,Nursing_Home,,,,,,
12,2,Nursing_Home,,,,,,
12,3,Nursing_Home,,,,,,
12,4,Nursing_Home,,,,,,
12,5,Nursing_Home,,,,,,
12,Aggregated,Nursing_Home,,,,,,
12,Centralized,Nursing_Home,,,,,,
13,0,Nursing_Home,,,,,,
13,1,Nursing_Home,,,,,,
13,2,Nursing_Home,,,,,,
13,3,Nursing_Home,,,,,,
13,4,Nursing_Home,,,,,,
13,5,Nursing_Home,,,,,,
13,Aggregated,Nursing_Home,,,,,,
13,Centralized,Nursing_Home,,,,,,
14,0,Nursing_Home,,,,,,
14,1,Nursing_Home,,,,,,
14,2,Nursing_Home,,,,,,
14,3,Nursing_Home,,,,,,
14,4,Nursing_Home,,,,,,
14,5,Nursing_Home,,,,,,
14,Aggregated,Nursing_Home,,,,,,
14,Centralized,Nursing_Home,,,,,,
15,0,Nursing_Home,,,,,,
15,1,Nursing_Home,,,,,,
15,2,Nursing_Home,,,,,,
15,3,Nursing_Home,,,,,,
15,4,Nursing_Home,,,,,,
15,5,Nursing_Home,,,,,,
15,Aggregated,Nursing_Home,,,,,,
15,Centralized,Nursing_Home,,,,,,
16,0,Nursing_Home,,,,,,
16,1,Nursing_Home,,,,,,
16,2,Nursing_Home,,,,,,
16,3,Nursing_Home,,,,,,
16,4,Nursing_Home,,,,,,
16,5,Nursing_Home,,,,,,
16,Aggregated,Nursing_Home,,,,,,
16,Centralized,Nursing_Home,,,,,,
17,0,Nursing_Home,,,,,,
17,1,Nursing_Home,,,,,,
17,2,Nursing_Home,,,,,,
17,3,Nursing_Home,,,,,,
17,4,Nursing_Home,,,,,,
17,5,Nursing_Home,,,,,,
17,Aggregated,Nursing_Home,,,,,,
17,Centralized,Nursing_Home,,,,,,
18,0,Nursing_Home,,,,,,
18,1,Nursing_Home,,,,,,
18,2,Nursing_Home,,,,,,
18,3,Nursing_Home,,,,,,
18,4,Nursing_Home,,,,,,
18,5,Nursing_Home,,,,,,
18,Aggregated,Nursing_Home,,,,,,
18,Centralized,Nursing_Home,,,,,,
19,0,Nursing_Home,,,,,,
19,1,Nursing_Home,,,,,,
19,2,Nursing_Home,,,,,,
19,3,Nursing_Home,,,,,,
19,4,Nursing_Home,,,,,,
19,5,Nursing_Home,,,,,,
19,Aggregated,Nursing_Home,,,,,,
19,Centralized,Nursing_Home,,,,,,
20,0,Nursing_Home,,,,,,
20,1,Nursing_Home,,,,,,
20,2,Nursing_Home,,,,,,
20,3,Nursing_Home,,,,,,
20,4,Nursing_Home,,,,,,
20,5,Nursing_Home,,,,,,
20,Aggregated,Nursing_Home,,,,,,
20,Centralized,Nursing_Home,,,,,,
21,0,Nursing_Home,,,,,,
21,1,Nursing_Home,,,,,,
21,2,Nursing_Home,,,,,,
21,3,Nursing_Home,,,,,,
21,4,Nursing_Home,,,,,,
21,5,Nursing_Home,,,,,,
21,Aggregated,Nursing_Home,,,,,,
21,Centralized,Nursing_Home,,,,,,
22,0,Nursing_Home,,,,,,
22,1,Nursing_Home,,,,,,
22,2,Nursing_Home,,,,,,
22,3,Nursing_Home,,,,,,
22,4,Nursing_Home,,,,,,
22,5,Nursing_Home,,,,,,
22,Aggregated,Nursing_Home,,,,,,
22,Centralized,Nursing_Home,,,,,,
23,0,Nursing_Home,,,,,,
23,1,Nursing_Home,,,,,,
23,2,Nursing_Home,,,,,,
23,3,Nursing_Home,,,,,,
23,4,Nursing_Home,,,,,,
23,5,Nursing_Home,,,,,,
23,Aggregated,Nursing_Home,,,,,,
23,Centralized,Nursing_Home,,,,,,
24,0,Nursing_Home,,,,,,
24,1,Nursing_Home,,,,,,
24,2,Nursing_Home,,,,,,
24,3,Nursing_Home,,,,,,
24,4,Nursing_Home,,,,,,
24,5,Nursing_Home,,,,,,
24,Aggregated,Nursing_Home,,,,,,
24,Centralized,Nursing_Home,,,,,,
25,0,Nursing_Home,,,,,,
25,1,Nursing_Home,,,,,,
25,2,Nursing_Home,,,,,,
25,3,Nursing_Home,,,,,,
25,4,Nursing_Home,,,,,,
25,5,Nursing_Home,,,,,,
25,Aggregated,Nursing_Home,,,,,,
25,Centralized,Nursing_Home,,,,,,
26,0,Nursing_Home,,,,,,
26,1,Nursing_Home,,,,,,
26,2,Nursing_Home,,,,,,
26,3,Nursing_Home,,,,,,
26,4,Nursing_Home,,,,,,
26,5,Nursing_Home,,,,,,
26,Aggregated,Nursing_Home,,,,,,
26,Centralized,Nursing_Home,,,,,,
27,0,Nursing_Home,,,,,,
27,1,Nursing_Home,,,,,,
27,2,Nursing_Home,,,,,,
27,3,Nursing_Home,,,,,,
27,4,Nursing_Home,,,,,,
27,5,Nursing_Home,,,,,,
27,Aggregated,Nursing_Home,,,,,,
27,Centralized,Nursing_Home,,,,,,
28,0,Nursing_Home,,,,,,
28,1,Nursing_Home,,,,,,
28,2,Nursing_Home,,,,,,
28,3,Nursing_Home,,,,,,
28,4,Nursing_Home,,,,,,
28,5,Nursing_Home,,,,,,
28,Aggregated,Nursing_Home,,,,,,
28,Centralized,Nursing_Home,,,,,,
29,0,Nursing_Home,,,,,,
29,1,Nursing_Home,,,,,,
29,2,Nursing_Home,,,,,,
29,3,Nursing_Home,,,,,,
29,4,Nursing_Home,,,,,,
29,5,Nursing_Home,,,,,,
29,Aggregated,Nursing_Home,,,,,,
29,Centralized,Nursing_Home,,,,,,
30,0,Nursing_Home,,,,,,
30,1,Nursing_Home,,,,,,
30,2,Nursing_Home,,,,,,
30,3,Nursing_Home,,,,,,
30,4,Nursing_Home,,,,,,
30,5,Nursing_Home,,,,,,
30,Aggregated,Nursing_Home,,,,,,
30,Centralized,Nursing_Home,,,,,,
31,0,Nursing_Home,,,,,,
31,1,Nursing_Home,,,,,,
31,2,Nursing_Home,,,,,,
31,3,Nursing_Home,,,,,,
31,4,Nursing_Home,,,,,,
31,5,Nursing_Home,,,,,,
31,Aggregated,Nursing_Home,,,,,,
31,Centralized,Nursing_Home,,,,,,
32,0,Nursing_Home,,,,,,
32,1,Nursing_Home,,,,,,
32,2,Nursing_Home,,,,,,
32,3,Nursing_Home,,,,,,
32,4,Nursing_Home,,,,,,
32,5,Nursing_Home,,,,,,
32,Aggregated,Nursing_Home,,,,,,
32,Centralized,Nursing_Home,,,,,,
33,0,Nursing_Home,,,,,,
33,1,Nursing_Home,,,,,,
33,2,Nursing_Home,,,,,,
33,3,Nursing_Home,,,,,,
33,4,Nursing_Home,,,,,,
33,5,Nursing_Home,,,,,,
33,Aggregated,Nursing_Home,,,,,,
33,Centralized,Nursing_Home,,,,,,
34,0,Nursing_Home,,,,,,
34,1,Nursing_Home,,,,,,
34,2,Nursing_Home,,,,,,
34,3,Nursing_Home,,,,,,
34,4,Nursing_Home,,,,,,
34,5,Nursing_Home,,,,,,
34,Aggregated,Nursing_Home,,,,,,
34,Centralized,Nursing_Home,,,,,,
35,0,Nursing_Home,,,,,,
35,1,Nursing_Home,,,,,,
35,2,Nursing_Home,,,,,,
35,3,Nursing_Home,,,,,,
35,4,Nursing_Home,,,,,,
35,5,Nursing_Home,,,,,,
35,Aggregated,Nursing_Home,,,,,,
35,Centralized,Nursing_Home,,,,,,
36,0,Nursing_Home,,,,,,
36,1,Nursing_Home,,,,,,
36,2,Nursing_Home,,,,,,
36,3,Nursing_Home,,,,,,
36,4,Nursing_Home,,,,,,
36,5,Nursing_Home,,,,,,
36,Aggregated,Nursing_Home,,,,,,
36,Centralized,Nursing_Home,,,,,,
37,0,Nursing_Home,,,,,,
37,1,Nursing_Home,,,,,,
37,2,Nursing_Home,,,,,,
37,3,Nursing_Home,,,,,,
37,4,Nursing_Home,,,,,,
37,5,Nursing_Home,,,,,,
37,Aggregated,Nursing_Home,,,,,,
37,Centralized,Nursing_Home,,,,,,
38,0,Nursing_Home,,,,,,
38,1,Nursing_Home,,,,,,
38,2,Nursing_Home,,,,,,
38,3,Nursing_Home,,,,,,
38,4,Nursing_Home,,,,,,
38,5,Nursing_Home,,,,,,
38,Aggregated,Nursing_Home,,,,,,
38,Centralized,Nursing_Home,,,,,,
39,0,Nursing_Home,,,,,,
39,1,Nursing_Home,,,,,,
39,2,Nursing_Home,,,,,,
39,3,Nursing_Home,,,,,,
39,4,Nursing_Home,,,,,,
39,5,Nursing_Home,,,,,,
39,Aggregated,Nursing_Home,,,,,,
39,Centralized,Nursing_Home,,,,,,
40,0,Nursing_Home,,,,,,
40,1,Nursing_Home,,,,,,
40,2,Nursing_Home,,,,,,
40,3,Nursing_Home,,,,,,
40,4,Nursing_Home,,,,,,
40,5,Nursing_Home,,,,,,
40,Aggregated,Nursing_Home,,,,,,
40,Centralized,Nursing_Home,,,,,,
41,0,Nursing_Home,,,,,,
41,1,Nursing_Home,,,,,,
41,2,Nursing_Home,,,,,,
41,3,Nursing_Home,,,,,,
41,4,Nursing_Home,,,,,,
41,5,Nursing_Home,,,,,,
41,Aggregated,Nursing_Home,,,,,,
41,Centralized,Nursing_Home,,,,,,
42,0,Nursing_Home,,,,,,
42,1,Nursing_Home,,,,,,
42,2,Nursing_Home,,,,,,
42,3,Nursing_Home,,,,,,
42,4,Nursing_Home,,,,,,
42,5,Nursing_Home,,,,,,
42,Aggregated,Nursing_Home,,,,,,
42,Centralized,Nursing_Home,,,,,,
43,0,Nursing_Home,,,,,,
43,1,Nursing_Home,,,,,,
43,2,Nursing_Home,,,,,,
43,3,Nursing_Home,,,,,,
43,4,Nursing_Home,,,,,,
43,5,Nursing_Home,,,,,,
43,Aggregated,Nursing_Home,,,,,,
43,Centralized,Nursing_Home,,,,,,
44,0,Nursing_Home,,,,,,
44,1,Nursing_Home,,,,,,
44,2,Nursing_Home,,,,,,
44,3,Nursing_Home,,,,,,
44,4,Nursing_Home,,,,,,
44,5,Nursing_Home,,,,,,
44,Aggregated,Nursing_Home,,,,,,
44,Centralized,Nursing_Home,,,,,,
45,0,Nursing_Home,,,,,,
45,1,Nursing_Home,,,,,,
45,2,Nursing_Home,,,,,,
45,3,Nursing_Home,,,,,,
45,4,Nursing_Home,,,,,,
45,5,Nursing_Home,,,,,,
45,Aggregated,Nursing_Home,,,,,,
45,Centralized,Nursing_Home,,,,,,
46,0,Nursing_Home,,,,,,
46,1,Nursing_Home,,,,,,
46,2,Nursing_Home,,,,,,
46,3,Nursing_Home,,,,,,
46,4,Nursing_Home,,,,,,
46,5,Nursing_Home,,,,,,
46,Aggregated,Nursing_Home,,,,,,
46,Centralized,Nursing_Home,,,,,,
47,0,Nursing_Home,,,,,,
47,1,Nursing_Home,,,,,,
47,2,Nursing_Home,,,,,,
47,3,Nursing_Home,,,,,,
47,4,Nursing_Home,,,,,,
47,5,Nursing_Home,,,,,,
47,Aggregated,Nursing_Home,,,,,,
47,Centralized,Nursing_Home,,,,,,
48,0,Nursing_Home,,,,,,
48,1,Nursing_Home,,,,,,
48,2,Nursing_Home,,,,,,
48,3,Nursing_Home,,,,,,
48,4,Nursing_Home,,,,,,
48,5,Nursing_Home,,,,,,
48,Aggregated,Nursing_Home,,,,,,
48,Centralized,Nursing_Home,,,,,,
49,0,Nursing_Home,,,,,,
49,1,Nursing_Home,,,,,,
49,2,Nursing_Home,,,,,,
49,3,Nursing_Home,,,,,,
49,4,Nursing_Home,,,,,,
49,5,Nursing_Home,,,,,,
49,Aggregated,Nursing_Home,,,,,,
49,Centralized,Nursing_Home,,,,,,
50,0,Nursing_Home,,,,,,
50,1,Nursing_Home,,,,,,
50,2,Nursing_Home,,,,,,
50,3,Nursing_Home,,,,,,
50,4,Nursing_Home,,,,,,
50,5,Nursing_Home,,,,,,
50,Aggregated,Nursing_Home,,,,,,
50,Centralized,Nursing_Home,,,,,,
0,0,Industrial,,,,,,
0,1,Industrial,,,,,,
0,2,Industrial,,,,,,
0,3,Industrial,,,,,,
0,4,Industrial,,,,,,
0,5,Industrial,,,,,,
0,Aggregated,Industrial,,,,,,
0,Centralized,Industrial,,,,,,
1,0,Industrial,,,,,,
1,1,Industrial,,,,,,
1,2,Industrial,,,,,,
1,3,Industrial,,,,,,
1,4,Industrial,,,,,,
1,5,Industrial,,,,,,
1,Aggregated,Industrial,,,,,,
1,Centralized,Industrial,,,,,,
2,0,Industrial,,,,,,
2,1,Industrial,,,,,,
2,2,Industrial,,,,,,
2,3,Industrial,,,,,,
2,4,Industrial,,,,,,
2,5,Industrial,,,,,,
2,Aggregated,Industrial,,,,,,
2,Centralized,Industrial,,,,,,
3,0,Industrial,,,,,,
3,1,Industrial,,,,,,
3,2,Industrial,,,,,,
3,3,Industrial,,,,,,
3,4,Industrial,,,,,,
3,5,Industrial,,,,,,
3,Aggregated,Industrial,,,,,,
3,Centralized,Industrial,,,,,,
4,0,Industrial,,,,,,
4,1,Industrial,,,,,,
4,2,Industrial,,,,,,
4,3,Industrial,,,,,,
4,4,Industrial,,,,,,
4,5,Industrial,,,,,,
4,Aggregated,Industrial,,,,,,
4,Centralized,Industrial,,,,,,
5,0,Industrial,,,,,,
5,1,Industrial,,,,,,
5,2,Industrial,,,,,,
5,3,Industrial,,,,,,
5,4,Industrial,,,,,,
5,5,Industrial,,,,,,
5,Aggregated,Industrial,,,,,,
5,Centralized,Industrial,,,,,,
6,0,Industrial,,,,,,
6,1,Industrial,,,,,,
6,2,Industrial,,,,,,
6,3,Industrial,,,,,,
6,4,Industrial,,,,,,
6,5,Industrial,,,,,,
6,Aggregated,Industrial,,,,,,
6,Centralized,Industrial,,,,,,
7,0,Industrial,,,,,,
7,1,Industrial,,,,,,
7,2,Industrial,,,,,,
7,3,Industrial,,,,,,
7,4,Industrial,,,,,,
7,5,Industrial,,,,,,
7,Aggregated,Industrial,,,,,,
7,Centralized,Industrial,,,,,,
8,0,Industrial,,,,,,
8,1,Industrial,,,,,,
8,2,Industrial,,,,,,
8,3,Industrial,,,,,,
8,4,Industrial,,,,,,
8,5,Industrial,,,,,,
8,Aggregated,Industrial,,,,,,
8,Centralized,Industrial,,,,,,
9,0,Industrial,,,,,,
9,1,Industrial,,,,,,
9,2,Industrial,,,,,,
9,3,Industrial,,,,,,
9,4,Industrial,,,,,,
9,5,Industrial,,,,,,
9,Aggregated,Industrial,,,,,,
9,Centralized,Industrial,,,,,,
10,0,Industrial,,,,,,
10,1,Industrial,,,,,,
10,2,Industrial,,,,,,
10,3,Industrial,,,,,,
10,4,Industrial,,,,,,
10,5,Industrial,,,,,,
10,Aggregated,Industrial,,,,,,
10,Centralized,Industrial,,,,,,
11,0,Industrial,,,,,,
11,1,Industrial,,,,,,
11,2,Industrial,,,,,,
11,3,Industrial,,,,,,
11,4,Industrial,,,,,,
11,5,Industrial,,,,,,
11,Aggregated,Industrial,,,,,,
11,Centralized,Industrial,,,,,,
12,0,Industrial,,,,,,
12,1,Industrial,,,,,,
12,2,Industrial,,,,,,
12,3,Industrial,,,,,,
12,4,Industrial,,,,,,
12,5,Industrial,,,,,,
12,Aggregated,Industrial,,,,,,
12,Centralized,Industrial,,,,,,
13,0,Industrial,,,,,,
13,1,Industrial,,,,,,
13,2,Industrial,,,,,,
13,3,Industrial,,,,,,
13,4,Industrial,,,,,,
13,5,Industrial,,,,,,
13,Aggregated,Industrial,,,,,,
13,Centralized,Industrial,,,,,,
14,0,Industrial,,,,,,
14,1,Industrial,,,,,,
14,2,Industrial,,,,,,
14,3,Industrial,,,,,,
14,4,Industrial,,,,,,
14,5,Industrial,,,,,,
14,Aggregated,Industrial,,,,,,
14,Centralized,Industrial,,,,,,
15,0,Industrial,,,,,,
15,1,Industrial,,,,,,
15,2,Industrial,,,,,,
15,3,Industrial,,,,,,
15,4,Industrial,,,,,,
15,5,Industrial,,,,,,
15,Aggregated,Industrial,,,,,,
15,Centralized,Industrial,,,,,,
16,0,Industrial,,,,,,
16,1,Industrial,,,,,,
16,2,Industrial,,,,,,
16,3,Industrial,,,,,,
16,4,Industrial,,,,,,
16,5,Industrial,,,,,,
16,Aggregated,Industrial,,,,,,
16,Centralized,Industrial,,,,,,
17,0,Industrial,,,,,,
17,1,Industrial,,,,,,
17,2,Industrial,,,,,,
17,3,Industrial,,,,,,
17,4,Industrial,,,,,,
17,5,Industrial,,,,,,
17,Aggregated,Industrial,,,,,,
17,Centralized,Industrial,,,,,,
18,0,Industrial,,,,,,
18,1,Industrial,,,,,,
18,2,Industrial,,,,,,
18,3,Industrial,,,,,,
18,4,Industrial,,,,,,
18,5,Industrial,,,,,,
18,Aggregated,Industrial,,,,,,
18,Centralized,Industrial,,,,,,
19,0,Industrial,,,,,,
19,1,Industrial,,,,,,
19,2,Industrial,,,,,,
19,3,Industrial,,,,,,
19,4,Industrial,,,,,,
19,5,Industrial,,,,,,
19,Aggregated,Industrial,,,,,,
19,Centralized,Industrial,,,,,,
20,0,Industrial,,,,,,
20,1,Industrial,,,,,,
20,2,Industrial,,,,,,
20,3,Industrial,,,,,,
20,4,Industrial,,,,,,
20,5,Industrial,,,,,,
20,Aggregated,Industrial,,,,,,
20,Centralized,Industrial,,,,,,
21,0,Industrial,,,,,,
21,1,Industrial,,,,,,
21,2,Industrial,,,,,,
21,3,Industrial,,,,,,
21,4,Industrial,,,,,,
21,5,Industrial,,,,,,
21,Aggregated,Industrial,,,,,,
21,Centralized,Industrial,,,,,,
22,0,Industrial,,,,,,
22,1,Industrial,,,,,,
22,2,Industrial,,,,,,
22,3,Industrial,,,,,,
22,4,Industrial,,,,,,
22,5,Industrial,,,,,,
22,Aggregated,Industrial,,,,,,
22,Centralized,Industrial,,,,,,
23,0,Industrial,,,,,,
23,1,Industrial,,,,,,
23,2,Industrial,,,,,,
23,3,Industrial,,,,,,
23,4,Industrial,,,,,,
23,5,Industrial,,,,,,
23,Aggregated,Industrial,,,,,,
23,Centralized,Industrial,,,,,,
24,0,Industrial,,,,,,
24,1,Industrial,,,,,,
24,2,Industrial,,,,,,
24,3,Industrial,,,,,,
24,4,Industrial,,,,,,
24,5,Industrial,,,,,,
24,Aggregated,Industrial,,,,,,
24,Centralized,Industrial,,,,,,
25,0,Industrial,,,,,,
25,1,Industrial,,,,,,
25,2,Industrial,,,,,,
25,3,Industrial,,,,,,
25,4,Industrial,,,,,,
25,5,Industrial,,,,,,
25,Aggregated,Industrial,,,,,,
25,Centralized,Industrial,,,,,,
26,0,Industrial,,,,,,
26,1,Industrial,,,,,,
26,2,Industrial,,,,,,
26,3,Industrial,,,,,,
26,4,Industrial,,,,,,
26,5,Industrial,,,,,,
26,Aggregated,Industrial,,,,,,
26,Centralized,Industrial,,,,,,
27,0,Industrial,,,,,,
27,1,Industrial,,,,,,
27,2,Industrial,,,,,,
27,3,Industrial,,,,,,
27,4,Industrial,,,,,,
27,5,Industrial,,,,,,
27,Aggregated,Industrial,,,,,,
27,Centralized,Industrial,,,,,,
28,0,Industrial,,,,,,
28,1,Industrial,,,,,,
28,2,Industrial,,,,,,
28,3,Industrial,,,,,,
28,4,Industrial,,,,,,
28,5,Industrial,,,,,,
28,Aggregated,Industrial,,,,,,
28,Centralized,Industrial,,,,,,
29,0,Industrial,,,,,,
29,1,Industrial,,,,,,
29,2,Industrial,,,,,,
29,3,Industrial,,,,,,
29,4,Industrial,,,,,,
29,5,Industrial,,,,,,
29,Aggregated,Industrial,,,,,,
29,Centralized,Industrial,,,,,,
30,0,Industrial,,,,,,
30,1,Industrial,,,,,,
30,2,Industrial,,,,,,
30,3,Industrial,,,,,,
30,4,Industrial,,,,,,
30,5,Industrial,,,,,,
30,Aggregated,Industrial,,,,,,
30,Centralized,Industrial,,,,,,
31,0,Industrial,,,,,,
31,1,Industrial,,,,,,
31,2,Industrial,,,,,,
31,3,Industrial,,,,,,
31,4,Industrial,,,,,,
31,5,Industrial,,,,,,
31,Aggregated,Industrial,,,,,,
31,Centralized,Industrial,,,,,,
32,0,Industrial,,,,,,
32,1,Industrial,,,,,,
32,2,Industrial,,,,,,
32,3,Industrial,,,,,,
32,4,Industrial,,,,,,
32,5,Industrial,,,,,,
32,Aggregated,Industrial,,,,,,
32,Centralized,Industrial,,,,,,
33,0,Industrial,,,,,,
33,1,Industrial,,,,,,
33,2,Industrial,,,,,,
33,3,Industrial,,,,,,
33,4,Industrial,,,,,,
33,5,Industrial,,,,,,
33,Aggregated,Industrial,,,,,,
33,Centralized,Industrial,,,,,,
34,0,Industrial,,,,,,
34,1,Industrial,,,,,,
34,2,Industrial,,,,,,
34,3,Industrial,,,,,,
34,4,Industrial,,,,,,
34,5,Industrial,,,,,,
34,Aggregated,Industrial,,,,,,
34,Centralized,Industrial,,,,,,
35,0,Industrial,,,,,,
35,1,Industrial,,,,,,
35,2,Industrial,,,,,,
35,3,Industrial,,,,,,
35,4,Industrial,,,,,,
35,5,Industrial,,,,,,
35,Aggregated,Industrial,,,,,,
35,Centralized,Industrial,,,,,,
36,0,Industrial,,,,,,
36,1,Industrial,,,,,,
36,2,Industrial,,,,,,
36,3,Industrial,,,,,,
36,4,Industrial,,,,,,
36,5,Industrial,,,,,,
36,Aggregated,Industrial,,,,,,
36,Centralized,Industrial,,,,,,
37,0,Industrial,,,,,,
37,1,Industrial,,,,,,
37,2,Industrial,,,,,,
37,3,Industrial,,,,,,
37,4,Industrial,,,,,,
37,5,Industrial,,,,,,
37,Aggregated,Industrial,,,,,,
37,Centralized,Industrial,,,,,,
38,0,Industrial,,,,,,
38,1,Industrial,,,,,,
38,2,Industrial,,,,,,
38,3,Industrial,,,,,,
38,4,Industrial,,,,,,
38,5,Industrial,,,,,,
38,Aggregated,Industrial,,,,,,
38,Centralized,Industrial,,,,,,
39,0,Industrial,,,,,,
39,1,Industrial,,,,,,
39,2,Industrial,,,,,,
39,3,Industrial,,,,,,
39,4,Industrial,,,,,,
39,5,Industrial,,,,,,
39,Aggregated,Industrial,,,,,,
39,Centralized,Industrial,,,,,,
40,0,Industrial,,,,,,
40,1,Industrial,,,,,,
40,2,Industrial,,,,,,
40,3,Industrial,,,,,,
40,4,Industrial,,,,,,
40,5,Industrial,,,,,,
40,Aggregated,Industrial,,,,,,
40,Centralized,Industrial,,,,,,
41,0,Industrial,,,,,,
41,1,Industrial,,,,,,
41,2,Industrial,,,,,,
41,3,Industrial,,,,,,
41,4,Industrial,,,,,,
41,5,Industrial,,,,,,
41,Aggregated,Industrial,,,,,,
41,Centralized,Industrial,,,,,,
42,0,Industrial,,,,,,
42,1,Industrial,,,,,,
42,2,Industrial,,,,,,
42,3,Industrial,,,,,,
42,4,Industrial,,,,,,
42,5,Industrial,,,,,,
42,Aggregated,Industrial,,,,,,
42,Centralized,Industrial,,,,,,
43,0,Industrial,,,,,,
43,1,Industrial,,,,,,
43,2,Industrial,,,,,,
43,3,Industrial,,,,,,
43,4,Industrial,,,,,,
43,5,Industrial,,,,,,
43,Aggregated,Industrial,,,,,,
43,Centralized,Industrial,,,,,,
44,0,Industrial,,,,,,
44,1,Industrial,,,,,,
44,2,Industrial,,,,,,
44,3,Industrial,,,,,,
44,4,Industrial,,,,,,
44,5,Industrial,,,,,,
44,Aggregated,Industrial,,,,,,
44,Centralized,Industrial,,,,,,
45,0,Industrial,,,,,,
45,1,Industrial,,,,,,
45,2,Industrial,,,,,,
45,3,Industrial,,,,,,
45,4,Industrial,,,,,,
45,5,Industrial,,,,,,
45,Aggregated,Industrial,,,,,,
45,Centralized,Industrial,,,,,,
46,0,Industrial,,,,,,
46,1,Industrial,,,,,,
46,2,Industrial,,,,,,
46,3,Industrial,,,,,,
46,4,Industrial,,,,,,
46,5,Industrial,,,,,,
46,Aggregated,Industrial,,,,,,
46,Centralized,Industrial,,,,,,
47,0,Industrial,,,,,,
47,1,Industrial,,,,,,
47,2,Industrial,,,,,,
47,3,Industrial,,,,,,
47,4,Industrial,,,,,,
47,5,Industrial,,,,,,
47,Aggregated,Industrial,,,,,,
47,Centralized,Industrial,,,,,,
48,0,Industrial,,,,,,
48,1,Industrial,,,,,,
48,2,Industrial,,,,,,
48,3,Industrial,,,,,,
48,4,Industrial,,,,,,
48,5,Industrial,,,,,,
48,Aggregated,Industrial,,,,,,
48,Centralized,Industrial,,,,,,
49,0,Industrial,,,,,,
49,1,Industrial,,,,,,
49,2,Industrial,,,,,,
49,3,Industrial,,,,,,
49,4,Industrial,,,,,,
49,5,Industrial,,,,,,
49,Aggregated,Industrial,,,,,,
49,Centralized,Industrial,,,,,,
50,0,Industrial,,,,,,
50,1,Industrial,,,,,,
50,2,Industrial,,,,,,
50,3,Industrial,,,,,,
50,4,Industrial,,,,,,
50,5,Industrial,,,,,,
50,Aggregated,Industrial,,,,,,
50,Centralized,Industrial,,,,,,
0,0,Lodging_Other,,,,,,
0,1,Lodging_Other,,,,,,
0,2,Lodging_Other,,,,,,
0,3,Lodging_Other,,,,,,
0,4,Lodging_Other,,,,,,
0,5,Lodging_Other,,,,,,
0,Aggregated,Lodging_Other,,,,,,
0,Centralized,Lodging_Other,,,,,,
1,0,Lodging_Other,,,,,,
1,1,Lodging_Other,,,,,,
1,2,Lodging_Other,,,,,,
1,3,Lodging_Other,,,,,,
1,4,Lodging_Other,,,,,,
1,5,Lodging_Other,,,,,,
1,Aggregated,Lodging_Other,,,,,,
1,Centralized,Lodging_Other,,,,,,
2,0,Lodging_Other,,,,,,
2,1,Lodging_Other,,,,,,
2,2,Lodging_Other,,,,,,
2,3,Lodging_Other,,,,,,
2,4,Lodging_Other,,,,,,
2,5,Lodging_Other,,,,,,
2,Aggregated,Lodging_Other,,,,,,
2,Centralized,Lodging_Other,,,,,,
3,0,Lodging_Other,,,,,,
3,1,Lodging_Other,,,,,,
3,2,Lodging_Other,,,,,,
3,3,Lodging_Other,,,,,,
3,4,Lodging_Other,,,,,,
3,5,Lodging_Other,,,,,,
3,Aggregated,Lodging_Other,,,,,,
3,Centralized,Lodging_Other,,,,,,
4,0,Lodging_Other,,,,,,
4,1,Lodging_Other,,,,,,
4,2,Lodging_Other,,,,,,
4,3,Lodging_Other,,,,,,
4,4,Lodging_Other,,,,,,
4,5,Lodging_Other,,,,,,
4,Aggregated,Lodging_Other,,,,,,
4,Centralized,Lodging_Other,,,,,,
5,0,Lodging_Other,,,,,,
5,1,Lodging_Other,,,,,,
5,2,Lodging_Other,,,,,,
5,3,Lodging_Other,,,,,,
5,4,Lodging_Other,,,,,,
5,5,Lodging_Other,,,,,,
5,Aggregated,Lodging_Other,,,,,,
5,Centralized,Lodging_Other,,,,,,
6,0,Lodging_Other,,,,,,
6,1,Lodging_Other,,,,,,
6,2,Lodging_Other,,,,,,
6,3,Lodging_Other,,,,,,
6,4,Lodging_Other,,,,,,
6,5,Lodging_Other,,,,,,
6,Aggregated,Lodging_Other,,,,,,
6,Centralized,Lodging_Other,,,,,,
7,0,Lodging_Other,,,,,,
7,1,Lodging_Other,,,,,,
7,2,Lodging_Other,,,,,,
7,3,Lodging_Other,,,,,,
7,4,Lodging_Other,,,,,,
7,5,Lodging_Other,,,,,,
7,Aggregated,Lodging_Other,,,,,,
7,Centralized,Lodging_Other,,,,,,
8,0,Lodging_Other,,,,,,
8,1,Lodging_Other,,,,,,
8,2,Lodging_Other,,,,,,
8,3,Lodging_Other,,,,,,
8,4,Lodging_Other,,,,,,
8,5,Lodging_Other,,,,,,
8,Aggregated,Lodging_Other,,,,,,
8,Centralized,Lodging_Other,,,,,,
9,0,Lodging_Other,,,,,,
9,1,Lodging_Other,,,,,,
9,2,Lodging_Other,,,,,,
9,3,Lodging_Other,,,,,,
9,4,Lodging_Other,,,,,,
9,5,Lodging_Other,,,,,,
9,Aggregated,Lodging_Other,,,,,,
9,Centralized,Lodging_Other,,,,,,
10,0,Lodging_Other,,,,,,
10,1,Lodging_Other,,,,,,
10,2,Lodging_Other,,,,,,
10,3,Lodging_Other,,,,,,
10,4,Lodging_Other,,,,,,
10,5,Lodging_Other,,,,,,
10,Aggregated,Lodging_Other,,,,,,
10,Centralized,Lodging_Other,,,,,,
11,0,Lodging_Other,,,,,,
11,1,Lodging_Other,,,,,,
11,2,Lodging_Other,,,,,,
11,3,Lodging_Other,,,,,,
11,4,Lodging_Other,,,,,,
11,5,Lodging_Other,,,,,,
11,Aggregated,Lodging_Other,,,,,,
11,Centralized,Lodging_Other,,,,,,
12,0,Lodging_Other,,,,,,
12,1,Lodging_Other,,,,,,
12,2,Lodging_Other,,,,,,
12,3,Lodging_Other,,,,,,
12,4,Lodging_Other,,,,,,
12,5,Lodging_Other,,,,,,
12,Aggregated,Lodging_Other,,,,,,
12,Centralized,Lodging_Other,,,,,,
13,0,Lodging_Other,,,,,,
13,1,Lodging_Other,,,,,,
13,2,Lodging_Other,,,,,,
13,3,Lodging_Other,,,,,,
13,4,Lodging_Other,,,,,,
13,5,Lodging_Other,,,,,,
13,Aggregated,Lodging_Other,,,,,,
13,Centralized,Lodging_Other,,,,,,
14,0,Lodging_Other,,,,,,
14,1,Lodging_Other,,,,,,
14,2,Lodging_Other,,,,,,
14,3,Lodging_Other,,,,,,
14,4,Lodging_Other,,,,,,
14,5,Lodging_Other,,,,,,
14,Aggregated,Lodging_Other,,,,,,
14,Centralized,Lodging_Other,,,,,,
15,0,Lodging_Other,,,,,,
15,1,Lodging_Other,,,,,,
15,2,Lodging_Other,,,,,,
15,3,Lodging_Other,,,,,,
15,4,Lodging_Other,,,,,,
15,5,Lodging_Other,,,,,,
15,Aggregated,Lodging_Other,,,,,,
15,Centralized,Lodging_Other,,,,,,
16,0,Lodging_Other,,,,,,
16,1,Lodging_Other,,,,,,
16,2,Lodging_Other,,,,,,
16,3,Lodging_Other,,,,,,
16,4,Lodging_Other,,,,,,
16,5,Lodging_Other,,,,,,
16,Aggregated,Lodging_Other,,,,,,
16,Centralized,Lodging_Other,,,,,,
17,0,Lodging_Other,,,,,,
17,1,Lodging_Other,,,,,,
17,2,Lodging_Other,,,,,,
17,3,Lodging_Other,,,,,,
17,4,Lodging_Other,,,,,,
17,5,Lodging_Other,,,,,,
17,Aggregated,Lodging_Other,,,,,,
17,Centralized,Lodging_Other,,,,,,
18,0,Lodging_Other,,,,,,
18,1,Lodging_Other,,,,,,
18,2,Lodging_Other,,,,,,
18,3,Lodging_Other,,,,,,
18,4,Lodging_Other,,,,,,
18,5,Lodging_Other,,,,,,
18,Aggregated,Lodging_Other,,,,,,
18,Centralized,Lodging_Other,,,,,,
19,0,Lodging_Other,,,,,,
19,1,Lodging_Other,,,,,,
19,2,Lodging_Other,,,,,,
19,3,Lodging_Other,,,,,,
19,4,Lodging_Other,,,,,,
19,5,Lodging_Other,,,,,,
19,Aggregated,Lodging_Other,,,,,,
19,Centralized,Lodging_Other,,,,,,
20,0,Lodging_Other,,,,,,
20,1,Lodging_Other,,,,,,
20,2,Lodging_Other,,,,,,
20,3,Lodging_Other,,,,,,
20,4,Lodging_Other,,,,,,
20,5,Lodging_Other,,,,,,
20,Aggregated,Lodging_Other,,,,,,
20,Centralized,Lodging_Other,,,,,,
21,0,Lodging_Other,,,,,,
21,1,Lodging_Other,,,,,,
21,2,Lodging_Other,,,,,,
21,3,Lodging_Other,,,,,,
21,4,Lodging_Other,,,,,,
21,5,Lodging_Other,,,,,,
21,Aggregated,Lodging_Other,,,,,,
21,Centralized,Lodging_Other,,,,,,
22,0,Lodging_Other,,,,,,
22,1,Lodging_Other,,,,,,
22,2,Lodging_Other,,,,,,
22,3,Lodging_Other,,,,,,
22,4,Lodging_Other,,,,,,
22,5,Lodging_Other,,,,,,
22,Aggregated,Lodging_Other,,,,,,
22,Centralized,Lodging_Other,,,,,,
23,0,Lodging_Other,,,,,,
23,1,Lodging_Other,,,,,,
23,2,Lodging_Other,,,,,,
23,3,Lodging_Other,,,,,,
23,4,Lodging_Other,,,,,,
23,5,Lodging_Other,,,,,,
23,Aggregated,Lodging_Other,,,,,,
23,Centralized,Lodging_Other,,,,,,
24,0,Lodging_Other,,,,,,
24,1,Lodging_Other,,,,,,
24,2,Lodging_Other,,,,,,
24,3,Lodging_Other,,,,,,
24,4,Lodging_Other,,,,,,
24,5,Lodging_Other,,,,,,
24,Aggregated,Lodging_Other,,,,,,
24,Centralized,Lodging_Other,,,,,,
25,0,Lodging_Other,,,,,,
25,1,Lodging_Other,,,,,,
25,2,Lodging_Other,,,,,,
25,3,Lodging_Other,,,,,,
25,4,Lodging_Other,,,,,,
25,5,Lodging_Other,,,,,,
25,Aggregated,Lodging_Other,,,,,,
25,Centralized,Lodging_Other,,,,,,
26,0,Lodging_Other,,,,,,
26,1,Lodging_Other,,,,,,
26,2,Lodging_Other,,,,,,
26,3,Lodging_Other,,,,,,
26,4,Lodging_Other,,,,,,
26,5,Lodging_Other,,,,,,
26,Aggregated,Lodging_Other,,,,,,
26,Centralized,Lodging_Other,,,,,,
27,0,Lodging_Other,,,,,,
27,1,Lodging_Other,,,,,,
27,2,Lodging_Other,,,,,,
27,3,Lodging_Other,,,,,,
27,4,Lodging_Other,,,,,,
27,5,Lodging_Other,,,,,,
27,Aggregated,Lodging_Other,,,,,,
27,Centralized,Lodging_Other,,,,,,
28,0,Lodging_Other,,,,,,
28,1,Lodging_Other,,,,,,
28,2,Lodging_Other,,,,,,
28,3,Lodging_Other,,,,,,
28,4,Lodging_Other,,,,,,
28,5,Lodging_Other,,,,,,
28,Aggregated,Lodging_Other,,,,,,
28,Centralized,Lodging_Other,,,,,,
29,0,Lodging_Other,,,,,,
29,1,Lodging_Other,,,,,,
29,2,Lodging_Other,,,,,,
29,3,Lodging_Other,,,,,,
29,4,Lodging_Other,,,,,,
29,5,Lodging_Other,,,,,,
29,Aggregated,Lodging_Other,,,,,,
29,Centralized,Lodging_Other,,,,,,
30,0,Lodging_Other,,,,,,
30,1,Lodging_Other,,,,,,
30,2,Lodging_Other,,,,,,
30,3,Lodging_Other,,,,,,
30,4,Lodging_Other,,,,,,
30,5,Lodging_Other,,,,,,
30,Aggregated,Lodging_Other,,,,,,
30,Centralized,Lodging_Other,,,,,,
31,0,Lodging_Other,,,,,,
31,1,Lodging_Other,,,,,,
31,2,Lodging_Other,,,,,,
31,3,Lodging_Other,,,,,,
31,4,Lodging_Other,,,,,,
31,5,Lodging_Other,,,,,,
31,Aggregated,Lodging_Other,,,,,,
31,Centralized,Lodging_Other,,,,,,
32,0,Lodging_Other,,,,,,
32,1,Lodging_Other,,,,,,
32,2,Lodging_Other,,,,,,
32,3,Lodging_Other,,,,,,
32,4,Lodging_Other,,,,,,
32,5,Lodging_Other,,,,,,
32,Aggregated,Lodging_Other,,,,,,
32,Centralized,Lodging_Other,,,,,,
33,0,Lodging_Other,,,,,,
33,1,Lodging_Other,,,,,,
33,2,Lodging_Other,,,,,,
33,3,Lodging_Other,,,,,,
33,4,Lodging_Other,,,,,,
33,5,Lodging_Other,,,,,,
33,Aggregated,Lodging_Other,,,,,,
33,Centralized,Lodging_Other,,,,,,
34,0,Lodging_Other,,,,,,
34,1,Lodging_Other,,,,,,
34,2,Lodging_Other,,,,,,
34,3,Lodging_Other,,,,,,
34,4,Lodging_Other,,,,,,
34,5,Lodging_Other,,,,,,
34,Aggregated,Lodging_Other,,,,,,
34,Centralized,Lodging_Other,,,,,,
35,0,Lodging_Other,,,,,,
35,1,Lodging_Other,,,,,,
35,2,Lodging_Other,,,,,,
35,3,Lodging_Other,,,,,,
35,4,Lodging_Other,,,,,,
35,5,Lodging_Other,,,,,,
35,Aggregated,Lodging_Other,,,,,,
35,Centralized,Lodging_Other,,,,,,
36,0,Lodging_Other,,,,,,
36,1,Lodging_Other,,,,,,
36,2,Lodging_Other,,,,,,
36,3,Lodging_Other,,,,,,
36,4,Lodging_Other,,,,,,
36,5,Lodging_Other,,,,,,
36,Aggregated,Lodging_Other,,,,,,
36,Centralized,Lodging_Other,,,,,,
37,0,Lodging_Other,,,,,,
37,1,Lodging_Other,,,,,,
37,2,Lodging_Other,,,,,,
37,3,Lodging_Other,,,,,,
37,4,Lodging_Other,,,,,,
37,5,Lodging_Other,,,,,,
37,Aggregated,Lodging_Other,,,,,,
37,Centralized,Lodging_Other,,,,,,
38,0,Lodging_Other,,,,,,
38,1,Lodging_Other,,,,,,
38,2,Lodging_Other,,,,,,
38,3,Lodging_Other,,,,,,
38,4,Lodging_Other,,,,,,
38,5,Lodging_Other,,,,,,
38,Aggregated,Lodging_Other,,,,,,
38,Centralized,Lodging_Other,,,,,,
39,0,Lodging_Other,,,,,,
39,1,Lodging_Other,,,,,,
39,2,Lodging_Other,,,,,,
39,3,Lodging_Other,,,,,,
39,4,Lodging_Other,,,,,,
39,5,Lodging_Other,,,,,,
39,Aggregated,Lodging_Other,,,,,,
39,Centralized,Lodging_Other,,,,,,
40,0,Lodging_Other,,,,,,
40,1,Lodging_Other,,,,,,
40,2,Lodging_Other,,,,,,
40,3,Lodging_Other,,,,,,
40,4,Lodging_Other,,,,,,
40,5,Lodging_Other,,,,,,
40,Aggregated,Lodging_Other,,,,,,
40,Centralized,Lodging_Other,,,,,,
41,0,Lodging_Other,,,,,,
41,1,Lodging_Other,,,,,,
41,2,Lodging_Other,,,,,,
41,3,Lodging_Other,,,,,,
41,4,Lodging_Other,,,,,,
41,5,Lodging_Other,,,,,,
41,Aggregated,Lodging_Other,,,,,,
41,Centralized,Lodging_Other,,,,,,
42,0,Lodging_Other,,,,,,
42,1,Lodging_Other,,,,,,
42,2,Lodging_Other,,,,,,
42,3,Lodging_Other,,,,,,
42,4,Lodging_Other,,,,,,
42,5,Lodging_Other,,,,,,
42,Aggregated,Lodging_Other,,,,,,
42,Centralized,Lodging_Other,,,,,,
43,0,Lodging_Other,,,,,,
43,1,Lodging_Other,,,,,,
43,2,Lodging_Other,,,,,,
43,3,Lodging_Other,,,,,,
43,4,Lodging_Other,,,,,,
43,5,Lodging_Other,,,,,,
43,Aggregated,Lodging_Other,,,,,,
43,Centralized,Lodging_Other,,,,,,
44,0,Lodging_Other,,,,,,
44,1,Lodging_Other,,,,,,
44,2,Lodging_Other,,,,,,
44,3,Lodging_Other,,,,,,
44,4,Lodging_Other,,,,,,
44,5,Lodging_Other,,,,,,
44,Aggregated,Lodging_Other,,,,,,
44,Centralized,Lodging_Other,,,,,,
45,0,Lodging_Other,,,,,,
45,1,Lodging_Other,,,,,,
45,2,Lodging_Other,,,,,,
45,3,Lodging_Other,,,,,,
45,4,Lodging_Other,,,,,,
45,5,Lodging_Other,,,,,,
45,Aggregated,Lodging_Other,,,,,,
45,Centralized,Lodging_Other,,,,,,
46,0,Lodging_Other,,,,,,
46,1,Lodging_Other,,,,,,
46,2,Lodging_Other,,,,,,
46,3,Lodging_Other,,,,,,
46,4,Lodging_Other,,,,,,
46,5,Lodging_Other,,,,,,
46,Aggregated,Lodging_Other,,,,,,
46,Centralized,Lodging_Other,,,,,,
47,0,Lodging_Other,,,,,,
47,1,Lodging_Other,,,,,,
47,2,Lodging_Other,,,,,,
47,3,Lodging_Other,,,,,,
47,4,Lodging_Other,,,,,,
47,5,Lodging_Other,,,,,,
47,Aggregated,Lodging_Other,,,,,,
47,Centralized,Lodging_Other,,,,,,
48,0,Lodging_Other,,,,,,
48,1,Lodging_Other,,,,,,
48,2,Lodging_Other,,,,,,
48,3,Lodging_Other,,,,,,
48,4,Lodging_Other,,,,,,
48,5,Lodging_Other,,,,,,
48,Aggregated,Lodging_Other,,,,,,
48,Centralized,Lodging_Other,,,,,,
49,0,Lodging_Other,,,,,,
49,1,Lodging_Other,,,,,,
49,2,Lodging_Other,,,,,,
49,3,Lodging_Other,,,,,,
49,4,Lodging_Other,,,,,,
49,5,Lodging_Other,,,,,,
49,Aggregated,Lodging_Other,,,,,,
49,Centralized,Lodging_Other,,,,,,
50,0,Lodging_Other,,,,,,
50,1,Lodging_Other,,,,,,
50,2,Lodging_Other,,,,,,
50,3,Lodging_Other,,,,,,
50,4,Lodging_Other,,,,,,
50,5,Lodging_Other,,,,,,
50,Aggregated,Lodging_Other,,,,,,
50,Centralized,Lodging_Other,,,,,,
0,0,Commercial_Unknown,,,,,,
0,1,Commercial_Unknown,,,,,,
0,2,Commercial_Unknown,,,,,,
0,3,Commercial_Unknown,,,,,,
0,4,Commercial_Unknown,,,,,,
0,5,Commercial_Unknown,,,,,,
0,Aggregated,Commercial_Unknown,,,,,,
0,Centralized,Commercial_Unknown,,,,,,
1,0,Commercial_Unknown,,,,,,
1,1,Commercial_Unknown,,,,,,
1,2,Commercial_Unknown,,,,,,
1,3,Commercial_Unknown,,,,,,
1,4,Commercial_Unknown,,,,,,
1,5,Commercial_Unknown,,,,,,
1,Aggregated,Commercial_Unknown,,,,,,
1,Centralized,Commercial_Unknown,,,,,,
2,0,Commercial_Unknown,,,,,,
2,1,Commercial_Unknown,,,,,,
2,2,Commercial_Unknown,,,,,,
2,3,Commercial_Unknown,,,,,,
2,4,Commercial_Unknown,,,,,,
2,5,Commercial_Unknown,,,,,,
2,Aggregated,Commercial_Unknown,,,,,,
2,Centralized,Commercial_Unknown,,,,,,
3,0,Commercial_Unknown,,,,,,
3,1,Commercial_Unknown,,,,,,
3,2,Commercial_Unknown,,,,,,
3,3,Commercial_Unknown,,,,,,
3,4,Commercial_Unknown,,,,,,
3,5,Commercial_Unknown,,,,,,
3,Aggregated,Commercial_Unknown,,,,,,
3,Centralized,Commercial_Unknown,,,,,,
4,0,Commercial_Unknown,,,,,,
4,1,Commercial_Unknown,,,,,,
4,2,Commercial_Unknown,,,,,,
4,3,Commercial_Unknown,,,,,,
4,4,Commercial_Unknown,,,,,,
4,5,Commercial_Unknown,,,,,,
4,Aggregated,Commercial_Unknown,,,,,,
4,Centralized,Commercial_Unknown,,,,,,
5,0,Commercial_Unknown,,,,,,
5,1,Commercial_Unknown,,,,,,
5,2,Commercial_Unknown,,,,,,
5,3,Commercial_Unknown,,,,,,
5,4,Commercial_Unknown,,,,,,
5,5,Commercial_Unknown,,,,,,
5,Aggregated,Commercial_Unknown,,,,,,
5,Centralized,Commercial_Unknown,,,,,,
6,0,Commercial_Unknown,,,,,,
6,1,Commercial_Unknown,,,,,,
6,2,Commercial_Unknown,,,,,,
6,3,Commercial_Unknown,,,,,,
6,4,Commercial_Unknown,,,,,,
6,5,Commercial_Unknown,,,,,,
6,Aggregated,Commercial_Unknown,,,,,,
6,Centralized,Commercial_Unknown,,,,,,
7,0,Commercial_Unknown,,,,,,
7,1,Commercial_Unknown,,,,,,
7,2,Commercial_Unknown,,,,,,
7,3,Commercial_Unknown,,,,,,
7,4,Commercial_Unknown,,,,,,
7,5,Commercial_Unknown,,,,,,
7,Aggregated,Commercial_Unknown,,,,,,
7,Centralized,Commercial_Unknown,,,,,,
8,0,Commercial_Unknown,,,,,,
8,1,Commercial_Unknown,,,,,,
8,2,Commercial_Unknown,,,,,,
8,3,Commercial_Unknown,,,,,,
8,4,Commercial_Unknown,,,,,,
8,5,Commercial_Unknown,,,,,,
8,Aggregated,Commercial_Unknown,,,,,,
8,Centralized,Commercial_Unknown,,,,,,
9,0,Commercial_Unknown,,,,,,
9,1,Commercial_Unknown,,,,,,
9,2,Commercial_Unknown,,,,,,
9,3,Commercial_Unknown,,,,,,
9,4,Commercial_Unknown,,,,,,
9,5,Commercial_Unknown,,,,,,
9,Aggregated,Commercial_Unknown,,,,,,
9,Centralized,Commercial_Unknown,,,,,,
10,0,Commercial_Unknown,,,,,,
10,1,Commercial_Unknown,,,,,,
10,2,Commercial_Unknown,,,,,,
10,3,Commercial_Unknown,,,,,,
10,4,Commercial_Unknown,,,,,,
10,5,Commercial_Unknown,,,,,,
10,Aggregated,Commercial_Unknown,,,,,,
10,Centralized,Commercial_Unknown,,,,,,
11,0,Commercial_Unknown,,,,,,
11,1,Commercial_Unknown,,,,,,
11,2,Commercial_Unknown,,,,,,
11,3,Commercial_Unknown,,,,,,
11,4,Commercial_Unknown,,,,,,
11,5,Commercial_Unknown,,,,,,
11,Aggregated,Commercial_Unknown,,,,,,
11,Centralized,Commercial_Unknown,,,,,,
12,0,Commercial_Unknown,,,,,,
12,1,Commercial_Unknown,,,,,,
12,2,Commercial_Unknown,,,,,,
12,3,Commercial_Unknown,,,,,,
12,4,Commercial_Unknown,,,,,,
12,5,Commercial_Unknown,,,,,,
12,Aggregated,Commercial_Unknown,,,,,,
12,Centralized,Commercial_Unknown,,,,,,
13,0,Commercial_Unknown,,,,,,
13,1,Commercial_Unknown,,,,,,
13,2,Commercial_Unknown,,,,,,
13,3,Commercial_Unknown,,,,,,
13,4,Commercial_Unknown,,,,,,
13,5,Commercial_Unknown,,,,,,
13,Aggregated,Commercial_Unknown,,,,,,
13,Centralized,Commercial_Unknown,,,,,,
14,0,Commercial_Unknown,,,,,,
14,1,Commercial_Unknown,,,,,,
14,2,Commercial_Unknown,,,,,,
14,3,Commercial_Unknown,,,,,,
14,4,Commercial_Unknown,,,,,,
14,5,Commercial_Unknown,,,,,,
14,Aggregated,Commercial_Unknown,,,,,,
14,Centralized,Commercial_Unknown,,,,,,
15,0,Commercial_Unknown,,,,,,
15,1,Commercial_Unknown,,,,,,
15,2,Commercial_Unknown,,,,,,
15,3,Commercial_Unknown,,,,,,
15,4,Commercial_Unknown,,,,,,
15,5,Commercial_Unknown,,,,,,
15,Aggregated,Commercial_Unknown,,,,,,
15,Centralized,Commercial_Unknown,,,,,,
16,0,Commercial_Unknown,,,,,,
16,1,Commercial_Unknown,,,,,,
16,2,Commercial_Unknown,,,,,,
16,3,Commercial_Unknown,,,,,,
16,4,Commercial_Unknown,,,,,,
16,5,Commercial_Unknown,,,,,,
16,Aggregated,Commercial_Unknown,,,,,,
16,Centralized,Commercial_Unknown,,,,,,
17,0,Commercial_Unknown,,,,,,
17,1,Commercial_Unknown,,,,,,
17,2,Commercial_Unknown,,,,,,
17,3,Commercial_Unknown,,,,,,
17,4,Commercial_Unknown,,,,,,
17,5,Commercial_Unknown,,,,,,
17,Aggregated,Commercial_Unknown,,,,,,
17,Centralized,Commercial_Unknown,,,,,,
18,0,Commercial_Unknown,,,,,,
18,1,Commercial_Unknown,,,,,,
18,2,Commercial_Unknown,,,,,,
18,3,Commercial_Unknown,,,,,,
18,4,Commercial_Unknown,,,,,,
18,5,Commercial_Unknown,,,,,,
18,Aggregated,Commercial_Unknown,,,,,,
18,Centralized,Commercial_Unknown,,,,,,
19,0,Commercial_Unknown,,,,,,
19,1,Commercial_Unknown,,,,,,
19,2,Commercial_Unknown,,,,,,
19,3,Commercial_Unknown,,,,,,
19,4,Commercial_Unknown,,,,,,
19,5,Commercial_Unknown,,,,,,
19,Aggregated,Commercial_Unknown,,,,,,
19,Centralized,Commercial_Unknown,,,,,,
20,0,Commercial_Unknown,,,,,,
20,1,Commercial_Unknown,,,,,,
20,2,Commercial_Unknown,,,,,,
20,3,Commercial_Unknown,,,,,,
20,4,Commercial_Unknown,,,,,,
20,5,Commercial_Unknown,,,,,,
20,Aggregated,Commercial_Unknown,,,,,,
20,Centralized,Commercial_Unknown,,,,,,
21,0,Commercial_Unknown,,,,,,
21,1,Commercial_Unknown,,,,,,
21,2,Commercial_Unknown,,,,,,
21,3,Commercial_Unknown,,,,,,
21,4,Commercial_Unknown,,,,,,
21,5,Commercial_Unknown,,,,,,
21,Aggregated,Commercial_Unknown,,,,,,
21,Centralized,Commercial_Unknown,,,,,,
22,0,Commercial_Unknown,,,,,,
22,1,Commercial_Unknown,,,,,,
22,2,Commercial_Unknown,,,,,,
22,3,Commercial_Unknown,,,,,,
22,4,Commercial_Unknown,,,,,,
22,5,Commercial_Unknown,,,,,,
22,Aggregated,Commercial_Unknown,,,,,,
22,Centralized,Commercial_Unknown,,,,,,
23,0,Commercial_Unknown,,,,,,
23,1,Commercial_Unknown,,,,,,
23,2,Commercial_Unknown,,,,,,
23,3,Commercial_Unknown,,,,,,
23,4,Commercial_Unknown,,,,,,
23,5,Commercial_Unknown,,,,,,
23,Aggregated,Commercial_Unknown,,,,,,
23,Centralized,Commercial_Unknown,,,,,,
24,0,Commercial_Unknown,,,,,,
24,1,Commercial_Unknown,,,,,,
24,2,Commercial_Unknown,,,,,,
24,3,Commercial_Unknown,,,,,,
24,4,Commercial_Unknown,,,,,,
24,5,Commercial_Unknown,,,,,,
24,Aggregated,Commercial_Unknown,,,,,,
24,Centralized,Commercial_Unknown,,,,,,
25,0,Commercial_Unknown,,,,,,
25,1,Commercial_Unknown,,,,,,
25,2,Commercial_Unknown,,,,,,
25,3,Commercial_Unknown,,,,,,
25,4,Commercial_Unknown,,,,,,
25,5,Commercial_Unknown,,,,,,
25,Aggregated,Commercial_Unknown,,,,,,
25,Centralized,Commercial_Unknown,,,,,,
26,0,Commercial_Unknown,,,,,,
26,1,Commercial_Unknown,,,,,,
26,2,Commercial_Unknown,,,,,,
26,3,Commercial_Unknown,,,,,,
26,4,Commercial_Unknown,,,,,,
26,5,Commercial_Unknown,,,,,,
26,Aggregated,Commercial_Unknown,,,,,,
26,Centralized,Commercial_Unknown,,,,,,
27,0,Commercial_Unknown,,,,,,
27,1,Commercial_Unknown,,,,,,
27,2,Commercial_Unknown,,,,,,
27,3,Commercial_Unknown,,,,,,
27,4,Commercial_Unknown,,,,,,
27,5,Commercial_Unknown,,,,,,
27,Aggregated,Commercial_Unknown,,,,,,
27,Centralized,Commercial_Unknown,,,,,,
28,0,Commercial_Unknown,,,,,,
28,1,Commercial_Unknown,,,,,,
28,2,Commercial_Unknown,,,,,,
28,3,Commercial_Unknown,,,,,,
28,4,Commercial_Unknown,,,,,,
28,5,Commercial_Unknown,,,,,,
28,Aggregated,Commercial_Unknown,,,,,,
28,Centralized,Commercial_Unknown,,,,,,
29,0,Commercial_Unknown,,,,,,
29,1,Commercial_Unknown,,,,,,
29,2,Commercial_Unknown,,,,,,
29,3,Commercial_Unknown,,,,,,
29,4,Commercial_Unknown,,,,,,
29,5,Commercial_Unknown,,,,,,
29,Aggregated,Commercial_Unknown,,,,,,
29,Centralized,Commercial_Unknown,,,,,,
30,0,Commercial_Unknown,,,,,,
30,1,Commercial_Unknown,,,,,,
30,2,Commercial_Unknown,,,,,,
30,3,Commercial_Unknown,,,,,,
30,4,Commercial_Unknown,,,,,,
30,5,Commercial_Unknown,,,,,,
30,Aggregated,Commercial_Unknown,,,,,,
30,Centralized,Commercial_Unknown,,,,,,
31,0,Commercial_Unknown,,,,,,
31,1,Commercial_Unknown,,,,,,
31,2,Commercial_Unknown,,,,,,
31,3,Commercial_Unknown,,,,,,
31,4,Commercial_Unknown,,,,,,
31,5,Commercial_Unknown,,,,,,
31,Aggregated,Commercial_Unknown,,,,,,
31,Centralized,Commercial_Unknown,,,,,,
32,0,Commercial_Unknown,,,,,,
32,1,Commercial_Unknown,,,,,,
32,2,Commercial_Unknown,,,,,,
32,3,Commercial_Unknown,,,,,,
32,4,Commercial_Unknown,,,,,,
32,5,Commercial_Unknown,,,,,,
32,Aggregated,Commercial_Unknown,,,,,,
32,Centralized,Commercial_Unknown,,,,,,
33,0,Commercial_Unknown,,,,,,
33,1,Commercial_Unknown,,,,,,
33,2,Commercial_Unknown,,,,,,
33,3,Commercial_Unknown,,,,,,
33,4,Commercial_Unknown,,,,,,
33,5,Commercial_Unknown,,,,,,
33,Aggregated,Commercial_Unknown,,,,,,
33,Centralized,Commercial_Unknown,,,,,,
34,0,Commercial_Unknown,,,,,,
34,1,Commercial_Unknown,,,,,,
34,2,Commercial_Unknown,,,,,,
34,3,Commercial_Unknown,,,,,,
34,4,Commercial_Unknown,,,,,,
34,5,Commercial_Unknown,,,,,,
34,Aggregated,Commercial_Unknown,,,,,,
34,Centralized,Commercial_Unknown,,,,,,
35,0,Commercial_Unknown,,,,,,
35,1,Commercial_Unknown,,,,,,
35,2,Commercial_Unknown,,,,,,
35,3,Commercial_Unknown,,,,,,
35,4,Commercial_Unknown,,,,,,
35,5,Commercial_Unknown,,,,,,
35,Aggregated,Commercial_Unknown,,,,,,
35,Centralized,Commercial_Unknown,,,,,,
36,0,Commercial_Unknown,,,,,,
36,1,Commercial_Unknown,,,,,,
36,2,Commercial_Unknown,,,,,,
36,3,Commercial_Unknown,,,,,,
36,4,Commercial_Unknown,,,,,,
36,5,Commercial_Unknown,,,,,,
36,Aggregated,Commercial_Unknown,,,,,,
36,Centralized,Commercial_Unknown,,,,,,
37,0,Commercial_Unknown,,,,,,
37,1,Commercial_Unknown,,,,,,
37,2,Commercial_Unknown,,,,,,
37,3,Commercial_Unknown,,,,,,
37,4,Commercial_Unknown,,,,,,
37,5,Commercial_Unknown,,,,,,
37,Aggregated,Commercial_Unknown,,,,,,
37,Centralized,Commercial_Unknown,,,,,,
38,0,Commercial_Unknown,,,,,,
38,1,Commercial_Unknown,,,,,,
38,2,Commercial_Unknown,,,,,,
38,3,Commercial_Unknown,,,,,,
38,4,Commercial_Unknown,,,,,,
38,5,Commercial_Unknown,,,,,,
38,Aggregated,Commercial_Unknown,,,,,,
38,Centralized,Commercial_Unknown,,,,,,
39,0,Commercial_Unknown,,,,,,
39,1,Commercial_Unknown,,,,,,
39,2,Commercial_Unknown,,,,,,
39,3,Commercial_Unknown,,,,,,
39,4,Commercial_Unknown,,,,,,
39,5,Commercial_Unknown,,,,,,
39,Aggregated,Commercial_Unknown,,,,,,
39,Centralized,Commercial_Unknown,,,,,,
40,0,Commercial_Unknown,,,,,,
40,1,Commercial_Unknown,,,,,,
40,2,Commercial_Unknown,,,,,,
40,3,Commercial_Unknown,,,,,,
40,4,Commercial_Unknown,,,,,,
40,5,Commercial_Unknown,,,,,,
40,Aggregated,Commercial_Unknown,,,,,,
40,Centralized,Commercial_Unknown,,,,,,
41,0,Commercial_Unknown,,,,,,
41,1,Commercial_Unknown,,,,,,
41,2,Commercial_Unknown,,,,,,
41,3,Commercial_Unknown,,,,,,
41,4,Commercial_Unknown,,,,,,
41,5,Commercial_Unknown,,,,,,
41,Aggregated,Commercial_Unknown,,,,,,
41,Centralized,Commercial_Unknown,,,,,,
42,0,Commercial_Unknown,,,,,,
42,1,Commercial_Unknown,,,,,,
42,2,Commercial_Unknown,,,,,,
42,3,Commercial_Unknown,,,,,,
42,4,Commercial_Unknown,,,,,,
42,5,Commercial_Unknown,,,,,,
42,Aggregated,Commercial_Unknown,,,,,,
42,Centralized,Commercial_Unknown,,,,,,
43,0,Commercial_Unknown,,,,,,
43,1,Commercial_Unknown,,,,,,
43,2,Commercial_Unknown,,,,,,
43,3,Commercial_Unknown,,,,,,
43,4,Commercial_Unknown,,,,,,
43,5,Commercial_Unknown,,,,,,
43,Aggregated,Commercial_Unknown,,,,,,
43,Centralized,Commercial_Unknown,,,,,,
44,0,Commercial_Unknown,,,,,,
44,1,Commercial_Unknown,,,,,,
44,2,Commercial_Unknown,,,,,,
44,3,Commercial_Unknown,,,,,,
44,4,Commercial_Unknown,,,,,,
44,5,Commercial_Unknown,,,,,,
44,Aggregated,Commercial_Unknown,,,,,,
44,Centralized,Commercial_Unknown,,,,,,
45,0,Commercial_Unknown,,,,,,
45,1,Commercial_Unknown,,,,,,
45,2,Commercial_Unknown,,,,,,
45,3,Commercial_Unknown,,,,,,
45,4,Commercial_Unknown,,,,,,
45,5,Commercial_Unknown,,,,,,
45,Aggregated,Commercial_Unknown,,,,,,
45,Centralized,Commercial_Unknown,,,,,,
46,0,Commercial_Unknown,,,,,,
46,1,Commercial_Unknown,,,,,,
46,2,Commercial_Unknown,,,,,,
46,3,Commercial_Unknown,,,,,,
46,4,Commercial_Unknown,,,,,,
46,5,Commercial_Unknown,,,,,,
46,Aggregated,Commercial_Unknown,,,,,,
46,Centralized,Commercial_Unknown,,,,,,
47,0,Commercial_Unknown,,,,,,
47,1,Commercial_Unknown,,,,,,
47,2,Commercial_Unknown,,,,,,
47,3,Commercial_Unknown,,,,,,
47,4,Commercial_Unknown,,,,,,
47,5,Commercial_Unknown,,,,,,
47,Aggregated,Commercial_Unknown,,,,,,
47,Centralized,Commercial_Unknown,,,,,,
48,0,Commercial_Unknown,,,,,,
48,1,Commercial_Unknown,,,,,,
48,2,Commercial_Unknown,,,,,,
48,3,Commercial_Unknown,,,,,,
48,4,Commercial_Unknown,,,,,,
48,5,Commercial_Unknown,,,,,,
48,Aggregated,Commercial_Unknown,,,,,,
48,Centralized,Commercial_Unknown,,,,,,
49,0,Commercial_Unknown,,,,,,
49,1,Commercial_Unknown,,,,,,
49,2,Commercial_Unknown,,,,,,
49,3,Commercial_Unknown,,,,,,
49,4,Commercial_Unknown,,,,,,
49,5,Commercial_Unknown,,,,,,
49,Aggregated,Commercial_Unknown,,,,,,
49,Centralized,Commercial_Unknown,,,,,,
50,0,Commercial_Unknown,,,,,,
50,1,Commercial_Unknown,,,,,,
50,2,Commercial_Unknown,,,,,,
50,3,Commercial_Unknown,,,,,,
50,4,Commercial_Unknown,,,,,,
50,5,Commercial_Unknown,,,,,,
50,Aggregated,Commercial_Unknown,,,,,,
50,Centralized,Commercial_Unknown,,,,,,
0,0,Public_Assembly_Recreation,,,,,,
0,1,Public_Assembly_Recreation,,,,,,
0,2,Public_Assembly_Recreation,,,,,,
0,3,Public_Assembly_Recreation,,,,,,
0,4,Public_Assembly_Recreation,,,,,,
0,5,Public_Assembly_Recreation,,,,,,
0,Aggregated,Public_Assembly_Recreation,,,,,,
0,Centralized,Public_Assembly_Recreation,,,,,,
1,0,Public_Assembly_Recreation,,,,,,
1,1,Public_Assembly_Recreation,,,,,,
1,2,Public_Assembly_Recreation,,,,,,
1,3,Public_Assembly_Recreation,,,,,,
1,4,Public_Assembly_Recreation,,,,,,
1,5,Public_Assembly_Recreation,,,,,,
1,Aggregated,Public_Assembly_Recreation,,,,,,
1,Centralized,Public_Assembly_Recreation,,,,,,
2,0,Public_Assembly_Recreation,,,,,,
2,1,Public_Assembly_Recreation,,,,,,
2,2,Public_Assembly_Recreation,,,,,,
2,3,Public_Assembly_Recreation,,,,,,
2,4,Public_Assembly_Recreation,,,,,,
2,5,Public_Assembly_Recreation,,,,,,
2,Aggregated,Public_Assembly_Recreation,,,,,,
2,Centralized,Public_Assembly_Recreation,,,,,,
3,0,Public_Assembly_Recreation,,,,,,
3,1,Public_Assembly_Recreation,,,,,,
3,2,Public_Assembly_Recreation,,,,,,
3,3,Public_Assembly_Recreation,,,,,,
3,4,Public_Assembly_Recreation,,,,,,
3,5,Public_Assembly_Recreation,,,,,,
3,Aggregated,Public_Assembly_Recreation,,,,,,
3,Centralized,Public_Assembly_Recreation,,,,,,
4,0,Public_Assembly_Recreation,,,,,,
4,1,Public_Assembly_Recreation,,,,,,
4,2,Public_Assembly_Recreation,,,,,,
4,3,Public_Assembly_Recreation,,,,,,
4,4,Public_Assembly_Recreation,,,,,,
4,5,Public_Assembly_Recreation,,,,,,
4,Aggregated,Public_Assembly_Recreation,,,,,,
4,Centralized,Public_Assembly_Recreation,,,,,,
5,0,Public_Assembly_Recreation,,,,,,
5,1,Public_Assembly_Recreation,,,,,,
5,2,Public_Assembly_Recreation,,,,,,
5,3,Public_Assembly_Recreation,,,,,,
5,4,Public_Assembly_Recreation,,,,,,
5,5,Public_Assembly_Recreation,,,,,,
5,Aggregated,Public_Assembly_Recreation,,,,,,
5,Centralized,Public_Assembly_Recreation,,,,,,
6,0,Public_Assembly_Recreation,,,,,,
6,1,Public_Assembly_Recreation,,,,,,
6,2,Public_Assembly_Recreation,,,,,,
6,3,Public_Assembly_Recreation,,,,,,
6,4,Public_Assembly_Recreation,,,,,,
6,5,Public_Assembly_Recreation,,,,,,
6,Aggregated,Public_Assembly_Recreation,,,,,,
6,Centralized,Public_Assembly_Recreation,,,,,,
7,0,Public_Assembly_Recreation,,,,,,
7,1,Public_Assembly_Recreation,,,,,,
7,2,Public_Assembly_Recreation,,,,,,
7,3,Public_Assembly_Recreation,,,,,,
7,4,Public_Assembly_Recreation,,,,,,
7,5,Public_Assembly_Recreation,,,,,,
7,Aggregated,Public_Assembly_Recreation,,,,,,
7,Centralized,Public_Assembly_Recreation,,,,,,
8,0,Public_Assembly_Recreation,,,,,,
8,1,Public_Assembly_Recreation,,,,,,
8,2,Public_Assembly_Recreation,,,,,,
8,3,Public_Assembly_Recreation,,,,,,
8,4,Public_Assembly_Recreation,,,,,,
8,5,Public_Assembly_Recreation,,,,,,
8,Aggregated,Public_Assembly_Recreation,,,,,,
8,Centralized,Public_Assembly_Recreation,,,,,,
9,0,Public_Assembly_Recreation,,,,,,
9,1,Public_Assembly_Recreation,,,,,,
9,2,Public_Assembly_Recreation,,,,,,
9,3,Public_Assembly_Recreation,,,,,,
9,4,Public_Assembly_Recreation,,,,,,
9,5,Public_Assembly_Recreation,,,,,,
9,Aggregated,Public_Assembly_Recreation,,,,,,
9,Centralized,Public_Assembly_Recreation,,,,,,
10,0,Public_Assembly_Recreation,,,,,,
10,1,Public_Assembly_Recreation,,,,,,
10,2,Public_Assembly_Recreation,,,,,,
10,3,Public_Assembly_Recreation,,,,,,
10,4,Public_Assembly_Recreation,,,,,,
10,5,Public_Assembly_Recreation,,,,,,
10,Aggregated,Public_Assembly_Recreation,,,,,,
10,Centralized,Public_Assembly_Recreation,,,,,,
11,0,Public_Assembly_Recreation,,,,,,
11,1,Public_Assembly_Recreation,,,,,,
11,2,Public_Assembly_Recreation,,,,,,
11,3,Public_Assembly_Recreation,,,,,,
11,4,Public_Assembly_Recreation,,,,,,
11,5,Public_Assembly_Recreation,,,,,,
11,Aggregated,Public_Assembly_Recreation,,,,,,
11,Centralized,Public_Assembly_Recreation,,,,,,
12,0,Public_Assembly_Recreation,,,,,,
12,1,Public_Assembly_Recreation,,,,,,
12,2,Public_Assembly_Recreation,,,,,,
12,3,Public_Assembly_Recreation,,,,,,
12,4,Public_Assembly_Recreation,,,,,,
12,5,Public_Assembly_Recreation,,,,,,
12,Aggregated,Public_Assembly_Recreation,,,,,,
12,Centralized,Public_Assembly_Recreation,,,,,,
13,0,Public_Assembly_Recreation,,,,,,
13,1,Public_Assembly_Recreation,,,,,,
13,2,Public_Assembly_Recreation,,,,,,
13,3,Public_Assembly_Recreation,,,,,,
13,4,Public_Assembly_Recreation,,,,,,
13,5,Public_Assembly_Recreation,,,,,,
13,Aggregated,Public_Assembly_Recreation,,,,,,
13,Centralized,Public_Assembly_Recreation,,,,,,
14,0,Public_Assembly_Recreation,,,,,,
14,1,Public_Assembly_Recreation,,,,,,
14,2,Public_Assembly_Recreation,,,,,,
14,3,Public_Assembly_Recreation,,,,,,
14,4,Public_Assembly_Recreation,,,,,,
14,5,Public_Assembly_Recreation,,,,,,
14,Aggregated,Public_Assembly_Recreation,,,,,,
14,Centralized,Public_Assembly_Recreation,,,,,,
15,0,Public_Assembly_Recreation,,,,,,
15,1,Public_Assembly_Recreation,,,,,,
15,2,Public_Assembly_Recreation,,,,,,
15,3,Public_Assembly_Recreation,,,,,,
15,4,Public_Assembly_Recreation,,,,,,
15,5,Public_Assembly_Recreation,,,,,,
15,Aggregated,Public_Assembly_Recreation,,,,,,
15,Centralized,Public_Assembly_Recreation,,,,,,
16,0,Public_Assembly_Recreation,,,,,,
16,1,Public_Assembly_Recreation,,,,,,
16,2,Public_Assembly_Recreation,,,,,,
16,3,Public_Assembly_Recreation,,,,,,
16,4,Public_Assembly_Recreation,,,,,,
16,5,Public_Assembly_Recreation,,,,,,
16,Aggregated,Public_Assembly_Recreation,,,,,,
16,Centralized,Public_Assembly_Recreation,,,,,,
17,0,Public_Assembly_Recreation,,,,,,
17,1,Public_Assembly_Recreation,,,,,,
17,2,Public_Assembly_Recreation,,,,,,
17,3,Public_Assembly_Recreation,,,,,,
17,4,Public_Assembly_Recreation,,,,,,
17,5,Public_Assembly_Recreation,,,,,,
17,Aggregated,Public_Assembly_Recreation,,,,,,
17,Centralized,Public_Assembly_Recreation,,,,,,
18,0,Public_Assembly_Recreation,,,,,,
18,1,Public_Assembly_Recreation,,,,,,
18,2,Public_Assembly_Recreation,,,,,,
18,3,Public_Assembly_Recreation,,,,,,
18,4,Public_Assembly_Recreation,,,,,,
18,5,Public_Assembly_Recreation,,,,,,
18,Aggregated,Public_Assembly_Recreation,,,,,,
18,Centralized,Public_Assembly_Recreation,,,,,,
19,0,Public_Assembly_Recreation,,,,,,
19,1,Public_Assembly_Recreation,,,,,,
19,2,Public_Assembly_Recreation,,,,,,
19,3,Public_Assembly_Recreation,,,,,,
19,4,Public_Assembly_Recreation,,,,,,
19,5,Public_Assembly_Recreation,,,,,,
19,Aggregated,Public_Assembly_Recreation,,,,,,
19,Centralized,Public_Assembly_Recreation,,,,,,
20,0,Public_Assembly_Recreation,,,,,,
20,1,Public_Assembly_Recreation,,,,,,
20,2,Public_Assembly_Recreation,,,,,,
20,3,Public_Assembly_Recreation,,,,,,
20,4,Public_Assembly_Recreation,,,,,,
20,5,Public_Assembly_Recreation,,,,,,
20,Aggregated,Public_Assembly_Recreation,,,,,,
20,Centralized,Public_Assembly_Recreation,,,,,,
21,0,Public_Assembly_Recreation,,,,,,
21,1,Public_Assembly_Recreation,,,,,,
21,2,Public_Assembly_Recreation,,,,,,
21,3,Public_Assembly_Recreation,,,,,,
21,4,Public_Assembly_Recreation,,,,,,
21,5,Public_Assembly_Recreation,,,,,,
21,Aggregated,Public_Assembly_Recreation,,,,,,
21,Centralized,Public_Assembly_Recreation,,,,,,
22,0,Public_Assembly_Recreation,,,,,,
22,1,Public_Assembly_Recreation,,,,,,
22,2,Public_Assembly_Recreation,,,,,,
22,3,Public_Assembly_Recreation,,,,,,
22,4,Public_Assembly_Recreation,,,,,,
22,5,Public_Assembly_Recreation,,,,,,
22,Aggregated,Public_Assembly_Recreation,,,,,,
22,Centralized,Public_Assembly_Recreation,,,,,,
23,0,Public_Assembly_Recreation,,,,,,
23,1,Public_Assembly_Recreation,,,,,,
23,2,Public_Assembly_Recreation,,,,,,
23,3,Public_Assembly_Recreation,,,,,,
23,4,Public_Assembly_Recreation,,,,,,
23,5,Public_Assembly_Recreation,,,,,,
23,Aggregated,Public_Assembly_Recreation,,,,,,
23,Centralized,Public_Assembly_Recreation,,,,,,
24,0,Public_Assembly_Recreation,,,,,,
24,1,Public_Assembly_Recreation,,,,,,
24,2,Public_Assembly_Recreation,,,,,,
24,3,Public_Assembly_Recreation,,,,,,
24,4,Public_Assembly_Recreation,,,,,,
24,5,Public_Assembly_Recreation,,,,,,
24,Aggregated,Public_Assembly_Recreation,,,,,,
24,Centralized,Public_Assembly_Recreation,,,,,,
25,0,Public_Assembly_Recreation,,,,,,
25,1,Public_Assembly_Recreation,,,,,,
25,2,Public_Assembly_Recreation,,,,,,
25,3,Public_Assembly_Recreation,,,,,,
25,4,Public_Assembly_Recreation,,,,,,
25,5,Public_Assembly_Recreation,,,,,,
25,Aggregated,Public_Assembly_Recreation,,,,,,
25,Centralized,Public_Assembly_Recreation,,,,,,
26,0,Public_Assembly_Recreation,,,,,,
26,1,Public_Assembly_Recreation,,,,,,
26,2,Public_Assembly_Recreation,,,,,,
26,3,Public_Assembly_Recreation,,,,,,
26,4,Public_Assembly_Recreation,,,,,,
26,5,Public_Assembly_Recreation,,,,,,
26,Aggregated,Public_Assembly_Recreation,,,,,,
26,Centralized,Public_Assembly_Recreation,,,,,,
27,0,Public_Assembly_Recreation,,,,,,
27,1,Public_Assembly_Recreation,,,,,,
27,2,Public_Assembly_Recreation,,,,,,
27,3,Public_Assembly_Recreation,,,,,,
27,4,Public_Assembly_Recreation,,,,,,
27,5,Public_Assembly_Recreation,,,,,,
27,Aggregated,Public_Assembly_Recreation,,,,,,
27,Centralized,Public_Assembly_Recreation,,,,,,
28,0,Public_Assembly_Recreation,,,,,,
28,1,Public_Assembly_Recreation,,,,,,
28,2,Public_Assembly_Recreation,,,,,,
28,3,Public_Assembly_Recreation,,,,,,
28,4,Public_Assembly_Recreation,,,,,,
28,5,Public_Assembly_Recreation,,,,,,
28,Aggregated,Public_Assembly_Recreation,,,,,,
28,Centralized,Public_Assembly_Recreation,,,,,,
29,0,Public_Assembly_Recreation,,,,,,
29,1,Public_Assembly_Recreation,,,,,,
29,2,Public_Assembly_Recreation,,,,,,
29,3,Public_Assembly_Recreation,,,,,,
29,4,Public_Assembly_Recreation,,,,,,
29,5,Public_Assembly_Recreation,,,,,,
29,Aggregated,Public_Assembly_Recreation,,,,,,
29,Centralized,Public_Assembly_Recreation,,,,,,
30,0,Public_Assembly_Recreation,,,,,,
30,1,Public_Assembly_Recreation,,,,,,
30,2,Public_Assembly_Recreation,,,,,,
30,3,Public_Assembly_Recreation,,,,,,
30,4,Public_Assembly_Recreation,,,,,,
30,5,Public_Assembly_Recreation,,,,,,
30,Aggregated,Public_Assembly_Recreation,,,,,,
30,Centralized,Public_Assembly_Recreation,,,,,,
31,0,Public_Assembly_Recreation,,,,,,
31,1,Public_Assembly_Recreation,,,,,,
31,2,Public_Assembly_Recreation,,,,,,
31,3,Public_Assembly_Recreation,,,,,,
31,4,Public_Assembly_Recreation,,,,,,
31,5,Public_Assembly_Recreation,,,,,,
31,Aggregated,Public_Assembly_Recreation,,,,,,
31,Centralized,Public_Assembly_Recreation,,,,,,
32,0,Public_Assembly_Recreation,,,,,,
32,1,Public_Assembly_Recreation,,,,,,
32,2,Public_Assembly_Recreation,,,,,,
32,3,Public_Assembly_Recreation,,,,,,
32,4,Public_Assembly_Recreation,,,,,,
32,5,Public_Assembly_Recreation,,,,,,
32,Aggregated,Public_Assembly_Recreation,,,,,,
32,Centralized,Public_Assembly_Recreation,,,,,,
33,0,Public_Assembly_Recreation,,,,,,
33,1,Public_Assembly_Recreation,,,,,,
33,2,Public_Assembly_Recreation,,,,,,
33,3,Public_Assembly_Recreation,,,,,,
33,4,Public_Assembly_Recreation,,,,,,
33,5,Public_Assembly_Recreation,,,,,,
33,Aggregated,Public_Assembly_Recreation,,,,,,
33,Centralized,Public_Assembly_Recreation,,,,,,
34,0,Public_Assembly_Recreation,,,,,,
34,1,Public_Assembly_Recreation,,,,,,
34,2,Public_Assembly_Recreation,,,,,,
34,3,Public_Assembly_Recreation,,,,,,
34,4,Public_Assembly_Recreation,,,,,,
34,5,Public_Assembly_Recreation,,,,,,
34,Aggregated,Public_Assembly_Recreation,,,,,,
34,Centralized,Public_Assembly_Recreation,,,,,,
35,0,Public_Assembly_Recreation,,,,,,
35,1,Public_Assembly_Recreation,,,,,,
35,2,Public_Assembly_Recreation,,,,,,
35,3,Public_Assembly_Recreation,,,,,,
35,4,Public_Assembly_Recreation,,,,,,
35,5,Public_Assembly_Recreation,,,,,,
35,Aggregated,Public_Assembly_Recreation,,,,,,
35,Centralized,Public_Assembly_Recreation,,,,,,
36,0,Public_Assembly_Recreation,,,,,,
36,1,Public_Assembly_Recreation,,,,,,
36,2,Public_Assembly_Recreation,,,,,,
36,3,Public_Assembly_Recreation,,,,,,
36,4,Public_Assembly_Recreation,,,,,,
36,5,Public_Assembly_Recreation,,,,,,
36,Aggregated,Public_Assembly_Recreation,,,,,,
36,Centralized,Public_Assembly_Recreation,,,,,,
37,0,Public_Assembly_Recreation,,,,,,
37,1,Public_Assembly_Recreation,,,,,,
37,2,Public_Assembly_Recreation,,,,,,
37,3,Public_Assembly_Recreation,,,,,,
37,4,Public_Assembly_Recreation,,,,,,
37,5,Public_Assembly_Recreation,,,,,,
37,Aggregated,Public_Assembly_Recreation,,,,,,
37,Centralized,Public_Assembly_Recreation,,,,,,
38,0,Public_Assembly_Recreation,,,,,,
38,1,Public_Assembly_Recreation,,,,,,
38,2,Public_Assembly_Recreation,,,,,,
38,3,Public_Assembly_Recreation,,,,,,
38,4,Public_Assembly_Recreation,,,,,,
38,5,Public_Assembly_Recreation,,,,,,
38,Aggregated,Public_Assembly_Recreation,,,,,,
38,Centralized,Public_Assembly_Recreation,,,,,,
39,0,Public_Assembly_Recreation,,,,,,
39,1,Public_Assembly_Recreation,,,,,,
39,2,Public_Assembly_Recreation,,,,,,
39,3,Public_Assembly_Recreation,,,,,,
39,4,Public_Assembly_Recreation,,,,,,
39,5,Public_Assembly_Recreation,,,,,,
39,Aggregated,Public_Assembly_Recreation,,,,,,
39,Centralized,Public_Assembly_Recreation,,,,,,
40,0,Public_Assembly_Recreation,,,,,,
40,1,Public_Assembly_Recreation,,,,,,
40,2,Public_Assembly_Recreation,,,,,,
40,3,Public_Assembly_Recreation,,,,,,
40,4,Public_Assembly_Recreation,,,,,,
40,5,Public_Assembly_Recreation,,,,,,
40,Aggregated,Public_Assembly_Recreation,,,,,,
40,Centralized,Public_Assembly_Recreation,,,,,,
41,0,Public_Assembly_Recreation,,,,,,
41,1,Public_Assembly_Recreation,,,,,,
41,2,Public_Assembly_Recreation,,,,,,
41,3,Public_Assembly_Recreation,,,,,,
41,4,Public_Assembly_Recreation,,,,,,
41,5,Public_Assembly_Recreation,,,,,,
41,Aggregated,Public_Assembly_Recreation,,,,,,
41,Centralized,Public_Assembly_Recreation,,,,,,
42,0,Public_Assembly_Recreation,,,,,,
42,1,Public_Assembly_Recreation,,,,,,
42,2,Public_Assembly_Recreation,,,,,,
42,3,Public_Assembly_Recreation,,,,,,
42,4,Public_Assembly_Recreation,,,,,,
42,5,Public_Assembly_Recreation,,,,,,
42,Aggregated,Public_Assembly_Recreation,,,,,,
42,Centralized,Public_Assembly_Recreation,,,,,,
43,0,Public_Assembly_Recreation,,,,,,
43,1,Public_Assembly_Recreation,,,,,,
43,2,Public_Assembly_Recreation,,,,,,
43,3,Public_Assembly_Recreation,,,,,,
43,4,Public_Assembly_Recreation,,,,,,
43,5,Public_Assembly_Recreation,,,,,,
43,Aggregated,Public_Assembly_Recreation,,,,,,
43,Centralized,Public_Assembly_Recreation,,,,,,
44,0,Public_Assembly_Recreation,,,,,,
44,1,Public_Assembly_Recreation,,,,,,
44,2,Public_Assembly_Recreation,,,,,,
44,3,Public_Assembly_Recreation,,,,,,
44,4,Public_Assembly_Recreation,,,,,,
44,5,Public_Assembly_Recreation,,,,,,
44,Aggregated,Public_Assembly_Recreation,,,,,,
44,Centralized,Public_Assembly_Recreation,,,,,,
45,0,Public_Assembly_Recreation,,,,,,
45,1,Public_Assembly_Recreation,,,,,,
45,2,Public_Assembly_Recreation,,,,,,
45,3,Public_Assembly_Recreation,,,,,,
45,4,Public_Assembly_Recreation,,,,,,
45,5,Public_Assembly_Recreation,,,,,,
45,Aggregated,Public_Assembly_Recreation,,,,,,
45,Centralized,Public_Assembly_Recreation,,,,,,
46,0,Public_Assembly_Recreation,,,,,,
46,1,Public_Assembly_Recreation,,,,,,
46,2,Public_Assembly_Recreation,,,,,,
46,3,Public_Assembly_Recreation,,,,,,
46,4,Public_Assembly_Recreation,,,,,,
46,5,Public_Assembly_Recreation,,,,,,
46,Aggregated,Public_Assembly_Recreation,,,,,,
46,Centralized,Public_Assembly_Recreation,,,,,,
47,0,Public_Assembly_Recreation,,,,,,
47,1,Public_Assembly_Recreation,,,,,,
47,2,Public_Assembly_Recreation,,,,,,
47,3,Public_Assembly_Recreation,,,,,,
47,4,Public_Assembly_Recreation,,,,,,
47,5,Public_Assembly_Recreation,,,,,,
47,Aggregated,Public_Assembly_Recreation,,,,,,
47,Centralized,Public_Assembly_Recreation,,,,,,
48,0,Public_Assembly_Recreation,,,,,,
48,1,Public_Assembly_Recreation,,,,,,
48,2,Public_Assembly_Recreation,,,,,,
48,3,Public_Assembly_Recreation,,,,,,
48,4,Public_Assembly_Recreation,,,,,,
48,5,Public_Assembly_Recreation,,,,,,
48,Aggregated,Public_Assembly_Recreation,,,,,,
48,Centralized,Public_Assembly_Recreation,,,,,,
49,0,Public_Assembly_Recreation,,,,,,
49,1,Public_Assembly_Recreation,,,,,,
49,2,Public_Assembly_Recreation,,,,,,
49,3,Public_Assembly_Recreation,,,,,,
49,4,Public_Assembly_Recreation,,,,,,
49,5,Public_Assembly_Recreation,,,,,,
49,Aggregated,Public_Assembly_Recreation,,,,,,
49,Centralized,Public_Assembly_Recreation,,,,,,
50,0,Public_Assembly_Recreation,,,,,,
50,1,Public_Assembly_Recreation,,,,,,
50,2,Public_Assembly_Recreation,,,,,,
50,3,Public_Assembly_Recreation,,,,,,
50,4,Public_Assembly_Recreation,,,,,,
50,5,Public_Assembly_Recreation,,,,,,
50,Aggregated,Public_Assembly_Recreation,,,,,,
50,Centralized,Public_Assembly_Recreation,,,,,,
0,0,Office_Medical_non_diagnostic,,,,,,
0,1,Office_Medical_non_diagnostic,,,,,,
0,2,Office_Medical_non_diagnostic,,,,,,
0,3,Office_Medical_non_diagnostic,,,,,,
0,4,Office_Medical_non_diagnostic,,,,,,
0,5,Office_Medical_non_diagnostic,,,,,,
0,Aggregated,Office_Medical_non_diagnostic,,,,,,
0,Centralized,Office_Medical_non_diagnostic,,,,,,
1,0,Office_Medical_non_diagnostic,,,,,,
1,1,Office_Medical_non_diagnostic,,,,,,
1,2,Office_Medical_non_diagnostic,,,,,,
1,3,Office_Medical_non_diagnostic,,,,,,
1,4,Office_Medical_non_diagnostic,,,,,,
1,5,Office_Medical_non_diagnostic,,,,,,
1,Aggregated,Office_Medical_non_diagnostic,,,,,,
1,Centralized,Office_Medical_non_diagnostic,,,,,,
2,0,Office_Medical_non_diagnostic,,,,,,
2,1,Office_Medical_non_diagnostic,,,,,,
2,2,Office_Medical_non_diagnostic,,,,,,
2,3,Office_Medical_non_diagnostic,,,,,,
2,4,Office_Medical_non_diagnostic,,,,,,
2,5,Office_Medical_non_diagnostic,,,,,,
2,Aggregated,Office_Medical_non_diagnostic,,,,,,
2,Centralized,Office_Medical_non_diagnostic,,,,,,
3,0,Office_Medical_non_diagnostic,,,,,,
3,1,Office_Medical_non_diagnostic,,,,,,
3,2,Office_Medical_non_diagnostic,,,,,,
3,3,Office_Medical_non_diagnostic,,,,,,
3,4,Office_Medical_non_diagnostic,,,,,,
3,5,Office_Medical_non_diagnostic,,,,,,
3,Aggregated,Office_Medical_non_diagnostic,,,,,,
3,Centralized,Office_Medical_non_diagnostic,,,,,,
4,0,Office_Medical_non_diagnostic,,,,,,
4,1,Office_Medical_non_diagnostic,,,,,,
4,2,Office_Medical_non_diagnostic,,,,,,
4,3,Office_Medical_non_diagnostic,,,,,,
4,4,Office_Medical_non_diagnostic,,,,,,
4,5,Office_Medical_non_diagnostic,,,,,,
4,Aggregated,Office_Medical_non_diagnostic,,,,,,
4,Centralized,Office_Medical_non_diagnostic,,,,,,
5,0,Office_Medical_non_diagnostic,,,,,,
5,1,Office_Medical_non_diagnostic,,,,,,
5,2,Office_Medical_non_diagnostic,,,,,,
5,3,Office_Medical_non_diagnostic,,,,,,
5,4,Office_Medical_non_diagnostic,,,,,,
5,5,Office_Medical_non_diagnostic,,,,,,
5,Aggregated,Office_Medical_non_diagnostic,,,,,,
5,Centralized,Office_Medical_non_diagnostic,,,,,,
6,0,Office_Medical_non_diagnostic,,,,,,
6,1,Office_Medical_non_diagnostic,,,,,,
6,2,Office_Medical_non_diagnostic,,,,,,
6,3,Office_Medical_non_diagnostic,,,,,,
6,4,Office_Medical_non_diagnostic,,,,,,
6,5,Office_Medical_non_diagnostic,,,,,,
6,Aggregated,Office_Medical_non_diagnostic,,,,,,
6,Centralized,Office_Medical_non_diagnostic,,,,,,
7,0,Office_Medical_non_diagnostic,,,,,,
7,1,Office_Medical_non_diagnostic,,,,,,
7,2,Office_Medical_non_diagnostic,,,,,,
7,3,Office_Medical_non_diagnostic,,,,,,
7,4,Office_Medical_non_diagnostic,,,,,,
7,5,Office_Medical_non_diagnostic,,,,,,
7,Aggregated,Office_Medical_non_diagnostic,,,,,,
7,Centralized,Office_Medical_non_diagnostic,,,,,,
8,0,Office_Medical_non_diagnostic,,,,,,
8,1,Office_Medical_non_diagnostic,,,,,,
8,2,Office_Medical_non_diagnostic,,,,,,
8,3,Office_Medical_non_diagnostic,,,,,,
8,4,Office_Medical_non_diagnostic,,,,,,
8,5,Office_Medical_non_diagnostic,,,,,,
8,Aggregated,Office_Medical_non_diagnostic,,,,,,
8,Centralized,Office_Medical_non_diagnostic,,,,,,
9,0,Office_Medical_non_diagnostic,,,,,,
9,1,Office_Medical_non_diagnostic,,,,,,
9,2,Office_Medical_non_diagnostic,,,,,,
9,3,Office_Medical_non_diagnostic,,,,,,
9,4,Office_Medical_non_diagnostic,,,,,,
9,5,Office_Medical_non_diagnostic,,,,,,
9,Aggregated,Office_Medical_non_diagnostic,,,,,,
9,Centralized,Office_Medical_non_diagnostic,,,,,,
10,0,Office_Medical_non_diagnostic,,,,,,
10,1,Office_Medical_non_diagnostic,,,,,,
10,2,Office_Medical_non_diagnostic,,,,,,
10,3,Office_Medical_non_diagnostic,,,,,,
10,4,Office_Medical_non_diagnostic,,,,,,
10,5,Office_Medical_non_diagnostic,,,,,,
10,Aggregated,Office_Medical_non_diagnostic,,,,,,
10,Centralized,Office_Medical_non_diagnostic,,,,,,
11,0,Office_Medical_non_diagnostic,,,,,,
11,1,Office_Medical_non_diagnostic,,,,,,
11,2,Office_Medical_non_diagnostic,,,,,,
11,3,Office_Medical_non_diagnostic,,,,,,
11,4,Office_Medical_non_diagnostic,,,,,,
11,5,Office_Medical_non_diagnostic,,,,,,
11,Aggregated,Office_Medical_non_diagnostic,,,,,,
11,Centralized,Office_Medical_non_diagnostic,,,,,,
12,0,Office_Medical_non_diagnostic,,,,,,
12,1,Office_Medical_non_diagnostic,,,,,,
12,2,Office_Medical_non_diagnostic,,,,,,
12,3,Office_Medical_non_diagnostic,,,,,,
12,4,Office_Medical_non_diagnostic,,,,,,
12,5,Office_Medical_non_diagnostic,,,,,,
12,Aggregated,Office_Medical_non_diagnostic,,,,,,
12,Centralized,Office_Medical_non_diagnostic,,,,,,
13,0,Office_Medical_non_diagnostic,,,,,,
13,1,Office_Medical_non_diagnostic,,,,,,
13,2,Office_Medical_non_diagnostic,,,,,,
13,3,Office_Medical_non_diagnostic,,,,,,
13,4,Office_Medical_non_diagnostic,,,,,,
13,5,Office_Medical_non_diagnostic,,,,,,
13,Aggregated,Office_Medical_non_diagnostic,,,,,,
13,Centralized,Office_Medical_non_diagnostic,,,,,,
14,0,Office_Medical_non_diagnostic,,,,,,
14,1,Office_Medical_non_diagnostic,,,,,,
14,2,Office_Medical_non_diagnostic,,,,,,
14,3,Office_Medical_non_diagnostic,,,,,,
14,4,Office_Medical_non_diagnostic,,,,,,
14,5,Office_Medical_non_diagnostic,,,,,,
14,Aggregated,Office_Medical_non_diagnostic,,,,,,
14,Centralized,Office_Medical_non_diagnostic,,,,,,
15,0,Office_Medical_non_diagnostic,,,,,,
15,1,Office_Medical_non_diagnostic,,,,,,
15,2,Office_Medical_non_diagnostic,,,,,,
15,3,Office_Medical_non_diagnostic,,,,,,
15,4,Office_Medical_non_diagnostic,,,,,,
15,5,Office_Medical_non_diagnostic,,,,,,
15,Aggregated,Office_Medical_non_diagnostic,,,,,,
15,Centralized,Office_Medical_non_diagnostic,,,,,,
16,0,Office_Medical_non_diagnostic,,,,,,
16,1,Office_Medical_non_diagnostic,,,,,,
16,2,Office_Medical_non_diagnostic,,,,,,
16,3,Office_Medical_non_diagnostic,,,,,,
16,4,Office_Medical_non_diagnostic,,,,,,
16,5,Office_Medical_non_diagnostic,,,,,,
16,Aggregated,Office_Medical_non_diagnostic,,,,,,
16,Centralized,Office_Medical_non_diagnostic,,,,,,
17,0,Office_Medical_non_diagnostic,,,,,,
17,1,Office_Medical_non_diagnostic,,,,,,
17,2,Office_Medical_non_diagnostic,,,,,,
17,3,Office_Medical_non_diagnostic,,,,,,
17,4,Office_Medical_non_diagnostic,,,,,,
17,5,Office_Medical_non_diagnostic,,,,,,
17,Aggregated,Office_Medical_non_diagnostic,,,,,,
17,Centralized,Office_Medical_non_diagnostic,,,,,,
18,0,Office_Medical_non_diagnostic,,,,,,
18,1,Office_Medical_non_diagnostic,,,,,,
18,2,Office_Medical_non_diagnostic,,,,,,
18,3,Office_Medical_non_diagnostic,,,,,,
18,4,Office_Medical_non_diagnostic,,,,,,
18,5,Office_Medical_non_diagnostic,,,,,,
18,Aggregated,Office_Medical_non_diagnostic,,,,,,
18,Centralized,Office_Medical_non_diagnostic,,,,,,
19,0,Office_Medical_non_diagnostic,,,,,,
19,1,Office_Medical_non_diagnostic,,,,,,
19,2,Office_Medical_non_diagnostic,,,,,,
19,3,Office_Medical_non_diagnostic,,,,,,
19,4,Office_Medical_non_diagnostic,,,,,,
19,5,Office_Medical_non_diagnostic,,,,,,
19,Aggregated,Office_Medical_non_diagnostic,,,,,,
19,Centralized,Office_Medical_non_diagnostic,,,,,,
20,0,Office_Medical_non_diagnostic,,,,,,
20,1,Office_Medical_non_diagnostic,,,,,,
20,2,Office_Medical_non_diagnostic,,,,,,
20,3,Office_Medical_non_diagnostic,,,,,,
20,4,Office_Medical_non_diagnostic,,,,,,
20,5,Office_Medical_non_diagnostic,,,,,,
20,Aggregated,Office_Medical_non_diagnostic,,,,,,
20,Centralized,Office_Medical_non_diagnostic,,,,,,
21,0,Office_Medical_non_diagnostic,,,,,,
21,1,Office_Medical_non_diagnostic,,,,,,
21,2,Office_Medical_non_diagnostic,,,,,,
21,3,Office_Medical_non_diagnostic,,,,,,
21,4,Office_Medical_non_diagnostic,,,,,,
21,5,Office_Medical_non_diagnostic,,,,,,
21,Aggregated,Office_Medical_non_diagnostic,,,,,,
21,Centralized,Office_Medical_non_diagnostic,,,,,,
22,0,Office_Medical_non_diagnostic,,,,,,
22,1,Office_Medical_non_diagnostic,,,,,,
22,2,Office_Medical_non_diagnostic,,,,,,
22,3,Office_Medical_non_diagnostic,,,,,,
22,4,Office_Medical_non_diagnostic,,,,,,
22,5,Office_Medical_non_diagnostic,,,,,,
22,Aggregated,Office_Medical_non_diagnostic,,,,,,
22,Centralized,Office_Medical_non_diagnostic,,,,,,
23,0,Office_Medical_non_diagnostic,,,,,,
23,1,Office_Medical_non_diagnostic,,,,,,
23,2,Office_Medical_non_diagnostic,,,,,,
23,3,Office_Medical_non_diagnostic,,,,,,
23,4,Office_Medical_non_diagnostic,,,,,,
23,5,Office_Medical_non_diagnostic,,,,,,
23,Aggregated,Office_Medical_non_diagnostic,,,,,,
23,Centralized,Office_Medical_non_diagnostic,,,,,,
24,0,Office_Medical_non_diagnostic,,,,,,
24,1,Office_Medical_non_diagnostic,,,,,,
24,2,Office_Medical_non_diagnostic,,,,,,
24,3,Office_Medical_non_diagnostic,,,,,,
24,4,Office_Medical_non_diagnostic,,,,,,
24,5,Office_Medical_non_diagnostic,,,,,,
24,Aggregated,Office_Medical_non_diagnostic,,,,,,
24,Centralized,Office_Medical_non_diagnostic,,,,,,
25,0,Office_Medical_non_diagnostic,,,,,,
25,1,Office_Medical_non_diagnostic,,,,,,
25,2,Office_Medical_non_diagnostic,,,,,,
25,3,Office_Medical_non_diagnostic,,,,,,
25,4,Office_Medical_non_diagnostic,,,,,,
25,5,Office_Medical_non_diagnostic,,,,,,
25,Aggregated,Office_Medical_non_diagnostic,,,,,,
25,Centralized,Office_Medical_non_diagnostic,,,,,,
26,0,Office_Medical_non_diagnostic,,,,,,
26,1,Office_Medical_non_diagnostic,,,,,,
26,2,Office_Medical_non_diagnostic,,,,,,
26,3,Office_Medical_non_diagnostic,,,,,,
26,4,Office_Medical_non_diagnostic,,,,,,
26,5,Office_Medical_non_diagnostic,,,,,,
26,Aggregated,Office_Medical_non_diagnostic,,,,,,
26,Centralized,Office_Medical_non_diagnostic,,,,,,
27,0,Office_Medical_non_diagnostic,,,,,,
27,1,Office_Medical_non_diagnostic,,,,,,
27,2,Office_Medical_non_diagnostic,,,,,,
27,3,Office_Medical_non_diagnostic,,,,,,
27,4,Office_Medical_non_diagnostic,,,,,,
27,5,Office_Medical_non_diagnostic,,,,,,
27,Aggregated,Office_Medical_non_diagnostic,,,,,,
27,Centralized,Office_Medical_non_diagnostic,,,,,,
28,0,Office_Medical_non_diagnostic,,,,,,
28,1,Office_Medical_non_diagnostic,,,,,,
28,2,Office_Medical_non_diagnostic,,,,,,
28,3,Office_Medical_non_diagnostic,,,,,,
28,4,Office_Medical_non_diagnostic,,,,,,
28,5,Office_Medical_non_diagnostic,,,,,,
28,Aggregated,Office_Medical_non_diagnostic,,,,,,
28,Centralized,Office_Medical_non_diagnostic,,,,,,
29,0,Office_Medical_non_diagnostic,,,,,,
29,1,Office_Medical_non_diagnostic,,,,,,
29,2,Office_Medical_non_diagnostic,,,,,,
29,3,Office_Medical_non_diagnostic,,,,,,
29,4,Office_Medical_non_diagnostic,,,,,,
29,5,Office_Medical_non_diagnostic,,,,,,
29,Aggregated,Office_Medical_non_diagnostic,,,,,,
29,Centralized,Office_Medical_non_diagnostic,,,,,,
30,0,Office_Medical_non_diagnostic,,,,,,
30,1,Office_Medical_non_diagnostic,,,,,,
30,2,Office_Medical_non_diagnostic,,,,,,
30,3,Office_Medical_non_diagnostic,,,,,,
30,4,Office_Medical_non_diagnostic,,,,,,
30,5,Office_Medical_non_diagnostic,,,,,,
30,Aggregated,Office_Medical_non_diagnostic,,,,,,
30,Centralized,Office_Medical_non_diagnostic,,,,,,
31,0,Office_Medical_non_diagnostic,,,,,,
31,1,Office_Medical_non_diagnostic,,,,,,
31,2,Office_Medical_non_diagnostic,,,,,,
31,3,Office_Medical_non_diagnostic,,,,,,
31,4,Office_Medical_non_diagnostic,,,,,,
31,5,Office_Medical_non_diagnostic,,,,,,
31,Aggregated,Office_Medical_non_diagnostic,,,,,,
31,Centralized,Office_Medical_non_diagnostic,,,,,,
32,0,Office_Medical_non_diagnostic,,,,,,
32,1,Office_Medical_non_diagnostic,,,,,,
32,2,Office_Medical_non_diagnostic,,,,,,
32,3,Office_Medical_non_diagnostic,,,,,,
32,4,Office_Medical_non_diagnostic,,,,,,
32,5,Office_Medical_non_diagnostic,,,,,,
32,Aggregated,Office_Medical_non_diagnostic,,,,,,
32,Centralized,Office_Medical_non_diagnostic,,,,,,
33,0,Office_Medical_non_diagnostic,,,,,,
33,1,Office_Medical_non_diagnostic,,,,,,
33,2,Office_Medical_non_diagnostic,,,,,,
33,3,Office_Medical_non_diagnostic,,,,,,
33,4,Office_Medical_non_diagnostic,,,,,,
33,5,Office_Medical_non_diagnostic,,,,,,
33,Aggregated,Office_Medical_non_diagnostic,,,,,,
33,Centralized,Office_Medical_non_diagnostic,,,,,,
34,0,Office_Medical_non_diagnostic,,,,,,
34,1,Office_Medical_non_diagnostic,,,,,,
34,2,Office_Medical_non_diagnostic,,,,,,
34,3,Office_Medical_non_diagnostic,,,,,,
34,4,Office_Medical_non_diagnostic,,,,,,
34,5,Office_Medical_non_diagnostic,,,,,,
34,Aggregated,Office_Medical_non_diagnostic,,,,,,
34,Centralized,Office_Medical_non_diagnostic,,,,,,
35,0,Office_Medical_non_diagnostic,,,,,,
35,1,Office_Medical_non_diagnostic,,,,,,
35,2,Office_Medical_non_diagnostic,,,,,,
35,3,Office_Medical_non_diagnostic,,,,,,
35,4,Office_Medical_non_diagnostic,,,,,,
35,5,Office_Medical_non_diagnostic,,,,,,
35,Aggregated,Office_Medical_non_diagnostic,,,,,,
35,Centralized,Office_Medical_non_diagnostic,,,,,,
36,0,Office_Medical_non_diagnostic,,,,,,
36,1,Office_Medical_non_diagnostic,,,,,,
36,2,Office_Medical_non_diagnostic,,,,,,
36,3,Office_Medical_non_diagnostic,,,,,,
36,4,Office_Medical_non_diagnostic,,,,,,
36,5,Office_Medical_non_diagnostic,,,,,,
36,Aggregated,Office_Medical_non_diagnostic,,,,,,
36,Centralized,Office_Medical_non_diagnostic,,,,,,
37,0,Office_Medical_non_diagnostic,,,,,,
37,1,Office_Medical_non_diagnostic,,,,,,
37,2,Office_Medical_non_diagnostic,,,,,,
37,3,Office_Medical_non_diagnostic,,,,,,
37,4,Office_Medical_non_diagnostic,,,,,,
37,5,Office_Medical_non_diagnostic,,,,,,
37,Aggregated,Office_Medical_non_diagnostic,,,,,,
37,Centralized,Office_Medical_non_diagnostic,,,,,,
38,0,Office_Medical_non_diagnostic,,,,,,
38,1,Office_Medical_non_diagnostic,,,,,,
38,2,Office_Medical_non_diagnostic,,,,,,
38,3,Office_Medical_non_diagnostic,,,,,,
38,4,Office_Medical_non_diagnostic,,,,,,
38,5,Office_Medical_non_diagnostic,,,,,,
38,Aggregated,Office_Medical_non_diagnostic,,,,,,
38,Centralized,Office_Medical_non_diagnostic,,,,,,
39,0,Office_Medical_non_diagnostic,,,,,,
39,1,Office_Medical_non_diagnostic,,,,,,
39,2,Office_Medical_non_diagnostic,,,,,,
39,3,Office_Medical_non_diagnostic,,,,,,
39,4,Office_Medical_non_diagnostic,,,,,,
39,5,Office_Medical_non_diagnostic,,,,,,
39,Aggregated,Office_Medical_non_diagnostic,,,,,,
39,Centralized,Office_Medical_non_diagnostic,,,,,,
40,0,Office_Medical_non_diagnostic,,,,,,
40,1,Office_Medical_non_diagnostic,,,,,,
40,2,Office_Medical_non_diagnostic,,,,,,
40,3,Office_Medical_non_diagnostic,,,,,,
40,4,Office_Medical_non_diagnostic,,,,,,
40,5,Office_Medical_non_diagnostic,,,,,,
40,Aggregated,Office_Medical_non_diagnostic,,,,,,
40,Centralized,Office_Medical_non_diagnostic,,,,,,
41,0,Office_Medical_non_diagnostic,,,,,,
41,1,Office_Medical_non_diagnostic,,,,,,
41,2,Office_Medical_non_diagnostic,,,,,,
41,3,Office_Medical_non_diagnostic,,,,,,
41,4,Office_Medical_non_diagnostic,,,,,,
41,5,Office_Medical_non_diagnostic,,,,,,
41,Aggregated,Office_Medical_non_diagnostic,,,,,,
41,Centralized,Office_Medical_non_diagnostic,,,,,,
42,0,Office_Medical_non_diagnostic,,,,,,
42,1,Office_Medical_non_diagnostic,,,,,,
42,2,Office_Medical_non_diagnostic,,,,,,
42,3,Office_Medical_non_diagnostic,,,,,,
42,4,Office_Medical_non_diagnostic,,,,,,
42,5,Office_Medical_non_diagnostic,,,,,,
42,Aggregated,Office_Medical_non_diagnostic,,,,,,
42,Centralized,Office_Medical_non_diagnostic,,,,,,
43,0,Office_Medical_non_diagnostic,,,,,,
43,1,Office_Medical_non_diagnostic,,,,,,
43,2,Office_Medical_non_diagnostic,,,,,,
43,3,Office_Medical_non_diagnostic,,,,,,
43,4,Office_Medical_non_diagnostic,,,,,,
43,5,Office_Medical_non_diagnostic,,,,,,
43,Aggregated,Office_Medical_non_diagnostic,,,,,,
43,Centralized,Office_Medical_non_diagnostic,,,,,,
44,0,Office_Medical_non_diagnostic,,,,,,
44,1,Office_Medical_non_diagnostic,,,,,,
44,2,Office_Medical_non_diagnostic,,,,,,
44,3,Office_Medical_non_diagnostic,,,,,,
44,4,Office_Medical_non_diagnostic,,,,,,
44,5,Office_Medical_non_diagnostic,,,,,,
44,Aggregated,Office_Medical_non_diagnostic,,,,,,
44,Centralized,Office_Medical_non_diagnostic,,,,,,
45,0,Office_Medical_non_diagnostic,,,,,,
45,1,Office_Medical_non_diagnostic,,,,,,
45,2,Office_Medical_non_diagnostic,,,,,,
45,3,Office_Medical_non_diagnostic,,,,,,
45,4,Office_Medical_non_diagnostic,,,,,,
45,5,Office_Medical_non_diagnostic,,,,,,
45,Aggregated,Office_Medical_non_diagnostic,,,,,,
45,Centralized,Office_Medical_non_diagnostic,,,,,,
46,0,Office_Medical_non_diagnostic,,,,,,
46,1,Office_Medical_non_diagnostic,,,,,,
46,2,Office_Medical_non_diagnostic,,,,,,
46,3,Office_Medical_non_diagnostic,,,,,,
46,4,Office_Medical_non_diagnostic,,,,,,
46,5,Office_Medical_non_diagnostic,,,,,,
46,Aggregated,Office_Medical_non_diagnostic,,,,,,
46,Centralized,Office_Medical_non_diagnostic,,,,,,
47,0,Office_Medical_non_diagnostic,,,,,,
47,1,Office_Medical_non_diagnostic,,,,,,
47,2,Office_Medical_non_diagnostic,,,,,,
47,3,Office_Medical_non_diagnostic,,,,,,
47,4,Office_Medical_non_diagnostic,,,,,,
47,5,Office_Medical_non_diagnostic,,,,,,
47,Aggregated,Office_Medical_non_diagnostic,,,,,,
47,Centralized,Office_Medical_non_diagnostic,,,,,,
48,0,Office_Medical_non_diagnostic,,,,,,
48,1,Office_Medical_non_diagnostic,,,,,,
48,2,Office_Medical_non_diagnostic,,,,,,
48,3,Office_Medical_non_diagnostic,,,,,,
48,4,Office_Medical_non_diagnostic,,,,,,
48,5,Office_Medical_non_diagnostic,,,,,,
48,Aggregated,Office_Medical_non_diagnostic,,,,,,
48,Centralized,Office_Medical_non_diagnostic,,,,,,
49,0,Office_Medical_non_diagnostic,,,,,,
49,1,Office_Medical_non_diagnostic,,,,,,
49,2,Office_Medical_non_diagnostic,,,,,,
49,3,Office_Medical_non_diagnostic,,,,,,
49,4,Office_Medical_non_diagnostic,,,,,,
49,5,Office_Medical_non_diagnostic,,,,,,
49,Aggregated,Office_Medical_non_diagnostic,,,,,,
49,Centralized,Office_Medical_non_diagnostic,,,,,,
50,0,Office_Medical_non_diagnostic,,,,,,
50,1,Office_Medical_non_diagnostic,,,,,,
50,2,Office_Medical_non_diagnostic,,,,,,
50,3,Office_Medical_non_diagnostic,,,,,,
50,4,Office_Medical_non_diagnostic,,,,,,
50,5,Office_Medical_non_diagnostic,,,,,,
50,Aggregated,Office_Medical_non_diagnostic,,,,,,
50,Centralized,Office_Medical_non_diagnostic,,,,,,
0,0,Health_Care_Inpatient,,,,,,
0,1,Health_Care_Inpatient,,,,,,
0,2,Health_Care_Inpatient,,,,,,
0,3,Health_Care_Inpatient,,,,,,
0,4,Health_Care_Inpatient,,,,,,
0,5,Health_Care_Inpatient,,,,,,
0,Aggregated,Health_Care_Inpatient,,,,,,
0,Centralized,Health_Care_Inpatient,,,,,,
1,0,Health_Care_Inpatient,,,,,,
1,1,Health_Care_Inpatient,,,,,,
1,2,Health_Care_Inpatient,,,,,,
1,3,Health_Care_Inpatient,,,,,,
1,4,Health_Care_Inpatient,,,,,,
1,5,Health_Care_Inpatient,,,,,,
1,Aggregated,Health_Care_Inpatient,,,,,,
1,Centralized,Health_Care_Inpatient,,,,,,
2,0,Health_Care_Inpatient,,,,,,
2,1,Health_Care_Inpatient,,,,,,
2,2,Health_Care_Inpatient,,,,,,
2,3,Health_Care_Inpatient,,,,,,
2,4,Health_Care_Inpatient,,,,,,
2,5,Health_Care_Inpatient,,,,,,
2,Aggregated,Health_Care_Inpatient,,,,,,
2,Centralized,Health_Care_Inpatient,,,,,,
3,0,Health_Care_Inpatient,,,,,,
3,1,Health_Care_Inpatient,,,,,,
3,2,Health_Care_Inpatient,,,,,,
3,3,Health_Care_Inpatient,,,,,,
3,4,Health_Care_Inpatient,,,,,,
3,5,Health_Care_Inpatient,,,,,,
3,Aggregated,Health_Care_Inpatient,,,,,,
3,Centralized,Health_Care_Inpatient,,,,,,
4,0,Health_Care_Inpatient,,,,,,
4,1,Health_Care_Inpatient,,,,,,
4,2,Health_Care_Inpatient,,,,,,
4,3,Health_Care_Inpatient,,,,,,
4,4,Health_Care_Inpatient,,,,,,
4,5,Health_Care_Inpatient,,,,,,
4,Aggregated,Health_Care_Inpatient,,,,,,
4,Centralized,Health_Care_Inpatient,,,,,,
5,0,Health_Care_Inpatient,,,,,,
5,1,Health_Care_Inpatient,,,,,,
5,2,Health_Care_Inpatient,,,,,,
5,3,Health_Care_Inpatient,,,,,,
5,4,Health_Care_Inpatient,,,,,,
5,5,Health_Care_Inpatient,,,,,,
5,Aggregated,Health_Care_Inpatient,,,,,,
5,Centralized,Health_Care_Inpatient,,,,,,
6,0,Health_Care_Inpatient,,,,,,
6,1,Health_Care_Inpatient,,,,,,
6,2,Health_Care_Inpatient,,,,,,
6,3,Health_Care_Inpatient,,,,,,
6,4,Health_Care_Inpatient,,,,,,
6,5,Health_Care_Inpatient,,,,,,
6,Aggregated,Health_Care_Inpatient,,,,,,
6,Centralized,Health_Care_Inpatient,,,,,,
7,0,Health_Care_Inpatient,,,,,,
7,1,Health_Care_Inpatient,,,,,,
7,2,Health_Care_Inpatient,,,,,,
7,3,Health_Care_Inpatient,,,,,,
7,4,Health_Care_Inpatient,,,,,,
7,5,Health_Care_Inpatient,,,,,,
7,Aggregated,Health_Care_Inpatient,,,,,,
7,Centralized,Health_Care_Inpatient,,,,,,
8,0,Health_Care_Inpatient,,,,,,
8,1,Health_Care_Inpatient,,,,,,
8,2,Health_Care_Inpatient,,,,,,
8,3,Health_Care_Inpatient,,,,,,
8,4,Health_Care_Inpatient,,,,,,
8,5,Health_Care_Inpatient,,,,,,
8,Aggregated,Health_Care_Inpatient,,,,,,
8,Centralized,Health_Care_Inpatient,,,,,,
9,0,Health_Care_Inpatient,,,,,,
9,1,Health_Care_Inpatient,,,,,,
9,2,Health_Care_Inpatient,,,,,,
9,3,Health_Care_Inpatient,,,,,,
9,4,Health_Care_Inpatient,,,,,,
9,5,Health_Care_Inpatient,,,,,,
9,Aggregated,Health_Care_Inpatient,,,,,,
9,Centralized,Health_Care_Inpatient,,,,,,
10,0,Health_Care_Inpatient,,,,,,
10,1,Health_Care_Inpatient,,,,,,
10,2,Health_Care_Inpatient,,,,,,
10,3,Health_Care_Inpatient,,,,,,
10,4,Health_Care_Inpatient,,,,,,
10,5,Health_Care_Inpatient,,,,,,
10,Aggregated,Health_Care_Inpatient,,,,,,
10,Centralized,Health_Care_Inpatient,,,,,,
11,0,Health_Care_Inpatient,,,,,,
11,1,Health_Care_Inpatient,,,,,,
11,2,Health_Care_Inpatient,,,,,,
11,3,Health_Care_Inpatient,,,,,,
11,4,Health_Care_Inpatient,,,,,,
11,5,Health_Care_Inpatient,,,,,,
11,Aggregated,Health_Care_Inpatient,,,,,,
11,Centralized,Health_Care_Inpatient,,,,,,
12,0,Health_Care_Inpatient,,,,,,
12,1,Health_Care_Inpatient,,,,,,
12,2,Health_Care_Inpatient,,,,,,
12,3,Health_Care_Inpatient,,,,,,
12,4,Health_Care_Inpatient,,,,,,
12,5,Health_Care_Inpatient,,,,,,
12,Aggregated,Health_Care_Inpatient,,,,,,
12,Centralized,Health_Care_Inpatient,,,,,,
13,0,Health_Care_Inpatient,,,,,,
13,1,Health_Care_Inpatient,,,,,,
13,2,Health_Care_Inpatient,,,,,,
13,3,Health_Care_Inpatient,,,,,,
13,4,Health_Care_Inpatient,,,,,,
13,5,Health_Care_Inpatient,,,,,,
13,Aggregated,Health_Care_Inpatient,,,,,,
13,Centralized,Health_Care_Inpatient,,,,,,
14,0,Health_Care_Inpatient,,,,,,
14,1,Health_Care_Inpatient,,,,,,
14,2,Health_Care_Inpatient,,,,,,
14,3,Health_Care_Inpatient,,,,,,
14,4,Health_Care_Inpatient,,,,,,
14,5,Health_Care_Inpatient,,,,,,
14,Aggregated,Health_Care_Inpatient,,,,,,
14,Centralized,Health_Care_Inpatient,,,,,,
15,0,Health_Care_Inpatient,,,,,,
15,1,Health_Care_Inpatient,,,,,,
15,2,Health_Care_Inpatient,,,,,,
15,3,Health_Care_Inpatient,,,,,,
15,4,Health_Care_Inpatient,,,,,,
15,5,Health_Care_Inpatient,,,,,,
15,Aggregated,Health_Care_Inpatient,,,,,,
15,Centralized,Health_Care_Inpatient,,,,,,
16,0,Health_Care_Inpatient,,,,,,
16,1,Health_Care_Inpatient,,,,,,
16,2,Health_Care_Inpatient,,,,,,
16,3,Health_Care_Inpatient,,,,,,
16,4,Health_Care_Inpatient,,,,,,
16,5,Health_Care_Inpatient,,,,,,
16,Aggregated,Health_Care_Inpatient,,,,,,
16,Centralized,Health_Care_Inpatient,,,,,,
17,0,Health_Care_Inpatient,,,,,,
17,1,Health_Care_Inpatient,,,,,,
17,2,Health_Care_Inpatient,,,,,,
17,3,Health_Care_Inpatient,,,,,,
17,4,Health_Care_Inpatient,,,,,,
17,5,Health_Care_Inpatient,,,,,,
17,Aggregated,Health_Care_Inpatient,,,,,,
17,Centralized,Health_Care_Inpatient,,,,,,
18,0,Health_Care_Inpatient,,,,,,
18,1,Health_Care_Inpatient,,,,,,
18,2,Health_Care_Inpatient,,,,,,
18,3,Health_Care_Inpatient,,,,,,
18,4,Health_Care_Inpatient,,,,,,
18,5,Health_Care_Inpatient,,,,,,
18,Aggregated,Health_Care_Inpatient,,,,,,
18,Centralized,Health_Care_Inpatient,,,,,,
19,0,Health_Care_Inpatient,,,,,,
19,1,Health_Care_Inpatient,,,,,,
19,2,Health_Care_Inpatient,,,,,,
19,3,Health_Care_Inpatient,,,,,,
19,4,Health_Care_Inpatient,,,,,,
19,5,Health_Care_Inpatient,,,,,,
19,Aggregated,Health_Care_Inpatient,,,,,,
19,Centralized,Health_Care_Inpatient,,,,,,
20,0,Health_Care_Inpatient,,,,,,
20,1,Health_Care_Inpatient,,,,,,
20,2,Health_Care_Inpatient,,,,,,
20,3,Health_Care_Inpatient,,,,,,
20,4,Health_Care_Inpatient,,,,,,
20,5,Health_Care_Inpatient,,,,,,
20,Aggregated,Health_Care_Inpatient,,,,,,
20,Centralized,Health_Care_Inpatient,,,,,,
21,0,Health_Care_Inpatient,,,,,,
21,1,Health_Care_Inpatient,,,,,,
21,2,Health_Care_Inpatient,,,,,,
21,3,Health_Care_Inpatient,,,,,,
21,4,Health_Care_Inpatient,,,,,,
21,5,Health_Care_Inpatient,,,,,,
21,Aggregated,Health_Care_Inpatient,,,,,,
21,Centralized,Health_Care_Inpatient,,,,,,
22,0,Health_Care_Inpatient,,,,,,
22,1,Health_Care_Inpatient,,,,,,
22,2,Health_Care_Inpatient,,,,,,
22,3,Health_Care_Inpatient,,,,,,
22,4,Health_Care_Inpatient,,,,,,
22,5,Health_Care_Inpatient,,,,,,
22,Aggregated,Health_Care_Inpatient,,,,,,
22,Centralized,Health_Care_Inpatient,,,,,,
23,0,Health_Care_Inpatient,,,,,,
23,1,Health_Care_Inpatient,,,,,,
23,2,Health_Care_Inpatient,,,,,,
23,3,Health_Care_Inpatient,,,,,,
23,4,Health_Care_Inpatient,,,,,,
23,5,Health_Care_Inpatient,,,,,,
23,Aggregated,Health_Care_Inpatient,,,,,,
23,Centralized,Health_Care_Inpatient,,,,,,
24,0,Health_Care_Inpatient,,,,,,
24,1,Health_Care_Inpatient,,,,,,
24,2,Health_Care_Inpatient,,,,,,
24,3,Health_Care_Inpatient,,,,,,
24,4,Health_Care_Inpatient,,,,,,
24,5,Health_Care_Inpatient,,,,,,
24,Aggregated,Health_Care_Inpatient,,,,,,
24,Centralized,Health_Care_Inpatient,,,,,,
25,0,Health_Care_Inpatient,,,,,,
25,1,Health_Care_Inpatient,,,,,,
25,2,Health_Care_Inpatient,,,,,,
25,3,Health_Care_Inpatient,,,,,,
25,4,Health_Care_Inpatient,,,,,,
25,5,Health_Care_Inpatient,,,,,,
25,Aggregated,Health_Care_Inpatient,,,,,,
25,Centralized,Health_Care_Inpatient,,,,,,
26,0,Health_Care_Inpatient,,,,,,
26,1,Health_Care_Inpatient,,,,,,
26,2,Health_Care_Inpatient,,,,,,
26,3,Health_Care_Inpatient,,,,,,
26,4,Health_Care_Inpatient,,,,,,
26,5,Health_Care_Inpatient,,,,,,
26,Aggregated,Health_Care_Inpatient,,,,,,
26,Centralized,Health_Care_Inpatient,,,,,,
27,0,Health_Care_Inpatient,,,,,,
27,1,Health_Care_Inpatient,,,,,,
27,2,Health_Care_Inpatient,,,,,,
27,3,Health_Care_Inpatient,,,,,,
27,4,Health_Care_Inpatient,,,,,,
27,5,Health_Care_Inpatient,,,,,,
27,Aggregated,Health_Care_Inpatient,,,,,,
27,Centralized,Health_Care_Inpatient,,,,,,
28,0,Health_Care_Inpatient,,,,,,
28,1,Health_Care_Inpatient,,,,,,
28,2,Health_Care_Inpatient,,,,,,
28,3,Health_Care_Inpatient,,,,,,
28,4,Health_Care_Inpatient,,,,,,
28,5,Health_Care_Inpatient,,,,,,
28,Aggregated,Health_Care_Inpatient,,,,,,
28,Centralized,Health_Care_Inpatient,,,,,,
29,0,Health_Care_Inpatient,,,,,,
29,1,Health_Care_Inpatient,,,,,,
29,2,Health_Care_Inpatient,,,,,,
29,3,Health_Care_Inpatient,,,,,,
29,4,Health_Care_Inpatient,,,,,,
29,5,Health_Care_Inpatient,,,,,,
29,Aggregated,Health_Care_Inpatient,,,,,,
29,Centralized,Health_Care_Inpatient,,,,,,
30,0,Health_Care_Inpatient,,,,,,
30,1,Health_Care_Inpatient,,,,,,
30,2,Health_Care_Inpatient,,,,,,
30,3,Health_Care_Inpatient,,,,,,
30,4,Health_Care_Inpatient,,,,,,
30,5,Health_Care_Inpatient,,,,,,
30,Aggregated,Health_Care_Inpatient,,,,,,
30,Centralized,Health_Care_Inpatient,,,,,,
31,0,Health_Care_Inpatient,,,,,,
31,1,Health_Care_Inpatient,,,,,,
31,2,Health_Care_Inpatient,,,,,,
31,3,Health_Care_Inpatient,,,,,,
31,4,Health_Care_Inpatient,,,,,,
31,5,Health_Care_Inpatient,,,,,,
31,Aggregated,Health_Care_Inpatient,,,,,,
31,Centralized,Health_Care_Inpatient,,,,,,
32,0,Health_Care_Inpatient,,,,,,
32,1,Health_Care_Inpatient,,,,,,
32,2,Health_Care_Inpatient,,,,,,
32,3,Health_Care_Inpatient,,,,,,
32,4,Health_Care_Inpatient,,,,,,
32,5,Health_Care_Inpatient,,,,,,
32,Aggregated,Health_Care_Inpatient,,,,,,
32,Centralized,Health_Care_Inpatient,,,,,,
33,0,Health_Care_Inpatient,,,,,,
33,1,Health_Care_Inpatient,,,,,,
33,2,Health_Care_Inpatient,,,,,,
33,3,Health_Care_Inpatient,,,,,,
33,4,Health_Care_Inpatient,,,,,,
33,5,Health_Care_Inpatient,,,,,,
33,Aggregated,Health_Care_Inpatient,,,,,,
33,Centralized,Health_Care_Inpatient,,,,,,
34,0,Health_Care_Inpatient,,,,,,
34,1,Health_Care_Inpatient,,,,,,
34,2,Health_Care_Inpatient,,,,,,
34,3,Health_Care_Inpatient,,,,,,
34,4,Health_Care_Inpatient,,,,,,
34,5,Health_Care_Inpatient,,,,,,
34,Aggregated,Health_Care_Inpatient,,,,,,
34,Centralized,Health_Care_Inpatient,,,,,,
35,0,Health_Care_Inpatient,,,,,,
35,1,Health_Care_Inpatient,,,,,,
35,2,Health_Care_Inpatient,,,,,,
35,3,Health_Care_Inpatient,,,,,,
35,4,Health_Care_Inpatient,,,,,,
35,5,Health_Care_Inpatient,,,,,,
35,Aggregated,Health_Care_Inpatient,,,,,,
35,Centralized,Health_Care_Inpatient,,,,,,
36,0,Health_Care_Inpatient,,,,,,
36,1,Health_Care_Inpatient,,,,,,
36,2,Health_Care_Inpatient,,,,,,
36,3,Health_Care_Inpatient,,,,,,
36,4,Health_Care_Inpatient,,,,,,
36,5,Health_Care_Inpatient,,,,,,
36,Aggregated,Health_Care_Inpatient,,,,,,
36,Centralized,Health_Care_Inpatient,,,,,,
37,0,Health_Care_Inpatient,,,,,,
37,1,Health_Care_Inpatient,,,,,,
37,2,Health_Care_Inpatient,,,,,,
37,3,Health_Care_Inpatient,,,,,,
37,4,Health_Care_Inpatient,,,,,,
37,5,Health_Care_Inpatient,,,,,,
37,Aggregated,Health_Care_Inpatient,,,,,,
37,Centralized,Health_Care_Inpatient,,,,,,
38,0,Health_Care_Inpatient,,,,,,
38,1,Health_Care_Inpatient,,,,,,
38,2,Health_Care_Inpatient,,,,,,
38,3,Health_Care_Inpatient,,,,,,
38,4,Health_Care_Inpatient,,,,,,
38,5,Health_Care_Inpatient,,,,,,
38,Aggregated,Health_Care_Inpatient,,,,,,
38,Centralized,Health_Care_Inpatient,,,,,,
39,0,Health_Care_Inpatient,,,,,,
39,1,Health_Care_Inpatient,,,,,,
39,2,Health_Care_Inpatient,,,,,,
39,3,Health_Care_Inpatient,,,,,,
39,4,Health_Care_Inpatient,,,,,,
39,5,Health_Care_Inpatient,,,,,,
39,Aggregated,Health_Care_Inpatient,,,,,,
39,Centralized,Health_Care_Inpatient,,,,,,
40,0,Health_Care_Inpatient,,,,,,
40,1,Health_Care_Inpatient,,,,,,
40,2,Health_Care_Inpatient,,,,,,
40,3,Health_Care_Inpatient,,,,,,
40,4,Health_Care_Inpatient,,,,,,
40,5,Health_Care_Inpatient,,,,,,
40,Aggregated,Health_Care_Inpatient,,,,,,
40,Centralized,Health_Care_Inpatient,,,,,,
41,0,Health_Care_Inpatient,,,,,,
41,1,Health_Care_Inpatient,,,,,,
41,2,Health_Care_Inpatient,,,,,,
41,3,Health_Care_Inpatient,,,,,,
41,4,Health_Care_Inpatient,,,,,,
41,5,Health_Care_Inpatient,,,,,,
41,Aggregated,Health_Care_Inpatient,,,,,,
41,Centralized,Health_Care_Inpatient,,,,,,
42,0,Health_Care_Inpatient,,,,,,
42,1,Health_Care_Inpatient,,,,,,
42,2,Health_Care_Inpatient,,,,,,
42,3,Health_Care_Inpatient,,,,,,
42,4,Health_Care_Inpatient,,,,,,
42,5,Health_Care_Inpatient,,,,,,
42,Aggregated,Health_Care_Inpatient,,,,,,
42,Centralized,Health_Care_Inpatient,,,,,,
43,0,Health_Care_Inpatient,,,,,,
43,1,Health_Care_Inpatient,,,,,,
43,2,Health_Care_Inpatient,,,,,,
43,3,Health_Care_Inpatient,,,,,,
43,4,Health_Care_Inpatient,,,,,,
43,5,Health_Care_Inpatient,,,,,,
43,Aggregated,Health_Care_Inpatient,,,,,,
43,Centralized,Health_Care_Inpatient,,,,,,
44,0,Health_Care_Inpatient,,,,,,
44,1,Health_Care_Inpatient,,,,,,
44,2,Health_Care_Inpatient,,,,,,
44,3,Health_Care_Inpatient,,,,,,
44,4,Health_Care_Inpatient,,,,,,
44,5,Health_Care_Inpatient,,,,,,
44,Aggregated,Health_Care_Inpatient,,,,,,
44,Centralized,Health_Care_Inpatient,,,,,,
45,0,Health_Care_Inpatient,,,,,,
45,1,Health_Care_Inpatient,,,,,,
45,2,Health_Care_Inpatient,,,,,,
45,3,Health_Care_Inpatient,,,,,,
45,4,Health_Care_Inpatient,,,,,,
45,5,Health_Care_Inpatient,,,,,,
45,Aggregated,Health_Care_Inpatient,,,,,,
45,Centralized,Health_Care_Inpatient,,,,,,
46,0,Health_Care_Inpatient,,,,,,
46,1,Health_Care_Inpatient,,,,,,
46,2,Health_Care_Inpatient,,,,,,
46,3,Health_Care_Inpatient,,,,,,
46,4,Health_Care_Inpatient,,,,,,
46,5,Health_Care_Inpatient,,,,,,
46,Aggregated,Health_Care_Inpatient,,,,,,
46,Centralized,Health_Care_Inpatient,,,,,,
47,0,Health_Care_Inpatient,,,,,,
47,1,Health_Care_Inpatient,,,,,,
47,2,Health_Care_Inpatient,,,,,,
47,3,Health_Care_Inpatient,,,,,,
47,4,Health_Care_Inpatient,,,,,,
47,5,Health_Care_Inpatient,,,,,,
47,Aggregated,Health_Care_Inpatient,,,,,,
47,Centralized,Health_Care_Inpatient,,,,,,
48,0,Health_Care_Inpatient,,,,,,
48,1,Health_Care_Inpatient,,,,,,
48,2,Health_Care_Inpatient,,,,,,
48,3,Health_Care_Inpatient,,,,,,
48,4,Health_Care_Inpatient,,,,,,
48,5,Health_Care_Inpatient,,,,,,
48,Aggregated,Health_Care_Inpatient,,,,,,
48,Centralized,Health_Care_Inpatient,,,,,,
49,0,Health_Care_Inpatient,,,,,,
49,1,Health_Care_Inpatient,,,,,,
49,2,Health_Care_Inpatient,,,,,,
49,3,Health_Care_Inpatient,,,,,,
49,4,Health_Care_Inpatient,,,,,,
49,5,Health_Care_Inpatient,,,,,,
49,Aggregated,Health_Care_Inpatient,,,,,,
49,Centralized,Health_Care_Inpatient,,,,,,
50,0,Health_Care_Inpatient,,,,,,
50,1,Health_Care_Inpatient,,,,,,
50,2,Health_Care_Inpatient,,,,,,
50,3,Health_Care_Inpatient,,,,,,
50,4,Health_Care_Inpatient,,,,,,
50,5,Health_Care_Inpatient,,,,,,
50,Aggregated,Health_Care_Inpatient,,,,,,
50,Centralized,Health_Care_Inpatient,,,,,,
0,0,Office_Bank_or_other_financial,,,,,,
0,1,Office_Bank_or_other_financial,,,,,,
0,2,Office_Bank_or_other_financial,,,,,,
0,3,Office_Bank_or_other_financial,,,,,,
0,4,Office_Bank_or_other_financial,,,,,,
0,5,Office_Bank_or_other_financial,,,,,,
0,Aggregated,Office_Bank_or_other_financial,,,,,,
0,Centralized,Office_Bank_or_other_financial,,,,,,
1,0,Office_Bank_or_other_financial,,,,,,
1,1,Office_Bank_or_other_financial,,,,,,
1,2,Office_Bank_or_other_financial,,,,,,
1,3,Office_Bank_or_other_financial,,,,,,
1,4,Office_Bank_or_other_financial,,,,,,
1,5,Office_Bank_or_other_financial,,,,,,
1,Aggregated,Office_Bank_or_other_financial,,,,,,
1,Centralized,Office_Bank_or_other_financial,,,,,,
2,0,Office_Bank_or_other_financial,,,,,,
2,1,Office_Bank_or_other_financial,,,,,,
2,2,Office_Bank_or_other_financial,,,,,,
2,3,Office_Bank_or_other_financial,,,,,,
2,4,Office_Bank_or_other_financial,,,,,,
2,5,Office_Bank_or_other_financial,,,,,,
2,Aggregated,Office_Bank_or_other_financial,,,,,,
2,Centralized,Office_Bank_or_other_financial,,,,,,
3,0,Office_Bank_or_other_financial,,,,,,
3,1,Office_Bank_or_other_financial,,,,,,
3,2,Office_Bank_or_other_financial,,,,,,
3,3,Office_Bank_or_other_financial,,,,,,
3,4,Office_Bank_or_other_financial,,,,,,
3,5,Office_Bank_or_other_financial,,,,,,
3,Aggregated,Office_Bank_or_other_financial,,,,,,
3,Centralized,Office_Bank_or_other_financial,,,,,,
4,0,Office_Bank_or_other_financial,,,,,,
4,1,Office_Bank_or_other_financial,,,,,,
4,2,Office_Bank_or_other_financial,,,,,,
4,3,Office_Bank_or_other_financial,,,,,,
4,4,Office_Bank_or_other_financial,,,,,,
4,5,Office_Bank_or_other_financial,,,,,,
4,Aggregated,Office_Bank_or_other_financial,,,,,,
4,Centralized,Office_Bank_or_other_financial,,,,,,
5,0,Office_Bank_or_other_financial,,,,,,
5,1,Office_Bank_or_other_financial,,,,,,
5,2,Office_Bank_or_other_financial,,,,,,
5,3,Office_Bank_or_other_financial,,,,,,
5,4,Office_Bank_or_other_financial,,,,,,
5,5,Office_Bank_or_other_financial,,,,,,
5,Aggregated,Office_Bank_or_other_financial,,,,,,
5,Centralized,Office_Bank_or_other_financial,,,,,,
6,0,Office_Bank_or_other_financial,,,,,,
6,1,Office_Bank_or_other_financial,,,,,,
6,2,Office_Bank_or_other_financial,,,,,,
6,3,Office_Bank_or_other_financial,,,,,,
6,4,Office_Bank_or_other_financial,,,,,,
6,5,Office_Bank_or_other_financial,,,,,,
6,Aggregated,Office_Bank_or_other_financial,,,,,,
6,Centralized,Office_Bank_or_other_financial,,,,,,
7,0,Office_Bank_or_other_financial,,,,,,
7,1,Office_Bank_or_other_financial,,,,,,
7,2,Office_Bank_or_other_financial,,,,,,
7,3,Office_Bank_or_other_financial,,,,,,
7,4,Office_Bank_or_other_financial,,,,,,
7,5,Office_Bank_or_other_financial,,,,,,
7,Aggregated,Office_Bank_or_other_financial,,,,,,
7,Centralized,Office_Bank_or_other_financial,,,,,,
8,0,Office_Bank_or_other_financial,,,,,,
8,1,Office_Bank_or_other_financial,,,,,,
8,2,Office_Bank_or_other_financial,,,,,,
8,3,Office_Bank_or_other_financial,,,,,,
8,4,Office_Bank_or_other_financial,,,,,,
8,5,Office_Bank_or_other_financial,,,,,,
8,Aggregated,Office_Bank_or_other_financial,,,,,,
8,Centralized,Office_Bank_or_other_financial,,,,,,
9,0,Office_Bank_or_other_financial,,,,,,
9,1,Office_Bank_or_other_financial,,,,,,
9,2,Office_Bank_or_other_financial,,,,,,
9,3,Office_Bank_or_other_financial,,,,,,
9,4,Office_Bank_or_other_financial,,,,,,
9,5,Office_Bank_or_other_financial,,,,,,
9,Aggregated,Office_Bank_or_other_financial,,,,,,
9,Centralized,Office_Bank_or_other_financial,,,,,,
10,0,Office_Bank_or_other_financial,,,,,,
10,1,Office_Bank_or_other_financial,,,,,,
10,2,Office_Bank_or_other_financial,,,,,,
10,3,Office_Bank_or_other_financial,,,,,,
10,4,Office_Bank_or_other_financial,,,,,,
10,5,Office_Bank_or_other_financial,,,,,,
10,Aggregated,Office_Bank_or_other_financial,,,,,,
10,Centralized,Office_Bank_or_other_financial,,,,,,
11,0,Office_Bank_or_other_financial,,,,,,
11,1,Office_Bank_or_other_financial,,,,,,
11,2,Office_Bank_or_other_financial,,,,,,
11,3,Office_Bank_or_other_financial,,,,,,
11,4,Office_Bank_or_other_financial,,,,,,
11,5,Office_Bank_or_other_financial,,,,,,
11,Aggregated,Office_Bank_or_other_financial,,,,,,
11,Centralized,Office_Bank_or_other_financial,,,,,,
12,0,Office_Bank_or_other_financial,,,,,,
12,1,Office_Bank_or_other_financial,,,,,,
12,2,Office_Bank_or_other_financial,,,,,,
12,3,Office_Bank_or_other_financial,,,,,,
12,4,Office_Bank_or_other_financial,,,,,,
12,5,Office_Bank_or_other_financial,,,,,,
12,Aggregated,Office_Bank_or_other_financial,,,,,,
12,Centralized,Office_Bank_or_other_financial,,,,,,
13,0,Office_Bank_or_other_financial,,,,,,
13,1,Office_Bank_or_other_financial,,,,,,
13,2,Office_Bank_or_other_financial,,,,,,
13,3,Office_Bank_or_other_financial,,,,,,
13,4,Office_Bank_or_other_financial,,,,,,
13,5,Office_Bank_or_other_financial,,,,,,
13,Aggregated,Office_Bank_or_other_financial,,,,,,
13,Centralized,Office_Bank_or_other_financial,,,,,,
14,0,Office_Bank_or_other_financial,,,,,,
14,1,Office_Bank_or_other_financial,,,,,,
14,2,Office_Bank_or_other_financial,,,,,,
14,3,Office_Bank_or_other_financial,,,,,,
14,4,Office_Bank_or_other_financial,,,,,,
14,5,Office_Bank_or_other_financial,,,,,,
14,Aggregated,Office_Bank_or_other_financial,,,,,,
14,Centralized,Office_Bank_or_other_financial,,,,,,
15,0,Office_Bank_or_other_financial,,,,,,
15,1,Office_Bank_or_other_financial,,,,,,
15,2,Office_Bank_or_other_financial,,,,,,
15,3,Office_Bank_or_other_financial,,,,,,
15,4,Office_Bank_or_other_financial,,,,,,
15,5,Office_Bank_or_other_financial,,,,,,
15,Aggregated,Office_Bank_or_other_financial,,,,,,
15,Centralized,Office_Bank_or_other_financial,,,,,,
16,0,Office_Bank_or_other_financial,,,,,,
16,1,Office_Bank_or_other_financial,,,,,,
16,2,Office_Bank_or_other_financial,,,,,,
16,3,Office_Bank_or_other_financial,,,,,,
16,4,Office_Bank_or_other_financial,,,,,,
16,5,Office_Bank_or_other_financial,,,,,,
16,Aggregated,Office_Bank_or_other_financial,,,,,,
16,Centralized,Office_Bank_or_other_financial,,,,,,
17,0,Office_Bank_or_other_financial,,,,,,
17,1,Office_Bank_or_other_financial,,,,,,
17,2,Office_Bank_or_other_financial,,,,,,
17,3,Office_Bank_or_other_financial,,,,,,
17,4,Office_Bank_or_other_financial,,,,,,
17,5,Office_Bank_or_other_financial,,,,,,
17,Aggregated,Office_Bank_or_other_financial,,,,,,
17,Centralized,Office_Bank_or_other_financial,,,,,,
18,0,Office_Bank_or_other_financial,,,,,,
18,1,Office_Bank_or_other_financial,,,,,,
18,2,Office_Bank_or_other_financial,,,,,,
18,3,Office_Bank_or_other_financial,,,,,,
18,4,Office_Bank_or_other_financial,,,,,,
18,5,Office_Bank_or_other_financial,,,,,,
18,Aggregated,Office_Bank_or_other_financial,,,,,,
18,Centralized,Office_Bank_or_other_financial,,,,,,
19,0,Office_Bank_or_other_financial,,,,,,
19,1,Office_Bank_or_other_financial,,,,,,
19,2,Office_Bank_or_other_financial,,,,,,
19,3,Office_Bank_or_other_financial,,,,,,
19,4,Office_Bank_or_other_financial,,,,,,
19,5,Office_Bank_or_other_financial,,,,,,
19,Aggregated,Office_Bank_or_other_financial,,,,,,
19,Centralized,Office_Bank_or_other_financial,,,,,,
20,0,Office_Bank_or_other_financial,,,,,,
20,1,Office_Bank_or_other_financial,,,,,,
20,2,Office_Bank_or_other_financial,,,,,,
20,3,Office_Bank_or_other_financial,,,,,,
20,4,Office_Bank_or_other_financial,,,,,,
20,5,Office_Bank_or_other_financial,,,,,,
20,Aggregated,Office_Bank_or_other_financial,,,,,,
20,Centralized,Office_Bank_or_other_financial,,,,,,
21,0,Office_Bank_or_other_financial,,,,,,
21,1,Office_Bank_or_other_financial,,,,,,
21,2,Office_Bank_or_other_financial,,,,,,
21,3,Office_Bank_or_other_financial,,,,,,
21,4,Office_Bank_or_other_financial,,,,,,
21,5,Office_Bank_or_other_financial,,,,,,
21,Aggregated,Office_Bank_or_other_financial,,,,,,
21,Centralized,Office_Bank_or_other_financial,,,,,,
22,0,Office_Bank_or_other_financial,,,,,,
22,1,Office_Bank_or_other_financial,,,,,,
22,2,Office_Bank_or_other_financial,,,,,,
22,3,Office_Bank_or_other_financial,,,,,,
22,4,Office_Bank_or_other_financial,,,,,,
22,5,Office_Bank_or_other_financial,,,,,,
22,Aggregated,Office_Bank_or_other_financial,,,,,,
22,Centralized,Office_Bank_or_other_financial,,,,,,
23,0,Office_Bank_or_other_financial,,,,,,
23,1,Office_Bank_or_other_financial,,,,,,
23,2,Office_Bank_or_other_financial,,,,,,
23,3,Office_Bank_or_other_financial,,,,,,
23,4,Office_Bank_or_other_financial,,,,,,
23,5,Office_Bank_or_other_financial,,,,,,
23,Aggregated,Office_Bank_or_other_financial,,,,,,
23,Centralized,Office_Bank_or_other_financial,,,,,,
24,0,Office_Bank_or_other_financial,,,,,,
24,1,Office_Bank_or_other_financial,,,,,,
24,2,Office_Bank_or_other_financial,,,,,,
24,3,Office_Bank_or_other_financial,,,,,,
24,4,Office_Bank_or_other_financial,,,,,,
24,5,Office_Bank_or_other_financial,,,,,,
24,Aggregated,Office_Bank_or_other_financial,,,,,,
24,Centralized,Office_Bank_or_other_financial,,,,,,
25,0,Office_Bank_or_other_financial,,,,,,
25,1,Office_Bank_or_other_financial,,,,,,
25,2,Office_Bank_or_other_financial,,,,,,
25,3,Office_Bank_or_other_financial,,,,,,
25,4,Office_Bank_or_other_financial,,,,,,
25,5,Office_Bank_or_other_financial,,,,,,
25,Aggregated,Office_Bank_or_other_financial,,,,,,
25,Centralized,Office_Bank_or_other_financial,,,,,,
26,0,Office_Bank_or_other_financial,,,,,,
26,1,Office_Bank_or_other_financial,,,,,,
26,2,Office_Bank_or_other_financial,,,,,,
26,3,Office_Bank_or_other_financial,,,,,,
26,4,Office_Bank_or_other_financial,,,,,,
26,5,Office_Bank_or_other_financial,,,,,,
26,Aggregated,Office_Bank_or_other_financial,,,,,,
26,Centralized,Office_Bank_or_other_financial,,,,,,
27,0,Office_Bank_or_other_financial,,,,,,
27,1,Office_Bank_or_other_financial,,,,,,
27,2,Office_Bank_or_other_financial,,,,,,
27,3,Office_Bank_or_other_financial,,,,,,
27,4,Office_Bank_or_other_financial,,,,,,
27,5,Office_Bank_or_other_financial,,,,,,
27,Aggregated,Office_Bank_or_other_financial,,,,,,
27,Centralized,Office_Bank_or_other_financial,,,,,,
28,0,Office_Bank_or_other_financial,,,,,,
28,1,Office_Bank_or_other_financial,,,,,,
28,2,Office_Bank_or_other_financial,,,,,,
28,3,Office_Bank_or_other_financial,,,,,,
28,4,Office_Bank_or_other_financial,,,,,,
28,5,Office_Bank_or_other_financial,,,,,,
28,Aggregated,Office_Bank_or_other_financial,,,,,,
28,Centralized,Office_Bank_or_other_financial,,,,,,
29,0,Office_Bank_or_other_financial,,,,,,
29,1,Office_Bank_or_other_financial,,,,,,
29,2,Office_Bank_or_other_financial,,,,,,
29,3,Office_Bank_or_other_financial,,,,,,
29,4,Office_Bank_or_other_financial,,,,,,
29,5,Office_Bank_or_other_financial,,,,,,
29,Aggregated,Office_Bank_or_other_financial,,,,,,
29,Centralized,Office_Bank_or_other_financial,,,,,,
30,0,Office_Bank_or_other_financial,,,,,,
30,1,Office_Bank_or_other_financial,,,,,,
30,2,Office_Bank_or_other_financial,,,,,,
30,3,Office_Bank_or_other_financial,,,,,,
30,4,Office_Bank_or_other_financial,,,,,,
30,5,Office_Bank_or_other_financial,,,,,,
30,Aggregated,Office_Bank_or_other_financial,,,,,,
30,Centralized,Office_Bank_or_other_financial,,,,,,
31,0,Office_Bank_or_other_financial,,,,,,
31,1,Office_Bank_or_other_financial,,,,,,
31,2,Office_Bank_or_other_financial,,,,,,
31,3,Office_Bank_or_other_financial,,,,,,
31,4,Office_Bank_or_other_financial,,,,,,
31,5,Office_Bank_or_other_financial,,,,,,
31,Aggregated,Office_Bank_or_other_financial,,,,,,
31,Centralized,Office_Bank_or_other_financial,,,,,,
32,0,Office_Bank_or_other_financial,,,,,,
32,1,Office_Bank_or_other_financial,,,,,,
32,2,Office_Bank_or_other_financial,,,,,,
32,3,Office_Bank_or_other_financial,,,,,,
32,4,Office_Bank_or_other_financial,,,,,,
32,5,Office_Bank_or_other_financial,,,,,,
32,Aggregated,Office_Bank_or_other_financial,,,,,,
32,Centralized,Office_Bank_or_other_financial,,,,,,
33,0,Office_Bank_or_other_financial,,,,,,
33,1,Office_Bank_or_other_financial,,,,,,
33,2,Office_Bank_or_other_financial,,,,,,
33,3,Office_Bank_or_other_financial,,,,,,
33,4,Office_Bank_or_other_financial,,,,,,
33,5,Office_Bank_or_other_financial,,,,,,
33,Aggregated,Office_Bank_or_other_financial,,,,,,
33,Centralized,Office_Bank_or_other_financial,,,,,,
34,0,Office_Bank_or_other_financial,,,,,,
34,1,Office_Bank_or_other_financial,,,,,,
34,2,Office_Bank_or_other_financial,,,,,,
34,3,Office_Bank_or_other_financial,,,,,,
34,4,Office_Bank_or_other_financial,,,,,,
34,5,Office_Bank_or_other_financial,,,,,,
34,Aggregated,Office_Bank_or_other_financial,,,,,,
34,Centralized,Office_Bank_or_other_financial,,,,,,
35,0,Office_Bank_or_other_financial,,,,,,
35,1,Office_Bank_or_other_financial,,,,,,
35,2,Office_Bank_or_other_financial,,,,,,
35,3,Office_Bank_or_other_financial,,,,,,
35,4,Office_Bank_or_other_financial,,,,,,
35,5,Office_Bank_or_other_financial,,,,,,
35,Aggregated,Office_Bank_or_other_financial,,,,,,
35,Centralized,Office_Bank_or_other_financial,,,,,,
36,0,Office_Bank_or_other_financial,,,,,,
36,1,Office_Bank_or_other_financial,,,,,,
36,2,Office_Bank_or_other_financial,,,,,,
36,3,Office_Bank_or_other_financial,,,,,,
36,4,Office_Bank_or_other_financial,,,,,,
36,5,Office_Bank_or_other_financial,,,,,,
36,Aggregated,Office_Bank_or_other_financial,,,,,,
36,Centralized,Office_Bank_or_other_financial,,,,,,
37,0,Office_Bank_or_other_financial,,,,,,
37,1,Office_Bank_or_other_financial,,,,,,
37,2,Office_Bank_or_other_financial,,,,,,
37,3,Office_Bank_or_other_financial,,,,,,
37,4,Office_Bank_or_other_financial,,,,,,
37,5,Office_Bank_or_other_financial,,,,,,
37,Aggregated,Office_Bank_or_other_financial,,,,,,
37,Centralized,Office_Bank_or_other_financial,,,,,,
38,0,Office_Bank_or_other_financial,,,,,,
38,1,Office_Bank_or_other_financial,,,,,,
38,2,Office_Bank_or_other_financial,,,,,,
38,3,Office_Bank_or_other_financial,,,,,,
38,4,Office_Bank_or_other_financial,,,,,,
38,5,Office_Bank_or_other_financial,,,,,,
38,Aggregated,Office_Bank_or_other_financial,,,,,,
38,Centralized,Office_Bank_or_other_financial,,,,,,
39,0,Office_Bank_or_other_financial,,,,,,
39,1,Office_Bank_or_other_financial,,,,,,
39,2,Office_Bank_or_other_financial,,,,,,
39,3,Office_Bank_or_other_financial,,,,,,
39,4,Office_Bank_or_other_financial,,,,,,
39,5,Office_Bank_or_other_financial,,,,,,
39,Aggregated,Office_Bank_or_other_financial,,,,,,
39,Centralized,Office_Bank_or_other_financial,,,,,,
40,0,Office_Bank_or_other_financial,,,,,,
40,1,Office_Bank_or_other_financial,,,,,,
40,2,Office_Bank_or_other_financial,,,,,,
40,3,Office_Bank_or_other_financial,,,,,,
40,4,Office_Bank_or_other_financial,,,,,,
40,5,Office_Bank_or_other_financial,,,,,,
40,Aggregated,Office_Bank_or_other_financial,,,,,,
40,Centralized,Office_Bank_or_other_financial,,,,,,
41,0,Office_Bank_or_other_financial,,,,,,
41,1,Office_Bank_or_other_financial,,,,,,
41,2,Office_Bank_or_other_financial,,,,,,
41,3,Office_Bank_or_other_financial,,,,,,
41,4,Office_Bank_or_other_financial,,,,,,
41,5,Office_Bank_or_other_financial,,,,,,
41,Aggregated,Office_Bank_or_other_financial,,,,,,
41,Centralized,Office_Bank_or_other_financial,,,,,,
42,0,Office_Bank_or_other_financial,,,,,,
42,1,Office_Bank_or_other_financial,,,,,,
42,2,Office_Bank_or_other_financial,,,,,,
42,3,Office_Bank_or_other_financial,,,,,,
42,4,Office_Bank_or_other_financial,,,,,,
42,5,Office_Bank_or_other_financial,,,,,,
42,Aggregated,Office_Bank_or_other_financial,,,,,,
42,Centralized,Office_Bank_or_other_financial,,,,,,
43,0,Office_Bank_or_other_financial,,,,,,
43,1,Office_Bank_or_other_financial,,,,,,
43,2,Office_Bank_or_other_financial,,,,,,
43,3,Office_Bank_or_other_financial,,,,,,
43,4,Office_Bank_or_other_financial,,,,,,
43,5,Office_Bank_or_other_financial,,,,,,
43,Aggregated,Office_Bank_or_other_financial,,,,,,
43,Centralized,Office_Bank_or_other_financial,,,,,,
44,0,Office_Bank_or_other_financial,,,,,,
44,1,Office_Bank_or_other_financial,,,,,,
44,2,Office_Bank_or_other_financial,,,,,,
44,3,Office_Bank_or_other_financial,,,,,,
44,4,Office_Bank_or_other_financial,,,,,,
44,5,Office_Bank_or_other_financial,,,,,,
44,Aggregated,Office_Bank_or_other_financial,,,,,,
44,Centralized,Office_Bank_or_other_financial,,,,,,
45,0,Office_Bank_or_other_financial,,,,,,
45,1,Office_Bank_or_other_financial,,,,,,
45,2,Office_Bank_or_other_financial,,,,,,
45,3,Office_Bank_or_other_financial,,,,,,
45,4,Office_Bank_or_other_financial,,,,,,
45,5,Office_Bank_or_other_financial,,,,,,
45,Aggregated,Office_Bank_or_other_financial,,,,,,
45,Centralized,Office_Bank_or_other_financial,,,,,,
46,0,Office_Bank_or_other_financial,,,,,,
46,1,Office_Bank_or_other_financial,,,,,,
46,2,Office_Bank_or_other_financial,,,,,,
46,3,Office_Bank_or_other_financial,,,,,,
46,4,Office_Bank_or_other_financial,,,,,,
46,5,Office_Bank_or_other_financial,,,,,,
46,Aggregated,Office_Bank_or_other_financial,,,,,,
46,Centralized,Office_Bank_or_other_financial,,,,,,
47,0,Office_Bank_or_other_financial,,,,,,
47,1,Office_Bank_or_other_financial,,,,,,
47,2,Office_Bank_or_other_financial,,,,,,
47,3,Office_Bank_or_other_financial,,,,,,
47,4,Office_Bank_or_other_financial,,,,,,
47,5,Office_Bank_or_other_financial,,,,,,
47,Aggregated,Office_Bank_or_other_financial,,,,,,
47,Centralized,Office_Bank_or_other_financial,,,,,,
48,0,Office_Bank_or_other_financial,,,,,,
48,1,Office_Bank_or_other_financial,,,,,,
48,2,Office_Bank_or_other_financial,,,,,,
48,3,Office_Bank_or_other_financial,,,,,,
48,4,Office_Bank_or_other_financial,,,,,,
48,5,Office_Bank_or_other_financial,,,,,,
48,Aggregated,Office_Bank_or_other_financial,,,,,,
48,Centralized,Office_Bank_or_other_financial,,,,,,
49,0,Office_Bank_or_other_financial,,,,,,
49,1,Office_Bank_or_other_financial,,,,,,
49,2,Office_Bank_or_other_financial,,,,,,
49,3,Office_Bank_or_other_financial,,,,,,
49,4,Office_Bank_or_other_financial,,,,,,
49,5,Office_Bank_or_other_financial,,,,,,
49,Aggregated,Office_Bank_or_other_financial,,,,,,
49,Centralized,Office_Bank_or_other_financial,,,,,,
50,0,Office_Bank_or_other_financial,,,,,,
50,1,Office_Bank_or_other_financial,,,,,,
50,2,Office_Bank_or_other_financial,,,,,,
50,3,Office_Bank_or_other_financial,,,,,,
50,4,Office_Bank_or_other_financial,,,,,,
50,5,Office_Bank_or_other_financial,,,,,,
50,Aggregated,Office_Bank_or_other_financial,,,,,,
50,Centralized,Office_Bank_or_other_financial,,,,,,
0,0,Warehouse_Nonrefrigerated,,,,,,
0,1,Warehouse_Nonrefrigerated,,,,,,
0,2,Warehouse_Nonrefrigerated,,,,,,
0,3,Warehouse_Nonrefrigerated,,,,,,
0,4,Warehouse_Nonrefrigerated,,,,,,
0,5,Warehouse_Nonrefrigerated,,,,,,
0,Aggregated,Warehouse_Nonrefrigerated,,,,,,
0,Centralized,Warehouse_Nonrefrigerated,,,,,,
1,0,Warehouse_Nonrefrigerated,,,,,,
1,1,Warehouse_Nonrefrigerated,,,,,,
1,2,Warehouse_Nonrefrigerated,,,,,,
1,3,Warehouse_Nonrefrigerated,,,,,,
1,4,Warehouse_Nonrefrigerated,,,,,,
1,5,Warehouse_Nonrefrigerated,,,,,,
1,Aggregated,Warehouse_Nonrefrigerated,,,,,,
1,Centralized,Warehouse_Nonrefrigerated,,,,,,
2,0,Warehouse_Nonrefrigerated,,,,,,
2,1,Warehouse_Nonrefrigerated,,,,,,
2,2,Warehouse_Nonrefrigerated,,,,,,
2,3,Warehouse_Nonrefrigerated,,,,,,
2,4,Warehouse_Nonrefrigerated,,,,,,
2,5,Warehouse_Nonrefrigerated,,,,,,
2,Aggregated,Warehouse_Nonrefrigerated,,,,,,
2,Centralized,Warehouse_Nonrefrigerated,,,,,,
3,0,Warehouse_Nonrefrigerated,,,,,,
3,1,Warehouse_Nonrefrigerated,,,,,,
3,2,Warehouse_Nonrefrigerated,,,,,,
3,3,Warehouse_Nonrefrigerated,,,,,,
3,4,Warehouse_Nonrefrigerated,,,,,,
3,5,Warehouse_Nonrefrigerated,,,,,,
3,Aggregated,Warehouse_Nonrefrigerated,,,,,,
3,Centralized,Warehouse_Nonrefrigerated,,,,,,
4,0,Warehouse_Nonrefrigerated,,,,,,
4,1,Warehouse_Nonrefrigerated,,,,,,
4,2,Warehouse_Nonrefrigerated,,,,,,
4,3,Warehouse_Nonrefrigerated,,,,,,
4,4,Warehouse_Nonrefrigerated,,,,,,
4,5,Warehouse_Nonrefrigerated,,,,,,
4,Aggregated,Warehouse_Nonrefrigerated,,,,,,
4,Centralized,Warehouse_Nonrefrigerated,,,,,,
5,0,Warehouse_Nonrefrigerated,,,,,,
5,1,Warehouse_Nonrefrigerated,,,,,,
5,2,Warehouse_Nonrefrigerated,,,,,,
5,3,Warehouse_Nonrefrigerated,,,,,,
5,4,Warehouse_Nonrefrigerated,,,,,,
5,5,Warehouse_Nonrefrigerated,,,,,,
5,Aggregated,Warehouse_Nonrefrigerated,,,,,,
5,Centralized,Warehouse_Nonrefrigerated,,,,,,
6,0,Warehouse_Nonrefrigerated,,,,,,
6,1,Warehouse_Nonrefrigerated,,,,,,
6,2,Warehouse_Nonrefrigerated,,,,,,
6,3,Warehouse_Nonrefrigerated,,,,,,
6,4,Warehouse_Nonrefrigerated,,,,,,
6,5,Warehouse_Nonrefrigerated,,,,,,
6,Aggregated,Warehouse_Nonrefrigerated,,,,,,
6,Centralized,Warehouse_Nonrefrigerated,,,,,,
7,0,Warehouse_Nonrefrigerated,,,,,,
7,1,Warehouse_Nonrefrigerated,,,,,,
7,2,Warehouse_Nonrefrigerated,,,,,,
7,3,Warehouse_Nonrefrigerated,,,,,,
7,4,Warehouse_Nonrefrigerated,,,,,,
7,5,Warehouse_Nonrefrigerated,,,,,,
7,Aggregated,Warehouse_Nonrefrigerated,,,,,,
7,Centralized,Warehouse_Nonrefrigerated,,,,,,
8,0,Warehouse_Nonrefrigerated,,,,,,
8,1,Warehouse_Nonrefrigerated,,,,,,
8,2,Warehouse_Nonrefrigerated,,,,,,
8,3,Warehouse_Nonrefrigerated,,,,,,
8,4,Warehouse_Nonrefrigerated,,,,,,
8,5,Warehouse_Nonrefrigerated,,,,,,
8,Aggregated,Warehouse_Nonrefrigerated,,,,,,
8,Centralized,Warehouse_Nonrefrigerated,,,,,,
9,0,Warehouse_Nonrefrigerated,,,,,,
9,1,Warehouse_Nonrefrigerated,,,,,,
9,2,Warehouse_Nonrefrigerated,,,,,,
9,3,Warehouse_Nonrefrigerated,,,,,,
9,4,Warehouse_Nonrefrigerated,,,,,,
9,5,Warehouse_Nonrefrigerated,,,,,,
9,Aggregated,Warehouse_Nonrefrigerated,,,,,,
9,Centralized,Warehouse_Nonrefrigerated,,,,,,
10,0,Warehouse_Nonrefrigerated,,,,,,
10,1,Warehouse_Nonrefrigerated,,,,,,
10,2,Warehouse_Nonrefrigerated,,,,,,
10,3,Warehouse_Nonrefrigerated,,,,,,
10,4,Warehouse_Nonrefrigerated,,,,,,
10,5,Warehouse_Nonrefrigerated,,,,,,
10,Aggregated,Warehouse_Nonrefrigerated,,,,,,
10,Centralized,Warehouse_Nonrefrigerated,,,,,,
11,0,Warehouse_Nonrefrigerated,,,,,,
11,1,Warehouse_Nonrefrigerated,,,,,,
11,2,Warehouse_Nonrefrigerated,,,,,,
11,3,Warehouse_Nonrefrigerated,,,,,,
11,4,Warehouse_Nonrefrigerated,,,,,,
11,5,Warehouse_Nonrefrigerated,,,,,,
11,Aggregated,Warehouse_Nonrefrigerated,,,,,,
11,Centralized,Warehouse_Nonrefrigerated,,,,,,
12,0,Warehouse_Nonrefrigerated,,,,,,
12,1,Warehouse_Nonrefrigerated,,,,,,
12,2,Warehouse_Nonrefrigerated,,,,,,
12,3,Warehouse_Nonrefrigerated,,,,,,
12,4,Warehouse_Nonrefrigerated,,,,,,
12,5,Warehouse_Nonrefrigerated,,,,,,
12,Aggregated,Warehouse_Nonrefrigerated,,,,,,
12,Centralized,Warehouse_Nonrefrigerated,,,,,,
13,0,Warehouse_Nonrefrigerated,,,,,,
13,1,Warehouse_Nonrefrigerated,,,,,,
13,2,Warehouse_Nonrefrigerated,,,,,,
13,3,Warehouse_Nonrefrigerated,,,,,,
13,4,Warehouse_Nonrefrigerated,,,,,,
13,5,Warehouse_Nonrefrigerated,,,,,,
13,Aggregated,Warehouse_Nonrefrigerated,,,,,,
13,Centralized,Warehouse_Nonrefrigerated,,,,,,
14,0,Warehouse_Nonrefrigerated,,,,,,
14,1,Warehouse_Nonrefrigerated,,,,,,
14,2,Warehouse_Nonrefrigerated,,,,,,
14,3,Warehouse_Nonrefrigerated,,,,,,
14,4,Warehouse_Nonrefrigerated,,,,,,
14,5,Warehouse_Nonrefrigerated,,,,,,
14,Aggregated,Warehouse_Nonrefrigerated,,,,,,
14,Centralized,Warehouse_Nonrefrigerated,,,,,,
15,0,Warehouse_Nonrefrigerated,,,,,,
15,1,Warehouse_Nonrefrigerated,,,,,,
15,2,Warehouse_Nonrefrigerated,,,,,,
15,3,Warehouse_Nonrefrigerated,,,,,,
15,4,Warehouse_Nonrefrigerated,,,,,,
15,5,Warehouse_Nonrefrigerated,,,,,,
15,Aggregated,Warehouse_Nonrefrigerated,,,,,,
15,Centralized,Warehouse_Nonrefrigerated,,,,,,
16,0,Warehouse_Nonrefrigerated,,,,,,
16,1,Warehouse_Nonrefrigerated,,,,,,
16,2,Warehouse_Nonrefrigerated,,,,,,
16,3,Warehouse_Nonrefrigerated,,,,,,
16,4,Warehouse_Nonrefrigerated,,,,,,
16,5,Warehouse_Nonrefrigerated,,,,,,
16,Aggregated,Warehouse_Nonrefrigerated,,,,,,
16,Centralized,Warehouse_Nonrefrigerated,,,,,,
17,0,Warehouse_Nonrefrigerated,,,,,,
17,1,Warehouse_Nonrefrigerated,,,,,,
17,2,Warehouse_Nonrefrigerated,,,,,,
17,3,Warehouse_Nonrefrigerated,,,,,,
17,4,Warehouse_Nonrefrigerated,,,,,,
17,5,Warehouse_Nonrefrigerated,,,,,,
17,Aggregated,Warehouse_Nonrefrigerated,,,,,,
17,Centralized,Warehouse_Nonrefrigerated,,,,,,
18,0,Warehouse_Nonrefrigerated,,,,,,
18,1,Warehouse_Nonrefrigerated,,,,,,
18,2,Warehouse_Nonrefrigerated,,,,,,
18,3,Warehouse_Nonrefrigerated,,,,,,
18,4,Warehouse_Nonrefrigerated,,,,,,
18,5,Warehouse_Nonrefrigerated,,,,,,
18,Aggregated,Warehouse_Nonrefrigerated,,,,,,
18,Centralized,Warehouse_Nonrefrigerated,,,,,,
19,0,Warehouse_Nonrefrigerated,,,,,,
19,1,Warehouse_Nonrefrigerated,,,,,,
19,2,Warehouse_Nonrefrigerated,,,,,,
19,3,Warehouse_Nonrefrigerated,,,,,,
19,4,Warehouse_Nonrefrigerated,,,,,,
19,5,Warehouse_Nonrefrigerated,,,,,,
19,Aggregated,Warehouse_Nonrefrigerated,,,,,,
19,Centralized,Warehouse_Nonrefrigerated,,,,,,
20,0,Warehouse_Nonrefrigerated,,,,,,
20,1,Warehouse_Nonrefrigerated,,,,,,
20,2,Warehouse_Nonrefrigerated,,,,,,
20,3,Warehouse_Nonrefrigerated,,,,,,
20,4,Warehouse_Nonrefrigerated,,,,,,
20,5,Warehouse_Nonrefrigerated,,,,,,
20,Aggregated,Warehouse_Nonrefrigerated,,,,,,
20,Centralized,Warehouse_Nonrefrigerated,,,,,,
21,0,Warehouse_Nonrefrigerated,,,,,,
21,1,Warehouse_Nonrefrigerated,,,,,,
21,2,Warehouse_Nonrefrigerated,,,,,,
21,3,Warehouse_Nonrefrigerated,,,,,,
21,4,Warehouse_Nonrefrigerated,,,,,,
21,5,Warehouse_Nonrefrigerated,,,,,,
21,Aggregated,Warehouse_Nonrefrigerated,,,,,,
21,Centralized,Warehouse_Nonrefrigerated,,,,,,
22,0,Warehouse_Nonrefrigerated,,,,,,
22,1,Warehouse_Nonrefrigerated,,,,,,
22,2,Warehouse_Nonrefrigerated,,,,,,
22,3,Warehouse_Nonrefrigerated,,,,,,
22,4,Warehouse_Nonrefrigerated,,,,,,
22,5,Warehouse_Nonrefrigerated,,,,,,
22,Aggregated,Warehouse_Nonrefrigerated,,,,,,
22,Centralized,Warehouse_Nonrefrigerated,,,,,,
23,0,Warehouse_Nonrefrigerated,,,,,,
23,1,Warehouse_Nonrefrigerated,,,,,,
23,2,Warehouse_Nonrefrigerated,,,,,,
23,3,Warehouse_Nonrefrigerated,,,,,,
23,4,Warehouse_Nonrefrigerated,,,,,,
23,5,Warehouse_Nonrefrigerated,,,,,,
23,Aggregated,Warehouse_Nonrefrigerated,,,,,,
23,Centralized,Warehouse_Nonrefrigerated,,,,,,
24,0,Warehouse_Nonrefrigerated,,,,,,
24,1,Warehouse_Nonrefrigerated,,,,,,
24,2,Warehouse_Nonrefrigerated,,,,,,
24,3,Warehouse_Nonrefrigerated,,,,,,
24,4,Warehouse_Nonrefrigerated,,,,,,
24,5,Warehouse_Nonrefrigerated,,,,,,
24,Aggregated,Warehouse_Nonrefrigerated,,,,,,
24,Centralized,Warehouse_Nonrefrigerated,,,,,,
25,0,Warehouse_Nonrefrigerated,,,,,,
25,1,Warehouse_Nonrefrigerated,,,,,,
25,2,Warehouse_Nonrefrigerated,,,,,,
25,3,Warehouse_Nonrefrigerated,,,,,,
25,4,Warehouse_Nonrefrigerated,,,,,,
25,5,Warehouse_Nonrefrigerated,,,,,,
25,Aggregated,Warehouse_Nonrefrigerated,,,,,,
25,Centralized,Warehouse_Nonrefrigerated,,,,,,
26,0,Warehouse_Nonrefrigerated,,,,,,
26,1,Warehouse_Nonrefrigerated,,,,,,
26,2,Warehouse_Nonrefrigerated,,,,,,
26,3,Warehouse_Nonrefrigerated,,,,,,
26,4,Warehouse_Nonrefrigerated,,,,,,
26,5,Warehouse_Nonrefrigerated,,,,,,
26,Aggregated,Warehouse_Nonrefrigerated,,,,,,
26,Centralized,Warehouse_Nonrefrigerated,,,,,,
27,0,Warehouse_Nonrefrigerated,,,,,,
27,1,Warehouse_Nonrefrigerated,,,,,,
27,2,Warehouse_Nonrefrigerated,,,,,,
27,3,Warehouse_Nonrefrigerated,,,,,,
27,4,Warehouse_Nonrefrigerated,,,,,,
27,5,Warehouse_Nonrefrigerated,,,,,,
27,Aggregated,Warehouse_Nonrefrigerated,,,,,,
27,Centralized,Warehouse_Nonrefrigerated,,,,,,
28,0,Warehouse_Nonrefrigerated,,,,,,
28,1,Warehouse_Nonrefrigerated,,,,,,
28,2,Warehouse_Nonrefrigerated,,,,,,
28,3,Warehouse_Nonrefrigerated,,,,,,
28,4,Warehouse_Nonrefrigerated,,,,,,
28,5,Warehouse_Nonrefrigerated,,,,,,
28,Aggregated,Warehouse_Nonrefrigerated,,,,,,
28,Centralized,Warehouse_Nonrefrigerated,,,,,,
29,0,Warehouse_Nonrefrigerated,,,,,,
29,1,Warehouse_Nonrefrigerated,,,,,,
29,2,Warehouse_Nonrefrigerated,,,,,,
29,3,Warehouse_Nonrefrigerated,,,,,,
29,4,Warehouse_Nonrefrigerated,,,,,,
29,5,Warehouse_Nonrefrigerated,,,,,,
29,Aggregated,Warehouse_Nonrefrigerated,,,,,,
29,Centralized,Warehouse_Nonrefrigerated,,,,,,
30,0,Warehouse_Nonrefrigerated,,,,,,
30,1,Warehouse_Nonrefrigerated,,,,,,
30,2,Warehouse_Nonrefrigerated,,,,,,
30,3,Warehouse_Nonrefrigerated,,,,,,
30,4,Warehouse_Nonrefrigerated,,,,,,
30,5,Warehouse_Nonrefrigerated,,,,,,
30,Aggregated,Warehouse_Nonrefrigerated,,,,,,
30,Centralized,Warehouse_Nonrefrigerated,,,,,,
31,0,Warehouse_Nonrefrigerated,,,,,,
31,1,Warehouse_Nonrefrigerated,,,,,,
31,2,Warehouse_Nonrefrigerated,,,,,,
31,3,Warehouse_Nonrefrigerated,,,,,,
31,4,Warehouse_Nonrefrigerated,,,,,,
31,5,Warehouse_Nonrefrigerated,,,,,,
31,Aggregated,Warehouse_Nonrefrigerated,,,,,,
31,Centralized,Warehouse_Nonrefrigerated,,,,,,
32,0,Warehouse_Nonrefrigerated,,,,,,
32,1,Warehouse_Nonrefrigerated,,,,,,
32,2,Warehouse_Nonrefrigerated,,,,,,
32,3,Warehouse_Nonrefrigerated,,,,,,
32,4,Warehouse_Nonrefrigerated,,,,,,
32,5,Warehouse_Nonrefrigerated,,,,,,
32,Aggregated,Warehouse_Nonrefrigerated,,,,,,
32,Centralized,Warehouse_Nonrefrigerated,,,,,,
33,0,Warehouse_Nonrefrigerated,,,,,,
33,1,Warehouse_Nonrefrigerated,,,,,,
33,2,Warehouse_Nonrefrigerated,,,,,,
33,3,Warehouse_Nonrefrigerated,,,,,,
33,4,Warehouse_Nonrefrigerated,,,,,,
33,5,Warehouse_Nonrefrigerated,,,,,,
33,Aggregated,Warehouse_Nonrefrigerated,,,,,,
33,Centralized,Warehouse_Nonrefrigerated,,,,,,
34,0,Warehouse_Nonrefrigerated,,,,,,
34,1,Warehouse_Nonrefrigerated,,,,,,
34,2,Warehouse_Nonrefrigerated,,,,,,
34,3,Warehouse_Nonrefrigerated,,,,,,
34,4,Warehouse_Nonrefrigerated,,,,,,
34,5,Warehouse_Nonrefrigerated,,,,,,
34,Aggregated,Warehouse_Nonrefrigerated,,,,,,
34,Centralized,Warehouse_Nonrefrigerated,,,,,,
35,0,Warehouse_Nonrefrigerated,,,,,,
35,1,Warehouse_Nonrefrigerated,,,,,,
35,2,Warehouse_Nonrefrigerated,,,,,,
35,3,Warehouse_Nonrefrigerated,,,,,,
35,4,Warehouse_Nonrefrigerated,,,,,,
35,5,Warehouse_Nonrefrigerated,,,,,,
35,Aggregated,Warehouse_Nonrefrigerated,,,,,,
35,Centralized,Warehouse_Nonrefrigerated,,,,,,
36,0,Warehouse_Nonrefrigerated,,,,,,
36,1,Warehouse_Nonrefrigerated,,,,,,
36,2,Warehouse_Nonrefrigerated,,,,,,
36,3,Warehouse_Nonrefrigerated,,,,,,
36,4,Warehouse_Nonrefrigerated,,,,,,
36,5,Warehouse_Nonrefrigerated,,,,,,
36,Aggregated,Warehouse_Nonrefrigerated,,,,,,
36,Centralized,Warehouse_Nonrefrigerated,,,,,,
37,0,Warehouse_Nonrefrigerated,,,,,,
37,1,Warehouse_Nonrefrigerated,,,,,,
37,2,Warehouse_Nonrefrigerated,,,,,,
37,3,Warehouse_Nonrefrigerated,,,,,,
37,4,Warehouse_Nonrefrigerated,,,,,,
37,5,Warehouse_Nonrefrigerated,,,,,,
37,Aggregated,Warehouse_Nonrefrigerated,,,,,,
37,Centralized,Warehouse_Nonrefrigerated,,,,,,
38,0,Warehouse_Nonrefrigerated,,,,,,
38,1,Warehouse_Nonrefrigerated,,,,,,
38,2,Warehouse_Nonrefrigerated,,,,,,
38,3,Warehouse_Nonrefrigerated,,,,,,
38,4,Warehouse_Nonrefrigerated,,,,,,
38,5,Warehouse_Nonrefrigerated,,,,,,
38,Aggregated,Warehouse_Nonrefrigerated,,,,,,
38,Centralized,Warehouse_Nonrefrigerated,,,,,,
39,0,Warehouse_Nonrefrigerated,,,,,,
39,1,Warehouse_Nonrefrigerated,,,,,,
39,2,Warehouse_Nonrefrigerated,,,,,,
39,3,Warehouse_Nonrefrigerated,,,,,,
39,4,Warehouse_Nonrefrigerated,,,,,,
39,5,Warehouse_Nonrefrigerated,,,,,,
39,Aggregated,Warehouse_Nonrefrigerated,,,,,,
39,Centralized,Warehouse_Nonrefrigerated,,,,,,
40,0,Warehouse_Nonrefrigerated,,,,,,
40,1,Warehouse_Nonrefrigerated,,,,,,
40,2,Warehouse_Nonrefrigerated,,,,,,
40,3,Warehouse_Nonrefrigerated,,,,,,
40,4,Warehouse_Nonrefrigerated,,,,,,
40,5,Warehouse_Nonrefrigerated,,,,,,
40,Aggregated,Warehouse_Nonrefrigerated,,,,,,
40,Centralized,Warehouse_Nonrefrigerated,,,,,,
41,0,Warehouse_Nonrefrigerated,,,,,,
41,1,Warehouse_Nonrefrigerated,,,,,,
41,2,Warehouse_Nonrefrigerated,,,,,,
41,3,Warehouse_Nonrefrigerated,,,,,,
41,4,Warehouse_Nonrefrigerated,,,,,,
41,5,Warehouse_Nonrefrigerated,,,,,,
41,Aggregated,Warehouse_Nonrefrigerated,,,,,,
41,Centralized,Warehouse_Nonrefrigerated,,,,,,
42,0,Warehouse_Nonrefrigerated,,,,,,
42,1,Warehouse_Nonrefrigerated,,,,,,
42,2,Warehouse_Nonrefrigerated,,,,,,
42,3,Warehouse_Nonrefrigerated,,,,,,
42,4,Warehouse_Nonrefrigerated,,,,,,
42,5,Warehouse_Nonrefrigerated,,,,,,
42,Aggregated,Warehouse_Nonrefrigerated,,,,,,
42,Centralized,Warehouse_Nonrefrigerated,,,,,,
43,0,Warehouse_Nonrefrigerated,,,,,,
43,1,Warehouse_Nonrefrigerated,,,,,,
43,2,Warehouse_Nonrefrigerated,,,,,,
43,3,Warehouse_Nonrefrigerated,,,,,,
43,4,Warehouse_Nonrefrigerated,,,,,,
43,5,Warehouse_Nonrefrigerated,,,,,,
43,Aggregated,Warehouse_Nonrefrigerated,,,,,,
43,Centralized,Warehouse_Nonrefrigerated,,,,,,
44,0,Warehouse_Nonrefrigerated,,,,,,
44,1,Warehouse_Nonrefrigerated,,,,,,
44,2,Warehouse_Nonrefrigerated,,,,,,
44,3,Warehouse_Nonrefrigerated,,,,,,
44,4,Warehouse_Nonrefrigerated,,,,,,
44,5,Warehouse_Nonrefrigerated,,,,,,
44,Aggregated,Warehouse_Nonrefrigerated,,,,,,
44,Centralized,Warehouse_Nonrefrigerated,,,,,,
45,0,Warehouse_Nonrefrigerated,,,,,,
45,1,Warehouse_Nonrefrigerated,,,,,,
45,2,Warehouse_Nonrefrigerated,,,,,,
45,3,Warehouse_Nonrefrigerated,,,,,,
45,4,Warehouse_Nonrefrigerated,,,,,,
45,5,Warehouse_Nonrefrigerated,,,,,,
45,Aggregated,Warehouse_Nonrefrigerated,,,,,,
45,Centralized,Warehouse_Nonrefrigerated,,,,,,
46,0,Warehouse_Nonrefrigerated,,,,,,
46,1,Warehouse_Nonrefrigerated,,,,,,
46,2,Warehouse_Nonrefrigerated,,,,,,
46,3,Warehouse_Nonrefrigerated,,,,,,
46,4,Warehouse_Nonrefrigerated,,,,,,
46,5,Warehouse_Nonrefrigerated,,,,,,
46,Aggregated,Warehouse_Nonrefrigerated,,,,,,
46,Centralized,Warehouse_Nonrefrigerated,,,,,,
47,0,Warehouse_Nonrefrigerated,,,,,,
47,1,Warehouse_Nonrefrigerated,,,,,,
47,2,Warehouse_Nonrefrigerated,,,,,,
47,3,Warehouse_Nonrefrigerated,,,,,,
47,4,Warehouse_Nonrefrigerated,,,,,,
47,5,Warehouse_Nonrefrigerated,,,,,,
47,Aggregated,Warehouse_Nonrefrigerated,,,,,,
47,Centralized,Warehouse_Nonrefrigerated,,,,,,
48,0,Warehouse_Nonrefrigerated,,,,,,
48,1,Warehouse_Nonrefrigerated,,,,,,
48,2,Warehouse_Nonrefrigerated,,,,,,
48,3,Warehouse_Nonrefrigerated,,,,,,
48,4,Warehouse_Nonrefrigerated,,,,,,
48,5,Warehouse_Nonrefrigerated,,,,,,
48,Aggregated,Warehouse_Nonrefrigerated,,,,,,
48,Centralized,Warehouse_Nonrefrigerated,,,,,,
49,0,Warehouse_Nonrefrigerated,,,,,,
49,1,Warehouse_Nonrefrigerated,,,,,,
49,2,Warehouse_Nonrefrigerated,,,,,,
49,3,Warehouse_Nonrefrigerated,,,,,,
49,4,Warehouse_Nonrefrigerated,,,,,,
49,5,Warehouse_Nonrefrigerated,,,,,,
49,Aggregated,Warehouse_Nonrefrigerated,,,,,,
49,Centralized,Warehouse_Nonrefrigerated,,,,,,
50,0,Warehouse_Nonrefrigerated,,,,,,
50,1,Warehouse_Nonrefrigerated,,,,,,
50,2,Warehouse_Nonrefrigerated,,,,,,
50,3,Warehouse_Nonrefrigerated,,,,,,
50,4,Warehouse_Nonrefrigerated,,,,,,
50,5,Warehouse_Nonrefrigerated,,,,,,
50,Aggregated,Warehouse_Nonrefrigerated,,,,,,
50,Centralized,Warehouse_Nonrefrigerated,,,,,,
0,0,Multifamily_Uncategorized,,,,,,
0,1,Multifamily_Uncategorized,,,,,,
0,2,Multifamily_Uncategorized,,,,,,
0,3,Multifamily_Uncategorized,,,,,,
0,4,Multifamily_Uncategorized,,,,,,
0,5,Multifamily_Uncategorized,,,,,,
0,Aggregated,Multifamily_Uncategorized,,,,,,
0,Centralized,Multifamily_Uncategorized,,,,,,
1,0,Multifamily_Uncategorized,,,,,,
1,1,Multifamily_Uncategorized,,,,,,
1,2,Multifamily_Uncategorized,,,,,,
1,3,Multifamily_Uncategorized,,,,,,
1,4,Multifamily_Uncategorized,,,,,,
1,5,Multifamily_Uncategorized,,,,,,
1,Aggregated,Multifamily_Uncategorized,,,,,,
1,Centralized,Multifamily_Uncategorized,,,,,,
2,0,Multifamily_Uncategorized,,,,,,
2,1,Multifamily_Uncategorized,,,,,,
2,2,Multifamily_Uncategorized,,,,,,
2,3,Multifamily_Uncategorized,,,,,,
2,4,Multifamily_Uncategorized,,,,,,
2,5,Multifamily_Uncategorized,,,,,,
2,Aggregated,Multifamily_Uncategorized,,,,,,
2,Centralized,Multifamily_Uncategorized,,,,,,
3,0,Multifamily_Uncategorized,,,,,,
3,1,Multifamily_Uncategorized,,,,,,
3,2,Multifamily_Uncategorized,,,,,,
3,3,Multifamily_Uncategorized,,,,,,
3,4,Multifamily_Uncategorized,,,,,,
3,5,Multifamily_Uncategorized,,,,,,
3,Aggregated,Multifamily_Uncategorized,,,,,,
3,Centralized,Multifamily_Uncategorized,,,,,,
4,0,Multifamily_Uncategorized,,,,,,
4,1,Multifamily_Uncategorized,,,,,,
4,2,Multifamily_Uncategorized,,,,,,
4,3,Multifamily_Uncategorized,,,,,,
4,4,Multifamily_Uncategorized,,,,,,
4,5,Multifamily_Uncategorized,,,,,,
4,Aggregated,Multifamily_Uncategorized,,,,,,
4,Centralized,Multifamily_Uncategorized,,,,,,
5,0,Multifamily_Uncategorized,,,,,,
5,1,Multifamily_Uncategorized,,,,,,
5,2,Multifamily_Uncategorized,,,,,,
5,3,Multifamily_Uncategorized,,,,,,
5,4,Multifamily_Uncategorized,,,,,,
5,5,Multifamily_Uncategorized,,,,,,
5,Aggregated,Multifamily_Uncategorized,,,,,,
5,Centralized,Multifamily_Uncategorized,,,,,,
6,0,Multifamily_Uncategorized,,,,,,
6,1,Multifamily_Uncategorized,,,,,,
6,2,Multifamily_Uncategorized,,,,,,
6,3,Multifamily_Uncategorized,,,,,,
6,4,Multifamily_Uncategorized,,,,,,
6,5,Multifamily_Uncategorized,,,,,,
6,Aggregated,Multifamily_Uncategorized,,,,,,
6,Centralized,Multifamily_Uncategorized,,,,,,
7,0,Multifamily_Uncategorized,,,,,,
7,1,Multifamily_Uncategorized,,,,,,
7,2,Multifamily_Uncategorized,,,,,,
7,3,Multifamily_Uncategorized,,,,,,
7,4,Multifamily_Uncategorized,,,,,,
7,5,Multifamily_Uncategorized,,,,,,
7,Aggregated,Multifamily_Uncategorized,,,,,,
7,Centralized,Multifamily_Uncategorized,,,,,,
8,0,Multifamily_Uncategorized,,,,,,
8,1,Multifamily_Uncategorized,,,,,,
8,2,Multifamily_Uncategorized,,,,,,
8,3,Multifamily_Uncategorized,,,,,,
8,4,Multifamily_Uncategorized,,,,,,
8,5,Multifamily_Uncategorized,,,,,,
8,Aggregated,Multifamily_Uncategorized,,,,,,
8,Centralized,Multifamily_Uncategorized,,,,,,
9,0,Multifamily_Uncategorized,,,,,,
9,1,Multifamily_Uncategorized,,,,,,
9,2,Multifamily_Uncategorized,,,,,,
9,3,Multifamily_Uncategorized,,,,,,
9,4,Multifamily_Uncategorized,,,,,,
9,5,Multifamily_Uncategorized,,,,,,
9,Aggregated,Multifamily_Uncategorized,,,,,,
9,Centralized,Multifamily_Uncategorized,,,,,,
10,0,Multifamily_Uncategorized,,,,,,
10,1,Multifamily_Uncategorized,,,,,,
10,2,Multifamily_Uncategorized,,,,,,
10,3,Multifamily_Uncategorized,,,,,,
10,4,Multifamily_Uncategorized,,,,,,
10,5,Multifamily_Uncategorized,,,,,,
10,Aggregated,Multifamily_Uncategorized,,,,,,
10,Centralized,Multifamily_Uncategorized,,,,,,
11,0,Multifamily_Uncategorized,,,,,,
11,1,Multifamily_Uncategorized,,,,,,
11,2,Multifamily_Uncategorized,,,,,,
11,3,Multifamily_Uncategorized,,,,,,
11,4,Multifamily_Uncategorized,,,,,,
11,5,Multifamily_Uncategorized,,,,,,
11,Aggregated,Multifamily_Uncategorized,,,,,,
11,Centralized,Multifamily_Uncategorized,,,,,,
12,0,Multifamily_Uncategorized,,,,,,
12,1,Multifamily_Uncategorized,,,,,,
12,2,Multifamily_Uncategorized,,,,,,
12,3,Multifamily_Uncategorized,,,,,,
12,4,Multifamily_Uncategorized,,,,,,
12,5,Multifamily_Uncategorized,,,,,,
12,Aggregated,Multifamily_Uncategorized,,,,,,
12,Centralized,Multifamily_Uncategorized,,,,,,
13,0,Multifamily_Uncategorized,,,,,,
13,1,Multifamily_Uncategorized,,,,,,
13,2,Multifamily_Uncategorized,,,,,,
13,3,Multifamily_Uncategorized,,,,,,
13,4,Multifamily_Uncategorized,,,,,,
13,5,Multifamily_Uncategorized,,,,,,
13,Aggregated,Multifamily_Uncategorized,,,,,,
13,Centralized,Multifamily_Uncategorized,,,,,,
14,0,Multifamily_Uncategorized,,,,,,
14,1,Multifamily_Uncategorized,,,,,,
14,2,Multifamily_Uncategorized,,,,,,
14,3,Multifamily_Uncategorized,,,,,,
14,4,Multifamily_Uncategorized,,,,,,
14,5,Multifamily_Uncategorized,,,,,,
14,Aggregated,Multifamily_Uncategorized,,,,,,
14,Centralized,Multifamily_Uncategorized,,,,,,
15,0,Multifamily_Uncategorized,,,,,,
15,1,Multifamily_Uncategorized,,,,,,
15,2,Multifamily_Uncategorized,,,,,,
15,3,Multifamily_Uncategorized,,,,,,
15,4,Multifamily_Uncategorized,,,,,,
15,5,Multifamily_Uncategorized,,,,,,
15,Aggregated,Multifamily_Uncategorized,,,,,,
15,Centralized,Multifamily_Uncategorized,,,,,,
16,0,Multifamily_Uncategorized,,,,,,
16,1,Multifamily_Uncategorized,,,,,,
16,2,Multifamily_Uncategorized,,,,,,
16,3,Multifamily_Uncategorized,,,,,,
16,4,Multifamily_Uncategorized,,,,,,
16,5,Multifamily_Uncategorized,,,,,,
16,Aggregated,Multifamily_Uncategorized,,,,,,
16,Centralized,Multifamily_Uncategorized,,,,,,
17,0,Multifamily_Uncategorized,,,,,,
17,1,Multifamily_Uncategorized,,,,,,
17,2,Multifamily_Uncategorized,,,,,,
17,3,Multifamily_Uncategorized,,,,,,
17,4,Multifamily_Uncategorized,,,,,,
17,5,Multifamily_Uncategorized,,,,,,
17,Aggregated,Multifamily_Uncategorized,,,,,,
17,Centralized,Multifamily_Uncategorized,,,,,,
18,0,Multifamily_Uncategorized,,,,,,
18,1,Multifamily_Uncategorized,,,,,,
18,2,Multifamily_Uncategorized,,,,,,
18,3,Multifamily_Uncategorized,,,,,,
18,4,Multifamily_Uncategorized,,,,,,
18,5,Multifamily_Uncategorized,,,,,,
18,Aggregated,Multifamily_Uncategorized,,,,,,
18,Centralized,Multifamily_Uncategorized,,,,,,
19,0,Multifamily_Uncategorized,,,,,,
19,1,Multifamily_Uncategorized,,,,,,
19,2,Multifamily_Uncategorized,,,,,,
19,3,Multifamily_Uncategorized,,,,,,
19,4,Multifamily_Uncategorized,,,,,,
19,5,Multifamily_Uncategorized,,,,,,
19,Aggregated,Multifamily_Uncategorized,,,,,,
19,Centralized,Multifamily_Uncategorized,,,,,,
20,0,Multifamily_Uncategorized,,,,,,
20,1,Multifamily_Uncategorized,,,,,,
20,2,Multifamily_Uncategorized,,,,,,
20,3,Multifamily_Uncategorized,,,,,,
20,4,Multifamily_Uncategorized,,,,,,
20,5,Multifamily_Uncategorized,,,,,,
20,Aggregated,Multifamily_Uncategorized,,,,,,
20,Centralized,Multifamily_Uncategorized,,,,,,
21,0,Multifamily_Uncategorized,,,,,,
21,1,Multifamily_Uncategorized,,,,,,
21,2,Multifamily_Uncategorized,,,,,,
21,3,Multifamily_Uncategorized,,,,,,
21,4,Multifamily_Uncategorized,,,,,,
21,5,Multifamily_Uncategorized,,,,,,
21,Aggregated,Multifamily_Uncategorized,,,,,,
21,Centralized,Multifamily_Uncategorized,,,,,,
22,0,Multifamily_Uncategorized,,,,,,
22,1,Multifamily_Uncategorized,,,,,,
22,2,Multifamily_Uncategorized,,,,,,
22,3,Multifamily_Uncategorized,,,,,,
22,4,Multifamily_Uncategorized,,,,,,
22,5,Multifamily_Uncategorized,,,,,,
22,Aggregated,Multifamily_Uncategorized,,,,,,
22,Centralized,Multifamily_Uncategorized,,,,,,
23,0,Multifamily_Uncategorized,,,,,,
23,1,Multifamily_Uncategorized,,,,,,
23,2,Multifamily_Uncategorized,,,,,,
23,3,Multifamily_Uncategorized,,,,,,
23,4,Multifamily_Uncategorized,,,,,,
23,5,Multifamily_Uncategorized,,,,,,
23,Aggregated,Multifamily_Uncategorized,,,,,,
23,Centralized,Multifamily_Uncategorized,,,,,,
24,0,Multifamily_Uncategorized,,,,,,
24,1,Multifamily_Uncategorized,,,,,,
24,2,Multifamily_Uncategorized,,,,,,
24,3,Multifamily_Uncategorized,,,,,,
24,4,Multifamily_Uncategorized,,,,,,
24,5,Multifamily_Uncategorized,,,,,,
24,Aggregated,Multifamily_Uncategorized,,,,,,
24,Centralized,Multifamily_Uncategorized,,,,,,
25,0,Multifamily_Uncategorized,,,,,,
25,1,Multifamily_Uncategorized,,,,,,
25,2,Multifamily_Uncategorized,,,,,,
25,3,Multifamily_Uncategorized,,,,,,
25,4,Multifamily_Uncategorized,,,,,,
25,5,Multifamily_Uncategorized,,,,,,
25,Aggregated,Multifamily_Uncategorized,,,,,,
25,Centralized,Multifamily_Uncategorized,,,,,,
26,0,Multifamily_Uncategorized,,,,,,
26,1,Multifamily_Uncategorized,,,,,,
26,2,Multifamily_Uncategorized,,,,,,
26,3,Multifamily_Uncategorized,,,,,,
26,4,Multifamily_Uncategorized,,,,,,
26,5,Multifamily_Uncategorized,,,,,,
26,Aggregated,Multifamily_Uncategorized,,,,,,
26,Centralized,Multifamily_Uncategorized,,,,,,
27,0,Multifamily_Uncategorized,,,,,,
27,1,Multifamily_Uncategorized,,,,,,
27,2,Multifamily_Uncategorized,,,,,,
27,3,Multifamily_Uncategorized,,,,,,
27,4,Multifamily_Uncategorized,,,,,,
27,5,Multifamily_Uncategorized,,,,,,
27,Aggregated,Multifamily_Uncategorized,,,,,,
27,Centralized,Multifamily_Uncategorized,,,,,,
28,0,Multifamily_Uncategorized,,,,,,
28,1,Multifamily_Uncategorized,,,,,,
28,2,Multifamily_Uncategorized,,,,,,
28,3,Multifamily_Uncategorized,,,,,,
28,4,Multifamily_Uncategorized,,,,,,
28,5,Multifamily_Uncategorized,,,,,,
28,Aggregated,Multifamily_Uncategorized,,,,,,
28,Centralized,Multifamily_Uncategorized,,,,,,
29,0,Multifamily_Uncategorized,,,,,,
29,1,Multifamily_Uncategorized,,,,,,
29,2,Multifamily_Uncategorized,,,,,,
29,3,Multifamily_Uncategorized,,,,,,
29,4,Multifamily_Uncategorized,,,,,,
29,5,Multifamily_Uncategorized,,,,,,
29,Aggregated,Multifamily_Uncategorized,,,,,,
29,Centralized,Multifamily_Uncategorized,,,,,,
30,0,Multifamily_Uncategorized,,,,,,
30,1,Multifamily_Uncategorized,,,,,,
30,2,Multifamily_Uncategorized,,,,,,
30,3,Multifamily_Uncategorized,,,,,,
30,4,Multifamily_Uncategorized,,,,,,
30,5,Multifamily_Uncategorized,,,,,,
30,Aggregated,Multifamily_Uncategorized,,,,,,
30,Centralized,Multifamily_Uncategorized,,,,,,
31,0,Multifamily_Uncategorized,,,,,,
31,1,Multifamily_Uncategorized,,,,,,
31,2,Multifamily_Uncategorized,,,,,,
31,3,Multifamily_Uncategorized,,,,,,
31,4,Multifamily_Uncategorized,,,,,,
31,5,Multifamily_Uncategorized,,,,,,
31,Aggregated,Multifamily_Uncategorized,,,,,,
31,Centralized,Multifamily_Uncategorized,,,,,,
32,0,Multifamily_Uncategorized,,,,,,
32,1,Multifamily_Uncategorized,,,,,,
32,2,Multifamily_Uncategorized,,,,,,
32,3,Multifamily_Uncategorized,,,,,,
32,4,Multifamily_Uncategorized,,,,,,
32,5,Multifamily_Uncategorized,,,,,,
32,Aggregated,Multifamily_Uncategorized,,,,,,
32,Centralized,Multifamily_Uncategorized,,,,,,
33,0,Multifamily_Uncategorized,,,,,,
33,1,Multifamily_Uncategorized,,,,,,
33,2,Multifamily_Uncategorized,,,,,,
33,3,Multifamily_Uncategorized,,,,,,
33,4,Multifamily_Uncategorized,,,,,,
33,5,Multifamily_Uncategorized,,,,,,
33,Aggregated,Multifamily_Uncategorized,,,,,,
33,Centralized,Multifamily_Uncategorized,,,,,,
34,0,Multifamily_Uncategorized,,,,,,
34,1,Multifamily_Uncategorized,,,,,,
34,2,Multifamily_Uncategorized,,,,,,
34,3,Multifamily_Uncategorized,,,,,,
34,4,Multifamily_Uncategorized,,,,,,
34,5,Multifamily_Uncategorized,,,,,,
34,Aggregated,Multifamily_Uncategorized,,,,,,
34,Centralized,Multifamily_Uncategorized,,,,,,
35,0,Multifamily_Uncategorized,,,,,,
35,1,Multifamily_Uncategorized,,,,,,
35,2,Multifamily_Uncategorized,,,,,,
35,3,Multifamily_Uncategorized,,,,,,
35,4,Multifamily_Uncategorized,,,,,,
35,5,Multifamily_Uncategorized,,,,,,
35,Aggregated,Multifamily_Uncategorized,,,,,,
35,Centralized,Multifamily_Uncategorized,,,,,,
36,0,Multifamily_Uncategorized,,,,,,
36,1,Multifamily_Uncategorized,,,,,,
36,2,Multifamily_Uncategorized,,,,,,
36,3,Multifamily_Uncategorized,,,,,,
36,4,Multifamily_Uncategorized,,,,,,
36,5,Multifamily_Uncategorized,,,,,,
36,Aggregated,Multifamily_Uncategorized,,,,,,
36,Centralized,Multifamily_Uncategorized,,,,,,
37,0,Multifamily_Uncategorized,,,,,,
37,1,Multifamily_Uncategorized,,,,,,
37,2,Multifamily_Uncategorized,,,,,,
37,3,Multifamily_Uncategorized,,,,,,
37,4,Multifamily_Uncategorized,,,,,,
37,5,Multifamily_Uncategorized,,,,,,
37,Aggregated,Multifamily_Uncategorized,,,,,,
37,Centralized,Multifamily_Uncategorized,,,,,,
38,0,Multifamily_Uncategorized,,,,,,
38,1,Multifamily_Uncategorized,,,,,,
38,2,Multifamily_Uncategorized,,,,,,
38,3,Multifamily_Uncategorized,,,,,,
38,4,Multifamily_Uncategorized,,,,,,
38,5,Multifamily_Uncategorized,,,,,,
38,Aggregated,Multifamily_Uncategorized,,,,,,
38,Centralized,Multifamily_Uncategorized,,,,,,
39,0,Multifamily_Uncategorized,,,,,,
39,1,Multifamily_Uncategorized,,,,,,
39,2,Multifamily_Uncategorized,,,,,,
39,3,Multifamily_Uncategorized,,,,,,
39,4,Multifamily_Uncategorized,,,,,,
39,5,Multifamily_Uncategorized,,,,,,
39,Aggregated,Multifamily_Uncategorized,,,,,,
39,Centralized,Multifamily_Uncategorized,,,,,,
40,0,Multifamily_Uncategorized,,,,,,
40,1,Multifamily_Uncategorized,,,,,,
40,2,Multifamily_Uncategorized,,,,,,
40,3,Multifamily_Uncategorized,,,,,,
40,4,Multifamily_Uncategorized,,,,,,
40,5,Multifamily_Uncategorized,,,,,,
40,Aggregated,Multifamily_Uncategorized,,,,,,
40,Centralized,Multifamily_Uncategorized,,,,,,
41,0,Multifamily_Uncategorized,,,,,,
41,1,Multifamily_Uncategorized,,,,,,
41,2,Multifamily_Uncategorized,,,,,,
41,3,Multifamily_Uncategorized,,,,,,
41,4,Multifamily_Uncategorized,,,,,,
41,5,Multifamily_Uncategorized,,,,,,
41,Aggregated,Multifamily_Uncategorized,,,,,,
41,Centralized,Multifamily_Uncategorized,,,,,,
42,0,Multifamily_Uncategorized,,,,,,
42,1,Multifamily_Uncategorized,,,,,,
42,2,Multifamily_Uncategorized,,,,,,
42,3,Multifamily_Uncategorized,,,,,,
42,4,Multifamily_Uncategorized,,,,,,
42,5,Multifamily_Uncategorized,,,,,,
42,Aggregated,Multifamily_Uncategorized,,,,,,
42,Centralized,Multifamily_Uncategorized,,,,,,
43,0,Multifamily_Uncategorized,,,,,,
43,1,Multifamily_Uncategorized,,,,,,
43,2,Multifamily_Uncategorized,,,,,,
43,3,Multifamily_Uncategorized,,,,,,
43,4,Multifamily_Uncategorized,,,,,,
43,5,Multifamily_Uncategorized,,,,,,
43,Aggregated,Multifamily_Uncategorized,,,,,,
43,Centralized,Multifamily_Uncategorized,,,,,,
44,0,Multifamily_Uncategorized,,,,,,
44,1,Multifamily_Uncategorized,,,,,,
44,2,Multifamily_Uncategorized,,,,,,
44,3,Multifamily_Uncategorized,,,,,,
44,4,Multifamily_Uncategorized,,,,,,
44,5,Multifamily_Uncategorized,,,,,,
44,Aggregated,Multifamily_Uncategorized,,,,,,
44,Centralized,Multifamily_Uncategorized,,,,,,
45,0,Multifamily_Uncategorized,,,,,,
45,1,Multifamily_Uncategorized,,,,,,
45,2,Multifamily_Uncategorized,,,,,,
45,3,Multifamily_Uncategorized,,,,,,
45,4,Multifamily_Uncategorized,,,,,,
45,5,Multifamily_Uncategorized,,,,,,
45,Aggregated,Multifamily_Uncategorized,,,,,,
45,Centralized,Multifamily_Uncategorized,,,,,,
46,0,Multifamily_Uncategorized,,,,,,
46,1,Multifamily_Uncategorized,,,,,,
46,2,Multifamily_Uncategorized,,,,,,
46,3,Multifamily_Uncategorized,,,,,,
46,4,Multifamily_Uncategorized,,,,,,
46,5,Multifamily_Uncategorized,,,,,,
46,Aggregated,Multifamily_Uncategorized,,,,,,
46,Centralized,Multifamily_Uncategorized,,,,,,
47,0,Multifamily_Uncategorized,,,,,,
47,1,Multifamily_Uncategorized,,,,,,
47,2,Multifamily_Uncategorized,,,,,,
47,3,Multifamily_Uncategorized,,,,,,
47,4,Multifamily_Uncategorized,,,,,,
47,5,Multifamily_Uncategorized,,,,,,
47,Aggregated,Multifamily_Uncategorized,,,,,,
47,Centralized,Multifamily_Uncategorized,,,,,,
48,0,Multifamily_Uncategorized,,,,,,
48,1,Multifamily_Uncategorized,,,,,,
48,2,Multifamily_Uncategorized,,,,,,
48,3,Multifamily_Uncategorized,,,,,,
48,4,Multifamily_Uncategorized,,,,,,
48,5,Multifamily_Uncategorized,,,,,,
48,Aggregated,Multifamily_Uncategorized,,,,,,
48,Centralized,Multifamily_Uncategorized,,,,,,
49,0,Multifamily_Uncategorized,,,,,,
49,1,Multifamily_Uncategorized,,,,,,
49,2,Multifamily_Uncategorized,,,,,,
49,3,Multifamily_Uncategorized,,,,,,
49,4,Multifamily_Uncategorized,,,,,,
49,5,Multifamily_Uncategorized,,,,,,
49,Aggregated,Multifamily_Uncategorized,,,,,,
49,Centralized,Multifamily_Uncategorized,,,,,,
50,0,Multifamily_Uncategorized,,,,,,
50,1,Multifamily_Uncategorized,,,,,,
50,2,Multifamily_Uncategorized,,,,,,
50,3,Multifamily_Uncategorized,,,,,,
50,4,Multifamily_Uncategorized,,,,,,
50,5,Multifamily_Uncategorized,,,,,,
50,Aggregated,Multifamily_Uncategorized,,,,,,
50,Centralized,Multifamily_Uncategorized,,,,,,
0,0,Lodging_Dormitory_or_fraternity_sorority,,,,,,
0,1,Lodging_Dormitory_or_fraternity_sorority,,,,,,
0,2,Lodging_Dormitory_or_fraternity_sorority,,,,,,
0,3,Lodging_Dormitory_or_fraternity_sorority,,,,,,
0,4,Lodging_Dormitory_or_fraternity_sorority,,,,,,
0,5,Lodging_Dormitory_or_fraternity_sorority,,,,,,
0,Aggregated,Lodging_Dormitory_or_fraternity_sorority,,,,,,
0,Centralized,Lodging_Dormitory_or_fraternity_sorority,,,,,,
1,0,Lodging_Dormitory_or_fraternity_sorority,,,,,,
1,1,Lodging_Dormitory_or_fraternity_sorority,,,,,,
1,2,Lodging_Dormitory_or_fraternity_sorority,,,,,,
1,3,Lodging_Dormitory_or_fraternity_sorority,,,,,,
1,4,Lodging_Dormitory_or_fraternity_sorority,,,,,,
1,5,Lodging_Dormitory_or_fraternity_sorority,,,,,,
1,Aggregated,Lodging_Dormitory_or_fraternity_sorority,,,,,,
1,Centralized,Lodging_Dormitory_or_fraternity_sorority,,,,,,
2,0,Lodging_Dormitory_or_fraternity_sorority,,,,,,
2,1,Lodging_Dormitory_or_fraternity_sorority,,,,,,
2,2,Lodging_Dormitory_or_fraternity_sorority,,,,,,
2,3,Lodging_Dormitory_or_fraternity_sorority,,,,,,
2,4,Lodging_Dormitory_or_fraternity_sorority,,,,,,
2,5,Lodging_Dormitory_or_fraternity_sorority,,,,,,
2,Aggregated,Lodging_Dormitory_or_fraternity_sorority,,,,,,
2,Centralized,Lodging_Dormitory_or_fraternity_sorority,,,,,,
3,0,Lodging_Dormitory_or_fraternity_sorority,,,,,,
3,1,Lodging_Dormitory_or_fraternity_sorority,,,,,,
3,2,Lodging_Dormitory_or_fraternity_sorority,,,,,,
3,3,Lodging_Dormitory_or_fraternity_sorority,,,,,,
3,4,Lodging_Dormitory_or_fraternity_sorority,,,,,,
3,5,Lodging_Dormitory_or_fraternity_sorority,,,,,,
3,Aggregated,Lodging_Dormitory_or_fraternity_sorority,,,,,,
3,Centralized,Lodging_Dormitory_or_fraternity_sorority,,,,,,
4,0,Lodging_Dormitory_or_fraternity_sorority,,,,,,
4,1,Lodging_Dormitory_or_fraternity_sorority,,,,,,
4,2,Lodging_Dormitory_or_fraternity_sorority,,,,,,
4,3,Lodging_Dormitory_or_fraternity_sorority,,,,,,
4,4,Lodging_Dormitory_or_fraternity_sorority,,,,,,
4,5,Lodging_Dormitory_or_fraternity_sorority,,,,,,
4,Aggregated,Lodging_Dormitory_or_fraternity_sorority,,,,,,
4,Centralized,Lodging_Dormitory_or_fraternity_sorority,,,,,,
5,0,Lodging_Dormitory_or_fraternity_sorority,,,,,,
5,1,Lodging_Dormitory_or_fraternity_sorority,,,,,,
5,2,Lodging_Dormitory_or_fraternity_sorority,,,,,,
5,3,Lodging_Dormitory_or_fraternity_sorority,,,,,,
5,4,Lodging_Dormitory_or_fraternity_sorority,,,,,,
5,5,Lodging_Dormitory_or_fraternity_sorority,,,,,,
5,Aggregated,Lodging_Dormitory_or_fraternity_sorority,,,,,,
5,Centralized,Lodging_Dormitory_or_fraternity_sorority,,,,,,
6,0,Lodging_Dormitory_or_fraternity_sorority,,,,,,
6,1,Lodging_Dormitory_or_fraternity_sorority,,,,,,
6,2,Lodging_Dormitory_or_fraternity_sorority,,,,,,
6,3,Lodging_Dormitory_or_fraternity_sorority,,,,,,
6,4,Lodging_Dormitory_or_fraternity_sorority,,,,,,
6,5,Lodging_Dormitory_or_fraternity_sorority,,,,,,
6,Aggregated,Lodging_Dormitory_or_fraternity_sorority,,,,,,
6,Centralized,Lodging_Dormitory_or_fraternity_sorority,,,,,,
7,0,Lodging_Dormitory_or_fraternity_sorority,,,,,,
7,1,Lodging_Dormitory_or_fraternity_sorority,,,,,,
7,2,Lodging_Dormitory_or_fraternity_sorority,,,,,,
7,3,Lodging_Dormitory_or_fraternity_sorority,,,,,,
7,4,Lodging_Dormitory_or_fraternity_sorority,,,,,,
7,5,Lodging_Dormitory_or_fraternity_sorority,,,,,,
7,Aggregated,Lodging_Dormitory_or_fraternity_sorority,,,,,,
7,Centralized,Lodging_Dormitory_or_fraternity_sorority,,,,,,
8,0,Lodging_Dormitory_or_fraternity_sorority,,,,,,
8,1,Lodging_Dormitory_or_fraternity_sorority,,,,,,
8,2,Lodging_Dormitory_or_fraternity_sorority,,,,,,
8,3,Lodging_Dormitory_or_fraternity_sorority,,,,,,
8,4,Lodging_Dormitory_or_fraternity_sorority,,,,,,
8,5,Lodging_Dormitory_or_fraternity_sorority,,,,,,
8,Aggregated,Lodging_Dormitory_or_fraternity_sorority,,,,,,
8,Centralized,Lodging_Dormitory_or_fraternity_sorority,,,,,,
9,0,Lodging_Dormitory_or_fraternity_sorority,,,,,,
9,1,Lodging_Dormitory_or_fraternity_sorority,,,,,,
9,2,Lodging_Dormitory_or_fraternity_sorority,,,,,,
9,3,Lodging_Dormitory_or_fraternity_sorority,,,,,,
9,4,Lodging_Dormitory_or_fraternity_sorority,,,,,,
9,5,Lodging_Dormitory_or_fraternity_sorority,,,,,,
9,Aggregated,Lodging_Dormitory_or_fraternity_sorority,,,,,,
9,Centralized,Lodging_Dormitory_or_fraternity_sorority,,,,,,
10,0,Lodging_Dormitory_or_fraternity_sorority,,,,,,
10,1,Lodging_Dormitory_or_fraternity_sorority,,,,,,
10,2,Lodging_Dormitory_or_fraternity_sorority,,,,,,
10,3,Lodging_Dormitory_or_fraternity_sorority,,,,,,
10,4,Lodging_Dormitory_or_fraternity_sorority,,,,,,
10,5,Lodging_Dormitory_or_fraternity_sorority,,,,,,
10,Aggregated,Lodging_Dormitory_or_fraternity_sorority,,,,,,
10,Centralized,Lodging_Dormitory_or_fraternity_sorority,,,,,,
11,0,Lodging_Dormitory_or_fraternity_sorority,,,,,,
11,1,Lodging_Dormitory_or_fraternity_sorority,,,,,,
11,2,Lodging_Dormitory_or_fraternity_sorority,,,,,,
11,3,Lodging_Dormitory_or_fraternity_sorority,,,,,,
11,4,Lodging_Dormitory_or_fraternity_sorority,,,,,,
11,5,Lodging_Dormitory_or_fraternity_sorority,,,,,,
11,Aggregated,Lodging_Dormitory_or_fraternity_sorority,,,,,,
11,Centralized,Lodging_Dormitory_or_fraternity_sorority,,,,,,
12,0,Lodging_Dormitory_or_fraternity_sorority,,,,,,
12,1,Lodging_Dormitory_or_fraternity_sorority,,,,,,
12,2,Lodging_Dormitory_or_fraternity_sorority,,,,,,
12,3,Lodging_Dormitory_or_fraternity_sorority,,,,,,
12,4,Lodging_Dormitory_or_fraternity_sorority,,,,,,
12,5,Lodging_Dormitory_or_fraternity_sorority,,,,,,
12,Aggregated,Lodging_Dormitory_or_fraternity_sorority,,,,,,
12,Centralized,Lodging_Dormitory_or_fraternity_sorority,,,,,,
13,0,Lodging_Dormitory_or_fraternity_sorority,,,,,,
13,1,Lodging_Dormitory_or_fraternity_sorority,,,,,,
13,2,Lodging_Dormitory_or_fraternity_sorority,,,,,,
13,3,Lodging_Dormitory_or_fraternity_sorority,,,,,,
13,4,Lodging_Dormitory_or_fraternity_sorority,,,,,,
13,5,Lodging_Dormitory_or_fraternity_sorority,,,,,,
13,Aggregated,Lodging_Dormitory_or_fraternity_sorority,,,,,,
13,Centralized,Lodging_Dormitory_or_fraternity_sorority,,,,,,
14,0,Lodging_Dormitory_or_fraternity_sorority,,,,,,
14,1,Lodging_Dormitory_or_fraternity_sorority,,,,,,
14,2,Lodging_Dormitory_or_fraternity_sorority,,,,,,
14,3,Lodging_Dormitory_or_fraternity_sorority,,,,,,
14,4,Lodging_Dormitory_or_fraternity_sorority,,,,,,
14,5,Lodging_Dormitory_or_fraternity_sorority,,,,,,
14,Aggregated,Lodging_Dormitory_or_fraternity_sorority,,,,,,
14,Centralized,Lodging_Dormitory_or_fraternity_sorority,,,,,,
15,0,Lodging_Dormitory_or_fraternity_sorority,,,,,,
15,1,Lodging_Dormitory_or_fraternity_sorority,,,,,,
15,2,Lodging_Dormitory_or_fraternity_sorority,,,,,,
15,3,Lodging_Dormitory_or_fraternity_sorority,,,,,,
15,4,Lodging_Dormitory_or_fraternity_sorority,,,,,,
15,5,Lodging_Dormitory_or_fraternity_sorority,,,,,,
15,Aggregated,Lodging_Dormitory_or_fraternity_sorority,,,,,,
15,Centralized,Lodging_Dormitory_or_fraternity_sorority,,,,,,
16,0,Lodging_Dormitory_or_fraternity_sorority,,,,,,
16,1,Lodging_Dormitory_or_fraternity_sorority,,,,,,
16,2,Lodging_Dormitory_or_fraternity_sorority,,,,,,
16,3,Lodging_Dormitory_or_fraternity_sorority,,,,,,
16,4,Lodging_Dormitory_or_fraternity_sorority,,,,,,
16,5,Lodging_Dormitory_or_fraternity_sorority,,,,,,
16,Aggregated,Lodging_Dormitory_or_fraternity_sorority,,,,,,
16,Centralized,Lodging_Dormitory_or_fraternity_sorority,,,,,,
17,0,Lodging_Dormitory_or_fraternity_sorority,,,,,,
17,1,Lodging_Dormitory_or_fraternity_sorority,,,,,,
17,2,Lodging_Dormitory_or_fraternity_sorority,,,,,,
17,3,Lodging_Dormitory_or_fraternity_sorority,,,,,,
17,4,Lodging_Dormitory_or_fraternity_sorority,,,,,,
17,5,Lodging_Dormitory_or_fraternity_sorority,,,,,,
17,Aggregated,Lodging_Dormitory_or_fraternity_sorority,,,,,,
17,Centralized,Lodging_Dormitory_or_fraternity_sorority,,,,,,
18,0,Lodging_Dormitory_or_fraternity_sorority,,,,,,
18,1,Lodging_Dormitory_or_fraternity_sorority,,,,,,
18,2,Lodging_Dormitory_or_fraternity_sorority,,,,,,
18,3,Lodging_Dormitory_or_fraternity_sorority,,,,,,
18,4,Lodging_Dormitory_or_fraternity_sorority,,,,,,
18,5,Lodging_Dormitory_or_fraternity_sorority,,,,,,
18,Aggregated,Lodging_Dormitory_or_fraternity_sorority,,,,,,
18,Centralized,Lodging_Dormitory_or_fraternity_sorority,,,,,,
19,0,Lodging_Dormitory_or_fraternity_sorority,,,,,,
19,1,Lodging_Dormitory_or_fraternity_sorority,,,,,,
19,2,Lodging_Dormitory_or_fraternity_sorority,,,,,,
19,3,Lodging_Dormitory_or_fraternity_sorority,,,,,,
19,4,Lodging_Dormitory_or_fraternity_sorority,,,,,,
19,5,Lodging_Dormitory_or_fraternity_sorority,,,,,,
19,Aggregated,Lodging_Dormitory_or_fraternity_sorority,,,,,,
19,Centralized,Lodging_Dormitory_or_fraternity_sorority,,,,,,
20,0,Lodging_Dormitory_or_fraternity_sorority,,,,,,
20,1,Lodging_Dormitory_or_fraternity_sorority,,,,,,
20,2,Lodging_Dormitory_or_fraternity_sorority,,,,,,
20,3,Lodging_Dormitory_or_fraternity_sorority,,,,,,
20,4,Lodging_Dormitory_or_fraternity_sorority,,,,,,
20,5,Lodging_Dormitory_or_fraternity_sorority,,,,,,
20,Aggregated,Lodging_Dormitory_or_fraternity_sorority,,,,,,
20,Centralized,Lodging_Dormitory_or_fraternity_sorority,,,,,,
21,0,Lodging_Dormitory_or_fraternity_sorority,,,,,,
21,1,Lodging_Dormitory_or_fraternity_sorority,,,,,,
21,2,Lodging_Dormitory_or_fraternity_sorority,,,,,,
21,3,Lodging_Dormitory_or_fraternity_sorority,,,,,,
21,4,Lodging_Dormitory_or_fraternity_sorority,,,,,,
21,5,Lodging_Dormitory_or_fraternity_sorority,,,,,,
21,Aggregated,Lodging_Dormitory_or_fraternity_sorority,,,,,,
21,Centralized,Lodging_Dormitory_or_fraternity_sorority,,,,,,
22,0,Lodging_Dormitory_or_fraternity_sorority,,,,,,
22,1,Lodging_Dormitory_or_fraternity_sorority,,,,,,
22,2,Lodging_Dormitory_or_fraternity_sorority,,,,,,
22,3,Lodging_Dormitory_or_fraternity_sorority,,,,,,
22,4,Lodging_Dormitory_or_fraternity_sorority,,,,,,
22,5,Lodging_Dormitory_or_fraternity_sorority,,,,,,
22,Aggregated,Lodging_Dormitory_or_fraternity_sorority,,,,,,
22,Centralized,Lodging_Dormitory_or_fraternity_sorority,,,,,,
23,0,Lodging_Dormitory_or_fraternity_sorority,,,,,,
23,1,Lodging_Dormitory_or_fraternity_sorority,,,,,,
23,2,Lodging_Dormitory_or_fraternity_sorority,,,,,,
23,3,Lodging_Dormitory_or_fraternity_sorority,,,,,,
23,4,Lodging_Dormitory_or_fraternity_sorority,,,,,,
23,5,Lodging_Dormitory_or_fraternity_sorority,,,,,,
23,Aggregated,Lodging_Dormitory_or_fraternity_sorority,,,,,,
23,Centralized,Lodging_Dormitory_or_fraternity_sorority,,,,,,
24,0,Lodging_Dormitory_or_fraternity_sorority,,,,,,
24,1,Lodging_Dormitory_or_fraternity_sorority,,,,,,
24,2,Lodging_Dormitory_or_fraternity_sorority,,,,,,
24,3,Lodging_Dormitory_or_fraternity_sorority,,,,,,
24,4,Lodging_Dormitory_or_fraternity_sorority,,,,,,
24,5,Lodging_Dormitory_or_fraternity_sorority,,,,,,
24,Aggregated,Lodging_Dormitory_or_fraternity_sorority,,,,,,
24,Centralized,Lodging_Dormitory_or_fraternity_sorority,,,,,,
25,0,Lodging_Dormitory_or_fraternity_sorority,,,,,,
25,1,Lodging_Dormitory_or_fraternity_sorority,,,,,,
25,2,Lodging_Dormitory_or_fraternity_sorority,,,,,,
25,3,Lodging_Dormitory_or_fraternity_sorority,,,,,,
25,4,Lodging_Dormitory_or_fraternity_sorority,,,,,,
25,5,Lodging_Dormitory_or_fraternity_sorority,,,,,,
25,Aggregated,Lodging_Dormitory_or_fraternity_sorority,,,,,,
25,Centralized,Lodging_Dormitory_or_fraternity_sorority,,,,,,
26,0,Lodging_Dormitory_or_fraternity_sorority,,,,,,
26,1,Lodging_Dormitory_or_fraternity_sorority,,,,,,
26,2,Lodging_Dormitory_or_fraternity_sorority,,,,,,
26,3,Lodging_Dormitory_or_fraternity_sorority,,,,,,
26,4,Lodging_Dormitory_or_fraternity_sorority,,,,,,
26,5,Lodging_Dormitory_or_fraternity_sorority,,,,,,
26,Aggregated,Lodging_Dormitory_or_fraternity_sorority,,,,,,
26,Centralized,Lodging_Dormitory_or_fraternity_sorority,,,,,,
27,0,Lodging_Dormitory_or_fraternity_sorority,,,,,,
27,1,Lodging_Dormitory_or_fraternity_sorority,,,,,,
27,2,Lodging_Dormitory_or_fraternity_sorority,,,,,,
27,3,Lodging_Dormitory_or_fraternity_sorority,,,,,,
27,4,Lodging_Dormitory_or_fraternity_sorority,,,,,,
27,5,Lodging_Dormitory_or_fraternity_sorority,,,,,,
27,Aggregated,Lodging_Dormitory_or_fraternity_sorority,,,,,,
27,Centralized,Lodging_Dormitory_or_fraternity_sorority,,,,,,
28,0,Lodging_Dormitory_or_fraternity_sorority,,,,,,
28,1,Lodging_Dormitory_or_fraternity_sorority,,,,,,
28,2,Lodging_Dormitory_or_fraternity_sorority,,,,,,
28,3,Lodging_Dormitory_or_fraternity_sorority,,,,,,
28,4,Lodging_Dormitory_or_fraternity_sorority,,,,,,
28,5,Lodging_Dormitory_or_fraternity_sorority,,,,,,
28,Aggregated,Lodging_Dormitory_or_fraternity_sorority,,,,,,
28,Centralized,Lodging_Dormitory_or_fraternity_sorority,,,,,,
29,0,Lodging_Dormitory_or_fraternity_sorority,,,,,,
29,1,Lodging_Dormitory_or_fraternity_sorority,,,,,,
29,2,Lodging_Dormitory_or_fraternity_sorority,,,,,,
29,3,Lodging_Dormitory_or_fraternity_sorority,,,,,,
29,4,Lodging_Dormitory_or_fraternity_sorority,,,,,,
29,5,Lodging_Dormitory_or_fraternity_sorority,,,,,,
29,Aggregated,Lodging_Dormitory_or_fraternity_sorority,,,,,,
29,Centralized,Lodging_Dormitory_or_fraternity_sorority,,,,,,
30,0,Lodging_Dormitory_or_fraternity_sorority,,,,,,
30,1,Lodging_Dormitory_or_fraternity_sorority,,,,,,
30,2,Lodging_Dormitory_or_fraternity_sorority,,,,,,
30,3,Lodging_Dormitory_or_fraternity_sorority,,,,,,
30,4,Lodging_Dormitory_or_fraternity_sorority,,,,,,
30,5,Lodging_Dormitory_or_fraternity_sorority,,,,,,
30,Aggregated,Lodging_Dormitory_or_fraternity_sorority,,,,,,
30,Centralized,Lodging_Dormitory_or_fraternity_sorority,,,,,,
31,0,Lodging_Dormitory_or_fraternity_sorority,,,,,,
31,1,Lodging_Dormitory_or_fraternity_sorority,,,,,,
31,2,Lodging_Dormitory_or_fraternity_sorority,,,,,,
31,3,Lodging_Dormitory_or_fraternity_sorority,,,,,,
31,4,Lodging_Dormitory_or_fraternity_sorority,,,,,,
31,5,Lodging_Dormitory_or_fraternity_sorority,,,,,,
31,Aggregated,Lodging_Dormitory_or_fraternity_sorority,,,,,,
31,Centralized,Lodging_Dormitory_or_fraternity_sorority,,,,,,
32,0,Lodging_Dormitory_or_fraternity_sorority,,,,,,
32,1,Lodging_Dormitory_or_fraternity_sorority,,,,,,
32,2,Lodging_Dormitory_or_fraternity_sorority,,,,,,
32,3,Lodging_Dormitory_or_fraternity_sorority,,,,,,
32,4,Lodging_Dormitory_or_fraternity_sorority,,,,,,
32,5,Lodging_Dormitory_or_fraternity_sorority,,,,,,
32,Aggregated,Lodging_Dormitory_or_fraternity_sorority,,,,,,
32,Centralized,Lodging_Dormitory_or_fraternity_sorority,,,,,,
33,0,Lodging_Dormitory_or_fraternity_sorority,,,,,,
33,1,Lodging_Dormitory_or_fraternity_sorority,,,,,,
33,2,Lodging_Dormitory_or_fraternity_sorority,,,,,,
33,3,Lodging_Dormitory_or_fraternity_sorority,,,,,,
33,4,Lodging_Dormitory_or_fraternity_sorority,,,,,,
33,5,Lodging_Dormitory_or_fraternity_sorority,,,,,,
33,Aggregated,Lodging_Dormitory_or_fraternity_sorority,,,,,,
33,Centralized,Lodging_Dormitory_or_fraternity_sorority,,,,,,
34,0,Lodging_Dormitory_or_fraternity_sorority,,,,,,
34,1,Lodging_Dormitory_or_fraternity_sorority,,,,,,
34,2,Lodging_Dormitory_or_fraternity_sorority,,,,,,
34,3,Lodging_Dormitory_or_fraternity_sorority,,,,,,
34,4,Lodging_Dormitory_or_fraternity_sorority,,,,,,
34,5,Lodging_Dormitory_or_fraternity_sorority,,,,,,
34,Aggregated,Lodging_Dormitory_or_fraternity_sorority,,,,,,
34,Centralized,Lodging_Dormitory_or_fraternity_sorority,,,,,,
35,0,Lodging_Dormitory_or_fraternity_sorority,,,,,,
35,1,Lodging_Dormitory_or_fraternity_sorority,,,,,,
35,2,Lodging_Dormitory_or_fraternity_sorority,,,,,,
35,3,Lodging_Dormitory_or_fraternity_sorority,,,,,,
35,4,Lodging_Dormitory_or_fraternity_sorority,,,,,,
35,5,Lodging_Dormitory_or_fraternity_sorority,,,,,,
35,Aggregated,Lodging_Dormitory_or_fraternity_sorority,,,,,,
35,Centralized,Lodging_Dormitory_or_fraternity_sorority,,,,,,
36,0,Lodging_Dormitory_or_fraternity_sorority,,,,,,
36,1,Lodging_Dormitory_or_fraternity_sorority,,,,,,
36,2,Lodging_Dormitory_or_fraternity_sorority,,,,,,
36,3,Lodging_Dormitory_or_fraternity_sorority,,,,,,
36,4,Lodging_Dormitory_or_fraternity_sorority,,,,,,
36,5,Lodging_Dormitory_or_fraternity_sorority,,,,,,
36,Aggregated,Lodging_Dormitory_or_fraternity_sorority,,,,,,
36,Centralized,Lodging_Dormitory_or_fraternity_sorority,,,,,,
37,0,Lodging_Dormitory_or_fraternity_sorority,,,,,,
37,1,Lodging_Dormitory_or_fraternity_sorority,,,,,,
37,2,Lodging_Dormitory_or_fraternity_sorority,,,,,,
37,3,Lodging_Dormitory_or_fraternity_sorority,,,,,,
37,4,Lodging_Dormitory_or_fraternity_sorority,,,,,,
37,5,Lodging_Dormitory_or_fraternity_sorority,,,,,,
37,Aggregated,Lodging_Dormitory_or_fraternity_sorority,,,,,,
37,Centralized,Lodging_Dormitory_or_fraternity_sorority,,,,,,
38,0,Lodging_Dormitory_or_fraternity_sorority,,,,,,
38,1,Lodging_Dormitory_or_fraternity_sorority,,,,,,
38,2,Lodging_Dormitory_or_fraternity_sorority,,,,,,
38,3,Lodging_Dormitory_or_fraternity_sorority,,,,,,
38,4,Lodging_Dormitory_or_fraternity_sorority,,,,,,
38,5,Lodging_Dormitory_or_fraternity_sorority,,,,,,
38,Aggregated,Lodging_Dormitory_or_fraternity_sorority,,,,,,
38,Centralized,Lodging_Dormitory_or_fraternity_sorority,,,,,,
39,0,Lodging_Dormitory_or_fraternity_sorority,,,,,,
39,1,Lodging_Dormitory_or_fraternity_sorority,,,,,,
39,2,Lodging_Dormitory_or_fraternity_sorority,,,,,,
39,3,Lodging_Dormitory_or_fraternity_sorority,,,,,,
39,4,Lodging_Dormitory_or_fraternity_sorority,,,,,,
39,5,Lodging_Dormitory_or_fraternity_sorority,,,,,,
39,Aggregated,Lodging_Dormitory_or_fraternity_sorority,,,,,,
39,Centralized,Lodging_Dormitory_or_fraternity_sorority,,,,,,
40,0,Lodging_Dormitory_or_fraternity_sorority,,,,,,
40,1,Lodging_Dormitory_or_fraternity_sorority,,,,,,
40,2,Lodging_Dormitory_or_fraternity_sorority,,,,,,
40,3,Lodging_Dormitory_or_fraternity_sorority,,,,,,
40,4,Lodging_Dormitory_or_fraternity_sorority,,,,,,
40,5,Lodging_Dormitory_or_fraternity_sorority,,,,,,
40,Aggregated,Lodging_Dormitory_or_fraternity_sorority,,,,,,
40,Centralized,Lodging_Dormitory_or_fraternity_sorority,,,,,,
41,0,Lodging_Dormitory_or_fraternity_sorority,,,,,,
41,1,Lodging_Dormitory_or_fraternity_sorority,,,,,,
41,2,Lodging_Dormitory_or_fraternity_sorority,,,,,,
41,3,Lodging_Dormitory_or_fraternity_sorority,,,,,,
41,4,Lodging_Dormitory_or_fraternity_sorority,,,,,,
41,5,Lodging_Dormitory_or_fraternity_sorority,,,,,,
41,Aggregated,Lodging_Dormitory_or_fraternity_sorority,,,,,,
41,Centralized,Lodging_Dormitory_or_fraternity_sorority,,,,,,
42,0,Lodging_Dormitory_or_fraternity_sorority,,,,,,
42,1,Lodging_Dormitory_or_fraternity_sorority,,,,,,
42,2,Lodging_Dormitory_or_fraternity_sorority,,,,,,
42,3,Lodging_Dormitory_or_fraternity_sorority,,,,,,
42,4,Lodging_Dormitory_or_fraternity_sorority,,,,,,
42,5,Lodging_Dormitory_or_fraternity_sorority,,,,,,
42,Aggregated,Lodging_Dormitory_or_fraternity_sorority,,,,,,
42,Centralized,Lodging_Dormitory_or_fraternity_sorority,,,,,,
43,0,Lodging_Dormitory_or_fraternity_sorority,,,,,,
43,1,Lodging_Dormitory_or_fraternity_sorority,,,,,,
43,2,Lodging_Dormitory_or_fraternity_sorority,,,,,,
43,3,Lodging_Dormitory_or_fraternity_sorority,,,,,,
43,4,Lodging_Dormitory_or_fraternity_sorority,,,,,,
43,5,Lodging_Dormitory_or_fraternity_sorority,,,,,,
43,Aggregated,Lodging_Dormitory_or_fraternity_sorority,,,,,,
43,Centralized,Lodging_Dormitory_or_fraternity_sorority,,,,,,
44,0,Lodging_Dormitory_or_fraternity_sorority,,,,,,
44,1,Lodging_Dormitory_or_fraternity_sorority,,,,,,
44,2,Lodging_Dormitory_or_fraternity_sorority,,,,,,
44,3,Lodging_Dormitory_or_fraternity_sorority,,,,,,
44,4,Lodging_Dormitory_or_fraternity_sorority,,,,,,
44,5,Lodging_Dormitory_or_fraternity_sorority,,,,,,
44,Aggregated,Lodging_Dormitory_or_fraternity_sorority,,,,,,
44,Centralized,Lodging_Dormitory_or_fraternity_sorority,,,,,,
45,0,Lodging_Dormitory_or_fraternity_sorority,,,,,,
45,1,Lodging_Dormitory_or_fraternity_sorority,,,,,,
45,2,Lodging_Dormitory_or_fraternity_sorority,,,,,,
45,3,Lodging_Dormitory_or_fraternity_sorority,,,,,,
45,4,Lodging_Dormitory_or_fraternity_sorority,,,,,,
45,5,Lodging_Dormitory_or_fraternity_sorority,,,,,,
45,Aggregated,Lodging_Dormitory_or_fraternity_sorority,,,,,,
45,Centralized,Lodging_Dormitory_or_fraternity_sorority,,,,,,
46,0,Lodging_Dormitory_or_fraternity_sorority,,,,,,
46,1,Lodging_Dormitory_or_fraternity_sorority,,,,,,
46,2,Lodging_Dormitory_or_fraternity_sorority,,,,,,
46,3,Lodging_Dormitory_or_fraternity_sorority,,,,,,
46,4,Lodging_Dormitory_or_fraternity_sorority,,,,,,
46,5,Lodging_Dormitory_or_fraternity_sorority,,,,,,
46,Aggregated,Lodging_Dormitory_or_fraternity_sorority,,,,,,
46,Centralized,Lodging_Dormitory_or_fraternity_sorority,,,,,,
47,0,Lodging_Dormitory_or_fraternity_sorority,,,,,,
47,1,Lodging_Dormitory_or_fraternity_sorority,,,,,,
47,2,Lodging_Dormitory_or_fraternity_sorority,,,,,,
47,3,Lodging_Dormitory_or_fraternity_sorority,,,,,,
47,4,Lodging_Dormitory_or_fraternity_sorority,,,,,,
47,5,Lodging_Dormitory_or_fraternity_sorority,,,,,,
47,Aggregated,Lodging_Dormitory_or_fraternity_sorority,,,,,,
47,Centralized,Lodging_Dormitory_or_fraternity_sorority,,,,,,
48,0,Lodging_Dormitory_or_fraternity_sorority,,,,,,
48,1,Lodging_Dormitory_or_fraternity_sorority,,,,,,
48,2,Lodging_Dormitory_or_fraternity_sorority,,,,,,
48,3,Lodging_Dormitory_or_fraternity_sorority,,,,,,
48,4,Lodging_Dormitory_or_fraternity_sorority,,,,,,
48,5,Lodging_Dormitory_or_fraternity_sorority,,,,,,
48,Aggregated,Lodging_Dormitory_or_fraternity_sorority,,,,,,
48,Centralized,Lodging_Dormitory_or_fraternity_sorority,,,,,,
49,0,Lodging_Dormitory_or_fraternity_sorority,,,,,,
49,1,Lodging_Dormitory_or_fraternity_sorority,,,,,,
49,2,Lodging_Dormitory_or_fraternity_sorority,,,,,,
49,3,Lodging_Dormitory_or_fraternity_sorority,,,,,,
49,4,Lodging_Dormitory_or_fraternity_sorority,,,,,,
49,5,Lodging_Dormitory_or_fraternity_sorority,,,,,,
49,Aggregated,Lodging_Dormitory_or_fraternity_sorority,,,,,,
49,Centralized,Lodging_Dormitory_or_fraternity_sorority,,,,,,
50,0,Lodging_Dormitory_or_fraternity_sorority,,,,,,
50,1,Lodging_Dormitory_or_fraternity_sorority,,,,,,
50,2,Lodging_Dormitory_or_fraternity_sorority,,,,,,
50,3,Lodging_Dormitory_or_fraternity_sorority,,,,,,
50,4,Lodging_Dormitory_or_fraternity_sorority,,,,,,
50,5,Lodging_Dormitory_or_fraternity_sorority,,,,,,
50,Aggregated,Lodging_Dormitory_or_fraternity_sorority,,,,,,
50,Centralized,Lodging_Dormitory_or_fraternity_sorority,,,,,,
0,0,Food_Sales,,,,,,
0,1,Food_Sales,,,,,,
0,2,Food_Sales,,,,,,
0,3,Food_Sales,,,,,,
0,4,Food_Sales,,,,,,
0,5,Food_Sales,,,,,,
0,Aggregated,Food_Sales,,,,,,
0,Centralized,Food_Sales,,,,,,
1,0,Food_Sales,,,,,,
1,1,Food_Sales,,,,,,
1,2,Food_Sales,,,,,,
1,3,Food_Sales,,,,,,
1,4,Food_Sales,,,,,,
1,5,Food_Sales,,,,,,
1,Aggregated,Food_Sales,,,,,,
1,Centralized,Food_Sales,,,,,,
2,0,Food_Sales,,,,,,
2,1,Food_Sales,,,,,,
2,2,Food_Sales,,,,,,
2,3,Food_Sales,,,,,,
2,4,Food_Sales,,,,,,
2,5,Food_Sales,,,,,,
2,Aggregated,Food_Sales,,,,,,
2,Centralized,Food_Sales,,,,,,
3,0,Food_Sales,,,,,,
3,1,Food_Sales,,,,,,
3,2,Food_Sales,,,,,,
3,3,Food_Sales,,,,,,
3,4,Food_Sales,,,,,,
3,5,Food_Sales,,,,,,
3,Aggregated,Food_Sales,,,,,,
3,Centralized,Food_Sales,,,,,,
4,0,Food_Sales,,,,,,
4,1,Food_Sales,,,,,,
4,2,Food_Sales,,,,,,
4,3,Food_Sales,,,,,,
4,4,Food_Sales,,,,,,
4,5,Food_Sales,,,,,,
4,Aggregated,Food_Sales,,,,,,
4,Centralized,Food_Sales,,,,,,
5,0,Food_Sales,,,,,,
5,1,Food_Sales,,,,,,
5,2,Food_Sales,,,,,,
5,3,Food_Sales,,,,,,
5,4,Food_Sales,,,,,,
5,5,Food_Sales,,,,,,
5,Aggregated,Food_Sales,,,,,,
5,Centralized,Food_Sales,,,,,,
6,0,Food_Sales,,,,,,
6,1,Food_Sales,,,,,,
6,2,Food_Sales,,,,,,
6,3,Food_Sales,,,,,,
6,4,Food_Sales,,,,,,
6,5,Food_Sales,,,,,,
6,Aggregated,Food_Sales,,,,,,
6,Centralized,Food_Sales,,,,,,
7,0,Food_Sales,,,,,,
7,1,Food_Sales,,,,,,
7,2,Food_Sales,,,,,,
7,3,Food_Sales,,,,,,
7,4,Food_Sales,,,,,,
7,5,Food_Sales,,,,,,
7,Aggregated,Food_Sales,,,,,,
7,Centralized,Food_Sales,,,,,,
8,0,Food_Sales,,,,,,
8,1,Food_Sales,,,,,,
8,2,Food_Sales,,,,,,
8,3,Food_Sales,,,,,,
8,4,Food_Sales,,,,,,
8,5,Food_Sales,,,,,,
8,Aggregated,Food_Sales,,,,,,
8,Centralized,Food_Sales,,,,,,
9,0,Food_Sales,,,,,,
9,1,Food_Sales,,,,,,
9,2,Food_Sales,,,,,,
9,3,Food_Sales,,,,,,
9,4,Food_Sales,,,,,,
9,5,Food_Sales,,,,,,
9,Aggregated,Food_Sales,,,,,,
9,Centralized,Food_Sales,,,,,,
10,0,Food_Sales,,,,,,
10,1,Food_Sales,,,,,,
10,2,Food_Sales,,,,,,
10,3,Food_Sales,,,,,,
10,4,Food_Sales,,,,,,
10,5,Food_Sales,,,,,,
10,Aggregated,Food_Sales,,,,,,
10,Centralized,Food_Sales,,,,,,
11,0,Food_Sales,,,,,,
11,1,Food_Sales,,,,,,
11,2,Food_Sales,,,,,,
11,3,Food_Sales,,,,,,
11,4,Food_Sales,,,,,,
11,5,Food_Sales,,,,,,
11,Aggregated,Food_Sales,,,,,,
11,Centralized,Food_Sales,,,,,,
12,0,Food_Sales,,,,,,
12,1,Food_Sales,,,,,,
12,2,Food_Sales,,,,,,
12,3,Food_Sales,,,,,,
12,4,Food_Sales,,,,,,
12,5,Food_Sales,,,,,,
12,Aggregated,Food_Sales,,,,,,
12,Centralized,Food_Sales,,,,,,
13,0,Food_Sales,,,,,,
13,1,Food_Sales,,,,,,
13,2,Food_Sales,,,,,,
13,3,Food_Sales,,,,,,
13,4,Food_Sales,,,,,,
13,5,Food_Sales,,,,,,
13,Aggregated,Food_Sales,,,,,,
13,Centralized,Food_Sales,,,,,,
14,0,Food_Sales,,,,,,
14,1,Food_Sales,,,,,,
14,2,Food_Sales,,,,,,
14,3,Food_Sales,,,,,,
14,4,Food_Sales,,,,,,
14,5,Food_Sales,,,,,,
14,Aggregated,Food_Sales,,,,,,
14,Centralized,Food_Sales,,,,,,
15,0,Food_Sales,,,,,,
15,1,Food_Sales,,,,,,
15,2,Food_Sales,,,,,,
15,3,Food_Sales,,,,,,
15,4,Food_Sales,,,,,,
15,5,Food_Sales,,,,,,
15,Aggregated,Food_Sales,,,,,,
15,Centralized,Food_Sales,,,,,,
16,0,Food_Sales,,,,,,
16,1,Food_Sales,,,,,,
16,2,Food_Sales,,,,,,
16,3,Food_Sales,,,,,,
16,4,Food_Sales,,,,,,
16,5,Food_Sales,,,,,,
16,Aggregated,Food_Sales,,,,,,
16,Centralized,Food_Sales,,,,,,
17,0,Food_Sales,,,,,,
17,1,Food_Sales,,,,,,
17,2,Food_Sales,,,,,,
17,3,Food_Sales,,,,,,
17,4,Food_Sales,,,,,,
17,5,Food_Sales,,,,,,
17,Aggregated,Food_Sales,,,,,,
17,Centralized,Food_Sales,,,,,,
18,0,Food_Sales,,,,,,
18,1,Food_Sales,,,,,,
18,2,Food_Sales,,,,,,
18,3,Food_Sales,,,,,,
18,4,Food_Sales,,,,,,
18,5,Food_Sales,,,,,,
18,Aggregated,Food_Sales,,,,,,
18,Centralized,Food_Sales,,,,,,
19,0,Food_Sales,,,,,,
19,1,Food_Sales,,,,,,
19,2,Food_Sales,,,,,,
19,3,Food_Sales,,,,,,
19,4,Food_Sales,,,,,,
19,5,Food_Sales,,,,,,
19,Aggregated,Food_Sales,,,,,,
19,Centralized,Food_Sales,,,,,,
20,0,Food_Sales,,,,,,
20,1,Food_Sales,,,,,,
20,2,Food_Sales,,,,,,
20,3,Food_Sales,,,,,,
20,4,Food_Sales,,,,,,
20,5,Food_Sales,,,,,,
20,Aggregated,Food_Sales,,,,,,
20,Centralized,Food_Sales,,,,,,
21,0,Food_Sales,,,,,,
21,1,Food_Sales,,,,,,
21,2,Food_Sales,,,,,,
21,3,Food_Sales,,,,,,
21,4,Food_Sales,,,,,,
21,5,Food_Sales,,,,,,
21,Aggregated,Food_Sales,,,,,,
21,Centralized,Food_Sales,,,,,,
22,0,Food_Sales,,,,,,
22,1,Food_Sales,,,,,,
22,2,Food_Sales,,,,,,
22,3,Food_Sales,,,,,,
22,4,Food_Sales,,,,,,
22,5,Food_Sales,,,,,,
22,Aggregated,Food_Sales,,,,,,
22,Centralized,Food_Sales,,,,,,
23,0,Food_Sales,,,,,,
23,1,Food_Sales,,,,,,
23,2,Food_Sales,,,,,,
23,3,Food_Sales,,,,,,
23,4,Food_Sales,,,,,,
23,5,Food_Sales,,,,,,
23,Aggregated,Food_Sales,,,,,,
23,Centralized,Food_Sales,,,,,,
24,0,Food_Sales,,,,,,
24,1,Food_Sales,,,,,,
24,2,Food_Sales,,,,,,
24,3,Food_Sales,,,,,,
24,4,Food_Sales,,,,,,
24,5,Food_Sales,,,,,,
24,Aggregated,Food_Sales,,,,,,
24,Centralized,Food_Sales,,,,,,
25,0,Food_Sales,,,,,,
25,1,Food_Sales,,,,,,
25,2,Food_Sales,,,,,,
25,3,Food_Sales,,,,,,
25,4,Food_Sales,,,,,,
25,5,Food_Sales,,,,,,
25,Aggregated,Food_Sales,,,,,,
25,Centralized,Food_Sales,,,,,,
26,0,Food_Sales,,,,,,
26,1,Food_Sales,,,,,,
26,2,Food_Sales,,,,,,
26,3,Food_Sales,,,,,,
26,4,Food_Sales,,,,,,
26,5,Food_Sales,,,,,,
26,Aggregated,Food_Sales,,,,,,
26,Centralized,Food_Sales,,,,,,
27,0,Food_Sales,,,,,,
27,1,Food_Sales,,,,,,
27,2,Food_Sales,,,,,,
27,3,Food_Sales,,,,,,
27,4,Food_Sales,,,,,,
27,5,Food_Sales,,,,,,
27,Aggregated,Food_Sales,,,,,,
27,Centralized,Food_Sales,,,,,,
28,0,Food_Sales,,,,,,
28,1,Food_Sales,,,,,,
28,2,Food_Sales,,,,,,
28,3,Food_Sales,,,,,,
28,4,Food_Sales,,,,,,
28,5,Food_Sales,,,,,,
28,Aggregated,Food_Sales,,,,,,
28,Centralized,Food_Sales,,,,,,
29,0,Food_Sales,,,,,,
29,1,Food_Sales,,,,,,
29,2,Food_Sales,,,,,,
29,3,Food_Sales,,,,,,
29,4,Food_Sales,,,,,,
29,5,Food_Sales,,,,,,
29,Aggregated,Food_Sales,,,,,,
29,Centralized,Food_Sales,,,,,,
30,0,Food_Sales,,,,,,
30,1,Food_Sales,,,,,,
30,2,Food_Sales,,,,,,
30,3,Food_Sales,,,,,,
30,4,Food_Sales,,,,,,
30,5,Food_Sales,,,,,,
30,Aggregated,Food_Sales,,,,,,
30,Centralized,Food_Sales,,,,,,
31,0,Food_Sales,,,,,,
31,1,Food_Sales,,,,,,
31,2,Food_Sales,,,,,,
31,3,Food_Sales,,,,,,
31,4,Food_Sales,,,,,,
31,5,Food_Sales,,,,,,
31,Aggregated,Food_Sales,,,,,,
31,Centralized,Food_Sales,,,,,,
32,0,Food_Sales,,,,,,
32,1,Food_Sales,,,,,,
32,2,Food_Sales,,,,,,
32,3,Food_Sales,,,,,,
32,4,Food_Sales,,,,,,
32,5,Food_Sales,,,,,,
32,Aggregated,Food_Sales,,,,,,
32,Centralized,Food_Sales,,,,,,
33,0,Food_Sales,,,,,,
33,1,Food_Sales,,,,,,
33,2,Food_Sales,,,,,,
33,3,Food_Sales,,,,,,
33,4,Food_Sales,,,,,,
33,5,Food_Sales,,,,,,
33,Aggregated,Food_Sales,,,,,,
33,Centralized,Food_Sales,,,,,,
34,0,Food_Sales,,,,,,
34,1,Food_Sales,,,,,,
34,2,Food_Sales,,,,,,
34,3,Food_Sales,,,,,,
34,4,Food_Sales,,,,,,
34,5,Food_Sales,,,,,,
34,Aggregated,Food_Sales,,,,,,
34,Centralized,Food_Sales,,,,,,
35,0,Food_Sales,,,,,,
35,1,Food_Sales,,,,,,
35,2,Food_Sales,,,,,,
35,3,Food_Sales,,,,,,
35,4,Food_Sales,,,,,,
35,5,Food_Sales,,,,,,
35,Aggregated,Food_Sales,,,,,,
35,Centralized,Food_Sales,,,,,,
36,0,Food_Sales,,,,,,
36,1,Food_Sales,,,,,,
36,2,Food_Sales,,,,,,
36,3,Food_Sales,,,,,,
36,4,Food_Sales,,,,,,
36,5,Food_Sales,,,,,,
36,Aggregated,Food_Sales,,,,,,
36,Centralized,Food_Sales,,,,,,
37,0,Food_Sales,,,,,,
37,1,Food_Sales,,,,,,
37,2,Food_Sales,,,,,,
37,3,Food_Sales,,,,,,
37,4,Food_Sales,,,,,,
37,5,Food_Sales,,,,,,
37,Aggregated,Food_Sales,,,,,,
37,Centralized,Food_Sales,,,,,,
38,0,Food_Sales,,,,,,
38,1,Food_Sales,,,,,,
38,2,Food_Sales,,,,,,
38,3,Food_Sales,,,,,,
38,4,Food_Sales,,,,,,
38,5,Food_Sales,,,,,,
38,Aggregated,Food_Sales,,,,,,
38,Centralized,Food_Sales,,,,,,
39,0,Food_Sales,,,,,,
39,1,Food_Sales,,,,,,
39,2,Food_Sales,,,,,,
39,3,Food_Sales,,,,,,
39,4,Food_Sales,,,,,,
39,5,Food_Sales,,,,,,
39,Aggregated,Food_Sales,,,,,,
39,Centralized,Food_Sales,,,,,,
40,0,Food_Sales,,,,,,
40,1,Food_Sales,,,,,,
40,2,Food_Sales,,,,,,
40,3,Food_Sales,,,,,,
40,4,Food_Sales,,,,,,
40,5,Food_Sales,,,,,,
40,Aggregated,Food_Sales,,,,,,
40,Centralized,Food_Sales,,,,,,
41,0,Food_Sales,,,,,,
41,1,Food_Sales,,,,,,
41,2,Food_Sales,,,,,,
41,3,Food_Sales,,,,,,
41,4,Food_Sales,,,,,,
41,5,Food_Sales,,,,,,
41,Aggregated,Food_Sales,,,,,,
41,Centralized,Food_Sales,,,,,,
42,0,Food_Sales,,,,,,
42,1,Food_Sales,,,,,,
42,2,Food_Sales,,,,,,
42,3,Food_Sales,,,,,,
42,4,Food_Sales,,,,,,
42,5,Food_Sales,,,,,,
42,Aggregated,Food_Sales,,,,,,
42,Centralized,Food_Sales,,,,,,
43,0,Food_Sales,,,,,,
43,1,Food_Sales,,,,,,
43,2,Food_Sales,,,,,,
43,3,Food_Sales,,,,,,
43,4,Food_Sales,,,,,,
43,5,Food_Sales,,,,,,
43,Aggregated,Food_Sales,,,,,,
43,Centralized,Food_Sales,,,,,,
44,0,Food_Sales,,,,,,
44,1,Food_Sales,,,,,,
44,2,Food_Sales,,,,,,
44,3,Food_Sales,,,,,,
44,4,Food_Sales,,,,,,
44,5,Food_Sales,,,,,,
44,Aggregated,Food_Sales,,,,,,
44,Centralized,Food_Sales,,,,,,
45,0,Food_Sales,,,,,,
45,1,Food_Sales,,,,,,
45,2,Food_Sales,,,,,,
45,3,Food_Sales,,,,,,
45,4,Food_Sales,,,,,,
45,5,Food_Sales,,,,,,
45,Aggregated,Food_Sales,,,,,,
45,Centralized,Food_Sales,,,,,,
46,0,Food_Sales,,,,,,
46,1,Food_Sales,,,,,,
46,2,Food_Sales,,,,,,
46,3,Food_Sales,,,,,,
46,4,Food_Sales,,,,,,
46,5,Food_Sales,,,,,,
46,Aggregated,Food_Sales,,,,,,
46,Centralized,Food_Sales,,,,,,
47,0,Food_Sales,,,,,,
47,1,Food_Sales,,,,,,
47,2,Food_Sales,,,,,,
47,3,Food_Sales,,,,,,
47,4,Food_Sales,,,,,,
47,5,Food_Sales,,,,,,
47,Aggregated,Food_Sales,,,,,,
47,Centralized,Food_Sales,,,,,,
48,0,Food_Sales,,,,,,
48,1,Food_Sales,,,,,,
48,2,Food_Sales,,,,,,
48,3,Food_Sales,,,,,,
48,4,Food_Sales,,,,,,
48,5,Food_Sales,,,,,,
48,Aggregated,Food_Sales,,,,,,
48,Centralized,Food_Sales,,,,,,
49,0,Food_Sales,,,,,,
49,1,Food_Sales,,,,,,
49,2,Food_Sales,,,,,,
49,3,Food_Sales,,,,,,
49,4,Food_Sales,,,,,,
49,5,Food_Sales,,,,,,
49,Aggregated,Food_Sales,,,,,,
49,Centralized,Food_Sales,,,,,,
50,0,Food_Sales,,,,,,
50,1,Food_Sales,,,,,,
50,2,Food_Sales,,,,,,
50,3,Food_Sales,,,,,,
50,4,Food_Sales,,,,,,
50,5,Food_Sales,,,,,,
50,Aggregated,Food_Sales,,,,,,
50,Centralized,Food_Sales,,,,,,
0,0,Parking_Garage,,,,,,
0,1,Parking_Garage,,,,,,
0,2,Parking_Garage,,,,,,
0,3,Parking_Garage,,,,,,
0,4,Parking_Garage,,,,,,
0,5,Parking_Garage,,,,,,
0,Aggregated,Parking_Garage,,,,,,
0,Centralized,Parking_Garage,,,,,,
1,0,Parking_Garage,,,,,,
1,1,Parking_Garage,,,,,,
1,2,Parking_Garage,,,,,,
1,3,Parking_Garage,,,,,,
1,4,Parking_Garage,,,,,,
1,5,Parking_Garage,,,,,,
1,Aggregated,Parking_Garage,,,,,,
1,Centralized,Parking_Garage,,,,,,
2,0,Parking_Garage,,,,,,
2,1,Parking_Garage,,,,,,
2,2,Parking_Garage,,,,,,
2,3,Parking_Garage,,,,,,
2,4,Parking_Garage,,,,,,
2,5,Parking_Garage,,,,,,
2,Aggregated,Parking_Garage,,,,,,
2,Centralized,Parking_Garage,,,,,,
3,0,Parking_Garage,,,,,,
3,1,Parking_Garage,,,,,,
3,2,Parking_Garage,,,,,,
3,3,Parking_Garage,,,,,,
3,4,Parking_Garage,,,,,,
3,5,Parking_Garage,,,,,,
3,Aggregated,Parking_Garage,,,,,,
3,Centralized,Parking_Garage,,,,,,
4,0,Parking_Garage,,,,,,
4,1,Parking_Garage,,,,,,
4,2,Parking_Garage,,,,,,
4,3,Parking_Garage,,,,,,
4,4,Parking_Garage,,,,,,
4,5,Parking_Garage,,,,,,
4,Aggregated,Parking_Garage,,,,,,
4,Centralized,Parking_Garage,,,,,,
5,0,Parking_Garage,,,,,,
5,1,Parking_Garage,,,,,,
5,2,Parking_Garage,,,,,,
5,3,Parking_Garage,,,,,,
5,4,Parking_Garage,,,,,,
5,5,Parking_Garage,,,,,,
5,Aggregated,Parking_Garage,,,,,,
5,Centralized,Parking_Garage,,,,,,
6,0,Parking_Garage,,,,,,
6,1,Parking_Garage,,,,,,
6,2,Parking_Garage,,,,,,
6,3,Parking_Garage,,,,,,
6,4,Parking_Garage,,,,,,
6,5,Parking_Garage,,,,,,
6,Aggregated,Parking_Garage,,,,,,
6,Centralized,Parking_Garage,,,,,,
7,0,Parking_Garage,,,,,,
7,1,Parking_Garage,,,,,,
7,2,Parking_Garage,,,,,,
7,3,Parking_Garage,,,,,,
7,4,Parking_Garage,,,,,,
7,5,Parking_Garage,,,,,,
7,Aggregated,Parking_Garage,,,,,,
7,Centralized,Parking_Garage,,,,,,
8,0,Parking_Garage,,,,,,
8,1,Parking_Garage,,,,,,
8,2,Parking_Garage,,,,,,
8,3,Parking_Garage,,,,,,
8,4,Parking_Garage,,,,,,
8,5,Parking_Garage,,,,,,
8,Aggregated,Parking_Garage,,,,,,
8,Centralized,Parking_Garage,,,,,,
9,0,Parking_Garage,,,,,,
9,1,Parking_Garage,,,,,,
9,2,Parking_Garage,,,,,,
9,3,Parking_Garage,,,,,,
9,4,Parking_Garage,,,,,,
9,5,Parking_Garage,,,,,,
9,Aggregated,Parking_Garage,,,,,,
9,Centralized,Parking_Garage,,,,,,
10,0,Parking_Garage,,,,,,
10,1,Parking_Garage,,,,,,
10,2,Parking_Garage,,,,,,
10,3,Parking_Garage,,,,,,
10,4,Parking_Garage,,,,,,
10,5,Parking_Garage,,,,,,
10,Aggregated,Parking_Garage,,,,,,
10,Centralized,Parking_Garage,,,,,,
11,0,Parking_Garage,,,,,,
11,1,Parking_Garage,,,,,,
11,2,Parking_Garage,,,,,,
11,3,Parking_Garage,,,,,,
11,4,Parking_Garage,,,,,,
11,5,Parking_Garage,,,,,,
11,Aggregated,Parking_Garage,,,,,,
11,Centralized,Parking_Garage,,,,,,
12,0,Parking_Garage,,,,,,
12,1,Parking_Garage,,,,,,
12,2,Parking_Garage,,,,,,
12,3,Parking_Garage,,,,,,
12,4,Parking_Garage,,,,,,
12,5,Parking_Garage,,,,,,
12,Aggregated,Parking_Garage,,,,,,
12,Centralized,Parking_Garage,,,,,,
13,0,Parking_Garage,,,,,,
13,1,Parking_Garage,,,,,,
13,2,Parking_Garage,,,,,,
13,3,Parking_Garage,,,,,,
13,4,Parking_Garage,,,,,,
13,5,Parking_Garage,,,,,,
13,Aggregated,Parking_Garage,,,,,,
13,Centralized,Parking_Garage,,,,,,
14,0,Parking_Garage,,,,,,
14,1,Parking_Garage,,,,,,
14,2,Parking_Garage,,,,,,
14,3,Parking_Garage,,,,,,
14,4,Parking_Garage,,,,,,
14,5,Parking_Garage,,,,,,
14,Aggregated,Parking_Garage,,,,,,
14,Centralized,Parking_Garage,,,,,,
15,0,Parking_Garage,,,,,,
15,1,Parking_Garage,,,,,,
15,2,Parking_Garage,,,,,,
15,3,Parking_Garage,,,,,,
15,4,Parking_Garage,,,,,,
15,5,Parking_Garage,,,,,,
15,Aggregated,Parking_Garage,,,,,,
15,Centralized,Parking_Garage,,,,,,
16,0,Parking_Garage,,,,,,
16,1,Parking_Garage,,,,,,
16,2,Parking_Garage,,,,,,
16,3,Parking_Garage,,,,,,
16,4,Parking_Garage,,,,,,
16,5,Parking_Garage,,,,,,
16,Aggregated,Parking_Garage,,,,,,
16,Centralized,Parking_Garage,,,,,,
17,0,Parking_Garage,,,,,,
17,1,Parking_Garage,,,,,,
17,2,Parking_Garage,,,,,,
17,3,Parking_Garage,,,,,,
17,4,Parking_Garage,,,,,,
17,5,Parking_Garage,,,,,,
17,Aggregated,Parking_Garage,,,,,,
17,Centralized,Parking_Garage,,,,,,
18,0,Parking_Garage,,,,,,
18,1,Parking_Garage,,,,,,
18,2,Parking_Garage,,,,,,
18,3,Parking_Garage,,,,,,
18,4,Parking_Garage,,,,,,
18,5,Parking_Garage,,,,,,
18,Aggregated,Parking_Garage,,,,,,
18,Centralized,Parking_Garage,,,,,,
19,0,Parking_Garage,,,,,,
19,1,Parking_Garage,,,,,,
19,2,Parking_Garage,,,,,,
19,3,Parking_Garage,,,,,,
19,4,Parking_Garage,,,,,,
19,5,Parking_Garage,,,,,,
19,Aggregated,Parking_Garage,,,,,,
19,Centralized,Parking_Garage,,,,,,
20,0,Parking_Garage,,,,,,
20,1,Parking_Garage,,,,,,
20,2,Parking_Garage,,,,,,
20,3,Parking_Garage,,,,,,
20,4,Parking_Garage,,,,,,
20,5,Parking_Garage,,,,,,
20,Aggregated,Parking_Garage,,,,,,
20,Centralized,Parking_Garage,,,,,,
21,0,Parking_Garage,,,,,,
21,1,Parking_Garage,,,,,,
21,2,Parking_Garage,,,,,,
21,3,Parking_Garage,,,,,,
21,4,Parking_Garage,,,,,,
21,5,Parking_Garage,,,,,,
21,Aggregated,Parking_Garage,,,,,,
21,Centralized,Parking_Garage,,,,,,
22,0,Parking_Garage,,,,,,
22,1,Parking_Garage,,,,,,
22,2,Parking_Garage,,,,,,
22,3,Parking_Garage,,,,,,
22,4,Parking_Garage,,,,,,
22,5,Parking_Garage,,,,,,
22,Aggregated,Parking_Garage,,,,,,
22,Centralized,Parking_Garage,,,,,,
23,0,Parking_Garage,,,,,,
23,1,Parking_Garage,,,,,,
23,2,Parking_Garage,,,,,,
23,3,Parking_Garage,,,,,,
23,4,Parking_Garage,,,,,,
23,5,Parking_Garage,,,,,,
23,Aggregated,Parking_Garage,,,,,,
23,Centralized,Parking_Garage,,,,,,
24,0,Parking_Garage,,,,,,
24,1,Parking_Garage,,,,,,
24,2,Parking_Garage,,,,,,
24,3,Parking_Garage,,,,,,
24,4,Parking_Garage,,,,,,
24,5,Parking_Garage,,,,,,
24,Aggregated,Parking_Garage,,,,,,
24,Centralized,Parking_Garage,,,,,,
25,0,Parking_Garage,,,,,,
25,1,Parking_Garage,,,,,,
25,2,Parking_Garage,,,,,,
25,3,Parking_Garage,,,,,,
25,4,Parking_Garage,,,,,,
25,5,Parking_Garage,,,,,,
25,Aggregated,Parking_Garage,,,,,,
25,Centralized,Parking_Garage,,,,,,
26,0,Parking_Garage,,,,,,
26,1,Parking_Garage,,,,,,
26,2,Parking_Garage,,,,,,
26,3,Parking_Garage,,,,,,
26,4,Parking_Garage,,,,,,
26,5,Parking_Garage,,,,,,
26,Aggregated,Parking_Garage,,,,,,
26,Centralized,Parking_Garage,,,,,,
27,0,Parking_Garage,,,,,,
27,1,Parking_Garage,,,,,,
27,2,Parking_Garage,,,,,,
27,3,Parking_Garage,,,,,,
27,4,Parking_Garage,,,,,,
27,5,Parking_Garage,,,,,,
27,Aggregated,Parking_Garage,,,,,,
27,Centralized,Parking_Garage,,,,,,
28,0,Parking_Garage,,,,,,
28,1,Parking_Garage,,,,,,
28,2,Parking_Garage,,,,,,
28,3,Parking_Garage,,,,,,
28,4,Parking_Garage,,,,,,
28,5,Parking_Garage,,,,,,
28,Aggregated,Parking_Garage,,,,,,
28,Centralized,Parking_Garage,,,,,,
29,0,Parking_Garage,,,,,,
29,1,Parking_Garage,,,,,,
29,2,Parking_Garage,,,,,,
29,3,Parking_Garage,,,,,,
29,4,Parking_Garage,,,,,,
29,5,Parking_Garage,,,,,,
29,Aggregated,Parking_Garage,,,,,,
29,Centralized,Parking_Garage,,,,,,
30,0,Parking_Garage,,,,,,
30,1,Parking_Garage,,,,,,
30,2,Parking_Garage,,,,,,
30,3,Parking_Garage,,,,,,
30,4,Parking_Garage,,,,,,
30,5,Parking_Garage,,,,,,
30,Aggregated,Parking_Garage,,,,,,
30,Centralized,Parking_Garage,,,,,,
31,0,Parking_Garage,,,,,,
31,1,Parking_Garage,,,,,,
31,2,Parking_Garage,,,,,,
31,3,Parking_Garage,,,,,,
31,4,Parking_Garage,,,,,,
31,5,Parking_Garage,,,,,,
31,Aggregated,Parking_Garage,,,,,,
31,Centralized,Parking_Garage,,,,,,
32,0,Parking_Garage,,,,,,
32,1,Parking_Garage,,,,,,
32,2,Parking_Garage,,,,,,
32,3,Parking_Garage,,,,,,
32,4,Parking_Garage,,,,,,
32,5,Parking_Garage,,,,,,
32,Aggregated,Parking_Garage,,,,,,
32,Centralized,Parking_Garage,,,,,,
33,0,Parking_Garage,,,,,,
33,1,Parking_Garage,,,,,,
33,2,Parking_Garage,,,,,,
33,3,Parking_Garage,,,,,,
33,4,Parking_Garage,,,,,,
33,5,Parking_Garage,,,,,,
33,Aggregated,Parking_Garage,,,,,,
33,Centralized,Parking_Garage,,,,,,
34,0,Parking_Garage,,,,,,
34,1,Parking_Garage,,,,,,
34,2,Parking_Garage,,,,,,
34,3,Parking_Garage,,,,,,
34,4,Parking_Garage,,,,,,
34,5,Parking_Garage,,,,,,
34,Aggregated,Parking_Garage,,,,,,
34,Centralized,Parking_Garage,,,,,,
35,0,Parking_Garage,,,,,,
35,1,Parking_Garage,,,,,,
35,2,Parking_Garage,,,,,,
35,3,Parking_Garage,,,,,,
35,4,Parking_Garage,,,,,,
35,5,Parking_Garage,,,,,,
35,Aggregated,Parking_Garage,,,,,,
35,Centralized,Parking_Garage,,,,,,
36,0,Parking_Garage,,,,,,
36,1,Parking_Garage,,,,,,
36,2,Parking_Garage,,,,,,
36,3,Parking_Garage,,,,,,
36,4,Parking_Garage,,,,,,
36,5,Parking_Garage,,,,,,
36,Aggregated,Parking_Garage,,,,,,
36,Centralized,Parking_Garage,,,,,,
37,0,Parking_Garage,,,,,,
37,1,Parking_Garage,,,,,,
37,2,Parking_Garage,,,,,,
37,3,Parking_Garage,,,,,,
37,4,Parking_Garage,,,,,,
37,5,Parking_Garage,,,,,,
37,Aggregated,Parking_Garage,,,,,,
37,Centralized,Parking_Garage,,,,,,
38,0,Parking_Garage,,,,,,
38,1,Parking_Garage,,,,,,
38,2,Parking_Garage,,,,,,
38,3,Parking_Garage,,,,,,
38,4,Parking_Garage,,,,,,
38,5,Parking_Garage,,,,,,
38,Aggregated,Parking_Garage,,,,,,
38,Centralized,Parking_Garage,,,,,,
39,0,Parking_Garage,,,,,,
39,1,Parking_Garage,,,,,,
39,2,Parking_Garage,,,,,,
39,3,Parking_Garage,,,,,,
39,4,Parking_Garage,,,,,,
39,5,Parking_Garage,,,,,,
39,Aggregated,Parking_Garage,,,,,,
39,Centralized,Parking_Garage,,,,,,
40,0,Parking_Garage,,,,,,
40,1,Parking_Garage,,,,,,
40,2,Parking_Garage,,,,,,
40,3,Parking_Garage,,,,,,
40,4,Parking_Garage,,,,,,
40,5,Parking_Garage,,,,,,
40,Aggregated,Parking_Garage,,,,,,
40,Centralized,Parking_Garage,,,,,,
41,0,Parking_Garage,,,,,,
41,1,Parking_Garage,,,,,,
41,2,Parking_Garage,,,,,,
41,3,Parking_Garage,,,,,,
41,4,Parking_Garage,,,,,,
41,5,Parking_Garage,,,,,,
41,Aggregated,Parking_Garage,,,,,,
41,Centralized,Parking_Garage,,,,,,
42,0,Parking_Garage,,,,,,
42,1,Parking_Garage,,,,,,
42,2,Parking_Garage,,,,,,
42,3,Parking_Garage,,,,,,
42,4,Parking_Garage,,,,,,
42,5,Parking_Garage,,,,,,
42,Aggregated,Parking_Garage,,,,,,
42,Centralized,Parking_Garage,,,,,,
43,0,Parking_Garage,,,,,,
43,1,Parking_Garage,,,,,,
43,2,Parking_Garage,,,,,,
43,3,Parking_Garage,,,,,,
43,4,Parking_Garage,,,,,,
43,5,Parking_Garage,,,,,,
43,Aggregated,Parking_Garage,,,,,,
43,Centralized,Parking_Garage,,,,,,
44,0,Parking_Garage,,,,,,
44,1,Parking_Garage,,,,,,
44,2,Parking_Garage,,,,,,
44,3,Parking_Garage,,,,,,
44,4,Parking_Garage,,,,,,
44,5,Parking_Garage,,,,,,
44,Aggregated,Parking_Garage,,,,,,
44,Centralized,Parking_Garage,,,,,,
45,0,Parking_Garage,,,,,,
45,1,Parking_Garage,,,,,,
45,2,Parking_Garage,,,,,,
45,3,Parking_Garage,,,,,,
45,4,Parking_Garage,,,,,,
45,5,Parking_Garage,,,,,,
45,Aggregated,Parking_Garage,,,,,,
45,Centralized,Parking_Garage,,,,,,
46,0,Parking_Garage,,,,,,
46,1,Parking_Garage,,,,,,
46,2,Parking_Garage,,,,,,
46,3,Parking_Garage,,,,,,
46,4,Parking_Garage,,,,,,
46,5,Parking_Garage,,,,,,
46,Aggregated,Parking_Garage,,,,,,
46,Centralized,Parking_Garage,,,,,,
47,0,Parking_Garage,,,,,,
47,1,Parking_Garage,,,,,,
47,2,Parking_Garage,,,,,,
47,3,Parking_Garage,,,,,,
47,4,Parking_Garage,,,,,,
47,5,Parking_Garage,,,,,,
47,Aggregated,Parking_Garage,,,,,,
47,Centralized,Parking_Garage,,,,,,
48,0,Parking_Garage,,,,,,
48,1,Parking_Garage,,,,,,
48,2,Parking_Garage,,,,,,
48,3,Parking_Garage,,,,,,
48,4,Parking_Garage,,,,,,
48,5,Parking_Garage,,,,,,
48,Aggregated,Parking_Garage,,,,,,
48,Centralized,Parking_Garage,,,,,,
49,0,Parking_Garage,,,,,,
49,1,Parking_Garage,,,,,,
49,2,Parking_Garage,,,,,,
49,3,Parking_Garage,,,,,,
49,4,Parking_Garage,,,,,,
49,5,Parking_Garage,,,,,,
49,Aggregated,Parking_Garage,,,,,,
49,Centralized,Parking_Garage,,,,,,
50,0,Parking_Garage,,,,,,
50,1,Parking_Garage,,,,,,
50,2,Parking_Garage,,,,,,
50,3,Parking_Garage,,,,,,
50,4,Parking_Garage,,,,,,
50,5,Parking_Garage,,,,,,
50,Aggregated,Parking_Garage,,,,,,
50,Centralized,Parking_Garage,,,,,,
0,0,Food_Service_Uncategorized,,,,,,
0,1,Food_Service_Uncategorized,,,,,,
0,2,Food_Service_Uncategorized,,,,,,
0,3,Food_Service_Uncategorized,,,,,,
0,4,Food_Service_Uncategorized,,,,,,
0,5,Food_Service_Uncategorized,,,,,,
0,Aggregated,Food_Service_Uncategorized,,,,,,
0,Centralized,Food_Service_Uncategorized,,,,,,
1,0,Food_Service_Uncategorized,,,,,,
1,1,Food_Service_Uncategorized,,,,,,
1,2,Food_Service_Uncategorized,,,,,,
1,3,Food_Service_Uncategorized,,,,,,
1,4,Food_Service_Uncategorized,,,,,,
1,5,Food_Service_Uncategorized,,,,,,
1,Aggregated,Food_Service_Uncategorized,,,,,,
1,Centralized,Food_Service_Uncategorized,,,,,,
2,0,Food_Service_Uncategorized,,,,,,
2,1,Food_Service_Uncategorized,,,,,,
2,2,Food_Service_Uncategorized,,,,,,
2,3,Food_Service_Uncategorized,,,,,,
2,4,Food_Service_Uncategorized,,,,,,
2,5,Food_Service_Uncategorized,,,,,,
2,Aggregated,Food_Service_Uncategorized,,,,,,
2,Centralized,Food_Service_Uncategorized,,,,,,
3,0,Food_Service_Uncategorized,,,,,,
3,1,Food_Service_Uncategorized,,,,,,
3,2,Food_Service_Uncategorized,,,,,,
3,3,Food_Service_Uncategorized,,,,,,
3,4,Food_Service_Uncategorized,,,,,,
3,5,Food_Service_Uncategorized,,,,,,
3,Aggregated,Food_Service_Uncategorized,,,,,,
3,Centralized,Food_Service_Uncategorized,,,,,,
4,0,Food_Service_Uncategorized,,,,,,
4,1,Food_Service_Uncategorized,,,,,,
4,2,Food_Service_Uncategorized,,,,,,
4,3,Food_Service_Uncategorized,,,,,,
4,4,Food_Service_Uncategorized,,,,,,
4,5,Food_Service_Uncategorized,,,,,,
4,Aggregated,Food_Service_Uncategorized,,,,,,
4,Centralized,Food_Service_Uncategorized,,,,,,
5,0,Food_Service_Uncategorized,,,,,,
5,1,Food_Service_Uncategorized,,,,,,
5,2,Food_Service_Uncategorized,,,,,,
5,3,Food_Service_Uncategorized,,,,,,
5,4,Food_Service_Uncategorized,,,,,,
5,5,Food_Service_Uncategorized,,,,,,
5,Aggregated,Food_Service_Uncategorized,,,,,,
5,Centralized,Food_Service_Uncategorized,,,,,,
6,0,Food_Service_Uncategorized,,,,,,
6,1,Food_Service_Uncategorized,,,,,,
6,2,Food_Service_Uncategorized,,,,,,
6,3,Food_Service_Uncategorized,,,,,,
6,4,Food_Service_Uncategorized,,,,,,
6,5,Food_Service_Uncategorized,,,,,,
6,Aggregated,Food_Service_Uncategorized,,,,,,
6,Centralized,Food_Service_Uncategorized,,,,,,
7,0,Food_Service_Uncategorized,,,,,,
7,1,Food_Service_Uncategorized,,,,,,
7,2,Food_Service_Uncategorized,,,,,,
7,3,Food_Service_Uncategorized,,,,,,
7,4,Food_Service_Uncategorized,,,,,,
7,5,Food_Service_Uncategorized,,,,,,
7,Aggregated,Food_Service_Uncategorized,,,,,,
7,Centralized,Food_Service_Uncategorized,,,,,,
8,0,Food_Service_Uncategorized,,,,,,
8,1,Food_Service_Uncategorized,,,,,,
8,2,Food_Service_Uncategorized,,,,,,
8,3,Food_Service_Uncategorized,,,,,,
8,4,Food_Service_Uncategorized,,,,,,
8,5,Food_Service_Uncategorized,,,,,,
8,Aggregated,Food_Service_Uncategorized,,,,,,
8,Centralized,Food_Service_Uncategorized,,,,,,
9,0,Food_Service_Uncategorized,,,,,,
9,1,Food_Service_Uncategorized,,,,,,
9,2,Food_Service_Uncategorized,,,,,,
9,3,Food_Service_Uncategorized,,,,,,
9,4,Food_Service_Uncategorized,,,,,,
9,5,Food_Service_Uncategorized,,,,,,
9,Aggregated,Food_Service_Uncategorized,,,,,,
9,Centralized,Food_Service_Uncategorized,,,,,,
10,0,Food_Service_Uncategorized,,,,,,
10,1,Food_Service_Uncategorized,,,,,,
10,2,Food_Service_Uncategorized,,,,,,
10,3,Food_Service_Uncategorized,,,,,,
10,4,Food_Service_Uncategorized,,,,,,
10,5,Food_Service_Uncategorized,,,,,,
10,Aggregated,Food_Service_Uncategorized,,,,,,
10,Centralized,Food_Service_Uncategorized,,,,,,
11,0,Food_Service_Uncategorized,,,,,,
11,1,Food_Service_Uncategorized,,,,,,
11,2,Food_Service_Uncategorized,,,,,,
11,3,Food_Service_Uncategorized,,,,,,
11,4,Food_Service_Uncategorized,,,,,,
11,5,Food_Service_Uncategorized,,,,,,
11,Aggregated,Food_Service_Uncategorized,,,,,,
11,Centralized,Food_Service_Uncategorized,,,,,,
12,0,Food_Service_Uncategorized,,,,,,
12,1,Food_Service_Uncategorized,,,,,,
12,2,Food_Service_Uncategorized,,,,,,
12,3,Food_Service_Uncategorized,,,,,,
12,4,Food_Service_Uncategorized,,,,,,
12,5,Food_Service_Uncategorized,,,,,,
12,Aggregated,Food_Service_Uncategorized,,,,,,
12,Centralized,Food_Service_Uncategorized,,,,,,
13,0,Food_Service_Uncategorized,,,,,,
13,1,Food_Service_Uncategorized,,,,,,
13,2,Food_Service_Uncategorized,,,,,,
13,3,Food_Service_Uncategorized,,,,,,
13,4,Food_Service_Uncategorized,,,,,,
13,5,Food_Service_Uncategorized,,,,,,
13,Aggregated,Food_Service_Uncategorized,,,,,,
13,Centralized,Food_Service_Uncategorized,,,,,,
14,0,Food_Service_Uncategorized,,,,,,
14,1,Food_Service_Uncategorized,,,,,,
14,2,Food_Service_Uncategorized,,,,,,
14,3,Food_Service_Uncategorized,,,,,,
14,4,Food_Service_Uncategorized,,,,,,
14,5,Food_Service_Uncategorized,,,,,,
14,Aggregated,Food_Service_Uncategorized,,,,,,
14,Centralized,Food_Service_Uncategorized,,,,,,
15,0,Food_Service_Uncategorized,,,,,,
15,1,Food_Service_Uncategorized,,,,,,
15,2,Food_Service_Uncategorized,,,,,,
15,3,Food_Service_Uncategorized,,,,,,
15,4,Food_Service_Uncategorized,,,,,,
15,5,Food_Service_Uncategorized,,,,,,
15,Aggregated,Food_Service_Uncategorized,,,,,,
15,Centralized,Food_Service_Uncategorized,,,,,,
16,0,Food_Service_Uncategorized,,,,,,
16,1,Food_Service_Uncategorized,,,,,,
16,2,Food_Service_Uncategorized,,,,,,
16,3,Food_Service_Uncategorized,,,,,,
16,4,Food_Service_Uncategorized,,,,,,
16,5,Food_Service_Uncategorized,,,,,,
16,Aggregated,Food_Service_Uncategorized,,,,,,
16,Centralized,Food_Service_Uncategorized,,,,,,
17,0,Food_Service_Uncategorized,,,,,,
17,1,Food_Service_Uncategorized,,,,,,
17,2,Food_Service_Uncategorized,,,,,,
17,3,Food_Service_Uncategorized,,,,,,
17,4,Food_Service_Uncategorized,,,,,,
17,5,Food_Service_Uncategorized,,,,,,
17,Aggregated,Food_Service_Uncategorized,,,,,,
17,Centralized,Food_Service_Uncategorized,,,,,,
18,0,Food_Service_Uncategorized,,,,,,
18,1,Food_Service_Uncategorized,,,,,,
18,2,Food_Service_Uncategorized,,,,,,
18,3,Food_Service_Uncategorized,,,,,,
18,4,Food_Service_Uncategorized,,,,,,
18,5,Food_Service_Uncategorized,,,,,,
18,Aggregated,Food_Service_Uncategorized,,,,,,
18,Centralized,Food_Service_Uncategorized,,,,,,
19,0,Food_Service_Uncategorized,,,,,,
19,1,Food_Service_Uncategorized,,,,,,
19,2,Food_Service_Uncategorized,,,,,,
19,3,Food_Service_Uncategorized,,,,,,
19,4,Food_Service_Uncategorized,,,,,,
19,5,Food_Service_Uncategorized,,,,,,
19,Aggregated,Food_Service_Uncategorized,,,,,,
19,Centralized,Food_Service_Uncategorized,,,,,,
20,0,Food_Service_Uncategorized,,,,,,
20,1,Food_Service_Uncategorized,,,,,,
20,2,Food_Service_Uncategorized,,,,,,
20,3,Food_Service_Uncategorized,,,,,,
20,4,Food_Service_Uncategorized,,,,,,
20,5,Food_Service_Uncategorized,,,,,,
20,Aggregated,Food_Service_Uncategorized,,,,,,
20,Centralized,Food_Service_Uncategorized,,,,,,
21,0,Food_Service_Uncategorized,,,,,,
21,1,Food_Service_Uncategorized,,,,,,
21,2,Food_Service_Uncategorized,,,,,,
21,3,Food_Service_Uncategorized,,,,,,
21,4,Food_Service_Uncategorized,,,,,,
21,5,Food_Service_Uncategorized,,,,,,
21,Aggregated,Food_Service_Uncategorized,,,,,,
21,Centralized,Food_Service_Uncategorized,,,,,,
22,0,Food_Service_Uncategorized,,,,,,
22,1,Food_Service_Uncategorized,,,,,,
22,2,Food_Service_Uncategorized,,,,,,
22,3,Food_Service_Uncategorized,,,,,,
22,4,Food_Service_Uncategorized,,,,,,
22,5,Food_Service_Uncategorized,,,,,,
22,Aggregated,Food_Service_Uncategorized,,,,,,
22,Centralized,Food_Service_Uncategorized,,,,,,
23,0,Food_Service_Uncategorized,,,,,,
23,1,Food_Service_Uncategorized,,,,,,
23,2,Food_Service_Uncategorized,,,,,,
23,3,Food_Service_Uncategorized,,,,,,
23,4,Food_Service_Uncategorized,,,,,,
23,5,Food_Service_Uncategorized,,,,,,
23,Aggregated,Food_Service_Uncategorized,,,,,,
23,Centralized,Food_Service_Uncategorized,,,,,,
24,0,Food_Service_Uncategorized,,,,,,
24,1,Food_Service_Uncategorized,,,,,,
24,2,Food_Service_Uncategorized,,,,,,
24,3,Food_Service_Uncategorized,,,,,,
24,4,Food_Service_Uncategorized,,,,,,
24,5,Food_Service_Uncategorized,,,,,,
24,Aggregated,Food_Service_Uncategorized,,,,,,
24,Centralized,Food_Service_Uncategorized,,,,,,
25,0,Food_Service_Uncategorized,,,,,,
25,1,Food_Service_Uncategorized,,,,,,
25,2,Food_Service_Uncategorized,,,,,,
25,3,Food_Service_Uncategorized,,,,,,
25,4,Food_Service_Uncategorized,,,,,,
25,5,Food_Service_Uncategorized,,,,,,
25,Aggregated,Food_Service_Uncategorized,,,,,,
25,Centralized,Food_Service_Uncategorized,,,,,,
26,0,Food_Service_Uncategorized,,,,,,
26,1,Food_Service_Uncategorized,,,,,,
26,2,Food_Service_Uncategorized,,,,,,
26,3,Food_Service_Uncategorized,,,,,,
26,4,Food_Service_Uncategorized,,,,,,
26,5,Food_Service_Uncategorized,,,,,,
26,Aggregated,Food_Service_Uncategorized,,,,,,
26,Centralized,Food_Service_Uncategorized,,,,,,
27,0,Food_Service_Uncategorized,,,,,,
27,1,Food_Service_Uncategorized,,,,,,
27,2,Food_Service_Uncategorized,,,,,,
27,3,Food_Service_Uncategorized,,,,,,
27,4,Food_Service_Uncategorized,,,,,,
27,5,Food_Service_Uncategorized,,,,,,
27,Aggregated,Food_Service_Uncategorized,,,,,,
27,Centralized,Food_Service_Uncategorized,,,,,,
28,0,Food_Service_Uncategorized,,,,,,
28,1,Food_Service_Uncategorized,,,,,,
28,2,Food_Service_Uncategorized,,,,,,
28,3,Food_Service_Uncategorized,,,,,,
28,4,Food_Service_Uncategorized,,,,,,
28,5,Food_Service_Uncategorized,,,,,,
28,Aggregated,Food_Service_Uncategorized,,,,,,
28,Centralized,Food_Service_Uncategorized,,,,,,
29,0,Food_Service_Uncategorized,,,,,,
29,1,Food_Service_Uncategorized,,,,,,
29,2,Food_Service_Uncategorized,,,,,,
29,3,Food_Service_Uncategorized,,,,,,
29,4,Food_Service_Uncategorized,,,,,,
29,5,Food_Service_Uncategorized,,,,,,
29,Aggregated,Food_Service_Uncategorized,,,,,,
29,Centralized,Food_Service_Uncategorized,,,,,,
30,0,Food_Service_Uncategorized,,,,,,
30,1,Food_Service_Uncategorized,,,,,,
30,2,Food_Service_Uncategorized,,,,,,
30,3,Food_Service_Uncategorized,,,,,,
30,4,Food_Service_Uncategorized,,,,,,
30,5,Food_Service_Uncategorized,,,,,,
30,Aggregated,Food_Service_Uncategorized,,,,,,
30,Centralized,Food_Service_Uncategorized,,,,,,
31,0,Food_Service_Uncategorized,,,,,,
31,1,Food_Service_Uncategorized,,,,,,
31,2,Food_Service_Uncategorized,,,,,,
31,3,Food_Service_Uncategorized,,,,,,
31,4,Food_Service_Uncategorized,,,,,,
31,5,Food_Service_Uncategorized,,,,,,
31,Aggregated,Food_Service_Uncategorized,,,,,,
31,Centralized,Food_Service_Uncategorized,,,,,,
32,0,Food_Service_Uncategorized,,,,,,
32,1,Food_Service_Uncategorized,,,,,,
32,2,Food_Service_Uncategorized,,,,,,
32,3,Food_Service_Uncategorized,,,,,,
32,4,Food_Service_Uncategorized,,,,,,
32,5,Food_Service_Uncategorized,,,,,,
32,Aggregated,Food_Service_Uncategorized,,,,,,
32,Centralized,Food_Service_Uncategorized,,,,,,
33,0,Food_Service_Uncategorized,,,,,,
33,1,Food_Service_Uncategorized,,,,,,
33,2,Food_Service_Uncategorized,,,,,,
33,3,Food_Service_Uncategorized,,,,,,
33,4,Food_Service_Uncategorized,,,,,,
33,5,Food_Service_Uncategorized,,,,,,
33,Aggregated,Food_Service_Uncategorized,,,,,,
33,Centralized,Food_Service_Uncategorized,,,,,,
34,0,Food_Service_Uncategorized,,,,,,
34,1,Food_Service_Uncategorized,,,,,,
34,2,Food_Service_Uncategorized,,,,,,
34,3,Food_Service_Uncategorized,,,,,,
34,4,Food_Service_Uncategorized,,,,,,
34,5,Food_Service_Uncategorized,,,,,,
34,Aggregated,Food_Service_Uncategorized,,,,,,
34,Centralized,Food_Service_Uncategorized,,,,,,
35,0,Food_Service_Uncategorized,,,,,,
35,1,Food_Service_Uncategorized,,,,,,
35,2,Food_Service_Uncategorized,,,,,,
35,3,Food_Service_Uncategorized,,,,,,
35,4,Food_Service_Uncategorized,,,,,,
35,5,Food_Service_Uncategorized,,,,,,
35,Aggregated,Food_Service_Uncategorized,,,,,,
35,Centralized,Food_Service_Uncategorized,,,,,,
36,0,Food_Service_Uncategorized,,,,,,
36,1,Food_Service_Uncategorized,,,,,,
36,2,Food_Service_Uncategorized,,,,,,
36,3,Food_Service_Uncategorized,,,,,,
36,4,Food_Service_Uncategorized,,,,,,
36,5,Food_Service_Uncategorized,,,,,,
36,Aggregated,Food_Service_Uncategorized,,,,,,
36,Centralized,Food_Service_Uncategorized,,,,,,
37,0,Food_Service_Uncategorized,,,,,,
37,1,Food_Service_Uncategorized,,,,,,
37,2,Food_Service_Uncategorized,,,,,,
37,3,Food_Service_Uncategorized,,,,,,
37,4,Food_Service_Uncategorized,,,,,,
37,5,Food_Service_Uncategorized,,,,,,
37,Aggregated,Food_Service_Uncategorized,,,,,,
37,Centralized,Food_Service_Uncategorized,,,,,,
38,0,Food_Service_Uncategorized,,,,,,
38,1,Food_Service_Uncategorized,,,,,,
38,2,Food_Service_Uncategorized,,,,,,
38,3,Food_Service_Uncategorized,,,,,,
38,4,Food_Service_Uncategorized,,,,,,
38,5,Food_Service_Uncategorized,,,,,,
38,Aggregated,Food_Service_Uncategorized,,,,,,
38,Centralized,Food_Service_Uncategorized,,,,,,
39,0,Food_Service_Uncategorized,,,,,,
39,1,Food_Service_Uncategorized,,,,,,
39,2,Food_Service_Uncategorized,,,,,,
39,3,Food_Service_Uncategorized,,,,,,
39,4,Food_Service_Uncategorized,,,,,,
39,5,Food_Service_Uncategorized,,,,,,
39,Aggregated,Food_Service_Uncategorized,,,,,,
39,Centralized,Food_Service_Uncategorized,,,,,,
40,0,Food_Service_Uncategorized,,,,,,
40,1,Food_Service_Uncategorized,,,,,,
40,2,Food_Service_Uncategorized,,,,,,
40,3,Food_Service_Uncategorized,,,,,,
40,4,Food_Service_Uncategorized,,,,,,
40,5,Food_Service_Uncategorized,,,,,,
40,Aggregated,Food_Service_Uncategorized,,,,,,
40,Centralized,Food_Service_Uncategorized,,,,,,
41,0,Food_Service_Uncategorized,,,,,,
41,1,Food_Service_Uncategorized,,,,,,
41,2,Food_Service_Uncategorized,,,,,,
41,3,Food_Service_Uncategorized,,,,,,
41,4,Food_Service_Uncategorized,,,,,,
41,5,Food_Service_Uncategorized,,,,,,
41,Aggregated,Food_Service_Uncategorized,,,,,,
41,Centralized,Food_Service_Uncategorized,,,,,,
42,0,Food_Service_Uncategorized,,,,,,
42,1,Food_Service_Uncategorized,,,,,,
42,2,Food_Service_Uncategorized,,,,,,
42,3,Food_Service_Uncategorized,,,,,,
42,4,Food_Service_Uncategorized,,,,,,
42,5,Food_Service_Uncategorized,,,,,,
42,Aggregated,Food_Service_Uncategorized,,,,,,
42,Centralized,Food_Service_Uncategorized,,,,,,
43,0,Food_Service_Uncategorized,,,,,,
43,1,Food_Service_Uncategorized,,,,,,
43,2,Food_Service_Uncategorized,,,,,,
43,3,Food_Service_Uncategorized,,,,,,
43,4,Food_Service_Uncategorized,,,,,,
43,5,Food_Service_Uncategorized,,,,,,
43,Aggregated,Food_Service_Uncategorized,,,,,,
43,Centralized,Food_Service_Uncategorized,,,,,,
44,0,Food_Service_Uncategorized,,,,,,
44,1,Food_Service_Uncategorized,,,,,,
44,2,Food_Service_Uncategorized,,,,,,
44,3,Food_Service_Uncategorized,,,,,,
44,4,Food_Service_Uncategorized,,,,,,
44,5,Food_Service_Uncategorized,,,,,,
44,Aggregated,Food_Service_Uncategorized,,,,,,
44,Centralized,Food_Service_Uncategorized,,,,,,
45,0,Food_Service_Uncategorized,,,,,,
45,1,Food_Service_Uncategorized,,,,,,
45,2,Food_Service_Uncategorized,,,,,,
45,3,Food_Service_Uncategorized,,,,,,
45,4,Food_Service_Uncategorized,,,,,,
45,5,Food_Service_Uncategorized,,,,,,
45,Aggregated,Food_Service_Uncategorized,,,,,,
45,Centralized,Food_Service_Uncategorized,,,,,,
46,0,Food_Service_Uncategorized,,,,,,
46,1,Food_Service_Uncategorized,,,,,,
46,2,Food_Service_Uncategorized,,,,,,
46,3,Food_Service_Uncategorized,,,,,,
46,4,Food_Service_Uncategorized,,,,,,
46,5,Food_Service_Uncategorized,,,,,,
46,Aggregated,Food_Service_Uncategorized,,,,,,
46,Centralized,Food_Service_Uncategorized,,,,,,
47,0,Food_Service_Uncategorized,,,,,,
47,1,Food_Service_Uncategorized,,,,,,
47,2,Food_Service_Uncategorized,,,,,,
47,3,Food_Service_Uncategorized,,,,,,
47,4,Food_Service_Uncategorized,,,,,,
47,5,Food_Service_Uncategorized,,,,,,
47,Aggregated,Food_Service_Uncategorized,,,,,,
47,Centralized,Food_Service_Uncategorized,,,,,,
48,0,Food_Service_Uncategorized,,,,,,
48,1,Food_Service_Uncategorized,,,,,,
48,2,Food_Service_Uncategorized,,,,,,
48,3,Food_Service_Uncategorized,,,,,,
48,4,Food_Service_Uncategorized,,,,,,
48,5,Food_Service_Uncategorized,,,,,,
48,Aggregated,Food_Service_Uncategorized,,,,,,
48,Centralized,Food_Service_Uncategorized,,,,,,
49,0,Food_Service_Uncategorized,,,,,,
49,1,Food_Service_Uncategorized,,,,,,
49,2,Food_Service_Uncategorized,,,,,,
49,3,Food_Service_Uncategorized,,,,,,
49,4,Food_Service_Uncategorized,,,,,,
49,5,Food_Service_Uncategorized,,,,,,
49,Aggregated,Food_Service_Uncategorized,,,,,,
49,Centralized,Food_Service_Uncategorized,,,,,,
50,0,Food_Service_Uncategorized,,,,,,
50,1,Food_Service_Uncategorized,,,,,,
50,2,Food_Service_Uncategorized,,,,,,
50,3,Food_Service_Uncategorized,,,,,,
50,4,Food_Service_Uncategorized,,,,,,
50,5,Food_Service_Uncategorized,,,,,,
50,Aggregated,Food_Service_Uncategorized,,,,,,
50,Centralized,Food_Service_Uncategorized,,,,,,
0,0,Mixed_Use_Commercial_and_Residential,,,,,,
0,1,Mixed_Use_Commercial_and_Residential,,,,,,
0,2,Mixed_Use_Commercial_and_Residential,,,,,,
0,3,Mixed_Use_Commercial_and_Residential,,,,,,
0,4,Mixed_Use_Commercial_and_Residential,,,,,,
0,5,Mixed_Use_Commercial_and_Residential,,,,,,
0,Aggregated,Mixed_Use_Commercial_and_Residential,,,,,,
0,Centralized,Mixed_Use_Commercial_and_Residential,,,,,,
1,0,Mixed_Use_Commercial_and_Residential,,,,,,
1,1,Mixed_Use_Commercial_and_Residential,,,,,,
1,2,Mixed_Use_Commercial_and_Residential,,,,,,
1,3,Mixed_Use_Commercial_and_Residential,,,,,,
1,4,Mixed_Use_Commercial_and_Residential,,,,,,
1,5,Mixed_Use_Commercial_and_Residential,,,,,,
1,Aggregated,Mixed_Use_Commercial_and_Residential,,,,,,
1,Centralized,Mixed_Use_Commercial_and_Residential,,,,,,
2,0,Mixed_Use_Commercial_and_Residential,,,,,,
2,1,Mixed_Use_Commercial_and_Residential,,,,,,
2,2,Mixed_Use_Commercial_and_Residential,,,,,,
2,3,Mixed_Use_Commercial_and_Residential,,,,,,
2,4,Mixed_Use_Commercial_and_Residential,,,,,,
2,5,Mixed_Use_Commercial_and_Residential,,,,,,
2,Aggregated,Mixed_Use_Commercial_and_Residential,,,,,,
2,Centralized,Mixed_Use_Commercial_and_Residential,,,,,,
3,0,Mixed_Use_Commercial_and_Residential,,,,,,
3,1,Mixed_Use_Commercial_and_Residential,,,,,,
3,2,Mixed_Use_Commercial_and_Residential,,,,,,
3,3,Mixed_Use_Commercial_and_Residential,,,,,,
3,4,Mixed_Use_Commercial_and_Residential,,,,,,
3,5,Mixed_Use_Commercial_and_Residential,,,,,,
3,Aggregated,Mixed_Use_Commercial_and_Residential,,,,,,
3,Centralized,Mixed_Use_Commercial_and_Residential,,,,,,
4,0,Mixed_Use_Commercial_and_Residential,,,,,,
4,1,Mixed_Use_Commercial_and_Residential,,,,,,
4,2,Mixed_Use_Commercial_and_Residential,,,,,,
4,3,Mixed_Use_Commercial_and_Residential,,,,,,
4,4,Mixed_Use_Commercial_and_Residential,,,,,,
4,5,Mixed_Use_Commercial_and_Residential,,,,,,
4,Aggregated,Mixed_Use_Commercial_and_Residential,,,,,,
4,Centralized,Mixed_Use_Commercial_and_Residential,,,,,,
5,0,Mixed_Use_Commercial_and_Residential,,,,,,
5,1,Mixed_Use_Commercial_and_Residential,,,,,,
5,2,Mixed_Use_Commercial_and_Residential,,,,,,
5,3,Mixed_Use_Commercial_and_Residential,,,,,,
5,4,Mixed_Use_Commercial_and_Residential,,,,,,
5,5,Mixed_Use_Commercial_and_Residential,,,,,,
5,Aggregated,Mixed_Use_Commercial_and_Residential,,,,,,
5,Centralized,Mixed_Use_Commercial_and_Residential,,,,,,
6,0,Mixed_Use_Commercial_and_Residential,,,,,,
6,1,Mixed_Use_Commercial_and_Residential,,,,,,
6,2,Mixed_Use_Commercial_and_Residential,,,,,,
6,3,Mixed_Use_Commercial_and_Residential,,,,,,
6,4,Mixed_Use_Commercial_and_Residential,,,,,,
6,5,Mixed_Use_Commercial_and_Residential,,,,,,
6,Aggregated,Mixed_Use_Commercial_and_Residential,,,,,,
6,Centralized,Mixed_Use_Commercial_and_Residential,,,,,,
7,0,Mixed_Use_Commercial_and_Residential,,,,,,
7,1,Mixed_Use_Commercial_and_Residential,,,,,,
7,2,Mixed_Use_Commercial_and_Residential,,,,,,
7,3,Mixed_Use_Commercial_and_Residential,,,,,,
7,4,Mixed_Use_Commercial_and_Residential,,,,,,
7,5,Mixed_Use_Commercial_and_Residential,,,,,,
7,Aggregated,Mixed_Use_Commercial_and_Residential,,,,,,
7,Centralized,Mixed_Use_Commercial_and_Residential,,,,,,
8,0,Mixed_Use_Commercial_and_Residential,,,,,,
8,1,Mixed_Use_Commercial_and_Residential,,,,,,
8,2,Mixed_Use_Commercial_and_Residential,,,,,,
8,3,Mixed_Use_Commercial_and_Residential,,,,,,
8,4,Mixed_Use_Commercial_and_Residential,,,,,,
8,5,Mixed_Use_Commercial_and_Residential,,,,,,
8,Aggregated,Mixed_Use_Commercial_and_Residential,,,,,,
8,Centralized,Mixed_Use_Commercial_and_Residential,,,,,,
9,0,Mixed_Use_Commercial_and_Residential,,,,,,
9,1,Mixed_Use_Commercial_and_Residential,,,,,,
9,2,Mixed_Use_Commercial_and_Residential,,,,,,
9,3,Mixed_Use_Commercial_and_Residential,,,,,,
9,4,Mixed_Use_Commercial_and_Residential,,,,,,
9,5,Mixed_Use_Commercial_and_Residential,,,,,,
9,Aggregated,Mixed_Use_Commercial_and_Residential,,,,,,
9,Centralized,Mixed_Use_Commercial_and_Residential,,,,,,
10,0,Mixed_Use_Commercial_and_Residential,,,,,,
10,1,Mixed_Use_Commercial_and_Residential,,,,,,
10,2,Mixed_Use_Commercial_and_Residential,,,,,,
10,3,Mixed_Use_Commercial_and_Residential,,,,,,
10,4,Mixed_Use_Commercial_and_Residential,,,,,,
10,5,Mixed_Use_Commercial_and_Residential,,,,,,
10,Aggregated,Mixed_Use_Commercial_and_Residential,,,,,,
10,Centralized,Mixed_Use_Commercial_and_Residential,,,,,,
11,0,Mixed_Use_Commercial_and_Residential,,,,,,
11,1,Mixed_Use_Commercial_and_Residential,,,,,,
11,2,Mixed_Use_Commercial_and_Residential,,,,,,
11,3,Mixed_Use_Commercial_and_Residential,,,,,,
11,4,Mixed_Use_Commercial_and_Residential,,,,,,
11,5,Mixed_Use_Commercial_and_Residential,,,,,,
11,Aggregated,Mixed_Use_Commercial_and_Residential,,,,,,
11,Centralized,Mixed_Use_Commercial_and_Residential,,,,,,
12,0,Mixed_Use_Commercial_and_Residential,,,,,,
12,1,Mixed_Use_Commercial_and_Residential,,,,,,
12,2,Mixed_Use_Commercial_and_Residential,,,,,,
12,3,Mixed_Use_Commercial_and_Residential,,,,,,
12,4,Mixed_Use_Commercial_and_Residential,,,,,,
12,5,Mixed_Use_Commercial_and_Residential,,,,,,
12,Aggregated,Mixed_Use_Commercial_and_Residential,,,,,,
12,Centralized,Mixed_Use_Commercial_and_Residential,,,,,,
13,0,Mixed_Use_Commercial_and_Residential,,,,,,
13,1,Mixed_Use_Commercial_and_Residential,,,,,,
13,2,Mixed_Use_Commercial_and_Residential,,,,,,
13,3,Mixed_Use_Commercial_and_Residential,,,,,,
13,4,Mixed_Use_Commercial_and_Residential,,,,,,
13,5,Mixed_Use_Commercial_and_Residential,,,,,,
13,Aggregated,Mixed_Use_Commercial_and_Residential,,,,,,
13,Centralized,Mixed_Use_Commercial_and_Residential,,,,,,
14,0,Mixed_Use_Commercial_and_Residential,,,,,,
14,1,Mixed_Use_Commercial_and_Residential,,,,,,
14,2,Mixed_Use_Commercial_and_Residential,,,,,,
14,3,Mixed_Use_Commercial_and_Residential,,,,,,
14,4,Mixed_Use_Commercial_and_Residential,,,,,,
14,5,Mixed_Use_Commercial_and_Residential,,,,,,
14,Aggregated,Mixed_Use_Commercial_and_Residential,,,,,,
14,Centralized,Mixed_Use_Commercial_and_Residential,,,,,,
15,0,Mixed_Use_Commercial_and_Residential,,,,,,
15,1,Mixed_Use_Commercial_and_Residential,,,,,,
15,2,Mixed_Use_Commercial_and_Residential,,,,,,
15,3,Mixed_Use_Commercial_and_Residential,,,,,,
15,4,Mixed_Use_Commercial_and_Residential,,,,,,
15,5,Mixed_Use_Commercial_and_Residential,,,,,,
15,Aggregated,Mixed_Use_Commercial_and_Residential,,,,,,
15,Centralized,Mixed_Use_Commercial_and_Residential,,,,,,
16,0,Mixed_Use_Commercial_and_Residential,,,,,,
16,1,Mixed_Use_Commercial_and_Residential,,,,,,
16,2,Mixed_Use_Commercial_and_Residential,,,,,,
16,3,Mixed_Use_Commercial_and_Residential,,,,,,
16,4,Mixed_Use_Commercial_and_Residential,,,,,,
16,5,Mixed_Use_Commercial_and_Residential,,,,,,
16,Aggregated,Mixed_Use_Commercial_and_Residential,,,,,,
16,Centralized,Mixed_Use_Commercial_and_Residential,,,,,,
17,0,Mixed_Use_Commercial_and_Residential,,,,,,
17,1,Mixed_Use_Commercial_and_Residential,,,,,,
17,2,Mixed_Use_Commercial_and_Residential,,,,,,
17,3,Mixed_Use_Commercial_and_Residential,,,,,,
17,4,Mixed_Use_Commercial_and_Residential,,,,,,
17,5,Mixed_Use_Commercial_and_Residential,,,,,,
17,Aggregated,Mixed_Use_Commercial_and_Residential,,,,,,
17,Centralized,Mixed_Use_Commercial_and_Residential,,,,,,
18,0,Mixed_Use_Commercial_and_Residential,,,,,,
18,1,Mixed_Use_Commercial_and_Residential,,,,,,
18,2,Mixed_Use_Commercial_and_Residential,,,,,,
18,3,Mixed_Use_Commercial_and_Residential,,,,,,
18,4,Mixed_Use_Commercial_and_Residential,,,,,,
18,5,Mixed_Use_Commercial_and_Residential,,,,,,
18,Aggregated,Mixed_Use_Commercial_and_Residential,,,,,,
18,Centralized,Mixed_Use_Commercial_and_Residential,,,,,,
19,0,Mixed_Use_Commercial_and_Residential,,,,,,
19,1,Mixed_Use_Commercial_and_Residential,,,,,,
19,2,Mixed_Use_Commercial_and_Residential,,,,,,
19,3,Mixed_Use_Commercial_and_Residential,,,,,,
19,4,Mixed_Use_Commercial_and_Residential,,,,,,
19,5,Mixed_Use_Commercial_and_Residential,,,,,,
19,Aggregated,Mixed_Use_Commercial_and_Residential,,,,,,
19,Centralized,Mixed_Use_Commercial_and_Residential,,,,,,
20,0,Mixed_Use_Commercial_and_Residential,,,,,,
20,1,Mixed_Use_Commercial_and_Residential,,,,,,
20,2,Mixed_Use_Commercial_and_Residential,,,,,,
20,3,Mixed_Use_Commercial_and_Residential,,,,,,
20,4,Mixed_Use_Commercial_and_Residential,,,,,,
20,5,Mixed_Use_Commercial_and_Residential,,,,,,
20,Aggregated,Mixed_Use_Commercial_and_Residential,,,,,,
20,Centralized,Mixed_Use_Commercial_and_Residential,,,,,,
21,0,Mixed_Use_Commercial_and_Residential,,,,,,
21,1,Mixed_Use_Commercial_and_Residential,,,,,,
21,2,Mixed_Use_Commercial_and_Residential,,,,,,
21,3,Mixed_Use_Commercial_and_Residential,,,,,,
21,4,Mixed_Use_Commercial_and_Residential,,,,,,
21,5,Mixed_Use_Commercial_and_Residential,,,,,,
21,Aggregated,Mixed_Use_Commercial_and_Residential,,,,,,
21,Centralized,Mixed_Use_Commercial_and_Residential,,,,,,
22,0,Mixed_Use_Commercial_and_Residential,,,,,,
22,1,Mixed_Use_Commercial_and_Residential,,,,,,
22,2,Mixed_Use_Commercial_and_Residential,,,,,,
22,3,Mixed_Use_Commercial_and_Residential,,,,,,
22,4,Mixed_Use_Commercial_and_Residential,,,,,,
22,5,Mixed_Use_Commercial_and_Residential,,,,,,
22,Aggregated,Mixed_Use_Commercial_and_Residential,,,,,,
22,Centralized,Mixed_Use_Commercial_and_Residential,,,,,,
23,0,Mixed_Use_Commercial_and_Residential,,,,,,
23,1,Mixed_Use_Commercial_and_Residential,,,,,,
23,2,Mixed_Use_Commercial_and_Residential,,,,,,
23,3,Mixed_Use_Commercial_and_Residential,,,,,,
23,4,Mixed_Use_Commercial_and_Residential,,,,,,
23,5,Mixed_Use_Commercial_and_Residential,,,,,,
23,Aggregated,Mixed_Use_Commercial_and_Residential,,,,,,
23,Centralized,Mixed_Use_Commercial_and_Residential,,,,,,
24,0,Mixed_Use_Commercial_and_Residential,,,,,,
24,1,Mixed_Use_Commercial_and_Residential,,,,,,
24,2,Mixed_Use_Commercial_and_Residential,,,,,,
24,3,Mixed_Use_Commercial_and_Residential,,,,,,
24,4,Mixed_Use_Commercial_and_Residential,,,,,,
24,5,Mixed_Use_Commercial_and_Residential,,,,,,
24,Aggregated,Mixed_Use_Commercial_and_Residential,,,,,,
24,Centralized,Mixed_Use_Commercial_and_Residential,,,,,,
25,0,Mixed_Use_Commercial_and_Residential,,,,,,
25,1,Mixed_Use_Commercial_and_Residential,,,,,,
25,2,Mixed_Use_Commercial_and_Residential,,,,,,
25,3,Mixed_Use_Commercial_and_Residential,,,,,,
25,4,Mixed_Use_Commercial_and_Residential,,,,,,
25,5,Mixed_Use_Commercial_and_Residential,,,,,,
25,Aggregated,Mixed_Use_Commercial_and_Residential,,,,,,
25,Centralized,Mixed_Use_Commercial_and_Residential,,,,,,
26,0,Mixed_Use_Commercial_and_Residential,,,,,,
26,1,Mixed_Use_Commercial_and_Residential,,,,,,
26,2,Mixed_Use_Commercial_and_Residential,,,,,,
26,3,Mixed_Use_Commercial_and_Residential,,,,,,
26,4,Mixed_Use_Commercial_and_Residential,,,,,,
26,5,Mixed_Use_Commercial_and_Residential,,,,,,
26,Aggregated,Mixed_Use_Commercial_and_Residential,,,,,,
26,Centralized,Mixed_Use_Commercial_and_Residential,,,,,,
27,0,Mixed_Use_Commercial_and_Residential,,,,,,
27,1,Mixed_Use_Commercial_and_Residential,,,,,,
27,2,Mixed_Use_Commercial_and_Residential,,,,,,
27,3,Mixed_Use_Commercial_and_Residential,,,,,,
27,4,Mixed_Use_Commercial_and_Residential,,,,,,
27,5,Mixed_Use_Commercial_and_Residential,,,,,,
27,Aggregated,Mixed_Use_Commercial_and_Residential,,,,,,
27,Centralized,Mixed_Use_Commercial_and_Residential,,,,,,
28,0,Mixed_Use_Commercial_and_Residential,,,,,,
28,1,Mixed_Use_Commercial_and_Residential,,,,,,
28,2,Mixed_Use_Commercial_and_Residential,,,,,,
28,3,Mixed_Use_Commercial_and_Residential,,,,,,
28,4,Mixed_Use_Commercial_and_Residential,,,,,,
28,5,Mixed_Use_Commercial_and_Residential,,,,,,
28,Aggregated,Mixed_Use_Commercial_and_Residential,,,,,,
28,Centralized,Mixed_Use_Commercial_and_Residential,,,,,,
29,0,Mixed_Use_Commercial_and_Residential,,,,,,
29,1,Mixed_Use_Commercial_and_Residential,,,,,,
29,2,Mixed_Use_Commercial_and_Residential,,,,,,
29,3,Mixed_Use_Commercial_and_Residential,,,,,,
29,4,Mixed_Use_Commercial_and_Residential,,,,,,
29,5,Mixed_Use_Commercial_and_Residential,,,,,,
29,Aggregated,Mixed_Use_Commercial_and_Residential,,,,,,
29,Centralized,Mixed_Use_Commercial_and_Residential,,,,,,
30,0,Mixed_Use_Commercial_and_Residential,,,,,,
30,1,Mixed_Use_Commercial_and_Residential,,,,,,
30,2,Mixed_Use_Commercial_and_Residential,,,,,,
30,3,Mixed_Use_Commercial_and_Residential,,,,,,
30,4,Mixed_Use_Commercial_and_Residential,,,,,,
30,5,Mixed_Use_Commercial_and_Residential,,,,,,
30,Aggregated,Mixed_Use_Commercial_and_Residential,,,,,,
30,Centralized,Mixed_Use_Commercial_and_Residential,,,,,,
31,0,Mixed_Use_Commercial_and_Residential,,,,,,
31,1,Mixed_Use_Commercial_and_Residential,,,,,,
31,2,Mixed_Use_Commercial_and_Residential,,,,,,
31,3,Mixed_Use_Commercial_and_Residential,,,,,,
31,4,Mixed_Use_Commercial_and_Residential,,,,,,
31,5,Mixed_Use_Commercial_and_Residential,,,,,,
31,Aggregated,Mixed_Use_Commercial_and_Residential,,,,,,
31,Centralized,Mixed_Use_Commercial_and_Residential,,,,,,
32,0,Mixed_Use_Commercial_and_Residential,,,,,,
32,1,Mixed_Use_Commercial_and_Residential,,,,,,
32,2,Mixed_Use_Commercial_and_Residential,,,,,,
32,3,Mixed_Use_Commercial_and_Residential,,,,,,
32,4,Mixed_Use_Commercial_and_Residential,,,,,,
32,5,Mixed_Use_Commercial_and_Residential,,,,,,
32,Aggregated,Mixed_Use_Commercial_and_Residential,,,,,,
32,Centralized,Mixed_Use_Commercial_and_Residential,,,,,,
33,0,Mixed_Use_Commercial_and_Residential,,,,,,
33,1,Mixed_Use_Commercial_and_Residential,,,,,,
33,2,Mixed_Use_Commercial_and_Residential,,,,,,
33,3,Mixed_Use_Commercial_and_Residential,,,,,,
33,4,Mixed_Use_Commercial_and_Residential,,,,,,
33,5,Mixed_Use_Commercial_and_Residential,,,,,,
33,Aggregated,Mixed_Use_Commercial_and_Residential,,,,,,
33,Centralized,Mixed_Use_Commercial_and_Residential,,,,,,
34,0,Mixed_Use_Commercial_and_Residential,,,,,,
34,1,Mixed_Use_Commercial_and_Residential,,,,,,
34,2,Mixed_Use_Commercial_and_Residential,,,,,,
34,3,Mixed_Use_Commercial_and_Residential,,,,,,
34,4,Mixed_Use_Commercial_and_Residential,,,,,,
34,5,Mixed_Use_Commercial_and_Residential,,,,,,
34,Aggregated,Mixed_Use_Commercial_and_Residential,,,,,,
34,Centralized,Mixed_Use_Commercial_and_Residential,,,,,,
35,0,Mixed_Use_Commercial_and_Residential,,,,,,
35,1,Mixed_Use_Commercial_and_Residential,,,,,,
35,2,Mixed_Use_Commercial_and_Residential,,,,,,
35,3,Mixed_Use_Commercial_and_Residential,,,,,,
35,4,Mixed_Use_Commercial_and_Residential,,,,,,
35,5,Mixed_Use_Commercial_and_Residential,,,,,,
35,Aggregated,Mixed_Use_Commercial_and_Residential,,,,,,
35,Centralized,Mixed_Use_Commercial_and_Residential,,,,,,
36,0,Mixed_Use_Commercial_and_Residential,,,,,,
36,1,Mixed_Use_Commercial_and_Residential,,,,,,
36,2,Mixed_Use_Commercial_and_Residential,,,,,,
36,3,Mixed_Use_Commercial_and_Residential,,,,,,
36,4,Mixed_Use_Commercial_and_Residential,,,,,,
36,5,Mixed_Use_Commercial_and_Residential,,,,,,
36,Aggregated,Mixed_Use_Commercial_and_Residential,,,,,,
36,Centralized,Mixed_Use_Commercial_and_Residential,,,,,,
37,0,Mixed_Use_Commercial_and_Residential,,,,,,
37,1,Mixed_Use_Commercial_and_Residential,,,,,,
37,2,Mixed_Use_Commercial_and_Residential,,,,,,
37,3,Mixed_Use_Commercial_and_Residential,,,,,,
37,4,Mixed_Use_Commercial_and_Residential,,,,,,
37,5,Mixed_Use_Commercial_and_Residential,,,,,,
37,Aggregated,Mixed_Use_Commercial_and_Residential,,,,,,
37,Centralized,Mixed_Use_Commercial_and_Residential,,,,,,
38,0,Mixed_Use_Commercial_and_Residential,,,,,,
38,1,Mixed_Use_Commercial_and_Residential,,,,,,
38,2,Mixed_Use_Commercial_and_Residential,,,,,,
38,3,Mixed_Use_Commercial_and_Residential,,,,,,
38,4,Mixed_Use_Commercial_and_Residential,,,,,,
38,5,Mixed_Use_Commercial_and_Residential,,,,,,
38,Aggregated,Mixed_Use_Commercial_and_Residential,,,,,,
38,Centralized,Mixed_Use_Commercial_and_Residential,,,,,,
39,0,Mixed_Use_Commercial_and_Residential,,,,,,
39,1,Mixed_Use_Commercial_and_Residential,,,,,,
39,2,Mixed_Use_Commercial_and_Residential,,,,,,
39,3,Mixed_Use_Commercial_and_Residential,,,,,,
39,4,Mixed_Use_Commercial_and_Residential,,,,,,
39,5,Mixed_Use_Commercial_and_Residential,,,,,,
39,Aggregated,Mixed_Use_Commercial_and_Residential,,,,,,
39,Centralized,Mixed_Use_Commercial_and_Residential,,,,,,
40,0,Mixed_Use_Commercial_and_Residential,,,,,,
40,1,Mixed_Use_Commercial_and_Residential,,,,,,
40,2,Mixed_Use_Commercial_and_Residential,,,,,,
40,3,Mixed_Use_Commercial_and_Residential,,,,,,
40,4,Mixed_Use_Commercial_and_Residential,,,,,,
40,5,Mixed_Use_Commercial_and_Residential,,,,,,
40,Aggregated,Mixed_Use_Commercial_and_Residential,,,,,,
40,Centralized,Mixed_Use_Commercial_and_Residential,,,,,,
41,0,Mixed_Use_Commercial_and_Residential,,,,,,
41,1,Mixed_Use_Commercial_and_Residential,,,,,,
41,2,Mixed_Use_Commercial_and_Residential,,,,,,
41,3,Mixed_Use_Commercial_and_Residential,,,,,,
41,4,Mixed_Use_Commercial_and_Residential,,,,,,
41,5,Mixed_Use_Commercial_and_Residential,,,,,,
41,Aggregated,Mixed_Use_Commercial_and_Residential,,,,,,
41,Centralized,Mixed_Use_Commercial_and_Residential,,,,,,
42,0,Mixed_Use_Commercial_and_Residential,,,,,,
42,1,Mixed_Use_Commercial_and_Residential,,,,,,
42,2,Mixed_Use_Commercial_and_Residential,,,,,,
42,3,Mixed_Use_Commercial_and_Residential,,,,,,
42,4,Mixed_Use_Commercial_and_Residential,,,,,,
42,5,Mixed_Use_Commercial_and_Residential,,,,,,
42,Aggregated,Mixed_Use_Commercial_and_Residential,,,,,,
42,Centralized,Mixed_Use_Commercial_and_Residential,,,,,,
43,0,Mixed_Use_Commercial_and_Residential,,,,,,
43,1,Mixed_Use_Commercial_and_Residential,,,,,,
43,2,Mixed_Use_Commercial_and_Residential,,,,,,
43,3,Mixed_Use_Commercial_and_Residential,,,,,,
43,4,Mixed_Use_Commercial_and_Residential,,,,,,
43,5,Mixed_Use_Commercial_and_Residential,,,,,,
43,Aggregated,Mixed_Use_Commercial_and_Residential,,,,,,
43,Centralized,Mixed_Use_Commercial_and_Residential,,,,,,
44,0,Mixed_Use_Commercial_and_Residential,,,,,,
44,1,Mixed_Use_Commercial_and_Residential,,,,,,
44,2,Mixed_Use_Commercial_and_Residential,,,,,,
44,3,Mixed_Use_Commercial_and_Residential,,,,,,
44,4,Mixed_Use_Commercial_and_Residential,,,,,,
44,5,Mixed_Use_Commercial_and_Residential,,,,,,
44,Aggregated,Mixed_Use_Commercial_and_Residential,,,,,,
44,Centralized,Mixed_Use_Commercial_and_Residential,,,,,,
45,0,Mixed_Use_Commercial_and_Residential,,,,,,
45,1,Mixed_Use_Commercial_and_Residential,,,,,,
45,2,Mixed_Use_Commercial_and_Residential,,,,,,
45,3,Mixed_Use_Commercial_and_Residential,,,,,,
45,4,Mixed_Use_Commercial_and_Residential,,,,,,
45,5,Mixed_Use_Commercial_and_Residential,,,,,,
45,Aggregated,Mixed_Use_Commercial_and_Residential,,,,,,
45,Centralized,Mixed_Use_Commercial_and_Residential,,,,,,
46,0,Mixed_Use_Commercial_and_Residential,,,,,,
46,1,Mixed_Use_Commercial_and_Residential,,,,,,
46,2,Mixed_Use_Commercial_and_Residential,,,,,,
46,3,Mixed_Use_Commercial_and_Residential,,,,,,
46,4,Mixed_Use_Commercial_and_Residential,,,,,,
46,5,Mixed_Use_Commercial_and_Residential,,,,,,
46,Aggregated,Mixed_Use_Commercial_and_Residential,,,,,,
46,Centralized,Mixed_Use_Commercial_and_Residential,,,,,,
47,0,Mixed_Use_Commercial_and_Residential,,,,,,
47,1,Mixed_Use_Commercial_and_Residential,,,,,,
47,2,Mixed_Use_Commercial_and_Residential,,,,,,
47,3,Mixed_Use_Commercial_and_Residential,,,,,,
47,4,Mixed_Use_Commercial_and_Residential,,,,,,
47,5,Mixed_Use_Commercial_and_Residential,,,,,,
47,Aggregated,Mixed_Use_Commercial_and_Residential,,,,,,
47,Centralized,Mixed_Use_Commercial_and_Residential,,,,,,
48,0,Mixed_Use_Commercial_and_Residential,,,,,,
48,1,Mixed_Use_Commercial_and_Residential,,,,,,
48,2,Mixed_Use_Commercial_and_Residential,,,,,,
48,3,Mixed_Use_Commercial_and_Residential,,,,,,
48,4,Mixed_Use_Commercial_and_Residential,,,,,,
48,5,Mixed_Use_Commercial_and_Residential,,,,,,
48,Aggregated,Mixed_Use_Commercial_and_Residential,,,,,,
48,Centralized,Mixed_Use_Commercial_and_Residential,,,,,,
49,0,Mixed_Use_Commercial_and_Residential,,,,,,
49,1,Mixed_Use_Commercial_and_Residential,,,,,,
49,2,Mixed_Use_Commercial_and_Residential,,,,,,
49,3,Mixed_Use_Commercial_and_Residential,,,,,,
49,4,Mixed_Use_Commercial_and_Residential,,,,,,
49,5,Mixed_Use_Commercial_and_Residential,,,,,,
49,Aggregated,Mixed_Use_Commercial_and_Residential,,,,,,
49,Centralized,Mixed_Use_Commercial_and_Residential,,,,,,
50,0,Mixed_Use_Commercial_and_Residential,,,,,,
50,1,Mixed_Use_Commercial_and_Residential,,,,,,
50,2,Mixed_Use_Commercial_and_Residential,,,,,,
50,3,Mixed_Use_Commercial_and_Residential,,,,,,
50,4,Mixed_Use_Commercial_and_Residential,,,,,,
50,5,Mixed_Use_Commercial_and_Residential,,,,,,
50,Aggregated,Mixed_Use_Commercial_and_Residential,,,,,,
50,Centralized,Mixed_Use_Commercial_and_Residential,,,,,,
0,0,Public_Assembly_Other,,,,,,
0,1,Public_Assembly_Other,,,,,,
0,2,Public_Assembly_Other,,,,,,
0,3,Public_Assembly_Other,,,,,,
0,4,Public_Assembly_Other,,,,,,
0,5,Public_Assembly_Other,,,,,,
0,Aggregated,Public_Assembly_Other,,,,,,
0,Centralized,Public_Assembly_Other,,,,,,
1,0,Public_Assembly_Other,,,,,,
1,1,Public_Assembly_Other,,,,,,
1,2,Public_Assembly_Other,,,,,,
1,3,Public_Assembly_Other,,,,,,
1,4,Public_Assembly_Other,,,,,,
1,5,Public_Assembly_Other,,,,,,
1,Aggregated,Public_Assembly_Other,,,,,,
1,Centralized,Public_Assembly_Other,,,,,,
2,0,Public_Assembly_Other,,,,,,
2,1,Public_Assembly_Other,,,,,,
2,2,Public_Assembly_Other,,,,,,
2,3,Public_Assembly_Other,,,,,,
2,4,Public_Assembly_Other,,,,,,
2,5,Public_Assembly_Other,,,,,,
2,Aggregated,Public_Assembly_Other,,,,,,
2,Centralized,Public_Assembly_Other,,,,,,
3,0,Public_Assembly_Other,,,,,,
3,1,Public_Assembly_Other,,,,,,
3,2,Public_Assembly_Other,,,,,,
3,3,Public_Assembly_Other,,,,,,
3,4,Public_Assembly_Other,,,,,,
3,5,Public_Assembly_Other,,,,,,
3,Aggregated,Public_Assembly_Other,,,,,,
3,Centralized,Public_Assembly_Other,,,,,,
4,0,Public_Assembly_Other,,,,,,
4,1,Public_Assembly_Other,,,,,,
4,2,Public_Assembly_Other,,,,,,
4,3,Public_Assembly_Other,,,,,,
4,4,Public_Assembly_Other,,,,,,
4,5,Public_Assembly_Other,,,,,,
4,Aggregated,Public_Assembly_Other,,,,,,
4,Centralized,Public_Assembly_Other,,,,,,
5,0,Public_Assembly_Other,,,,,,
5,1,Public_Assembly_Other,,,,,,
5,2,Public_Assembly_Other,,,,,,
5,3,Public_Assembly_Other,,,,,,
5,4,Public_Assembly_Other,,,,,,
5,5,Public_Assembly_Other,,,,,,
5,Aggregated,Public_Assembly_Other,,,,,,
5,Centralized,Public_Assembly_Other,,,,,,
6,0,Public_Assembly_Other,,,,,,
6,1,Public_Assembly_Other,,,,,,
6,2,Public_Assembly_Other,,,,,,
6,3,Public_Assembly_Other,,,,,,
6,4,Public_Assembly_Other,,,,,,
6,5,Public_Assembly_Other,,,,,,
6,Aggregated,Public_Assembly_Other,,,,,,
6,Centralized,Public_Assembly_Other,,,,,,
7,0,Public_Assembly_Other,,,,,,
7,1,Public_Assembly_Other,,,,,,
7,2,Public_Assembly_Other,,,,,,
7,3,Public_Assembly_Other,,,,,,
7,4,Public_Assembly_Other,,,,,,
7,5,Public_Assembly_Other,,,,,,
7,Aggregated,Public_Assembly_Other,,,,,,
7,Centralized,Public_Assembly_Other,,,,,,
8,0,Public_Assembly_Other,,,,,,
8,1,Public_Assembly_Other,,,,,,
8,2,Public_Assembly_Other,,,,,,
8,3,Public_Assembly_Other,,,,,,
8,4,Public_Assembly_Other,,,,,,
8,5,Public_Assembly_Other,,,,,,
8,Aggregated,Public_Assembly_Other,,,,,,
8,Centralized,Public_Assembly_Other,,,,,,
9,0,Public_Assembly_Other,,,,,,
9,1,Public_Assembly_Other,,,,,,
9,2,Public_Assembly_Other,,,,,,
9,3,Public_Assembly_Other,,,,,,
9,4,Public_Assembly_Other,,,,,,
9,5,Public_Assembly_Other,,,,,,
9,Aggregated,Public_Assembly_Other,,,,,,
9,Centralized,Public_Assembly_Other,,,,,,
10,0,Public_Assembly_Other,,,,,,
10,1,Public_Assembly_Other,,,,,,
10,2,Public_Assembly_Other,,,,,,
10,3,Public_Assembly_Other,,,,,,
10,4,Public_Assembly_Other,,,,,,
10,5,Public_Assembly_Other,,,,,,
10,Aggregated,Public_Assembly_Other,,,,,,
10,Centralized,Public_Assembly_Other,,,,,,
11,0,Public_Assembly_Other,,,,,,
11,1,Public_Assembly_Other,,,,,,
11,2,Public_Assembly_Other,,,,,,
11,3,Public_Assembly_Other,,,,,,
11,4,Public_Assembly_Other,,,,,,
11,5,Public_Assembly_Other,,,,,,
11,Aggregated,Public_Assembly_Other,,,,,,
11,Centralized,Public_Assembly_Other,,,,,,
12,0,Public_Assembly_Other,,,,,,
12,1,Public_Assembly_Other,,,,,,
12,2,Public_Assembly_Other,,,,,,
12,3,Public_Assembly_Other,,,,,,
12,4,Public_Assembly_Other,,,,,,
12,5,Public_Assembly_Other,,,,,,
12,Aggregated,Public_Assembly_Other,,,,,,
12,Centralized,Public_Assembly_Other,,,,,,
13,0,Public_Assembly_Other,,,,,,
13,1,Public_Assembly_Other,,,,,,
13,2,Public_Assembly_Other,,,,,,
13,3,Public_Assembly_Other,,,,,,
13,4,Public_Assembly_Other,,,,,,
13,5,Public_Assembly_Other,,,,,,
13,Aggregated,Public_Assembly_Other,,,,,,
13,Centralized,Public_Assembly_Other,,,,,,
14,0,Public_Assembly_Other,,,,,,
14,1,Public_Assembly_Other,,,,,,
14,2,Public_Assembly_Other,,,,,,
14,3,Public_Assembly_Other,,,,,,
14,4,Public_Assembly_Other,,,,,,
14,5,Public_Assembly_Other,,,,,,
14,Aggregated,Public_Assembly_Other,,,,,,
14,Centralized,Public_Assembly_Other,,,,,,
15,0,Public_Assembly_Other,,,,,,
15,1,Public_Assembly_Other,,,,,,
15,2,Public_Assembly_Other,,,,,,
15,3,Public_Assembly_Other,,,,,,
15,4,Public_Assembly_Other,,,,,,
15,5,Public_Assembly_Other,,,,,,
15,Aggregated,Public_Assembly_Other,,,,,,
15,Centralized,Public_Assembly_Other,,,,,,
16,0,Public_Assembly_Other,,,,,,
16,1,Public_Assembly_Other,,,,,,
16,2,Public_Assembly_Other,,,,,,
16,3,Public_Assembly_Other,,,,,,
16,4,Public_Assembly_Other,,,,,,
16,5,Public_Assembly_Other,,,,,,
16,Aggregated,Public_Assembly_Other,,,,,,
16,Centralized,Public_Assembly_Other,,,,,,
17,0,Public_Assembly_Other,,,,,,
17,1,Public_Assembly_Other,,,,,,
17,2,Public_Assembly_Other,,,,,,
17,3,Public_Assembly_Other,,,,,,
17,4,Public_Assembly_Other,,,,,,
17,5,Public_Assembly_Other,,,,,,
17,Aggregated,Public_Assembly_Other,,,,,,
17,Centralized,Public_Assembly_Other,,,,,,
18,0,Public_Assembly_Other,,,,,,
18,1,Public_Assembly_Other,,,,,,
18,2,Public_Assembly_Other,,,,,,
18,3,Public_Assembly_Other,,,,,,
18,4,Public_Assembly_Other,,,,,,
18,5,Public_Assembly_Other,,,,,,
18,Aggregated,Public_Assembly_Other,,,,,,
18,Centralized,Public_Assembly_Other,,,,,,
19,0,Public_Assembly_Other,,,,,,
19,1,Public_Assembly_Other,,,,,,
19,2,Public_Assembly_Other,,,,,,
19,3,Public_Assembly_Other,,,,,,
19,4,Public_Assembly_Other,,,,,,
19,5,Public_Assembly_Other,,,,,,
19,Aggregated,Public_Assembly_Other,,,,,,
19,Centralized,Public_Assembly_Other,,,,,,
20,0,Public_Assembly_Other,,,,,,
20,1,Public_Assembly_Other,,,,,,
20,2,Public_Assembly_Other,,,,,,
20,3,Public_Assembly_Other,,,,,,
20,4,Public_Assembly_Other,,,,,,
20,5,Public_Assembly_Other,,,,,,
20,Aggregated,Public_Assembly_Other,,,,,,
20,Centralized,Public_Assembly_Other,,,,,,
21,0,Public_Assembly_Other,,,,,,
21,1,Public_Assembly_Other,,,,,,
21,2,Public_Assembly_Other,,,,,,
21,3,Public_Assembly_Other,,,,,,
21,4,Public_Assembly_Other,,,,,,
21,5,Public_Assembly_Other,,,,,,
21,Aggregated,Public_Assembly_Other,,,,,,
21,Centralized,Public_Assembly_Other,,,,,,
22,0,Public_Assembly_Other,,,,,,
22,1,Public_Assembly_Other,,,,,,
22,2,Public_Assembly_Other,,,,,,
22,3,Public_Assembly_Other,,,,,,
22,4,Public_Assembly_Other,,,,,,
22,5,Public_Assembly_Other,,,,,,
22,Aggregated,Public_Assembly_Other,,,,,,
22,Centralized,Public_Assembly_Other,,,,,,
23,0,Public_Assembly_Other,,,,,,
23,1,Public_Assembly_Other,,,,,,
23,2,Public_Assembly_Other,,,,,,
23,3,Public_Assembly_Other,,,,,,
23,4,Public_Assembly_Other,,,,,,
23,5,Public_Assembly_Other,,,,,,
23,Aggregated,Public_Assembly_Other,,,,,,
23,Centralized,Public_Assembly_Other,,,,,,
24,0,Public_Assembly_Other,,,,,,
24,1,Public_Assembly_Other,,,,,,
24,2,Public_Assembly_Other,,,,,,
24,3,Public_Assembly_Other,,,,,,
24,4,Public_Assembly_Other,,,,,,
24,5,Public_Assembly_Other,,,,,,
24,Aggregated,Public_Assembly_Other,,,,,,
24,Centralized,Public_Assembly_Other,,,,,,
25,0,Public_Assembly_Other,,,,,,
25,1,Public_Assembly_Other,,,,,,
25,2,Public_Assembly_Other,,,,,,
25,3,Public_Assembly_Other,,,,,,
25,4,Public_Assembly_Other,,,,,,
25,5,Public_Assembly_Other,,,,,,
25,Aggregated,Public_Assembly_Other,,,,,,
25,Centralized,Public_Assembly_Other,,,,,,
26,0,Public_Assembly_Other,,,,,,
26,1,Public_Assembly_Other,,,,,,
26,2,Public_Assembly_Other,,,,,,
26,3,Public_Assembly_Other,,,,,,
26,4,Public_Assembly_Other,,,,,,
26,5,Public_Assembly_Other,,,,,,
26,Aggregated,Public_Assembly_Other,,,,,,
26,Centralized,Public_Assembly_Other,,,,,,
27,0,Public_Assembly_Other,,,,,,
27,1,Public_Assembly_Other,,,,,,
27,2,Public_Assembly_Other,,,,,,
27,3,Public_Assembly_Other,,,,,,
27,4,Public_Assembly_Other,,,,,,
27,5,Public_Assembly_Other,,,,,,
27,Aggregated,Public_Assembly_Other,,,,,,
27,Centralized,Public_Assembly_Other,,,,,,
28,0,Public_Assembly_Other,,,,,,
28,1,Public_Assembly_Other,,,,,,
28,2,Public_Assembly_Other,,,,,,
28,3,Public_Assembly_Other,,,,,,
28,4,Public_Assembly_Other,,,,,,
28,5,Public_Assembly_Other,,,,,,
28,Aggregated,Public_Assembly_Other,,,,,,
28,Centralized,Public_Assembly_Other,,,,,,
29,0,Public_Assembly_Other,,,,,,
29,1,Public_Assembly_Other,,,,,,
29,2,Public_Assembly_Other,,,,,,
29,3,Public_Assembly_Other,,,,,,
29,4,Public_Assembly_Other,,,,,,
29,5,Public_Assembly_Other,,,,,,
29,Aggregated,Public_Assembly_Other,,,,,,
29,Centralized,Public_Assembly_Other,,,,,,
30,0,Public_Assembly_Other,,,,,,
30,1,Public_Assembly_Other,,,,,,
30,2,Public_Assembly_Other,,,,,,
30,3,Public_Assembly_Other,,,,,,
30,4,Public_Assembly_Other,,,,,,
30,5,Public_Assembly_Other,,,,,,
30,Aggregated,Public_Assembly_Other,,,,,,
30,Centralized,Public_Assembly_Other,,,,,,
31,0,Public_Assembly_Other,,,,,,
31,1,Public_Assembly_Other,,,,,,
31,2,Public_Assembly_Other,,,,,,
31,3,Public_Assembly_Other,,,,,,
31,4,Public_Assembly_Other,,,,,,
31,5,Public_Assembly_Other,,,,,,
31,Aggregated,Public_Assembly_Other,,,,,,
31,Centralized,Public_Assembly_Other,,,,,,
32,0,Public_Assembly_Other,,,,,,
32,1,Public_Assembly_Other,,,,,,
32,2,Public_Assembly_Other,,,,,,
32,3,Public_Assembly_Other,,,,,,
32,4,Public_Assembly_Other,,,,,,
32,5,Public_Assembly_Other,,,,,,
32,Aggregated,Public_Assembly_Other,,,,,,
32,Centralized,Public_Assembly_Other,,,,,,
33,0,Public_Assembly_Other,,,,,,
33,1,Public_Assembly_Other,,,,,,
33,2,Public_Assembly_Other,,,,,,
33,3,Public_Assembly_Other,,,,,,
33,4,Public_Assembly_Other,,,,,,
33,5,Public_Assembly_Other,,,,,,
33,Aggregated,Public_Assembly_Other,,,,,,
33,Centralized,Public_Assembly_Other,,,,,,
34,0,Public_Assembly_Other,,,,,,
34,1,Public_Assembly_Other,,,,,,
34,2,Public_Assembly_Other,,,,,,
34,3,Public_Assembly_Other,,,,,,
34,4,Public_Assembly_Other,,,,,,
34,5,Public_Assembly_Other,,,,,,
34,Aggregated,Public_Assembly_Other,,,,,,
34,Centralized,Public_Assembly_Other,,,,,,
35,0,Public_Assembly_Other,,,,,,
35,1,Public_Assembly_Other,,,,,,
35,2,Public_Assembly_Other,,,,,,
35,3,Public_Assembly_Other,,,,,,
35,4,Public_Assembly_Other,,,,,,
35,5,Public_Assembly_Other,,,,,,
35,Aggregated,Public_Assembly_Other,,,,,,
35,Centralized,Public_Assembly_Other,,,,,,
36,0,Public_Assembly_Other,,,,,,
36,1,Public_Assembly_Other,,,,,,
36,2,Public_Assembly_Other,,,,,,
36,3,Public_Assembly_Other,,,,,,
36,4,Public_Assembly_Other,,,,,,
36,5,Public_Assembly_Other,,,,,,
36,Aggregated,Public_Assembly_Other,,,,,,
36,Centralized,Public_Assembly_Other,,,,,,
37,0,Public_Assembly_Other,,,,,,
37,1,Public_Assembly_Other,,,,,,
37,2,Public_Assembly_Other,,,,,,
37,3,Public_Assembly_Other,,,,,,
37,4,Public_Assembly_Other,,,,,,
37,5,Public_Assembly_Other,,,,,,
37,Aggregated,Public_Assembly_Other,,,,,,
37,Centralized,Public_Assembly_Other,,,,,,
38,0,Public_Assembly_Other,,,,,,
38,1,Public_Assembly_Other,,,,,,
38,2,Public_Assembly_Other,,,,,,
38,3,Public_Assembly_Other,,,,,,
38,4,Public_Assembly_Other,,,,,,
38,5,Public_Assembly_Other,,,,,,
38,Aggregated,Public_Assembly_Other,,,,,,
38,Centralized,Public_Assembly_Other,,,,,,
39,0,Public_Assembly_Other,,,,,,
39,1,Public_Assembly_Other,,,,,,
39,2,Public_Assembly_Other,,,,,,
39,3,Public_Assembly_Other,,,,,,
39,4,Public_Assembly_Other,,,,,,
39,5,Public_Assembly_Other,,,,,,
39,Aggregated,Public_Assembly_Other,,,,,,
39,Centralized,Public_Assembly_Other,,,,,,
40,0,Public_Assembly_Other,,,,,,
40,1,Public_Assembly_Other,,,,,,
40,2,Public_Assembly_Other,,,,,,
40,3,Public_Assembly_Other,,,,,,
40,4,Public_Assembly_Other,,,,,,
40,5,Public_Assembly_Other,,,,,,
40,Aggregated,Public_Assembly_Other,,,,,,
40,Centralized,Public_Assembly_Other,,,,,,
41,0,Public_Assembly_Other,,,,,,
41,1,Public_Assembly_Other,,,,,,
41,2,Public_Assembly_Other,,,,,,
41,3,Public_Assembly_Other,,,,,,
41,4,Public_Assembly_Other,,,,,,
41,5,Public_Assembly_Other,,,,,,
41,Aggregated,Public_Assembly_Other,,,,,,
41,Centralized,Public_Assembly_Other,,,,,,
42,0,Public_Assembly_Other,,,,,,
42,1,Public_Assembly_Other,,,,,,
42,2,Public_Assembly_Other,,,,,,
42,3,Public_Assembly_Other,,,,,,
42,4,Public_Assembly_Other,,,,,,
42,5,Public_Assembly_Other,,,,,,
42,Aggregated,Public_Assembly_Other,,,,,,
42,Centralized,Public_Assembly_Other,,,,,,
43,0,Public_Assembly_Other,,,,,,
43,1,Public_Assembly_Other,,,,,,
43,2,Public_Assembly_Other,,,,,,
43,3,Public_Assembly_Other,,,,,,
43,4,Public_Assembly_Other,,,,,,
43,5,Public_Assembly_Other,,,,,,
43,Aggregated,Public_Assembly_Other,,,,,,
43,Centralized,Public_Assembly_Other,,,,,,
44,0,Public_Assembly_Other,,,,,,
44,1,Public_Assembly_Other,,,,,,
44,2,Public_Assembly_Other,,,,,,
44,3,Public_Assembly_Other,,,,,,
44,4,Public_Assembly_Other,,,,,,
44,5,Public_Assembly_Other,,,,,,
44,Aggregated,Public_Assembly_Other,,,,,,
44,Centralized,Public_Assembly_Other,,,,,,
45,0,Public_Assembly_Other,,,,,,
45,1,Public_Assembly_Other,,,,,,
45,2,Public_Assembly_Other,,,,,,
45,3,Public_Assembly_Other,,,,,,
45,4,Public_Assembly_Other,,,,,,
45,5,Public_Assembly_Other,,,,,,
45,Aggregated,Public_Assembly_Other,,,,,,
45,Centralized,Public_Assembly_Other,,,,,,
46,0,Public_Assembly_Other,,,,,,
46,1,Public_Assembly_Other,,,,,,
46,2,Public_Assembly_Other,,,,,,
46,3,Public_Assembly_Other,,,,,,
46,4,Public_Assembly_Other,,,,,,
46,5,Public_Assembly_Other,,,,,,
46,Aggregated,Public_Assembly_Other,,,,,,
46,Centralized,Public_Assembly_Other,,,,,,
47,0,Public_Assembly_Other,,,,,,
47,1,Public_Assembly_Other,,,,,,
47,2,Public_Assembly_Other,,,,,,
47,3,Public_Assembly_Other,,,,,,
47,4,Public_Assembly_Other,,,,,,
47,5,Public_Assembly_Other,,,,,,
47,Aggregated,Public_Assembly_Other,,,,,,
47,Centralized,Public_Assembly_Other,,,,,,
48,0,Public_Assembly_Other,,,,,,
48,1,Public_Assembly_Other,,,,,,
48,2,Public_Assembly_Other,,,,,,
48,3,Public_Assembly_Other,,,,,,
48,4,Public_Assembly_Other,,,,,,
48,5,Public_Assembly_Other,,,,,,
48,Aggregated,Public_Assembly_Other,,,,,,
48,Centralized,Public_Assembly_Other,,,,,,
49,0,Public_Assembly_Other,,,,,,
49,1,Public_Assembly_Other,,,,,,
49,2,Public_Assembly_Other,,,,,,
49,3,Public_Assembly_Other,,,,,,
49,4,Public_Assembly_Other,,,,,,
49,5,Public_Assembly_Other,,,,,,
49,Aggregated,Public_Assembly_Other,,,,,,
49,Centralized,Public_Assembly_Other,,,,,,
50,0,Public_Assembly_Other,,,,,,
50,1,Public_Assembly_Other,,,,,,
50,2,Public_Assembly_Other,,,,,,
50,3,Public_Assembly_Other,,,,,,
50,4,Public_Assembly_Other,,,,,,
50,5,Public_Assembly_Other,,,,,,
50,Aggregated,Public_Assembly_Other,,,,,,
50,Centralized,Public_Assembly_Other,,,,,,
0,0,Grocery_store_or_food_market,,,,,,
0,1,Grocery_store_or_food_market,,,,,,
0,2,Grocery_store_or_food_market,,,,,,
0,3,Grocery_store_or_food_market,,,,,,
0,4,Grocery_store_or_food_market,,,,,,
0,5,Grocery_store_or_food_market,,,,,,
0,Aggregated,Grocery_store_or_food_market,,,,,,
0,Centralized,Grocery_store_or_food_market,,,,,,
1,0,Grocery_store_or_food_market,,,,,,
1,1,Grocery_store_or_food_market,,,,,,
1,2,Grocery_store_or_food_market,,,,,,
1,3,Grocery_store_or_food_market,,,,,,
1,4,Grocery_store_or_food_market,,,,,,
1,5,Grocery_store_or_food_market,,,,,,
1,Aggregated,Grocery_store_or_food_market,,,,,,
1,Centralized,Grocery_store_or_food_market,,,,,,
2,0,Grocery_store_or_food_market,,,,,,
2,1,Grocery_store_or_food_market,,,,,,
2,2,Grocery_store_or_food_market,,,,,,
2,3,Grocery_store_or_food_market,,,,,,
2,4,Grocery_store_or_food_market,,,,,,
2,5,Grocery_store_or_food_market,,,,,,
2,Aggregated,Grocery_store_or_food_market,,,,,,
2,Centralized,Grocery_store_or_food_market,,,,,,
3,0,Grocery_store_or_food_market,,,,,,
3,1,Grocery_store_or_food_market,,,,,,
3,2,Grocery_store_or_food_market,,,,,,
3,3,Grocery_store_or_food_market,,,,,,
3,4,Grocery_store_or_food_market,,,,,,
3,5,Grocery_store_or_food_market,,,,,,
3,Aggregated,Grocery_store_or_food_market,,,,,,
3,Centralized,Grocery_store_or_food_market,,,,,,
4,0,Grocery_store_or_food_market,,,,,,
4,1,Grocery_store_or_food_market,,,,,,
4,2,Grocery_store_or_food_market,,,,,,
4,3,Grocery_store_or_food_market,,,,,,
4,4,Grocery_store_or_food_market,,,,,,
4,5,Grocery_store_or_food_market,,,,,,
4,Aggregated,Grocery_store_or_food_market,,,,,,
4,Centralized,Grocery_store_or_food_market,,,,,,
5,0,Grocery_store_or_food_market,,,,,,
5,1,Grocery_store_or_food_market,,,,,,
5,2,Grocery_store_or_food_market,,,,,,
5,3,Grocery_store_or_food_market,,,,,,
5,4,Grocery_store_or_food_market,,,,,,
5,5,Grocery_store_or_food_market,,,,,,
5,Aggregated,Grocery_store_or_food_market,,,,,,
5,Centralized,Grocery_store_or_food_market,,,,,,
6,0,Grocery_store_or_food_market,,,,,,
6,1,Grocery_store_or_food_market,,,,,,
6,2,Grocery_store_or_food_market,,,,,,
6,3,Grocery_store_or_food_market,,,,,,
6,4,Grocery_store_or_food_market,,,,,,
6,5,Grocery_store_or_food_market,,,,,,
6,Aggregated,Grocery_store_or_food_market,,,,,,
6,Centralized,Grocery_store_or_food_market,,,,,,
7,0,Grocery_store_or_food_market,,,,,,
7,1,Grocery_store_or_food_market,,,,,,
7,2,Grocery_store_or_food_market,,,,,,
7,3,Grocery_store_or_food_market,,,,,,
7,4,Grocery_store_or_food_market,,,,,,
7,5,Grocery_store_or_food_market,,,,,,
7,Aggregated,Grocery_store_or_food_market,,,,,,
7,Centralized,Grocery_store_or_food_market,,,,,,
8,0,Grocery_store_or_food_market,,,,,,
8,1,Grocery_store_or_food_market,,,,,,
8,2,Grocery_store_or_food_market,,,,,,
8,3,Grocery_store_or_food_market,,,,,,
8,4,Grocery_store_or_food_market,,,,,,
8,5,Grocery_store_or_food_market,,,,,,
8,Aggregated,Grocery_store_or_food_market,,,,,,
8,Centralized,Grocery_store_or_food_market,,,,,,
9,0,Grocery_store_or_food_market,,,,,,
9,1,Grocery_store_or_food_market,,,,,,
9,2,Grocery_store_or_food_market,,,,,,
9,3,Grocery_store_or_food_market,,,,,,
9,4,Grocery_store_or_food_market,,,,,,
9,5,Grocery_store_or_food_market,,,,,,
9,Aggregated,Grocery_store_or_food_market,,,,,,
9,Centralized,Grocery_store_or_food_market,,,,,,
10,0,Grocery_store_or_food_market,,,,,,
10,1,Grocery_store_or_food_market,,,,,,
10,2,Grocery_store_or_food_market,,,,,,
10,3,Grocery_store_or_food_market,,,,,,
10,4,Grocery_store_or_food_market,,,,,,
10,5,Grocery_store_or_food_market,,,,,,
10,Aggregated,Grocery_store_or_food_market,,,,,,
10,Centralized,Grocery_store_or_food_market,,,,,,
11,0,Grocery_store_or_food_market,,,,,,
11,1,Grocery_store_or_food_market,,,,,,
11,2,Grocery_store_or_food_market,,,,,,
11,3,Grocery_store_or_food_market,,,,,,
11,4,Grocery_store_or_food_market,,,,,,
11,5,Grocery_store_or_food_market,,,,,,
11,Aggregated,Grocery_store_or_food_market,,,,,,
11,Centralized,Grocery_store_or_food_market,,,,,,
12,0,Grocery_store_or_food_market,,,,,,
12,1,Grocery_store_or_food_market,,,,,,
12,2,Grocery_store_or_food_market,,,,,,
12,3,Grocery_store_or_food_market,,,,,,
12,4,Grocery_store_or_food_market,,,,,,
12,5,Grocery_store_or_food_market,,,,,,
12,Aggregated,Grocery_store_or_food_market,,,,,,
12,Centralized,Grocery_store_or_food_market,,,,,,
13,0,Grocery_store_or_food_market,,,,,,
13,1,Grocery_store_or_food_market,,,,,,
13,2,Grocery_store_or_food_market,,,,,,
13,3,Grocery_store_or_food_market,,,,,,
13,4,Grocery_store_or_food_market,,,,,,
13,5,Grocery_store_or_food_market,,,,,,
13,Aggregated,Grocery_store_or_food_market,,,,,,
13,Centralized,Grocery_store_or_food_market,,,,,,
14,0,Grocery_store_or_food_market,,,,,,
14,1,Grocery_store_or_food_market,,,,,,
14,2,Grocery_store_or_food_market,,,,,,
14,3,Grocery_store_or_food_market,,,,,,
14,4,Grocery_store_or_food_market,,,,,,
14,5,Grocery_store_or_food_market,,,,,,
14,Aggregated,Grocery_store_or_food_market,,,,,,
14,Centralized,Grocery_store_or_food_market,,,,,,
15,0,Grocery_store_or_food_market,,,,,,
15,1,Grocery_store_or_food_market,,,,,,
15,2,Grocery_store_or_food_market,,,,,,
15,3,Grocery_store_or_food_market,,,,,,
15,4,Grocery_store_or_food_market,,,,,,
15,5,Grocery_store_or_food_market,,,,,,
15,Aggregated,Grocery_store_or_food_market,,,,,,
15,Centralized,Grocery_store_or_food_market,,,,,,
16,0,Grocery_store_or_food_market,,,,,,
16,1,Grocery_store_or_food_market,,,,,,
16,2,Grocery_store_or_food_market,,,,,,
16,3,Grocery_store_or_food_market,,,,,,
16,4,Grocery_store_or_food_market,,,,,,
16,5,Grocery_store_or_food_market,,,,,,
16,Aggregated,Grocery_store_or_food_market,,,,,,
16,Centralized,Grocery_store_or_food_market,,,,,,
17,0,Grocery_store_or_food_market,,,,,,
17,1,Grocery_store_or_food_market,,,,,,
17,2,Grocery_store_or_food_market,,,,,,
17,3,Grocery_store_or_food_market,,,,,,
17,4,Grocery_store_or_food_market,,,,,,
17,5,Grocery_store_or_food_market,,,,,,
17,Aggregated,Grocery_store_or_food_market,,,,,,
17,Centralized,Grocery_store_or_food_market,,,,,,
18,0,Grocery_store_or_food_market,,,,,,
18,1,Grocery_store_or_food_market,,,,,,
18,2,Grocery_store_or_food_market,,,,,,
18,3,Grocery_store_or_food_market,,,,,,
18,4,Grocery_store_or_food_market,,,,,,
18,5,Grocery_store_or_food_market,,,,,,
18,Aggregated,Grocery_store_or_food_market,,,,,,
18,Centralized,Grocery_store_or_food_market,,,,,,
19,0,Grocery_store_or_food_market,,,,,,
19,1,Grocery_store_or_food_market,,,,,,
19,2,Grocery_store_or_food_market,,,,,,
19,3,Grocery_store_or_food_market,,,,,,
19,4,Grocery_store_or_food_market,,,,,,
19,5,Grocery_store_or_food_market,,,,,,
19,Aggregated,Grocery_store_or_food_market,,,,,,
19,Centralized,Grocery_store_or_food_market,,,,,,
20,0,Grocery_store_or_food_market,,,,,,
20,1,Grocery_store_or_food_market,,,,,,
20,2,Grocery_store_or_food_market,,,,,,
20,3,Grocery_store_or_food_market,,,,,,
20,4,Grocery_store_or_food_market,,,,,,
20,5,Grocery_store_or_food_market,,,,,,
20,Aggregated,Grocery_store_or_food_market,,,,,,
20,Centralized,Grocery_store_or_food_market,,,,,,
21,0,Grocery_store_or_food_market,,,,,,
21,1,Grocery_store_or_food_market,,,,,,
21,2,Grocery_store_or_food_market,,,,,,
21,3,Grocery_store_or_food_market,,,,,,
21,4,Grocery_store_or_food_market,,,,,,
21,5,Grocery_store_or_food_market,,,,,,
21,Aggregated,Grocery_store_or_food_market,,,,,,
21,Centralized,Grocery_store_or_food_market,,,,,,
22,0,Grocery_store_or_food_market,,,,,,
22,1,Grocery_store_or_food_market,,,,,,
22,2,Grocery_store_or_food_market,,,,,,
22,3,Grocery_store_or_food_market,,,,,,
22,4,Grocery_store_or_food_market,,,,,,
22,5,Grocery_store_or_food_market,,,,,,
22,Aggregated,Grocery_store_or_food_market,,,,,,
22,Centralized,Grocery_store_or_food_market,,,,,,
23,0,Grocery_store_or_food_market,,,,,,
23,1,Grocery_store_or_food_market,,,,,,
23,2,Grocery_store_or_food_market,,,,,,
23,3,Grocery_store_or_food_market,,,,,,
23,4,Grocery_store_or_food_market,,,,,,
23,5,Grocery_store_or_food_market,,,,,,
23,Aggregated,Grocery_store_or_food_market,,,,,,
23,Centralized,Grocery_store_or_food_market,,,,,,
24,0,Grocery_store_or_food_market,,,,,,
24,1,Grocery_store_or_food_market,,,,,,
24,2,Grocery_store_or_food_market,,,,,,
24,3,Grocery_store_or_food_market,,,,,,
24,4,Grocery_store_or_food_market,,,,,,
24,5,Grocery_store_or_food_market,,,,,,
24,Aggregated,Grocery_store_or_food_market,,,,,,
24,Centralized,Grocery_store_or_food_market,,,,,,
25,0,Grocery_store_or_food_market,,,,,,
25,1,Grocery_store_or_food_market,,,,,,
25,2,Grocery_store_or_food_market,,,,,,
25,3,Grocery_store_or_food_market,,,,,,
25,4,Grocery_store_or_food_market,,,,,,
25,5,Grocery_store_or_food_market,,,,,,
25,Aggregated,Grocery_store_or_food_market,,,,,,
25,Centralized,Grocery_store_or_food_market,,,,,,
26,0,Grocery_store_or_food_market,,,,,,
26,1,Grocery_store_or_food_market,,,,,,
26,2,Grocery_store_or_food_market,,,,,,
26,3,Grocery_store_or_food_market,,,,,,
26,4,Grocery_store_or_food_market,,,,,,
26,5,Grocery_store_or_food_market,,,,,,
26,Aggregated,Grocery_store_or_food_market,,,,,,
26,Centralized,Grocery_store_or_food_market,,,,,,
27,0,Grocery_store_or_food_market,,,,,,
27,1,Grocery_store_or_food_market,,,,,,
27,2,Grocery_store_or_food_market,,,,,,
27,3,Grocery_store_or_food_market,,,,,,
27,4,Grocery_store_or_food_market,,,,,,
27,5,Grocery_store_or_food_market,,,,,,
27,Aggregated,Grocery_store_or_food_market,,,,,,
27,Centralized,Grocery_store_or_food_market,,,,,,
28,0,Grocery_store_or_food_market,,,,,,
28,1,Grocery_store_or_food_market,,,,,,
28,2,Grocery_store_or_food_market,,,,,,
28,3,Grocery_store_or_food_market,,,,,,
28,4,Grocery_store_or_food_market,,,,,,
28,5,Grocery_store_or_food_market,,,,,,
28,Aggregated,Grocery_store_or_food_market,,,,,,
28,Centralized,Grocery_store_or_food_market,,,,,,
29,0,Grocery_store_or_food_market,,,,,,
29,1,Grocery_store_or_food_market,,,,,,
29,2,Grocery_store_or_food_market,,,,,,
29,3,Grocery_store_or_food_market,,,,,,
29,4,Grocery_store_or_food_market,,,,,,
29,5,Grocery_store_or_food_market,,,,,,
29,Aggregated,Grocery_store_or_food_market,,,,,,
29,Centralized,Grocery_store_or_food_market,,,,,,
30,0,Grocery_store_or_food_market,,,,,,
30,1,Grocery_store_or_food_market,,,,,,
30,2,Grocery_store_or_food_market,,,,,,
30,3,Grocery_store_or_food_market,,,,,,
30,4,Grocery_store_or_food_market,,,,,,
30,5,Grocery_store_or_food_market,,,,,,
30,Aggregated,Grocery_store_or_food_market,,,,,,
30,Centralized,Grocery_store_or_food_market,,,,,,
31,0,Grocery_store_or_food_market,,,,,,
31,1,Grocery_store_or_food_market,,,,,,
31,2,Grocery_store_or_food_market,,,,,,
31,3,Grocery_store_or_food_market,,,,,,
31,4,Grocery_store_or_food_market,,,,,,
31,5,Grocery_store_or_food_market,,,,,,
31,Aggregated,Grocery_store_or_food_market,,,,,,
31,Centralized,Grocery_store_or_food_market,,,,,,
32,0,Grocery_store_or_food_market,,,,,,
32,1,Grocery_store_or_food_market,,,,,,
32,2,Grocery_store_or_food_market,,,,,,
32,3,Grocery_store_or_food_market,,,,,,
32,4,Grocery_store_or_food_market,,,,,,
32,5,Grocery_store_or_food_market,,,,,,
32,Aggregated,Grocery_store_or_food_market,,,,,,
32,Centralized,Grocery_store_or_food_market,,,,,,
33,0,Grocery_store_or_food_market,,,,,,
33,1,Grocery_store_or_food_market,,,,,,
33,2,Grocery_store_or_food_market,,,,,,
33,3,Grocery_store_or_food_market,,,,,,
33,4,Grocery_store_or_food_market,,,,,,
33,5,Grocery_store_or_food_market,,,,,,
33,Aggregated,Grocery_store_or_food_market,,,,,,
33,Centralized,Grocery_store_or_food_market,,,,,,
34,0,Grocery_store_or_food_market,,,,,,
34,1,Grocery_store_or_food_market,,,,,,
34,2,Grocery_store_or_food_market,,,,,,
34,3,Grocery_store_or_food_market,,,,,,
34,4,Grocery_store_or_food_market,,,,,,
34,5,Grocery_store_or_food_market,,,,,,
34,Aggregated,Grocery_store_or_food_market,,,,,,
34,Centralized,Grocery_store_or_food_market,,,,,,
35,0,Grocery_store_or_food_market,,,,,,
35,1,Grocery_store_or_food_market,,,,,,
35,2,Grocery_store_or_food_market,,,,,,
35,3,Grocery_store_or_food_market,,,,,,
35,4,Grocery_store_or_food_market,,,,,,
35,5,Grocery_store_or_food_market,,,,,,
35,Aggregated,Grocery_store_or_food_market,,,,,,
35,Centralized,Grocery_store_or_food_market,,,,,,
36,0,Grocery_store_or_food_market,,,,,,
36,1,Grocery_store_or_food_market,,,,,,
36,2,Grocery_store_or_food_market,,,,,,
36,3,Grocery_store_or_food_market,,,,,,
36,4,Grocery_store_or_food_market,,,,,,
36,5,Grocery_store_or_food_market,,,,,,
36,Aggregated,Grocery_store_or_food_market,,,,,,
36,Centralized,Grocery_store_or_food_market,,,,,,
37,0,Grocery_store_or_food_market,,,,,,
37,1,Grocery_store_or_food_market,,,,,,
37,2,Grocery_store_or_food_market,,,,,,
37,3,Grocery_store_or_food_market,,,,,,
37,4,Grocery_store_or_food_market,,,,,,
37,5,Grocery_store_or_food_market,,,,,,
37,Aggregated,Grocery_store_or_food_market,,,,,,
37,Centralized,Grocery_store_or_food_market,,,,,,
38,0,Grocery_store_or_food_market,,,,,,
38,1,Grocery_store_or_food_market,,,,,,
38,2,Grocery_store_or_food_market,,,,,,
38,3,Grocery_store_or_food_market,,,,,,
38,4,Grocery_store_or_food_market,,,,,,
38,5,Grocery_store_or_food_market,,,,,,
38,Aggregated,Grocery_store_or_food_market,,,,,,
38,Centralized,Grocery_store_or_food_market,,,,,,
39,0,Grocery_store_or_food_market,,,,,,
39,1,Grocery_store_or_food_market,,,,,,
39,2,Grocery_store_or_food_market,,,,,,
39,3,Grocery_store_or_food_market,,,,,,
39,4,Grocery_store_or_food_market,,,,,,
39,5,Grocery_store_or_food_market,,,,,,
39,Aggregated,Grocery_store_or_food_market,,,,,,
39,Centralized,Grocery_store_or_food_market,,,,,,
40,0,Grocery_store_or_food_market,,,,,,
40,1,Grocery_store_or_food_market,,,,,,
40,2,Grocery_store_or_food_market,,,,,,
40,3,Grocery_store_or_food_market,,,,,,
40,4,Grocery_store_or_food_market,,,,,,
40,5,Grocery_store_or_food_market,,,,,,
40,Aggregated,Grocery_store_or_food_market,,,,,,
40,Centralized,Grocery_store_or_food_market,,,,,,
41,0,Grocery_store_or_food_market,,,,,,
41,1,Grocery_store_or_food_market,,,,,,
41,2,Grocery_store_or_food_market,,,,,,
41,3,Grocery_store_or_food_market,,,,,,
41,4,Grocery_store_or_food_market,,,,,,
41,5,Grocery_store_or_food_market,,,,,,
41,Aggregated,Grocery_store_or_food_market,,,,,,
41,Centralized,Grocery_store_or_food_market,,,,,,
42,0,Grocery_store_or_food_market,,,,,,
42,1,Grocery_store_or_food_market,,,,,,
42,2,Grocery_store_or_food_market,,,,,,
42,3,Grocery_store_or_food_market,,,,,,
42,4,Grocery_store_or_food_market,,,,,,
42,5,Grocery_store_or_food_market,,,,,,
42,Aggregated,Grocery_store_or_food_market,,,,,,
42,Centralized,Grocery_store_or_food_market,,,,,,
43,0,Grocery_store_or_food_market,,,,,,
43,1,Grocery_store_or_food_market,,,,,,
43,2,Grocery_store_or_food_market,,,,,,
43,3,Grocery_store_or_food_market,,,,,,
43,4,Grocery_store_or_food_market,,,,,,
43,5,Grocery_store_or_food_market,,,,,,
43,Aggregated,Grocery_store_or_food_market,,,,,,
43,Centralized,Grocery_store_or_food_market,,,,,,
44,0,Grocery_store_or_food_market,,,,,,
44,1,Grocery_store_or_food_market,,,,,,
44,2,Grocery_store_or_food_market,,,,,,
44,3,Grocery_store_or_food_market,,,,,,
44,4,Grocery_store_or_food_market,,,,,,
44,5,Grocery_store_or_food_market,,,,,,
44,Aggregated,Grocery_store_or_food_market,,,,,,
44,Centralized,Grocery_store_or_food_market,,,,,,
45,0,Grocery_store_or_food_market,,,,,,
45,1,Grocery_store_or_food_market,,,,,,
45,2,Grocery_store_or_food_market,,,,,,
45,3,Grocery_store_or_food_market,,,,,,
45,4,Grocery_store_or_food_market,,,,,,
45,5,Grocery_store_or_food_market,,,,,,
45,Aggregated,Grocery_store_or_food_market,,,,,,
45,Centralized,Grocery_store_or_food_market,,,,,,
46,0,Grocery_store_or_food_market,,,,,,
46,1,Grocery_store_or_food_market,,,,,,
46,2,Grocery_store_or_food_market,,,,,,
46,3,Grocery_store_or_food_market,,,,,,
46,4,Grocery_store_or_food_market,,,,,,
46,5,Grocery_store_or_food_market,,,,,,
46,Aggregated,Grocery_store_or_food_market,,,,,,
46,Centralized,Grocery_store_or_food_market,,,,,,
47,0,Grocery_store_or_food_market,,,,,,
47,1,Grocery_store_or_food_market,,,,,,
47,2,Grocery_store_or_food_market,,,,,,
47,3,Grocery_store_or_food_market,,,,,,
47,4,Grocery_store_or_food_market,,,,,,
47,5,Grocery_store_or_food_market,,,,,,
47,Aggregated,Grocery_store_or_food_market,,,,,,
47,Centralized,Grocery_store_or_food_market,,,,,,
48,0,Grocery_store_or_food_market,,,,,,
48,1,Grocery_store_or_food_market,,,,,,
48,2,Grocery_store_or_food_market,,,,,,
48,3,Grocery_store_or_food_market,,,,,,
48,4,Grocery_store_or_food_market,,,,,,
48,5,Grocery_store_or_food_market,,,,,,
48,Aggregated,Grocery_store_or_food_market,,,,,,
48,Centralized,Grocery_store_or_food_market,,,,,,
49,0,Grocery_store_or_food_market,,,,,,
49,1,Grocery_store_or_food_market,,,,,,
49,2,Grocery_store_or_food_market,,,,,,
49,3,Grocery_store_or_food_market,,,,,,
49,4,Grocery_store_or_food_market,,,,,,
49,5,Grocery_store_or_food_market,,,,,,
49,Aggregated,Grocery_store_or_food_market,,,,,,
49,Centralized,Grocery_store_or_food_market,,,,,,
50,0,Grocery_store_or_food_market,,,,,,
50,1,Grocery_store_or_food_market,,,,,,
50,2,Grocery_store_or_food_market,,,,,,
50,3,Grocery_store_or_food_market,,,,,,
50,4,Grocery_store_or_food_market,,,,,,
50,5,Grocery_store_or_food_market,,,,,,
50,Aggregated,Grocery_store_or_food_market,,,,,,
50,Centralized,Grocery_store_or_food_market,,,,,,
0,0,Retail_Uncategorized,,,,,,
0,1,Retail_Uncategorized,,,,,,
0,2,Retail_Uncategorized,,,,,,
0,3,Retail_Uncategorized,,,,,,
0,4,Retail_Uncategorized,,,,,,
0,5,Retail_Uncategorized,,,,,,
0,Aggregated,Retail_Uncategorized,,,,,,
0,Centralized,Retail_Uncategorized,,,,,,
1,0,Retail_Uncategorized,,,,,,
1,1,Retail_Uncategorized,,,,,,
1,2,Retail_Uncategorized,,,,,,
1,3,Retail_Uncategorized,,,,,,
1,4,Retail_Uncategorized,,,,,,
1,5,Retail_Uncategorized,,,,,,
1,Aggregated,Retail_Uncategorized,,,,,,
1,Centralized,Retail_Uncategorized,,,,,,
2,0,Retail_Uncategorized,,,,,,
2,1,Retail_Uncategorized,,,,,,
2,2,Retail_Uncategorized,,,,,,
2,3,Retail_Uncategorized,,,,,,
2,4,Retail_Uncategorized,,,,,,
2,5,Retail_Uncategorized,,,,,,
2,Aggregated,Retail_Uncategorized,,,,,,
2,Centralized,Retail_Uncategorized,,,,,,
3,0,Retail_Uncategorized,,,,,,
3,1,Retail_Uncategorized,,,,,,
3,2,Retail_Uncategorized,,,,,,
3,3,Retail_Uncategorized,,,,,,
3,4,Retail_Uncategorized,,,,,,
3,5,Retail_Uncategorized,,,,,,
3,Aggregated,Retail_Uncategorized,,,,,,
3,Centralized,Retail_Uncategorized,,,,,,
4,0,Retail_Uncategorized,,,,,,
4,1,Retail_Uncategorized,,,,,,
4,2,Retail_Uncategorized,,,,,,
4,3,Retail_Uncategorized,,,,,,
4,4,Retail_Uncategorized,,,,,,
4,5,Retail_Uncategorized,,,,,,
4,Aggregated,Retail_Uncategorized,,,,,,
4,Centralized,Retail_Uncategorized,,,,,,
5,0,Retail_Uncategorized,,,,,,
5,1,Retail_Uncategorized,,,,,,
5,2,Retail_Uncategorized,,,,,,
5,3,Retail_Uncategorized,,,,,,
5,4,Retail_Uncategorized,,,,,,
5,5,Retail_Uncategorized,,,,,,
5,Aggregated,Retail_Uncategorized,,,,,,
5,Centralized,Retail_Uncategorized,,,,,,
6,0,Retail_Uncategorized,,,,,,
6,1,Retail_Uncategorized,,,,,,
6,2,Retail_Uncategorized,,,,,,
6,3,Retail_Uncategorized,,,,,,
6,4,Retail_Uncategorized,,,,,,
6,5,Retail_Uncategorized,,,,,,
6,Aggregated,Retail_Uncategorized,,,,,,
6,Centralized,Retail_Uncategorized,,,,,,
7,0,Retail_Uncategorized,,,,,,
7,1,Retail_Uncategorized,,,,,,
7,2,Retail_Uncategorized,,,,,,
7,3,Retail_Uncategorized,,,,,,
7,4,Retail_Uncategorized,,,,,,
7,5,Retail_Uncategorized,,,,,,
7,Aggregated,Retail_Uncategorized,,,,,,
7,Centralized,Retail_Uncategorized,,,,,,
8,0,Retail_Uncategorized,,,,,,
8,1,Retail_Uncategorized,,,,,,
8,2,Retail_Uncategorized,,,,,,
8,3,Retail_Uncategorized,,,,,,
8,4,Retail_Uncategorized,,,,,,
8,5,Retail_Uncategorized,,,,,,
8,Aggregated,Retail_Uncategorized,,,,,,
8,Centralized,Retail_Uncategorized,,,,,,
9,0,Retail_Uncategorized,,,,,,
9,1,Retail_Uncategorized,,,,,,
9,2,Retail_Uncategorized,,,,,,
9,3,Retail_Uncategorized,,,,,,
9,4,Retail_Uncategorized,,,,,,
9,5,Retail_Uncategorized,,,,,,
9,Aggregated,Retail_Uncategorized,,,,,,
9,Centralized,Retail_Uncategorized,,,,,,
10,0,Retail_Uncategorized,,,,,,
10,1,Retail_Uncategorized,,,,,,
10,2,Retail_Uncategorized,,,,,,
10,3,Retail_Uncategorized,,,,,,
10,4,Retail_Uncategorized,,,,,,
10,5,Retail_Uncategorized,,,,,,
10,Aggregated,Retail_Uncategorized,,,,,,
10,Centralized,Retail_Uncategorized,,,,,,
11,0,Retail_Uncategorized,,,,,,
11,1,Retail_Uncategorized,,,,,,
11,2,Retail_Uncategorized,,,,,,
11,3,Retail_Uncategorized,,,,,,
11,4,Retail_Uncategorized,,,,,,
11,5,Retail_Uncategorized,,,,,,
11,Aggregated,Retail_Uncategorized,,,,,,
11,Centralized,Retail_Uncategorized,,,,,,
12,0,Retail_Uncategorized,,,,,,
12,1,Retail_Uncategorized,,,,,,
12,2,Retail_Uncategorized,,,,,,
12,3,Retail_Uncategorized,,,,,,
12,4,Retail_Uncategorized,,,,,,
12,5,Retail_Uncategorized,,,,,,
12,Aggregated,Retail_Uncategorized,,,,,,
12,Centralized,Retail_Uncategorized,,,,,,
13,0,Retail_Uncategorized,,,,,,
13,1,Retail_Uncategorized,,,,,,
13,2,Retail_Uncategorized,,,,,,
13,3,Retail_Uncategorized,,,,,,
13,4,Retail_Uncategorized,,,,,,
13,5,Retail_Uncategorized,,,,,,
13,Aggregated,Retail_Uncategorized,,,,,,
13,Centralized,Retail_Uncategorized,,,,,,
14,0,Retail_Uncategorized,,,,,,
14,1,Retail_Uncategorized,,,,,,
14,2,Retail_Uncategorized,,,,,,
14,3,Retail_Uncategorized,,,,,,
14,4,Retail_Uncategorized,,,,,,
14,5,Retail_Uncategorized,,,,,,
14,Aggregated,Retail_Uncategorized,,,,,,
14,Centralized,Retail_Uncategorized,,,,,,
15,0,Retail_Uncategorized,,,,,,
15,1,Retail_Uncategorized,,,,,,
15,2,Retail_Uncategorized,,,,,,
15,3,Retail_Uncategorized,,,,,,
15,4,Retail_Uncategorized,,,,,,
15,5,Retail_Uncategorized,,,,,,
15,Aggregated,Retail_Uncategorized,,,,,,
15,Centralized,Retail_Uncategorized,,,,,,
16,0,Retail_Uncategorized,,,,,,
16,1,Retail_Uncategorized,,,,,,
16,2,Retail_Uncategorized,,,,,,
16,3,Retail_Uncategorized,,,,,,
16,4,Retail_Uncategorized,,,,,,
16,5,Retail_Uncategorized,,,,,,
16,Aggregated,Retail_Uncategorized,,,,,,
16,Centralized,Retail_Uncategorized,,,,,,
17,0,Retail_Uncategorized,,,,,,
17,1,Retail_Uncategorized,,,,,,
17,2,Retail_Uncategorized,,,,,,
17,3,Retail_Uncategorized,,,,,,
17,4,Retail_Uncategorized,,,,,,
17,5,Retail_Uncategorized,,,,,,
17,Aggregated,Retail_Uncategorized,,,,,,
17,Centralized,Retail_Uncategorized,,,,,,
18,0,Retail_Uncategorized,,,,,,
18,1,Retail_Uncategorized,,,,,,
18,2,Retail_Uncategorized,,,,,,
18,3,Retail_Uncategorized,,,,,,
18,4,Retail_Uncategorized,,,,,,
18,5,Retail_Uncategorized,,,,,,
18,Aggregated,Retail_Uncategorized,,,,,,
18,Centralized,Retail_Uncategorized,,,,,,
19,0,Retail_Uncategorized,,,,,,
19,1,Retail_Uncategorized,,,,,,
19,2,Retail_Uncategorized,,,,,,
19,3,Retail_Uncategorized,,,,,,
19,4,Retail_Uncategorized,,,,,,
19,5,Retail_Uncategorized,,,,,,
19,Aggregated,Retail_Uncategorized,,,,,,
19,Centralized,Retail_Uncategorized,,,,,,
20,0,Retail_Uncategorized,,,,,,
20,1,Retail_Uncategorized,,,,,,
20,2,Retail_Uncategorized,,,,,,
20,3,Retail_Uncategorized,,,,,,
20,4,Retail_Uncategorized,,,,,,
20,5,Retail_Uncategorized,,,,,,
20,Aggregated,Retail_Uncategorized,,,,,,
20,Centralized,Retail_Uncategorized,,,,,,
21,0,Retail_Uncategorized,,,,,,
21,1,Retail_Uncategorized,,,,,,
21,2,Retail_Uncategorized,,,,,,
21,3,Retail_Uncategorized,,,,,,
21,4,Retail_Uncategorized,,,,,,
21,5,Retail_Uncategorized,,,,,,
21,Aggregated,Retail_Uncategorized,,,,,,
21,Centralized,Retail_Uncategorized,,,,,,
22,0,Retail_Uncategorized,,,,,,
22,1,Retail_Uncategorized,,,,,,
22,2,Retail_Uncategorized,,,,,,
22,3,Retail_Uncategorized,,,,,,
22,4,Retail_Uncategorized,,,,,,
22,5,Retail_Uncategorized,,,,,,
22,Aggregated,Retail_Uncategorized,,,,,,
22,Centralized,Retail_Uncategorized,,,,,,
23,0,Retail_Uncategorized,,,,,,
23,1,Retail_Uncategorized,,,,,,
23,2,Retail_Uncategorized,,,,,,
23,3,Retail_Uncategorized,,,,,,
23,4,Retail_Uncategorized,,,,,,
23,5,Retail_Uncategorized,,,,,,
23,Aggregated,Retail_Uncategorized,,,,,,
23,Centralized,Retail_Uncategorized,,,,,,
24,0,Retail_Uncategorized,,,,,,
24,1,Retail_Uncategorized,,,,,,
24,2,Retail_Uncategorized,,,,,,
24,3,Retail_Uncategorized,,,,,,
24,4,Retail_Uncategorized,,,,,,
24,5,Retail_Uncategorized,,,,,,
24,Aggregated,Retail_Uncategorized,,,,,,
24,Centralized,Retail_Uncategorized,,,,,,
25,0,Retail_Uncategorized,,,,,,
25,1,Retail_Uncategorized,,,,,,
25,2,Retail_Uncategorized,,,,,,
25,3,Retail_Uncategorized,,,,,,
25,4,Retail_Uncategorized,,,,,,
25,5,Retail_Uncategorized,,,,,,
25,Aggregated,Retail_Uncategorized,,,,,,
25,Centralized,Retail_Uncategorized,,,,,,
26,0,Retail_Uncategorized,,,,,,
26,1,Retail_Uncategorized,,,,,,
26,2,Retail_Uncategorized,,,,,,
26,3,Retail_Uncategorized,,,,,,
26,4,Retail_Uncategorized,,,,,,
26,5,Retail_Uncategorized,,,,,,
26,Aggregated,Retail_Uncategorized,,,,,,
26,Centralized,Retail_Uncategorized,,,,,,
27,0,Retail_Uncategorized,,,,,,
27,1,Retail_Uncategorized,,,,,,
27,2,Retail_Uncategorized,,,,,,
27,3,Retail_Uncategorized,,,,,,
27,4,Retail_Uncategorized,,,,,,
27,5,Retail_Uncategorized,,,,,,
27,Aggregated,Retail_Uncategorized,,,,,,
27,Centralized,Retail_Uncategorized,,,,,,
28,0,Retail_Uncategorized,,,,,,
28,1,Retail_Uncategorized,,,,,,
28,2,Retail_Uncategorized,,,,,,
28,3,Retail_Uncategorized,,,,,,
28,4,Retail_Uncategorized,,,,,,
28,5,Retail_Uncategorized,,,,,,
28,Aggregated,Retail_Uncategorized,,,,,,
28,Centralized,Retail_Uncategorized,,,,,,
29,0,Retail_Uncategorized,,,,,,
29,1,Retail_Uncategorized,,,,,,
29,2,Retail_Uncategorized,,,,,,
29,3,Retail_Uncategorized,,,,,,
29,4,Retail_Uncategorized,,,,,,
29,5,Retail_Uncategorized,,,,,,
29,Aggregated,Retail_Uncategorized,,,,,,
29,Centralized,Retail_Uncategorized,,,,,,
30,0,Retail_Uncategorized,,,,,,
30,1,Retail_Uncategorized,,,,,,
30,2,Retail_Uncategorized,,,,,,
30,3,Retail_Uncategorized,,,,,,
30,4,Retail_Uncategorized,,,,,,
30,5,Retail_Uncategorized,,,,,,
30,Aggregated,Retail_Uncategorized,,,,,,
30,Centralized,Retail_Uncategorized,,,,,,
31,0,Retail_Uncategorized,,,,,,
31,1,Retail_Uncategorized,,,,,,
31,2,Retail_Uncategorized,,,,,,
31,3,Retail_Uncategorized,,,,,,
31,4,Retail_Uncategorized,,,,,,
31,5,Retail_Uncategorized,,,,,,
31,Aggregated,Retail_Uncategorized,,,,,,
31,Centralized,Retail_Uncategorized,,,,,,
32,0,Retail_Uncategorized,,,,,,
32,1,Retail_Uncategorized,,,,,,
32,2,Retail_Uncategorized,,,,,,
32,3,Retail_Uncategorized,,,,,,
32,4,Retail_Uncategorized,,,,,,
32,5,Retail_Uncategorized,,,,,,
32,Aggregated,Retail_Uncategorized,,,,,,
32,Centralized,Retail_Uncategorized,,,,,,
33,0,Retail_Uncategorized,,,,,,
33,1,Retail_Uncategorized,,,,,,
33,2,Retail_Uncategorized,,,,,,
33,3,Retail_Uncategorized,,,,,,
33,4,Retail_Uncategorized,,,,,,
33,5,Retail_Uncategorized,,,,,,
33,Aggregated,Retail_Uncategorized,,,,,,
33,Centralized,Retail_Uncategorized,,,,,,
34,0,Retail_Uncategorized,,,,,,
34,1,Retail_Uncategorized,,,,,,
34,2,Retail_Uncategorized,,,,,,
34,3,Retail_Uncategorized,,,,,,
34,4,Retail_Uncategorized,,,,,,
34,5,Retail_Uncategorized,,,,,,
34,Aggregated,Retail_Uncategorized,,,,,,
34,Centralized,Retail_Uncategorized,,,,,,
35,0,Retail_Uncategorized,,,,,,
35,1,Retail_Uncategorized,,,,,,
35,2,Retail_Uncategorized,,,,,,
35,3,Retail_Uncategorized,,,,,,
35,4,Retail_Uncategorized,,,,,,
35,5,Retail_Uncategorized,,,,,,
35,Aggregated,Retail_Uncategorized,,,,,,
35,Centralized,Retail_Uncategorized,,,,,,
36,0,Retail_Uncategorized,,,,,,
36,1,Retail_Uncategorized,,,,,,
36,2,Retail_Uncategorized,,,,,,
36,3,Retail_Uncategorized,,,,,,
36,4,Retail_Uncategorized,,,,,,
36,5,Retail_Uncategorized,,,,,,
36,Aggregated,Retail_Uncategorized,,,,,,
36,Centralized,Retail_Uncategorized,,,,,,
37,0,Retail_Uncategorized,,,,,,
37,1,Retail_Uncategorized,,,,,,
37,2,Retail_Uncategorized,,,,,,
37,3,Retail_Uncategorized,,,,,,
37,4,Retail_Uncategorized,,,,,,
37,5,Retail_Uncategorized,,,,,,
37,Aggregated,Retail_Uncategorized,,,,,,
37,Centralized,Retail_Uncategorized,,,,,,
38,0,Retail_Uncategorized,,,,,,
38,1,Retail_Uncategorized,,,,,,
38,2,Retail_Uncategorized,,,,,,
38,3,Retail_Uncategorized,,,,,,
38,4,Retail_Uncategorized,,,,,,
38,5,Retail_Uncategorized,,,,,,
38,Aggregated,Retail_Uncategorized,,,,,,
38,Centralized,Retail_Uncategorized,,,,,,
39,0,Retail_Uncategorized,,,,,,
39,1,Retail_Uncategorized,,,,,,
39,2,Retail_Uncategorized,,,,,,
39,3,Retail_Uncategorized,,,,,,
39,4,Retail_Uncategorized,,,,,,
39,5,Retail_Uncategorized,,,,,,
39,Aggregated,Retail_Uncategorized,,,,,,
39,Centralized,Retail_Uncategorized,,,,,,
40,0,Retail_Uncategorized,,,,,,
40,1,Retail_Uncategorized,,,,,,
40,2,Retail_Uncategorized,,,,,,
40,3,Retail_Uncategorized,,,,,,
40,4,Retail_Uncategorized,,,,,,
40,5,Retail_Uncategorized,,,,,,
40,Aggregated,Retail_Uncategorized,,,,,,
40,Centralized,Retail_Uncategorized,,,,,,
41,0,Retail_Uncategorized,,,,,,
41,1,Retail_Uncategorized,,,,,,
41,2,Retail_Uncategorized,,,,,,
41,3,Retail_Uncategorized,,,,,,
41,4,Retail_Uncategorized,,,,,,
41,5,Retail_Uncategorized,,,,,,
41,Aggregated,Retail_Uncategorized,,,,,,
41,Centralized,Retail_Uncategorized,,,,,,
42,0,Retail_Uncategorized,,,,,,
42,1,Retail_Uncategorized,,,,,,
42,2,Retail_Uncategorized,,,,,,
42,3,Retail_Uncategorized,,,,,,
42,4,Retail_Uncategorized,,,,,,
42,5,Retail_Uncategorized,,,,,,
42,Aggregated,Retail_Uncategorized,,,,,,
42,Centralized,Retail_Uncategorized,,,,,,
43,0,Retail_Uncategorized,,,,,,
43,1,Retail_Uncategorized,,,,,,
43,2,Retail_Uncategorized,,,,,,
43,3,Retail_Uncategorized,,,,,,
43,4,Retail_Uncategorized,,,,,,
43,5,Retail_Uncategorized,,,,,,
43,Aggregated,Retail_Uncategorized,,,,,,
43,Centralized,Retail_Uncategorized,,,,,,
44,0,Retail_Uncategorized,,,,,,
44,1,Retail_Uncategorized,,,,,,
44,2,Retail_Uncategorized,,,,,,
44,3,Retail_Uncategorized,,,,,,
44,4,Retail_Uncategorized,,,,,,
44,5,Retail_Uncategorized,,,,,,
44,Aggregated,Retail_Uncategorized,,,,,,
44,Centralized,Retail_Uncategorized,,,,,,
45,0,Retail_Uncategorized,,,,,,
45,1,Retail_Uncategorized,,,,,,
45,2,Retail_Uncategorized,,,,,,
45,3,Retail_Uncategorized,,,,,,
45,4,Retail_Uncategorized,,,,,,
45,5,Retail_Uncategorized,,,,,,
45,Aggregated,Retail_Uncategorized,,,,,,
45,Centralized,Retail_Uncategorized,,,,,,
46,0,Retail_Uncategorized,,,,,,
46,1,Retail_Uncategorized,,,,,,
46,2,Retail_Uncategorized,,,,,,
46,3,Retail_Uncategorized,,,,,,
46,4,Retail_Uncategorized,,,,,,
46,5,Retail_Uncategorized,,,,,,
46,Aggregated,Retail_Uncategorized,,,,,,
46,Centralized,Retail_Uncategorized,,,,,,
47,0,Retail_Uncategorized,,,,,,
47,1,Retail_Uncategorized,,,,,,
47,2,Retail_Uncategorized,,,,,,
47,3,Retail_Uncategorized,,,,,,
47,4,Retail_Uncategorized,,,,,,
47,5,Retail_Uncategorized,,,,,,
47,Aggregated,Retail_Uncategorized,,,,,,
47,Centralized,Retail_Uncategorized,,,,,,
48,0,Retail_Uncategorized,,,,,,
48,1,Retail_Uncategorized,,,,,,
48,2,Retail_Uncategorized,,,,,,
48,3,Retail_Uncategorized,,,,,,
48,4,Retail_Uncategorized,,,,,,
48,5,Retail_Uncategorized,,,,,,
48,Aggregated,Retail_Uncategorized,,,,,,
48,Centralized,Retail_Uncategorized,,,,,,
49,0,Retail_Uncategorized,,,,,,
49,1,Retail_Uncategorized,,,,,,
49,2,Retail_Uncategorized,,,,,,
49,3,Retail_Uncategorized,,,,,,
49,4,Retail_Uncategorized,,,,,,
49,5,Retail_Uncategorized,,,,,,
49,Aggregated,Retail_Uncategorized,,,,,,
49,Centralized,Retail_Uncategorized,,,,,,
50,0,Retail_Uncategorized,,,,,,
50,1,Retail_Uncategorized,,,,,,
50,2,Retail_Uncategorized,,,,,,
50,3,Retail_Uncategorized,,,,,,
50,4,Retail_Uncategorized,,,,,,
50,5,Retail_Uncategorized,,,,,,
50,Aggregated,Retail_Uncategorized,,,,,,
50,Centralized,Retail_Uncategorized,,,,,,
0,0,Retail_Vehicle_dealership_showroom,,,,,,
0,1,Retail_Vehicle_dealership_showroom,,,,,,
0,2,Retail_Vehicle_dealership_showroom,,,,,,
0,3,Retail_Vehicle_dealership_showroom,,,,,,
0,4,Retail_Vehicle_dealership_showroom,,,,,,
0,5,Retail_Vehicle_dealership_showroom,,,,,,
0,Aggregated,Retail_Vehicle_dealership_showroom,,,,,,
0,Centralized,Retail_Vehicle_dealership_showroom,,,,,,
1,0,Retail_Vehicle_dealership_showroom,,,,,,
1,1,Retail_Vehicle_dealership_showroom,,,,,,
1,2,Retail_Vehicle_dealership_showroom,,,,,,
1,3,Retail_Vehicle_dealership_showroom,,,,,,
1,4,Retail_Vehicle_dealership_showroom,,,,,,
1,5,Retail_Vehicle_dealership_showroom,,,,,,
1,Aggregated,Retail_Vehicle_dealership_showroom,,,,,,
1,Centralized,Retail_Vehicle_dealership_showroom,,,,,,
2,0,Retail_Vehicle_dealership_showroom,,,,,,
2,1,Retail_Vehicle_dealership_showroom,,,,,,
2,2,Retail_Vehicle_dealership_showroom,,,,,,
2,3,Retail_Vehicle_dealership_showroom,,,,,,
2,4,Retail_Vehicle_dealership_showroom,,,,,,
2,5,Retail_Vehicle_dealership_showroom,,,,,,
2,Aggregated,Retail_Vehicle_dealership_showroom,,,,,,
2,Centralized,Retail_Vehicle_dealership_showroom,,,,,,
3,0,Retail_Vehicle_dealership_showroom,,,,,,
3,1,Retail_Vehicle_dealership_showroom,,,,,,
3,2,Retail_Vehicle_dealership_showroom,,,,,,
3,3,Retail_Vehicle_dealership_showroom,,,,,,
3,4,Retail_Vehicle_dealership_showroom,,,,,,
3,5,Retail_Vehicle_dealership_showroom,,,,,,
3,Aggregated,Retail_Vehicle_dealership_showroom,,,,,,
3,Centralized,Retail_Vehicle_dealership_showroom,,,,,,
4,0,Retail_Vehicle_dealership_showroom,,,,,,
4,1,Retail_Vehicle_dealership_showroom,,,,,,
4,2,Retail_Vehicle_dealership_showroom,,,,,,
4,3,Retail_Vehicle_dealership_showroom,,,,,,
4,4,Retail_Vehicle_dealership_showroom,,,,,,
4,5,Retail_Vehicle_dealership_showroom,,,,,,
4,Aggregated,Retail_Vehicle_dealership_showroom,,,,,,
4,Centralized,Retail_Vehicle_dealership_showroom,,,,,,
5,0,Retail_Vehicle_dealership_showroom,,,,,,
5,1,Retail_Vehicle_dealership_showroom,,,,,,
5,2,Retail_Vehicle_dealership_showroom,,,,,,
5,3,Retail_Vehicle_dealership_showroom,,,,,,
5,4,Retail_Vehicle_dealership_showroom,,,,,,
5,5,Retail_Vehicle_dealership_showroom,,,,,,
5,Aggregated,Retail_Vehicle_dealership_showroom,,,,,,
5,Centralized,Retail_Vehicle_dealership_showroom,,,,,,
6,0,Retail_Vehicle_dealership_showroom,,,,,,
6,1,Retail_Vehicle_dealership_showroom,,,,,,
6,2,Retail_Vehicle_dealership_showroom,,,,,,
6,3,Retail_Vehicle_dealership_showroom,,,,,,
6,4,Retail_Vehicle_dealership_showroom,,,,,,
6,5,Retail_Vehicle_dealership_showroom,,,,,,
6,Aggregated,Retail_Vehicle_dealership_showroom,,,,,,
6,Centralized,Retail_Vehicle_dealership_showroom,,,,,,
7,0,Retail_Vehicle_dealership_showroom,,,,,,
7,1,Retail_Vehicle_dealership_showroom,,,,,,
7,2,Retail_Vehicle_dealership_showroom,,,,,,
7,3,Retail_Vehicle_dealership_showroom,,,,,,
7,4,Retail_Vehicle_dealership_showroom,,,,,,
7,5,Retail_Vehicle_dealership_showroom,,,,,,
7,Aggregated,Retail_Vehicle_dealership_showroom,,,,,,
7,Centralized,Retail_Vehicle_dealership_showroom,,,,,,
8,0,Retail_Vehicle_dealership_showroom,,,,,,
8,1,Retail_Vehicle_dealership_showroom,,,,,,
8,2,Retail_Vehicle_dealership_showroom,,,,,,
8,3,Retail_Vehicle_dealership_showroom,,,,,,
8,4,Retail_Vehicle_dealership_showroom,,,,,,
8,5,Retail_Vehicle_dealership_showroom,,,,,,
8,Aggregated,Retail_Vehicle_dealership_showroom,,,,,,
8,Centralized,Retail_Vehicle_dealership_showroom,,,,,,
9,0,Retail_Vehicle_dealership_showroom,,,,,,
9,1,Retail_Vehicle_dealership_showroom,,,,,,
9,2,Retail_Vehicle_dealership_showroom,,,,,,
9,3,Retail_Vehicle_dealership_showroom,,,,,,
9,4,Retail_Vehicle_dealership_showroom,,,,,,
9,5,Retail_Vehicle_dealership_showroom,,,,,,
9,Aggregated,Retail_Vehicle_dealership_showroom,,,,,,
9,Centralized,Retail_Vehicle_dealership_showroom,,,,,,
10,0,Retail_Vehicle_dealership_showroom,,,,,,
10,1,Retail_Vehicle_dealership_showroom,,,,,,
10,2,Retail_Vehicle_dealership_showroom,,,,,,
10,3,Retail_Vehicle_dealership_showroom,,,,,,
10,4,Retail_Vehicle_dealership_showroom,,,,,,
10,5,Retail_Vehicle_dealership_showroom,,,,,,
10,Aggregated,Retail_Vehicle_dealership_showroom,,,,,,
10,Centralized,Retail_Vehicle_dealership_showroom,,,,,,
11,0,Retail_Vehicle_dealership_showroom,,,,,,
11,1,Retail_Vehicle_dealership_showroom,,,,,,
11,2,Retail_Vehicle_dealership_showroom,,,,,,
11,3,Retail_Vehicle_dealership_showroom,,,,,,
11,4,Retail_Vehicle_dealership_showroom,,,,,,
11,5,Retail_Vehicle_dealership_showroom,,,,,,
11,Aggregated,Retail_Vehicle_dealership_showroom,,,,,,
11,Centralized,Retail_Vehicle_dealership_showroom,,,,,,
12,0,Retail_Vehicle_dealership_showroom,,,,,,
12,1,Retail_Vehicle_dealership_showroom,,,,,,
12,2,Retail_Vehicle_dealership_showroom,,,,,,
12,3,Retail_Vehicle_dealership_showroom,,,,,,
12,4,Retail_Vehicle_dealership_showroom,,,,,,
12,5,Retail_Vehicle_dealership_showroom,,,,,,
12,Aggregated,Retail_Vehicle_dealership_showroom,,,,,,
12,Centralized,Retail_Vehicle_dealership_showroom,,,,,,
13,0,Retail_Vehicle_dealership_showroom,,,,,,
13,1,Retail_Vehicle_dealership_showroom,,,,,,
13,2,Retail_Vehicle_dealership_showroom,,,,,,
13,3,Retail_Vehicle_dealership_showroom,,,,,,
13,4,Retail_Vehicle_dealership_showroom,,,,,,
13,5,Retail_Vehicle_dealership_showroom,,,,,,
13,Aggregated,Retail_Vehicle_dealership_showroom,,,,,,
13,Centralized,Retail_Vehicle_dealership_showroom,,,,,,
14,0,Retail_Vehicle_dealership_showroom,,,,,,
14,1,Retail_Vehicle_dealership_showroom,,,,,,
14,2,Retail_Vehicle_dealership_showroom,,,,,,
14,3,Retail_Vehicle_dealership_showroom,,,,,,
14,4,Retail_Vehicle_dealership_showroom,,,,,,
14,5,Retail_Vehicle_dealership_showroom,,,,,,
14,Aggregated,Retail_Vehicle_dealership_showroom,,,,,,
14,Centralized,Retail_Vehicle_dealership_showroom,,,,,,
15,0,Retail_Vehicle_dealership_showroom,,,,,,
15,1,Retail_Vehicle_dealership_showroom,,,,,,
15,2,Retail_Vehicle_dealership_showroom,,,,,,
15,3,Retail_Vehicle_dealership_showroom,,,,,,
15,4,Retail_Vehicle_dealership_showroom,,,,,,
15,5,Retail_Vehicle_dealership_showroom,,,,,,
15,Aggregated,Retail_Vehicle_dealership_showroom,,,,,,
15,Centralized,Retail_Vehicle_dealership_showroom,,,,,,
16,0,Retail_Vehicle_dealership_showroom,,,,,,
16,1,Retail_Vehicle_dealership_showroom,,,,,,
16,2,Retail_Vehicle_dealership_showroom,,,,,,
16,3,Retail_Vehicle_dealership_showroom,,,,,,
16,4,Retail_Vehicle_dealership_showroom,,,,,,
16,5,Retail_Vehicle_dealership_showroom,,,,,,
16,Aggregated,Retail_Vehicle_dealership_showroom,,,,,,
16,Centralized,Retail_Vehicle_dealership_showroom,,,,,,
17,0,Retail_Vehicle_dealership_showroom,,,,,,
17,1,Retail_Vehicle_dealership_showroom,,,,,,
17,2,Retail_Vehicle_dealership_showroom,,,,,,
17,3,Retail_Vehicle_dealership_showroom,,,,,,
17,4,Retail_Vehicle_dealership_showroom,,,,,,
17,5,Retail_Vehicle_dealership_showroom,,,,,,
17,Aggregated,Retail_Vehicle_dealership_showroom,,,,,,
17,Centralized,Retail_Vehicle_dealership_showroom,,,,,,
18,0,Retail_Vehicle_dealership_showroom,,,,,,
18,1,Retail_Vehicle_dealership_showroom,,,,,,
18,2,Retail_Vehicle_dealership_showroom,,,,,,
18,3,Retail_Vehicle_dealership_showroom,,,,,,
18,4,Retail_Vehicle_dealership_showroom,,,,,,
18,5,Retail_Vehicle_dealership_showroom,,,,,,
18,Aggregated,Retail_Vehicle_dealership_showroom,,,,,,
18,Centralized,Retail_Vehicle_dealership_showroom,,,,,,
19,0,Retail_Vehicle_dealership_showroom,,,,,,
19,1,Retail_Vehicle_dealership_showroom,,,,,,
19,2,Retail_Vehicle_dealership_showroom,,,,,,
19,3,Retail_Vehicle_dealership_showroom,,,,,,
19,4,Retail_Vehicle_dealership_showroom,,,,,,
19,5,Retail_Vehicle_dealership_showroom,,,,,,
19,Aggregated,Retail_Vehicle_dealership_showroom,,,,,,
19,Centralized,Retail_Vehicle_dealership_showroom,,,,,,
20,0,Retail_Vehicle_dealership_showroom,,,,,,
20,1,Retail_Vehicle_dealership_showroom,,,,,,
20,2,Retail_Vehicle_dealership_showroom,,,,,,
20,3,Retail_Vehicle_dealership_showroom,,,,,,
20,4,Retail_Vehicle_dealership_showroom,,,,,,
20,5,Retail_Vehicle_dealership_showroom,,,,,,
20,Aggregated,Retail_Vehicle_dealership_showroom,,,,,,
20,Centralized,Retail_Vehicle_dealership_showroom,,,,,,
21,0,Retail_Vehicle_dealership_showroom,,,,,,
21,1,Retail_Vehicle_dealership_showroom,,,,,,
21,2,Retail_Vehicle_dealership_showroom,,,,,,
21,3,Retail_Vehicle_dealership_showroom,,,,,,
21,4,Retail_Vehicle_dealership_showroom,,,,,,
21,5,Retail_Vehicle_dealership_showroom,,,,,,
21,Aggregated,Retail_Vehicle_dealership_showroom,,,,,,
21,Centralized,Retail_Vehicle_dealership_showroom,,,,,,
22,0,Retail_Vehicle_dealership_showroom,,,,,,
22,1,Retail_Vehicle_dealership_showroom,,,,,,
22,2,Retail_Vehicle_dealership_showroom,,,,,,
22,3,Retail_Vehicle_dealership_showroom,,,,,,
22,4,Retail_Vehicle_dealership_showroom,,,,,,
22,5,Retail_Vehicle_dealership_showroom,,,,,,
22,Aggregated,Retail_Vehicle_dealership_showroom,,,,,,
22,Centralized,Retail_Vehicle_dealership_showroom,,,,,,
23,0,Retail_Vehicle_dealership_showroom,,,,,,
23,1,Retail_Vehicle_dealership_showroom,,,,,,
23,2,Retail_Vehicle_dealership_showroom,,,,,,
23,3,Retail_Vehicle_dealership_showroom,,,,,,
23,4,Retail_Vehicle_dealership_showroom,,,,,,
23,5,Retail_Vehicle_dealership_showroom,,,,,,
23,Aggregated,Retail_Vehicle_dealership_showroom,,,,,,
23,Centralized,Retail_Vehicle_dealership_showroom,,,,,,
24,0,Retail_Vehicle_dealership_showroom,,,,,,
24,1,Retail_Vehicle_dealership_showroom,,,,,,
24,2,Retail_Vehicle_dealership_showroom,,,,,,
24,3,Retail_Vehicle_dealership_showroom,,,,,,
24,4,Retail_Vehicle_dealership_showroom,,,,,,
24,5,Retail_Vehicle_dealership_showroom,,,,,,
24,Aggregated,Retail_Vehicle_dealership_showroom,,,,,,
24,Centralized,Retail_Vehicle_dealership_showroom,,,,,,
25,0,Retail_Vehicle_dealership_showroom,,,,,,
25,1,Retail_Vehicle_dealership_showroom,,,,,,
25,2,Retail_Vehicle_dealership_showroom,,,,,,
25,3,Retail_Vehicle_dealership_showroom,,,,,,
25,4,Retail_Vehicle_dealership_showroom,,,,,,
25,5,Retail_Vehicle_dealership_showroom,,,,,,
25,Aggregated,Retail_Vehicle_dealership_showroom,,,,,,
25,Centralized,Retail_Vehicle_dealership_showroom,,,,,,
26,0,Retail_Vehicle_dealership_showroom,,,,,,
26,1,Retail_Vehicle_dealership_showroom,,,,,,
26,2,Retail_Vehicle_dealership_showroom,,,,,,
26,3,Retail_Vehicle_dealership_showroom,,,,,,
26,4,Retail_Vehicle_dealership_showroom,,,,,,
26,5,Retail_Vehicle_dealership_showroom,,,,,,
26,Aggregated,Retail_Vehicle_dealership_showroom,,,,,,
26,Centralized,Retail_Vehicle_dealership_showroom,,,,,,
27,0,Retail_Vehicle_dealership_showroom,,,,,,
27,1,Retail_Vehicle_dealership_showroom,,,,,,
27,2,Retail_Vehicle_dealership_showroom,,,,,,
27,3,Retail_Vehicle_dealership_showroom,,,,,,
27,4,Retail_Vehicle_dealership_showroom,,,,,,
27,5,Retail_Vehicle_dealership_showroom,,,,,,
27,Aggregated,Retail_Vehicle_dealership_showroom,,,,,,
27,Centralized,Retail_Vehicle_dealership_showroom,,,,,,
28,0,Retail_Vehicle_dealership_showroom,,,,,,
28,1,Retail_Vehicle_dealership_showroom,,,,,,
28,2,Retail_Vehicle_dealership_showroom,,,,,,
28,3,Retail_Vehicle_dealership_showroom,,,,,,
28,4,Retail_Vehicle_dealership_showroom,,,,,,
28,5,Retail_Vehicle_dealership_showroom,,,,,,
28,Aggregated,Retail_Vehicle_dealership_showroom,,,,,,
28,Centralized,Retail_Vehicle_dealership_showroom,,,,,,
29,0,Retail_Vehicle_dealership_showroom,,,,,,
29,1,Retail_Vehicle_dealership_showroom,,,,,,
29,2,Retail_Vehicle_dealership_showroom,,,,,,
29,3,Retail_Vehicle_dealership_showroom,,,,,,
29,4,Retail_Vehicle_dealership_showroom,,,,,,
29,5,Retail_Vehicle_dealership_showroom,,,,,,
29,Aggregated,Retail_Vehicle_dealership_showroom,,,,,,
29,Centralized,Retail_Vehicle_dealership_showroom,,,,,,
30,0,Retail_Vehicle_dealership_showroom,,,,,,
30,1,Retail_Vehicle_dealership_showroom,,,,,,
30,2,Retail_Vehicle_dealership_showroom,,,,,,
30,3,Retail_Vehicle_dealership_showroom,,,,,,
30,4,Retail_Vehicle_dealership_showroom,,,,,,
30,5,Retail_Vehicle_dealership_showroom,,,,,,
30,Aggregated,Retail_Vehicle_dealership_showroom,,,,,,
30,Centralized,Retail_Vehicle_dealership_showroom,,,,,,
31,0,Retail_Vehicle_dealership_showroom,,,,,,
31,1,Retail_Vehicle_dealership_showroom,,,,,,
31,2,Retail_Vehicle_dealership_showroom,,,,,,
31,3,Retail_Vehicle_dealership_showroom,,,,,,
31,4,Retail_Vehicle_dealership_showroom,,,,,,
31,5,Retail_Vehicle_dealership_showroom,,,,,,
31,Aggregated,Retail_Vehicle_dealership_showroom,,,,,,
31,Centralized,Retail_Vehicle_dealership_showroom,,,,,,
32,0,Retail_Vehicle_dealership_showroom,,,,,,
32,1,Retail_Vehicle_dealership_showroom,,,,,,
32,2,Retail_Vehicle_dealership_showroom,,,,,,
32,3,Retail_Vehicle_dealership_showroom,,,,,,
32,4,Retail_Vehicle_dealership_showroom,,,,,,
32,5,Retail_Vehicle_dealership_showroom,,,,,,
32,Aggregated,Retail_Vehicle_dealership_showroom,,,,,,
32,Centralized,Retail_Vehicle_dealership_showroom,,,,,,
33,0,Retail_Vehicle_dealership_showroom,,,,,,
33,1,Retail_Vehicle_dealership_showroom,,,,,,
33,2,Retail_Vehicle_dealership_showroom,,,,,,
33,3,Retail_Vehicle_dealership_showroom,,,,,,
33,4,Retail_Vehicle_dealership_showroom,,,,,,
33,5,Retail_Vehicle_dealership_showroom,,,,,,
33,Aggregated,Retail_Vehicle_dealership_showroom,,,,,,
33,Centralized,Retail_Vehicle_dealership_showroom,,,,,,
34,0,Retail_Vehicle_dealership_showroom,,,,,,
34,1,Retail_Vehicle_dealership_showroom,,,,,,
34,2,Retail_Vehicle_dealership_showroom,,,,,,
34,3,Retail_Vehicle_dealership_showroom,,,,,,
34,4,Retail_Vehicle_dealership_showroom,,,,,,
34,5,Retail_Vehicle_dealership_showroom,,,,,,
34,Aggregated,Retail_Vehicle_dealership_showroom,,,,,,
34,Centralized,Retail_Vehicle_dealership_showroom,,,,,,
35,0,Retail_Vehicle_dealership_showroom,,,,,,
35,1,Retail_Vehicle_dealership_showroom,,,,,,
35,2,Retail_Vehicle_dealership_showroom,,,,,,
35,3,Retail_Vehicle_dealership_showroom,,,,,,
35,4,Retail_Vehicle_dealership_showroom,,,,,,
35,5,Retail_Vehicle_dealership_showroom,,,,,,
35,Aggregated,Retail_Vehicle_dealership_showroom,,,,,,
35,Centralized,Retail_Vehicle_dealership_showroom,,,,,,
36,0,Retail_Vehicle_dealership_showroom,,,,,,
36,1,Retail_Vehicle_dealership_showroom,,,,,,
36,2,Retail_Vehicle_dealership_showroom,,,,,,
36,3,Retail_Vehicle_dealership_showroom,,,,,,
36,4,Retail_Vehicle_dealership_showroom,,,,,,
36,5,Retail_Vehicle_dealership_showroom,,,,,,
36,Aggregated,Retail_Vehicle_dealership_showroom,,,,,,
36,Centralized,Retail_Vehicle_dealership_showroom,,,,,,
37,0,Retail_Vehicle_dealership_showroom,,,,,,
37,1,Retail_Vehicle_dealership_showroom,,,,,,
37,2,Retail_Vehicle_dealership_showroom,,,,,,
37,3,Retail_Vehicle_dealership_showroom,,,,,,
37,4,Retail_Vehicle_dealership_showroom,,,,,,
37,5,Retail_Vehicle_dealership_showroom,,,,,,
37,Aggregated,Retail_Vehicle_dealership_showroom,,,,,,
37,Centralized,Retail_Vehicle_dealership_showroom,,,,,,
38,0,Retail_Vehicle_dealership_showroom,,,,,,
38,1,Retail_Vehicle_dealership_showroom,,,,,,
38,2,Retail_Vehicle_dealership_showroom,,,,,,
38,3,Retail_Vehicle_dealership_showroom,,,,,,
38,4,Retail_Vehicle_dealership_showroom,,,,,,
38,5,Retail_Vehicle_dealership_showroom,,,,,,
38,Aggregated,Retail_Vehicle_dealership_showroom,,,,,,
38,Centralized,Retail_Vehicle_dealership_showroom,,,,,,
39,0,Retail_Vehicle_dealership_showroom,,,,,,
39,1,Retail_Vehicle_dealership_showroom,,,,,,
39,2,Retail_Vehicle_dealership_showroom,,,,,,
39,3,Retail_Vehicle_dealership_showroom,,,,,,
39,4,Retail_Vehicle_dealership_showroom,,,,,,
39,5,Retail_Vehicle_dealership_showroom,,,,,,
39,Aggregated,Retail_Vehicle_dealership_showroom,,,,,,
39,Centralized,Retail_Vehicle_dealership_showroom,,,,,,
40,0,Retail_Vehicle_dealership_showroom,,,,,,
40,1,Retail_Vehicle_dealership_showroom,,,,,,
40,2,Retail_Vehicle_dealership_showroom,,,,,,
40,3,Retail_Vehicle_dealership_showroom,,,,,,
40,4,Retail_Vehicle_dealership_showroom,,,,,,
40,5,Retail_Vehicle_dealership_showroom,,,,,,
40,Aggregated,Retail_Vehicle_dealership_showroom,,,,,,
40,Centralized,Retail_Vehicle_dealership_showroom,,,,,,
41,0,Retail_Vehicle_dealership_showroom,,,,,,
41,1,Retail_Vehicle_dealership_showroom,,,,,,
41,2,Retail_Vehicle_dealership_showroom,,,,,,
41,3,Retail_Vehicle_dealership_showroom,,,,,,
41,4,Retail_Vehicle_dealership_showroom,,,,,,
41,5,Retail_Vehicle_dealership_showroom,,,,,,
41,Aggregated,Retail_Vehicle_dealership_showroom,,,,,,
41,Centralized,Retail_Vehicle_dealership_showroom,,,,,,
42,0,Retail_Vehicle_dealership_showroom,,,,,,
42,1,Retail_Vehicle_dealership_showroom,,,,,,
42,2,Retail_Vehicle_dealership_showroom,,,,,,
42,3,Retail_Vehicle_dealership_showroom,,,,,,
42,4,Retail_Vehicle_dealership_showroom,,,,,,
42,5,Retail_Vehicle_dealership_showroom,,,,,,
42,Aggregated,Retail_Vehicle_dealership_showroom,,,,,,
42,Centralized,Retail_Vehicle_dealership_showroom,,,,,,
43,0,Retail_Vehicle_dealership_showroom,,,,,,
43,1,Retail_Vehicle_dealership_showroom,,,,,,
43,2,Retail_Vehicle_dealership_showroom,,,,,,
43,3,Retail_Vehicle_dealership_showroom,,,,,,
43,4,Retail_Vehicle_dealership_showroom,,,,,,
43,5,Retail_Vehicle_dealership_showroom,,,,,,
43,Aggregated,Retail_Vehicle_dealership_showroom,,,,,,
43,Centralized,Retail_Vehicle_dealership_showroom,,,,,,
44,0,Retail_Vehicle_dealership_showroom,,,,,,
44,1,Retail_Vehicle_dealership_showroom,,,,,,
44,2,Retail_Vehicle_dealership_showroom,,,,,,
44,3,Retail_Vehicle_dealership_showroom,,,,,,
44,4,Retail_Vehicle_dealership_showroom,,,,,,
44,5,Retail_Vehicle_dealership_showroom,,,,,,
44,Aggregated,Retail_Vehicle_dealership_showroom,,,,,,
44,Centralized,Retail_Vehicle_dealership_showroom,,,,,,
45,0,Retail_Vehicle_dealership_showroom,,,,,,
45,1,Retail_Vehicle_dealership_showroom,,,,,,
45,2,Retail_Vehicle_dealership_showroom,,,,,,
45,3,Retail_Vehicle_dealership_showroom,,,,,,
45,4,Retail_Vehicle_dealership_showroom,,,,,,
45,5,Retail_Vehicle_dealership_showroom,,,,,,
45,Aggregated,Retail_Vehicle_dealership_showroom,,,,,,
45,Centralized,Retail_Vehicle_dealership_showroom,,,,,,
46,0,Retail_Vehicle_dealership_showroom,,,,,,
46,1,Retail_Vehicle_dealership_showroom,,,,,,
46,2,Retail_Vehicle_dealership_showroom,,,,,,
46,3,Retail_Vehicle_dealership_showroom,,,,,,
46,4,Retail_Vehicle_dealership_showroom,,,,,,
46,5,Retail_Vehicle_dealership_showroom,,,,,,
46,Aggregated,Retail_Vehicle_dealership_showroom,,,,,,
46,Centralized,Retail_Vehicle_dealership_showroom,,,,,,
47,0,Retail_Vehicle_dealership_showroom,,,,,,
47,1,Retail_Vehicle_dealership_showroom,,,,,,
47,2,Retail_Vehicle_dealership_showroom,,,,,,
47,3,Retail_Vehicle_dealership_showroom,,,,,,
47,4,Retail_Vehicle_dealership_showroom,,,,,,
47,5,Retail_Vehicle_dealership_showroom,,,,,,
47,Aggregated,Retail_Vehicle_dealership_showroom,,,,,,
47,Centralized,Retail_Vehicle_dealership_showroom,,,,,,
48,0,Retail_Vehicle_dealership_showroom,,,,,,
48,1,Retail_Vehicle_dealership_showroom,,,,,,
48,2,Retail_Vehicle_dealership_showroom,,,,,,
48,3,Retail_Vehicle_dealership_showroom,,,,,,
48,4,Retail_Vehicle_dealership_showroom,,,,,,
48,5,Retail_Vehicle_dealership_showroom,,,,,,
48,Aggregated,Retail_Vehicle_dealership_showroom,,,,,,
48,Centralized,Retail_Vehicle_dealership_showroom,,,,,,
49,0,Retail_Vehicle_dealership_showroom,,,,,,
49,1,Retail_Vehicle_dealership_showroom,,,,,,
49,2,Retail_Vehicle_dealership_showroom,,,,,,
49,3,Retail_Vehicle_dealership_showroom,,,,,,
49,4,Retail_Vehicle_dealership_showroom,,,,,,
49,5,Retail_Vehicle_dealership_showroom,,,,,,
49,Aggregated,Retail_Vehicle_dealership_showroom,,,,,,
49,Centralized,Retail_Vehicle_dealership_showroom,,,,,,
50,0,Retail_Vehicle_dealership_showroom,,,,,,
50,1,Retail_Vehicle_dealership_showroom,,,,,,
50,2,Retail_Vehicle_dealership_showroom,,,,,,
50,3,Retail_Vehicle_dealership_showroom,,,,,,
50,4,Retail_Vehicle_dealership_showroom,,,,,,
50,5,Retail_Vehicle_dealership_showroom,,,,,,
50,Aggregated,Retail_Vehicle_dealership_showroom,,,,,,
50,Centralized,Retail_Vehicle_dealership_showroom,,,,,,
0,0,Public_Assembly_Drama_theater,,,,,,
0,1,Public_Assembly_Drama_theater,,,,,,
0,2,Public_Assembly_Drama_theater,,,,,,
0,3,Public_Assembly_Drama_theater,,,,,,
0,4,Public_Assembly_Drama_theater,,,,,,
0,5,Public_Assembly_Drama_theater,,,,,,
0,Aggregated,Public_Assembly_Drama_theater,,,,,,
0,Centralized,Public_Assembly_Drama_theater,,,,,,
1,0,Public_Assembly_Drama_theater,,,,,,
1,1,Public_Assembly_Drama_theater,,,,,,
1,2,Public_Assembly_Drama_theater,,,,,,
1,3,Public_Assembly_Drama_theater,,,,,,
1,4,Public_Assembly_Drama_theater,,,,,,
1,5,Public_Assembly_Drama_theater,,,,,,
1,Aggregated,Public_Assembly_Drama_theater,,,,,,
1,Centralized,Public_Assembly_Drama_theater,,,,,,
2,0,Public_Assembly_Drama_theater,,,,,,
2,1,Public_Assembly_Drama_theater,,,,,,
2,2,Public_Assembly_Drama_theater,,,,,,
2,3,Public_Assembly_Drama_theater,,,,,,
2,4,Public_Assembly_Drama_theater,,,,,,
2,5,Public_Assembly_Drama_theater,,,,,,
2,Aggregated,Public_Assembly_Drama_theater,,,,,,
2,Centralized,Public_Assembly_Drama_theater,,,,,,
3,0,Public_Assembly_Drama_theater,,,,,,
3,1,Public_Assembly_Drama_theater,,,,,,
3,2,Public_Assembly_Drama_theater,,,,,,
3,3,Public_Assembly_Drama_theater,,,,,,
3,4,Public_Assembly_Drama_theater,,,,,,
3,5,Public_Assembly_Drama_theater,,,,,,
3,Aggregated,Public_Assembly_Drama_theater,,,,,,
3,Centralized,Public_Assembly_Drama_theater,,,,,,
4,0,Public_Assembly_Drama_theater,,,,,,
4,1,Public_Assembly_Drama_theater,,,,,,
4,2,Public_Assembly_Drama_theater,,,,,,
4,3,Public_Assembly_Drama_theater,,,,,,
4,4,Public_Assembly_Drama_theater,,,,,,
4,5,Public_Assembly_Drama_theater,,,,,,
4,Aggregated,Public_Assembly_Drama_theater,,,,,,
4,Centralized,Public_Assembly_Drama_theater,,,,,,
5,0,Public_Assembly_Drama_theater,,,,,,
5,1,Public_Assembly_Drama_theater,,,,,,
5,2,Public_Assembly_Drama_theater,,,,,,
5,3,Public_Assembly_Drama_theater,,,,,,
5,4,Public_Assembly_Drama_theater,,,,,,
5,5,Public_Assembly_Drama_theater,,,,,,
5,Aggregated,Public_Assembly_Drama_theater,,,,,,
5,Centralized,Public_Assembly_Drama_theater,,,,,,
6,0,Public_Assembly_Drama_theater,,,,,,
6,1,Public_Assembly_Drama_theater,,,,,,
6,2,Public_Assembly_Drama_theater,,,,,,
6,3,Public_Assembly_Drama_theater,,,,,,
6,4,Public_Assembly_Drama_theater,,,,,,
6,5,Public_Assembly_Drama_theater,,,,,,
6,Aggregated,Public_Assembly_Drama_theater,,,,,,
6,Centralized,Public_Assembly_Drama_theater,,,,,,
7,0,Public_Assembly_Drama_theater,,,,,,
7,1,Public_Assembly_Drama_theater,,,,,,
7,2,Public_Assembly_Drama_theater,,,,,,
7,3,Public_Assembly_Drama_theater,,,,,,
7,4,Public_Assembly_Drama_theater,,,,,,
7,5,Public_Assembly_Drama_theater,,,,,,
7,Aggregated,Public_Assembly_Drama_theater,,,,,,
7,Centralized,Public_Assembly_Drama_theater,,,,,,
8,0,Public_Assembly_Drama_theater,,,,,,
8,1,Public_Assembly_Drama_theater,,,,,,
8,2,Public_Assembly_Drama_theater,,,,,,
8,3,Public_Assembly_Drama_theater,,,,,,
8,4,Public_Assembly_Drama_theater,,,,,,
8,5,Public_Assembly_Drama_theater,,,,,,
8,Aggregated,Public_Assembly_Drama_theater,,,,,,
8,Centralized,Public_Assembly_Drama_theater,,,,,,
9,0,Public_Assembly_Drama_theater,,,,,,
9,1,Public_Assembly_Drama_theater,,,,,,
9,2,Public_Assembly_Drama_theater,,,,,,
9,3,Public_Assembly_Drama_theater,,,,,,
9,4,Public_Assembly_Drama_theater,,,,,,
9,5,Public_Assembly_Drama_theater,,,,,,
9,Aggregated,Public_Assembly_Drama_theater,,,,,,
9,Centralized,Public_Assembly_Drama_theater,,,,,,
10,0,Public_Assembly_Drama_theater,,,,,,
10,1,Public_Assembly_Drama_theater,,,,,,
10,2,Public_Assembly_Drama_theater,,,,,,
10,3,Public_Assembly_Drama_theater,,,,,,
10,4,Public_Assembly_Drama_theater,,,,,,
10,5,Public_Assembly_Drama_theater,,,,,,
10,Aggregated,Public_Assembly_Drama_theater,,,,,,
10,Centralized,Public_Assembly_Drama_theater,,,,,,
11,0,Public_Assembly_Drama_theater,,,,,,
11,1,Public_Assembly_Drama_theater,,,,,,
11,2,Public_Assembly_Drama_theater,,,,,,
11,3,Public_Assembly_Drama_theater,,,,,,
11,4,Public_Assembly_Drama_theater,,,,,,
11,5,Public_Assembly_Drama_theater,,,,,,
11,Aggregated,Public_Assembly_Drama_theater,,,,,,
11,Centralized,Public_Assembly_Drama_theater,,,,,,
12,0,Public_Assembly_Drama_theater,,,,,,
12,1,Public_Assembly_Drama_theater,,,,,,
12,2,Public_Assembly_Drama_theater,,,,,,
12,3,Public_Assembly_Drama_theater,,,,,,
12,4,Public_Assembly_Drama_theater,,,,,,
12,5,Public_Assembly_Drama_theater,,,,,,
12,Aggregated,Public_Assembly_Drama_theater,,,,,,
12,Centralized,Public_Assembly_Drama_theater,,,,,,
13,0,Public_Assembly_Drama_theater,,,,,,
13,1,Public_Assembly_Drama_theater,,,,,,
13,2,Public_Assembly_Drama_theater,,,,,,
13,3,Public_Assembly_Drama_theater,,,,,,
13,4,Public_Assembly_Drama_theater,,,,,,
13,5,Public_Assembly_Drama_theater,,,,,,
13,Aggregated,Public_Assembly_Drama_theater,,,,,,
13,Centralized,Public_Assembly_Drama_theater,,,,,,
14,0,Public_Assembly_Drama_theater,,,,,,
14,1,Public_Assembly_Drama_theater,,,,,,
14,2,Public_Assembly_Drama_theater,,,,,,
14,3,Public_Assembly_Drama_theater,,,,,,
14,4,Public_Assembly_Drama_theater,,,,,,
14,5,Public_Assembly_Drama_theater,,,,,,
14,Aggregated,Public_Assembly_Drama_theater,,,,,,
14,Centralized,Public_Assembly_Drama_theater,,,,,,
15,0,Public_Assembly_Drama_theater,,,,,,
15,1,Public_Assembly_Drama_theater,,,,,,
15,2,Public_Assembly_Drama_theater,,,,,,
15,3,Public_Assembly_Drama_theater,,,,,,
15,4,Public_Assembly_Drama_theater,,,,,,
15,5,Public_Assembly_Drama_theater,,,,,,
15,Aggregated,Public_Assembly_Drama_theater,,,,,,
15,Centralized,Public_Assembly_Drama_theater,,,,,,
16,0,Public_Assembly_Drama_theater,,,,,,
16,1,Public_Assembly_Drama_theater,,,,,,
16,2,Public_Assembly_Drama_theater,,,,,,
16,3,Public_Assembly_Drama_theater,,,,,,
16,4,Public_Assembly_Drama_theater,,,,,,
16,5,Public_Assembly_Drama_theater,,,,,,
16,Aggregated,Public_Assembly_Drama_theater,,,,,,
16,Centralized,Public_Assembly_Drama_theater,,,,,,
17,0,Public_Assembly_Drama_theater,,,,,,
17,1,Public_Assembly_Drama_theater,,,,,,
17,2,Public_Assembly_Drama_theater,,,,,,
17,3,Public_Assembly_Drama_theater,,,,,,
17,4,Public_Assembly_Drama_theater,,,,,,
17,5,Public_Assembly_Drama_theater,,,,,,
17,Aggregated,Public_Assembly_Drama_theater,,,,,,
17,Centralized,Public_Assembly_Drama_theater,,,,,,
18,0,Public_Assembly_Drama_theater,,,,,,
18,1,Public_Assembly_Drama_theater,,,,,,
18,2,Public_Assembly_Drama_theater,,,,,,
18,3,Public_Assembly_Drama_theater,,,,,,
18,4,Public_Assembly_Drama_theater,,,,,,
18,5,Public_Assembly_Drama_theater,,,,,,
18,Aggregated,Public_Assembly_Drama_theater,,,,,,
18,Centralized,Public_Assembly_Drama_theater,,,,,,
19,0,Public_Assembly_Drama_theater,,,,,,
19,1,Public_Assembly_Drama_theater,,,,,,
19,2,Public_Assembly_Drama_theater,,,,,,
19,3,Public_Assembly_Drama_theater,,,,,,
19,4,Public_Assembly_Drama_theater,,,,,,
19,5,Public_Assembly_Drama_theater,,,,,,
19,Aggregated,Public_Assembly_Drama_theater,,,,,,
19,Centralized,Public_Assembly_Drama_theater,,,,,,
20,0,Public_Assembly_Drama_theater,,,,,,
20,1,Public_Assembly_Drama_theater,,,,,,
20,2,Public_Assembly_Drama_theater,,,,,,
20,3,Public_Assembly_Drama_theater,,,,,,
20,4,Public_Assembly_Drama_theater,,,,,,
20,5,Public_Assembly_Drama_theater,,,,,,
20,Aggregated,Public_Assembly_Drama_theater,,,,,,
20,Centralized,Public_Assembly_Drama_theater,,,,,,
21,0,Public_Assembly_Drama_theater,,,,,,
21,1,Public_Assembly_Drama_theater,,,,,,
21,2,Public_Assembly_Drama_theater,,,,,,
21,3,Public_Assembly_Drama_theater,,,,,,
21,4,Public_Assembly_Drama_theater,,,,,,
21,5,Public_Assembly_Drama_theater,,,,,,
21,Aggregated,Public_Assembly_Drama_theater,,,,,,
21,Centralized,Public_Assembly_Drama_theater,,,,,,
22,0,Public_Assembly_Drama_theater,,,,,,
22,1,Public_Assembly_Drama_theater,,,,,,
22,2,Public_Assembly_Drama_theater,,,,,,
22,3,Public_Assembly_Drama_theater,,,,,,
22,4,Public_Assembly_Drama_theater,,,,,,
22,5,Public_Assembly_Drama_theater,,,,,,
22,Aggregated,Public_Assembly_Drama_theater,,,,,,
22,Centralized,Public_Assembly_Drama_theater,,,,,,
23,0,Public_Assembly_Drama_theater,,,,,,
23,1,Public_Assembly_Drama_theater,,,,,,
23,2,Public_Assembly_Drama_theater,,,,,,
23,3,Public_Assembly_Drama_theater,,,,,,
23,4,Public_Assembly_Drama_theater,,,,,,
23,5,Public_Assembly_Drama_theater,,,,,,
23,Aggregated,Public_Assembly_Drama_theater,,,,,,
23,Centralized,Public_Assembly_Drama_theater,,,,,,
24,0,Public_Assembly_Drama_theater,,,,,,
24,1,Public_Assembly_Drama_theater,,,,,,
24,2,Public_Assembly_Drama_theater,,,,,,
24,3,Public_Assembly_Drama_theater,,,,,,
24,4,Public_Assembly_Drama_theater,,,,,,
24,5,Public_Assembly_Drama_theater,,,,,,
24,Aggregated,Public_Assembly_Drama_theater,,,,,,
24,Centralized,Public_Assembly_Drama_theater,,,,,,
25,0,Public_Assembly_Drama_theater,,,,,,
25,1,Public_Assembly_Drama_theater,,,,,,
25,2,Public_Assembly_Drama_theater,,,,,,
25,3,Public_Assembly_Drama_theater,,,,,,
25,4,Public_Assembly_Drama_theater,,,,,,
25,5,Public_Assembly_Drama_theater,,,,,,
25,Aggregated,Public_Assembly_Drama_theater,,,,,,
25,Centralized,Public_Assembly_Drama_theater,,,,,,
26,0,Public_Assembly_Drama_theater,,,,,,
26,1,Public_Assembly_Drama_theater,,,,,,
26,2,Public_Assembly_Drama_theater,,,,,,
26,3,Public_Assembly_Drama_theater,,,,,,
26,4,Public_Assembly_Drama_theater,,,,,,
26,5,Public_Assembly_Drama_theater,,,,,,
26,Aggregated,Public_Assembly_Drama_theater,,,,,,
26,Centralized,Public_Assembly_Drama_theater,,,,,,
27,0,Public_Assembly_Drama_theater,,,,,,
27,1,Public_Assembly_Drama_theater,,,,,,
27,2,Public_Assembly_Drama_theater,,,,,,
27,3,Public_Assembly_Drama_theater,,,,,,
27,4,Public_Assembly_Drama_theater,,,,,,
27,5,Public_Assembly_Drama_theater,,,,,,
27,Aggregated,Public_Assembly_Drama_theater,,,,,,
27,Centralized,Public_Assembly_Drama_theater,,,,,,
28,0,Public_Assembly_Drama_theater,,,,,,
28,1,Public_Assembly_Drama_theater,,,,,,
28,2,Public_Assembly_Drama_theater,,,,,,
28,3,Public_Assembly_Drama_theater,,,,,,
28,4,Public_Assembly_Drama_theater,,,,,,
28,5,Public_Assembly_Drama_theater,,,,,,
28,Aggregated,Public_Assembly_Drama_theater,,,,,,
28,Centralized,Public_Assembly_Drama_theater,,,,,,
29,0,Public_Assembly_Drama_theater,,,,,,
29,1,Public_Assembly_Drama_theater,,,,,,
29,2,Public_Assembly_Drama_theater,,,,,,
29,3,Public_Assembly_Drama_theater,,,,,,
29,4,Public_Assembly_Drama_theater,,,,,,
29,5,Public_Assembly_Drama_theater,,,,,,
29,Aggregated,Public_Assembly_Drama_theater,,,,,,
29,Centralized,Public_Assembly_Drama_theater,,,,,,
30,0,Public_Assembly_Drama_theater,,,,,,
30,1,Public_Assembly_Drama_theater,,,,,,
30,2,Public_Assembly_Drama_theater,,,,,,
30,3,Public_Assembly_Drama_theater,,,,,,
30,4,Public_Assembly_Drama_theater,,,,,,
30,5,Public_Assembly_Drama_theater,,,,,,
30,Aggregated,Public_Assembly_Drama_theater,,,,,,
30,Centralized,Public_Assembly_Drama_theater,,,,,,
31,0,Public_Assembly_Drama_theater,,,,,,
31,1,Public_Assembly_Drama_theater,,,,,,
31,2,Public_Assembly_Drama_theater,,,,,,
31,3,Public_Assembly_Drama_theater,,,,,,
31,4,Public_Assembly_Drama_theater,,,,,,
31,5,Public_Assembly_Drama_theater,,,,,,
31,Aggregated,Public_Assembly_Drama_theater,,,,,,
31,Centralized,Public_Assembly_Drama_theater,,,,,,
32,0,Public_Assembly_Drama_theater,,,,,,
32,1,Public_Assembly_Drama_theater,,,,,,
32,2,Public_Assembly_Drama_theater,,,,,,
32,3,Public_Assembly_Drama_theater,,,,,,
32,4,Public_Assembly_Drama_theater,,,,,,
32,5,Public_Assembly_Drama_theater,,,,,,
32,Aggregated,Public_Assembly_Drama_theater,,,,,,
32,Centralized,Public_Assembly_Drama_theater,,,,,,
33,0,Public_Assembly_Drama_theater,,,,,,
33,1,Public_Assembly_Drama_theater,,,,,,
33,2,Public_Assembly_Drama_theater,,,,,,
33,3,Public_Assembly_Drama_theater,,,,,,
33,4,Public_Assembly_Drama_theater,,,,,,
33,5,Public_Assembly_Drama_theater,,,,,,
33,Aggregated,Public_Assembly_Drama_theater,,,,,,
33,Centralized,Public_Assembly_Drama_theater,,,,,,
34,0,Public_Assembly_Drama_theater,,,,,,
34,1,Public_Assembly_Drama_theater,,,,,,
34,2,Public_Assembly_Drama_theater,,,,,,
34,3,Public_Assembly_Drama_theater,,,,,,
34,4,Public_Assembly_Drama_theater,,,,,,
34,5,Public_Assembly_Drama_theater,,,,,,
34,Aggregated,Public_Assembly_Drama_theater,,,,,,
34,Centralized,Public_Assembly_Drama_theater,,,,,,
35,0,Public_Assembly_Drama_theater,,,,,,
35,1,Public_Assembly_Drama_theater,,,,,,
35,2,Public_Assembly_Drama_theater,,,,,,
35,3,Public_Assembly_Drama_theater,,,,,,
35,4,Public_Assembly_Drama_theater,,,,,,
35,5,Public_Assembly_Drama_theater,,,,,,
35,Aggregated,Public_Assembly_Drama_theater,,,,,,
35,Centralized,Public_Assembly_Drama_theater,,,,,,
36,0,Public_Assembly_Drama_theater,,,,,,
36,1,Public_Assembly_Drama_theater,,,,,,
36,2,Public_Assembly_Drama_theater,,,,,,
36,3,Public_Assembly_Drama_theater,,,,,,
36,4,Public_Assembly_Drama_theater,,,,,,
36,5,Public_Assembly_Drama_theater,,,,,,
36,Aggregated,Public_Assembly_Drama_theater,,,,,,
36,Centralized,Public_Assembly_Drama_theater,,,,,,
37,0,Public_Assembly_Drama_theater,,,,,,
37,1,Public_Assembly_Drama_theater,,,,,,
37,2,Public_Assembly_Drama_theater,,,,,,
37,3,Public_Assembly_Drama_theater,,,,,,
37,4,Public_Assembly_Drama_theater,,,,,,
37,5,Public_Assembly_Drama_theater,,,,,,
37,Aggregated,Public_Assembly_Drama_theater,,,,,,
37,Centralized,Public_Assembly_Drama_theater,,,,,,
38,0,Public_Assembly_Drama_theater,,,,,,
38,1,Public_Assembly_Drama_theater,,,,,,
38,2,Public_Assembly_Drama_theater,,,,,,
38,3,Public_Assembly_Drama_theater,,,,,,
38,4,Public_Assembly_Drama_theater,,,,,,
38,5,Public_Assembly_Drama_theater,,,,,,
38,Aggregated,Public_Assembly_Drama_theater,,,,,,
38,Centralized,Public_Assembly_Drama_theater,,,,,,
39,0,Public_Assembly_Drama_theater,,,,,,
39,1,Public_Assembly_Drama_theater,,,,,,
39,2,Public_Assembly_Drama_theater,,,,,,
39,3,Public_Assembly_Drama_theater,,,,,,
39,4,Public_Assembly_Drama_theater,,,,,,
39,5,Public_Assembly_Drama_theater,,,,,,
39,Aggregated,Public_Assembly_Drama_theater,,,,,,
39,Centralized,Public_Assembly_Drama_theater,,,,,,
40,0,Public_Assembly_Drama_theater,,,,,,
40,1,Public_Assembly_Drama_theater,,,,,,
40,2,Public_Assembly_Drama_theater,,,,,,
40,3,Public_Assembly_Drama_theater,,,,,,
40,4,Public_Assembly_Drama_theater,,,,,,
40,5,Public_Assembly_Drama_theater,,,,,,
40,Aggregated,Public_Assembly_Drama_theater,,,,,,
40,Centralized,Public_Assembly_Drama_theater,,,,,,
41,0,Public_Assembly_Drama_theater,,,,,,
41,1,Public_Assembly_Drama_theater,,,,,,
41,2,Public_Assembly_Drama_theater,,,,,,
41,3,Public_Assembly_Drama_theater,,,,,,
41,4,Public_Assembly_Drama_theater,,,,,,
41,5,Public_Assembly_Drama_theater,,,,,,
41,Aggregated,Public_Assembly_Drama_theater,,,,,,
41,Centralized,Public_Assembly_Drama_theater,,,,,,
42,0,Public_Assembly_Drama_theater,,,,,,
42,1,Public_Assembly_Drama_theater,,,,,,
42,2,Public_Assembly_Drama_theater,,,,,,
42,3,Public_Assembly_Drama_theater,,,,,,
42,4,Public_Assembly_Drama_theater,,,,,,
42,5,Public_Assembly_Drama_theater,,,,,,
42,Aggregated,Public_Assembly_Drama_theater,,,,,,
42,Centralized,Public_Assembly_Drama_theater,,,,,,
43,0,Public_Assembly_Drama_theater,,,,,,
43,1,Public_Assembly_Drama_theater,,,,,,
43,2,Public_Assembly_Drama_theater,,,,,,
43,3,Public_Assembly_Drama_theater,,,,,,
43,4,Public_Assembly_Drama_theater,,,,,,
43,5,Public_Assembly_Drama_theater,,,,,,
43,Aggregated,Public_Assembly_Drama_theater,,,,,,
43,Centralized,Public_Assembly_Drama_theater,,,,,,
44,0,Public_Assembly_Drama_theater,,,,,,
44,1,Public_Assembly_Drama_theater,,,,,,
44,2,Public_Assembly_Drama_theater,,,,,,
44,3,Public_Assembly_Drama_theater,,,,,,
44,4,Public_Assembly_Drama_theater,,,,,,
44,5,Public_Assembly_Drama_theater,,,,,,
44,Aggregated,Public_Assembly_Drama_theater,,,,,,
44,Centralized,Public_Assembly_Drama_theater,,,,,,
45,0,Public_Assembly_Drama_theater,,,,,,
45,1,Public_Assembly_Drama_theater,,,,,,
45,2,Public_Assembly_Drama_theater,,,,,,
45,3,Public_Assembly_Drama_theater,,,,,,
45,4,Public_Assembly_Drama_theater,,,,,,
45,5,Public_Assembly_Drama_theater,,,,,,
45,Aggregated,Public_Assembly_Drama_theater,,,,,,
45,Centralized,Public_Assembly_Drama_theater,,,,,,
46,0,Public_Assembly_Drama_theater,,,,,,
46,1,Public_Assembly_Drama_theater,,,,,,
46,2,Public_Assembly_Drama_theater,,,,,,
46,3,Public_Assembly_Drama_theater,,,,,,
46,4,Public_Assembly_Drama_theater,,,,,,
46,5,Public_Assembly_Drama_theater,,,,,,
46,Aggregated,Public_Assembly_Drama_theater,,,,,,
46,Centralized,Public_Assembly_Drama_theater,,,,,,
47,0,Public_Assembly_Drama_theater,,,,,,
47,1,Public_Assembly_Drama_theater,,,,,,
47,2,Public_Assembly_Drama_theater,,,,,,
47,3,Public_Assembly_Drama_theater,,,,,,
47,4,Public_Assembly_Drama_theater,,,,,,
47,5,Public_Assembly_Drama_theater,,,,,,
47,Aggregated,Public_Assembly_Drama_theater,,,,,,
47,Centralized,Public_Assembly_Drama_theater,,,,,,
48,0,Public_Assembly_Drama_theater,,,,,,
48,1,Public_Assembly_Drama_theater,,,,,,
48,2,Public_Assembly_Drama_theater,,,,,,
48,3,Public_Assembly_Drama_theater,,,,,,
48,4,Public_Assembly_Drama_theater,,,,,,
48,5,Public_Assembly_Drama_theater,,,,,,
48,Aggregated,Public_Assembly_Drama_theater,,,,,,
48,Centralized,Public_Assembly_Drama_theater,,,,,,
49,0,Public_Assembly_Drama_theater,,,,,,
49,1,Public_Assembly_Drama_theater,,,,,,
49,2,Public_Assembly_Drama_theater,,,,,,
49,3,Public_Assembly_Drama_theater,,,,,,
49,4,Public_Assembly_Drama_theater,,,,,,
49,5,Public_Assembly_Drama_theater,,,,,,
49,Aggregated,Public_Assembly_Drama_theater,,,,,,
49,Centralized,Public_Assembly_Drama_theater,,,,,,
50,0,Public_Assembly_Drama_theater,,,,,,
50,1,Public_Assembly_Drama_theater,,,,,,
50,2,Public_Assembly_Drama_theater,,,,,,
50,3,Public_Assembly_Drama_theater,,,,,,
50,4,Public_Assembly_Drama_theater,,,,,,
50,5,Public_Assembly_Drama_theater,,,,,,
50,Aggregated,Public_Assembly_Drama_theater,,,,,,
50,Centralized,Public_Assembly_Drama_theater,,,,,,
0,0,Health_Care_Uncategorized,,,,,,
0,1,Health_Care_Uncategorized,,,,,,
0,2,Health_Care_Uncategorized,,,,,,
0,3,Health_Care_Uncategorized,,,,,,
0,4,Health_Care_Uncategorized,,,,,,
0,5,Health_Care_Uncategorized,,,,,,
0,Aggregated,Health_Care_Uncategorized,,,,,,
0,Centralized,Health_Care_Uncategorized,,,,,,
1,0,Health_Care_Uncategorized,,,,,,
1,1,Health_Care_Uncategorized,,,,,,
1,2,Health_Care_Uncategorized,,,,,,
1,3,Health_Care_Uncategorized,,,,,,
1,4,Health_Care_Uncategorized,,,,,,
1,5,Health_Care_Uncategorized,,,,,,
1,Aggregated,Health_Care_Uncategorized,,,,,,
1,Centralized,Health_Care_Uncategorized,,,,,,
2,0,Health_Care_Uncategorized,,,,,,
2,1,Health_Care_Uncategorized,,,,,,
2,2,Health_Care_Uncategorized,,,,,,
2,3,Health_Care_Uncategorized,,,,,,
2,4,Health_Care_Uncategorized,,,,,,
2,5,Health_Care_Uncategorized,,,,,,
2,Aggregated,Health_Care_Uncategorized,,,,,,
2,Centralized,Health_Care_Uncategorized,,,,,,
3,0,Health_Care_Uncategorized,,,,,,
3,1,Health_Care_Uncategorized,,,,,,
3,2,Health_Care_Uncategorized,,,,,,
3,3,Health_Care_Uncategorized,,,,,,
3,4,Health_Care_Uncategorized,,,,,,
3,5,Health_Care_Uncategorized,,,,,,
3,Aggregated,Health_Care_Uncategorized,,,,,,
3,Centralized,Health_Care_Uncategorized,,,,,,
4,0,Health_Care_Uncategorized,,,,,,
4,1,Health_Care_Uncategorized,,,,,,
4,2,Health_Care_Uncategorized,,,,,,
4,3,Health_Care_Uncategorized,,,,,,
4,4,Health_Care_Uncategorized,,,,,,
4,5,Health_Care_Uncategorized,,,,,,
4,Aggregated,Health_Care_Uncategorized,,,,,,
4,Centralized,Health_Care_Uncategorized,,,,,,
5,0,Health_Care_Uncategorized,,,,,,
5,1,Health_Care_Uncategorized,,,,,,
5,2,Health_Care_Uncategorized,,,,,,
5,3,Health_Care_Uncategorized,,,,,,
5,4,Health_Care_Uncategorized,,,,,,
5,5,Health_Care_Uncategorized,,,,,,
5,Aggregated,Health_Care_Uncategorized,,,,,,
5,Centralized,Health_Care_Uncategorized,,,,,,
6,0,Health_Care_Uncategorized,,,,,,
6,1,Health_Care_Uncategorized,,,,,,
6,2,Health_Care_Uncategorized,,,,,,
6,3,Health_Care_Uncategorized,,,,,,
6,4,Health_Care_Uncategorized,,,,,,
6,5,Health_Care_Uncategorized,,,,,,
6,Aggregated,Health_Care_Uncategorized,,,,,,
6,Centralized,Health_Care_Uncategorized,,,,,,
7,0,Health_Care_Uncategorized,,,,,,
7,1,Health_Care_Uncategorized,,,,,,
7,2,Health_Care_Uncategorized,,,,,,
7,3,Health_Care_Uncategorized,,,,,,
7,4,Health_Care_Uncategorized,,,,,,
7,5,Health_Care_Uncategorized,,,,,,
7,Aggregated,Health_Care_Uncategorized,,,,,,
7,Centralized,Health_Care_Uncategorized,,,,,,
8,0,Health_Care_Uncategorized,,,,,,
8,1,Health_Care_Uncategorized,,,,,,
8,2,Health_Care_Uncategorized,,,,,,
8,3,Health_Care_Uncategorized,,,,,,
8,4,Health_Care_Uncategorized,,,,,,
8,5,Health_Care_Uncategorized,,,,,,
8,Aggregated,Health_Care_Uncategorized,,,,,,
8,Centralized,Health_Care_Uncategorized,,,,,,
9,0,Health_Care_Uncategorized,,,,,,
9,1,Health_Care_Uncategorized,,,,,,
9,2,Health_Care_Uncategorized,,,,,,
9,3,Health_Care_Uncategorized,,,,,,
9,4,Health_Care_Uncategorized,,,,,,
9,5,Health_Care_Uncategorized,,,,,,
9,Aggregated,Health_Care_Uncategorized,,,,,,
9,Centralized,Health_Care_Uncategorized,,,,,,
10,0,Health_Care_Uncategorized,,,,,,
10,1,Health_Care_Uncategorized,,,,,,
10,2,Health_Care_Uncategorized,,,,,,
10,3,Health_Care_Uncategorized,,,,,,
10,4,Health_Care_Uncategorized,,,,,,
10,5,Health_Care_Uncategorized,,,,,,
10,Aggregated,Health_Care_Uncategorized,,,,,,
10,Centralized,Health_Care_Uncategorized,,,,,,
11,0,Health_Care_Uncategorized,,,,,,
11,1,Health_Care_Uncategorized,,,,,,
11,2,Health_Care_Uncategorized,,,,,,
11,3,Health_Care_Uncategorized,,,,,,
11,4,Health_Care_Uncategorized,,,,,,
11,5,Health_Care_Uncategorized,,,,,,
11,Aggregated,Health_Care_Uncategorized,,,,,,
11,Centralized,Health_Care_Uncategorized,,,,,,
12,0,Health_Care_Uncategorized,,,,,,
12,1,Health_Care_Uncategorized,,,,,,
12,2,Health_Care_Uncategorized,,,,,,
12,3,Health_Care_Uncategorized,,,,,,
12,4,Health_Care_Uncategorized,,,,,,
12,5,Health_Care_Uncategorized,,,,,,
12,Aggregated,Health_Care_Uncategorized,,,,,,
12,Centralized,Health_Care_Uncategorized,,,,,,
13,0,Health_Care_Uncategorized,,,,,,
13,1,Health_Care_Uncategorized,,,,,,
13,2,Health_Care_Uncategorized,,,,,,
13,3,Health_Care_Uncategorized,,,,,,
13,4,Health_Care_Uncategorized,,,,,,
13,5,Health_Care_Uncategorized,,,,,,
13,Aggregated,Health_Care_Uncategorized,,,,,,
13,Centralized,Health_Care_Uncategorized,,,,,,
14,0,Health_Care_Uncategorized,,,,,,
14,1,Health_Care_Uncategorized,,,,,,
14,2,Health_Care_Uncategorized,,,,,,
14,3,Health_Care_Uncategorized,,,,,,
14,4,Health_Care_Uncategorized,,,,,,
14,5,Health_Care_Uncategorized,,,,,,
14,Aggregated,Health_Care_Uncategorized,,,,,,
14,Centralized,Health_Care_Uncategorized,,,,,,
15,0,Health_Care_Uncategorized,,,,,,
15,1,Health_Care_Uncategorized,,,,,,
15,2,Health_Care_Uncategorized,,,,,,
15,3,Health_Care_Uncategorized,,,,,,
15,4,Health_Care_Uncategorized,,,,,,
15,5,Health_Care_Uncategorized,,,,,,
15,Aggregated,Health_Care_Uncategorized,,,,,,
15,Centralized,Health_Care_Uncategorized,,,,,,
16,0,Health_Care_Uncategorized,,,,,,
16,1,Health_Care_Uncategorized,,,,,,
16,2,Health_Care_Uncategorized,,,,,,
16,3,Health_Care_Uncategorized,,,,,,
16,4,Health_Care_Uncategorized,,,,,,
16,5,Health_Care_Uncategorized,,,,,,
16,Aggregated,Health_Care_Uncategorized,,,,,,
16,Centralized,Health_Care_Uncategorized,,,,,,
17,0,Health_Care_Uncategorized,,,,,,
17,1,Health_Care_Uncategorized,,,,,,
17,2,Health_Care_Uncategorized,,,,,,
17,3,Health_Care_Uncategorized,,,,,,
17,4,Health_Care_Uncategorized,,,,,,
17,5,Health_Care_Uncategorized,,,,,,
17,Aggregated,Health_Care_Uncategorized,,,,,,
17,Centralized,Health_Care_Uncategorized,,,,,,
18,0,Health_Care_Uncategorized,,,,,,
18,1,Health_Care_Uncategorized,,,,,,
18,2,Health_Care_Uncategorized,,,,,,
18,3,Health_Care_Uncategorized,,,,,,
18,4,Health_Care_Uncategorized,,,,,,
18,5,Health_Care_Uncategorized,,,,,,
18,Aggregated,Health_Care_Uncategorized,,,,,,
18,Centralized,Health_Care_Uncategorized,,,,,,
19,0,Health_Care_Uncategorized,,,,,,
19,1,Health_Care_Uncategorized,,,,,,
19,2,Health_Care_Uncategorized,,,,,,
19,3,Health_Care_Uncategorized,,,,,,
19,4,Health_Care_Uncategorized,,,,,,
19,5,Health_Care_Uncategorized,,,,,,
19,Aggregated,Health_Care_Uncategorized,,,,,,
19,Centralized,Health_Care_Uncategorized,,,,,,
20,0,Health_Care_Uncategorized,,,,,,
20,1,Health_Care_Uncategorized,,,,,,
20,2,Health_Care_Uncategorized,,,,,,
20,3,Health_Care_Uncategorized,,,,,,
20,4,Health_Care_Uncategorized,,,,,,
20,5,Health_Care_Uncategorized,,,,,,
20,Aggregated,Health_Care_Uncategorized,,,,,,
20,Centralized,Health_Care_Uncategorized,,,,,,
21,0,Health_Care_Uncategorized,,,,,,
21,1,Health_Care_Uncategorized,,,,,,
21,2,Health_Care_Uncategorized,,,,,,
21,3,Health_Care_Uncategorized,,,,,,
21,4,Health_Care_Uncategorized,,,,,,
21,5,Health_Care_Uncategorized,,,,,,
21,Aggregated,Health_Care_Uncategorized,,,,,,
21,Centralized,Health_Care_Uncategorized,,,,,,
22,0,Health_Care_Uncategorized,,,,,,
22,1,Health_Care_Uncategorized,,,,,,
22,2,Health_Care_Uncategorized,,,,,,
22,3,Health_Care_Uncategorized,,,,,,
22,4,Health_Care_Uncategorized,,,,,,
22,5,Health_Care_Uncategorized,,,,,,
22,Aggregated,Health_Care_Uncategorized,,,,,,
22,Centralized,Health_Care_Uncategorized,,,,,,
23,0,Health_Care_Uncategorized,,,,,,
23,1,Health_Care_Uncategorized,,,,,,
23,2,Health_Care_Uncategorized,,,,,,
23,3,Health_Care_Uncategorized,,,,,,
23,4,Health_Care_Uncategorized,,,,,,
23,5,Health_Care_Uncategorized,,,,,,
23,Aggregated,Health_Care_Uncategorized,,,,,,
23,Centralized,Health_Care_Uncategorized,,,,,,
24,0,Health_Care_Uncategorized,,,,,,
24,1,Health_Care_Uncategorized,,,,,,
24,2,Health_Care_Uncategorized,,,,,,
24,3,Health_Care_Uncategorized,,,,,,
24,4,Health_Care_Uncategorized,,,,,,
24,5,Health_Care_Uncategorized,,,,,,
24,Aggregated,Health_Care_Uncategorized,,,,,,
24,Centralized,Health_Care_Uncategorized,,,,,,
25,0,Health_Care_Uncategorized,,,,,,
25,1,Health_Care_Uncategorized,,,,,,
25,2,Health_Care_Uncategorized,,,,,,
25,3,Health_Care_Uncategorized,,,,,,
25,4,Health_Care_Uncategorized,,,,,,
25,5,Health_Care_Uncategorized,,,,,,
25,Aggregated,Health_Care_Uncategorized,,,,,,
25,Centralized,Health_Care_Uncategorized,,,,,,
26,0,Health_Care_Uncategorized,,,,,,
26,1,Health_Care_Uncategorized,,,,,,
26,2,Health_Care_Uncategorized,,,,,,
26,3,Health_Care_Uncategorized,,,,,,
26,4,Health_Care_Uncategorized,,,,,,
26,5,Health_Care_Uncategorized,,,,,,
26,Aggregated,Health_Care_Uncategorized,,,,,,
26,Centralized,Health_Care_Uncategorized,,,,,,
27,0,Health_Care_Uncategorized,,,,,,
27,1,Health_Care_Uncategorized,,,,,,
27,2,Health_Care_Uncategorized,,,,,,
27,3,Health_Care_Uncategorized,,,,,,
27,4,Health_Care_Uncategorized,,,,,,
27,5,Health_Care_Uncategorized,,,,,,
27,Aggregated,Health_Care_Uncategorized,,,,,,
27,Centralized,Health_Care_Uncategorized,,,,,,
28,0,Health_Care_Uncategorized,,,,,,
28,1,Health_Care_Uncategorized,,,,,,
28,2,Health_Care_Uncategorized,,,,,,
28,3,Health_Care_Uncategorized,,,,,,
28,4,Health_Care_Uncategorized,,,,,,
28,5,Health_Care_Uncategorized,,,,,,
28,Aggregated,Health_Care_Uncategorized,,,,,,
28,Centralized,Health_Care_Uncategorized,,,,,,
29,0,Health_Care_Uncategorized,,,,,,
29,1,Health_Care_Uncategorized,,,,,,
29,2,Health_Care_Uncategorized,,,,,,
29,3,Health_Care_Uncategorized,,,,,,
29,4,Health_Care_Uncategorized,,,,,,
29,5,Health_Care_Uncategorized,,,,,,
29,Aggregated,Health_Care_Uncategorized,,,,,,
29,Centralized,Health_Care_Uncategorized,,,,,,
30,0,Health_Care_Uncategorized,,,,,,
30,1,Health_Care_Uncategorized,,,,,,
30,2,Health_Care_Uncategorized,,,,,,
30,3,Health_Care_Uncategorized,,,,,,
30,4,Health_Care_Uncategorized,,,,,,
30,5,Health_Care_Uncategorized,,,,,,
30,Aggregated,Health_Care_Uncategorized,,,,,,
30,Centralized,Health_Care_Uncategorized,,,,,,
31,0,Health_Care_Uncategorized,,,,,,
31,1,Health_Care_Uncategorized,,,,,,
31,2,Health_Care_Uncategorized,,,,,,
31,3,Health_Care_Uncategorized,,,,,,
31,4,Health_Care_Uncategorized,,,,,,
31,5,Health_Care_Uncategorized,,,,,,
31,Aggregated,Health_Care_Uncategorized,,,,,,
31,Centralized,Health_Care_Uncategorized,,,,,,
32,0,Health_Care_Uncategorized,,,,,,
32,1,Health_Care_Uncategorized,,,,,,
32,2,Health_Care_Uncategorized,,,,,,
32,3,Health_Care_Uncategorized,,,,,,
32,4,Health_Care_Uncategorized,,,,,,
32,5,Health_Care_Uncategorized,,,,,,
32,Aggregated,Health_Care_Uncategorized,,,,,,
32,Centralized,Health_Care_Uncategorized,,,,,,
33,0,Health_Care_Uncategorized,,,,,,
33,1,Health_Care_Uncategorized,,,,,,
33,2,Health_Care_Uncategorized,,,,,,
33,3,Health_Care_Uncategorized,,,,,,
33,4,Health_Care_Uncategorized,,,,,,
33,5,Health_Care_Uncategorized,,,,,,
33,Aggregated,Health_Care_Uncategorized,,,,,,
33,Centralized,Health_Care_Uncategorized,,,,,,
34,0,Health_Care_Uncategorized,,,,,,
34,1,Health_Care_Uncategorized,,,,,,
34,2,Health_Care_Uncategorized,,,,,,
34,3,Health_Care_Uncategorized,,,,,,
34,4,Health_Care_Uncategorized,,,,,,
34,5,Health_Care_Uncategorized,,,,,,
34,Aggregated,Health_Care_Uncategorized,,,,,,
34,Centralized,Health_Care_Uncategorized,,,,,,
35,0,Health_Care_Uncategorized,,,,,,
35,1,Health_Care_Uncategorized,,,,,,
35,2,Health_Care_Uncategorized,,,,,,
35,3,Health_Care_Uncategorized,,,,,,
35,4,Health_Care_Uncategorized,,,,,,
35,5,Health_Care_Uncategorized,,,,,,
35,Aggregated,Health_Care_Uncategorized,,,,,,
35,Centralized,Health_Care_Uncategorized,,,,,,
36,0,Health_Care_Uncategorized,,,,,,
36,1,Health_Care_Uncategorized,,,,,,
36,2,Health_Care_Uncategorized,,,,,,
36,3,Health_Care_Uncategorized,,,,,,
36,4,Health_Care_Uncategorized,,,,,,
36,5,Health_Care_Uncategorized,,,,,,
36,Aggregated,Health_Care_Uncategorized,,,,,,
36,Centralized,Health_Care_Uncategorized,,,,,,
37,0,Health_Care_Uncategorized,,,,,,
37,1,Health_Care_Uncategorized,,,,,,
37,2,Health_Care_Uncategorized,,,,,,
37,3,Health_Care_Uncategorized,,,,,,
37,4,Health_Care_Uncategorized,,,,,,
37,5,Health_Care_Uncategorized,,,,,,
37,Aggregated,Health_Care_Uncategorized,,,,,,
37,Centralized,Health_Care_Uncategorized,,,,,,
38,0,Health_Care_Uncategorized,,,,,,
38,1,Health_Care_Uncategorized,,,,,,
38,2,Health_Care_Uncategorized,,,,,,
38,3,Health_Care_Uncategorized,,,,,,
38,4,Health_Care_Uncategorized,,,,,,
38,5,Health_Care_Uncategorized,,,,,,
38,Aggregated,Health_Care_Uncategorized,,,,,,
38,Centralized,Health_Care_Uncategorized,,,,,,
39,0,Health_Care_Uncategorized,,,,,,
39,1,Health_Care_Uncategorized,,,,,,
39,2,Health_Care_Uncategorized,,,,,,
39,3,Health_Care_Uncategorized,,,,,,
39,4,Health_Care_Uncategorized,,,,,,
39,5,Health_Care_Uncategorized,,,,,,
39,Aggregated,Health_Care_Uncategorized,,,,,,
39,Centralized,Health_Care_Uncategorized,,,,,,
40,0,Health_Care_Uncategorized,,,,,,
40,1,Health_Care_Uncategorized,,,,,,
40,2,Health_Care_Uncategorized,,,,,,
40,3,Health_Care_Uncategorized,,,,,,
40,4,Health_Care_Uncategorized,,,,,,
40,5,Health_Care_Uncategorized,,,,,,
40,Aggregated,Health_Care_Uncategorized,,,,,,
40,Centralized,Health_Care_Uncategorized,,,,,,
41,0,Health_Care_Uncategorized,,,,,,
41,1,Health_Care_Uncategorized,,,,,,
41,2,Health_Care_Uncategorized,,,,,,
41,3,Health_Care_Uncategorized,,,,,,
41,4,Health_Care_Uncategorized,,,,,,
41,5,Health_Care_Uncategorized,,,,,,
41,Aggregated,Health_Care_Uncategorized,,,,,,
41,Centralized,Health_Care_Uncategorized,,,,,,
42,0,Health_Care_Uncategorized,,,,,,
42,1,Health_Care_Uncategorized,,,,,,
42,2,Health_Care_Uncategorized,,,,,,
42,3,Health_Care_Uncategorized,,,,,,
42,4,Health_Care_Uncategorized,,,,,,
42,5,Health_Care_Uncategorized,,,,,,
42,Aggregated,Health_Care_Uncategorized,,,,,,
42,Centralized,Health_Care_Uncategorized,,,,,,
43,0,Health_Care_Uncategorized,,,,,,
43,1,Health_Care_Uncategorized,,,,,,
43,2,Health_Care_Uncategorized,,,,,,
43,3,Health_Care_Uncategorized,,,,,,
43,4,Health_Care_Uncategorized,,,,,,
43,5,Health_Care_Uncategorized,,,,,,
43,Aggregated,Health_Care_Uncategorized,,,,,,
43,Centralized,Health_Care_Uncategorized,,,,,,
44,0,Health_Care_Uncategorized,,,,,,
44,1,Health_Care_Uncategorized,,,,,,
44,2,Health_Care_Uncategorized,,,,,,
44,3,Health_Care_Uncategorized,,,,,,
44,4,Health_Care_Uncategorized,,,,,,
44,5,Health_Care_Uncategorized,,,,,,
44,Aggregated,Health_Care_Uncategorized,,,,,,
44,Centralized,Health_Care_Uncategorized,,,,,,
45,0,Health_Care_Uncategorized,,,,,,
45,1,Health_Care_Uncategorized,,,,,,
45,2,Health_Care_Uncategorized,,,,,,
45,3,Health_Care_Uncategorized,,,,,,
45,4,Health_Care_Uncategorized,,,,,,
45,5,Health_Care_Uncategorized,,,,,,
45,Aggregated,Health_Care_Uncategorized,,,,,,
45,Centralized,Health_Care_Uncategorized,,,,,,
46,0,Health_Care_Uncategorized,,,,,,
46,1,Health_Care_Uncategorized,,,,,,
46,2,Health_Care_Uncategorized,,,,,,
46,3,Health_Care_Uncategorized,,,,,,
46,4,Health_Care_Uncategorized,,,,,,
46,5,Health_Care_Uncategorized,,,,,,
46,Aggregated,Health_Care_Uncategorized,,,,,,
46,Centralized,Health_Care_Uncategorized,,,,,,
47,0,Health_Care_Uncategorized,,,,,,
47,1,Health_Care_Uncategorized,,,,,,
47,2,Health_Care_Uncategorized,,,,,,
47,3,Health_Care_Uncategorized,,,,,,
47,4,Health_Care_Uncategorized,,,,,,
47,5,Health_Care_Uncategorized,,,,,,
47,Aggregated,Health_Care_Uncategorized,,,,,,
47,Centralized,Health_Care_Uncategorized,,,,,,
48,0,Health_Care_Uncategorized,,,,,,
48,1,Health_Care_Uncategorized,,,,,,
48,2,Health_Care_Uncategorized,,,,,,
48,3,Health_Care_Uncategorized,,,,,,
48,4,Health_Care_Uncategorized,,,,,,
48,5,Health_Care_Uncategorized,,,,,,
48,Aggregated,Health_Care_Uncategorized,,,,,,
48,Centralized,Health_Care_Uncategorized,,,,,,
49,0,Health_Care_Uncategorized,,,,,,
49,1,Health_Care_Uncategorized,,,,,,
49,2,Health_Care_Uncategorized,,,,,,
49,3,Health_Care_Uncategorized,,,,,,
49,4,Health_Care_Uncategorized,,,,,,
49,5,Health_Care_Uncategorized,,,,,,
49,Aggregated,Health_Care_Uncategorized,,,,,,
49,Centralized,Health_Care_Uncategorized,,,,,,
50,0,Health_Care_Uncategorized,,,,,,
50,1,Health_Care_Uncategorized,,,,,,
50,2,Health_Care_Uncategorized,,,,,,
50,3,Health_Care_Uncategorized,,,,,,
50,4,Health_Care_Uncategorized,,,,,,
50,5,Health_Care_Uncategorized,,,,,,
50,Aggregated,Health_Care_Uncategorized,,,,,,
50,Centralized,Health_Care_Uncategorized,,,,,,
0,0,Public_Safety_Penitentiary,,,,,,
0,1,Public_Safety_Penitentiary,,,,,,
0,2,Public_Safety_Penitentiary,,,,,,
0,3,Public_Safety_Penitentiary,,,,,,
0,4,Public_Safety_Penitentiary,,,,,,
0,5,Public_Safety_Penitentiary,,,,,,
0,Aggregated,Public_Safety_Penitentiary,,,,,,
0,Centralized,Public_Safety_Penitentiary,,,,,,
1,0,Public_Safety_Penitentiary,,,,,,
1,1,Public_Safety_Penitentiary,,,,,,
1,2,Public_Safety_Penitentiary,,,,,,
1,3,Public_Safety_Penitentiary,,,,,,
1,4,Public_Safety_Penitentiary,,,,,,
1,5,Public_Safety_Penitentiary,,,,,,
1,Aggregated,Public_Safety_Penitentiary,,,,,,
1,Centralized,Public_Safety_Penitentiary,,,,,,
2,0,Public_Safety_Penitentiary,,,,,,
2,1,Public_Safety_Penitentiary,,,,,,
2,2,Public_Safety_Penitentiary,,,,,,
2,3,Public_Safety_Penitentiary,,,,,,
2,4,Public_Safety_Penitentiary,,,,,,
2,5,Public_Safety_Penitentiary,,,,,,
2,Aggregated,Public_Safety_Penitentiary,,,,,,
2,Centralized,Public_Safety_Penitentiary,,,,,,
3,0,Public_Safety_Penitentiary,,,,,,
3,1,Public_Safety_Penitentiary,,,,,,
3,2,Public_Safety_Penitentiary,,,,,,
3,3,Public_Safety_Penitentiary,,,,,,
3,4,Public_Safety_Penitentiary,,,,,,
3,5,Public_Safety_Penitentiary,,,,,,
3,Aggregated,Public_Safety_Penitentiary,,,,,,
3,Centralized,Public_Safety_Penitentiary,,,,,,
4,0,Public_Safety_Penitentiary,,,,,,
4,1,Public_Safety_Penitentiary,,,,,,
4,2,Public_Safety_Penitentiary,,,,,,
4,3,Public_Safety_Penitentiary,,,,,,
4,4,Public_Safety_Penitentiary,,,,,,
4,5,Public_Safety_Penitentiary,,,,,,
4,Aggregated,Public_Safety_Penitentiary,,,,,,
4,Centralized,Public_Safety_Penitentiary,,,,,,
5,0,Public_Safety_Penitentiary,,,,,,
5,1,Public_Safety_Penitentiary,,,,,,
5,2,Public_Safety_Penitentiary,,,,,,
5,3,Public_Safety_Penitentiary,,,,,,
5,4,Public_Safety_Penitentiary,,,,,,
5,5,Public_Safety_Penitentiary,,,,,,
5,Aggregated,Public_Safety_Penitentiary,,,,,,
5,Centralized,Public_Safety_Penitentiary,,,,,,
6,0,Public_Safety_Penitentiary,,,,,,
6,1,Public_Safety_Penitentiary,,,,,,
6,2,Public_Safety_Penitentiary,,,,,,
6,3,Public_Safety_Penitentiary,,,,,,
6,4,Public_Safety_Penitentiary,,,,,,
6,5,Public_Safety_Penitentiary,,,,,,
6,Aggregated,Public_Safety_Penitentiary,,,,,,
6,Centralized,Public_Safety_Penitentiary,,,,,,
7,0,Public_Safety_Penitentiary,,,,,,
7,1,Public_Safety_Penitentiary,,,,,,
7,2,Public_Safety_Penitentiary,,,,,,
7,3,Public_Safety_Penitentiary,,,,,,
7,4,Public_Safety_Penitentiary,,,,,,
7,5,Public_Safety_Penitentiary,,,,,,
7,Aggregated,Public_Safety_Penitentiary,,,,,,
7,Centralized,Public_Safety_Penitentiary,,,,,,
8,0,Public_Safety_Penitentiary,,,,,,
8,1,Public_Safety_Penitentiary,,,,,,
8,2,Public_Safety_Penitentiary,,,,,,
8,3,Public_Safety_Penitentiary,,,,,,
8,4,Public_Safety_Penitentiary,,,,,,
8,5,Public_Safety_Penitentiary,,,,,,
8,Aggregated,Public_Safety_Penitentiary,,,,,,
8,Centralized,Public_Safety_Penitentiary,,,,,,
9,0,Public_Safety_Penitentiary,,,,,,
9,1,Public_Safety_Penitentiary,,,,,,
9,2,Public_Safety_Penitentiary,,,,,,
9,3,Public_Safety_Penitentiary,,,,,,
9,4,Public_Safety_Penitentiary,,,,,,
9,5,Public_Safety_Penitentiary,,,,,,
9,Aggregated,Public_Safety_Penitentiary,,,,,,
9,Centralized,Public_Safety_Penitentiary,,,,,,
10,0,Public_Safety_Penitentiary,,,,,,
10,1,Public_Safety_Penitentiary,,,,,,
10,2,Public_Safety_Penitentiary,,,,,,
10,3,Public_Safety_Penitentiary,,,,,,
10,4,Public_Safety_Penitentiary,,,,,,
10,5,Public_Safety_Penitentiary,,,,,,
10,Aggregated,Public_Safety_Penitentiary,,,,,,
10,Centralized,Public_Safety_Penitentiary,,,,,,
11,0,Public_Safety_Penitentiary,,,,,,
11,1,Public_Safety_Penitentiary,,,,,,
11,2,Public_Safety_Penitentiary,,,,,,
11,3,Public_Safety_Penitentiary,,,,,,
11,4,Public_Safety_Penitentiary,,,,,,
11,5,Public_Safety_Penitentiary,,,,,,
11,Aggregated,Public_Safety_Penitentiary,,,,,,
11,Centralized,Public_Safety_Penitentiary,,,,,,
12,0,Public_Safety_Penitentiary,,,,,,
12,1,Public_Safety_Penitentiary,,,,,,
12,2,Public_Safety_Penitentiary,,,,,,
12,3,Public_Safety_Penitentiary,,,,,,
12,4,Public_Safety_Penitentiary,,,,,,
12,5,Public_Safety_Penitentiary,,,,,,
12,Aggregated,Public_Safety_Penitentiary,,,,,,
12,Centralized,Public_Safety_Penitentiary,,,,,,
13,0,Public_Safety_Penitentiary,,,,,,
13,1,Public_Safety_Penitentiary,,,,,,
13,2,Public_Safety_Penitentiary,,,,,,
13,3,Public_Safety_Penitentiary,,,,,,
13,4,Public_Safety_Penitentiary,,,,,,
13,5,Public_Safety_Penitentiary,,,,,,
13,Aggregated,Public_Safety_Penitentiary,,,,,,
13,Centralized,Public_Safety_Penitentiary,,,,,,
14,0,Public_Safety_Penitentiary,,,,,,
14,1,Public_Safety_Penitentiary,,,,,,
14,2,Public_Safety_Penitentiary,,,,,,
14,3,Public_Safety_Penitentiary,,,,,,
14,4,Public_Safety_Penitentiary,,,,,,
14,5,Public_Safety_Penitentiary,,,,,,
14,Aggregated,Public_Safety_Penitentiary,,,,,,
14,Centralized,Public_Safety_Penitentiary,,,,,,
15,0,Public_Safety_Penitentiary,,,,,,
15,1,Public_Safety_Penitentiary,,,,,,
15,2,Public_Safety_Penitentiary,,,,,,
15,3,Public_Safety_Penitentiary,,,,,,
15,4,Public_Safety_Penitentiary,,,,,,
15,5,Public_Safety_Penitentiary,,,,,,
15,Aggregated,Public_Safety_Penitentiary,,,,,,
15,Centralized,Public_Safety_Penitentiary,,,,,,
16,0,Public_Safety_Penitentiary,,,,,,
16,1,Public_Safety_Penitentiary,,,,,,
16,2,Public_Safety_Penitentiary,,,,,,
16,3,Public_Safety_Penitentiary,,,,,,
16,4,Public_Safety_Penitentiary,,,,,,
16,5,Public_Safety_Penitentiary,,,,,,
16,Aggregated,Public_Safety_Penitentiary,,,,,,
16,Centralized,Public_Safety_Penitentiary,,,,,,
17,0,Public_Safety_Penitentiary,,,,,,
17,1,Public_Safety_Penitentiary,,,,,,
17,2,Public_Safety_Penitentiary,,,,,,
17,3,Public_Safety_Penitentiary,,,,,,
17,4,Public_Safety_Penitentiary,,,,,,
17,5,Public_Safety_Penitentiary,,,,,,
17,Aggregated,Public_Safety_Penitentiary,,,,,,
17,Centralized,Public_Safety_Penitentiary,,,,,,
18,0,Public_Safety_Penitentiary,,,,,,
18,1,Public_Safety_Penitentiary,,,,,,
18,2,Public_Safety_Penitentiary,,,,,,
18,3,Public_Safety_Penitentiary,,,,,,
18,4,Public_Safety_Penitentiary,,,,,,
18,5,Public_Safety_Penitentiary,,,,,,
18,Aggregated,Public_Safety_Penitentiary,,,,,,
18,Centralized,Public_Safety_Penitentiary,,,,,,
19,0,Public_Safety_Penitentiary,,,,,,
19,1,Public_Safety_Penitentiary,,,,,,
19,2,Public_Safety_Penitentiary,,,,,,
19,3,Public_Safety_Penitentiary,,,,,,
19,4,Public_Safety_Penitentiary,,,,,,
19,5,Public_Safety_Penitentiary,,,,,,
19,Aggregated,Public_Safety_Penitentiary,,,,,,
19,Centralized,Public_Safety_Penitentiary,,,,,,
20,0,Public_Safety_Penitentiary,,,,,,
20,1,Public_Safety_Penitentiary,,,,,,
20,2,Public_Safety_Penitentiary,,,,,,
20,3,Public_Safety_Penitentiary,,,,,,
20,4,Public_Safety_Penitentiary,,,,,,
20,5,Public_Safety_Penitentiary,,,,,,
20,Aggregated,Public_Safety_Penitentiary,,,,,,
20,Centralized,Public_Safety_Penitentiary,,,,,,
21,0,Public_Safety_Penitentiary,,,,,,
21,1,Public_Safety_Penitentiary,,,,,,
21,2,Public_Safety_Penitentiary,,,,,,
21,3,Public_Safety_Penitentiary,,,,,,
21,4,Public_Safety_Penitentiary,,,,,,
21,5,Public_Safety_Penitentiary,,,,,,
21,Aggregated,Public_Safety_Penitentiary,,,,,,
21,Centralized,Public_Safety_Penitentiary,,,,,,
22,0,Public_Safety_Penitentiary,,,,,,
22,1,Public_Safety_Penitentiary,,,,,,
22,2,Public_Safety_Penitentiary,,,,,,
22,3,Public_Safety_Penitentiary,,,,,,
22,4,Public_Safety_Penitentiary,,,,,,
22,5,Public_Safety_Penitentiary,,,,,,
22,Aggregated,Public_Safety_Penitentiary,,,,,,
22,Centralized,Public_Safety_Penitentiary,,,,,,
23,0,Public_Safety_Penitentiary,,,,,,
23,1,Public_Safety_Penitentiary,,,,,,
23,2,Public_Safety_Penitentiary,,,,,,
23,3,Public_Safety_Penitentiary,,,,,,
23,4,Public_Safety_Penitentiary,,,,,,
23,5,Public_Safety_Penitentiary,,,,,,
23,Aggregated,Public_Safety_Penitentiary,,,,,,
23,Centralized,Public_Safety_Penitentiary,,,,,,
24,0,Public_Safety_Penitentiary,,,,,,
24,1,Public_Safety_Penitentiary,,,,,,
24,2,Public_Safety_Penitentiary,,,,,,
24,3,Public_Safety_Penitentiary,,,,,,
24,4,Public_Safety_Penitentiary,,,,,,
24,5,Public_Safety_Penitentiary,,,,,,
24,Aggregated,Public_Safety_Penitentiary,,,,,,
24,Centralized,Public_Safety_Penitentiary,,,,,,
25,0,Public_Safety_Penitentiary,,,,,,
25,1,Public_Safety_Penitentiary,,,,,,
25,2,Public_Safety_Penitentiary,,,,,,
25,3,Public_Safety_Penitentiary,,,,,,
25,4,Public_Safety_Penitentiary,,,,,,
25,5,Public_Safety_Penitentiary,,,,,,
25,Aggregated,Public_Safety_Penitentiary,,,,,,
25,Centralized,Public_Safety_Penitentiary,,,,,,
26,0,Public_Safety_Penitentiary,,,,,,
26,1,Public_Safety_Penitentiary,,,,,,
26,2,Public_Safety_Penitentiary,,,,,,
26,3,Public_Safety_Penitentiary,,,,,,
26,4,Public_Safety_Penitentiary,,,,,,
26,5,Public_Safety_Penitentiary,,,,,,
26,Aggregated,Public_Safety_Penitentiary,,,,,,
26,Centralized,Public_Safety_Penitentiary,,,,,,
27,0,Public_Safety_Penitentiary,,,,,,
27,1,Public_Safety_Penitentiary,,,,,,
27,2,Public_Safety_Penitentiary,,,,,,
27,3,Public_Safety_Penitentiary,,,,,,
27,4,Public_Safety_Penitentiary,,,,,,
27,5,Public_Safety_Penitentiary,,,,,,
27,Aggregated,Public_Safety_Penitentiary,,,,,,
27,Centralized,Public_Safety_Penitentiary,,,,,,
28,0,Public_Safety_Penitentiary,,,,,,
28,1,Public_Safety_Penitentiary,,,,,,
28,2,Public_Safety_Penitentiary,,,,,,
28,3,Public_Safety_Penitentiary,,,,,,
28,4,Public_Safety_Penitentiary,,,,,,
28,5,Public_Safety_Penitentiary,,,,,,
28,Aggregated,Public_Safety_Penitentiary,,,,,,
28,Centralized,Public_Safety_Penitentiary,,,,,,
29,0,Public_Safety_Penitentiary,,,,,,
29,1,Public_Safety_Penitentiary,,,,,,
29,2,Public_Safety_Penitentiary,,,,,,
29,3,Public_Safety_Penitentiary,,,,,,
29,4,Public_Safety_Penitentiary,,,,,,
29,5,Public_Safety_Penitentiary,,,,,,
29,Aggregated,Public_Safety_Penitentiary,,,,,,
29,Centralized,Public_Safety_Penitentiary,,,,,,
30,0,Public_Safety_Penitentiary,,,,,,
30,1,Public_Safety_Penitentiary,,,,,,
30,2,Public_Safety_Penitentiary,,,,,,
30,3,Public_Safety_Penitentiary,,,,,,
30,4,Public_Safety_Penitentiary,,,,,,
30,5,Public_Safety_Penitentiary,,,,,,
30,Aggregated,Public_Safety_Penitentiary,,,,,,
30,Centralized,Public_Safety_Penitentiary,,,,,,
31,0,Public_Safety_Penitentiary,,,,,,
31,1,Public_Safety_Penitentiary,,,,,,
31,2,Public_Safety_Penitentiary,,,,,,
31,3,Public_Safety_Penitentiary,,,,,,
31,4,Public_Safety_Penitentiary,,,,,,
31,5,Public_Safety_Penitentiary,,,,,,
31,Aggregated,Public_Safety_Penitentiary,,,,,,
31,Centralized,Public_Safety_Penitentiary,,,,,,
32,0,Public_Safety_Penitentiary,,,,,,
32,1,Public_Safety_Penitentiary,,,,,,
32,2,Public_Safety_Penitentiary,,,,,,
32,3,Public_Safety_Penitentiary,,,,,,
32,4,Public_Safety_Penitentiary,,,,,,
32,5,Public_Safety_Penitentiary,,,,,,
32,Aggregated,Public_Safety_Penitentiary,,,,,,
32,Centralized,Public_Safety_Penitentiary,,,,,,
33,0,Public_Safety_Penitentiary,,,,,,
33,1,Public_Safety_Penitentiary,,,,,,
33,2,Public_Safety_Penitentiary,,,,,,
33,3,Public_Safety_Penitentiary,,,,,,
33,4,Public_Safety_Penitentiary,,,,,,
33,5,Public_Safety_Penitentiary,,,,,,
33,Aggregated,Public_Safety_Penitentiary,,,,,,
33,Centralized,Public_Safety_Penitentiary,,,,,,
34,0,Public_Safety_Penitentiary,,,,,,
34,1,Public_Safety_Penitentiary,,,,,,
34,2,Public_Safety_Penitentiary,,,,,,
34,3,Public_Safety_Penitentiary,,,,,,
34,4,Public_Safety_Penitentiary,,,,,,
34,5,Public_Safety_Penitentiary,,,,,,
34,Aggregated,Public_Safety_Penitentiary,,,,,,
34,Centralized,Public_Safety_Penitentiary,,,,,,
35,0,Public_Safety_Penitentiary,,,,,,
35,1,Public_Safety_Penitentiary,,,,,,
35,2,Public_Safety_Penitentiary,,,,,,
35,3,Public_Safety_Penitentiary,,,,,,
35,4,Public_Safety_Penitentiary,,,,,,
35,5,Public_Safety_Penitentiary,,,,,,
35,Aggregated,Public_Safety_Penitentiary,,,,,,
35,Centralized,Public_Safety_Penitentiary,,,,,,
36,0,Public_Safety_Penitentiary,,,,,,
36,1,Public_Safety_Penitentiary,,,,,,
36,2,Public_Safety_Penitentiary,,,,,,
36,3,Public_Safety_Penitentiary,,,,,,
36,4,Public_Safety_Penitentiary,,,,,,
36,5,Public_Safety_Penitentiary,,,,,,
36,Aggregated,Public_Safety_Penitentiary,,,,,,
36,Centralized,Public_Safety_Penitentiary,,,,,,
37,0,Public_Safety_Penitentiary,,,,,,
37,1,Public_Safety_Penitentiary,,,,,,
37,2,Public_Safety_Penitentiary,,,,,,
37,3,Public_Safety_Penitentiary,,,,,,
37,4,Public_Safety_Penitentiary,,,,,,
37,5,Public_Safety_Penitentiary,,,,,,
37,Aggregated,Public_Safety_Penitentiary,,,,,,
37,Centralized,Public_Safety_Penitentiary,,,,,,
38,0,Public_Safety_Penitentiary,,,,,,
38,1,Public_Safety_Penitentiary,,,,,,
38,2,Public_Safety_Penitentiary,,,,,,
38,3,Public_Safety_Penitentiary,,,,,,
38,4,Public_Safety_Penitentiary,,,,,,
38,5,Public_Safety_Penitentiary,,,,,,
38,Aggregated,Public_Safety_Penitentiary,,,,,,
38,Centralized,Public_Safety_Penitentiary,,,,,,
39,0,Public_Safety_Penitentiary,,,,,,
39,1,Public_Safety_Penitentiary,,,,,,
39,2,Public_Safety_Penitentiary,,,,,,
39,3,Public_Safety_Penitentiary,,,,,,
39,4,Public_Safety_Penitentiary,,,,,,
39,5,Public_Safety_Penitentiary,,,,,,
39,Aggregated,Public_Safety_Penitentiary,,,,,,
39,Centralized,Public_Safety_Penitentiary,,,,,,
40,0,Public_Safety_Penitentiary,,,,,,
40,1,Public_Safety_Penitentiary,,,,,,
40,2,Public_Safety_Penitentiary,,,,,,
40,3,Public_Safety_Penitentiary,,,,,,
40,4,Public_Safety_Penitentiary,,,,,,
40,5,Public_Safety_Penitentiary,,,,,,
40,Aggregated,Public_Safety_Penitentiary,,,,,,
40,Centralized,Public_Safety_Penitentiary,,,,,,
41,0,Public_Safety_Penitentiary,,,,,,
41,1,Public_Safety_Penitentiary,,,,,,
41,2,Public_Safety_Penitentiary,,,,,,
41,3,Public_Safety_Penitentiary,,,,,,
41,4,Public_Safety_Penitentiary,,,,,,
41,5,Public_Safety_Penitentiary,,,,,,
41,Aggregated,Public_Safety_Penitentiary,,,,,,
41,Centralized,Public_Safety_Penitentiary,,,,,,
42,0,Public_Safety_Penitentiary,,,,,,
42,1,Public_Safety_Penitentiary,,,,,,
42,2,Public_Safety_Penitentiary,,,,,,
42,3,Public_Safety_Penitentiary,,,,,,
42,4,Public_Safety_Penitentiary,,,,,,
42,5,Public_Safety_Penitentiary,,,,,,
42,Aggregated,Public_Safety_Penitentiary,,,,,,
42,Centralized,Public_Safety_Penitentiary,,,,,,
43,0,Public_Safety_Penitentiary,,,,,,
43,1,Public_Safety_Penitentiary,,,,,,
43,2,Public_Safety_Penitentiary,,,,,,
43,3,Public_Safety_Penitentiary,,,,,,
43,4,Public_Safety_Penitentiary,,,,,,
43,5,Public_Safety_Penitentiary,,,,,,
43,Aggregated,Public_Safety_Penitentiary,,,,,,
43,Centralized,Public_Safety_Penitentiary,,,,,,
44,0,Public_Safety_Penitentiary,,,,,,
44,1,Public_Safety_Penitentiary,,,,,,
44,2,Public_Safety_Penitentiary,,,,,,
44,3,Public_Safety_Penitentiary,,,,,,
44,4,Public_Safety_Penitentiary,,,,,,
44,5,Public_Safety_Penitentiary,,,,,,
44,Aggregated,Public_Safety_Penitentiary,,,,,,
44,Centralized,Public_Safety_Penitentiary,,,,,,
45,0,Public_Safety_Penitentiary,,,,,,
45,1,Public_Safety_Penitentiary,,,,,,
45,2,Public_Safety_Penitentiary,,,,,,
45,3,Public_Safety_Penitentiary,,,,,,
45,4,Public_Safety_Penitentiary,,,,,,
45,5,Public_Safety_Penitentiary,,,,,,
45,Aggregated,Public_Safety_Penitentiary,,,,,,
45,Centralized,Public_Safety_Penitentiary,,,,,,
46,0,Public_Safety_Penitentiary,,,,,,
46,1,Public_Safety_Penitentiary,,,,,,
46,2,Public_Safety_Penitentiary,,,,,,
46,3,Public_Safety_Penitentiary,,,,,,
46,4,Public_Safety_Penitentiary,,,,,,
46,5,Public_Safety_Penitentiary,,,,,,
46,Aggregated,Public_Safety_Penitentiary,,,,,,
46,Centralized,Public_Safety_Penitentiary,,,,,,
47,0,Public_Safety_Penitentiary,,,,,,
47,1,Public_Safety_Penitentiary,,,,,,
47,2,Public_Safety_Penitentiary,,,,,,
47,3,Public_Safety_Penitentiary,,,,,,
47,4,Public_Safety_Penitentiary,,,,,,
47,5,Public_Safety_Penitentiary,,,,,,
47,Aggregated,Public_Safety_Penitentiary,,,,,,
47,Centralized,Public_Safety_Penitentiary,,,,,,
48,0,Public_Safety_Penitentiary,,,,,,
48,1,Public_Safety_Penitentiary,,,,,,
48,2,Public_Safety_Penitentiary,,,,,,
48,3,Public_Safety_Penitentiary,,,,,,
48,4,Public_Safety_Penitentiary,,,,,,
48,5,Public_Safety_Penitentiary,,,,,,
48,Aggregated,Public_Safety_Penitentiary,,,,,,
48,Centralized,Public_Safety_Penitentiary,,,,,,
49,0,Public_Safety_Penitentiary,,,,,,
49,1,Public_Safety_Penitentiary,,,,,,
49,2,Public_Safety_Penitentiary,,,,,,
49,3,Public_Safety_Penitentiary,,,,,,
49,4,Public_Safety_Penitentiary,,,,,,
49,5,Public_Safety_Penitentiary,,,,,,
49,Aggregated,Public_Safety_Penitentiary,,,,,,
49,Centralized,Public_Safety_Penitentiary,,,,,,
50,0,Public_Safety_Penitentiary,,,,,,
50,1,Public_Safety_Penitentiary,,,,,,
50,2,Public_Safety_Penitentiary,,,,,,
50,3,Public_Safety_Penitentiary,,,,,,
50,4,Public_Safety_Penitentiary,,,,,,
50,5,Public_Safety_Penitentiary,,,,,,
50,Aggregated,Public_Safety_Penitentiary,,,,,,
50,Centralized,Public_Safety_Penitentiary,,,,,,
0,0,Public_Assembly_Stadium,,,,,,
0,1,Public_Assembly_Stadium,,,,,,
0,2,Public_Assembly_Stadium,,,,,,
0,3,Public_Assembly_Stadium,,,,,,
0,4,Public_Assembly_Stadium,,,,,,
0,5,Public_Assembly_Stadium,,,,,,
0,Aggregated,Public_Assembly_Stadium,,,,,,
0,Centralized,Public_Assembly_Stadium,,,,,,
1,0,Public_Assembly_Stadium,,,,,,
1,1,Public_Assembly_Stadium,,,,,,
1,2,Public_Assembly_Stadium,,,,,,
1,3,Public_Assembly_Stadium,,,,,,
1,4,Public_Assembly_Stadium,,,,,,
1,5,Public_Assembly_Stadium,,,,,,
1,Aggregated,Public_Assembly_Stadium,,,,,,
1,Centralized,Public_Assembly_Stadium,,,,,,
2,0,Public_Assembly_Stadium,,,,,,
2,1,Public_Assembly_Stadium,,,,,,
2,2,Public_Assembly_Stadium,,,,,,
2,3,Public_Assembly_Stadium,,,,,,
2,4,Public_Assembly_Stadium,,,,,,
2,5,Public_Assembly_Stadium,,,,,,
2,Aggregated,Public_Assembly_Stadium,,,,,,
2,Centralized,Public_Assembly_Stadium,,,,,,
3,0,Public_Assembly_Stadium,,,,,,
3,1,Public_Assembly_Stadium,,,,,,
3,2,Public_Assembly_Stadium,,,,,,
3,3,Public_Assembly_Stadium,,,,,,
3,4,Public_Assembly_Stadium,,,,,,
3,5,Public_Assembly_Stadium,,,,,,
3,Aggregated,Public_Assembly_Stadium,,,,,,
3,Centralized,Public_Assembly_Stadium,,,,,,
4,0,Public_Assembly_Stadium,,,,,,
4,1,Public_Assembly_Stadium,,,,,,
4,2,Public_Assembly_Stadium,,,,,,
4,3,Public_Assembly_Stadium,,,,,,
4,4,Public_Assembly_Stadium,,,,,,
4,5,Public_Assembly_Stadium,,,,,,
4,Aggregated,Public_Assembly_Stadium,,,,,,
4,Centralized,Public_Assembly_Stadium,,,,,,
5,0,Public_Assembly_Stadium,,,,,,
5,1,Public_Assembly_Stadium,,,,,,
5,2,Public_Assembly_Stadium,,,,,,
5,3,Public_Assembly_Stadium,,,,,,
5,4,Public_Assembly_Stadium,,,,,,
5,5,Public_Assembly_Stadium,,,,,,
5,Aggregated,Public_Assembly_Stadium,,,,,,
5,Centralized,Public_Assembly_Stadium,,,,,,
6,0,Public_Assembly_Stadium,,,,,,
6,1,Public_Assembly_Stadium,,,,,,
6,2,Public_Assembly_Stadium,,,,,,
6,3,Public_Assembly_Stadium,,,,,,
6,4,Public_Assembly_Stadium,,,,,,
6,5,Public_Assembly_Stadium,,,,,,
6,Aggregated,Public_Assembly_Stadium,,,,,,
6,Centralized,Public_Assembly_Stadium,,,,,,
7,0,Public_Assembly_Stadium,,,,,,
7,1,Public_Assembly_Stadium,,,,,,
7,2,Public_Assembly_Stadium,,,,,,
7,3,Public_Assembly_Stadium,,,,,,
7,4,Public_Assembly_Stadium,,,,,,
7,5,Public_Assembly_Stadium,,,,,,
7,Aggregated,Public_Assembly_Stadium,,,,,,
7,Centralized,Public_Assembly_Stadium,,,,,,
8,0,Public_Assembly_Stadium,,,,,,
8,1,Public_Assembly_Stadium,,,,,,
8,2,Public_Assembly_Stadium,,,,,,
8,3,Public_Assembly_Stadium,,,,,,
8,4,Public_Assembly_Stadium,,,,,,
8,5,Public_Assembly_Stadium,,,,,,
8,Aggregated,Public_Assembly_Stadium,,,,,,
8,Centralized,Public_Assembly_Stadium,,,,,,
9,0,Public_Assembly_Stadium,,,,,,
9,1,Public_Assembly_Stadium,,,,,,
9,2,Public_Assembly_Stadium,,,,,,
9,3,Public_Assembly_Stadium,,,,,,
9,4,Public_Assembly_Stadium,,,,,,
9,5,Public_Assembly_Stadium,,,,,,
9,Aggregated,Public_Assembly_Stadium,,,,,,
9,Centralized,Public_Assembly_Stadium,,,,,,
10,0,Public_Assembly_Stadium,,,,,,
10,1,Public_Assembly_Stadium,,,,,,
10,2,Public_Assembly_Stadium,,,,,,
10,3,Public_Assembly_Stadium,,,,,,
10,4,Public_Assembly_Stadium,,,,,,
10,5,Public_Assembly_Stadium,,,,,,
10,Aggregated,Public_Assembly_Stadium,,,,,,
10,Centralized,Public_Assembly_Stadium,,,,,,
11,0,Public_Assembly_Stadium,,,,,,
11,1,Public_Assembly_Stadium,,,,,,
11,2,Public_Assembly_Stadium,,,,,,
11,3,Public_Assembly_Stadium,,,,,,
11,4,Public_Assembly_Stadium,,,,,,
11,5,Public_Assembly_Stadium,,,,,,
11,Aggregated,Public_Assembly_Stadium,,,,,,
11,Centralized,Public_Assembly_Stadium,,,,,,
12,0,Public_Assembly_Stadium,,,,,,
12,1,Public_Assembly_Stadium,,,,,,
12,2,Public_Assembly_Stadium,,,,,,
12,3,Public_Assembly_Stadium,,,,,,
12,4,Public_Assembly_Stadium,,,,,,
12,5,Public_Assembly_Stadium,,,,,,
12,Aggregated,Public_Assembly_Stadium,,,,,,
12,Centralized,Public_Assembly_Stadium,,,,,,
13,0,Public_Assembly_Stadium,,,,,,
13,1,Public_Assembly_Stadium,,,,,,
13,2,Public_Assembly_Stadium,,,,,,
13,3,Public_Assembly_Stadium,,,,,,
13,4,Public_Assembly_Stadium,,,,,,
13,5,Public_Assembly_Stadium,,,,,,
13,Aggregated,Public_Assembly_Stadium,,,,,,
13,Centralized,Public_Assembly_Stadium,,,,,,
14,0,Public_Assembly_Stadium,,,,,,
14,1,Public_Assembly_Stadium,,,,,,
14,2,Public_Assembly_Stadium,,,,,,
14,3,Public_Assembly_Stadium,,,,,,
14,4,Public_Assembly_Stadium,,,,,,
14,5,Public_Assembly_Stadium,,,,,,
14,Aggregated,Public_Assembly_Stadium,,,,,,
14,Centralized,Public_Assembly_Stadium,,,,,,
15,0,Public_Assembly_Stadium,,,,,,
15,1,Public_Assembly_Stadium,,,,,,
15,2,Public_Assembly_Stadium,,,,,,
15,3,Public_Assembly_Stadium,,,,,,
15,4,Public_Assembly_Stadium,,,,,,
15,5,Public_Assembly_Stadium,,,,,,
15,Aggregated,Public_Assembly_Stadium,,,,,,
15,Centralized,Public_Assembly_Stadium,,,,,,
16,0,Public_Assembly_Stadium,,,,,,
16,1,Public_Assembly_Stadium,,,,,,
16,2,Public_Assembly_Stadium,,,,,,
16,3,Public_Assembly_Stadium,,,,,,
16,4,Public_Assembly_Stadium,,,,,,
16,5,Public_Assembly_Stadium,,,,,,
16,Aggregated,Public_Assembly_Stadium,,,,,,
16,Centralized,Public_Assembly_Stadium,,,,,,
17,0,Public_Assembly_Stadium,,,,,,
17,1,Public_Assembly_Stadium,,,,,,
17,2,Public_Assembly_Stadium,,,,,,
17,3,Public_Assembly_Stadium,,,,,,
17,4,Public_Assembly_Stadium,,,,,,
17,5,Public_Assembly_Stadium,,,,,,
17,Aggregated,Public_Assembly_Stadium,,,,,,
17,Centralized,Public_Assembly_Stadium,,,,,,
18,0,Public_Assembly_Stadium,,,,,,
18,1,Public_Assembly_Stadium,,,,,,
18,2,Public_Assembly_Stadium,,,,,,
18,3,Public_Assembly_Stadium,,,,,,
18,4,Public_Assembly_Stadium,,,,,,
18,5,Public_Assembly_Stadium,,,,,,
18,Aggregated,Public_Assembly_Stadium,,,,,,
18,Centralized,Public_Assembly_Stadium,,,,,,
19,0,Public_Assembly_Stadium,,,,,,
19,1,Public_Assembly_Stadium,,,,,,
19,2,Public_Assembly_Stadium,,,,,,
19,3,Public_Assembly_Stadium,,,,,,
19,4,Public_Assembly_Stadium,,,,,,
19,5,Public_Assembly_Stadium,,,,,,
19,Aggregated,Public_Assembly_Stadium,,,,,,
19,Centralized,Public_Assembly_Stadium,,,,,,
20,0,Public_Assembly_Stadium,,,,,,
20,1,Public_Assembly_Stadium,,,,,,
20,2,Public_Assembly_Stadium,,,,,,
20,3,Public_Assembly_Stadium,,,,,,
20,4,Public_Assembly_Stadium,,,,,,
20,5,Public_Assembly_Stadium,,,,,,
20,Aggregated,Public_Assembly_Stadium,,,,,,
20,Centralized,Public_Assembly_Stadium,,,,,,
21,0,Public_Assembly_Stadium,,,,,,
21,1,Public_Assembly_Stadium,,,,,,
21,2,Public_Assembly_Stadium,,,,,,
21,3,Public_Assembly_Stadium,,,,,,
21,4,Public_Assembly_Stadium,,,,,,
21,5,Public_Assembly_Stadium,,,,,,
21,Aggregated,Public_Assembly_Stadium,,,,,,
21,Centralized,Public_Assembly_Stadium,,,,,,
22,0,Public_Assembly_Stadium,,,,,,
22,1,Public_Assembly_Stadium,,,,,,
22,2,Public_Assembly_Stadium,,,,,,
22,3,Public_Assembly_Stadium,,,,,,
22,4,Public_Assembly_Stadium,,,,,,
22,5,Public_Assembly_Stadium,,,,,,
22,Aggregated,Public_Assembly_Stadium,,,,,,
22,Centralized,Public_Assembly_Stadium,,,,,,
23,0,Public_Assembly_Stadium,,,,,,
23,1,Public_Assembly_Stadium,,,,,,
23,2,Public_Assembly_Stadium,,,,,,
23,3,Public_Assembly_Stadium,,,,,,
23,4,Public_Assembly_Stadium,,,,,,
23,5,Public_Assembly_Stadium,,,,,,
23,Aggregated,Public_Assembly_Stadium,,,,,,
23,Centralized,Public_Assembly_Stadium,,,,,,
24,0,Public_Assembly_Stadium,,,,,,
24,1,Public_Assembly_Stadium,,,,,,
24,2,Public_Assembly_Stadium,,,,,,
24,3,Public_Assembly_Stadium,,,,,,
24,4,Public_Assembly_Stadium,,,,,,
24,5,Public_Assembly_Stadium,,,,,,
24,Aggregated,Public_Assembly_Stadium,,,,,,
24,Centralized,Public_Assembly_Stadium,,,,,,
25,0,Public_Assembly_Stadium,,,,,,
25,1,Public_Assembly_Stadium,,,,,,
25,2,Public_Assembly_Stadium,,,,,,
25,3,Public_Assembly_Stadium,,,,,,
25,4,Public_Assembly_Stadium,,,,,,
25,5,Public_Assembly_Stadium,,,,,,
25,Aggregated,Public_Assembly_Stadium,,,,,,
25,Centralized,Public_Assembly_Stadium,,,,,,
26,0,Public_Assembly_Stadium,,,,,,
26,1,Public_Assembly_Stadium,,,,,,
26,2,Public_Assembly_Stadium,,,,,,
26,3,Public_Assembly_Stadium,,,,,,
26,4,Public_Assembly_Stadium,,,,,,
26,5,Public_Assembly_Stadium,,,,,,
26,Aggregated,Public_Assembly_Stadium,,,,,,
26,Centralized,Public_Assembly_Stadium,,,,,,
27,0,Public_Assembly_Stadium,,,,,,
27,1,Public_Assembly_Stadium,,,,,,
27,2,Public_Assembly_Stadium,,,,,,
27,3,Public_Assembly_Stadium,,,,,,
27,4,Public_Assembly_Stadium,,,,,,
27,5,Public_Assembly_Stadium,,,,,,
27,Aggregated,Public_Assembly_Stadium,,,,,,
27,Centralized,Public_Assembly_Stadium,,,,,,
28,0,Public_Assembly_Stadium,,,,,,
28,1,Public_Assembly_Stadium,,,,,,
28,2,Public_Assembly_Stadium,,,,,,
28,3,Public_Assembly_Stadium,,,,,,
28,4,Public_Assembly_Stadium,,,,,,
28,5,Public_Assembly_Stadium,,,,,,
28,Aggregated,Public_Assembly_Stadium,,,,,,
28,Centralized,Public_Assembly_Stadium,,,,,,
29,0,Public_Assembly_Stadium,,,,,,
29,1,Public_Assembly_Stadium,,,,,,
29,2,Public_Assembly_Stadium,,,,,,
29,3,Public_Assembly_Stadium,,,,,,
29,4,Public_Assembly_Stadium,,,,,,
29,5,Public_Assembly_Stadium,,,,,,
29,Aggregated,Public_Assembly_Stadium,,,,,,
29,Centralized,Public_Assembly_Stadium,,,,,,
30,0,Public_Assembly_Stadium,,,,,,
30,1,Public_Assembly_Stadium,,,,,,
30,2,Public_Assembly_Stadium,,,,,,
30,3,Public_Assembly_Stadium,,,,,,
30,4,Public_Assembly_Stadium,,,,,,
30,5,Public_Assembly_Stadium,,,,,,
30,Aggregated,Public_Assembly_Stadium,,,,,,
30,Centralized,Public_Assembly_Stadium,,,,,,
31,0,Public_Assembly_Stadium,,,,,,
31,1,Public_Assembly_Stadium,,,,,,
31,2,Public_Assembly_Stadium,,,,,,
31,3,Public_Assembly_Stadium,,,,,,
31,4,Public_Assembly_Stadium,,,,,,
31,5,Public_Assembly_Stadium,,,,,,
31,Aggregated,Public_Assembly_Stadium,,,,,,
31,Centralized,Public_Assembly_Stadium,,,,,,
32,0,Public_Assembly_Stadium,,,,,,
32,1,Public_Assembly_Stadium,,,,,,
32,2,Public_Assembly_Stadium,,,,,,
32,3,Public_Assembly_Stadium,,,,,,
32,4,Public_Assembly_Stadium,,,,,,
32,5,Public_Assembly_Stadium,,,,,,
32,Aggregated,Public_Assembly_Stadium,,,,,,
32,Centralized,Public_Assembly_Stadium,,,,,,
33,0,Public_Assembly_Stadium,,,,,,
33,1,Public_Assembly_Stadium,,,,,,
33,2,Public_Assembly_Stadium,,,,,,
33,3,Public_Assembly_Stadium,,,,,,
33,4,Public_Assembly_Stadium,,,,,,
33,5,Public_Assembly_Stadium,,,,,,
33,Aggregated,Public_Assembly_Stadium,,,,,,
33,Centralized,Public_Assembly_Stadium,,,,,,
34,0,Public_Assembly_Stadium,,,,,,
34,1,Public_Assembly_Stadium,,,,,,
34,2,Public_Assembly_Stadium,,,,,,
34,3,Public_Assembly_Stadium,,,,,,
34,4,Public_Assembly_Stadium,,,,,,
34,5,Public_Assembly_Stadium,,,,,,
34,Aggregated,Public_Assembly_Stadium,,,,,,
34,Centralized,Public_Assembly_Stadium,,,,,,
35,0,Public_Assembly_Stadium,,,,,,
35,1,Public_Assembly_Stadium,,,,,,
35,2,Public_Assembly_Stadium,,,,,,
35,3,Public_Assembly_Stadium,,,,,,
35,4,Public_Assembly_Stadium,,,,,,
35,5,Public_Assembly_Stadium,,,,,,
35,Aggregated,Public_Assembly_Stadium,,,,,,
35,Centralized,Public_Assembly_Stadium,,,,,,
36,0,Public_Assembly_Stadium,,,,,,
36,1,Public_Assembly_Stadium,,,,,,
36,2,Public_Assembly_Stadium,,,,,,
36,3,Public_Assembly_Stadium,,,,,,
36,4,Public_Assembly_Stadium,,,,,,
36,5,Public_Assembly_Stadium,,,,,,
36,Aggregated,Public_Assembly_Stadium,,,,,,
36,Centralized,Public_Assembly_Stadium,,,,,,
37,0,Public_Assembly_Stadium,,,,,,
37,1,Public_Assembly_Stadium,,,,,,
37,2,Public_Assembly_Stadium,,,,,,
37,3,Public_Assembly_Stadium,,,,,,
37,4,Public_Assembly_Stadium,,,,,,
37,5,Public_Assembly_Stadium,,,,,,
37,Aggregated,Public_Assembly_Stadium,,,,,,
37,Centralized,Public_Assembly_Stadium,,,,,,
38,0,Public_Assembly_Stadium,,,,,,
38,1,Public_Assembly_Stadium,,,,,,
38,2,Public_Assembly_Stadium,,,,,,
38,3,Public_Assembly_Stadium,,,,,,
38,4,Public_Assembly_Stadium,,,,,,
38,5,Public_Assembly_Stadium,,,,,,
38,Aggregated,Public_Assembly_Stadium,,,,,,
38,Centralized,Public_Assembly_Stadium,,,,,,
39,0,Public_Assembly_Stadium,,,,,,
39,1,Public_Assembly_Stadium,,,,,,
39,2,Public_Assembly_Stadium,,,,,,
39,3,Public_Assembly_Stadium,,,,,,
39,4,Public_Assembly_Stadium,,,,,,
39,5,Public_Assembly_Stadium,,,,,,
39,Aggregated,Public_Assembly_Stadium,,,,,,
39,Centralized,Public_Assembly_Stadium,,,,,,
40,0,Public_Assembly_Stadium,,,,,,
40,1,Public_Assembly_Stadium,,,,,,
40,2,Public_Assembly_Stadium,,,,,,
40,3,Public_Assembly_Stadium,,,,,,
40,4,Public_Assembly_Stadium,,,,,,
40,5,Public_Assembly_Stadium,,,,,,
40,Aggregated,Public_Assembly_Stadium,,,,,,
40,Centralized,Public_Assembly_Stadium,,,,,,
41,0,Public_Assembly_Stadium,,,,,,
41,1,Public_Assembly_Stadium,,,,,,
41,2,Public_Assembly_Stadium,,,,,,
41,3,Public_Assembly_Stadium,,,,,,
41,4,Public_Assembly_Stadium,,,,,,
41,5,Public_Assembly_Stadium,,,,,,
41,Aggregated,Public_Assembly_Stadium,,,,,,
41,Centralized,Public_Assembly_Stadium,,,,,,
42,0,Public_Assembly_Stadium,,,,,,
42,1,Public_Assembly_Stadium,,,,,,
42,2,Public_Assembly_Stadium,,,,,,
42,3,Public_Assembly_Stadium,,,,,,
42,4,Public_Assembly_Stadium,,,,,,
42,5,Public_Assembly_Stadium,,,,,,
42,Aggregated,Public_Assembly_Stadium,,,,,,
42,Centralized,Public_Assembly_Stadium,,,,,,
43,0,Public_Assembly_Stadium,,,,,,
43,1,Public_Assembly_Stadium,,,,,,
43,2,Public_Assembly_Stadium,,,,,,
43,3,Public_Assembly_Stadium,,,,,,
43,4,Public_Assembly_Stadium,,,,,,
43,5,Public_Assembly_Stadium,,,,,,
43,Aggregated,Public_Assembly_Stadium,,,,,,
43,Centralized,Public_Assembly_Stadium,,,,,,
44,0,Public_Assembly_Stadium,,,,,,
44,1,Public_Assembly_Stadium,,,,,,
44,2,Public_Assembly_Stadium,,,,,,
44,3,Public_Assembly_Stadium,,,,,,
44,4,Public_Assembly_Stadium,,,,,,
44,5,Public_Assembly_Stadium,,,,,,
44,Aggregated,Public_Assembly_Stadium,,,,,,
44,Centralized,Public_Assembly_Stadium,,,,,,
45,0,Public_Assembly_Stadium,,,,,,
45,1,Public_Assembly_Stadium,,,,,,
45,2,Public_Assembly_Stadium,,,,,,
45,3,Public_Assembly_Stadium,,,,,,
45,4,Public_Assembly_Stadium,,,,,,
45,5,Public_Assembly_Stadium,,,,,,
45,Aggregated,Public_Assembly_Stadium,,,,,,
45,Centralized,Public_Assembly_Stadium,,,,,,
46,0,Public_Assembly_Stadium,,,,,,
46,1,Public_Assembly_Stadium,,,,,,
46,2,Public_Assembly_Stadium,,,,,,
46,3,Public_Assembly_Stadium,,,,,,
46,4,Public_Assembly_Stadium,,,,,,
46,5,Public_Assembly_Stadium,,,,,,
46,Aggregated,Public_Assembly_Stadium,,,,,,
46,Centralized,Public_Assembly_Stadium,,,,,,
47,0,Public_Assembly_Stadium,,,,,,
47,1,Public_Assembly_Stadium,,,,,,
47,2,Public_Assembly_Stadium,,,,,,
47,3,Public_Assembly_Stadium,,,,,,
47,4,Public_Assembly_Stadium,,,,,,
47,5,Public_Assembly_Stadium,,,,,,
47,Aggregated,Public_Assembly_Stadium,,,,,,
47,Centralized,Public_Assembly_Stadium,,,,,,
48,0,Public_Assembly_Stadium,,,,,,
48,1,Public_Assembly_Stadium,,,,,,
48,2,Public_Assembly_Stadium,,,,,,
48,3,Public_Assembly_Stadium,,,,,,
48,4,Public_Assembly_Stadium,,,,,,
48,5,Public_Assembly_Stadium,,,,,,
48,Aggregated,Public_Assembly_Stadium,,,,,,
48,Centralized,Public_Assembly_Stadium,,,,,,
49,0,Public_Assembly_Stadium,,,,,,
49,1,Public_Assembly_Stadium,,,,,,
49,2,Public_Assembly_Stadium,,,,,,
49,3,Public_Assembly_Stadium,,,,,,
49,4,Public_Assembly_Stadium,,,,,,
49,5,Public_Assembly_Stadium,,,,,,
49,Aggregated,Public_Assembly_Stadium,,,,,,
49,Centralized,Public_Assembly_Stadium,,,,,,
50,0,Public_Assembly_Stadium,,,,,,
50,1,Public_Assembly_Stadium,,,,,,
50,2,Public_Assembly_Stadium,,,,,,
50,3,Public_Assembly_Stadium,,,,,,
50,4,Public_Assembly_Stadium,,,,,,
50,5,Public_Assembly_Stadium,,,,,,
50,Aggregated,Public_Assembly_Stadium,,,,,,
50,Centralized,Public_Assembly_Stadium,,,,,,
0,0,Service_Drycleaning_or_Laundry,,,,,,
0,1,Service_Drycleaning_or_Laundry,,,,,,
0,2,Service_Drycleaning_or_Laundry,,,,,,
0,3,Service_Drycleaning_or_Laundry,,,,,,
0,4,Service_Drycleaning_or_Laundry,,,,,,
0,5,Service_Drycleaning_or_Laundry,,,,,,
0,Aggregated,Service_Drycleaning_or_Laundry,,,,,,
0,Centralized,Service_Drycleaning_or_Laundry,,,,,,
1,0,Service_Drycleaning_or_Laundry,,,,,,
1,1,Service_Drycleaning_or_Laundry,,,,,,
1,2,Service_Drycleaning_or_Laundry,,,,,,
1,3,Service_Drycleaning_or_Laundry,,,,,,
1,4,Service_Drycleaning_or_Laundry,,,,,,
1,5,Service_Drycleaning_or_Laundry,,,,,,
1,Aggregated,Service_Drycleaning_or_Laundry,,,,,,
1,Centralized,Service_Drycleaning_or_Laundry,,,,,,
2,0,Service_Drycleaning_or_Laundry,,,,,,
2,1,Service_Drycleaning_or_Laundry,,,,,,
2,2,Service_Drycleaning_or_Laundry,,,,,,
2,3,Service_Drycleaning_or_Laundry,,,,,,
2,4,Service_Drycleaning_or_Laundry,,,,,,
2,5,Service_Drycleaning_or_Laundry,,,,,,
2,Aggregated,Service_Drycleaning_or_Laundry,,,,,,
2,Centralized,Service_Drycleaning_or_Laundry,,,,,,
3,0,Service_Drycleaning_or_Laundry,,,,,,
3,1,Service_Drycleaning_or_Laundry,,,,,,
3,2,Service_Drycleaning_or_Laundry,,,,,,
3,3,Service_Drycleaning_or_Laundry,,,,,,
3,4,Service_Drycleaning_or_Laundry,,,,,,
3,5,Service_Drycleaning_or_Laundry,,,,,,
3,Aggregated,Service_Drycleaning_or_Laundry,,,,,,
3,Centralized,Service_Drycleaning_or_Laundry,,,,,,
4,0,Service_Drycleaning_or_Laundry,,,,,,
4,1,Service_Drycleaning_or_Laundry,,,,,,
4,2,Service_Drycleaning_or_Laundry,,,,,,
4,3,Service_Drycleaning_or_Laundry,,,,,,
4,4,Service_Drycleaning_or_Laundry,,,,,,
4,5,Service_Drycleaning_or_Laundry,,,,,,
4,Aggregated,Service_Drycleaning_or_Laundry,,,,,,
4,Centralized,Service_Drycleaning_or_Laundry,,,,,,
5,0,Service_Drycleaning_or_Laundry,,,,,,
5,1,Service_Drycleaning_or_Laundry,,,,,,
5,2,Service_Drycleaning_or_Laundry,,,,,,
5,3,Service_Drycleaning_or_Laundry,,,,,,
5,4,Service_Drycleaning_or_Laundry,,,,,,
5,5,Service_Drycleaning_or_Laundry,,,,,,
5,Aggregated,Service_Drycleaning_or_Laundry,,,,,,
5,Centralized,Service_Drycleaning_or_Laundry,,,,,,
6,0,Service_Drycleaning_or_Laundry,,,,,,
6,1,Service_Drycleaning_or_Laundry,,,,,,
6,2,Service_Drycleaning_or_Laundry,,,,,,
6,3,Service_Drycleaning_or_Laundry,,,,,,
6,4,Service_Drycleaning_or_Laundry,,,,,,
6,5,Service_Drycleaning_or_Laundry,,,,,,
6,Aggregated,Service_Drycleaning_or_Laundry,,,,,,
6,Centralized,Service_Drycleaning_or_Laundry,,,,,,
7,0,Service_Drycleaning_or_Laundry,,,,,,
7,1,Service_Drycleaning_or_Laundry,,,,,,
7,2,Service_Drycleaning_or_Laundry,,,,,,
7,3,Service_Drycleaning_or_Laundry,,,,,,
7,4,Service_Drycleaning_or_Laundry,,,,,,
7,5,Service_Drycleaning_or_Laundry,,,,,,
7,Aggregated,Service_Drycleaning_or_Laundry,,,,,,
7,Centralized,Service_Drycleaning_or_Laundry,,,,,,
8,0,Service_Drycleaning_or_Laundry,,,,,,
8,1,Service_Drycleaning_or_Laundry,,,,,,
8,2,Service_Drycleaning_or_Laundry,,,,,,
8,3,Service_Drycleaning_or_Laundry,,,,,,
8,4,Service_Drycleaning_or_Laundry,,,,,,
8,5,Service_Drycleaning_or_Laundry,,,,,,
8,Aggregated,Service_Drycleaning_or_Laundry,,,,,,
8,Centralized,Service_Drycleaning_or_Laundry,,,,,,
9,0,Service_Drycleaning_or_Laundry,,,,,,
9,1,Service_Drycleaning_or_Laundry,,,,,,
9,2,Service_Drycleaning_or_Laundry,,,,,,
9,3,Service_Drycleaning_or_Laundry,,,,,,
9,4,Service_Drycleaning_or_Laundry,,,,,,
9,5,Service_Drycleaning_or_Laundry,,,,,,
9,Aggregated,Service_Drycleaning_or_Laundry,,,,,,
9,Centralized,Service_Drycleaning_or_Laundry,,,,,,
10,0,Service_Drycleaning_or_Laundry,,,,,,
10,1,Service_Drycleaning_or_Laundry,,,,,,
10,2,Service_Drycleaning_or_Laundry,,,,,,
10,3,Service_Drycleaning_or_Laundry,,,,,,
10,4,Service_Drycleaning_or_Laundry,,,,,,
10,5,Service_Drycleaning_or_Laundry,,,,,,
10,Aggregated,Service_Drycleaning_or_Laundry,,,,,,
10,Centralized,Service_Drycleaning_or_Laundry,,,,,,
11,0,Service_Drycleaning_or_Laundry,,,,,,
11,1,Service_Drycleaning_or_Laundry,,,,,,
11,2,Service_Drycleaning_or_Laundry,,,,,,
11,3,Service_Drycleaning_or_Laundry,,,,,,
11,4,Service_Drycleaning_or_Laundry,,,,,,
11,5,Service_Drycleaning_or_Laundry,,,,,,
11,Aggregated,Service_Drycleaning_or_Laundry,,,,,,
11,Centralized,Service_Drycleaning_or_Laundry,,,,,,
12,0,Service_Drycleaning_or_Laundry,,,,,,
12,1,Service_Drycleaning_or_Laundry,,,,,,
12,2,Service_Drycleaning_or_Laundry,,,,,,
12,3,Service_Drycleaning_or_Laundry,,,,,,
12,4,Service_Drycleaning_or_Laundry,,,,,,
12,5,Service_Drycleaning_or_Laundry,,,,,,
12,Aggregated,Service_Drycleaning_or_Laundry,,,,,,
12,Centralized,Service_Drycleaning_or_Laundry,,,,,,
13,0,Service_Drycleaning_or_Laundry,,,,,,
13,1,Service_Drycleaning_or_Laundry,,,,,,
13,2,Service_Drycleaning_or_Laundry,,,,,,
13,3,Service_Drycleaning_or_Laundry,,,,,,
13,4,Service_Drycleaning_or_Laundry,,,,,,
13,5,Service_Drycleaning_or_Laundry,,,,,,
13,Aggregated,Service_Drycleaning_or_Laundry,,,,,,
13,Centralized,Service_Drycleaning_or_Laundry,,,,,,
14,0,Service_Drycleaning_or_Laundry,,,,,,
14,1,Service_Drycleaning_or_Laundry,,,,,,
14,2,Service_Drycleaning_or_Laundry,,,,,,
14,3,Service_Drycleaning_or_Laundry,,,,,,
14,4,Service_Drycleaning_or_Laundry,,,,,,
14,5,Service_Drycleaning_or_Laundry,,,,,,
14,Aggregated,Service_Drycleaning_or_Laundry,,,,,,
14,Centralized,Service_Drycleaning_or_Laundry,,,,,,
15,0,Service_Drycleaning_or_Laundry,,,,,,
15,1,Service_Drycleaning_or_Laundry,,,,,,
15,2,Service_Drycleaning_or_Laundry,,,,,,
15,3,Service_Drycleaning_or_Laundry,,,,,,
15,4,Service_Drycleaning_or_Laundry,,,,,,
15,5,Service_Drycleaning_or_Laundry,,,,,,
15,Aggregated,Service_Drycleaning_or_Laundry,,,,,,
15,Centralized,Service_Drycleaning_or_Laundry,,,,,,
16,0,Service_Drycleaning_or_Laundry,,,,,,
16,1,Service_Drycleaning_or_Laundry,,,,,,
16,2,Service_Drycleaning_or_Laundry,,,,,,
16,3,Service_Drycleaning_or_Laundry,,,,,,
16,4,Service_Drycleaning_or_Laundry,,,,,,
16,5,Service_Drycleaning_or_Laundry,,,,,,
16,Aggregated,Service_Drycleaning_or_Laundry,,,,,,
16,Centralized,Service_Drycleaning_or_Laundry,,,,,,
17,0,Service_Drycleaning_or_Laundry,,,,,,
17,1,Service_Drycleaning_or_Laundry,,,,,,
17,2,Service_Drycleaning_or_Laundry,,,,,,
17,3,Service_Drycleaning_or_Laundry,,,,,,
17,4,Service_Drycleaning_or_Laundry,,,,,,
17,5,Service_Drycleaning_or_Laundry,,,,,,
17,Aggregated,Service_Drycleaning_or_Laundry,,,,,,
17,Centralized,Service_Drycleaning_or_Laundry,,,,,,
18,0,Service_Drycleaning_or_Laundry,,,,,,
18,1,Service_Drycleaning_or_Laundry,,,,,,
18,2,Service_Drycleaning_or_Laundry,,,,,,
18,3,Service_Drycleaning_or_Laundry,,,,,,
18,4,Service_Drycleaning_or_Laundry,,,,,,
18,5,Service_Drycleaning_or_Laundry,,,,,,
18,Aggregated,Service_Drycleaning_or_Laundry,,,,,,
18,Centralized,Service_Drycleaning_or_Laundry,,,,,,
19,0,Service_Drycleaning_or_Laundry,,,,,,
19,1,Service_Drycleaning_or_Laundry,,,,,,
19,2,Service_Drycleaning_or_Laundry,,,,,,
19,3,Service_Drycleaning_or_Laundry,,,,,,
19,4,Service_Drycleaning_or_Laundry,,,,,,
19,5,Service_Drycleaning_or_Laundry,,,,,,
19,Aggregated,Service_Drycleaning_or_Laundry,,,,,,
19,Centralized,Service_Drycleaning_or_Laundry,,,,,,
20,0,Service_Drycleaning_or_Laundry,,,,,,
20,1,Service_Drycleaning_or_Laundry,,,,,,
20,2,Service_Drycleaning_or_Laundry,,,,,,
20,3,Service_Drycleaning_or_Laundry,,,,,,
20,4,Service_Drycleaning_or_Laundry,,,,,,
20,5,Service_Drycleaning_or_Laundry,,,,,,
20,Aggregated,Service_Drycleaning_or_Laundry,,,,,,
20,Centralized,Service_Drycleaning_or_Laundry,,,,,,
21,0,Service_Drycleaning_or_Laundry,,,,,,
21,1,Service_Drycleaning_or_Laundry,,,,,,
21,2,Service_Drycleaning_or_Laundry,,,,,,
21,3,Service_Drycleaning_or_Laundry,,,,,,
21,4,Service_Drycleaning_or_Laundry,,,,,,
21,5,Service_Drycleaning_or_Laundry,,,,,,
21,Aggregated,Service_Drycleaning_or_Laundry,,,,,,
21,Centralized,Service_Drycleaning_or_Laundry,,,,,,
22,0,Service_Drycleaning_or_Laundry,,,,,,
22,1,Service_Drycleaning_or_Laundry,,,,,,
22,2,Service_Drycleaning_or_Laundry,,,,,,
22,3,Service_Drycleaning_or_Laundry,,,,,,
22,4,Service_Drycleaning_or_Laundry,,,,,,
22,5,Service_Drycleaning_or_Laundry,,,,,,
22,Aggregated,Service_Drycleaning_or_Laundry,,,,,,
22,Centralized,Service_Drycleaning_or_Laundry,,,,,,
23,0,Service_Drycleaning_or_Laundry,,,,,,
23,1,Service_Drycleaning_or_Laundry,,,,,,
23,2,Service_Drycleaning_or_Laundry,,,,,,
23,3,Service_Drycleaning_or_Laundry,,,,,,
23,4,Service_Drycleaning_or_Laundry,,,,,,
23,5,Service_Drycleaning_or_Laundry,,,,,,
23,Aggregated,Service_Drycleaning_or_Laundry,,,,,,
23,Centralized,Service_Drycleaning_or_Laundry,,,,,,
24,0,Service_Drycleaning_or_Laundry,,,,,,
24,1,Service_Drycleaning_or_Laundry,,,,,,
24,2,Service_Drycleaning_or_Laundry,,,,,,
24,3,Service_Drycleaning_or_Laundry,,,,,,
24,4,Service_Drycleaning_or_Laundry,,,,,,
24,5,Service_Drycleaning_or_Laundry,,,,,,
24,Aggregated,Service_Drycleaning_or_Laundry,,,,,,
24,Centralized,Service_Drycleaning_or_Laundry,,,,,,
25,0,Service_Drycleaning_or_Laundry,,,,,,
25,1,Service_Drycleaning_or_Laundry,,,,,,
25,2,Service_Drycleaning_or_Laundry,,,,,,
25,3,Service_Drycleaning_or_Laundry,,,,,,
25,4,Service_Drycleaning_or_Laundry,,,,,,
25,5,Service_Drycleaning_or_Laundry,,,,,,
25,Aggregated,Service_Drycleaning_or_Laundry,,,,,,
25,Centralized,Service_Drycleaning_or_Laundry,,,,,,
26,0,Service_Drycleaning_or_Laundry,,,,,,
26,1,Service_Drycleaning_or_Laundry,,,,,,
26,2,Service_Drycleaning_or_Laundry,,,,,,
26,3,Service_Drycleaning_or_Laundry,,,,,,
26,4,Service_Drycleaning_or_Laundry,,,,,,
26,5,Service_Drycleaning_or_Laundry,,,,,,
26,Aggregated,Service_Drycleaning_or_Laundry,,,,,,
26,Centralized,Service_Drycleaning_or_Laundry,,,,,,
27,0,Service_Drycleaning_or_Laundry,,,,,,
27,1,Service_Drycleaning_or_Laundry,,,,,,
27,2,Service_Drycleaning_or_Laundry,,,,,,
27,3,Service_Drycleaning_or_Laundry,,,,,,
27,4,Service_Drycleaning_or_Laundry,,,,,,
27,5,Service_Drycleaning_or_Laundry,,,,,,
27,Aggregated,Service_Drycleaning_or_Laundry,,,,,,
27,Centralized,Service_Drycleaning_or_Laundry,,,,,,
28,0,Service_Drycleaning_or_Laundry,,,,,,
28,1,Service_Drycleaning_or_Laundry,,,,,,
28,2,Service_Drycleaning_or_Laundry,,,,,,
28,3,Service_Drycleaning_or_Laundry,,,,,,
28,4,Service_Drycleaning_or_Laundry,,,,,,
28,5,Service_Drycleaning_or_Laundry,,,,,,
28,Aggregated,Service_Drycleaning_or_Laundry,,,,,,
28,Centralized,Service_Drycleaning_or_Laundry,,,,,,
29,0,Service_Drycleaning_or_Laundry,,,,,,
29,1,Service_Drycleaning_or_Laundry,,,,,,
29,2,Service_Drycleaning_or_Laundry,,,,,,
29,3,Service_Drycleaning_or_Laundry,,,,,,
29,4,Service_Drycleaning_or_Laundry,,,,,,
29,5,Service_Drycleaning_or_Laundry,,,,,,
29,Aggregated,Service_Drycleaning_or_Laundry,,,,,,
29,Centralized,Service_Drycleaning_or_Laundry,,,,,,
30,0,Service_Drycleaning_or_Laundry,,,,,,
30,1,Service_Drycleaning_or_Laundry,,,,,,
30,2,Service_Drycleaning_or_Laundry,,,,,,
30,3,Service_Drycleaning_or_Laundry,,,,,,
30,4,Service_Drycleaning_or_Laundry,,,,,,
30,5,Service_Drycleaning_or_Laundry,,,,,,
30,Aggregated,Service_Drycleaning_or_Laundry,,,,,,
30,Centralized,Service_Drycleaning_or_Laundry,,,,,,
31,0,Service_Drycleaning_or_Laundry,,,,,,
31,1,Service_Drycleaning_or_Laundry,,,,,,
31,2,Service_Drycleaning_or_Laundry,,,,,,
31,3,Service_Drycleaning_or_Laundry,,,,,,
31,4,Service_Drycleaning_or_Laundry,,,,,,
31,5,Service_Drycleaning_or_Laundry,,,,,,
31,Aggregated,Service_Drycleaning_or_Laundry,,,,,,
31,Centralized,Service_Drycleaning_or_Laundry,,,,,,
32,0,Service_Drycleaning_or_Laundry,,,,,,
32,1,Service_Drycleaning_or_Laundry,,,,,,
32,2,Service_Drycleaning_or_Laundry,,,,,,
32,3,Service_Drycleaning_or_Laundry,,,,,,
32,4,Service_Drycleaning_or_Laundry,,,,,,
32,5,Service_Drycleaning_or_Laundry,,,,,,
32,Aggregated,Service_Drycleaning_or_Laundry,,,,,,
32,Centralized,Service_Drycleaning_or_Laundry,,,,,,
33,0,Service_Drycleaning_or_Laundry,,,,,,
33,1,Service_Drycleaning_or_Laundry,,,,,,
33,2,Service_Drycleaning_or_Laundry,,,,,,
33,3,Service_Drycleaning_or_Laundry,,,,,,
33,4,Service_Drycleaning_or_Laundry,,,,,,
33,5,Service_Drycleaning_or_Laundry,,,,,,
33,Aggregated,Service_Drycleaning_or_Laundry,,,,,,
33,Centralized,Service_Drycleaning_or_Laundry,,,,,,
34,0,Service_Drycleaning_or_Laundry,,,,,,
34,1,Service_Drycleaning_or_Laundry,,,,,,
34,2,Service_Drycleaning_or_Laundry,,,,,,
34,3,Service_Drycleaning_or_Laundry,,,,,,
34,4,Service_Drycleaning_or_Laundry,,,,,,
34,5,Service_Drycleaning_or_Laundry,,,,,,
34,Aggregated,Service_Drycleaning_or_Laundry,,,,,,
34,Centralized,Service_Drycleaning_or_Laundry,,,,,,
35,0,Service_Drycleaning_or_Laundry,,,,,,
35,1,Service_Drycleaning_or_Laundry,,,,,,
35,2,Service_Drycleaning_or_Laundry,,,,,,
35,3,Service_Drycleaning_or_Laundry,,,,,,
35,4,Service_Drycleaning_or_Laundry,,,,,,
35,5,Service_Drycleaning_or_Laundry,,,,,,
35,Aggregated,Service_Drycleaning_or_Laundry,,,,,,
35,Centralized,Service_Drycleaning_or_Laundry,,,,,,
36,0,Service_Drycleaning_or_Laundry,,,,,,
36,1,Service_Drycleaning_or_Laundry,,,,,,
36,2,Service_Drycleaning_or_Laundry,,,,,,
36,3,Service_Drycleaning_or_Laundry,,,,,,
36,4,Service_Drycleaning_or_Laundry,,,,,,
36,5,Service_Drycleaning_or_Laundry,,,,,,
36,Aggregated,Service_Drycleaning_or_Laundry,,,,,,
36,Centralized,Service_Drycleaning_or_Laundry,,,,,,
37,0,Service_Drycleaning_or_Laundry,,,,,,
37,1,Service_Drycleaning_or_Laundry,,,,,,
37,2,Service_Drycleaning_or_Laundry,,,,,,
37,3,Service_Drycleaning_or_Laundry,,,,,,
37,4,Service_Drycleaning_or_Laundry,,,,,,
37,5,Service_Drycleaning_or_Laundry,,,,,,
37,Aggregated,Service_Drycleaning_or_Laundry,,,,,,
37,Centralized,Service_Drycleaning_or_Laundry,,,,,,
38,0,Service_Drycleaning_or_Laundry,,,,,,
38,1,Service_Drycleaning_or_Laundry,,,,,,
38,2,Service_Drycleaning_or_Laundry,,,,,,
38,3,Service_Drycleaning_or_Laundry,,,,,,
38,4,Service_Drycleaning_or_Laundry,,,,,,
38,5,Service_Drycleaning_or_Laundry,,,,,,
38,Aggregated,Service_Drycleaning_or_Laundry,,,,,,
38,Centralized,Service_Drycleaning_or_Laundry,,,,,,
39,0,Service_Drycleaning_or_Laundry,,,,,,
39,1,Service_Drycleaning_or_Laundry,,,,,,
39,2,Service_Drycleaning_or_Laundry,,,,,,
39,3,Service_Drycleaning_or_Laundry,,,,,,
39,4,Service_Drycleaning_or_Laundry,,,,,,
39,5,Service_Drycleaning_or_Laundry,,,,,,
39,Aggregated,Service_Drycleaning_or_Laundry,,,,,,
39,Centralized,Service_Drycleaning_or_Laundry,,,,,,
40,0,Service_Drycleaning_or_Laundry,,,,,,
40,1,Service_Drycleaning_or_Laundry,,,,,,
40,2,Service_Drycleaning_or_Laundry,,,,,,
40,3,Service_Drycleaning_or_Laundry,,,,,,
40,4,Service_Drycleaning_or_Laundry,,,,,,
40,5,Service_Drycleaning_or_Laundry,,,,,,
40,Aggregated,Service_Drycleaning_or_Laundry,,,,,,
40,Centralized,Service_Drycleaning_or_Laundry,,,,,,
41,0,Service_Drycleaning_or_Laundry,,,,,,
41,1,Service_Drycleaning_or_Laundry,,,,,,
41,2,Service_Drycleaning_or_Laundry,,,,,,
41,3,Service_Drycleaning_or_Laundry,,,,,,
41,4,Service_Drycleaning_or_Laundry,,,,,,
41,5,Service_Drycleaning_or_Laundry,,,,,,
41,Aggregated,Service_Drycleaning_or_Laundry,,,,,,
41,Centralized,Service_Drycleaning_or_Laundry,,,,,,
42,0,Service_Drycleaning_or_Laundry,,,,,,
42,1,Service_Drycleaning_or_Laundry,,,,,,
42,2,Service_Drycleaning_or_Laundry,,,,,,
42,3,Service_Drycleaning_or_Laundry,,,,,,
42,4,Service_Drycleaning_or_Laundry,,,,,,
42,5,Service_Drycleaning_or_Laundry,,,,,,
42,Aggregated,Service_Drycleaning_or_Laundry,,,,,,
42,Centralized,Service_Drycleaning_or_Laundry,,,,,,
43,0,Service_Drycleaning_or_Laundry,,,,,,
43,1,Service_Drycleaning_or_Laundry,,,,,,
43,2,Service_Drycleaning_or_Laundry,,,,,,
43,3,Service_Drycleaning_or_Laundry,,,,,,
43,4,Service_Drycleaning_or_Laundry,,,,,,
43,5,Service_Drycleaning_or_Laundry,,,,,,
43,Aggregated,Service_Drycleaning_or_Laundry,,,,,,
43,Centralized,Service_Drycleaning_or_Laundry,,,,,,
44,0,Service_Drycleaning_or_Laundry,,,,,,
44,1,Service_Drycleaning_or_Laundry,,,,,,
44,2,Service_Drycleaning_or_Laundry,,,,,,
44,3,Service_Drycleaning_or_Laundry,,,,,,
44,4,Service_Drycleaning_or_Laundry,,,,,,
44,5,Service_Drycleaning_or_Laundry,,,,,,
44,Aggregated,Service_Drycleaning_or_Laundry,,,,,,
44,Centralized,Service_Drycleaning_or_Laundry,,,,,,
45,0,Service_Drycleaning_or_Laundry,,,,,,
45,1,Service_Drycleaning_or_Laundry,,,,,,
45,2,Service_Drycleaning_or_Laundry,,,,,,
45,3,Service_Drycleaning_or_Laundry,,,,,,
45,4,Service_Drycleaning_or_Laundry,,,,,,
45,5,Service_Drycleaning_or_Laundry,,,,,,
45,Aggregated,Service_Drycleaning_or_Laundry,,,,,,
45,Centralized,Service_Drycleaning_or_Laundry,,,,,,
46,0,Service_Drycleaning_or_Laundry,,,,,,
46,1,Service_Drycleaning_or_Laundry,,,,,,
46,2,Service_Drycleaning_or_Laundry,,,,,,
46,3,Service_Drycleaning_or_Laundry,,,,,,
46,4,Service_Drycleaning_or_Laundry,,,,,,
46,5,Service_Drycleaning_or_Laundry,,,,,,
46,Aggregated,Service_Drycleaning_or_Laundry,,,,,,
46,Centralized,Service_Drycleaning_or_Laundry,,,,,,
47,0,Service_Drycleaning_or_Laundry,,,,,,
47,1,Service_Drycleaning_or_Laundry,,,,,,
47,2,Service_Drycleaning_or_Laundry,,,,,,
47,3,Service_Drycleaning_or_Laundry,,,,,,
47,4,Service_Drycleaning_or_Laundry,,,,,,
47,5,Service_Drycleaning_or_Laundry,,,,,,
47,Aggregated,Service_Drycleaning_or_Laundry,,,,,,
47,Centralized,Service_Drycleaning_or_Laundry,,,,,,
48,0,Service_Drycleaning_or_Laundry,,,,,,
48,1,Service_Drycleaning_or_Laundry,,,,,,
48,2,Service_Drycleaning_or_Laundry,,,,,,
48,3,Service_Drycleaning_or_Laundry,,,,,,
48,4,Service_Drycleaning_or_Laundry,,,,,,
48,5,Service_Drycleaning_or_Laundry,,,,,,
48,Aggregated,Service_Drycleaning_or_Laundry,,,,,,
48,Centralized,Service_Drycleaning_or_Laundry,,,,,,
49,0,Service_Drycleaning_or_Laundry,,,,,,
49,1,Service_Drycleaning_or_Laundry,,,,,,
49,2,Service_Drycleaning_or_Laundry,,,,,,
49,3,Service_Drycleaning_or_Laundry,,,,,,
49,4,Service_Drycleaning_or_Laundry,,,,,,
49,5,Service_Drycleaning_or_Laundry,,,,,,
49,Aggregated,Service_Drycleaning_or_Laundry,,,,,,
49,Centralized,Service_Drycleaning_or_Laundry,,,,,,
50,0,Service_Drycleaning_or_Laundry,,,,,,
50,1,Service_Drycleaning_or_Laundry,,,,,,
50,2,Service_Drycleaning_or_Laundry,,,,,,
50,3,Service_Drycleaning_or_Laundry,,,,,,
50,4,Service_Drycleaning_or_Laundry,,,,,,
50,5,Service_Drycleaning_or_Laundry,,,,,,
50,Aggregated,Service_Drycleaning_or_Laundry,,,,,,
50,Centralized,Service_Drycleaning_or_Laundry,,,,,,
0,0,Public_Assembly_Movie_Theater,,,,,,
0,1,Public_Assembly_Movie_Theater,,,,,,
0,2,Public_Assembly_Movie_Theater,,,,,,
0,3,Public_Assembly_Movie_Theater,,,,,,
0,4,Public_Assembly_Movie_Theater,,,,,,
0,5,Public_Assembly_Movie_Theater,,,,,,
0,Aggregated,Public_Assembly_Movie_Theater,,,,,,
0,Centralized,Public_Assembly_Movie_Theater,,,,,,
1,0,Public_Assembly_Movie_Theater,,,,,,
1,1,Public_Assembly_Movie_Theater,,,,,,
1,2,Public_Assembly_Movie_Theater,,,,,,
1,3,Public_Assembly_Movie_Theater,,,,,,
1,4,Public_Assembly_Movie_Theater,,,,,,
1,5,Public_Assembly_Movie_Theater,,,,,,
1,Aggregated,Public_Assembly_Movie_Theater,,,,,,
1,Centralized,Public_Assembly_Movie_Theater,,,,,,
2,0,Public_Assembly_Movie_Theater,,,,,,
2,1,Public_Assembly_Movie_Theater,,,,,,
2,2,Public_Assembly_Movie_Theater,,,,,,
2,3,Public_Assembly_Movie_Theater,,,,,,
2,4,Public_Assembly_Movie_Theater,,,,,,
2,5,Public_Assembly_Movie_Theater,,,,,,
2,Aggregated,Public_Assembly_Movie_Theater,,,,,,
2,Centralized,Public_Assembly_Movie_Theater,,,,,,
3,0,Public_Assembly_Movie_Theater,,,,,,
3,1,Public_Assembly_Movie_Theater,,,,,,
3,2,Public_Assembly_Movie_Theater,,,,,,
3,3,Public_Assembly_Movie_Theater,,,,,,
3,4,Public_Assembly_Movie_Theater,,,,,,
3,5,Public_Assembly_Movie_Theater,,,,,,
3,Aggregated,Public_Assembly_Movie_Theater,,,,,,
3,Centralized,Public_Assembly_Movie_Theater,,,,,,
4,0,Public_Assembly_Movie_Theater,,,,,,
4,1,Public_Assembly_Movie_Theater,,,,,,
4,2,Public_Assembly_Movie_Theater,,,,,,
4,3,Public_Assembly_Movie_Theater,,,,,,
4,4,Public_Assembly_Movie_Theater,,,,,,
4,5,Public_Assembly_Movie_Theater,,,,,,
4,Aggregated,Public_Assembly_Movie_Theater,,,,,,
4,Centralized,Public_Assembly_Movie_Theater,,,,,,
5,0,Public_Assembly_Movie_Theater,,,,,,
5,1,Public_Assembly_Movie_Theater,,,,,,
5,2,Public_Assembly_Movie_Theater,,,,,,
5,3,Public_Assembly_Movie_Theater,,,,,,
5,4,Public_Assembly_Movie_Theater,,,,,,
5,5,Public_Assembly_Movie_Theater,,,,,,
5,Aggregated,Public_Assembly_Movie_Theater,,,,,,
5,Centralized,Public_Assembly_Movie_Theater,,,,,,
6,0,Public_Assembly_Movie_Theater,,,,,,
6,1,Public_Assembly_Movie_Theater,,,,,,
6,2,Public_Assembly_Movie_Theater,,,,,,
6,3,Public_Assembly_Movie_Theater,,,,,,
6,4,Public_Assembly_Movie_Theater,,,,,,
6,5,Public_Assembly_Movie_Theater,,,,,,
6,Aggregated,Public_Assembly_Movie_Theater,,,,,,
6,Centralized,Public_Assembly_Movie_Theater,,,,,,
7,0,Public_Assembly_Movie_Theater,,,,,,
7,1,Public_Assembly_Movie_Theater,,,,,,
7,2,Public_Assembly_Movie_Theater,,,,,,
7,3,Public_Assembly_Movie_Theater,,,,,,
7,4,Public_Assembly_Movie_Theater,,,,,,
7,5,Public_Assembly_Movie_Theater,,,,,,
7,Aggregated,Public_Assembly_Movie_Theater,,,,,,
7,Centralized,Public_Assembly_Movie_Theater,,,,,,
8,0,Public_Assembly_Movie_Theater,,,,,,
8,1,Public_Assembly_Movie_Theater,,,,,,
8,2,Public_Assembly_Movie_Theater,,,,,,
8,3,Public_Assembly_Movie_Theater,,,,,,
8,4,Public_Assembly_Movie_Theater,,,,,,
8,5,Public_Assembly_Movie_Theater,,,,,,
8,Aggregated,Public_Assembly_Movie_Theater,,,,,,
8,Centralized,Public_Assembly_Movie_Theater,,,,,,
9,0,Public_Assembly_Movie_Theater,,,,,,
9,1,Public_Assembly_Movie_Theater,,,,,,
9,2,Public_Assembly_Movie_Theater,,,,,,
9,3,Public_Assembly_Movie_Theater,,,,,,
9,4,Public_Assembly_Movie_Theater,,,,,,
9,5,Public_Assembly_Movie_Theater,,,,,,
9,Aggregated,Public_Assembly_Movie_Theater,,,,,,
9,Centralized,Public_Assembly_Movie_Theater,,,,,,
10,0,Public_Assembly_Movie_Theater,,,,,,
10,1,Public_Assembly_Movie_Theater,,,,,,
10,2,Public_Assembly_Movie_Theater,,,,,,
10,3,Public_Assembly_Movie_Theater,,,,,,
10,4,Public_Assembly_Movie_Theater,,,,,,
10,5,Public_Assembly_Movie_Theater,,,,,,
10,Aggregated,Public_Assembly_Movie_Theater,,,,,,
10,Centralized,Public_Assembly_Movie_Theater,,,,,,
11,0,Public_Assembly_Movie_Theater,,,,,,
11,1,Public_Assembly_Movie_Theater,,,,,,
11,2,Public_Assembly_Movie_Theater,,,,,,
11,3,Public_Assembly_Movie_Theater,,,,,,
11,4,Public_Assembly_Movie_Theater,,,,,,
11,5,Public_Assembly_Movie_Theater,,,,,,
11,Aggregated,Public_Assembly_Movie_Theater,,,,,,
11,Centralized,Public_Assembly_Movie_Theater,,,,,,
12,0,Public_Assembly_Movie_Theater,,,,,,
12,1,Public_Assembly_Movie_Theater,,,,,,
12,2,Public_Assembly_Movie_Theater,,,,,,
12,3,Public_Assembly_Movie_Theater,,,,,,
12,4,Public_Assembly_Movie_Theater,,,,,,
12,5,Public_Assembly_Movie_Theater,,,,,,
12,Aggregated,Public_Assembly_Movie_Theater,,,,,,
12,Centralized,Public_Assembly_Movie_Theater,,,,,,
13,0,Public_Assembly_Movie_Theater,,,,,,
13,1,Public_Assembly_Movie_Theater,,,,,,
13,2,Public_Assembly_Movie_Theater,,,,,,
13,3,Public_Assembly_Movie_Theater,,,,,,
13,4,Public_Assembly_Movie_Theater,,,,,,
13,5,Public_Assembly_Movie_Theater,,,,,,
13,Aggregated,Public_Assembly_Movie_Theater,,,,,,
13,Centralized,Public_Assembly_Movie_Theater,,,,,,
14,0,Public_Assembly_Movie_Theater,,,,,,
14,1,Public_Assembly_Movie_Theater,,,,,,
14,2,Public_Assembly_Movie_Theater,,,,,,
14,3,Public_Assembly_Movie_Theater,,,,,,
14,4,Public_Assembly_Movie_Theater,,,,,,
14,5,Public_Assembly_Movie_Theater,,,,,,
14,Aggregated,Public_Assembly_Movie_Theater,,,,,,
14,Centralized,Public_Assembly_Movie_Theater,,,,,,
15,0,Public_Assembly_Movie_Theater,,,,,,
15,1,Public_Assembly_Movie_Theater,,,,,,
15,2,Public_Assembly_Movie_Theater,,,,,,
15,3,Public_Assembly_Movie_Theater,,,,,,
15,4,Public_Assembly_Movie_Theater,,,,,,
15,5,Public_Assembly_Movie_Theater,,,,,,
15,Aggregated,Public_Assembly_Movie_Theater,,,,,,
15,Centralized,Public_Assembly_Movie_Theater,,,,,,
16,0,Public_Assembly_Movie_Theater,,,,,,
16,1,Public_Assembly_Movie_Theater,,,,,,
16,2,Public_Assembly_Movie_Theater,,,,,,
16,3,Public_Assembly_Movie_Theater,,,,,,
16,4,Public_Assembly_Movie_Theater,,,,,,
16,5,Public_Assembly_Movie_Theater,,,,,,
16,Aggregated,Public_Assembly_Movie_Theater,,,,,,
16,Centralized,Public_Assembly_Movie_Theater,,,,,,
17,0,Public_Assembly_Movie_Theater,,,,,,
17,1,Public_Assembly_Movie_Theater,,,,,,
17,2,Public_Assembly_Movie_Theater,,,,,,
17,3,Public_Assembly_Movie_Theater,,,,,,
17,4,Public_Assembly_Movie_Theater,,,,,,
17,5,Public_Assembly_Movie_Theater,,,,,,
17,Aggregated,Public_Assembly_Movie_Theater,,,,,,
17,Centralized,Public_Assembly_Movie_Theater,,,,,,
18,0,Public_Assembly_Movie_Theater,,,,,,
18,1,Public_Assembly_Movie_Theater,,,,,,
18,2,Public_Assembly_Movie_Theater,,,,,,
18,3,Public_Assembly_Movie_Theater,,,,,,
18,4,Public_Assembly_Movie_Theater,,,,,,
18,5,Public_Assembly_Movie_Theater,,,,,,
18,Aggregated,Public_Assembly_Movie_Theater,,,,,,
18,Centralized,Public_Assembly_Movie_Theater,,,,,,
19,0,Public_Assembly_Movie_Theater,,,,,,
19,1,Public_Assembly_Movie_Theater,,,,,,
19,2,Public_Assembly_Movie_Theater,,,,,,
19,3,Public_Assembly_Movie_Theater,,,,,,
19,4,Public_Assembly_Movie_Theater,,,,,,
19,5,Public_Assembly_Movie_Theater,,,,,,
19,Aggregated,Public_Assembly_Movie_Theater,,,,,,
19,Centralized,Public_Assembly_Movie_Theater,,,,,,
20,0,Public_Assembly_Movie_Theater,,,,,,
20,1,Public_Assembly_Movie_Theater,,,,,,
20,2,Public_Assembly_Movie_Theater,,,,,,
20,3,Public_Assembly_Movie_Theater,,,,,,
20,4,Public_Assembly_Movie_Theater,,,,,,
20,5,Public_Assembly_Movie_Theater,,,,,,
20,Aggregated,Public_Assembly_Movie_Theater,,,,,,
20,Centralized,Public_Assembly_Movie_Theater,,,,,,
21,0,Public_Assembly_Movie_Theater,,,,,,
21,1,Public_Assembly_Movie_Theater,,,,,,
21,2,Public_Assembly_Movie_Theater,,,,,,
21,3,Public_Assembly_Movie_Theater,,,,,,
21,4,Public_Assembly_Movie_Theater,,,,,,
21,5,Public_Assembly_Movie_Theater,,,,,,
21,Aggregated,Public_Assembly_Movie_Theater,,,,,,
21,Centralized,Public_Assembly_Movie_Theater,,,,,,
22,0,Public_Assembly_Movie_Theater,,,,,,
22,1,Public_Assembly_Movie_Theater,,,,,,
22,2,Public_Assembly_Movie_Theater,,,,,,
22,3,Public_Assembly_Movie_Theater,,,,,,
22,4,Public_Assembly_Movie_Theater,,,,,,
22,5,Public_Assembly_Movie_Theater,,,,,,
22,Aggregated,Public_Assembly_Movie_Theater,,,,,,
22,Centralized,Public_Assembly_Movie_Theater,,,,,,
23,0,Public_Assembly_Movie_Theater,,,,,,
23,1,Public_Assembly_Movie_Theater,,,,,,
23,2,Public_Assembly_Movie_Theater,,,,,,
23,3,Public_Assembly_Movie_Theater,,,,,,
23,4,Public_Assembly_Movie_Theater,,,,,,
23,5,Public_Assembly_Movie_Theater,,,,,,
23,Aggregated,Public_Assembly_Movie_Theater,,,,,,
23,Centralized,Public_Assembly_Movie_Theater,,,,,,
24,0,Public_Assembly_Movie_Theater,,,,,,
24,1,Public_Assembly_Movie_Theater,,,,,,
24,2,Public_Assembly_Movie_Theater,,,,,,
24,3,Public_Assembly_Movie_Theater,,,,,,
24,4,Public_Assembly_Movie_Theater,,,,,,
24,5,Public_Assembly_Movie_Theater,,,,,,
24,Aggregated,Public_Assembly_Movie_Theater,,,,,,
24,Centralized,Public_Assembly_Movie_Theater,,,,,,
25,0,Public_Assembly_Movie_Theater,,,,,,
25,1,Public_Assembly_Movie_Theater,,,,,,
25,2,Public_Assembly_Movie_Theater,,,,,,
25,3,Public_Assembly_Movie_Theater,,,,,,
25,4,Public_Assembly_Movie_Theater,,,,,,
25,5,Public_Assembly_Movie_Theater,,,,,,
25,Aggregated,Public_Assembly_Movie_Theater,,,,,,
25,Centralized,Public_Assembly_Movie_Theater,,,,,,
26,0,Public_Assembly_Movie_Theater,,,,,,
26,1,Public_Assembly_Movie_Theater,,,,,,
26,2,Public_Assembly_Movie_Theater,,,,,,
26,3,Public_Assembly_Movie_Theater,,,,,,
26,4,Public_Assembly_Movie_Theater,,,,,,
26,5,Public_Assembly_Movie_Theater,,,,,,
26,Aggregated,Public_Assembly_Movie_Theater,,,,,,
26,Centralized,Public_Assembly_Movie_Theater,,,,,,
27,0,Public_Assembly_Movie_Theater,,,,,,
27,1,Public_Assembly_Movie_Theater,,,,,,
27,2,Public_Assembly_Movie_Theater,,,,,,
27,3,Public_Assembly_Movie_Theater,,,,,,
27,4,Public_Assembly_Movie_Theater,,,,,,
27,5,Public_Assembly_Movie_Theater,,,,,,
27,Aggregated,Public_Assembly_Movie_Theater,,,,,,
27,Centralized,Public_Assembly_Movie_Theater,,,,,,
28,0,Public_Assembly_Movie_Theater,,,,,,
28,1,Public_Assembly_Movie_Theater,,,,,,
28,2,Public_Assembly_Movie_Theater,,,,,,
28,3,Public_Assembly_Movie_Theater,,,,,,
28,4,Public_Assembly_Movie_Theater,,,,,,
28,5,Public_Assembly_Movie_Theater,,,,,,
28,Aggregated,Public_Assembly_Movie_Theater,,,,,,
28,Centralized,Public_Assembly_Movie_Theater,,,,,,
29,0,Public_Assembly_Movie_Theater,,,,,,
29,1,Public_Assembly_Movie_Theater,,,,,,
29,2,Public_Assembly_Movie_Theater,,,,,,
29,3,Public_Assembly_Movie_Theater,,,,,,
29,4,Public_Assembly_Movie_Theater,,,,,,
29,5,Public_Assembly_Movie_Theater,,,,,,
29,Aggregated,Public_Assembly_Movie_Theater,,,,,,
29,Centralized,Public_Assembly_Movie_Theater,,,,,,
30,0,Public_Assembly_Movie_Theater,,,,,,
30,1,Public_Assembly_Movie_Theater,,,,,,
30,2,Public_Assembly_Movie_Theater,,,,,,
30,3,Public_Assembly_Movie_Theater,,,,,,
30,4,Public_Assembly_Movie_Theater,,,,,,
30,5,Public_Assembly_Movie_Theater,,,,,,
30,Aggregated,Public_Assembly_Movie_Theater,,,,,,
30,Centralized,Public_Assembly_Movie_Theater,,,,,,
31,0,Public_Assembly_Movie_Theater,,,,,,
31,1,Public_Assembly_Movie_Theater,,,,,,
31,2,Public_Assembly_Movie_Theater,,,,,,
31,3,Public_Assembly_Movie_Theater,,,,,,
31,4,Public_Assembly_Movie_Theater,,,,,,
31,5,Public_Assembly_Movie_Theater,,,,,,
31,Aggregated,Public_Assembly_Movie_Theater,,,,,,
31,Centralized,Public_Assembly_Movie_Theater,,,,,,
32,0,Public_Assembly_Movie_Theater,,,,,,
32,1,Public_Assembly_Movie_Theater,,,,,,
32,2,Public_Assembly_Movie_Theater,,,,,,
32,3,Public_Assembly_Movie_Theater,,,,,,
32,4,Public_Assembly_Movie_Theater,,,,,,
32,5,Public_Assembly_Movie_Theater,,,,,,
32,Aggregated,Public_Assembly_Movie_Theater,,,,,,
32,Centralized,Public_Assembly_Movie_Theater,,,,,,
33,0,Public_Assembly_Movie_Theater,,,,,,
33,1,Public_Assembly_Movie_Theater,,,,,,
33,2,Public_Assembly_Movie_Theater,,,,,,
33,3,Public_Assembly_Movie_Theater,,,,,,
33,4,Public_Assembly_Movie_Theater,,,,,,
33,5,Public_Assembly_Movie_Theater,,,,,,
33,Aggregated,Public_Assembly_Movie_Theater,,,,,,
33,Centralized,Public_Assembly_Movie_Theater,,,,,,
34,0,Public_Assembly_Movie_Theater,,,,,,
34,1,Public_Assembly_Movie_Theater,,,,,,
34,2,Public_Assembly_Movie_Theater,,,,,,
34,3,Public_Assembly_Movie_Theater,,,,,,
34,4,Public_Assembly_Movie_Theater,,,,,,
34,5,Public_Assembly_Movie_Theater,,,,,,
34,Aggregated,Public_Assembly_Movie_Theater,,,,,,
34,Centralized,Public_Assembly_Movie_Theater,,,,,,
35,0,Public_Assembly_Movie_Theater,,,,,,
35,1,Public_Assembly_Movie_Theater,,,,,,
35,2,Public_Assembly_Movie_Theater,,,,,,
35,3,Public_Assembly_Movie_Theater,,,,,,
35,4,Public_Assembly_Movie_Theater,,,,,,
35,5,Public_Assembly_Movie_Theater,,,,,,
35,Aggregated,Public_Assembly_Movie_Theater,,,,,,
35,Centralized,Public_Assembly_Movie_Theater,,,,,,
36,0,Public_Assembly_Movie_Theater,,,,,,
36,1,Public_Assembly_Movie_Theater,,,,,,
36,2,Public_Assembly_Movie_Theater,,,,,,
36,3,Public_Assembly_Movie_Theater,,,,,,
36,4,Public_Assembly_Movie_Theater,,,,,,
36,5,Public_Assembly_Movie_Theater,,,,,,
36,Aggregated,Public_Assembly_Movie_Theater,,,,,,
36,Centralized,Public_Assembly_Movie_Theater,,,,,,
37,0,Public_Assembly_Movie_Theater,,,,,,
37,1,Public_Assembly_Movie_Theater,,,,,,
37,2,Public_Assembly_Movie_Theater,,,,,,
37,3,Public_Assembly_Movie_Theater,,,,,,
37,4,Public_Assembly_Movie_Theater,,,,,,
37,5,Public_Assembly_Movie_Theater,,,,,,
37,Aggregated,Public_Assembly_Movie_Theater,,,,,,
37,Centralized,Public_Assembly_Movie_Theater,,,,,,
38,0,Public_Assembly_Movie_Theater,,,,,,
38,1,Public_Assembly_Movie_Theater,,,,,,
38,2,Public_Assembly_Movie_Theater,,,,,,
38,3,Public_Assembly_Movie_Theater,,,,,,
38,4,Public_Assembly_Movie_Theater,,,,,,
38,5,Public_Assembly_Movie_Theater,,,,,,
38,Aggregated,Public_Assembly_Movie_Theater,,,,,,
38,Centralized,Public_Assembly_Movie_Theater,,,,,,
39,0,Public_Assembly_Movie_Theater,,,,,,
39,1,Public_Assembly_Movie_Theater,,,,,,
39,2,Public_Assembly_Movie_Theater,,,,,,
39,3,Public_Assembly_Movie_Theater,,,,,,
39,4,Public_Assembly_Movie_Theater,,,,,,
39,5,Public_Assembly_Movie_Theater,,,,,,
39,Aggregated,Public_Assembly_Movie_Theater,,,,,,
39,Centralized,Public_Assembly_Movie_Theater,,,,,,
40,0,Public_Assembly_Movie_Theater,,,,,,
40,1,Public_Assembly_Movie_Theater,,,,,,
40,2,Public_Assembly_Movie_Theater,,,,,,
40,3,Public_Assembly_Movie_Theater,,,,,,
40,4,Public_Assembly_Movie_Theater,,,,,,
40,5,Public_Assembly_Movie_Theater,,,,,,
40,Aggregated,Public_Assembly_Movie_Theater,,,,,,
40,Centralized,Public_Assembly_Movie_Theater,,,,,,
41,0,Public_Assembly_Movie_Theater,,,,,,
41,1,Public_Assembly_Movie_Theater,,,,,,
41,2,Public_Assembly_Movie_Theater,,,,,,
41,3,Public_Assembly_Movie_Theater,,,,,,
41,4,Public_Assembly_Movie_Theater,,,,,,
41,5,Public_Assembly_Movie_Theater,,,,,,
41,Aggregated,Public_Assembly_Movie_Theater,,,,,,
41,Centralized,Public_Assembly_Movie_Theater,,,,,,
42,0,Public_Assembly_Movie_Theater,,,,,,
42,1,Public_Assembly_Movie_Theater,,,,,,
42,2,Public_Assembly_Movie_Theater,,,,,,
42,3,Public_Assembly_Movie_Theater,,,,,,
42,4,Public_Assembly_Movie_Theater,,,,,,
42,5,Public_Assembly_Movie_Theater,,,,,,
42,Aggregated,Public_Assembly_Movie_Theater,,,,,,
42,Centralized,Public_Assembly_Movie_Theater,,,,,,
43,0,Public_Assembly_Movie_Theater,,,,,,
43,1,Public_Assembly_Movie_Theater,,,,,,
43,2,Public_Assembly_Movie_Theater,,,,,,
43,3,Public_Assembly_Movie_Theater,,,,,,
43,4,Public_Assembly_Movie_Theater,,,,,,
43,5,Public_Assembly_Movie_Theater,,,,,,
43,Aggregated,Public_Assembly_Movie_Theater,,,,,,
43,Centralized,Public_Assembly_Movie_Theater,,,,,,
44,0,Public_Assembly_Movie_Theater,,,,,,
44,1,Public_Assembly_Movie_Theater,,,,,,
44,2,Public_Assembly_Movie_Theater,,,,,,
44,3,Public_Assembly_Movie_Theater,,,,,,
44,4,Public_Assembly_Movie_Theater,,,,,,
44,5,Public_Assembly_Movie_Theater,,,,,,
44,Aggregated,Public_Assembly_Movie_Theater,,,,,,
44,Centralized,Public_Assembly_Movie_Theater,,,,,,
45,0,Public_Assembly_Movie_Theater,,,,,,
45,1,Public_Assembly_Movie_Theater,,,,,,
45,2,Public_Assembly_Movie_Theater,,,,,,
45,3,Public_Assembly_Movie_Theater,,,,,,
45,4,Public_Assembly_Movie_Theater,,,,,,
45,5,Public_Assembly_Movie_Theater,,,,,,
45,Aggregated,Public_Assembly_Movie_Theater,,,,,,
45,Centralized,Public_Assembly_Movie_Theater,,,,,,
46,0,Public_Assembly_Movie_Theater,,,,,,
46,1,Public_Assembly_Movie_Theater,,,,,,
46,2,Public_Assembly_Movie_Theater,,,,,,
46,3,Public_Assembly_Movie_Theater,,,,,,
46,4,Public_Assembly_Movie_Theater,,,,,,
46,5,Public_Assembly_Movie_Theater,,,,,,
46,Aggregated,Public_Assembly_Movie_Theater,,,,,,
46,Centralized,Public_Assembly_Movie_Theater,,,,,,
47,0,Public_Assembly_Movie_Theater,,,,,,
47,1,Public_Assembly_Movie_Theater,,,,,,
47,2,Public_Assembly_Movie_Theater,,,,,,
47,3,Public_Assembly_Movie_Theater,,,,,,
47,4,Public_Assembly_Movie_Theater,,,,,,
47,5,Public_Assembly_Movie_Theater,,,,,,
47,Aggregated,Public_Assembly_Movie_Theater,,,,,,
47,Centralized,Public_Assembly_Movie_Theater,,,,,,
48,0,Public_Assembly_Movie_Theater,,,,,,
48,1,Public_Assembly_Movie_Theater,,,,,,
48,2,Public_Assembly_Movie_Theater,,,,,,
48,3,Public_Assembly_Movie_Theater,,,,,,
48,4,Public_Assembly_Movie_Theater,,,,,,
48,5,Public_Assembly_Movie_Theater,,,,,,
48,Aggregated,Public_Assembly_Movie_Theater,,,,,,
48,Centralized,Public_Assembly_Movie_Theater,,,,,,
49,0,Public_Assembly_Movie_Theater,,,,,,
49,1,Public_Assembly_Movie_Theater,,,,,,
49,2,Public_Assembly_Movie_Theater,,,,,,
49,3,Public_Assembly_Movie_Theater,,,,,,
49,4,Public_Assembly_Movie_Theater,,,,,,
49,5,Public_Assembly_Movie_Theater,,,,,,
49,Aggregated,Public_Assembly_Movie_Theater,,,,,,
49,Centralized,Public_Assembly_Movie_Theater,,,,,,
50,0,Public_Assembly_Movie_Theater,,,,,,
50,1,Public_Assembly_Movie_Theater,,,,,,
50,2,Public_Assembly_Movie_Theater,,,,,,
50,3,Public_Assembly_Movie_Theater,,,,,,
50,4,Public_Assembly_Movie_Theater,,,,,,
50,5,Public_Assembly_Movie_Theater,,,,,,
50,Aggregated,Public_Assembly_Movie_Theater,,,,,,
50,Centralized,Public_Assembly_Movie_Theater,,,,,,
0,0,Food_Service_Other,,,,,,
0,1,Food_Service_Other,,,,,,
0,2,Food_Service_Other,,,,,,
0,3,Food_Service_Other,,,,,,
0,4,Food_Service_Other,,,,,,
0,5,Food_Service_Other,,,,,,
0,Aggregated,Food_Service_Other,,,,,,
0,Centralized,Food_Service_Other,,,,,,
1,0,Food_Service_Other,,,,,,
1,1,Food_Service_Other,,,,,,
1,2,Food_Service_Other,,,,,,
1,3,Food_Service_Other,,,,,,
1,4,Food_Service_Other,,,,,,
1,5,Food_Service_Other,,,,,,
1,Aggregated,Food_Service_Other,,,,,,
1,Centralized,Food_Service_Other,,,,,,
2,0,Food_Service_Other,,,,,,
2,1,Food_Service_Other,,,,,,
2,2,Food_Service_Other,,,,,,
2,3,Food_Service_Other,,,,,,
2,4,Food_Service_Other,,,,,,
2,5,Food_Service_Other,,,,,,
2,Aggregated,Food_Service_Other,,,,,,
2,Centralized,Food_Service_Other,,,,,,
3,0,Food_Service_Other,,,,,,
3,1,Food_Service_Other,,,,,,
3,2,Food_Service_Other,,,,,,
3,3,Food_Service_Other,,,,,,
3,4,Food_Service_Other,,,,,,
3,5,Food_Service_Other,,,,,,
3,Aggregated,Food_Service_Other,,,,,,
3,Centralized,Food_Service_Other,,,,,,
4,0,Food_Service_Other,,,,,,
4,1,Food_Service_Other,,,,,,
4,2,Food_Service_Other,,,,,,
4,3,Food_Service_Other,,,,,,
4,4,Food_Service_Other,,,,,,
4,5,Food_Service_Other,,,,,,
4,Aggregated,Food_Service_Other,,,,,,
4,Centralized,Food_Service_Other,,,,,,
5,0,Food_Service_Other,,,,,,
5,1,Food_Service_Other,,,,,,
5,2,Food_Service_Other,,,,,,
5,3,Food_Service_Other,,,,,,
5,4,Food_Service_Other,,,,,,
5,5,Food_Service_Other,,,,,,
5,Aggregated,Food_Service_Other,,,,,,
5,Centralized,Food_Service_Other,,,,,,
6,0,Food_Service_Other,,,,,,
6,1,Food_Service_Other,,,,,,
6,2,Food_Service_Other,,,,,,
6,3,Food_Service_Other,,,,,,
6,4,Food_Service_Other,,,,,,
6,5,Food_Service_Other,,,,,,
6,Aggregated,Food_Service_Other,,,,,,
6,Centralized,Food_Service_Other,,,,,,
7,0,Food_Service_Other,,,,,,
7,1,Food_Service_Other,,,,,,
7,2,Food_Service_Other,,,,,,
7,3,Food_Service_Other,,,,,,
7,4,Food_Service_Other,,,,,,
7,5,Food_Service_Other,,,,,,
7,Aggregated,Food_Service_Other,,,,,,
7,Centralized,Food_Service_Other,,,,,,
8,0,Food_Service_Other,,,,,,
8,1,Food_Service_Other,,,,,,
8,2,Food_Service_Other,,,,,,
8,3,Food_Service_Other,,,,,,
8,4,Food_Service_Other,,,,,,
8,5,Food_Service_Other,,,,,,
8,Aggregated,Food_Service_Other,,,,,,
8,Centralized,Food_Service_Other,,,,,,
9,0,Food_Service_Other,,,,,,
9,1,Food_Service_Other,,,,,,
9,2,Food_Service_Other,,,,,,
9,3,Food_Service_Other,,,,,,
9,4,Food_Service_Other,,,,,,
9,5,Food_Service_Other,,,,,,
9,Aggregated,Food_Service_Other,,,,,,
9,Centralized,Food_Service_Other,,,,,,
10,0,Food_Service_Other,,,,,,
10,1,Food_Service_Other,,,,,,
10,2,Food_Service_Other,,,,,,
10,3,Food_Service_Other,,,,,,
10,4,Food_Service_Other,,,,,,
10,5,Food_Service_Other,,,,,,
10,Aggregated,Food_Service_Other,,,,,,
10,Centralized,Food_Service_Other,,,,,,
11,0,Food_Service_Other,,,,,,
11,1,Food_Service_Other,,,,,,
11,2,Food_Service_Other,,,,,,
11,3,Food_Service_Other,,,,,,
11,4,Food_Service_Other,,,,,,
11,5,Food_Service_Other,,,,,,
11,Aggregated,Food_Service_Other,,,,,,
11,Centralized,Food_Service_Other,,,,,,
12,0,Food_Service_Other,,,,,,
12,1,Food_Service_Other,,,,,,
12,2,Food_Service_Other,,,,,,
12,3,Food_Service_Other,,,,,,
12,4,Food_Service_Other,,,,,,
12,5,Food_Service_Other,,,,,,
12,Aggregated,Food_Service_Other,,,,,,
12,Centralized,Food_Service_Other,,,,,,
13,0,Food_Service_Other,,,,,,
13,1,Food_Service_Other,,,,,,
13,2,Food_Service_Other,,,,,,
13,3,Food_Service_Other,,,,,,
13,4,Food_Service_Other,,,,,,
13,5,Food_Service_Other,,,,,,
13,Aggregated,Food_Service_Other,,,,,,
13,Centralized,Food_Service_Other,,,,,,
14,0,Food_Service_Other,,,,,,
14,1,Food_Service_Other,,,,,,
14,2,Food_Service_Other,,,,,,
14,3,Food_Service_Other,,,,,,
14,4,Food_Service_Other,,,,,,
14,5,Food_Service_Other,,,,,,
14,Aggregated,Food_Service_Other,,,,,,
14,Centralized,Food_Service_Other,,,,,,
15,0,Food_Service_Other,,,,,,
15,1,Food_Service_Other,,,,,,
15,2,Food_Service_Other,,,,,,
15,3,Food_Service_Other,,,,,,
15,4,Food_Service_Other,,,,,,
15,5,Food_Service_Other,,,,,,
15,Aggregated,Food_Service_Other,,,,,,
15,Centralized,Food_Service_Other,,,,,,
16,0,Food_Service_Other,,,,,,
16,1,Food_Service_Other,,,,,,
16,2,Food_Service_Other,,,,,,
16,3,Food_Service_Other,,,,,,
16,4,Food_Service_Other,,,,,,
16,5,Food_Service_Other,,,,,,
16,Aggregated,Food_Service_Other,,,,,,
16,Centralized,Food_Service_Other,,,,,,
17,0,Food_Service_Other,,,,,,
17,1,Food_Service_Other,,,,,,
17,2,Food_Service_Other,,,,,,
17,3,Food_Service_Other,,,,,,
17,4,Food_Service_Other,,,,,,
17,5,Food_Service_Other,,,,,,
17,Aggregated,Food_Service_Other,,,,,,
17,Centralized,Food_Service_Other,,,,,,
18,0,Food_Service_Other,,,,,,
18,1,Food_Service_Other,,,,,,
18,2,Food_Service_Other,,,,,,
18,3,Food_Service_Other,,,,,,
18,4,Food_Service_Other,,,,,,
18,5,Food_Service_Other,,,,,,
18,Aggregated,Food_Service_Other,,,,,,
18,Centralized,Food_Service_Other,,,,,,
19,0,Food_Service_Other,,,,,,
19,1,Food_Service_Other,,,,,,
19,2,Food_Service_Other,,,,,,
19,3,Food_Service_Other,,,,,,
19,4,Food_Service_Other,,,,,,
19,5,Food_Service_Other,,,,,,
19,Aggregated,Food_Service_Other,,,,,,
19,Centralized,Food_Service_Other,,,,,,
20,0,Food_Service_Other,,,,,,
20,1,Food_Service_Other,,,,,,
20,2,Food_Service_Other,,,,,,
20,3,Food_Service_Other,,,,,,
20,4,Food_Service_Other,,,,,,
20,5,Food_Service_Other,,,,,,
20,Aggregated,Food_Service_Other,,,,,,
20,Centralized,Food_Service_Other,,,,,,
21,0,Food_Service_Other,,,,,,
21,1,Food_Service_Other,,,,,,
21,2,Food_Service_Other,,,,,,
21,3,Food_Service_Other,,,,,,
21,4,Food_Service_Other,,,,,,
21,5,Food_Service_Other,,,,,,
21,Aggregated,Food_Service_Other,,,,,,
21,Centralized,Food_Service_Other,,,,,,
22,0,Food_Service_Other,,,,,,
22,1,Food_Service_Other,,,,,,
22,2,Food_Service_Other,,,,,,
22,3,Food_Service_Other,,,,,,
22,4,Food_Service_Other,,,,,,
22,5,Food_Service_Other,,,,,,
22,Aggregated,Food_Service_Other,,,,,,
22,Centralized,Food_Service_Other,,,,,,
23,0,Food_Service_Other,,,,,,
23,1,Food_Service_Other,,,,,,
23,2,Food_Service_Other,,,,,,
23,3,Food_Service_Other,,,,,,
23,4,Food_Service_Other,,,,,,
23,5,Food_Service_Other,,,,,,
23,Aggregated,Food_Service_Other,,,,,,
23,Centralized,Food_Service_Other,,,,,,
24,0,Food_Service_Other,,,,,,
24,1,Food_Service_Other,,,,,,
24,2,Food_Service_Other,,,,,,
24,3,Food_Service_Other,,,,,,
24,4,Food_Service_Other,,,,,,
24,5,Food_Service_Other,,,,,,
24,Aggregated,Food_Service_Other,,,,,,
24,Centralized,Food_Service_Other,,,,,,
25,0,Food_Service_Other,,,,,,
25,1,Food_Service_Other,,,,,,
25,2,Food_Service_Other,,,,,,
25,3,Food_Service_Other,,,,,,
25,4,Food_Service_Other,,,,,,
25,5,Food_Service_Other,,,,,,
25,Aggregated,Food_Service_Other,,,,,,
25,Centralized,Food_Service_Other,,,,,,
26,0,Food_Service_Other,,,,,,
26,1,Food_Service_Other,,,,,,
26,2,Food_Service_Other,,,,,,
26,3,Food_Service_Other,,,,,,
26,4,Food_Service_Other,,,,,,
26,5,Food_Service_Other,,,,,,
26,Aggregated,Food_Service_Other,,,,,,
26,Centralized,Food_Service_Other,,,,,,
27,0,Food_Service_Other,,,,,,
27,1,Food_Service_Other,,,,,,
27,2,Food_Service_Other,,,,,,
27,3,Food_Service_Other,,,,,,
27,4,Food_Service_Other,,,,,,
27,5,Food_Service_Other,,,,,,
27,Aggregated,Food_Service_Other,,,,,,
27,Centralized,Food_Service_Other,,,,,,
28,0,Food_Service_Other,,,,,,
28,1,Food_Service_Other,,,,,,
28,2,Food_Service_Other,,,,,,
28,3,Food_Service_Other,,,,,,
28,4,Food_Service_Other,,,,,,
28,5,Food_Service_Other,,,,,,
28,Aggregated,Food_Service_Other,,,,,,
28,Centralized,Food_Service_Other,,,,,,
29,0,Food_Service_Other,,,,,,
29,1,Food_Service_Other,,,,,,
29,2,Food_Service_Other,,,,,,
29,3,Food_Service_Other,,,,,,
29,4,Food_Service_Other,,,,,,
29,5,Food_Service_Other,,,,,,
29,Aggregated,Food_Service_Other,,,,,,
29,Centralized,Food_Service_Other,,,,,,
30,0,Food_Service_Other,,,,,,
30,1,Food_Service_Other,,,,,,
30,2,Food_Service_Other,,,,,,
30,3,Food_Service_Other,,,,,,
30,4,Food_Service_Other,,,,,,
30,5,Food_Service_Other,,,,,,
30,Aggregated,Food_Service_Other,,,,,,
30,Centralized,Food_Service_Other,,,,,,
31,0,Food_Service_Other,,,,,,
31,1,Food_Service_Other,,,,,,
31,2,Food_Service_Other,,,,,,
31,3,Food_Service_Other,,,,,,
31,4,Food_Service_Other,,,,,,
31,5,Food_Service_Other,,,,,,
31,Aggregated,Food_Service_Other,,,,,,
31,Centralized,Food_Service_Other,,,,,,
32,0,Food_Service_Other,,,,,,
32,1,Food_Service_Other,,,,,,
32,2,Food_Service_Other,,,,,,
32,3,Food_Service_Other,,,,,,
32,4,Food_Service_Other,,,,,,
32,5,Food_Service_Other,,,,,,
32,Aggregated,Food_Service_Other,,,,,,
32,Centralized,Food_Service_Other,,,,,,
33,0,Food_Service_Other,,,,,,
33,1,Food_Service_Other,,,,,,
33,2,Food_Service_Other,,,,,,
33,3,Food_Service_Other,,,,,,
33,4,Food_Service_Other,,,,,,
33,5,Food_Service_Other,,,,,,
33,Aggregated,Food_Service_Other,,,,,,
33,Centralized,Food_Service_Other,,,,,,
34,0,Food_Service_Other,,,,,,
34,1,Food_Service_Other,,,,,,
34,2,Food_Service_Other,,,,,,
34,3,Food_Service_Other,,,,,,
34,4,Food_Service_Other,,,,,,
34,5,Food_Service_Other,,,,,,
34,Aggregated,Food_Service_Other,,,,,,
34,Centralized,Food_Service_Other,,,,,,
35,0,Food_Service_Other,,,,,,
35,1,Food_Service_Other,,,,,,
35,2,Food_Service_Other,,,,,,
35,3,Food_Service_Other,,,,,,
35,4,Food_Service_Other,,,,,,
35,5,Food_Service_Other,,,,,,
35,Aggregated,Food_Service_Other,,,,,,
35,Centralized,Food_Service_Other,,,,,,
36,0,Food_Service_Other,,,,,,
36,1,Food_Service_Other,,,,,,
36,2,Food_Service_Other,,,,,,
36,3,Food_Service_Other,,,,,,
36,4,Food_Service_Other,,,,,,
36,5,Food_Service_Other,,,,,,
36,Aggregated,Food_Service_Other,,,,,,
36,Centralized,Food_Service_Other,,,,,,
37,0,Food_Service_Other,,,,,,
37,1,Food_Service_Other,,,,,,
37,2,Food_Service_Other,,,,,,
37,3,Food_Service_Other,,,,,,
37,4,Food_Service_Other,,,,,,
37,5,Food_Service_Other,,,,,,
37,Aggregated,Food_Service_Other,,,,,,
37,Centralized,Food_Service_Other,,,,,,
38,0,Food_Service_Other,,,,,,
38,1,Food_Service_Other,,,,,,
38,2,Food_Service_Other,,,,,,
38,3,Food_Service_Other,,,,,,
38,4,Food_Service_Other,,,,,,
38,5,Food_Service_Other,,,,,,
38,Aggregated,Food_Service_Other,,,,,,
38,Centralized,Food_Service_Other,,,,,,
39,0,Food_Service_Other,,,,,,
39,1,Food_Service_Other,,,,,,
39,2,Food_Service_Other,,,,,,
39,3,Food_Service_Other,,,,,,
39,4,Food_Service_Other,,,,,,
39,5,Food_Service_Other,,,,,,
39,Aggregated,Food_Service_Other,,,,,,
39,Centralized,Food_Service_Other,,,,,,
40,0,Food_Service_Other,,,,,,
40,1,Food_Service_Other,,,,,,
40,2,Food_Service_Other,,,,,,
40,3,Food_Service_Other,,,,,,
40,4,Food_Service_Other,,,,,,
40,5,Food_Service_Other,,,,,,
40,Aggregated,Food_Service_Other,,,,,,
40,Centralized,Food_Service_Other,,,,,,
41,0,Food_Service_Other,,,,,,
41,1,Food_Service_Other,,,,,,
41,2,Food_Service_Other,,,,,,
41,3,Food_Service_Other,,,,,,
41,4,Food_Service_Other,,,,,,
41,5,Food_Service_Other,,,,,,
41,Aggregated,Food_Service_Other,,,,,,
41,Centralized,Food_Service_Other,,,,,,
42,0,Food_Service_Other,,,,,,
42,1,Food_Service_Other,,,,,,
42,2,Food_Service_Other,,,,,,
42,3,Food_Service_Other,,,,,,
42,4,Food_Service_Other,,,,,,
42,5,Food_Service_Other,,,,,,
42,Aggregated,Food_Service_Other,,,,,,
42,Centralized,Food_Service_Other,,,,,,
43,0,Food_Service_Other,,,,,,
43,1,Food_Service_Other,,,,,,
43,2,Food_Service_Other,,,,,,
43,3,Food_Service_Other,,,,,,
43,4,Food_Service_Other,,,,,,
43,5,Food_Service_Other,,,,,,
43,Aggregated,Food_Service_Other,,,,,,
43,Centralized,Food_Service_Other,,,,,,
44,0,Food_Service_Other,,,,,,
44,1,Food_Service_Other,,,,,,
44,2,Food_Service_Other,,,,,,
44,3,Food_Service_Other,,,,,,
44,4,Food_Service_Other,,,,,,
44,5,Food_Service_Other,,,,,,
44,Aggregated,Food_Service_Other,,,,,,
44,Centralized,Food_Service_Other,,,,,,
45,0,Food_Service_Other,,,,,,
45,1,Food_Service_Other,,,,,,
45,2,Food_Service_Other,,,,,,
45,3,Food_Service_Other,,,,,,
45,4,Food_Service_Other,,,,,,
45,5,Food_Service_Other,,,,,,
45,Aggregated,Food_Service_Other,,,,,,
45,Centralized,Food_Service_Other,,,,,,
46,0,Food_Service_Other,,,,,,
46,1,Food_Service_Other,,,,,,
46,2,Food_Service_Other,,,,,,
46,3,Food_Service_Other,,,,,,
46,4,Food_Service_Other,,,,,,
46,5,Food_Service_Other,,,,,,
46,Aggregated,Food_Service_Other,,,,,,
46,Centralized,Food_Service_Other,,,,,,
47,0,Food_Service_Other,,,,,,
47,1,Food_Service_Other,,,,,,
47,2,Food_Service_Other,,,,,,
47,3,Food_Service_Other,,,,,,
47,4,Food_Service_Other,,,,,,
47,5,Food_Service_Other,,,,,,
47,Aggregated,Food_Service_Other,,,,,,
47,Centralized,Food_Service_Other,,,,,,
48,0,Food_Service_Other,,,,,,
48,1,Food_Service_Other,,,,,,
48,2,Food_Service_Other,,,,,,
48,3,Food_Service_Other,,,,,,
48,4,Food_Service_Other,,,,,,
48,5,Food_Service_Other,,,,,,
48,Aggregated,Food_Service_Other,,,,,,
48,Centralized,Food_Service_Other,,,,,,
49,0,Food_Service_Other,,,,,,
49,1,Food_Service_Other,,,,,,
49,2,Food_Service_Other,,,,,,
49,3,Food_Service_Other,,,,,,
49,4,Food_Service_Other,,,,,,
49,5,Food_Service_Other,,,,,,
49,Aggregated,Food_Service_Other,,,,,,
49,Centralized,Food_Service_Other,,,,,,
50,0,Food_Service_Other,,,,,,
50,1,Food_Service_Other,,,,,,
50,2,Food_Service_Other,,,,,,
50,3,Food_Service_Other,,,,,,
50,4,Food_Service_Other,,,,,,
50,5,Food_Service_Other,,,,,,
50,Aggregated,Food_Service_Other,,,,,,
50,Centralized,Food_Service_Other,,,,,,
0,0,Public_Assembly_Uncategorized,,,,,,
0,1,Public_Assembly_Uncategorized,,,,,,
0,2,Public_Assembly_Uncategorized,,,,,,
0,3,Public_Assembly_Uncategorized,,,,,,
0,4,Public_Assembly_Uncategorized,,,,,,
0,5,Public_Assembly_Uncategorized,,,,,,
0,Aggregated,Public_Assembly_Uncategorized,,,,,,
0,Centralized,Public_Assembly_Uncategorized,,,,,,
1,0,Public_Assembly_Uncategorized,,,,,,
1,1,Public_Assembly_Uncategorized,,,,,,
1,2,Public_Assembly_Uncategorized,,,,,,
1,3,Public_Assembly_Uncategorized,,,,,,
1,4,Public_Assembly_Uncategorized,,,,,,
1,5,Public_Assembly_Uncategorized,,,,,,
1,Aggregated,Public_Assembly_Uncategorized,,,,,,
1,Centralized,Public_Assembly_Uncategorized,,,,,,
2,0,Public_Assembly_Uncategorized,,,,,,
2,1,Public_Assembly_Uncategorized,,,,,,
2,2,Public_Assembly_Uncategorized,,,,,,
2,3,Public_Assembly_Uncategorized,,,,,,
2,4,Public_Assembly_Uncategorized,,,,,,
2,5,Public_Assembly_Uncategorized,,,,,,
2,Aggregated,Public_Assembly_Uncategorized,,,,,,
2,Centralized,Public_Assembly_Uncategorized,,,,,,
3,0,Public_Assembly_Uncategorized,,,,,,
3,1,Public_Assembly_Uncategorized,,,,,,
3,2,Public_Assembly_Uncategorized,,,,,,
3,3,Public_Assembly_Uncategorized,,,,,,
3,4,Public_Assembly_Uncategorized,,,,,,
3,5,Public_Assembly_Uncategorized,,,,,,
3,Aggregated,Public_Assembly_Uncategorized,,,,,,
3,Centralized,Public_Assembly_Uncategorized,,,,,,
4,0,Public_Assembly_Uncategorized,,,,,,
4,1,Public_Assembly_Uncategorized,,,,,,
4,2,Public_Assembly_Uncategorized,,,,,,
4,3,Public_Assembly_Uncategorized,,,,,,
4,4,Public_Assembly_Uncategorized,,,,,,
4,5,Public_Assembly_Uncategorized,,,,,,
4,Aggregated,Public_Assembly_Uncategorized,,,,,,
4,Centralized,Public_Assembly_Uncategorized,,,,,,
5,0,Public_Assembly_Uncategorized,,,,,,
5,1,Public_Assembly_Uncategorized,,,,,,
5,2,Public_Assembly_Uncategorized,,,,,,
5,3,Public_Assembly_Uncategorized,,,,,,
5,4,Public_Assembly_Uncategorized,,,,,,
5,5,Public_Assembly_Uncategorized,,,,,,
5,Aggregated,Public_Assembly_Uncategorized,,,,,,
5,Centralized,Public_Assembly_Uncategorized,,,,,,
6,0,Public_Assembly_Uncategorized,,,,,,
6,1,Public_Assembly_Uncategorized,,,,,,
6,2,Public_Assembly_Uncategorized,,,,,,
6,3,Public_Assembly_Uncategorized,,,,,,
6,4,Public_Assembly_Uncategorized,,,,,,
6,5,Public_Assembly_Uncategorized,,,,,,
6,Aggregated,Public_Assembly_Uncategorized,,,,,,
6,Centralized,Public_Assembly_Uncategorized,,,,,,
7,0,Public_Assembly_Uncategorized,,,,,,
7,1,Public_Assembly_Uncategorized,,,,,,
7,2,Public_Assembly_Uncategorized,,,,,,
7,3,Public_Assembly_Uncategorized,,,,,,
7,4,Public_Assembly_Uncategorized,,,,,,
7,5,Public_Assembly_Uncategorized,,,,,,
7,Aggregated,Public_Assembly_Uncategorized,,,,,,
7,Centralized,Public_Assembly_Uncategorized,,,,,,
8,0,Public_Assembly_Uncategorized,,,,,,
8,1,Public_Assembly_Uncategorized,,,,,,
8,2,Public_Assembly_Uncategorized,,,,,,
8,3,Public_Assembly_Uncategorized,,,,,,
8,4,Public_Assembly_Uncategorized,,,,,,
8,5,Public_Assembly_Uncategorized,,,,,,
8,Aggregated,Public_Assembly_Uncategorized,,,,,,
8,Centralized,Public_Assembly_Uncategorized,,,,,,
9,0,Public_Assembly_Uncategorized,,,,,,
9,1,Public_Assembly_Uncategorized,,,,,,
9,2,Public_Assembly_Uncategorized,,,,,,
9,3,Public_Assembly_Uncategorized,,,,,,
9,4,Public_Assembly_Uncategorized,,,,,,
9,5,Public_Assembly_Uncategorized,,,,,,
9,Aggregated,Public_Assembly_Uncategorized,,,,,,
9,Centralized,Public_Assembly_Uncategorized,,,,,,
10,0,Public_Assembly_Uncategorized,,,,,,
10,1,Public_Assembly_Uncategorized,,,,,,
10,2,Public_Assembly_Uncategorized,,,,,,
10,3,Public_Assembly_Uncategorized,,,,,,
10,4,Public_Assembly_Uncategorized,,,,,,
10,5,Public_Assembly_Uncategorized,,,,,,
10,Aggregated,Public_Assembly_Uncategorized,,,,,,
10,Centralized,Public_Assembly_Uncategorized,,,,,,
11,0,Public_Assembly_Uncategorized,,,,,,
11,1,Public_Assembly_Uncategorized,,,,,,
11,2,Public_Assembly_Uncategorized,,,,,,
11,3,Public_Assembly_Uncategorized,,,,,,
11,4,Public_Assembly_Uncategorized,,,,,,
11,5,Public_Assembly_Uncategorized,,,,,,
11,Aggregated,Public_Assembly_Uncategorized,,,,,,
11,Centralized,Public_Assembly_Uncategorized,,,,,,
12,0,Public_Assembly_Uncategorized,,,,,,
12,1,Public_Assembly_Uncategorized,,,,,,
12,2,Public_Assembly_Uncategorized,,,,,,
12,3,Public_Assembly_Uncategorized,,,,,,
12,4,Public_Assembly_Uncategorized,,,,,,
12,5,Public_Assembly_Uncategorized,,,,,,
12,Aggregated,Public_Assembly_Uncategorized,,,,,,
12,Centralized,Public_Assembly_Uncategorized,,,,,,
13,0,Public_Assembly_Uncategorized,,,,,,
13,1,Public_Assembly_Uncategorized,,,,,,
13,2,Public_Assembly_Uncategorized,,,,,,
13,3,Public_Assembly_Uncategorized,,,,,,
13,4,Public_Assembly_Uncategorized,,,,,,
13,5,Public_Assembly_Uncategorized,,,,,,
13,Aggregated,Public_Assembly_Uncategorized,,,,,,
13,Centralized,Public_Assembly_Uncategorized,,,,,,
14,0,Public_Assembly_Uncategorized,,,,,,
14,1,Public_Assembly_Uncategorized,,,,,,
14,2,Public_Assembly_Uncategorized,,,,,,
14,3,Public_Assembly_Uncategorized,,,,,,
14,4,Public_Assembly_Uncategorized,,,,,,
14,5,Public_Assembly_Uncategorized,,,,,,
14,Aggregated,Public_Assembly_Uncategorized,,,,,,
14,Centralized,Public_Assembly_Uncategorized,,,,,,
15,0,Public_Assembly_Uncategorized,,,,,,
15,1,Public_Assembly_Uncategorized,,,,,,
15,2,Public_Assembly_Uncategorized,,,,,,
15,3,Public_Assembly_Uncategorized,,,,,,
15,4,Public_Assembly_Uncategorized,,,,,,
15,5,Public_Assembly_Uncategorized,,,,,,
15,Aggregated,Public_Assembly_Uncategorized,,,,,,
15,Centralized,Public_Assembly_Uncategorized,,,,,,
16,0,Public_Assembly_Uncategorized,,,,,,
16,1,Public_Assembly_Uncategorized,,,,,,
16,2,Public_Assembly_Uncategorized,,,,,,
16,3,Public_Assembly_Uncategorized,,,,,,
16,4,Public_Assembly_Uncategorized,,,,,,
16,5,Public_Assembly_Uncategorized,,,,,,
16,Aggregated,Public_Assembly_Uncategorized,,,,,,
16,Centralized,Public_Assembly_Uncategorized,,,,,,
17,0,Public_Assembly_Uncategorized,,,,,,
17,1,Public_Assembly_Uncategorized,,,,,,
17,2,Public_Assembly_Uncategorized,,,,,,
17,3,Public_Assembly_Uncategorized,,,,,,
17,4,Public_Assembly_Uncategorized,,,,,,
17,5,Public_Assembly_Uncategorized,,,,,,
17,Aggregated,Public_Assembly_Uncategorized,,,,,,
17,Centralized,Public_Assembly_Uncategorized,,,,,,
18,0,Public_Assembly_Uncategorized,,,,,,
18,1,Public_Assembly_Uncategorized,,,,,,
18,2,Public_Assembly_Uncategorized,,,,,,
18,3,Public_Assembly_Uncategorized,,,,,,
18,4,Public_Assembly_Uncategorized,,,,,,
18,5,Public_Assembly_Uncategorized,,,,,,
18,Aggregated,Public_Assembly_Uncategorized,,,,,,
18,Centralized,Public_Assembly_Uncategorized,,,,,,
19,0,Public_Assembly_Uncategorized,,,,,,
19,1,Public_Assembly_Uncategorized,,,,,,
19,2,Public_Assembly_Uncategorized,,,,,,
19,3,Public_Assembly_Uncategorized,,,,,,
19,4,Public_Assembly_Uncategorized,,,,,,
19,5,Public_Assembly_Uncategorized,,,,,,
19,Aggregated,Public_Assembly_Uncategorized,,,,,,
19,Centralized,Public_Assembly_Uncategorized,,,,,,
20,0,Public_Assembly_Uncategorized,,,,,,
20,1,Public_Assembly_Uncategorized,,,,,,
20,2,Public_Assembly_Uncategorized,,,,,,
20,3,Public_Assembly_Uncategorized,,,,,,
20,4,Public_Assembly_Uncategorized,,,,,,
20,5,Public_Assembly_Uncategorized,,,,,,
20,Aggregated,Public_Assembly_Uncategorized,,,,,,
20,Centralized,Public_Assembly_Uncategorized,,,,,,
21,0,Public_Assembly_Uncategorized,,,,,,
21,1,Public_Assembly_Uncategorized,,,,,,
21,2,Public_Assembly_Uncategorized,,,,,,
21,3,Public_Assembly_Uncategorized,,,,,,
21,4,Public_Assembly_Uncategorized,,,,,,
21,5,Public_Assembly_Uncategorized,,,,,,
21,Aggregated,Public_Assembly_Uncategorized,,,,,,
21,Centralized,Public_Assembly_Uncategorized,,,,,,
22,0,Public_Assembly_Uncategorized,,,,,,
22,1,Public_Assembly_Uncategorized,,,,,,
22,2,Public_Assembly_Uncategorized,,,,,,
22,3,Public_Assembly_Uncategorized,,,,,,
22,4,Public_Assembly_Uncategorized,,,,,,
22,5,Public_Assembly_Uncategorized,,,,,,
22,Aggregated,Public_Assembly_Uncategorized,,,,,,
22,Centralized,Public_Assembly_Uncategorized,,,,,,
23,0,Public_Assembly_Uncategorized,,,,,,
23,1,Public_Assembly_Uncategorized,,,,,,
23,2,Public_Assembly_Uncategorized,,,,,,
23,3,Public_Assembly_Uncategorized,,,,,,
23,4,Public_Assembly_Uncategorized,,,,,,
23,5,Public_Assembly_Uncategorized,,,,,,
23,Aggregated,Public_Assembly_Uncategorized,,,,,,
23,Centralized,Public_Assembly_Uncategorized,,,,,,
24,0,Public_Assembly_Uncategorized,,,,,,
24,1,Public_Assembly_Uncategorized,,,,,,
24,2,Public_Assembly_Uncategorized,,,,,,
24,3,Public_Assembly_Uncategorized,,,,,,
24,4,Public_Assembly_Uncategorized,,,,,,
24,5,Public_Assembly_Uncategorized,,,,,,
24,Aggregated,Public_Assembly_Uncategorized,,,,,,
24,Centralized,Public_Assembly_Uncategorized,,,,,,
25,0,Public_Assembly_Uncategorized,,,,,,
25,1,Public_Assembly_Uncategorized,,,,,,
25,2,Public_Assembly_Uncategorized,,,,,,
25,3,Public_Assembly_Uncategorized,,,,,,
25,4,Public_Assembly_Uncategorized,,,,,,
25,5,Public_Assembly_Uncategorized,,,,,,
25,Aggregated,Public_Assembly_Uncategorized,,,,,,
25,Centralized,Public_Assembly_Uncategorized,,,,,,
26,0,Public_Assembly_Uncategorized,,,,,,
26,1,Public_Assembly_Uncategorized,,,,,,
26,2,Public_Assembly_Uncategorized,,,,,,
26,3,Public_Assembly_Uncategorized,,,,,,
26,4,Public_Assembly_Uncategorized,,,,,,
26,5,Public_Assembly_Uncategorized,,,,,,
26,Aggregated,Public_Assembly_Uncategorized,,,,,,
26,Centralized,Public_Assembly_Uncategorized,,,,,,
27,0,Public_Assembly_Uncategorized,,,,,,
27,1,Public_Assembly_Uncategorized,,,,,,
27,2,Public_Assembly_Uncategorized,,,,,,
27,3,Public_Assembly_Uncategorized,,,,,,
27,4,Public_Assembly_Uncategorized,,,,,,
27,5,Public_Assembly_Uncategorized,,,,,,
27,Aggregated,Public_Assembly_Uncategorized,,,,,,
27,Centralized,Public_Assembly_Uncategorized,,,,,,
28,0,Public_Assembly_Uncategorized,,,,,,
28,1,Public_Assembly_Uncategorized,,,,,,
28,2,Public_Assembly_Uncategorized,,,,,,
28,3,Public_Assembly_Uncategorized,,,,,,
28,4,Public_Assembly_Uncategorized,,,,,,
28,5,Public_Assembly_Uncategorized,,,,,,
28,Aggregated,Public_Assembly_Uncategorized,,,,,,
28,Centralized,Public_Assembly_Uncategorized,,,,,,
29,0,Public_Assembly_Uncategorized,,,,,,
29,1,Public_Assembly_Uncategorized,,,,,,
29,2,Public_Assembly_Uncategorized,,,,,,
29,3,Public_Assembly_Uncategorized,,,,,,
29,4,Public_Assembly_Uncategorized,,,,,,
29,5,Public_Assembly_Uncategorized,,,,,,
29,Aggregated,Public_Assembly_Uncategorized,,,,,,
29,Centralized,Public_Assembly_Uncategorized,,,,,,
30,0,Public_Assembly_Uncategorized,,,,,,
30,1,Public_Assembly_Uncategorized,,,,,,
30,2,Public_Assembly_Uncategorized,,,,,,
30,3,Public_Assembly_Uncategorized,,,,,,
30,4,Public_Assembly_Uncategorized,,,,,,
30,5,Public_Assembly_Uncategorized,,,,,,
30,Aggregated,Public_Assembly_Uncategorized,,,,,,
30,Centralized,Public_Assembly_Uncategorized,,,,,,
31,0,Public_Assembly_Uncategorized,,,,,,
31,1,Public_Assembly_Uncategorized,,,,,,
31,2,Public_Assembly_Uncategorized,,,,,,
31,3,Public_Assembly_Uncategorized,,,,,,
31,4,Public_Assembly_Uncategorized,,,,,,
31,5,Public_Assembly_Uncategorized,,,,,,
31,Aggregated,Public_Assembly_Uncategorized,,,,,,
31,Centralized,Public_Assembly_Uncategorized,,,,,,
32,0,Public_Assembly_Uncategorized,,,,,,
32,1,Public_Assembly_Uncategorized,,,,,,
32,2,Public_Assembly_Uncategorized,,,,,,
32,3,Public_Assembly_Uncategorized,,,,,,
32,4,Public_Assembly_Uncategorized,,,,,,
32,5,Public_Assembly_Uncategorized,,,,,,
32,Aggregated,Public_Assembly_Uncategorized,,,,,,
32,Centralized,Public_Assembly_Uncategorized,,,,,,
33,0,Public_Assembly_Uncategorized,,,,,,
33,1,Public_Assembly_Uncategorized,,,,,,
33,2,Public_Assembly_Uncategorized,,,,,,
33,3,Public_Assembly_Uncategorized,,,,,,
33,4,Public_Assembly_Uncategorized,,,,,,
33,5,Public_Assembly_Uncategorized,,,,,,
33,Aggregated,Public_Assembly_Uncategorized,,,,,,
33,Centralized,Public_Assembly_Uncategorized,,,,,,
34,0,Public_Assembly_Uncategorized,,,,,,
34,1,Public_Assembly_Uncategorized,,,,,,
34,2,Public_Assembly_Uncategorized,,,,,,
34,3,Public_Assembly_Uncategorized,,,,,,
34,4,Public_Assembly_Uncategorized,,,,,,
34,5,Public_Assembly_Uncategorized,,,,,,
34,Aggregated,Public_Assembly_Uncategorized,,,,,,
34,Centralized,Public_Assembly_Uncategorized,,,,,,
35,0,Public_Assembly_Uncategorized,,,,,,
35,1,Public_Assembly_Uncategorized,,,,,,
35,2,Public_Assembly_Uncategorized,,,,,,
35,3,Public_Assembly_Uncategorized,,,,,,
35,4,Public_Assembly_Uncategorized,,,,,,
35,5,Public_Assembly_Uncategorized,,,,,,
35,Aggregated,Public_Assembly_Uncategorized,,,,,,
35,Centralized,Public_Assembly_Uncategorized,,,,,,
36,0,Public_Assembly_Uncategorized,,,,,,
36,1,Public_Assembly_Uncategorized,,,,,,
36,2,Public_Assembly_Uncategorized,,,,,,
36,3,Public_Assembly_Uncategorized,,,,,,
36,4,Public_Assembly_Uncategorized,,,,,,
36,5,Public_Assembly_Uncategorized,,,,,,
36,Aggregated,Public_Assembly_Uncategorized,,,,,,
36,Centralized,Public_Assembly_Uncategorized,,,,,,
37,0,Public_Assembly_Uncategorized,,,,,,
37,1,Public_Assembly_Uncategorized,,,,,,
37,2,Public_Assembly_Uncategorized,,,,,,
37,3,Public_Assembly_Uncategorized,,,,,,
37,4,Public_Assembly_Uncategorized,,,,,,
37,5,Public_Assembly_Uncategorized,,,,,,
37,Aggregated,Public_Assembly_Uncategorized,,,,,,
37,Centralized,Public_Assembly_Uncategorized,,,,,,
38,0,Public_Assembly_Uncategorized,,,,,,
38,1,Public_Assembly_Uncategorized,,,,,,
38,2,Public_Assembly_Uncategorized,,,,,,
38,3,Public_Assembly_Uncategorized,,,,,,
38,4,Public_Assembly_Uncategorized,,,,,,
38,5,Public_Assembly_Uncategorized,,,,,,
38,Aggregated,Public_Assembly_Uncategorized,,,,,,
38,Centralized,Public_Assembly_Uncategorized,,,,,,
39,0,Public_Assembly_Uncategorized,,,,,,
39,1,Public_Assembly_Uncategorized,,,,,,
39,2,Public_Assembly_Uncategorized,,,,,,
39,3,Public_Assembly_Uncategorized,,,,,,
39,4,Public_Assembly_Uncategorized,,,,,,
39,5,Public_Assembly_Uncategorized,,,,,,
39,Aggregated,Public_Assembly_Uncategorized,,,,,,
39,Centralized,Public_Assembly_Uncategorized,,,,,,
40,0,Public_Assembly_Uncategorized,,,,,,
40,1,Public_Assembly_Uncategorized,,,,,,
40,2,Public_Assembly_Uncategorized,,,,,,
40,3,Public_Assembly_Uncategorized,,,,,,
40,4,Public_Assembly_Uncategorized,,,,,,
40,5,Public_Assembly_Uncategorized,,,,,,
40,Aggregated,Public_Assembly_Uncategorized,,,,,,
40,Centralized,Public_Assembly_Uncategorized,,,,,,
41,0,Public_Assembly_Uncategorized,,,,,,
41,1,Public_Assembly_Uncategorized,,,,,,
41,2,Public_Assembly_Uncategorized,,,,,,
41,3,Public_Assembly_Uncategorized,,,,,,
41,4,Public_Assembly_Uncategorized,,,,,,
41,5,Public_Assembly_Uncategorized,,,,,,
41,Aggregated,Public_Assembly_Uncategorized,,,,,,
41,Centralized,Public_Assembly_Uncategorized,,,,,,
42,0,Public_Assembly_Uncategorized,,,,,,
42,1,Public_Assembly_Uncategorized,,,,,,
42,2,Public_Assembly_Uncategorized,,,,,,
42,3,Public_Assembly_Uncategorized,,,,,,
42,4,Public_Assembly_Uncategorized,,,,,,
42,5,Public_Assembly_Uncategorized,,,,,,
42,Aggregated,Public_Assembly_Uncategorized,,,,,,
42,Centralized,Public_Assembly_Uncategorized,,,,,,
43,0,Public_Assembly_Uncategorized,,,,,,
43,1,Public_Assembly_Uncategorized,,,,,,
43,2,Public_Assembly_Uncategorized,,,,,,
43,3,Public_Assembly_Uncategorized,,,,,,
43,4,Public_Assembly_Uncategorized,,,,,,
43,5,Public_Assembly_Uncategorized,,,,,,
43,Aggregated,Public_Assembly_Uncategorized,,,,,,
43,Centralized,Public_Assembly_Uncategorized,,,,,,
44,0,Public_Assembly_Uncategorized,,,,,,
44,1,Public_Assembly_Uncategorized,,,,,,
44,2,Public_Assembly_Uncategorized,,,,,,
44,3,Public_Assembly_Uncategorized,,,,,,
44,4,Public_Assembly_Uncategorized,,,,,,
44,5,Public_Assembly_Uncategorized,,,,,,
44,Aggregated,Public_Assembly_Uncategorized,,,,,,
44,Centralized,Public_Assembly_Uncategorized,,,,,,
45,0,Public_Assembly_Uncategorized,,,,,,
45,1,Public_Assembly_Uncategorized,,,,,,
45,2,Public_Assembly_Uncategorized,,,,,,
45,3,Public_Assembly_Uncategorized,,,,,,
45,4,Public_Assembly_Uncategorized,,,,,,
45,5,Public_Assembly_Uncategorized,,,,,,
45,Aggregated,Public_Assembly_Uncategorized,,,,,,
45,Centralized,Public_Assembly_Uncategorized,,,,,,
46,0,Public_Assembly_Uncategorized,,,,,,
46,1,Public_Assembly_Uncategorized,,,,,,
46,2,Public_Assembly_Uncategorized,,,,,,
46,3,Public_Assembly_Uncategorized,,,,,,
46,4,Public_Assembly_Uncategorized,,,,,,
46,5,Public_Assembly_Uncategorized,,,,,,
46,Aggregated,Public_Assembly_Uncategorized,,,,,,
46,Centralized,Public_Assembly_Uncategorized,,,,,,
47,0,Public_Assembly_Uncategorized,,,,,,
47,1,Public_Assembly_Uncategorized,,,,,,
47,2,Public_Assembly_Uncategorized,,,,,,
47,3,Public_Assembly_Uncategorized,,,,,,
47,4,Public_Assembly_Uncategorized,,,,,,
47,5,Public_Assembly_Uncategorized,,,,,,
47,Aggregated,Public_Assembly_Uncategorized,,,,,,
47,Centralized,Public_Assembly_Uncategorized,,,,,,
48,0,Public_Assembly_Uncategorized,,,,,,
48,1,Public_Assembly_Uncategorized,,,,,,
48,2,Public_Assembly_Uncategorized,,,,,,
48,3,Public_Assembly_Uncategorized,,,,,,
48,4,Public_Assembly_Uncategorized,,,,,,
48,5,Public_Assembly_Uncategorized,,,,,,
48,Aggregated,Public_Assembly_Uncategorized,,,,,,
48,Centralized,Public_Assembly_Uncategorized,,,,,,
49,0,Public_Assembly_Uncategorized,,,,,,
49,1,Public_Assembly_Uncategorized,,,,,,
49,2,Public_Assembly_Uncategorized,,,,,,
49,3,Public_Assembly_Uncategorized,,,,,,
49,4,Public_Assembly_Uncategorized,,,,,,
49,5,Public_Assembly_Uncategorized,,,,,,
49,Aggregated,Public_Assembly_Uncategorized,,,,,,
49,Centralized,Public_Assembly_Uncategorized,,,,,,
50,0,Public_Assembly_Uncategorized,,,,,,
50,1,Public_Assembly_Uncategorized,,,,,,
50,2,Public_Assembly_Uncategorized,,,,,,
50,3,Public_Assembly_Uncategorized,,,,,,
50,4,Public_Assembly_Uncategorized,,,,,,
50,5,Public_Assembly_Uncategorized,,,,,,
50,Aggregated,Public_Assembly_Uncategorized,,,,,,
50,Centralized,Public_Assembly_Uncategorized,,,,,,
0,0,Service_Uncategorized,,,,,,
0,1,Service_Uncategorized,,,,,,
0,2,Service_Uncategorized,,,,,,
0,3,Service_Uncategorized,,,,,,
0,4,Service_Uncategorized,,,,,,
0,5,Service_Uncategorized,,,,,,
0,Aggregated,Service_Uncategorized,,,,,,
0,Centralized,Service_Uncategorized,,,,,,
1,0,Service_Uncategorized,,,,,,
1,1,Service_Uncategorized,,,,,,
1,2,Service_Uncategorized,,,,,,
1,3,Service_Uncategorized,,,,,,
1,4,Service_Uncategorized,,,,,,
1,5,Service_Uncategorized,,,,,,
1,Aggregated,Service_Uncategorized,,,,,,
1,Centralized,Service_Uncategorized,,,,,,
2,0,Service_Uncategorized,,,,,,
2,1,Service_Uncategorized,,,,,,
2,2,Service_Uncategorized,,,,,,
2,3,Service_Uncategorized,,,,,,
2,4,Service_Uncategorized,,,,,,
2,5,Service_Uncategorized,,,,,,
2,Aggregated,Service_Uncategorized,,,,,,
2,Centralized,Service_Uncategorized,,,,,,
3,0,Service_Uncategorized,,,,,,
3,1,Service_Uncategorized,,,,,,
3,2,Service_Uncategorized,,,,,,
3,3,Service_Uncategorized,,,,,,
3,4,Service_Uncategorized,,,,,,
3,5,Service_Uncategorized,,,,,,
3,Aggregated,Service_Uncategorized,,,,,,
3,Centralized,Service_Uncategorized,,,,,,
4,0,Service_Uncategorized,,,,,,
4,1,Service_Uncategorized,,,,,,
4,2,Service_Uncategorized,,,,,,
4,3,Service_Uncategorized,,,,,,
4,4,Service_Uncategorized,,,,,,
4,5,Service_Uncategorized,,,,,,
4,Aggregated,Service_Uncategorized,,,,,,
4,Centralized,Service_Uncategorized,,,,,,
5,0,Service_Uncategorized,,,,,,
5,1,Service_Uncategorized,,,,,,
5,2,Service_Uncategorized,,,,,,
5,3,Service_Uncategorized,,,,,,
5,4,Service_Uncategorized,,,,,,
5,5,Service_Uncategorized,,,,,,
5,Aggregated,Service_Uncategorized,,,,,,
5,Centralized,Service_Uncategorized,,,,,,
6,0,Service_Uncategorized,,,,,,
6,1,Service_Uncategorized,,,,,,
6,2,Service_Uncategorized,,,,,,
6,3,Service_Uncategorized,,,,,,
6,4,Service_Uncategorized,,,,,,
6,5,Service_Uncategorized,,,,,,
6,Aggregated,Service_Uncategorized,,,,,,
6,Centralized,Service_Uncategorized,,,,,,
7,0,Service_Uncategorized,,,,,,
7,1,Service_Uncategorized,,,,,,
7,2,Service_Uncategorized,,,,,,
7,3,Service_Uncategorized,,,,,,
7,4,Service_Uncategorized,,,,,,
7,5,Service_Uncategorized,,,,,,
7,Aggregated,Service_Uncategorized,,,,,,
7,Centralized,Service_Uncategorized,,,,,,
8,0,Service_Uncategorized,,,,,,
8,1,Service_Uncategorized,,,,,,
8,2,Service_Uncategorized,,,,,,
8,3,Service_Uncategorized,,,,,,
8,4,Service_Uncategorized,,,,,,
8,5,Service_Uncategorized,,,,,,
8,Aggregated,Service_Uncategorized,,,,,,
8,Centralized,Service_Uncategorized,,,,,,
9,0,Service_Uncategorized,,,,,,
9,1,Service_Uncategorized,,,,,,
9,2,Service_Uncategorized,,,,,,
9,3,Service_Uncategorized,,,,,,
9,4,Service_Uncategorized,,,,,,
9,5,Service_Uncategorized,,,,,,
9,Aggregated,Service_Uncategorized,,,,,,
9,Centralized,Service_Uncategorized,,,,,,
10,0,Service_Uncategorized,,,,,,
10,1,Service_Uncategorized,,,,,,
10,2,Service_Uncategorized,,,,,,
10,3,Service_Uncategorized,,,,,,
10,4,Service_Uncategorized,,,,,,
10,5,Service_Uncategorized,,,,,,
10,Aggregated,Service_Uncategorized,,,,,,
10,Centralized,Service_Uncategorized,,,,,,
11,0,Service_Uncategorized,,,,,,
11,1,Service_Uncategorized,,,,,,
11,2,Service_Uncategorized,,,,,,
11,3,Service_Uncategorized,,,,,,
11,4,Service_Uncategorized,,,,,,
11,5,Service_Uncategorized,,,,,,
11,Aggregated,Service_Uncategorized,,,,,,
11,Centralized,Service_Uncategorized,,,,,,
12,0,Service_Uncategorized,,,,,,
12,1,Service_Uncategorized,,,,,,
12,2,Service_Uncategorized,,,,,,
12,3,Service_Uncategorized,,,,,,
12,4,Service_Uncategorized,,,,,,
12,5,Service_Uncategorized,,,,,,
12,Aggregated,Service_Uncategorized,,,,,,
12,Centralized,Service_Uncategorized,,,,,,
13,0,Service_Uncategorized,,,,,,
13,1,Service_Uncategorized,,,,,,
13,2,Service_Uncategorized,,,,,,
13,3,Service_Uncategorized,,,,,,
13,4,Service_Uncategorized,,,,,,
13,5,Service_Uncategorized,,,,,,
13,Aggregated,Service_Uncategorized,,,,,,
13,Centralized,Service_Uncategorized,,,,,,
14,0,Service_Uncategorized,,,,,,
14,1,Service_Uncategorized,,,,,,
14,2,Service_Uncategorized,,,,,,
14,3,Service_Uncategorized,,,,,,
14,4,Service_Uncategorized,,,,,,
14,5,Service_Uncategorized,,,,,,
14,Aggregated,Service_Uncategorized,,,,,,
14,Centralized,Service_Uncategorized,,,,,,
15,0,Service_Uncategorized,,,,,,
15,1,Service_Uncategorized,,,,,,
15,2,Service_Uncategorized,,,,,,
15,3,Service_Uncategorized,,,,,,
15,4,Service_Uncategorized,,,,,,
15,5,Service_Uncategorized,,,,,,
15,Aggregated,Service_Uncategorized,,,,,,
15,Centralized,Service_Uncategorized,,,,,,
16,0,Service_Uncategorized,,,,,,
16,1,Service_Uncategorized,,,,,,
16,2,Service_Uncategorized,,,,,,
16,3,Service_Uncategorized,,,,,,
16,4,Service_Uncategorized,,,,,,
16,5,Service_Uncategorized,,,,,,
16,Aggregated,Service_Uncategorized,,,,,,
16,Centralized,Service_Uncategorized,,,,,,
17,0,Service_Uncategorized,,,,,,
17,1,Service_Uncategorized,,,,,,
17,2,Service_Uncategorized,,,,,,
17,3,Service_Uncategorized,,,,,,
17,4,Service_Uncategorized,,,,,,
17,5,Service_Uncategorized,,,,,,
17,Aggregated,Service_Uncategorized,,,,,,
17,Centralized,Service_Uncategorized,,,,,,
18,0,Service_Uncategorized,,,,,,
18,1,Service_Uncategorized,,,,,,
18,2,Service_Uncategorized,,,,,,
18,3,Service_Uncategorized,,,,,,
18,4,Service_Uncategorized,,,,,,
18,5,Service_Uncategorized,,,,,,
18,Aggregated,Service_Uncategorized,,,,,,
18,Centralized,Service_Uncategorized,,,,,,
19,0,Service_Uncategorized,,,,,,
19,1,Service_Uncategorized,,,,,,
19,2,Service_Uncategorized,,,,,,
19,3,Service_Uncategorized,,,,,,
19,4,Service_Uncategorized,,,,,,
19,5,Service_Uncategorized,,,,,,
19,Aggregated,Service_Uncategorized,,,,,,
19,Centralized,Service_Uncategorized,,,,,,
20,0,Service_Uncategorized,,,,,,
20,1,Service_Uncategorized,,,,,,
20,2,Service_Uncategorized,,,,,,
20,3,Service_Uncategorized,,,,,,
20,4,Service_Uncategorized,,,,,,
20,5,Service_Uncategorized,,,,,,
20,Aggregated,Service_Uncategorized,,,,,,
20,Centralized,Service_Uncategorized,,,,,,
21,0,Service_Uncategorized,,,,,,
21,1,Service_Uncategorized,,,,,,
21,2,Service_Uncategorized,,,,,,
21,3,Service_Uncategorized,,,,,,
21,4,Service_Uncategorized,,,,,,
21,5,Service_Uncategorized,,,,,,
21,Aggregated,Service_Uncategorized,,,,,,
21,Centralized,Service_Uncategorized,,,,,,
22,0,Service_Uncategorized,,,,,,
22,1,Service_Uncategorized,,,,,,
22,2,Service_Uncategorized,,,,,,
22,3,Service_Uncategorized,,,,,,
22,4,Service_Uncategorized,,,,,,
22,5,Service_Uncategorized,,,,,,
22,Aggregated,Service_Uncategorized,,,,,,
22,Centralized,Service_Uncategorized,,,,,,
23,0,Service_Uncategorized,,,,,,
23,1,Service_Uncategorized,,,,,,
23,2,Service_Uncategorized,,,,,,
23,3,Service_Uncategorized,,,,,,
23,4,Service_Uncategorized,,,,,,
23,5,Service_Uncategorized,,,,,,
23,Aggregated,Service_Uncategorized,,,,,,
23,Centralized,Service_Uncategorized,,,,,,
24,0,Service_Uncategorized,,,,,,
24,1,Service_Uncategorized,,,,,,
24,2,Service_Uncategorized,,,,,,
24,3,Service_Uncategorized,,,,,,
24,4,Service_Uncategorized,,,,,,
24,5,Service_Uncategorized,,,,,,
24,Aggregated,Service_Uncategorized,,,,,,
24,Centralized,Service_Uncategorized,,,,,,
25,0,Service_Uncategorized,,,,,,
25,1,Service_Uncategorized,,,,,,
25,2,Service_Uncategorized,,,,,,
25,3,Service_Uncategorized,,,,,,
25,4,Service_Uncategorized,,,,,,
25,5,Service_Uncategorized,,,,,,
25,Aggregated,Service_Uncategorized,,,,,,
25,Centralized,Service_Uncategorized,,,,,,
26,0,Service_Uncategorized,,,,,,
26,1,Service_Uncategorized,,,,,,
26,2,Service_Uncategorized,,,,,,
26,3,Service_Uncategorized,,,,,,
26,4,Service_Uncategorized,,,,,,
26,5,Service_Uncategorized,,,,,,
26,Aggregated,Service_Uncategorized,,,,,,
26,Centralized,Service_Uncategorized,,,,,,
27,0,Service_Uncategorized,,,,,,
27,1,Service_Uncategorized,,,,,,
27,2,Service_Uncategorized,,,,,,
27,3,Service_Uncategorized,,,,,,
27,4,Service_Uncategorized,,,,,,
27,5,Service_Uncategorized,,,,,,
27,Aggregated,Service_Uncategorized,,,,,,
27,Centralized,Service_Uncategorized,,,,,,
28,0,Service_Uncategorized,,,,,,
28,1,Service_Uncategorized,,,,,,
28,2,Service_Uncategorized,,,,,,
28,3,Service_Uncategorized,,,,,,
28,4,Service_Uncategorized,,,,,,
28,5,Service_Uncategorized,,,,,,
28,Aggregated,Service_Uncategorized,,,,,,
28,Centralized,Service_Uncategorized,,,,,,
29,0,Service_Uncategorized,,,,,,
29,1,Service_Uncategorized,,,,,,
29,2,Service_Uncategorized,,,,,,
29,3,Service_Uncategorized,,,,,,
29,4,Service_Uncategorized,,,,,,
29,5,Service_Uncategorized,,,,,,
29,Aggregated,Service_Uncategorized,,,,,,
29,Centralized,Service_Uncategorized,,,,,,
30,0,Service_Uncategorized,,,,,,
30,1,Service_Uncategorized,,,,,,
30,2,Service_Uncategorized,,,,,,
30,3,Service_Uncategorized,,,,,,
30,4,Service_Uncategorized,,,,,,
30,5,Service_Uncategorized,,,,,,
30,Aggregated,Service_Uncategorized,,,,,,
30,Centralized,Service_Uncategorized,,,,,,
31,0,Service_Uncategorized,,,,,,
31,1,Service_Uncategorized,,,,,,
31,2,Service_Uncategorized,,,,,,
31,3,Service_Uncategorized,,,,,,
31,4,Service_Uncategorized,,,,,,
31,5,Service_Uncategorized,,,,,,
31,Aggregated,Service_Uncategorized,,,,,,
31,Centralized,Service_Uncategorized,,,,,,
32,0,Service_Uncategorized,,,,,,
32,1,Service_Uncategorized,,,,,,
32,2,Service_Uncategorized,,,,,,
32,3,Service_Uncategorized,,,,,,
32,4,Service_Uncategorized,,,,,,
32,5,Service_Uncategorized,,,,,,
32,Aggregated,Service_Uncategorized,,,,,,
32,Centralized,Service_Uncategorized,,,,,,
33,0,Service_Uncategorized,,,,,,
33,1,Service_Uncategorized,,,,,,
33,2,Service_Uncategorized,,,,,,
33,3,Service_Uncategorized,,,,,,
33,4,Service_Uncategorized,,,,,,
33,5,Service_Uncategorized,,,,,,
33,Aggregated,Service_Uncategorized,,,,,,
33,Centralized,Service_Uncategorized,,,,,,
34,0,Service_Uncategorized,,,,,,
34,1,Service_Uncategorized,,,,,,
34,2,Service_Uncategorized,,,,,,
34,3,Service_Uncategorized,,,,,,
34,4,Service_Uncategorized,,,,,,
34,5,Service_Uncategorized,,,,,,
34,Aggregated,Service_Uncategorized,,,,,,
34,Centralized,Service_Uncategorized,,,,,,
35,0,Service_Uncategorized,,,,,,
35,1,Service_Uncategorized,,,,,,
35,2,Service_Uncategorized,,,,,,
35,3,Service_Uncategorized,,,,,,
35,4,Service_Uncategorized,,,,,,
35,5,Service_Uncategorized,,,,,,
35,Aggregated,Service_Uncategorized,,,,,,
35,Centralized,Service_Uncategorized,,,,,,
36,0,Service_Uncategorized,,,,,,
36,1,Service_Uncategorized,,,,,,
36,2,Service_Uncategorized,,,,,,
36,3,Service_Uncategorized,,,,,,
36,4,Service_Uncategorized,,,,,,
36,5,Service_Uncategorized,,,,,,
36,Aggregated,Service_Uncategorized,,,,,,
36,Centralized,Service_Uncategorized,,,,,,
37,0,Service_Uncategorized,,,,,,
37,1,Service_Uncategorized,,,,,,
37,2,Service_Uncategorized,,,,,,
37,3,Service_Uncategorized,,,,,,
37,4,Service_Uncategorized,,,,,,
37,5,Service_Uncategorized,,,,,,
37,Aggregated,Service_Uncategorized,,,,,,
37,Centralized,Service_Uncategorized,,,,,,
38,0,Service_Uncategorized,,,,,,
38,1,Service_Uncategorized,,,,,,
38,2,Service_Uncategorized,,,,,,
38,3,Service_Uncategorized,,,,,,
38,4,Service_Uncategorized,,,,,,
38,5,Service_Uncategorized,,,,,,
38,Aggregated,Service_Uncategorized,,,,,,
38,Centralized,Service_Uncategorized,,,,,,
39,0,Service_Uncategorized,,,,,,
39,1,Service_Uncategorized,,,,,,
39,2,Service_Uncategorized,,,,,,
39,3,Service_Uncategorized,,,,,,
39,4,Service_Uncategorized,,,,,,
39,5,Service_Uncategorized,,,,,,
39,Aggregated,Service_Uncategorized,,,,,,
39,Centralized,Service_Uncategorized,,,,,,
40,0,Service_Uncategorized,,,,,,
40,1,Service_Uncategorized,,,,,,
40,2,Service_Uncategorized,,,,,,
40,3,Service_Uncategorized,,,,,,
40,4,Service_Uncategorized,,,,,,
40,5,Service_Uncategorized,,,,,,
40,Aggregated,Service_Uncategorized,,,,,,
40,Centralized,Service_Uncategorized,,,,,,
41,0,Service_Uncategorized,,,,,,
41,1,Service_Uncategorized,,,,,,
41,2,Service_Uncategorized,,,,,,
41,3,Service_Uncategorized,,,,,,
41,4,Service_Uncategorized,,,,,,
41,5,Service_Uncategorized,,,,,,
41,Aggregated,Service_Uncategorized,,,,,,
41,Centralized,Service_Uncategorized,,,,,,
42,0,Service_Uncategorized,,,,,,
42,1,Service_Uncategorized,,,,,,
42,2,Service_Uncategorized,,,,,,
42,3,Service_Uncategorized,,,,,,
42,4,Service_Uncategorized,,,,,,
42,5,Service_Uncategorized,,,,,,
42,Aggregated,Service_Uncategorized,,,,,,
42,Centralized,Service_Uncategorized,,,,,,
43,0,Service_Uncategorized,,,,,,
43,1,Service_Uncategorized,,,,,,
43,2,Service_Uncategorized,,,,,,
43,3,Service_Uncategorized,,,,,,
43,4,Service_Uncategorized,,,,,,
43,5,Service_Uncategorized,,,,,,
43,Aggregated,Service_Uncategorized,,,,,,
43,Centralized,Service_Uncategorized,,,,,,
44,0,Service_Uncategorized,,,,,,
44,1,Service_Uncategorized,,,,,,
44,2,Service_Uncategorized,,,,,,
44,3,Service_Uncategorized,,,,,,
44,4,Service_Uncategorized,,,,,,
44,5,Service_Uncategorized,,,,,,
44,Aggregated,Service_Uncategorized,,,,,,
44,Centralized,Service_Uncategorized,,,,,,
45,0,Service_Uncategorized,,,,,,
45,1,Service_Uncategorized,,,,,,
45,2,Service_Uncategorized,,,,,,
45,3,Service_Uncategorized,,,,,,
45,4,Service_Uncategorized,,,,,,
45,5,Service_Uncategorized,,,,,,
45,Aggregated,Service_Uncategorized,,,,,,
45,Centralized,Service_Uncategorized,,,,,,
46,0,Service_Uncategorized,,,,,,
46,1,Service_Uncategorized,,,,,,
46,2,Service_Uncategorized,,,,,,
46,3,Service_Uncategorized,,,,,,
46,4,Service_Uncategorized,,,,,,
46,5,Service_Uncategorized,,,,,,
46,Aggregated,Service_Uncategorized,,,,,,
46,Centralized,Service_Uncategorized,,,,,,
47,0,Service_Uncategorized,,,,,,
47,1,Service_Uncategorized,,,,,,
47,2,Service_Uncategorized,,,,,,
47,3,Service_Uncategorized,,,,,,
47,4,Service_Uncategorized,,,,,,
47,5,Service_Uncategorized,,,,,,
47,Aggregated,Service_Uncategorized,,,,,,
47,Centralized,Service_Uncategorized,,,,,,
48,0,Service_Uncategorized,,,,,,
48,1,Service_Uncategorized,,,,,,
48,2,Service_Uncategorized,,,,,,
48,3,Service_Uncategorized,,,,,,
48,4,Service_Uncategorized,,,,,,
48,5,Service_Uncategorized,,,,,,
48,Aggregated,Service_Uncategorized,,,,,,
48,Centralized,Service_Uncategorized,,,,,,
49,0,Service_Uncategorized,,,,,,
49,1,Service_Uncategorized,,,,,,
49,2,Service_Uncategorized,,,,,,
49,3,Service_Uncategorized,,,,,,
49,4,Service_Uncategorized,,,,,,
49,5,Service_Uncategorized,,,,,,
49,Aggregated,Service_Uncategorized,,,,,,
49,Centralized,Service_Uncategorized,,,,,,
50,0,Service_Uncategorized,,,,,,
50,1,Service_Uncategorized,,,,,,
50,2,Service_Uncategorized,,,,,,
50,3,Service_Uncategorized,,,,,,
50,4,Service_Uncategorized,,,,,,
50,5,Service_Uncategorized,,,,,,
50,Aggregated,Service_Uncategorized,,,,,,
50,Centralized,Service_Uncategorized,,,,,,
0,0,Office_Mixed_use,,,,,,
0,1,Office_Mixed_use,,,,,,
0,2,Office_Mixed_use,,,,,,
0,3,Office_Mixed_use,,,,,,
0,4,Office_Mixed_use,,,,,,
0,5,Office_Mixed_use,,,,,,
0,Aggregated,Office_Mixed_use,,,,,,
0,Centralized,Office_Mixed_use,,,,,,
1,0,Office_Mixed_use,,,,,,
1,1,Office_Mixed_use,,,,,,
1,2,Office_Mixed_use,,,,,,
1,3,Office_Mixed_use,,,,,,
1,4,Office_Mixed_use,,,,,,
1,5,Office_Mixed_use,,,,,,
1,Aggregated,Office_Mixed_use,,,,,,
1,Centralized,Office_Mixed_use,,,,,,
2,0,Office_Mixed_use,,,,,,
2,1,Office_Mixed_use,,,,,,
2,2,Office_Mixed_use,,,,,,
2,3,Office_Mixed_use,,,,,,
2,4,Office_Mixed_use,,,,,,
2,5,Office_Mixed_use,,,,,,
2,Aggregated,Office_Mixed_use,,,,,,
2,Centralized,Office_Mixed_use,,,,,,
3,0,Office_Mixed_use,,,,,,
3,1,Office_Mixed_use,,,,,,
3,2,Office_Mixed_use,,,,,,
3,3,Office_Mixed_use,,,,,,
3,4,Office_Mixed_use,,,,,,
3,5,Office_Mixed_use,,,,,,
3,Aggregated,Office_Mixed_use,,,,,,
3,Centralized,Office_Mixed_use,,,,,,
4,0,Office_Mixed_use,,,,,,
4,1,Office_Mixed_use,,,,,,
4,2,Office_Mixed_use,,,,,,
4,3,Office_Mixed_use,,,,,,
4,4,Office_Mixed_use,,,,,,
4,5,Office_Mixed_use,,,,,,
4,Aggregated,Office_Mixed_use,,,,,,
4,Centralized,Office_Mixed_use,,,,,,
5,0,Office_Mixed_use,,,,,,
5,1,Office_Mixed_use,,,,,,
5,2,Office_Mixed_use,,,,,,
5,3,Office_Mixed_use,,,,,,
5,4,Office_Mixed_use,,,,,,
5,5,Office_Mixed_use,,,,,,
5,Aggregated,Office_Mixed_use,,,,,,
5,Centralized,Office_Mixed_use,,,,,,
6,0,Office_Mixed_use,,,,,,
6,1,Office_Mixed_use,,,,,,
6,2,Office_Mixed_use,,,,,,
6,3,Office_Mixed_use,,,,,,
6,4,Office_Mixed_use,,,,,,
6,5,Office_Mixed_use,,,,,,
6,Aggregated,Office_Mixed_use,,,,,,
6,Centralized,Office_Mixed_use,,,,,,
7,0,Office_Mixed_use,,,,,,
7,1,Office_Mixed_use,,,,,,
7,2,Office_Mixed_use,,,,,,
7,3,Office_Mixed_use,,,,,,
7,4,Office_Mixed_use,,,,,,
7,5,Office_Mixed_use,,,,,,
7,Aggregated,Office_Mixed_use,,,,,,
7,Centralized,Office_Mixed_use,,,,,,
8,0,Office_Mixed_use,,,,,,
8,1,Office_Mixed_use,,,,,,
8,2,Office_Mixed_use,,,,,,
8,3,Office_Mixed_use,,,,,,
8,4,Office_Mixed_use,,,,,,
8,5,Office_Mixed_use,,,,,,
8,Aggregated,Office_Mixed_use,,,,,,
8,Centralized,Office_Mixed_use,,,,,,
9,0,Office_Mixed_use,,,,,,
9,1,Office_Mixed_use,,,,,,
9,2,Office_Mixed_use,,,,,,
9,3,Office_Mixed_use,,,,,,
9,4,Office_Mixed_use,,,,,,
9,5,Office_Mixed_use,,,,,,
9,Aggregated,Office_Mixed_use,,,,,,
9,Centralized,Office_Mixed_use,,,,,,
10,0,Office_Mixed_use,,,,,,
10,1,Office_Mixed_use,,,,,,
10,2,Office_Mixed_use,,,,,,
10,3,Office_Mixed_use,,,,,,
10,4,Office_Mixed_use,,,,,,
10,5,Office_Mixed_use,,,,,,
10,Aggregated,Office_Mixed_use,,,,,,
10,Centralized,Office_Mixed_use,,,,,,
11,0,Office_Mixed_use,,,,,,
11,1,Office_Mixed_use,,,,,,
11,2,Office_Mixed_use,,,,,,
11,3,Office_Mixed_use,,,,,,
11,4,Office_Mixed_use,,,,,,
11,5,Office_Mixed_use,,,,,,
11,Aggregated,Office_Mixed_use,,,,,,
11,Centralized,Office_Mixed_use,,,,,,
12,0,Office_Mixed_use,,,,,,
12,1,Office_Mixed_use,,,,,,
12,2,Office_Mixed_use,,,,,,
12,3,Office_Mixed_use,,,,,,
12,4,Office_Mixed_use,,,,,,
12,5,Office_Mixed_use,,,,,,
12,Aggregated,Office_Mixed_use,,,,,,
12,Centralized,Office_Mixed_use,,,,,,
13,0,Office_Mixed_use,,,,,,
13,1,Office_Mixed_use,,,,,,
13,2,Office_Mixed_use,,,,,,
13,3,Office_Mixed_use,,,,,,
13,4,Office_Mixed_use,,,,,,
13,5,Office_Mixed_use,,,,,,
13,Aggregated,Office_Mixed_use,,,,,,
13,Centralized,Office_Mixed_use,,,,,,
14,0,Office_Mixed_use,,,,,,
14,1,Office_Mixed_use,,,,,,
14,2,Office_Mixed_use,,,,,,
14,3,Office_Mixed_use,,,,,,
14,4,Office_Mixed_use,,,,,,
14,5,Office_Mixed_use,,,,,,
14,Aggregated,Office_Mixed_use,,,,,,
14,Centralized,Office_Mixed_use,,,,,,
15,0,Office_Mixed_use,,,,,,
15,1,Office_Mixed_use,,,,,,
15,2,Office_Mixed_use,,,,,,
15,3,Office_Mixed_use,,,,,,
15,4,Office_Mixed_use,,,,,,
15,5,Office_Mixed_use,,,,,,
15,Aggregated,Office_Mixed_use,,,,,,
15,Centralized,Office_Mixed_use,,,,,,
16,0,Office_Mixed_use,,,,,,
16,1,Office_Mixed_use,,,,,,
16,2,Office_Mixed_use,,,,,,
16,3,Office_Mixed_use,,,,,,
16,4,Office_Mixed_use,,,,,,
16,5,Office_Mixed_use,,,,,,
16,Aggregated,Office_Mixed_use,,,,,,
16,Centralized,Office_Mixed_use,,,,,,
17,0,Office_Mixed_use,,,,,,
17,1,Office_Mixed_use,,,,,,
17,2,Office_Mixed_use,,,,,,
17,3,Office_Mixed_use,,,,,,
17,4,Office_Mixed_use,,,,,,
17,5,Office_Mixed_use,,,,,,
17,Aggregated,Office_Mixed_use,,,,,,
17,Centralized,Office_Mixed_use,,,,,,
18,0,Office_Mixed_use,,,,,,
18,1,Office_Mixed_use,,,,,,
18,2,Office_Mixed_use,,,,,,
18,3,Office_Mixed_use,,,,,,
18,4,Office_Mixed_use,,,,,,
18,5,Office_Mixed_use,,,,,,
18,Aggregated,Office_Mixed_use,,,,,,
18,Centralized,Office_Mixed_use,,,,,,
19,0,Office_Mixed_use,,,,,,
19,1,Office_Mixed_use,,,,,,
19,2,Office_Mixed_use,,,,,,
19,3,Office_Mixed_use,,,,,,
19,4,Office_Mixed_use,,,,,,
19,5,Office_Mixed_use,,,,,,
19,Aggregated,Office_Mixed_use,,,,,,
19,Centralized,Office_Mixed_use,,,,,,
20,0,Office_Mixed_use,,,,,,
20,1,Office_Mixed_use,,,,,,
20,2,Office_Mixed_use,,,,,,
20,3,Office_Mixed_use,,,,,,
20,4,Office_Mixed_use,,,,,,
20,5,Office_Mixed_use,,,,,,
20,Aggregated,Office_Mixed_use,,,,,,
20,Centralized,Office_Mixed_use,,,,,,
21,0,Office_Mixed_use,,,,,,
21,1,Office_Mixed_use,,,,,,
21,2,Office_Mixed_use,,,,,,
21,3,Office_Mixed_use,,,,,,
21,4,Office_Mixed_use,,,,,,
21,5,Office_Mixed_use,,,,,,
21,Aggregated,Office_Mixed_use,,,,,,
21,Centralized,Office_Mixed_use,,,,,,
22,0,Office_Mixed_use,,,,,,
22,1,Office_Mixed_use,,,,,,
22,2,Office_Mixed_use,,,,,,
22,3,Office_Mixed_use,,,,,,
22,4,Office_Mixed_use,,,,,,
22,5,Office_Mixed_use,,,,,,
22,Aggregated,Office_Mixed_use,,,,,,
22,Centralized,Office_Mixed_use,,,,,,
23,0,Office_Mixed_use,,,,,,
23,1,Office_Mixed_use,,,,,,
23,2,Office_Mixed_use,,,,,,
23,3,Office_Mixed_use,,,,,,
23,4,Office_Mixed_use,,,,,,
23,5,Office_Mixed_use,,,,,,
23,Aggregated,Office_Mixed_use,,,,,,
23,Centralized,Office_Mixed_use,,,,,,
24,0,Office_Mixed_use,,,,,,
24,1,Office_Mixed_use,,,,,,
24,2,Office_Mixed_use,,,,,,
24,3,Office_Mixed_use,,,,,,
24,4,Office_Mixed_use,,,,,,
24,5,Office_Mixed_use,,,,,,
24,Aggregated,Office_Mixed_use,,,,,,
24,Centralized,Office_Mixed_use,,,,,,
25,0,Office_Mixed_use,,,,,,
25,1,Office_Mixed_use,,,,,,
25,2,Office_Mixed_use,,,,,,
25,3,Office_Mixed_use,,,,,,
25,4,Office_Mixed_use,,,,,,
25,5,Office_Mixed_use,,,,,,
25,Aggregated,Office_Mixed_use,,,,,,
25,Centralized,Office_Mixed_use,,,,,,
26,0,Office_Mixed_use,,,,,,
26,1,Office_Mixed_use,,,,,,
26,2,Office_Mixed_use,,,,,,
26,3,Office_Mixed_use,,,,,,
26,4,Office_Mixed_use,,,,,,
26,5,Office_Mixed_use,,,,,,
26,Aggregated,Office_Mixed_use,,,,,,
26,Centralized,Office_Mixed_use,,,,,,
27,0,Office_Mixed_use,,,,,,
27,1,Office_Mixed_use,,,,,,
27,2,Office_Mixed_use,,,,,,
27,3,Office_Mixed_use,,,,,,
27,4,Office_Mixed_use,,,,,,
27,5,Office_Mixed_use,,,,,,
27,Aggregated,Office_Mixed_use,,,,,,
27,Centralized,Office_Mixed_use,,,,,,
28,0,Office_Mixed_use,,,,,,
28,1,Office_Mixed_use,,,,,,
28,2,Office_Mixed_use,,,,,,
28,3,Office_Mixed_use,,,,,,
28,4,Office_Mixed_use,,,,,,
28,5,Office_Mixed_use,,,,,,
28,Aggregated,Office_Mixed_use,,,,,,
28,Centralized,Office_Mixed_use,,,,,,
29,0,Office_Mixed_use,,,,,,
29,1,Office_Mixed_use,,,,,,
29,2,Office_Mixed_use,,,,,,
29,3,Office_Mixed_use,,,,,,
29,4,Office_Mixed_use,,,,,,
29,5,Office_Mixed_use,,,,,,
29,Aggregated,Office_Mixed_use,,,,,,
29,Centralized,Office_Mixed_use,,,,,,
30,0,Office_Mixed_use,,,,,,
30,1,Office_Mixed_use,,,,,,
30,2,Office_Mixed_use,,,,,,
30,3,Office_Mixed_use,,,,,,
30,4,Office_Mixed_use,,,,,,
30,5,Office_Mixed_use,,,,,,
30,Aggregated,Office_Mixed_use,,,,,,
30,Centralized,Office_Mixed_use,,,,,,
31,0,Office_Mixed_use,,,,,,
31,1,Office_Mixed_use,,,,,,
31,2,Office_Mixed_use,,,,,,
31,3,Office_Mixed_use,,,,,,
31,4,Office_Mixed_use,,,,,,
31,5,Office_Mixed_use,,,,,,
31,Aggregated,Office_Mixed_use,,,,,,
31,Centralized,Office_Mixed_use,,,,,,
32,0,Office_Mixed_use,,,,,,
32,1,Office_Mixed_use,,,,,,
32,2,Office_Mixed_use,,,,,,
32,3,Office_Mixed_use,,,,,,
32,4,Office_Mixed_use,,,,,,
32,5,Office_Mixed_use,,,,,,
32,Aggregated,Office_Mixed_use,,,,,,
32,Centralized,Office_Mixed_use,,,,,,
33,0,Office_Mixed_use,,,,,,
33,1,Office_Mixed_use,,,,,,
33,2,Office_Mixed_use,,,,,,
33,3,Office_Mixed_use,,,,,,
33,4,Office_Mixed_use,,,,,,
33,5,Office_Mixed_use,,,,,,
33,Aggregated,Office_Mixed_use,,,,,,
33,Centralized,Office_Mixed_use,,,,,,
34,0,Office_Mixed_use,,,,,,
34,1,Office_Mixed_use,,,,,,
34,2,Office_Mixed_use,,,,,,
34,3,Office_Mixed_use,,,,,,
34,4,Office_Mixed_use,,,,,,
34,5,Office_Mixed_use,,,,,,
34,Aggregated,Office_Mixed_use,,,,,,
34,Centralized,Office_Mixed_use,,,,,,
35,0,Office_Mixed_use,,,,,,
35,1,Office_Mixed_use,,,,,,
35,2,Office_Mixed_use,,,,,,
35,3,Office_Mixed_use,,,,,,
35,4,Office_Mixed_use,,,,,,
35,5,Office_Mixed_use,,,,,,
35,Aggregated,Office_Mixed_use,,,,,,
35,Centralized,Office_Mixed_use,,,,,,
36,0,Office_Mixed_use,,,,,,
36,1,Office_Mixed_use,,,,,,
36,2,Office_Mixed_use,,,,,,
36,3,Office_Mixed_use,,,,,,
36,4,Office_Mixed_use,,,,,,
36,5,Office_Mixed_use,,,,,,
36,Aggregated,Office_Mixed_use,,,,,,
36,Centralized,Office_Mixed_use,,,,,,
37,0,Office_Mixed_use,,,,,,
37,1,Office_Mixed_use,,,,,,
37,2,Office_Mixed_use,,,,,,
37,3,Office_Mixed_use,,,,,,
37,4,Office_Mixed_use,,,,,,
37,5,Office_Mixed_use,,,,,,
37,Aggregated,Office_Mixed_use,,,,,,
37,Centralized,Office_Mixed_use,,,,,,
38,0,Office_Mixed_use,,,,,,
38,1,Office_Mixed_use,,,,,,
38,2,Office_Mixed_use,,,,,,
38,3,Office_Mixed_use,,,,,,
38,4,Office_Mixed_use,,,,,,
38,5,Office_Mixed_use,,,,,,
38,Aggregated,Office_Mixed_use,,,,,,
38,Centralized,Office_Mixed_use,,,,,,
39,0,Office_Mixed_use,,,,,,
39,1,Office_Mixed_use,,,,,,
39,2,Office_Mixed_use,,,,,,
39,3,Office_Mixed_use,,,,,,
39,4,Office_Mixed_use,,,,,,
39,5,Office_Mixed_use,,,,,,
39,Aggregated,Office_Mixed_use,,,,,,
39,Centralized,Office_Mixed_use,,,,,,
40,0,Office_Mixed_use,,,,,,
40,1,Office_Mixed_use,,,,,,
40,2,Office_Mixed_use,,,,,,
40,3,Office_Mixed_use,,,,,,
40,4,Office_Mixed_use,,,,,,
40,5,Office_Mixed_use,,,,,,
40,Aggregated,Office_Mixed_use,,,,,,
40,Centralized,Office_Mixed_use,,,,,,
41,0,Office_Mixed_use,,,,,,
41,1,Office_Mixed_use,,,,,,
41,2,Office_Mixed_use,,,,,,
41,3,Office_Mixed_use,,,,,,
41,4,Office_Mixed_use,,,,,,
41,5,Office_Mixed_use,,,,,,
41,Aggregated,Office_Mixed_use,,,,,,
41,Centralized,Office_Mixed_use,,,,,,
42,0,Office_Mixed_use,,,,,,
42,1,Office_Mixed_use,,,,,,
42,2,Office_Mixed_use,,,,,,
42,3,Office_Mixed_use,,,,,,
42,4,Office_Mixed_use,,,,,,
42,5,Office_Mixed_use,,,,,,
42,Aggregated,Office_Mixed_use,,,,,,
42,Centralized,Office_Mixed_use,,,,,,
43,0,Office_Mixed_use,,,,,,
43,1,Office_Mixed_use,,,,,,
43,2,Office_Mixed_use,,,,,,
43,3,Office_Mixed_use,,,,,,
43,4,Office_Mixed_use,,,,,,
43,5,Office_Mixed_use,,,,,,
43,Aggregated,Office_Mixed_use,,,,,,
43,Centralized,Office_Mixed_use,,,,,,
44,0,Office_Mixed_use,,,,,,
44,1,Office_Mixed_use,,,,,,
44,2,Office_Mixed_use,,,,,,
44,3,Office_Mixed_use,,,,,,
44,4,Office_Mixed_use,,,,,,
44,5,Office_Mixed_use,,,,,,
44,Aggregated,Office_Mixed_use,,,,,,
44,Centralized,Office_Mixed_use,,,,,,
45,0,Office_Mixed_use,,,,,,
45,1,Office_Mixed_use,,,,,,
45,2,Office_Mixed_use,,,,,,
45,3,Office_Mixed_use,,,,,,
45,4,Office_Mixed_use,,,,,,
45,5,Office_Mixed_use,,,,,,
45,Aggregated,Office_Mixed_use,,,,,,
45,Centralized,Office_Mixed_use,,,,,,
46,0,Office_Mixed_use,,,,,,
46,1,Office_Mixed_use,,,,,,
46,2,Office_Mixed_use,,,,,,
46,3,Office_Mixed_use,,,,,,
46,4,Office_Mixed_use,,,,,,
46,5,Office_Mixed_use,,,,,,
46,Aggregated,Office_Mixed_use,,,,,,
46,Centralized,Office_Mixed_use,,,,,,
47,0,Office_Mixed_use,,,,,,
47,1,Office_Mixed_use,,,,,,
47,2,Office_Mixed_use,,,,,,
47,3,Office_Mixed_use,,,,,,
47,4,Office_Mixed_use,,,,,,
47,5,Office_Mixed_use,,,,,,
47,Aggregated,Office_Mixed_use,,,,,,
47,Centralized,Office_Mixed_use,,,,,,
48,0,Office_Mixed_use,,,,,,
48,1,Office_Mixed_use,,,,,,
48,2,Office_Mixed_use,,,,,,
48,3,Office_Mixed_use,,,,,,
48,4,Office_Mixed_use,,,,,,
48,5,Office_Mixed_use,,,,,,
48,Aggregated,Office_Mixed_use,,,,,,
48,Centralized,Office_Mixed_use,,,,,,
49,0,Office_Mixed_use,,,,,,
49,1,Office_Mixed_use,,,,,,
49,2,Office_Mixed_use,,,,,,
49,3,Office_Mixed_use,,,,,,
49,4,Office_Mixed_use,,,,,,
49,5,Office_Mixed_use,,,,,,
49,Aggregated,Office_Mixed_use,,,,,,
49,Centralized,Office_Mixed_use,,,,,,
50,0,Office_Mixed_use,,,,,,
50,1,Office_Mixed_use,,,,,,
50,2,Office_Mixed_use,,,,,,
50,3,Office_Mixed_use,,,,,,
50,4,Office_Mixed_use,,,,,,
50,5,Office_Mixed_use,,,,,,
50,Aggregated,Office_Mixed_use,,,,,,
50,Centralized,Office_Mixed_use,,,,,,
0,0,Public_Safety_Uncategorized,,,,,,
0,1,Public_Safety_Uncategorized,,,,,,
0,2,Public_Safety_Uncategorized,,,,,,
0,3,Public_Safety_Uncategorized,,,,,,
0,4,Public_Safety_Uncategorized,,,,,,
0,5,Public_Safety_Uncategorized,,,,,,
0,Aggregated,Public_Safety_Uncategorized,,,,,,
0,Centralized,Public_Safety_Uncategorized,,,,,,
1,0,Public_Safety_Uncategorized,,,,,,
1,1,Public_Safety_Uncategorized,,,,,,
1,2,Public_Safety_Uncategorized,,,,,,
1,3,Public_Safety_Uncategorized,,,,,,
1,4,Public_Safety_Uncategorized,,,,,,
1,5,Public_Safety_Uncategorized,,,,,,
1,Aggregated,Public_Safety_Uncategorized,,,,,,
1,Centralized,Public_Safety_Uncategorized,,,,,,
2,0,Public_Safety_Uncategorized,,,,,,
2,1,Public_Safety_Uncategorized,,,,,,
2,2,Public_Safety_Uncategorized,,,,,,
2,3,Public_Safety_Uncategorized,,,,,,
2,4,Public_Safety_Uncategorized,,,,,,
2,5,Public_Safety_Uncategorized,,,,,,
2,Aggregated,Public_Safety_Uncategorized,,,,,,
2,Centralized,Public_Safety_Uncategorized,,,,,,
3,0,Public_Safety_Uncategorized,,,,,,
3,1,Public_Safety_Uncategorized,,,,,,
3,2,Public_Safety_Uncategorized,,,,,,
3,3,Public_Safety_Uncategorized,,,,,,
3,4,Public_Safety_Uncategorized,,,,,,
3,5,Public_Safety_Uncategorized,,,,,,
3,Aggregated,Public_Safety_Uncategorized,,,,,,
3,Centralized,Public_Safety_Uncategorized,,,,,,
4,0,Public_Safety_Uncategorized,,,,,,
4,1,Public_Safety_Uncategorized,,,,,,
4,2,Public_Safety_Uncategorized,,,,,,
4,3,Public_Safety_Uncategorized,,,,,,
4,4,Public_Safety_Uncategorized,,,,,,
4,5,Public_Safety_Uncategorized,,,,,,
4,Aggregated,Public_Safety_Uncategorized,,,,,,
4,Centralized,Public_Safety_Uncategorized,,,,,,
5,0,Public_Safety_Uncategorized,,,,,,
5,1,Public_Safety_Uncategorized,,,,,,
5,2,Public_Safety_Uncategorized,,,,,,
5,3,Public_Safety_Uncategorized,,,,,,
5,4,Public_Safety_Uncategorized,,,,,,
5,5,Public_Safety_Uncategorized,,,,,,
5,Aggregated,Public_Safety_Uncategorized,,,,,,
5,Centralized,Public_Safety_Uncategorized,,,,,,
6,0,Public_Safety_Uncategorized,,,,,,
6,1,Public_Safety_Uncategorized,,,,,,
6,2,Public_Safety_Uncategorized,,,,,,
6,3,Public_Safety_Uncategorized,,,,,,
6,4,Public_Safety_Uncategorized,,,,,,
6,5,Public_Safety_Uncategorized,,,,,,
6,Aggregated,Public_Safety_Uncategorized,,,,,,
6,Centralized,Public_Safety_Uncategorized,,,,,,
7,0,Public_Safety_Uncategorized,,,,,,
7,1,Public_Safety_Uncategorized,,,,,,
7,2,Public_Safety_Uncategorized,,,,,,
7,3,Public_Safety_Uncategorized,,,,,,
7,4,Public_Safety_Uncategorized,,,,,,
7,5,Public_Safety_Uncategorized,,,,,,
7,Aggregated,Public_Safety_Uncategorized,,,,,,
7,Centralized,Public_Safety_Uncategorized,,,,,,
8,0,Public_Safety_Uncategorized,,,,,,
8,1,Public_Safety_Uncategorized,,,,,,
8,2,Public_Safety_Uncategorized,,,,,,
8,3,Public_Safety_Uncategorized,,,,,,
8,4,Public_Safety_Uncategorized,,,,,,
8,5,Public_Safety_Uncategorized,,,,,,
8,Aggregated,Public_Safety_Uncategorized,,,,,,
8,Centralized,Public_Safety_Uncategorized,,,,,,
9,0,Public_Safety_Uncategorized,,,,,,
9,1,Public_Safety_Uncategorized,,,,,,
9,2,Public_Safety_Uncategorized,,,,,,
9,3,Public_Safety_Uncategorized,,,,,,
9,4,Public_Safety_Uncategorized,,,,,,
9,5,Public_Safety_Uncategorized,,,,,,
9,Aggregated,Public_Safety_Uncategorized,,,,,,
9,Centralized,Public_Safety_Uncategorized,,,,,,
10,0,Public_Safety_Uncategorized,,,,,,
10,1,Public_Safety_Uncategorized,,,,,,
10,2,Public_Safety_Uncategorized,,,,,,
10,3,Public_Safety_Uncategorized,,,,,,
10,4,Public_Safety_Uncategorized,,,,,,
10,5,Public_Safety_Uncategorized,,,,,,
10,Aggregated,Public_Safety_Uncategorized,,,,,,
10,Centralized,Public_Safety_Uncategorized,,,,,,
11,0,Public_Safety_Uncategorized,,,,,,
11,1,Public_Safety_Uncategorized,,,,,,
11,2,Public_Safety_Uncategorized,,,,,,
11,3,Public_Safety_Uncategorized,,,,,,
11,4,Public_Safety_Uncategorized,,,,,,
11,5,Public_Safety_Uncategorized,,,,,,
11,Aggregated,Public_Safety_Uncategorized,,,,,,
11,Centralized,Public_Safety_Uncategorized,,,,,,
12,0,Public_Safety_Uncategorized,,,,,,
12,1,Public_Safety_Uncategorized,,,,,,
12,2,Public_Safety_Uncategorized,,,,,,
12,3,Public_Safety_Uncategorized,,,,,,
12,4,Public_Safety_Uncategorized,,,,,,
12,5,Public_Safety_Uncategorized,,,,,,
12,Aggregated,Public_Safety_Uncategorized,,,,,,
12,Centralized,Public_Safety_Uncategorized,,,,,,
13,0,Public_Safety_Uncategorized,,,,,,
13,1,Public_Safety_Uncategorized,,,,,,
13,2,Public_Safety_Uncategorized,,,,,,
13,3,Public_Safety_Uncategorized,,,,,,
13,4,Public_Safety_Uncategorized,,,,,,
13,5,Public_Safety_Uncategorized,,,,,,
13,Aggregated,Public_Safety_Uncategorized,,,,,,
13,Centralized,Public_Safety_Uncategorized,,,,,,
14,0,Public_Safety_Uncategorized,,,,,,
14,1,Public_Safety_Uncategorized,,,,,,
14,2,Public_Safety_Uncategorized,,,,,,
14,3,Public_Safety_Uncategorized,,,,,,
14,4,Public_Safety_Uncategorized,,,,,,
14,5,Public_Safety_Uncategorized,,,,,,
14,Aggregated,Public_Safety_Uncategorized,,,,,,
14,Centralized,Public_Safety_Uncategorized,,,,,,
15,0,Public_Safety_Uncategorized,,,,,,
15,1,Public_Safety_Uncategorized,,,,,,
15,2,Public_Safety_Uncategorized,,,,,,
15,3,Public_Safety_Uncategorized,,,,,,
15,4,Public_Safety_Uncategorized,,,,,,
15,5,Public_Safety_Uncategorized,,,,,,
15,Aggregated,Public_Safety_Uncategorized,,,,,,
15,Centralized,Public_Safety_Uncategorized,,,,,,
16,0,Public_Safety_Uncategorized,,,,,,
16,1,Public_Safety_Uncategorized,,,,,,
16,2,Public_Safety_Uncategorized,,,,,,
16,3,Public_Safety_Uncategorized,,,,,,
16,4,Public_Safety_Uncategorized,,,,,,
16,5,Public_Safety_Uncategorized,,,,,,
16,Aggregated,Public_Safety_Uncategorized,,,,,,
16,Centralized,Public_Safety_Uncategorized,,,,,,
17,0,Public_Safety_Uncategorized,,,,,,
17,1,Public_Safety_Uncategorized,,,,,,
17,2,Public_Safety_Uncategorized,,,,,,
17,3,Public_Safety_Uncategorized,,,,,,
17,4,Public_Safety_Uncategorized,,,,,,
17,5,Public_Safety_Uncategorized,,,,,,
17,Aggregated,Public_Safety_Uncategorized,,,,,,
17,Centralized,Public_Safety_Uncategorized,,,,,,
18,0,Public_Safety_Uncategorized,,,,,,
18,1,Public_Safety_Uncategorized,,,,,,
18,2,Public_Safety_Uncategorized,,,,,,
18,3,Public_Safety_Uncategorized,,,,,,
18,4,Public_Safety_Uncategorized,,,,,,
18,5,Public_Safety_Uncategorized,,,,,,
18,Aggregated,Public_Safety_Uncategorized,,,,,,
18,Centralized,Public_Safety_Uncategorized,,,,,,
19,0,Public_Safety_Uncategorized,,,,,,
19,1,Public_Safety_Uncategorized,,,,,,
19,2,Public_Safety_Uncategorized,,,,,,
19,3,Public_Safety_Uncategorized,,,,,,
19,4,Public_Safety_Uncategorized,,,,,,
19,5,Public_Safety_Uncategorized,,,,,,
19,Aggregated,Public_Safety_Uncategorized,,,,,,
19,Centralized,Public_Safety_Uncategorized,,,,,,
20,0,Public_Safety_Uncategorized,,,,,,
20,1,Public_Safety_Uncategorized,,,,,,
20,2,Public_Safety_Uncategorized,,,,,,
20,3,Public_Safety_Uncategorized,,,,,,
20,4,Public_Safety_Uncategorized,,,,,,
20,5,Public_Safety_Uncategorized,,,,,,
20,Aggregated,Public_Safety_Uncategorized,,,,,,
20,Centralized,Public_Safety_Uncategorized,,,,,,
21,0,Public_Safety_Uncategorized,,,,,,
21,1,Public_Safety_Uncategorized,,,,,,
21,2,Public_Safety_Uncategorized,,,,,,
21,3,Public_Safety_Uncategorized,,,,,,
21,4,Public_Safety_Uncategorized,,,,,,
21,5,Public_Safety_Uncategorized,,,,,,
21,Aggregated,Public_Safety_Uncategorized,,,,,,
21,Centralized,Public_Safety_Uncategorized,,,,,,
22,0,Public_Safety_Uncategorized,,,,,,
22,1,Public_Safety_Uncategorized,,,,,,
22,2,Public_Safety_Uncategorized,,,,,,
22,3,Public_Safety_Uncategorized,,,,,,
22,4,Public_Safety_Uncategorized,,,,,,
22,5,Public_Safety_Uncategorized,,,,,,
22,Aggregated,Public_Safety_Uncategorized,,,,,,
22,Centralized,Public_Safety_Uncategorized,,,,,,
23,0,Public_Safety_Uncategorized,,,,,,
23,1,Public_Safety_Uncategorized,,,,,,
23,2,Public_Safety_Uncategorized,,,,,,
23,3,Public_Safety_Uncategorized,,,,,,
23,4,Public_Safety_Uncategorized,,,,,,
23,5,Public_Safety_Uncategorized,,,,,,
23,Aggregated,Public_Safety_Uncategorized,,,,,,
23,Centralized,Public_Safety_Uncategorized,,,,,,
24,0,Public_Safety_Uncategorized,,,,,,
24,1,Public_Safety_Uncategorized,,,,,,
24,2,Public_Safety_Uncategorized,,,,,,
24,3,Public_Safety_Uncategorized,,,,,,
24,4,Public_Safety_Uncategorized,,,,,,
24,5,Public_Safety_Uncategorized,,,,,,
24,Aggregated,Public_Safety_Uncategorized,,,,,,
24,Centralized,Public_Safety_Uncategorized,,,,,,
25,0,Public_Safety_Uncategorized,,,,,,
25,1,Public_Safety_Uncategorized,,,,,,
25,2,Public_Safety_Uncategorized,,,,,,
25,3,Public_Safety_Uncategorized,,,,,,
25,4,Public_Safety_Uncategorized,,,,,,
25,5,Public_Safety_Uncategorized,,,,,,
25,Aggregated,Public_Safety_Uncategorized,,,,,,
25,Centralized,Public_Safety_Uncategorized,,,,,,
26,0,Public_Safety_Uncategorized,,,,,,
26,1,Public_Safety_Uncategorized,,,,,,
26,2,Public_Safety_Uncategorized,,,,,,
26,3,Public_Safety_Uncategorized,,,,,,
26,4,Public_Safety_Uncategorized,,,,,,
26,5,Public_Safety_Uncategorized,,,,,,
26,Aggregated,Public_Safety_Uncategorized,,,,,,
26,Centralized,Public_Safety_Uncategorized,,,,,,
27,0,Public_Safety_Uncategorized,,,,,,
27,1,Public_Safety_Uncategorized,,,,,,
27,2,Public_Safety_Uncategorized,,,,,,
27,3,Public_Safety_Uncategorized,,,,,,
27,4,Public_Safety_Uncategorized,,,,,,
27,5,Public_Safety_Uncategorized,,,,,,
27,Aggregated,Public_Safety_Uncategorized,,,,,,
27,Centralized,Public_Safety_Uncategorized,,,,,,
28,0,Public_Safety_Uncategorized,,,,,,
28,1,Public_Safety_Uncategorized,,,,,,
28,2,Public_Safety_Uncategorized,,,,,,
28,3,Public_Safety_Uncategorized,,,,,,
28,4,Public_Safety_Uncategorized,,,,,,
28,5,Public_Safety_Uncategorized,,,,,,
28,Aggregated,Public_Safety_Uncategorized,,,,,,
28,Centralized,Public_Safety_Uncategorized,,,,,,
29,0,Public_Safety_Uncategorized,,,,,,
29,1,Public_Safety_Uncategorized,,,,,,
29,2,Public_Safety_Uncategorized,,,,,,
29,3,Public_Safety_Uncategorized,,,,,,
29,4,Public_Safety_Uncategorized,,,,,,
29,5,Public_Safety_Uncategorized,,,,,,
29,Aggregated,Public_Safety_Uncategorized,,,,,,
29,Centralized,Public_Safety_Uncategorized,,,,,,
30,0,Public_Safety_Uncategorized,,,,,,
30,1,Public_Safety_Uncategorized,,,,,,
30,2,Public_Safety_Uncategorized,,,,,,
30,3,Public_Safety_Uncategorized,,,,,,
30,4,Public_Safety_Uncategorized,,,,,,
30,5,Public_Safety_Uncategorized,,,,,,
30,Aggregated,Public_Safety_Uncategorized,,,,,,
30,Centralized,Public_Safety_Uncategorized,,,,,,
31,0,Public_Safety_Uncategorized,,,,,,
31,1,Public_Safety_Uncategorized,,,,,,
31,2,Public_Safety_Uncategorized,,,,,,
31,3,Public_Safety_Uncategorized,,,,,,
31,4,Public_Safety_Uncategorized,,,,,,
31,5,Public_Safety_Uncategorized,,,,,,
31,Aggregated,Public_Safety_Uncategorized,,,,,,
31,Centralized,Public_Safety_Uncategorized,,,,,,
32,0,Public_Safety_Uncategorized,,,,,,
32,1,Public_Safety_Uncategorized,,,,,,
32,2,Public_Safety_Uncategorized,,,,,,
32,3,Public_Safety_Uncategorized,,,,,,
32,4,Public_Safety_Uncategorized,,,,,,
32,5,Public_Safety_Uncategorized,,,,,,
32,Aggregated,Public_Safety_Uncategorized,,,,,,
32,Centralized,Public_Safety_Uncategorized,,,,,,
33,0,Public_Safety_Uncategorized,,,,,,
33,1,Public_Safety_Uncategorized,,,,,,
33,2,Public_Safety_Uncategorized,,,,,,
33,3,Public_Safety_Uncategorized,,,,,,
33,4,Public_Safety_Uncategorized,,,,,,
33,5,Public_Safety_Uncategorized,,,,,,
33,Aggregated,Public_Safety_Uncategorized,,,,,,
33,Centralized,Public_Safety_Uncategorized,,,,,,
34,0,Public_Safety_Uncategorized,,,,,,
34,1,Public_Safety_Uncategorized,,,,,,
34,2,Public_Safety_Uncategorized,,,,,,
34,3,Public_Safety_Uncategorized,,,,,,
34,4,Public_Safety_Uncategorized,,,,,,
34,5,Public_Safety_Uncategorized,,,,,,
34,Aggregated,Public_Safety_Uncategorized,,,,,,
34,Centralized,Public_Safety_Uncategorized,,,,,,
35,0,Public_Safety_Uncategorized,,,,,,
35,1,Public_Safety_Uncategorized,,,,,,
35,2,Public_Safety_Uncategorized,,,,,,
35,3,Public_Safety_Uncategorized,,,,,,
35,4,Public_Safety_Uncategorized,,,,,,
35,5,Public_Safety_Uncategorized,,,,,,
35,Aggregated,Public_Safety_Uncategorized,,,,,,
35,Centralized,Public_Safety_Uncategorized,,,,,,
36,0,Public_Safety_Uncategorized,,,,,,
36,1,Public_Safety_Uncategorized,,,,,,
36,2,Public_Safety_Uncategorized,,,,,,
36,3,Public_Safety_Uncategorized,,,,,,
36,4,Public_Safety_Uncategorized,,,,,,
36,5,Public_Safety_Uncategorized,,,,,,
36,Aggregated,Public_Safety_Uncategorized,,,,,,
36,Centralized,Public_Safety_Uncategorized,,,,,,
37,0,Public_Safety_Uncategorized,,,,,,
37,1,Public_Safety_Uncategorized,,,,,,
37,2,Public_Safety_Uncategorized,,,,,,
37,3,Public_Safety_Uncategorized,,,,,,
37,4,Public_Safety_Uncategorized,,,,,,
37,5,Public_Safety_Uncategorized,,,,,,
37,Aggregated,Public_Safety_Uncategorized,,,,,,
37,Centralized,Public_Safety_Uncategorized,,,,,,
38,0,Public_Safety_Uncategorized,,,,,,
38,1,Public_Safety_Uncategorized,,,,,,
38,2,Public_Safety_Uncategorized,,,,,,
38,3,Public_Safety_Uncategorized,,,,,,
38,4,Public_Safety_Uncategorized,,,,,,
38,5,Public_Safety_Uncategorized,,,,,,
38,Aggregated,Public_Safety_Uncategorized,,,,,,
38,Centralized,Public_Safety_Uncategorized,,,,,,
39,0,Public_Safety_Uncategorized,,,,,,
39,1,Public_Safety_Uncategorized,,,,,,
39,2,Public_Safety_Uncategorized,,,,,,
39,3,Public_Safety_Uncategorized,,,,,,
39,4,Public_Safety_Uncategorized,,,,,,
39,5,Public_Safety_Uncategorized,,,,,,
39,Aggregated,Public_Safety_Uncategorized,,,,,,
39,Centralized,Public_Safety_Uncategorized,,,,,,
40,0,Public_Safety_Uncategorized,,,,,,
40,1,Public_Safety_Uncategorized,,,,,,
40,2,Public_Safety_Uncategorized,,,,,,
40,3,Public_Safety_Uncategorized,,,,,,
40,4,Public_Safety_Uncategorized,,,,,,
40,5,Public_Safety_Uncategorized,,,,,,
40,Aggregated,Public_Safety_Uncategorized,,,,,,
40,Centralized,Public_Safety_Uncategorized,,,,,,
41,0,Public_Safety_Uncategorized,,,,,,
41,1,Public_Safety_Uncategorized,,,,,,
41,2,Public_Safety_Uncategorized,,,,,,
41,3,Public_Safety_Uncategorized,,,,,,
41,4,Public_Safety_Uncategorized,,,,,,
41,5,Public_Safety_Uncategorized,,,,,,
41,Aggregated,Public_Safety_Uncategorized,,,,,,
41,Centralized,Public_Safety_Uncategorized,,,,,,
42,0,Public_Safety_Uncategorized,,,,,,
42,1,Public_Safety_Uncategorized,,,,,,
42,2,Public_Safety_Uncategorized,,,,,,
42,3,Public_Safety_Uncategorized,,,,,,
42,4,Public_Safety_Uncategorized,,,,,,
42,5,Public_Safety_Uncategorized,,,,,,
42,Aggregated,Public_Safety_Uncategorized,,,,,,
42,Centralized,Public_Safety_Uncategorized,,,,,,
43,0,Public_Safety_Uncategorized,,,,,,
43,1,Public_Safety_Uncategorized,,,,,,
43,2,Public_Safety_Uncategorized,,,,,,
43,3,Public_Safety_Uncategorized,,,,,,
43,4,Public_Safety_Uncategorized,,,,,,
43,5,Public_Safety_Uncategorized,,,,,,
43,Aggregated,Public_Safety_Uncategorized,,,,,,
43,Centralized,Public_Safety_Uncategorized,,,,,,
44,0,Public_Safety_Uncategorized,,,,,,
44,1,Public_Safety_Uncategorized,,,,,,
44,2,Public_Safety_Uncategorized,,,,,,
44,3,Public_Safety_Uncategorized,,,,,,
44,4,Public_Safety_Uncategorized,,,,,,
44,5,Public_Safety_Uncategorized,,,,,,
44,Aggregated,Public_Safety_Uncategorized,,,,,,
44,Centralized,Public_Safety_Uncategorized,,,,,,
45,0,Public_Safety_Uncategorized,,,,,,
45,1,Public_Safety_Uncategorized,,,,,,
45,2,Public_Safety_Uncategorized,,,,,,
45,3,Public_Safety_Uncategorized,,,,,,
45,4,Public_Safety_Uncategorized,,,,,,
45,5,Public_Safety_Uncategorized,,,,,,
45,Aggregated,Public_Safety_Uncategorized,,,,,,
45,Centralized,Public_Safety_Uncategorized,,,,,,
46,0,Public_Safety_Uncategorized,,,,,,
46,1,Public_Safety_Uncategorized,,,,,,
46,2,Public_Safety_Uncategorized,,,,,,
46,3,Public_Safety_Uncategorized,,,,,,
46,4,Public_Safety_Uncategorized,,,,,,
46,5,Public_Safety_Uncategorized,,,,,,
46,Aggregated,Public_Safety_Uncategorized,,,,,,
46,Centralized,Public_Safety_Uncategorized,,,,,,
47,0,Public_Safety_Uncategorized,,,,,,
47,1,Public_Safety_Uncategorized,,,,,,
47,2,Public_Safety_Uncategorized,,,,,,
47,3,Public_Safety_Uncategorized,,,,,,
47,4,Public_Safety_Uncategorized,,,,,,
47,5,Public_Safety_Uncategorized,,,,,,
47,Aggregated,Public_Safety_Uncategorized,,,,,,
47,Centralized,Public_Safety_Uncategorized,,,,,,
48,0,Public_Safety_Uncategorized,,,,,,
48,1,Public_Safety_Uncategorized,,,,,,
48,2,Public_Safety_Uncategorized,,,,,,
48,3,Public_Safety_Uncategorized,,,,,,
48,4,Public_Safety_Uncategorized,,,,,,
48,5,Public_Safety_Uncategorized,,,,,,
48,Aggregated,Public_Safety_Uncategorized,,,,,,
48,Centralized,Public_Safety_Uncategorized,,,,,,
49,0,Public_Safety_Uncategorized,,,,,,
49,1,Public_Safety_Uncategorized,,,,,,
49,2,Public_Safety_Uncategorized,,,,,,
49,3,Public_Safety_Uncategorized,,,,,,
49,4,Public_Safety_Uncategorized,,,,,,
49,5,Public_Safety_Uncategorized,,,,,,
49,Aggregated,Public_Safety_Uncategorized,,,,,,
49,Centralized,Public_Safety_Uncategorized,,,,,,
50,0,Public_Safety_Uncategorized,,,,,,
50,1,Public_Safety_Uncategorized,,,,,,
50,2,Public_Safety_Uncategorized,,,,,,
50,3,Public_Safety_Uncategorized,,,,,,
50,4,Public_Safety_Uncategorized,,,,,,
50,5,Public_Safety_Uncategorized,,,,,,
50,Aggregated,Public_Safety_Uncategorized,,,,,,
50,Centralized,Public_Safety_Uncategorized,,,,,,
0,0,Mixed_Use_Predominantly_Residential,,,,,,
0,1,Mixed_Use_Predominantly_Residential,,,,,,
0,2,Mixed_Use_Predominantly_Residential,,,,,,
0,3,Mixed_Use_Predominantly_Residential,,,,,,
0,4,Mixed_Use_Predominantly_Residential,,,,,,
0,5,Mixed_Use_Predominantly_Residential,,,,,,
0,Aggregated,Mixed_Use_Predominantly_Residential,,,,,,
0,Centralized,Mixed_Use_Predominantly_Residential,,,,,,
1,0,Mixed_Use_Predominantly_Residential,,,,,,
1,1,Mixed_Use_Predominantly_Residential,,,,,,
1,2,Mixed_Use_Predominantly_Residential,,,,,,
1,3,Mixed_Use_Predominantly_Residential,,,,,,
1,4,Mixed_Use_Predominantly_Residential,,,,,,
1,5,Mixed_Use_Predominantly_Residential,,,,,,
1,Aggregated,Mixed_Use_Predominantly_Residential,,,,,,
1,Centralized,Mixed_Use_Predominantly_Residential,,,,,,
2,0,Mixed_Use_Predominantly_Residential,,,,,,
2,1,Mixed_Use_Predominantly_Residential,,,,,,
2,2,Mixed_Use_Predominantly_Residential,,,,,,
2,3,Mixed_Use_Predominantly_Residential,,,,,,
2,4,Mixed_Use_Predominantly_Residential,,,,,,
2,5,Mixed_Use_Predominantly_Residential,,,,,,
2,Aggregated,Mixed_Use_Predominantly_Residential,,,,,,
2,Centralized,Mixed_Use_Predominantly_Residential,,,,,,
3,0,Mixed_Use_Predominantly_Residential,,,,,,
3,1,Mixed_Use_Predominantly_Residential,,,,,,
3,2,Mixed_Use_Predominantly_Residential,,,,,,
3,3,Mixed_Use_Predominantly_Residential,,,,,,
3,4,Mixed_Use_Predominantly_Residential,,,,,,
3,5,Mixed_Use_Predominantly_Residential,,,,,,
3,Aggregated,Mixed_Use_Predominantly_Residential,,,,,,
3,Centralized,Mixed_Use_Predominantly_Residential,,,,,,
4,0,Mixed_Use_Predominantly_Residential,,,,,,
4,1,Mixed_Use_Predominantly_Residential,,,,,,
4,2,Mixed_Use_Predominantly_Residential,,,,,,
4,3,Mixed_Use_Predominantly_Residential,,,,,,
4,4,Mixed_Use_Predominantly_Residential,,,,,,
4,5,Mixed_Use_Predominantly_Residential,,,,,,
4,Aggregated,Mixed_Use_Predominantly_Residential,,,,,,
4,Centralized,Mixed_Use_Predominantly_Residential,,,,,,
5,0,Mixed_Use_Predominantly_Residential,,,,,,
5,1,Mixed_Use_Predominantly_Residential,,,,,,
5,2,Mixed_Use_Predominantly_Residential,,,,,,
5,3,Mixed_Use_Predominantly_Residential,,,,,,
5,4,Mixed_Use_Predominantly_Residential,,,,,,
5,5,Mixed_Use_Predominantly_Residential,,,,,,
5,Aggregated,Mixed_Use_Predominantly_Residential,,,,,,
5,Centralized,Mixed_Use_Predominantly_Residential,,,,,,
6,0,Mixed_Use_Predominantly_Residential,,,,,,
6,1,Mixed_Use_Predominantly_Residential,,,,,,
6,2,Mixed_Use_Predominantly_Residential,,,,,,
6,3,Mixed_Use_Predominantly_Residential,,,,,,
6,4,Mixed_Use_Predominantly_Residential,,,,,,
6,5,Mixed_Use_Predominantly_Residential,,,,,,
6,Aggregated,Mixed_Use_Predominantly_Residential,,,,,,
6,Centralized,Mixed_Use_Predominantly_Residential,,,,,,
7,0,Mixed_Use_Predominantly_Residential,,,,,,
7,1,Mixed_Use_Predominantly_Residential,,,,,,
7,2,Mixed_Use_Predominantly_Residential,,,,,,
7,3,Mixed_Use_Predominantly_Residential,,,,,,
7,4,Mixed_Use_Predominantly_Residential,,,,,,
7,5,Mixed_Use_Predominantly_Residential,,,,,,
7,Aggregated,Mixed_Use_Predominantly_Residential,,,,,,
7,Centralized,Mixed_Use_Predominantly_Residential,,,,,,
8,0,Mixed_Use_Predominantly_Residential,,,,,,
8,1,Mixed_Use_Predominantly_Residential,,,,,,
8,2,Mixed_Use_Predominantly_Residential,,,,,,
8,3,Mixed_Use_Predominantly_Residential,,,,,,
8,4,Mixed_Use_Predominantly_Residential,,,,,,
8,5,Mixed_Use_Predominantly_Residential,,,,,,
8,Aggregated,Mixed_Use_Predominantly_Residential,,,,,,
8,Centralized,Mixed_Use_Predominantly_Residential,,,,,,
9,0,Mixed_Use_Predominantly_Residential,,,,,,
9,1,Mixed_Use_Predominantly_Residential,,,,,,
9,2,Mixed_Use_Predominantly_Residential,,,,,,
9,3,Mixed_Use_Predominantly_Residential,,,,,,
9,4,Mixed_Use_Predominantly_Residential,,,,,,
9,5,Mixed_Use_Predominantly_Residential,,,,,,
9,Aggregated,Mixed_Use_Predominantly_Residential,,,,,,
9,Centralized,Mixed_Use_Predominantly_Residential,,,,,,
10,0,Mixed_Use_Predominantly_Residential,,,,,,
10,1,Mixed_Use_Predominantly_Residential,,,,,,
10,2,Mixed_Use_Predominantly_Residential,,,,,,
10,3,Mixed_Use_Predominantly_Residential,,,,,,
10,4,Mixed_Use_Predominantly_Residential,,,,,,
10,5,Mixed_Use_Predominantly_Residential,,,,,,
10,Aggregated,Mixed_Use_Predominantly_Residential,,,,,,
10,Centralized,Mixed_Use_Predominantly_Residential,,,,,,
11,0,Mixed_Use_Predominantly_Residential,,,,,,
11,1,Mixed_Use_Predominantly_Residential,,,,,,
11,2,Mixed_Use_Predominantly_Residential,,,,,,
11,3,Mixed_Use_Predominantly_Residential,,,,,,
11,4,Mixed_Use_Predominantly_Residential,,,,,,
11,5,Mixed_Use_Predominantly_Residential,,,,,,
11,Aggregated,Mixed_Use_Predominantly_Residential,,,,,,
11,Centralized,Mixed_Use_Predominantly_Residential,,,,,,
12,0,Mixed_Use_Predominantly_Residential,,,,,,
12,1,Mixed_Use_Predominantly_Residential,,,,,,
12,2,Mixed_Use_Predominantly_Residential,,,,,,
12,3,Mixed_Use_Predominantly_Residential,,,,,,
12,4,Mixed_Use_Predominantly_Residential,,,,,,
12,5,Mixed_Use_Predominantly_Residential,,,,,,
12,Aggregated,Mixed_Use_Predominantly_Residential,,,,,,
12,Centralized,Mixed_Use_Predominantly_Residential,,,,,,
13,0,Mixed_Use_Predominantly_Residential,,,,,,
13,1,Mixed_Use_Predominantly_Residential,,,,,,
13,2,Mixed_Use_Predominantly_Residential,,,,,,
13,3,Mixed_Use_Predominantly_Residential,,,,,,
13,4,Mixed_Use_Predominantly_Residential,,,,,,
13,5,Mixed_Use_Predominantly_Residential,,,,,,
13,Aggregated,Mixed_Use_Predominantly_Residential,,,,,,
13,Centralized,Mixed_Use_Predominantly_Residential,,,,,,
14,0,Mixed_Use_Predominantly_Residential,,,,,,
14,1,Mixed_Use_Predominantly_Residential,,,,,,
14,2,Mixed_Use_Predominantly_Residential,,,,,,
14,3,Mixed_Use_Predominantly_Residential,,,,,,
14,4,Mixed_Use_Predominantly_Residential,,,,,,
14,5,Mixed_Use_Predominantly_Residential,,,,,,
14,Aggregated,Mixed_Use_Predominantly_Residential,,,,,,
14,Centralized,Mixed_Use_Predominantly_Residential,,,,,,
15,0,Mixed_Use_Predominantly_Residential,,,,,,
15,1,Mixed_Use_Predominantly_Residential,,,,,,
15,2,Mixed_Use_Predominantly_Residential,,,,,,
15,3,Mixed_Use_Predominantly_Residential,,,,,,
15,4,Mixed_Use_Predominantly_Residential,,,,,,
15,5,Mixed_Use_Predominantly_Residential,,,,,,
15,Aggregated,Mixed_Use_Predominantly_Residential,,,,,,
15,Centralized,Mixed_Use_Predominantly_Residential,,,,,,
16,0,Mixed_Use_Predominantly_Residential,,,,,,
16,1,Mixed_Use_Predominantly_Residential,,,,,,
16,2,Mixed_Use_Predominantly_Residential,,,,,,
16,3,Mixed_Use_Predominantly_Residential,,,,,,
16,4,Mixed_Use_Predominantly_Residential,,,,,,
16,5,Mixed_Use_Predominantly_Residential,,,,,,
16,Aggregated,Mixed_Use_Predominantly_Residential,,,,,,
16,Centralized,Mixed_Use_Predominantly_Residential,,,,,,
17,0,Mixed_Use_Predominantly_Residential,,,,,,
17,1,Mixed_Use_Predominantly_Residential,,,,,,
17,2,Mixed_Use_Predominantly_Residential,,,,,,
17,3,Mixed_Use_Predominantly_Residential,,,,,,
17,4,Mixed_Use_Predominantly_Residential,,,,,,
17,5,Mixed_Use_Predominantly_Residential,,,,,,
17,Aggregated,Mixed_Use_Predominantly_Residential,,,,,,
17,Centralized,Mixed_Use_Predominantly_Residential,,,,,,
18,0,Mixed_Use_Predominantly_Residential,,,,,,
18,1,Mixed_Use_Predominantly_Residential,,,,,,
18,2,Mixed_Use_Predominantly_Residential,,,,,,
18,3,Mixed_Use_Predominantly_Residential,,,,,,
18,4,Mixed_Use_Predominantly_Residential,,,,,,
18,5,Mixed_Use_Predominantly_Residential,,,,,,
18,Aggregated,Mixed_Use_Predominantly_Residential,,,,,,
18,Centralized,Mixed_Use_Predominantly_Residential,,,,,,
19,0,Mixed_Use_Predominantly_Residential,,,,,,
19,1,Mixed_Use_Predominantly_Residential,,,,,,
19,2,Mixed_Use_Predominantly_Residential,,,,,,
19,3,Mixed_Use_Predominantly_Residential,,,,,,
19,4,Mixed_Use_Predominantly_Residential,,,,,,
19,5,Mixed_Use_Predominantly_Residential,,,,,,
19,Aggregated,Mixed_Use_Predominantly_Residential,,,,,,
19,Centralized,Mixed_Use_Predominantly_Residential,,,,,,
20,0,Mixed_Use_Predominantly_Residential,,,,,,
20,1,Mixed_Use_Predominantly_Residential,,,,,,
20,2,Mixed_Use_Predominantly_Residential,,,,,,
20,3,Mixed_Use_Predominantly_Residential,,,,,,
20,4,Mixed_Use_Predominantly_Residential,,,,,,
20,5,Mixed_Use_Predominantly_Residential,,,,,,
20,Aggregated,Mixed_Use_Predominantly_Residential,,,,,,
20,Centralized,Mixed_Use_Predominantly_Residential,,,,,,
21,0,Mixed_Use_Predominantly_Residential,,,,,,
21,1,Mixed_Use_Predominantly_Residential,,,,,,
21,2,Mixed_Use_Predominantly_Residential,,,,,,
21,3,Mixed_Use_Predominantly_Residential,,,,,,
21,4,Mixed_Use_Predominantly_Residential,,,,,,
21,5,Mixed_Use_Predominantly_Residential,,,,,,
21,Aggregated,Mixed_Use_Predominantly_Residential,,,,,,
21,Centralized,Mixed_Use_Predominantly_Residential,,,,,,
22,0,Mixed_Use_Predominantly_Residential,,,,,,
22,1,Mixed_Use_Predominantly_Residential,,,,,,
22,2,Mixed_Use_Predominantly_Residential,,,,,,
22,3,Mixed_Use_Predominantly_Residential,,,,,,
22,4,Mixed_Use_Predominantly_Residential,,,,,,
22,5,Mixed_Use_Predominantly_Residential,,,,,,
22,Aggregated,Mixed_Use_Predominantly_Residential,,,,,,
22,Centralized,Mixed_Use_Predominantly_Residential,,,,,,
23,0,Mixed_Use_Predominantly_Residential,,,,,,
23,1,Mixed_Use_Predominantly_Residential,,,,,,
23,2,Mixed_Use_Predominantly_Residential,,,,,,
23,3,Mixed_Use_Predominantly_Residential,,,,,,
23,4,Mixed_Use_Predominantly_Residential,,,,,,
23,5,Mixed_Use_Predominantly_Residential,,,,,,
23,Aggregated,Mixed_Use_Predominantly_Residential,,,,,,
23,Centralized,Mixed_Use_Predominantly_Residential,,,,,,
24,0,Mixed_Use_Predominantly_Residential,,,,,,
24,1,Mixed_Use_Predominantly_Residential,,,,,,
24,2,Mixed_Use_Predominantly_Residential,,,,,,
24,3,Mixed_Use_Predominantly_Residential,,,,,,
24,4,Mixed_Use_Predominantly_Residential,,,,,,
24,5,Mixed_Use_Predominantly_Residential,,,,,,
24,Aggregated,Mixed_Use_Predominantly_Residential,,,,,,
24,Centralized,Mixed_Use_Predominantly_Residential,,,,,,
25,0,Mixed_Use_Predominantly_Residential,,,,,,
25,1,Mixed_Use_Predominantly_Residential,,,,,,
25,2,Mixed_Use_Predominantly_Residential,,,,,,
25,3,Mixed_Use_Predominantly_Residential,,,,,,
25,4,Mixed_Use_Predominantly_Residential,,,,,,
25,5,Mixed_Use_Predominantly_Residential,,,,,,
25,Aggregated,Mixed_Use_Predominantly_Residential,,,,,,
25,Centralized,Mixed_Use_Predominantly_Residential,,,,,,
26,0,Mixed_Use_Predominantly_Residential,,,,,,
26,1,Mixed_Use_Predominantly_Residential,,,,,,
26,2,Mixed_Use_Predominantly_Residential,,,,,,
26,3,Mixed_Use_Predominantly_Residential,,,,,,
26,4,Mixed_Use_Predominantly_Residential,,,,,,
26,5,Mixed_Use_Predominantly_Residential,,,,,,
26,Aggregated,Mixed_Use_Predominantly_Residential,,,,,,
26,Centralized,Mixed_Use_Predominantly_Residential,,,,,,
27,0,Mixed_Use_Predominantly_Residential,,,,,,
27,1,Mixed_Use_Predominantly_Residential,,,,,,
27,2,Mixed_Use_Predominantly_Residential,,,,,,
27,3,Mixed_Use_Predominantly_Residential,,,,,,
27,4,Mixed_Use_Predominantly_Residential,,,,,,
27,5,Mixed_Use_Predominantly_Residential,,,,,,
27,Aggregated,Mixed_Use_Predominantly_Residential,,,,,,
27,Centralized,Mixed_Use_Predominantly_Residential,,,,,,
28,0,Mixed_Use_Predominantly_Residential,,,,,,
28,1,Mixed_Use_Predominantly_Residential,,,,,,
28,2,Mixed_Use_Predominantly_Residential,,,,,,
28,3,Mixed_Use_Predominantly_Residential,,,,,,
28,4,Mixed_Use_Predominantly_Residential,,,,,,
28,5,Mixed_Use_Predominantly_Residential,,,,,,
28,Aggregated,Mixed_Use_Predominantly_Residential,,,,,,
28,Centralized,Mixed_Use_Predominantly_Residential,,,,,,
29,0,Mixed_Use_Predominantly_Residential,,,,,,
29,1,Mixed_Use_Predominantly_Residential,,,,,,
29,2,Mixed_Use_Predominantly_Residential,,,,,,
29,3,Mixed_Use_Predominantly_Residential,,,,,,
29,4,Mixed_Use_Predominantly_Residential,,,,,,
29,5,Mixed_Use_Predominantly_Residential,,,,,,
29,Aggregated,Mixed_Use_Predominantly_Residential,,,,,,
29,Centralized,Mixed_Use_Predominantly_Residential,,,,,,
30,0,Mixed_Use_Predominantly_Residential,,,,,,
30,1,Mixed_Use_Predominantly_Residential,,,,,,
30,2,Mixed_Use_Predominantly_Residential,,,,,,
30,3,Mixed_Use_Predominantly_Residential,,,,,,
30,4,Mixed_Use_Predominantly_Residential,,,,,,
30,5,Mixed_Use_Predominantly_Residential,,,,,,
30,Aggregated,Mixed_Use_Predominantly_Residential,,,,,,
30,Centralized,Mixed_Use_Predominantly_Residential,,,,,,
31,0,Mixed_Use_Predominantly_Residential,,,,,,
31,1,Mixed_Use_Predominantly_Residential,,,,,,
31,2,Mixed_Use_Predominantly_Residential,,,,,,
31,3,Mixed_Use_Predominantly_Residential,,,,,,
31,4,Mixed_Use_Predominantly_Residential,,,,,,
31,5,Mixed_Use_Predominantly_Residential,,,,,,
31,Aggregated,Mixed_Use_Predominantly_Residential,,,,,,
31,Centralized,Mixed_Use_Predominantly_Residential,,,,,,
32,0,Mixed_Use_Predominantly_Residential,,,,,,
32,1,Mixed_Use_Predominantly_Residential,,,,,,
32,2,Mixed_Use_Predominantly_Residential,,,,,,
32,3,Mixed_Use_Predominantly_Residential,,,,,,
32,4,Mixed_Use_Predominantly_Residential,,,,,,
32,5,Mixed_Use_Predominantly_Residential,,,,,,
32,Aggregated,Mixed_Use_Predominantly_Residential,,,,,,
32,Centralized,Mixed_Use_Predominantly_Residential,,,,,,
33,0,Mixed_Use_Predominantly_Residential,,,,,,
33,1,Mixed_Use_Predominantly_Residential,,,,,,
33,2,Mixed_Use_Predominantly_Residential,,,,,,
33,3,Mixed_Use_Predominantly_Residential,,,,,,
33,4,Mixed_Use_Predominantly_Residential,,,,,,
33,5,Mixed_Use_Predominantly_Residential,,,,,,
33,Aggregated,Mixed_Use_Predominantly_Residential,,,,,,
33,Centralized,Mixed_Use_Predominantly_Residential,,,,,,
34,0,Mixed_Use_Predominantly_Residential,,,,,,
34,1,Mixed_Use_Predominantly_Residential,,,,,,
34,2,Mixed_Use_Predominantly_Residential,,,,,,
34,3,Mixed_Use_Predominantly_Residential,,,,,,
34,4,Mixed_Use_Predominantly_Residential,,,,,,
34,5,Mixed_Use_Predominantly_Residential,,,,,,
34,Aggregated,Mixed_Use_Predominantly_Residential,,,,,,
34,Centralized,Mixed_Use_Predominantly_Residential,,,,,,
35,0,Mixed_Use_Predominantly_Residential,,,,,,
35,1,Mixed_Use_Predominantly_Residential,,,,,,
35,2,Mixed_Use_Predominantly_Residential,,,,,,
35,3,Mixed_Use_Predominantly_Residential,,,,,,
35,4,Mixed_Use_Predominantly_Residential,,,,,,
35,5,Mixed_Use_Predominantly_Residential,,,,,,
35,Aggregated,Mixed_Use_Predominantly_Residential,,,,,,
35,Centralized,Mixed_Use_Predominantly_Residential,,,,,,
36,0,Mixed_Use_Predominantly_Residential,,,,,,
36,1,Mixed_Use_Predominantly_Residential,,,,,,
36,2,Mixed_Use_Predominantly_Residential,,,,,,
36,3,Mixed_Use_Predominantly_Residential,,,,,,
36,4,Mixed_Use_Predominantly_Residential,,,,,,
36,5,Mixed_Use_Predominantly_Residential,,,,,,
36,Aggregated,Mixed_Use_Predominantly_Residential,,,,,,
36,Centralized,Mixed_Use_Predominantly_Residential,,,,,,
37,0,Mixed_Use_Predominantly_Residential,,,,,,
37,1,Mixed_Use_Predominantly_Residential,,,,,,
37,2,Mixed_Use_Predominantly_Residential,,,,,,
37,3,Mixed_Use_Predominantly_Residential,,,,,,
37,4,Mixed_Use_Predominantly_Residential,,,,,,
37,5,Mixed_Use_Predominantly_Residential,,,,,,
37,Aggregated,Mixed_Use_Predominantly_Residential,,,,,,
37,Centralized,Mixed_Use_Predominantly_Residential,,,,,,
38,0,Mixed_Use_Predominantly_Residential,,,,,,
38,1,Mixed_Use_Predominantly_Residential,,,,,,
38,2,Mixed_Use_Predominantly_Residential,,,,,,
38,3,Mixed_Use_Predominantly_Residential,,,,,,
38,4,Mixed_Use_Predominantly_Residential,,,,,,
38,5,Mixed_Use_Predominantly_Residential,,,,,,
38,Aggregated,Mixed_Use_Predominantly_Residential,,,,,,
38,Centralized,Mixed_Use_Predominantly_Residential,,,,,,
39,0,Mixed_Use_Predominantly_Residential,,,,,,
39,1,Mixed_Use_Predominantly_Residential,,,,,,
39,2,Mixed_Use_Predominantly_Residential,,,,,,
39,3,Mixed_Use_Predominantly_Residential,,,,,,
39,4,Mixed_Use_Predominantly_Residential,,,,,,
39,5,Mixed_Use_Predominantly_Residential,,,,,,
39,Aggregated,Mixed_Use_Predominantly_Residential,,,,,,
39,Centralized,Mixed_Use_Predominantly_Residential,,,,,,
40,0,Mixed_Use_Predominantly_Residential,,,,,,
40,1,Mixed_Use_Predominantly_Residential,,,,,,
40,2,Mixed_Use_Predominantly_Residential,,,,,,
40,3,Mixed_Use_Predominantly_Residential,,,,,,
40,4,Mixed_Use_Predominantly_Residential,,,,,,
40,5,Mixed_Use_Predominantly_Residential,,,,,,
40,Aggregated,Mixed_Use_Predominantly_Residential,,,,,,
40,Centralized,Mixed_Use_Predominantly_Residential,,,,,,
41,0,Mixed_Use_Predominantly_Residential,,,,,,
41,1,Mixed_Use_Predominantly_Residential,,,,,,
41,2,Mixed_Use_Predominantly_Residential,,,,,,
41,3,Mixed_Use_Predominantly_Residential,,,,,,
41,4,Mixed_Use_Predominantly_Residential,,,,,,
41,5,Mixed_Use_Predominantly_Residential,,,,,,
41,Aggregated,Mixed_Use_Predominantly_Residential,,,,,,
41,Centralized,Mixed_Use_Predominantly_Residential,,,,,,
42,0,Mixed_Use_Predominantly_Residential,,,,,,
42,1,Mixed_Use_Predominantly_Residential,,,,,,
42,2,Mixed_Use_Predominantly_Residential,,,,,,
42,3,Mixed_Use_Predominantly_Residential,,,,,,
42,4,Mixed_Use_Predominantly_Residential,,,,,,
42,5,Mixed_Use_Predominantly_Residential,,,,,,
42,Aggregated,Mixed_Use_Predominantly_Residential,,,,,,
42,Centralized,Mixed_Use_Predominantly_Residential,,,,,,
43,0,Mixed_Use_Predominantly_Residential,,,,,,
43,1,Mixed_Use_Predominantly_Residential,,,,,,
43,2,Mixed_Use_Predominantly_Residential,,,,,,
43,3,Mixed_Use_Predominantly_Residential,,,,,,
43,4,Mixed_Use_Predominantly_Residential,,,,,,
43,5,Mixed_Use_Predominantly_Residential,,,,,,
43,Aggregated,Mixed_Use_Predominantly_Residential,,,,,,
43,Centralized,Mixed_Use_Predominantly_Residential,,,,,,
44,0,Mixed_Use_Predominantly_Residential,,,,,,
44,1,Mixed_Use_Predominantly_Residential,,,,,,
44,2,Mixed_Use_Predominantly_Residential,,,,,,
44,3,Mixed_Use_Predominantly_Residential,,,,,,
44,4,Mixed_Use_Predominantly_Residential,,,,,,
44,5,Mixed_Use_Predominantly_Residential,,,,,,
44,Aggregated,Mixed_Use_Predominantly_Residential,,,,,,
44,Centralized,Mixed_Use_Predominantly_Residential,,,,,,
45,0,Mixed_Use_Predominantly_Residential,,,,,,
45,1,Mixed_Use_Predominantly_Residential,,,,,,
45,2,Mixed_Use_Predominantly_Residential,,,,,,
45,3,Mixed_Use_Predominantly_Residential,,,,,,
45,4,Mixed_Use_Predominantly_Residential,,,,,,
45,5,Mixed_Use_Predominantly_Residential,,,,,,
45,Aggregated,Mixed_Use_Predominantly_Residential,,,,,,
45,Centralized,Mixed_Use_Predominantly_Residential,,,,,,
46,0,Mixed_Use_Predominantly_Residential,,,,,,
46,1,Mixed_Use_Predominantly_Residential,,,,,,
46,2,Mixed_Use_Predominantly_Residential,,,,,,
46,3,Mixed_Use_Predominantly_Residential,,,,,,
46,4,Mixed_Use_Predominantly_Residential,,,,,,
46,5,Mixed_Use_Predominantly_Residential,,,,,,
46,Aggregated,Mixed_Use_Predominantly_Residential,,,,,,
46,Centralized,Mixed_Use_Predominantly_Residential,,,,,,
47,0,Mixed_Use_Predominantly_Residential,,,,,,
47,1,Mixed_Use_Predominantly_Residential,,,,,,
47,2,Mixed_Use_Predominantly_Residential,,,,,,
47,3,Mixed_Use_Predominantly_Residential,,,,,,
47,4,Mixed_Use_Predominantly_Residential,,,,,,
47,5,Mixed_Use_Predominantly_Residential,,,,,,
47,Aggregated,Mixed_Use_Predominantly_Residential,,,,,,
47,Centralized,Mixed_Use_Predominantly_Residential,,,,,,
48,0,Mixed_Use_Predominantly_Residential,,,,,,
48,1,Mixed_Use_Predominantly_Residential,,,,,,
48,2,Mixed_Use_Predominantly_Residential,,,,,,
48,3,Mixed_Use_Predominantly_Residential,,,,,,
48,4,Mixed_Use_Predominantly_Residential,,,,,,
48,5,Mixed_Use_Predominantly_Residential,,,,,,
48,Aggregated,Mixed_Use_Predominantly_Residential,,,,,,
48,Centralized,Mixed_Use_Predominantly_Residential,,,,,,
49,0,Mixed_Use_Predominantly_Residential,,,,,,
49,1,Mixed_Use_Predominantly_Residential,,,,,,
49,2,Mixed_Use_Predominantly_Residential,,,,,,
49,3,Mixed_Use_Predominantly_Residential,,,,,,
49,4,Mixed_Use_Predominantly_Residential,,,,,,
49,5,Mixed_Use_Predominantly_Residential,,,,,,
49,Aggregated,Mixed_Use_Predominantly_Residential,,,,,,
49,Centralized,Mixed_Use_Predominantly_Residential,,,,,,
50,0,Mixed_Use_Predominantly_Residential,,,,,,
50,1,Mixed_Use_Predominantly_Residential,,,,,,
50,2,Mixed_Use_Predominantly_Residential,,,,,,
50,3,Mixed_Use_Predominantly_Residential,,,,,,
50,4,Mixed_Use_Predominantly_Residential,,,,,,
50,5,Mixed_Use_Predominantly_Residential,,,,,,
50,Aggregated,Mixed_Use_Predominantly_Residential,,,,,,
50,Centralized,Mixed_Use_Predominantly_Residential,,,,,,
0,0,Lodging_Uncategorized,,,,,,
0,1,Lodging_Uncategorized,,,,,,
0,2,Lodging_Uncategorized,,,,,,
0,3,Lodging_Uncategorized,,,,,,
0,4,Lodging_Uncategorized,,,,,,
0,5,Lodging_Uncategorized,,,,,,
0,Aggregated,Lodging_Uncategorized,,,,,,
0,Centralized,Lodging_Uncategorized,,,,,,
1,0,Lodging_Uncategorized,,,,,,
1,1,Lodging_Uncategorized,,,,,,
1,2,Lodging_Uncategorized,,,,,,
1,3,Lodging_Uncategorized,,,,,,
1,4,Lodging_Uncategorized,,,,,,
1,5,Lodging_Uncategorized,,,,,,
1,Aggregated,Lodging_Uncategorized,,,,,,
1,Centralized,Lodging_Uncategorized,,,,,,
2,0,Lodging_Uncategorized,,,,,,
2,1,Lodging_Uncategorized,,,,,,
2,2,Lodging_Uncategorized,,,,,,
2,3,Lodging_Uncategorized,,,,,,
2,4,Lodging_Uncategorized,,,,,,
2,5,Lodging_Uncategorized,,,,,,
2,Aggregated,Lodging_Uncategorized,,,,,,
2,Centralized,Lodging_Uncategorized,,,,,,
3,0,Lodging_Uncategorized,,,,,,
3,1,Lodging_Uncategorized,,,,,,
3,2,Lodging_Uncategorized,,,,,,
3,3,Lodging_Uncategorized,,,,,,
3,4,Lodging_Uncategorized,,,,,,
3,5,Lodging_Uncategorized,,,,,,
3,Aggregated,Lodging_Uncategorized,,,,,,
3,Centralized,Lodging_Uncategorized,,,,,,
4,0,Lodging_Uncategorized,,,,,,
4,1,Lodging_Uncategorized,,,,,,
4,2,Lodging_Uncategorized,,,,,,
4,3,Lodging_Uncategorized,,,,,,
4,4,Lodging_Uncategorized,,,,,,
4,5,Lodging_Uncategorized,,,,,,
4,Aggregated,Lodging_Uncategorized,,,,,,
4,Centralized,Lodging_Uncategorized,,,,,,
5,0,Lodging_Uncategorized,,,,,,
5,1,Lodging_Uncategorized,,,,,,
5,2,Lodging_Uncategorized,,,,,,
5,3,Lodging_Uncategorized,,,,,,
5,4,Lodging_Uncategorized,,,,,,
5,5,Lodging_Uncategorized,,,,,,
5,Aggregated,Lodging_Uncategorized,,,,,,
5,Centralized,Lodging_Uncategorized,,,,,,
6,0,Lodging_Uncategorized,,,,,,
6,1,Lodging_Uncategorized,,,,,,
6,2,Lodging_Uncategorized,,,,,,
6,3,Lodging_Uncategorized,,,,,,
6,4,Lodging_Uncategorized,,,,,,
6,5,Lodging_Uncategorized,,,,,,
6,Aggregated,Lodging_Uncategorized,,,,,,
6,Centralized,Lodging_Uncategorized,,,,,,
7,0,Lodging_Uncategorized,,,,,,
7,1,Lodging_Uncategorized,,,,,,
7,2,Lodging_Uncategorized,,,,,,
7,3,Lodging_Uncategorized,,,,,,
7,4,Lodging_Uncategorized,,,,,,
7,5,Lodging_Uncategorized,,,,,,
7,Aggregated,Lodging_Uncategorized,,,,,,
7,Centralized,Lodging_Uncategorized,,,,,,
8,0,Lodging_Uncategorized,,,,,,
8,1,Lodging_Uncategorized,,,,,,
8,2,Lodging_Uncategorized,,,,,,
8,3,Lodging_Uncategorized,,,,,,
8,4,Lodging_Uncategorized,,,,,,
8,5,Lodging_Uncategorized,,,,,,
8,Aggregated,Lodging_Uncategorized,,,,,,
8,Centralized,Lodging_Uncategorized,,,,,,
9,0,Lodging_Uncategorized,,,,,,
9,1,Lodging_Uncategorized,,,,,,
9,2,Lodging_Uncategorized,,,,,,
9,3,Lodging_Uncategorized,,,,,,
9,4,Lodging_Uncategorized,,,,,,
9,5,Lodging_Uncategorized,,,,,,
9,Aggregated,Lodging_Uncategorized,,,,,,
9,Centralized,Lodging_Uncategorized,,,,,,
10,0,Lodging_Uncategorized,,,,,,
10,1,Lodging_Uncategorized,,,,,,
10,2,Lodging_Uncategorized,,,,,,
10,3,Lodging_Uncategorized,,,,,,
10,4,Lodging_Uncategorized,,,,,,
10,5,Lodging_Uncategorized,,,,,,
10,Aggregated,Lodging_Uncategorized,,,,,,
10,Centralized,Lodging_Uncategorized,,,,,,
11,0,Lodging_Uncategorized,,,,,,
11,1,Lodging_Uncategorized,,,,,,
11,2,Lodging_Uncategorized,,,,,,
11,3,Lodging_Uncategorized,,,,,,
11,4,Lodging_Uncategorized,,,,,,
11,5,Lodging_Uncategorized,,,,,,
11,Aggregated,Lodging_Uncategorized,,,,,,
11,Centralized,Lodging_Uncategorized,,,,,,
12,0,Lodging_Uncategorized,,,,,,
12,1,Lodging_Uncategorized,,,,,,
12,2,Lodging_Uncategorized,,,,,,
12,3,Lodging_Uncategorized,,,,,,
12,4,Lodging_Uncategorized,,,,,,
12,5,Lodging_Uncategorized,,,,,,
12,Aggregated,Lodging_Uncategorized,,,,,,
12,Centralized,Lodging_Uncategorized,,,,,,
13,0,Lodging_Uncategorized,,,,,,
13,1,Lodging_Uncategorized,,,,,,
13,2,Lodging_Uncategorized,,,,,,
13,3,Lodging_Uncategorized,,,,,,
13,4,Lodging_Uncategorized,,,,,,
13,5,Lodging_Uncategorized,,,,,,
13,Aggregated,Lodging_Uncategorized,,,,,,
13,Centralized,Lodging_Uncategorized,,,,,,
14,0,Lodging_Uncategorized,,,,,,
14,1,Lodging_Uncategorized,,,,,,
14,2,Lodging_Uncategorized,,,,,,
14,3,Lodging_Uncategorized,,,,,,
14,4,Lodging_Uncategorized,,,,,,
14,5,Lodging_Uncategorized,,,,,,
14,Aggregated,Lodging_Uncategorized,,,,,,
14,Centralized,Lodging_Uncategorized,,,,,,
15,0,Lodging_Uncategorized,,,,,,
15,1,Lodging_Uncategorized,,,,,,
15,2,Lodging_Uncategorized,,,,,,
15,3,Lodging_Uncategorized,,,,,,
15,4,Lodging_Uncategorized,,,,,,
15,5,Lodging_Uncategorized,,,,,,
15,Aggregated,Lodging_Uncategorized,,,,,,
15,Centralized,Lodging_Uncategorized,,,,,,
16,0,Lodging_Uncategorized,,,,,,
16,1,Lodging_Uncategorized,,,,,,
16,2,Lodging_Uncategorized,,,,,,
16,3,Lodging_Uncategorized,,,,,,
16,4,Lodging_Uncategorized,,,,,,
16,5,Lodging_Uncategorized,,,,,,
16,Aggregated,Lodging_Uncategorized,,,,,,
16,Centralized,Lodging_Uncategorized,,,,,,
17,0,Lodging_Uncategorized,,,,,,
17,1,Lodging_Uncategorized,,,,,,
17,2,Lodging_Uncategorized,,,,,,
17,3,Lodging_Uncategorized,,,,,,
17,4,Lodging_Uncategorized,,,,,,
17,5,Lodging_Uncategorized,,,,,,
17,Aggregated,Lodging_Uncategorized,,,,,,
17,Centralized,Lodging_Uncategorized,,,,,,
18,0,Lodging_Uncategorized,,,,,,
18,1,Lodging_Uncategorized,,,,,,
18,2,Lodging_Uncategorized,,,,,,
18,3,Lodging_Uncategorized,,,,,,
18,4,Lodging_Uncategorized,,,,,,
18,5,Lodging_Uncategorized,,,,,,
18,Aggregated,Lodging_Uncategorized,,,,,,
18,Centralized,Lodging_Uncategorized,,,,,,
19,0,Lodging_Uncategorized,,,,,,
19,1,Lodging_Uncategorized,,,,,,
19,2,Lodging_Uncategorized,,,,,,
19,3,Lodging_Uncategorized,,,,,,
19,4,Lodging_Uncategorized,,,,,,
19,5,Lodging_Uncategorized,,,,,,
19,Aggregated,Lodging_Uncategorized,,,,,,
19,Centralized,Lodging_Uncategorized,,,,,,
20,0,Lodging_Uncategorized,,,,,,
20,1,Lodging_Uncategorized,,,,,,
20,2,Lodging_Uncategorized,,,,,,
20,3,Lodging_Uncategorized,,,,,,
20,4,Lodging_Uncategorized,,,,,,
20,5,Lodging_Uncategorized,,,,,,
20,Aggregated,Lodging_Uncategorized,,,,,,
20,Centralized,Lodging_Uncategorized,,,,,,
21,0,Lodging_Uncategorized,,,,,,
21,1,Lodging_Uncategorized,,,,,,
21,2,Lodging_Uncategorized,,,,,,
21,3,Lodging_Uncategorized,,,,,,
21,4,Lodging_Uncategorized,,,,,,
21,5,Lodging_Uncategorized,,,,,,
21,Aggregated,Lodging_Uncategorized,,,,,,
21,Centralized,Lodging_Uncategorized,,,,,,
22,0,Lodging_Uncategorized,,,,,,
22,1,Lodging_Uncategorized,,,,,,
22,2,Lodging_Uncategorized,,,,,,
22,3,Lodging_Uncategorized,,,,,,
22,4,Lodging_Uncategorized,,,,,,
22,5,Lodging_Uncategorized,,,,,,
22,Aggregated,Lodging_Uncategorized,,,,,,
22,Centralized,Lodging_Uncategorized,,,,,,
23,0,Lodging_Uncategorized,,,,,,
23,1,Lodging_Uncategorized,,,,,,
23,2,Lodging_Uncategorized,,,,,,
23,3,Lodging_Uncategorized,,,,,,
23,4,Lodging_Uncategorized,,,,,,
23,5,Lodging_Uncategorized,,,,,,
23,Aggregated,Lodging_Uncategorized,,,,,,
23,Centralized,Lodging_Uncategorized,,,,,,
24,0,Lodging_Uncategorized,,,,,,
24,1,Lodging_Uncategorized,,,,,,
24,2,Lodging_Uncategorized,,,,,,
24,3,Lodging_Uncategorized,,,,,,
24,4,Lodging_Uncategorized,,,,,,
24,5,Lodging_Uncategorized,,,,,,
24,Aggregated,Lodging_Uncategorized,,,,,,
24,Centralized,Lodging_Uncategorized,,,,,,
25,0,Lodging_Uncategorized,,,,,,
25,1,Lodging_Uncategorized,,,,,,
25,2,Lodging_Uncategorized,,,,,,
25,3,Lodging_Uncategorized,,,,,,
25,4,Lodging_Uncategorized,,,,,,
25,5,Lodging_Uncategorized,,,,,,
25,Aggregated,Lodging_Uncategorized,,,,,,
25,Centralized,Lodging_Uncategorized,,,,,,
26,0,Lodging_Uncategorized,,,,,,
26,1,Lodging_Uncategorized,,,,,,
26,2,Lodging_Uncategorized,,,,,,
26,3,Lodging_Uncategorized,,,,,,
26,4,Lodging_Uncategorized,,,,,,
26,5,Lodging_Uncategorized,,,,,,
26,Aggregated,Lodging_Uncategorized,,,,,,
26,Centralized,Lodging_Uncategorized,,,,,,
27,0,Lodging_Uncategorized,,,,,,
27,1,Lodging_Uncategorized,,,,,,
27,2,Lodging_Uncategorized,,,,,,
27,3,Lodging_Uncategorized,,,,,,
27,4,Lodging_Uncategorized,,,,,,
27,5,Lodging_Uncategorized,,,,,,
27,Aggregated,Lodging_Uncategorized,,,,,,
27,Centralized,Lodging_Uncategorized,,,,,,
28,0,Lodging_Uncategorized,,,,,,
28,1,Lodging_Uncategorized,,,,,,
28,2,Lodging_Uncategorized,,,,,,
28,3,Lodging_Uncategorized,,,,,,
28,4,Lodging_Uncategorized,,,,,,
28,5,Lodging_Uncategorized,,,,,,
28,Aggregated,Lodging_Uncategorized,,,,,,
28,Centralized,Lodging_Uncategorized,,,,,,
29,0,Lodging_Uncategorized,,,,,,
29,1,Lodging_Uncategorized,,,,,,
29,2,Lodging_Uncategorized,,,,,,
29,3,Lodging_Uncategorized,,,,,,
29,4,Lodging_Uncategorized,,,,,,
29,5,Lodging_Uncategorized,,,,,,
29,Aggregated,Lodging_Uncategorized,,,,,,
29,Centralized,Lodging_Uncategorized,,,,,,
30,0,Lodging_Uncategorized,,,,,,
30,1,Lodging_Uncategorized,,,,,,
30,2,Lodging_Uncategorized,,,,,,
30,3,Lodging_Uncategorized,,,,,,
30,4,Lodging_Uncategorized,,,,,,
30,5,Lodging_Uncategorized,,,,,,
30,Aggregated,Lodging_Uncategorized,,,,,,
30,Centralized,Lodging_Uncategorized,,,,,,
31,0,Lodging_Uncategorized,,,,,,
31,1,Lodging_Uncategorized,,,,,,
31,2,Lodging_Uncategorized,,,,,,
31,3,Lodging_Uncategorized,,,,,,
31,4,Lodging_Uncategorized,,,,,,
31,5,Lodging_Uncategorized,,,,,,
31,Aggregated,Lodging_Uncategorized,,,,,,
31,Centralized,Lodging_Uncategorized,,,,,,
32,0,Lodging_Uncategorized,,,,,,
32,1,Lodging_Uncategorized,,,,,,
32,2,Lodging_Uncategorized,,,,,,
32,3,Lodging_Uncategorized,,,,,,
32,4,Lodging_Uncategorized,,,,,,
32,5,Lodging_Uncategorized,,,,,,
32,Aggregated,Lodging_Uncategorized,,,,,,
32,Centralized,Lodging_Uncategorized,,,,,,
33,0,Lodging_Uncategorized,,,,,,
33,1,Lodging_Uncategorized,,,,,,
33,2,Lodging_Uncategorized,,,,,,
33,3,Lodging_Uncategorized,,,,,,
33,4,Lodging_Uncategorized,,,,,,
33,5,Lodging_Uncategorized,,,,,,
33,Aggregated,Lodging_Uncategorized,,,,,,
33,Centralized,Lodging_Uncategorized,,,,,,
34,0,Lodging_Uncategorized,,,,,,
34,1,Lodging_Uncategorized,,,,,,
34,2,Lodging_Uncategorized,,,,,,
34,3,Lodging_Uncategorized,,,,,,
34,4,Lodging_Uncategorized,,,,,,
34,5,Lodging_Uncategorized,,,,,,
34,Aggregated,Lodging_Uncategorized,,,,,,
34,Centralized,Lodging_Uncategorized,,,,,,
35,0,Lodging_Uncategorized,,,,,,
35,1,Lodging_Uncategorized,,,,,,
35,2,Lodging_Uncategorized,,,,,,
35,3,Lodging_Uncategorized,,,,,,
35,4,Lodging_Uncategorized,,,,,,
35,5,Lodging_Uncategorized,,,,,,
35,Aggregated,Lodging_Uncategorized,,,,,,
35,Centralized,Lodging_Uncategorized,,,,,,
36,0,Lodging_Uncategorized,,,,,,
36,1,Lodging_Uncategorized,,,,,,
36,2,Lodging_Uncategorized,,,,,,
36,3,Lodging_Uncategorized,,,,,,
36,4,Lodging_Uncategorized,,,,,,
36,5,Lodging_Uncategorized,,,,,,
36,Aggregated,Lodging_Uncategorized,,,,,,
36,Centralized,Lodging_Uncategorized,,,,,,
37,0,Lodging_Uncategorized,,,,,,
37,1,Lodging_Uncategorized,,,,,,
37,2,Lodging_Uncategorized,,,,,,
37,3,Lodging_Uncategorized,,,,,,
37,4,Lodging_Uncategorized,,,,,,
37,5,Lodging_Uncategorized,,,,,,
37,Aggregated,Lodging_Uncategorized,,,,,,
37,Centralized,Lodging_Uncategorized,,,,,,
38,0,Lodging_Uncategorized,,,,,,
38,1,Lodging_Uncategorized,,,,,,
38,2,Lodging_Uncategorized,,,,,,
38,3,Lodging_Uncategorized,,,,,,
38,4,Lodging_Uncategorized,,,,,,
38,5,Lodging_Uncategorized,,,,,,
38,Aggregated,Lodging_Uncategorized,,,,,,
38,Centralized,Lodging_Uncategorized,,,,,,
39,0,Lodging_Uncategorized,,,,,,
39,1,Lodging_Uncategorized,,,,,,
39,2,Lodging_Uncategorized,,,,,,
39,3,Lodging_Uncategorized,,,,,,
39,4,Lodging_Uncategorized,,,,,,
39,5,Lodging_Uncategorized,,,,,,
39,Aggregated,Lodging_Uncategorized,,,,,,
39,Centralized,Lodging_Uncategorized,,,,,,
40,0,Lodging_Uncategorized,,,,,,
40,1,Lodging_Uncategorized,,,,,,
40,2,Lodging_Uncategorized,,,,,,
40,3,Lodging_Uncategorized,,,,,,
40,4,Lodging_Uncategorized,,,,,,
40,5,Lodging_Uncategorized,,,,,,
40,Aggregated,Lodging_Uncategorized,,,,,,
40,Centralized,Lodging_Uncategorized,,,,,,
41,0,Lodging_Uncategorized,,,,,,
41,1,Lodging_Uncategorized,,,,,,
41,2,Lodging_Uncategorized,,,,,,
41,3,Lodging_Uncategorized,,,,,,
41,4,Lodging_Uncategorized,,,,,,
41,5,Lodging_Uncategorized,,,,,,
41,Aggregated,Lodging_Uncategorized,,,,,,
41,Centralized,Lodging_Uncategorized,,,,,,
42,0,Lodging_Uncategorized,,,,,,
42,1,Lodging_Uncategorized,,,,,,
42,2,Lodging_Uncategorized,,,,,,
42,3,Lodging_Uncategorized,,,,,,
42,4,Lodging_Uncategorized,,,,,,
42,5,Lodging_Uncategorized,,,,,,
42,Aggregated,Lodging_Uncategorized,,,,,,
42,Centralized,Lodging_Uncategorized,,,,,,
43,0,Lodging_Uncategorized,,,,,,
43,1,Lodging_Uncategorized,,,,,,
43,2,Lodging_Uncategorized,,,,,,
43,3,Lodging_Uncategorized,,,,,,
43,4,Lodging_Uncategorized,,,,,,
43,5,Lodging_Uncategorized,,,,,,
43,Aggregated,Lodging_Uncategorized,,,,,,
43,Centralized,Lodging_Uncategorized,,,,,,
44,0,Lodging_Uncategorized,,,,,,
44,1,Lodging_Uncategorized,,,,,,
44,2,Lodging_Uncategorized,,,,,,
44,3,Lodging_Uncategorized,,,,,,
44,4,Lodging_Uncategorized,,,,,,
44,5,Lodging_Uncategorized,,,,,,
44,Aggregated,Lodging_Uncategorized,,,,,,
44,Centralized,Lodging_Uncategorized,,,,,,
45,0,Lodging_Uncategorized,,,,,,
45,1,Lodging_Uncategorized,,,,,,
45,2,Lodging_Uncategorized,,,,,,
45,3,Lodging_Uncategorized,,,,,,
45,4,Lodging_Uncategorized,,,,,,
45,5,Lodging_Uncategorized,,,,,,
45,Aggregated,Lodging_Uncategorized,,,,,,
45,Centralized,Lodging_Uncategorized,,,,,,
46,0,Lodging_Uncategorized,,,,,,
46,1,Lodging_Uncategorized,,,,,,
46,2,Lodging_Uncategorized,,,,,,
46,3,Lodging_Uncategorized,,,,,,
46,4,Lodging_Uncategorized,,,,,,
46,5,Lodging_Uncategorized,,,,,,
46,Aggregated,Lodging_Uncategorized,,,,,,
46,Centralized,Lodging_Uncategorized,,,,,,
47,0,Lodging_Uncategorized,,,,,,
47,1,Lodging_Uncategorized,,,,,,
47,2,Lodging_Uncategorized,,,,,,
47,3,Lodging_Uncategorized,,,,,,
47,4,Lodging_Uncategorized,,,,,,
47,5,Lodging_Uncategorized,,,,,,
47,Aggregated,Lodging_Uncategorized,,,,,,
47,Centralized,Lodging_Uncategorized,,,,,,
48,0,Lodging_Uncategorized,,,,,,
48,1,Lodging_Uncategorized,,,,,,
48,2,Lodging_Uncategorized,,,,,,
48,3,Lodging_Uncategorized,,,,,,
48,4,Lodging_Uncategorized,,,,,,
48,5,Lodging_Uncategorized,,,,,,
48,Aggregated,Lodging_Uncategorized,,,,,,
48,Centralized,Lodging_Uncategorized,,,,,,
49,0,Lodging_Uncategorized,,,,,,
49,1,Lodging_Uncategorized,,,,,,
49,2,Lodging_Uncategorized,,,,,,
49,3,Lodging_Uncategorized,,,,,,
49,4,Lodging_Uncategorized,,,,,,
49,5,Lodging_Uncategorized,,,,,,
49,Aggregated,Lodging_Uncategorized,,,,,,
49,Centralized,Lodging_Uncategorized,,,,,,
50,0,Lodging_Uncategorized,,,,,,
50,1,Lodging_Uncategorized,,,,,,
50,2,Lodging_Uncategorized,,,,,,
50,3,Lodging_Uncategorized,,,,,,
50,4,Lodging_Uncategorized,,,,,,
50,5,Lodging_Uncategorized,,,,,,
50,Aggregated,Lodging_Uncategorized,,,,,,
50,Centralized,Lodging_Uncategorized,,,,,,
