Round,Evaluator,Classes,0,1,2,3
0,0,Aspen,,,,
0,0,Cottonwood/Willow,,,,
0,0,Douglas-fir,,,,
0,0,Krummholz,,,,
0,0,Lodgepole Pine,,,,
0,0,Ponderosa Pine,,,,
0,0,Spruce/Fir,,,,
0,1,Aspen,,,,
0,1,Cottonwood/Willow,,,,
0,1,Douglas-fir,,,,
0,1,Krummholz,,,,
0,1,Lodgepole Pine,,,,
0,1,Ponderosa Pine,,,,
0,1,Spruce/Fir,,,,
0,2,Aspen,,,,
0,2,Cottonwood/Willow,,,,
0,2,Douglas-fir,,,,
0,2,Krummholz,,,,
0,2,Lodgepole Pine,,,,
0,2,Ponderosa Pine,,,,
0,2,Spruce/Fir,,,,
0,3,Aspen,,,,
0,3,Cottonwood/Willow,,,,
0,3,Douglas-fir,,,,
0,3,Krummholz,,,,
0,3,Lodgepole Pine,,,,
0,3,Ponderosa Pine,,,,
0,3,Spruce/Fir,,,,
0,Aggregated,Aspen,,,,
0,Aggregated,Cottonwood/Willow,,,,
0,Aggregated,Douglas-fir,,,,
0,Aggregated,Krummholz,,,,
0,Aggregated,Lodgepole Pine,,,,
0,Aggregated,Ponderosa Pine,,,,
0,Aggregated,Spruce/Fir,,,,
0,Centralized,Aspen,,,,
0,Centralized,Cottonwood/Willow,,,,
0,Centralized,Douglas-fir,,,,
0,Centralized,Krummholz,,,,
0,Centralized,Lodgepole Pine,,,,
0,Centralized,Ponderosa Pine,,,,
0,Centralized,Spruce/Fir,,,,
1,0,Aspen,-0.036766837344132844,0.03421320585494654,0.046038582658057416,-0.04348495116887111
1,0,Cottonwood/Willow,0.0,0.0,0.0,0.0
1,0,Douglas-fir,-0.021905615246512137,-0.08994834992109978,0.08294773836794121,-0.018125059066566612
1,0,Krummholz,0.20758779051715745,0.13763859233283168,0.15647601442524078,0.16326296911193738
1,0,Lodgepole Pine,0.1468792258025314,0.1392007854924085,0.14593171787011883,0.1342494232261796
1,0,Ponderosa Pine,0.19377412333879662,0.19582300569824804,0.1862884314946223,0.17525645154086292
1,0,Spruce/Fir,0.1578844244992281,0.18598057002156274,0.18134790473545012,0.18958259996412244
1,1,Aspen,-0.03485085208103084,0.04139046926757404,0.039704395941749904,-0.04624401312829307
1,1,Cottonwood/Willow,0.0,0.0,0.0,0.0
1,1,Douglas-fir,-0.02679993588524517,-0.09231452579146528,0.08801526140408217,-0.016427039099553842
1,1,Krummholz,0.20944971550401614,0.1460905616315227,0.15771232275456779,0.17008686314777513
1,1,Lodgepole Pine,0.14674250794435018,0.13943917994442293,0.1456198856959887,0.13473605633379795
1,1,Ponderosa Pine,0.1965150224766291,0.1974390377269035,0.18914696239141016,0.17935213259664085
1,1,Spruce/Fir,0.15859827075906055,0.1865720930604515,0.18194245417457755,0.19042125678892083
1,2,Aspen,-0.03934842183721739,0.035117670340165025,0.03969651975643022,-0.035465768259377854
1,2,Cottonwood/Willow,0.0,0.0,0.0,0.0
1,2,Douglas-fir,-0.02539719574895355,-0.07971981059475879,0.0736190595097753,-0.015085558694854248
1,2,Krummholz,0.2053147077126165,0.13904266022801529,0.16073280956659267,0.16376706966327584
1,2,Lodgepole Pine,0.14749843589348352,0.13935228834494426,0.14544781645076832,0.13506933895260367
1,2,Ponderosa Pine,0.19377626833489828,0.19643431210024642,0.18665566351630106,0.17837322342157202
1,2,Spruce/Fir,0.15933646186000314,0.18621230881611864,0.18119005136009944,0.18969781535399197
1,3,Aspen,-0.0329878851332652,0.03915638540574556,0.04288865902049498,-0.04905715929297532
1,3,Cottonwood/Willow,-0.07194396258873133,-0.07194396258873133,-0.07194396258873133,0.17558078988651618
1,3,Douglas-fir,-0.021832390925484935,-0.0836894357260265,0.08299375084478593,-0.014941788839245435
1,3,Krummholz,0.2029294450916103,0.13760116438339376,0.1562014493247219,0.16424716968692096
1,3,Lodgepole Pine,0.14671338267880937,0.13923562462523523,0.14528469531529678,0.13451663609477627
1,3,Ponderosa Pine,0.16523003283118665,0.1640867602286361,0.161808813642773,0.16476072855410862
1,3,Spruce/Fir,0.15778555843067768,0.18692530660045956,0.18233105593064491,0.1909863224063054
1,Aggregated,Aspen,-0.03598849909891157,0.03746943271710779,0.04208203934418313,-0.04356297296237934
1,Aggregated,Cottonwood/Willow,-0.07194396258873133,-0.07194396258873133,-0.07194396258873133,0.17558078988651618
1,Aggregated,Douglas-fir,-0.023983784451548945,-0.08641803050833757,0.08189395253164615,-0.016144861425055036
1,Aggregated,Krummholz,0.2063204147063501,0.14009324464394085,0.1577806490177808,0.16534101790247732
1,Aggregated,Lodgepole Pine,0.1469583880797936,0.1393069696017527,0.14557102883304315,0.13464286365183936
1,Aggregated,Ponderosa Pine,0.18732386174537766,0.18844577893850853,0.18097496776127664,0.1744356340282961
1,Aggregated,Spruce/Fir,0.15840117888724237,0.18642256962464812,0.18170286655019302,0.19017199862833517
1,Centralized,Aspen,-0.035979682621523394,0.03745036079226546,0.042093295277972564,-0.04356397344871463
1,Centralized,Cottonwood/Willow,-0.04793837940215531,-0.04793837940215531,-0.04793837940215531,0.1334675162894547
1,Centralized,Douglas-fir,-0.02396638578839523,-0.0864095976896767,0.08197081549300608,-0.016153516211629696
1,Centralized,Krummholz,0.20630879875240282,0.14011824642874543,0.15778766701286273,0.1653273636066681
1,Centralized,Lodgepole Pine,0.1469580195612647,0.13930692670530595,0.14557096034550038,0.1346429390961211
1,Centralized,Ponderosa Pine,0.18664288304826984,0.1876267321065904,0.18037612241862264,0.17412000929423954
1,Centralized,Spruce/Fir,0.15840183571460792,0.18642163032702916,0.18170254218122164,0.19017214931068435
2,0,Aspen,0.030992859985135873,0.11041198518354417,0.07750166262268794,0.0958256350657749
2,0,Cottonwood/Willow,0.0,0.0,0.0,0.0
2,0,Douglas-fir,0.0455645295185941,0.09590004274461549,-0.028614476690525647,0.09791786012778421
2,0,Krummholz,0.03052690090602621,0.017813926114499307,0.02431600918971835,0.02056419538747546
2,0,Lodgepole Pine,0.0038712896382913364,0.007866852767153792,0.004304024794332349,0.007006873506707358
2,0,Ponderosa Pine,0.012842177122831061,0.009403335425962436,0.009300259644509895,-0.003940130142899669
2,0,Spruce/Fir,0.013795196479684246,0.0027407224464782907,0.005894445542289073,-0.006941780293177509
2,1,Aspen,0.016228270560011995,0.09901548110488456,0.07792027005805056,0.10154913913194595
2,1,Cottonwood/Willow,0.0,0.0,0.0,0.0
2,1,Douglas-fir,0.04720189632467606,0.11143415381079567,-0.03947789826702988,0.10800120995074029
2,1,Krummholz,0.022249632358301113,0.014892970202814826,0.01974228279879736,0.02020548725327966
2,1,Lodgepole Pine,0.004937577299195796,0.007871755757324008,0.005140516119045156,0.007953241202501746
2,1,Ponderosa Pine,0.010293183467284481,0.010173846941722436,0.008841420306075052,-0.0031616787571821423
2,1,Spruce/Fir,0.01377424178280695,0.0031591037208197337,0.006299361296053778,-0.0051525794333234605
2,2,Aspen,0.011155238028765816,0.1038716998382836,0.07791480594402396,0.09701259408847003
2,2,Cottonwood/Willow,0.0,0.0,0.0,0.0
2,2,Douglas-fir,0.047532256592454296,0.09728584043898175,-0.038879757223878354,0.10312260650829057
2,2,Krummholz,0.026629581172218354,0.014945932174692728,0.024681776377744425,0.021929921464268188
2,2,Lodgepole Pine,0.0038652343710749437,0.0072875556419848,0.005613577893787802,0.00795156828513438
2,2,Ponderosa Pine,0.01248741101426637,0.008586485663358382,0.009469323827170898,-0.006068315654435903
2,2,Spruce/Fir,0.013532704891712396,0.0019603711138012994,0.007359000435630314,-0.004556019041601245
2,3,Aspen,0.031243300864551748,0.11003238173798557,0.08748246894175525,0.10457518178904075
2,3,Cottonwood/Willow,-0.062005039596832255,-0.062005039596832255,-0.062005039596832255,0.18601511879049673
2,3,Douglas-fir,0.04470606691950766,0.08994476443890044,-0.041821872651127516,0.10453991883311947
2,3,Krummholz,0.02887054755018668,0.014296108311400935,0.02069794684749689,0.022618097738278775
2,3,Lodgepole Pine,0.0034601059854541074,0.007599004175058775,0.004742970129862421,0.007019427036601994
2,3,Ponderosa Pine,0.008828607841630143,0.002759851298371178,0.006230643267808848,0.01629347122903511
2,3,Spruce/Fir,0.01286728518479873,0.001789816861844401,0.00565232250796822,-0.006223389991688005
2,Aggregated,Aspen,0.02240491735961636,0.10583288696617447,0.08020480189162943,0.0997406375188079
2,Aggregated,Cottonwood/Willow,-0.062005039596832255,-0.062005039596832255,-0.062005039596832255,0.18601511879049673
2,Aggregated,Douglas-fir,0.04625118733880803,0.09864120035832334,-0.03719850120814035,0.10339539885498364
2,Aggregated,Krummholz,0.02706916549668309,0.015487234200851949,0.022359503803439255,0.02132942546082552
2,Aggregated,Lodgepole Pine,0.004033551823504046,0.007656292085380344,0.004950272234256932,0.00748277750773637
2,Aggregated,Ponderosa Pine,0.011112844861503013,0.0077308798323536074,0.008460411761391173,0.0007808366686293492
2,Aggregated,Spruce/Fir,0.013492357084750582,0.002412503535735931,0.006301282445485347,-0.005718442189947555
2,Centralized,Aspen,0.022567198697643693,0.10580336839454452,0.08028948502315326,0.09972234205342788
2,Centralized,Cottonwood/Willow,-0.03967979728173232,-0.03967979728173232,-0.03967979728173232,0.11903939184519696
2,Centralized,Douglas-fir,0.04621629996538391,0.0986172340176777,-0.037287863423653644,0.10335817548446473
2,Centralized,Krummholz,0.027075400485612588,0.015483100482608897,0.022363630875927066,0.021329580783360974
2,Centralized,Lodgepole Pine,0.004033603322376854,0.00765595028594826,0.0049505124773909686,0.007482591792435073
2,Centralized,Ponderosa Pine,0.01111835959092794,0.007550334998434401,0.008510003415537648,0.0013793852992409021
2,Centralized,Spruce/Fir,0.013492082539931699,0.0024132076460727145,0.006300342876300574,-0.0057175232107045575
3,0,Aspen,0.01617759425486257,-0.01185209832537705,0.02329237336471333,0.03172012599956158
3,0,Cottonwood/Willow,0.0,0.0,0.0,0.0
3,0,Douglas-fir,0.08186725285176268,0.06698352311498344,0.08597863067791552,-0.08858304006132926
3,0,Krummholz,0.011576086379638528,0.007090282787641585,0.0025744772354623544,6.667608558809841e-05
3,0,Lodgepole Pine,0.002904427776117833,-0.0005087993596567993,-0.0018182635223810602,0.001480511143180957
3,0,Ponderosa Pine,0.0035334655247115563,0.0018589517316554467,-0.0018821575118726601,0.0022491343601919456
3,0,Spruce/Fir,0.011317252716528873,0.008289191421546346,0.004990079187104202,0.009098823908053333
3,1,Aspen,0.012693526659557674,-0.011383533015053881,0.013030346906371962,0.028243795891528405
3,1,Cottonwood/Willow,0.0,0.0,0.0,0.0
3,1,Douglas-fir,0.09073161458754266,0.07204187518068746,0.09729676995971946,-0.0809598851677786
3,1,Krummholz,0.011781876120889387,0.00480618410829715,0.0011814974873537905,0.001787352821914547
3,1,Lodgepole Pine,0.0013753432806145698,-0.000356633373763765,-0.0008988613118098565,0.0004933512265409742
3,1,Ponderosa Pine,0.004432015898674702,0.0012955843628161083,0.0002053304470375957,0.0021320801838116132
3,1,Spruce/Fir,0.009928057518874323,0.008002239049086554,0.005990270080704001,0.007804947446793442
3,2,Aspen,0.012226008975415722,-0.005609537703581376,0.01911323936355062,0.02823709056693367
3,2,Cottonwood/Willow,0.0,0.0,0.0,0.0
3,2,Douglas-fir,0.08561205793085341,0.07159723923846205,0.08862229158089673,-0.09886971547606876
3,2,Krummholz,0.010174500484603463,0.008170087617488886,0.00287190272383984,0.003773396917682248
3,2,Lodgepole Pine,0.0015421198102002949,-0.00229946936436512,-0.00033854909305833236,0.0008149542725930473
3,2,Ponderosa Pine,0.002031295797974527,0.000688362202770724,-0.0016961438685568209,0.0013704733707732841
3,2,Spruce/Fir,0.00914050398940471,0.005546462554891625,0.006770327237209421,0.009442409395974053
3,3,Aspen,0.021512481260998608,-0.02226228555048777,0.021592579382864116,0.02465987040927059
3,3,Cottonwood/Willow,-0.06352343308865048,-0.06352343308865048,-0.06352343308865048,0.1905702992659514
3,3,Douglas-fir,0.0918703747664173,0.06948798242310635,0.08396096176623984,-0.07954351811099843
3,3,Krummholz,0.0090570396710149,0.007073962604810431,-0.0004438165897839297,0.004092264690293261
3,3,Lodgepole Pine,0.0018328432505672805,-0.0003614429260322405,-0.0012788664998559425,0.0014207651310410574
3,3,Ponderosa Pine,-0.0013218294023994066,0.00010181028885997145,-0.0019883495392421513,0.011203250077149693
3,3,Spruce/Fir,0.010736615750593,0.008557926397073848,0.005761874341560817,0.009751339691807711
3,Aggregated,Aspen,0.015652402787708644,-0.012776863648625021,0.01925713475437501,0.02821522071682356
3,Aggregated,Cottonwood/Willow,-0.06352343308865048,-0.06352343308865048,-0.06352343308865048,0.1905702992659514
3,Aggregated,Douglas-fir,0.087520325034144,0.07002765498930982,0.08896466349619289,-0.08698903970404376
3,Aggregated,Krummholz,0.01064737566403657,0.006785129279559513,0.0015460152142180137,0.0024299226288695386
3,Aggregated,Lodgepole Pine,0.0019136835293749946,-0.0008815862559544812,-0.0010836351067762978,0.001052395443339009
3,Aggregated,Ponderosa Pine,0.0021687369547403446,0.0009861771465255625,-0.0013403301181585093,0.004238734497981634
3,Aggregated,Spruce/Fir,0.010280607493850227,0.007598954855649593,0.005878137711644611,0.009024380110657135
3,Centralized,Aspen,0.01574085734484536,-0.012845587541587147,0.019242114100388747,0.028234249854544022
3,Centralized,Cottonwood/Willow,-0.04348666408967916,-0.04348666408967916,-0.04348666408967916,0.13045999226903748
3,Centralized,Douglas-fir,0.087590781419831,0.069998433413295,0.0889658393500607,-0.08685334069123819
3,Centralized,Krummholz,0.010648487752169903,0.006778133319221484,0.0015459496920541826,0.00243314514541663
3,Centralized,Lodgepole Pine,0.0019142813772013618,-0.0008812258094157607,-0.0010836597564613155,0.0010523755842153
3,Centralized,Ponderosa Pine,0.0019773250174396997,0.0009100614423103078,-0.0014789696649290807,0.004541253058328004
3,Centralized,Spruce/Fir,0.010281030431667662,0.007598668686821362,0.005877971722434677,0.009025031050518134
4,0,Aspen,-0.02135878829742528,0.011004710331714856,0.01964894136980588,0.031049412859415666
4,0,Cottonwood/Willow,0.0,0.0,0.0,0.0
4,0,Douglas-fir,0.036641284505054494,-0.05326515109850596,-0.04284174715404395,0.08205993114622415
4,0,Krummholz,-0.007083687459305025,0.00650638115824483,0.003633419912666617,0.005880255157945306
4,0,Lodgepole Pine,0.00022712941919656818,0.00522291005526009,-0.0028950758998932866,0.006808294996157695
4,0,Ponderosa Pine,-0.007008033453189233,0.01698435820718604,0.016499233214349818,-0.021060724531413017
4,0,Spruce/Fir,0.0026018828816920616,0.0019384969470701656,0.004261204485299587,-0.001803319141038771
4,1,Aspen,-0.017524316366040155,0.018796178426888955,0.011013766199308467,0.029174589472605553
4,1,Cottonwood/Willow,0.0,0.0,0.0,0.0
4,1,Douglas-fir,0.03708458053714981,-0.05566785030963949,-0.038634030230532364,0.09030204739407059
4,1,Krummholz,-0.005222418152552616,0.006225540355531828,0.0021861703958119907,0.004071846702895944
4,1,Lodgepole Pine,0.0006927110208176194,0.0047138063633334615,-0.002371177623727424,0.007558954620182449
4,1,Ponderosa Pine,-0.0027111590027393087,0.014947255212234481,0.01854723919292528,-0.019924500929751676
4,1,Spruce/Fir,0.0035702285655843935,0.000790965077622228,0.005310508181576477,-0.0014241428983869282
4,2,Aspen,-0.01982035257968194,0.007779740409443768,0.013000820165175522,0.029102392740598993
4,2,Cottonwood/Willow,0.0,0.0,0.0,0.0
4,2,Douglas-fir,0.032302311234103355,-0.051793713485382344,-0.04292353593960149,0.102222919348283
4,2,Krummholz,-0.009093538715754598,0.005272438063980904,-5.0048246437173205e-06,0.0062326021610614
4,2,Lodgepole Pine,0.001203693737985299,0.0040042187220591845,-0.002662299792326822,0.0070985988596518335
4,2,Ponderosa Pine,-0.005447115857632902,0.014527690146372849,0.014383662039643225,-0.01761646111282027
4,2,Spruce/Fir,0.00412970177645965,0.0005142524669804934,0.004820463480618663,-0.0012140049356569222
4,3,Aspen,-0.01328459022233515,0.009643871306528731,0.010222646868467583,0.020148693608974307
4,3,Cottonwood/Willow,-0.06492361927144535,-0.06492361927144535,-0.06492361927144535,0.19477085781433603
4,3,Douglas-fir,0.028849454888196933,-0.0486956840737521,-0.04651369874225436,0.08244369629740426
4,3,Krummholz,-0.007193353829708288,0.0037324178040988774,0.002218992283751192,0.006387409107514628
4,3,Lodgepole Pine,0.0009160963869909167,0.0041720711322577415,-0.0030567287376759658,0.0070833058918529646
4,3,Ponderosa Pine,-0.010638905027238419,0.0061918988700372475,0.01048511455032411,9.816159305683914e-05
4,3,Spruce/Fir,0.002604330195277551,2.705988186021968e-05,0.0040687365713069175,-0.00027946054334973547
4,Aggregated,Aspen,-0.017997011866370632,0.011806125118644078,0.013471543650689363,0.02736877217039863
4,Aggregated,Cottonwood/Willow,-0.06492361927144535,-0.06492361927144535,-0.06492361927144535,0.19477085781433603
4,Aggregated,Douglas-fir,0.033719407791126144,-0.052355599741819976,-0.04272825301660804,0.0892571485464955
4,Aggregated,Krummholz,-0.0071482495393301315,0.005434194345464109,0.0020083944418965204,0.005643028282354319
4,Aggregated,Lodgepole Pine,0.0007599076412476008,0.004528251568227619,-0.0027463205134058747,0.0071372885919612356
4,Aggregated,Ponderosa Pine,-0.006451303335199965,0.013162800608957654,0.014978812249310608,-0.014625881245232031
4,Aggregated,Spruce/Fir,0.003226535854753414,0.0008176935933832767,0.0046152281797004115,-0.0011802318796080892
4,Centralized,Aspen,-0.017937281884854054,0.011759125559937406,0.013403456982408649,0.027298825416049388
4,Centralized,Cottonwood/Willow,-0.04640907181856363,-0.04640907181856363,-0.04640907181856363,0.1392272154556909
4,Centralized,Douglas-fir,0.033672217744323794,-0.052276968976982856,-0.042839305740528626,0.08917188819378169
4,Centralized,Krummholz,-0.007155746632692093,0.0054410581177060935,0.0020060234091650864,0.005640711918522344
4,Centralized,Lodgepole Pine,0.0007600319136170838,0.004528211190687932,-0.0027462771446614687,0.007137420379593491
4,Centralized,Ponderosa Pine,-0.0066766883474260645,0.012949537549205978,0.014960956783070994,-0.01413550036022492
4,Centralized,Spruce/Fir,0.0032260608531927693,0.0008171455107636912,0.004614302445113017,-0.0011795823398938106
5,0,Aspen,0.009553625490344381,-0.0016953078726206078,0.013594567891584544,0.0021901827323724025
5,0,Cottonwood/Willow,0.0,0.0,0.0,0.0
5,0,Douglas-fir,-0.053244506513939416,-0.013602896148072275,0.011037816918173215,0.06742137611669081
5,0,Krummholz,0.0020174624789131104,-0.0032259076509937035,-0.0003760595983627972,0.0016798993168672116
5,0,Lodgepole Pine,-9.51068134181591e-06,0.0037862009039054956,0.0014541849535191313,0.003114056750054356
5,0,Ponderosa Pine,0.006957095585363754,0.009350504112509086,0.005406140664936786,-0.012363533581939562
5,0,Spruce/Fir,-0.006902405344469721,-0.0006191998649520414,0.0034306945363990573,0.0033840570302430353
5,1,Aspen,0.010761605558218765,0.004112468543904855,0.013691895713062563,0.005127877022457965
5,1,Cottonwood/Willow,0.0,0.0,0.0,0.0
5,1,Douglas-fir,-0.07170537104301473,-0.015647394822864726,0.019334650210989155,0.06303929065758963
5,1,Krummholz,0.00014883351311817394,-0.0009016088049794332,-0.0005401833970535841,0.0020049394184340117
5,1,Lodgepole Pine,-2.264150007480481e-07,0.003632851221351855,0.0011026041960624326,0.0031563110457960377
5,1,Ponderosa Pine,0.004238422396435228,0.0036488787366768063,0.0064878727712762985,-0.01431916101679706
5,1,Spruce/Fir,-0.006201150912496123,0.00022794805996937764,0.002680255250942306,0.0020927011675098695
5,2,Aspen,0.00869682874138894,-0.00022188371877970847,0.022480621120044054,-0.0021336947576067375
5,2,Cottonwood/Willow,0.0,0.0,0.0,0.0
5,2,Douglas-fir,-0.06393150006416917,-0.001614217150109597,0.010115187941042747,0.05808258748571258
5,2,Krummholz,0.003211793352264375,0.0009375890634176302,0.0007066464933110824,0.0003883258920720223
5,2,Lodgepole Pine,0.0007649785812189613,0.0038062367222245854,0.002699853757597709,0.0030772950423902843
5,2,Ponderosa Pine,0.0061839647769221335,0.006914732400392652,0.005031299099977136,-0.01234931607552811
5,2,Spruce/Fir,-0.005229798641037962,0.0004894703577194107,0.004502753923064827,0.002629955621946669
5,3,Aspen,0.0045452278520478895,0.0038740402810901278,0.012986923878377262,0.011141156510320271
5,3,Cottonwood/Willow,-0.06289144050104384,-0.06289144050104384,-0.06289144050104384,0.18867432150313154
5,3,Douglas-fir,-0.04939933685308942,0.003993997517652064,0.009260202564554032,0.06428198755045002
5,3,Krummholz,0.0024185722217338244,-0.000716707336399928,0.0027622659069323854,0.0021953643571186268
5,3,Lodgepole Pine,0.0011855131053740513,0.0031932563415619972,0.0017467462453733356,0.002882792653831364
5,3,Ponderosa Pine,-0.004944209118384557,0.0008035898833072541,0.001971263354637024,0.010453015253725514
5,3,Spruce/Fir,-0.005252366289899603,-0.0006123756191103077,0.004017232525407616,0.001858309314423943
5,Aggregated,Aspen,0.008389321910499993,0.0015173293083986668,0.015688502150767107,0.0040813803768859755
5,Aggregated,Cottonwood/Willow,-0.06289144050104384,-0.06289144050104384,-0.06289144050104384,0.18867432150313154
5,Aggregated,Douglas-fir,-0.05957017861855318,-0.006717627650848634,0.012436964408689789,0.06320631045261076
5,Aggregated,Krummholz,0.001949165391507371,-0.0009766586822388585,0.0006381673512067716,0.001567132246122968
5,Aggregated,Lodgepole Pine,0.00048518864756261215,0.0036046362972609832,0.0017508472881381523,0.0030576138730180106
5,Aggregated,Ponderosa Pine,0.0031088184100841396,0.00517942628322145,0.004724143972706811,-0.007144748855134804
5,Aggregated,Spruce/Fir,-0.005896430296975852,-0.00012853926659339018,0.0036577340589534517,0.002491255783530879
5,Centralized,Aspen,0.008357569684580643,0.0014846874643666315,0.015657002874278254,0.004119205764084338
5,Centralized,Cottonwood/Willow,-0.03976897689768977,-0.03976897689768977,-0.03976897689768977,0.1193069306930693
5,Centralized,Douglas-fir,-0.059424351544482945,-0.0066043898336494294,0.012413424092843494,0.0632419275660326
5,Centralized,Krummholz,0.0019442384076387802,-0.0009761240898345699,0.0006405307733760764,0.0015717180830300455
5,Centralized,Lodgepole Pine,0.0004845601314722725,0.0036043731903494247,0.0017504979391676963,0.0030576827563201328
5,Centralized,Ponderosa Pine,0.0028256920733449506,0.005088747945556564,0.0046711382915204935,-0.006550294313675542
5,Centralized,Spruce/Fir,-0.005895452579030708,-0.0001271429386692132,0.0036581709047488566,0.0024916034746103135
6,0,Aspen,0.008573229614555427,-0.02768157082878296,0.02943027201745862,0.012250507800516328
6,0,Cottonwood/Willow,0.0,0.0,0.0,0.0
6,0,Douglas-fir,-0.0022339649889507596,0.0028090047951939237,0.06132780036215779,-0.045434043738897284
6,0,Krummholz,-0.000982462116143908,-6.657046694802382e-05,0.0027527693641969755,0.0009352380642403216
6,0,Lodgepole Pine,0.002921851631066332,0.001350205107301707,0.00270891738491133,-0.0033735728966520864
6,0,Ponderosa Pine,0.00331904045648763,0.0018841932726501125,0.0031659353269673784,-0.009054687982771583
6,0,Spruce/Fir,0.0035282928824146853,-0.00018786117891833598,0.0019348218258125975,0.003487088377899091
6,1,Aspen,0.007624306275294969,-0.022303012044534488,0.018366705129906402,0.01339084011391073
6,1,Cottonwood/Willow,0.0,0.0,0.0,0.0
6,1,Douglas-fir,-0.002225338272712249,0.0019245473521607946,0.06744707514597295,-0.0417111256325268
6,1,Krummholz,-0.004048417682962084,-0.0012885593436005223,0.003815194537249933,0.0057478374541612975
6,1,Lodgepole Pine,0.0013608322928469658,0.0012699192079003163,0.002031725485346377,-0.0020255716570467355
6,1,Ponderosa Pine,0.006090717459325823,0.0040084999116537885,0.006063875828178041,-0.010568576533648955
6,1,Spruce/Fir,0.0019556322917842484,-0.0007182128002895342,0.0021074938100311322,0.005085681910156255
6,2,Aspen,0.014000231441346628,-0.038522426763682734,0.03594960997697069,0.020888925342432706
6,2,Cottonwood/Willow,0.0,0.0,0.0,0.0
6,2,Douglas-fir,-0.0075953044582952834,-0.0027129885163615225,0.06179366560092157,-0.03515007336178692
6,2,Krummholz,-0.0032460936751487848,-0.0010593088798098265,0.0014274550104720989,0.0019440053959801178
6,2,Lodgepole Pine,0.002392961711667437,0.0007006134017504088,0.0031821888291849176,-0.0028751548541050553
6,2,Ponderosa Pine,0.004214786744677503,0.0015346821970894746,0.002627080593011172,-0.007357308846136584
6,2,Spruce/Fir,0.002844669894239029,-0.0009184194937381188,0.0020663325086777615,0.00383234503588073
6,3,Aspen,0.0032352068871914588,-0.023093170330778876,0.01990954166848763,0.014445691424315288
6,3,Cottonwood/Willow,-0.0655517108804306,-0.0655517108804306,-0.0655517108804306,0.19665513264129184
6,3,Douglas-fir,0.005224199426657139,-0.0024845150678673433,0.050736763325951985,-0.035927575409682035
6,3,Krummholz,-0.001128313186798735,-0.0029815498465746346,0.0019673260048017247,0.004029260083509956
6,3,Lodgepole Pine,0.0021499937932296467,0.002281342869090227,0.0015338899729091897,-0.00337516856728474
6,3,Ponderosa Pine,-0.003892867591206541,-0.0014776031447279365,0.0007539839640461066,0.006394015133734675
6,3,Spruce/Fir,0.0024376756333699865,-0.00030525694241272566,0.001203026658856123,0.004023625077861202
6,Aggregated,Aspen,0.008358243554597121,-0.027900044991944765,0.025914032198205837,0.015243991170293764
6,Aggregated,Cottonwood/Willow,-0.0655517108804306,-0.0655517108804306,-0.0655517108804306,0.19665513264129184
6,Aggregated,Douglas-fir,-0.0017076020733252885,-0.00011598785921853688,0.06032632610875107,-0.039555704535723255
6,Aggregated,Krummholz,-0.002351321665263378,-0.0013489971342332517,0.002490686229180183,0.0031640852494729233
6,Aggregated,Lodgepole Pine,0.0022064098572025957,0.0014005201465106649,0.0023641804180879536,-0.002912366993772154
6,Aggregated,Ponderosa Pine,0.0024329192673211036,0.0014874430591663597,0.003152718928050674,-0.005146639557205612
6,Aggregated,Spruce/Fir,0.0026915676754519875,-0.0005324376038396786,0.0018279187008444033,0.004107185100449319
6,Centralized,Aspen,0.008323807922556955,-0.027884159324160353,0.02588039574648246,0.015173816683239508
6,Centralized,Cottonwood/Willow,-0.04671872859295794,-0.04671872859295794,-0.04671872859295794,0.14015618577887382
6,Centralized,Douglas-fir,-0.0015684982467903212,-0.00017795379383084287,0.06017742031159571,-0.03953860549207738
6,Centralized,Krummholz,-0.0023516624687405507,-0.0013405873639567116,0.0024860490823547707,0.0031651652702717656
6,Centralized,Lodgepole Pine,0.0022058191271760266,0.0014007459662879196,0.002364176388676753,-0.0029122319912848562
6,Centralized,Ponderosa Pine,0.0021641608708848625,0.00140355472433402,0.0030375998426288853,-0.004698499049414949
6,Centralized,Spruce/Fir,0.0026926588162434484,-0.0005333633635340174,0.001827633019521056,0.004107040338803371
7,0,Aspen,-0.021015097170185737,-0.013712912772906214,0.02264511047564309,0.017452978207606346
7,0,Cottonwood/Willow,0.0,0.0,0.0,0.0
7,0,Douglas-fir,0.01893345477447887,0.025369210438754064,0.009820601133295212,0.02992418744081715
7,0,Krummholz,0.00544366585544447,0.0013184641773958856,0.00047096529190942166,0.000295056498228502
7,0,Lodgepole Pine,-0.0015058987256778937,0.0021844357432974637,-0.0010224307278987783,0.003185586549282249
7,0,Ponderosa Pine,0.009115469017224218,0.0014758502823154402,0.001467059899318492,-0.017587018667877975
7,0,Spruce/Fir,0.004157885171127945,0.002053033081759683,0.0025915990831464433,-0.005948351507533117
7,1,Aspen,-0.02254979714848848,-0.010304877614974972,0.016043450789981793,0.009703445053622237
7,1,Cottonwood/Willow,0.0,0.0,0.0,0.0
7,1,Douglas-fir,0.019739643455620914,0.021261913681209676,0.00720338595341342,0.011998319450401668
7,1,Krummholz,0.004546704960239641,-0.00033721474152246617,-0.0014921097068282263,0.0031327048491715157
7,1,Lodgepole Pine,-0.002309655091463534,0.002516506875824063,-0.0005914901401401403,0.003216904418200985
7,1,Ponderosa Pine,0.011716738472054436,-0.00040159808946257,0.0024588903357065837,-0.02559395578693439
7,1,Spruce/Fir,0.003562662577752442,0.001679475186297343,0.0026876045044259647,-0.005070316823326361
7,2,Aspen,-0.0314230335252884,-0.01927226809540107,0.024339940484761773,0.018944253289909466
7,2,Cottonwood/Willow,0.0,0.0,0.0,0.0
7,2,Douglas-fir,0.0159191118079475,0.03504330036758168,0.013122623326095253,0.03200749767056454
7,2,Krummholz,0.003723708218135021,-0.00017875368949656542,0.00032604483803849726,0.0009871354767468365
7,2,Lodgepole Pine,-0.001436989750690278,0.001705152624808498,-0.0007088272199970899,0.003597761568061806
7,2,Ponderosa Pine,0.010320945614182064,0.0032247647643640076,0.0007638743418054891,-0.01633727846068685
7,2,Spruce/Fir,0.004424012670343942,0.0010616322502132736,0.003032090682323222,-0.0041700613998492675
7,3,Aspen,-0.025244744614980427,-0.005078326873058948,0.015223027496166733,0.015130899201871268
7,3,Cottonwood/Willow,-0.062477330431628585,-0.062477330431628585,-0.062477330431628585,0.18743199129488575
7,3,Douglas-fir,0.007460139248204563,0.013178800076578753,0.012807093394102095,0.02212676542444275
7,3,Krummholz,0.002535459000015561,-0.0010907290548073934,-0.00043304231286533934,0.0023818876170659253
7,3,Lodgepole Pine,-0.0023892950430722906,0.0013428045242633764,-0.001184905867012374,0.0040117064455715
7,3,Ponderosa Pine,0.0037186504835645118,-0.006555032546127937,-0.007000624425838375,-0.0005981115048556696
7,3,Spruce/Fir,0.0031615919054882222,0.0002269652037696912,0.0023464861290298975,-0.004534796637607845
7,Aggregated,Aspen,-0.02505816811473576,-0.012092096339085302,0.019562882311638347,0.01530789393825233
7,Aggregated,Cottonwood/Willow,-0.062477330431628585,-0.062477330431628585,-0.062477330431628585,0.18743199129488575
7,Aggregated,Douglas-fir,0.015513087321562962,0.023713306141031044,0.010738425951726496,0.02401419249655653
7,Aggregated,Krummholz,0.004062384508458672,-7.205832710763482e-05,-0.0002820354724364117,0.001699196110303195
7,Aggregated,Lodgepole Pine,-0.001910459652725999,0.0019372249420483503,-0.0008769134887620957,0.003502989745279135
7,Aggregated,Ponderosa Pine,0.008717950896756307,-0.0005640038972277647,-0.0005776999622519527,-0.01502909110508872
7,Aggregated,Spruce/Fir,0.003826538081178138,0.0012552764305099977,0.0026644450997313817,-0.004930881592079148
7,Centralized,Aspen,-0.024981944440431402,-0.012052514739448494,0.019569488164923318,0.015295600754304145
7,Centralized,Cottonwood/Willow,-0.04043427230046948,-0.04043427230046948,-0.04043427230046948,0.12130281690140847
7,Centralized,Douglas-fir,0.015367070927031356,0.023552803393110625,0.01082287950653058,0.02392201724401097
7,Centralized,Krummholz,0.004062681283092627,-6.643519627744232e-05,-0.00027782300356440914,0.0016926687742241282
7,Centralized,Lodgepole Pine,-0.0019099029156652847,0.0019370622373933721,-0.0008768884928989085,0.0035024038940691393
7,Centralized,Ponderosa Pine,0.008604059632660255,-0.0008053363267917871,-0.0008577720206023876,-0.014582749871465591
7,Centralized,Spruce/Fir,0.003825889575921171,0.0012546685699310611,0.0026641103034530564,-0.00492908466117455
8,0,Aspen,0.00569158570577281,0.01759504855176187,0.008767840613408906,-0.018511182768184354
8,0,Cottonwood/Willow,0.0,0.0,0.0,0.0
8,0,Douglas-fir,0.015089546658834288,-0.024522468295742183,0.03001404112240086,-0.11687813649468398
8,0,Krummholz,-0.002724699429552289,0.00030066573876368535,0.0013183941433031014,-0.001315533093785894
8,0,Lodgepole Pine,0.0006960651569715611,0.002807534787665128,-0.0005847490432483912,-0.0025240367944101283
8,0,Ponderosa Pine,0.00736449577663766,0.004887412598908819,0.006749942576005928,-0.00987866527677575
8,0,Spruce/Fir,0.0019385202354729643,-0.0027695920178764746,-0.0013150536696485786,0.0022210717330844176
8,1,Aspen,0.003355114265166321,0.009733875215848209,0.005200668085401959,-0.009192380176456188
8,1,Cottonwood/Willow,0.0,0.0,0.0,0.0
8,1,Douglas-fir,0.014641862448751644,-0.02615084867970215,0.0397590967847028,-0.1274325441579238
8,1,Krummholz,-0.002045306778895112,0.0029399770552048696,-0.0009076689745055322,0.00024308084778297082
8,1,Lodgepole Pine,0.0004477795270799538,0.0022848351547919235,-0.00039962412878706094,-0.002412216123987602
8,1,Ponderosa Pine,0.008994894139684332,0.002512625586276259,0.007425978760877028,-0.01079239129795767
8,1,Spruce/Fir,0.0017113982502187282,-0.0020479897681776418,-0.0019322449758852889,0.002144982066363118
8,2,Aspen,0.005414653947445803,0.01819360709134876,0.017446864819662053,-0.007227507693489015
8,2,Cottonwood/Willow,0.0,0.0,0.0,0.0
8,2,Douglas-fir,-2.1731737920911248e-05,-0.024112204014887683,0.03129679617937756,-0.11993466151324715
8,2,Krummholz,-0.0027690616630001164,0.0010866372067111867,-6.066605196251388e-05,-0.001323509232622866
8,2,Lodgepole Pine,0.0006807532145108505,0.002904125945518976,0.0010366124172304276,-0.0037727901571080005
8,2,Ponderosa Pine,0.004934031695315745,0.0043075340013263574,0.006602381105560375,-0.008944359632675045
8,2,Spruce/Fir,0.002062084248130045,-0.0024063697774097206,-0.0005195676610285546,0.0004963928798686809
8,3,Aspen,0.0036389999955209057,0.009946362368518688,0.010749527057172715,-0.012215058437971544
8,3,Cottonwood/Willow,-0.06554081222356252,-0.06554081222356252,-0.06554081222356252,0.19662243667068757
8,3,Douglas-fir,0.01686248558294536,-0.015115686655455382,0.03422538370513998,-0.11413525395516433
8,3,Krummholz,-0.0005333007940191888,0.00023723758056377423,0.0018788014912682431,-0.0004842751929712008
8,3,Lodgepole Pine,0.0008826976114352514,0.002785508839880796,-0.0004148422374609754,-0.0030551033758802657
8,3,Ponderosa Pine,0.002348646487151875,-0.002784784254467515,0.004720792319521429,0.005538221673763101
8,3,Spruce/Fir,0.0029338002591191383,-0.001609321913010738,-0.0014732841080793053,0.0007538591343362877
8,Aggregated,Aspen,0.00452508847847646,0.013867223306869382,0.010541225143911408,-0.011786532269025275
8,Aggregated,Cottonwood/Willow,-0.06554081222356252,-0.06554081222356252,-0.06554081222356252,0.19662243667068757
8,Aggregated,Douglas-fir,0.011643040738152595,-0.022475301911446848,0.0338238294479053,-0.11959514903025481
8,Aggregated,Krummholz,-0.0020180921663666765,0.001141129395310879,0.0005572151520258247,-0.0007200591678992475
8,Aggregated,Lodgepole Pine,0.0006768238774994042,0.0026955011819642057,-9.065074806649997e-05,-0.002941036612846499
8,Aggregated,Ponderosa Pine,0.005910517024697403,0.0022306969830109802,0.00637477369049119,-0.006019298633411341
8,Aggregated,Spruce/Fir,0.002161450748235219,-0.0022083183691186435,-0.0013100376036604318,0.001404076453413126
8,Centralized,Aspen,0.004490042925155859,0.013789784114544698,0.010526133440096693,-0.011785364873937415
8,Centralized,Cottonwood/Willow,-0.04883895131086142,-0.04883895131086142,-0.04883895131086142,0.14651685393258426
8,Centralized,Douglas-fir,0.01176099559205987,-0.022392347483004272,0.03385145823637806,-0.11955516953996916
8,Centralized,Krummholz,-0.0020296909393261544,0.00114865875927464,0.000557396331409952,-0.0007100474675956481
8,Centralized,Lodgepole Pine,0.0006772487953878673,0.0026958240759466143,-9.130880121812253e-05,-0.0029409368966072194
8,Centralized,Ponderosa Pine,0.0057927077879461235,0.002058441835110706,0.006343537154110919,-0.005521882124179385
8,Centralized,Spruce/Fir,0.0021612540417226913,-0.002208704325236186,-0.0013096024522412746,0.0014038261075973262
9,0,Aspen,0.008957212396941541,0.017140306733299023,-0.009272811537249898,-0.009983023169928343
9,0,Cottonwood/Willow,0.0,0.0,0.0,0.0
9,0,Douglas-fir,0.04330805778609136,0.0017789134668620883,0.04712907292126276,0.026404320415987437
9,0,Krummholz,0.001405076697573282,0.0002828216020432743,0.004083330750775438,0.0006372001350380593
9,0,Lodgepole Pine,0.0007237825608528425,0.0016685083198103485,0.0010834111098631805,-0.0003702531468713262
9,0,Ponderosa Pine,0.0029318672113758846,0.010720023086028124,0.004967953357835314,-0.015466154967711135
9,0,Spruce/Fir,0.00291476130844609,-0.002547047366335912,0.0015496881284895274,0.001258400053482156
9,1,Aspen,0.015565323443359263,0.01260373207581493,-0.0076230431590544,-0.013404002135327798
9,1,Cottonwood/Willow,0.0,0.0,0.0,0.0
9,1,Douglas-fir,0.04527427900736903,0.01945456895481801,0.050318710432748846,0.01706355069668357
9,1,Krummholz,-0.0014354191777923668,0.001963174955742053,0.0018792097561610155,0.0018789941242576085
9,1,Lodgepole Pine,0.001689562750039647,0.0015548080553260495,0.0015105670795975967,-3.574152832853487e-05
9,1,Ponderosa Pine,0.004398231544912821,0.013601158219038853,0.0032151722772697047,-0.01666531640773125
9,1,Spruce/Fir,0.0037556359685156915,-0.0021750147354055636,0.0020162171850461874,0.0016758353032088797
9,2,Aspen,0.012944310700784894,0.02205917897768867,-0.010333814077796271,-0.013752488212901709
9,2,Cottonwood/Willow,0.0,0.0,0.0,0.0
9,2,Douglas-fir,0.05130143285113976,0.005807847924567719,0.0508159481698251,0.022441141331144835
9,2,Krummholz,0.0013196123254896701,-7.77325091782984e-05,0.004425149066847961,-0.0009078060031310528
9,2,Lodgepole Pine,0.001113578731808294,0.001533855160341759,0.0014617941967057328,-0.000670497434518034
9,2,Ponderosa Pine,0.002678262910560919,0.009763352022281966,0.0022735979364650236,-0.013610889405388599
9,2,Spruce/Fir,0.0030474618290813327,-0.0023409063442328035,0.0023931412992424517,0.0005806363545515966
9,3,Aspen,0.009227979406048692,0.009882307627849973,-0.002427376735299127,-0.007467119893218031
9,3,Cottonwood/Willow,-0.06421398223252221,-0.06421398223252221,-0.06421398223252221,0.19264194669756662
9,3,Douglas-fir,0.038660223138590535,0.012947305953458105,0.0363280237870421,0.017312796262553363
9,3,Krummholz,0.000429686546653707,0.001317044275671549,0.0050537306996419895,-0.0013072299679890615
9,3,Lodgepole Pine,0.0008041185624423075,0.002203474153408149,0.0011155551826383485,-0.00015599786333833632
9,3,Ponderosa Pine,-0.004835632490227883,0.001173983506019688,-1.8626506907935363e-05,0.003913303020885078
9,3,Spruce/Fir,0.002858271061205092,-0.0010893328551338972,0.0017934016055412838,0.0011105501882969677
9,Aggregated,Aspen,0.011673706486783599,0.015421381353663149,-0.007414261377349923,-0.01115165835284397
9,Aggregated,Cottonwood/Willow,-0.06421398223252221,-0.06421398223252221,-0.06421398223252221,0.19264194669756662
9,Aggregated,Douglas-fir,0.044635998195797666,0.00999715907492648,0.0461479388277197,0.0208054521765923
9,Aggregated,Krummholz,0.00042973909798107307,0.0008713270810696444,0.003860355068356601,7.528957204388831e-05
9,Aggregated,Lodgepole Pine,0.0010827606512857728,0.0017401614222215763,0.0012928318922012147,-0.00030812249326405783
9,Aggregated,Ponderosa Pine,0.0012931822941554354,0.008814629208342157,0.002609524266165527,-0.010457264439986477
9,Aggregated,Spruce/Fir,0.0031440325418120516,-0.0020380753252770443,0.0019381120545798626,0.0011563554748849
9,Centralized,Aspen,0.011688298570347783,0.015401297891834143,-0.007370881233539535,-0.011143257210675392
9,Centralized,Cottonwood/Willow,-0.04476305869682284,-0.04476305869682284,-0.04476305869682284,0.1342891760904685
9,Centralized,Douglas-fir,0.04456067940624616,0.010083122483503756,0.04600724870653572,0.02074354338582483
9,Centralized,Krummholz,0.0004263790553672801,0.0008653272064721625,0.0038580375177992288,8.32535165837256e-05
9,Centralized,Lodgepole Pine,0.0010827667085689292,0.0017395665005289311,0.0012923924849691977,-0.00030825343758438445
9,Centralized,Ponderosa Pine,0.0009807934982276796,0.008523117211622688,0.002462588645555338,-0.009952433717752543
9,Centralized,Spruce/Fir,0.0031431032925680613,-0.002036947822938525,0.0019390910036643876,0.001156446198649223
10,0,Aspen,0.014883165466726356,-0.013448820415833479,0.0180194572119217,-0.015772553623073237
10,0,Cottonwood/Willow,0.0,0.0,0.0,0.0
10,0,Douglas-fir,0.028725781760622016,-0.04481819842278576,-0.021659005621816194,-0.008757839183545377
10,0,Krummholz,0.0028562643700125547,-0.003552085453956392,0.0030521620711887096,-0.000871140941556788
10,0,Lodgepole Pine,0.0013200884951083587,0.0006315979943242919,0.0008692868113649813,-0.00023818151806916563
10,0,Ponderosa Pine,0.0035135721728631144,0.004917554086430871,0.005650569241791914,-0.005901393904995611
10,0,Spruce/Fir,0.002669567027596048,-0.0006176821254096262,0.0017419930146932345,-0.0009258959654128984
10,1,Aspen,0.01477704772560307,-0.012197067194890448,0.015480890845782483,-0.013120685679072722
10,1,Cottonwood/Willow,0.0,0.0,0.0,0.0
10,1,Douglas-fir,0.018955306439817837,-0.048793808941956396,-0.015951943838068566,-0.01996305780224894
10,1,Krummholz,-0.00027501151634877025,-0.004081629596787317,0.0020162099984016115,0.0018051894828231552
10,1,Lodgepole Pine,-3.5716557106028425e-05,0.0006764088133609514,0.0002516285748561479,0.0003006665115762863
10,1,Ponderosa Pine,0.003933647044814183,0.003533297583935844,0.004592265701290667,-0.008574599599271473
10,1,Spruce/Fir,-4.473102914667737e-05,0.0008936184170157679,0.0008110456203109887,-0.0006426335352706739
10,2,Aspen,0.009858502185320172,-0.0128650225424594,0.02263404667891185,-0.01824873186075954
10,2,Cottonwood/Willow,0.0,0.0,0.0,0.0
10,2,Douglas-fir,0.025925940485953897,-0.05266378365639054,-0.023925714235113138,-0.015706990077365163
10,2,Krummholz,0.0012916612648710968,-0.003236410437395689,0.0013122174095371215,-0.0028491665408235944
10,2,Lodgepole Pine,0.00021094401141200092,0.0002706304410340643,0.001486700288838359,0.00013219401696622687
10,2,Ponderosa Pine,0.00599258208995838,0.0034813719075802254,0.0040629935107062325,-0.00835718207239398
10,2,Spruce/Fir,0.0004991034830570581,0.0003295238237690327,0.0021196245721532927,-0.0006634420199945571
10,3,Aspen,0.007692785619854227,-0.014293817086705523,0.01787051172876045,-0.017121580757454232
10,3,Cottonwood/Willow,-0.06343216531895778,-0.06343216531895778,-0.06343216531895778,0.19029649595687329
10,3,Douglas-fir,0.011523366317437514,-0.03381545906628131,-0.007922680204913199,-0.00313106225122275
10,3,Krummholz,0.0017262928595323617,-0.0023647419004696377,0.001729867274606565,-0.00013157841338981568
10,3,Lodgepole Pine,0.00011592380250765218,0.0012785357591509339,0.000715021298391553,0.0007372705501940136
10,3,Ponderosa Pine,-0.0033851655583570137,-0.0020409517873301772,0.0004687564033806213,0.00974708515783738
10,3,Spruce/Fir,0.00025285142044419634,0.0010608539126807741,0.0013151878009195854,3.9464244524741364e-05
10,Aggregated,Aspen,0.011802875249375957,-0.013201181809972214,0.01850122661634412,-0.016065887980089934
10,Aggregated,Cottonwood/Willow,-0.06343216531895778,-0.06343216531895778,-0.06343216531895778,0.19029649595687329
10,Aggregated,Douglas-fir,0.021282598750957817,-0.0450228125218535,-0.017364835974977774,-0.011889737328595558
10,Aggregated,Krummholz,0.0013998017445168106,-0.003308716847152259,0.002027614188433502,-0.0005116741032367608
10,Aggregated,Lodgepole Pine,0.0004028099379804958,0.0007142932519675604,0.0008306592433627603,0.00023298739016684028
10,Aggregated,Ponderosa Pine,0.0025136589373196657,0.0024728179476541908,0.0036936462142923582,-0.003271522604705921
10,Aggregated,Spruce/Fir,0.0008441977254876564,0.00041657850701398713,0.0014969627520192755,-0.000548126819038347
10,Centralized,Aspen,0.01179141428525283,-0.013208425320805739,0.01854709409534989,-0.016034100584890982
10,Centralized,Cottonwood/Willow,-0.04094177684991881,-0.04094177684991881,-0.04094177684991881,0.12282533054975643
10,Centralized,Douglas-fir,0.021098231497311697,-0.044862644065263024,-0.017196703530392887,-0.011767197511342059
10,Centralized,Krummholz,0.0013965738867628696,-0.0033157866030924985,0.0020239583690608207,-0.0005091590136457602
10,Centralized,Lodgepole Pine,0.00040337047121440556,0.0007140150310289972,0.0008304696670012416,0.00023303113829489797
10,Centralized,Ponderosa Pine,0.002326983257811388,0.002372420583416098,0.003639914224455402,-0.0028285424648504254
10,Centralized,Spruce/Fir,0.0008429837968185842,0.0004187437028598158,0.0014968506370655887,-0.0005481554788434873
11,0,Aspen,0.020288345875001206,-0.0006524100163579349,0.0011888792874347742,-0.0347005641211648
11,0,Cottonwood/Willow,0.0,0.0,0.0,0.0
11,0,Douglas-fir,0.003714888453915081,0.006511627709047109,0.03324247313144144,-0.03257710159469823
11,0,Krummholz,-0.0012916833301417445,-0.003749515073531634,0.00018188066918444398,0.00287314500105156
11,0,Lodgepole Pine,0.0005464144681517994,0.00031270842560573997,0.00012248113451456452,-0.0007059311864970053
11,0,Ponderosa Pine,0.0034553264235173873,0.005072309371173793,-6.134608792845997e-05,-0.009556311471260626
11,0,Spruce/Fir,0.003970832520239396,-0.0013357063926313177,-0.0013154720012762688,-0.003928746571308123
11,1,Aspen,0.017657608776160513,0.004782020901608873,0.0036891438316011133,-0.03620465768327398
11,1,Cottonwood/Willow,0.0,0.0,0.0,0.0
11,1,Douglas-fir,0.0028502617674279057,0.00856506640102322,0.04837919956284783,-0.025925928433374542
11,1,Krummholz,0.0012103508585705376,-0.005201363895643389,0.0026561086473626907,0.0036881898486530265
11,1,Lodgepole Pine,-5.74517290798382e-05,0.0004284485349598984,0.00044850337573669,-0.0010066570007133957
11,1,Ponderosa Pine,0.0056432163925333,0.004556670554369637,0.00439863520840636,-0.009892346430447535
11,1,Spruce/Fir,0.003491543751094802,-0.001897499436445682,-0.0006975108293668097,-0.004154652318106651
11,2,Aspen,0.018277053291797293,0.007426558725844241,0.0033742892979820812,-0.04643265418063016
11,2,Cottonwood/Willow,0.0,0.0,0.0,0.0
11,2,Douglas-fir,0.00010188142328480347,0.006873249945326176,0.04379923863123172,-0.02388612349226965
11,2,Krummholz,0.0005943391819560514,-0.0036402196867930023,0.0018778615580677116,0.002685569225450185
11,2,Lodgepole Pine,0.0002411779648484417,0.0003964070004513487,0.00045670288202363335,-0.0007661790959233213
11,2,Ponderosa Pine,0.0059041619843432465,0.004947981894510354,0.002650525361686945,-0.007732791692146236
11,2,Spruce/Fir,0.0035009453418510896,-0.001468294764745794,-0.000858525391628645,-0.003308660729871562
11,3,Aspen,0.017029066429187875,0.0075588545660512235,0.0012539327019853858,-0.031237535493844684
11,3,Cottonwood/Willow,-0.06403118040089087,-0.06403118040089087,-0.06403118040089087,0.1920935412026726
11,3,Douglas-fir,0.005725500624086925,0.004411676369884589,0.033650717063840374,-0.0167228220450856
11,3,Krummholz,-0.00013691893924993223,-0.005943168952887036,0.002258418280322777,0.0003851894894418932
11,3,Lodgepole Pine,0.00014926017743910336,0.0007825682005207687,0.00017709439165325414,-0.00013943162497450276
11,3,Ponderosa Pine,0.0007079215663330918,-0.0023542680050197364,-0.002333652821675488,0.006507759068586527
11,3,Spruce/Fir,0.0033535796821320776,-0.0014363016109381899,-0.0012411409320753075,-0.00305508584364673
11,Aggregated,Aspen,0.018313018593036724,0.004778756044286601,0.0023765612797508385,-0.037143852869728405
11,Aggregated,Cottonwood/Willow,-0.06403118040089087,-0.06403118040089087,-0.06403118040089087,0.1920935412026726
11,Aggregated,Douglas-fir,0.0030981330671786787,0.0065904051063202735,0.03976790709734034,-0.024777993891357007
11,Aggregated,Krummholz,9.402194278372811e-05,-0.004633566902213766,0.0017435672887344056,0.002408023391149166
11,Aggregated,Lodgepole Pine,0.00021985022033987656,0.00048003304038443895,0.0003011954459820355,-0.0006545497270270562
11,Aggregated,Ponderosa Pine,0.003927656591681756,0.0030556734537585117,0.001163540415122339,-0.005168422631316967
11,Aggregated,Spruce/Fir,0.003579225323829341,-0.001534450551190246,-0.0010281622885867578,-0.0036117863657332667
11,Centralized,Aspen,0.018303515881053042,0.0047791736733402285,0.002361774866214523,-0.03717328596576483
11,Centralized,Cottonwood/Willow,-0.04315196998123827,-0.04315196998123827,-0.04315196998123827,0.1294559099437148
11,Centralized,Douglas-fir,0.003115267212373906,0.0065777316381624195,0.03971032590076011,-0.02467612205071956
11,Centralized,Krummholz,9.092679799252434e-05,-0.0046295214906170445,0.0017344458026527232,0.0024250155123428374
11,Centralized,Lodgepole Pine,0.0002201985740472127,0.0004799234711088951,0.00030098946646061237,-0.0006544562102656915
11,Centralized,Ponderosa Pine,0.003856786202334067,0.002822472304276541,0.0009774707423490236,-0.0047251926898056185
11,Centralized,Spruce/Fir,0.003578197131317971,-0.0015335641833365092,-0.001028596046345966,-0.003611573520696696
12,0,Aspen,0.020632018806429786,-0.01823209936675302,0.008527422625227016,0.0010113365404415264
12,0,Cottonwood/Willow,0.0,0.0,0.0,0.0
12,0,Douglas-fir,0.003246356050758579,0.0471572858602857,-0.0024956376649660494,0.001795346149454526
12,0,Krummholz,0.0017661200788186098,-0.00036835723359019784,0.0019207654598332273,0.0010950447204004417
12,0,Lodgepole Pine,0.0005098669235361619,0.0002619477037829239,-0.0003785985827381433,0.0008791123186085251
12,0,Ponderosa Pine,0.008834339959360208,-0.004564579365195294,0.006860133986049084,-0.006042066960325092
12,0,Spruce/Fir,0.0045451208473704,-0.0023046303992652153,0.005400774846746771,0.0025521772065189297
12,1,Aspen,0.017308931411959477,-0.01342001949195549,0.005007800324124789,0.003510290549244538
12,1,Cottonwood/Willow,0.0,0.0,0.0,0.0
12,1,Douglas-fir,-0.0030734159251508317,0.03732301997418208,0.0037295305003717436,-0.013074764110247161
12,1,Krummholz,0.0003540733525811135,-0.0031959449745325996,0.0009973609129732646,0.0006980585542099479
12,1,Lodgepole Pine,0.0006636651137189679,0.0014209453144999051,-0.0012521343675121015,0.001205684630151277
12,1,Ponderosa Pine,0.009473276337656785,-0.006839778469032905,0.00779674623164887,-0.00874041611209512
12,1,Spruce/Fir,0.004506330826808837,-0.0012500474950528178,0.0045562264521352425,0.0025541685961974945
12,2,Aspen,0.0221797164820124,-0.010212365065218942,0.006641051478202764,0.0032147031112075195
12,2,Cottonwood/Willow,0.0,0.0,0.0,0.0
12,2,Douglas-fir,-0.010582197636126162,0.053202431156115504,-0.004509265833344799,-0.006457964605070046
12,2,Krummholz,0.002461977761811923,-0.0008229147826758302,0.0019036117819627718,0.0013739076424880796
12,2,Lodgepole Pine,0.001149504875951159,-3.343518284858645e-05,-0.0014079562895066566,0.000779757881478188
12,2,Ponderosa Pine,0.008006105014088763,-0.0068244413376076325,0.004613740203749078,-0.006771182322893819
12,2,Spruce/Fir,0.0049250173462860964,-0.0024118074857514917,0.0037916211572655845,0.0022867564244284655
12,3,Aspen,0.014902664643271349,-0.0146765600694719,0.007959720991216746,0.005274737750338973
12,3,Cottonwood/Willow,-0.0634306134603931,-0.0634306134603931,-0.0634306134603931,0.19029184038117927
12,3,Douglas-fir,-0.00580639638354651,0.025655979640125958,-0.004254266654916156,-0.008315044165679677
12,3,Krummholz,0.002933394669497389,-0.0009083842858631416,-0.0001471852100893012,0.0012622881984197902
12,3,Lodgepole Pine,0.0003179300038214002,0.0003421128569867001,-0.0017151785749949522,0.0012159500860769352
12,3,Ponderosa Pine,0.0026452521066146484,-0.010690648224868463,-0.0011647570690860494,0.005666486905117063
12,3,Spruce/Fir,0.004170435170525316,-0.001690664639407748,0.003927824231965314,0.0025507159162127626
12,Aggregated,Aspen,0.01875583283591825,-0.014135260998349837,0.007033998854692828,0.0032527669878081394
12,Aggregated,Cottonwood/Willow,-0.0634306134603931,-0.0634306134603931,-0.0634306134603931,0.19029184038117927
12,Aggregated,Douglas-fir,-0.004053913473516231,0.040834679157677314,-0.0018824099132138152,-0.00651310668288559
12,Aggregated,Krummholz,0.0018788914656772588,-0.0013239003191654424,0.0011686382361699907,0.0011073247788795648
12,Aggregated,Lodgepole Pine,0.0006602417292569223,0.0004978926731052357,-0.0011884669536879635,0.0010201262290787314
12,Aggregated,Ponderosa Pine,0.0072397433544301015,-0.007229861849176073,0.004526465838090246,-0.003971794622549242
12,Aggregated,Spruce/Fir,0.004536726047747662,-0.001914287504869318,0.004419111672028228,0.002485954535839413
12,Centralized,Aspen,0.018770636827940602,-0.014103688126729444,0.007007989659170044,0.0033032215964762155
12,Centralized,Cottonwood/Willow,-0.04529987239472565,-0.04529987239472565,-0.04529987239472565,0.13589961718417695
12,Centralized,Douglas-fir,-0.004080657139341822,0.040618082764329135,-0.0018888263066358009,-0.0065032625890318885
12,Centralized,Krummholz,0.0018730779086984968,-0.0013222643866084756,0.00117452352656854,0.0011095622601329884
12,Centralized,Lodgepole Pine,0.0006604499129105786,0.0004984596520984467,-0.001187967037460112,0.0010202077160734828
12,Centralized,Ponderosa Pine,0.007099964042267796,-0.007467224352363651,0.004312743758052758,-0.003660503619572523
12,Centralized,Spruce/Fir,0.0045365529058293734,-0.0019146785977754894,0.0044179458775358465,0.0024857622484021993
13,0,Aspen,0.006914080826548805,-0.016617650129218123,0.0013072977851867663,0.007422207111765763
13,0,Cottonwood/Willow,0.0,0.0,0.0,0.0
13,0,Douglas-fir,0.03499479400829073,-0.0011497652829084808,-0.03471847729416435,-0.020113636302066567
13,0,Krummholz,0.0014778474309493916,-0.003457141222962673,0.001615587393789299,-0.0010868770440054982
13,0,Lodgepole Pine,0.0020811735371997855,-0.0029886319287214433,0.00062651209340119,-0.0006433531354310776
13,0,Ponderosa Pine,0.002335092346015625,0.006958597703623448,0.0014494973461917822,-0.008519239267424872
13,0,Spruce/Fir,0.0002761036416663402,0.0018897350332416536,-0.0022192250402163585,0.00018125622888352325
13,1,Aspen,0.007435933212066527,-0.012139338170510902,0.00876878106387465,0.0030821782608819273
13,1,Cottonwood/Willow,0.0,0.0,0.0,0.0
13,1,Douglas-fir,0.034074523598044366,0.0016061058318784516,-0.020255316094785675,-0.021676889875391136
13,1,Krummholz,0.002314327129156681,-0.0036042795821535447,-6.593700937769047e-05,0.0011213798702935096
13,1,Lodgepole Pine,0.0014284198091512879,-0.003278909373990659,0.001228263987115961,-0.0015643518154495513
13,1,Ponderosa Pine,0.005951037425396183,0.006386681316901001,0.0017385393429697564,-0.00966827257462502
13,1,Spruce/Fir,-0.00029990698390922055,0.001958635372125752,-0.0019482497712047149,-0.0007070908983879687
13,2,Aspen,-0.0021300116797887264,-0.007796010672007382,0.0018675259814216795,0.0030381425900186157
13,2,Cottonwood/Willow,0.0,0.0,0.0,0.0
13,2,Douglas-fir,0.03193631964300842,0.0022295119428574115,-0.029571948842674712,-0.012237317475574614
13,2,Krummholz,0.0018461808879631132,-0.004941548122727689,0.0020002347176226454,0.0010773751193929222
13,2,Lodgepole Pine,0.0016452474405844002,-0.003118013509198011,0.0013638599175349226,-0.0010133866064708046
13,2,Ponderosa Pine,0.002382048035609948,0.006650728679460778,0.0032848758938099354,-0.008311793128135606
13,2,Spruce/Fir,-3.544251475814941e-05,0.0012505400733298366,-0.0013838007037089057,-0.000333825605305658
13,3,Aspen,-0.0007329301022465234,-0.01475100691709661,0.003943709830270754,0.006723796800122912
13,3,Cottonwood/Willow,-0.06444693154262264,-0.06444693154262264,-0.06444693154262264,0.19334079462786793
13,3,Douglas-fir,0.026704735424508883,0.00454355879878994,-0.017166726129262014,-0.004772749595265288
13,3,Krummholz,0.003045038633535733,-0.0041169024483965104,0.0015203189700215374,0.00496735074302293
13,3,Lodgepole Pine,0.0021144250278482823,-0.0037590667385090557,0.001233967982061814,-0.0006412265981895204
13,3,Ponderosa Pine,-0.0031246188285830125,-0.0003948353268352911,0.0005616798993120417,0.008544141325026946
13,3,Spruce/Fir,-4.0350964194487325e-05,0.00062716680862653,-0.0014793191515424242,0.000599220963806324
13,Aggregated,Aspen,0.0028717680641450203,-0.012826001472208255,0.003971828665188463,0.005066581190697305
13,Aggregated,Cottonwood/Willow,-0.06444693154262264,-0.06444693154262264,-0.06444693154262264,0.19334079462786793
13,Aggregated,Douglas-fir,0.0319275931684631,0.0018073528226543306,-0.025428117090221688,-0.0147001483120744
13,Aggregated,Krummholz,0.0021708485204012294,-0.0040299678440601045,0.0012675510180139478,0.001519807172175966
13,Aggregated,Lodgepole Pine,0.001817316453695939,-0.0032861553876047923,0.0011131509950284718,-0.0009655795388852386
13,Aggregated,Ponderosa Pine,0.001885889744609686,0.004900293093287484,0.0017586481205708788,-0.004488790911289637
13,Aggregated,Spruce/Fir,-2.489920529887927e-05,0.0014315193218309428,-0.0017576486666681008,-6.510982775094487e-05
13,Centralized,Aspen,0.002871293325272431,-0.012849150559059141,0.0039488041044230026,0.0050707565453282505
13,Centralized,Cottonwood/Willow,-0.04387301587301587,-0.04387301587301587,-0.04387301587301587,0.1316190476190476
13,Centralized,Douglas-fir,0.031865831120086584,0.0018372050395280791,-0.0253244070651886,-0.014636734439893509
13,Centralized,Krummholz,0.002164924858509452,-0.004039046953862822,0.0012755662742436984,0.0015148150041447335
13,Centralized,Lodgepole Pine,0.0018171506626946388,-0.003286240534542323,0.0011127812985142111,-0.0009654745702447528
13,Centralized,Ponderosa Pine,0.0016473010507170778,0.004721837698451183,0.0018224667701247736,-0.004005176112922328
13,Centralized,Spruce/Fir,-2.4657067112299202e-05,0.0014311345025919315,-0.0017571343221686742,-6.550456027217451e-05
14,0,Aspen,0.004608185619534207,0.005716352546137125,-0.00813780136489864,0.0016191623428999935
14,0,Cottonwood/Willow,0.0,0.0,0.0,0.0
14,0,Douglas-fir,0.02096360062787044,0.007673871335697126,0.0006601003730765942,-0.0023051493875036557
14,0,Krummholz,0.0007220194418316913,0.0019468427959380326,-0.0014973395426565634,0.0008198148079927118
14,0,Lodgepole Pine,-0.00041328511504644855,0.0008599574241662152,0.00018190464981066948,0.0002713293125980361
14,0,Ponderosa Pine,0.0031938710788092795,0.004072891370038236,0.0038308067960763637,-0.009792829223805413
14,0,Spruce/Fir,-0.0031699403416295215,-0.0004476412597225939,-0.001102647870178645,0.0013054740475727893
14,1,Aspen,0.011162022771294258,-0.0022096811109402897,-0.000799145913347977,-0.0051268942383775095
14,1,Cottonwood/Willow,0.0,0.0,0.0,0.0
14,1,Douglas-fir,0.016816470884167777,0.010757410159033762,-0.0011127544357463122,-0.0008985880985211414
14,1,Krummholz,-0.00036362418811438274,0.001982146290071707,0.0010106058489492975,-0.0015285486231561933
14,1,Lodgepole Pine,0.0003506884661468775,0.001144238093908595,0.0008747583532091319,0.0007027330023348192
14,1,Ponderosa Pine,0.0008157706733179874,0.005020967923737685,0.0034023725888877956,-0.01157186210896379
14,1,Spruce/Fir,-0.0028416738744749446,0.0001579429480467002,-0.0005163992929718512,0.001521957967135242
14,2,Aspen,0.0012686696126219348,-0.002555648192659845,0.0035620007848064426,0.0045937637805991876
14,2,Cottonwood/Willow,0.0,0.0,0.0,0.0
14,2,Douglas-fir,0.019581170608433184,0.0059512961697322135,-0.0049127393228038845,0.0010715121913374333
14,2,Krummholz,0.002445668958107513,-0.0007693416373654727,0.0006079100727961287,0.0009278703590102633
14,2,Lodgepole Pine,0.0008358893239105621,0.0004390578279823883,9.440625936268932e-05,0.00026682771869881067
14,2,Ponderosa Pine,0.003800378412005765,0.0032514894145444784,0.0011154250969012218,-0.008769327783033456
14,2,Spruce/Fir,-0.001525411188302785,-0.0008716338659165898,-0.0012522969824361092,0.0011028953691225862
14,3,Aspen,0.013503045255772663,0.000895476187929641,0.005455419821332509,-0.0011617619009985924
14,3,Cottonwood/Willow,-0.06496694995278564,-0.06496694995278564,-0.06496694995278564,0.19490084985835696
14,3,Douglas-fir,0.004484058662778419,0.0024929068409195545,-0.007669291545764567,0.007401232688012183
14,3,Krummholz,-9.158497981850052e-07,-0.0013789585822408894,-0.0002950476255209426,0.0022844887855575182
14,3,Lodgepole Pine,0.0007901666531520227,0.0014623308845545246,-8.885618068903607e-05,0.00042524482419071624
14,3,Ponderosa Pine,-0.005164555985813159,-0.001887415676086977,-0.0021732825367801654,0.005913816795280071
14,3,Spruce/Fir,-0.0021988695048246096,0.0004251849685895555,-0.0014551817057632994,0.0014658376093378185
14,Aggregated,Aspen,0.007635480814805766,0.0004616248576166579,2.0118331973083964e-05,-1.8932503969230213e-05
14,Aggregated,Cottonwood/Willow,-0.06496694995278564,-0.06496694995278564,-0.06496694995278564,0.19490084985835696
14,Aggregated,Douglas-fir,0.015461325195812456,0.006718871126345664,-0.0032586712328095424,0.0013172518483312047
14,Aggregated,Krummholz,0.000700787090506659,0.0004451722166008443,-4.346781160801995e-05,0.0006259063323510749
14,Aggregated,Lodgepole Pine,0.00039086483204075345,0.0009763960576529309,0.00026555327042336363,0.00041653371445559556
14,Aggregated,Ponderosa Pine,0.0006613660445799682,0.0026144832580583554,0.001543830486271304,-0.006055050580130647
14,Aggregated,Spruce/Fir,-0.0024339737273079655,-0.000184036802250732,-0.0010816314628374762,0.001349041248292109
14,Centralized,Aspen,0.007646934960725886,0.0004267289631849497,6.555309157089036e-05,1.1127013521549286e-05
14,Centralized,Cottonwood/Willow,-0.044774176753872186,-0.044774176753872186,-0.044774176753872186,0.13432253026161656
14,Centralized,Douglas-fir,0.015331004189196482,0.006705630864206604,-0.003285349630743071,0.0014369406610493889
14,Centralized,Krummholz,0.0007022429698074114,0.00044994946974392475,-4.199721292977299e-05,0.0006181427679521623
14,Centralized,Lodgepole Pine,0.00039057527829207867,0.0009765422566901013,0.00026569464316994473,0.0004164564547116852
14,Centralized,Ponderosa Pine,0.00038129085434496224,0.002436270091478084,0.001443179407347191,-0.005678738712064794
14,Centralized,Spruce/Fir,-0.0024327425118283916,-0.00018436989987422048,-0.0010820403971751602,0.0013490088036460697
15,0,Aspen,-0.007136630053773384,0.0027482181868644048,0.009030309728060834,-0.00036479215683396976
15,0,Cottonwood/Willow,0.0,0.0,0.0,0.0
15,0,Douglas-fir,-0.00327018745305332,-0.02804935542913103,0.019131222351134267,-0.011888244627636643
15,0,Krummholz,-0.0005889140599131815,-0.0004893981101325254,0.006735039094664053,-0.00016422488633323815
15,0,Lodgepole Pine,-0.00036837162992007605,0.0007928807702228813,0.001692358839350187,0.00036921098035730404
15,0,Ponderosa Pine,0.002094635844723025,0.002252229503870199,0.0013673294418229027,-0.006744341320896408
15,0,Spruce/Fir,0.0023323511697637875,-0.003468598667896524,0.001193946050174255,0.0003471943450927828
15,1,Aspen,0.001318030706588998,-0.005435740967635105,0.00950218029098121,-0.0027235677470943873
15,1,Cottonwood/Willow,0.0,0.0,0.0,0.0
15,1,Douglas-fir,-0.009419401255063678,-0.02782365316248191,0.03070985057699265,-0.015635950388302854
15,1,Krummholz,0.0003075948035773472,0.0011754675773456846,0.0019497522721968197,0.0008304563859637867
15,1,Lodgepole Pine,-0.0008016100037372594,0.0005820215314464305,0.0018646687978517984,-9.084318313788235e-05
15,1,Ponderosa Pine,0.004575080417723272,0.0035007363101275577,0.00212030236914725,-0.00664320082074904
15,1,Spruce/Fir,0.001615911518782163,-0.0027717354414781756,0.0011170616737252632,-0.00025927519042174646
15,2,Aspen,-0.0007248958068344866,-0.008138125815010541,0.0034504663626103945,0.0022728207786488347
15,2,Cottonwood/Willow,0.0,0.0,0.0,0.0
15,2,Douglas-fir,-0.014696364910517215,-0.02294342774960521,0.02185457665150285,-0.006836756827898323
15,2,Krummholz,-0.0014813495363509936,-0.0009055649701037541,0.004148950410753018,-0.0010537730559917746
15,2,Lodgepole Pine,0.00010291926895798313,0.0007158597821414481,0.0017992360169870973,0.000606207760711223
15,2,Ponderosa Pine,0.003141957085602507,0.0035828058296792087,0.00016033754413788404,-0.0051332325461193136
15,2,Spruce/Fir,0.0026211118021720417,-0.003075946693820738,0.0015067430606980532,0.0006157347209388616
15,3,Aspen,-0.0025978304616404665,-0.011211362666738209,0.0037189162584519383,-0.0028767116544147903
15,3,Cottonwood/Willow,-0.06537482873360735,-0.06537482873360735,-0.06537482873360735,0.1961244862008221
15,3,Douglas-fir,-0.011471864258546141,-0.016270118906341238,0.015824499270295708,0.0033307611990747027
15,3,Krummholz,-0.0013865157656622606,-0.0012470213982636498,0.005078286773812492,0.0011733952747244036
15,3,Lodgepole Pine,-8.048979456059165e-05,0.0006326909248362452,0.0012845269546628661,0.0005118932068530665
15,3,Ponderosa Pine,-0.0023743456430531476,-0.002441839105810676,-0.0016263149358058022,0.009281587230908809
15,3,Spruce/Fir,0.002445332251671428,-0.003438220155327354,0.0013111974572037795,0.0005999888409641089
15,Aggregated,Aspen,-0.0022853314039148346,-0.005509252815629862,0.006425468160026094,-0.0009230626949235782
15,Aggregated,Cottonwood/Willow,-0.06537482873360735,-0.06537482873360735,-0.06537482873360735,0.1961244862008221
15,Aggregated,Douglas-fir,-0.009714454469295088,-0.023771638811889848,0.021880037212481367,-0.007757547661190779
15,Aggregated,Krummholz,-0.0007872961395872722,-0.0003666292252885612,0.004478007137856595,0.00019646342959079438
15,Aggregated,Lodgepole Pine,-0.000286888039814986,0.0006808632521617513,0.0016601976522129874,0.00034911719119592777
15,Aggregated,Ponderosa Pine,0.0018593319262489142,0.0017234831344665725,0.0005054136048255586,-0.002309796864213988
15,Aggregated,Spruce/Fir,0.002253676685597355,-0.003188625239630698,0.0012822370604503378,0.0003259106791435017
15,Centralized,Aspen,-0.0023326739622958385,-0.005503398828166246,0.0064153157706455756,-0.0009263892626038781
15,Centralized,Cottonwood/Willow,-0.04725523486134692,-0.04725523486134692,-0.04725523486134692,0.14176570458404075
15,Centralized,Douglas-fir,-0.009735737941563192,-0.023708240914943824,0.02180408773397229,-0.007650151240043525
15,Centralized,Krummholz,-0.0007855452068993481,-0.00036312423025073687,0.004478936731307577,0.00020117191821326466
15,Centralized,Lodgepole Pine,-0.00028715985197129884,0.0006806288724974704,0.0016602921570472255,0.00034899661190289827
15,Centralized,Ponderosa Pine,0.0017340180376556695,0.001622622376546488,0.00043212466174190795,-0.0018919915307239559
15,Centralized,Spruce/Fir,0.0022547894675533455,-0.003188188567085896,0.0012817821650964085,0.00032600905751598946
16,0,Aspen,0.000490584804850471,0.0007452465134176004,0.010990574426712982,-0.016068707484032312
16,0,Cottonwood/Willow,0.0,0.0,0.0,0.0
16,0,Douglas-fir,0.008747795366672159,-0.013752922738655768,0.017461080503502813,-0.01143018059657891
16,0,Krummholz,-0.0008661642240868536,-0.0015025580637325897,-0.0033613865667746767,0.0005366178484772407
16,0,Lodgepole Pine,-0.0017173941907398422,-1.541964303448477e-05,0.00017040739634550475,0.0007309249404108727
16,0,Ponderosa Pine,0.0031950211986484325,0.0034103150229479926,0.004845242050493285,-0.007822251595968591
16,0,Spruce/Fir,0.003108017491913001,0.0014611594089373274,-0.0001633804588000165,-0.002035067639041719
16,1,Aspen,0.009125863532281828,-0.004561489870959182,0.012354851027641356,-0.015173200816416538
16,1,Cottonwood/Willow,0.0,0.0,0.0,0.0
16,1,Douglas-fir,0.00725230227593987,-0.010652510743102398,0.016156012782252,-0.00796426386237146
16,1,Krummholz,1.9721692149819264e-05,-0.001470929895848544,-0.0009531242055824396,0.00039413163465506124
16,1,Lodgepole Pine,-0.0016871622991305273,-0.00022274622837426908,0.0004501008747519371,0.0005167968832625325
16,1,Ponderosa Pine,0.002777358584792481,0.0023706377658743913,0.003446272117788659,-0.008119925388281731
16,1,Spruce/Fir,0.0027609637170151746,0.0017143276253479371,0.0005226042876866713,-0.0027486151943205326
16,2,Aspen,0.005399748084889526,-0.008284848545717524,0.005129577414922912,-0.011170864823989718
16,2,Cottonwood/Willow,0.0,0.0,0.0,0.0
16,2,Douglas-fir,0.008893530290421068,-0.010437022295074158,0.015151444774593875,-0.0023780332815751815
16,2,Krummholz,-5.855650886144037e-05,-0.0028025458578596805,-0.0022722558650063083,0.0016272247146983203
16,2,Lodgepole Pine,-0.0013985774696507192,-0.0015988313183869136,-0.00016742620817043288,0.000996540669662982
16,2,Ponderosa Pine,0.003353626427945372,0.002041096700195394,0.0020283971638330087,-0.005445198986204426
16,2,Spruce/Fir,0.0027479262914954505,-0.00031263860407591365,-0.0005510271980686173,-0.0016280449928789964
16,3,Aspen,0.002842109336387682,-0.0029426004633985176,0.009218648799778947,-0.009752456753951066
16,3,Cottonwood/Willow,-0.06449012494961709,-0.06449012494961709,-0.06449012494961709,0.19347037484885124
16,3,Douglas-fir,0.00047673777961790287,-0.00818897025260352,0.005614750127892411,0.0010540100885996124
16,3,Krummholz,5.062640536115011e-06,-0.004051581768842062,-0.001644694343644069,0.0021498138284549253
16,3,Lodgepole Pine,-0.0019612887705588353,-0.0006311731818958444,-0.00043926249376042653,0.0011461816349854492
16,3,Ponderosa Pine,-0.0030313203277481937,-0.0027455705755856374,-0.0038105926777260526,0.01057226403175083
16,3,Spruce/Fir,0.0022353446659946763,0.0010332830866973675,-0.00051875403894767,-0.0016770146335969478
16,Aggregated,Aspen,0.004464576439602377,-0.003760923091664406,0.009423412917264049,-0.01304130746959741
16,Aggregated,Cottonwood/Willow,-0.06449012494961709,-0.06449012494961709,-0.06449012494961709,0.19347037484885124
16,Aggregated,Douglas-fir,0.00634259142816275,-0.01075785650735896,0.013595822047060275,-0.005179616912981484
16,Aggregated,Krummholz,-0.00022498410006558991,-0.0024569038965707194,-0.0020578652452518734,0.001176947006571387
16,Aggregated,Lodgepole Pine,-0.0016911056825199811,-0.000617042592922878,3.454892291645598e-06,0.0008476110320804591
16,Aggregated,Ponderosa Pine,0.0015736714709095228,0.0012691197283580353,0.0016273296635972252,-0.00270377798467598
16,Aggregated,Spruce/Fir,0.0027130630416045756,0.0009740328792266796,-0.00017763935203240813,-0.002022185614959549
16,Centralized,Aspen,0.004439316881837981,-0.0037628403453275248,0.009444883355332409,-0.013015610933140456
16,Centralized,Cottonwood/Willow,-0.04815650865312265,-0.04815650865312265,-0.04815650865312265,0.14446952595936793
16,Centralized,Douglas-fir,0.006295562464336148,-0.010760300086705523,0.013522199956174976,-0.005131796408223745
16,Centralized,Krummholz,-0.00023339077867155314,-0.0024549962939752756,-0.0020650092483241824,0.001181720565226659
16,Centralized,Lodgepole Pine,-0.0016911438101949912,-0.0006163295371806968,3.77426852980293e-06,0.0008473643294492258
16,Centralized,Ponderosa Pine,0.0013583136733846442,0.0011681223792122848,0.0014005014852175313,-0.0022209954647497234
16,Centralized,Spruce/Fir,0.002713077890870117,0.0009728225095675854,-0.00017860621500813875,-0.0020215687786439653
17,0,Aspen,0.0164404453836198,-0.00048667577269633405,-0.013800935890450209,-0.00018999344342618407
17,0,Cottonwood/Willow,0.0,0.0,0.0,0.0
17,0,Douglas-fir,0.018208367599337093,-0.01395923137474391,0.011534261941866639,-0.006087533411342522
17,0,Krummholz,0.003975889041664478,-0.002449247533791462,-0.001403858109660631,-0.0024936563231209483
17,0,Lodgepole Pine,0.0006852927334644876,-0.00034105906511854484,0.0004512762178356851,0.00038402982259574947
17,0,Ponderosa Pine,0.0026039957303730563,0.004881079792599395,0.004108383504014314,-0.0130195157117478
17,0,Spruce/Fir,-0.00017319014694258672,0.0029995092058887527,-0.0012167241727758054,-0.0016994068424109425
17,1,Aspen,0.012196999549428317,-0.004249670667866602,-0.004612941431899299,-0.007081266540825142
17,1,Cottonwood/Willow,0.0,0.0,0.0,0.0
17,1,Douglas-fir,0.014225621030712518,-0.01943935069084939,0.014478406793157936,-0.004227643067028303
17,1,Krummholz,0.0026838236677176885,-0.0003660011678860431,-0.0027582861020228147,0.001380404289731722
17,1,Lodgepole Pine,0.00032079721176721715,-0.0008004328986733755,0.0009595512633539897,0.0006186344067352079
17,1,Ponderosa Pine,0.005262551860996685,0.0032489941156916835,0.0033914470629931768,-0.013812046409660475
17,1,Spruce/Fir,-0.000747652221048084,0.0033474248860282476,-0.0011887475703947863,-0.0009100507399502356
17,2,Aspen,0.007423863737714929,0.0017146741704816097,-0.0059402055697381495,0.0017534581565193479
17,2,Cottonwood/Willow,0.0,0.0,0.0,0.0
17,2,Douglas-fir,0.01569728632483638,-0.017197303602133614,0.015402080783275101,-0.003225868120131902
17,2,Krummholz,0.003097440706351854,-0.0015465286226560293,-0.0015670103084496345,0.0009547740205751073
17,2,Lodgepole Pine,0.0010454497512501308,-0.0012725137272877423,0.0010307120671195584,0.0007405840079852307
17,2,Ponderosa Pine,0.004431415503055092,0.0031268262366974664,0.0033313339504565573,-0.010714207789184435
17,2,Spruce/Fir,0.000428155157787824,0.002401243485558535,-0.000828910219321762,-0.0009086460614189754
17,3,Aspen,0.004880714340810864,0.002574304553023927,-0.00236281847095339,-0.0017070911225636892
17,3,Cottonwood/Willow,-0.0638750231096321,-0.0638750231096321,-0.0638750231096321,0.19162506932889625
17,3,Douglas-fir,0.007816018879738559,-0.008419374327026849,0.011289511664655935,-0.0024609733573598045
17,3,Krummholz,0.0041717586182518545,-0.0020852825158210095,-0.0018079463972487109,0.0006582362442682232
17,3,Lodgepole Pine,0.0011253964866612214,-0.0011897987625909638,0.0004940102476011787,0.0010563481735436364
17,3,Ponderosa Pine,-0.0034284849567198425,-0.0023436276019318525,0.00047556955686883784,0.004704570228273326
17,3,Spruce/Fir,0.0003223931322457925,0.0025170779005673862,-0.0012911942979226914,-0.0009443720441771238
17,Aggregated,Aspen,0.010235505752893477,-0.00011184192926434982,-0.0066792253407602625,-0.0018062232375739167
17,Aggregated,Cottonwood/Willow,-0.0638750231096321,-0.0638750231096321,-0.0638750231096321,0.19162506932889625
17,Aggregated,Douglas-fir,0.013986823458656138,-0.014753814998688441,0.013176065295738903,-0.004000504488965633
17,Aggregated,Krummholz,0.0034822280084964687,-0.0016117649600386362,-0.0018842752293454477,0.000124939557863526
17,Aggregated,Lodgepole Pine,0.0007942340457857643,-0.0009009511134176567,0.000733887448977603,0.0006998991027149561
17,Aggregated,Ponderosa Pine,0.0022173695344262475,0.0022283181357641733,0.0028266835185832215,-0.008210299920579846
17,Aggregated,Spruce/Fir,-4.2573519489263564e-05,0.0028163138695107303,-0.0011313940651037613,-0.0011156189219893192
17,Centralized,Aspen,0.010227713598359278,-0.00012381392083213316,-0.006686994841962918,-0.0018110395510492205
17,Centralized,Cottonwood/Willow,-0.042387437124279226,-0.042387437124279226,-0.042387437124279226,0.12716231137283768
17,Centralized,Douglas-fir,0.013908682853703272,-0.014693119975963573,0.013108486937014469,-0.003938959814510932
17,Centralized,Krummholz,0.0034798227000133928,-0.0016133153610356592,-0.0018890283026970027,0.0001272590758256975
17,Centralized,Lodgepole Pine,0.0007936435497125268,-0.0009006181756834134,0.0007338690117641988,0.0006996331969318
17,Centralized,Ponderosa Pine,0.002009799360745338,0.0020915051344634894,0.002763051891598478,-0.007781589406932891
17,Centralized,Spruce/Fir,-4.136233884541318e-05,0.0028157676408385643,-0.0011312943704848977,-0.0011154036707654487
18,0,Aspen,0.012599361949320972,0.0029122188289619627,0.0036493008073292484,-0.009705256449883399
18,0,Cottonwood/Willow,0.0,0.0,0.0,0.0
18,0,Douglas-fir,0.00792219247667921,-0.01885183403291979,0.02889354079219847,-0.0070261919556339385
18,0,Krummholz,0.0027603327500887085,-0.00037223385006177984,0.00038094924842133987,0.0011581563889716355
18,0,Lodgepole Pine,0.0003133998598929544,0.0002740318320860839,0.0006846723747242212,-0.0006134163053592249
18,0,Ponderosa Pine,0.002535458301668967,0.004191394928224392,0.003034671897632133,-0.00970177732901257
18,0,Spruce/Fir,0.0010421605007978156,-0.0019646218846538963,0.0038450880089262174,-0.0007948688687976398
18,1,Aspen,0.013887384061935607,-0.00040114242690493057,0.008186609241303442,-0.01214763333810657
18,1,Cottonwood/Willow,0.0,0.0,0.0,0.0
18,1,Douglas-fir,0.0010891349705544988,-0.01433911961253929,0.03050435780819244,-0.0070585146897518825
18,1,Krummholz,0.0007114186745901715,-0.0006100133641588253,0.0006354372658216497,0.0016832040477878323
18,1,Lodgepole Pine,0.0008309627700071413,0.00022282562367168893,2.2338864170727096e-05,-0.0004388857991121098
18,1,Ponderosa Pine,0.00458773793454952,0.003973944598964857,0.0016998487613733293,-0.009534150462443316
18,1,Spruce/Fir,0.0012763094933570067,-0.0012929410176099148,0.002904065510097892,-0.0010290312665578172
18,2,Aspen,0.015524026617741151,0.002968123587371844,0.010603273359530485,-0.00918782373516816
18,2,Cottonwood/Willow,0.0,0.0,0.0,0.0
18,2,Douglas-fir,0.002282912983945793,-0.01672771864404729,0.02783693468093822,-0.002375153842685912
18,2,Krummholz,0.0021855520182845014,-0.0004031273959272756,-0.0014600626000138561,0.000906588582613832
18,2,Lodgepole Pine,0.0010698157515670696,0.0002745947167704839,-0.00021091869681108544,-0.0005581699790319361
18,2,Ponderosa Pine,0.0037868608261030132,0.005244002298297273,-0.0010571055465821062,-0.006979576988458774
18,2,Spruce/Fir,0.001402839567315887,-0.0011634696353769274,0.002289650052825054,-0.0009051223127947705
18,3,Aspen,0.01314300628335661,-0.002902938975979439,0.0069001108187469,-0.0068493799160576725
18,3,Cottonwood/Willow,-0.06497500961168781,-0.06497500961168781,-0.06497500961168781,0.19492502883506344
18,3,Douglas-fir,0.00040369969121283505,-0.008989249990363981,0.018591451340524635,-0.000388041094115212
18,3,Krummholz,0.0010511672496956819,-0.0005640318543698822,-0.00010480650072379934,0.0012724635438895366
18,3,Lodgepole Pine,0.0011426460293084324,0.0003167896836903106,-0.0004907807280087514,-8.483718395857487e-05
18,3,Ponderosa Pine,-0.0044096569077482495,-0.0007960310898535253,-0.004337902250302117,0.00998369129893221
18,3,Spruce/Fir,0.0013039388285870552,-0.0014933879827384589,0.0027855486254649655,-0.0008258584509671651
18,Aggregated,Aspen,0.013788444728088585,0.0006440652533623593,0.00733482355672752,-0.00947252335980395
18,Aggregated,Cottonwood/Willow,-0.06497500961168781,-0.06497500961168781,-0.06497500961168781,0.19492502883506344
18,Aggregated,Douglas-fir,0.002924485030598084,-0.014726980569967588,0.02645657115546344,-0.004211975395546737
18,Aggregated,Krummholz,0.0016771176731647658,-0.0004873516161294407,-0.00013712064662366646,0.0012551031408157092
18,Aggregated,Lodgepole Pine,0.0008392061026938994,0.0002720604640546418,1.3279535187778473e-06,-0.0004238273168654614
18,Aggregated,Ponderosa Pine,0.0016251000386433125,0.0031533276839082486,-0.00016512178446969011,-0.004057953370245613
18,Aggregated,Spruce/Fir,0.0012563120975144413,-0.0014786051300947995,0.002956088049328532,-0.0008887202247793482
18,Centralized,Aspen,0.0137761270921861,0.0006553218864697915,0.0073370104200649695,-0.009453672915715092
18,Centralized,Cottonwood/Willow,-0.04543010752688172,-0.04543010752688172,-0.04543010752688172,0.13629032258064516
18,Centralized,Douglas-fir,0.0028768048722357755,-0.014677035393238133,0.026385424119564477,-0.004165714263242619
18,Centralized,Krummholz,0.0016771452163739282,-0.000487251068667834,-0.0001373605330572588,0.001262995344674574
18,Centralized,Lodgepole Pine,0.0008389746149333374,0.0002719727706161727,1.3863323819474083e-06,-0.00042357678582954916
18,Centralized,Ponderosa Pine,0.0013738164241377988,0.0030447706915083714,-0.0003291535208480116,-0.00355279416149043
18,Centralized,Spruce/Fir,0.0012568062207113002,-0.001477690361526766,0.002954990209766676,-0.0008889907213491995
19,0,Aspen,0.004380233047318341,-0.0032125978859191503,-0.01105887612829716,0.00035913176717022416
19,0,Cottonwood/Willow,0.0,0.0,0.0,0.0
19,0,Douglas-fir,0.0008668517016261016,-0.00022255465722676818,0.022059420921723444,-0.021188087129469596
19,0,Krummholz,0.003131193199626616,9.218793742298466e-05,-0.0004857049799125805,-0.0010997372048055787
19,0,Lodgepole Pine,0.0006565781602641818,0.0001386038181845628,0.00045123272014418087,-0.001202395028890237
19,0,Ponderosa Pine,0.00314023324071222,0.004783183580377863,0.00198615051107646,-0.011316344371036699
19,0,Spruce/Fir,0.0011980979939481273,-0.0036281910530128283,0.0008884341618817145,0.0019925437505148766
19,1,Aspen,0.004508626724287493,-0.008572310823531645,-0.0062386998518049325,0.0005527515073630446
19,1,Cottonwood/Willow,0.0,0.0,0.0,0.0
19,1,Douglas-fir,0.0007443833740769882,-0.0011603396817127705,0.024191708372637493,-0.020888369528973105
19,1,Krummholz,0.0025267021674261667,0.0005305980216680587,-0.0009524196417483496,-0.0009047518041461292
19,1,Lodgepole Pine,0.00012391416972438543,7.912999092396511e-05,0.0007368469312819906,-0.0014932590083667947
19,1,Ponderosa Pine,0.004358170964169471,0.0053943606871374545,0.003376491462707548,-0.011335326005553361
19,1,Spruce/Fir,0.00047899429115474956,-0.0033054502021677055,0.0008575732073204297,0.0015766319590376499
19,2,Aspen,0.002713540154127253,-0.014480257148920253,-0.007363420859871785,0.00319713540010653
19,2,Cottonwood/Willow,0.0,0.0,0.0,0.0
19,2,Douglas-fir,-0.0007607624604740922,0.0004083008037425821,0.02068625909262158,-0.02061669971548689
19,2,Krummholz,0.0035621325639189905,-0.0009638461560406616,0.00021981105655461777,-0.0015923583372316936
19,2,Lodgepole Pine,0.0008032941002430553,9.088561265384783e-05,0.0005400326008514386,-0.0015451461130744821
19,2,Ponderosa Pine,0.0035726329238459733,0.0055614707683921865,-0.0004425522190739939,-0.008986977991620765
19,2,Spruce/Fir,0.001225509805990288,-0.0032507877625593262,0.0009650003293895648,0.0012361696338069605
19,3,Aspen,0.002883241987197272,-0.00894266100595006,-0.0075126301930758576,-0.002025087885491101
19,3,Cottonwood/Willow,-0.06497987349051179,-0.06497987349051179,-0.06497987349051179,0.19493962047153537
19,3,Douglas-fir,-0.0017618759609859258,-0.0023140144423751488,0.011492094089147697,-0.00992226149662497
19,3,Krummholz,0.0037630699816962967,-0.0029734453422903353,-0.0011158639463093127,0.0017008087773508023
19,3,Lodgepole Pine,0.00029769122744039794,0.0006123859474103932,1.3008818944032496e-05,-0.0008693816723642315
19,3,Ponderosa Pine,-0.004820486442762571,-0.0026315017270317578,-0.0035683723370474227,0.010369035665404933
19,3,Spruce/Fir,0.0008431131013464099,-0.002707670144491109,0.0004820015656547642,0.002192907600939644
19,Aggregated,Aspen,0.0036214104782325896,-0.008801956716080276,-0.008043406758262433,0.0005209826972871744
19,Aggregated,Cottonwood/Willow,-0.06497987349051179,-0.06497987349051179,-0.06497987349051179,0.19493962047153537
19,Aggregated,Douglas-fir,-0.00022785083643923207,-0.0008221519943930263,0.019607370619032553,-0.01815385446763864
19,Aggregated,Krummholz,0.0032457744781670176,-0.0008286263848099883,-0.0005835443778539062,-0.00047400964220814984
19,Aggregated,Lodgepole Pine,0.0004703694144180051,0.00023025134229319222,0.0004352802678054106,-0.0012775454556739362
19,Aggregated,Ponderosa Pine,0.0015626376714912734,0.0032768783272189364,0.0003379293544156479,-0.005317403175701473
19,Aggregated,Spruce/Fir,0.0009364287981098937,-0.003223024790557742,0.0007982523160616183,0.001749563236074783
19,Centralized,Aspen,0.003602974751838147,-0.008822315981595247,-0.008037237594031152,0.0005462226311659102
19,Centralized,Cottonwood/Willow,-0.045163868904876094,-0.045163868904876094,-0.045163868904876094,0.1354916067146283
19,Centralized,Douglas-fir,-0.00022905581744852208,-0.0008526325774698973,0.019530868257662436,-0.018051117191782807
19,Centralized,Krummholz,0.003246807804114312,-0.0008252217858408795,-0.0005842875637606474,-0.0004778754049488502
19,Centralized,Lodgepole Pine,0.0004702638827835855,0.00023015554707031538,0.00043508859002197586,-0.0012772367858764806
19,Centralized,Ponderosa Pine,0.0013293546389282578,0.0030699447027171625,0.0001871296485403684,-0.004761311030731509
19,Centralized,Spruce/Fir,0.0009369378117770888,-0.0032226180820003523,0.0007979404507230577,0.0017487935019304401
20,0,Aspen,0.016427121244505054,0.0049517111846925825,-0.004214781877353292,-0.008545059579525846
20,0,Cottonwood/Willow,0.0,0.0,0.0,0.0
20,0,Douglas-fir,0.012159351543372896,-0.001831108866092085,-0.0015634861745561224,-0.02540431750154083
20,0,Krummholz,0.0013524242772370205,-0.0036754136581228594,0.0014363833999902764,0.000686443267980554
20,0,Lodgepole Pine,3.115381278398499e-05,-0.0008401105275362882,0.00036701881099229783,0.0002525989072038511
20,0,Ponderosa Pine,0.005539591986587128,0.004808648839739406,0.002698475795370738,-0.010380066591938639
20,0,Spruce/Fir,-0.0008598121704959568,0.0006155234739815737,-0.0021544263642107875,0.00036356058820583015
20,1,Aspen,0.015646946724924195,-0.004013104466725921,0.006180517072376587,-0.009196786388782588
20,1,Cottonwood/Willow,0.0,0.0,0.0,0.0
20,1,Douglas-fir,0.009357314126474772,-0.002633079883807556,0.007399505744623401,-0.023525167622051767
20,1,Krummholz,-0.0005427360064257277,-0.0010654361942021018,0.0004349935708397312,0.0019630085847261356
20,1,Lodgepole Pine,-0.00020881772689871717,-0.001024017215622915,0.0012812055837397307,0.0003227547115968177
20,1,Ponderosa Pine,0.003926106711844392,0.0031342749019575475,0.0029270662204039974,-0.01153785359435247
20,1,Spruce/Fir,-0.0014158763474583964,0.00134636162576951,-0.001470397770128436,0.00037448987120906424
20,2,Aspen,0.008708873359184063,-0.0008762409834281957,0.0008389714165249612,-0.004236856370558766
20,2,Cottonwood/Willow,0.0,0.0,0.0,0.0
20,2,Douglas-fir,0.009837034771492956,-0.003195686848278747,0.0013800866051534577,-0.023798658898017123
20,2,Krummholz,0.0007388567588579772,-0.0017072506704438144,0.0024074149503387023,0.001262448657779312
20,2,Lodgepole Pine,0.0005731658518767039,-0.0014238779879032586,0.0005976320125684054,0.0006649926343450518
20,2,Ponderosa Pine,0.004221517665513504,0.0023535248059380343,0.0030287532265259967,-0.011281039053689934
20,2,Spruce/Fir,-1.968512143599166e-05,0.0005147121235261157,-0.001979753329435461,0.0007680420884628447
20,3,Aspen,0.011753734886171726,-0.0050974018791707,0.002778516336581586,-0.006253438833273099
20,3,Cottonwood/Willow,-0.06441776253097008,-0.06441776253097008,-0.06441776253097008,0.19325328759291024
20,3,Douglas-fir,0.00870219498162944,-0.0019005273867658268,0.006112349031635174,-0.01729477451953539
20,3,Krummholz,-5.70938257606716e-05,-8.231607555540348e-05,4.652550026516359e-05,8.723160364041786e-05
20,3,Lodgepole Pine,0.00045409370938577037,-0.0017640137274584817,0.00046832307030957493,0.0004038109075307679
20,3,Ponderosa Pine,-0.0016646104742853163,-0.004360532786652577,-0.0006855837190833288,0.006653231170956443
20,3,Spruce/Fir,-0.0005633647888297899,0.0003126698869337363,-0.001959932641580527,0.0003890720773575181
20,Aggregated,Aspen,0.01313416905369626,-0.0012587590361580587,0.0013958057370324606,-0.007058035293035075
20,Aggregated,Cottonwood/Willow,-0.06441776253097008,-0.06441776253097008,-0.06441776253097008,0.19325328759291024
20,Aggregated,Douglas-fir,0.010013973855742516,-0.002390100746236054,0.0033321138017139776,-0.022505729635286277
20,Aggregated,Krummholz,0.0003728628009771496,-0.0016326041495810448,0.0010813293553584684,0.0009997830285316048
20,Aggregated,Lodgepole Pine,0.0002123989117869355,-0.0012630048646302358,0.0006785448694025021,0.0004110392901691221
20,Aggregated,Ponderosa Pine,0.0030056514724149264,0.0014839789402456027,0.001992177880804351,-0.00663643201725615
20,Aggregated,Spruce/Fir,-0.0007146846070550338,0.0006973167775527339,-0.0018911275263388029,0.0004737911563088143
20,Centralized,Aspen,0.013115198149358595,-0.0013009482572115632,0.001414219545174622,-0.007035312521455682
20,Centralized,Cottonwood/Willow,-0.04453227931488801,-0.04453227931488801,-0.04453227931488801,0.13359683794466404
20,Centralized,Douglas-fir,0.009969850243042347,-0.002381838688060393,0.003376550320857874,-0.02244046419958967
20,Centralized,Krummholz,0.00037510758623972756,-0.0016403492497309435,0.0010813220052834915,0.0010070531558412459
20,Centralized,Lodgepole Pine,0.00021216696562515827,-0.0012630532012267253,0.0006788190119404736,0.0004109576064586784
20,Centralized,Ponderosa Pine,0.002846306124146288,0.001288857021638094,0.0019330387370591156,-0.00613855591148547
20,Centralized,Spruce/Fir,-0.0007135905461258529,0.0006974438584284778,-0.0018915407287394086,0.0004740257794202581
21,0,Aspen,0.0037405857886938045,0.0009911110583289602,-0.0014778146041136326,-0.008986440551840788
21,0,Cottonwood/Willow,0.0,0.0,0.0,0.0
21,0,Douglas-fir,0.012669268671776507,-0.009578875469207706,0.011080798981898557,-0.015089465830013776
21,0,Krummholz,0.004078836878468005,-0.0008503678967544207,-0.0018525471982120123,-0.0013935401347763554
21,0,Lodgepole Pine,-0.0008818730399815511,0.0007225354904403977,0.00032845020511605244,0.0003328974308435817
21,0,Ponderosa Pine,0.003174574688503453,0.00393442182524024,0.002544835368785331,-0.012069891452822362
21,0,Spruce/Fir,0.0002673180882123982,-0.0018204756695235913,0.0009065317162582817,0.002150921991717495
21,1,Aspen,0.0046286080417130325,-0.007925601929315301,0.010925494288515594,-0.00993143287333735
21,1,Cottonwood/Willow,0.0,0.0,0.0,0.0
21,1,Douglas-fir,0.008495443436321212,-0.01113699297832449,0.015322094266314201,-0.009413505885806491
21,1,Krummholz,0.0015917571416763088,-0.001422021106708471,-0.0009359945435098993,-0.0009027628210901417
21,1,Lodgepole Pine,-0.0010965693809353676,0.0005200036228469318,0.0004988692018870385,0.00016576649281254316
21,1,Ponderosa Pine,0.004636061389320638,0.0057957698262261865,0.002745740554234507,-0.011858220567900682
21,1,Spruce/Fir,-0.0004274174816471521,-0.0015137444147378758,0.0011170749315655981,0.0017158374145383275
21,2,Aspen,0.008302246378756798,-0.010370963692752857,0.008314012743283741,-0.0063161789376941875
21,2,Cottonwood/Willow,0.0,0.0,0.0,0.0
21,2,Douglas-fir,0.013046917557524906,-0.009705390506355846,0.011698452376670257,-0.008873229789729061
21,2,Krummholz,0.0027898193305425645,-1.0618051469753661e-05,-0.003831909183795501,-0.000852337864294154
21,2,Lodgepole Pine,-0.00027799195764395085,7.716373800236338e-05,0.00016454071201977652,9.761339743969792e-05
21,2,Ponderosa Pine,0.005644789374679364,0.004314808653168541,0.0014948328499502599,-0.008475747843215567
21,2,Spruce/Fir,0.00028017893380509934,-0.002226790394819609,0.0005872116638899102,0.0015631378368531068
21,3,Aspen,0.008707787239556447,-0.007198925073910674,0.00643305434525783,-0.0031694001788003107
21,3,Cottonwood/Willow,-0.06478310502283105,-0.06478310502283105,-0.06478310502283105,0.19434931506849315
21,3,Douglas-fir,0.0049236912730261,-0.003005442522578089,0.008844216044955546,-0.008967101740272607
21,3,Krummholz,0.002575200429917194,-0.002368310280426981,-0.0012910275100269282,0.002174781328878513
21,3,Lodgepole Pine,-0.0005616159356939265,0.0005251076811016072,0.00010128591260847679,0.000383763859260422
21,3,Ponderosa Pine,-0.003346951145964903,-0.001379094945134246,-0.00295418608076393,0.007761368108786572
21,3,Spruce/Fir,0.00013883030737081117,-0.001970230181079761,0.0008684631340423002,0.0018710450684461717
21,Aggregated,Aspen,0.006344806862180021,-0.0061260949094124675,0.006048686693235883,-0.007100863135418159
21,Aggregated,Cottonwood/Willow,-0.06478310502283105,-0.06478310502283105,-0.06478310502283105,0.19434931506849315
21,Aggregated,Douglas-fir,0.00978383023466218,-0.008356675369116533,0.01173639041745964,-0.010585825811455484
21,Aggregated,Krummholz,0.002758903445151018,-0.0011628293338399064,-0.001977869608886085,-0.0002434648728205345
21,Aggregated,Lodgepole Pine,-0.000704512578563699,0.000461202633097825,0.0002732865079078361,0.0002450102950890612
21,Aggregated,Ponderosa Pine,0.0025271185766346377,0.0031664763398751806,0.000957805673051542,-0.00616062293878801
21,Aggregated,Spruce/Fir,6.472746193528917e-05,-0.0018828101650402093,0.0008698203614390226,0.0018252355778887754
21,Centralized,Aspen,0.006328576181538907,-0.006101391229672922,0.00605355018836289,-0.007092225152398944
21,Centralized,Cottonwood/Willow,-0.04509336511720302,-0.04509336511720302,-0.04509336511720302,0.13528009535160906
21,Centralized,Douglas-fir,0.009714630796142246,-0.008321478252068618,0.01170944545652088,-0.010543665126868737
21,Centralized,Krummholz,0.002759651598493821,-0.001161771187347005,-0.0019775643885615404,-0.000248351873325392
21,Centralized,Lodgepole Pine,-0.0007046066299302064,0.0004615391150697701,0.0002733047243468993,0.0002452145064697579
21,Centralized,Ponderosa Pine,0.0022697155270786176,0.003013889660972315,0.0007931463955153558,-0.005649494970961168
21,Centralized,Spruce/Fir,6.47183556737041e-05,-0.001883150186146663,0.0008698872451774753,0.0018243674821220117
22,0,Aspen,0.000461648647654439,0.005491070939204784,-0.009528479407742199,-0.0016318330208186054
22,0,Cottonwood/Willow,0.0,0.0,0.0,0.0
22,0,Douglas-fir,0.024535540546963774,-0.013585239273454916,0.025442780391535986,-0.018955699133513693
22,0,Krummholz,0.0009101319832966007,0.0016605391181168012,-0.00031984418451501867,-0.0021582342084489705
22,0,Lodgepole Pine,0.00037598385462375705,0.000254614753117971,-0.00028601398268349176,0.00010568743884079024
22,0,Ponderosa Pine,0.00393577558485413,0.0034288255058080954,0.0028255742203771674,-0.010474408340767525
22,0,Spruce/Fir,-0.0008006137550351788,0.0007567855582515289,0.0007734011998246174,0.00014629439450256077
22,1,Aspen,0.009120537339338075,0.0010179616666700687,4.6148181325709565e-06,-0.003188935926566582
22,1,Cottonwood/Willow,0.0,0.0,0.0,0.0
22,1,Douglas-fir,0.01548131303818523,-0.01331719520813703,0.025937967118550027,-0.02034355691920564
22,1,Krummholz,0.0009613205221830808,0.0011190745737823156,-0.0010532743269811944,0.00014270115913722625
22,1,Lodgepole Pine,0.0009624458957093925,0.000650173060995555,8.090890128498174e-05,-0.000268887768553161
22,1,Ponderosa Pine,0.004659765025619368,0.004341802261271223,0.0038580139483953466,-0.013058141446861099
22,1,Spruce/Fir,-0.0005614247133176967,0.001491669644870482,0.0009422402355991529,-0.0003430028371783078
22,2,Aspen,0.0006125854627845919,-0.0027807308178483953,0.005623654052800506,-9.804243644490525e-05
22,2,Cottonwood/Willow,0.0,0.0,0.0,0.0
22,2,Douglas-fir,0.01931146048402548,-0.01729913938435106,0.024205610986278648,-0.01900942696949819
22,2,Krummholz,0.002343386979073834,0.0007175769413351832,0.00020073259707338123,-0.0017911975627212529
22,2,Lodgepole Pine,0.0009835730531778202,0.0003393911531292075,-0.00035372114901713325,-9.101890331580005e-05
22,2,Ponderosa Pine,0.00360050480520846,0.002317740246404946,0.0023456924546406874,-0.009671475260094486
22,2,Spruce/Fir,-0.0002322880595391393,0.0013124561523715772,0.00023760589120315942,-0.00013279076289202107
22,3,Aspen,0.006317920566265743,-0.001533988446073951,-0.001167748884557331,-0.001724035648122633
22,3,Cottonwood/Willow,-0.06455862977602107,-0.06455862977602107,-0.06455862977602107,0.19367588932806323
22,3,Douglas-fir,0.010777073085749905,-0.012438898796333614,0.016155435494395565,-0.013709028511425738
22,3,Krummholz,0.00017958786941992452,0.0002097156051808676,-0.0009182851700831515,0.0003719579563690549
22,3,Lodgepole Pine,0.0005496433215162374,0.0003372190616514892,-0.0002476813872958894,0.00016211126395444345
22,3,Ponderosa Pine,-0.004089651895895358,-0.002732155475125092,-0.003668220186563607,0.008369696219210085
22,3,Spruce/Fir,-0.0008035761800171034,0.000999671063682428,0.0006313665106179774,3.238538998023843e-05
22,Aggregated,Aspen,0.0041281730040107125,0.0005485783354881266,-0.0012669898553416131,-0.0016607117579881816
22,Aggregated,Cottonwood/Willow,-0.06455862977602107,-0.06455862977602107,-0.06455862977602107,0.19367588932806323
22,Aggregated,Douglas-fir,0.017526346788731096,-0.014160118165569155,0.022935448497690056,-0.018004427883410813
22,Aggregated,Krummholz,0.00109860683849336,0.000926726559603792,-0.0005226677711264959,-0.0008586931639159856
22,Aggregated,Lodgepole Pine,0.0007179115312568018,0.00039534950722355566,-0.00020162690442788317,-2.3026992268431835e-05
22,Aggregated,Ponderosa Pine,0.0020265983799466498,0.001839053134589793,0.0013402651092123987,-0.006208582207128256
22,Aggregated,Spruce/Fir,-0.0005994756769772796,0.001140145604794004,0.0006461534593112268,-7.427845389688242e-05
22,Centralized,Aspen,0.0041255104378029135,0.0005245684657934994,-0.0012617577370224269,-0.0016456009953168909
22,Centralized,Cottonwood/Willow,-0.04421242588295953,-0.04421242588295953,-0.04421242588295953,0.1326372776488786
22,Centralized,Douglas-fir,0.017459536946300147,-0.014130801238257865,0.022885017338359254,-0.01793812341410343
22,Centralized,Krummholz,0.0010997071539440295,0.0009290931569714278,-0.000526121603212526,-0.0008607609701648533
22,Centralized,Lodgepole Pine,0.0007181398796853403,0.0003952396138501568,-0.0002016482731889054,-2.301378654755622e-05
22,Centralized,Ponderosa Pine,0.001762207666286708,0.0016899264849164115,0.001130595694763037,-0.005671101760680382
22,Centralized,Spruce/Fir,-0.000599315450242018,0.001140554373176857,0.0006454035270998896,-7.434521424707723e-05
23,0,Aspen,0.015393719982198684,-0.006779034860989436,0.0018844288306548256,0.004724482622826727
23,0,Cottonwood/Willow,0.0,0.0,0.0,0.0
23,0,Douglas-fir,0.011779785942903373,-0.006569043352324573,0.01363954910215622,-0.023861577158670672
23,0,Krummholz,0.0021438286692221273,-0.0005378350427443038,-0.0010422863034934653,-0.0013322040530626411
23,0,Lodgepole Pine,-0.0004925766284491484,0.00024467480875236164,0.00015695253482461702,-0.00021621368518833414
23,0,Ponderosa Pine,0.0032265872467132826,0.004712786586863989,0.004668372002057978,-0.012559955294748812
23,0,Spruce/Fir,0.0009025642473403558,-0.0010763192117289322,-9.59145302915354e-05,0.0007202592428716773
23,1,Aspen,0.015875717899768594,-0.014456698736902593,0.005021044238793747,0.0001191262405986863
23,1,Cottonwood/Willow,0.0,0.0,0.0,0.0
23,1,Douglas-fir,0.008366099918389677,-0.0051267369023665355,0.015800860198178186,-0.01861155565188292
23,1,Krummholz,0.0014419026363436764,-0.0003593624894745647,2.401460983436632e-05,-0.0006469648607370834
23,1,Lodgepole Pine,-0.0007523424608605241,0.000588996182830509,0.0004225622886157669,-0.0004171132069127244
23,1,Ponderosa Pine,0.004974118100831103,0.00407394136645331,0.003744966586544283,-0.013687947867318187
23,1,Spruce/Fir,0.00039089471052381847,5.401820477255829e-05,6.714548527314568e-05,0.00019954449568463742
23,2,Aspen,0.012666932982754037,-0.01870861660980506,0.005478146167653668,0.0034497606509640844
23,2,Cottonwood/Willow,0.0,0.0,0.0,0.0
23,2,Douglas-fir,0.01030945411019781,-0.006750627053912384,0.013362824182871621,-0.01615075775849743
23,2,Krummholz,0.0022933471478952527,0.0003287560709528033,-0.0006900298089540143,-0.00191750356907755
23,2,Lodgepole Pine,-0.00022018711976453295,-0.000215904034000014,-1.5139891000955549e-05,-0.00021452731136796985
23,2,Ponderosa Pine,0.004638364245343196,0.003569596366552833,0.0023164379087430667,-0.010230232852612339
23,2,Spruce/Fir,0.0010693476137433784,-0.0009989609816955052,-0.00034427349853996536,0.0006125571862655074
23,3,Aspen,0.018819720783984566,-0.014824127165815373,0.004771418323829417,0.0011613874731557783
23,3,Cottonwood/Willow,-0.06417410714285714,-0.06417410714285714,-0.06417410714285714,0.19252232142857142
23,3,Douglas-fir,0.004326565872861121,-0.004612383179504631,0.012761620507652394,-0.012291776701192803
23,3,Krummholz,0.001409644085741087,-0.0004421323445412499,-0.0010481339317878942,0.0005019215314003104
23,3,Lodgepole Pine,-0.0006119509206002349,0.0003218893764607711,7.245684035076898e-06,-0.00027820918225261265
23,3,Ponderosa Pine,-0.002715835851585774,-0.0013375043248974594,-0.0038375869823471243,0.007930203753464898
23,3,Spruce/Fir,0.0004217589233994808,-0.0002940451052981981,-0.00014739357196793165,0.0005024574641141663
23,Aggregated,Aspen,0.01568902291217647,-0.013692119343378117,0.004288759390232914,0.002363689246886319
23,Aggregated,Cottonwood/Willow,-0.06417410714285714,-0.06417410714285714,-0.06417410714285714,0.19252232142857142
23,Aggregated,Douglas-fir,0.008695476461087995,-0.005764697622027031,0.013891213497714605,-0.017728916817560957
23,Aggregated,Krummholz,0.0018221806348005358,-0.00025264345145182876,-0.0006891088586002518,-0.0008486877378692411
23,Aggregated,Lodgepole Pine,-0.0005192642824186102,0.00023491408351090692,0.0001429051541186263,-0.0002815158464304103
23,Aggregated,Ponderosa Pine,0.002530808435325452,0.002754704998743168,0.001723047378749551,-0.007136983065303609
23,Aggregated,Spruce/Fir,0.0006961413737517584,-0.0005788267734875193,-0.0001301090288815717,0.0005087045972339971
23,Centralized,Aspen,0.01565895674797527,-0.013686704415824225,0.004289141148406159,0.002393991529605737
23,Centralized,Cottonwood/Willow,-0.04329819277108434,-0.04329819277108434,-0.04329819277108434,0.12989457831325302
23,Centralized,Douglas-fir,0.008620487778816086,-0.005738232929938442,0.013890521166507288,-0.017679433361462132
23,Centralized,Krummholz,0.0018215794106626326,-0.00025207036269131455,-0.0006851539701868877,-0.0008540530471539501
23,Centralized,Lodgepole Pine,-0.0005192629526627931,0.00023523841273651036,0.00014253616516933984,-0.00028128935716273396
23,Centralized,Ponderosa Pine,0.0023102010848257506,0.002619195129363224,0.0015341288751695898,-0.00657018805702327
23,Centralized,Spruce/Fir,0.0006961595426803838,-0.000579129028980524,-0.00013004543308513714,0.000508556292294802
24,0,Aspen,0.012677891548124648,-0.0026967916589788893,-0.009808371221871342,-0.001134142885904026
24,0,Cottonwood/Willow,0.0,0.0,0.0,0.0
24,0,Douglas-fir,0.016376610196549197,0.004429374755398452,0.000969103734218398,-0.028290420733677806
24,0,Krummholz,0.0005385685572464235,-0.0022282602763449197,0.00018439050719627295,0.0011029121036911134
24,0,Lodgepole Pine,0.0003982671145185135,-4.322358745708262e-05,-0.000416480596990861,-0.00027786797467190444
24,0,Ponderosa Pine,0.004896806068509406,0.0037681632224530748,0.0032225417097931455,-0.012881062227038156
24,0,Spruce/Fir,0.0009474413891996473,6.463055056208737e-05,-0.00042671582271134695,9.458332752750505e-05
24,1,Aspen,0.012825887464563515,-0.006225871816348723,-0.007431990543633323,-0.003290181785658486
24,1,Cottonwood/Willow,0.0,0.0,0.0,0.0
24,1,Douglas-fir,0.01544513916697667,0.0038907313863337234,0.005111909124859333,-0.02712187178077034
24,1,Krummholz,0.0002903203865292174,-0.00030380981974247506,-0.001000558725687578,0.0008668537935561197
24,1,Lodgepole Pine,4.649550913125393e-06,-0.0002872152319969938,5.220310618726335e-05,7.427759014887643e-05
24,1,Ponderosa Pine,0.006452291565820778,0.004673707194314407,0.004064783239010439,-0.014413515963191773
24,1,Spruce/Fir,0.000593427742816168,0.0007602499988667485,-0.0007341171553692794,0.00043786577680537026
24,2,Aspen,0.01049381488119453,-0.00921097104898857,-0.0058441681135154066,0.005535432555797966
24,2,Cottonwood/Willow,0.0,0.0,0.0,0.0
24,2,Douglas-fir,0.01628516238333628,0.0029722118555290298,-0.0009180171886216763,-0.02353321346009023
24,2,Krummholz,0.0007429742832362011,-0.001034113185600279,0.0010392242424061189,0.00020889221310068282
24,2,Lodgepole Pine,0.00019712193631728678,-0.000164357703441013,-6.805424098282886e-05,0.0002740455040696384
24,2,Ponderosa Pine,0.005007807229427785,0.002245045051005775,0.00291163223777167,-0.010474247725564212
24,2,Spruce/Fir,0.0008340793486729855,0.0006969641611517252,-0.0004764406570061756,0.000408167205720474
24,3,Aspen,0.01020814097682427,-0.009609476701248015,-0.002646565510709839,-0.0026672560083790403
24,3,Cottonwood/Willow,-0.06415270018621974,-0.06415270018621974,-0.06415270018621974,0.19245810055865922
24,3,Douglas-fir,0.01140832588477353,0.00427853008952737,0.0025328481464682953,-0.01952384943981907
24,3,Krummholz,0.00024547445056484946,-0.0015507358078069207,0.000759515149119816,0.0008251163959707708
24,3,Lodgepole Pine,3.141686115336791e-05,-0.0004382956037899677,-0.00022067302702807878,0.0002335889971766351
24,3,Ponderosa Pine,-0.001274904549274647,-0.0018521230788775729,-0.0020033577768238664,0.00710021152514347
24,3,Spruce/Fir,0.00039979868204841523,0.00011003654783084404,-0.0004305683918406818,0.000400173653097774
24,Aggregated,Aspen,0.01155143371767674,-0.00693577780639105,-0.006432773847432478,-0.00038903703103589657
24,Aggregated,Cottonwood/Willow,-0.06415270018621974,-0.06415270018621974,-0.06415270018621974,0.19245810055865922
24,Aggregated,Douglas-fir,0.014878809407908918,0.0038927120216971436,0.0019239609542310875,-0.02461733885358936
24,Aggregated,Krummholz,0.0004543344193941728,-0.0012792297723736485,0.00024564279325865745,0.0007509436265796717
24,Aggregated,Lodgepole Pine,0.0001578638657255734,-0.00023327303167126426,-0.00016325118970362632,7.601102918081137e-05
24,Aggregated,Ponderosa Pine,0.0037705000786208307,0.002208698097223921,0.0020488998524378467,-0.007667153597662668
24,Aggregated,Spruce/Fir,0.000693686790684304,0.00040797031460285127,-0.000516960506731871,0.00033519749078778083
24,Centralized,Aspen,0.011534485734957814,-0.006960534585042824,-0.006430070463670515,-0.0003687115502569033
24,Centralized,Cottonwood/Willow,-0.043398841017888636,-0.043398841017888636,-0.043398841017888636,0.1301965230536659
24,Centralized,Douglas-fir,0.014818657089108372,0.0038999418134204877,0.0019613483262986933,-0.024580319559146368
24,Centralized,Krummholz,0.0004553693408963407,-0.0012782842878638345,0.0002464624829391822,0.0007521214528547945
24,Centralized,Lodgepole Pine,0.00015766944992304244,-0.00023352993475927084,-0.0001631383111703466,7.59476493207752e-05
24,Centralized,Ponderosa Pine,0.0035680383816146057,0.002051007940260382,0.0019086647217005555,-0.007106967386677284
24,Centralized,Spruce/Fir,0.0006943404978584459,0.0004085759356271997,-0.0005177376216401556,0.00033502144326992095
25,0,Aspen,0.00811167061142174,-0.0030540636495604615,0.0011452881895010342,-0.00668223402412306
25,0,Cottonwood/Willow,0.0,0.0,0.0,0.0
25,0,Douglas-fir,0.002125126518350525,-0.003552483177852709,0.016195908483018568,-0.0232699347879764
25,0,Krummholz,0.0007851554761358718,0.0020238939409727616,-0.0006782040937810726,0.0009962103690261588
25,0,Lodgepole Pine,-0.00020644257035202598,0.00012300229554328598,0.00017372539600713868,0.00020022512970081321
25,0,Ponderosa Pine,0.004319952412239018,0.003836674157187784,0.004593689950000683,-0.013559118611814025
25,0,Spruce/Fir,-0.0011771303578054781,-0.0011702741133644001,0.0010466991825410776,0.0004234947810759504
25,1,Aspen,0.004127953085303278,-0.003794150349567348,-0.00030760795509153505,-0.006236812647486188
25,1,Cottonwood/Willow,0.0,0.0,0.0,0.0
25,1,Douglas-fir,-0.0021806775597059493,-0.005739061928184112,0.018643478400438823,-0.018676616739243607
25,1,Krummholz,-0.0005932445395092356,0.0026009078891432356,-0.0010839409171836956,0.0008539880686217008
25,1,Lodgepole Pine,0.0001241902456212788,-0.0001287146044313033,6.602052400322041e-05,-0.00016404030178724752
25,1,Ponderosa Pine,0.00473150764362007,0.003863359638251037,0.005173515937272832,-0.014779239850840361
25,1,Spruce/Fir,-0.0008955492396259257,-0.001135669897158705,0.0008112093503455098,0.00037088444432355666
25,2,Aspen,0.005099044889037539,-0.0032510291501990224,0.004886700303884213,-0.001477351595672291
25,2,Cottonwood/Willow,0.0,0.0,0.0,0.0
25,2,Douglas-fir,-0.00533948866910991,-0.004079646121528159,0.016976752236796334,-0.015308048133663849
25,2,Krummholz,-0.0011208001726582355,0.001962253475071507,-0.001681450876231431,0.00030299699411464226
25,2,Lodgepole Pine,0.00028976270334662063,3.9790663816217466e-05,7.097931207199666e-05,-0.00017270423387554432
25,2,Ponderosa Pine,0.004113806099178219,0.002740947721574886,0.003419767265334809,-0.012517060996809345
25,2,Spruce/Fir,-0.0008212140120194186,-0.0010296480083021493,0.00045674138439995754,0.00020680902524996178
25,3,Aspen,0.008142098370886789,-0.004705850353122552,0.005528483643259678,-0.005159093335504804
25,3,Cottonwood/Willow,-0.06326567928323276,-0.06326567928323276,-0.06326567928323276,0.18979703784969829
25,3,Douglas-fir,-0.001209228814590596,-0.0029004182382507773,0.01137078133952397,-0.011595249429477844
25,3,Krummholz,-0.00011673295101267504,0.0012335967318477803,-0.0011565291140581597,0.00017978022743633804
25,3,Lodgepole Pine,0.0006678529470235209,0.0004558848456882962,-0.0005559380021831206,0.0001282629383245563
25,3,Ponderosa Pine,-0.002374282129004877,-0.002140399515388238,-0.002418578049772774,0.006124525116266016
25,3,Spruce/Fir,-0.0004303320362330591,-0.0007157161395716741,0.00024164912555060813,0.0003858939705873495
25,Aggregated,Aspen,0.006370191739162337,-0.003701273375612346,0.0028132160453883475,-0.004888872900696586
25,Aggregated,Cottonwood/Willow,-0.06326567928323276,-0.06326567928323276,-0.06326567928323276,0.18979703784969829
25,Aggregated,Douglas-fir,-0.0016510671312639823,-0.004067902366453939,0.015796730114944424,-0.017212462272590424
25,Aggregated,Krummholz,-0.0002614055467610686,0.0019551630092588214,-0.0011500312503135897,0.0005832439147997099
25,Aggregated,Lodgepole Pine,0.00021884083140984859,0.00012249080015412409,-6.130319252519122e-05,-2.0641169093555816e-06
25,Aggregated,Ponderosa Pine,0.002697746006508108,0.0020751455004063674,0.0026920987757088877,-0.00868272358579943
25,Aggregated,Spruce/Fir,-0.0008310564114209704,-0.001012827039599232,0.0006390747607092882,0.0003467705553092046
25,Centralized,Aspen,0.006370430233478205,-0.0037058276706308465,0.002832438270379179,-0.0048880516066451135
25,Centralized,Cottonwood/Willow,-0.04184808901790033,-0.04184808901790033,-0.04184808901790033,0.125544267053701
25,Centralized,Douglas-fir,-0.0016479194560596784,-0.004068944346997662,0.01574944599118136,-0.017171051145486383
25,Centralized,Krummholz,-0.00026230869268342727,0.001959261142556984,-0.0011536590945476672,0.0005859965803065489
25,Centralized,Lodgepole Pine,0.0002187232058534679,0.000122249177325127,-6.122160889857065e-05,-2.030103222444568e-06
25,Centralized,Ponderosa Pine,0.0025225625611496514,0.0019296077900937496,0.002492385317350909,-0.008114345539284806
25,Centralized,Spruce/Fir,-0.0008306476832342738,-0.0010122044041379341,0.0006384433439897604,0.00034683820447233466
26,0,Aspen,0.0032690940029433354,-0.0020827631357510875,0.000934471411973369,0.002533860944358086
26,0,Cottonwood/Willow,0.0,0.0,0.0,0.0
26,0,Douglas-fir,0.01694550804593979,0.00830410938941919,0.01030829629353936,-0.03680631291307519
26,0,Krummholz,0.000669383564392186,-0.0017727612230483691,-0.0016647085967497939,-0.00113562675343154
26,0,Lodgepole Pine,-0.0003120523805617929,0.00027039803558661274,0.00028742919305918546,0.00012449896384044332
26,0,Ponderosa Pine,0.004935236782358271,0.00587208243723128,0.005688449967130332,-0.014987482638505661
26,0,Spruce/Fir,0.0008066542177541566,-0.000654399282336765,-0.0003790458933086438,8.085162774674563e-05
26,1,Aspen,0.010272056253884174,0.003138536416011426,0.0015717403999874109,-0.00026889521001944677
26,1,Cottonwood/Willow,0.0,0.0,0.0,0.0
26,1,Douglas-fir,0.011681063197263178,0.005544747820236062,0.012092214723903705,-0.029584159302731044
26,1,Krummholz,0.00032423813662769513,-0.00040908689037040075,-0.001870699646900777,-0.00031516788283648495
26,1,Lodgepole Pine,-0.0003104814828367071,0.00013091910892426561,0.00033267812351659803,-0.00021593042877573096
26,1,Ponderosa Pine,0.006147615891932763,0.0062680553761034945,0.004801335328127117,-0.01727626764713991
26,1,Spruce/Fir,0.0007291962707134669,-0.0005900719373645539,-0.00024410986276091987,-0.0006088348095709221
26,2,Aspen,0.005764650878933482,-0.0037949518034370113,-0.001502043641233029,0.005212340657074849
26,2,Cottonwood/Willow,0.0,0.0,0.0,0.0
26,2,Douglas-fir,0.0131775078080478,0.009659854035428675,0.006384923944413451,-0.029991962203645018
26,2,Krummholz,0.00019770525519425633,-0.0014031908043781645,-0.001382029299985423,0.0011037297112091171
26,2,Lodgepole Pine,6.808112437298175e-05,-0.00014605895966351054,5.695858678392285e-05,-0.0002201510997058657
26,2,Ponderosa Pine,0.004803640209200544,0.006239382320510541,0.003685311997641901,-0.01397707899354315
26,2,Spruce/Fir,0.0008883858279450652,-0.0006969862487994638,-0.0003919284325524704,-0.0002746586033676816
26,3,Aspen,0.005890760695138696,-0.0064327228648767415,0.000611942449808329,0.003696498062679285
26,3,Cottonwood/Willow,-0.06256771397616469,-0.06256771397616469,-0.06256771397616469,0.18770314192849405
26,3,Douglas-fir,0.006563721232562621,0.0052776427555305165,0.009466392097195445,-0.021467889914255318
26,3,Krummholz,-0.0004935448937929132,0.0002800474481119512,-0.0004729094444554105,0.0005631750470281213
26,3,Lodgepole Pine,-0.0002632288896897428,0.00034474241227991365,0.0003957818790105612,-0.0005302262220667117
26,3,Ponderosa Pine,-0.002998439150560741,-0.0016710220819847836,-0.0006792144153781136,0.005015515027988258
26,3,Spruce/Fir,0.0007055770733921107,-0.0004440159686527982,0.0001674078439657667,-0.0008852645408068868
26,Aggregated,Aspen,0.006299140457724921,-0.0022929753470133534,0.00040402765513402,0.002793451113523193
26,Aggregated,Cottonwood/Willow,-0.06256771397616469,-0.06256771397616469,-0.06256771397616469,0.18770314192849405
26,Aggregated,Douglas-fir,0.012091950070953348,0.007196588500153611,0.00956295676476299,-0.029462581083426642
26,Aggregated,Krummholz,0.00017444551560530608,-0.0008262478674212458,-0.0013475867470228511,5.402753049230333e-05
26,Aggregated,Lodgepole Pine,-0.00020442040717881527,0.00015000014928182037,0.0002682119455925669,-0.00021045219667696624
26,Aggregated,Ponderosa Pine,0.003222013433232709,0.004177124512965132,0.0033739707193803092,-0.010306328562800116
26,Aggregated,Spruce/Fir,0.0007824533474511999,-0.0005963683592883952,-0.00021191908616406685,-0.0004219765814996862
26,Centralized,Aspen,0.006286403615318001,-0.002302150687355587,0.0004063016480193628,0.0028326105302636565
26,Centralized,Cottonwood/Willow,-0.040412876137158854,-0.040412876137158854,-0.040412876137158854,0.12123862841147655
26,Centralized,Douglas-fir,0.012027230025752345,0.0071578385657416295,0.009592370669210907,-0.029374739623246677
26,Centralized,Krummholz,0.00017572416373857572,-0.000827801493780043,-0.0013506683334982377,5.3290853974717146e-05
26,Centralized,Lodgepole Pine,-0.00020445535651850144,0.00014996686735290385,0.00026819764141123675,-0.0002102801047153824
26,Centralized,Ponderosa Pine,0.002946391650858591,0.003957357658485844,0.0032345654453561357,-0.009701295788671802
26,Centralized,Spruce/Fir,0.000782645574437163,-0.0005962733100024579,-0.00021198372553228131,-0.00042246040574379456
27,0,Aspen,0.0014737116673114632,0.001835370117456205,0.003056035687555534,-0.0007260197279623145
27,0,Cottonwood/Willow,0.0,0.0,0.0,0.0
27,0,Douglas-fir,0.007956474842275,0.0038582491478373337,0.02128007216625179,-0.02814207469990271
27,0,Krummholz,0.0023452888396601943,-0.0003655633260458517,0.00027844214697331227,0.0008212730947879295
27,0,Lodgepole Pine,-0.0001792665790470623,8.536297029691313e-05,0.00015145896770977588,5.338857317199741e-05
27,0,Ponderosa Pine,0.00403940466556954,0.0040554685102255445,0.0050444015248106615,-0.013343140245114099
27,0,Spruce/Fir,0.0009417848318749774,0.0004709674515729345,-2.328719098961448e-06,-0.000507404681942103
27,1,Aspen,0.0020764361235898663,-0.0036380780683985627,0.0010790278894237115,-0.002740469765894741
27,1,Cottonwood/Willow,0.0,0.0,0.0,0.0
27,1,Douglas-fir,0.003526004358995851,0.007231325306688435,0.02226762432185994,-0.02554733364362326
27,1,Krummholz,0.002028918004850472,-5.780665631078633e-05,-0.0007388189723800861,0.0008895238064399458
27,1,Lodgepole Pine,-0.000273534593008153,0.00013224768234995632,0.00033227453831773574,0.00016291893798672796
27,1,Ponderosa Pine,0.005336802127962882,0.00536241763345377,0.005645391159558598,-0.015242234431890184
27,1,Spruce/Fir,0.00043701599427220517,0.0011837335962216662,-8.169195121356572e-05,-0.000591249223431789
27,2,Aspen,-0.0020757666301682437,-0.003159454314999278,0.002393637978495386,-0.002328031209613617
27,2,Cottonwood/Willow,0.0,0.0,0.0,0.0
27,2,Douglas-fir,0.002325111844047508,0.008069658669454064,0.02218956669567057,-0.024114130113972287
27,2,Krummholz,0.001668016573307322,0.0009221146555559353,0.0001412670133292271,0.000655199489195124
27,2,Lodgepole Pine,0.00018693540818686313,-0.00017129561191012166,0.00017985954267475215,0.00011868878905871294
27,2,Ponderosa Pine,0.003799522476078019,0.004529906177418043,0.00446338787059572,-0.012651850691174554
27,2,Spruce/Fir,0.0009977396316962113,0.0007611866926796976,-0.00014131012878171312,-0.00010515620769224743
27,3,Aspen,0.007621211538178223,-0.006826431234628959,0.002702576185026858,0.00026208170773834677
27,3,Cottonwood/Willow,-0.06266008049762166,-0.06266008049762166,-0.06266008049762166,0.187980241492865
27,3,Douglas-fir,0.004531059769412417,0.003659117283835824,0.016385301522931984,-0.021364376253108802
27,3,Krummholz,0.0010231970144818452,-0.00019784786228109938,0.0010732057569371178,-0.0005493177416637148
27,3,Lodgepole Pine,0.0001850358570174108,-0.00021431843856653532,7.563726396163835e-05,-0.00013302659753608448
27,3,Ponderosa Pine,-0.0012518685401432899,-0.0021790460251065644,-0.0009023409104885749,0.004919518716667015
27,3,Spruce/Fir,0.0006947106605004472,0.000683679088641966,4.881591860988096e-05,-0.0008277872075592255
27,Aggregated,Aspen,0.002273898174727827,-0.0029471483751426484,0.0023078194351253724,-0.0013831097489330816
27,Aggregated,Cottonwood/Willow,-0.06266008049762166,-0.06266008049762166,-0.06266008049762166,0.187980241492865
27,Aggregated,Douglas-fir,0.0045846627036826935,0.005704587601953914,0.02053064117667857,-0.024791978677651764
27,Aggregated,Krummholz,0.0017663551080749583,7.522420272954947e-05,0.00018852398621489277,0.00045416966218982113
27,Aggregated,Lodgepole Pine,-2.0207476712735352e-05,-4.200084945744688e-05,0.0001848075781659755,5.049242567033846e-05
27,Aggregated,Ponderosa Pine,0.002980965182366788,0.0029421865739976986,0.003562709911119101,-0.009079426662877955
27,Aggregated,Spruce/Fir,0.0007678127795859603,0.000774891707279066,-4.412872012108983e-05,-0.0005078993301563412
27,Centralized,Aspen,0.0022795284598210916,-0.002979425876755084,0.002300827228756519,-0.0013588072762290015
27,Centralized,Cottonwood/Willow,-0.04084675014907573,-0.04084675014907573,-0.04084675014907573,0.1225402504472272
27,Centralized,Douglas-fir,0.004580175927283926,0.005701503753653812,0.020482891097475225,-0.02473863767548798
27,Centralized,Krummholz,0.0017691433475225209,7.406544910576462e-05,0.00018660638102021196,0.0004575693213689225
27,Centralized,Lodgepole Pine,-2.02259279292553e-05,-4.188984913050531e-05,0.00018479645665619993,5.055681696684392e-05
27,Centralized,Ponderosa Pine,0.002788847884648634,0.0027330178357954926,0.0033901246312806146,-0.008509304176124832
27,Centralized,Spruce/Fir,0.0007679671391919071,0.0007750329417314517,-4.439142379455974e-05,-0.0005079747753794402
28,0,Aspen,-0.0019755574573950365,-0.007436250029652767,0.003254541999042284,0.007127204459728559
28,0,Cottonwood/Willow,0.0,0.0,0.0,0.0
28,0,Douglas-fir,0.009545049221752666,0.008980893758147595,0.0134771347831388,-0.035880831906446246
28,0,Krummholz,0.0006027817672074701,-0.0005995715835873938,-0.000279874746905856,-0.0006376160641974419
28,0,Lodgepole Pine,-5.3036117712105625e-05,-5.658824630846067e-06,0.00013695863343223444,-9.324421600095019e-05
28,0,Ponderosa Pine,0.0030462750401872942,0.0035091947945203594,0.0030616689343792116,-0.009777650300919474
28,0,Spruce/Fir,-0.000455373905521463,-0.0005451037687348356,-0.000458432499665216,-0.00044434678238248576
28,1,Aspen,0.003023238765346839,-0.008998156461161066,0.0041841796701084,0.0026866631474462416
28,1,Cottonwood/Willow,0.0,0.0,0.0,0.0
28,1,Douglas-fir,0.006780179056777284,0.010776731645243398,0.014535159351881802,-0.033582914391793194
28,1,Krummholz,-0.00023506432373919065,-5.4038977770842767e-05,-0.00022743042540085412,-0.0005422151213265355
28,1,Lodgepole Pine,0.00013707965061245572,-3.4686164480139205e-05,0.00039205600151851855,-0.00039474645425215577
28,1,Ponderosa Pine,0.0043830982749196905,0.004444894674068778,0.0036696887643270872,-0.013370635844314194
28,1,Spruce/Fir,-0.0005162301303022199,-0.0002531433564197198,-0.0004367392627975068,-0.0004164227813693115
28,2,Aspen,0.0012804123226025828,-0.008841183401465261,0.006896035685610961,0.006774200023783798
28,2,Cottonwood/Willow,0.0,0.0,0.0,0.0
28,2,Douglas-fir,0.002743506907459369,0.010161173991584482,0.010690582510612126,-0.03198733404629702
28,2,Krummholz,-0.000599821961001982,0.00044421119317740915,0.0002454436017269024,-6.720323790069631e-05
28,2,Lodgepole Pine,0.0006119080843605129,-0.00023444303249742227,0.0003439503864052229,-0.00048587821746459703
28,2,Ponderosa Pine,0.0028911295958958714,0.003246150475820636,0.002125660343885181,-0.009389309773808002
28,2,Spruce/Fir,-1.1129610311327864e-05,-0.0006860660394106913,-0.00024477984560186683,-0.0004695920726410137
28,3,Aspen,0.005840800817454574,-0.011554859293905428,0.0035452701204360393,-0.0011132089236130978
28,3,Cottonwood/Willow,-0.0624361332515839,-0.0624361332515839,-0.0624361332515839,0.1873083997547517
28,3,Douglas-fir,0.0037087799966699733,0.005887130927004797,0.00927665865011143,-0.023300479161335885
28,3,Krummholz,-0.00064312310355454,-0.0002353646113250063,1.0736498862925123e-05,-0.00021785150388103913
28,3,Lodgepole Pine,0.0007839697613602389,0.00015383393782419005,-9.224801405619912e-07,-0.0005119333599890863
28,3,Ponderosa Pine,-0.002362415597578558,-0.0016952315400205937,-0.002329583348512493,0.006471494666515837
28,3,Spruce/Fir,5.797828175742777e-05,-4.314249370233429e-06,-0.000394290195266674,-0.000809499508352148
28,Aggregated,Aspen,0.00204222361200224,-0.009207612296546132,0.004470006868799421,0.0038687146768363752
28,Aggregated,Cottonwood/Willow,-0.0624361332515839,-0.0624361332515839,-0.0624361332515839,0.1873083997547517
28,Aggregated,Douglas-fir,0.005694378795664823,0.008951482580495069,0.011994883823936039,-0.03118788987646809
28,Aggregated,Krummholz,-0.00021880690527206065,-0.00011119099487645843,-6.278126792922066e-05,-0.00036622148182642816
28,Aggregated,Lodgepole Pine,0.00036998034465527546,-3.023852094605437e-05,0.00021801063530385348,-0.00037145056192669734
28,Aggregated,Ponderosa Pine,0.0019895218283560744,0.002376252101097295,0.0016318586735197468,-0.006516525313131459
28,Aggregated,Spruce/Fir,-0.00023118884109439575,-0.00037215685348387,-0.0003835604508328159,-0.0005349652861862397
28,Centralized,Aspen,0.0020526983655788414,-0.009234886495078415,0.0044717751201275345,0.0038780649098687087
28,Centralized,Cottonwood/Willow,-0.04562425328554361,-0.04562425328554361,-0.04562425328554361,0.13687275985663083
28,Centralized,Douglas-fir,0.005686458814277318,0.008925656368626004,0.011992225292833947,-0.031112255375336167
28,Centralized,Krummholz,-0.00021716164705160024,-0.00011131993933731026,-6.386215862339932e-05,-0.00036643188316818714
28,Centralized,Lodgepole Pine,0.00037000262263309214,-3.0187670311839405e-05,0.00021788172878782022,-0.00037140079418164956
28,Centralized,Ponderosa Pine,0.0017754357919915014,0.002200274182968457,0.001458076057180994,-0.005934929960904611
28,Centralized,Spruce/Fir,-0.00023118912098101427,-0.0003721274344913039,-0.00038326626701689254,-0.0005349534651052276
29,0,Aspen,0.003724608223110317,-0.0008906540944301858,0.00028266539213316527,-0.0031166195208132963
29,0,Cottonwood/Willow,0.0,0.0,0.0,0.0
29,0,Douglas-fir,0.016278765281519867,-0.0007518853272943706,0.017163042101871747,-0.03660326825222029
29,0,Krummholz,0.00024182024238097086,0.0008777938423396211,-0.0002634717535670387,0.00035288599997346237
29,0,Lodgepole Pine,-0.000384487832352907,0.00023835807733371683,0.0004851430195429718,-0.00036946044142470896
29,0,Ponderosa Pine,0.001268543831594073,0.000723111263440851,0.0008412874592267824,-0.002906290041913793
29,0,Spruce/Fir,0.0011347493743339432,-9.968589769265845e-05,0.0007258194063137583,-3.987942928694125e-05
29,1,Aspen,0.0042315817943032,-0.006697704697570954,-2.8262127930463638e-05,-0.002245419451866885
29,1,Cottonwood/Willow,0.0,0.0,0.0,0.0
29,1,Douglas-fir,0.01252391532420503,0.0026400019616774073,0.017590141403077075,-0.038454793505058406
29,1,Krummholz,-0.00018481960633554007,0.0012641494798604769,9.381680408138138e-05,0.00045972606881977685
29,1,Lodgepole Pine,-0.0003566628118185737,9.438651825580124e-05,0.00030772554020463044,-0.00017433148673663226
29,1,Ponderosa Pine,0.0023285826921787545,0.0013726066103747954,0.001539732479416846,-0.0068753395788729394
29,1,Spruce/Fir,0.0009802138477287743,0.00029751411974633196,0.0003668431583027376,0.00036627983161710564
29,2,Aspen,0.0044305513514553,-0.004927927655734128,0.000930767657446536,-0.004208762960774201
29,2,Cottonwood/Willow,0.0,0.0,0.0,0.0
29,2,Douglas-fir,0.015146450903061081,0.0038478921414580084,0.014728960464610877,-0.03321202934772401
29,2,Krummholz,-0.00020081091620991845,6.370000553620099e-05,0.0004080063318547637,0.00025409791242029617
29,2,Lodgepole Pine,-0.0002471287820766943,-1.9339918344666676e-06,0.0005744692622830042,-0.0005307033549545037
29,2,Ponderosa Pine,0.0019418472881854905,0.0008365264087327554,0.0012779543972211704,-0.0032133765277684856
29,2,Spruce/Fir,0.0008546751195388039,-0.00017090181754261802,0.0005934218179873182,0.00029978237461322776
29,3,Aspen,0.007915768062719477,-0.00929708349332728,0.006862617457610899,-0.0007820497557714615
29,3,Cottonwood/Willow,0.0,0.0,0.0,0.0
29,3,Douglas-fir,0.010206781055637623,-0.0001544586312102377,0.012930019847620119,-0.02338713837236635
29,3,Krummholz,0.0019231866552482657,8.5725934888962e-05,0.00014347519728648747,-0.00037461125852294996
29,3,Lodgepole Pine,-0.0004733766667008958,9.140666514139324e-05,0.0003350604120408533,-0.0005582874920482724
29,3,Ponderosa Pine,0.0012013990102214822,0.000770310999434883,0.0013876082752783774,-0.00468911660072957
29,3,Spruce/Fir,0.0009109618374805081,7.952433828431471e-05,0.0005265061267815951,-0.0003408647531074523
29,Aggregated,Aspen,0.005075627357897074,-0.005453342485265637,0.0020119470948150343,-0.0025882129223064607
29,Aggregated,Cottonwood/Willow,0.0,0.0,0.0,0.0
29,Aggregated,Douglas-fir,0.0135389781411059,0.001395387536157702,0.015603040954294956,-0.03291430736934227
29,Aggregated,Krummholz,0.0004448440937709445,0.0005728423156563152,9.545664491389846e-05,0.00017302468067264637
29,Aggregated,Lodgepole Pine,-0.00036541402323726774,0.00010555431722411116,0.00042559955851786496,-0.0004081956937910294
29,Aggregated,Ponderosa Pine,0.00168509320554495,0.0009256388204958212,0.001261645652785794,-0.004421030687321198
29,Aggregated,Spruce/Fir,0.0009701500447705074,2.661268569884255e-05,0.0005531476273463523,7.132950595898498e-05
29,Centralized,Aspen,0.00508778648556225,-0.005480706073577997,0.002019915195184833,-0.0025721551161108913
29,Centralized,Cottonwood/Willow,0.0,0.0,0.0,0.0
29,Centralized,Douglas-fir,0.013495002126034125,0.0013790317501855738,0.01560521540655574,-0.03284527744843844
29,Centralized,Krummholz,0.0004388801303077024,0.0005751396184894472,9.518783025027251e-05,0.00017481134655095154
29,Centralized,Lodgepole Pine,-0.0003653474985573224,0.0001052590853518794,0.00042537587304593744,-0.0004081449154720677
29,Centralized,Ponderosa Pine,0.0016622159400309182,0.0009330308960430652,0.0012731896557737858,-0.004408503836941478
29,Centralized,Spruce/Fir,0.0009697766439312749,2.7048720970442492e-05,0.0005530978785536211,7.170796237358316e-05
30,0,Aspen,0.0014720815957571427,-0.0064283619209439995,0.0019012980655641425,-0.0011042094648352856
30,0,Cottonwood/Willow,0.0,0.0,0.0,0.0
30,0,Douglas-fir,0.014739849063482658,0.012748714019785118,0.010917694258760846,-0.03186551911231738
30,0,Krummholz,-4.737062787676013e-05,-0.0006459429681159682,0.0013184935324232667,-0.0006251799364305385
30,0,Lodgepole Pine,-6.1565588276672285e-06,-0.00016808007794063182,0.0002320283447387513,-5.0462331554775495e-05
30,0,Ponderosa Pine,0.0005810261806727298,0.0007949390915362083,0.001543348384287611,-0.002220933615065692
30,0,Spruce/Fir,6.782180609527881e-05,5.8027226731214666e-05,-0.0005620966054940094,0.00013574937555276464
30,1,Aspen,0.005635658336911593,-0.005589284396149433,0.002053270140028693,-0.0003121564938990638
30,1,Cottonwood/Willow,0.0,0.0,0.0,0.0
30,1,Douglas-fir,0.00983061434444781,0.010842861762541187,0.013447263523375746,-0.029155992274313064
30,1,Krummholz,-0.0013462291970606777,5.260485482966315e-05,0.00010962969093455029,0.0004832682683963789
30,1,Lodgepole Pine,-1.6455624553416797e-05,3.242158385236005e-05,0.00025690894161674766,0.00018617125372995721
30,1,Ponderosa Pine,0.0013582958007116082,0.0021798514224555345,0.0017058699112430613,-0.004484378459720782
30,1,Spruce/Fir,-0.00020487453592703728,0.00038396417737271427,-0.0007510451297086107,0.0004612027718387997
30,2,Aspen,0.006274356606266129,-0.007664602490425193,0.003272052003862371,-0.001894336943291682
30,2,Cottonwood/Willow,0.0,0.0,0.0,0.0
30,2,Douglas-fir,0.01078926218725224,0.01136503219251036,0.010508027118157298,-0.028190082990113694
30,2,Krummholz,0.00022175579607566775,0.00010941552846091551,-0.000763433283260978,-0.0009354035753909862
30,2,Lodgepole Pine,2.7621346801380103e-05,-0.0003595261210070366,4.799442092360643e-05,-0.0002491030857041017
30,2,Ponderosa Pine,0.0011694338269269227,0.0006572042324663,0.00046472930307076,-0.0022113471040510666
30,2,Spruce/Fir,-0.0002075217428112175,-7.423047497716791e-05,-0.0008571341418443235,-2.3820859282051392e-05
30,3,Aspen,0.004424364829933224,-0.009756967713067699,0.0030608860057117263,-0.0010252971375543142
30,3,Cottonwood/Willow,0.0,0.0,0.0,0.0
30,3,Douglas-fir,0.009072432443428822,0.005181727584001437,0.008905634369281204,-0.021952277545234888
30,3,Krummholz,-0.0004241390945427433,0.0006620786748351148,-2.9621505385629687e-05,5.770586420882536e-05
30,3,Lodgepole Pine,7.071924165337011e-05,-7.294621518743234e-05,0.0001453298944672036,-0.00011092079546584643
30,3,Ponderosa Pine,0.001640946400231158,0.0001223895687421465,0.001046665706911698,-0.0032139344767011893
30,3,Spruce/Fir,-1.7184031057955924e-05,0.00028031515035849736,-0.00047428618976889475,-8.812716639379954e-05
30,Aggregated,Aspen,0.004451615342217022,-0.007359804130146581,0.0025718765537917332,-0.0010840000098950864
30,Aggregated,Cottonwood/Willow,0.0,0.0,0.0,0.0
30,Aggregated,Douglas-fir,0.011108039509652883,0.010034583889709526,0.010944654817393774,-0.027790967980494755
30,Aggregated,Krummholz,-0.0003989957808511283,4.453902250243133e-05,0.00015876710867780233,-0.00025490234480408014
30,Aggregated,Lodgepole Pine,1.8932101268416546e-05,-0.00014203270757068517,0.00017056540043657725,-5.607873974869161e-05
30,Aggregated,Ponderosa Pine,0.0011874255521356046,0.0009385960788000473,0.0011901533263782827,-0.0030326484138846824
30,Aggregated,Spruce/Fir,-9.043962592523297e-05,0.0001620190198713146,-0.0006611405167039595,0.00012125103042892835
30,Centralized,Aspen,0.0044564774083396775,-0.007376512734546041,0.0025584953214878906,-0.0010709333101210038
30,Centralized,Cottonwood/Willow,0.0,0.0,0.0,0.0
30,Centralized,Douglas-fir,0.01106619128633019,0.009988514145970856,0.010939528663806935,-0.027737191677991893
30,Centralized,Krummholz,-0.0003989863679228119,4.1662363845951234e-05,0.0001592163723220056,-0.00025463236677371787
30,Centralized,Lodgepole Pine,1.915092053954755e-05,-0.00014190812491562954,0.0001705963472206177,-5.560206775931387e-05
30,Centralized,Ponderosa Pine,0.0011953455635193844,0.0008893373110516837,0.0011938583723606067,-0.0030480578586200104
30,Centralized,Spruce/Fir,-9.082328767150612e-05,0.00016163541488346347,-0.0006611685575464524,0.00012046810574533236
31,0,Aspen,0.002967578520114996,7.108668010702424e-05,0.0015596868906197863,0.003253119059669962
31,0,Cottonwood/Willow,0.0,0.0,0.0,0.0
31,0,Douglas-fir,0.010429620740337356,0.007731745662550675,0.010023145074794662,-0.03131147618481239
31,0,Krummholz,0.00048237921781044135,-0.0016628645852191277,-0.0011911067137719555,-4.8927796688645144e-05
31,0,Lodgepole Pine,8.148742519994978e-05,-3.7755020681456974e-05,0.00010490323867620721,0.00025532263478098005
31,0,Ponderosa Pine,0.0010725516349379776,0.001248615198358773,0.0007918389136674179,-0.002294117352458667
31,0,Spruce/Fir,0.0007857245097223539,-0.0008586497855845032,0.0004464004752484929,-0.00030943334922172344
31,1,Aspen,0.002670274906240907,-0.0038576049962675643,0.0029164754476024477,-0.00020553830646408144
31,1,Cottonwood/Willow,0.0,0.0,0.0,0.0
31,1,Douglas-fir,0.009742308787529269,0.00707275587584158,0.011339881697540197,-0.033004164642965135
31,1,Krummholz,0.001018023353914821,-0.0011488367192672617,-0.0007762777049921307,0.0006750398201684585
31,1,Lodgepole Pine,4.88032419727058e-05,-0.00032378724076709275,-0.00018517789948467125,0.00010311558596302432
31,1,Ponderosa Pine,0.0013014026882696799,0.0013390254896900322,0.0009876985139352923,-0.004542427902811406
31,1,Spruce/Fir,0.0007224144298561922,-0.0009289519201568693,0.00025252731706594994,-0.0002939850386966906
31,2,Aspen,0.004441065886816374,-0.002954703087886016,0.0021016084751253696,0.00020170780260155471
31,2,Cottonwood/Willow,0.0,0.0,0.0,0.0
31,2,Douglas-fir,0.008981917690496171,0.008488336740767677,0.007608185135446852,-0.02938483084984618
31,2,Krummholz,0.0005933282898383611,-0.00040561119334731055,-0.00013044020911410584,0.0006425821153459021
31,2,Lodgepole Pine,9.415890021568137e-05,-0.00037445802924408283,0.00021629011655304362,0.0004036984629410545
31,2,Ponderosa Pine,0.001831601231468703,0.00091581348783773,0.0008698287641874062,-0.0026178746093018976
31,2,Spruce/Fir,0.00044586225830003007,-0.000770357382032368,0.0006473352786553291,-9.822262318696465e-06
31,3,Aspen,0.0052304140322100845,-0.0005635289089317245,0.005847335059236587,-0.003002436470814255
31,3,Cottonwood/Willow,0.0,0.0,0.0,0.0
31,3,Douglas-fir,0.005181809152039131,0.005074902547171994,0.008928433491615123,-0.02192353379969424
31,3,Krummholz,0.0004476659411374595,-0.0007816189085299482,-0.0003854616441907784,0.0003290281477301242
31,3,Lodgepole Pine,-8.485285267034737e-06,6.3018641537534075e-06,-0.00022286399544942567,0.000383451321114725
31,3,Ponderosa Pine,0.000750413956671044,0.0009960464194216923,-2.943120296816648e-05,-0.0022379239507350954
31,3,Spruce/Fir,0.0006177815846427348,-0.0003958063988696488,0.00048343775964942065,-0.000288786937081148
31,Aggregated,Aspen,0.0038273333363455903,-0.0018261875782445702,0.003106276468146048,6.171302124829514e-05
31,Aggregated,Cottonwood/Willow,0.0,0.0,0.0,0.0
31,Aggregated,Douglas-fir,0.008583914092600483,0.007091935206582982,0.009474911349849208,-0.028906001369329484
31,Aggregated,Krummholz,0.0006353492006752707,-0.000999732851590912,-0.0006208215680172426,0.00039943057163895995
31,Aggregated,Lodgepole Pine,5.399107053032555e-05,-0.0001824246066347198,-2.1712134926211525e-05,0.000286397001199946
31,Aggregated,Ponderosa Pine,0.001238992377836851,0.0011248751488270568,0.0006549837472054874,-0.002923085953826767
31,Aggregated,Spruce/Fir,0.0006429456956303278,-0.0007384413716608474,0.00045742520765479816,-0.00022550689682956462
31,Centralized,Aspen,0.0038378193269354246,-0.0018179356548264174,0.0031098997892655875,6.739823458713305e-05
31,Centralized,Cottonwood/Willow,0.0,0.0,0.0,0.0
31,Centralized,Douglas-fir,0.008547935988320016,0.007069786312329102,0.009487566171054665,-0.028854333531115984
31,Centralized,Krummholz,0.0006365400666988689,-0.0010017329386495615,-0.0006206041183927461,0.00040066104347650605
31,Centralized,Lodgepole Pine,5.4059607849737956e-05,-0.00018247028004544918,-2.1975106606962152e-05,0.00028633352440000465
31,Centralized,Ponderosa Pine,0.0012295718419175206,0.0011380519405235212,0.0006452689033176195,-0.0029186872911910466
31,Centralized,Spruce/Fir,0.000642427324261452,-0.0007379770676360456,0.0004580039958212434,-0.00022521024556323063
32,0,Aspen,0.0008321482687924006,-0.0008102710884870709,0.000315056063644172,-0.0026331708383538397
32,0,Cottonwood/Willow,0.0,0.0,0.0,0.0
32,0,Douglas-fir,0.006284943711948358,0.00802670768298519,0.012659232190560532,-0.022779001691094408
32,0,Krummholz,0.00020321137958758304,-0.0005775966888861469,-5.711865221965281e-05,0.0002861434051397345
32,0,Lodgepole Pine,6.180757084163953e-05,-0.00012022085701729468,-6.327623227190642e-05,-9.541877995759378e-05
32,0,Ponderosa Pine,0.0003102818297931927,0.0009445554155100936,0.0010124825192272813,-0.0031241479343851186
32,0,Spruce/Fir,0.00022586747081698721,-3.108692598043546e-05,0.000256951490638313,-0.00011089453625199679
32,1,Aspen,0.004708182068188645,-0.0026459302294664275,-0.001792894562258368,-0.0007168200392821678
32,1,Cottonwood/Willow,0.0,0.0,0.0,0.0
32,1,Douglas-fir,0.00579516495895054,0.006253713169384788,0.01068235548322887,-0.020623553454972843
32,1,Krummholz,0.0002721832297354898,-0.0012047702101157798,0.0005344731015558916,0.0006522352512965587
32,1,Lodgepole Pine,-7.390912091101431e-05,-6.700187492611476e-05,-0.00017508912734819546,0.0005030986164587988
32,1,Ponderosa Pine,0.0007902544286210733,0.0021070282475031212,0.0008689434431306357,-0.003250046405081327
32,1,Spruce/Fir,-4.335920909265267e-05,3.931859791648599e-05,9.29081827680626e-05,0.00044205539005724254
32,2,Aspen,0.004791910699863913,-0.002770272349678309,-0.00019600091143758916,-0.004662965454771392
32,2,Cottonwood/Willow,0.0,0.0,0.0,0.0
32,2,Douglas-fir,0.004451535014846612,0.008094213129833217,0.008210362384659034,-0.01699676308067107
32,2,Krummholz,6.792892212633313e-06,-0.0005304167035209603,0.00018903289093408215,0.0008594376027655226
32,2,Lodgepole Pine,6.439555041108196e-05,-0.00035866957188298204,7.76986191387552e-05,0.0002101455173361503
32,2,Ponderosa Pine,0.001031451588418673,0.0007197182799460004,-0.0007603836146022058,-0.001990155127954409
32,2,Spruce/Fir,8.222809125552992e-05,-0.0002886607249529734,0.0004944460953483684,0.00029117118610726595
32,3,Aspen,0.003838077084879571,-0.00463371916388645,0.0021431277765094994,-0.005571072018146966
32,3,Cottonwood/Willow,0.0,0.0,0.0,0.0
32,3,Douglas-fir,0.002203370848602939,0.0023238278749638888,0.008976515484577369,-0.0114890595041017
32,3,Krummholz,-5.878874154360836e-05,-0.00014482315460013587,-0.0002174635059327227,0.0005454379268140427
32,3,Lodgepole Pine,-6.4869841219987e-05,-9.352302505917971e-05,-0.00018113150037568637,-8.140851538773752e-06
32,3,Ponderosa Pine,7.476744531126345e-05,0.0004043314878349191,0.0012925306898958582,-0.0021117098446988094
32,3,Spruce/Fir,-4.874533437968879e-05,-3.167967835391675e-05,0.00013976641463601483,-7.263747427740015e-05
32,Aggregated,Aspen,0.003542579530431132,-0.0027150482078795645,0.00011732209161442861,-0.0033960070876385916
32,Aggregated,Cottonwood/Willow,0.0,0.0,0.0,0.0
32,Aggregated,Douglas-fir,0.004683753633587112,0.0061746154642917704,0.010132116385756451,-0.017972094432710004
32,Aggregated,Krummholz,0.00010584968999802445,-0.0006144016892807557,0.00011223095858439955,0.0005858135465039646
32,Aggregated,Lodgepole Pine,-3.143960219569957e-06,-0.0001598538322213928,-8.544956021425826e-05,0.0001524211255746454
32,Aggregated,Ponderosa Pine,0.0005516888230360506,0.0010439083576985336,0.0006033932594128923,-0.002619014828029916
32,Aggregated,Spruce/Fir,5.3997754650043917e-05,-7.80271828427099e-05,0.0002460180458476897,0.00013742364140877789
32,Centralized,Aspen,0.003527599313182986,-0.00272103382439233,0.00012395211837236408,-0.003398700172676253
32,Centralized,Cottonwood/Willow,0.0,0.0,0.0,0.0
32,Centralized,Douglas-fir,0.004666564829225496,0.00613871854237466,0.010128410154055828,-0.017921514198528932
32,Centralized,Krummholz,0.00010683187399243566,-0.0006178127862198716,0.00011233389011410429,0.0005866886851938388
32,Centralized,Lodgepole Pine,-3.1726465841985796e-06,-0.00016002571950101316,-8.556629647344753e-05,0.00015270912758172384
32,Centralized,Ponderosa Pine,0.000548508804483742,0.0010278778093521328,0.0006401955775344933,-0.0026417394503975102
32,Centralized,Spruce/Fir,5.38030729038963e-05,-7.786682380993744e-05,0.0002461066608467806,0.00013707882939698046
33,0,Aspen,0.0027764827522463362,-0.0010997138162550564,0.0036357601031114426,-0.0011401188368184063
33,0,Cottonwood/Willow,0.0,0.0,0.0,0.0
33,0,Douglas-fir,0.004635843707237149,0.006118241204579748,0.007992369031373977,-0.022447899756100193
33,0,Krummholz,0.00018462818077974452,-0.00030011471078209934,0.0004812476722939052,-9.112175324795431e-05
33,0,Lodgepole Pine,0.0001076662212034692,-5.103369230162006e-05,0.00013123339019634658,-0.0001935040102616914
33,0,Ponderosa Pine,0.0002706027578308808,0.0007681194056820551,0.0007074662577395788,-0.0022345719221946725
33,0,Spruce/Fir,0.0002674294223249385,0.0005137284664339566,-0.00027847233131600424,-0.0007370864095917659
33,1,Aspen,0.004433131555257495,-0.00352211649364248,0.0020349752205558827,0.00043147077104339443
33,1,Cottonwood/Willow,0.0,0.0,0.0,0.0
33,1,Douglas-fir,0.00305446472598934,0.006490973365810153,0.009204005821350577,-0.02051241029219179
33,1,Krummholz,-0.0002832898318570476,-0.0001556798775997533,-0.0005346621315031422,3.993180725775369e-05
33,1,Lodgepole Pine,-0.00010969058774701335,-0.00030291359782996796,0.00011838383861489943,0.0003579804004825715
33,1,Ponderosa Pine,0.0011369787509008429,0.0008720384960413663,0.001430747730310757,-0.003091938890296473
33,1,Spruce/Fir,-0.00014654974543065746,0.000684858520085004,-0.0001367536381635115,-0.0003118519161647478
33,2,Aspen,0.006231334963627794,-0.003259465084458161,0.005477003360899189,-0.003269429843859195
33,2,Cottonwood/Willow,0.0,0.0,0.0,0.0
33,2,Douglas-fir,0.0028421184125946206,0.007176616154964723,0.006668356898952871,-0.015664375216951475
33,2,Krummholz,-0.0005488872461864858,-0.0005228990762436528,0.0004052615025062027,-8.440007521481885e-07
33,2,Lodgepole Pine,8.626122428311474e-05,-0.000679682551194466,0.0004231786243550269,0.0005201573428816239
33,2,Ponderosa Pine,0.0012863485699461386,0.0005978093507890692,-0.00010148912597768289,-0.0009527226828245361
33,2,Spruce/Fir,-6.36471929744975e-05,4.456339570665935e-05,0.0002299681669960437,5.9620308824069136e-05
33,3,Aspen,0.0058359926664016265,-0.003851332694932703,0.005195071627108245,-0.00437775408278103
33,3,Cottonwood/Willow,0.0,0.0,0.0,0.0
33,3,Douglas-fir,0.000712527272260686,0.004008327618696471,0.007255192910914042,-0.011093045594365719
33,3,Krummholz,-0.0013203324192025596,-0.0001309144264867168,-1.7109324672470727e-05,0.000792100143206483
33,3,Lodgepole Pine,0.00014746486146722618,-0.00030832139014697985,0.0002823869452489118,0.00024741257454273985
33,3,Ponderosa Pine,0.00010146139776279206,0.0013390627590099309,0.0010771474451736207,-0.0018195465472475487
33,3,Spruce/Fir,0.00020421551371066493,0.00040604102817605,0.00019373577700668165,-0.0004399262154049048
33,Aggregated,Aspen,0.004819235484383313,-0.0029331570223221,0.00408570257791869,-0.0020889579981038095
33,Aggregated,Cottonwood/Willow,0.0,0.0,0.0,0.0
33,Aggregated,Douglas-fir,0.0028112385295204485,0.005948539586012774,0.007779981165647868,-0.017429432714902295
33,Aggregated,Krummholz,-0.0004919703291165871,-0.0002774020227780556,8.368442965612373e-05,0.00018501654911603355
33,Aggregated,Lodgepole Pine,5.7925429801699194e-05,-0.0003354878078682585,0.00023879569960379615,0.00023301157691131097
33,Aggregated,Ponderosa Pine,0.0006988478691101636,0.0008942575028806053,0.0007784680768115684,-0.0020246950106408076
33,Aggregated,Spruce/Fir,6.536199940761211e-05,0.0004122978526004175,2.1194936308024034e-06,-0.00035731105808433733
33,Centralized,Aspen,0.00482036635444059,-0.0029532469732110786,0.004081791552765723,-0.0020797540225047004
33,Centralized,Cottonwood/Willow,0.0,0.0,0.0,0.0
33,Centralized,Douglas-fir,0.0027800506235877618,0.005923254914180988,0.00778169169770888,-0.017384359597667976
33,Centralized,Krummholz,-0.0004896229255902662,-0.00027866632805172614,8.448036221674522e-05,0.00018436492833504015
33,Centralized,Lodgepole Pine,5.795783658560372e-05,-0.0003356212672264806,0.00023860837296841667,0.00023309093597870256
33,Centralized,Ponderosa Pine,0.0006859580867912737,0.0009259186281270667,0.0007966478792450216,-0.0020560781205771297
33,Centralized,Spruce/Fir,6.509255640230194e-05,0.0004126809414757108,2.7340337204380858e-06,-0.0003574171906191026
34,0,Aspen,-0.0003321227978673828,-0.003374797599639943,-0.0007463863833629125,0.001187180945180601
34,0,Cottonwood/Willow,0.0,0.0,0.0,0.0
34,0,Douglas-fir,0.005554564938947164,0.006013268911332026,0.007172628183491163,-0.02006232488429562
34,0,Krummholz,0.0012910293532679418,-0.0011808805116109249,0.0003272386101792572,0.0009199250693716909
34,0,Lodgepole Pine,-4.9227895760515596e-05,-0.00011298441786325442,0.00038373988925733776,7.153653647182234e-05
34,0,Ponderosa Pine,0.0006709350533841696,0.001274541722233032,0.00022849485750842113,-0.002476433239798089
34,0,Spruce/Fir,0.00038360263803323874,-9.766265964652095e-05,6.454431827192704e-05,-9.171050336977589e-05
34,1,Aspen,0.003499022092382268,-0.001265967905869229,-0.0016080159781574437,-0.0010727297227722994
34,1,Cottonwood/Willow,0.0,0.0,0.0,0.0
34,1,Douglas-fir,0.004901263677360286,0.0048147360799946455,0.009110476097783851,-0.019727376756039788
34,1,Krummholz,0.0008745279781665708,0.00016774938215638469,-9.328401627486937e-05,0.00011150885974330522
34,1,Lodgepole Pine,-0.00011006764921893859,3.5294608752928225e-05,-6.257277191929848e-05,0.00029671225779889787
34,1,Ponderosa Pine,0.0009324674191249216,0.001341960466891214,0.00023225746344523088,-0.0035145170250773885
34,1,Spruce/Fir,0.00019018640762663575,0.00026108566648241904,-0.0005827953002964792,9.675884474308338e-05
34,2,Aspen,0.004115076141446752,-0.0031230147501343924,0.0021198352538887347,0.00016569074101088302
34,2,Cottonwood/Willow,0.0,0.0,0.0,0.0
34,2,Douglas-fir,0.0029705506858380784,0.004942722865613101,0.0048677505949006605,-0.012367358076893145
34,2,Krummholz,7.429170022439184e-05,-0.00011865570305675625,-0.00031088169983638686,0.00021301373500814033
34,2,Lodgepole Pine,3.51045225144749e-05,-0.00034904576918886227,0.0002530513532981819,0.0003652062121067186
34,2,Ponderosa Pine,-1.3306126956574849e-05,0.0006166811335314067,0.00038331381810292425,-0.0007213232223337307
34,2,Spruce/Fir,9.859020786826915e-05,-0.00022104323216589247,-0.00013986922315537922,-2.3550337497161658e-06
34,3,Aspen,0.0038109206584214517,-0.007670329070688551,0.002004504628215729,-0.0009558244985307385
34,3,Cottonwood/Willow,0.0,0.0,0.0,0.0
34,3,Douglas-fir,0.001342619874443951,0.0020869915925724922,0.004509737939989489,-0.008258309035746222
34,3,Krummholz,-0.0001313956127688883,7.883167350466087e-05,0.0004028677610501963,-8.289892996532489e-05
34,3,Lodgepole Pine,-5.388708248968421e-05,-0.00030918977385442176,0.00012462676285987517,0.00019349493503474183
34,3,Ponderosa Pine,0.0002640916781757134,0.00037709154244662996,0.0013179013492039444,-0.0008704432061256059
34,3,Spruce/Fir,7.397880053385449e-05,-5.63696567674928e-05,-0.00030566871003264345,-0.00017993992937385497
34,Aggregated,Aspen,0.0027732240235957724,-0.003858527331583029,0.00044248438014602684,-0.00016892063377788846
34,Aggregated,Cottonwood/Willow,0.0,0.0,0.0,0.0
34,Aggregated,Douglas-fir,0.00369224979414737,0.004464429862378066,0.006415148204041291,-0.015103842188243692
34,Aggregated,Krummholz,0.0005271133547225039,-0.00026323878975165893,8.148516377954931e-05,0.0002903871835394529
34,Aggregated,Lodgepole Pine,-4.4519526238665876e-05,-0.00018398133803840255,0.0001747113083740241,0.00023173748535304514
34,Aggregated,Ponderosa Pine,0.00046354700593205744,0.0009025687162755707,0.0005404918720651301,-0.0018956791733337035
34,Aggregated,Spruce/Fir,0.00018658951351549954,-2.8497470524371793e-05,-0.00024094722880314368,-4.431165543756591e-05
34,Centralized,Aspen,0.002772198848584396,-0.003884471021632007,0.00043911394438347445,-0.00014719790511603936
34,Centralized,Cottonwood/Willow,0.0,0.0,0.0,0.0
34,Centralized,Douglas-fir,0.003674918401120978,0.004448913683571883,0.006422163167943455,-0.015072892335450375
34,Centralized,Krummholz,0.0005272827558255588,-0.00026490019096026923,8.183118975042351e-05,0.000292706163094264
34,Centralized,Lodgepole Pine,-4.449891790639371e-05,-0.00018405572000991058,0.00017454222199293304,0.00023194368890575023
34,Centralized,Ponderosa Pine,0.0004732900423686052,0.0008928418640040866,0.0005896848746392477,-0.0019019092029691393
34,Centralized,Spruce/Fir,0.0001861806265988919,-2.833735399140891e-05,-0.00024076420023800652,-4.460229609070295e-05
35,0,Aspen,0.003305160757558064,-0.0005097185963171732,-0.0018135849350529032,0.0008960770461125533
35,0,Cottonwood/Willow,0.0,0.0,0.0,0.0
35,0,Douglas-fir,0.0054450290931096395,0.0033278789840044953,0.005183169233645757,-0.012309480264240188
35,0,Krummholz,0.00036151069295484173,-0.0016952128350012456,-0.0005239081781211186,0.0007583297624965771
35,0,Lodgepole Pine,-4.639461832873596e-05,-0.00035523959572726177,0.00013819588475489733,0.00019531021451924904
35,0,Ponderosa Pine,0.00038585370373225847,0.0010316327631910056,0.0003503258834544887,-0.0021217455340262668
35,0,Spruce/Fir,0.0004245223814175562,-0.0002280478454583327,0.00018275895910120168,-0.00044357070029289275
35,1,Aspen,0.002466913595171441,-0.000579534577456404,-0.001251752201032431,0.0003336886173205313
35,1,Cottonwood/Willow,0.0,0.0,0.0,0.0
35,1,Douglas-fir,0.004987825208514161,0.0030049904338924718,0.006266115948785779,-0.011819076157190142
35,1,Krummholz,0.0003444865742457485,-0.00021787238446481041,-0.0003292608409511492,0.0002026466511702111
35,1,Lodgepole Pine,-7.587493612203529e-05,-0.0003687348042268612,7.075977750360211e-05,0.0003535839902781927
35,1,Ponderosa Pine,0.0007636836570912298,0.0012476471149772128,0.0005985223722377494,-0.0016364830816935256
35,1,Spruce/Fir,0.0003315002272161934,1.2235069079528463e-05,3.980339519306838e-05,-0.0005026013559136419
35,2,Aspen,0.0016342938976192979,-0.0034321383947575105,-0.003362270671102558,-0.0023428317883046937
35,2,Cottonwood/Willow,0.0,0.0,0.0,0.0
35,2,Douglas-fir,0.002202463466316936,0.0012295116000281918,0.0023140563481692245,-0.005076950692044169
35,2,Krummholz,0.00034668338092256706,-0.0006240520774912958,-0.0005692301677789335,0.00043149396757023267
35,2,Lodgepole Pine,-0.00021645555420727694,-0.000494947293916026,-0.00023382478817363106,0.000462294633472841
35,2,Ponderosa Pine,-0.00015041929009183366,-0.00032766219352250064,-0.0004464500997598912,0.00033120276089091777
35,2,Spruce/Fir,0.00010577202704586952,-0.0002070812599104984,-3.693212456619873e-05,-4.664219836921409e-05
35,3,Aspen,0.003293604676849161,-0.003310563908488861,0.0013079879150205559,-0.002216845019304891
35,3,Cottonwood/Willow,0.0,0.0,0.0,0.0
35,3,Douglas-fir,0.0023521797536262268,0.0004389487811389814,0.0023411294915414715,-0.00417189432274101
35,3,Krummholz,-0.00022701656918091193,0.00024842090032302827,-0.00035656763527269764,5.9785907135345706e-05
35,3,Lodgepole Pine,-0.00010290042891375473,-0.0004254470082234822,0.00015222359718084869,0.0004116772093386012
35,3,Ponderosa Pine,-0.0003186480842915969,-0.0002054939243836725,0.0004803738084689831,-0.0011038722937860106
35,3,Spruce/Fir,0.0001798337083758946,-1.9495110704000524e-05,0.0003146075191227486,-0.0003579453703337158
35,Aggregated,Aspen,0.002674993231799491,-0.0019579888692549874,-0.001279904973041834,-0.0008324777860441251
35,Aggregated,Cottonwood/Willow,0.0,0.0,0.0,0.0
35,Aggregated,Douglas-fir,0.003746874380391741,0.002000332449766035,0.004026117755535558,-0.008344350359053877
35,Aggregated,Krummholz,0.00020641601973556134,-0.0005721790991585809,-0.00044474170553097475,0.00036306407209309166
35,Aggregated,Lodgepole Pine,-0.00011040638439295072,-0.0004110921755234078,3.183861781642927e-05,0.000355716511902221
35,Aggregated,Ponderosa Pine,0.00017011749661001443,0.00043653094006551135,0.00024569299110033244,-0.0011327245371537211
35,Aggregated,Spruce/Fir,0.0002604070860138784,-0.00011059728674832579,0.000125059437212705,-0.0003376899062273661
35,Centralized,Aspen,0.0026734378734896334,-0.001977232784793753,-0.001273903577284824,-0.0008255910022265297
35,Centralized,Cottonwood/Willow,0.0,0.0,0.0,0.0
35,Centralized,Douglas-fir,0.0037381993631275534,0.0019921624874687607,0.004032870403335932,-0.008347498720957941
35,Centralized,Krummholz,0.0002081992746904108,-0.0005770863193677311,-0.0004442208150402434,0.0003646996712472021
35,Centralized,Lodgepole Pine,-0.00011035801012300912,-0.00041110417565407936,3.195051373485377e-05,0.00035584361792082947
35,Centralized,Ponderosa Pine,0.00015461347203917417,0.0004167800505729217,0.0002688475328137911,-0.0011674055789498798
35,Centralized,Spruce/Fir,0.00026004797004040386,-0.00011064403662813804,0.00012511300240741763,-0.00033753386536492885
36,0,Aspen,0.0025962015090411996,-0.0032178314054978987,-0.0011034200177028424,-0.001059168724735678
36,0,Cottonwood/Willow,0.0,0.0,0.0,0.0
36,0,Douglas-fir,0.002095187909686084,0.0013749119935484628,0.006230028303264597,-0.009613665969498772
36,0,Krummholz,0.0008657014275381311,0.0004380924191895545,-0.0005419065263123265,6.229343012477868e-05
36,0,Lodgepole Pine,-0.00014406581051260026,-0.00016989243987750036,9.944879492402674e-05,0.00013735061271734814
36,0,Ponderosa Pine,0.0007524476739761884,0.00054758985857431,0.0005170087614954355,-0.0024481503114297995
36,0,Spruce/Fir,0.0003072416512016063,-0.00044948247038970973,0.00042668635715183606,-0.0002973708570490989
36,1,Aspen,0.002158076444213744,-0.0037011446086408356,-0.000205435776966111,-0.00019375053571218473
36,1,Cottonwood/Willow,0.0,0.0,0.0,0.0
36,1,Douglas-fir,0.0016395429142172975,0.0029337547531451034,0.006599684575888119,-0.00884443700979847
36,1,Krummholz,-3.090090808410828e-05,-0.000462660761575769,-0.0007495626625941276,0.0007134132009305091
36,1,Lodgepole Pine,-7.028294663408152e-05,4.730302430313212e-05,6.282223132007363e-05,0.00021995092239113223
36,1,Ponderosa Pine,0.0006815560708222923,0.0015854298804067652,0.0003698546359648484,-0.0017365681470135896
36,1,Spruce/Fir,0.00026207852439506335,-0.00024874269948806554,0.0005037798784928901,-0.00032218742440041453
36,2,Aspen,0.0019939856033099335,-0.0031749286406220676,0.001685804109757762,-0.0009734596620523117
36,2,Cottonwood/Willow,0.0,0.0,0.0,0.0
36,2,Douglas-fir,1.3618753637682317e-06,-0.0001069258713571238,0.0025261486681746417,-0.0016506218763379932
36,2,Krummholz,0.0008404750526172603,0.0005705171947711271,-5.253447841349623e-05,-0.00039581899267446263
36,2,Lodgepole Pine,-0.00022337255457910432,-7.240847435641129e-05,-0.00011468819405811385,0.0003928789514854684
36,2,Ponderosa Pine,0.0005354208791895169,0.0003807484059239197,-0.0001384535602483398,-0.0002916520854211735
36,2,Spruce/Fir,-5.066354930006548e-05,-0.0002213691874116963,0.00024350858557127078,-0.00013936961266561299
36,3,Aspen,0.002753013091335572,-0.0013570314120093842,0.0012171204747426084,-0.0021418536101738875
36,3,Cottonwood/Willow,0.0,0.0,0.0,0.0
36,3,Douglas-fir,-0.00029752291644025153,-0.0010779107969799973,0.0028129722596626494,-0.0007967003329741873
36,3,Krummholz,-0.00037351790557144104,0.00010530165693728444,-0.00020857474510695603,0.0007521683907363482
36,3,Lodgepole Pine,-0.00010521661246153576,-4.62130078179764e-05,-0.00012624262748695916,0.00037941915529686915
36,3,Ponderosa Pine,0.00012179774665422675,0.00022774212992229814,0.0002404421496702928,-0.00028323355998915073
36,3,Spruce/Fir,0.0001895692085913392,-0.00014845965973883657,0.0003087869953387519,-0.00018091309147604448
36,Aggregated,Aspen,0.002375319161975112,-0.0028627340166925467,0.0003985171974578543,-0.0010920581331685156
36,Aggregated,Cottonwood/Willow,0.0,0.0,0.0,0.0
36,Aggregated,Douglas-fir,0.0008596424457067245,0.0007809575195891112,0.004542208451747502,-0.005226356297152355
36,Aggregated,Krummholz,0.0003254394166249605,0.00016281262733054924,-0.0003881446031067266,0.0002830140072792933
36,Aggregated,Lodgepole Pine,-0.00013573448104683047,-6.030272443718898e-05,-1.9664948825243164e-05,0.0002823999104727045
36,Aggregated,Ponderosa Pine,0.000522805592660556,0.0006853775687068232,0.00024721299672055924,-0.0011899010259634284
36,Aggregated,Spruce/Fir,0.00017705645872198583,-0.00026701350425707704,0.0003706904541386872,-0.00023496024639779273
36,Centralized,Aspen,0.002379747017979092,-0.002861446148704284,0.00039752487025845423,-0.0010890942046652557
36,Centralized,Cottonwood/Willow,0.0,0.0,0.0,0.0
36,Centralized,Douglas-fir,0.0008480558798035683,0.0007833113953827631,0.0045557288594512595,-0.005230294717842375
36,Centralized,Krummholz,0.0003265200311617829,0.00016253399648810674,-0.00038822466170317554,0.00028256386767475106
36,Centralized,Lodgepole Pine,-0.00013556965489931275,-6.0285417478258184e-05,-1.971009022214143e-05,0.0002825687256254039
36,Centralized,Ponderosa Pine,0.0005260383853272118,0.0006803729065299932,0.0002667339089116594,-0.0012042494201932135
36,Centralized,Spruce/Fir,0.00017655341126125249,-0.00026683188359083454,0.00037070474799555386,-0.0002350625715052216
37,0,Aspen,0.0006811587948960899,-0.0008369741524892708,0.000577600263788595,-0.0009080664614476245
37,0,Cottonwood/Willow,0.0,0.0,0.0,0.0
37,0,Douglas-fir,0.0026445842149774024,0.002377470893950545,0.003122429462792999,-0.008641475428078185
37,0,Krummholz,0.0006788311838619443,-0.0003762788553434611,-0.00040350227902440544,-0.0001739632850365954
37,0,Lodgepole Pine,-0.0001056429707176898,-5.797275692503989e-05,0.0001293514145117025,0.00015239182636272997
37,0,Ponderosa Pine,0.0008028174319503664,0.0011494330477737347,0.0005170850248333395,-0.00206050112691894
37,0,Spruce/Fir,0.0003152428197082298,-0.0006790092214093898,0.0002599444808483453,-0.00025050665791678806
37,1,Aspen,0.002454657317861972,-0.0032228391909802875,-0.00022186752115048447,0.0005432663196682461
37,1,Cottonwood/Willow,0.0,0.0,0.0,0.0
37,1,Douglas-fir,0.0025532375829594813,0.00186477120708393,0.0028066078834582675,-0.008125923568499357
37,1,Krummholz,0.00010065658010018537,-0.0005108728992166226,-3.010457989717959e-05,0.0003130296566510686
37,1,Lodgepole Pine,-0.00022012190395003425,-0.00029736534191039204,-9.2238558614538e-05,0.00020799229091297833
37,1,Ponderosa Pine,0.0004863251236813341,0.00035878965508256977,-4.761986206921106e-05,-0.001290051117920928
37,1,Spruce/Fir,0.00013297052900593243,-0.0009173449564800207,-7.916813975147874e-05,-0.00020126497653147335
37,2,Aspen,0.0022347070941289154,-0.004044737881666487,0.001292931835203769,4.0530528446589e-05
37,2,Cottonwood/Willow,0.0,0.0,0.0,0.0
37,2,Douglas-fir,0.00014921006891724375,0.0020032897490636727,0.0008475992699917186,-0.004026241522624013
37,2,Krummholz,-2.7285060646614623e-05,0.0002688409107345265,-5.6458358487748717e-05,-0.0001735478802445308
37,2,Lodgepole Pine,-5.852400281368871e-05,-6.902506188927182e-06,-7.720878082241127e-05,0.00032983146603546287
37,2,Ponderosa Pine,0.0002332400336379122,0.0008179823535285716,-6.46677634293565e-05,-0.0013313822099440358
37,2,Spruce/Fir,0.00020621832495532066,-0.0004066841152707279,-6.372976280918004e-05,2.2393623997104168e-05
37,3,Aspen,0.002842420141661977,-0.0033255097508735295,0.0023976134886131754,-0.0019145238794016223
37,3,Cottonwood/Willow,0.0,0.0,0.0,0.0
37,3,Douglas-fir,-0.0012607377787507053,-0.00019639929849962767,0.0007655134462762151,0.0015738468334443405
37,3,Krummholz,-0.0003751145132330121,0.00033612975222743757,-0.00044479669868899285,0.00035017059080193663
37,3,Lodgepole Pine,-8.93892276600805e-05,2.412921985832835e-05,-7.502806580146164e-05,0.00047099311836406216
37,3,Ponderosa Pine,-0.00028738394231720793,0.0009151468559267795,1.9620042429141504e-05,-0.0006473829560387131
37,3,Spruce/Fir,0.0002574949252333129,-0.0005462915555516831,3.401336552463774e-05,8.618125722365903e-05
37,Aggregated,Aspen,0.0020532358371372385,-0.0028575152440023935,0.0010115695166137636,-0.0005596983731836029
37,Aggregated,Cottonwood/Willow,0.0,0.0,0.0,0.0
37,Aggregated,Douglas-fir,0.0010215735220258555,0.0015122831378996302,0.0018855375156298002,-0.0048049484214393035
37,Aggregated,Krummholz,9.427204752062575e-05,-7.054527289952993e-05,-0.00023371547902458165,7.892227054296974e-05
37,Aggregated,Lodgepole Pine,-0.00011841952628537332,-8.45278462915077e-05,-2.87809976816771e-05,0.0002903021754188083
37,Aggregated,Ponderosa Pine,0.00030874966173810115,0.0008103379780779139,0.00010610436044097836,-0.0013323293527056541
37,Aggregated,Spruce/Fir,0.00022798164972569895,-0.0006373324621779554,3.776498595308107e-05,-8.579918830687455e-05
37,Centralized,Aspen,0.0020518889661575632,-0.0028619189116232957,0.0010214303853430529,-0.0005637610244124588
37,Centralized,Cottonwood/Willow,0.0,0.0,0.0,0.0
37,Centralized,Douglas-fir,0.0010144508391313294,0.0015016701849062581,0.0018876940247794054,-0.004782710045912973
37,Centralized,Krummholz,9.634302866790938e-05,-7.195375964744177e-05,-0.00023374687458522594,7.919493326027927e-05
37,Centralized,Lodgepole Pine,-0.00011851280334287025,-8.484904009400014e-05,-2.878576465037419e-05,0.0002903684296163093
37,Centralized,Ponderosa Pine,0.00030022415277453085,0.0008272949271996474,0.00011968207176543677,-0.0013473611398246061
37,Centralized,Spruce/Fir,0.00022800247850764585,-0.0006367707697219985,3.769923705667274e-05,-8.553245480907856e-05
38,0,Aspen,0.0011679366923769234,-0.000856186043158319,0.00044582524030174303,0.0006349900323265415
38,0,Cottonwood/Willow,0.0,0.0,0.0,0.0
38,0,Douglas-fir,-0.0024506208968193186,7.61599128571433e-05,0.003215288819670333,-0.0021582946878114795
38,0,Krummholz,-0.00033730045067148495,-0.0002034321629160174,0.0003050538974890271,0.0007856917587718004
38,0,Lodgepole Pine,-0.00017452323939543915,4.8916954279008364e-05,9.263420216101825e-05,2.9525284376413774e-05
38,0,Ponderosa Pine,0.0006607792642793117,0.00018538598723819022,0.0002755558659164788,-0.0012814782865368617
38,0,Spruce/Fir,0.00036450458319690443,-0.0001806138103207696,0.00018724725703818854,-0.000148094471399444
38,1,Aspen,0.0036065931543690227,-0.001916684909476112,-0.0005210245138197872,-0.0016148332551613974
38,1,Cottonwood/Willow,0.0,0.0,0.0,0.0
38,1,Douglas-fir,-0.0009926020229522787,0.0007328419152345759,0.003290510622279197,-0.0032523099139645426
38,1,Krummholz,-0.00019213528073444563,-0.00039464051361860303,1.2709441462671611e-05,0.0007013575952529253
38,1,Lodgepole Pine,-0.00015032758133181243,-3.544920487605352e-05,2.1598218317070428e-05,0.00032057671459033893
38,1,Ponderosa Pine,0.0005489132796516935,0.0003401285647582168,-0.00022434276137972553,-0.0003423015350678127
38,1,Spruce/Fir,0.0004180562838787631,-0.00017473052358460417,0.00022942060757980923,0.00020214110471129346
38,2,Aspen,0.0037082400283314034,-0.00010864621590858659,-0.0001120389148925131,0.0002771634787025745
38,2,Cottonwood/Willow,0.0,0.0,0.0,0.0
38,2,Douglas-fir,-0.0033672370968971057,-0.0013276479881486614,0.00029541282631373456,0.002071126581818276
38,2,Krummholz,-7.517535161851348e-05,0.00014860698920047635,0.0004563624162117197,-0.000541343665149315
38,2,Lodgepole Pine,-0.0003253704239950898,0.0001009171801918581,7.975998403617994e-05,0.00021787473016663764
38,2,Ponderosa Pine,0.0002850487624571167,0.0002045705251693767,-4.677204497931705e-05,-0.0004594797532652961
38,2,Spruce/Fir,3.833821274395096e-05,8.424827498459038e-05,0.0004239162989394067,-7.050335803942172e-05
38,3,Aspen,0.0012073329164020846,-0.0026971107770873554,0.003165273364274112,-0.0016825355756791328
38,3,Cottonwood/Willow,0.0,0.0,0.0,0.0
38,3,Douglas-fir,-0.004309405971269026,-0.002772879974932798,0.0014732931101358593,0.004094542274308934
38,3,Krummholz,-0.0004340015045836236,-0.00015089347002741893,0.00016247703333396868,0.0008315947572483754
38,3,Lodgepole Pine,-0.0002605985010369812,2.4174289802632773e-06,-5.743297881887396e-05,0.00023561463104109412
38,3,Ponderosa Pine,-0.00019722620131206367,0.00012487296086130528,0.0009500003777275501,-0.0009557319819575397
38,3,Spruce/Fir,0.00029672860021421704,-0.00016069608984068765,0.00010209745364334981,0.00012593884919861095
38,Aggregated,Aspen,0.0024225256978698583,-0.0013946569864075932,0.0007445087939658886,-0.0005963038299528536
38,Aggregated,Cottonwood/Willow,0.0,0.0,0.0,0.0
38,Aggregated,Douglas-fir,-0.0027799664969844324,-0.0008228815337474352,0.002068626344599781,0.00018876606358779696
38,Aggregated,Krummholz,-0.0002596531469020169,-0.00015008978934039074,0.00023415069712434677,0.00044432511153094656
38,Aggregated,Lodgepole Pine,-0.00022770493643983064,2.920058964376905e-05,3.413985642384867e-05,0.0002008978400436211
38,Aggregated,Ponderosa Pine,0.0003243787762690145,0.00021373950950677223,0.00023861035932124658,-0.0007597478892068775
38,Aggregated,Spruce/Fir,0.0002794069200084589,-0.00010794803719036775,0.00023567040430018857,2.7370531117759673e-05
38,Centralized,Aspen,0.002420523183142611,-0.0014050203476412837,0.0007428449544100713,-0.0005840891231567632
38,Centralized,Cottonwood/Willow,0.0,0.0,0.0,0.0
38,Centralized,Douglas-fir,-0.002773072804229828,-0.0008222198908058772,0.002097023489664035,0.00017604373489899886
38,Centralized,Krummholz,-0.0002601261174154194,-0.00015001704122685755,0.00023446247265327772,0.0004434017840186377
38,Centralized,Lodgepole Pine,-0.00022762221112527606,2.8975769246347705e-05,3.4026691161231915e-05,0.00020114666758908975
38,Centralized,Ponderosa Pine,0.00031776587505858805,0.00022046971129337697,0.00027924203776563683,-0.000813012070803365
38,Centralized,Spruce/Fir,0.00027905890537775296,-0.00010747694776508387,0.00023593251002423932,2.7119133496696552e-05
39,0,Aspen,-0.00011405516890334681,-0.0003890622927545477,-0.001493024415219581,-0.001704857711605325
39,0,Cottonwood/Willow,0.0,0.0,0.0,0.0
39,0,Douglas-fir,-0.0010486781722308103,0.0009436383784077185,0.0017006894730427675,-0.0011014793128447848
39,0,Krummholz,0.00040007314621492984,-0.0006810542366033993,-0.00020111190790137826,-6.792004438347747e-05
39,0,Lodgepole Pine,-0.00018324401712212687,-0.00014908728811517205,-3.67552345844809e-05,0.00024076701049731883
39,0,Ponderosa Pine,0.00039954172543742633,0.00026813465248995416,-0.00048494342955256636,-0.0012837187297655428
39,0,Spruce/Fir,0.00018923733608743518,-0.00017614968347740936,0.00016421344913391164,-0.0001371860662301161
39,1,Aspen,0.003626226394544,-8.011861267726943e-05,-0.00028500865055136604,-0.002815149607227091
39,1,Cottonwood/Willow,0.0,0.0,0.0,0.0
39,1,Douglas-fir,-0.0003889851178163391,-0.0005731567160309018,0.002363782667299382,-0.002456627961019383
39,1,Krummholz,-0.00016381167533899288,-0.0005566114018294525,-0.00046507026184360495,0.0006341858144242873
39,1,Lodgepole Pine,-4.26821495728702e-05,-0.0002340606496805675,2.2124882360456215e-05,0.00014840501323578245
39,1,Ponderosa Pine,0.0005995737761362493,2.610397062152714e-05,-0.00033140478414891056,-0.000760987047265127
39,1,Spruce/Fir,0.0002902539133007957,-0.00022097505728747394,0.00023189371456282712,-0.00022462602314298383
39,2,Aspen,0.0015630488889275863,0.00015869993562287374,-0.00226918577663981,-0.0013304973202111353
39,2,Cottonwood/Willow,0.0,0.0,0.0,0.0
39,2,Douglas-fir,-0.0011543654573354563,0.0002317605818739262,0.001117321503500024,0.002389808687683348
39,2,Krummholz,-0.0006852377685203637,0.00018396265079195784,0.0010515931912492376,-0.0002762721592963017
39,2,Lodgepole Pine,-0.00024173096167171929,-0.00024674369999712803,-6.651880618896433e-05,0.000403241391693121
39,2,Ponderosa Pine,0.0005569932309121747,0.000728045085277379,-0.000703243057855916,-0.0007687650334841737
39,2,Spruce/Fir,-9.487575806483665e-05,-0.00022068931261551294,0.00021733164483050035,4.392546329905674e-05
39,3,Aspen,0.0009402859751159685,-0.0015648066281907745,0.0018043921902640842,-0.001644080008993895
39,3,Cottonwood/Willow,0.0,0.0,0.0,0.0
39,3,Douglas-fir,-0.003980139210271405,-0.0022978213898874333,0.0016736622470353568,0.004278571845657275
39,3,Krummholz,1.8326997068653556e-05,9.334184105803482e-05,-0.0005169073058914064,0.00040523846776471806
39,3,Lodgepole Pine,-0.00011820567702082914,-0.00022019074993780605,-0.00012774722726806761,0.00039861124925888447
39,3,Ponderosa Pine,1.3667105145507655e-05,0.0002532639191625922,0.00015187831787778308,-0.0007842026602492835
39,3,Spruce/Fir,0.00024007220321549858,-0.00018664107979789643,-6.720205304109698e-05,-1.255424297721038e-05
39,Aggregated,Aspen,0.0015038765224210519,-0.00046882189949992947,-0.0005607066630366683,-0.0018736461620093615
39,Aggregated,Cottonwood/Willow,0.0,0.0,0.0,0.0
39,Aggregated,Douglas-fir,-0.0016430419894135025,-0.0004238947864091726,0.0017138639727193824,0.0007775683148691139
39,Aggregated,Krummholz,-0.00010766232514394329,-0.00024009028664571475,-3.287407109678803e-05,0.00017380801962730652
39,Aggregated,Lodgepole Pine,-0.00014646570134688638,-0.0002125205969326684,-5.222409642026416e-05,0.0002977561661712767
39,Aggregated,Ponderosa Pine,0.00039244395940783955,0.00031888690688786314,-0.00034192823841990244,-0.0008994183676910317
39,Aggregated,Spruce/Fir,0.0001561719236347232,-0.00020111378329457316,0.00013655918887153554,-8.26102172628134e-05
39,Centralized,Aspen,0.0014961268368042374,-0.0004797474898379737,-0.0005597214880207249,-0.0018648872198793048
39,Centralized,Cottonwood/Willow,0.0,0.0,0.0,0.0
39,Centralized,Douglas-fir,-0.0016629047279453542,-0.00042780710456504406,0.0017239606243987793,0.0007637056552845337
39,Centralized,Krummholz,-0.00010809611281460223,-0.00024141247611763247,-3.101944627401099e-05,0.00017420793935271628
39,Centralized,Lodgepole Pine,-0.00014634062595042518,-0.00021253770270607264,-5.233295680423522e-05,0.0002977431406692155
39,Centralized,Ponderosa Pine,0.0003940637154666489,0.00032737749679741707,-0.0003030009762969114,-0.0009415009559570198
39,Centralized,Spruce/Fir,0.00015566712960402018,-0.00020115166252854255,0.0001366738124702708,-8.246413393895684e-05
40,0,Aspen,0.002982369548131719,-0.0032857299983180452,0.0015484968854386678,0.0005779288809300287
40,0,Cottonwood/Willow,0.0,0.0,0.0,0.0
40,0,Douglas-fir,-0.002082319625174726,0.0009147651204859756,0.0012286719244620214,-0.0007221616960972344
40,0,Krummholz,0.0003124274517296947,-0.00016212124976949793,-0.00010395351941163329,0.0002285605529939542
40,0,Lodgepole Pine,-0.00017282799695766035,-0.0001467561826479132,0.00014618846616516282,7.488071855030198e-05
40,0,Ponderosa Pine,0.00023192213957481944,0.0008231297540374863,-0.0002256208209884166,-0.0009546895081315917
40,0,Spruce/Fir,0.0002583889626213605,-0.00039241857616501935,0.0002860067473836325,-0.0004400018645190999
40,1,Aspen,0.004737623927948108,-0.003993433551547701,0.0017323541132664387,-0.0010568223719640418
40,1,Cottonwood/Willow,0.0,0.0,0.0,0.0
40,1,Douglas-fir,-0.0006309607281895872,-0.0003122321915473292,0.002296168175329155,-0.0015036670670763215
40,1,Krummholz,-6.649238770560968e-05,-0.00013820973619237584,-0.00037810951726673553,0.000858371866382851
40,1,Lodgepole Pine,4.008196274579712e-06,-0.00019831017508271467,0.00013959629212340988,0.00034520775106491874
40,1,Ponderosa Pine,0.0001697275678842758,0.000534366513304102,0.00010266981333041196,-0.0008067638945187897
40,1,Spruce/Fir,0.0003544020177739989,-0.0004473472983006303,0.0002550300964193064,-0.00014485780627785752
40,2,Aspen,0.003230432473904981,-0.004100889105607348,0.002152126033633133,0.00012590047008435856
40,2,Cottonwood/Willow,0.0,0.0,0.0,0.0
40,2,Douglas-fir,-0.0021067760959212387,-0.0007694112825090785,0.00015353046756978275,0.0023098018726585476
40,2,Krummholz,4.2934485934574086e-05,0.0003073930701487926,0.00031839631988780925,-0.00039449172599105114
40,2,Lodgepole Pine,-0.00023189061317381113,-6.754764143630336e-05,0.00010889997207905178,0.0004669777438634411
40,2,Ponderosa Pine,0.0005350168838975378,0.0002761705088745829,-0.000313684111968221,-0.000638728581242152
40,2,Spruce/Fir,-0.00010647866478740349,-6.273540830748862e-05,0.0002813760389929106,8.49278113091804e-06
40,3,Aspen,0.0009003734944765992,-0.0020747061802016222,0.0016007961636880508,-0.0008968278782483888
40,3,Cottonwood/Willow,0.0,0.0,0.0,0.0
40,3,Douglas-fir,-0.002919930311818956,-0.001959082765531306,0.0004249101057270203,0.005496653583818623
40,3,Krummholz,-7.003753785391383e-05,-8.590521244311589e-05,-0.00029300111260403366,0.00044894386290106336
40,3,Lodgepole Pine,-8.647689058282244e-05,-0.00013183578330088394,-4.5472706156781305e-05,0.0002956444785754686
40,3,Ponderosa Pine,2.400548347379165e-05,0.0003156801430757028,0.0003465192524344148,-0.0006862048789839092
40,3,Spruce/Fir,0.00013549195761567803,-0.0002721275673773412,7.93628107176499e-05,-0.00025461242353584196
40,Aggregated,Aspen,0.002962699861115352,-0.0033636897089186794,0.0017584432990065725,-0.0003124552247995108
40,Aggregated,Cottonwood/Willow,0.0,0.0,0.0,0.0
40,Aggregated,Douglas-fir,-0.001934996690276127,-0.0005314902797754345,0.001025820168271995,0.0013951566733259038
40,Aggregated,Krummholz,5.470800302618632e-05,-1.971078206404927e-05,-0.0001141669573486483,0.00028534613907170436
40,Aggregated,Lodgepole Pine,-0.00012179682610992856,-0.0001361124456169538,8.73030060527108e-05,0.0002956776730135326
40,Aggregated,Ponderosa Pine,0.00024016801870760615,0.00048733672982296855,-2.2528966797952708e-05,-0.0007715967157191106
40,Aggregated,Spruce/Fir,0.0001604510683059085,-0.0002936572125376199,0.00022544392337837485,-0.0002077448283004703
40,Centralized,Aspen,0.0029695264880343028,-0.0033692901343065954,0.0017608278931788522,-0.0003042600890736241
40,Centralized,Cottonwood/Willow,0.0,0.0,0.0,0.0
40,Centralized,Douglas-fir,-0.0019336443997614305,-0.0005265161436769084,0.0010466696775486377,0.0013873660656206117
40,Centralized,Krummholz,5.461728124501556e-05,-1.995147875269443e-05,-0.00011382862435935226,0.0002854829177205605
40,Centralized,Lodgepole Pine,-0.00012170051715054697,-0.0001362040145386952,8.73057524047131e-05,0.00029562876875858607
40,Centralized,Ponderosa Pine,0.00024059903485854073,0.00048726864766508265,1.1363041149320408e-05,-0.0008069407576249502
40,Centralized,Spruce/Fir,0.00015998356266486158,-0.00029316796942001805,0.00022529786718869516,-0.00020751703485461884
41,0,Aspen,0.0037850809624715522,-0.002793904102087343,-0.0018488999417836198,0.0009196719028230401
41,0,Cottonwood/Willow,0.0,0.0,0.0,0.0
41,0,Douglas-fir,-0.0011271026594933768,0.0009137607578431628,0.0005279562611386254,0.000758452045478882
41,0,Krummholz,0.00039000223587098054,-0.0002459976937044898,-0.000368286499180831,-5.063127852817743e-05
41,0,Lodgepole Pine,-5.8670790984594046e-05,-8.788417345686102e-05,0.00014254111625598234,7.100559632731522e-05
41,0,Ponderosa Pine,0.0005090903569995494,0.000502517868832301,-6.785680622032701e-05,-0.0012739691939077276
41,0,Spruce/Fir,0.00011679228333695095,-0.00030523731866322995,0.0004539110223498455,-0.0002528020371601325
41,1,Aspen,0.004170422707168747,-0.003121845297503053,-0.00018808481985356043,-0.0004128010753954303
41,1,Cottonwood/Willow,0.0,0.0,0.0,0.0
41,1,Douglas-fir,0.0004963054547670135,-0.0002788801263340912,0.00027886029356973446,0.0013047049227969953
41,1,Krummholz,0.0005547553224588183,-0.0006752797267556473,-0.0004941801505696231,0.000614704554866452
41,1,Lodgepole Pine,0.00010905776141185523,-0.00029321967026114487,-8.721224362689035e-05,0.00019506900409287561
41,1,Ponderosa Pine,0.00035393711577752507,0.0005289084157318324,-3.22300296996166e-05,-0.0008252727886007653
41,1,Spruce/Fir,0.00038430677419629133,-0.0004920408526842002,0.0002699257654179832,-0.00029216556771080593
41,2,Aspen,0.0035909133731712637,-0.0025062903495073896,-0.0018753890622963953,-0.00014732026530746753
41,2,Cottonwood/Willow,0.0,0.0,0.0,0.0
41,2,Douglas-fir,-0.0013612138694237645,-1.866459780547336e-05,0.0004021020794313472,0.0031374152510378894
41,2,Krummholz,-0.00040650182225437925,0.0003412533291247133,0.00033126966265593455,-0.0008142992337309233
41,2,Lodgepole Pine,-0.0001205298170936786,-0.00020259262101042044,-6.409654896502581e-05,0.0002659410537206401
41,2,Ponderosa Pine,0.0005718577301555375,0.00015018794624971354,4.618547268594083e-05,-0.0006105174619237541
41,2,Spruce/Fir,-0.0002804509246496778,-0.00012032407848648156,0.00021584143716685267,-0.00025422911607993665
41,3,Aspen,0.00039190164315445103,-0.0012538024790075587,0.0018853812980434658,-0.0005478061629258189
41,3,Cottonwood/Willow,0.0,0.0,0.0,0.0
41,3,Douglas-fir,-0.002643406635223333,-0.0011453085452316492,-0.0011930401015285048,0.005779381739011343
41,3,Krummholz,-0.0001986838938293304,-0.0006223037896791184,-0.0002591460307315996,0.00012010507037824951
41,3,Lodgepole Pine,-5.265412792812563e-05,-0.0001777324338438635,-0.0001760574551551338,0.0003323072928784661
41,3,Ponderosa Pine,-0.00026644703767570815,0.00020991054376424492,0.00016339819439371386,-0.00044710798007353375
41,3,Spruce/Fir,4.447911019822559e-05,-0.0002810747952020261,0.00014874110617404032,-0.00010743672150670402
41,Aggregated,Aspen,0.0029845796714915037,-0.0024189605570263365,-0.0005067481314725273,-4.706390020141915e-05
41,Aggregated,Cottonwood/Willow,0.0,0.0,0.0,0.0
41,Aggregated,Douglas-fir,-0.0011588544273433653,-0.00013227312788201273,3.969633152800577e-06,0.0027449884895812773
41,Aggregated,Krummholz,8.489296056152232e-05,-0.00030058197025363553,-0.00019758575445652976,-3.253022175359979e-05
41,Aggregated,Lodgepole Pine,-3.069924364863576e-05,-0.00019035722464307248,-4.62062828727669e-05,0.00021608073675482425
41,Aggregated,Ponderosa Pine,0.00029210954131422595,0.00034788119364452297,2.737420778992777e-05,-0.0007892168561264452
41,Aggregated,Spruce/Fir,6.628181077044752e-05,-0.0002996692612589844,0.0002721048327771804,-0.00022665836061439476
41,Centralized,Aspen,0.002985424532228604,-0.0024256226759221725,-0.0005179959494548461,-4.345669540854746e-05
41,Centralized,Cottonwood/Willow,0.0,0.0,0.0,0.0
41,Centralized,Douglas-fir,-0.0011651362223593549,-0.00013838589290679493,3.8267145566298994e-06,0.0027393430287436884
41,Centralized,Krummholz,8.479754983176102e-05,-0.0003005357890889515,-0.0001969291475326466,-3.242734158777812e-05
41,Centralized,Lodgepole Pine,-3.064526751963189e-05,-0.00019042088995918638,-4.624395269275938e-05,0.00021615064392778902
41,Centralized,Ponderosa Pine,0.00029656835378501684,0.0003459562049329216,5.5326912777745964e-05,-0.0008202952567283132
41,Centralized,Spruce/Fir,6.556880186044574e-05,-0.0002991862541999272,0.00027207998426799956,-0.00022683670100220876
42,0,Aspen,0.002837818348690966,0.0002924217916002632,0.0019129614718985573,-0.0013492818890124454
42,0,Cottonwood/Willow,0.0,0.0,0.0,0.0
42,0,Douglas-fir,-0.0013498951579200003,3.9767024266853156e-05,0.0007485860324526657,0.0017186414462673956
42,0,Krummholz,0.0006971296893265033,-0.0007733905538571487,-0.00010650070969553393,0.00018276157422617936
42,0,Lodgepole Pine,-1.8470606681531e-05,5.492088016127254e-06,0.0001345856309353799,-8.540412599848206e-05
42,0,Ponderosa Pine,0.0004430828790199977,0.0008133720799029612,0.00028802795275331694,-0.0010097140927113057
42,0,Spruce/Fir,0.00030855100180362155,-0.00013088192202093119,0.0001399167357781228,-0.0003042132692770612
42,1,Aspen,0.0017392682154685711,-0.001344702034220921,0.0018651589765543753,-0.001290340821277755
42,1,Cottonwood/Willow,0.0,0.0,0.0,0.0
42,1,Douglas-fir,-0.0014270137547964152,-0.0007354573499509057,0.0003201312931990867,0.0005672807102051666
42,1,Krummholz,0.0002899657897491951,-0.0005934866612327302,-0.0004237333065489161,0.0007272541780324512
42,1,Lodgepole Pine,6.948615728498882e-05,-0.00021114379460807076,2.5252949631515698e-05,1.611945709865485e-05
42,1,Ponderosa Pine,0.0003129928036684955,0.00038210574083443377,0.00018332626309998842,-0.0006150841979335464
42,1,Spruce/Fir,0.00047022081899766865,-0.00021127900910935157,0.0001491669794575675,-0.0003447907901096836
42,2,Aspen,0.0035832114782321602,-0.0016406380856201312,0.00024016165573904438,-0.0012446487444110847
42,2,Cottonwood/Willow,0.0,0.0,0.0,0.0
42,2,Douglas-fir,-0.0026914448184368702,-0.0020410054393368016,-0.002000574669212246,0.002721534211894037
42,2,Krummholz,0.00034788471113554137,-0.00013478370490715985,-9.78734194473363e-06,-0.00020331366428364786
42,2,Lodgepole Pine,-0.00011280043712456426,-0.00014666790397780774,7.979164823338862e-05,0.00017037727088995794
42,2,Ponderosa Pine,0.0002961112595148141,-5.2699767630476346e-05,-0.0003230064617618378,-0.0005640634711671366
42,2,Spruce/Fir,0.00014513610827119697,-7.466281982632106e-05,0.00019447508825650348,-7.277920122167325e-05
42,3,Aspen,0.0002707806659809908,-0.0008201344060447721,0.0014496350030908194,-0.0018436749800603742
42,3,Cottonwood/Willow,0.0,0.0,0.0,0.0
42,3,Douglas-fir,-0.0032428147986901523,-0.0024507214399987673,-0.001082504754311986,0.005736389268535165
42,3,Krummholz,-3.71141683688884e-05,6.324047219209243e-05,8.19159763332337e-05,-0.00010804228015643773
42,3,Lodgepole Pine,5.395789376300142e-05,-9.406276592853018e-05,-8.453798521584899e-05,7.493583101307137e-05
42,3,Ponderosa Pine,-0.00018330887824558975,0.00010585369443452675,0.0004668359672202009,-0.0008326502061043739
42,3,Spruce/Fir,0.00038170390544352745,1.5151043868973554e-05,-7.368665251010024e-05,-0.00020604945589491885
42,Aggregated,Aspen,0.002107769677093172,-0.0008782631835713902,0.0013669792768206991,-0.0014319866086904148
42,Aggregated,Cottonwood/Willow,0.0,0.0,0.0,0.0
42,Aggregated,Douglas-fir,-0.0021777921324608596,-0.0012968543012549056,-0.0005035905244681199,0.0026859614092254415
42,Aggregated,Krummholz,0.00032446650546058786,-0.0003596051119512366,-0.00011452634546398749,0.00014966495195463625
42,Aggregated,Lodgepole Pine,-1.956748189526257e-06,-0.00011159559412457035,3.877306089610881e-05,4.400710825080052e-05
42,Aggregated,Ponderosa Pine,0.0002172195159894294,0.00031215793688536136,0.0001537959303279171,-0.0007553779919790907
42,Aggregated,Spruce/Fir,0.00032640295862900365,-0.00010041817677190756,0.00010246803774552338,-0.00023195817912583422
42,Centralized,Aspen,0.0021079192134177693,-0.0008801355417254372,0.001369491881790752,-0.001424115797145779
42,Centralized,Cottonwood/Willow,0.0,0.0,0.0,0.0
42,Centralized,Douglas-fir,-0.002176521629189576,-0.0012951151745867657,-0.0004864374455753236,0.002681505626587181
42,Centralized,Krummholz,0.00032486886581432434,-0.000360416136636843,-0.00011523318295190525,0.00015078045377442395
42,Centralized,Lodgepole Pine,-1.941926093318447e-06,-0.00011159567040382641,3.87103145464048e-05,4.400186690667329e-05
42,Centralized,Ponderosa Pine,0.00021794536346840995,0.0003109183626135899,0.0001920374770598421,-0.0008006301818202036
42,Centralized,Spruce/Fir,0.000326220551712784,-0.00010018994643491246,0.00010257918497183494,-0.00023168370314372022
43,0,Aspen,0.0026387797933875856,-6.438005597996417e-05,-0.0015104382975178743,-0.0005750631377965479
43,0,Cottonwood/Willow,0.0,0.0,0.0,0.0
43,0,Douglas-fir,-0.0010311360374425,0.0003231779725159645,-0.00041388762709807886,0.0012834617203766885
43,0,Krummholz,0.0005414195260904919,-0.0003307255006526992,7.317260666397003e-05,0.00026614641057156235
43,0,Lodgepole Pine,-1.6025520508648288e-05,-2.027948517565233e-05,7.66215034671373e-05,0.00012754773884645262
43,0,Ponderosa Pine,0.000630931770574337,0.0008653053464406276,1.4113861816683615e-05,-0.0015103509788316483
43,0,Spruce/Fir,0.00034101228007762013,-0.00030339421685582346,0.00014234589935433842,0.0001071110360116867
43,1,Aspen,0.0029695745820971,-0.0013961302702194395,-0.0007419955431908718,-0.0022485246196277627
43,1,Cottonwood/Willow,0.0,0.0,0.0,0.0
43,1,Douglas-fir,-0.0004790438402082024,-0.00035944244181630264,5.818924807572216e-05,0.0017919349259939525
43,1,Krummholz,0.00029188379831137273,-0.0006242750684100814,-0.0005143951798590914,0.00044364712339391615
43,1,Lodgepole Pine,-2.30367045645589e-05,-5.697031853900877e-05,7.129967179261842e-05,0.00020369455833654793
43,1,Ponderosa Pine,0.0005890348427013692,0.0002575796787953888,-7.080307984209482e-05,-0.00106449476453301
43,1,Spruce/Fir,0.00025001909010593143,-0.00018854063025166198,0.00012006199577622538,-6.350392349478244e-05
43,2,Aspen,0.0029997490482281536,-0.0005818107360422847,-0.0007381572212703386,-0.001209416690630169
43,2,Cottonwood/Willow,0.0,0.0,0.0,0.0
43,2,Douglas-fir,-0.0018872272388471834,-0.0005508535927574443,-0.00029140970332135657,0.00432511670250967
43,2,Krummholz,0.0001778895959992921,0.00012162881565293733,0.00014194787648424967,0.00010681177606817564
43,2,Lodgepole Pine,-0.00015840467600355032,-7.761797909409489e-05,7.081396589177687e-05,0.00025113735150726163
43,2,Ponderosa Pine,0.00010186177973251868,0.0006420135381840127,-0.0003384308562122129,-0.000264327294034028
43,2,Spruce/Fir,3.554039445823517e-05,-0.00024892360709700506,0.00026938687751557056,4.912819516333008e-05
43,3,Aspen,0.0003873451743548473,-0.0010930414958791694,0.0010189074347355016,-0.0007835779993823714
43,3,Cottonwood/Willow,0.0,0.0,0.0,0.0
43,3,Douglas-fir,-0.00294556496469268,-0.0017108602292245367,-0.0012641843968268784,0.00616263485818198
43,3,Krummholz,-0.00012711831926306982,0.00031343903816304547,-7.650291939291971e-05,0.0004410340283834413
43,3,Lodgepole Pine,-0.0001252221426316739,-3.180102254817426e-05,3.6289707446383415e-06,0.00014793949211959942
43,3,Ponderosa Pine,-0.00020278118653912122,0.00017998091085119627,0.0005570717294119398,-0.00044904786880243613
43,3,Spruce/Fir,0.00018101080418681895,-1.6247482416566667e-05,4.4584566913113965e-05,-0.0001442204199780158
43,Aggregated,Aspen,0.0022488621495169218,-0.0007838406395302144,-0.0004929209068108958,-0.0012041456118592128
43,Aggregated,Cottonwood/Willow,0.0,0.0,0.0,0.0
43,Aggregated,Douglas-fir,-0.0015857430202976415,-0.0005744945728205799,-0.0004778231197926479,0.003390787051765573
43,Aggregated,Krummholz,0.00022101865028452172,-0.00012998317881169943,-9.394440402594786e-05,0.00031440983460427385
43,Aggregated,Lodgepole Pine,-8.067226092710784e-05,-4.6667201339232564e-05,5.5591027974042736e-05,0.0001825797852024654
43,Aggregated,Ponderosa Pine,0.00027976180161727593,0.0004862198685678064,4.048791379357894e-05,-0.0008220552265502806
43,Aggregated,Spruce/Fir,0.00020189564220715142,-0.00018927648415526427,0.00014409483488981206,-1.2871278074445365e-05
43,Centralized,Aspen,0.002253189852178719,-0.0007909384435500535,-0.0004958873650578594,-0.001200555888012873
43,Centralized,Cottonwood/Willow,0.0,0.0,0.0,0.0
43,Centralized,Douglas-fir,-0.0015877072811060395,-0.0005765272099104343,-0.00047013908677149646,0.0033860849745790587
43,Centralized,Krummholz,0.0002215161018061055,-0.0001304660445891892,-9.356999715381027e-05,0.0003137882790179107
43,Centralized,Lodgepole Pine,-8.058456492713677e-05,-4.6603547756947826e-05,5.551845278626658e-05,0.00018261044179403627
43,Centralized,Ponderosa Pine,0.0002812160315198616,0.0004902377792181112,7.017955502875799e-05,-0.000857775630022678
43,Centralized,Spruce/Fir,0.00020145064730247206,-0.00018935787784913707,0.00014426059707435082,-1.2905474037141115e-05
44,0,Aspen,0.0017210302826346873,-0.00016915698744577692,-0.0005846097220527277,-0.001456161875229382
44,0,Cottonwood/Willow,0.0,0.0,0.0,0.0
44,0,Douglas-fir,-0.0022757426159286296,-0.000726374035597647,0.00033627358426835396,0.002255392907281273
44,0,Krummholz,0.0006622622625927684,-0.0005434059540639913,-0.00018504109357616225,6.618478504738512e-05
44,0,Lodgepole Pine,-0.00011890488219268303,-5.8325742278560654e-05,0.00014321942244260866,1.1091818204097177e-06
44,0,Ponderosa Pine,0.00030365752028319964,0.0007231364836531307,8.161167732205024e-06,-0.0010349551716685352
44,0,Spruce/Fir,0.00010933292871399362,-0.00029783490515611355,0.0003043287083100236,-8.959978725971614e-05
44,1,Aspen,0.0030273285108636805,-0.001002183614465274,0.0005293407212740853,-0.0011374097667315175
44,1,Cottonwood/Willow,0.0,0.0,0.0,0.0
44,1,Douglas-fir,-0.001730627718063149,-0.0015221770986538208,-1.583943430431371e-05,0.002894823085120938
44,1,Krummholz,3.0371226772453925e-05,-0.0003627336876219171,-0.00025294733749709847,0.0005853097983465616
44,1,Lodgepole Pine,-7.45490914626686e-05,-0.00016042566393801674,1.43050709143037e-05,0.00014831467692762632
44,1,Ponderosa Pine,0.00034523440115367493,0.0005100545547200852,-5.071495849852855e-05,-0.0004565057760038867
44,1,Spruce/Fir,0.00013395173180471195,-0.00026831429830292963,0.00018803236187843927,-2.8490990000111054e-05
44,2,Aspen,0.001325082789763815,-0.0017201386953186275,-0.00039137519913711355,-0.0006220195995334243
44,2,Cottonwood/Willow,0.0,0.0,0.0,0.0
44,2,Douglas-fir,-0.0026037797642887626,-0.001771590155805497,-0.00011371293384344432,0.0029896567825541676
44,2,Krummholz,-1.6645036434522382e-05,0.0001992374203738656,0.00015339029224625822,-0.00033598267618560146
44,2,Lodgepole Pine,-9.96999365459883e-05,-4.828647821400467e-05,1.7609130855041528e-06,0.0002102507961885917
44,2,Ponderosa Pine,0.00042121923522086174,0.00035441214042557695,-0.00022066468207039094,-0.0007745536609469472
44,2,Spruce/Fir,4.0157232308389114e-05,-0.00015446342051847473,0.0002660856631429287,0.00010650626530660696
44,3,Aspen,0.0010176521729524611,0.0006293683037889158,0.001331527313108737,-0.0006267133589940438
44,3,Cottonwood/Willow,0.0,0.0,0.0,0.0
44,3,Douglas-fir,-0.003680082737207426,-0.002630620008582505,-0.0010995312489095004,0.0050806175320764575
44,3,Krummholz,-0.00024130744365763457,0.00010610795559382973,-0.00014455364559806672,0.00027975313366187155
44,3,Lodgepole Pine,-0.00012747211208471998,0.00010378750401721093,-8.506248476489175e-05,0.0001087470928324008
44,3,Ponderosa Pine,-0.00023473583377560855,-3.8818300427919304e-05,0.000325765883458858,-0.0001883877303497187
44,3,Spruce/Fir,2.9104181656136596e-05,8.575025209221303e-05,-3.792732295656206e-05,1.1690733139150626e-06
44,Aggregated,Aspen,0.001772773439053661,-0.0005655277483601907,0.0002212207782982453,-0.0009605761501220919
44,Aggregated,Cottonwood/Willow,0.0,0.0,0.0,0.0
44,Aggregated,Douglas-fir,-0.002572558208871992,-0.0016626903246598674,-0.00022320250819722612,0.0033051225767582086
44,Aggregated,Krummholz,0.00010867025231826637,-0.0001501985664295533,-0.0001072879461062673,0.00014881626021755418
44,Aggregated,Lodgepole Pine,-0.00010515650557151497,-4.0812595103342786e-05,1.8555730419381186e-05,0.00011710543694225714
44,Aggregated,Ponderosa Pine,0.00020884383072053192,0.0003871962195927184,1.5636852655535875e-05,-0.0006136005847422719
44,Aggregated,Spruce/Fir,7.813651862080782e-05,-0.0001587155929713262,0.0001801298525937074,-2.603859659826291e-06
44,Centralized,Aspen,0.0017770027433308734,-0.0005666929175638241,0.0002152183281100145,-0.000956594976854829
44,Centralized,Cottonwood/Willow,0.0,0.0,0.0,0.0
44,Centralized,Douglas-fir,-0.0025728168019397146,-0.0016674451114435107,-0.0002189757719940529,0.003307247752053729
44,Centralized,Krummholz,0.00010931077955086965,-0.00015103686825757948,-0.00010687904307468687,0.0001486051317813967
44,Centralized,Lodgepole Pine,-0.00010522203888195063,-4.083081587658022e-05,1.845249039481948e-05,0.00011713302528398861
44,Centralized,Ponderosa Pine,0.00020798252311486168,0.0003813965742931839,4.1543658073498836e-05,-0.0006459952863025475
44,Centralized,Spruce/Fir,7.798473260782941e-05,-0.00015851749488463018,0.00018027509667459252,-2.4241107064911413e-06
45,0,Aspen,0.0008834104148063201,-8.777982870485553e-07,-0.0015085203827164366,-0.0016710335329727006
45,0,Cottonwood/Willow,0.0,0.0,0.0,0.0
45,0,Douglas-fir,-0.0018758882680158424,1.1643870683012796e-06,-0.0004045050576811186,0.0018680325056338505
45,0,Krummholz,0.0002780589185535272,-0.00047687017332395665,-2.7102181740947435e-05,-4.918637061943065e-05
45,0,Lodgepole Pine,-4.547829175052809e-05,-1.9839060478773116e-06,0.00016362843263076354,4.2620512983195434e-05
45,0,Ponderosa Pine,0.000321927497498468,0.0005719897899821488,0.0002546516233575454,-0.0012278615199992255
45,0,Spruce/Fir,1.4439670382448977e-05,-0.000220765334000154,0.0003054773685700063,-0.00012594009236962153
45,1,Aspen,0.0014595367757194073,-0.001311346934860134,-0.0011375633753258247,-0.00042770231647442275
45,1,Cottonwood/Willow,0.0,0.0,0.0,0.0
45,1,Douglas-fir,-0.0013969331087724801,-0.0008957699892104265,-0.0006672944952930878,0.0026967446960743566
45,1,Krummholz,0.00033967993810564884,-0.0005198931990273067,-3.6823960578580284e-06,0.0005870349835433997
45,1,Lodgepole Pine,7.653411152562054e-06,-2.951707354860907e-06,6.185804950356588e-05,5.9717391733169846e-05
45,1,Ponderosa Pine,0.0003349461635816879,0.00025988940754353057,-0.0003079520513489438,-0.0005754870589301057
45,1,Spruce/Fir,8.583601401578507e-05,-0.00011636273222652889,0.00028807955579358374,-0.0003331336071889605
45,2,Aspen,0.0008561827691841994,0.0003921128860870926,-0.0001535647319821365,0.0003137197809361947
45,2,Cottonwood/Willow,0.0,0.0,0.0,0.0
45,2,Douglas-fir,-0.0012781269251144016,-0.0002922608037315329,-0.0007072280947612771,0.0036196472861205384
45,2,Krummholz,-0.00019967681859741257,0.00028830979177550214,0.0003362887204636326,-0.0009731997578463769
45,2,Lodgepole Pine,-3.360734248515166e-05,-8.63123479025174e-06,9.463470648454764e-05,2.0840823922850065e-05
45,2,Ponderosa Pine,0.0007634021519283182,0.0005302456402890565,0.00018316871911291943,-0.0007876366353826622
45,2,Spruce/Fir,-0.00014656695321759358,-0.00014700406401257915,0.0003045168914845668,-0.00026783520690483914
45,3,Aspen,0.00031041862337930864,-0.0010936219506716787,0.0009384471706347189,-0.0006273790260781601
45,3,Cottonwood/Willow,0.0,0.0,0.0,0.0
45,3,Douglas-fir,-0.002636302047683531,-0.0010123532290790827,-0.0009951974205094916,0.005287670497618829
45,3,Krummholz,-0.00023234044599023304,7.325523330783956e-05,0.00021008581741694768,-5.100060473455422e-05
45,3,Lodgepole Pine,1.1109271779885521e-05,7.507790733905322e-05,-2.0597354070802282e-05,5.4197443788409995e-05
45,3,Ponderosa Pine,9.14734186085268e-05,0.00014139718958387318,0.0006019021263836503,-0.00024756256633023943
45,3,Spruce/Fir,-2.0596142384976535e-05,0.00011833451490863196,-5.094337388346822e-05,-0.00024199091600857203
45,Aggregated,Aspen,0.0008773871457723088,-0.0005034334494329422,-0.00046530032984741976,-0.0006030987736472722
45,Aggregated,Cottonwood/Willow,0.0,0.0,0.0,0.0
45,Aggregated,Douglas-fir,-0.0017968125873965637,-0.0005498049087381853,-0.0006935562670612438,0.0033680237463618937
45,Aggregated,Krummholz,4.64303980178826e-05,-0.00015879958681698042,0.0001288974900204437,-0.00012158793741424052
45,Aggregated,Lodgepole Pine,-1.5080737825808044e-05,1.5377764786515813e-05,7.48809586370187e-05,4.434404310690633e-05
45,Aggregated,Ponderosa Pine,0.00037793730790425023,0.0003758805068496523,0.0001829426043762928,-0.0007096369451605583
45,Aggregated,Spruce/Fir,-1.6721852801084017e-05,-9.144940383265752e-05,0.00021178261049117217,-0.00024222495561799828
45,Centralized,Aspen,0.0008774871834387696,-0.0005074084861827246,-0.0004681928828265634,-0.0006052305795902444
45,Centralized,Cottonwood/Willow,0.0,0.0,0.0,0.0
45,Centralized,Douglas-fir,-0.0018054310288669606,-0.000551408354217566,-0.0006834539351234884,0.003366726430255179
45,Centralized,Krummholz,4.6897623181006244e-05,-0.0001593557412477853,0.00012921620663100541,-0.00012178478791364615
45,Centralized,Lodgepole Pine,-1.5021177096961416e-05,1.5413096432613054e-05,7.480242214314796e-05,4.439853764519793e-05
45,Centralized,Ponderosa Pine,0.0003824724427387294,0.00037826219038162673,0.00021188296934325965,-0.0007361815127332749
45,Centralized,Spruce/Fir,-1.7126117284253322e-05,-9.140145743371149e-05,0.00021192698854558914,-0.0002422587673980107
46,0,Aspen,0.0030369295458911503,-0.00023053385984463567,0.00026822985628438545,-0.000288705941067835
46,0,Cottonwood/Willow,0.0,0.0,0.0,0.0
46,0,Douglas-fir,-0.0005653462362474234,-0.0008983273184990462,-0.00037446508645989457,0.0018381386412063643
46,0,Krummholz,0.00030009536461535663,-0.0006789845974320974,0.00010725945732921922,0.0002716297754875215
46,0,Lodgepole Pine,-0.0001426491082086312,-5.4769906957269354e-05,5.181986244615078e-05,-2.680971233801066e-05
46,0,Ponderosa Pine,0.0006089188209943142,0.000573603028273556,0.00017371476739907096,-0.0012143747850544746
46,0,Spruce/Fir,0.0001283158037900245,-0.00023588833727198702,0.0001577637663274234,-0.0001275523370222372
46,1,Aspen,0.003353286087655602,-0.0017899525504467874,0.0005980220100588232,-0.0007442796963266635
46,1,Cottonwood/Willow,0.0,0.0,0.0,0.0
46,1,Douglas-fir,-0.0013210273262135863,-0.0006407605230766,-0.000276145613669454,0.0027646765290142428
46,1,Krummholz,0.00024402092055163713,-0.0005519530159415845,-6.342832592242294e-05,0.0003713604213123704
46,1,Lodgepole Pine,-0.00012662692512880694,-0.00023779831380974872,-8.426242351899926e-05,7.523891926243993e-05
46,1,Ponderosa Pine,0.00022505501932079675,0.00038958165774671816,0.00012874449233907237,-0.0004547776302527562
46,1,Spruce/Fir,0.0002536550935077116,-0.000338327165467787,9.656478433040887e-05,-0.0001584984761013782
46,2,Aspen,0.0025292321750044985,-0.0008965831696459194,-3.846260850597083e-05,-0.000659619294142604
46,2,Cottonwood/Willow,0.0,0.0,0.0,0.0
46,2,Douglas-fir,-0.0011844447407385512,-0.001120251091749606,-1.1950647022640482e-05,0.0023166464795107977
46,2,Krummholz,-0.0002324581677714451,0.00016472626246437824,0.00034411651815388633,-0.0002763846128468195
46,2,Lodgepole Pine,-0.00018544058081432224,-3.933260674077177e-05,4.5523874205829116e-05,7.316185212772701e-05
46,2,Ponderosa Pine,0.0007327662606367765,0.00012336899294112155,7.913164707172108e-06,-0.0010675482834300771
46,2,Spruce/Fir,2.0379098215450586e-05,-5.237967719993556e-05,0.00027421578806062036,-0.00010174997013573384
46,3,Aspen,-0.0004747784641311685,-0.000385933802889001,0.00023577115232435256,0.00015369257080090812
46,3,Cottonwood/Willow,0.0,0.0,0.0,0.0
46,3,Douglas-fir,-0.002475063101226018,-0.0016470681570925998,-0.0015592447041198054,0.005037558162091699
46,3,Krummholz,0.00018028814858979855,-0.00010559806668886118,2.304079183381343e-05,0.00017797810898125452
46,3,Lodgepole Pine,-0.00019349320686418148,4.2762718475031214e-05,-0.0001509550833090715,0.00013505045451970657
46,3,Ponderosa Pine,-0.00013642236369883673,0.0001220440705683723,9.195473251831048e-05,-0.0002732531937777634
46,3,Spruce/Fir,0.0002122336166584804,3.0460325508583724e-05,-8.674744262905192e-05,1.5599235478336304e-07
46,Aggregated,Aspen,0.0021111673361050207,-0.0008257508457065859,0.0002658901025403976,-0.00038472809018404863
46,Aggregated,Cottonwood/Willow,0.0,0.0,0.0,0.0
46,Aggregated,Douglas-fir,-0.0013864703511063947,-0.001076601772604463,-0.0005554515128179487,0.002989254952955776
46,Aggregated,Krummholz,0.0001229865664963368,-0.0002929523543995412,0.00010274711034862401,0.00013614592323358174
46,Aggregated,Lodgepole Pine,-0.00016205245525398546,-7.228452725818965e-05,-3.446844254402272e-05,6.41603783929657e-05
46,Aggregated,Ponderosa Pine,0.0003575794343132627,0.00030214943738244204,0.00010058178924090648,-0.0007524884731287679
46,Aggregated,Spruce/Fir,0.00015364590304291675,-0.00014903371360778148,0.00011044922402235018,-9.691119772614148e-05
46,Centralized,Aspen,0.0021145160104905866,-0.0008284431620182766,0.0002645473638128402,-0.00037955057765594324
46,Centralized,Cottonwood/Willow,0.0,0.0,0.0,0.0
46,Centralized,Douglas-fir,-0.0014000760674334016,-0.0010788078566814445,-0.0005557594094622679,0.002997683009063945
46,Centralized,Krummholz,0.00012254955267302728,-0.00029276025124079047,0.00010266709678376691,0.0001363142004222976
46,Centralized,Lodgepole Pine,-0.00016198286099977643,-7.238648296633195e-05,-3.455003951996494e-05,6.420628681360248e-05
46,Centralized,Ponderosa Pine,0.0003560633993564359,0.0003032171269538031,0.00011425973461269094,-0.0007745560118027813
46,Centralized,Spruce/Fir,0.0001532751662799703,-0.00014866528110928554,0.00011055980917428394,-9.68837425326663e-05
47,0,Aspen,0.001208648823316764,0.0003578865506653946,-0.0002500153066035127,-0.001316520067378646
47,0,Cottonwood/Willow,0.0,0.0,0.0,0.0
47,0,Douglas-fir,-0.001294132126922004,0.00037649194455951124,-0.0003972840390162602,0.001314924221378753
47,0,Krummholz,6.135571341471062e-05,-0.0002811494478169955,-0.00010971573904937822,0.0003295094734516631
47,0,Lodgepole Pine,-0.00014140589581835653,-1.768109178842958e-05,0.00018163816607216776,3.5307219621869924e-05
47,0,Ponderosa Pine,0.00044464212351258414,0.00047250199250366737,0.00028009495973298676,-0.0013391009073617048
47,0,Spruce/Fir,7.893365712067595e-05,-0.00018272908533920976,0.0003260095864706288,-7.873707089580313e-05
47,1,Aspen,0.001858791317172449,-0.0013867442309486305,-0.0008258108636307465,-0.001063312073534046
47,1,Cottonwood/Willow,0.0,0.0,0.0,0.0
47,1,Douglas-fir,-0.0013927330447729147,-0.0009884492268268281,-0.0012461991010462952,0.0027260744776482493
47,1,Krummholz,0.00033029071799712634,-0.0007334063831193338,7.282494712508118e-05,0.00033029071799712634
47,1,Lodgepole Pine,-2.5944077809277506e-05,-3.5516441878232405e-06,4.963323493982023e-05,0.00010345669905797994
47,1,Ponderosa Pine,0.00015818264997759698,8.221868802560373e-05,-7.731746216817677e-05,-0.000451687414988855
47,1,Spruce/Fir,0.00019550532699503612,-0.00015335902404723747,0.00019099745203202123,-0.0001936633044551106
47,2,Aspen,0.0014383639250462553,-0.0003462630180244332,-0.0013637625406161952,-0.0006629054691156313
47,2,Cottonwood/Willow,0.0,0.0,0.0,0.0
47,2,Douglas-fir,-0.0024175301497972776,-0.001078980428723943,-0.0004058499004148212,0.0030728156013327033
47,2,Krummholz,-0.0006977499327126638,0.0006998866397591267,0.0003511615831597777,-0.000627158158324694
47,2,Lodgepole Pine,-0.0001681119167853499,5.0717695603367625e-06,-1.4253014694811291e-05,0.00011242421944156662
47,2,Ponderosa Pine,0.0003533460612246038,0.00026843899848125186,0.00031230592599548745,-0.0005271613673373717
47,2,Spruce/Fir,-6.711839596291551e-05,-9.877622496996345e-05,0.00013930715877560895,-0.00015548362670143404
47,3,Aspen,0.0003877091060252487,0.00031534470802203435,0.0007790922181228807,-7.633782457565814e-05
47,3,Cottonwood/Willow,0.0,0.0,0.0,0.0
47,3,Douglas-fir,-0.002407084183826393,-0.0004914697749045608,-0.0015523348445607894,0.005094706603638467
47,3,Krummholz,-0.00029154521749933754,-7.475886425815463e-05,0.00019414256815393957,-0.00024531399721505753
47,3,Lodgepole Pine,9.029284982179734e-06,5.0921517494121694e-05,-8.376826337097576e-05,0.00012008598447247702
47,3,Ponderosa Pine,4.120312594535491e-05,0.00013895374451407724,0.00015177337509838149,-0.00033193024555781364
47,3,Spruce/Fir,0.00017875184335657454,-5.958126503207336e-05,-2.2789973756015547e-05,-0.0001354236150333532
47,Aggregated,Aspen,0.0012233782928901793,-0.0002649439975714087,-0.0004151241231818934,-0.0007797688586509955
47,Aggregated,Cottonwood/Willow,0.0,0.0,0.0,0.0
47,Aggregated,Douglas-fir,-0.0018778698763296476,-0.0005456018714739552,-0.0009004169712595415,0.0030521302259995434
47,Aggregated,Krummholz,-0.00014941217970004111,-9.735701385883935e-05,0.00012710333984735506,-5.316799102274053e-05
47,Aggregated,Lodgepole Pine,-8.160815135770105e-05,8.69013776955141e-06,3.331253073655023e-05,9.281853064847337e-05
47,Aggregated,Ponderosa Pine,0.000249343490165035,0.00024052835588115004,0.00016671419966466974,-0.0006624699838114363
47,Aggregated,Spruce/Fir,9.651810787734276e-05,-0.000123611399847121,0.00015838105588056084,-0.00014082690427142525
47,Centralized,Aspen,0.0012273737403586532,-0.0002709998680853985,-0.00040944398673404175,-0.0007806827058208093
47,Centralized,Cottonwood/Willow,0.0,0.0,0.0,0.0
47,Centralized,Douglas-fir,-0.0018729292503871138,-0.000545892348277908,-0.0009021604146078795,0.0030575473044812582
47,Centralized,Krummholz,-0.0001498855639675926,-9.732890665131722e-05,0.00012645146191438603,-5.296286684223587e-05
47,Centralized,Lodgepole Pine,-8.154422849676601e-05,8.717427557961935e-06,3.33693573099092e-05,9.282722923233584e-05
47,Centralized,Ponderosa Pine,0.00025426228927522926,0.00025028994092031004,0.00018196534589582739,-0.0006855018252115153
47,Centralized,Spruce/Fir,9.624964672172442e-05,-0.0001235242941896401,0.0001583957445783953,-0.00014087202468697027
48,0,Aspen,0.0016782851790671423,3.784928055186598e-05,-0.0007078961325871769,-0.0014971366291250305
48,0,Cottonwood/Willow,0.0,0.0,0.0,0.0
48,0,Douglas-fir,-0.000672910047596259,3.33755878126063e-05,-1.4930304915274547e-05,0.0010656611976937365
48,0,Krummholz,1.0924508469780289e-05,-0.0002309758786783652,-1.0470412789981287e-05,0.00023052178299856618
48,0,Lodgepole Pine,1.539593510087774e-08,-8.619652915862568e-05,4.613540214134145e-05,2.7568649506926057e-05
48,0,Ponderosa Pine,0.0005381427366148439,0.0004968160079620865,0.0002990044540623719,-0.0013339631986393023
48,0,Spruce/Fir,0.00017439826137508052,-0.00029810046857273176,7.168701480605999e-05,1.2687596629396003e-05
48,1,Aspen,0.0013055743528465336,-0.0018531493908104286,0.0002737875189819476,0.0002737875189819476
48,1,Cottonwood/Willow,0.0,0.0,0.0,0.0
48,1,Douglas-fir,-0.0011355657883143633,-0.0007456702251935621,-0.0005509169136744633,0.002169068752426321
48,1,Krummholz,7.617294957964112e-05,-0.0007017571019344119,7.970281261556374e-05,0.000545881339739207
48,1,Lodgepole Pine,2.5977635325543278e-06,-0.00010356983607141361,3.0391381019595487e-05,6.47733986560058e-05
48,1,Ponderosa Pine,0.00033132041502465886,0.0001658900573657529,-3.292211501453498e-05,-0.00046428835737587676
48,1,Spruce/Fir,0.00015941600877680817,-0.00025166488232559553,0.000145696515954169,-9.199760985594459e-05
48,2,Aspen,0.00073727954101561,4.3730356894857346e-05,-0.0005854657756161804,0.0012102640853002185
48,2,Cottonwood/Willow,0.0,0.0,0.0,0.0
48,2,Douglas-fir,-0.001372595245850483,-0.0012391658208589968,-0.00019689019609771727,0.0025522890639519216
48,2,Krummholz,-2.6459987815604286e-05,0.0005760242986257991,-9.216238266214945e-05,-0.00018354206002959192
48,2,Lodgepole Pine,-4.405114100799098e-05,4.338211142436895e-05,2.0415465796360294e-05,1.310775091610076e-05
48,2,Ponderosa Pine,0.0004502028042437656,4.186944394706423e-05,-7.32672921932483e-05,-0.0009043877517807275
48,2,Spruce/Fir,0.000104474308729674,-4.040057864525733e-05,0.00012980668363312317,-0.00012825609785088732
48,3,Aspen,-1.0998715496054097e-06,-0.0005467766609902428,0.00031320835834363253,0.0002346681741962157
48,3,Cottonwood/Willow,0.0,0.0,0.0,0.0
48,3,Douglas-fir,-0.001995863906178822,-0.0008281150427539482,-0.0007645812344270938,0.0035885601833598644
48,3,Krummholz,-0.00018570338296354053,-1.4736700150166001e-05,-0.00013701996530408414,-7.162525137010174e-05
48,3,Lodgepole Pine,-6.610242865671505e-05,7.281794444091716e-07,-3.0924812912040224e-05,6.61283475817583e-05
48,3,Ponderosa Pine,-6.208017386833779e-05,0.0002811012587054425,0.00027808795566283684,-0.0003864262657813459
48,3,Spruce/Fir,5.416038204358875e-05,-9.759507008166857e-05,-2.6030276802776104e-05,-8.671765885080267e-05
48,Aggregated,Aspen,0.00093000980034492,-0.000579586603588487,-0.0001765915077194443,5.539578733833783e-05
48,Aggregated,Cottonwood/Willow,0.0,0.0,0.0,0.0
48,Aggregated,Douglas-fir,-0.0012942337469849818,-0.0006948938752484752,-0.00038182966227863724,0.002343894799357961
48,Aggregated,Krummholz,-3.126647818243085e-05,-9.2861345534286e-05,-3.9987487035162785e-05,0.00013030895283451988
48,Aggregated,Lodgepole Pine,-2.6885102549262706e-05,-3.641401859031529e-05,1.650435901131425e-05,4.289453666519773e-05
48,Aggregated,Ponderosa Pine,0.00031439644550373264,0.0002464191919950865,0.00011772575062935636,-0.0007722663933943132
48,Aggregated,Spruce/Fir,0.00012311224023128786,-0.0001719402499063133,8.028998439764402e-05,-7.357094248205964e-05
48,Centralized,Aspen,0.0009348019976217203,-0.0005839146463580877,-0.00017548052643128384,5.834599544924749e-05
48,Centralized,Cottonwood/Willow,0.0,0.0,0.0,0.0
48,Centralized,Douglas-fir,-0.0012967702196649649,-0.0006904810290161711,-0.0003847065939456921,0.002345919763884476
48,Centralized,Krummholz,-3.160381598560358e-05,-9.195716119395995e-05,-3.996848962506405e-05,0.0001309786275104178
48,Centralized,Lodgepole Pine,-2.6850383089851066e-05,-3.6548203222954344e-05,1.647691311106499e-05,4.291423406853808e-05
48,Centralized,Ponderosa Pine,0.0003146262458775806,0.0002553690182700019,0.00013829221845425751,-0.000792120319924224
48,Centralized,Spruce/Fir,0.00012287037121921918,-0.00017157563785267596,8.03323286480695e-05,-7.361145726233105e-05
49,0,Aspen,0.0019454834195591537,0.0001526860594118403,-0.0006599078463838485,-0.0014382616325871456
49,0,Cottonwood/Willow,0.0,0.0,0.0,0.0
49,0,Douglas-fir,-0.0016226589617720777,-0.0001458528554875993,0.0003345405231114096,0.0014339712941482674
49,0,Krummholz,-0.00017092684758410193,3.677265735275529e-05,-5.191072719968696e-05,0.0001860649174310336
49,0,Lodgepole Pine,-5.608394739961553e-05,-4.111495846127281e-05,7.140165748745209e-05,1.898732198308643e-05
49,0,Ponderosa Pine,0.0002825044475183817,0.0004929746222015197,0.00024344156103984585,-0.0010189206307597471
49,0,Spruce/Fir,0.00017347919489405875,-0.0001249766417935616,7.052123970589334e-05,-0.0001059128850666909
49,1,Aspen,0.0022489719676738462,-0.002089919989417118,-0.00019739573712718173,3.834375887045346e-05
49,1,Cottonwood/Willow,0.0,0.0,0.0,0.0
49,1,Douglas-fir,-0.0010131323312456513,-0.0005177427406472165,-0.0008816200902511858,0.0024124951621440536
49,1,Krummholz,4.248670487455586e-05,-1.7559551595362304e-05,-0.00024385509357320126,0.00021892794029400772
49,1,Lodgepole Pine,1.974659156657917e-05,-0.00014123485317324436,-6.076324366259082e-07,8.92758821965008e-05
49,1,Ponderosa Pine,5.6219316229973636e-05,0.0004347354574568511,8.337909038776588e-05,-0.0005743338640745906
49,1,Spruce/Fir,0.00021845511840345075,-0.00011226537929253284,-7.618201394073617e-07,-0.0001187445122824519
49,2,Aspen,0.001706558110735908,-0.0010877165668439586,-0.0011674283154422722,-0.0008572214360441829
49,2,Cottonwood/Willow,0.0,0.0,0.0,0.0
49,2,Douglas-fir,-0.001451702674150725,-0.0006442149227391484,-0.0003266105442598736,0.002422528141149747
49,2,Krummholz,-0.0005274606271487755,0.0002064004615838222,0.00032128585517589753,-0.0005477595691339432
49,2,Lodgepole Pine,-7.35958549154166e-05,-6.16106328571268e-05,2.7267229033826428e-05,0.00011383823653273358
49,2,Ponderosa Pine,0.00046016971589230016,0.00015983019932785947,0.00027279569491271233,-0.0008927956101328719
49,2,Spruce/Fir,8.4355065552294e-05,-9.362650534852635e-05,7.138207766250552e-05,-3.6702364523420274e-05
49,3,Aspen,-0.00015781432711906943,-0.00015517347842926762,0.00015649390277416853,0.00015649390277416853
49,3,Cottonwood/Willow,0.0,0.0,0.0,0.0
49,3,Douglas-fir,-0.00225136297820569,-0.0007892774717110085,-0.0003070497138924026,0.0027038723634623765
49,3,Krummholz,0.0002579098234146889,0.00033343946085432713,3.8215808145355044e-05,-0.00022047979262647863
49,3,Lodgepole Pine,-3.4292220581858914e-05,-2.694583083347653e-05,-7.927612776402008e-05,9.366832643029992e-05
49,3,Ponderosa Pine,9.469305673100633e-06,0.0003072030705284501,0.00030707374924221487,-0.00042805635114269897
49,3,Spruce/Fir,0.00015282032193368136,-2.9271616559060448e-05,-7.48250532256467e-05,-7.477888055590354e-05
49,Aggregated,Aspen,0.0014357997927124597,-0.0007950309938196259,-0.0004670594990447835,-0.0005251613517466766
49,Aggregated,Cottonwood/Willow,0.0,0.0,0.0,0.0
49,Aggregated,Douglas-fir,-0.001584714236343536,-0.0005242719976462432,-0.0002951849563230131,0.002243216740226111
49,Aggregated,Krummholz,-9.949773661090817e-05,0.0001397632570488856,1.593396063709108e-05,-9.081162600884513e-05
49,Aggregated,Lodgepole Pine,-3.605635783257796e-05,-6.772656883128013e-05,4.696281580158131e-06,7.894244178565518e-05
49,Aggregated,Ponderosa Pine,0.00020209069632843907,0.0003486858373786701,0.00022667252389563475,-0.0007285266140274773
49,Aggregated,Spruce/Fir,0.0001572774251958712,-9.003503574842031e-05,1.6579111000836203e-05,-8.403466060711666e-05
49,Centralized,Aspen,0.001441032598995154,-0.0007987214780669355,-0.00046706192110831474,-0.0005264000063031951
49,Centralized,Cottonwood/Willow,0.0,0.0,0.0,0.0
49,Centralized,Douglas-fir,-0.0015837381290508823,-0.0005256530966302001,-0.00029562772270397275,0.0022417469707803708
49,Centralized,Krummholz,-0.00010134875603477293,0.00013947281414979548,1.6362194284857967e-05,-9.066201863992356e-05
49,Centralized,Lodgepole Pine,-3.6026070721423276e-05,-6.77725450885606e-05,4.704254272708264e-06,7.896705452909807e-05
49,Centralized,Ponderosa Pine,0.000203196738543678,0.0003547238785290378,0.0002413198637609045,-0.0007487362738240374
49,Centralized,Spruce/Fir,0.00015701648268512391,-8.985981496323348e-05,1.6646862594708416e-05,-8.399147292396474e-05
50,0,Aspen,0.0012179806729518128,0.00029180326464670986,0.00011634104684060675,-0.0011372266823459303
50,0,Cottonwood/Willow,0.0,0.0,0.0,0.0
50,0,Douglas-fir,-0.0004442707455670862,-0.0005870265562609259,-0.000840346983683062,0.001211800543441897
50,0,Krummholz,-6.713824200389278e-05,4.902399281741151e-05,-8.852591074799225e-05,0.00010664015993447351
50,0,Lodgepole Pine,-6.402292663407194e-05,-3.186166475748394e-05,0.00010635743577890507,1.562336920404861e-05
50,0,Ponderosa Pine,0.0004116695474583598,0.00038224932581219323,2.3526491299700563e-05,-0.0010219038792781039
50,0,Spruce/Fir,7.46425964664732e-05,-0.00014361098076634549,0.00012158223135495343,-3.95046485791121e-05
50,1,Aspen,0.002246353400229916,-0.0010645735368907162,-0.00011720632644848332,-0.0010645735368907162
50,1,Cottonwood/Willow,0.0,0.0,0.0,0.0
50,1,Douglas-fir,-0.000591431489248719,-0.0008254694741904045,-0.0013896725789942592,0.0021683508221916614
50,1,Krummholz,-3.53154804615489e-05,-0.0002085311071210738,3.538023413312182e-05,0.0002084663534495009
50,1,Lodgepole Pine,-2.234577198270693e-05,-7.827394850180396e-05,4.95235713108925e-05,9.6476435977072e-05
50,1,Ponderosa Pine,9.541472613939599e-05,-1.3447755962153751e-05,-5.699637112326535e-05,-0.00016919706765521533
50,1,Spruce/Fir,0.00010587738432608444,-0.00011160489497913373,0.0001553516364053246,-8.443720224906211e-05
50,2,Aspen,0.0009709261610135004,-0.0007407169761043386,-0.0001940118595894121,-0.000506561725605111
50,2,Cottonwood/Willow,0.0,0.0,0.0,0.0
50,2,Douglas-fir,-0.0007440115687731749,-0.0008035599918676065,-0.000344618910138178,0.002148552669634235
50,2,Krummholz,-0.00016154315739332534,0.00027476158606600426,0.0002052592545939147,-0.00031847768326659365
50,2,Lodgepole Pine,-8.70585068361666e-05,-6.444160989151533e-06,5.639637916785937e-06,4.321556238955545e-05
50,2,Ponderosa Pine,0.0005426937726156026,0.000250497885580699,0.00017991771237257925,-0.0006286381339171698
50,2,Spruce/Fir,5.1211046618343525e-05,-6.0990838712332573e-05,-2.9948968759500407e-06,-0.00012910304327444963
50,3,Aspen,0.00027533312442667063,3.927009207370843e-05,3.927009207370843e-05,-0.0003538733085740875
50,3,Cottonwood/Willow,0.0,0.0,0.0,0.0
50,3,Douglas-fir,-0.0013672580258472604,-0.0007766291525307852,2.6845179694858407e-05,0.002117041998683187
50,3,Krummholz,0.0001808053904036877,0.00011695951867436254,-0.0003867464088027535,8.89814997247033e-05
50,3,Lodgepole Pine,-4.549770826796825e-05,0.00010542964189084551,2.328108806864959e-05,1.4492793407298402e-05
50,3,Ponderosa Pine,-3.867007469016137e-06,0.00019302273298787975,0.00028090307045171753,-0.00047005879597058115
50,3,Spruce/Fir,0.00017448083658558322,7.27663759027275e-05,-3.1407563639683035e-05,-9.865935437391078e-05
50,Aggregated,Aspen,0.001177648339655475,-0.00036855428906865914,-3.8901761780895064e-05,-0.0007655588133539612
50,Aggregated,Cottonwood/Willow,0.0,0.0,0.0,0.0
50,Aggregated,Douglas-fir,-0.0007867429573590601,-0.0007481712937124305,-0.0006369483232801603,0.001911436508487745
50,Aggregated,Krummholz,-2.079787236376983e-05,5.805349760917613e-05,-5.865820770592731e-05,2.140258246052102e-05
50,Aggregated,Lodgepole Pine,-5.473122843022843e-05,-2.7875330893984782e-06,4.6200433268808273e-05,4.2452040244493616e-05
50,Aggregated,Ponderosa Pine,0.00026147775968608555,0.00020308054710465456,0.00010683772575018301,-0.0005724494692052676
50,Aggregated,Spruce/Fir,0.0001015529659991211,-6.086008463877107e-05,6.063285181116124e-05,-8.792606211913366e-05
50,Centralized,Aspen,0.0011702255187881299,-0.0003702648808758165,-3.852478364006299e-05,-0.0007614358542722502
50,Centralized,Cottonwood/Willow,0.0,0.0,0.0,0.0
50,Centralized,Douglas-fir,-0.0007901987379854517,-0.0007444866046104984,-0.0006356959387600059,0.0019067927869783803
50,Centralized,Krummholz,-2.1722813342154684e-05,5.801177750706469e-05,-5.7848563639532426e-05,2.155959947462242e-05
50,Centralized,Lodgepole Pine,-5.4684663275868704e-05,-2.827724855399468e-06,4.617554943244414e-05,4.254421157003548e-05
50,Centralized,Ponderosa Pine,0.00026138149550799145,0.00021016324906830697,0.00012096091928602097,-0.0005925056638623194
50,Centralized,Spruce/Fir,0.00010128415412006635,-6.07508967948589e-05,6.0627547846026086e-05,-8.805269483917282e-05
