Round,Evaluator,Classes,3,1,4,2,0
0,0,Backdoor,,,,,
0,0,DDoS_HTTP,,,,,
0,0,DDoS_ICMP,,,,,
0,0,DDoS_TCP,,,,,
0,0,DDoS_UDP,,,,,
0,0,Fingerprinting,,,,,
0,0,MITM,,,,,
0,0,Normal,,,,,
0,0,Password,,,,,
0,0,Port_Scanning,,,,,
0,0,Ransomware,,,,,
0,0,SQL_injection,,,,,
0,0,Uploading,,,,,
0,0,Vulnerability_scanner,,,,,
0,0,XSS,,,,,
0,1,Backdoor,,,,,
0,1,DDoS_HTTP,,,,,
0,1,DDoS_ICMP,,,,,
0,1,DDoS_TCP,,,,,
0,1,DDoS_UDP,,,,,
0,1,Fingerprinting,,,,,
0,1,MITM,,,,,
0,1,Normal,,,,,
0,1,Password,,,,,
0,1,Port_Scanning,,,,,
0,1,Ransomware,,,,,
0,1,SQL_injection,,,,,
0,1,Uploading,,,,,
0,1,Vulnerability_scanner,,,,,
0,1,XSS,,,,,
0,2,Backdoor,,,,,
0,2,DDoS_HTTP,,,,,
0,2,DDoS_ICMP,,,,,
0,2,DDoS_TCP,,,,,
0,2,DDoS_UDP,,,,,
0,2,Fingerprinting,,,,,
0,2,MITM,,,,,
0,2,Normal,,,,,
0,2,Password,,,,,
0,2,Port_Scanning,,,,,
0,2,Ransomware,,,,,
0,2,SQL_injection,,,,,
0,2,Uploading,,,,,
0,2,Vulnerability_scanner,,,,,
0,2,XSS,,,,,
0,3,Backdoor,,,,,
0,3,DDoS_HTTP,,,,,
0,3,DDoS_ICMP,,,,,
0,3,DDoS_TCP,,,,,
0,3,DDoS_UDP,,,,,
0,3,Fingerprinting,,,,,
0,3,MITM,,,,,
0,3,Normal,,,,,
0,3,Password,,,,,
0,3,Port_Scanning,,,,,
0,3,Ransomware,,,,,
0,3,SQL_injection,,,,,
0,3,Uploading,,,,,
0,3,Vulnerability_scanner,,,,,
0,3,XSS,,,,,
0,4,Backdoor,,,,,
0,4,DDoS_HTTP,,,,,
0,4,DDoS_ICMP,,,,,
0,4,DDoS_TCP,,,,,
0,4,DDoS_UDP,,,,,
0,4,Fingerprinting,,,,,
0,4,MITM,,,,,
0,4,Normal,,,,,
0,4,Password,,,,,
0,4,Port_Scanning,,,,,
0,4,Ransomware,,,,,
0,4,SQL_injection,,,,,
0,4,Uploading,,,,,
0,4,Vulnerability_scanner,,,,,
0,4,XSS,,,,,
0,Aggregated,Backdoor,,,,,
0,Aggregated,DDoS_HTTP,,,,,
0,Aggregated,DDoS_ICMP,,,,,
0,Aggregated,DDoS_TCP,,,,,
0,Aggregated,DDoS_UDP,,,,,
0,Aggregated,Fingerprinting,,,,,
0,Aggregated,MITM,,,,,
0,Aggregated,Normal,,,,,
0,Aggregated,Password,,,,,
0,Aggregated,Port_Scanning,,,,,
0,Aggregated,Ransomware,,,,,
0,Aggregated,SQL_injection,,,,,
0,Aggregated,Uploading,,,,,
0,Aggregated,Vulnerability_scanner,,,,,
0,Aggregated,XSS,,,,,
0,Centralized,Backdoor,,,,,
0,Centralized,DDoS_HTTP,,,,,
0,Centralized,DDoS_ICMP,,,,,
0,Centralized,DDoS_TCP,,,,,
0,Centralized,DDoS_UDP,,,,,
0,Centralized,Fingerprinting,,,,,
0,Centralized,MITM,,,,,
0,Centralized,Normal,,,,,
0,Centralized,Password,,,,,
0,Centralized,Port_Scanning,,,,,
0,Centralized,Ransomware,,,,,
0,Centralized,SQL_injection,,,,,
0,Centralized,Uploading,,,,,
0,Centralized,Vulnerability_scanner,,,,,
0,Centralized,XSS,,,,,
1,0,Backdoor,-0.015398550724637678,-0.015398550724637678,-0.015398550724637678,0.061594202898550714,-0.015398550724637678
1,0,DDoS_HTTP,-0.028873603035326923,-0.028545195407494946,-0.03540345378159558,0.03703286958496035,0.0557893826394571
1,0,DDoS_ICMP,0.19948618099325255,0.1993045536739772,0.19882069801840857,0.19900579364324278,0.19889041068818983
1,0,DDoS_TCP,0.14130741110907388,0.14397066999173946,0.1476476342948753,0.15084026213272614,0.14907879262481624
1,0,DDoS_UDP,0.20004688197861095,0.19977315869103335,0.19907084428314187,0.1993418162911581,0.19918331942789036
1,0,Fingerprinting,0.0,0.0,0.0,0.0,0.0
1,0,MITM,0.0,0.0,0.0,0.0,0.0
1,0,Normal,0.041838571982488436,0.041721829133408585,0.04167212944526366,0.04304764975270462,0.04280078018621971
1,0,Password,0.011101220086924648,6.5455307116300125e-06,0.011101220086924648,0.011068492433366496,0.011101220086924646
1,0,Port_Scanning,0.0,0.0,0.0,0.0,0.0
1,0,Ransomware,0.0,0.0,0.0,0.0,0.0
1,0,SQL_injection,-0.00958669601369528,-0.00958669601369528,-0.00958669601369528,-0.00958669601369528,-0.00958669601369528
1,0,Uploading,-0.0365168264929178,0.0011329781642802318,0.013460176474750809,0.013513981030782836,0.01258505616757157
1,0,Vulnerability_scanner,0.15737087191895296,0.15640642967851606,0.15737087191895296,0.15737087191895296,0.15737087191895296
1,0,XSS,0.004155928709003609,0.010182748736311928,0.010182748736311928,-0.0036160920163849923,0.010182748736311928
1,1,Backdoor,-0.01550094517958412,-0.01550094517958412,-0.01550094517958412,0.06200378071833648,-0.01550094517958412
1,1,DDoS_HTTP,-0.024809637599820245,-0.02627480412564176,-0.03590021061275924,0.0348913167005072,0.05209333563771403
1,1,DDoS_ICMP,0.19906093895918156,0.1995559138146191,0.19911085042536586,0.19923699861656602,0.19853889530656976
1,1,DDoS_TCP,0.14094622903340645,0.1424606861532855,0.14578134415049276,0.14867315854963953,0.14679522043887847
1,1,DDoS_UDP,0.19924862521517847,0.20020680725904227,0.19955755339764786,0.19953551382273693,0.19854733767228686
1,1,Fingerprinting,0.0,0.0,0.0,0.0,0.0
1,1,MITM,0.0,0.0,0.0,0.0,0.0
1,1,Normal,0.042320435339160745,0.0422842263575328,0.04215017250644455,0.043442409317998185,0.043223698663048135
1,1,Password,0.012842492080293132,0.0018182653780223583,0.012809909026087947,0.012784186568046809,0.012842492080293122
1,1,Port_Scanning,0.0,0.0,0.0,0.0,0.0
1,1,Ransomware,0.0,0.0,0.0,0.0,0.0
1,1,SQL_injection,-0.010342694544104912,-0.010342694544104912,-0.010342694544104912,-0.010342694544104912,-0.010342694544104912
1,1,Uploading,-0.032345578908681116,-0.00010345966535550791,0.011612331375966766,0.011218137740344896,0.009618569457724952
1,1,Vulnerability_scanner,0.15686404614168034,0.15613483706455691,0.1569774695160446,0.15709089289040884,0.15680733445449835
1,1,XSS,0.009730310099607033,0.021555120739395237,0.017325680272108842,-0.007241427048860601,0.019854805733667855
1,2,Backdoor,-0.014147286821705426,-0.014147286821705426,-0.014147286821705426,0.056589147286821705,-0.014147286821705426
1,2,DDoS_HTTP,-0.02654334192309425,-0.02619965952044246,-0.03670970051828834,0.036927823816619555,0.0525248781452055
1,2,DDoS_ICMP,0.199160758980821,0.19974588733780896,0.1995402461250972,0.19952024755587358,0.1991055913672089
1,2,DDoS_TCP,0.14265288639582893,0.14151153465683344,0.1451905317400648,0.14878107579225405,0.1473281623964516
1,2,DDoS_UDP,0.19941681332891686,0.200246044052658,0.1997892889219797,0.19992405160859897,0.1993351422940319
1,2,Fingerprinting,0.0,0.0,0.0,0.0,0.0
1,2,MITM,0.0,0.0,0.0,0.0,0.0
1,2,Normal,0.041660901208766574,0.04149014957159958,0.04143210863907349,0.04279762795401018,0.04246873028840077
1,2,Password,0.011886916962018679,1.7480760238262895e-05,0.011886916962018679,0.011799513160827365,0.011886916962018679
1,2,Port_Scanning,0.0,0.0,0.0,0.0,0.0
1,2,Ransomware,0.0,0.0,0.0,0.0,0.0
1,2,SQL_injection,-0.010463078848560702,-0.010463078848560702,-0.010463078848560702,-0.010463078848560702,-0.010463078848560702
1,2,Uploading,-0.024345671685063987,4.348670492471399e-05,0.011832624501325417,0.01573643916609273,0.013330631686165119
1,2,Vulnerability_scanner,0.1565010763719555,0.15511029919293737,0.1565010763719555,0.15639205828337482,0.1565010763719555
1,2,XSS,0.013066680490496493,0.0287867651712378,0.020609464688843837,-0.009595842172026164,0.027941012629528836
1,3,Backdoor,-0.013257575757575756,-0.013257575757575756,-0.013257575757575756,0.053030303030303025,-0.013257575757575756
1,3,DDoS_HTTP,-0.026769813413501313,-0.029753094454647674,-0.03876243333970057,0.03801442616443166,0.0572709150434179
1,3,DDoS_ICMP,0.19904007024413475,0.1993100195404547,0.19934969508385797,0.19891467493244944,0.19866749930941557
1,3,DDoS_TCP,0.14467700052760885,0.14139820161807126,0.14579223492707052,0.15146079485485575,0.14799549022180367
1,3,DDoS_UDP,0.19935886236233505,0.1997277925702506,0.1996988006727072,0.19916520918226197,0.19881936105223838
1,3,Fingerprinting,0.0,0.0,0.0,0.0,0.0
1,3,MITM,0.0,0.0,0.0,0.0,0.0
1,3,Normal,0.04247022612791746,0.04229393155084572,0.04222622555071491,0.043573812176654396,0.04326211704044655
1,3,Password,0.006760802718886552,4.045962129794502e-06,0.006760802718886552,0.006740572908237579,0.006760802718886552
1,3,Port_Scanning,0.0,0.0,0.0,0.0,0.0
1,3,Ransomware,0.0,0.0,0.0,0.0,0.0
1,3,SQL_injection,-0.010237296558578706,-0.010237296558578706,-0.010237296558578706,-0.010237296558578706,-0.010237296558578706
1,3,Uploading,-0.01704190627487021,-0.0057511011080716165,0.008005137197785245,0.010506280849786376,0.008448256002036877
1,3,Vulnerability_scanner,0.15514862432709456,0.1543342776203966,0.15514862432709456,0.15514862432709456,0.15514862432709456
1,3,XSS,0.0020833333333333324,0.007291666666666669,0.0072916666666666685,-0.003125,0.007291666666666667
1,4,Backdoor,-0.01580817051509769,-0.01580817051509769,-0.01580817051509769,0.06323268206039076,-0.01580817051509769
1,4,DDoS_HTTP,-0.027410382867468296,-0.030401567181174302,-0.03755798434348306,0.037185263007567845,0.058184671384557816
1,4,DDoS_ICMP,0.19907125405222068,0.19969274495161932,0.19892880160303913,0.19918707035233169,0.19907154604483762
1,4,DDoS_TCP,0.13810244085006237,0.13858618588240412,0.14378286888411704,0.14907798507346767,0.1466931807580897
1,4,DDoS_UDP,0.1992002292772779,0.19956841835791875,0.19913621772028417,0.1990594358365131,0.198848903316863
1,4,Fingerprinting,0.0,0.0,0.0,0.0,0.0
1,4,MITM,-0.04426229508196721,-0.04426229508196721,0.17704918032786884,-0.04426229508196721,-0.04426229508196721
1,4,Normal,0.04192470156900436,0.04174219286668076,0.041874348213500286,0.043330601774741725,0.042943449226994695
1,4,Password,0.010875597126336312,0.0011903016034076383,0.010842347688353975,0.010859013598422916,0.010875597126336312
1,4,Port_Scanning,0.0,0.0,0.0,0.0,0.0
1,4,Ransomware,0.0,0.0,0.0,0.0,0.0
1,4,SQL_injection,-0.010182003309151077,-0.010182003309151077,-0.010182003309151077,-0.010182003309151077,-0.010182003309151077
1,4,Uploading,-0.04140140545663192,0.0007391588396315063,0.0168571728380475,0.022890566107123932,0.021618441419240964
1,4,Vulnerability_scanner,0.15670218503506955,0.15542345151526993,0.1568137330340827,0.1567093178068171,0.15664641103556323
1,4,XSS,0.010466123734717248,0.01882035592455327,0.013003516897110417,-0.008991223042217158,0.01798327776788749
1,Aggregated,Backdoor,-0.01484375,-0.01484375,-0.01484375,0.059375,-0.01484375
1,Aggregated,DDoS_HTTP,-0.02688374985309248,-0.02823946525261166,-0.0368763479285921,0.036808919065765916,0.05519064396853033
1,Aggregated,DDoS_ICMP,0.19916395302741285,0.1995216549260583,0.19914976499260567,0.1991727744207797,0.19885478994765052
1,Aggregated,DDoS_TCP,0.14153285174580651,0.1415753392396498,0.1456307714162297,0.14976404850421404,0.14757307175830953
1,Aggregated,DDoS_UDP,0.1994539862000408,0.19990460535258095,0.19945071888723306,0.19940528436781196,0.19894669551491403
1,Aggregated,Fingerprinting,0.0,0.0,0.0,0.0,0.0
1,Aggregated,MITM,-0.04426229508196721,-0.04426229508196721,0.17704918032786884,-0.04426229508196721,-0.04426229508196721
1,Aggregated,Normal,0.04204253177662261,0.04190601911889699,0.04187050146117192,0.043237904422038634,0.04293926471120342
1,Aggregated,Password,0.010704849121352777,0.0006090349030529206,0.010693037733219186,0.010663154848889269,0.010704849121352786
1,Aggregated,Port_Scanning,0.0,0.0,0.0,0.0,0.0
1,Aggregated,Ransomware,0.0,0.0,0.0,0.0,0.0
1,Aggregated,SQL_injection,-0.010160121523022139,-0.010160121523022139,-0.010160121523022139,-0.010160121523022139,-0.010160121523022139
1,Aggregated,Uploading,-0.030445096324026012,-0.0007644911354465716,0.012381262549418537,0.014822488978415734,0.013164870069856487
1,Aggregated,Vulnerability_scanner,0.15652374885224893,0.15548822091189177,0.1565691578048882,0.1565488945239281,0.1565010443759293
1,Aggregated,XSS,0.007942737610187784,0.017425078261237573,0.013725069395926373,-0.0065522902085286645,0.016740719109554783
1,Centralized,Backdoor,-0.01484375,-0.01484375,-0.01484375,0.059375,-0.01484375
1,Centralized,DDoS_HTTP,-0.02688374985309248,-0.02823946525261166,-0.0368763479285921,0.036808919065765916,0.05519064396853033
1,Centralized,DDoS_ICMP,0.19916395302741285,0.1995216549260583,0.19914976499260567,0.1991727744207797,0.19885478994765052
1,Centralized,DDoS_TCP,0.14153285174580651,0.1415753392396498,0.1456307714162297,0.14976404850421404,0.14757307175830953
1,Centralized,DDoS_UDP,0.1994539862000408,0.19990460535258095,0.19945071888723306,0.19940528436781196,0.19894669551491403
1,Centralized,Fingerprinting,0.0,0.0,0.0,0.0,0.0
1,Centralized,MITM,-0.04426229508196721,-0.04426229508196721,0.17704918032786884,-0.04426229508196721,-0.04426229508196721
1,Centralized,Normal,0.04204253177662261,0.04190601911889699,0.04187050146117192,0.043237904422038634,0.04293926471120342
1,Centralized,Password,0.010704849121352777,0.0006090349030529206,0.010693037733219186,0.010663154848889269,0.010704849121352786
1,Centralized,Port_Scanning,0.0,0.0,0.0,0.0,0.0
1,Centralized,Ransomware,0.0,0.0,0.0,0.0,0.0
1,Centralized,SQL_injection,-0.010160121523022139,-0.010160121523022139,-0.010160121523022139,-0.010160121523022139,-0.010160121523022139
1,Centralized,Uploading,-0.030445096324026012,-0.0007644911354465716,0.012381262549418537,0.014822488978415734,0.013164870069856487
1,Centralized,Vulnerability_scanner,0.15652374885224893,0.15548822091189177,0.1565691578048882,0.1565488945239281,0.1565010443759293
1,Centralized,XSS,0.007942737610187784,0.017425078261237573,0.013725069395926373,-0.0065522902085286645,0.016740719109554783
2,0,Backdoor,-0.03088605066550847,0.026435350025129253,0.05636529958717958,0.24906156820854145,0.16330954713037246
2,0,DDoS_HTTP,0.06521975278132075,0.11788561226953166,0.09271435229259288,0.03502053770134884,0.09806099669373161
2,0,DDoS_ICMP,0.0006235748457138257,-0.00014144170009878037,6.398192002139794e-05,-6.78972223101204e-05,0.0001930617500769727
2,0,DDoS_TCP,0.006365875516051119,0.005801970181191087,0.007099977817153138,0.005733747213925849,0.005012710554653371
2,0,DDoS_UDP,0.0008993136887280873,-0.00020499958124197323,9.091610086390627e-05,-9.583881557953533e-05,0.00028116425033517894
2,0,Fingerprinting,0.0,0.0,0.0,0.0,0.0
2,0,MITM,0.0,0.0,0.0,0.0,0.0
2,0,Normal,0.0022088844414667576,0.0014176780972215345,0.0013331447148286046,0.0010908957669491719,0.00173824225932289
2,0,Password,0.0002414347286142157,0.0002414347286142157,0.0002414347286142157,-0.0007243041858426471,0.0
2,0,Port_Scanning,0.0,0.0,0.0,0.0,0.0
2,0,Ransomware,0.02943722943722944,-0.00735930735930736,-0.00735930735930736,-0.00735930735930736,-0.00735930735930736
2,0,SQL_injection,0.0,0.0,0.0,0.0,0.0
2,0,Uploading,0.02211588898433278,0.019014554003634068,0.022485845082301805,0.018996924648238857,0.022160838279437312
2,0,Vulnerability_scanner,3.669226277280835e-05,3.669226277280835e-05,3.669226277280835e-05,-0.00011007678831842505,0.0
2,0,XSS,0.0,0.0,0.0,0.0,0.0
2,1,Backdoor,-0.031538588163975805,0.025856064221119197,0.042424654046782265,0.22775272885747205,0.1541967298236493
2,1,DDoS_HTTP,0.06615352652253627,0.10808469516456894,0.08589373785981169,0.024079892082136338,0.09042791782339625
2,1,DDoS_ICMP,0.0006283941172662307,0.00042420263060849635,0.0002008888625984954,0.00012277283349853378,-2.8753452013963176e-05
2,1,DDoS_TCP,0.008130078272045333,0.00495324275776962,0.008321703262798647,0.0041981397328681525,0.003382581754775504
2,1,DDoS_UDP,0.0009036503184022456,0.0006071107938915669,0.00028284495819821026,0.00017838961674879195,-3.5262915468394405e-05
2,1,Fingerprinting,0.0,0.0,0.0,0.0,0.0
2,1,MITM,0.0,0.0,0.0,0.0,0.0
2,1,Normal,0.002041902494528791,0.0013147633803751908,0.0009529733071143298,0.0008055983490256787,0.0016418166933095852
2,1,Password,0.00022724789686441593,0.00022724789686441593,0.00022724789686441593,-0.0006817436905932478,0.0
2,1,Port_Scanning,0.0,0.0,0.0,0.0,0.0
2,1,Ransomware,0.02895927601809955,-0.007239819004524887,-0.007239819004524887,-0.007239819004524887,-0.007239819004524887
2,1,SQL_injection,0.0,0.0,0.0,0.0,0.0
2,1,Uploading,0.026270096582626603,0.014014453587064902,0.02592604327247158,0.014590899213786751,0.02405287627608902
2,1,Vulnerability_scanner,5.946304741859717e-05,5.946304741859717e-05,5.946304741859717e-05,0.00036604305469231657,0.00013610804923702702
2,1,XSS,0.0,0.0,0.0,0.0,0.0
2,2,Backdoor,-0.021354450264023536,0.02893852577352095,0.033943615929880884,0.2079958295931902,0.16015990541063457
2,2,DDoS_HTTP,0.06377324589782488,0.10245991465182801,0.08199858946692211,0.027336128928185387,0.08513593337195509
2,2,DDoS_ICMP,0.00041181948255915036,-9.25611420629154e-05,-0.0002791784554897,0.00031751474717023516,0.00031742174876170555
2,2,DDoS_TCP,0.006443901407408085,0.0032534379137782216,0.009115076551617947,0.0032809090236423496,0.0029388441485936373
2,2,DDoS_UDP,0.0005269937753969222,1.5278739081003855e-05,-0.00020067848257499337,0.0003393320769433809,0.0002856724933417487
2,2,Fingerprinting,0.0,0.0,0.0,0.0,0.0
2,2,MITM,0.0,0.0,0.0,0.0,0.0
2,2,Normal,0.0020319645915704123,0.0012608593522936437,0.0009857796343585876,0.0008111111124290064,0.001589682497058507
2,2,Password,0.0,0.0,0.0,0.0,0.0
2,2,Port_Scanning,0.0,0.0,0.0,0.0,0.0
2,2,Ransomware,0.02608695652173913,-0.006521739130434782,-0.006521739130434782,-0.006521739130434782,-0.006521739130434782
2,2,SQL_injection,0.0,0.0,0.0,0.0,0.0
2,2,Uploading,0.025447072938128222,0.0044430776138438864,0.022288368376870087,0.008138269051915996,0.02131752875778216
2,2,Vulnerability_scanner,0.0001162210694333569,4.3582901037508837e-05,0.0001162210694333569,-0.0002469697725458834,-2.9055267358339226e-05
2,2,XSS,0.0,0.0,0.0,0.0,0.0
2,3,Backdoor,-0.02051768707672034,0.02431937046564837,0.04003796095232352,0.20412105594045815,0.1527954433855869
2,3,DDoS_HTTP,0.06975680772623405,0.10719486353059451,0.10036378613258336,0.03345808066290649,0.08809492022208062
2,3,DDoS_ICMP,0.0008862385748216906,0.00034506767008663696,0.00038291443094467896,-0.00031089712885772703,4.165685247434029e-05
2,3,DDoS_TCP,0.005842804394679649,0.0038037812704772873,0.0069876693002231555,0.004210243870536998,0.004267422579029134
2,3,DDoS_UDP,0.0012755129380514374,0.0004946151505429226,0.0005474209156753044,-0.00044576727019339236,6.786984548527997e-05
2,3,Fingerprinting,0.0,0.0,0.0,0.0,0.0
2,3,MITM,0.0,0.0,0.0,0.0,0.0
2,3,Normal,0.001968170559311544,0.0012557701338763827,0.0009834236020044129,0.0007360407199372254,0.0016658337453610117
2,3,Password,0.0,0.0,0.0,0.0,0.0
2,3,Port_Scanning,0.0,0.0,0.0,0.0,0.0
2,3,Ransomware,0.013973799126637553,-0.0034934497816593883,-0.0034934497816593883,-0.0034934497816593883,-0.0034934497816593883
2,3,SQL_injection,0.0,0.0,0.0,0.0,0.0
2,3,Uploading,0.025871383655764624,0.013837551253387445,0.0248465890753728,0.015990275579064597,0.024236950112156368
2,3,Vulnerability_scanner,5.884045367719655e-05,2.206517012894871e-05,5.884045367719655e-05,-0.00012503596406404267,-1.4710113419299138e-05
2,3,XSS,0.0,0.0,0.0,0.0,0.0
2,4,Backdoor,-0.0336347639342871,0.026462656106866527,0.05859174214516548,0.24051287358264856,0.14513042916254357
2,4,DDoS_HTTP,0.06803011321783295,0.12206495897373283,0.08990074579823332,0.027309759651411185,0.10057065301983027
2,4,DDoS_ICMP,0.0007350385010924387,-0.00040039042137715586,-0.0007914097276570201,0.0003042482000056486,0.0003782945549736146
2,4,DDoS_TCP,0.008320019937825742,0.006306057580218771,0.009017315271215073,0.0057549257486823845,0.005185193179812777
2,4,DDoS_UDP,0.0007273443375602466,0.0006423470500368862,0.0005850856692672083,-0.00045427132776641456,-0.00021039514300773924
2,4,Fingerprinting,0.0,0.0,0.0,0.0,0.0
2,4,MITM,-0.04516129032258064,-0.04516129032258064,0.18064516129032257,-0.04516129032258064,-0.04516129032258064
2,4,Normal,0.002232707273263601,0.0016858617511055348,0.0013651252752818607,0.0009752001183143622,0.0019365384027265472
2,4,Password,1.33063657653823e-05,1.33063657653823e-05,1.33063657653823e-05,1.33063657653823e-05,1.33063657653823e-05
2,4,Port_Scanning,0.0,0.0,0.0,0.0,0.0
2,4,Ransomware,0.041666666666666664,-0.010416666666666666,-0.010416666666666666,-0.010416666666666666,-0.010416666666666666
2,4,SQL_injection,0.0,0.0,0.0,0.0,0.0
2,4,Uploading,0.03406355025601206,0.017936210605557893,0.03074458106855978,0.0199801093138627,0.03158106680443682
2,4,Vulnerability_scanner,0.00022749316824996295,0.00019147948769827246,0.00019147948769827246,-6.061627616356091e-05,0.00011945212659489149
2,4,XSS,0.0019884877027734173,0.0019884877027734173,0.0019884877027734173,0.0019884877027734173,0.0019884877027734173
2,Aggregated,Backdoor,-0.02768363273475743,0.026395250661986655,0.046567369190352065,0.22628871843495812,0.15506968925170508
2,Aggregated,DDoS_HTTP,0.06661895647637076,0.11167995841364493,0.09023247960058041,0.02943273332510483,0.09258526017177386
2,Aggregated,DDoS_ICMP,0.0006572034350619852,2.679498336308576e-05,-8.459052355027826e-05,7.313974202988553e-05,0.0001805166680946398
2,Aggregated,DDoS_TCP,0.007026107991296782,0.004822776420004885,0.008113469125998448,0.004636362487012844,0.0041622010464363885
2,Aggregated,DDoS_UDP,0.0008663186202051384,0.0003110511433219313,0.0002611563097504747,-9.557424822354369e-05,7.750101894605233e-05
2,Aggregated,Fingerprinting,0.0,0.0,0.0,0.0,0.0
2,Aggregated,MITM,-0.041791044776119404,-0.041791044776119404,0.16716417910447762,-0.041791044776119404,-0.041791044776119404
2,Aggregated,Normal,0.002096653576359092,0.0013868475585876523,0.001123894251223545,0.0008836875549002569,0.0017143111578254322
2,Aggregated,Password,9.745177066669887e-05,9.745177066669887e-05,9.745177066669887e-05,-0.00028204329399644687,2.5780045009124454e-06
2,Aggregated,Port_Scanning,0.0,0.0,0.0,0.0,0.0
2,Aggregated,Ransomware,0.02814943527367507,-0.007037358818418767,-0.007037358818418767,-0.007037358818418767,-0.007037358818418767
2,Aggregated,SQL_injection,0.0,0.0,0.0,0.0,0.0
2,Aggregated,Uploading,0.026796560637210257,0.013902243169185195,0.02529302308475779,0.015586461970811179,0.024721801370216522
2,Aggregated,Vulnerability_scanner,0.00010037785019086735,7.119345528705709e-05,9.307930256177896e-05,-3.501387740977302e-05,4.281698520557746e-05
2,Aggregated,XSS,0.000400147422734691,0.000400147422734691,0.000400147422734691,0.000400147422734691,0.000400147422734691
2,Centralized,Backdoor,-0.02768363273475743,0.026395250661986655,0.046567369190352065,0.22628871843495812,0.15506968925170508
2,Centralized,DDoS_HTTP,0.06661895647637076,0.11167995841364493,0.09023247960058041,0.02943273332510483,0.09258526017177386
2,Centralized,DDoS_ICMP,0.0006572034350619852,2.679498336308576e-05,-8.459052355027826e-05,7.313974202988553e-05,0.0001805166680946398
2,Centralized,DDoS_TCP,0.007026107991296782,0.004822776420004885,0.008113469125998448,0.004636362487012844,0.0041622010464363885
2,Centralized,DDoS_UDP,0.0008663186202051384,0.0003110511433219313,0.0002611563097504747,-9.557424822354369e-05,7.750101894605233e-05
2,Centralized,Fingerprinting,0.0,0.0,0.0,0.0,0.0
2,Centralized,MITM,-0.041791044776119404,-0.041791044776119404,0.16716417910447762,-0.041791044776119404,-0.041791044776119404
2,Centralized,Normal,0.002096653576359092,0.0013868475585876523,0.001123894251223545,0.0008836875549002569,0.0017143111578254322
2,Centralized,Password,9.745177066669887e-05,9.745177066669887e-05,9.745177066669887e-05,-0.00028204329399644687,2.5780045009124454e-06
2,Centralized,Port_Scanning,0.0,0.0,0.0,0.0,0.0
2,Centralized,Ransomware,0.02814943527367507,-0.007037358818418767,-0.007037358818418767,-0.007037358818418767,-0.007037358818418767
2,Centralized,SQL_injection,0.0,0.0,0.0,0.0,0.0
2,Centralized,Uploading,0.026796560637210257,0.013902243169185195,0.02529302308475779,0.015586461970811179,0.024721801370216522
2,Centralized,Vulnerability_scanner,0.00010037785019086735,7.119345528705709e-05,9.307930256177896e-05,-3.501387740977302e-05,4.281698520557746e-05
2,Centralized,XSS,0.000400147422734691,0.000400147422734691,0.000400147422734691,0.000400147422734691,0.000400147422734691
3,0,Backdoor,0.02866544888053477,-0.08757804535121023,0.04035564692226187,0.06103360315428798,0.0060581449289240285
3,0,DDoS_HTTP,-0.001769501118622982,-0.08708914915046857,0.0011579981060551034,0.013015328909798899,0.016553302283942806
3,0,DDoS_ICMP,0.0006375175598533992,-0.00018237515385413627,0.000545280929646406,0.0004145781267217615,-0.0005185524935391964
3,0,DDoS_TCP,0.0002815252698571154,9.696762258029809e-05,0.00021388563908562587,0.00111581266414826,0.0002562084007679377
3,0,DDoS_UDP,0.0009209251850986459,-0.00026457833759546874,0.0007859540920770532,0.0005975997706907636,-0.0007487457973673358
3,0,Fingerprinting,0.0,0.0,0.0,0.0,0.0
3,0,MITM,0.0,0.0,0.0,0.0,0.0
3,0,Normal,0.00046050278442656044,-0.0008460039507367345,0.000517228155495401,0.0008155092356697239,-8.300698738707794e-05
3,0,Password,-0.0007243041858426471,0.0002414347286142157,0.0002414347286142157,0.0,0.0002414347286142157
3,0,Port_Scanning,0.0,0.0,0.0,0.0,0.0
3,0,Ransomware,0.0,0.0,0.0,0.0,0.0
3,0,SQL_injection,0.0,0.0,0.0,0.0,0.0
3,0,Uploading,-0.0018055717351594253,-0.001823201090554639,0.0014413630058490682,0.002764859570635617,0.0028762346820107284
3,0,Vulnerability_scanner,-0.0001760245235868041,-2.9378394648915675e-05,8.069839366950938e-05,4.400613089670102e-05,8.069839366950938e-05
3,0,XSS,-0.0015382124352331607,-0.0015382124352331607,0.0010254749568221072,0.0010254749568221072,0.0010254749568221072
3,1,Backdoor,0.030444374519362483,-0.09371854163685958,0.048416371346368704,0.07349095816062902,0.025154587668427833
3,1,DDoS_HTTP,-0.004416752220410952,-0.06921067175624156,-0.010188717151331822,0.017588718441193398,0.012342370215473368
3,1,DDoS_ICMP,2.5863594397002033e-05,-0.000322859701471101,0.0004040891317001397,0.00044152525660518156,-0.00032435481618866
3,1,DDoS_TCP,-0.00026628570163884463,-0.0008187265911565877,0.001537864358080972,0.001713184804450818,0.0011268498301158132
3,1,DDoS_UDP,-8.210317577921159e-05,-0.00043884912558119957,0.0006130574191242577,0.0006667168688029338,-0.00043613745082819825
3,1,Fingerprinting,0.0,0.0,0.0,0.0,0.0
3,1,MITM,0.0,0.0,0.0,0.0,0.0
3,1,Normal,0.0005051942931763938,-0.0010491091586177614,0.00065476973458094,0.0009944103854449438,0.0001808315374378903
3,1,Password,-0.0006817436905932478,0.00022724789686441593,0.00022724789686441593,0.0,0.00022724789686441593
3,1,Port_Scanning,0.0,0.0,0.0,0.0,0.0
3,1,Ransomware,0.0,0.0,0.0,0.0,0.0
3,1,SQL_injection,0.0,0.0,0.0,0.0,0.0
3,1,Uploading,-0.00225332514911386,-0.0031389928075726196,0.003685687089150182,0.004838380966422318,0.0041995676228469055
3,1,Vulnerability_scanner,0.00016413638700489287,-0.00025207365322213275,3.764088132936679e-06,8.040908995136653e-05,3.764088132936679e-06
3,1,XSS,-0.0014862408087739458,-0.003997475278771302,0.0018279053625150827,0.0018279053625150827,0.0018279053625150827
3,2,Backdoor,0.03460376561549118,-0.09341431086544418,0.05290450282456646,0.06988092989085798,0.017980482077947637
3,2,DDoS_HTTP,0.003519228070552734,-0.06659668694286956,-0.0066113796899471,0.01675408438135299,0.013490784383880428
3,2,DDoS_ICMP,0.0003238363562056608,-0.0005522322652565063,0.00038135611082386794,0.00015711057134252618,-0.0003100707731155487
3,2,DDoS_TCP,0.0009611681087581628,-0.00019876688955527966,0.0007104059768299661,0.002867763205464354,0.0007773364148307519
3,2,DDoS_UDP,7.152858934672916e-05,-0.0005499485635380219,0.0004197371126207439,0.00041921747430467284,-0.00036053461273412394
3,2,Fingerprinting,0.0,0.0,0.0,0.0,0.0
3,2,MITM,0.0,0.0,0.0,0.0,0.0
3,2,Normal,0.0005776106795539693,-0.0009755025544639788,0.0006414843819914769,0.0008934769455371842,0.00019253255373425187
3,2,Password,0.0,0.0,0.0,0.0,0.0
3,2,Port_Scanning,0.0,0.0,0.0,0.0,0.0
3,2,Ransomware,0.0,0.0,0.0,0.0,0.0
3,2,SQL_injection,0.0,0.0,0.0,0.0,0.0
3,2,Uploading,-0.0029271661761574226,-0.007280149314375023,0.005510309595639292,0.007892302832903073,0.007947875950005796
3,2,Vulnerability_scanner,-0.00021781728975544534,-0.00021781728975544534,0.00014521152650363023,0.00014521152650363023,0.00014521152650363023
3,2,XSS,-0.004916008976922684,-0.004916008976922684,0.003277339317948456,0.003277339317948456,0.003277339317948456
3,3,Backdoor,0.033166935442453534,-0.08851909258451958,0.052854871830817274,0.07286391277415599,0.015454410077849605
3,3,DDoS_HTTP,-0.00040890149109188887,-0.07168122459026945,-0.00393350723085844,0.021884466462527435,0.00966207991581729
3,3,DDoS_ICMP,0.0002472986001692564,-0.00043905930709490414,0.00047453459515025366,0.0004748549542837525,-0.0003092027729876897
3,3,DDoS_TCP,0.0015125582938775213,0.0009694504278749497,1.5126049077209455e-05,0.002236321297729077,-0.00014210819117717785
3,3,DDoS_UDP,0.00035237814084522755,-0.0005404703772589447,0.0006729710052406616,0.0006726936952287081,-0.0005119952090068843
3,3,Fingerprinting,0.0,0.0,0.0,0.0,0.0
3,3,MITM,0.0,0.0,0.0,0.0,0.0
3,3,Normal,0.0005262186817064899,-0.0008870616273909504,0.0006330426914231025,0.0009130186929639128,0.00017323208285636345
3,3,Password,0.0,0.0,0.0,0.0,0.0
3,3,Port_Scanning,0.0,0.0,0.0,0.0,0.0
3,3,Ransomware,0.0,0.0,0.0,0.0,0.0
3,3,SQL_injection,0.0,0.0,0.0,0.0,0.0
3,3,Uploading,-0.002241454744132095,-0.0040750541284517465,0.0020035045441699336,0.005668331256684637,0.005974326496758677
3,3,Vulnerability_scanner,0.0,0.0,0.0,0.0,0.0
3,3,XSS,0.0,0.0,0.0,0.0,0.0
3,4,Backdoor,0.02816458190241577,-0.08903297690601851,0.04191950326562175,0.0591124639911108,0.013945240282649107
3,4,DDoS_HTTP,-0.0044566314845839484,-0.07986037154581266,-0.00302860578038002,0.017850579057766974,0.01887070748891534
3,4,DDoS_ICMP,0.0010485655358644134,-0.000977795128584726,0.000641300151838788,0.000305602451560022,-0.0007936115626103062
3,4,DDoS_TCP,0.0007441185478937407,3.6362051541666275e-05,7.226680113661121e-05,0.0012165522989634784,0.0007277155403660047
3,4,DDoS_UDP,-0.0007289818273920926,-1.68607245173924e-05,0.00036690956835649566,0.0006613024541922012,4.031286041138264e-05
3,4,Fingerprinting,0.0,0.0,0.0,0.0,0.0
3,4,MITM,-0.04516129032258064,-0.04516129032258064,0.18064516129032257,-0.04516129032258064,-0.04516129032258064
3,4,Normal,0.0004527981770609646,-0.0011068052703090117,0.0007561053913311244,0.0007726449637039131,8.384307894876616e-05
3,4,Password,0.0,0.0,0.0,0.0,0.0
3,4,Port_Scanning,0.0,0.0,0.0,0.0,0.0
3,4,Ransomware,0.0,0.0,0.0,0.0,0.0
3,4,SQL_injection,0.0,0.0,0.0,0.0,0.0
3,4,Uploading,-0.00381005346826791,-0.005535645913833413,0.0022849971425276134,0.005098355915310483,0.005443460566157851
3,4,Vulnerability_scanner,-0.00017281808463031066,-0.0003166352887998899,0.0002952012864995986,7.911920318945573e-05,0.0001151328837411462
3,4,XSS,-0.003997475278771302,-0.003997475278771302,0.002664983519180868,0.002664983519180868,0.002664983519180868
3,Aggregated,Backdoor,0.030957069077326035,-0.09042450596268384,0.04715933776296632,0.06712374937072485,0.01559226026587268
3,Aggregated,DDoS_HTTP,-0.001581978384710662,-0.0749959286296926,-0.0044656275726617095,0.017394098524693327,0.01418531939272605
3,Aggregated,DDoS_ICMP,0.000457021914367356,-0.0004950588244218994,0.0004894135925523013,0.00035881835386955,-0.0004513575397219712
3,Aggregated,DDoS_TCP,0.0006473053204699357,1.6627069913031458e-05,0.0005092154920748992,0.0018333356024945477,0.000549326719290368
3,Aggregated,DDoS_UDP,0.00010617759118334476,-0.00036192583569028176,0.0005716163038633093,0.000603480789857889,-0.00040315387146502103
3,Aggregated,Fingerprinting,0.0,0.0,0.0,0.0,0.0
3,Aggregated,MITM,-0.04000000000000001,-0.04000000000000001,0.16000000000000003,-0.04000000000000001,-0.04000000000000001
3,Aggregated,Normal,0.0005045293159129642,-0.000972818514700576,0.0006404912985006229,0.0008778805124418532,0.00010956307441225924
3,Aggregated,Password,-0.0002846212984973593,9.487376616578644e-05,9.487376616578644e-05,0.0,9.487376616578644e-05
3,Aggregated,Port_Scanning,0.0,0.0,0.0,0.0,0.0
3,Aggregated,Ransomware,0.0,0.0,0.0,0.0,0.0
3,Aggregated,SQL_injection,0.0,0.0,0.0,0.0,0.0
3,Aggregated,Uploading,-0.0026118328323412455,-0.004367658099190032,0.0029681037489874273,0.005239497519843154,0.005273398252548639
3,Aggregated,Vulnerability_scanner,-8.071549600476291e-05,-0.0001641695638251339,0.00010569068036048365,6.999643725437154e-05,6.919794221504165e-05
3,Aggregated,XSS,-0.002413689358700975,-0.002921137631026563,0.0017782756632425127,0.0017782756632425127,0.0017782756632425127
3,Centralized,Backdoor,0.030957069077326035,-0.09042450596268384,0.04715933776296632,0.06712374937072485,0.01559226026587268
3,Centralized,DDoS_HTTP,-0.001581978384710662,-0.0749959286296926,-0.0044656275726617095,0.017394098524693327,0.01418531939272605
3,Centralized,DDoS_ICMP,0.000457021914367356,-0.0004950588244218994,0.0004894135925523013,0.00035881835386955,-0.0004513575397219712
3,Centralized,DDoS_TCP,0.0006473053204699357,1.6627069913031458e-05,0.0005092154920748992,0.0018333356024945477,0.000549326719290368
3,Centralized,DDoS_UDP,0.00010617759118334476,-0.00036192583569028176,0.0005716163038633093,0.000603480789857889,-0.00040315387146502103
3,Centralized,Fingerprinting,0.0,0.0,0.0,0.0,0.0
3,Centralized,MITM,-0.04000000000000001,-0.04000000000000001,0.16000000000000003,-0.04000000000000001,-0.04000000000000001
3,Centralized,Normal,0.0005045293159129642,-0.000972818514700576,0.0006404912985006229,0.0008778805124418532,0.00010956307441225924
3,Centralized,Password,-0.0002846212984973593,9.487376616578644e-05,9.487376616578644e-05,0.0,9.487376616578644e-05
3,Centralized,Port_Scanning,0.0,0.0,0.0,0.0,0.0
3,Centralized,Ransomware,0.0,0.0,0.0,0.0,0.0
3,Centralized,SQL_injection,0.0,0.0,0.0,0.0,0.0
3,Centralized,Uploading,-0.0026118328323412455,-0.004367658099190032,0.0029681037489874273,0.005239497519843154,0.005273398252548639
3,Centralized,Vulnerability_scanner,-8.071549600476291e-05,-0.0001641695638251339,0.00010569068036048365,6.999643725437154e-05,6.919794221504165e-05
3,Centralized,XSS,-0.002413689358700975,-0.002921137631026563,0.0017782756632425127,0.0017782756632425127,0.0017782756632425127
4,0,Backdoor,0.010244026518814557,0.020109984500032433,-0.01518524821543645,-0.023111457044166093,0.01781388721054017
4,0,DDoS_HTTP,0.0040397200405813466,-0.02066826565892599,0.023111533323158386,-0.0020616997743892725,0.0029278424536072507
4,0,DDoS_ICMP,0.00023130011572764138,-0.0005513252041800236,0.0004927051760702257,-0.0002921508654702402,-0.0003289552916682722
4,0,DDoS_TCP,0.004010243752114204,0.002105456340003627,-0.01242729394104178,0.0028918396626290087,0.0024020250432042144
4,0,DDoS_UDP,0.0003343457539394819,-0.0007990894932857835,0.0007108459442346523,-0.0004185851816032297,-0.00047267811246412366
4,0,Fingerprinting,0.0,0.0,0.0,0.0,0.0
4,0,MITM,0.0,0.0,0.0,0.0,0.0
4,0,Normal,0.00017878894768714182,0.00028760535974355165,-0.00023034417159917647,-0.0005425727460513637,0.00027607668025036633
4,0,Password,0.0,0.0,0.0,0.0,0.0
4,0,Port_Scanning,-0.019597137621948202,-0.005053112464715496,0.0638445253305601,-0.019597137621948202,-0.019597137621948202
4,0,Ransomware,0.0,0.0,0.0,0.0,0.0
4,0,SQL_injection,0.0,0.0,0.0,0.0,0.0
4,0,Uploading,0.0004566014505776023,-0.00010849379768726972,0.0030965891219097083,-0.0010319276483294955,-0.0058664535592518946
4,0,Vulnerability_scanner,-0.0002638894434241035,6.597236085602587e-05,6.597236085602587e-05,6.597236085602587e-05,6.597236085602587e-05
4,0,XSS,-0.0062176165803108805,0.0015544041450777201,0.0015544041450777201,0.0015544041450777201,0.0015544041450777201
4,1,Backdoor,0.011222657441245888,0.018565022605294208,-0.01935578667064446,-0.02272341109633606,0.021212830343263222
4,1,DDoS_HTTP,0.0009307445215266931,-0.02083928533514298,0.02475793912978668,-0.0021123810384215133,0.006212775849983757
4,1,DDoS_ICMP,0.00013489185584134774,-0.00048011115351342205,0.00022702709010191484,-5.359658139798551e-05,-5.247467607441732e-05
4,1,DDoS_TCP,0.004472063115311334,0.002128342538725044,-0.011448550019885206,0.0019902521227198157,0.0023582650016730046
4,1,DDoS_UDP,0.0002421265768436968,-0.0006482479722347611,0.0002966524196284829,-0.00018685456246952576,-2.6360997506474913e-05
4,1,Fingerprinting,0.0,0.0,0.0,0.0,0.0
4,1,MITM,0.0,0.0,0.0,0.0,0.0
4,1,Normal,0.00012462600461980258,0.0002871598392229872,-0.00030993978016742124,-0.0006067789725243503,0.00027539373919768795
4,1,Password,0.0,0.0,0.0,0.0,0.0
4,1,Port_Scanning,-0.01957098863757035,-0.003589253477753002,0.06230221939046406,-0.01957098863757035,-0.01957098863757035
4,1,Ransomware,0.0,0.0,0.0,0.0,0.0
4,1,SQL_injection,0.0,0.0,0.0,0.0,0.0
4,1,Uploading,0.001642227120231728,-0.0014261568385801364,0.0059545385358787725,-0.002641321167852622,-0.010860605371410675
4,1,Vulnerability_scanner,-0.00043780977696059595,0.00010945244424014899,0.00010945244424014899,0.00010945244424014899,0.00010945244424014899
4,1,XSS,-0.010150657121487338,0.0025376642803718345,0.0025376642803718345,0.0025376642803718345,0.0025376642803718345
4,2,Backdoor,0.00842516894258669,0.017955063018138803,-0.017352188263395716,-0.026778728695443555,0.02042083210092262
4,2,DDoS_HTTP,-0.0006082927865096926,-0.010827966748906263,0.02097539970951445,0.0003961245189639057,0.00731420955743885
4,2,DDoS_ICMP,-0.0001493554560085597,-0.00048527928906798393,0.00022378130937507253,0.00020496603092924522,0.00020588740477222589
4,2,DDoS_TCP,0.006216455701023218,0.0022548739512512866,-0.013859919776504696,0.0012096005785931193,0.0018628757371373706
4,2,DDoS_UDP,3.738061420631526e-05,-0.0004477409188444322,0.00011891758886862225,1.1684779952989924e-05,0.00027975793581650474
4,2,Fingerprinting,0.0,0.0,0.0,0.0,0.0
4,2,MITM,0.0,0.0,0.0,0.0,0.0
4,2,Normal,0.00012421121385136624,0.0002845717886873396,-0.00022811665609475304,-0.0005421780872002328,0.00025938818421035
4,2,Password,0.0,0.0,0.0,0.0,0.0
4,2,Port_Scanning,-0.01961866686228482,-0.004751687206572771,0.06360768779342724,-0.01961866686228482,-0.01961866686228482
4,2,Ransomware,0.0,0.0,0.0,0.0,0.0
4,2,SQL_injection,0.0,0.0,0.0,0.0,0.0
4,2,Uploading,0.0034086972411752387,-0.002191893879429162,0.00887580278953473,-0.004690832808920647,-0.016544946230375876
4,2,Vulnerability_scanner,-0.0006949994096482115,0.00017374985241205287,0.00017374985241205287,0.00017374985241205287,0.00017374985241205287
4,2,XSS,-0.01616161616161616,0.00404040404040404,0.00404040404040404,0.00404040404040404,0.00404040404040404
4,3,Backdoor,0.011254546230083663,0.015327483421612937,-0.018781362480023187,-0.027610454472790657,0.01847850773240777
4,3,DDoS_HTTP,0.0006584679173722084,-0.013212204911754509,0.0203532285025772,0.0014287693613155592,0.001677171442933669
4,3,DDoS_ICMP,0.00040388396677921155,-0.0004167802001633395,0.000515248040139014,-0.0004580195694721068,-0.0002685957023253416
4,3,DDoS_TCP,0.00583597964320772,0.0031484107228626048,-0.015624932044746583,0.0023698444357774444,0.003270004288997765
4,3,DDoS_UDP,0.0005705542933208777,-0.0005890914795029326,0.0007323297745159459,-0.0006652602301061942,-0.00037121689396627894
4,3,Fingerprinting,0.0,0.0,0.0,0.0,0.0
4,3,MITM,0.0,0.0,0.0,0.0,0.0
4,3,Normal,7.308556012001754e-05,0.00030424428100456387,-0.0001890870868218486,-0.0005463973040190066,0.0002362158424749646
4,3,Password,0.0,0.0,0.0,0.0,0.0
4,3,Port_Scanning,-0.016436523528861446,-0.003341285433623352,0.05265085602020769,-0.016436523528861446,-0.016436523528861446
4,3,Ransomware,0.0,0.0,0.0,0.0,0.0
4,3,SQL_injection,0.0,0.0,0.0,0.0,0.0
4,3,Uploading,0.0003224355480647235,-0.001215912424382922,0.00674024099002075,-0.0036734459620718194,-0.009502971576660132
4,3,Vulnerability_scanner,-0.0001764208935523648,4.41052233880912e-05,4.41052233880912e-05,4.41052233880912e-05,4.41052233880912e-05
4,3,XSS,-0.004166666666666667,0.0010416666666666667,0.0010416666666666667,0.0010416666666666667,0.0010416666666666667
4,4,Backdoor,0.00805920107796456,0.01200266148372156,-0.01610074388940625,-0.023332718238315897,0.012476579527068566
4,4,DDoS_HTTP,0.004486422642014163,-0.022269028904196027,0.028490245985596508,-0.0036868129632117524,0.00018509616815173962
4,4,DDoS_ICMP,-9.631944777854044e-05,-0.0009689279271254607,0.0007409319017033585,0.00021711239424769823,-0.00011685836911524694
4,4,DDoS_TCP,0.004611101633171982,0.003021460072121394,-0.012382246940084218,0.0018834751708613651,0.0015486870072759396
4,4,DDoS_UDP,0.0008423980794359594,-0.0002659753139101791,9.489467030659818e-05,-0.0006833835814189245,-0.0003106161854640484
4,4,Fingerprinting,0.0,0.0,0.0,0.0,0.0
4,4,MITM,-0.041403508771929824,-0.041403508771929824,0.21824561403508771,-0.06771929824561404,-0.06771929824561404
4,4,Normal,9.01505637580698e-05,0.0002164463307478548,-0.00014249185511761944,-0.0006250560591300932,0.00022656158013338126
4,4,Password,0.0,0.0,0.0,0.0,0.0
4,4,Port_Scanning,-0.01960441754539215,-0.003475385287327634,0.06228863792350408,-0.01960441754539215,-0.01960441754539215
4,4,Ransomware,0.0,0.0,0.0,0.0,0.0
4,4,SQL_injection,0.0,0.0,0.0,0.0,0.0
4,4,Uploading,0.0021470038912622985,-0.00220603260519887,0.005028338912617865,-0.00220901192016812,-0.01324327418342169
4,4,Vulnerability_scanner,-0.0005315793190366532,0.00025894271169008,0.00029495639224177045,7.887430893162757e-05,-0.00010119409382682483
4,4,XSS,-0.012244897959183673,0.003061224489795918,0.003061224489795918,0.003061224489795918,0.003061224489795918
4,Aggregated,Backdoor,0.009825221785504483,0.016779155116165203,-0.01732354311315997,-0.0246737129047132,0.01802644341881922
4,Aggregated,DDoS_HTTP,0.0019486719915564046,-0.01762583265398616,0.023581671998001527,-0.0012081283319192236,0.0036110607075966234
4,Aggregated,DDoS_ICMP,0.0001048678971959834,-0.000580747361977931,0.00044017248003336285,-7.629390920152468e-05,-0.00011230281322074931
4,Aggregated,DDoS_TCP,0.005033583220468021,0.0025327269659338163,-0.013151901590797115,0.002068203889834593,0.0022881851285083948
4,Aggregated,DDoS_UDP,0.0004054768009073617,-0.0005497000446792688,0.0003904008517031895,-0.00038862781406447946,-0.0001801092723894689
4,Aggregated,Fingerprinting,0.0,0.0,0.0,0.0,0.0
4,Aggregated,MITM,-0.039898132427843805,-0.039898132427843805,0.21222410865874364,-0.06621392190152801,-0.06621392190152801
4,Aggregated,Normal,0.00011817638978032785,0.0002760421196636831,-0.00022001913574954586,-0.0005725683350124374,0.0002547196725239046
4,Aggregated,Password,0.0,0.0,0.0,0.0,0.0
4,Aggregated,Port_Scanning,-0.01897338170240774,-0.004034072645451624,0.06095421775267484,-0.01897338170240774,-0.01897338170240774
4,Aggregated,Ransomware,0.0,0.0,0.0,0.0,0.0
4,Aggregated,SQL_injection,0.0,0.0,0.0,0.0,0.0
4,Aggregated,Uploading,0.0015974270254661743,-0.001434458081863943,0.005914149014164419,-0.002835204337001469,-0.011204873064145193
4,Aggregated,Vulnerability_scanner,-0.0004222367405139112,0.0001311041018302872,0.0001384026494593756,9.46113636848452e-05,5.81186255394032e-05
4,Aggregated,XSS,-0.009835800372077975,0.0024589500930194937,0.0024589500930194937,0.0024589500930194937,0.0024589500930194937
4,Centralized,Backdoor,0.009825221785504483,0.016779155116165203,-0.01732354311315997,-0.0246737129047132,0.01802644341881922
4,Centralized,DDoS_HTTP,0.0019486719915564046,-0.01762583265398616,0.023581671998001527,-0.0012081283319192236,0.0036110607075966234
4,Centralized,DDoS_ICMP,0.0001048678971959834,-0.000580747361977931,0.00044017248003336285,-7.629390920152468e-05,-0.00011230281322074931
4,Centralized,DDoS_TCP,0.005033583220468021,0.0025327269659338163,-0.013151901590797115,0.002068203889834593,0.0022881851285083948
4,Centralized,DDoS_UDP,0.0004054768009073617,-0.0005497000446792688,0.0003904008517031895,-0.00038862781406447946,-0.0001801092723894689
4,Centralized,Fingerprinting,0.0,0.0,0.0,0.0,0.0
4,Centralized,MITM,-0.039898132427843805,-0.039898132427843805,0.21222410865874364,-0.06621392190152801,-0.06621392190152801
4,Centralized,Normal,0.00011817638978032785,0.0002760421196636831,-0.00022001913574954586,-0.0005725683350124374,0.0002547196725239046
4,Centralized,Password,0.0,0.0,0.0,0.0,0.0
4,Centralized,Port_Scanning,-0.01897338170240774,-0.004034072645451624,0.06095421775267484,-0.01897338170240774,-0.01897338170240774
4,Centralized,Ransomware,0.0,0.0,0.0,0.0,0.0
4,Centralized,SQL_injection,0.0,0.0,0.0,0.0,0.0
4,Centralized,Uploading,0.0015974270254661743,-0.001434458081863943,0.005914149014164419,-0.002835204337001469,-0.011204873064145193
4,Centralized,Vulnerability_scanner,-0.0004222367405139112,0.0001311041018302872,0.0001384026494593756,9.46113636848452e-05,5.81186255394032e-05
4,Centralized,XSS,-0.009835800372077975,0.0024589500930194937,0.0024589500930194937,0.0024589500930194937,0.0024589500930194937
5,0,Backdoor,0.018200747749815203,0.013209234688623263,-0.03798667591634605,0.00040227071043153856,0.019831666896403238
5,0,DDoS_HTTP,0.002887573976082043,0.004005091062718383,-0.007211013286162335,0.018565353777299207,-0.009018427907689579
5,0,DDoS_ICMP,0.0003350667662508485,0.00027952308913949955,0.0006158176754369693,0.0004289061997143018,-0.0009865232673261744
5,0,DDoS_TCP,0.0029365816805334306,0.0008789112538419315,-0.006534878238801508,0.0011140374088470628,0.0033306881302733664
5,0,DDoS_UDP,0.00048597271951513014,0.0004049024990137003,0.0008888260500382291,0.0006201474671327516,-0.001432418874364788
5,0,Fingerprinting,0.0,0.0,0.0,0.0,0.0
5,0,MITM,0.0,0.0,0.0,0.0,0.0
5,0,Normal,0.0004470441485180758,0.00055556564586375,-0.0010699979043398793,0.0003413071845008442,-2.2775645724744848e-05
5,0,Password,0.0,0.0,0.0,0.0,0.0
5,0,Port_Scanning,0.0,0.0,0.0,0.0,0.0
5,0,Ransomware,0.0,0.0,0.0,0.0,0.0
5,0,SQL_injection,0.0,0.0,0.0,0.0,0.0
5,0,Uploading,-0.0021674112775343555,0.0013101389981258244,0.006545799687491194,0.0031689147351135543,-0.0019767426554928354
5,0,Vulnerability_scanner,0.0,0.0,0.0,0.0,0.0
5,0,XSS,0.0,0.0,0.0,0.0,0.0
5,1,Backdoor,0.018621270126852836,0.013193570578790705,-0.03702820492447039,-0.0015385639134075165,0.018684609999769612
5,1,DDoS_HTTP,0.007663144485034204,0.0018728727600929678,-0.004352284030620661,0.015251632025003679,0.0006847123577720521
5,1,DDoS_ICMP,0.00011823957638395499,0.0002686341801749148,0.00043619829441535565,2.4695448236350394e-05,-0.0006235040341680136
5,1,DDoS_TCP,0.003305229175392364,0.0018705602034707744,-0.005006948299717786,0.0028411637444109334,0.0005013012142093302
5,1,DDoS_UDP,0.00017370304629508911,0.0003883410124133291,0.0006305100106850499,3.94589990877714e-05,-0.0009093285327426574
5,1,Fingerprinting,0.0,0.0,0.0,0.0,0.0
5,1,MITM,0.0,0.0,0.0,0.0,0.0
5,1,Normal,0.00034326241228785543,0.00042787047742411745,-0.0007984100273488152,0.00021981178268608016,0.00012228450394421257
5,1,Password,3.909966504620291e-06,3.909966504620291e-06,-1.5639866018481164e-05,3.909966504620291e-06,3.909966504620291e-06
5,1,Port_Scanning,0.0,0.0,0.0,0.0,0.0
5,1,Ransomware,0.0,0.0,0.0,0.0,0.0
5,1,SQL_injection,0.0,0.0,0.0,0.0,0.0
5,1,Uploading,-0.0023846146141613188,0.0005945013426743126,0.011928043029047009,0.004220610813486811,-0.004270380767453469
5,1,Vulnerability_scanner,3.4027012309256754e-05,3.4027012309256754e-05,-0.00013610804923702702,3.4027012309256754e-05,3.4027012309256754e-05
5,1,XSS,0.0,0.0,0.0,0.0,0.0
5,2,Backdoor,0.016589573511693472,0.011468895938941756,-0.03402085535476875,-0.0012759203889616524,0.018752990491517817
5,2,DDoS_HTTP,0.0022023182122038075,0.0034641686052149863,-0.002215460039684908,0.009579278319256748,-0.004234232645620037
5,2,DDoS_ICMP,0.00014871124934881703,0.00022494404929355728,0.00014871124934881703,0.00014871124934881703,-0.0006710777973400084
5,2,DDoS_TCP,0.005210005848185998,0.002625036639889607,-0.006643870735302005,0.0030707112419291896,-0.00026560632078079607
5,2,DDoS_UDP,0.00010871804209154345,0.000322750681027284,0.00010871804209154345,0.00010871804209154345,-0.0006489048073019144
5,2,Fingerprinting,0.0,0.0,0.0,0.0,0.0
5,2,MITM,0.0,0.0,0.0,0.0,0.0
5,2,Normal,0.00034611101286504314,0.0003651942679333738,-0.0009407539577344637,0.00020966928375161045,0.0001252212013148716
5,2,Password,0.0,0.0,0.0,0.0,0.0
5,2,Port_Scanning,0.0,0.0,0.0,0.0,0.0
5,2,Ransomware,0.0,0.0,0.0,0.0,0.0
5,2,SQL_injection,0.0,0.0,0.0,0.0,0.0
5,2,Uploading,0.004031165699442799,0.001876715657589929,0.02181784987720373,0.005658255544627322,-0.011460775131158096
5,2,Vulnerability_scanner,0.0,0.0,0.0,0.0,0.0
5,2,XSS,0.0,0.0,0.0,0.0,0.0
5,3,Backdoor,0.01645246872373787,0.012990248127018943,-0.025460214001874298,-0.0016157279961962034,0.020861899779155823
5,3,DDoS_HTTP,0.004393625774185196,-0.0013771811580170583,-0.0013475549166606648,0.012525647834575883,0.0017403303672008281
5,3,DDoS_ICMP,0.00032706428647627885,0.00038462361469547476,0.0004953542471630008,0.0002896702151814146,-0.0010480845047788308
5,3,DDoS_TCP,0.0038491301914786633,0.0023638859055023407,-0.007611339407137735,0.0028779449774122188,0.0005244028508402943
5,3,DDoS_UDP,0.0004762096545969467,0.0005561013562373948,0.0007180324396572901,0.0004224635456057298,-0.0015276459069183586
5,3,Fingerprinting,0.0,0.0,0.0,0.0,0.0
5,3,MITM,0.0,0.0,0.0,0.0,0.0
5,3,Normal,0.0002746400000174509,0.0003774283968627686,-0.0008173067109181013,0.0002678275012430176,0.00010131444700072396
5,3,Password,0.0,0.0,0.0,0.0,0.0
5,3,Port_Scanning,0.0,0.0,0.0,0.0,0.0
5,3,Ransomware,0.0,0.0,0.0,0.0,0.0
5,3,SQL_injection,0.0,0.0,0.0,0.0,0.0
5,3,Uploading,-0.007120732614850736,0.003656156749463495,0.014403048604190567,0.006868649061858979,-0.003204414590951212
5,3,Vulnerability_scanner,0.0,0.0,0.0,0.0,0.0
5,3,XSS,0.0,0.0,0.0,0.0,0.0
5,4,Backdoor,0.015697809106647063,0.012367704172143572,-0.024748799664813314,-0.0076494532097428625,0.01843788705867082
5,4,DDoS_HTTP,0.010672729012370714,0.0066175782121025584,-0.009847886977271193,0.015361134988669171,-0.005893118730022516
5,4,DDoS_ICMP,0.000437611987405917,0.000402349489148233,0.0008674742407745239,0.0003442192352219468,-0.0013791680951398952
5,4,DDoS_TCP,0.004394513552531859,0.002958307356843694,-0.00974034685885456,0.0029341934366656757,0.002438672454675132
5,4,DDoS_UDP,0.0002785424093121769,0.0005449419607785407,0.000654710665271302,0.0002515139675431081,-0.0007622845480127316
5,4,Fingerprinting,0.0,0.0,0.0,0.0,0.0
5,4,MITM,-0.051482364447704626,-0.06175194082767896,0.2487682621187114,-0.06175194082767895,-0.07378201601564888
5,4,Normal,0.00033143643187937645,0.0003821938979972831,-0.0007018208787053577,0.0002457718965430881,6.287867684792911e-05
5,4,Password,3.326591441345575e-06,3.326591441345575e-06,-1.33063657653823e-05,3.326591441345575e-06,3.326591441345575e-06
5,4,Port_Scanning,0.0,0.0,0.0,0.0,0.0
5,4,Ransomware,0.0,0.0,0.0,0.0,0.0
5,4,SQL_injection,0.0,0.0,0.0,0.0,0.0
5,4,Uploading,0.00027743164835859806,0.005032587886688949,0.015205708358031868,0.006593880904032481,-0.002832554735182668
5,4,Vulnerability_scanner,-9.618485028219381e-05,0.00019192459413133005,6.061627616356091e-05,-0.00020422589193726525,4.7869871924568115e-05
5,4,XSS,0.0,0.0,0.0,0.0,0.0
5,Aggregated,Backdoor,0.017093968823586905,0.012644916471465421,-0.031801761080742154,-0.0023702800758398203,0.019285329833594225
5,Aggregated,DDoS_HTTP,0.005563560425641315,0.0029216939723900703,-0.005047959498667684,0.014356459037451733,-0.0034047580514398176
5,Aggregated,DDoS_ICMP,0.0002734970734207698,0.0003121281626341214,0.0005129590558595724,0.0002473897353604426,-0.0009421546628836393
5,Aggregated,DDoS_TCP,0.003940078486216055,0.002137860841090468,-0.007097461230543304,0.002569200225230515,0.001297321390834135
5,Aggregated,DDoS_UDP,0.0003044280594808824,0.00044331352551165717,0.0005998741807526482,0.000288268235997724,-0.0010554265428400174
5,Aggregated,Fingerprinting,0.0,0.0,0.0,0.0,0.0
5,Aggregated,MITM,-0.05148236444770463,-0.06175194082767896,0.2487682621187114,-0.06175194082767896,-0.07378201601564888
5,Aggregated,Normal,0.0003484701652303468,0.0004216232886738817,-0.0008656584084188642,0.0002568526439523655,7.783678510504359e-05
5,Aggregated,Password,1.288619416405304e-06,1.288619416405304e-06,-5.154477665621216e-06,1.288619416405304e-06,1.288619416405304e-06
5,Aggregated,Port_Scanning,0.0,0.0,0.0,0.0,0.0
5,Aggregated,Ransomware,0.0,0.0,0.0,0.0,0.0
5,Aggregated,SQL_injection,0.0,0.0,0.0,0.0,0.0
5,Aggregated,Uploading,-0.0014442152358244505,0.0024884624014306,0.013974306639343027,0.005294164450018366,-0.0047091647779695205
5,Aggregated,Vulnerability_scanner,-1.2652085672942848e-05,4.5736295359764347e-05,-1.5078585970024205e-05,-3.4547728560208046e-05,1.654210484341075e-05
5,Aggregated,XSS,0.0,0.0,0.0,0.0,0.0
5,Centralized,Backdoor,0.017093968823586905,0.012644916471465421,-0.031801761080742154,-0.0023702800758398203,0.019285329833594225
5,Centralized,DDoS_HTTP,0.005563560425641315,0.0029216939723900703,-0.005047959498667684,0.014356459037451733,-0.0034047580514398176
5,Centralized,DDoS_ICMP,0.0002734970734207698,0.0003121281626341214,0.0005129590558595724,0.0002473897353604426,-0.0009421546628836393
5,Centralized,DDoS_TCP,0.003940078486216055,0.002137860841090468,-0.007097461230543304,0.002569200225230515,0.001297321390834135
5,Centralized,DDoS_UDP,0.0003044280594808824,0.00044331352551165717,0.0005998741807526482,0.000288268235997724,-0.0010554265428400174
5,Centralized,Fingerprinting,0.0,0.0,0.0,0.0,0.0
5,Centralized,MITM,-0.05148236444770463,-0.06175194082767896,0.2487682621187114,-0.06175194082767896,-0.07378201601564888
5,Centralized,Normal,0.0003484701652303468,0.0004216232886738817,-0.0008656584084188642,0.0002568526439523655,7.783678510504359e-05
5,Centralized,Password,1.288619416405304e-06,1.288619416405304e-06,-5.154477665621216e-06,1.288619416405304e-06,1.288619416405304e-06
5,Centralized,Port_Scanning,0.0,0.0,0.0,0.0,0.0
5,Centralized,Ransomware,0.0,0.0,0.0,0.0,0.0
5,Centralized,SQL_injection,0.0,0.0,0.0,0.0,0.0
5,Centralized,Uploading,-0.0014442152358244505,0.0024884624014306,0.013974306639343027,0.005294164450018366,-0.0047091647779695205
5,Centralized,Vulnerability_scanner,-1.2652085672942848e-05,4.5736295359764347e-05,-1.5078585970024205e-05,-3.4547728560208046e-05,1.654210484341075e-05
5,Centralized,XSS,0.0,0.0,0.0,0.0,0.0
6,0,Backdoor,0.001132830984761964,-0.000577673604103307,0.0279751287726438,-0.04301256182879206,0.016721174688941527
6,0,DDoS_HTTP,-0.003439379444473288,0.007041770730074449,0.02338948028243026,-0.03063924283001047,0.018830552968396516
6,0,DDoS_ICMP,-0.00026166671844143153,0.0005410608381262246,0.00039188937780041587,0.00014916403430121535,-0.0008204475317864242
6,0,DDoS_TCP,-0.0016519611974879537,0.0008650898699023912,-0.0004267698386064315,0.0019406662994249147,-0.002138485928577742
6,0,DDoS_UDP,-0.0003760405248553737,0.000780698238041085,0.0005656445918151306,0.00021582646137631168,-0.0011861287663771536
6,0,Fingerprinting,0.0,0.0,0.0,0.0,0.0
6,0,MITM,0.0,0.0,0.0,0.0,0.0
6,0,Normal,-4.390625044453459e-05,0.0003733186020481375,0.00034738008816507794,-0.00046467589240264766,0.00019251347364228992
6,0,Password,0.0005771438664664841,-0.0023085754658659363,0.0005771438664664841,0.0005771438664664841,0.0005771438664664841
6,0,Port_Scanning,0.0,0.0,0.0,0.0,0.0
6,0,Ransomware,-0.06521402396859348,-0.22945169679149138,0.08194058712402523,0.11335026936368736,0.09937486427237226
6,0,SQL_injection,0.0,0.0,0.0,0.0,0.0
6,0,Uploading,-0.02397119936570365,0.002079824285639491,0.010822819354526385,0.0034284726179936217,0.011501086968548013
6,0,Vulnerability_scanner,2.0303588472420087e-05,-8.121435388968035e-05,2.0303588472420087e-05,2.0303588472420087e-05,2.0303588472420087e-05
6,0,XSS,0.0,0.0,0.0,0.0,0.0
6,1,Backdoor,-0.002857573133516535,-0.008191683469648221,0.030411213904430322,-0.0477246125462593,0.016102575744709687
6,1,DDoS_HTTP,-0.005640397976971277,0.0039538948891312976,0.01891042294008907,-0.03354121915041846,0.009145962366016277
6,1,DDoS_ICMP,-0.00015298846480129395,0.0004812949852127361,0.00042584560711218154,0.0002766821785253874,-0.0005820045218584257
6,1,DDoS_TCP,0.0005264862790011186,-0.00040935216847471924,0.0005258590308232762,0.001414870897405133,-0.00261127375953214
6,1,DDoS_UDP,-0.0002206499313529527,0.0006944216990477129,0.0006136296103074608,0.00039817702893565345,-0.0008408330813414337
6,1,Fingerprinting,0.0,0.0,0.0,0.0,0.0
6,1,MITM,0.0,0.0,0.0,0.0,0.0
6,1,Normal,-9.210854264339688e-05,0.00026050703873230127,0.0002278920222967588,-0.00045918016986492747,0.0002139640462540615
6,1,Password,0.0010106221146341785,-0.004042488458536714,0.0010106221146341785,0.0010106221146341785,0.0010106221146341785
6,1,Port_Scanning,0.0,0.0,0.0,0.0,0.0
6,1,Ransomware,-0.07281971330508757,-0.2768566435775399,0.0998791432781822,0.14050401709716986,0.10929319650727545
6,1,SQL_injection,0.0,0.0,0.0,0.0,0.0
6,1,Uploading,-0.02057730549386048,0.002029372213462641,0.012697465912305654,0.0014771981144598052,0.008661509748769365
6,1,Vulnerability_scanner,8.521704016760668e-05,-0.0003408681606704267,8.521704016760668e-05,8.521704016760668e-05,8.521704016760668e-05
6,1,XSS,0.0,0.0,0.0,0.0,0.0
6,2,Backdoor,-0.004480335758023881,-0.005485245668055091,0.031245626826231762,-0.05026290677398022,0.014568168793877647
6,2,DDoS_HTTP,0.0005168115424301715,0.0049126192673485634,0.01656070846324768,-0.030036574275283213,0.002887235516314151
6,2,DDoS_ICMP,-0.0005869462923941323,0.000571483664320277,0.0003851307183802555,2.992088502500508e-05,-0.0006242563357789777
6,2,DDoS_TCP,-0.0004251828719302057,0.0002289440756946944,0.0010160153817017107,0.0034219434631334255,-0.004459125398692029
6,2,DDoS_UDP,-0.0004472405204253756,0.0006837684300851077,0.00046831680346674326,6.4734829803903e-05,-0.00044751835130401224
6,2,Fingerprinting,0.0,0.0,0.0,0.0,0.0
6,2,MITM,0.0,0.0,0.0,0.0,0.0
6,2,Normal,-3.650180628210764e-05,0.000274481248873056,0.00031657900871758605,-0.00048261725777472563,0.00016103861043793578
6,2,Password,0.00043648038491644095,-0.0017459215396657638,0.00043648038491644095,0.00043648038491644095,0.00043648038491644095
6,2,Port_Scanning,0.0,0.0,0.0,0.0,0.0
6,2,Ransomware,-0.06980772187746584,-0.22903099802507815,0.08032731781270479,0.11919821442666682,0.09931318766317233
6,2,SQL_injection,0.0,0.0,0.0,0.0,0.0
6,2,Uploading,-0.016066671487386275,-0.006672197448774107,0.01764993354504324,-0.0005849142945427492,-0.0014207602241274792
6,2,Vulnerability_scanner,6.533789067976748e-05,-0.0002613515627190699,6.533789067976748e-05,6.533789067976748e-05,6.533789067976748e-05
6,2,XSS,0.0,0.0,0.0,0.0,0.0
6,3,Backdoor,-0.005049847344475332,-0.0038586683597608327,0.023260101397858533,-0.0420151238781966,0.013185531381655327
6,3,DDoS_HTTP,-0.0012293786218521812,0.006521875624326937,0.015095336600898172,-0.03211329742672917,0.0049230160133962786
6,3,DDoS_ICMP,-0.00014956983582431656,0.0005223103703921761,0.00044818078660482745,0.0002614205564339741,-0.0008578764871108517
6,3,DDoS_TCP,-0.0008427420171513323,0.00016862979999446488,0.0016158412330926927,0.0017201021498029045,-0.002537095038951413
6,3,DDoS_UDP,-0.00019866023659251646,0.0007701229394820282,0.0006624231576565276,0.000312743598478693,-0.0012243606868687122
6,3,Fingerprinting,0.0,0.0,0.0,0.0,0.0
6,3,MITM,0.0,0.0,0.0,0.0,0.0
6,3,Normal,-7.006844126883349e-06,0.000264335923021386,0.0002013937069680801,-0.0004975282073990117,0.00019302622376991355
6,3,Password,0.000896805896805897,-0.003587223587223588,0.000896805896805897,0.000896805896805897,0.000896805896805897
6,3,Port_Scanning,0.0,0.0,0.0,0.0,0.0
6,3,Ransomware,-0.0608606419518862,-0.22814132215018051,0.08106782354361554,0.11702026220853856,0.0909138783499126
6,3,SQL_injection,0.0,0.0,0.0,0.0,0.0
6,3,Uploading,-0.021113605397506913,-0.0019519988272840077,0.01615243156415851,-0.0005477782624581778,0.000187897138408939
6,3,Vulnerability_scanner,0.0001320151234972311,-0.0005280604939889244,0.0001320151234972311,0.0001320151234972311,0.0001320151234972311
6,3,XSS,0.0,0.0,0.0,0.0,0.0
6,4,Backdoor,0.00033094188689154297,-0.010771174106373476,0.029911043550575698,-0.03452056886239244,0.019114862564109873
6,4,DDoS_HTTP,-0.003398895135566904,0.006309825004714736,0.021980692940120027,-0.03257770633632112,0.0101259116479273
6,4,DDoS_ICMP,-0.0009775247845662915,0.0010725272691542978,0.000812956428641957,4.796582841667766e-05,-0.0014043501509891753
6,4,DDoS_TCP,-0.001362735244872095,0.0008171263502970001,0.00012166897363553771,0.0024956325723450245,-0.0029189849733522693
6,4,DDoS_UDP,0.0006686173526795329,-0.00018374754660421082,5.5985585181280345e-05,0.00037618004844585106,-0.00027477627654304466
6,4,Fingerprinting,0.0,0.0,0.0,0.0,0.0
6,4,MITM,-0.08020149187197242,-0.050742138613992155,0.2739173361598991,-0.05074213861399216,-0.09223156705994234
6,4,Normal,-8.537370054923129e-05,0.00030506327630654416,0.0004612247308206715,-0.0004903901580513496,0.00016452069994807121
6,4,Password,0.0002922706443988517,-0.0011690825775954067,0.0002922706443988517,0.0002922706443988517,0.0002922706443988517
6,4,Port_Scanning,0.0,0.0,0.0,0.0,0.0
6,4,Ransomware,-0.09237869434297226,-0.31073366341856257,0.11219185256021787,0.15850687937286492,0.13241362582845204
6,4,SQL_injection,0.0,0.0,0.0,0.0,0.0
6,4,Uploading,-0.03220607675792798,-0.00013344049969569728,0.01710275906397686,-0.0010068149804531347,0.002449495017079239
6,4,Vulnerability_scanner,6.480085358673282e-05,-0.00015116237269185984,6.480085358673282e-05,-4.3240188068338625e-05,6.480085358673282e-05
6,4,XSS,0.0,0.0,0.0,0.0,0.0
6,Aggregated,Backdoor,-0.002148340177899899,-0.005779819915138273,0.02859184541990449,-0.043433891718580205,0.015972854795893148
6,Aggregated,DDoS_HTTP,-0.0026605373495784744,0.005753975381875233,0.019221252503388152,-0.03180190327454702,0.00928377463490527
6,Aggregated,DDoS_ICMP,-0.000425915545983561,0.0006380078325102993,0.0004929529520844782,0.00015304980726378315,-0.0008580950458749996
6,Aggregated,DDoS_TCP,-0.0007501406191202671,0.0003329490800385101,0.0005738327644140358,0.002199615406731292,-0.0029366344071413714
6,Aggregated,DDoS_UDP,-0.00011449416754384194,0.0005487160852748751,0.00047302810995557737,0.0002735683837687686,-0.0007943200862814784
6,Aggregated,Fingerprinting,0.0,0.0,0.0,0.0,0.0
6,Aggregated,MITM,-0.08020149187197242,-0.05074213861399216,0.2739173361598991,-0.05074213861399216,-0.09223156705994234
6,Aggregated,Normal,-5.293954632679676e-05,0.0002955197036317155,0.00031074323778905363,-0.00047887290777087386,0.0001850157216377916
6,Aggregated,Password,0.0006419873733227064,-0.0025679494932908256,0.0006419873733227064,0.0006419873733227064,0.0006419873733227064
6,Aggregated,Port_Scanning,0.0,0.0,0.0,0.0,0.0
6,Aggregated,Ransomware,-0.07246529610928289,-0.2559329533651761,0.09147821070103086,0.13033127511540646,0.10658876365802165
6,Aggregated,SQL_injection,0.0,0.0,0.0,0.0,0.0
6,Aggregated,Uploading,-0.022861386931309232,-0.0009020819279942117,0.014865100609204556,0.0005439801900418442,0.004282618132037204
6,Aggregated,Vulnerability_scanner,7.32909808430271e-05,-0.0002712682804848432,7.32909808430271e-05,5.13953379557619e-05,7.32909808430271e-05
6,Aggregated,XSS,0.0,0.0,0.0,0.0,0.0
6,Centralized,Backdoor,-0.002148340177899899,-0.005779819915138273,0.02859184541990449,-0.043433891718580205,0.015972854795893148
6,Centralized,DDoS_HTTP,-0.0026605373495784744,0.005753975381875233,0.019221252503388152,-0.03180190327454702,0.00928377463490527
6,Centralized,DDoS_ICMP,-0.000425915545983561,0.0006380078325102993,0.0004929529520844782,0.00015304980726378315,-0.0008580950458749996
6,Centralized,DDoS_TCP,-0.0007501406191202671,0.0003329490800385101,0.0005738327644140358,0.002199615406731292,-0.0029366344071413714
6,Centralized,DDoS_UDP,-0.00011449416754384194,0.0005487160852748751,0.00047302810995557737,0.0002735683837687686,-0.0007943200862814784
6,Centralized,Fingerprinting,0.0,0.0,0.0,0.0,0.0
6,Centralized,MITM,-0.08020149187197242,-0.05074213861399216,0.2739173361598991,-0.05074213861399216,-0.09223156705994234
6,Centralized,Normal,-5.293954632679676e-05,0.0002955197036317155,0.00031074323778905363,-0.00047887290777087386,0.0001850157216377916
6,Centralized,Password,0.0006419873733227064,-0.0025679494932908256,0.0006419873733227064,0.0006419873733227064,0.0006419873733227064
6,Centralized,Port_Scanning,0.0,0.0,0.0,0.0,0.0
6,Centralized,Ransomware,-0.07246529610928289,-0.2559329533651761,0.09147821070103086,0.13033127511540646,0.10658876365802165
6,Centralized,SQL_injection,0.0,0.0,0.0,0.0,0.0
6,Centralized,Uploading,-0.022861386931309232,-0.0009020819279942117,0.014865100609204556,0.0005439801900418442,0.004282618132037204
6,Centralized,Vulnerability_scanner,7.32909808430271e-05,-0.0002712682804848432,7.32909808430271e-05,5.13953379557619e-05,7.32909808430271e-05
6,Centralized,XSS,0.0,0.0,0.0,0.0,0.0
7,0,Backdoor,0.036302444232501424,-0.011734507830407588,0.019623462826040307,0.02322102140074685,-0.01671455527584326
7,0,DDoS_HTTP,0.03215499822777338,-0.003941335545124391,0.0033937483866792266,-0.027790525927513784,0.048435603071910055
7,0,DDoS_ICMP,4.4847652249881594e-05,-0.00019815490487964753,0.00013831599484733596,-2.9873210235507412e-05,4.486446801793738e-05
7,0,DDoS_TCP,-0.0007622902431102715,-0.0005517924338945915,0.001105060130155507,0.0030579829886799117,-0.0008983165752405042
7,0,DDoS_UDP,6.45057165034509e-05,-0.0002847400091659513,0.00019881900178252607,-4.3055778658263044e-05,6.44710695382374e-05
7,0,Fingerprinting,0.0,0.0,0.0,0.0,0.0
7,0,MITM,0.0,0.0,0.0,0.0,0.0
7,0,Normal,6.00559071573988e-05,0.00011021285143525406,6.82028716444405e-05,-6.035263141679348e-05,-0.00024498841306035596
7,0,Password,0.0,0.0,0.0,0.0,0.0
7,0,Port_Scanning,0.0,0.0,0.0,0.0,0.0
7,0,Ransomware,0.09720210404161994,0.08895670676938724,0.10619340826091841,0.10986673918841165,-0.004867964882853766
7,0,SQL_injection,0.0,0.0,0.0,0.0,0.0
7,0,Uploading,-0.003407385902608555,-0.004229754850278652,0.0035581510835052898,0.000705749596854568,-0.007580015540922438
7,0,Vulnerability_scanner,0.0,0.0,0.0,0.0,0.0
7,0,XSS,0.0,0.0,0.0,0.0,0.0
7,1,Backdoor,0.03611721432592319,-0.013890134384068328,0.024211886213553635,0.021739818106417695,-0.008356515706815804
7,1,DDoS_HTTP,0.029806416848114983,-0.0027345966852627772,0.00185594511667632,-0.02764582789366704,0.044869909291419055
7,1,DDoS_ICMP,3.740079760005122e-05,-0.00022439974939001962,0.0001869938985424757,3.739238687903342e-05,-3.738733363154075e-05
7,1,DDoS_TCP,-0.00041282904672862995,-0.0014612251713059206,0.0006367839696729864,0.0024793758068861788,-0.0017423648074583243
7,1,DDoS_UDP,5.3732236804214055e-05,-0.0003224038500922566,0.0002686819923015745,5.374956866239418e-05,-5.375994767592614e-05
7,1,Fingerprinting,0.0,0.0,0.0,0.0,0.0
7,1,MITM,0.0,0.0,0.0,0.0,0.0
7,1,Normal,6.657300134125058e-05,4.057184516386703e-05,8.218983988189099e-05,-0.000152054588464758,-0.0001187995496327828
7,1,Password,0.0,0.0,0.0,0.0,0.0
7,1,Port_Scanning,0.0,0.0,0.0,0.0,0.0
7,1,Ransomware,0.10973039743174477,0.10033914264860029,0.12352675686848268,0.12796664506627828,-0.004046602145824968
7,1,SQL_injection,0.0,0.0,0.0,0.0,0.0
7,1,Uploading,-0.00147306481959607,-0.0058552073358821176,0.005638086759584898,0.0024730549325742966,-0.004183522937334406
7,1,Vulnerability_scanner,0.0,0.0,0.0,0.0,0.0
7,1,XSS,0.0,0.0,0.0,0.0,0.0
7,2,Backdoor,0.0370120781490533,-0.006821771675607896,0.02650670020746197,0.024273633514324176,-0.010115423959739104
7,2,DDoS_HTTP,0.03287608004941108,-0.00023697403886789963,0.0027836232186113324,-0.016612652646134676,0.04320420916427821
7,2,DDoS_ICMP,3.7124528739958715e-06,9.725643852421621e-05,-3.36899816513192e-05,-0.00022070218838300218,0.0001534232786361093
7,2,DDoS_TCP,-0.0008276077069895397,-0.0009280005609393349,0.0014670394935916153,0.0034550318678926994,-0.001849807399019567
7,2,DDoS_UDP,-2.6814127852877365e-05,0.00018808368232338298,-1.035891212253226e-08,-0.00026882757997517457,0.00010756838441679147
7,2,Fingerprinting,0.0,0.0,0.0,0.0,0.0
7,2,MITM,0.0,0.0,0.0,0.0,0.0
7,2,Normal,6.450012087605242e-05,2.2901324057363524e-05,0.0001337954036414901,-4.0778991157575104e-05,-5.539996871476993e-05
7,2,Password,0.0,0.0,0.0,0.0,0.0
7,2,Port_Scanning,0.0,0.0,0.0,0.0,0.0
7,2,Ransomware,0.10113920866321612,0.10001642727990553,0.10643000088287925,0.11714899451155562,-0.008627248787221086
7,2,SQL_injection,0.0,0.0,0.0,0.0,0.0
7,2,Uploading,-0.0018735214691431722,-0.008664969579408039,0.004824521077472599,0.004806190917153225,-0.0064775030249399675
7,2,Vulnerability_scanner,-0.00030508030726256186,5.811053471667845e-05,5.811053471667845e-05,5.811053471667845e-05,0.0001307487031125265
7,2,XSS,0.0,0.0,0.0,0.0,0.0
7,3,Backdoor,0.03663885613189536,-0.01043292242474896,0.021982473465143815,0.02304570583239974,-0.010923566368088614
7,3,DDoS_HTTP,0.03807739817370233,-0.000673447525639744,0.00403800590125373,-0.020027136424131852,0.041473740387083104
7,3,DDoS_ICMP,3.739911772747499e-05,-0.00028050936048646205,7.477635054309873e-05,-2.019708857936564e-08,-5.611130119134167e-05
7,3,DDoS_TCP,-0.00026588781546181274,-0.0007878037944453852,0.0005681585538860779,0.0021852723211829277,-0.0008869717399699255
7,3,DDoS_UDP,5.3735709876308784e-05,-0.00040298488516620027,0.0001075164323304456,4.1562957338777315e-08,-8.057759215391314e-05
7,3,Fingerprinting,0.0,0.0,0.0,0.0,0.0
7,3,MITM,0.0,0.0,0.0,0.0,0.0
7,3,Normal,6.433113099653109e-05,3.225832913027841e-05,8.416088642465755e-05,-0.00013214987402770755,-1.988533181152737e-05
7,3,Password,0.0,0.0,0.0,0.0,0.0
7,3,Port_Scanning,0.0,0.0,0.0,0.0,0.0
7,3,Ransomware,0.09755825764444334,0.08758239921095187,0.10126279642187733,0.11207648315340851,-0.003922113301429203
7,3,SQL_injection,0.0,0.0,0.0,0.0,0.0
7,3,Uploading,-0.0010946926860025755,-0.006904055608106152,0.0021926536971445328,0.0059841016711547745,-0.003835717618331469
7,3,Vulnerability_scanner,-0.00015445619090264094,2.9420226838598276e-05,2.9420226838598276e-05,2.9420226838598276e-05,6.619551038684612e-05
7,3,XSS,0.0,0.0,0.0,0.0,0.0
7,4,Backdoor,0.0377553796223645,-0.005085539979851331,0.023108855992016782,0.0257116715001519,-0.0038996844067193228
7,4,DDoS_HTTP,0.04318151512639396,-0.00039738366378638167,0.007383281831562368,-0.018280772134081517,0.05955278764036288
7,4,DDoS_ICMP,-0.0001717232902278635,-0.00045126338799976923,-2.2491614698499918e-05,-0.0002648810042890637,-0.00020894115162681248
7,4,DDoS_TCP,-0.0006786198302221343,-0.0006057045234793575,0.0005881971055298363,0.003558974860205083,-0.0015461919174975544
7,4,DDoS_UDP,0.0005956510840354775,-0.0003443515303884463,0.0006225241636362215,0.0003001687489620597,-0.00020925995140001115
7,4,Fingerprinting,0.0,0.0,0.0,0.0,0.0
7,4,MITM,-0.08519691690423396,-0.03974237144968852,0.2444620420230176,-0.07091120261851969,-0.04861155105057544
7,4,Normal,3.114030110865825e-05,2.7985515958134365e-05,0.0002013487925463131,-0.00018283208452993434,-0.0001392588493078051
7,4,Password,0.0,0.0,0.0,0.0,0.0
7,4,Port_Scanning,0.0,0.0,0.0,0.0,0.0
7,4,Ransomware,0.133328758913908,0.1216615888660031,0.14473225626811262,0.14791906625903234,-0.011056304453397317
7,4,SQL_injection,0.0,0.0,0.0,0.0,0.0
7,4,Uploading,4.412876002876792e-05,-0.003961926333137176,0.004841864594596479,0.0033309879026335093,-0.0010914856235115658
7,4,Vulnerability_scanner,-0.00029531218052386197,-0.0001872711388687905,0.00010083830554473335,-0.0001872711388687905,0.00013685198609642384
7,4,XSS,0.0,0.0,0.0,0.0,0.0
7,Aggregated,Backdoor,0.03677278874804885,-0.00960194247320858,0.023068604536211845,0.023601838089788708,-0.01004023545036187
7,Aggregated,DDoS_HTTP,0.03531984695899643,-0.0016056458503113029,0.003938271930753895,-0.022089147747404496,0.047721971865332474
7,Aggregated,DDoS_ICMP,-9.750172767479063e-06,-0.0002116033279521238,6.875747571014983e-05,-9.568181598348935e-05,-2.0971411072120045e-05
7,Aggregated,DDoS_TCP,-0.000588300374107259,-0.0008673496048283066,0.0008735655752300509,0.002948482287215106,-0.0013854518340822575
7,Aggregated,DDoS_UDP,0.00014823383889140396,-0.00023318055651925056,0.00023956617737461717,8.480800505339392e-06,-3.431729809853697e-05
7,Aggregated,Fingerprinting,0.0,0.0,0.0,0.0,0.0
7,Aggregated,MITM,-0.08519691690423398,-0.03974237144968852,0.2444620420230176,-0.07091120261851969,-0.048611551050575436
7,Aggregated,Normal,5.734563509415073e-05,4.677510880150559e-05,0.00011386399473082842,-0.00011359221454920557,-0.00011560790359181894
7,Aggregated,Password,0.0,0.0,0.0,0.0,0.0
7,Aggregated,Port_Scanning,0.0,0.0,0.0,0.0,0.0
7,Aggregated,Ransomware,0.1083543647238043,0.10008870311153205,0.11676014198920973,0.12362341604218251,-0.006418248903377949
7,Aggregated,SQL_injection,0.0,0.0,0.0,0.0,0.0
7,Aggregated,Uploading,-0.001538845345420703,-0.005886681733242053,0.0042262908957276645,0.0034446381352927907,-0.004586128798210611
7,Aggregated,Vulnerability_scanner,-0.00015176864911235673,-2.0443769851482182e-05,3.7944611181225016e-05,-2.0443769851482182e-05,6.712900608503528e-05
7,Aggregated,XSS,0.0,0.0,0.0,0.0,0.0
7,Centralized,Backdoor,0.03677278874804885,-0.00960194247320858,0.023068604536211845,0.023601838089788708,-0.01004023545036187
7,Centralized,DDoS_HTTP,0.03531984695899643,-0.0016056458503113029,0.003938271930753895,-0.022089147747404496,0.047721971865332474
7,Centralized,DDoS_ICMP,-9.750172767479063e-06,-0.0002116033279521238,6.875747571014983e-05,-9.568181598348935e-05,-2.0971411072120045e-05
7,Centralized,DDoS_TCP,-0.000588300374107259,-0.0008673496048283066,0.0008735655752300509,0.002948482287215106,-0.0013854518340822575
7,Centralized,DDoS_UDP,0.00014823383889140396,-0.00023318055651925056,0.00023956617737461717,8.480800505339392e-06,-3.431729809853697e-05
7,Centralized,Fingerprinting,0.0,0.0,0.0,0.0,0.0
7,Centralized,MITM,-0.08519691690423398,-0.03974237144968852,0.2444620420230176,-0.07091120261851969,-0.048611551050575436
7,Centralized,Normal,5.734563509415073e-05,4.677510880150559e-05,0.00011386399473082842,-0.00011359221454920557,-0.00011560790359181894
7,Centralized,Password,0.0,0.0,0.0,0.0,0.0
7,Centralized,Port_Scanning,0.0,0.0,0.0,0.0,0.0
7,Centralized,Ransomware,0.1083543647238043,0.10008870311153205,0.11676014198920973,0.12362341604218251,-0.006418248903377949
7,Centralized,SQL_injection,0.0,0.0,0.0,0.0,0.0
7,Centralized,Uploading,-0.001538845345420703,-0.005886681733242053,0.0042262908957276645,0.0034446381352927907,-0.004586128798210611
7,Centralized,Vulnerability_scanner,-0.00015176864911235673,-2.0443769851482182e-05,3.7944611181225016e-05,-2.0443769851482182e-05,6.712900608503528e-05
7,Centralized,XSS,0.0,0.0,0.0,0.0,0.0
8,0,Backdoor,-0.0709812748964326,-0.0017451535963584083,0.028707701821944914,0.022448035957855127,0.012249827042390837
8,0,DDoS_HTTP,0.01803655230932902,-0.033600788373642214,0.012429864801146601,0.02760174336726214,-0.029017422660212847
8,0,DDoS_ICMP,0.000911451312231983,-0.000394832368285114,0.00037092291991102646,0.000892779494570306,-0.00267717363358377
8,0,DDoS_TCP,-0.00044137214975227453,-0.00026365420039977663,0.0029848543883047546,-0.00041709464733099557,-0.0007372113905482147
8,0,DDoS_UDP,0.001406429241487095,-0.00047866754805000095,0.00022076193206577166,0.0013795215148779127,-0.003818367721025987
8,0,Fingerprinting,0.0,0.0,0.0,0.0,0.0
8,0,MITM,0.0,0.0,0.0,0.0,0.0
8,0,Normal,-7.702621384843937e-05,-0.0001241074754110579,0.00020946979660567687,7.317751406856199e-05,-4.474239297692639e-05
8,0,Password,0.0034049621094155505,-0.0008512405273538876,-0.0008512405273538876,-0.0008512405273538876,-0.0008512405273538876
8,0,Port_Scanning,0.0,0.0,0.0,0.0,0.0
8,0,Ransomware,0.03761862177308325,0.0561690023725089,0.04673807645941962,-0.08549928143492055,-0.0523774125475746
8,0,SQL_injection,0.0,0.0,0.0,0.0,0.0
8,0,Uploading,7.283024389054375e-05,-0.006515571586846198,0.001563578403958336,0.0031258868663289877,0.0019648283374108823
8,0,Vulnerability_scanner,0.0,0.0,0.0,0.0,0.0
8,0,XSS,0.0,0.0,0.0,0.0,0.0
8,1,Backdoor,-0.05006427274027567,-0.0017075333979888216,0.025357055128071928,0.014991171819167894,0.0031414869300067354
8,1,DDoS_HTTP,0.01575712132022793,-0.03756060494597964,0.009126600821388393,0.02361195690086926,-0.02913896308856577
8,1,DDoS_ICMP,0.0007277530695921408,6.888064365884184e-07,0.0004310818746297814,0.0007277279054199411,-0.0025603449053115995
8,1,DDoS_TCP,-0.00030698283913216937,-0.0008347798455991317,0.002733761190020356,-0.001082087708184637,-0.0015084545874101464
8,1,DDoS_UDP,0.0010954012494205042,4.450211117115373e-05,0.0005010284609591797,0.0010954534466801205,-0.0037038151295659813
8,1,Fingerprinting,0.0,0.0,0.0,0.0,0.0
8,1,MITM,0.0,0.0,0.0,0.0,0.0
8,1,Normal,-5.6296551658400565e-05,-0.0001614679779256963,0.00019916813244319115,3.2609530232805924e-05,-1.9996573200564694e-06
8,1,Password,0.0017153327355658651,-0.0004288331838914663,-0.0004288331838914663,-0.0004288331838914663,-0.0004288331838914663
8,1,Port_Scanning,0.0,0.0,0.0,0.0,0.0
8,1,Ransomware,0.04844854979139663,0.07197774992042956,0.04753948215589344,-0.10369568573507104,-0.0642700961326486
8,1,SQL_injection,0.0,0.0,0.0,0.0,0.0
8,1,Uploading,0.0007832741405957818,-0.013171803362010721,0.003035187163754752,-0.0013119807228174794,-0.0003104241175993195
8,1,Vulnerability_scanner,0.0,0.0,0.0,0.0,0.0
8,1,XSS,0.0,0.0,0.0,0.0,0.0
8,2,Backdoor,-0.048769425186547984,-0.0013201093445341335,0.02196913785524791,0.015604940080824574,0.006009989381046717
8,2,DDoS_HTTP,0.01036383683080711,-0.027812232139819835,0.003741331973937392,0.018491827883112266,-0.02583815104150732
8,2,DDoS_ICMP,0.0008312821654883747,0.0004392441108104717,0.0003649179900695317,0.0007561475008894203,-0.002166924406810226
8,2,DDoS_TCP,-0.0003801828019991238,-0.0004949018575879575,0.003980372793688502,-0.000804558208580101,-0.0016661762290083241
8,2,DDoS_UDP,0.001107854485955103,0.0004353334098443647,0.00011117211496833498,0.0007325129381474782,-0.0027089341405416465
8,2,Fingerprinting,0.0,0.0,0.0,0.0,0.0
8,2,MITM,0.0,0.0,0.0,0.0,0.0
8,2,Normal,-4.132842747914626e-05,-3.7422598520366517e-05,0.00014201328838689964,-2.80826144426242e-05,-1.103499783008018e-06
8,2,Password,0.003404159975041567,-0.0008495746312663447,-0.0008554360812425329,-0.0008495746312663447,-0.0008495746312663447
8,2,Port_Scanning,0.0,0.0,0.0,0.0,0.0
8,2,Ransomware,0.03303768579751057,0.05843971008509776,0.04318637888420131,-0.09464237884687635,-0.04002139591993322
8,2,SQL_injection,0.0,0.0,0.0,0.0,0.0
8,2,Uploading,0.002572327923640579,-0.014536433393293021,0.009308350794367589,0.003505812183143593,-0.004564419965170411
8,2,Vulnerability_scanner,0.0,0.0,0.0,0.0,0.0
8,2,XSS,0.0,0.0,0.0,0.0,0.0
8,3,Backdoor,-0.05068995658806526,-0.005005580066436794,0.020075868778097035,0.0175038109378935,0.005626922651824457
8,3,DDoS_HTTP,0.010038521192112234,-0.031219478487807154,0.010446357939118052,0.018852798199398824,-0.025938198756693395
8,3,DDoS_ICMP,0.0012422522873101304,-0.0003247742448956851,0.0004411966627469473,0.0010920510352077472,-0.0028993535991064783
8,3,DDoS_TCP,-0.00020197246805899182,-0.0005806969303153609,0.0017793502080779308,-0.0005456077514678896,-0.0009517081150977306
8,3,DDoS_UDP,0.0018737124413923888,-0.0003905485371632082,0.00047031901088728236,0.0015784544326734816,-0.004177098436968948
8,3,Fingerprinting,0.0,0.0,0.0,0.0,0.0
8,3,MITM,0.0,0.0,0.0,0.0,0.0
8,3,Normal,-2.403378419191989e-05,-0.00011430319156436515,0.00015528304337953936,6.701767970150134e-06,-9.283218494710032e-06
8,3,Password,0.0023211919200032127,-0.0005802979800008032,-0.0005802979800008032,-0.0005802979800008032,-0.0005802979800008032
8,3,Port_Scanning,0.0,0.0,0.0,0.0,0.0
8,3,Ransomware,0.041738098223411325,0.0583267780148706,0.0407364404633663,-0.0883182988849123,-0.04978056697338486
8,3,SQL_injection,0.0,0.0,0.0,0.0,0.0
8,3,Uploading,0.001135143520871496,-0.007171827415990113,0.005688635827532822,0.0004144296373673882,-0.003949876715412661
8,3,Vulnerability_scanner,0.0,0.0,0.0,0.0,0.0
8,3,XSS,0.0,0.0,0.0,0.0,0.0
8,4,Backdoor,-0.06359083910939606,-0.0014700218278930791,0.026177269694692393,0.012834363339745476,0.006011563119423805
8,4,DDoS_HTTP,0.01810296362617457,-0.03669534019495975,0.00851886614913369,0.011362484320362572,-0.028903787031952444
8,4,DDoS_ICMP,0.0010856191643183633,0.0004170264542294263,0.0009417865231118298,0.001439842555584342,-0.0034368564193790864
8,4,DDoS_TCP,-0.0014168562888131212,-7.467141582819988e-05,0.0043244123221137555,-0.0005616164465824302,-0.001132819488886481
8,4,DDoS_UDP,0.0007237595333069465,-0.0007857125907929345,0.0003657951118512729,0.0005896863378890764,-0.0028256879614832362
8,4,Fingerprinting,0.0,0.0,0.0,0.0,0.0
8,4,MITM,-0.03231401660669953,-0.07300194656292218,0.3254104811177982,-0.06222854652122944,-0.15786597142694703
8,4,Normal,-6.0055219817880166e-05,-0.00015695095045641558,0.0003873862590795714,-5.921873175534128e-05,-7.664422657984356e-05
8,4,Password,0.0023007257559590475,-0.0005751814389897619,-0.0005751814389897619,-0.0005751814389897619,-0.0005751814389897619
8,4,Port_Scanning,0.0,0.0,0.0,0.0,0.0
8,4,Ransomware,0.04467677895904127,0.07831470827903107,0.05586645263109243,-0.11669155317004166,-0.05887445193928465
8,4,SQL_injection,0.0,0.0,0.0,0.0,0.0
8,4,Uploading,0.0018086319209094362,-0.010349602056048214,0.006991349179843972,0.0029203968046025955,-0.001370775849307794
8,4,Vulnerability_scanner,0.00012964924998608572,0.00012964924998608572,0.00012964924998608572,-8.643283332405715e-05,0.00012964924998608572
8,4,XSS,0.0,0.0,0.0,0.0,0.0
8,Aggregated,Backdoor,-0.05680669690435254,-0.002269811527762396,0.02445980356278356,0.016625173395536263,0.00663025910153933
8,Aggregated,DDoS_HTTP,0.014526058100433134,-0.033441103373583504,0.00887306433244541,0.01999345682906652,-0.027831874908484655
8,Aggregated,DDoS_ICMP,0.000959901233647914,2.7509993407267194e-05,0.000510152586730922,0.0009821019333927964,-0.002748769648979582
8,Aggregated,DDoS_TCP,-0.0005516344479618222,-0.00045028340664475254,0.003162482718719308,-0.0006816977556363143,-0.0012006596728789418
8,Aggregated,DDoS_UDP,0.0012409479558162183,-0.00023507471828673371,0.00033382028435626767,0.001074630058167597,-0.0034458329467067653
8,Aggregated,Fingerprinting,0.0,0.0,0.0,0.0,0.0
8,Aggregated,MITM,-0.023381340087816116,-0.06406927004403877,0.28967977504226455,-0.05329587000234603,-0.14893329490806365
8,Aggregated,Normal,-5.1733747957921626e-05,-0.000118806080440594,0.00021851066613165864,5.069512776136505e-06,-2.6710889845447486e-05
8,Aggregated,Password,0.0026292128435001245,-0.0006570346687395194,-0.0006581088372815663,-0.0006570346687395194,-0.0006570346687395194
8,Aggregated,Port_Scanning,0.0,0.0,0.0,0.0,0.0
8,Aggregated,Ransomware,0.04123668795278901,0.06474035888984678,0.04714083185441429,-0.09810416246383705,-0.05326966218473728
8,Aggregated,SQL_injection,0.0,0.0,0.0,0.0,0.0
8,Aggregated,Uploading,0.0012726383586565005,-0.010340639506740901,0.005315986718559572,0.001736392890100849,-0.0016170375282094473
8,Aggregated,Vulnerability_scanner,2.627477146471824e-05,2.627477146471824e-05,2.627477146471824e-05,-1.751651430981216e-05,2.627477146471824e-05
8,Aggregated,XSS,0.0,0.0,0.0,0.0,0.0
8,Centralized,Backdoor,-0.05680669690435254,-0.002269811527762396,0.02445980356278356,0.016625173395536263,0.00663025910153933
8,Centralized,DDoS_HTTP,0.014526058100433134,-0.033441103373583504,0.00887306433244541,0.01999345682906652,-0.027831874908484655
8,Centralized,DDoS_ICMP,0.000959901233647914,2.7509993407267194e-05,0.000510152586730922,0.0009821019333927964,-0.002748769648979582
8,Centralized,DDoS_TCP,-0.0005516344479618222,-0.00045028340664475254,0.003162482718719308,-0.0006816977556363143,-0.0012006596728789418
8,Centralized,DDoS_UDP,0.0012409479558162183,-0.00023507471828673371,0.00033382028435626767,0.001074630058167597,-0.0034458329467067653
8,Centralized,Fingerprinting,0.0,0.0,0.0,0.0,0.0
8,Centralized,MITM,-0.023381340087816116,-0.06406927004403877,0.28967977504226455,-0.05329587000234603,-0.14893329490806365
8,Centralized,Normal,-5.1733747957921626e-05,-0.000118806080440594,0.00021851066613165864,5.069512776136505e-06,-2.6710889845447486e-05
8,Centralized,Password,0.0026292128435001245,-0.0006570346687395194,-0.0006581088372815663,-0.0006570346687395194,-0.0006570346687395194
8,Centralized,Port_Scanning,0.0,0.0,0.0,0.0,0.0
8,Centralized,Ransomware,0.04123668795278901,0.06474035888984678,0.04714083185441429,-0.09810416246383705,-0.05326966218473728
8,Centralized,SQL_injection,0.0,0.0,0.0,0.0,0.0
8,Centralized,Uploading,0.0012726383586565005,-0.010340639506740901,0.005315986718559572,0.001736392890100849,-0.0016170375282094473
8,Centralized,Vulnerability_scanner,2.627477146471824e-05,2.627477146471824e-05,2.627477146471824e-05,-1.751651430981216e-05,2.627477146471824e-05
8,Centralized,XSS,0.0,0.0,0.0,0.0,0.0
9,0,Backdoor,0.028093504872017578,0.024056732763127805,-0.027636425393474957,0.02008269006179104,-0.024926983631555658
9,0,DDoS_HTTP,0.005658729070350497,-0.017778954846872672,0.0019398088623633135,-0.016093860357200167,0.01939938336540079
9,0,DDoS_ICMP,0.0001793704550311137,0.0001793704550311137,0.0001793704550311137,0.0001793704550311137,0.0001793704550311137
9,0,DDoS_TCP,0.0007549305929905159,0.0001267417038806266,0.0002963811370748748,0.00047459537378289897,-0.0006364954736947629
9,0,DDoS_UDP,0.0002580645161290418,0.0002580645161290418,0.0002580645161290418,0.0002580645161290418,0.0002580645161290418
9,0,Fingerprinting,0.0,0.0,0.0,0.0,0.0
9,0,MITM,0.0,0.0,0.0,0.0,0.0
9,0,Normal,-7.02258721189101e-05,0.00012912331672054004,-3.9321997102305845e-05,-0.00021718329893560633,0.0003605749448999218
9,0,Password,-0.014263788185759468,0.00248169784518222,0.0015764885701850635,0.005747859552640907,0.0044577422177512925
9,0,Port_Scanning,0.0,0.0,0.0,0.0,0.0
9,0,Ransomware,0.037790350921251645,0.028654452107872538,-0.15934160589838933,0.00814243561940194,0.08210536062734662
9,0,SQL_injection,0.0,0.0,0.0,0.0,0.0
9,0,Uploading,0.004963280162140394,0.005339882022282753,0.0092097246795482,0.0022561639198203256,0.0033811497320334187
9,0,Vulnerability_scanner,-0.0007607471704611698,-0.00017377380806707365,-0.0011324283124109769,0.0033097009242292566,-0.0012427516332900364
9,0,XSS,-0.0020509499136442144,0.0005127374784110536,0.0005127374784110536,0.0005127374784110536,0.0005127374784110536
9,1,Backdoor,0.02772055911958973,0.01850814281372337,-0.03390252768140361,0.014908987108921265,-0.012490100921834824
9,1,DDoS_HTTP,0.01369253131464251,-0.009054681244759574,0.0037886505479949374,-0.009612113635086137,0.017554329370023828
9,1,DDoS_ICMP,3.304179147523567e-05,0.00022114332048527122,3.304179147523567e-05,0.00022114332048527122,0.00016472302531213382
9,1,DDoS_TCP,0.0016714818690003962,0.0015319543790610754,0.000653286327890092,0.0019768350610000246,-6.799164824710842e-05
9,1,DDoS_UDP,4.859991204176905e-05,0.0003169151117193588,4.859991204176905e-05,0.0003169151117193588,0.00023639981381276727
9,1,Fingerprinting,0.0,0.0,0.0,0.0,0.0
9,1,MITM,0.0,0.0,0.0,0.0,0.0
9,1,Normal,3.733576498142581e-05,6.554962721949294e-05,7.215039169751932e-06,-0.00011998650434224544,0.0002563863273493542
9,1,Password,-0.010067676093709928,0.0003820306261544634,0.00036625592569334393,0.007657246343060513,0.0016621431988015985
9,1,Port_Scanning,0.0,0.0,0.0,0.0,0.0
9,1,Ransomware,0.043266180025181296,0.02639184459262056,-0.18077454843340499,0.014732333224540062,0.09638419059106303
9,1,SQL_injection,0.0,0.0,0.0,0.0,0.0
9,1,Uploading,0.0038838383656848653,0.004837280407387526,0.005752709735015999,0.00134917287233597,0.005276828160819234
9,1,Vulnerability_scanner,-0.0007973500221761983,-0.00010603662970467183,-0.0007668073655104265,0.0028470048244195745,-0.001176810807028278
9,1,XSS,-0.008078231292517007,0.0020195578231292518,0.0020195578231292518,0.0020195578231292518,0.0020195578231292518
9,2,Backdoor,0.026832768184889964,0.016650298465900364,-0.03539924370121143,0.014735233702662184,-0.011527931952555533
9,2,DDoS_HTTP,0.01123076863497708,-0.008153806852599062,0.005287740772246924,-0.004309102591248778,0.010463423806825817
9,2,DDoS_ICMP,-4.5156668269985545e-05,1.1289167067496386e-05,1.1289167067496386e-05,1.1289167067496386e-05,1.1289167067496386e-05
9,2,DDoS_TCP,0.0018053363180377702,0.0011323116439648487,8.714239890589096e-05,0.0015293913656553655,-0.0007365656733715679
9,2,DDoS_UDP,3.22061191626366e-05,5.3676865271061004e-06,-2.1470746108424402e-05,-2.1470746108424402e-05,5.3676865271061004e-06
9,2,Fingerprinting,0.0,0.0,0.0,0.0,0.0
9,2,MITM,0.0,0.0,0.0,0.0,0.0
9,2,Normal,4.443077524614221e-05,8.641824947644798e-05,-0.00013596733581520138,-8.893648121573264e-05,0.0002912594900846314
9,2,Password,-0.015663119808997223,-0.0010031321110916616,0.003124185801753876,0.008571003310394988,0.004971062807940028
9,2,Port_Scanning,0.0,0.0,0.0,0.0,0.0
9,2,Ransomware,0.03948109335455966,0.030558405121574983,-0.16353173964682083,0.007320929346542387,0.0779586661159135
9,2,SQL_injection,0.0,0.0,0.0,0.0,0.0
9,2,Uploading,0.006083836596087272,0.006481017136419806,0.006137095597631078,0.005096260494749024,0.0016541332745147366
9,2,Vulnerability_scanner,-0.0013242023184139658,-0.0003477737025637325,-0.0006759673208658686,0.003314991602593707,-0.00096704826075014
9,2,XSS,-0.007914193481203792,0.001978548370300948,0.001978548370300948,0.001978548370300948,0.001978548370300948
9,3,Backdoor,0.024676050553677487,0.018695782265092557,-0.024953858131119205,0.01667372030190813,-0.016449224216569972
9,3,DDoS_HTTP,0.013440396282284165,-0.004534374821569041,0.009940939595868321,-0.006870770081903486,0.008468137562515968
9,3,DDoS_ICMP,0.00019073499747058187,7.850230222267718e-05,0.00019073499747058187,7.850230222267718e-05,0.00013461864984662953
9,3,DDoS_TCP,0.0012980574647823873,0.0008501949873072235,0.00017678776714917798,0.0009595730850552301,-0.0004658088501170924
9,3,DDoS_UDP,0.00027405316530600967,0.00011291877922799953,0.00027405316530600967,0.00011291877922799953,0.00019348597226700459
9,3,Fingerprinting,0.0,0.0,0.0,0.0,0.0
9,3,MITM,0.0,0.0,0.0,0.0,0.0
9,3,Normal,4.706945007715291e-06,9.719734625801743e-05,-3.252055386945655e-05,-0.00010329270169795271,0.00025578392318604816
9,3,Password,-0.012147683906295717,0.00022502321433402628,0.00019708710017963122,0.010898123761243774,0.0008274498305382877
9,3,Port_Scanning,0.0,0.0,0.0,0.0,0.0
9,3,Ransomware,0.03841429833983338,0.024596603927001744,-0.15869819097781124,0.006190308994646817,0.0789033724103933
9,3,SQL_injection,0.0,0.0,0.0,0.0,0.0
9,3,Uploading,0.004291746045064622,0.005113485017092608,0.00481273406605264,0.004592496996104591,-0.0006252492789074452
9,3,Vulnerability_scanner,-0.0007923874371478161,-0.00042752193571948073,-0.001017943787384301,0.0034767003189787203,-0.0012388471587271225
9,3,XSS,0.0,0.0,0.0,0.0,0.0
9,4,Backdoor,0.02716040858955178,0.020061406539947414,-0.03953366723892714,0.01733526393709162,-0.013594840399092334
9,4,DDoS_HTTP,0.008644037306644144,-0.01138330689774958,-0.009822953709658872,-0.014817835734864606,0.01968946029427927
9,4,DDoS_ICMP,0.00032070803138175376,0.00026558655975509883,0.0005264928511426755,0.0003401981884390115,-0.0003326780503988713
9,4,DDoS_TCP,0.0012491984407910792,-0.00029997975452644525,-0.0018244442261002192,0.0017660123613750264,-0.0012451015493363416
9,4,DDoS_UDP,-0.0001384141134579057,0.0005844811185852024,-0.00016516630439683728,0.00018268130395161138,-0.0001384141134579057
9,4,Fingerprinting,0.0,0.0,0.0,0.0,0.0
9,4,MITM,-0.041758364164379204,-0.05143334526793174,0.26603890679078646,-0.07326570394239566,-0.09958149341607987
9,4,Normal,1.9387546188280127e-06,4.1778853527657533e-05,0.00015517284861983152,-0.00016161885532567366,0.00027827458643346165
9,4,Password,-0.010543059527551916,0.0008111748869935522,-0.004167207268850553,0.015828794501260415,-0.0019297025918515287
9,4,Port_Scanning,0.0,0.0,0.0,0.0,0.0
9,4,Ransomware,0.05325524212627489,0.04218914130322962,-0.2144265515407711,0.01583520065585743,0.10985351777358916
9,4,SQL_injection,0.0,0.0,0.0,0.0,0.0
9,4,Uploading,0.004010449363042468,0.004313696512537276,0.002966151732086752,0.005480971620756691,-0.003052270238410822
9,4,Vulnerability_scanner,-0.0009626458345880569,8.417566838750576e-05,-0.0010750414989688076,0.00335992857346429,-0.001406416908294931
9,4,XSS,-0.003997475278771302,0.0009993688196928256,0.0009993688196928256,0.0009993688196928256,0.0009993688196928256
9,Aggregated,Backdoor,0.02689687970315282,0.019660101055621413,-0.032254595741528336,0.01676678087289741,-0.01583835163961397
9,Aggregated,DDoS_HTTP,0.010459957621543791,-0.010245140890401672,0.002151803416826518,-0.010424387853511307,0.015160327820631637
9,Aggregated,DDoS_ICMP,0.00013588277121976596,0.00015125137886880523,0.00018833395823264303,0.00016620428233854272,3.135993239295661e-05
9,Aggregated,DDoS_TCP,0.0013554333988605948,0.0006665056538726381,-0.0001260574630279121,0.0013426499365874144,-0.0006314426749394346
9,Aggregated,DDoS_UDP,9.471912368964978e-05,0.00025564601870881607,7.862574237735843e-05,0.00016978654709837727,0.00011078693209309506
9,Aggregated,Fingerprinting,0.0,0.0,0.0,0.0,0.0
9,Aggregated,MITM,-0.041758364164379204,-0.05143334526793174,0.26603890679078646,-0.07326570394239566,-0.09958149341607989
9,Aggregated,Normal,3.6515263128552206e-06,8.404299484810658e-05,-9.158385311340093e-06,-0.0001381474074338899,0.00028842360899250334
9,Aggregated,Password,-0.012549466635044394,0.0005871163318877724,0.00023343391546413818,0.009716706841192845,0.002012209546499648
9,Aggregated,Port_Scanning,0.0,0.0,0.0,0.0,0.0
9,Aggregated,Ransomware,0.04252979207215583,0.030580902830997844,-0.176143401091442,0.010213873961925754,0.08934436731623101
9,Aggregated,SQL_injection,0.0,0.0,0.0,0.0,0.0
9,Aggregated,Uploading,0.00465613881277017,0.005186836725900446,0.005739030694456784,0.003740976627660008,0.0012888849181514534
9,Aggregated,Vulnerability_scanner,-0.0009282830929363273,-0.00019329645594917677,-0.0009331854880924584,0.0032614267691908894,-0.001206661732212927
9,Aggregated,XSS,-0.004447281625704861,0.0011118204064262153,0.0011118204064262153,0.0011118204064262153,0.0011118204064262153
9,Centralized,Backdoor,0.02689687970315282,0.019660101055621413,-0.032254595741528336,0.01676678087289741,-0.01583835163961397
9,Centralized,DDoS_HTTP,0.010459957621543791,-0.010245140890401672,0.002151803416826518,-0.010424387853511307,0.015160327820631637
9,Centralized,DDoS_ICMP,0.00013588277121976596,0.00015125137886880523,0.00018833395823264303,0.00016620428233854272,3.135993239295661e-05
9,Centralized,DDoS_TCP,0.0013554333988605948,0.0006665056538726381,-0.0001260574630279121,0.0013426499365874144,-0.0006314426749394346
9,Centralized,DDoS_UDP,9.471912368964978e-05,0.00025564601870881607,7.862574237735843e-05,0.00016978654709837727,0.00011078693209309506
9,Centralized,Fingerprinting,0.0,0.0,0.0,0.0,0.0
9,Centralized,MITM,-0.041758364164379204,-0.05143334526793174,0.26603890679078646,-0.07326570394239566,-0.09958149341607989
9,Centralized,Normal,3.6515263128552206e-06,8.404299484810658e-05,-9.158385311340093e-06,-0.0001381474074338899,0.00028842360899250334
9,Centralized,Password,-0.012549466635044394,0.0005871163318877724,0.00023343391546413818,0.009716706841192845,0.002012209546499648
9,Centralized,Port_Scanning,0.0,0.0,0.0,0.0,0.0
9,Centralized,Ransomware,0.04252979207215583,0.030580902830997844,-0.176143401091442,0.010213873961925754,0.08934436731623101
9,Centralized,SQL_injection,0.0,0.0,0.0,0.0,0.0
9,Centralized,Uploading,0.00465613881277017,0.005186836725900446,0.005739030694456784,0.003740976627660008,0.0012888849181514534
9,Centralized,Vulnerability_scanner,-0.0009282830929363273,-0.00019329645594917677,-0.0009331854880924584,0.0032614267691908894,-0.001206661732212927
9,Centralized,XSS,-0.004447281625704861,0.0011118204064262153,0.0011118204064262153,0.0011118204064262153,0.0011118204064262153
10,0,Backdoor,0.0115487849772703,-0.006035495035986159,-0.012173522215400011,0.00548674581151873,0.0048297935923960495
10,0,DDoS_HTTP,0.03839997227574162,-0.012937410656540218,-0.009100656072897013,0.0010166135200341615,-0.016138818731833163
10,0,DDoS_ICMP,0.0005564090183599342,0.00012673868659229074,-0.0004520714733378099,0.0005564090183599342,-0.0007874852499743494
10,0,DDoS_TCP,7.977497070065232e-05,-4.766551459271517e-05,-0.001107252503807362,0.0004106031292643845,0.00015612699948738633
10,0,DDoS_UDP,0.0009965534073211268,0.0003781263403738596,-0.001429434949159523,0.0009965534073211268,-0.0009417982058565903
10,0,Fingerprinting,0.0,0.0,0.0,0.0,0.0
10,0,MITM,0.0,0.0,0.0,0.0,0.0
10,0,Normal,0.00017493426871693454,0.00015155806721415624,-3.274570105789761e-05,0.0002628456778290729,-9.374643443934201e-08
10,0,Password,0.03495422650549749,0.028191564563085823,0.00029478525970629184,0.04463069698532515,0.022174857929473133
10,0,Port_Scanning,0.0,0.0,0.0,0.0,0.0
10,0,Ransomware,-0.002646211236605716,-0.002498936210609684,0.0010342431679890999,-0.005266209597021899,0.004182983243862811
10,0,SQL_injection,0.0,0.0,0.0,0.0,0.0
10,0,Uploading,-0.0025443889558302503,-0.00151799835026696,-0.0032259853899457985,0.0034306030314655424,0.00027638697140708996
10,0,Vulnerability_scanner,0.004620648650022435,0.003671655434429734,-0.0007880091848244989,0.004620648650022435,0.003144055509175732
10,0,XSS,0.0,0.0,0.0,0.0,0.0
10,1,Backdoor,0.014085810928604583,-0.003821845464030179,-0.0035175692515096485,0.0012745398714837338,0.0017417854706259469
10,1,DDoS_HTTP,0.03477289728526956,-0.006505720128201164,-0.010394669379724402,7.46013808407516e-05,-0.00952063757381842
10,1,DDoS_ICMP,0.0004479164224882796,0.00016804267713717015,-0.00035491175416842434,0.0004479164224882796,-0.000708963767945305
10,1,DDoS_TCP,0.00010881755994702017,0.0002651559663480315,-0.0007495037535429776,0.00025348499388377357,0.00012204523336415233
10,1,DDoS_UDP,0.0008245689830325402,0.00042103970905607395,-0.001224550742864041,0.0008245689830325402,-0.0008456269322571134
10,1,Fingerprinting,0.0,0.0,0.0,0.0,0.0
10,1,MITM,0.0,0.0,0.0,0.0,0.0
10,1,Normal,0.00011676446755305992,0.00014006991322295103,2.3192722970224087e-05,0.0001515587814742129,-3.0608377253033e-05
10,1,Password,0.030057454179483377,0.021132723293064776,0.0016156875450873737,0.035673307984058884,0.020957917127270236
10,1,Port_Scanning,0.0,0.0,0.0,0.0,0.0
10,1,Ransomware,0.0016279745280062966,-0.0030149597074621737,-0.001317031041640219,-0.0044621265645960655,0.004195257461865661
10,1,SQL_injection,0.0,0.0,0.0,0.0,0.0
10,1,Uploading,-0.0005144610685979149,-0.0008079055290089672,-0.002202297038714856,0.002447506367506571,0.001077157268815166
10,1,Vulnerability_scanner,0.003245034015169988,0.002954398390023218,-0.0003759898073838438,0.003587693127760781,0.0026149405422520072
10,1,XSS,0.0,0.0,0.0,0.0,0.0
10,2,Backdoor,0.010951525740684575,-0.0038972271628608,-0.0036655177056481377,0.0021676182537165595,0.0009786981053663657
10,2,DDoS_HTTP,0.02615385843684043,-0.006855232912341535,-0.006268868662242915,-0.0007195948106596277,-0.00933836748687555
10,2,DDoS_ICMP,0.0006095027254360453,8.588525132750176e-05,-0.0006245259344429839,0.0006468967928123588,-0.0007177588351329219
10,2,DDoS_TCP,-0.00025676697442167384,4.063841056539674e-05,-0.001326050670635422,0.0011475035688712405,0.00039467566562045864
10,2,DDoS_UDP,0.0009906552086606328,0.0002909845018099581,-0.0012184624898029517,0.0009906552086606328,-0.0007317712377019059
10,2,Fingerprinting,0.0,0.0,0.0,0.0,0.0
10,2,MITM,0.0,0.0,0.0,0.0,0.0
10,2,Normal,7.8705334216711e-05,0.00011384251038833449,5.807244693059414e-05,0.00026368988814704696,-4.9604850698337086e-05
10,2,Password,0.03978224185319206,0.02067708476370147,0.0008500949268071047,0.049694666260030516,0.02283684870782848
10,2,Port_Scanning,0.0,0.0,0.0,0.0,0.0
10,2,Ransomware,-0.0014664395953240983,-0.0006194363786100314,0.0029682548813135044,-0.0044612312217180185,0.009017448805566718
10,2,SQL_injection,0.0,0.0,0.0,0.0,0.0
10,2,Uploading,0.0014041987413280987,-0.00031857065687715034,-0.006585680614187282,0.0059722848379293435,-0.00047223230819301554
10,2,Vulnerability_scanner,0.0051713015489417,0.0025661251973099247,-0.0006726836708802808,0.004643737305840829,0.0029603781034445386
10,2,XSS,0.0,0.0,0.0,0.0,0.0
10,3,Backdoor,0.01276775349274424,-0.004337907963750004,-0.009684413326228491,0.001124389832652047,0.0029965575095172855
10,3,DDoS_HTTP,0.02675751483404169,-0.00598288859148737,-0.012100323686334315,-0.004216054611306142,-0.004807929965991683
10,3,DDoS_ICMP,0.0005789532190530985,0.00018647516929737873,-0.0004857196619740859,0.0005602477698451144,-0.0008399564962215056
10,3,DDoS_TCP,-1.9096607993788577e-05,0.00018398135318134685,-0.0007101891194808678,0.0005448733076545716,4.310666387378574e-07
10,3,DDoS_UDP,0.001045661612535161,0.0004809978520601425,-0.0015444991709831712,0.0010188058815221593,-0.0010009661751342917
10,3,Fingerprinting,0.0,0.0,0.0,0.0,0.0
10,3,MITM,0.0,0.0,0.0,0.0,0.0
10,3,Normal,9.298855703341139e-05,0.00015211446378757636,-2.073812095381896e-05,0.00017117416060537146,4.6382480901472714e-05
10,3,Password,0.033525630450757724,0.030460326859407697,0.0013679610110921153,0.03860053333638537,0.027792894574382988
10,3,Port_Scanning,0.0,0.0,0.0,0.0,0.0
10,3,Ransomware,-0.0009683683128414481,-0.0004566732879618248,0.0030436457382374974,-0.006081904440823348,0.007058378603165411
10,3,SQL_injection,0.0,0.0,0.0,0.0,0.0
10,3,Uploading,0.0007728152097322204,-0.0010858815840852694,-0.005923537652032131,0.006426005276655671,-0.00018940125027048875
10,3,Vulnerability_scanner,0.005062777791141974,0.0033843122166464217,-0.0006703182458915251,0.004718330569293936,0.0032737971586389285
10,3,XSS,0.0,0.0,0.0,0.0,0.0
10,4,Backdoor,0.011608713187570405,-0.006529332166025008,-0.007445561325591025,0.0016101226994906515,0.005028420755422851
10,4,DDoS_HTTP,0.03768039239298939,-0.00905751345592765,-0.0038914562636001046,-0.0018441474214416665,-0.013908524822551708
10,4,DDoS_ICMP,0.00010513359310848069,-4.2086660781145055e-05,-0.0010647882537637118,0.00044050527067608555,-0.0021232783611835485
10,4,DDoS_TCP,-0.0004712785218197161,0.0009369233186371617,-0.0001492016063079064,0.0015416304349148906,0.0006256575059538009
10,4,DDoS_UDP,0.0006280179563130021,0.0010012854611398966,-0.0004905530093191594,0.0006011795236774716,0.00018933051834951937
10,4,Fingerprinting,0.0,0.0,0.0,0.0,0.0
10,4,MITM,-0.05334712703133756,-0.0320818426081584,0.17970171128065862,-0.03587510955932008,-0.0583976320818426
10,4,Normal,0.0001679419473602358,5.8861468634803975e-05,6.700084561760966e-05,0.000159189112214958,-0.0001199515923773912
10,4,Password,0.03757688616633206,0.02585769785450065,-0.0013296907674063756,0.04207253764700992,0.024666899136144123
10,4,Port_Scanning,0.0,0.0,0.0,0.0,0.0
10,4,Ransomware,-0.005526994106931068,0.0028164150350945974,-0.000790936903471386,-0.007761346018572214,0.007888887605412866
10,4,SQL_injection,0.0,0.0,0.0,0.0,0.0
10,4,Uploading,-0.00034771188863072836,0.0013287701098617598,-0.007212105759755814,0.0014522942241209915,-0.0020550551712578006
10,4,Vulnerability_scanner,0.005263551324313903,0.0035809397393835023,-0.0006826325429054425,0.004981702931182449,0.003415949600928686
10,4,XSS,0.0,0.0,0.0,0.0,0.0
10,Aggregated,Backdoor,0.012168006675609763,-0.004938957219885659,-0.00735548667922765,0.0023397526422614854,0.00312424813565923
10,Aggregated,DDoS_HTTP,0.03283200827313822,-0.008295883721582692,-0.008332376824404571,-0.0011588653766496843,-0.010777672236860974
10,Aggregated,DDoS_ICMP,0.00045942914962994555,0.00010497164269988036,-0.0005968423744877919,0.0005304637226616023,-0.001036520674081872
10,Aggregated,DDoS_TCP,-0.00011086723877629841,0.00027768263290787744,-0.0008074191937120574,0.0007818282758695727,0.0002609338334197057
10,Aggregated,DDoS_UDP,0.000896866543175027,0.0005145761156529834,-0.0011809564912379055,0.0008861277115599068,-0.0006657862885014946
10,Aggregated,Fingerprinting,0.0,0.0,0.0,0.0,0.0
10,Aggregated,MITM,-0.039838355101513,-0.01857307067833384,0.1256666235613604,-0.02236633762949552,-0.04488886015201805
10,Aggregated,Normal,0.00012621448533682114,0.00012333412714048605,1.892697327607329e-05,0.00020169822628005965,-3.070163376154659e-05
10,Aggregated,Password,0.03517973489124225,0.025261389230417857,0.0005564559719817827,0.04215384464665624,0.023661806052982327
10,Aggregated,Port_Scanning,0.0,0.0,0.0,0.0,0.0
10,Aggregated,Ransomware,-0.001717389007766762,-0.0008489314780561317,0.0010730716093781466,-0.005631043991211609,0.006550493432628135
10,Aggregated,SQL_injection,0.0,0.0,0.0,0.0,0.0
10,Aggregated,Uploading,-0.0002528865215506872,-0.00046631000500086485,-0.0050395721549012455,0.00391445904519799,-0.0002900030053982825
10,Aggregated,Vulnerability_scanner,0.004673449159313423,0.0032310188837379222,-0.0006378394845163782,0.004510712180305302,0.0030816648829612658
10,Aggregated,XSS,0.0,0.0,0.0,0.0,0.0
10,Centralized,Backdoor,0.012168006675609763,-0.004938957219885659,-0.00735548667922765,0.0023397526422614854,0.00312424813565923
10,Centralized,DDoS_HTTP,0.03283200827313822,-0.008295883721582692,-0.008332376824404571,-0.0011588653766496843,-0.010777672236860974
10,Centralized,DDoS_ICMP,0.00045942914962994555,0.00010497164269988036,-0.0005968423744877919,0.0005304637226616023,-0.001036520674081872
10,Centralized,DDoS_TCP,-0.00011086723877629841,0.00027768263290787744,-0.0008074191937120574,0.0007818282758695727,0.0002609338334197057
10,Centralized,DDoS_UDP,0.000896866543175027,0.0005145761156529834,-0.0011809564912379055,0.0008861277115599068,-0.0006657862885014946
10,Centralized,Fingerprinting,0.0,0.0,0.0,0.0,0.0
10,Centralized,MITM,-0.039838355101513,-0.01857307067833384,0.1256666235613604,-0.02236633762949552,-0.04488886015201805
10,Centralized,Normal,0.00012621448533682114,0.00012333412714048605,1.892697327607329e-05,0.00020169822628005965,-3.070163376154659e-05
10,Centralized,Password,0.03517973489124225,0.025261389230417857,0.0005564559719817827,0.04215384464665624,0.023661806052982327
10,Centralized,Port_Scanning,0.0,0.0,0.0,0.0,0.0
10,Centralized,Ransomware,-0.001717389007766762,-0.0008489314780561317,0.0010730716093781466,-0.005631043991211609,0.006550493432628135
10,Centralized,SQL_injection,0.0,0.0,0.0,0.0,0.0
10,Centralized,Uploading,-0.0002528865215506872,-0.00046631000500086485,-0.0050395721549012455,0.00391445904519799,-0.0002900030053982825
10,Centralized,Vulnerability_scanner,0.004673449159313423,0.0032310188837379222,-0.0006378394845163782,0.004510712180305302,0.0030816648829612658
10,Centralized,XSS,0.0,0.0,0.0,0.0,0.0
11,0,Backdoor,-0.019851726836879094,0.011448030469329755,0.0037285656124165993,0.005938715036267058,-0.00015865630234898436
11,0,DDoS_HTTP,-0.019451818511618202,0.012761435276302897,-0.0019970474556570304,0.014654713874088026,0.00548186387670927
11,0,DDoS_ICMP,1.1218219684738794e-05,-4.487287873895518e-05,1.1218219684738794e-05,1.1218219684738794e-05,1.1218219684738794e-05
11,0,DDoS_TCP,-0.00043517186881280033,0.0005095195404050142,-0.00023654666218982378,0.00014465116587499642,1.7547824722613515e-05
11,0,DDoS_UDP,1.611343860780101e-05,-6.445375443120405e-05,1.611343860780101e-05,1.611343860780101e-05,1.611343860780101e-05
11,0,Fingerprinting,0.0,0.0,0.0,0.0,0.0
11,0,MITM,0.0,0.0,0.0,0.0,0.0
11,0,Normal,-0.0012068027890993148,0.00040746561423869824,0.000352815426780854,0.00047841729028588373,0.00023425379533342411
11,0,Password,-0.015720222459774117,0.010471637647245017,0.010946497944088507,0.0029945471442653516,0.0036745801749344395
11,0,Port_Scanning,0.0,0.0,0.0,0.0,0.0
11,0,Ransomware,-0.07894597946835284,0.007780847330511379,0.00118176400653399,0.07059506439825042,-0.0031581694016513608
11,0,SQL_injection,0.0,0.0,0.0,0.0,0.0
11,0,Uploading,0.0019399010283562075,0.001996294818780329,-0.0024105547186297777,0.002823328240925895,-0.001023991297406122
11,0,Vulnerability_scanner,-0.002536661015431091,0.0008523190625025361,0.0008904463785341803,-5.842348810816134e-05,0.0008523190625025361
11,0,XSS,-0.0020509499136442144,0.0005127374784110536,0.0005127374784110536,0.0005127374784110536,0.0005127374784110536
11,1,Backdoor,-0.029815506390734922,0.01262678461726846,0.004954669667860123,0.009063078902866598,0.004729006364546438
11,1,DDoS_HTTP,-0.009543082328926587,0.010720986724825165,-0.005139702935844292,0.008104603235743583,0.001845299652962193
11,1,DDoS_ICMP,5.984397122541137e-05,-8.976595683811706e-05,5.984397122541137e-05,5.984397122541137e-05,-8.976595683811706e-05
11,1,DDoS_TCP,0.0005938143763256095,-0.0004919483593257908,-0.0010274322000475178,0.00019748349594497967,-0.00027607287217518893
11,1,DDoS_UDP,8.596604341285878e-05,-0.00012894906511928816,8.596604341285878e-05,8.596604341285878e-05,-0.00012894906511928816
11,1,Fingerprinting,0.0,0.0,0.0,0.0,0.0
11,1,MITM,0.0,0.0,0.0,0.0,0.0
11,1,Normal,-0.0012732266390465244,0.0004196940923026841,0.00026444342454010246,0.0004865416918495772,0.00023295034874488697
11,1,Password,-0.01392984802495392,0.004746165034052899,0.006179418013985019,0.0016478439806011191,0.0038838839464363133
11,1,Port_Scanning,0.0,0.0,0.0,0.0,0.0
11,1,Ransomware,-0.06019514072865895,0.015444291841366245,0.0014449078374941555,0.055603528835762965,-0.0063167265419452725
11,1,SQL_injection,0.0,0.0,0.0,0.0,0.0
11,1,Uploading,0.0027719707448429004,2.8672141572970895e-05,-0.0006271855018774545,0.0016751025991451614,-3.1766090553801234e-05
11,1,Vulnerability_scanner,-0.001931277476675695,0.0005235870083165931,0.0006187060359543046,0.00018875315895255373,0.0006002312734522434
11,1,XSS,-0.0019884877027734173,0.0004971219256933543,0.0004971219256933543,0.0004971219256933543,0.0004971219256933543
11,2,Backdoor,-0.027933761665694574,0.011387151073886267,0.003555751519354224,0.0054038289076649626,0.005430695932983168
11,2,DDoS_HTTP,-0.014597374065057329,0.00529677910002853,-0.0036014311981321183,0.004879626308819455,0.005032863232517862
11,2,DDoS_ICMP,0.0,0.0,0.0,0.0,0.0
11,2,DDoS_TCP,0.0011449128063867552,2.5494077926100736e-05,-0.0019135545515907718,0.0009852850129734802,-0.0012458818849092669
11,2,DDoS_UDP,0.00010198604401501591,0.00010198604401501591,0.00010198604401501591,-0.00019323671497581963,-0.00011272141706922812
11,2,Fingerprinting,0.0,0.0,0.0,0.0,0.0
11,2,MITM,0.0,0.0,0.0,0.0,0.0
11,2,Normal,-0.0013037960056439756,0.0004443578285278693,0.0003258615538367704,0.0004452682602929118,0.000267958665372516
11,2,Password,-0.016348064734481013,0.00918273947410193,0.008940333569900743,9.266844503340634e-05,0.005338232090698039
11,2,Port_Scanning,0.0,0.0,0.0,0.0,0.0
11,2,Ransomware,-0.06471286680060555,0.015728770252239267,0.0029374330728233174,0.0533225523445278,-0.0016903032833992784
11,2,SQL_injection,0.0,0.0,0.0,0.0,0.0
11,2,Uploading,0.007613479862207015,-0.0019263041115213147,-0.007224009315988941,0.0019544725113034805,-0.00041763894600024435
11,2,Vulnerability_scanner,-0.003323802807989288,0.0012426601196036612,0.0013557677535483278,-0.0004419800859971031,0.0011673550208344023
11,2,XSS,-0.005905205905205907,0.0014763014763014767,0.0014763014763014767,0.0014763014763014767,0.0014763014763014767
11,3,Backdoor,-0.024816996156337597,0.01334457593113904,0.00282696304311902,0.006400943970241644,0.0011816320191282018
11,3,DDoS_HTTP,-0.010605555751418977,0.011564254976151492,-0.00625234175072111,0.007498658842694376,0.0023244686445168567
11,3,DDoS_ICMP,9.725486964137961e-05,-0.0001645877536700535,9.725486964137961e-05,0.00011596031884936372,-0.0001458823044620694
11,3,DDoS_TCP,0.0008243893485954834,-0.0004888618696620921,-0.0009901955840268743,0.00030588886597307334,-0.000656192521950207
11,3,DDoS_UDP,0.00013967750543886215,-0.0002363719891712949,0.00013967750543886215,0.00016653323645186383,-0.00020951625815829322
11,3,Fingerprinting,0.0,0.0,0.0,0.0,0.0
11,3,MITM,0.0,0.0,0.0,0.0,0.0
11,3,Normal,-0.0014052700459396216,0.0004649991327385139,0.00033390587377507184,0.0004317672641231729,0.0002826051170603953
11,3,Password,-0.016196084297529396,0.010617006117298194,0.007560702498828081,-0.0014326438321189791,0.004111549301560573
11,3,Port_Scanning,0.0,0.0,0.0,0.0,0.0
11,3,Ransomware,-0.09499111251201399,0.017265707256839832,0.00012789912710525672,0.08441746440580561,-0.004189811352287743
11,3,SQL_injection,0.0,0.0,0.0,0.0,0.0
11,3,Uploading,0.004817654674412673,-0.000977090228116129,-0.004593115803921117,0.0008274154781236778,-0.003683875532978718
11,3,Vulnerability_scanner,-0.0029480135995561484,0.001089301699541917,0.001089301699541917,-0.00020507575845358968,0.0009744859589259044
11,3,XSS,0.0,0.0,0.0,0.0,0.0
11,4,Backdoor,-0.029990573039730555,0.009980224894171618,0.006921791153744581,0.006899255243285106,0.009435735590142649
11,4,DDoS_HTTP,-0.024147907971717248,0.009336339941654167,-9.745721752939991e-05,0.009759292840822465,0.014681591160454803
11,4,DDoS_ICMP,7.173637327367865e-06,-0.0003478077825215975,0.0008841704121797263,9.978665551133211e-05,0.0006971244984783372
11,4,DDoS_TCP,9.268098966743002e-05,0.0009562859704769093,-0.0004874201345494933,0.0005586466653515717,-0.00030590755508633585
11,4,DDoS_UDP,0.00010194450806138012,-0.0006487890276372662,-0.000407122795417734,-0.000407122795417734,-0.0005681703397493761
11,4,Fingerprinting,0.0,0.0,0.0,0.0,0.0
11,4,MITM,-0.04516129032258064,-0.04516129032258064,0.18064516129032257,-0.04516129032258064,-0.04516129032258064
11,4,Normal,-0.0015033031733061068,0.00046911500545818716,0.00045488778878560363,0.00042650975246422693,0.00026385657648872094
11,4,Password,-0.01833415846320653,0.0051777902365188295,0.006284320424266974,0.0012986950294201368,0.005573352773000606
11,4,Port_Scanning,0.0,0.0,0.0,0.0,0.0
11,4,Ransomware,-0.0487689538082121,0.005195186393642448,0.0008353141982508232,0.03861973904008667,-0.005757829033644342
11,4,SQL_injection,0.0,0.0,0.0,0.0,0.0
11,4,Uploading,0.005592247569816932,-0.00042513227754449785,-0.0040013146874584215,0.002679429239384515,-0.0004219388644652433
11,4,Vulnerability_scanner,-0.002925935066986407,0.0007916530213937512,0.0011665846120156587,7.284102577859164e-06,0.0009604133309991381
11,4,XSS,-0.003997475278771302,0.0009993688196928256,0.0009993688196928256,0.0009993688196928256,0.0009993688196928256
11,Aggregated,Backdoor,-0.026542837952753588,0.011768736333888174,0.004418814908913001,0.006750939367543903,0.00413590470162936
11,Aggregated,DDoS_HTTP,-0.01577228745385391,0.009951083512835615,-0.003412206894607045,0.009001788006535952,0.005989955444712466
11,Aggregated,DDoS_ICMP,3.5135594363281765e-05,-0.0001294056230169427,0.0002109276847921023,5.755081665874869e-05,9.496808941939865e-05
11,Aggregated,DDoS_TCP,0.000447220898232048,0.00010038048061761785,-0.0009323878235657908,0.0004387447873830904,-0.0004942650160396578
11,Aggregated,DDoS_UDP,8.913126688669948e-05,-0.00019546748493685465,-1.284578865673458e-05,-6.64908490223733e-05,-0.00020077568220708275
11,Aggregated,Fingerprinting,0.0,0.0,0.0,0.0,0.0
11,Aggregated,MITM,-0.04375,-0.04375,0.175,-0.04375,-0.04375
11,Aggregated,Normal,-0.0013383962402841695,0.00044113426526160384,0.0003463106574588759,0.00045368727468622085,0.000256310632836824
11,Aggregated,Password,-0.016100652634546485,0.008044926289565772,0.00799537420999369,0.0009319189380974792,0.004510377051042857
11,Aggregated,Port_Scanning,0.0,0.0,0.0,0.0,0.0
11,Aggregated,Ransomware,-0.0691257473431422,0.012062057072080206,0.0014729101780770646,0.06014188193166589,-0.003977302403652739
11,Aggregated,SQL_injection,0.0,0.0,0.0,0.0,0.0
11,Aggregated,Uploading,0.004545593024381513,-0.0002574862889043711,-0.0037524586201756905,0.0019978476102938177,-0.0011100773417003745
11,Aggregated,Vulnerability_scanner,-0.0027340617584923343,0.000899612110754335,0.001025156533232004,-0.00010204511888656231,0.0009113382333925576
11,Aggregated,XSS,-0.002818393727484636,0.000704598431871159,0.000704598431871159,0.000704598431871159,0.000704598431871159
11,Centralized,Backdoor,-0.026542837952753588,0.011768736333888174,0.004418814908913001,0.006750939367543903,0.00413590470162936
11,Centralized,DDoS_HTTP,-0.01577228745385391,0.009951083512835615,-0.003412206894607045,0.009001788006535952,0.005989955444712466
11,Centralized,DDoS_ICMP,3.5135594363281765e-05,-0.0001294056230169427,0.0002109276847921023,5.755081665874869e-05,9.496808941939865e-05
11,Centralized,DDoS_TCP,0.000447220898232048,0.00010038048061761785,-0.0009323878235657908,0.0004387447873830904,-0.0004942650160396578
11,Centralized,DDoS_UDP,8.913126688669948e-05,-0.00019546748493685465,-1.284578865673458e-05,-6.64908490223733e-05,-0.00020077568220708275
11,Centralized,Fingerprinting,0.0,0.0,0.0,0.0,0.0
11,Centralized,MITM,-0.04375,-0.04375,0.175,-0.04375,-0.04375
11,Centralized,Normal,-0.0013383962402841695,0.00044113426526160384,0.0003463106574588759,0.00045368727468622085,0.000256310632836824
11,Centralized,Password,-0.016100652634546485,0.008044926289565772,0.00799537420999369,0.0009319189380974792,0.004510377051042857
11,Centralized,Port_Scanning,0.0,0.0,0.0,0.0,0.0
11,Centralized,Ransomware,-0.0691257473431422,0.012062057072080206,0.0014729101780770646,0.06014188193166589,-0.003977302403652739
11,Centralized,SQL_injection,0.0,0.0,0.0,0.0,0.0
11,Centralized,Uploading,0.004545593024381513,-0.0002574862889043711,-0.0037524586201756905,0.0019978476102938177,-0.0011100773417003745
11,Centralized,Vulnerability_scanner,-0.0027340617584923343,0.000899612110754335,0.001025156533232004,-0.00010204511888656231,0.0009113382333925576
11,Centralized,XSS,-0.002818393727484636,0.000704598431871159,0.000704598431871159,0.000704598431871159,0.000704598431871159
12,0,Backdoor,0.00782713736701959,0.016376930672287068,-0.012756025050239332,0.002122788940298028,-0.0017302739633461221
12,0,DDoS_HTTP,-0.010074215520096474,0.012490541928391597,0.009833762210970036,0.01077985466970852,0.01912326378916717
12,0,DDoS_ICMP,1.1284045352544236e-05,1.1284045352544236e-05,-4.513618141017694e-05,1.1284045352544236e-05,1.1284045352544236e-05
12,0,DDoS_TCP,6.765375460441685e-05,0.00015238979787851603,-0.00014418496162377226,0.00044896400059798075,-0.0005248225914571414
12,0,DDoS_UDP,1.61030595813183e-05,1.61030595813183e-05,-6.44122383252732e-05,1.61030595813183e-05,1.61030595813183e-05
12,0,Fingerprinting,0.0,0.0,0.0,0.0,0.0
12,0,MITM,0.0,0.0,0.0,0.0,0.0
12,0,Normal,0.000345556361785541,-0.00010883859863205318,-0.00034974810140276925,5.756457766202816e-05,-0.0002453730911162577
12,0,Password,-0.0016729066956221246,-0.007311326799287071,0.0012497763872231704,0.013666586351992376,-0.005932129244306356
12,0,Port_Scanning,0.0,0.0,0.0,0.0,0.0
12,0,Ransomware,0.07620065553112872,0.0034255135278816943,-0.05575081359194041,0.09594805506183493,-0.09610046680596124
12,0,SQL_injection,0.0,0.0,0.0,0.0,0.0
12,0,Uploading,0.004871758024702625,-0.0008332841145062257,0.0002723264888295838,0.010128124729005237,-0.010877557212453152
12,0,Vulnerability_scanner,-0.0019436051322013425,0.00031442601197346207,0.0005430597067426268,0.0005430597067426268,0.0005430597067426268
12,0,XSS,0.0010308439356536364,-0.004123375742614546,0.0010308439356536364,0.0010308439356536364,0.0010308439356536364
12,1,Backdoor,0.003494182083439275,0.011867467398456094,-0.01133616440283947,0.0007071032095548953,-0.0009590033829504185
12,1,DDoS_HTTP,-0.012379934073996427,0.006582536462813605,0.010424732998223715,0.007050741521429338,0.006525657640490948
12,1,DDoS_ICMP,-3.6447724771164016e-06,5.249684139970364e-05,-7.917605408377937e-05,1.5161992580596065e-05,1.5161992580596065e-05
12,1,DDoS_TCP,-0.000453942372486793,0.001390385372284551,0.000183710763344976,-0.00016233450641223908,-0.0009578192567304948
12,1,DDoS_UDP,4.2910395223779337e-05,4.2910395223779337e-05,-0.00022531844616617834,6.974882785930984e-05,6.974882785930984e-05
12,1,Fingerprinting,0.0,0.0,0.0,0.0,0.0
12,1,MITM,0.0,0.0,0.0,0.0,0.0
12,1,Normal,0.00035430619953369933,-0.0001448417175385482,-0.00023321010761662524,0.00012247405569005277,-0.00025412320781564304
12,1,Password,0.0011758329073025967,-0.006588606830825686,4.144455275356303e-05,0.01208164985458735,-0.006710320483817826
12,1,Port_Scanning,0.0,0.0,0.0,0.0,0.0
12,1,Ransomware,0.056530813967909405,0.004739210941452273,-0.035676202661012055,0.08209281293038975,-0.08103346378872588
12,1,SQL_injection,0.0,0.0,0.0,0.0,0.0
12,1,Uploading,0.00013255461818434676,0.0009412512837840032,-0.002273751473905229,0.006232803024063443,-0.00860882113785044
12,1,Vulnerability_scanner,-0.0010523417177134675,6.451459631143981e-05,0.0003483123245001644,0.00029120247240169893,0.0003483123245001644
12,1,XSS,0.0009993688196928256,-0.003997475278771302,0.0009993688196928256,0.0009993688196928256,0.0009993688196928256
12,2,Backdoor,0.011979799136830567,0.017298312597182224,-0.01551444421584512,0.004783787446387453,0.004618568201468115
12,2,DDoS_HTTP,-0.004992982623235549,0.01019932039231378,0.008293848156997618,0.008829890851282107,0.011945610491115395
12,2,DDoS_ICMP,2.6346477326216755e-05,2.6346477326216755e-05,-0.00014301646619652164,4.5161755772044065e-05,4.5161755772044065e-05
12,2,DDoS_TCP,-0.0006189325096522313,0.0011676017208044473,-0.0004984701069908855,0.00022054755091686825,-0.0015865361287623577
12,2,DDoS_UDP,-0.00017177288153516674,0.00015027102842177047,-0.00017170375485745144,-0.00011809601626410575,-1.0759567391412557e-05
12,2,Fingerprinting,0.0,0.0,0.0,0.0,0.0
12,2,MITM,0.0,0.0,0.0,0.0,0.0
12,2,Normal,0.00033297495856279835,-5.241662504851252e-05,-0.00024914477207711266,-2.2220719920325777e-05,-0.00016210635956775965
12,2,Password,-0.008801962455407738,-0.001822058895898123,0.001955079006520855,0.012058285116860048,-0.0033893427720750415
12,2,Port_Scanning,0.0,0.0,0.0,0.0,0.0
12,2,Ransomware,0.07745406172185207,-0.0052664058494141745,-0.057642359295648,0.07973850112002265,-0.09709533406539596
12,2,SQL_injection,0.0,0.0,0.0,0.0,0.0
12,2,Uploading,0.00402883390069772,0.0032135707324153157,-0.0032462596912640365,0.011169311556882711,-0.01491900944377404
12,2,Vulnerability_scanner,-0.0023733945421266387,3.802074638075507e-05,0.0006778797907861715,-6.373596488991791e-07,0.000753441830695184
12,2,XSS,0.0014763014763014767,-0.005905205905205907,0.0014763014763014767,0.0014763014763014767,0.0014763014763014767
12,3,Backdoor,0.008339170861541059,0.016361056531369926,-0.009774086938750726,0.00044419628050328027,0.004253758950071216
12,3,DDoS_HTTP,-0.008823610587999513,0.013058888508901918,0.007974129028776594,0.008948638115272415,0.01359327855163926
12,3,DDoS_ICMP,3.386742583231239e-05,3.386742583231239e-05,-0.00013546970332924956,3.386742583231239e-05,3.386742583231239e-05
12,3,DDoS_TCP,-0.00046315106842297895,0.0007375853632987983,-0.0001506997637633752,-0.00020001509163428504,-0.0007356241541336906
12,3,DDoS_UDP,4.827808175088544e-05,4.827808175088544e-05,-0.00019311232700354176,4.827808175088544e-05,4.827808175088544e-05
12,3,Fingerprinting,0.0,0.0,0.0,0.0,0.0
12,3,MITM,0.0,0.0,0.0,0.0,0.0
12,3,Normal,0.0003376976758717528,-5.2867837617868546e-05,-0.0002271958414395166,9.886777469608568e-05,-0.0002678280701413183
12,3,Password,-0.004347091807164969,-0.003106933028684126,0.0025343083646465732,0.011672557011731418,-0.006752840540528883
12,3,Port_Scanning,0.0,0.0,0.0,0.0,0.0
12,3,Ransomware,0.07665925010257055,-0.005952890512073003,-0.06753898720966639,0.1074537965982421,-0.08146042929201772
12,3,SQL_injection,0.0,0.0,0.0,0.0,0.0
12,3,Uploading,0.0014734357270690692,0.0033137884171180482,-0.0015191634961251091,0.005725432112795986,-0.00899349276085799
12,3,Vulnerability_scanner,-0.0018789545810584376,0.0003165917007713737,0.0004314519091413005,0.00012515802015482895,0.0005463121175112273
12,3,XSS,0.0,0.0,0.0,0.0,0.0
12,4,Backdoor,0.0036850845099795247,0.014564986927241034,-0.014104217466136538,-0.0031930180089799125,0.006766462283509927
12,4,DDoS_HTTP,-0.010918215318601373,0.011711071751312674,0.0038480379724099983,0.007505845655571881,0.018911027386759077
12,4,DDoS_ICMP,-0.00026918844013960425,0.0004589101593333496,0.0007004101747339156,-6.32342168749948e-05,0.00029138711381894905
12,4,DDoS_TCP,-0.0009684780092733159,0.0007209559992690536,-0.0002735012395382671,-0.00017920943013604955,-0.0006121032783267051
12,4,DDoS_UDP,-6.418461016424181e-05,-6.418461016424181e-05,-0.00035821798191334466,4.275535978646161e-05,0.00012301193260325639
12,4,Fingerprinting,0.0,0.0,0.0,0.0,0.0
12,4,MITM,-0.04666666666666666,-0.04666666666666666,0.18666666666666665,-0.04666666666666666,-0.04666666666666666
12,4,Normal,0.0002324246287745968,-0.00018575660840972064,-0.0002685529093651162,-0.00015168738914509797,-0.00010239878538058818
12,4,Password,-0.0075579694188977,-0.0015366699447827274,0.0020651303979998597,0.0074410438298518605,-0.00041153486417129374
12,4,Port_Scanning,0.0,0.0,0.0,0.0,0.0
12,4,Ransomware,0.07408391648481137,0.011378147209512458,-0.03731293305053603,0.06839742803760913,-0.09566302454485079
12,4,SQL_injection,0.0,0.0,0.0,0.0,0.0
12,4,Uploading,0.0018129422479488816,0.0029135159540591487,0.000928181511870641,0.004674209697766888,-0.006918331905717264
12,4,Vulnerability_scanner,-0.001810709457845755,0.00024615769598596016,0.000584185437049134,0.00043378179761904834,0.0005465845271916125
12,4,XSS,0.001506820344718198,-0.006027281378872792,0.001506820344718198,0.001506820344718198,0.001506820344718198
12,Aggregated,Backdoor,0.0070803465071735275,0.015305385891314607,-0.012700743095279273,0.001010108435992424,0.0025645236338545244
12,Aggregated,DDoS_HTTP,-0.009493845116181381,0.010852371064940443,0.008061466088252589,0.008643221951362964,0.014179191626263027
12,Aggregated,DDoS_ICMP,-4.033350498065895e-05,0.00011677701818389637,5.983263025746144e-05,8.420526492482668e-06,7.94890764025613e-05
12,Aggregated,DDoS_TCP,-0.00048819503995810033,0.0008350872472529876,-0.0001768803974880347,2.5881994748833125e-05,-0.0008851201373454686
12,Aggregated,DDoS_UDP,-2.5769297679837747e-05,3.860215443696746e-05,-0.00020269428901428243,1.178031313870398e-05,4.9331305689529854e-05
12,Aggregated,Fingerprinting,0.0,0.0,0.0,0.0,0.0
12,Aggregated,MITM,-0.04666666666666666,-0.04666666666666666,0.18666666666666665,-0.04666666666666666,-0.04666666666666666
12,Aggregated,Normal,0.00032061902198543546,-0.00010888265111846929,-0.0002655534163268543,2.1063559115824804e-05,-0.00020641310959097306
12,Aggregated,Password,-0.004216183424679188,-0.004089265799147294,0.0015566083185088494,0.011388477063283534,-0.004639636157965913
12,Aggregated,Port_Scanning,0.0,0.0,0.0,0.0,0.0
12,Aggregated,Ransomware,0.07216722715541796,0.001952274397659277,-0.05027834678313334,0.08607242927846032,-0.09004821250456214
12,Aggregated,SQL_injection,0.0,0.0,0.0,0.0,0.0
12,Aggregated,Uploading,0.0024684820879686885,0.0018967275615023047,-0.0011316902742257618,0.007557199798125639,-0.010027068925184558
12,Aggregated,Vulnerability_scanner,-0.0018121964471551233,0.00019544772844954001,0.0005174444517911585,0.000278532507482084,0.0005477833849878914
12,Aggregated,XSS,0.0010096984190248437,-0.004038793676099375,0.0010096984190248437,0.0010096984190248437,0.0010096984190248437
12,Centralized,Backdoor,0.0070803465071735275,0.015305385891314607,-0.012700743095279273,0.001010108435992424,0.0025645236338545244
12,Centralized,DDoS_HTTP,-0.009493845116181381,0.010852371064940443,0.008061466088252589,0.008643221951362964,0.014179191626263027
12,Centralized,DDoS_ICMP,-4.033350498065895e-05,0.00011677701818389637,5.983263025746144e-05,8.420526492482668e-06,7.94890764025613e-05
12,Centralized,DDoS_TCP,-0.00048819503995810033,0.0008350872472529876,-0.0001768803974880347,2.5881994748833125e-05,-0.0008851201373454686
12,Centralized,DDoS_UDP,-2.5769297679837747e-05,3.860215443696746e-05,-0.00020269428901428243,1.178031313870398e-05,4.9331305689529854e-05
12,Centralized,Fingerprinting,0.0,0.0,0.0,0.0,0.0
12,Centralized,MITM,-0.04666666666666666,-0.04666666666666666,0.18666666666666665,-0.04666666666666666,-0.04666666666666666
12,Centralized,Normal,0.00032061902198543546,-0.00010888265111846929,-0.0002655534163268543,2.1063559115824804e-05,-0.00020641310959097306
12,Centralized,Password,-0.004216183424679188,-0.004089265799147294,0.0015566083185088494,0.011388477063283534,-0.004639636157965913
12,Centralized,Port_Scanning,0.0,0.0,0.0,0.0,0.0
12,Centralized,Ransomware,0.07216722715541796,0.001952274397659277,-0.05027834678313334,0.08607242927846032,-0.09004821250456214
12,Centralized,SQL_injection,0.0,0.0,0.0,0.0,0.0
12,Centralized,Uploading,0.0024684820879686885,0.0018967275615023047,-0.0011316902742257618,0.007557199798125639,-0.010027068925184558
12,Centralized,Vulnerability_scanner,-0.0018121964471551233,0.00019544772844954001,0.0005174444517911585,0.000278532507482084,0.0005477833849878914
12,Centralized,XSS,0.0010096984190248437,-0.004038793676099375,0.0010096984190248437,0.0010096984190248437,0.0010096984190248437
13,0,Backdoor,0.03260797816111078,-0.004953608643556512,0.021574594746833965,-0.09826259986504562,0.031363781482761394
13,0,DDoS_HTTP,0.0004224081141331835,-0.03323466033797252,-0.01116028883013959,-0.008925879235307976,0.01591785978352933
13,0,DDoS_ICMP,-4.513618141017694e-05,3.009078760678463e-05,3.009078760678463e-05,-4.513618141017694e-05,3.009078760678463e-05
13,0,DDoS_TCP,0.000609647834438994,-0.00015258002908819513,1.6722929050013343e-05,-0.0006600407898372759,0.0001862500554364636
13,0,DDoS_UDP,-6.44122383252732e-05,4.2941492216848803e-05,4.2941492216848803e-05,-6.44122383252732e-05,4.2941492216848803e-05
13,0,Fingerprinting,0.0,0.0,0.0,0.0,0.0
13,0,MITM,0.0,0.0,0.0,0.0,0.0
13,0,Normal,0.0004425673561884502,1.2518815690139757e-05,0.0004201383755003359,-0.0003211990170850535,0.00013670814943140264
13,0,Password,0.012676478085337204,-0.003673737185240157,-0.002213915418527155,-0.0015038199397573238,-0.0003849835686198483
13,0,Port_Scanning,0.0,0.0,0.0,0.0,0.0
13,0,Ransomware,0.054048256876030605,0.034123953540139224,0.028147208364054575,-0.014025883240680142,0.025809595215520155
13,0,SQL_injection,0.0,0.0,0.0,0.0,0.0
13,0,Uploading,0.007345375887813514,-0.002776487402462833,0.003389751544224697,-0.004526778909324256,0.003650250742286231
13,0,Vulnerability_scanner,0.0006250982608527448,0.00047284910348703856,-0.002348143886045273,0.0006250982608527448,0.0006250982608527448
13,0,XSS,0.0,0.0,0.0,0.0,0.0
13,1,Backdoor,0.03024697314736248,-0.0016413209297954099,0.021042184548460637,-0.08222071487974063,0.027035935775501074
13,1,DDoS_HTTP,0.0027464103021772324,-0.022362798382728127,-0.004644752853013381,-0.008844331468997168,0.014901737853600236
13,1,DDoS_ICMP,-4.53796132391604e-05,3.02530754927736e-05,3.02530754927736e-05,-4.53796132391604e-05,3.02530754927736e-05
13,1,DDoS_TCP,0.0010109851503833293,-0.0004515180628365238,0.00021599809966121135,-0.0017853476604014651,0.0005087943343816699
13,1,DDoS_UDP,-0.00019311232700354176,0.0001287415513356945,0.0001287415513356945,-0.00019311232700354176,0.0001287415513356945
13,1,Fingerprinting,0.0,0.0,0.0,0.0,0.0
13,1,MITM,0.0,0.0,0.0,0.0,0.0
13,1,Normal,0.00031430249406146175,-3.525764642203222e-05,0.00044371497716410766,-0.00035054126898333057,7.606744143889473e-05
13,1,Password,0.012375002719508775,-0.004757000358199604,0.00565290418189931,-0.0013335056016560024,-0.004396559427354504
13,1,Port_Scanning,0.0,0.0,0.0,0.0,0.0
13,1,Ransomware,0.04403598879498082,0.020458997240569054,0.022638478881856734,-0.020824257037525513,0.016278746801096915
13,1,SQL_injection,0.0,0.0,0.0,0.0,0.0
13,1,Uploading,0.00315988498604928,-0.0011879980662957532,0.0013081298808442136,-0.001889265762632838,0.0024333407402377964
13,1,Vulnerability_scanner,0.0004386176903054891,0.0005721226017728139,-0.001773625729376969,0.0004957926619616452,0.0002670927753370208
13,1,XSS,0.0,0.0,0.0,0.0,0.0
13,2,Backdoor,0.026516705218300088,-0.006042081533209443,0.01784647663929236,-0.0744758245610732,0.024893462975428916
13,2,DDoS_HTTP,0.003469198465252549,-0.028061834507949676,-0.005604528323558488,-0.004062687225891012,0.010721546229179802
13,2,DDoS_ICMP,-7.526111378330924e-05,3.763055689165462e-05,0.00011289167067496386,-9.407639222913655e-05,1.881527844582731e-05
13,2,DDoS_TCP,0.0009508396395603894,-0.00014885634216339853,0.00022625368540038864,-0.0015548716507081729,0.0008413175643766498
13,2,DDoS_UDP,-0.0002414698543742877,0.00024150096137925958,0.0002414491163709731,-0.0002683082870098182,2.6828063633873207e-05
13,2,Fingerprinting,0.0,0.0,0.0,0.0,0.0
13,2,MITM,0.0,0.0,0.0,0.0,0.0
13,2,Normal,0.00025422304751274714,3.2942335331405856e-05,0.00033841273610689485,-0.00021061049577259333,5.5354745423883785e-05
13,2,Password,0.007882711798794096,-0.0025542766505601555,-0.007876659247896923,0.0022672199840308013,0.00028100411563218206
13,2,Port_Scanning,0.0,0.0,0.0,0.0,0.0
13,2,Ransomware,0.051831857372034926,0.022343218758716678,0.017348640006542064,-0.022384045747738092,0.026380854036853106
13,2,SQL_injection,0.0,0.0,0.0,0.0,0.0
13,2,Uploading,0.006533294731693865,-0.0020723072158480944,0.002951362812578362,-0.006161846545622851,0.00570530636449824
13,2,Vulnerability_scanner,0.0010761476573885264,0.00043615784850342123,-0.0026841340929743608,0.0007366958825267778,0.0013398222384690627
13,2,XSS,0.0,0.0,0.0,0.0,0.0
13,3,Backdoor,0.029316660237239438,-0.008579612934557146,0.016930598925872394,-0.07722523562073183,0.026407572519225046
13,3,DDoS_HTTP,0.0012407581521776993,-0.025640771182588132,-0.004768037872747081,-0.011862321011463764,0.012084563537508152
13,3,DDoS_ICMP,0.0,0.0,0.0,0.0,0.0
13,3,DDoS_TCP,0.0008555583066213845,-2.2940508467080476e-05,0.00047877621668968213,-0.0009426829575311731,0.00044319365734271827
13,3,DDoS_UDP,0.0,0.0,0.0,0.0,0.0
13,3,Fingerprinting,0.0,0.0,0.0,0.0,0.0
13,3,MITM,0.0,0.0,0.0,0.0,0.0
13,3,Normal,0.0003379101678472107,-2.3427551486824663e-05,0.00038328910936347713,-0.00025899792596210854,7.77582494609963e-05
13,3,Password,0.009171223204908223,-0.0023997509196927586,-0.004416700145045281,-0.0005118400167527251,0.0006972685639309596
13,3,Port_Scanning,0.0,0.0,0.0,0.0,0.0
13,3,Ransomware,0.053997009179122014,0.03491070484910283,0.03300349147916749,-0.006428161565823382,0.020282506297665464
13,3,SQL_injection,0.0,0.0,0.0,0.0,0.0
13,3,Uploading,0.005688671084230436,-0.0005719458476043535,0.004208719232033578,-0.010189869840165226,0.004473436783985172
13,3,Vulnerability_scanner,0.0008474214243569829,0.0005035062697476019,-0.0026629031815854614,0.0007325612159870561,0.0010388551049735277
13,3,XSS,0.0,0.0,0.0,0.0,0.0
13,4,Backdoor,0.03418959893290504,-0.002739353750411442,0.020733181966671642,-0.08239503012206223,0.03001110171976412
13,4,DDoS_HTTP,0.00691509543639804,-0.0260510596616564,-0.00721300608004656,-0.004928445682938905,0.010516926477754308
13,4,DDoS_ICMP,-0.0005651621104334851,0.00020221907847429535,0.0004455670251211445,1.3645302642093885e-05,-0.0003205321002074009
13,4,DDoS_TCP,0.0006731932108501593,-0.00013666969359405848,0.0002785880944605283,-0.000905606954830912,9.049534311428298e-05
13,4,DDoS_UDP,-0.00021918570190667674,0.0001283004729460006,0.0001817704579213523,-0.00021918570190667674,0.0001283004729460006
13,4,Fingerprinting,0.0,0.0,0.0,0.0,0.0
13,4,MITM,-0.04666666666666666,-0.04666666666666666,0.18666666666666665,-0.04666666666666666,-0.04666666666666666
13,4,Normal,0.0003564494288832654,-9.493091327122579e-05,0.0004020072172396379,-0.0003275879972886179,0.00015774630943355222
13,4,Password,0.01073668024490451,-0.0016136566850079867,-0.006629187936509312,0.0025487465524097253,-2.487261263283876e-05
13,4,Port_Scanning,0.0,0.0,0.0,0.0,0.0
13,4,Ransomware,0.041867735782420666,0.016901094051656643,0.021576328570680696,-0.04287614627116961,0.02453033661274834
13,4,SQL_injection,0.0,0.0,0.0,0.0,0.0
13,4,Uploading,0.004569318596548203,-0.0011830885663254057,0.0008592236508176847,-0.006835418853364241,0.002589965172323751
13,4,Vulnerability_scanner,0.000719362338432733,0.0005693809439196229,-0.002483505829897392,0.0006065596088601688,0.0005882029386848675
13,4,XSS,0.0,0.0,0.0,0.0,0.0
13,Aggregated,Backdoor,0.030566921691023936,-0.004783217644258614,0.01962981307673194,-0.08292655218099364,0.02792784449093988
13,Aggregated,DDoS_HTTP,0.0029812804646577235,-0.027110204646433426,-0.006712923332016718,-0.007750068770313006,0.012817676129710543
13,Aggregated,DDoS_ICMP,-0.00014630740110245047,6.009344243899465e-05,0.00012382430843472605,-3.4100528012661245e-05,-4.8406909078304215e-05
13,Aggregated,DDoS_TCP,0.0008208564920075878,-0.00018312886190693378,0.00024338862274678741,-0.001170877200439535,0.00041469170416625343
13,Aggregated,DDoS_UDP,-0.0001437286304211934,0.00010833700570823853,0.00011906339322929801,-0.00014909286048092236,6.542109196457923e-05
13,Aggregated,Fingerprinting,0.0,0.0,0.0,0.0,0.0
13,Aggregated,MITM,-0.04666666666666666,-0.04666666666666666,0.18666666666666665,-0.04666666666666666,-0.04666666666666666
13,Aggregated,Normal,0.0003410367296619014,-2.157989715053469e-05,0.00039746893121445824,-0.00029376698768631505,0.00010069087570761155
13,Aggregated,Password,0.010575621189050862,-0.0030053909294518824,-0.003090521789505308,0.0002874748983486645,-0.0007717450774985419
13,Aggregated,Port_Scanning,0.0,0.0,0.0,0.0,0.0
13,Aggregated,Ransomware,0.048979466276043056,0.02535774941268508,0.02399109529463528,-0.021889063485439505,0.02283682794909004
13,Aggregated,SQL_injection,0.0,0.0,0.0,0.0,0.0
13,Aggregated,Uploading,0.005457720225211667,-0.0015993813213979991,0.0025490940640916005,-0.0059022143801663795,0.0037502769667257575
13,Aggregated,Vulnerability_scanner,0.0007415842072129457,0.000510881368325052,-0.0023902722307579155,0.0006392585346097545,0.0007715364950546126
13,Aggregated,XSS,0.0,0.0,0.0,0.0,0.0
13,Centralized,Backdoor,0.030566921691023936,-0.004783217644258614,0.01962981307673194,-0.08292655218099364,0.02792784449093988
13,Centralized,DDoS_HTTP,0.0029812804646577235,-0.027110204646433426,-0.006712923332016718,-0.007750068770313006,0.012817676129710543
13,Centralized,DDoS_ICMP,-0.00014630740110245047,6.009344243899465e-05,0.00012382430843472605,-3.4100528012661245e-05,-4.8406909078304215e-05
13,Centralized,DDoS_TCP,0.0008208564920075878,-0.00018312886190693378,0.00024338862274678741,-0.001170877200439535,0.00041469170416625343
13,Centralized,DDoS_UDP,-0.0001437286304211934,0.00010833700570823853,0.00011906339322929801,-0.00014909286048092236,6.542109196457923e-05
13,Centralized,Fingerprinting,0.0,0.0,0.0,0.0,0.0
13,Centralized,MITM,-0.04666666666666666,-0.04666666666666666,0.18666666666666665,-0.04666666666666666,-0.04666666666666666
13,Centralized,Normal,0.0003410367296619014,-2.157989715053469e-05,0.00039746893121445824,-0.00029376698768631505,0.00010069087570761155
13,Centralized,Password,0.010575621189050862,-0.0030053909294518824,-0.003090521789505308,0.0002874748983486645,-0.0007717450774985419
13,Centralized,Port_Scanning,0.0,0.0,0.0,0.0,0.0
13,Centralized,Ransomware,0.048979466276043056,0.02535774941268508,0.02399109529463528,-0.021889063485439505,0.02283682794909004
13,Centralized,SQL_injection,0.0,0.0,0.0,0.0,0.0
13,Centralized,Uploading,0.005457720225211667,-0.0015993813213979991,0.0025490940640916005,-0.0059022143801663795,0.0037502769667257575
13,Centralized,Vulnerability_scanner,0.0007415842072129457,0.000510881368325052,-0.0023902722307579155,0.0006392585346097545,0.0007715364950546126
13,Centralized,XSS,0.0,0.0,0.0,0.0,0.0
14,0,Backdoor,9.865507442600915e-05,0.013312896438494547,0.011234082833149679,0.007915498532534485,0.005063035068143886
14,0,DDoS_HTTP,0.01292837107983648,0.0039732551335220434,0.007630811935798402,0.009015698013904087,0.020364833592142407
14,0,DDoS_ICMP,-0.00018278275893052754,9.742058170022493e-05,-3.425201715318571e-05,2.2193612683263365e-05,9.742058170022493e-05
14,0,DDoS_TCP,-0.0010156565707571952,0.0005444671111653846,0.0006383187795454826,0.00025565827628202625,-0.0004227875962356982
14,0,DDoS_UDP,-0.00029584630437640516,0.00010750961688851442,8.067118425298392e-05,1.5588634639240872e-07,0.00010750961688851442
14,0,Fingerprinting,0.0,0.0,0.0,0.0,0.0
14,0,MITM,0.0,0.0,0.0,0.0,0.0
14,0,Normal,1.3818654027099772e-05,0.00015343533114326827,-1.2694379040723014e-06,-7.043532733748877e-05,0.00021771939635197488
14,0,Password,-0.0010872216291173524,0.006240265719898333,-0.001339614411715602,0.0020345071784844473,0.0054687274002908955
14,0,Port_Scanning,0.0,0.0,0.0,0.0,0.0
14,0,Ransomware,-0.005521283397008859,0.004088356633959594,-0.009707428908210188,0.0045197574700449085,0.02470794363662635
14,0,SQL_injection,-0.0006814310051107326,0.0027257240204429305,-0.0006814310051107326,-0.0006814310051107326,-0.0006814310051107326
14,0,Uploading,-0.001264177974650226,0.0015030569211036968,-0.00038652494207817303,-0.0012517737359057936,0.004920317849148713
14,0,Vulnerability_scanner,-2.3456627230211692e-05,9.382650892084677e-05,-2.3456627230211692e-05,-2.3456627230211692e-05,-2.3456627230211692e-05
14,0,XSS,0.0,0.0,0.0,0.0,0.0
14,1,Backdoor,-0.002753491652778743,0.007862131533817126,0.0059584874598895944,0.005254828032099657,0.002939762954111221
14,1,DDoS_HTTP,0.010811028371526612,0.0006854882349540736,0.0024105555759833374,0.007203158593960058,0.015458756850512467
14,1,DDoS_ICMP,-9.307133350340465e-05,7.520197880488225e-05,-5.690191417930812e-05,-4.3070992705174225e-07,7.520197880488225e-05
14,1,DDoS_TCP,-0.0008784534471174777,0.0010138419825621173,0.0007019175244315927,0.0004592685430600226,-0.00029373899881418955
14,1,DDoS_UDP,-0.00011302250268219553,0.0001288349626515602,4.8371493066751146e-05,-0.00019301891568767603,0.0001288349626515602
14,1,Fingerprinting,0.0,0.0,0.0,0.0,0.0
14,1,MITM,0.0,0.0,0.0,0.0,0.0
14,1,Normal,-6.507940637171898e-06,0.00018804073547369718,1.916803440933738e-05,3.785360643384824e-05,0.00019279653806520414
14,1,Password,-0.004310930095707186,0.007004043005838613,0.00029386227450851253,0.005643168833297288,0.0045006290420380535
14,1,Port_Scanning,0.0,0.0,0.0,0.0,0.0
14,1,Ransomware,-0.003291730276250943,0.0019265780058478185,-0.0061918803812792385,0.005406147969964579,0.015716776154586023
14,1,SQL_injection,-0.00034305317324185246,0.0013722126929674098,-0.00034305317324185246,-0.00034305317324185246,-0.00034305317324185246
14,1,Uploading,-0.0024413338373209755,0.003281522597009077,0.0030827665328384494,-0.0016144710165367112,0.004294786156959748
14,1,Vulnerability_scanner,-4.5441026616155346e-05,0.00018176410646462138,-4.5441026616155346e-05,-4.5441026616155346e-05,-4.5441026616155346e-05
14,1,XSS,0.0,0.0,0.0,0.0,0.0
14,2,Backdoor,-0.0011836565191348273,0.004898619439770015,0.0013194072614745923,0.005424755751842634,0.006597404280472467
14,2,DDoS_HTTP,0.009846571278068988,0.005654801017445213,-0.0009829857528217921,0.0038827677843987643,0.013195205944745374
14,2,DDoS_ICMP,-0.00023471614229065297,0.00011983504989917514,-4.9527893623563245e-05,4.457393611586591e-05,0.00011983504989917514
14,2,DDoS_TCP,-0.0009306937552719959,0.0017134478903064261,0.0004201690048323714,0.0007460811206517833,-0.0002570214161151681
14,2,DDoS_UDP,-0.00024271059676995722,0.0001881602042112592,0.00010764490630466768,8.080647366913718e-05,0.0001881602042112592
14,2,Fingerprinting,0.0,0.0,0.0,0.0,0.0
14,2,MITM,0.0,0.0,0.0,0.0,0.0
14,2,Normal,-7.716191686344964e-05,9.75389291918501e-05,-1.8212133431044775e-05,-2.7321933297567527e-05,5.2295946068599736e-05
14,2,Password,-0.0008915415758275425,0.0021997727905682485,-0.0009990325091588199,0.0017218654567737754,0.0021173443168578327
14,2,Port_Scanning,0.0,0.0,0.0,0.0,0.0
14,2,Ransomware,0.003559345087957779,0.0076740585566333645,-0.0009010278435080001,0.004707430731821087,0.010832286490351535
14,2,SQL_injection,0.0,0.0,0.0,0.0,0.0
14,2,Uploading,-0.0051716201736903816,0.006012971350145685,0.006321605354281944,0.0018259688164340181,0.001433857976375404
14,2,Vulnerability_scanner,0.0,-0.00037695397246392814,7.539079449278563e-05,-0.0002261723834783569,-0.00037695397246392814
14,2,XSS,0.0,0.0,0.0,0.0,0.0
14,3,Backdoor,0.0025134491345939,0.0034936186214298724,0.0029928054374439832,0.007257240164642037,0.003698614001720962
14,3,DDoS_HTTP,0.009365813458845117,0.0025405142710450608,0.002232354048964344,0.005413241379002357,0.013666713198366915
14,3,DDoS_ICMP,-7.063492342712641e-06,0.00010509347234162192,-0.00012095133129462754,-7.350324213967197e-06,3.027167550968546e-05
14,3,DDoS_TCP,-0.0005669569040351356,0.0011203805426528398,0.00037591401850890863,9.893064458199226e-05,-2.3296540637988508e-05
14,3,DDoS_UDP,-7.534150717954564e-05,8.594876511520504e-05,8.600064353957622e-05,-7.51337425384339e-05,-2.1474158936801713e-05
14,3,Fingerprinting,0.0,0.0,0.0,0.0,0.0
14,3,MITM,0.0,0.0,0.0,0.0,0.0
14,3,Normal,1.4033644125197957e-05,0.00012154735397915487,-1.2465084273277638e-05,-3.0459273618147856e-08,7.871086407003255e-05
14,3,Password,-0.0002792732630660331,0.005854107685055323,-0.00021790606892191136,0.001337420700404067,0.002673012965513396
14,3,Port_Scanning,0.0,0.0,0.0,0.0,0.0
14,3,Ransomware,-0.004931561960742616,0.007833997363796003,-0.010603372701518456,0.007137027436975345,0.011793065321414482
14,3,SQL_injection,-0.0005136986301369863,0.002054794520547945,-0.0005136986301369863,-0.0005136986301369863,-0.0005136986301369863
14,3,Uploading,-0.005579849987884292,0.006686784738642883,0.005494038990612334,0.0007883275720325833,-0.00046916599938673896
14,3,Vulnerability_scanner,-6.899635333979526e-05,8.455173274263631e-05,-3.0709617216486315e-05,-0.0001838565617097221,-0.00026043003395634
14,3,XSS,0.0,0.0,0.0,0.0,0.0
14,4,Backdoor,0.0015088488093417322,0.005814297858337121,0.000838935972861186,0.006381474171439372,0.0032787767998278834
14,4,DDoS_HTTP,0.012494250504667648,0.005863992531073105,-0.0020812261787160383,0.005614289055780953,0.015582760477235802
14,4,DDoS_ICMP,-0.0003148419587200746,-5.509458549803337e-05,0.00027798991843015487,0.0002797412158106397,0.0002622504144777234
14,4,DDoS_TCP,-0.000661751412771346,0.0009184744897277294,-8.773838488095875e-05,0.0005596960738201484,-0.00023063074375037073
14,4,DDoS_UDP,0.0006148019991936741,8.039868928207036e-05,-0.00013382583460239684,-0.0003209536333033077,8.039868928207036e-05
14,4,Fingerprinting,0.0,0.0,0.0,0.0,0.0
14,4,MITM,-0.042647058823529406,-0.042647058823529406,0.17058823529411762,-0.042647058823529406,-0.042647058823529406
14,4,Normal,2.210522853935785e-05,6.836443674460939e-05,6.625310536290119e-05,-3.4613481693331526e-05,0.0001345645403240947
14,4,Password,-0.0026613765060749454,0.004118102877041931,-0.002401477652191857,0.0025028254079593913,0.0021834224719049344
14,4,Port_Scanning,0.0,0.0,0.0,0.0,0.0
14,4,Ransomware,-0.0032813493332621364,0.004301768581468396,-0.0018463243364056617,0.004531324983091798,0.01694987226877962
14,4,SQL_injection,0.0,0.0,0.0,0.0,0.0
14,4,Uploading,-0.005345347356212282,0.004049484782849825,0.0042628434936215626,0.0027568369518657155,-0.0026582904904458695
14,4,Vulnerability_scanner,2.2560545914512842e-05,2.2560545914512842e-05,2.2560545914512842e-05,-9.024218365805137e-05,2.2560545914512842e-05
14,4,XSS,0.0,0.0,0.0,0.0,0.0
14,Aggregated,Backdoor,1.9637044801109246e-05,0.007081864364045393,0.0044565990098432,0.006445414297578476,0.004329823619406568
14,Aggregated,DDoS_HTTP,0.011100241310176213,0.003769799125788432,0.0018647072360117609,0.00623872401029208,0.015699282668565174
14,Aggregated,DDoS_ICMP,-0.0001666583787841088,6.840620357937976e-05,3.4124200516424026e-06,6.784281953348311e-05,0.00011703024794520271
14,Aggregated,DDoS_TCP,-0.0008106880192281581,0.0010629259062420848,0.0004107910286726709,0.00042413103069015946,-0.0002454217950447183
14,Aggregated,DDoS_UDP,-2.2052285104066462e-05,0.00011816554462977802,3.771313687159032e-05,-0.00010176308481918603,9.668650185080304e-05
14,Aggregated,Fingerprinting,0.0,0.0,0.0,0.0,0.0
14,Aggregated,MITM,-0.03580246913580246,-0.03580246913580246,0.14320987654320985,-0.03580246913580246,-0.03580246913580246
14,Aggregated,Normal,-6.7390974177720475e-06,0.00012582359839632222,1.0682374946013874e-05,-1.8874226304170054e-05,0.0001351667130106075
14,Aggregated,Password,-0.0018500576450094822,0.005089043664388512,-0.0009383246722218348,0.0026457668527198014,0.0033982408638787587
14,Aggregated,Port_Scanning,0.0,0.0,0.0,0.0,0.0
14,Aggregated,Ransomware,-0.0025006664227674364,0.005206895544316931,-0.005640250052251546,0.0052121132465270704,0.01610154672432559
14,Aggregated,SQL_injection,-0.00030864197530864197,0.0012345679012345679,-0.00030864197530864197,-0.00030864197530864197,-0.00030864197530864197
14,Aggregated,Uploading,-0.003959561951353685,0.004281683851037821,0.003748595964194338,0.0005031877828944607,0.001491017935392019
14,Aggregated,Vulnerability_scanner,-2.2701781112555162e-05,-1.9937975603475285e-07,4.7250091148957436e-08,-0.00011368752653593273,-0.00013644693713107576
14,Aggregated,XSS,0.0,0.0,0.0,0.0,0.0
14,Centralized,Backdoor,1.9637044801109246e-05,0.007081864364045393,0.0044565990098432,0.006445414297578476,0.004329823619406568
14,Centralized,DDoS_HTTP,0.011100241310176213,0.003769799125788432,0.0018647072360117609,0.00623872401029208,0.015699282668565174
14,Centralized,DDoS_ICMP,-0.0001666583787841088,6.840620357937976e-05,3.4124200516424026e-06,6.784281953348311e-05,0.00011703024794520271
14,Centralized,DDoS_TCP,-0.0008106880192281581,0.0010629259062420848,0.0004107910286726709,0.00042413103069015946,-0.0002454217950447183
14,Centralized,DDoS_UDP,-2.2052285104066462e-05,0.00011816554462977802,3.771313687159032e-05,-0.00010176308481918603,9.668650185080304e-05
14,Centralized,Fingerprinting,0.0,0.0,0.0,0.0,0.0
14,Centralized,MITM,-0.03580246913580246,-0.03580246913580246,0.14320987654320985,-0.03580246913580246,-0.03580246913580246
14,Centralized,Normal,-6.7390974177720475e-06,0.00012582359839632222,1.0682374946013874e-05,-1.8874226304170054e-05,0.0001351667130106075
14,Centralized,Password,-0.0018500576450094822,0.005089043664388512,-0.0009383246722218348,0.0026457668527198014,0.0033982408638787587
14,Centralized,Port_Scanning,0.0,0.0,0.0,0.0,0.0
14,Centralized,Ransomware,-0.0025006664227674364,0.005206895544316931,-0.005640250052251546,0.0052121132465270704,0.01610154672432559
14,Centralized,SQL_injection,-0.00030864197530864197,0.0012345679012345679,-0.00030864197530864197,-0.00030864197530864197,-0.00030864197530864197
14,Centralized,Uploading,-0.003959561951353685,0.004281683851037821,0.003748595964194338,0.0005031877828944607,0.001491017935392019
14,Centralized,Vulnerability_scanner,-2.2701781112555162e-05,-1.9937975603475285e-07,4.7250091148957436e-08,-0.00011368752653593273,-0.00013644693713107576
14,Centralized,XSS,0.0,0.0,0.0,0.0,0.0
15,0,Backdoor,0.00499593732266541,0.0019759036111845394,0.0016111359456223533,0.005979461635475618,-0.01595367952377973
15,0,DDoS_HTTP,-0.004573566852482515,0.0015919692899073199,-0.007973943802693294,-0.0041978207144033166,0.010955683217622999
15,0,DDoS_ICMP,0.00040945110845022614,0.00040945110845022614,-0.0016378044338009046,0.00040945110845022614,0.00040945110845022614
15,0,DDoS_TCP,0.0003088968251656425,0.0004700969077330956,-0.0010321155418900145,0.000979385909682338,0.0005973626365691024
15,0,DDoS_UDP,0.0005575023892959551,0.0005575023892959551,-0.0022300095571838206,0.0005575023892959551,0.0005575023892959551
15,0,Fingerprinting,0.0,0.0,0.0,0.0,0.0
15,0,MITM,0.0,0.0,0.0,0.0,0.0
15,0,Normal,8.854425175888747e-05,0.00011592879335497093,-0.00012222940808244895,-0.000371532448318825,0.0001855086302768779
15,0,Password,0.0011635515241623104,-0.004911276602770387,-0.0021380202168195988,-0.005500986214239031,0.009250561418915315
15,0,Port_Scanning,0.0,0.0,0.0,0.0,0.0
15,0,Ransomware,0.034011228470559894,0.07304733511791599,0.020994433409078844,-0.042267460469120395,-0.09316210678844028
15,0,SQL_injection,0.0,0.0,0.0,0.0,0.0
15,0,Uploading,0.0005410022844070643,-0.0010026579321155758,0.0006811609871843603,-0.0030436908578913907,0.002824185518415542
15,0,Vulnerability_scanner,-0.00011416124437902593,-0.00011464790295844241,3.8348019747550904e-05,0.00015211310784236655,3.8348019747550904e-05
15,0,XSS,-0.0015328434564016314,-0.004123375742614546,0.001885406399672059,0.001885406399672059,0.001885406399672059
15,1,Backdoor,0.004476967437394828,0.005957765946957475,0.00279086306450332,-0.0007655348124298615,-0.010110536031086243
15,1,DDoS_HTTP,-0.0019404633350881939,-0.0036430596553920706,-0.0056736355659291245,0.002193746391559127,0.013588184662322457
15,1,DDoS_ICMP,0.0002838184638268293,0.0002838184638268293,-0.0011352738553073172,0.0002838184638268293,0.0002838184638268293
15,1,DDoS_TCP,1.5744038704026038e-05,6.149003302130715e-05,-0.00042016366407299964,0.0003836105882698023,0.000270543846736417
15,1,DDoS_UDP,0.0004153354632587869,0.0004153354632587869,-0.0016613418530351475,0.0004153354632587869,0.0004153354632587869
15,1,Fingerprinting,0.0,0.0,0.0,0.0,0.0
15,1,MITM,0.0,0.0,0.0,0.0,0.0
15,1,Normal,7.928310705495046e-05,0.00011500885727919926,-0.00018560810451092406,-0.00033157223919621316,0.00035245759918066665
15,1,Password,0.002058349642343309,-0.0022786956038231953,-0.004862740401543058,-0.008697895563174794,0.01428228695396022
15,1,Port_Scanning,0.0,0.0,0.0,0.0,0.0
15,1,Ransomware,0.02708720349232478,0.06473834951915064,0.02522889448160761,-0.022321108581930118,-0.09624849042630447
15,1,SQL_injection,0.0,0.0,0.0,0.0,0.0
15,1,Uploading,-0.001360448967190624,-0.00017510283887871292,-0.001360448967190624,-0.0034348046917364685,-0.0007677759030346685
15,1,Vulnerability_scanner,-0.00036250231804067686,-7.915496290616386e-05,0.00012816076976356153,0.00018533574141971765,0.00012816076976356153
15,1,XSS,-0.007575984398517536,-0.002475039381335405,0.00335034125995098,0.00335034125995098,0.00335034125995098
15,2,Backdoor,0.001057773558326719,0.005293890993671694,-0.0012966923146449576,0.0009172257086476972,-0.007140271610490941
15,2,DDoS_HTTP,-0.004556525113353819,-0.003119643765383524,-0.005136997096380965,0.0007774697292652454,0.010766022038407501
15,2,DDoS_ICMP,0.00032541861869974655,0.00032541861869974655,-0.001226413361015677,0.00032541861869974655,0.0002501575049164373
15,2,DDoS_TCP,-1.5895821912087492e-05,0.0008611320033796943,-0.000897835858982136,0.0011999521359611946,0.0007933502217366495
15,2,DDoS_UDP,0.0004421738958943174,0.0004421738958943174,-0.0016613418530351475,0.0004421738958943174,0.00033482016535219537
15,2,Fingerprinting,0.0,0.0,0.0,0.0,0.0
15,2,MITM,0.0,0.0,0.0,0.0,0.0
15,2,Normal,8.000558003773417e-05,8.634337474378954e-05,-0.00011922066694553905,-0.00018840827320513545,0.00021275033056887085
15,2,Password,-0.0005216661231491999,-0.0015371504941611982,-0.0018594504828142121,-0.0017292660242715445,0.0037102293041365447
15,2,Port_Scanning,0.0,0.0,0.0,0.0,0.0
15,2,Ransomware,0.035900502992942,0.06565704392299823,0.028207010576181336,-0.028234990649551713,-0.09125886620562715
15,2,SQL_injection,0.0,0.0,0.0,0.0,0.0
15,2,Uploading,4.708066214040342e-05,0.0001819941546457112,7.019063153794053e-05,-0.003258379342442006,-0.00031660193753364253
15,2,Vulnerability_scanner,-0.00018052691778374096,-0.00036855493148112427,0.00038406940173571675,8.250622376457425e-05,8.250622376457425e-05
15,2,XSS,-0.007914193481203792,-0.005402959011206436,0.0044390508308034095,0.0044390508308034095,0.0044390508308034095
15,3,Backdoor,0.003528142021443494,0.003931656924038773,-0.0032562836166935877,0.001919311243555429,-0.007732634959369511
15,3,DDoS_HTTP,-0.0025764648539107963,-0.00028807751679847855,-0.006396077013092931,0.0015128323682259118,0.003474959036465634
15,3,DDoS_ICMP,0.0003293135289358706,0.0003293135289358706,-0.0013172541157434824,0.0003293135289358706,0.0003293135289358706
15,3,DDoS_TCP,-5.995778764403825e-05,0.00010764755533784198,-0.0002629848783694877,0.00010764755533784198,0.00010764755533784198
15,3,DDoS_UDP,0.0004628151931056479,0.0004628151931056479,-0.0018512607724225916,0.0004628151931056479,0.0004628151931056479
15,3,Fingerprinting,0.0,0.0,0.0,0.0,0.0
15,3,MITM,0.0,0.0,0.0,0.0,0.0
15,3,Normal,0.00012582586394490797,0.00014106717901088046,-9.888237469055464e-05,-0.0002468907113862125,0.00013572017065912784
15,3,Password,0.0007263777246550492,-0.002448015912539603,-0.0035134736190999636,-0.004286455999413007,0.009521567806397518
15,3,Port_Scanning,0.0,0.0,0.0,0.0,0.0
15,3,Ransomware,0.03712929401420713,0.08674529006224713,0.020787709927137864,-0.04751452646722135,-0.08688185180242906
15,3,SQL_injection,0.0,0.0,0.0,0.0,0.0
15,3,Uploading,0.0003497294819929673,-0.0002460263388594661,5.242221890473196e-05,-0.00114137201215206,0.0012416512712576733
15,3,Vulnerability_scanner,-4.691726842795581e-05,3.208916651862477e-05,6.794293994197101e-05,3.208916651862477e-05,-8.520400455126475e-05
15,3,XSS,-0.0020724258289703313,0.0005181064572425828,0.0005181064572425828,0.0005181064572425828,0.0005181064572425828
15,4,Backdoor,0.0018252385340352766,0.00485450186348399,-0.0001812503476975221,0.005305228882890682,-0.010984162948230292
15,4,DDoS_HTTP,-0.001070078179262369,0.0020229554101586517,-0.002898368539552265,0.002152678906679299,0.0039135735981421305
15,4,DDoS_ICMP,0.00017850213566090548,0.0005147036090872489,-0.0017030539444789123,0.0004583168565246709,0.0005515313432060872
15,4,DDoS_TCP,0.00020408961516574602,0.0006682989380134414,-0.0003385980742466654,0.0008819371110506069,0.00039703734677717375
15,4,DDoS_UDP,0.0007011885065302759,0.0005406237157404237,-0.002028940339484601,0.0004336665473384645,0.00035346156987543694
15,4,Fingerprinting,0.0,0.0,0.0,0.0,0.0
15,4,MITM,-0.06939876117354697,-0.0764163050331961,0.27531026297244166,-0.06939876117354697,-0.06009643559215162
15,4,Normal,-4.685661714039687e-07,1.9122254167619478e-05,6.167715299738955e-05,-0.0002674210547637982,8.31960601030098e-05
15,4,Password,0.0004388414937486295,-0.0022240304240097137,-0.0015809582487726168,-0.0031500447799640966,0.007263376078547264
15,4,Port_Scanning,0.0,0.0,0.0,0.0,0.0
15,4,Ransomware,0.04295284250927608,0.05729496850444256,0.03674715729208498,-0.007252612345538926,-0.13077571405113558
15,4,SQL_injection,0.0,0.0,0.0,0.0,0.0
15,4,Uploading,0.0013753148657103915,0.0012894219226745921,0.0011760564528846703,0.0011760564528846703,0.002073245553136882
15,4,Vulnerability_scanner,-0.00020290114090408816,-0.00020288001707837177,9.773695500961596e-05,0.00021030724796322804,9.773695500961596e-05
15,4,XSS,-0.0034900237537459295,-0.006027281378872792,0.003172435044206241,0.003172435044206241,0.003172435044206241
15,Aggregated,Backdoor,0.0031772373540015887,0.004395024714250815,-3.767643404616328e-05,0.0026752950491796103,-0.010417602954494721
15,Aggregated,DDoS_HTTP,-0.0029299025187870986,-0.0005995543085927036,-0.005609681212046565,0.00041725929590672914,0.0084541264416225
15,Aggregated,DDoS_ICMP,0.00030517541348195807,0.0003725133145993801,-0.0014037585873291755,0.00036123161569643345,0.0003648382435514038
15,Aggregated,DDoS_TCP,9.019732146756295e-05,0.0004341668710521903,-0.000589666512023577,0.0007095998736860935,0.00043289059350160215
15,Aggregated,DDoS_UDP,0.0005159941336796703,0.00048379838672457653,-0.001886916859695359,0.0004623380113540354,0.0004247863279370767
15,Aggregated,Fingerprinting,0.0,0.0,0.0,0.0,0.0
15,Aggregated,MITM,-0.06729072428290138,-0.07430826814255051,0.26687811540985934,-0.06729072428290138,-0.05798839870150604
15,Aggregated,Normal,7.467889238404838e-05,9.55345907249013e-05,-9.295315864784419e-05,-0.0002811064875198536,0.0001939720587227985
15,Aggregated,Password,0.0007709485904317572,-0.0026880195658219403,-0.0027869473739173117,-0.004676213398016131,0.008804405241085519
15,Aggregated,Port_Scanning,0.0,0.0,0.0,0.0,0.0
15,Aggregated,Ransomware,0.03530273350078094,0.06917890008419583,0.026551231814159807,-0.02906214211240512,-0.10007268804079221
15,Aggregated,SQL_injection,0.0,0.0,0.0,0.0,0.0
15,Aggregated,Uploading,0.00019462425035430785,1.6877271224359965e-05,0.00013642514729335736,-0.0019085109993930529,0.0010270604049929211
15,Aggregated,Vulnerability_scanner,-0.00018198711646842946,-0.00014733716478659657,0.00014374183766694044,0.00013283673073596162,5.2745712852123966e-05
15,Aggregated,XSS,-0.004551517953576405,-0.003529237622788012,0.0026935851921214725,0.0026935851921214725,0.0026935851921214725
15,Centralized,Backdoor,0.0031772373540015887,0.004395024714250815,-3.767643404616328e-05,0.0026752950491796103,-0.010417602954494721
15,Centralized,DDoS_HTTP,-0.0029299025187870986,-0.0005995543085927036,-0.005609681212046565,0.00041725929590672914,0.0084541264416225
15,Centralized,DDoS_ICMP,0.00030517541348195807,0.0003725133145993801,-0.0014037585873291755,0.00036123161569643345,0.0003648382435514038
15,Centralized,DDoS_TCP,9.019732146756295e-05,0.0004341668710521903,-0.000589666512023577,0.0007095998736860935,0.00043289059350160215
15,Centralized,DDoS_UDP,0.0005159941336796703,0.00048379838672457653,-0.001886916859695359,0.0004623380113540354,0.0004247863279370767
15,Centralized,Fingerprinting,0.0,0.0,0.0,0.0,0.0
15,Centralized,MITM,-0.06729072428290138,-0.07430826814255051,0.26687811540985934,-0.06729072428290138,-0.05798839870150604
15,Centralized,Normal,7.467889238404838e-05,9.55345907249013e-05,-9.295315864784419e-05,-0.0002811064875198536,0.0001939720587227985
15,Centralized,Password,0.0007709485904317572,-0.0026880195658219403,-0.0027869473739173117,-0.004676213398016131,0.008804405241085519
15,Centralized,Port_Scanning,0.0,0.0,0.0,0.0,0.0
15,Centralized,Ransomware,0.03530273350078094,0.06917890008419583,0.026551231814159807,-0.02906214211240512,-0.10007268804079221
15,Centralized,SQL_injection,0.0,0.0,0.0,0.0,0.0
15,Centralized,Uploading,0.00019462425035430785,1.6877271224359965e-05,0.00013642514729335736,-0.0019085109993930529,0.0010270604049929211
15,Centralized,Vulnerability_scanner,-0.00018198711646842946,-0.00014733716478659657,0.00014374183766694044,0.00013283673073596162,5.2745712852123966e-05
15,Centralized,XSS,-0.004551517953576405,-0.003529237622788012,0.0026935851921214725,0.0026935851921214725,0.0026935851921214725
16,0,Backdoor,-0.0015826047004962253,0.005889435649666214,-0.022559850611911236,0.007076614375609596,0.011358158698643156
16,0,DDoS_HTTP,-0.0007473339368495119,-0.009548463283456076,-0.014089234208321954,0.02020122117550124,0.013940924091908181
16,0,DDoS_ICMP,-4.513618141017694e-05,1.1284045352544236e-05,1.1284045352544236e-05,1.1284045352544236e-05,1.1284045352544236e-05
16,0,DDoS_TCP,-0.0007880770223857248,-0.0011315679841707393,0.0006105995738602598,0.0008664289878181871,-0.00037259737343449303
16,0,DDoS_UDP,-6.44122383252732e-05,1.61030595813183e-05,1.61030595813183e-05,1.61030595813183e-05,1.61030595813183e-05
16,0,Fingerprinting,0.0,0.0,0.0,0.0,0.0
16,0,MITM,0.0,0.0,0.0,0.0,0.0
16,0,Normal,-1.7431337597464032e-05,0.000402176323431358,-0.00033100266968175325,0.0003438955199900969,-9.62461062780288e-05
16,0,Password,0.003683149370869546,0.0009519052020752298,-0.006236995970799565,0.005141173346104543,-0.0014030618574983565
16,0,Port_Scanning,0.0,0.0,0.0,0.0,0.0
16,0,Ransomware,0.0027126452765648384,-0.002939845293696892,-0.018037610230969288,0.008103014229093571,0.006585985326632646
16,0,SQL_injection,-0.004064189356830777,0.042145267515059766,-0.014608103535036462,-0.009089390159058313,-0.014383584464134225
16,0,Uploading,-0.007395195224440184,0.0003657008844229213,-0.007891318771460288,0.03056964372926741,-0.01564883061778987
16,0,Vulnerability_scanner,-0.0017716345594248728,0.0042276941697509006,-0.001992973979381994,0.0033328962483992457,-0.00379598187934328
16,0,XSS,0.0010308439356536364,-0.004123375742614546,0.0010308439356536364,0.0010308439356536364,0.0010308439356536364
16,1,Backdoor,0.003127541909886536,0.006103984448992625,-0.03009803560569971,0.01084025303202855,0.0080250361400996
16,1,DDoS_HTTP,-0.0008911602205331862,-0.012271978491450638,-0.011344109243420648,0.013899024157385866,0.012216668130765562
16,1,DDoS_ICMP,-4.53796132391604e-05,-7.368967982483247e-06,6.748651718661015e-05,-7.368967982483247e-06,-7.368967982483247e-06
16,1,DDoS_TCP,-0.0012991744330737706,0.000315489034367572,0.0002504651086679188,0.00038933556161308556,-0.0004690875795436459
16,1,DDoS_UDP,-0.00020921538658486005,5.901345480509764e-05,3.2175022169567136e-05,5.901345480509764e-05,5.901345480509764e-05
16,1,Fingerprinting,0.0,0.0,0.0,0.0,0.0
16,1,MITM,0.0,0.0,0.0,0.0,0.0
16,1,Normal,0.00011173130454169566,0.0001984073976116348,-0.0004202546462999076,0.0003817696915644523,-0.00010146651772234653
16,1,Password,0.006284506596025054,-0.00036182795921360736,-0.010894884381460112,0.009596583960278354,-0.0026871530186421974
16,1,Port_Scanning,0.0,0.0,0.0,0.0,0.0
16,1,Ransomware,0.0040318430164917795,-0.0002669521391219953,-0.0211397744980338,0.009704369792963803,0.0057339888142521256
16,1,SQL_injection,-0.0037287983554939986,0.038377457250418384,-0.012112516571301715,-0.009804474266424714,-0.012731668057197975
16,1,Uploading,-0.0028684152991536186,-0.00029168327740203883,-0.005074471929857083,0.02159537576761071,-0.009804766876262227
16,1,Vulnerability_scanner,-0.0013055907938833192,0.0034036105685223933,-0.001370314375509407,0.0017246404599487045,-0.0024523458590783717
16,1,XSS,0.0009993688196928256,-0.003997475278771302,0.0009993688196928256,0.0009993688196928256,0.0009993688196928256
16,2,Backdoor,0.006202869194375308,0.004718059246349758,-0.033652188492588234,0.011220086656261853,0.009188608318534358
16,2,DDoS_HTTP,-0.0016211789257067955,-0.012668190209073556,-0.010940820753027129,0.013037217460851371,0.008303142450169604
16,2,DDoS_ICMP,-0.0001467795218856871,7.902925697453322e-05,-1.5047135254603328e-05,4.13987000828786e-05,4.13987000828786e-05
16,2,DDoS_TCP,-0.00162067663537049,0.000615300136881088,0.00011142668775274515,0.0010190568919081987,-0.0009384884608880799
16,2,DDoS_UDP,-0.00034873721661687527,0.00013414724084904,0.00010729152654408066,5.36492246118773e-05,5.36492246118773e-05
16,2,Fingerprinting,0.0,0.0,0.0,0.0,0.0
16,2,MITM,0.0,0.0,0.0,0.0,0.0
16,2,Normal,4.336443321657316e-05,0.0002375193120042196,-0.000375169758905151,0.0002849424199947992,-6.257706190093693e-05
16,2,Password,0.004983674923285357,-0.00022136007672260427,-0.0051043013280804,0.004613026103137879,0.00011521677500367598
16,2,Port_Scanning,0.0,0.0,0.0,0.0,0.0
16,2,Ransomware,-0.006634265117389075,-0.0050604792872576505,-0.015316561429013336,0.0023638024680001507,0.004484164691907372
16,2,SQL_injection,-0.003243430937976713,0.03745848204772786,-0.011986297550991174,-0.00935596614101886,-0.012872787417741128
16,2,Uploading,-0.0071635288118140645,0.0028748132080971627,-0.003292126027111157,0.021250624209061913,-0.010394066746582248
16,2,Vulnerability_scanner,-0.0013916604011087648,0.0049643925752350755,-0.0017679272817435292,0.0016668657346768367,-0.003471670627059618
16,2,XSS,0.0024859998953263205,-0.009943999581305282,0.0024859998953263205,0.0024859998953263205,0.0024859998953263205
16,3,Backdoor,0.0060995032023713255,0.0035949910853469305,-0.024498426565512887,0.00954009778736049,0.010772278355042362
16,3,DDoS_HTTP,0.00205570711816912,-0.007784150598478812,-0.010316114139982405,0.012040476638837512,0.010404333830949897
16,3,DDoS_ICMP,-0.00018066696186285202,4.5166740465713004e-05,4.5166740465713004e-05,4.5166740465713004e-05,4.5166740465713004e-05
16,3,DDoS_TCP,-0.0007487760335017339,0.000889013305826064,1.9877093930866414e-05,8.743811038417112e-05,-0.00024755247663936774
16,3,DDoS_UDP,-0.00025740025740026427,6.435006435006607e-05,6.435006435006607e-05,6.435006435006607e-05,6.435006435006607e-05
16,3,Fingerprinting,0.0,0.0,0.0,0.0,0.0
16,3,MITM,0.0,0.0,0.0,0.0,0.0
16,3,Normal,-8.814780044528552e-06,0.00023698956392288842,-0.0002872791872831385,0.0001711541295200088,-5.814478933153048e-05
16,3,Password,0.0038989660756829753,0.00014179236255580698,-0.00689303760973274,0.005870781569563849,-0.0030185023980698906
16,3,Port_Scanning,0.0,0.0,0.0,0.0,0.0
16,3,Ransomware,0.007897681171620268,-0.0054498218447571415,-0.03653475813709559,0.011413056504760799,0.007578980098021202
16,3,SQL_injection,-0.0030288136808096907,0.032707194904361615,-0.010286938004716473,-0.00737181453464191,-0.012019628684193541
16,3,Uploading,-0.006351395712725903,-0.000986582103889299,-0.0021787456625366017,0.025175197900506506,-0.015658474421354696
16,3,Vulnerability_scanner,-0.000874604420281161,0.0031947808500807843,-0.0012804950329963927,0.0022018270041513095,-0.00324150840095454
16,3,XSS,0.0005181064572425828,-0.0020724258289703313,0.0005181064572425828,0.0005181064572425828,0.0005181064572425828
16,4,Backdoor,0.007211966866678297,0.004193760216046079,-0.030085336030942312,0.009244440400612541,0.010504719715388328
16,4,DDoS_HTTP,-0.0043142091227551214,-0.005970153078043735,-0.009766634883250573,0.00930071580498258,0.0038632683539940667
16,4,DDoS_ICMP,-0.0002819696228925861,-1.78985767888958e-05,0.00041163430034269475,-9.328545346069713e-05,-1.848064720051575e-05
16,4,DDoS_TCP,-0.0008120785617579822,-0.00021585356267308692,0.0005224306966104393,0.0007918365774960819,-0.0002863351496754522
16,4,DDoS_UDP,-0.0003581630761509339,0.00031022918318453495,-1.076276098262811e-05,4.272442244397934e-05,1.597223150504775e-05
16,4,Fingerprinting,0.0,0.0,0.0,0.0,0.0
16,4,MITM,-0.05857857857857858,-0.06258258258258258,0.23831831831831832,-0.05857857857857858,-0.05857857857857858
16,4,Normal,-1.1470743354918822e-05,0.00024026920821065834,-0.00016426885923768544,0.0002443075059304541,-9.616730391138566e-05
16,4,Password,0.0026959470456551613,-0.00027497998804000047,-0.006964748473751483,0.005960525145045276,-0.0021639278484584194
16,4,Port_Scanning,0.0,0.0,0.0,0.0,0.0
16,4,Ransomware,-0.0007886675528255819,-0.001738704281309213,-0.008933706604989728,0.004174602892978331,0.0012825794007751893
16,4,SQL_injection,-0.00481117391714447,0.046419481674913214,-0.014880221683282902,-0.010635038949543183,-0.016093047124942667
16,4,Uploading,-0.007130330153649727,0.004875454500638407,0.00012872511669005104,0.009917937285002983,-0.007791786748681706
16,4,Vulnerability_scanner,-0.0013563930747133726,0.00550555817521719,-0.0018284138617396491,0.00024060201799211794,-0.002561353256756286
16,4,XSS,0.0025376642803718345,-0.010150657121487338,0.0025376642803718345,0.0025376642803718345,0.0025376642803718345
16,Aggregated,Backdoor,0.004209683166644257,0.004904289983576682,-0.028171981294429042,0.009592538579745652,0.009947912680373852
16,Aggregated,DDoS_HTTP,-0.0010788374466968564,-0.009590451296477228,-0.011347663396732398,0.01371610214002563,0.009758656651163674
16,Aggregated,DDoS_ICMP,-0.00013996390654206215,2.2003491900229878e-05,0.0001041333963476961,-5.703486051185831e-07,1.4397366899254748e-05
16,Aggregated,DDoS_TCP,-0.0010550268335448125,9.745163248289779e-05,0.0003028063626004107,0.0006298813147891565,-0.0004632148255231487
16,Aggregated,DDoS_UDP,-0.00024770371891110566,0.00011691965416961714,4.180522960582911e-05,4.717222366407888e-05,4.180661147158056e-05
16,Aggregated,Fingerprinting,0.0,0.0,0.0,0.0,0.0
16,Aggregated,MITM,-0.05857857857857858,-0.06258258258258258,0.2383183183183183,-0.05857857857857858,-0.05857857857857858
16,Aggregated,Normal,2.346694564461238e-05,0.0002630461745370997,-0.0003156334546817056,0.0002851712044944166,-8.290776305903136e-05
16,Aggregated,Password,0.004317488922316269,4.679677361562005e-05,-0.007219726566245475,0.006238198494505265,-0.0018261046485368003
16,Aggregated,Port_Scanning,0.0,0.0,0.0,0.0,0.0
16,Aggregated,Ransomware,0.001315670444076621,-0.0033229856826170346,-0.01948906894445113,0.007099479558643699,0.0050654784986073
16,Aggregated,SQL_injection,-0.0037821127014255867,0.0394698828032919,-0.012792745668558595,-0.009256707900974855,-0.01363831653233286
16,Aggregated,Uploading,-0.006193447681831278,0.0013845218474994926,-0.003643450342202174,0.02164013718985518,-0.011839778742812689
16,Aggregated,Vulnerability_scanner,-0.001340580949185895,0.004261310193423314,-0.001646639893601226,0.0018265982623590544,-0.0031006876129952474
16,Aggregated,XSS,0.0015224358974358974,-0.00608974358974359,0.0015224358974358974,0.0015224358974358974,0.0015224358974358974
16,Centralized,Backdoor,0.004209683166644257,0.004904289983576682,-0.028171981294429042,0.009592538579745652,0.009947912680373852
16,Centralized,DDoS_HTTP,-0.0010788374466968564,-0.009590451296477228,-0.011347663396732398,0.01371610214002563,0.009758656651163674
16,Centralized,DDoS_ICMP,-0.00013996390654206215,2.2003491900229878e-05,0.0001041333963476961,-5.703486051185831e-07,1.4397366899254748e-05
16,Centralized,DDoS_TCP,-0.0010550268335448125,9.745163248289779e-05,0.0003028063626004107,0.0006298813147891565,-0.0004632148255231487
16,Centralized,DDoS_UDP,-0.00024770371891110566,0.00011691965416961714,4.180522960582911e-05,4.717222366407888e-05,4.180661147158056e-05
16,Centralized,Fingerprinting,0.0,0.0,0.0,0.0,0.0
16,Centralized,MITM,-0.05857857857857858,-0.06258258258258258,0.2383183183183183,-0.05857857857857858,-0.05857857857857858
16,Centralized,Normal,2.346694564461238e-05,0.0002630461745370997,-0.0003156334546817056,0.0002851712044944166,-8.290776305903136e-05
16,Centralized,Password,0.004317488922316269,4.679677361562005e-05,-0.007219726566245475,0.006238198494505265,-0.0018261046485368003
16,Centralized,Port_Scanning,0.0,0.0,0.0,0.0,0.0
16,Centralized,Ransomware,0.001315670444076621,-0.0033229856826170346,-0.01948906894445113,0.007099479558643699,0.0050654784986073
16,Centralized,SQL_injection,-0.0037821127014255867,0.0394698828032919,-0.012792745668558595,-0.009256707900974855,-0.01363831653233286
16,Centralized,Uploading,-0.006193447681831278,0.0013845218474994926,-0.003643450342202174,0.02164013718985518,-0.011839778742812689
16,Centralized,Vulnerability_scanner,-0.001340580949185895,0.004261310193423314,-0.001646639893601226,0.0018265982623590544,-0.0031006876129952474
16,Centralized,XSS,0.0015224358974358974,-0.00608974358974359,0.0015224358974358974,0.0015224358974358974,0.0015224358974358974
17,0,Backdoor,-0.005030321596330388,0.010933986900289119,0.005595987462203522,0.007944542900809379,-0.01277415236519318
17,0,DDoS_HTTP,0.010330474109220002,-0.011055287063148768,-0.007485452258050274,-0.00309713190177516,-0.004790328283458618
17,0,DDoS_ICMP,5.604066812615049e-05,5.604066812615049e-05,5.604066812615049e-05,5.604066812615049e-05,-0.00022416267250460197
17,0,DDoS_TCP,-0.0005901338066954439,0.000741142266434495,0.000639913534708871,0.00013072555594404825,0.00019888400176299817
17,0,DDoS_UDP,0.00014518731328524436,0.00014518731328524436,-0.00017739333187605789,0.00014518731328524436,-0.0002581686079796752
17,0,Fingerprinting,0.0,0.0,0.0,0.0,0.0
17,0,MITM,0.0,0.0,0.0,0.0,0.0
17,0,Normal,-0.00017014104742024694,0.00013496946015838693,0.00012145309354856988,0.00011881765930472447,-9.150641130130828e-05
17,0,Password,-0.0053703687896808254,0.0014801345509777367,0.002548160777889258,0.00323903302026844,-0.001896959559454608
17,0,Port_Scanning,0.0,0.0,0.0,0.0,0.0
17,0,Ransomware,-0.005270937407887833,0.024606565594960557,0.01572903266330265,0.021894475687347984,-0.04871238329097019
17,0,SQL_injection,-0.025814744049081028,-0.012220304210483627,0.05174135426034211,-0.007684908334599751,-0.006021397666177711
17,0,Uploading,0.04167761436015316,-0.02606928204410193,0.048870105491811235,-0.003153403571738128,0.04156343297871861
17,0,Vulnerability_scanner,0.005789760892484954,-0.007144559982779545,0.01254898780762637,-0.0029447229490022005,0.005723035160693124
17,0,XSS,-0.0015382124352331607,-0.0015382124352331607,0.0010254749568221072,0.0010254749568221072,0.0010254749568221072
17,1,Backdoor,-0.007636905824253054,0.011992738855517234,0.011582705755616696,0.01456397209868073,-0.014891018013662268
17,1,DDoS_HTTP,0.008193636305592167,-0.007310076276670732,-0.01228703244686948,-0.003447801326773974,0.001251449008882216
17,1,DDoS_ICMP,2.2441489209529265e-05,2.2441489209529265e-05,2.2441489209529265e-05,2.2441489209529265e-05,-8.976595683811706e-05
17,1,DDoS_TCP,-0.0005404049444910316,0.0004356286699300993,0.0006507358398979646,0.0002588448847669659,0.00031857583741923636
17,1,DDoS_UDP,6.447453255964408e-05,6.447453255964408e-05,-9.671179883946612e-05,6.447453255964408e-05,-9.671179883946612e-05
17,1,Fingerprinting,0.0,0.0,0.0,0.0,0.0
17,1,MITM,0.0,0.0,0.0,0.0,0.0
17,1,Normal,-0.00020978335340287406,9.865249482823671e-05,8.226601793693463e-05,0.00016739390501372594,1.9340203436004253e-05
17,1,Password,-0.012393947127799851,-0.002842126677347159,0.00346539417557507,0.008053026523162499,0.0010294810633986854
17,1,Port_Scanning,0.0,0.0,0.0,0.0,0.0
17,1,Ransomware,-0.0007933475996012647,0.020659702501495007,0.013026083388601443,0.021830867741627732,-0.06483752097639141
17,1,SQL_injection,-0.0207335794209889,-0.012260602040219672,0.04643714863688754,-0.008772453609984241,-0.004670513565694727
17,1,Uploading,0.02610751669378499,-0.014702875040600387,0.03269350445734934,0.002037075873642874,0.025538129375816534
17,1,Vulnerability_scanner,0.0035011543095615936,-0.005411450836719226,0.009246724338549167,-0.002427781405403712,0.003809696183322551
17,1,XSS,-0.005027912559179967,-0.0024906549340531037,0.0025061891644110237,0.0025061891644110237,0.0025061891644110237
17,2,Backdoor,-0.000792436089858406,0.012926336894768827,0.0072436946419313746,0.01561890160704499,-0.02185711182147825
17,2,DDoS_HTTP,0.011588147026005956,-0.007320341294423606,-0.0061407545809099035,0.0004314683389936393,-0.0008302428442442334
17,2,DDoS_ICMP,3.337081356309946e-05,8.981664890058139e-05,8.981664890058139e-05,8.981664890058139e-05,-0.0003028207602648436
17,2,DDoS_TCP,-0.0007965062135412445,0.0008244964712618042,0.00048630005935299724,0.0001513433998332092,0.0001477476628097718
17,2,DDoS_UDP,8.106626100645164e-05,0.00024204501181134818,-0.0002421383322816273,0.00024204501181134818,-0.0003230179523475207
17,2,Fingerprinting,0.0,0.0,0.0,0.0,0.0
17,2,MITM,0.0,0.0,0.0,0.0,0.0
17,2,Normal,-0.00017260900195721353,0.00012305348026914927,0.0001164373711761868,0.00018055983372596284,-9.217821387761024e-05
17,2,Password,-0.0051259592460578506,0.0016471626160263005,0.003438211055678873,0.003190716788423044,-0.003150131214070368
17,2,Port_Scanning,0.0,0.0,0.0,0.0,0.0
17,2,Ransomware,-0.00024157080822137338,0.02036108549256094,0.014581256824069716,0.017164499951773115,-0.05252652563894136
17,2,SQL_injection,-0.02150345118421437,-0.011913265716453385,0.04683094294472892,-0.010236538688120267,-0.003177687355940893
17,2,Uploading,0.03589833649786386,-0.023053199235451457,0.049881045952636316,-0.004315740726512367,0.04203875419347104
17,2,Vulnerability_scanner,0.0051833447601304095,-0.008744972783181714,0.01530128228091704,-0.004830324628554937,0.006413400376900071
17,2,XSS,-0.0074270889331855385,3.0130178227933308e-05,0.002465652918319202,0.002465652918319202,0.002465652918319202
17,3,Backdoor,0.0022463018997059383,0.007946727317464191,0.0033430645924880024,0.009366607773712178,-0.020164554876351996
17,3,DDoS_HTTP,0.005467657965420039,-0.005324311740723066,-0.007865917034348944,-0.003107377742974789,-0.0005366325910340891
17,3,DDoS_ICMP,6.356824189354682e-05,-1.1253554938389643e-05,6.356824189354682e-05,6.356824189354682e-05,-0.0001794511707422508
17,3,DDoS_TCP,-0.0001159744995478107,0.0001286873122274823,5.163084343406954e-05,-0.0001159744995478107,5.163084343406954e-05
17,3,DDoS_UDP,0.0001397433531120133,3.232042906000654e-05,-0.00010211411222174246,0.0001397433531120133,-0.00020969302306229066
17,3,Fingerprinting,0.0,0.0,0.0,0.0,0.0
17,3,MITM,0.0,0.0,0.0,0.0,0.0
17,3,Normal,-0.0001218902689525699,7.615328200110128e-05,4.068439386059423e-05,5.853610559057865e-05,-5.348351249970425e-05
17,3,Password,-0.004229063744786538,0.0001072348124788657,0.001757650017142883,0.00544298424915298,-0.0008256426721123011
17,3,Port_Scanning,0.0,0.0,0.0,0.0,0.0
17,3,Ransomware,-0.016752027654861244,0.021518776602374744,0.018891306365818584,0.021078481419434615,-0.04473653673276669
17,3,SQL_injection,-0.02045837839115087,-0.008627795403241111,0.04075795877324409,-0.0075249268313270475,-0.004146858147525056
17,3,Uploading,0.03336605727151888,-0.01457820329420454,0.035977750598233625,-0.003235669858285985,0.0337488762124346
17,3,Vulnerability_scanner,0.00415074416026522,-0.005137817942291345,0.01013168524711347,-0.0021420136153731304,0.0041734290247954775
17,3,XSS,0.0,0.0,0.0,0.0,0.0
17,4,Backdoor,0.0069628549144984215,0.007148115489595074,0.0034560656011253937,0.010184453050277046,-0.017358767680115662
17,4,DDoS_HTTP,0.01835603294495587,-0.0019050435664716564,-0.007577795093078182,-0.0011556545794457983,0.0005812154807617412
17,4,DDoS_ICMP,-7.147832764906234e-05,-0.00022064154167841983,0.0006767904232554208,4.092357703732175e-05,-0.00042559413096526034
17,4,DDoS_TCP,-0.0006239976076369743,0.0004805373718274701,0.0004494620662850631,2.091991424849985e-06,5.76313520465425e-06
17,4,DDoS_UDP,-0.0005083251536963337,-0.00013365654400309863,0.0001870404114676964,-2.6509876900843164e-05,0.0004814511631325791
17,4,Fingerprinting,0.0,0.0,0.0,0.0,0.0
17,4,MITM,-0.09275827326978221,-0.08515280684078638,0.34821669379214126,-0.08515280684078638,-0.08515280684078638
17,4,Normal,-8.130966596779551e-05,0.0001589101803415464,0.00020977103715715076,2.2201577629449297e-05,-0.00019835285765678611
17,4,Password,-0.005329497924411424,-0.001615537318883479,0.003160446386674322,0.004773546657637775,-0.0009889578010171924
17,4,Port_Scanning,0.0,0.0,0.0,0.0,0.0
17,4,Ransomware,0.003886983712704713,0.029347718799304423,0.02443893359368967,0.019668732514624407,-0.08080299639034326
17,4,SQL_injection,-0.029897685728870037,-0.014310190890566787,0.059814315884278844,-0.009318150980718731,-0.006288288284123292
17,4,Uploading,0.02219075034127323,-0.01599549216737075,0.02555233358896608,-0.004947493892400319,0.02465498718297539
17,4,Vulnerability_scanner,0.0018598537444178775,-0.006853705060961498,0.012058510682284872,-0.0031034745820317194,0.0037878945969787247
17,4,XSS,-0.0029981064590784766,-0.0029981064590784766,0.001998737639385651,0.001998737639385651,0.001998737639385651
17,Aggregated,Backdoor,-0.000877917066721263,0.01019153471499962,0.006261373458150265,0.011540588331086652,-0.017340189320633952
17,Aggregated,DDoS_HTTP,0.010807463445319057,-0.006546877966107979,-0.008209663751197681,-0.0020876446977868843,-0.0009246956729271875
17,Aggregated,DDoS_ICMP,2.078247518774538e-05,-1.2765415401712794e-05,0.00018181298551444013,5.458634752060765e-05,-0.00024441639282108036
17,Aggregated,DDoS_TCP,-0.0005327307982289513,0.0005212666232781289,0.00045526808845469115,8.503513184577131e-05,0.00014504629185971656
17,Aggregated,DDoS_UDP,-1.5847708334896606e-05,6.998065765255746e-05,-8.61171209961098e-05,0.00011292768236385216,-8.094351068540321e-05
17,Aggregated,Fingerprinting,0.0,0.0,0.0,0.0,0.0
17,Aggregated,MITM,-0.08447669977081741,-0.07687123334182158,0.31509039979628206,-0.07687123334182158,-0.07687123334182157
17,Aggregated,Normal,-0.0001511331089172896,0.00011832014222592131,0.00011401844744664731,0.00010951057648664331,-8.316264119651955e-05
17,Aggregated,Password,-0.00649626787529129,-0.00024760777641865176,0.0028756145110050784,0.004938478273168495,-0.001172410221033788
17,Aggregated,Port_Scanning,0.0,0.0,0.0,0.0,0.0
17,Aggregated,Ransomware,-0.003488460885838119,0.02318790639387671,0.01713519990634146,0.020193805374480314,-0.058333721685847724
17,Aggregated,SQL_injection,-0.02372004656236059,-0.01188395970384857,0.04918777815017757,-0.008706622067236689,-0.0048771498167317195
17,Aggregated,Uploading,0.03185066771032668,-0.018940992489862054,0.038606219380927606,-0.002766135080810862,0.03352695182563036
17,Aggregated,Vulnerability_scanner,0.004089454029650643,-0.006658188425000657,0.011854319948354097,-0.003090222986843603,0.004778441755397783
17,Aggregated,XSS,-0.003435475425722302,-0.0014035745824834515,0.0016130166694019177,0.0016130166694019177,0.0016130166694019177
17,Centralized,Backdoor,-0.000877917066721263,0.01019153471499962,0.006261373458150265,0.011540588331086652,-0.017340189320633952
17,Centralized,DDoS_HTTP,0.010807463445319057,-0.006546877966107979,-0.008209663751197681,-0.0020876446977868843,-0.0009246956729271875
17,Centralized,DDoS_ICMP,2.078247518774538e-05,-1.2765415401712794e-05,0.00018181298551444013,5.458634752060765e-05,-0.00024441639282108036
17,Centralized,DDoS_TCP,-0.0005327307982289513,0.0005212666232781289,0.00045526808845469115,8.503513184577131e-05,0.00014504629185971656
17,Centralized,DDoS_UDP,-1.5847708334896606e-05,6.998065765255746e-05,-8.61171209961098e-05,0.00011292768236385216,-8.094351068540321e-05
17,Centralized,Fingerprinting,0.0,0.0,0.0,0.0,0.0
17,Centralized,MITM,-0.08447669977081741,-0.07687123334182158,0.31509039979628206,-0.07687123334182158,-0.07687123334182157
17,Centralized,Normal,-0.0001511331089172896,0.00011832014222592131,0.00011401844744664731,0.00010951057648664331,-8.316264119651955e-05
17,Centralized,Password,-0.00649626787529129,-0.00024760777641865176,0.0028756145110050784,0.004938478273168495,-0.001172410221033788
17,Centralized,Port_Scanning,0.0,0.0,0.0,0.0,0.0
17,Centralized,Ransomware,-0.003488460885838119,0.02318790639387671,0.01713519990634146,0.020193805374480314,-0.058333721685847724
17,Centralized,SQL_injection,-0.02372004656236059,-0.01188395970384857,0.04918777815017757,-0.008706622067236689,-0.0048771498167317195
17,Centralized,Uploading,0.03185066771032668,-0.018940992489862054,0.038606219380927606,-0.002766135080810862,0.03352695182563036
17,Centralized,Vulnerability_scanner,0.004089454029650643,-0.006658188425000657,0.011854319948354097,-0.003090222986843603,0.004778441755397783
17,Centralized,XSS,-0.003435475425722302,-0.0014035745824834515,0.0016130166694019177,0.0016130166694019177,0.0016130166694019177
18,0,Backdoor,0.0009628664541655082,-0.0024555258258660284,0.001298882497331566,-0.00943150038513782,0.0024825941586354796
18,0,DDoS_HTTP,0.004829028465844983,0.005896411029610425,-0.0012359606140493612,-0.012139467524577978,-0.006696324139366855
18,0,DDoS_ICMP,5.604066812615049e-05,5.604066812615049e-05,5.604066812615049e-05,5.604066812615049e-05,-0.00022416267250460197
18,0,DDoS_TCP,-0.0002887165867283529,0.00026296901240237903,0.0003817558339773171,-0.0008738411098503355,0.0005178328501989922
18,0,DDoS_UDP,8.067118425298392e-05,8.067118425298392e-05,8.067118425298392e-05,8.067118425298392e-05,-0.0003226847370119357
18,0,Fingerprinting,0.0,0.0,0.0,0.0,0.0
18,0,MITM,0.0,0.0,0.0,0.0,0.0
18,0,Normal,-9.64503310654452e-05,3.4332848371358234e-05,-2.9168769557907927e-05,5.830915181161596e-06,0.00012992977322790478
18,0,Password,-0.002922414003343859,-0.0003726192657225074,0.001880546969014094,-0.0005724763525480843,-0.0004183806457266496
18,0,Port_Scanning,0.0,0.0,0.0,0.0,0.0
18,0,Ransomware,0.006352898895752164,0.0018428248877743766,-0.0029708977146240805,-0.008181177498600412,-0.006375796868930766
18,0,SQL_injection,-0.0158655400917525,0.02642733522101059,0.04298205900776582,0.04405777250737412,0.05410115973331085
18,0,Uploading,0.004206336527281677,0.02468778141664616,0.006537546254675051,-0.02474362944264388,-0.0013345377364278252
18,0,Vulnerability_scanner,-0.0033815672305989716,0.005985189960596637,0.006541346850643583,0.0024462527213700903,0.00817066997259922
18,0,XSS,-0.0015382124352331607,-0.0015382124352331607,0.0010254749568221072,0.0010254749568221072,0.0010254749568221072
18,1,Backdoor,-0.006462687659113112,-0.007400376345380888,-0.0018241061734203922,-0.0031069492559292772,0.0007842945910269017
18,1,DDoS_HTTP,0.0009895569815081106,0.005287838769930214,-0.001801001093842558,-0.007846262440088743,-0.008146381259603437
18,1,DDoS_ICMP,6.360863721881494e-05,-1.1238425865989222e-05,6.360863721881494e-05,7.467023341994894e-06,-0.00012344587191363555
18,1,DDoS_TCP,-0.00014588405508587828,0.0002484964922920607,0.0005212426735100269,-0.0003905549768705015,0.00026819660125542897
18,1,DDoS_UDP,-2.1432679640250492e-05,3.2226887253339334e-05,5.908261826634102e-05,5.908261826634102e-05,-0.00012895944414577088
18,1,Fingerprinting,0.0,0.0,0.0,0.0,0.0
18,1,MITM,0.0,0.0,0.0,0.0,0.0
18,1,Normal,-0.00018956206892578413,-4.032345112550499e-05,-4.7345081864471245e-05,7.319546610798552e-05,0.00015717807327706075
18,1,Password,-0.005341579391329733,-0.004675136470443628,0.0011865586158417971,0.0046216823315325395,-0.002655639625738058
18,1,Port_Scanning,0.0,0.0,0.0,0.0,0.0
18,1,Ransomware,0.006384381117376167,0.0030515605206462276,0.0019054717011911138,-0.006540723381744904,-0.008094143378627324
18,1,SQL_injection,-0.014707542873632923,0.027068247481842677,0.03989454123400657,0.04376789751934403,0.05451449104704186
18,1,Uploading,-0.002092696720120797,0.01500303405589402,0.0016135767413056285,-0.014328944252327206,-0.000568607049694606
18,1,Vulnerability_scanner,-0.004780979647461061,0.006203362336060999,0.004358346004610173,0.002637694759313919,0.007410488757521313
18,1,XSS,-0.0019884877027734173,-0.0019884877027734173,0.0013256584685156115,0.0013256584685156115,0.0013256584685156115
18,2,Backdoor,-0.004083146471841585,-0.005392553394179618,-0.0020527469811052745,-0.0004032515418956421,0.0026535446241763663
18,2,DDoS_HTTP,-3.4746822831387596e-05,0.0032969082071061676,-0.0018853245100950932,-0.003638341546700146,-0.007961990639228027
18,2,DDoS_ICMP,2.2044447132191225e-05,0.00011621383776985739,4.0859725578018535e-05,9.730556091550047e-05,-0.0002764235713955676
18,2,DDoS_TCP,5.506580521077812e-05,0.0001587654932786897,0.00032619293178295743,-0.000702474588492552,0.0001624503582201268
18,2,DDoS_UDP,1.6401154694852445e-05,0.0001505760194950338,0.00012375488523697447,0.00012375488523697447,-0.00041448694466383515
18,2,Fingerprinting,0.0,0.0,0.0,0.0,0.0
18,2,MITM,0.0,0.0,0.0,0.0,0.0
18,2,Normal,-0.00013224026230080344,2.874799440244861e-05,-1.0889772719287667e-05,5.421027769243654e-05,0.00012919482163524417
18,2,Password,-0.002389757835096694,-0.0009786934023254547,-0.00011906980143881659,0.0007825338266820174,-0.0016812691844449576
18,2,Port_Scanning,0.0,0.0,0.0,0.0,0.0
18,2,Ransomware,0.00751653327318079,0.0010899792200747328,0.0014228997495081977,-0.015615128780325527,-0.0037133324233399176
18,2,SQL_injection,-0.01591731255526816,0.014581645742318483,0.04394145063673613,0.03865861304054914,0.0627105640120337
18,2,Uploading,0.004184601661019842,0.020922049587724693,0.0059724177879849774,-0.02235543492243697,0.0007261646399932658
18,2,Vulnerability_scanner,-0.005778101225561597,0.007428392098120692,0.007786313854139867,0.003488911892169172,0.01131732717331631
18,2,XSS,-0.005905205905205907,-0.0009592212637897918,0.0022881423896652328,0.0022881423896652328,0.0022881423896652328
18,3,Backdoor,0.0008439952165849381,-0.005051302444568595,0.0017240700311843807,-0.004987252089778545,0.0006012884485054122
18,3,DDoS_HTTP,-0.00033409898255388294,0.0014861959860604354,-0.0021755878453519452,-0.004210856442880834,-0.0014360966212606954
18,3,DDoS_ICMP,3.365466246165738e-05,3.365466246165738e-05,3.365466246165738e-05,3.365466246165738e-05,-0.00013461864984662953
18,3,DDoS_TCP,6.700912235171885e-05,6.700912235171885e-05,6.700912235171885e-05,2.5107786606248794e-05,-0.00022613515366140535
18,3,DDoS_UDP,4.8371493066751146e-05,4.8371493066751146e-05,4.8371493066751146e-05,4.8371493066751146e-05,-0.00019348597226700459
18,3,Fingerprinting,0.0,0.0,0.0,0.0,0.0
18,3,MITM,0.0,0.0,0.0,0.0,0.0
18,3,Normal,-4.446969120442216e-05,-3.45103696455092e-05,-4.175487415116382e-06,-8.490074199890562e-06,0.00013845552744079132
18,3,Password,-0.0015518134489486103,-0.004056640540472587,0.002405601426534559,0.002779372143421643,-0.004569408269808143
18,3,Port_Scanning,0.0,0.0,0.0,0.0,0.0
18,3,Ransomware,0.0038499083705652065,-0.0029016268641295045,0.0020303399104478243,-0.0124817488584186,-4.2946978881802654e-05
18,3,SQL_injection,-0.012798030745561951,0.018079634533761192,0.03326734426169887,0.0341259016108695,0.053309402307736356
18,3,Uploading,0.001885999787649449,0.010395890725395788,0.003463673828492575,-0.017328562215290534,-0.0020733092560461684
18,3,Vulnerability_scanner,-0.003769631822004656,0.0042390212510545556,0.004799090262810139,0.0023433267648149754,0.007772472341146214
18,3,XSS,0.0,0.0,0.0,0.0,0.0
18,4,Backdoor,0.00043088140430123657,-0.0035002617230724285,-0.007308477556026675,-0.0015558627987117158,-0.0019494667643137694
18,4,DDoS_HTTP,0.0025735320570050902,0.004902264938097626,-0.004725379722778942,-0.005167851233687454,-0.010731893546659552
18,4,DDoS_ICMP,0.00018996169158426722,2.2658444706047386e-05,0.0006950841854793833,0.00039620256969774374,-0.0006305114726640397
18,4,DDoS_TCP,-0.000312950709611524,2.5955764101193157e-05,-5.230369118454833e-05,-0.0007289836266532826,-0.0002440536946571222
18,4,DDoS_UDP,-0.0004066879294691813,0.0003965673321394081,4.834059315573976e-05,-0.0002462263625885271,0.00020800636676256053
18,4,Fingerprinting,0.0,0.0,0.0,0.0,0.0
18,4,MITM,-0.07133061380034748,-0.10451585715508231,0.3866146155734533,-0.10851986115908632,-0.10224828345893718
18,4,Normal,-0.00011220964237950344,-0.00010226406553820455,0.00013515851912443422,-8.318231044709042e-07,6.27199732125087e-05
18,4,Password,-0.0021008835576269745,-0.0021196935308225215,0.0009597871809118174,0.003394696915599366,-0.00013390700806168766
18,4,Port_Scanning,0.0,0.0,0.0,0.0,0.0
18,4,Ransomware,0.004056210397602015,0.001101208105944194,0.0022612141109359146,-0.01033230929482382,0.002913676680341698
18,4,SQL_injection,-0.02054991314360414,0.024171216465932874,0.04849339388545649,0.045772247530293915,0.06444077348550442
18,4,Uploading,0.002775241976647637,0.01290488480159521,0.003821164396417618,-0.014056419964064315,-0.006292756155178532
18,4,Vulnerability_scanner,-0.006913573124409309,0.007857762573163177,0.007937292412416237,0.003964838391175177,0.010343012088296296
18,4,XSS,-0.003997475278771302,-0.003997475278771302,0.002664983519180868,0.002664983519180868,0.002664983519180868
18,Aggregated,Backdoor,-0.0017063850588499223,-0.004776608141634832,-0.0016442573608594377,-0.0038297000822048104,0.00091592376266596
18,Aggregated,DDoS_HTTP,0.0016558346553977171,0.004181127862007107,-0.0023895657294869532,-0.006638407611021658,-0.006983228228871655
18,Aggregated,DDoS_ICMP,7.312245434372884e-05,4.344099011738267e-05,0.0001779417364774031,0.00011818572605988102,-0.0002779753560629243
18,Aggregated,DDoS_TCP,-0.00012501638372370652,0.00015254933351246022,0.0002486934147907423,-0.0005339750264459486,9.524356216561447e-05
18,Aggregated,DDoS_UDP,-5.6736455595971885e-05,0.0001417953506050525,7.203616936758047e-05,1.3002682112820778e-05,-0.00017009774648948188
18,Aggregated,Fingerprinting,0.0,0.0,0.0,0.0,0.0
18,Aggregated,MITM,-0.06986103859942898,-0.10304628195416382,0.38073631476977937,-0.10705028595816785,-0.1007787082580187
18,Aggregated,Normal,-0.00011494902506749375,-2.2766928362399906e-05,8.651675295784366e-06,2.478935828866824e-05,0.00012350859632326666
18,Aggregated,Password,-0.0028657813737037485,-0.002424322077266417,0.0012567227194986855,0.002187511852275333,-0.001881235388483575
18,Aggregated,Port_Scanning,0.0,0.0,0.0,0.0,0.0
18,Aggregated,Ransomware,0.005727243959252853,0.0008253970666014317,0.000862394161003253,-0.010719792458036358,-0.0031590383060733657
18,Aggregated,SQL_injection,-0.01600017287695261,0.022093739311242654,0.041764007641568825,0.04133183580043543,0.057832922629909245
18,Aggregated,Uploading,0.0022261158390307076,0.016855880344844018,0.004312014228465635,-0.018598829451484264,-0.0019397302226691843
18,Aggregated,Vulnerability_scanner,-0.004931913836235571,0.006342106014917222,0.00629012168876896,0.0029790983081562565,0.009014544586126383
18,Aggregated,XSS,-0.00271753055103778,-0.0017057728616793415,0.0014744344709057074,0.0014744344709057074,0.0014744344709057074
18,Centralized,Backdoor,-0.0017063850588499223,-0.004776608141634832,-0.0016442573608594377,-0.0038297000822048104,0.00091592376266596
18,Centralized,DDoS_HTTP,0.0016558346553977171,0.004181127862007107,-0.0023895657294869532,-0.006638407611021658,-0.006983228228871655
18,Centralized,DDoS_ICMP,7.312245434372884e-05,4.344099011738267e-05,0.0001779417364774031,0.00011818572605988102,-0.0002779753560629243
18,Centralized,DDoS_TCP,-0.00012501638372370652,0.00015254933351246022,0.0002486934147907423,-0.0005339750264459486,9.524356216561447e-05
18,Centralized,DDoS_UDP,-5.6736455595971885e-05,0.0001417953506050525,7.203616936758047e-05,1.3002682112820778e-05,-0.00017009774648948188
18,Centralized,Fingerprinting,0.0,0.0,0.0,0.0,0.0
18,Centralized,MITM,-0.06986103859942898,-0.10304628195416382,0.38073631476977937,-0.10705028595816785,-0.1007787082580187
18,Centralized,Normal,-0.00011494902506749375,-2.2766928362399906e-05,8.651675295784366e-06,2.478935828866824e-05,0.00012350859632326666
18,Centralized,Password,-0.0028657813737037485,-0.002424322077266417,0.0012567227194986855,0.002187511852275333,-0.001881235388483575
18,Centralized,Port_Scanning,0.0,0.0,0.0,0.0,0.0
18,Centralized,Ransomware,0.005727243959252853,0.0008253970666014317,0.000862394161003253,-0.010719792458036358,-0.0031590383060733657
18,Centralized,SQL_injection,-0.01600017287695261,0.022093739311242654,0.041764007641568825,0.04133183580043543,0.057832922629909245
18,Centralized,Uploading,0.0022261158390307076,0.016855880344844018,0.004312014228465635,-0.018598829451484264,-0.0019397302226691843
18,Centralized,Vulnerability_scanner,-0.004931913836235571,0.006342106014917222,0.00629012168876896,0.0029790983081562565,0.009014544586126383
18,Centralized,XSS,-0.00271753055103778,-0.0017057728616793415,0.0014744344709057074,0.0014744344709057074,0.0014744344709057074
19,0,Backdoor,-0.002315814902995685,-0.002185529782347982,-0.0011513304352286072,0.005504103552278614,-0.005893973159225979
19,0,DDoS_HTTP,0.0005720369111665134,-0.00605352460014121,-0.003065028973032575,0.011391799058664557,-0.01304287847580867
19,0,DDoS_ICMP,4.1103207196198827e-05,5.980024000409682e-05,5.980024000409682e-05,-0.0002018068944005913,4.1103207196198827e-05
19,0,DDoS_TCP,0.0005172759053858556,9.301417922020957e-05,-0.0012632059959036324,0.0005172759053858556,0.0001356400059117117
19,0,DDoS_UDP,5.914498282966011e-05,8.60007138426618e-05,8.60007138426618e-05,-0.00029029139334464383,5.914498282966011e-05
19,0,Fingerprinting,0.0,0.0,0.0,0.0,0.0
19,0,MITM,0.0,0.0,0.0,0.0,0.0
19,0,Normal,4.251402122893618e-05,1.1302704875137958e-05,-2.0407965403083463e-05,9.324646722058682e-06,4.6227979681408754e-05
19,0,Password,0.0003840612238171878,-0.006714072147439394,0.0015888260380223303,0.0025094639672581017,0.003825312327921509
19,0,Port_Scanning,0.0,0.0,0.0,0.0,0.0
19,0,Ransomware,-0.0051735095159607,0.001952400766004625,4.9747698387227664e-05,-0.004468254673763807,0.001590046294177344
19,0,SQL_injection,0.01811032350385324,-0.0017608512946072237,-0.01064663739998502,0.0062132761307733654,-0.0030128367116827384
19,0,Uploading,0.017952348583028757,-0.007576099951670933,-0.008906590566604202,0.015402522977912529,-0.01116428860135696
19,0,Vulnerability_scanner,0.004188802060397917,0.00189796312701786,-0.001663743061169178,0.0032686035314610303,-0.0012660030470341532
19,0,XSS,-0.0020509499136442144,-0.004641482199857128,0.0022308107045004477,0.0022308107045004477,0.0022308107045004477
19,1,Backdoor,0.0027285594332099984,-0.001790434931543829,0.0002846338163180029,0.007664301007757309,-0.0025277476773095274
19,1,DDoS_HTTP,0.0035284708744021914,-0.002547629700153754,-0.0045483168244725754,0.010952722437428035,-0.011426674671756823
19,1,DDoS_ICMP,-1.1228322775364008e-05,4.4879608448502216e-05,0.00010102122232532225,-0.00014214121803099444,7.468710032533983e-06
19,1,DDoS_TCP,0.0008316674950700746,-0.0004899619152283596,-0.001571089501158087,0.0007318686433901785,-3.981457174943396e-06
19,1,DDoS_UDP,0.0,8.058450814603842e-05,8.058450814603842e-05,-0.00018804206241211188,2.687304612003505e-05
19,1,Fingerprinting,0.0,0.0,0.0,0.0,0.0
19,1,MITM,0.0,0.0,0.0,0.0,0.0
19,1,Normal,0.00010020695458518765,4.1576264754676166e-05,-2.1544263819424832e-05,1.5273819720031576e-05,6.68127619857406e-05
19,1,Password,0.005329671352027869,-0.007399689530066972,0.004009355115170798,0.0006366498673794754,0.006471817089599772
19,1,Port_Scanning,0.0,0.0,0.0,0.0,0.0
19,1,Ransomware,-0.0106807495506205,0.003139798434742861,0.002930923323312684,-0.0022999508775082924,0.00365438103536452
19,1,SQL_injection,0.019497163962351023,0.0009969674608285891,-0.013767648793423877,0.005647286568172473,-0.003752244447371212
19,1,Uploading,0.00820920698360867,-0.005699976490715534,-0.005785749544656326,0.009464894204368397,-0.0025387401161088585
19,1,Vulnerability_scanner,0.00450502846945959,0.002138173400444841,-0.0020816871256648067,0.0018249717662660813,0.0010737962094871786
19,1,XSS,-0.0019884877027734173,-0.004499722172770773,0.002162736625181397,0.002162736625181397,0.002162736625181397
19,2,Backdoor,0.0005391804271259978,-4.194482866469358e-05,0.0003199615219943867,0.003820204340262003,-0.005397857734482004
19,2,DDoS_HTTP,-0.003909058563985645,-0.0015514145094251484,-0.003244020339147564,0.009826971375316632,-0.007480664452260812
19,2,DDoS_ICMP,4.12094412661268e-05,9.735099808290496e-05,4.0905162745423036e-05,-0.0002580943201400621,7.862871804560726e-05
19,2,DDoS_TCP,0.0008603714567212373,-0.0006887244295575634,-0.001922835208108862,0.0006448082592662478,0.00010181529065333427
19,2,DDoS_UDP,5.914504317275175e-05,0.00013976419828400365,5.924890037741215e-05,-0.00037106660910516954,0.00011290846727100197
19,2,Fingerprinting,0.0,0.0,0.0,0.0,0.0
19,2,MITM,0.0,0.0,0.0,0.0,0.0
19,2,Normal,1.1907282153165537e-05,1.8532927029024648e-06,-5.748648763322558e-06,-2.0542909588557497e-05,3.471777077364569e-05
19,2,Password,0.002115182026482719,-0.008784322709151051,0.005078404130325622,0.0006089345125021262,0.005104023319793976
19,2,Port_Scanning,0.0,0.0,0.0,0.0,0.0
19,2,Ransomware,-0.009168832168260248,0.0003530524052437571,-0.000929706568551412,-0.0014726910219086304,0.0022416387611609114
19,2,SQL_injection,0.016918262786381897,-0.00043229274677054945,-0.011511666723514192,0.009543306916923216,-0.0006777000926977514
19,2,Uploading,0.02095688379870931,-0.01608057385924949,-0.013076820867033353,0.021856437129633425,-0.017697032229614107
19,2,Vulnerability_scanner,0.003990107719264309,0.0024093436240297268,-0.002091441528204043,0.003360268995484289,0.0012085130602295306
19,2,XSS,-0.005905205905205907,-0.005905205905205907,0.003936803936803938,0.003936803936803938,0.003936803936803938
19,3,Backdoor,0.004881729556849669,-0.0017821810700998086,-0.0035775262907119243,0.002822180591994979,-0.0016584544278659223
19,3,DDoS_HTTP,0.0024851876113541568,-0.0026400755718113352,-0.00518154447180703,0.010332533487519962,-0.008049187202897745
19,3,DDoS_ICMP,1.8700399367932442e-05,3.740584857591656e-05,3.740584857591656e-05,-0.000112212495887698,1.8700399367932442e-05
19,3,DDoS_TCP,0.0002774676280409135,-0.00048255928822677483,-0.0010616160562184026,0.00019366495654997337,6.807099878367399e-05
19,3,DDoS_UDP,2.6866120077221705e-05,5.372185109022339e-05,5.372185109022339e-05,-0.0001611759423348902,2.6866120077221705e-05
19,3,Fingerprinting,0.0,0.0,0.0,0.0,0.0
19,3,MITM,0.0,0.0,0.0,0.0,0.0
19,3,Normal,9.14891876193998e-05,9.808869268683e-06,-4.030648609190853e-05,-4.179692384972215e-05,5.477177314682225e-05
19,3,Password,0.0013963719318775538,-0.005461430907122753,0.002822130586447389,0.0012607682730684257,0.0049750488050025205
19,3,Port_Scanning,0.0,0.0,0.0,0.0,0.0
19,3,Ransomware,-0.005840174754193381,-9.197207650600466e-05,-0.0027555277443735557,0.0014338258959494866,0.004143330047751661
19,3,SQL_injection,0.028707564551658713,0.0010122765264255413,-0.020484055476494924,0.00863385765856527,0.0009843174061642491
19,3,Uploading,0.013050264405512406,-0.009019535908835908,-0.00742767448921164,0.011185419276776703,-0.011444780414040463
19,3,Vulnerability_scanner,0.004714202424590532,0.0018925924079922607,-0.0031012843386808413,0.0034125864164842147,0.00010165726371111536
19,3,XSS,0.0,0.0,0.0,0.0,0.0
19,4,Backdoor,-0.002008710968415863,0.0012215694612154788,-0.0002728173192849681,0.004996112386517361,-0.005862837401430833
19,4,DDoS_HTTP,-0.0020602042211128454,-0.002270093673178698,-0.0028341114186888517,0.007202408997815513,-0.014138199771146859
19,4,DDoS_ICMP,-0.0004259386736440625,0.00026531303722165017,0.0007882644114910279,-0.0006128163411382263,-0.00023938863843001035
19,4,DDoS_TCP,0.0006806349366598426,6.884259497917747e-05,-0.0013209703179929274,0.0005980843863970205,-2.659160004311323e-05
19,4,DDoS_UDP,0.0004876347538137834,-7.495387978240417e-05,-0.001146592918420991,0.0005404305357229725,0.0005145077999338184
19,4,Fingerprinting,0.0,0.0,0.0,0.0,0.0
19,4,MITM,-0.09651305562825394,-0.08000947814627958,0.3381923631822962,-0.07185642969285566,-0.08981339971490701
19,4,Normal,-9.200187135468367e-05,-7.550615197093879e-06,0.00021835574994371053,-0.00010405560686292392,-1.9566758681895575e-05
19,4,Password,0.003374898796979479,-0.007453364606665636,0.004608320555396387,0.0001305365778451866,0.006471879717472624
19,4,Port_Scanning,0.0,0.0,0.0,0.0,0.0
19,4,Ransomware,-0.002849510307685001,-0.0025614274585930795,-4.3425534387116675e-05,-0.005100729721701478,0.0037466840400446305
19,4,SQL_injection,0.023271824322746833,0.004181121468703136,-0.009461110047268408,0.012853160050240802,-7.780882790371184e-06
19,4,Uploading,0.01668341912398708,-0.008912174536450372,-0.011256449464217748,0.010376487264901703,-0.007312953740124579
19,4,Vulnerability_scanner,0.003932963571067871,0.0008765294172650243,-0.0014181403892123412,0.003908472632611977,0.001496575890994195
19,4,XSS,-0.004515581736013885,-0.009616526753196016,0.004710702829736634,0.004710702829736634,0.004710702829736634
19,Aggregated,Backdoor,0.000775715404329134,-0.000912954712823305,-0.0008790537101321587,0.0050000112715259835,-0.00428232252937853
19,Aggregated,DDoS_HTTP,0.000120630464904109,-0.0030482933456722834,-0.003757881441298727,0.009910692975354029,-0.010892489271917183
19,Aggregated,DDoS_ICMP,-6.73416518430651e-05,0.0001009935142392134,0.00020563887559489532,-0.0002654719212234998,-1.8728043739189385e-05
19,Aggregated,DDoS_TCP,0.0006343676933953935,-0.00030091584327492554,-0.0014287209878607692,0.0005377029307259695,5.491288590289689e-05
19,Aggregated,DDoS_UDP,0.00012671426559375995,5.698693343493081e-05,-0.000173792474883074,-9.373269431311078e-05,0.0001482113164774738
19,Aggregated,Fingerprinting,0.0,0.0,0.0,0.0,0.0
19,Aggregated,MITM,-0.09574802830584957,-0.07924445082387518,0.33513225389267876,-0.07109140237045128,-0.08904837239250261
19,Aggregated,Normal,3.0833901088963185e-05,1.13995333563377e-05,2.5966967299240196e-05,-2.8335764725854566e-05,3.6617106912802584e-05
19,Aggregated,Password,0.002520255540210537,-0.007161279225963989,0.0036182977062479216,0.001031280660160921,0.00536731750951328
19,Aggregated,Port_Scanning,0.0,0.0,0.0,0.0,0.0
19,Aggregated,Ransomware,-0.006825765006182135,0.0005951220718375265,-0.00016846388455920568,-0.002354774667849968,0.003060657494610001
19,Aggregated,SQL_injection,0.021277705023915496,0.0008034741417014227,-0.0131068865371916,0.008590872400515091,-0.0012975066068100407
19,Aggregated,Uploading,0.01542855244744754,-0.009470614491444457,-0.009326156935806466,0.01369701841856288,-0.010030793919291929
19,Aggregated,Vulnerability_scanner,0.004265736246044605,0.0018407796441002803,-0.0020707936191722174,0.003153033607240713,0.0005254826747886373
19,Aggregated,XSS,-0.002920727806240943,-0.004956837679016225,0.0026258551617523896,0.0026258551617523896,0.0026258551617523896
19,Centralized,Backdoor,0.000775715404329134,-0.000912954712823305,-0.0008790537101321587,0.0050000112715259835,-0.00428232252937853
19,Centralized,DDoS_HTTP,0.000120630464904109,-0.0030482933456722834,-0.003757881441298727,0.009910692975354029,-0.010892489271917183
19,Centralized,DDoS_ICMP,-6.73416518430651e-05,0.0001009935142392134,0.00020563887559489532,-0.0002654719212234998,-1.8728043739189385e-05
19,Centralized,DDoS_TCP,0.0006343676933953935,-0.00030091584327492554,-0.0014287209878607692,0.0005377029307259695,5.491288590289689e-05
19,Centralized,DDoS_UDP,0.00012671426559375995,5.698693343493081e-05,-0.000173792474883074,-9.373269431311078e-05,0.0001482113164774738
19,Centralized,Fingerprinting,0.0,0.0,0.0,0.0,0.0
19,Centralized,MITM,-0.09574802830584957,-0.07924445082387518,0.33513225389267876,-0.07109140237045128,-0.08904837239250261
19,Centralized,Normal,3.0833901088963185e-05,1.13995333563377e-05,2.5966967299240196e-05,-2.8335764725854566e-05,3.6617106912802584e-05
19,Centralized,Password,0.002520255540210537,-0.007161279225963989,0.0036182977062479216,0.001031280660160921,0.00536731750951328
19,Centralized,Port_Scanning,0.0,0.0,0.0,0.0,0.0
19,Centralized,Ransomware,-0.006825765006182135,0.0005951220718375265,-0.00016846388455920568,-0.002354774667849968,0.003060657494610001
19,Centralized,SQL_injection,0.021277705023915496,0.0008034741417014227,-0.0131068865371916,0.008590872400515091,-0.0012975066068100407
19,Centralized,Uploading,0.01542855244744754,-0.009470614491444457,-0.009326156935806466,0.01369701841856288,-0.010030793919291929
19,Centralized,Vulnerability_scanner,0.004265736246044605,0.0018407796441002803,-0.0020707936191722174,0.003153033607240713,0.0005254826747886373
19,Centralized,XSS,-0.002920727806240943,-0.004956837679016225,0.0026258551617523896,0.0026258551617523896,0.0026258551617523896
20,0,Backdoor,0.0007860528523697526,-0.004495601814993455,0.007921184357401776,0.006833203224846868,-0.007347980948645227
20,0,DDoS_HTTP,0.0076767436189842725,-0.02582623674582764,0.025392002302769563,0.015302301461936155,-0.033571750805439095
20,0,DDoS_ICMP,0.00013448251519730393,-0.0005379300607892157,0.00013448251519730393,0.00013448251519730393,0.00013448251519730393
20,0,DDoS_TCP,-0.00038252015428613304,-0.0004330033327959134,-0.0006367845565569556,0.00017395580508795713,0.0012783522385510448
20,0,DDoS_UDP,0.00019364216047183526,-0.000774568641887341,0.00019364216047183526,0.00019364216047183526,0.00019364216047183526
20,0,Fingerprinting,0.0,0.0,0.0,0.0,0.0
20,0,MITM,0.0,0.0,0.0,0.0,0.0
20,0,Normal,-3.143636646548339e-05,9.857684379543004e-05,-7.445269254618969e-05,0.00013006831663541404,-0.0002711660396606715
20,0,Password,-0.003262201628563825,0.006637156294574662,0.002650709658954545,0.0063388278820003105,-0.011552740318218428
20,0,Port_Scanning,-0.006120267601918524,-0.006120267601918524,-0.006120267601918524,0.009160435743811379,0.00920036706194419
20,0,Ransomware,0.012983959688599781,-0.003265566663985566,0.021318807070321404,0.014710746152504199,-0.042739965891393165
20,0,SQL_injection,0.0112778201857078,-0.02671956218594388,0.01089834384771365,0.010602190712089144,-0.003276048324477604
20,0,Uploading,0.005834801981542108,-0.02304434009811538,0.016962563663494454,0.019527664244046,-0.028095279456620683
20,0,Vulnerability_scanner,0.002369001698089029,-0.00820729421956205,0.0034954309937936133,0.004083747456677905,-0.001227135125567863
20,0,XSS,0.0,0.0,0.0,0.0,0.0
20,1,Backdoor,-0.003989434343757603,-0.0007014630874661328,0.005725874934008093,0.008087960925909713,-0.009944402305168264
20,1,DDoS_HTTP,0.00550073726458374,-0.01565960528861381,0.018904527785255677,0.010399664582911368,-0.023222676032108105
20,1,DDoS_ICMP,0.00012336008932212761,-0.0004934403572885105,0.00012336008932212761,0.00012336008932212761,0.00012336008932212761
20,1,DDoS_TCP,-0.0004732835538345359,0.00013338248705898985,0.00010367559230965995,-0.000736593184895414,0.00047197962489633853
20,1,DDoS_UDP,0.00017744542816516828,-0.0007097817126606731,0.00017744542816516828,0.00017744542816516828,0.00017744542816516828
20,1,Fingerprinting,0.0,0.0,0.0,0.0,0.0
20,1,MITM,0.0,0.0,0.0,0.0,0.0
20,1,Normal,-3.0765597853495606e-05,7.881285014223656e-05,-4.165299624868853e-05,6.428032209375896e-05,-0.00012998865015256822
20,1,Password,-0.008442962582690816,0.007166838217204294,0.002254462286894002,0.00985075271521902,-0.017659943805845672
20,1,Port_Scanning,-0.0019230966787545073,-0.0019230966787545073,-0.0019230966787545073,0.0028692355896160994,0.002900054446647422
20,1,Ransomware,0.016435707246674855,-0.00498214328099419,0.019624452838581042,0.00987347891399905,-0.0344024446623933
20,1,SQL_injection,0.011645287638071109,-0.024550796679866527,0.01072380058885629,0.009129071699508445,-0.003944360243566276
20,1,Uploading,0.0057522986873037064,-0.01742670646228258,0.009762916677869,0.010467750703316413,-0.018056044921792642
20,1,Vulnerability_scanner,0.0026731689753389464,-0.006761368017048238,0.0028080261048710974,0.002239071629211788,-0.0009588986923735942
20,1,XSS,0.0,0.0,0.0,0.0,0.0
20,2,Backdoor,-0.0019758972774914247,-0.001129248094868531,0.0043736582235281785,0.00602632290854496,-0.005390073854951218
20,2,DDoS_HTTP,0.007999059990694541,-0.01597267665578835,0.01936080709789358,0.015118415786514116,-0.022464178334760977
20,2,DDoS_ICMP,4.4903138962548717e-05,-0.00017961255585019487,4.4903138962548717e-05,4.4903138962548717e-05,4.4903138962548717e-05
20,2,DDoS_TCP,-0.0004838723819932648,-8.539272160051717e-05,0.00020392644858687562,-6.221296916455824e-05,0.001432116255197071
20,2,DDoS_UDP,6.451612903226045e-05,-0.0002580645161290418,6.451612903226045e-05,6.451612903226045e-05,6.451612903226045e-05
20,2,Fingerprinting,0.0,0.0,0.0,0.0,0.0
20,2,MITM,0.0,0.0,0.0,0.0,0.0
20,2,Normal,-4.8785735048153164e-05,0.00014551035144902785,-6.459336473736791e-05,7.62894320901338e-05,-0.00017004272087598472
20,2,Password,-0.002783674428533897,0.006748703390438663,0.002171918557862192,0.005721538501360558,-0.01598070730108089
20,2,Port_Scanning,-0.0047670890742386,-0.0047670890742386,-0.0047670890742386,0.00480241140705249,0.00949885581566331
20,2,Ransomware,0.018465925606522323,-0.00793066937620097,0.02247272217811109,0.01666042256198037,-0.03452939739210282
20,2,SQL_injection,0.00930413628736976,-0.021899430443495828,0.011968263520852822,0.01088459163205636,-0.007951586092024909
20,2,Uploading,0.005971070187891284,-0.021654788127340785,0.021077939211651766,0.0180897793130292,-0.02573140928425306
20,2,Vulnerability_scanner,0.0028416803313428348,-0.010410145070511556,0.004521337299103911,0.004286860757871999,0.000292529198061949
20,2,XSS,0.0,0.0,0.0,0.0,0.0
20,3,Backdoor,0.0005822701797529824,-0.0035479695687998377,0.006442443357723598,0.005423054505283156,-0.010260825753680659
20,3,DDoS_HTTP,0.006201712184692223,-0.014099916513824666,0.015012975621454006,0.01212845037272727,-0.019243221665048833
20,3,DDoS_ICMP,0.00012325426041792097,-0.0007174824321674933,0.00012325426041792097,0.00012325426041792097,0.00012325426041792097
20,3,DDoS_TCP,-0.00047899205217017776,-0.00010215515413622422,0.0001910991713470108,0.00040275943116004537,0.0009922603648699624
20,3,DDoS_UDP,0.0001776642432000708,-0.0010329257449563033,0.0001776642432000708,0.0001776642432000708,0.0001776642432000708
20,3,Fingerprinting,0.0,0.0,0.0,0.0,0.0
20,3,MITM,0.0,0.0,0.0,0.0,0.0
20,3,Normal,-2.4483484238250568e-05,0.00012185126721530419,1.4279994224025706e-05,6.355905704696167e-05,-0.00010125079977968224
20,3,Password,-0.0043042697522036,0.005439504409287556,0.0027344552521307423,0.007553386724400816,-0.013916105869709499
20,3,Port_Scanning,-0.0049877511024007835,-0.0049877511024007835,-0.0049877511024007835,0.006703141161739887,0.008260112145462463
20,3,Ransomware,0.020705051185833555,0.002692251597235476,0.02569986862758347,0.012492280007554002,-0.03905183396633717
20,3,SQL_injection,0.013134733365459209,-0.013612740602242573,0.00935899396422198,0.009584995366369583,-0.015384317995194907
20,3,Uploading,0.0068354589265692415,-0.014248248346514506,0.017918455679719687,0.011628098220027592,-0.01808236189092225
20,3,Vulnerability_scanner,0.003375317453446978,-0.006139429419900231,0.0030062106858305087,0.002817447226710157,-0.0030595459460874127
20,3,XSS,0.0,0.0,0.0,0.0,0.0
20,4,Backdoor,0.004935235230052311,-0.00472391401168908,0.0101150185764624,0.009416541255405251,-0.01065485247551031
20,4,DDoS_HTTP,0.01053409610682371,-0.01814641192512686,0.023609835125521467,0.01695061889180381,-0.032264771425744916
20,4,DDoS_ICMP,0.0002912591923781127,-0.0013139829490979933,0.00042185269126151316,0.0003471739148280362,0.0002536971506303313
20,4,DDoS_TCP,0.00010373988981788133,-0.00029329123454216086,-0.00014803724041019631,4.295893451424412e-06,0.00114651071156171
20,4,DDoS_UDP,9.060207683597721e-07,-3.0307580862369102e-05,-0.00010627479830731165,9.060207683597721e-07,0.0001347703376329612
20,4,Fingerprinting,0.0,0.0,0.0,0.0,0.0
20,4,MITM,-0.06824362486766575,-0.058906556707068194,0.4792934965824991,-0.11382932467331444,-0.1206669315109213
20,4,Normal,1.979369641692726e-05,2.0051338067441268e-05,0.00024932199373601063,5.10759761721491e-05,-0.00030836350998111515
20,4,Password,-0.0040593328154289576,0.0060931697890396755,0.0014781688648890998,0.007923274092932435,-0.018567550972460288
20,4,Port_Scanning,-0.004146271530096054,-0.004146271530096054,-0.004146271530096054,0.005423228951195036,0.007015585639093125
20,4,Ransomware,0.009979698155195206,0.004693517140777452,0.013269075830804776,0.004918617924537449,-0.022591872298972852
20,4,SQL_injection,0.011410544695580793,-0.029493966641130562,0.011335134773071886,0.00942557734298762,-0.0029638850267934636
20,4,Uploading,0.005583102891605124,-0.012508981426903055,0.015439516646976048,0.007935262502527744,-0.014753114386045525
20,4,Vulnerability_scanner,0.003002596470394993,-0.008317644887599429,0.0036812690787060803,0.0033256474218669413,-0.001186440687184944
20,4,XSS,0.0,0.0,0.0,0.0,0.0
20,Aggregated,Backdoor,4.645781384185107e-05,-0.0029092796388506203,0.006872476270874863,0.007151296442584911,-0.008718873134888363
20,Aggregated,DDoS_HTTP,0.007600697385380478,-0.017972927933460107,0.020494181996911928,0.014015944614087127,-0.02624895836478829
20,Aggregated,DDoS_ICMP,0.0001435063456444304,-0.000648802401478471,0.00016966535939356894,0.0001547144690883277,0.00013601104388902646
20,Aggregated,DDoS_TCP,-0.000342866710830834,-0.0001552795133706486,-5.6096849131453966e-05,-4.440597428778485e-05,0.0010626505149415619
20,Aggregated,DDoS_UDP,0.00012272808766418305,-0.0005607123429321052,0.00010125874305280113,0.00012272808766418305,0.00014956029100340328
20,Aggregated,Fingerprinting,0.0,0.0,0.0,0.0,0.0
20,Aggregated,MITM,-0.06824362486766575,-0.0589065567070682,0.47929349658249915,-0.11382932467331446,-0.1206669315109213
20,Aggregated,Normal,-2.3132710202045104e-05,9.299215198366184e-05,1.6501831057724736e-05,7.707094468158611e-05,-0.00019606458906531085
20,Aggregated,Password,-0.004570175777024386,0.0064166001411526796,0.002254169952252812,0.0074723883382136775,-0.015523075096176502
20,Aggregated,Port_Scanning,-0.004396267478297866,-0.004396267478297866,-0.004396267478297866,0.005799235823044762,0.007389566611848834
20,Aggregated,Ransomware,0.01579681056668065,-0.002123226409662715,0.020659789278346195,0.01179012118746897,-0.034619525959808585
20,Aggregated,SQL_injection,0.011342105103846157,-0.023289503417216813,0.010853240216563293,0.009913657894006061,-0.006650553527464896
20,Aggregated,Uploading,0.005977715961727523,-0.017798225664885484,0.016247322297371605,0.013550973096471942,-0.02096345326036501
20,Aggregated,Vulnerability_scanner,0.002853201226862991,-0.007965814388491338,0.0035002852394720083,0.0033483846089759164,-0.0012285384445384535
20,Aggregated,XSS,0.0,0.0,0.0,0.0,0.0
20,Centralized,Backdoor,4.645781384185107e-05,-0.0029092796388506203,0.006872476270874863,0.007151296442584911,-0.008718873134888363
20,Centralized,DDoS_HTTP,0.007600697385380478,-0.017972927933460107,0.020494181996911928,0.014015944614087127,-0.02624895836478829
20,Centralized,DDoS_ICMP,0.0001435063456444304,-0.000648802401478471,0.00016966535939356894,0.0001547144690883277,0.00013601104388902646
20,Centralized,DDoS_TCP,-0.000342866710830834,-0.0001552795133706486,-5.6096849131453966e-05,-4.440597428778485e-05,0.0010626505149415619
20,Centralized,DDoS_UDP,0.00012272808766418305,-0.0005607123429321052,0.00010125874305280113,0.00012272808766418305,0.00014956029100340328
20,Centralized,Fingerprinting,0.0,0.0,0.0,0.0,0.0
20,Centralized,MITM,-0.06824362486766575,-0.0589065567070682,0.47929349658249915,-0.11382932467331446,-0.1206669315109213
20,Centralized,Normal,-2.3132710202045104e-05,9.299215198366184e-05,1.6501831057724736e-05,7.707094468158611e-05,-0.00019606458906531085
20,Centralized,Password,-0.004570175777024386,0.0064166001411526796,0.002254169952252812,0.0074723883382136775,-0.015523075096176502
20,Centralized,Port_Scanning,-0.004396267478297866,-0.004396267478297866,-0.004396267478297866,0.005799235823044762,0.007389566611848834
20,Centralized,Ransomware,0.01579681056668065,-0.002123226409662715,0.020659789278346195,0.01179012118746897,-0.034619525959808585
20,Centralized,SQL_injection,0.011342105103846157,-0.023289503417216813,0.010853240216563293,0.009913657894006061,-0.006650553527464896
20,Centralized,Uploading,0.005977715961727523,-0.017798225664885484,0.016247322297371605,0.013550973096471942,-0.02096345326036501
20,Centralized,Vulnerability_scanner,0.002853201226862991,-0.007965814388491338,0.0035002852394720083,0.0033483846089759164,-0.0012285384445384535
20,Centralized,XSS,0.0,0.0,0.0,0.0,0.0
21,0,Backdoor,0.0025457844086564188,0.00377096015141005,-0.00031212322994970493,0.004074006457422748,0.0018265070851068155
21,0,DDoS_HTTP,0.0024195121186459546,0.013141550060083858,0.005668717639283674,0.00634252506347916,0.019096269544987044
21,0,DDoS_ICMP,0.0,0.0,0.0,0.0,0.0
21,0,DDoS_TCP,-0.0002304464188798964,-0.00040859327141457756,-0.00034939094605818864,0.001176475575289763,-0.00018804493893710046
21,0,DDoS_UDP,0.0,0.0,0.0,0.0,0.0
21,0,Fingerprinting,0.0,0.0,0.0,0.0,0.0
21,0,MITM,0.0,0.0,0.0,0.0,0.0
21,0,Normal,-7.434256236996857e-05,0.00019138301654317476,-0.00019327759902228457,0.00010165824540369443,5.626623289975615e-05
21,0,Password,-0.002617764890139773,0.0007000000508820829,-0.0016286297481210895,0.002472816513908285,0.0005316885904045291
21,0,Port_Scanning,-0.002531645569620253,-0.002531645569620253,-0.002531645569620253,0.010126582278481013,-0.002531645569620253
21,0,Ransomware,0.004180591237052126,-0.002715865579395214,0.00628554118831556,-0.0013813740475352573,0.010590171529048183
21,0,SQL_injection,0.00667141602779812,0.016316041102216117,-0.009400602899509579,0.00012355320233841579,0.0005424416310607618
21,0,Uploading,-0.005907164479755299,-0.002518838799129199,0.0028043218608137517,0.0012004790537409789,-9.007583115892143e-05
21,0,Vulnerability_scanner,0.0015964209070614022,-0.002827059346964933,-0.00026866014429636765,0.0011238891624443044,0.00140479060472695
21,0,XSS,0.0005127374784110536,-0.0020509499136442144,0.0005127374784110536,0.0005127374784110536,0.0005127374784110536
21,1,Backdoor,0.002133203361960421,0.006446231258788363,-0.0034110045064705496,0.005095668610338829,-0.00015766311604001698
21,1,DDoS_HTTP,0.00040125767140930063,0.011044807721461342,0.0035728657355381436,0.002789808243086764,0.014143443358785167
21,1,DDoS_ICMP,-5.053250573539003e-09,-5.612140087452588e-05,5.61365606262465e-05,-5.053250573539003e-09,-5.053250573539003e-09
21,1,DDoS_TCP,-0.0003921267996045863,-0.00033872008382155504,0.000392577538676749,0.0005221542543323687,-0.00018388490958297642
21,1,DDoS_UDP,1.611343860780101e-05,-6.445375443120405e-05,1.611343860780101e-05,1.611343860780101e-05,1.611343860780101e-05
21,1,Fingerprinting,0.0,0.0,0.0,0.0,0.0
21,1,MITM,0.0,0.0,0.0,0.0,0.0
21,1,Normal,-1.6851167482586268e-06,0.00016539327588043588,-0.0001587475416068555,9.154506168403779e-05,-1.4977661570305297e-05
21,1,Password,-0.002458075823483247,0.006890899506004556,-0.00505215722363086,0.008272151908485095,0.0016041826461251434
21,1,Port_Scanning,-0.00032362459546925567,-0.00032362459546925567,-0.00032362459546925567,0.0012944983818770227,-0.00032362459546925567
21,1,Ransomware,0.003685096089695931,-0.007110973753259905,0.009347188582474802,-0.004637668013641973,0.008830572038999706
21,1,SQL_injection,0.0027623383171251673,0.012747606106213704,-0.0067939525381429805,-3.005816346911457e-05,0.0026678858512708533
21,1,Uploading,-0.003955867117396866,-0.002128280498941514,0.0019886909851067887,-0.00026109793716365404,-0.00027698646022446494
21,1,Vulnerability_scanner,0.0011079269798888846,-0.004319747669490983,0.002768046147665341,0.0006076408081104897,0.0018484925294560437
21,1,XSS,0.0009993688196928256,-0.003997475278771302,0.0009993688196928256,0.0009993688196928256,0.0009993688196928256
21,2,Backdoor,0.002025967075614745,0.0001368340506626061,0.00072286403834985,0.0035148784191689855,0.000557892970016044
21,2,DDoS_HTTP,0.0019746689201485487,0.002543042443952185,0.0044251502466706415,0.002634356392990783,0.012896595016306358
21,2,DDoS_ICMP,1.1289167067496386e-05,1.1289167067496386e-05,-4.5156668269985545e-05,1.1289167067496386e-05,1.1289167067496386e-05
21,2,DDoS_TCP,-0.000688824606421277,-0.001110696026408109,4.014878603326721e-05,0.0008581930027917295,-0.000103385787021217
21,2,DDoS_UDP,0.0,0.0,0.0,0.0,0.0
21,2,Fingerprinting,0.0,0.0,0.0,0.0,0.0
21,2,MITM,0.0,0.0,0.0,0.0,0.0
21,2,Normal,-2.773230855498965e-05,0.0001676071063107983,-0.000168828758221079,9.961672516040077e-05,-6.575952357414557e-06
21,2,Password,-0.0036110802473850703,0.002714052193466492,-0.002834226897323237,0.0044333502101556324,0.0009741340374390723
21,2,Port_Scanning,-0.001597444089456869,-0.001597444089456869,-0.001597444089456869,0.006389776357827476,-0.001597444089456869
21,2,Ransomware,0.010149023251407801,-0.008332284501342128,0.006813403081432534,-0.004440206110113419,0.0118778410825883
21,2,SQL_injection,0.002677959364118911,0.01019748337937009,-0.004944315923283443,-1.3724686103228542e-05,0.002240389715345352
21,2,Uploading,-0.0068878855821816725,-0.0033992380355373827,-0.0038056488291047094,0.0019722951741240422,-0.0018521643706950136
21,2,Vulnerability_scanner,-0.000657782402211271,-0.006317594417699081,0.00632734695920232,0.0003970026555621472,0.0012756404376419153
21,2,XSS,0.0014763014763014767,-0.005905205905205907,0.0014763014763014767,0.0014763014763014767,0.0014763014763014767
21,3,Backdoor,0.002278067391449166,0.0014518407550098255,0.00014332147669851765,0.0013865619028816316,0.002698629783039948
21,3,DDoS_HTTP,0.0033632484683464637,0.007241872398701765,0.0035377805053582465,0.0013468643199924719,0.009090898162596022
21,3,DDoS_ICMP,5.6116347623952345e-05,0.0,5.6116347623952345e-05,5.6116347623952345e-05,5.6116347623952345e-05
21,3,DDoS_TCP,-0.0006038451035609183,-0.0006038451035609183,0.0003173790107538136,0.0009075926242274157,-0.0005200974568050335
21,3,DDoS_UDP,8.056719303900506e-05,0.0,8.056719303900506e-05,8.056719303900506e-05,8.056719303900506e-05
21,3,Fingerprinting,0.0,0.0,0.0,0.0,0.0
21,3,MITM,0.0,0.0,0.0,0.0,0.0
21,3,Normal,3.0027267744668165e-05,0.00011952411744600896,-0.00014037740844397757,-2.8672372603566478e-06,-3.845397395166132e-05
21,3,Password,-0.0032613970878394138,0.005034429604652629,-0.0033087020456823305,0.003030113963797286,0.000998584801165811
21,3,Port_Scanning,-0.001910828025477707,-0.001910828025477707,-0.001910828025477707,0.007643312101910828,-0.001910828025477707
21,3,Ransomware,0.006383326357490648,-0.006695991908032026,0.006074890703304558,-0.008987320007774028,0.006596267885626585
21,3,SQL_injection,0.0053324601942486595,0.017834032387119093,-0.008007519777600364,0.0011950499196651115,0.0026503663854807497
21,3,Uploading,-0.005042605727959597,-0.0025435317762618906,0.00242126719900742,0.002631357996012493,-0.004197422219566897
21,3,Vulnerability_scanner,0.001563134719652894,-0.0024393329098364187,-0.0009164360635772769,0.0018376260852184135,0.002277281937975669
21,3,XSS,0.0,0.0,0.0,0.0,0.0
21,4,Backdoor,0.0014714893008224725,0.0021941541262855985,0.0027361150188651446,0.003109253727274092,0.001064395078460495
21,4,DDoS_HTTP,0.001255001379619362,0.004275159990281637,0.005163200486181863,0.0027491338350309775,0.01241681903899388
21,4,DDoS_ICMP,0.00017579594766323203,-0.00021673198965252438,0.0003064886789121979,-0.00016071662763547656,0.00011973019521219208
21,4,DDoS_TCP,-6.38884453186772e-05,-0.0007783594790371347,-0.0002067786269180305,0.0008113358846755755,0.000237690666598267
21,4,DDoS_UDP,-0.0001553762937049156,0.00024628523427513055,-0.0004228982030942315,0.0003268524105953426,-0.00031588943933850516
21,4,Fingerprinting,0.0,0.0,0.0,0.0,0.0
21,4,MITM,-0.14239629541820834,-0.08154079483797957,0.473838314094298,-0.19894913660851055,-0.16859914605312856
21,4,Normal,-8.455765403191188e-05,-1.600943129582144e-05,0.00013644660190678115,-3.941768966892467e-05,4.080693480204937e-05
21,4,Password,-0.003368302834652172,0.004601578589602848,-0.003172673970682748,0.0030634546201959876,-0.0001485718710278976
21,4,Port_Scanning,-0.001282051282051282,-0.001282051282051282,-0.001282051282051282,0.005128205128205128,-0.001282051282051282
21,4,Ransomware,0.012438752396837746,-0.003509586640572791,-0.002505930705979433,-0.0026083660873891727,0.006800315095704499
21,4,SQL_injection,0.0026230210232854895,0.01179564246839786,-0.008671666378088864,0.0009798389793097587,0.002202054543826682
21,4,Uploading,-0.003981975562296503,-0.0010530897421124712,0.00021084920465781753,0.002010625804650598,-0.002202115450162384
21,4,Vulnerability_scanner,-0.00033010811587284953,-0.00395379967391453,0.003415578799203469,0.0004668993871350798,0.0014141079462534382
21,4,XSS,0.0009993688196928256,-0.003997475278771302,0.0009993688196928256,0.0009993688196928256,0.0009993688196928256
21,Aggregated,Backdoor,0.002096576135831337,0.002800303445537622,-4.6535289028461674e-05,0.0034329541453731295,0.0012002713698474165
21,Aggregated,DDoS_HTTP,0.0018855265898050921,0.007671297503787433,0.004475834118514775,0.003171733074165702,0.013552813367321994
21,Aggregated,DDoS_ICMP,4.866392380209472e-05,-5.2350170832595376e-05,7.474744802500137e-05,-1.8686440113787246e-05,3.743964955404966e-05
21,Aggregated,DDoS_TCP,-0.00039633432720997583,-0.0006478607125370721,4.005333649172993e-05,0.0008542275961049506,-0.00015162299560534387
21,Aggregated,DDoS_UDP,-1.1796736848773692e-05,3.647785423483984e-05,-6.545285877375684e-05,8.481193862900915e-05,-4.399041000376358e-05
21,Aggregated,Fingerprinting,0.0,0.0,0.0,0.0,0.0
21,Aggregated,MITM,-0.140887057843397,-0.08003155726316823,0.4678013637950526,-0.19743989903369916,-0.1670899084783172
21,Aggregated,Normal,-3.161217231676764e-05,0.00012559435476151384,-0.00010505543499545837,5.01384992419307e-05,7.3812704874480035e-06
21,Aggregated,Password,-0.0030643337015130623,0.003976124868480948,-0.0031850836455739632,0.004258435540416742,0.0007837951608140071
21,Aggregated,Port_Scanning,-0.001534526854219949,-0.001534526854219949,-0.001534526854219949,0.006138107416879796,-0.001534526854219949
21,Aggregated,Ransomware,0.007411650310571531,-0.005681268050598276,0.005346272966507459,-0.00438264119952824,0.008992183538782384
21,Aggregated,SQL_injection,0.004007512822339346,0.013760035012596778,-0.007580131416384098,0.00044900489806883466,0.002049728721307797
21,Aggregated,Uploading,-0.005163330582402594,-0.002315761921415985,0.0006996022845102937,0.0015220093784809438,-0.0017198965612342978
21,Aggregated,Vulnerability_scanner,0.0006529736577479332,-0.003971148537178132,0.002269588304963194,0.0008868273138712339,0.00164854342923678
21,Aggregated,XSS,0.0008060880863362766,-0.0032243523453451065,0.0008060880863362766,0.0008060880863362766,0.0008060880863362766
21,Centralized,Backdoor,0.002096576135831337,0.002800303445537622,-4.6535289028461674e-05,0.0034329541453731295,0.0012002713698474165
21,Centralized,DDoS_HTTP,0.0018855265898050921,0.007671297503787433,0.004475834118514775,0.003171733074165702,0.013552813367321994
21,Centralized,DDoS_ICMP,4.866392380209472e-05,-5.2350170832595376e-05,7.474744802500137e-05,-1.8686440113787246e-05,3.743964955404966e-05
21,Centralized,DDoS_TCP,-0.00039633432720997583,-0.0006478607125370721,4.005333649172993e-05,0.0008542275961049506,-0.00015162299560534387
21,Centralized,DDoS_UDP,-1.1796736848773692e-05,3.647785423483984e-05,-6.545285877375684e-05,8.481193862900915e-05,-4.399041000376358e-05
21,Centralized,Fingerprinting,0.0,0.0,0.0,0.0,0.0
21,Centralized,MITM,-0.140887057843397,-0.08003155726316823,0.4678013637950526,-0.19743989903369916,-0.1670899084783172
21,Centralized,Normal,-3.161217231676764e-05,0.00012559435476151384,-0.00010505543499545837,5.01384992419307e-05,7.3812704874480035e-06
21,Centralized,Password,-0.0030643337015130623,0.003976124868480948,-0.0031850836455739632,0.004258435540416742,0.0007837951608140071
21,Centralized,Port_Scanning,-0.001534526854219949,-0.001534526854219949,-0.001534526854219949,0.006138107416879796,-0.001534526854219949
21,Centralized,Ransomware,0.007411650310571531,-0.005681268050598276,0.005346272966507459,-0.00438264119952824,0.008992183538782384
21,Centralized,SQL_injection,0.004007512822339346,0.013760035012596778,-0.007580131416384098,0.00044900489806883466,0.002049728721307797
21,Centralized,Uploading,-0.005163330582402594,-0.002315761921415985,0.0006996022845102937,0.0015220093784809438,-0.0017198965612342978
21,Centralized,Vulnerability_scanner,0.0006529736577479332,-0.003971148537178132,0.002269588304963194,0.0008868273138712339,0.00164854342923678
21,Centralized,XSS,0.0008060880863362766,-0.0032243523453451065,0.0008060880863362766,0.0008060880863362766,0.0008060880863362766
22,0,Backdoor,0.001346487288681697,-0.00010709886651428617,-0.003874284537627698,0.003281554370503944,-0.0018573120080701926
22,0,DDoS_HTTP,0.004788836243424949,-0.00987808841430269,0.006016767718549034,-0.00705988100509247,0.012327854866792153
22,0,DDoS_ICMP,9.041481244607685e-05,9.041481244607685e-05,9.041481244607685e-05,-0.0003616592497843074,9.041481244607685e-05
22,0,DDoS_TCP,0.0008051854921307074,0.00044780104061519963,-6.972596305088545e-05,0.0007024794122811095,-0.0008674309785585366
22,0,DDoS_UDP,0.0001285347043701812,0.0001285347043701812,0.0001285347043701812,-0.0005141388174807249,0.0001285347043701812
22,0,Fingerprinting,0.0,0.0,0.0,0.0,0.0
22,0,MITM,0.0,0.0,0.0,0.0,0.0
22,0,Normal,3.282945199179118e-05,2.1196691498481802e-05,-6.54463822659083e-05,1.0755077799945446e-05,4.514585445453319e-05
22,0,Password,0.0004003206201062227,0.0008501487472196482,-0.0010695643168701164,0.00018764571831290147,-0.0027681947385060916
22,0,Port_Scanning,0.004483043837882548,-0.0019272125723738627,-0.0019272125723738627,-0.0019272125723738627,0.0012985938792390405
22,0,Ransomware,0.008075513406445354,0.0016478129966343642,-0.0066048169862380785,0.006831965497777822,-0.003306646408442732
22,0,SQL_injection,-0.002976929507603524,-0.010705801303869155,-0.002043743669831338,0.008953408364302811,0.004516027596563
22,0,Uploading,-0.0033984333045648353,0.01960354786802183,-0.0008358364924862823,-0.023860182090588784,0.02275121696414154
22,0,Vulnerability_scanner,0.0027812377993185478,-0.0048648228687707224,0.003632353909257313,0.00044861925526511653,0.006328936547486526
22,0,XSS,0.0,0.0,0.0,0.0,0.0
22,1,Backdoor,-0.001954955289516441,-0.0015278083405156943,0.004314059588417681,0.0019710568080951968,-0.003978390457406411
22,1,DDoS_HTTP,0.007904604263195022,-0.012520716778764646,0.008361999510153657,-0.0033247151319389574,0.010710415872818884
22,1,DDoS_ICMP,3.3938417690348996e-05,3.3938417690348996e-05,9.008003156716904e-05,-0.00019189528463821602,3.3938417690348996e-05
22,1,DDoS_TCP,-6.779998484457058e-05,4.173907462169575e-05,-3.8969785418674355e-06,0.0005598271776213785,-0.00033943823394606923
22,1,DDoS_UDP,6.435006435006607e-05,6.435006435006607e-05,6.435006435006607e-05,-0.00025740025740026427,6.435006435006607e-05
22,1,Fingerprinting,0.0,0.0,0.0,0.0,0.0
22,1,MITM,0.0,0.0,0.0,0.0,0.0
22,1,Normal,5.915643298617379e-05,-7.232233091578611e-05,-9.455949793342928e-06,1.919247222055461e-05,-2.1222582521412957e-05
22,1,Password,0.0032758877840164046,-0.002866497080927731,0.003570757567733345,-0.000684313489150655,-0.004056209614335362
22,1,Port_Scanning,-0.0006451612903225806,-0.0006451612903225806,-0.0006451612903225806,-0.0006451612903225806,0.0025806451612903226
22,1,Ransomware,0.006211238902987495,-0.00020858331005861505,-0.001894917564331026,0.0015379844663272987,0.0012989680057303406
22,1,SQL_injection,-0.0027752658671639703,-0.006847366141637849,-6.994406097603166e-05,0.006165356424013941,0.001790379014898589
22,1,Uploading,-0.004676386920228499,0.022673366934775126,-0.0021459318519796394,-0.025518117273557468,0.025033634052434348
22,1,Vulnerability_scanner,0.0022310130610076824,0.0008443116535533813,0.003473494477568643,-0.004327181434694583,0.010060818329754138
22,1,XSS,0.0,0.0,0.0,0.0,0.0
22,2,Backdoor,-0.0020588448998031567,-0.0020459587459223144,-0.0004727530603627017,0.0009301201385379802,-0.00020612797965600856
22,2,DDoS_HTTP,0.006943140209423632,-0.009549273124975784,0.004852540351398167,-0.005273952569842661,0.010657492678107323
22,2,DDoS_ICMP,9.042029458571909e-05,9.042029458571909e-05,3.397445924823717e-05,-0.00030523534300539443,9.042029458571909e-05
22,2,DDoS_TCP,0.0006466863328373058,0.0002687329622651909,-0.00013804703165321564,0.00039455154097002473,-0.00016735917339369966
22,2,DDoS_UDP,0.00011250401800064203,0.00011250401800064203,0.00011250401800064203,-0.0004500160720025681,0.00011250401800064203
22,2,Fingerprinting,0.0,0.0,0.0,0.0,0.0
22,2,MITM,0.0,0.0,0.0,0.0,0.0
22,2,Normal,2.7492164746336274e-05,-4.4181559315209507e-05,-1.774866496009886e-05,3.406436918286978e-05,1.763271713305555e-05
22,2,Password,-0.00024219783908849268,-0.0018907468463354702,0.002619144006936828,0.00026191713836074226,-0.0010084844221459079
22,2,Port_Scanning,0.002893890675241158,-0.0019292604501607719,-0.0019292604501607719,-0.0019292604501607719,0.002893890675241158
22,2,Ransomware,0.009233897907028228,0.0013322841454741108,-0.006413765996366673,0.0005163974110900508,-0.0013362375375127948
22,2,SQL_injection,-0.003008802894718083,-0.0072246960057585465,0.0020523739328658563,0.006977074255642592,0.0025322772156413332
22,2,Uploading,-0.005531874553457592,0.022564081861425268,-0.002383219819666298,-0.027729147113375485,0.024251328699554434
22,2,Vulnerability_scanner,0.0013986324154565337,0.0011535601519381841,0.004160318823644558,-0.006030740858107738,0.012339355963372288
22,2,XSS,0.0,0.0,0.0,0.0,0.0
22,3,Backdoor,0.000780870423730945,-0.0021779602352498834,-0.00019418255390392104,-0.0005370290891945647,0.0009782151981482504
22,3,DDoS_HTTP,0.00023962671528810116,-0.007707731133001555,0.0036614981159234757,-0.005210290041379668,0.006966138112636177
22,3,DDoS_ICMP,9.04149541949506e-05,9.04149541949506e-05,9.04149541949506e-05,-0.0003616598167798024,9.04149541949506e-05
22,3,DDoS_TCP,0.0005297481259333436,-0.00010125945656599966,-0.00010125945656599966,-0.00010125945656599966,0.00027684627271029605
22,3,DDoS_UDP,0.0001285347043701812,0.0001285347043701812,0.0001285347043701812,-0.0005141388174807249,0.0001285347043701812
22,3,Fingerprinting,0.0,0.0,0.0,0.0,0.0
22,3,MITM,0.0,0.0,0.0,0.0,0.0
22,3,Normal,8.634219974074098e-06,1.192631270239645e-05,-9.768143779902612e-05,4.7077370755738146e-05,-2.1770603520201066e-05
22,3,Password,0.00212942573010147,0.001107104418330128,0.0004891187288343072,0.0010766890106555173,-0.002561454041641598
22,3,Port_Scanning,0.005425146132747091,-0.002562074314537255,-0.002562074314537255,-0.002562074314537255,0.0022610768108646748
22,3,Ransomware,0.005023432329334262,0.0004916671614475546,-0.003897732482239898,-9.008337003523955e-05,-0.0015272836385066787
22,3,SQL_injection,-0.001824195536933955,-0.013229642186111912,0.0006275247365808323,0.007732908179720692,0.004621394018827361
22,3,Uploading,-0.0006697704238727981,0.012816006761532236,-0.0016560499756777074,-0.01761150307022253,0.014139921681747759
22,3,Vulnerability_scanner,0.0037871109376945524,-0.007628319855508753,0.004200118305868139,0.0021400261372848672,0.005731605617385893
22,3,XSS,0.0,0.0,0.0,0.0,0.0
22,4,Backdoor,0.002397067768352947,-0.0047343425755937436,0.0012328909928811416,0.003124357919883236,-0.0008222445840946446
22,4,DDoS_HTTP,0.006500442853393316,-0.004805259130271178,0.002604584931079819,-0.0027259335776040968,0.0066072103972653635
22,4,DDoS_ICMP,0.0001313878726246609,0.0001313878726246609,0.0002062432741245346,-0.00022638243308719107,-0.00024263658628666528
22,4,DDoS_TCP,0.00018336942979074177,0.00014145112335810136,-0.0003486424210343064,0.0007407518434223937,-0.0005316689945153682
22,4,DDoS_UDP,-5.923657703286548e-05,-5.923657703286548e-05,0.00015509102094669416,-0.0005129420591763467,0.00047632419229538353
22,4,Fingerprinting,0.0,0.0,0.0,0.0,0.0
22,4,MITM,-0.09075414660982449,-0.014107257686650644,0.6324472145980684,-0.1254696339923083,-0.1318459060390142
22,4,Normal,-2.4472998743755672e-05,-6.922424885206039e-05,0.0002715186804438811,-4.5734089411168336e-05,-8.999446048013985e-05
22,4,Password,0.003801409279986459,-0.003450926997429533,0.004850611756104035,-0.0012587103191939743,-0.002948950604542855
22,4,Port_Scanning,0.0016160149362099369,-0.0016097915154029666,-0.0016097915154029666,-0.0016097915154029666,0.003213359609998963
22,4,Ransomware,0.00287604880349188,0.003700368963393563,-0.005167048857087794,0.0010067163357809438,-0.009532190114492491
22,4,SQL_injection,-0.005987842659270724,-0.0044853556496529485,0.0006003258396727833,0.00807151093978488,0.003332524116079524
22,4,Uploading,-0.003361987533769618,0.017664839201945018,-0.0008669900464380773,-0.018197212377636406,0.01780645387878232
22,4,Vulnerability_scanner,0.0013714445554786846,0.0032639566249814253,0.003526703142137224,-0.005864557367968653,0.012664868523437742
22,4,XSS,0.0,0.0,0.0,0.0,0.0
22,Aggregated,Backdoor,9.103415599103215e-05,-0.0021001640000513373,0.00021204259583771553,0.0017418201489469783,-0.001182619132359732
22,Aggregated,DDoS_HTTP,0.005194805770667748,-0.008835745561189727,0.005093356914718634,-0.0047436520442351,0.009446549405092977
22,Aggregated,DDoS_ICMP,8.731568959342942e-05,8.731568959342942e-05,0.00010222968311037935,-0.00028933814767744816,1.2477085380209936e-05
22,Aggregated,DDoS_TCP,0.00041856649134853206,0.00015933625161425417,-0.00013232354495814613,0.00045959410891481626,-0.0003249657668589608
22,Aggregated,DDoS_UDP,7.487977645303511e-05,7.487977645303511e-05,0.00011781711839700115,-0.00044978943361568267,0.0001822127623126113
22,Aggregated,Fingerprinting,0.0,0.0,0.0,0.0,0.0
22,Aggregated,MITM,-0.08923899509467298,-0.012592106171499117,0.6263866085374622,-0.12395448247715678,-0.1303307545238627
22,Aggregated,Normal,2.0773638878836728e-05,-3.0501579602043584e-05,1.6076554053617852e-05,1.3133856708476739e-05,-1.4021424259523057e-05
22,Aggregated,Password,0.0018688595342176261,-0.0012506674171574657,0.0020902362724244507,-8.774292622269337e-05,-0.0026717014591748412
22,Aggregated,Port_Scanning,0.0027665140994181567,-0.0017379904050863484,-0.0017379904050863484,-0.0017379904050863484,0.0024474571158408886
22,Aggregated,Ransomware,0.0063082367676825825,0.0013600204850418055,-0.004766676075933346,0.0020235779323059476,-0.0028715263130524543
22,Aggregated,SQL_injection,-0.0033340634460924568,-0.008455234881949842,0.00022417340411616342,0.00757112205584569,0.003352767712207391
22,Aggregated,Uploading,-0.003528434419894193,0.019081438457041067,-0.001556871852340938,-0.022613642059576108,0.020841885614791764
22,Aggregated,Vulnerability_scanner,0.0023115034156572806,-0.0014309800721042172,0.0037929332912706375,-0.0027294081468689484,0.009423323883815126
22,Aggregated,XSS,0.0,0.0,0.0,0.0,0.0
22,Centralized,Backdoor,9.103415599103215e-05,-0.0021001640000513373,0.00021204259583771553,0.0017418201489469783,-0.001182619132359732
22,Centralized,DDoS_HTTP,0.005194805770667748,-0.008835745561189727,0.005093356914718634,-0.0047436520442351,0.009446549405092977
22,Centralized,DDoS_ICMP,8.731568959342942e-05,8.731568959342942e-05,0.00010222968311037935,-0.00028933814767744816,1.2477085380209936e-05
22,Centralized,DDoS_TCP,0.00041856649134853206,0.00015933625161425417,-0.00013232354495814613,0.00045959410891481626,-0.0003249657668589608
22,Centralized,DDoS_UDP,7.487977645303511e-05,7.487977645303511e-05,0.00011781711839700115,-0.00044978943361568267,0.0001822127623126113
22,Centralized,Fingerprinting,0.0,0.0,0.0,0.0,0.0
22,Centralized,MITM,-0.08923899509467298,-0.012592106171499117,0.6263866085374622,-0.12395448247715678,-0.1303307545238627
22,Centralized,Normal,2.0773638878836728e-05,-3.0501579602043584e-05,1.6076554053617852e-05,1.3133856708476739e-05,-1.4021424259523057e-05
22,Centralized,Password,0.0018688595342176261,-0.0012506674171574657,0.0020902362724244507,-8.774292622269337e-05,-0.0026717014591748412
22,Centralized,Port_Scanning,0.0027665140994181567,-0.0017379904050863484,-0.0017379904050863484,-0.0017379904050863484,0.0024474571158408886
22,Centralized,Ransomware,0.0063082367676825825,0.0013600204850418055,-0.004766676075933346,0.0020235779323059476,-0.0028715263130524543
22,Centralized,SQL_injection,-0.0033340634460924568,-0.008455234881949842,0.00022417340411616342,0.00757112205584569,0.003352767712207391
22,Centralized,Uploading,-0.003528434419894193,0.019081438457041067,-0.001556871852340938,-0.022613642059576108,0.020841885614791764
22,Centralized,Vulnerability_scanner,0.0023115034156572806,-0.0014309800721042172,0.0037929332912706375,-0.0027294081468689484,0.009423323883815126
22,Centralized,XSS,0.0,0.0,0.0,0.0,0.0
23,0,Backdoor,-0.0010624941675816976,0.0010521304257117355,0.0007336643388215843,-0.0008056850390777525,-0.0011237265200824428
23,0,DDoS_HTTP,-0.01703899349650941,-0.008836942951855291,0.00391789622828523,0.009467667728549033,-0.004200601418694835
23,0,DDoS_ICMP,0.0,0.0,0.0,0.0,0.0
23,0,DDoS_TCP,-0.00019877407667647228,-0.0005799113564031806,-0.0011485433250827848,0.0009967295849432271,-8.780983019838391e-05
23,0,DDoS_UDP,0.0,0.0,0.0,0.0,0.0
23,0,Fingerprinting,0.0,0.0,0.0,0.0,0.0
23,0,MITM,0.0,0.0,0.0,0.0,0.0
23,0,Normal,-0.00023314788408163774,-5.803891419430274e-05,3.526498434182068e-05,0.0001430200681919014,0.0001249735978279561
23,0,Password,-0.002341650315255249,-0.0014304945752900958,0.0009742949379434314,0.003002641647879021,-0.00208039348067819
23,0,Port_Scanning,-0.004968140828543006,-0.0038928720113387046,-0.004968140828543006,0.013967150565665006,-0.0001379968972402893
23,0,Ransomware,-0.024496093728447063,0.006509427055290752,0.008508761025888835,0.006577086592861802,-0.0019281274191031567
23,0,SQL_injection,0.006341079123605115,0.006460413966904297,0.007089979335544281,-0.058809996631030675,0.04451550391238611
23,0,Uploading,-0.01087319813014292,-0.031617151719287515,-0.009151080798582668,0.023304541688580902,0.020512354580493674
23,0,Vulnerability_scanner,-0.0018809742259678353,-0.010687600007108748,0.0002383846372549144,-0.005018181774503694,0.01316480139060933
23,0,XSS,0.0,0.0,0.0,0.0,0.0
23,1,Backdoor,-0.001712249168227431,0.0004862416816528714,0.00367578809087162,0.0006090981857244845,-0.002786779688664707
23,1,DDoS_HTTP,-0.012257772348648477,-0.007457676572942217,0.002539502652995529,0.009411023883202684,-0.004334231046531106
23,1,DDoS_ICMP,0.0,0.0,0.0,0.0,0.0
23,1,DDoS_TCP,0.00044343987951847206,-0.0008729578751792828,-0.00023487116981730968,0.0004042268467962481,6.973126377130546e-05
23,1,DDoS_UDP,0.0,0.0,0.0,0.0,0.0
23,1,Fingerprinting,0.0,0.0,0.0,0.0,0.0
23,1,MITM,0.0,0.0,0.0,0.0,0.0
23,1,Normal,-0.0001646429233825834,-6.867748556034781e-05,-2.856169776338328e-05,0.00013165903830146265,7.090673117441012e-05
23,1,Password,-0.006117477015916215,-0.0014623536194037223,0.0015320399335546403,0.006241094281203491,-0.008445555831690434
23,1,Port_Scanning,-0.0009646302250803859,-0.0009646302250803859,-0.0009646302250803859,0.0038585209003215437,-0.0009646302250803859
23,1,Ransomware,-0.02151229105982847,0.0034286050027833295,0.009231932143161488,0.008981827246770305,-0.003623087304942467
23,1,SQL_injection,0.0008287369916643328,0.004886998381465224,0.008188366777848266,-0.05272123926075687,0.041616862774244145
23,1,Uploading,-0.006684994628660063,-0.031182425465667647,-0.017832829759505398,0.02050275490953296,0.017424420968897784
23,1,Vulnerability_scanner,-0.0035360759598970968,-0.012220110722865933,-0.004009549426782351,-0.0017347696240079073,0.011240206902349788
23,1,XSS,0.0,0.0,0.0,0.0,0.0
23,2,Backdoor,-0.004610141264022053,-0.0008390781069092394,0.002078667838991035,-0.0009541401340308768,-0.00030253306757657326
23,2,DDoS_HTTP,-0.012762340534659114,-0.007480848570221297,0.0031459817688571415,0.00692976709023642,-0.008136937186727502
23,2,DDoS_ICMP,0.0,0.0,0.0,0.0,0.0
23,2,DDoS_TCP,-0.0001615285713290615,-0.0012610511399591777,-0.001014378273120999,0.000620653055018137,0.00031044737677675865
23,2,DDoS_UDP,0.0,0.0,0.0,0.0,0.0
23,2,Fingerprinting,0.0,0.0,0.0,0.0,0.0
23,2,MITM,0.0,0.0,0.0,0.0,0.0
23,2,Normal,-0.00012196372619816173,-3.574346554455395e-05,-4.930722584707281e-05,4.0036103935231496e-05,6.59190046715922e-05
23,2,Password,-0.0022953058115213762,-0.0020000906473724026,-0.0003300947741846763,0.0064518164108227785,-0.0032421865118249147
23,2,Port_Scanning,-0.002240530906177126,-0.002240530906177126,-0.002240530906177126,0.007354406582907861,-0.000632813864376483
23,2,Ransomware,-0.01546754645667858,0.0019977012542155437,0.01439740399775999,0.01085687114442672,-0.008410455551256472
23,2,SQL_injection,-0.0016044851655169184,-0.0048839385034554665,0.009315553040084168,-0.04885261420265172,0.04602548483153993
23,2,Uploading,-0.004714587043457488,-0.032169542988543985,-0.018861513084162364,0.019449700760730135,0.020294392347740664
23,2,Vulnerability_scanner,-0.0070161783237344365,-0.01946104113158985,0.000791283009486854,0.000783975956804576,0.016004323287587868
23,2,XSS,4.040404040404066e-05,4.040404040404066e-05,4.040404040404066e-05,-0.00016161616161616265,4.040404040404066e-05
23,3,Backdoor,-0.0005590234046641107,0.0015460874033360217,0.0033529732674373387,-0.00029644892319347267,-0.0017389581313089042
23,3,DDoS_HTTP,-0.010776961078492854,-0.004118559617121414,0.0029654740153416534,0.007806502238743915,-0.0031571181582828326
23,3,DDoS_ICMP,0.0,0.0,0.0,0.0,0.0
23,3,DDoS_TCP,-0.0005534525117706616,-0.0005534525117706616,-0.0004697598897498323,0.0005804272118547337,-8.734059634194861e-06
23,3,DDoS_UDP,0.0,0.0,0.0,0.0,0.0
23,3,Fingerprinting,0.0,0.0,0.0,0.0,0.0
23,3,MITM,0.0,0.0,0.0,0.0,0.0
23,3,Normal,-0.0001431766711479802,1.1350702664839989e-05,2.9548722304340026e-05,0.00010188378915879463,0.00010900453332322776
23,3,Password,-0.0037575228978908334,-0.0011831536658905263,0.0003334607950071705,0.005467629011571379,-0.005594326325170986
23,3,Port_Scanning,-0.002765528880178562,-0.002765528880178562,-0.002765528880178562,0.00892536338396211,-0.000628776743426425
23,3,Ransomware,-0.031514914817336835,0.008299969742852959,0.013198177363956318,0.009188944549694895,-0.00254334986978307
23,3,SQL_injection,0.000932718298991654,0.004753114361103583,0.00785768026660864,-0.042388251973865435,0.03169434734676649
23,3,Uploading,-0.004233334847694285,-0.023320936727524392,-0.012568524766212182,0.013456453707698572,0.013470012221510326
23,3,Vulnerability_scanner,-0.002902625905529116,-0.008677197010448029,-0.0007181585634806198,-0.003023531111698443,0.009645518656845264
23,3,XSS,5.397236614853098e-06,5.397236614853098e-06,5.397236614853098e-06,-2.1588946459412393e-05,5.397236614853098e-06
23,4,Backdoor,-0.0033282380109603067,-0.002334121461329384,0.0034286792109138155,0.0016837992275139213,-0.0018409713569903952
23,4,DDoS_HTTP,-0.011268487533504434,-0.006375746145122565,0.002310487324840598,0.010019841753768213,-0.00492654651180229
23,4,DDoS_ICMP,-0.00044875871431723964,7.470726464643048e-05,0.0002243338847834971,0.0002243338847834971,-0.00029918252439580607
23,4,DDoS_TCP,0.00032691550390073765,-0.000365456724779815,-0.0009819569954413094,0.0006757792470768002,0.00015945798822202448
23,4,DDoS_UDP,0.0006267665813133612,-0.00012336342926678364,-0.000257296700811314,-0.00033755327362810876,0.0004124731136600242
23,4,Fingerprinting,0.0,0.0,0.0,0.0,0.0
23,4,MITM,-0.11993512137699584,0.0692454280093213,0.5115226448016303,-0.16704931631727774,-0.16405390538694825
23,4,Normal,-0.00018153805797709496,5.463209132500202e-06,0.0002821519668737467,4.5808670259013993e-05,-5.3272325388755336e-05
23,4,Password,-0.0053870828413512635,-0.001925534692051446,0.0029045439802053846,0.0065797119955764835,-0.004140556090739313
23,4,Port_Scanning,-0.002240530906177126,-0.002240530906177126,-0.002240530906177126,0.007354406582907861,-0.000632813864376483
23,4,Ransomware,-0.010971496272701126,0.005780093566885461,0.006700704723617947,0.004870907925481774,0.004354253333552079
23,4,SQL_injection,0.0034467183438315675,-0.0002687299970351037,0.009429941973525778,-0.06213097863246709,0.04952304831214486
23,4,Uploading,-0.0024938602377505563,-0.02803321898751868,-0.015644640055996976,0.014757499790963172,0.013560957066788438
23,4,Vulnerability_scanner,-0.004121667335193615,-0.016352305542179736,-0.003204694104398133,-0.0021246884060286924,0.01440457701280981
23,4,XSS,0.0,0.0,0.0,0.0,0.0
23,Aggregated,Backdoor,-0.0022697003653592398,-2.657228282266777e-05,0.0026618102509746054,7.785990750301027e-05,-0.0015621752937149977
23,Aggregated,DDoS_HTTP,-0.012809985170565344,-0.006830619760153244,0.002981446013356928,0.008725433793214554,-0.004916072260974041
23,Aggregated,DDoS_ICMP,-8.980349560085051e-05,1.4963812845756689e-05,4.4899928358123806e-05,4.4899928358123806e-05,-5.9869400932799356e-05
23,Aggregated,DDoS_TCP,-2.8341930353043e-05,-0.0007270440984436632,-0.0007683724811556713,0.0006538083841821807,8.884994722415107e-05
23,Aggregated,DDoS_UDP,0.0001255860252963185,-2.469398531919261e-05,-5.1528960284887475e-05,-6.762579686238243e-05,8.265006348012379e-05
23,Aggregated,Fingerprinting,0.0,0.0,0.0,0.0,0.0
23,Aggregated,MITM,-0.11993512137699588,0.06924542800932132,0.5115226448016305,-0.16704931631727782,-0.16405390538694817
23,Aggregated,Normal,-0.00016885923639067452,-2.9124797200247297e-05,5.36772941722663e-05,9.248976368376923e-05,6.354947851230363e-05
23,Aggregated,Password,-0.00397574675308158,-0.0016072812084914011,0.0010857941576067351,0.005535347662224781,-0.00468943238995052
23,Aggregated,Port_Scanning,-0.0026435062395248066,-0.0024273367626549405,-0.0026435062395248066,0.00831571986950303,-0.000601370627798475
23,Aggregated,Ransomware,-0.020580887788771863,0.005071807232215005,0.01043465956651476,0.008083363112039062,-0.002712398654821761
23,Aggregated,SQL_injection,0.001996522254234969,0.0021972087354931013,0.008391252461144841,-0.05300570157171337,0.04266448069137895
23,Aggregated,Uploading,-0.005813881227269463,-0.0293224061292973,-0.014794836621838548,0.01834333485602863,0.01707298203716264
23,Aggregated,Vulnerability_scanner,-0.0038886451936906447,-0.013477897999143996,-0.0013888325200308415,-0.002225582294799015,0.012888944341035997
23,Aggregated,XSS,7.865345288658038e-06,7.865345288658038e-06,7.865345288658038e-06,-3.146138115463215e-05,7.865345288658038e-06
23,Centralized,Backdoor,-0.0022697003653592398,-2.657228282266777e-05,0.0026618102509746054,7.785990750301027e-05,-0.0015621752937149977
23,Centralized,DDoS_HTTP,-0.012809985170565344,-0.006830619760153244,0.002981446013356928,0.008725433793214554,-0.004916072260974041
23,Centralized,DDoS_ICMP,-8.980349560085051e-05,1.4963812845756689e-05,4.4899928358123806e-05,4.4899928358123806e-05,-5.9869400932799356e-05
23,Centralized,DDoS_TCP,-2.8341930353043e-05,-0.0007270440984436632,-0.0007683724811556713,0.0006538083841821807,8.884994722415107e-05
23,Centralized,DDoS_UDP,0.0001255860252963185,-2.469398531919261e-05,-5.1528960284887475e-05,-6.762579686238243e-05,8.265006348012379e-05
23,Centralized,Fingerprinting,0.0,0.0,0.0,0.0,0.0
23,Centralized,MITM,-0.11993512137699588,0.06924542800932132,0.5115226448016305,-0.16704931631727782,-0.16405390538694817
23,Centralized,Normal,-0.00016885923639067452,-2.9124797200247297e-05,5.36772941722663e-05,9.248976368376923e-05,6.354947851230363e-05
23,Centralized,Password,-0.00397574675308158,-0.0016072812084914011,0.0010857941576067351,0.005535347662224781,-0.00468943238995052
23,Centralized,Port_Scanning,-0.0026435062395248066,-0.0024273367626549405,-0.0026435062395248066,0.00831571986950303,-0.000601370627798475
23,Centralized,Ransomware,-0.020580887788771863,0.005071807232215005,0.01043465956651476,0.008083363112039062,-0.002712398654821761
23,Centralized,SQL_injection,0.001996522254234969,0.0021972087354931013,0.008391252461144841,-0.05300570157171337,0.04266448069137895
23,Centralized,Uploading,-0.005813881227269463,-0.0293224061292973,-0.014794836621838548,0.01834333485602863,0.01707298203716264
23,Centralized,Vulnerability_scanner,-0.0038886451936906447,-0.013477897999143996,-0.0013888325200308415,-0.002225582294799015,0.012888944341035997
23,Centralized,XSS,7.865345288658038e-06,7.865345288658038e-06,7.865345288658038e-06,-3.146138115463215e-05,7.865345288658038e-06
24,0,Backdoor,0.005458880118795218,-0.0017136514242075,-0.008321336528044386,0.004944720603881703,-0.001868129513844228
24,0,DDoS_HTTP,0.0006142998706342476,0.0046411900992559115,-0.0001386541480694022,0.004757945097091084,0.01091815163872658
24,0,DDoS_ICMP,0.0,0.0,0.0,0.0,0.0
24,0,DDoS_TCP,6.459899552567761e-05,-0.0007087443148401669,-0.00015860244551230325,0.0028652553048093905,0.0015134069119255929
24,0,DDoS_UDP,1.611343860780101e-05,1.611343860780101e-05,-6.445375443120405e-05,1.611343860780101e-05,1.611343860780101e-05
24,0,Fingerprinting,0.0,0.0,0.0,0.0,0.0
24,0,MITM,0.0,0.0,0.0,0.0,0.0
24,0,Normal,1.5776934918069566e-05,9.03358204172829e-05,-4.302409764801636e-05,4.213934694998016e-05,8.291490439248187e-05
24,0,Password,0.0010333648009368322,0.00020277936217284233,0.005623122931322779,0.0021476391053781452,0.0007703158399129055
24,0,Port_Scanning,-0.008923400842690908,-0.02438962571629409,0.027921084066189254,0.04083381393200704,0.009002573005233156
24,0,Ransomware,0.0012416427750804695,0.008994528923358957,-0.02546907935675861,0.0147876564341405,0.0019327427725221733
24,0,SQL_injection,0.008130625630672163,0.005514313399781556,0.004301474404955251,-0.0021640100429573487,-0.015782403392451613
24,0,Uploading,-0.005944518996646316,-0.0028602069951654424,-0.021698367148315835,0.014936134941268204,0.010412644164166894
24,0,Vulnerability_scanner,-0.0025406630343837574,-0.002593331677415946,-0.002440457993185785,0.00417442470739551,0.0008060612722315915
24,0,XSS,0.0,0.0,0.0,0.0,0.0
24,1,Backdoor,-0.0011337897905022024,-0.0007281106732611694,-0.008650205033323232,0.0015588779742071956,0.00012391303318758003
24,1,DDoS_HTTP,0.0009459598451504097,0.001412358122500675,0.005294291685576884,0.0011210960203988198,0.008389825440700266
24,1,DDoS_ICMP,0.0,0.0,0.0,0.0,0.0
24,1,DDoS_TCP,0.0001838895364002983,-0.00031906598257746,0.00020349580523216783,0.0006083685503525967,0.0008278035922834714
24,1,DDoS_UDP,1.611343860780101e-05,1.611343860780101e-05,-6.445375443120405e-05,1.611343860780101e-05,1.611343860780101e-05
24,1,Fingerprinting,0.0,0.0,0.0,0.0,0.0
24,1,MITM,0.0,0.0,0.0,0.0,0.0
24,1,Normal,6.0223082031204043e-05,6.32895922171491e-05,2.4269712612989824e-05,4.2951224712067804e-05,7.098373438373569e-05
24,1,Password,0.0015833109430245333,0.0026297702962497695,0.007076108112744787,0.0029936661189091753,0.0030487618606890488
24,1,Port_Scanning,-0.006874557030173142,-0.016998231789309523,0.020911171678123612,0.011007612204295383,0.004857230743515267
24,1,Ransomware,0.001972077353596034,0.005468911152938825,-0.01918943704369887,0.010150874665850263,0.005090587843369561
24,1,SQL_injection,0.005316808913056446,0.0034025065688512743,0.0018690783149083346,-0.0009277966667109699,-0.0124603227945702
24,1,Uploading,-0.0013504698551712513,-0.0007367518457767001,-0.018516100048888127,0.016059961813941134,0.011284086729342504
24,1,Vulnerability_scanner,-0.0029660878961433788,-0.003093164619339589,-0.003134237113534268,0.005072939206032967,0.0015943876494643554
24,1,XSS,0.0,0.0,0.0,0.0,0.0
24,2,Backdoor,0.004929371406620126,-0.00024265261688009206,-0.00836002089009414,0.005559226233419369,-0.0007058333108855267
24,2,DDoS_HTTP,0.0031432856591800634,0.003278281849769467,0.003468407649889835,0.003694912764427526,0.009135825052789377
24,2,DDoS_ICMP,0.0,0.0,0.0,0.0,0.0
24,2,DDoS_TCP,0.0002462732996291757,-0.0008571769332832694,0.0017349809041153463,0.00264975307447126,0.0017768615156740146
24,2,DDoS_UDP,4.8371493066751146e-05,4.8371493066751146e-05,-0.00019348597226700459,4.8371493066751146e-05,4.8371493066751146e-05
24,2,Fingerprinting,0.0,0.0,0.0,0.0,0.0
24,2,MITM,0.0,0.0,0.0,0.0,0.0
24,2,Normal,2.5302085123860932e-05,8.22143318196004e-05,8.061324046028847e-06,7.31760044052565e-05,4.791837540928008e-05
24,2,Password,0.0019038380398660308,0.002391699300673082,0.0012523177268789385,0.0033343415371763826,0.001185321423922892
24,2,Port_Scanning,-0.007701707983200418,-0.02630018764907905,0.03580435638978594,0.035415620555746256,0.013414830079152376
24,2,Ransomware,0.006243644562900822,0.005984099599865578,-0.021609988165420056,0.00967938831123174,0.003119004759744916
24,2,SQL_injection,0.01005600529024206,0.004897676399138044,0.005122811250420862,9.479852981794425e-05,-0.02123552008527517
24,2,Uploading,-0.0004675369245248154,0.002213452597525028,-0.011474538308053735,0.014128451951116283,0.01016074082532121
24,2,Vulnerability_scanner,-0.006290618944436142,-0.00571835882815104,-0.0044334414445728835,0.005914021283575576,0.004099326312385609
24,2,XSS,0.0,0.0,0.0,0.0,0.0
24,3,Backdoor,0.0016558520424182358,0.0026018824201345897,-0.01230779505560938,0.0020533119281824644,0.0005372125746259079
24,3,DDoS_HTTP,-0.0012660167200906828,0.0068256146855309435,-0.00271609266290098,0.0011614146612149553,0.008182567654614116
24,3,DDoS_ICMP,0.0,0.0,0.0,0.0,0.0
24,3,DDoS_TCP,-0.00012677623626280814,-0.0012721545625532405,0.0013800792828011796,0.0024127705283883156,0.0011350830786945431
24,3,DDoS_UDP,1.611343860780101e-05,1.611343860780101e-05,-6.445375443120405e-05,1.611343860780101e-05,1.611343860780101e-05
24,3,Fingerprinting,0.0,0.0,0.0,0.0,0.0
24,3,MITM,0.0,0.0,0.0,0.0,0.0
24,3,Normal,4.053605790466837e-05,0.00012839225723791,-0.000126493894580935,6.853888256310355e-06,2.212996523196879e-06
24,3,Password,0.0014971849647054788,0.002389963290971994,-0.00034287229611600724,-0.00034619838808788207,0.0032711389674770245
24,3,Port_Scanning,-0.008229337283343643,-0.02845331359986092,0.03240282458013799,0.02858072321685593,0.007647984875348043
24,3,Ransomware,0.00881840179896968,0.008511186470854604,-0.028348196408779204,0.014838013635462733,0.0029628361035475503
24,3,SQL_injection,0.0057456728382651295,0.0026178468669010523,0.003154116797107497,-0.0007688091028870539,-0.011008830288307632
24,3,Uploading,0.0038423000028731656,0.004876777964375975,-0.018160094627490884,0.012400377735907731,0.008117797060315637
24,3,Vulnerability_scanner,-0.0030505973003497723,-0.0027801924277623606,-0.001941887477181864,0.003755853299476741,0.0012476354223430722
24,3,XSS,0.0,0.0,0.0,0.0,0.0
24,4,Backdoor,0.005107537159185051,0.0008124684436225864,-0.01136644100546692,0.005788585173870599,-0.0023854190019805617
24,4,DDoS_HTTP,0.0008700773087735888,0.002403190139604089,0.0006882456113551576,0.0025136199345210403,0.006392472384065115
24,4,DDoS_ICMP,0.00017211354414391848,0.00015339969376895006,2.2411165114627486e-05,0.00015339969376895006,-0.000276757892296825
24,4,DDoS_TCP,0.00024981375691618217,-0.0004053707238612203,0.00010533114249832165,0.0013683247402701344,0.001184058116100717
24,4,DDoS_UDP,-0.00032658001666916456,-0.000299827825730233,0.0002892026453955532,-0.000299827825730233,0.0003160067314668983
24,4,Fingerprinting,0.0,0.0,0.0,0.0,0.0
24,4,MITM,-0.15386043428162519,-0.09198807919857818,0.5571174414485871,-0.14008575452541194,-0.13215878319906946
24,4,Normal,-2.0933341096172433e-05,1.6075387162924524e-05,0.000253064316391242,-1.76767656148639e-05,-1.5138129767187462e-05
24,4,Password,0.0007069652902638275,0.0020391353040270246,0.0020081950778865127,0.001858657667552061,0.0009136936827159224
24,4,Port_Scanning,-0.0063049146060105525,-0.019447448082611483,0.026066585869875092,0.02262225558305491,0.009012403024829418
24,4,Ransomware,0.003900149067929807,0.004024602690665722,-0.014052336472791301,0.010174253155711944,-0.004046668441516173
24,4,SQL_injection,0.008804945252270898,0.0077097947187650265,0.0028794203392181954,-0.0005466232964811769,-0.018847537013772946
24,4,Uploading,0.004217492307332316,0.0068048301478999835,-0.026956783446972308,0.013193246944203547,0.005120163945409814
24,4,Vulnerability_scanner,-0.0040909440122586975,-0.003692597433618531,-0.0038948720875596568,0.0054344746532060855,0.002680301777154744
24,4,XSS,0.0,0.0,0.0,0.0,0.0
24,Aggregated,Backdoor,0.0032068206779065707,0.00013263947793477245,-0.009817565462997408,0.003984593305905206,-0.0008380265638319839
24,Aggregated,DDoS_HTTP,0.000804434027311988,0.0037513072131507377,0.001258024041653617,0.0026609633651103054,0.008612025107824548
24,Aggregated,DDoS_ICMP,3.442825108007271e-05,3.068581549910225e-05,4.489103391353e-06,3.068581549910225e-05,-5.5379758497984635e-05
24,Aggregated,DDoS_TCP,0.00012417825257016735,-0.000710705085360395,0.0006533249727492678,0.001975115492992994,0.0012863783371944678
24,Aggregated,DDoS_UDP,-4.6128761550053483e-05,-4.076314935755517e-05,-1.9399650391033197e-05,-4.076314935755517e-05,8.266736434621725e-05
24,Aggregated,Fingerprinting,0.0,0.0,0.0,0.0,0.0
24,Aggregated,MITM,-0.1499348566901306,-0.0880625016070836,0.5414151310826086,-0.13616017693391733,-0.12823320560757487
24,Aggregated,Normal,2.4210682372188817e-05,7.608234010962703e-05,2.30270002803179e-05,2.9521690524767866e-05,3.779841409688826e-05
24,Aggregated,Password,0.001338177725791418,0.001921774464225788,0.0031746299367874705,0.002004514499003721,0.0018316732143262705
24,Aggregated,Port_Scanning,-0.007609556793689244,-0.023154577096988593,0.028648176267045352,0.027778827664347094,0.008797882990555346
24,Aggregated,Ransomware,0.004349673541959325,0.006584418729063121,-0.021403605009878514,0.011909197565559053,0.0017189743740419086
24,Aggregated,SQL_injection,0.007606354216052893,0.0048467458322721535,0.0034550178000830423,-0.000872842787261891,-0.015871115964497754
24,Aggregated,Uploading,1.5170508602222374e-05,0.0020339548697434046,-0.01933872781257827,0.01413150753614305,0.008997109666665141
24,Aggregated,Vulnerability_scanner,-0.0037868084024083723,-0.0035761248795821285,-0.00316853396915181,0.004870948295541685,0.0020854499792841946
24,Aggregated,XSS,0.0,0.0,0.0,0.0,0.0
24,Centralized,Backdoor,0.0032068206779065707,0.00013263947793477245,-0.009817565462997408,0.003984593305905206,-0.0008380265638319839
24,Centralized,DDoS_HTTP,0.000804434027311988,0.0037513072131507377,0.001258024041653617,0.0026609633651103054,0.008612025107824548
24,Centralized,DDoS_ICMP,3.442825108007271e-05,3.068581549910225e-05,4.489103391353e-06,3.068581549910225e-05,-5.5379758497984635e-05
24,Centralized,DDoS_TCP,0.00012417825257016735,-0.000710705085360395,0.0006533249727492678,0.001975115492992994,0.0012863783371944678
24,Centralized,DDoS_UDP,-4.6128761550053483e-05,-4.076314935755517e-05,-1.9399650391033197e-05,-4.076314935755517e-05,8.266736434621725e-05
24,Centralized,Fingerprinting,0.0,0.0,0.0,0.0,0.0
24,Centralized,MITM,-0.1499348566901306,-0.0880625016070836,0.5414151310826086,-0.13616017693391733,-0.12823320560757487
24,Centralized,Normal,2.4210682372188817e-05,7.608234010962703e-05,2.30270002803179e-05,2.9521690524767866e-05,3.779841409688826e-05
24,Centralized,Password,0.001338177725791418,0.001921774464225788,0.0031746299367874705,0.002004514499003721,0.0018316732143262705
24,Centralized,Port_Scanning,-0.007609556793689244,-0.023154577096988593,0.028648176267045352,0.027778827664347094,0.008797882990555346
24,Centralized,Ransomware,0.004349673541959325,0.006584418729063121,-0.021403605009878514,0.011909197565559053,0.0017189743740419086
24,Centralized,SQL_injection,0.007606354216052893,0.0048467458322721535,0.0034550178000830423,-0.000872842787261891,-0.015871115964497754
24,Centralized,Uploading,1.5170508602222374e-05,0.0020339548697434046,-0.01933872781257827,0.01413150753614305,0.008997109666665141
24,Centralized,Vulnerability_scanner,-0.0037868084024083723,-0.0035761248795821285,-0.00316853396915181,0.004870948295541685,0.0020854499792841946
24,Centralized,XSS,0.0,0.0,0.0,0.0,0.0
25,0,Backdoor,0.001321367427821285,0.010083399536816084,0.010412047537940469,0.004806556285455526,-0.019047613212275792
25,0,DDoS_HTTP,0.011354660061738487,-0.006340342472372285,-0.0076836886852437326,-4.4287024990635746e-05,0.0006654999516646063
25,0,DDoS_ICMP,5.6116347623952345e-05,-1.8705449207984115e-05,-1.8705449207984115e-05,-1.8705449207984115e-05,0.0
25,0,DDoS_TCP,-0.0020307192791372292,-0.0001961588004156726,-0.00015984962823487232,-0.0001372050040815161,-3.367273662130595e-05
25,0,DDoS_UDP,0.0,0.0,0.0,0.0,0.0
25,0,Fingerprinting,0.029411764705882353,-0.00980392156862745,-0.00980392156862745,-0.00980392156862745,0.0
25,0,MITM,0.0,0.0,0.0,0.0,0.0
25,0,Normal,0.0001903852391468545,-1.123053502430545e-05,-0.00010490854486324512,-0.00013126614980367158,-9.388443047291621e-05
25,0,Password,0.003022359904802694,-0.003968540908732838,0.0013866804023961996,-0.0008522190860901908,-0.0005856085225916463
25,0,Port_Scanning,-0.03360744776679934,-0.012426490949302978,-0.010383068216225077,0.023883347858189206,-0.011910785370306261
25,0,Ransomware,-3.175379222785842e-05,0.002980561764620909,0.006705897032908067,0.0017919629855870033,0.002160702668218878
25,0,SQL_injection,-0.00043798654633937925,0.006453547113433892,0.0011226220479371497,-0.004300181840061699,-0.0028380007749699647
25,0,Uploading,0.006766023147379019,-0.015047216106218265,-0.011112334855966237,0.021409462720639,0.01725820542703543
25,0,Vulnerability_scanner,0.003892361970617727,-0.004835146923621035,-0.0032913134908472883,0.006313022230696112,0.00627809769773921
25,0,XSS,0.0,0.0,0.0,0.0,0.0
25,1,Backdoor,0.001398277743509809,0.009716942026507046,0.0068847010202228495,0.007691950581501531,-0.019451411642909443
25,1,DDoS_HTTP,0.010651602577271945,-0.009507578390773607,-0.00798926195104725,-0.0030132997997316725,0.00440399210973509
25,1,DDoS_ICMP,7.861848608420874e-05,-3.3690024990257196e-05,-3.3690024990257196e-05,-3.3690024990257196e-05,2.2451588886562844e-05
25,1,DDoS_TCP,3.026596943528359e-05,0.0006418043451270894,0.00021119467097951058,-0.001046434542048021,0.00047185304728530886
25,1,DDoS_UDP,0.0,0.0,0.0,0.0,0.0
25,1,Fingerprinting,0.04444444444444444,-0.01111111111111111,-0.01111111111111111,-0.01111111111111111,-0.01111111111111111
25,1,MITM,0.0,0.0,0.0,0.0,0.0
25,1,Normal,0.0001588820926158252,-2.4149604076841488e-05,-2.764904385902378e-05,-9.690933367757874e-05,-7.92699226725202e-05
25,1,Password,0.0077800900272197715,-0.0034167780385597666,0.0024758848586067137,0.0017216651098038742,-0.0030000504359941602
25,1,Port_Scanning,-0.010976333320787872,-0.006668298383250896,-0.004545331744155225,0.013296174894475394,-0.004009437252733017
25,1,Ransomware,-0.0014167381098891874,-0.0003782322151302586,0.0018294223673752516,0.00046902633842534904,-0.0005034783807811546
25,1,SQL_injection,0.0010574767094264997,0.005522006593133332,0.0022507310187280306,-0.005576117441457333,-0.0004543712153654298
25,1,Uploading,0.003161402452581018,-0.019231949068046195,-0.012245487131324196,0.02362365748390921,0.01717040521117369
25,1,Vulnerability_scanner,0.0032238469303784564,-0.00717431695299078,-0.004692123110273288,0.008769911838189658,0.008524827515074194
25,1,XSS,0.0,0.0,0.0,0.0,0.0
25,2,Backdoor,0.0020753685802862337,0.009671890619074107,0.006335119540133655,0.00450789725379413,-0.01477777599328814
25,2,DDoS_HTTP,0.011296405206870806,-0.00593521012761816,-0.005424462522190287,-0.0014475467029609029,0.00590202117994659
25,2,DDoS_ICMP,5.6242884019397366e-05,5.0737829521141364e-08,5.0737829521141364e-08,5.0737829521141364e-08,-5.639509750796079e-05
25,2,DDoS_TCP,-0.0013476947483793726,0.00010871931715685049,-0.00019536367773317353,-0.0009811937270098178,-0.0008169896273261294
25,2,DDoS_UDP,1.61030595813183e-05,1.61030595813183e-05,1.61030595813183e-05,1.61030595813183e-05,-6.44122383252732e-05
25,2,Fingerprinting,0.02352941176470588,-0.00588235294117647,-0.00588235294117647,-0.00588235294117647,-0.00588235294117647
25,2,MITM,0.0,0.0,0.0,0.0,0.0
25,2,Normal,0.00017705222617458993,-7.03091293778139e-07,-2.9881892001824378e-05,-8.346275611824845e-05,-6.054658416917066e-05
25,2,Password,0.0019708083981343767,-0.003257511941867331,0.003022871575056366,0.0026589104236226743,-0.0035853880805452707
25,2,Port_Scanning,-0.030724359716517213,-0.013735121915965008,-0.0111628542109826,0.018202302376158268,-0.013212877925098513
25,2,Ransomware,0.0009588061920750207,0.0022766789011668684,0.005503576155033719,0.0015299928316412554,-0.006809934583061574
25,2,SQL_injection,0.00038176438687628306,0.0037279018553685803,0.004042375250029648,-0.0050217014333851255,-0.0023334118548757653
25,2,Uploading,0.0007795853589101134,-0.015070308486743742,-0.010319746745276226,0.019570576437664345,0.01609588209596993
25,2,Vulnerability_scanner,0.005485220252111609,-0.009085944416506864,-0.00530658150270212,0.009024218505642301,0.009771023878660072
25,2,XSS,0.0,0.0,0.0,0.0,0.0
25,3,Backdoor,0.008416925257716222,0.007748888269591499,0.003998498144449897,0.005473288535788741,-0.014715084199090187
25,3,DDoS_HTTP,0.006900900705223189,-0.0018546224446008776,-0.0027698546746439427,-0.0003993541297237807,0.0009472632563463192
25,3,DDoS_ICMP,0.00011230851107446593,-3.743617035815531e-05,-3.743617035815531e-05,-3.743617035815531e-05,0.0
25,3,DDoS_TCP,-0.0015448259825247687,-0.0003246543861702367,-0.00019772956558617255,-0.0002165219769437769,-0.0002402984187724185
25,3,DDoS_UDP,0.0,0.0,0.0,0.0,0.0
25,3,Fingerprinting,0.05555555555555555,-0.01851851851851852,-0.01851851851851852,-0.01851851851851852,0.0
25,3,MITM,0.0,0.0,0.0,0.0,0.0
25,3,Normal,5.692841396783462e-05,3.576157227967262e-05,-6.9137087507220585e-06,-4.33996847287732e-05,-0.00012851838923971792
25,3,Password,0.0038091222040881672,-0.002875606026535607,0.00023096464784094217,0.00229255430163245,-0.0032106690270013003
25,3,Port_Scanning,-0.025015022087153227,-0.009586197441682811,-0.008032448637702807,0.019219737831129426,-0.008534951453727962
25,3,Ransomware,-0.002312541980993597,0.0035005752676461944,0.005953225016709165,0.0031366818545599676,0.0002018488204771222
25,3,SQL_injection,-0.0014696914838057949,0.002470903645684199,0.004571761482703122,-0.0026239850167151337,-0.002688985738945388
25,3,Uploading,2.394121606466478e-05,-0.008103872807932512,-0.0066315317056654145,0.01647728301583636,0.010824556746418952
25,3,Vulnerability_scanner,0.0033631242217556276,-0.00456255347160725,-0.0021806156994120343,0.005305815079232723,0.005481637277438352
25,3,XSS,0.0,0.0,0.0,0.0,0.0
25,4,Backdoor,0.00445327932662329,0.007630655763650131,0.004440788814866992,0.0040186394334125386,-0.015162769953338933
25,4,DDoS_HTTP,0.007313422936024947,-0.0022965925917791128,-0.0045789711674515034,0.0015737382788431702,-0.001297701527460667
25,4,DDoS_ICMP,-5.605543152324977e-05,3.748011877789392e-05,3.748011877789392e-05,-1.866143234701134e-05,-2.4337368552673767e-07
25,4,DDoS_TCP,-0.0004994708114984296,0.0006290977225752688,0.0002911777962392596,-0.0010830904031220666,-0.0003405499083160975
25,4,DDoS_UDP,-8.037028199747164e-05,-8.037028199747164e-05,0.0003214295326361194,-1.1370918067687975e-07,-0.00016057525946049921
25,4,Fingerprinting,0.029411764705882353,-0.00980392156862745,-0.00980392156862745,-0.00980392156862745,0.0
25,4,MITM,-0.15500092870953416,-0.06891484262344809,0.6766221825269108,-0.11082974394412844,-0.17220540531978973
25,4,Normal,7.395971951507097e-05,-7.615027934554375e-05,0.00029235724889990305,-0.00014102254243234894,-0.00016901642961514307
25,4,Password,0.005078667520478377,-0.0028291662830873736,0.0026972287614140233,0.0017037387099020987,-0.004598149009328602
25,4,Port_Scanning,-0.020382448957470514,-0.009152421837754358,-0.007582089854860608,0.014320500698702459,-0.009152421837754356
25,4,Ransomware,-0.0037861335380784678,0.006434818153906036,0.009713536269284931,0.005984501418628561,-0.014687246186637793
25,4,SQL_injection,0.0018362810423426948,0.004312109593422563,0.0027031383740299705,-0.006192073196227677,-0.002659455813567553
25,4,Uploading,0.004272521002006963,-0.007610941299906245,-0.007477194409458959,0.016858442369128514,0.014415027388136286
25,4,Vulnerability_scanner,0.004666503645450763,-0.009182821290908335,-0.005693574995555462,0.008583079301483573,0.008784342803075771
25,4,XSS,0.0,0.0,0.0,0.0,0.0
25,Aggregated,Backdoor,0.0035286532221034043,0.008984005576444153,0.006447576830070062,0.00532388365849959,-0.016652864588512378
25,Aggregated,DDoS_HTTP,0.009468873641343988,-0.005160814270956354,-0.005708032977775009,-0.0006455118921135974,0.002070751523833537
25,Aggregated,DDoS_ICMP,4.9432966140000587e-05,-1.045948515874436e-05,-1.045948515874436e-05,-2.1686791901655753e-05,-6.827203920856118e-06
25,Aggregated,DDoS_TCP,-0.0010746433705864848,0.00017304099957178852,-9.310522331534844e-06,-0.000695271029731374,-0.0001902023351598096
25,Aggregated,DDoS_UDP,-1.2882861623469966e-05,-1.2882861623469966e-05,6.762206327361464e-05,3.2139749540249786e-06,-4.5070314980699686e-05
25,Aggregated,Fingerprinting,0.03694581280788177,-0.011220580186097426,-0.011220580186097426,-0.011220580186097426,-0.0032840722495894913
25,Aggregated,MITM,-0.15500092870953414,-0.06891484262344807,0.6766221825269105,-0.11082974394412834,-0.17220540531978978
25,Aggregated,Normal,0.0001314379634100397,-1.5249421824792275e-05,2.4488305822319607e-05,-9.916517648240568e-05,-0.00010621280455249311
25,Aggregated,Password,0.004337080565502797,-0.003278456179301506,0.0019780287171398746,0.0014851537922041822,-0.002987637460619415
25,Aggregated,Port_Scanning,-0.02419475607021971,-0.010330577992950967,-0.00835714702833328,0.01781094816684723,-0.009389220106613206
25,Aggregated,Ransomware,-0.0012803410539944456,0.0028863432325583953,0.0059357748070590745,0.0025650406180190636,-0.0037830509941539025
25,Aggregated,SQL_injection,0.000280906781234395,0.0045155292422354295,0.002928288425751024,-0.004748434736583359,-0.0021957557676399934
25,Aggregated,Uploading,0.0030611577017601228,-0.012984910385460822,-0.00955485238625919,0.01954668801542537,0.015163504511760012
25,Aggregated,Vulnerability_scanner,0.004122317255479261,-0.006975590528391503,-0.004234671584279992,0.007608565730291411,0.007769998517401842
25,Aggregated,XSS,0.0,0.0,0.0,0.0,0.0
25,Centralized,Backdoor,0.0035286532221034043,0.008984005576444153,0.006447576830070062,0.00532388365849959,-0.016652864588512378
25,Centralized,DDoS_HTTP,0.009468873641343988,-0.005160814270956354,-0.005708032977775009,-0.0006455118921135974,0.002070751523833537
25,Centralized,DDoS_ICMP,4.9432966140000587e-05,-1.045948515874436e-05,-1.045948515874436e-05,-2.1686791901655753e-05,-6.827203920856118e-06
25,Centralized,DDoS_TCP,-0.0010746433705864848,0.00017304099957178852,-9.310522331534844e-06,-0.000695271029731374,-0.0001902023351598096
25,Centralized,DDoS_UDP,-1.2882861623469966e-05,-1.2882861623469966e-05,6.762206327361464e-05,3.2139749540249786e-06,-4.5070314980699686e-05
25,Centralized,Fingerprinting,0.03694581280788177,-0.011220580186097426,-0.011220580186097426,-0.011220580186097426,-0.0032840722495894913
25,Centralized,MITM,-0.15500092870953414,-0.06891484262344807,0.6766221825269105,-0.11082974394412834,-0.17220540531978978
25,Centralized,Normal,0.0001314379634100397,-1.5249421824792275e-05,2.4488305822319607e-05,-9.916517648240568e-05,-0.00010621280455249311
25,Centralized,Password,0.004337080565502797,-0.003278456179301506,0.0019780287171398746,0.0014851537922041822,-0.002987637460619415
25,Centralized,Port_Scanning,-0.02419475607021971,-0.010330577992950967,-0.00835714702833328,0.01781094816684723,-0.009389220106613206
25,Centralized,Ransomware,-0.0012803410539944456,0.0028863432325583953,0.0059357748070590745,0.0025650406180190636,-0.0037830509941539025
25,Centralized,SQL_injection,0.000280906781234395,0.0045155292422354295,0.002928288425751024,-0.004748434736583359,-0.0021957557676399934
25,Centralized,Uploading,0.0030611577017601228,-0.012984910385460822,-0.00955485238625919,0.01954668801542537,0.015163504511760012
25,Centralized,Vulnerability_scanner,0.004122317255479261,-0.006975590528391503,-0.004234671584279992,0.007608565730291411,0.007769998517401842
25,Centralized,XSS,0.0,0.0,0.0,0.0,0.0
26,0,Backdoor,-0.018536347718438446,0.0056637111900054915,0.02492099306434436,0.002759171633886572,-0.019677658039927794
26,0,DDoS_HTTP,0.007666207951206174,-0.004057694814171282,-0.02335315130285049,-0.0076788616916526825,0.008678725469033451
26,0,DDoS_ICMP,7.24502033906597e-05,3.069235132759733e-05,-4.040753154723187e-05,-3.6136203315199437e-06,-5.9121402839505215e-05
26,0,DDoS_TCP,0.0001877373372095296,0.0003922952990628059,-0.0002010832724724539,0.0019664647326122662,-0.0015321540177649104
26,0,DDoS_UDP,9.141347665818459e-05,9.141347665818459e-05,-0.0003387981756197367,9.141347665818459e-05,6.455774564518291e-05
26,0,Fingerprinting,-0.06516219442001445,0.20252339887356427,-0.06139051030777302,-0.005865586888112778,-0.07010510725766408
26,0,MITM,0.0,0.0,0.0,0.0,0.0
26,0,Normal,-0.00027040133800016277,0.00022522444208589732,0.00023082243990324992,-7.845954144952149e-05,-7.7710422636836e-05
26,0,Password,0.001731954928710964,-0.0024833949135751343,-0.0020968850896438563,-0.0006196646923294052,0.0019041516613155789
26,0,Port_Scanning,-0.011631459844049313,-0.013239176885849958,-0.013239176885849958,0.014858478236446041,0.023251335379303188
26,0,Ransomware,-0.015843945521099276,0.008444870995546068,-0.0011719280020455608,-0.027178635013495916,0.020654775333644217
26,0,SQL_injection,0.0013476328949855486,0.012925489434439856,0.019839015034838824,-0.02786903456174581,0.005653640384388766
26,0,Uploading,0.012821698467293951,-0.01340257332398923,-0.009346449289598038,-0.014636602225904564,0.013788090078798528
26,0,Vulnerability_scanner,0.013295567826333966,0.003296327624714686,-0.03383143406191114,-0.0021642961987932583,0.012562921125667093
26,0,XSS,-0.0020509499136442144,0.0005127374784110536,0.0005127374784110536,0.0005127374784110536,0.0005127374784110536
26,1,Backdoor,-0.01956923461962441,0.009502905422615913,0.02910842130733953,-0.0005811638972314311,-0.01935538259592607
26,1,DDoS_HTTP,0.007057398722608175,-0.006297514020907605,-0.01663430126547881,-0.00736135424452579,0.0060081005194092445
26,1,DDoS_ICMP,1.1427048427696076e-06,7.191739894826059e-05,8.210183896924701e-07,-1.8510045918609017e-05,-5.5371076262113644e-05
26,1,DDoS_TCP,-0.00012500147652210562,-5.4950695903140574e-05,0.000272274190214498,0.0008283144581853826,-0.0009206364759746343
26,1,DDoS_UDP,9.141347665818459e-05,9.141347665818459e-05,-0.0003387981756197367,9.141347665818459e-05,6.455774564518291e-05
26,1,Fingerprinting,-0.08104437241265883,0.22337661266857659,-0.049958024830147565,-0.020589102272370544,-0.07178511315339957
26,1,MITM,0.0,0.0,0.0,0.0,0.0
26,1,Normal,-0.0002394667098326512,0.0001499559981893513,0.0002509738270402092,-6.06504001099147e-05,-0.0001306509129215742
26,1,Password,0.0018642186937567454,-5.570491898180495e-05,-0.008096997626524063,-0.008295422545007022,0.0014706115167447352
26,1,Port_Scanning,-0.00956239810286053,-0.00956239810286053,-0.00956239810286053,0.00309785830739588,0.025589336001185712
26,1,Ransomware,-0.009213848262503219,0.00358017444851613,0.0019028030686809925,-0.017615254596804138,0.0178531113700544
26,1,SQL_injection,-0.007293299657171481,0.015457637169450006,0.021547605947666033,-0.02249169383785505,0.007830513238780533
26,1,Uploading,0.013099919146074123,-0.007451410432659649,-0.011037462854124531,-0.014405003676143174,0.010182732511924123
26,1,Vulnerability_scanner,0.012305865332371086,0.0038934127864629314,-0.03334126605064161,-0.0021661976144157157,0.01450278589103832
26,1,XSS,-0.0019884877027734173,0.0004971219256933543,0.0004971219256933543,0.0004971219256933543,0.0004971219256933543
26,2,Backdoor,-0.019928923562571404,0.005982422681430125,0.03182113053244228,0.004171028395633199,-0.026056673372604713
26,2,DDoS_HTTP,0.007096029473871936,-0.009590853264147011,-0.02047151889225572,-0.010735696320227195,0.007222436798128959
26,2,DDoS_ICMP,0.00012462512763712538,8.412396446445721e-05,-7.006299806365061e-06,4.877966304972873e-05,-2.5753870585441355e-05
26,2,DDoS_TCP,0.00043181293692790554,0.0003286561855102806,0.0006553339312233249,0.0014787205142780036,-0.0015795991760920761
26,2,DDoS_UDP,0.00014526025487627455,0.00014526025487627455,-0.0005004218643938462,0.00014526025487627455,6.464109976502264e-05
26,2,Fingerprinting,-0.03924971707472718,0.20173474892118032,-0.02287708615101266,0.008059056421958562,-0.03001994329386981
26,2,MITM,0.0,0.0,0.0,0.0,0.0
26,2,Normal,-0.00029518791995330844,0.00013818090887253166,0.00032158371213646765,-8.22342875904732e-05,-0.0001415373763840581
26,2,Password,0.00808503088773125,-0.0026660044292056233,-0.004431278092050002,-0.0013767506181596772,0.00901868662695579
26,2,Port_Scanning,-0.011015791997147499,-0.01155516632292959,-0.011555166322929588,0.008392176245553974,0.025733948397452706
26,2,Ransomware,-0.006509255997214964,0.0008817392363732523,-0.009757325581846344,-0.025057428022450947,0.023568516721942216
26,2,SQL_injection,0.0035274921390625147,0.009454323706369398,0.017085718715535894,-0.027076366636995353,0.00991889674207395
26,2,Uploading,0.012235303693589043,-0.011463690414004794,-0.004603961308133476,-0.011233350121730596,0.010950012378664184
26,2,Vulnerability_scanner,0.014806417549010032,0.0016728993063910328,-0.033280738925126244,-0.0063895944944755475,0.016011444353953706
26,2,XSS,-0.005905205905205907,0.0014763014763014767,0.0014763014763014767,0.0014763014763014767,0.0014763014763014767
26,3,Backdoor,-0.022097429844578083,0.004595085110120678,0.029796913423836637,-0.0008835380485527344,-0.020324295095486493
26,3,DDoS_HTTP,0.003824623932081711,-0.004415041198926703,-0.013133873073305507,-0.005496011248062635,0.0042084812572438565
26,3,DDoS_ICMP,-1.724257596189179e-05,-3.956087432109105e-06,-1.773332738497409e-05,1.889940330790189e-05,2.0032587471073097e-05
26,3,DDoS_TCP,0.00010448212436302192,8.802391392487655e-05,0.00040605069808933116,0.001964300490907182,-0.001751612809449545
26,3,DDoS_UDP,9.141347665818459e-05,9.141347665818459e-05,-0.0003387981756197367,9.141347665818459e-05,6.455774564518291e-05
26,3,Fingerprinting,-0.11161590721704241,0.2461133871064548,-0.06700042967822392,0.0058338061434036635,-0.07333085635459216
26,3,MITM,0.0,0.0,0.0,0.0,0.0
26,3,Normal,-0.00023530649095906964,0.00020259186717315006,0.0003255693420375165,-9.498908137950401e-06,-0.000135445799855712
26,3,Password,0.005914825363571703,0.0006480669254470217,-0.0022135148703286895,-0.004597293542458419,0.005675324536251437
26,3,Port_Scanning,-0.010904139489443906,-0.012511856531244552,-0.012511856531244548,0.008004088358657362,0.027923764193275642
26,3,Ransomware,-0.0134013955130236,0.006085337622051207,0.003934561654606256,-0.02511977974827343,0.018021487006240726
26,3,SQL_injection,-0.003461569615145323,0.016008981751816465,0.02258404726647036,-0.02151925215435819,0.009018255681167342
26,3,Uploading,0.00981513551547916,-0.009554843603479517,-0.004777653510273107,-0.011195306974869078,0.007814680012487286
26,3,Vulnerability_scanner,0.01018486968654711,0.004352434481316467,-0.03161948504243971,0.0011062013945771886,0.012972043287747039
26,3,XSS,0.0,0.0,0.0,0.0,0.0
26,4,Backdoor,-0.02038334901453208,0.0028594340340655647,0.026647825637017685,0.0003776379028461322,-0.01756582515071824
26,4,DDoS_HTTP,0.004377419101366306,-0.006647895641971987,-0.019554916463644226,-0.005766625827661067,0.004322849336731373
26,4,DDoS_ICMP,-1.49987581418413e-05,0.0007324482447133037,-0.0008562972773125473,0.0003029513657954193,-0.0006131348964081
26,4,DDoS_TCP,0.0005148207313250442,0.0008835061994929634,-0.00035420127094461885,6.962839637018233e-05,-0.0008016215879137311
26,4,DDoS_UDP,-7.503962725086689e-05,-0.0004500183908443404,0.0007008207163493633,-0.0003160679042477225,0.0007825643691529752
26,4,Fingerprinting,-0.07845573011813417,0.214492896065113,-0.0697411331682431,-0.0035724434701416784,-0.06272358930859398
26,4,MITM,-0.17162925355072323,-0.05267179341679246,0.5497395186018678,-0.19758309126926682,-0.12785538036508534
26,4,Normal,-0.00030885029584524956,0.00011312867934538118,0.00048436486625152617,-0.00013128666488399315,-0.00019469979595805506
26,4,Password,0.006003401253431193,0.0007146541796075892,-0.0029578015679824926,-0.0032863608820541327,0.0046652542614082325
26,4,Port_Scanning,-0.009531429969564364,-0.01113914701136501,-0.01113914701136501,0.00627271015782417,0.025537013834470212
26,4,Ransomware,-0.003726349338289477,0.002339331943808561,-0.0009971116135610006,-0.012317148712978841,0.014701277721020757
26,4,SQL_injection,0.0016735467210700831,0.011746103662825354,0.015573417043147604,-0.023875063752025198,0.006249487175647106
26,4,Uploading,0.010429973327421963,-0.011321301987347161,-0.0057713497023417805,-0.007291824191987581,0.010400900370030268
26,4,Vulnerability_scanner,0.01552241402833245,0.0024882624283283084,-0.035573447518127604,-0.003063578146448328,0.016149126582752672
26,4,XSS,-0.003997475278771302,0.0009993688196928256,0.0009993688196928256,0.0009993688196928256,0.0009993688196928256
26,Aggregated,Backdoor,-0.02009220869543033,0.005714455142189145,0.02841955222486843,0.0011413953804522777,-0.020594881716346127
26,Aggregated,DDoS_HTTP,0.005967999971698824,-0.006141571536212776,-0.018631383472274235,-0.007339568894917748,0.006084696543739185
26,Aggregated,DDoS_ICMP,3.322703479279876e-05,0.00018313636854299653,-0.0001842538904524534,6.974861087797139e-05,-0.00014676735073295883
26,Aggregated,DDoS_TCP,0.00022251931429648024,0.0003271988275778385,0.00015647560477087817,0.0012603054883735512,-0.0013170856120760632
26,Aggregated,DDoS_UDP,6.888683121521651e-05,-6.249716422703407e-06,-0.00016285492601050833,2.058594980969275e-05,0.00020841484922867748
26,Aggregated,Fingerprinting,-0.0762752135963881,0.2206470576947657,-0.05440660224402974,-0.003057343593741866,-0.06221654023591476
26,Aggregated,MITM,-0.16073623851977717,-0.041778778385846385,0.5061674584780834,-0.1866900762383207,-0.11696236533413931
26,Aggregated,Normal,-0.0002698096686810795,0.0001658293342640523,0.00032259949972545667,-7.238479565079096e-05,-0.00013599465880340667
26,Aggregated,Password,0.004700464149730122,-0.0007760585541048156,-0.003968037881629644,-0.0036301378936798136,0.004524282216675643
26,Aggregated,Port_Scanning,-0.010537218799048408,-0.011612487616252713,-0.011612487616252713,0.008153380431645452,0.025608813599908378
26,Aggregated,Ransomware,-0.00959231111722473,0.004071916711641955,-0.0015359229664818007,-0.021270335746174842,0.018844227308006358
26,Aggregated,SQL_injection,-0.0008378347409604745,0.013100708420404509,0.019316873867237586,-0.02457235001571222,0.00771170975888699
26,Aggregated,Uploading,0.011712613128342353,-0.010708500604720027,-0.0071457982799769705,-0.011763469974793783,0.010698686211475213
26,Aggregated,Vulnerability_scanner,0.013221146005292434,0.003143082655903741,-0.033527637139825074,-0.002536868136646135,0.014439111351283939
26,Aggregated,XSS,-0.002818393727484636,0.000704598431871159,0.000704598431871159,0.000704598431871159,0.000704598431871159
26,Centralized,Backdoor,-0.02009220869543033,0.005714455142189145,0.02841955222486843,0.0011413953804522777,-0.020594881716346127
26,Centralized,DDoS_HTTP,0.005967999971698824,-0.006141571536212776,-0.018631383472274235,-0.007339568894917748,0.006084696543739185
26,Centralized,DDoS_ICMP,3.322703479279876e-05,0.00018313636854299653,-0.0001842538904524534,6.974861087797139e-05,-0.00014676735073295883
26,Centralized,DDoS_TCP,0.00022251931429648024,0.0003271988275778385,0.00015647560477087817,0.0012603054883735512,-0.0013170856120760632
26,Centralized,DDoS_UDP,6.888683121521651e-05,-6.249716422703407e-06,-0.00016285492601050833,2.058594980969275e-05,0.00020841484922867748
26,Centralized,Fingerprinting,-0.0762752135963881,0.2206470576947657,-0.05440660224402974,-0.003057343593741866,-0.06221654023591476
26,Centralized,MITM,-0.16073623851977717,-0.041778778385846385,0.5061674584780834,-0.1866900762383207,-0.11696236533413931
26,Centralized,Normal,-0.0002698096686810795,0.0001658293342640523,0.00032259949972545667,-7.238479565079096e-05,-0.00013599465880340667
26,Centralized,Password,0.004700464149730122,-0.0007760585541048156,-0.003968037881629644,-0.0036301378936798136,0.004524282216675643
26,Centralized,Port_Scanning,-0.010537218799048408,-0.011612487616252713,-0.011612487616252713,0.008153380431645452,0.025608813599908378
26,Centralized,Ransomware,-0.00959231111722473,0.004071916711641955,-0.0015359229664818007,-0.021270335746174842,0.018844227308006358
26,Centralized,SQL_injection,-0.0008378347409604745,0.013100708420404509,0.019316873867237586,-0.02457235001571222,0.00771170975888699
26,Centralized,Uploading,0.011712613128342353,-0.010708500604720027,-0.0071457982799769705,-0.011763469974793783,0.010698686211475213
26,Centralized,Vulnerability_scanner,0.013221146005292434,0.003143082655903741,-0.033527637139825074,-0.002536868136646135,0.014439111351283939
26,Centralized,XSS,-0.002818393727484636,0.000704598431871159,0.000704598431871159,0.000704598431871159,0.000704598431871159
27,0,Backdoor,0.00022209036968489637,0.0010016545897230703,0.0007508600227760823,-0.004430567822317892,0.004881838850915434
27,0,DDoS_HTTP,0.007610893513805402,0.0005313820446301363,0.001349017301321015,-0.0008643046854959924,0.00187234368643923
27,0,DDoS_ICMP,-1.1015345981622385e-05,4.4162699776217897e-05,-1.1015345981622385e-05,-1.1015345981622385e-05,-1.1116661831350738e-05
27,0,DDoS_TCP,0.0003979926930241758,-0.0021652511750179554,0.0020389681367162663,-0.0009284425811287615,0.0016781422259612396
27,0,DDoS_UDP,0.0,0.0,0.0,0.0,0.0
27,0,Fingerprinting,-0.021095008051529793,0.0751207729468599,-0.021095008051529793,-0.021095008051529793,-0.011835748792270532
27,0,MITM,0.0,0.0,0.0,0.0,0.0
27,0,Normal,0.00016940254783376167,-7.724724303049823e-05,-5.5009171864250914e-05,5.6439716713937066e-05,5.971275842716062e-05
27,0,Password,0.012293909896105374,0.01707431774300785,1.6133269218223296e-05,0.002035519907375815,-0.002040412281508473
27,0,Port_Scanning,0.0032051756372164647,-0.02151831533854775,0.02873089616143691,-0.010531280656852172,0.01940612869835426
27,0,Ransomware,-0.0032259718072287446,0.008463980195196645,0.003221576121401574,-0.013023941166282537,0.0013459658523154413
27,0,SQL_injection,0.004239001118495458,0.003932924521717021,-0.007737155886271136,0.003966353981073054,-0.008255071770043705
27,0,Uploading,0.012756055508178177,-0.009942072732714972,-0.007668966879380994,-0.015127928258010799,0.01722068765121563
27,0,Vulnerability_scanner,0.0060495978983522635,-0.000616508474100023,-0.0017331815100971018,-0.006605809192092673,0.00588756600546379
27,0,XSS,0.0,0.0,0.0,0.0,0.0
27,1,Backdoor,0.002617555936046125,0.0016603078063041176,0.00027218647511644635,-0.0026463318625019492,0.005102558101027094
27,1,DDoS_HTTP,0.010872998721372571,-0.003055800275800512,-0.0006961407472392156,-0.00034263983720859336,0.0009905030846281248
27,1,DDoS_ICMP,1.5366893724962544e-05,-0.00013632306006894357,7.150850760178258e-05,1.5366893724962544e-05,3.408076501723589e-05
27,1,DDoS_TCP,-0.00020171621456799294,-0.0007043511996906726,0.00021746775257766582,-0.000913557400131391,0.001100457479178261
27,1,DDoS_UDP,0.0,0.0,0.0,0.0,0.0
27,1,Fingerprinting,-0.021803921568627448,0.048,0.0076078431372549,-0.021803921568627448,-0.012
27,1,MITM,0.0,0.0,0.0,0.0,0.0
27,1,Normal,0.00013335409821596533,-5.7844789632453354e-05,-3.0682903253022774e-05,-2.7892121518676333e-05,4.4848214333111556e-05
27,1,Password,0.010906338228017612,0.015339674449920208,0.0003435738670501546,0.0075772933250893345,0.0006946898530621341
27,1,Port_Scanning,-0.003806967562508032,-0.007537783799003068,0.006337943539228846,-0.010224215924833878,0.015231023747116131
27,1,Ransomware,-0.004941041738562057,0.003683265097221365,0.006852094732390303,-0.006633631000526613,0.0010393129094770025
27,1,SQL_injection,0.00045737923262664744,-0.0011358308309099428,-0.009782107131985988,0.006409136031780018,-0.00820817635010059
27,1,Uploading,0.016360931282008835,-0.005190628901198024,-0.01072577778835091,-0.01911068298251264,0.012867638764675468
27,1,Vulnerability_scanner,0.00829293875616917,-0.001127622376900352,-0.00497506220116399,-0.008491240043299554,0.005995177515510649
27,1,XSS,0.0,0.0,0.0,0.0,0.0
27,2,Backdoor,0.0014527543579217373,0.0019258346900358843,0.001694001000499747,-0.005932800659752687,0.005534835975575856
27,2,DDoS_HTTP,0.007218145852409549,-0.0007284242698785841,0.0017037667489564054,-0.0018789033859511113,0.004369787895259833
27,2,DDoS_ICMP,-5.6033049451041186e-05,-4.6722274831823005e-07,-5.6033049451041186e-05,-9.367208551279335e-05,-1.856317759631095e-05
27,2,DDoS_TCP,-8.563373999079063e-05,-0.002528701467808229,0.0016899346403182025,-0.0015259447063383298,0.001638898510955437
27,2,DDoS_UDP,0.0,0.0,0.0,0.0,0.0
27,2,Fingerprinting,-0.04522253345782758,0.044724556489262365,-0.04522253345782758,-0.04522253345782758,-0.026704014939309056
27,2,MITM,0.0,0.0,0.0,0.0,0.0
27,2,Normal,0.00011662907491180226,-8.987129019799033e-05,-6.398979823258137e-05,4.9638299332351496e-05,9.608914500478516e-05
27,2,Password,0.009264627749036044,0.022632933652589834,-0.0008912515632940848,0.00380130734974546,0.003640894687284379
27,2,Port_Scanning,0.0021749361507394393,-0.02694051187583458,0.02559181956846279,-0.016863198742344668,0.02250944680836214
27,2,Ransomware,-0.0063526504337383435,0.0029706614565210973,0.00745025021860995,-0.006259855797189477,0.005483529315635129
27,2,SQL_injection,0.004872100866461928,0.001472031476332768,-0.006253192569119814,0.006841829276186475,-0.009364215760654278
27,2,Uploading,0.01412413306864024,-0.003818067594942433,-0.012148941541898947,-0.01988476877376299,0.013338892218503458
27,2,Vulnerability_scanner,0.01029884715197987,-0.0037640739322125174,-0.0034093309647960646,-0.007396506789729751,0.008286132351244766
27,2,XSS,-0.0019080141516689742,0.0005275085884222944,0.0005275085884222944,0.0005275085884222944,0.00032548838640209107
27,3,Backdoor,0.0024074031894855056,-0.0009271692310668082,-0.001496991211012912,-0.002471189656307297,0.008260796522420493
27,3,DDoS_HTTP,0.004811445508253118,-0.0007760045973256053,0.0013366342683743973,0.0004680573884425471,0.002051186980752186
27,3,DDoS_ICMP,-2.5809730639449654e-05,6.589568591097161e-05,-2.5809730639449654e-05,-7.095859347176307e-06,-7.180365284895999e-06
27,3,DDoS_TCP,7.14699688967276e-05,-0.0018657894243124566,0.002012737859860499,-0.0013191374787900555,0.0012970928211650857
27,3,DDoS_UDP,0.0,0.0,0.0,0.0,0.0
27,3,Fingerprinting,-0.036745564100003326,0.11963447518226306,-0.036745564100003326,-0.026941642531375876,-0.019201704450880524
27,3,MITM,0.0,0.0,0.0,0.0,0.0
27,3,Normal,0.000100657439715048,-4.7656723677271434e-05,-6.632785929011434e-05,-4.041626765695639e-05,2.6602407816870657e-05
27,3,Password,0.005095153585134902,0.009274797130462845,-0.004754060491160881,0.004707532568332738,0.002457832614149423
27,3,Port_Scanning,0.003094469380603516,-0.021268456238608895,0.027216111068870882,-0.014332385246074858,0.01819348684166094
27,3,Ransomware,-0.007219304326433562,0.0023902230619378168,0.005575663822579137,-0.011683027161621666,0.004154203003482917
27,3,SQL_injection,0.0005229793304046465,-0.00011230595516826535,-0.011391935736980156,0.006499602870163032,-0.01274402073367457
27,3,Uploading,0.009025001626957888,-0.0028152355690234123,-0.00599644089517183,-0.013709922914964716,0.010345833691917439
27,3,Vulnerability_scanner,0.004841751477552397,-0.0016514461468572993,-0.0032109915388531195,-0.003846240100034994,0.0045934297882295715
27,3,XSS,5.397236614853098e-06,5.397236614853098e-06,5.397236614853098e-06,5.397236614853098e-06,-2.1588946459412393e-05
27,4,Backdoor,0.0032189835410226576,0.0011396709363315641,0.0034353088222247087,-0.00477221978427741,0.004096061312426982
27,4,DDoS_HTTP,0.007045793158454305,0.0009500072295327344,0.003288615395350475,-0.0013433406982103434,0.001805998741513859
27,4,DDoS_ICMP,3.819039033997606e-06,0.0001343335592182804,0.000153529842033745,-7.103636246587608e-05,3.819039033997606e-06
27,4,DDoS_TCP,0.0006675990777864367,-0.0010877563850312595,0.0005431012227757252,-0.001171580182061055,0.0015492713233921948
27,4,DDoS_UDP,-0.0001124625321621442,-0.0001124625321621442,-5.1436979383108945e-06,-5.453768406417832e-06,-8.57103412232126e-05
27,4,Fingerprinting,-0.02210338680926916,0.07860962566844919,-0.02210338680926916,-0.02210338680926916,-0.012299465240641712
27,4,MITM,-0.04181347097117968,0.028503968421134965,0.2596539735593825,-0.11870363890181722,-0.09803861194100817
27,4,Normal,6.946198045684378e-05,-7.735857808816397e-05,9.577564631313059e-05,4.251735872027688e-06,4.1432298863771275e-05
27,4,Password,0.007755145418356707,0.014346069576263507,-0.002749530668820725,0.0009000441415836724,0.0010927317305355982
27,4,Port_Scanning,0.0020163465626904806,-0.013412278822466185,0.015746351105982583,-0.012313183101674922,0.02086599006191968
27,4,Ransomware,-0.0034615560982753407,0.005366211224302277,0.007610888477866623,-0.009124481925376621,0.0033102370227818217
27,4,SQL_injection,0.0009516666973770594,0.0007671858813912705,-0.006396168212725225,0.005994746125689219,-0.007248728880982092
27,4,Uploading,0.01414911465779106,-0.004756160556137576,-0.013834247243771004,-0.01579293014149228,0.011961304851572627
27,4,Vulnerability_scanner,0.010294725055822145,-0.002082179634640637,-0.004505427498323631,-0.009613864791234043,0.007301629010704569
27,4,XSS,-0.0019884877027734173,0.0004971219256933543,0.0004971219256933543,0.0004971219256933543,0.0004971219256933543
27,Aggregated,Backdoor,0.001983416103154521,0.0009567706540156447,0.0009241574495626292,-0.0040273480858535405,0.005583916572498267
27,Aggregated,DDoS_HTTP,0.007469881475215384,-0.0005877722870660287,0.0014302635702183274,-0.0007934504923010899,0.0022094775238719147
27,Aggregated,DDoS_ICMP,-1.4723096998731089e-05,2.1536306022340578e-05,2.6444705405605692e-05,-3.3473451834052184e-05,2.1553740483700364e-07
27,Aggregated,DDoS_TCP,0.0001693851964131558,-0.0016669032910203551,0.0012954468978615388,-0.0011716130065202279,0.0014523545756348602
27,Aggregated,DDoS_UDP,-2.2539719129371915e-05,-2.2539719129371915e-05,-1.0648259553991401e-06,-1.077270359378657e-06,-1.71741069368736e-05
27,Aggregated,Fingerprinting,-0.03025228493570826,0.07502829585124506,-0.024079445429535426,-0.0282442528071942,-0.017143670703498523
27,Aggregated,MITM,-0.041813470971179684,0.028503968421134975,0.2596539735593825,-0.1187036389018172,-0.0980386119410082
27,Aggregated,Normal,0.0001179048441807847,-6.997720512854078e-05,-2.412339015101702e-05,8.393159810680488e-06,5.373384406365441e-05
27,Aggregated,Password,0.009104465969477494,0.015795938687585342,-0.0015670518837675557,0.0038039932846470714,0.0011449441686680586
27,Aggregated,Port_Scanning,0.0013413228327643148,-0.018194525366907677,0.02080159463551401,-0.012860357242703327,0.01924788245399421
27,Aggregated,Ransomware,-0.0050914517511936284,0.004586972058024528,0.006145841041278239,-0.009406103170020585,0.003080652956561018
27,Aggregated,SQL_injection,0.0022024126999623996,0.0009888244985634467,-0.008293349129074793,0.005943021268974917,-0.009148865489858478
27,Aggregated,Uploading,0.013303442615449483,-0.0053682225938565305,-0.010080475673472125,-0.016706383357963525,0.013197166646105148
27,Aggregated,Vulnerability_scanner,0.007956885006240528,-0.001847884015494374,-0.003568620933506115,-0.007196042114883964,0.006410655295135102
27,Aggregated,XSS,-0.0007932520025912791,0.00020814468225864233,0.00020814468225864233,0.00020814468225864233,0.00016881795581535214
27,Centralized,Backdoor,0.001983416103154521,0.0009567706540156447,0.0009241574495626292,-0.0040273480858535405,0.005583916572498267
27,Centralized,DDoS_HTTP,0.007469881475215384,-0.0005877722870660287,0.0014302635702183274,-0.0007934504923010899,0.0022094775238719147
27,Centralized,DDoS_ICMP,-1.4723096998731089e-05,2.1536306022340578e-05,2.6444705405605692e-05,-3.3473451834052184e-05,2.1553740483700364e-07
27,Centralized,DDoS_TCP,0.0001693851964131558,-0.0016669032910203551,0.0012954468978615388,-0.0011716130065202279,0.0014523545756348602
27,Centralized,DDoS_UDP,-2.2539719129371915e-05,-2.2539719129371915e-05,-1.0648259553991401e-06,-1.077270359378657e-06,-1.71741069368736e-05
27,Centralized,Fingerprinting,-0.03025228493570826,0.07502829585124506,-0.024079445429535426,-0.0282442528071942,-0.017143670703498523
27,Centralized,MITM,-0.041813470971179684,0.028503968421134975,0.2596539735593825,-0.1187036389018172,-0.0980386119410082
27,Centralized,Normal,0.0001179048441807847,-6.997720512854078e-05,-2.412339015101702e-05,8.393159810680488e-06,5.373384406365441e-05
27,Centralized,Password,0.009104465969477494,0.015795938687585342,-0.0015670518837675557,0.0038039932846470714,0.0011449441686680586
27,Centralized,Port_Scanning,0.0013413228327643148,-0.018194525366907677,0.02080159463551401,-0.012860357242703327,0.01924788245399421
27,Centralized,Ransomware,-0.0050914517511936284,0.004586972058024528,0.006145841041278239,-0.009406103170020585,0.003080652956561018
27,Centralized,SQL_injection,0.0022024126999623996,0.0009888244985634467,-0.008293349129074793,0.005943021268974917,-0.009148865489858478
27,Centralized,Uploading,0.013303442615449483,-0.0053682225938565305,-0.010080475673472125,-0.016706383357963525,0.013197166646105148
27,Centralized,Vulnerability_scanner,0.007956885006240528,-0.001847884015494374,-0.003568620933506115,-0.007196042114883964,0.006410655295135102
27,Centralized,XSS,-0.0007932520025912791,0.00020814468225864233,0.00020814468225864233,0.00020814468225864233,0.00016881795581535214
28,0,Backdoor,-0.0016804724422369319,-6.242321612521806e-05,-0.0019602962414521103,0.0020597929649166955,0.0029769214203564914
28,0,DDoS_HTTP,0.003920181221466657,0.0022062665031350524,-0.0017687662442423932,-0.00409055663828224,-0.00026712484207707575
28,0,DDoS_ICMP,7.482685008251e-05,5.612140087452588e-05,-1.8708818041699807e-05,-5.611971645766804e-05,-5.611971645766804e-05
28,0,DDoS_TCP,-0.0002354820954497368,0.005583020613618358,0.00034618631992951084,3.656868126636718e-05,0.0006795937428118959
28,0,DDoS_UDP,0.0,0.0,0.0,0.0,0.0
28,0,Fingerprinting,0.03856209150326797,0.02875816993464052,-0.009368191721132896,-0.028976034858387796,-0.028976034858387793
28,0,MITM,0.0,0.0,0.0,0.0,0.0
28,0,Normal,-4.300667413886794e-06,4.494984443287331e-05,-4.1375233923372314e-05,-4.242234378086981e-05,4.555245301035571e-05
28,0,Password,-0.00896348119363052,-0.005101817101674248,0.008263817347665538,-0.007084166086854397,0.005647392964257249
28,0,Port_Scanning,0.0020782463923355752,0.0594531995874725,0.009429898675259875,-0.001392030463207399,0.009903513405297153
28,0,Ransomware,-0.0040885224600108,0.005051873751747778,0.007640973998924938,0.007084006687968584,0.0007822562566635142
28,0,SQL_injection,0.0022823465656390462,-0.00235299174359373,-3.727887128142232e-05,0.0032739167465526604,-0.0007010212390913364
28,0,Uploading,0.008964839676937918,-0.003151815463497264,-0.00413617778359132,0.0018881537371903281,-0.0005171002069818853
28,0,Vulnerability_scanner,0.003449068979019578,-0.0005659837245847454,-0.0023959517593879487,-0.0006351543381572603,-0.0021261419476575985
28,0,XSS,8.012392500400534e-06,-3.2049570001602136e-05,8.012392500400534e-06,8.012392500400534e-06,8.012392500400534e-06
28,1,Backdoor,7.670245400007898e-05,-0.00041192051926579966,-0.003850076442635327,0.0024016542282535376,0.0029668929257322747
28,1,DDoS_HTTP,0.009098623226376897,0.0031861810323204147,0.0018038082175397623,-0.0073854454070572135,0.0006596954518509372
28,1,DDoS_ICMP,0.00012354695059482723,-4.492846337172951e-05,4.8666182104907994e-05,-6.364233466400286e-05,-6.364233466400286e-05
28,1,DDoS_TCP,0.00017068315258943293,0.0043702704217843166,0.001577720024676484,-0.0002448801569612469,0.0012104304461187433
28,1,DDoS_UDP,0.0,0.0,0.0,0.0,0.0
28,1,Fingerprinting,0.06611627106983144,-0.015755073959408325,0.0007567939456484346,-0.025558995528035776,-0.025558995528035776
28,1,MITM,0.0,0.0,0.0,0.0,0.0
28,1,Normal,3.791961239108521e-05,1.5228546971094806e-06,3.357901667428442e-05,-3.805756204161015e-05,5.148895144213202e-05
28,1,Password,-0.010157066484238048,-0.0036036512558965273,0.009151804562554822,-0.0052549696628876935,0.00665518706880018
28,1,Port_Scanning,0.0031309127527517967,0.04857198565716909,0.02388842479059858,-0.005504345610659575,0.016869544149270544
28,1,Ransomware,0.0002916753115926762,0.0037541769184042746,-0.0023108612326757944,0.0008532971659232576,-0.002588288163244414
28,1,SQL_injection,-0.002487176020232222,-0.0019802632920116543,0.00590373514396754,0.009575058927192811,-0.0026888434830308356
28,1,Uploading,0.006615060285250047,-0.0047762617471526535,0.0013822716741368514,0.00010678849369393183,0.003539833762458884
28,1,Vulnerability_scanner,0.003883897918439522,-0.001049563246428061,-0.0017520230322351448,0.0016161559512425797,-0.0021901517217541985
28,1,XSS,1.5539210608100927e-05,-6.215684243240371e-05,1.5539210608100927e-05,1.5539210608100927e-05,1.5539210608100927e-05
28,2,Backdoor,-0.0027802387696657938,-0.0017008997780909492,-0.0022203210894429595,0.00227214622173319,0.0009166150851097898
28,2,DDoS_HTTP,0.007380427640959346,0.004555633884917908,-0.0036439641064346293,-0.005557888577300065,0.0017468092984847898
28,2,DDoS_ICMP,6.748131325737261e-05,1.1289167067496386e-05,-6.388738366661095e-05,-7.441548329129022e-06,-7.441548329129022e-06
28,2,DDoS_TCP,0.0006507297590244395,0.005481916061122375,0.0004501890390179508,0.0003090068515890739,0.00022705113890010656
28,2,DDoS_UDP,0.0,0.0,0.0,0.0,0.0
28,2,Fingerprinting,0.029411764705882353,0.0,-0.00980392156862745,-0.00980392156862745,-0.00980392156862745
28,2,MITM,0.0,0.0,0.0,0.0,0.0
28,2,Normal,3.9942362442901834e-05,1.7340877328599533e-05,-3.91582339880292e-05,-4.306819981863552e-05,4.7137430169306534e-05
28,2,Password,-0.00867668709300593,-0.009471815745547242,0.0060013466487900645,-0.008814957577192544,0.007099510332732219
28,2,Port_Scanning,0.006344571660955183,0.05581942815457178,0.014306535132504896,-0.0017181675273659303,0.011654397635893193
28,2,Ransomware,0.002942739405212371,0.008595202776726808,-0.004136625778220939,-0.0004916424167946613,-0.00020312366874345085
28,2,SQL_injection,0.0005791769871284366,-0.0015655312759896946,0.003915080164918398,0.005571680333293231,-0.00013453894777758769
28,2,Uploading,0.0028294476558116816,-0.004575869565669857,0.0015554301845149567,-0.00042831347771250756,0.0032755938119017622
28,2,Vulnerability_scanner,0.007006633523821315,-0.0004436353295712366,-0.0035696670182981654,0.0005153810799065369,-0.0029870721285781628
28,2,XSS,-0.002766782458713143,0.0040972619512791054,-0.00033125971862187444,-0.0006006199879821456,-0.00039859978596194225
28,3,Backdoor,0.00537158774389749,0.0044271880053427136,-0.004195387666358539,-0.00018879484880527931,1.4779673352790142e-05
28,3,DDoS_HTTP,0.0037006691907035577,0.0031999279448242696,-0.004236874898171946,-0.0029455031530002175,-0.0018517537195291802
28,3,DDoS_ICMP,0.00014974468143262124,0.0,0.0,-7.487234071631062e-05,-7.487234071631062e-05
28,3,DDoS_TCP,0.00043383661083066236,0.003924804400437637,0.002140159485842763,-0.000675545972738828,0.00027861897970108405
28,3,DDoS_UDP,0.0,0.0,0.0,0.0,0.0
28,3,Fingerprinting,0.07407407407407408,0.0,0.0,-0.03703703703703704,-0.03703703703703704
28,3,MITM,0.0,0.0,0.0,0.0,0.0
28,3,Normal,2.1960305866471538e-05,3.6111377542154725e-05,-1.907988691378463e-05,9.86347146222366e-06,2.0113392326764902e-05
28,3,Password,-0.002914718985729441,-0.004027880467466674,0.005018614470151872,-0.0031704257483736575,0.005094410731417898
28,3,Port_Scanning,0.005092517466541329,0.04363150373840188,0.02501705940519938,-0.007845636161297213,0.008157851483833462
28,3,Ransomware,0.0015283559419306295,0.007343655872151831,-0.0008075223984956174,0.0009321572688088845,0.0012372714442593117
28,3,SQL_injection,-0.0028567868941537875,-0.005126195503844131,0.0074554919745895626,0.011068210917734236,-0.0021089050145969524
28,3,Uploading,0.004528941273824373,-0.003040556092067684,0.0007125271329045811,-0.0002995961913541558,-0.0003373499049774265
28,3,Vulnerability_scanner,0.0018643572486236623,-0.0016551304616929366,-0.0015097386933258497,0.0014665206951173257,-0.0022256268819591603
28,3,XSS,-0.0005037420840529651,0.002059945308002303,-0.0005037420840529651,-0.0005397236614853191,-0.0005127374784110536
28,4,Backdoor,0.00330228949964864,0.0031482335497561927,-0.004414959895111917,0.0024004857623940333,0.0006347859413819694
28,4,DDoS_HTTP,0.003343242786516082,0.0026790247209367494,-0.0009071547363424415,-0.0017086746117203047,0.0006953532352190039
28,4,DDoS_ICMP,0.00022447367725030495,9.344300597620887e-05,0.0003552432735890361,-0.0001497023904130368,-0.0005234575664025132
28,4,DDoS_TCP,1.171373246078115e-05,0.0034530685925585687,0.0005560443644284448,0.00012380790647304648,0.001099459275968558
28,4,DDoS_UDP,-0.00019832816160448853,-0.0002250803525434201,-0.0001982074899108788,4.275176054862976e-05,0.0005788642435101577
28,4,Fingerprinting,0.06535947712418301,0.0,-0.008714596949891067,-0.02832244008714597,-0.028322440087145965
28,4,MITM,-0.1000260834818282,-0.01847844611265083,0.3627824250536788,-0.19417862249998277,-0.021730478632976027
28,4,Normal,-9.73639617488975e-05,3.9324924157678e-05,0.00012415646351691864,-8.304647620917353e-05,-7.722098408071327e-06
28,4,Password,-0.006290930828853099,-0.0037951239658416897,0.0114726853207093,-0.006641821451119441,0.004964797973862619
28,4,Port_Scanning,0.0016651960356531168,0.04276635434406643,0.010293835419799084,0.0010629138983650915,0.012305359230867164
28,4,Ransomware,-0.005867736659946399,0.0029641044605146103,0.003636490318925904,0.001172443066743021,-0.001905301186237137
28,4,SQL_injection,0.001860729376079261,-0.0023385385530170556,0.0005623423385441514,0.007626395986733065,0.000381956767487264
28,4,Uploading,0.009172415073156392,-0.0064292427416620624,-0.0014806569978178452,-0.0013134722365406872,-0.0007832965629682063
28,4,Vulnerability_scanner,0.006762014521562815,-0.0004722244060650157,-0.0035199748939688876,0.002012976181904604,-0.0022157310720226624
28,4,XSS,-0.0019575662432805294,0.00037343608772180263,0.0005280433851862422,0.0005280433851862422,0.0005280433851862422
28,Aggregated,Backdoor,0.0008325511791359226,0.0010868641324887518,-0.0033393095019564447,0.0017760605332548696,0.0015200404298661133
28,Aggregated,DDoS_HTTP,0.005433280386876811,0.003153568571511413,-0.0017711801126020813,-0.00428301356827831,0.00017997670827380924
28,Aggregated,DDoS_ICMP,0.00012803272059376812,2.320676961716228e-05,6.431006305298026e-05,-7.036086473251046e-05,-0.00014518868853140022
28,Aggregated,DDoS_TCP,0.0002072750092262284,0.004554246543388586,0.0010169045632627827,-8.977947822520298e-05,0.0007015976886473596
28,Aggregated,DDoS_UDP,-3.972005029944844e-05,-4.508566249194675e-05,-3.9715210096349005e-05,8.58290490617919e-06,0.000115938017981565
28,Aggregated,Fingerprinting,0.05544055773940832,0.002748890105211944,-0.005165502866652292,-0.02651197248898399,-0.026511972488983983
28,Aggregated,MITM,-0.09855650828090973,-0.017008870911732345,0.35690412425000484,-0.1927090472990642,-0.02026090343205756
28,Aggregated,Normal,-3.188805285732806e-07,2.7832386219017736e-05,1.1569919039668604e-05,-3.92962489067672e-05,3.13165252392833e-05
28,Aggregated,Password,-0.007438755142725652,-0.005216720822498027,0.00799578998688448,-0.006220717708927644,0.005892966140145426
28,Aggregated,Port_Scanning,0.0036389634734124983,0.05019781206449205,0.01655582795322409,-0.003110518624549232,0.01171202263465487
28,Aggregated,Ransomware,-0.0010261381933074631,0.005646847484664402,0.0007926054133663429,0.0019618990373782286,-0.0004612039509715171
28,Aggregated,SQL_injection,-0.00010654352057174142,-0.0026710860608596403,0.0035373325537833684,0.0074129140938360445,-0.001042305704904975
28,Aggregated,Uploading,0.006498687021087638,-0.004405162477592874,-0.0004302009781263466,1.1275865519837224e-05,0.0009995815382265558
28,Aggregated,Vulnerability_scanner,0.004584684649183149,-0.000837373845155696,-0.002543575964858767,0.0010011728033382165,-0.002346822317562991
28,Aggregated,XSS,-0.0010665454688715726,0.0013275363650086763,-6.514878402165113e-05,-0.00011758441927937139,-7.82576928360812e-05
28,Centralized,Backdoor,0.0008325511791359226,0.0010868641324887518,-0.0033393095019564447,0.0017760605332548696,0.0015200404298661133
28,Centralized,DDoS_HTTP,0.005433280386876811,0.003153568571511413,-0.0017711801126020813,-0.00428301356827831,0.00017997670827380924
28,Centralized,DDoS_ICMP,0.00012803272059376812,2.320676961716228e-05,6.431006305298026e-05,-7.036086473251046e-05,-0.00014518868853140022
28,Centralized,DDoS_TCP,0.0002072750092262284,0.004554246543388586,0.0010169045632627827,-8.977947822520298e-05,0.0007015976886473596
28,Centralized,DDoS_UDP,-3.972005029944844e-05,-4.508566249194675e-05,-3.9715210096349005e-05,8.58290490617919e-06,0.000115938017981565
28,Centralized,Fingerprinting,0.05544055773940832,0.002748890105211944,-0.005165502866652292,-0.02651197248898399,-0.026511972488983983
28,Centralized,MITM,-0.09855650828090973,-0.017008870911732345,0.35690412425000484,-0.1927090472990642,-0.02026090343205756
28,Centralized,Normal,-3.188805285732806e-07,2.7832386219017736e-05,1.1569919039668604e-05,-3.92962489067672e-05,3.13165252392833e-05
28,Centralized,Password,-0.007438755142725652,-0.005216720822498027,0.00799578998688448,-0.006220717708927644,0.005892966140145426
28,Centralized,Port_Scanning,0.0036389634734124983,0.05019781206449205,0.01655582795322409,-0.003110518624549232,0.01171202263465487
28,Centralized,Ransomware,-0.0010261381933074631,0.005646847484664402,0.0007926054133663429,0.0019618990373782286,-0.0004612039509715171
28,Centralized,SQL_injection,-0.00010654352057174142,-0.0026710860608596403,0.0035373325537833684,0.0074129140938360445,-0.001042305704904975
28,Centralized,Uploading,0.006498687021087638,-0.004405162477592874,-0.0004302009781263466,1.1275865519837224e-05,0.0009995815382265558
28,Centralized,Vulnerability_scanner,0.004584684649183149,-0.000837373845155696,-0.002543575964858767,0.0010011728033382165,-0.002346822317562991
28,Centralized,XSS,-0.0010665454688715726,0.0013275363650086763,-6.514878402165113e-05,-0.00011758441927937139,-7.82576928360812e-05
29,0,Backdoor,0.015196845792677905,-0.004681752756620394,-0.004570978616696777,-0.0016952046834627422,-0.0018088473156965415
29,0,DDoS_HTTP,0.002409064324489731,0.0005578591094403506,-0.0022789224420192784,-9.960260708680909e-05,0.01040807577977493
29,0,DDoS_ICMP,0.0001459631564835251,-5.987260063086142e-05,-4.11671514228773e-05,-5.987260063086142e-05,1.4949196201075044e-05
29,0,DDoS_TCP,-0.005959461593398243,0.0085106587098923,0.0019024558561267445,-0.0029632145223610867,0.0011222975152629785
29,0,DDoS_UDP,0.0,0.0,0.0,0.0,0.0
29,0,Fingerprinting,0.06904024767801857,-0.029514963880288958,-0.019711042311661504,-0.029514963880288958,0.009700722394220844
29,0,MITM,0.0,0.0,0.0,0.0,0.0
29,0,Normal,9.325598510348902e-05,4.339553250361135e-05,-3.718408758216496e-05,-0.00011024254879330453,3.5622852303740516e-06
29,0,Password,0.004282341586087662,0.004916697973720888,4.058309028107017e-05,0.007724045028909204,-0.007733192111808592
29,0,Port_Scanning,0.0416575323234428,0.016440941201771263,-0.06202399387944632,0.05627561750992352,-0.012142719586782943
29,0,Ransomware,0.0030590462045311704,-0.008850208090662802,-0.009204338438338315,0.004930860428775404,0.0016413889385069973
29,0,SQL_injection,7.255614256310115e-05,0.010727555023238513,-0.0035366814280586513,0.006185913851997321,-0.013157883374059745
29,0,Uploading,-0.008386793208326379,-0.009177269084152865,-0.0020071111812057915,0.0023037991076964776,0.023331259103276235
29,0,Vulnerability_scanner,-0.0015292241605529575,-0.0027112731019372062,-0.00037883327477094365,-0.000296699940550188,0.009289252483585687
29,0,XSS,0.0005127374784110536,-0.0020509499136442144,0.0005127374784110536,0.0005127374784110536,0.0005127374784110536
29,1,Backdoor,0.0293718328792926,-0.0073065712106957,-0.0075223050795704275,-0.008243905372319693,-0.00799219762278454
29,1,DDoS_HTTP,4.834684427951208e-05,-0.0013128146035805976,-0.0037484247836973524,4.957211406536136e-05,0.01031060535222819
29,1,DDoS_ICMP,0.0001797644622797412,-0.00010110380315161056,0.00010483307588281716,-0.00010110380315161056,-8.238993185933723e-05
29,1,DDoS_TCP,-0.006761427444500008,0.007336404350526032,0.0029080580584262437,-0.0019273227428475168,0.0015207305205452695
29,1,DDoS_UDP,0.0,0.0,0.0,0.0,0.0
29,1,Fingerprinting,0.08120399036807706,-0.047118449719068915,0.050347437220502236,-0.047118449719068915,-0.037314528150441464
29,1,MITM,0.0,0.0,0.0,0.0,0.0
29,1,Normal,0.0001528585295554774,-2.9841084992554557e-05,-9.300335064499529e-05,-5.596590097988556e-05,1.3017037926055241e-06
29,1,Password,0.0039033886920011402,0.006691563492934208,-0.004603023122242597,0.00644669348874759,-0.007500731164519101
29,1,Port_Scanning,0.018968435019719638,0.013386744814240547,-0.04639254577695189,0.06115712872735033,-0.006416710055404031
29,1,Ransomware,0.0012072575725665371,-0.0012059245588817269,-0.003534913325398618,0.0037988796333909168,-0.00026529932167710936
29,1,SQL_injection,-0.0013339275694530825,0.013231691558204502,0.00211980869425286,0.00929503729376468,-0.015359160910850187
29,1,Uploading,-0.00378689655517107,-0.009824686928887993,-0.00414993601796783,-0.002926433492203552,0.025664745155138162
29,1,Vulnerability_scanner,-0.0034594320973729644,-0.0027506966752937436,-0.0006866458749771135,-0.0001863737240480797,0.011488065349038477
29,1,XSS,0.0009993688196928256,-0.003997475278771302,0.0009993688196928256,0.0009993688196928256,0.0009993688196928256
29,2,Backdoor,0.029290588551859235,-0.006879937363115354,-0.006661122535648608,-0.0032633789083167273,-0.005730811453031863
29,2,DDoS_HTTP,0.0026390263784763206,0.0005313917185778958,-0.003398908121235909,0.0016971534503191434,0.01050207476938462
29,2,DDoS_ICMP,0.00014616543407063864,-5.995686302881128e-05,-5.995686302881128e-05,-5.995686302881128e-05,3.3705155015795186e-05
29,2,DDoS_TCP,-0.005673590098137993,0.00890887923741223,0.0032770210133341786,-0.0029559708626090957,0.002130611901888681
29,2,DDoS_UDP,0.0,0.0,0.0,0.0,0.0
29,2,Fingerprinting,0.06838665290677674,-0.029079234032794405,-0.029079234032794405,-0.029079234032794405,0.018851049191606465
29,2,MITM,0.0,0.0,0.0,0.0,0.0
29,2,Normal,0.00015862394068341112,-1.0272163528775764e-05,-5.9190031425299104e-05,-7.253005938359277e-05,-1.908618211859577e-05
29,2,Password,0.0038061456831629576,0.0062648665094502285,0.0025285624286719636,0.012246016056387221,-0.009021345205528448
29,2,Port_Scanning,0.040035856625766246,0.02346169566797084,-0.051202805979691075,0.052100261194889995,-0.0015856417203891989
29,2,Ransomware,0.006081756389053953,-0.0024422847308783616,-0.0013586573656866477,0.0034124093722503507,0.0011820449004389887
29,2,SQL_injection,-0.0016008726208036144,0.006355723325874769,-0.0011094413168319282,0.0050225280966399825,-0.011735422147455895
29,2,Uploading,-0.006706710764103997,-0.004516101574923507,-0.001002380671379631,0.00043858702876709336,0.019644793116142967
29,2,Vulnerability_scanner,-0.004866917369558477,-0.005320489756037847,-0.0011223615557700128,-0.0006610828250983691,0.015457788045588847
29,2,XSS,-0.0004721167157715381,-0.0054181013571876525,0.0019634060243197303,0.0019634060243197303,0.0019634060243197303
29,3,Backdoor,0.026597067298403273,-0.008857423592421238,-0.008206666076345787,-0.007457851600365073,-0.0028047201925178677
29,3,DDoS_HTTP,0.0020172527135270827,0.0056214816380142415,-0.0026843188302250504,-0.0019313493922583072,0.008993228754758203
29,3,DDoS_ICMP,0.00021346966067916083,-8.612090381807288e-05,-4.868473345991757e-05,-8.612090381807288e-05,7.4568804169024745e-06
29,3,DDoS_TCP,-0.00273692162438306,0.007966389480353015,0.005130218643541553,-0.004693956179401966,0.002099639864782776
29,3,DDoS_UDP,0.0,0.0,0.0,0.0,0.0
29,3,Fingerprinting,0.09633986928104576,-0.04069716775599129,-0.02217864923747277,-0.04069716775599129,0.007233115468409581
29,3,MITM,0.0,0.0,0.0,0.0,0.0
29,3,Normal,0.00021364919407435937,3.3875861851301314e-05,-7.940570345485454e-05,-0.00010159463350695175,-4.685213408351744e-05
29,3,Password,0.0019726237680963376,0.0023018133413896654,-0.0009832630018981729,0.0040074489292370235,-0.0006588020077420741
29,3,Port_Scanning,0.05246854042247174,0.011843671080271352,-0.03398856672372395,0.05019403203225919,0.004632626375407301
29,3,Ransomware,0.008085323876205646,-0.002807590665031606,-0.004507932546200969,0.004439507497383381,-0.0017162941903006378
29,3,SQL_injection,-0.0011701149020488535,0.011218340207113674,0.0029489368569924363,0.011233243697199672,-0.01587606494748874
29,3,Uploading,-0.005526830562098049,-0.007591995228259328,-0.00242452473453769,-0.0025162035243552466,0.01533730157977842
29,3,Vulnerability_scanner,-0.000843739327244536,-0.0010763963924876497,0.0008321414242663454,0.0007958875400002359,0.0065018167369478965
29,3,XSS,0.0,0.0,0.0,0.0,0.0
29,4,Backdoor,0.023673309709290956,-0.009278848094808124,-0.0075232958992030256,-0.006700825625768462,-0.000403652600330275
29,4,DDoS_HTTP,0.0003831435475133649,0.0022824358316645738,-0.0024847526164406422,0.0004412933767744857,0.008100853112792973
29,4,DDoS_ICMP,0.00035945786616737864,-7.123061263854536e-05,0.00015336931051039283,-0.0003516858196750294,0.0001346554601354244
29,4,DDoS_TCP,-0.0042151807817144725,0.0077577454201574305,0.0036274593585116015,-0.0049720536906970115,0.0032252622931021806
29,4,DDoS_UDP,-0.0003479852624259575,-8.046335303664165e-05,0.00010731893408549667,0.00029458427065801783,-0.00029448088054809436
29,4,Fingerprinting,0.08000000000000002,-0.0396078431372549,-0.0003921568627451017,-0.0396078431372549,-0.00039215686274510035
29,4,MITM,-0.1278818670447522,0.020780702630176173,0.3098828537387698,-0.16269509723667303,-0.06845538641376198
29,4,Normal,0.00012888805564009915,2.8324273669714608e-05,6.776792537467324e-05,-0.00010651971507182334,-7.631753955332777e-05
29,4,Password,0.003155288000763525,0.004399334560935311,0.0002784724882512653,0.008678763432004567,-0.01148939514381786
29,4,Port_Scanning,0.03463341434634822,0.01381780523853799,-0.04290759623469354,0.05458344475636138,0.0034543604112554625
29,4,Ransomware,0.003743119381641985,0.0018329720354434604,-0.004236650675763139,0.0046271589439879635,-0.00596659968531027
29,4,SQL_injection,-0.0014916431670106034,0.007072255957730724,-0.0018374201077979574,0.00910620026793577,-0.015538883946514788
29,4,Uploading,-0.009342741863803735,-0.0085995907494818,-0.004211314480316081,-0.004265232491366783,0.021295530711619545
29,4,Vulnerability_scanner,-0.004143536758927863,-0.005393850959271218,-0.0003579218876982815,-0.001433268902840414,0.014429662339748598
29,4,XSS,-0.0009891188830805915,-0.003500353353077948,0.00149649074538618,0.00149649074538618,0.00149649074538618
29,Aggregated,Backdoor,0.02478671426403678,-0.007359141816492195,-0.0068909154381055415,-0.005453900871706776,-0.0037129669159725893
29,Aggregated,DDoS_HTTP,0.0015194345008199615,0.0015656856175215608,-0.0029056882205066746,-1.229398744137337e-05,0.009662902720293843
29,Aggregated,DDoS_ICMP,0.00020897016236899878,-7.56444749177132e-05,2.1676040379150128e-05,-0.00013177090122608038,2.1678400367290222e-05
29,Aggregated,DDoS_TCP,-0.005071332303394227,0.008092746976606412,0.003371755967533559,-0.0035040592007147525,0.0020245099259623904
29,Aggregated,DDoS_UDP,-6.976125530632205e-05,-1.6105133381338898e-05,2.147489397575919e-05,5.903417932324739e-05,-5.903003092132542e-05
29,Aggregated,Fingerprinting,0.07896829942883328,-0.03790630392761221,-0.002468873141344217,-0.03790630392761221,-0.0006868184322646479
29,Aggregated,MITM,-0.12788186704475218,0.020780702630176177,0.30988285373876984,-0.16269509723667303,-0.06845538641376189
29,Aggregated,Normal,0.00014951127364765487,1.3084568264398743e-05,-4.028261900117329e-05,-8.934840065471702e-05,-2.7482857604164505e-05
29,Aggregated,Password,0.0034318053297664425,0.004931600392010275,-0.0005371383115181853,0.007850807071480654,-0.0073153777357411855
29,Aggregated,Port_Scanning,0.03763647580583876,0.015851890999952527,-0.047287237671484905,0.054858111932797125,-0.00246382992188925
29,Aggregated,Ransomware,0.004480133558191605,-0.0028036671719369704,-0.004613869311165138,0.004266212318702781,-0.000903636915490184
29,Aggregated,SQL_injection,-0.0011174552387356893,0.009719613042865805,-0.00030176502463862416,0.00818269615278816,-0.014342543847361836
29,Aggregated,Uploading,-0.006812610283482886,-0.007956248978089121,-0.0027691591351345227,-0.0013926313855688987,0.021098229731275273
29,Aggregated,Vulnerability_scanner,-0.0029680673432014083,-0.0034508200678432578,-0.000338013478110416,-0.00035818154480771745,0.01143517108488184
29,Aggregated,XSS,4.970738456339455e-06,-0.003024073008375122,0.001006367423306261,0.001006367423306261,0.001006367423306261
29,Centralized,Backdoor,0.02478671426403678,-0.007359141816492195,-0.0068909154381055415,-0.005453900871706776,-0.0037129669159725893
29,Centralized,DDoS_HTTP,0.0015194345008199615,0.0015656856175215608,-0.0029056882205066746,-1.229398744137337e-05,0.009662902720293843
29,Centralized,DDoS_ICMP,0.00020897016236899878,-7.56444749177132e-05,2.1676040379150128e-05,-0.00013177090122608038,2.1678400367290222e-05
29,Centralized,DDoS_TCP,-0.005071332303394227,0.008092746976606412,0.003371755967533559,-0.0035040592007147525,0.0020245099259623904
29,Centralized,DDoS_UDP,-6.976125530632205e-05,-1.6105133381338898e-05,2.147489397575919e-05,5.903417932324739e-05,-5.903003092132542e-05
29,Centralized,Fingerprinting,0.07896829942883328,-0.03790630392761221,-0.002468873141344217,-0.03790630392761221,-0.0006868184322646479
29,Centralized,MITM,-0.12788186704475218,0.020780702630176177,0.30988285373876984,-0.16269509723667303,-0.06845538641376189
29,Centralized,Normal,0.00014951127364765487,1.3084568264398743e-05,-4.028261900117329e-05,-8.934840065471702e-05,-2.7482857604164505e-05
29,Centralized,Password,0.0034318053297664425,0.004931600392010275,-0.0005371383115181853,0.007850807071480654,-0.0073153777357411855
29,Centralized,Port_Scanning,0.03763647580583876,0.015851890999952527,-0.047287237671484905,0.054858111932797125,-0.00246382992188925
29,Centralized,Ransomware,0.004480133558191605,-0.0028036671719369704,-0.004613869311165138,0.004266212318702781,-0.000903636915490184
29,Centralized,SQL_injection,-0.0011174552387356893,0.009719613042865805,-0.00030176502463862416,0.00818269615278816,-0.014342543847361836
29,Centralized,Uploading,-0.006812610283482886,-0.007956248978089121,-0.0027691591351345227,-0.0013926313855688987,0.021098229731275273
29,Centralized,Vulnerability_scanner,-0.0029680673432014083,-0.0034508200678432578,-0.000338013478110416,-0.00035818154480771745,0.01143517108488184
29,Centralized,XSS,4.970738456339455e-06,-0.003024073008375122,0.001006367423306261,0.001006367423306261,0.001006367423306261
30,0,Backdoor,0.005131530173665218,-0.001918878787907898,0.001939058122104979,-0.008249825747000679,-0.0005551104237523159
30,0,DDoS_HTTP,-0.0031088824049346447,0.008798856587039544,0.0019761426584413563,-0.004956777410091314,-0.006815016990574422
30,0,DDoS_ICMP,-2.215226171320972e-05,-4.106043389619322e-05,8.878649788565118e-05,-4.0857710921193834e-05,1.528390864494559e-05
30,0,DDoS_TCP,0.005776294320146776,-0.0012800718917573377,0.004412974962171505,0.00856396728210332,-0.0038618591274023526
30,0,DDoS_UDP,1.611343860780101e-05,1.611343860780101e-05,-6.445375443120405e-05,1.611343860780101e-05,1.611343860780101e-05
30,0,Fingerprinting,-0.03131062951496388,-0.024447884416924668,0.11167182662538702,-0.04111455108359134,-0.014798761609907122
30,0,MITM,0.0,0.0,0.0,0.0,0.0
30,0,Normal,3.583608763242004e-05,1.703545042454809e-06,-7.364093783631306e-06,6.813394257915162e-06,7.512853214567775e-06
30,0,Password,0.004264732411966645,-0.011865275869956032,-0.009069966728427772,0.004469536814926178,0.0035682633977377185
30,0,Port_Scanning,0.0549049317650646,0.005841200789501664,0.041722861039154936,0.1027446480542032,-0.08429944566588045
30,0,Ransomware,-0.004829075293538654,0.00028746960647147807,0.009099899881969178,-0.008440579311674346,-0.009251757363646371
30,0,SQL_injection,-0.0029658828933290552,-0.006773044755921146,-0.005766928026220561,0.014656305831091945,-0.001618294974192735
30,0,Uploading,0.016301406031938102,0.018926445759344386,0.017134502118202746,0.0016426859485811685,-0.002633934161109268
30,0,Vulnerability_scanner,0.0033038675480237347,-0.00298211643597468,0.0013673722078891466,0.006206313871684706,0.00834765690198023
30,0,XSS,0.0010308439356536364,-0.004123375742614546,0.0010308439356536364,0.0010308439356536364,0.0010308439356536364
30,1,Backdoor,0.005172819818736335,-7.140600143264638e-06,-0.00093997741308486,-0.0005327943622786991,0.00014586414986069533
30,1,DDoS_HTTP,0.0008289569232757847,0.007493987167440936,0.0004434757793537784,-0.0022539095479876823,-0.0043093629687208515
30,1,DDoS_ICMP,-2.2248200369049766e-05,-7.839824201947842e-05,0.00016382298054157067,-7.839824201947842e-05,1.5221703866435953e-05
30,1,DDoS_TCP,0.003313048215580363,-0.0018730876962043397,0.003117925529298173,0.005930171919019724,-0.0021629986735122175
30,1,DDoS_UDP,1.611343860780101e-05,1.611343860780101e-05,-6.445375443120405e-05,1.611343860780101e-05,1.611343860780101e-05
30,1,Fingerprinting,-0.02330065359477124,-0.05162309368191721,0.1350326797385621,-0.051623093681917205,-0.008485838779956425
30,1,MITM,0.0,0.0,0.0,0.0,0.0
30,1,Normal,5.7571679830777564e-05,1.5847410595243304e-05,-3.40084008645325e-05,-3.0482133372713068e-05,1.3294818869308278e-05
30,1,Password,0.005962712060422782,-0.01018432469629536,-0.010374192664827803,0.010409490775638592,0.0015719354400944808
30,1,Port_Scanning,0.0452569354161044,-0.011351728164050232,0.03498052162985944,0.10883761128899302,-0.09608058905759657
30,1,Ransomware,-0.001415477020095394,0.002589962244762454,0.0077466482907158,-0.0026516240088886017,-0.006269509506494258
30,1,SQL_injection,-0.0048041463804152085,-0.015126974068380468,-0.009886790718911997,0.012798602275052591,-0.004847540925894639
30,1,Uploading,0.01690028768118335,0.020229694596046333,0.01858271072744799,0.0010042761141393084,-0.00558168056630993
30,1,Vulnerability_scanner,0.005933857035561496,0.0014682898083638429,0.0027455824062583125,0.004913747463294206,0.004067515629459998
30,1,XSS,0.0009993688196928256,-0.003997475278771302,0.0009993688196928256,0.0009993688196928256,0.0009993688196928256
30,2,Backdoor,0.005611813822197091,-0.0012466773777858875,-0.00015112401687330154,-0.006289976530999636,-0.0014965480324606224
30,2,DDoS_HTTP,-7.233348816588029e-05,0.011144130958220855,0.00108683230736297,-0.0043628041125138885,-0.007795825664904058
30,2,DDoS_ICMP,-3.351334344571984e-06,-3.520574820399987e-06,-2.3895294000614297e-05,-3.351334344571984e-06,3.411853751015825e-05
30,2,DDoS_TCP,0.004613870452430226,-0.002671626985759233,0.0016853919536380028,0.006610880500856936,-0.002347347160432008
30,2,DDoS_UDP,4.8371493066751146e-05,4.8371493066751146e-05,-0.00019348597226700459,4.8371493066751146e-05,4.8371493066751146e-05
30,2,Fingerprinting,-0.03259259259259259,-0.015925925925925923,0.0951851851851852,-0.0325925925925926,-0.014074074074074072
30,2,MITM,0.0,0.0,0.0,0.0,0.0
30,2,Normal,4.805907417027762e-05,-7.84005943099871e-06,-2.8207115559177505e-05,-7.4380757252597485e-06,-4.57382345484166e-06
30,2,Password,0.005997692569348734,-0.020991079461443695,-0.014093036758830066,0.0074330310867076295,0.007842756313014997
30,2,Port_Scanning,0.04591917333681881,-0.006702096488048102,0.02897372459748708,0.10050139289819224,-0.08942379704163449
30,2,Ransomware,0.0007033445216498717,0.002670071992529725,0.009587536111344669,-0.005267662409214247,-0.0076932902163100204
30,2,SQL_injection,-0.001450136664016001,-0.011946079457446095,-0.009189646348572503,0.010414232106214458,-0.0015703210502618057
30,2,Uploading,0.019688972924570218,0.025809924874678973,0.021960555974692157,-0.004233081110894412,-0.006520888907886274
30,2,Vulnerability_scanner,0.00726698758908594,0.0015707848447559236,0.005414985990834176,0.0032732412763225396,0.0020410529858086723
30,2,XSS,0.0014763014763014767,-0.005905205905205907,0.0014763014763014767,0.0014763014763014767,0.0014763014763014767
30,3,Backdoor,0.0066003023811784835,0.0023938861878480765,0.0022563844440578683,-0.00615391908839907,-0.0008310880492123603
30,3,DDoS_HTTP,-0.0033927837584968256,0.0058029772942714605,-0.0011662337355407642,-0.0011027148497094177,-0.004350749981587108
30,3,DDoS_ICMP,-1.468003065043244e-05,-7.112587171578625e-05,0.0001338714014913034,-5.211620100858775e-05,4.050701883503057e-06
30,3,DDoS_TCP,0.002668172437252636,-0.002366429954124812,0.0019484427343997282,0.006969327697413141,-0.0007624846449260943
30,3,DDoS_UDP,1.611343860780101e-05,1.611343860780101e-05,-6.445375443120405e-05,1.611343860780101e-05,1.611343860780101e-05
30,3,Fingerprinting,-0.028841334104492,-0.03148683674999465,0.12873208662682345,-0.047359852623010526,-0.02104406314932631
30,3,MITM,0.0,0.0,0.0,0.0,0.0
30,3,Normal,4.556773861010832e-05,2.275497316469588e-05,-2.4391655879054305e-05,3.0950503599399175e-05,-3.055471225227868e-05
30,3,Password,0.005612364640476703,-0.008868497928616522,-0.009933329853529023,0.008503717455175192,0.002854420385288821
30,3,Port_Scanning,0.03248832678231407,0.004673445490529593,0.0329161834460365,0.0905667577089079,-0.07779403127145129
30,3,Ransomware,-0.004975403369251672,-0.0014086040022489846,0.008215723706396423,-0.006639031165520742,-0.00554844423947014
30,3,SQL_injection,-0.005812646994769638,-0.013790821314783567,-0.00765053612385726,0.014144613934340187,-0.003676765892426853
30,3,Uploading,0.018772242857685587,0.020079015409987796,0.01602822719318833,-0.0023551576939865133,-0.004394744832942679
30,3,Vulnerability_scanner,0.0031438522543122773,-0.0070139962019505715,0.00016602981443575304,0.006275591694374906,0.007987384543876383
30,3,XSS,0.0,0.0,0.0,0.0,0.0
30,4,Backdoor,0.00614330866362479,0.001864760023649085,7.759826461553598e-05,-0.008229227542929688,-0.0022845756258933294
30,4,DDoS_HTTP,-0.0005604584362991531,0.004570362418603134,-0.000287080269660737,-0.0015806138931206545,-0.0034448787978978656
30,4,DDoS_ICMP,-5.983125193719981e-05,5.2468715334267704e-05,0.00029538219955770886,-0.0001721227838493396,-0.00011589687910543712
30,4,DDoS_TCP,0.003916012787573118,-0.0013937624862403611,0.0032301527660640447,0.00611086368928348,-0.005108896715928648
30,4,DDoS_UDP,-0.00011780265121473972,-0.0002515636059093977,0.0002839452682864378,1.5958303479918223e-05,6.94626853577814e-05
30,4,Fingerprinting,-0.04596949891067538,-0.03725490196078431,0.15508870214752565,-0.05577342047930283,-0.01609088079676315
30,4,MITM,-0.038126609641274206,-0.04436721376955548,0.2940127435707292,0.004776437761331251,-0.18792656359498988
30,4,Normal,3.0821062391735617e-06,-6.451328436751594e-05,0.0001508826396938834,1.20317534384388e-05,-7.921602384548161e-05
30,4,Password,0.004321935368615775,-0.01395972838745513,-0.015444111005769855,0.008869135309546906,0.003211581972670184
30,4,Port_Scanning,0.0400437659555779,-0.009603459661430785,0.031218000509865906,0.09794551909161817,-0.0948798135672477
30,4,Ransomware,-0.0008324985245430331,-0.0027353968653524834,0.009943042500675384,-0.0033832545255681077,-0.0029918925852117527
30,4,SQL_injection,-0.001702891378665843,-0.010155832834142389,-0.008574017692285248,0.012722387977233065,-0.0004070188953947662
30,4,Uploading,0.021745788171156653,0.029160882809079396,0.018182058145936528,-0.005803121630145505,-0.007924496384916014
30,4,Vulnerability_scanner,0.00634609525052283,0.003592564773283772,0.00425249702841964,0.00402619598410775,0.003984593435685459
30,4,XSS,0.001506820344718198,-0.006027281378872792,0.001506820344718198,0.001506820344718198,0.001506820344718198
30,Aggregated,Backdoor,0.0057295719875903465,0.00020722714836050038,0.0006305662881903651,-0.005899479020439722,-0.0009967052477291793
30,Aggregated,DDoS_HTTP,-0.0013123020194663853,0.007521764204031125,0.00040955624660984257,-0.0028365648050382368,-0.0053349253872103835
30,Aggregated,DDoS_ICMP,-2.445073410960082e-05,-2.832770737938491e-05,0.00013158768814001132,-6.936703977046451e-05,-9.442206880561077e-06
30,Aggregated,DDoS_TCP,0.004054307178911021,-0.0019216734985838184,0.0028750678161177452,0.006839667836494727,-0.002855922570613791
30,Aggregated,DDoS_UDP,-4.272561539964137e-06,-3.110062250245571e-05,-2.0469039187631655e-05,2.2555499422527436e-05,3.328672380752407e-05
30,Aggregated,Fingerprinting,-0.03263242278964289,-0.03228285521581312,0.12628392871382726,-0.04631794293511136,-0.015050707773259928
30,Aggregated,MITM,-0.03420103204977962,-0.04044163617806089,0.27831043320475074,0.008702015352825835,-0.18400098600349518
30,Aggregated,Normal,3.804795340768459e-05,-6.387910156443096e-06,1.1301383521089558e-05,2.3910742551425113e-06,-1.8688407702949215e-05
30,Aggregated,Password,0.005229592661977135,-0.013209460050908483,-0.011781513223978753,0.007934423055196435,0.0038179940544778015
30,Aggregated,Port_Scanning,0.04374208360893703,-0.0033779808321581675,0.03394356127217879,0.10015809998165487,-0.0884462458612822
30,Aggregated,Ransomware,-0.002345331926039762,0.00040380713950376456,0.008910374361542335,-0.005355368828344366,-0.006496902813854919
30,Aggregated,SQL_injection,-0.003336628675332429,-0.01154019757247214,-0.008214659402852325,0.012958771442261648,-0.002419515178966654
30,Aggregated,Uploading,0.01868432199582427,0.022940306315129985,0.018396333323888188,-0.0019703761940285907,-0.005476375654745308
30,Aggregated,Vulnerability_scanner,0.0051918699033787685,-0.0006643809138371074,0.0027896986733388844,0.004931246618902441,0.005281125785969206
30,Aggregated,XSS,0.0010096984190248437,-0.004038793676099375,0.0010096984190248437,0.0010096984190248437,0.0010096984190248437
30,Centralized,Backdoor,0.0057295719875903465,0.00020722714836050038,0.0006305662881903651,-0.005899479020439722,-0.0009967052477291793
30,Centralized,DDoS_HTTP,-0.0013123020194663853,0.007521764204031125,0.00040955624660984257,-0.0028365648050382368,-0.0053349253872103835
30,Centralized,DDoS_ICMP,-2.445073410960082e-05,-2.832770737938491e-05,0.00013158768814001132,-6.936703977046451e-05,-9.442206880561077e-06
30,Centralized,DDoS_TCP,0.004054307178911021,-0.0019216734985838184,0.0028750678161177452,0.006839667836494727,-0.002855922570613791
30,Centralized,DDoS_UDP,-4.272561539964137e-06,-3.110062250245571e-05,-2.0469039187631655e-05,2.2555499422527436e-05,3.328672380752407e-05
30,Centralized,Fingerprinting,-0.03263242278964289,-0.03228285521581312,0.12628392871382726,-0.04631794293511136,-0.015050707773259928
30,Centralized,MITM,-0.03420103204977962,-0.04044163617806089,0.27831043320475074,0.008702015352825835,-0.18400098600349518
30,Centralized,Normal,3.804795340768459e-05,-6.387910156443096e-06,1.1301383521089558e-05,2.3910742551425113e-06,-1.8688407702949215e-05
30,Centralized,Password,0.005229592661977135,-0.013209460050908483,-0.011781513223978753,0.007934423055196435,0.0038179940544778015
30,Centralized,Port_Scanning,0.04374208360893703,-0.0033779808321581675,0.03394356127217879,0.10015809998165487,-0.0884462458612822
30,Centralized,Ransomware,-0.002345331926039762,0.00040380713950376456,0.008910374361542335,-0.005355368828344366,-0.006496902813854919
30,Centralized,SQL_injection,-0.003336628675332429,-0.01154019757247214,-0.008214659402852325,0.012958771442261648,-0.002419515178966654
30,Centralized,Uploading,0.01868432199582427,0.022940306315129985,0.018396333323888188,-0.0019703761940285907,-0.005476375654745308
30,Centralized,Vulnerability_scanner,0.0051918699033787685,-0.0006643809138371074,0.0027896986733388844,0.004931246618902441,0.005281125785969206
30,Centralized,XSS,0.0010096984190248437,-0.004038793676099375,0.0010096984190248437,0.0010096984190248437,0.0010096984190248437
31,0,Backdoor,0.027458383106172227,-0.0013247555880204912,-0.009108807961236594,-0.005487638270747188,-0.00910628344394312
31,0,DDoS_HTTP,-0.0010982543591509806,-0.004075217386835941,-0.006166641166424524,0.003942144934968138,0.009453634359128504
31,0,DDoS_ICMP,-7.462878963127214e-05,0.00022394694233284217,-3.7378557172249954e-05,-5.601625510603207e-05,-5.592334042328802e-05
31,0,DDoS_TCP,0.0033090540550386903,0.00035646490269524155,-0.006512683568259349,0.008951932208106536,-0.012020202612196669
31,0,DDoS_UDP,0.0,0.0,0.0,0.0,0.0
31,0,Fingerprinting,-0.04998340153138915,0.14228279460477603,-0.019680371228358844,-0.032439541882266346,-0.040179479962761694
31,0,MITM,0.0,0.0,0.0,0.0,0.0
31,0,Normal,7.560915059168783e-05,4.0424366652262274e-05,-3.3250792483878003e-06,-7.877932748903138e-05,1.5377733523730396e-05
31,0,Password,0.002589570708289583,0.008805881734293638,0.006223699177613079,-0.0012278475894504195,-0.009443643076600452
31,0,Port_Scanning,0.03292376774243741,-8.914899587460917e-06,-0.0777591155254924,0.111133801434579,-0.12209491174859283
31,0,Ransomware,0.007164151682155247,0.0016609694479591635,-0.009374784657992026,0.01026481603062521,-0.003224938528505611
31,0,SQL_injection,0.0007518896524495912,-0.015078504857569725,-0.00041510821977521807,0.00576517806591735,0.008687958503643813
31,0,Uploading,-0.013304721942661505,-0.00801667583874885,-0.018824094514595432,-0.011818053015392519,0.029631870519553648
31,0,Vulnerability_scanner,-0.0011967619906744923,-0.0024067043838362093,-0.006319615021622978,-0.0018870758240920938,0.004067860844183039
31,0,XSS,0.0,0.0,0.0,0.0,0.0
31,1,Backdoor,0.033761262191052514,-0.002985799462136111,-0.0074923586344836845,-0.012169916458276865,-0.012071052547955577
31,1,DDoS_HTTP,-0.003202260877107945,-0.007625569927194699,-0.004273500950612256,-0.0006372883794822879,0.009110212673851977
31,1,DDoS_ICMP,-1.8421170818229877e-05,-1.1876574433911102e-06,1.9014999539925432e-05,1.9014999539925432e-05,-1.8421170818229877e-05
31,1,DDoS_TCP,0.0019689011225049197,-0.0006230771261935442,-0.00563089488693825,0.008582735898770351,-0.010040221533775866
31,1,DDoS_UDP,0.0,0.0,0.0,0.0,0.0
31,1,Fingerprinting,-0.030814814814814812,0.08622222222222223,-0.012296296296296296,-0.012296296296296298,-0.030814814814814812
31,1,MITM,0.0,0.0,0.0,0.0,0.0
31,1,Normal,3.806633037935677e-05,-2.3335946043710292e-05,-2.608815632317481e-05,-1.328688613095689e-05,-1.7372352682935393e-05
31,1,Password,0.0016991607754342848,0.009818608703410787,0.007817856956684084,-0.0013753681870996843,-0.012731500078494848
31,1,Port_Scanning,0.016947273299663775,-0.010827314230817873,-0.06948346558065516,0.11664918012987922,-0.11243784904931525
31,1,Ransomware,0.0037514002818192596,-0.0006432423884010033,-0.004434667727555741,0.0025940141202292952,0.0022255096859640036
31,1,SQL_injection,0.002465487960743031,-0.014426596604255446,0.00658541637088701,0.006611186736570688,0.012677906288685628
31,1,Uploading,-0.012548934150777106,-0.0045504202583126945,-0.021575345426973213,-0.009906186463396742,0.01749723285882875
31,1,Vulnerability_scanner,-0.002287625251475365,-0.0013759787803234447,-0.008687246362490658,-0.00385748935792631,0.008745615382438425
31,1,XSS,-0.0004920750025898688,0.001968300010359475,-0.0004920750025898688,-0.0004920750025898688,-0.0004920750025898688
31,2,Backdoor,0.034627443833644495,-0.0045488709732595225,-0.009518105340757997,-0.007501866975348577,-0.013058600544278398
31,2,DDoS_HTTP,-0.0031147589224672025,-0.00676184945924539,-0.005574366660045707,-0.002493354310671041,0.009777460353422574
31,2,DDoS_ICMP,-2.5907920998898455e-05,6.65003866250069e-05,-2.6161896219049446e-05,-7.2533638047859545e-06,-7.177205602273047e-06
31,2,DDoS_TCP,0.002826346460281868,0.0010625600365199272,-0.005217614159973042,0.0074985057182848204,-0.009580394682634314
31,2,DDoS_UDP,0.0,0.0,0.0,0.0,0.0
31,2,Fingerprinting,-0.040030021578009195,0.11004503236701381,-0.017302748850736467,-0.022486161928886386,-0.030226100009381744
31,2,MITM,0.0,0.0,0.0,0.0,0.0
31,2,Normal,0.0001304671699699093,1.2536265562677432e-05,-5.310083588647522e-05,-7.444301278692148e-05,-1.3005091086337739e-05
31,2,Password,0.007422920869605241,0.013093539160417137,0.00781813703298745,0.00045977903147682804,-0.012041710115814482
31,2,Port_Scanning,0.026017091617705424,-0.000996478320556246,-0.06832624548236045,0.10811067330405874,-0.10621367407937989
31,2,Ransomware,0.0022898932418079702,-0.0025748516585342145,-0.006897288544330978,-0.00199136731417416,0.0022983457100530995
31,2,SQL_injection,0.004343246345743342,-0.013399463529627446,0.005943021150029975,0.0072702282652945425,0.009872348621070368
31,2,Uploading,-0.012624972798179387,-0.009511980270154858,-0.022385063399622786,-0.01208810369712542,0.02113928185939137
31,2,Vulnerability_scanner,-0.0019021040623943349,-0.003821890814752878,-0.008653943912880912,-0.003605976326672855,0.011425200561384555
31,2,XSS,-4.081011116187083e-05,6.070757829551854e-05,6.070757829551854e-05,-0.0001413126237246848,6.070757829551854e-05
31,3,Backdoor,0.03849308660449653,-0.001452279638351319,-0.014312313351486932,-0.01403466154052736,-0.011055723858608238
31,3,DDoS_HTTP,-0.0012410441113907655,-0.002880445359575598,-0.0030088826428726965,0.00042741237708814327,0.006702959736750918
31,3,DDoS_ICMP,4.375936603749168e-06,2.061718504617338e-05,-1.4735324150222384e-05,-1.4633734103449333e-05,4.375936603749168e-06
31,3,DDoS_TCP,0.0017503300281301111,0.00040614507166288337,-0.006481945681382885,0.009078919947815121,-0.011113271028957976
31,3,DDoS_UDP,0.0,0.0,0.0,0.0,0.0
31,3,Fingerprinting,-0.04085131013602261,0.12579309423629198,-0.01911217970124001,-0.024978294263006743,-0.040851310136022626
31,3,MITM,0.0,0.0,0.0,0.0,0.0
31,3,Normal,0.00011772864665091457,3.969889873282802e-05,-5.39670227729346e-05,-8.928018697483645e-05,-3.385695398020472e-05
31,3,Password,0.002366672499030477,0.006821212385609001,0.003239155100597112,-0.00442161021190998,-0.008005429773326602
31,3,Port_Scanning,0.0239800638848129,0.0005059399930765825,-0.0744166554244618,0.10556435177198449,-0.11704282021079095
31,3,Ransomware,0.00853899878670941,0.0027129923849477638,-0.0067678782769513115,0.002927207457459389,0.0029444387179298646
31,3,SQL_injection,-0.0006860445950361005,-0.01986924913258054,0.0015191812745135383,0.004509978121856715,0.014526134331246355
31,3,Uploading,-0.009010900108211218,-0.008843104683998215,-0.018792360398937804,-0.008872456616142317,0.014706127241048531
31,3,Vulnerability_scanner,-0.001846809795071582,-0.003823922425652487,-0.0055965425180108976,-0.0010211028000034982,0.00434443713847788
31,3,XSS,-1.0794473229706197e-05,-1.0794473229706197e-05,1.6191709844559297e-05,-1.0794473229706197e-05,1.6191709844559297e-05
31,4,Backdoor,0.029594216518686434,-0.0018347233435842066,-0.008592255405903552,-0.01031984600830507,-0.0049714227686455375
31,4,DDoS_HTTP,-0.003847029729794088,-0.001865480620449796,-0.0032431002840724956,-0.00048042137335536456,0.0040581603126260786
31,4,DDoS_ICMP,-7.109700477044844e-05,0.0001343993728100179,4.121139216334835e-05,-0.0003328383614319641,3.7583967294252395e-06
31,4,DDoS_TCP,0.0025540795393866962,-0.0004788724139613121,-0.005367097800409839,0.008236983869988408,-0.00963368178547745
31,4,DDoS_UDP,-9.117111543304931e-05,0.0003373981051915609,-9.117111543304931e-05,0.0003373981051915609,-0.00017142768824984406
31,4,Fingerprinting,-0.04359442225911468,0.11973945947562854,-0.01727863278543047,-0.02507590374059616,-0.03379050069048724
31,4,MITM,-0.14759721249183558,0.04096780273984627,0.31674992923743844,0.005844514495382998,-0.21596503398083225
31,4,Normal,2.9998619954426282e-05,2.0703583816350513e-05,0.00010098599627023272,-3.687444731676666e-05,-0.00011242847064117008
31,4,Password,0.007569731841000852,0.013658310125943285,0.007444107119870418,9.960182415728e-05,-0.014010409021970396
31,4,Port_Scanning,0.02585988155639023,-0.0076992977404949006,-0.06863494805406803,0.1051912338630811,-0.10282516535555751
31,4,Ransomware,0.001369810312376694,-0.0026569161714944797,-0.002050252391986801,0.0016443176276542829,-0.002008258077848457
31,4,SQL_injection,0.0023826766025815977,-0.016263691420628907,0.005103196648851898,0.007898951562585736,0.008996239429864852
31,4,Uploading,-0.0045046496350392784,-0.011768232127214196,-0.01906682427319478,-0.009990352887770169,0.01603652658490998
31,4,Vulnerability_scanner,-0.0011773672588343683,-0.0031862903661511862,-0.010056368003480507,-0.004034654964683363,0.01102893801889199
31,4,XSS,-0.0001081466273634507,-3.1235382939515806e-05,4.6460670100988837e-05,4.6460670100988837e-05,4.6460670100988837e-05
31,Aggregated,Backdoor,0.032739202989592396,-0.0024236643241378713,-0.009798429999631477,-0.009900385930759866,-0.010036840735132975
31,Aggregated,DDoS_HTTP,-0.002464362111219201,-0.004573513175939961,-0.004459719496161596,0.0001778546651553405,0.007776628274134031
31,Aggregated,DDoS_ICMP,-3.7134384605732225e-05,8.888049485199501e-05,-3.599628767227599e-06,-7.837694838995213e-05,-1.467876006072862e-05
31,Aggregated,DDoS_TCP,0.0024780194719315287,0.00014078270536579027,-0.005839275905238629,0.008469882182073932,-0.01046956457077823
31,Aggregated,DDoS_UDP,-1.825165476501874e-05,6.761957359126547e-05,-1.825165476501874e-05,6.761957359126547e-05,-3.434849134251368e-05
31,Aggregated,Fingerprinting,-0.04135025933694291,0.11779461977464514,-0.017311797798481375,-0.02380639968782011,-0.035326162951400744
31,Aggregated,MITM,-0.14759721249183558,0.04096780273984625,0.31674992923743844,0.005844514495382998,-0.2159650339808323
31,Aggregated,Normal,7.84386938994593e-05,1.800365754466293e-05,-7.169563334169515e-06,-5.8548600292975446e-05,-3.225073412211898e-05
31,Aggregated,Password,0.004334281682739643,0.010450122524483985,0.0065313194600055855,-0.0012684518457034436,-0.011269610044412239
31,Aggregated,Port_Scanning,0.02516177244144626,-0.0037767971841776086,-0.07176458702502138,0.10941843104719538,-0.11223953241556167
31,Aggregated,Ransomware,0.004633799824059983,-0.0002544036935212157,-0.00600770787811409,0.0031908816322144375,0.0005203827921377135
31,Aggregated,SQL_injection,0.00185640079009022,-0.01579517354208238,0.0037547633081693945,0.006419413815975664,0.010924183531801293
31,Aggregated,Uploading,-0.010373612184746727,-0.008606728208781758,-0.020123539982735437,-0.010546353867583094,0.019907844437300697
31,Aggregated,Vulnerability_scanner,-0.0016813608992667576,-0.002920139904500696,-0.007862547822765688,-0.0028827370897060093,0.007916425597757735
31,Aggregated,XSS,-0.00012842445805842753,0.00039587833411504765,-7.60423832044433e-05,-0.00011536910964773349,-7.60423832044433e-05
31,Centralized,Backdoor,0.032739202989592396,-0.0024236643241378713,-0.009798429999631477,-0.009900385930759866,-0.010036840735132975
31,Centralized,DDoS_HTTP,-0.002464362111219201,-0.004573513175939961,-0.004459719496161596,0.0001778546651553405,0.007776628274134031
31,Centralized,DDoS_ICMP,-3.7134384605732225e-05,8.888049485199501e-05,-3.599628767227599e-06,-7.837694838995213e-05,-1.467876006072862e-05
31,Centralized,DDoS_TCP,0.0024780194719315287,0.00014078270536579027,-0.005839275905238629,0.008469882182073932,-0.01046956457077823
31,Centralized,DDoS_UDP,-1.825165476501874e-05,6.761957359126547e-05,-1.825165476501874e-05,6.761957359126547e-05,-3.434849134251368e-05
31,Centralized,Fingerprinting,-0.04135025933694291,0.11779461977464514,-0.017311797798481375,-0.02380639968782011,-0.035326162951400744
31,Centralized,MITM,-0.14759721249183558,0.04096780273984625,0.31674992923743844,0.005844514495382998,-0.2159650339808323
31,Centralized,Normal,7.84386938994593e-05,1.800365754466293e-05,-7.169563334169515e-06,-5.8548600292975446e-05,-3.225073412211898e-05
31,Centralized,Password,0.004334281682739643,0.010450122524483985,0.0065313194600055855,-0.0012684518457034436,-0.011269610044412239
31,Centralized,Port_Scanning,0.02516177244144626,-0.0037767971841776086,-0.07176458702502138,0.10941843104719538,-0.11223953241556167
31,Centralized,Ransomware,0.004633799824059983,-0.0002544036935212157,-0.00600770787811409,0.0031908816322144375,0.0005203827921377135
31,Centralized,SQL_injection,0.00185640079009022,-0.01579517354208238,0.0037547633081693945,0.006419413815975664,0.010924183531801293
31,Centralized,Uploading,-0.010373612184746727,-0.008606728208781758,-0.020123539982735437,-0.010546353867583094,0.019907844437300697
31,Centralized,Vulnerability_scanner,-0.0016813608992667576,-0.002920139904500696,-0.007862547822765688,-0.0028827370897060093,0.007916425597757735
31,Centralized,XSS,-0.00012842445805842753,0.00039587833411504765,-7.60423832044433e-05,-0.00011536910964773349,-7.60423832044433e-05
32,0,Backdoor,-0.007980942471633775,0.015210353799188793,0.009115109232311515,-0.005277096767531405,-0.011174426017981434
32,0,DDoS_HTTP,0.003584965130826449,-0.009020961040142881,-0.005835153153523878,0.0036581748611025106,0.006258393741180435
32,0,DDoS_ICMP,2.238091154288524e-05,-0.000220537606453991,0.00019080577024130352,3.675462334901125e-06,3.675462334901125e-06
32,0,DDoS_TCP,-0.008150559057988354,-0.007101423663322657,-0.0008682082565115767,0.0045942239509133695,-0.004680806764263528
32,0,DDoS_UDP,8.062956764006146e-05,-0.0002419510775212408,6.237460105640302e-08,8.062956764006146e-05,8.062956764006146e-05
32,0,Fingerprinting,-0.009907120743034055,-0.019711042311661504,0.06904024767801857,-0.019711042311661504,-0.019711042311661504
32,0,MITM,0.0,0.0,0.0,0.0,0.0
32,0,Normal,9.3648695712778e-05,6.435210670674615e-05,6.811882241749371e-05,-3.4242300711565902e-06,-0.00015353740813110102
32,0,Password,-0.0037822177650897416,0.0017405411386948132,-0.014752517350672935,0.010391799601868002,0.012353412914911486
32,0,Port_Scanning,-0.12899701929198806,0.05070929024698126,-0.04369757143672127,0.02242126940497994,-0.0852249970747055
32,0,Ransomware,0.003689795972097621,0.005442930197218884,-0.03370806902385012,0.010099394033079457,0.011211974933245246
32,0,SQL_injection,0.002440036829367379,-0.006242345726516026,0.0188084767573685,0.016138026759655373,-0.0074654829435413135
32,0,Uploading,-0.015482524840307007,0.002944194658201941,-0.02853936887884577,0.0006692951354392406,0.018470134481553383
32,0,Vulnerability_scanner,-0.0027050429582715974,0.004258330221514037,-0.012034356557313212,0.0004907220429409682,0.002858570112142859
32,0,XSS,0.0,0.0,0.0,0.0,0.0
32,1,Backdoor,-0.007276581760802087,0.019023623718619778,0.007020417120436278,-0.003322427123841097,-0.015929480068918755
32,1,DDoS_HTTP,0.008757640226422395,-0.005979114041467357,-0.00236828251880024,0.00504906514303908,0.008405565887818538
32,1,DDoS_ICMP,-3.83725541719393e-06,-0.0002470923956246207,0.0004271217602714687,-4.130715965267965e-05,-0.0001348849495769744
32,1,DDoS_TCP,-0.005801019032881902,-0.004001000909683335,-0.0017488672800809477,0.003559118502924182,-0.0047514006791850695
32,1,DDoS_UDP,7.521682496484476e-05,-0.00011282523744726713,-8.596950643426544e-05,7.521682496484476e-05,4.836109395184307e-05
32,1,Fingerprinting,-0.010434782608695653,-0.06228663446054751,0.16025764895330108,-0.025249597423510472,-0.06228663446054751
32,1,MITM,0.0,0.0,0.0,0.0,0.0
32,1,Normal,5.458662508713297e-05,0.0001294305951271261,7.671615496304499e-05,3.210163864035091e-06,-6.149429260969285e-05
32,1,Password,-0.0029011675253653164,0.005411706438878975,-0.014183388216446538,0.011391914250390902,0.013109632422963032
32,1,Port_Scanning,-0.10143556853306436,0.07595507692322374,-0.05378334287398449,0.017337614052082517,-0.0882239297184076
32,1,Ransomware,0.005386986954162485,0.0038191842608998458,-0.024281463452057676,0.010878484628162518,0.007731906086576196
32,1,SQL_injection,0.0026830840691573366,0.000648302232544636,0.020386310163557086,0.015768217241333978,6.729621666752099e-06
32,1,Uploading,-0.013087582769399652,0.013548808109538847,-0.024531297445858045,0.001050025344925536,0.023098281778787342
32,1,Vulnerability_scanner,-0.004080738543016584,0.009184574617571275,-0.013253106219154109,0.002238083505070591,0.00694366022560709
32,1,XSS,0.0,0.0,0.0,0.0,0.0
32,2,Backdoor,-0.00922128028440964,0.02033798527888465,0.007451255671728794,-0.003586510618436972,-0.015315187911844474
32,2,DDoS_HTTP,0.006132245208655633,-0.005745550683806071,-0.004699737034635685,0.0072960832168836144,0.0036453667534477254
32,2,DDoS_ICMP,4.1067632208824366e-05,-0.00035173812577010135,0.0002847189399741767,4.1067632208824366e-05,-1.5116078621724149e-05
32,2,DDoS_TCP,-0.008844985017567279,-0.004621694742701031,-0.0022758323330413035,0.0038458146534744906,-0.005081951946068863
32,2,DDoS_UDP,0.0001559504542905469,-0.00035508862081543024,-8.590701104320882e-05,0.0001559504542905469,0.00012909472327754523
32,2,Fingerprinting,-0.01411764705882353,-0.033725490196078435,0.09568627450980391,-0.01411764705882353,-0.033725490196078435
32,2,MITM,0.0,0.0,0.0,0.0,0.0
32,2,Normal,2.105658929512644e-05,0.00016096813214570757,6.484437484391795e-05,-3.712522680200762e-05,-0.00012095652732773872
32,2,Password,-0.010085073194045668,0.0032093283277320733,-0.019211398927007108,0.01613109905625644,0.01383851666818613
32,2,Port_Scanning,-0.13689088484396275,0.06280920482359478,-0.04989099268000804,0.01989868021794549,-0.08947439461434371
32,2,Ransomware,0.0031066987741278983,0.0044498272322228945,-0.020973573097859622,0.007987789011853335,0.008845407147978445
32,2,SQL_injection,-0.002900719613811983,-0.003526508607793356,0.010692823141029598,0.008762375211668684,-0.0034622670170027497
32,2,Uploading,-0.01156935135583185,0.007554638859611953,-0.02201817571008436,-6.902555392535129e-05,0.020825097902009312
32,2,Vulnerability_scanner,-0.008057768479957301,0.0053730460127241995,-0.015380042355789906,-0.0002499806717393175,0.0066935382564104065
32,2,XSS,4.040404040404066e-05,4.040404040404066e-05,4.040404040404066e-05,-0.00016161616161616265,4.040404040404066e-05
32,3,Backdoor,-0.0036127375508601825,0.014989264611905698,0.001816382298808746,-0.005832133543383694,-0.013186018534917207
32,3,DDoS_HTTP,0.0019630882519408688,-0.005638703777306348,-0.005898572490710434,0.00406687551621723,0.00408314732817199
32,3,DDoS_ICMP,1.1172719920365947e-05,-0.00019453676274607627,0.00023589094370128904,-2.6263450437789362e-05,-2.6263450437789362e-05
32,3,DDoS_TCP,-0.007060361297704086,-0.004518223525677606,-0.002333664593952424,0.002010825472391161,-0.004259400098124335
32,3,DDoS_UDP,6.448493167455216e-05,-0.00017737253365920357,-1.60822613644529e-05,6.448493167455216e-05,6.448493167455216e-05
32,3,Fingerprinting,-0.00888888888888889,-0.027407407407407415,0.09111111111111113,-0.027407407407407415,-0.027407407407407415
32,3,MITM,0.0,0.0,0.0,0.0,0.0
32,3,Normal,4.711992996202508e-05,0.00015705239834342132,1.8527412936155305e-05,-1.8896131744265223e-05,-0.0001569915132516512
32,3,Password,-0.0035235253410492704,0.0029121052223047878,-0.013767776535890794,0.008161457965515269,0.007768549121261368
32,3,Port_Scanning,-0.1152557011640831,0.0478975690423882,-0.05189457358639097,0.002651460497769512,-0.07694714188645782
32,3,Ransomware,-0.000902856196743329,0.004697962945152423,-0.03323389230522086,0.013053663456568982,0.012892108128186967
32,3,SQL_injection,-0.0009675028189739157,-0.00017885283496978284,0.01518451090541084,0.014384090458743816,-0.00032769056774238636
32,3,Uploading,-0.0074474832085465155,0.005050914359512216,-0.01675444064618901,-0.0005616239022526337,0.011925981407658008
32,3,Vulnerability_scanner,-0.002984945139459161,0.004055147093908708,-0.008981651186195583,0.00037969306630536805,0.003254347625942348
32,3,XSS,5.397236614853098e-06,5.397236614853098e-06,5.397236614853098e-06,-2.1588946459412393e-05,5.397236614853098e-06
32,4,Backdoor,-0.0061278286602209,0.015552781661972277,0.005965517283042702,-0.004560355763573028,-0.014706083513469114
32,4,DDoS_HTTP,0.005456551589842541,-0.003460145140996415,-0.004978386925428008,0.00529237033363871,0.0004406417798069153
32,4,DDoS_ICMP,-8.627238209491332e-05,-0.0011137169154679049,0.00036336642244441295,8.196705761352822e-05,-0.0003666602542096294
32,4,DDoS_TCP,-0.005850853525191572,-0.0024231153323311457,-0.0020574684567515305,0.0025539701040919755,-0.0054562757682070345
32,4,DDoS_UDP,9.121303177136071e-05,0.0010290723161918054,0.00025177702212258085,-0.00020345734741289423,0.0004396291362206983
32,4,Fingerprinting,-0.01616161616161616,-0.03468013468013468,0.1202020202020202,-0.03468013468013468,-0.03468013468013468
32,4,MITM,-0.04698887824539588,-0.031305743785686645,0.2843286514076445,-0.03486617183572152,-0.11783452420750676
32,4,Normal,3.382811855647261e-05,9.61749866531969e-05,0.000161935938335576,-3.888533992753018e-05,-0.00016159734347209002
32,4,Password,-0.0025727248752583087,0.007235524271517622,-0.00937599021886256,0.013104151073845062,0.006214999091559651
32,4,Port_Scanning,-0.10546264457745855,0.06823003901241004,-0.04644615527632553,0.011284425870898345,-0.08232720297088543
32,4,Ransomware,0.004896497690275346,0.0026092679247176898,-0.015915863026620788,0.010100589524022052,0.002010806588904457
32,4,SQL_injection,-0.0018559612813786157,-0.0027836513486940414,0.012877981915403448,0.008819472338739231,-0.0004665897387004699
32,4,Uploading,-0.004895337262128218,0.006095292750147741,-0.019370418788796424,0.001118275449907916,0.01177037772342405
32,4,Vulnerability_scanner,-0.005842944265684539,0.007322579016937566,-0.017539067845017835,-0.00046053711003467003,0.007500376150509033
32,4,XSS,0.0,0.0,0.0,0.0,0.0
32,Aggregated,Backdoor,-0.006837188079065833,0.017021103622480053,0.0062834947167794124,-0.00451229072230695,-0.01404516483855561
32,Aggregated,DDoS_HTTP,0.005126026696091627,-0.005980617509763964,-0.004789157428481319,0.00503266174470925,0.00455406704130573
32,Aggregated,DDoS_ICMP,-3.100911742537349e-06,-0.00042568979028181724,0.0003003399890153358,1.1850293462754384e-05,-0.00010788507360453004
32,Aggregated,DDoS_TCP,-0.007133577805281409,-0.0045229878443206195,-0.0018587331627037222,0.003307502034109668,-0.004845230606993128
32,Aggregated,DDoS_UDP,9.350715248341856e-05,2.8673850726183372e-05,1.2865194322264629e-05,3.446951655942665e-05,0.00015254547753507282
32,Aggregated,Fingerprinting,-0.011965811965811968,-0.03650842686987266,0.10944289980434559,-0.02446023409878832,-0.03650842686987266
32,Aggregated,MITM,-0.0425967213826508,-0.026913586922941553,0.2667600239566641,-0.030474014972976454,-0.11344236734476164
32,Aggregated,Normal,5.003897926299146e-05,0.0001216338920708567,7.79489055290572e-05,-1.8998019189416424e-05,-0.0001309072978560551
32,Aggregated,Password,-0.0045943337047524456,0.004104428790546983,-0.014275625493051971,0.01186865892398822,0.01068053471159372
32,Aggregated,Port_Scanning,-0.11781083217787565,0.0611089265909959,-0.04914835903839563,0.014809671002057188,-0.08452230021884412
32,Aggregated,Ransomware,0.003158042256076172,0.004151279511127734,-0.025526451299529556,0.010422620194248807,0.008492129239732233
32,Aggregated,SQL_injection,-0.00013045466849279374,-0.0024335373750817525,0.015609496621817468,0.012797231122260047,-0.002347963459442127
32,Aggregated,Uploading,-0.010489288673812788,0.006965356891323194,-0.02227814396130794,0.00043762060727661013,0.017209638423117755
32,Aggregated,Vulnerability_scanner,-0.004728864831783521,0.006052112822706642,-0.013438636959019793,0.0004815918553828051,0.0054585706240673215
32,Aggregated,XSS,7.865345288658038e-06,7.865345288658038e-06,7.865345288658038e-06,-3.146138115463215e-05,7.865345288658038e-06
32,Centralized,Backdoor,-0.006837188079065833,0.017021103622480053,0.0062834947167794124,-0.00451229072230695,-0.01404516483855561
32,Centralized,DDoS_HTTP,0.005126026696091627,-0.005980617509763964,-0.004789157428481319,0.00503266174470925,0.00455406704130573
32,Centralized,DDoS_ICMP,-3.100911742537349e-06,-0.00042568979028181724,0.0003003399890153358,1.1850293462754384e-05,-0.00010788507360453004
32,Centralized,DDoS_TCP,-0.007133577805281409,-0.0045229878443206195,-0.0018587331627037222,0.003307502034109668,-0.004845230606993128
32,Centralized,DDoS_UDP,9.350715248341856e-05,2.8673850726183372e-05,1.2865194322264629e-05,3.446951655942665e-05,0.00015254547753507282
32,Centralized,Fingerprinting,-0.011965811965811968,-0.03650842686987266,0.10944289980434559,-0.02446023409878832,-0.03650842686987266
32,Centralized,MITM,-0.0425967213826508,-0.026913586922941553,0.2667600239566641,-0.030474014972976454,-0.11344236734476164
32,Centralized,Normal,5.003897926299146e-05,0.0001216338920708567,7.79489055290572e-05,-1.8998019189416424e-05,-0.0001309072978560551
32,Centralized,Password,-0.0045943337047524456,0.004104428790546983,-0.014275625493051971,0.01186865892398822,0.01068053471159372
32,Centralized,Port_Scanning,-0.11781083217787565,0.0611089265909959,-0.04914835903839563,0.014809671002057188,-0.08452230021884412
32,Centralized,Ransomware,0.003158042256076172,0.004151279511127734,-0.025526451299529556,0.010422620194248807,0.008492129239732233
32,Centralized,SQL_injection,-0.00013045466849279374,-0.0024335373750817525,0.015609496621817468,0.012797231122260047,-0.002347963459442127
32,Centralized,Uploading,-0.010489288673812788,0.006965356891323194,-0.02227814396130794,0.00043762060727661013,0.017209638423117755
32,Centralized,Vulnerability_scanner,-0.004728864831783521,0.006052112822706642,-0.013438636959019793,0.0004815918553828051,0.0054585706240673215
32,Centralized,XSS,7.865345288658038e-06,7.865345288658038e-06,7.865345288658038e-06,-3.146138115463215e-05,7.865345288658038e-06
33,0,Backdoor,0.0009074218585152005,-0.005724220800067379,-0.039572087946258785,0.03859690649899504,0.008531997381169412
33,0,DDoS_HTTP,0.0033774723388825542,-0.0011941884752038694,0.0033746204124902135,-0.0007376383571627741,-0.0048202659190061245
33,0,DDoS_ICMP,0.00011559439766575068,3.515582268281969e-06,0.0004112818985526179,-6.423249341560207e-06,0.00014607356117809315
33,0,DDoS_TCP,0.003753657463234622,-0.002033106831706903,0.0071913755023944705,-0.0025265436736799816,0.014114746020573629
33,0,DDoS_UDP,0.0,0.0,0.0,0.0,0.0
33,0,Fingerprinting,-0.06883622583342482,-0.12203390295039235,0.21328027687758505,0.26473890605724354,0.23136946436750688
33,0,MITM,0.0,0.0,0.0,0.0,0.0
33,0,Normal,-2.629361123984523e-05,-4.432517985823077e-05,-0.0003617923429501568,0.00026246286734268133,8.09398432731497e-05
33,0,Password,1.7399134441838567e-06,0.008417967729016089,-0.011059554708835925,0.0043122593867082224,-0.0013591069486614518
33,0,Port_Scanning,0.033689430125285094,-0.02788505244067896,0.06270435005343414,-0.03255401891473471,0.18475268667508668
33,0,Ransomware,0.013045183142246402,-0.007026508264790521,0.011562971959131748,0.004868787503743392,0.004775884434484603
33,0,SQL_injection,0.01030478150003239,0.0006122309197205332,0.0005256695888443569,-0.030791579292924857,0.003914384134956209
33,0,Uploading,0.0058061336726363206,-0.011187529325083875,0.017671448480964264,-0.013920927866034908,0.004598410202809892
33,0,Vulnerability_scanner,0.004669811494937091,-0.0013228209254407875,0.0062951086570749845,-0.008432120715980184,0.0032471606128226193
33,0,XSS,0.0,0.0,0.0,0.0,0.0
33,1,Backdoor,-0.0025066585969226785,-0.010708200363681688,-0.03339979825517013,0.035828126231816665,0.010083218823250967
33,1,DDoS_HTTP,0.0007474123105130005,0.00070591161397911,-0.0018741129450828861,-0.006938367609690097,-0.004289918056043102
33,1,DDoS_ICMP,0.0002471545418342306,0.00021090772207828327,0.0004490572872058229,-0.0007598196048244577,-0.00015512592617901352
33,1,DDoS_TCP,0.004954591514095578,-0.0020513744096401516,0.006526133160559193,-0.002655801917213857,0.01223843825540737
33,1,DDoS_UDP,0.0,0.0,0.0,0.0,0.0
33,1,Fingerprinting,-0.036038834079550566,-0.10067982090747019,0.22506313614220183,0.17051229012524663,0.20780989538623887
33,1,MITM,0.0,0.0,0.0,0.0,0.0
33,1,Normal,-4.5394764696967314e-05,-6.014788670664443e-05,-0.00034110523587423575,0.00022963578735267962,3.678420221550627e-05
33,1,Password,-0.0017062170182061604,0.003590417414052584,-0.016621722636166035,0.0062815455166462175,0.0016189886180218041
33,1,Port_Scanning,0.04042144388403002,-0.03253215444378777,0.05607970045090779,-0.039095716807299744,0.18961948053933814
33,1,Ransomware,0.006530908035441879,-0.00644744367941435,0.003534545663524158,-5.7050388666041175e-05,1.6988525375799533e-05
33,1,SQL_injection,-0.0007106442599914941,-0.007099193157253475,0.0014847321719193404,-0.0316830223298474,-0.0014845157530867384
33,1,Uploading,0.0028408969566405752,-0.013164801471839457,0.014877680538821459,-0.010958300437782493,0.0009627830569256178
33,1,Vulnerability_scanner,0.000999757668382815,-0.006160485747919207,0.009738788423810905,-0.010582863975126235,0.0007659353562691891
33,1,XSS,0.0,0.0,0.0,0.0,0.0
33,2,Backdoor,-0.001233537431147195,-0.008646919269142654,-0.036566686677225034,0.03798921037961571,0.007946131456473366
33,2,DDoS_HTTP,0.0009351556568803284,-0.0012455196968678204,-0.0012000297616785005,-0.0021309777740375364,-0.0023356399185493638
33,2,DDoS_ICMP,-1.3762075643586336e-05,0.00011833554446344189,-7.384090873402601e-05,3.7777449350460494e-05,-7.461367407655683e-05
33,2,DDoS_TCP,0.005001294582207156,-0.0016910710479551062,0.005906372462404167,-0.002262858775249053,0.014786860143368908
33,2,DDoS_UDP,0.0,0.0,0.0,0.0,0.0
33,2,Fingerprinting,-0.062166992114040115,-0.06759503747534464,0.14312695370056736,0.2294887175557054,0.18571778690454083
33,2,MITM,0.0,0.0,0.0,0.0,0.0
33,2,Normal,-2.9280136036187917e-05,-5.95050888758238e-05,-0.0003234887720814964,0.00027254996692258613,9.778058064349356e-05
33,2,Password,0.001488205829814211,0.004475367592050662,-0.015982385217596522,0.004468639811524033,0.005550171984207612
33,2,Port_Scanning,0.04712998172657081,-0.02193127788058042,0.05647246459307446,-0.02761330426277082,0.18594213582370597
33,2,Ransomware,0.0024814551183003426,-0.00760149650748741,0.002189546300000315,0.003620171474408007,-0.000689676385221255
33,2,SQL_injection,0.005409850717075092,-0.0013072858237423777,0.008866812306812324,-0.030696754157802947,0.005373064603345601
33,2,Uploading,0.0006924381164238274,-0.0071225193442519,0.012906539555123765,-0.011955437550591523,-0.0026270307783289736
33,2,Vulnerability_scanner,0.0037259980687521935,-0.0038241518125903947,0.010153590344127826,-0.011209801929257935,0.003120477891809605
33,2,XSS,-0.00048220902492259257,-0.00048220902492259257,0.0019288360996903703,-0.00048220902492259257,-0.00048220902492259257
33,3,Backdoor,-0.0014695268137956648,-0.008823073132162351,-0.036284784154932616,0.04115813378582137,0.01124449303351591
33,3,DDoS_HTTP,0.001049892974500108,-0.0011809226640533447,0.00024111592982890931,-1.2163723312520285e-05,-0.0007873657619952142
33,3,DDoS_ICMP,0.00026210841979633636,-1.8807813466389008e-05,0.0004452654610898869,-0.00027244279500257724,-0.0001966363254411019
33,3,DDoS_TCP,0.004061432292490793,-0.00010763296821405348,0.006581173791960371,-0.002055701322606575,0.013261325571145536
33,3,DDoS_UDP,0.0,0.0,0.0,0.0,0.0
33,3,Fingerprinting,-0.04120889059309908,-0.13997213451763327,0.23012887210495775,0.19986093172009542,0.1956356657301236
33,3,MITM,0.0,0.0,0.0,0.0,0.0
33,3,Normal,-5.719759011612036e-05,-5.805810569795751e-05,-0.0003318869860751583,0.0003265291989476671,7.380138669588384e-05
33,3,Password,0.0005356173195701914,0.005312575291075631,-0.010376295027439817,0.004109135325055463,0.00336614862746868
33,3,Port_Scanning,0.0387126242457228,-0.012233143452901536,0.06422983595080141,-0.025279494291259818,0.17457017754763718
33,3,Ransomware,0.004645567953934697,-0.0070558171604229464,0.0025508995538005637,0.0037329656036259483,0.003154496498860911
33,3,SQL_injection,-0.0006604429064062757,-0.007433634765209838,0.015786998905591675,-0.02938998552657063,0.002034324629855409
33,3,Uploading,0.004721240656312141,-0.0031779951925624272,0.01400122452954692,-0.007515148490157621,-0.0009118837807190749
33,3,Vulnerability_scanner,0.0022346051917640497,-0.002744641153095121,0.007565361064736644,-0.006402818679081036,0.0025769710154687577
33,3,XSS,-0.0005037420840529651,-0.0005127374784110536,0.002059945308002303,-0.0005397236614853191,-0.0005037420840529651
33,4,Backdoor,0.001310899579635566,-0.006586663597166993,-0.033437267132210825,0.03474471393372746,0.006629765943767324
33,4,DDoS_HTTP,0.0013701552920816207,0.0009724469962240264,0.00013392156775966316,-0.0019168350093902997,-0.003310720483538754
33,4,DDoS_ICMP,0.0005339596524318239,1.10561245939389e-05,0.0007548958601375888,0.00047060019458934345,0.0004725112261975158
33,4,DDoS_TCP,0.002236516216507898,-0.0016244847909550146,0.005641540959998155,-0.0028503271407281094,0.01504354164875078
33,4,DDoS_UDP,-0.0004663188927838106,0.00017675054244818412,-0.00030565077847989895,-0.000626987140215185,-0.00038602788986284074
33,4,Fingerprinting,-0.0131680141011321,-0.09464466815840766,0.21927547062650463,0.25038506546158984,0.2307447387640379
33,4,MITM,-0.12171964173577347,-0.04864751859519211,0.27063884539645217,-0.0463852066335041,-0.053886478431982264
33,4,Normal,-5.042545365681976e-05,-9.203682291952972e-05,-0.00018003111340683848,0.0002651248554743339,1.0447713394505047e-05
33,4,Password,-0.00022914988806817526,0.0066145172235606165,-0.012960047740501726,0.006953376162437283,0.001300962102818955
33,4,Port_Scanning,0.02708820525016231,-0.028214251793618552,0.05398125902361707,-0.03261995290547536,0.18778500213911797
33,4,Ransomware,0.008195673130460834,-0.011872400176679409,0.0006339192373580531,0.0023824625986397434,0.004404187574752723
33,4,SQL_injection,0.005280134771946556,-0.0006167260171175443,-0.0029506310762409003,-0.028073043873573286,0.004365619389445801
33,4,Uploading,0.0024507658262971554,-0.0062139691296095815,0.012906924500908499,-0.0068855841974287705,-6.966845496659176e-05
33,4,Vulnerability_scanner,0.004157607038170097,-0.005410579896784255,0.00972986269285267,-0.011762806331536894,0.0016994682837704444
33,4,XSS,0.0,0.0,0.0,0.0,0.0
33,Aggregated,Backdoor,-0.000581394242814437,-0.008085849730972029,-0.03588846457914993,0.03765254553563641,0.008903749508453736
33,Aggregated,DDoS_HTTP,0.0015209127355891102,-0.00039969291450159906,0.0001866237491139187,-0.0022985935593689156,-0.003104716285202311
33,Aggregated,DDoS_ICMP,0.0002290221855438405,6.492466222481156e-05,0.00039739639886920606,-0.00010587710930543374,3.857027784818223e-05
33,Aggregated,DDoS_TCP,0.003998321503751603,-0.001502408759558882,0.0063647739471809515,-0.0024716881587781682,0.013893197626111131
33,Aggregated,DDoS_UDP,-9.339497927546478e-05,3.542050743362002e-05,-6.119508445299737e-05,-0.00012559487516695668,-7.729676016456725e-05
33,Aggregated,Fingerprinting,-0.04444750275805967,-0.10549237653042866,0.2066346891973045,0.22287135198154703,0.20964247120316173
33,Aggregated,MITM,-0.12171964173577349,-0.048647518595192125,0.27063884539645217,-0.0463852066335041,-0.05388647843198225
33,Aggregated,Normal,-4.1715231485102885e-05,-6.281709715514339e-05,-0.00030772193532016177,0.0002713044510603594,5.998127323516567e-05
33,Aggregated,Password,1.071242823417658e-05,0.0056925966155961065,-0.013406212325228439,0.005219613254226235,0.0020848758877782775
33,Aggregated,Port_Scanning,0.03741774351933168,-0.024578279530655375,0.05869060783823455,-0.03145077527051197,0.18462441376460667
33,Aggregated,Ransomware,0.007030155707304715,-0.007981849905861213,0.004206916765947616,0.00291230608133361,0.0023351872575790764
33,Aggregated,SQL_injection,0.003940059845933766,-0.0031575081403784843,0.004677997706410156,-0.030128017254046083,0.0028297157348676663
33,Aggregated,Uploading,0.0033032731725095355,-0.008178917447777585,0.014459184996038753,-0.010267297792139236,0.00042306885447591556
33,Aggregated,Vulnerability_scanner,0.0031490643304767658,-0.003899175925512725,0.008706385893694827,-0.009680049298508887,0.0022778418667379913
33,Aggregated,XSS,-0.0001950807697112045,-0.00019945936015536848,0.0008022160310656378,-0.00021259513148786033,-0.0001950807697112045
33,Centralized,Backdoor,-0.000581394242814437,-0.008085849730972029,-0.03588846457914993,0.03765254553563641,0.008903749508453736
33,Centralized,DDoS_HTTP,0.0015209127355891102,-0.00039969291450159906,0.0001866237491139187,-0.0022985935593689156,-0.003104716285202311
33,Centralized,DDoS_ICMP,0.0002290221855438405,6.492466222481156e-05,0.00039739639886920606,-0.00010587710930543374,3.857027784818223e-05
33,Centralized,DDoS_TCP,0.003998321503751603,-0.001502408759558882,0.0063647739471809515,-0.0024716881587781682,0.013893197626111131
33,Centralized,DDoS_UDP,-9.339497927546478e-05,3.542050743362002e-05,-6.119508445299737e-05,-0.00012559487516695668,-7.729676016456725e-05
33,Centralized,Fingerprinting,-0.04444750275805967,-0.10549237653042866,0.2066346891973045,0.22287135198154703,0.20964247120316173
33,Centralized,MITM,-0.12171964173577349,-0.048647518595192125,0.27063884539645217,-0.0463852066335041,-0.05388647843198225
33,Centralized,Normal,-4.1715231485102885e-05,-6.281709715514339e-05,-0.00030772193532016177,0.0002713044510603594,5.998127323516567e-05
33,Centralized,Password,1.071242823417658e-05,0.0056925966155961065,-0.013406212325228439,0.005219613254226235,0.0020848758877782775
33,Centralized,Port_Scanning,0.03741774351933168,-0.024578279530655375,0.05869060783823455,-0.03145077527051197,0.18462441376460667
33,Centralized,Ransomware,0.007030155707304715,-0.007981849905861213,0.004206916765947616,0.00291230608133361,0.0023351872575790764
33,Centralized,SQL_injection,0.003940059845933766,-0.0031575081403784843,0.004677997706410156,-0.030128017254046083,0.0028297157348676663
33,Centralized,Uploading,0.0033032731725095355,-0.008178917447777585,0.014459184996038753,-0.010267297792139236,0.00042306885447591556
33,Centralized,Vulnerability_scanner,0.0031490643304767658,-0.003899175925512725,0.008706385893694827,-0.009680049298508887,0.0022778418667379913
33,Centralized,XSS,-0.0001950807697112045,-0.00019945936015536848,0.0008022160310656378,-0.00021259513148786033,-0.0001950807697112045
34,0,Backdoor,-0.008528915590243881,-0.007095650765373599,-0.0033014414760088335,-0.005108023280555227,0.027702079738420027
34,0,DDoS_HTTP,-0.0009644268390070875,-0.002219879082446365,0.0020406028675243213,-0.0032734359597540656,0.001654708074456629
34,0,DDoS_ICMP,-0.0001524807603981826,-0.0001524807603981826,-0.00013407925873938354,-0.00015278470794736766,-7.82167028400671e-05
34,0,DDoS_TCP,-0.014991627513341915,-0.004120317872047097,-0.0012568545414213094,0.0030014282936912736,0.002021993989066077
34,0,DDoS_UDP,0.0,0.0,0.0,0.0,0.0
34,0,Fingerprinting,-0.13302209772798007,-0.13302209772798004,-0.09544039838157484,-0.10524431995020228,-0.0517896047307812
34,0,MITM,0.0,0.0,0.0,0.0,0.0
34,0,Normal,-1.648964474785797e-05,5.9079755831396385e-06,-6.0135108183591764e-05,-0.00027519676807683153,0.00036576398222278316
34,0,Password,0.0035133365025633513,0.0019018158851291244,0.004183773437789527,-0.008467033325821013,-0.0014451978713321148
34,0,Port_Scanning,-0.16496361634120943,-0.04428307968089336,-0.006847933891355573,0.037262469477147835,0.019829045171513036
34,0,Ransomware,-0.0024031774048459,-0.009454228830151408,-0.0017457342281848088,0.0005738823469834065,-0.004289258264231299
34,0,SQL_injection,0.016803936875765854,-0.00016004132203133967,-0.005416296557836831,-0.0018260076312990416,0.0038561356540100745
34,0,Uploading,-0.016515717030062865,-0.007439096747804761,-0.003534241559177505,0.016057065262271283,0.002498579715591247
34,0,Vulnerability_scanner,-0.004974767940414282,-0.0017400966544393584,0.0012646152846194655,0.0060919549844461384,-0.0002826999579145303
34,0,XSS,0.0,0.0,0.0,0.0,0.0
34,1,Backdoor,-0.006168998419182033,-0.005570621785686266,-0.004953094908785318,-0.0075876306243702904,0.03289010929730891
34,1,DDoS_HTTP,-0.00048237575330477105,0.0015819693480003136,0.005499471789787795,-0.004654992152158762,0.005325677074675039
34,1,DDoS_ICMP,-0.00017796616687567045,-0.00010311068170657707,0.00012127807162142605,8.640090094067891e-06,0.00015898466675188795
34,1,DDoS_TCP,-0.01369655296943814,-0.004194797902074719,-0.0008172457051865312,0.002154190157571893,0.0010681979104785948
34,1,DDoS_UDP,0.0,0.0,0.0,0.0,0.0
34,1,Fingerprinting,-0.19686790505675947,-0.1576522187822497,-0.027096663226694184,-0.052096663226694186,-0.03295321637426901
34,1,MITM,0.0,0.0,0.0,0.0,0.0
34,1,Normal,-2.4684240297782414e-05,1.3792128513342069e-09,-1.2929021788412228e-05,-0.00017243366555534564,0.0003680447481608284
34,1,Password,0.003644092052191122,0.0035918440174352697,0.003697598017311765,-0.0056462550747987195,-0.0010342702346532186
34,1,Port_Scanning,-0.1577148098884895,-0.04610245564042846,-0.013130305267089951,0.027957796871285148,0.01271358081108844
34,1,Ransomware,-0.003919643649924019,-0.0030533434952219663,0.0010465147867493806,0.0015756847219424478,-0.0027622589975506485
34,1,SQL_injection,0.02358751641784269,0.003079673868640976,-0.004521914437259388,-0.005627843845307333,0.008000236349367864
34,1,Uploading,-0.01408605471943993,-0.011033091607801323,-0.0046188109723718255,0.024285777196125916,0.0038698620387934974
34,1,Vulnerability_scanner,-0.00348119610165436,-0.004456387365484397,-0.0010849876520805637,0.008451567441116851,0.0010945254180315593
34,1,XSS,0.0,0.0,0.0,0.0,0.0
34,2,Backdoor,-0.011338362893206918,-0.007665131211431597,-0.002853413243660065,-0.004920226561652097,0.03150616846108529
34,2,DDoS_HTTP,-0.00143913627341694,0.0021392571248893175,0.004305362963291259,-0.001572923457075696,0.0018882457157375586
34,2,DDoS_ICMP,-9.587253665837199e-05,-7.714182126174658e-05,-2.743454503933984e-06,0.00020389489636272554,-2.2033419298406187e-05
34,2,DDoS_TCP,-0.014152015573269772,-0.003648664638286183,-0.0007831651185880435,0.0021416447128185484,0.0009998505034424935
34,2,DDoS_UDP,0.0,0.0,0.0,0.0,0.0
34,2,Fingerprinting,-0.16447270492229432,-0.15466878335366682,-0.06081486751832698,-0.016897885520849577,-0.031717187256290774
34,2,MITM,0.0,0.0,0.0,0.0,0.0
34,2,Normal,-5.736486169982495e-05,-4.401893558523458e-05,-6.866642929442649e-05,-0.00018703343187925585,0.00037437716394914295
34,2,Password,0.003392748883297708,0.004419255823072384,0.0033035240657848094,-0.0074795002257377,-0.0006966050527024158
34,2,Port_Scanning,-0.15618036647056707,-0.03682477456906514,-0.004399226404260765,0.032717297116416855,0.011643592066606614
34,2,Ransomware,-0.0028534635954687027,-0.0022946490873788175,0.0008619549664121614,0.002591718688392993,-0.0017217100402806274
34,2,SQL_injection,0.009954092533767762,0.0010429135495779306,-0.0033187521652613228,-0.004823838435204114,0.002132646384915538
34,2,Uploading,-0.008812081736345147,-0.004774682052143799,-0.0008317639088386851,0.021086149021653244,0.0037853403481482345
34,2,Vulnerability_scanner,-0.006941405762793719,-0.005164494347186734,0.0016635758561037532,0.008586379173091019,-0.0011524493845674888
34,2,XSS,0.0,0.0,0.0,0.0,0.0
34,3,Backdoor,-0.0066099615098546265,-0.008142700857935788,-0.006240234253522453,-0.0078589927286698,0.03240164663153604
34,3,DDoS_HTTP,-0.0025455140931989286,0.001026930113870117,0.0034982354943019997,0.0011487345514670788,0.0010929185756217291
34,3,DDoS_ICMP,-4.733932472732831e-05,-4.733932472732831e-05,4.598494169448797e-05,8.802289149491734e-06,-0.00017959552836547822
34,3,DDoS_TCP,-0.013785616241879755,-0.00531177447847657,-0.0006008658312152841,0.0025128671250210363,0.0007193209724105679
34,3,DDoS_UDP,0.0,0.0,0.0,0.0,0.0
34,3,Fingerprinting,-0.11746686978885121,-0.11746686978885121,-0.04631677232296427,-0.08805510508296885,-0.07513882746080887
34,3,MITM,0.0,0.0,0.0,0.0,0.0
34,3,Normal,-6.513172786849856e-05,-3.763761593014355e-05,-6.965457088631833e-05,-0.00017286052909970168,0.00034528444378466213
34,3,Password,0.0018455172939909105,0.0018332853207848794,0.0031350968241776237,-0.006726818848902984,-0.0006544564765752631
34,3,Port_Scanning,-0.15054032512861923,-0.05620488436831514,-0.003842520173963742,0.03490332698032231,0.010684402690575853
34,3,Ransomware,-0.003928038722842077,-0.0018588185862580542,0.00075762161620103,0.005155832028518538,-0.003661694813362796
34,3,SQL_injection,0.019810978322441216,0.002241338874130089,-0.005950774583551717,-0.004754163877087904,0.005284891432923864
34,3,Uploading,-0.009705022841637621,-0.005591402354052353,-0.0055863221573640475,0.011612140760193623,0.0001761028364349169
34,3,Vulnerability_scanner,-0.0032111464979248643,-0.0009959111148341285,0.0005391600069009091,0.004793838362091575,0.00044694079097420215
34,3,XSS,0.0,0.0,0.0,0.0,0.0
34,4,Backdoor,-0.007737777826128041,-0.0051101487095168464,-0.007134616771193743,-0.010025099406504591,0.031222162977838752
34,4,DDoS_HTTP,5.9311506553202015e-05,6.381800272996508e-05,0.0037520462210438015,-0.004613911198786552,0.003489767105323327
34,4,DDoS_ICMP,-0.00048216264425389547,-0.0005008344315929114,0.0006206319772963413,-0.0006137928438162558,-0.0003700141607231274
34,4,DDoS_TCP,-0.012249361629917802,-0.004211886616666534,-0.0012486257531344783,0.0025064635791764026,0.0007801970974227246
34,4,DDoS_UDP,0.00023578804166075792,0.0002626264742962884,-0.0008096502699104928,0.0004235190168204487,0.0002089496090252274
34,4,Fingerprinting,-0.1568082788671024,-0.15680827886710239,-0.06328976034858388,-0.10680827886710238,-0.10887799564270152
34,4,MITM,-0.09129679194899624,-0.044789656357544096,0.2838418530333551,-0.10964789151445989,-0.0914408465456883
34,4,Normal,-5.862515277009021e-05,-9.037088970662022e-05,0.00011360867214642763,-0.0002790189496239363,0.00033905774839831926
34,4,Password,0.0042599325097984865,0.003442102064953087,0.0028906130883571087,-0.009824119297983935,-0.00570139799495313
34,4,Port_Scanning,-0.14317907565228657,-0.04699174272924398,-0.01212204959661639,0.02920973913100636,0.009223286616357209
34,4,Ransomware,-0.00018892908468335173,-0.0041437884951167295,0.002328607962064814,0.0015373989766133004,-0.003277131723409991
34,4,SQL_injection,0.015233037449107985,0.004306486195450616,-0.0023391830328261002,-0.00599891924757345,0.0019130501444134219
34,4,Uploading,-0.006611056419177718,-0.005136236309426351,-0.003742730343179019,0.013846934022248887,0.0016430890495342007
34,4,Vulnerability_scanner,-0.006504212096453867,-0.003930717199352835,0.0015392882819968015,0.009897905669100768,-0.0006526598509572157
34,4,XSS,0.0,0.0,0.0,0.0,0.0
34,Aggregated,Backdoor,-0.008067009443925667,-0.006715450846066501,-0.004876404247714733,-0.0070988510351096675,0.031127818666207917
34,Aggregated,DDoS_HTTP,-0.0010726559895383042,0.000480227187140798,0.0037888146733629827,-0.0026148177111943636,0.002678595860139748
34,Aggregated,DDoS_ICMP,-0.00019118843256244836,-0.00017621734285738766,0.00013032535399296977,-0.00010915220484899087,-9.822347921707257e-05
34,Aggregated,DDoS_TCP,-0.013768069069643276,-0.004298514359358208,-0.0009407595314951889,0.0024611942981607794,0.0011146605794544796
34,Aggregated,DDoS_UDP,4.7232183287578465e-05,5.260125314991241e-05,-0.00016211104786998756,8.481013951764742e-05,4.1863113425244514e-05
34,Aggregated,Fingerprinting,-0.15485981250284056,-0.14477248940738763,-0.05761419121252746,-0.07265502031905638,-0.05930711965171285
34,Aggregated,MITM,-0.09129679194899616,-0.04478965635754406,0.28384185303335513,-0.10964789151445987,-0.09144084654568832
34,Aggregated,Normal,-4.447031275999584e-05,-3.3209317813163536e-05,-1.9640237699913855e-05,-0.00021723175607697432,0.00035850754212666446
34,Aggregated,Password,0.003332945270063074,0.003033871871711567,0.003455070602457804,-0.007627196045752329,-0.0019208824049443281
34,Aggregated,Port_Scanning,-0.15458332121657314,-0.046016254562305264,-0.00802130691460692,0.03244005328103082,0.012836889329765197
34,Aggregated,Ransomware,-0.002704584245029203,-0.0042245878035028885,0.0006595172763432781,0.0023224869112995466,-0.0031553193035937623
34,Aggregated,SQL_injection,0.017107307525907268,0.002108842566631669,-0.004308059159693674,-0.00461190426352624,0.004231987601615515
34,Aggregated,Uploading,-0.011129365224972203,-0.006765552767655796,-0.0036211381630617628,0.017364165196558135,0.0023987352789072176
34,Aggregated,Vulnerability_scanner,-0.005020563322883874,-0.003261379787102605,0.0007785399968065765,0.007568173234118468,-0.00010713448727532142
34,Aggregated,XSS,0.0,0.0,0.0,0.0,0.0
34,Centralized,Backdoor,-0.008067009443925667,-0.006715450846066501,-0.004876404247714733,-0.0070988510351096675,0.031127818666207917
34,Centralized,DDoS_HTTP,-0.0010726559895383042,0.000480227187140798,0.0037888146733629827,-0.0026148177111943636,0.002678595860139748
34,Centralized,DDoS_ICMP,-0.00019118843256244836,-0.00017621734285738766,0.00013032535399296977,-0.00010915220484899087,-9.822347921707257e-05
34,Centralized,DDoS_TCP,-0.013768069069643276,-0.004298514359358208,-0.0009407595314951889,0.0024611942981607794,0.0011146605794544796
34,Centralized,DDoS_UDP,4.7232183287578465e-05,5.260125314991241e-05,-0.00016211104786998756,8.481013951764742e-05,4.1863113425244514e-05
34,Centralized,Fingerprinting,-0.15485981250284056,-0.14477248940738763,-0.05761419121252746,-0.07265502031905638,-0.05930711965171285
34,Centralized,MITM,-0.09129679194899616,-0.04478965635754406,0.28384185303335513,-0.10964789151445987,-0.09144084654568832
34,Centralized,Normal,-4.447031275999584e-05,-3.3209317813163536e-05,-1.9640237699913855e-05,-0.00021723175607697432,0.00035850754212666446
34,Centralized,Password,0.003332945270063074,0.003033871871711567,0.003455070602457804,-0.007627196045752329,-0.0019208824049443281
34,Centralized,Port_Scanning,-0.15458332121657314,-0.046016254562305264,-0.00802130691460692,0.03244005328103082,0.012836889329765197
34,Centralized,Ransomware,-0.002704584245029203,-0.0042245878035028885,0.0006595172763432781,0.0023224869112995466,-0.0031553193035937623
34,Centralized,SQL_injection,0.017107307525907268,0.002108842566631669,-0.004308059159693674,-0.00461190426352624,0.004231987601615515
34,Centralized,Uploading,-0.011129365224972203,-0.006765552767655796,-0.0036211381630617628,0.017364165196558135,0.0023987352789072176
34,Centralized,Vulnerability_scanner,-0.005020563322883874,-0.003261379787102605,0.0007785399968065765,0.007568173234118468,-0.00010713448727532142
34,Centralized,XSS,0.0,0.0,0.0,0.0,0.0
35,0,Backdoor,0.016259983891567374,0.02258985625147433,-0.019454043433661063,-0.03048847144100251,0.009865403927971046
35,0,DDoS_HTTP,0.007317803527194298,-0.009539604013884033,0.0038348246165245754,0.0014026028363968047,-0.0043853641909450975
35,0,DDoS_ICMP,0.0002727132259756145,-0.00025030195116910737,0.0001786791035939613,0.00012375578164079045,-0.0003248461600412589
35,0,DDoS_TCP,0.0030511332439638384,0.01909123923302991,0.016042891694303667,-0.0033674128544484484,0.007302118020421396
35,0,DDoS_UDP,6.451612903226045e-05,6.451612903226045e-05,6.451612903226045e-05,6.451612903226045e-05,-0.0002580645161290418
35,0,Fingerprinting,0.13063549522373047,-0.17320688788335833,0.12043941679235794,0.020175465057817994,-0.098043489190548
35,0,MITM,0.0,0.0,0.0,0.0,0.0
35,0,Normal,0.00013299792989661662,0.00022624987167275308,-0.00014545176627961582,-0.0003156190498228406,0.00012647470206105237
35,0,Password,0.004142586301248192,-0.0019699360344242116,0.00911551022981279,0.005739445702513571,-0.007302496590319204
35,0,Port_Scanning,0.193312428444449,0.1213571814246738,0.1424085886063313,-0.08480626718151617,-0.0010075094964770229
35,0,Ransomware,0.0068704795819903,-0.008505451916903488,0.002076826982292416,0.0024165583065770897,-0.0028584129539563187
35,0,SQL_injection,-0.020607932145927314,0.015950596519022343,0.0077086956559030825,-0.013546854064280914,0.029718810057296565
35,0,Uploading,0.010824953605007622,-0.004371330455197358,0.010916495639649986,-0.013908250882133688,-0.009273554636699384
35,0,Vulnerability_scanner,0.008387932844159082,0.0024173366903126234,0.00869402958665237,-0.007774867106183997,-0.015996144612998437
35,0,XSS,0.0019875116248173246,-0.0004968779062043311,-0.0004968779062043311,-0.0004968779062043311,-0.0004968779062043311
35,1,Backdoor,0.013540934385297163,0.019744996159047692,-0.01571994452266802,-0.027500788898195922,0.006103385251997978
35,1,DDoS_HTTP,0.007885498892962839,-0.013374359967466064,0.0023384040294525776,0.001479226449323834,-0.004944879262850762
35,1,DDoS_ICMP,0.000333025476479365,-0.0003026351380420141,0.000200139715483294,0.0004461886312051614,-0.00022748464082794257
35,1,DDoS_TCP,0.003969461670340752,0.024161971521099456,0.013976174400845824,-0.0027918572366597044,0.007383122430202954
35,1,DDoS_UDP,5.372185109022339e-05,2.6866120077221705e-05,5.372185109022339e-05,2.6866120077221705e-05,-0.0001611759423348902
35,1,Fingerprinting,0.15525105285401597,-0.1891601830864551,0.19965145684521285,0.1617620830532022,-0.1052821874437537
35,1,MITM,0.0,0.0,0.0,0.0,0.0
35,1,Normal,0.00013702155876948451,0.00013178188781147367,-0.00015870217206860696,-0.0002031642228665235,7.083529236314722e-05
35,1,Password,0.004595711568533528,-0.00295491438201635,0.009214285304366762,0.004326259621547187,-0.011968103569634804
35,1,Port_Scanning,0.21832569913865985,0.1534233048641478,0.15074082159015717,-0.08948972589657983,-0.007376261203445145
35,1,Ransomware,0.0028859106805669997,-0.0061979600707936155,0.0017039737147760395,0.0008094866757106782,-0.0026944249723159157
35,1,SQL_injection,-0.023809732329152327,0.012116301569095855,0.007880526483955864,-0.009536743508239695,0.028324622759315254
35,1,Uploading,0.009083668631821416,-0.004358131153071226,0.011531948484401049,-0.02181420944585883,-0.008915771082893124
35,1,Vulnerability_scanner,0.008282513800796015,0.002866026061553841,0.0105606514494423,-0.009789614180009761,-0.017194193537215418
35,1,XSS,0.011056072914602736,-0.002764018228650684,-0.002764018228650684,-0.002764018228650684,-0.002764018228650684
35,2,Backdoor,0.014723805064602555,0.02583758883282493,-0.014765167239837078,-0.032799882897389,0.009690492997531693
35,2,DDoS_HTTP,0.006113963288729918,-0.005693422509427083,0.004561400807484908,-0.00030086230443219787,-0.0033667908858486086
35,2,DDoS_ICMP,0.0005209604858043133,-0.0002848901624821635,0.0003142199147333343,0.00014625421396670298,-0.00047177586726268226
35,2,DDoS_TCP,0.005473893186649783,0.01920211659454097,0.015349175814674232,-0.006260761945473207,0.006383642632622048
35,2,DDoS_UDP,0.00010215576906338527,7.530003805038358e-05,0.00010215576906338527,7.530003805038358e-05,-0.0003549116142275377
35,2,Fingerprinting,0.19978000326849424,-0.15886109159382805,0.15088411157848494,0.030238896227387277,-0.10439486065700894
35,2,MITM,0.0,0.0,0.0,0.0,0.0
35,2,Normal,0.00013188527722392726,0.00024620946191606746,-0.00014067051742339132,-0.000301209599348697,0.00011063475687779951
35,2,Password,0.008522704568029647,-0.002176184888628395,0.007637461835299003,0.0027268611664008928,-0.014106676014434522
35,2,Port_Scanning,0.21128420629531258,0.12185671449706215,0.14683463282687587,-0.11142364349018348,-0.015002102754273357
35,2,Ransomware,0.004173190081234178,-0.005179049221167161,0.0018632575828820442,0.0012831567976951377,-0.0021405552406441987
35,2,SQL_injection,-0.01921824342134072,0.014272411312132001,0.00247922582165807,-0.006436614589399409,0.02202392114112214
35,2,Uploading,0.010932134588738126,-0.004404473430282343,0.0027853608193853935,-0.01788535089213581,-0.008787713439283877
35,2,Vulnerability_scanner,0.009785576823467208,0.003743696401290286,0.01094754422583544,-0.010600652016610803,-0.016880834333433976
35,2,XSS,0.0013993594481399336,-0.0003498398620349834,-0.0003498398620349834,-0.0003498398620349834,-0.0003498398620349834
35,3,Backdoor,0.021360118126221274,0.02417260627229284,-0.02099178466205037,-0.035681508399192936,0.009952703165653111
35,3,DDoS_HTTP,0.004001094917581162,-0.006529399949925705,0.003708519198304794,7.050977496053842e-05,-0.005472028582982793
35,3,DDoS_ICMP,0.00021675037820487186,-0.00032542585530731527,0.00021642875207350531,0.00016140462380110723,-0.00026915789877216917
35,3,DDoS_TCP,0.005859658638905872,0.01718140075967841,0.01416654485936637,-0.005543076059905977,0.004442926794988811
35,3,DDoS_UDP,4.297955868502271e-05,4.297955868502271e-05,4.297955868502271e-05,1.612382767202103e-05,-0.00014506250372708918
35,3,Fingerprinting,0.1138573317520686,-0.19198707725023498,0.13477800951485158,0.042746220640957476,-0.09939448465764258
35,3,MITM,0.0,0.0,0.0,0.0,0.0
35,3,Normal,0.00014192564169530631,0.0002446588673351402,-0.00015359354739948315,-0.0003182211733890957,8.523021175813236e-05
35,3,Password,0.003759900488014661,0.0005056391111451425,0.004194447466502554,0.0007953545479089163,-0.006021299060379793
35,3,Port_Scanning,0.19377262282392332,0.11345192180450009,0.14318237405953646,-0.09943189619875469,-0.021829944768997953
35,3,Ransomware,0.004035540172402293,-0.006703693077197461,0.0025482992471698644,0.001969575038781907,-0.001849721381156603
35,3,SQL_injection,-0.028939527894615007,0.014320990252420422,0.002920675462507995,-0.006440322553888724,0.029548291349611514
35,3,Uploading,0.009115981337853138,-0.0026427755932718847,0.0035586727775644648,-0.008817082744816613,-0.0064388263178153235
35,3,Vulnerability_scanner,0.006543900785116891,0.002931205035330853,0.008204473846593112,-0.005678099763397243,-0.018166326337767894
35,3,XSS,0.0018634840871021776,-0.0004658710217755444,-0.0004658710217755444,-0.0004658710217755444,-0.0004658710217755444
35,4,Backdoor,0.02119118258476614,0.02150037561759134,-0.01901511561531845,-0.028873038020359676,0.006415832281367558
35,4,DDoS_HTTP,0.005240712708770879,-0.005950937854673438,0.0053471975311138766,0.002649434496606747,-0.004535375244954209
35,4,DDoS_ICMP,0.00030974756775135247,-0.0006612694223298132,0.0005904541481434859,-0.00021322621696082307,-0.0009225570314645641
35,4,DDoS_TCP,0.008096366464421469,0.019289229915147126,0.013964431947239534,-0.008564366568437877,0.0051465170922404746
35,4,DDoS_UDP,-3.7400982054044037e-05,0.0004183688529374156,1.6172259925005077e-05,0.0003915131219244139,0.000498348034268531
35,4,Fingerprinting,0.14690198310021524,-0.2156656834338889,0.1735875737244247,0.03298376624082192,-0.1378076396315729
35,4,MITM,-0.0677180419832537,-0.0677180419832537,0.3996715141292276,-0.06922463332035352,-0.0692246333203535
35,4,Normal,8.263272229334466e-05,0.00018023155149537082,8.253884002230409e-05,-0.0002563690873935709,4.4598004915981836e-05
35,4,Password,0.00228574986719395,0.003295003327760093,0.008805865410187368,-0.002055047484992238,-0.011709938297936168
35,4,Port_Scanning,0.20968586624176588,0.12850621601154558,0.14120920064627537,-0.11491952406306177,-0.010969592508722818
35,4,Ransomware,0.002445946739242581,-0.009621538246717297,0.0035419262001888776,0.000748166987698549,-0.0008158003817114716
35,4,SQL_injection,-0.015401169616308734,0.01805783291068296,0.005432905079145037,-0.01826795758777258,0.021671903904470977
35,4,Uploading,0.010095895546897226,-0.004127811227520436,0.006330227089734653,-0.015603425137202769,-0.00797991462011688
35,4,Vulnerability_scanner,0.012927065572920648,0.0039637615803069645,0.012362166960885991,-0.012401416811020248,-0.021931506401850907
35,4,XSS,0.0033648581383773023,-0.0008412145345943256,-0.0008412145345943256,-0.0008412145345943256,-0.0008412145345943256
35,Aggregated,Backdoor,0.017412819473305315,0.022756608899655126,-0.017999907563638395,-0.031068451096076397,0.008415938916743504
35,Aggregated,DDoS_HTTP,0.006115960409243182,-0.008196580288189448,0.003988873438086665,0.0010590333528295221,-0.004541110291071309
35,Aggregated,DDoS_ICMP,0.0003306217270699167,-0.00036498665163702443,0.0003000064613528826,0.00013277047033001996,-0.0004433131476165031
35,Aggregated,DDoS_TCP,0.005310520014557171,0.01977251047006425,0.014702740930639353,-0.005320409753667556,0.006118891238496512
35,Aggregated,DDoS_UDP,4.51644520249946e-05,0.00012567905652598465,5.5898441476657605e-05,0.00011493607205202983,-8.401247196369588e-05
35,Aggregated,Fingerprinting,0.15075015538022932,-0.18665038953905128,0.15716297679268712,0.06051894044410011,-0.1094925264514594
35,Aggregated,MITM,-0.0677180419832537,-0.0677180419832537,0.3996715141292277,-0.06922463332035352,-0.06922463332035352
35,Aggregated,Normal,0.00012532026063996244,0.00020585514095071514,-0.00010328365094779967,-0.0002789252390921796,8.756077379539021e-05
35,Aggregated,Password,0.004670097471069091,-0.0006738146325333751,0.00783227657751229,0.00233197061424139,-0.010249144450688936
35,Aggregated,Port_Scanning,0.20527630400749117,0.12789424118888745,0.14477573956902162,-0.0999730419461696,-0.011147117074539985
35,Aggregated,Ransomware,0.004093890245857088,-0.007264903222025345,0.002371410921586294,0.0015011327850998125,-0.002101759472338625
35,Aggregated,SQL_injection,-0.021593556711826833,0.014944033900034551,0.005301789139170959,-0.010844365225662463,0.026263325938071888
35,Aggregated,Uploading,0.01003799763548325,-0.003998204953676715,0.0070398750617862455,-0.01562562785386994,-0.008316378168275967
35,Aggregated,Vulnerability_scanner,0.00918724097817566,0.00318374506644476,0.01015250488177733,-0.009257773739009493,-0.018023986562237693
35,Aggregated,XSS,0.004001015486164,-0.001000253871541,-0.001000253871541,-0.001000253871541,-0.001000253871541
35,Centralized,Backdoor,0.017412819473305315,0.022756608899655126,-0.017999907563638395,-0.031068451096076397,0.008415938916743504
35,Centralized,DDoS_HTTP,0.006115960409243182,-0.008196580288189448,0.003988873438086665,0.0010590333528295221,-0.004541110291071309
35,Centralized,DDoS_ICMP,0.0003306217270699167,-0.00036498665163702443,0.0003000064613528826,0.00013277047033001996,-0.0004433131476165031
35,Centralized,DDoS_TCP,0.005310520014557171,0.01977251047006425,0.014702740930639353,-0.005320409753667556,0.006118891238496512
35,Centralized,DDoS_UDP,4.51644520249946e-05,0.00012567905652598465,5.5898441476657605e-05,0.00011493607205202983,-8.401247196369588e-05
35,Centralized,Fingerprinting,0.15075015538022932,-0.18665038953905128,0.15716297679268712,0.06051894044410011,-0.1094925264514594
35,Centralized,MITM,-0.0677180419832537,-0.0677180419832537,0.3996715141292277,-0.06922463332035352,-0.06922463332035352
35,Centralized,Normal,0.00012532026063996244,0.00020585514095071514,-0.00010328365094779967,-0.0002789252390921796,8.756077379539021e-05
35,Centralized,Password,0.004670097471069091,-0.0006738146325333751,0.00783227657751229,0.00233197061424139,-0.010249144450688936
35,Centralized,Port_Scanning,0.20527630400749117,0.12789424118888745,0.14477573956902162,-0.0999730419461696,-0.011147117074539985
35,Centralized,Ransomware,0.004093890245857088,-0.007264903222025345,0.002371410921586294,0.0015011327850998125,-0.002101759472338625
35,Centralized,SQL_injection,-0.021593556711826833,0.014944033900034551,0.005301789139170959,-0.010844365225662463,0.026263325938071888
35,Centralized,Uploading,0.01003799763548325,-0.003998204953676715,0.0070398750617862455,-0.01562562785386994,-0.008316378168275967
35,Centralized,Vulnerability_scanner,0.00918724097817566,0.00318374506644476,0.01015250488177733,-0.009257773739009493,-0.018023986562237693
35,Centralized,XSS,0.004001015486164,-0.001000253871541,-0.001000253871541,-0.001000253871541,-0.001000253871541
36,0,Backdoor,-0.0034523040831425916,-0.01939854712257987,0.00036811887777781583,0.02259422964217656,-0.0001893761772005213
36,0,DDoS_HTTP,0.005273942852626627,0.003674369720074359,-0.0038174547487187277,-0.008455035489838681,0.005393119402158323
36,0,DDoS_ICMP,-4.4728655799414206e-05,-0.0002878486912419098,0.00012359475190900637,0.0002161821658908325,-7.199570758514851e-06
36,0,DDoS_TCP,0.01695575180128645,-0.016700521817560106,-0.0010412364481185653,-0.007954309643636243,-0.012054035648227173
36,0,DDoS_UDP,0.0,0.0,0.0,0.0,0.0
36,0,Fingerprinting,-0.03002053559329101,-0.15976483097226118,0.055895383139965185,0.15513858919431675,-0.021248605768729608
36,0,MITM,0.0,0.0,0.0,0.0,0.0
36,0,Normal,-7.690612014073691e-06,1.7470746711332568e-05,-0.00011553025513282485,5.676701749561993e-05,2.6731518966214656e-05
36,0,Password,0.0012781432027875387,0.0036195955866624692,-0.00798026042413742,-0.0015496377046991716,-0.0037574412949246587
36,0,Port_Scanning,0.13180248446569773,-0.12731924401981096,-0.001656787564005635,-0.05716429723459967,-0.104294653315679
36,0,Ransomware,0.004977793612259846,0.0007142126844910872,0.0009315734402168929,0.0013720620096259204,-0.004614407596128872
36,0,SQL_injection,-0.000357376616123044,0.006123826817308304,-0.03140113952599591,0.021579563270310742,-0.028126116699236803
36,0,Uploading,0.021718302020958653,0.020940470529598458,-0.02441229776738948,-0.004423715128210176,0.005853417063472833
36,0,Vulnerability_scanner,0.007433567749818204,0.006565603788259622,-0.008408851815382245,0.0028446154239103036,-0.0006022602368184342
36,0,XSS,0.0,0.0,0.0,0.0,0.0
36,1,Backdoor,-0.0039586731125388856,-0.01772788622438775,-0.0001624578255784474,0.01907594475716439,-9.679253348976828e-05
36,1,DDoS_HTTP,0.0069622943308140315,0.0006204731850353612,-0.0037474718102450373,-0.010471492946806948,0.010395164242637329
36,1,DDoS_ICMP,-7.079560084083206e-05,-0.000501594089737395,0.00036011253039653913,0.00026430827181297224,-5.203111163128438e-05
36,1,DDoS_TCP,0.018569932122971897,-0.018435543991080456,-0.0034271478219788857,-0.009239853961532929,-0.012309301434197078
36,1,DDoS_UDP,0.0,0.0,0.0,0.0,0.0
36,1,Fingerprinting,-0.05284179700588368,-0.23496213051940587,0.1199636382995516,0.21602993297265727,-0.04818964374691928
36,1,MITM,0.0,0.0,0.0,0.0,0.0
36,1,Normal,6.01193455467645e-06,-7.935244639659851e-05,-6.998169784773745e-05,4.5489041507151826e-05,2.8731920312767092e-05
36,1,Password,0.005627617102959634,0.0029819929492311595,-0.007729225625542779,-0.0011935708713700108,-0.0003160727699089511
36,1,Port_Scanning,0.15798070352726684,-0.14710358066071164,-0.021025631905782088,-0.06962267965351644,-0.10955940638818194
36,1,Ransomware,0.00262460285171755,-0.001972345612209077,0.0008427703866731751,0.0011480743461146433,0.0008499119997595229
36,1,SQL_injection,-0.007604436259149625,-0.0035110098645242923,-0.03147040760302803,0.021901940412387463,-0.018808730013945306
36,1,Uploading,0.02046244551339017,0.022569411912295785,-0.02405401208045856,0.0012083344375595731,0.008520405552704108
36,1,Vulnerability_scanner,0.00842801876656114,0.007472908321450389,-0.013225199939029982,0.003977257330950829,0.002304504874075819
36,1,XSS,0.001775664026570482,-0.0003923148401030932,-0.00041821352444992805,-0.0003923148401030932,-0.0005728208219143677
36,2,Backdoor,-0.0032056426295676566,-0.015007510876219784,-0.001335991528656738,0.021124340810015085,-0.0018698600849231157
36,2,DDoS_HTTP,0.004992439546825917,0.00036470558307892255,-0.005895985924526886,-0.007115450519467619,0.004793060985048155
36,2,DDoS_ICMP,-3.7106766440788325e-05,-0.00024322061106424135,0.00011269633371108387,0.0002047462570034723,-3.711521320952649e-05
36,2,DDoS_TCP,0.0177983315470937,-0.014838413106314141,-0.003028791301026958,-0.008463856729640656,-0.012429018578655627
36,2,DDoS_UDP,0.0,0.0,0.0,0.0,0.0
36,2,Fingerprinting,-0.042152054181416,-0.14036326849170144,0.037468975517013066,0.18628107534279498,-0.041234728186690627
36,2,MITM,0.0,0.0,0.0,0.0,0.0
36,2,Normal,6.359209742123895e-07,-2.2176251587420943e-05,-0.00010069211439003856,9.874936745480715e-05,1.2836422397614438e-06
36,2,Password,0.0035836541223809213,0.004789835684688483,-0.009418707491274199,-0.000562681298909358,-0.0030150015336817162
36,2,Port_Scanning,0.14440495925181066,-0.1202833460354327,-0.016790200838210794,-0.06528253745310943,-0.1080454001174133
36,2,Ransomware,0.005598123840942857,-0.010032314999321534,0.0007223677263193895,0.0015694421924805487,0.002142381239578739
36,2,SQL_injection,0.002252873455394193,0.0020611576792239016,-0.022430296187087084,0.020684577742272187,-0.017887465581548953
36,2,Uploading,0.02114667723138126,0.02533212567223064,-0.02710822991860714,-0.002299500704724617,0.007423531214828155
36,2,Vulnerability_scanner,0.012161206689695777,0.011446434729146412,-0.011892116158489391,0.0017458196335886503,4.245101565382529e-05
36,2,XSS,-0.006029432400169335,0.001549572539241698,0.001549572539241698,0.001549572539241698,0.0013807147824442408
36,3,Backdoor,-0.0016374099132199986,-0.018813507538131807,-0.0017173519098104015,0.02026301799017777,-0.0023603145044885756
36,3,DDoS_HTTP,0.0041301017266867175,0.0021266527554608997,-0.004378262069087323,-0.004193850004278748,0.004428966007937213
36,3,DDoS_ICMP,2.6923334168390174e-07,-0.0003179508620574941,0.0001686938523183412,0.00014871854305578507,2.6923334168390174e-07
36,3,DDoS_TCP,0.01583727326265154,-0.012528900068605749,-0.0019147634432957288,-0.007340563729817414,-0.009950464559238925
36,3,DDoS_UDP,0.0,0.0,0.0,0.0,0.0
36,3,Fingerprinting,-0.017295764664185715,-0.1732411837674994,0.06834130781499201,0.13949140528087897,-0.017295764664185715
36,3,MITM,0.0,0.0,0.0,0.0,0.0
36,3,Normal,-1.658747949838853e-05,-5.7323836602507505e-06,-8.900159590282304e-05,0.00010088847808401025,1.043298097745208e-05
36,3,Password,0.0021489763141112153,0.004197438167202415,-0.006210637775977537,-0.0009382211170602464,-0.002995964076339493
36,3,Port_Scanning,0.12829194553652742,-0.10320453691690533,-0.009353358348560563,-0.0581106282677387,-0.0872586958019614
36,3,Ransomware,0.004425185611229354,-0.00032502453444184786,-0.0008781560121193595,0.002334668164191378,-0.0020215747511161657
36,3,SQL_injection,-0.00019599028813093052,0.0012988488127904645,-0.027053327705618843,0.02495349487638533,-0.021467299601601358
36,3,Uploading,0.01359881993407036,0.014268333079672988,-0.01816003728478334,0.0010340082817536904,0.004655050504733415
36,3,Vulnerability_scanner,0.00648687242936273,0.003671604575834416,-0.005562017980083106,0.0048115477619637545,-0.0006085096154876734
36,3,XSS,0.0019925767237943407,-0.0004824022408219303,-0.0005003930295381073,-0.0004824022408219303,-0.0005273792126123728
36,4,Backdoor,-0.0024706080379970686,-0.018759728952349453,-0.0006499713787307275,0.0210804537006265,0.0007998546684507408
36,4,DDoS_HTTP,0.004312300596309763,-0.00047386299968669353,-0.0029598289673745466,-0.005999890971529946,0.004403293316176885
36,4,DDoS_ICMP,0.00031408434791541464,-0.0005835489495765419,0.0009503972804235224,0.0003317722850738928,-0.00011585400897592598
36,4,DDoS_TCP,0.01709978796998266,-0.014014745664901145,-0.0020402297456083964,-0.008413180436492891,-0.010568089658608448
36,4,DDoS_UDP,-0.0006432935635671266,5.353881198203828e-05,-0.0006432935635671266,-2.6976485924553224e-05,-2.6976485924553224e-05
36,4,Fingerprinting,-0.03699702612054486,-0.23566198918179249,0.10801400573259226,0.20072307161343136,-0.03607806204368605
36,4,MITM,-0.09252170938785036,-0.08942453555896922,0.3425335716954113,-0.11096069776444513,-0.09698141995713914
36,4,Normal,-6.42346679454305e-05,-9.93598396000069e-05,5.097615964598605e-05,2.4160213731376038e-05,-6.34066902042522e-07
36,4,Password,8.788265698954333e-05,0.0010856674410795214,-0.004500210746923955,-0.0021330901010719145,0.0011143429768613923
36,4,Port_Scanning,0.14977055961289457,-0.11713848729949941,-0.010183222139221126,-0.06945514424643594,-0.09725177799822786
36,4,Ransomware,0.006050130451614543,-0.007413196737958672,0.005114231339763701,0.0010830976792048233,0.0026108783332063215
36,4,SQL_injection,0.0014771320838574168,0.004457546863216204,-0.02478644229782637,0.01976268034287431,-0.020115508270741884
36,4,Uploading,0.014235936219283847,0.013899909475582974,-0.020937706242841147,-0.0014225452009016468,0.006562974684303555
36,4,Vulnerability_scanner,0.011680869831167617,0.01219336807665926,-0.011893429594776074,0.0013581565565311518,0.00038979034374355125
36,4,XSS,-0.0010228573877795939,-0.0008682500903151542,-0.0008682500903151542,-0.0008682500903151542,0.0036276076587250564
36,Aggregated,Backdoor,-0.0029392525924564,-0.01795060266711434,-0.0007085900829107779,0.0208395245511731,-0.000728652363575701
36,Aggregated,DDoS_HTTP,0.00510168373598831,0.0013023971586564903,-0.0041547885097876,-0.007229674643228671,0.005843425279930514
36,Aggregated,DDoS_ICMP,3.244528723906163e-05,-0.00038683823770488033,0.0003432080386679174,0.000233173241441198,-4.235950768153307e-05
36,Aggregated,DDoS_TCP,0.017257619038790913,-0.015294172218356347,-0.002293412986235884,-0.008282678465727713,-0.011459332801026583
36,Aggregated,DDoS_UDP,-0.00012882447584858236,1.0732606918399204e-05,-0.00012882447584858236,-5.374602668602642e-06,-5.374602668602642e-06
36,Aggregated,Fingerprinting,-0.036853824599809785,-0.1907814874951547,0.08026363107186181,0.18089323615641184,-0.03352155513330931
36,Aggregated,MITM,-0.09252170938785037,-0.08942453555896927,0.3425335716954113,-0.1109606977644452,-0.09698141995713912
36,Aggregated,Normal,-1.6350361118235474e-05,-3.7802870063376646e-05,-6.49033758048645e-05,6.527126438735098e-05,1.3299380877999459e-05
36,Aggregated,Password,0.0025536710952443176,0.0033381619779958406,-0.0071701070269202805,-0.0012742744105801406,-0.0017939304271091673
36,Aggregated,Port_Scanning,0.1424271001558674,-0.12321242925397778,-0.01181671904583152,-0.06395898052273057,-0.10133029061440953
36,Aggregated,Ransomware,0.0047440713391239476,-0.003748148153228679,0.0012768006734331907,0.0015047082376125694,-0.0002642983816669645
36,Aggregated,SQL_injection,-0.0008930993585834569,0.002095459024401591,-0.02744685498681847,0.02175700169335899,-0.02129769091249589
36,Aggregated,Uploading,0.018280638031339426,0.019373603335085542,-0.02294855754894215,-0.0012354697120515892,0.006591359962897826
36,Aggregated,Vulnerability_scanner,0.00923678020998672,0.008273844513490287,-0.010203426259216223,0.0029459240731239842,0.0003111761278011623
36,Aggregated,XSS,-0.0006743988444817807,-4.391756445255706e-05,-5.7044372447394646e-05,-4.391756445255706e-05,0.0008192783458342895
36,Centralized,Backdoor,-0.0029392525924564,-0.01795060266711434,-0.0007085900829107779,0.0208395245511731,-0.000728652363575701
36,Centralized,DDoS_HTTP,0.00510168373598831,0.0013023971586564903,-0.0041547885097876,-0.007229674643228671,0.005843425279930514
36,Centralized,DDoS_ICMP,3.244528723906163e-05,-0.00038683823770488033,0.0003432080386679174,0.000233173241441198,-4.235950768153307e-05
36,Centralized,DDoS_TCP,0.017257619038790913,-0.015294172218356347,-0.002293412986235884,-0.008282678465727713,-0.011459332801026583
36,Centralized,DDoS_UDP,-0.00012882447584858236,1.0732606918399204e-05,-0.00012882447584858236,-5.374602668602642e-06,-5.374602668602642e-06
36,Centralized,Fingerprinting,-0.036853824599809785,-0.1907814874951547,0.08026363107186181,0.18089323615641184,-0.03352155513330931
36,Centralized,MITM,-0.09252170938785037,-0.08942453555896927,0.3425335716954113,-0.1109606977644452,-0.09698141995713912
36,Centralized,Normal,-1.6350361118235474e-05,-3.7802870063376646e-05,-6.49033758048645e-05,6.527126438735098e-05,1.3299380877999459e-05
36,Centralized,Password,0.0025536710952443176,0.0033381619779958406,-0.0071701070269202805,-0.0012742744105801406,-0.0017939304271091673
36,Centralized,Port_Scanning,0.1424271001558674,-0.12321242925397778,-0.01181671904583152,-0.06395898052273057,-0.10133029061440953
36,Centralized,Ransomware,0.0047440713391239476,-0.003748148153228679,0.0012768006734331907,0.0015047082376125694,-0.0002642983816669645
36,Centralized,SQL_injection,-0.0008930993585834569,0.002095459024401591,-0.02744685498681847,0.02175700169335899,-0.02129769091249589
36,Centralized,Uploading,0.018280638031339426,0.019373603335085542,-0.02294855754894215,-0.0012354697120515892,0.006591359962897826
36,Centralized,Vulnerability_scanner,0.00923678020998672,0.008273844513490287,-0.010203426259216223,0.0029459240731239842,0.0003111761278011623
36,Centralized,XSS,-0.0006743988444817807,-4.391756445255706e-05,-5.7044372447394646e-05,-4.391756445255706e-05,0.0008192783458342895
37,0,Backdoor,0.014664042296760884,-0.014647408183181792,-0.022533792818091633,0.018697702922462534,0.006356498741222803
37,0,DDoS_HTTP,-0.006850037511166594,0.0043620345777767855,0.004421873148769452,-0.0025449279167685523,-0.0014578840349129911
37,0,DDoS_ICMP,0.0001982352694501847,-4.469814848990598e-05,0.00045918714504228353,-0.0004744479968276834,8.618912132093055e-05
37,0,DDoS_TCP,-0.007341770626766891,0.005002725834184961,0.007447957115750816,0.01808080966705364,0.0110852252084277
37,0,DDoS_UDP,0.0,0.0,0.0,0.0,0.0
37,0,Fingerprinting,0.10388258038258039,-0.030074860143487595,0.27366938399291324,-0.2681027636125674,0.038272718204090755
37,0,MITM,0.0,0.0,0.0,0.0,0.0
37,0,Normal,0.0001348797971695089,-7.493493303987741e-05,-0.00021223157855197462,0.0001231695595901287,2.9117154832214442e-05
37,0,Password,-0.0012599685185576022,0.005910502890538144,-0.0013314547677825649,-0.002035947800034818,-0.0029311344784068577
37,0,Port_Scanning,-0.07757853691863872,0.1542427451177239,0.028163090520433046,0.09090173788557039,0.04745925666841265
37,0,Ransomware,-0.00859987846905718,-0.002899229906007496,0.0033431665197034164,0.0011632114985696254,0.0036114962063267604
37,0,SQL_injection,0.007273099873576735,-0.006913349203701325,0.010447825727913033,0.0055085163499500435,0.021409635841569574
37,0,Uploading,-0.013342559188253132,-0.0069747899758428175,0.020397202581267055,0.003972475417975832,0.004703994206890378
37,0,Vulnerability_scanner,-0.0019135779314986613,0.0013994055524355195,0.005806737597881726,-0.0003895785307178656,-0.0012079045222806784
37,0,XSS,-0.0020509499136442144,0.0005127374784110536,0.0005127374784110536,0.0005127374784110536,0.0005127374784110536
37,1,Backdoor,0.014316393869565241,-0.013905536722204804,-0.01753795386557746,0.0125747690637063,0.005992779094962186
37,1,DDoS_HTTP,-0.00428463166538785,0.0050271684304451945,0.004690559033477244,-0.0050736959665901304,-0.00035939983194445597
37,1,DDoS_ICMP,0.00014588159525549075,-0.0001528950318067823,0.00020048807487689225,-0.0004335685067504036,0.00024009386842480291
37,1,DDoS_TCP,-0.006876072303887659,0.00870887531842058,0.006847477486074007,0.020293713542232802,0.014505572275339568
37,1,DDoS_UDP,0.0,0.0,0.0,0.0,0.0
37,1,Fingerprinting,0.07764395399702748,-0.09655057752509028,0.18315742201049545,-0.2425120033778203,0.0782612048953878
37,1,MITM,0.0,0.0,0.0,0.0,0.0
37,1,Normal,9.906549072445555e-05,-5.691164445022305e-05,-0.00013534913370220983,8.980238082263633e-05,2.8041968159423872e-05
37,1,Password,0.0001476107674914226,0.004389424444353931,-0.004512042015857872,-0.0037836787594458052,-0.0001743323230479409
37,1,Port_Scanning,-0.0749741097351741,0.16681438301550358,0.0287101140838701,0.10999217693115777,0.0723148373257994
37,1,Ransomware,-7.326623167523046e-05,-0.002412335810662569,0.0011052274563776463,0.0011194469181477966,0.003796026145555716
37,1,SQL_injection,0.007924126840945003,-0.004409798649444905,0.012147200993890729,0.00499652626617723,0.018834587876691716
37,1,Uploading,-0.01098417649238988,-0.003959447703314797,0.01919377682713461,0.00019378672789789424,0.0016231301986766708
37,1,Vulnerability_scanner,-0.001957552779003478,0.0012175457179451213,0.007903219954232762,-0.0014194453319131403,-0.0004336557842281541
37,1,XSS,-0.0019884877027734173,0.0004971219256933543,0.0004971219256933543,0.0004971219256933543,0.0004971219256933543
37,2,Backdoor,0.01581425520783439,-0.015433988540150755,-0.02193605694130137,0.01515167627747509,0.005205700755951868
37,2,DDoS_HTTP,-0.0017558853728258743,0.0015298002121578132,0.0031941013358702955,-0.0019836737794837783,0.0018768879333230524
37,2,DDoS_ICMP,0.0001234466345977699,6.833071650620045e-05,0.0001027474472269252,-0.00041869969148172016,0.00012417489315082463
37,2,DDoS_TCP,-0.008367566494091072,0.007458282716339252,0.0073073994656803025,0.019872429850456442,0.012040887057353856
37,2,DDoS_UDP,0.0,0.0,0.0,0.0,0.0
37,2,Fingerprinting,0.08145694587885256,-0.028523229766284706,0.1915930542952326,-0.2642399616466996,0.019713191238898982
37,2,MITM,0.0,0.0,0.0,0.0,0.0
37,2,Normal,0.00011748790046321455,-6.244937191648795e-05,-0.00018086502513870635,0.00011627267926238027,5.640209916880634e-05
37,2,Password,0.0003383705088943719,0.004926568069899371,-0.0018889081850147612,-0.001726595643780766,3.065584048646819e-05
37,2,Port_Scanning,-0.08400575496078948,0.16525834502452477,0.031035938336433574,0.10594072291064319,0.05784918006173682
37,2,Ransomware,-0.0013203072113675254,-0.00245902356747519,0.0003985099299270452,0.0006831890189539613,0.002697631829961709
37,2,SQL_injection,0.004848827730746804,-0.009953224575933265,0.007003840470678891,0.0008712328276714906,0.017970126071319818
37,2,Uploading,-0.013839030429189712,-0.0034334788109418916,0.012875179176782431,-0.002478350828937146,-0.001765613463293709
37,2,Vulnerability_scanner,-0.0026201109087584107,-0.0006226155481352987,0.008721661628500696,-0.003219692238937958,-0.0007743829481087575
37,2,XSS,-0.005905205905205907,0.0014763014763014767,0.0014763014763014767,0.0014763014763014767,0.0014763014763014767
37,3,Backdoor,0.016791676267925746,-0.01579138473399937,-0.02244164925222365,0.018874910075386952,0.006832013518383316
37,3,DDoS_HTTP,-0.004045113062323221,0.004922259373720924,0.0023610550483544952,-0.0010916027733714306,0.0006545218617984923
37,3,DDoS_ICMP,0.00017582234895555104,-0.00016062914475890402,0.00023032041276599413,-0.00038428904694125704,0.00013877542997861592
37,3,DDoS_TCP,-0.007352837587714053,0.007819253409826562,0.005859333035190309,0.01731263533640141,0.008808078519107617
37,3,DDoS_UDP,0.0,0.0,0.0,0.0,0.0
37,3,Fingerprinting,0.09749650995087099,-0.10051936306500199,0.22293203340870676,-0.27112435719940786,0.05121517690483208
37,3,MITM,0.0,0.0,0.0,0.0,0.0
37,3,Normal,0.00014257031356587624,-8.741723504722872e-05,-0.00020356096507032073,0.00016003867542130346,3.5181307376055036e-05
37,3,Password,0.003404373487351691,0.0039921213301068815,-0.00147143764983663,-0.0042284074540169395,-0.00028008368215015573
37,3,Port_Scanning,-0.07901374937538604,0.16562908651778116,0.023550373655160647,0.09228491377014206,0.0387022221131431
37,3,Ransomware,-0.0005999393577367655,-0.0050159385291510036,0.0020621606846028206,0.0020656677267434495,0.005065997631802945
37,3,SQL_injection,0.010156634539618818,-0.007547858056745599,0.0031701711179701153,-0.0007346136780351721,0.02041395195941514
37,3,Uploading,-0.008072233612954003,-0.0014479045093833247,0.0061465807267633175,0.001122793973020647,0.0014353445937913174
37,3,Vulnerability_scanner,-0.0006136938258812397,0.0004061128542252342,0.0034936578299198124,-0.0013065493095761862,-0.00158948457217305
37,3,XSS,0.0,0.0,0.0,0.0,0.0
37,4,Backdoor,0.014958919921458735,-0.01545300746622994,-0.02509303905446591,0.016241278282668307,0.006678778693207408
37,4,DDoS_HTTP,-0.002484598675935042,0.0032891547279388107,0.0007670665280819518,-0.001297255065236691,-0.00027436751484902954
37,4,DDoS_ICMP,-5.018404607707305e-05,-0.00045987817595795436,0.0012601964409404457,-0.0003839279368155905,-0.00014174116523568331
37,4,DDoS_TCP,-0.009720014396525287,0.009662604510702192,0.00642359494369553,0.017306952023855165,0.00930441028227957
37,4,DDoS_UDP,0.00025191175924028274,0.00035926548978240473,-0.0008471343909575176,-0.00015007775383859371,0.00038603489577342386
37,4,Fingerprinting,0.14731520228424247,-0.06990578717616901,0.2589523215194009,-0.2780784309525278,0.059363753148582867
37,4,MITM,-0.08683742530269127,-0.0004870388452069468,0.3310602543513244,-0.11193717273724753,-0.13179861746617894
37,4,Normal,8.975949629924095e-05,-9.517836645479006e-05,-1.748042827173409e-05,5.695180219393488e-05,-3.40525037666517e-05
37,4,Password,0.0014391918166974439,0.006633536495159565,-0.0032275433726810607,-0.0029716588526976016,-0.002486165605556322
37,4,Port_Scanning,-0.09341118823082438,0.17947013900774877,0.02839308792984484,0.09349684630295645,0.044241404026547054
37,4,Ransomware,-0.0014584966143132408,-0.006986583566751209,0.0013388093331972366,-0.0008134285853364676,0.0041758570686717235
37,4,SQL_injection,0.007520733599402542,-0.007743154656827363,0.004639329835541305,0.005246149514444899,0.017690627035653984
37,4,Uploading,-0.008891721711303207,-0.004712045642597915,0.01571977984506091,-0.0006143062046793194,0.000967839671437568
37,4,Vulnerability_scanner,-0.003494425499124239,0.0026865803069759647,0.009053939325541474,-0.0018907703544383833,-0.0028653802253003086
37,4,XSS,-0.003997475278771302,0.0009993688196928256,0.0009993688196928256,0.0009993688196928256,0.0009993688196928256
37,Aggregated,Backdoor,0.01530245757835389,-0.015050890434646035,-0.021929440563725332,0.01631390731685006,0.006230455175379622
37,Aggregated,DDoS_HTTP,-0.003895447964742519,0.0038317571823774737,0.003065233127680685,-0.0023729853607417878,6.979145444254246e-05
37,Aggregated,DDoS_ICMP,0.0001186715799429546,-0.0001500119276127661,0.0004507636417362904,-0.00041902051349080314,8.943589582598998e-05
37,Aggregated,DDoS_TCP,-0.007936569047605292,0.0077416319675668145,0.0067772319618138645,0.018569707687868618,0.011135032979246569
37,Aggregated,DDoS_UDP,5.045445472493711e-05,7.19307341742729e-05,-0.00016962414975416247,-3.005807677852005e-05,7.729703763347251e-05
37,Aggregated,Fingerprinting,0.10131719538487874,-0.06599319633381551,0.22483401042563206,-0.26444611948083857,0.04964601220116667
37,Aggregated,MITM,-0.08683742530269128,-0.0004870388452069459,0.3310602543513243,-0.11193717273724743,-0.13179861746617894
37,Aggregated,Normal,0.00011676636379796731,-7.537639939416881e-05,-0.0001499791220604359,0.00010929666948312952,2.2971118319026208e-05
37,Aggregated,Password,0.0008012184791679533,0.0052070344978125,-0.002509139983360832,-0.0029434946046921406,-0.0011924146399432136
37,Aggregated,Port_Scanning,-0.08171798819323632,0.166193997751265,0.027951919923225505,0.0986144648662489,0.052381112540351264
37,Aggregated,Ransomware,-0.002476446405320887,-0.003932272144118764,0.0016653805215495329,0.0008658598351844219,0.0038774781927056966
37,Aggregated,SQL_injection,0.0075497893539234065,-0.007314154567893651,0.007500090310863714,0.003203556952720521,0.019273483329694037
37,Aggregated,Uploading,-0.011051868978970461,-0.004170126443389662,0.014974798584224363,0.0004306122441666273,0.001402542657560093
37,Aggregated,Vulnerability_scanner,-0.002118131971399826,0.0010204633621108221,0.006993469797519913,-0.0016469446714768854,-0.0013747166237990938
37,Aggregated,XSS,-0.002818393727484636,0.000704598431871159,0.000704598431871159,0.000704598431871159,0.000704598431871159
37,Centralized,Backdoor,0.01530245757835389,-0.015050890434646035,-0.021929440563725332,0.01631390731685006,0.006230455175379622
37,Centralized,DDoS_HTTP,-0.003895447964742519,0.0038317571823774737,0.003065233127680685,-0.0023729853607417878,6.979145444254246e-05
37,Centralized,DDoS_ICMP,0.0001186715799429546,-0.0001500119276127661,0.0004507636417362904,-0.00041902051349080314,8.943589582598998e-05
37,Centralized,DDoS_TCP,-0.007936569047605292,0.0077416319675668145,0.0067772319618138645,0.018569707687868618,0.011135032979246569
37,Centralized,DDoS_UDP,5.045445472493711e-05,7.19307341742729e-05,-0.00016962414975416247,-3.005807677852005e-05,7.729703763347251e-05
37,Centralized,Fingerprinting,0.10131719538487874,-0.06599319633381551,0.22483401042563206,-0.26444611948083857,0.04964601220116667
37,Centralized,MITM,-0.08683742530269128,-0.0004870388452069459,0.3310602543513243,-0.11193717273724743,-0.13179861746617894
37,Centralized,Normal,0.00011676636379796731,-7.537639939416881e-05,-0.0001499791220604359,0.00010929666948312952,2.2971118319026208e-05
37,Centralized,Password,0.0008012184791679533,0.0052070344978125,-0.002509139983360832,-0.0029434946046921406,-0.0011924146399432136
37,Centralized,Port_Scanning,-0.08171798819323632,0.166193997751265,0.027951919923225505,0.0986144648662489,0.052381112540351264
37,Centralized,Ransomware,-0.002476446405320887,-0.003932272144118764,0.0016653805215495329,0.0008658598351844219,0.0038774781927056966
37,Centralized,SQL_injection,0.0075497893539234065,-0.007314154567893651,0.007500090310863714,0.003203556952720521,0.019273483329694037
37,Centralized,Uploading,-0.011051868978970461,-0.004170126443389662,0.014974798584224363,0.0004306122441666273,0.001402542657560093
37,Centralized,Vulnerability_scanner,-0.002118131971399826,0.0010204633621108221,0.006993469797519913,-0.0016469446714768854,-0.0013747166237990938
37,Centralized,XSS,-0.002818393727484636,0.000704598431871159,0.000704598431871159,0.000704598431871159,0.000704598431871159
38,0,Backdoor,-0.01145104233100621,-0.0076018896473972015,0.00867637926209581,0.013874454196909787,-0.004729794773155549
38,0,DDoS_HTTP,0.008527118721163502,0.0011163224402609083,0.0005002639014519823,0.0029403957042502113,0.008646333162240082
38,0,DDoS_ICMP,-0.0002017934652741101,-5.220087191358802e-05,0.00026498661062332636,-0.00016457679739061425,-7.088086654082338e-05
38,0,DDoS_TCP,-0.022039040130100118,-0.0005591647947809678,0.018752795871896107,-0.02626596451690811,0.018364333879305608
38,0,DDoS_UDP,0.0,0.0,0.0,0.0,0.0
38,0,Fingerprinting,-0.11643548342296486,-0.03738217382045623,0.1645687820004686,-0.07982844294595541,-0.04856974063462149
38,0,MITM,0.0,0.0,0.0,0.0,0.0
38,0,Normal,-0.0001412209894989728,-4.917974492234893e-05,0.00010770548292331484,0.00016789107245559858,-9.757539267981248e-07
38,0,Password,0.006260934184153839,0.0013967429231777114,-0.0016898192251296952,-0.0012586549876351827,-0.002118529319437129
38,0,Port_Scanning,-0.20459296371620897,0.140228428045721,0.1006894830971413,-0.21406939534273278,0.10476774478080614
38,0,Ransomware,-0.00039932447371845796,-0.007067696878471778,0.008461820160871929,0.0032147690213888895,0.01310894855035944
38,0,SQL_injection,0.013472908590397807,-0.04713776852057002,0.004136967727881256,-0.001462186259914755,0.0038407571952374015
38,0,Uploading,0.013908730423935096,-0.020223840583815243,0.010928516182980878,0.012225565659940289,0.007310688180904549
38,0,Vulnerability_scanner,0.00251075238188236,-0.008171963879071101,0.004415476368638525,0.004560712545634038,0.0015127657164301514
38,0,XSS,0.0,0.0,0.0,0.0,0.0
38,1,Backdoor,-0.0070861707880805775,-0.005931692777336426,0.006314297508915728,0.0077433330494921125,-0.001270387436377235
38,1,DDoS_HTTP,0.00791028412155879,0.0008540669703043448,-0.002933534278358391,0.0010761083029707593,0.006180893580408356
38,1,DDoS_ICMP,-0.00038171062435389443,6.779348491771456e-05,0.00042207509668317026,-2.5995324309953845e-05,-8.216263293703655e-05
38,1,DDoS_TCP,-0.023908722375883935,0.0005689393326625251,0.019762058233917867,-0.0291334842298717,0.02038550355537895
38,1,DDoS_UDP,0.0,0.0,0.0,0.0,0.0
38,1,Fingerprinting,-0.18737617067028822,0.009169114110290573,0.24678448349036558,-0.01940231446113799,-0.049175112469230106
38,1,MITM,0.0,0.0,0.0,0.0,0.0
38,1,Normal,-7.741114256081261e-05,-4.601168566262063e-05,5.7591890463755864e-05,0.0001002549685632718,2.9835220851391155e-05
38,1,Password,0.0056591822717325345,0.002310827045528073,-0.0024302729818441848,0.00016181106262560345,-0.0007601473346907435
38,1,Port_Scanning,-0.22018634252635982,0.15691534065662424,0.10870654754936841,-0.23858589848720851,0.12425772353603694
38,1,Ransomware,-0.0004634742927434654,-0.0024628435717101863,0.001672341698494223,0.0019705040448493435,0.002861420277371531
38,1,SQL_injection,0.01601910151822911,-0.04601639643390995,0.008078950643492767,-0.007308224754612248,0.011560180834096349
38,1,Uploading,0.010004791363449684,-0.02122258708690843,0.006625427628485437,0.012219947625830504,0.0030959369424010934
38,1,Vulnerability_scanner,0.004110359636633912,-0.011299770721926661,0.007157484007167417,0.005050108347329553,0.0009151377186822925
38,1,XSS,0.0,0.0,0.0,0.0,0.0
38,2,Backdoor,-0.009754739569584425,-0.008061696826346153,0.012249780433193632,0.011988241925797002,-0.004020078180958921
38,2,DDoS_HTTP,0.005783806104591615,0.003443032083319164,-0.0018586795293683807,-0.0009907975218311734,0.0010496622705879468
38,2,DDoS_ICMP,-0.00019818408398897442,0.00015788541183415402,0.00013717030459915088,-1.0851601131023348e-05,-8.602003131330712e-05
38,2,DDoS_TCP,-0.023012936599064674,0.004010985767687965,0.020002452252870635,-0.028041556016549733,0.0165434591686222
38,2,DDoS_UDP,0.0,0.0,0.0,0.0,0.0
38,2,Fingerprinting,-0.1258744260480698,0.041407945837882536,0.16435630138147286,-0.03093118559399351,-0.048958635577292194
38,2,MITM,0.0,0.0,0.0,0.0,0.0
38,2,Normal,-0.00010788745762167854,-4.974423454393584e-05,7.953552564539298e-05,8.657334426817042e-05,-3.557560763863081e-05
38,2,Password,0.0022152696377435795,0.0026303299233200904,-0.003116675119101637,-0.0011931187512335517,-0.001210456853911419
38,2,Port_Scanning,-0.21204620957570744,0.15068312464359354,0.11633807783691097,-0.22606121322189965,0.10698447150947146
38,2,Ransomware,0.0003504846081443802,0.000619549490837451,0.0026483157780226307,0.0014843293650512734,0.0017725893231225476
38,2,SQL_injection,0.010590373268984722,-0.03579576619762978,0.00414389341177999,4.439572050965272e-05,0.005827897002788633
38,2,Uploading,0.017536234222736372,-0.024470425718225983,0.011239150393343493,0.02321343260296434,0.005341486499092665
38,2,Vulnerability_scanner,0.004566809407852283,-0.010145030401042376,0.006855126018647941,0.006648175695412519,0.00041593481211890475
38,2,XSS,-0.0019484181920730148,0.0004871045480182537,0.0004871045480182537,0.0004871045480182537,0.0004871045480182537
38,3,Backdoor,-0.01176516871328442,-0.009738350104217029,0.011094329734454917,0.011287722906050866,-0.002412047973677822
38,3,DDoS_HTTP,0.009215434647961809,0.002935679425442762,-0.00332062366765196,0.0004558050036817631,0.002543679298895541
38,3,DDoS_ICMP,-0.0001532755040151527,-2.223643751286808e-05,0.00027621903091642103,-7.840316329884207e-05,-2.2303926089558186e-05
38,3,DDoS_TCP,-0.020374005589140314,-0.0025589121222614384,0.019262307122837947,-0.02491933129834146,0.017671854646686597
38,3,DDoS_UDP,0.0,0.0,0.0,0.0,0.0
38,3,Fingerprinting,-0.0873055535724201,-0.025308774184336406,0.18140532908149096,-0.050268516535383105,-0.018522484789351357
38,3,MITM,0.0,0.0,0.0,0.0,0.0
38,3,Normal,-9.345212123253269e-05,-4.655036092569935e-05,7.792421874183164e-05,0.0001348010167422679,-1.1192084505447692e-05
38,3,Password,0.001979490314036565,0.0026768207134250555,-0.0021036505936673894,-0.0006724289746453236,-0.0006442775967045576
38,3,Port_Scanning,-0.20448385045152287,0.13585243448080336,0.10559939578307492,-0.21599560614233285,0.10780942017201237
38,3,Ransomware,-0.0029067619204861247,-0.006645936886345844,0.002192823501586899,-0.0010550785978244474,0.0013019072690647116
38,3,SQL_injection,0.014072721476338822,-0.03786128543510832,0.007076311970655783,-0.0042428595956121445,0.006550992991641728
38,3,Uploading,0.011759997049471949,-0.018725612252818123,0.010321141296302953,0.013786748127889516,0.0012787784107326603
38,3,Vulnerability_scanner,0.003918247228859776,-0.007944079026859232,0.0054015844966950315,0.004004820873820035,0.0016952852997889419
38,3,XSS,0.0,0.0,0.0,0.0,0.0
38,4,Backdoor,-0.008942115854356688,-0.007369729245685388,0.01101164433613185,0.009949490649764555,-0.0019822202624929395
38,4,DDoS_HTTP,0.002608134717432307,0.002238502704789837,-0.0014115837615529573,0.0009664498983968891,0.004232719360871131
38,4,DDoS_ICMP,-0.0006958041402066647,0.0002580806727419301,0.0008379183146106917,-0.0005273457624856334,0.00012715091533967623
38,4,DDoS_TCP,-0.022540660497744815,-2.0326576328622004e-05,0.01972300184332597,-0.027233244175950043,0.021192153773474068
38,4,DDoS_UDP,0.0004395288153853742,-0.000498383482316909,-0.00033759469631938765,0.0004395288153853742,-0.0003643123240266814
38,4,Fingerprinting,-0.16645019445735026,-0.03834561929395167,0.21125727214846138,-0.08240020019063785,-0.04170831703005094
38,4,MITM,-0.08725184909033862,-0.04664883284246878,0.2836107197868093,-0.09943259735863824,-0.07537547971104984
38,4,Normal,-2.9667182061341815e-05,-9.074133632182939e-05,0.00019747306637535138,6.785881654909898e-05,-3.5930666397040086e-05
38,4,Password,0.0032796792154303135,0.0056425016665135,-0.002693428023308536,-0.0021064951207395554,-0.0021035561819719843
38,4,Port_Scanning,-0.21449982000179865,0.1532485898441935,0.11095246062146445,-0.2338561684516698,0.12433894983448357
38,4,Ransomware,0.00044243549246540393,-0.005553428157976509,0.009156988606313672,-0.0018585073702425015,0.0053434775731228045
38,4,SQL_injection,0.013802379739035817,-0.04061010330173016,0.0047009649786261066,-0.002365163195776482,0.007827813789657183
38,4,Uploading,0.014695410100696358,-0.017896326678329817,0.006728078724983001,0.0133865465038333,0.002638603314396381
38,4,Vulnerability_scanner,0.0026026640883467325,-0.010054212897672249,0.006404067107049309,0.005909380428125212,0.00029161769382476016
38,4,XSS,-0.0019884877027734173,0.0004971219256933543,0.0004971219256933543,0.0004971219256933543,0.0004971219256933543
38,Aggregated,Backdoor,-0.009777803438502429,-0.00772840664165116,0.009844277752708398,0.010988193868330526,-0.002888412275565346
38,Aggregated,DDoS_HTTP,0.006810383287521363,0.0021062290649739874,-0.0017802152864536244,0.0009100216202747378,0.004567098172092038
38,Aggregated,DDoS_ICMP,-0.0003261948845962222,8.189140611623384e-05,0.0003877194568401021,-0.00016152847164357942,-2.6808867491031247e-05
38,Aggregated,DDoS_TCP,-0.022379451475246837,0.00030635153780168937,0.01949805620080187,-0.027125287395648554,0.018835129271626293
38,Aggregated,DDoS_UDP,8.802784618927398e-05,-9.983219178333521e-05,-6.762745675776838e-05,8.802784618927398e-05,-7.299168534783962e-05
38,Aggregated,Fingerprinting,-0.13830722490747124,-0.009203198296646875,0.1953071834901886,-0.05173727698767685,-0.04141738549541697
38,Aggregated,MITM,-0.08725184909033862,-0.0466488328424688,0.2836107197868093,-0.09943259735863827,-0.07537547971104983
38,Aggregated,Normal,-8.995245886333121e-05,-5.643524781125583e-05,0.0001040051388737732,0.00011148934156406572,-1.0760595170235717e-05
38,Aggregated,Password,0.0038918408107335334,0.0029466341119862597,-0.0024096103120625433,-0.0010261150699662131,-0.0013882141766896694
38,Aggregated,Port_Scanning,-0.21119056130440633,0.1474006821513957,0.10846996461056804,-0.22570182382415085,0.1135863274776719
38,Aggregated,Ransomware,-0.0006226660977240228,-0.0042038460445601965,0.0048225371481118474,0.0007981569491691765,0.004915084623834946
38,Aggregated,SQL_injection,0.013601895623244476,-0.04149912906049317,0.005616626558627754,-0.003081669568726409,0.007113065261122511
38,Aggregated,Uploading,0.0136375281047683,-0.020490255248166566,0.009180496820831838,0.015002852009148753,0.0039860993622738575
38,Aggregated,Vulnerability_scanner,0.0035394167915989852,-0.009521754528127343,0.006047351795710824,0.005230725513981521,0.0009684796784455867
38,Aggregated,XSS,-0.0008011173478799372,0.0002002793369699843,0.0002002793369699843,0.0002002793369699843,0.0002002793369699843
38,Centralized,Backdoor,-0.009777803438502429,-0.00772840664165116,0.009844277752708398,0.010988193868330526,-0.002888412275565346
38,Centralized,DDoS_HTTP,0.006810383287521363,0.0021062290649739874,-0.0017802152864536244,0.0009100216202747378,0.004567098172092038
38,Centralized,DDoS_ICMP,-0.0003261948845962222,8.189140611623384e-05,0.0003877194568401021,-0.00016152847164357942,-2.6808867491031247e-05
38,Centralized,DDoS_TCP,-0.022379451475246837,0.00030635153780168937,0.01949805620080187,-0.027125287395648554,0.018835129271626293
38,Centralized,DDoS_UDP,8.802784618927398e-05,-9.983219178333521e-05,-6.762745675776838e-05,8.802784618927398e-05,-7.299168534783962e-05
38,Centralized,Fingerprinting,-0.13830722490747124,-0.009203198296646875,0.1953071834901886,-0.05173727698767685,-0.04141738549541697
38,Centralized,MITM,-0.08725184909033862,-0.0466488328424688,0.2836107197868093,-0.09943259735863827,-0.07537547971104983
38,Centralized,Normal,-8.995245886333121e-05,-5.643524781125583e-05,0.0001040051388737732,0.00011148934156406572,-1.0760595170235717e-05
38,Centralized,Password,0.0038918408107335334,0.0029466341119862597,-0.0024096103120625433,-0.0010261150699662131,-0.0013882141766896694
38,Centralized,Port_Scanning,-0.21119056130440633,0.1474006821513957,0.10846996461056804,-0.22570182382415085,0.1135863274776719
38,Centralized,Ransomware,-0.0006226660977240228,-0.0042038460445601965,0.0048225371481118474,0.0007981569491691765,0.004915084623834946
38,Centralized,SQL_injection,0.013601895623244476,-0.04149912906049317,0.005616626558627754,-0.003081669568726409,0.007113065261122511
38,Centralized,Uploading,0.0136375281047683,-0.020490255248166566,0.009180496820831838,0.015002852009148753,0.0039860993622738575
38,Centralized,Vulnerability_scanner,0.0035394167915989852,-0.009521754528127343,0.006047351795710824,0.005230725513981521,0.0009684796784455867
38,Centralized,XSS,-0.0008011173478799372,0.0002002793369699843,0.0002002793369699843,0.0002002793369699843,0.0002002793369699843
39,0,Backdoor,0.0024910333771077653,0.0011670813159303979,-0.0009506341211730865,-0.004402180374636623,0.00038955013615211514
39,0,DDoS_HTTP,0.005198820809899635,-0.010785814426103336,-0.007580918060754335,0.0005690472089220115,0.005231824403448256
39,0,DDoS_ICMP,-0.00011592428093697797,-7.886003188629642e-05,-4.10940829380572e-05,0.00020136629069653818,0.0002578625193676742
39,0,DDoS_TCP,-0.026187734015475903,0.015718508347625917,-0.02411409148512503,0.01453519109121778,0.018314570309950116
39,0,DDoS_UDP,1.611343860780101e-05,1.611343860780101e-05,-6.445375443120405e-05,1.611343860780101e-05,1.611343860780101e-05
39,0,Fingerprinting,-0.058213805458387495,-0.013735184663977225,-0.020517440362641602,0.15381582297990953,0.14917692329457033
39,0,MITM,0.0,0.0,0.0,0.0,0.0
39,0,Normal,4.005048006205936e-05,-1.9553699426272386e-05,2.9261612525403418e-05,1.5138511301554525e-05,-1.559181075281672e-05
39,0,Password,0.0009363327295465032,-0.0022967224553812325,5.087131560453743e-05,0.0023644331578704394,0.0015357588274892684
39,0,Port_Scanning,-0.19030826178135102,0.0960781443249651,-0.1995535067023759,0.08606768893026621,0.196136842758665
39,0,Ransomware,0.005886086594219484,-0.014190419849564472,-0.01408163305042229,-0.0007644814985290423,0.012634893546957349
39,0,SQL_injection,-0.011931660907024657,-0.012194838596432717,0.006585618882721143,0.018270371328904418,-0.0007294907081681707
39,0,Uploading,-0.008440299319787178,0.004240138938034662,0.0005413198744913463,-0.004559414707359078,0.01605489980623174
39,0,Vulnerability_scanner,0.00026628700217552667,-0.0021965057740880923,0.0028559083108368505,0.0005056929038654696,-0.00033234521210947685
39,0,XSS,4.1231800025769846e-05,0.0023194623309185764,-0.0007868980436481154,-0.0007868980436481154,-0.0007868980436481154
39,1,Backdoor,0.000721773351322554,0.004503616869040115,0.0006473687640904299,-0.00405815110091821,-0.0018146078835348893
39,1,DDoS_HTTP,0.00376732454743116,-0.005946806496594121,-0.005587376959492355,0.001477222967881962,0.0019518172438894746
39,1,DDoS_ICMP,-0.00013853617666326385,-0.00019493981815692877,0.00012375315868985067,0.000292236364404321,0.0003671253225518497
39,1,DDoS_TCP,-0.03286131916281784,0.016026958594099618,-0.027384593572323635,0.0148323326142978,0.020237576840801033
39,1,DDoS_UDP,1.611343860780101e-05,1.611343860780101e-05,-6.445375443120405e-05,1.611343860780101e-05,1.611343860780101e-05
39,1,Fingerprinting,-0.06262463360861531,-0.06902105945584208,0.041190459680162245,0.11783838163700859,0.15039462952506433
39,1,MITM,0.0,0.0,0.0,0.0,0.0
39,1,Normal,1.7339654134984617e-05,-3.275501681783884e-06,-2.3853360111595705e-05,-1.1857372577491385e-06,1.097494491614411e-05
39,1,Password,-0.0005106961311123565,-0.002099637801912736,-0.0006202699560254289,0.0007474433276874664,0.0014747783845180417
39,1,Port_Scanning,-0.24244915193232539,0.09653232753902595,-0.22246502038436988,0.09365073095145499,0.21070098199947238
39,1,Ransomware,0.00023060878305723455,-0.004809584652634423,-0.0036169352672139406,0.00023067410268911385,0.0008521904000972099
39,1,SQL_injection,-0.016394356309732513,-0.01674368269046629,0.008064075375852936,0.02200023816913838,-0.002333457660953955
39,1,Uploading,-0.01043620980657148,0.00820155819488311,0.0037420639862366088,-0.0027811038256873514,0.012895521508005294
39,1,Vulnerability_scanner,-0.002349636285100015,-0.001961762924946144,0.004289086193860027,0.0011318981336786809,0.0010658213400297951
39,1,XSS,0.0045555622119488135,0.005432683048840213,-0.003862123982883367,-0.003862123982883367,-0.002263997295022293
39,2,Backdoor,0.001977839904419589,0.0031296601056742665,0.00045623151663013264,-0.0035164394200458008,-0.002047292106678187
39,2,DDoS_HTTP,0.002982789466003602,-0.00350869518556561,-0.003157124584372075,-0.0006010174475854353,0.0005864057560051511
39,2,DDoS_ICMP,-0.0001573934147533688,3.0074182171165496e-05,-0.0001948464044851402,0.00027360676604362515,0.0002734287485209763
39,2,DDoS_TCP,-0.02878877753800244,0.014509145906037873,-0.024331560856923267,0.013426485695179794,0.01889924509699601
39,2,DDoS_UDP,4.8371493066751146e-05,4.8371493066751146e-05,-0.00019348597226700459,4.8371493066751146e-05,4.8371493066751146e-05
39,2,Fingerprinting,-0.07303805510832029,0.006127178236479622,-0.09373522286431149,0.1258130536499091,0.1394082094849358
39,2,MITM,0.0,0.0,0.0,0.0,0.0
39,2,Normal,1.340390038385153e-05,1.729436464653252e-05,1.2353497755372237e-05,-1.9885949669862236e-05,-2.0716229755740613e-05
39,2,Password,0.0007293495868905019,-0.0021665377031527488,-0.0006882865414607998,0.0020436984876479217,0.0004186636664956486
39,2,Port_Scanning,-0.2131263608893451,0.08708002190597149,-0.19931459107392466,0.0839907870513287,0.19932810096392753
39,2,Ransomware,0.0023069988046554393,-0.0020351448675574404,-0.00430561477885318,-0.0017360063199843012,0.002310647664884193
39,2,SQL_injection,-0.007077879968625067,-0.009117288509811305,0.004192102001022685,0.015009140371299457,-0.003006073893885769
39,2,Uploading,-0.013726056766762052,0.010846455153323076,0.0019392262676446378,-0.004531565654576495,0.022080781310940042
39,2,Vulnerability_scanner,0.0010531061842152301,-0.00037130160139555726,0.0014511725111890695,-0.0002930958022047903,0.000929361332378481
39,2,XSS,0.0012748991907434704,-0.0006019234236534092,-0.00013453849924326342,-0.00013453849924326342,-0.0004038987686035345
39,3,Backdoor,0.0019201161471697722,0.0040003398323367615,-0.0018819527269296884,-0.009073233162207745,-0.0020133677601738417
39,3,DDoS_HTTP,0.004564457769476779,-0.00909931489645777,-0.0033262060789535437,-6.126408540406228e-05,-0.00040331681445740324
39,3,DDoS_ICMP,-0.00015716405493579704,-0.0001011155973803283,-4.483024915161541e-05,0.0003481098021794526,0.0004042341435861518
39,3,DDoS_TCP,-0.02666749355226865,0.015687543016957094,-0.02091827448456296,0.013351079324785574,0.014597269727582345
39,3,DDoS_UDP,1.611343860780101e-05,1.611343860780101e-05,-6.445375443120405e-05,1.611343860780101e-05,1.611343860780101e-05
39,3,Fingerprinting,-0.08128034733297891,-0.04570529860003545,-0.028648768385610496,0.17521442495126693,0.20264221158957993
39,3,MITM,0.0,0.0,0.0,0.0,0.0
39,3,Normal,2.2701474146876362e-05,-3.33187355754642e-05,1.613905580997721e-05,-1.6091003943515445e-05,-5.344659184301122e-05
39,3,Password,0.0006734906702286034,-0.0011867765740879092,-0.00021275421388197436,-0.00024776130870893205,-0.001396910244989578
39,3,Port_Scanning,-0.21054110707288481,0.09583063954695903,-0.1840443692961739,0.08047219683551503,0.19029063770152277
39,3,Ransomware,0.004175900707782733,-0.0017025320622248133,-0.004926007867807066,0.00033881552874749367,0.005648922171245011
39,3,SQL_injection,-0.013263869283716083,-0.011171193079249115,0.007077405648905639,0.016830047741146447,0.0005276089729131221
39,3,Uploading,-0.00540848285118632,0.006907823506553531,0.00047785929872052186,-0.00376143604065541,0.015032099334430936
39,3,Vulnerability_scanner,0.0014655429712013446,-0.0032690740282645793,0.0024342582359532126,0.0023514260508192813,-0.000824628964615957
39,3,XSS,0.00043817046485936285,0.0021610645524441723,-0.0011378191035823417,-0.0011378191035823417,-0.0003235968101388521
39,4,Backdoor,0.003486572019372571,0.006255740799121806,-0.0018732763869831193,-0.007421956595486917,-0.0004470798360243407
39,4,DDoS_HTTP,0.002181502856289941,-0.003396327463999425,-0.0022761996658292667,-0.00011281004129943447,0.0010353650666737344
39,4,DDoS_ICMP,-0.0005202872909942146,-7.11797043301321e-05,3.608185779254332e-06,0.00041527750648249947,0.0006218148680097864
39,4,DDoS_TCP,-0.03021583208415015,0.015553113377355135,-0.025491608707856214,0.014640028763108725,0.01990859354630552
39,4,DDoS_UDP,0.00039098854579349324,-0.00014470994395145617,0.0002839624833385253,-3.75288633458574e-05,-0.0001714793499424753
39,4,Fingerprinting,-0.06828998372342025,-0.04088814579526652,-0.015348807252832025,0.2023218176159351,0.23799459283979402
39,4,MITM,-0.09674099076023553,-0.07521281154127439,0.3081296799029351,-0.05415165694989122,-0.08202422065153411
39,4,Normal,2.04971523261673e-05,-3.811461361942214e-05,7.884751785129929e-05,-3.088740568304253e-05,-5.690775965259502e-06
39,4,Password,0.0013203017726354969,-0.004131233146852945,0.0034304819008048187,0.0017182511979003797,0.00029031916907337426
39,4,Port_Scanning,-0.23220274125455267,0.09651947387091586,-0.20761364768720536,0.09360557322134179,0.2056987691669666
39,4,Ransomware,0.0033505236822333954,-0.008252747947690021,-0.0017250472330381961,-0.005150178220288495,0.004246483575100446
39,4,SQL_injection,-0.009688449566212237,-0.010151638193886817,0.003426806289109041,0.015564616456952802,-0.004490019027400688
39,4,Uploading,-0.005714561617166363,0.0134219044097864,-0.0006163207925207525,-0.0022986451908360997,0.01555446837549253
39,4,Vulnerability_scanner,0.0003547952823115282,-0.0019025277551423599,0.0037396652002282833,0.0011177361111446682,0.0010770903140655467
39,4,XSS,0.0034965635344376346,0.0037072087558509825,-0.0026547926800420804,-0.0026547926800420804,-0.001894186930204457
39,Aggregated,Backdoor,0.0021367940054756378,0.0037893498159251044,-0.000737640494002062,-0.005671226620059327,-0.0011593199638867291
39,Aggregated,DDoS_HTTP,0.003744364814194796,-0.006584400145297125,-0.004388805354441738,0.0002368978851307102,0.001696796934723226
39,Aggregated,DDoS_ICMP,-0.00021789565959688765,-8.320247219478401e-05,-3.0663289073507015e-05,0.0003061483334682258,0.0003849146685854177
39,Aggregated,DDoS_TCP,-0.028954418696391433,0.015498726938080945,-0.024446391695571484,0.014157286433447299,0.018394940764765253
39,Aggregated,DDoS_UDP,9.769411952422203e-05,-9.64439646896446e-06,-2.0468347920930365e-05,1.1824966304232095e-05,-1.5010699928164063e-05
39,Aggregated,Fingerprinting,-0.06901521726076355,-0.033181246987369996,-0.02229409995498073,0.1538663256006357,0.17493082665682363
39,Aggregated,MITM,-0.09281541316874087,-0.07128723394977984,0.2924273695369567,-0.05022607935839661,-0.07809864306003954
39,Aggregated,Normal,2.279349345582308e-05,-1.5386745864544767e-05,2.2516065671115047e-05,-1.0580199600995766e-05,-1.691771886921193e-05
39,Aggregated,Password,0.000630083100673542,-0.002394973493039269,0.00039676349768817166,0.0013297414941953255,0.0004756558692108587
39,Aggregated,Port_Scanning,-0.21767795287186947,0.0943609883900546,-0.20268142597232755,0.08753003923965404,0.2003715744966373
39,Aggregated,Ransomware,0.0032138279423484647,-0.006225149210216862,-0.00584053781342001,-0.0013747398209167613,0.005225007881348326
39,Aggregated,SQL_injection,-0.011676240290364393,-0.011883193033572655,0.005866375088077824,0.017541740757109358,-0.002022723169867027
39,Aggregated,Uploading,-0.00874231889785242,0.008726571359002466,0.0011676067789643265,-0.0035817894112029377,0.016296046982147774
39,Aggregated,Vulnerability_scanner,0.00014809873471637128,-0.001941790566935797,0.002960155445083218,0.000959861489130683,0.0003899525506561363
39,Aggregated,XSS,0.0020708289975769757,0.002577558843059761,-0.0017474980783120707,-0.0017474980783120707,-0.0011533916840125952
39,Centralized,Backdoor,0.0021367940054756378,0.0037893498159251044,-0.000737640494002062,-0.005671226620059327,-0.0011593199638867291
39,Centralized,DDoS_HTTP,0.003744364814194796,-0.006584400145297125,-0.004388805354441738,0.0002368978851307102,0.001696796934723226
39,Centralized,DDoS_ICMP,-0.00021789565959688765,-8.320247219478401e-05,-3.0663289073507015e-05,0.0003061483334682258,0.0003849146685854177
39,Centralized,DDoS_TCP,-0.028954418696391433,0.015498726938080945,-0.024446391695571484,0.014157286433447299,0.018394940764765253
39,Centralized,DDoS_UDP,9.769411952422203e-05,-9.64439646896446e-06,-2.0468347920930365e-05,1.1824966304232095e-05,-1.5010699928164063e-05
39,Centralized,Fingerprinting,-0.06901521726076355,-0.033181246987369996,-0.02229409995498073,0.1538663256006357,0.17493082665682363
39,Centralized,MITM,-0.09281541316874087,-0.07128723394977984,0.2924273695369567,-0.05022607935839661,-0.07809864306003954
39,Centralized,Normal,2.279349345582308e-05,-1.5386745864544767e-05,2.2516065671115047e-05,-1.0580199600995766e-05,-1.691771886921193e-05
39,Centralized,Password,0.000630083100673542,-0.002394973493039269,0.00039676349768817166,0.0013297414941953255,0.0004756558692108587
39,Centralized,Port_Scanning,-0.21767795287186947,0.0943609883900546,-0.20268142597232755,0.08753003923965404,0.2003715744966373
39,Centralized,Ransomware,0.0032138279423484647,-0.006225149210216862,-0.00584053781342001,-0.0013747398209167613,0.005225007881348326
39,Centralized,SQL_injection,-0.011676240290364393,-0.011883193033572655,0.005866375088077824,0.017541740757109358,-0.002022723169867027
39,Centralized,Uploading,-0.00874231889785242,0.008726571359002466,0.0011676067789643265,-0.0035817894112029377,0.016296046982147774
39,Centralized,Vulnerability_scanner,0.00014809873471637128,-0.001941790566935797,0.002960155445083218,0.000959861489130683,0.0003899525506561363
39,Centralized,XSS,0.0020708289975769757,0.002577558843059761,-0.0017474980783120707,-0.0017474980783120707,-0.0011533916840125952
40,0,Backdoor,-0.01110681607933419,0.03087031191536588,-0.003103736272888602,0.010533106584068449,-0.025958782614736543
40,0,DDoS_HTTP,-0.0010735391184108582,-0.0019255239332726104,-0.0034560076987755297,-0.007880308884886325,0.00616168870303375
40,0,DDoS_ICMP,7.143717263140743e-05,-9.697084759287729e-05,0.00018319629209276322,-0.0001905065157170871,-0.0001905065157170871
40,0,DDoS_TCP,0.013683303145964996,0.014682690603620704,-0.00853964672115437,0.004603211990776917,0.007315151822320831
40,0,DDoS_UDP,0.0,0.0,0.0,0.0,0.0
40,0,Fingerprinting,0.007861066808435228,-0.07340254974929897,0.09768083309878971,-0.12133283297369976,-0.12133283297369973
40,0,MITM,0.0,0.0,0.0,0.0,0.0
40,0,Normal,-0.0001644046755586067,0.000273448493898006,-3.413279016368601e-05,3.39479345393782e-05,-0.0001756262403752873
40,0,Password,0.00019650537524213001,-0.0004638018043217118,-0.0031673160433962253,-8.967928023594871e-05,0.00030435896295129413
40,0,Port_Scanning,0.07689346861074928,0.07848869071347944,-0.04273142416579502,0.02764225972540407,0.041592040046913505
40,0,Ransomware,0.005237708258732125,7.71387499360047e-05,-0.0042805305809614615,-0.004210989974590371,-0.0036262885762073575
40,0,SQL_injection,-0.02479507177374426,0.007724210510793175,0.02091377004983868,0.006143691932048332,0.016817207893631426
40,0,Uploading,0.010193600986299407,-0.015309813130183916,-0.00819201847118175,-0.03507905654495882,0.018300219556569255
40,0,Vulnerability_scanner,0.0008945443281078491,-0.0013352749758345254,0.0016989299765999702,-0.00874250138615853,0.0024864863056203224
40,0,XSS,-3.2049570001602136e-05,8.012392500400534e-06,8.012392500400534e-06,8.012392500400534e-06,8.012392500400534e-06
40,1,Backdoor,-0.014028212357173366,0.033267211383505586,-0.003934989508306663,0.009449366409423215,-0.020884903973870453
40,1,DDoS_HTTP,-0.0009837638465757738,-0.0020425743658727615,0.000924592315744587,-0.006030204822727705,0.0066184179558988815
40,1,DDoS_ICMP,4.141611835385047e-05,-0.000127228067658471,0.0001901185966609764,-0.00031440891944924755,-0.00023953657873293694
40,1,DDoS_TCP,0.014428441926117634,0.015907333579031322,-0.008793501983604882,0.005913954716049026,0.008566055884969599
40,1,DDoS_UDP,0.0,0.0,0.0,0.0,0.0
40,1,Fingerprinting,0.0069162640901771376,-0.058623188405797125,0.13932367149758457,-0.1512157809983897,-0.11417874396135264
40,1,MITM,0.0,0.0,0.0,0.0,0.0
40,1,Normal,-0.0001515329755261067,0.0002978254635731703,-3.4801582822191476e-05,-1.4213475926431554e-06,-0.00013229819887357978
40,1,Password,0.0006786057054503936,-0.0015584450698201714,-0.0009621317166695944,-0.0041102769294747805,0.005014433119210892
40,1,Port_Scanning,0.08249475097667806,0.08517313139830308,-0.04310210864070127,0.034982437200715845,0.04808611923762784
40,1,Ransomware,0.003144505075282104,-0.0012745593151047305,0.0016572641500496755,-0.0006994681684458974,-0.0028277417417811516
40,1,SQL_injection,-0.02855715652369569,0.0059609763771063355,0.024753512516880967,0.008779266780804946,0.017380147386173075
40,1,Uploading,0.010038740013286092,-0.011740321050273938,-0.003986607908854143,-0.030292575286337633,0.018400751363224697
40,1,Vulnerability_scanner,0.0007818206738185878,-0.000808281849423705,0.002693504542713772,-0.010643779930701352,0.0052758975795678545
40,1,XSS,0.001755102040816328,-0.000438775510204082,-0.000438775510204082,-0.000438775510204082,-0.000438775510204082
40,2,Backdoor,-0.014100361475274785,0.036830091953455726,-0.003962771899394746,0.009101856858701437,-0.027868815437487645
40,2,DDoS_HTTP,7.135729498725282e-05,-0.0030268694920603783,0.0029310148789010652,-0.004532821845972681,0.004557319164144741
40,2,DDoS_ICMP,4.135492883898806e-05,-5.237464053165127e-05,0.00011568458214117153,-0.0002022372458276134,-0.0001272975021181529
40,2,DDoS_TCP,0.010753254466881485,0.013722632181143196,-0.005466495177637413,0.006283871860346465,0.00898027628848069
40,2,DDoS_UDP,0.0,0.0,0.0,0.0,0.0
40,2,Fingerprinting,0.008970588235294117,-0.030898692810457516,0.09461873638344222,-0.10715141612200435,-0.0701143790849673
40,2,MITM,0.0,0.0,0.0,0.0,0.0
40,2,Normal,-0.0001384793922057037,0.0003412045137793973,-4.5328287162021975e-05,3.6562910169694414e-05,-0.00019395974458136605
40,2,Password,4.241012996917259e-05,0.0004535482453764172,-0.0029300780884123994,0.001092861696091126,0.0010043705205551598
40,2,Port_Scanning,0.06838456977615731,0.07328622397314348,-0.027839291926996704,0.036028911542768445,0.04886694835788395
40,2,Ransomware,0.0010443037974683434,-0.002119597976780143,0.0010226146096490086,-0.0038491577252077877,0.0039018372948705785
40,2,SQL_injection,-0.025385741719359277,0.00830669437450492,0.02000178415337258,0.001249590718855966,0.013715456380077994
40,2,Uploading,0.007109440488208455,-0.01857703055532749,-0.01131762337000786,-0.035495110676883164,0.011728519344389503
40,2,Vulnerability_scanner,1.588587419132925e-05,-0.0014487732602184574,0.0021133619011512875,-0.014653634733505777,0.004500258613500272
40,2,XSS,-0.006060606060606062,0.0015151515151515156,0.0015151515151515156,0.0015151515151515156,0.0015151515151515156
40,3,Backdoor,-0.013650038715053851,0.037179117144282424,-0.003935168183251411,0.011159415850528105,-0.02799664405454146
40,3,DDoS_HTTP,-0.0022636560734094137,-0.0010338662295977916,-0.0006937583437339218,-0.004077157277117552,0.005972491904208161
40,3,DDoS_ICMP,-5.5928398184029725e-05,-0.00016827064313582608,0.0001115062832936442,-0.00016827064313582608,-0.00016827064313582608
40,3,DDoS_TCP,0.012901638415550826,0.014022120518949494,-0.006455106365346031,0.004718351460399476,0.0075299469446242755
40,3,DDoS_UDP,0.0,0.0,0.0,0.0,0.0
40,3,Fingerprinting,-0.04444444444444444,-0.09629629629629627,0.11111111111111113,-0.09629629629629628,-0.09629629629629625
40,3,MITM,0.0,0.0,0.0,0.0,0.0
40,3,Normal,-0.0001585315814465915,0.0003325169793895947,-3.103873655612155e-05,3.757618636691662e-05,-0.00018052284775379828
40,3,Password,-0.000938562494219496,0.001784170466033685,-0.0007321123192740799,0.00021015925320699106,-0.0006054631282065066
40,3,Port_Scanning,0.07861662091725162,0.07924615887728294,-0.0336682058725729,0.030056451912443403,0.04502686908486363
40,3,Ransomware,0.001705990179113448,0.0020005817189253945,-0.0035724863012826773,-0.003004158708944704,-0.0006650253655548203
40,3,SQL_injection,-0.03145325375781535,0.0079275787142798,0.02752065889157169,0.006541544166065968,0.014507025992866551
40,3,Uploading,0.00650386025728145,-0.011641572247998265,-0.008114448914286343,-0.02567965251613909,0.006857330208305266
40,3,Vulnerability_scanner,-0.00018992738680095138,-0.0015709611926303028,0.0014561261696988015,-0.007144306662881528,0.0019694105423731863
40,3,XSS,0.0019871794871794877,-0.0004967948717948719,-0.0004967948717948719,-0.0004967948717948719,-0.0004967948717948719
40,4,Backdoor,-0.012388941717219966,0.0354035348074002,-0.007107060685078004,0.0032186621235965494,-0.027158658120931756
40,4,DDoS_HTTP,-0.0011538463954250567,-6.883576285260188e-05,-0.00029841897954012707,-0.005231905565475489,0.004736628313772429
40,4,DDoS_ICMP,-0.00037383482638101426,-0.0002991303577581243,0.0007098776834645641,-0.0007851434380087063,-0.0005982572499102279
40,4,DDoS_TCP,0.01468855958831683,0.015683193367628537,-0.008377279283227975,0.006340354097459117,0.0074963387994111215
40,4,DDoS_UDP,0.0005361434966164795,-5.3611254968608894e-05,-0.00045575600297273293,0.0005629819292520099,0.0003751819274478078
40,4,Fingerprinting,0.013881338286163744,-0.1506904733444713,0.14779907154199876,-0.1760889368234301,-0.15069047334447133
40,4,MITM,-0.1040833362381873,-0.08142469628281714,0.28801232090869694,-0.055403497105471794,-0.07322324026181223
40,4,Normal,-0.00017900698296078877,0.0002955214211047811,6.551627517659882e-05,-2.7303944710207102e-05,-0.0001992791405942477
40,4,Password,-0.0008701840249293496,0.0003717925343781269,-0.0010629537180928924,-0.0006661172781561086,-0.0010137718000163007
40,4,Port_Scanning,0.0857329457032069,0.08758671048433607,-0.036434690915983205,0.03716141430984006,0.0487959976795821
40,4,Ransomware,0.004843083887477887,-0.005078383813833185,0.0004565574794972919,-0.006007253794427308,-0.0015747785771167125
40,4,SQL_injection,-0.021687116318703476,0.008959831021594745,0.020982613714218487,0.00759070286392118,0.013506999906014287
40,4,Uploading,0.00800136424692521,-0.01819541347927401,-0.011805245663992086,-0.02911907429380429,0.012809072022486278
40,4,Vulnerability_scanner,0.004399544056580997,-0.0018335256010029888,0.0005988489301222995,-0.012718207597807282,0.0031239577453194946
40,4,XSS,-0.0020926136952242823,0.0005231534238060706,0.0005231534238060706,0.0005231534238060706,0.0005231534238060706
40,Aggregated,Backdoor,-0.013030128186261432,0.03465861397153446,-0.004402782589517449,0.008690176047695867,-0.025963971932491024
40,Aggregated,DDoS_HTTP,-0.00109704228108758,-0.0015929241580050066,-0.00016375006864137361,-0.005564622318497506,0.005612704605581916
40,Aggregated,DDoS_ICMP,-5.5194095893383126e-05,-0.00014883451119715267,0.0002621530020551691,-0.0003322182573971803,-0.000264852715844142
40,Aggregated,DDoS_TCP,0.013293768309912588,0.014804837080292966,-0.007520632485662293,0.005573273687520182,0.007978152448703186
40,Aggregated,DDoS_UDP,0.00010735635756916976,-1.0735511361013398e-05,-9.125426666999707e-05,0.00011272542743150371,7.514470479830041e-05
40,Aggregated,Fingerprinting,-0.0006177220287921871,-0.08181512266034283,0.12020740913646452,-0.13120666981644752,-0.11087448268522702
40,Aggregated,MITM,-0.10408333623818729,-0.08142469628281714,0.28801232090869694,-0.055403497105471794,-0.07322324026181226
40,Aggregated,Normal,-0.0001583725878883946,0.000308137503473573,-1.6004855144885477e-05,1.590331553054843e-05,-0.0001763333284900507
40,Aggregated,Password,-0.0001826095055271301,0.00011228839030105927,-0.001770720618155149,-0.0006999266759410756,0.0009371184075879983
40,Aggregated,Port_Scanning,0.07839445842599342,0.08074356369434986,-0.03681536667360457,0.0331870836272864,0.04647968593626275
40,Aggregated,Ransomware,0.003210197200504193,-0.0012262572087671896,-0.000969378731856015,-0.003551502704409193,-0.0009845869272995264
40,Aggregated,SQL_injection,-0.026370594646261968,0.007785660698731402,0.02284985584510428,0.006079544790948048,0.015202863288775613
40,Aggregated,Uploading,0.008383809473979766,-0.015148337543474574,-0.008723695605970033,-0.03119058627389786,0.013657963767051097
40,Aggregated,Vulnerability_scanner,0.00117883938535861,-0.0013990353120920693,0.0017222579410334671,-0.010780548753929135,0.0034707647437290544
40,Aggregated,XSS,-0.0009068167604752972,0.0002267041901188243,0.0002267041901188243,0.0002267041901188243,0.0002267041901188243
40,Centralized,Backdoor,-0.013030128186261432,0.03465861397153446,-0.004402782589517449,0.008690176047695867,-0.025963971932491024
40,Centralized,DDoS_HTTP,-0.00109704228108758,-0.0015929241580050066,-0.00016375006864137361,-0.005564622318497506,0.005612704605581916
40,Centralized,DDoS_ICMP,-5.5194095893383126e-05,-0.00014883451119715267,0.0002621530020551691,-0.0003322182573971803,-0.000264852715844142
40,Centralized,DDoS_TCP,0.013293768309912588,0.014804837080292966,-0.007520632485662293,0.005573273687520182,0.007978152448703186
40,Centralized,DDoS_UDP,0.00010735635756916976,-1.0735511361013398e-05,-9.125426666999707e-05,0.00011272542743150371,7.514470479830041e-05
40,Centralized,Fingerprinting,-0.0006177220287921871,-0.08181512266034283,0.12020740913646452,-0.13120666981644752,-0.11087448268522702
40,Centralized,MITM,-0.10408333623818729,-0.08142469628281714,0.28801232090869694,-0.055403497105471794,-0.07322324026181226
40,Centralized,Normal,-0.0001583725878883946,0.000308137503473573,-1.6004855144885477e-05,1.590331553054843e-05,-0.0001763333284900507
40,Centralized,Password,-0.0001826095055271301,0.00011228839030105927,-0.001770720618155149,-0.0006999266759410756,0.0009371184075879983
40,Centralized,Port_Scanning,0.07839445842599342,0.08074356369434986,-0.03681536667360457,0.0331870836272864,0.04647968593626275
40,Centralized,Ransomware,0.003210197200504193,-0.0012262572087671896,-0.000969378731856015,-0.003551502704409193,-0.0009845869272995264
40,Centralized,SQL_injection,-0.026370594646261968,0.007785660698731402,0.02284985584510428,0.006079544790948048,0.015202863288775613
40,Centralized,Uploading,0.008383809473979766,-0.015148337543474574,-0.008723695605970033,-0.03119058627389786,0.013657963767051097
40,Centralized,Vulnerability_scanner,0.00117883938535861,-0.0013990353120920693,0.0017222579410334671,-0.010780548753929135,0.0034707647437290544
40,Centralized,XSS,-0.0009068167604752972,0.0002267041901188243,0.0002267041901188243,0.0002267041901188243,0.0002267041901188243
41,0,Backdoor,0.02971674890105339,-0.026876756255180413,0.04287964248472769,0.02598834826349663,-0.04555044414555883
41,0,DDoS_HTTP,0.003215694635302528,0.006174646471100289,-0.0062300524373790685,0.004019958168485201,0.009077926940540663
41,0,DDoS_ICMP,0.00018711512191139646,-0.00013102904925349306,9.353734342996689e-05,0.00018655761660316312,-0.00011171564219522404
41,0,DDoS_TCP,0.0106905362110114,0.008283639030613492,0.008549206638164965,0.009594762734736239,-0.029586384130107665
41,0,DDoS_UDP,0.0,0.0,0.0,0.0,0.0
41,0,Fingerprinting,0.09016733008993065,-0.05607531901649547,0.04747358592559831,0.13661842514783676,-0.10053696332334096
41,0,MITM,0.0,0.0,0.0,0.0,0.0
41,0,Normal,0.00035197454257928084,-0.00012400455352564547,0.00010042548209603375,0.0002895409294718265,-0.00032854365555071337
41,0,Password,-0.003287019768499158,0.0012839324901153942,-0.0010740011698430658,0.001861574024008145,0.004117059129066735
41,0,Port_Scanning,0.013633612118231584,-0.001687414803740503,0.002670142786783952,0.010317474576461911,0.010466280143945664
41,0,Ransomware,0.0031561526114386785,0.00456735687130587,-0.006822933768264098,0.00985853241081293,0.010150609811324063
41,0,SQL_injection,0.01731506462351522,-0.017965106382411788,0.013184914632563419,-0.004432329462832246,-0.010698207227021849
41,0,Uploading,-0.013091064545853213,0.001099397254463852,-0.017856597893312332,0.025310219259645484,0.010290436334314835
41,0,Vulnerability_scanner,-0.00019525593260591816,0.0005095475875408355,-0.0034592950537191266,0.0037904725099993336,-9.563530550629195e-05
41,0,XSS,-0.0010096984190248437,-0.0010096984190248437,-0.0010096984190248437,0.004038793676099375,-0.0010096984190248437
41,1,Backdoor,0.02627613319633914,-0.026197915769275142,0.04372559143323581,0.018425754341158243,-0.04898096782520308
41,1,DDoS_HTTP,0.0032098672588312515,0.003871689729982251,-0.006750843268789776,-0.00109728493734412,0.004452089796456021
41,1,DDoS_ICMP,0.00014601853661298328,-0.0002097889605032303,0.00025878331139486677,0.00012698321689369463,-0.0003219961043983144
41,1,DDoS_TCP,0.010930109010986965,0.00825837155716144,0.008592974539471067,0.01070807861141104,-0.029766535923292023
41,1,DDoS_UDP,0.0,0.0,0.0,0.0,0.0
41,1,Fingerprinting,0.0682051747726805,-0.08435678568401682,0.08309720282260329,0.08271333802226245,-0.14965892993352936
41,1,MITM,0.0,0.0,0.0,0.0,0.0
41,1,Normal,0.00033240793288583835,-0.00014616755829987375,6.964201232242765e-05,0.00020236620623984754,-0.00032486111301099164
41,1,Password,-0.0026076036281021757,0.0005508752081971712,-0.00517591828456541,1.1529565526965935e-05,0.0055749527020813455
41,1,Port_Scanning,0.014105505762718443,-0.005618855024570577,0.002306180946910913,0.015213816366254776,0.016829831568906727
41,1,Ransomware,0.0005295506103528691,-7.768246088253143e-05,0.0005331867365279223,0.0038094017398910738,0.002318590008115471
41,1,SQL_injection,0.018650534222493676,-0.01889852002204331,0.011530032744308517,-0.004109778360581116,-0.007172268584177756
41,1,Uploading,-0.015339720346819696,0.0022452791811035334,-0.014097576065937683,0.01853484224732563,0.010380930234143017
41,1,Vulnerability_scanner,-0.0011455054365517524,0.0009814762999188634,-0.00565636667671696,0.007598478972705108,0.000951579252351542
41,1,XSS,-0.0004920750025898688,-0.0004920750025898688,-0.0004920750025898688,0.001968300010359475,-0.0004920750025898688
41,2,Backdoor,0.027529141871525442,-0.02654453677444708,0.05340598111640645,0.0243508742087151,-0.05225079950265974
41,2,DDoS_HTTP,0.001637803344945369,0.004717690835591008,-0.0036498611881577315,-0.0020648363917624675,0.003721739011919456
41,2,DDoS_ICMP,0.00013869848479591273,-6.750826858672639e-05,2.622130078391294e-05,0.00025119256806297265,-0.00034860408505607197
41,2,DDoS_TCP,0.010216807425572128,0.007593939180537579,0.00853618379295643,0.009406708063511427,-0.030798178106260322
41,2,DDoS_UDP,0.0,0.0,0.0,0.0,0.0
41,2,Fingerprinting,0.06159614723082216,-0.026283683063868832,0.013585597981882809,0.10787524366471736,-0.15677330581355345
41,2,MITM,0.0,0.0,0.0,0.0,0.0
41,2,Normal,0.0003369404088070627,-0.00011777481808926682,0.000216901289577263,0.0002010668885815155,-0.000392871320825372
41,2,Password,-0.004940467814007477,0.0026632837158309963,0.0008598328769213922,-0.002916763942440686,0.004334115163695777
41,2,Port_Scanning,0.014132789905091035,-0.004143888107499325,0.005695276794473803,0.011150304569138547,-0.003339622661938329
41,2,Ransomware,-0.0002904492742085263,0.0011508505161478444,-0.0002904492742085263,0.0011508505161478444,0.0017383170129766535
41,2,SQL_injection,0.01710554224610258,-0.018490503138840042,0.013061511004366673,-0.009204593170563628,-0.007877263969784694
41,2,Uploading,-0.01031151287019593,0.007955641809994666,-0.02341816262599714,0.02659240885587592,0.009800784925703458
41,2,Vulnerability_scanner,0.0006875403495320694,-0.00012574368139311637,-0.006015539500674022,0.007084565741204709,0.0005619913094610277
41,2,XSS,-0.0019001900190018996,-0.0019001900190018996,-0.0019001900190018996,0.0076007600760075985,-0.0019001900190018996
41,3,Backdoor,0.03606806216037321,-0.030215999049541278,0.05868737243680986,0.023005184444553097,-0.05529144010121975
41,3,DDoS_HTTP,0.0020845469180914883,0.00702865177431465,-0.004765191090064602,0.0009803547508641318,0.007160224594905612
41,3,DDoS_ICMP,0.00016475287775365258,-0.00020967627648899406,0.00014600527828361002,0.00023964207971162536,-0.0003407239592598939
41,3,DDoS_TCP,0.010322721999402816,0.008124557624167379,0.008204756339637157,0.008964500808226248,-0.02949379308912315
41,3,DDoS_UDP,0.0,0.0,0.0,0.0,0.0
41,3,Fingerprinting,0.07764017887856894,-0.09969040247678013,0.07167755991285404,0.11267056530214424,-0.16229790161678684
41,3,MITM,0.0,0.0,0.0,0.0,0.0
41,3,Normal,0.00034778529265643845,-0.00016114982323207997,0.00031698746449726847,0.00022107873460772514,-0.0004142966772361515
41,3,Password,-4.395283104340989e-06,0.0022539548998816664,-0.001682528570707667,-0.0002038415391109355,0.0004844866242473979
41,3,Port_Scanning,0.014404013726456383,-0.0049129948914889195,0.0039659544077584544,0.009068569863148095,0.007897965969320547
41,3,Ransomware,0.0009959225175149578,0.00040303954731346625,-0.0010413470337128732,0.003679514273974801,0.0030759173289144535
41,3,SQL_injection,0.017877927507879112,-0.015074847067156665,0.008734425958385021,-0.007828467984089581,-0.014029770905915319
41,3,Uploading,-0.006767589492935979,0.0031656177598941367,-0.016814133187766936,0.018221326721438773,0.004470875516260087
41,3,Vulnerability_scanner,-0.0004144747751666011,0.00014906333322161624,-0.0037109181248998536,0.002595613275534253,0.0010401483212416017
41,3,XSS,-0.0005127374784110536,-0.0005127374784110536,-0.0005127374784110536,0.0020509499136442144,-0.0005127374784110536
41,4,Backdoor,0.03150619620657486,-0.026915757745258763,0.043302115782124735,0.021408815033999502,-0.05070340444121677
41,4,DDoS_HTTP,0.0019123559140351279,0.0017105285558591977,-0.0038092232161387757,-1.5441120548224477e-06,0.002770839821458628
41,4,DDoS_ICMP,0.0002234623604804864,-3.7565770340068173e-05,0.0008044729679722121,0.0004663705257550166,-0.0005594854602213317
41,4,DDoS_TCP,0.01064825674780326,0.008737448617611037,0.00872451799851994,0.009357588451623636,-0.02677859726162636
41,4,DDoS_UDP,-0.0001983729272730587,-0.00027878460188763833,-0.0005736448126446414,-0.0004395390911227759,0.0005254013375531589
41,4,Fingerprinting,0.11322604873028884,-0.09113202783367003,0.094035482574788,0.17015432245523768,-0.16863676710311507
41,4,MITM,-0.09927476288586655,-0.07204587400227845,0.29236145840423017,-0.05550840630202009,-0.06553241521406503
41,4,Normal,0.00025761493898970124,-0.00021754968681054384,0.00020955633773392564,0.00023337981948384027,-0.0003716126384708326
41,4,Password,-0.0032567418166447614,0.0004269655447255831,0.0021360376822588865,-0.003485626169117096,0.005718214667310919
41,4,Port_Scanning,0.013347264860465068,0.00037872660847003875,0.00474662298632866,0.01019547987068941,0.018332382545768473
41,4,Ransomware,0.002400963464992382,0.0005253111098598144,0.0021032193016412644,0.0039789946153381255,0.0020961286911023985
41,4,SQL_injection,0.017141119575598714,-0.018946525988968264,0.009806769787142388,-0.008747738081161653,-0.0062676230553877785
41,4,Uploading,-0.005335578092748687,0.005022999500212584,-0.008358991208726307,0.019813118262521877,0.009178130565466758
41,4,Vulnerability_scanner,-0.0012791859297089463,0.0027456006166169575,-0.007893680884983498,0.005894558753706415,0.0030436930062021175
41,4,XSS,-0.0004920750025898688,-0.0004920750025898688,-0.0004920750025898688,0.001968300010359475,-0.0004920750025898688
41,Aggregated,Backdoor,0.0302199960751954,-0.02735956265744365,0.04834388204124571,0.022657869045469806,-0.05050445905209476
41,Aggregated,DDoS_HTTP,0.0024082877597072024,0.004713672043174697,-0.005033782212740647,0.0004237247929281568,0.005451185113092018
41,Aggregated,DDoS_ICMP,0.00017208098776892258,-0.00013107910006934786,0.000265910681300117,0.0002542503209125209,-0.00033659653204949164
41,Aggregated,DDoS_TCP,0.010557604909602851,0.008194555362261737,0.008517948274932375,0.00960116719774987,-0.029268675258280585
41,Aggregated,DDoS_UDP,-3.972184764616619e-05,-5.582490696016314e-05,-0.0001148701505595521,-8.802826052162945e-05,0.00010520845391954747
41,Aggregated,Fingerprinting,0.08255906596147722,-0.07316010133232109,0.06276112438830701,0.1220229934294327,-0.14882518024987249
41,Aggregated,MITM,-0.09927476288586654,-0.07204587400227846,0.2923614584042304,-0.05550840630202009,-0.06553241521406503
41,Aggregated,Normal,0.0003253848754257641,-0.00015331609622308838,0.00018278772759979615,0.00022946601358001157,-0.00036647399715700006
41,Aggregated,Password,-0.0028384019977853907,0.0014436542356802862,-0.0009626894699355839,-0.000959210211103174,0.004063183635685395
41,Aggregated,Port_Scanning,0.013933207170290918,-0.003179387295519559,0.003887467444974722,0.011225816829553465,0.010044562478501662
41,Aggregated,Ransomware,0.0013566466312207573,0.00134440333634017,-0.0011801369157222205,0.004523856386931617,0.003922946461148971
41,Aggregated,SQL_injection,0.017631050498975735,-0.017895529137630557,0.011273514686319734,-0.006858790543067163,-0.009207538368790267
41,Aggregated,Uploading,-0.010121353395056824,0.003905302832343917,-0.016101415233214462,0.021724680938700867,0.008849748607019196
41,Aggregated,Vulnerability_scanner,-0.0004686794468242346,0.0008540533945251375,-0.005354397408494999,0.005395988292778764,0.0010967931584515793
41,Aggregated,XSS,-0.0008911819887429645,-0.0008911819887429645,-0.0008911819887429645,0.003564727954971858,-0.0008911819887429645
41,Centralized,Backdoor,0.0302199960751954,-0.02735956265744365,0.04834388204124571,0.022657869045469806,-0.05050445905209476
41,Centralized,DDoS_HTTP,0.0024082877597072024,0.004713672043174697,-0.005033782212740647,0.0004237247929281568,0.005451185113092018
41,Centralized,DDoS_ICMP,0.00017208098776892258,-0.00013107910006934786,0.000265910681300117,0.0002542503209125209,-0.00033659653204949164
41,Centralized,DDoS_TCP,0.010557604909602851,0.008194555362261737,0.008517948274932375,0.00960116719774987,-0.029268675258280585
41,Centralized,DDoS_UDP,-3.972184764616619e-05,-5.582490696016314e-05,-0.0001148701505595521,-8.802826052162945e-05,0.00010520845391954747
41,Centralized,Fingerprinting,0.08255906596147722,-0.07316010133232109,0.06276112438830701,0.1220229934294327,-0.14882518024987249
41,Centralized,MITM,-0.09927476288586654,-0.07204587400227846,0.2923614584042304,-0.05550840630202009,-0.06553241521406503
41,Centralized,Normal,0.0003253848754257641,-0.00015331609622308838,0.00018278772759979615,0.00022946601358001157,-0.00036647399715700006
41,Centralized,Password,-0.0028384019977853907,0.0014436542356802862,-0.0009626894699355839,-0.000959210211103174,0.004063183635685395
41,Centralized,Port_Scanning,0.013933207170290918,-0.003179387295519559,0.003887467444974722,0.011225816829553465,0.010044562478501662
41,Centralized,Ransomware,0.0013566466312207573,0.00134440333634017,-0.0011801369157222205,0.004523856386931617,0.003922946461148971
41,Centralized,SQL_injection,0.017631050498975735,-0.017895529137630557,0.011273514686319734,-0.006858790543067163,-0.009207538368790267
41,Centralized,Uploading,-0.010121353395056824,0.003905302832343917,-0.016101415233214462,0.021724680938700867,0.008849748607019196
41,Centralized,Vulnerability_scanner,-0.0004686794468242346,0.0008540533945251375,-0.005354397408494999,0.005395988292778764,0.0010967931584515793
41,Centralized,XSS,-0.0008911819887429645,-0.0008911819887429645,-0.0008911819887429645,0.003564727954971858,-0.0008911819887429645
42,0,Backdoor,-0.000490242682879118,-0.02174994586517395,-0.010169525702192591,-0.0029120160885474293,0.010467150516952397
42,0,DDoS_HTTP,0.007553899085228977,0.002523800140427081,0.00011094358442571561,-0.006225632943105573,-0.004680452648126469
42,0,DDoS_ICMP,3.750058891568986e-05,-0.00011227802220242777,0.00026169497088163185,-0.00011166125440331687,0.0001493101723157031
42,0,DDoS_TCP,0.001551375842318544,-0.0021290746039831017,-0.000738785823353912,-0.014404796488136078,-0.005281194574325482
42,0,DDoS_UDP,0.0,0.0,0.0,0.0,0.0
42,0,Fingerprinting,0.014080618956779945,-0.0511670590617959,0.14397904297285086,-0.10031279922920787,0.09799535976006564
42,0,MITM,0.0,0.0,0.0,0.0,0.0
42,0,Normal,3.9663517765927324e-05,-0.00014930197779517798,-0.00012975760598968322,-8.553093320655865e-05,7.764956318313347e-05
42,0,Password,-0.0010371214899681884,0.0005542883166992108,0.002701783250266205,-0.0007489140438536162,-0.0027922955829360933
42,0,Port_Scanning,0.012885234441492246,-0.007227875717653665,-0.00028568177788342676,-0.08579293986620135,-0.025022609262286964
42,0,Ransomware,0.0019661153235688124,0.006670578215543123,-0.009118187320257235,0.0008339368188815181,-0.0003524430377362183
42,0,SQL_injection,-0.01174963732042975,-0.004216164338111126,0.020859053414862484,0.019161780939565352,-0.00749335737452832
42,0,Uploading,0.01909629519935679,0.013343176381000386,-0.012505044272770261,-0.002958186883789814,0.01288812881245197
42,0,Vulnerability_scanner,0.0019367760523862575,0.0002694297356152823,0.000947135314534205,-0.0015249556382179877,0.004381724666801538
42,0,XSS,0.0,0.0,0.0,0.0,0.0
42,1,Backdoor,-0.0029191218301895397,-0.017875769171969366,-0.00788373787539209,-0.0006084701163280267,0.010960200666980644
42,1,DDoS_HTTP,0.005110254471775862,0.0027040272252449446,0.0006028860458189928,-0.006023429364915151,-0.0002279054966436165
42,1,DDoS_ICMP,-2.9791351651509147e-05,-6.729503538145573e-05,0.0004007608809850127,-0.0001797722899524031,0.0003257366468261839
42,1,DDoS_TCP,-0.0005921654876520761,-0.00324074562131577,-0.0009267697632883468,-0.014485090874700011,-0.0034295851331885415
42,1,DDoS_UDP,0.0,0.0,0.0,0.0,0.0
42,1,Fingerprinting,-0.024779752411331367,-0.036900964532543476,0.1689044581149843,-0.07566454013822431,0.14621857674489253
42,1,MITM,0.0,0.0,0.0,0.0,0.0
42,1,Normal,-4.78905739334512e-06,-9.872326319484981e-05,-0.00010063131993038692,-3.144640358868078e-05,0.00012443120521136533
42,1,Password,-0.0014715269697796953,0.0009814513239636599,0.0008516295086328942,0.00034548947797133773,-0.0007070433407881966
42,1,Port_Scanning,0.002615824952470894,-0.012366439393585869,-0.00034151539390600745,-0.08809142430379444,-0.016086538808150173
42,1,Ransomware,0.0017286061546759528,0.002513922492842178,-0.005092399338423868,0.000721312288536402,0.00012855840236933498
42,1,SQL_injection,-0.017442514777167687,-0.007279580803879223,0.020246394410529125,0.021740020885377454,-0.005356913705091367
42,1,Uploading,0.010583369719434672,0.013110544018463299,-0.015383978531663763,-0.003976554845605043,0.008627702549692333
42,1,Vulnerability_scanner,0.001481789045599772,0.0015105536541094274,-0.0021633964038284214,-0.0024888891739179796,0.006112553509254137
42,1,XSS,0.0,0.0,0.0,0.0,0.0
42,2,Backdoor,-0.0017903071039242695,-0.02323256915636319,-0.009988977082769433,-0.0033578827306932272,0.013086878481020052
42,2,DDoS_HTTP,0.004425114315571866,0.0010968676941809205,0.0016197835579295152,-0.005259555641813274,-0.0018822099258690272
42,2,DDoS_ICMP,4.9089623835646413e-05,4.909807631680585e-05,0.00019820632087401332,-0.0002507791304594979,0.00017925498693029026
42,2,DDoS_TCP,0.0016363880326497567,-0.0011736057393494407,0.0002963176854903826,-0.013650417233161793,-0.003005970201475633
42,2,DDoS_UDP,0.0,0.0,0.0,0.0,0.0
42,2,Fingerprinting,-0.005674388963862656,-0.006454116059379221,0.12716014835983863,-0.14103730606052578,0.13058082612262173
42,2,MITM,0.0,0.0,0.0,0.0,0.0
42,2,Normal,2.8033187684558166e-05,-0.00017163358382621025,-0.00016313274291443098,-6.983648364487874e-05,0.0001323071746497595
42,2,Password,0.0003435789392671575,-0.0008736243558972585,-0.0013030984420152685,0.0002593546154711505,-9.762423777840238e-05
42,2,Port_Scanning,0.012157426515650768,-0.0028015203171199137,0.005624863310169244,-0.0813739564287667,-0.013117516443847775
42,2,Ransomware,0.00024642120153062403,0.0024381185000302954,-0.001496031045516514,-0.0013131817798626045,0.00012467312381819935
42,2,SQL_injection,-0.014033576811275008,-0.006142196069785072,0.020002478559728133,0.02023602836437373,-0.006937926256801624
42,2,Uploading,0.021440297433803063,0.015041880295065063,-0.02096032956478004,-0.007447021645896445,0.014543870761458976
42,2,Vulnerability_scanner,0.0037825775533785,0.0030143155685642777,-0.00031173809648409506,-0.000734111345661694,0.003537062775818186
42,2,XSS,2.0303537891477875e-05,2.0303537891477875e-05,2.0303537891477875e-05,2.0303537891477875e-05,-8.12141515659115e-05
42,3,Backdoor,0.0020958923381568556,-0.023768048780348435,-0.012367257361813292,-0.005403951698508256,0.012671118142030459
42,3,DDoS_HTTP,0.00630791096771475,-0.00036021121916957516,0.0035370246275610723,-0.006372967260510791,-0.005178753938260214
42,3,DDoS_ICMP,-7.3619504288024995e-06,-8.22595858548288e-05,0.0004792147022740963,-0.000213383152759992,0.00027302403106739076
42,3,DDoS_TCP,0.0020305454285936553,-0.0016205748675578817,-0.0005737140612223542,-0.015257552398192683,-0.004453704101620724
42,3,DDoS_UDP,0.0,0.0,0.0,0.0,0.0
42,3,Fingerprinting,-0.012678347163473023,-0.04679140759232293,0.2306496698487542,-0.10059257718296619,0.15163488431222985
42,3,MITM,0.0,0.0,0.0,0.0,0.0
42,3,Normal,4.529356521028223e-05,-0.00017375447556943017,-0.00010690980440100269,-7.683443470428523e-05,4.6131272296952756e-05
42,3,Password,0.0005899135656130335,-0.001883181299122636,0.00017493448658545223,0.0005035866932830383,0.00033143635730715403
42,3,Port_Scanning,0.015623134275495021,-0.004113691045313552,0.0013848403639979579,-0.09658347906940051,-0.02218029048905155
42,3,Ransomware,0.0003006800404658246,0.0022676758878613294,-0.0029578084589865477,0.001085675157667824,-0.0006962226270084304
42,3,SQL_injection,-0.020261660520349396,-0.0021381469857765156,0.031034555872283324,0.03047224224172053,-0.006026898150446284
42,3,Uploading,0.019853830824079557,0.011919446083710868,-0.01118332666805214,-0.0045391102603106435,0.011220094332463872
42,3,Vulnerability_scanner,0.00045248496877488,0.0002932179153491717,0.003954095257558596,0.0018697875777655803,0.0030156313066640296
42,3,XSS,0.0,0.0,0.0,0.0,0.0
42,4,Backdoor,0.006835486120533766,-0.017637123957703324,-0.004598658323831563,-0.0019141547144206942,0.006748949631431232
42,4,DDoS_HTTP,0.002945931119057408,0.0022341346325987425,-0.0005663863189988553,-0.001472532411475915,-0.00041635138085447575
42,4,DDoS_ICMP,7.42320369491382e-05,-0.0001121454095890817,0.0007484775634732673,-0.0005423530517850143,0.0005057910106583889
42,4,DDoS_TCP,0.0008494268792777094,-0.0006868717512275043,-0.0012313494126817445,-0.014324481403961021,-0.004083485065901895
42,4,DDoS_UDP,-0.00013395737261745293,5.353192596120326e-05,-0.00037486481148453764,0.0002947669498049421,-0.0001607095635563845
42,4,Fingerprinting,0.03823559172664031,-0.04745453227617718,0.21620801913371543,-0.16219414422941147,0.15334748050591365
42,4,MITM,-0.08680414559403343,-0.01739488661471252,0.2937269519482271,-0.08649504163764513,-0.10303287810183577
42,4,Normal,-3.920518868865316e-05,-4.415336844055632e-05,1.737594973231597e-05,-2.7114367317606265e-05,2.3886399264659113e-05
42,4,Password,-0.001417097075574653,-0.00011552357138539063,0.003503242340081832,0.001903246243343099,-0.0034082463316224376
42,4,Port_Scanning,0.013204090561186174,-0.0011675053346729108,0.002362811607131691,-0.09288516558351224,-0.018980657942642865
42,4,Ransomware,-7.65277592939743e-05,0.001705233087527234,-0.0035004475370671974,-0.002020882750657558,0.0001487825949595382
42,4,SQL_injection,-0.013329170382051,-0.006845931947591653,0.017743441567782185,0.01926985327658461,-0.010188086423537501
42,4,Uploading,0.016630806248929462,0.00932105319976387,-0.016532936033955444,-0.007555477193539182,0.0078824014986108
42,4,Vulnerability_scanner,0.0017405851358936427,0.0014610571263881896,-0.0013807070396045637,-0.001329211686594097,0.004429808165109522
42,4,XSS,0.0,0.0,0.0,0.0,0.0
42,Aggregated,Backdoor,0.0007417047034979381,-0.020863202939908933,-0.009015881004538918,-0.0028367118035542687,0.010791593266261635
42,Aggregated,DDoS_HTTP,0.005291219698944732,0.0016383893814071052,0.0010664881079566165,-0.0050628816933918205,-0.0025168191795298194
42,Aggregated,DDoS_ICMP,2.476999925358029e-05,-6.499252522295847e-05,0.0004177002888854864,-0.00025963556655512197,0.00028663217243799313
42,Aggregated,DDoS_TCP,0.001097570042910336,-0.001767695366279102,-0.0006340861134554713,-0.014427814074113567,-0.004049686249020549
42,Aggregated,DDoS_UDP,-2.683594273907667e-05,1.073233041171869e-05,-7.513198260517181e-05,5.904150835370954e-05,-3.220155493157499e-05
42,Aggregated,Fingerprinting,0.00237493068849915,-0.038218336719136464,0.17743988770797817,-0.11510265256604944,0.13542900453829737
42,Aggregated,MITM,-0.08680414559403345,-0.017394886614712522,0.2937269519482271,-0.08649504163764525,-0.1030328781018357
42,Aggregated,Normal,1.38165212066943e-05,-0.00012757625197223343,-9.668924932272523e-05,-5.816360694855064e-05,8.090930243954131e-05
42,Aggregated,Password,-0.0006171351414919622,-0.0002549512326754058,0.0012008938957139093,0.00045802101745445,-0.0013471685630821373
42,Aggregated,Port_Scanning,0.011214436369870661,-0.005576340765898691,0.0017395942471814076,-0.0888530709116015,-0.019027292458006318
42,Aggregated,Ransomware,0.0008502150595023831,0.003153576010637086,-0.004460415787596186,-0.00013226313037090025,-0.0001342838015014965
42,Aggregated,SQL_injection,-0.015376116380790101,-0.005325525368627535,0.02198727800354812,0.02219050515157001,-0.007223554388318446
42,Aggregated,Uploading,0.017554550214581927,0.012507370506342907,-0.015323924183034411,-0.005323702645040392,0.011018626271121835
42,Aggregated,Vulnerability_scanner,0.0018719552587035818,0.0013125841309114873,0.00020813531456620089,-0.000832081128402055,0.004302758899317292
42,Aggregated,XSS,2.6271542664983717e-06,2.6271542664983717e-06,2.6271542664983717e-06,2.6271542664983717e-06,-1.0508617065993487e-05
42,Centralized,Backdoor,0.0007417047034979381,-0.020863202939908933,-0.009015881004538918,-0.0028367118035542687,0.010791593266261635
42,Centralized,DDoS_HTTP,0.005291219698944732,0.0016383893814071052,0.0010664881079566165,-0.0050628816933918205,-0.0025168191795298194
42,Centralized,DDoS_ICMP,2.476999925358029e-05,-6.499252522295847e-05,0.0004177002888854864,-0.00025963556655512197,0.00028663217243799313
42,Centralized,DDoS_TCP,0.001097570042910336,-0.001767695366279102,-0.0006340861134554713,-0.014427814074113567,-0.004049686249020549
42,Centralized,DDoS_UDP,-2.683594273907667e-05,1.073233041171869e-05,-7.513198260517181e-05,5.904150835370954e-05,-3.220155493157499e-05
42,Centralized,Fingerprinting,0.00237493068849915,-0.038218336719136464,0.17743988770797817,-0.11510265256604944,0.13542900453829737
42,Centralized,MITM,-0.08680414559403345,-0.017394886614712522,0.2937269519482271,-0.08649504163764525,-0.1030328781018357
42,Centralized,Normal,1.38165212066943e-05,-0.00012757625197223343,-9.668924932272523e-05,-5.816360694855064e-05,8.090930243954131e-05
42,Centralized,Password,-0.0006171351414919622,-0.0002549512326754058,0.0012008938957139093,0.00045802101745445,-0.0013471685630821373
42,Centralized,Port_Scanning,0.011214436369870661,-0.005576340765898691,0.0017395942471814076,-0.0888530709116015,-0.019027292458006318
42,Centralized,Ransomware,0.0008502150595023831,0.003153576010637086,-0.004460415787596186,-0.00013226313037090025,-0.0001342838015014965
42,Centralized,SQL_injection,-0.015376116380790101,-0.005325525368627535,0.02198727800354812,0.02219050515157001,-0.007223554388318446
42,Centralized,Uploading,0.017554550214581927,0.012507370506342907,-0.015323924183034411,-0.005323702645040392,0.011018626271121835
42,Centralized,Vulnerability_scanner,0.0018719552587035818,0.0013125841309114873,0.00020813531456620089,-0.000832081128402055,0.004302758899317292
42,Centralized,XSS,2.6271542664983717e-06,2.6271542664983717e-06,2.6271542664983717e-06,2.6271542664983717e-06,-1.0508617065993487e-05
43,0,Backdoor,-0.01466700355029498,0.020130195659805554,0.011100409571641288,0.0827846862637851,-0.013456778324613805
43,0,DDoS_HTTP,0.007388685914016781,-0.002009267312714867,-0.006117155206137504,-0.005469962413513472,-0.0011593410462387098
43,0,DDoS_ICMP,-3.7781260951645173e-06,-0.00015321908805958074,-7.838044705906581e-05,5.1983406966390106e-05,-4.1172201259859206e-05
43,0,DDoS_TCP,0.004134714427986475,-0.012000730178405389,0.01017152523020772,-0.001229441340297092,0.011772956088207685
43,0,DDoS_UDP,0.0,0.0,0.0,0.0,0.0
43,0,Fingerprinting,0.0032622405687421216,-0.09368765049879597,-0.056650613461758974,0.06145510835913306,-0.01895424836601307
43,0,MITM,0.0,0.0,0.0,0.0,0.0
43,0,Normal,-3.80840134967364e-05,0.00025952372147747076,0.00011387926639462864,0.0005381786192916627,-4.6904793442790565e-05
43,0,Password,0.0011810425759921648,0.0002032310116033262,0.0008445345865075389,-0.00466807604883879,-0.006282778791077467
43,0,Port_Scanning,0.022862074874452396,-0.06348313209101955,0.05289231690060154,-0.006083368294171523,0.06082065561868407
43,0,Ransomware,0.0007773372418546642,-0.004103898011342931,-0.0038331312818097596,0.002945786862299913,-0.0029249682075440653
43,0,SQL_injection,-0.0070239512410078305,-0.004818968372514817,0.004011206582573322,-0.0278280451833382,-0.0027285424940680634
43,0,Uploading,0.012389163985307853,-0.015201048121623078,-0.021030407359600215,-0.011459058510664446,0.004428010571796043
43,0,Vulnerability_scanner,0.003603711964693507,-0.0017200891329891685,-0.003089592580865806,-0.002359309353628486,-0.0009030206893464121
43,0,XSS,-0.0004626987202134903,-0.0005161146702161605,-0.0004626987202134903,0.0019042108308566313,-0.0004626987202134903
43,1,Backdoor,-0.022277178325809246,0.011636382890550714,0.005091411478847139,0.09891851460047055,-0.018121829119385195
43,1,DDoS_HTTP,0.005465012937649997,-0.0018269901689971437,-0.0027335620533654025,-0.005448226489186801,0.00020594707701547256
43,1,DDoS_ICMP,-0.00019481980799871217,-0.00025098670519635804,2.999961741420217e-05,-4.5024735074805645e-05,1.1192780029845029e-05
43,1,DDoS_TCP,0.004263922219871134,-0.013793436365058113,0.01031950972459621,-0.0004990795104629631,0.014277619143553189
43,1,DDoS_UDP,0.0,0.0,0.0,0.0,0.0
43,1,Fingerprinting,-0.07881468376824416,-0.10495847461791734,0.010074205120644752,-0.012565728045604217,0.008486903533343162
43,1,MITM,0.0,0.0,0.0,0.0,0.0
43,1,Normal,-0.00014869741933610977,0.00014434080030710598,9.419952132420085e-05,0.0006440981407918378,-8.88568439081768e-05
43,1,Password,0.0017745334354934588,0.0018663177231504333,-4.252825780007898e-05,-0.00436018971496168,0.002798728070248209
43,1,Port_Scanning,0.023375600442691692,-0.07270619985896513,0.05355059321586316,-0.002161514521842672,0.07231819349306565
43,1,Ransomware,-0.0006682817609587832,-0.003333888845438998,-0.0012609703274939709,0.004422756930359064,-0.002737564152728757
43,1,SQL_injection,-0.003253960922427944,-0.0037702253445641085,0.004098900068022305,-0.02682799798086299,0.00565369114959915
43,1,Uploading,0.008543443242566376,-0.009708716236021153,-0.020936638057100634,-0.008886708271846575,0.009742944581917528
43,1,Vulnerability_scanner,0.001650667325149404,-0.001406437187972396,-0.005616276639153944,-0.0039030438542036823,0.0015346511514841492
43,1,XSS,-0.0026075635113034495,-0.0025480442568246247,-0.0033681692611410726,0.011891946290410219,-0.0033681692611410726
43,2,Backdoor,-0.021396459416274934,0.01578116191524743,0.007345441319494165,0.1040685743548536,-0.019814459456334716
43,2,DDoS_HTTP,0.0047099735818315345,-0.0006778044924369647,0.0001469360065492531,-0.005472384317509449,-0.0008848857855467536
43,2,DDoS_ICMP,-1.1246870299454667e-05,-8.620349613187399e-05,-0.0001611263577183756,2.622300155527557e-05,7.483845097170742e-06
43,2,DDoS_TCP,0.003770941513226907,-0.011868372772399102,0.007860308083331706,-0.0012215290859824682,0.011170604584966097
43,2,DDoS_UDP,0.0,0.0,0.0,0.0,0.0
43,2,Fingerprinting,-0.004793028322440087,-0.03965141612200435,-0.07886710239651415,0.013725490196078433,0.0050108932461873645
43,2,MITM,0.0,0.0,0.0,0.0,0.0
43,2,Normal,-0.00015529522541872417,0.00019372824038602632,0.00011711967263324981,0.0007505991217676477,-0.0001285158171829226
43,2,Password,-0.005372131655573473,0.0018594323790541213,0.004232213350601103,-0.0002760175628898576,-0.0007751978738210614
43,2,Port_Scanning,0.021254095598965784,-0.06404269230516378,0.04145877972634129,-0.006001572553111455,0.0573435678231361
43,2,Ransomware,0.0025352552834094692,-0.0012085433024727366,-0.0009238642134458204,-0.00034376342825891414,-5.9084339231998034e-05
43,2,SQL_injection,-0.0040442044797249,-0.006642701296675058,0.001537894691715662,-0.016797536372561227,4.422366446411169e-05
43,2,Uploading,0.009339211818295357,-0.015415215541564005,-0.0236335605347764,-0.010273181325013304,0.003827974667167236
43,2,Vulnerability_scanner,0.0035656052815043657,-0.0037710796580758634,-0.006038263776739855,-0.002004997139271584,-0.0016356151447941836
43,2,XSS,-0.0034804570950761836,-0.00021223089024208035,-0.0032784318424246635,0.010249551670167589,-0.0032784318424246635
43,3,Backdoor,-0.02191953879095471,0.017310466100104678,0.012329642329630752,0.09981669444485523,-0.02180241968716164
43,3,DDoS_HTTP,0.007054695242917621,-0.002413657536431239,-0.002413816880033487,-0.009532268987802458,-0.0010205959444464295
43,3,DDoS_ICMP,-0.00018344144864176532,-0.00022086919122631202,-0.00010856068015184609,4.117557350716653e-05,2.2461702214893188e-05
43,3,DDoS_TCP,0.004363645922074545,-0.011372507416126838,0.009195993986969849,-0.00039901791735873676,0.011356726694282457
43,3,DDoS_UDP,0.0,0.0,0.0,0.0,0.0
43,3,Fingerprinting,-0.09019607843137252,-0.10980392156862744,-0.05424836601307188,0.02091503267973856,0.01111111111111111
43,3,MITM,0.0,0.0,0.0,0.0,0.0
43,3,Normal,-0.00016113537691013943,0.00016643017081628222,8.195830574402503e-05,0.0008077402833850204,-0.0001851306177886499
43,3,Password,-0.004577511409258522,0.004483021265727888,0.002465059980876827,-0.00011624706172162353,-0.0010176382145070642
43,3,Port_Scanning,0.02501418039892885,-0.0633799724531731,0.050463316018351884,-0.0016835717172908262,0.061914300176222264
43,3,Ransomware,-0.0012676759984554086,-0.00304593765695661,-0.00037318895939004727,0.0023765304569960287,-0.0012676759984554086
43,3,SQL_injection,-0.006767871136738887,-0.005840618884238804,-0.0019095224509615904,-0.023322256533521622,-0.004485960261985123
43,3,Uploading,0.004132888579919876,-0.009708195421346703,-0.017131202886041683,-0.006903805648556347,-0.0018332003442204292
43,3,Vulnerability_scanner,0.0017169157088098167,-0.0020837412372651186,-0.004722373850467739,-0.0025553514386650452,-0.00042457097456748973
43,3,XSS,-0.0004951955669923267,-0.001341085072675647,-0.00132318701998378,0.004482654679635534,-0.00132318701998378
43,4,Backdoor,-0.02112947017350065,0.017136388105991274,0.008975111874720552,0.09536635381405967,-0.020151014032516585
43,4,DDoS_HTTP,0.0036278049475961137,-0.0003354774186052271,-0.0017284276785638228,-0.003968546939475433,0.0011241420340313908
43,4,DDoS_ICMP,-9.007925496622992e-05,-0.0008563030586515808,0.00011580702325983035,-0.0002770324939200578,-0.0002394867259570314
43,4,DDoS_TCP,0.00393526205320784,-0.012472119297563792,0.009028503572446778,-0.0024847618335530433,0.011618832046096381
43,4,DDoS_UDP,-0.00010736396622338755,0.0008577833757355916,-0.00013425417714264346,0.00042888657002716307,0.00024112116487046142
43,4,Fingerprinting,-0.04692695791766999,-0.10520582502006648,-0.07797270955165689,0.044576310056186196,-0.012613232427473914
43,4,MITM,-0.13308553350541633,-0.059336486014001114,0.26609639375342437,-0.050142950805821825,-0.1087133222746804
43,4,Normal,-0.00019074214338605234,0.000204311857312293,0.00019950583157481993,0.0006418234039587818,-0.00016142790169488275
43,4,Password,-0.0035308842812089144,0.00019792886894024104,0.003229985170323345,-0.0019680801700508828,-0.0011500555010339132
43,4,Port_Scanning,0.022819113002338774,-0.06958261307158849,0.05051628779375628,-0.01599028277208224,0.06270344486836411
43,4,Ransomware,-0.0012143623135539572,-0.003169216550131184,0.0023972145618560703,0.0017625434393436317,0.00022382086248543912
43,4,SQL_injection,-0.004343969334827555,-0.006472845660981156,-9.70677567178622e-05,-0.02040325253015241,0.0050013458089947695
43,4,Uploading,0.011713521176725795,-0.010245224367416709,-0.01750766213384947,-0.007766184306535902,-0.00252323980536479
43,4,Vulnerability_scanner,0.001605946422527508,-0.0021463130801345045,-0.0056886320136523205,-0.0012479922129131182,-8.990395092399184e-05
43,4,XSS,-0.002116007368554416,-0.0036718104863265157,-0.0035697696699999847,0.0129273571948809,-0.0035697696699999847
43,Aggregated,Backdoor,-0.020204512664840846,0.016459291941364352,0.008970334928064087,0.09605695861126674,-0.018603296150028537
43,Aggregated,DDoS_HTTP,0.005662728254594498,-0.0014596457897042567,-0.0026147381037740004,-0.005980567022493532,-0.0003427048696313902
43,Aggregated,DDoS_ICMP,-9.664337919460715e-05,-0.0003136613640929042,-4.0411987728516954e-05,-4.0561010791055156e-05,-4.794857441985379e-05
43,Aggregated,DDoS_TCP,0.004095049670997558,-0.012300198249718054,0.009313380937972347,-0.001168593534401217,0.012038664653655613
43,Aggregated,DDoS_UDP,-2.14766934608257e-05,0.0001717683188531475,-2.6847838192288014e-05,8.58839524208288e-05,4.830461365749605e-05
43,Aggregated,Fingerprinting,-0.044812296619150545,-0.09135169382858542,-0.048267256534614465,0.023673933865056247,-0.0011655205322946718
43,Aggregated,MITM,-0.13308553350541633,-0.0593364860140011,0.2660963937534243,-0.05014295080582181,-0.10871332227468047
43,Aggregated,Normal,-0.00013880588247210205,0.0001936476432319349,0.00012129479420003678,0.0006765824105621802,-0.00012218220541701147
43,Aggregated,Password,-0.002117878312973974,0.0017271496525816576,0.002167681378759991,-0.002282962705063127,-0.0013098182826943555
43,Aggregated,Port_Scanning,0.023036488128903954,-0.06668986598992992,0.049765823064354474,-0.006378929499516309,0.0630411957140951
43,Aggregated,Ransomware,-2.3810502546184333e-06,-0.0029521204584198953,-0.0008163991903781421,0.002245905557408651,-0.0013502866024995266
43,Aggregated,SQL_injection,-0.00509482496377476,-0.0055094641265553594,0.0015334503471819685,-0.02308072652233841,0.0007075796945077361
43,Aggregated,Uploading,0.009355544293807272,-0.012098294122781676,-0.020036510492251226,-0.009052428303335257,0.002758125558041218
43,Aggregated,Vulnerability_scanner,0.002420483764458294,-0.002226750037421695,-0.005030412521519469,-0.0024151110188980382,-0.00030581593765856746
43,Aggregated,XSS,-0.0018836726265379212,-0.0017043373674300495,-0.0024710150384335315,0.008530040070835033,-0.0024710150384335315
43,Centralized,Backdoor,-0.020204512664840846,0.016459291941364352,0.008970334928064087,0.09605695861126674,-0.018603296150028537
43,Centralized,DDoS_HTTP,0.005662728254594498,-0.0014596457897042567,-0.0026147381037740004,-0.005980567022493532,-0.0003427048696313902
43,Centralized,DDoS_ICMP,-9.664337919460715e-05,-0.0003136613640929042,-4.0411987728516954e-05,-4.0561010791055156e-05,-4.794857441985379e-05
43,Centralized,DDoS_TCP,0.004095049670997558,-0.012300198249718054,0.009313380937972347,-0.001168593534401217,0.012038664653655613
43,Centralized,DDoS_UDP,-2.14766934608257e-05,0.0001717683188531475,-2.6847838192288014e-05,8.58839524208288e-05,4.830461365749605e-05
43,Centralized,Fingerprinting,-0.044812296619150545,-0.09135169382858542,-0.048267256534614465,0.023673933865056247,-0.0011655205322946718
43,Centralized,MITM,-0.13308553350541633,-0.0593364860140011,0.2660963937534243,-0.05014295080582181,-0.10871332227468047
43,Centralized,Normal,-0.00013880588247210205,0.0001936476432319349,0.00012129479420003678,0.0006765824105621802,-0.00012218220541701147
43,Centralized,Password,-0.002117878312973974,0.0017271496525816576,0.002167681378759991,-0.002282962705063127,-0.0013098182826943555
43,Centralized,Port_Scanning,0.023036488128903954,-0.06668986598992992,0.049765823064354474,-0.006378929499516309,0.0630411957140951
43,Centralized,Ransomware,-2.3810502546184333e-06,-0.0029521204584198953,-0.0008163991903781421,0.002245905557408651,-0.0013502866024995266
43,Centralized,SQL_injection,-0.00509482496377476,-0.0055094641265553594,0.0015334503471819685,-0.02308072652233841,0.0007075796945077361
43,Centralized,Uploading,0.009355544293807272,-0.012098294122781676,-0.020036510492251226,-0.009052428303335257,0.002758125558041218
43,Centralized,Vulnerability_scanner,0.002420483764458294,-0.002226750037421695,-0.005030412521519469,-0.0024151110188980382,-0.00030581593765856746
43,Centralized,XSS,-0.0018836726265379212,-0.0017043373674300495,-0.0024710150384335315,0.008530040070835033,-0.0024710150384335315
44,0,Backdoor,0.04806780029505373,-0.07341212810898333,0.0006404421559526012,0.040009943505113395,-0.07759800943798108
44,0,DDoS_HTTP,-0.006023104799425668,-0.0012388930214615754,-0.0036334814221047175,-0.0006845698265452745,0.005458224765894737
44,0,DDoS_ICMP,-9.356094803451934e-05,-0.00013097184645048757,0.000187180877973947,-7.4847076742246e-05,-0.00011226639724250346
44,0,DDoS_TCP,-0.014371349083724842,0.011558123761867798,-0.014798872719354516,0.005440008947870097,0.01403989060872759
44,0,DDoS_UDP,0.0,0.0,0.0,0.0,0.0
44,0,Fingerprinting,-0.04505446623093682,-0.06466230936819171,0.08326797385620915,-0.036339869281045746,-0.05485838779956427
44,0,MITM,0.0,0.0,0.0,0.0,0.0
44,0,Normal,0.0005021961227655395,-0.0007209049368806231,1.0792834310093443e-05,0.0003647054539364647,-0.0007583720854301979
44,0,Password,-0.00047917635340679146,0.00530609143475698,-0.0013238939459837623,0.0006690274267364437,0.005187477483117379
44,0,Port_Scanning,-0.08251088199612215,0.06579405796624845,-0.08711204830806916,0.034871480315835986,0.07802288135249716
44,0,Ransomware,-0.006206729361496247,-0.007578255361419404,-0.009002879559671684,0.002581719442975311,0.003093845374371403
44,0,SQL_injection,0.013925781330867092,0.00524820292032087,0.011036063053727696,-0.008635311689634672,-0.007248980398837502
44,0,Uploading,-0.005806336126583392,0.005979013246302405,0.004622949771072082,-0.0015915782872993796,0.027669290831292104
44,0,Vulnerability_scanner,0.00018339269385548676,0.001970055009869585,0.001468000861028736,-0.0018481791351091053,0.000716031417685753
44,0,XSS,0.0,0.0,0.0,0.0,0.0
44,1,Backdoor,0.056764545529813575,-0.08149892895108438,-0.003616595582304801,0.056907298519945824,-0.08412495620108881
44,1,DDoS_HTTP,-0.003907769835233859,0.0015568912201806293,0.0010039442500926069,-0.004467858670161333,0.0036366280280095797
44,1,DDoS_ICMP,-0.00011611698293007937,-0.00015355315328823468,0.0003146473547594268,5.2383731445754256e-05,-9.736094998686699e-05
44,1,DDoS_TCP,-0.015955182844376383,0.012771219879207155,-0.017692277515769628,0.0059406440127967195,0.016792526831660888
44,1,DDoS_UDP,0.0,0.0,0.0,0.0,0.0
44,1,Fingerprinting,-0.049950980392156875,-0.06846949891067539,0.13422657952069716,0.029133986928104576,-0.044940087145969504
44,1,MITM,0.0,0.0,0.0,0.0,0.0
44,1,Normal,0.0005943862374480543,-0.000784238620875057,-2.1955904908767716e-05,0.0004969751797337293,-0.0007944426796975823
44,1,Password,-0.005357999118626022,0.004834698324748213,-0.001173066296077826,-0.003376628278740652,0.0026217541160022634
44,1,Port_Scanning,-0.08958467779490248,0.07132082400400981,-0.10738396669384279,0.04041904043552834,0.09398134945878756
44,1,Ransomware,0.00017088486583055246,-0.005721771895221018,0.001356457957796566,0.0034619072553572086,0.0007325218162366902
44,1,SQL_injection,0.012701540555400098,0.0027799101693574886,0.005588486594405595,-0.005877045613078474,-0.007574681741110709
44,1,Uploading,-0.006769514345511026,0.007153428561733244,0.007654273003878165,-0.00496684342655672,0.023955061843950753
44,1,Vulnerability_scanner,0.0007235425550732737,0.0026739287666283787,0.002022860228396443,-0.001999679386798786,0.002953258381667634
44,1,XSS,0.001968300010359475,-0.0004920750025898688,-0.0004920750025898688,-0.0004920750025898688,-0.0004920750025898688
44,2,Backdoor,0.05738746076060703,-0.08393592577756734,0.0015448265595672287,0.050067636740477005,-0.08822218628107817
44,2,DDoS_HTTP,-0.0034455972575326336,0.001083664307532257,0.001528939896638511,-0.003922529329461387,0.0047555223828232495
44,2,DDoS_ICMP,-7.483480695506713e-05,-3.737337616181631e-05,3.710077120603339e-05,5.6288641882790146e-05,1.881877002805991e-05
44,2,DDoS_TCP,-0.012756895270004802,0.010391073433445409,-0.014651316504294859,0.005003927254662712,0.013243085862577879
44,2,DDoS_UDP,0.0,0.0,0.0,0.0,0.0
44,2,Fingerprinting,-0.04718331777155307,-0.02757547463429816,0.05256769374416433,0.02035480859010271,0.0018362900715841919
44,2,MITM,0.0,0.0,0.0,0.0,0.0
44,2,Normal,0.0006028256638639263,-0.0007828046269614734,7.006761370533428e-06,0.000464371256733744,-0.0008469834790660713
44,2,Password,-0.0010454267558673096,0.0015195327879182542,0.00027945356551159115,0.00011079394797950855,0.0018134124612226817
44,2,Port_Scanning,-0.07167686733290855,0.05904566536041978,-0.0878630338603306,0.032455300585128855,0.07404259982217104
44,2,Ransomware,-0.00035189948618778445,-0.001778875800366723,-0.0012059367532685327,0.0013704985241511443,0.001966213515671896
44,2,SQL_injection,0.008041701092437384,0.0039454884327258894,0.0058987175252403785,-0.0031437013804084474,-0.006794853393148502
44,2,Uploading,-0.009897743985043879,0.010083642147391374,-0.005124740465397727,-0.00438367800341731,0.03657291119322206
44,2,Vulnerability_scanner,-0.0004629822161552185,0.002349999969309528,-6.798004214929229e-05,-0.001443644861102881,0.003856281335129539
44,2,XSS,-0.0009798994974874373,-0.0009460602676683076,-0.0009460602676683076,0.00385191953031149,-0.0009798994974874373
44,3,Backdoor,0.0634447298831366,-0.08754387035250799,-0.0006000692365072687,0.05900285829189424,-0.09204347994837443
44,3,DDoS_HTTP,-0.00656124510432976,0.004236097257165139,0.0014588086503666774,-0.003462060692248776,0.008502801419143296
44,3,DDoS_ICMP,-5.236498473723169e-05,-5.236498473723169e-05,0.00013458759823261612,-1.4928814379076375e-05,-1.4928814379076375e-05
44,3,DDoS_TCP,-0.012734721748024721,0.010762618732607695,-0.013945007962384647,0.004860075992514606,0.013491969402855334
44,3,DDoS_UDP,0.0,0.0,0.0,0.0,0.0
44,3,Fingerprinting,-0.02981481481481481,-0.02981481481481481,0.08222222222222221,-0.011296296296296297,-0.011296296296296297
44,3,MITM,0.0,0.0,0.0,0.0,0.0
44,3,Normal,0.0005634204439120882,-0.000818254114405618,-2.58517928065823e-06,0.0006226588370343252,-0.0008533849044995008
44,3,Password,-0.0006743493458007899,0.0010697867771572384,-0.0004703903959131219,-0.000613673974631763,1.9318264595769483e-05
44,3,Port_Scanning,-0.07506481895829165,0.0643326040277716,-0.08876156101637399,0.03343971431773707,0.07844144901654439
44,3,Ransomware,-0.0008662383422897564,-0.004110569635157929,-0.004089398344292472,0.0038372153295126036,0.0016938925144841946
44,3,SQL_injection,0.01378786220619125,0.005781439864197355,0.003151803791425092,-0.007910723205669847,-0.010626473768312899
44,3,Uploading,-0.00242672271028616,0.0051544679119442695,-0.0020411681822639447,0.0014060439456313031,0.028904455694151652
44,3,Vulnerability_scanner,0.00031716269236412205,0.0016115380257112177,-6.08146490780966e-05,9.440092255485292e-05,0.0010354761972730683
44,3,XSS,0.0,0.0,0.0,0.0,0.0
44,4,Backdoor,0.05746579177185867,-0.08074751204215998,-0.0016115099031987971,0.04714601146197785,-0.08406678592540348
44,4,DDoS_HTTP,-0.002804148249054374,0.0008770989929550462,0.0008247359678726844,-0.0013544114198491164,0.00245672470807576
44,4,DDoS_ICMP,-0.00025801374209988477,-0.0003328102099065829,0.001013475424325281,-3.367467792276812e-05,5.965044927818131e-05
44,4,DDoS_TCP,-0.014455131183520849,0.012742164498324755,-0.015780680717286742,0.006124351484906417,0.014648242127768508
44,4,DDoS_UDP,0.00017694378378701653,0.00017694378378701653,-0.0008417251217932149,-6.436043335172336e-05,-0.00041274210780405015
44,4,Fingerprinting,-0.04501829439909935,-0.08423398067360906,0.12434562341683084,-0.01870250492541514,-0.09403790224223657
44,4,MITM,-0.0851407590297888,-0.033841277077495686,0.21969021662806354,-0.018111442831037383,-0.08259673768974173
44,4,Normal,0.0005147175508782539,-0.0007651509807035698,9.7855587165487e-05,0.0004150086303304453,-0.0007752763475972053
44,4,Password,-0.0040232701870052175,0.003975329537131222,0.002682479108785057,-0.0016970881445498873,0.002128243367726384
44,4,Port_Scanning,-0.08897957637312162,0.07397519858525846,-0.09806746000858689,0.03794317891663949,0.08718935393610037
44,4,Ransomware,-0.0006269445304971403,-0.008174219204690298,0.0024938465786196145,0.0015431442623103605,0.0010628741929587016
44,4,SQL_injection,0.010245066586425135,0.004631905183390499,0.005650787636104898,-0.003123217586576453,-0.01046009737489963
44,4,Uploading,-0.008681833048677949,0.004356470048329621,-0.0005781277086138708,-0.004241578208295795,0.031316719547406634
44,4,Vulnerability_scanner,-0.0014654895304892445,0.00184780547570584,0.0006772777294096163,-0.0008623462286620605,0.002604757107000603
44,4,XSS,-4.661763182430279e-05,3.1078421216201854e-05,3.1078421216201854e-05,-4.661763182430279e-05,3.1078421216201854e-05
44,Aggregated,Backdoor,0.05657935466410255,-0.08139324954884275,-0.0007307533138985985,0.05052853552041227,-0.08516677993013892
44,Aggregated,DDoS_HTTP,-0.004563197089585325,0.0012923296349384458,0.00020158784952506632,-0.0027366836825160547,0.004967041227747865
44,Aggregated,DDoS_ICMP,-0.00011900513326562982,-0.00014146143236591543,0.0003375554444094301,-2.9805122824096603e-06,-2.9195095469182938e-05
44,Aggregated,DDoS_TCP,-0.014054715485817125,0.011646359034201055,-0.015374055285597215,0.0054738301531799295,0.014444432706839915
44,Aggregated,DDoS_UDP,3.5428253095158106e-05,3.5428253095158106e-05,-0.00016854867460320834,-1.2883692586573848e-05,-8.266085076849747e-05
44,Aggregated,Fingerprinting,-0.04388455232661263,-0.05540903964427742,0.09677277889764135,-0.0026133295641482183,-0.04022375955962636
44,Aggregated,MITM,-0.08514075902978877,-0.033841277077495686,0.21969021662806348,-0.018111442831037383,-0.08259673768974175
44,Aggregated,Normal,0.0005555549730992889,-0.0007743178050530319,1.8185593855050512e-05,0.00047285228240936765,-0.0008057314392787211
44,Aggregated,Password,-0.0023300578927019236,0.003359858328772845,-1.3598005881825896e-05,-0.0009842288141974534,0.002359968770520409
44,Aggregated,Port_Scanning,-0.08155724631498448,0.06687197762300033,-0.09385015449856908,0.035817758356445246,0.08234909833070145
44,Aggregated,Ransomware,-0.0016257093726151659,-0.00545958663811976,-0.002206591501013703,0.002574206757876931,0.0017519868347645258
44,Aggregated,SQL_injection,0.011771794468363754,0.0044857276602310835,0.006273811033728251,-0.005747004142636189,-0.008556920388774491
44,Aggregated,Uploading,-0.006783903870929377,0.006524701430099784,0.0008979243027805922,-0.0028298428620895924,0.02965114803574588
44,Aggregated,Vulnerability_scanner,-0.00013706857876872314,0.002086802227138773,0.0008135437068935381,-0.001212724841112526,0.002233027282448206
44,Aggregated,XSS,0.0001891600727669758,-0.000291987410851271,-0.000291987410851271,0.0006911807502310011,-0.00029636600129543495
44,Centralized,Backdoor,0.05657935466410255,-0.08139324954884275,-0.0007307533138985985,0.05052853552041227,-0.08516677993013892
44,Centralized,DDoS_HTTP,-0.004563197089585325,0.0012923296349384458,0.00020158784952506632,-0.0027366836825160547,0.004967041227747865
44,Centralized,DDoS_ICMP,-0.00011900513326562982,-0.00014146143236591543,0.0003375554444094301,-2.9805122824096603e-06,-2.9195095469182938e-05
44,Centralized,DDoS_TCP,-0.014054715485817125,0.011646359034201055,-0.015374055285597215,0.0054738301531799295,0.014444432706839915
44,Centralized,DDoS_UDP,3.5428253095158106e-05,3.5428253095158106e-05,-0.00016854867460320834,-1.2883692586573848e-05,-8.266085076849747e-05
44,Centralized,Fingerprinting,-0.04388455232661263,-0.05540903964427742,0.09677277889764135,-0.0026133295641482183,-0.04022375955962636
44,Centralized,MITM,-0.08514075902978877,-0.033841277077495686,0.21969021662806348,-0.018111442831037383,-0.08259673768974175
44,Centralized,Normal,0.0005555549730992889,-0.0007743178050530319,1.8185593855050512e-05,0.00047285228240936765,-0.0008057314392787211
44,Centralized,Password,-0.0023300578927019236,0.003359858328772845,-1.3598005881825896e-05,-0.0009842288141974534,0.002359968770520409
44,Centralized,Port_Scanning,-0.08155724631498448,0.06687197762300033,-0.09385015449856908,0.035817758356445246,0.08234909833070145
44,Centralized,Ransomware,-0.0016257093726151659,-0.00545958663811976,-0.002206591501013703,0.002574206757876931,0.0017519868347645258
44,Centralized,SQL_injection,0.011771794468363754,0.0044857276602310835,0.006273811033728251,-0.005747004142636189,-0.008556920388774491
44,Centralized,Uploading,-0.006783903870929377,0.006524701430099784,0.0008979243027805922,-0.0028298428620895924,0.02965114803574588
44,Centralized,Vulnerability_scanner,-0.00013706857876872314,0.002086802227138773,0.0008135437068935381,-0.001212724841112526,0.002233027282448206
44,Centralized,XSS,0.0001891600727669758,-0.000291987410851271,-0.000291987410851271,0.0006911807502310011,-0.00029636600129543495
45,0,Backdoor,0.06273064795464643,0.03879368684441655,-0.07218446707730015,0.057485124844178385,0.024748758306702687
45,0,DDoS_HTTP,0.006656232874772635,-0.00013052825969008623,0.006650678270930603,-0.008793563100368672,-0.0023365979069853732
45,0,DDoS_ICMP,2.641586877739077e-05,-0.00014292962726626576,0.00013861456967600622,-1.1560932241290919e-05,0.00021281053535704048
45,0,DDoS_TCP,0.005301862458021471,0.008256909087083715,0.003228066808207519,0.0033450250617564885,-0.015741614264933656
45,0,DDoS_UDP,0.0,0.0,0.0,0.0,0.0
45,0,Fingerprinting,-0.0033464451124970724,-0.003916907215466903,0.054992621508303294,0.024835529431706572,0.13796151717742772
45,0,MITM,0.0,0.0,0.0,0.0,0.0
45,0,Normal,0.0007137341959545167,0.00042768606412778943,-0.0007213936644353898,0.0004119996337881589,0.0002602989174629792
45,0,Password,0.000867681009914346,0.0004908452813523168,-0.0026896514223496526,-0.003093990741148104,0.0003399355158643036
45,0,Port_Scanning,0.028737470395475917,0.04313673171084965,0.018615590970398686,0.01891013776961746,-0.08870696607045173
45,0,Ransomware,0.007597530755009899,-0.002128226444883667,0.008516134354339865,-0.00647915213549227,0.002638130519282589
45,0,SQL_injection,0.019377897476192077,0.005928359823218241,0.0015308566335361243,-0.004603561937380723,-0.04133675764596097
45,0,Uploading,-0.016953356026789348,-0.0031124859361193508,0.016785225113670425,-0.01156339291513956,-0.022671986733231123
45,0,Vulnerability_scanner,0.0013802221170817438,0.0043836342213786125,0.0016076859586643733,-0.0032010406947551805,-0.006878527009151716
45,0,XSS,-0.0003223584100674001,0.0005233941316415542,-0.0003223584100674001,-0.0003223584100674001,0.00044368109856064605
45,1,Backdoor,0.07687536664188978,0.041345836957067506,-0.0930441558926851,0.0807936446324224,0.030437983209031936
45,1,DDoS_HTTP,0.003928158388052794,-0.0012012522550981055,0.003331994451181633,-0.005127581819143741,-0.0009313187649925846
45,1,DDoS_ICMP,7.695312587043442e-06,-0.000180169940389809,0.00030753053891760713,0.00010117132044957788,0.0002134116192614092
45,1,DDoS_TCP,0.005375742417239595,0.008924237745017043,0.0026911412653221538,0.0041001423737065225,-0.017978254626718617
45,1,DDoS_UDP,0.0,0.0,0.0,0.0,0.0
45,1,Fingerprinting,-0.013633600910488772,-0.04345816231399756,0.09862684819206559,0.039811881482362046,0.09643081132783649
45,1,MITM,0.0,0.0,0.0,0.0,0.0
45,1,Normal,0.000828245888829902,0.00042966599849849073,-0.0009337914905550786,0.0006861181447574305,0.0003480039125379364
45,1,Password,0.0017010153873534125,0.0010194834784281728,-0.0010279143063596818,-0.004383215304831467,0.0006465956266854801
45,1,Port_Scanning,0.030075229004065555,0.04679183397769814,0.016280879368984234,0.0235387515105683,-0.10234950934919942
45,1,Ransomware,0.0007680543595842138,-0.0021957150712511217,0.0022625022175348695,-0.0022064274908806434,0.0013715859850126817
45,1,SQL_injection,0.021158300694774045,0.004037007004305435,-0.0024931662914705523,0.001087601089625044,-0.0448248487468983
45,1,Uploading,-0.012932202568048844,-0.0030487573986607373,0.020087114323018334,-0.008198142658156628,-0.0249820530582839
45,1,Vulnerability_scanner,0.0008864085858272752,0.00305182781395497,0.0018347295946782342,-0.0027366251426622135,-0.009951029120517926
45,1,XSS,0.0011172241035231803,-0.0010246074909996375,-0.002569139481561089,-0.00267118029788762,0.005147703166925167
45,2,Backdoor,0.08098902765113641,0.043057370134008004,-0.09292593487267883,0.07632438465948786,0.030064481641250317
45,2,DDoS_HTTP,0.0029443739833988096,-0.0008728678299084395,0.0036589438035705855,-0.004476549657114324,-0.0027758066195104135
45,2,DDoS_ICMP,-0.00022491205287919296,0.00013125021455859438,-3.75289179451066e-05,-2.5264722682457237e-08,0.00035608589848564555
45,2,DDoS_TCP,0.004703295403811497,0.0076783549020927305,0.002496233044134921,0.003064770925855653,-0.014231484695178424
45,2,DDoS_UDP,0.0,0.0,0.0,0.0,0.0
45,2,Fingerprinting,-0.10037889551956039,0.053422274071082805,-0.011799604153891408,0.002877611761714599,0.1604537772393472
45,2,MITM,0.0,0.0,0.0,0.0,0.0
45,2,Normal,0.0008665223805838044,0.000434127659529641,-0.0009659496368151036,0.0006557405089890148,0.00034643704677454296
45,2,Password,0.0036728754734031877,-0.0015932607659487627,-0.005725711652388441,-0.0006679918360970187,0.0016363227742663077
45,2,Port_Scanning,0.025429239066261475,0.03990648238923244,0.014702193233779392,0.017384594429878723,-0.07972475006916166
45,2,Ransomware,0.0014867768272198083,-0.001093239319244227,0.0020561350052736406,-0.004530873601833368,-0.001377918408271143
45,2,SQL_injection,0.015494409150446403,0.008835737993907241,0.006440166791645498,-0.008813037006334245,-0.026846525230976446
45,2,Uploading,-0.012799918134857284,-0.0007224857282326923,0.01808742970866272,-0.007598467109875067,-0.02130003608159265
45,2,Vulnerability_scanner,-0.0005760322279560119,0.005515104549958524,0.006828998281015601,-0.007975138511313215,-0.005669299610408686
45,2,XSS,-0.0028352311572625694,-0.00030002207435843195,-0.0020643331969447706,-0.0024325242199021643,0.007632110648467936
45,3,Backdoor,0.07895912932839814,0.04240929923003462,-0.0929566912365992,0.080100088295684,0.033619043026339494
45,3,DDoS_HTTP,0.002404283687189111,-0.0010687902552467432,0.005985706594881954,-0.006014162558095406,-0.0033913312689233975
45,3,DDoS_ICMP,-0.00012357887215541836,6.368630292700369e-05,0.0001759948140065859,0.0001947508355506759,0.00036314975437624263
45,3,DDoS_TCP,0.004287964180502942,0.007585525348830058,0.0026716771379372097,0.0026258034993392465,-0.01410740888960355
45,3,DDoS_UDP,0.0,0.0,0.0,0.0,0.0
45,3,Fingerprinting,-0.055416184549311485,0.027659150848005333,0.08318030667875868,0.08791600212652838,0.17245019858022945
45,3,MITM,0.0,0.0,0.0,0.0,0.0
45,3,Normal,0.0008196870475539723,0.00038013508521853777,-0.0009664547041243772,0.0008177971964016613,0.0002615023118868631
45,3,Password,0.002525273718390499,-0.00017102339321707304,-0.005042441454388606,-0.0007150375612736024,0.004072537365081447
45,3,Port_Scanning,0.02539147407351983,0.0411887441254924,0.015761605308840635,0.01665881544804047,-0.0838240385143921
45,3,Ransomware,0.0019593407420193053,-0.0013170049006076046,0.0019593407420193053,0.0010575814506038376,0.003453788599969961
45,3,SQL_injection,0.01777240264899908,0.006178674673662042,0.0037489940657997266,-0.004819094261049866,-0.032239019985867735
45,3,Uploading,-0.010204271509542036,-0.002555546870607403,0.0067757209158734255,-0.007880551551736135,-0.017132427643164968
45,3,Vulnerability_scanner,0.0013524382818028758,0.0036973601766504883,0.0012680303036917751,-0.002896268186901163,-0.006225135274172311
45,3,XSS,0.0015407580196453653,-0.0018288496516155291,-0.001783872679825088,-0.0018108588628993527,0.003882823174694604
45,4,Backdoor,0.07374176099500543,0.04473024537030987,-0.08540781424300652,0.07191385104559081,0.03236607880439026
45,4,DDoS_HTTP,0.002985282714009496,-0.00038126117390138714,0.0020944745657262656,-0.005513053539370409,-0.0011963117254124023
45,4,DDoS_ICMP,-0.0005350243602484058,4.481881950609834e-05,0.0006250160681998166,-0.0005351421935398633,0.0004003316660823542
45,4,DDoS_TCP,0.005809158659719943,0.008527293924181324,0.0028826931698374674,0.004193982175433355,-0.01710541288647498
45,4,DDoS_UDP,0.0006005418962827525,-0.00023055150243808664,-0.00033795701126393407,0.0007613652455119116,0.00017154146728231198
45,4,Fingerprinting,-0.018294955917785384,-0.019992009008027327,0.09790403829978471,0.029681193606351772,0.2264912067038866
45,4,MITM,-0.08933413831397721,-0.0706145140297049,0.269445391212091,-0.03675493697512509,-0.07274180189328382
45,4,Normal,0.000779525275044507,0.00041947939427190993,-0.0007274037611092947,0.0006050900091904639,0.00028467943667632355
45,4,Password,0.005764294920270151,-0.0031553270016421095,-0.0020118520981560277,-0.0022521138553173673,0.0008912926187290958
45,4,Port_Scanning,0.03091534456455185,0.04487072808014618,0.019700934289276027,0.022643567284056143,-0.09752797691471532
45,4,Ransomware,0.0015575144042238012,-0.008134303207329193,0.006010165502744865,-0.007638084778506704,0.0009268735538417246
45,4,SQL_injection,0.019708856257303484,0.00666134873940696,0.003785318579830053,-0.004623019677986648,-0.03448800917758855
45,4,Uploading,-0.011989253050547218,0.0023242538329193655,0.019051874476658317,-0.01374912101301987,-0.018680781515096178
45,4,Vulnerability_scanner,4.9752545820945056e-05,0.006037174047257913,0.005290951927343649,-0.005018607779137655,-0.007216271006416876
45,4,XSS,0.0002966009984137275,0.0028233565203688166,-0.0023579174863061795,-0.0027670997933935348,0.002005059760917176
45,Aggregated,Backdoor,0.07459216063061262,0.042029062418075955,-0.08722569549951165,0.07320602568530742,0.0301938528229383
45,Aggregated,DDoS_HTTP,0.003795994315435742,-0.0007217165220961062,0.004366152363710663,-0.006018241048892802,-0.0021236704983972317
45,Aggregated,DDoS_ICMP,-0.00016993604791465944,-1.6674640575971753e-05,0.00024201843551078055,-5.027662767045545e-05,0.00030918436035303756
45,Aggregated,DDoS_TCP,0.005094484967047785,0.008193743490146788,0.0027941197734104493,0.0034647600792788815,-0.015831610183310686
45,Aggregated,DDoS_UDP,0.00012024157169082302,-4.616362545435589e-05,-6.764197977282004e-05,0.00015244769031881692,3.435305498549942e-05
45,Aggregated,Fingerprinting,-0.03808711343798335,0.0022047097197659773,0.06568327307866437,0.036412621987656775,0.15623419413065348
45,Aggregated,MITM,-0.08933413831397716,-0.07061451402970488,0.269445391212091,-0.036754936975125094,-0.07274180189328384
45,Aggregated,Normal,0.0008015980575829917,0.00041820557646554863,-0.0008631642536313729,0.0006354874239601645,0.000300188977482622
45,Aggregated,Password,0.0029152600513777964,-0.000686181255564087,-0.0032923459546370226,-0.002230355229784084,0.0015085194395194946
45,Aggregated,Port_Scanning,0.028119419649044044,0.04318921121949782,0.01699799729634865,0.019855243253885924,-0.09046411236878599
45,Aggregated,Ransomware,0.00272400958546065,-0.0029347831870876586,0.00417558880505106,-0.003971853374807,0.001417322397896296
45,Aggregated,SQL_injection,0.018721528044591356,0.0063127746250530616,0.0025749573910569673,-0.004349945404352841,-0.035992905895077434
45,Aggregated,Uploading,-0.012977873852236643,-0.0013600289002260086,0.01623628538583618,-0.009862655718061846,-0.020945995731279036
45,Aggregated,Vulnerability_scanner,0.0006173973158161834,0.004534716969582755,0.0033625682012559982,-0.004361474328789792,-0.0071886712322147975
45,Aggregated,XSS,-6.510367902318228e-05,3.4956724632174166e-05,-0.0019092963295340016,-0.002057445523441003,0.003996888807366013
45,Centralized,Backdoor,0.07459216063061262,0.042029062418075955,-0.08722569549951165,0.07320602568530742,0.0301938528229383
45,Centralized,DDoS_HTTP,0.003795994315435742,-0.0007217165220961062,0.004366152363710663,-0.006018241048892802,-0.0021236704983972317
45,Centralized,DDoS_ICMP,-0.00016993604791465944,-1.6674640575971753e-05,0.00024201843551078055,-5.027662767045545e-05,0.00030918436035303756
45,Centralized,DDoS_TCP,0.005094484967047785,0.008193743490146788,0.0027941197734104493,0.0034647600792788815,-0.015831610183310686
45,Centralized,DDoS_UDP,0.00012024157169082302,-4.616362545435589e-05,-6.764197977282004e-05,0.00015244769031881692,3.435305498549942e-05
45,Centralized,Fingerprinting,-0.03808711343798335,0.0022047097197659773,0.06568327307866437,0.036412621987656775,0.15623419413065348
45,Centralized,MITM,-0.08933413831397716,-0.07061451402970488,0.269445391212091,-0.036754936975125094,-0.07274180189328384
45,Centralized,Normal,0.0008015980575829917,0.00041820557646554863,-0.0008631642536313729,0.0006354874239601645,0.000300188977482622
45,Centralized,Password,0.0029152600513777964,-0.000686181255564087,-0.0032923459546370226,-0.002230355229784084,0.0015085194395194946
45,Centralized,Port_Scanning,0.028119419649044044,0.04318921121949782,0.01699799729634865,0.019855243253885924,-0.09046411236878599
45,Centralized,Ransomware,0.00272400958546065,-0.0029347831870876586,0.00417558880505106,-0.003971853374807,0.001417322397896296
45,Centralized,SQL_injection,0.018721528044591356,0.0063127746250530616,0.0025749573910569673,-0.004349945404352841,-0.035992905895077434
45,Centralized,Uploading,-0.012977873852236643,-0.0013600289002260086,0.01623628538583618,-0.009862655718061846,-0.020945995731279036
45,Centralized,Vulnerability_scanner,0.0006173973158161834,0.004534716969582755,0.0033625682012559982,-0.004361474328789792,-0.0071886712322147975
45,Centralized,XSS,-6.510367902318228e-05,3.4956724632174166e-05,-0.0019092963295340016,-0.002057445523441003,0.003996888807366013
46,0,Backdoor,0.0010493329733945362,0.027738308213441105,-0.016311925647280665,-0.07968139905171623,-0.019160628353243215
46,0,DDoS_HTTP,0.0004791563311477731,-0.003288679094290631,0.005467104190452874,0.0043789001964549806,0.0010924217081445234
46,0,DDoS_ICMP,3.411264568832599e-05,-7.860142348277329e-05,0.00025763069243107115,1.5897028568889747e-05,-3.357511505304907e-06
46,0,DDoS_TCP,0.001014653399042135,-0.0017578110658971488,-0.0014994659334801707,0.0017526856071920117,0.0017526080096033605
46,0,DDoS_UDP,0.0,0.0,0.0,0.0,0.0
46,0,Fingerprinting,-0.015847985265807316,-0.03263423192821497,0.16043192664810632,-0.06788043567287061,-0.03237336734846494
46,0,MITM,0.0,0.0,0.0,0.0,0.0
46,0,Normal,-3.617375231276624e-05,0.0002536681794918801,-0.0001329390797687809,-0.0007692357392655983,-0.00020720191210227095
46,0,Password,-0.0017569490962332337,0.003522723041647232,0.004158059853772187,0.002432731432871704,-0.002628959504452167
46,0,Port_Scanning,0.0047695654044303815,-0.00825533071800863,-0.006981053899092195,0.008131439765242896,0.008132480896702913
46,0,Ransomware,0.004566113027288399,-0.0035699140182855527,0.003974768830428312,0.005161019143666914,0.003974768830428312
46,0,SQL_injection,0.003518756329285141,0.03242310446083311,0.006823637629185776,-0.005782477533246586,-0.004846423686513336
46,0,Uploading,0.004800001683461318,-0.010312220696206536,0.009833096416738114,0.015820976952115966,0.014613866113897334
46,0,Vulnerability_scanner,0.0017739988705234504,-0.0031589457487169255,0.0023584802380306395,0.002320737055026382,0.0021950645914100304
46,0,XSS,-0.0010096984190248437,-0.0010096984190248437,-0.0010096984190248437,0.004038793676099375,-0.0010096984190248437
46,1,Backdoor,1.9292722985433017e-05,0.021448864902542594,-0.024866044655482242,-0.0884786385665643,-0.029316081783222616
46,1,DDoS_HTTP,0.001009308164559298,-0.0015386512377940495,0.004265772711268564,0.0019625601584148766,-0.0013488389737334636
46,1,DDoS_ICMP,-0.0001159507126643459,-0.00013471523611759405,0.0004639804560392572,-0.00017226971487093178,-4.104479238638548e-05
46,1,DDoS_TCP,0.001136347299051351,-0.001935451287856584,-0.0010063059262787962,0.0030749212653951976,0.003127184609705959
46,1,DDoS_UDP,0.0,0.0,0.0,0.0,0.0
46,1,Fingerprinting,-0.057975432652778186,-0.06324552487939215,0.21841769113164974,-0.07157101581357872,-0.025625717785900858
46,1,MITM,0.0,0.0,0.0,0.0,0.0
46,1,Normal,-6.44810777216139e-05,0.00022354921631782173,-0.00024973334352013283,-0.0008229914763469311,-0.00028891921769269764
46,1,Password,-0.003907707343977368,0.002534063276445961,0.004102485369249563,0.0025092927498146346,-0.0001957396080796541
46,1,Port_Scanning,0.005828618655608192,-0.009050270096143226,-0.004683354679135882,0.01350252350876245,0.01396531323272698
46,1,Ransomware,0.0031774028857484314,-0.0003795076833572442,0.00046121663297686853,0.001064813578037216,0.0028756044132182577
46,1,SQL_injection,0.005001088890321369,0.029805625183498632,0.006888120289390624,-0.009703446747998674,-0.006041433954414881
46,1,Uploading,0.003974777504217199,-0.011655165161842122,0.008825505624710663,0.015337894564997779,0.013476964597704954
46,1,Vulnerability_scanner,0.00335612548553505,-0.0034684493623727128,0.0036917801606266803,0.0024084917903856176,0.0018599495305133237
46,1,XSS,0.0014811954623412213,-0.0017993045549245703,-0.0017993045549245703,0.0030965931981160417,-0.0009791795506081224
46,2,Backdoor,-0.0010377413351604118,0.025344271646009706,-0.023724860878285032,-0.08815784120418255,-0.029528822602698877
46,2,DDoS_HTTP,0.0009795133244647378,-0.003211446358141991,0.002625924213107218,0.0029997546425618573,-0.0012072072588484408
46,2,DDoS_ICMP,-2.981318615414656e-05,-2.981318615414656e-05,0.0001755972760030533,-0.00014228191769014945,2.6311013995389265e-05
46,2,DDoS_TCP,0.0009088970793607469,-0.0018818229069036537,-0.0016264657583300256,0.0018440162007070623,0.0019996661607667126
46,2,DDoS_UDP,0.0,0.0,0.0,0.0,0.0
46,2,Fingerprinting,-0.027700560819755866,-0.027700560819755866,0.1259412494397013,-0.0764564374394096,0.00591630963921986
46,2,MITM,0.0,0.0,0.0,0.0,0.0
46,2,Normal,-2.1578999747488373e-05,0.00025042185620167875,-0.00024637785022090983,-0.0008619384107908486,-0.0002772567158677075
46,2,Password,-0.00018893371599044696,0.002872674913943804,-0.0011002605314614797,-0.0006235224916193271,0.00037199658528402256
46,2,Port_Scanning,0.00445312642914892,-0.009473828239055538,-0.0074553807381300425,0.00877505909916216,0.009498124898149864
46,2,Ransomware,0.0026060839665578745,-0.0034731891392777397,0.0008582799169864615,0.0028943439246291486,0.0005736008279595454
46,2,SQL_injection,-0.0021993891834229664,0.028969463119683035,0.00013132374999047421,-0.011797372726508548,-0.008099532646640263
46,2,Uploading,0.010431913244264198,-0.01709962356169788,0.002443935681114224,0.024678124706183593,0.012279518750584957
46,2,Vulnerability_scanner,0.00228546362808227,-0.004550894344786263,0.002890347886186993,0.002816762809211783,0.00033017727546384435
46,2,XSS,-0.002102210221022103,-0.0018328499516618317,-0.0018328499516618317,0.007668100143347666,-0.0019001900190018996
46,3,Backdoor,0.003270809415293563,0.02725207439751549,-0.030009450293912145,-0.09750638199329753,-0.02691179824675348
46,3,DDoS_HTTP,-0.0010028270481334616,-0.0025768309263989636,0.0037297399888532737,0.0010811504125283812,-0.0012312324268492296
46,3,DDoS_ICMP,-0.00015331470538335428,-0.00013457553368180405,0.0004451216292510015,-0.0002657751730566334,-0.00011622500753643572
46,3,DDoS_TCP,0.0008785548236996825,-0.001677713289355078,-0.0015256400855404714,0.0017525897948144872,0.001803871791965909
46,3,DDoS_UDP,0.0,0.0,0.0,0.0,0.0
46,3,Fingerprinting,-0.08784761047918943,-0.08083006661954031,0.24050210997579394,-0.12780862412441346,-0.03758306021463917
46,3,MITM,0.0,0.0,0.0,0.0,0.0
46,3,Normal,-3.462789438625584e-05,0.00024482981260166755,-0.0002492110632446087,-0.0008617849752075542,-0.00027879226499221885
46,3,Password,1.3755000801022229e-05,0.0021327423822529506,-0.0004383948389331154,-0.0021493454023657774,-0.0010779994152853379
46,3,Port_Scanning,0.004346065907240832,-0.00825368200646706,-0.007477746096757774,0.008556503715585364,0.008806104192743674
46,3,Ransomware,0.0018653327278069917,-0.0008326728940893054,-0.0014471782176748123,-0.0008508535249645714,0.0012653719089216974
46,3,SQL_injection,0.0006230294679381146,0.03896313575553125,0.0036538897368904636,-0.00991667955158584,-0.011230338924547407
46,3,Uploading,0.009293794151443763,-0.012567675040705087,0.00426031693120059,0.017142045429878103,0.007327841173260325
46,3,Vulnerability_scanner,0.0020299928265649987,-0.004136573697793181,0.002257457406179995,0.0018397484686286916,0.0013228217027187906
46,3,XSS,0.0,0.0,0.0,0.0,0.0
46,4,Backdoor,0.0022228976159378707,0.024378505839655586,-0.0314180442949267,-0.09099236666289186,-0.02616590513533813
46,4,DDoS_HTTP,-0.0011915001916657378,0.001011011029470584,0.0022577636476818247,-0.0006204112378009385,-0.0008902846740472222
46,4,DDoS_ICMP,-0.00029552341930879077,-0.00020190306664245224,0.0010876528687224422,-0.00022021994180389525,-0.00037000644096730394
46,4,DDoS_TCP,0.001545062348635114,-0.0013027261919429027,-0.0017089985007471202,0.002737022129582367,0.002457080966226338
46,4,DDoS_UDP,0.00010197915801561374,-5.374572526508266e-06,-0.0005684981380600899,-3.214397851752741e-05,0.0005040375310885119
46,4,Fingerprinting,-0.0676515566617265,-0.07020910141875976,0.25844768179217026,-0.10740382814101374,-0.013183195570670558
46,4,MITM,-0.08037614667363065,-0.03014946838703271,0.21547440403310614,-0.03310176591744984,-0.07184702305499298
46,4,Normal,-2.7201349709027323e-05,0.00022503701999217473,-0.00019426644327731336,-0.0008539583484317918,-0.00028807294666513734
46,4,Password,-0.0029939740524705495,0.006380560148368902,-0.0006283594713572695,0.00032837431248561126,-0.00017346534380635094
46,4,Port_Scanning,0.006713407451846968,-0.007327041960799709,-0.006578240529324777,0.012179827860868657,0.012179827860868665
46,4,Ransomware,0.004189003626512605,-0.006981911782392271,0.006086422507020376,0.0026180601853986627,0.0013662599884861329
46,4,SQL_injection,0.0028700026151332347,0.03190010458297283,0.0022957344995016117,-0.012721546890711278,-0.005264466534262465
46,4,Uploading,0.008699320352628324,-0.013904419503074817,0.003646730543362951,0.01637640560251072,0.01419503133387146
46,4,Vulnerability_scanner,0.00042610574760027495,-0.0040751524562147624,0.001324205724764286,0.00421190719298673,0.0029252101698791833
46,4,XSS,-0.0023445215649711654,-0.0030610518319002743,-0.0022409268275838264,0.008273075727753033,-0.0006265755032977655
46,Aggregated,Backdoor,0.0011178196511013871,0.025242311096110505,-0.025177110631354502,-0.08886819400087417,-0.02615588164845379
46,Aggregated,DDoS_HTTP,3.904913324679164e-05,-0.0018987326376870292,0.0036829446082066813,0.001947742686893673,-0.0006944877078104715
46,Aggregated,DDoS_ICMP,-0.0001121215686909834,-0.00011592282360497844,0.00048613171192293987,-0.00015694350411481482,-0.00010095311860134533
46,Aggregated,DDoS_TCP,0.0010964580563635048,-0.001710756326435022,-0.0014743041525879298,0.0022313257507573,0.0022273149378463216
46,Aggregated,DDoS_UDP,2.0402188970216247e-05,-1.0740904791195493e-06,-0.00011380519009297855,-6.440393938319152e-06,0.000100917485540201
46,Aggregated,Fingerprinting,-0.052081790492034215,-0.055898398465944014,0.20308383651178785,-0.09002970510248719,-0.02024089208346748
46,Aggregated,MITM,-0.08037614667363065,-0.030149468387032703,0.2154744040331061,-0.033101765917449844,-0.07184702305499295
46,Aggregated,Normal,-3.6811116460984855e-05,0.00023950643811691542,-0.000214556594502117,-0.0008339990133340099,-0.00026806239556861715
46,Aggregated,Password,-0.0017980383012181679,0.0035137776642483035,0.0012281598256525899,0.0005082042897135222,-0.0007414907293703208
46,Aggregated,Port_Scanning,0.005237239506368961,-0.008474292243100609,-0.0066138254399633984,0.010267282639625286,0.010555341229553473
46,Aggregated,Ransomware,0.0032896071577606287,-0.0030380583215345314,0.0019583603361186344,0.0021978136341988253,0.0020229686301938
46,Aggregated,SQL_injection,0.0019934218266243644,0.03244895923258753,0.003979042125885407,-0.009986718193660055,-0.007088123509973792
46,Aggregated,Uploading,0.007461554399620248,-0.013117473299186588,0.005802477877590885,0.0178544278484185,0.01242670266441395
46,Aggregated,Vulnerability_scanner,0.001969723954914515,-0.003862141558093816,0.002502034320818682,0.0027159045724055495,0.0017252887607157597
46,Aggregated,XSS,-0.0007928423916439425,-0.0015703530351520065,-0.0014039665982737667,0.004685574697929546,-0.0009184126728598305
46,Centralized,Backdoor,0.0011178196511013871,0.025242311096110505,-0.025177110631354502,-0.08886819400087417,-0.02615588164845379
46,Centralized,DDoS_HTTP,3.904913324679164e-05,-0.0018987326376870292,0.0036829446082066813,0.001947742686893673,-0.0006944877078104715
46,Centralized,DDoS_ICMP,-0.0001121215686909834,-0.00011592282360497844,0.00048613171192293987,-0.00015694350411481482,-0.00010095311860134533
46,Centralized,DDoS_TCP,0.0010964580563635048,-0.001710756326435022,-0.0014743041525879298,0.0022313257507573,0.0022273149378463216
46,Centralized,DDoS_UDP,2.0402188970216247e-05,-1.0740904791195493e-06,-0.00011380519009297855,-6.440393938319152e-06,0.000100917485540201
46,Centralized,Fingerprinting,-0.052081790492034215,-0.055898398465944014,0.20308383651178785,-0.09002970510248719,-0.02024089208346748
46,Centralized,MITM,-0.08037614667363065,-0.030149468387032703,0.2154744040331061,-0.033101765917449844,-0.07184702305499295
46,Centralized,Normal,-3.6811116460984855e-05,0.00023950643811691542,-0.000214556594502117,-0.0008339990133340099,-0.00026806239556861715
46,Centralized,Password,-0.0017980383012181679,0.0035137776642483035,0.0012281598256525899,0.0005082042897135222,-0.0007414907293703208
46,Centralized,Port_Scanning,0.005237239506368961,-0.008474292243100609,-0.0066138254399633984,0.010267282639625286,0.010555341229553473
46,Centralized,Ransomware,0.0032896071577606287,-0.0030380583215345314,0.0019583603361186344,0.0021978136341988253,0.0020229686301938
46,Centralized,SQL_injection,0.0019934218266243644,0.03244895923258753,0.003979042125885407,-0.009986718193660055,-0.007088123509973792
46,Centralized,Uploading,0.007461554399620248,-0.013117473299186588,0.005802477877590885,0.0178544278484185,0.01242670266441395
46,Centralized,Vulnerability_scanner,0.001969723954914515,-0.003862141558093816,0.002502034320818682,0.0027159045724055495,0.0017252887607157597
46,Centralized,XSS,-0.0007928423916439425,-0.0015703530351520065,-0.0014039665982737667,0.004685574697929546,-0.0009184126728598305
47,0,Backdoor,-0.010285660024309553,-0.013047064390496377,0.027064287744335003,0.005088096829806066,0.06591767579137908
47,0,DDoS_HTTP,0.00245596872684962,0.002619074174257228,-0.002790120394104941,0.004099292950939211,-0.008408089677906313
47,0,DDoS_ICMP,8.227360594375935e-05,-0.00019778405098633451,0.00012014055501620713,-0.00016123460913332056,0.0001566044991596886
47,0,DDoS_TCP,0.0019243313796935945,-0.006645630913497058,0.0019243313796935945,0.001871758842216494,0.0015579400496921673
47,0,DDoS_UDP,0.0,0.0,0.0,0.0,0.0
47,0,Fingerprinting,0.04594533719920716,-0.13934099955771775,0.025496748406965135,-0.04594574671974054,0.11384466067128599
47,0,MITM,0.0,0.0,0.0,0.0,0.0
47,0,Normal,-6.296041928269269e-05,-0.00011318455257010769,0.0002586399681916614,7.711395039928608e-05,0.0005983841968655498
47,0,Password,0.0009804349507940193,-0.0003069443411545164,-0.004618717426397943,0.001628208200462275,-0.00381527082776558
47,0,Port_Scanning,0.009703829679456327,-0.0339765961363414,0.009703829679456327,0.009461759825012616,0.00798694657084675
47,0,Ransomware,-0.0005003441864537883,0.0015873339921510558,0.001882973312180619,0.0007110378040394753,-0.00727220247810478
47,0,SQL_injection,-0.014645904205699101,-0.010497912549357257,0.004021130006282535,0.0014171141566731752,0.0003829842885315959
47,0,Uploading,-0.013253150590746946,0.0076600144736667765,-0.001014776131783233,-0.016829559658354178,0.010546015537500368
47,0,Vulnerability_scanner,-0.0025904528450804393,0.0024187733918164477,0.0018132755145804313,-0.003832872560539015,0.0007690261831669913
47,0,XSS,-0.0031659392445750386,0.01339799801754627,-0.00397162982378199,-0.00397162982378199,-0.0022887991254072503
47,1,Backdoor,-0.009541869687346494,-0.018000104978340682,0.032284653294905104,0.0007896776740896265,0.10305580244750566
47,1,DDoS_HTTP,0.0007692424785500399,0.001671146922669665,-0.0032205060450485054,0.0044029607712054155,-0.005794829942979465
47,1,DDoS_ICMP,3.646487080966043e-06,-0.00040825204602814024,0.0002849539893508668,-0.00012740085116060284,0.00024705242075691026
47,1,DDoS_TCP,0.0021547526304929138,-0.008201265528964491,0.0021547526304929138,0.0021027934021774736,0.0017889668658011893
47,1,DDoS_UDP,0.0,0.0,0.0,0.0,0.0
47,1,Fingerprinting,0.010871761089152386,-0.1769108266934354,0.09921063638454942,-0.048868498651107345,0.11569692787084086
47,1,MITM,0.0,0.0,0.0,0.0,0.0
47,1,Normal,-9.196426156183879e-05,-0.000203538646328912,0.0002963136646425076,5.496181135625962e-05,0.0009684515868216263
47,1,Password,0.0024522147723281254,-0.0024979608565978586,-0.0018914946394903147,0.0007311093298219565,-0.0057904895561712464
47,1,Port_Scanning,0.010463225841476057,-0.03997646465742777,0.010463225841476057,0.01022530716640499,0.008824705808070663
47,1,Ransomware,-0.0024107918076069286,-0.0012108701698363403,0.0024181845205788126,0.00029812219281452796,-0.0027162264063121553
47,1,SQL_injection,-0.00870361930138376,-0.010029994029134504,0.004326142629264756,0.0028764617291414532,0.0016573005909409832
47,1,Uploading,-0.014039308017506214,0.006905016017753059,-0.0005578040267709662,-0.014513002374181294,0.006385889361157391
47,1,Vulnerability_scanner,-0.0032177299893419073,0.0017824919657654648,0.003322761082428368,-0.004384526775780578,0.0017326774366820674
47,1,XSS,0.004582109396938777,0.0035088586201494896,-0.002922150640453716,-0.002977959253187638,-0.0021908581234469132
47,2,Backdoor,-0.012268313298744492,-0.021777638645002675,0.03367913074787974,0.006018824135102763,0.09875348401663114
47,2,DDoS_HTTP,0.0020761753060146567,0.0019493497793843415,-0.001941106882664931,0.0019951431577053527,-0.00407956136043942
47,2,DDoS_ICMP,0.0001237460972154547,-0.0004760928240527836,-4.504152206974606e-05,-0.00010125899144406056,0.00027377736285387754
47,2,DDoS_TCP,0.0021140356447508983,-0.006432139062253954,0.0021140356447508983,0.001958461094804161,0.0014935410575768859
47,2,DDoS_UDP,0.0,0.0,0.0,0.0,0.0
47,2,Fingerprinting,0.05069865319865319,-0.21002937006806968,-0.014444001417685636,-0.040587792267358806,0.10978734715576821
47,2,MITM,0.0,0.0,0.0,0.0,0.0
47,2,Normal,-0.00011286214199425585,-0.0002110057107510055,0.0003292186449783167,5.432843582688918e-05,0.0009634380056773251
47,2,Password,0.0026801291797885064,-0.004280043750350551,-0.0023661368050302283,0.004403164284001901,-0.002099916328463722
47,2,Port_Scanning,0.01050582597415976,-0.03262979442983057,0.010505825974159758,0.009781698614576666,0.007583570303716038
47,2,Ransomware,0.00022841865031976715,0.00022841865031976715,0.0013924050632911245,-5.9841307751506975e-05,-0.0017894010561791518
47,2,SQL_injection,-0.004050242603293679,-0.0022175324582132025,0.0005350574805158362,0.0005192439476775871,0.0006610585932780346
47,2,Uploading,-0.019145068464320934,0.00981217031797625,-0.005593948689680769,-0.017074807729158367,0.007017056783103167
47,2,Vulnerability_scanner,-0.0024630205266916766,0.004800353637452797,0.002463582730725228,-0.0064190698024595835,0.000990091348458766
47,2,XSS,-0.0048937624263615765,0.02139865839587601,-0.0061752532741479625,-0.006375268275523098,-0.003954374419843373
47,3,Backdoor,-0.007961118617914322,-0.019327513973320092,0.03790264126304758,0.0019475048054048297,0.10287161465768212
47,3,DDoS_HTTP,0.002933311955718528,0.0018380319835156265,-0.0009412488066847182,0.00310733229340371,-0.004853133625758665
47,3,DDoS_ICMP,5.246472695027057e-05,-0.00043436572362950027,0.00012726115503959115,-0.00013480047663511074,0.0003894403182747493
47,3,DDoS_TCP,0.001774409841517871,-0.005914641096014433,0.0019801361956873226,0.001928779606540034,0.0014665667268504454
47,3,DDoS_UDP,0.0,0.0,0.0,0.0,0.0
47,3,Fingerprinting,0.020997421088954266,-0.20211591781385826,0.06611020304384152,-0.06273969949027158,0.17774799317133402
47,3,MITM,0.0,0.0,0.0,0.0,0.0
47,3,Normal,-0.0001127859532318402,-0.0002331090909241292,0.0003181591787339381,1.5019398794382152e-05,0.0011033616404611535
47,3,Password,0.0032476063405837475,-0.0020713021151273843,-0.00031223612151413764,0.0012103994293366476,-0.0031972331857723743
47,3,Port_Scanning,0.009861920250104298,-0.03078905631278337,0.009861920250104298,0.009613416917900523,0.0073767273578959295
47,3,Ransomware,0.0005432372505543126,0.00024143877802413894,0.0023540280857353548,0.00024143877802413894,0.00024143877802413894
47,3,SQL_injection,-0.00795977668594171,-0.004760206145142972,-4.083192608846052e-05,-0.0015402111747154174,0.00010799987289566576
47,3,Uploading,-0.011771312036629532,0.005135832898604749,-0.004173464538566544,-0.01383868381683349,0.004590415910038467
47,3,Vulnerability_scanner,-0.0011322380127907854,0.0012130720057788962,0.0021030374435024404,-0.003546121967416188,0.0010786146118597535
47,3,XSS,-0.000655935734277371,0.013269062078450095,-0.004756231359369443,-0.0039196596840671985,-0.00393723530073608
47,4,Backdoor,-0.007457524970114761,-0.01280640739294816,0.03595458717419015,0.004692482929488419,0.09528478718336467
47,4,DDoS_HTTP,0.002830795331765453,0.002348596957351334,-0.003018281260269708,0.003645646030042728,-0.0030819614185629025
47,4,DDoS_ICMP,-0.0002937206731134715,-0.0006453662028774009,0.0005878252932538038,-0.000347843139423896,0.00025047747848673806
47,4,DDoS_TCP,0.002233880484465937,-0.007497200662576305,0.0015876258118569372,0.002078759229693494,0.0015969351365599368
47,4,DDoS_UDP,0.00027902643177425045,0.00027902643177425045,-0.0002843215619795799,6.442259398201829e-05,-1.6092703924573217e-05
47,4,Fingerprinting,0.06258215642062728,-0.2500108832951746,0.08109626242699328,-0.09959000787429909,0.11235522085986481
47,4,MITM,-0.05781523591610852,-0.029446089534539734,0.1666204057029705,-0.039679540126161116,-0.039679540126161116
47,4,Normal,-7.136599047420366e-05,-0.00016314218572457221,0.00036309732899194035,6.764758394916895e-05,0.0008528355662425658
47,4,Password,0.0029563815101733993,-0.0053252775306193555,-0.0037246243463740455,0.0044169362050855325,-0.004442720262654714
47,4,Port_Scanning,0.010841388021206445,-0.03928498077941695,0.01013676311957941,0.01012348772179703,0.008183341916834067
47,4,Ransomware,-0.0008413821987899287,-0.0017384632224364334,0.00860585612075344,-0.002695576854708742,-0.0033304338448183366
47,4,SQL_injection,-0.010863087310606579,-0.007403303356013668,-0.00035481587452258024,4.02462152239579e-05,0.0015121928878751953
47,4,Uploading,-0.012514385461239095,0.006064899860937275,-0.0033880486454459994,-0.017224082654778133,0.0065882628337924996
47,4,Vulnerability_scanner,-0.003176402818350005,0.0027701506232733096,0.0029161619353918642,-0.005726870992117644,0.0013732587742432024
47,4,XSS,0.0029989625382690773,0.01367033842765145,-0.006262738044638886,-0.0056743121831639666,-0.004732250738117675
47,Aggregated,Backdoor,-0.009519574210537285,-0.016964390283926822,0.03330519943170482,0.0036996237288230796,0.09297654898556593
47,Aggregated,DDoS_HTTP,0.002229168335864303,0.0021002181665103294,-0.0023807339776854377,0.0034593523252886282,-0.005269078340549068
47,Aggregated,DDoS_ICMP,-6.281028700627634e-06,-0.0004324917088832055,0.00021506805882568297,-0.0001745640696232731,0.00026345610734643623
47,Aggregated,DDoS_TCP,0.0020404329890712112,-0.006936882637223309,0.001952823952865009,0.0019886655590030927,0.001580848591924929
47,Aggregated,DDoS_UDP,5.583459126909385e-05,5.583459126909385e-05,-5.690549989003276e-05,1.288618264342715e-05,-3.221026943574697e-06
47,Aggregated,Fingerprinting,0.03898283060500066,-0.19596840596977114,0.05404035670824871,-0.0601669221663416,0.12530049010798686
47,Aggregated,MITM,-0.05781523591610851,-0.02944608953453974,0.16662040570297051,-0.039679540126161116,-0.03967954012616112
47,Aggregated,Normal,-9.040966038770434e-05,-0.0001848485894433723,0.00031308554076503274,5.37875999680452e-05,0.0008974724300958932
47,Aggregated,Password,0.0024752107734197673,-0.0029040004814889354,-0.002595735150942907,0.002497394048126684,-0.0038884170733278897
47,Aggregated,Port_Scanning,0.010272106941521883,-0.035375344194573534,0.010129968560023921,0.00983808237246279,0.007992670591412834
47,Aggregated,Ransomware,-0.0005846595959818697,-0.0001603358081198399,0.003285105781474823,-0.0002797145374726251,-0.002981820697806094
47,Aggregated,SQL_injection,-0.009282080284680793,-0.007015352607958418,0.0017111790742504948,0.0006615937475787162,0.0008604626314463968
47,Aggregated,Uploading,-0.014129832460610274,0.007110258307442676,-0.002911375305539395,-0.015933423724375118,0.007057363450023789
47,Aggregated,Vulnerability_scanner,-0.002518873044143566,0.0025954716270525442,0.0025233370590538482,-0.004782334366861579,0.001185352966167256
47,Aggregated,XSS,-0.00014276094563148528,0.013106135510372976,-0.004876768278146206,-0.0046301711339056155,-0.003456435152689672
47,Centralized,Backdoor,-0.009519574210537285,-0.016964390283926822,0.03330519943170482,0.0036996237288230796,0.09297654898556593
47,Centralized,DDoS_HTTP,0.002229168335864303,0.0021002181665103294,-0.0023807339776854377,0.0034593523252886282,-0.005269078340549068
47,Centralized,DDoS_ICMP,-6.281028700627634e-06,-0.0004324917088832055,0.00021506805882568297,-0.0001745640696232731,0.00026345610734643623
47,Centralized,DDoS_TCP,0.0020404329890712112,-0.006936882637223309,0.001952823952865009,0.0019886655590030927,0.001580848591924929
47,Centralized,DDoS_UDP,5.583459126909385e-05,5.583459126909385e-05,-5.690549989003276e-05,1.288618264342715e-05,-3.221026943574697e-06
47,Centralized,Fingerprinting,0.03898283060500066,-0.19596840596977114,0.05404035670824871,-0.0601669221663416,0.12530049010798686
47,Centralized,MITM,-0.05781523591610851,-0.02944608953453974,0.16662040570297051,-0.039679540126161116,-0.03967954012616112
47,Centralized,Normal,-9.040966038770434e-05,-0.0001848485894433723,0.00031308554076503274,5.37875999680452e-05,0.0008974724300958932
47,Centralized,Password,0.0024752107734197673,-0.0029040004814889354,-0.002595735150942907,0.002497394048126684,-0.0038884170733278897
47,Centralized,Port_Scanning,0.010272106941521883,-0.035375344194573534,0.010129968560023921,0.00983808237246279,0.007992670591412834
47,Centralized,Ransomware,-0.0005846595959818697,-0.0001603358081198399,0.003285105781474823,-0.0002797145374726251,-0.002981820697806094
47,Centralized,SQL_injection,-0.009282080284680793,-0.007015352607958418,0.0017111790742504948,0.0006615937475787162,0.0008604626314463968
47,Centralized,Uploading,-0.014129832460610274,0.007110258307442676,-0.002911375305539395,-0.015933423724375118,0.007057363450023789
47,Centralized,Vulnerability_scanner,-0.002518873044143566,0.0025954716270525442,0.0025233370590538482,-0.004782334366861579,0.001185352966167256
47,Centralized,XSS,-0.00014276094563148528,0.013106135510372976,-0.004876768278146206,-0.0046301711339056155,-0.003456435152689672
48,0,Backdoor,-0.011781249798360227,0.03669991912988721,-0.037262607799262805,-0.04131176998737895,-0.0151109286345036
48,0,DDoS_HTTP,0.004093407447325167,-0.0022155946683117583,0.004205187721326346,-0.006143917576757996,0.002084791296383435
48,0,DDoS_ICMP,-0.0004566685009150066,0.00019764476748041862,-0.00013828831629109084,0.00017907537660522924,0.00021722260186781325
48,0,DDoS_TCP,-0.003819993181527215,0.00887789019005905,0.0019376861009050542,-0.018269423967736956,0.005612614593749165
48,0,DDoS_UDP,0.0,0.0,0.0,0.0,0.0
48,0,Fingerprinting,-0.184448533715528,0.12431569521797008,-0.06256254646576358,0.1121686609656727,0.08830450177542654
48,0,MITM,0.0,0.0,0.0,0.0,0.0
48,0,Normal,-0.00012643803575587882,0.0003474162659634609,-0.0003452444165400766,-0.0004888980648796189,-0.0001002745410470444
48,0,Password,0.0056274575154977875,-0.003058331715086079,-0.00038499633500864807,0.0012388644957288053,0.0014340849053937213
48,0,Port_Scanning,-0.016341800149283135,0.04793567154867683,0.013964525893027772,-0.10465884989399712,0.03272582248387929
48,0,Ransomware,0.003065718653106353,-0.002322849211731239,0.004090830585661723,0.0020067798833762677,-0.0032492783542256874
48,0,SQL_injection,-0.02247975702668293,0.004406670489863871,0.01022300961679739,0.0033152536144359828,-0.0058832545658208096
48,0,Uploading,-0.012773542425460582,0.008888483964494202,0.0007496910079876184,-0.012831814066210593,0.02052278769259127
48,0,Vulnerability_scanner,-0.0003265893354421438,0.0010693040290854587,0.0008224023884131534,-0.0018046168280401547,-0.0007026887778094441
48,0,XSS,-0.00250616095272581,-0.0024393910152224725,-0.0032851435569314267,-0.003298497544432094,0.011529193069311805
48,1,Backdoor,-0.027062897132581292,0.03407391558600883,-0.042597031614989705,-0.04791558039305927,-0.021312980290531483
48,1,DDoS_HTTP,0.004075086144806622,-0.0013026566013121326,0.004387585364180584,-0.003421273861035337,0.004912388896863074
48,1,DDoS_ICMP,-0.00024322783273439025,-5.417968035936749e-07,0.00020663032356922536,3.6555163509925195e-05,0.00022494600106469272
48,1,DDoS_TCP,-0.004628856201453811,0.010134477167764964,0.0025160550316635517,-0.019843701912870944,0.00555479573501162
48,1,DDoS_UDP,0.0,0.0,0.0,0.0,0.0
48,1,Fingerprinting,-0.11578586791630277,0.03856911285172157,0.04386394282046453,0.07424889200976158,0.08084305066913765
48,1,MITM,0.0,0.0,0.0,0.0,0.0
48,1,Normal,-0.00022247970140537403,0.0002664605923210698,-0.0003636073422935315,-0.00040666127802182854,-0.00021136499211680445
48,1,Password,0.00483676889390409,-0.0014682066447298558,0.0019174065424240549,0.003640078166969685,0.0013303632978423018
48,1,Port_Scanning,-0.01918281899468226,0.05385555606288097,0.01663795694362583,-0.11339588815113669,0.03395721181975818
48,1,Ransomware,0.0019233184921840878,-0.003749951355943165,0.0025306184859871426,0.002843459182177784,7.413686595623507e-05
48,1,SQL_injection,-0.023251566625248733,0.003138222246509521,0.009420681227091684,0.005090187466983813,-0.0050828364931857625
48,1,Uploading,-0.014116367418192275,0.012478409099188237,0.003904078958297114,-0.010299053315518562,0.01805504026649816
48,1,Vulnerability_scanner,-0.003342231900884048,0.002319748604360346,0.0017609189132978134,-0.002410212919006157,2.6767525967795006e-05
48,1,XSS,0.005130373681962854,-0.0028828028528266963,-0.003702927857143144,-0.003754725225836814,0.005210082253843801
48,2,Backdoor,-0.023279318254205365,0.030144232640292073,-0.045212378491124826,-0.04878709223150383,-0.02110196269792901
48,2,DDoS_HTTP,0.004728268834031521,-0.0009171012666471356,0.002923401572472629,-0.0026106349414606895,0.001727417262020329
48,2,DDoS_ICMP,-0.0002321028802289682,0.0003483077461274927,6.796007494379586e-05,0.00029183603156298087,0.00042408697919116094
48,2,DDoS_TCP,-0.0031781228487292885,0.007480375326418559,0.001638462219752009,-0.017212883558329988,0.005068774124942599
48,2,DDoS_UDP,0.0,0.0,0.0,0.0,0.0
48,2,Fingerprinting,-0.12048492437536082,0.17076277688714728,-0.002922616878337938,0.16249298321255606,0.14869519852094193
48,2,MITM,0.0,0.0,0.0,0.0,0.0
48,2,Normal,-0.00021269394587778435,0.00027772303729083905,-0.00043484045950298864,-0.0004839624419140431,-0.00019399324230315874
48,2,Password,0.0027257911150481242,-0.0027190275551350527,0.0006767542867017751,0.001045650921988578,-0.0020591680096051688
48,2,Port_Scanning,-0.013416936274456163,0.0409813262956866,0.013359130913220413,-0.09942636369013622,0.029260855819637957
48,2,Ransomware,0.0031926305364940455,-0.0023101226531990204,0.0023169040815939623,0.0002844209429956335,1.9072911715711793e-05
48,2,SQL_injection,-0.010970289719252542,0.0019386258965903315,0.007035898556968282,0.0010314433271210158,-0.004250820182220434
48,2,Uploading,-0.01154653920772811,0.014166547715700572,-0.004647454181615446,-0.008175832878965466,0.03009326998410192
48,2,Vulnerability_scanner,0.0009797008526914472,0.0022721471193961544,0.0003713314933362096,-0.00449193628618033,0.003245986881297099
48,2,XSS,-0.002224815674192132,-0.004249234103989959,-0.004181894036649892,-0.00434974166718409,0.015005685482016072
48,3,Backdoor,-0.025999349444154732,0.03748803246277987,-0.05070818557625767,-0.05303853052301157,-0.02324697182871382
48,3,DDoS_HTTP,0.0033006130798101468,-0.0007946904234225024,0.00175082999252891,-0.006003105849095859,0.001746353200179304
48,3,DDoS_ICMP,-0.00014498240459862957,0.0001152162829665589,9.819580702439638e-05,7.751764989212077e-05,0.0003036915155413822
48,3,DDoS_TCP,-0.0034628134716902883,0.008029038793754448,0.0020628635742018695,-0.01699853368685598,0.005449906767275932
48,3,DDoS_UDP,0.0,0.0,0.0,0.0,0.0
48,3,Fingerprinting,-0.13860655777818257,0.10932732120832814,-0.00842187890929309,0.10672048360149052,0.10875840965543486
48,3,MITM,0.0,0.0,0.0,0.0,0.0
48,3,Normal,-0.00022960966191288475,0.00030341761683869335,-0.00044195375966268695,-0.0004982129654983995,-0.00020210267582182289
48,3,Password,0.0037118419062279625,-0.000838834689709489,-0.001344071885322083,0.0005639642480205473,-0.002649844596560569
48,3,Port_Scanning,-0.015579609481175882,0.04587526911915023,0.01599063443020157,-0.1028781202723093,0.03257541238884719
48,3,Ransomware,-0.00024178546085947827,-0.0020200471193606794,6.001301167069539e-05,0.0012672069017913901,-0.0026869690036040116
48,3,SQL_injection,-0.017176891708181367,0.006206022853989228,0.006303098137256225,0.0029820539101957128,-0.003774334052109175
48,3,Uploading,-0.006654716310443522,0.009914508243704512,-0.0043935566965707705,-0.008307953175230616,0.02044045141771554
48,3,Vulnerability_scanner,0.0008332687374405512,0.0005052186351131674,0.0014109452280629358,0.0004384742219468533,-0.0015666781784341166
48,3,XSS,0.0004063547558542811,-0.0019815343200657526,-0.0019815343200657526,-0.001999525108781929,0.005556238993059153
48,4,Backdoor,-0.022022557676839423,0.03136548204003012,-0.05047867995964997,-0.048580450485073715,-0.025951718842447413
48,4,DDoS_HTTP,0.00011206733198406334,0.0002870556263268505,0.000785142708304154,-0.002332959534366519,-0.000295151648182677
48,4,DDoS_ICMP,-0.00040797745107426693,7.686325947316442e-05,0.0008842287915091025,0.0003206746600537621,0.00047147662915278203
48,4,DDoS_TCP,-0.0034064018365663473,0.009295765168928244,0.0019720343746810107,-0.020547989595358817,0.005039804001414479
48,4,DDoS_UDP,3.203346922611335e-05,0.00019292601175027364,-0.0011203614947304873,-4.837820538846627e-05,-0.00034322106785875475
48,4,Fingerprinting,-0.13961099773115737,0.1339706562695749,0.03128707688881783,0.14956422802256694,0.10256681432797561
48,4,MITM,-0.049521669829032416,-0.016185379012024596,0.18619092276432905,-0.016194067033848906,-0.046318792396669514
48,4,Normal,-0.0002264307577416876,0.0002969013269847572,-0.00037202465381492114,-0.0004915517014220883,-0.0002336699324098764
48,4,Password,0.003981165086361617,-0.002207150981705461,0.002637873477285815,0.003100892419026545,-0.0007731144377735505
48,4,Port_Scanning,-0.014609847445754368,0.04999816815620483,0.01977795059792633,-0.12121552219716086,0.034229873752152355
48,4,Ransomware,0.0033864910640482066,-0.0032795642607807945,0.011745216101762327,0.0019848782478462334,-0.0026047563078943404
48,4,SQL_injection,-0.012801887073583368,0.004884563953719481,0.008123850539524132,0.003912289739064842,-0.004118817158725095
48,4,Uploading,-0.007297503314642902,0.010328997453298629,0.00219837522358785,-0.01012327522544376,0.02489708978289071
48,4,Vulnerability_scanner,0.00015521388726919919,0.001893633041380081,0.00153338278535937,-0.0029777996223518213,0.0015971927022056613
48,4,XSS,0.004656655000025898,-0.004290679138884203,-0.005080894214813564,-0.005284725841216471,0.00999964419488834
48,Aggregated,Backdoor,-0.021912891650567482,0.03398536186711161,-0.04516753222266767,-0.04787255921255782,-0.021273369480559447
48,Aggregated,DDoS_HTTP,0.003229083406328411,-0.0009848860573097426,0.0027917352933899335,-0.004142294022086304,0.002026859197082756
48,Aggregated,DDoS_ICMP,-0.00029697824917210107,0.00014750084429358546,0.00022382722295532324,0.00018116845692448165,0.0003283318706963282
48,Aggregated,DDoS_TCP,-0.003698169656905927,0.008761515657351617,0.0020276266749264175,-0.018575166066682493,0.005345652035274301
48,Aggregated,DDoS_UDP,6.435967158661497e-06,3.86448535263965e-05,-0.00022436763522683348,-9.667092155335455e-06,-6.871164341885986e-05
48,Aggregated,Fingerprinting,-0.1396809467756987,0.11533880976832186,0.002076760085258129,0.1205123864612426,0.10443919314707899
48,Aggregated,MITM,-0.0495216698290324,-0.016185379012024596,0.18619092276432908,-0.016194067033848906,-0.0463187923966695
48,Aggregated,Normal,-0.00020355387526485209,0.00029837263554841433,-0.00039158738182351236,-0.000473852732701587,-0.00018828750480616533
48,Aggregated,Password,0.004195078047456133,-0.00207303343274807,0.0007012833003973988,0.0019222531667178887,-0.0005362590423437781
48,Aggregated,Port_Scanning,-0.015843015987319714,0.047750338309688584,0.015930131068557358,-0.10832663656162378,0.0325390698880415
48,Aggregated,Ransomware,0.0022220198953379327,-0.002712026855275285,0.00410809862248984,0.0016956446481482053,-0.0016890804328882274
48,Aggregated,SQL_injection,-0.017358275593505747,0.004124802344455117,0.008239455539730912,0.003271756982401068,-0.004635850710507363
48,Aggregated,Uploading,-0.010469648278281707,0.011134925633090643,-0.0003949676796594799,-0.009964095815014683,0.022811467191647738
48,Aggregated,Vulnerability_scanner,-0.0003457553057500303,0.001615888666581115,0.0011803972309990436,-0.0022498601736069637,0.0005246193176851877
48,Aggregated,XSS,0.001231813510282848,-0.0032302397859190505,-0.003713786141025038,-0.003791959999686702,0.009504172416347944
48,Centralized,Backdoor,-0.021912891650567482,0.03398536186711161,-0.04516753222266767,-0.04787255921255782,-0.021273369480559447
48,Centralized,DDoS_HTTP,0.003229083406328411,-0.0009848860573097426,0.0027917352933899335,-0.004142294022086304,0.002026859197082756
48,Centralized,DDoS_ICMP,-0.00029697824917210107,0.00014750084429358546,0.00022382722295532324,0.00018116845692448165,0.0003283318706963282
48,Centralized,DDoS_TCP,-0.003698169656905927,0.008761515657351617,0.0020276266749264175,-0.018575166066682493,0.005345652035274301
48,Centralized,DDoS_UDP,6.435967158661497e-06,3.86448535263965e-05,-0.00022436763522683348,-9.667092155335455e-06,-6.871164341885986e-05
48,Centralized,Fingerprinting,-0.1396809467756987,0.11533880976832186,0.002076760085258129,0.1205123864612426,0.10443919314707899
48,Centralized,MITM,-0.0495216698290324,-0.016185379012024596,0.18619092276432908,-0.016194067033848906,-0.0463187923966695
48,Centralized,Normal,-0.00020355387526485209,0.00029837263554841433,-0.00039158738182351236,-0.000473852732701587,-0.00018828750480616533
48,Centralized,Password,0.004195078047456133,-0.00207303343274807,0.0007012833003973988,0.0019222531667178887,-0.0005362590423437781
48,Centralized,Port_Scanning,-0.015843015987319714,0.047750338309688584,0.015930131068557358,-0.10832663656162378,0.0325390698880415
48,Centralized,Ransomware,0.0022220198953379327,-0.002712026855275285,0.00410809862248984,0.0016956446481482053,-0.0016890804328882274
48,Centralized,SQL_injection,-0.017358275593505747,0.004124802344455117,0.008239455539730912,0.003271756982401068,-0.004635850710507363
48,Centralized,Uploading,-0.010469648278281707,0.011134925633090643,-0.0003949676796594799,-0.009964095815014683,0.022811467191647738
48,Centralized,Vulnerability_scanner,-0.0003457553057500303,0.001615888666581115,0.0011803972309990436,-0.0022498601736069637,0.0005246193176851877
48,Centralized,XSS,0.001231813510282848,-0.0032302397859190505,-0.003713786141025038,-0.003791959999686702,0.009504172416347944
49,0,Backdoor,0.06225004022367241,-0.024386138909226526,0.07338508510438585,-0.012962857652237621,-0.039200287072056736
49,0,DDoS_HTTP,0.0026124079048343834,-0.006367678873712064,-0.007235851568015513,0.0017597739320331447,0.0031430456629319686
49,0,DDoS_ICMP,0.00013096000843137445,-0.0002426907453503139,0.00033545703443955873,-0.00039220677313693645,0.00016848047561631718
49,0,DDoS_TCP,-0.003739038481682555,0.009662191420327036,0.007625476777424145,-0.013896280252444224,0.005376146063127705
49,0,DDoS_UDP,0.0,0.0,0.0,0.0,0.0
49,0,Fingerprinting,0.06449283168401936,-0.14203096745879532,0.22758757571495938,-0.22201514151350377,0.07196570157332036
49,0,MITM,0.0,0.0,0.0,0.0,0.0
49,0,Normal,0.0006358120775108777,-0.00021177818797127695,0.0007376077492584492,-0.00012503240370448737,-0.0003901008754729059
49,0,Password,-0.004382592119137072,0.0017959966849574933,-0.003729266198668094,0.0009191274089360005,-0.0018614066638408039
49,0,Port_Scanning,-0.01888732092846943,0.05194247828316043,0.042308245121261266,-0.08360550876113418,0.03173696678444769
49,0,Ransomware,0.0015528249228487407,-0.0138992382516377,-0.003128302254863787,-0.00045427948220659137,0.005285192863183537
49,0,SQL_injection,-0.00964818751115183,0.015214117985725108,-0.009614648875849873,0.010216974213276726,0.02615615601905304
49,0,Uploading,-0.0004618036689112093,-0.01592489258029499,-0.0018908343108137013,0.012533006283113905,0.015755015621546704
49,0,Vulnerability_scanner,0.0013260376358747846,0.0007813934890313937,0.001887275859847339,0.003001689542169685,-0.004073565855549314
49,0,XSS,0.0,0.0,0.0,0.0,0.0
49,1,Backdoor,0.09303965999947734,-0.031892928117770676,0.09163890649114648,-0.02123550310447914,-0.04613890703587879
49,1,DDoS_HTTP,-0.0021677952404693898,-0.001652066430368739,-0.006653583995219032,-5.10227817352669e-05,-0.0003048265028227637
49,1,DDoS_ICMP,3.7408025095146215e-05,-0.00018614049720533377,0.0001472557822206344,-0.0001668767955938788,0.00016896302576412578
49,1,DDoS_TCP,-0.0053479663523883685,0.011773956503306917,0.009075430083523961,-0.015564782361446724,0.005069778476431548
49,1,DDoS_UDP,1.611343860780101e-05,-6.445375443120405e-05,1.611343860780101e-05,1.611343860780101e-05,1.611343860780101e-05
49,1,Fingerprinting,0.01956158598028875,-0.1162270921612472,0.18470350192281237,-0.17546570894181682,0.04187905895565644
49,1,MITM,0.0,0.0,0.0,0.0,0.0
49,1,Normal,0.0008644083115961118,-0.00028084727307878254,0.0009346094410782047,-0.0002278132661912106,-0.0004864243523560278
49,1,Password,-0.0023430228446738735,0.0034968923314382815,-0.003292161026093508,-4.7419090005933195e-05,-0.00044481946233496567
49,1,Port_Scanning,-0.025285090295205818,0.061477809770960026,0.04882422431060654,-0.09297139915763682,0.030552392759214897
49,1,Ransomware,-0.0003118626725746735,-0.006257449970627518,0.0011719380853783398,-0.0009118234914599676,-0.0008903317773397109
49,1,SQL_injection,-0.009361122441447232,0.016019092242675673,-0.01204309657424576,0.00654883619655602,0.019054440779840455
49,1,Uploading,0.0007888281449415594,-0.0134406500555086,-0.0023784086019799228,0.011315159068272677,0.01194849626010556
49,1,Vulnerability_scanner,0.0006606303373101437,0.0002927447528429161,7.359704492019282e-05,0.0030903521585135224,-0.0031504283920167114
49,1,XSS,-0.0009791795506081224,-0.0009791795506081224,-0.0009791795506081224,0.00391671820243249,-0.0009791795506081224
49,2,Backdoor,0.09469716314512917,-0.027427132212853,0.09529097203496366,-0.015541030716753498,-0.04655377949135253
49,2,DDoS_HTTP,-0.00016977404117612672,-0.004028118708727011,-0.0030677527092218197,0.0006037006366634641,-0.0013759452010985412
49,2,DDoS_ICMP,0.00023272982964686977,-0.00016043517676847158,9.911280324416313e-05,-0.0005542529896304253,0.0001576713666268048
49,2,DDoS_TCP,-0.002407321942358483,0.008753963371823485,0.006790981150026302,-0.012759022040098338,0.00395425997668565
49,2,DDoS_UDP,0.0,0.0,0.0,0.0,0.0
49,2,Fingerprinting,0.0805856343840398,-0.11565704767088314,0.17911945324100376,-0.27224333764659303,0.05200482150195654
49,2,MITM,0.0,0.0,0.0,0.0,0.0
49,2,Normal,0.0009141525394010289,-0.00026888753227871285,0.0009946812424400135,-0.00019460952840950988,-0.0004643620084156493
49,2,Password,-0.0004092863414647254,0.0035383648282459887,-0.0005716038700878057,0.0016861632971375143,-0.00022685445360631217
49,2,Port_Scanning,-0.011733530544516231,0.046698898963783035,0.03741847148218313,-0.07569999181718702,0.02391874921905197
49,2,Ransomware,0.0006110911670303624,-0.005975917440076647,-0.0016806650213623986,0.0008993511251016366,-0.0008158851471485762
49,2,SQL_injection,-0.010399428404748688,0.017243457569435305,-0.012271496348777437,0.006060599579546186,0.02026669970476789
49,2,Uploading,0.0015237000092491986,-0.018749720615304125,-0.009571076036496725,0.016949915871538893,0.026014198542308572
49,2,Vulnerability_scanner,0.0004977508177391732,-0.0021940578624890053,0.0017709296994486052,0.0030963580055896334,-0.001410862411460249
49,2,XSS,-0.0005634231764885041,-0.0004619054870311147,-0.0004619054870311147,0.0019491396375818481,-0.0004619054870311147
49,3,Backdoor,0.09589364795001407,-0.028962065032375205,0.09457577768162034,-0.01872921865583952,-0.04457370082532177
49,3,DDoS_HTTP,0.0008846423654799558,-0.002663259432221918,-0.0033618629114525833,0.0022225340513383476,0.0008336521266617168
49,3,DDoS_ICMP,0.00012743179685916205,-0.00022776649957011822,0.00033185220424317895,-0.00043366062662216577,-2.272693532865966e-05
49,3,DDoS_TCP,-0.002978737108889392,0.007991940312833509,0.006517523878304386,-0.013192120171095587,0.004729400767812397
49,3,DDoS_UDP,0.0,0.0,0.0,0.0,0.0
49,3,Fingerprinting,0.04931951089845828,-0.14415090757196022,0.23957228930913124,-0.24129591655907445,0.01234449760765549
49,3,MITM,0.0,0.0,0.0,0.0,0.0
49,3,Normal,0.0009978925852310325,-0.0003007040436712257,0.0009300805314132576,-0.00021817751150692287,-0.0005184625068141602
49,3,Password,0.0006989888215582298,0.0025639978757668403,9.600406006913716e-05,0.00032149838172223914,-0.001150844870341724
49,3,Port_Scanning,-0.015141781642223823,0.046135638434132833,0.037715449494297566,-0.08247290286948603,0.02887304194889863
49,3,Ransomware,0.0019078990711486777,-0.0055153708507084415,0.0037005092754544538,-0.0007937426769226726,0.000700705181027983
49,3,SQL_injection,-0.013219352048695059,0.02087370211782574,-0.016033885085364998,0.006609875430249846,0.019092590969976144
49,3,Uploading,0.0035570756822725156,-0.013728002439585473,-0.0031163263003328246,0.010908006168890937,0.020403136541312095
49,3,Vulnerability_scanner,0.0004722432440387466,0.002165563331687938,0.0015392110589885321,0.0025791616281983527,-0.007355996135150106
49,3,XSS,0.0,0.0,0.0,0.0,0.0
49,4,Backdoor,0.08250022455861626,-0.023150383912284484,0.09321999220234253,-0.0135335991702343,-0.036180755822962124
49,4,DDoS_HTTP,0.001094079847852919,-0.000156863625043141,-0.0029041353859434607,0.0014175620085831952,0.0007126976154676371
49,4,DDoS_ICMP,-0.0002894038371688131,-0.0007921257432823421,0.0009083628930788623,-0.0007538349960214075,3.0363037953382947e-05
49,4,DDoS_TCP,-0.003798506640737979,0.011182930057888415,0.008198453682242202,-0.015155218584300773,0.006595618632024282
49,4,DDoS_UDP,0.0003003313806154558,0.0007025970002723776,-0.0001823976919397711,0.00019297765007333378,0.0002734929479799253
49,4,Fingerprinting,0.03812192797335514,-0.17902085115704472,0.27063877085172805,-0.294115994418832,0.06437614675079369
49,4,MITM,-0.04892702782283394,-0.014741714545347593,0.2487894163577862,-0.02710727828437714,-0.055449293141124976
49,4,Normal,0.0007809352765449325,-0.0002294840024759141,0.0010036277638857357,-0.0001774041957591177,-0.00044027208512608664
49,4,Password,-0.0008371588451696471,0.005098572542843038,-0.0036691828797450407,-0.00035658939699996506,-0.0009899879553260662
49,4,Port_Scanning,-0.020357005641720927,0.058614537358303145,0.04635513800899573,-0.09456612977830706,0.0389422410180179
49,4,Ransomware,0.0002903448357311933,-0.012360472593167915,0.00492502192421538,-0.0006555917982119445,0.00026973148775040755
49,4,SQL_injection,-0.011000644165102325,0.018533820906498622,-0.00884887601540802,0.004181093133097899,0.01938955623091549
49,4,Uploading,0.0049889397070424875,-0.01766742018252685,-0.0034511941307428513,0.008744754499561188,0.019737268133171327
49,4,Vulnerability_scanner,0.0013442781443836038,0.00045518280475984236,0.00220239571561945,0.0021423010906870283,-0.005237055933865658
49,4,XSS,-0.0008201250043164479,-0.0008201250043164479,-0.0008201250043164479,0.0024603750129493437,0.0
49,Aggregated,Backdoor,0.08548515713449502,-0.02716929792974958,0.08947112038092933,-0.016377457286837278,-0.04252939991195848
49,Aggregated,DDoS_HTTP,0.000494436789548941,-0.0029856006277481826,-0.004645895479964973,0.0012059045937795054,0.000635230659616399
49,Aggregated,DDoS_ICMP,4.779957902692108e-05,-0.0003219734291026307,0.0003645329313370693,-0.0004602733089368816,0.00010050906133097227
49,Aggregated,DDoS_TCP,-0.0036542401555448006,0.009870038349353943,0.0076400014753648954,-0.014115441764015569,0.0051473226526748145
49,Aggregated,DDoS_UDP,6.334506380057577e-05,0.00012775937552445734,-3.3283667498544095e-05,4.1868784351239976e-05,5.7975993938241824e-05
49,Aggregated,Fingerprinting,0.0492406433999241,-0.13946438353260715,0.21967214710266475,-0.24190396335770245,0.04801111194327621
49,Aggregated,MITM,-0.04892702782283392,-0.01474171454534759,0.24878941635778615,-0.027107278284377128,-0.05544929314112497
49,Aggregated,Normal,0.0008387662441308378,-0.0002583826524180821,0.0009201516523342427,-0.00018863374850546232,-0.0004599682581661121
49,Aggregated,Password,-0.0014781448635869327,0.003324016598061656,-0.002243307875740319,0.0004957292498495201,-0.0009428893116145753
49,Aggregated,Port_Scanning,-0.01830103342725009,0.05302720353713239,0.042551806801930346,-0.08583016374160088,0.03077498289196354
49,Aggregated,Ransomware,0.0008274864608841359,-0.008827742181955107,0.0009329902674986678,-0.00036572142583729355,0.0009399735136744396
49,Aggregated,SQL_injection,-0.0107257074205897,0.017578815946464665,-0.011749314325909067,0.006725700434030001,0.020816810888187386
49,Aggregated,Uploading,0.0021076526866631333,-0.01593339673181061,-0.004083597862288255,0.01210009217769159,0.018740482972828893
49,Aggregated,Vulnerability_scanner,0.0008592134589110419,0.0003016353423679304,0.0014880275173263383,0.002777768592200678,-0.004234968979982068
49,Aggregated,XSS,-0.0004751669607075753,-0.00046203118937508344,-0.00046203118937508344,0.0016948740919545855,-0.00029564475249684345
49,Centralized,Backdoor,0.08548515713449502,-0.02716929792974958,0.08947112038092933,-0.016377457286837278,-0.04252939991195848
49,Centralized,DDoS_HTTP,0.000494436789548941,-0.0029856006277481826,-0.004645895479964973,0.0012059045937795054,0.000635230659616399
49,Centralized,DDoS_ICMP,4.779957902692108e-05,-0.0003219734291026307,0.0003645329313370693,-0.0004602733089368816,0.00010050906133097227
49,Centralized,DDoS_TCP,-0.0036542401555448006,0.009870038349353943,0.0076400014753648954,-0.014115441764015569,0.0051473226526748145
49,Centralized,DDoS_UDP,6.334506380057577e-05,0.00012775937552445734,-3.3283667498544095e-05,4.1868784351239976e-05,5.7975993938241824e-05
49,Centralized,Fingerprinting,0.0492406433999241,-0.13946438353260715,0.21967214710266475,-0.24190396335770245,0.04801111194327621
49,Centralized,MITM,-0.04892702782283392,-0.01474171454534759,0.24878941635778615,-0.027107278284377128,-0.05544929314112497
49,Centralized,Normal,0.0008387662441308378,-0.0002583826524180821,0.0009201516523342427,-0.00018863374850546232,-0.0004599682581661121
49,Centralized,Password,-0.0014781448635869327,0.003324016598061656,-0.002243307875740319,0.0004957292498495201,-0.0009428893116145753
49,Centralized,Port_Scanning,-0.01830103342725009,0.05302720353713239,0.042551806801930346,-0.08583016374160088,0.03077498289196354
49,Centralized,Ransomware,0.0008274864608841359,-0.008827742181955107,0.0009329902674986678,-0.00036572142583729355,0.0009399735136744396
49,Centralized,SQL_injection,-0.0107257074205897,0.017578815946464665,-0.011749314325909067,0.006725700434030001,0.020816810888187386
49,Centralized,Uploading,0.0021076526866631333,-0.01593339673181061,-0.004083597862288255,0.01210009217769159,0.018740482972828893
49,Centralized,Vulnerability_scanner,0.0008592134589110419,0.0003016353423679304,0.0014880275173263383,0.002777768592200678,-0.004234968979982068
49,Centralized,XSS,-0.0004751669607075753,-0.00046203118937508344,-0.00046203118937508344,0.0016948740919545855,-0.00029564475249684345
50,0,Backdoor,0.005692679247511015,0.03503979325092807,0.015299642500984728,0.03045523157708429,0.02142029787857016
50,0,DDoS_HTTP,0.00038426446819665635,-0.003382265050080598,-0.004064340905238797,-0.004059581850269358,0.004983234440082477
50,0,DDoS_ICMP,0.00012341829673552054,-0.0004004253108199722,3.0094471951819246e-05,0.00019834108012597995,4.857146200665241e-05
50,0,DDoS_TCP,0.0006619169987058063,-0.0015399996711523423,0.001189814767655913,0.0006619169987058063,0.0002927456128590707
50,0,DDoS_UDP,0.0,0.0,0.0,0.0,0.0
50,0,Fingerprinting,0.06136845154815272,-0.18137464550575338,0.003307648464466337,0.08892444077462251,0.027774104718511775
50,0,MITM,0.0,0.0,0.0,0.0,0.0
50,0,Normal,-0.00015576003605804838,0.0005019782456027392,0.00011914331081174604,0.0003324531466124936,0.0003860129674272424
50,0,Password,0.0005492291113955915,0.002896802797337255,-0.004374062259972319,-0.0002483428156702531,-0.0003725208206582703
50,0,Port_Scanning,0.003057569057555376,-0.007195824413653131,0.005449101872861173,0.003057569057555376,0.0013787108624628637
50,0,Ransomware,0.005279418769511059,-0.006558196502841614,0.0003277762831818539,-0.0014142583076423723,0.0023652597577910736
50,0,SQL_injection,-0.005056745255600074,-0.003348846414508336,0.007776022697929051,-0.002712227061775472,-0.02123535820417537
50,0,Uploading,0.01181149811828485,-0.02084730955473611,-0.002048583118680123,-0.009499519077689672,0.007776312266676875
50,0,Vulnerability_scanner,0.0012705020154077688,-0.0028174391770595165,0.0008167740330780826,-0.0004938464839170247,-0.0007566325350900682
50,0,XSS,5.341595000267022e-06,-8.012392500400534e-06,5.341595000267022e-06,5.341595000267022e-06,-8.012392500400534e-06
50,1,Backdoor,0.02221567712104401,0.0417443751177522,0.032506599842422754,0.046303917233286265,0.0027289874518349783
50,1,DDoS_HTTP,0.00027128328955736044,-0.0011896401233394008,-0.0019224533684515524,-0.0054332171472624615,0.003899053982856665
50,1,DDoS_ICMP,0.0001200424175494689,-0.0003859401335258713,0.00015750365569694075,6.9554296339480185e-06,0.00010143863064551358
50,1,DDoS_TCP,0.00064894986394937,-0.0012826438341083898,0.0011749078593089267,0.0011227991981656803,0.00022860030987667906
50,1,DDoS_UDP,0.0,0.0,0.0,0.0,0.0
50,1,Fingerprinting,0.03763858524728088,-0.15038816256207563,0.05313830292091162,0.0390468991555948,0.02056437523828826
50,1,MITM,0.0,0.0,0.0,0.0,0.0
50,1,Normal,4.502427155998282e-06,0.0005584402947979886,0.00031617327333717434,0.0005138364412596242,0.0001694595573117482
50,1,Password,-0.002067782931266712,0.0009543910732517873,-0.004984021572612509,-0.002350299045524411,-0.0011424416322968135
50,1,Port_Scanning,0.003621150050074721,-0.006890972012708126,0.005914638847100566,0.003389260754626681,0.002243489616140145
50,1,Ransomware,0.0029286013410271556,-0.0033367053371329445,0.001437724289619674,-0.0006602551937594496,-0.0003693650997544355
50,1,SQL_injection,-0.001771684768923367,-0.0024908093725442043,0.010812899060055125,-0.0001415892956692986,-0.018601002643383553
50,1,Uploading,0.0066536585221623245,-0.01717395914976552,-0.0035638942354164383,-0.011698303322903654,0.010486614751685462
50,1,Vulnerability_scanner,0.0015081470837970605,-0.0032753113508151464,0.0027158216209535197,-0.0006356090666974142,0.00036506558745616664
50,1,XSS,0.00370139873511341,-0.0009965710657321484,-0.0008929763283448089,-0.0008929763283448089,-0.0009188750126916438
50,2,Backdoor,0.009629663613662454,0.04267642192761462,0.020880427209530792,0.031638366270629034,0.023735956839702314
50,2,DDoS_HTTP,-0.000270242927862363,-0.0005810803359702521,-0.0035429246056889446,-0.0032809151326947932,0.0032833173045720716
50,2,DDoS_ICMP,0.0002703176605385031,-0.000536209582227759,-0.00014291692776615498,0.0002696734045154636,0.00013913544493994733
50,2,DDoS_TCP,0.0008300976180338686,-0.001293064162971617,0.0018709571720320172,0.0008300976180338686,0.00025778452101491063
50,2,DDoS_UDP,0.0,0.0,0.0,0.0,0.0
50,2,Fingerprinting,0.08323326668595213,-0.2205391992382165,-0.021015359931095563,0.1334975946962755,0.0248236977870845
50,2,MITM,0.0,0.0,0.0,0.0,0.0
50,2,Normal,-0.00010323588309403645,0.0005812374199598328,0.00023356760580827695,0.0003966231639506657,0.0003857462175553772
50,2,Password,-0.0053939912811686065,0.0046541805281124496,-0.004107636100693129,-0.001829473254315452,-0.0024746515421470586
50,2,Port_Scanning,0.003857390866717788,-0.006082584109769649,0.008634303485677158,0.003857390866717788,0.0012279126242422018
50,2,Ransomware,0.0030543271814909493,-0.0032590169084597996,-0.0012554526869539174,-0.001547361505253945,-0.0004086451491462806
50,2,SQL_injection,-0.0057701057567285585,-0.0016081685421930872,0.0044906248359839395,-0.003205493665797278,-0.009591546850694932
50,2,Uploading,0.008247418483841949,-0.0283351800060474,-0.012223030762303038,-0.011509703947291857,0.010633376086023586
50,2,Vulnerability_scanner,0.0027917169150790677,-0.004796767267223732,0.0022635984344072844,-0.0027066961412644344,0.0010865698949158176
50,2,XSS,0.00174206375361404,-0.00044397574585829244,-0.00041013651603916265,-0.00041013651603916265,-0.0004778149756774222
50,3,Backdoor,0.01818766257436917,0.04173985367119391,0.0253450292999992,0.038026904149508954,0.01891365163776726
50,3,DDoS_HTTP,-0.0008080165116913035,-0.0006367951396029812,-0.002274386763010865,-0.003215822018820063,0.003444360675055987
50,3,DDoS_ICMP,0.00026998795083959154,-0.00042320102908012064,7.3351371806436765e-06,0.0002506987645730004,0.00012004923690548767
50,3,DDoS_TCP,0.000511738685145426,-0.0016888055140698744,0.0017460929004519696,0.0003062369222355921,0.00035819220409755344
50,3,DDoS_UDP,0.0,0.0,0.0,0.0,0.0
50,3,Fingerprinting,0.0909414951520215,-0.18558947874737344,0.017688286372496895,0.12447545631756161,0.03669476722108302
50,3,MITM,0.0,0.0,0.0,0.0,0.0
50,3,Normal,0.00024958187098022926,0.0004078485669014198,0.0002959285497289003,0.0005815083039103848,9.03297272041655e-05
50,3,Password,-0.002791469296677007,0.0034061275402684486,-0.0009918632609798213,-0.0006929973640533646,-0.002289377671051712
50,3,Port_Scanning,0.0037857148828267257,-0.006478937498128878,0.007245185778845116,0.0030423703670666084,0.001312634919057413
50,3,Ransomware,0.0010798893204529369,-0.0016253885537934666,0.00017449390286241595,0.0013927969392112326,-0.0010217916087331192
50,3,SQL_injection,-0.004337078242283803,-8.436984750318695e-05,0.010674365878481291,-0.004664728532024043,-0.013137432558608914
50,3,Uploading,0.0059470666410249996,-0.024136863584201213,-0.008247362644793399,-0.009895714952157606,0.00731025140839486
50,3,Vulnerability_scanner,0.0008127795175134789,-0.0010162097225389004,0.002295557536197986,9.397176961655207e-05,0.00022857775755050954
50,3,XSS,0.0020224985013858475,-0.0005101223225255061,-0.0005011269281674177,-0.0005011269281674177,-0.0005101223225255061
50,4,Backdoor,0.0032592020687064478,0.0414670437846192,0.018421714330762142,0.027460983314487934,0.02162826461818868
50,4,DDoS_HTTP,-0.002162204662538266,-0.001487310692306898,-0.004430518559095126,-0.004022582984141876,0.001992951456601657
50,4,DDoS_ICMP,-8.004803305466934e-05,-0.0006755365104912092,0.0004269324515442004,0.00020103046021310855,0.00012762163178856958
50,4,DDoS_TCP,0.0008178503261474364,-0.0017100767866019607,0.0010238262435211846,0.0008700372798363239,0.0002462973167259056
50,4,DDoS_UDP,0.00018234590031113347,0.00018234590031113347,-0.00030038317224409343,-3.2154314189086766e-05,-3.2154314189086766e-05
50,4,Fingerprinting,0.0753144224196856,-0.24685424711740503,0.027368294473557632,0.10912887307624151,0.035042657147920285
50,4,MITM,-0.08512776884983478,-0.028491879416684983,0.24563043961655334,-0.03332279729108111,-0.07546593310104249
50,4,Normal,-0.00015884358061886336,0.00045797591217089004,0.00025287911539962347,0.00030755581786016115,0.00028119797307549763
50,4,Password,-0.004605788292635602,0.004632182409183469,-0.006248329113048332,-0.001107359400174513,-0.000658189134286811
50,4,Port_Scanning,0.0033438533438403585,-0.007951040274269372,0.005694619110069619,0.003106955778962728,0.0014547078192477766
50,4,Ransomware,0.0019203690343283565,-0.003337988045936254,0.008149716309868573,-0.0014941274668643588,-0.0014941274668643588
50,4,SQL_injection,-0.0064987853682077785,-0.001212963544121192,0.005255647370780185,-0.0013133413527371032,-0.012479501189709748
50,4,Uploading,0.014965986563616786,-0.02255459280547172,-0.008114821989716798,-0.013964227859784637,0.009494202094372958
50,4,Vulnerability_scanner,0.0023731551833073737,-0.0026547959746554754,0.0011551836892499925,-0.0006010447605276563,0.001329810329623702
50,4,XSS,0.009877633966649538,-0.0012695555822373214,-0.0036543064368939056,-0.0036543064368939056,-0.0012994655106244076
50,Aggregated,Backdoor,0.011768424237265093,0.04054185158090027,0.022453104793452045,0.03475368222120367,0.017758259028225927
50,Aggregated,DDoS_HTTP,-0.0005356503465647524,-0.0014776839351028775,-0.0032634019875783377,-0.00399972084715335,0.0035140688739065625
50,Aggregated,DDoS_ICMP,0.00014078415280731246,-0.00048438084758246994,9.582905343363257e-05,0.00018536956649986002,0.0001073639606444928
50,Aggregated,DDoS_TCP,0.0006939041037585376,-0.0015039362536928892,0.0014031944688361645,0.0007567130613037543,0.0002769590639858599
50,Aggregated,DDoS_UDP,3.650344960088869e-05,3.650344960088869e-05,-6.012528169823117e-05,-6.4408087517731085e-06,-6.4408087517731085e-06
50,Aggregated,Fingerprinting,0.06964106537259325,-0.19783524306840164,0.01790593916432307,0.09796235534809443,0.028365487143786873
50,Aggregated,MITM,-0.08512776884983478,-0.028491879416684983,0.2456304396165533,-0.03332279729108111,-0.07546593310104249
50,Aggregated,Normal,-3.259076286502941e-05,0.000501507103211248,0.00024358241886795104,0.00042651370182173837,0.00026249315822964486
50,Aggregated,Password,-0.0028915069607538574,0.0033267702284615415,-0.0041569684666879925,-0.0012411589048223297,-0.0013918227771106452
50,Aggregated,Port_Scanning,0.0035316313652350956,-0.006925218090593112,0.006574751444682619,0.0032926410274661958,0.0015306613101493357
50,Aggregated,Ransomware,0.0028897738747351814,-0.0036566833089327843,0.0016859349499277624,-0.0007573630320996801,-0.00016166248363047958
50,Aggregated,SQL_injection,-0.004685992094023613,-0.0017571447173218055,0.007820382647179332,-0.0024172508882987216,-0.015055199951258485
50,Aggregated,Uploading,0.009655862483610762,-0.022602037221909323,-0.006791979989733998,-0.01135470196685316,0.009113590846310301
50,Aggregated,Vulnerability_scanner,0.0017514241359640526,-0.00291273849263858,0.001848115182610971,-0.0008681162882272997,0.00045301241754471997
50,Aggregated,XSS,0.0035422170209510107,-0.0006577836238516923,-0.001115353006737521,-0.0011153530067375208,-0.0006537273836242768
50,Centralized,Backdoor,0.011768424237265093,0.04054185158090027,0.022453104793452045,0.03475368222120367,0.017758259028225927
50,Centralized,DDoS_HTTP,-0.0005356503465647524,-0.0014776839351028775,-0.0032634019875783377,-0.00399972084715335,0.0035140688739065625
50,Centralized,DDoS_ICMP,0.00014078415280731246,-0.00048438084758246994,9.582905343363257e-05,0.00018536956649986002,0.0001073639606444928
50,Centralized,DDoS_TCP,0.0006939041037585376,-0.0015039362536928892,0.0014031944688361645,0.0007567130613037543,0.0002769590639858599
50,Centralized,DDoS_UDP,3.650344960088869e-05,3.650344960088869e-05,-6.012528169823117e-05,-6.4408087517731085e-06,-6.4408087517731085e-06
50,Centralized,Fingerprinting,0.06964106537259325,-0.19783524306840164,0.01790593916432307,0.09796235534809443,0.028365487143786873
50,Centralized,MITM,-0.08512776884983478,-0.028491879416684983,0.2456304396165533,-0.03332279729108111,-0.07546593310104249
50,Centralized,Normal,-3.259076286502941e-05,0.000501507103211248,0.00024358241886795104,0.00042651370182173837,0.00026249315822964486
50,Centralized,Password,-0.0028915069607538574,0.0033267702284615415,-0.0041569684666879925,-0.0012411589048223297,-0.0013918227771106452
50,Centralized,Port_Scanning,0.0035316313652350956,-0.006925218090593112,0.006574751444682619,0.0032926410274661958,0.0015306613101493357
50,Centralized,Ransomware,0.0028897738747351814,-0.0036566833089327843,0.0016859349499277624,-0.0007573630320996801,-0.00016166248363047958
50,Centralized,SQL_injection,-0.004685992094023613,-0.0017571447173218055,0.007820382647179332,-0.0024172508882987216,-0.015055199951258485
50,Centralized,Uploading,0.009655862483610762,-0.022602037221909323,-0.006791979989733998,-0.01135470196685316,0.009113590846310301
50,Centralized,Vulnerability_scanner,0.0017514241359640526,-0.00291273849263858,0.001848115182610971,-0.0008681162882272997,0.00045301241754471997
50,Centralized,XSS,0.0035422170209510107,-0.0006577836238516923,-0.001115353006737521,-0.0011153530067375208,-0.0006537273836242768
