Round,Evaluator,Classes,4,2,3,0,1
0,0,Backdoor,,,,,
0,0,DDoS_HTTP,,,,,
0,0,DDoS_ICMP,,,,,
0,0,DDoS_TCP,,,,,
0,0,DDoS_UDP,,,,,
0,0,Fingerprinting,,,,,
0,0,MITM,,,,,
0,0,Normal,,,,,
0,0,Password,,,,,
0,0,Port_Scanning,,,,,
0,0,Ransomware,,,,,
0,0,SQL_injection,,,,,
0,0,Uploading,,,,,
0,0,Vulnerability_scanner,,,,,
0,0,XSS,,,,,
0,1,Backdoor,,,,,
0,1,DDoS_HTTP,,,,,
0,1,DDoS_ICMP,,,,,
0,1,DDoS_TCP,,,,,
0,1,DDoS_UDP,,,,,
0,1,Fingerprinting,,,,,
0,1,MITM,,,,,
0,1,Normal,,,,,
0,1,Password,,,,,
0,1,Port_Scanning,,,,,
0,1,Ransomware,,,,,
0,1,SQL_injection,,,,,
0,1,Uploading,,,,,
0,1,Vulnerability_scanner,,,,,
0,1,XSS,,,,,
0,2,Backdoor,,,,,
0,2,DDoS_HTTP,,,,,
0,2,DDoS_ICMP,,,,,
0,2,DDoS_TCP,,,,,
0,2,DDoS_UDP,,,,,
0,2,Fingerprinting,,,,,
0,2,MITM,,,,,
0,2,Normal,,,,,
0,2,Password,,,,,
0,2,Port_Scanning,,,,,
0,2,Ransomware,,,,,
0,2,SQL_injection,,,,,
0,2,Uploading,,,,,
0,2,Vulnerability_scanner,,,,,
0,2,XSS,,,,,
0,3,Backdoor,,,,,
0,3,DDoS_HTTP,,,,,
0,3,DDoS_ICMP,,,,,
0,3,DDoS_TCP,,,,,
0,3,DDoS_UDP,,,,,
0,3,Fingerprinting,,,,,
0,3,MITM,,,,,
0,3,Normal,,,,,
0,3,Password,,,,,
0,3,Port_Scanning,,,,,
0,3,Ransomware,,,,,
0,3,SQL_injection,,,,,
0,3,Uploading,,,,,
0,3,Vulnerability_scanner,,,,,
0,3,XSS,,,,,
0,4,Backdoor,,,,,
0,4,DDoS_HTTP,,,,,
0,4,DDoS_ICMP,,,,,
0,4,DDoS_TCP,,,,,
0,4,DDoS_UDP,,,,,
0,4,Fingerprinting,,,,,
0,4,MITM,,,,,
0,4,Normal,,,,,
0,4,Password,,,,,
0,4,Port_Scanning,,,,,
0,4,Ransomware,,,,,
0,4,SQL_injection,,,,,
0,4,Uploading,,,,,
0,4,Vulnerability_scanner,,,,,
0,4,XSS,,,,,
0,Aggregated,Backdoor,,,,,
0,Aggregated,DDoS_HTTP,,,,,
0,Aggregated,DDoS_ICMP,,,,,
0,Aggregated,DDoS_TCP,,,,,
0,Aggregated,DDoS_UDP,,,,,
0,Aggregated,Fingerprinting,,,,,
0,Aggregated,MITM,,,,,
0,Aggregated,Normal,,,,,
0,Aggregated,Password,,,,,
0,Aggregated,Port_Scanning,,,,,
0,Aggregated,Ransomware,,,,,
0,Aggregated,SQL_injection,,,,,
0,Aggregated,Uploading,,,,,
0,Aggregated,Vulnerability_scanner,,,,,
0,Aggregated,XSS,,,,,
0,Centralized,Backdoor,,,,,
0,Centralized,DDoS_HTTP,,,,,
0,Centralized,DDoS_ICMP,,,,,
0,Centralized,DDoS_TCP,,,,,
0,Centralized,DDoS_UDP,,,,,
0,Centralized,Fingerprinting,,,,,
0,Centralized,MITM,,,,,
0,Centralized,Normal,,,,,
0,Centralized,Password,,,,,
0,Centralized,Port_Scanning,,,,,
0,Centralized,Ransomware,,,,,
0,Centralized,SQL_injection,,,,,
0,Centralized,Uploading,,,,,
0,Centralized,Vulnerability_scanner,,,,,
0,Centralized,XSS,,,,,
1,0,Backdoor,0.011984796716173212,-0.01243679711416098,-0.01243679711416098,0.001961108645001322,0.010927688867147428
1,0,DDoS_HTTP,0.004181050070366667,-0.05657950239705935,0.011561337888664761,0.011090759869461205,0.07410864662032267
1,0,DDoS_ICMP,0.19905195496971115,0.19835876100709254,0.19959626342876405,0.19950095290231482,0.19967098430259236
1,0,DDoS_TCP,0.22806645901311884,0.06239425112810273,0.19261487133087668,0.07794002657774055,0.17738385395419634
1,0,DDoS_UDP,0.0,0.0,0.0,0.0,0.0
1,0,Fingerprinting,-0.005555555555555555,-0.005555555555555555,-0.005555555555555555,0.02222222222222222,-0.005555555555555555
1,0,MITM,0.07733089661661081,0.0077463806035234705,0.21866410044981474,-0.16648223469652065,0.30718530147101575
1,0,Normal,0.08832472108504925,0.08765724851916322,0.08837273491048411,0.0883460190940997,0.08992890916361759
1,0,Password,0.0005525149300418988,0.0005562443918954714,0.0005413265444811812,0.0005562443918954714,0.0005562443918954714
1,0,Port_Scanning,-0.15223026572814571,0.06152309018589814,-0.03139079380161207,0.12639770016459928,-0.004299730820739778
1,0,Ransomware,0.0,0.0,0.0,0.0,0.0
1,0,SQL_injection,0.0,0.0,0.0,0.0,0.0
1,0,Uploading,0.02953814217541972,0.0025997380684288614,0.008349617513798287,0.023055257577920263,0.008170392074791413
1,0,Vulnerability_scanner,0.15423672953397521,0.15429270579639923,0.1540688007467032,0.15429270579639923,0.15429270579639923
1,0,XSS,0.007909673015931923,0.006218167932514015,0.0019894052239692447,0.0045266628490961075,0.0028351577656781984
1,1,Backdoor,0.010587152213449497,-0.01104134651428587,-0.011920853990099416,0.001168151245502679,0.011206897045433102
1,1,DDoS_HTTP,0.01692428206032537,-0.05881714654891179,0.017184754697884972,0.01633561971905455,0.08109976279891959
1,1,DDoS_ICMP,0.19943536174411758,0.19854161961906067,0.19958801911163648,0.19967939390572192,0.19960670773372338
1,1,DDoS_TCP,0.2291618185040282,0.060234834833873686,0.193922953172887,0.07974609215214581,0.1756610917879936
1,1,DDoS_UDP,0.0,0.0,0.0,0.0,0.0
1,1,Fingerprinting,0.0,0.0,0.0,0.0,0.0
1,1,MITM,0.14349511599511605,0.032582417582417575,0.2384279609279611,-0.02912393162393167,0.28128510378510374
1,1,Normal,0.08811427527056237,0.08733247684682353,0.08802866482991288,0.08802114777422794,0.08951564980579031
1,1,Password,0.007138855542216887,0.007138855542216887,0.007138855542216887,0.007138855542216887,0.007138855542216887
1,1,Port_Scanning,-0.15057076826020172,0.06680101626341121,-0.03241240801054177,0.1251527314661486,-0.008970571458816471
1,1,Ransomware,0.0,0.0,0.0,0.0,0.0
1,1,SQL_injection,0.0,0.0,0.0,0.0,0.0
1,1,Uploading,0.04044504428336903,-0.0007724283318637856,0.01367736721007301,0.026419301358121774,0.00718723721943047
1,1,Vulnerability_scanner,0.15578210712213464,0.15578210712213464,0.15578210712213464,0.15578210712213464,0.15578210712213464
1,1,XSS,0.009895783413299351,0.00904122094928093,-0.002176035815255625,0.001269200223892331,-0.0021760358152556254
1,2,Backdoor,0.0070824996626167305,-0.010639019324725043,-0.011087047998560168,0.0044973675858554175,0.010146200074813061
1,2,DDoS_HTTP,0.009569159378485159,-0.054532006957934684,0.0030552123458104474,0.013603603579114077,0.07627451135932205
1,2,DDoS_ICMP,0.19913556557625348,0.19873135477994072,0.19949276962581988,0.19967950240595864,0.19958622943429924
1,2,DDoS_TCP,0.23048892202726393,0.06891358363589252,0.18824499910845185,0.07208656529649363,0.18491833634901025
1,2,DDoS_UDP,0.0,0.0,0.0,0.0,0.0
1,2,Fingerprinting,0.0,0.0,0.0,0.0,0.0
1,2,MITM,-0.02031385281385274,0.014841269841269846,0.15811327561327557,-0.11728354978354978,0.21464285714285716
1,2,Normal,0.08756428652175349,0.0868514430549887,0.08743305116044163,0.08753948311761686,0.08891199090456253
1,2,Password,0.00027214565977926806,0.00027214565977926806,0.00027214565977926806,0.00027214565977926806,0.00027214565977926806
1,2,Port_Scanning,-0.14748469348055787,0.0642348734920111,-0.040734436326397755,0.1245293725251788,-0.0005451162102342607
1,2,Ransomware,0.0,0.0,0.0,0.0,0.0
1,2,SQL_injection,0.0,0.0,0.0,0.0,0.0
1,2,Uploading,0.032358985282423015,0.019266896363200454,0.018773742333186558,0.03419171535640452,0.015797010179348488
1,2,Vulnerability_scanner,0.15707517501082333,0.15707517501082333,0.15707517501082333,0.15707517501082333,0.15707517501082333
1,2,XSS,0.013618299553498374,0.013618299553498374,0.006955840755546203,0.008621455455034245,0.006955840755546203
1,3,Backdoor,0.009486241727621036,-0.009263758272378962,-0.009263758272378962,0.003362504353883665,0.005678770463253223
1,3,DDoS_HTTP,0.012815321757742191,-0.050689631446514644,0.012916256294941338,0.014399738622203059,0.07271553597820941
1,3,DDoS_ICMP,0.19957547229552677,0.19835857001227752,0.19963262809513646,0.19978126552726513,0.19972611313574046
1,3,DDoS_TCP,0.2318342874048133,0.052601950795229335,0.19117218434243363,0.07796180651472011,0.1756522910500422
1,3,DDoS_UDP,0.0,0.0,0.0,0.0,0.0
1,3,Fingerprinting,0.0,0.0,0.0,0.0,0.0
1,3,MITM,0.11675602175602176,-0.05445609945609946,0.22492100492100484,-0.1378736078736079,0.2950971250971251
1,3,Normal,0.08616815671741512,0.08544762548315467,0.08605547647423736,0.08609875603763872,0.08758676445225738
1,3,Password,0.003644098083219399,0.0036499249269055763,0.003644098083219399,0.0036499249269055763,0.0036499249269055763
1,3,Port_Scanning,-0.1470512080508844,0.04919660755950503,-0.036371306872974775,0.14785277147278297,-0.01362686410842879
1,3,Ransomware,0.0,0.0,0.0,0.0,0.0
1,3,SQL_injection,0.0,0.0,0.0,0.0,0.0
1,3,Uploading,0.0297666962318645,-0.002698638714490656,0.00886668046632769,0.02256578848957623,0.005244493447040971
1,3,Vulnerability_scanner,0.1498034662216176,0.14986152158086083,0.1498034662216176,0.14986152158086083,0.14986152158086083
1,3,XSS,0.0025604737231680235,0.0025604737231680235,0.0025604737231680235,0.0025604737231680235,0.0025604737231680235
1,4,Backdoor,0.010777261793041362,-0.009683096263224621,-0.011480041456396233,0.00258645470728663,0.007799421219292859
1,4,DDoS_HTTP,0.02051880386872767,-0.04916335289930489,0.010723809219595279,0.013003711222492364,0.07777677357938213
1,4,DDoS_ICMP,0.17372047468717758,0.20013106452482526,0.08943202796966462,0.20358531447771355,0.05028322190048889
1,4,DDoS_TCP,0.23350855157746678,0.06767837199651809,0.19342810182691378,0.06864304147245738,0.17549277261623467
1,4,DDoS_UDP,0.3410166130731345,-0.06960170333243983,-0.06860972065074819,-0.1311985824315987,-0.07160660665834803
1,4,Fingerprinting,0.0,0.0,0.0,0.0,0.0
1,4,MITM,0.26530483803619465,-0.032152125204383944,0.330781028512385,0.1291937269250835,0.10687253173072078
1,4,Normal,0.1026102020779494,0.044001668625847166,0.05685757545734226,0.03205447574494385,0.08332209778904696
1,4,Password,0.005645093831206676,0.005645093831206676,0.005645093831206676,0.005645093831206676,0.005645093831206676
1,4,Port_Scanning,-0.14918907332250686,0.06414886386225989,-0.032393288712224313,0.126039931530305,-0.008606433357833605
1,4,Ransomware,0.0,0.0,0.0,0.0,0.0
1,4,SQL_injection,0.0,0.0,0.0,0.0,0.0
1,4,Uploading,0.031715274918309534,-0.0055583379706936244,0.007410273715014778,0.025661783675281824,0.004771005662087502
1,4,Vulnerability_scanner,0.15746007785312663,0.15740392047506724,0.15706697620671092,0.15717929096282965,0.1577408647434235
1,4,XSS,0.02032928547399567,0.019525603765791353,0.0031539509127625387,0.009733051259671,0.013046692764267278
1,Aggregated,Backdoor,0.00997470196319631,-0.010604566329486614,-0.011230460463964443,0.0027158205277710975,0.009144504302483645
1,Aggregated,DDoS_HTTP,0.012855164940696434,-0.05398818684353613,0.011117889907322416,0.013692800683535093,0.07641760430575288
1,Aggregated,DDoS_ICMP,0.19155731913695537,0.20294348762116052,0.1686855264273687,0.2054926771154797,0.155913069154864
1,Aggregated,DDoS_TCP,0.23058312861386054,0.06237435014573767,0.1918816288595386,0.0752984961703102,0.17781742833046713
1,Aggregated,DDoS_UDP,0.34065680869946263,-0.0695117522390218,-0.0685197695573302,-0.1311086313381807,-0.07151665556493002
1,Aggregated,Fingerprinting,-0.001098901098901099,-0.001098901098901099,-0.001098901098901099,0.004395604395604396,-0.001098901098901099
1,Aggregated,MITM,0.17069284294395384,-0.03214228834874657,0.284656467565612,-0.011011930468838435,0.12113824164135267
1,Aggregated,Normal,0.09099873215463304,0.0771993533800777,0.08076201667771939,0.07492013192175556,0.08804451576335227
1,Aggregated,Password,0.003471401916812673,0.003473549615840015,0.003468179411186532,0.0034735496158400147,0.003473549615840015
1,Aggregated,Port_Scanning,-0.14932704201479316,0.061152010677846584,-0.034662800063124125,0.13002238039492234,-0.007184548994851559
1,Aggregated,Ransomware,0.0,0.0,0.0,0.0,0.0
1,Aggregated,SQL_injection,0.0,0.0,0.0,0.0,0.0
1,Aggregated,Uploading,0.032755301347919125,0.0026719938676035577,0.011451125810293995,0.02643755719099359,0.008268180199031293
1,Aggregated,Vulnerability_scanner,0.15486213402184623,0.15487349007033435,0.15474864212372744,0.15482809635900838,0.1549415806373234
1,Aggregated,XSS,0.010926049339682893,0.01025810778270035,0.0025149615880181073,0.005376343780382253,0.00471779955359951
1,Centralized,Backdoor,0.00997470196319631,-0.010604566329486614,-0.011230460463964443,0.0027158205277710975,0.009144504302483645
1,Centralized,DDoS_HTTP,0.012855164940696434,-0.05398818684353613,0.011117889907322416,0.013692800683535093,0.07641760430575288
1,Centralized,DDoS_ICMP,0.19155731913695537,0.20294348762116052,0.1686855264273687,0.2054926771154797,0.155913069154864
1,Centralized,DDoS_TCP,0.23058312861386054,0.06237435014573767,0.1918816288595386,0.0752984961703102,0.17781742833046713
1,Centralized,DDoS_UDP,0.34065680869946263,-0.0695117522390218,-0.0685197695573302,-0.1311086313381807,-0.07151665556493002
1,Centralized,Fingerprinting,-0.001098901098901099,-0.001098901098901099,-0.001098901098901099,0.004395604395604396,-0.001098901098901099
1,Centralized,MITM,0.17069284294395384,-0.03214228834874657,0.284656467565612,-0.011011930468838435,0.12113824164135267
1,Centralized,Normal,0.09099873215463304,0.0771993533800777,0.08076201667771939,0.07492013192175556,0.08804451576335227
1,Centralized,Password,0.003471401916812673,0.003473549615840015,0.003468179411186532,0.0034735496158400147,0.003473549615840015
1,Centralized,Port_Scanning,-0.14932704201479316,0.061152010677846584,-0.034662800063124125,0.13002238039492234,-0.007184548994851559
1,Centralized,Ransomware,0.0,0.0,0.0,0.0,0.0
1,Centralized,SQL_injection,0.0,0.0,0.0,0.0,0.0
1,Centralized,Uploading,0.032755301347919125,0.0026719938676035577,0.011451125810293995,0.02643755719099359,0.008268180199031293
1,Centralized,Vulnerability_scanner,0.15486213402184623,0.15487349007033435,0.15474864212372744,0.15482809635900838,0.1549415806373234
1,Centralized,XSS,0.010926049339682893,0.01025810778270035,0.0025149615880181073,0.005376343780382253,0.00471779955359951
2,0,Backdoor,0.07622359723457343,0.13058404957990466,0.09673859689713112,0.05560947041870785,0.14340838843378576
2,0,DDoS_HTTP,-0.0035517471315706494,0.07408074000491616,0.0754419773421296,-0.028301934500369174,0.07809505453961511
2,0,DDoS_ICMP,-0.0004340902237717085,0.0002672500581737162,0.0003045088970568673,0.00039795200749126827,0.00036082822987809073
2,0,DDoS_TCP,0.045724749940537754,-0.003256979541344531,-0.06775229383140896,0.03296616962401541,0.0122190246062902
2,0,DDoS_UDP,0.0,0.0,0.0,0.0,0.0
2,0,Fingerprinting,0.0,0.0,0.0,0.0,0.0
2,0,MITM,0.10918803418803416,0.056837606837606865,0.10170940170940172,0.10918803418803422,0.10170940170940172
2,0,Normal,0.0016139610394851252,0.0016833740108473754,0.0017583846508585725,0.0007485579285484526,0.0011132869350766554
2,0,Password,-0.00029399846922695955,0.0001959989794846397,-0.00029399846922695955,0.0001959989794846397,0.0001959989794846397
2,0,Port_Scanning,-0.0782593889979665,0.06835199969590261,0.10482822503139631,-0.04656296902237369,-0.04835786670695876
2,0,Ransomware,0.0,0.0,0.0,0.0,0.0
2,0,SQL_injection,0.0,0.0,0.0,0.0,0.0
2,0,Uploading,-0.0200485340609574,0.019342064779927493,0.014674392890489893,0.004011454545419156,0.023367903284664808
2,0,Vulnerability_scanner,2.4170941258255807e-05,3.986230158516587e-05,2.4170941258255807e-05,-0.00012806648568684334,3.986230158516587e-05
2,0,XSS,0.0008457525417089542,0.0008457525417089542,-0.002537257625126863,0.0008457525417089542,0.0
2,1,Backdoor,0.09389166647860275,0.13310287930986478,0.09742135287971629,0.055509391683349125,0.15499804866039216
2,1,DDoS_HTTP,0.02248931642086851,0.07700364191757764,0.0691668135397197,-0.02051464324245012,0.0727055802883878
2,1,DDoS_ICMP,-0.0004845156328989871,0.000158679439480545,6.502480250356602e-05,0.0002141286226856387,0.0002709462332717997
2,1,DDoS_TCP,0.044989536150903356,-0.0028002574824841217,-0.0696896881299058,0.03142637008265607,0.013283924389643459
2,1,DDoS_UDP,0.0,0.0,0.0,0.0,0.0
2,1,Fingerprinting,0.0,0.0,0.0,0.0,0.0
2,1,MITM,0.04848484848484849,0.012121212121212149,0.06666666666666667,0.07575757575757573,0.0393939393939394
2,1,Normal,0.0018537482030800893,0.0016928678688782172,0.0017205483428942125,0.0006519958192234665,0.0011636867376560187
2,1,Password,-0.0004263835711799512,0.0002842557141199675,-0.0004263835711799512,0.0002842557141199675,0.0002842557141199675
2,1,Port_Scanning,-0.06773534987486597,0.060903957990695666,0.10992055279556891,-0.0516660635854165,-0.05142309732598216
2,1,Ransomware,0.0,0.0,0.0,0.0,0.0
2,1,SQL_injection,0.0,0.0,0.0,0.0,0.0
2,1,Uploading,-0.028717900343836162,0.020900024238739955,0.013837860427487522,0.0001208518393560056,0.0304547656512458
2,1,Vulnerability_scanner,-3.179905963870411e-05,2.1199373092469406e-05,-3.179905963870411e-05,2.1199373092469406e-05,2.1199373092469406e-05
2,1,XSS,0.0015544041450777201,0.0015544041450777201,-0.0062176165803108805,0.0015544041450777201,0.0015544041450777201
2,2,Backdoor,0.12301593790098209,0.10251300210004304,0.07871744451770663,0.04387213089394649,0.16646124445010044
2,2,DDoS_HTTP,0.003493246359751962,0.07278157803179783,0.0767014738300585,-0.03512299174621177,0.08849332527977506
2,2,DDoS_ICMP,-0.00029386015563709345,0.0002932881173777861,0.00010606433160351147,0.00025548819219045615,0.0003121118749937109
2,2,DDoS_TCP,0.03951248991690423,-0.010841920604711024,-0.06606411354950498,0.03402438232226957,0.015509333364066413
2,2,DDoS_UDP,0.0,0.0,0.0,0.0,0.0
2,2,Fingerprinting,0.0,0.0,0.0,0.0,0.0
2,2,MITM,0.10075757575757577,0.1272727272727273,0.1272727272727273,0.1272727272727273,0.10075757575757577
2,2,Normal,0.0017728903386288444,0.0015434012296711042,0.001670390148819171,0.0006667858607628697,0.0010933894542349812
2,2,Password,0.0,0.0,0.0,0.0,0.0
2,2,Port_Scanning,-0.08221212175139962,0.06709856247086826,0.10898204291317141,-0.04805924856633325,-0.04580923506630679
2,2,Ransomware,0.0,0.0,0.0,0.0,0.0
2,2,SQL_injection,0.0,0.0,0.0,0.0,0.0
2,2,Uploading,-0.015717557344495984,0.011722326655553995,0.0076457927934879795,0.004210265172715544,0.009418127223471717
2,2,Vulnerability_scanner,0.0,0.0,0.0,0.0,0.0
2,2,XSS,0.0020195578231292518,0.0020195578231292518,-0.008078231292517007,0.0020195578231292518,0.0020195578231292518
2,3,Backdoor,0.09330784712002593,0.1251694659952819,0.09336946103355391,0.054577879013451264,0.15603790923369384
2,3,DDoS_HTTP,0.00437391659611149,0.0713812771550135,0.07071866175649082,-0.028048988973073345,0.08356885565510258
2,3,DDoS_ICMP,-0.0005484384880572402,9.96714154482233e-05,6.240362805017089e-05,0.00023060100474821358,0.00015576243981063238
2,3,DDoS_TCP,0.038223207038619915,0.0032609788006957388,-0.06942887588536718,0.03413554277107351,0.011430480988337488
2,3,DDoS_UDP,0.0,0.0,0.0,0.0,0.0
2,3,Fingerprinting,0.0,0.0,0.0,0.0,0.0
2,3,MITM,0.05303030303030303,0.03888888888888889,0.02828282828282828,0.13434343434343432,0.02828282828282828
2,3,Normal,0.001658433714981041,0.0017934568556106257,0.0018014657279302626,0.0006415282955576529,0.0012612187181288129
2,3,Password,-0.00028971257001387114,0.00019314171334258075,-0.00028971257001387114,0.00019314171334258075,0.00019314171334258075
2,3,Port_Scanning,-0.08229590661662024,0.08680656586958561,0.0963656665532668,-0.047393306006333305,-0.05348301979989883
2,3,Ransomware,0.0,0.0,0.0,0.0,0.0
2,3,SQL_injection,0.0,0.0,0.0,0.0,0.0
2,3,Uploading,-0.020063722009320266,0.017658289984146584,0.01635937806580716,0.0030296150118462096,0.02063594144435559
2,3,Vulnerability_scanner,-4.243267265577888e-05,2.828844843718592e-05,-4.243267265577888e-05,2.828844843718592e-05,2.828844843718592e-05
2,3,XSS,0.0015544041450777201,0.0015544041450777201,-0.0062176165803108805,0.0015544041450777201,0.0015544041450777201
2,4,Backdoor,0.08384474700164139,0.12185191432125353,0.09493080016296515,0.050459656650797734,0.15983725161124132
2,4,DDoS_HTTP,0.02371954130776684,0.0739945234959172,0.06953797344133107,-0.027925948687981636,0.07309023907170585
2,4,DDoS_ICMP,0.16836398702764752,-0.05969309097819321,0.018511975904872382,-0.0066802765164227194,-0.04918289682734227
2,4,DDoS_TCP,0.046720076158275066,-0.010342416901664578,-0.061853231529513025,0.030257972413926127,0.016466760369386078
2,4,DDoS_UDP,0.6469500130849551,-0.1057583148283426,-0.23354876990355874,-0.12853695497819542,-0.10635612855797436
2,4,Fingerprinting,0.0,0.0,0.0,0.0,0.0
2,4,MITM,0.039300699300699266,0.008997668997668972,0.05445221445221445,0.06202797202797202,0.03522144522144523
2,4,Normal,0.06780396628485195,-0.005254643846770392,-0.03719789638492543,-0.01606270133492733,-0.008299684684969404
2,4,Password,0.0,0.0,0.0,0.0,0.0
2,4,Port_Scanning,-0.07009259000394583,0.06505155343603855,0.10713760121929652,-0.05007751709868746,-0.052019047552701744
2,4,Ransomware,0.0,0.0,0.0,0.0,0.0
2,4,SQL_injection,0.0,0.0,0.0,0.0,0.0
2,4,Uploading,-0.021540632423476112,0.02323963920202172,0.018164152139337187,0.004208286147221281,0.02411424158866769
2,4,Vulnerability_scanner,-0.0002246295122375249,-0.00011231475611876245,-0.00016847213417814366,5.615737805938122e-05,-0.0002246295122375249
2,4,XSS,0.00399905285590255,0.00399905285590255,-0.0159962114236102,0.00399905285590255,0.00399905285590255
2,Aggregated,Backdoor,0.09405344609929771,0.12272156305344237,0.09235941842446328,0.0519234685391641,0.156054946987665
2,Aggregated,DDoS_HTTP,0.010297037969698422,0.07383138341237755,0.0722718498118084,-0.027861151796684785,0.0791115602864892
2,Aggregated,DDoS_ICMP,0.044096977533266316,-0.016302990687640826,0.007259575679538359,0.00015157288113070154,-0.012797727770311716
2,Aggregated,DDoS_TCP,0.04304162098851027,-0.004808318130438405,-0.06695757477309963,0.032563055877931846,0.013779432324824968
2,Aggregated,DDoS_UDP,0.6456886216215831,-0.10542890095172505,-0.23324537317072264,-0.12826999510993192,-0.10599450757231989
2,Aggregated,Fingerprinting,0.0,0.0,0.0,0.0,0.0
2,Aggregated,MITM,0.06891665409383577,0.04592478541961764,0.075173553892524,0.09659690698595326,0.06141069847812594
2,Aggregated,Normal,0.016604213619805998,0.0001620635452503775,-0.007121566607542331,-0.003190216081513194,-0.0009333226826908292
2,Aggregated,Password,-0.00020276385068901463,0.00013517590045934307,-0.00020276385068901463,0.00013517590045934307,0.00013517590045934307
2,Aggregated,Port_Scanning,-0.07619990076246094,0.06971117087820897,0.10550079456603506,-0.04877181362530335,-0.050240251056479716
2,Aggregated,Ransomware,0.0,0.0,0.0,0.0,0.0
2,Aggregated,SQL_injection,0.0,0.0,0.0,0.0,0.0
2,Aggregated,Uploading,-0.02120619059668344,0.01852588887224513,0.014093890869738309,0.0031134165314923097,0.021535894730895507
2,Aggregated,Vulnerability_scanner,-5.560520694401309e-05,-4.54076408614353e-06,-4.425677911251702e-05,-4.54076408614353e-06,-2.723761974913567e-05
2,Aggregated,XSS,0.0020031787384635065,0.0020031787384635065,-0.007845986861047904,0.0020031787384635065,0.001836450645657385
2,Centralized,Backdoor,0.09405344609929771,0.12272156305344237,0.09235941842446328,0.0519234685391641,0.156054946987665
2,Centralized,DDoS_HTTP,0.010297037969698422,0.07383138341237755,0.0722718498118084,-0.027861151796684785,0.0791115602864892
2,Centralized,DDoS_ICMP,0.044096977533266316,-0.016302990687640826,0.007259575679538359,0.00015157288113070154,-0.012797727770311716
2,Centralized,DDoS_TCP,0.04304162098851027,-0.004808318130438405,-0.06695757477309963,0.032563055877931846,0.013779432324824968
2,Centralized,DDoS_UDP,0.6456886216215831,-0.10542890095172505,-0.23324537317072264,-0.12826999510993192,-0.10599450757231989
2,Centralized,Fingerprinting,0.0,0.0,0.0,0.0,0.0
2,Centralized,MITM,0.06891665409383577,0.04592478541961764,0.075173553892524,0.09659690698595326,0.06141069847812594
2,Centralized,Normal,0.016604213619805998,0.0001620635452503775,-0.007121566607542331,-0.003190216081513194,-0.0009333226826908292
2,Centralized,Password,-0.00020276385068901463,0.00013517590045934307,-0.00020276385068901463,0.00013517590045934307,0.00013517590045934307
2,Centralized,Port_Scanning,-0.07619990076246094,0.06971117087820897,0.10550079456603506,-0.04877181362530335,-0.050240251056479716
2,Centralized,Ransomware,0.0,0.0,0.0,0.0,0.0
2,Centralized,SQL_injection,0.0,0.0,0.0,0.0,0.0
2,Centralized,Uploading,-0.02120619059668344,0.01852588887224513,0.014093890869738309,0.0031134165314923097,0.021535894730895507
2,Centralized,Vulnerability_scanner,-5.560520694401309e-05,-4.54076408614353e-06,-4.425677911251702e-05,-4.54076408614353e-06,-2.723761974913567e-05
2,Centralized,XSS,0.0020031787384635065,0.0020031787384635065,-0.007845986861047904,0.0020031787384635065,0.001836450645657385
3,0,Backdoor,0.02883702806685729,0.016293072932539853,-0.022307462602505948,-0.02274139304308335,-0.004328849601412086
3,0,DDoS_HTTP,-0.04259181157092406,0.0009809152833880894,0.03227542602886563,0.02362017337318684,0.0024994836846974466
3,0,DDoS_ICMP,-0.00016241943473068363,-6.679774667090836e-05,4.509768854542758e-05,4.5333985850372814e-05,0.0001387855070057916
3,0,DDoS_TCP,0.0005997286193550592,0.0009116526129443081,-0.002606334360416492,-0.002000197899182739,-6.231422339829095e-05
3,0,DDoS_UDP,0.0,0.0,0.0,0.0,0.0
3,0,Fingerprinting,0.0,0.0,0.0,0.0,0.0
3,0,MITM,-0.013290598290598294,-0.04405982905982905,0.016623931623931627,0.0016666666666666663,0.03905982905982907
3,0,Normal,0.00017569930169027785,0.00021030393221997402,-0.00026079345501499595,0.0001570421070651973,8.243136832861339e-05
3,0,Password,7.458923707145034e-07,4.47535422428702e-06,-2.1630878750720598e-05,4.47535422428702e-06,1.1934277931432054e-05
3,0,Port_Scanning,-0.005945945945945946,-0.005945945945945946,0.023783783783783784,-0.005945945945945946,-0.005945945945945946
3,0,Ransomware,0.0,0.0,0.0,0.0,0.0
3,0,SQL_injection,0.0,0.0,0.0,0.0,0.0
3,0,Uploading,-0.00016719817848474147,0.0017146568609912325,0.005194576455034178,-0.0019744777402285513,-0.01586720193348916
3,0,Vulnerability_scanner,-0.00012314777733280676,0.00010075727236320553,-0.000291076564604816,0.00010075727236320553,0.00021270979721121168
3,0,XSS,0.0,0.0,0.0,0.0,0.0
3,1,Backdoor,0.028215219213040103,0.022401413547052124,-0.029577374029241477,-0.029011514577047773,-0.0027440714795844015
3,1,DDoS_HTTP,-0.032649461222078534,0.01394035561215864,0.015385930583262607,0.025003288713730445,-0.006596678015614705
3,1,DDoS_ICMP,-0.00022997695291063954,-5.931385517585023e-05,9.020353224020913e-05,5.281787734543094e-05,0.0001462693985008497
3,1,DDoS_TCP,-0.00011295219478971164,0.0005971602726010106,-0.001073336462387035,-0.002070784793403622,-0.0003045033669852408
3,1,DDoS_UDP,0.0,0.0,0.0,0.0,0.0
3,1,Fingerprinting,0.0,0.0,0.0,0.0,0.0
3,1,MITM,-0.003181818181818169,-0.10545454545454545,0.033181818181818167,0.015000000000000003,0.06045454545454546
3,1,Normal,0.00011913405260534638,0.0002932249215399252,-0.00033990421311333636,9.722432889666491e-05,7.687349800022761e-05
3,1,Password,0.0,0.0,0.0,0.0,0.0
3,1,Port_Scanning,-0.005039787798408488,-0.005039787798408488,0.020159151193633953,-0.005039787798408488,-0.005039787798408488
3,1,Ransomware,0.0,0.0,0.0,0.0,0.0
3,1,SQL_injection,0.0,0.0,0.0,0.0,0.0
3,1,Uploading,0.0031109323310638984,0.0019382148363238426,0.010028657594288495,-0.003781356543486595,-0.01492594120938477
3,1,Vulnerability_scanner,0.0,0.0,0.0,0.0,0.0
3,1,XSS,0.0,0.0,0.0,0.0,0.0
3,2,Backdoor,0.023692423814711473,0.01452719457169723,-0.027886224817781934,-0.008494764777481296,-0.011367883603419084
3,2,DDoS_HTTP,-0.04152938878167712,0.0041306513912112075,0.028264539396431063,0.03389382961691183,-0.008980280060337516
3,2,DDoS_ICMP,-7.627457689361276e-05,-5.562428058809391e-05,3.762421186236561e-05,1.9112993186853888e-05,7.516165243248718e-05
3,2,DDoS_TCP,0.0002955242543965786,0.0007274840593159323,-0.003062938885703905,-0.001415587856166356,0.001805608113447904
3,2,DDoS_UDP,0.0,0.0,0.0,0.0,0.0
3,2,Fingerprinting,0.0,0.0,0.0,0.0,0.0
3,2,MITM,-0.002020202020202013,-0.031060606060606084,0.0068181818181818265,0.013131313131313134,0.013131313131313134
3,2,Normal,0.0001446353545813998,0.00030564512766966814,-0.00026487437454856264,0.00014471583581133948,9.791929001983778e-05
3,2,Password,0.0,0.0,0.0,0.0,0.0
3,2,Port_Scanning,-0.005769230769230769,-0.005769230769230769,0.023076923076923075,-0.005769230769230769,-0.005769230769230769
3,2,Ransomware,0.0,0.0,0.0,0.0,0.0
3,2,SQL_injection,0.0,0.0,0.0,0.0,0.0
3,2,Uploading,0.00030703943570361175,2.8372501073577194e-05,0.003391467604113088,-0.0011597217907332268,-0.0025671577501570502
3,2,Vulnerability_scanner,-7.5647661195721305e-06,6.808289507614917e-05,-4.538859671743278e-05,0.00010590672567400983,-0.00012103625791315409
3,2,XSS,0.0,0.0,0.0,0.0,0.0
3,3,Backdoor,0.022876880333783028,0.01693123073482717,-0.01850802568134673,-0.023896059467125103,-0.010062666747517577
3,3,DDoS_HTTP,-0.0526483885168825,0.006859440422253426,0.030217842798735538,0.03488361775004198,0.0022508298639108922
3,3,DDoS_ICMP,0.00017559247655709042,-4.839080224337544e-05,-6.747621444355886e-05,-2.9862729935078065e-05,-2.9862729935078065e-05
3,3,DDoS_TCP,-0.0004207981770251575,0.0006742936714530672,-0.0014466259516013823,-0.0025125365745907497,0.001047859722794083
3,3,DDoS_UDP,0.0,0.0,0.0,0.0,0.0
3,3,Fingerprinting,0.0,0.0,0.0,0.0,0.0
3,3,MITM,0.004999999999999999,-0.051818181818181826,0.10045454545454538,-0.02681818181818183,-0.02681818181818183
3,3,Normal,-3.736292770688358e-05,0.00022521593803548717,-0.00019031044327617966,0.00017957526402288723,0.0001084456768072469
3,3,Password,2.3307374744709988e-06,8.157581160648497e-06,-2.680348095641649e-05,2.3307374744709988e-06,1.3984424846825994e-05
3,3,Port_Scanning,-0.006970509383378017,-0.006970509383378017,0.02788203753351207,-0.006970509383378017,-0.006970509383378017
3,3,Ransomware,0.0,0.0,0.0,0.0,0.0
3,3,SQL_injection,0.0,0.0,0.0,0.0,0.0
3,3,Uploading,0.00029194769706150046,0.002145708611248432,0.006969802567936869,-0.0034582669125001277,-0.013380250584423175
3,3,Vulnerability_scanner,-0.00011611071848642111,0.00011611071848642111,-0.00023222143697284223,5.805535924321056e-05,0.00017416607772963166
3,3,XSS,0.0,0.0,0.0,0.0,0.0
3,4,Backdoor,0.025100248003014823,0.013891496066594585,-0.023519748816260688,-0.019962736170364363,0.00018888772540795462
3,4,DDoS_HTTP,-0.030407396464724415,0.01299482754855096,0.019660636228096943,0.02406452994671073,-0.00827113533324238
3,4,DDoS_ICMP,0.09200250346353747,-0.0489940382373841,0.01432981788210808,-0.018955308605198642,0.0023313786118181485
3,4,DDoS_TCP,0.0008914250905735517,0.0008692159919358937,-0.0008908528183544169,-0.001556564834957926,0.00036634933448780694
3,4,DDoS_UDP,0.6869319917332386,-0.18462413492019228,-0.1473976081061079,-0.17101662396094547,-0.15792944629282252
3,4,Fingerprinting,0.0,0.0,0.0,0.0,0.0
3,4,MITM,0.08249999999999999,-0.04250000000000002,-0.03928030303030304,0.09765151515151516,-0.09837121212121207
3,4,Normal,0.08390871471088131,-0.020818598681289918,-0.02358098740633414,-0.020571870060395885,-0.021282554832278776
3,4,Password,5.691954023641863e-05,-0.0001818497775289432,1.1091156819687323e-05,5.691954023641863e-05,5.691954023641863e-05
3,4,Port_Scanning,-0.007142857142857143,-0.007142857142857143,0.02857142857142857,-0.007142857142857143,-0.007142857142857143
3,4,Ransomware,0.0,0.0,0.0,0.0,0.0
3,4,SQL_injection,0.0,0.0,0.0,0.0,0.0
3,4,Uploading,0.0014797944117961835,0.002419260013343248,0.008382155888025235,-0.003720429480397053,-0.01221933570359365
3,4,Vulnerability_scanner,0.0,0.0,0.0,0.0,0.0
3,4,XSS,0.0,0.0,0.0,0.0,0.0
3,Aggregated,Backdoor,0.025712031564733565,0.01680234354952476,-0.024393827307342346,-0.020757070994395818,-0.005651811092043854
3,Aggregated,DDoS_HTTP,-0.039943097371248314,0.0078768176670728,0.025080935892127492,0.028265856442381925,-0.003860224898586205
3,Aggregated,DDoS_ICMP,0.022348864385557596,-0.012294070232461771,0.004261419405670852,-0.0042508187195440935,0.001239616338863007
3,Aggregated,DDoS_TCP,0.0002481297438473566,0.0007563161855535128,-0.0018185988051041843,-0.001911913770115331,0.0005720188755409232
3,Aggregated,DDoS_UDP,0.6865312771694402,-0.1844890882178608,-0.1473215619776537,-0.17091913472596695,-0.15783731379478844
3,Aggregated,Fingerprinting,0.0,0.0,0.0,0.0,0.0
3,Aggregated,MITM,0.025517108928962758,-0.04116418077806748,0.017620701654750617,0.033948147534850356,-0.035921777340496265
3,Aggregated,Normal,0.019093312771109282,-0.004447046777246101,-0.0055525079336602445,-0.004613939442719687,-0.004818912992130553
3,Aggregated,Password,1.0069313821440181e-05,-2.7399986529834386e-05,-9.251690073264207e-06,1.1143482363487034e-05,1.5438880418171378e-05
3,Aggregated,Port_Scanning,-0.006176154672395274,-0.006176154672395274,0.024704618689581095,-0.006176154672395274,-0.006176154672395274
3,Aggregated,Ransomware,0.0,0.0,0.0,0.0,0.0
3,Aggregated,SQL_injection,0.0,0.0,0.0,0.0,0.0
3,Aggregated,Uploading,0.0010067909314903035,0.0016367323715184609,0.006781599529860197,-0.002810820698786094,-0.011727406747290189
3,Aggregated,Vulnerability_scanner,-4.9138674341085246e-05,5.627587275257954e-05,-0.0001131971423755355,5.2220911828152844e-05,5.383903213588836e-05
3,Aggregated,XSS,0.0,0.0,0.0,0.0,0.0
3,Centralized,Backdoor,0.025712031564733565,0.01680234354952476,-0.024393827307342346,-0.020757070994395818,-0.005651811092043854
3,Centralized,DDoS_HTTP,-0.039943097371248314,0.0078768176670728,0.025080935892127492,0.028265856442381925,-0.003860224898586205
3,Centralized,DDoS_ICMP,0.022348864385557596,-0.012294070232461771,0.004261419405670852,-0.0042508187195440935,0.001239616338863007
3,Centralized,DDoS_TCP,0.0002481297438473566,0.0007563161855535128,-0.0018185988051041843,-0.001911913770115331,0.0005720188755409232
3,Centralized,DDoS_UDP,0.6865312771694402,-0.1844890882178608,-0.1473215619776537,-0.17091913472596695,-0.15783731379478844
3,Centralized,Fingerprinting,0.0,0.0,0.0,0.0,0.0
3,Centralized,MITM,0.025517108928962758,-0.04116418077806748,0.017620701654750617,0.033948147534850356,-0.035921777340496265
3,Centralized,Normal,0.019093312771109282,-0.004447046777246101,-0.0055525079336602445,-0.004613939442719687,-0.004818912992130553
3,Centralized,Password,1.0069313821440181e-05,-2.7399986529834386e-05,-9.251690073264207e-06,1.1143482363487034e-05,1.5438880418171378e-05
3,Centralized,Port_Scanning,-0.006176154672395274,-0.006176154672395274,0.024704618689581095,-0.006176154672395274,-0.006176154672395274
3,Centralized,Ransomware,0.0,0.0,0.0,0.0,0.0
3,Centralized,SQL_injection,0.0,0.0,0.0,0.0,0.0
3,Centralized,Uploading,0.0010067909314903035,0.0016367323715184609,0.006781599529860197,-0.002810820698786094,-0.011727406747290189
3,Centralized,Vulnerability_scanner,-4.9138674341085246e-05,5.627587275257954e-05,-0.0001131971423755355,5.2220911828152844e-05,5.383903213588836e-05
3,Centralized,XSS,0.0,0.0,0.0,0.0,0.0
4,0,Backdoor,0.027103698776439724,0.029709385351980738,-0.014305473859224949,-0.1294116640472978,0.04503354849296282
4,0,DDoS_HTTP,-0.005498279186511989,0.04565190463001381,-0.03512575888249281,0.008915791321773777,0.0361077983279819
4,0,DDoS_ICMP,-0.0010151458152589813,0.0002537484417710752,0.0002537484417710752,0.00017911235871416372,0.00032853657300266717
4,0,DDoS_TCP,0.033436741341063406,0.04534329410833509,0.09095262294678276,-0.1469542067783515,-0.020165343591698606
4,0,DDoS_UDP,0.0,0.0,0.0,0.0,0.0
4,0,Fingerprinting,0.0,0.0,0.0,0.0,0.0
4,0,MITM,-0.03205128205128201,-0.012820512820512811,-0.012820512820512811,0.019230769230769214,0.03846153846153843
4,0,Normal,0.0004085807746092648,-3.0024622292125953e-05,-0.00018665483525684607,-0.0004983141349142665,0.000370137416640981
4,0,Password,0.0,0.0,0.0,0.0,0.0
4,0,Port_Scanning,0.012430871244276416,-0.05957100120698974,-0.14682323379495943,0.12952591486661819,0.0644374488910546
4,0,Ransomware,-0.01575319809633105,-0.03839470753029331,6.683093124514871e-05,0.09247578222567253,-0.03839470753029331
4,0,SQL_injection,0.0,0.0,0.0,0.0,0.0
4,0,Uploading,0.0062484428600971436,-0.0004865538373658283,-0.008194758783191819,-0.0029544667198792675,0.005387336480339764
4,0,Vulnerability_scanner,7.162328053617051e-05,7.162328053617051e-05,0.0,0.0,-0.00014324656107234102
4,0,XSS,0.002198956608443281,0.002198956608443281,0.0005074515250253726,-0.0020298061001014903,-0.0028755586418104445
4,1,Backdoor,0.037863513279665924,0.029432666549242578,-0.015210266914967926,-0.13770552299711492,0.04584166414097531
4,1,DDoS_HTTP,0.01880410712845982,0.016509298460177933,-0.03421485635140036,0.0021253439823199697,0.02557598976720552
4,1,DDoS_ICMP,-0.000937789559709414,0.00015925157273195175,0.00023449602517043865,0.00025345483821289093,0.0002905871235941326
4,1,DDoS_TCP,0.03623548206014267,0.04553312233375458,0.09374890470701261,-0.15103434474443117,-0.01956068643115027
4,1,DDoS_UDP,0.0,0.0,0.0,0.0,0.0
4,1,Fingerprinting,0.0,0.0,0.0,0.0,0.0
4,1,MITM,0.0,0.0,0.0,0.0,0.0
4,1,Normal,0.0005166828728196719,-0.0001081979196531783,-0.00034124711953946544,-0.0006519717708633337,0.000309211203831052
4,1,Password,0.0,0.0,0.0,0.0,0.0
4,1,Port_Scanning,0.011707305026634111,-0.05948502904877382,-0.1452506057278189,0.12940748533349322,0.06362084441646536
4,1,Ransomware,-0.01435150635141259,-0.03445526770031013,0.0004546422095997843,0.08280739954243306,-0.03445526770031013
4,1,SQL_injection,0.0,0.0,0.0,0.0,0.0
4,1,Uploading,0.004418341892108293,-0.0031644146149023547,-0.003450411913397407,-0.0034539219817958247,0.005650406617987296
4,1,Vulnerability_scanner,3.6458520531829075e-05,3.6458520531829075e-05,3.6458520531829075e-05,0.0,-0.00010937556159548723
4,1,XSS,0.0008545624640184227,0.0008545624640184227,0.0008545624640184227,0.0,-0.002563687392055268
4,2,Backdoor,0.07932885362880018,0.020254835754002214,-0.03922168949779141,-0.14501359053012303,0.04140664115016248
4,2,DDoS_HTTP,-0.0003492233224408822,0.04373741052174714,-0.043555653427447126,0.009131482873778804,0.03491126287502502
4,2,DDoS_ICMP,-0.0006970098416939778,4.292352519749132e-05,9.954704627184729e-05,4.360828857529753e-05,0.0002864658647951971
4,2,DDoS_TCP,0.024961270046779546,0.04973858866543139,0.08664985800180222,-0.14968756023064858,-0.009548887359329628
4,2,DDoS_UDP,0.0,0.0,0.0,0.0,0.0
4,2,Fingerprinting,0.0,0.0,0.0,0.0,0.0
4,2,MITM,-0.015151515151515138,-0.002525252525252523,-0.008838383838383831,0.04166666666666665,0.06060606060606058
4,2,Normal,0.0006554921884972217,-5.127347752483802e-05,-0.0004481072364291239,-0.0006045804204013128,0.0003472632440156979
4,2,Password,-8.128429181060437e-06,2.0321072952651093e-06,2.0321072952651093e-06,2.0321072952651093e-06,2.0321072952651093e-06
4,2,Port_Scanning,0.01130030118221469,-0.058005950173914717,-0.1563411869666127,0.12994654718453766,0.073100288773775
4,2,Ransomware,-0.015572068027040106,-0.03957755499549003,-0.0009462084171235933,0.09567338643514377,-0.03957755499549003
4,2,SQL_injection,0.0,0.0,0.0,0.0,0.0
4,2,Uploading,0.0004855352254242398,-0.0014928637352318835,0.0005672263019573918,-4.5433017573987916e-05,0.0004855352254242398
4,2,Vulnerability_scanner,-5.2953362837004914e-05,0.0003251124285208647,0.0004007169610614018,-0.00035532836434396903,-0.00031754766240129256
4,2,XSS,0.0,0.0,0.0,0.0,0.0
4,3,Backdoor,0.03211370632349169,0.02745168116994186,-0.022289195803122018,-0.14277488940852961,0.046542233776709234
4,3,DDoS_HTTP,0.011899003197631737,0.03355658383873963,-0.02818162201496821,0.008196464623739725,0.035564510646763386
4,3,DDoS_ICMP,-0.0011635471426585811,0.0002628199361747315,0.00039432401976428796,0.0002821759008020434,0.0004499081929684031
4,3,DDoS_TCP,0.037963937579957314,0.04669296969436256,0.08879677143622994,-0.1494351370763136,-0.020193978066288577
4,3,DDoS_UDP,0.0,0.0,0.0,0.0,0.0
4,3,Fingerprinting,0.0,0.0,0.0,0.0,0.0
4,3,MITM,-0.044242424242424236,-0.009393939393939395,0.011818181818181823,0.042121212121212136,-0.0003030303030303105
4,3,Normal,0.00037612720473233864,0.00023578430675809116,-0.00039632810864582334,-0.0006081816624334991,0.00038489200943777425
4,3,Password,0.0,0.0,0.0,0.0,0.0
4,3,Port_Scanning,0.03163138500523881,-0.06504964277688986,-0.14678841641915702,0.1272866157728881,0.05292005841791993
4,3,Ransomware,-0.014583333333333334,-0.03610854858548585,0.00034978474784747954,0.08645064575645756,-0.03610854858548585
4,3,SQL_injection,0.0,0.0,0.0,0.0,0.0
4,3,Uploading,0.004909572811429868,4.103151872800979e-05,-0.0033571336642327755,-0.00155018564216288,0.003679501179760287
4,3,Vulnerability_scanner,-1.4152148153730633e-05,0.00016274970376790228,0.00016274970376790228,-0.00015567362969103697,-0.00015567362969103697
4,3,XSS,0.0,0.0,0.0,0.0,0.0
4,4,Backdoor,0.04708986330183972,0.037006265417056754,-0.023287786116756547,-0.13334957886056156,0.043076080108221594
4,4,DDoS_HTTP,0.013063635780811694,0.023663462341313793,-0.036954559890671264,0.001961886013197938,0.011066976047569824
4,4,DDoS_ICMP,0.14074971486661106,-0.02189620668298819,-0.03623998099863915,-0.06504082624192979,0.014659997027220685
4,4,DDoS_TCP,0.031044723036083893,0.047628032927688864,0.09278551019171793,-0.15333236625825283,-0.01634367864098934
4,4,DDoS_UDP,0.8984331252031869,-0.08718863596531932,-0.0833641860433265,-0.09189900218808862,-0.08920191183431189
4,4,Fingerprinting,0.0,0.0,0.0,0.0,0.0
4,4,MITM,0.0,0.0,0.0,0.0,0.0
4,4,Normal,0.11148076100146556,-0.015204709894828427,-0.011709192912775163,-0.011082258685050002,-0.018708391942886985
4,4,Password,1.0442046641141733e-05,1.0442046641141733e-05,-1.56630699617126e-05,1.0442046641141733e-05,-1.56630699617126e-05
4,4,Port_Scanning,0.01843338292655502,-0.061282662651831445,-0.15010609870323793,0.12830695687105792,0.06464842155745644
4,4,Ransomware,-0.01435337734550333,-0.03558889858102456,-0.0003324883246143079,0.08586366283216676,-0.03558889858102456
4,4,SQL_injection,0.0,0.0,0.0,0.0,0.0
4,4,Uploading,0.0056375978239884645,-0.0026500689842931025,-0.004468572416328421,-0.002938233776412425,0.0044192773530454905
4,4,Vulnerability_scanner,-4.8468989672530624e-05,2.3978712142689687e-05,0.000360922980498977,-2.783899083065681e-05,-0.0003085937121384793
4,4,XSS,0.009541451797031088,-0.0064670143008100115,-0.00502201629224455,0.0004682510282434084,0.0014793277677800645
4,Aggregated,Backdoor,0.04455607709215341,0.02879522965088266,-0.022746244427318714,-0.13763297542853922,0.04434297114977743
4,Aggregated,DDoS_HTTP,0.007722310121972014,0.032535580771996454,-0.035543575918784806,0.006069221913459603,0.028425222702149578
4,Aggregated,DDoS_ICMP,0.03406362126628248,-0.004794057073088037,-0.008813371369457536,-0.017097199599886797,0.00500608358696224
4,Aggregated,DDoS_TCP,0.03270407856124655,0.04700279658081975,0.09056477198950574,-0.15006324846305044,-0.017149545366172955
4,Aggregated,DDoS_UDP,0.8966877676831085,-0.0867829988071361,-0.08294797587757015,-0.09140240227239953,-0.08877500155386224
4,Aggregated,Fingerprinting,0.0,0.0,0.0,0.0,0.0
4,Aggregated,MITM,-0.01880202993625431,-0.005288281362599249,-0.003334121659816082,0.020137949810502064,0.022482275082708843
4,Aggregated,Normal,0.025478580366528704,-0.003245477946197504,-0.002746188686792511,-0.0026806837202957732,-0.0038738340269978393
4,Aggregated,Password,-8.608652607671833e-07,2.361640365373373e-06,-1.9312077349897814e-06,2.361640365373373e-06,-1.9312077349897814e-06
4,Aggregated,Port_Scanning,0.017133935757366672,-0.060703629521254056,-0.14910212543564935,0.12890597192449574,0.06376584727504096
4,Aggregated,Ransomware,-0.01492639252518945,-0.036805414404211326,-5.660333633411008e-05,0.08859382466994621,-0.036805414404211326
4,Aggregated,SQL_injection,0.0,0.0,0.0,0.0,0.0
4,Aggregated,Uploading,0.0043126124425292645,-0.0015603238560660585,-0.0037455704671805535,-0.002179763797284327,0.0039051892178735338
4,Aggregated,Vulnerability_scanner,-9.818595657999178e-07,0.0001222481565486729,0.0001903338262792357,-0.00010555565152465622,-0.00020604447173745247
4,Aggregated,XSS,0.0018730897337205289,-0.0003237930527488834,-0.00041582864971959017,-0.00030648360104639074,-0.0008269844302056644
4,Centralized,Backdoor,0.04455607709215341,0.02879522965088266,-0.022746244427318714,-0.13763297542853922,0.04434297114977743
4,Centralized,DDoS_HTTP,0.007722310121972014,0.032535580771996454,-0.035543575918784806,0.006069221913459603,0.028425222702149578
4,Centralized,DDoS_ICMP,0.03406362126628248,-0.004794057073088037,-0.008813371369457536,-0.017097199599886797,0.00500608358696224
4,Centralized,DDoS_TCP,0.03270407856124655,0.04700279658081975,0.09056477198950574,-0.15006324846305044,-0.017149545366172955
4,Centralized,DDoS_UDP,0.8966877676831085,-0.0867829988071361,-0.08294797587757015,-0.09140240227239953,-0.08877500155386224
4,Centralized,Fingerprinting,0.0,0.0,0.0,0.0,0.0
4,Centralized,MITM,-0.01880202993625431,-0.005288281362599249,-0.003334121659816082,0.020137949810502064,0.022482275082708843
4,Centralized,Normal,0.025478580366528704,-0.003245477946197504,-0.002746188686792511,-0.0026806837202957732,-0.0038738340269978393
4,Centralized,Password,-8.608652607671833e-07,2.361640365373373e-06,-1.9312077349897814e-06,2.361640365373373e-06,-1.9312077349897814e-06
4,Centralized,Port_Scanning,0.017133935757366672,-0.060703629521254056,-0.14910212543564935,0.12890597192449574,0.06376584727504096
4,Centralized,Ransomware,-0.01492639252518945,-0.036805414404211326,-5.660333633411008e-05,0.08859382466994621,-0.036805414404211326
4,Centralized,SQL_injection,0.0,0.0,0.0,0.0,0.0
4,Centralized,Uploading,0.0043126124425292645,-0.0015603238560660585,-0.0037455704671805535,-0.002179763797284327,0.0039051892178735338
4,Centralized,Vulnerability_scanner,-9.818595657999178e-07,0.0001222481565486729,0.0001903338262792357,-0.00010555565152465622,-0.00020604447173745247
4,Centralized,XSS,0.0018730897337205289,-0.0003237930527488834,-0.00041582864971959017,-0.00030648360104639074,-0.0008269844302056644
5,0,Backdoor,0.011071868381491354,0.02594924864829001,-0.020087690973002136,0.034770456812587676,-0.0358836318436735
5,0,DDoS_HTTP,-0.011112142019938768,0.016958958078759544,0.01767523122178597,0.017231051408215323,0.007452270463426706
5,0,DDoS_ICMP,-2.2983367170903436e-05,-3.602674611223137e-06,1.5094358196674854e-05,1.5094358196674854e-05,-3.602674611223137e-06
5,0,DDoS_TCP,-0.02480092127908195,-0.0052181811950694915,-0.016043091390947794,0.02643025362193823,0.022402480455076937
5,0,DDoS_UDP,0.0,0.0,0.0,0.0,0.0
5,0,Fingerprinting,0.0,0.0,0.0,0.0,0.0
5,0,MITM,0.0006993006993007034,0.0006993006993007034,0.019930069930069922,0.03916083916083912,0.016433566433566405
5,0,Normal,-0.0002892553413810265,0.00030510779338234576,-0.000636534792547322,0.00037329127553897465,0.000567612065828103
5,0,Password,1.4917847414290067e-05,3.729461853572517e-06,-1.4917847414290067e-05,0.0,-3.729461853572517e-06
5,0,Port_Scanning,0.020469328874646236,0.04330756789598463,0.05538647164933829,-0.06774451304009793,-0.051418855379871224
5,0,Ransomware,-0.03493076203471432,-0.003721540634105361,-0.012203489307441593,-0.04319522484463166,0.09405101682089295
5,0,SQL_injection,0.0,0.0,0.0,0.0,0.0
5,0,Uploading,0.011721619309857044,0.005062123211449027,0.0022785223160893906,-0.01030556960815893,-0.008756695229236545
5,0,Vulnerability_scanner,0.00013037594380280738,0.00017731699813930968,-0.00015854057640470875,-0.00015854057640470875,9.388210867300462e-06
5,0,XSS,-0.004059612200202981,0.0010149030500507452,0.0010149030500507452,0.0010149030500507452,0.0010149030500507452
5,1,Backdoor,0.014745892373000783,0.02383783760895987,-0.020559078769069487,0.02761987399796818,-0.032406405884819474
5,1,DDoS_HTTP,-0.009402161434189654,0.01938166156332199,0.009502630325023615,0.010994581185734589,0.00887358225341049
5,1,DDoS_ICMP,-2.2983367170903436e-05,-3.602674611223137e-06,1.5094358196674854e-05,1.5094358196674854e-05,-3.602674611223137e-06
5,1,DDoS_TCP,-0.024487160424413647,-0.006366294249557365,-0.017911276411731812,0.025288843342280543,0.022798998670345898
5,1,DDoS_UDP,0.0,0.0,0.0,0.0,0.0
5,1,Fingerprinting,0.0,0.0,0.0,0.0,0.0
5,1,MITM,0.005454545454545451,0.005454545454545451,0.005454545454545451,0.005454545454545451,-0.021818181818181803
5,1,Normal,-0.00013869835338541913,0.00023649701646100696,-0.0005934861115091523,0.00043524656659905123,0.0005962357555993854
5,1,Password,0.0,0.0,0.0,0.0,0.0
5,1,Port_Scanning,0.025082653127423367,0.042534829524635914,0.053176754324947624,-0.06721786988323591,-0.053576367093771005
5,1,Ransomware,-0.03428838225721969,-0.004305915863298008,-0.01312436109319853,-0.03993809977134398,0.09165675898506022
5,1,SQL_injection,0.0,0.0,0.0,0.0,0.0
5,1,Uploading,0.01479066147728509,0.0036105287422215702,0.0006025751014890092,-0.010845071371822177,-0.008158693949173478
5,1,Vulnerability_scanner,-0.00030595974217516585,9.4719195809706e-05,9.4719195809706e-05,5.8260675277876925e-05,5.8260675277876925e-05
5,1,XSS,-0.0072430915371329875,0.0022380541162924585,0.0022380541162924585,0.001383491652274036,0.001383491652274036
5,2,Backdoor,0.018856292192511295,0.01082226971617879,-0.011888047983120787,0.025094801529834253,-0.01522571704013258
5,2,DDoS_HTTP,-0.008066036686291553,0.019557297907381418,0.020315539776314097,0.021430309418465764,0.015524959990599425
5,2,DDoS_ICMP,5.53603344860043e-05,1.887966779215988e-05,5.6315798204426e-05,5.6315798204426e-05,3.75935181671283e-05
5,2,DDoS_TCP,-0.026458211269489655,-0.007590653560381585,-0.019217765484772074,0.029434167793430038,0.026286861592953625
5,2,DDoS_UDP,0.0,0.0,0.0,0.0,0.0
5,2,Fingerprinting,0.0,0.0,0.0,0.0,0.0
5,2,MITM,-0.016010101010100995,-0.009696969696969687,0.009242424242424236,0.021868686868686853,-0.005404040404040403
5,2,Normal,-0.0001016811153664902,0.00018775938283444594,-0.000634923980420989,0.0004921618929446592,0.000553647033834681
5,2,Password,0.0,0.0,0.0,0.0,0.0
5,2,Port_Scanning,0.020307325748884903,0.04344949615569577,0.05560742000937877,-0.06716742172586258,-0.05219682018809686
5,2,Ransomware,-0.03752851443037194,-0.006781987631733019,-0.012915293614619478,-0.045931875774909744,0.10315767145163418
5,2,SQL_injection,0.0,0.0,0.0,0.0,0.0
5,2,Uploading,0.004690232987053176,0.000688812590826357,0.000712172374622573,-0.0030456089762510526,-0.0030456089762510526
5,2,Vulnerability_scanner,-0.00039304886310745173,0.00017387753048119607,0.00013605369988333542,-0.0003555698405784846,-1.5198493852922972e-05
5,2,XSS,-0.006027281378872792,0.001506820344718198,0.001506820344718198,0.001506820344718198,0.001506820344718198
5,3,Backdoor,0.027955113250506095,0.021567900086147566,-0.0067171864183277,0.03371092527436532,-0.03826763661108723
5,3,DDoS_HTTP,-0.008528629441891788,0.016066105866667693,0.017009680177743843,0.009978792506886476,0.0035644750301744134
5,3,DDoS_ICMP,0.00015697342313022444,-0.00012373436095366636,-6.759280413688821e-05,-6.759280413688821e-05,-0.00012373436095366636
5,3,DDoS_TCP,-0.030173901445890435,-0.0021954305516646436,-0.013354882179249867,0.0273384413572872,0.02268082808908574
5,3,DDoS_UDP,0.0,0.0,0.0,0.0,0.0
5,3,Fingerprinting,0.0,0.0,0.0,0.0,0.0
5,3,MITM,-0.03767676767676769,0.08252525252525257,-0.009898989898989909,0.05222222222222223,-0.014444444444444463
5,3,Normal,-0.00011849599571336541,0.00017213133505037209,-0.0005954401409755357,0.0005382203582572853,0.0005775687170333166
5,3,Password,6.992212423412997e-06,6.992212423412997e-06,-1.6315162321296994e-05,1.1653687372354994e-06,1.1653687372354994e-06
5,3,Port_Scanning,0.009788178097987063,0.05497705139473681,0.06920811689680621,-0.07190738242464646,-0.06206596396488364
5,3,Ransomware,-0.03445482966000451,-0.002568741891563803,-0.012849891388399575,-0.041457630780452684,0.09133109372042057
5,3,SQL_injection,0.0,0.0,0.0,0.0,0.0
5,3,Uploading,0.010544748544563073,0.0036685483168845635,0.0018479795150773066,-0.010818194173176447,-0.008965868406871007
5,3,Vulnerability_scanner,2.356189045321829e-05,0.00016508337199052462,-8.980034364564811e-05,-0.00043088595576791787,-9.252340764209591e-05
5,3,XSS,0.0,0.0,0.0,0.0,0.0
5,4,Backdoor,0.013330198809939813,0.014980688534400573,-0.018635464145301834,0.029113038270537333,-0.036811355105960925
5,4,DDoS_HTTP,0.04031364858670083,0.004433895743289962,0.009077915698553722,-0.004227455898305264,-0.006067817160467389
5,4,DDoS_ICMP,0.09254672398702171,-0.039250498377446694,-0.002142887323280579,-0.019252471337748957,-0.033905331993933634
5,4,DDoS_TCP,-0.020860644435533895,-0.010809016378786833,-0.022679345188172932,0.028761395309160245,0.02521119059795311
5,4,DDoS_UDP,0.8244259809483733,-0.1486263178673296,-0.1352145278251012,-0.1400421275135237,-0.14601516318751898
5,4,Fingerprinting,0.0,0.0,0.0,0.0,0.0
5,4,MITM,0.009999999999999998,0.009999999999999998,0.009999999999999998,0.009999999999999998,-0.039999999999999994
5,4,Normal,0.11306157175492618,-0.01400814855139135,-0.016866474763071782,-0.014274130153122453,-0.013953864851360095
5,4,Password,0.00017013652829416838,0.00017013652829416838,-0.0006094885177657019,9.907893288319675e-05,0.00017013652829416838
5,4,Port_Scanning,0.02475684550880419,0.03969230505837394,0.05316438900407473,-0.06715676200658639,-0.050456777564666475
5,4,Ransomware,-0.03193767645550618,-0.0021517894979834456,-0.010864879520640277,-0.037539917351864724,0.08249426282599462
5,4,SQL_injection,0.0,0.0,0.0,0.0,0.0
5,4,Uploading,0.013732343350645243,0.00025744341241472254,0.00025790249858507824,-0.010308456419344502,-0.007611995693207429
5,4,Vulnerability_scanner,-0.0005754701733270307,0.00012539129753835938,0.00016234378912515594,-0.00013327614356921645,-2.2418668808826813e-05
5,4,XSS,-0.00972550018634862,0.002578286789769084,0.0022844633034052255,0.0025405983475580277,0.002322151745616281
5,Aggregated,Backdoor,0.017113820344742948,0.019495907977832908,-0.01563038604590869,0.030103500745524536,-0.0316878186886876
5,Aggregated,DDoS_HTTP,0.0020295181277050194,0.014686570519112003,0.014831431343236433,0.010474990133598202,0.005479305681112988
5,Aggregated,DDoS_ICMP,0.021945847033016403,-0.009430999848970417,-0.00018998417188764716,-0.004610928914901409,-0.008222685874284938
5,Aggregated,DDoS_TCP,-0.025367019815648196,-0.006428136670656065,-0.017839303847795952,0.02744804065737061,0.023874856780218508
5,Aggregated,DDoS_UDP,0.8241846765426887,-0.14854587030715244,-0.13517163939170143,-0.13999923903686076,-0.14594008325207464
5,Aggregated,Fingerprinting,0.0,0.0,0.0,0.0,0.0
5,Aggregated,MITM,-0.005598331144795224,0.013460610108769115,0.009046847366543442,0.026061782557983637,-0.010951204455003395
5,Aggregated,Normal,0.025129985528307888,-0.0030465970140411023,-0.004398369150124156,-0.002934135670001427,-0.0027661217744716247
5,Aggregated,Password,3.4493400052745e-05,3.127089442660445e-05,-0.00011115566234073254,1.7342341004167663e-05,2.8049026857215425e-05
5,Aggregated,Port_Scanning,0.020078079783525198,0.04481730405335201,0.05734126768769783,-0.0682653656530932,-0.053971285871481846
5,Aggregated,Ransomware,-0.03459541015214161,-0.003850612549676539,-0.012399148469898622,-0.04158646160628031,0.0924316327779971
5,Aggregated,SQL_injection,0.0,0.0,0.0,0.0,0.0
5,Aggregated,Uploading,0.011067231320248793,0.002638147750539688,0.0011295339554100378,-0.009022234039261558,-0.007277534501106075
5,Aggregated,Vulnerability_scanner,-0.00022127482823987762,0.0001457188173657383,2.8142746850802942e-05,-0.0002020971694068896,-1.3178500967399772e-05
5,Aggregated,XSS,-0.005443313745291701,0.0014617845633269795,0.0014269431114627242,0.0012903351707389632,0.001264250899763036
5,Centralized,Backdoor,0.017113820344742948,0.019495907977832908,-0.01563038604590869,0.030103500745524536,-0.0316878186886876
5,Centralized,DDoS_HTTP,0.0020295181277050194,0.014686570519112003,0.014831431343236433,0.010474990133598202,0.005479305681112988
5,Centralized,DDoS_ICMP,0.021945847033016403,-0.009430999848970417,-0.00018998417188764716,-0.004610928914901409,-0.008222685874284938
5,Centralized,DDoS_TCP,-0.025367019815648196,-0.006428136670656065,-0.017839303847795952,0.02744804065737061,0.023874856780218508
5,Centralized,DDoS_UDP,0.8241846765426887,-0.14854587030715244,-0.13517163939170143,-0.13999923903686076,-0.14594008325207464
5,Centralized,Fingerprinting,0.0,0.0,0.0,0.0,0.0
5,Centralized,MITM,-0.005598331144795224,0.013460610108769115,0.009046847366543442,0.026061782557983637,-0.010951204455003395
5,Centralized,Normal,0.025129985528307888,-0.0030465970140411023,-0.004398369150124156,-0.002934135670001427,-0.0027661217744716247
5,Centralized,Password,3.4493400052745e-05,3.127089442660445e-05,-0.00011115566234073254,1.7342341004167663e-05,2.8049026857215425e-05
5,Centralized,Port_Scanning,0.020078079783525198,0.04481730405335201,0.05734126768769783,-0.0682653656530932,-0.053971285871481846
5,Centralized,Ransomware,-0.03459541015214161,-0.003850612549676539,-0.012399148469898622,-0.04158646160628031,0.0924316327779971
5,Centralized,SQL_injection,0.0,0.0,0.0,0.0,0.0
5,Centralized,Uploading,0.011067231320248793,0.002638147750539688,0.0011295339554100378,-0.009022234039261558,-0.007277534501106075
5,Centralized,Vulnerability_scanner,-0.00022127482823987762,0.0001457188173657383,2.8142746850802942e-05,-0.0002020971694068896,-1.3178500967399772e-05
5,Centralized,XSS,-0.005443313745291701,0.0014617845633269795,0.0014269431114627242,0.0012903351707389632,0.001264250899763036
6,0,Backdoor,-0.21065989529796486,-0.04859209347041243,0.04578945049009585,0.04501933987861161,0.04113819465269522
6,0,DDoS_HTTP,0.0219049824884505,0.01729694924201947,-0.00621156516918343,-0.007565152217504188,-0.016728116968070268
6,0,DDoS_ICMP,-1.5504554047744237e-05,2.257317131983405e-05,2.257317131983405e-05,-1.4820894295961932e-05,-1.4820894295961932e-05
6,0,DDoS_TCP,0.015446007625733168,-0.06415276812093938,0.002776843479535984,-0.081636419697428,-0.011313355579613282
6,0,DDoS_UDP,0.0,0.0,0.0,0.0,0.0
6,0,Fingerprinting,0.0,0.0,0.0,0.0,0.0
6,0,MITM,-0.015384615384615375,0.01025641025641025,0.01025641025641025,-0.015384615384615375,0.01025641025641025
6,0,Normal,-0.00029408344592410374,-0.0005616940090007275,0.0001937607464981006,0.00020152162605047153,0.00013752371016676848
6,0,Password,0.0,0.0,0.0,0.0,0.0
6,0,Port_Scanning,-0.03545602625953174,0.17096422218671434,0.01246190257376573,0.19560982418052086,0.04942142321355093
6,0,Ransomware,0.043675770346450656,-0.02085271742104975,-0.02085271742104975,-0.02085271742104975,0.018882381916698592
6,0,SQL_injection,0.0,0.0,0.0,0.0,0.0
6,0,Uploading,0.00805791833547765,-0.008885484004932902,-0.0006880589588133432,0.010220233226975987,0.0058394614564991594
6,0,Vulnerability_scanner,3.3585757454401845e-05,3.3585757454401845e-05,3.3585757454401845e-05,3.3585757454401845e-05,-0.00013434302981760738
6,0,XSS,0.0,0.0,0.0,0.0,0.0
6,1,Backdoor,-0.23023996107335223,-0.049013013559668105,0.04875605614650956,0.05100048525282097,0.043322371935807465
6,1,DDoS_HTTP,0.012245829567068073,0.012269764052901045,-0.0037993680808008543,-0.0058185705810451715,-0.007093864545637018
6,1,DDoS_ICMP,4.087016950615382e-05,3.80523222938504e-06,3.80523222938504e-06,-3.3588833386410945e-05,-1.4891800578512953e-05
6,1,DDoS_TCP,0.015105093789658599,-0.0630325147216171,0.0031270072619831056,-0.07824666451036057,-0.012847240176928268
6,1,DDoS_UDP,0.0,0.0,0.0,0.0,0.0
6,1,Fingerprinting,0.0,0.0,0.0,0.0,0.0
6,1,MITM,0.0,0.0,0.0,0.0,0.0
6,1,Normal,-0.0002960343837545176,-0.0006242396956528469,0.00014278206584068532,0.0004489596861972663,8.967036192198962e-05
6,1,Password,0.0,0.0,0.0,0.0,0.0
6,1,Port_Scanning,-0.034509321903726985,0.16242262005537006,0.017949465602646982,0.1922531909511897,0.043092098985795545
6,1,Ransomware,0.04080536912751678,-0.018870246085011186,-0.01887024608501119,-0.018870246085011186,0.015805369127516778
6,1,SQL_injection,0.0,0.0,0.0,0.0,0.0
6,1,Uploading,0.00897825870778823,-0.01264407250639554,-0.002838415687765691,0.01077644976421905,0.0029727792190289842
6,1,Vulnerability_scanner,0.0,0.0,0.0,0.0,0.0
6,1,XSS,0.0,0.0,0.0,0.0,0.0
6,2,Backdoor,-0.2385170381558955,-0.10750104984734692,0.0508049197141656,0.046231135593794964,0.04120701956952571
6,2,DDoS_HTTP,0.016417703313753976,0.012867963576229798,-0.0077257059871727205,-0.012103832363916094,-0.016720604817696685
6,2,DDoS_ICMP,0.0001609778896714431,-2.6202762389887502e-05,-2.6202762389887502e-05,-0.00010107502321441974,-7.497341677248359e-06
6,2,DDoS_TCP,0.016630486210385136,-0.0688226311969756,-0.0014625683142080884,-0.08543832589567991,-0.010130405164955832
6,2,DDoS_UDP,0.0,0.0,0.0,0.0,0.0
6,2,Fingerprinting,0.0,0.0,0.0,0.0,0.0
6,2,MITM,-0.015151515151515138,0.0037878787878787845,0.0037878787878787845,0.0037878787878787845,0.0037878787878787845
6,2,Normal,-0.00030114661042853207,-0.0008003574673625836,0.0001070117079847092,0.00047745611870060324,-2.8875610519422483e-05
6,2,Password,0.0,0.0,0.0,0.0,0.0
6,2,Port_Scanning,-0.034477607568969004,0.16681251611839737,0.003215095110095304,0.1986385856969247,0.05062816457025303
6,2,Ransomware,0.05601025808915807,-0.0237900365580837,-0.0237900365580837,-0.0237900365580837,0.015359851585093032
6,2,SQL_injection,0.0,0.0,0.0,0.0,0.0
6,2,Uploading,0.0023397380733625956,-0.005197349920848285,-0.00038587466239376524,0.003944884066878749,-0.0007013975569992948
6,2,Vulnerability_scanner,-0.00023450774970673605,0.00021937821746759179,6.808289507614917e-05,-0.00012103625791315409,6.808289507614917e-05
6,2,XSS,0.0,0.0,0.0,0.0,0.0
6,3,Backdoor,-0.22204876442916216,-0.0705652417911535,0.05060475047756254,0.04575063190497783,0.03987233100288424
6,3,DDoS_HTTP,0.025019621007512087,0.0018709783454093586,-0.004846678497312467,-0.015441044348550743,-0.016765524068851487
6,3,DDoS_ICMP,0.0002507470861923637,-1.1238417854229446e-05,-1.1238417854229446e-05,-0.00016089027581289717,-6.73799746710076e-05
6,3,DDoS_TCP,0.013836223092943354,-0.0545672437609564,-0.002169834932576133,-0.06407966991475735,-0.00555028054674274
6,3,DDoS_UDP,0.0,0.0,0.0,0.0,0.0
6,3,Fingerprinting,0.0,0.0,0.0,0.0,0.0
6,3,MITM,-0.03555555555555557,0.03161616161616163,0.020505050505050516,0.018484848484848496,-0.035050505050505075
6,3,Normal,-0.00019250051347984297,-0.0006809092047566246,0.0001577564664436167,0.0005184659248815856,4.9822918812449564e-05
6,3,Password,0.0,0.0,0.0,0.0,0.0
6,3,Port_Scanning,-0.03522198147791815,0.18819329692720388,0.00664313764491287,0.22617866486035557,0.04876185586743525
6,3,Ransomware,0.04838709677419355,-0.02150537634408602,-0.02150537634408602,-0.02150537634408602,0.016129032258064516
6,3,SQL_injection,0.0,0.0,0.0,0.0,0.0
6,3,Uploading,0.006119248811044973,-0.009423979715878302,-0.0011084686213226641,0.007660837388950269,0.004183420757882225
6,3,Vulnerability_scanner,-0.00018452508083689848,0.00024003936377502052,9.851788223771418e-05,-7.838396968391873e-05,-7.564819549191749e-05
6,3,XSS,0.0,0.0,0.0,0.0,0.0
6,4,Backdoor,-0.22079542406553737,-0.06527763502051616,0.04725122147180684,0.05333762577688997,0.04290680502896571
6,4,DDoS_HTTP,0.0599172645609467,0.0023032217821517885,-0.016575576943512672,-0.0042519678457661044,-0.03029805427256484
6,4,DDoS_ICMP,0.11446280411805647,0.0009378599454484863,0.010624512129782474,-0.08241532078961537,0.0014655523044954978
6,4,DDoS_TCP,0.014626782094763143,-0.07062242018365406,0.004070018091799562,-0.08606729515850603,-0.01042951649707497
6,4,DDoS_UDP,0.7646885775826315,-0.1782826722728855,-0.17118538031587247,-0.16866094528697909,-0.1769120240671003
6,4,Fingerprinting,0.0,0.0,0.0,0.0,0.0
6,4,MITM,0.11318479038790237,-0.2924659375078936,0.06985145705456902,0.04624489967751986,0.06318479038790237
6,4,Normal,0.10300360009709879,-0.022747461498294375,-0.024665493744134976,-0.01615047893662513,-0.024459896665022646
6,4,Password,7.109355982234783e-05,-2.5505374853288083e-05,6.453836067539763e-05,7.109355982234783e-05,-0.0001812201054668052
6,4,Port_Scanning,-0.03898415926471706,0.16889758476386946,0.014017684111716633,0.1963900020104254,0.05005321992950775
6,4,Ransomware,0.03823947512301804,-0.018430836522689995,-0.018430836522689995,-0.018430836522689995,0.01705303444505194
6,4,SQL_injection,0.0,0.0,0.0,0.0,0.0
6,4,Uploading,0.006657453394228759,-0.00939922169062967,-0.0006527391375678137,0.008778924370055834,0.0019469007856458083
6,4,Vulnerability_scanner,-0.00022910544783813863,0.00021432445120341998,6.65144848562338e-05,-0.00011824797307774896,6.65144848562338e-05
6,4,XSS,0.000372938174110356,0.0001494104184287785,-0.00015022764182966118,0.00011246642552202521,-0.00048458737623149846
6,Aggregated,Backdoor,-0.22434453252157202,-0.06792077844168821,0.04859895450286224,0.048253498961921354,0.041657598082839684
6,Aggregated,DDoS_HTTP,0.02803704066317632,0.009183154391878588,-0.008214821533246796,-0.008922094790567572,-0.01806238730496467
6,Aggregated,DDoS_ICMP,0.027522055701832325,0.0007530897037438292,0.003234076443705208,-0.021546895673896206,0.0009882066400081898
6,Aggregated,DDoS_TCP,0.015133116258309006,-0.0642433702706444,0.0012760397181871385,-0.0791113863256581,-0.010056672457988743
6,Aggregated,DDoS_UDP,0.7644696963122802,-0.17826014339398905,-0.17115748865062025,-0.1685632992341996,-0.17684120939367717
6,Aggregated,Fingerprinting,0.0,0.0,0.0,0.0,0.0
6,Aggregated,MITM,0.05777365823996617,-0.20406296036587052,0.06248856269250183,0.03352999003078075,0.0502707494026218
6,Aggregated,Normal,0.0227658504227119,-0.005673615378434064,-0.005535185696572335,-0.0032220970973719045,-0.005551033260279226
6,Aggregated,Password,1.1782010892206347e-05,-4.27266027648518e-06,1.0707842350159494e-05,1.1782010892206347e-05,-2.9999203858087006e-05
6,Aggregated,Port_Scanning,-0.03573274337855042,0.1715204441707753,0.010810058398295614,0.20192639945146937,0.04839401351528939
6,Aggregated,Ransomware,0.04550020219413245,-0.020707505533162012,-0.020707505533162012,-0.020707505533162012,0.016622314405353576
6,Aggregated,SQL_injection,0.0,0.0,0.0,0.0,0.0
6,Aggregated,Uploading,0.00641586787615136,-0.009100796270544413,-0.001135890064965575,0.008256080608272707,0.002820318189471587
6,Aggregated,Vulnerability_scanner,-0.0001220999303136646,0.00014058900408396116,5.302602595141925e-05,-5.6427696714258145e-05,-1.50874030074577e-05
6,Aggregated,XSS,4.369103592365003e-05,1.7482126754981656e-05,-1.750180760495962e-05,1.3121435491225223e-05,-5.679279056489729e-05
6,Centralized,Backdoor,-0.22434453252157202,-0.06792077844168821,0.04859895450286224,0.048253498961921354,0.041657598082839684
6,Centralized,DDoS_HTTP,0.02803704066317632,0.009183154391878588,-0.008214821533246796,-0.008922094790567572,-0.01806238730496467
6,Centralized,DDoS_ICMP,0.027522055701832325,0.0007530897037438292,0.003234076443705208,-0.021546895673896206,0.0009882066400081898
6,Centralized,DDoS_TCP,0.015133116258309006,-0.0642433702706444,0.0012760397181871385,-0.0791113863256581,-0.010056672457988743
6,Centralized,DDoS_UDP,0.7644696963122802,-0.17826014339398905,-0.17115748865062025,-0.1685632992341996,-0.17684120939367717
6,Centralized,Fingerprinting,0.0,0.0,0.0,0.0,0.0
6,Centralized,MITM,0.05777365823996617,-0.20406296036587052,0.06248856269250183,0.03352999003078075,0.0502707494026218
6,Centralized,Normal,0.0227658504227119,-0.005673615378434064,-0.005535185696572335,-0.0032220970973719045,-0.005551033260279226
6,Centralized,Password,1.1782010892206347e-05,-4.27266027648518e-06,1.0707842350159494e-05,1.1782010892206347e-05,-2.9999203858087006e-05
6,Centralized,Port_Scanning,-0.03573274337855042,0.1715204441707753,0.010810058398295614,0.20192639945146937,0.04839401351528939
6,Centralized,Ransomware,0.04550020219413245,-0.020707505533162012,-0.020707505533162012,-0.020707505533162012,0.016622314405353576
6,Centralized,SQL_injection,0.0,0.0,0.0,0.0,0.0
6,Centralized,Uploading,0.00641586787615136,-0.009100796270544413,-0.001135890064965575,0.008256080608272707,0.002820318189471587
6,Centralized,Vulnerability_scanner,-0.0001220999303136646,0.00014058900408396116,5.302602595141925e-05,-5.6427696714258145e-05,-1.50874030074577e-05
6,Centralized,XSS,4.369103592365003e-05,1.7482126754981656e-05,-1.750180760495962e-05,1.3121435491225223e-05,-5.679279056489729e-05
7,0,Backdoor,0.031736176563978626,0.03199094523218268,0.06454448930270569,0.04795511662082231,0.016017113639924675
7,0,DDoS_HTTP,-0.0016890757963518254,-0.0018408362764570612,0.013104139627983768,0.022546250199194023,-0.03906189267570849
7,0,DDoS_ICMP,4.572647991711124e-05,4.6519849115235955e-05,0.0001772977857242656,0.00012131639674691404,-0.00039086051150352685
7,0,DDoS_TCP,0.03591831157256729,0.04056590109866547,0.03050146933057177,0.0022647994290257416,0.03163587660275043
7,0,DDoS_UDP,0.0,0.0,0.0,0.0,0.0
7,0,Fingerprinting,0.0,0.0,0.0,0.0,0.0
7,0,MITM,0.007692307692307683,-0.049999999999999926,-0.01153846153846153,0.026923076923076893,0.026923076923076893
7,0,Normal,0.00029306868197564263,0.00029694456528231623,0.0003455005241251881,0.0003099505208958964,-0.00017845459406366134
7,0,Password,7.458923707145034e-06,7.458923707145034e-06,0.0,-1.4917847414290067e-05,0.0
7,0,Port_Scanning,-0.1093619130968611,-0.12085904169407843,-0.07752676500861805,-0.004001782980473838,-0.08125184311498873
7,0,Ransomware,0.1796810096152496,-0.053797804385450274,0.20630141307871133,0.03688482570137143,0.08093055599011788
7,0,SQL_injection,0.0,0.0,0.0,0.0,0.0
7,0,Uploading,-0.012356616313127521,-0.0096248628349255,0.0021096937528531823,0.00964916938156039,0.006558228570777461
7,0,Vulnerability_scanner,-0.00013434302981760738,0.0005373721192704295,-0.00013434302981760738,-0.00013434302981760738,-0.00013434302981760738
7,0,XSS,0.0,0.0,0.0,0.0,0.0
7,1,Backdoor,0.0278132947602948,0.035114357967426894,0.06616181373457823,0.05353824985629042,0.013773896751412724
7,1,DDoS_HTTP,-0.0059334862114135386,-0.00777221771594659,0.01284017829299993,0.027584329812065066,-0.04659254745570349
7,1,DDoS_ICMP,0.00012437548769235197,-6.1746136239067734e-06,0.00018079571445507315,0.00010600758322348118,-0.00040500417174699953
7,1,DDoS_TCP,0.03546784310666741,0.03900826188754347,0.02909819383869548,0.0016490268743668804,0.03279740717604414
7,1,DDoS_UDP,0.0,0.0,0.0,0.0,0.0
7,1,Fingerprinting,0.0,0.0,0.0,0.0,0.0
7,1,MITM,0.0,0.0,0.0,0.0,0.0
7,1,Normal,0.00019259615766060352,0.0002300088684175065,0.00039606820585863327,0.00029751073351055683,-0.0003677948762939883
7,1,Password,0.0,0.0,0.0,0.0,0.0
7,1,Port_Scanning,-0.10399634399620068,-0.10811412118688886,-0.08013206783250029,-0.0050426411305220745,-0.08392287954516332
7,1,Ransomware,0.17258605454995615,-0.045430342773496384,0.19303007747000647,0.029307936932447796,0.07516380806766135
7,1,SQL_injection,0.0,0.0,0.0,0.0,0.0
7,1,Uploading,-0.013970966114709786,-0.011523228688794237,0.003055210198961932,0.010076622568539131,0.008746855530323037
7,1,Vulnerability_scanner,0.0,0.0,0.0,0.0,0.0
7,1,XSS,0.0,0.0,0.0,0.0,0.0
7,2,Backdoor,0.035818968274028924,0.042936075467326626,0.08019214021988556,0.06313325779389262,0.040373561543939944
7,2,DDoS_HTTP,-0.002727192018940129,6.53736105915075e-05,0.018379275248988004,0.03146305423342229,-0.049922575017627493
7,2,DDoS_ICMP,0.0001727917382959465,-0.00012671416432684103,0.00021011801097502446,2.294578857602314e-05,-5.457516902053205e-05
7,2,DDoS_TCP,0.039015854120520395,0.042151857371489306,0.03226156593129709,0.0023879391296418584,0.035037114940967964
7,2,DDoS_UDP,0.0,0.0,0.0,0.0,0.0
7,2,Fingerprinting,0.0,0.0,0.0,0.0,0.0
7,2,MITM,0.008838383838383831,-0.029040404040404016,0.002525252525252523,0.002525252525252523,0.015151515151515138
7,2,Normal,0.00011622460853401573,0.00034597568113750403,0.0004090530081929833,0.00041454282209308545,-3.755861762387291e-05
7,2,Password,0.0,0.0,0.0,0.0,0.0
7,2,Port_Scanning,-0.10476671213715685,-0.11425474947657012,-0.08275239785436667,-0.002057898155418824,-0.08098499630318909
7,2,Ransomware,0.1799863028015766,-0.04453186875059596,0.20164797758001743,0.0322634126040458,0.08517963031041062
7,2,SQL_injection,0.0,0.0,0.0,0.0,0.0
7,2,Uploading,-0.0045347093967645505,-0.0037962604586099457,0.0025758912755009457,0.0015718204918603253,0.003920534225388624
7,2,Vulnerability_scanner,0.00010590672567400983,6.808289507614917e-05,0.00010590672567400983,0.00010590672567400983,6.808289507614917e-05
7,2,XSS,0.0,0.0,0.0,0.0,0.0
7,3,Backdoor,0.034275908163944484,0.032848408488118166,0.08063425208396399,0.0586487781948738,0.017220400864281945
7,3,DDoS_HTTP,0.002318011245318662,0.003506757894424526,0.01899243178950089,0.027349343453162343,-0.04315774636215607
7,3,DDoS_ICMP,0.00022174157439592835,-0.0002460625935853648,0.00018429701432133295,-2.8246528711843115e-06,-0.0001571513422607122
7,3,DDoS_TCP,0.03135284740271576,0.036277175911558594,0.024420424635596984,-0.0021674253312131647,0.026102486757881814
7,3,DDoS_UDP,0.0,0.0,0.0,0.0,0.0
7,3,Fingerprinting,0.0,0.0,0.0,0.0,0.0
7,3,MITM,-0.041212121212121235,0.00323232323232324,0.027474747474747475,0.0567676767676768,-0.046262626262626304
7,3,Normal,0.00019699079338384996,0.00036992915383469717,0.0003883802944121569,0.0003433659838880128,-0.00036862612258675524
7,3,Password,0.0,3.4961062117064984e-05,0.0,-3.4961062117064984e-05,0.0
7,3,Port_Scanning,-0.11605056741300057,-0.12634689724598056,-0.09152903782042186,-0.0018607444457753807,-0.09876772689681115
7,3,Ransomware,0.1740677916638314,-0.03017155365279338,0.1778848949712096,0.03000488464583106,0.07766183513265763
7,3,SQL_injection,0.0,0.0,0.0,0.0,0.0
7,3,Uploading,-0.010413299541570066,-0.010185322955505402,0.004374066444128269,0.007431680977461607,0.008595667833428872
7,3,Vulnerability_scanner,-4.02678251075909e-05,0.0006210161154266092,-4.02678251075909e-05,-4.02678251075909e-05,-7.564819549191749e-05
7,3,XSS,0.0,0.0,0.0,0.0,0.0
7,4,Backdoor,0.027528927881756975,0.03264599913882346,0.071265696141919,0.056091539399693295,0.02168542536381596
7,4,DDoS_HTTP,0.03432444495053299,-0.017916052214708218,0.0006939691547479069,0.004687298184882495,-0.051287379362540596
7,4,DDoS_ICMP,0.04204084027032719,-0.04452788401328709,0.021386915965323317,-0.018181605609796314,0.029615814288302015
7,4,DDoS_TCP,0.04025923543173639,0.04299200977192303,0.03435552227923489,-0.0021940744344590333,0.035656992078757395
7,4,DDoS_UDP,0.7285298098848114,-0.18362172469006133,-0.17208402340522913,-0.1962601226471172,-0.18532244388103233
7,4,Fingerprinting,0.0,0.0,0.0,0.0,0.0
7,4,MITM,0.0,0.0,0.0,0.0,0.0
7,4,Normal,0.10340426455989524,-0.023379674773542584,-0.02676594521948,-0.02655283513999088,-0.03162704588932521
7,4,Password,6.628915025259386e-05,1.5971703329844637e-06,4.662355281174329e-05,-7.689152883355136e-05,-3.761834456377025e-05
7,4,Port_Scanning,-0.10598343717051587,-0.12315810264628181,-0.07737432526987921,-0.005932276378616296,-0.07792619008550908
7,4,Ransomware,0.17313695134952437,-0.042914490906158016,0.18543548953768477,0.02840618348243858,0.08730841555611815
7,4,SQL_injection,0.0,0.0,0.0,0.0,0.0
7,4,Uploading,-0.011421115473947996,-0.010552972045979223,0.004340026282665463,0.009366898139048082,0.00805058841355388
7,4,Vulnerability_scanner,0.00010346697644303034,6.65144848562338e-05,0.00010346697644303034,0.00010346697644303034,6.65144848562338e-05
7,4,XSS,0.005735563109452996,-0.0017960041004681006,-0.0038433637371002027,-0.002162486298381916,0.002066291026497223
7,Aggregated,Backdoor,0.03142560963280472,0.03504944047089679,0.07251420883049944,0.055819049476317946,0.021776513437460884
7,Aggregated,DDoS_HTTP,0.0069441211508731605,-0.005417847611362966,0.01234692788010907,0.02195357145420129,-0.045923027320357426
7,Aggregated,DDoS_ICMP,0.009475525657415359,-0.010345112542270819,0.005063693154334684,-0.003883027124935738,0.006632639131230514
7,Aggregated,DDoS_TCP,0.036402256654970336,0.04019860118647183,0.030126470895303563,0.00039544748309908916,0.03225041361242871
7,Aggregated,DDoS_UDP,0.7283431125469337,-0.18354017383804463,-0.1720775889973682,-0.19624296142113437,-0.18524089302901575
7,Aggregated,Fingerprinting,0.0,0.0,0.0,0.0,0.0
7,Aggregated,MITM,-0.0020037424867625888,-0.01902632346855485,0.0016714357977546835,0.015358180087947234,0.004000450069615513
7,Aggregated,Normal,0.023506238619783307,-0.004934732203075065,-0.005761879142329814,-0.005691955470723109,-0.007308759351635785
7,Aggregated,Password,1.3079636475856609e-05,8.81160680212036e-06,7.712620969451666e-06,-2.3388584557395426e-05,-6.215279690033211e-06
7,Aggregated,Port_Scanning,-0.10806909719556303,-0.11862220856091835,-0.08187199652342163,-0.0037719379248522893,-0.08458293195252416
7,Aggregated,Ransomware,0.17594050007213233,-0.04311411031401114,0.1927354391726503,0.03139855795486405,0.08118394301127155
7,Aggregated,SQL_injection,0.0,0.0,0.0,0.0,0.0
7,Aggregated,Uploading,-0.010500986108048171,-0.009102830685036282,0.003278135821393621,0.00758342020366279,0.0071506623049003674
7,Aggregated,Vulnerability_scanner,6.803341525677779e-06,0.0002573663128280501,6.803341525677779e-06,6.803341525677779e-06,-1.50874030074577e-05
7,Aggregated,XSS,0.000728691759362224,-0.00021834569473680164,-0.0005149702784223992,-0.0002682903371280885,0.0002729145509250651
7,Centralized,Backdoor,0.03142560963280472,0.03504944047089679,0.07251420883049944,0.055819049476317946,0.021776513437460884
7,Centralized,DDoS_HTTP,0.0069441211508731605,-0.005417847611362966,0.01234692788010907,0.02195357145420129,-0.045923027320357426
7,Centralized,DDoS_ICMP,0.009475525657415359,-0.010345112542270819,0.005063693154334684,-0.003883027124935738,0.006632639131230514
7,Centralized,DDoS_TCP,0.036402256654970336,0.04019860118647183,0.030126470895303563,0.00039544748309908916,0.03225041361242871
7,Centralized,DDoS_UDP,0.7283431125469337,-0.18354017383804463,-0.1720775889973682,-0.19624296142113437,-0.18524089302901575
7,Centralized,Fingerprinting,0.0,0.0,0.0,0.0,0.0
7,Centralized,MITM,-0.0020037424867625888,-0.01902632346855485,0.0016714357977546835,0.015358180087947234,0.004000450069615513
7,Centralized,Normal,0.023506238619783307,-0.004934732203075065,-0.005761879142329814,-0.005691955470723109,-0.007308759351635785
7,Centralized,Password,1.3079636475856609e-05,8.81160680212036e-06,7.712620969451666e-06,-2.3388584557395426e-05,-6.215279690033211e-06
7,Centralized,Port_Scanning,-0.10806909719556303,-0.11862220856091835,-0.08187199652342163,-0.0037719379248522893,-0.08458293195252416
7,Centralized,Ransomware,0.17594050007213233,-0.04311411031401114,0.1927354391726503,0.03139855795486405,0.08118394301127155
7,Centralized,SQL_injection,0.0,0.0,0.0,0.0,0.0
7,Centralized,Uploading,-0.010500986108048171,-0.009102830685036282,0.003278135821393621,0.00758342020366279,0.0071506623049003674
7,Centralized,Vulnerability_scanner,6.803341525677779e-06,0.0002573663128280501,6.803341525677779e-06,6.803341525677779e-06,-1.50874030074577e-05
7,Centralized,XSS,0.000728691759362224,-0.00021834569473680164,-0.0005149702784223992,-0.0002682903371280885,0.0002729145509250651
8,0,Backdoor,-0.18250761474566998,-0.005098509541709293,0.01195139473157659,0.05028189659360414,0.14069693417188456
8,0,DDoS_HTTP,-0.03393921560397921,0.046591477959213354,0.009477009813131432,0.050820290852707624,0.000264346357219838
8,0,DDoS_ICMP,0.00017049836432075915,-0.0005137454112122131,5.8316167473371205e-05,0.0002079176791368135,7.701320028126919e-05
8,0,DDoS_TCP,-0.02909151846565271,0.005463024244040751,0.008819456944244037,0.007414877797160378,0.008521480780674318
8,0,DDoS_UDP,0.0,0.0,0.0,0.0,0.0
8,0,Fingerprinting,-0.02127659574468085,0.0851063829787234,-0.02127659574468085,-0.02127659574468085,-0.02127659574468085
8,0,MITM,-0.04523809523809514,-0.01868131868131868,-0.019597069597069573,0.031684981684981656,-0.025091575091575082
8,0,Normal,-0.0009462133546237632,0.0002122397379203426,0.00017253124401186425,0.00034751769926198625,-0.000117266759477704
8,0,Password,-0.00219646913775068,-0.006771319878679217,-0.006525921288714154,0.022265030183823267,-0.006771319878679217
8,0,Port_Scanning,0.07645855703840058,-0.020424911796287772,-0.017804366722912513,-0.017804366722912513,-0.020424911796287772
8,0,Ransomware,-0.08861661837873475,0.06928428377394952,0.10046997852717157,-0.009629558660956723,-0.05397561772896219
8,0,SQL_injection,0.0,0.0,0.0,0.0,0.0
8,0,Uploading,-0.0027641833508174965,-0.007932597893017477,0.0039051846393548845,0.006239063418904649,0.0007724951094079183
8,0,Vulnerability_scanner,-0.0004984289213077365,-0.0010158180976419036,-0.000979966995511263,0.003510032112102807,-0.0010158180976419036
8,0,XSS,0.0,0.0,0.0,0.0,0.0
8,1,Backdoor,-0.2029501083042887,-0.00963586210106517,0.021204003555435356,0.048757696378762025,0.15831443928942857
8,1,DDoS_HTTP,-0.03260733461733139,0.04139766419639184,0.008814252368482857,0.044697448927931885,0.017400772231583206
8,1,DDoS_ICMP,5.353767252600135e-05,-0.0001393878080726718,-5.86445243213866e-05,0.0001470480857657497,-2.553425897692622e-06
8,1,DDoS_TCP,-0.02775173436628043,0.005555347608173505,0.007778337266147236,0.008114002787183102,0.007430988598176291
8,1,DDoS_UDP,0.0,0.0,0.0,0.0,0.0
8,1,Fingerprinting,-0.026190476190476195,0.10476190476190478,-0.026190476190476195,-0.026190476190476195,-0.026190476190476195
8,1,MITM,-0.007575757575757579,0.02272727272727274,-0.007575757575757579,-0.007575757575757579,0.0
8,1,Normal,-0.0009977861005326235,0.0002854913405282674,0.00015465776617310523,0.0005388482614216668,0.00014152232510834898
8,1,Password,-0.0020637489237195364,-0.004847299619983705,-0.004617295594913267,0.016375643758600216,-0.004847299619983705
8,1,Port_Scanning,0.07592479880976531,-0.019505308717116383,-0.01845709068776628,-0.01845709068776628,-0.019505308717116383
8,1,Ransomware,-0.05970365449871844,0.056498602070633536,0.07878669365170997,-0.018931902650663038,-0.03992796247470973
8,1,SQL_injection,0.0,0.0,0.0,0.0,0.0
8,1,Uploading,-0.0035981670738601443,-0.010743266197838258,0.005819139966151725,0.007660552102281835,0.000861741203264838
8,1,Vulnerability_scanner,-0.0003654689446917362,-0.0006363370978803628,-0.0006562003887807404,0.0022943435292332023,-0.0006363370978803628
8,1,XSS,0.0,0.0,0.0,0.0,0.0
8,2,Backdoor,-0.20141609900298835,-0.014184511453082737,0.032705585429801655,0.0524250666194555,0.14943261037917446
8,2,DDoS_HTTP,-0.03381412366468655,0.042312775207166226,0.00823505272649038,0.056652988332398915,0.002586445068075228
8,2,DDoS_ICMP,4.428033829340094e-06,2.0078857281458085e-05,-0.00010790564639444611,0.00013513756156620095,-5.173880628255301e-05
8,2,DDoS_TCP,-0.030426522393434595,0.006983896977413073,0.007956370251018231,0.007873992278433956,0.007925669028552719
8,2,DDoS_UDP,0.0,0.0,0.0,0.0,0.0
8,2,Fingerprinting,-0.02352941176470588,0.09411764705882351,-0.02352941176470588,-0.02352941176470588,-0.02352941176470588
8,2,MITM,-0.020104895104895097,0.01612276612276613,0.005147630147630135,0.011460761460761443,-0.012626262626262616
8,2,Normal,-0.0012133199438866481,0.0002978919729378415,0.0002531952559317744,0.00043043696143968966,9.982230601312721e-05
8,2,Password,-0.0029590266009517684,-0.00707872703379594,-0.006585740444383879,0.023702221112927527,-0.00707872703379594
8,2,Port_Scanning,0.07471992273730683,-0.019982064017660044,-0.017377897350993377,-0.017377897350993377,-0.019982064017660044
8,2,Ransomware,-0.07942611630830572,0.06645745030651405,0.09341425865133869,-0.01750205697045322,-0.05391283128415112
8,2,SQL_injection,0.0,0.0,0.0,0.0,0.0
8,2,Uploading,-0.0009818046130497763,-0.0019837442643698393,0.002339070846087756,0.0017396445756939374,-0.0008504426817374747
8,2,Vulnerability_scanner,-0.0004394382659160275,-0.0011249670965559548,-0.0010491897536553218,0.0037007383820853983,-0.0010871432659580941
8,2,XSS,0.0,0.0,0.0,0.0,0.0
8,3,Backdoor,-0.21265928640386103,0.005446118667896874,0.021466872462308346,0.05967508610344404,0.1486805494222505
8,3,DDoS_HTTP,-0.03948462705957045,0.04644315109633259,0.004710098223962495,0.05621502334362836,0.005101805510812073
8,3,DDoS_ICMP,0.00013589700851810438,-0.0001879574282656375,-0.00016352462594075486,0.00021071870844427965,4.866337244008312e-06
8,3,DDoS_TCP,-0.023541051643370333,0.005072565193181725,0.00789520310641265,0.005988731096266477,0.0070370613762935205
8,3,DDoS_UDP,0.0,0.0,0.0,0.0,0.0
8,3,Fingerprinting,-0.021052631578947368,0.08421052631578947,-0.021052631578947368,-0.021052631578947368,-0.021052631578947368
8,3,MITM,-0.05780608280608272,0.020149295149295143,-0.06285658785658785,0.025022200022200045,0.002763902763902759
8,3,Normal,-0.0011795069065246929,0.0003436906245795087,0.00017358257014269963,0.0004861669239701068,9.911642641196409e-05
8,3,Password,-0.00146071331099156,-0.0075323945247165675,-0.00729203722266173,0.023817539583086425,-0.0075323945247165675
8,3,Port_Scanning,0.08527158846730923,-0.022106540649950338,-0.020529253583704277,-0.020529253583704277,-0.022106540649950338
8,3,Ransomware,-0.06317881761792882,0.06905347584688035,0.08803985693472834,-0.029050898711507123,-0.039766014667454525
8,3,SQL_injection,0.0,0.0,0.0,0.0,0.0
8,3,Uploading,-0.0006444403270840185,-0.006490383901675966,0.003886432020255776,0.003508332416058646,-6.273296549771518e-05
8,3,Vulnerability_scanner,-0.00034222849603161946,-0.0011689937385234218,-0.0011335736818010274,0.003743028914110837,-0.0010982329977547685
8,3,XSS,0.0,0.0,0.0,0.0,0.0
8,4,Backdoor,-0.2036903729037231,-0.005527691575115122,0.026279757956165797,0.06050474214179835,0.14432808942588105
8,4,DDoS_HTTP,0.015960141249338117,0.018767814756794853,-0.012246973904972236,0.038370043789901435,0.01755739778318249
8,4,DDoS_ICMP,0.026633186237402882,-0.0014836534765510741,-0.018026410520711227,0.01675964188797024,-0.006202879932947941
8,4,DDoS_TCP,-0.029803201911784205,0.0070399760794950215,0.008875915528955333,0.007663051155389794,0.008168199405636333
8,4,DDoS_UDP,0.732160711368291,-0.18404088002319832,-0.1759863637512912,-0.1725470320161741,-0.18491273925258003
8,4,Fingerprinting,-0.027500000000000004,0.11000000000000001,-0.027500000000000004,-0.027500000000000004,-0.027500000000000004
8,4,MITM,0.2820999565048606,-0.20312818685891068,0.12585011240797614,0.1415879343633626,-0.34640981641728863
8,4,Normal,0.09837062380475783,-0.013604343630774713,-0.030607630186264573,-0.03259765375911913,-0.018716327399275888
8,4,Password,0.0032553571260381772,-0.015931262178234054,-0.0033542728034028995,0.01831149922284179,-0.0022813213672430196
8,4,Port_Scanning,0.07681191117092867,-0.02076547779273217,-0.017640477792732163,-0.017640477792732163,-0.02076547779273217
8,4,Ransomware,-0.06744539404657166,0.05889283809159841,0.08601225639279572,-0.020268259779097197,-0.048563989678333246
8,4,SQL_injection,0.0,0.0,0.0,0.0,0.0
8,4,Uploading,-0.0008194945776991543,-0.006346613864364968,0.004588492099558422,0.003042304575975325,-0.0002481135488098254
8,4,Vulnerability_scanner,-0.00034360969629972,-0.0009574147048188819,-0.0009204208793488711,0.0031049550021127617,-0.0008835097216452888
8,4,XSS,0.0010544670879386363,5.640320056108025e-05,-0.00027444975110111627,-0.0004935871531214118,-0.0003428333842771886
8,Aggregated,Backdoor,-0.20067907308233351,-0.0056727455245647405,0.02271370539272023,0.05438434040006471,0.14817898251123934
8,Aggregated,DDoS_HTTP,-0.023120236361290084,0.03804878365314132,0.0028856073521659137,0.04909015858294404,0.009076250337308944
8,Aggregated,DDoS_ICMP,0.005751869963522578,-0.0004872160404065795,-0.003930529545080413,0.0037915504317603543,-0.0012643983775157592
8,Aggregated,DDoS_TCP,-0.028125507603816016,0.006023095912831781,0.008265717514758734,0.0074123708371745456,0.007816717039988885
8,Aggregated,DDoS_UDP,0.7320147655618586,-0.18403658876138979,-0.17591768207418512,-0.17254274082576312,-0.18484405757547387
8,Aggregated,Fingerprinting,-0.023880597014925373,0.0955223880597015,-0.023880597014925373,-0.023880597014925373,-0.023880597014925373
8,Aggregated,MITM,0.1949436547075717,-0.17819974871711455,0.09143495143402074,0.14608765907381638,-0.2862862209317918
8,Aggregated,Normal,0.02116500078555327,-0.002660807162851658,-0.00685101950417966,-0.0071266345193600885,-0.004036741241696224
8,Aggregated,Password,-0.00045842203333692154,-0.01093230820895993,-0.004975425241343987,0.021390955869548287,-0.00502480038590744
8,Aggregated,Port_Scanning,0.07785878543581365,-0.02056325254225536,-0.018366140175651465,-0.018366140175651465,-0.02056325254225536
8,Aggregated,Ransomware,-0.07193750583388432,0.06406739641956602,0.08936530398487856,-0.018808503974069926,-0.047250118636633566
8,Aggregated,SQL_injection,0.0,0.0,0.0,0.0,0.0
8,Aggregated,Uploading,-0.0017569284569772382,-0.006682053109852312,0.004095993238973656,0.004431806318294643,9.30167218078197e-05
8,Aggregated,Vulnerability_scanner,-0.0003961827057205695,-0.0009808943194591173,-0.0009484223973656725,0.003269910800567294,-0.0009444113780219346
8,Aggregated,XSS,0.00012465834581658098,6.9097062034549395e-06,-3.22928730434389e-05,-5.839477037662642e-05,-4.0880408599970605e-05
8,Centralized,Backdoor,-0.20067907308233351,-0.0056727455245647405,0.02271370539272023,0.05438434040006471,0.14817898251123934
8,Centralized,DDoS_HTTP,-0.023120236361290084,0.03804878365314132,0.0028856073521659137,0.04909015858294404,0.009076250337308944
8,Centralized,DDoS_ICMP,0.005751869963522578,-0.0004872160404065795,-0.003930529545080413,0.0037915504317603543,-0.0012643983775157592
8,Centralized,DDoS_TCP,-0.028125507603816016,0.006023095912831781,0.008265717514758734,0.0074123708371745456,0.007816717039988885
8,Centralized,DDoS_UDP,0.7320147655618586,-0.18403658876138979,-0.17591768207418512,-0.17254274082576312,-0.18484405757547387
8,Centralized,Fingerprinting,-0.023880597014925373,0.0955223880597015,-0.023880597014925373,-0.023880597014925373,-0.023880597014925373
8,Centralized,MITM,0.1949436547075717,-0.17819974871711455,0.09143495143402074,0.14608765907381638,-0.2862862209317918
8,Centralized,Normal,0.02116500078555327,-0.002660807162851658,-0.00685101950417966,-0.0071266345193600885,-0.004036741241696224
8,Centralized,Password,-0.00045842203333692154,-0.01093230820895993,-0.004975425241343987,0.021390955869548287,-0.00502480038590744
8,Centralized,Port_Scanning,0.07785878543581365,-0.02056325254225536,-0.018366140175651465,-0.018366140175651465,-0.02056325254225536
8,Centralized,Ransomware,-0.07193750583388432,0.06406739641956602,0.08936530398487856,-0.018808503974069926,-0.047250118636633566
8,Centralized,SQL_injection,0.0,0.0,0.0,0.0,0.0
8,Centralized,Uploading,-0.0017569284569772382,-0.006682053109852312,0.004095993238973656,0.004431806318294643,9.30167218078197e-05
8,Centralized,Vulnerability_scanner,-0.0003961827057205695,-0.0009808943194591173,-0.0009484223973656725,0.003269910800567294,-0.0009444113780219346
8,Centralized,XSS,0.00012465834581658098,6.9097062034549395e-06,-3.22928730434389e-05,-5.839477037662642e-05,-4.0880408599970605e-05
9,0,Backdoor,-0.06149671941967397,-2.2988248603480108e-05,0.0031785029316041546,0.026739044199160556,0.038774470195448635
9,0,DDoS_HTTP,-0.017099675993529427,0.03372100569904449,-0.010501399859397069,-0.041002663241060625,-0.010328277132537571
9,0,DDoS_ICMP,-3.378086680798642e-05,-3.3451738468959216e-05,0.00013413608221486407,-3.3451738468959216e-05,-3.3451738468959216e-05
9,0,DDoS_TCP,-0.11828406464593823,-0.030616650390815306,0.011105763664176116,0.023139748868127457,-0.023658199308783524
9,0,DDoS_UDP,0.0,0.0,0.0,0.0,0.0
9,0,Fingerprinting,-0.024,-0.024,0.096,-0.024,-0.024
9,0,MITM,0.0205128205128205,-0.017948717948717937,-0.017948717948717937,-0.01153846153846153,0.026923076923076904
9,0,Normal,-0.0003414720780582433,3.840511449453669e-05,0.00027073834638142725,0.00012701933164867933,-3.179775210123137e-05
9,0,Password,0.0194422741279154,0.01947316817476689,0.019442274127915393,0.01951950924504413,0.02267910846458836
9,0,Port_Scanning,0.33931596390770774,0.04132449969396219,-0.01932074419696036,-0.04943931551423548,0.08112094200454625
9,0,Ransomware,-0.018532571891537022,-0.04122616132866711,-0.06678966635757673,0.04782635730709181,0.058394543682320915
9,0,SQL_injection,0.0,0.0,0.0,0.0,0.0
9,0,Uploading,-0.006518764738168035,0.0089021217550538,0.004228825679556866,0.003907887507900642,0.00021060346026097337
9,0,Vulnerability_scanner,0.0028765955567849775,0.002989334060299764,0.0028765955567849775,0.003158441815571944,0.003214811067329337
9,0,XSS,0.0,0.0,0.0,0.0,0.0
9,1,Backdoor,-0.059600000659542414,0.0015237233818706064,-0.001025062396891722,0.028918524612161618,0.038876390414682785
9,1,DDoS_HTTP,-0.00657428988098895,0.033794752017173274,-0.014449716316790866,-0.03359893459812997,-0.003830159409023403
9,1,DDoS_ICMP,7.904503044544043e-05,4.256899213848456e-06,-0.00011051276089488379,4.256899213848456e-06,2.2953932021746448e-05
9,1,DDoS_TCP,-0.11572587382350173,-0.03171722709814954,0.011883393460673245,0.022905161260616796,-0.02350726572292711
9,1,DDoS_UDP,0.0,0.0,0.0,0.0,0.0
9,1,Fingerprinting,-0.017857142857142856,-0.017857142857142856,0.07142857142857142,-0.017857142857142856,-0.017857142857142856
9,1,MITM,0.0,0.0,0.0,0.0,0.0
9,1,Normal,-0.0003268559424572178,3.329127450968546e-05,0.00012045510778526484,6.246957117245211e-06,2.0668631975614045e-05
9,1,Password,0.01334732815567807,0.01334732815567807,0.01334732815567807,0.01334732815567807,0.020368258106566724
9,1,Port_Scanning,0.3298880205286404,0.040355889881810866,-0.018287418198997204,-0.048482428962578324,0.07824636685865133
9,1,Ransomware,-0.000298054402967247,-0.035751369710720036,-0.058235864385164836,0.03801846963610183,0.04247371541447446
9,1,SQL_injection,0.0,0.0,0.0,0.0,0.0
9,1,Uploading,-0.005733184001978684,0.012376658171998345,0.005602503269617052,0.004334234316875549,0.001089038737165729
9,1,Vulnerability_scanner,0.0021278499791399508,0.0021278499791399508,0.0021278499791399508,0.0021278499791399508,0.0021278499791399508
9,1,XSS,0.0,0.0,0.0,0.0,0.0
9,2,Backdoor,-0.047757557890519595,-0.019318375434799116,0.00417795926557933,0.028182825721117088,0.03715142338316624
9,2,DDoS_HTTP,-0.01330171944407309,0.03135888134333058,-0.011661892581478239,-0.034712981532728844,-0.005944195507970432
9,2,DDoS_ICMP,5.6192321089248987e-05,-3.710636522233357e-05,-0.0001694478595841986,-5.582021559730199e-05,-1.838408518503587e-05
9,2,DDoS_TCP,-0.12992329766886274,-0.025307931387552704,0.010531429411082278,0.022965812023703056,-0.028133924842507287
9,2,DDoS_UDP,0.0,0.0,0.0,0.0,0.0
9,2,Fingerprinting,-0.00909090909090909,-0.00909090909090909,0.03636363636363636,-0.00909090909090909,-0.00909090909090909
9,2,MITM,0.03156565656565654,-0.02525252525252523,-0.02525252525252523,-0.018939393939393923,0.03787878787878785
9,2,Normal,-0.0004671854027672506,7.221477718489059e-05,0.0001292515312768657,9.036239249387567e-05,4.6154702154077574e-07
9,2,Password,0.019941025936321435,0.020605658179901055,0.020605658179901055,0.020605658179901055,0.02488699037949259
9,2,Port_Scanning,0.33348823208103284,0.04405334743918184,-0.019851847937363228,-0.049923203696792366,0.07907557737709855
9,2,Ransomware,-0.006540495277237015,-0.03850030014715936,-0.06483704195228919,0.035940933922030134,0.053398719197802334
9,2,SQL_injection,0.0,0.0,0.0,0.0,0.0
9,2,Uploading,-0.0017927066239866415,0.009737688454022479,0.002989750125621373,0.0006872258974177453,-0.0012816717355439928
9,2,Vulnerability_scanner,0.0033541394599842624,0.0035122156926443273,0.003630772867139376,0.0033541394599842624,0.003314620401819246
9,2,XSS,0.0,0.0,0.0,0.0,0.0
9,3,Backdoor,-0.05821511838447867,-0.004267934681320073,-0.004141674201312356,0.028127246686421564,0.03612668873621334
9,3,DDoS_HTTP,-0.015878959748452267,0.031738594567494824,-0.0062042440946020036,-0.04751918761628158,-0.01058827674536195
9,3,DDoS_ICMP,0.00019156222907667497,-1.428171815313998e-05,-0.0001861363513967355,-1.428171815313998e-05,2.3137558626340483e-05
9,3,DDoS_TCP,-0.09820279334209661,-0.03298384074746388,0.011495900854828007,0.02117562346602064,-0.018720324414644003
9,3,DDoS_UDP,0.0,0.0,0.0,0.0,0.0
9,3,Fingerprinting,-0.019354838709677417,-0.019354838709677417,0.07741935483870967,-0.019354838709677417,-0.019354838709677417
9,3,MITM,0.03757575757575758,-0.0290909090909091,-0.023030303030303036,-0.016969696969696975,0.031515151515151524
9,3,Normal,-0.0002211134825842102,4.2945292179656185e-05,8.336448424075918e-05,6.156389271974408e-05,2.978416068610638e-05
9,3,Password,0.02006507883770328,0.020100337696491544,0.020065078837703275,0.020153225984673947,0.023327951585870137
9,3,Port_Scanning,0.38005462459250167,0.03023822261988037,-0.017584399983598478,-0.05123358269421788,0.09422067352317713
9,3,Ransomware,-0.021013114883229576,-0.01602414942048055,-0.06245510146657585,0.01721089735256106,0.044402680538937124
9,3,SQL_injection,0.0,0.0,0.0,0.0,0.0
9,3,Uploading,-0.0038752296326592978,0.005361187210849308,0.0018062705965429208,0.0028015189715981095,0.0008589451367083926
9,3,Vulnerability_scanner,0.002932275038221397,0.003086250882482207,0.003079972435793245,0.0031141245430157264,0.0031357197568602836
9,3,XSS,0.0,0.0,0.0,0.0,0.0
9,4,Backdoor,-0.061778701520487395,-0.007706860459507323,0.0019461005519515943,0.031660791424923805,0.03808245532850173
9,4,DDoS_HTTP,0.037789670201866375,0.015195743477961285,-0.03782837798401784,-0.04766727656219103,-0.014138338639725198
9,4,DDoS_ICMP,0.06703402783089295,-0.028668242611161045,-0.02907108749732915,-0.04141848833035078,-0.01459619766988888
9,4,DDoS_TCP,-0.13141566715377706,-0.027294173190330197,0.01107106361728232,0.0234465478734777,-0.028250415224667282
9,4,DDoS_UDP,0.7190383029593997,-0.19424452095126687,-0.17645686472601796,-0.18233378085912924,-0.1758998863322148
9,4,Fingerprinting,-0.01111111111111111,-0.01111111111111111,0.04444444444444444,-0.01111111111111111,-0.01111111111111111
9,4,MITM,0.10681773301737757,-0.2215417654028436,0.10681773301737757,0.10681773301737757,-0.0989114336492891
9,4,Normal,0.05735462663456268,-0.01082177790135364,-0.0170961195198418,-0.0238775647088739,-0.0026601074962836276
9,4,Password,0.10496590789191994,-0.006251627265675075,-0.008324639127402418,0.006035789134991193,-0.006017896672670235
9,4,Port_Scanning,0.3385640839389627,0.04050474714095455,-0.018459710505339285,-0.04943926985957799,0.08025106081315037
9,4,Ransomware,-0.012243197200182333,-0.037508847682235634,-0.05410387004322392,0.03557515784787298,0.05135768015469197
9,4,SQL_injection,0.0,0.0,0.0,0.0,0.0
9,4,Uploading,-0.00347127027213348,0.009858218032447363,0.00350532758900948,0.001184827717124128,-0.0004220987413325092
9,4,Vulnerability_scanner,0.0027708504560803315,0.0028091940973093144,0.002924225020996263,0.002655819532393383,0.0026174758911644003
9,4,XSS,0.001428586498917425,0.0002533517721339124,-0.00034149052321001916,-0.0009268678337866522,-0.00041357991405466715
9,Aggregated,Backdoor,-0.05774323806792388,-0.0058586249426572316,0.0007758855876142917,0.028680982076915326,0.03776072546243468
9,Aggregated,DDoS_HTTP,-0.0007362417790268255,0.028848132425426148,-0.018218510684876524,-0.04098170723424829,-0.009116522057020895
9,Aggregated,DDoS_ICMP,0.015486329474377452,-0.006527243077769544,-0.006567752149687297,-0.009779776400130861,-0.003114815326467592
9,Aggregated,DDoS_TCP,-0.11872065347884654,-0.02957746822847759,0.011216216281731166,0.02272520053106846,-0.024457518714647904
9,Aggregated,DDoS_UDP,0.7188773860468893,-0.1942016095677575,-0.17640858573015503,-0.18228550186326647,-0.17587843879493964
9,Aggregated,Fingerprinting,-0.016541353383458645,-0.016541353383458645,0.06616541353383458,-0.016541353383458645,-0.016541353383458645
9,Aggregated,MITM,0.09493733784639019,-0.21409621624494088,0.0622876491399172,0.06622227383725375,-0.009351044578620231
9,Aggregated,Normal,0.01200240651319094,-0.0022110604887589313,-0.0035372182198972145,-0.005246834534246398,-0.0004784939434281691
9,Aggregated,Password,0.06590269259367472,0.006436710772692315,0.005868711123602776,0.015021933514671043,0.001722057193604264
9,Aggregated,Port_Scanning,0.3443780922816909,0.03929671700525995,-0.018706611429616174,-0.049718221892389815,0.08261953135862385
9,Aggregated,Ransomware,-0.011982267942036114,-0.0335535543340506,-0.06126725237833528,0.03470170783213898,0.04999254618379323
9,Aggregated,SQL_injection,0.0,0.0,0.0,0.0,0.0
9,Aggregated,Uploading,-0.0042613449336763014,0.009263655818150581,0.003627054531167559,0.002569133473106758,8.76732930941979e-05
9,Aggregated,Vulnerability_scanner,0.0028119362332352793,0.002903189180758011,0.002925699355927578,0.002880798392141263,0.002880917778694083
9,Aggregated,XSS,0.00016906998168152257,2.9704474542550467e-05,-4.015616350317025e-05,-0.00010978518001918727,-4.883311270171553e-05
9,Centralized,Backdoor,-0.05774323806792388,-0.0058586249426572316,0.0007758855876142917,0.028680982076915326,0.03776072546243468
9,Centralized,DDoS_HTTP,-0.0007362417790268255,0.028848132425426148,-0.018218510684876524,-0.04098170723424829,-0.009116522057020895
9,Centralized,DDoS_ICMP,0.015486329474377452,-0.006527243077769544,-0.006567752149687297,-0.009779776400130861,-0.003114815326467592
9,Centralized,DDoS_TCP,-0.11872065347884654,-0.02957746822847759,0.011216216281731166,0.02272520053106846,-0.024457518714647904
9,Centralized,DDoS_UDP,0.7188773860468893,-0.1942016095677575,-0.17640858573015503,-0.18228550186326647,-0.17587843879493964
9,Centralized,Fingerprinting,-0.016541353383458645,-0.016541353383458645,0.06616541353383458,-0.016541353383458645,-0.016541353383458645
9,Centralized,MITM,0.09493733784639019,-0.21409621624494088,0.0622876491399172,0.06622227383725375,-0.009351044578620231
9,Centralized,Normal,0.01200240651319094,-0.0022110604887589313,-0.0035372182198972145,-0.005246834534246398,-0.0004784939434281691
9,Centralized,Password,0.06590269259367472,0.006436710772692315,0.005868711123602776,0.015021933514671043,0.001722057193604264
9,Centralized,Port_Scanning,0.3443780922816909,0.03929671700525995,-0.018706611429616174,-0.049718221892389815,0.08261953135862385
9,Centralized,Ransomware,-0.011982267942036114,-0.0335535543340506,-0.06126725237833528,0.03470170783213898,0.04999254618379323
9,Centralized,SQL_injection,0.0,0.0,0.0,0.0,0.0
9,Centralized,Uploading,-0.0042613449336763014,0.009263655818150581,0.003627054531167559,0.002569133473106758,8.76732930941979e-05
9,Centralized,Vulnerability_scanner,0.0028119362332352793,0.002903189180758011,0.002925699355927578,0.002880798392141263,0.002880917778694083
9,Centralized,XSS,0.00016906998168152257,2.9704474542550467e-05,-4.015616350317025e-05,-0.00010978518001918727,-4.883311270171553e-05
10,0,Backdoor,-0.10593890443335056,0.01841652463693559,0.04984683323167464,0.043239645328706965,-0.01711744315313195
10,0,DDoS_HTTP,0.008252619896688495,-0.007706591286088587,0.016144629520459416,0.017378372338181475,-0.05380242421745286
10,0,DDoS_ICMP,-2.7070629935484665e-05,-4.6377122756478356e-05,-4.400286856743873e-05,4.937258602570882e-05,6.807803523369294e-05
10,0,DDoS_TCP,0.02903284373411538,0.028207898617112474,0.027495095314973083,0.0275616598654098,0.028341099143627747
10,0,DDoS_UDP,0.0,0.0,0.0,0.0,0.0
10,0,Fingerprinting,0.0,0.0,0.0,0.0,0.0
10,0,MITM,0.01988373944895685,-0.11708074534161492,0.06383978340500075,0.039114508679726066,0.07116579073100807
10,0,Normal,-0.0003637778048793246,-0.00017849013400984733,0.0005634994353521254,0.00025486621847738237,-0.0005782474237604788
10,0,Password,0.012283493898251925,0.0021236757559215317,0.0027536277706828277,0.004114393910549646,-0.021275191335405928
10,0,Port_Scanning,-0.07730994659835887,-0.07892284982416534,-0.07892284982416534,-0.07892284982416534,-0.07892284982416534
10,0,Ransomware,-0.16366212353608625,0.07112557252014497,0.05138731398246162,0.06055712686635206,-0.013782670097726709
10,0,SQL_injection,0.0,0.0,0.0,0.0,0.0
10,0,Uploading,0.014111779397457653,-0.008066862457716222,0.0076114717176995715,-0.004438906529862313,-0.005595457228958053
10,0,Vulnerability_scanner,0.0006994196510811568,0.0007557889028385501,0.0006994196510811568,0.0008121581545959434,-0.002966786359596807
10,0,XSS,0.0,0.0,0.0,0.0,0.0
10,1,Backdoor,-0.09563429389465553,0.015976198464512797,0.04605234958984889,0.04356750139424478,-0.0171486614750341
10,1,DDoS_HTTP,0.010644821746812127,-0.004973419518422123,0.014239542440864002,0.014877414935084005,-0.06197132641578775
10,1,DDoS_ICMP,-4.758902084622818e-07,-9.47724374015894e-05,-5.5503377233506734e-05,3.798178680598322e-05,0.00011276991803757519
10,1,DDoS_TCP,0.027652862052355145,0.027578069393139847,0.027708495997435578,0.02775624117730571,0.027962765772482336
10,1,DDoS_UDP,0.0,0.0,0.0,0.0,0.0
10,1,Fingerprinting,0.0,0.0,0.0,0.0,0.0
10,1,MITM,0.011580086580086583,-0.057683982683982685,-0.004834054834054837,0.02546897546897547,0.02546897546897547
10,1,Normal,-0.00019627588608168157,-6.774690835550564e-05,0.00048619898741526687,0.00027345771624638545,-0.00061085752124956
10,1,Password,0.013203685748155636,-0.0010717005723321904,0.001243035767526671,0.0031756028744563845,-0.0165506238178065
10,1,Port_Scanning,-0.07379631532086843,-0.07698102869666461,-0.07698102869666461,-0.07698102869666461,-0.07698102869666461
10,1,Ransomware,-0.15241480784442524,0.042710232964225686,0.04642908975423957,0.05344412064713455,-0.017754842417726357
10,1,SQL_injection,0.0,0.0,0.0,0.0,0.0
10,1,Uploading,0.013658348436490298,-0.010217581366381446,0.013048349459118206,-0.003677445486547881,-0.005744071704450324
10,1,Vulnerability_scanner,0.0005319624947849877,0.0005319624947849877,0.0005319624947849877,0.0005319624947849877,-0.0021278499791399508
10,1,XSS,0.0,0.0,0.0,0.0,0.0
10,2,Backdoor,-0.08470812897844957,0.0125916988069246,0.04517914069854528,0.038752665057867834,-0.022011354813479066
10,2,DDoS_HTTP,0.003071556798856347,-0.0037707284818211868,0.01779274353983568,0.011849376764362048,-0.05985872402230237
10,2,DDoS_ICMP,0.00017564637169130702,0.00011948796124174322,-0.00014198167220595416,-1.0942571269528801e-05,8.235611504205376e-05
10,2,DDoS_TCP,0.02913927383003864,0.030710307139289468,0.029764652433037202,0.029929062383124715,0.0303246166786474
10,2,DDoS_UDP,0.0,0.0,0.0,0.0,0.0
10,2,Fingerprinting,0.0,0.0,0.0,0.0,0.0
10,2,MITM,0.0022794199264787596,-0.075148870737106,0.010437928084986892,0.015918558565617386,0.046512964160022964
10,2,Normal,-0.00020797447963968502,-9.192443554656982e-05,0.0005268458804806808,0.00029634555024024936,-0.0006121150343853484
10,2,Password,0.012281619286959332,0.002242266361249305,0.0030754946637095463,0.004726235189850956,-0.022325615501769144
10,2,Port_Scanning,-0.0760945357023131,-0.07768689239021119,-0.07768689239021119,-0.07768689239021119,-0.07768689239021119
10,2,Ransomware,-0.15600597240394604,0.057115252188999696,0.04761662693208411,0.058957154560826314,-0.02127318320077214
10,2,SQL_injection,0.0,0.0,0.0,0.0,0.0
10,2,Uploading,0.005670346239230984,-0.007868718834032559,0.006050380904345878,-0.001964108568524155,-0.005133585111942715
10,2,Vulnerability_scanner,0.0009352815720365762,0.0011723038020099996,0.0010142736288582717,0.0008562434557065438,-0.003978102458611392
10,2,XSS,0.0,0.0,0.0,0.0,0.0
10,3,Backdoor,-0.08955386853718333,0.015514949988864017,0.046565890536211046,0.04373588803696934,-0.01506165882365999
10,3,DDoS_HTTP,0.014828865519687484,-0.0032645334418656877,0.011861275487369089,0.011827961592427428,-0.057758461525524336
10,3,DDoS_ICMP,0.0003108410397042738,4.786637036556055e-05,-0.00036285764209706417,-0.00010082157715211408,0.0001049718091793439
10,3,DDoS_TCP,0.02274386363231208,0.023864034416505697,0.023920231129728846,0.0235014170899323,0.024203536438288
10,3,DDoS_UDP,0.0,0.0,0.0,0.0,0.0
10,3,Fingerprinting,0.0,0.0,0.0,0.0,0.0
10,3,MITM,0.0011566211566211534,-0.011097791097791129,-0.0013297813297813237,0.007938727938727961,0.07605949605949605
10,3,Normal,-0.0003144837356531242,-7.47893570950379e-05,0.00036962727373472394,0.0002070639773976535,-0.0006053996061390602
10,3,Password,0.008748762600020435,0.0035760707402514966,0.0035760707402514966,0.005164145839304796,-0.021065049919828216
10,3,Port_Scanning,-0.08588124597632844,-0.0874535730203536,-0.0874535730203536,-0.0874535730203536,-0.0874535730203536
10,3,Ransomware,-0.15202377081633053,0.048223994084570905,0.05190214816761906,0.05708734890547119,-0.017232109551349795
10,3,SQL_injection,0.0,0.0,0.0,0.0,0.0
10,3,Uploading,0.0042186139008925086,-0.004430747564482501,0.006892720023313843,-0.003625275031622607,-0.0028453942453489276
10,3,Vulnerability_scanner,0.0005095541682453501,0.0009498617503976033,0.0008390887022187173,0.0010794454018577557,-0.0033779500227194264
10,3,XSS,0.0,0.0,0.0,0.0,0.0
10,4,Backdoor,-0.08650328045838158,0.0109161554436283,0.044437575357656904,0.037306219263431965,-0.024177776012196943
10,4,DDoS_HTTP,0.05482667036579889,-0.01452520063657825,0.001905732910342343,-0.021216766583597488,-0.07204535151309548
10,4,DDoS_ICMP,0.054821485529329375,0.027667222741200332,-0.03962291341842924,0.0010445935784519523,0.016725376556391572
10,4,DDoS_TCP,0.031044662920790316,0.03033829604917462,0.032136685417393826,0.02970207672263687,0.030233053262343733
10,4,DDoS_UDP,0.7288209792953453,-0.17982082219366993,-0.17758788038925036,-0.1823159635337652,-0.18096019361648175
10,4,Fingerprinting,0.0,0.0,0.0,0.0,0.0
10,4,MITM,0.08807039542526597,-0.35399698264499563,0.29677641808477706,-0.015675218609821746,-0.015174612255225584
10,4,Normal,0.05486560677172733,-0.007429260380307623,-0.01090610069149478,-0.03736064243065232,-0.002488828344709178
10,4,Password,0.09045877852353203,-0.007983374426080714,-0.03831281633551193,0.0027508241059957745,-0.04731695673262902
10,4,Port_Scanning,-0.07451059739996964,-0.07922757853204511,-0.07922757853204511,-0.07922757853204511,-0.07922757853204511
10,4,Ransomware,-0.16137689230854496,0.0510289548616063,0.04610148242107572,0.04903134926872658,-0.010271455874003733
10,4,SQL_injection,0.0,0.0,0.0,0.0,0.0
10,4,Uploading,0.00392478120215519,-0.005537785669627417,0.007636132184831325,-0.007159291249462972,-0.00609759103059791
10,4,Vulnerability_scanner,0.0007493933860782453,0.0009027679509941766,0.0007877370273072281,0.0006727061036202797,-0.0031126044679999298
10,4,XSS,0.0,0.0,0.0,0.0,0.0
10,Aggregated,Backdoor,-0.09243832594285276,0.01467245147523073,0.04644920393600941,0.04129718028234515,-0.019196088556503368
10,Aggregated,DDoS_HTTP,0.020480122876911852,-0.007161641902689109,0.011975771519868264,0.005069577620548038,-0.06169402910720566
10,Aggregated,DDoS_ICMP,0.012053549960053957,0.006269080261524033,-0.009257378814510879,0.00045832864520775434,0.003939891895444921
10,Aggregated,DDoS_TCP,0.027925417135547647,0.028141564246534592,0.028206401122826942,0.027692542610509956,0.028214968822411115
10,Aggregated,DDoS_UDP,0.7284423737922203,-0.17974897211297491,-0.17746238381455928,-0.18220655514069012,-0.18088834316181832
10,Aggregated,Fingerprinting,0.0,0.0,0.0,0.0,0.0
10,Aggregated,MITM,0.07748753758800729,-0.30792789751105937,0.2141670892129823,0.010267437474085653,0.03802553766948172
10,Aggregated,Normal,0.011573316581853899,-0.0016115638064287119,-0.0018590649370321493,-0.008181316875057132,-0.0007714498333023697
10,Aggregated,Password,0.05474169847940926,-0.00047386809789731917,-0.021272420494344517,0.005426819855397123,-0.038500299675379865
10,Aggregated,Port_Scanning,-0.07754086461592083,-0.08008216067691194,-0.08008216067691194,-0.08008216067691194,-0.08008216067691194
10,Aggregated,Ransomware,-0.1571257024326736,0.05389822875536955,0.04871532434781785,0.05580765623654851,-0.01610092145866989
10,Aggregated,SQL_injection,0.0,0.0,0.0,0.0,0.0
10,Aggregated,Uploading,0.00832595395023963,-0.007238778625097477,0.008249639370429994,-0.004154959040290703,-0.00508282859613752
10,Aggregated,Vulnerability_scanner,0.0006856796333174319,0.000860466233132066,0.0007731968939253468,0.000788851284446133,-0.0031081940448209775
10,Aggregated,XSS,0.0,0.0,0.0,0.0,0.0
10,Centralized,Backdoor,-0.09243832594285276,0.01467245147523073,0.04644920393600941,0.04129718028234515,-0.019196088556503368
10,Centralized,DDoS_HTTP,0.020480122876911852,-0.007161641902689109,0.011975771519868264,0.005069577620548038,-0.06169402910720566
10,Centralized,DDoS_ICMP,0.012053549960053957,0.006269080261524033,-0.009257378814510879,0.00045832864520775434,0.003939891895444921
10,Centralized,DDoS_TCP,0.027925417135547647,0.028141564246534592,0.028206401122826942,0.027692542610509956,0.028214968822411115
10,Centralized,DDoS_UDP,0.7284423737922203,-0.17974897211297491,-0.17746238381455928,-0.18220655514069012,-0.18088834316181832
10,Centralized,Fingerprinting,0.0,0.0,0.0,0.0,0.0
10,Centralized,MITM,0.07748753758800729,-0.30792789751105937,0.2141670892129823,0.010267437474085653,0.03802553766948172
10,Centralized,Normal,0.011573316581853899,-0.0016115638064287119,-0.0018590649370321493,-0.008181316875057132,-0.0007714498333023697
10,Centralized,Password,0.05474169847940926,-0.00047386809789731917,-0.021272420494344517,0.005426819855397123,-0.038500299675379865
10,Centralized,Port_Scanning,-0.07754086461592083,-0.08008216067691194,-0.08008216067691194,-0.08008216067691194,-0.08008216067691194
10,Centralized,Ransomware,-0.1571257024326736,0.05389822875536955,0.04871532434781785,0.05580765623654851,-0.01610092145866989
10,Centralized,SQL_injection,0.0,0.0,0.0,0.0,0.0
10,Centralized,Uploading,0.00832595395023963,-0.007238778625097477,0.008249639370429994,-0.004154959040290703,-0.00508282859613752
10,Centralized,Vulnerability_scanner,0.0006856796333174319,0.000860466233132066,0.0007731968939253468,0.000788851284446133,-0.0031081940448209775
10,Centralized,XSS,0.0,0.0,0.0,0.0,0.0
11,0,Backdoor,-0.050890782391737784,0.017870951261434297,0.007289798697744365,0.025242137413153506,0.00934909266564997
11,0,DDoS_HTTP,-0.028999125708826894,0.011265416519650436,0.006337332697888,0.028114650752121845,0.004796092353972361
11,0,DDoS_ICMP,5.633104066172974e-05,5.565512985744037e-05,-3.685017582857516e-05,3.793795540301681e-05,-0.00011307395009361177
11,0,DDoS_TCP,0.00043346454426000013,0.00032404956136449224,-0.0005005943728952837,0.0001743837506634279,-0.0009359052605289297
11,0,DDoS_UDP,0.0,0.0,0.0,0.0,0.0
11,0,Fingerprinting,0.0,0.0,0.0,0.0,0.0
11,0,MITM,0.030402930402930396,-0.08406593406593406,0.017582417582417586,0.023992673992673994,0.012087912087912085
11,0,Normal,-0.0003615422498470115,1.4065144002497106e-05,0.0003865300622893864,0.00039636501143949234,0.0003443527399192977
11,0,Password,-4.967506209140188e-05,-0.004291932099271641,-0.001036559990282845,0.007306053774383614,-0.0017425223416287646
11,0,Port_Scanning,0.0,0.0,0.0,0.0,0.0
11,0,Ransomware,-0.006774838529282401,0.037631948548083674,0.02330497367911695,0.04083580559863128,-0.0949978892965496
11,0,SQL_injection,0.0,0.0,0.0,0.0,0.0
11,0,Uploading,-0.010758081509667405,0.0007499284891103427,-0.009602918451281283,0.006301518303885813,0.01330955316795254
11,0,Vulnerability_scanner,-0.0001342554113109795,0.00042962732870983065,0.00014778106992286433,-0.0005909340572445798,0.00014778106992286433
11,0,XSS,0.0,0.0,0.0,0.0,0.0
11,1,Backdoor,-0.05454558324913301,0.014023626613198415,0.007762436940833816,0.017524141801600623,0.010540914715282497
11,1,DDoS_HTTP,-0.036936537875023226,0.008452274978402041,0.0009501016325141646,0.021834205202957438,-0.0013610047093863334
11,1,DDoS_ICMP,5.262520365168129e-05,8.971532171829222e-05,-5.955699319570666e-05,3.39281708437833e-05,-0.00011671170301805015
11,1,DDoS_TCP,0.0009851327336977318,0.0003516361721168093,-0.0006471355208976052,0.00025737744135488166,-0.0014476458831338597
11,1,DDoS_UDP,0.0,0.0,0.0,0.0,0.0
11,1,Fingerprinting,0.0,0.0,0.0,0.0,0.0
11,1,MITM,-0.015584415584415591,0.009307359307359311,-0.00043290043290043306,-0.00043290043290043306,0.007142857142857145
11,1,Normal,-0.00048358999088335777,3.871745758825355e-05,0.00022109291322844893,0.0003654698848545079,0.00023104872853361159
11,1,Password,0.0016733797855049688,-0.009807841702972653,-0.0019394567617835288,0.011060021786318132,-0.0009861031070669227
11,1,Port_Scanning,0.0,0.0,0.0,0.0,0.0
11,1,Ransomware,-0.0045851627603087615,0.034715716743578054,0.03142084488881032,0.04213954776001154,-0.08477202771317222
11,1,SQL_injection,0.0,0.0,0.0,0.0,0.0
11,1,Uploading,-0.009833265392327985,0.0015735426372527573,-0.012202901237704861,0.007157940202867396,0.016818366952371835
11,1,Vulnerability_scanner,3.5305558040160666e-05,0.0003761466949681935,0.0003761466949681935,-0.0011637456429447412,0.0003761466949681935
11,1,XSS,0.0,0.0,0.0,0.0,0.0
11,2,Backdoor,-0.0404190064722957,0.015685103887698323,0.007443551787281063,0.021318749057429236,0.010435830562146257
11,2,DDoS_HTTP,-0.02967580621838785,0.014110423607733324,0.007834782808412093,0.03393651107612871,0.0003753733404592119
11,2,DDoS_ICMP,-7.867088436922521e-05,5.224149950935342e-05,-0.0001532725796304979,-3.519628319104129e-06,-4.134461169014725e-05
11,2,DDoS_TCP,0.001632274157975729,0.0001509842677204091,-0.0001618361798349177,0.00016469703772025907,-0.0009735567041993649
11,2,DDoS_UDP,0.0,0.0,0.0,0.0,0.0
11,2,Fingerprinting,0.0,0.0,0.0,0.0,0.0
11,2,MITM,0.01841214341214338,-0.019494394494394475,-0.0045093795093795,0.0018037518037518074,0.0037878787878787845
11,2,Normal,-0.00025716985848609674,4.465032515871455e-05,0.00025453462808299555,0.00034346676621052803,0.000268570474206542
11,2,Password,0.0004632203269980965,-0.006405317500067192,-0.0008934928372458392,0.008000170339206986,-0.0011645803288920546
11,2,Port_Scanning,0.0,0.0,0.0,0.0,0.0
11,2,Ransomware,0.003531269226830988,0.03930105376579886,0.030889926695337543,0.040264047067572514,-0.100396174832732
11,2,SQL_injection,0.0,0.0,0.0,0.0,0.0
11,2,Uploading,-0.003362329756857512,0.0018118567315615242,-0.01244298958348714,0.002943294956051145,0.014577236274857628
11,2,Vulnerability_scanner,-0.000217016276564308,0.0004769590351104469,0.0004769590351104469,-0.0007396321307868381,0.0004769590351104469
11,2,XSS,0.0,0.0,0.0,0.0,0.0
11,3,Backdoor,-0.05385100801980179,0.015282620452511187,0.007295296936617375,0.01955425263177468,0.013176032898716454
11,3,DDoS_HTTP,-0.034051242502826304,0.008084974653648137,0.011183506260996293,0.0332429379381011,-0.0035765547398402403
11,3,DDoS_ICMP,3.3831955083000556e-05,8.931423974483654e-05,-0.00019073426649223919,-4.108244266943228e-05,0.00010867051433383438
11,3,DDoS_TCP,0.0011907545301036086,0.00025667266576222904,-0.0003826771269819026,0.0005084623567069495,-0.0015732124255908844
11,3,DDoS_UDP,0.0,0.0,0.0,0.0,0.0
11,3,Fingerprinting,0.0,0.0,0.0,0.0,0.0
11,3,MITM,-0.05284382284382284,0.038531468531468514,-0.005058275058275058,0.007762237762237752,0.011608391608391604
11,3,Normal,-0.0004647090939764934,0.00017264454793911773,0.0003113583932535321,0.00036568272589990923,0.0001873691545484483
11,3,Password,0.00016248686334881476,-0.0035940976326723465,0.001001217508409621,0.0034780651164800502,-0.0008361187028365311
11,3,Port_Scanning,0.0,0.0,0.0,0.0,0.0
11,3,Ransomware,-0.008554010163082427,0.0485665037518622,0.027654764950334677,0.04992590586500605,-0.10305576521406125
11,3,SQL_injection,0.0,0.0,0.0,0.0,0.0
11,3,Uploading,-0.008375504239726642,0.004850871015393079,-0.012102836505602371,0.004764158682347012,0.010653393964836609
11,3,Vulnerability_scanner,-0.0001336865807918919,0.000927373760489586,0.0008626780470896323,-0.0019065190680400523,0.00069324603396827
11,3,XSS,0.0,0.0,0.0,0.0,0.0
11,4,Backdoor,-0.05842564076744213,0.022264262867672403,0.014241613592658886,0.024665958811786588,0.012129558762302475
11,4,DDoS_HTTP,0.012032637550932557,0.018029825122295975,0.016458690053010306,0.010111126881901859,0.0022260960820629995
11,4,DDoS_ICMP,0.012918196236962047,0.007731842157834782,-0.024935533292043864,-0.009905238202541519,0.0021208939120272736
11,4,DDoS_TCP,0.001144409811781801,-7.550895721523676e-05,-0.0006237818350901185,0.000409112944843959,-3.962740550341552e-05
11,4,DDoS_UDP,0.7130306121117052,-0.17319246768798777,-0.17475390090964518,-0.17790617894078514,-0.17411897418014455
11,4,Fingerprinting,0.0,0.0,0.0,0.0,0.0
11,4,MITM,0.46670745230677047,-0.48489478941223463,-6.347634243265835e-05,0.007530828063397668,0.010719985384499248
11,4,Normal,0.0431552712931838,-0.017391934375474837,0.001671512270863118,-0.03308119575752506,0.00939898858001006
11,4,Password,0.09096181346031489,-0.025966467522564422,-0.037038031407619715,0.012328953887923426,-0.039882723553360394
11,4,Port_Scanning,0.0,0.0,0.0,0.0,0.0
11,4,Ransomware,0.013687511811568343,0.0549556253908331,-0.028453332970666746,0.06431079976295531,-0.08170879983537768
11,4,SQL_injection,0.0,0.0,0.0,0.0,0.0
11,4,Uploading,-0.009011426761713393,0.006776852785379606,-0.016043438371175126,0.0030593343796665464,0.014996356936272793
11,4,Vulnerability_scanner,-0.00038427585520797725,0.0006380421482420906,0.0006380421482420906,-0.0010697268947705008,0.0006380421482420906
11,4,XSS,0.0,0.0,0.0,0.0,0.0
11,Aggregated,Backdoor,-0.05162012431574448,0.017032999700526488,0.008836303111992651,0.02165774820666589,0.011096008016942164
11,Aggregated,DDoS_HTTP,-0.0222598446195955,0.012316185291449252,0.008959802369280146,0.02485463165656113,0.0006858554767436825
11,Aggregated,DDoS_ICMP,0.002719927168472545,0.001734700241628706,-0.005479785461789527,-0.0020527213656665304,0.000470193197968799
11,Aggregated,DDoS_TCP,0.0010778590392280204,0.0002018852665311488,-0.0004632732765111188,0.0003031379166406852,-0.0009950281415872916
11,Aggregated,DDoS_UDP,0.7127848983996756,-0.17316457554054487,-0.17465625410906455,-0.17784609187279912,-0.1740588864841245
11,Aggregated,Fingerprinting,0.0,0.0,0.0,0.0,0.0
11,Aggregated,MITM,0.35293193336963136,-0.4088739535614698,-0.003081370860798046,0.02263840330826865,0.0363849877443678
11,Aggregated,Normal,0.008867808343567353,-0.0036705351302926625,0.0007797885489938871,-0.007153618629251498,0.002404311988333459
11,Aggregated,Password,0.05577298784395331,-0.011619309824829468,-0.02455907848620655,0.010606768168954915,-0.03004513962162835
11,Aggregated,Port_Scanning,0.0,0.0,0.0,0.0,0.0
11,Aggregated,Ransomware,0.002777421220864431,0.04656355382587306,0.0036472135967289313,0.05102249628571755,-0.08975212979610415
11,Aggregated,SQL_injection,0.0,0.0,0.0,0.0,0.0
11,Aggregated,Uploading,-0.008242678473854102,0.0031263101973691134,-0.012472122935055356,0.004844153688398657,0.01408017761813478
11,Aggregated,Vulnerability_scanner,-0.00016638076586755385,0.0005668429451263446,0.0004981130924956574,-0.001089469248845117,0.0004639130063528026
11,Aggregated,XSS,0.0,0.0,0.0,0.0,0.0
11,Centralized,Backdoor,-0.05162012431574448,0.017032999700526488,0.008836303111992651,0.02165774820666589,0.011096008016942164
11,Centralized,DDoS_HTTP,-0.0222598446195955,0.012316185291449252,0.008959802369280146,0.02485463165656113,0.0006858554767436825
11,Centralized,DDoS_ICMP,0.002719927168472545,0.001734700241628706,-0.005479785461789527,-0.0020527213656665304,0.000470193197968799
11,Centralized,DDoS_TCP,0.0010778590392280204,0.0002018852665311488,-0.0004632732765111188,0.0003031379166406852,-0.0009950281415872916
11,Centralized,DDoS_UDP,0.7127848983996756,-0.17316457554054487,-0.17465625410906455,-0.17784609187279912,-0.1740588864841245
11,Centralized,Fingerprinting,0.0,0.0,0.0,0.0,0.0
11,Centralized,MITM,0.35293193336963136,-0.4088739535614698,-0.003081370860798046,0.02263840330826865,0.0363849877443678
11,Centralized,Normal,0.008867808343567353,-0.0036705351302926625,0.0007797885489938871,-0.007153618629251498,0.002404311988333459
11,Centralized,Password,0.05577298784395331,-0.011619309824829468,-0.02455907848620655,0.010606768168954915,-0.03004513962162835
11,Centralized,Port_Scanning,0.0,0.0,0.0,0.0,0.0
11,Centralized,Ransomware,0.002777421220864431,0.04656355382587306,0.0036472135967289313,0.05102249628571755,-0.08975212979610415
11,Centralized,SQL_injection,0.0,0.0,0.0,0.0,0.0
11,Centralized,Uploading,-0.008242678473854102,0.0031263101973691134,-0.012472122935055356,0.004844153688398657,0.01408017761813478
11,Centralized,Vulnerability_scanner,-0.00016638076586755385,0.0005668429451263446,0.0004981130924956574,-0.001089469248845117,0.0004639130063528026
11,Centralized,XSS,0.0,0.0,0.0,0.0,0.0
12,0,Backdoor,0.002412961261507063,0.005603835860147747,0.038721698836856076,0.020337511743309517,-0.0510084304192899
12,0,DDoS_HTTP,0.035653868308792205,0.003175243140759729,-0.021693548515952413,0.0030038575494973924,0.02464051134289207
12,0,DDoS_ICMP,-0.0011182927683494714,0.00034140597623961343,3.7544705791396164e-05,0.00032292846113948597,0.00041641362517897594
12,0,DDoS_TCP,0.0018706656808267562,-0.033386141819038775,0.038321162780333644,-0.04290225292615511,0.034660614188579734
12,0,DDoS_UDP,0.0,0.0,0.0,0.0,0.0
12,0,Fingerprinting,0.0,0.0,0.0,0.0,0.0
12,0,MITM,0.04330769230769228,0.016064102564102564,-0.12675641025641024,0.03689743589743588,0.03048717948717949
12,0,Normal,0.0003084319883320604,0.00018657902157048583,-2.2104737796043346e-05,7.274269942021035e-05,-0.00046950894827164636
12,0,Password,0.0158150538322265,0.006483791916673572,-0.0053241906932934525,0.0009513864735637899,-0.005550356204677246
12,0,Port_Scanning,0.022992247150017485,0.04518139434372031,-0.07855124060029624,0.07066399952420627,-0.060286400417647844
12,0,Ransomware,0.017852216793017663,-0.017442325966129466,0.0027983578593889563,0.005124276339765644,-0.0054665111736425165
12,0,SQL_injection,0.0,0.0,0.0,0.0,0.0
12,0,Uploading,0.006426594427003365,-0.004529915188801229,0.002876187127986097,0.008195057020004566,-0.0021852734480725987
12,0,Vulnerability_scanner,0.0004360785573188123,-0.0005917934125743762,-0.00044444728715999174,0.001472854431394438,-0.0008726922889788824
12,0,XSS,0.0005074515250253726,0.0005074515250253726,0.0005074515250253726,0.0005074515250253726,-0.0020298061001014903
12,1,Backdoor,0.005233286968487765,0.01289001420141681,0.05037792408316057,0.017145793735323846,-0.0537714036290191
12,1,DDoS_HTTP,0.03668456400958794,0.006487655087001397,-0.013742108651898328,0.00336670259434022,0.031517751810625286
12,1,DDoS_ICMP,-0.0010799480270909767,0.00035990095731836723,3.763922075167107e-05,0.0003412039245104692,0.0003412039245104692
12,1,DDoS_TCP,0.0030650126921218713,-0.03314985079523727,0.03953209120334534,-0.04355249037253947,0.03479594040810176
12,1,DDoS_UDP,0.0,0.0,0.0,0.0,0.0
12,1,Fingerprinting,0.0,0.0,0.0,0.0,0.0
12,1,MITM,0.0011857707509881335,0.023913043478260874,-0.05777338603425559,0.016337285902503294,0.016337285902503294
12,1,Normal,0.0003238108410847762,0.00022754043950690324,-7.122745141446654e-05,9.021759244323876e-05,-0.0002624370755252736
12,1,Password,0.016811553880474134,0.01135366897267409,-0.00018106208931490214,0.0028993734867407933,-0.00257697835833071
12,1,Port_Scanning,0.021584428579365534,0.047868699710090536,-0.07814910467193624,0.07190255231878422,-0.06320657593630405
12,1,Ransomware,0.023303180079039774,-0.007066140002888325,0.002536641772015055,0.012892732398139702,-0.025927798918649766
12,1,SQL_injection,0.0,0.0,0.0,0.0,0.0
12,1,Uploading,0.0029140961046161076,-0.004464370243285988,0.003440320467170436,0.006650888897556882,-0.00155342164022186
12,1,Vulnerability_scanner,0.00015673337491137196,-0.0007105619000829233,-0.0003343433983624226,0.0015987338236168973,-0.0007105619000829233
12,1,XSS,0.0,0.0,0.0,0.0,0.0
12,2,Backdoor,-0.004079802333929761,0.019198474385725955,0.05423370091029814,0.021211764535542816,-0.07848721162422315
12,2,DDoS_HTTP,0.03021831683039898,0.0040720288304593125,-0.016871428111773504,0.007991551577662894,0.016284080137258666
12,2,DDoS_ICMP,-0.0008980311108761907,0.00022037717446724003,0.0002742427194782071,0.00020175632250080122,0.00020165489442994233
12,2,DDoS_TCP,-0.003244404452965095,-0.027117735630864954,0.037444442521413664,-0.03968135085821477,0.03348057138780795
12,2,DDoS_UDP,0.0,0.0,0.0,0.0,0.0
12,2,Fingerprinting,0.0,0.0,0.0,0.0,0.0
12,2,MITM,0.03220446220446218,0.011267066267066273,-0.06916916416916415,0.0155960705960706,0.0101015651015651
12,2,Normal,0.00025401270545309386,0.00021618761496542034,-1.4123936031606998e-05,0.00010189895840179339,-0.0004159754235586714
12,2,Password,0.016287242824766297,0.008160540168396858,-0.005495509477163903,0.0009866766408901642,-0.005399861933590659
12,2,Port_Scanning,0.020629312199369965,0.04934436453332533,-0.07870396603299085,0.07080717694848833,-0.062076887648192754
12,2,Ransomware,0.019279453255219334,0.0018973495943514385,0.0007472317241770304,0.009925547229189712,-0.023274653260675317
12,2,SQL_injection,0.0,0.0,0.0,0.0,0.0
12,2,Uploading,0.001213137495872346,-0.002687404141050766,0.0051435735642276085,0.008986524846373477,-0.002752714753972834
12,2,Vulnerability_scanner,0.0004197394835038152,-0.0008106315911523721,-0.00013691099080562948,0.0014569457239286098,-0.0009291426254744235
12,2,XSS,0.0,0.0,0.0,0.0,0.0
12,3,Backdoor,-0.0033613883955830215,0.02068958358445173,0.04159791285316058,0.018778863106949553,-0.05580572832562931
12,3,DDoS_HTTP,0.03155982825636668,0.012125109627480797,-0.015561194798691228,0.0013384112398253322,0.035188165301008316
12,3,DDoS_ICMP,-0.0009270701218739407,0.0002701196956542677,0.0002477164285819918,0.0001765335787628941,0.0002327004188747872
12,3,DDoS_TCP,0.0065174756899755455,-0.034301688235709886,0.039016611734256315,-0.04721570651379184,0.03452855658703811
12,3,DDoS_UDP,0.0,0.0,0.0,0.0,0.0
12,3,Fingerprinting,0.0,0.0,0.0,0.0,0.0
12,3,MITM,-0.01829836829836829,0.018881118881118885,-0.017832167832167845,0.015034965034965035,0.002214452214452223
12,3,Normal,0.0002292435140213193,0.00022999486916375583,-2.8620528300092133e-05,6.746347421498488e-05,-0.0003480331265297158
12,3,Password,0.007697373525904667,0.00545479579240935,-0.00047859464269439515,0.0012395199806724765,-0.0015120177206634487
12,3,Port_Scanning,0.038174688953230056,0.03914279972628433,-0.07335234610321677,0.05677885049303419,-0.06074399306933181
12,3,Ransomware,0.02074529086679842,0.013747151368222698,-0.006582656511347874,0.007246710717366117,-0.014066600760701868
12,3,SQL_injection,0.0,0.0,0.0,0.0,0.0
12,3,Uploading,0.003394306301521623,-0.006993378134182045,-0.0028389484118533687,0.01667716216950612,-0.006802984756206952
12,3,Vulnerability_scanner,0.0005088127895660747,-0.0009965751935162878,-0.0007335178773943795,0.0023501213978060005,-0.001128841116461408
12,3,XSS,0.0,0.0,0.0,0.0,0.0
12,4,Backdoor,0.008709100742629797,0.008541400703447999,0.041981939337214835,0.016616247582674517,-0.058772150358620164
12,4,DDoS_HTTP,0.05462071283867575,0.0027279188170674625,-0.022034710434191654,-0.01521396297152908,0.02683611128746309
12,4,DDoS_ICMP,0.04345718580213736,-0.016453371523764013,0.03822039437053864,-0.035974423252378936,-0.013584163293188605
12,4,DDoS_TCP,-0.0016701208011786742,-0.031102680538779466,0.039232815668260174,-0.04076738475869543,0.03450757553133954
12,4,DDoS_UDP,0.3686445401446641,-0.23312445831497353,0.05424765419505711,0.002446253206885981,-0.18741030125369587
12,4,Fingerprinting,0.0,0.0,0.0,0.0,0.0
12,4,MITM,0.487304977365126,0.0010704494399948242,-0.49432137230660367,0.002732285677453732,0.0032136598240293593
12,4,Normal,0.039089858401441586,-0.037982449349892006,0.00422030341923364,0.006447651873663568,-0.011566309010179954
12,4,Password,0.07214053314431154,-0.001907501281056318,0.024292395504410282,-0.028956684436038247,-0.04072242746979547
12,4,Port_Scanning,0.02335234478039452,0.045547827775469334,-0.07702976904074368,0.06926789265740645,-0.061138296172526634
12,4,Ransomware,0.030235981965429114,-0.018686741461570566,-0.003944136225567716,0.012844532627367101,-0.023110283523411667
12,4,SQL_injection,0.0,0.0,0.0,0.0,0.0
12,4,Uploading,-0.002547129257792029,-0.0010471256043780629,0.005103668847864108,0.007235788681723037,-0.005127898666235902
12,4,Vulnerability_scanner,8.73871440152163e-05,-0.0007591998750996327,-0.0002417195578399922,0.0017152867815131664,-0.0008017544925887577
12,4,XSS,0.0,0.0,0.0,0.0,0.0
12,Aggregated,Backdoor,0.0018542874615041182,0.013285939941165562,0.04530055125242955,0.01880698804858409,-0.05943621910441491
12,Aggregated,DDoS_HTTP,0.038022489813104,0.005782241226622535,-0.01792273356842644,-0.00019881470462211986,0.026852689688348825
12,Aggregated,DDoS_ICMP,0.008615209222622452,-0.0032894198339894674,0.008470959093149811,-0.007910401039638157,-0.002569118390467112
12,Aggregated,DDoS_TCP,0.0013069223331491362,-0.03179992316687304,0.03870857186290902,-0.04283078714500895,0.034393741097761346
12,Aggregated,DDoS_UDP,0.3669384840502102,-0.2326496587710119,0.05452930874060493,0.002937148278866857,-0.186951594320732
12,Aggregated,Fingerprinting,0.0,0.0,0.0,0.0,0.0
12,Aggregated,MITM,0.41545631472772276,0.0034855011583083445,-0.44042552190421436,0.009624302328257095,0.011859403689926001
12,Aggregated,Normal,0.008516319904301224,-0.008224763915861232,0.000986778699262053,0.0015114010819010037,-0.002612719892461355
12,Aggregated,Password,0.03841207205374857,0.006473632772246141,0.011763390452165208,-0.012431712848419903,-0.025707247836302707
12,Aggregated,Port_Scanning,0.025352213583502384,0.04541538824060664,-0.07718420169666172,0.06792000666159136,-0.06150340678903867
12,Aggregated,Ransomware,0.022441715580284325,-0.005333785461798431,-0.0011317277072262276,0.009582392866953253,-0.01833948718105224
12,Aggregated,SQL_injection,0.0,0.0,0.0,0.0,0.0
12,Aggregated,Uploading,0.0022995531192061508,-0.003951461452687591,0.002754694008786688,0.009548120787463206,-0.003666848956501261
12,Aggregated,Vulnerability_scanner,0.0003208184029820001,-0.0007760807246133724,-0.00038132837276144693,0.001726469843898265,-0.0008898791495054459
12,Aggregated,XSS,0.00010003685568367275,0.00010003685568367275,0.00010003685568367275,0.00010003685568367275,-0.000400147422734691
12,Centralized,Backdoor,0.0018542874615041182,0.013285939941165562,0.04530055125242955,0.01880698804858409,-0.05943621910441491
12,Centralized,DDoS_HTTP,0.038022489813104,0.005782241226622535,-0.01792273356842644,-0.00019881470462211986,0.026852689688348825
12,Centralized,DDoS_ICMP,0.008615209222622452,-0.0032894198339894674,0.008470959093149811,-0.007910401039638157,-0.002569118390467112
12,Centralized,DDoS_TCP,0.0013069223331491362,-0.03179992316687304,0.03870857186290902,-0.04283078714500895,0.034393741097761346
12,Centralized,DDoS_UDP,0.3669384840502102,-0.2326496587710119,0.05452930874060493,0.002937148278866857,-0.186951594320732
12,Centralized,Fingerprinting,0.0,0.0,0.0,0.0,0.0
12,Centralized,MITM,0.41545631472772276,0.0034855011583083445,-0.44042552190421436,0.009624302328257095,0.011859403689926001
12,Centralized,Normal,0.008516319904301224,-0.008224763915861232,0.000986778699262053,0.0015114010819010037,-0.002612719892461355
12,Centralized,Password,0.03841207205374857,0.006473632772246141,0.011763390452165208,-0.012431712848419903,-0.025707247836302707
12,Centralized,Port_Scanning,0.025352213583502384,0.04541538824060664,-0.07718420169666172,0.06792000666159136,-0.06150340678903867
12,Centralized,Ransomware,0.022441715580284325,-0.005333785461798431,-0.0011317277072262276,0.009582392866953253,-0.01833948718105224
12,Centralized,SQL_injection,0.0,0.0,0.0,0.0,0.0
12,Centralized,Uploading,0.0022995531192061508,-0.003951461452687591,0.002754694008786688,0.009548120787463206,-0.003666848956501261
12,Centralized,Vulnerability_scanner,0.0003208184029820001,-0.0007760807246133724,-0.00038132837276144693,0.001726469843898265,-0.0008898791495054459
12,Centralized,XSS,0.00010003685568367275,0.00010003685568367275,0.00010003685568367275,0.00010003685568367275,-0.000400147422734691
13,0,Backdoor,0.0121686131324548,0.022466698549395966,-0.01627160378287471,0.016685452216176365,-0.034512316461673895
13,0,DDoS_HTTP,0.006889902122234232,0.01957125792379375,0.002468416388653011,-0.01223664225741531,-0.03983406203569031
13,0,DDoS_ICMP,0.00015573232000425745,1.2120948114759574e-05,-2.3370580692940366e-05,1.1306387462080754e-05,-0.0001557890748881574
13,0,DDoS_TCP,0.013347649769137,0.013263604840230368,0.015525589174563034,-0.05668880591171742,0.014478089970941714
13,0,DDoS_UDP,0.0,0.0,0.0,0.0,0.0
13,0,Fingerprinting,0.2831753321737856,-0.00992228939613232,-0.1471552466409003,0.005870689554741365,-0.1319684856914944
13,0,MITM,0.0,0.0,0.0,0.0,0.0
13,0,Normal,5.845457090355259e-05,0.0002977986026602356,-0.0002595428581635399,0.00011244284399895554,-8.342157717847002e-05
13,0,Password,0.0031540326863665528,0.009563277031616003,-0.0009501743402079048,0.00702897777251671,-0.005864758717884057
13,0,Port_Scanning,-0.0199501246882793,-0.0199501246882793,-0.0199501246882793,0.0798004987531172,-0.0199501246882793
13,0,Ransomware,0.02930660288651592,0.014852803081106562,0.01902780559764985,0.030651107955035464,-0.0789462867578358
13,0,SQL_injection,-0.008195431351512024,-0.004643771740000437,-0.0034488447556152283,0.02310834168488834,-0.006820293837760647
13,0,Uploading,0.04265670031215396,-0.01910915899145268,0.02814748939658813,0.036965407538865944,-0.020214149186738754
13,0,Vulnerability_scanner,0.009537094665712358,-0.006858579180707059,0.0041078333275943145,0.01886160546576344,-0.009458697794257754
13,0,XSS,0.0,0.0,0.0,0.0,0.0
13,1,Backdoor,0.014489058071498691,0.02022047876769827,-0.013602302859910665,0.01673712363486263,-0.04349419558106008
13,1,DDoS_HTTP,0.00016787935601188334,0.007198048484212163,0.010531844971574526,-0.011308008288159739,-0.04468179216564118
13,1,DDoS_ICMP,-0.0002843310081602953,4.599776161786269e-06,0.00023266798663565402,-1.5226228216249268e-05,6.228947357910426e-05
13,1,DDoS_TCP,0.01209301193910735,0.012362859070557375,0.014837909045275596,-0.05675513926213406,0.01427730358088133
13,1,DDoS_UDP,0.0,0.0,0.0,0.0,0.0
13,1,Fingerprinting,0.21208615377413328,-0.00946745111280491,-0.1205505961260436,0.008117899805879347,-0.090186006341164
13,1,MITM,0.0,0.0,0.0,0.0,0.0
13,1,Normal,-2.657730459775983e-05,0.00018955523737403945,-0.00025230970321363786,6.254456850690037e-05,-7.665870317268101e-05
13,1,Password,0.0018623103569523898,0.0023717522562688347,-0.00020883827874387852,0.0018067554399591036,-0.006054815863125249
13,1,Port_Scanning,-0.020173267326732674,-0.020173267326732674,-0.020173267326732674,0.0806930693069307,-0.020173267326732674
13,1,Ransomware,0.011476655739812809,-0.006688917392831952,0.01327133595946296,0.03221800121175279,-0.04437905420921635
13,1,SQL_injection,-0.006837694285630056,-0.002534718550102856,-0.001526082596896349,0.017815155125012357,-0.0034978562735796808
13,1,Uploading,0.02888200786303998,-0.0188054812103559,0.023648596671952245,0.027535590507239128,-0.017472615087589148
13,1,Vulnerability_scanner,0.006918214064225686,-0.00576883099107615,0.003537060734979086,0.014967118670808632,-0.008681709995026285
13,1,XSS,0.0,0.0,0.0,0.0,0.0
13,2,Backdoor,0.010782525661961943,0.017043802776965575,-0.01198157148061443,0.018152057160427025,-0.03287347773528812
13,2,DDoS_HTTP,0.010204490471547612,0.018091098090322822,0.00034412832054290523,-0.014137291058522553,-0.040456640425777596
13,2,DDoS_ICMP,0.0003192332732909975,-0.000108386712484565,-0.0003507590278894431,-1.5064577110734945e-05,0.00015497704419374555
13,2,DDoS_TCP,0.013137422758074542,0.012486800408623473,0.013023469370127013,-0.053577416090287794,0.013048898893492906
13,2,DDoS_UDP,0.0,0.0,0.0,0.0,0.0
13,2,Fingerprinting,0.23129590593174587,-0.003995099359259383,-0.20439291632379308,0.0053903207126595465,-0.028298210961353053
13,2,MITM,-0.006313131313131308,-0.006313131313131308,0.018939393939393923,0.0,-0.006313131313131308
13,2,Normal,7.38668306348944e-05,0.00027719014887910844,-0.0002570307016725874,9.54006156697181e-05,-0.00017417992285921705
13,2,Password,0.004311775300039203,0.0074229687542265044,-0.0008650016590482488,0.004480832713095144,-0.0052689900267275346
13,2,Port_Scanning,-0.020075757575757577,-0.020075757575757577,-0.020075757575757577,0.0803030303030303,-0.020075757575757577
13,2,Ransomware,0.023093586980381886,-0.003231032674384024,0.021446382171129423,0.031170562277216374,-0.057425735313483384
13,2,SQL_injection,-0.006104348832722726,-0.0033873598467212985,-0.0016241302116978588,0.016109076612753497,-0.004993237721611614
13,2,Uploading,0.051593010120748746,-0.0128418189002367,0.023626391315051686,0.0368452174131352,-0.025530832373164572
13,2,Vulnerability_scanner,0.008079228098282301,-0.0065291820474778035,0.004430065265408206,0.01581932008714777,-0.008292633018418075
13,2,XSS,-7.769605304050464e-05,2.5898684346834882e-05,0.0,2.5898684346834882e-05,2.5898684346834882e-05
13,3,Backdoor,0.005931317140979821,0.015999594180501,-0.01391082189639265,0.017484934060923146,-0.03446046803723577
13,3,DDoS_HTTP,0.004753827497828668,0.007490859005592143,0.010513691827857545,-0.008873408231517676,-0.040816796469563744
13,3,DDoS_ICMP,-0.0003084774302072231,3.921551765625105e-05,0.0002665570852553219,-7.506356723720649e-05,7.776839453285667e-05
13,3,DDoS_TCP,0.014271043288580613,0.014293637568515375,0.015622160215128677,-0.05946056667704067,0.015232986140193206
13,3,DDoS_UDP,0.0,0.0,0.0,0.0,0.0
13,3,Fingerprinting,0.18589651218983078,-0.0011734912501416028,-0.09452603404341145,0.0018884150238389712,-0.09208540192011674
13,3,MITM,0.0,0.0,0.0,0.0,0.0
13,3,Normal,-4.3767515256224836e-05,0.00014461569029395883,-0.00024672801930803644,4.220497791235419e-05,-2.1722888252675063e-05
13,3,Password,0.00022635735586168937,0.0008598011325093404,-0.0014446832286569094,-5.715333321738384e-06,0.0005915478251872044
13,3,Port_Scanning,-0.017766497461928935,-0.017766497461928935,-0.017766497461928935,0.07106598984771574,-0.017766497461928935
13,3,Ransomware,0.030971075341661995,-0.005136732760751965,0.020260373762594024,0.028211187331641494,-0.05403116021271592
13,3,SQL_injection,-0.008138210261555161,-0.002204495681101358,-0.0006362733920871733,0.018940378208306654,-0.004536741339316389
13,3,Uploading,0.0710509910749442,-0.02191007536653029,0.03450123622169357,0.05698203998320114,-0.02773988262286709
13,3,Vulnerability_scanner,0.013270223163660699,-0.007280309308697258,0.004801933163917488,0.019095397918708297,-0.011029144251320972
13,3,XSS,-4.006196250200267e-05,1.3353987500667555e-05,0.0,1.3353987500667555e-05,1.3353987500667555e-05
13,4,Backdoor,0.014009438748757564,0.024686717400471667,-0.01884888511063891,0.01591343385468404,-0.03638727792599346
13,4,DDoS_HTTP,0.02505674379031165,0.0015082592637258928,-0.0059161408585730706,-0.008676863531411998,-0.0304288390207729
13,4,DDoS_ICMP,0.056411462381509694,-0.03907189335353704,-0.020303216138279716,-0.01463010122709695,-0.011844322726133609
13,4,DDoS_TCP,0.012779229400671669,0.012610398721582117,0.013969387566105006,-0.05434482354524524,0.014080719218364767
13,4,DDoS_UDP,0.4611098696544317,-0.1947914339422025,-0.23409807862024454,-0.07698685687277722,0.02636077081387881
13,4,Fingerprinting,0.26827566267039954,0.00021716895401105487,-0.14308813119339445,-0.004312098075255968,-0.12109260235576029
13,4,MITM,0.04815950920245398,-0.19263803680981592,0.04815950920245398,0.04815950920245398,0.04815950920245398
13,4,Normal,0.05508735464495145,-0.014301209189221962,-0.03493092214831961,-0.01225063646463343,0.003624378273160252
13,4,Password,0.08970572886691026,-0.03259800898127575,0.001636683228589997,-0.02424895845637861,-0.0322048338790382
13,4,Port_Scanning,-0.020075282308657464,-0.020075282308657464,-0.020075282308657464,0.08030112923462986,-0.020075282308657464
13,4,Ransomware,0.029499130669737854,0.01150338087382471,0.017119173624726598,0.022526819244505145,-0.05541700326590788
13,4,SQL_injection,-0.005323815751895853,-0.0017658191983269704,-0.001971600045756943,0.013550326206974122,-0.004489091210994352
13,4,Uploading,0.04875503318205838,-0.017977971132362942,0.028870522289071845,0.041166183389066975,-0.024603900741623438
13,4,Vulnerability_scanner,0.007214630781423198,-0.004497490841964968,0.0036114849533795067,0.012603946900996869,-0.006782538591169771
13,4,XSS,0.002509573820171827,0.001637866816530791,-0.001620561898485418,-0.002866986355046232,0.0003401076168290322
13,Aggregated,Backdoor,0.011480767873128591,0.02008895480544657,-0.01492823111316425,0.016975191074945384,-0.03633080809090021
13,Aggregated,DDoS_HTTP,0.009802399350232175,0.010435173600622424,0.003209335632388195,-0.010967901676322495,-0.03905014911709883
13,Aggregated,DDoS_ICMP,0.012369547321617057,-0.00867881217792108,-0.004381847981597664,-0.0031313704337016116,-0.0024832406338632707
13,Aggregated,DDoS_TCP,0.013126331025036258,0.013004025223024773,0.014597311931758136,-0.05617251320693614,0.014225049480030885
13,Aggregated,DDoS_UDP,0.4608738035526349,-0.1946948580913176,-0.2340390619393,-0.07693320439028865,0.026387591901357785
13,Aggregated,Fingerprinting,0.23662788604271243,-0.0046970421121781585,-0.14194352245979705,0.0032992963557396575,-0.09328661782647693
13,Aggregated,MITM,0.038043983833457515,-0.15896373817426449,0.04347422610580508,0.039401544401544406,0.038043983833457515
13,Aggregated,Normal,0.011844959405462673,-0.0028058318411721592,-0.008006749699974863,-0.0025209070155310376,0.0009156836071487207
13,Aggregated,Password,0.03945812733996822,-0.013736741535557878,0.0011913026943262605,-0.006211284540253744,-0.01567731592860873
13,Aggregated,Port_Scanning,-0.01961374467017808,-0.01961374467017808,-0.01961374467017808,0.07845497868071231,-0.01961374467017808
13,Aggregated,Ransomware,0.02497851647337498,0.0024453874585419846,0.01816175666160018,0.028828411821552283,-0.05801294776652211
13,Aggregated,SQL_injection,-0.006927489961907033,-0.002911628982714471,-0.0018452914892153533,0.01792656077786581,-0.004874161287941398
13,Aggregated,Uploading,0.04857976665862183,-0.018096601537221146,0.027716786404010343,0.039861147139732565,-0.023114572046879032
13,Aggregated,Vulnerability_scanner,0.009022831884577243,-0.00619296854386901,0.004098824482204119,0.016293965878134413,-0.00886454828046219
13,Aggregated,XSS,0.0002904116154469004,0.00022104871314145662,-0.0002017699031387897,-0.0003579822754594448,4.829185000987749e-05
13,Centralized,Backdoor,0.011480767873128591,0.02008895480544657,-0.01492823111316425,0.016975191074945384,-0.03633080809090021
13,Centralized,DDoS_HTTP,0.009802399350232175,0.010435173600622424,0.003209335632388195,-0.010967901676322495,-0.03905014911709883
13,Centralized,DDoS_ICMP,0.012369547321617057,-0.00867881217792108,-0.004381847981597664,-0.0031313704337016116,-0.0024832406338632707
13,Centralized,DDoS_TCP,0.013126331025036258,0.013004025223024773,0.014597311931758136,-0.05617251320693614,0.014225049480030885
13,Centralized,DDoS_UDP,0.4608738035526349,-0.1946948580913176,-0.2340390619393,-0.07693320439028865,0.026387591901357785
13,Centralized,Fingerprinting,0.23662788604271243,-0.0046970421121781585,-0.14194352245979705,0.0032992963557396575,-0.09328661782647693
13,Centralized,MITM,0.038043983833457515,-0.15896373817426449,0.04347422610580508,0.039401544401544406,0.038043983833457515
13,Centralized,Normal,0.011844959405462673,-0.0028058318411721592,-0.008006749699974863,-0.0025209070155310376,0.0009156836071487207
13,Centralized,Password,0.03945812733996822,-0.013736741535557878,0.0011913026943262605,-0.006211284540253744,-0.01567731592860873
13,Centralized,Port_Scanning,-0.01961374467017808,-0.01961374467017808,-0.01961374467017808,0.07845497868071231,-0.01961374467017808
13,Centralized,Ransomware,0.02497851647337498,0.0024453874585419846,0.01816175666160018,0.028828411821552283,-0.05801294776652211
13,Centralized,SQL_injection,-0.006927489961907033,-0.002911628982714471,-0.0018452914892153533,0.01792656077786581,-0.004874161287941398
13,Centralized,Uploading,0.04857976665862183,-0.018096601537221146,0.027716786404010343,0.039861147139732565,-0.023114572046879032
13,Centralized,Vulnerability_scanner,0.009022831884577243,-0.00619296854386901,0.004098824482204119,0.016293965878134413,-0.00886454828046219
13,Centralized,XSS,0.0002904116154469004,0.00022104871314145662,-0.0002017699031387897,-0.0003579822754594448,4.829185000987749e-05
14,0,Backdoor,0.014161847228265493,-0.039802832332837004,0.021357255809857336,-0.0065446636445604355,0.016981163173853675
14,0,DDoS_HTTP,0.02615985574969648,-0.012498561861284707,0.008685017162335088,0.007162688830448988,0.013943808661835625
14,0,DDoS_ICMP,0.00025411101159463027,-4.3321716692953e-05,-0.00010522931100010272,-4.354123440072355e-05,-6.201874950085099e-05
14,0,DDoS_TCP,0.003645401813149831,-0.01859497343972106,0.005614173997022718,0.006318806111474381,0.004526415770373191
14,0,DDoS_UDP,0.0,0.0,0.0,0.0,0.0
14,0,Fingerprinting,0.11665396085297816,-0.07943171950372459,0.1128692678336342,-0.07065978967916318,-0.07943171950372459
14,0,MITM,0.0,0.0,0.0,0.0,0.0
14,0,Normal,-0.00012937179972683326,-0.00016425119317426223,0.00045299025740423807,8.475878678786223e-05,0.00015976739064691437
14,0,Password,-0.006084473734169421,-0.0006225966949801547,0.009306647477728454,-0.005894909177364685,0.0007234895317686868
14,0,Port_Scanning,-0.01975503105590062,0.06504496894409938,-0.01975503105590062,-0.005779875776397516,-0.01975503105590062
14,0,Ransomware,0.056263923362167415,-0.052590688016527415,0.09040270489153235,-0.07215844264495998,0.09708964283621359
14,0,SQL_injection,-0.018062422388012624,0.00721534409155569,-0.018062422388012627,0.027246253629477916,0.0016632470549916448
14,0,Uploading,-0.03339348981913244,-0.020321797240607477,-0.013422350192899975,0.012101764676595135,-0.020584999239609814
14,0,Vulnerability_scanner,-0.014831226039682588,-0.0021605860119446,-0.006315375217465128,0.008378869690609001,0.0036912560078863105
14,0,XSS,0.0,0.0,0.0,0.0,0.0
14,1,Backdoor,0.016273242198668693,-0.04102729531417368,0.01971174907601779,-0.005987664692194686,0.019771064100195305
14,1,DDoS_HTTP,0.03021489153582448,-0.008993045424383395,0.0016894738921772086,0.0066171346653719505,0.018050634027829447
14,1,DDoS_ICMP,-6.153717014972434e-05,9.21234341773732e-05,-0.00017710964184874573,5.439994364372369e-05,9.21234341773732e-05
14,1,DDoS_TCP,0.0037435884930078823,-0.0182895068153303,0.006051428489440177,0.005715129857217131,0.004772733979889501
14,1,DDoS_UDP,0.0,0.0,0.0,0.0,0.0
14,1,Fingerprinting,0.05951058201058201,-0.0586552028218695,0.10058201058201059,-0.04278218694885362,-0.0586552028218695
14,1,MITM,0.0,0.0,0.0,0.0,0.0
14,1,Normal,2.194621359638919e-05,-0.00038292425189665467,0.00022650152301636472,0.0001927866128406249,0.00023985219115065792
14,1,Password,-0.0022561972800956647,-0.0012850885796005277,0.0029662694698498597,-0.0001765443785707301,0.000751560768417063
14,1,Port_Scanning,-0.01689884547748299,0.0660279837908097,-0.01689884547748299,-0.015331447358360731,-0.01689884547748299
14,1,Ransomware,0.029084769654658185,-0.04628180222809511,0.0812179254780586,-0.07439580121764777,0.08614846668152117
14,1,SQL_injection,-0.016328317571384723,0.007859891638918742,-0.016328317571384723,0.022474388225812488,-0.0010964481407652025
14,1,Uploading,-0.02840499471043085,-0.006912310045536244,-0.0107292562154907,0.011267712134238713,-0.015996763492902785
14,1,Vulnerability_scanner,-0.011918339970999102,-0.002085639826522412,-0.004698845631253599,0.006646824672423135,0.003799074291671075
14,1,XSS,0.0,0.0,0.0,0.0,0.0
14,2,Backdoor,0.01101184038893233,-0.036161350508917514,0.020638091156238512,-0.005919436751534279,0.014967910835993747
14,2,DDoS_HTTP,0.02675760659296998,-0.02290522333930644,0.006930179825712039,0.013214620922933967,0.01806146516889758
14,2,DDoS_ICMP,0.00013769351655879187,-0.00010406977660974056,0.0003242184095576269,-4.7920018772285025e-05,-8.535592623477213e-05
14,2,DDoS_TCP,0.0050159394265512115,-0.023329097830062415,0.005919243673989229,0.007162000629173783,0.005731237306845451
14,2,DDoS_UDP,0.0,0.0,0.0,0.0,0.0
14,2,Fingerprinting,0.07595598845598846,-0.07384559884559885,0.11383477633477636,-0.0420995670995671,-0.07384559884559884
14,2,MITM,0.0,0.0,0.0,0.0,0.0
14,2,Normal,-1.8045408289357744e-05,-3.052145855118223e-05,0.0004021912180602808,0.00014042972325593596,0.00013984597862347996
14,2,Password,-0.0017207349718275672,-0.0011419871494078985,0.008161686848627784,-0.0030244430708525716,0.00027980104341404264
14,2,Port_Scanning,-0.018407025957330018,0.06428230943679672,-0.018407025957330018,-0.009061231564806656,-0.018407025957330018
14,2,Ransomware,0.04763989409886778,-0.052869799544251514,0.08815281782765412,-0.055284810397289226,0.09741120767971308
14,2,SQL_injection,-0.013478097435334775,0.007582744998362571,-0.013478097435334775,0.018941818943984924,0.00043163092832206317
14,2,Uploading,-0.03219235612394082,-0.02365882879719589,-0.016083463877053058,0.00938669668742287,-0.021047132476217218
14,2,Vulnerability_scanner,-0.012613229453022111,-0.0024909393972176027,-0.004475391161681177,0.007434881897738726,0.004853593322108862
14,2,XSS,0.0,0.0,0.0,0.0,0.0
14,3,Backdoor,0.026852237463903306,-0.04079900625476771,0.02370300956639352,-0.010142128953009321,0.01507734623539303
14,3,DDoS_HTTP,0.03399481132681262,-0.026461538045742295,0.01343658646400648,0.007798049354342963,0.011907286958684178
14,3,DDoS_ICMP,0.0001297960776848591,0.0001152419976621392,-0.00040052271405950727,4.024264105036979e-05,0.0001152419976621392
14,3,DDoS_TCP,0.0032211703677343623,-0.016078633089340807,0.005102360388240288,0.004792335179779659,0.003959105136640926
14,3,DDoS_UDP,0.0,0.0,0.0,0.0,0.0
14,3,Fingerprinting,0.06543483036751091,-0.04590120202115307,0.06349684587138688,-0.037129272196591664,-0.04590120202115307
14,3,MITM,0.0,0.0,0.0,0.0,0.0
14,3,Normal,-2.538041418074418e-05,-0.0003237948469891413,0.0003193483365385552,0.00023837333917861765,0.0003133271182069482
14,3,Password,-0.005859225134530958,-0.004767652146304507,0.0033164898357443194,0.0004810059372465689,0.006829381507844582
14,3,Port_Scanning,-0.020649964167142,0.07481169467479853,-0.020649964167142,-0.012861802173372532,-0.020649964167142
14,3,Ransomware,0.051803889889024436,-0.05468798581384611,0.09545582497653694,-0.05306152050616102,0.10461463845566961
14,3,SQL_injection,-0.013447097427341388,0.004629539942616186,-0.013447097427341388,0.01779581273980253,0.0010441846380174933
14,3,Uploading,-0.043850182907089294,-0.03045166765459516,-0.029140782576409195,0.014900118262334472,-0.02756803450071544
14,3,Vulnerability_scanner,-0.016808098668672212,-0.00547635292979191,-0.005663818421981566,0.010324293827557703,0.006376907025244359
14,3,XSS,0.0,0.0,0.0,0.0,0.0
14,4,Backdoor,0.027074029643425878,-0.05391912999505641,0.023163265003366334,-0.007395908732504329,0.019070999323203087
14,4,DDoS_HTTP,0.058964050226080686,-0.0252746178044401,0.00857638835302963,-0.002863506663403816,0.01306523544324666
14,4,DDoS_ICMP,0.045273115946116604,0.0032101747217616623,0.040084314809012485,-0.05634247115194434,-0.0004460872791730797
14,4,DDoS_TCP,0.005259207737927746,-0.022924186303642114,0.006081320788363526,0.006872713724470645,0.004909224750515142
14,4,DDoS_UDP,0.18070166191302192,0.010931297088338213,0.0166682050464592,-0.06557411333095747,-0.13988295216639185
14,4,Fingerprinting,0.0988095238095238,-0.0757936507936508,0.1126984126984127,-0.059920634920634916,-0.0757936507936508
14,4,MITM,0.0,0.0,0.0,0.0,0.0
14,4,Normal,0.019969118837246228,-0.006850025481406444,0.007916246227089833,-0.008154714511390921,-0.015064325198611834
14,4,Password,0.06257962004581713,-0.0018531731505000205,-0.018775714653912364,-0.004050093122959811,-0.03742881895802608
14,4,Port_Scanning,-0.01875229357798165,0.06124770642201835,-0.01875229357798165,-0.004990825688073393,-0.01875229357798165
14,4,Ransomware,0.0626548117218267,-0.049224543466231806,0.062264328972449955,-0.055280379996963266,0.10806133406326156
14,4,SQL_injection,-0.011475565155572336,0.005059867915293804,-0.011475565155572336,0.016968691736960417,0.0009225706588904559
14,4,Uploading,-0.034459694507006956,-0.016141573268441307,-0.0199904869837793,0.010510265367320451,-0.02337692511112146
14,4,Vulnerability_scanner,-0.011420981678018645,-0.003612903868970474,-0.003374570471373197,0.00617655377257341,0.00424670001207878
14,4,XSS,0.00890962929408135,0.0002608783565089569,0.0009705264731942077,-0.001133132291201314,-0.009007901832583202
14,Aggregated,Backdoor,0.019177966048597436,-0.0424301422346867,0.02170599173040148,-0.007235998364912169,0.01721196449563357
14,Aggregated,DDoS_HTTP,0.035527764169358364,-0.01920342241827373,0.007961758773813225,0.005973314569688766,0.015004101782383813
14,Aggregated,DDoS_ICMP,0.010368683690765544,0.0012871797584187068,0.009159872944809593,-0.014574071370377691,0.0005968832279694044
14,Aggregated,DDoS_TCP,0.004174760662547825,-0.019835997067300416,0.0057526400363218325,0.00616945802285743,0.004778819719437558
14,Aggregated,DDoS_UDP,0.1804902667225,0.011025730522647466,0.016666053452241595,-0.06552796681236488,-0.13980998533455413
14,Aggregated,Fingerprinting,0.08394565446161749,-0.06699824427608238,0.10054742820161316,-0.05049659411106588,-0.06699824427608238
14,Aggregated,MITM,0.0,0.0,0.0,0.0,0.0
14,Aggregated,Normal,0.00410093504732883,-0.0015440315104375138,0.001959914675800954,-0.0015550915101769517,-0.0030303575980061242
14,Aggregated,Password,0.02195348276125429,0.0012977733273456507,-0.008128261898032833,0.0010705731599808027,-0.016103693709194185
14,Aggregated,Port_Scanning,-0.01890556285986308,0.06630548125311693,-0.01890556285986308,-0.00958879267352768,-0.01890556285986308
14,Aggregated,Ransomware,0.052365144343038586,-0.04892671246498979,0.08383407653072233,-0.06922889026298189,0.10122045111827986
14,Aggregated,SQL_injection,-0.014578246484863706,0.006471657512939942,-0.014578246484863706,0.020723848154278034,0.0005929982464218868
14,Aggregated,Uploading,-0.034427371503630115,-0.019492129790388345,-0.01785605572353346,0.011597694575400507,-0.021702714740240155
14,Aggregated,Vulnerability_scanner,-0.013539926023695633,-0.003175333552341216,-0.004911711496563872,0.007801780077457406,0.004597986393790578
14,Aggregated,XSS,0.0012157624212687115,4.308864226041272e-05,0.00016822766405970521,-0.00014487654809982066,-0.0012822021794890082
14,Centralized,Backdoor,0.019177966048597436,-0.0424301422346867,0.02170599173040148,-0.007235998364912169,0.01721196449563357
14,Centralized,DDoS_HTTP,0.035527764169358364,-0.01920342241827373,0.007961758773813225,0.005973314569688766,0.015004101782383813
14,Centralized,DDoS_ICMP,0.010368683690765544,0.0012871797584187068,0.009159872944809593,-0.014574071370377691,0.0005968832279694044
14,Centralized,DDoS_TCP,0.004174760662547825,-0.019835997067300416,0.0057526400363218325,0.00616945802285743,0.004778819719437558
14,Centralized,DDoS_UDP,0.1804902667225,0.011025730522647466,0.016666053452241595,-0.06552796681236488,-0.13980998533455413
14,Centralized,Fingerprinting,0.08394565446161749,-0.06699824427608238,0.10054742820161316,-0.05049659411106588,-0.06699824427608238
14,Centralized,MITM,0.0,0.0,0.0,0.0,0.0
14,Centralized,Normal,0.00410093504732883,-0.0015440315104375138,0.001959914675800954,-0.0015550915101769517,-0.0030303575980061242
14,Centralized,Password,0.02195348276125429,0.0012977733273456507,-0.008128261898032833,0.0010705731599808027,-0.016103693709194185
14,Centralized,Port_Scanning,-0.01890556285986308,0.06630548125311693,-0.01890556285986308,-0.00958879267352768,-0.01890556285986308
14,Centralized,Ransomware,0.052365144343038586,-0.04892671246498979,0.08383407653072233,-0.06922889026298189,0.10122045111827986
14,Centralized,SQL_injection,-0.014578246484863706,0.006471657512939942,-0.014578246484863706,0.020723848154278034,0.0005929982464218868
14,Centralized,Uploading,-0.034427371503630115,-0.019492129790388345,-0.01785605572353346,0.011597694575400507,-0.021702714740240155
14,Centralized,Vulnerability_scanner,-0.013539926023695633,-0.003175333552341216,-0.004911711496563872,0.007801780077457406,0.004597986393790578
14,Centralized,XSS,0.0012157624212687115,4.308864226041272e-05,0.00016822766405970521,-0.00014487654809982066,-0.0012822021794890082
15,0,Backdoor,0.0044870172597991495,0.01646621290316803,-0.002854801140715325,0.01864893120545338,-0.02349064137873229
15,0,DDoS_HTTP,0.005828046525972354,-0.006003713858409377,0.005283621276833203,0.004553279168706633,0.004254491450103739
15,0,DDoS_ICMP,2.244841388816162e-05,-0.00020191597980661428,-5.2339717343430345e-05,0.00020935045297363526,2.245683028824774e-05
15,0,DDoS_TCP,0.028377848511559816,-0.00620304836350946,0.03138743644051486,-0.11031872775471462,0.057766360421974784
15,0,DDoS_UDP,0.0,0.0,0.0,0.0,0.0
15,0,Fingerprinting,-0.014999999999999998,-0.014999999999999998,-0.014999999999999998,0.05999999999999999,-0.014999999999999998
15,0,MITM,0.006410256410256406,0.006410256410256406,0.0,0.006410256410256406,-0.019230769230769218
15,0,Normal,0.00027900152929753453,-0.0010829523538171293,0.00044838431581610273,0.0003163226621251236,0.00019209432041254472
15,0,Password,0.00043114883292161657,-0.0029531180920643603,0.00599932614211126,-0.0031774650537592275,0.007394203940200289
15,0,Port_Scanning,0.024621129063819205,-0.090214259415244,0.017194829214339628,0.12676530957464344,-0.07836700843755826
15,0,Ransomware,0.06269349787456764,-0.017020848988332307,0.007790936216045491,-0.018310487423437972,-0.04335312456417694
15,0,SQL_injection,0.035349127302000544,0.04174678518330999,0.0332734282820258,0.04542776615317037,-0.024060579974398952
15,0,Uploading,0.019567597707278266,0.00410660761630695,0.030127443459962582,0.00785339318998844,-0.03678270045687287
15,0,Vulnerability_scanner,0.006763009302303161,0.008676679307848703,0.009526473791282512,0.009839349158220859,-0.003956934432851239
15,0,XSS,0.0,0.0,0.0,0.0,0.0
15,1,Backdoor,0.0034024885620241602,0.015316376139581757,0.004208022198859307,0.021679079301383818,-0.02928029570376473
15,1,DDoS_HTTP,0.006382838209652489,-0.01429144580955349,0.008502065906839662,0.005275255629326798,-0.0004237761210718958
15,1,DDoS_ICMP,4.859713236985789e-05,-0.00010097913009332604,1.1203066754061908e-05,0.00016085509387063027,0.00010468823079355187
15,1,DDoS_TCP,0.028264994044045543,-0.005731432935291022,0.0322202593058472,-0.11086136090719152,0.05710815403574763
15,1,DDoS_UDP,0.0,0.0,0.0,0.0,0.0
15,1,Fingerprinting,-0.00588235294117647,-0.00588235294117647,-0.00588235294117647,0.02352941176470588,-0.00588235294117647
15,1,MITM,0.013636363636363634,0.013636363636363637,0.03636363636363636,-0.01666666666666667,0.04393939393939394
15,1,Normal,0.00042370130220496517,-0.0015074360200741728,0.0005704568860769143,0.0003585624677423534,0.00035446141940860266
15,1,Password,-0.0012980500011194737,-0.0013563749974394616,0.002981016287262558,-0.0013365793628090294,0.003328593543871717
15,1,Port_Scanning,0.027223059670275444,-0.0887940647769851,0.017763445812783572,0.12481811690266238,-0.08101055760873631
15,1,Ransomware,0.06962442626784758,-0.008720355999937871,0.010016475660504488,-0.0040249140884577855,-0.06040423294349431
15,1,SQL_injection,0.02777409117424084,0.03536673698816726,0.030536451096911468,0.04448692983927679,-0.03709223360089349
15,1,Uploading,0.011648289325464462,0.00452586403983396,0.022560271595079232,0.010904567186355489,-0.028833768768269565
15,1,Vulnerability_scanner,0.006139379642428309,0.0066168186751996375,0.008708159111753305,0.009195224188984462,-0.004658280680205939
15,1,XSS,0.0,0.0,0.0,0.0,0.0
15,2,Backdoor,0.006479121938417013,0.012902794962389061,0.0015687079157819704,0.017939554832666165,-0.03077806827464655
15,2,DDoS_HTTP,0.008168460179583078,-0.008321748972794476,0.007573316556245175,0.004134681257854863,0.0015549534865600262
15,2,DDoS_ICMP,0.0001236753041761296,-0.00013838603837206253,1.1350053614672673e-05,4.818589674080997e-05,0.0001798421442880227
15,2,DDoS_TCP,0.02636735137745243,-0.001676740242777704,0.03174005999997925,-0.11205568711048422,0.0576288745244555
15,2,DDoS_UDP,0.0,0.0,0.0,0.0,0.0
15,2,Fingerprinting,0.0,0.0,0.0,0.0,0.0
15,2,MITM,0.013636363636363643,0.013636363636363637,0.03636363636363636,0.008974358974358953,0.01829836829836833
15,2,Normal,0.00030742161066203054,-0.001099767537877172,0.000462051979266361,0.0002598529931294243,8.252848527536272e-05
15,2,Password,0.0004137867144055317,-0.00126095250068804,0.00422646246548251,-0.0008512209766284029,0.0048601303331068145
15,2,Port_Scanning,0.03526657458465924,-0.09156169116171296,0.014622039820644452,0.12299345398136122,-0.08132037722495192
15,2,Ransomware,0.08446428440811979,-0.01976645772987022,0.013391828734150084,-0.015761182322267243,-0.06924912778406656
15,2,SQL_injection,0.03004899745796823,0.029926468540892186,0.027299787104658794,0.03792631467984543,-0.03569539494385847
15,2,Uploading,0.01942710135843682,0.0035837005174269984,0.030438398906721908,0.010332098797637468,-0.0329657953523133
15,2,Vulnerability_scanner,0.005851314646635229,0.005735025856565782,0.007466315776689479,0.008215700447737428,-0.00391174411671843
15,2,XSS,1.5539210608100927e-05,1.5539210608100927e-05,1.5539210608100927e-05,1.5539210608100927e-05,-6.215684243240371e-05
15,3,Backdoor,0.013270660630475932,0.009307339181668631,0.0009768925092567382,0.01797710348161986,-0.023159506364052767
15,3,DDoS_HTTP,0.02049361812097467,-0.009576432149662781,0.009773521518397355,0.008916015132858602,0.005765565827695938
15,3,DDoS_ICMP,0.00019084084331383495,-0.00031438263558279943,7.855772968027863e-05,0.0002470329895037112,0.0002469823944387402
15,3,DDoS_TCP,0.03124835872282287,-0.008513940114994003,0.0351708494174734,-0.11033280917729282,0.0539269707450657
15,3,DDoS_UDP,0.0,0.0,0.0,0.0,0.0
15,3,Fingerprinting,-0.00588235294117647,-0.00588235294117647,-0.00588235294117647,0.02352941176470588,-0.00588235294117647
15,3,MITM,0.03641025641025642,0.036410256410256414,0.07999999999999995,-0.03025641025641026,0.07743589743589743
15,3,Normal,0.0005422140205531464,-0.0017219427116730763,0.0005915592685179216,0.0003571289169370014,0.00036410685473929155
15,3,Password,-0.004487043826470143,-0.002574003933383444,0.00720587727415512,-0.0029937615896423937,0.007935112438529523
15,3,Port_Scanning,0.036500070545245254,-0.0974403106127313,0.020927776181426203,0.13035050177151844,-0.09033803788545858
15,3,Ransomware,0.09261198656457803,-0.02587359049559158,0.015939324480544772,-0.015200377350852059,-0.06498564884651972
15,3,SQL_injection,0.0421530828703735,0.03361787234629924,0.02653037037846302,0.03309897021610605,-0.019844740255686208
15,3,Uploading,0.02501019821816326,0.011032759521040943,0.04421870936397211,-0.002092532654129926,-0.04981413695442553
15,3,Vulnerability_scanner,0.008462208361975428,0.00867070543451707,0.008692395462709234,0.008258364674381844,-0.0012388987209468387
15,3,XSS,8.012392500400534e-06,8.012392500400534e-06,8.012392500400534e-06,8.012392500400534e-06,-3.2049570001602136e-05
15,4,Backdoor,0.010145157261120415,0.00888645168277883,0.00918285825362284,0.018907591316571153,-0.028584145985908097
15,4,DDoS_HTTP,0.015183867887782972,-0.019826237351909033,0.014554944568218788,-0.006445118247810209,0.009636504401571181
15,4,DDoS_ICMP,0.017129936068284706,-0.01916638635191238,0.0027571434690384995,0.008473677716960308,0.008840393928817681
15,4,DDoS_TCP,0.026066264415346267,-0.0009408069444258889,0.03462293367550353,-0.11993955632494537,0.061205040525077845
15,4,DDoS_UDP,0.1215801313225617,0.07012134373960288,-0.08215888446602872,-0.059154904609042235,-0.03410615861957042
15,4,Fingerprinting,-0.015789473684210527,-0.015789473684210527,-0.015789473684210527,0.06315789473684211,-0.015789473684210527
15,4,MITM,0.4731049988090426,-0.3616854402847586,-0.25290374526148945,0.43221820906709774,-0.290734022329892
15,4,Normal,0.0178720693960979,0.01203088015718274,-0.015234190976495214,-0.007880599685124211,-0.003139133357555285
15,4,Password,0.02114575242885248,0.016890470725298378,0.02115184902442847,-0.03059760578728686,-0.01903926681511751
15,4,Port_Scanning,0.023335253280684552,-0.09065152723065889,0.02238241176798288,0.12074880684384297,-0.07581494466185153
15,4,Ransomware,0.09953752583987727,0.00749179090062726,-0.0727132475442271,0.006329397219310257,-0.033760784832110986
15,4,SQL_injection,0.018366429657710313,0.022622297281358082,0.022109531177312642,0.025288347860408754,-0.023169214672441995
15,4,Uploading,0.01731063400250412,0.004941644031319191,0.026415478573413583,0.012484474935423285,-0.03602347413407249
15,4,Vulnerability_scanner,0.004754987055630385,0.004084877253513251,0.005331613166364915,0.005040185189365256,-0.0007849812318894904
15,4,XSS,0.0023852280261433337,0.0013917640284138212,0.0022348492666743455,0.0005252473931380459,-0.006537088714369546
15,Aggregated,Backdoor,0.007570666049765028,0.012560340168260027,0.0026525160125585117,0.01901582341988011,-0.02708695999470295
15,Aggregated,DDoS_HTTP,0.01130601285662524,-0.011539904936545551,0.00921375033709379,0.003166048006810915,0.004203414332579908
15,Aggregated,DDoS_ICMP,0.0036423630359223988,-0.004314241557577042,0.0006158616530407408,0.001941848624547987,0.001994336692040812
15,Aggregated,DDoS_TCP,0.028070683297013826,-0.004629730124381341,0.03302752891464376,-0.11269045525930939,0.05752868546616101
15,Aggregated,DDoS_UDP,0.12135155039147029,0.07030056257206856,-0.08214600610094551,-0.059158129944588425,-0.034066449550481596
15,Aggregated,Fingerprinting,-0.008888888888888889,-0.008888888888888889,-0.008888888888888889,0.035555555555555556,-0.008888888888888889
15,Aggregated,MITM,0.39495831433496925,-0.26178140768558505,-0.21530281142575045,0.36714673213175986,-0.213592255926822
15,Aggregated,Normal,0.004020424717011683,0.0014537736613808101,-0.002858064291018353,-0.0013646920765204684,-0.0004179744000690507
15,Aggregated,Password,0.00765938066168525,0.0061905076078475575,0.012697172742322505,-0.016518775248368527,-0.0036087102266549806
15,Aggregated,Port_Scanning,0.029470511404383535,-0.09177233722909625,0.01857004657373144,0.12513987582782674,-0.08140809657684543
15,Aggregated,Ransomware,0.08846048017764772,-0.006429730325355198,-0.031490429356614086,-0.0030477468978928153,-0.04747256559458436
15,Aggregated,SQL_injection,0.030811796934942865,0.03276281828759848,0.027990011090020032,0.03730255059165003,-0.02789394089447911
15,Aggregated,Uploading,0.018655223234554142,0.00570187324448162,0.030430575032504726,0.007968757767848245,-0.03677105874824631
15,Aggregated,Vulnerability_scanner,0.006403927893011017,0.006766599234406428,0.007960867969453821,0.008122215982571545,-0.002908404572243852
15,Aggregated,XSS,0.0003379250473496707,0.00021687340398881722,0.0003204196489106692,9.296386539130672e-05,-0.0009681819656404639
15,Centralized,Backdoor,0.007570666049765028,0.012560340168260027,0.0026525160125585117,0.01901582341988011,-0.02708695999470295
15,Centralized,DDoS_HTTP,0.01130601285662524,-0.011539904936545551,0.00921375033709379,0.003166048006810915,0.004203414332579908
15,Centralized,DDoS_ICMP,0.0036423630359223988,-0.004314241557577042,0.0006158616530407408,0.001941848624547987,0.001994336692040812
15,Centralized,DDoS_TCP,0.028070683297013826,-0.004629730124381341,0.03302752891464376,-0.11269045525930939,0.05752868546616101
15,Centralized,DDoS_UDP,0.12135155039147029,0.07030056257206856,-0.08214600610094551,-0.059158129944588425,-0.034066449550481596
15,Centralized,Fingerprinting,-0.008888888888888889,-0.008888888888888889,-0.008888888888888889,0.035555555555555556,-0.008888888888888889
15,Centralized,MITM,0.39495831433496925,-0.26178140768558505,-0.21530281142575045,0.36714673213175986,-0.213592255926822
15,Centralized,Normal,0.004020424717011683,0.0014537736613808101,-0.002858064291018353,-0.0013646920765204684,-0.0004179744000690507
15,Centralized,Password,0.00765938066168525,0.0061905076078475575,0.012697172742322505,-0.016518775248368527,-0.0036087102266549806
15,Centralized,Port_Scanning,0.029470511404383535,-0.09177233722909625,0.01857004657373144,0.12513987582782674,-0.08140809657684543
15,Centralized,Ransomware,0.08846048017764772,-0.006429730325355198,-0.031490429356614086,-0.0030477468978928153,-0.04747256559458436
15,Centralized,SQL_injection,0.030811796934942865,0.03276281828759848,0.027990011090020032,0.03730255059165003,-0.02789394089447911
15,Centralized,Uploading,0.018655223234554142,0.00570187324448162,0.030430575032504726,0.007968757767848245,-0.03677105874824631
15,Centralized,Vulnerability_scanner,0.006403927893011017,0.006766599234406428,0.007960867969453821,0.008122215982571545,-0.002908404572243852
15,Centralized,XSS,0.0003379250473496707,0.00021687340398881722,0.0003204196489106692,9.296386539130672e-05,-0.0009681819656404639
16,0,Backdoor,-0.024905391167328508,0.004372901997158138,-0.007414621577714014,0.00655419707745426,0.008640450893227025
16,0,DDoS_HTTP,-0.003916031006204417,0.0021812662417785094,-0.0031853113996518265,-0.013112031650620375,-0.0003517305691402202
16,0,DDoS_ICMP,0.0002764213448386491,0.00012544933000581128,0.00022033024641495517,0.00022033024641495517,-0.0008425311676743708
16,0,DDoS_TCP,-0.04696940996053763,0.003012688562434592,-0.007783552526913579,0.026397936706134675,0.023828530572723636
16,0,DDoS_UDP,0.0,0.0,0.0,0.0,0.0
16,0,Fingerprinting,-0.025646305193319605,0.0012354152367879206,-0.025646305193319605,-0.025646305193319605,0.0757035003431709
16,0,MITM,0.0,0.0,0.0,0.0,0.0
16,0,Normal,4.5106345369388956e-05,-0.00023336630790612065,-3.251092524046243e-05,-7.13096659831954e-05,-0.0001244221030644125
16,0,Password,0.002983698765355868,0.002555654494456865,-0.004450439181660822,0.00397751048544561,-0.007623989082219066
16,0,Port_Scanning,0.11415196773572561,-0.0050347752019827075,0.05325665857560673,-0.08273491317077387,-0.07963893793857574
16,0,Ransomware,-0.020091747027858712,0.03123604890099841,-0.10015729430453733,-0.03009738416548818,0.0022311567919346253
16,0,SQL_injection,-0.0676276499188067,0.025855756714730154,0.03041024513505118,0.04546014297531243,-0.009393304060983793
16,0,Uploading,0.022573576051272564,0.008894008057072526,0.011490101401689639,0.001526163221630669,0.0028311712963942307
16,0,Vulnerability_scanner,-0.0032829770469109715,0.010096148398983,0.008987186436263643,-0.019865824401427125,0.0109441856560127
16,0,XSS,0.0,0.0,0.0,0.0,0.0
16,1,Backdoor,-0.025750799685942485,0.010069375154897095,0.0008036444107443289,0.007437426996788464,0.010077657798135131
16,1,DDoS_HTTP,0.00232273255233373,0.0022266575573472586,0.0024134360171610553,-0.010332710824371904,0.0038293792535182836
16,1,DDoS_ICMP,9.884561110039732e-05,4.421108230160768e-06,5.3604470609073624e-06,5.3604470609073624e-06,-0.0003383520071471487
16,1,DDoS_TCP,-0.04431941688630993,0.0018823675483088183,-0.008931861046839766,0.026108045234955943,0.02426025160672709
16,1,DDoS_UDP,0.0,0.0,0.0,0.0,0.0
16,1,Fingerprinting,-0.036106395019807586,0.0015280135823429546,-0.036106395019807586,-0.036106395019807586,0.10679117147707978
16,1,MITM,-0.018181818181818188,-0.018181818181818188,-0.018181818181818188,-0.018181818181818188,-0.018181818181818188
16,1,Normal,9.162342448813347e-06,-8.797798729215748e-05,1.3502756234468061e-05,-0.00011408338819320906,-8.44461159451526e-05
16,1,Password,0.0007348833003372501,0.0009466187284822047,0.0005972210948500103,0.0005231478721922954,-0.005342696133601216
16,1,Port_Scanning,0.1098331968520166,-0.005564261298899682,0.05475721985698316,-0.0813573358810938,-0.07766881952900632
16,1,Ransomware,-0.015155940041135654,0.021281633751354403,-0.1008291559109575,-0.029117454337926747,0.03276911120114581
16,1,SQL_injection,-0.04552839939115895,0.02553677425244316,0.025880290364157822,0.03133970445588675,-0.013104727025667099
16,1,Uploading,0.01649927019845888,0.009515041243902123,0.008840214966507677,0.002807839061325016,-0.005323248928715705
16,1,Vulnerability_scanner,-0.00474648720821185,0.009619996360559525,0.008364909140309424,-0.020477551666269894,0.010434634742253458
16,1,XSS,0.0,0.0,0.0,0.0,0.0
16,2,Backdoor,-0.02377969688053181,0.0015694671331759947,-0.0034781220712029287,0.008308596875406348,0.010412962551258708
16,2,DDoS_HTTP,-0.00012968489147532162,-0.0007607558557629078,-0.004002136311696155,-0.00961236031015711,-0.003650578001613753
16,2,DDoS_ICMP,3.860276702149871e-05,-3.6887739676927375e-05,-0.00011114175462756578,-1.757250275272367e-05,-0.00032223433491147536
16,2,DDoS_TCP,-0.050117528958283614,0.0021400823274828748,-0.0074432766840362395,0.027474300605697874,0.026442542646809626
16,2,DDoS_UDP,0.0,0.0,0.0,0.0,0.0
16,2,Fingerprinting,-0.0365079365079365,-0.0007936507936507937,-0.0365079365079365,-0.0365079365079365,0.11031746031746031
16,2,MITM,-0.018181818181818188,-0.018181818181818188,-0.018181818181818188,-0.018181818181818188,-0.018181818181818188
16,2,Normal,-5.36616560567101e-06,-0.0002674506882302585,9.871472673435763e-06,-9.242732028869605e-05,-0.00013148783486977567
16,2,Password,0.0011783259346009693,0.0014088982804028826,-0.004192924601331218,0.000966908905596082,-0.006972250643635912
16,2,Port_Scanning,0.11499974851124056,-0.0040440483320882846,0.04778823896107847,-0.08172424093533172,-0.07701969820489901
16,2,Ransomware,-0.0217095364201194,0.026007508823452725,-0.11220835682918238,-0.039295909019427096,0.011128920525798152
16,2,SQL_injection,-0.04229265423964052,0.025429287117403776,0.02224638164237545,0.026641354777507887,-0.01325028736008266
16,2,Uploading,0.020550210885353366,0.012894853399382514,0.01143063661081936,-0.009721281131027371,0.011093215299588179
16,2,Vulnerability_scanner,-0.004635486616488988,0.009357532470233665,0.007537383582470272,-0.017426559219906042,0.00977106132848764
16,2,XSS,0.0,0.0,0.0,0.0,0.0
16,3,Backdoor,-0.01670999280450545,-0.0016121450453386458,-0.007060297722694159,0.0049839705580392805,0.0073230469481251744
16,3,DDoS_HTTP,0.004699799535905576,-0.007990682202079515,-0.0018997588147596936,-0.014715428876504863,-0.010541730815396885
16,3,DDoS_ICMP,0.0002152130814426075,-4.7643979886839256e-05,-2.8050142566687918e-05,-2.8050142566687918e-05,-0.000560500137776158
16,3,DDoS_TCP,-0.04361838147787376,0.0033644113774203566,-0.004594506754973489,0.022154881730441073,0.02119416553191068
16,3,DDoS_UDP,0.0,0.0,0.0,0.0,0.0
16,3,Fingerprinting,-0.027825261158594492,-0.0031339031339031346,-0.027825261158594492,-0.027825261158594492,0.0866096866096866
16,3,MITM,-0.039999999999999994,-0.039999999999999994,-0.039999999999999994,-0.039999999999999994,-0.039999999999999994
16,3,Normal,-9.001244966674315e-05,-0.00016459783353099574,1.7530120993190327e-05,-0.0001361754742707629,-8.981697340856298e-05
16,3,Password,-0.00037445145069834316,-0.00037445145069834316,-0.00037445145069834316,-0.0004312783885932397,-0.0035315476225004
16,3,Port_Scanning,0.12302497679818475,-0.0037849600495089724,0.06392208103583125,-0.09209073288817603,-0.091071364896331
16,3,Ransomware,-0.025256376303467946,0.033057308476861745,-0.11042473478925716,-0.04414634724970586,0.00015360851218575722
16,3,SQL_injection,-0.05724815007235778,0.025022287616243068,0.019124769231752704,0.04250153244118605,-0.00745599477237956
16,3,Uploading,0.02640352766349517,0.022918235977226805,0.01890758976162408,-0.0019024156391054085,0.016686220917308002
16,3,Vulnerability_scanner,-0.006263049071747648,0.00846951500676284,0.006078430726075916,-0.015055659380201529,0.009352872852886938
16,3,XSS,0.0,0.0,0.0,0.0,0.0
16,4,Backdoor,0.012482949713337025,-0.004668143021054288,-0.008682403460350308,-0.007154278792056253,-0.0013044531261335553
16,4,DDoS_HTTP,0.022867824226490516,0.001406488967890553,-0.010821625338809709,-0.01951067600601337,-0.007045973107411691
16,4,DDoS_ICMP,0.06173515424642929,-0.01766821430661878,-0.036296649519397005,-0.03353945830307127,-0.021040884415076587
16,4,DDoS_TCP,-0.05226920983415172,0.002739639121207334,-0.010228183800235746,0.029642542440556575,0.02940852631120879
16,4,DDoS_UDP,0.3163430317558897,-0.07747243421753319,-0.045786689119385035,-0.1652917883143385,-0.03683209202734487
16,4,Fingerprinting,-0.030030030030030026,-0.0022522522522522544,-0.030030030030030026,-0.030030030030030026,0.09234234234234234
16,4,MITM,0.04433962264150944,0.04433962264150944,0.04433962264150944,0.04433962264150944,-0.17735849056603775
16,4,Normal,0.05649470802282177,-0.013692103386688517,-0.013655605129936703,-0.018334200517550445,-0.0093051135059026
16,4,Password,0.015838504947140362,-0.025669209801922284,0.012193275407513852,0.004945201308542444,-0.01182114972458998
16,4,Port_Scanning,0.11770561849967345,-0.006338123064025636,0.04654991106754559,-0.08205435010612348,-0.07586305639706989
16,4,Ransomware,0.01417758352221649,0.0911910355240694,-0.09362772733083788,-0.15745043381619825,0.0016068154044915786
16,4,SQL_injection,-0.0342217538228736,0.02086272635500922,0.01639955069617239,0.02488173047362809,-0.0036827759966992684
16,4,Uploading,0.025321692400078873,0.01209307421657387,0.009701631335891442,-0.006251985732258744,0.011877787661360866
16,4,Vulnerability_scanner,-0.006441602989482986,0.009413973240141732,0.007561553662405296,-0.018105501705638103,0.00933818675474446
16,4,XSS,0.00275779465135903,-0.00613334911949472,0.0015393250284888873,0.0016338971395678135,0.0002023323000789892
16,Aggregated,Backdoor,-0.015148221519134407,0.0017669802607035046,-0.005242222752253572,0.0038244037668223483,0.006943116720209639
16,Aggregated,DDoS_HTTP,0.005346558088925416,-0.0006605637609376973,-0.0036210272619427663,-0.013499452186355423,-0.003610221577602323
16,Aggregated,DDoS_ICMP,0.014021405216854093,-0.0038299952542009907,-0.0079437297254964,-0.00744047576229119,-0.004868249148645951
16,Aggregated,DDoS_TCP,-0.047451393498578395,0.0026244927336364393,-0.007793739595365053,0.026353004679420415,0.025023237490508467
16,Aggregated,DDoS_UDP,0.3162239105920647,-0.07745741091518908,-0.045744834300190516,-0.16524993349514389,-0.03681170380425312
16,Aggregated,Fingerprinting,-0.031026623847508546,-0.0004143789495493627,-0.031026623847508546,-0.031026623847508546,0.093494250492075
16,Aggregated,MITM,0.014809523809523818,0.014809523809523818,0.014809523809523818,0.014809523809523818,-0.13066666666666665
16,Aggregated,Normal,0.012025908815569107,-0.0030759848659494254,-0.0028987584039328125,-0.004073133077934238,-0.0020021344050677996
16,Aggregated,Password,0.005914286299685501,-0.0072557305977383095,0.0026208320999112503,0.0024091028664879536,-0.008161321898298492
16,Aggregated,Port_Scanning,0.11597140141708934,-0.004956378330595073,0.05331071329315602,-0.08403440227511101,-0.08029133410453931
16,Aggregated,Ransomware,0.007149944772909692,0.06171286050596682,-0.09286707352125596,-0.11495938917984366,0.01132835133128277
16,Aggregated,SQL_injection,-0.04958355882352556,0.02456368376130717,0.022857666234074724,0.034301106070808114,-0.00940726669038736
16,Aggregated,Uploading,0.022230902610246028,0.013276694401197378,0.01207971671719882,-0.002716899942248209,0.007427914613357472
16,Aggregated,Vulnerability_scanner,-0.005069022040626264,0.009384813898444061,0.007712771758488986,-0.01819138631638075,0.009966765942319841
16,Aggregated,XSS,0.0003657129394199558,-0.0008696943234826146,0.00021841664340708141,0.0002310775959487427,5.4487144706834645e-05
16,Centralized,Backdoor,-0.015148221519134407,0.0017669802607035046,-0.005242222752253572,0.0038244037668223483,0.006943116720209639
16,Centralized,DDoS_HTTP,0.005346558088925416,-0.0006605637609376973,-0.0036210272619427663,-0.013499452186355423,-0.003610221577602323
16,Centralized,DDoS_ICMP,0.014021405216854093,-0.0038299952542009907,-0.0079437297254964,-0.00744047576229119,-0.004868249148645951
16,Centralized,DDoS_TCP,-0.047451393498578395,0.0026244927336364393,-0.007793739595365053,0.026353004679420415,0.025023237490508467
16,Centralized,DDoS_UDP,0.3162239105920647,-0.07745741091518908,-0.045744834300190516,-0.16524993349514389,-0.03681170380425312
16,Centralized,Fingerprinting,-0.031026623847508546,-0.0004143789495493627,-0.031026623847508546,-0.031026623847508546,0.093494250492075
16,Centralized,MITM,0.014809523809523818,0.014809523809523818,0.014809523809523818,0.014809523809523818,-0.13066666666666665
16,Centralized,Normal,0.012025908815569107,-0.0030759848659494254,-0.0028987584039328125,-0.004073133077934238,-0.0020021344050677996
16,Centralized,Password,0.005914286299685501,-0.0072557305977383095,0.0026208320999112503,0.0024091028664879536,-0.008161321898298492
16,Centralized,Port_Scanning,0.11597140141708934,-0.004956378330595073,0.05331071329315602,-0.08403440227511101,-0.08029133410453931
16,Centralized,Ransomware,0.007149944772909692,0.06171286050596682,-0.09286707352125596,-0.11495938917984366,0.01132835133128277
16,Centralized,SQL_injection,-0.04958355882352556,0.02456368376130717,0.022857666234074724,0.034301106070808114,-0.00940726669038736
16,Centralized,Uploading,0.022230902610246028,0.013276694401197378,0.01207971671719882,-0.002716899942248209,0.007427914613357472
16,Centralized,Vulnerability_scanner,-0.005069022040626264,0.009384813898444061,0.007712771758488986,-0.01819138631638075,0.009966765942319841
16,Centralized,XSS,0.0003657129394199558,-0.0008696943234826146,0.00021841664340708141,0.0002310775959487427,5.4487144706834645e-05
17,0,Backdoor,-0.0034269020015700127,0.004042625668042837,0.0030498651641653516,0.005011343555941424,-0.005290137874691875
17,0,DDoS_HTTP,-0.01415804238493143,0.0050119096831854676,0.00724174535520554,0.004432269366260065,0.00703822237397095
17,0,DDoS_ICMP,-1.0904764088337516e-05,4.512708328209825e-05,-8.569289531992949e-05,0.00013716347144609824,-8.569289531992949e-05
17,0,DDoS_TCP,-9.035559401843196e-06,0.00032731058847608555,-0.00046821376184550214,0.0004461680773822881,0.0007123098228580964
17,0,DDoS_UDP,0.0,0.0,0.0,0.0,0.0
17,0,Fingerprinting,-0.03903225806451613,-0.01403225806451613,-0.03903225806451613,0.13112903225806455,-0.03903225806451613
17,0,MITM,0.0,0.0,0.0,0.0,0.0
17,0,Normal,0.00015500066665205352,7.842767352428207e-05,6.172530973969821e-05,0.00016178085937786356,9.51984615502129e-05
17,0,Password,-0.00031591733012221643,0.004478047006785363,0.005517866970282185,-0.0008012904767712516,0.008876287182239933
17,0,Port_Scanning,0.0,0.0,0.0,0.0,0.0
17,0,Ransomware,0.03747817722067358,0.032841972412961454,0.039674203064051776,0.036832455783227656,-0.01705722322745827
17,0,SQL_injection,0.02592342034583734,-0.03854034548988445,-0.000437261247979553,0.055052370329132475,-0.07818673717155479
17,0,Uploading,0.009575756969784143,-0.004879416143932335,0.015691070115637182,-0.0001902956181457698,-0.019769307836712196
17,0,Vulnerability_scanner,0.007136039509491369,-0.007972529266153548,0.006431758622527513,0.00691083597167903,-0.019373672500482306
17,0,XSS,0.0,0.0,0.0,0.0,0.0
17,1,Backdoor,-0.005562423970222717,-0.0008252758778132048,0.002255699228919857,0.0032979697761843433,-0.008856565367740977
17,1,DDoS_HTTP,-0.018396665431870667,0.008774693601951183,0.014173116642426127,-0.006549227701943942,0.006339672063552276
17,1,DDoS_ICMP,1.1822349323078093e-05,0.0001052061975128397,4.921641493887408e-05,-6.588511425048201e-05,-0.00010035984752430985
17,1,DDoS_TCP,-6.070635690660723e-05,-0.00023202728850223452,-0.0005006638208467252,0.0012708865479335604,0.0005231244614798421
17,1,DDoS_UDP,0.0,0.0,0.0,0.0,0.0
17,1,Fingerprinting,-0.023058542413381122,-0.013799283154121862,-0.023058542413381122,0.08297491039426522,-0.023058542413381122
17,1,MITM,-0.006060606060606062,0.0015151515151515156,0.03181818181818183,0.0015151515151515156,-0.028787878787878793
17,1,Normal,-4.1602259432976796e-05,0.000263899444716766,0.00015326690064507154,9.451205693358777e-05,7.999443931381671e-05
17,1,Password,-0.004150576930419378,0.001397925658380176,0.0026570375921714834,-0.00021080670333975722,0.007446237688999859
17,1,Port_Scanning,0.0,0.0,0.0,0.0,0.0
17,1,Ransomware,0.03480804523834255,0.05078764917496167,0.033096756507531674,0.04270142063825825,-0.03438209123720929
17,1,SQL_injection,0.022391713523992624,-0.029102054624006002,0.0010144614482027353,0.04167750112135167,-0.05658136006664575
17,1,Uploading,0.007040010131201545,-0.005115693977125,0.011123410007657175,0.0030362329435944034,-0.014134403847621295
17,1,Vulnerability_scanner,0.006587055475553281,-0.005273431745433636,0.005643315802733491,0.005579299914181953,-0.012960170346298492
17,1,XSS,0.0,0.0,0.0,0.0,0.0
17,2,Backdoor,-0.001517582839300317,0.0030252789130102856,0.002623045618406248,0.001368112007440512,-0.0031947677617289024
17,2,DDoS_HTTP,-0.008014574133471225,0.005960510935349818,0.008154487267801151,-0.001016570404527281,0.007979683364390252
17,2,DDoS_ICMP,8.26252193118715e-05,0.0001574213410525327,0.00010135592901149847,-1.2272422464493227e-05,-0.0001045638624117884
17,2,DDoS_TCP,0.00018074386181753574,-0.0008410957287486032,-0.0006396662667608466,0.0008054671039123181,0.000995186086641638
17,2,DDoS_UDP,0.0,0.0,0.0,0.0,0.0
17,2,Fingerprinting,-0.008333333333333333,-0.008333333333333333,-0.008333333333333333,0.03333333333333333,-0.008333333333333333
17,2,MITM,-0.007264957264957265,0.00662393162393162,0.011383061383061407,0.012937062937062926,-0.023679098679098683
17,2,Normal,0.00012990648958726518,8.189227835563677e-05,4.478506603518006e-05,0.0002037987478029098,0.0001371979868839986
17,2,Password,-0.0004351289690474376,0.00263221944574347,0.003521531454268825,0.0004746585460218967,0.005981405751254412
17,2,Port_Scanning,0.0,0.0,0.0,0.0,0.0
17,2,Ransomware,0.03920187356150972,0.026113329505316803,0.03721446459453762,0.04615080292156632,-0.007803043578335869
17,2,SQL_injection,0.02030809875836317,-0.023467234072681472,0.0032336999774122766,0.0382926732690151,-0.053099105612404905
17,2,Uploading,0.008823297332971285,-0.010193592146142457,0.02571251785300131,-0.0027708969820344365,-0.02030473369788081
17,2,Vulnerability_scanner,0.00664723160591613,-0.004870177123087956,0.005522005476745893,0.005305964354676149,-0.014209712691231018
17,2,XSS,0.0,0.0,0.0,0.0,0.0
17,3,Backdoor,-0.006538054817157896,0.00952265362391752,0.002226367284107215,0.003010958869865112,-0.004710449050329155
17,3,DDoS_HTTP,-0.017768039817742602,0.005607237449225618,0.006116040972589726,-0.0029216043185577643,0.012515462856896939
17,3,DDoS_ICMP,1.2045155140760767e-05,0.0002738277248985177,8.686685506693603e-05,-0.00016025237593730683,-0.00021248735916890767
17,3,DDoS_TCP,-5.782109238471704e-05,-0.0003336587223971029,-0.0005896406423909872,0.0016288563203399405,0.001167205830317151
17,3,DDoS_UDP,0.0,0.0,0.0,0.0,0.0
17,3,Fingerprinting,-0.021155830753353973,-0.012383900928792572,-0.021155830753353973,0.07585139318885449,-0.021155830753353973
17,3,MITM,-0.01878787878787878,0.006969696969696967,0.0736363636363636,-0.0021212121212121184,-0.0596969696969697
17,3,Normal,7.108473513136222e-05,9.393445332432175e-05,0.00015223876428816877,0.00021545989820842548,3.880111356928858e-05
17,3,Password,-0.004217269083672295,0.002906250997725683,0.007414443004980038,0.005117664628670299,0.008955955629341462
17,3,Port_Scanning,0.0,0.0,0.0,0.0,0.0
17,3,Ransomware,0.038581806248024514,0.023297503029611307,0.046822994485896656,0.050082542083188186,-0.018155092272032405
17,3,SQL_injection,0.0037914162220768813,-0.03562930092650376,-0.006190848381180538,0.03212444557249521,-0.0588109023603055
17,3,Uploading,0.016348115313681688,-0.007483032683624848,0.02268236994219811,-0.004158911361376274,-0.047646805575527446
17,3,Vulnerability_scanner,0.004240349998069039,-0.006174215332457637,0.005062894956317454,0.0054259232901675185,-0.015851200856224573
17,3,XSS,0.0,0.0,0.0,0.0,0.0
17,4,Backdoor,0.046632026201089874,-0.005210068516260776,-0.011885079626218608,-0.0038061717861876047,-0.02305968033573933
17,4,DDoS_HTTP,-0.0035146450528221055,-0.004671306968956391,0.013695228243810946,-0.018517773404791504,0.014528959403274085
17,4,DDoS_ICMP,0.021725767731958178,0.018247257776117756,0.0017865616225636038,0.005445489916983561,-0.0260494732289591
17,4,DDoS_TCP,3.107466136761013e-05,-0.0008321055014279451,0.0003730804437374058,0.0008354205181954066,0.000605472306187127
17,4,DDoS_UDP,0.04259901716593718,-0.0013463267792483747,-0.005226272526102218,-0.03375008608959606,0.004535175029282805
17,4,Fingerprinting,-0.03052631578947369,-0.004210526315789475,-0.03052631578947369,0.09578947368421055,-0.03052631578947369
17,4,MITM,0.06989908061712899,-0.011568581074413298,-0.3405494549316123,-0.012256396414673128,0.29447535180356965
17,4,Normal,0.006214958792987588,-0.003880510977369056,0.002749871246129145,-0.006494221962164468,0.0021864749383821197
17,4,Password,0.0073021223862168435,0.010998670720136607,0.01112460636537619,-0.02026563368149482,0.003976890475957655
17,4,Port_Scanning,0.0,0.0,0.0,0.0,0.0
17,4,Ransomware,0.05024224261868508,0.0244661347040525,0.06184619483913957,-0.013664856510504959,0.004303266804768125
17,4,SQL_injection,0.018135007333547653,-0.01858285283579318,0.0008014820960570769,0.032353966647918515,-0.039097379599557544
17,4,Uploading,0.005640828877628438,-0.009991461161096891,0.02876870256493348,-0.002778257608699712,-0.023764141831978218
17,4,Vulnerability_scanner,0.004676325529815578,-0.001796045133807491,0.0038310605090877397,0.00479821847417383,-0.009227224227403834
17,4,XSS,0.002044011473654009,-0.0031828022226946012,0.0006094613650424935,0.0013712168072526907,-0.000841887423254592
17,Aggregated,Backdoor,0.006889190801610418,0.001930600384940114,-0.0006672124899476273,0.0018349236642658548,-0.009525136133706199
17,Aggregated,DDoS_HTTP,-0.012173104165966958,0.00393085956500856,0.00988609298771993,-0.005036854209287178,0.00977790445122666
17,Aggregated,DDoS_ICMP,0.004670497022427745,0.00399803223843724,0.0003745419153509344,0.0011755314927677266,-0.005634484381708526
17,Aggregated,DDoS_TCP,1.6978927299079092e-05,-0.0003828706262963203,-0.0003656957359063554,0.0009971955405791968,0.0008010744713647451
17,Aggregated,DDoS_UDP,0.04244984069929089,-0.0013452529625113895,-0.005193004342317476,-0.03366851979954526,0.004568443205356502
17,Aggregated,Fingerprinting,-0.02506810035842294,-0.010731182795698924,-0.02506810035842294,0.08593548387096775,-0.02506810035842294
17,Aggregated,MITM,0.06927873239313326,0.003383400455984455,-0.28683329036743616,0.00018703715727328246,0.21398412036104514
17,Aggregated,Normal,0.001320662309686103,-0.0006806003563755881,0.0006406896164470525,-0.0011869669841985933,0.0005157727924172147
17,Aggregated,Password,0.00032312801520067346,0.005176189282338263,0.006733765537949263,-0.005213849721554394,0.00707403899929809
17,Aggregated,Port_Scanning,0.0,0.0,0.0,0.0,0.0
17,Aggregated,Ransomware,0.04266941344812585,0.03344935785022057,0.04633373652057579,0.02256671749394953,-0.011774198698207998
17,Aggregated,SQL_injection,0.018066101894774915,-0.02914326681168811,-0.00036498718854751917,0.039931022983503955,-0.05731949356867409
17,Aggregated,Uploading,0.009496497685486006,-0.007535578699215491,0.020743092393947393,-0.001361142967321334,-0.02510281198032361
17,Aggregated,Vulnerability_scanner,0.005860199583839413,-0.005225982067582856,0.005303529684267329,0.005611630134641545,-0.014340650291274026
17,Aggregated,XSS,0.0002529224433944383,-0.00041603900573149985,8.30214213000407e-05,0.0001742421279897961,-9.414698695277522e-05
17,Centralized,Backdoor,0.006889190801610418,0.001930600384940114,-0.0006672124899476273,0.0018349236642658548,-0.009525136133706199
17,Centralized,DDoS_HTTP,-0.012173104165966958,0.00393085956500856,0.00988609298771993,-0.005036854209287178,0.00977790445122666
17,Centralized,DDoS_ICMP,0.004670497022427745,0.00399803223843724,0.0003745419153509344,0.0011755314927677266,-0.005634484381708526
17,Centralized,DDoS_TCP,1.6978927299079092e-05,-0.0003828706262963203,-0.0003656957359063554,0.0009971955405791968,0.0008010744713647451
17,Centralized,DDoS_UDP,0.04244984069929089,-0.0013452529625113895,-0.005193004342317476,-0.03366851979954526,0.004568443205356502
17,Centralized,Fingerprinting,-0.02506810035842294,-0.010731182795698924,-0.02506810035842294,0.08593548387096775,-0.02506810035842294
17,Centralized,MITM,0.06927873239313326,0.003383400455984455,-0.28683329036743616,0.00018703715727328246,0.21398412036104514
17,Centralized,Normal,0.001320662309686103,-0.0006806003563755881,0.0006406896164470525,-0.0011869669841985933,0.0005157727924172147
17,Centralized,Password,0.00032312801520067346,0.005176189282338263,0.006733765537949263,-0.005213849721554394,0.00707403899929809
17,Centralized,Port_Scanning,0.0,0.0,0.0,0.0,0.0
17,Centralized,Ransomware,0.04266941344812585,0.03344935785022057,0.04633373652057579,0.02256671749394953,-0.011774198698207998
17,Centralized,SQL_injection,0.018066101894774915,-0.02914326681168811,-0.00036498718854751917,0.039931022983503955,-0.05731949356867409
17,Centralized,Uploading,0.009496497685486006,-0.007535578699215491,0.020743092393947393,-0.001361142967321334,-0.02510281198032361
17,Centralized,Vulnerability_scanner,0.005860199583839413,-0.005225982067582856,0.005303529684267329,0.005611630134641545,-0.014340650291274026
17,Centralized,XSS,0.0002529224433944383,-0.00041603900573149985,8.30214213000407e-05,0.0001742421279897961,-9.414698695277522e-05
18,0,Backdoor,0.010449578169011995,0.00025420002880161924,-0.014239734253287431,0.003682201593655334,0.005791542635723716
18,0,DDoS_HTTP,0.0013834106613349487,-0.0025730643910912964,0.005234640637750302,-0.008546164737722945,0.001627614611338162
18,0,DDoS_ICMP,0.00021725942986526489,0.00014085386013324246,-6.315378122188076e-05,-7.222548086675366e-06,-0.0002877369606899512
18,0,DDoS_TCP,-0.03213400822359601,0.025892985650656106,-0.03306065850300683,0.019881858960637856,0.019925089593998035
18,0,DDoS_UDP,0.0,0.0,0.0,0.0,0.0
18,0,Fingerprinting,0.027082477435418615,0.164729536258948,-0.009064425770308119,-0.07721257391845628,-0.1055350140056022
18,0,MITM,-0.0038461538461538438,-0.0038461538461538438,0.015384615384615375,-0.0038461538461538438,-0.0038461538461538438
18,0,Normal,0.00025524249602063936,-0.0001309932774891942,-9.07768600689381e-05,-7.889118735414831e-05,-2.1169255012054577e-05
18,0,Password,0.0056839671836811795,-0.0045565031577036895,0.003440849872245827,-0.006682544916900906,-0.010532727788916698
18,0,Port_Scanning,0.10083136493490552,-0.08675555358180749,0.10298123877786784,-0.059433149210222795,-0.05762390092074308
18,0,Ransomware,0.020454453172674292,-0.032021671469687554,0.011630298061155427,-0.009479282236368534,0.004725863909055414
18,0,SQL_injection,-0.03040737649845739,-0.019799330881275525,0.04086785109206925,0.01998577804858437,0.05697870156090511
18,0,Uploading,-0.01375666295240695,0.0052939159010625715,0.008249512888204153,0.003298644025005122,0.006274616393468221
18,0,Vulnerability_scanner,-0.008194234192474848,0.00018731487884631007,0.009013465477287094,0.00014829469547879374,0.006408990428773479
18,0,XSS,0.0,0.0,0.0,0.0,0.0
18,1,Backdoor,0.00373082871824487,0.002248604915780483,-0.013368120650641472,0.006641169275720086,0.005706979531477399
18,1,DDoS_HTTP,0.004823183247486899,-4.118481922287809e-05,0.0049806177805953285,-0.012065424012916019,-0.00466359506230291
18,1,DDoS_ICMP,0.00018763522232151015,-2.1179625757080286e-05,1.9116954633613402e-05,7.548701967206029e-05,-3.6695177175327666e-05
18,1,DDoS_TCP,-0.032316840698930274,0.025957466069299176,-0.03312926132651305,0.01977801017494641,0.02021191870278644
18,1,DDoS_UDP,0.0,0.0,0.0,0.0,0.0
18,1,Fingerprinting,0.009868932063036245,0.10944267460353072,-0.0081011850455921,-0.055605210810487436,-0.055605210810487436
18,1,MITM,0.012121212121212121,0.012121212121212121,-0.018181818181818177,-0.018181818181818177,0.012121212121212121
18,1,Normal,0.0002986488462889699,-0.00019334097407845048,-5.502680721754527e-05,-0.0001348563795835922,-6.844203817278905e-05
18,1,Password,0.0025922564912858317,-0.0029249003482180003,0.001783844140395569,-0.0019447062235861087,-0.004554476380586866
18,1,Port_Scanning,0.09743655116800533,-0.08261381895103818,0.09759467893524126,-0.0572641686013878,-0.05515324255082064
18,1,Ransomware,0.04108541566586394,-0.03743270617014237,-0.022597570994926618,-0.031638271592519036,0.00813175921089667
18,1,SQL_injection,-0.019307818867306245,-0.021970138014398302,0.02978899320437089,0.013133535742253458,0.0407733309209336
18,1,Uploading,-0.007011241250489069,0.003110455743139245,0.00578190556460992,0.0032137280213513915,0.004615098392196428
18,1,Vulnerability_scanner,-0.005914757841253595,-3.4803584007405314e-05,0.004445061702902895,-0.0013721180428106845,0.003300548664432192
18,1,XSS,0.0,0.0,0.0,0.0,0.0
18,2,Backdoor,0.005521780110652493,0.002769525176056971,-0.0146340075909058,0.002551086371820362,0.003791615932375973
18,2,DDoS_HTTP,0.004347515556180518,-0.003759124109847107,0.0059343135784334635,-0.010036622934328342,-0.00065534954774559
18,2,DDoS_ICMP,8.612266467102337e-05,2.921099856066922e-05,-7.1929514468938026e-06,6.739196832871164e-05,4.913468033406199e-05
18,2,DDoS_TCP,-0.0352209189764577,0.027835473585226127,-0.03668790392596837,0.02140125277109394,0.0213588989098619
18,2,DDoS_UDP,0.0,0.0,0.0,0.0,0.0
18,2,Fingerprinting,-0.010634920634920634,0.05365079365079365,-0.003227513227513226,-0.019894179894179895,-0.019894179894179895
18,2,MITM,0.012121212121212121,0.012121212121212121,-0.018181818181818177,-0.018181818181818177,0.012121212121212121
18,2,Normal,0.0001935515174105451,-0.00014128177151424373,-0.00011583087432712191,-5.971038608073206e-05,1.5064199584663429e-05
18,2,Password,0.0036704860235945505,-0.0026179425147661796,0.0019826442879026353,-0.0038887460452764807,-0.006240091570702869
18,2,Port_Scanning,0.09711146044483601,-0.08190731998033839,0.0987089786230469,-0.058835067399889085,-0.05507805168765545
18,2,Ransomware,0.017434823988040624,-0.034942119563597676,-0.007424413252690885,-0.014774891905241632,0.01481710736388734
18,2,SQL_injection,-0.019491754040042494,-0.017796023791762053,0.02779149539771865,0.012239797149455956,0.03536954019412529
18,2,Uploading,-0.015646870365563035,0.008112986746406597,0.01115323967206713,-0.002481768387410497,0.007957993012814258
18,2,Vulnerability_scanner,-0.0055145222159634685,0.00035592825076350234,0.004630106357467693,-0.0013812354661487817,0.003514411450861856
18,2,XSS,0.0,0.0,0.0,0.0,0.0
18,3,Backdoor,0.010988927958319935,0.0020071226357809614,-0.015082462059637836,-0.002235325595033157,0.004321737060570093
18,3,DDoS_HTTP,0.006941594524104188,0.0038599491786173927,0.011579669687483052,-0.014883341297788328,-0.0018882609071448231
18,3,DDoS_ICMP,0.0002887517173190783,-0.0002399134365641542,-4.7979208773057946e-05,0.0004018719351549331,4.630031421696638e-05
18,3,DDoS_TCP,-0.027297578916688093,0.021952605758134427,-0.02886324628332877,0.016869421031494226,0.016522818368116605
18,3,DDoS_UDP,0.0,0.0,0.0,0.0,0.0
18,3,Fingerprinting,-0.015492724867724869,0.08346560846560845,-0.002595899470899471,-0.032688492063492065,-0.032688492063492065
18,3,MITM,0.02282051282051282,0.02282051282051282,-0.024615384615384615,-0.043846153846153854,0.022820512820512822
18,3,Normal,0.00025560539988542794,-0.0002679156194123289,-4.502590394294681e-05,-0.0001171500988193556,-2.5154853795963013e-05
18,3,Password,0.004678134963733886,-0.009200632136227868,0.004256042881253694,-0.003939488674853304,-0.010884921847762918
18,3,Port_Scanning,0.11035991413114415,-0.09389414920001644,0.11197677407762051,-0.06527160894956921,-0.06317093005917902
18,3,Ransomware,0.03039879868138707,-0.03034583800954538,-0.0049193722869945965,-0.012870918380823245,0.020131556489802426
18,3,SQL_injection,-0.0256988497611863,-0.014164001101879646,0.03897750185757132,0.0203117317932273,0.05548111477799279
18,3,Uploading,-0.02444014091785389,0.011842792581029693,0.024792428815455795,0.00599687409055535,0.009524485425268512
18,3,Vulnerability_scanner,-0.007549492384900586,0.0006145223877811449,0.007999623191308867,0.0006640488094232584,0.007016808787611192
18,3,XSS,0.0,0.0,0.0,0.0,0.0
18,4,Backdoor,0.020116356783021424,-0.0187014533109543,-0.0016799742080605639,0.0033750017064767507,-0.0016006284424016396
18,4,DDoS_HTTP,0.008385133328735845,0.0012695273839530776,0.017340707119590418,-0.02042208793148923,-0.007226702800872196
18,4,DDoS_ICMP,0.01833338131768546,0.009009072860647819,-0.01022619701191108,0.014474714194045207,-0.00505046512120688
18,4,DDoS_TCP,-0.035334859097423336,0.02839380102087987,-0.037858636069436465,0.022042442695237297,0.021129117718664787
18,4,DDoS_UDP,0.04373291507059515,-0.009889348085438458,0.0047718437123068485,-0.00260629335877689,-0.03156200094189665
18,4,Fingerprinting,-0.013549261965885573,0.12670319245206674,0.0036132094299954343,-0.058383569958088306,-0.058383569958088306
18,4,MITM,-0.06586538461538463,-0.06586538461538463,0.10721153846153844,0.09038461538461538,-0.06586538461538462
18,4,Normal,0.011900743692110215,-0.0038072633551466933,0.0019512061802671936,-0.0026771334246765495,-0.008698040742865905
18,4,Password,0.0060457649518986046,-0.0042465117067877695,0.003985181737909478,-0.003079200312704218,-0.0073678221857600016
18,4,Port_Scanning,0.09952601527150023,-0.08519090337555407,0.10180341338415766,-0.05900042718507786,-0.05713809809502598
18,4,Ransomware,0.028376396582487872,-0.02874749515044057,0.0008383793041018338,-0.011098102418068212,0.01892428260695902
18,4,SQL_injection,-0.01581183023279261,-0.016856480662087312,0.019921731585679676,0.009050935437293106,0.023914936196675774
18,4,Uploading,-0.009256750066047656,0.0066096390659268756,0.0158249001673808,0.0008973327147079232,0.0053214298421699726
18,4,Vulnerability_scanner,-0.003708042466844556,-8.128470445639505e-05,0.001357669218735195,-0.0004559973524793259,0.00060532015317926
18,4,XSS,0.0009419023429745435,-0.0017676922710019272,0.0006437421521751569,-5.407771261732031e-05,0.0002361254884695472
18,Aggregated,Backdoor,0.010306636044207252,-0.0026692252577956116,-0.011687519478394267,0.0028892733750258913,0.003613164261994728
18,Aggregated,DDoS_HTTP,0.005213380479987217,-0.00021630385290665187,0.009064196580850033,-0.013254438873230382,-0.002566566902603885
18,Aggregated,DDoS_ICMP,0.003968194231293001,0.0018930215562547573,-0.0022114568601060815,0.0031397762526619096,-0.0011334803189933815
18,Aggregated,DDoS_TCP,-0.032462424007097944,0.026005801747256373,-0.033919975503183965,0.019994061445340012,0.019832127032897613
18,Aggregated,DDoS_UDP,0.04343781558282955,-0.009739109677120794,0.0048093964645266295,-0.002579467776895526,-0.03148151819654988
18,Aggregated,Fingerprinting,-0.0004584705912490911,0.11046144363355136,-0.004003466841328158,-0.04993842619092166,-0.05606108001005245
18,Aggregated,MITM,-0.019268325307651157,-0.019268325307651157,0.038382825040128424,0.01942215088282505,-0.019268325307651157
18,Aggregated,Normal,0.002615920715211077,-0.0009129968628264503,0.00034711653114663326,-0.000612319888065845,-0.0018093740013373975
18,Aggregated,Password,0.004546933432688055,-0.0047154647164649585,0.0030976913432885726,-0.003899707248143372,-0.007919029546723142
18,Aggregated,Port_Scanning,0.10107540457577784,-0.08608794335284183,0.10263868807866487,-0.05997344592246057,-0.057652703379140316
18,Aggregated,Ransomware,0.027030999274080383,-0.03267308182163331,-0.003993625304572864,-0.015521329742779663,0.01338245591713954
18,Aggregated,SQL_injection,-0.022193354067733664,-0.0181251791857608,0.03159349358284341,0.015011816072639754,0.04266614022045992
18,Aggregated,Uploading,-0.014007720530889937,0.006995084979181787,0.013118704210299136,0.0021775839396129815,0.006760108791460482
18,Aggregated,Vulnerability_scanner,-0.006189428004596385,0.00020510675322589025,0.005499862450105132,-0.0004761334847195227,0.004175440190063662
18,Aggregated,XSS,0.00011357064799495121,-0.0002186954649993329,7.862245711836244e-05,-4.125057227552289e-06,3.0627417113571544e-05
18,Centralized,Backdoor,0.010306636044207252,-0.0026692252577956116,-0.011687519478394267,0.0028892733750258913,0.003613164261994728
18,Centralized,DDoS_HTTP,0.005213380479987217,-0.00021630385290665187,0.009064196580850033,-0.013254438873230382,-0.002566566902603885
18,Centralized,DDoS_ICMP,0.003968194231293001,0.0018930215562547573,-0.0022114568601060815,0.0031397762526619096,-0.0011334803189933815
18,Centralized,DDoS_TCP,-0.032462424007097944,0.026005801747256373,-0.033919975503183965,0.019994061445340012,0.019832127032897613
18,Centralized,DDoS_UDP,0.04343781558282955,-0.009739109677120794,0.0048093964645266295,-0.002579467776895526,-0.03148151819654988
18,Centralized,Fingerprinting,-0.0004584705912490911,0.11046144363355136,-0.004003466841328158,-0.04993842619092166,-0.05606108001005245
18,Centralized,MITM,-0.019268325307651157,-0.019268325307651157,0.038382825040128424,0.01942215088282505,-0.019268325307651157
18,Centralized,Normal,0.002615920715211077,-0.0009129968628264503,0.00034711653114663326,-0.000612319888065845,-0.0018093740013373975
18,Centralized,Password,0.004546933432688055,-0.0047154647164649585,0.0030976913432885726,-0.003899707248143372,-0.007919029546723142
18,Centralized,Port_Scanning,0.10107540457577784,-0.08608794335284183,0.10263868807866487,-0.05997344592246057,-0.057652703379140316
18,Centralized,Ransomware,0.027030999274080383,-0.03267308182163331,-0.003993625304572864,-0.015521329742779663,0.01338245591713954
18,Centralized,SQL_injection,-0.022193354067733664,-0.0181251791857608,0.03159349358284341,0.015011816072639754,0.04266614022045992
18,Centralized,Uploading,-0.014007720530889937,0.006995084979181787,0.013118704210299136,0.0021775839396129815,0.006760108791460482
18,Centralized,Vulnerability_scanner,-0.006189428004596385,0.00020510675322589025,0.005499862450105132,-0.0004761334847195227,0.004175440190063662
18,Centralized,XSS,0.00011357064799495121,-0.0002186954649993329,7.862245711836244e-05,-4.125057227552289e-06,3.0627417113571544e-05
19,0,Backdoor,0.030077097982469478,0.02139293352956322,-0.08267529841285826,0.0011455027328825733,0.022352635073530545
19,0,DDoS_HTTP,0.014770101066798968,9.76054454709709e-05,-0.009200690300372284,-0.03486094739889019,0.01993838454171055
19,0,DDoS_ICMP,-0.00014798515833623903,-2.4950988829280928e-05,-0.00011070057984690998,0.00022598849041856052,5.7648236593869456e-05
19,0,DDoS_TCP,-0.00016134163242421487,0.0001499815236224352,-0.0006013995795732715,4.188868745510129e-05,6.560352223077455e-05
19,0,DDoS_UDP,0.0,0.0,0.0,0.0,0.0
19,0,Fingerprinting,-0.05005050505050505,0.17925102417362476,-0.12930747099477743,0.04561200237670824,-0.04550505050505049
19,0,MITM,0.03717948717948714,-0.0012820512820512812,-0.033333333333333305,0.02435897435897434,-0.026923076923076893
19,0,Normal,0.00025842451654249735,0.00025309051295911803,-0.0007255530683713855,5.7735261572476144e-05,0.0001587631049527897
19,0,Password,0.005974809918036146,-0.0012526519998105543,-0.0020719286348906893,0.0002678913660128443,0.004691016445387163
19,0,Port_Scanning,0.0,0.0,0.0,0.0,0.0
19,0,Ransomware,0.05903298596246132,0.057815206228967166,-0.20598904997736114,0.043426656974687755,0.05381997451398878
19,0,SQL_injection,-0.036979070329683665,-0.03015816585798942,0.04637138523646607,-0.02106653827972301,0.04154815505864748
19,0,Uploading,0.005984444973750707,0.0005654025180686833,0.006741368197614256,-0.016657109208809074,0.003365893519375449
19,0,Vulnerability_scanner,-0.004483248387785138,-0.0031238672721459063,0.005565084550430222,-0.0037675771640463596,0.005809608273547182
19,0,XSS,0.0,0.0,0.0,0.0,0.0
19,1,Backdoor,0.028811652774495575,0.02367175441833159,-0.08202307324819312,0.001837831833423507,0.02887787191286815
19,1,DDoS_HTTP,0.010831964806465573,0.007135961894835825,-0.006330935987914565,-0.03805501713433142,0.016516676200083846
19,1,DDoS_ICMP,9.0128998860813e-06,-0.00016664360794195384,8.996067085909054e-06,0.00010232059015083025,4.631405081913324e-05
19,1,DDoS_TCP,0.0002833095732164207,-0.00022583278291128013,0.00019545439894411338,0.0006888051818639939,-0.0006313283915588534
19,1,DDoS_UDP,0.0,0.0,0.0,0.0,0.0
19,1,Fingerprinting,-0.04064499484004127,0.12836945304437564,-0.060252837977296185,0.005433436532507741,-0.03290505675954593
19,1,MITM,-0.012121212121212125,0.003030303030303031,0.06363636363636363,-0.019696969696969702,0.05606060606060606
19,1,Normal,0.00020582750245615362,0.00029899160923955727,-0.0006970291132418372,6.885621172571891e-05,0.00012335378982040736
19,1,Password,0.002946126932371025,-0.0010627073948880073,-0.0022024154275335816,0.0005304641316481196,0.0023159947085238755
19,1,Port_Scanning,0.0,0.0,0.0,0.0,0.0
19,1,Ransomware,0.0644717730205036,0.057768448221669134,-0.18410687474827875,0.06234819725879222,0.038643887777808535
19,1,SQL_injection,-0.028806000701104045,-0.018649349444043666,0.03731333342577324,-0.022729177206888433,0.03264640220983767
19,1,Uploading,0.004560020363294896,-7.572667008773394e-05,0.004914261109654775,-0.01011439763201673,0.0007158428291548053
19,1,Vulnerability_scanner,-0.002328719006521901,-0.0008545718102014321,0.0034430154041353946,-0.0032582339527568636,0.0029985093653448016
19,1,XSS,0.0,0.0,0.0,0.0,0.0
19,2,Backdoor,0.024915032259958378,0.015415179487510129,-0.06145039063731967,-0.001245050125759863,0.021210935962773465
19,2,DDoS_HTTP,0.019018756356627524,0.005277483411596339,-0.01732143835191331,-0.04029783142353805,0.02157161757784902
19,2,DDoS_ICMP,4.241775696245953e-05,-0.00020644765590107638,7.976088896619605e-05,2.3221971381193195e-05,6.104703859122763e-05
19,2,DDoS_TCP,0.0010311624008877863,0.00019635842843200856,-4.490305162053731e-05,0.0011085024411933875,2.5322422818957468e-05
19,2,DDoS_UDP,0.0,0.0,0.0,0.0,0.0
19,2,Fingerprinting,-0.027387914230019496,0.10029239766081871,-0.027387914230019496,-0.01812865497076023,-0.027387914230019496
19,2,MITM,-0.0018065268065268166,0.01324786324786324,0.03548951048951051,0.0033411033411033185,0.04063714063714065
19,2,Normal,0.0002691713595559031,0.0002367541992658928,-0.0006099874713923332,-8.564198268403341e-06,0.00020872116803404098
19,2,Password,0.005769432297094957,-0.002963847438688638,-0.0017511413859434674,0.0009184949879615836,0.00308010325760976
19,2,Port_Scanning,0.0,0.0,0.0,0.0,0.0
19,2,Ransomware,0.0679653277818743,0.05987109300723482,-0.19623935178510626,0.037511489982586424,0.06267678673064493
19,2,SQL_injection,-0.02601943424861831,-0.016270673901633368,0.035105370498554375,-0.022750041134234383,0.02952333677966205
19,2,Uploading,0.006843598634880299,0.0064758098620512055,0.005255549465827866,-0.018188277557474233,0.006323276304671612
19,2,Vulnerability_scanner,-0.002913195974390133,-0.0007928556835764655,0.003788193460496227,-0.0033152602687764156,0.003233118466246787
19,2,XSS,0.0,0.0,0.0,0.0,0.0
19,3,Backdoor,0.03174007021449281,0.024166458331497092,-0.07789120707683898,0.0024741534900098784,0.02187397523773221
19,3,DDoS_HTTP,0.01665273668920851,0.007403310951603652,-0.009911065512766166,-0.04186152544684767,0.01778781849076475
19,3,DDoS_ICMP,-1.9557043369685297e-05,-0.0006700373307644317,0.00026141267125560084,0.00020457742065702612,0.0002236042822214901
19,3,DDoS_TCP,0.0003195083852440698,-0.0001516280042438367,0.0007981188964961102,0.0009307547865897585,-7.876306557022909e-05
19,3,DDoS_UDP,0.0,0.0,0.0,0.0,0.0
19,3,Fingerprinting,-0.023467860115643533,0.09128401527452973,-0.04204371150883238,-0.008861007273496568,-0.01691143637655725
19,3,MITM,0.014358974358974338,0.009230769230769228,0.11051282051282048,-0.034358974358974365,0.1002564102564102
19,3,Normal,0.0002729789638340955,0.00023744947442833249,-0.0006965639881399773,0.00011096792357579063,0.00024032655988491248
19,3,Password,0.006260063934002327,-0.0006784601411456458,-0.005696457067546573,-0.0002481743399593894,0.005421107533842443
19,3,Port_Scanning,0.0,0.0,0.0,0.0,0.0
19,3,Ransomware,0.0649045625638961,0.052120539561689654,-0.20217184132365473,0.021680689835535456,0.05420146779025976
19,3,SQL_injection,-0.026709451251013306,-0.031149543184586227,0.03497826504790609,-0.010461804939768775,0.03526854724584153
19,3,Uploading,0.006288117053645949,0.0035819707286493065,0.009201862862743743,-0.026865986890106126,0.008604565527020465
19,3,Vulnerability_scanner,-0.002777812786129193,-0.004160501172668691,0.003225649342819257,-0.0010437715089720708,0.004032248715755476
19,3,XSS,0.0,0.0,0.0,0.0,0.0
19,4,Backdoor,0.04545238222674548,0.02351407911868398,-0.07748910121006541,0.00025862928160211665,0.01406595624179185
19,4,DDoS_HTTP,0.015897389289643477,0.0007959009794842792,-0.0032230669589915126,-0.04689632133574923,0.018435396388736827
19,4,DDoS_ICMP,-0.0005124830317615736,0.004765934832175338,-0.003155919664901863,-0.00037630823710142297,-0.0004994616793472517
19,4,DDoS_TCP,0.0004716048625959498,7.24891462114278e-05,0.0008523938494366353,0.0013359710623731405,-8.87047897513371e-05
19,4,DDoS_UDP,0.10812811662325077,-0.001921617142061279,-0.09761876572983033,0.006429228793164318,-0.029548370855146344
19,4,Fingerprinting,-0.04435556392078131,0.16335299161386121,-0.08139260095781836,-0.012609532174749567,-0.024995294560511958
19,4,MITM,0.153892182576549,-0.022890571035045392,-0.6484611671535431,0.24167791853850287,-0.6005070227202782
19,4,Normal,0.00933044200031562,-0.005492496059687883,-0.0029525643732058867,-0.010489802488937468,0.006651718143746253
19,4,Password,0.004545305118117282,0.0008423620234158292,-0.0036765260972433443,-0.0031715923472151715,0.0034166788724965215
19,4,Port_Scanning,0.0,0.0,0.0,0.0,0.0
19,4,Ransomware,0.0548020162796784,0.04614860661865969,-0.1965251818283533,0.023133990263688366,0.051315027540785804
19,4,SQL_injection,-0.020408347268179215,-0.014647383961169184,0.02777187322515374,-0.015502120355872766,0.022785978360067405
19,4,Uploading,0.0025950436795092687,0.004705840032377326,0.006841047535334105,-0.01890959100859713,0.01125266319094553
19,4,Vulnerability_scanner,-0.0009651514674205645,-0.0006430050497280867,0.0018039657441874413,-0.0010245036230970487,0.0008286943960582586
19,4,XSS,0.006481053686698711,-0.004165887534117542,0.00021525148215880186,-0.00029483410616249763,-0.0022355835285774706
19,Aggregated,Backdoor,0.03231083847228049,0.02164346765928243,-0.07623185419946125,0.0008501267258486304,0.021515122586137768
19,Aggregated,DDoS_HTTP,0.015477175295845084,0.004150952362355525,-0.009174023999659227,-0.04046057489300998,0.018841698598939596
19,Aggregated,DDoS_ICMP,-0.0001400429651694457,0.0007630651389687475,-0.0005944878402252311,3.7721228383391646e-05,-2.14633753839677e-05
19,Aggregated,DDoS_TCP,0.00038916471088005963,8.243696930221311e-06,0.000240272221039306,0.0008208590738569222,-0.00014153720040179968
19,Aggregated,DDoS_UDP,0.10803474222998939,-0.0019130305383125176,-0.09758334764827668,0.006443180419569738,-0.029512952773592768
19,Aggregated,Fingerprinting,-0.03762669314680475,0.1336985508347415,-0.06996669598489191,0.003386421955799648,-0.029491583658844463
19,Aggregated,MITM,0.21952680428122762,0.024797395984898767,-0.5116633868001279,0.2351786483482386,-0.48261778693738966
19,Aggregated,Normal,0.002117213531635733,-0.0009169261298717646,-0.00114928494955982,-0.0021015023226404195,0.0015103890211338826
19,Aggregated,Password,0.005154871692574707,-0.0009528506925102774,-0.003172922200724307,-0.0004391615714390803,0.0038438213530055092
19,Aggregated,Port_Scanning,0.0,0.0,0.0,0.0,0.0
19,Aggregated,Ransomware,0.06218734716263333,0.05460054567050212,-0.197066155023076,0.03711308744071666,0.052244690137053136
19,Aggregated,SQL_injection,-0.027853671983468997,-0.022278666222154866,0.036407861594539424,-0.01845475806720355,0.032396395514100715
19,Aggregated,Uploading,0.005260800457210368,0.0030465491228784556,0.006585571351042296,-0.018126070172049893,0.006028698783910256
19,Aggregated,Vulnerability_scanner,-0.002694681628902921,-0.0019196054371312166,0.0035677714143305525,-0.002480232893386434,0.003385591057791537
19,Aggregated,XSS,0.0008216914477972676,-0.0005390156953663305,3.0027330797573885e-05,-3.424905680894733e-05,-0.00027845402641956383
19,Centralized,Backdoor,0.03231083847228049,0.02164346765928243,-0.07623185419946125,0.0008501267258486304,0.021515122586137768
19,Centralized,DDoS_HTTP,0.015477175295845084,0.004150952362355525,-0.009174023999659227,-0.04046057489300998,0.018841698598939596
19,Centralized,DDoS_ICMP,-0.0001400429651694457,0.0007630651389687475,-0.0005944878402252311,3.7721228383391646e-05,-2.14633753839677e-05
19,Centralized,DDoS_TCP,0.00038916471088005963,8.243696930221311e-06,0.000240272221039306,0.0008208590738569222,-0.00014153720040179968
19,Centralized,DDoS_UDP,0.10803474222998939,-0.0019130305383125176,-0.09758334764827668,0.006443180419569738,-0.029512952773592768
19,Centralized,Fingerprinting,-0.03762669314680475,0.1336985508347415,-0.06996669598489191,0.003386421955799648,-0.029491583658844463
19,Centralized,MITM,0.21952680428122762,0.024797395984898767,-0.5116633868001279,0.2351786483482386,-0.48261778693738966
19,Centralized,Normal,0.002117213531635733,-0.0009169261298717646,-0.00114928494955982,-0.0021015023226404195,0.0015103890211338826
19,Centralized,Password,0.005154871692574707,-0.0009528506925102774,-0.003172922200724307,-0.0004391615714390803,0.0038438213530055092
19,Centralized,Port_Scanning,0.0,0.0,0.0,0.0,0.0
19,Centralized,Ransomware,0.06218734716263333,0.05460054567050212,-0.197066155023076,0.03711308744071666,0.052244690137053136
19,Centralized,SQL_injection,-0.027853671983468997,-0.022278666222154866,0.036407861594539424,-0.01845475806720355,0.032396395514100715
19,Centralized,Uploading,0.005260800457210368,0.0030465491228784556,0.006585571351042296,-0.018126070172049893,0.006028698783910256
19,Centralized,Vulnerability_scanner,-0.002694681628902921,-0.0019196054371312166,0.0035677714143305525,-0.002480232893386434,0.003385591057791537
19,Centralized,XSS,0.0008216914477972676,-0.0005390156953663305,3.0027330797573885e-05,-3.424905680894733e-05,-0.00027845402641956383
20,0,Backdoor,-0.030236211816301466,0.007026567908213304,0.012845138760665904,0.014629715658625763,0.002993829682370988
20,0,DDoS_HTTP,6.585324581905398e-05,0.0038587904878572316,0.009029751501530884,0.006309799371109638,-0.010274411033255904
20,0,DDoS_ICMP,0.00013531820444535048,0.00022585263679197515,-3.3047609867437046e-05,-0.00018275864849284229,-0.0001453645828770463
20,0,DDoS_TCP,0.000855969022965795,0.0015199779462734505,-0.004641711418384906,0.00038979850745539483,0.0018759659416902664
20,0,DDoS_UDP,0.0,0.0,0.0,0.0,0.0
20,0,Fingerprinting,0.01972175536881419,0.16888141923436042,-0.033144724556489265,-0.07282726423902894,-0.0826311858076564
20,0,MITM,0.0076923076923076875,-0.03076923076923075,0.0012820512820512812,0.0205128205128205,0.0012820512820512812
20,0,Normal,-0.00019892141961532956,5.987140131543297e-06,1.4824683377854624e-05,2.7776356440138242e-05,0.00026376885349094583
20,0,Password,0.000558163210478918,-0.0002409808184526167,-0.0039383395713141305,0.0022667287997991353,0.0038768135957203535
20,0,Port_Scanning,-0.0031265228246001656,-0.013200004527467162,0.02369566977278729,-3.673897882770528e-05,-0.007332403441892254
20,0,Ransomware,-0.13132870285307877,0.021323126850127584,0.03763964115038904,0.03716832563370862,0.03519760921885367
20,0,SQL_injection,0.01172030542953842,-0.03824243173503838,0.0072240585977047835,0.00998736212139862,0.007067422432955524
20,0,Uploading,0.012027359103772077,-0.014402600871287028,0.008849467109707184,0.007493379994811287,-0.007585567440766102
20,0,Vulnerability_scanner,0.0010488023291413072,-0.004458174182934515,0.0010561144951755307,0.0012468539861666442,0.0011064033724510333
20,0,XSS,0.0,0.0,0.0,0.0,0.0
20,1,Backdoor,-0.033372198926225984,0.004379601127728732,0.010294145115312887,0.013856120052525353,0.0024947119370307374
20,1,DDoS_HTTP,0.004007434655948338,-0.0010851317653637607,0.00487303446619039,0.007144549746367773,-0.00831815556121938
20,1,DDoS_ICMP,7.93462776338368e-05,-7.490669524868136e-05,-5.1304934187816156e-05,-0.0001261435865618536,-5.1355455330261605e-05
20,1,DDoS_TCP,0.0009660636723633487,0.0012676006567694336,-0.0027411799942335577,-0.001333423119075509,0.0018409387841762843
20,1,DDoS_UDP,0.0,0.0,0.0,0.0,0.0
20,1,Fingerprinting,-0.01846282372598162,0.11896407685881369,-0.015956558061821217,-0.04227234753550543,-0.042272347535505427
20,1,MITM,-0.030303030303030314,0.015151515151515159,-0.02272727272727274,-0.06060606060606059,0.007575757575757579
20,1,Normal,-0.0002523301080892974,-2.4210563242954562e-05,2.203098756631642e-05,5.001239676761064e-05,0.0003599572739272213
20,1,Password,-0.0016679721458445138,-0.0020869617003621485,-0.003116738587605648,0.005920308705279061,0.0034718830991213928
20,1,Port_Scanning,-0.0013317479127834017,-0.0108912354063545,0.02544961672397132,-0.006620947960047966,-0.00660568544478545
20,1,Ransomware,-0.12692426160664894,0.008148302946283879,0.03140061128321749,0.036141556514663845,0.05123379086248371
20,1,SQL_injection,0.008335369452747586,-0.03027985022759822,0.006925678345320511,0.007589911391430578,0.006536556747365862
20,1,Uploading,0.006758072029590408,-0.009863098143643232,0.007276436757519574,0.004643042405814095,-0.004005343258745755
20,1,Vulnerability_scanner,0.0007850719825678273,-0.00300142979961411,0.0005862427497262087,0.000989806760310737,0.000640308307009337
20,1,XSS,0.0,0.0,0.0,0.0,0.0
20,2,Backdoor,-0.022953520016839028,0.0017934964079233265,0.01035056581657123,0.007811573475640974,0.0018480914317131948
20,2,DDoS_HTTP,0.00031462091722466633,0.00010957851441208422,0.009180956497508328,0.006861488668882925,-0.009230177361560796
20,2,DDoS_ICMP,9.00606335556442e-05,0.00016360111557627287,-0.00019063840692633006,-0.00020936068696362776,-7.833001568953168e-05
20,2,DDoS_TCP,-0.00012170202638213668,0.0015499619883334518,-0.0030996553539098786,-0.0003227035185780288,0.001994098910536592
20,2,DDoS_UDP,0.0,0.0,0.0,0.0,0.0
20,2,Fingerprinting,-0.018582375478927205,0.10210727969348658,-0.02784163473818646,-0.027841634738186464,-0.02784163473818646
20,2,MITM,-0.02389277389277391,0.015151515151515155,-0.02272727272727273,-0.054195804195804186,-0.005244755244755233
20,2,Normal,-0.00018753095437214115,8.244776032804158e-05,4.13664069452017e-05,3.47509602560192e-05,0.00016433638583703095
20,2,Password,0.0004329842885262017,-0.0007833630289026635,-0.004017408260938094,0.003336953438568772,0.003071441663959931
20,2,Port_Scanning,-0.0028715131218842124,-0.013427243341516655,0.024040456916881277,-0.0012234832525418453,-0.0065182172009385616
20,2,Ransomware,-0.1250962829263457,0.01772481865387372,0.04414020329835141,0.03995557735352029,0.030334751408413064
20,2,SQL_injection,0.006863248957849264,-0.02779255655031317,0.0067035165524101745,0.007996423102151025,0.005211926077437582
20,2,Uploading,0.006547116286929392,-0.013313922262764647,0.012503730224709813,0.003496140505097493,-0.007052990631451885
20,2,Vulnerability_scanner,0.001094764786485201,-0.002701967987538345,0.0007170496580975664,-8.249824828341542e-05,0.0009726517912389931
20,2,XSS,0.0,0.0,0.0,0.0,0.0
20,3,Backdoor,-0.0342816797789779,0.0033852091586760763,0.01577602234233139,0.01490487755774801,0.007893113906402948
20,3,DDoS_HTTP,0.007378855510542141,0.0008866159446669167,0.008711508627257747,0.006348738512002438,-0.014164093702507253
20,3,DDoS_ICMP,0.0002481577859256364,-0.00017054140527028767,-8.821789618755349e-05,-0.00020053475126357393,-1.3429937703842339e-05
20,3,DDoS_TCP,-0.0007881833958643521,0.00204288400344542,-0.0037072745993579847,-0.0009950300892478058,0.002445593124780419
20,3,DDoS_UDP,0.0,0.0,0.0,0.0,0.0
20,3,Fingerprinting,-0.01231264709525579,0.09594946116685248,-0.015533259011519881,-0.0340517775300384,-0.0340517775300384
20,3,MITM,-0.05405594405594405,0.004801864801864812,-0.0437995337995338,-0.12981351981351968,0.022867132867132864
20,3,Normal,-0.0003205738103427576,1.236172753074453e-05,5.445402962280244e-05,2.631060132060418e-05,0.000343299220109633
20,3,Password,-0.0009441492924439844,-0.0028001672675907773,-0.0061144388290290735,0.009008211621465784,0.008385482629339715
20,3,Port_Scanning,-0.003951347273782238,-0.010779530829008678,0.028824429567030928,-0.006527770424777961,-0.007565781039462051
20,3,Ransomware,-0.12413216122976924,0.017135430442814396,0.05105520726885671,0.04631753358478214,0.02352541015052579
20,3,SQL_injection,0.011057994842065424,-0.03471455461735928,0.009441375147859643,0.009601540259633822,0.006510475272264883
20,3,Uploading,0.013312555011339978,-0.024964530756430993,0.012636585267423195,0.00944479503248661,-0.007546466016751752
20,3,Vulnerability_scanner,0.0003031664586593282,-0.004901698481133984,0.0006275335265322961,0.003854609166696103,0.00011638932924625626
20,3,XSS,0.0,0.0,0.0,0.0,0.0
20,4,Backdoor,-0.0197710228355737,-0.01121705540118303,0.020550019062070532,0.012844334950666418,-0.00705667336303796
20,4,DDoS_HTTP,0.01535648586305465,-0.0036060044769901972,0.010348104160454785,0.00981048066357081,-0.02525606354560961
20,4,DDoS_ICMP,0.02436835007678228,0.021932431912131355,-0.01751445956792551,-0.031124195801717224,-0.007109157840535217
20,4,DDoS_TCP,-6.057221799978622e-05,0.001015254391367837,-0.003130711948620905,-0.00030364289817066216,0.001464052274635519
20,4,DDoS_UDP,0.07217953103086304,-0.028647781159694307,0.012852041763880067,0.0012656328613468123,-0.05437663938283592
20,4,Fingerprinting,-0.010045646669687594,0.14490930828526738,-0.020190574205919475,-0.07204242605777132,-0.042630661351888983
20,4,MITM,0.5977743414307974,-0.13845814658433528,-0.048311781359991306,0.6749642406016875,-0.2096799942943433
20,4,Normal,0.0019245824489685685,-0.0007622340696115448,0.0023552456205532756,-0.006345156028211901,0.0031163189424139445
20,4,Password,0.03766644933763022,0.0016067088279035754,-0.005774949193807514,-0.002899593617937522,-0.030598615353788754
20,4,Port_Scanning,-0.0017326048904865233,-0.01648763055526685,0.028880492422079417,-0.0016498714813824123,-0.00901038549494363
20,4,Ransomware,-0.11980540424667771,0.02154908301747037,0.04408913397241022,0.0443533500347945,0.01938194353429489
20,4,SQL_injection,0.006456809020306361,-0.019942666086625028,0.0029687884250558165,0.006271966347275317,0.0037624556352187145
20,4,Uploading,0.00749305630567786,-0.014899563228739024,0.009248349041012873,0.0012945134430857482,-0.00848871363445254
20,4,Vulnerability_scanner,-8.697672987443838e-05,-0.001054107601526949,2.2237187050418625e-05,0.0013879189609688832,-0.00026907181661791436
20,4,XSS,0.003202352908659532,-0.00018051333277437816,0.0004497232412657525,-0.0019119591058340516,-0.0015596037113168551
20,Aggregated,Backdoor,-0.028009344266534175,0.0008587186616313997,0.014077502134978482,0.012889377054520694,0.0015604986371053555
20,Aggregated,DDoS_HTTP,0.00548928923392717,5.465390411275306e-05,0.008458919516593943,0.007314692833016601,-0.013587342607223
20,Aggregated,DDoS_ICMP,0.0053065786646658486,0.00475097742404381,-0.003791366921366888,-0.006801715145770972,-0.001520754152272937
20,Aggregated,DDoS_TCP,0.00017133815493049486,0.001479434517821008,-0.0034624710148259243,-0.0005146794524024408,0.0019236319456741294
20,Aggregated,DDoS_UDP,0.07204752826835285,-0.028602706283268615,0.012881017721567785,0.0012946088275079704,-0.054347663420600316
20,Aggregated,Fingerprinting,-0.0070358745816484925,0.1274331899871877,-0.02226181403926644,-0.051050992291545326,-0.04708450907472743
20,Aggregated,MITM,0.46610537045546857,-0.17500017407774673,-0.0753776473173635,0.5146558018799067,-0.21560502581711236
20,Aggregated,Normal,0.0001999692007646973,-0.00013683454193367435,0.0005036070290907395,-0.0012614320180605117,0.0008566576721163473
20,Aggregated,Password,0.010966103002128592,-0.0004900189903676489,-0.0046491204737468955,0.0027052989134873306,-0.005623548358576761
20,Aggregated,Port_Scanning,-0.0026047239258285707,-0.012966472962693957,0.02618804714216881,-0.0032062777327136723,-0.0074105725209326085
20,Aggregated,Ransomware,-0.1254100529606838,0.01725058732676981,0.041812784307001104,0.04085882723856744,0.03158738132032967
20,Aggregated,SQL_injection,0.008903024448031609,-0.030259790902844075,0.006663390215232295,0.008298090217902447,0.005906248748238182
20,Aggregated,Uploading,0.009206541357635406,-0.015461746639152044,0.01010109123551033,0.005271127323696296,-0.006934469145708885
20,Aggregated,Vulnerability_scanner,0.0006305582247140617,-0.003228846515668325,0.0006036187820694427,0.0014813415724940827,0.0005133279363907377
20,Aggregated,XSS,0.0003872906150512946,-2.0330111702421388e-05,5.727318732014879e-05,-0.000235399179756851,-0.00018883451091217102
20,Centralized,Backdoor,-0.028009344266534175,0.0008587186616313997,0.014077502134978482,0.012889377054520694,0.0015604986371053555
20,Centralized,DDoS_HTTP,0.00548928923392717,5.465390411275306e-05,0.008458919516593943,0.007314692833016601,-0.013587342607223
20,Centralized,DDoS_ICMP,0.0053065786646658486,0.00475097742404381,-0.003791366921366888,-0.006801715145770972,-0.001520754152272937
20,Centralized,DDoS_TCP,0.00017133815493049486,0.001479434517821008,-0.0034624710148259243,-0.0005146794524024408,0.0019236319456741294
20,Centralized,DDoS_UDP,0.07204752826835285,-0.028602706283268615,0.012881017721567785,0.0012946088275079704,-0.054347663420600316
20,Centralized,Fingerprinting,-0.0070358745816484925,0.1274331899871877,-0.02226181403926644,-0.051050992291545326,-0.04708450907472743
20,Centralized,MITM,0.46610537045546857,-0.17500017407774673,-0.0753776473173635,0.5146558018799067,-0.21560502581711236
20,Centralized,Normal,0.0001999692007646973,-0.00013683454193367435,0.0005036070290907395,-0.0012614320180605117,0.0008566576721163473
20,Centralized,Password,0.010966103002128592,-0.0004900189903676489,-0.0046491204737468955,0.0027052989134873306,-0.005623548358576761
20,Centralized,Port_Scanning,-0.0026047239258285707,-0.012966472962693957,0.02618804714216881,-0.0032062777327136723,-0.0074105725209326085
20,Centralized,Ransomware,-0.1254100529606838,0.01725058732676981,0.041812784307001104,0.04085882723856744,0.03158738132032967
20,Centralized,SQL_injection,0.008903024448031609,-0.030259790902844075,0.006663390215232295,0.008298090217902447,0.005906248748238182
20,Centralized,Uploading,0.009206541357635406,-0.015461746639152044,0.01010109123551033,0.005271127323696296,-0.006934469145708885
20,Centralized,Vulnerability_scanner,0.0006305582247140617,-0.003228846515668325,0.0006036187820694427,0.0014813415724940827,0.0005133279363907377
20,Centralized,XSS,0.0003872906150512946,-2.0330111702421388e-05,5.727318732014879e-05,-0.000235399179756851,-0.00018883451091217102
21,0,Backdoor,0.006516375814263202,0.003437914351325268,-0.012700502064772228,0.005659824419093479,0.0013880409281342876
21,0,DDoS_HTTP,0.011957556324035726,-0.008338970083917985,0.0013686595387714328,0.006836585801266074,-0.008684505289543312
21,0,DDoS_ICMP,4.496928286150855e-05,-4.851588117798141e-05,-0.0001420515663599168,0.00019416456699681653,-4.856640232042686e-05
21,0,DDoS_TCP,0.015569256426359139,-0.026561557555671442,-0.019682272922925216,0.015202949532071438,0.015471624520166068
21,0,DDoS_UDP,0.0,0.0,0.0,0.0,0.0
21,0,Fingerprinting,-0.01180410920349001,-0.004786565343840884,-0.04792382024580166,0.11243831503893423,-0.047923820245801656
21,0,MITM,0.012820512820512811,0.0,0.012820512820512811,-0.012820512820512811,-0.012820512820512811
21,0,Normal,0.00018068064964438802,4.50565910711113e-05,-1.0458548840699041e-05,6.737078732830249e-05,8.998463952623973e-05
21,0,Password,0.0044075279628642845,-0.004342349045453053,0.00850139883735712,0.0028443760557774764,0.0020415329718431728
21,0,Port_Scanning,-0.03781748616085965,0.05329697167046564,0.06015548681211332,-0.03781748616085965,-0.03781748616085965
21,0,Ransomware,0.000713929084651116,0.0008933985661143802,-0.0021456267939398937,-0.0017116443992518252,-0.004542114973770241
21,0,SQL_injection,0.01310645316580721,-0.04004601517746751,0.010564140288812243,0.012796446307515938,0.005538883110002036
21,0,Uploading,0.0062992517225085535,-0.008230351516507195,0.0022836145647599005,-0.0029995544383597935,-0.0001248899253897933
21,0,Vulnerability_scanner,0.0014531540781299293,-0.005165188951036998,0.0014583187231831274,0.0013264577262814528,0.0009272584234424878
21,0,XSS,0.0,0.0,0.0,0.0,0.0
21,1,Backdoor,0.007948591519823288,0.002289273395228503,-0.0204206702357417,0.0044054820165801666,0.00432266262891679
21,1,DDoS_HTTP,0.014738313281817307,-0.00855047398060159,0.004219861573337479,0.004249849724746681,-0.004411529054002914
21,1,DDoS_ICMP,7.117204173502923e-05,-2.2313122304460733e-05,-4.101857151244485e-05,7.057228921011719e-05,0.00014595175656653507
21,1,DDoS_TCP,0.016724239672881763,-0.028422757188561718,-0.019500876772158664,0.01580695470731273,0.015392439580525885
21,1,DDoS_UDP,0.0,0.0,0.0,0.0,0.0
21,1,Fingerprinting,-0.00803921568627451,-0.00803921568627451,-0.017843137254901963,0.05176470588235295,-0.017843137254901963
21,1,MITM,-0.015151515151515155,0.03030303030303029,0.0,0.0,0.07575757575757579
21,1,Normal,0.00017200911204292568,-1.126926859767637e-05,9.021194314596063e-05,4.33302725760291e-05,3.901828452748113e-05
21,1,Password,0.004578392184549358,-0.006505676081528956,0.013365128250449103,-0.0007333714525410545,0.0005748981345401541
21,1,Port_Scanning,-0.036724287574135685,0.05146704276966103,0.05870581995274603,-0.036724287574135685,-0.036724287574135685
21,1,Ransomware,-0.008255670620656123,0.008196243613674638,-0.007089104735607932,0.009156434521490146,0.006754419236433383
21,1,SQL_injection,0.009063621190783721,-0.02890177187352443,0.007641385448164868,0.008320310308682449,0.005219062194619965
21,1,Uploading,0.006155939125717515,-0.007236706665623112,0.002844143208930218,-0.0041509819465801335,2.5189383941456866e-06
21,1,Vulnerability_scanner,0.0013601815458947248,-0.003497644523802662,0.0005638501572444258,0.0002549537621917379,0.0013186590584717735
21,1,XSS,0.0,0.0,0.0,0.0,0.0
21,2,Backdoor,0.008771729639563101,0.00047290250000755856,-0.00942245218379819,0.006573333249317514,0.0018097544861018018
21,2,DDoS_HTTP,0.013253949080804543,-0.0071614927263666025,0.0018707300917157213,0.007105058513650683,-0.006384032309585999
21,2,DDoS_ICMP,5.976256110467593e-05,-7.107368369003165e-05,-5.225840524420433e-05,7.841709164848609e-05,0.00020981979662864635
21,2,DDoS_TCP,0.015531670206256527,-0.01837392071574797,-0.024053903177183242,0.01339403228911575,0.013000169313680225
21,2,DDoS_UDP,0.0,0.0,0.0,0.0,0.0
21,2,Fingerprinting,-0.005555555555555555,-0.005555555555555555,-0.005555555555555555,0.02222222222222222,-0.005555555555555555
21,2,MITM,-0.015054390054390056,0.017579642579642594,0.0,0.038364413364413326,0.05001942501942502
21,2,Normal,0.00011814643539950764,4.665319964671418e-05,-0.00013309661975297962,7.73319060276741e-05,5.5700153089255355e-05
21,2,Password,0.003179610748856518,-0.006331075123647431,0.012026587835125873,0.0010299896849389016,-0.0001833114162059941
21,2,Port_Scanning,-0.0384734785969457,0.058529675977186786,0.05689075981365033,-0.0384734785969457,-0.0384734785969457
21,2,Ransomware,0.00018687339217267248,-0.0011107405999176757,-0.01042303272345591,0.002046358551921825,-0.0113926116215662
21,2,SQL_injection,0.00822381728935894,-0.027899003462163893,0.006819572336224554,0.008187381128578008,0.005073310649338433
21,2,Uploading,0.006404104547152901,-0.012421675587676725,0.0036388656397311056,-0.002523559795301922,0.0008724549329945104
21,2,Vulnerability_scanner,0.0011592155351202633,-0.0034199750986441124,0.0008231341073914785,0.0007641030929879111,0.0006735223631444595
21,2,XSS,0.0,0.0,0.0,0.0,0.0
21,3,Backdoor,0.006515940363772549,0.0004486279631427966,-0.005788962817239792,0.002937995173418262,-6.237799038606995e-05
21,3,DDoS_HTTP,0.01369540563501206,-0.011538937750547734,0.0064129190884832,0.006232179060185498,-0.013350589824875284
21,3,DDoS_ICMP,0.00017620455097589288,-0.0001420576870662345,-0.00010441865100448237,-3.1102965307770276e-05,0.0003259409569022154
21,3,DDoS_TCP,0.015025963036911021,-0.023957895033592122,-0.017101932327960333,0.013008128222843215,0.013025736101798217
21,3,DDoS_UDP,0.0,0.0,0.0,0.0,0.0
21,3,Fingerprinting,-0.0070441254651780975,-0.007531454899875953,-0.016303384724437354,0.04718234981392876,-0.016303384724437354
21,3,MITM,-0.01797202797202797,0.07596736596736595,0.006270396270396272,-0.017972027972027977,0.15370629370629352
21,3,Normal,0.00017528723905499793,-4.7421663776137105e-06,-2.0081394071373254e-06,6.699412625189768e-05,3.82246875645124e-05
21,3,Password,0.004927268369295615,-0.009369099549356795,0.008511969333389506,0.0020181406361307304,0.005278415786224215
21,3,Port_Scanning,-0.037983957783641165,0.044416042216358836,0.06953583113456464,-0.037983957783641165,-0.037983957783641165
21,3,Ransomware,0.008245293275339566,-0.009367712176928793,-0.002785496287021244,-0.0023101112797400828,-0.014398486565646821
21,3,SQL_injection,0.008893882756054359,-0.029145811386390594,0.007928746786512491,0.007091895473188548,0.007090367984318053
21,3,Uploading,0.004616139695644753,-0.011284883187294975,0.0029193077845753386,-0.0014034119623524946,0.0018639233789228536
21,3,Vulnerability_scanner,0.0017564394980354632,-0.004425734764844452,0.0004244096199940613,0.0004244096199940613,0.0018204760268208664
21,3,XSS,0.0,0.0,0.0,0.0,0.0
21,4,Backdoor,0.011823337252558425,-0.006756092979281817,-0.013360891017024527,0.0015193599114585621,0.0067742868322893555
21,4,DDoS_HTTP,0.022218756549199803,-0.015588223235941567,0.013371417683665152,0.007448749908373081,-0.007683119258331952
21,4,DDoS_ICMP,0.010903939297779806,-0.007969180239323739,-0.0020064786885060915,0.002408922287706968,0.008778735377690213
21,4,DDoS_TCP,0.0172244264382315,-0.026623953302691208,-0.02241852992115189,0.016007323772218276,0.015810733013393308
21,4,DDoS_UDP,0.06578817632189024,-0.06356888462006581,0.01757039215703114,0.006872351135665997,-0.020705195603558893
21,4,Fingerprinting,-0.020859337887201665,-0.003258145363408521,-0.0186806886497289,0.10069454682457782,-0.057896374924238714
21,4,MITM,0.24507935914472564,-0.6568345476989783,-0.016580132465292146,-0.015540454282675436,-0.4815900632070966
21,4,Normal,0.00296506087828373,0.0001441689807642347,0.002496702076946278,-0.00395676159037767,0.0028760813395796686
21,4,Password,0.023309337707643325,0.0037386626888466492,-0.011995133193472346,-0.006637131378026772,0.006704657657461818
21,4,Port_Scanning,-0.03671823829264422,0.049017725288539385,0.061136989589393294,-0.03671823829264422,-0.03671823829264422
21,4,Ransomware,0.014963360367239232,-0.007943752054003895,0.0030784203232678887,0.0005472546839849639,-0.017060680273174637
21,4,SQL_injection,0.006964459300829441,-0.021949854539861598,0.00590571014213008,0.006853633803777836,0.002708697951893047
21,4,Uploading,0.0036679344012720046,-0.010929556642810527,0.0037999595135032333,-0.0010634218226476236,0.0033924391945288662
21,4,Vulnerability_scanner,0.0005582537335427333,-0.0017016960107216503,0.00023933025900201298,-5.1411462383949e-05,0.0009555234805608529
21,4,XSS,0.003262539272723116,-0.0018305347574900676,0.0007271441460503365,-0.002050682761917735,-0.00010846589936564858
21,Aggregated,Backdoor,0.008351912413053698,-0.00011643264783425996,-0.012350119741882465,0.004221964356786954,0.0028665504445331263
21,Aggregated,DDoS_HTTP,0.015193363444839581,-0.010233187990779446,0.005427035539621116,0.0063796494459517385,-0.008119497516232812
21,Aggregated,DDoS_ICMP,0.0022935245660171224,-0.0017087606039619858,-0.00047647060537395203,0.0005598006852597833,0.0019260066870592691
21,Aggregated,DDoS_TCP,0.01600548868764736,-0.024745225706352736,-0.020563051872511878,0.01467280916239507,0.014529359525151563
21,Aggregated,DDoS_UDP,0.06556818220022402,-0.06341326861224575,0.017591851984672783,0.006899174508738868,-0.020689100690427255
21,Aggregated,Fingerprinting,-0.010786946473487487,-0.005732142276462232,-0.02203649010254919,0.06862419746910434,-0.030068618616605418
21,Aggregated,MITM,0.2828308459133389,-0.5117948935842981,0.015381416307282344,0.007895095884879867,-0.43580255337971335
21,Aggregated,Normal,0.0007288745135223928,4.105401681726572e-05,0.0004946419674607793,-0.0007549826050321396,0.0006264735104009433
21,Aggregated,Password,0.00906888799360667,-0.003938104563861838,0.004461883155068279,-0.0005526438396602898,0.0031755655766522303
21,Aggregated,Port_Scanning,-0.037549382655683,0.051346341736811615,0.06130180623023739,-0.037549382655683,-0.037549382655683
21,Aggregated,Ransomware,0.0033699114104980186,-0.0019991240479196406,-0.0036501129851251868,0.0014794742579930242,-0.008311143019932918
21,Aggregated,SQL_injection,0.009250250553032916,-0.02963382393766046,0.007805662598833783,0.00864211947691255,0.005084940750217807
21,Aggregated,Uploading,0.005443674188842915,-0.010034000944168304,0.003093142302193453,-0.002432059570955414,0.0011877507165562805
21,Aggregated,Vulnerability_scanner,0.0012577464358375682,-0.0036451446061963005,0.0007033409077449352,0.0005438255949398766,0.0011402316676739207
21,Aggregated,XSS,0.00039565469184430895,-0.00022308564514397048,9.168717440141786e-05,-0.0002526042224266919,-1.1651998675064428e-05
21,Centralized,Backdoor,0.008351912413053698,-0.00011643264783425996,-0.012350119741882465,0.004221964356786954,0.0028665504445331263
21,Centralized,DDoS_HTTP,0.015193363444839581,-0.010233187990779446,0.005427035539621116,0.0063796494459517385,-0.008119497516232812
21,Centralized,DDoS_ICMP,0.0022935245660171224,-0.0017087606039619858,-0.00047647060537395203,0.0005598006852597833,0.0019260066870592691
21,Centralized,DDoS_TCP,0.01600548868764736,-0.024745225706352736,-0.020563051872511878,0.01467280916239507,0.014529359525151563
21,Centralized,DDoS_UDP,0.06556818220022402,-0.06341326861224575,0.017591851984672783,0.006899174508738868,-0.020689100690427255
21,Centralized,Fingerprinting,-0.010786946473487487,-0.005732142276462232,-0.02203649010254919,0.06862419746910434,-0.030068618616605418
21,Centralized,MITM,0.2828308459133389,-0.5117948935842981,0.015381416307282344,0.007895095884879867,-0.43580255337971335
21,Centralized,Normal,0.0007288745135223928,4.105401681726572e-05,0.0004946419674607793,-0.0007549826050321396,0.0006264735104009433
21,Centralized,Password,0.00906888799360667,-0.003938104563861838,0.004461883155068279,-0.0005526438396602898,0.0031755655766522303
21,Centralized,Port_Scanning,-0.037549382655683,0.051346341736811615,0.06130180623023739,-0.037549382655683,-0.037549382655683
21,Centralized,Ransomware,0.0033699114104980186,-0.0019991240479196406,-0.0036501129851251868,0.0014794742579930242,-0.008311143019932918
21,Centralized,SQL_injection,0.009250250553032916,-0.02963382393766046,0.007805662598833783,0.00864211947691255,0.005084940750217807
21,Centralized,Uploading,0.005443674188842915,-0.010034000944168304,0.003093142302193453,-0.002432059570955414,0.0011877507165562805
21,Centralized,Vulnerability_scanner,0.0012577464358375682,-0.0036451446061963005,0.0007033409077449352,0.0005438255949398766,0.0011402316676739207
21,Centralized,XSS,0.00039565469184430895,-0.00022308564514397048,9.168717440141786e-05,-0.0002526042224266919,-1.1651998675064428e-05
22,0,Backdoor,0.03380709631539825,0.043929419906529606,-0.12116621421857542,0.008356628631825796,0.013052700523643547
22,0,DDoS_HTTP,-0.007880913634058998,0.005514053948983104,-0.02621492556479618,-0.014836624128884403,0.011300618716565436
22,0,DDoS_ICMP,0.0003102310904247914,8.632363373894947e-05,0.00017982563057861167,-0.00036314704394168246,-0.0002132333108006701
22,0,DDoS_TCP,4.9246975451984935e-05,-0.00013111250736415428,-0.0006180972526122171,0.00040643677764563754,0.00029352600687874894
22,0,DDoS_UDP,0.0,0.0,0.0,0.0,0.0
22,0,Fingerprinting,0.09676937441643324,0.03355742296918767,0.0793090569561158,-0.10481792717086832,-0.10481792717086832
22,0,MITM,-0.005128205128205125,-0.017948717948717937,0.0012820512820512812,0.02692307692307688,-0.005128205128205125
22,0,Normal,0.0002991464080174588,8.718129413285425e-05,-0.0008127686583873398,3.6988815199031264e-05,0.00015002296223417717
22,0,Password,0.0016773408542431743,-0.007865936282617121,-0.0018558410821958174,-0.0015438198387113392,0.0026705349710752567
22,0,Port_Scanning,0.001935483870967742,-0.0012903225806451613,0.001935483870967742,-0.0012903225806451613,-0.0012903225806451613
22,0,Ransomware,0.05377837521080875,0.05729397093524326,-0.15393116400749388,0.012788793709371034,0.030070024152070843
22,0,SQL_injection,0.0022906710364489005,0.0068083242086861675,0.02737120510170136,-0.061829988597297283,0.024234796188912888
22,0,Uploading,0.008217343466940473,0.003568841835348087,0.010877335612703262,-0.02630275966962507,0.012078112610504099
22,0,Vulnerability_scanner,0.001218949383815776,0.0013891771127437446,0.004477430667634808,-0.010076625562850744,0.003686497675366823
22,0,XSS,0.0,0.0,0.0,0.0,0.0
22,1,Backdoor,0.0390727165726558,0.04367526206427152,-0.11696817553613088,0.01197083269422614,0.012682795638602104
22,1,DDoS_HTTP,-0.004750019868118055,0.0028173282742581917,-0.01833952424553649,-0.014285182337353326,0.011010747519906001
22,1,DDoS_ICMP,4.856849594278382e-05,3.0023161127210966e-05,4.8112025010110807e-05,-8.204887384795078e-05,-4.4654808232154804e-05
22,1,DDoS_TCP,0.0006684254064663757,-0.00011785177473443061,-0.000558805094730815,0.0003597034269689455,0.0004591644114010788
22,1,DDoS_UDP,0.0,0.0,0.0,0.0,0.0
22,1,Fingerprinting,0.0028119460344524245,0.0014621307460182147,0.0826946237432171,-0.023876507124588973,-0.06309219339909879
22,1,MITM,-0.019696969696969702,0.018181818181818188,-0.004545454545454547,-0.027272727272727285,0.03333333333333333
22,1,Normal,0.0002917430265705937,4.961548049020048e-05,-0.0006739151005151822,8.559368090863365e-05,0.00011604819948160909
22,1,Password,0.0039003149460401358,-0.009075222774915412,-0.003552681115428376,0.0015811249283295683,0.004915110180696599
22,1,Port_Scanning,0.003534896304852288,-0.0012882548205496417,0.00032986815679663685,-0.0012882548205496417,-0.0012882548205496417
22,1,Ransomware,0.04919583369750731,0.05632464441233605,-0.1473465942019062,0.011495150273321634,0.030330965818741232
22,1,SQL_injection,0.0014753412177353905,0.002647298812502874,0.02231695380219511,-0.05050422270390744,0.023166828482427237
22,1,Uploading,0.005131534391473552,0.0026346890279154737,0.007889485581015567,-0.01987842565422184,0.005807024217262611
22,1,Vulnerability_scanner,0.00034617995431633907,0.0009492046453453491,0.0032593371754974583,-0.007723689100792354,0.003168967325633208
22,1,XSS,0.0,0.0,0.0,0.0,0.0
22,2,Backdoor,0.028143266347375975,0.03655562447677214,-0.09577685852604607,0.008425805024668975,0.006522168640258299
22,2,DDoS_HTTP,0.0012653612661049946,0.005552646198448069,-0.032898976530878886,-0.014054271798291943,0.0076928218474974185
22,2,DDoS_ICMP,-6.403276302858381e-05,1.1405946476650276e-05,0.00014213129859820263,-6.347452106043224e-05,-2.602996098583684e-05
22,2,DDoS_TCP,0.0006683633254232362,0.0005922756855925082,-0.0003023601987162894,-1.5589144734044305e-05,0.0003713707792150966
22,2,DDoS_UDP,0.0,0.0,0.0,0.0,0.0
22,2,Fingerprinting,-0.027733214497920378,-0.017632204396910277,0.11717171717171718,-0.016295306001188354,-0.055510992275698154
22,2,MITM,-0.012043512043512056,-0.006118881118881098,-0.009615384615384614,-0.006798756798756822,0.03457653457653457
22,2,Normal,0.00025405048375743794,9.451322484890778e-05,-0.0006148574122563552,8.171029069923655e-06,0.00015983293553850642
22,2,Password,0.004809080092065303,-0.008071756553106886,-0.0018752106596861213,0.002052671626355616,0.0008517764449237528
22,2,Port_Scanning,0.0009708737864077671,-0.0006472491909385113,0.0009708737864077671,-0.0006472491909385113,-0.0006472491909385113
22,2,Ransomware,0.057873123081732314,0.06396966115775125,-0.16667251290222895,0.013732053849271125,0.03783590767887473
22,2,SQL_injection,0.00207129639978526,0.0050452553511221455,0.021044034936347635,-0.04519805201733861,0.017037465330083604
22,2,Uploading,0.005666314877448061,0.007848833729136749,0.010766853523148065,-0.028879482725497917,0.0077505728784107945
22,2,Vulnerability_scanner,0.0004806239341200169,0.0012436512555322559,0.003234072727085008,-0.007229497727833749,0.002271149811096468
22,2,XSS,0.0,0.0,0.0,0.0,0.0
22,3,Backdoor,0.0308213769233888,0.03963151402605529,-0.11203263831327002,0.006020454343984471,0.011848906714035268
22,3,DDoS_HTTP,-0.00802496836441303,0.0037613572472811182,-0.01277979204964896,-0.019663454651449506,0.010851185022679745
22,3,DDoS_ICMP,0.00011524732327233277,0.00011643165070078417,-7.134901444984335e-05,-0.00022065405183469556,6.0324092311421955e-05
22,3,DDoS_TCP,-0.0002290609553538307,-0.00027708751537569945,-0.00020900995627325946,0.0007100300844443741,0.0008200354327691191
22,3,DDoS_UDP,0.0,0.0,0.0,0.0,0.0
22,3,Fingerprinting,0.02295657444264255,0.014343129064491292,0.040658918538175506,-0.03897931102265468,-0.03897931102265468
22,3,MITM,-0.04857808857808856,0.027296037296037304,0.009347319347319338,-0.04974358974358974,0.061678321678321685
22,3,Normal,0.00032092600442112186,8.340098459859168e-05,-0.0007466444449392873,5.255489431095217e-05,0.0002354443290237836
22,3,Password,0.004759232695678417,-0.008539903835012602,-0.006441707123380619,0.0002281814918505843,0.007795108985056866
22,3,Port_Scanning,0.0025806451612903226,-0.0006451612903225806,-0.0006451612903225806,-0.0006451612903225806,-0.0006451612903225806
22,3,Ransomware,0.051979182677842045,0.06302201773816911,-0.15761995045514982,0.006301014829265827,0.029752700333125087
22,3,SQL_injection,0.0033836179906278304,0.008004486506020547,0.014911899170073255,-0.048203912085346044,0.02050535918036756
22,3,Uploading,0.008543404902186472,0.0050804273808960675,0.0131833124337677,-0.033152797452124426,0.011562556012101727
22,3,Vulnerability_scanner,0.001066162395125958,0.0013299134434362461,0.002830998037722519,-0.007709078054295671,0.0024820041780109475
22,3,XSS,0.0,0.0,0.0,0.0,0.0
22,4,Backdoor,0.0378670407246082,0.04377719984865209,-0.10593201426244171,0.009534439469161462,0.003736018202703991
22,4,DDoS_HTTP,-0.015953308555579426,-0.0012716019797130032,0.00018755999285691716,-0.019160008822163448,-0.000808179693984315
22,4,DDoS_ICMP,0.01398924258855956,0.0022628545094257675,-0.0017492213722494507,-0.018741395366108922,0.0049079928984510435
22,4,DDoS_TCP,-0.0002808323791847478,-4.2929507845790305e-05,0.0011726612156913636,3.248257472064179e-05,0.0001342384954065301
22,4,DDoS_UDP,0.07668334873516207,-0.0023809412477795834,-0.02811183719748924,-0.009438961616770753,-0.0376736391153659
22,4,Fingerprinting,0.0530710500369943,0.012841233413988832,0.11355424589170718,-0.06522346074977656,-0.11424306859291379
22,4,MITM,0.3967109076010876,-0.2370935745560933,-0.2482569427388449,0.32864430776815406,-0.24712312922790816
22,4,Normal,0.0012908406274153314,-0.0001380955584358005,0.0003558753670784028,-0.0028957312451767044,0.001152364039488015
22,4,Password,0.019613106768168364,0.008537860816975015,9.141449553718082e-05,-0.032845568433331744,0.0003407523326121063
22,4,Port_Scanning,0.0025806451612903226,-0.0006451612903225806,-0.0006451612903225806,-0.0006451612903225806,-0.0006451612903225806
22,4,Ransomware,0.04715501487640968,0.06137418235241318,-0.15503307010047773,0.00962335679728085,0.024482220839968705
22,4,SQL_injection,-4.746010950807123e-05,0.004608078892636669,0.017042469301452545,-0.036880062263925484,0.015115589202818532
22,4,Uploading,0.007319755137194408,0.005156637007956797,0.01702411884661583,-0.02909394252010234,0.006464995746226357
22,4,Vulnerability_scanner,0.00862990582143036,0.00929027573742913,0.009835876578773946,-0.015797232247087848,-0.011958825890545586
22,4,XSS,0.0033019427888209846,0.0009568305393260377,0.0009882271570568482,-0.002957887297167765,-0.0022891131880361073
22,Aggregated,Backdoor,0.03394992673115476,0.04153661974051959,-0.11035176834837117,0.008877430826123947,0.009503961030425962
22,Aggregated,DDoS_HTTP,-0.007044200227974996,0.003288483579596853,-0.017947416282330052,-0.016413798661481748,0.00793671442971265
22,Aggregated,DDoS_ICMP,0.002971721469764286,0.0005304986801015136,-0.0002642123421173278,-0.004115550434582336,0.001012088522291447
22,Aggregated,DDoS_TCP,0.00017535319469995093,5.001415307803736e-06,-0.0001038631478270824,0.0002975820270734009,0.00041560800587618353
22,Aggregated,DDoS_UDP,0.07643655072831712,-0.0023058259933134003,-0.02803672194382498,-0.009412144469374141,-0.03760388876404801
22,Aggregated,Fingerprinting,0.031218884616729354,0.009438570026847273,0.09032813016674208,-0.052653501059782476,-0.07833208375053627
22,Aggregated,MITM,0.43810855174648095,-0.23128311300450236,-0.24579994633528235,0.26170391537129856,-0.24432402182719637
22,Aggregated,Normal,0.0004933262666046656,3.485641475239332e-05,-0.0004964515639844846,-0.0005479991063288059,0.0003647436858462916
22,Aggregated,Password,0.009165293714308465,-0.002794244648401688,-0.003165591062743552,-0.010160074439548505,0.0033790693662295603
22,Aggregated,Port_Scanning,0.0023215778037773693,-0.000904228647835534,0.0003911081397292328,-0.000904228647835534,-0.000904228647835534
22,Aggregated,Ransomware,0.051969840443655185,0.060402347691056346,-0.15624175367835438,0.010773942147242284,0.030463821933583875
22,Aggregated,SQL_injection,0.001865644044352865,0.0054476176333694655,0.02059106439241859,-0.0486666139367327,0.0200970820736212
22,Aggregated,Uploading,0.006959495686149639,0.004872772909127556,0.011928750706200216,-0.027439331342134412,0.00872881709116204
22,Aggregated,Vulnerability_scanner,0.0028388438111383346,0.003331862924944005,0.00521951802538018,-0.010450583236541277,-0.0007984840376227597
22,Aggregated,XSS,0.0004054477417394333,0.0001234386277493118,0.00012765135802682848,-0.0003726121888823847,-0.0002839255386331889
22,Centralized,Backdoor,0.03394992673115476,0.04153661974051959,-0.11035176834837117,0.008877430826123947,0.009503961030425962
22,Centralized,DDoS_HTTP,-0.007044200227974996,0.003288483579596853,-0.017947416282330052,-0.016413798661481748,0.00793671442971265
22,Centralized,DDoS_ICMP,0.002971721469764286,0.0005304986801015136,-0.0002642123421173278,-0.004115550434582336,0.001012088522291447
22,Centralized,DDoS_TCP,0.00017535319469995093,5.001415307803736e-06,-0.0001038631478270824,0.0002975820270734009,0.00041560800587618353
22,Centralized,DDoS_UDP,0.07643655072831712,-0.0023058259933134003,-0.02803672194382498,-0.009412144469374141,-0.03760388876404801
22,Centralized,Fingerprinting,0.031218884616729354,0.009438570026847273,0.09032813016674208,-0.052653501059782476,-0.07833208375053627
22,Centralized,MITM,0.43810855174648095,-0.23128311300450236,-0.24579994633528235,0.26170391537129856,-0.24432402182719637
22,Centralized,Normal,0.0004933262666046656,3.485641475239332e-05,-0.0004964515639844846,-0.0005479991063288059,0.0003647436858462916
22,Centralized,Password,0.009165293714308465,-0.002794244648401688,-0.003165591062743552,-0.010160074439548505,0.0033790693662295603
22,Centralized,Port_Scanning,0.0023215778037773693,-0.000904228647835534,0.0003911081397292328,-0.000904228647835534,-0.000904228647835534
22,Centralized,Ransomware,0.051969840443655185,0.060402347691056346,-0.15624175367835438,0.010773942147242284,0.030463821933583875
22,Centralized,SQL_injection,0.001865644044352865,0.0054476176333694655,0.02059106439241859,-0.0486666139367327,0.0200970820736212
22,Centralized,Uploading,0.006959495686149639,0.004872772909127556,0.011928750706200216,-0.027439331342134412,0.00872881709116204
22,Centralized,Vulnerability_scanner,0.0028388438111383346,0.003331862924944005,0.00521951802538018,-0.010450583236541277,-0.0007984840376227597
22,Centralized,XSS,0.0004054477417394333,0.0001234386277493118,0.00012765135802682848,-0.0003726121888823847,-0.0002839255386331889
23,0,Backdoor,0.002698471840618416,0.0030253378227400964,0.006529424297669867,0.008368220904290615,0.00369465455717341
23,0,DDoS_HTTP,0.007930767350757621,0.008435026095460816,0.007912793266186092,0.009243599068415327,-8.76903586169033e-05
23,0,DDoS_ICMP,0.0003332595347358358,0.0005018688745772918,-0.0003770818256198664,0.0003494294386533055,-0.0003586462381559815
23,0,DDoS_TCP,0.00047934613244670634,5.1420527283019265e-06,-0.0004432158900351868,5.1420527283019265e-06,-4.641434786812337e-05
23,0,DDoS_UDP,0.0,0.0,0.0,0.0,0.0
23,0,Fingerprinting,0.13406157557437476,0.1856470035591883,-0.13990901266091918,0.24807771802651601,-0.20565506227693786
23,0,MITM,0.0,-0.019230769230769218,0.006410256410256406,0.006410256410256406,0.006410256410256406
23,0,Normal,0.00013062942587995044,-0.00020001576670921616,0.00016084487993783442,0.00018178166565313198,3.771700666711879e-05
23,0,Password,-0.0019562897548451186,0.0038448910036594447,0.0037682157595302305,0.002487255935466731,-0.003940055771846979
23,0,Port_Scanning,0.0025806451612903226,-0.0006451612903225806,-0.0006451612903225806,-0.0006451612903225806,-0.0006451612903225806
23,0,Ransomware,0.007914260142658582,-0.0007493890992746925,-0.0057253612157280994,-0.002141717700905621,-0.002636261566914529
23,0,SQL_injection,0.012405471738540315,0.012857917910880897,0.004838385814248834,0.007958807753258055,-0.039172142537442625
23,0,Uploading,0.006451279581144644,0.010481676499529597,0.00676719260355004,0.008014729182925926,-0.030482877655193235
23,0,Vulnerability_scanner,0.0014236259022526916,0.0013656734625268248,0.0007933066282601228,0.0012539279314132123,-0.005531963201163254
23,0,XSS,0.0,0.0,0.0,0.0,0.0
23,1,Backdoor,-0.0006621504786716969,0.002360728644176263,0.0026023508965429985,0.006265731229520693,0.0028021896436282332
23,1,DDoS_HTTP,0.002854867054835936,0.006707618866548154,0.011594152149792187,0.011304419960369539,-0.008249265992089588
23,1,DDoS_ICMP,6.026149804304974e-05,0.00011595409699009518,-3.1947945403739314e-05,9.350755100503242e-05,-1.3309810138628641e-05
23,1,DDoS_TCP,0.00023115567028947164,0.00015366837775048213,-0.0010460573574831637,0.0003981696860025345,0.00026306362344067545
23,1,DDoS_UDP,0.0,0.0,0.0,0.0,0.0
23,1,Fingerprinting,0.02483190692679226,0.07384592622183755,-0.08947439021703346,0.22107475418831518,-0.11263113829638215
23,1,MITM,-0.013636363636363641,-0.013636363636363641,-0.006060606060606062,-0.028787878787878793,-0.028787878787878786
23,1,Normal,2.2600911564750008e-05,-0.00015692957090098584,0.00020467703024727076,0.00021181507879234525,-3.767381697099929e-05
23,1,Password,-0.0037566546457877222,0.005648080396179637,0.0030204585790167614,0.002860047403643407,-0.0060239881372824
23,1,Port_Scanning,0.0,0.0,0.0,0.0,0.0
23,1,Ransomware,0.005866859642967556,-0.017575232123005092,0.002489695104412127,0.003916226468507529,-0.0012953689437139732
23,1,SQL_injection,0.01058971634293345,0.009975015278441156,0.004519426563477054,0.006848277446158252,-0.03281935359109859
23,1,Uploading,0.00303862613492957,0.007987173103097702,0.0038100700736442995,0.005194038662659828,-0.018422513961874113
23,1,Vulnerability_scanner,0.0008726628087095919,0.0012868520371442612,0.0006748242304217888,0.000910559090889936,-0.003744898167165578
23,1,XSS,0.0,0.0,0.0,0.0,0.0
23,2,Backdoor,0.003352742948988167,0.006536923889050805,0.005222087661971399,0.004102821771878336,0.0004060565066387282
23,2,DDoS_HTTP,0.0069283979594551215,0.00885805628247723,0.009312902789613492,0.009854140279854222,-0.005343939484081395
23,2,DDoS_ICMP,-7.863212664563913e-05,-4.13743403327597e-05,-9.65256828618144e-05,0.00016326269704435847,5.3269452795854746e-05
23,2,DDoS_TCP,-0.0002612647440712712,-0.00015636317803080686,-0.00011638624165410209,0.0002882050904096175,0.0002458090733465627
23,2,DDoS_UDP,0.0,0.0,0.0,0.0,0.0
23,2,Fingerprinting,-0.04304682924543771,-0.009096211961487105,-0.06842809286199546,0.18154308658003854,-0.06097195251111826
23,2,MITM,-0.013636363636363641,-0.013636363636363641,-0.006060606060606062,-0.028787878787878793,-0.028787878787878786
23,2,Normal,8.727669424992146e-05,-8.529203809228651e-05,6.815902145614339e-05,0.00011215166838681179,-2.7219945856778634e-05
23,2,Password,-0.00440202903227655,0.002695190660414582,0.002452379038985144,0.0018520126042849648,-0.002843566735054056
23,2,Port_Scanning,0.0,0.0,0.0,0.0,0.0
23,2,Ransomware,0.012281942387114797,-0.0020077230931553483,-0.00300772048950399,0.0015044141284425382,-0.0018750605852659733
23,2,SQL_injection,0.009296040314689691,0.008963523195633658,0.004463822311920416,0.005351113928297405,-0.02847957769187723
23,2,Uploading,0.006825794504413696,0.012989661726346165,0.0037482147131971894,0.0026144554452184527,-0.025301408408721082
23,2,Vulnerability_scanner,0.000936481498677627,0.00106686280249067,0.0007449267751460579,0.0008421049387369983,-0.0035903760150513536
23,2,XSS,-6.215684243240371e-05,1.5539210608100927e-05,1.5539210608100927e-05,1.5539210608100927e-05,1.5539210608100927e-05
23,3,Backdoor,0.0038605980407789083,0.007006912386081003,0.00798962540693862,0.008750051109965285,-0.00027048014448501724
23,3,DDoS_HTTP,0.009333891471500606,0.014632662762495271,0.004984147749208316,0.009313633843809581,-0.008253562423630187
23,3,DDoS_ICMP,-1.1787099784726918e-05,6.2736027510496e-05,-4.603350996526164e-05,-7.13006234383399e-05,0.0002910525661254049
23,3,DDoS_TCP,0.00044624907294028013,-0.00035640381781808136,2.2158767259080245e-05,-0.0002778255107724744,0.00016582148839119532
23,3,DDoS_UDP,0.0,0.0,0.0,0.0,0.0
23,3,Fingerprinting,0.031343432133704795,0.07604395901489681,-0.0737849116014501,0.17812923757076343,-0.09408465829438567
23,3,MITM,-0.029999999999999992,-0.04818181818181818,-0.0072727272727272675,-0.057272727272727274,-0.05727272727272727
23,3,Normal,0.00019761752605912581,-0.0001990728795440692,8.034664216228782e-05,0.00011690043415247819,6.459084015060975e-06
23,3,Password,-0.0004799359579067297,0.004774742365981574,0.0031094535729982325,0.0026300182749135876,-0.005117799165831481
23,3,Port_Scanning,0.0,0.0,0.0,0.0,0.0
23,3,Ransomware,0.01649772663980922,0.00266739334433298,-0.0058066388521260835,0.002919597682776333,-0.002997951121256964
23,3,SQL_injection,0.010319110667477056,0.009060598480076955,0.004769448741166698,0.0063268461381388265,-0.031165757508964987
23,3,Uploading,0.011935140768202485,0.012377564310581854,0.009964065212807053,0.0047813281183285514,-0.037798774569950934
23,3,Vulnerability_scanner,0.000877413344683838,0.0012537494223930153,0.0006357091604925369,0.001089861462617144,-0.0038567333901865343
23,3,XSS,-3.2049570001602136e-05,8.012392500400534e-06,8.012392500400534e-06,8.012392500400534e-06,8.012392500400534e-06
23,4,Backdoor,0.018985361941123956,-0.014165771539871122,0.006493433858564268,0.007505589290329406,-0.005484990512890577
23,4,DDoS_HTTP,0.01293198762359487,0.010919612202787277,0.012013611696176244,0.012145361809397019,-0.0068586115000030985
23,4,DDoS_ICMP,0.007772534810481578,0.0046106111268653105,-0.018050330292315286,0.0013816091681024452,0.0025023132348087154
23,4,DDoS_TCP,-0.00015803110712736546,-0.0004203034901228142,0.00040298576906491745,-0.0002510893252652968,-8.170745558633286e-05
23,4,DDoS_UDP,0.05569172863449046,-0.026519434060419386,0.011382314332541903,-0.029466192095462855,-0.020872288758318383
23,4,Fingerprinting,0.07388739195375336,0.17250553370690672,-0.12536920364151488,0.28404472974267014,-0.1828462295395933
23,4,MITM,0.1807979998936847,0.12057590422170289,0.09974257088836952,0.26573389732958214,0.26573389732958214
23,4,Normal,0.005121531451691362,-0.0016659586626555016,0.002859777237553483,-0.004054795549584334,-0.008635231213885201
23,4,Password,0.05650703050778427,-0.03149048956243055,0.01059338686169592,-0.03252426836345276,-0.0012143700648507283
23,4,Port_Scanning,0.0012944983818770227,-0.00032362459546925567,-0.00032362459546925567,-0.00032362459546925567,-0.00032362459546925567
23,4,Ransomware,0.01719777758418516,0.0100653913266505,-0.011150388587415036,0.004047642114308109,-0.0013467302506370293
23,4,SQL_injection,0.007296542108923842,0.006898367877187567,0.003303026248117407,0.00411578246992892,-0.02209486178347341
23,4,Uploading,0.0030545452723056412,0.012752095243141347,0.008078559473216807,0.0026349356639191143,-0.02860941947782357
23,4,Vulnerability_scanner,0.0015042580316179425,0.0021291344049972944,-0.0018421358637353614,0.0017363261660446826,-0.003527582738924558
23,4,XSS,0.002871601417110103,-0.0001858825982818157,2.2534066178825364e-05,-0.0011656759630072283,-0.0015425769219998852
23,Aggregated,Backdoor,0.005817564808531918,0.0007595572608896687,0.00579478362527043,0.007044427042868991,0.00017684004710120845
23,Aggregated,DDoS_HTTP,0.008033712375964121,0.00992292851306016,0.009165746345309944,0.010349921595595113,-0.005787787086243598
23,Aggregated,DDoS_ICMP,0.00167429860655068,0.0011053877242757175,-0.003932918379861021,0.00042684155588214773,0.0005470040361680214
23,Aggregated,DDoS_TCP,0.0001466236851195864,-0.00015402196982075382,-0.00023629381430680384,3.308328003811349e-05,0.00010991117865124337
23,Aggregated,DDoS_UDP,0.05560158633843737,-0.02649689848640612,0.01140484990655517,-0.02944365652144959,-0.0208497531843051
23,Aggregated,Fingerprinting,0.04514585210697348,0.1048661454319209,-0.10037595548557031,0.2251172990915835,-0.1352184574239777
23,Aggregated,MITM,0.1489565929722728,0.07309360731564378,0.08451088974585726,0.17826180643696907,0.17826180643696904
23,Aggregated,Normal,0.0011292903188564018,-0.0004581517171617255,0.0006864992623933474,-0.0006915720741981102,-0.0017647739015192899
23,Aggregated,Password,0.0159000381772295,-0.008501850944016552,0.0064180461241858415,-0.008734774887905816,-0.0025875771646158147
23,Aggregated,Port_Scanning,0.0007777057679844458,-0.00019442644199611146,-0.00019442644199611146,-0.00019442644199611146,-0.00019442644199611146
23,Aggregated,Ransomware,0.011947038969991781,-0.0012487365169919792,-0.0046955530325713925,0.0020293978414126666,-0.002076286014007095
23,Aggregated,SQL_injection,0.01001055513912377,0.009556854305697852,0.004400541514334968,0.0061330009953369105,-0.030803796615449
23,Aggregated,Uploading,0.006272745513534387,0.011298092883228323,0.006469744368175516,0.004646464051583316,-0.028093300939756784
23,Aggregated,Vulnerability_scanner,0.0011364061170798948,0.0014358216062993812,0.0001815605163292507,0.0011804101228301796,-0.004075355849837189
23,Aggregated,XSS,0.00032510160450243525,-1.7280154488504702e-05,8.548530441789224e-06,-0.0001345759821075566,-0.00018179399834816317
23,Centralized,Backdoor,0.005817564808531918,0.0007595572608896687,0.00579478362527043,0.007044427042868991,0.00017684004710120845
23,Centralized,DDoS_HTTP,0.008033712375964121,0.00992292851306016,0.009165746345309944,0.010349921595595113,-0.005787787086243598
23,Centralized,DDoS_ICMP,0.00167429860655068,0.0011053877242757175,-0.003932918379861021,0.00042684155588214773,0.0005470040361680214
23,Centralized,DDoS_TCP,0.0001466236851195864,-0.00015402196982075382,-0.00023629381430680384,3.308328003811349e-05,0.00010991117865124337
23,Centralized,DDoS_UDP,0.05560158633843737,-0.02649689848640612,0.01140484990655517,-0.02944365652144959,-0.0208497531843051
23,Centralized,Fingerprinting,0.04514585210697348,0.1048661454319209,-0.10037595548557031,0.2251172990915835,-0.1352184574239777
23,Centralized,MITM,0.1489565929722728,0.07309360731564378,0.08451088974585726,0.17826180643696907,0.17826180643696904
23,Centralized,Normal,0.0011292903188564018,-0.0004581517171617255,0.0006864992623933474,-0.0006915720741981102,-0.0017647739015192899
23,Centralized,Password,0.0159000381772295,-0.008501850944016552,0.0064180461241858415,-0.008734774887905816,-0.0025875771646158147
23,Centralized,Port_Scanning,0.0007777057679844458,-0.00019442644199611146,-0.00019442644199611146,-0.00019442644199611146,-0.00019442644199611146
23,Centralized,Ransomware,0.011947038969991781,-0.0012487365169919792,-0.0046955530325713925,0.0020293978414126666,-0.002076286014007095
23,Centralized,SQL_injection,0.01001055513912377,0.009556854305697852,0.004400541514334968,0.0061330009953369105,-0.030803796615449
23,Centralized,Uploading,0.006272745513534387,0.011298092883228323,0.006469744368175516,0.004646464051583316,-0.028093300939756784
23,Centralized,Vulnerability_scanner,0.0011364061170798948,0.0014358216062993812,0.0001815605163292507,0.0011804101228301796,-0.004075355849837189
23,Centralized,XSS,0.00032510160450243525,-1.7280154488504702e-05,8.548530441789224e-06,-0.0001345759821075566,-0.00018179399834816317
24,0,Backdoor,-0.004259282324737359,0.0016369357087726597,-0.002594377750574341,0.0006831421869309517,0.00022859004449760263
24,0,DDoS_HTTP,0.014619831938995362,-0.009676589194134628,0.0054558418242429555,0.0015164688283005943,-0.013481411037623504
24,0,DDoS_ICMP,-0.00017513221777890978,4.9087865440250456e-05,6.647027056543482e-05,-0.00044991618653855703,6.0660484121196255e-05
24,0,DDoS_TCP,-0.04837447070364683,0.009396970497622562,0.02067842357523373,0.011757304322869169,0.0065417723079213615
24,0,DDoS_UDP,0.0,0.0,0.0,0.0,0.0
24,0,Fingerprinting,-0.2700010073980995,-0.15633141675482484,-0.049583873065090496,0.11254437392947644,0.1411497010663164
24,0,MITM,-0.004945054945054926,-0.08369963369963358,0.0005494505494505789,0.020695970695970695,-0.009523809523809525
24,0,Normal,-5.305027608334216e-05,5.083390908227995e-05,3.295540929080428e-05,-3.7902834348542876e-05,-8.170194542942988e-05
24,0,Password,0.003332739613726375,-0.0006677247383609688,-0.0007716900359621229,-0.0005658448183075981,-0.0013274800210956866
24,0,Port_Scanning,0.13619140953198386,-0.029709981325535182,-0.06278340852211331,-0.03131619914478484,-0.012381820539550519
24,0,Ransomware,-0.009624750184542025,-0.0019521286912601225,-0.004287714535972867,0.01180866891441389,0.010771017314148852
24,0,SQL_injection,-0.0018330457979446907,0.007078468415384303,-0.00808208231040967,0.00854441032324686,-0.0037537198790555393
24,0,Uploading,0.0015676533367736205,0.00646674698959828,-0.0006359159448095832,-0.0034763096439186236,-0.0003970335354263795
24,0,Vulnerability_scanner,0.0008742045357079953,0.0005281580076942997,-0.0012194177078356794,0.0005281580076942997,-0.0007111028432609153
24,0,XSS,0.0,0.0,0.0,0.0,0.0
24,1,Backdoor,-0.008471796519500792,0.002148371798113526,-0.0032616771540274147,0.00703182869502618,0.0037337910148987313
24,1,DDoS_HTTP,0.013551442100799742,-0.009297982864276905,0.001548943535482967,-0.0018677164631152377,-0.011992782189724454
24,1,DDoS_ICMP,-0.0002057616788343967,0.00013065703480199902,-1.4929275700977425e-06,-0.00019695080461781995,4.9082985724506016e-05
24,1,DDoS_TCP,-0.047491315282986564,0.00964822736170961,0.020507223833074874,0.011538729479071986,0.0057971346091300925
24,1,DDoS_UDP,0.0,0.0,0.0,0.0,0.0
24,1,Fingerprinting,-0.2628106417265165,-0.1259058798217547,-0.030753044151677646,0.14296691405103915,0.15885559282538034
24,1,MITM,0.003030303030303031,0.08636363636363642,-0.004545454545454547,0.003030303030303031,0.003030303030303031
24,1,Normal,-4.6982724997875663e-05,9.110200083645345e-05,8.20717488507224e-05,-7.641352201464927e-05,-0.00013627098624901894
24,1,Password,0.002764824906501732,0.0015125131868388897,0.0021499637865065755,-0.0014889599053330746,-0.0024800132003958714
24,1,Port_Scanning,0.13353061145135986,-0.0281702568253243,-0.06124172215713862,-0.029571475052807914,-0.01454715741608903
24,1,Ransomware,-0.019813577151640293,0.004761226375676891,0.005504863152985055,0.006174726483183129,0.009970580990627084
24,1,SQL_injection,-7.572368769608479e-05,0.005448513360668774,-0.00632929428590965,0.005690607429294489,-0.0020405001227548378
24,1,Uploading,-0.003591471968669976,0.0013235648682525594,0.00113928878381372,-0.0009475809542032962,-0.002677217247315396
24,1,Vulnerability_scanner,0.0004275443955666462,9.729900767230237e-05,-0.00018399677351404095,0.00021426100937292172,-0.0005551076390978293
24,1,XSS,0.0,0.0,0.0,0.0,0.0
24,2,Backdoor,-0.0007330894750640804,-0.001345317857825858,-0.0035347808607211558,0.004676177362399292,-0.001394600289361982
24,2,DDoS_HTTP,0.017430958146767192,-0.0077661178566959975,0.004963035695569534,-0.0011156768398759601,-0.014338282423018482
24,2,DDoS_ICMP,-0.0002490974109842355,0.00014399313318844698,-0.00011907679189342065,4.594270769537334e-05,0.00017823836199383584
24,2,DDoS_TCP,-0.05251603921698908,0.010862071664858619,0.022278461913630303,0.012798108154391075,0.007080213513054747
24,2,DDoS_UDP,0.0,0.0,0.0,0.0,0.0
24,2,Fingerprinting,-0.24288283219359955,-0.08472032476638626,-0.008769669919517787,0.1603440866942388,0.17602874018526485
24,2,MITM,0.005555555555555554,0.06334498834498833,-0.0019230769230769256,0.01196581196581196,0.01196581196581196
24,2,Normal,1.1478989279382438e-05,7.852689440829471e-05,1.0820042919840179e-05,6.547172107444303e-07,-7.683186009504831e-05
24,2,Password,0.001637264633731852,0.001326472296700843,4.3538801589872166e-05,-0.0017617937485789894,-0.0012454819834435775
24,2,Port_Scanning,0.13294866662378804,-0.029073104927686663,-0.06055021539771608,-0.030570451777530108,-0.012754894520855185
24,2,Ransomware,-0.015824194708787022,0.0014171105299335565,0.0015661439420952615,0.008562553235069858,0.007787158931512917
24,2,SQL_injection,-0.000754172462287134,0.006540709940762077,-0.008854653372590648,0.006990317354222922,-0.0022866277315102433
24,2,Uploading,-0.0010430665081416874,0.0033383106177572253,-0.004425624757518779,0.0006372841311278521,-0.001976468256937578
24,2,Vulnerability_scanner,0.001014723998088222,0.00023001901558867093,-0.0006053453950798149,0.00023001901558867093,-0.000869416634185749
24,2,XSS,0.0,0.0,0.0,0.0,0.0
24,3,Backdoor,0.001908450356100592,0.00101092236233332,-0.002162939806604691,0.0025438867192307184,-0.004513724444967798
24,3,DDoS_HTTP,0.024555786698108182,-0.015498922415360245,0.007584442852793228,-0.00364416103147361,-0.016497507406621544
24,3,DDoS_ICMP,0.00025222154204952073,0.0004384636691325161,-0.00021894315316109598,-0.0005088058477171031,-0.0001876035707514101
24,3,DDoS_TCP,-0.043000341986167215,0.009888275359872212,0.01952469603020921,0.011212863026171577,0.00337693182650373
24,3,DDoS_UDP,0.0,0.0,0.0,0.0,0.0
24,3,Fingerprinting,-0.15995927535465715,-0.11091621315370027,-0.04780243649825693,0.08870349584100874,0.11232737034207618
24,3,MITM,-0.0015506715506715452,0.10778721278721269,-0.018120213120213106,0.0171972471972472,0.017763347763347762
24,3,Normal,-1.2352431411435013e-05,0.00010356158953336118,-1.3581412422902783e-05,-3.7778122143320807e-06,-4.919854773532776e-05
24,3,Password,0.0020368634656140194,0.00042238938659928715,-0.000510389920951366,-0.000516426084668245,-0.0014324368465936956
24,3,Port_Scanning,0.14890622269068218,-0.029775509608540984,-0.06604605544663537,-0.03256094468674477,-0.02052371294876103
24,3,Ransomware,-0.0009917555704064903,-0.009327124185225215,0.003979539594006896,0.01005221745014042,0.0031574777899319654
24,3,SQL_injection,-0.00700719559948495,0.0069154835386312785,-0.003545069563264089,0.007265868854510012,-0.00011625602895714062
24,3,Uploading,-0.0005466568249438123,0.006706930718189567,-0.004981816330674079,-0.00207829218340027,-0.002565168844174846
24,3,Vulnerability_scanner,0.0003832417950382009,6.5966456386808614e-06,-0.00010045076854838242,6.5966456386808614e-06,-0.00029598431776718025
24,3,XSS,0.0,0.0,0.0,0.0,0.0
24,4,Backdoor,-0.0012063285385221574,-0.0013783135552049186,0.0028074421559832123,-0.0005425934478174836,0.002653883952679211
24,4,DDoS_HTTP,0.027027303564219514,-0.01828241699577157,0.007647202061659369,-0.010561856472544262,-0.023148016297465816
24,4,DDoS_ICMP,0.006552388057823263,0.007986159945609922,-0.020776097516012452,0.0029216074242599034,0.004875946127112781
24,4,DDoS_TCP,-0.05243635666601733,0.011073546423356421,0.02240388099083313,0.01255203014708914,0.006915044713775533
24,4,DDoS_UDP,0.028458315224971456,-0.028301699947972832,-0.0015919985752347117,0.0057875781655971365,0.003714863962433453
24,4,Fingerprinting,-0.3132105985636587,-0.15784827972307897,-0.03012963671031834,0.11494610935037987,0.16402018342445399
24,4,MITM,0.025672495813405128,-0.8818428666451668,-0.08142790876188184,0.06877731428265105,-0.07206573419639653
24,4,Normal,0.0037297893950416845,0.0037129232251681115,0.0006446870050044351,-0.0007999296565854685,-0.0007523962239463333
24,4,Password,0.003920573916210923,0.0005591741154917895,0.005053921631940435,-0.0013138803908414557,-0.0031726021348287476
24,4,Port_Scanning,0.13756706238646899,-0.029282194593171558,-0.06429565905869081,-0.03256720091224596,-0.011422007822360634
24,4,Ransomware,-0.0038395729511835324,-0.01435004564391022,0.0008406132205933735,0.013092611319130738,0.004256394055369638
24,4,SQL_injection,-0.0006374682496873338,0.005063337656533862,-0.005539591482427563,0.005214811647103729,-0.002479543648605102
24,4,Uploading,0.0008232366808756868,0.0031150465340601787,-0.003706777528195975,0.0016399241909496871,-0.002459027647429591
24,4,Vulnerability_scanner,0.0006422640311501452,-7.466436839248155e-05,-5.802155917037366e-05,-7.466436839248155e-05,-0.00043491373519480845
24,4,XSS,0.0002539784082837381,-0.000305778232691113,0.0002539784082837381,-0.0002684647998552919,6.628621597892861e-05
24,Aggregated,Backdoor,-0.002536949094306932,0.00041158025119165665,-0.0017455501865067187,0.0028855530796004893,0.00015156363373934335
24,Aggregated,DDoS_HTTP,0.019481704614657515,-0.01212825899767166,0.005457027927208215,-0.0031600145184428213,-0.01591240685116653
24,Aggregated,DDoS_ICMP,0.0012941871204428875,0.0018207870979042103,-0.0044524331532189544,0.00041977779990120905,0.0010522149244451254
24,Aggregated,DDoS_TCP,-0.04875889134162618,0.010173123773084464,0.02107628188759271,0.011970231552526515,0.00594220379064279
24,Aggregated,DDoS_UDP,0.02833919406029124,-0.028259845128208116,-0.0015501437554700053,0.00580260146851148,0.003735252184669922
24,Aggregated,Fingerprinting,-0.2527543913673109,-0.12788895245155307,-0.03355777064191322,0.12416756825336821,0.15049866248647883
24,Aggregated,MITM,0.08061423212561998,-0.6988563729538092,-0.08014752326794523,0.050351748014095886,-0.043379362291761425
24,Aggregated,Normal,0.000729252812964413,0.0008107913702354123,0.0001523320314856987,-0.00018432916181367517,-0.0002199091332228583
24,Aggregated,Password,0.002745563549435423,0.0006311960222929476,0.0012116430569781677,-0.0011295879333915787,-0.001938635781950536
24,Aggregated,Port_Scanning,0.13785827654029195,-0.029211582499650026,-0.06299417141594245,-0.03132722103662521,-0.014325301588074275
24,Aggregated,Ransomware,-0.009818453889762024,-0.004033501270137517,0.0014364652862136082,0.009970204504938502,0.007164207624300248
24,Aggregated,SQL_injection,-0.0021048895914109133,0.0062352791962894,-0.00642190296207869,0.006712829554760876,-0.002111588302218949
24,Aggregated,Uploading,-0.0005672235170796051,0.0041921535211730115,-0.0025351849588213554,-0.0008473422642384658,-0.0020157369330140594
24,Aggregated,Vulnerability_scanner,0.0006664243847410211,0.00015747325049767503,-0.00043215652807688056,0.0001810051913626746,-0.0005727462985244902
24,Aggregated,XSS,2.9718952082013335e-05,-3.582572890351923e-05,2.9718952082013335e-05,-3.1456101797009554e-05,7.843926536502121e-06
24,Centralized,Backdoor,-0.002536949094306932,0.00041158025119165665,-0.0017455501865067187,0.0028855530796004893,0.00015156363373934335
24,Centralized,DDoS_HTTP,0.019481704614657515,-0.01212825899767166,0.005457027927208215,-0.0031600145184428213,-0.01591240685116653
24,Centralized,DDoS_ICMP,0.0012941871204428875,0.0018207870979042103,-0.0044524331532189544,0.00041977779990120905,0.0010522149244451254
24,Centralized,DDoS_TCP,-0.04875889134162618,0.010173123773084464,0.02107628188759271,0.011970231552526515,0.00594220379064279
24,Centralized,DDoS_UDP,0.02833919406029124,-0.028259845128208116,-0.0015501437554700053,0.00580260146851148,0.003735252184669922
24,Centralized,Fingerprinting,-0.2527543913673109,-0.12788895245155307,-0.03355777064191322,0.12416756825336821,0.15049866248647883
24,Centralized,MITM,0.08061423212561998,-0.6988563729538092,-0.08014752326794523,0.050351748014095886,-0.043379362291761425
24,Centralized,Normal,0.000729252812964413,0.0008107913702354123,0.0001523320314856987,-0.00018432916181367517,-0.0002199091332228583
24,Centralized,Password,0.002745563549435423,0.0006311960222929476,0.0012116430569781677,-0.0011295879333915787,-0.001938635781950536
24,Centralized,Port_Scanning,0.13785827654029195,-0.029211582499650026,-0.06299417141594245,-0.03132722103662521,-0.014325301588074275
24,Centralized,Ransomware,-0.009818453889762024,-0.004033501270137517,0.0014364652862136082,0.009970204504938502,0.007164207624300248
24,Centralized,SQL_injection,-0.0021048895914109133,0.0062352791962894,-0.00642190296207869,0.006712829554760876,-0.002111588302218949
24,Centralized,Uploading,-0.0005672235170796051,0.0041921535211730115,-0.0025351849588213554,-0.0008473422642384658,-0.0020157369330140594
24,Centralized,Vulnerability_scanner,0.0006664243847410211,0.00015747325049767503,-0.00043215652807688056,0.0001810051913626746,-0.0005727462985244902
24,Centralized,XSS,2.9718952082013335e-05,-3.582572890351923e-05,2.9718952082013335e-05,-3.1456101797009554e-05,7.843926536502121e-06
25,0,Backdoor,0.0017909794769214134,0.0059565953345507815,0.005631045475850042,-0.01444013304168342,0.00221441663100043
25,0,DDoS_HTTP,0.004708609987913948,0.005296803192819836,0.0017042753144781884,0.0009214887286572566,-0.0011934696848211247
25,0,DDoS_ICMP,0.0008058093395786688,-2.717716175940262e-05,4.9673773322617135e-05,0.00029529255957175076,0.00022196981478873242
25,0,DDoS_TCP,-0.00034004696820667536,6.441726142235593e-05,0.0004451676947063887,0.00011402599635098043,-0.00028356398427304975
25,0,DDoS_UDP,0.0,0.0,0.0,0.0,0.0
25,0,Fingerprinting,0.11026556694598488,0.1978330267075199,0.17285362789625816,0.16595057719136905,-0.004045655883989633
25,0,MITM,-0.0031868131868131922,0.04626373626373625,0.034358974358974344,0.04626373626373625,-0.046776556776556774
25,0,Normal,5.6980171994210534e-05,0.0001375641723347106,-0.00012292280719078212,0.00014419047230203043,2.3751391875309614e-05
25,0,Password,-0.0001582455617037515,0.0004790384595894722,-0.00018178266915770864,0.003782289632888924,-0.0002811428752875785
25,0,Port_Scanning,-0.0017121588089330027,-0.0017121588089330027,-0.0017121588089330027,0.005773366418527709,-0.0006368899917287013
25,0,Ransomware,-0.007950188994366818,0.0033455529627601584,-0.0021575493753930976,-0.0019105022459334506,0.007410229181172445
25,0,SQL_injection,-0.008553027848559805,-0.0002499379394278282,0.022931145862169287,-0.01178739210462391,-0.001965451730843871
25,0,Uploading,0.0037513528852175667,0.00268038583823243,-0.0007376052689310121,-0.012110329104969179,0.001569745454351942
25,0,Vulnerability_scanner,-0.0022328101833682555,0.0020588862606706728,-0.00036649543896830804,-0.0004244478786941749,0.000964867240360066
25,0,XSS,0.0,0.0,0.0,0.0,0.0
25,1,Backdoor,0.0043257465007202865,0.0022411170498932115,0.0030749291449642447,-0.01208632641052169,-0.00018723655041404016
25,1,DDoS_HTTP,0.004691423594614833,0.007457463029299003,0.011875353322234584,-0.0036680440993143142,-0.006362581282606166
25,1,DDoS_ICMP,0.0004703733731594754,-0.00023590585105973672,-0.00027214090810217715,8.812822365630301e-05,0.00039247884623372733
25,1,DDoS_TCP,-0.0004872055994547912,2.7732674152671406e-05,6.948617808093711e-05,0.00019507556554745897,0.00019491118167372368
25,1,DDoS_UDP,0.0,0.0,0.0,0.0,0.0
25,1,Fingerprinting,-0.04812526826043386,0.22554649860173445,0.1943387766062411,0.14394217530769676,0.01763115107809505
25,1,MITM,0.004545454545454547,-0.01060606060606061,-0.01060606060606061,-0.018181818181818188,0.03484848484848486
25,1,Normal,0.0001130651286692356,0.00011157671163757321,3.279640897492775e-05,9.888295671226695e-05,-9.435268778374972e-05
25,1,Password,-0.00019391901883353686,-0.0002123760718695217,-0.0009135409511996022,0.005271824881354663,0.0001978991823141078
25,1,Port_Scanning,-0.0016077170418006433,-0.0016077170418006433,-0.0016077170418006433,0.004823151125401929,0.0
25,1,Ransomware,-0.028190920389029088,0.01308421394050496,0.0015086189800633393,-0.03040395207900793,0.032995048620798974
25,1,SQL_injection,-0.007722097741216503,-0.002925682667167482,0.019222373607173424,-0.005325590841469717,-0.004522150505467867
25,1,Uploading,0.00916220183636487,0.006451015695366057,-0.003179493783279425,-0.010803619394733947,0.0007963779002978196
25,1,Vulnerability_scanner,-0.0013766992152477564,0.002978231762654519,-0.001502910983151151,-0.0014615813145410328,0.0006611877400817053
25,1,XSS,0.0,0.0,0.0,0.0,0.0
25,2,Backdoor,0.0010140846262912376,0.005461140244823996,0.004816678658752875,-0.013223115430134576,0.0030947493563504643
25,2,DDoS_HTTP,0.0028135349734550704,0.006882816057411004,0.003686458488569024,0.00040197971523285304,-0.0014526871192841258
25,2,DDoS_ICMP,2.19317596429347e-06,0.00014716007668764687,0.0002794272711985272,0.00013069483214948608,0.00011299806528855724
25,2,DDoS_TCP,0.0006709392267955934,-0.0010667452280379093,-0.0004397090197430953,-0.0007318640397309191,-0.00043992846992038463
25,2,DDoS_UDP,0.0,0.0,0.0,0.0,0.0
25,2,Fingerprinting,-0.13950652102826297,0.2668551015196557,0.25449424592509023,0.09902925114975057,-0.0008720775662333471
25,2,MITM,-0.0031468531468531384,-0.011888111888111891,-0.005477855477855485,-0.00023310023310025112,0.02074592074592075
25,2,Normal,4.9417363792677214e-05,0.00011251328100063869,-8.512927558725532e-05,3.650685996287965e-05,5.65332748123093e-05
25,2,Password,0.0017161654438912688,-0.0007400982688237689,0.0016897729180978182,0.002953466111343156,0.0010376746719016976
25,2,Port_Scanning,-0.0021265777557905445,-0.0021265777557905445,-0.0021265777557905445,0.007966936697380083,-0.0015872034300084513
25,2,Ransomware,-0.007847214183053055,0.008641934576470278,0.0023092641791958857,-0.014048417754252474,0.006182528419734619
25,2,SQL_injection,-0.009045183944536914,-0.002807336915057344,0.019830496852084538,-0.002498900914194227,-0.004225178420278991
25,2,Uploading,0.003947996927773323,-0.0003920655750220275,0.0006330660562620101,-0.009316995350236069,-0.0027912061286466654
25,2,Vulnerability_scanner,-0.001951242560989704,0.0024686450775639247,-0.000988230915410184,-0.000988230915410184,0.0014590593142461473
25,2,XSS,-0.00013467315860354138,-5.697710556303674e-05,-0.0001087744742567065,2.0718947477467906e-05,-3.1078421216201854e-05
25,3,Backdoor,-0.001458487896795513,0.006541576369795072,0.0030976297406264896,-0.010459661395872089,0.005933185425286382
25,3,DDoS_HTTP,0.007170252987180009,0.00827866889930804,0.005070845343982369,0.0029661711084917036,-0.00018817449806585358
25,3,DDoS_ICMP,0.0003711584530978307,-0.0006707234630631257,-0.0004243873684110574,-0.00010309794726935014,0.00014369905798431077
25,3,DDoS_TCP,7.579023374944538e-05,-0.0003826707620164534,8.096685827089408e-05,-0.0006538433059990578,-0.0006228914743391489
25,3,DDoS_UDP,0.0,0.0,0.0,0.0,0.0
25,3,Fingerprinting,-0.036095317244538155,0.13242339512142823,0.13657767184556907,0.09193501220455512,-0.02854446563071803
25,3,MITM,0.0031468531468531384,0.03836163836163829,-9.990009990009467e-05,-0.010356310356310352,0.04587079587079585
25,3,Normal,6.393069959930905e-05,6.412156382715751e-05,-6.123964629426252e-05,2.117301235320205e-05,-8.04597750900656e-05
25,3,Password,-0.0009408769809863539,-0.00017422650277093926,0.0008731464213506897,0.0009470084575425596,0.0009400719891178656
25,3,Port_Scanning,-0.001075268817204301,-0.001075268817204301,-0.001075268817204301,0.0032258064516129032,0.0
25,3,Ransomware,-0.006416895604499427,0.00992436382234304,0.0055251143694534394,-0.009541948488468184,0.010131739650781754
25,3,SQL_injection,-0.005890960324966297,-0.0024819738580985668,0.01947099158916728,-0.013954732447941116,-0.0014718671323317666
25,3,Uploading,0.003854599332409885,0.006136270720768128,-0.0022877944248596367,-0.011582228680670544,0.001879419683468019
25,3,Vulnerability_scanner,-0.002055855883173404,0.0034600745820865864,-0.0010554440480865642,-0.0010554440480865642,0.0007066693972599458
25,3,XSS,-6.94407350034713e-05,-2.9378772501468622e-05,-5.608674750280373e-05,1.0683190000534045e-05,-1.6024785000801068e-05
25,4,Backdoor,0.0018641930247207301,0.002199086299500247,0.0035271702714917788,-0.010958623468342995,-0.004309369313550165
25,4,DDoS_HTTP,0.005857167558374569,0.009607352513226471,0.009588839549726938,0.004813693846290523,0.0002854947248571447
25,4,DDoS_ICMP,0.009282974670564277,-0.007907318424476038,-0.008177817733583155,0.002816324421147622,0.006441925880460928
25,4,DDoS_TCP,-0.0004017250876159321,-0.00029114172270158594,0.0003012029444723637,1.426577487339357e-05,-0.0006382223078162367
25,4,DDoS_UDP,0.026767346749118324,-0.0059476140991600165,-0.0025585061089952953,0.004525173247058382,-0.023845799607041744
25,4,Fingerprinting,0.0564803176344909,0.19987311020954218,0.20014197379362314,0.17134758810268577,0.03882367692632452
25,4,MITM,0.2652629310976889,-0.16841295128676845,-0.14010990700356898,0.24659209265221946,-0.2088740373807529
25,4,Normal,0.001218891830516916,0.00029146455311243786,5.4672166648600526e-05,-0.0023540057909330597,0.0011548425321565045
25,4,Password,0.0027278063440588918,-0.0011604167962047279,-0.003142068718426966,0.00447107485890147,-0.002687258483865701
25,4,Port_Scanning,-0.0020275516163385894,-0.0020275516163385894,-0.0020275516163385894,0.007034937648150056,-0.0009522827991342884
25,4,Ransomware,-0.006171285212369748,0.011329068082757042,0.009765569175136029,-0.0035380746376309576,0.012293369526568513
25,4,SQL_injection,-0.0020800081157213938,-0.003693227439907627,0.014929227006503457,-0.004481438342649032,-0.003844414550553395
25,4,Uploading,0.006966371484321365,0.0015381845181745143,-0.0008319459278245872,-0.008595242771513023,0.002597355796601948
25,4,Vulnerability_scanner,0.0008159154006629495,0.001835933363058495,-0.0016010280917641635,-0.0018004397849581207,0.0007496191130008397
25,4,XSS,9.254167026012187e-05,-5.414214389405439e-05,0.00013023011247117767,-1.246459567322301e-05,-0.0006084263496966919
25,Aggregated,Backdoor,0.001534627705674511,0.004442096707361426,0.004027076385168545,-0.012200044232053169,0.0012947490129043466
25,Aggregated,DDoS_HTTP,0.0050610423247798115,0.007545854239643805,0.006368698715129195,0.0011058423751973134,-0.0017476660681359825
25,Aggregated,DDoS_ICMP,0.0022229204239592776,-0.0017827096501784102,-0.001759832315063294,0.0006707490873281559,0.0014969968527441665
25,Aggregated,DDoS_TCP,-9.568507403610779e-05,-0.00033004530136230095,9.091136920058215e-05,-0.00021353848681128403,-0.0003576830892144334
25,Aggregated,DDoS_UDP,0.026657887008124295,-0.005912200227273035,-0.0025230922371083137,0.0045283913723914585,-0.023810385735154767
25,Aggregated,Fingerprinting,-0.0052836431578237916,0.2023362992909556,0.1903354062759392,0.13569225552312206,0.005491110639235806
25,Aggregated,MITM,0.3093226954923233,-0.1587463750438681,-0.12875935831628643,0.21043108130423496,-0.24881395833991454
25,Aggregated,Normal,0.00030158727791932034,0.00014363985332257282,-3.621477326264389e-05,-0.0004133497408076522,0.00021322205784685317
25,Aggregated,Password,0.0006362328747870617,-0.0003634422002658196,-0.0003522002152925479,0.0035034461422101823,-0.00017152115380149186
25,Aggregated,Port_Scanning,-0.0017121588089330027,-0.0017121588089330027,-0.0017121588089330027,0.005773366418527709,-0.0006368899917287013
25,Aggregated,Ransomware,-0.010982245120158616,0.009049044041008703,0.0033781992293717513,-0.011423002886233621,0.013334198285844858
25,Aggregated,SQL_injection,-0.006667091738308237,-0.0024581752892371494,0.019324362509331797,-0.007671130604514969,-0.0032556316506029367
25,Aggregated,Uploading,0.0055331516990620045,0.0032992818676777836,-0.0012864156759952185,-0.010506779450151991,0.0008058465001198089
25,Aggregated,Vulnerability_scanner,-0.0013571340034004083,0.002559702800754064,-0.00110319597750305,-0.0011468725399927271,0.0009063080749521242
25,Aggregated,XSS,-3.414546815507189e-05,-2.5370552494619752e-05,-2.103655934064183e-05,5.296905760743727e-06,-8.205123154357101e-05
25,Centralized,Backdoor,0.001534627705674511,0.004442096707361426,0.004027076385168545,-0.012200044232053169,0.0012947490129043466
25,Centralized,DDoS_HTTP,0.0050610423247798115,0.007545854239643805,0.006368698715129195,0.0011058423751973134,-0.0017476660681359825
25,Centralized,DDoS_ICMP,0.0022229204239592776,-0.0017827096501784102,-0.001759832315063294,0.0006707490873281559,0.0014969968527441665
25,Centralized,DDoS_TCP,-9.568507403610779e-05,-0.00033004530136230095,9.091136920058215e-05,-0.00021353848681128403,-0.0003576830892144334
25,Centralized,DDoS_UDP,0.026657887008124295,-0.005912200227273035,-0.0025230922371083137,0.0045283913723914585,-0.023810385735154767
25,Centralized,Fingerprinting,-0.0052836431578237916,0.2023362992909556,0.1903354062759392,0.13569225552312206,0.005491110639235806
25,Centralized,MITM,0.3093226954923233,-0.1587463750438681,-0.12875935831628643,0.21043108130423496,-0.24881395833991454
25,Centralized,Normal,0.00030158727791932034,0.00014363985332257282,-3.621477326264389e-05,-0.0004133497408076522,0.00021322205784685317
25,Centralized,Password,0.0006362328747870617,-0.0003634422002658196,-0.0003522002152925479,0.0035034461422101823,-0.00017152115380149186
25,Centralized,Port_Scanning,-0.0017121588089330027,-0.0017121588089330027,-0.0017121588089330027,0.005773366418527709,-0.0006368899917287013
25,Centralized,Ransomware,-0.010982245120158616,0.009049044041008703,0.0033781992293717513,-0.011423002886233621,0.013334198285844858
25,Centralized,SQL_injection,-0.006667091738308237,-0.0024581752892371494,0.019324362509331797,-0.007671130604514969,-0.0032556316506029367
25,Centralized,Uploading,0.0055331516990620045,0.0032992818676777836,-0.0012864156759952185,-0.010506779450151991,0.0008058465001198089
25,Centralized,Vulnerability_scanner,-0.0013571340034004083,0.002559702800754064,-0.00110319597750305,-0.0011468725399927271,0.0009063080749521242
25,Centralized,XSS,-3.414546815507189e-05,-2.5370552494619752e-05,-2.103655934064183e-05,5.296905760743727e-06,-8.205123154357101e-05
26,0,Backdoor,0.005438323652096674,-0.018540716656314838,0.005907308579847444,0.012651196100844484,-0.001149479462864833
26,0,DDoS_HTTP,0.0007432801417297139,0.0012775643165160297,0.003312360443911828,-9.674227489507673e-05,-0.013551454067712491
26,0,DDoS_ICMP,-0.00019446681563083565,0.0001426012810109012,6.788985592863968e-05,4.798335869204048e-05,-0.0005124252522983782
26,0,DDoS_TCP,0.00015105442487979662,0.0002656054217160216,-0.00018230000487768166,0.0005049134762291778,-0.0007392733179473143
26,0,DDoS_UDP,0.0,0.0,0.0,0.0,0.0
26,0,Fingerprinting,-0.08588772882890533,0.014943206947850913,-0.06914548700926411,0.09517788455094957,-0.21699263756539303
26,0,MITM,0.031318681318681305,-0.05860805860805858,-0.09212454212454203,0.024908424908424917,0.0175824175824176
26,0,Normal,-1.1117819846201416e-05,-8.078019430963202e-05,3.670264741377401e-05,0.00013231391318328697,-7.226107155701526e-05
26,0,Password,-0.0015033504763189338,0.002165946704599383,-0.001120428622534984,0.0009886232067317692,-0.0005307908124772345
26,0,Port_Scanning,-0.0014002853464175108,-0.000321536694853325,-0.000321536694853325,0.003443644082541671,-0.0014002853464175108
26,0,Ransomware,-0.01653091492341113,0.0034516016269655484,-0.0009627520151612019,0.007351614506943342,0.011368344415997322
26,0,SQL_injection,0.007140030172804504,-0.018229533093076556,0.00509183068832665,0.00530158291614084,0.001455980133945872
26,0,Uploading,0.007749045425723142,-0.004478364076574089,-0.0011810024231312507,0.0003642637545782664,0.0007539869203863574
26,0,Vulnerability_scanner,0.0010725046343242543,-0.0001627859605477122,-0.00048092788482689646,-0.0002592022132994735,-0.00016958857565017212
26,0,XSS,0.0,0.0,0.0,0.0,0.0
26,1,Backdoor,0.005890915818637168,-0.017170630487260165,0.0067253730442088325,0.006265033714705135,0.002106101802838752
26,1,DDoS_HTTP,0.0012705963312568901,0.005343033068987592,0.0051383932861561584,0.0012290796414266224,-0.014595307331862721
26,1,DDoS_ICMP,-7.31334300509423e-05,-7.4401314457286e-05,-3.59678233288104e-05,-7.53484636348926e-05,-0.00018529844261240083
26,1,DDoS_TCP,0.00033073460874661156,0.00018584588887645692,-0.0007825405696046543,0.0007561769336567918,-0.000490216861675206
26,1,DDoS_UDP,0.0,0.0,0.0,0.0,0.0
26,1,Fingerprinting,-0.12769471115076161,-0.03779514662809856,-0.09333619900587191,0.026994910809017704,-0.19039107624650747
26,1,MITM,-0.03030303030303032,0.022727272727272728,0.02272727272727274,-0.02272727272727274,0.007575757575757579
26,1,Normal,-0.00010251183530500437,2.499851888702424e-06,0.00011896857906230074,9.143096038677912e-05,-0.0002191617138692777
26,1,Password,-0.0027245746342548925,0.00014589087890787001,0.0009670483651360302,0.00029236424569009146,-0.0035597971480214098
26,1,Port_Scanning,-0.0019251380987715394,-0.00031742105697089607,-0.0019251380987715394,0.006092835353285514,-0.0019251380987715394
26,1,Ransomware,-0.020174002112864266,0.002583463030037514,0.011252168324748969,0.009925888724262918,0.014178215246702637
26,1,SQL_injection,0.007372288830557668,-0.02068709827808289,0.006508482200150804,0.0049872966090249455,0.0015089161345326711
26,1,Uploading,0.01306768953043517,-0.004167025187271972,-0.0009020888623435549,-0.00315749154141437,-0.0017147891637075195
26,1,Vulnerability_scanner,0.0024625460476459045,0.0015702190421462221,-0.0009806455229390018,-0.001379241370222247,-0.0009711061864271619
26,1,XSS,0.0,0.0,0.0,0.0,0.0
26,2,Backdoor,0.006628235466960417,-0.01710544165589992,0.007771570949872188,0.0067993124850273,-0.0017529671292284535
26,2,DDoS_HTTP,0.002572064214488368,0.0014316767891700065,0.004453154818142995,-4.1288206703666656e-05,-0.01346078506548551
26,2,DDoS_ICMP,-0.00013056066518843206,-0.00020618568408661646,-0.00016826736122828588,-0.00018792876578445638,-0.0002053142863506478
26,2,DDoS_TCP,0.0006974863220279719,0.0004423492171278113,-0.00017694876544877374,0.0009402067438541772,0.00010421401307552832
26,2,DDoS_UDP,0.0,0.0,0.0,0.0,0.0
26,2,Fingerprinting,-0.11198440545808966,-0.07826120857699805,-0.10369980506822611,-0.01851461988304092,-0.16753996101364513
26,2,MITM,-0.018031968031968056,0.028588078588078592,-0.013536463536463534,-0.010456210456210467,0.013436563436563442
26,2,Normal,-2.0129852545843394e-05,-4.279985544264897e-05,3.433044398190958e-05,0.00010148929782319664,-9.008906494823444e-05
26,2,Password,-0.0007921688873625029,0.001647433585833652,0.0018023516457457472,-0.0011041283626316933,-0.0015534879815852032
26,2,Port_Scanning,-0.0013916459884201822,-0.0003163771712158809,-0.001391645988420182,0.004491315136476427,-0.0013916459884201822
26,2,Ransomware,-0.019514132104415705,0.007171914393654426,0.0030795142392637718,0.005525718309418374,0.00849888992398387
26,2,SQL_injection,0.0056804908986276955,-0.018985778236825852,0.004378655793275216,0.004520777707198207,0.0025338253115757842
26,2,Uploading,0.0075488640158076084,-0.0027471931215730465,0.0005013645412572209,0.001613660615830463,0.0022919986697399696
26,2,Vulnerability_scanner,-0.000189280028646834,0.0003500968755225616,-3.4620100292753754e-05,-0.0002707441579070232,0.0001445474113240493
26,2,XSS,3.625815808556883e-05,3.625815808556883e-05,8.80555267792386e-05,6.215684243240371e-05,8.80555267792386e-05
26,3,Backdoor,0.007087049915862945,-0.012886134310301727,0.006497219940530394,0.00692433943460913,-0.007622474980700742
26,3,DDoS_HTTP,0.003223273789813515,0.0020926959481075017,0.0030318902399597844,-0.0052253896926267715,-0.019448600396132838
26,3,DDoS_ICMP,-9.580110001070989e-06,7.472860811293577e-06,0.0003091961784538022,-0.0004442388090799443,0.0001414243670301037
26,3,DDoS_TCP,0.0008021778031789661,0.0016277547943264674,-0.00032062257856106023,0.0004121665714315899,-0.0015203700131576606
26,3,DDoS_UDP,0.0,0.0,0.0,0.0,0.0
26,3,Fingerprinting,-0.08235678694657028,0.008455147077438102,-0.038953604301901514,0.041837321318745485,-0.13004027820591293
26,3,MITM,-0.02541791541791544,0.008764568764568744,-0.01864135864135865,-0.01797535797535798,0.05327006327006325
26,3,Normal,-7.544929757697568e-05,-1.354382703963412e-05,3.805639456647321e-05,0.00011652836386976488,-8.944544134181775e-06
26,3,Password,-0.002450400662473424,0.0005511758194437495,-0.002076101408615826,0.001041151160158226,0.000494793897031634
26,3,Port_Scanning,-0.001075268817204301,0.0,-0.001075268817204301,0.0032258064516129032,-0.001075268817204301
26,3,Ransomware,-0.019540502398081694,0.006901126826834442,0.006358173908367866,0.0023161199263550445,0.0013737731256757608
26,3,SQL_injection,0.005841218740002672,-0.016738443346098583,0.005529218198866311,0.005767994981614238,0.0032129969205412123
26,3,Uploading,0.009209076014500309,-0.004209403802151758,-0.0002293744234064354,-7.694424403252113e-05,0.0016248683529893981
26,3,Vulnerability_scanner,0.003474136219149811,0.0010613185285946402,-0.0018144942754106904,-0.0016701976012330902,-0.0010507628711006708
26,3,XSS,1.869558250093458e-05,1.869558250093458e-05,4.540355750226969e-05,3.2049570001602136e-05,4.540355750226969e-05
26,4,Backdoor,0.010161044876961872,-0.01176567113726654,0.008766147931995046,0.0032179953872276197,-0.0003498941683007443
26,4,DDoS_HTTP,0.004022402069246117,0.006380505284177982,0.010272774499623317,-0.005461119460370899,-0.02378060195354126
26,4,DDoS_ICMP,0.002404407883317137,-0.000248224345635939,-7.814284459224385e-05,-0.0015707948076262967,-0.0009519164679684037
26,4,DDoS_TCP,0.00040742665713274786,0.0005688394029077726,0.0002732392720967184,0.0009516197797515132,-0.0011855047131007546
26,4,DDoS_UDP,0.026308210333049663,-0.0027007131168612993,0.00099690696579355,-0.0020831169477701066,-0.014042416169231343
26,4,Fingerprinting,-0.11899872870582247,0.0070470620996936845,-0.06499263860133425,0.031121257249403688,-0.22084361870860755
26,4,MITM,0.47124453607646244,-0.17977483075011017,-0.43604684181205433,0.28228648898881664,-0.06756944086835753
26,4,Normal,0.0014275483042133553,0.00024383626517193353,0.001503655630727524,-0.0031941978661180702,3.603596235792021e-05
26,4,Password,0.0018946249287570558,0.001989256170021562,0.0013903928722500366,-0.0009296724171102153,-0.0061704602780996405
26,4,Port_Scanning,-0.0022515331347150954,-0.0006368899917287013,-0.0011727844831509098,0.006312740744309802,-0.0022515331347150954
26,4,Ransomware,-0.015050798595037511,-0.0004253575693802025,0.005443700272406874,-0.00018563752788594196,-0.003552751120178495
26,4,SQL_injection,0.003556540490684033,-0.012669034276348754,0.002746442102316169,0.003235916231521218,0.0011595940505534327
26,4,Uploading,0.01215817596616905,-0.0028059886447964508,0.0006890676875510603,-0.0005055814277962568,-0.002085024529740993
26,4,Vulnerability_scanner,0.018657355448975066,0.015578525061647896,0.016097565723445447,0.00801671597796401,-0.05835016221203242
26,4,XSS,0.0019858094816051974,0.0005844153091003667,0.0004401013188030133,-0.00039134884698873254,-0.002166715955987175
26,Aggregated,Backdoor,0.007047557816078563,-0.015467752273437019,0.007134588165571134,0.007123811929332088,-0.001741756539165958
26,Aggregated,DDoS_HTTP,0.0023884414331752277,0.003278960307871817,0.005230141354156276,-0.001944052858833455,-0.016997169915375962
26,Aggregated,DDoS_ICMP,0.00040086694963810306,-7.559830847064427e-05,1.9047524953763607e-05,-0.0004472906734670638,-0.0003433092813263335
26,Aggregated,DDoS_TCP,0.0004774921865332071,0.000617898208340421,-0.00023801271710938526,0.000712768849003755,-0.0007648831458086776
26,Aggregated,DDoS_UDP,0.026118257277520564,-0.002617001959342132,0.0010269571613646666,-0.0020423389794717397,-0.0140070024350909
26,Aggregated,Fingerprinting,-0.10629309746660764,-0.01484209135218626,-0.07298416474547016,0.03735463933970169,-0.18623970403758777
26,Aggregated,MITM,0.46883865003028974,-0.15160489680558029,-0.30260981538324955,0.2254007926213952,-0.049654061647383216
26,Aggregated,Normal,0.00024550950448646116,2.2317163448687395e-05,0.00034787199780030866,-0.0005546931803091756,-7.049157228785815e-05
26,Aggregated,Password,-0.0010806820261026362,0.001338206656391248,0.0001818723730733283,2.977507176056271e-05,-0.002306849866311488
26,Aggregated,Port_Scanning,-0.0016102312477782612,-0.0003187929537040943,-0.001178032390912716,0.004717287840173333,-0.0016102312477782612
26,Aggregated,Ransomware,-0.01810677126621317,0.00397459447309998,0.005072102376074192,0.004934626920042167,0.006257703955980564
26,Aggregated,SQL_injection,0.005907348211231097,-0.017543326227020244,0.004866689134106654,0.00479486244337475,0.001983518504570727
26,Aggregated,Uploading,0.009939829148520962,-0.0036730023454472896,-0.00021468449928600716,-0.0003444554496055676,0.00018992075648761967
26,Aggregated,Vulnerability_scanner,0.006107156416594531,0.004675281034583323,0.0035638116888445943,0.001770341113980271,-0.01597539860881272
26,Aggregated,XSS,0.00025018607388652706,8.45488640116043e-05,8.465489762555534e-05,-2.3911548892385664e-05,-0.00023817138085814027
26,Centralized,Backdoor,0.007047557816078563,-0.015467752273437019,0.007134588165571134,0.007123811929332088,-0.001741756539165958
26,Centralized,DDoS_HTTP,0.0023884414331752277,0.003278960307871817,0.005230141354156276,-0.001944052858833455,-0.016997169915375962
26,Centralized,DDoS_ICMP,0.00040086694963810306,-7.559830847064427e-05,1.9047524953763607e-05,-0.0004472906734670638,-0.0003433092813263335
26,Centralized,DDoS_TCP,0.0004774921865332071,0.000617898208340421,-0.00023801271710938526,0.000712768849003755,-0.0007648831458086776
26,Centralized,DDoS_UDP,0.026118257277520564,-0.002617001959342132,0.0010269571613646666,-0.0020423389794717397,-0.0140070024350909
26,Centralized,Fingerprinting,-0.10629309746660764,-0.01484209135218626,-0.07298416474547016,0.03735463933970169,-0.18623970403758777
26,Centralized,MITM,0.46883865003028974,-0.15160489680558029,-0.30260981538324955,0.2254007926213952,-0.049654061647383216
26,Centralized,Normal,0.00024550950448646116,2.2317163448687395e-05,0.00034787199780030866,-0.0005546931803091756,-7.049157228785815e-05
26,Centralized,Password,-0.0010806820261026362,0.001338206656391248,0.0001818723730733283,2.977507176056271e-05,-0.002306849866311488
26,Centralized,Port_Scanning,-0.0016102312477782612,-0.0003187929537040943,-0.001178032390912716,0.004717287840173333,-0.0016102312477782612
26,Centralized,Ransomware,-0.01810677126621317,0.00397459447309998,0.005072102376074192,0.004934626920042167,0.006257703955980564
26,Centralized,SQL_injection,0.005907348211231097,-0.017543326227020244,0.004866689134106654,0.00479486244337475,0.001983518504570727
26,Centralized,Uploading,0.009939829148520962,-0.0036730023454472896,-0.00021468449928600716,-0.0003444554496055676,0.00018992075648761967
26,Centralized,Vulnerability_scanner,0.006107156416594531,0.004675281034583323,0.0035638116888445943,0.001770341113980271,-0.01597539860881272
26,Centralized,XSS,0.00025018607388652706,8.45488640116043e-05,8.465489762555534e-05,-2.3911548892385664e-05,-0.00023817138085814027
27,0,Backdoor,0.00027619920805612336,0.00461502217905672,-0.000475354413925035,-0.0040291803008813964,-0.00038668667230641146
27,0,DDoS_HTTP,0.0017530173348639544,0.0011261145379124371,0.007292524498559506,0.0032505328493087006,-0.002436241395698269
27,0,DDoS_ICMP,0.0009288574962828348,-0.0007792308772444634,0.00034980020154107283,-0.0006428449498882457,0.0003658476451769514
27,0,DDoS_TCP,-0.02524382644860904,0.016841718711828314,0.005491506445165565,0.002622155593411664,0.0016068372604974715
27,0,DDoS_UDP,0.0,0.0,0.0,0.0,0.0
27,0,Fingerprinting,0.09794955038274764,0.19529279473587746,-0.12277908577599597,0.10820453154175631,-0.03893051666435252
27,0,MITM,0.04487179487179483,-0.032051282051282014,-0.025641025641025612,0.019230769230769218,-0.006410256410256406
27,0,Normal,0.0001481584957286175,5.2008392540188926e-05,-3.630940736169171e-05,-7.996153135949036e-05,4.705495008137661e-05
27,0,Password,-0.0008864995799723585,0.0014802150805325875,4.769187493236515e-05,-0.0002630718572964111,-0.0006309154417005423
27,0,Port_Scanning,0.12715422523489614,0.03646218729621821,-0.09218240613437355,-0.11402423385953356,0.05549345326924455
27,0,Ransomware,0.0014579496785592117,-0.010936604999192504,-0.0033293424905548987,-0.0016713151386383406,0.014479312949826533
27,0,SQL_injection,0.0012212623515021202,-0.005870391372751515,0.0017753324514526163,0.0017273310936390285,0.00038657465801640405
27,0,Uploading,0.015487660529773612,-0.002911535408378803,-0.005301478412761423,0.014843555962053386,-0.0036155288738953175
27,0,Vulnerability_scanner,0.0026980053229542183,-0.001461473790132158,-0.00156364382103051,0.0038424131514340266,0.005566919912720871
27,0,XSS,0.0,0.0,0.0,0.0,0.0
27,1,Backdoor,-0.0006960413668883873,-0.00108860664173967,-0.0009700083545239214,-0.0006515101257564067,-0.00041062740422133647
27,1,DDoS_HTTP,4.3807334482959257e-05,-0.001193073638256458,0.006630213284525355,0.006210235786314018,-0.00806773524745874
27,1,DDoS_ICMP,0.00018339867040986964,-0.0005836414942286706,0.00045093736902891425,-0.0002788088139008253,0.000447090494375831
27,1,DDoS_TCP,-0.02634843648650007,0.016254929066098635,0.004395687112303615,0.002788450403440875,0.002909369904656913
27,1,DDoS_UDP,0.0,0.0,0.0,0.0,0.0
27,1,Fingerprinting,-0.0169586560442619,0.3029315346289935,-0.1169006029550135,0.2226604414665287,-0.020085207517702687
27,1,MITM,-0.007575757575757588,-0.007575757575757579,0.007575757575757569,-0.02272727272727274,0.030303030303030307
27,1,Normal,0.00010552006752211722,0.00011763517425881775,8.479386738264871e-05,5.488351448412939e-05,-7.368703414016853e-05
27,1,Password,0.0017422914529691715,0.0027179358893777155,0.0022475449155903784,0.0007871686641978728,0.0017308655294777514
27,1,Port_Scanning,0.12531369015153973,0.02865957684254253,-0.0975441275510223,-0.1135775468060755,0.06362089927240058
27,1,Ransomware,0.00849931466898571,-0.013562615475466742,-0.022551728004674965,0.005692463097656653,0.011845159550216118
27,1,SQL_injection,0.0002037011452775822,-0.002613881529130053,0.0009194352464543509,0.0008814243947605632,0.0009194352464543509
27,1,Uploading,0.029990884796356174,-0.0036781833962404174,-0.0073104427873277,0.03236418747385341,0.004380204566903761
27,1,Vulnerability_scanner,0.00676540596794065,-0.001184473857857791,-0.0007526457708317798,0.006938392531407502,0.006781446553370147
27,1,XSS,0.0,0.0,0.0,0.0,0.0
27,2,Backdoor,0.00041468039653697606,-0.0018762396089436325,0.0004139154673443964,-8.318097160609309e-05,-4.181173557339564e-05
27,2,DDoS_HTTP,0.0023295567265817635,0.0010403244412649597,0.004356343236348916,0.004089215623105926,-0.0032855587374537357
27,2,DDoS_ICMP,0.0003968484431295364,-8.267766760005439e-05,0.00021116992006537568,0.00018329244498579793,0.0004150006471524026
27,2,DDoS_TCP,-0.0252098726404848,0.01600346416073224,0.004922409219425063,0.004616619279317858,-0.002339927549627026
27,2,DDoS_UDP,0.0,0.0,0.0,0.0,0.0
27,2,Fingerprinting,0.014870525180219578,0.3335491989739828,-0.12310782999922253,0.2796011026795597,0.03354854162699873
27,2,MITM,-0.011363636363636373,-0.005050505050505054,0.0037878787878787845,-0.020202020202020214,0.03282828282828283
27,2,Normal,0.0001071718113953272,6.47958264286245e-05,-7.383727957094299e-06,-9.362340856024868e-05,6.205152202432747e-05
27,2,Password,0.0005356170784922181,0.0016055314988641272,0.0007812059751743427,0.00042946362734790403,-0.0009014652559126715
27,2,Port_Scanning,0.12464564027236605,0.026872621032222484,-0.09381562548088265,-0.10359519646241665,0.0523650525480958
27,2,Ransomware,0.005323601282659135,-0.00828549219753818,-0.005898738275696549,0.0011732512952092656,0.007687377895366328
27,2,SQL_injection,0.000700483960056094,-0.0024373684659823374,0.0012732017109392626,0.0011681039214189006,0.0011676073997170357
27,2,Uploading,0.014815496075685313,-0.006348871885235117,-0.008245014284768792,0.01364396065215021,3.396442096135118e-05
27,2,Vulnerability_scanner,0.001384641191142701,0.0005907351945186656,0.00047782790141718265,0.002376818551030914,0.005013154442224107
27,2,XSS,-0.00015021236921164232,-2.0718947477467906e-05,-0.0001761110535584772,5.697710556303674e-05,-2.0718947477467906e-05
27,3,Backdoor,0.0005187419137446414,0.0019277384964533702,0.0001505470942608759,-0.002046485189620604,0.000676944461781374
27,3,DDoS_HTTP,-0.00013981992665818658,0.0018967398663399832,0.0070024509071745815,0.0029357125656580855,-0.0048383667220027755
27,3,DDoS_ICMP,0.0005082668035257032,-0.0011078539818809333,0.00032374202612057144,-0.0005197527383831391,0.0005648252614121201
27,3,DDoS_TCP,-0.030609999323913676,0.0170683166498247,0.008452529262187565,0.0061312998129572594,-0.001229622642545932
27,3,DDoS_UDP,0.0,0.0,0.0,0.0,0.0
27,3,Fingerprinting,-0.0033782274730657837,0.191845409536543,-0.13299918351384274,0.16437889170209763,-0.029370699775541596
27,3,MITM,-0.006876456876456868,-0.026767676767676753,-0.013888888888888892,-0.05526418026418025,0.025874125874125894
27,3,Normal,0.00010730820363842689,5.245718892202822e-05,2.1058292975417724e-05,-7.23048930981962e-05,-4.783325007088705e-06
27,3,Password,0.001892705725477986,-0.0012405855119366907,-0.0023841549448752413,-0.00029406893606220933,0.0041992267008567775
27,3,Port_Scanning,0.11268881430742156,0.024102506852762152,-0.08273693955642812,-0.09648884954392645,0.04890695984955565
27,3,Ransomware,0.004731788202777556,-0.009533844428799449,-0.0029603253650448635,7.125111992256258e-05,0.004155158758917889
27,3,SQL_injection,-0.0007577567021661763,-0.005837297980843512,0.0012400679306829694,0.001363367063867558,0.00037863419353329766
27,3,Uploading,0.019883317644588474,-0.0046271521556276824,-0.008178068024485069,0.022300475621174782,0.0022003742827705615
27,3,Vulnerability_scanner,0.007658166305896267,-0.0017728258024979884,-0.0023115450761987937,0.008639016099588791,0.005494945557236556
27,3,XSS,-7.745312750387182e-05,-1.0683190000534045e-05,-9.080711500453938e-05,2.9378772501468622e-05,-1.0683190000534045e-05
27,4,Backdoor,0.0019796796565565546,-0.002987620346066198,-0.003156545322436512,-0.0036183632788950757,0.0015919979933141759
27,4,DDoS_HTTP,0.0005836985795165903,0.0014973202718769156,0.008700392669502415,0.003017709771136523,-0.006698718870873224
27,4,DDoS_ICMP,0.005742996440176923,-0.002898341200388288,-0.003490391575186084,0.0007369257866136902,0.000578248960957021
27,4,DDoS_TCP,-0.02707588037064048,0.016413310900895723,0.004310766867536657,0.0021711235486142435,0.004485190668007196
27,4,DDoS_UDP,0.027031602321438884,-0.014154321932623113,-0.010105128373475896,0.0020047284669576543,-0.007652924672853626
27,4,Fingerprinting,0.07605411536887335,0.22769646610475275,-0.07096868461445298,0.15125531423419908,-0.01737054442670538
27,4,MITM,0.25151551361175567,-0.18015470240693038,-0.27360581647891197,0.40157019183690473,-0.23732224105471808
27,4,Normal,0.0017856395174027392,0.0005184227205478269,0.0002469350241717072,-0.002585657587710601,0.0002498860153808143
27,4,Password,0.01329630510621576,-0.019385023611004863,0.004080743937884466,0.0026281575725068456,0.005631593067145713
27,4,Port_Scanning,0.12155767789270729,0.03335951367373776,-0.10102080933242526,-0.11526915109679028,0.06784526077215544
27,4,Ransomware,0.0040295019921323914,-0.005296362603314882,-0.0031090644818681274,-0.0004891732979151409,0.004865098390965759
27,4,SQL_injection,0.00015976114911690488,-0.000571820090249825,0.0008454424598226824,0.0007758243216395364,0.0007613335609445964
27,4,Uploading,0.023128013363807678,-0.009120399096018993,-0.012309862868844048,0.02199646027991784,-0.004708160369748417
27,4,Vulnerability_scanner,0.029172201669835286,-0.008617686188361152,0.0009861226042087,-0.018141977820277776,0.011079735883473626
27,4,XSS,0.0005143391895719787,-3.706361081180313e-05,2.8117366538714845e-05,-0.0013227397100602544,0.00036508545822869454
27,Aggregated,Backdoor,0.0004901765669024283,0.00010144462036253225,-0.0008091848580224251,-0.0020831112889378484,0.00028377710946413207
27,Aggregated,DDoS_HTTP,0.0009253371804863834,0.000897635270062693,0.006792863378867863,0.003871281174929473,-0.00507193364788861
27,Aggregated,DDoS_ICMP,0.0015603409381882798,-0.0010930390768697136,-0.000445337558574177,-9.89631603183309e-05,0.0004778406379161067
27,Aggregated,DDoS_TCP,-0.02689922115077589,0.016509627528711313,0.005515528217629952,0.0036699635565196806,0.0010872543012460933
27,Aggregated,DDoS_UDP,0.026833072715307067,-0.014106030588081823,-0.010024641282915232,0.0020261882934462534,-0.007604633328312338
27,Aggregated,Fingerprinting,0.03619745401763204,0.24757878409072637,-0.11257884389050583,0.17976066495495896,-0.01539830891870959
27,Aggregated,MITM,0.25311075012760503,-0.1883283289366033,-0.26323171657006195,0.3171915234287519,-0.21391165847507
27,Aggregated,Normal,0.00045189060948790013,0.00016152985656343785,6.193585988066482e-05,-0.0005571755460748969,5.616653127309042e-05
27,Aggregated,Password,0.0037354346490315357,-0.004312166919159516,0.0012750440869750143,0.0009653337288392803,0.0023327018401649914
27,Aggregated,Port_Scanning,0.12229968996576766,0.029969313390403,-0.09350846505866671,-0.10866481234800747,0.057666240415315935
27,Aggregated,Ransomware,0.004626763562488281,-0.009497963831535481,-0.007267684405533634,0.000883122014218433,0.008498653970487293
27,Aggregated,SQL_injection,0.00030160939113349955,-0.0034848075824615646,0.0012376537058448693,0.001206780211411874,0.0007296722078083384
27,Aggregated,Uploading,0.020662965497351374,-0.005307597094361591,-0.00825587206938735,0.021060946735985124,-0.00031540246783697917
27,Aggregated,Vulnerability_scanner,0.009893412606116434,-0.0027211707637053756,-0.0005445244094308817,0.0003761351033859069,0.006945713388589584
27,Aggregated,XSS,1.102633174935331e-05,-1.0661967980908743e-05,-5.453613888576602e-05,-0.00014033454583048445,3.719941517464515e-05
27,Centralized,Backdoor,0.0004901765669024283,0.00010144462036253225,-0.0008091848580224251,-0.0020831112889378484,0.00028377710946413207
27,Centralized,DDoS_HTTP,0.0009253371804863834,0.000897635270062693,0.006792863378867863,0.003871281174929473,-0.00507193364788861
27,Centralized,DDoS_ICMP,0.0015603409381882798,-0.0010930390768697136,-0.000445337558574177,-9.89631603183309e-05,0.0004778406379161067
27,Centralized,DDoS_TCP,-0.02689922115077589,0.016509627528711313,0.005515528217629952,0.0036699635565196806,0.0010872543012460933
27,Centralized,DDoS_UDP,0.026833072715307067,-0.014106030588081823,-0.010024641282915232,0.0020261882934462534,-0.007604633328312338
27,Centralized,Fingerprinting,0.03619745401763204,0.24757878409072637,-0.11257884389050583,0.17976066495495896,-0.01539830891870959
27,Centralized,MITM,0.25311075012760503,-0.1883283289366033,-0.26323171657006195,0.3171915234287519,-0.21391165847507
27,Centralized,Normal,0.00045189060948790013,0.00016152985656343785,6.193585988066482e-05,-0.0005571755460748969,5.616653127309042e-05
27,Centralized,Password,0.0037354346490315357,-0.004312166919159516,0.0012750440869750143,0.0009653337288392803,0.0023327018401649914
27,Centralized,Port_Scanning,0.12229968996576766,0.029969313390403,-0.09350846505866671,-0.10866481234800747,0.057666240415315935
27,Centralized,Ransomware,0.004626763562488281,-0.009497963831535481,-0.007267684405533634,0.000883122014218433,0.008498653970487293
27,Centralized,SQL_injection,0.00030160939113349955,-0.0034848075824615646,0.0012376537058448693,0.001206780211411874,0.0007296722078083384
27,Centralized,Uploading,0.020662965497351374,-0.005307597094361591,-0.00825587206938735,0.021060946735985124,-0.00031540246783697917
27,Centralized,Vulnerability_scanner,0.009893412606116434,-0.0027211707637053756,-0.0005445244094308817,0.0003761351033859069,0.006945713388589584
27,Centralized,XSS,1.102633174935331e-05,-1.0661967980908743e-05,-5.453613888576602e-05,-0.00014033454583048445,3.719941517464515e-05
28,0,Backdoor,0.0028741797455845448,0.003489774530545296,-0.0022156336529865466,0.0022826414797329237,-0.006430962102876218
28,0,DDoS_HTTP,-0.001658920729868175,-0.004770385670347086,-0.00485349731280967,0.00040731582911137656,-0.00011045994103277371
28,0,DDoS_ICMP,0.00045588180428668597,-0.0005502847196360276,4.322829450242131e-05,-0.0003110180057775395,0.00036382026787934636
28,0,DDoS_TCP,0.014364049131257542,-0.024015634132383723,0.025732783135342694,-0.02349600966794432,0.020795026906385704
28,0,DDoS_UDP,0.0,0.0,0.0,0.0,0.0
28,0,Fingerprinting,0.05790979739512269,0.14566283191221413,-0.08763049639846901,-0.21135187455516846,-0.025279913526113355
28,0,MITM,-0.004761904761904763,0.007142857142857145,-0.06428571428571424,0.07307692307692303,-0.011172161172161169
28,0,Normal,8.354115259393188e-05,2.0569195332109656e-06,-0.00014600483470652014,2.1052087864359415e-05,-2.49141091285617e-05
28,0,Password,0.0016959401081915765,-0.002029060374260286,-0.009905372403322298,0.004461093957546703,0.005777398711844315
28,0,Port_Scanning,-0.09630071991821014,0.13301523937374077,-0.05444584019739543,0.1470356329857849,0.018986491800374653
28,0,Ransomware,0.0024391639881213715,-0.0006665474857964427,0.004284682994350795,-0.012618968071580168,0.0031462334353313487
28,0,SQL_injection,4.524882775598001e-05,0.0005130864815604777,0.0002150684731058709,0.0011212365874044958,0.0008854148543210182
28,0,Uploading,0.013361273944727105,0.001957053918020292,-0.01789784991213045,0.0005715815828944093,-0.0036948707784912843
28,0,Vulnerability_scanner,0.0035661828337039845,0.0015908010754384434,-0.006869022830429905,0.0011252140128774697,-0.001902482886742877
28,0,XSS,0.0,0.0,0.0,0.0,0.0
28,1,Backdoor,0.001138394458663063,0.001027440160689643,0.001157377368689211,0.0013642655649374299,-0.0023184330675884656
28,1,DDoS_HTTP,-0.004966555808267171,-0.005672514396719025,-0.004338834240541477,0.0035213183761834523,0.005008279792674904
28,1,DDoS_ICMP,0.00031332169663793964,-0.00027781279282561576,0.00025663728380790897,9.094996640081991e-05,7.010114888000111e-05
28,1,DDoS_TCP,0.011044699771378941,-0.02367476643511107,0.025030248229708636,-0.021759977029144874,0.0215850878911672
28,1,DDoS_UDP,0.0,0.0,0.0,0.0,0.0
28,1,Fingerprinting,0.021069519742138863,0.2119394893408235,0.01319319093807858,-0.15793510133079353,-0.09102571937990292
28,1,MITM,-0.01969696969696971,0.01060606060606061,0.03333333333333333,-0.034848484848484865,0.01060606060606061
28,1,Normal,3.222196568736605e-05,-6.37382574949367e-05,-0.00020972607979799124,5.035876214260308e-05,3.516792596303479e-05
28,1,Password,0.004167455485535926,-0.0020916497295085435,-0.009262865899496596,0.0033210328830756168,0.0038660272603935923
28,1,Port_Scanning,-0.11773334802659138,0.130407612352735,-0.05624851705093238,0.16056387104576583,0.021116203022649868
28,1,Ransomware,0.0006635573181734041,0.006450146034446787,-0.004517671547186501,-0.0008671184794107519,0.0049486406569202905
28,1,SQL_injection,0.00022562902621308157,-0.0004414578825085507,0.00043888197274567634,0.0014581422175786716,0.001209795305596706
28,1,Uploading,0.019847981763362207,-0.005600546057803922,-0.03209693300935513,0.0038650748741849176,-0.007258727345706111
28,1,Vulnerability_scanner,0.005580970894402345,0.001852286924520354,-0.009768627366092863,-0.00018912838756639146,-0.0036218941331196074
28,1,XSS,0.0,0.0,0.0,0.0,0.0
28,2,Backdoor,-0.0010979129413297057,0.0003621924462937261,0.0020196428860927984,-0.0005894066947958002,-0.0006945156962610185
28,2,DDoS_HTTP,-0.003920957070966496,-0.0077046028924392775,-0.005123694703808153,0.0027943651762615106,0.005425008201104594
28,2,DDoS_ICMP,6.459696581276505e-05,-0.0003542514438199973,7.828918248697914e-06,-0.00010263085276530267,-6.619593323163864e-05
28,2,DDoS_TCP,0.016166969000498358,-0.028015402225223383,0.02874626565254157,-0.025717945945521018,0.022577473057199815
28,2,DDoS_UDP,0.0,0.0,0.0,0.0,0.0
28,2,Fingerprinting,-0.015894392427612647,0.17347374587822773,-0.005337564534124151,-0.16307404121402375,-0.11096261949733896
28,2,MITM,-0.01585081585081586,0.014452214452214453,0.017948717948717965,-0.031002331002331015,0.014452214452214453
28,2,Normal,3.766585914859825e-05,-3.312695517048159e-05,-8.629605048534975e-05,-9.651689987962471e-06,2.489815424514171e-05
28,2,Password,0.0008140040291025302,-0.0005026704542715759,-0.005018204537279358,0.0026711663417102686,0.0020357046207381355
28,2,Port_Scanning,-0.0944456030145516,0.12262559047798653,-0.05207732109754801,0.14462931239690954,0.016939673471962645
28,2,Ransomware,-0.0018127646913748277,-0.0009041815965569244,0.0019422309701132233,-0.004482529342642044,0.005257244660460573
28,2,SQL_injection,0.00017643003270034023,-0.00018986354830248102,0.0003868443147959292,0.0001068264766473088,-0.0004802372758410972
28,2,Uploading,0.007100243748897982,0.003971441876255574,-0.018832365516041404,0.0015926096014262342,-0.002733026701202664
28,2,Vulnerability_scanner,0.000372313612612557,0.0010059079705025582,-0.004148422428405944,0.0007029890929119061,-0.0009456988371909503
28,2,XSS,-4.143789495493581e-05,8.80555267792386e-05,8.80555267792386e-05,6.215684243240371e-05,-0.0001968300010359451
28,3,Backdoor,-0.001503502150538007,0.0011367364256230268,-0.00029759888691118414,-0.0006280298367344617,-0.0011578580016918065
28,3,DDoS_HTTP,-0.0026008079516920634,-0.006823902484181386,-0.001585244233458603,0.004802014025339798,0.004190248792275513
28,3,DDoS_ICMP,2.776209736052119e-05,-0.0008293829247428941,0.0004234840863875544,0.00012513706287291536,0.00025452834840959025
28,3,DDoS_TCP,0.014996343290162317,-0.019371215161056797,0.027115690658367934,-0.029884660072208555,0.018609638078103865
28,3,DDoS_UDP,0.0,0.0,0.0,0.0,0.0
28,3,Fingerprinting,-0.023448011005406656,0.17235283771194904,-0.02385443085184613,-0.13121351325021804,-0.04878193754953306
28,3,MITM,-0.0700999000999001,0.030466200466200428,0.038974358974359,-0.0035997335997335735,0.004259074259074262
28,3,Normal,9.179277390065262e-05,2.45023145279392e-05,-6.427042545825898e-05,-2.098073690556997e-05,-1.5116768129227094e-06
28,3,Password,0.0057582937491985455,-0.0007089127712555991,-0.010130311819098419,0.003892032407663934,0.001188898433491529
28,3,Port_Scanning,-0.10432173428499551,0.13922879779230554,-0.05724697587593138,0.13432375352546336,0.009203241401857893
28,3,Ransomware,0.0006916084756918424,-0.006851691146559291,0.004293374663524191,-0.0007973367571248873,0.009777587856123494
28,3,SQL_injection,1.9661152578274075e-05,-0.0009171335358426273,0.0008823528818993671,0.002182828969104901,0.0036120710965234
28,3,Uploading,0.014491724940033287,-0.0006507287400927176,-0.024415771624990253,-5.511511475631651e-05,-0.003935935790726214
28,3,Vulnerability_scanner,0.006316424786747804,0.0012732973431491379,-0.01124915473913077,-0.0004010335784701539,-0.004018873503325164
28,3,XSS,-2.136638000106809e-05,4.540355750226969e-05,4.540355750226969e-05,3.2049570001602136e-05,-0.00010149030500507342
28,4,Backdoor,-0.0004785605653655193,-0.0003868080160808455,-0.0003845340639900811,5.554492313712411e-05,-0.001485400139800186
28,4,DDoS_HTTP,-0.005134185933428374,-0.014949874047282518,-0.0058522369492606825,0.004224608222104445,0.007667318613427476
28,4,DDoS_ICMP,0.006268886576452128,0.0024241680096317164,0.00279733442826254,-0.014789179902094458,0.003301227950599931
28,4,DDoS_TCP,0.01314748674494952,-0.026955817777256617,0.026553986983836146,-0.021361234208113335,0.023107733591821913
28,4,DDoS_UDP,0.027824684991466286,-0.0067782454104518795,-0.01018949575973947,-0.0021462708924595156,-0.010220614845792057
28,4,Fingerprinting,0.01570648930603202,0.15819619539174815,-0.03805993187752943,-0.1827152277172332,-0.059794191769684125
28,4,MITM,0.25615954439758215,-0.1786896588907995,-0.3169054194813175,0.36931445287762454,-0.14242247291005777
28,4,Normal,0.0008363536021432953,-0.0001482013423270571,-0.00029823650837126534,-0.0007030593366276076,0.00027585218034919536
28,4,Password,0.03290808409721953,0.0023331421539251134,-0.005678116510273103,-0.00650029510746982,-0.022789057661153817
28,4,Port_Scanning,-0.10153280290538612,0.13542445331423736,-0.05011302155369828,0.15495628160812283,0.026899422553155288
28,4,Ransomware,0.003995782833941852,-0.005553713004295516,0.007543654438412232,-0.0035124786974132533,0.004329716552445747
28,4,SQL_injection,0.0012425019816425466,0.0006924274257223005,0.0015200050260297635,-0.00391917515729287,0.000464240723898259
28,4,Uploading,0.012387499065661346,-0.004417442076305419,-0.024635508858826125,0.0036756582885225882,0.0005912594849788237
28,4,Vulnerability_scanner,0.005138587871175367,0.0032200043038040768,-0.007206066574289336,-0.0024113289984836433,-0.004150563738891625
28,4,XSS,0.002095603823682808,0.00048233227044462934,0.0006197420867957044,-0.0020604519746835453,-0.0011372262062395964
28,Aggregated,Backdoor,0.00019470674544123102,0.0011242553624142707,5.2955300512789556e-05,0.000490664041868849,-0.002398327217875403
28,Aggregated,DDoS_HTTP,-0.0036629059317288596,-0.008003537143779988,-0.004330902631690285,0.0031694173777342405,0.004444251413068594
28,Aggregated,DDoS_ICMP,0.0014729265295459037,0.00012734720472612666,0.0007501386464713155,-0.0031784095034986044,0.0008296904805260407
28,Aggregated,DDoS_TCP,0.013940761316678593,-0.024398389030771253,0.026630097144944336,-0.024447697927645316,0.021331478430871628
28,Aggregated,DDoS_UDP,0.027669072690711557,-0.006746050213071701,-0.010109002451768986,-0.002135542290068439,-0.010188419652779047
28,Aggregated,Fingerprinting,0.0113615914255791,0.16914665096182044,-0.028402904751270833,-0.17118566612583927,-0.06656256110592773
28,Aggregated,MITM,0.2362631358590902,-0.19409606888393222,-0.2632453865036872,0.3098802175970905,-0.12421753997707062
28,Aggregated,Normal,0.00021658771845970795,-4.3735924847798646e-05,-0.000160949847724412,-0.0001327854672210175,6.206539293771018e-05
28,Aggregated,Password,0.010668562620820317,-0.0001547989297232937,-0.007689325534769514,0.001156361649851949,-0.003928767620556076
28,Aggregated,Port_Scanning,-0.10289634546584726,0.1321736224921335,-0.0539594178521913,0.14836226100121627,0.018617937469480175
28,Aggregated,Ransomware,0.0011455787464056159,-0.001516098876399267,0.002953147531078711,-0.004569567355573517,0.0054373947493734955
28,Aggregated,SQL_injection,0.0004640505703536644,3.8532207280114286e-05,0.0008272353743489701,-0.0002976740755717212,0.0012925195273914571
28,Aggregated,Uploading,0.013428840528909407,-0.0009465971429846546,-0.023598506465450315,0.0019274385385248786,-0.003427377766212639
28,Aggregated,Vulnerability_scanner,0.00422070078216219,0.0018117034399621663,-0.007851075620799794,-0.0002540350222237457,-0.002951395374239718
28,Aggregated,XSS,0.00023811358798854197,9.032790481824174e-05,0.00010751330261199975,-0.00023591449987287022,-0.00020004029554591325
28,Centralized,Backdoor,0.00019470674544123102,0.0011242553624142707,5.2955300512789556e-05,0.000490664041868849,-0.002398327217875403
28,Centralized,DDoS_HTTP,-0.0036629059317288596,-0.008003537143779988,-0.004330902631690285,0.0031694173777342405,0.004444251413068594
28,Centralized,DDoS_ICMP,0.0014729265295459037,0.00012734720472612666,0.0007501386464713155,-0.0031784095034986044,0.0008296904805260407
28,Centralized,DDoS_TCP,0.013940761316678593,-0.024398389030771253,0.026630097144944336,-0.024447697927645316,0.021331478430871628
28,Centralized,DDoS_UDP,0.027669072690711557,-0.006746050213071701,-0.010109002451768986,-0.002135542290068439,-0.010188419652779047
28,Centralized,Fingerprinting,0.0113615914255791,0.16914665096182044,-0.028402904751270833,-0.17118566612583927,-0.06656256110592773
28,Centralized,MITM,0.2362631358590902,-0.19409606888393222,-0.2632453865036872,0.3098802175970905,-0.12421753997707062
28,Centralized,Normal,0.00021658771845970795,-4.3735924847798646e-05,-0.000160949847724412,-0.0001327854672210175,6.206539293771018e-05
28,Centralized,Password,0.010668562620820317,-0.0001547989297232937,-0.007689325534769514,0.001156361649851949,-0.003928767620556076
28,Centralized,Port_Scanning,-0.10289634546584726,0.1321736224921335,-0.0539594178521913,0.14836226100121627,0.018617937469480175
28,Centralized,Ransomware,0.0011455787464056159,-0.001516098876399267,0.002953147531078711,-0.004569567355573517,0.0054373947493734955
28,Centralized,SQL_injection,0.0004640505703536644,3.8532207280114286e-05,0.0008272353743489701,-0.0002976740755717212,0.0012925195273914571
28,Centralized,Uploading,0.013428840528909407,-0.0009465971429846546,-0.023598506465450315,0.0019274385385248786,-0.003427377766212639
28,Centralized,Vulnerability_scanner,0.00422070078216219,0.0018117034399621663,-0.007851075620799794,-0.0002540350222237457,-0.002951395374239718
28,Centralized,XSS,0.00023811358798854197,9.032790481824174e-05,0.00010751330261199975,-0.00023591449987287022,-0.00020004029554591325
29,0,Backdoor,0.022303407837058094,0.0006649240872384017,-0.004852138043353005,-0.005578477268217883,0.0006016686196829231
29,0,DDoS_HTTP,-0.00198283712140697,0.0007648255418137008,0.00416036089330327,0.0005187489546104863,-0.004356754336390336
29,0,DDoS_ICMP,0.0001106261698701853,0.00012787362729218174,-0.00019427205563376146,3.210036192796695e-05,-0.0005251538453391139
29,0,DDoS_TCP,-0.0035505879755470832,-0.003496856436076253,-0.0031160167269815593,-0.003435868542890095,-0.00028635597393958563
29,0,DDoS_UDP,0.0,0.0,0.0,0.0,0.0
29,0,Fingerprinting,-0.04073641248412742,0.051989893631859095,0.07141176648327356,0.09579076882592313,-0.29750363550454717
29,0,MITM,0.015384615384615375,-0.06153846153846144,0.015384615384615375,0.015384615384615375,0.015384615384615375
29,0,Normal,2.6157721004925008e-05,-7.319211512808824e-05,1.9580149474455558e-05,2.773099563656197e-05,9.423646750433834e-06
29,0,Password,-0.0007875638260790315,0.007266120327787893,-0.0038502125591494186,0.005631523597564388,0.0005861680249189358
29,0,Port_Scanning,-0.03159688835817643,-0.04367347714891364,-0.043673477148913634,-0.04206231384028713,-0.00018787335445543933
29,0,Ransomware,-0.013991254003830585,-0.0015148722801384149,-0.002087401870009046,0.00978595260040769,0.011223010693143463
29,0,SQL_injection,-0.020081759613644008,0.005347999926003792,0.004076945720918792,0.004530563378600739,0.002128387694552305
29,0,Uploading,-0.0022221288088187944,0.007087453806993156,0.0026404583701916417,-0.006105738647229512,-0.0036658892929136637
29,0,Vulnerability_scanner,-0.004074513901628938,0.0013985711294381624,-0.0007975734934436688,-0.0008007559092214604,-0.0008063371353605723
29,0,XSS,0.0,0.0,0.0,0.0,0.0
29,1,Backdoor,0.0220852946172494,-0.003944232740711586,-0.006904374881148136,-0.0024373042735650794,-0.0009176093228098389
29,1,DDoS_HTTP,-0.005960438757570761,-0.0015182193377225105,0.010945052346721365,0.0009583601190929843,-0.00525418098429674
29,1,DDoS_ICMP,-0.00015176332390872682,-2.2376571687182657e-05,0.00023817411056586597,8.91101709656117e-05,-0.0003750702783219114
29,1,DDoS_TCP,-0.0035452701181747166,-0.0026825724296382987,-0.002724380728191143,-0.0030164911947698474,-0.00025657795722485165
29,1,DDoS_UDP,0.0,0.0,0.0,0.0,0.0
29,1,Fingerprinting,-0.16785097731245863,0.01577365155166035,0.11614925795768802,0.10142901687645761,-0.3232787268511251
29,1,MITM,-1.2027416100105863e-17,-0.00757575757575758,0.05303030303030302,-0.03030303030303031,-0.01515151515151516
29,1,Normal,-4.0818529306713146e-05,8.75663379310369e-06,5.158564173369055e-05,-2.7096267646248283e-05,-1.2253806603603385e-05
29,1,Password,-0.0051361212498950036,0.00537737733965419,-0.006976112920692756,0.0048063387012758476,-0.001920944235933673
29,1,Port_Scanning,-0.027266410551340856,-0.03769991159512442,-0.038239285920906516,-0.03769991159512442,-0.003672793590515841
29,1,Ransomware,-0.018123639881982925,0.00145895585021358,-0.0020751728018441958,0.001575025662139982,0.003967771820567995
29,1,SQL_injection,-0.013185984225548524,0.002673971975305548,0.0022423185037789718,0.0029622816374269677,0.0014380780043658523
29,1,Uploading,-0.00862678591602297,0.00786324985921599,0.0017351095627191513,-0.013576786639272033,-0.01593954847510244
29,1,Vulnerability_scanner,-0.005467062657715392,0.0024502832589979725,-0.0005670934299669657,-0.002827754464297834,-0.004203774879404104
29,1,XSS,0.0,0.0,0.0,0.0,0.0
29,2,Backdoor,0.024342030099368736,-0.005534620635508822,-0.005793626114934393,-0.007754719203626101,-0.0021673029348371546
29,2,DDoS_HTTP,-0.006868594073037615,0.0005873165200934829,0.009031756889508106,-0.0010839826062970922,-0.004619412134041989
29,2,DDoS_ICMP,5.458967331147443e-06,3.636606069512549e-06,9.600812135277156e-05,7.800774287333908e-05,-0.00040645485192507546
29,2,DDoS_TCP,-0.0031173564754630196,-0.0025485807761726413,-0.002590262661740822,-0.0034674993686536685,-0.0005291687557740806
29,2,DDoS_UDP,0.0,0.0,0.0,0.0,0.0
29,2,Fingerprinting,-0.13622457486081124,0.0411028078956294,0.09479717631895851,0.11443124638413486,-0.32024700661510475
29,2,MITM,-1.2027416100105863e-17,-0.00757575757575758,0.05303030303030302,-0.03030303030303031,-0.01515151515151516
29,2,Normal,3.071001231839121e-05,-2.188497000092567e-05,3.536313315385583e-05,-2.188310160755047e-05,-1.7342877721671092e-05
29,2,Password,-0.0017442661169293503,-0.0008330556624857585,-0.001108232685758292,0.005403434909899269,-0.0036614794032502045
29,2,Port_Scanning,-0.0313070532860797,-0.03711221796611084,-0.03711221796611085,-0.03657978093069251,-0.0020328739951502688
29,2,Ransomware,-0.02394492698229058,0.0070054037697112334,0.006427408393674256,0.004965359735033944,0.0055467550838711474
29,2,SQL_injection,-0.008995485259592057,0.0021374826284814813,0.0015700680147692954,0.0020028678280290583,0.0008006743430341856
29,2,Uploading,0.002255643344550845,0.004863920093177982,0.0025588325134819293,-0.007387369637043116,-0.0051093901797761845
29,2,Vulnerability_scanner,-0.002839002812140821,-0.0011958859393168227,-0.0015723371992822607,-0.0007780558528235023,-0.00044498488720029115
29,2,XSS,-9.323526364860558e-05,8.80555267792386e-05,-6.733657930177069e-05,3.625815808556883e-05,3.625815808556883e-05
29,3,Backdoor,0.012846554303957678,-0.001693341188767483,-0.0006573295954810691,-0.004918838552711278,-0.0003456862873633152
29,3,DDoS_HTTP,-0.010168008130727357,-0.00018332382453722744,0.007720408472261555,-0.0002481258184735019,-0.005442919186467043
29,3,DDoS_ICMP,0.0002804714941579689,-7.798850117233617e-05,4.931910744201037e-05,-0.00022977489360766676,0.0006592924602517684
29,3,DDoS_TCP,-0.001974658706550138,-0.0033812043210599886,-0.00200062767695058,-0.0031155380575943526,-0.0009937680312137283
29,3,DDoS_UDP,0.0,0.0,0.0,0.0,0.0
29,3,Fingerprinting,-0.08457793321671454,-0.009953562910534893,0.07442441135439067,0.04440341578308204,-0.14980240388471738
29,3,MITM,-0.032544677544677575,-0.03046620046620046,0.1088888888888889,-0.04064491064491065,-0.005233100233100235
29,3,Normal,-6.041985057720541e-05,-2.3864836914927467e-05,4.551219830165968e-06,3.405996458124376e-05,5.054929938476116e-05
29,3,Password,-0.0023486217954701784,0.009148288420377368,-0.0030919147092535416,0.0039067756716240545,0.00048263840462512976
29,3,Port_Scanning,-0.028583176389548805,-0.03227360699865042,-0.032812981324432514,-0.03227360699865042,-0.0017162027568029287
29,3,Ransomware,-0.03722996599836417,0.005758196929706419,0.00517585222637308,0.0036573554924055553,0.0017829463766171273
29,3,SQL_injection,-0.014883061144870705,0.0025405293245156758,0.0026027786575379018,0.003793074113340529,0.0019036805715466239
29,3,Uploading,-0.003150645103273768,0.006606153269290554,0.001514122562889288,-0.009609848336994261,-0.00817490844233197
29,3,Vulnerability_scanner,-0.0063910361113233725,0.004952008379533914,0.00022271849395644379,-0.0024192483247491457,-0.003984501204407851
29,3,XSS,-4.80743550024032e-05,4.540355750226969e-05,-3.472036750173565e-05,1.869558250093458e-05,1.869558250093458e-05
29,4,Backdoor,0.013901753891877403,0.0036187489420873614,-0.0021243383299581345,0.0021975134976278897,0.002134312638903683
29,4,DDoS_HTTP,-0.013899617031685994,0.00010115870596997441,0.01724540700095057,0.0008782834668463542,-0.01025989154208684
29,4,DDoS_ICMP,0.005235957831027887,-0.004442553260692929,0.0014319584741057081,-0.00496902689279813,-0.0019444509181447522
29,4,DDoS_TCP,-0.0024674659894730593,-0.004006866435415626,-0.0035836242405081283,-0.0042014794419440804,-0.00023271922789672901
29,4,DDoS_UDP,0.032693777557715124,-0.00016836770359442051,0.0007687584314422384,0.002101763115928973,-0.03355833828929713
29,4,Fingerprinting,-0.08299574521790307,0.07232075540771303,0.12108828571082039,0.11588072769295024,-0.31010354740310464
29,4,MITM,0.2929069806418466,-0.11985664299751735,-0.20638336325181122,0.6165122865190865,0.34365000738107815
29,4,Normal,0.0022584154901917138,0.0003963339007177843,-0.00019754923159071198,-0.001677322696479866,-0.003242768745809423
29,4,Password,0.013512078965599124,0.003200647293890919,-0.0024664783344878925,-0.009996162095013809,-0.00467946060491286
29,4,Port_Scanning,-0.0361027285635704,-0.046147721940872986,-0.04560834761509088,-0.04507245312366868,0.0008244263173869246
29,4,Ransomware,-0.017428318292585693,0.027992958451702805,0.021891913608366422,0.023818353649086178,-0.06641932446482612
29,4,SQL_injection,-0.009218894763245437,0.0021504600301417522,0.0017029826395366357,0.002290342139607134,0.0009436871174285982
29,4,Uploading,-0.0004268647748532403,0.0062283675800992415,-0.0007720954837205334,-0.0071270011934077915,-0.005676009193138324
29,4,Vulnerability_scanner,0.051360892849065934,0.015631599369062634,0.01949759243335452,0.0094868354323573,-0.10204473997581294
29,4,XSS,0.0007524837583589027,0.0003132039593543703,-9.007075700811495e-05,-0.0004535843245768898,-0.0005220326361282682
29,Aggregated,Backdoor,0.01909704580425964,-0.0013685528154288658,-0.004070668389926404,-0.0036761717717654057,-0.00016297893710429852
29,Aggregated,DDoS_HTTP,-0.007824246790710967,-4.913768019142728e-05,0.009845035139727008,0.00019467802187937144,-0.006011095223355856
29,Aggregated,DDoS_ICMP,0.0011068636155114183,-0.000891600587741298,0.0003304737799315468,-0.0010132563932975754,-0.0005174248719482485
29,Aggregated,DDoS_TCP,-0.0029288557435829792,-0.003219976559322794,-0.002800455821470471,-0.003445168970945339,-0.00046048125226286023
29,Aggregated,DDoS_UDP,0.03252850424618929,-0.00012436691602972968,0.0008073942993730802,0.002118932386064439,-0.03349287090340232
29,Aggregated,Fingerprinting,-0.09911402876859784,0.03652276156893467,0.09610630629320985,0.09600671327224836,-0.27929133761925135
29,Aggregated,MITM,0.2651142648997553,-0.10620782610753755,-0.12314808981133818,0.43381233501971317,0.217797419707577
29,Aggregated,Normal,0.0004451847485356079,5.7925911322714854e-05,-1.7423878365380175e-05,-0.0003332685577176956,-0.0006454645076276299
29,Aggregated,Password,0.0010212733374516064,0.004747035762084093,-0.003405436381738356,0.0016641568719462185,-0.001905242458468751
29,Aggregated,Port_Scanning,-0.03099828616695368,-0.03941937343863146,-0.039527108297826206,-0.03877491189769113,-0.001340344208501369
29,Aggregated,Ransomware,-0.01862422011766068,0.011819787424990073,0.009561503646007507,0.012488999152132004,-0.023459678911733013
29,Aggregated,SQL_injection,-0.013287298951444487,0.002944795743637236,0.0024417217270598854,0.0031407520134084156,0.00146791710373469
29,Aggregated,Uploading,-0.0024641622817635294,0.006507030853640849,0.001514085146026474,-0.008782821942985214,-0.007727491025889871
29,Aggregated,Vulnerability_scanner,0.009088751033242753,0.006315592329709406,0.005295262877115429,0.0019201592364003742,-0.029868502311804195
29,Aggregated,XSS,5.7858369019641214e-05,6.695399192937374e-05,-3.3103691207171894e-05,-4.164021305797401e-05,-5.006845668386907e-05
29,Centralized,Backdoor,0.01909704580425964,-0.0013685528154288658,-0.004070668389926404,-0.0036761717717654057,-0.00016297893710429852
29,Centralized,DDoS_HTTP,-0.007824246790710967,-4.913768019142728e-05,0.009845035139727008,0.00019467802187937144,-0.006011095223355856
29,Centralized,DDoS_ICMP,0.0011068636155114183,-0.000891600587741298,0.0003304737799315468,-0.0010132563932975754,-0.0005174248719482485
29,Centralized,DDoS_TCP,-0.0029288557435829792,-0.003219976559322794,-0.002800455821470471,-0.003445168970945339,-0.00046048125226286023
29,Centralized,DDoS_UDP,0.03252850424618929,-0.00012436691602972968,0.0008073942993730802,0.002118932386064439,-0.03349287090340232
29,Centralized,Fingerprinting,-0.09911402876859784,0.03652276156893467,0.09610630629320985,0.09600671327224836,-0.27929133761925135
29,Centralized,MITM,0.2651142648997553,-0.10620782610753755,-0.12314808981133818,0.43381233501971317,0.217797419707577
29,Centralized,Normal,0.0004451847485356079,5.7925911322714854e-05,-1.7423878365380175e-05,-0.0003332685577176956,-0.0006454645076276299
29,Centralized,Password,0.0010212733374516064,0.004747035762084093,-0.003405436381738356,0.0016641568719462185,-0.001905242458468751
29,Centralized,Port_Scanning,-0.03099828616695368,-0.03941937343863146,-0.039527108297826206,-0.03877491189769113,-0.001340344208501369
29,Centralized,Ransomware,-0.01862422011766068,0.011819787424990073,0.009561503646007507,0.012488999152132004,-0.023459678911733013
29,Centralized,SQL_injection,-0.013287298951444487,0.002944795743637236,0.0024417217270598854,0.0031407520134084156,0.00146791710373469
29,Centralized,Uploading,-0.0024641622817635294,0.006507030853640849,0.001514085146026474,-0.008782821942985214,-0.007727491025889871
29,Centralized,Vulnerability_scanner,0.009088751033242753,0.006315592329709406,0.005295262877115429,0.0019201592364003742,-0.029868502311804195
29,Centralized,XSS,5.7858369019641214e-05,6.695399192937374e-05,-3.3103691207171894e-05,-4.164021305797401e-05,-5.006845668386907e-05
30,0,Backdoor,0.02376188885203208,-0.003605796986112871,-0.019439368783142875,-0.014274981975872207,-0.00504066242956087
30,0,DDoS_HTTP,0.004573434626012535,-0.0006202325095320352,0.004310411380772451,0.0034872599946630064,0.0024624863305090414
30,0,DDoS_ICMP,0.0007448203794365227,-4.0815784856507166e-05,-0.0003965564188309752,-0.0003590273147614916,-0.00017197324524219256
30,0,DDoS_TCP,-0.002861192276496379,0.009360415438794418,-0.0002833294353266569,0.00780914031007982,-0.008427965285428397
30,0,DDoS_UDP,0.0,0.0,0.0,0.0,0.0
30,0,Fingerprinting,0.3017898424992244,-0.07170549003500946,-0.1592586818216109,-0.12024447964951397,-0.10931134972324891
30,0,MITM,0.014835164835164808,-0.017216117216117214,-0.011721611721611696,0.061538461538461535,-0.04743589743589741
30,0,Normal,0.00023420507966936214,3.938194818007834e-05,-0.0002392339722561032,-9.300839404459878e-06,4.9327785821999076e-05
30,0,Password,0.011259313349367103,0.0015434780800419013,-0.008611636916756177,0.010372589961100546,0.010014630391742095
30,0,Port_Scanning,-0.039294635591820476,0.1094147608166265,-0.005897224264163945,0.08790180802603613,-0.08315919174529901
30,0,Ransomware,0.002248669893256781,-0.002782299303409926,-0.005922771376320109,0.0029070983827333492,0.003549302403739905
30,0,SQL_injection,0.0010958477455849458,0.001149137685469938,0.0010930091071670528,-0.00018334092183271977,0.0008432092771792156
30,0,Uploading,0.0026452552259084703,-0.005243570603790861,0.0023821447078661976,-0.00026478503538837536,-0.007170123736562759
30,0,Vulnerability_scanner,0.0032362805134350746,-0.0022460840460163446,0.0003113459696898413,-0.00031439390782733354,-0.0024994521998583244
30,0,XSS,0.0,0.0,0.0,0.0,0.0
30,1,Backdoor,0.02683817624385793,-0.003903769176563504,-0.019747871299823895,-0.006853595847253219,-0.005401500422812184
30,1,DDoS_HTTP,0.006836397392127589,-0.0008730665995293938,0.003155074590128746,0.00829873446343852,0.003327541004898327
30,1,DDoS_ICMP,0.000249993814202476,6.370812472910048e-05,-0.00019809175097395363,-6.703543513135179e-05,-4.857475282627107e-05
30,1,DDoS_TCP,-0.0032482402197109334,0.010345930319694973,-0.0005847020627180492,0.00802323098474829,-0.011516113042023142
30,1,DDoS_UDP,0.0,0.0,0.0,0.0,0.0
30,1,Fingerprinting,0.15251896080069435,-0.004536258948023638,-0.08934591380411813,-0.004923255852048414,-0.05371353219650433
30,1,MITM,-0.007575757575757583,0.030303030303030307,-0.015151515151515157,-0.030303030303030314,0.022727272727272728
30,1,Normal,0.0001664166502279111,2.3562167216069813e-05,-7.470394429121008e-05,0.00012858375704291602,4.053818287799715e-05
30,1,Password,0.011031261822611946,0.002114547616700521,-0.002329718329244863,0.010805477903446629,0.006052454755585932
30,1,Port_Scanning,-0.03985050818821612,0.11571718061026393,-0.00794181340003976,0.08574690982375757,-0.11545520833621162
30,1,Ransomware,0.011348959264859959,0.002311734461797348,-0.022216686074168927,-0.006559865069610943,0.012905833891065643
30,1,SQL_injection,0.000703977860262676,0.00040995673544502823,0.0016771899356569882,8.332300493029316e-06,0.000836596913561699
30,1,Uploading,0.01119670897696338,-0.016990904477157363,0.010938409647588465,0.001994063429108945,-0.012714344260932318
30,1,Vulnerability_scanner,0.005244996855046475,-0.004126392981778004,0.0031727415975410086,-0.0007022819462167114,-0.004586096953348889
30,1,XSS,0.0,0.0,0.0,0.0,0.0
30,2,Backdoor,0.025510234585225066,-0.0037478661986612687,-0.013227755659963118,-0.0067167643326031335,-0.0037369731522180834
30,2,DDoS_HTTP,0.005125056100692726,0.004136783208139786,0.0017162470213406436,0.001649151161863091,0.003127504614317107
30,2,DDoS_ICMP,0.00011971425502515694,0.0001763292736239837,-0.00021695661605770818,-0.00012324375931021536,4.507074514893776e-05
30,2,DDoS_TCP,-0.0014117812276196314,0.008969794907440539,-0.0007792418772953835,0.0070169744808943205,-0.008228165224327125
30,2,DDoS_UDP,0.0,0.0,0.0,0.0,0.0
30,2,Fingerprinting,0.036922869834432624,0.018949013625282236,-0.09152271129657048,-0.023984584934914725,-0.03324384419417402
30,2,MITM,-0.007575757575757583,0.030303030303030307,-0.015151515151515157,-0.030303030303030314,0.022727272727272728
30,2,Normal,0.000219812245468796,1.7772054209264087e-05,-0.00020552294713641246,-6.339479047355323e-05,3.861717067918195e-05
30,2,Password,0.005711057552054612,0.0006641397156462563,-0.0008792690801081651,0.009967087444587313,0.001044745343589432
30,2,Port_Scanning,-0.02058639929941781,0.09699985582535027,-0.008994283402913163,0.08016809695766607,-0.08489134531579502
30,2,Ransomware,0.004319699187458516,-0.00554900314880102,-0.010062191468267078,0.005536669390201406,0.0022460541095836025
30,2,SQL_injection,0.0003319683819786303,0.0005913100085121415,0.001533050747851177,-0.00014887496313836652,0.00017693827007445642
30,2,Uploading,0.0038001717909123545,-0.004395079324403676,0.0034581630543458176,-0.0024795381385187645,-0.004705348416730846
30,2,Vulnerability_scanner,0.003419130158922016,-0.003029488173248505,0.002091355301064209,0.001109166214570893,-0.002023659851059484
30,2,XSS,-4.143789495493581e-05,3.625815808556883e-05,-4.143789495493581e-05,6.215684243240371e-05,-1.5539210608100927e-05
30,3,Backdoor,0.02686643649522177,-0.002267725631694963,-0.015863433037121552,-0.007529718819608511,-0.003986665236178901
30,3,DDoS_HTTP,0.0021822737799321017,-0.00358485900237705,0.007353952992169536,0.0106600801470769,0.0018798968040514637
30,3,DDoS_ICMP,0.0001895824863722473,0.00021027660436027107,-7.01769356348562e-05,-0.00010713960786485159,0.00022912588550821528
30,3,DDoS_TCP,-0.0016145233331092302,0.008275731841418953,-0.00042284038629827696,0.005612610357107558,-0.008644312916903067
30,3,DDoS_UDP,0.0,0.0,0.0,0.0,0.0
30,3,Fingerprinting,0.1328854337657674,-0.024047431606995476,-0.03746642239171516,-0.03559900875959564,-0.02338867007866873
30,3,MITM,-0.014044289044289041,0.0521978021978022,-0.02038239538239537,-0.037612387612387596,0.01984126984126982
30,3,Normal,0.00024372046537002683,-7.686499577961304e-05,-0.00017632265441439588,3.6503869738926013e-05,-8.610142497051388e-05
30,3,Password,0.012716148258142468,0.00167175589747183,-0.008611258221396679,0.0062877868354287245,0.006211617421297473
30,3,Port_Scanning,-0.034912526195083796,0.0979419230423108,-0.005476779740875442,0.07431347668079816,-0.09364953327759566
30,3,Ransomware,0.006116682434108872,-0.01244815160282037,0.003070193211959856,0.017696190275275032,0.006420700654738663
30,3,SQL_injection,0.0015252413814134196,-0.00021649271537770113,0.0011040821889519057,0.00038346423848842256,0.0012467033844539464
30,3,Uploading,0.004587947319523476,-0.00684840662930986,0.005772760882848926,-0.0006257925051570079,-0.006671344618997684
30,3,Vulnerability_scanner,0.004472343767526038,-0.0034730937480848584,0.003765940365968858,-0.0014499616165773203,-0.004822421263149685
30,3,XSS,-2.136638000106809e-05,1.869558250093458e-05,-2.136638000106809e-05,3.2049570001602136e-05,-8.012392500400534e-06
30,4,Backdoor,0.01762952674569295,-0.0032321461776124087,-0.018180033083103952,-0.006849270946571508,-0.0017236523597199608
30,4,DDoS_HTTP,0.008999235013921407,-0.003681175351111207,0.010166859500020055,0.011708448096834544,0.005263201336193084
30,4,DDoS_ICMP,0.0159427949359895,0.006726903450469908,0.0009934991176767845,-0.02724315643529785,0.007373654098208292
30,4,DDoS_TCP,-0.0037300763954222827,0.010719434575202118,7.211929635275171e-05,0.00845115333763211,-0.009883637063325904
30,4,DDoS_UDP,0.03512441966172696,-0.019521166238966395,0.0010249375199936498,-0.023832454847469504,0.0010085896712265009
30,4,Fingerprinting,0.2917813282323981,-0.007540727520536332,-0.17485702112906307,-0.1082636586378678,-0.07731039713540719
30,4,MITM,0.06345868123739293,-0.4222388858751755,-0.32396999868530363,0.07352475057583346,-0.3379111111293992
30,4,Normal,0.0007351605935903154,0.00025805657470692376,0.0004595689633395924,0.00039556372675345617,0.000664481690957384
30,4,Password,0.020431946415480903,0.005492859478428064,-0.01058207128722956,-0.006379707036447363,0.005129163564760665
30,4,Port_Scanning,-0.04883847600213852,0.12057915128646697,0.0009798199042444144,0.09417104468746752,-0.10399845811503411
30,4,Ransomware,0.005584615632145148,-0.013949421354437061,-0.0016542582414316434,0.013463729086676425,0.003278023952677364
30,4,SQL_injection,0.003018980942610516,-0.0003517861383437934,0.0038747387280928234,-0.006296895092129121,0.001552747756931741
30,4,Uploading,0.007994934577166341,-0.007540978854938063,-2.7503421281741453e-05,0.0023296425067927604,-0.0003580440254874334
30,4,Vulnerability_scanner,0.027265647747696416,0.01037258677156869,0.019564768795277798,-0.060778848875502174,0.0015726404327541742
30,4,XSS,0.0019052392252405944,-0.0003305492046973363,-0.0001531960939527753,-0.001586803074001342,0.00016530914741085995
30,Aggregated,Backdoor,0.02407725542908287,-0.0033689891798522444,-0.017264237299869336,-0.008409821181089471,-0.003970749772868285
30,Aggregated,DDoS_HTTP,0.005567443292344811,-0.0009397895629921799,0.00535014273849201,0.00717681752729448,0.003242627709346077
30,Aggregated,DDoS_ICMP,0.0035780526288585967,0.0015223114445022333,7.802132216569816e-05,-0.005933683108851761,0.0015641712801807836
30,Aggregated,DDoS_TCP,-0.0025683995930530315,0.009527395979063907,-0.0004010329207384718,0.00737635821104482,-0.00933559358011568
30,Aggregated,DDoS_UDP,0.035008517863293204,-0.01948145766336601,0.0010485451104809602,-0.02379274627186912,0.0010214667279721628
30,Aggregated,Fingerprinting,0.19061887954827345,-0.01874074486723738,-0.11475039045680614,-0.06015434145952621,-0.06046546625676723
30,Aggregated,MITM,0.14918436855645736,-0.38951537246898377,-0.27261210221014764,0.045973899009261826,-0.28416623017551307
30,Aggregated,Normal,0.0003199932396004042,5.237991146845681e-05,-4.7121468742787144e-05,9.753529732234312e-05,0.0001415126160278594
30,Aggregated,Password,0.012615279215986664,0.002632007779667795,-0.006483117969270319,0.005510913921418478,0.005951779470019378
30,Aggregated,Port_Scanning,-0.03677525554529424,0.10832752272318817,-0.005453878676904292,0.08455888167127922,-0.09636434087933955
30,Aggregated,Ransomware,0.005766657398087808,-0.006678023542592517,-0.006984685439983928,0.006741420609224489,0.00562746829260386
30,Aggregated,SQL_injection,0.0017273731361702122,8.335248684327446e-05,0.0022505981148498015,-0.0020800687568181047,0.00117260094333898
30,Aggregated,Uploading,0.0060554143953142235,-0.008218155574522112,0.0045473949408374684,0.00018897537462872065,-0.00632589244823441
30,Aggregated,Vulnerability_scanner,0.009708301670776489,0.00021987269979962994,0.006683273027969472,-0.015458058426862884,-0.0020633393130330374
30,Aggregated,XSS,0.00021435138515995706,-2.7353824538323714e-05,-3.201478006127102e-05,-0.0001703094555518026,1.5326674991440283e-05
30,Centralized,Backdoor,0.02407725542908287,-0.0033689891798522444,-0.017264237299869336,-0.008409821181089471,-0.003970749772868285
30,Centralized,DDoS_HTTP,0.005567443292344811,-0.0009397895629921799,0.00535014273849201,0.00717681752729448,0.003242627709346077
30,Centralized,DDoS_ICMP,0.0035780526288585967,0.0015223114445022333,7.802132216569816e-05,-0.005933683108851761,0.0015641712801807836
30,Centralized,DDoS_TCP,-0.0025683995930530315,0.009527395979063907,-0.0004010329207384718,0.00737635821104482,-0.00933559358011568
30,Centralized,DDoS_UDP,0.035008517863293204,-0.01948145766336601,0.0010485451104809602,-0.02379274627186912,0.0010214667279721628
30,Centralized,Fingerprinting,0.19061887954827345,-0.01874074486723738,-0.11475039045680614,-0.06015434145952621,-0.06046546625676723
30,Centralized,MITM,0.14918436855645736,-0.38951537246898377,-0.27261210221014764,0.045973899009261826,-0.28416623017551307
30,Centralized,Normal,0.0003199932396004042,5.237991146845681e-05,-4.7121468742787144e-05,9.753529732234312e-05,0.0001415126160278594
30,Centralized,Password,0.012615279215986664,0.002632007779667795,-0.006483117969270319,0.005510913921418478,0.005951779470019378
30,Centralized,Port_Scanning,-0.03677525554529424,0.10832752272318817,-0.005453878676904292,0.08455888167127922,-0.09636434087933955
30,Centralized,Ransomware,0.005766657398087808,-0.006678023542592517,-0.006984685439983928,0.006741420609224489,0.00562746829260386
30,Centralized,SQL_injection,0.0017273731361702122,8.335248684327446e-05,0.0022505981148498015,-0.0020800687568181047,0.00117260094333898
30,Centralized,Uploading,0.0060554143953142235,-0.008218155574522112,0.0045473949408374684,0.00018897537462872065,-0.00632589244823441
30,Centralized,Vulnerability_scanner,0.009708301670776489,0.00021987269979962994,0.006683273027969472,-0.015458058426862884,-0.0020633393130330374
30,Centralized,XSS,0.00021435138515995706,-2.7353824538323714e-05,-3.201478006127102e-05,-0.0001703094555518026,1.5326674991440283e-05
31,0,Backdoor,-0.007169685972284577,0.001966170383998674,-0.006933327139705421,0.0021768602040637595,0.028884977109317773
31,0,DDoS_HTTP,-0.007875548367140859,-0.0031579939498599424,-0.0009673340036234619,9.468631441698073e-05,-0.0023071698162177154
31,0,DDoS_ICMP,-8.413603704468345e-05,0.0004013671535039102,-1.1174999968655008e-05,0.00013866368771241848,4.5142400948735195e-06
31,0,DDoS_TCP,0.009308022209423584,0.013974527612935718,0.020802486668341492,0.013155875354610795,-0.043149913082779996
31,0,DDoS_UDP,0.0,0.0,0.0,0.0,0.0
31,0,Fingerprinting,-0.16661881181291607,0.13106292384970533,0.00696920606302758,0.07227839940728624,0.13408606027067463
31,0,MITM,-0.0076923076923076875,-0.0076923076923076875,0.01153846153846153,0.01153846153846153,0.06923076923076912
31,0,Normal,-0.0001517062570591976,-5.626363706587127e-05,-3.51820507956846e-05,-2.3424133488629077e-05,0.00026129732426824666
31,0,Password,0.006611715710260332,-0.010818522593305418,-0.0036191864405885226,-0.019573057867755834,0.0003871614792708903
31,0,Port_Scanning,-0.11136258406586431,-0.053460650083375874,0.07110791005086922,0.05082539080478731,0.19357759524295587
31,0,Ransomware,-0.026287204092669107,0.00854755531306281,0.007354861485093493,0.009685217474780653,0.007649583185142343
31,0,SQL_injection,0.0012313239909444574,0.0006855486523586122,-0.00014432852845140491,-0.0025972376975360294,0.00024309098611017128
31,0,Uploading,-0.0031358795837923624,0.0022273845233472403,0.006023961109249225,-0.00530174168371746,-0.003910301163099814
31,0,Vulnerability_scanner,-0.001042213734869322,0.0009152308008787284,0.002113438545346167,-0.0004816948216720074,-0.001504760789683566
31,0,XSS,0.0,0.0,0.0,0.0,0.0
31,1,Backdoor,-0.007937441681313974,-0.004084755511757065,-0.008464947074085145,-0.0010110259900695418,0.02463681162235426
31,1,DDoS_HTTP,-0.016462954555817748,-0.004385082031598571,0.0007184961907621671,-0.0008801088915736637,-0.006930132598922498
31,1,DDoS_ICMP,-0.00029442785540189086,4.1440970320338885e-05,2.2650351629758627e-05,4.334592362387202e-06,0.00022600194108940614
31,1,DDoS_TCP,0.0072991719430545035,0.012963158108415477,0.022359784306364917,0.016629775531445994,-0.0406180600059909
31,1,DDoS_UDP,0.0,0.0,0.0,0.0,0.0
31,1,Fingerprinting,-0.2139142589611023,0.0037582438749486796,0.03325053359068705,-0.016743524638665304,0.1936490061341319
31,1,MITM,-0.018181818181818195,0.004545454545454547,0.012121212121212118,-0.025757575757575764,0.02727272727272728
31,1,Normal,-0.00020655867830025412,-0.00011943240928753245,-7.282445505566819e-05,-6.870232609366515e-05,0.00020536099416513612
31,1,Password,0.007452121530996359,-0.010742740490988991,-0.0024681472171262397,-0.010255626126176006,-0.004372418096197807
31,1,Port_Scanning,-0.11943861204875679,-0.05634482042372876,0.08397054237055394,0.07271237677076521,0.2258981978358571
31,1,Ransomware,-0.011672574935256367,0.009558320825956968,0.0055532082339546,0.007110022456685683,0.004858106295621602
31,1,SQL_injection,0.0010219328471778213,-3.831988004447025e-05,-1.9120033643241218e-05,-0.0018760870888960308,0.0006790393960274481
31,1,Uploading,-0.0039725638424573185,0.0032291886740035245,0.007884587279780978,-0.003290947890429543,-0.008559634178494556
31,1,Vulnerability_scanner,-0.0020018596844582274,0.002056504549259382,0.003053500300905276,-0.0008764755255663947,-0.0037227394053738687
31,1,XSS,0.0,0.0,0.0,0.0,0.0
31,2,Backdoor,-0.00862763141972533,-0.0034181080731069255,-0.007101376373375632,-0.0022968159108159433,0.022198034093626157
31,2,DDoS_HTTP,-0.010956422688351663,-0.003847182934790013,0.0013004660755276407,0.00041251874096696987,-0.0048280477987391966
31,2,DDoS_ICMP,-6.214116203110224e-05,-0.0001384693879769435,0.00018007883032658174,-0.0001574877949084878,0.00017801951458995175
31,2,DDoS_TCP,0.008408373744066246,0.012384258461603808,0.019954570610375495,0.012140347534877312,-0.04203025774502156
31,2,DDoS_UDP,0.0,0.0,0.0,0.0,0.0
31,2,Fingerprinting,-0.16700496414589824,-0.08693635278438076,0.09553624570988954,-0.04944337209581522,0.2078484433162047
31,2,MITM,-0.018181818181818195,0.004545454545454547,0.012121212121212118,-0.025757575757575764,0.02727272727272728
31,2,Normal,-0.0001384939917441097,-5.522533659071775e-05,-8.47733620568114e-07,-1.4602115973483265e-06,0.00018874354080546755
31,2,Password,0.006818447745300026,-0.009573383039713885,0.0007229120482253622,-0.009168826362078027,-0.005306911367502922
31,2,Port_Scanning,-0.10761199813126977,-0.05120737963696209,0.060395140592830986,0.04615180589730817,0.1982721586871155
31,2,Ransomware,-0.026659618053716385,0.004781031054312864,0.009546132261075344,0.010743779232559274,0.0050974474355935055
31,2,SQL_injection,-9.362021862179455e-05,0.0004293827237866014,0.0003770556647168267,-0.0006387266676887554,-0.0004946982273939619
31,2,Uploading,-0.004594308884448936,0.00028165849296121667,0.006018646322477646,-0.005081709350372931,-0.005590246114336782
31,2,Vulnerability_scanner,-0.0009236858664912861,0.00037748339069259933,0.0010196741130347538,-0.000550661102973186,-0.0014893141845120103
31,2,XSS,0.0,0.0,0.0,0.0,0.0
31,3,Backdoor,-0.011271744248196285,-0.004113530534442546,-0.007969624351834724,0.0004670909687841063,0.02704354514585393
31,3,DDoS_HTTP,-0.007353269028881341,-0.003484087149572554,-0.0010853325851594977,0.0023767133237498268,-0.004069689405309504
31,3,DDoS_ICMP,0.00031006818965756595,6.332772387513027e-05,-0.0001607727628480086,-0.0002372521455869599,2.462899490227229e-05
31,3,DDoS_TCP,0.013140211170213294,0.016054587933624274,0.02375361576024033,0.011664579813884442,-0.04879018463407947
31,3,DDoS_UDP,0.0,0.0,0.0,0.0,0.0
31,3,Fingerprinting,-0.12339432273205318,0.04098760298046878,-0.02178995239366756,0.005397569518918283,0.09879910262633375
31,3,MITM,-0.04754856254856254,-0.008892773892773856,0.015738150738150717,-0.057804972804972814,0.09850815850815847
31,3,Normal,-0.00011220833579270543,-3.860680845599688e-05,-3.773186870593877e-05,1.081394823526649e-06,0.00028852150662651935
31,3,Password,0.006262224260339914,-0.008733122045020313,0.001972795013551643,-0.01366202959438168,-0.0022548756418105252
31,3,Port_Scanning,-0.10088726901985888,-0.051532179323182964,0.07607546150939738,0.046905784865286376,0.19530327411186527
31,3,Ransomware,-0.033634503326209216,0.0013755360073955355,0.008933646943474554,0.014743108026893442,0.005004640969016646
31,3,SQL_injection,0.0008048816827203191,-0.0006817296267824156,-0.0016450931965471297,-0.004422492647271546,-7.082442808166583e-05
31,3,Uploading,-0.003168333875022792,0.0027817952668028893,0.005675654177008751,-0.005005485499651949,-0.004205561435337988
31,3,Vulnerability_scanner,-0.0021780254163375145,0.002679832755696097,0.0036598945888888846,-0.0008491593167342049,-0.003813708743201975
31,3,XSS,0.0,0.0,0.0,0.0,0.0
31,4,Backdoor,-0.00532837737455293,0.0017109056951041441,-0.008051503370930163,0.0008355528908113493,0.025800811748459933
31,4,DDoS_HTTP,-0.017201546643747796,-0.006170713998623933,0.003717873671416836,0.003279615155189525,-0.008143523016921667
31,4,DDoS_ICMP,0.005245615669941824,0.0014834710563438973,-0.004249542603216805,-0.002376145656075773,0.00034482594942508715
31,4,DDoS_TCP,0.008683917838028873,0.013178785736658634,0.022483239811508734,0.014160480868439898,-0.03949445254613125
31,4,DDoS_UDP,0.01674036463146874,-0.0029893773821829616,-0.002639254045882522,0.0030887500643610416,-0.005065498315387999
31,4,Fingerprinting,-0.1738666253654813,0.05853431126886501,-0.00752683751539587,0.017041970234189883,0.1820076575682982
31,4,MITM,0.32723532033529773,-0.16951449567662313,-0.2139389294590539,0.3968116854985451,-0.258625556147356
31,4,Normal,0.0017410233714705403,-0.0006659649391921392,0.0003177165138390429,-0.0017734189251599364,0.0002194869628661315
31,4,Password,0.0034566187984266064,-0.0017953853143202702,0.001524805670598675,-0.005929094870860143,-0.00427006312237396
31,4,Port_Scanning,-0.10913027610384463,-0.056890377392687104,0.0906459664103107,0.06719072035680865,0.2149538063167208
31,4,Ransomware,-0.027524877579940772,0.00486846691258581,0.010909593737686471,0.013506674785242586,0.0016618701170520906
31,4,SQL_injection,-3.06642815248552e-05,0.0007810331744430727,0.0008085729004979071,-0.0012440241051773048,-0.0004809428938836816
31,4,Uploading,-0.0024672609947254385,-0.0016381207586831444,0.003495707331055054,-0.005433876972467195,5.483633967838473e-05
31,4,Vulnerability_scanner,-0.0015199965244772481,0.0016287680751164398,0.00254242374957719,-0.0006266935797639187,-0.003022505712468458
31,4,XSS,0.0,0.0,0.0,0.0,0.0
31,Aggregated,Backdoor,-0.008053970428364438,-0.0016027544574359787,-0.007711853475490525,6.705842841072304e-06,0.02574345737416804
31,Aggregated,DDoS_HTTP,-0.01197170150401206,-0.00421470592856307,0.0007407674046324679,0.0010650248375325252,-0.005259054407378811
31,Aggregated,DDoS_ICMP,0.0010322615162405198,0.0003755855269023019,-0.0008557590399795404,-0.000531473591385001,0.00015904676262132322
31,Aggregated,DDoS_TCP,0.009370652717033611,0.01371293616334749,0.021868037762381942,0.013546308235130906,-0.0428311373724268
31,Aggregated,DDoS_UDP,0.016580456517936833,-0.002950741930544972,-0.0025791519975182087,0.0031112845332923558,-0.005026862170789709
31,Aggregated,Fingerprinting,-0.16769204696317447,0.03393677380908005,0.02146526012661578,0.0054122574791833555,0.16422542579919128
31,Aggregated,MITM,0.30990810415758374,-0.11236056509293882,-0.14970124031607748,0.3365568340357921,-0.16622702228365288
31,Aggregated,Normal,0.00022728701453839467,-0.00018727502002261476,3.443147881475224e-05,-0.000373986755980249,0.0002326677075073169
31,Aggregated,Password,0.006104984949992879,-0.00830309744664124,-0.00036130097867132134,-0.01170198855997209,-0.0031688384802735173
31,Aggregated,Port_Scanning,-0.10971173352731863,-0.05393310468613309,0.07653072730312906,0.05685421404452215,0.20571998308119988
31,Aggregated,Ransomware,-0.025126864135957765,0.005807613282565571,0.00847163901600858,0.011195102551429836,0.00478489615250748
31,Aggregated,SQL_injection,0.0005968727842329065,0.0002520055433527633,-0.00012024842283842227,-0.002174863430927094,-3.3617804023606164e-05
31,Aggregated,Uploading,-0.0034733950731344904,0.0013754215999186284,0.005823532615328667,-0.0048105058095385305,-0.004451405577596769
31,Aggregated,Vulnerability_scanner,-0.0015349415729077776,0.0015360488497238977,0.0024857213443847596,-0.0006758406035603311,-0.0027189566159607566
31,Aggregated,XSS,0.0,0.0,0.0,0.0,0.0
31,Centralized,Backdoor,-0.008053970428364438,-0.0016027544574359787,-0.007711853475490525,6.705842841072304e-06,0.02574345737416804
31,Centralized,DDoS_HTTP,-0.01197170150401206,-0.00421470592856307,0.0007407674046324679,0.0010650248375325252,-0.005259054407378811
31,Centralized,DDoS_ICMP,0.0010322615162405198,0.0003755855269023019,-0.0008557590399795404,-0.000531473591385001,0.00015904676262132322
31,Centralized,DDoS_TCP,0.009370652717033611,0.01371293616334749,0.021868037762381942,0.013546308235130906,-0.0428311373724268
31,Centralized,DDoS_UDP,0.016580456517936833,-0.002950741930544972,-0.0025791519975182087,0.0031112845332923558,-0.005026862170789709
31,Centralized,Fingerprinting,-0.16769204696317447,0.03393677380908005,0.02146526012661578,0.0054122574791833555,0.16422542579919128
31,Centralized,MITM,0.30990810415758374,-0.11236056509293882,-0.14970124031607748,0.3365568340357921,-0.16622702228365288
31,Centralized,Normal,0.00022728701453839467,-0.00018727502002261476,3.443147881475224e-05,-0.000373986755980249,0.0002326677075073169
31,Centralized,Password,0.006104984949992879,-0.00830309744664124,-0.00036130097867132134,-0.01170198855997209,-0.0031688384802735173
31,Centralized,Port_Scanning,-0.10971173352731863,-0.05393310468613309,0.07653072730312906,0.05685421404452215,0.20571998308119988
31,Centralized,Ransomware,-0.025126864135957765,0.005807613282565571,0.00847163901600858,0.011195102551429836,0.00478489615250748
31,Centralized,SQL_injection,0.0005968727842329065,0.0002520055433527633,-0.00012024842283842227,-0.002174863430927094,-3.3617804023606164e-05
31,Centralized,Uploading,-0.0034733950731344904,0.0013754215999186284,0.005823532615328667,-0.0048105058095385305,-0.004451405577596769
31,Centralized,Vulnerability_scanner,-0.0015349415729077776,0.0015360488497238977,0.0024857213443847596,-0.0006758406035603311,-0.0027189566159607566
31,Centralized,XSS,0.0,0.0,0.0,0.0,0.0
32,0,Backdoor,-0.01217658766434556,0.00428082476658754,-0.006731644027650791,0.00457606088063327,0.00200326506003435
32,0,DDoS_HTTP,0.009286499931834478,0.003891114070329148,0.005848317547083899,-0.007814553881804005,0.002848636392570535
32,0,DDoS_ICMP,0.000606805511995299,0.00026797552562608703,0.00013838467950934205,-0.0004229455055581921,-0.000591133286856251
32,0,DDoS_TCP,-0.021851924709623768,-0.009115371957995454,-0.00412867780659403,-0.007174824040821239,0.033339422248988906
32,0,DDoS_UDP,0.0,0.0,0.0,0.0,0.0
32,0,Fingerprinting,0.21214201733938579,0.18286366104443913,0.0671374160418783,-0.16263555274710884,-0.24496208713313983
32,0,MITM,-0.019230769230769218,0.006410256410256406,0.0,0.006410256410256406,0.006410256410256406
32,0,Normal,-1.4088569975456711e-05,1.4222980322251926e-05,-2.3473989578189544e-05,-4.0521994915813465e-06,8.198250521725033e-05
32,0,Password,0.00365007873119983,0.007879957230077086,-0.005831643365172187,0.015034225156993661,0.004802948110107767
32,0,Port_Scanning,0.06773443094168864,-0.17496329582183584,-0.2623260559432578,0.14554439187673338,0.1320169242240055
32,0,Ransomware,-0.003977824032121071,-0.007514664178412609,0.001839422955021619,-0.005532398229916418,0.004820014980445148
32,0,SQL_injection,-0.021174152450787485,0.00387435529607769,0.006255996836857558,0.00606441988360581,0.005560983030820597
32,0,Uploading,0.009466017547034569,-0.03165705729705569,0.009250480610467402,0.0030543454122459617,0.012738372582369706
32,0,Vulnerability_scanner,-0.0005568647426802113,-0.0069384387486418325,0.0038184251187903364,7.266674115855206e-05,0.004107708054390658
32,0,XSS,0.0,0.0,0.0,0.0,0.0
32,1,Backdoor,-0.003633195161193853,0.0028644616045508274,-0.00332734260727985,0.00404118785359859,0.0021752836382667893
32,1,DDoS_HTTP,0.012135949576742935,0.006648340861330139,0.0019994728867537095,-0.007785539564436924,0.005067608546928541
32,1,DDoS_ICMP,5.9092523680346716e-05,0.00033891693373259144,-5.352097572512611e-05,-0.0002948475666461096,-0.00027532234674191116
32,1,DDoS_TCP,-0.018883114197455135,-0.010464409645164242,-0.005018973683095993,-0.010768181440286755,0.035188848142995215
32,1,DDoS_UDP,0.0,0.0,0.0,0.0,0.0
32,1,Fingerprinting,0.08170944755270818,0.1947619024874824,0.04709237617093094,-0.14176059037530966,-0.19349904226856043
32,1,MITM,-0.03333333333333334,0.04999999999999998,0.019696969696969702,-0.025757575757575764,-0.010606060606060612
32,1,Normal,0.0001212215619122677,9.767122936546098e-05,-4.0988128312485773e-05,-3.487486984646663e-05,5.4771866155078895e-05
32,1,Password,0.0032505040631835096,0.004024656641423165,0.0005712678926473285,0.011983363069830276,0.0034729052867389205
32,1,Port_Scanning,0.07663971085887589,-0.18718600237114782,-0.27072900033741937,0.13813758902020162,0.13709626748291825
32,1,Ransomware,-0.019508807702576812,0.0005601325927620258,0.003795667870641803,-0.0035291745576975686,0.0032750989199080804
32,1,SQL_injection,-0.021697247286720213,0.004439606159679526,0.00633382907748029,0.005778565750616736,0.005611081417573894
32,1,Uploading,0.019468212951854254,-0.04753106136438727,0.011845105756767789,-0.0007310122205516005,0.021658124833913727
32,1,Vulnerability_scanner,0.0020237267159588087,-0.012196890992979655,0.005244104157987784,-0.0005819253258366149,0.006504435646381214
32,1,XSS,0.0,0.0,0.0,0.0,0.0
32,2,Backdoor,-0.00445723588075741,0.0022188744105348436,-0.001408854321455714,-7.705308787790596e-05,0.0017975301107121034
32,2,DDoS_HTTP,0.009181678576528652,0.0033804634388444406,0.005097784526436214,-0.00799687812384763,0.004669178344040356
32,2,DDoS_ICMP,0.00011213582990622547,0.00020472940708096132,-1.9072121208548362e-05,-0.0002245426051356821,-0.00029903408064464824
32,2,DDoS_TCP,-0.02499913571109586,-0.009146905879505566,-0.0007385120142011962,0.0004283261197646696,0.03288648591700448
32,2,DDoS_UDP,0.0,0.0,0.0,0.0,0.0
32,2,Fingerprinting,0.07089616197356134,0.14593146264353696,0.012748013825413214,-0.09380398709191279,-0.1423075990630169
32,2,MITM,-0.02692307692307694,0.05641025641025639,0.0004662004662004837,-0.01934731934731936,-0.010606060606060612
32,2,Normal,-1.2648098991383897e-05,4.943183814128579e-05,2.0292031059345367e-05,-8.198376335033508e-07,5.211451303122061e-05
32,2,Password,0.001987573943805439,0.0062706220126035345,-0.0010416377160663423,0.0056384392739978525,0.0036527634614289587
32,2,Port_Scanning,0.07571251488457117,-0.16469221954837424,-0.23245474060470478,0.15233113628349637,0.132005289947193
32,2,Ransomware,-0.0005561486381661078,-0.004402791475637711,0.004692107915547085,-0.0006561908624464004,0.0009230230607031338
32,2,SQL_injection,-0.021182841696219104,0.004221257975422815,0.0059155120701943524,0.005551166305608685,0.0059155120701943524
32,2,Uploading,0.009726542135889667,-0.03116224879457597,0.009391180205171098,0.006331314684550274,0.014255392315890406
32,2,Vulnerability_scanner,-0.00017825447622070537,-0.0049177300577800545,0.002936329682904798,0.0003227611056235461,0.003926852992783784
32,2,XSS,-1.5539210608100927e-05,6.215684243240371e-05,-1.5539210608100927e-05,-1.5539210608100927e-05,-1.5539210608100927e-05
32,3,Backdoor,-0.002512568009601435,0.001751872742206532,-0.003452617903440325,-0.0007575393345153632,0.0034411932957726637
32,3,DDoS_HTTP,0.015497327854336329,-0.0042124405551998,0.007431690256572348,-0.010359148867570082,0.0005566779907546745
32,3,DDoS_ICMP,-0.00017049633742984848,-0.00011577266359117192,-0.0001515970194841713,-0.0001671445768385423,0.00015334216460270814
32,3,DDoS_TCP,-0.01591332582158929,-0.006589654372916949,-0.0013463586356069776,-0.00802582172265577,0.02637451156209374
32,3,DDoS_UDP,0.0,0.0,0.0,0.0,0.0
32,3,Fingerprinting,0.04616910791228213,0.10193695285585175,0.04067877966833075,-0.09063897838429516,-0.11052976298096215
32,3,MITM,-0.08219114219114217,0.11023310023310028,0.04216783216783216,-0.03219114219114219,0.03890442890442884
32,3,Normal,1.0495977918127212e-05,7.40300147866931e-06,-3.6599268507314656e-05,3.627293697960147e-05,2.2083198803775812e-06
32,3,Password,-0.0006658148732958195,-0.0014840819718145081,-0.004182915565517728,0.007995415328356879,0.005538243478609205
32,3,Port_Scanning,0.08524426194776273,-0.1581005905443792,-0.23559595759564733,0.12918785061831697,0.11415561258855945
32,3,Ransomware,0.011544563756480252,-0.011485788870194935,0.008861486704723694,-0.007648379651692307,-0.001271881939316714
32,3,SQL_injection,-0.020700290424891694,0.0071127606028757746,0.006987823071641389,0.0063484838352276885,0.006266481131109305
32,3,Uploading,0.013577349833505595,-0.045600636344924124,0.009724556584540824,0.00509972320892594,0.01745396938413277
32,3,Vulnerability_scanner,0.004813473108669845,-0.01266456350849579,0.00490662739740778,-0.0006954190656425404,0.006656125465788809
32,3,XSS,-8.012392500400534e-06,3.2049570001602136e-05,-8.012392500400534e-06,-8.012392500400534e-06,-8.012392500400534e-06
32,4,Backdoor,-0.0071873358791932,0.0039407959386973,-0.009093136160154107,0.0026324002220812753,0.0030241856931329508
32,4,DDoS_HTTP,0.016857601679027223,-2.3290554993492714e-05,0.008216980647428025,-0.01133832634974106,0.003918004165051057
32,4,DDoS_ICMP,0.006183648210814169,0.002904527741809837,0.0029500992284328415,-0.004213518266810034,-0.009615239360792368
32,4,DDoS_TCP,-0.022151339026439645,-0.009945049278904283,-0.00441826753641672,-0.010139425158568314,0.03440163809585394
32,4,DDoS_UDP,0.015701046931116413,-0.008798269709454243,-0.0012045604227413538,-0.0013472462993014782,-0.004155625556362545
32,4,Fingerprinting,0.10714945807290976,0.20442115842185962,0.07441590317116263,-0.16322699359644813,-0.22275952606948407
32,4,MITM,0.5007506310405943,-0.3605651289309037,-0.28207534856524086,0.3102334271402198,-0.149328887512673
32,4,Normal,0.00010839693579471713,-8.271999035602828e-06,2.7759182527015146e-05,-4.3916539053634464e-05,0.0001336964172844975
32,4,Password,0.00801113261369118,0.00802642914243692,-0.0019169131959885987,-0.008240010420817468,0.002295906514746543
32,4,Port_Scanning,0.07813539231397736,-0.18355432119033555,-0.27642670967787936,0.12487265225019865,0.12628287462339796
32,4,Ransomware,0.008230646935907514,-0.01339432955383086,0.0063831160416176255,-0.005603473670209232,0.0009623122738887713
32,4,SQL_injection,-0.014955662525903203,0.002913824306345482,0.004608221403152929,0.003849486107573594,0.0040837925538451765
32,4,Uploading,0.017724944202396255,-0.034766528748686104,0.005017248083318636,0.001247449502475841,0.015585698437865562
32,4,Vulnerability_scanner,0.0009173859674673619,-0.008376615293913191,0.003634216876435072,0.0004293913091046542,0.004893525152918099
32,4,XSS,-2.2613065326633485e-05,9.045226130653394e-05,-2.2613065326633485e-05,-2.2613065326633485e-05,-2.2613065326633485e-05
32,Aggregated,Backdoor,-0.00596685197970111,0.0029989024455613004,-0.004807629792746384,0.00208139559516695,0.002481495169172604
32,Aggregated,DDoS_HTTP,0.01260498780340019,0.0018971527580720765,0.0057425900579152235,-0.00908257565179587,0.0034046547864925586
32,Aggregated,DDoS_ICMP,0.0013777571292561649,0.0007358615305529911,0.000588481771252893,-0.0010727378778409421,-0.0021694488658227135
32,Aggregated,DDoS_TCP,-0.020766405477149658,-0.00904880030274662,-0.003123829372647343,-0.007100475220157195,0.03242086584890547
32,Aggregated,DDoS_UDP,0.01554221153898677,-0.008758560865034765,-0.0011648515791237897,-0.0013290040475082976,-0.004094450104063128
32,Aggregated,Fingerprinting,0.10591111408704974,0.16651105039098826,0.04886171695277696,-0.13313640336743945,-0.18488908770821108
32,Aggregated,MITM,0.44178395982288204,-0.24940695677056005,-0.2275024846901507,0.22403719361283977,-0.14750384448018714
32,Aggregated,Normal,4.2645556158501145e-05,3.206816059340885e-05,-1.0594961990439966e-05,-9.475355930271823e-06,6.494104450539736e-05
32,Aggregated,Password,0.0034579585708136005,0.00504488349117834,-0.0023165771260813765,0.0058042440038825055,0.004124950119367076
32,Aggregated,Port_Scanning,0.07669812880004309,-0.17388452719947553,-0.25570239645472126,0.13809787714009436,0.1284113961816345
32,Aggregated,Ransomware,-0.000740639156469571,-0.007285557696082806,0.005126903638554738,-0.00464004114409022,0.0017196336967582179
32,Aggregated,SQL_injection,-0.01998149761965627,0.0045676444145663665,0.006059021614196087,0.005501515132087967,0.005471424228229406
32,Aggregated,Uploading,0.013984956495890814,-0.038167365748089474,0.009063987908714927,0.0030140830835709816,0.016337846829966092
32,Aggregated,Vulnerability_scanner,0.001400069954132388,-0.009032481004857392,0.004116473945269104,-9.14241173258686e-05,0.005222897381557956
32,Aggregated,XSS,-7.865345288658038e-06,3.146138115463215e-05,-7.865345288658038e-06,-7.865345288658038e-06,-7.865345288658038e-06
32,Centralized,Backdoor,-0.00596685197970111,0.0029989024455613004,-0.004807629792746384,0.00208139559516695,0.002481495169172604
32,Centralized,DDoS_HTTP,0.01260498780340019,0.0018971527580720765,0.0057425900579152235,-0.00908257565179587,0.0034046547864925586
32,Centralized,DDoS_ICMP,0.0013777571292561649,0.0007358615305529911,0.000588481771252893,-0.0010727378778409421,-0.0021694488658227135
32,Centralized,DDoS_TCP,-0.020766405477149658,-0.00904880030274662,-0.003123829372647343,-0.007100475220157195,0.03242086584890547
32,Centralized,DDoS_UDP,0.01554221153898677,-0.008758560865034765,-0.0011648515791237897,-0.0013290040475082976,-0.004094450104063128
32,Centralized,Fingerprinting,0.10591111408704974,0.16651105039098826,0.04886171695277696,-0.13313640336743945,-0.18488908770821108
32,Centralized,MITM,0.44178395982288204,-0.24940695677056005,-0.2275024846901507,0.22403719361283977,-0.14750384448018714
32,Centralized,Normal,4.2645556158501145e-05,3.206816059340885e-05,-1.0594961990439966e-05,-9.475355930271823e-06,6.494104450539736e-05
32,Centralized,Password,0.0034579585708136005,0.00504488349117834,-0.0023165771260813765,0.0058042440038825055,0.004124950119367076
32,Centralized,Port_Scanning,0.07669812880004309,-0.17388452719947553,-0.25570239645472126,0.13809787714009436,0.1284113961816345
32,Centralized,Ransomware,-0.000740639156469571,-0.007285557696082806,0.005126903638554738,-0.00464004114409022,0.0017196336967582179
32,Centralized,SQL_injection,-0.01998149761965627,0.0045676444145663665,0.006059021614196087,0.005501515132087967,0.005471424228229406
32,Centralized,Uploading,0.013984956495890814,-0.038167365748089474,0.009063987908714927,0.0030140830835709816,0.016337846829966092
32,Centralized,Vulnerability_scanner,0.001400069954132388,-0.009032481004857392,0.004116473945269104,-9.14241173258686e-05,0.005222897381557956
32,Centralized,XSS,-7.865345288658038e-06,3.146138115463215e-05,-7.865345288658038e-06,-7.865345288658038e-06,-7.865345288658038e-06
33,0,Backdoor,-0.0006927474551397768,-0.023272861645713894,-0.00143523250902813,0.03922797399655875,-0.012297580857125505
33,0,DDoS_HTTP,0.0004888290880527714,0.007122643391163541,0.002388092720814081,-0.005179198293284357,-0.0026481542082175706
33,0,DDoS_ICMP,0.00020071456140713002,0.0003847937199350282,-0.00012521277323480814,-0.0003977217809895165,-6.166065183411858e-05
33,0,DDoS_TCP,-0.004366058705043417,-0.0034233587566774287,0.013447211313902457,-0.008160161185766963,-0.004701981801481605
33,0,DDoS_UDP,0.0,0.0,0.0,0.0,0.0
33,0,Fingerprinting,-0.011266255625432932,0.1760028605454859,0.16299663055713,-0.27316998664572534,-0.10910870337691202
33,0,MITM,0.006410256410256406,-0.019230769230769218,0.006410256410256406,0.006410256410256406,0.0
33,0,Normal,1.7365121191252147e-05,-0.00022096260282910193,-4.084251596901215e-05,0.0003437492975932784,-9.930929998641647e-05
33,0,Password,0.010677774253399398,0.0029710364798435696,-0.014773170267306963,0.00032780703285484694,0.010480454019670044
33,0,Port_Scanning,-0.04401549755149638,-0.038202075572486144,0.1316229341802022,-0.08416543027277476,-0.0484550608070856
33,0,Ransomware,0.005938049996325278,-0.005612772238641635,0.009644438908721183,-0.005821003593378638,-0.004148713073026189
33,0,SQL_injection,-0.00876904430061796,0.001623223870248557,0.002350237807196302,0.002431811971897125,0.0023637706512759744
33,0,Uploading,0.018260672100752755,-0.001856925671429186,-0.0007615923387803804,0.010262807018374608,-1.5705747288845272e-05
33,0,Vulnerability_scanner,0.007583082100584043,-0.0022984139356726292,-0.003995664604195591,0.003980357134188892,0.0037146348557119697
33,0,XSS,0.0,0.0,0.0,0.0,0.0
33,1,Backdoor,-0.0014514103423627115,-0.02834008917716692,0.000896265265586473,0.04033838882426569,-0.011205059332227306
33,1,DDoS_HTTP,-0.001015195073939912,0.009323526422597225,-0.0028445754137822383,-0.005509438997312761,-0.003547315318349237
33,1,DDoS_ICMP,5.984562157022403e-06,0.0003213144758989687,-2.1648771901359536e-05,-0.0001985989405272226,0.00011863010607279975
33,1,DDoS_TCP,-0.005586884041372758,-0.0037172369992422532,0.014950138881777628,-0.0099161841323283,-0.004922839525640031
33,1,DDoS_UDP,0.0,0.0,0.0,0.0,0.0
33,1,Fingerprinting,-0.08907501512401692,0.15436897065743016,0.24574645228125522,-0.21438346598974325,-0.08496103539217657
33,1,MITM,-0.018181818181818188,0.02727272727272728,0.012121212121212125,-0.03333333333333334,0.012121212121212125
33,1,Normal,-3.909485284961193e-05,-0.00018439906754338746,-9.914163908354053e-05,0.00036051362491655304,-0.00010462587942853448
33,1,Password,0.008235079575861753,0.00031769675744978504,-0.023077363001890738,6.869525725928712e-05,0.017379471597719885
33,1,Port_Scanning,-0.05503609377937602,-0.04046299804912226,0.14302916768650312,-0.10120106530612354,-0.05335293843041765
33,1,Ransomware,0.0008044969959171496,0.0024982639335865216,0.005337756841565814,-0.0013575094325399939,0.0014465205554897423
33,1,SQL_injection,-0.0048356464568957,0.0008648597666799241,0.0016328504892246807,0.00046915777676836344,0.0011711107659636065
33,1,Uploading,0.036042759219665266,-0.011047569371189503,-0.003408659399583246,0.024738944417631158,-0.00010515680683302053
33,1,Vulnerability_scanner,0.009860684309036003,-0.003068120735318654,-0.003915914781494684,0.0059102572977705525,0.005375972133629949
33,1,XSS,0.0,0.0,0.0,0.0,0.0
33,2,Backdoor,0.0012672162994769236,-0.025526800621791485,0.0028923744027520406,0.034089614733276714,-0.007287025643025846
33,2,DDoS_HTTP,0.0013795085942530845,0.005577127120055563,0.0021503543989154594,-0.005100852401789086,-0.002574104223882688
33,2,DDoS_ICMP,-9.904093519078986e-06,0.0002315691695999304,6.088804248834401e-05,-0.0001592071508168369,0.0001024376022493334
33,2,DDoS_TCP,-0.005065454415798176,-0.004521719254569156,0.012412193283289198,-0.009570545931064189,-0.004575954121931094
33,2,DDoS_UDP,0.0,0.0,0.0,0.0,0.0
33,2,Fingerprinting,-0.10449564950438811,0.14081544445471345,0.19373738634724352,-0.16834740232672923,-0.0551738312584213
33,2,MITM,-0.018181818181818188,0.02727272727272728,0.012121212121212125,-0.03333333333333334,0.012121212121212125
33,2,Normal,5.816835113651534e-06,-0.00027398148906902694,-1.7956950945654156e-05,0.00028749776781362144,-4.8198122411602375e-05
33,2,Password,0.001299087466298523,0.0006631508883381455,-0.011694082848014946,-0.0007507751673054582,0.011030343723066636
33,2,Port_Scanning,-0.049455249795938704,-0.04849407493255911,0.11935818338890894,-0.09904521562204276,-0.04965747870610863
33,2,Ransomware,0.00068008150382457,0.0012857020181165876,0.00458347666862162,-0.005171875272349547,-0.0013773849182132313
33,2,SQL_injection,-0.0038284169797845667,6.075193517741523e-05,0.0016214109779079972,0.0008196555977509235,0.0011159623478625474
33,2,Uploading,0.018023724091715,-0.002914808548356964,0.0014249275432747603,0.012972601671014442,-0.0008627695276265923
33,2,Vulnerability_scanner,0.0065486286732437836,-0.0012199490458038975,-0.002416426751938661,0.0032521938430415285,0.0028340974425444974
33,2,XSS,-2.5898684346834882e-05,-2.5898684346834882e-05,0.0,7.769605304050464e-05,-2.5898684346834882e-05
33,3,Backdoor,0.000222999069653775,-0.02639669252365926,0.0006241523703694832,0.040699816332896405,-0.009928362446328462
33,3,DDoS_HTTP,0.002483976842015093,0.005659185477594694,0.0030417298019005455,-0.010351247883045827,-0.0008336442384645047
33,3,DDoS_ICMP,0.0002423360548477212,-4.3464250893843206e-05,-0.0003856157642419515,0.000226263866331707,0.00041214852669739234
33,3,DDoS_TCP,-0.003335338956261341,-0.004108643191155753,0.01238491160874731,-0.010263760694050364,-0.005193518273850395
33,3,DDoS_UDP,0.0,0.0,0.0,0.0,0.0
33,3,Fingerprinting,-0.03149614054194185,0.08015627481016392,0.1628089384049604,-0.13333374476307558,-0.06575142698131424
33,3,MITM,-0.03636363636363636,0.032634032634032625,0.021212121212121213,-0.05419580419580419,0.03671328671328669
33,3,Normal,2.3719855213268544e-05,-0.0003170889821043151,-5.10953154041834e-05,0.0003845133797804249,-0.00010669684997852887
33,3,Password,0.012703295679953349,-0.000638936867244692,-0.017789513475068,0.007071833294988696,0.025203968399945355
33,3,Port_Scanning,-0.04401277578680325,-0.03662135143176305,0.12878893113669587,-0.10979816369426271,-0.04538056810240324
33,3,Ransomware,0.0029209860371710973,0.0038503644301091026,0.00805739037472785,-0.01327008920206484,0.002018919739485834
33,3,SQL_injection,-0.007438670605179734,0.0026853620255805114,0.0022416664778313125,0.000714410242798442,0.0017972318589694683
33,3,Uploading,0.02417413943751372,-0.007094624020041064,0.003171233660896461,0.01662610637180775,-0.0013672798671816695
33,3,Vulnerability_scanner,0.00656252262889214,-0.00405436122528586,-0.001912882091174182,0.006535477693298044,0.006201038812228038
33,3,XSS,-1.3353987500667555e-05,-1.3353987500667555e-05,0.0,4.006196250200267e-05,-1.3353987500667555e-05
33,4,Backdoor,-0.0005326254994422168,-0.02305265698016592,0.000792511546165305,0.03776112164223896,-0.01351883782524889
33,4,DDoS_HTTP,0.001879820787529409,0.009127049858524605,0.0011161181561433772,-0.010612669949283459,-0.0015103188529139334
33,4,DDoS_ICMP,0.007531340716195073,0.008357128335896127,-0.00032240782307573396,-0.015639004374817467,0.001639262987869437
33,4,DDoS_TCP,-0.004199402220535538,-0.003966965476501267,0.014058887102326728,-0.008368518656222035,-0.006339937928288245
33,4,DDoS_UDP,0.024478733706522558,-0.008664789752886048,-0.010980062194518882,-0.002545840658604485,-0.011154368666484648
33,4,Fingerprinting,-0.019863886118976572,0.16821973286202266,0.18758435797500678,-0.2253208767130698,-0.11061932800498313
33,4,MITM,0.22004845439202123,-0.18300330378725085,-0.15659950040203593,0.19153801013053384,-0.17128435963396746
33,4,Normal,4.225655114348803e-05,-0.00018039637974144503,-8.18365723566398e-05,0.0003080656168719905,-6.104193709797942e-05
33,4,Password,0.007109658353407214,0.0012352619677825688,-0.010536890873148482,-0.0005750767863866181,0.012586942459424011
33,4,Port_Scanning,-0.040579344448077884,-0.04236406359837574,0.13171389784291093,-0.08299681832380923,-0.06030203669587734
33,4,Ransomware,0.006831786292830289,0.001076129240379812,0.007483648789078649,-0.008946807410995784,0.000439924672183802
33,4,SQL_injection,0.0010638868675668307,0.0026342092749021486,0.0019983707036693057,-0.00753907414443428,0.001508970658926866
33,4,Uploading,0.022294268008630526,-0.008885515400276371,-0.0035754332460119415,0.015635709582714975,-0.005717696795856505
33,4,Vulnerability_scanner,0.01230858068266966,-0.00024639728569912737,-0.0027724989843174136,3.0504574773987382e-05,0.0008052904704153725
33,4,XSS,0.0009790817608592928,-0.00041835694548951615,0.00031441575789272825,-0.0007472772119781469,-0.00012786336128435804
33,Aggregated,Backdoor,-0.00026562149334570057,-0.02535628812382086,0.0007574189164000303,0.0384823297764196,-0.010854856317149417
33,Aggregated,DDoS_HTTP,0.0010588868421262609,0.00734534725398806,0.0011846315424241332,-0.007381945166704667,-0.002206920471833787
33,Aggregated,DDoS_ICMP,0.0016357536081271606,0.0018961971158610517,-0.00014000819871114455,-0.0033647423589475405,0.00046796478549758215
33,Aggregated,DDoS_TCP,-0.0045110703901007874,-0.003946174772566578,0.013447654087686839,-0.009258346361423963,-0.005143493391233133
33,Aggregated,DDoS_UDP,0.02442721387245479,-0.00865190979436911,-0.010967182236001941,-0.0025329607000875425,-0.011141488707967707
33,Aggregated,Fingerprinting,-0.04879158198659595,0.14594058581665675,0.18937655145511353,-0.2051911582696985,-0.0845927873706406
33,Aggregated,MITM,0.24541964545938538,-0.2360828318787219,-0.18978264692795846,0.13811105171327404,-0.20997509754153004
33,Aggregated,Normal,1.0029392200551953e-05,-0.0002354051129161076,-5.814933538010325e-05,0.0003368516095096715,-8.395614270968465e-05
33,Aggregated,Password,0.008018700507778804,0.0009171282143565459,-0.015575836441961175,0.0012325695598439314,0.01534864053260861
33,Aggregated,Port_Scanning,-0.046657765589777495,-0.04127383526821493,0.13097026423163824,-0.09550730230752393,-0.05146465147968458
33,Aggregated,Ransomware,0.0034489620512729987,0.0006044532165475569,0.007013881207700768,-0.006989896096479862,-0.000342661200351078
33,Aggregated,SQL_injection,-0.0043979970541570546,0.0019944014921585906,0.002137956654175593,-0.0017217421592833346,0.001711127581610084
33,Aggregated,Uploading,0.023793098162025593,-0.006381978957913406,-0.0006100820221699305,0.01606428374072872,-0.0015909460157886
33,Aggregated,Vulnerability_scanner,0.008628336886207271,-0.0021388811108596843,-0.002989554307413463,0.003889796086748126,0.003747230323049104
33,Aggregated,XSS,0.00010676843599543122,-5.8103048770238976e-05,3.729955538133029e-05,-6.248133956524674e-05,-2.348360304127578e-05
33,Centralized,Backdoor,-0.00026562149334570057,-0.02535628812382086,0.0007574189164000303,0.0384823297764196,-0.010854856317149417
33,Centralized,DDoS_HTTP,0.0010588868421262609,0.00734534725398806,0.0011846315424241332,-0.007381945166704667,-0.002206920471833787
33,Centralized,DDoS_ICMP,0.0016357536081271606,0.0018961971158610517,-0.00014000819871114455,-0.0033647423589475405,0.00046796478549758215
33,Centralized,DDoS_TCP,-0.0045110703901007874,-0.003946174772566578,0.013447654087686839,-0.009258346361423963,-0.005143493391233133
33,Centralized,DDoS_UDP,0.02442721387245479,-0.00865190979436911,-0.010967182236001941,-0.0025329607000875425,-0.011141488707967707
33,Centralized,Fingerprinting,-0.04879158198659595,0.14594058581665675,0.18937655145511353,-0.2051911582696985,-0.0845927873706406
33,Centralized,MITM,0.24541964545938538,-0.2360828318787219,-0.18978264692795846,0.13811105171327404,-0.20997509754153004
33,Centralized,Normal,1.0029392200551953e-05,-0.0002354051129161076,-5.814933538010325e-05,0.0003368516095096715,-8.395614270968465e-05
33,Centralized,Password,0.008018700507778804,0.0009171282143565459,-0.015575836441961175,0.0012325695598439314,0.01534864053260861
33,Centralized,Port_Scanning,-0.046657765589777495,-0.04127383526821493,0.13097026423163824,-0.09550730230752393,-0.05146465147968458
33,Centralized,Ransomware,0.0034489620512729987,0.0006044532165475569,0.007013881207700768,-0.006989896096479862,-0.000342661200351078
33,Centralized,SQL_injection,-0.0043979970541570546,0.0019944014921585906,0.002137956654175593,-0.0017217421592833346,0.001711127581610084
33,Centralized,Uploading,0.023793098162025593,-0.006381978957913406,-0.0006100820221699305,0.01606428374072872,-0.0015909460157886
33,Centralized,Vulnerability_scanner,0.008628336886207271,-0.0021388811108596843,-0.002989554307413463,0.003889796086748126,0.003747230323049104
33,Centralized,XSS,0.00010676843599543122,-5.8103048770238976e-05,3.729955538133029e-05,-6.248133956524674e-05,-2.348360304127578e-05
34,0,Backdoor,0.06472756742413463,0.05298382738514994,0.0622420922576268,0.04972297436507962,0.034284538687640545
34,0,DDoS_HTTP,-0.0014928057268225844,-0.003594244001846215,-0.005440497145335941,-0.004614609361857966,-0.005550636488310918
34,0,DDoS_ICMP,0.00022455886261046515,-0.0001303116265791197,-0.00031789819820323697,-7.477804298695786e-05,0.00029751592987513434
34,0,DDoS_TCP,-0.0036350900903264574,0.017496325447586177,0.01515068860294264,0.005353565448028341,-0.024555392584757477
34,0,DDoS_UDP,0.0,0.0,0.0,0.0,0.0
34,0,Fingerprinting,0.1063412384716733,-0.09230930202097251,-0.13736136729614992,-0.020079567605883416,0.19795445299678713
34,0,MITM,-0.008974358974358968,0.0038461538461538438,0.01025641025641025,0.01025641025641025,-0.015384615384615375
34,0,Normal,0.0001866059343441769,0.0011889149689535824,0.00037128866205453267,0.0010048295014939276,-0.00010679598601786763
34,0,Password,-0.00035106755701052824,0.004084533935558655,0.0075311324607383046,-0.007446054918554795,-0.0032112649493365743
34,0,Port_Scanning,-0.027017771401185112,0.17157475331018698,0.13609892683605512,0.06982017297803664,-0.23923190341304704
34,0,Ransomware,-0.014481229496408577,0.011654982293018012,0.008120226494097185,0.004908772033095362,0.0036986688934076565
34,0,SQL_injection,0.002628329634225118,-0.007309648592827493,-0.0006689083628755653,0.0024866710590235094,0.00286355626245443
34,0,Uploading,-0.006177352929783765,-0.004720002644263177,0.0004712254373312528,-0.008654001220344133,-0.004306737288071964
34,0,Vulnerability_scanner,-0.002760521480266766,-0.002913050240665199,0.0001285305770913921,-0.002512786721008314,-0.0014296641087853002
34,0,XSS,0.0,0.0,0.0,0.0,0.0
34,1,Backdoor,0.05553002611870396,0.0693867280314741,0.05595691415405153,0.05501588354781569,0.030381504809516773
34,1,DDoS_HTTP,-0.00024329569938266645,-0.00406495635542849,-0.007524648373426737,-0.0024307934108283294,0.002635810125906011
34,1,DDoS_ICMP,-0.00019495711211183023,-0.0001193583892749465,-6.293816449351083e-05,-6.318294832565926e-05,0.0002147551825057381
34,1,DDoS_TCP,-0.0038674148900590235,0.016858339661313056,0.01769736195494285,0.007085111829499213,-0.028063205351165695
34,1,DDoS_UDP,0.0,0.0,0.0,0.0,0.0
34,1,Fingerprinting,-0.03924795131283223,-0.08729863357404076,-0.06569260378723292,-0.03359571168226438,0.21413899392362148
34,1,MITM,-0.007575757575757581,0.015151515151515159,0.015151515151515157,-0.03787878787878789,0.015151515151515159
34,1,Normal,8.893269375447322e-05,0.0013813730673110072,0.0002097540153526589,0.0010854385231303554,-0.00012840315698189146
34,1,Password,0.00461817778768055,0.004071807978574828,0.006257659966184703,-0.0064549870855031425,-0.0014716232782545663
34,1,Port_Scanning,-0.028254429977021506,0.17211538496727377,0.15347985944924752,0.08548332583393643,-0.27019470880956165
34,1,Ransomware,-0.002746225637939494,0.0017879035526916257,0.0032061380180801033,0.0014996138245392014,0.0029301242255717935
34,1,SQL_injection,0.002191375963869265,-0.0057267034854718,0.00016712640970592874,0.00148133257364839,0.002118701077877101
34,1,Uploading,-0.012061732223061202,-0.012095309103306761,0.005993108173348402,-0.015547856014170034,-0.00806468294582723
34,1,Vulnerability_scanner,-0.004782788169690355,-0.004117548137692652,0.0014009179481336194,-0.004681473338981714,-0.0029754367269036
34,1,XSS,0.0,0.0,0.0,0.0,0.0
34,2,Backdoor,0.07158430209682971,0.03735879994529559,0.06264100145925616,0.03421634441861735,0.03317430936155448
34,2,DDoS_HTTP,0.0009999994381063712,-0.0026396465602658717,-0.005276405989324077,-0.004924623008320649,-0.003248716678566906
34,2,DDoS_ICMP,-0.0002587536624373684,-3.3240802749850974e-05,-7.099866196242181e-05,-7.10661845379712e-05,0.00020827574168592045
34,2,DDoS_TCP,-0.0030919490226215983,0.014529690475985395,0.014816495050213941,0.004986411013305577,-0.02274202283762654
34,2,DDoS_UDP,0.0,0.0,0.0,0.0,0.0
34,2,Fingerprinting,-0.08462815438451451,-0.07161645847808185,-0.04448280308355691,-0.023012774580280296,0.21720424281401518
34,2,MITM,-0.003729603729603734,0.018997668997669002,-0.00023310023310021873,-0.03403263403263405,0.018997668997669002
34,2,Normal,0.00042667201480903563,0.000722887306338001,0.0005001303175712475,0.0006403156109009656,7.554469357390718e-05
34,2,Password,0.0008100407308409801,0.0015648944331369352,0.0028546220429153325,-0.004494205222099575,-0.0007353519847936728
34,2,Port_Scanning,-0.03736163643363855,0.15511224363255335,0.12999801313437845,0.07699033608446952,-0.23611224029095107
34,2,Ransomware,-0.010015838982832788,0.007224218661371867,0.0039379551781945155,0.0007370269490837467,0.00166693405217083
34,2,SQL_injection,0.0006205666165832388,-0.0022501384380712217,0.00027989273304169365,0.00043366498248325475,0.000706043501847634
34,2,Uploading,-0.0034535755426317954,-0.008202784926973745,0.0004237452391808329,-0.010136189430286761,-0.0034061785285741182
34,2,Vulnerability_scanner,-0.003044218460129881,-0.0021706698077642544,-0.0007757887832691953,-0.0033491383869782157,-0.0017486879702570735
34,2,XSS,-1.5539210608100927e-05,6.215684243240371e-05,-1.5539210608100927e-05,-1.5539210608100927e-05,-1.5539210608100927e-05
34,3,Backdoor,0.05910796311443505,0.05765164834388926,0.052534350471981885,0.04845796725552508,0.022069645667225114
34,3,DDoS_HTTP,0.003881411479249691,-0.0014043030033447377,-0.004891625355621277,-0.01037049401156918,-0.007333839857520585
34,3,DDoS_ICMP,-0.0003875073853986166,0.00019655421770739905,6.504966850857848e-05,-0.0001235010603865975,-0.00042825078340058185
34,3,DDoS_TCP,-0.002297129447704825,0.014514064305711812,0.01600089196061812,0.004192945669989884,-0.022327048054351813
34,3,DDoS_UDP,0.0,0.0,0.0,0.0,0.0
34,3,Fingerprinting,-0.0032921291354588928,-0.046923147638600164,-0.06039582964069397,-0.022675608685178848,0.11563965627640242
34,3,MITM,-0.040303030303030306,0.034289044289044286,0.03696969696969696,-0.05510489510489511,0.024149184149184145
34,3,Normal,0.00017300034985590445,0.0011039007249270298,0.00045284105478693806,0.000919806916119346,3.297295584840561e-05
34,3,Password,-0.00016124495046623878,0.0023891715673050474,0.006400687867586147,-0.009366842654012244,-0.001591916544663379
34,3,Port_Scanning,-0.029472179955308486,0.15163347190644777,0.13795910424358848,0.07294207269055313,-0.23735177620633327
34,3,Ransomware,-0.015971264197612904,0.007248427608420814,0.004015993352287915,-0.003986869641361646,-0.0019149236399252664
34,3,SQL_injection,0.0010689640731898356,-0.002091411282074427,-0.0005791095414923624,0.00022920337722313286,0.0011285936227638108
34,3,Uploading,-0.006659149011602643,-0.008011725553951528,0.002124417788648045,-0.008935926756044576,-0.005717732909019357
34,3,Vulnerability_scanner,-0.005357407674124711,-0.0040075152859976515,0.0019062430730626486,-0.005447192395673254,-0.003442166932953315
34,3,XSS,-8.012392500400534e-06,3.2049570001602136e-05,-8.012392500400534e-06,-8.012392500400534e-06,-8.012392500400534e-06
34,4,Backdoor,0.05131207964145527,0.05867968708866917,0.048379919193196216,0.04141497400563226,0.025172908804200703
34,4,DDoS_HTTP,-0.0016542098361680838,-0.008465012552345155,-0.010240972379180277,-0.006222415829499987,-0.007694514311073634
34,4,DDoS_ICMP,0.0031670943750535213,0.0002747099493872159,-0.0018367768576871594,-0.0035286505567518095,0.0019221054024885645
34,4,DDoS_TCP,-0.003123025928195415,0.01755884497797968,0.016781833474984523,0.006399086787553896,-0.027224137846306288
34,4,DDoS_UDP,0.016436168503483586,-0.005382785368069487,-0.005306582289799775,0.0007090326932890227,6.133350861514305e-05
34,4,Fingerprinting,0.01620452921940336,-0.11363965194056727,-0.11128500599324402,-0.04988251535734375,0.23695762242673005
34,4,MITM,0.26224571893050114,-0.11432397192783587,-0.26678894329359687,0.32384830806690396,-0.16116591058372196
34,4,Normal,0.0005341968557406669,0.0013550567897086974,0.000797905470528167,-0.0006429255738911936,-5.964408890797301e-05
34,4,Password,0.0032496431521496496,0.004005370726196734,-0.00515880952347308,-0.005548367766418863,-0.0005526981776501599
34,4,Port_Scanning,-0.01956964779752948,0.172028668944466,0.1465103966986156,0.08278733525441906,-0.2595345308777492
34,4,Ransomware,-0.015532595259031797,0.004805122507240157,0.004795058601438311,0.0005681571799928814,-0.004901658763581197
34,4,SQL_injection,0.0027236999728157867,-0.004672489139022046,-0.0001817959657051922,-0.0004166087855536386,0.002547193917465088
34,4,Uploading,-0.0035606774888316843,-0.009320934812509129,0.003982334690356743,-0.009909632766349414,-0.0030092714408483283
34,4,Vulnerability_scanner,-0.003442705276459588,-0.0027576339238032767,0.0004903597508361186,-0.003567030146405749,-0.0023463738740219803
34,4,XSS,-2.2613065326633485e-05,9.045226130653394e-05,-2.2613065326633485e-05,-2.2613065326633485e-05,-2.2613065326633485e-05
34,Aggregated,Backdoor,0.06031197480117339,0.05545072520181663,0.05632194026006553,0.045907798030158896,0.02899256360765269
34,Aggregated,DDoS_HTTP,0.0003198775969204611,-0.004031189330963707,-0.006683261262332875,-0.005754475505204606,-0.004251182726717743
34,Aggregated,DDoS_ICMP,0.0005162353552283968,4.231080994123356e-05,-0.000452255197636429,-0.000781819311400154,0.00044933565110670076
34,Aggregated,DDoS_TCP,-0.003203253053975528,0.016179303888804692,0.016085669981001482,0.005601690960902866,-0.024970248739078313
34,Aggregated,DDoS_UDP,0.01638464866941581,-0.005369905409552544,-0.005293702331282833,0.0007219126518059652,7.421346713208562e-05
34,Aggregated,Fingerprinting,0.002360365702579025,-0.08256548975360649,-0.0862190763305715,-0.031669793709394226,0.195751824390152
34,Aggregated,MITM,0.3330836314490449,-0.11348971551074023,-0.23093678695051775,0.25477958904009707,-0.11437613857222104
34,Aggregated,Normal,0.0002823962778141583,0.001150426303872167,0.0004668539049259272,0.0006003364506221835,-3.714048588364105e-05
34,Aggregated,Password,0.0016525721703376942,0.003236780439765565,0.0035311316658181795,-0.0066746710997654425,-0.0015071170884729253
34,Aggregated,Port_Scanning,-0.028283772301760643,0.16462582366166334,0.14086850561830241,0.07765111611074067,-0.2486941750869064
34,Aggregated,Ransomware,-0.01181098959940319,0.006645474873875739,0.00488592673162699,0.0007275845614697778,0.00024534953744061264
34,Aggregated,SQL_injection,0.001956904344624603,-0.004460627758803076,-0.00019396991871391777,0.0006904252031902471,0.0019613266310200836
34,Aggregated,Uploading,-0.006399880133352863,-0.00847627776031758,0.002605961409371811,-0.01065609729083394,-0.004913310008022237
34,Aggregated,Vulnerability_scanner,-0.0038805459742578172,-0.003199856335181698,0.0006329998581736477,-0.003913071952083652,-0.0023919896331580184
34,Aggregated,XSS,-7.865345288658038e-06,3.146138115463215e-05,-7.865345288658038e-06,-7.865345288658038e-06,-7.865345288658038e-06
34,Centralized,Backdoor,0.06031197480117339,0.05545072520181663,0.05632194026006553,0.045907798030158896,0.02899256360765269
34,Centralized,DDoS_HTTP,0.0003198775969204611,-0.004031189330963707,-0.006683261262332875,-0.005754475505204606,-0.004251182726717743
34,Centralized,DDoS_ICMP,0.0005162353552283968,4.231080994123356e-05,-0.000452255197636429,-0.000781819311400154,0.00044933565110670076
34,Centralized,DDoS_TCP,-0.003203253053975528,0.016179303888804692,0.016085669981001482,0.005601690960902866,-0.024970248739078313
34,Centralized,DDoS_UDP,0.01638464866941581,-0.005369905409552544,-0.005293702331282833,0.0007219126518059652,7.421346713208562e-05
34,Centralized,Fingerprinting,0.002360365702579025,-0.08256548975360649,-0.0862190763305715,-0.031669793709394226,0.195751824390152
34,Centralized,MITM,0.3330836314490449,-0.11348971551074023,-0.23093678695051775,0.25477958904009707,-0.11437613857222104
34,Centralized,Normal,0.0002823962778141583,0.001150426303872167,0.0004668539049259272,0.0006003364506221835,-3.714048588364105e-05
34,Centralized,Password,0.0016525721703376942,0.003236780439765565,0.0035311316658181795,-0.0066746710997654425,-0.0015071170884729253
34,Centralized,Port_Scanning,-0.028283772301760643,0.16462582366166334,0.14086850561830241,0.07765111611074067,-0.2486941750869064
34,Centralized,Ransomware,-0.01181098959940319,0.006645474873875739,0.00488592673162699,0.0007275845614697778,0.00024534953744061264
34,Centralized,SQL_injection,0.001956904344624603,-0.004460627758803076,-0.00019396991871391777,0.0006904252031902471,0.0019613266310200836
34,Centralized,Uploading,-0.006399880133352863,-0.00847627776031758,0.002605961409371811,-0.01065609729083394,-0.004913310008022237
34,Centralized,Vulnerability_scanner,-0.0038805459742578172,-0.003199856335181698,0.0006329998581736477,-0.003913071952083652,-0.0023919896331580184
34,Centralized,XSS,-7.865345288658038e-06,3.146138115463215e-05,-7.865345288658038e-06,-7.865345288658038e-06,-7.865345288658038e-06
35,0,Backdoor,-0.07901248591510839,0.01648869523045495,-0.07231276891165682,0.03045525878726477,-0.05524079977595684
35,0,DDoS_HTTP,0.004540515769878698,0.0003063680844871556,0.006423344089984412,-0.0008079613507931211,-0.006001700627926048
35,0,DDoS_ICMP,0.00025832384348386714,-0.000283007315275006,0.00014433778953150492,0.0002211167663908109,-0.00033985800884746195
35,0,DDoS_TCP,0.03967144059939364,0.010451805438946946,0.02569505438196627,-0.06407462254509616,0.03071030520534146
35,0,DDoS_UDP,0.0,0.0,0.0,0.0,0.0
35,0,Fingerprinting,0.10972659716918634,-0.185232687177894,0.13226696968891902,0.10995064409160869,-0.2212569783172747
35,0,MITM,0.01996336996336996,0.007142857142857145,-0.012087912087912073,0.01996336996336996,-0.03498168498168499
35,0,Normal,-0.00030121954606914615,3.903749175341494e-05,-0.00020772946793213843,-0.0006738460651582289,-0.0005965662924750019
35,0,Password,0.007511129818907106,-0.007560305615417575,-0.008305200545843253,0.004912043384254572,0.0010981723357928505
35,0,Port_Scanning,0.15638107863967057,-0.19810890290053734,-0.027427410874904377,0.25766113687513453,0.15702202051831085
35,0,Ransomware,0.013175483866467833,-0.006903089807756207,0.007309033209872972,0.01364489107854061,-0.03076229005935148
35,0,SQL_injection,0.000712633666590357,-0.0010792550453390898,-0.0003081126395736822,9.028307418868693e-05,0.0002932043146088285
35,0,Uploading,0.014779121860177576,0.0017611527801345724,0.006699086809562114,-0.004455873628004414,0.0006846616420319954
35,0,Vulnerability_scanner,0.00806436510906665,0.00020450985326082028,-0.00011386479579325037,-0.0019365548990633067,0.0003744577133226512
35,0,XSS,0.0,0.0,0.0,0.0,0.0
35,1,Backdoor,-0.0728397416902656,0.0102664381948987,-0.06970983833509438,0.019179716385439746,-0.05760524105836826
35,1,DDoS_HTTP,0.01091467159046244,-0.0027283334226611408,0.012319242352380886,-0.004737314124737656,-0.011418115572729294
35,1,DDoS_ICMP,0.0002622121335131955,-0.0002610054831142498,0.0002797305891148386,7.46259430151904e-05,-0.00012988175082876603
35,1,DDoS_TCP,0.03936822614970472,0.010937871337040243,0.028357041511995296,-0.06334121543356726,0.031890888623638695
35,1,DDoS_UDP,0.0,0.0,0.0,0.0,0.0
35,1,Fingerprinting,0.10395030539548641,-0.18099679496082097,0.16602387228043433,0.05352939635632463,-0.13081087263867572
35,1,MITM,-0.021212121212121224,0.016666666666666673,0.024242424242424242,-0.0287878787878788,0.009090909090909094
35,1,Normal,-0.0002389346254450475,-0.00015445476259401774,-0.00012783244343898733,-0.0007305508379456944,-0.0005789843335408976
35,1,Password,0.009494845390473797,-0.005259666356117769,-0.004989193546756293,-0.0022909691024972628,-0.001629539713570849
35,1,Port_Scanning,0.15530814617053965,-0.2004755401298785,-0.008817424730213923,0.2793082603394344,0.15641403457079045
35,1,Ransomware,0.00888106264650888,-0.008741276123274633,0.005018797441913192,0.012036782484351919,-0.020554256555377445
35,1,SQL_injection,0.00030802465760554896,-0.0007867552801809539,-0.00031792627549103494,0.0002890053678885604,0.00027581899054899504
35,1,Uploading,0.028522676865245105,0.0006512064801837034,0.0012451792243053732,-0.009088214453440416,0.005176451314747583
35,1,Vulnerability_scanner,0.009872637629257486,0.0007071688027901498,0.00030219029794471554,-0.0023661633182723,0.0020356566381325085
35,1,XSS,0.0,0.0,0.0,0.0,0.0
35,2,Backdoor,-0.07108876850380572,0.012898214721495323,-0.07112660159919788,0.019271901752442547,-0.058337927358137164
35,2,DDoS_HTTP,0.007026760391561637,-0.0007756399660615744,0.008440300785131171,-0.004498839097666719,-0.00870352306511483
35,2,DDoS_ICMP,2.9415550693319876e-05,-6.081377319037499e-06,0.00029140594286244936,3.0042326542365865e-05,0.00010587100471985227
35,2,DDoS_TCP,0.0403877282337329,0.007064290630078735,0.023189371953753323,-0.05941683955509284,0.027657259368795793
35,2,DDoS_UDP,0.0,0.0,0.0,0.0,0.0
35,2,Fingerprinting,0.06320208066976787,-0.1286613238198311,0.19567518184629587,0.013627539856836969,-0.03273236744195849
35,2,MITM,-0.017365967365967374,0.020512820512820513,0.008857808857808876,-0.024941724941724953,0.012937062937062937
35,2,Normal,-0.00030303815820701037,6.329370268715791e-05,-0.00028203985596950327,-0.0005759925538818933,-0.0006145566242098592
35,2,Password,0.00373529583081052,-0.004355374044385907,-0.0018239157728333099,0.0006243445801332153,-0.0005971728342779388
35,2,Port_Scanning,0.15771951392005093,-0.2044246594976986,-0.0302598069074936,0.2664005618963178,0.15546638930892823
35,2,Ransomware,0.017901233663971443,-0.0018351684556071038,0.015238326395801026,0.010274623326517742,-0.03798645364581415
35,2,SQL_injection,0.0005995789116699268,-0.0009233246115985656,-0.00047831235580747674,0.0007388995461370104,-0.0003547987244196402
35,2,Uploading,0.013691633283734298,9.259948933648306e-05,0.004166635567430452,-0.004706063116169836,-0.003896832613135239
35,2,Vulnerability_scanner,0.006265754287148325,-2.8733586471718642e-05,-0.00035846433925036393,-0.0002932292233506791,0.0012449395526881347
35,2,XSS,-4.143789495493581e-05,6.215684243240371e-05,-4.143789495493581e-05,6.215684243240371e-05,-4.143789495493581e-05
35,3,Backdoor,-0.06190217070427268,0.009503688008086464,-0.06284875022599158,0.015869274071807812,-0.05548246725543749
35,3,DDoS_HTTP,0.012609762410416923,0.0012516674202715304,0.008331812431570803,-0.0012147308632394567,-0.008373272126383509
35,3,DDoS_ICMP,0.00011961033321837844,0.0002548924589141614,-3.2924001805538045e-05,-1.1884924032212752e-05,0.0003479614766750294
35,3,DDoS_TCP,0.03744656169946754,0.014930334888827753,0.028948698490734906,-0.06876593308387884,0.026935317495930592
35,3,DDoS_UDP,0.0,0.0,0.0,0.0,0.0
35,3,Fingerprinting,0.06810246574891823,-0.15079208440830927,0.1439301579369045,0.06174264379248284,-0.1053361242464668
35,3,MITM,-0.03095571095571095,0.04596736596736595,0.047132867132867136,-0.0567132867132867,-0.00543123543123542
35,3,Normal,-0.00021284572390065277,-0.00010450891097161796,-0.00022656654032572333,-0.0006677409525931914,-0.0005273504575792731
35,3,Password,0.013075779559151996,-0.007711554348282422,-0.0058152196264603636,-0.00222346554510866,0.00033813449123857865
35,3,Port_Scanning,0.1413657335413392,-0.18754301576198312,-0.0003483880600998921,0.24561057635139974,0.14091721100354748
35,3,Ransomware,0.020599231747199086,-0.008210583004457376,0.01766962127271488,0.012317979115173206,-0.03888115570409403
35,3,SQL_injection,-0.00018116423283780214,-0.0001816967538417156,-7.77432330164816e-05,-0.0003406729387928145,0.0007812771584888139
35,3,Uploading,0.022045858413433407,0.0016869057214834546,0.004432397670655378,-0.008276332696932237,0.0015857018878498144
35,3,Vulnerability_scanner,0.010959437407796471,0.0006524235814614883,0.0011988876176845463,-0.0028983877743645895,0.0012571069545370072
35,3,XSS,-2.136638000106809e-05,3.2049570001602136e-05,-2.136638000106809e-05,3.2049570001602136e-05,-2.136638000106809e-05
35,4,Backdoor,-0.0572109530746951,0.00689067810073733,-0.058156080855960614,0.0068872213766095315,-0.053675333217837254
35,4,DDoS_HTTP,0.015226185727023072,-0.002286332692386819,0.02231953106733294,-0.0077325497249774175,-0.013021989758889317
35,4,DDoS_ICMP,0.0019594020005475037,-0.00020893224126042516,-0.000826242191230316,-9.72560740841751e-05,-0.00015266334324747592
35,4,DDoS_TCP,0.038552061940282316,0.010251122419541393,0.027072036432192817,-0.06089863288256511,0.03072424875063818
35,4,DDoS_UDP,0.0130704482927337,-0.005773725784916843,-0.004576563156268827,-7.740457575389215e-05,0.0006170128015176949
35,4,Fingerprinting,0.1090180832613192,-0.1849301208729798,0.15078999492453518,0.12414034569748658,-0.17737328136533956
35,4,MITM,0.41144309849315325,-0.2413581618729656,-0.2524882222869221,0.3269253743920732,-0.18072058230088175
35,4,Normal,0.0006623236110199863,2.791894324019606e-05,0.000321165630546405,-0.0024146220608499227,-0.00018066650530271233
35,4,Password,0.010711818995233179,-0.0039166564313235005,-0.0080767020532043,0.005614937047483528,-0.004333397558188901
35,4,Port_Scanning,0.15089367094160427,-0.19055815287674943,-0.013917031602451776,0.2584780711090112,0.15475256523560352
35,4,Ransomware,0.014587089157617665,-0.00047592935826037595,0.015157377153055363,0.009923608903760392,-0.03581091170570817
35,4,SQL_injection,0.0017669826283555577,-0.0008804493371270793,0.0004908494746192447,-0.0016915590068403315,0.00014815103534774587
35,4,Uploading,0.02376342240015332,-0.0019352996962498953,-0.0031247052074412996,-0.008190067871165043,-0.003343055131058917
35,4,Vulnerability_scanner,0.009976244954375501,0.000739758463486064,-0.0003451532290982995,-0.0025251740262897653,0.0007143362989919263
35,4,XSS,-6.0301507537689296e-05,9.045226130653394e-05,-6.0301507537689296e-05,9.045226130653394e-05,-6.0301507537689296e-05
35,Aggregated,Backdoor,-0.06846468815663127,0.011199131751409134,-0.06683673942006445,0.018326386085996748,-0.05603530789529369
35,Aggregated,DDoS_HTTP,0.010109733050311757,-0.0008439380881759847,0.011586120586688219,-0.0038024275461256713,-0.009517312281598439
35,Aggregated,DDoS_ICMP,0.0005264965645491837,-0.0001007190835539018,-2.952900710569417e-05,4.3293057163423795e-05,-3.363911884572968e-05
35,Aggregated,DDoS_TCP,0.039083663097387394,0.01073429239109278,0.02665221695327031,-0.06330630893917903,0.029561864616442977
35,Aggregated,DDoS_UDP,0.012945952393008633,-0.0057318697216732694,-0.00451860610791218,-6.238072102822123e-05,0.00062667173491688
35,Aggregated,Fingerprinting,0.09141892424602774,-0.16471973468953738,0.1555133189057929,0.07533609977815048,-0.13690399058717906
35,Aggregated,MITM,0.4207600014740349,-0.20651757008787258,-0.20160444019062745,0.24105948062594834,-0.11483536960354646
35,Aggregated,Normal,-7.843025200389523e-05,-2.554230929270688e-05,-0.0001045537159262755,-0.0010133847034190292,-0.0004993293401604353
35,Aggregated,Password,0.008941368811941929,-0.005754770099389572,-0.005826491591456603,0.0013354153855370948,-0.001044746324204195
35,Aggregated,Port_Scanning,0.1524395559643875,-0.19629208245381322,-0.016139064289007368,0.26160282242261,0.15302437579387573
35,Aggregated,Ransomware,0.014998224611584598,-0.005163109639997577,0.012008512164360852,0.011686401369074185,-0.03283504328392471
35,Aggregated,SQL_injection,0.0007697883519501629,-0.000799887059143306,-4.859595231797159e-05,-0.00040034712417114646,0.0002497644541172748
35,Aggregated,Uploading,0.020586476727244826,0.0004377518920483427,0.0026775870260985794,-0.00694000569673169,4.693521005325052e-05
35,Aggregated,Vulnerability_scanner,0.009038985938473156,0.0004631670977156351,0.00013888603870131354,-0.002010350615696351,0.0011271362178912133
35,Aggregated,XSS,-2.0974254103088102e-05,3.146138115463215e-05,-2.0974254103088102e-05,3.146138115463215e-05,-2.0974254103088102e-05
35,Centralized,Backdoor,-0.06846468815663127,0.011199131751409134,-0.06683673942006445,0.018326386085996748,-0.05603530789529369
35,Centralized,DDoS_HTTP,0.010109733050311757,-0.0008439380881759847,0.011586120586688219,-0.0038024275461256713,-0.009517312281598439
35,Centralized,DDoS_ICMP,0.0005264965645491837,-0.0001007190835539018,-2.952900710569417e-05,4.3293057163423795e-05,-3.363911884572968e-05
35,Centralized,DDoS_TCP,0.039083663097387394,0.01073429239109278,0.02665221695327031,-0.06330630893917903,0.029561864616442977
35,Centralized,DDoS_UDP,0.012945952393008633,-0.0057318697216732694,-0.00451860610791218,-6.238072102822123e-05,0.00062667173491688
35,Centralized,Fingerprinting,0.09141892424602774,-0.16471973468953738,0.1555133189057929,0.07533609977815048,-0.13690399058717906
35,Centralized,MITM,0.4207600014740349,-0.20651757008787258,-0.20160444019062745,0.24105948062594834,-0.11483536960354646
35,Centralized,Normal,-7.843025200389523e-05,-2.554230929270688e-05,-0.0001045537159262755,-0.0010133847034190292,-0.0004993293401604353
35,Centralized,Password,0.008941368811941929,-0.005754770099389572,-0.005826491591456603,0.0013354153855370948,-0.001044746324204195
35,Centralized,Port_Scanning,0.1524395559643875,-0.19629208245381322,-0.016139064289007368,0.26160282242261,0.15302437579387573
35,Centralized,Ransomware,0.014998224611584598,-0.005163109639997577,0.012008512164360852,0.011686401369074185,-0.03283504328392471
35,Centralized,SQL_injection,0.0007697883519501629,-0.000799887059143306,-4.859595231797159e-05,-0.00040034712417114646,0.0002497644541172748
35,Centralized,Uploading,0.020586476727244826,0.0004377518920483427,0.0026775870260985794,-0.00694000569673169,4.693521005325052e-05
35,Centralized,Vulnerability_scanner,0.009038985938473156,0.0004631670977156351,0.00013888603870131354,-0.002010350615696351,0.0011271362178912133
35,Centralized,XSS,-2.0974254103088102e-05,3.146138115463215e-05,-2.0974254103088102e-05,3.146138115463215e-05,-2.0974254103088102e-05
36,0,Backdoor,-0.015235471414484362,0.062193564958938935,-0.014671917895700036,0.033043295861710974,-0.08385935247745531
36,0,DDoS_HTTP,-0.002983421353013459,0.00081827559721691,0.0015024658437825448,0.0057116517135681584,-0.001279752515093475
36,0,DDoS_ICMP,0.000371639393721764,0.00020290220916182044,-5.8979185222000446e-06,-9.866856359692644e-05,-0.0004708881960481729
36,0,DDoS_TCP,-0.027611441898024714,0.014041726187566132,-0.007040348184446094,0.037247864054354665,-0.016056035774026103
36,0,DDoS_UDP,0.0,0.0,0.0,0.0,0.0
36,0,Fingerprinting,0.07897825034296278,0.029121818741679857,0.08005401858692313,0.06669324482707265,-0.20030187795318383
36,0,MITM,0.0,-0.025641025641025623,-0.025641025641025623,0.038461538461538415,0.012820512820512811
36,0,Normal,-0.00017148566837794829,0.0006686990779217898,-9.855445008275324e-05,0.00031544290666555284,-0.0008079435083553391
36,0,Password,0.008340386703755687,-0.007506993227480266,-0.001593347450653881,0.0019633286223012525,0.0033580349279249007
36,0,Port_Scanning,-0.19311221131197304,0.09680173286657008,-0.047077256840381713,0.2734099297002498,-0.12638437049459167
36,0,Ransomware,0.0007796598792580766,-0.004781667818014797,-0.0039012002620608887,0.0013555399841965058,-0.00040234514878913127
36,0,SQL_injection,0.005020750802120653,-0.01882737212123916,0.004513321823516201,0.005031266184829996,0.0045532799402972085
36,0,Uploading,-0.00014289681571995848,-0.010694709693334204,-0.008666156158692517,0.01108933878832568,-0.00407291148025476
36,0,Vulnerability_scanner,0.002335021896133795,-0.006863601595226618,-0.003920442088322701,0.006741547428553565,0.0017074743588619602
36,0,XSS,0.0,0.0,0.0,0.0,0.0
36,1,Backdoor,-0.011454628911677135,0.06496944152854373,-0.011259931395078058,0.0359023580304598,-0.07857702691487696
36,1,DDoS_HTTP,-0.0003454592321523351,0.0012565975860055118,0.002222338699836324,0.004492015710631205,0.0010011815047026547
36,1,DDoS_ICMP,-0.000243543854585924,-7.48577565536553e-05,0.0002979611299279335,0.00029923987701740057,-0.0002798134670583911
36,1,DDoS_TCP,-0.027725641391650045,0.012833957560439258,-0.010594304342299143,0.037574607484162165,-0.017296663142787938
36,1,DDoS_UDP,0.0,0.0,0.0,0.0,0.0
36,1,Fingerprinting,-0.07226820444777099,-0.022074419331385278,0.20609576846728528,0.14074025882385016,-0.1747156257342016
36,1,MITM,-0.015151515151515159,0.015151515151515159,0.022727272727272728,-0.030303030303030314,0.007575757575757579
36,1,Normal,-0.0001199067546066801,0.0005865499049337086,-4.261243776218874e-05,0.0003974798578811297,-0.0007570247511466714
36,1,Password,0.006783582551275064,-0.007536722384927476,-0.0030265697141684746,0.00818538050346838,0.01075431156769705
36,1,Port_Scanning,-0.19070517442117865,0.08962901204531463,-0.07105213295994837,0.2759272679134284,-0.13622723148895285
36,1,Ransomware,-0.0041168741025270125,-0.0023000831291095053,-0.0023000831291095053,0.0011203338531482051,0.0009988866567659646
36,1,SQL_injection,0.002823939574015936,-0.010166133375996781,0.0028619816863299148,0.0028714401571885073,0.002306439616721549
36,1,Uploading,0.005083828705124709,-0.019775336352824822,-0.020009742787150446,0.027370681936922145,-0.0018409442829987808
36,1,Vulnerability_scanner,0.0025650590799718266,-0.006639150289579831,-0.005879162041958141,0.010483815832666176,0.0025337208525529177
36,1,XSS,0.0,0.0,0.0,0.0,0.0
36,2,Backdoor,-0.009735545179737308,0.05439685102450068,-0.011372012469902344,0.03119921310453096,-0.06318893506861628
36,2,DDoS_HTTP,-3.4672029670090863e-05,0.001972055286929776,0.00038019963440629747,0.0056253909624853484,-0.002169183979290118
36,2,DDoS_ICMP,-0.000149683848247667,-0.00016849927551055484,9.241597562885117e-05,9.284044707308556e-05,-9.285707487112771e-05
36,2,DDoS_TCP,-0.027665397946242214,0.014158838099424968,-0.005967904285393883,0.03771710456137593,-0.014798457739536232
36,2,DDoS_UDP,0.0,0.0,0.0,0.0,0.0
36,2,Fingerprinting,-0.07586513323402545,-0.07917923399394661,0.13773860407949773,0.11744159372830797,-0.11183173701258237
36,2,MITM,-0.011305361305361313,0.018997668997669002,0.0073426573426573615,-0.026456876456876468,0.011421911421911422
36,2,Normal,-6.107261160359459e-05,0.0005304701974592781,-0.00013195911802632392,0.0002973215397069092,-0.0005952564948994506
36,2,Password,0.0056258944030978,5.849813297367131e-05,-0.0001882051533941757,0.005212368745260415,0.002546633074874197
36,2,Port_Scanning,-0.19684781186713882,0.09842932882883278,-0.04333875577077266,0.27680294814825185,-0.12019529482517563
36,2,Ransomware,-0.0010778063484189692,-0.002856476396319783,-0.002856476396319783,0.0019126624181898403,-0.0022647604199884227
36,2,SQL_injection,0.0028080847885532064,-0.00886863001915399,0.0019404068205927944,0.0030862303312437184,0.001872472037984098
36,2,Uploading,0.0008534703102835296,-0.008140819351793952,-0.00801687097578321,0.012815626470002738,-0.0019004627440489025
36,2,Vulnerability_scanner,0.0020811691660904924,-0.0034348088194355903,-0.002282722976308414,0.0034312451735566923,0.0012657117968484935
36,2,XSS,-3.1078421216201854e-05,4.661763182430279e-05,-3.1078421216201854e-05,4.661763182430279e-05,-3.1078421216201854e-05
36,3,Backdoor,-0.0034139036031741545,0.05691931632510984,-0.009616395062447101,0.034491693279117636,-0.07672395579347903
36,3,DDoS_HTTP,0.002282371587831054,0.000509694472211882,-0.0033060318528324436,0.007068709544124933,-0.003807808975604134
36,3,DDoS_ICMP,-0.00025200539298650404,1.1196983859623755e-05,-6.605685253671667e-05,-0.0003093675654594434,0.00016334531382073783
36,3,DDoS_TCP,-0.02330938690325424,0.011398995222641305,-0.007660012701682482,0.030865616668436947,-0.016348821784904388
36,3,DDoS_UDP,0.0,0.0,0.0,0.0,0.0
36,3,Fingerprinting,-0.021597465753296494,0.007761437870312995,0.1253242781756713,0.03101038028592208,-0.06966949892594888
36,3,MITM,-0.02328671328671329,0.008648018648018656,0.044545454545454534,-0.05662004662004661,0.026713286713286703
36,3,Normal,-2.7860502916069823e-05,0.0005114585754549353,-0.000110489801081128,0.0003190794622066247,-0.0007637437926538149
36,3,Password,0.004958606955386928,-0.006829370350582107,-0.0029475988063517654,0.0102057244263128,0.008864312459404475
36,3,Port_Scanning,-0.1742222202611937,0.08919984596971092,-0.06273864728878374,0.2480454263971626,-0.1274397672452605
36,3,Ransomware,0.003415730652024361,-0.0007238598862090958,-0.004795065625930347,0.009235902272469568,-0.007132707412354487
36,3,SQL_injection,0.003731958108768919,-0.015770121721235503,0.004824635918782779,0.003533369850964407,0.003923917593109409
36,3,Uploading,0.00205262212108727,-0.012312015939808432,-0.013159916065729183,0.018470222732936917,-0.0006134496988043696
36,3,Vulnerability_scanner,0.0025078331727631667,-0.008044847235557522,-0.005932635484935263,0.011747203489417291,0.002303665461961633
36,3,XSS,-1.6024785000801068e-05,2.40371775012016e-05,-1.6024785000801068e-05,2.40371775012016e-05,-1.6024785000801068e-05
36,4,Backdoor,0.0025347583609779843,0.04685097188703251,-0.012233817828921424,0.03011709076361607,-0.06433850354571752
36,4,DDoS_HTTP,0.0029814700827836198,0.002785830448434475,0.003946327618501672,0.010022203974324205,-0.0013639427923414428
36,4,DDoS_ICMP,0.0020264143057317032,-0.0006457828443804844,-0.0003316749250601066,-0.00038669285654881663,-0.000663479469939036
36,4,DDoS_TCP,-0.024922639036388895,0.011863910538879602,-0.010214326355337762,0.03673450750393841,-0.01698540302161994
36,4,DDoS_UDP,0.012307924919935499,-0.00925210505624437,-0.005194783817477757,0.0016379470352099134,-0.00027940234010339813
36,4,Fingerprinting,0.00517045602614873,0.002601286065674421,0.14056034701763628,0.04644397795736812,-0.14922741282252103
36,4,MITM,0.27066287136169404,-0.24806346663266587,-0.3112633211111299,0.40630262990078947,-0.14026599195991993
36,4,Normal,0.00023153140327322,0.00029346375829076844,0.00017589588737804325,-0.0001289024564938272,-0.0004160658750634668
36,4,Password,0.007377393804065573,-0.0033126278687482737,-0.0036528387387738254,0.0018746614999611518,0.0070302912086105795
36,4,Port_Scanning,-0.1725075502071009,0.08094054499918447,-0.0686989719584079,0.2645703082080609,-0.13305914490566464
36,4,Ransomware,0.0012635418491738326,-0.0004750572717983607,-0.0030142934718054644,0.008333712884166171,-0.006107903989736178
36,4,SQL_injection,0.00523515352590045,-0.0094734373956293,0.004767100597497223,-0.0022486705780080025,0.0020524321636140627
36,4,Uploading,0.004666801340024768,-0.011795717832680056,-0.007673838223862415,0.01729061430484728,0.0026564816363233022
36,4,Vulnerability_scanner,0.0018747771727774458,-0.005340564373666209,-0.005032775862301505,0.005594073922228023,0.0008745667708891995
36,4,XSS,-4.522613065326697e-05,6.783919597990045e-05,-4.522613065326697e-05,6.783919597990045e-05,-4.522613065326697e-05
36,Aggregated,Backdoor,-0.007474423754244434,0.0570851777742543,-0.011778968335176861,0.033027427580946234,-0.07347165570191881
36,Aggregated,DDoS_HTTP,0.0004143621569057889,0.0014712940224360213,0.0009388792948838505,0.006607260934406843,-0.0015413686842499746
36,Aggregated,DDoS_ICMP,0.00035138392745415935,-0.00013533095130882817,-2.814742718360019e-06,-8.059290564716068e-05,-0.0002689107063598354
36,Aggregated,DDoS_TCP,-0.026236935439570886,0.012858099274098037,-0.008288892243370602,0.03601044637532061,-0.016292021440317554
36,Aggregated,DDoS_UDP,0.012208115814565315,-0.0092123944080994,-0.00515507316933279,0.001634725180322677,-0.0002557926761359112
36,Aggregated,Fingerprinting,-0.013432155529662404,-0.009947269469969927,0.13555773017637157,0.07713043015840201,-0.1443239329035301
36,Aggregated,MITM,0.30405041801535587,-0.2428527525375478,-0.2738815196925851,0.2873028104748719,-0.11866104091876878
36,Aggregated,Normal,-2.9702172599233023e-05,0.0005180631154742913,-4.153838967112707e-05,0.0002400206773424951,-0.0006679388775085634
36,Aggregated,Password,0.0066624135794981715,-0.004990895993884902,-0.0023558822978987704,0.005408018242797874,0.006594075786093923
36,Aggregated,Port_Scanning,-0.18563623121482742,0.09098891124795963,-0.05858462787217817,0.2679196083680859,-0.1286834253271508
36,Aggregated,Ransomware,4.938541324057503e-05,-0.0022317064710960324,-0.0033741664388975503,0.004380371816211657,-0.0029693243354410315
36,Aggregated,SQL_injection,0.004201860537372437,-0.012646173634744991,0.004108455717461324,0.0018851702584694262,0.002956045088874476
36,Aggregated,Uploading,0.002526626569544686,-0.012563147740689125,-0.011534870513028178,0.017447656604109203,-0.0011534812917173458
36,Aggregated,Vulnerability_scanner,0.0022763465522927296,-0.006078723248002233,-0.004621259488273192,0.007613034610755581,0.0017377752782240666
36,Aggregated,XSS,-1.5730690577316075e-05,2.3596035865974113e-05,-1.5730690577316075e-05,2.3596035865974113e-05,-1.5730690577316075e-05
36,Centralized,Backdoor,-0.007474423754244434,0.0570851777742543,-0.011778968335176861,0.033027427580946234,-0.07347165570191881
36,Centralized,DDoS_HTTP,0.0004143621569057889,0.0014712940224360213,0.0009388792948838505,0.006607260934406843,-0.0015413686842499746
36,Centralized,DDoS_ICMP,0.00035138392745415935,-0.00013533095130882817,-2.814742718360019e-06,-8.059290564716068e-05,-0.0002689107063598354
36,Centralized,DDoS_TCP,-0.026236935439570886,0.012858099274098037,-0.008288892243370602,0.03601044637532061,-0.016292021440317554
36,Centralized,DDoS_UDP,0.012208115814565315,-0.0092123944080994,-0.00515507316933279,0.001634725180322677,-0.0002557926761359112
36,Centralized,Fingerprinting,-0.013432155529662404,-0.009947269469969927,0.13555773017637157,0.07713043015840201,-0.1443239329035301
36,Centralized,MITM,0.30405041801535587,-0.2428527525375478,-0.2738815196925851,0.2873028104748719,-0.11866104091876878
36,Centralized,Normal,-2.9702172599233023e-05,0.0005180631154742913,-4.153838967112707e-05,0.0002400206773424951,-0.0006679388775085634
36,Centralized,Password,0.0066624135794981715,-0.004990895993884902,-0.0023558822978987704,0.005408018242797874,0.006594075786093923
36,Centralized,Port_Scanning,-0.18563623121482742,0.09098891124795963,-0.05858462787217817,0.2679196083680859,-0.1286834253271508
36,Centralized,Ransomware,4.938541324057503e-05,-0.0022317064710960324,-0.0033741664388975503,0.004380371816211657,-0.0029693243354410315
36,Centralized,SQL_injection,0.004201860537372437,-0.012646173634744991,0.004108455717461324,0.0018851702584694262,0.002956045088874476
36,Centralized,Uploading,0.002526626569544686,-0.012563147740689125,-0.011534870513028178,0.017447656604109203,-0.0011534812917173458
36,Centralized,Vulnerability_scanner,0.0022763465522927296,-0.006078723248002233,-0.004621259488273192,0.007613034610755581,0.0017377752782240666
36,Centralized,XSS,-1.5730690577316075e-05,2.3596035865974113e-05,-1.5730690577316075e-05,2.3596035865974113e-05,-1.5730690577316075e-05
37,0,Backdoor,0.08133475428737565,-0.051143781835969945,-0.03804379122935852,-0.04830794722290833,0.04774420925191322
37,0,DDoS_HTTP,0.005142499480972573,0.003071817777560282,0.0019082322176977,0.0016947277287070065,-0.0008518255513064528
37,0,DDoS_ICMP,3.949997649349557e-06,0.000303480927691302,-0.00040748438605593776,-0.0005197760528924826,0.0003960750001009002
37,0,DDoS_TCP,0.0008158397481670058,0.0006532099682667899,0.014711686512103955,0.008257420125251946,0.008877379551740349
37,0,DDoS_UDP,0.0,0.0,0.0,0.0,0.0
37,0,Fingerprinting,0.005709041369516099,0.09481838881219694,-0.18719102668535081,-0.22754190387833326,0.17544951952072693
37,0,MITM,0.014102564102564092,-0.017948717948717937,0.0076923076923076875,0.014102564102564092,-0.017948717948717937
37,0,Normal,0.0008336949123617728,-0.0005064298861506759,-0.00039023742518822603,-0.00042853280735108596,0.0004891219020626077
37,0,Password,0.001305091787926395,0.0004971398909804918,-0.0016187054787092365,0.000746784192205699,-0.0030346206819064623
37,0,Port_Scanning,0.0055960553791450296,0.0044863508254900765,0.07806157819494373,0.04213013007371524,0.04581370074884269
37,0,Ransomware,0.010909402850453125,-0.004018630682580644,-0.0028866965534607067,-0.007416569071014105,0.003412493456602328
37,0,SQL_injection,4.355359902589867e-05,4.355359902589867e-05,4.355359902589867e-05,4.355359902589867e-05,-0.00017421439610359468
37,0,Uploading,0.00784669295627085,0.004601719819342124,-0.0026116714712481385,0.016086250957842933,0.004415866830917541
37,0,Vulnerability_scanner,0.006242829857132611,0.003945236307002785,2.039549678881092e-05,0.003926289721078058,0.0036082031554043326
37,0,XSS,0.0,0.0,0.0,0.0,0.0
37,1,Backdoor,0.07746403787167,-0.04887430115727739,-0.03315328350538902,-0.051526405952669656,0.045624769602961246
37,1,DDoS_HTTP,0.0032577329575403935,0.004517616144251554,0.0030452853321005177,0.0023461233411351304,-0.0032049283491642814
37,1,DDoS_ICMP,-0.000153099437570553,3.328687675543026e-05,-4.0123531194656094e-05,-0.0001523730856337798,0.00031332324889619495
37,1,DDoS_TCP,0.000923205751743178,0.0007867197890689773,0.017342417472418402,0.00835734853568304,0.00923596781122227
37,1,DDoS_UDP,0.0,0.0,0.0,0.0,0.0
37,1,Fingerprinting,-0.08771690885080975,0.043170578847823424,-0.10278726447844093,-0.11607211058062453,0.18562792728427388
37,1,MITM,-0.015151515151515159,0.015151515151515157,0.015151515151515157,-0.02272727272727274,0.007575757575757579
37,1,Normal,0.0007474518263104264,-0.00043868549083236154,-0.0003089844082376059,-0.0004420805976151743,0.0004868756975051699
37,1,Password,0.004287429838490246,0.006406287161523279,-0.004314943201632654,-0.004226698512380402,0.0013440686728684087
37,1,Port_Scanning,0.005929016529480979,0.008851772855552841,0.0910882735799824,0.04275263333455371,0.04685247526574237
37,1,Ransomware,-0.0008828245837946799,0.005693416872686314,-0.003415216246462373,-0.003959022495123963,0.002563646452694703
37,1,SQL_injection,0.00017846297365670902,-3.531688900130503e-05,6.182279403082422e-05,8.12628239684717e-05,-0.0002862317026546999
37,1,Uploading,0.019242985510383573,0.011089683047880654,-0.006908114984092173,0.02515170712869545,0.008064063653169022
37,1,Vulnerability_scanner,0.00599550502036235,0.0031153716335238463,-0.0008623632059770681,0.0037332789318272846,0.003681790432485053
37,1,XSS,0.0,0.0,0.0,0.0,0.0
37,2,Backdoor,0.057066358231497964,-0.039954445281518786,-0.025461862114147374,-0.040297950701729354,0.041301879812695216
37,2,DDoS_HTTP,0.003831011293925851,0.0022104625661757645,0.0006889171580242807,0.003289052319756782,-0.002192899462222448
37,2,DDoS_ICMP,-9.70878257556281e-05,1.4754717689180463e-05,7.191997009520963e-05,-0.000134143176618808,0.00014547021302020087
37,2,DDoS_TCP,0.0007980300044711619,0.00030748156609321876,0.015858483479378,0.007668812586046099,0.008348729503530309
37,2,DDoS_UDP,0.0,0.0,0.0,0.0,0.0
37,2,Fingerprinting,-0.07550889158104127,0.023652054261826778,-0.04555246456579072,-0.10483465697491813,0.10936470189397902
37,2,MITM,-0.011305361305361314,0.018997668997669002,-0.0002331002331002178,-0.01888111888111889,0.011421911421911422
37,2,Normal,0.0005690219393663117,-0.0003870165183073759,-0.0002813726610380115,-0.0003565794838827426,0.0004288477777275331
37,2,Password,-0.0010402054843188203,0.0026731836987722254,-0.0025745934027929717,-0.002669414744564506,-0.0017010550604558178
37,2,Port_Scanning,0.0033655234408084276,0.004082557385472781,0.08771761656988947,0.03975755248637454,0.043361565223670434
37,2,Ransomware,0.0029846871419394517,-0.0038285359792547954,-0.0005876907725437382,-3.082305622981174e-06,-0.0020741500143425093
37,2,SQL_injection,5.948120805146506e-05,2.4375187870517845e-05,4.1928197960991453e-05,5.948120805146506e-05,-0.00018526580193443942
37,2,Uploading,0.009666228874264623,0.007173632743168984,-0.0037412042569041526,0.014112163855613102,0.0020687655926080934
37,2,Vulnerability_scanner,0.004209987697292524,0.002343327380581032,-9.141228435471382e-05,0.0012603889408856724,0.002486261896568435
37,2,XSS,-7.769605304050464e-05,7.769605304050464e-05,0.0,7.769605304050464e-05,-7.769605304050464e-05
37,3,Backdoor,0.0733000128233125,-0.04445911146978103,-0.03163817795085286,-0.04770128641786069,0.04820890873996849
37,3,DDoS_HTTP,0.005749691059713241,-0.00012846806753038508,0.0012017763902547663,0.003929040901610629,-0.0038650933441483665
37,3,DDoS_ICMP,0.00012101151880175206,6.327018501337545e-05,0.0003096215517969847,6.629946316814942e-05,-0.00010731520547795914
37,3,DDoS_TCP,0.0020549331930766967,0.0013427963563184579,0.01346336236459689,0.006638341941550167,0.00834882801510039
37,3,DDoS_UDP,0.0,0.0,0.0,0.0,0.0
37,3,Fingerprinting,-0.013296456629789954,0.030085344079152133,-0.06011135483787701,-0.1014942237749255,0.07198755951077929
37,3,MITM,-0.026713286713286714,0.014312354312354317,0.039953379953379935,-0.03428904428904429,0.006736596736596739
37,3,Normal,0.0007203790939666869,-0.00044061555054359937,-0.0002845017256536427,-0.0004099925394125977,0.00050614661134889
37,3,Password,0.001294196544698103,0.004757638353352764,-0.0052534839898392225,-0.004592353665494558,0.004120799030443704
37,3,Port_Scanning,0.007040811772748629,0.007287213244424511,0.08169877235455998,0.040593693012199394,0.04479711786232239
37,3,Ransomware,0.004887731833014321,-0.0015279103533275644,0.0002471304337479478,0.0020465006541708166,-0.005653452567605521
37,3,SQL_injection,2.433800623053012e-05,2.433800623053012e-05,2.433800623053012e-05,2.433800623053012e-05,-9.735202492212048e-05
37,3,Uploading,0.010450900914826115,0.009871243219019466,-0.007128673763723328,0.014232576141322005,0.0022328758810421664
37,3,Vulnerability_scanner,0.004209086623858155,0.003863316143897699,-0.0013950230386451342,0.0033837194719187097,0.0014899799243348092
37,3,XSS,-4.006196250200267e-05,4.006196250200267e-05,0.0,4.006196250200267e-05,-4.006196250200267e-05
37,4,Backdoor,0.061844594552634094,-0.038550037689521005,-0.027123856388031733,-0.03834246619618564,0.03837480596753828
37,4,DDoS_HTTP,0.004758811204363558,0.0006860520273129898,0.002356242068529582,0.004005056974528847,-0.004187420322365532
37,4,DDoS_ICMP,0.0012784688305642223,0.0010703770094812677,0.0004182960541477802,-0.002304645796338935,-0.00046128030765759477
37,4,DDoS_TCP,0.0001487634307138534,0.001050483262198304,0.016816021673247313,0.007553976207804203,0.008533724498545869
37,4,DDoS_UDP,0.011839546457765342,-0.006818412405065864,-0.0037017395810434433,-0.0004651445695309675,-0.0028759575619304294
37,4,Fingerprinting,-0.041787094478237294,0.12530715887762592,-0.14561326343598516,-0.1597694818256132,0.17631402661790319
37,4,MITM,0.25710273198014505,-0.24308343105561214,-0.18462157865235926,0.24431616047187552,-0.11068466390087664
37,4,Normal,0.0006026025751234324,-0.0003170188631333041,-0.00021066944992353582,-0.0003463513360109786,0.00035819075490328147
37,4,Password,0.005270785607800895,0.0019826902761759546,-0.006255030978351567,-0.0004610238346720169,0.0011059805724483844
37,4,Port_Scanning,0.003087211064528046,0.006400347118822611,0.08824311081199321,0.03893283338589415,0.04388710999183865
37,4,Ransomware,0.0061379008572712964,-0.0017714976757580215,0.0002523079060212411,0.001403190306452736,-0.006021901393987252
37,4,SQL_injection,0.0031357643547084255,0.0020125207920136026,0.0013434514526790213,-0.0075528131073213135,0.0012281600395598158
37,4,Uploading,0.012440855573619757,0.018196253262856774,-0.011374402542272188,0.02442466800187958,0.002022494598547927
37,4,Vulnerability_scanner,0.006988889091799858,0.006430248670492083,-0.0011721405041179615,0.0060229998486810024,0.003013098311920394
37,4,XSS,-0.00011306532663316743,0.00011306532663316743,0.0,0.00011306532663316743,-0.00011306532663316743
37,Aggregated,Backdoor,0.07031574009545803,-0.0446777121620764,-0.03111793559327099,-0.04532787171795176,0.04433863930446678
37,Aggregated,DDoS_HTTP,0.004553393569266717,0.0020579021467100277,0.001822807590999346,0.00306891581018522,-0.002888641613050326
37,Aggregated,DDoS_ICMP,0.00023176874848387374,0.00029823090941502963,7.136114926914831e-05,-0.0006121663173323485,5.720793654006573e-05
37,Aggregated,DDoS_TCP,0.000952551146381501,0.0008311420992772841,0.015626717376700974,0.007690764817869979,0.008664885546203349
37,Aggregated,DDoS_UDP,0.011788026623697575,-0.0068055324465489215,-0.0036888596225265005,-0.00045226461101402493,-0.0028630776034134866
37,Aggregated,Fingerprinting,-0.040639413266427275,0.06715478979086788,-0.11100965430440123,-0.14378969808061282,0.14629639822082202
37,Aggregated,MITM,0.30499865751612354,-0.26013233719590667,-0.18346894237720482,0.1740681395441159,-0.11959034788061507
37,Aggregated,Normal,0.0006945457184081627,-0.0004179284609663825,-0.0002951244265251877,-0.0003966788325507379,0.0004538164522065421
37,Aggregated,Password,0.0022558432590069496,0.0032648417119416698,-0.004017920934674332,-0.0022457307709278906,0.00037670521377634094
37,Aggregated,Port_Scanning,0.004963775798176558,0.006210015575281819,0.08545167000730919,0.04085139900209025,0.044958100812388
37,Aggregated,Ransomware,0.004816354261696191,-0.0010680487686431058,-0.0012592921143353198,-0.0016061717986957714,-0.0015680784408115785
37,Aggregated,SQL_injection,0.001073096064656466,0.0006910721471610371,0.0004912108445831551,-0.0024997837137544915,0.0002905190036643269
37,Aggregated,Uploading,0.011965369358566772,0.01017036346071915,-0.006359366644536674,0.018790987208462374,0.003770974757220266
37,Aggregated,Vulnerability_scanner,0.005543126752373168,0.003944425489651871,-0.0006947597457673964,0.003673450097210988,0.002865119501397334
37,Aggregated,XSS,-3.932672644329019e-05,3.932672644329019e-05,0.0,3.932672644329019e-05,-3.932672644329019e-05
37,Centralized,Backdoor,0.07031574009545803,-0.0446777121620764,-0.03111793559327099,-0.04532787171795176,0.04433863930446678
37,Centralized,DDoS_HTTP,0.004553393569266717,0.0020579021467100277,0.001822807590999346,0.00306891581018522,-0.002888641613050326
37,Centralized,DDoS_ICMP,0.00023176874848387374,0.00029823090941502963,7.136114926914831e-05,-0.0006121663173323485,5.720793654006573e-05
37,Centralized,DDoS_TCP,0.000952551146381501,0.0008311420992772841,0.015626717376700974,0.007690764817869979,0.008664885546203349
37,Centralized,DDoS_UDP,0.011788026623697575,-0.0068055324465489215,-0.0036888596225265005,-0.00045226461101402493,-0.0028630776034134866
37,Centralized,Fingerprinting,-0.040639413266427275,0.06715478979086788,-0.11100965430440123,-0.14378969808061282,0.14629639822082202
37,Centralized,MITM,0.30499865751612354,-0.26013233719590667,-0.18346894237720482,0.1740681395441159,-0.11959034788061507
37,Centralized,Normal,0.0006945457184081627,-0.0004179284609663825,-0.0002951244265251877,-0.0003966788325507379,0.0004538164522065421
37,Centralized,Password,0.0022558432590069496,0.0032648417119416698,-0.004017920934674332,-0.0022457307709278906,0.00037670521377634094
37,Centralized,Port_Scanning,0.004963775798176558,0.006210015575281819,0.08545167000730919,0.04085139900209025,0.044958100812388
37,Centralized,Ransomware,0.004816354261696191,-0.0010680487686431058,-0.0012592921143353198,-0.0016061717986957714,-0.0015680784408115785
37,Centralized,SQL_injection,0.001073096064656466,0.0006910721471610371,0.0004912108445831551,-0.0024997837137544915,0.0002905190036643269
37,Centralized,Uploading,0.011965369358566772,0.01017036346071915,-0.006359366644536674,0.018790987208462374,0.003770974757220266
37,Centralized,Vulnerability_scanner,0.005543126752373168,0.003944425489651871,-0.0006947597457673964,0.003673450097210988,0.002865119501397334
37,Centralized,XSS,-3.932672644329019e-05,3.932672644329019e-05,0.0,3.932672644329019e-05,-3.932672644329019e-05
38,0,Backdoor,-0.014226569917812692,0.029937778349808677,-0.09839197351860762,0.04238809975450293,-0.04017075653428693
38,0,DDoS_HTTP,0.0016764870154246945,-0.003591198810052168,0.007390705864290644,-0.0017502077079068054,0.002778720187329318
38,0,DDoS_ICMP,0.0005537909866450086,0.0001800832093785898,-4.439752863857523e-05,-0.0005501698689987104,0.0003093175926178138
38,0,DDoS_TCP,-0.01281025022748079,0.004113169787646067,0.002471781896199323,0.003497647303831201,0.003990012538669789
38,0,DDoS_UDP,0.0,0.0,0.0,0.0,0.0
38,0,Fingerprinting,0.20863644233367487,0.04730360241834982,-0.02850048268693998,-0.20595846668954632,0.18446856137503395
38,0,MITM,0.0038461538461538438,-0.015384615384615375,0.0038461538461538438,0.0038461538461538438,0.0038461538461538438
38,0,Normal,0.00014958404338286842,-0.00034616483115304704,-0.000836367436989303,0.0005097240715604394,-0.00014198711138569965
38,0,Password,0.003260582443375689,0.0040478785780024154,-0.016290200409211787,0.005443592798676219,0.004628945632712959
38,0,Port_Scanning,0.003906355476663457,0.0023454221755235148,-0.005079228735120818,0.002610528410172201,0.001841902697690484
38,0,Ransomware,3.693466978726227e-05,0.007816808736877847,-0.0025515047383043795,0.003926436887102843,0.004834880901602012
38,0,SQL_injection,0.0010722737450458116,-0.005002028505307545,-0.0024092206824213075,0.0017672875510827723,0.0017916326674524267
38,0,Uploading,0.005198543066444806,-0.006694740184530313,0.0061183092571379105,0.004204657316410748,-0.006804483751110895
38,0,Vulnerability_scanner,0.0013431544452383482,-0.0014455067322122225,-0.004487031877764097,0.0018183788959952576,-0.0007448845682361001
38,0,XSS,0.0,0.0,0.0,0.0,0.0
38,1,Backdoor,-0.009974703151476548,0.021310741959742818,-0.09476291933457898,0.040814726399434315,-0.0401421883048834
38,1,DDoS_HTTP,0.0033019333200115268,-0.006919404161333984,0.008881208921657942,-0.0023290973548789357,0.0019993142084983716
38,1,DDoS_ICMP,-3.614397853670496e-05,6.042146698761834e-05,2.326496114295473e-05,-0.00023803505972563125,0.00018947853887912685
38,1,DDoS_TCP,-0.0129466279731084,0.004645122826048264,0.0013718328312946762,0.004645122826048264,0.004171606586950775
38,1,DDoS_UDP,0.0,0.0,0.0,0.0,0.0
38,1,Fingerprinting,0.13475885548757338,0.0016021425017794975,-0.028380604220097673,-0.18695739508252598,0.15675477909104835
38,1,MITM,-0.030303030303030314,0.030303030303030297,0.015151515151515159,-0.02272727272727274,0.007575757575757579
38,1,Normal,0.0001541533853080701,-0.0004769814408471629,-0.0006757624068965703,0.0003958380498728912,-0.00015448828275835453
38,1,Password,0.005192986988710668,0.0011216270732058672,-0.021436186375962913,0.007314230616362483,0.004311197738815006
38,1,Port_Scanning,0.0026045312072121647,0.005129639203102978,-0.008715618124563878,0.005129639203102978,0.004164524988137369
38,1,Ransomware,-0.0009632206445457342,0.0028074787414606017,-0.02205113942330757,0.008518378827790028,0.00952400033410042
38,1,SQL_injection,0.0008160108842477522,-0.0036934406599482047,-0.0032931745290871524,0.0017213543409766714,0.0015582593241853487
38,1,Uploading,0.009615320277561115,-0.01514887197196227,0.010410193887465165,0.006994933353721763,-0.013365754815458857
38,1,Vulnerability_scanner,0.0023027834811447452,-0.0007902542048016955,-0.004028892833068798,0.00250900557153342,-0.002123182538259079
38,1,XSS,0.0,0.0,0.0,0.0,0.0
38,2,Backdoor,-0.014053734622534028,0.02787119375001516,-0.08107836362928782,0.0397446052016244,-0.04011434504279092
38,2,DDoS_HTTP,0.005045714563746118,-0.004676161719119789,0.004518304774296092,-0.0009798481551978534,0.003102616015517402
38,2,DDoS_ICMP,2.5810679044428277e-06,3.9871389026039745e-06,-5.197625200472252e-05,-0.0003142225414238346,0.00013384701661981838
38,2,DDoS_TCP,-0.014800042811248902,0.0050068956894260145,0.001867049155828578,0.0052524534169434475,0.004549190374779768
38,2,DDoS_UDP,0.0,0.0,0.0,0.0,0.0
38,2,Fingerprinting,0.11190523568851742,-0.01256937466844588,-0.05977214466533352,-0.1857780760118222,0.1396784119446658
38,2,MITM,-0.026456876456876464,0.03414918414918414,-0.00023310023310021594,-0.018881118881118892,0.011421911421911422
38,2,Normal,3.847553578166611e-05,-7.678541391124746e-05,-0.0007897358822000156,0.0005008293556868086,-0.00022258620055431443
38,2,Password,-0.0005250807145564117,-0.00014533346140312893,-0.008991314564811826,0.004098884939344302,0.0023580031200026263
38,2,Port_Scanning,0.002351030102335777,0.00485846536899094,-0.007909514766648858,0.004389199974352418,0.004830256872665319
38,2,Ransomware,0.0013228011153720391,0.003539635730627183,-0.003280288865410199,0.0037810071000052015,0.0016959127072185092
38,2,SQL_injection,0.0007180801776993526,-0.0028196616805259895,0.0007180801776993526,0.0006654211474279318,0.0007180801776993526
38,2,Uploading,0.004866587559448497,-0.007514326933166644,0.005333050711809312,0.004903152163331445,-0.008058795314781219
38,2,Vulnerability_scanner,-0.0001546093705791877,0.0018736452862427773,-0.006359313254674898,0.0018978893391770797,0.000600621900615772
38,2,XSS,0.0,0.0,0.0,0.0,0.0
38,3,Backdoor,-0.012753561348761473,0.011767094178769333,-0.08654844641759372,0.03640001108051181,-0.03594063045523974
38,3,DDoS_HTTP,0.004422603211229703,-0.005433407183158235,0.007708359459190992,-0.001205939906146669,-0.0007852517587299213
38,3,DDoS_ICMP,-0.0004913417844507865,0.00015075255456937776,0.00026381427499563105,9.593243062396654e-05,-0.00024605780405836757
38,3,DDoS_TCP,-0.010025254767054083,0.0033881705860904924,0.001705111318205236,0.0038196290690223306,0.0031666029856577274
38,3,DDoS_UDP,0.0,0.0,0.0,0.0,0.0
38,3,Fingerprinting,0.08167875453844695,0.018886691939882815,0.024720025273216168,-0.09848667702724033,0.05555414645216494
38,3,MITM,-0.063030303030303,0.05212121212121211,0.027878787878787878,-0.03727272727272728,0.02030303030303029
38,3,Normal,0.00010263185235632743,-0.0004068153850473396,-0.0007649716811085875,0.00043423947318174856,-0.00017049600886293777
38,3,Password,0.0064735071725885475,0.0010141660033475568,-0.018653780906784732,0.007932699002191632,0.002255569685037932
38,3,Port_Scanning,0.017647663722932597,-0.0010580156821579682,-0.008238463220127291,-0.0023328651418626444,0.0001201037628180653
38,3,Ransomware,0.001959335988362894,0.0020433359069434312,0.0062820571937203026,-0.0013031593191330459,-0.0018680266782382326
38,3,SQL_injection,-0.0008661933294716887,-0.0026347813512998543,-0.004237731991958623,0.0008781490255419508,0.0010807770829248998
38,3,Uploading,0.008187474709897549,-0.01125062815737186,0.008640309182000653,0.004271203408889438,-0.009848359143415775
38,3,Vulnerability_scanner,0.0036106800994728148,-0.0029509552370550474,9.061271784539342e-05,0.0024949515589493634,-0.003245289139212524
38,3,XSS,0.0,0.0,0.0,0.0,0.0
38,4,Backdoor,-0.008032128168007949,0.01579623395879388,-0.0781149052845166,0.03488936356300306,-0.03389569386688997
38,4,DDoS_HTTP,0.004968850082015775,-0.00966826416168494,0.009414464839893303,-0.005012266822585058,0.0023585951401211827
38,4,DDoS_ICMP,0.0018704188244481963,0.0002445393688508805,0.00018822270993561484,-0.0021164753884405476,3.664489950873651e-05
38,4,DDoS_TCP,-0.016829120969314913,0.005535604161828509,0.002603469818598886,0.005164561308120787,0.005432097667240626
38,4,DDoS_UDP,0.012533521696493554,-0.005375488599212441,-0.0009975302464370246,-0.0007716363321296863,-0.0018724190826667857
38,4,Fingerprinting,0.13270900376850042,0.040926996551907784,-0.013366628290916137,-0.1710121673437778,0.11788565245714305
38,4,MITM,0.48506600545685163,-0.3491149451453407,-0.17779062456711622,0.19674391883007233,-0.06699226666237908
38,4,Normal,0.0001928158856175218,-0.0005246655711777478,-0.0005143318465240853,0.0003289476530179266,-3.713436803081856e-05
38,4,Password,-0.0011513271625250125,0.0034291834205749587,-0.014992203342273932,0.0072844128009590505,0.001952185977930417
38,4,Port_Scanning,0.001348491320746468,0.005537335572357096,-0.00853639597405566,0.005537335572357096,0.004568809704866796
38,4,Ransomware,0.0025791696367993703,0.0030620942621883657,0.005116311179598752,-0.0029238189914556107,-0.0009490745036541071
38,4,SQL_injection,0.005987733669247589,0.00010294776079961335,0.0026960566455448013,-0.005258507677393972,-0.0035282303981980347
38,4,Uploading,0.00600125443821665,-0.013559183410327354,0.014118741303787048,0.005196671701094603,-0.009818111463873624
38,4,Vulnerability_scanner,0.0009830357608524947,-0.0007113630049260059,-0.0024574091657813455,0.002308995653046625,-0.0010033302013104743
38,4,XSS,0.0,0.0,0.0,0.0,0.0
38,Aggregated,Backdoor,-0.011803183505586764,0.021299458238352886,-0.08784882383612636,0.03882342494804507,-0.03806358650130348
38,Aggregated,DDoS_HTTP,0.0039042078573807305,-0.006054456791277315,0.007564082762896803,-0.002254079715018664,0.0018731502303862067
38,Aggregated,DDoS_ICMP,0.0003807093462699196,0.00012835031229154563,7.625625791707521e-05,-0.0006266129236226937,8.500902611395244e-05
38,Aggregated,DDoS_TCP,-0.013468223933786041,0.004532023726779927,0.002003097771928945,0.004470815624633684,0.004257401375985642
38,Aggregated,DDoS_UDP,0.012382201879694441,-0.00530143402191682,-0.000966408172173607,-0.0007566152411530266,-0.0018412970084033678
38,Aggregated,Fingerprinting,0.13543800170020867,0.022593576024706994,-0.020708069271171786,-0.1687128164371726,0.13242450467079933
38,Aggregated,MITM,0.46061899258405586,-0.262543596071419,-0.14838888951555043,0.1506896992052318,-0.023472029298141326
38,Aggregated,Normal,0.00012751217661193618,-0.0003661931192640929,-0.0007162643301414251,0.00043393068569439104,-0.0001453586707366154
38,Aggregated,Password,0.002652481592810449,0.0019022209013251426,-0.016093721483773103,0.006431037241832893,0.0031013820400199034
38,Aggregated,Port_Scanning,0.005470534991108877,0.0034080267100397186,-0.007700034291707978,0.0031269022076971407,0.003128903471266707
38,Aggregated,Ransomware,0.0008339325526042606,0.003985277277829372,-0.0030050268259337485,0.0022952343917226076,0.002544967687236455
38,Aggregated,SQL_injection,0.0021347368637646283,-0.0022940024175505938,-0.0009162453629261218,-0.0009465995540901749,-0.0003025531330002227
38,Aggregated,Uploading,0.006789222680249974,-0.010835433908291173,0.00890442048716882,0.005111440555352378,-0.009576470775899118
38,Aggregated,Vulnerability_scanner,0.001616733890913826,-0.0008108723215307996,-0.003454003420609408,0.0022090292452318565,-0.0013073334490986946
38,Aggregated,XSS,0.0,0.0,0.0,0.0,0.0
38,Centralized,Backdoor,-0.011803183505586764,0.021299458238352886,-0.08784882383612636,0.03882342494804507,-0.03806358650130348
38,Centralized,DDoS_HTTP,0.0039042078573807305,-0.006054456791277315,0.007564082762896803,-0.002254079715018664,0.0018731502303862067
38,Centralized,DDoS_ICMP,0.0003807093462699196,0.00012835031229154563,7.625625791707521e-05,-0.0006266129236226937,8.500902611395244e-05
38,Centralized,DDoS_TCP,-0.013468223933786041,0.004532023726779927,0.002003097771928945,0.004470815624633684,0.004257401375985642
38,Centralized,DDoS_UDP,0.012382201879694441,-0.00530143402191682,-0.000966408172173607,-0.0007566152411530266,-0.0018412970084033678
38,Centralized,Fingerprinting,0.13543800170020867,0.022593576024706994,-0.020708069271171786,-0.1687128164371726,0.13242450467079933
38,Centralized,MITM,0.46061899258405586,-0.262543596071419,-0.14838888951555043,0.1506896992052318,-0.023472029298141326
38,Centralized,Normal,0.00012751217661193618,-0.0003661931192640929,-0.0007162643301414251,0.00043393068569439104,-0.0001453586707366154
38,Centralized,Password,0.002652481592810449,0.0019022209013251426,-0.016093721483773103,0.006431037241832893,0.0031013820400199034
38,Centralized,Port_Scanning,0.005470534991108877,0.0034080267100397186,-0.007700034291707978,0.0031269022076971407,0.003128903471266707
38,Centralized,Ransomware,0.0008339325526042606,0.003985277277829372,-0.0030050268259337485,0.0022952343917226076,0.002544967687236455
38,Centralized,SQL_injection,0.0021347368637646283,-0.0022940024175505938,-0.0009162453629261218,-0.0009465995540901749,-0.0003025531330002227
38,Centralized,Uploading,0.006789222680249974,-0.010835433908291173,0.00890442048716882,0.005111440555352378,-0.009576470775899118
38,Centralized,Vulnerability_scanner,0.001616733890913826,-0.0008108723215307996,-0.003454003420609408,0.0022090292452318565,-0.0013073334490986946
38,Centralized,XSS,0.0,0.0,0.0,0.0,0.0
39,0,Backdoor,-0.0035879870834842507,-0.003774757117749252,0.05643920722990989,-0.028702497034365743,-0.020373965994310676
39,0,DDoS_HTTP,0.0025305021494332613,0.0001934711869772445,-0.010396097913100153,0.0019420140936612141,-0.0007743960660572627
39,0,DDoS_ICMP,0.0003450418102975176,0.00011689058610312257,-0.0005340902532213439,0.00010083183065492384,-0.0002544577497616329
39,0,DDoS_TCP,0.01911189489167037,-0.04422453534616641,0.011469792201794279,0.015260657025099844,-0.0016178087723980662
39,0,DDoS_UDP,0.0,0.0,0.0,0.0,0.0
39,0,Fingerprinting,0.09834745132111929,0.15061705026416947,-0.24054093798200057,0.06603616686217026,-0.09619886090024093
39,0,MITM,0.01025641025641025,-0.015384615384615375,0.01025641025641025,0.01025641025641025,-0.015384615384615375
39,0,Normal,3.6459539000692025e-05,-1.1023094485855071e-05,0.00041895067529534684,-0.0002537764457152092,-0.0001906106740949746
39,0,Password,-0.003459092083558624,-0.0030616418691789635,0.0012210696482650742,0.001619086569446394,0.004876249403585918
39,0,Port_Scanning,0.04175501577329243,-0.014079362312829259,0.03554790610239269,0.031636861944232916,-0.09486042150708875
39,0,Ransomware,0.006604173710103306,-0.0036181905281535737,0.0033269816340286843,-0.00847373915139773,-0.008447862182771793
39,0,SQL_injection,0.0031183003223783207,-0.012755985107084268,0.004411245382574328,0.0036678385754149788,0.004338656050864498
39,0,Uploading,0.012630376117526773,-0.006735855920443222,0.0019970047073493927,-0.00408538074793702,-0.005828429860848185
39,0,Vulnerability_scanner,0.005230878089788186,-0.005027464632942859,0.0023162971848816843,0.0017170534737326383,-0.0012533430853171638
39,0,XSS,0.0,0.0,0.0,0.0,0.0
39,1,Backdoor,0.0071658218373956825,-0.004962647497352827,0.05636800076125977,-0.03455201662569327,-0.023791183773447234
39,1,DDoS_HTTP,0.0006113634109651877,0.00445514693793544,-0.011863251739647843,-0.0007373718860330798,-0.0001970444543774356
39,1,DDoS_ICMP,2.220029602169974e-05,0.0003949307670332969,-0.00027557863189387653,0.00017214702701197072,0.00013593900408367203
39,1,DDoS_TCP,0.019265421758048535,-0.043506896794229824,0.011096487822930505,0.01449790190199674,-0.0013529146887459912
39,1,DDoS_UDP,0.0,0.0,0.0,0.0,0.0
39,1,Fingerprinting,0.033098731114053946,0.24065687468955063,-0.19449688819512032,0.07851049929756128,-0.0032237623605910017
39,1,MITM,-0.02272727272727274,0.015151515151515157,0.015151515151515157,-0.015151515151515157,0.007575757575757579
39,1,Normal,3.967298882435928e-05,8.07749711363622e-06,0.00031653410907881243,-0.00027208045000396417,-0.00015896152144553494
39,1,Password,-0.004781529842548759,0.0029277444255374004,-0.006201469468194098,0.008463322388726295,0.007618320985592579
39,1,Port_Scanning,0.041281109899615,-0.013498704905892188,0.03356209352113264,0.028639957690837894,-0.08998445620569331
39,1,Ransomware,0.0035435676230589,0.006017707480474895,0.006761398138513963,0.0006072259386386669,-0.004808687059474226
39,1,SQL_injection,0.0023985598017210123,-0.008825649557141093,0.0033117766842373332,0.00255020943111175,0.0034560942796965687
39,1,Uploading,0.021980543017552215,-0.008758081717071948,-0.003631369417873025,-0.002925085976547088,-0.007495206962605093
39,1,Vulnerability_scanner,0.004938447068668371,-0.004202043433686566,0.0002829788287555442,0.0019261290120692793,-0.001346477523499423
39,1,XSS,0.0,0.0,0.0,0.0,0.0
39,2,Backdoor,0.004714167036173511,-0.006310105509425742,0.05154558013868433,-0.031042780268322894,-0.02125672387674815
39,2,DDoS_HTTP,0.0001191791533210205,0.0010829294303940419,-0.010432945793920016,-0.00027975968074963145,0.0010679379241602819
39,2,DDoS_ICMP,-7.632527884826601e-06,2.77423050876006e-05,-0.00011894845460422299,1.048821955816163e-05,8.631774044366251e-05
39,2,DDoS_TCP,0.016649203766335333,-0.03537502538188245,0.010847415252772101,0.01297428655688862,-0.005095880194113593
39,2,DDoS_UDP,0.0,0.0,0.0,0.0,0.0
39,2,Fingerprinting,0.010543750940035769,0.16725998820580862,-0.12406296787720941,0.06808965074599747,0.039785739601529084
39,2,MITM,-0.02272727272727274,0.015151515151515157,0.015151515151515157,-0.015151515151515157,0.007575757575757579
39,2,Normal,3.080849845946513e-05,-8.216162639958317e-05,0.0004250437620315295,-0.00026785138561590075,-0.00017483570389397924
39,2,Password,-0.001841660566556697,0.0030131078584008045,-0.0003376741688817404,0.0016550706437154436,0.003372039411426566
39,2,Port_Scanning,0.039367846685880954,-0.003441640430798578,0.03613284268450922,0.029096434171927473,-0.10115548311151908
39,2,Ransomware,0.0026192603744180846,-0.00272429277968807,0.0008475727727709696,-0.002146418112744573,-0.002146418112744573
39,2,SQL_injection,0.0023925711229228763,-0.008835092802425107,0.0021647123816902064,0.002182319545988421,0.002095489751823607
39,2,Uploading,0.012709492908042599,-0.005234380889762468,0.00026449088262841907,-0.0032185783495941793,-0.006037237363024364
39,2,Vulnerability_scanner,0.0018720336923963834,-0.002123790327668547,0.0015455261615486622,0.00021372629610286927,-0.0009937759102089494
39,2,XSS,-7.769605304050464e-05,5.1797368693669764e-05,-2.5898684346834882e-05,0.00010359473738733953,-5.1797368693669764e-05
39,3,Backdoor,0.0023019243673339886,-0.0037684135567910004,0.052839351781262964,-0.029831144050236093,-0.022781421908932745
39,3,DDoS_HTTP,0.0015502610464334728,0.00010270734370147102,-0.008704755218217074,-0.0010292274474838047,-0.0014471861240037613
39,3,DDoS_ICMP,-0.0001694674599719559,9.013752921865903e-05,0.00019079549855868794,-0.00020844699596876218,9.474443057198394e-05
39,3,DDoS_TCP,0.01767621689547915,-0.039225637135577016,0.009943220976155851,0.012238628883353805,-0.0012416021061312278
39,3,DDoS_UDP,0.0,0.0,0.0,0.0,0.0
39,3,Fingerprinting,-0.014388278711126403,0.21146233408108914,-0.12105491206677048,0.06519551077462385,-0.007881320744482698
39,3,MITM,-0.040699300699300694,0.014312354312354317,0.03354312354312353,-0.03312354312354312,0.025967365967365954
39,3,Normal,5.9306321753521685e-05,-4.0869962736047226e-05,0.0004990862825588934,-0.0002876960441432023,-0.00024961491170235234
39,3,Password,-0.008957898496803646,0.0007229697861609446,-0.0030774955457829037,0.006366007667170328,0.005597459359713555
39,3,Port_Scanning,0.03820702518685105,-0.011139222558252445,0.03232536935615656,0.025086819103108112,-0.08754235188964485
39,3,Ransomware,0.003455157535907457,-0.0004989267139392295,-0.005241410428138032,-0.0022563251513110652,-0.0025720383341744793
39,3,SQL_injection,0.0006690106426395369,-0.0032554611068149187,0.0034573973463606104,0.0012906084576630825,0.0036182252244150036
39,3,Uploading,0.01302587446930483,-0.004101542384390904,-0.0009881188151190249,-0.0019249889809007344,-0.006011224288894163
39,3,Vulnerability_scanner,0.003358610393879726,-0.003811174817517066,0.0006790650142799985,0.0018649759251456806,-0.0020914765157883392
39,3,XSS,-4.006196250200267e-05,2.670797500133511e-05,-1.3353987500667555e-05,5.341595000267022e-05,-2.670797500133511e-05
39,4,Backdoor,0.0025254633937277227,-0.0017449382364448836,0.04822319242047524,-0.02852464991297195,-0.016625503117579928
39,4,DDoS_HTTP,0.0023840942691303905,0.0023191576786163763,-0.012702258564933417,0.0019938794814975337,0.0004916487929288384
39,4,DDoS_ICMP,0.00171324120880982,8.233721752960629e-05,-0.00023055506889796962,-0.00012091228310108596,-0.0012194437138927984
39,4,DDoS_TCP,0.018382109555678643,-0.04224181477762531,0.01054397051342441,0.014726414971248956,-0.0014106802627267248
39,4,DDoS_UDP,0.010889471639203983,-0.004897321195274498,-0.004135981163091001,0.0018687328166313707,-0.0047642499873448855
39,4,Fingerprinting,0.04072110513452345,0.10511902002156884,-0.17209525835650272,0.0586236690041038,-0.032368535803693234
39,4,MITM,0.47521414481210383,-0.2444058153100081,-0.23825342718971285,0.18024993688157193,-0.21328102967014562
39,4,Normal,7.659884418865966e-05,9.129252767992035e-06,0.0002128320784099913,-0.0003067755638963702,-8.080183454901949e-05
39,4,Password,-0.003713063536473377,0.0005432055780909763,-0.004623446650924401,0.0035550206031551086,0.007407420735268979
39,4,Port_Scanning,0.03793999082278753,-0.012286492247171384,0.031175624091273564,0.029168989958047994,-0.08599811262493774
39,4,Ransomware,0.004367008382485727,-0.000310936316514047,-0.0037738304211090033,-0.0022932560121374955,-0.004873667216201951
39,4,SQL_injection,0.003308172638653245,-0.007347778292547045,0.0026044913831826983,-0.0010408876154618342,0.002476001886172936
39,4,Uploading,0.021906213661629637,-0.016474304636370007,-0.003971273361317088,0.00041106193931855957,-0.009566641715412705
39,4,Vulnerability_scanner,0.007066850973485004,-0.005531182928610356,-0.00013590292962823436,0.0017616937646557861,-0.0033446122911920265
39,4,XSS,-0.00011306532663316743,7.537688442211161e-05,-3.768844221105581e-05,0.00015075376884422323,-7.537688442211161e-05
39,Aggregated,Backdoor,0.002669197006950663,-0.00411375559608666,0.05315480468861197,-0.030580470313414553,-0.0210185215697284
39,Aggregated,DDoS_HTTP,0.0014297469701572076,0.001638802306730074,-0.010826788169450005,0.0003659123003569002,-0.00016908125198841496
39,Aggregated,DDoS_ICMP,0.00038125862846200936,0.00014258934317529226,-0.000193586875889847,-9.062337476920904e-06,-0.00023225431383822973
39,Aggregated,DDoS_TCP,0.018206787148803052,-0.040887112432764244,0.010776180794564048,0.013926450248657211,-0.0021476913425264236
39,Aggregated,DDoS_UDP,0.010789661289232838,-0.0048629767121213825,-0.004101636679937887,0.0018816107022562479,-0.0047460064893048454
39,Aggregated,Fingerprinting,0.03567371106791215,0.16940318874097351,-0.17405951009867987,0.06329260792347967,-0.025180276779826555
39,Aggregated,MITM,0.43410287583754353,-0.22899774146786187,-0.21516745493125333,0.12710486723254044,-0.18883308721150918
39,Aggregated,Normal,4.856908263018988e-05,-2.3393360570054626e-05,0.00037452288433447535,-0.00027762142963900415,-0.0001709777951532913
39,Aggregated,Password,-0.004562199542863622,0.000820200145036995,-0.002617832554360809,0.004345326052939332,0.005793602469768687
39,Aggregated,Port_Scanning,0.03972361091682002,-0.010896168237806488,0.03374723237874358,0.02876851442400065,-0.09191211219835088
39,Aggregated,Ransomware,0.004186094678075244,-0.00025787944702229855,0.0003517687306842728,-0.0028959636097693493,-0.004596059884762122
39,Aggregated,SQL_injection,0.002488468492703811,-0.008124667706928084,0.0032631219474311694,0.001436959306024795,0.003260781564570795
39,Aggregated,Uploading,0.016446985149737067,-0.008256168932016496,-0.0012723514407232664,-0.002348849814469047,-0.006987491203933919
39,Aggregated,Vulnerability_scanner,0.004505971580559562,-0.004147388741433619,0.0009450721176767873,0.0014999713027111338,-0.0018049679704961815
39,Aggregated,XSS,-3.932672644329019e-05,2.6217817628860125e-05,-1.3108908814430062e-05,5.243563525772025e-05,-2.6217817628860125e-05
39,Centralized,Backdoor,0.002669197006950663,-0.00411375559608666,0.05315480468861197,-0.030580470313414553,-0.0210185215697284
39,Centralized,DDoS_HTTP,0.0014297469701572076,0.001638802306730074,-0.010826788169450005,0.0003659123003569002,-0.00016908125198841496
39,Centralized,DDoS_ICMP,0.00038125862846200936,0.00014258934317529226,-0.000193586875889847,-9.062337476920904e-06,-0.00023225431383822973
39,Centralized,DDoS_TCP,0.018206787148803052,-0.040887112432764244,0.010776180794564048,0.013926450248657211,-0.0021476913425264236
39,Centralized,DDoS_UDP,0.010789661289232838,-0.0048629767121213825,-0.004101636679937887,0.0018816107022562479,-0.0047460064893048454
39,Centralized,Fingerprinting,0.03567371106791215,0.16940318874097351,-0.17405951009867987,0.06329260792347967,-0.025180276779826555
39,Centralized,MITM,0.43410287583754353,-0.22899774146786187,-0.21516745493125333,0.12710486723254044,-0.18883308721150918
39,Centralized,Normal,4.856908263018988e-05,-2.3393360570054626e-05,0.00037452288433447535,-0.00027762142963900415,-0.0001709777951532913
39,Centralized,Password,-0.004562199542863622,0.000820200145036995,-0.002617832554360809,0.004345326052939332,0.005793602469768687
39,Centralized,Port_Scanning,0.03972361091682002,-0.010896168237806488,0.03374723237874358,0.02876851442400065,-0.09191211219835088
39,Centralized,Ransomware,0.004186094678075244,-0.00025787944702229855,0.0003517687306842728,-0.0028959636097693493,-0.004596059884762122
39,Centralized,SQL_injection,0.002488468492703811,-0.008124667706928084,0.0032631219474311694,0.001436959306024795,0.003260781564570795
39,Centralized,Uploading,0.016446985149737067,-0.008256168932016496,-0.0012723514407232664,-0.002348849814469047,-0.006987491203933919
39,Centralized,Vulnerability_scanner,0.004505971580559562,-0.004147388741433619,0.0009450721176767873,0.0014999713027111338,-0.0018049679704961815
39,Centralized,XSS,-3.932672644329019e-05,2.6217817628860125e-05,-1.3108908814430062e-05,5.243563525772025e-05,-2.6217817628860125e-05
40,0,Backdoor,0.08145092389378333,0.04974983774640274,0.028348889281391773,0.07027056128905462,0.02564472037322441
40,0,DDoS_HTTP,0.00027389643497840457,-0.0004898888927917288,0.000819564029521407,-0.008769113506214371,7.365349926595396e-05
40,0,DDoS_ICMP,0.00038498390714237775,-0.00021749273752806885,0.00020183566838131718,-0.00012210674933234577,-0.00025180196705930634
40,0,DDoS_TCP,0.004495969712155387,-0.005170114199997644,0.00428619570737205,-0.0073672261716174765,0.003123529515725946
40,0,DDoS_UDP,0.0,0.0,0.0,0.0,0.0
40,0,Fingerprinting,0.13320851551683627,0.06516500957452405,-0.0754153573548392,0.047881583373087136,-0.023780927580196447
40,0,MITM,0.006410256410256406,0.0,-0.019230769230769218,0.006410256410256406,0.006410256410256406
40,0,Normal,0.0009699933979891088,0.0005984509724751582,0.0004220350619100125,0.00011791386783668127,0.0003710145679264235
40,0,Password,-0.0038338802651161305,0.003769784582308125,-0.006940060291380016,0.005439451689949492,-0.004975038404390247
40,0,Port_Scanning,0.023579371007917137,-0.025661582596651817,0.022173119553622646,-0.0381173564568654,0.01802644849197744
40,0,Ransomware,-0.00019052086504312376,-0.0019380675783110016,-0.003397763029841779,0.002763175736597952,0.002763175736597952
40,0,SQL_injection,0.0010160435209828613,-0.004854621238156801,0.0007054261820333825,0.0022189708886559537,0.0006229340169597045
40,0,Uploading,-0.012209062703498415,-0.012136936456811926,-0.0021105906281130493,-0.0009905408437750963,-0.010712704952789401
40,0,Vulnerability_scanner,-0.00728772001564514,-0.007068645820669804,-0.0033822599619361404,0.0015855910632233128,-0.004113157618604701
40,0,XSS,0.0,0.0,0.0,0.0,0.0
40,1,Backdoor,0.07601428382888425,0.04532859284374033,0.03388485852132169,0.05692831422327465,0.029442898957540046
40,1,DDoS_HTTP,0.0016187304560939613,0.0006454924228217464,0.002203108833768419,-0.010941267253829821,0.0014507896729294043
40,1,DDoS_ICMP,-0.0002704827411813345,-6.003113695407514e-06,0.00015032170725693035,3.244165228467599e-05,9.046721083850739e-05
40,1,DDoS_TCP,0.004822113361657693,-0.005194544573519949,0.004612594070070096,-0.007509201439758834,0.0032690385815509946
40,1,DDoS_UDP,0.0,0.0,0.0,0.0,0.0
40,1,Fingerprinting,0.08190145061136118,0.0957701695909071,-0.12018847563524829,0.0670520783736576,0.020919322513867886
40,1,MITM,-0.02575757575757577,0.012121212121212125,0.019696969696969702,-0.018181818181818195,0.012121212121212125
40,1,Normal,0.0008743727579985946,0.0006268730663385568,0.0005160687517359152,1.869849599161292e-05,0.0004649425517382455
40,1,Password,-0.005053167570692687,0.0014226398981278564,-0.014254659303118785,0.0012626165877593876,-0.004531050765696928
40,1,Port_Scanning,0.02383050139886404,-0.025101371666212093,0.02290489686340181,-0.038273138560660384,0.016639111964606625
40,1,Ransomware,-0.0018353216895890645,-1.6396560657476003e-06,-0.003023994258392913,0.002754216180375892,-0.004570814559271397
40,1,SQL_injection,0.0006110708379326229,-0.0029990440413673867,0.0002485076819306121,0.0007729331691785667,0.0006688646940664585
40,1,Uploading,-0.02217487402562101,-0.023175336826520912,-0.011528634064805924,0.005406952466038411,-0.019457510924417422
40,1,Vulnerability_scanner,-0.008539466581305855,-0.007538799371428923,-0.003466461626076532,0.0038914843361777213,-0.004375978220523633
40,1,XSS,0.0,0.0,0.0,0.0,0.0
40,2,Backdoor,0.07473544000176657,0.03196991695555709,0.012754429773606947,0.07849184320078528,0.012916784666221193
40,2,DDoS_HTTP,0.00205776802043784,-0.0009168512220303978,0.00129157344983122,-0.008055330884590279,0.002049204719329749
40,2,DDoS_ICMP,0.00015240320696836192,2.079761905618242e-05,6.234053112316543e-05,2.1647043994569663e-05,-3.39498596598505e-05
40,2,DDoS_TCP,0.0059277424797980005,-0.0055687550985214235,0.004654366323157483,-0.007770693187644434,0.003597516512060461
40,2,DDoS_UDP,0.0,0.0,0.0,0.0,0.0
40,2,Fingerprinting,0.12781291686915278,0.10027502410918362,-0.12241158489927943,0.05992098623011787,0.006119829407996976
40,2,MITM,-0.02575757575757577,0.012121212121212125,0.019696969696969702,-0.018181818181818195,0.012121212121212125
40,2,Normal,0.0008202427008298892,0.00037962487766090756,0.00021429562461077928,0.00040855425078831773,0.00018183004476463594
40,2,Password,-0.0009275827150802935,0.0019227444281610115,-0.00405172820646386,0.0036624338552480634,-0.004533117363640356
40,2,Port_Scanning,0.026899037756333913,-0.02707786447674465,0.02429674784061118,-0.04201199375935721,0.017894072639156773
40,2,Ransomware,-0.0011689830741709096,0.002900784367689557,-0.0011689830741709096,-0.0002814091096738691,-0.0002814091096738691
40,2,SQL_injection,-0.00010224055289243158,-0.0012482389427853644,-0.00022428313062223583,0.0008879395836535815,-0.00015174091657337897
40,2,Uploading,-0.009997216252120978,-0.00930880034413098,-0.0027351309386114565,0.0010051223677864868,-0.009391930479282207
40,2,Vulnerability_scanner,-0.004861960759001817,-0.004586593543675877,-0.002924448672944626,0.002465346392510509,-0.0023734598538377024
40,2,XSS,-6.733657930177069e-05,-1.5539210608100927e-05,-6.733657930177069e-05,8.80555267792386e-05,6.215684243240371e-05
40,3,Backdoor,0.08160024867941387,0.04701564645743905,0.025673378221614765,0.057344537028847245,0.025023014504803973
40,3,DDoS_HTTP,0.002931391679919945,-0.00015421234806019257,0.0009794326039368056,-0.007470470514216648,0.00027909601502683345
40,3,DDoS_ICMP,-0.0002066547846598395,-0.0002808275866292583,0.00021310389241690857,-0.00016704191549549348,-1.3715891484792723e-05
40,3,DDoS_TCP,0.004628363266005899,-0.004712188749099687,0.003969305442628172,-0.006295571200557015,0.0024100912410226307
40,3,DDoS_UDP,0.0,0.0,0.0,0.0,0.0
40,3,Fingerprinting,0.08992476864221607,0.055410357663146725,-0.08659882407682243,0.047788360294044735,-0.03985799585591839
40,3,MITM,-0.04009324009324009,0.034149184149184136,0.0224941724941725,-0.04160839160839161,0.025058275058275056
40,3,Normal,0.0009337470720691428,0.0005686018076712484,0.0003775308530766445,0.00014230778701540732,0.00036351420578436356
40,3,Password,-0.009640554047269028,0.004640164327053919,-0.011784879313627277,0.014809599905310677,-0.006880459839701908
40,3,Port_Scanning,0.024713957572725202,-0.024411718029135616,0.0213917073860179,-0.03636332975076237,0.017731743622936526
40,3,Ransomware,4.7205550916421904e-05,-0.0017037476861590018,-0.0017037476861590018,-0.0031566300900746874,0.0030218264849405136
40,3,SQL_injection,0.0003471313313607884,-0.0019953847471630474,2.775700702233458e-05,0.0012902341904215359,8.650246796837874e-05
40,3,Uploading,-0.013575289767394439,-0.015359220878237762,-0.006587805942047494,0.002401648458091112,-0.01458296039109144
40,3,Vulnerability_scanner,-0.00721340810127921,-0.008004465904660509,-0.0023487750866142483,0.003042920069868053,-0.003997394746479235
40,3,XSS,-3.472036750173565e-05,-8.012392500400534e-06,-3.472036750173565e-05,4.540355750226969e-05,3.2049570001602136e-05
40,4,Backdoor,0.07259425352185701,0.03276597269834396,0.01845311032065407,0.06046006024123084,0.01767865476723655
40,4,DDoS_HTTP,0.006433676046859016,-0.0018005774949892334,0.005214544270815135,-0.015048296060157552,0.0017197864785975828
40,4,DDoS_ICMP,0.0012102782120780844,-0.00012007664405367935,-5.600350416065843e-05,-4.3647089833483606e-05,-0.000993598676672075
40,4,DDoS_TCP,0.004913313645354854,-0.00504565341028456,0.0049690006037497346,-0.0077056965250312725,0.0028690356862112448
40,4,DDoS_UDP,0.012780799699601402,-0.004834876978532854,-0.001040931928847975,-0.0013518341221517387,-0.0049033121494726955
40,4,Fingerprinting,0.07714383346484839,0.06404543452560506,-0.13729380461048463,0.0460783496326128,-0.01261749117350112
40,4,MITM,0.4312027235823001,-0.20692098861020408,-0.280068772292374,0.2650206762959239,-0.19021955446860417
40,4,Normal,0.0009810736947631607,0.0004729611184200992,0.0005398120243841138,-0.0004886357111838232,0.00041234686782212575
40,4,Password,-0.0024267703418469153,0.007558673518832169,-0.01321777535799191,0.0037129873836811876,-0.0028811096326430813
40,4,Port_Scanning,0.02433229910147104,-0.026017122055320436,0.02290256301235378,-0.0397279385036364,0.01704941724475094
40,4,Ransomware,-0.001006460925489261,0.0020534571141858676,-0.000442921900411782,-0.0026970780007216978,-0.0012882304380280004
40,4,SQL_injection,0.006508524903577223,-0.003243247805898531,0.003767553954347289,-0.007242889709764087,-0.00045510299670033737
40,4,Uploading,-0.011659169287363057,-0.011328085219507483,-0.01103035778005979,-0.001376746073130181,-0.012834170669804053
40,4,Vulnerability_scanner,-0.0025803707377409263,-0.0014501970999269919,-0.0003101568905690355,0.003758760534487099,-0.020453958437634354
40,4,XSS,-9.79899497487451e-05,-2.2613065326633485e-05,-9.79899497487451e-05,0.00012814070351758975,9.045226130653394e-05
40,Aggregated,Backdoor,0.0772964847002431,0.041530075379786625,0.024006804333666795,0.06460634118708544,0.022312316259254967
40,Aggregated,DDoS_HTTP,0.002687723273185331,-0.0005427378107556613,0.0021123707855333048,-0.010067096809911736,0.0011220327298719884
40,Aggregated,DDoS_ICMP,0.00025454432398095046,-0.00012063618353027975,0.00011432257682290614,-5.563280510463842e-05,-0.00024117049916147308
40,Aggregated,DDoS_TCP,0.004957534698446559,-0.005135301997095448,0.004494207294717032,-0.007323959033169158,0.0030501563341992074
40,Aggregated,DDoS_UDP,0.012655229847249577,-0.004799460478905695,-0.0010108810416359785,-0.001327148156266228,-0.0048678956498455364
40,Aggregated,Fingerprinting,0.1019423018298274,0.07615115476480543,-0.10833273004840234,0.05420680262032015,-0.008335345258504689
40,Aggregated,MITM,0.4008584434055788,-0.18351956483127907,-0.2258575851578101,0.1851281669887856,-0.14115777973300617
40,Aggregated,Normal,0.0009158912828341637,0.0005292467249162195,0.0004138573591317862,3.979864037210364e-05,0.00035865516492391
40,Aggregated,Password,-0.004388909118787609,0.003879837122589902,-0.010093904752369659,0.005776759335781697,-0.004762020637466074
40,Aggregated,Port_Scanning,0.02465817216323353,-0.025677923966232967,0.022750102563978802,-0.0389368307804044,0.01748509924160511
40,Aggregated,Ransomware,-0.0008398506789183635,0.0002653261556795498,-0.0019625991048425272,-0.00012058322682655941,-9.940183496720915e-05
40,Aggregated,SQL_injection,0.0024208064604690537,-0.0029112743959847738,0.001411924614571298,-0.0015902128034341074,7.151418958834163e-05
40,Aggregated,Uploading,-0.013947157388961507,-0.01429956972053544,-0.006810896846855087,0.0013234740302734587,-0.0134117127108217
40,Aggregated,Vulnerability_scanner,-0.006037759054185565,-0.005665565422916887,-0.0024167467235346536,0.0030239833782202425,-0.007372668328144786
40,Aggregated,XSS,-3.4083162917518166e-05,-7.865345288658038e-06,-3.4083162917518166e-05,4.457028996906221e-05,3.146138115463215e-05
40,Centralized,Backdoor,0.0772964847002431,0.041530075379786625,0.024006804333666795,0.06460634118708544,0.022312316259254967
40,Centralized,DDoS_HTTP,0.002687723273185331,-0.0005427378107556613,0.0021123707855333048,-0.010067096809911736,0.0011220327298719884
40,Centralized,DDoS_ICMP,0.00025454432398095046,-0.00012063618353027975,0.00011432257682290614,-5.563280510463842e-05,-0.00024117049916147308
40,Centralized,DDoS_TCP,0.004957534698446559,-0.005135301997095448,0.004494207294717032,-0.007323959033169158,0.0030501563341992074
40,Centralized,DDoS_UDP,0.012655229847249577,-0.004799460478905695,-0.0010108810416359785,-0.001327148156266228,-0.0048678956498455364
40,Centralized,Fingerprinting,0.1019423018298274,0.07615115476480543,-0.10833273004840234,0.05420680262032015,-0.008335345258504689
40,Centralized,MITM,0.4008584434055788,-0.18351956483127907,-0.2258575851578101,0.1851281669887856,-0.14115777973300617
40,Centralized,Normal,0.0009158912828341637,0.0005292467249162195,0.0004138573591317862,3.979864037210364e-05,0.00035865516492391
40,Centralized,Password,-0.004388909118787609,0.003879837122589902,-0.010093904752369659,0.005776759335781697,-0.004762020637466074
40,Centralized,Port_Scanning,0.02465817216323353,-0.025677923966232967,0.022750102563978802,-0.0389368307804044,0.01748509924160511
40,Centralized,Ransomware,-0.0008398506789183635,0.0002653261556795498,-0.0019625991048425272,-0.00012058322682655941,-9.940183496720915e-05
40,Centralized,SQL_injection,0.0024208064604690537,-0.0029112743959847738,0.001411924614571298,-0.0015902128034341074,7.151418958834163e-05
40,Centralized,Uploading,-0.013947157388961507,-0.01429956972053544,-0.006810896846855087,0.0013234740302734587,-0.0134117127108217
40,Centralized,Vulnerability_scanner,-0.006037759054185565,-0.005665565422916887,-0.0024167467235346536,0.0030239833782202425,-0.007372668328144786
40,Centralized,XSS,-3.4083162917518166e-05,-7.865345288658038e-06,-3.4083162917518166e-05,4.457028996906221e-05,3.146138115463215e-05
41,0,Backdoor,-0.05854161850358701,0.016412486215222736,-0.07869824626872333,-0.04243808268701185,-0.07109366705759271
41,0,DDoS_HTTP,0.0027122673951029195,-0.007205169319761534,0.006948883345284437,0.0011516509294688087,0.006658602054070828
41,0,DDoS_ICMP,7.600189249489612e-05,0.00011298080837940558,1.96997875928843e-05,-0.0003748628769713584,-0.00027887576077907926
41,0,DDoS_TCP,-0.0014406503404350735,0.00040355548068367976,0.0005445671847545704,0.0005094494359824693,0.0006147236753760925
41,0,DDoS_UDP,0.0,0.0,0.0,0.0,0.0
41,0,Fingerprinting,-0.021007039990415956,0.01912526731580442,-0.01830674511620804,-0.07911012048480083,-0.18412382161742774
41,0,MITM,0.0038461538461538438,-0.015384615384615375,0.0038461538461538438,0.0038461538461538438,0.0038461538461538438
41,0,Normal,-0.0005002242253811295,-0.00025124539943337335,-0.0005975102397877371,-0.00037688873847627755,-0.0006399309500976557
41,0,Password,0.0018234920564641729,0.0027575984827568267,0.0034049665001719878,-0.0012381157243617875,9.26527830864309e-05
41,0,Port_Scanning,-0.006891353601757177,0.0017307437887519705,0.0016991222355012658,0.0017307437887519705,0.0017307437887519705
41,0,Ransomware,-0.0025446703803704194,-0.00465803666597019,0.008718338923356155,0.0021546989553961338,-0.0001752374058759202
41,0,SQL_injection,0.0003362101099742165,0.0006409167277621664,0.0004950697212719786,-0.0005904749647417311,-0.0005904749647417311
41,0,Uploading,0.007157451418442164,-0.0038600899130440238,-0.0044008143215419964,0.009816505204142538,0.015435335897596924
41,0,Vulnerability_scanner,0.005721760350266439,-0.00010338038414363649,-0.0008211088382846028,0.006024492051160181,0.006263353243866428
41,0,XSS,0.0,0.0,0.0,0.0,0.0
41,1,Backdoor,-0.05020760623294798,0.025568454468820445,-0.07357468347393385,-0.04483160257270964,-0.07287437350998385
41,1,DDoS_HTTP,0.0060587519986695865,-0.005939714829870072,0.0028652124570903003,-0.0005562519192624765,0.008918073147466555
41,1,DDoS_ICMP,-0.00032156093372314544,0.00012757832975721824,5.30785600611187e-05,-2.2106292582472577e-05,-0.00028337284127285346
41,1,DDoS_TCP,-0.0021169208424110185,0.0005292302106027546,0.0005292302106027546,0.0005292302106027546,0.0005292302106027546
41,1,DDoS_UDP,0.0,0.0,0.0,0.0,0.0
41,1,Fingerprinting,-0.14639426072997225,0.04124326743387184,0.009519117357319001,-0.01507226888166449,-0.18929585517955416
41,1,MITM,-0.01060606060606061,0.019696969696969702,-0.01060606060606061,-0.018181818181818188,0.019696969696969702
41,1,Normal,-0.00035197089329875865,-0.0002504380583008577,-0.0006267442095319986,-0.0004285850074313998,-0.0005983944709931373
41,1,Password,0.010023820298023832,0.0029663864793252207,0.0048356549610693855,0.0007069752606825066,0.002935900449017955
41,1,Port_Scanning,-0.009710322317421461,0.0024275805793553653,0.0024275805793553653,0.0024275805793553653,0.0024275805793553653
41,1,Ransomware,-0.012535455935983248,0.004493273895425104,0.002287281993845247,0.005040341047381212,0.0007145589993316844
41,1,SQL_injection,0.00028401067265196035,0.0007658424459228911,0.0008129618547120354,-0.00058257365751388,-0.00058257365751388
41,1,Uploading,0.01879351479789616,-0.004089410954434918,-0.008772381721210452,0.01794288301421214,0.030382249120391336
41,1,Vulnerability_scanner,0.006658867523711731,-4.5294056503057215e-05,-0.0021660937941176627,0.006653850235508228,0.005225718623205427
41,1,XSS,0.0,0.0,0.0,0.0,0.0
41,2,Backdoor,-0.04886753348286613,0.029986934565171437,-0.06371009900245347,-0.041380282789819846,-0.06446331290961521
41,2,DDoS_HTTP,0.005441348697701246,-0.006945742342248142,0.004723191904305219,-0.0008066105982478662,0.005394602191243062
41,2,DDoS_ICMP,9.874188359618545e-05,-0.00014652668009708473,-5.226351664887423e-05,-0.0002027438516876201,0.000305541289635756
41,2,DDoS_TCP,-0.0018490438552139776,0.0009956003963029203,0.0010998215357496122,0.00022537295752619868,-0.0004717510343647535
41,2,DDoS_UDP,0.0,0.0,0.0,0.0,0.0
41,2,Fingerprinting,-0.05824080403027769,-0.027446646920331143,-0.006930077719551402,-0.04108933951039215,-0.025023290549606333
41,2,MITM,-0.01060606060606061,0.019696969696969702,-0.01060606060606061,-0.018181818181818188,0.019696969696969702
41,2,Normal,-0.0003989621685754396,1.8463655877093423e-05,-0.0005095541843741003,-0.0003443229453886513,-0.0005681066183640356
41,2,Password,0.006002830634902403,0.004460187228011684,0.0032397693730096865,-0.004611377602000434,-0.002793447960708126
41,2,Port_Scanning,-0.009363305421400198,0.0018214036255953913,0.004304400494860206,0.0030265468343878667,0.00021095446655673423
41,2,Ransomware,0.0008441398439469506,-0.004513505508169278,0.002615575076934484,-0.001265926501480961,0.002319717088768804
41,2,SQL_injection,0.0001921317176778417,0.00022746036913098426,-3.9758312562754304e-07,0.0002096847277683153,0.0002096847277683153
41,2,Uploading,0.008335185875701154,-0.006593144819858798,-0.007784779570500316,0.006355695173256439,0.015753342090031052
41,2,Vulnerability_scanner,0.0038979593638706327,0.0008967013926775458,-0.000563163107610104,0.003882846336191744,0.0014669291916315664
41,2,XSS,-0.00018129079042784416,7.769605304050464e-05,0.0,0.0001294934217341744,-2.5898684346834882e-05
41,3,Backdoor,-0.04947663691871619,0.016450822879923548,-0.07397768432350875,-0.04172628715849543,-0.0711098944471025
41,3,DDoS_HTTP,0.008606135027137045,-0.009547099583593814,0.0021910658059720273,0.0002174432395314026,0.008128415106912947
41,3,DDoS_ICMP,0.00012214214814994148,7.471251772208273e-06,8.512840348690042e-06,-0.00019934550812476896,0.00029260536631566805
41,3,DDoS_TCP,-0.0010650430565842916,0.00024093311571185365,0.0012055315952547608,-1.329680176372731e-05,-0.0003681248526185954
41,3,DDoS_UDP,0.0,0.0,0.0,0.0,0.0
41,3,Fingerprinting,-0.09427114092291095,0.030761847008178963,0.002949888995655576,-0.0004413495698998432,-0.14852305503483323
41,3,MITM,-0.026969696969696963,0.039696969696969696,-0.01787878787878788,-0.03454545454545454,0.039696969696969696
41,3,Normal,-0.00040949558438621396,-0.0001623494330404873,-0.0006309896137823179,-0.00038751480310197743,-0.0006620214151256391
41,3,Password,0.007934326899683396,0.004291858315052482,0.002635273464690703,-0.0008301714403668651,-0.00029277017869227585
41,3,Port_Scanning,-0.007574164624986389,0.0012631481254991325,0.0033882635581679236,0.0020993683043641835,0.0008233846369551489
41,3,Ransomware,0.0053786887838587856,-0.01129609371710801,0.001692882268838375,-0.00040851927731444526,0.00812813536826105
41,3,SQL_injection,0.00020155976813196198,0.0016865685162578525,0.0027689957332890343,-0.0024471294471551134,-0.0019662348201337247
41,3,Uploading,0.013213771484780968,-0.0012273749356018016,-0.0058033960480333,0.011359456713185185,0.02054116168633941
41,3,Vulnerability_scanner,0.0059715010197050776,0.0005583620015025807,-0.0020254265254441312,0.005849055932292188,0.006043614385594761
41,3,XSS,-9.34779125046729e-05,4.006196250200267e-05,0.0,6.676993750333778e-05,-1.3353987500667555e-05
41,4,Backdoor,-0.04704467626113461,0.017620945324774026,-0.060499136579088744,-0.03390491577896495,-0.056013892202687335
41,4,DDoS_HTTP,0.007866620301443594,-0.009616829776361894,0.0011464154261393818,0.0001142744464093894,0.008114040675166403
41,4,DDoS_ICMP,0.0027920543892989277,0.0028434530783105058,-0.003059091969215422,-0.002772559651995804,0.00019919185624360421
41,4,DDoS_TCP,-0.002156995059791006,-0.00022925930983384025,0.0007777121362025667,0.0006185931151748184,0.00035347303413646816
41,4,DDoS_UDP,0.014056698374682581,-0.006541211027809409,-0.0011682376024702993,-0.0016025699498262954,-0.0064360269917323795
41,4,Fingerprinting,-0.0016717788292001212,0.03914586970583975,2.0140362719095472e-05,-0.01273348282568673,-0.1237112731513032
41,4,MITM,0.3709168175224941,-0.34559686980785165,-0.17697320394819663,0.24946279230371918,-0.14311228037102228
41,4,Normal,-0.0002938963174346517,-0.0002776700773055603,-0.0004473594830100125,-0.0002604084268486129,-0.0004379114483574494
41,4,Password,0.004566204896756668,-0.00024945819241007917,0.0019247957963452356,0.003163548109586334,0.0026561710454584093
41,4,Port_Scanning,-0.010070483299449014,0.0024265804536955445,0.0027917757537908113,0.0031564541461718628,0.0031564541461718628
41,4,Ransomware,0.004913066744451631,-0.006244368739283849,-0.0005577541904722076,-0.0002861095684072371,0.005556399904176537
41,4,SQL_injection,0.009582432084476166,0.003115465501501895,0.004193480523712993,-0.010321888542906589,-0.005904327912346018
41,4,Uploading,0.013319981309102162,-0.014528971903656701,-0.013790642237408385,0.011576779387678796,0.02992294808747929
41,4,Vulnerability_scanner,0.006364034279185933,-0.0012990784101833686,-0.0041553750074437845,0.006910490904843997,0.007938914191258676
41,4,XSS,-0.0002638190954773907,0.00011306532663316743,0.0,0.00018844221105527906,-3.768844221105581e-05
41,Aggregated,Backdoor,-0.05088869616080655,0.0212078590480327,-0.07019197987530187,-0.040952960043167404,-0.06727000040502208
41,Aggregated,DDoS_HTTP,0.006161220408685068,-0.007867691951247544,0.003544916738459947,1.7936032347825223e-05,0.007460451095842957
41,Aggregated,DDoS_ICMP,0.0005577299603554927,0.0005938815914294848,-0.000613063898372516,-0.0007190766490738483,4.96203448672609e-05
41,Aggregated,DDoS_TCP,-0.0017224109666998777,0.00038808387411095046,0.0008335126207950517,0.0003723027864743563,0.00012851168531951933
41,Aggregated,DDoS_UDP,0.013966548616153427,-0.006513306938950958,-0.0011403335136118482,-0.0015961324578724974,-0.006408122902873929
41,Aggregated,Fingerprinting,-0.0598802712926827,0.020217375133822785,-0.003539728548023006,-0.03342408069944325,-0.13359136312949943
41,Aggregated,MITM,0.3447063768889251,-0.31689060631015786,-0.1698741104629179,0.19304665438339955,-0.14139689172324205
41,Aggregated,Normal,-0.0003908965954260435,-0.00018457083675326355,-0.0005623893841131822,-0.00035952223100584507,-0.0005812589936898446
41,Aggregated,Password,0.006061809433787966,0.0028358877584821517,0.0032087324561202615,-0.0005267033130077856,0.000542578438510218
41,Aggregated,Port_Scanning,-0.008738643570180277,0.001937925859725905,0.00291101338770157,0.0024927465551563793,0.0016872612620094799
41,Aggregated,Ransomware,-0.0008590722637142001,-0.00444612466040807,0.0029642437035514407,0.0010952873701627027,0.00331106175943112
41,Aggregated,SQL_injection,0.003395937546136201,0.0017730282517399761,0.002364596237381655,-0.004279157897306605,-0.00265716220316104
41,Aggregated,Uploading,0.012194020219535029,-0.006038887216684525,-0.008103448695904023,0.01142516865660385,0.02240953620764339
41,Aggregated,Vulnerability_scanner,0.005731610388008949,2.1249351543832045e-06,-0.0019454793445203547,0.005875472139063912,0.005403104446815236
41,Aggregated,XSS,-9.176236170101044e-05,3.932672644329019e-05,0.0,6.554454407215031e-05,-1.3108908814430062e-05
41,Centralized,Backdoor,-0.05088869616080655,0.0212078590480327,-0.07019197987530187,-0.040952960043167404,-0.06727000040502208
41,Centralized,DDoS_HTTP,0.006161220408685068,-0.007867691951247544,0.003544916738459947,1.7936032347825223e-05,0.007460451095842957
41,Centralized,DDoS_ICMP,0.0005577299603554927,0.0005938815914294848,-0.000613063898372516,-0.0007190766490738483,4.96203448672609e-05
41,Centralized,DDoS_TCP,-0.0017224109666998777,0.00038808387411095046,0.0008335126207950517,0.0003723027864743563,0.00012851168531951933
41,Centralized,DDoS_UDP,0.013966548616153427,-0.006513306938950958,-0.0011403335136118482,-0.0015961324578724974,-0.006408122902873929
41,Centralized,Fingerprinting,-0.0598802712926827,0.020217375133822785,-0.003539728548023006,-0.03342408069944325,-0.13359136312949943
41,Centralized,MITM,0.3447063768889251,-0.31689060631015786,-0.1698741104629179,0.19304665438339955,-0.14139689172324205
41,Centralized,Normal,-0.0003908965954260435,-0.00018457083675326355,-0.0005623893841131822,-0.00035952223100584507,-0.0005812589936898446
41,Centralized,Password,0.006061809433787966,0.0028358877584821517,0.0032087324561202615,-0.0005267033130077856,0.000542578438510218
41,Centralized,Port_Scanning,-0.008738643570180277,0.001937925859725905,0.00291101338770157,0.0024927465551563793,0.0016872612620094799
41,Centralized,Ransomware,-0.0008590722637142001,-0.00444612466040807,0.0029642437035514407,0.0010952873701627027,0.00331106175943112
41,Centralized,SQL_injection,0.003395937546136201,0.0017730282517399761,0.002364596237381655,-0.004279157897306605,-0.00265716220316104
41,Centralized,Uploading,0.012194020219535029,-0.006038887216684525,-0.008103448695904023,0.01142516865660385,0.02240953620764339
41,Centralized,Vulnerability_scanner,0.005731610388008949,2.1249351543832045e-06,-0.0019454793445203547,0.005875472139063912,0.005403104446815236
41,Centralized,XSS,-9.176236170101044e-05,3.932672644329019e-05,0.0,6.554454407215031e-05,-1.3108908814430062e-05
42,0,Backdoor,-0.016961877345768827,-0.02319478996497893,-0.043795776580037846,0.05006473255626463,0.030048939741430625
42,0,DDoS_HTTP,0.003893605289415227,0.0027116989563393625,0.007881465386488125,-0.000948381187205453,-0.004902600772422401
42,0,DDoS_ICMP,0.0001765277299160132,0.0004750269151193087,0.00015771252166151087,-0.00027252942783915026,-0.0003099403262551185
42,0,DDoS_TCP,0.005677082243799177,0.005556346417794624,-0.02253864320532937,0.0058362356844343394,0.005468978859301201
42,0,DDoS_UDP,0.0,0.0,0.0,0.0,0.0
42,0,Fingerprinting,0.021284733997263182,0.21431678694223882,0.042494906344869895,-0.1542570616683715,-0.17168625556815362
42,0,MITM,0.0,0.0,0.0,0.0,0.0
42,0,Normal,-9.67388938172183e-05,-0.0003153170282662876,-0.0003501575213549953,0.0004767575461462614,0.00030529136060132117
42,0,Password,0.009583447638619302,-0.010344741829345555,-0.015687230177341503,0.006632546797827116,0.008915749512466016
42,0,Port_Scanning,0.0053391558727599545,0.0050138673901868915,-0.020484463362562367,0.005217424106061532,0.0034532347931729474
42,0,Ransomware,0.00956118411128204,-0.0027499794128154694,0.006871636265290667,0.00021479854741806396,0.0004988167457461278
42,0,SQL_injection,0.00032433977615058167,-0.0010656878359233397,-0.002224044179318273,9.266850747159475e-05,9.266850747159475e-05
42,0,Uploading,-0.0034365689449774206,0.014129588785613127,0.00799719322653728,-0.00962977679113424,-0.013802482216113241
42,0,Vulnerability_scanner,0.0010404277327341913,0.0033890894806989386,0.0036285199926501736,-0.004369255706651881,-0.006321821487033538
42,0,XSS,0.0,0.0,0.0,0.0,0.0
42,1,Backdoor,-0.011927283614692474,-0.029379267742732345,-0.05241268429138364,0.05405548873905445,0.0384343115261773
42,1,DDoS_HTTP,0.0003804439542001002,-0.0006621726514180119,0.005679582934118708,-0.00033751122637351306,-0.00995150589518675
42,1,DDoS_ICMP,-0.00010831521868302496,0.00034047809643690806,7.890782894586224e-05,-0.00031407517702345956,-0.00022054791393092966
42,1,DDoS_TCP,0.00619075806352729,0.005962341820418101,-0.023807545356856644,0.006400585019272872,0.005253860453638391
42,1,DDoS_UDP,0.0,0.0,0.0,0.0,0.0
42,1,Fingerprinting,-0.0696850861556744,0.15115072291542866,0.009538522479698948,-0.14484848484848475,-0.12850861556743906
42,1,MITM,-0.018181818181818188,0.012121212121212125,0.012121212121212125,-0.018181818181818188,0.012121212121212125
42,1,Normal,-0.00014490409700838037,-0.0003236406541363294,-0.00040468359271973823,0.0004914277848080351,0.00031501812443053464
42,1,Password,0.011232756033107198,-0.016945044464885487,-0.021646717747559645,0.008216608973560396,0.011716391219745
42,1,Port_Scanning,0.006369810017600682,0.006114081399189414,-0.02190101247012691,0.00729148417286987,0.002125636880466943
42,1,Ransomware,0.0028755332134046702,0.004841625075005547,-0.009478272919102434,0.002159393039433172,0.0008507572622483621
42,1,SQL_injection,0.00016784128791279135,-0.001277654031900001,-0.001277654031900001,5.138250825523077e-05,-0.0005549063719936048
42,1,Uploading,-0.0005998398293809266,0.02402587662126717,0.013475346129293308,-0.017267524633032546,-0.02105510594055042
42,1,Vulnerability_scanner,0.0024124406065368807,0.0033214006250892954,0.003953302945015907,-0.0040295556400182985,-0.005657588536623784
42,1,XSS,0.0,0.0,0.0,0.0,0.0
42,2,Backdoor,-0.01378419158446345,-0.02591670298852211,-0.03610602872901881,0.05154117680193086,0.029572783168566274
42,2,DDoS_HTTP,0.002210666501948601,0.0009237234334123749,0.007310259101024163,-0.0011468117675691512,-0.007190141043472753
42,2,DDoS_ICMP,-0.00011195913259064439,0.00014993169802039464,0.00015028758400083,-0.00016812597270253747,-1.8305555607517342e-05
42,2,DDoS_TCP,0.007428286586975324,0.006480399355326782,-0.025371075382829514,0.0067801543461265806,0.005937504858978545
42,2,DDoS_UDP,0.0,0.0,0.0,0.0,0.0
42,2,Fingerprinting,-0.10271067694812476,0.060396739931670614,0.030648456178810186,-0.10271067694812477,-0.053691069104987534
42,2,MITM,-0.018181818181818188,0.012121212121212125,0.012121212121212125,-0.018181818181818188,0.012121212121212125
42,2,Normal,-8.495801336492933e-05,-0.0002408960480229964,-0.00034752439653215064,0.00044874077680865374,0.0002690022510540346
42,2,Password,0.0051233287824549445,-0.009256931705524206,-0.01374849648865876,0.003998828838925847,0.011512558901362385
42,2,Port_Scanning,0.008401739561089154,0.007867804462954545,-0.02132045681686216,0.008026689172758545,0.0026434271116037617
42,2,Ransomware,0.004674282349611905,0.0028706410667988774,0.005569223054575753,-0.0016347229885593894,-0.004336566339570027
42,2,SQL_injection,0.0,0.0,0.0,0.0,0.0
42,2,Uploading,-0.0008572102973319293,0.01183457893931108,0.010020866103907821,-0.009041342739032085,-0.012854380515164073
42,2,Vulnerability_scanner,0.0022939853365850655,-4.083922995654817e-05,0.0020488194328624493,-0.00182834719560242,-0.002473618343888547
42,2,XSS,-0.00016575157981974325,9.323526364860558e-05,-1.0359473738733953e-05,0.00011913394799544045,-3.625815808556883e-05
42,3,Backdoor,-0.013707213788453416,-0.027017511199816487,-0.04381609243612593,0.0584060561681557,0.03379021494910599
42,3,DDoS_HTTP,0.001817436361616992,0.0034512089632351604,0.0072927724703380215,-0.000831603270618921,-0.011019260710569164
42,3,DDoS_ICMP,0.00024064341150150658,0.00010828431987757736,0.00012819984309622167,-2.1468526111656504e-05,-2.7715350613466415e-06
42,3,DDoS_TCP,0.004680509109174726,0.004860003358919305,-0.01774895085008952,0.0047125718686086395,0.004105039000106292
42,3,DDoS_UDP,0.0,0.0,0.0,0.0,0.0
42,3,Fingerprinting,0.012431975078360873,0.07558538289457654,-0.009239851547026131,-0.06599939747065872,-0.08560724060791362
42,3,MITM,-0.039999999999999994,0.02666666666666666,0.02666666666666666,-0.039999999999999994,0.02666666666666666
42,3,Normal,-0.0001401032402220744,-0.00028628095183680184,-0.00040661861239257673,0.0005581489263197996,0.000343956167863102
42,3,Password,0.011510881622675004,-0.016022641735248526,-0.020643613786078374,0.007671585773119851,0.011950357262939965
42,3,Port_Scanning,0.0006568454431634396,0.004296290039820627,-0.003725440813927098,0.000578459419540267,-0.0018061540885972356
42,3,Ransomware,0.002591726995188709,0.009336113887237681,0.011497547504249058,-0.0040215128816541235,-0.01229033241336598
42,3,SQL_injection,0.00038546945495099847,-0.002504420827180659,-0.0027456218940252407,0.00038546945495099847,-0.001300676752959412
42,3,Uploading,-0.0011182191055291492,0.014013097432503731,0.009170998195991906,-0.010990093444257188,-0.01490115160996024
42,3,Vulnerability_scanner,0.001546791812202656,0.003297652041883988,0.004037623474782785,-0.004028586304476437,-0.005911479400912645
42,3,XSS,-8.546552000427236e-05,4.80743550024032e-05,-5.341595000267022e-06,6.142834250307075e-05,-1.869558250093458e-05
42,4,Backdoor,-0.009790003683258624,-0.01789800690314547,-0.03771171245412656,0.048763717283352846,0.024312445269278296
42,4,DDoS_HTTP,0.0015047192713113953,0.003612326665929393,0.007107326804021415,-0.0029255460649203536,-0.011367792193583193
42,4,DDoS_ICMP,0.00300513119478145,0.0022439514776033545,0.0010350482927519314,-0.007534819478371205,0.0008026707384840164
42,4,DDoS_TCP,0.006695091352009483,0.00713767141721893,-0.025996276971377533,0.007277824041873421,0.005522166244386684
42,4,DDoS_UDP,0.011401617812920428,-0.001176229069081088,-0.001441860692593716,-0.006012130217997776,-0.0020551329571846006
42,4,Fingerprinting,-0.04783710483939315,0.180473663912552,0.025700702096246583,-0.18618133141891388,-0.1781055865010637
42,4,MITM,0.37744503852249206,-0.21311906299313216,-0.22406172318272274,0.30955928016526413,-0.23399998899715688
42,4,Normal,-8.873144134598499e-05,-0.00019820365895465615,-0.0003027951194967848,0.00041072185220559777,0.0002457979096590087
42,4,Password,0.006628546153280215,-0.009935859143974735,-0.015446968070707884,0.007861897986507032,0.011521932553549729
42,4,Port_Scanning,0.007454782385995751,0.006352151456543029,-0.02351186427616175,0.008019503237603693,0.0016854271960192772
42,4,Ransomware,0.0017058746674524098,0.00939756911551569,0.011423559099885284,-0.005323080313746522,-0.013782194596480677
42,4,SQL_injection,0.0057193722228218785,0.0020359475414008844,0.0024790089245167127,-0.012471651172244353,0.0022373224835048736
42,4,Uploading,-0.0030201888429153187,0.023434020132711474,0.010032961641030595,-0.016203237275784505,-0.019398119518744338
42,4,Vulnerability_scanner,0.0004185574455381073,0.004189846065083228,0.004429451164340344,-0.005995273769393289,-0.0077367013602265035
42,4,XSS,-0.00024120603015075718,0.0001356783919598009,-1.5075376884422324e-05,0.00017336683417085673,-5.276381909547813e-05
42,Aggregated,Backdoor,-0.013234140369535801,-0.024738611207294925,-0.04287309171196773,0.05262968403581482,0.03135254472951368
42,Aggregated,DDoS_HTTP,0.001946896669398009,0.0020178455755218484,0.007055431001747531,-0.0012445958375060554,-0.008936968749889234
42,Aggregated,DDoS_ICMP,0.00064880603645369,0.0006707104051338213,0.0003131848088985404,-0.0016855161401750029,5.471425760523174e-05
42,Aggregated,DDoS_TCP,0.0061287677128625834,0.005995555917609347,-0.02306978680720542,0.006193986916734943,0.005253117212509578
42,Aggregated,DDoS_UDP,0.011311468054017119,-0.0011483249799732031,-0.0014139566034858313,-0.006005692726418129,-0.0020272288680767154
42,Aggregated,Fingerprinting,-0.036161277032153674,0.14128914124766476,0.02141725992749144,-0.1336817527709355,-0.12706477849167228
42,Aggregated,MITM,0.35921809886820066,-0.16592315644834554,-0.18227502243852484,0.21512832599098833,-0.1921801553907432
42,Aggregated,Normal,-0.00011107756617785291,-0.00027285306752101724,-0.00036234779589899103,0.0004771568054599162,0.00029580359585456943
42,Aggregated,Password,0.008826017731260393,-0.012520299704328868,-0.017442823143490202,0.006894268611431444,0.011128380237284
42,Aggregated,Port_Scanning,0.005699845609359346,0.005931084621840615,-0.018326978253076196,0.005879803135331121,0.0016620833612495446
42,Aggregated,Ransomware,0.0042733522368680514,0.0047341823519741755,0.0052875462255516275,-0.0017345240290109938,-0.005831559541228428
42,Aggregated,SQL_injection,0.0021623350937659386,-0.00018392176223500044,-0.00030081346712781444,-0.004513250320544624,0.000510986852339015
42,Aggregated,Uploading,-0.0017798154152796578,0.017504365749328787,0.01015202481449737,-0.012622095670314878,-0.016393896264396652
42,Aggregated,Vulnerability_scanner,0.0015414560409223788,0.0028402992195992144,0.003623231275811171,-0.0040604878788537265,-0.005635354476236535
42,Aggregated,XSS,-8.389701641235241e-05,4.7192071731948226e-05,-5.2435635257720254e-06,6.030098054637829e-05,-1.8352472340202087e-05
42,Centralized,Backdoor,-0.013234140369535801,-0.024738611207294925,-0.04287309171196773,0.05262968403581482,0.03135254472951368
42,Centralized,DDoS_HTTP,0.001946896669398009,0.0020178455755218484,0.007055431001747531,-0.0012445958375060554,-0.008936968749889234
42,Centralized,DDoS_ICMP,0.00064880603645369,0.0006707104051338213,0.0003131848088985404,-0.0016855161401750029,5.471425760523174e-05
42,Centralized,DDoS_TCP,0.0061287677128625834,0.005995555917609347,-0.02306978680720542,0.006193986916734943,0.005253117212509578
42,Centralized,DDoS_UDP,0.011311468054017119,-0.0011483249799732031,-0.0014139566034858313,-0.006005692726418129,-0.0020272288680767154
42,Centralized,Fingerprinting,-0.036161277032153674,0.14128914124766476,0.02141725992749144,-0.1336817527709355,-0.12706477849167228
42,Centralized,MITM,0.35921809886820066,-0.16592315644834554,-0.18227502243852484,0.21512832599098833,-0.1921801553907432
42,Centralized,Normal,-0.00011107756617785291,-0.00027285306752101724,-0.00036234779589899103,0.0004771568054599162,0.00029580359585456943
42,Centralized,Password,0.008826017731260393,-0.012520299704328868,-0.017442823143490202,0.006894268611431444,0.011128380237284
42,Centralized,Port_Scanning,0.005699845609359346,0.005931084621840615,-0.018326978253076196,0.005879803135331121,0.0016620833612495446
42,Centralized,Ransomware,0.0042733522368680514,0.0047341823519741755,0.0052875462255516275,-0.0017345240290109938,-0.005831559541228428
42,Centralized,SQL_injection,0.0021623350937659386,-0.00018392176223500044,-0.00030081346712781444,-0.004513250320544624,0.000510986852339015
42,Centralized,Uploading,-0.0017798154152796578,0.017504365749328787,0.01015202481449737,-0.012622095670314878,-0.016393896264396652
42,Centralized,Vulnerability_scanner,0.0015414560409223788,0.0028402992195992144,0.003623231275811171,-0.0040604878788537265,-0.005635354476236535
42,Centralized,XSS,-8.389701641235241e-05,4.7192071731948226e-05,-5.2435635257720254e-06,6.030098054637829e-05,-1.8352472340202087e-05
43,0,Backdoor,-0.10845586103551458,-0.0039329070185259215,0.06852426173806762,0.00790853940063318,0.046485168999244375
43,0,DDoS_HTTP,0.004681374566759249,-0.005484416240681764,-0.0037624584694059926,3.190467825495147e-05,-0.004102192207541299
43,0,DDoS_ICMP,0.00033729082325411794,0.00029901573671970436,0.00022390689781753476,-0.00016859926814154121,-0.0006926282609024521
43,0,DDoS_TCP,0.00581611840141486,0.01221271652661548,0.005597290989971069,-0.027028161877144873,0.0034020359591434715
43,0,DDoS_UDP,0.0,0.0,0.0,0.0,0.0
43,0,Fingerprinting,0.105829782751871,0.12845451153718887,0.12301972892849321,-0.04490422075976073,-0.24723689518962175
43,0,MITM,0.006410256410256406,-0.019230769230769218,0.0,0.006410256410256406,0.006410256410256406
43,0,Normal,-0.001090882535260059,-9.211010257097104e-05,0.0006322232944199165,9.075606215151836e-05,0.0004624200684227179
43,0,Password,0.007164205226562539,0.000778576867879296,0.002009444554174649,-0.012174203315808728,0.0017326546128439734
43,0,Port_Scanning,0.03899075912051073,0.07252562829443897,0.0365923356189116,-0.1685391727433534,0.021891230909873296
43,0,Ransomware,-0.002688375167922978,-0.0033039571411477417,-0.001244593269237911,-0.0038727263867548195,-0.003286804291857981
43,0,SQL_injection,0.007298424473001401,0.0064561372783822546,0.007726717051753603,-0.024718689377552547,0.006017465798563113
43,0,Uploading,0.015520962413953739,0.00606413639800088,0.0065516703965280525,-0.019947182310188598,0.0016597446261409868
43,0,Vulnerability_scanner,0.005309289675703529,0.002957053539178674,0.0031982524686978747,-0.00826565147540242,0.0010216973670260864
43,0,XSS,0.0,0.0,0.0,0.0,0.0
43,1,Backdoor,-0.11369749309775971,-0.0014606165309318927,0.06363356420748985,0.008215911848881602,0.04461594781886553
43,1,DDoS_HTTP,0.01355867347673948,-0.004297980336252322,-0.0024116230684341293,0.00210673697856112,-0.0019687279096253034
43,1,DDoS_ICMP,-9.038839437692237e-05,0.0002089044740525514,0.00015240745994518078,-8.962755525136848e-05,-0.0001824109605623699
43,1,DDoS_TCP,0.005353937324033548,0.012301887247845677,0.005008185850860689,-0.026664841229104255,0.004000830806364342
43,1,DDoS_UDP,0.0,0.0,0.0,0.0,0.0
43,1,Fingerprinting,0.011309582566817725,0.13785256691031347,0.13256156161930818,-0.042796697626419,-0.14604775650407628
43,1,MITM,-0.034848484848484865,0.018181818181818188,0.018181818181818188,-0.012121212121212125,0.01060606060606061
43,1,Normal,-0.0010241842943156739,-4.8004542197275606e-05,0.000593702145235947,0.00011930178451077985,0.00047049418683130874
43,1,Password,0.00999207849675732,0.001308738783918785,-0.0012004119251105242,-0.01590687698025619,0.0018501518054361823
43,1,Port_Scanning,0.03817327222187503,0.0697644043172393,0.0367550588154475,-0.16818464512721118,0.02349190977264936
43,1,Ransomware,-0.0019314279752582948,0.002404181873971308,0.004591625270141943,-0.002183855231428944,-0.0008108957313501993
43,1,SQL_injection,0.005677996958291648,0.005678057708385201,0.006817958427823032,-0.02108848086542606,0.006039467770926187
43,1,Uploading,0.025140210093092807,0.0038864484923863012,0.00248261127934387,-0.028248966306793313,-0.0003864022790596051
43,1,Vulnerability_scanner,0.00449221357462114,0.002196136667218516,0.0021769702704505863,-0.008188658447737494,0.0012646788239401
43,1,XSS,0.0,0.0,0.0,0.0,0.0
43,2,Backdoor,-0.08639655145438525,-0.0031252054710893206,0.05668287542974986,0.008191656409422493,0.03270668008217339
43,2,DDoS_HTTP,0.006048435754676528,-0.002872822036834926,-0.001947119508230316,0.0005318710272519492,-0.0017603652368632327
43,2,DDoS_ICMP,-0.00010863573474557686,0.00013440511051807842,7.76878394375476e-05,-3.374700538129049e-05,-7.062410825891356e-05
43,2,DDoS_TCP,0.004951150565103796,0.012511136021803794,0.004460547377714472,-0.02745859139520794,0.0034403106371580987
43,2,DDoS_UDP,0.0,0.0,0.0,0.0,0.0
43,2,Fingerprinting,-0.046010658799728675,0.10883252461930602,0.12224345092496915,-0.010931689967899413,-0.0812543698107031
43,2,MITM,-0.034848484848484865,0.018181818181818188,0.018181818181818188,-0.012121212121212125,0.01060606060606061
43,2,Normal,-0.0008621032476575196,-4.5858451132790853e-05,0.0005364819376726375,0.00010099333513966709,0.00033704107271622096
43,2,Password,0.011119288013381828,-0.0004508215433724885,0.0014534424324990991,-0.007580318272073278,0.0007704943629247275
43,2,Port_Scanning,0.038293187340212746,0.07501389799071417,0.03496436274933015,-0.17712130501348386,0.023230653441682864
43,2,Ransomware,0.0005403948846951778,-0.0033305410993084705,-0.0003649169798382035,-0.0027353030040703774,-0.0012524909443352439
43,2,SQL_injection,0.0054634878605812785,0.005410884290057385,0.005534809386581622,-0.021612410191485357,0.0052032286542650795
43,2,Uploading,0.014535287307615673,0.003258963259629855,0.0021097059467350488,-0.01784080484472125,-0.0007145978158257895
43,2,Vulnerability_scanner,0.00024610780589342146,0.001342587458339789,0.00200146518110463,-0.005043864980164191,0.00145370453482635
43,2,XSS,-3.625815808556883e-05,9.323526364860558e-05,-1.0359473738733953e-05,0.00027452605407644973,-1.0359473738733953e-05
43,3,Backdoor,-0.10367019652089605,-0.0016239056758108365,0.062027363365189055,0.007085760833280141,0.03744840512117796
43,3,DDoS_HTTP,0.008571166941372286,-0.0025254177244082667,-0.002491436629076869,-0.0017982847671213775,-0.004514648510420928
43,3,DDoS_ICMP,-4.17057814985596e-05,-0.00028689029149215337,-0.0003063592233051915,-5.944619579471011e-05,0.00024273305934958874
43,3,DDoS_TCP,0.0051605255473240646,0.010057146576853178,0.004660262982460389,-0.02265800653090805,0.0027800714242704194
43,3,DDoS_UDP,0.0,0.0,0.0,0.0,0.0
43,3,Fingerprinting,0.020246159231554307,0.04512770824993194,0.07100800986552766,-0.04459373588327686,-0.1041720423925297
43,3,MITM,-0.06212121212121211,0.036363636363636355,0.036363636363636355,-0.030303030303030307,0.019696969696969695
43,3,Normal,-0.00105673658368489,-1.9304335770214953e-05,0.0006450435187058123,8.143427683733144e-05,0.00034714033572000313
43,3,Password,0.008407570591785214,0.006551930324689635,-0.0004238884976676312,-0.013606384739344363,0.002659577421597475
43,3,Port_Scanning,0.03769683085746545,0.06467096074169813,0.03343202108482462,-0.15733814301138838,0.02153833032740012
43,3,Ransomware,0.009696454779134516,-0.004466970881556143,-0.0029224755556849355,-0.005315711500131163,-0.0041048399334176235
43,3,SQL_injection,0.004228581078460402,0.0033836278482105684,0.006039594021859866,-0.012645178500834471,0.005509027388152521
43,3,Uploading,0.01788913336629583,0.004208343215803787,0.0021648556618398397,-0.019682693436923505,-0.002141678698349373
43,3,Vulnerability_scanner,0.00551231474715147,0.002138632529433591,0.0022642726924530696,-0.007545451251405464,0.0008758151114438006
43,3,XSS,-1.869558250093458e-05,4.80743550024032e-05,-5.341595000267022e-06,0.0001415522675070761,-5.341595000267022e-06
43,4,Backdoor,-0.08659004737004095,0.00023815703261476456,0.0455382549305011,0.005949248726147414,0.03108366834429369
43,4,DDoS_HTTP,0.008556580637865322,-0.0022786751838679196,-0.0031810359211162883,0.0006265767075557769,-0.0016544807231955543
43,4,DDoS_ICMP,0.001336241655910899,0.0001560769611294884,6.6958445758102945e-06,-0.00038498776638491993,-0.00044032726043760444
43,4,DDoS_TCP,0.006255678635199737,0.011988350133048699,0.004820698658757724,-0.026591788263228777,0.0035270608362226136
43,4,DDoS_UDP,0.009109665987697866,-0.003547531192524276,-0.001754357209898481,-0.00048054884590834995,-0.0004723421384538277
43,4,Fingerprinting,0.09273416631378671,0.10466128106698841,0.08584446985887288,0.026485917782929514,-0.14932483251631198
43,4,MITM,0.5435350158185802,-0.20655154940463422,-0.2050207664862774,0.16864222717627858,-0.16107004338301673
43,4,Normal,-0.0007216884488792338,-3.698773932937864e-05,0.0003994764728104986,-1.5204381693719366e-05,0.00032987669130308075
43,4,Password,0.010387476389599018,-0.0032077290168517993,-0.0020769922760903287,-0.008905977532624376,0.0018653145854632283
43,4,Port_Scanning,0.03808771824012799,0.06981300422629495,0.032038650827681606,-0.16285502089347095,0.02291564759936637
43,4,Ransomware,0.008545289203370662,-0.0013325482744837895,-0.0018436473721202217,-0.005528142154366667,-0.0032626793750261712
43,4,SQL_injection,0.0063062026504599,0.00443303694838302,0.00549772689520862,-0.020018435489771145,0.004117237498599043
43,4,Uploading,0.028126323614650818,0.010535961596461484,0.0008980150589189643,-0.02590876440038155,-0.0029820007357717546
43,4,Vulnerability_scanner,0.004863785091719034,0.004449842594876208,0.0029035686045975192,-0.007638375769353651,0.0009973201281439118
43,4,XSS,-5.276381909547813e-05,0.0001356783919598009,-1.5075376884422324e-05,0.0003994974874371916,-1.5075376884422324e-05
43,Aggregated,Backdoor,-0.10002400116990713,-0.0019928877524028627,0.05941939046390839,0.00744281559093035,0.0385600234015248
43,Aggregated,DDoS_HTTP,0.00829900583240786,-0.0034685441613151384,-0.0027526850305731247,0.00029521110352811835,-0.0027921751455382672
43,Aggregated,DDoS_ICMP,0.0002867576447472597,0.00010232563106737554,3.0891239877942996e-05,-0.00014734300837416966,-0.0002287407330763584
43,Aggregated,DDoS_TCP,0.005506147069882879,0.011806081003586964,0.00490793001510686,-0.026066863779567302,0.003427813024647734
43,Aggregated,DDoS_UDP,0.008968002198590367,-0.0035013819466837423,-0.001708207964057947,-0.0004558661971951335,-0.0004476594897406113
43,Aggregated,Fingerprinting,0.043088922256606196,0.10594136465945053,0.10382348224608914,-0.022871111622141876,-0.1494015657229571
43,Aggregated,MITM,0.47402889541114024,-0.15500635957656145,-0.14481367250252677,0.13214399305741806,-0.09477339107866165
43,Aggregated,Normal,-0.0009510620638887246,-4.844517982235397e-05,0.0005613744877417633,7.547500450802066e-05,0.00038934122444225414
43,Aggregated,Password,0.009404085421583825,0.000992561204029565,-7.090107258686483e-05,-0.01163527456217421,0.0017709750316310905
43,Aggregated,Port_Scanning,0.038234899021476344,0.07040886389917084,0.03475807273375667,-0.16688682822934525,0.022639154100237015
43,Aggregated,Ransomware,0.002841411128870658,-0.0020276429478487345,-0.00033489871361024883,-0.003954333008631187,-0.0025618209220828045
43,Aggregated,SQL_injection,0.006022443039355192,0.005088906712523927,0.006491322687170357,-0.02047362250909633,0.005472907662115673
43,Aggregated,Uploading,0.020238923989290357,0.005540001649642639,0.0028349946744541522,-0.02232763721199158,-0.0009236629885158471
43,Aggregated,Vulnerability_scanner,0.004092622837867553,0.002621916956660003,0.0025138595827130885,-0.007347569919324282,0.0011221490780921421
43,Aggregated,XSS,-1.8352472340202087e-05,4.7192071731948226e-05,-5.2435635257720254e-06,0.00013895443343295866,-5.2435635257720254e-06
43,Centralized,Backdoor,-0.10002400116990713,-0.0019928877524028627,0.05941939046390839,0.00744281559093035,0.0385600234015248
43,Centralized,DDoS_HTTP,0.00829900583240786,-0.0034685441613151384,-0.0027526850305731247,0.00029521110352811835,-0.0027921751455382672
43,Centralized,DDoS_ICMP,0.0002867576447472597,0.00010232563106737554,3.0891239877942996e-05,-0.00014734300837416966,-0.0002287407330763584
43,Centralized,DDoS_TCP,0.005506147069882879,0.011806081003586964,0.00490793001510686,-0.026066863779567302,0.003427813024647734
43,Centralized,DDoS_UDP,0.008968002198590367,-0.0035013819466837423,-0.001708207964057947,-0.0004558661971951335,-0.0004476594897406113
43,Centralized,Fingerprinting,0.043088922256606196,0.10594136465945053,0.10382348224608914,-0.022871111622141876,-0.1494015657229571
43,Centralized,MITM,0.47402889541114024,-0.15500635957656145,-0.14481367250252677,0.13214399305741806,-0.09477339107866165
43,Centralized,Normal,-0.0009510620638887246,-4.844517982235397e-05,0.0005613744877417633,7.547500450802066e-05,0.00038934122444225414
43,Centralized,Password,0.009404085421583825,0.000992561204029565,-7.090107258686483e-05,-0.01163527456217421,0.0017709750316310905
43,Centralized,Port_Scanning,0.038234899021476344,0.07040886389917084,0.03475807273375667,-0.16688682822934525,0.022639154100237015
43,Centralized,Ransomware,0.002841411128870658,-0.0020276429478487345,-0.00033489871361024883,-0.003954333008631187,-0.0025618209220828045
43,Centralized,SQL_injection,0.006022443039355192,0.005088906712523927,0.006491322687170357,-0.02047362250909633,0.005472907662115673
43,Centralized,Uploading,0.020238923989290357,0.005540001649642639,0.0028349946744541522,-0.02232763721199158,-0.0009236629885158471
43,Centralized,Vulnerability_scanner,0.004092622837867553,0.002621916956660003,0.0025138595827130885,-0.007347569919324282,0.0011221490780921421
43,Centralized,XSS,-1.8352472340202087e-05,4.7192071731948226e-05,-5.2435635257720254e-06,0.00013895443343295866,-5.2435635257720254e-06
44,0,Backdoor,-0.003464066147684721,0.05690082787378266,-0.07638719073214228,0.0501446736176071,0.06733838325439842
44,0,DDoS_HTTP,0.005941748800607958,-0.005749542963867083,0.0022197914579853667,-0.00035867040271942243,-0.004227672860931941
44,0,DDoS_ICMP,0.0003299115703854068,4.846007692771807e-05,0.00025443882210776094,-0.00034394795933811637,-0.00028784843883013315
44,0,DDoS_TCP,0.0029322098039220867,-0.012519949587973395,0.003354239079483836,0.003248576145078813,0.002984924559488659
44,0,DDoS_UDP,0.0,0.0,0.0,0.0,0.0
44,0,Fingerprinting,0.08919769210413982,0.036303243059468665,0.10921680004086794,-0.16418754059190194,-0.135693101880745
44,0,MITM,0.0,0.0,0.0,0.0,0.0
44,0,Normal,-1.2587421949058116e-05,0.0006283074648701555,-0.0008626842758886385,0.0005067943511813574,0.0006283487083226513
44,0,Password,0.0011947711071299018,-0.00011888148772206304,0.0002282674299812886,0.0004711892855705756,-0.0014739538338760447
44,0,Port_Scanning,0.004422289506104321,-0.018243710104779796,0.0048659311703943275,0.004533199922176823,0.004422289506104321
44,0,Ransomware,0.0001009558456562439,0.013229362293392104,-0.010216409935962793,-0.0037916676346202347,-0.0028173339950010776
44,0,SQL_injection,-0.0006945880701680243,0.0006933108625612153,4.2573586893634997e-07,4.2573586893634997e-07,4.2573586893634997e-07
44,0,Uploading,0.0070708892517417805,-0.005020057641387995,0.010858018195331049,-0.004734172036798112,-0.014982045954433731
44,0,Vulnerability_scanner,0.004917835608820942,-0.002168413870625169,0.003409863253791597,-0.004169585191646846,-0.006735015683967335
44,0,XSS,0.0,0.0,0.0,0.0,0.0
44,1,Backdoor,0.0070022597027006184,0.05306015766264216,-0.0581372316406284,0.047973746999648716,0.05843867447390753
44,1,DDoS_HTTP,0.0059248382957980275,-0.005071140844446652,0.010845963777173414,-0.0017586200775632304,-0.005073169106455286
44,1,DDoS_ICMP,1.5160546681279122e-05,0.00033361696756744236,0.00018316245889418714,-0.00017181788428706027,-0.00013444065715563966
44,1,DDoS_TCP,0.0033653142438935134,-0.013461256975574053,0.0033653142438935134,0.0033653142438935134,0.0033653142438935134
44,1,DDoS_UDP,0.0,0.0,0.0,0.0,0.0
44,1,Fingerprinting,-0.012481955036134602,0.10632304171003855,0.093380592002883,-0.0834055876470737,-0.09212018459696472
44,1,MITM,-0.02272727272727274,0.015151515151515157,0.007575757575757579,-0.015151515151515157,0.015151515151515157
44,1,Normal,7.166536657947827e-05,0.0005276445464706125,-0.0005798001923550585,0.00045692021041012404,0.0005265299163873897
44,1,Password,0.003374431704294857,0.005786117771396063,-0.0009708200027544962,-0.0005842600509585377,-0.0007584269220532789
44,1,Port_Scanning,0.0049020024658815555,-0.019608009863526222,0.0049020024658815555,0.0049020024658815555,0.0049020024658815555
44,1,Ransomware,-0.003133641598399417,0.01316369433694146,-0.0071416996742042415,-0.00030953245637610667,0.0007800694979163951
44,1,SQL_injection,-0.0007663548364364355,8.066853047954126e-05,2.9084107289513903e-06,0.00024382429736441677,0.00020494423748912186
44,1,Uploading,0.014172340632350186,-0.005605004447246402,0.012848714356451081,-0.007436858215536879,-0.02170026368811877
44,1,Vulnerability_scanner,0.004214616576517658,-0.0007099414454838582,0.0033830408955836722,-0.0036178325997916613,-0.006263118790969787
44,1,XSS,0.0,0.0,0.0,0.0,0.0
44,2,Backdoor,-0.005472320868622912,0.04145469056251939,-0.06160927204777706,0.03535837847343507,0.046385739997661685
44,2,DDoS_HTTP,0.005087521305571662,-0.00417082315010126,0.004428588898219916,-0.0010363899030116927,-0.004308897150678627
44,2,DDoS_ICMP,3.5052000327273625e-07,5.6043053975329826e-05,0.00013098258017416967,-0.00022437569361335083,3.791343789073346e-05
44,2,DDoS_TCP,0.002731763571536248,-0.010858090819344952,0.002557232784628638,0.002609484285647275,0.0029596101775327915
44,2,DDoS_UDP,0.0,0.0,0.0,0.0,0.0
44,2,Fingerprinting,-0.03903296565835265,0.03447597007968525,0.0694936985958658,-0.12755492414935132,-0.03026103583379126
44,2,MITM,-0.02272727272727274,0.015151515151515157,0.007575757575757579,-0.015151515151515157,0.015151515151515157
44,2,Normal,-7.173903413783175e-05,0.00043135301456213024,-0.000683373652998498,0.0003524678704330042,0.0004374362940864592
44,2,Password,-0.0012262735733014557,0.004417285114203877,0.0005143063621001929,-0.00159128553564184,-0.0018244107121376902
44,2,Port_Scanning,0.004611547242144246,-0.01750765817929998,0.004142281847505725,0.0043769145448249855,0.0043769145448249855
44,2,Ransomware,-0.0016810077055654515,0.013689710971408682,-0.003170988303962554,-0.00307786131235796,-0.005759853649522713
44,2,SQL_injection,0.0,0.0,0.0,0.0,0.0
44,2,Uploading,0.008216776205254546,-0.0023515640908985057,0.009356526811602957,-0.0031182588221345853,-0.011650856674606377
44,2,Vulnerability_scanner,0.0029752856588788883,-0.0003468770039832647,0.0014078918820499998,-0.0011519454595138145,-0.0034223001117852573
44,2,XSS,-0.00019165026416657812,1.5539210608100927e-05,-0.00019165026416657812,0.00011913394799544045,-6.215684243240371e-05
44,3,Backdoor,0.0008314197644190409,0.05027478891459044,-0.0658779163880305,0.04335540450445665,0.05563931625320034
44,3,DDoS_HTTP,0.006225870562944238,-0.005600935907654827,0.007071974567724659,-0.001240623083325254,-0.0036976654500336602
44,3,DDoS_ICMP,0.00019533075408514528,0.00013900321939758765,0.00010078858440948913,-1.0436698119401882e-05,2.6982572968205684e-05
44,3,DDoS_TCP,0.002576731647997549,-0.010357764271838566,0.002627496021890835,0.002627496021890835,0.0025260405800593467
44,3,DDoS_UDP,0.0,0.0,0.0,0.0,0.0
44,3,Fingerprinting,0.017094057186936445,0.029039361624500937,0.07106018909424482,-0.04750289270413109,-0.057306814272758536
44,3,MITM,-0.04454545454545454,0.02969696969696969,0.02212121212121211,-0.036969696969696965,0.02969696969696969
44,3,Normal,-1.80099721962923e-05,0.0005322487875137412,-0.0007084633061985886,0.0004307476050154524,0.0005667502352390442
44,3,Password,-0.0012315601372681372,0.005589590203844959,-0.0043559362690102025,-0.0015232084953907669,0.0037984762264137457
44,3,Port_Scanning,0.0040411224670448016,-0.015864749704853267,0.003553619373751077,0.004018850752122736,0.004251157111934654
44,3,Ransomware,0.005554027964336056,0.0005049381469786914,0.004055403885331656,-0.004234754962610007,-0.005879615034036397
44,3,SQL_injection,-0.001929800888965355,-0.0014473987552761913,-0.00048259448789786386,0.00023874745263421926,0.0028851754079196323
44,3,Uploading,0.008779549437191909,-0.0017942567298000751,0.009283193170958666,-0.0036616492063189505,-0.01458643161645063
44,3,Vulnerability_scanner,0.0027615931478171874,-0.0009733008585336378,0.0024932926682366186,-0.0020651681058247015,-0.004933334615426641
44,3,XSS,-9.881950750493992e-05,8.012392500400534e-06,-9.881950750493992e-05,6.142834250307075e-05,-3.2049570001602136e-05
44,4,Backdoor,-0.0010939351613958907,0.03890310199611084,-0.057332374309236836,0.03195873787504984,0.0461416752179066
44,4,DDoS_HTTP,0.004705364804430622,-0.004064023585953291,0.0058362808290741966,-0.0008766304695713905,-0.0056009915779801365
44,4,DDoS_ICMP,0.0021944975452214298,0.0005669282777604368,0.0009220789551686759,-0.0021375438390987657,-0.001545960939051777
44,4,DDoS_TCP,0.0031723537467912197,-0.01279549433451671,0.0032253934204671355,0.0032253934204671355,0.0031723537467912197
44,4,DDoS_UDP,0.007573023733111014,-0.0031955996027515604,-0.0014404445411827838,-0.0010366568247328492,-0.0022886700769572904
44,4,Fingerprinting,0.12685463659147864,-0.01031755112418728,0.11745326480452332,-0.12789743077500512,-0.10609291949680964
44,4,MITM,0.4522637919500335,-0.26794077397030824,-0.23637819217554717,0.20127203711279285,-0.18338867117515775
44,4,Normal,1.6100674861145118e-05,0.00042743604089266843,-0.0005380524154195191,0.000301595072200637,0.00034981365112930854
44,4,Password,0.00137858561048151,-0.00028423647003652104,-0.0006274274523737744,0.0010647099736305393,-0.001531631661701754
44,4,Port_Scanning,0.004568653957568902,-0.01839634759697403,0.00444692219087048,0.004690385724267324,0.004690385724267324
44,4,Ransomware,-0.0012437158477062505,0.018974669702159688,-9.626891712678868e-05,-0.007350410839788366,-0.010284274097538248
44,4,SQL_injection,0.0023345360479563623,0.0010653735804508706,0.0012058538645896765,-0.00575721315483614,0.000815681158959769
44,4,Uploading,0.016181645995826884,-0.007138266338911081,0.014777750268004482,-0.007795012881866941,-0.020690755605996973
44,4,Vulnerability_scanner,0.005756690438321347,-0.0020215173157125898,0.004969138709197311,-0.00435303299643204,-0.008368458224609654
44,4,XSS,-0.000278894472361813,2.2613065326633485e-05,-0.000278894472361813,0.00017336683417085673,-9.045226130653394e-05
44,Aggregated,Backdoor,-0.00036116282806787544,0.04823810173127531,-0.06388661929670769,0.04187744960453781,0.05488883460329972
44,Aggregated,DDoS_HTTP,0.0055824404045858615,-0.004929421639565186,0.006098956149969997,-0.0010562660195524663,-0.00458025992722851
44,Aggregated,DDoS_ICMP,0.0005487398044909349,0.00023019369368823168,0.00031976858683997836,-0.0005803921409210784,-0.00038247481283825715
44,Aggregated,DDoS_TCP,0.002954051451459013,-0.011990570528094768,0.003023687451231142,0.003013220243351341,0.0029996113820532724
44,Aggregated,DDoS_UDP,0.007473213383139867,-0.0031612551195984457,-0.0014222010431427438,-0.001023778939107972,-0.0022543255938041757
44,Aggregated,Fingerprinting,0.04397265546888654,0.0388021865937996,0.09404707996550674,-0.11174905521691507,-0.08703158442216936
44,Aggregated,MITM,0.38341394031204873,-0.22135017270211907,-0.17649591565883285,0.12430121846074847,-0.15065302872157663
44,Aggregated,Normal,-2.963288945475225e-06,0.0005093448738792861,-0.0006744855750794975,0.0004096620945258626,0.0005017348027574179
44,Aggregated,Password,0.0007111768243493419,0.0030712914119180126,-0.00105205008394086,-0.0004244161915258569,-0.0003451381787163722
44,Aggregated,Port_Scanning,0.004506398701770398,-0.01793054131330633,0.004384232974346288,0.004507351651528391,0.004532557985661251
44,Aggregated,Ransomware,-0.00011552980089950908,0.012043666658676296,-0.0033077824640376247,-0.0037885438694638045,-0.004831810524275357
44,Aggregated,SQL_injection,3.231921913921058e-05,0.00021471882776113633,0.00029233273359530513,-0.0017066745319403549,0.0008900097631783612
44,Aggregated,Uploading,0.010891038649920906,-0.004387356834415925,0.01141200440606789,-0.005333038629691937,-0.01672461716982855
44,Aggregated,Vulnerability_scanner,0.004139347631005807,-0.0012458664484288544,0.0031430141082121315,-0.003081570536101615,-0.005957903290695974
44,Aggregated,XSS,-9.700592522678246e-05,7.865345288658038e-06,-9.700592522678246e-05,6.030098054637829e-05,-3.146138115463215e-05
44,Centralized,Backdoor,-0.00036116282806787544,0.04823810173127531,-0.06388661929670769,0.04187744960453781,0.05488883460329972
44,Centralized,DDoS_HTTP,0.0055824404045858615,-0.004929421639565186,0.006098956149969997,-0.0010562660195524663,-0.00458025992722851
44,Centralized,DDoS_ICMP,0.0005487398044909349,0.00023019369368823168,0.00031976858683997836,-0.0005803921409210784,-0.00038247481283825715
44,Centralized,DDoS_TCP,0.002954051451459013,-0.011990570528094768,0.003023687451231142,0.003013220243351341,0.0029996113820532724
44,Centralized,DDoS_UDP,0.007473213383139867,-0.0031612551195984457,-0.0014222010431427438,-0.001023778939107972,-0.0022543255938041757
44,Centralized,Fingerprinting,0.04397265546888654,0.0388021865937996,0.09404707996550674,-0.11174905521691507,-0.08703158442216936
44,Centralized,MITM,0.38341394031204873,-0.22135017270211907,-0.17649591565883285,0.12430121846074847,-0.15065302872157663
44,Centralized,Normal,-2.963288945475225e-06,0.0005093448738792861,-0.0006744855750794975,0.0004096620945258626,0.0005017348027574179
44,Centralized,Password,0.0007111768243493419,0.0030712914119180126,-0.00105205008394086,-0.0004244161915258569,-0.0003451381787163722
44,Centralized,Port_Scanning,0.004506398701770398,-0.01793054131330633,0.004384232974346288,0.004507351651528391,0.004532557985661251
44,Centralized,Ransomware,-0.00011552980089950908,0.012043666658676296,-0.0033077824640376247,-0.0037885438694638045,-0.004831810524275357
44,Centralized,SQL_injection,3.231921913921058e-05,0.00021471882776113633,0.00029233273359530513,-0.0017066745319403549,0.0008900097631783612
44,Centralized,Uploading,0.010891038649920906,-0.004387356834415925,0.01141200440606789,-0.005333038629691937,-0.01672461716982855
44,Centralized,Vulnerability_scanner,0.004139347631005807,-0.0012458664484288544,0.0031430141082121315,-0.003081570536101615,-0.005957903290695974
44,Centralized,XSS,-9.700592522678246e-05,7.865345288658038e-06,-9.700592522678246e-05,6.030098054637829e-05,-3.146138115463215e-05
45,0,Backdoor,0.08551453515955751,0.05413844361236423,0.024376747818328097,-0.08831534629222706,-0.06771123111151088
45,0,DDoS_HTTP,-0.0016734533788796266,-0.000470224990185771,0.0031369739711420114,0.0025087123928403455,0.003002498554168727
45,0,DDoS_ICMP,0.0003304070836315768,0.000461276395056894,-0.00017799612780168285,-0.00038377913274181087,-0.00045670563074754107
45,0,DDoS_TCP,-0.015015413259238284,0.004337368521705437,0.0038986325499563343,0.003476993074553375,0.0035117281600000514
45,0,DDoS_UDP,0.0,0.0,0.0,0.0,0.0
45,0,Fingerprinting,0.07707974792109043,0.11992695841322847,0.04143551024786726,-0.031062206742603366,-0.15953311988742958
45,0,MITM,0.0038461538461538438,-0.015384615384615375,0.0038461538461538438,0.0038461538461538438,0.0038461538461538438
45,0,Normal,0.0009476659830431204,0.0005393120434928955,0.00022765228785118775,-0.000848140855880534,-0.0007550486729035688
45,0,Password,-0.003747792655543997,0.001067753741721905,-0.0005866653545766978,0.002098067367595379,0.0008672443997197525
45,0,Port_Scanning,-0.102317624204804,0.02663593532154441,0.02546317237743272,0.024635212763229827,0.02558330374259705
45,0,Ransomware,0.005452521700660081,0.003996536194253338,0.004901149992490147,-0.006038019893483905,-0.0012811228551575997
45,0,SQL_injection,-0.01833274247593364,0.005207443262154723,0.006255619095467747,0.003050476658693282,0.003819203459617888
45,0,Uploading,0.005995081126004891,-0.001961180650697572,0.0059158122055168105,0.006900292805422137,0.001345794572907848
45,0,Vulnerability_scanner,-1.1136977514292213e-05,0.001579287811866544,0.0010060782254514788,0.0008708598597323831,0.0027247283885920423
45,0,XSS,0.0,0.0,0.0,0.0,0.0
45,1,Backdoor,0.08392034154437829,0.03983544717578846,0.024430945153815727,-0.07278996550236659,-0.0653113850916224
45,1,DDoS_HTTP,-0.006684871904781909,-0.0058391213686380125,-0.0011140643653695871,0.0023398706099184543,0.002232636122315961
45,1,DDoS_ICMP,-0.0005891926703786409,0.00010434236477675126,0.00032949996422374693,0.00018000967855950252,-2.5673408433996015e-05
45,1,DDoS_TCP,-0.01493534254100708,0.003387686414524667,0.00389652119040097,0.004106040481988567,0.003545094454092875
45,1,DDoS_UDP,0.0,0.0,0.0,0.0,0.0
45,1,Fingerprinting,-0.14325800386030568,0.07188430954287732,0.13004171172201856,0.07100313757474883,-0.051893377201561355
45,1,MITM,-0.013636363636363641,0.009090909090909094,0.009090909090909094,-0.013636363636363641,0.009090909090909094
45,1,Normal,0.0008092469139347414,0.000379320358286254,0.0002223046236991581,-0.0006756907343277496,-0.0006236103067048489
45,1,Password,-0.005607755387201072,-0.0015045888551574317,-0.0030397993784361363,0.001373775623464423,0.00193132549740562
45,1,Port_Scanning,-0.09993248770427748,0.024724926976703598,0.02477851460770403,0.025704119143166258,0.024724926976703598
45,1,Ransomware,0.0048884926996554424,0.0010252152570508247,0.0002922761094775313,-0.0037202980193808558,-0.002485686046802943
45,1,SQL_injection,-0.017605131127936994,0.004346369102552298,0.0049888010566862375,0.0033827055560104367,0.004887255412688022
45,1,Uploading,0.00847306940865568,0.0005475451157399807,0.005949708963176762,0.006926329006338145,0.001873515416641077
45,1,Vulnerability_scanner,0.0007723209253528225,0.0009208967868123493,0.0005981173787214689,0.0010003884007044495,0.0019938504865567937
45,1,XSS,0.0,0.0,0.0,0.0,0.0
45,2,Backdoor,0.07762549537438428,0.04962815672961621,0.021648783640272555,-0.062320313482569674,-0.05259285571429733
45,2,DDoS_HTTP,-0.0024398892274853415,-0.0013767636127809634,0.002085863752637566,0.0020480898230704945,0.0017845080702776628
45,2,DDoS_ICMP,3.409470354599301e-05,-4.044061224117712e-06,-0.00011748672303529828,-0.00013598010676509528,0.00022158756635799284
45,2,DDoS_TCP,-0.014803931730692575,0.004372409328265722,0.0038174673481361017,0.004148313972544558,0.003933092512413868
45,2,DDoS_UDP,0.0,0.0,0.0,0.0,0.0
45,2,Fingerprinting,-0.016188488154432426,0.023075335397316835,0.054787823688752485,0.05057843658462854,0.055814119374490885
45,2,MITM,-0.013636363636363641,0.009090909090909094,0.009090909090909094,-0.013636363636363641,0.009090909090909094
45,2,Normal,0.0007868327136472434,0.0004550110927444784,0.00020950025662032264,-0.0005709337440945835,-0.0005471690344262685
45,2,Password,3.847815767497968e-05,-0.0027317451597240446,-0.0024292055166705157,0.005165455331934621,0.002031061997440169
45,2,Port_Scanning,-0.10362271132404688,0.02877448270064121,0.024731265847771123,0.02498609371268742,0.02794646143077827
45,2,Ransomware,0.0008206157423108096,0.0029305547822360443,0.0017222781824347813,-0.002451432722045336,0.0005282798730518623
45,2,SQL_injection,-0.01736933767443512,0.004175308632375961,0.004860794404503329,0.004122314194268417,0.004210920443287418
45,2,Uploading,0.006862637142395567,-0.0021284688812815062,0.006624516747589713,0.005578831415346986,-7.239327510986105e-05
45,2,Vulnerability_scanner,-0.0005134616091134303,0.001105372961201804,0.0006781339905187459,0.0010170636283640935,0.002035362114857514
45,2,XSS,-0.00013467315860354138,0.0001761110535584772,-3.1078421216201854e-05,0.0001761110535584772,0.00012431368486480742
45,3,Backdoor,0.08061140680240048,0.04314045381706298,0.026332035603000813,-0.08109214008375396,-0.062359311960207345
45,3,DDoS_HTTP,-0.003597184956541849,-0.003335972988034184,0.001333576646355213,0.003213067998882472,0.0009673604273562156
45,3,DDoS_ICMP,-0.0003682514879338109,-1.2005218729517948e-05,-8.78510823737022e-05,-0.00010596341351928144,0.00012118368925401005
45,3,DDoS_TCP,-0.012639890532889443,0.0033891157951420688,0.0030828692968755287,0.002625915989360293,0.003541989451511553
45,3,DDoS_UDP,0.0,0.0,0.0,0.0,0.0
45,3,Fingerprinting,-0.06924809699207332,0.05037778123523173,0.08064183262931411,0.05321045580703678,-0.042152841026848284
45,3,MITM,-0.029999999999999992,0.019999999999999997,0.019999999999999997,-0.029999999999999992,0.019999999999999997
45,3,Normal,0.0008223198232133078,0.00041489514433982376,0.00025104507643701756,-0.000806715819430733,-0.0006863189676214576
45,3,Password,-0.0010327741466026072,0.0010139508547661264,-0.005724846514470916,-0.000532412748905449,0.003998721026623252
45,3,Port_Scanning,-0.09425361123451467,0.025689891696770554,0.021817440605300775,0.021056387235672786,0.025689891696770554
45,3,Ransomware,-0.006166566931200856,-0.00080683545007831,0.0034238266753206736,0.003690136632753105,0.0033954107854316925
45,3,SQL_injection,-0.010080521656136689,0.00287312231343653,0.0053925504264328745,-0.0005580257809092759,0.002372874697176556
45,3,Uploading,0.004490215488567989,0.00010193924674509284,0.0032715350732806197,0.00378001238175689,0.0018187089426096694
45,3,Vulnerability_scanner,0.0006737656409231795,0.00023149048418177147,0.0009317842147417543,0.0003806170576958312,0.00043569186914649467
45,3,XSS,-6.94407350034713e-05,9.080711500453938e-05,-1.6024785000801068e-05,9.080711500453938e-05,6.409914000320427e-05
45,4,Backdoor,0.06814674874270349,0.034655932701808924,0.01736343725757943,-0.06930326902221681,-0.04621009566003241
45,4,DDoS_HTTP,-0.004044232881798477,-0.0006723703023890323,0.001278067336023031,0.00240612458210806,0.0017106984960678167
45,4,DDoS_ICMP,0.0015687179023954464,0.0008750068735671874,0.0004448392526528492,-0.0028547569366059694,-0.00048415611250030575
45,4,DDoS_TCP,-0.015233359255340233,0.003301652720701642,0.0039179686351572245,0.004128489339938505,0.0038852485595428626
45,4,DDoS_UDP,0.005683733961074537,-0.0020783226508081453,-0.00040409289760669117,-0.0026980407132608003,-0.0016052312974269049
45,4,Fingerprinting,0.04630528891398458,0.06292082313821448,0.034771472488863836,-0.002340171905389298,-0.09610875839136712
45,4,MITM,0.2747218568629369,-0.20022139476638684,-0.15364490122416816,0.16212126393371498,-0.14037478398976988
45,4,Normal,0.0006922946300651322,0.00028860127171566975,8.689084333624217e-05,-0.000552796589644187,-0.0004974232222621018
45,4,Password,-0.003648527051031484,-0.00010453573187960233,-0.003969459155221768,0.0039342112157495675,0.003474811443431625
45,4,Port_Scanning,-0.10033970720956038,0.024567744885675487,0.02424326030580397,0.025901635098507125,0.025627066919573793
45,4,Ransomware,-0.004166964413735049,0.0045121628620513905,0.002766377438954121,-0.0004291107516334954,0.0007392628369892203
45,4,SQL_injection,-0.010798865764393354,0.005215243230460031,0.00611819695998976,-0.004004178590350789,0.0034696041642943458
45,4,Uploading,0.009652549102360571,-0.00327434978393543,0.009079247493224946,0.007860030074781523,0.0019443106270115409
45,4,Vulnerability_scanner,0.0027864552999043056,0.00028383192127150457,0.0018434668144928575,0.002274416293481368,0.0022871499078919704
45,4,XSS,-0.0001959798994974902,0.0002562814070351795,-4.522613065326697e-05,0.0002562814070351795,0.00018090452261306788
45,Aggregated,Backdoor,0.07927234680777955,0.04424159296585698,0.022926840553769916,-0.07488260366144374,-0.05898807660313735
45,Aggregated,DDoS_HTTP,-0.0037042192401772265,-0.0023463824169051776,0.001333109406604835,0.00251380698997668,0.0019294810737165787
45,Aggregated,DDoS_ICMP,0.00019656605213222433,0.0002862909099775231,7.945211106088108e-05,-0.0006644109956000418,-0.0001244810636683765
45,Aggregated,DDoS_TCP,-0.014515818687655814,0.0037578939522052344,0.0037195266973910255,0.003691314975554407,0.003683030988252576
45,Aggregated,DDoS_UDP,0.005632214127006766,-0.002065442692291203,-0.0003912129390897486,-0.0026851607547438575,-0.0015923513389099623
45,Aggregated,Fingerprinting,-0.014798565236768384,0.06856601787165686,0.06444757945109701,0.022232128112268046,-0.06486812728480378
45,Aggregated,MITM,0.26670013982549473,-0.19573103671614836,-0.125410244521201,0.09551814981950689,-0.12391942372429479
45,Aggregated,Normal,0.0008116579777071438,0.0004154567045480802,0.0001994883928925717,-0.0006908021503366002,-0.0006218745419097764
45,Aggregated,Password,-0.002829808522906468,-0.0004350281131690096,-0.003162590498787053,0.002399417747424742,0.00246510238040469
45,Aggregated,Port_Scanning,-0.10016593874760224,0.02607907654567251,0.024237495878478253,0.02450528819510248,0.025912512289582114
45,Aggregated,Ransomware,8.909160069035156e-05,0.0023682761868180063,0.002640801168380815,-0.0017907822169818603,0.0001757932785505308
45,Aggregated,SQL_injection,-0.01452930417346076,0.0045580103958332485,0.005750332541632388,0.0003727338306131339,0.0038482274053819898
45,Aggregated,Uploading,0.007097338972857728,-0.00132204748919743,0.0061415150210734105,0.006198941894224711,0.0013787346270929673
45,Aggregated,Vulnerability_scanner,0.0007431616927090231,0.0008286735081580658,0.0010093692283570396,0.001107743582216586,0.0019023669161616279
45,Aggregated,XSS,-6.816632583503633e-05,8.914057993812442e-05,-1.5730690577316075e-05,8.914057993812442e-05,6.29227623092643e-05
45,Centralized,Backdoor,0.07927234680777955,0.04424159296585698,0.022926840553769916,-0.07488260366144374,-0.05898807660313735
45,Centralized,DDoS_HTTP,-0.0037042192401772265,-0.0023463824169051776,0.001333109406604835,0.00251380698997668,0.0019294810737165787
45,Centralized,DDoS_ICMP,0.00019656605213222433,0.0002862909099775231,7.945211106088108e-05,-0.0006644109956000418,-0.0001244810636683765
45,Centralized,DDoS_TCP,-0.014515818687655814,0.0037578939522052344,0.0037195266973910255,0.003691314975554407,0.003683030988252576
45,Centralized,DDoS_UDP,0.005632214127006766,-0.002065442692291203,-0.0003912129390897486,-0.0026851607547438575,-0.0015923513389099623
45,Centralized,Fingerprinting,-0.014798565236768384,0.06856601787165686,0.06444757945109701,0.022232128112268046,-0.06486812728480378
45,Centralized,MITM,0.26670013982549473,-0.19573103671614836,-0.125410244521201,0.09551814981950689,-0.12391942372429479
45,Centralized,Normal,0.0008116579777071438,0.0004154567045480802,0.0001994883928925717,-0.0006908021503366002,-0.0006218745419097764
45,Centralized,Password,-0.002829808522906468,-0.0004350281131690096,-0.003162590498787053,0.002399417747424742,0.00246510238040469
45,Centralized,Port_Scanning,-0.10016593874760224,0.02607907654567251,0.024237495878478253,0.02450528819510248,0.025912512289582114
45,Centralized,Ransomware,8.909160069035156e-05,0.0023682761868180063,0.002640801168380815,-0.0017907822169818603,0.0001757932785505308
45,Centralized,SQL_injection,-0.01452930417346076,0.0045580103958332485,0.005750332541632388,0.0003727338306131339,0.0038482274053819898
45,Centralized,Uploading,0.007097338972857728,-0.00132204748919743,0.0061415150210734105,0.006198941894224711,0.0013787346270929673
45,Centralized,Vulnerability_scanner,0.0007431616927090231,0.0008286735081580658,0.0010093692283570396,0.001107743582216586,0.0019023669161616279
45,Centralized,XSS,-6.816632583503633e-05,8.914057993812442e-05,-1.5730690577316075e-05,8.914057993812442e-05,6.29227623092643e-05
46,0,Backdoor,-0.050762344892841246,0.014748228333806084,0.045800284122827814,-0.0011794721840672226,-0.1073329486226747
46,0,DDoS_HTTP,0.0013564703772646013,0.0006599134598815744,0.0010098138163594497,0.0010413789001283184,0.0016944932974189873
46,0,DDoS_ICMP,0.0002515304490893859,-4.844024556373746e-05,0.00038154346803892514,-0.0004968373300743197,0.00036366865990289376
46,0,DDoS_TCP,0.014326613353456166,0.01374630903525294,0.012607402102623915,0.01381562712811628,-0.05533690610278796
46,0,DDoS_UDP,0.0,0.0,0.0,0.0,0.0
46,0,Fingerprinting,0.047256997577212315,-0.021520049635357887,0.15200502610813557,-0.25146619768522105,0.11008785999886757
46,0,MITM,0.0,0.0,0.0,0.0,0.0
46,0,Normal,-0.00044167898175186403,7.789158520248677e-05,0.0004641346734033121,-2.77662551016263e-05,-0.000941126090892556
46,0,Password,0.0019621230657090425,0.0012413114114849097,0.0026841914489154797,-0.002793242059523471,-0.00409007309832347
46,0,Port_Scanning,0.013441339873048418,0.012349777314418352,0.010923798739163614,0.013828840959954515,-0.05054375688658493
46,0,Ransomware,0.003431597115668613,0.0013889859401622444,0.0038131599972315022,0.004118345790265127,-0.00189160429863236
46,0,SQL_injection,0.005839071782947327,-0.021509980917533762,0.007893260372509259,0.0038888243810386,0.0038888243810385995
46,0,Uploading,0.004740424088236129,-0.005543349139157103,-0.0036064864778658024,0.0030938686900533613,0.004716903382951049
46,0,Vulnerability_scanner,0.0005441480457308634,-0.003107875211424734,0.001997330412989279,-0.002510517373553654,-0.0018575305478019887
46,0,XSS,0.0,0.0,0.0,0.0,0.0
46,1,Backdoor,-0.04290058064613479,0.015201095757750504,0.045032886364809246,0.0013221362709127198,-0.11466192044314022
46,1,DDoS_HTTP,0.0037261433283723713,-0.001559319286346835,-0.0011959170823110479,0.004530083185474928,0.005633526278607006
46,1,DDoS_ICMP,-8.973053224994309e-05,0.00019181361139170572,2.1001556710518546e-05,-0.0004069619285053246,0.00028489136390567974
46,1,DDoS_TCP,0.014987073108737068,0.014161737839010816,0.013709896813479778,0.014987073108737068,-0.05784578086996473
46,1,DDoS_UDP,0.0,0.0,0.0,0.0,0.0
46,1,Fingerprinting,-0.04133003705974961,0.0216248641758758,0.07809859591244055,-0.22409834536312317,0.08792714455677865
46,1,MITM,-0.02272727272727274,0.015151515151515157,0.015151515151515157,-0.015151515151515159,0.007575757575757579
46,1,Normal,-0.00039937897619678843,8.734521046101507e-05,0.0004295693009666942,1.840671336657551e-05,-0.0010055005933430543
46,1,Password,0.0046548956125149095,0.006725466504696285,0.00747151940127046,-0.0057970476477179405,-0.003551116972060409
46,1,Port_Scanning,0.013842231895280516,0.012818996566518802,0.011710843651070786,0.013842231895280516,-0.05221430400815062
46,1,Ransomware,0.0011269806070610122,-0.00029315118116893246,-0.0011348390459003377,0.001979059679998979,-0.0036982520801927543
46,1,SQL_injection,0.003382092779568097,-0.012025944056624422,0.004229594821490578,0.0010025487946055457,0.0005207170213346134
46,1,Uploading,0.006213223896533466,-0.007095680507737097,-0.004553516320922734,0.003826105069802858,0.005915596448427136
46,1,Vulnerability_scanner,0.0016177214910497377,0.00010979084344938476,0.0010020553719676177,-0.0033233724037338595,-0.0029615154668413022
46,1,XSS,0.0005127374784110536,0.0005127374784110536,0.0005127374784110536,-0.0020509499136442144,0.0005127374784110536
46,2,Backdoor,-0.037552091397761375,0.0074789508254757405,0.04035855076028853,-0.0018989140214680845,-0.08952216469905253
46,2,DDoS_HTTP,0.00065343427752478,-0.0006316942029042835,-0.00028285639044156596,0.0018720192240835136,0.0025751508412901656
46,2,DDoS_ICMP,-1.4130546500816059e-05,6.00894330733237e-05,4.039175986777314e-05,-0.00012615089931332645,0.00026649875149082903
46,2,DDoS_TCP,0.01280159487054507,0.011746634169389284,0.011243806296620036,0.013171053287922759,-0.04896308862447714
46,2,DDoS_UDP,0.0,0.0,0.0,0.0,0.0
46,2,Fingerprinting,-0.08415778833870098,0.016798181502717783,0.06850115688990367,-0.14597696045199074,0.08134334690600675
46,2,MITM,-0.02272727272727274,0.015151515151515157,0.015151515151515157,-0.015151515151515159,0.007575757575757579
46,2,Normal,-0.0003439759375501413,5.929544059361709e-05,0.00040543457498814497,1.1770432391620493e-05,-0.0007765797390706523
46,2,Password,0.0008683662853247917,0.0047163925882730655,0.00273928950153339,-0.007822031251600312,-0.005155255045154358
46,2,Port_Scanning,0.013976713196039688,0.01113254408040232,0.01036553876117022,0.01212082127629194,-0.04759561731390417
46,2,Ransomware,0.0016822124634304047,-0.0010481272014739196,0.0019815925705028176,0.0032080553076790476,0.0014044141156460059
46,2,SQL_injection,0.002781176994103905,-0.010679741205481505,0.00265633304903524,0.0026211155811711796,0.0026211155811711796
46,2,Uploading,0.0038993653432922615,-0.0036718106255660184,-0.004415389659652196,0.0014926338596351562,0.0022200536127407826
46,2,Vulnerability_scanner,0.0008182044854531926,-0.0008544242503636964,0.0020223467598750396,-0.002734889315306116,-0.00228198301279716
46,2,XSS,0.00028993245091867524,0.0004971219256933543,0.0003935271883060148,-0.0018848929653860777,0.0003935271883060148
46,3,Backdoor,-0.03899754844303105,0.014270080279736457,0.05096330483834229,0.0071769451234304895,-0.10063639822959693
46,3,DDoS_HTTP,0.004360638027045991,0.0001030025322277676,0.0016689438329242504,0.004096413651122118,0.004659600187837829
46,3,DDoS_ICMP,0.00029010265804093417,0.00015801412410021605,-0.00018224014126700568,0.00012314171562373134,6.386915680442659e-05
46,3,DDoS_TCP,0.014175667886147282,0.01399277009324407,0.013250197732781738,0.013463789932623958,-0.054882425644797055
46,3,DDoS_UDP,0.0,0.0,0.0,0.0,0.0
46,3,Fingerprinting,-0.014725339281315168,0.021037241367522046,0.05578911146421975,-0.1440298096074573,0.009099664404369639
46,3,MITM,-0.04454545454545454,0.029696969696969697,0.029696969696969697,-0.036969696969696965,0.02212121212121211
46,3,Normal,-0.00035896124804757714,0.00012822931870166144,0.0005207337837341157,5.762607897328298e-05,-0.0009237937914733041
46,3,Password,0.0028342962218772102,0.0070186661453724335,0.005609394254245004,-0.00843082471549892,-0.006079934678834908
46,3,Port_Scanning,0.013502816710999897,0.012433117027861575,0.011237238911132734,0.010968936476033659,-0.048142109126027864
46,3,Ransomware,0.006459124891253459,0.00022457434532570652,0.002081997958033921,0.005833801709837649,0.007516396895655575
46,3,SQL_injection,0.006177240424121152,-0.019069364683647793,0.0074378832919120026,0.0005589507827280354,-0.0008844903793767273
46,3,Uploading,0.004241532826096001,-0.0026672789977635917,-0.0026754270315839917,0.0025524420085299027,0.0023590473344886915
46,3,Vulnerability_scanner,0.0016305943756546018,-0.0017477155398316088,0.0014615542973630343,-0.0006996166370052607,-0.0008437997636058347
46,3,XSS,-0.00010683190000534044,0.0,-5.341595000267022e-05,5.341595000267022e-05,-5.341595000267022e-05
46,4,Backdoor,-0.029193909318064107,0.00985183466700491,0.04206088225011738,0.003069996769617626,-0.07764818254384354
46,4,DDoS_HTTP,0.003872526148544671,-0.00014981408258831578,-0.000668965842204163,0.0037298337435824874,0.0041303694712049475
46,4,DDoS_ICMP,0.0019117680065726913,0.0006762387668580876,0.0006931948098149509,-0.003135435761896893,0.0003045831991419556
46,4,DDoS_TCP,0.014716636774304384,0.014812899799416671,0.013509701052252548,0.014451516693266034,-0.05749075431923964
46,4,DDoS_UDP,0.006271271021956224,-0.0022739453701857188,-0.0020046041524047526,-0.0006396349724306767,0.00013721438360639882
46,4,Fingerprinting,0.045052714263358946,-0.026070526425099137,0.0768489752237878,-0.2147669628389267,0.07338714553257279
46,4,MITM,0.461177718571392,-0.24161685026908628,-0.23383791491618702,0.20408394467339205,-0.09823713061765023
46,4,Normal,-0.00021508072190172997,5.868725551655407e-05,0.0004159440066539751,-1.3581463741973998e-06,-0.0006545176564650979
46,4,Password,0.0036661387833507265,0.0032302652332198006,0.00036979200312902094,-0.00234864581216102,-0.0007187234091439615
46,4,Port_Scanning,0.013451633506417532,0.012544491122153244,0.011450323185593667,0.01415026799355631,-0.05159671580772075
46,4,Ransomware,0.006844420919423098,-0.0006427528230201707,-0.0012055297775771005,0.006541459471267382,0.009885394734175058
46,4,SQL_injection,0.00399800808390286,-0.009949046427742551,0.004630380823246946,-0.0013767437207150596,0.0026974012413078104
46,4,Uploading,0.006348689069161579,-0.0012613572625851364,-0.005239702874080416,0.0012991644771731328,0.0035528793212098015
46,4,Vulnerability_scanner,0.0021221512051587455,0.00029385041871117604,0.0011157569413216607,-0.003579366343088312,-0.00295804993073131
46,4,XSS,-0.00030150753768844646,0.0,-0.00015075376884422323,0.00015075376884422323,-0.00015075376884422323
46,Aggregated,Backdoor,-0.03993930452234997,0.012363358963777212,0.04491220326366471,0.0017272527884605205,-0.09820910276575996
46,Aggregated,DDoS_HTTP,0.0028110915356428677,-0.0003270882875695519,0.00010310911975369985,0.003073464995564645,0.0037605551434573446
46,Aggregated,DDoS_ICMP,0.00047146378450298084,0.00020894739046225518,0.0001922086988464744,-0.0008136603995677209,0.00025751074970144135
46,Aggregated,DDoS_TCP,0.01419227439559525,0.013684303019871736,0.012855928850694963,0.013966947220598932,-0.05486740280918236
46,Aggregated,DDoS_UDP,0.006171460674228905,-0.0022396008875935607,-0.0019702596698125945,-0.0006267570873667564,0.00015545788108548193
46,Aggregated,Fingerprinting,-0.00378777385294412,-0.0007373219476101747,0.08664109705469064,-0.1966319508861566,0.0759396919267108
46,Aggregated,MITM,0.38885188796524495,-0.18349405927990584,-0.1690207297104482,0.13011486991341778,-0.04282559526193533
46,Aggregated,Normal,-0.0003518036797987604,8.228855761738819e-05,0.0004471524424842647,1.1736702106307506e-05,-0.0008602480818148906
46,Aggregated,Password,0.0027964250565511257,0.004575000907752111,0.0037718632218974066,-0.00541786952305639,-0.0038927083748455777
46,Aggregated,Port_Scanning,0.013650174507522586,0.0122490021341837,0.011154567112007139,0.013018225647786328,-0.05007196940149976
46,Aggregated,Ransomware,0.003893239229588874,-5.928682866272646e-05,0.0010920076306011198,0.004338683898201464,0.002661172132503466
46,Aggregated,SQL_injection,0.004591224014461672,-0.014571858472943436,0.005479805934642453,0.0009581437443257295,0.0017997337990520704
46,Aggregated,Uploading,0.005095177307687737,-0.004050049264975997,-0.004094107206619067,0.002453377383208914,0.0037533548463859643
46,Aggregated,Vulnerability_scanner,0.0013471822810074067,-0.001067940356215998,0.0015227924962040377,-0.0025777621508016953,-0.0021875629433107096
46,Aggregated,XSS,9.540806645454379e-05,0.0002002793369699843,0.00014784370171226405,-0.0007486817126222169,0.00014784370171226405
46,Centralized,Backdoor,-0.03993930452234997,0.012363358963777212,0.04491220326366471,0.0017272527884605205,-0.09820910276575996
46,Centralized,DDoS_HTTP,0.0028110915356428677,-0.0003270882875695519,0.00010310911975369985,0.003073464995564645,0.0037605551434573446
46,Centralized,DDoS_ICMP,0.00047146378450298084,0.00020894739046225518,0.0001922086988464744,-0.0008136603995677209,0.00025751074970144135
46,Centralized,DDoS_TCP,0.01419227439559525,0.013684303019871736,0.012855928850694963,0.013966947220598932,-0.05486740280918236
46,Centralized,DDoS_UDP,0.006171460674228905,-0.0022396008875935607,-0.0019702596698125945,-0.0006267570873667564,0.00015545788108548193
46,Centralized,Fingerprinting,-0.00378777385294412,-0.0007373219476101747,0.08664109705469064,-0.1966319508861566,0.0759396919267108
46,Centralized,MITM,0.38885188796524495,-0.18349405927990584,-0.1690207297104482,0.13011486991341778,-0.04282559526193533
46,Centralized,Normal,-0.0003518036797987604,8.228855761738819e-05,0.0004471524424842647,1.1736702106307506e-05,-0.0008602480818148906
46,Centralized,Password,0.0027964250565511257,0.004575000907752111,0.0037718632218974066,-0.00541786952305639,-0.0038927083748455777
46,Centralized,Port_Scanning,0.013650174507522586,0.0122490021341837,0.011154567112007139,0.013018225647786328,-0.05007196940149976
46,Centralized,Ransomware,0.003893239229588874,-5.928682866272646e-05,0.0010920076306011198,0.004338683898201464,0.002661172132503466
46,Centralized,SQL_injection,0.004591224014461672,-0.014571858472943436,0.005479805934642453,0.0009581437443257295,0.0017997337990520704
46,Centralized,Uploading,0.005095177307687737,-0.004050049264975997,-0.004094107206619067,0.002453377383208914,0.0037533548463859643
46,Centralized,Vulnerability_scanner,0.0013471822810074067,-0.001067940356215998,0.0015227924962040377,-0.0025777621508016953,-0.0021875629433107096
46,Centralized,XSS,9.540806645454379e-05,0.0002002793369699843,0.00014784370171226405,-0.0007486817126222169,0.00014784370171226405
47,0,Backdoor,0.036299092917566236,0.028308010391408088,0.014678235081090356,0.04024747548150499,0.07353484712431327
47,0,DDoS_HTTP,-0.0034074601977450965,0.0006233374736132733,0.002954783179359227,-0.00815074549626125,5.601467271724355e-05
47,0,DDoS_ICMP,0.000267402848610232,7.896107211817401e-05,5.658567687235605e-05,-0.0002029719403674061,-0.00042667430251876285
47,0,DDoS_TCP,0.00027635817086779093,-0.00047604224529059955,0.0004189134010788798,0.00018789306814507117,0.00022452304156059626
47,0,DDoS_UDP,0.0,0.0,0.0,0.0,0.0
47,0,Fingerprinting,0.014927023998043668,0.021647972898429162,0.16161451083130646,-0.015952415648663443,-0.14745448338346365
47,0,MITM,0.0,0.0,0.0,0.0,0.0
47,0,Normal,0.0002539522217042493,0.00023446928579664203,2.225970113082602e-05,0.0005081535138082016,0.000833836930122169
47,0,Password,-0.0009992867153068958,0.00018278180913546316,0.0013063987832618964,-0.0004185484741288048,2.4851183054652724e-05
47,0,Port_Scanning,0.0005712113119374899,-0.002475432243517023,-1.5727919608539883e-07,0.0001052190075696365,0.0003383780028249147
47,0,Ransomware,-0.02024971480590211,0.002227366201569316,-0.029886179471987913,0.02901248291983418,0.008035560611791429
47,0,SQL_injection,-0.0017939266178635985,-0.00012070602581386452,0.0008902499511309277,0.0025859284819495865,-0.001561545789403051
47,0,Uploading,0.005629855282342947,-0.004586702432145915,-5.205013163632292e-05,-0.008408688695606825,0.004016225432828472
47,0,Vulnerability_scanner,0.0003066983192745213,0.0011709114537079698,0.003661926619523964,0.0012570653781542262,-0.0035716877775596513
47,0,XSS,0.0,0.0,0.0,0.0,0.0
47,1,Backdoor,0.0330812117247409,0.019035512901549166,0.012711556460296659,0.03495297495662252,0.06955426280687262
47,1,DDoS_HTTP,-0.007356608136205355,0.0020009730985693446,0.0035720337107482208,-0.008963570809760391,-0.0003873442871482391
47,1,DDoS_ICMP,-7.071173449601694e-05,0.00013497875972228734,0.0004321105964803729,7.888035083854125e-05,-0.00012663358154105798
47,1,DDoS_TCP,0.0003564705701527282,-0.0007410917173811538,-0.0001708341478940112,0.00019898472496970854,0.0003564705701527282
47,1,DDoS_UDP,0.0,0.0,0.0,0.0,0.0
47,1,Fingerprinting,-0.04723051197202048,0.0442419019603477,0.27893782755634955,0.04632855799437218,-0.08995454321581661
47,1,MITM,-0.018181818181818188,0.012121212121212125,0.012121212121212125,-0.018181818181818188,0.012121212121212125
47,1,Normal,0.00020009671922032918,0.00020771536580012443,6.241903755780376e-05,0.0003533973829214739,0.000785263512913346
47,1,Password,-0.004133100356916585,-0.002557155317001933,0.0022238304746641114,0.0033978824035290596,0.002317729180908689
47,1,Port_Scanning,0.0009975618350186843,-0.0038931458204359446,0.0009004603153798918,0.0009975618350186843,0.0009975618350186843
47,1,Ransomware,-0.017512644127324443,-0.0012359678006914122,-0.01933908209617734,0.03076306586228249,0.003916311870158815
47,1,SQL_injection,-0.0007698651358634299,0.0009042165028475556,0.002592709108231252,0.0009142945202424364,-0.0007503643558322296
47,1,Uploading,0.008059688519390889,-0.006779741075857223,-0.0011518847507755137,-0.011066519007113874,0.008126906996925224
47,1,Vulnerability_scanner,-0.0012303806123455127,0.0010117488507956148,0.0042097723097580695,0.001273493039578344,-0.0038398539471295014
47,1,XSS,0.0,0.0,0.0,0.0,0.0
47,2,Backdoor,0.025449751618487757,0.016223548685859086,0.005885701786995891,0.03142823960167525,0.06709725923019262
47,2,DDoS_HTTP,-0.005163499562113342,0.00023582383869351077,0.0016974803385442097,-0.008062629039160291,-0.0006484564428822346
47,2,DDoS_ICMP,-3.2154276979519856e-06,-4.141366779739086e-05,-0.0001938701204281986,-0.0003047010963421008,9.051414736706749e-05
47,2,DDoS_TCP,0.0007238596184319028,-0.0017163571100797044,0.00010509374763149615,0.000567066017977506,0.00032033772603879963
47,2,DDoS_UDP,0.0,0.0,0.0,0.0,0.0
47,2,Fingerprinting,-0.04575753480552243,-0.002337654891834463,0.11393693309327982,-0.009564370671181825,-0.00577232221969064
47,2,MITM,-0.018181818181818188,0.012121212121212125,0.012121212121212125,-0.018181818181818188,0.012121212121212125
47,2,Normal,0.00016304601180821554,0.00014986348297750437,-3.647554428421462e-05,0.00034602020631833893,0.0007134389169968076
47,2,Password,-0.0029552696420606602,0.0005162862926991835,0.002315986736626087,0.0006443426526486624,0.0006173906220260085
47,2,Port_Scanning,0.001962203481862085,-0.0076712302931120245,0.0021641457664346555,0.0017202521443248464,0.001824628900490438
47,2,Ransomware,-0.013603935672747073,0.001121000542190226,-0.023654425221899082,0.024630544627432964,0.004278668469238602
47,2,SQL_injection,-0.0003797504466571483,-0.00011444017357966629,-0.00022093563611228078,0.0010948767030062438,-0.0003797504466571483
47,2,Uploading,0.006688041063584615,-0.0035600613856330166,-0.001098047203920785,-0.006401314947067491,0.005323299075855297
47,2,Vulnerability_scanner,-0.0016977901014666322,0.0021804797121995198,0.004222212303121627,0.001796620793305803,-0.005069180077479146
47,2,XSS,-0.00020718947477467906,7.769605304050464e-05,5.1797368693669764e-05,0.00010359473738733953,-2.5898684346834882e-05
47,3,Backdoor,0.0309089864706756,0.022627677402725716,0.010229469193066462,0.038673527565579915,0.06579841727111935
47,3,DDoS_HTTP,9.468321650951498e-05,-0.002086463042589759,0.0007572013788112065,-0.0088995336989497,-0.00262281654311524
47,3,DDoS_ICMP,-5.8991255477641726e-05,3.4051412706585334e-05,-0.00032728100641124893,-0.000248677886252698,0.00014801122213270085
47,3,DDoS_TCP,4.604363922726488e-05,-0.0006623897048090521,0.0002698485581521674,9.68814782057792e-05,0.00024961602922384066
47,3,DDoS_UDP,0.0,0.0,0.0,0.0,0.0
47,3,Fingerprinting,-0.07451673892844486,-0.003545112654322761,0.17977838459926823,0.02568141748241405,-0.05456881884625364
47,3,MITM,-0.039999999999999994,0.017575757575757578,0.017575757575757578,-0.012727272727272736,0.017575757575757578
47,3,Normal,0.0002661411256855521,0.00021451110368009285,4.361701116066078e-05,0.00047471008709271123,0.0007657903955538373
47,3,Password,-0.0035579759893712096,-0.002068395900715449,0.0029046172245164965,0.0048064993557472456,0.001512450510860538
47,3,Port_Scanning,0.00020883043815482597,-0.0036274006278752863,0.0018694780287935827,0.00023027727474644505,0.0013188148861804324
47,3,Ransomware,-0.006771607302307176,-0.006719372357687188,-0.017641089950234147,0.010591515533521325,-0.0015753417233991282
47,3,SQL_injection,-0.0002130966411991328,0.0001982479470244584,0.004045419074022399,0.0031464312899010813,-0.0013972211054854916
47,3,Uploading,0.0062565609899188435,-0.005532265052860203,-0.0025326394600026616,-0.00627196633439787,0.005705727917542552
47,3,Vulnerability_scanner,0.0005317784446213929,-0.0006645619807443585,0.002122351729090538,0.0004835919420223415,-0.002274176867564846
47,3,XSS,-0.00010683190000534044,4.006196250200267e-05,2.670797500133511e-05,5.341595000267022e-05,-1.3353987500667555e-05
47,4,Backdoor,0.022282679468399975,0.01509104910112439,-0.0026616263357017054,0.03151994700956684,0.06737608276175022
47,4,DDoS_HTTP,-0.004029106963975488,-0.0007544311088452808,0.0011851702275260056,-0.007481315349162077,-0.002581518991335524
47,4,DDoS_ICMP,0.0013063330771817003,0.00023797117504671396,-8.37901045649773e-06,-0.0012521196244973832,-0.00028471869255824827
47,4,DDoS_TCP,0.00030330594277972465,-0.0015376953019755372,0.0008399361683400275,3.8107574400144303e-05,0.00035634561645564076
47,4,DDoS_UDP,0.0055898841866405665,-0.0020530237358866313,-0.0014637149661176315,-0.0006114158499313016,-0.001591145306772814
47,4,Fingerprinting,0.0017252029163573213,0.04022880534424764,0.0989587589655057,-0.01805549947304071,-0.07730861350876346
47,4,MITM,0.42683153912611527,-0.21544044134806753,-0.198666818395213,0.11499000416137913,-0.14011738431940762
47,4,Normal,0.00010894113150907343,0.00012155944845775497,-0.00012032046506553946,0.00034355940968248494,0.0007504208392892786
47,4,Password,-0.002398121130686126,0.003359232990469435,-0.0019618620893775223,0.0001909145580058072,-0.002393470967522931
47,4,Port_Scanning,0.001979504681443247,-0.006886056242462746,0.001556201031625117,0.0017360411480464022,0.0016143093813479799
47,4,Ransomware,-0.02158153338832703,-0.0010273543296485425,-0.031554880830544065,0.030296389148546335,0.002444386875705016
47,4,SQL_injection,0.0005839767901214523,0.0007714654016459379,0.0004348461399805786,0.0005604916261625535,-0.002350779957910522
47,4,Uploading,0.01200731861579049,-0.009696428769269088,-0.005081145180449313,-0.008051900803001643,0.01082215613692954
47,4,Vulnerability_scanner,0.0004572923595319763,0.0011219215142076004,0.003384664857236338,0.0005983079731816018,-0.003436599953648182
47,4,XSS,-0.00030150753768844646,0.00011306532663316743,7.537688442211161e-05,0.00015075376884422323,-3.768844221105581e-05
47,Aggregated,Backdoor,0.029680512651350736,0.020305481836400026,0.008296661029259328,0.03540334646733583,0.06865378660365455
47,Aggregated,DDoS_HTTP,-0.003954262846120069,-1.0624530268382727e-05,0.0020198871946255524,-0.008323392855325696,-0.0012584090804751906
47,Aggregated,DDoS_ICMP,0.00028856827674061204,8.919792193174958e-05,-7.880542450450222e-06,-0.00038689819244831135,-0.00011980161982797684
47,Aggregated,DDoS_TCP,0.00033986697111804316,-0.0010259105885845777,0.00029253889624021313,0.00021821256116951552,0.00030072078677774173
47,Aggregated,DDoS_UDP,0.005515827948718446,-0.0020304844301278326,-0.0014411756603588326,-0.0006049775292855774,-0.001568606001014015
47,Aggregated,Fingerprinting,-0.02751084852674263,0.021930765730895425,0.16217311243227173,0.0016316645586991053,-0.07771865624227721
47,Aggregated,MITM,0.3572720146430734,-0.18172723913788683,-0.15897854647436516,0.07067738047689676,-0.10142297852579679
47,Aggregated,Normal,0.00019841759478367676,0.00018561156808747186,-5.720645590739926e-06,0.0004051518580578432,0.0007697157152916301
47,Aggregated,Password,-0.002815400190129588,-9.653378257616733e-05,0.0013477844726391837,0.0017374198378760817,0.00039609182782112675
47,Aggregated,Port_Scanning,0.0011543207821942754,-0.004916765305367796,0.0012877840185257672,0.0009617932623252501,0.0012224443785246249
47,Aggregated,Ransomware,-0.015976260962093446,-0.0010383715103694533,-0.02448804828992813,0.025142943821283695,0.003460668396023407
47,Aggregated,SQL_injection,-0.000405360607934289,0.00045937365945476066,0.001697794949909399,0.0013856668589536543,-0.0013945238799220143
47,Aggregated,Uploading,0.007731259033991134,-0.006034106577856853,-0.0019763974133010045,-0.008044333632619076,0.006787641309591888
47,Aggregated,Vulnerability_scanner,-0.00032716706660257573,0.0009670557650868106,0.0035270346727269215,0.0010855075613235361,-0.003643552867306223
47,Aggregated,XSS,-0.0001048712705154405,3.932672644329019e-05,2.6217817628860125e-05,5.243563525772025e-05,-1.3108908814430062e-05
47,Centralized,Backdoor,0.029680512651350736,0.020305481836400026,0.008296661029259328,0.03540334646733583,0.06865378660365455
47,Centralized,DDoS_HTTP,-0.003954262846120069,-1.0624530268382727e-05,0.0020198871946255524,-0.008323392855325696,-0.0012584090804751906
47,Centralized,DDoS_ICMP,0.00028856827674061204,8.919792193174958e-05,-7.880542450450222e-06,-0.00038689819244831135,-0.00011980161982797684
47,Centralized,DDoS_TCP,0.00033986697111804316,-0.0010259105885845777,0.00029253889624021313,0.00021821256116951552,0.00030072078677774173
47,Centralized,DDoS_UDP,0.005515827948718446,-0.0020304844301278326,-0.0014411756603588326,-0.0006049775292855774,-0.001568606001014015
47,Centralized,Fingerprinting,-0.02751084852674263,0.021930765730895425,0.16217311243227173,0.0016316645586991053,-0.07771865624227721
47,Centralized,MITM,0.3572720146430734,-0.18172723913788683,-0.15897854647436516,0.07067738047689676,-0.10142297852579679
47,Centralized,Normal,0.00019841759478367676,0.00018561156808747186,-5.720645590739926e-06,0.0004051518580578432,0.0007697157152916301
47,Centralized,Password,-0.002815400190129588,-9.653378257616733e-05,0.0013477844726391837,0.0017374198378760817,0.00039609182782112675
47,Centralized,Port_Scanning,0.0011543207821942754,-0.004916765305367796,0.0012877840185257672,0.0009617932623252501,0.0012224443785246249
47,Centralized,Ransomware,-0.015976260962093446,-0.0010383715103694533,-0.02448804828992813,0.025142943821283695,0.003460668396023407
47,Centralized,SQL_injection,-0.000405360607934289,0.00045937365945476066,0.001697794949909399,0.0013856668589536543,-0.0013945238799220143
47,Centralized,Uploading,0.007731259033991134,-0.006034106577856853,-0.0019763974133010045,-0.008044333632619076,0.006787641309591888
47,Centralized,Vulnerability_scanner,-0.00032716706660257573,0.0009670557650868106,0.0035270346727269215,0.0010855075613235361,-0.003643552867306223
47,Centralized,XSS,-0.0001048712705154405,3.932672644329019e-05,2.6217817628860125e-05,5.243563525772025e-05,-1.3108908814430062e-05
48,0,Backdoor,-0.05237284757614607,0.06265032486010189,-0.07372567632714969,-0.046377928280136066,0.02029300690424114
48,0,DDoS_HTTP,0.0024239089296312346,0.0016688180196492652,0.0013307788279562026,-0.0013642533289707224,0.002408375161451994
48,0,DDoS_ICMP,0.00021482463284349293,0.00013770888715613125,2.7111347496444616e-05,-1.1034992745758329e-05,-0.00014191322946490356
48,0,DDoS_TCP,0.006222526304377552,0.006187085550507134,-0.02413319371576761,0.005905306444952763,0.005818275415930148
48,0,DDoS_UDP,0.0,0.0,0.0,0.0,0.0
48,0,Fingerprinting,-0.01109460130194116,0.07778340868523198,-0.032980444926915244,-0.005347778344973307,-0.06314319280705444
48,0,MITM,0.0038461538461538438,-0.015384615384615375,0.0038461538461538438,0.0038461538461538438,0.0038461538461538438
48,0,Normal,-0.0004974950486533144,0.0006023107078574008,-0.0007489664088078533,-0.0004855211254276718,0.00019248924053450283
48,0,Password,0.0035784914728326928,0.00425647586149768,-0.006104783404914249,-0.005899209665823335,0.004072829150390902
48,0,Port_Scanning,0.0013475190371884938,0.0003391880064484894,-0.0019531526520286946,0.0004715051441641638,-0.00020505953577245237
48,0,Ransomware,0.0029083533338182034,0.0019852910335103947,0.0019852910335103947,-0.00015877248779863073,0.004140321631654764
48,0,SQL_injection,-0.003467486174508,0.004453612153728976,-0.001616244704420787,0.005946004875807386,-0.002544345643838468
48,0,Uploading,0.0037537098849693604,-0.00791484463289811,-0.0012538514670981933,0.0024932669564403567,0.0029217192585865863
48,0,Vulnerability_scanner,-0.0014177804303956469,0.0017402927988217965,-0.0050564299951871595,0.0013924442624724772,0.0008731342499866457
48,0,XSS,0.0,0.0,0.0,0.0,0.0
48,1,Backdoor,-0.037421060783232575,0.045119123682690956,-0.06362903925086164,-0.036163393224079424,0.014273553639067382
48,1,DDoS_HTTP,0.005096138750092105,0.002943525077804382,-0.004176403752848264,-0.006048528859034369,0.001501516069371291
48,1,DDoS_ICMP,-0.0003853839378667197,0.00013703610021241762,-0.000104457000116559,-0.00025495358080946013,0.0001581199563235584
48,1,DDoS_TCP,0.005890301271144027,0.00603053777811795,-0.023981914605497878,0.00603053777811795,0.00603053777811795
48,1,DDoS_UDP,0.0,0.0,0.0,0.0,0.0
48,1,Fingerprinting,-0.1696321296148998,0.13964373578292,-0.06404655248133509,-0.07015424401505967,0.009643735782920061
48,1,MITM,-0.02272727272727274,0.015151515151515157,0.015151515151515157,-0.015151515151515159,0.007575757575757579
48,1,Normal,-0.00035640651878115495,0.00048129394182181426,-0.000709356243464071,-0.00046417396727877294,0.00015311725341533947
48,1,Password,0.0013122159774091203,0.006111747548906416,-0.0060935901790378595,-0.00924486829581204,0.007288300234936048
48,1,Port_Scanning,0.0010723829441152577,0.001317180985730922,-0.005023925901308024,0.001317180985730922,0.001317180985730922
48,1,Ransomware,0.0008500008312966545,0.0008500008312966545,-0.0011277924640187066,-0.00028610459928730123,-0.00028610459928730123
48,1,SQL_injection,-0.002912742539725378,0.0008180004399938133,-0.0009861659634224505,0.0014162487568055479,-0.0012263313332771188
48,1,Uploading,0.004324640112540441,-0.010438621987434223,-0.00033676276188910893,0.0026817899979318365,0.0032692456781358366
48,1,Vulnerability_scanner,-0.0004396192581109515,0.0013864193927350295,-0.0052264958368132735,0.000811665501416046,0.0020432505601161353
48,1,XSS,0.0008545624640184227,0.0,0.0,-0.001709124928036845,0.0008545624640184227
48,2,Backdoor,-0.03645459238370436,0.05028310818044926,-0.06117443067318875,-0.039820512749675685,0.007111972120400502
48,2,DDoS_HTTP,0.0038864360400942886,0.0035333541170594496,-0.001014234096458,-0.002304458381033018,0.0015523206319833986
48,2,DDoS_ICMP,0.0001067310448985374,0.0001414646887331524,0.00018092568022658648,3.0318401485179836e-05,0.0002182175882772345
48,2,DDoS_TCP,0.007164884145996395,0.006695498940994474,-0.027181330169792992,0.0070276191946596475,0.006293327888142477
48,2,DDoS_UDP,0.0,0.0,0.0,0.0,0.0
48,2,Fingerprinting,-0.10638038947636468,0.1340349685860522,-0.004886235195832716,-0.007244142739498767,0.02753799978258182
48,2,MITM,-0.02272727272727274,0.015151515151515157,0.015151515151515157,-0.015151515151515159,0.007575757575757579
48,2,Normal,-0.00031372622966656475,0.0004940951766091106,-0.0006204135830095862,-0.0004237454733006944,6.327745591147015e-05
48,2,Password,0.006234839377617968,0.005492371520906102,-0.00805307846036314,-0.008546223929886217,0.004301222848948103
48,2,Port_Scanning,0.0018378066376567729,0.00035706739631628884,-0.002228324662765082,0.0007171320565549607,-0.0006836814277629406
48,2,Ransomware,0.0024881227777566665,0.0021815070934626092,0.000648428671992322,0.000648428671992322,0.0012616600405804367
48,2,SQL_injection,-0.0011892486906365583,0.0003408467896042447,-0.0006969285504799499,0.002734579142148822,-0.0011892486906365583
48,2,Uploading,0.003513518197826521,-0.006147856720212634,-0.0026439841577330977,0.0011242842064695063,0.0022566589398960164
48,2,Vulnerability_scanner,-0.0014626102803385148,0.0024545134239774002,-0.006065820977945613,0.0007798473253263494,0.0014257705048113338
48,2,XSS,0.00042978534639158357,0.0006369748211662626,0.00042978534639158357,-0.0019263308603410135,0.00042978534639158357
48,3,Backdoor,-0.04498298273943154,0.04802025938029792,-0.0702819799171512,-0.04134352531343602,0.009768957711499748
48,3,DDoS_HTTP,0.005209894965175969,0.002296744193100072,-0.0003821880906670072,-0.0017783894566174203,0.002084839722099265
48,3,DDoS_ICMP,0.00019670955064892876,-0.00022016833904489052,0.00014004330991627124,-0.0003304582488495707,0.00021509280789053787
48,3,DDoS_TCP,0.005232915000954522,0.004869409093697952,-0.019179440023727554,0.0047166009180036,0.004360515011071481
48,3,DDoS_UDP,0.0,0.0,0.0,0.0,0.0
48,3,Fingerprinting,-0.06875745760445515,0.09651565152202905,-0.034912111917004204,-0.06421677583467116,-0.013842338747352193
48,3,MITM,-0.04454545454545454,0.020606060606060607,0.020606060606060607,-0.009696969696969707,0.01303030303030303
48,3,Normal,-0.0004539513332744327,0.0005001545210408816,-0.0007370215701067976,-0.0004958037102322584,6.959157782584306e-05
48,3,Password,0.0026039585882640798,0.005569178976181651,-0.010141878880379167,-0.010070798437875367,0.0061750917018607255
48,3,Port_Scanning,-0.0009119836222400405,-0.0023573624456252034,0.011972665444148704,-0.0036968955141845877,-0.005006423862098873
48,3,Ransomware,0.006986117107852063,0.002917897773778921,0.0013360809261082518,-0.00020479336925706139,0.0035320540765579776
48,3,SQL_injection,-0.002847834774346238,0.001058775838994853,-0.0009219914785523128,0.001949914225587858,-0.0021242315738124926
48,3,Uploading,0.004176399840850622,-0.00668544690027101,0.00030030187288028845,0.000683579456185629,0.0034172185520174076
48,3,Vulnerability_scanner,-0.00014344925412660043,-0.00021070722247704305,-0.0028542574096092916,0.001398405210921705,0.0014115380662993338
48,3,XSS,-3.472036750173565e-05,7.21115325036048e-05,-3.472036750173565e-05,3.2049570001602136e-05,-3.472036750173565e-05
48,4,Backdoor,-0.034842984734066405,0.041664723175663186,-0.05361044951682594,-0.03195184910141495,0.005201811684145922
48,4,DDoS_HTTP,0.004617772046098912,0.003404843128148463,-0.0015671760340581356,-0.0001274363035984799,0.0019137554051674526
48,4,DDoS_ICMP,0.0007755466370281442,-0.00016232654617061396,-0.0001979207804164588,-0.0003480198904046494,-0.00029103393354329063
48,4,DDoS_TCP,0.006703085230179357,0.007053916080320644,-0.027652674776437625,0.006841757385616979,0.007053916080320644
48,4,DDoS_UDP,0.00472713538196524,-0.0019602036780654863,-0.0017035492534212642,0.00017437398730860143,-0.0007849477471670585
48,4,Fingerprinting,-0.055897229216332826,0.07192782242963733,0.0027311599383721156,-0.02512896303044648,-0.03918144436553657
48,4,MITM,0.4866075483978119,-0.21497452337006637,-0.2191802907654575,0.16665941260244663,-0.16145448920707736
48,4,Normal,-0.00031356710720449875,0.00036470831946554906,-0.0005266044513811112,-0.0003297536339262774,6.897837351714231e-05
48,4,Password,0.005633507960218226,0.004391963319159461,-0.00863234524935277,-0.004579231609636914,0.004793864312075781
48,4,Port_Scanning,0.0002533591961240256,0.0006290950139695272,-0.0017754489379373406,0.0002638997138742605,0.0006290950139695272
48,4,Ransomware,0.004814985277642179,0.0029972165887078833,0.0015008826069631256,0.0017927600996985483,0.0030009112405146475
48,4,SQL_injection,-0.006170313550426178,0.004901268680902158,0.0005801694462218345,0.005195920668166652,-0.004507045244864465
48,4,Uploading,0.004838691676970807,-0.00928216089460849,-0.0008068494055538254,0.0013077763292674244,0.0030153976510817514
48,4,Vulnerability_scanner,-0.002056725116732627,0.0022782650849886804,-0.007226178736743411,0.002324930244181489,0.001843831442623665
48,4,XSS,-9.79899497487451e-05,0.00020351758793970138,-9.79899497487451e-05,9.045226130653394e-05,-9.79899497487451e-05
48,Aggregated,Backdoor,-0.04124758994427655,0.0495137512088463,-0.06458792993761542,-0.03917764412353642,0.01138558617217308
48,Aggregated,DDoS_HTTP,0.004266169063981604,0.0027730423016269277,-0.0011675314518745307,-0.002317882583619237,0.0018920101719962798
48,Aggregated,DDoS_ICMP,0.0001817710868576128,6.713670675767558e-06,9.091796146426524e-06,-0.00018283893751434206,3.160498652096851e-05
48,Aggregated,DDoS_TCP,0.00623996396403354,0.006161466841208511,-0.024403917204544334,0.006099193584465188,0.005903292814837078
48,Aggregated,DDoS_UDP,0.004630544401687018,-0.0019280054404393935,-0.0016713510157951713,0.00019047123982161943,-0.0007688504946540405
48,Aggregated,Fingerprinting,-0.07739136729554238,0.10005516483532148,-0.024883023169976252,-0.035118174868204094,-0.017808654647653903
48,Aggregated,MITM,0.36618540042465064,-0.15959139049993434,-0.15860815483234333,0.10529804358165919,-0.0925628360554361
48,Aggregated,Normal,-0.00038700156464080795,0.0004885254317243644,-0.0006684509473326661,-0.00043979523833609737,0.00010945018475914115
48,Aggregated,Password,0.003857333546904857,0.005162829713066667,-0.007803119687428503,-0.007653523649894782,0.005327221369761142
48,Aggregated,Port_Scanning,0.000727299438265544,8.126999188504495e-05,8.88098863546923e-05,-0.00015647940093955204,-0.0007408999155657292
48,Aggregated,Ransomware,0.0035715805461395927,0.002178549518497715,0.0008469148060494869,0.0003654681961995513,0.002297224880232083
48,Aggregated,SQL_injection,-0.003241353891483538,0.002380731817248039,-0.0006793380572114067,0.0032557084894742866,-0.0022963678792528937
48,Aggregated,Uploading,0.0041140140438583345,-0.008086310765607983,-0.0009514942286570516,0.0016653272081424946,0.0029762326855046965
48,Aggregated,Vulnerability_scanner,-0.0011073100035615827,0.001536434683209644,-0.005294586968573383,0.0013399445545552112,0.001520858621251355
48,Aggregated,XSS,0.00023288741117491463,0.00017103058888423388,6.615931836879338e-05,-0.0007029647296028565,0.00023288741117491463
48,Centralized,Backdoor,-0.04124758994427655,0.0495137512088463,-0.06458792993761542,-0.03917764412353642,0.01138558617217308
48,Centralized,DDoS_HTTP,0.004266169063981604,0.0027730423016269277,-0.0011675314518745307,-0.002317882583619237,0.0018920101719962798
48,Centralized,DDoS_ICMP,0.0001817710868576128,6.713670675767558e-06,9.091796146426524e-06,-0.00018283893751434206,3.160498652096851e-05
48,Centralized,DDoS_TCP,0.00623996396403354,0.006161466841208511,-0.024403917204544334,0.006099193584465188,0.005903292814837078
48,Centralized,DDoS_UDP,0.004630544401687018,-0.0019280054404393935,-0.0016713510157951713,0.00019047123982161943,-0.0007688504946540405
48,Centralized,Fingerprinting,-0.07739136729554238,0.10005516483532148,-0.024883023169976252,-0.035118174868204094,-0.017808654647653903
48,Centralized,MITM,0.36618540042465064,-0.15959139049993434,-0.15860815483234333,0.10529804358165919,-0.0925628360554361
48,Centralized,Normal,-0.00038700156464080795,0.0004885254317243644,-0.0006684509473326661,-0.00043979523833609737,0.00010945018475914115
48,Centralized,Password,0.003857333546904857,0.005162829713066667,-0.007803119687428503,-0.007653523649894782,0.005327221369761142
48,Centralized,Port_Scanning,0.000727299438265544,8.126999188504495e-05,8.88098863546923e-05,-0.00015647940093955204,-0.0007408999155657292
48,Centralized,Ransomware,0.0035715805461395927,0.002178549518497715,0.0008469148060494869,0.0003654681961995513,0.002297224880232083
48,Centralized,SQL_injection,-0.003241353891483538,0.002380731817248039,-0.0006793380572114067,0.0032557084894742866,-0.0022963678792528937
48,Centralized,Uploading,0.0041140140438583345,-0.008086310765607983,-0.0009514942286570516,0.0016653272081424946,0.0029762326855046965
48,Centralized,Vulnerability_scanner,-0.0011073100035615827,0.001536434683209644,-0.005294586968573383,0.0013399445545552112,0.001520858621251355
48,Centralized,XSS,0.00023288741117491463,0.00017103058888423388,6.615931836879338e-05,-0.0007029647296028565,0.00023288741117491463
49,0,Backdoor,0.07347710763842623,-0.018594050079583015,-0.04617182028213814,0.01797164212171139,0.05648057501225804
49,0,DDoS_HTTP,-0.00021985189770624877,0.0032157274520587123,0.003347767555816904,0.0016772549338726545,-0.008020898044042022
49,0,DDoS_ICMP,0.000233725235530489,-0.0001800508229949686,2.668040040039547e-05,-0.0001986714843562276,-0.00010736498862290814
49,0,DDoS_TCP,0.0001960753306007812,-0.0004350531434379523,0.00030137525838994463,-0.000452805421971945,0.0005997170233960847
49,0,DDoS_UDP,0.0,0.0,0.0,0.0,0.0
49,0,Fingerprinting,-0.007441169641510657,-0.03653758583937615,-0.008039074152458636,-0.04727594838933288,0.08024615897505925
49,0,MITM,0.0,0.0,0.0,0.0,0.0
49,0,Normal,0.0008376489253709337,-6.809809769114013e-05,-0.00032530499072778535,0.00032621532663710634,9.971851918669228e-05
49,0,Password,0.0015004431994946699,0.002079389211859491,0.0006005871483698226,-0.00039676533638405563,-0.0019993413077230575
49,0,Port_Scanning,0.0009242444775714898,-0.0009387808214652497,0.0013900008023306745,-0.0009387808214652497,0.001024097563409402
49,0,Ransomware,0.002698707277746389,0.002190202482193254,-7.779100773393314e-05,0.001484721350748632,-0.006295840102954342
49,0,SQL_injection,-0.0016601303631410343,-0.001437489298233508,-0.004425317360612955,0.00015898566463688247,0.01012701620507765
49,0,Uploading,-8.915160303188674e-05,-0.00326136304490237,0.003039512486742735,0.007135824668059789,-0.009309092665443655
49,0,Vulnerability_scanner,0.0020575056480883775,0.000419143521889063,-0.002539605856707888,0.0013940470773250466,0.0022033210856663914
49,0,XSS,0.0,0.0,0.0,0.0,0.0
49,1,Backdoor,0.06469549022260543,-0.008165699749361982,-0.03561228644118842,0.017654125345142713,0.04111564828106782
49,1,DDoS_HTTP,-0.002141746557025323,0.006867673913841572,0.0053345578899802884,0.003409244990612705,-0.01068421491707497
49,1,DDoS_ICMP,-0.0003550933554661573,0.0003192548053773299,-7.435244687508298e-05,-3.6899415275265524e-05,0.00014810448349181216
49,1,DDoS_TCP,3.1497169036603935e-05,3.1497169036603935e-05,3.1497169036603935e-05,3.1497169036603935e-05,-0.00012598867614641574
49,1,DDoS_UDP,0.0,0.0,0.0,0.0,0.0
49,1,Fingerprinting,-0.1805627786030436,0.0649296672360168,-0.06142959728114246,-0.04661478246632764,0.14589971333671908
49,1,MITM,-0.018181818181818188,0.012121212121212125,0.012121212121212125,-0.018181818181818188,0.012121212121212125
49,1,Normal,0.0006335187412231898,0.00013192017468521461,-0.00018932843484246916,0.0003491610044768186,-3.205424883398848e-05
49,1,Password,0.001018041866000427,0.002281747911747584,0.0007732892457588574,-0.0027055022906614444,0.0008813480512906226
49,1,Port_Scanning,0.0,0.0,0.0,0.0,0.0
49,1,Ransomware,-0.0004265693724967823,-0.0016235483900653546,-0.0025851696906062944,0.0001892829005453715,0.00444600455262306
49,1,SQL_injection,-0.0010849596109575776,0.00011381538085841701,-0.0030077836033565192,5.7561133287563346e-05,0.006812357339793707
49,1,Uploading,0.0038360062214758666,-0.006368532735543989,0.0036763974867115978,0.007588372887283575,-0.010056747171185319
49,1,Vulnerability_scanner,0.0015192681544602645,0.0004035553445580357,-0.001755067285620604,0.0010405263509095709,0.0014595051559022133
49,1,XSS,0.0008545624640184227,0.0,0.0008545624640184227,-0.002563687392055268,0.0008545624640184227
49,2,Backdoor,0.07591813982018333,-0.01931535526263819,-0.04034857413913096,0.01244942342281257,0.062118453237492974
49,2,DDoS_HTTP,0.0003372031924534807,0.0032839106657657473,0.0048450192999423625,0.002798502181451795,-0.008467432542410586
49,2,DDoS_ICMP,9.874262495331299e-05,2.2456776513300285e-05,4.1695453679554034e-05,-0.00010885260045341294,-5.404225469275436e-05
49,2,DDoS_TCP,4.201667092220141e-05,-0.00016806668368880563,4.201667092220141e-05,4.201667092220141e-05,4.201667092220141e-05
49,2,DDoS_UDP,0.0,0.0,0.0,0.0,0.0
49,2,Fingerprinting,-0.0672674705182445,0.01741549357648427,-0.020038882113185545,-0.029182954415152552,0.09907381347009823
49,2,MITM,-0.018181818181818188,0.012121212121212125,0.012121212121212125,-0.018181818181818188,0.012121212121212125
49,2,Normal,0.0008580850946295238,-0.000109626337982488,-0.00035048528229983573,0.00025000710932157426,0.0002884722869683757
49,2,Password,0.003343815292930812,0.0014591540368833389,4.5909406624014086e-05,-0.00223257138905343,-0.002616307347384735
49,2,Port_Scanning,-0.0001401805561856373,-0.0001401805561856373,-0.0001401805561856373,-0.0001401805561856373,0.0005607222247425492
49,2,Ransomware,0.0025684071898908626,0.0005772476110236754,-0.006351735648814272,0.002543035426555092,0.0006630454213446417
49,2,SQL_injection,-0.0013211934297907271,-0.001760687368151243,-0.0013211934297907271,-0.0001464651460211246,0.004549539373753823
49,2,Uploading,0.0026017546088830086,-0.004272813138454663,0.0033560149595644575,0.0028774119160448032,-0.005131209766980263
49,2,Vulnerability_scanner,0.0017846276119722374,0.00040025422683382197,-0.0022557278318738106,0.001395137263733289,0.0015440087335035066
49,2,XSS,0.0006886836473493488,0.00014503263234227532,0.0007404810160430186,-0.002366475680471331,0.0007922783847366884
49,3,Backdoor,0.07125734757092818,-0.004918715426746014,-0.028021459045426536,0.02393413510967314,0.043944139824132686
49,3,DDoS_HTTP,0.0012641687613196174,0.002398234311195363,0.006153909805457166,0.0006623164487849016,-0.010478629326757055
49,3,DDoS_ICMP,0.00026489056315550654,0.00020687781825852366,0.00011340191669482932,-1.8262993096083516e-05,-0.0003410222136216778
49,3,DDoS_TCP,0.00014209616785006428,-6.096132772308027e-05,-0.00011172570161636641,-0.00036554757108279713,0.0003961384325721795
49,3,DDoS_UDP,0.0,0.0,0.0,0.0,0.0
49,3,Fingerprinting,-0.0884162643207393,0.039949446385797865,-0.019437784889978292,-0.0328904599525605,0.1066430159938545
49,3,MITM,-0.039999999999999994,0.02666666666666666,0.02666666666666666,-0.039999999999999994,0.02666666666666666
49,3,Normal,0.0008052306118726944,7.10890879059974e-05,-0.00016871252418597474,0.00038824805215603166,8.580580086430811e-05
49,3,Password,0.0011464968054597077,0.0030463814419851324,-0.0004888177268648388,-0.0008032413165551713,0.0022939859907803663
49,3,Port_Scanning,-0.0003621011022825138,-0.0014073243708747573,0.0002194381206820602,-1.3177568503769388e-05,0.0001674707858640027
49,3,Ransomware,0.004801950104523437,0.004061908388372256,0.009693788735970007,0.0012516625326248218,-0.01980930976149055
49,3,SQL_injection,-0.0025660732104076838,-0.0008799603998688959,-0.004726347903868039,0.0016788225715253355,0.006493558942619279
49,3,Uploading,0.0025555787358592357,-0.003724547846865898,0.0028006733895445603,0.0035980832152690987,-0.006640055695603568
49,3,Vulnerability_scanner,0.0003241456946747508,-0.0005837762939523705,-0.00039674945884138335,0.0007814101437278823,0.0008061230310318357
49,3,XSS,-7.21115325036048e-05,7.478233000373831e-05,-4.540355750226969e-05,6.142834250307075e-05,-1.869558250093458e-05
49,4,Backdoor,0.06510699236399019,-0.011178691081067582,-0.03806470566692489,0.01613164362705924,0.04964258644377081
49,4,DDoS_HTTP,-0.00020924132904710975,0.003775188667302289,0.007349345641499692,0.0022536510415675903,-0.01522088108013702
49,4,DDoS_ICMP,0.0010410131846737836,-7.4195053150390615e-06,-0.000156894185900693,-0.0002504382968314863,-0.0006262611966265652
49,4,DDoS_TCP,-8.486347788146571e-05,7.425554314628251e-05,-3.1823804205549644e-05,-0.00013790315155738178,-0.00045614119361287825
49,4,DDoS_UDP,0.0055792772396566475,-0.001560922656571708,-0.0018657284838767755,-0.000322973321120155,-0.0019589849373179537
49,4,Fingerprinting,-0.022274481889924168,-0.005967178082620369,-0.007147591871729809,-0.029463609187747104,0.06485286103202148
49,4,MITM,0.45712615856398753,-0.22830144896523266,-0.2367438237269725,0.18298291868946126,-0.19169582119326017
49,4,Normal,0.0006863721626809001,6.358555192778059e-05,-0.00016604580601833525,0.00033877153722895644,-7.479407315774308e-05
49,4,Password,0.0019061003616447122,0.0017843670587921092,-0.0008821166076459362,-0.00036073585509243804,-0.004678523713530349
49,4,Port_Scanning,0.0002008119046992977,-0.0012584185725391236,0.0010211781585364973,-0.0001643833953959691,0.0002008119046992977
49,4,Ransomware,-0.0012361404725702648,0.0017648449166356272,0.005368484273727438,-0.00024285640538265578,-0.00924553386859755
49,4,SQL_injection,-0.0010193412372558155,-0.002017289376103375,-0.002347891504317135,-0.0026978803789205487,0.011094969203431086
49,4,Uploading,0.004862879210620956,-0.010444486326579327,0.004797903871064481,0.005388778425147692,-0.009422390938690328
49,4,Vulnerability_scanner,0.001880806092987212,-0.0006421692547407746,-0.0021514956242350116,0.0018289863096043913,0.0024527944984468085
49,4,XSS,-0.00020351758793970138,0.00021105527638191253,-0.00012814070351758975,0.00017336683417085673,-5.276381909547813e-05
49,Aggregated,Backdoor,0.06998628743834395,-0.012320330775436683,-0.03752413696913172,0.01770435679019313,0.05056763578977314
49,Aggregated,DDoS_HTTP,-0.00018725532495058965,0.003907980031757558,0.005435833671194598,0.0021497024728764887,-0.01061069585128805
49,Aggregated,DDoS_ICMP,0.00025683612065043884,7.224846850893604e-05,-9.89472884619369e-06,-0.00012262600526790807,-0.00019636904811113354
49,Aggregated,DDoS_TCP,6.644828633033395e-05,-0.00011175480838690651,4.557416753511549e-05,-0.00017760273497954097,9.445771084280093e-05
49,Aggregated,DDoS_UDP,0.0054891274829971725,-0.00153301856802478,-0.0018378243953298475,-0.0003165358301014646,-0.0019310808487710254
49,Aggregated,Fingerprinting,-0.06650820490828688,0.014390965595025314,-0.021077737891848736,-0.036969149421207305,0.09621015390945825
49,Aggregated,MITM,0.3541137983681503,-0.17225024322005966,-0.18144101599357534,0.11634207184918491,-0.1329917915310836
49,Aggregated,Normal,0.0007642164704315205,1.7726055168939176e-05,-0.00024000891893595036,0.0003304629398269976,7.350998946487979e-05
49,Aggregated,Password,0.001773891477005031,0.0021411113642366844,3.863510999572069e-06,-0.0012927102528110584,-0.0012242246990520035
49,Aggregated,Port_Scanning,0.00012524963557467573,-0.0007612161361319517,0.0005068905249396072,-0.0002533514232903452,0.000382427398908014
49,Aggregated,Ransomware,0.001641519110041819,0.0014174593185451371,0.0011616290138830698,0.0010725991230699154,-0.006015804655316868
49,Aggregated,SQL_injection,-0.001339666047070436,-0.001047062806079822,-0.0030638469626788696,-0.0006306271240835548,0.007821970796911881
49,Aggregated,Uploading,0.002767502496098543,-0.005619380967288918,0.00351710582428475,0.005320268585955562,-0.008116366050367342
49,Aggregated,Vulnerability_scanner,0.0015206862261745242,3.5157659582211546e-06,-0.0018287362465703191,0.0012904764932648472,0.0016962852801787683
49,Aggregated,XSS,0.0002630107873520515,7.340988936080835e-05,0.0002892286049809116,-0.0009410957043035432,0.0003154464226097717
49,Centralized,Backdoor,0.06998628743834395,-0.012320330775436683,-0.03752413696913172,0.01770435679019313,0.05056763578977314
49,Centralized,DDoS_HTTP,-0.00018725532495058965,0.003907980031757558,0.005435833671194598,0.0021497024728764887,-0.01061069585128805
49,Centralized,DDoS_ICMP,0.00025683612065043884,7.224846850893604e-05,-9.89472884619369e-06,-0.00012262600526790807,-0.00019636904811113354
49,Centralized,DDoS_TCP,6.644828633033395e-05,-0.00011175480838690651,4.557416753511549e-05,-0.00017760273497954097,9.445771084280093e-05
49,Centralized,DDoS_UDP,0.0054891274829971725,-0.00153301856802478,-0.0018378243953298475,-0.0003165358301014646,-0.0019310808487710254
49,Centralized,Fingerprinting,-0.06650820490828688,0.014390965595025314,-0.021077737891848736,-0.036969149421207305,0.09621015390945825
49,Centralized,MITM,0.3541137983681503,-0.17225024322005966,-0.18144101599357534,0.11634207184918491,-0.1329917915310836
49,Centralized,Normal,0.0007642164704315205,1.7726055168939176e-05,-0.00024000891893595036,0.0003304629398269976,7.350998946487979e-05
49,Centralized,Password,0.001773891477005031,0.0021411113642366844,3.863510999572069e-06,-0.0012927102528110584,-0.0012242246990520035
49,Centralized,Port_Scanning,0.00012524963557467573,-0.0007612161361319517,0.0005068905249396072,-0.0002533514232903452,0.000382427398908014
49,Centralized,Ransomware,0.001641519110041819,0.0014174593185451371,0.0011616290138830698,0.0010725991230699154,-0.006015804655316868
49,Centralized,SQL_injection,-0.001339666047070436,-0.001047062806079822,-0.0030638469626788696,-0.0006306271240835548,0.007821970796911881
49,Centralized,Uploading,0.002767502496098543,-0.005619380967288918,0.00351710582428475,0.005320268585955562,-0.008116366050367342
49,Centralized,Vulnerability_scanner,0.0015206862261745242,3.5157659582211546e-06,-0.0018287362465703191,0.0012904764932648472,0.0016962852801787683
49,Centralized,XSS,0.0002630107873520515,7.340988936080835e-05,0.0002892286049809116,-0.0009410957043035432,0.0003154464226097717
50,0,Backdoor,0.013380284465156949,-0.045034910857101526,-0.007955402095211285,-0.037929723823247365,-0.08359526982437306
50,0,DDoS_HTTP,0.0010119427148536197,1.2064966067965033e-05,0.0012900837503764778,-0.0017336226603207217,-0.000580468770977341
50,0,DDoS_ICMP,0.0003186695511789961,0.0002050486453149092,7.539880052324643e-05,-0.00033631445849036844,-3.712087848356342e-05
50,0,DDoS_TCP,2.7858470938690873e-05,0.000116168720574548,-0.00023462897455343948,-0.0002699277991511428,0.0003605295821913435
50,0,DDoS_UDP,0.0,0.0,0.0,0.0,0.0
50,0,Fingerprinting,0.08345558340295185,0.10956669451406294,0.010829573934837104,-0.15848955722639926,-0.026314675577833475
50,0,MITM,0.0038461538461538438,-0.015384615384615375,0.0038461538461538438,0.0038461538461538438,0.0038461538461538438
50,0,Normal,0.0001382828556755274,-0.0004557116488325704,-9.708388594189358e-05,-0.00040103541982733544,-0.0007475682265990324
50,0,Password,-0.001285764504510727,-0.00021779952550870184,0.0006453476769155577,0.00027507319681263815,0.000583143156291233
50,0,Port_Scanning,6.492810375552382e-06,0.00010634589621346484,-0.0005915806520993068,-0.00022638535200404005,0.0007051272975143296
50,0,Ransomware,0.0012131384267607182,-7.862794240498516e-06,-4.271614178730232e-06,-0.004245644276604033,-0.0006183634047411069
50,0,SQL_injection,-0.0013480463510843884,0.0027498815733371083,-0.00663826280215549,-0.0006614857173074682,0.005897913297210241
50,0,Uploading,-0.009158638840296118,0.01196659102736592,0.011186758487935494,-0.007178490769427805,-0.006816219905577498
50,0,Vulnerability_scanner,0.0008223449292861655,0.002231049383144525,0.0012825458181062325,-0.001508263855973611,-1.5865291595967836e-05
50,0,XSS,0.0,0.0,0.0,0.0,0.0
50,1,Backdoor,0.01915325516245715,-0.03509305387504464,0.00041865151937982016,-0.027419930086820213,-0.07858557861657961
50,1,DDoS_HTTP,0.0022333954661226175,0.0018871383775696028,0.001543264671269238,0.0009664833060486637,0.0010250694120523688
50,1,DDoS_ICMP,4.493413811931431e-05,0.00017471052407277605,2.6414752466291656e-05,-0.000254115340719141,8.055926060758962e-06
50,1,DDoS_TCP,0.0,0.0,0.0,0.0,0.0
50,1,DDoS_UDP,0.0,0.0,0.0,0.0,0.0
50,1,Fingerprinting,0.02596845733647457,0.13728451647862064,0.0029691752437747835,-0.13545077702393624,-0.030771372034933752
50,1,MITM,-0.02272727272727274,0.015151515151515157,0.015151515151515157,-0.015151515151515159,0.007575757575757579
50,1,Normal,0.00020431255870325681,-0.0003421580211182051,-1.4803203659319308e-06,-0.00029955123006355686,-0.000744274625989431
50,1,Password,0.003937169520596356,-0.0034770824806204747,-0.004255398579325779,0.0010525568324055879,0.0017494471578069358
50,1,Port_Scanning,0.0,0.0,0.0,0.0,0.0
50,1,Ransomware,0.0011805914866008017,0.0011805914866008017,4.448605601684585e-05,-0.002450155085235295,4.448605601684585e-05
50,1,SQL_injection,-0.0014565545085531517,-0.00026095328542662295,0.00033522758063047746,0.0006989611788447592,0.0035653034727605565
50,1,Uploading,-0.007719236836295712,0.01473047609408394,0.014279536692953242,-0.00913422925174601,-0.007015584841615677
50,1,Vulnerability_scanner,0.00035238461146159064,0.0008872773732007344,0.0019433274674609479,-0.0014298124923525742,-0.00033347809796021774
50,1,XSS,0.0013672999424294762,-0.0020509499136442144,0.0013672999424294762,-0.0011963874496257916,0.0005127374784110536
50,2,Backdoor,0.008288553875939424,-0.03385248390356071,-0.010699893247232016,-0.028597157500002537,-0.06551065099915994
50,2,DDoS_HTTP,0.001323002764831869,0.0013225205108151764,-0.0005859995351290133,-0.0004161650776415227,0.0004545434350256061
50,2,DDoS_ICMP,-3.7472781452443e-05,5.5036086361618756e-05,-7.47310665298521e-05,-0.00020560889360054328,3.780541649910374e-05
50,2,DDoS_TCP,-8.356624854989706e-05,0.00033547165695060335,0.00012531044331009488,-0.0002936496031609041,-8.356624854989706e-05
50,2,DDoS_UDP,0.0,0.0,0.0,0.0,0.0
50,2,Fingerprinting,-0.010963110390354972,0.11608940652284293,-0.05069479253689779,-0.14009885825675295,-0.007899896800825593
50,2,MITM,-0.02272727272727274,0.015151515151515157,0.015151515151515157,-0.015151515151515159,0.007575757575757579
50,2,Normal,6.971197038552016e-05,-0.00033540669316982076,-0.00012032829881282181,-0.0003027104635563919,-0.0006104122662278332
50,2,Password,0.002078377808557551,-0.0010871171006577311,0.0007645462543351199,0.0034997975445835686,0.002354824728324676
50,2,Port_Scanning,7.258540126117152e-05,7.258540126117152e-05,-0.00029034160504468607,7.258540126117152e-05,7.258540126117152e-05
50,2,Ransomware,0.002605696753027688,0.0016858497001455161,-0.00163601460168199,-0.00343248505890788,0.0007769532074166659
50,2,SQL_injection,0.0002691791013008681,0.0019845367202630834,-0.002770362981523499,2.0689440653997674e-05,0.0034498785602451987
50,2,Uploading,-0.006711821921581322,0.010664148093447548,0.006546409020347434,-0.008095107213451459,-0.005828285513008789
50,2,Vulnerability_scanner,0.000731127541856245,0.0011535640983628434,0.001339731486076821,-0.0010143045708427537,-6.835245623469932e-05
50,2,XSS,0.00041942587265284963,0.000574817978733859,0.0004971219256933543,-0.0019107916497329124,0.00041942587265284963
50,3,Backdoor,0.012034880485072215,-0.04051257852767036,-0.010916264972407799,-0.03536363867845096,-0.06984368541690095
50,3,DDoS_HTTP,0.0028112875273901662,0.002632717589399038,-3.4199512982650375e-06,-0.0023668751549661303,0.0015311572444585162
50,3,DDoS_ICMP,5.619768219302102e-05,-0.00015188215685272844,0.00013171284731052223,3.882910489879099e-05,0.0001509258638003219
50,3,DDoS_TCP,-0.00013251676814526325,0.00037600919017458654,0.0005289649353288128,-0.0002848098898251217,-0.0004876474675330145
50,3,DDoS_UDP,0.0,0.0,0.0,0.0,0.0
50,3,Fingerprinting,0.014739723640652435,0.06808762845914548,0.021269938065603695,-0.08821708906848218,-0.009344253384501065
50,3,MITM,-0.04454545454545454,0.020606060606060607,0.020606060606060607,-0.009696969696969707,0.01303030303030303
50,3,Normal,8.880261858731919e-05,-0.00044330942043066535,-0.00011715764588353846,-0.00037345281920884527,-0.0006752412631752802
50,3,Password,0.0019240263066222488,-0.0028012687302461942,-0.00163503491150885,0.001537311247465717,0.003235481188649153
50,3,Port_Scanning,0.0001267013115565263,0.0001267013115565263,0.0008888888888888725,0.0001267013115565263,0.0001267013115565263
50,3,Ransomware,0.005692206382404891,0.005680973437040215,-0.000575777131087557,-0.006424890024007562,0.0031760266207161714
50,3,SQL_injection,-0.00013221482066812877,0.0005786764597576378,0.0020235812357854255,0.0012985144433081297,0.004860579914350242
50,3,Uploading,-0.004702882782170883,0.006708448559327895,0.006573056838289146,-0.004717315628626145,-0.0043430916066863855
50,3,Vulnerability_scanner,-3.223477509543919e-05,0.0007630820107056975,0.0008705895773288878,-0.00130903024998462,0.0002409497998589601
50,3,XSS,-4.006196250200267e-05,4.006196250200267e-05,0.0,4.006196250200267e-05,-4.006196250200267e-05
50,4,Backdoor,0.0045506794964168245,-0.028330653420946216,-0.012751451215035653,-0.022999472324576553,-0.05991177794243517
50,4,DDoS_HTTP,0.003337195600913338,0.003496806514494026,0.0001311959072148816,-0.002075833511178299,0.0018109092852596246
50,4,DDoS_ICMP,0.0012380874539619318,5.716192993795999e-05,5.8742451182961876e-05,-0.001244604288554015,-0.00010938754652883853
50,4,DDoS_TCP,0.00019091151029680583,0.00019091151029680583,0.0002439511839727219,0.0001909897976380359,-0.00018028791809337658
50,4,DDoS_UDP,0.004824483470499215,-0.0016623673992560131,-0.0009344700349688521,-0.0023021210197942473,0.0005269915206448668
50,4,Fingerprinting,0.04969081863716125,0.0824360098943465,0.038208762046409,-0.14730052335418073,-0.023035067223736043
50,4,MITM,0.4974237655018989,-0.32507200475929793,-0.23994017297185294,0.14899540292879954,-0.014099298391854835
50,4,Normal,4.937143384338334e-05,-0.0003096532913101783,-0.0001307152023205767,-0.00027557089752087147,-0.000527465419513314
50,4,Password,0.0017069626451766027,-0.0005538562912602375,-0.0006672472452531733,0.0016277828518724896,0.0026585628562873194
50,4,Port_Scanning,-0.00013972689742775546,-0.00013972689742775546,-0.00013972689742775546,-0.00013972689742775546,0.0005589075897110219
50,4,Ransomware,0.005136033014021078,0.006030138751261168,-0.0008463439541394946,-0.0058418426574035585,0.002748753780316817
50,4,SQL_injection,0.0024299917617263663,0.012675804769666621,-0.008782703017083743,-0.0052413030313122,0.007898709003831533
50,4,Uploading,-0.0031286680956097218,0.01743377309741346,0.007039067655116365,-0.010029772465029941,-0.00843738294091633
50,4,Vulnerability_scanner,0.0003326443597376105,0.00611180837745435,0.0015938308126323111,-0.0031803634956418265,-0.0018412834999715281
50,4,XSS,-0.00011306532663316743,0.00011306532663316743,0.0,0.00011306532663316743,-0.00011306532663316743
50,Aggregated,Backdoor,0.011584666038937614,-0.03659982593523083,-0.00832918095027791,-0.030483382617129493,-0.07157035659194529
50,Aggregated,DDoS_HTTP,0.0021666026558331258,0.0019006654111987911,0.00046861464616767916,-0.0011294866755754344,0.0008667273150987346
50,Aggregated,DDoS_ICMP,0.0003244002627409389,6.819460854177173e-05,4.371552946596709e-05,-0.0004011648739885613,1.0185576536070329e-05
50,Aggregated,DDoS_TCP,-5.456547634415573e-07,0.00020495526116752575,0.0001346261099043955,-0.0001334177427552837,-8.021989919445582e-05
50,Aggregated,DDoS_UDP,0.004724673122771896,-0.0016280229166638553,-0.0009001255523766942,-0.0022838775223151643,0.0005398694057087872
50,Aggregated,Fingerprinting,0.03537842269006962,0.10155493749654185,0.006232462978105545,-0.13427417901294855,-0.020297654241700238
50,Aggregated,MITM,0.3202059609754426,-0.20469806646912173,-0.1614080108823624,0.08793252057647173,0.018312423385776745
50,Aggregated,Normal,0.00011006476873895443,-0.0003772418456198893,-9.337017578993818e-05,-0.0003304664433409395,-0.0006609580640283922
50,Aggregated,Password,0.0016660263558170838,-0.0016307270769569291,-0.0010454763539780277,0.0015924516362810328,0.0021260297413496555
50,Aggregated,Port_Scanning,1.6485831740709057e-05,3.850805719900115e-05,-3.4065128581743194e-05,-3.0843021168834124e-05,0.0003003371246087461
50,Aggregated,Ransomware,0.0031347275023246523,0.0028875855894982022,-0.0005963590593484299,-0.004454241811028396,0.0012013309444208328
50,Aggregated,SQL_injection,0.000248029764305166,0.0036578159218699792,-0.0029900275285402065,-0.0014830037297351981,0.005193286118995449
50,Aggregated,Uploading,-0.006268058661197252,0.012284677090138628,0.009133925453585389,-0.007813339468366725,-0.0064652102916092505
50,Aggregated,Vulnerability_scanner,0.0004439274828998789,0.0022321558727631807,0.0014123528489095871,-0.0016880250700657313,-0.00040378034766327026
50,Aggregated,XSS,0.00032748128660012207,-0.0002602790899060493,0.00036680801304341226,-0.0005952619453632191,0.00016125173562573405
50,Centralized,Backdoor,0.011584666038937614,-0.03659982593523083,-0.00832918095027791,-0.030483382617129493,-0.07157035659194529
50,Centralized,DDoS_HTTP,0.0021666026558331258,0.0019006654111987911,0.00046861464616767916,-0.0011294866755754344,0.0008667273150987346
50,Centralized,DDoS_ICMP,0.0003244002627409389,6.819460854177173e-05,4.371552946596709e-05,-0.0004011648739885613,1.0185576536070329e-05
50,Centralized,DDoS_TCP,-5.456547634415573e-07,0.00020495526116752575,0.0001346261099043955,-0.0001334177427552837,-8.021989919445582e-05
50,Centralized,DDoS_UDP,0.004724673122771896,-0.0016280229166638553,-0.0009001255523766942,-0.0022838775223151643,0.0005398694057087872
50,Centralized,Fingerprinting,0.03537842269006962,0.10155493749654185,0.006232462978105545,-0.13427417901294855,-0.020297654241700238
50,Centralized,MITM,0.3202059609754426,-0.20469806646912173,-0.1614080108823624,0.08793252057647173,0.018312423385776745
50,Centralized,Normal,0.00011006476873895443,-0.0003772418456198893,-9.337017578993818e-05,-0.0003304664433409395,-0.0006609580640283922
50,Centralized,Password,0.0016660263558170838,-0.0016307270769569291,-0.0010454763539780277,0.0015924516362810328,0.0021260297413496555
50,Centralized,Port_Scanning,1.6485831740709057e-05,3.850805719900115e-05,-3.4065128581743194e-05,-3.0843021168834124e-05,0.0003003371246087461
50,Centralized,Ransomware,0.0031347275023246523,0.0028875855894982022,-0.0005963590593484299,-0.004454241811028396,0.0012013309444208328
50,Centralized,SQL_injection,0.000248029764305166,0.0036578159218699792,-0.0029900275285402065,-0.0014830037297351981,0.005193286118995449
50,Centralized,Uploading,-0.006268058661197252,0.012284677090138628,0.009133925453585389,-0.007813339468366725,-0.0064652102916092505
50,Centralized,Vulnerability_scanner,0.0004439274828998789,0.0022321558727631807,0.0014123528489095871,-0.0016880250700657313,-0.00040378034766327026
50,Centralized,XSS,0.00032748128660012207,-0.0002602790899060493,0.00036680801304341226,-0.0005952619453632191,0.00016125173562573405
