Round,Evaluator,Classes,1,3,0,2
0,0,Aspen,,,,
0,0,Cottonwood/Willow,,,,
0,0,Douglas-fir,,,,
0,0,Krummholz,,,,
0,0,Lodgepole Pine,,,,
0,0,Ponderosa Pine,,,,
0,0,Spruce/Fir,,,,
0,1,Aspen,,,,
0,1,Cottonwood/Willow,,,,
0,1,Douglas-fir,,,,
0,1,Krummholz,,,,
0,1,Lodgepole Pine,,,,
0,1,Ponderosa Pine,,,,
0,1,Spruce/Fir,,,,
0,2,Aspen,,,,
0,2,Cottonwood/Willow,,,,
0,2,Douglas-fir,,,,
0,2,Krummholz,,,,
0,2,Lodgepole Pine,,,,
0,2,Ponderosa Pine,,,,
0,2,Spruce/Fir,,,,
0,3,Aspen,,,,
0,3,Cottonwood/Willow,,,,
0,3,Douglas-fir,,,,
0,3,Krummholz,,,,
0,3,Lodgepole Pine,,,,
0,3,Ponderosa Pine,,,,
0,3,Spruce/Fir,,,,
0,Aggregated,Aspen,,,,
0,Aggregated,Cottonwood/Willow,,,,
0,Aggregated,Douglas-fir,,,,
0,Aggregated,Krummholz,,,,
0,Aggregated,Lodgepole Pine,,,,
0,Aggregated,Ponderosa Pine,,,,
0,Aggregated,Spruce/Fir,,,,
0,Centralized,Aspen,,,,
0,Centralized,Cottonwood/Willow,,,,
0,Centralized,Douglas-fir,,,,
0,Centralized,Krummholz,,,,
0,Centralized,Lodgepole Pine,,,,
0,Centralized,Ponderosa Pine,,,,
0,Centralized,Spruce/Fir,,,,
1,0,Aspen,0.014674768535257057,0.04137909943353006,-0.004942949301156178,-0.02628839605749771
1,0,Cottonwood/Willow,0.07699584882890087,0.02887115736971929,0.12725873792988676,0.07795598297315609
1,0,Douglas-fir,0.05535909181545113,0.05015020311019561,0.0788782407337933,0.026202115363424015
1,0,Krummholz,0.25580986394754607,0.09817834632894096,0.2603509586390747,0.2562960820336198
1,0,Lodgepole Pine,0.2670958443112934,0.1529595532405467,0.2668074221865448,0.2662246271094613
1,0,Ponderosa Pine,0.12699508981411992,0.12965153739612312,0.12629937068897823,0.12868923840416788
1,0,Spruce/Fir,0.0,0.0,0.0,0.0
1,1,Aspen,0.008325222268385312,0.02407141942448646,-0.007954752211437646,-0.028582350697367035
1,1,Cottonwood/Willow,0.0535085525294936,-0.03416273523433933,0.13306844516065985,0.05978169039558604
1,1,Douglas-fir,0.05874293036822703,0.0613588864985506,0.08228617737924859,0.019968501222251724
1,1,Krummholz,0.2539279982009624,0.10463122444724676,0.2596526581342892,0.25563161251624783
1,1,Lodgepole Pine,0.2661028154081339,0.15511142803066866,0.26580168117245767,0.2652532340782789
1,1,Ponderosa Pine,0.12681851633099006,0.13054975601118293,0.12791102988310202,0.1298691715784077
1,1,Spruce/Fir,0.0,0.0,0.0,0.0
1,2,Aspen,0.01474057947616831,0.03253376445079003,-0.0031487428955818274,-0.027482324353794513
1,2,Cottonwood/Willow,0.0763783915589153,0.022411984650460043,0.1325358935405094,0.08771433106505595
1,2,Douglas-fir,0.058555432383659824,0.04900965759772,0.07387486748765344,0.02224102412605881
1,2,Krummholz,0.25124533403184923,0.1017036785414524,0.25756441649918776,0.25315229709323667
1,2,Lodgepole Pine,0.26650490180115216,0.1541825112557729,0.2662701357021394,0.2652871797049231
1,2,Ponderosa Pine,0.12668153028595072,0.13058223396499197,0.12754407342998852,0.12912162157783943
1,2,Spruce/Fir,0.0,0.0,0.0,0.0
1,3,Aspen,0.011051397616153182,0.03801346164004026,-0.011695742008674874,-0.03013239145342346
1,3,Cottonwood/Willow,0.09182283083941555,0.04974478867393215,0.13748642893539506,0.08658149466108166
1,3,Douglas-fir,0.05365420636258067,0.05209843470559325,0.08233572975804503,0.024908019065477807
1,3,Krummholz,0.04173450754524242,0.14107379832875594,0.04225389065154536,0.03975403123026926
1,3,Lodgepole Pine,0.08428637125762899,0.1560306113127114,0.08511785259356981,0.08459516314183335
1,3,Ponderosa Pine,0.16056265896201505,0.16733653153802175,0.16215196456426437,0.16320985302057534
1,3,Spruce/Fir,-0.1140519839289289,0.33856248097821035,-0.11334696161881669,-0.11568238751651123
1,Aggregated,Aspen,0.012197991973990966,0.0339994362372117,-0.006935546604212632,-0.02812136564052068
1,Aggregated,Cottonwood/Willow,0.07467640593918133,0.01671629886494304,0.13258737639161278,0.07800837477371994
1,Aggregated,Douglas-fir,0.05657791523247966,0.05315429547801486,0.07934375383968509,0.023329914944303087
1,Aggregated,Krummholz,0.20067942593140004,0.11139676191159902,0.20495548098102426,0.2012085057183434
1,Aggregated,Lodgepole Pine,0.2209974831945521,0.1545710259599249,0.22099927291367794,0.22034005100862414
1,Aggregated,Ponderosa Pine,0.13526444884826894,0.13953001472757995,0.13597660964158328,0.13772247114524758
1,Aggregated,Spruce/Fir,-0.1140519839289289,0.33856248097821035,-0.11334696161881669,-0.11568238751651123
1,Centralized,Aspen,0.01242005442230571,0.03423250574355056,-0.006711031543884648,-0.02792151654855869
1,Centralized,Cottonwood/Willow,0.07522193030629742,0.017835275449073106,0.13285912916807543,0.07852678635604508
1,Centralized,Douglas-fir,0.056555926655242485,0.053162950694430784,0.07937538353676664,0.0233433242247721
1,Centralized,Krummholz,0.13717128429347944,0.14356049205022364,0.1399251957460738,0.1357284344893842
1,Centralized,Lodgepole Pine,0.18470219550435116,0.16162105352005007,0.18516282724328423,0.1845560690256232
1,Centralized,Ponderosa Pine,0.1438806517188667,0.14814892956866713,0.14459489412285817,0.14634011763975058
1,Centralized,Spruce/Fir,-0.09730995016962417,0.28834142962951365,-0.09669982682526228,-0.09884455671974551
2,0,Aspen,0.04427806391706712,0.054650897387588444,0.021131100315040372,0.05880677047294263
2,0,Cottonwood/Willow,0.036889392785498736,0.02621116955297231,0.04352637449118341,0.03478355141627683
2,0,Douglas-fir,0.02297719589408327,-0.03324775532644938,0.0455056783298711,0.02248154645749569
2,0,Krummholz,0.04104452677981325,-0.10148730911810304,0.0459705711197075,0.042573549129669236
2,0,Lodgepole Pine,0.027811190455856966,-0.07814415743591716,0.02804599981240054,0.027508686735144172
2,0,Ponderosa Pine,0.0013296596982838305,0.0023507361422563287,0.0009430657048313899,0.005118695844784166
2,0,Spruce/Fir,0.0,0.0,0.0,0.0
2,1,Aspen,0.039988831607375284,0.036355658638612495,0.013797036674264103,0.055565543786818855
2,1,Cottonwood/Willow,0.07789499090655337,0.057850835027390135,0.07649908710835071,0.050060760287001176
2,1,Douglas-fir,0.029575695731897948,-0.03428095619332159,0.05458133620657524,0.026158998392782323
2,1,Krummholz,0.03766573694166084,-0.09420521512427736,0.04255904723500806,0.03955743193064199
2,1,Lodgepole Pine,0.02668786754207242,-0.07452922561620516,0.026983894385043356,0.02590240614120944
2,1,Ponderosa Pine,0.0043087682937179295,0.006296042766771028,0.004683116955618895,0.002435510499964979
2,1,Spruce/Fir,0.0,0.0,0.0,0.0
2,2,Aspen,0.042079622740518734,0.046755098502514476,0.012970739644809368,0.05867965636002412
2,2,Cottonwood/Willow,0.041518026074972375,0.039785650148672524,0.045191576093895604,0.036207832212716146
2,2,Douglas-fir,0.022792298302430108,-0.03452690643052183,0.038938096340499,0.03135526007432401
2,2,Krummholz,0.04229194291161518,-0.09881989410816439,0.04397661110013753,0.04256212652172648
2,2,Lodgepole Pine,0.027131438044600886,-0.07640685647638494,0.027206737294801053,0.026813199984823528
2,2,Ponderosa Pine,0.0027323909629197916,0.004575186704534513,0.0016484864361441625,0.00456504188718491
2,2,Spruce/Fir,0.0,0.0,0.0,0.0
2,3,Aspen,0.04777296403362586,0.05033398550104728,0.022043091527459202,0.05652875999924958
2,3,Cottonwood/Willow,0.021676796294007317,0.03853766285397113,0.027417216266923033,0.02332850189259833
2,3,Douglas-fir,0.02895461205178039,-0.03523589490299976,0.04970845210286598,0.020415677913877328
2,3,Krummholz,-0.024429170099154896,0.04528162365517074,-0.01823882144345018,-0.0195235226819106
2,3,Lodgepole Pine,-0.01508880803644306,0.052442073693788414,-0.014780496438751595,-0.01636044615349992
2,3,Ponderosa Pine,0.002068731007490073,0.0037266912918798947,0.0032261209047115083,0.0027213149624460606
2,3,Spruce/Fir,-0.09809607274314554,0.28756067463167656,-0.09348362010632232,-0.09598098178220871
2,Aggregated,Aspen,0.04352987057464675,0.047023910007440675,0.01748549204039326,0.0573951826547588
2,Aggregated,Cottonwood/Willow,0.04449480151525795,0.04059632939575153,0.048158563490088194,0.03609516145214812
2,Aggregated,Douglas-fir,0.02607495049504793,-0.03432287821332314,0.04718339074495283,0.025102870709619838
2,Aggregated,Krummholz,0.024143259133483592,-0.06230769867384352,0.028566852002850727,0.026292396225031774
2,Aggregated,Lodgepole Pine,0.0166354220015218,-0.0441595414586797,0.016864033763373337,0.015965961676919303
2,Aggregated,Ponderosa Pine,0.0026098874906029064,0.004237164226360441,0.0026251975003264887,0.0037101407985950293
2,Aggregated,Spruce/Fir,-0.09809607274314554,0.28756067463167656,-0.09348362010632232,-0.09598098178220871
2,Centralized,Aspen,0.043530617464563215,0.047110304642193845,0.01751607345567686,0.057395950661996126
2,Centralized,Cottonwood/Willow,0.04394856457449118,0.04018417418694443,0.04765608020139223,0.035611406420429974
2,Centralized,Douglas-fir,0.02613584473768085,-0.03436383169743316,0.04724643996386516,0.02505701019117151
2,Centralized,Krummholz,-0.0034023472103227453,-0.014953495710071665,0.005219960262938218,0.002846612370750739
2,Centralized,Lodgepole Pine,0.007425237574711335,-0.01454411439515151,0.007704279224682244,0.006224537909252842
2,Centralized,Ponderosa Pine,0.0026151786825263277,0.004244880521787102,0.0026299832084385097,0.0037073465518522677
2,Centralized,Spruce/Fir,-0.08289513955768113,0.24217302049446177,-0.07843141921967574,-0.08084646171710494
3,0,Aspen,0.006272678299498277,-0.002846995876381176,0.010009909645316317,0.010975245051932097
3,0,Cottonwood/Willow,-0.002419161879432747,0.004256125442809423,0.012304684860459941,0.012920769734173021
3,0,Douglas-fir,0.020170132129299963,-0.02425516446025486,0.022347612775915807,0.0367782106151909
3,0,Krummholz,0.04732862337071967,-0.1276431450052958,0.045717915476625175,0.04284527953536923
3,0,Lodgepole Pine,0.026472146143679837,-0.07710099285379135,0.026152523371771524,0.026265633325833482
3,0,Ponderosa Pine,0.0033223747088807674,0.00024402181176304735,0.002540395420818816,0.0015638904779347595
3,0,Spruce/Fir,0.0,0.0,0.0,0.0
3,1,Aspen,0.008407983633360582,0.0026380063784376476,0.020508795043814906,0.012280239777036404
3,1,Cottonwood/Willow,-0.015259183113533368,-0.005694587619824183,0.0013177791454560457,0.02020657243920813
3,1,Douglas-fir,0.017324920032010555,-0.019849761669285686,0.020619350450696544,0.03417651077506599
3,1,Krummholz,0.046989542716679454,-0.12685137838642133,0.045780163748922964,0.04277112847551956
3,1,Lodgepole Pine,0.02563631278930546,-0.07492029804645925,0.02541836103201242,0.02533025558250045
3,1,Ponderosa Pine,0.0024774858121921575,-0.00101240363742978,0.0023948057786339627,0.00268016534972923
3,1,Spruce/Fir,0.0,0.0,0.0,0.0
3,2,Aspen,0.004261608157586643,0.005867277226727197,0.012417419196002345,0.011842783386392877
3,2,Cottonwood/Willow,-0.020072925227058086,-0.013382082038450649,-0.006797121074524515,0.01400827924216555
3,2,Douglas-fir,0.02549735636458657,-0.026709660157269954,0.02196829707664653,0.036753493135153976
3,2,Krummholz,0.045705832156265384,-0.1248130124209987,0.04476201565585338,0.04185356523546235
3,2,Lodgepole Pine,0.026131148557960133,-0.07577052752892201,0.02580579912101072,0.0257973919158061
3,2,Ponderosa Pine,0.0016259794645185621,-0.003956310658701769,0.0007625197733556466,0.0005848245552527073
3,2,Spruce/Fir,0.0,0.0,0.0,0.0
3,3,Aspen,0.004764833322859961,0.008564609112363333,0.022908292107161516,0.008324409703718802
3,3,Cottonwood/Willow,-0.01698487527941045,0.008395857711000395,-0.006105833935530537,0.01921288376800631
3,3,Douglas-fir,0.023613596005849394,-0.02507793440577102,0.028508994762900374,0.036286191622321835
3,3,Krummholz,-0.013271512933174625,0.03415860038992443,-0.007872674683002243,-0.011881541414299276
3,3,Lodgepole Pine,-0.014507960257312482,0.046051859338135374,-0.015653637979495427,-0.01503403198224662
3,3,Ponderosa Pine,0.0027708635172236187,-0.0008901890399368081,0.003124975277223487,0.0023410619967691357
3,3,Spruce/Fir,-0.08655076828838709,0.2562505170541934,-0.0851670162298161,-0.08453273253599015
3,Aggregated,Aspen,0.005926775853326365,0.0035557242102867504,0.01646110399807377,0.010855669479770045
3,Aggregated,Cottonwood/Willow,-0.013684036374858663,-0.0016061716261162537,0.00017987724896523363,0.016587126295888252
3,Aggregated,Douglas-fir,0.02165150113293662,-0.023973130173145382,0.023361063766539816,0.03599860153693317
3,Aggregated,Krummholz,0.03168812132762247,-0.08628723385569784,0.03209685504959982,0.028897107958012966
3,Aggregated,Lodgepole Pine,0.015932911808408237,-0.04543498977275931,0.01543076138632481,0.015589812210473352
3,Aggregated,Ponderosa Pine,0.0025491758757037763,-0.0014037203810763274,0.0022056740625079783,0.0017924855949214581
3,Aggregated,Spruce/Fir,-0.08655076828838709,0.2562505170541934,-0.0851670162298161,-0.08453273253599015
3,Centralized,Aspen,0.00591811267370083,0.0035396331075029652,0.016474527680479786,0.010830789827531611
3,Centralized,Cottonwood/Willow,-0.013503098995020371,-0.0013922035225737057,0.00022519990660652134,0.016613438475299114
3,Centralized,Douglas-fir,0.021658660924263082,-0.023916885743403237,0.02337242894769632,0.03600480491995964
3,Centralized,Krummholz,0.00946231407287613,-0.03276433411413429,0.015457434570846149,0.00991262901851909
3,Centralized,Lodgepole Pine,0.00730730825598469,-0.018851451781048023,0.006248666265345593,0.006746260229107015
3,Centralized,Ponderosa Pine,0.002549759197380782,-0.0014069487753635146,0.002203904426924049,0.0017909164799600104
3,Centralized,Spruce/Fir,-0.07172302094032738,0.21181178904959372,-0.0703544312831333,-0.06973433682613295
4,0,Aspen,0.0005613136824370266,-0.0017386740252736353,0.013960552520897956,0.0014761887147920437
4,0,Cottonwood/Willow,-0.0006239382331040683,0.0042131636703603564,0.016446335406274746,0.009079169390296621
4,0,Douglas-fir,0.013376920584967764,-0.04755620908110129,0.02119033732488143,0.011371801539142754
4,0,Krummholz,0.04501333132665194,-0.11638268486810166,0.0383138353257786,0.037592346327825835
4,0,Lodgepole Pine,0.026900271257623343,-0.07918952179448228,0.026721438714690442,0.0267300963190944
4,0,Ponderosa Pine,0.0023379858498143724,0.0005963806592869658,-0.0002645712183217223,0.003272141422690259
4,0,Spruce/Fir,0.0,0.0,0.0,0.0
4,1,Aspen,0.004134732367374413,-0.01424900764333282,0.0184209030892126,0.000915610375772089
4,1,Cottonwood/Willow,0.003925154505566246,-0.02034725754087494,0.028251415604757957,0.012642058302491798
4,1,Douglas-fir,0.01710768047230778,-0.05405966715420477,0.023172936492677782,0.015687289955695172
4,1,Krummholz,0.04055946388308475,-0.11684354460650709,0.038829590721815424,0.038822352904548656
4,1,Lodgepole Pine,0.025925630018628697,-0.07644682330374394,0.025980857692569814,0.026154462464804917
4,1,Ponderosa Pine,0.0034239252898248342,-0.00036026036922116406,0.0025724037170643623,0.00477538861531739
4,1,Spruce/Fir,0.0,0.0,0.0,0.0
4,2,Aspen,0.0033239052643995065,-0.00880208248083497,0.012701882793912942,-0.0009959824173975697
4,2,Cottonwood/Willow,-0.0019114458468387958,-0.034773986454284915,0.033552587644233516,0.012742193249289638
4,2,Douglas-fir,0.02131057097436022,-0.05006372735559858,0.024062297714411988,0.01136375826168603
4,2,Krummholz,0.04275154249754928,-0.11261077682117325,0.03770878885681353,0.03620441588211031
4,2,Lodgepole Pine,0.026600104894335463,-0.07773343632642944,0.026365403410965615,0.02627181064696037
4,2,Ponderosa Pine,0.0056067719512555665,-0.0007044112312498315,0.0014109087518513104,0.00510578307625222
4,2,Spruce/Fir,0.0,0.0,0.0,0.0
4,3,Aspen,0.00268273134490489,-0.005215698364740562,0.01406375468664752,-0.00039176316095793545
4,3,Cottonwood/Willow,-0.008184383443671664,-0.01798512293777511,0.019584720233757902,0.00658478614768887
4,3,Douglas-fir,0.017665294360814644,-0.052105232026714576,0.02348871487722144,0.012269415014250995
4,3,Krummholz,-0.02612169711255276,0.05065779401832037,-0.017196023689449596,-0.014095557385249875
4,3,Lodgepole Pine,-0.011248939749445436,0.04257087822743431,-0.013818492572311334,-0.014357313924404305
4,3,Ponderosa Pine,0.003879889620737672,-0.0046105129931103455,0.0018468188541069057,0.00471558060678869
4,3,Spruce/Fir,-0.0794387253531201,0.24438031764863113,-0.08326603228714992,-0.08167556000836108
4,Aggregated,Aspen,0.0026756706647789587,-0.007501365628545497,0.014786773272667754,0.00025101337805215687
4,Aggregated,Cottonwood/Willow,-0.0016986532545120705,-0.01722330081564365,0.02445876472225603,0.010262051772441732
4,Aggregated,Douglas-fir,0.0173651165981126,-0.0509462089044048,0.02297857160229816,0.012673066192693738
4,Aggregated,Krummholz,0.025550660148683305,-0.07379480306936541,0.02441404780373949,0.024630889432308734
4,Aggregated,Lodgepole Pine,0.01704426660528552,-0.04769972579930534,0.016312301811478636,0.016199763876613843
4,Aggregated,Ponderosa Pine,0.003812143177908111,-0.0012697009835735938,0.0013913900261752139,0.00446722343026214
4,Aggregated,Spruce/Fir,-0.0794387253531201,0.24438031764863113,-0.08326603228714992,-0.08167556000836108
4,Centralized,Aspen,0.0026504704514997354,-0.00739361253004295,0.014778233161311436,0.0002482705035217354
4,Centralized,Cottonwood/Willow,-0.0016855885953323037,-0.01689418865604814,0.024225754693005305,0.010203862524970533
4,Centralized,Douglas-fir,0.017352129192819976,-0.05100098998454514,0.022950861426974955,0.012710153912942751
4,Centralized,Krummholz,-0.006198466641321186,-0.014323619481556296,0.004405323842209106,0.008029705862129246
4,Centralized,Lodgepole Pine,0.00987821228352618,-0.0222370730239627,0.007870124749274085,0.007563355877312643
4,Centralized,Ponderosa Pine,0.003817044738263035,-0.0012599928782247398,0.0013936151234852368,0.004463221941769957
4,Centralized,Spruce/Fir,-0.06456040237340828,0.1996921815991954,-0.06835368303492685,-0.06677809619086024
5,0,Aspen,0.002072263390797908,-0.018407142034938092,0.015180513543616376,0.010328677027129312
5,0,Cottonwood/Willow,0.002717876939494268,-0.001971870763822603,-0.0001859580428958766,0.009305731378523955
5,0,Douglas-fir,0.022347025696581913,-0.03308527732186246,0.013040861313159393,0.03458119443489302
5,0,Krummholz,0.04266108618090059,-0.128518132109407,0.04583839313604502,0.04492634403438647
5,0,Lodgepole Pine,0.027490528747354238,-0.08303016601362094,0.028013183925861006,0.027970190421438213
5,0,Ponderosa Pine,0.0028070321975847876,-0.0024486800045702695,0.0012756262216661596,0.003968582399764535
5,0,Spruce/Fir,0.0,0.0,0.0,0.0
5,1,Aspen,0.008904486497309011,-0.028049939721598843,0.015788844688019856,0.017015747518217734
5,1,Cottonwood/Willow,0.004961569314381876,-0.009075110279194215,0.00480766022040013,0.007684751418364809
5,1,Douglas-fir,0.01843402100814877,-0.02789709622410015,0.014207454454496069,0.03632296277443509
5,1,Krummholz,0.04070662160420208,-0.12429474495402015,0.044032171365897314,0.04347398232447938
5,1,Lodgepole Pine,0.02623415136660735,-0.07973730440925712,0.02695733697664307,0.02679803480597634
5,1,Ponderosa Pine,0.0006371885394918971,-0.0008311269940303826,0.001302430845997506,0.0017218959149354618
5,1,Spruce/Fir,0.0,0.0,0.0,0.0
5,2,Aspen,0.004361478794312153,-0.017563364701422012,0.009605046702202606,0.008886870499414702
5,2,Cottonwood/Willow,0.014864110911629822,-0.026157859962522168,0.011797977887754866,0.014612245103140853
5,2,Douglas-fir,0.018093248451018316,-0.035001027136850923,0.012531150723421642,0.037872712475608826
5,2,Krummholz,0.0409125115173098,-0.12625431816786822,0.04637457334336168,0.04407368615597348
5,2,Lodgepole Pine,0.02703314039566169,-0.08166077082560921,0.027535996427159825,0.02737307932795253
5,2,Ponderosa Pine,0.0027810030049070142,-0.0015862577263274318,0.0014698739735365673,0.0025484050768682562
5,2,Spruce/Fir,0.0,0.0,0.0,0.0
5,3,Aspen,0.0056310700108142195,-0.019035428701560293,0.010229907802772649,0.006836769525279241
5,3,Cottonwood/Willow,0.00014172202805409298,0.0027223838788616866,-0.0034901316032034716,0.009516670761979673
5,3,Douglas-fir,0.017546360620877794,-0.02802963377844084,0.014786166688510275,0.03153043232901374
5,3,Krummholz,-0.010060277446563261,0.053276534916577356,-0.02488949770420021,-0.01685998414018523
5,3,Lodgepole Pine,-0.014993409435135404,0.037852348957876286,-0.010851045596637141,-0.01244000905774123
5,3,Ponderosa Pine,0.00171961507726275,-0.0033450062890182284,0.0018294563558347483,0.004873058700206666
5,3,Spruce/Fir,-0.0825503337353479,0.24236358267060634,-0.08137603468698444,-0.078437214248274
5,Aggregated,Aspen,0.005242324673308323,-0.02076396878987981,0.012701078184152871,0.010767016142510247
5,Aggregated,Cottonwood/Willow,0.005671319798390015,-0.008620614281669325,0.0032323871155139116,0.010279849665502322
5,Aggregated,Douglas-fir,0.0191051639441567,-0.031003258615313594,0.013641408294896844,0.03507682550348767
5,Aggregated,Krummholz,0.028554985463962297,-0.08144766507867951,0.02783891003527595,0.028903507093663527
5,Aggregated,Lodgepole Pine,0.016441102768621967,-0.05164397307265274,0.01791386793325669,0.017425323874406463
5,Aggregated,Ponderosa Pine,0.0019862097048116123,-0.002052767753486578,0.0014693468492587452,0.0032779855229437297
5,Aggregated,Spruce/Fir,-0.0825503337353479,0.24236358267060634,-0.08137603468698444,-0.078437214248274
5,Centralized,Aspen,0.005240100991496736,-0.02070611548487521,0.0126529058763242,0.010669288328805896
5,Centralized,Cottonwood/Willow,0.0054963973388906144,-0.00814950440012834,0.0030049713868285735,0.010181123080149698
5,Centralized,Douglas-fir,0.01910168140321777,-0.030926823361968104,0.013635112487156731,0.035062994332911074
5,Centralized,Krummholz,0.01442475351683981,-0.013765489779652468,-0.003633637930204265,0.006046117286325967
5,Centralized,Lodgepole Pine,0.007129408121142701,-0.027162151630908377,0.010502158858476116,0.009292867473035621
5,Centralized,Ponderosa Pine,0.0019845340118320363,-0.0020476291356196588,0.0014650622670653683,0.0032682593238777904
5,Centralized,Spruce/Fir,-0.06738981062752684,0.1969160782385216,-0.06621989578635447,-0.06330637182464031
6,0,Aspen,0.008743847054055598,-0.01858713682517232,0.017788782236062724,0.011222266381711888
6,0,Cottonwood/Willow,0.007114942500664985,0.0008069022234386547,0.0022327122521181297,0.007189870540478076
6,0,Douglas-fir,0.02210796945400594,-0.04162296087172747,0.019438122253933616,0.011244419362345446
6,0,Krummholz,0.046044459053757515,-0.13734569831832152,0.04527083899761644,0.04599328710957803
6,0,Lodgepole Pine,0.02917095461161066,-0.08845673559954688,0.029621780755162475,0.02943820073757758
6,0,Ponderosa Pine,0.003034338061009297,-0.006071474897226814,0.002511407821540098,0.002823450508205335
6,0,Spruce/Fir,0.0,0.0,0.0,0.0
6,1,Aspen,0.014481392418763887,-0.0294261782146867,0.01344588818726899,0.014132698666573518
6,1,Cottonwood/Willow,0.01100483127759358,-0.0070995694485018095,0.009677023108894725,0.01777235737555996
6,1,Douglas-fir,0.01782472389582969,-0.028064131922336807,0.012913093095954531,0.010932392610337807
6,1,Krummholz,0.04545186650541292,-0.1350262267336052,0.04584076851036208,0.04669689823285337
6,1,Lodgepole Pine,0.028088452844714618,-0.08540438193736209,0.028746582958948257,0.028720846237256903
6,1,Ponderosa Pine,0.0007320434641327663,-0.004601816235045279,0.0024991938820906703,0.0034354444586257396
6,1,Spruce/Fir,0.0,0.0,0.0,0.0
6,2,Aspen,0.011570291382387935,-0.020061623160623616,0.010314902117661723,0.01330113792175685
6,2,Cottonwood/Willow,0.024851135352683542,-0.01148296400565838,0.015229406445518442,0.023140390121894863
6,2,Douglas-fir,0.02198176361768517,-0.043387327618066025,0.01206507329114026,0.015448579481233524
6,2,Krummholz,0.045613488714520284,-0.13692885759473658,0.045743893359229765,0.04447499684155667
6,2,Lodgepole Pine,0.028843366581087476,-0.08744516416310433,0.029248390554459453,0.029113594867424725
6,2,Ponderosa Pine,0.0022833759469714963,-0.004668490804452696,0.0024108112704475104,0.00206244825914396
6,2,Spruce/Fir,0.0,0.0,0.0,0.0
6,3,Aspen,0.016954164206777315,-0.014264821905238596,0.009965410485986844,0.012882640182955237
6,3,Cottonwood/Willow,0.005915260708867322,-0.0030623968338075735,0.007665925932444556,0.01487261926515727
6,3,Douglas-fir,0.021774748416393718,-0.031626099036222176,0.010529095806943603,0.006803379400368366
6,3,Krummholz,-0.014063122738235465,0.04480045420793898,-0.014779448497788542,-0.021139793407565777
6,3,Lodgepole Pine,-0.012099535125600719,0.03563629796451002,-0.011581243376950046,-0.01085694084301784
6,3,Ponderosa Pine,0.0029758652329725612,-0.004225792091707231,0.0029639128436268016,0.0027402018460707203
6,3,Spruce/Fir,-0.08185646403473819,0.24824574435077307,-0.08238174248998918,-0.0840075378260457
6,Aggregated,Aspen,0.012937423765496184,-0.02058494002643031,0.01287874575674507,0.012884685788249374
6,Aggregated,Cottonwood/Willow,0.012221542459952358,-0.005209507016132277,0.008701266934743964,0.015743809325772542
6,Aggregated,Douglas-fir,0.02092230134597863,-0.036175129862088116,0.013736346111993003,0.011107192713571286
6,Aggregated,Krummholz,0.030761672883863812,-0.09112508210968108,0.03051901309235494,0.029006347194105574
6,Aggregated,Lodgepole Pine,0.01850080972795301,-0.05641749593387582,0.019008877722905035,0.01910392524981034
6,Aggregated,Ponderosa Pine,0.0022564056762715305,-0.004891893507108005,0.00259633145442627,0.0027653862680114384
6,Aggregated,Spruce/Fir,-0.08185646403473819,0.24824574435077307,-0.08238174248998918,-0.0840075378260457
6,Centralized,Aspen,0.012968986204277272,-0.02047414035236766,0.012849209776485843,0.012889851988654505
6,Centralized,Cottonwood/Willow,0.012012696640069376,-0.005090867334964999,0.008545763140834254,0.015581975218309082
6,Centralized,Douglas-fir,0.02091541603191825,-0.03607382736077596,0.01372033172003558,0.011062876626145126
6,Centralized,Krummholz,0.009450811237726056,-0.024065944634518915,0.008513626145160186,0.0008899024364382261
6,Centralized,Lodgepole Pine,0.010012632461829383,-0.031078608426192044,0.01064159562765372,0.01119364951064821
6,Centralized,Ponderosa Pine,0.0022540185818455682,-0.004886593682803021,0.0025935456762083142,0.002758778712963863
6,Centralized,Spruce/Fir,-0.06624224337473521,0.20137529659309714,-0.06676212520110458,-0.06837092801725733
7,0,Aspen,0.0009242548000666118,-0.04865719675442911,0.019990234235384357,0.012480019215654016
7,0,Cottonwood/Willow,0.006163038249404849,-0.00896599577599049,0.005332214995160021,0.010299752885954055
7,0,Douglas-fir,0.0013441392374672855,-0.04839975103109421,0.012810395658029045,0.025812670993766426
7,0,Krummholz,0.04878741447615734,-0.14457958604173574,0.047429267992539215,0.04653425087375084
7,0,Lodgepole Pine,0.03145428184460783,-0.09462693679731342,0.03159399592928039,0.03149940446740319
7,0,Ponderosa Pine,0.0013421870816057353,-0.0049252856942935686,0.0028486730724339346,0.003034608651576417
7,0,Spruce/Fir,0.0,0.0,0.0,0.0
7,1,Aspen,0.0028449597759771564,-0.05338008695148028,0.024090824023172214,0.01846987878363943
7,1,Cottonwood/Willow,0.005745219862525973,-0.0064479571743783215,0.013366942741166446,0.007544135853549322
7,1,Douglas-fir,-0.00035358167398596985,-0.030270348979003825,0.006736733010230339,0.02199478248733258
7,1,Krummholz,0.04729744701960464,-0.14338495599101875,0.045822017526067314,0.0453994913109414
7,1,Lodgepole Pine,0.030658264122840617,-0.0915701868936063,0.03054280325832927,0.030186782610941227
7,1,Ponderosa Pine,0.0026129463717231662,-0.005484822867880722,0.0035656745249528312,0.0009029111128381803
7,1,Spruce/Fir,0.0,0.0,0.0,0.0
7,2,Aspen,-6.400793076298539e-05,-0.04896871042639436,0.022727737674740487,0.015198535276482766
7,2,Cottonwood/Willow,0.01670054653698075,-0.030874115279334115,0.008879933022696273,0.014555327784817343
7,2,Douglas-fir,0.00017159698906913748,-0.04728659065207249,0.003619187946090711,0.027341639298070097
7,2,Krummholz,0.04893942108287563,-0.1439289348280063,0.04648113682096036,0.045219384868331
7,2,Lodgepole Pine,0.030995942225163487,-0.09328217820220859,0.030878948566711705,0.030953158743939252
7,2,Ponderosa Pine,0.0029106302097133643,-0.006378013508180014,0.0021839973729086046,0.0008332053501453607
7,2,Spruce/Fir,0.0,0.0,0.0,0.0
7,3,Aspen,0.006333849077318846,-0.05931845987870202,0.0235285591340049,0.013524968353712927
7,3,Cottonwood/Willow,0.00778553544198964,-0.0031117815785776846,0.009590108585570892,0.008862248693988958
7,3,Douglas-fir,0.0012144525002745765,-0.03725163993500191,0.004516416330111711,0.024539436912139206
7,3,Krummholz,-0.015944974674266362,0.04581182062238243,-0.015879337921879524,-0.014341777804445616
7,3,Lodgepole Pine,-0.010786377504245256,0.03202800717124329,-0.01038710663231498,-0.010705539351676846
7,3,Ponderosa Pine,0.000756201180530954,-0.002230080883342367,0.0014275723704955667,0.001373811733539824
7,3,Spruce/Fir,-0.08914400663476825,0.25762496275822844,-0.08552123236782884,-0.08295972375563135
7,Aggregated,Aspen,0.0025097639306499073,-0.05258111350275144,0.022584338766825487,0.014918350407372286
7,Aggregated,Cottonwood/Willow,0.009098585022725304,-0.012349962452070153,0.009292299836148408,0.01031536630457742
7,Aggregated,Douglas-fir,0.0005941517632062574,-0.04080208264929311,0.006920683236115451,0.02492213242282708
7,Aggregated,Krummholz,0.03226982697609281,-0.09652041405959459,0.03096327110442184,0.030702837312144404
7,Aggregated,Lodgepole Pine,0.02058052767209167,-0.06186282368047126,0.0206571602805016,0.020483451617651704
7,Aggregated,Ponderosa Pine,0.001905491210893305,-0.004754550738424168,0.0025064793351977344,0.0015361342120249453
7,Aggregated,Spruce/Fir,-0.08914400663476825,0.25762496275822844,-0.08552123236782884,-0.08295972375563135
7,Centralized,Aspen,0.002496105121131388,-0.05259806794380195,0.022554517170252197,0.014887967756483959
7,Centralized,Cottonwood/Willow,0.008999875755440673,-0.012038466364128706,0.009238169491858636,0.010250706467321596
7,Centralized,Douglas-fir,0.0006059367999336254,-0.04071598907565647,0.006902284511014725,0.024909254848079255
7,Centralized,Krummholz,0.007840702929200619,-0.02513145409001664,0.007152584750511411,0.008674475845113475
7,Centralized,Lodgepole Pine,0.011935992488536079,-0.036112942227709305,0.012211632826578287,0.011913735746272849
7,Centralized,Ponderosa Pine,0.0019123915654466934,-0.004759852418970413,0.0025066507092190624,0.0015313600000089838
7,Centralized,Spruce/Fir,-0.07298709796750186,0.20925331317028487,-0.06939793165710585,-0.06686828354567713
8,0,Aspen,0.016929773806429186,-0.06337958587371063,0.023767748707866476,0.022702842742111474
8,0,Cottonwood/Willow,0.010637647344375287,-0.018761612350753343,0.005233019776398849,0.008081440990820726
8,0,Douglas-fir,0.01945377538279311,-0.07637529821233223,0.024498107644891992,0.025466019539765905
8,0,Krummholz,0.05159876396580466,-0.1551390438290081,0.05098560231376279,0.05165101805213687
8,0,Lodgepole Pine,0.033186694419495726,-0.10008163494290212,0.0335758354605494,0.03325968843357244
8,0,Ponderosa Pine,0.0021252694124492912,-0.0057700132832682145,0.0015940896420636546,0.0032552738622687503
8,0,Spruce/Fir,0.0,0.0,0.0,0.0
8,1,Aspen,0.016591822869262366,-0.0645990892764491,0.021577292627898745,0.02557246186638515
8,1,Cottonwood/Willow,0.011800023501184179,-0.024836250214874584,0.008742180351685891,0.014653659519652066
8,1,Douglas-fir,0.013506297572882409,-0.05806514055920242,0.013807198117371975,0.01973752623393314
8,1,Krummholz,0.05058362508693709,-0.15340156128219903,0.04991987595178903,0.050675852009234246
8,1,Lodgepole Pine,0.032497365533286166,-0.0970859537038668,0.03275436034000235,0.032277831978751864
8,1,Ponderosa Pine,0.0016023582574202961,-0.003979302064752037,0.001745580806824835,0.002265859969279286
8,1,Spruce/Fir,0.0,0.0,0.0,0.0
8,2,Aspen,0.013408444339215958,-0.06559425741620863,0.017174245611395283,0.021900844417381483
8,2,Cottonwood/Willow,0.015200638401961791,-0.026357871622049292,0.013248262298107499,0.019262252118851856
8,2,Douglas-fir,0.018266543294821955,-0.0776028268396794,0.018419027513015232,0.02733756146812726
8,2,Krummholz,0.05286045789690081,-0.156293636913913,0.05187870198165958,0.05178862354729036
8,2,Lodgepole Pine,0.033038019374785094,-0.09856816798280917,0.03311466884579583,0.03286297676054927
8,2,Ponderosa Pine,0.003090067536310461,-0.003346812904079538,0.0021465619762824073,0.0020638920801922624
8,2,Spruce/Fir,0.0,0.0,0.0,0.0
8,3,Aspen,0.017826205667053514,-0.06745848738435088,0.020866515947054503,0.02188983154004853
8,3,Cottonwood/Willow,0.005224276118868225,-0.006576375493108295,0.0008690496814907495,0.010312535219527746
8,3,Douglas-fir,0.02054787512741142,-0.06648267705261118,0.01619267841005796,0.019896861270051174
8,3,Krummholz,-0.018065179261283697,0.04638684731066717,-0.011628103464844023,-0.01738223473417897
8,3,Lodgepole Pine,-0.009040769191587842,0.02889434461083044,-0.010519285747065251,-0.008894119172256335
8,3,Ponderosa Pine,0.0027989236822517824,-0.0015981088802101695,0.0008350524417751563,0.001553817505857813
8,3,Spruce/Fir,-0.09186978009241124,0.27508441382243176,-0.09359613568048168,-0.08961849804953885
8,Aggregated,Aspen,0.016189061670490258,-0.06525785498767982,0.02084645072355375,0.023016495141481658
8,Aggregated,Cottonwood/Willow,0.01071564634159737,-0.019133027420196378,0.007023128026920747,0.0130774719622131
8,Aggregated,Douglas-fir,0.017943622844477224,-0.06963148566595631,0.018229252921334288,0.02310949212796937
8,Aggregated,Krummholz,0.03424441692208971,-0.10461184867861324,0.035289019195591846,0.03418331471862063
8,Aggregated,Lodgepole Pine,0.022420327533994786,-0.0667103530046869,0.022231394724820584,0.02237659450015431
8,Aggregated,Ponderosa Pine,0.0024041547221079576,-0.00367355928307749,0.0015803212167365135,0.002284710854399528
8,Aggregated,Spruce/Fir,-0.09186978009241124,0.27508441382243176,-0.09359613568048168,-0.08961849804953885
8,Centralized,Aspen,0.016243010210437416,-0.06528054838901023,0.020858028295647674,0.023001228181332305
8,Centralized,Cottonwood/Willow,0.010645010862739196,-0.018942206726966254,0.006874953989777971,0.01297214084938339
8,Centralized,Douglas-fir,0.017959700498278258,-0.06959682697157427,0.01821788341778216,0.023096352818243016
8,Centralized,Krummholz,0.004912817667706131,-0.024697341727378083,0.012953328353219593,0.0056775506297382415
8,Centralized,Lodgepole Pine,0.013867464168491847,-0.04017715624518403,0.012892992643598056,0.013923448248320517
8,Centralized,Ponderosa Pine,0.0024058056202360865,-0.00367370659197321,0.001584300715775866,0.00228236750435451
8,Centralized,Spruce/Fir,-0.07522919712058039,0.22518433545529612,-0.07691130377795184,-0.07304383455676386
9,0,Aspen,0.023157730326035502,-0.08774077566598548,0.03508645967066078,0.02459563764705966
9,0,Cottonwood/Willow,0.012952071606649093,-0.022805525369855546,0.009571025513833506,0.00497711699150936
9,0,Douglas-fir,0.024597796164873148,-0.09055535879317937,0.021447393743307435,0.035991315830786276
9,0,Krummholz,0.060023724730039786,-0.17880525212253154,0.05704925346007214,0.06090979751814029
9,0,Lodgepole Pine,0.0353613609980993,-0.1067294968348963,0.03552243283975313,0.03551941107113382
9,0,Ponderosa Pine,0.0026989006797325985,-0.008778287839862425,0.001977363250835575,0.002465241164410483
9,0,Spruce/Fir,0.0,0.0,0.0,0.0
9,1,Aspen,0.025383335144203076,-0.08278941738437336,0.03145163732393767,0.025932811132916622
9,1,Cottonwood/Willow,0.007876858979856674,-0.02566001318251394,0.015883379566391697,-0.003798689675894353
9,1,Douglas-fir,0.01894894708632296,-0.08330820990013271,0.0203058253559698,0.03116439377724921
9,1,Krummholz,0.05946566488189484,-0.1745194533538247,0.0562932007567284,0.059685774280150566
9,1,Lodgepole Pine,0.03475705139124461,-0.10408591996470984,0.03466896972649671,0.03449579255043911
9,1,Ponderosa Pine,0.003382698931329984,-0.005649519427965923,0.0020543969189464792,0.0015834574258717278
9,1,Spruce/Fir,0.0,0.0,0.0,0.0
9,2,Aspen,0.024139801950200605,-0.08478085052214056,0.03775480529601896,0.029340267970536755
9,2,Cottonwood/Willow,0.014656650414767167,-0.028808624851092878,0.008361646835988473,0.0015564216485760285
9,2,Douglas-fir,0.030346721025979632,-0.09534612946963307,0.019202357983536495,0.0394993507803973
9,2,Krummholz,0.06104690340052032,-0.17733881111596525,0.05672189811764499,0.06018325620585487
9,2,Lodgepole Pine,0.0349254873959488,-0.1050486255379741,0.03509373298512061,0.03495340619715865
9,2,Ponderosa Pine,0.003163049853678518,-0.00595626097897677,0.001366853803124855,0.00222606197099424
9,2,Spruce/Fir,0.0,0.0,0.0,0.0
9,3,Aspen,0.023606126500875586,-0.08560123143044655,0.02849607337297066,0.023942717563426256
9,3,Cottonwood/Willow,0.009836859473607953,-0.013677061245858574,-0.0006496638772457708,0.004053276464864318
9,3,Douglas-fir,0.0235406232209879,-0.08942429191377677,0.020983489755181203,0.02843919917478797
9,3,Krummholz,-0.01095837662827547,0.03173075208390974,-0.0038280995966906936,-0.01284167243833965
9,3,Lodgepole Pine,-0.009736774657919287,0.02926992096569792,-0.012049278780129976,-0.008344898262678563
9,3,Ponderosa Pine,0.0027635038348791108,-0.005900524702954861,0.0008022159425716083,0.001535793617567116
9,3,Spruce/Fir,-0.10175104897350296,0.301865815192725,-0.10334780904722478,-0.09676695717199728
9,Aggregated,Aspen,0.02407174848032869,-0.08522806875073649,0.03319724391589702,0.02595285857848482
9,Aggregated,Cottonwood/Willow,0.01133061011872022,-0.022737806162330235,0.008291597009741976,0.0016970313572638382
9,Aggregated,Douglas-fir,0.02435852187454091,-0.08965849751918048,0.020484766709498732,0.033773564890805186
9,Aggregated,Krummholz,0.04239447909604487,-0.12473319112710293,0.04155906318443871,0.04198428889145152
9,Aggregated,Lodgepole Pine,0.023826781281843356,-0.07164853034297058,0.023308964192810117,0.024155927889013253
9,Aggregated,Ponderosa Pine,0.003002038324905053,-0.0065711482374399945,0.0015502074788696296,0.0019526385447108914
9,Aggregated,Spruce/Fir,-0.10175104897350296,0.301865815192725,-0.10334780904722478,-0.09676695717199728
9,Centralized,Aspen,0.02406804392542659,-0.08523846490696178,0.03315234750368117,0.02591114428768844
9,Centralized,Cottonwood/Willow,0.011305027936573805,-0.022573552780125777,0.008181171104565807,0.0017308891498644119
9,Centralized,Douglas-fir,0.02429316563839035,-0.08974537408641507,0.020496775565309336,0.033704641761903555
9,Centralized,Krummholz,0.013987569339309378,-0.041583585686370376,0.02149994006820113,0.011290797219007151
9,Centralized,Lodgepole Pine,0.014242056383377721,-0.04276500869135911,0.012578114673109079,0.015204099546365682
9,Centralized,Ponderosa Pine,0.003003772819881123,-0.006568860245427484,0.0015505046141122136,0.00195350679096958
9,Centralized,Spruce/Fir,-0.08429787037859982,0.249678907211584,-0.08582787336253112,-0.07955316347045312
10,0,Aspen,0.026654060148976737,-0.09241179673471889,0.03950018228882101,0.031158502319150638
10,0,Cottonwood/Willow,0.015533744761499888,-0.031224175311190084,0.0077845075998644415,0.009266064877679031
10,0,Douglas-fir,0.026923066961321674,-0.09068931076912908,0.026472201324603793,0.043688329824823464
10,0,Krummholz,0.06791098820864705,-0.2021314943870526,0.07001437163837097,0.0691142587498682
10,0,Lodgepole Pine,0.03878550469590213,-0.11681109696969638,0.03900624115054018,0.039147970350934785
10,0,Ponderosa Pine,0.004173894684205213,-0.009695263522837902,0.002811261515137766,0.00311203191152438
10,0,Spruce/Fir,0.0,0.0,0.0,0.0
10,1,Aspen,0.025815171514809266,-0.08601304636928642,0.036710703829172645,0.02693272487408416
10,1,Cottonwood/Willow,0.015648919453505633,-0.030700739546363588,0.01072422287347268,0.011518098923829295
10,1,Douglas-fir,0.023455909028184174,-0.09141927972424453,0.026499517231334885,0.04042164398061915
10,1,Krummholz,0.06675090902727517,-0.1962205211943555,0.06617237069845591,0.06717756269978366
10,1,Lodgepole Pine,0.03795733463901374,-0.11452144537351616,0.03824610288237792,0.03810261063157664
10,1,Ponderosa Pine,0.00156273442427185,-0.009483437529226257,0.0029300890489976084,0.0026292704559121027
10,1,Spruce/Fir,0.0,0.0,0.0,0.0
10,2,Aspen,0.02252596036652982,-0.09485505829902112,0.040055018969505064,0.028200226776286166
10,2,Cottonwood/Willow,0.02145270083007325,-0.030841099944594486,0.008616922448910574,0.006966166931097352
10,2,Douglas-fir,0.030107598840695846,-0.09748225583397845,0.024232926661198483,0.04437728572504227
10,2,Krummholz,0.0673201958549761,-0.19708178518628694,0.06721147979324969,0.06738437979324628
10,2,Lodgepole Pine,0.03825132062903941,-0.11498736280392079,0.03852359905091627,0.03841075885752665
10,2,Ponderosa Pine,0.00401122395740619,-0.00870384166838431,0.0027982246605771735,0.0017419469415476025
10,2,Spruce/Fir,0.0,0.0,0.0,0.0
10,3,Aspen,0.02308893747096366,-0.09119466022989813,0.03551559285622407,0.027196024368805926
10,3,Cottonwood/Willow,0.011184302621756506,-0.017130580371450294,0.002624601793603789,0.008036711024163359
10,3,Douglas-fir,0.03013475241719339,-0.09679503167976918,0.023495848552603348,0.0422790021167353
10,3,Krummholz,-0.005890767387668969,0.020736247872303555,-0.009187092653876556,-0.008539542376157087
10,3,Lodgepole Pine,-0.008449795704455356,0.024574941372320625,-0.007606082097705413,-0.008143155122190826
10,3,Ponderosa Pine,0.003304395405430871,-0.010356216403167251,0.0018306820258889485,0.002885610297940248
10,3,Spruce/Fir,-0.10661019221232537,0.31975611820680655,-0.10624267316115467,-0.10690325283332651
10,Aggregated,Aspen,0.024521032375319874,-0.09111864040823114,0.0379453744859307,0.028371869584581724
10,Aggregated,Cottonwood/Willow,0.01595491691670882,-0.02747414879339961,0.0074375636789628715,0.008946760439192259
10,Aggregated,Douglas-fir,0.02765533181184877,-0.0940964695017803,0.025175123442435127,0.04269156541180504
10,Aggregated,Krummholz,0.04902283142580734,-0.14367438822384787,0.04855278236905,0.04878416471668526
10,Aggregated,Lodgepole Pine,0.02663609106487498,-0.08043624094370318,0.02704246524653224,0.02687954617946181
10,Aggregated,Ponderosa Pine,0.0032630621178285314,-0.00955968978090393,0.002592564312650374,0.0025922149017310833
10,Aggregated,Spruce/Fir,-0.10661019221232537,0.31975611820680655,-0.10624267316115467,-0.10690325283332651
10,Centralized,Aspen,0.024513966413024075,-0.09104944977031472,0.03789003411499311,0.028345167653734998
10,Centralized,Cottonwood/Willow,0.015922558915109842,-0.027351146113462576,0.007352092376053249,0.008955654149857375
10,Centralized,Douglas-fir,0.02766989219956976,-0.09416176850498299,0.025181544447762244,0.04269751027931995
10,Centralized,Krummholz,0.01982929855285051,-0.05467806766195934,0.016068455164156975,0.017169449835223994
10,Centralized,Lodgepole Pine,0.0164261561599659,-0.05007414254757734,0.017168860738313713,0.016773902419902176
10,Centralized,Ponderosa Pine,0.0032616522743723064,-0.00955294256431862,0.002593604213408651,0.0025887669397309985
10,Centralized,Spruce/Fir,-0.08815911634332609,0.2644612608331722,-0.08783089550430238,-0.08847124898554375
11,0,Aspen,0.020701241750904844,-0.07055339107581086,0.03226623044146985,0.021111603052544753
11,0,Cottonwood/Willow,0.010892064514666927,-0.026175751926020518,0.005235761938906726,0.0078656404917024
11,0,Douglas-fir,0.021675929808246407,-0.07031298790547838,0.03320185796471481,0.033314637570647475
11,0,Krummholz,0.06601705282034433,-0.19393599614721765,0.06540052971265159,0.0645956848301253
11,0,Lodgepole Pine,0.04229134538837446,-0.12608626902339296,0.042073590930442585,0.04201570370464147
11,0,Ponderosa Pine,0.005148768740422351,-0.012862851765524477,0.001229463244138168,0.0037261895541531864
11,0,Spruce/Fir,0.0,0.0,0.0,0.0
11,1,Aspen,0.020486915407095546,-0.061641959036658735,0.02947165236973229,0.018961571349070876
11,1,Cottonwood/Willow,0.008300729382654257,-0.009528299584233152,0.009686978020255912,0.00584733423351505
11,1,Douglas-fir,0.021847051294132346,-0.07301156545770905,0.031845532786915536,0.032637216034135066
11,1,Krummholz,0.06460663048870369,-0.18648663233937376,0.06295436445287604,0.06212961919941917
11,1,Lodgepole Pine,0.04201705955531205,-0.12522236158391695,0.041642904241777405,0.041404816764511805
11,1,Ponderosa Pine,0.0035415731361169247,-0.011184107947698946,0.0031726400793153455,0.003954682651431739
11,1,Spruce/Fir,0.0,0.0,0.0,0.0
11,2,Aspen,0.020185479507282302,-0.06446679323704907,0.03571667692432712,0.018108372220262188
11,2,Cottonwood/Willow,0.0044282741831165135,-0.012494321153869855,0.0005350461194953601,0.0028896506402875297
11,2,Douglas-fir,0.026811576630634906,-0.07374817151247148,0.033785233197647944,0.03763609571203492
11,2,Krummholz,0.06504733720181342,-0.18790870192891843,0.06361908883908879,0.06294120180330864
11,2,Lodgepole Pine,0.04187804960026257,-0.12494164626110271,0.04176452241614229,0.04164187601251169
11,2,Ponderosa Pine,0.0034821754089154147,-0.012037976469127298,0.0006701268271229003,0.0029507056684105284
11,2,Spruce/Fir,0.0,0.0,0.0,0.0
11,3,Aspen,0.021369495166487205,-0.05863390426702767,0.03351879333965157,0.020918257510189678
11,3,Cottonwood/Willow,0.004733130675542078,-0.00834998167391321,-0.0008095774924768059,-0.0010877992571623103
11,3,Douglas-fir,0.028393727185193018,-0.0779614973417407,0.03444185980391864,0.03749278772211827
11,3,Krummholz,-0.008595814663567255,0.013618672282094879,-0.008740364105676537,-0.0049782733026313974
11,3,Lodgepole Pine,-0.005655676918636776,0.019068550981245602,-0.0050257491843459234,-0.0064368737953647
11,3,Ponderosa Pine,0.004722160644361244,-0.012786561779721836,0.0006581547424633349,0.0028896443401287644
11,3,Spruce/Fir,-0.10846558690608009,0.32183355014291287,-0.106229127160196,-0.10713883607663673
11,Aggregated,Aspen,0.020685782957942475,-0.06382401190413658,0.032743338268795205,0.019774951033016873
11,Aggregated,Cottonwood/Willow,0.007088549688994944,-0.014137088584509183,0.0036620521465452983,0.0038787065270856676
11,Aggregated,Douglas-fir,0.02468207122955167,-0.0737585555543499,0.03331862093829923,0.03527018425973393
11,Aggregated,Krummholz,0.04676880146182355,-0.13867816453335374,0.04580840472473498,0.04617205813255543
11,Aggregated,Lodgepole Pine,0.030132694406328077,-0.08929543147179175,0.030113817101004088,0.029656380671575066
11,Aggregated,Ponderosa Pine,0.004223669482453983,-0.01221787449051814,0.0014325962232599372,0.0033803055535310544
11,Aggregated,Spruce/Fir,-0.10846558690608009,0.32183355014291287,-0.106229127160196,-0.10713883607663673
11,Centralized,Aspen,0.02067691923102383,-0.0637772828179668,0.03271671569069316,0.019764703125313133
11,Centralized,Cottonwood/Willow,0.007170986760079314,-0.014216273501765991,0.0035818845831958692,0.0038302547641494156
11,Centralized,Douglas-fir,0.02471388109318354,-0.07381697106059394,0.03335223295935703,0.03529003410246575
11,Centralized,Krummholz,0.016255897486490745,-0.06335947991572911,0.015604834970027764,0.02029884064759027
11,Centralized,Lodgepole Pine,0.019876745129590354,-0.05762293978224655,0.020218316657926196,0.019112743896951043
11,Centralized,Ponderosa Pine,0.004218160841040051,-0.012207372836145971,0.0014348281409281294,0.0033785364882397786
11,Centralized,Spruce/Fir,-0.0892385222874993,0.26454645845012265,-0.08722664590251746,-0.0880812902601059
12,0,Aspen,0.001794336011480736,-0.01066325439273797,0.017543414095617646,0.009360410555839966
12,0,Cottonwood/Willow,0.008806608956885722,-0.020012257698073178,0.008206086628177706,0.008233998019012562
12,0,Douglas-fir,0.02507890137091345,-0.03989865779970064,0.016082721607522863,0.02553005526548494
12,0,Krummholz,0.03269169617793918,-0.10084734242982496,0.031208872989780884,0.031643096926993665
12,0,Lodgepole Pine,0.03644522725246636,-0.10969736129496353,0.0362619977966481,0.03615053732256676
12,0,Ponderosa Pine,0.004708019663007333,-0.016376595520846627,0.004785820948357546,0.005777524061040697
12,0,Spruce/Fir,0.0,0.0,0.0,0.0
12,1,Aspen,0.006646615102624605,-0.006895753561398249,0.01935332593778761,0.011073893965088148
12,1,Cottonwood/Willow,-0.00023814742744152073,-0.0026859943653572047,0.00041832886026041405,-0.001421013999747876
12,1,Douglas-fir,0.024216047564659813,-0.04079434277220755,0.016895063641048688,0.024896842240352855
12,1,Krummholz,0.029028656573031553,-0.09612080333469748,0.028305604027133318,0.028932058410196377
12,1,Lodgepole Pine,0.03584730567931247,-0.10822250066632533,0.03569796654171553,0.03526749362363529
12,1,Ponderosa Pine,0.003974511796254733,-0.016363942370090766,0.004944023791056083,0.005938085200520647
12,1,Spruce/Fir,0.0,0.0,0.0,0.0
12,2,Aspen,0.0018643469987036827,-0.0076457191885091385,0.024095070038611176,0.011026702486028208
12,2,Cottonwood/Willow,0.004032297996532698,0.005663145376122752,0.002338205429863858,0.002131510932260633
12,2,Douglas-fir,0.02516683155658132,-0.04181311413889422,0.012546377492786448,0.027239512700669044
12,2,Krummholz,0.03224923188441941,-0.09310596131074067,0.0313192916053815,0.03167547355299363
12,2,Lodgepole Pine,0.035702925555591965,-0.10735673691963188,0.03572161633224594,0.035579280659841
12,2,Ponderosa Pine,0.005425905126916865,-0.015189126835234814,0.00438194261004457,0.004454870965084262
12,2,Spruce/Fir,0.0,0.0,0.0,0.0
12,3,Aspen,0.002313231800508233,-0.009801038046484745,0.021334194820730845,0.00813521085907438
12,3,Cottonwood/Willow,0.0017007102902991493,0.0030735962547927174,-0.002674428549413521,-0.0009399303070446452
12,3,Douglas-fir,0.029078267613097206,-0.043138064270954256,0.017388167213670022,0.02724338195471505
12,3,Krummholz,-0.016286944657524803,0.03163281005018258,-0.02209041292626121,-0.020044904989483425
12,3,Lodgepole Pine,-0.00762060349775875,0.02704800103666576,-0.005761509389624178,-0.006348997544983438
12,3,Ponderosa Pine,0.005497172904686857,-0.017496469806244475,0.005171660214106828,0.004846835647756453
12,3,Spruce/Fir,-0.09031801892989534,0.2667808410113665,-0.08888158976244026,-0.08758123231903087
12,Aggregated,Aspen,0.003154632478329314,-0.008751441297282525,0.02058150122318682,0.009899054466507675
12,Aggregated,Cottonwood/Willow,0.003575367454069012,-0.003490377608128728,0.002072048092222114,0.002001141161120168
12,Aggregated,Douglas-fir,0.025885012026312947,-0.04141104474543917,0.015728082488757004,0.02622744804030547
12,Aggregated,Krummholz,0.019420659994466336,-0.06461032425627013,0.01718583892400862,0.018051430975175062
12,Aggregated,Lodgepole Pine,0.02509371374740301,-0.07455714946106375,0.025480017820246347,0.025162078515264905
12,Aggregated,Ponderosa Pine,0.004901402372716447,-0.01635653363310417,0.004820861890891257,0.005254328968600515
12,Aggregated,Spruce/Fir,-0.09031801892989534,0.2667808410113665,-0.08888158976244026,-0.08758123231903087
12,Centralized,Aspen,0.003168749687219879,-0.008767426957557401,0.020554004185643838,0.009859493823658201
12,Centralized,Cottonwood/Willow,0.003634139347251606,-0.0035141212067210568,0.0020917675819201362,0.002036831006986197
12,Centralized,Douglas-fir,0.02591816938351763,-0.04139923717046611,0.015782537428991703,0.02622952014896343
12,Centralized,Krummholz,3.7119674097492915e-05,-0.026316077544326816,-0.007805500665894138,-0.0048921787328961575
12,Centralized,Lodgepole Pine,0.015661665008120728,-0.04417286463684624,0.01699722893670357,0.01644593683247217
12,Centralized,Ponderosa Pine,0.004901428471090328,-0.016351912101806337,0.004819323686179479,0.005252839940385917
12,Centralized,Spruce/Fir,-0.07370141634474368,0.217076736745239,-0.07231378480213171,-0.07106153559836353
13,0,Aspen,-0.0024512852816837107,0.016719414206065892,0.00880467893935095,0.0031893021193070505
13,0,Cottonwood/Willow,0.007238769124395065,-0.01409174176802593,0.0026489887332610818,0.01070087337131185
13,0,Douglas-fir,0.007653831756305379,-0.005730784614763405,0.004430953416404565,0.021170451130310807
13,0,Krummholz,0.015115541902519763,-0.04882067515413871,0.015702940998049336,0.01397483004963554
13,0,Lodgepole Pine,0.00878592535615729,-0.026550762070532686,0.008909003479125996,0.00882712364657178
13,0,Ponderosa Pine,0.0066580554664321945,-0.018675039244900243,0.006176591629434912,0.007199697902532655
13,0,Spruce/Fir,0.0,0.0,0.0,0.0
13,1,Aspen,-0.0077971954695249856,0.019853950546120654,0.0052107231935332775,0.0015577763496884324
13,1,Cottonwood/Willow,0.0007032280472653862,-0.000985639516299051,-0.0004925400604418503,0.0030252544548693694
13,1,Douglas-fir,0.008784104986116042,-0.010982252898599448,0.004758537194174438,0.020530289195426234
13,1,Krummholz,0.01654253020017511,-0.047237032967943654,0.015666985058866666,0.01545199007987331
13,1,Lodgepole Pine,0.009012513277996773,-0.027523310974861232,0.008887846968460233,0.008689241000269113
13,1,Ponderosa Pine,0.006611922970126111,-0.019431257612751985,0.006070727199185379,0.006735317602821395
13,1,Spruce/Fir,0.0,0.0,0.0,0.0
13,2,Aspen,-0.00996462171558401,0.02754941400500679,0.005022414421811547,-0.00047608864743740875
13,2,Cottonwood/Willow,-0.002401826678175706,-0.0022887037197355797,-0.00845886028984802,0.0023794752449467216
13,2,Douglas-fir,0.01222190761176945,-0.0032455073872869286,0.004505686067361824,0.022286147944630446
13,2,Krummholz,0.013886541613739764,-0.039674159312582495,0.013971996326916064,0.012771809307167101
13,2,Lodgepole Pine,0.008410753061621987,-0.025593898460862213,0.008569758729937269,0.008408072599002068
13,2,Ponderosa Pine,0.007002365598418547,-0.018252660407710026,0.005728468094539234,0.006080948343555252
13,2,Spruce/Fir,0.0,0.0,0.0,0.0
13,3,Aspen,-0.006024325299005137,0.01916182656464038,0.010400610847898631,0.003727164508024105
13,3,Cottonwood/Willow,0.0028266381162331453,-0.0016718944266976472,-0.0034294874968586,0.006246523269042441
13,3,Douglas-fir,0.01086385814062188,-0.013363480504232084,0.003749874701691719,0.02148529448003411
13,3,Krummholz,0.007717818812701762,-0.03291692486448783,0.009252903959101583,0.00828439396380488
13,3,Lodgepole Pine,-0.01105857093183113,0.03574003157814205,-0.011593043082771601,-0.011495332075830283
13,3,Ponderosa Pine,0.006957383066459988,-0.019628304483224206,0.006541993171787201,0.0067685768614748065
13,3,Spruce/Fir,-0.05392841104949939,0.1617957034658048,-0.0539336462081527,-0.0539336462081527
13,Aggregated,Aspen,-0.006559356941449461,0.02082115133045843,0.007359606850648601,0.001999538582395545
13,Aggregated,Cottonwood/Willow,0.002091702152429473,-0.004759494857689552,-0.002432974778471847,0.005588031585042595
13,Aggregated,Douglas-fir,0.009880925623703189,-0.008330506351220467,0.004361262844908136,0.0213680456876004
13,Aggregated,Krummholz,0.0133156081322841,-0.042162198074788174,0.013648706585733413,0.012620755850120208
13,Aggregated,Lodgepole Pine,0.0037876551909862295,-0.01098198498202852,0.0036933915236879735,0.003607276292503169
13,Aggregated,Ponderosa Pine,0.00680743177535921,-0.018996815437146614,0.006129445023736682,0.006696135177596027
13,Aggregated,Spruce/Fir,-0.05392841104949939,0.1617957034658048,-0.0539336462081527,-0.0539336462081527
13,Centralized,Aspen,-0.006511265014623953,0.02074332182157126,0.0073951877105720475,0.0020238173734587425
13,Centralized,Cottonwood/Willow,0.002188435299254841,-0.004811523493051519,-0.0024438168385561287,0.005617753392048795
13,Centralized,Douglas-fir,0.009874812503872071,-0.00841399158548311,0.004364042708172945,0.021367061748576905
13,Centralized,Krummholz,0.014197595960809212,-0.056799828886987,0.016133236674099747,0.014828968774441514
13,Centralized,Lodgepole Pine,-0.0024628532308690054,0.009172177747062518,-0.0028162880981357683,-0.002830578969006098
13,Centralized,Ponderosa Pine,0.006808241438898438,-0.018997695416754213,0.006129853238522008,0.006691697124398664
13,Centralized,Spruce/Fir,-0.04924630025257218,0.14774937494812806,-0.049251534835744674,-0.04925153985981121
14,0,Aspen,-0.011715936239909033,0.022271759495923568,-0.00038888098838688506,-0.0025036485139433525
14,0,Cottonwood/Willow,0.007836098513732662,-0.01238881268238834,0.0031990734633398263,0.010302186566613414
14,0,Douglas-fir,0.001895792239623185,0.003186723685189625,0.007917475660547221,0.007371458051265318
14,0,Krummholz,0.015543056994315324,-0.03527079284202022,0.01451346530761502,0.015370811141473253
14,0,Lodgepole Pine,0.0024969328179701433,-0.006513841665710303,0.002514028125544465,0.0025435832325859296
14,0,Ponderosa Pine,0.005932705919687142,-0.016078771354921233,0.004712160535266722,0.006088851974993148
14,0,Spruce/Fir,0.0,0.0,0.0,0.0
14,1,Aspen,-0.013577192898363682,0.029868702691025945,-0.00309969822401078,-0.0047342166767685755
14,1,Cottonwood/Willow,0.007267318751662995,-0.001975504905809148,-0.00047996817088952204,-0.0021060578256429188
14,1,Douglas-fir,0.0020877623546675986,0.0012970065565955414,0.008003639555415365,0.006112632135735693
14,1,Krummholz,0.014592017865509252,-0.033649054527911226,0.01456346825120062,0.014786494033808106
14,1,Lodgepole Pine,0.0027422133775942734,-0.007349745413985263,0.0027791402419923747,0.002598621874062318
14,1,Ponderosa Pine,0.005147274883504277,-0.016386739531954953,0.005159187393273913,0.005101951367642993
14,1,Spruce/Fir,0.0,0.0,0.0,0.0
14,2,Aspen,-0.013577574002511162,0.031655692974651185,0.0010629992080153406,-0.004292602233565336
14,2,Cottonwood/Willow,0.0014908407443232536,0.0017735897275304908,-0.0019924658499690107,0.004073135883351888
14,2,Douglas-fir,0.0007277364120580887,0.0102726009303232,0.0058162721700148285,0.0037292695992249734
14,2,Krummholz,0.011620232692586921,-0.02751014535837019,0.010481465172566595,0.011369982160414072
14,2,Lodgepole Pine,0.0019574643151375284,-0.0051459955304132094,0.0019974802054503007,0.0020752469422636497
14,2,Ponderosa Pine,0.005068320707574052,-0.013795357596400845,0.004041549643372462,0.004892116965131439
14,2,Spruce/Fir,0.0,0.0,0.0,0.0
14,3,Aspen,-0.014170786405220681,0.021985014413287096,7.737348614462551e-05,-0.0027341937477235547
14,3,Cottonwood/Willow,0.00029272070408499035,-0.0045336253149293,0.0007864168421591045,-0.0018431887781651113
14,3,Douglas-fir,0.005112928667050464,0.0024323003333431245,0.009692117296525781,0.007418248026106129
14,3,Krummholz,0.014793443853964874,-0.039215494194264865,0.012832514560209222,0.015009529818619994
14,3,Lodgepole Pine,-0.002003755614014451,0.00503908134220675,-0.0016139874443717127,-0.0022854740052555417
14,3,Ponderosa Pine,0.006160495719813956,-0.016262177634747892,0.004844996117816043,0.00532497023548482
14,3,Spruce/Fir,-0.00015721045763964219,0.00047163137291892656,-0.00015721045763964219,-0.00015721045763964219
14,Aggregated,Aspen,-0.01326037238650114,0.02644529239372195,-0.0005870516295594248,-0.003566165293000205
14,Aggregated,Cottonwood/Willow,0.0042217446784509755,-0.004281088293899074,0.0003782640711600995,0.0026065189615393177
14,Aggregated,Douglas-fir,0.0024560549183498337,0.004297157876362873,0.0078573761706258,0.006157901953083029
14,Aggregated,Krummholz,0.014137187851594093,-0.033911371730641626,0.013097728322897864,0.014134204288578856
14,Aggregated,Lodgepole Pine,0.0012982137241718734,-0.0034926253169755067,0.001419165282153857,0.0012329945109140889
14,Aggregated,Ponderosa Pine,0.005577199307644857,-0.01563076152950623,0.004689473422432285,0.0053519726358131
14,Aggregated,Spruce/Fir,-0.00015721045763964219,0.00047163137291892656,-0.00015721045763964219,-0.00015721045763964219
14,Centralized,Aspen,-0.013254173376971282,0.02635412155452708,-0.0005887669777630509,-0.0035505400068311147
14,Centralized,Cottonwood/Willow,0.004292003540068738,-0.004369035925848512,0.0003943903784994947,0.0026124893071714874
14,Centralized,Douglas-fir,0.002477257666541425,0.0042644944252106425,0.00787804082568556,0.006179737185363928
14,Centralized,Krummholz,0.023935306695322022,-0.06215683148149611,0.021086825101332946,0.024209423022379207
14,Centralized,Lodgepole Pine,-0.0004809527239897175,0.0010496342094490168,-0.00016807798443970365,-0.0006652488188327125
14,Centralized,Ponderosa Pine,0.0055754996550240925,-0.015629699062217135,0.00468873981517387,0.005349280478908258
14,Centralized,Spruce/Fir,-0.00015719315895372233,0.000471579476861167,-0.00015719315895372233,-0.00015719315895372233
15,0,Aspen,-0.0117529718865405,0.01750149936546695,-4.75258179719514e-05,-0.009854068030404894
15,0,Cottonwood/Willow,0.006555628499700881,-0.011405620557684154,0.0011666648587371302,0.005738253454725127
15,0,Douglas-fir,-0.0032937895205061205,0.013416066228149484,-0.0013448298091084665,0.0010523028523712157
15,0,Krummholz,0.011863089335413293,-0.02029130000050569,0.010707255222846703,0.011482875739900136
15,0,Lodgepole Pine,0.0018820662341742695,-0.004551904160354374,0.0020137135510109685,0.0019054909053231965
15,0,Ponderosa Pine,0.005089565454922766,-0.011899537900203908,0.004244788137204081,0.004816178200105603
15,0,Spruce/Fir,0.0,0.0,0.0,0.0
15,1,Aspen,-0.01118886326346428,0.021791827361908017,-0.0007941882039766516,-0.010393001365815816
15,1,Cottonwood/Willow,0.0053160289104222935,-0.0069276491409243175,0.0015298547846891535,0.00038394871996863533
15,1,Douglas-fir,-0.003609729762624502,0.019549391359632587,-0.006238769597451348,-0.0015171310237025216
15,1,Krummholz,0.010195889469617839,-0.0202571807624304,0.009738913228181842,0.010002888941313811
15,1,Lodgepole Pine,0.002373005691022121,-0.005215890331633527,0.0024103288559271705,0.0021474776103906634
15,1,Ponderosa Pine,0.004571544239831212,-0.011592584994795188,0.00414012945640907,0.00397615217904664
15,1,Spruce/Fir,0.0,0.0,0.0,0.0
15,2,Aspen,-0.0109342232423355,0.02406861037103453,-0.00407789785237495,-0.011001779416462526
15,2,Cottonwood/Willow,0.0023617147621192067,-0.0077572232609140574,0.0038527881434416342,0.006889471280438958
15,2,Douglas-fir,-0.0031457116383724567,0.020294555586393894,-0.007501738892138329,-0.004603266452425411
15,2,Krummholz,0.008063559892594626,-0.014838703421586793,0.007359477113711654,0.006667691636570716
15,2,Lodgepole Pine,0.0015105737537897586,-0.0033844227529566486,0.0016145214083799486,0.00136287006470547
15,2,Ponderosa Pine,0.004916304872688561,-0.010468000300774058,0.0035449513425272936,0.003660816744920886
15,2,Spruce/Fir,0.0,0.0,0.0,0.0
15,3,Aspen,-0.0055086852014298625,0.016778435665226885,-0.0011850741745220578,-0.007093861064630183
15,3,Cottonwood/Willow,0.002583911426995905,-0.003023755058249672,0.0031927747764746253,0.0022471721626986982
15,3,Douglas-fir,-0.0020637419808851912,0.019486913236998735,-0.005791181328812571,-0.0016990412740636774
15,3,Krummholz,0.015238409377554163,-0.03257866565077926,0.012876883323697135,0.014540002253054496
15,3,Lodgepole Pine,-0.002232576365804248,0.004078863977539746,-0.0016652099953342093,-0.0021209296138137664
15,3,Ponderosa Pine,0.005693751929562628,-0.01219701589565661,0.004633620640747969,0.0047587339226396
15,3,Spruce/Fir,0.0,0.0,0.0,0.0
15,Aggregated,Aspen,-0.009846185898442536,0.020035093190909094,-0.0015261715122114026,-0.009585677469328355
15,Aggregated,Cottonwood/Willow,0.004204320899809572,-0.007278562004443051,0.0024355206408356355,0.0038147114044578545
15,Aggregated,Douglas-fir,-0.003028243225597068,0.018186731602793674,-0.005219129906877678,-0.0016917839744550985
15,Aggregated,Krummholz,0.01134023701879498,-0.021991462458825533,0.010170632222109333,0.010673364642709791
15,Aggregated,Lodgepole Pine,0.0008832673282954753,-0.002268338316851201,0.0010933384549959694,0.0008237272416513909
15,Aggregated,Ponderosa Pine,0.005067791624251292,-0.01153928477285744,0.004140872394222103,0.004302970261678182
15,Aggregated,Spruce/Fir,0.0,0.0,0.0,0.0
15,Centralized,Aspen,-0.009790599520209484,0.019989328360656446,-0.0015057956533528806,-0.009539426524172672
15,Centralized,Cottonwood/Willow,0.00424883931773265,-0.007292144972499609,0.0023870522145496287,0.003798190341075952
15,Centralized,Douglas-fir,-0.003035730573228585,0.01820335430230902,-0.005222706317408875,-0.0016970060336585536
15,Centralized,Krummholz,0.023410018672223986,-0.04865462221239223,0.020021494022001752,0.022117194059303708
15,Centralized,Lodgepole Pine,-0.0008409011149126122,0.001083659652100379,-0.00035540790924209104,-0.0008008440084659452
15,Centralized,Ponderosa Pine,0.005066441176377186,-0.011536012930540815,0.00414111386234813,0.004300482133683429
15,Centralized,Spruce/Fir,0.0,0.0,0.0,0.0
16,0,Aspen,-0.012877749816745221,0.01321224559588327,0.0008107692687965481,-0.005351236721454479
16,0,Cottonwood/Willow,0.005034297529918436,-0.010381662598547956,0.00023789762088448815,0.0047323935412593625
16,0,Douglas-fir,-0.014176167008172808,0.019852415584113967,-0.011834680280766641,0.0012712948965323129
16,0,Krummholz,0.0067702386519847,-0.009613794639929405,0.0057284614784755645,0.006415211215830469
16,0,Lodgepole Pine,0.0011214562048445416,-0.002472024952469426,0.0012280072036685297,0.001296900735647431
16,0,Ponderosa Pine,0.0033784414551071285,-0.007556613028134114,0.0028905353086110344,0.0038725655116851145
16,0,Spruce/Fir,0.0,0.0,0.0,0.0
16,1,Aspen,-0.01398534427473142,0.01929684973854678,-0.004413228367037257,-0.008514066093424491
16,1,Cottonwood/Willow,0.005964782984605056,-0.00905403171163452,-0.00016983964306907517,0.0021687881481445384
16,1,Douglas-fir,-0.013273324603205489,0.021920318245193887,-0.011761488532913866,-0.00045675321908822397
16,1,Krummholz,0.006705836770598837,-0.009307883144599766,0.006563322593385444,0.006761361793542096
16,1,Lodgepole Pine,0.0016689730181609446,-0.0031456288708505975,0.001765228782258201,0.0014990614628354881
16,1,Ponderosa Pine,0.004010650474947734,-0.008974195850686132,0.003872267552187577,0.0037312657415169794
16,1,Spruce/Fir,0.0,0.0,0.0,0.0
16,2,Aspen,-0.01004477274397778,0.019486009094380266,-0.002889951236638789,-0.008015875399266084
16,2,Cottonwood/Willow,0.003026178695702033,-0.003175859887383901,0.00020532591595505875,0.010370404636202452
16,2,Douglas-fir,-0.008160905269252375,0.023992009780120786,-0.01117585160063477,-0.0003236005067452641
16,2,Krummholz,0.005365603800536837,-0.0076799777006577585,0.0047871015937118915,0.005232661070709077
16,2,Lodgepole Pine,0.0010185974250122298,-0.0019133020609646372,0.001164489757531778,0.0009910935031070083
16,2,Ponderosa Pine,0.004926212772844903,-0.007342799029272558,0.0033922326364189126,0.002982233663896383
16,2,Spruce/Fir,0.0,0.0,0.0,0.0
16,3,Aspen,-0.007514332431178462,0.016589805811969952,-0.001036457096884986,-0.0050547115163875195
16,3,Cottonwood/Willow,0.0023411374350775873,-0.006263485618735974,-0.0004325709601968967,0.001960053735291243
16,3,Douglas-fir,-0.011052475462657599,0.025224457393855745,-0.014362313747435745,-0.00316413091162795
16,3,Krummholz,0.01062353394440269,-0.02318354640193322,0.01202735503452588,0.010785444781063573
16,3,Lodgepole Pine,-0.0011811078369801848,0.0028369729322345882,-0.0016139092603177363,-0.0015204079545274678
16,3,Ponderosa Pine,0.00476964416382844,-0.00803056851548046,0.0034143153230363856,0.0035989645761434763
16,3,Spruce/Fir,0.0,0.0,0.0,0.0
16,Aggregated,Aspen,-0.011105549816658221,0.017146227560195067,-0.0018822168579411213,-0.006733972432633143
16,Aggregated,Cottonwood/Willow,0.004091599161325778,-0.007218759954075588,-3.979676660660625e-05,0.004807910015224399
16,Aggregated,Douglas-fir,-0.011665718085822067,0.022747300250821095,-0.012283583540437756,-0.0006682974352322813
16,Aggregated,Krummholz,0.007366303291880767,-0.012446300471780036,0.007276560175024696,0.007298669715286304
16,Aggregated,Lodgepole Pine,0.0006569797027593828,-0.0011734957380125182,0.000635954120785193,0.0005666619367656149
16,Aggregated,Ponderosa Pine,0.004271237216682051,-0.007976044105893317,0.0033923377050634773,0.003546257373310488
16,Aggregated,Spruce/Fir,0.0,0.0,0.0,0.0
16,Centralized,Aspen,-0.011072380617539013,0.01716081716902317,-0.0018777595279374781,-0.0067201140467016045
16,Centralized,Cottonwood/Willow,0.004154982100087384,-0.007232765257780521,-7.810675583925601e-05,0.0047576114585212255
16,Centralized,Douglas-fir,-0.011676473803411682,0.0227563229738089,-0.01229953177698915,-0.0007015969705212547
16,Centralized,Krummholz,0.015975883842011276,-0.03319369982136829,0.01764574277636978,0.016117822969820114
16,Centralized,Lodgepole Pine,-0.00032148340556269656,0.0009418385178093328,-0.0005917941848071021,-0.0005699927729471236
16,Centralized,Ponderosa Pine,0.004272246475465434,-0.007975628183701039,0.0033923542881564572,0.003543668215095654
16,Centralized,Spruce/Fir,0.0,0.0,0.0,0.0
17,0,Aspen,-0.007151593475270238,0.009555113610304039,0.0014592549156212248,-0.0006268604951836279
17,0,Cottonwood/Willow,0.0038423396687900604,-0.007090495654451088,0.00022126870826867187,0.0032229657087648376
17,0,Douglas-fir,-0.008230215418635145,0.020881468879609257,-0.00718756606387289,0.0005226098921451566
17,0,Krummholz,0.0019680256126311615,-0.002536825807805796,0.002107715403841572,0.0025550332291287095
17,0,Lodgepole Pine,0.0006225008718937867,-0.0011180691885845178,0.0007964571538743304,0.0007382240788152972
17,0,Ponderosa Pine,0.0026660604663665175,-0.003253046424530679,0.0014082379889262993,0.0030377510140056907
17,0,Spruce/Fir,0.0,0.0,0.0,0.0
17,1,Aspen,-0.00973287622057202,0.015604301369478902,-0.0012595596924340525,-0.008550852955529297
17,1,Cottonwood/Willow,0.006740913566948244,-0.005357341548221113,0.002499564355014324,0.0026848759110871625
17,1,Douglas-fir,-0.009396010486645628,0.020742753178982495,-0.010140104577859424,-0.00035815375066076033
17,1,Krummholz,0.002967520254715648,-0.00223527116529873,0.0028386074171772393,0.0037750395067738343
17,1,Lodgepole Pine,0.0008685522753099547,-0.0015245093848306097,0.0011299206830228947,0.0009307672474428152
17,1,Ponderosa Pine,0.0018251461066548975,-0.005850301503100887,0.0021181630431048684,0.0030489693838149277
17,1,Spruce/Fir,0.0,0.0,0.0,0.0
17,2,Aspen,-0.005269517779076832,0.011835063771582685,-0.004773951185659819,-0.005539720743877531
17,2,Cottonwood/Willow,-0.0007469627071618005,-0.001008730675085251,-0.0003822274543567779,0.005843361737166625
17,2,Douglas-fir,-0.006007710657525094,0.0231222964753181,-0.009464590105697737,-0.0023297269728115625
17,2,Krummholz,0.0021793994684940845,-0.003934676286863725,0.00171774204117033,0.0028645823937782366
17,2,Lodgepole Pine,0.0004645562813848832,-0.0010132876915171136,0.0006315070522699048,0.0005170478156027817
17,2,Ponderosa Pine,0.002447538439183559,-0.004527698404041723,0.002106123797807271,0.0018461507890179067
17,2,Spruce/Fir,0.0,0.0,0.0,0.0
17,3,Aspen,-0.0050277210477164685,0.0172532066542937,-0.004252264385640188,-0.008307503751579648
17,3,Cottonwood/Willow,0.001884434577655747,-0.006121624639772079,0.0016310687839155384,0.002252604337006118
17,3,Douglas-fir,-0.008110179990227118,0.02188426967086496,-0.01087483392829125,-0.0024040776996040736
17,3,Krummholz,0.01001194489828406,-0.016339502000934134,0.00723755316368211,0.00823558477972164
17,3,Lodgepole Pine,-0.0015264119826186168,0.0021104639294275925,-0.0006733106267079042,-0.0013298699938736568
17,3,Ponderosa Pine,0.0020546422478886404,-0.004409441889148093,0.0023229920814619998,0.002217723315512482
17,3,Spruce/Fir,0.0,0.0,0.0,0.0
17,Aggregated,Aspen,-0.00679542713065889,0.01356192135141483,-0.002206630087028209,-0.005756234486542527
17,Aggregated,Cottonwood/Willow,0.0029301812765580625,-0.004894548129382383,0.0009924185982104392,0.0035009519235061856
17,Aggregated,Douglas-fir,-0.007936029138258246,0.021657697051193706,-0.009416773668930326,-0.00114233713273281
17,Aggregated,Krummholz,0.004281722558531239,-0.006261568815225597,0.003475404506467813,0.004357559977350605
17,Aggregated,Lodgepole Pine,0.00010729936149250194,-0.00038635058387616214,0.00047114356561480644,0.00021404228699680933
17,Aggregated,Ponderosa Pine,0.0022483468150234034,-0.004510122055205346,0.0019888792278251097,0.0025376486255877517
17,Aggregated,Spruce/Fir,0.0,0.0,0.0,0.0
17,Centralized,Aspen,-0.006803803055637506,0.013668352737359469,-0.002222000099604803,-0.005780383573359503
17,Centralized,Cottonwood/Willow,0.0029697392830836757,-0.004889751399732578,0.0009677960454855805,0.003443346883743111
17,Centralized,Douglas-fir,-0.00794376042607787,0.021647028594119756,-0.009417437722792512,-0.0011496127918429373
17,Centralized,Krummholz,0.013854964729600757,-0.022054108321353683,0.009989504710604169,0.012113533001467317
17,Centralized,Lodgepole Pine,-0.0008361536002307971,0.000948517274637443,-9.932034362806579e-05,-0.0006363100252332518
17,Centralized,Ponderosa Pine,0.0022481446003030834,-0.0045121966785432914,0.001989514919509485,0.0025357220718285147
17,Centralized,Spruce/Fir,0.0,0.0,0.0,0.0
18,0,Aspen,-0.009262119558218457,0.005373753931751583,0.0037099238227502698,-0.0059052526834449575
18,0,Cottonwood/Willow,0.006498916099766698,-0.0006612429228572229,0.004174227203331049,0.005492504280174393
18,0,Douglas-fir,-0.008617028072828076,0.01720935584777102,-0.008396089598123277,-0.005599302413518896
18,0,Krummholz,0.0006527794841628409,-0.00011298688794093385,0.0006519216042102094,0.0014499874378978799
18,0,Lodgepole Pine,0.00010755541837800808,-0.0005915151960206588,0.0004311455676927571,0.0003338830690566193
18,0,Ponderosa Pine,0.0005028105297867347,-0.0012158460043072972,0.00018969738620294718,0.0016137602721375544
18,0,Spruce/Fir,0.0,0.0,0.0,0.0
18,1,Aspen,-0.006471894145048775,0.011003198695316454,-0.0022729281453195047,-0.007856423207306932
18,1,Cottonwood/Willow,0.002867011839335539,-0.0019185346361073978,0.002807980264907861,0.002068888707796553
18,1,Douglas-fir,-0.007948470491144999,0.017487190111650414,-0.004311982444853517,-0.006725697022906189
18,1,Krummholz,-0.00110627644534822,0.00022058392116935943,-0.0001388938477857038,0.0005547303295208028
18,1,Lodgepole Pine,0.0002297867219820393,-0.0005823832936487361,0.000425077676979894,0.0002525581467642997
18,1,Ponderosa Pine,0.0011359763936978722,-0.004398480554773099,0.0021163613035073414,0.0018986949743564814
18,1,Spruce/Fir,0.0,0.0,0.0,0.0
18,2,Aspen,-0.006558930061440736,0.01245361190694351,-0.0012058012557684915,-0.002272098838222339
18,2,Cottonwood/Willow,0.0010976106659984868,0.0009724101564581219,0.00016021617490719064,0.0015852665042058733
18,2,Douglas-fir,-0.010880942871208341,0.02020620928791378,-0.009293922380839731,-0.010023871944683868
18,2,Krummholz,0.0009034126571978626,-0.0019464243158840988,0.0008953199370022961,0.0015762821597128385
18,2,Lodgepole Pine,-1.356223657859405e-06,-0.0004783146651431795,0.0002579528275598042,0.0001934275301566831
18,2,Ponderosa Pine,0.0013962783672303118,-0.00353482161683355,0.0005294594529456909,0.0007366768976386403
18,2,Spruce/Fir,0.0,0.0,0.0,0.0
18,3,Aspen,-0.008624554256243042,0.01075273224560691,-0.0024687336772529025,-0.009900911052750658
18,3,Cottonwood/Willow,0.0035760065717114855,-0.004147781309005884,0.003142281053337017,0.0026903839535780036
18,3,Douglas-fir,-0.006611434505383128,0.01909224946820112,-0.006522255832314143,-0.009056521216249544
18,3,Krummholz,0.008953805461675976,-0.009095209837739615,0.0025839113104800435,0.002487482157072604
18,3,Lodgepole Pine,-0.0015945205788184258,0.0009191152091787558,6.230872177739877e-05,-8.807842165989288e-05
18,3,Ponderosa Pine,0.0009495921667546,-0.0027766382135151757,0.001034082124107133,0.001170694051306052
18,3,Spruce/Fir,0.0,0.0,0.0,0.0
18,Aggregated,Aspen,-0.0077293745052377525,0.009895824194904614,-0.0005593848138976572,-0.006483671445431221
18,Aggregated,Cottonwood/Willow,0.0035098862942030524,-0.0014387871778780957,0.0025711761741207795,0.002959260861438706
18,Aggregated,Douglas-fir,-0.008514468985141136,0.018498751178884082,-0.0071310625640326674,-0.007851348149339625
18,Aggregated,Krummholz,0.002350930289422115,-0.002733509280098822,0.0009980647509767113,0.0015171205210510314
18,Aggregated,Lodgepole Pine,-0.00031463366552905947,-0.00018327448640845467,0.00029412119850246354,0.00017294758107942731
18,Aggregated,Ponderosa Pine,0.0009961643643673797,-0.0029814465973572804,0.0009674000666907781,0.001354956548859682
18,Aggregated,Spruce/Fir,0.0,0.0,0.0,0.0
18,Centralized,Aspen,-0.007776824285723169,0.009941531615552848,-0.0005711675897323529,-0.006553387517860086
18,Centralized,Cottonwood/Willow,0.0035391225808422133,-0.0014361894924869167,0.002554215157732779,0.0029361757442291267
18,Centralized,Douglas-fir,-0.008493867463641683,0.01848967882317558,-0.007118828204499009,-0.007848837908404085
18,Centralized,Krummholz,0.011541595513717954,-0.011747803054063624,0.00334455776039159,0.003562197138675912
18,Centralized,Lodgepole Pine,-0.0011403232966549492,0.00038408038871652156,0.0002462646151228283,7.211610459009754e-05
18,Centralized,Ponderosa Pine,0.0009986112752338738,-0.002984354524665204,0.000967846946393347,0.001354209594462345
18,Centralized,Spruce/Fir,0.0,0.0,0.0,0.0
19,0,Aspen,-0.004336860384475537,0.001097226234219285,0.0057218330391009126,-0.001024960475084551
19,0,Cottonwood/Willow,0.002625125205515185,-0.004165311474911226,-0.0007287890653500106,-0.0011231946012706013
19,0,Douglas-fir,-0.00614585809415152,0.013581068999738677,-0.005981084730356333,-0.005248515814105066
19,0,Krummholz,0.00019827728548192183,0.0005592898769347284,0.00019560033531527501,0.0001351201536120191
19,0,Lodgepole Pine,0.00015631673900616075,-0.0002143871140412775,0.0003710281465128529,0.0002706614124789268
19,0,Ponderosa Pine,0.00022475550212316953,-6.723579759246312e-05,-0.0001858691680620972,0.001289199642751232
19,0,Spruce/Fir,0.0,0.0,0.0,0.0
19,1,Aspen,-0.008014741531580313,0.006794761191060497,0.003692553116554471,-0.005793662933138234
19,1,Cottonwood/Willow,0.0020779774238718074,0.0005735850048090388,0.001088024516938485,-0.0007839751880515758
19,1,Douglas-fir,-0.0063481401566122765,0.012095618922341969,-0.0046179604701128,-0.00915785359667951
19,1,Krummholz,-0.00017220611115304854,0.0006229602578605997,-0.0004897479017552941,-5.840790190507946e-05
19,1,Lodgepole Pine,0.00010811656979275996,-0.00011518867093879281,0.00039277270238870693,4.614261659372879e-05
19,1,Ponderosa Pine,0.001778644011818616,-0.003613513747114383,0.0025914486560838315,0.0015995639371682024
19,1,Spruce/Fir,0.0,0.0,0.0,0.0
19,2,Aspen,-0.004727240995575237,0.008205207096101183,-0.001958050268980364,-0.005472220144357544
19,2,Cottonwood/Willow,-0.0003575093341113833,0.0013010320908078965,0.0007427539974193912,0.0007455453754654692
19,2,Douglas-fir,-0.006251286926988633,0.020508377135845888,-0.0070639428559079774,-0.008403408051942826
19,2,Krummholz,0.0006052107180505121,-0.0016977856928695838,0.0010413198233670262,0.0005339719637292295
19,2,Lodgepole Pine,0.00010135950878923754,-1.7646551620287276e-05,0.00036044133666881156,0.00019026260542626128
19,2,Ponderosa Pine,0.0020066973254213396,-0.002253130771634563,0.0017649084603355385,0.0015187501910642516
19,2,Spruce/Fir,0.0,0.0,0.0,0.0
19,3,Aspen,-0.0068905016745180086,0.004009518894286607,0.001571200876277055,-0.004818920853961924
19,3,Cottonwood/Willow,0.002684366234849467,-0.004002922877703374,0.0007761460934558687,0.004554631682735251
19,3,Douglas-fir,-0.006116284197667979,0.01375830464511947,-0.0057700899454317806,-0.008188517278376592
19,3,Krummholz,0.0030359137576136744,-0.005449230388277278,0.003124284323871849,0.0013317739015608644
19,3,Lodgepole Pine,-0.0002879256216126909,0.00046297301674365815,-0.000229597311432711,2.9695757216036123e-05
19,3,Ponderosa Pine,0.0012228542562720361,-0.0009603004481410123,0.0007480751886285164,0.0009413994063890244
19,3,Spruce/Fir,0.0,0.0,0.0,0.0
19,Aggregated,Aspen,-0.005992336146537274,0.005026678353916893,0.0022568841907380185,-0.004277441101635563
19,Aggregated,Cottonwood/Willow,0.001757489882531269,-0.0015734043142494165,0.0004695338856159335,0.0008482518172196359
19,Aggregated,Douglas-fir,-0.0062153923438551025,0.0149858424257615,-0.005858269500452222,-0.007749573685275999
19,Aggregated,Krummholz,0.0009167989124982649,-0.0014911914865878835,0.0009678641451997139,0.0004856145292492584
19,Aggregated,Lodgepole Pine,1.9466798993866833e-05,2.893767003582514e-05,0.0002236612185344151,0.00013419059792873822
19,Aggregated,Ponderosa Pine,0.0013082377739087902,-0.0017235451911206054,0.0012296407842464472,0.0013372282943431776
19,Aggregated,Spruce/Fir,0.0,0.0,0.0,0.0
19,Centralized,Aspen,-0.006033904870006583,0.0050383512756681514,0.002251439520488202,-0.004293641799885885
19,Centralized,Cottonwood/Willow,0.0018060746993067052,-0.001602297318584513,0.0004450556344947713,0.0008564145172708556
19,Centralized,Douglas-fir,-0.006208795238523602,0.014947077868881706,-0.005844458599839762,-0.007741048808660764
19,Centralized,Krummholz,0.0038649602519018242,-0.006925742281797524,0.00396619511098358,0.0016499461879008748
19,Centralized,Lodgepole Pine,-0.00013558171400966193,0.00026575285349087857,5.986639677117248e-05,0.00013995782989258596
19,Centralized,Ponderosa Pine,0.0013093297197529035,-0.0017274143232862231,0.0012309252252266367,0.0013369382144412245
19,Centralized,Spruce/Fir,0.0,0.0,0.0,0.0
20,0,Aspen,-0.004266366261045697,0.0022399379243594106,0.004351502626484742,0.0024794235379552074
20,0,Cottonwood/Willow,0.000956400160768515,0.0026336945695897653,0.0008943664372403163,-0.0020868919704282174
20,0,Douglas-fir,-0.004914199622000029,0.009027024705851469,-0.006084911781017467,-0.003215224149457079
20,0,Krummholz,-0.0014603967948710144,0.0007772224468288735,-0.0005791413125017519,0.00018098767791972317
20,0,Lodgepole Pine,-0.00013806814755993693,-0.00015914160444567096,0.00013908551158005786,8.696088099974242e-05
20,0,Ponderosa Pine,-0.0002465340792488224,0.00030720423063881896,4.8247737700337266e-05,0.0003681005177125866
20,0,Spruce/Fir,0.0,0.0,0.0,0.0
20,1,Aspen,-0.008061778624753648,0.004501044994362814,0.0014274832451045087,-0.0004330903968365977
20,1,Cottonwood/Willow,0.0006426744808458914,0.003825083741790155,-0.0007039952068359501,0.0007245236507043747
20,1,Douglas-fir,-0.0028691457976684626,0.011288483824546924,-0.007690021153461554,-0.006890719483022477
20,1,Krummholz,-0.00045891553218404174,0.0001590177083390191,-0.00023515376215527128,-0.00024922008963059367
20,1,Lodgepole Pine,-1.3319152044148167e-05,3.1964978694232205e-05,9.147049452397822e-05,-0.00016542037712428495
20,1,Ponderosa Pine,0.0010562564011931304,-0.001809706095189989,0.001692962772716744,0.0011355786860400656
20,1,Spruce/Fir,0.0,0.0,0.0,0.0
20,2,Aspen,-0.008629703781252843,0.006933007454451953,-0.0008744428394395903,-0.0004962044371425306
20,2,Cottonwood/Willow,-0.004791349525195128,-0.0025382777657288282,0.0006044093984647151,0.0011430807313747755
20,2,Douglas-fir,-0.002189507336870266,0.015580036397468388,-0.006368041877878312,-0.009064478910035428
20,2,Krummholz,0.0007068365099711834,-0.0016151880277956814,0.0008107265281720085,0.00037279442696780407
20,2,Lodgepole Pine,-0.00010581631084114844,6.303585792327704e-05,0.00017719559963284373,-6.614245811653596e-05
20,2,Ponderosa Pine,0.0012967659679091654,-0.0024872490649065215,0.0018031939721339003,0.000702960273878885
20,2,Spruce/Fir,0.0,0.0,0.0,0.0
20,3,Aspen,-0.007970376159865863,0.005823722161406947,0.005723791382913808,0.003614622776480808
20,3,Cottonwood/Willow,0.0034598773611994225,-0.0019992794159409133,-0.001183063564021647,0.003033509304508556
20,3,Douglas-fir,-0.004887588535412306,0.011205928694349887,-0.00570026483579376,-0.0070168918094539
20,3,Krummholz,0.0048244884784533135,-0.00426040916279172,0.001804219826229865,-5.992697045400832e-05
20,3,Lodgepole Pine,-0.0008512497551986936,0.00047912898207963056,-9.069626353722567e-05,0.00023030993524547164
20,3,Ponderosa Pine,0.000440661288384131,-0.0006100661431866402,0.0004538185315570246,0.0006595818153551462
20,3,Spruce/Fir,0.0,0.0,0.0,0.0
20,Aggregated,Aspen,-0.0072320562067295134,0.004874428133645281,0.0026570836037658674,0.0012911878701142216
20,Aggregated,Cottonwood/Willow,6.690061940467509e-05,0.00048030528242754467,-9.707073378814143e-05,0.0007035554290398722
20,Aggregated,Douglas-fir,-0.0037151103229877656,0.011775368405554168,-0.006460809912037774,-0.006546828587992221
20,Aggregated,Krummholz,0.0009030031653423601,-0.0012348392588548771,0.0004501628199362126,6.115876120073131e-05
20,Aggregated,Lodgepole Pine,-0.0002771133414109818,0.00010374705356286723,7.926383554991354e-05,2.1426995251098285e-05
20,Aggregated,Ponderosa Pine,0.0006367873945594011,-0.0011499542681610829,0.0009995557535270015,0.0007165553232466708
20,Aggregated,Spruce/Fir,0.0,0.0,0.0,0.0
20,Centralized,Aspen,-0.007266324474786322,0.0049141513501496465,0.0027101864198140944,0.00132988779553229
20,Centralized,Cottonwood/Willow,0.00013223534125221073,0.000503418598504853,-0.00010273076911238022,0.0007092338679802745
20,Centralized,Douglas-fir,-0.0037297347815475287,0.011752790955681403,-0.006460673200769628,-0.006532705431929904
20,Centralized,Krummholz,0.005891431219026004,-0.0055475100962638635,0.002266983704266016,-6.216255430609625e-05
20,Centralized,Lodgepole Pine,-0.0006734686205313312,0.0003398472202981266,3.5510101297486774e-06,0.000155392312228377
20,Centralized,Ponderosa Pine,0.0006396774843201077,-0.0011537947209991721,0.0010030068434323525,0.0007174885615477596
20,Centralized,Spruce/Fir,0.0,0.0,0.0,0.0
21,0,Aspen,-0.0036799593897815417,0.002556722422333272,0.0020169471810717785,0.0002358578926888085
21,0,Cottonwood/Willow,0.0013853283242864407,0.0011649978872013966,0.0005019796163941345,-0.0030523058278819717
21,0,Douglas-fir,-0.0025692178473914057,0.006952721331767844,-0.006090577997553077,-0.0015064183235453156
21,0,Krummholz,-0.000290689949282293,0.0001368584343312181,0.000323224515271429,0.0006739550916046352
21,0,Lodgepole Pine,-3.3806099423281756e-05,4.791203019073135e-05,9.306903188637435e-05,8.650290014240262e-05
21,0,Ponderosa Pine,-0.0005168022410396064,0.0010341871035956796,-0.00044665635543508775,-0.0003315288981746804
21,0,Spruce/Fir,0.0,0.0,0.0,0.0
21,1,Aspen,-0.0019401528447585369,0.0026767616003111013,0.0032363528595104377,-0.00140662083294008
21,1,Cottonwood/Willow,-0.004792382702080507,0.001164424016304159,0.0007449909546928627,-0.0030128479811410425
21,1,Douglas-fir,-0.0008000323103047648,0.004839393449822728,-0.0066382601398534925,-0.0019468722739437126
21,1,Krummholz,0.00016192213862622115,-0.00029037183986152515,0.00020322124438817055,0.00020271194476114326
21,1,Lodgepole Pine,-6.101114112588846e-05,5.914883369051438e-05,5.4451881601487916e-05,-7.443830672839342e-05
21,1,Ponderosa Pine,0.00012920135981350778,-0.0007878150560674813,0.00023700351143982057,0.00019773676637438453
21,1,Spruce/Fir,0.0,0.0,0.0,0.0
21,2,Aspen,-0.00038306562206304645,0.0030895590880947823,-0.0003635313382513346,-0.00010832525627202383
21,2,Cottonwood/Willow,0.0015011749234544736,-0.0018430791289867354,-0.0002373174067603808,0.003578760144826073
21,2,Douglas-fir,-0.0035943067879447934,0.008945997987002,-0.010188659754098791,-0.0032113211833889968
21,2,Krummholz,0.0005150821185436102,-0.0010164952775834717,0.0008417044065949508,0.0008616410784475411
21,2,Lodgepole Pine,-8.568887386939394e-05,4.970446294929228e-05,-3.859456258986649e-05,5.580151364385314e-05
21,2,Ponderosa Pine,0.0009232205605678353,-0.0013740413541127132,0.000680570925888709,0.0007436209932588644
21,2,Spruce/Fir,0.0,0.0,0.0,0.0
21,3,Aspen,-0.003531672843165278,-0.0002649185188804091,0.0017694387396719423,-9.507255426694875e-06
21,3,Cottonwood/Willow,0.0007747946722811335,-0.0005560471208393517,-0.0012619670665589648,0.001043219515117183
21,3,Douglas-fir,-0.0013757034427525165,0.006328944254465535,-0.005886221808548142,-0.0016276234130992624
21,3,Krummholz,0.0018093804178059235,-0.002472128163510371,0.0015428079054085238,0.0011234506679740307
21,3,Lodgepole Pine,-0.00031071426083895126,0.0002475690462850529,-7.438501129750086e-05,-0.0001706228534780659
21,3,Ponderosa Pine,-0.0002684275286415257,-0.00030650483357026287,0.0003927367159329194,-0.00010225702923548814
21,3,Spruce/Fir,0.0,0.0,0.0,0.0
21,Aggregated,Aspen,-0.002383712674942101,0.002014531147964687,0.001664801860500706,-0.00032214886298749756
21,Aggregated,Cottonwood/Willow,-0.0002827711955146148,-1.7426086580132866e-05,-6.307847555808715e-05,-0.00036079353726993957
21,Aggregated,Douglas-fir,-0.00208481509709837,0.0067667642557645265,-0.007200929925013376,-0.002073058798494322
21,Aggregated,Krummholz,0.0005489236814233654,-0.0009105342116560375,0.0007277395179157685,0.0007154396956968376
21,Aggregated,Lodgepole Pine,-0.00012280509381437885,0.00010108359327889772,8.635334900123727e-06,-2.568918660505089e-05
21,Aggregated,Ponderosa Pine,6.679803767505275e-05,-0.00035854353503869446,0.00021591369945659034,0.00012689295805577008
21,Aggregated,Spruce/Fir,0.0,0.0,0.0,0.0
21,Centralized,Aspen,-0.0024446074635104628,0.0019780007344950695,0.001672850993684541,-0.0003166489149829023
21,Centralized,Cottonwood/Willow,-0.00029148747490564025,-7.794512422443223e-07,-9.396596912176573e-05,-0.0004093845211414482
21,Centralized,Douglas-fir,-0.002075224348443238,0.006754309078388397,-0.007176656846119858,-0.0020667563410625006
21,Centralized,Krummholz,0.0024133451278469573,-0.003400396593982733,0.0021497035115914296,0.001772113983525253
21,Centralized,Lodgepole Pine,-0.0002683209842679335,0.00022405342663689432,-4.391997155763402e-05,-0.00012707209072319406
21,Centralized,Ponderosa Pine,6.943291923801793e-05,-0.00036147101387064745,0.00021738934659406203,0.0001293126760425848
21,Centralized,Spruce/Fir,0.0,0.0,0.0,0.0
22,0,Aspen,-0.0031983572938698627,0.000861003359191384,0.0014209687256200448,-0.00017614544868962503
22,0,Cottonwood/Willow,0.0038686227666483255,0.0007495433930707432,0.0015644485285692216,-0.0032366086996858945
22,0,Douglas-fir,-0.0020300616208166846,0.0035480848464221983,-0.004007149749328115,-0.0012580863332202485
22,0,Krummholz,0.00043244189954470363,0.0002474652369060896,-0.0002649015967999824,0.00026804582154247675
22,0,Lodgepole Pine,2.572039425870661e-05,-9.211538821718435e-07,-4.2388645906647295e-05,-3.239731688851425e-05
22,0,Ponderosa Pine,-0.0004970875439889814,0.0007570820783677304,-0.0009419585947168055,-2.6671402496477223e-06
22,0,Spruce/Fir,0.0,0.0,0.0,0.0
22,1,Aspen,-0.0037315455961583386,-0.0004956351291401003,0.004669153775152174,-0.00044197304985373515
22,1,Cottonwood/Willow,-0.0035482677159111298,0.00036947034246963734,0.0018453575862514005,-0.0021854139272257564
22,1,Douglas-fir,0.0021240107146922363,0.0013716609075780234,-0.000727363546888446,-0.0026615259074743206
22,1,Krummholz,-0.0001186784777643668,-0.0002711604362580222,-0.0002983526756896911,0.0006881915897120802
22,1,Lodgepole Pine,-6.352587031951036e-05,5.103551589887475e-05,0.00014071791816218834,-6.0371263480592706e-05
22,1,Ponderosa Pine,0.00021680391501983456,-0.00032680178120354325,0.0008257137026954908,6.415128417122662e-05
22,1,Spruce/Fir,0.0,0.0,0.0,0.0
22,2,Aspen,-0.00039419470159285375,-1.243474360034432e-05,-0.0015089909361049036,0.00037664873966579876
22,2,Cottonwood/Willow,1.9905835214384382e-05,-0.00035335189867709743,-0.001638871733543601,0.006529161501161969
22,2,Douglas-fir,-0.001817482228844138,0.004378331956204064,-0.006620588403452162,-0.001599995384596468
22,2,Krummholz,0.00011562011398184395,-0.0001801265930307383,0.00041858634852628046,-0.0003540798694773861
22,2,Lodgepole Pine,-0.00013534430486720575,3.5530113134359574e-05,3.156886734554757e-05,-6.9159727587161e-05
22,2,Ponderosa Pine,0.0004218017118374588,-0.0007627201431022282,-2.2284933617759222e-05,0.0009446621538900338
22,2,Spruce/Fir,0.0,0.0,0.0,0.0
22,3,Aspen,-0.003036389718681698,0.001550395290696921,0.0016508458091188394,0.0028516520129523715
22,3,Cottonwood/Willow,-0.0002520355307698563,0.0010437758179884793,0.001764867878717935,0.00020676868056984654
22,3,Douglas-fir,-0.0013628093780050459,0.004960094997431969,-0.00289657648770969,-0.0011253863436299267
22,3,Krummholz,0.0015448777857802697,-9.874139824486705e-05,-0.0011287057070491259,-0.0007354452417810872
22,3,Lodgepole Pine,-0.00034411245196482493,-0.00015659385169103368,0.0005630934910280198,0.00025850095932268097
22,3,Ponderosa Pine,-0.00028047495409692463,0.0002838785478259294,0.0002604120242806947,-0.00012917602971618258
22,3,Spruce/Fir,0.0,0.0,0.0,0.0
22,Aggregated,Aspen,-0.0025901218275756884,0.0004758321942869651,0.0015579943434465386,0.0006525455635187025
22,Aggregated,Cottonwood/Willow,2.2056338795430953e-05,0.0004523594137129406,0.0008839505649987391,0.00032847688870504127
22,Aggregated,Douglas-fir,-0.000771585628243408,0.0035645431769090632,-0.003562919546844603,-0.0016612484922302409
22,Aggregated,Krummholz,0.0004935653303856126,-7.564079765688449e-05,-0.0003183434077531297,-3.3321925000979094e-05
22,Aggregated,Lodgepole Pine,-0.0001293155582232086,-1.77373441349928e-05,0.0001732479076572771,2.4143162841603255e-05
22,Aggregated,Ponderosa Pine,-3.473921780715315e-05,-1.2140324528027907e-05,3.0470549660405216e-05,0.0002192425670238575
22,Aggregated,Spruce/Fir,0.0,0.0,0.0,0.0
22,Centralized,Aspen,-0.0026406656799484543,0.000512834897998915,0.001572465700141625,0.0007028282398027682
22,Centralized,Cottonwood/Willow,6.01861906365427e-05,0.00045341726456591774,0.0009036030392033009,0.00027766336047433765
22,Centralized,Douglas-fir,-0.0007717242050923936,0.0035676764310300416,-0.0035403944617484243,-0.00165925829327906
22,Centralized,Krummholz,0.0021403893178437994,-0.00011025599894362581,-0.0016656914794403361,-0.0008847824253951456
22,Centralized,Lodgepole Pine,-0.00029437750227580733,-9.234739423732059e-05,0.0004350844906704417,0.00015520174131585426
22,Centralized,Ponderosa Pine,-3.309728933981182e-05,-1.2533518977860444e-05,3.1430323133056305e-05,0.0002205193621122962
22,Centralized,Spruce/Fir,0.0,0.0,0.0,0.0
23,0,Aspen,-0.004041865406299486,0.0017143994444656502,0.002553461131244055,0.0001522497740521165
23,0,Cottonwood/Willow,0.002496785590688305,-0.0015709827043568585,0.001226210027257581,-0.004127333598366932
23,0,Douglas-fir,-0.001648010886753884,0.002006421187624253,-0.002626141447226444,0.0034005457599676076
23,0,Krummholz,-0.00022625182246793774,0.0003149408348843141,-0.0009648187975380326,0.00019307842392836858
23,0,Lodgepole Pine,3.703128191192192e-06,3.482787594263903e-05,8.380734186806219e-06,-1.3421679390251962e-05
23,0,Ponderosa Pine,-0.00019347279172260423,-0.00018620895966307374,-0.00021587464625847744,0.0001461872903229707
23,0,Spruce/Fir,0.0,0.0,0.0,0.0
23,1,Aspen,-0.004882801685043921,0.0002020535425764821,0.004293940591624773,-0.0018478293206657115
23,1,Cottonwood/Willow,-0.0031764341842933363,-0.001838040716246316,0.0028964605178210443,0.0006117424689938422
23,1,Douglas-fir,0.0023986621107020636,0.0004253508191310873,-0.0018071939394624463,0.00034625962894535567
23,1,Krummholz,1.8971078494439686e-05,3.394404219740169e-08,-1.904080962414345e-05,0.00027806460776512904
23,1,Lodgepole Pine,-0.00011267836069928094,9.37985803480442e-06,0.00010715978839922109,-0.00010278872262285225
23,1,Ponderosa Pine,0.00021845340475703154,-0.0006578366425255925,0.000644690928851166,1.2499562863662236e-05
23,1,Spruce/Fir,0.0,0.0,0.0,0.0
23,2,Aspen,0.00032507242439143896,0.00010993305706753313,-0.0014863312496066667,0.0014003282237189292
23,2,Cottonwood/Willow,0.003625394512496688,0.0004989040042313875,-0.0011948457514171968,0.0016978575940637026
23,2,Douglas-fir,-0.001301558113468257,0.0020279963639679758,-0.004106675150005489,0.00358220045944406
23,2,Krummholz,0.0003580379511896418,-0.00011119675441974748,-8.418750424663927e-05,0.00014649007433116998
23,2,Lodgepole Pine,2.7439434271692154e-06,-4.8310714540940785e-06,-3.868931816293034e-05,8.119563211908543e-05
23,2,Ponderosa Pine,0.0009387493959018464,-0.0001728779729167814,0.0004952051342742755,3.820459001517099e-05
23,2,Spruce/Fir,0.0,0.0,0.0,0.0
23,3,Aspen,-0.006430759322208897,0.005386551362920784,0.0005813383045093304,0.0014487367992386442
23,3,Cottonwood/Willow,-0.001669610616576861,-0.0004797247981605616,0.0012845819041472732,-0.001282848637011974
23,3,Douglas-fir,-0.0005147850793361571,0.0029519105429763417,-0.0043084942541345055,0.0022730581500241542
23,3,Krummholz,0.0010186764663735678,-0.0001391130564226938,-0.0010273538432548472,0.0001679006591495553
23,3,Lodgepole Pine,-0.0002218780845996924,-1.1524891236578776e-06,0.0004699312630006049,-8.664320070357612e-05
23,3,Ponderosa Pine,0.00013480708897492533,-4.163871088907108e-05,0.00020858353755741818,-6.295717018198199e-05
23,3,Spruce/Fir,0.0,0.0,0.0,0.0
23,Aggregated,Aspen,-0.003757588497290216,0.0018532343517576124,0.001485602194442873,0.00028837136908599456
23,Aggregated,Cottonwood/Willow,0.00031903382557869897,-0.0008474610536330872,0.0010531016744521754,-0.0007751455430803403
23,Aggregated,Douglas-fir,-0.00026642299221405863,0.0018529197284249143,-0.003212126197707221,0.0024005159995952943
23,Aggregated,Krummholz,0.0002923584183974279,1.616624202101756e-05,-0.0005238502386659156,0.00019638344129355574
23,Aggregated,Lodgepole Pine,-8.202734342015298e-05,9.556043349922874e-06,0.00013669561685592546,-3.0414492649398727e-05
23,Aggregated,Ponderosa Pine,0.00027463427447779976,-0.0002646405714986297,0.00028315123860609553,3.3483568254955486e-05
23,Aggregated,Spruce/Fir,0.0,0.0,0.0,0.0
23,Centralized,Aspen,-0.0038564792737661633,0.001928916978654401,0.0014898658573532693,0.0003252143245030629
23,Centralized,Cottonwood/Willow,0.0003226501500106042,-0.0008677970446522021,0.001058717594237359,-0.0007986589771024899
23,Centralized,Douglas-fir,-0.0002659351405698655,0.001858042211011074,-0.0032088373545772764,0.0023903458925739287
23,Centralized,Krummholz,0.0013945962967208219,-0.00018680193838166437,-0.0015580247395314273,0.00024875080155469426
23,Centralized,Lodgepole Pine,-0.00018472153921123002,-8.320459355744733e-06,0.0003580551826769159,-6.485689152396779e-05
23,Centralized,Ponderosa Pine,0.0002678780745604403,-0.0002613320426535226,0.00028422743245307136,3.4998932178204045e-05
23,Centralized,Spruce/Fir,0.0,0.0,0.0,0.0
24,0,Aspen,-0.004262905772546764,0.000458199814377544,0.004670023133819576,0.000606206845985007
24,0,Cottonwood/Willow,0.001922367322277981,0.0004164726328108233,0.0015417268906720016,-0.003880566845760806
24,0,Douglas-fir,-0.0010291962757524493,0.0018378026181474587,-0.0021008023475400095,0.0004422692776841301
24,0,Krummholz,-4.53801396575193e-05,0.00024818094017728387,-0.00039887374864536196,0.000166150362130163
24,0,Lodgepole Pine,-2.4678051804708872e-05,1.6712076649235314e-05,6.140991623567367e-05,-2.6276873117847543e-05
24,0,Ponderosa Pine,-0.0001806945224721579,-0.00012374058398434418,0.0003047722966697715,0.00034395614771058164
24,0,Spruce/Fir,0.0,0.0,0.0,0.0
24,1,Aspen,-0.003521011210508712,-0.0016043179749591352,0.004462370268431631,0.000662958917036216
24,1,Cottonwood/Willow,-0.0009550228405085515,-0.0028099228224580755,0.003098817025168519,0.002172400551522874
24,1,Douglas-fir,0.0003717533887723408,0.0007089226347593292,-0.002885481722018172,-0.0018684179064914579
24,1,Krummholz,-4.4952826374603884e-05,-0.0003041783917963614,9.139630741785328e-05,0.000257734910753112
24,1,Lodgepole Pine,-0.000111388804683125,-1.7258042877295782e-05,0.000164339877786616,-7.227389184103854e-05
24,1,Ponderosa Pine,1.2764579419825376e-05,-0.0004118938505838961,0.0006040898937325068,-8.75778705519877e-05
24,1,Spruce/Fir,0.0,0.0,0.0,0.0
24,2,Aspen,0.0010582309301575925,-0.0008467220055512759,4.130095741124625e-05,-0.0002528098820175628
24,2,Cottonwood/Willow,-0.00020598038391573628,-0.00015832256148315405,-0.0032127183654722946,0.0015205072357684184
24,2,Douglas-fir,0.000884440214429331,0.0006345149902029686,-0.0028449428690371184,0.0012339123275396473
24,2,Krummholz,0.0006316011861197309,-0.00013174884848273413,-2.3014149536278634e-05,0.00014205274918701236
24,2,Lodgepole Pine,5.152863922501064e-05,-5.154767844028907e-05,3.239845498899848e-06,-1.4183804920298027e-05
24,2,Ponderosa Pine,0.0005065466126121058,-0.0001712049241029967,-0.00023403400262981636,-0.00017729915060599177
24,2,Spruce/Fir,0.0,0.0,0.0,0.0
24,3,Aspen,-0.005499164481671033,0.0019147256587642297,0.0026334207869603693,0.0009510180359464335
24,3,Cottonwood/Willow,-0.001472009800310629,0.0009891282178867884,0.001954433228045264,-0.0014715516456214235
24,3,Douglas-fir,-0.001073468770018099,0.002817588563001331,-0.004225863387049546,0.0008197354269531091
24,3,Krummholz,0.0013351988629975904,-0.00048533385659078426,-0.00037003270544506045,-0.0001979378834116354
24,3,Lodgepole Pine,-0.00031379152599455656,7.517631735967183e-05,0.0002389413423261553,-8.137275159576332e-06
24,3,Ponderosa Pine,-0.00022569969612871535,-0.0001926788557719735,0.00036235680978169427,0.00016321105746924802
24,3,Spruce/Fir,0.0,0.0,0.0,0.0
24,Aggregated,Aspen,-0.003056212633642229,-1.9528626842159336e-05,0.0029517787866557054,0.0004918434792375234
24,Aggregated,Cottonwood/Willow,-0.00017766142561423398,-0.0003906611333109044,0.0008455646946033725,-0.00041480267602273413
24,Aggregated,Douglas-fir,-0.0002116178606422191,0.001499707201527772,-0.0030142725814112114,0.00015687478142135713
24,Aggregated,Krummholz,0.00046911677077129954,-0.00016827003917314898,-0.00017513107405221193,9.200003466466297e-05
24,Aggregated,Lodgepole Pine,-9.958243581434495e-05,5.770668172830573e-06,0.0001169827454618362,-3.021796125969011e-05
24,Aggregated,Ponderosa Pine,2.8229243357764472e-05,-0.0002248795536108026,0.00025929624938853907,6.057254600546255e-05
24,Aggregated,Spruce/Fir,0.0,0.0,0.0,0.0
24,Centralized,Aspen,-0.00314531107903492,2.4560662676873884e-05,0.0029735944654531907,0.0005199649607893672
24,Centralized,Cottonwood/Willow,-0.00017938356956130144,-0.00039497941938967013,0.0008808703169691697,-0.00044985730675208463
24,Centralized,Douglas-fir,-0.0002223199223111936,0.0015133162114774011,-0.0030154888346600136,0.0001563124315541962
24,Centralized,Krummholz,0.0018870016264693108,-0.0006406698090007287,-0.0006183372693083314,-0.0002560654005340686
24,Centralized,Lodgepole Pine,-0.0002537887206127132,4.407599393764968e-05,0.0002184528315462194,-2.393721449687562e-05
24,Centralized,Ponderosa Pine,2.9419359818751618e-05,-0.00022478981825993505,0.0002572498678791261,5.9850362123942125e-05
24,Centralized,Spruce/Fir,0.0,0.0,0.0,0.0
25,0,Aspen,-0.003695842422429832,0.0023553988472427615,0.0020267360100251716,0.0015408790573668146
25,0,Cottonwood/Willow,0.0019013695749054889,-0.0013981788816558223,0.0016410602209448362,-0.002144250914194503
25,0,Douglas-fir,0.00036347683832855154,-0.0006724496325614995,-0.0013166634485267809,0.00036646037989750135
25,0,Krummholz,0.0003380057847956012,-0.0001869283227172632,-0.0005759049389231682,0.00042482747684483013
25,0,Lodgepole Pine,4.815077109747897e-05,-1.581760496176717e-05,-4.2995152113867174e-06,-8.728914952238487e-07
25,0,Ponderosa Pine,-0.00030216972053052443,-0.00017901442892241196,-9.035391967924615e-05,0.00014785627254115807
25,0,Spruce/Fir,0.0,0.0,0.0,0.0
25,1,Aspen,-0.000743516678446049,-0.0017478439509383825,0.0034734950682246135,-0.0006496884613115539
25,1,Cottonwood/Willow,-0.0006572342405040307,-0.0035239474948057237,0.002307600104454207,0.0018735816308555475
25,1,Douglas-fir,0.0027610446351362164,-0.000760739762319565,-0.0006484164235090045,-0.001670231453820813
25,1,Krummholz,-9.13891842110141e-05,-0.00014869733970853302,-1.2260672012283832e-05,0.0002523471959318309
25,1,Lodgepole Pine,-2.949100441166734e-07,1.3223914436708931e-05,0.00012186692463185082,-8.670531909294825e-05
25,1,Ponderosa Pine,0.0002492447671915328,-0.0004419375480851362,0.0006473571385613256,-3.8289694264559415e-05
25,1,Spruce/Fir,0.0,0.0,0.0,0.0
25,2,Aspen,0.001098424377203297,-0.0014353998492008385,-0.00033825529357426237,0.0010250166161050501
25,2,Cottonwood/Willow,0.00019844453260257447,0.0014106629226050549,-0.0020032832278826427,0.0019553089400257497
25,2,Douglas-fir,0.0006188899719218136,0.00030704426943666446,-0.0012512355148223409,0.0005282866778466566
25,2,Krummholz,0.0003379412199006245,-3.892188002359761e-05,-1.8022334644318683e-05,-0.0002809970052327082
25,2,Lodgepole Pine,8.534231188258208e-05,-3.3953343292369986e-05,3.579963718053358e-05,3.299680918487461e-05
25,2,Ponderosa Pine,0.0001400327512744437,0.00017069098507421776,4.872821307290905e-05,0.00024581974956148594
25,2,Spruce/Fir,0.0,0.0,0.0,0.0
25,3,Aspen,-0.004591624219159189,0.0016705357145654631,3.859203059006222e-05,0.0025532013752570895
25,3,Cottonwood/Willow,-0.0022018867970219715,-0.00016701944418127482,0.002222337078747305,0.0015400418430572456
25,3,Douglas-fir,0.001360423809465434,0.0011819243677456172,-0.004331818955072624,0.0005505541195010057
25,3,Krummholz,0.0008932309873127866,5.122570724963119e-05,-0.0005574696810862293,-0.00026097766514298254
25,3,Lodgepole Pine,-0.00028776458817874234,-1.2338804467224943e-05,0.0002387659179349614,4.825032100732226e-05
25,3,Ponderosa Pine,3.446622052353613e-06,-7.981336648197705e-05,0.0001824350352787607,0.00015833417838073682
25,3,Spruce/Fir,0.0,0.0,0.0,0.0
25,Aggregated,Aspen,-0.0019831397357079434,0.0002106726904172509,0.0013001419538163962,0.0011173521468543501
25,Aggregated,Cottonwood/Willow,-0.00018982673250448473,-0.0009196207245094414,0.0010419285440659263,0.0008061703749360099
25,Aggregated,Douglas-fir,0.0012759588137130039,1.3944810575304307e-05,-0.0018870335854826875,-5.623256914391234e-05
25,Aggregated,Krummholz,0.0003694472019494995,-8.083045879994065e-05,-0.00029091440666650004,3.3800000600242575e-05
25,Aggregated,Lodgepole Pine,-3.864160381069949e-05,-1.2221459571163292e-05,9.803324113398978e-05,-1.5827700989938069e-06
25,Aggregated,Ponderosa Pine,2.2638604996951428e-05,-0.00013251858960382684,0.00019704161680843732,0.00012843012655470537
25,Aggregated,Spruce/Fir,0.0,0.0,0.0,0.0
25,Centralized,Aspen,-0.0020782868235250294,0.00025747953152700326,0.001290789664677161,0.001163336183718731
25,Centralized,Cottonwood/Willow,-0.0001873869909209865,-0.0009376122568491851,0.0010688348114947233,0.0007988716832019368
25,Centralized,Douglas-fir,0.0012751545484643672,1.8751591818226093e-05,-0.00190113406077753,-5.760660740812088e-05
25,Centralized,Krummholz,0.0013724379517896883,-4.0840178597530606e-05,-0.0009098756426446086,-0.000379260860117044
25,Centralized,Lodgepole Pine,-0.0001836347499042934,-1.4536590213461617e-05,0.0002072792743722148,3.061551852068245e-05
25,Centralized,Ponderosa Pine,2.451757773606437e-05,-0.00013261582786248485,0.00019733469198949619,0.0001290026747100733
25,Centralized,Spruce/Fir,0.0,0.0,0.0,0.0
26,0,Aspen,-0.003918308975072578,0.0007256553468367455,0.0017956254217111705,-0.0008301432856802534
26,0,Cottonwood/Willow,0.00449010284477272,-0.00206074578607617,0.0029408810324532595,-0.003883861165616037
26,0,Douglas-fir,-0.0014575537786401204,0.0002686577229164683,0.0002757099821491758,-0.00014728689474664824
26,0,Krummholz,0.0001326367300167608,0.00012781006812100557,-0.0004892344049570452,0.0005706580077911675
26,0,Lodgepole Pine,-7.057624864979332e-05,3.0262084006249523e-05,1.877643919765785e-05,-1.8599156416776452e-05
26,0,Ponderosa Pine,-0.0002487681991995098,-0.0003565311074601174,0.0003116254202640001,0.0008240314406271024
26,0,Spruce/Fir,0.0,0.0,0.0,0.0
26,1,Aspen,-0.0018568870803559133,-0.001563836823209851,0.006686787091181891,-0.0013638722936363766
26,1,Cottonwood/Willow,-0.0018827262314470572,-0.0015438787757537653,0.002178671744584202,0.0027618126102490945
26,1,Douglas-fir,0.002091188235351371,-0.00011817226742538711,-0.0007706708979783131,-0.0015215937444595002
26,1,Krummholz,-0.00016637961325330353,-0.000291894512027389,0.0001664546116513325,0.00029181951362936
26,1,Lodgepole Pine,-0.00010325411710262096,-4.1120011099275246e-05,0.00017858518893854036,-0.00012215698367379346
26,1,Ponderosa Pine,-4.9630718596177514e-05,-0.00023605634399058903,0.0003578970174466604,-1.3234872883062984e-05
26,1,Spruce/Fir,0.0,0.0,0.0,0.0
26,2,Aspen,0.001396585352743493,-0.0002750658097747799,0.0003578135306899812,0.002301161934906449
26,2,Cottonwood/Willow,0.0017784713989429473,-0.0008474786492481771,-0.001953323994495946,0.001022331244801176
26,2,Douglas-fir,-0.0003987048026490257,0.0009667412771665653,-0.0009555688555910186,0.0005907126826280631
26,2,Krummholz,-0.00020902337196455437,0.0001309175824303436,0.00010028974389037863,-0.0003317300556727835
26,2,Lodgepole Pine,-7.039910105074061e-05,2.5720197987152047e-06,4.555919843004149e-05,4.792970319098903e-05
26,2,Ponderosa Pine,-0.0001578173853127307,-9.021622429920365e-06,-0.00012406683410844574,0.0002716255350526664
26,2,Spruce/Fir,0.0,0.0,0.0,0.0
26,3,Aspen,-0.003066607484145093,0.0006020949569418658,0.002648333106704629,0.0015325475019130526
26,3,Cottonwood/Willow,-0.00252175912833405,0.0007419464181932048,0.0019695616625739396,-0.0001897489524330942
26,3,Douglas-fir,-0.0003904695915683126,0.0019135297944704633,-0.003610173201169062,0.0006442575558875905
26,3,Krummholz,0.00018875076638711027,0.0004459901749092818,-0.0001593626725589839,-0.0011189739956871832
26,3,Lodgepole Pine,-5.959845132650724e-05,-0.00012597038864123333,9.851459730962168e-05,0.00024153495513326573
26,3,Ponderosa Pine,0.00014331447267632025,0.00033914745960605025,0.00026912609165346174,-8.978778132085845e-05
26,3,Spruce/Fir,0.0,0.0,0.0,0.0
26,Aggregated,Aspen,-0.0018613045467075228,-0.0001277880823015049,0.0028721397875719175,0.00040992346437571786
26,Aggregated,Cottonwood/Willow,0.00046602222098364,-0.0009275391982212269,0.0012839476112788638,-7.236656574971523e-05
26,Aggregated,Douglas-fir,-3.888498437652191e-05,0.0007576891317820274,-0.0012651757431473042,-0.00010847760017262373
26,Aggregated,Krummholz,-1.3503872203496699e-05,0.0001032058283583105,-9.546318049357949e-05,-0.00014705663248485982
26,Aggregated,Lodgepole Pine,-7.595697953241554e-05,-3.356407398388596e-05,8.535885596896535e-05,3.717712955842121e-05
26,Aggregated,Ponderosa Pine,-7.822545760802445e-05,-6.561540356864413e-05,0.00020364542381391912,0.0002481585803689618
26,Aggregated,Spruce/Fir,0.0,0.0,0.0,0.0
26,Centralized,Aspen,-0.0019188243605982823,-0.00010851499439124464,0.0028759822897684076,0.00044111772573129465
26,Centralized,Cottonwood/Willow,0.00047596307911910535,-0.0009425747497119885,0.0012994955824315684,-8.830586580157081e-05
26,Centralized,Douglas-fir,-4.229453153974568e-05,0.0007609263458849455,-0.0012781656259984915,-0.0001068655850927173
26,Centralized,Krummholz,0.0002998827762985083,0.0005095973630978116,-0.00026605371545652495,-0.001329115719931782
26,Centralized,Lodgepole Pine,-8.274547325149799e-05,-9.322274247442845e-05,0.00011769794142034902,0.00015795080598166034
26,Centralized,Ponderosa Pine,-7.893610850181106e-05,-6.515366243618297e-05,0.00020323425932069114,0.0002481412281270338
26,Centralized,Spruce/Fir,0.0,0.0,0.0,0.0
27,0,Aspen,-0.0018772335565984538,0.0014534626685706181,0.0007639304387818726,-0.00034015955075403687
27,0,Cottonwood/Willow,0.0039136684487755535,-0.00042121614279744257,0.0009715119228314398,-0.004463964228809551
27,0,Douglas-fir,0.0003798300642496126,-0.00022529573628247515,-0.00040500731777910287,0.0006555145295835211
27,0,Krummholz,7.909465741742783e-05,6.216095555558465e-05,-0.00030497444942242935,0.0001339905497814986
27,0,Lodgepole Pine,-9.065377371738256e-06,1.3863751781713804e-05,1.623998819566541e-05,-1.631068282476056e-05
27,0,Ponderosa Pine,-1.2818397687362296e-05,-0.0001955405992191961,-0.00016366114277518995,0.0006374731923813973
27,0,Spruce/Fir,0.0,0.0,0.0,0.0
27,1,Aspen,-0.0019586420287215863,-0.0014949247008588008,0.002400608406639799,-0.0011816785485677893
27,1,Cottonwood/Willow,-0.0012061000053090927,-0.0015449389372731621,0.0034516427851968845,0.0008209407169046204
27,1,Douglas-fir,0.0017392139283191703,-0.0004790119278876524,-2.3678909371493972e-05,0.0010687065777296514
27,1,Krummholz,-0.00037767828468563785,-0.000320379054560264,0.0003829589570012633,0.0003150983822446385
27,1,Lodgepole Pine,-9.204304095492e-05,-5.363456896266087e-05,0.00018285218687063196,-3.2727729644877836e-05
27,1,Ponderosa Pine,0.0002548596096300093,-0.00021294868450557244,0.000515653268846857,-2.276227164249578e-05
27,1,Spruce/Fir,0.0,0.0,0.0,0.0
27,2,Aspen,0.00010788634395338115,-6.756178910292954e-05,-0.0006970708562110175,0.001010770374997615
27,2,Cottonwood/Willow,0.000397100780227246,-0.001100077016562756,-0.001348686806106512,0.002051663042442022
27,2,Douglas-fir,-0.0012898335427941286,0.00023017134549675744,-0.00046669901429107857,0.000769121897678642
27,2,Krummholz,0.00040472977762218143,-0.0001732766952927863,-0.00019832194660825606,-3.313113572113909e-05
27,2,Lodgepole Pine,-1.2168810585947802e-06,3.3974044033139674e-06,5.219036064880537e-05,1.9344636139275357e-05
27,2,Ponderosa Pine,-0.00010444835419653094,6.3600285438975e-05,0.0001828152284955494,-8.532667001057148e-05
27,2,Spruce/Fir,0.0,0.0,0.0,0.0
27,3,Aspen,-0.0034917707156757968,0.0015032169218076087,0.0020342206968394275,-4.566690297123921e-05
27,3,Cottonwood/Willow,-0.003190447661086985,-0.0013561452064214847,0.0024671493110958176,-8.793736078349657e-05
27,3,Douglas-fir,-0.0014184306944562918,0.0011771437546349895,-0.003317763298727234,0.0027141631489009527
27,3,Krummholz,0.000673770134256337,2.5586208068861804e-05,-0.0005233097233614398,-0.0001158546809926821
27,3,Lodgepole Pine,-0.0001610514464375351,-4.419911243243313e-05,0.00021167915329988832,1.7576884859070902e-05
27,3,Ponderosa Pine,-0.00033601827472585594,0.00016411045177349334,0.00034713065908493584,-0.0008324851795096141
27,3,Spruce/Fir,0.0,0.0,0.0,0.0
27,Aggregated,Aspen,-0.001804939989260614,0.0003485482751041241,0.0011254221715125204,-0.00013918365682386258
27,Aggregated,Cottonwood/Willow,-2.1444609348319436e-05,-0.0011055943257637113,0.0013854043032544075,-0.0004198244575616013
27,Aggregated,Douglas-fir,-0.00014730506117040937,0.00017575185899040485,-0.0010532871350422274,0.001301876538473192
27,Aggregated,Krummholz,0.00019497907115257712,-0.00010147714655715095,-0.00016091179059771546,7.502577882807898e-05
27,Aggregated,Lodgepole Pine,-6.584418645569702e-05,-2.014313130251656e-05,0.00011574042225374775,-3.0292228678230337e-06
27,Aggregated,Ponderosa Pine,-4.960635424493496e-05,-4.519463662807505e-05,0.0002204845034130381,-7.577523219532101e-05
27,Aggregated,Spruce/Fir,0.0,0.0,0.0,0.0
27,Centralized,Aspen,-0.001865010962571953,0.00038292280591375555,0.0011545703432844084,-0.0001311584094945926
27,Centralized,Cottonwood/Willow,1.1653138240067898e-05,-0.0011005045770329236,0.0014014766528100409,-0.0004540645579928874
27,Centralized,Douglas-fir,-0.000149086671946889,0.00016636631768935742,-0.0010657863147169322,0.0013035078660942057
27,Centralized,Krummholz,0.0009423887854054328,-5.5458001976214456e-05,-0.0007176063666901137,-0.00013425802965437902
27,Centralized,Lodgepole Pine,-0.0001404936284114533,-3.926779735341501e-05,0.00019863470034664488,-4.434521219176535e-06
27,Centralized,Ponderosa Pine,-5.016493239324663e-05,-4.4276171270442775e-05,0.00021994180094002855,-7.494675469032115e-05
27,Centralized,Spruce/Fir,0.0,0.0,0.0,0.0
28,0,Aspen,-0.0022778932768806374,6.761459071152424e-05,0.0017089706828195411,0.0005013080033495718
28,0,Cottonwood/Willow,0.0031895776843654986,-0.0001242994979529418,0.0020123999308171345,-0.0016135599932585083
28,0,Douglas-fir,0.000455312758967046,-0.00036981144612000433,0.0013052495482467573,0.0014195535885548939
28,0,Krummholz,-2.6113796689153368e-05,5.792050440422969e-05,-0.0004888042091914143,0.00014485538717236754
28,0,Lodgepole Pine,-2.231958607950187e-05,3.320617838308467e-05,3.524500787559689e-05,2.2723277429368787e-05
28,0,Ponderosa Pine,-0.00011937524400773558,0.00011040154613931967,-3.464566378645154e-05,0.00017641453965633325
28,0,Spruce/Fir,0.0,0.0,0.0,0.0
28,1,Aspen,-0.0030003758178567077,-0.0028152803378364935,0.004833104523039283,-0.0009221388551418167
28,1,Cottonwood/Willow,-0.0018405731662531344,-0.0013346789091541005,0.0026447866110797524,0.0005304654643274823
28,1,Douglas-fir,0.0006657161828480992,-0.000562918459633179,0.000703369524868408,-6.983444537569938e-05
28,1,Krummholz,-0.00022628434785212925,-6.544422992509531e-05,0.0003108043250570995,0.00032477318570523866
28,1,Lodgepole Pine,-6.357778689982292e-05,-3.370949495358951e-05,0.0002170096040443418,-2.6850253465604546e-05
28,1,Ponderosa Pine,-0.00025827767232042276,7.920282869031126e-05,0.0006572296202254172,-2.225677743670588e-06
28,1,Spruce/Fir,0.0,0.0,0.0,0.0
28,2,Aspen,0.00012743427840602542,0.0003638893914184825,0.0006192869764560747,0.0007750069374172358
28,2,Cottonwood/Willow,0.0003445616442727765,-0.00018036052383038625,-0.0012153769754887263,0.0010511758550463361
28,2,Douglas-fir,-0.0005591234423582836,0.00019526850493933878,-0.0005926791728810277,0.0020635897016214877
28,2,Krummholz,0.0002270070669203502,-9.301071184513361e-05,0.00023251110768872837,-2.5657240217460037e-05
28,2,Lodgepole Pine,-1.239600336771137e-05,3.667814072006818e-05,2.9482630405086585e-06,6.401072558282854e-05
28,2,Ponderosa Pine,-0.0005293226808226748,0.00023253875593513365,0.00020625439931461673,-6.142971371908557e-05
28,2,Spruce/Fir,0.0,0.0,0.0,0.0
28,3,Aspen,-0.002321340527952062,0.00048599460443729076,0.0018875873878985289,-5.2241464383757465e-05
28,3,Cottonwood/Willow,-0.0025551880972903007,-0.0011300739840041558,0.003526543286069078,0.00015871879522537843
28,3,Douglas-fir,-0.0005362375466570479,-5.058305806105815e-05,-0.0019962212497233456,0.002182434964899819
28,3,Krummholz,0.0006934405069283686,-6.038151902874415e-07,-0.0006981037538403706,6.548896867579941e-05
28,3,Lodgepole Pine,-0.00019073670288871636,9.823136292191892e-06,0.00026992266214551086,-0.00010210200923549406
28,3,Ponderosa Pine,-0.00024755868500765205,-4.772993249237596e-06,0.00023172967757178106,-0.00040186093875359724
28,3,Spruce/Fir,0.0,0.0,0.0,0.0
28,Aggregated,Aspen,-0.0018680438360708456,-0.00047444543781729906,0.0022622373925533573,7.548365531030837e-05
28,Aggregated,Cottonwood/Willow,-0.00021540548372628993,-0.0006923532287353961,0.0017420882131193097,3.170003033517216e-05
28,Aggregated,Douglas-fir,6.416988199953413e-06,-0.00019701111471872568,-0.000145070337372302,0.0013989359524251251
28,Aggregated,Krummholz,0.00016701235732685904,-2.5284563139071667e-05,-0.00016089813257148927,0.0001273650753339864
28,Aggregated,Lodgepole Pine,-7.225751980893812e-05,1.1499490110438807e-05,0.00013128138427648955,-1.055456492222532e-05
28,Aggregated,Ponderosa Pine,-0.0002886335705396213,0.00010434253437888175,0.00026514200833134083,-7.227544764000504e-05
28,Aggregated,Spruce/Fir,0.0,0.0,0.0,0.0
28,Centralized,Aspen,-0.0018906610786772887,-0.00044684765321533854,0.0022650399869876318,7.246874490499562e-05
28,Centralized,Cottonwood/Willow,-0.00020111167756085382,-0.000685366232127449,0.0017584606111092544,1.5912565126581974e-05
28,Centralized,Douglas-fir,2.564398929413847e-06,-0.00019866309268480598,-0.000148675763715971,0.0013997876071716643
28,Centralized,Krummholz,0.0010296896758372383,-0.00010133364284392599,-0.0009081264073223702,0.000168103158358468
28,Centralized,Lodgepole Pine,-0.00015852334127118098,1.2706281987462376e-05,0.00024039081357773995,-5.928887298347248e-05
28,Centralized,Ponderosa Pine,-0.00028959989764853106,0.00010485364361196663,0.0002654252637732761,-7.19968182677222e-05
28,Centralized,Spruce/Fir,0.0,0.0,0.0,0.0
29,0,Aspen,-0.0029501760032192063,-0.00042298701852848397,0.002325519966602347,0.001047643055145343
29,0,Cottonwood/Willow,0.0006645435433836611,9.084450225167277e-05,0.0008952252998042273,-0.001650613345439561
29,0,Douglas-fir,8.518455470480264e-05,-0.000870550663741638,0.0016010502645412105,0.00023976757017018605
29,0,Krummholz,2.5478475880469365e-06,-4.9464429195835345e-05,-0.0002454731602180478,0.00029238974182583627
29,0,Lodgepole Pine,-1.6383570449113316e-05,1.6257903292710152e-05,6.937839020003851e-05,-2.596524201152935e-05
29,0,Ponderosa Pine,-0.00018511391429776314,8.849631667660433e-05,-0.00011066485739909722,0.00020728245502025602
29,0,Spruce/Fir,0.0,0.0,0.0,0.0
29,1,Aspen,-0.0024469437130448016,-0.002675231534913766,0.006444652825555133,0.0005822129101991693
29,1,Cottonwood/Willow,-0.001330911779038324,-0.0008263153580139367,0.001966160411048449,0.0001910667260038116
29,1,Douglas-fir,0.0017512080532835251,-0.0010342500848832304,-0.00026096790762463834,-0.00045599006077565635
29,1,Krummholz,-0.0008208986807224558,-7.35507410298634e-05,0.00043644562334092346,0.00045800379841139566
29,1,Lodgepole Pine,-0.00015317850812067899,-1.9517296695405657e-05,0.000176055371584836,-2.9044029920405334e-05
29,1,Ponderosa Pine,-0.00013173676535264503,4.9516082169853703e-05,2.969045899729276e-05,-0.0002151706790242125
29,1,Spruce/Fir,0.0,0.0,0.0,0.0
29,2,Aspen,-4.72235996695769e-08,-0.000211547982022701,-0.00025432465626642103,0.00046591986188879164
29,2,Cottonwood/Willow,4.0012825426409084e-05,3.817868041126419e-05,-0.0011639119974983236,0.0010857204916606504
29,2,Douglas-fir,0.0006375610662337031,-4.4143735762447456e-05,-0.00024324543662292605,0.0011596197108286836
29,2,Krummholz,-5.699793525574629e-05,4.608692132535008e-05,0.00035543182270605006,-0.0003445208087756539
29,2,Lodgepole Pine,-5.206731883247717e-05,4.954855841901584e-05,5.4370840748283834e-05,-2.944527891619401e-05
29,2,Ponderosa Pine,-0.00013510197795059872,0.00014379233767623326,0.00023864453178849368,-0.00011465040107244695
29,2,Spruce/Fir,0.0,0.0,0.0,0.0
29,3,Aspen,-0.0024517685421549065,-0.00017116620655160028,0.0012466936359996073,0.0007168362464659017
29,3,Cottonwood/Willow,-0.0007301791314755871,-0.0008514866103541315,0.0018444336001582906,-0.00026276785832857197
29,3,Douglas-fir,-0.00012870039546063658,0.00033027667754415013,-0.0016205181383415663,0.0022639733054763225
29,3,Krummholz,0.00030186280789002107,3.037076765211727e-05,0.00015790752475429207,-0.00040452405197204805
29,3,Lodgepole Pine,-8.128762624539283e-05,7.948913981028113e-06,1.0427152974112897e-06,5.57097666060713e-05
29,3,Ponderosa Pine,7.727894221821556e-05,0.0002628435506160376,0.0006048749278512641,-0.00010036184446368668
29,3,Spruce/Fir,0.0,0.0,0.0,0.0
29,Aggregated,Aspen,-0.001962233870504646,-0.0008702331855041379,0.0024406354429726664,0.0007031530184248014
29,Aggregated,Cottonwood/Willow,-0.0003391336354259602,-0.0003871946964262828,0.0008854768283781608,-0.00015914849652591773
29,Aggregated,Douglas-fir,0.0005863133196903486,-0.0004046669517107915,-0.00013092030451198006,0.0008018426314248838
29,Aggregated,Krummholz,-0.00014337149012503352,-1.1639370312057848e-05,0.00017607795264580443,3.3716987238249796e-07
29,Aggregated,Lodgepole Pine,-7.572925591191558e-05,1.3559519749337112e-05,7.521182945764242e-05,-7.186196060514349e-06
29,Aggregated,Ponderosa Pine,-9.366842884569784e-05,0.00013616207178468223,0.0001906362653094883,-5.5725117385022525e-05
29,Aggregated,Spruce/Fir,0.0,0.0,0.0,0.0
29,Centralized,Aspen,-0.001994020814712801,-0.0008462974493891237,0.0024203612590902868,0.0007041275019481023
29,Centralized,Cottonwood/Willow,-0.0003334548944519955,-0.00037832217814012803,0.0008907197804420564,-0.00017894270784993282
29,Centralized,Douglas-fir,0.0005814698362374601,-0.00040495281402401956,-0.00013496689616599813,0.0008070462872445486
29,Centralized,Krummholz,0.00031932774800539726,-1.660365607553116e-05,0.0001991224092954269,-0.0005111066618861219
29,Centralized,Lodgepole Pine,-8.708687875632244e-05,1.5195211407544503e-05,6.11629936215589e-05,2.3355925934072836e-05
29,Centralized,Ponderosa Pine,-9.46015287724052e-05,0.00013678906162969037,0.00018956134643179542,-5.498363748164999e-05
29,Centralized,Spruce/Fir,0.0,0.0,0.0,0.0
30,0,Aspen,-0.0017484894445745774,-0.0003951591455860724,0.0009496645475904943,0.0011939840425701554
30,0,Cottonwood/Willow,0.0009670239040905823,-0.0005391117468809917,0.00011119958967140131,-0.0005391117468809917
30,0,Douglas-fir,-0.0004430366711632115,0.0006612066105192299,-0.0011813191277319363,-9.23025372986432e-05
30,0,Krummholz,0.00019696326144402754,0.00013004952380650062,-0.00042498379997483554,9.797101472430736e-05
30,0,Lodgepole Pine,3.2216762277104127e-06,4.418804597358661e-05,-2.8004255614472173e-05,-1.7834889923101782e-05
30,0,Ponderosa Pine,-0.00015401275764733344,-7.889929322892526e-05,-0.0003757063077959681,0.00034307377832533864
30,0,Spruce/Fir,0.0,0.0,0.0,0.0
30,1,Aspen,-0.0010466415618951425,-0.0018644459212491388,0.005525092456028081,0.0011826355981070281
30,1,Cottonwood/Willow,-0.0012588112564999494,-0.00025128262492860043,0.0015849025202063494,-7.480863877779946e-05
30,1,Douglas-fir,-0.00024800390457787685,0.0004042497809614437,0.00010509511160773644,-0.0002613409879913033
30,1,Krummholz,-0.0006573744293056627,4.912661066057885e-05,0.00023175856961439126,6.544859187954111e-05
30,1,Lodgepole Pine,-9.780966625349181e-05,-1.979945785985741e-05,0.0001786878791564713,-4.0324292567274954e-05
30,1,Ponderosa Pine,-0.00010035594460586217,-0.00029614889204744127,0.0003532161141991304,4.3288722454173e-05
30,1,Spruce/Fir,0.0,0.0,0.0,0.0
30,2,Aspen,-0.00031359544884288865,0.00017841029057977242,-0.00027252476187393976,0.000407709920137056
30,2,Cottonwood/Willow,0.00017990748851647495,-0.0005271644874444148,-0.0003543833623576668,0.0007016403612856067
30,2,Douglas-fir,-0.001371926183625564,0.0011446051736739387,-0.001676825931392345,0.0010046926838352122
30,2,Krummholz,-0.00017291876139609771,-0.0002760672869572822,0.00042557961307241693,2.3406435280963016e-05
30,2,Lodgepole Pine,-8.784799098778458e-05,1.3715028429487722e-05,3.7099107247436557e-05,1.6247216366856627e-05
30,2,Ponderosa Pine,-4.788263246069402e-06,-0.00011823897499084006,0.00014383171937284075,0.00039646567944497574
30,2,Spruce/Fir,0.0,0.0,0.0,0.0
30,3,Aspen,-0.0022659180540664423,-0.00028191647751256893,0.0006974831093337075,0.0021797170806639268
30,3,Cottonwood/Willow,-0.0009131496477964388,0.000306753188810673,0.002220383596592703,-0.001613987137606937
30,3,Douglas-fir,-0.0014677878745701922,0.0007119574546353424,-0.003068437188750772,0.0015305596463275062
30,3,Krummholz,0.0004576820232967636,-5.734005272501249e-05,-4.543345421117543e-05,-0.00021427101107959293
30,3,Lodgepole Pine,-9.692793401865536e-05,8.058529046376753e-06,7.803799693698044e-05,3.850236198292094e-06
30,3,Ponderosa Pine,-0.00020905950953491645,8.626803602719095e-05,0.000190788569984085,-0.00025456445323484195
30,3,Spruce/Fir,0.0,0.0,0.0,0.0
30,Aggregated,Aspen,-0.0013436611273447627,-0.0005907778134420019,0.0017249288377695858,0.0012410116603695416
30,Aggregated,Cottonwood/Willow,-0.0002562573779223328,-0.0002527014176108335,0.0008905255860281968,-0.0003815667904950304
30,Aggregated,Douglas-fir,-0.0008826886584842111,0.0007305047549474887,-0.0014553717840668293,0.000545402201218193
30,Aggregated,Krummholz,-4.3911976490242324e-05,-3.855780130380381e-05,4.6730232125199306e-05,-6.861242298695364e-06
30,Aggregated,Lodgepole Pine,-6.984097875805534e-05,1.1540536397398419e-05,6.645518193160403e-05,-9.515432481307004e-06
30,Aggregated,Ponderosa Pine,-0.00011705411875854538,-0.0001017547810600039,7.803252394002202e-05,0.00013206593174741138
30,Aggregated,Spruce/Fir,0.0,0.0,0.0,0.0
30,Centralized,Aspen,-0.0013820501996931283,-0.0005822179339337689,0.0017029175385668005,0.0012649790406812818
30,Centralized,Cottonwood/Willow,-0.00024432187689074625,-0.0002478812986021391,0.0008785345717306214,-0.0003863313962377361
30,Centralized,Douglas-fir,-0.0008845020295268161,0.0007270492474713471,-0.0014575322080190207,0.000551180222376472
30,Centralized,Krummholz,0.0005693629009388227,-0.00014814192727413689,-3.901110293441645e-05,-0.00022705543138327547
30,Centralized,Lodgepole Pine,-0.00010737491117328764,1.2551016231774717e-05,9.227046749222627e-05,-1.3022091086861698e-05
30,Centralized,Ponderosa Pine,-0.00011722951664007904,-0.00010163990121177709,7.72655486303379e-05,0.00013286293719222408
30,Centralized,Spruce/Fir,0.0,0.0,0.0,0.0
31,0,Aspen,-0.0025173059747101573,-0.0004243544621445189,0.0017135574710980123,0.0012281029657566639
31,0,Cottonwood/Willow,0.0011674059105050334,0.00016581321392193185,0.000816124550474325,-0.0021493436749012904
31,0,Douglas-fir,0.00018839560720251836,1.1027634892468718e-06,0.000509378428308227,3.352152043095691e-05
31,0,Krummholz,-3.465786189783363e-05,9.651814850611395e-05,-0.00022034393294228147,0.00015848364633400114
31,0,Lodgepole Pine,-5.4523413610933304e-05,3.1765016960153915e-05,8.151795375055393e-06,-7.822948257185658e-06
31,0,Ponderosa Pine,0.00013558775308653015,-9.095545398365064e-05,-5.9387046971837165e-05,0.00028029932821584574
31,0,Spruce/Fir,0.0,0.0,0.0,0.0
31,1,Aspen,-0.0041891547197714235,-0.0013311957753395914,0.005185572859508218,0.00033477763560279633
31,1,Cottonwood/Willow,-0.0010039332338393585,-0.0005845646840989815,0.0010751464748851673,0.0005133514430531727
31,1,Douglas-fir,0.000727142551210915,-0.0004477962865423457,-0.0002167834517152097,-6.256281295335953e-05
31,1,Krummholz,-0.0004281249210803806,0.0001527112969851215,0.000242633106376113,0.00037639368298768755
31,1,Lodgepole Pine,-7.764779281663192e-05,-7.097177189913095e-06,0.00014760079583489571,-1.6413321648617307e-05
31,1,Ponderosa Pine,-5.070797312404599e-05,-0.00015258732876607026,0.000375556057507979,-3.843319617173139e-05
31,1,Spruce/Fir,0.0,0.0,0.0,0.0
31,2,Aspen,-0.0014411310538239759,-0.00045642220115637194,0.0009906924594489201,0.0009068607955314278
31,2,Cottonwood/Willow,-0.0003014652961605598,-0.0003041862115527964,-0.00039924810352724255,0.0010048996112405988
31,2,Douglas-fir,-0.0003286340073843837,6.0473905530137685e-05,-0.0006545158738813783,0.0018828296003155314
31,2,Krummholz,5.161111858007865e-06,-0.00010838346354855033,6.710960649194964e-05,0.0003767414206389726
31,2,Lodgepole Pine,-5.183601770118266e-05,7.109868115408775e-05,-5.345544255760022e-06,3.251352502812536e-05
31,2,Ponderosa Pine,-0.0002151740186489374,-2.829071607633275e-05,0.0003350394522296611,4.118099160269987e-05
31,2,Spruce/Fir,0.0,0.0,0.0,0.0
31,3,Aspen,-0.004790578528216631,0.0003291304792481196,0.0017768598921174504,0.0026845881568510616
31,3,Cottonwood/Willow,-0.0010839241091488705,-0.00022448154857812597,0.0033256689335789957,-0.0020172632758519993
31,3,Douglas-fir,0.00021004113188898924,-0.00026692613407164795,-0.0016533075988079636,0.002434865579490552
31,3,Krummholz,-0.00030087721300246784,0.0002618408584849491,-0.00030325016954037276,0.0001614968685470647
31,3,Lodgepole Pine,8.195302108273313e-05,-5.6855120958265726e-05,0.0001230483130191621,-8.5297652658467e-05
31,3,Ponderosa Pine,-0.0003613018332506157,0.0002041038161533041,8.307510019422981e-05,-0.0002940023872869772
31,3,Spruce/Fir,0.0,0.0,0.0,0.0
31,Aggregated,Aspen,-0.003234542569130547,-0.00047071048984809064,0.00241667067054315,0.0012885823884354875
31,Aggregated,Cottonwood/Willow,-0.00030547918216093883,-0.000236854807576993,0.0012044229638528113,-0.0006620889741148796
31,Aggregated,Douglas-fir,0.00019923632072950972,-0.00016328643789865227,-0.0005038071240240811,0.0010721634718209201
31,Aggregated,Krummholz,-0.00018962472103066857,0.00010067171010690856,-5.34628474036479e-05,0.00026827890462693146
31,Aggregated,Lodgepole Pine,-2.551355076150369e-05,9.727849991515712e-06,6.83638399933383e-05,-1.9255099384036155e-05
31,Aggregated,Ponderosa Pine,-0.00012289901798426722,-1.6932420668187387e-05,0.00018357089074000818,-2.738815910040741e-06
31,Aggregated,Spruce/Fir,0.0,0.0,0.0,0.0
31,Centralized,Aspen,-0.003276693587975702,-0.00045087745865177165,0.0024049268820946026,0.0013226441645328713
31,Centralized,Cottonwood/Willow,-0.0002918119738703299,-0.00023828983877146234,0.0012217045073448045,-0.0006916026947030122
31,Centralized,Douglas-fir,0.00020048636684448043,-0.00016404468408667827,-0.0005043943400749503,0.0010719571678678523
31,Centralized,Krummholz,-0.0004024400676901722,0.000299231622779154,-0.0002869442243665736,0.00029402281152194715
31,Centralized,Lodgepole Pine,2.439364993805926e-05,-2.280262827969448e-05,0.00010942574423576194,-6.279426092174283e-05
31,Centralized,Ponderosa Pine,-0.00012331236895582465,-1.7050385385362448e-05,0.0001841888340358607,-1.839147231739539e-06
31,Centralized,Spruce/Fir,0.0,0.0,0.0,0.0
32,0,Aspen,-0.0006093107129500295,-0.0007908536795226453,0.0005466786871245974,0.0008534857053480773
32,0,Cottonwood/Willow,-0.00028684952056599416,-3.830614771020239e-05,0.00036346181598639893,-3.830614771020239e-05
32,0,Douglas-fir,0.00022944067384046232,0.00040696896075290145,0.00018317636739016244,-0.0004965325957399144
32,0,Krummholz,2.0832385209584858e-05,6.797402795767164e-05,-0.0003895982971557632,1.897047586001584e-05
32,0,Lodgepole Pine,4.944935393750664e-07,3.360647470755188e-05,1.4919233715937619e-05,-2.9731951616614644e-05
32,0,Ponderosa Pine,-0.0002204211041708278,0.00012364258997695407,-0.00026961316752038833,0.00015434560956151255
32,0,Spruce/Fir,0.0,0.0,0.0,0.0
32,1,Aspen,-0.002650849188550408,-0.0018289925168133898,0.003681297721732054,0.00046335094968782964
32,1,Cottonwood/Willow,-0.0002041682636231464,-0.0010472063681147097,0.0012006648727004114,5.0709759037444645e-05
32,1,Douglas-fir,0.0014317115425657723,-0.0008394773369490941,-0.0007319958692130294,-7.067595262006769e-05
32,1,Krummholz,-0.0004185635156994753,-3.399632943328531e-05,0.00015392010099649078,-1.2208074020331194e-05
32,1,Lodgepole Pine,-7.279107645967915e-05,-2.4809308861312163e-05,9.858080910168006e-05,-4.906656681533117e-05
32,1,Ponderosa Pine,-0.0001273653816099655,-0.00027901745593553184,0.00019714729142917645,9.9462371497272e-07
32,1,Spruce/Fir,0.0,0.0,0.0,0.0
32,2,Aspen,0.00023900108880772764,-0.00029863163518927444,0.0015203580880462548,6.322974248823554e-05
32,2,Cottonwood/Willow,-0.0006540895190106644,-0.0007362046380891829,-0.00022878430328932922,0.0016190784603891766
32,2,Douglas-fir,-0.00121260449620073,0.0005571519610052764,-0.000913900661010783,0.0011613454689267343
32,2,Krummholz,-2.074917484691056e-05,-6.195258276125067e-05,0.0002784162645479704,-0.00019571450693980919
32,2,Lodgepole Pine,-7.734833410047437e-05,6.058900301548579e-05,4.462359632853574e-05,-5.350827052481392e-05
32,2,Ponderosa Pine,-0.0005280780703973142,8.234927784732855e-05,0.00011076210405594478,0.00046776772218599477
32,2,Spruce/Fir,0.0,0.0,0.0,0.0
32,3,Aspen,-0.0021707544122631373,8.095593841371078e-05,0.0019924843572747633,0.0035167262567372772
32,3,Cottonwood/Willow,-0.0020009699381656663,0.0005869023373875718,0.0026199469906643957,-0.0012058793898863014
32,3,Douglas-fir,-0.00011097500414601151,-0.0005343804909933303,-0.0014181323862412498,0.0016641043656791903
32,3,Krummholz,0.0005255083017805853,0.00041000840075266126,-0.0006270771339500353,-0.0005891320710392592
32,3,Lodgepole Pine,-0.00012041118954879877,-8.864834381674958e-05,0.0001863405692179021,6.768707142142578e-05
32,3,Ponderosa Pine,-0.0005496841254784834,0.0002553427662744523,0.0005114501891087068,-0.0005070517451779647
32,3,Spruce/Fir,0.0,0.0,0.0,0.0
32,Aggregated,Aspen,-0.001297978306238962,-0.0007093804732778997,0.0019352047135444176,0.0012241981635653547
32,Aggregated,Cottonwood/Willow,-0.0007865193103413678,-0.0003087037041316308,0.0009888223440154692,0.00010640067045752934
32,Aggregated,Douglas-fir,8.439317901487328e-05,-0.00010243422654606163,-0.000720213137268725,0.0005645603215614856
32,Aggregated,Krummholz,2.675699911094606e-05,9.550837912894923e-05,-0.00014608476639033433,-0.00019452104403484594
32,Aggregated,Lodgepole Pine,-6.75140266423943e-05,-4.815543738756017e-06,8.611605209101388e-05,-1.6154929383833484e-05
32,Aggregated,Ponderosa Pine,-0.0003563871704141477,4.5579294540800765e-05,0.0001374366042683599,2.9014052571128837e-05
32,Aggregated,Spruce/Fir,0.0,0.0,0.0,0.0
32,Centralized,Aspen,-0.0013251275223882808,-0.0006940554239073249,0.0019370348732851057,0.001279454556734792
32,Centralized,Cottonwood/Willow,-0.0007960924223746798,-0.00029729675273569106,0.001001172540956145,9.221663415422594e-05
32,Centralized,Douglas-fir,9.008149741546641e-05,-0.00010757468225171263,-0.0007203639787807572,0.0005640162946695532
32,Centralized,Krummholz,0.0006426798387022906,0.0005003608822609825,-0.0007783760852297372,-0.0007354963355224453
32,Centralized,Lodgepole Pine,-0.00012088640135637004,-5.29911448731805e-05,0.0001620332468778296,3.094589751659327e-05
32,Centralized,Ponderosa Pine,-0.0003565301148480508,4.545343497881308e-05,0.00013728560405230442,3.02737821925488e-05
32,Centralized,Spruce/Fir,0.0,0.0,0.0,0.0
33,0,Aspen,-0.0022097642969447634,-0.0002416304046990401,0.0007346048051777992,0.0017167898964660043
33,0,Cottonwood/Willow,0.00012609867619283363,0.00012609867619283363,0.0007764100127452267,-0.001028607365130894
33,0,Douglas-fir,-0.00048496464771943343,0.00024134689084567376,0.00041612582853913876,0.0005580280772032089
33,0,Krummholz,3.9373138125011385e-05,-5.4426532836317674e-05,-0.00011642606741441945,0.00013147946212572573
33,0,Lodgepole Pine,-6.59519125437158e-06,1.3736318464213637e-05,3.0452237535218602e-05,-1.3591046171148221e-05
33,0,Ponderosa Pine,-0.00028076437199823595,0.00015248805275858146,0.00013541222584767532,0.0002585645527723261
33,0,Spruce/Fir,0.0,0.0,0.0,0.0
33,1,Aspen,-0.0016408161383624313,-0.00015624232165486104,0.002381512648230518,0.001305792584370034
33,1,Cottonwood/Willow,-0.00011593127054774592,-0.000880565338529519,0.001367305902285602,-0.00037080929320833694
33,1,Douglas-fir,0.000866550552872658,-0.00027122473357794424,-0.0006559745759584327,6.0648756663718904e-05
33,1,Krummholz,-0.00034360249879297755,7.492626942033158e-08,0.0001717637862617786,0.0001717637862617786
33,1,Lodgepole Pine,-3.7055812197169434e-05,7.1986509867135356e-06,8.606919491930635e-05,-3.381104050912779e-05
33,1,Ponderosa Pine,-0.00013511718926592642,-4.094573777086811e-05,0.00020707152518263197,-3.100859814583745e-05
33,1,Spruce/Fir,0.0,0.0,0.0,0.0
33,2,Aspen,0.0003491436786517606,0.0003940182720813812,-0.0003075195937580026,-0.00043564235697513926
33,2,Cottonwood/Willow,-0.0003923160173160134,-0.0012577080207076725,-0.0002308279240601415,0.0018808519620838275
33,2,Douglas-fir,-0.0004349985764701275,0.00035552123756731985,-0.0005500633144574727,0.001180628293071237
33,2,Krummholz,-4.129145952338117e-05,-8.252839206227917e-05,8.767528007138277e-05,3.614457151427756e-05
33,2,Lodgepole Pine,-7.766897170876271e-07,6.058853625653948e-05,2.3034638387107547e-05,-3.8029760640314235e-05
33,2,Ponderosa Pine,-0.0002687703353888478,5.057761304957942e-05,0.000192898538748996,2.5294183590272395e-05
33,2,Spruce/Fir,0.0,0.0,0.0,0.0
33,3,Aspen,-0.003336587329465082,0.0005710151900365548,-0.0002583969159681704,0.0030239690553966977
33,3,Cottonwood/Willow,-0.0016563223486527705,0.00023841620027563923,0.0029722716753753653,-0.0015543655269982342
33,3,Douglas-fir,-0.0003366892271546758,-0.0006206917181540798,-0.0013161752898229,0.002074140931029709
33,3,Krummholz,0.0006809734820181999,2.3161268681940832e-05,-0.0003260048019403707,-0.00015764070140583675
33,3,Lodgepole Pine,-0.00016869130725855516,3.902420118352216e-06,0.00011203821927095736,-1.1420447400882957e-05
33,3,Ponderosa Pine,-0.00014181436018116203,2.2253781393422045e-05,0.0006355169331536866,-0.0005159563543659466
33,3,Spruce/Fir,0.0,0.0,0.0,0.0
33,Aggregated,Aspen,-0.0017095060215301292,0.0001417901839410087,0.0006375502359205361,0.0014027272948143991
33,Aggregated,Cottonwood/Willow,-0.000509617740080924,-0.00044343962069217974,0.0012212899165865133,-0.0002682325558134094
33,Aggregated,Douglas-fir,-9.752547461789468e-05,-7.37620808297576e-05,-0.0005265218379249167,0.0009683615144919685
33,Aggregated,Krummholz,8.386316545671313e-05,-2.8429682486808917e-05,-4.574795075540719e-05,4.543677962398628e-05
33,Aggregated,Lodgepole Pine,-5.327975010679595e-05,2.1356481456454718e-05,6.289857252814747e-05,-2.4213073680368298e-05
33,Aggregated,Ponderosa Pine,-0.00020661656420854307,4.6093427357678705e-05,0.0002927248057332475,-6.577655403729639e-05
33,Aggregated,Spruce/Fir,0.0,0.0,0.0,0.0
33,Centralized,Aspen,-0.0017569150569807558,0.00014729492909415962,0.0006231527942318857,0.0014433430687931282
33,Centralized,Cottonwood/Willow,-0.0005159430404330553,-0.0004293144890927525,0.001242576640118907,-0.00029731911059309907
33,Centralized,Douglas-fir,-9.789477530514068e-05,-7.852842454212731e-05,-0.0005281855397163138,0.0009704202097928863
33,Centralized,Krummholz,0.0008416091073697637,-4.0873796009958476e-05,-0.0003818061136377134,-0.0001348816493588941
33,Centralized,Lodgepole Pine,-0.00012910231270513162,1.660904496488443e-05,0.00010822250029914511,-2.160443795566162e-05
33,Centralized,Ponderosa Pine,-0.0002067242078403475,4.650105024086212e-05,0.000292497527839312,-6.576901516469613e-05
33,Centralized,Spruce/Fir,0.0,0.0,0.0,0.0
34,0,Aspen,-0.0024577803795210415,-0.0001228532105281427,0.0009161530489138712,0.0012854402315609498
34,0,Cottonwood/Willow,-0.0003251556682761965,-0.0003251556682761965,0.000650311336552393,0.0
34,0,Douglas-fir,-0.00014046321830859612,-7.751362793292453e-05,2.784364020878838e-05,-0.0002182544480943636
34,0,Krummholz,0.00015676060587708576,3.597642119348062e-05,-0.00013991197342440773,0.0002589189404777666
34,0,Lodgepole Pine,-7.416959682371438e-06,1.4558770162302151e-05,-7.153460023889835e-06,-2.399066902995332e-05
34,0,Ponderosa Pine,-0.000276241971004824,0.00021007060806884267,-2.8382403117273764e-05,-0.00011759280365455001
34,0,Spruce/Fir,0.0,0.0,0.0,0.0
34,1,Aspen,-0.0015850528009298769,-0.0008420879166151687,0.0020115763736862032,0.00041556434385884206
34,1,Cottonwood/Willow,-0.0005374503227935276,-0.0013020843907753006,0.002886741081683538,-0.0010472063681147097
34,1,Douglas-fir,0.0013213398753341339,-0.0006910565003907151,-0.0006029760037927675,-2.7307371150651443e-05
34,1,Krummholz,-0.0002549910627347533,-2.5847785546863806e-05,0.00014584107444549446,0.00013499777383612263
34,1,Lodgepole Pine,-6.478122266318868e-05,-1.0428580560948678e-05,8.446870402522196e-05,-9.258900801084602e-06
34,1,Ponderosa Pine,-6.315132026686136e-05,-7.564999061653495e-05,0.0002614608062764349,-0.00012265949539303858
34,1,Spruce/Fir,0.0,0.0,0.0,0.0
34,2,Aspen,-0.0001120617330657205,-7.878996088825363e-06,0.00017070898485237185,-0.0004074123099675984
34,2,Cottonwood/Willow,-0.0016039839550201958,-0.0012464600908991725,0.0008068317224540952,0.00048247915611453657
34,2,Douglas-fir,-0.0010646266743747728,0.00034535154549991676,-0.0006555026759612707,0.0010275961382353223
34,2,Krummholz,-0.0001263773734346089,-0.00010573958839725044,0.00011605848091592967,0.00011605848091592967
34,2,Lodgepole Pine,-6.534917560740983e-05,3.282156383601261e-05,-7.118205332760456e-06,-6.790217258560253e-06
34,2,Ponderosa Pine,-0.0006262946280399528,4.11383142476888e-05,0.0004995591403067212,-4.720386020641102e-05
34,2,Spruce/Fir,0.0,0.0,0.0,0.0
34,3,Aspen,-0.0032210090497539062,0.0010292498467229377,-0.00014748535418171912,0.0023392445572126878
34,3,Cottonwood/Willow,-0.0009404369939604954,-0.0022593181876611377,0.0030835043431753175,0.0001162508384463153
34,3,Douglas-fir,0.00022951931925109526,-0.0010990148247264954,-0.001586766884379277,0.0022570310482103867
34,3,Krummholz,0.0007105847796342416,-1.9422133166182205e-05,-0.0004885172543373182,-0.00010228998679878236
34,3,Lodgepole Pine,-0.00016729598352450506,-1.7072780933991005e-06,0.00015372999731036452,-9.605987186208273e-06
34,3,Ponderosa Pine,0.00010529723558906172,-0.00015438349397283355,0.00039823373988985095,0.00028443804545105755
34,3,Spruce/Fir,0.0,0.0,0.0,0.0
34,Aggregated,Aspen,-0.0018439759908176361,1.410743087270025e-05,0.0007377382633176818,0.0009082092056662204
34,Aggregated,Cottonwood/Willow,-0.0008517567350126039,-0.0012832545844029518,0.0018568471209663357,-0.00011211909338846444
34,Aggregated,Douglas-fir,8.644232547546504e-05,-0.0003805583518875546,-0.0007043504809811316,0.0007597663418001735
34,Aggregated,Krummholz,0.00012149423733549128,-2.8758271479203956e-05,-9.163241810007545e-05,0.00010192130210775914
34,Aggregated,Lodgepole Pine,-7.621083536936875e-05,8.811118835991746e-06,5.5981758994734045e-05,-1.2411443568951611e-05
34,Aggregated,Ponderosa Pine,-0.00021509767093064414,5.293859431790745e-06,0.0002827178208389333,-7.545284507355107e-07
34,Aggregated,Spruce/Fir,0.0,0.0,0.0,0.0
34,Centralized,Aspen,-0.0018871382938146035,3.880355110419398e-05,0.0007257840251053879,0.00094712089416459
34,Centralized,Cottonwood/Willow,-0.0008496732530990092,-0.001275491967871421,0.0018711391527486225,-0.00011943707136360948
34,Centralized,Douglas-fir,9.379893227609108e-05,-0.0003878036652566891,-0.0007046264381442893,0.0007635582985343845
34,Centralized,Krummholz,0.0008660474157179965,-6.221722036995707e-05,-0.0005762921107742939,-7.24791043395882e-05
34,Centralized,Lodgepole Pine,-0.00014328160380072674,7.803093381590168e-06,0.00012201399299379319,-1.3002762399905166e-05
34,Centralized,Ponderosa Pine,-0.00021619433870094054,5.393755455847711e-06,0.0002834306689176909,-8.646090861041955e-07
34,Centralized,Spruce/Fir,0.0,0.0,0.0,0.0
35,0,Aspen,-0.0012492247168380405,-0.0007042137334172388,0.0008229796428330614,0.0015094991169965811
35,0,Cottonwood/Willow,-0.00016257783413809826,-0.00016257783413809826,0.0004877335024142948,-0.00016257783413809826
35,0,Douglas-fir,-0.0001563291289688092,0.00023928791240232505,0.0005153694203981762,-0.00039422974987749865
35,0,Krummholz,1.9481242750909084e-05,-4.950574557428348e-05,-0.0003243928880990177,1.255677177007993e-05
35,0,Lodgepole Pine,1.6615873182616408e-05,1.1643027381787649e-05,-3.972631288096107e-06,1.2856208859712837e-06
35,0,Ponderosa Pine,-0.00017485977450963178,-2.4104759245061984e-05,0.00011767683508686251,8.128769866783125e-05
35,0,Spruce/Fir,0.0,0.0,0.0,0.0
35,1,Aspen,-0.00019901990734054,-2.760268611213627e-05,0.003708202108891473,0.0002863263708647497
35,1,Cottonwood/Willow,-0.0004999230887555717,-8.823699307540049e-05,0.001676243252417516,-0.001088083170586544
35,1,Douglas-fir,0.0001317429206407992,-0.00025489095353196933,-0.00018294543698948543,-0.0004299904472678112
35,1,Krummholz,-0.0002576831792829859,-2.853990209509642e-05,0.000257533363475726,2.8689717902356342e-05
35,1,Lodgepole Pine,-2.0938084581053246e-05,-1.8187581403890837e-07,8.087070217320062e-05,-8.543947075978497e-05
35,1,Ponderosa Pine,-0.00018212578399357895,-0.00017474705411706556,0.0002319557179071933,-0.00014266678086328569
35,1,Spruce/Fir,0.0,0.0,0.0,0.0
35,2,Aspen,0.0008475431807068353,-0.00022333848701416859,-0.00010445713559091112,-0.0005197475581017555
35,2,Cottonwood/Willow,-0.00013053781580110724,-0.0007330200425754071,0.0015965779009519214,0.002397377194039383
35,2,Douglas-fir,-0.0008529171532257555,0.00045707166996656706,-0.0007978114411598588,0.0002339640261465233
35,2,Krummholz,-0.0001341715054907396,-0.00010830293411771368,0.0001753698527717229,6.710458683673037e-05
35,2,Lodgepole Pine,-2.733223259431446e-05,2.3866145227618984e-05,-2.6193020797029194e-05,-1.5155459917306121e-05
35,2,Ponderosa Pine,-0.00029711790957933265,-0.00011381479414087255,0.0004459123333633482,0.00030637555042169656
35,2,Spruce/Fir,0.0,0.0,0.0,0.0
35,3,Aspen,-0.0008109892351455169,0.000680424069728273,-0.0008333473396100466,0.0006317355626745217
35,3,Cottonwood/Willow,-0.0002943593760127798,-0.0002943593760127798,0.0026728941287162225,-0.002084175376690663
35,3,Douglas-fir,-0.00021655834753384526,-0.00043956458989637126,-0.0010219108793906168,0.0011533194284027205
35,3,Krummholz,0.0005275135394705935,0.00025914959724110165,-0.0007971234218343767,-0.00019016734658945425
35,3,Lodgepole Pine,-0.0001343211592595752,-7.687503366111033e-05,0.00024961851006392866,8.283068392784624e-06
35,3,Ponderosa Pine,3.888960277994199e-05,9.695550364193413e-05,4.599415038070154e-05,-0.0008154247837597143
35,3,Spruce/Fir,0.0,0.0,0.0,0.0
35,Aggregated,Aspen,-0.0003529226696543155,-6.868270920381767e-05,0.0008983443191308942,0.00047695337310852423
35,Aggregated,Cottonwood/Willow,-0.0002718495286768893,-0.00031954856145042143,0.0016083621961249888,-0.00023436479684398048
35,Aggregated,Douglas-fir,-0.0002735154272719027,4.760097351378805e-07,-0.0003718245842854462,0.00014076581435098348
35,Aggregated,Krummholz,3.878502436194426e-05,1.8200253863502023e-05,-0.00017215327342148638,-2.04540675200719e-05
35,Aggregated,Lodgepole Pine,-4.149390081308163e-05,-1.0386934216435651e-05,7.5080890038001e-05,-2.2756560349583795e-05
35,Aggregated,Ponderosa Pine,-0.00015380346632565034,-5.392777596526649e-05,0.00021038475918452637,-0.00014260707888336804
35,Aggregated,Spruce/Fir,0.0,0.0,0.0,0.0
35,Centralized,Aspen,-0.00037804584590605167,-5.4738288833067195e-05,0.0008626162637248117,0.0004827722382983272
35,Centralized,Cottonwood/Willow,-0.0002752347877772454,-0.00031379431678176434,0.001602584349066331,-0.0002661577184726223
35,Centralized,Douglas-fir,-0.00027162061832017764,-3.3801724493992547e-06,-0.0003703152379973586,0.00014421054495688626
35,Centralized,Krummholz,0.0006155106977108934,0.00031248750003367204,-0.0010389588312194609,-0.00021567724108132827
35,Centralized,Lodgepole Pine,-0.00010106052519236648,-4.845520972574883e-05,0.00018524355270319037,-1.3968328110763872e-05
35,Centralized,Ponderosa Pine,-0.00015402237985751022,-5.371476088544824e-05,0.0002109886820316209,-0.0001415223729502868
35,Centralized,Spruce/Fir,0.0,0.0,0.0,0.0
36,0,Aspen,-0.0018368475068879925,-0.00043177703810499957,0.00073426003619081,0.001534364508802182
36,0,Cottonwood/Willow,-0.00016257783413809826,-0.00016257783413809826,0.0004877335024142948,-0.00016257783413809826
36,0,Douglas-fir,-0.0006249840115386726,0.00028962240328235983,0.00036607579606933355,-0.00023481264176721436
36,0,Krummholz,-5.448159391708655e-05,-2.4902914210108338e-06,-0.0001584739679504806,0.000215445853288578
36,0,Lodgepole Pine,-1.404222785481024e-05,1.881667719084527e-05,-2.9323458502344968e-05,2.4549009166309938e-05
36,0,Ponderosa Pine,-0.00033592668715510626,0.00019911007288372917,0.0002480535798694468,2.166835543797781e-05
36,0,Spruce/Fir,0.0,0.0,0.0,0.0
36,1,Aspen,-0.0011111742113261807,-0.00036973571023611135,0.0011687252654587106,-0.0015696750060002207
36,1,Cottonwood/Willow,0.0005101779213454449,-0.0007658996960545617,0.0032745043443495048,0.0005101779213454449
36,1,Douglas-fir,0.0007710121157304961,-0.0003858069264813339,-5.235520447121241e-05,-0.0003328499847779498
36,1,Krummholz,-0.0001404194057509911,-2.5885257876482697e-05,8.857398211842282e-05,7.773068150905098e-05
36,1,Lodgepole Pine,-3.1454515852522937e-05,-6.966149002372394e-06,7.326764753004533e-05,-5.724893999965267e-05
36,1,Ponderosa Pine,3.845453693962497e-05,-0.0001525121491783669,0.00036812598833890764,-0.00012029930772013604
36,1,Spruce/Fir,0.0,0.0,0.0,0.0
36,2,Aspen,0.0007208484331592361,-9.717298655942397e-05,-0.0001120045779089418,-0.0005116708686908703
36,2,Cottonwood/Willow,-0.0014348699977239365,-0.00021060959464683227,0.0005524345802542149,0.001093045012116554
36,2,Douglas-fir,-0.0005742645908242555,0.00012896647813679293,-0.0002069672826606426,0.0006522653953481052
36,2,Krummholz,-0.0001495290427040256,-0.00019084311948680543,0.00014949051960692442,0.0001908816425839066
36,2,Lodgepole Pine,-1.999516436526627e-05,9.068005817893429e-06,1.127413449526308e-05,-3.469759478902379e-07
36,2,Ponderosa Pine,-0.00033824034265987163,-5.057708216397542e-05,0.0003414550055897229,4.736241923412413e-05
36,2,Spruce/Fir,0.0,0.0,0.0,0.0
36,3,Aspen,-0.0016431525698223555,0.0007148689972317953,-0.0006981938351239095,0.00162647740771447
36,3,Cottonwood/Willow,-0.00029584223931077475,-0.0008904704218060758,0.0020767830829229264,-0.0008904704218060758
36,3,Douglas-fir,0.0002531087821207127,-0.0005066284756409153,-0.001181323173492843,0.0016340158937820186
36,3,Krummholz,0.0003435662911427037,3.663783311541371e-05,-0.0005808757319692598,0.00020067160771114248
36,3,Lodgepole Pine,-5.381903445631867e-05,-1.8527771159746836e-05,0.00019119274351894755,-8.218065286278813e-05
36,3,Ponderosa Pine,8.614390583712902e-06,-0.00015841944980517683,2.80749772699392e-05,0.00012173008195152472
36,3,Spruce/Fir,0.0,0.0,0.0,0.0
36,Aggregated,Aspen,-0.000967581463719323,-4.595418441718489e-05,0.0002731967221541673,0.00026987401045639023
36,Aggregated,Cottonwood/Willow,-0.00034577803745684116,-0.0005073893866613919,0.0015978638774852352,0.00013754366937945622
36,Aggregated,Douglas-fir,-4.378192612792983e-05,-0.0001184616301757741,-0.00026864246613884116,0.00042965466564623997
36,Aggregated,Krummholz,-2.1593780734988766e-07,-4.564520891722131e-05,-0.00012532129954859832,0.00017118244627316952
36,Aggregated,Lodgepole Pine,-2.9827735632229527e-05,5.976907116548673e-07,6.160276676047774e-05,-2.8806889911005273e-05
36,Aggregated,Ponderosa Pine,-0.00015677452557291,-4.059965206594749e-05,0.0002464273877670041,1.7615387225872654e-05
36,Aggregated,Spruce/Fir,0.0,0.0,0.0,0.0
36,Centralized,Aspen,-0.0009950165199235407,-2.851002628427579e-05,0.0002578497811607655,0.0003094987114876426
36,Centralized,Cottonwood/Willow,-0.0003340084960519925,-0.0005043938933969409,0.0016064020945079454,0.00011909995641103584
36,Centralized,Douglas-fir,-4.011748207655615e-05,-0.00012171535681004357,-0.00027041790200201904,0.00043225074088861876
36,Centralized,Krummholz,0.0003808631817940518,2.6838847977384006e-06,-0.0006958221272801249,0.0003122750606883347
36,Centralized,Lodgepole Pine,-5.924000290067714e-05,-8.920274044995255e-06,0.00013856196163244036,-5.922526439973893e-05
36,Centralized,Ponderosa Pine,-0.0001566933453851597,-4.057754137048083e-05,0.0002465554713401985,1.7220770490572468e-05
36,Centralized,Spruce/Fir,0.0,0.0,0.0,0.0
37,0,Aspen,-0.00172198296522727,-6.145803881258775e-05,0.001348873761569308,0.0018995511573430917
37,0,Cottonwood/Willow,-0.00016257783413809826,-0.00016257783413809826,0.0004877335024142948,-0.00016257783413809826
37,0,Douglas-fir,-0.0004890860030737262,-8.49823943512203e-05,0.0004542520421816261,0.00011981635524332031
37,0,Krummholz,8.366026188200149e-06,0.00013237157650560402,-0.00018937407508982465,4.86364723960205e-05
37,0,Lodgepole Pine,-1.9911117997956085e-05,2.016659921837601e-05,-7.595323253950514e-07,-1.065520483391665e-06
37,0,Ponderosa Pine,-0.0003979700146462539,0.00010201964756134663,0.00011084549641058687,0.00018510487067432044
37,0,Spruce/Fir,0.0,0.0,0.0,0.0
37,1,Aspen,-0.0007155837124231216,0.00022953734282057936,0.0017679983185154013,0.0005999077131909428
37,1,Cottonwood/Willow,-0.0008317236363848124,-0.0004200375407046412,0.002338362836134857,-0.0010866016590454035
37,1,Douglas-fir,0.0005170328284263929,-0.0002715952446543657,-0.0002898144294059731,4.437684563394587e-05
37,1,Krummholz,-0.00017174504090206044,-5.7210893027552036e-05,0.00011447796696480624,0.00011447796696480624
37,1,Lodgepole Pine,-1.0370799108085546e-05,2.3675849584644157e-06,7.650331299471902e-05,-2.2052201773675728e-05
37,1,Ponderosa Pine,1.8626445979127066e-05,-6.069462386252648e-05,0.00016971256281335853,6.170447756748132e-06
37,1,Spruce/Fir,0.0,0.0,0.0,0.0
37,2,Aspen,0.00015542352145304916,-0.00015687740226092337,0.0002594732815267888,-0.0002580194007189146
37,2,Cottonwood/Willow,-0.001607815759370144,-4.173037068565718e-05,0.0010663185571307132,-0.0009860364963389656
37,2,Douglas-fir,-0.000590933861879144,5.441907462109171e-05,-0.0011426000586795316,0.0013295486677104608
37,2,Krummholz,2.065703839138992e-05,-2.579719858975908e-05,8.767191616601555e-05,0.0002578755882996775
37,2,Lodgepole Pine,1.4288974730186643e-05,1.6671294295842836e-05,-2.7096808672873638e-06,1.8183289998761436e-05
37,2,Ponderosa Pine,-0.0004377904410068449,-6.16244638466934e-05,0.00023566666852950502,0.00013093427547973083
37,2,Spruce/Fir,0.0,0.0,0.0,0.0
37,3,Aspen,-0.0009201280492866412,-5.6312902479704885e-05,-0.0004976412693123803,0.0011425811219454018
37,3,Cottonwood/Willow,1.482863297995e-06,-0.0005902016153235545,0.0035633645505222986,-0.002974645798496739
37,3,Douglas-fir,0.0002834637974375026,-0.0006187487608302206,-0.0010172460255778032,0.0013525309889705212
37,3,Krummholz,0.0005904584665321089,5.237434049925003e-05,-0.0003717483096377904,-0.00021093113724709317
37,3,Lodgepole Pine,-0.00014925228696868742,-1.6210690306014037e-05,0.00013682043601837926,1.5545598237113694e-05
37,3,Ponderosa Pine,-8.874058205102231e-05,-0.00011441864303167922,0.0002923776804077867,-0.0003005588821299032
37,3,Spruce/Fir,0.0,0.0,0.0,0.0
37,Aggregated,Aspen,-0.0008005678013709959,-1.1277750183159158e-05,0.0007196760230747794,0.0008460051479401305
37,Aggregated,Cottonwood/Willow,-0.000650158591648765,-0.0003036368402129878,0.0018639448615505412,-0.0013024654470048017
37,Aggregated,Douglas-fir,-6.988080977224367e-05,-0.00023022683130367871,-0.0004988521178704205,0.000711568214389562
37,Aggregated,Krummholz,0.00011193412255240963,2.5434456346885736e-05,-8.974312539919832e-05,5.251472260335276e-05
37,Aggregated,Lodgepole Pine,-4.1311307336135604e-05,5.7486970416673056e-06,5.2463633955103964e-05,2.6527914947019338e-06
37,Aggregated,Ponderosa Pine,-0.00022646864793124852,-3.367952079488812e-05,0.0002021506020403093,5.4126779452240426e-06
37,Aggregated,Spruce/Fir,0.0,0.0,0.0,0.0
37,Centralized,Aspen,-0.0008111258270608832,-1.3561792239653406e-05,0.0006998125393019352,0.0008611432353659715
37,Centralized,Cottonwood/Willow,-0.0006407626982309252,-0.00030519845074553076,0.001871565548774425,-0.0012998621418080225
37,Centralized,Douglas-fir,-6.5891625379307e-05,-0.00023261184610704846,-0.000494514951605296,0.0007109628893671727
37,Centralized,Krummholz,0.0007685807868424895,3.873687690544858e-05,-0.0004714334921157674,-0.00019013993004341848
37,Centralized,Lodgepole Pine,-0.00010987846855096499,-6.157021013567891e-06,0.00011093950656358247,1.0684119191843125e-05
37,Centralized,Ponderosa Pine,-0.00022652042087228005,-3.313008448381042e-05,0.00020145501204905472,5.678121439857871e-06
37,Centralized,Spruce/Fir,0.0,0.0,0.0,0.0
38,0,Aspen,-0.0013432431671901262,0.0001239207832700225,0.0003142557233268746,0.0012857365407069332
38,0,Cottonwood/Willow,0.0,0.0,0.0,0.0
38,0,Douglas-fir,-0.000338041934377864,0.0004113515806581462,0.0003801328451040198,0.00015942537666051768
38,0,Krummholz,-0.00012649663542226483,2.4960125610447767e-06,-0.00010141537146879376,0.0002254159943300138
38,0,Lodgepole Pine,-7.781871806028517e-06,2.881954539269797e-05,1.2683079114330273e-05,1.4280541039940475e-05
38,0,Ponderosa Pine,-0.0002832213160068782,0.00019922447553208378,0.00029209426501940655,-0.00012885617587285458
38,0,Spruce/Fir,0.0,0.0,0.0,0.0
38,1,Aspen,-0.001314158999961887,-5.53946677008856e-05,0.00048540938358897223,0.0008841442840738003
38,1,Cottonwood/Willow,-0.0008715634141323222,-0.000638882560748529,0.0016378849862111466,-0.00012743901133029553
38,1,Douglas-fir,0.0004031064356565667,-0.0003858616345625149,-0.0002627390976066152,0.0002454942965125634
38,1,Krummholz,-0.000257720614856997,2.868973626814671e-05,0.000200378596260505,2.865228232834527e-05
38,1,Lodgepole Pine,-2.4536768057627684e-05,-1.3884262291014027e-05,5.4597948012352626e-05,-4.02228574106304e-05
38,1,Ponderosa Pine,3.10696059924361e-05,-0.00020699501922422092,0.0001920776734381513,-0.00014996709289307372
38,1,Spruce/Fir,0.0,0.0,0.0,0.0
38,2,Aspen,0.0007205100946746137,-3.7921452342914073e-05,-5.275304369243191e-05,-0.0006298355986392676
38,2,Cottonwood/Willow,-0.0007823651191828004,-0.00034273675073772286,0.0009447505975702283,0.000180351272350295
38,2,Douglas-fir,-0.0003463574924065053,-2.120356197017152e-05,-0.0006878479761389389,0.0012591757107359343
38,2,Krummholz,-0.00012374943515251294,6.187471757625647e-05,6.187471757625647e-05,0.0
38,2,Lodgepole Pine,-1.1066455786542159e-05,3.883004264493284e-05,-1.2584774247315078e-05,-1.5178812611075601e-05
38,2,Ponderosa Pine,-5.86476062185981e-05,2.6776346171801062e-05,0.000441033819072086,-0.0002006925021386663
38,2,Spruce/Fir,0.0,0.0,0.0,0.0
38,3,Aspen,-0.00018095323315800438,0.00034118848212424946,-0.0015269703057604611,0.001366735056794216
38,3,Cottonwood/Willow,-0.0009419088458973712,-0.00047690549211211003,0.0018957198301215912,-0.00047690549211211003
38,3,Douglas-fir,0.00010751415397854125,-0.0005488838434399614,-0.0009618604491264717,0.001602587243939797
38,3,Krummholz,0.000585316241822983,-9.376291549593324e-05,-0.0006214517751717158,0.0001499562187965084
38,3,Lodgepole Pine,-0.00015175412069598493,2.2234472302179453e-05,0.00021290545699093055,-8.338580859712508e-05
38,3,Ponderosa Pine,0.00020608818703132803,-0.0001756291397205234,1.761441247120447e-06,0.0003903877145096842
38,3,Spruce/Fir,0.0,0.0,0.0,0.0
38,Aggregated,Aspen,-0.000529461326408851,9.294828633761809e-05,-0.00019501456063426154,0.0007266950707339205
38,Aggregated,Cottonwood/Willow,-0.0006489593448031235,-0.00036463120089959045,0.0011195888534757414,-0.00010599830777302763
38,Aggregated,Douglas-fir,-4.344470928731535e-05,-0.00013614936482862539,-0.00038307866944200153,0.0008166706569622031
38,Aggregated,Krummholz,1.9337389097802055e-05,-1.7561227262132218e-07,-0.00011515345820093703,0.00010100612386371687
38,Aggregated,Lodgepole Pine,-4.878480408654583e-05,1.899994951219906e-05,6.690042746757459e-05,-3.112673439472265e-05
38,Aggregated,Ponderosa Pine,-2.6177782300428047e-05,-3.915583431021487e-05,0.00023174179969419106,-2.2282014098727605e-05
38,Aggregated,Spruce/Fir,0.0,0.0,0.0,0.0
38,Centralized,Aspen,-0.0005302045210271537,9.896942304240171e-05,-0.00022502110026619468,0.0007441522475081878
38,Centralized,Cottonwood/Willow,-0.0006529510858757822,-0.0003573838176652762,0.001118213559866299,-0.00010787865632524059
38,Centralized,Douglas-fir,-4.199049863140569e-05,-0.00013708369974638202,-0.000381818723710912,0.00081634641808818
38,Centralized,Krummholz,0.0007048114020551943,-0.00011249533722560805,-0.000807502233325319,0.00024102082122904692
38,Centralized,Lodgepole Pine,-0.00011355453559551883,2.3007520624350002e-05,0.00015828659420170457,-6.215149234065076e-05
38,Centralized,Ponderosa Pine,-2.5834478590040327e-05,-3.897349984569957e-05,0.00023177287129242755,-2.34327373371442e-05
38,Centralized,Spruce/Fir,0.0,0.0,0.0,0.0
39,0,Aspen,-0.0017810913773131838,0.0003677505101139141,0.00043160883610851575,0.000981732031090754
39,0,Cottonwood/Willow,0.0,0.0,0.0,0.0
39,0,Douglas-fir,-0.0006446473663014735,0.0003053305118386797,-0.00011787072368756035,0.0004571875781503541
39,0,Krummholz,-1.0092313825815769e-05,0.00010393575404057016,-5.1932962343255916e-05,0.00029995014128081365
39,0,Lodgepole Pine,-1.6957100061841073e-05,2.4165412300464206e-05,-2.9023498997480617e-05,2.0247771175420832e-05
39,0,Ponderosa Pine,-0.00023887700476761994,0.00014138146124968257,0.00010601148598188281,0.00020355744802017886
39,0,Spruce/Fir,0.0,0.0,0.0,0.0
39,1,Aspen,-0.0006871570655315138,0.00025796398971218715,0.0004281452697713767,1.0478060479499989e-06
39,1,Cottonwood/Willow,0.000678084579003424,0.00016664102958519056,0.0007556448634646884,-6.603982379860263e-05
39,1,Douglas-fir,0.0002105904219220911,-0.0001925409846458189,-0.000280290057729643,5.2250743845895974e-05
39,1,Krummholz,-0.00017174504090206044,-5.7210893027552036e-05,0.00011447796696480624,0.00011447796696480624
39,1,Lodgepole Pine,-2.0666348265280243e-05,-1.0837009000610095e-05,6.457207129836884e-05,-5.711577071449795e-05
39,1,Ponderosa Pine,5.454544227171768e-05,-0.00015124777604252904,0.00019091960631288188,0.00011401092309985354
39,1,Spruce/Fir,0.0,0.0,0.0,0.0
39,2,Aspen,7.0109736690961615e-06,-6.737805020885779e-05,0.0002300912821555969,-0.00016972420561583526
39,2,Cottonwood/Willow,0.0005538147253263496,-0.0007346093828651904,0.0010759659885307786,-0.0008951713309919377
39,2,Douglas-fir,-0.0006933212269044919,-5.2147222707308684e-05,-0.0005635733904557905,0.0011052751598472725
39,2,Krummholz,-0.00017785863355102016,-0.00011084375577639453,5.924935859687638e-05,0.00022945303073053833
39,2,Lodgepole Pine,-2.440449439019184e-05,1.3746708177812353e-05,2.20694361075154e-05,-1.1411649895135914e-05
39,2,Ponderosa Pine,-0.0002512149464907372,4.641793191465886e-06,0.00035885551556937473,-0.0003207524191567261
39,2,Spruce/Fir,0.0,0.0,0.0,0.0
39,3,Aspen,-0.0006655690746253615,0.00042705619669423006,0.00014262088900933445,9.589198892179703e-05
39,3,Cottonwood/Willow,0.00029879695454564553,-0.000887515706571205,0.002671422276779347,-0.0020827035247537873
39,3,Douglas-fir,0.00031792387104756054,-0.0006330140075845268,-0.0010790580843500902,0.0013941482208870565
39,3,Krummholz,0.0004763565162555332,0.000254538254160971,-0.00041538209993022035,-0.00043580942419098556
39,3,Lodgepole Pine,-0.0001274542601511497,-5.798642682920222e-05,0.00013908588688689902,6.81834862818383e-05
39,3,Ponderosa Pine,0.00013136377307078803,4.4851467494999575e-06,0.00016397923122070854,-0.0005110959273037877
39,3,Spruce/Fir,0.0,0.0,0.0,0.0
39,Aggregated,Aspen,-0.0007817016359502407,0.00024634816157786835,0.0003081165692612059,0.00022723690511116648
39,Aggregated,Cottonwood/Willow,0.00038267406471885474,-0.0003638710149628012,0.0011257582821937034,-0.0007609786698860819
39,Aggregated,Douglas-fir,-0.00020236357505907843,-0.00014309292577474367,-0.000510198064055771,0.0007522154256826448
39,Aggregated,Krummholz,2.916513199415921e-05,4.7604839849398645e-05,-7.339693417794842e-05,5.2017928696293153e-05
39,Aggregated,Lodgepole Pine,-4.737055071711571e-05,-7.727828837883938e-06,4.917597382382566e-05,4.975959211906319e-06
39,Aggregated,Ponderosa Pine,-7.604568397896286e-05,-1.8484371297015668e-07,0.000204941459771212,-0.00012856999383512036
39,Aggregated,Spruce/Fir,0.0,0.0,0.0,0.0
39,Centralized,Aspen,-0.000788117360700058,0.0002519893012770484,0.0003079065381634549,0.00022822152125955472
39,Centralized,Cottonwood/Willow,0.00038073352917971276,-0.00035670184337176686,0.0011179629861034952,-0.0007677369299013878
39,Centralized,Douglas-fir,-0.00019876313053448594,-0.00014374962120380455,-0.000511332705171133,0.0007516279859989863
39,Centralized,Krummholz,0.000580668806788411,0.000306525726654322,-0.0005021432848973292,-0.00047177825679925456
39,Centralized,Lodgepole Pine,-9.91168822951638e-05,-4.0807590501318325e-05,0.0001045687734541519,4.3586051522224535e-05
39,Centralized,Ponderosa Pine,-7.630093812109144e-05,-1.5883479666708075e-07,0.00020466902807941834,-0.00012820925516165982
39,Centralized,Spruce/Fir,0.0,0.0,0.0,0.0
40,0,Aspen,-0.0011618353026160433,-5.625066659300145e-05,0.00018695951020968513,0.0010311264589993596
40,0,Cottonwood/Willow,-0.0002872509473169545,-0.0002872509473169545,0.0008617528419508635,-0.0002872509473169545
40,0,Douglas-fir,-0.0004987992973128028,0.0002612295035280034,-3.352545620905386e-05,0.0002710952499938533
40,0,Krummholz,-0.0001834143263597284,-5.442330867968156e-05,6.933933164685972e-05,0.00016849830339255023
40,0,Lodgepole Pine,-1.3912264302871439e-05,1.573540015003168e-05,-7.816441332658686e-06,5.993305485498442e-06
40,0,Ponderosa Pine,-0.00023658352728013013,0.0001083751991223884,0.00013518363334279657,-6.97530518505481e-06
40,0,Spruce/Fir,0.0,0.0,0.0,0.0
40,1,Aspen,-0.0011268139369417646,-0.0004967409829313013,0.0005555567159109034,0.0010679982039621626
40,1,Cottonwood/Willow,-0.00062778397611013,0.0008835057508192468,0.0003720622014010133,-0.00062778397611013
40,1,Douglas-fir,-0.00014870836523468248,-0.0002360088021778617,-0.0001492148771637484,0.00032414073995617093
40,1,Krummholz,-8.582572139206879e-05,-8.582572139206879e-05,0.0002002475441787536,-2.859610139461603e-05
40,1,Lodgepole Pine,-3.228248695764472e-05,-3.282871215845584e-05,6.844417907855838e-05,-4.978303454127494e-05
40,1,Ponderosa Pine,-9.79196076183279e-05,-0.00012525193094981013,0.00014762489196858594,-0.00013268154904237198
40,1,Spruce/Fir,0.0,0.0,0.0,0.0
40,2,Aspen,0.0005275775600438737,-0.0003497353383969115,-0.00017075020372043595,-7.092017926526213e-06
40,2,Cottonwood/Willow,-0.0006518273033816931,-0.000734818578082839,0.0013368324249153445,4.981345654918775e-05
40,2,Douglas-fir,-0.00011626081601922207,-0.0004108612302182457,-0.0001205790408111973,0.0014047449415836206
40,2,Krummholz,-3.605909269309889e-05,-2.577877229636057e-05,8.761663728582003e-05,-2.577877229636057e-05
40,2,Lodgepole Pine,2.275016973390942e-06,-1.1925801639648774e-06,6.592006675918786e-06,-7.67444348534485e-06
40,2,Ponderosa Pine,-8.854481028696311e-05,-5.690980295413225e-05,0.0004363400761210427,-0.0001580715020356449
40,2,Spruce/Fir,0.0,0.0,0.0,0.0
40,3,Aspen,0.00010802787235623483,-0.0003968136429377452,-0.0011294583040740807,0.0014182440746555909
40,3,Cottonwood/Willow,-0.00029731409124765057,-0.00029731409124765057,0.0008919422737429517,-0.00029731409124765057
40,3,Douglas-fir,0.0001110830678624312,-0.0006663247220668744,-0.0010581646343432911,0.0016134062885477345
40,3,Krummholz,0.0005112665581098347,0.00011321245762398874,-0.0006989827302320955,-4.567346983308287e-05
40,3,Lodgepole Pine,-0.00012233908421980152,-3.248837686440261e-05,0.00021704653138655827,-3.165514757775175e-05
40,3,Ponderosa Pine,-6.868284599793421e-05,-0.0001825334724632107,0.00013981477729664107,0.00032266931742729504
40,3,Spruce/Fir,0.0,0.0,0.0,0.0
40,Aggregated,Aspen,-0.00041326095178942476,-0.00032488515771473983,-0.000139423070418482,0.0008775691799226467
40,Aggregated,Cottonwood/Willow,-0.0004660440795141071,-0.00010896946645704934,0.0008656474355025433,-0.00029063388953138686
40,Aggregated,Douglas-fir,-0.00016317135267606905,-0.0002629913127337446,-0.00034037100213182267,0.0009033468050203448
40,Aggregated,Krummholz,5.149185441623466e-05,-1.3203836186030545e-05,-8.544480428016554e-05,1.7112489967122692e-05
40,Aggregated,Lodgepole Pine,-4.156470462673168e-05,-1.2693567259197914e-05,7.106656895209419e-05,-2.0779830029718276e-05
40,Aggregated,Ponderosa Pine,-0.00012293269779583885,-6.408000181119117e-05,0.00021474084468226656,6.235240291055835e-06
40,Aggregated,Spruce/Fir,0.0,0.0,0.0,0.0
40,Centralized,Aspen,-0.00040681852340770003,-0.0003274198629931724,-0.0001609725819257483,0.0008952109683266207
40,Centralized,Cottonwood/Willow,-0.00046261481166403234,-0.00010446009302836345,0.0008654513642576134,-0.0002983764595652176
40,Centralized,Douglas-fir,-0.00016294236828558648,-0.0002630259484525295,-0.0003435271060647875,0.0009026201718788559
40,Centralized,Krummholz,0.000593875692816187,0.00013937837568484915,-0.0008524115388924558,-3.5738519308890306e-05
40,Centralized,Lodgepole Pine,-9.253123289901244e-05,-2.8284601771520295e-05,0.00016244385074210924,-2.780872356014652e-05
40,Centralized,Ponderosa Pine,-0.000122377020680862,-6.405334447392996e-05,0.00021462252432805085,5.06156927882843e-06
40,Centralized,Spruce/Fir,0.0,0.0,0.0,0.0
41,0,Aspen,-0.0008875190278772732,2.7730668088916482e-05,0.00021820691099659617,0.0006415814487917606
41,0,Cottonwood/Willow,0.0,0.0,0.0,0.0
41,0,Douglas-fir,-0.00010689008798112076,0.00023391080485344698,1.3504465099428709e-05,-0.00014052518197175493
41,0,Krummholz,-4.8609129812952436e-05,0.0001324104544376444,-0.00024634923109097723,0.00016254790646628528
41,0,Lodgepole Pine,-1.4959141108189522e-05,1.9213422404601443e-05,-1.102626811038306e-05,6.7719868139711386e-06
41,0,Ponderosa Pine,-0.00019461349363914895,0.00011499430677189282,3.575840462550587e-05,4.3860782241750274e-05
41,0,Spruce/Fir,0.0,0.0,0.0,0.0
41,1,Aspen,-0.0014376719743385603,0.00012845809183211857,0.00024191227853824493,0.001067301603968197
41,1,Cottonwood/Willow,0.00012786088735455836,0.00012786088735455836,-0.0003835826620636751,0.00012786088735455836
41,1,Douglas-fir,0.0003066726712968408,-0.00013121638341129227,-0.00028971738471798386,0.00011426109683243535
41,1,Krummholz,-0.00017174504090206044,-5.7210893027552036e-05,0.00011447796696480624,0.00011447796696480624
41,1,Lodgepole Pine,-1.1610183103305527e-05,-8.422497258298023e-06,6.726296348832002e-05,-2.4828402242956422e-05
41,1,Ponderosa Pine,5.829192626700489e-05,-3.6742702926769364e-06,0.00013008055801308482,2.3529981654511294e-05
41,1,Spruce/Fir,0.0,0.0,0.0,0.0
41,2,Aspen,0.0008251558739464926,-0.0006915580230990592,-0.00027490894533233984,0.00014131109448490645
41,2,Cottonwood/Willow,-0.001174915326469711,-0.0004732745665388301,0.0013368324249153445,0.0003113574680931967
41,2,Douglas-fir,-1.3468810712619997e-05,0.0001854551582969368,-0.0006361726127462377,0.0012205032412959625
41,2,Krummholz,-9.277522377758769e-05,-2.5760346002962065e-05,-2.579719858975908e-05,0.00014433276837030884
41,2,Lodgepole Pine,-8.0874517269236e-07,2.6680784400055318e-05,-9.532657569042794e-06,6.068460219138538e-06
41,2,Ponderosa Pine,-0.00015497772626094086,-8.860852129444208e-05,0.00035426891950166944,-0.00011068267194628649
41,2,Spruce/Fir,0.0,0.0,0.0,0.0
41,3,Aspen,0.0001380131608519214,2.7512794474146562e-05,-2.7625091594443707e-05,-0.00013790086373162425
41,3,Cottonwood/Willow,0.0,-0.0005946281824953011,0.0011892563649906023,-0.0005946281824953011
41,3,Douglas-fir,-0.000138534135447399,-0.00048808546870919106,-0.0003519548030635293,0.0007792173018682144
41,3,Krummholz,0.00066659156178799,3.975446801297392e-05,-0.0003633527317975088,-0.000403037107349527
41,3,Lodgepole Pine,-0.00017948359110348902,-2.066380468317604e-05,0.000149354692284794,6.38928713266133e-05
41,3,Ponderosa Pine,4.967301053579454e-05,-0.00011663696956797549,-0.00014155374070848326,-2.7500765221270354e-06
41,3,Spruce/Fir,0.0,0.0,0.0,0.0
41,Aggregated,Aspen,-0.0003405054918543549,-0.00012696411717596942,3.939628815201439e-05,0.00042807332087831
41,Aggregated,Cottonwood/Willow,-0.00026176360977878815,-0.00023501046541989323,0.0005356265319605679,-3.885245676188652e-05
41,Aggregated,Douglas-fir,1.1944909288925255e-05,-4.99839722425249e-05,-0.00031608508385708053,0.0004933641145062143
41,Aggregated,Krummholz,8.836554182384734e-05,2.2298420855026056e-05,-0.00013025529862835974,4.580383612968329e-06
41,Aggregated,Lodgepole Pine,-5.171541512191911e-05,4.201976215795674e-06,4.9014682523422046e-05,1.297622902919164e-05
41,Aggregated,Ponderosa Pine,-6.04065707743226e-05,-2.348136359580042e-05,9.463853535794423e-05,-1.151049614303799e-05
41,Aggregated,Spruce/Fir,0.0,0.0,0.0,0.0
41,Centralized,Aspen,-0.000334485170398575,-0.00012104408711700876,4.026959282320275e-05,0.000415259664692381
41,Centralized,Cottonwood/Willow,-0.00024968767103246875,-0.0002327113547648992,0.0005277453847988833,-4.534635900151537e-05
41,Centralized,Douglas-fir,1.138243195786722e-05,-5.310056333583668e-05,-0.00031363524433696927,0.000488415492587079
41,Centralized,Krummholz,0.0008231023896186166,7.24546353738827e-05,-0.0005247171296296852,-0.00044825512109282945
41,Centralized,Lodgepole Pine,-0.00012840687880793142,-9.173676620261029e-06,0.00011023432302872949,4.351996748746164e-05
41,Centralized,Ponderosa Pine,-6.0102172665212526e-05,-2.335499657188378e-05,9.515028930972187e-05,-1.1693120072625574e-05
41,Centralized,Spruce/Fir,0.0,0.0,0.0,0.0
42,0,Aspen,-0.0003345234887086601,0.0001538044829155205,2.6914522877619085e-05,0.0001538044829155205
42,0,Cottonwood/Willow,0.0,0.0,0.0,0.0
42,0,Douglas-fir,0.00022937888015930885,0.00031218501584163544,-0.0003234505209257961,-0.00021811337507514814
42,0,Krummholz,2.5978666176993775e-05,2.5978666176993775e-05,-7.793599853098132e-05,2.5978666176993775e-05
42,0,Lodgepole Pine,5.736642372059879e-06,1.3214794012894604e-05,-1.4597212107817873e-05,-4.354224277136609e-06
42,0,Ponderosa Pine,-0.00011714229923623365,5.961983609525009e-05,5.113298786895334e-05,6.389475272030228e-06
42,0,Spruce/Fir,0.0,0.0,0.0,0.0
42,1,Aspen,-0.001281198055649214,-2.801582685722781e-05,0.00039838619722759133,0.0009108276852788505
42,1,Cottonwood/Willow,0.00012786088735455836,0.0007168647212340562,0.00020542117181582276,-0.0010501467804044373
42,1,Douglas-fir,0.00019267307444264617,-0.00010485781010600066,-0.0002808206566101655,0.00019300539227351995
42,1,Krummholz,-5.722961999745276e-05,-5.722961999745276e-05,0.00011445923999490552,0.0
42,1,Lodgepole Pine,-2.3357618107909078e-05,-2.417823650832651e-05,7.154536427523654e-05,-2.2363255082008537e-05
42,1,Ponderosa Pine,-4.216807855131344e-05,-8.928560656148998e-05,0.00020332971613533832,-0.00014628939397775173
42,1,Spruce/Fir,0.0,0.0,0.0,0.0
42,2,Aspen,0.0007954852124823544,-0.00015634972294509739,-0.00030457960679647805,-0.0003345558827407789
42,2,Cottonwood/Willow,-0.0002615440115440089,-0.0008649130086954004,0.001206737994302783,-8.028097406337364e-05
42,2,Douglas-fir,-0.00026159039728238426,9.321506562918098e-05,-0.0008778073016794998,0.001046182633332703
42,2,Krummholz,-7.710240297553739e-06,2.5700800991845796e-06,2.5700800991845796e-06,2.5700800991845796e-06
42,2,Lodgepole Pine,-9.441393568436022e-07,7.3324244923752184e-06,-1.340684074237671e-05,-1.5389286270613606e-05
42,2,Ponderosa Pine,-0.00022909545800379552,-6.797870697337431e-05,0.0004600453046939383,-3.01118343996228e-05
42,2,Spruce/Fir,0.0,0.0,0.0,0.0
42,3,Aspen,0.0001380131608519214,2.7512794474146562e-05,-2.7625091594443707e-05,-0.00013790086373162425
42,3,Cottonwood/Willow,-0.00029731409124765057,-0.00029731409124765057,0.0008919422737429517,-0.00029731409124765057
42,3,Douglas-fir,0.0004972450892495178,-0.0005212850886216897,-0.0004400977622358813,0.00046413776160805314
42,3,Krummholz,0.0003438690977106811,3.644491022663371e-05,-0.00039982931418169654,-0.00010048285800576956
42,3,Lodgepole Pine,-9.508168655184464e-05,-1.613771965388681e-05,0.00013766714294677815,-2.449818546958656e-07
42,3,Ponderosa Pine,-0.00016741988950471262,-9.698150396603156e-05,2.7238485674578133e-05,0.00023716290779616603
42,3,Spruce/Fir,0.0,0.0,0.0,0.0
42,Aggregated,Aspen,-0.0001705557927558996,-7.620681031645301e-07,2.3274005428572164e-05,0.00014804385543049195
42,Aggregated,Cottonwood/Willow,-0.00010774930385927528,-0.0001113405946772487,0.0005760253599653893,-0.0003569354614288654
42,Aggregated,Douglas-fir,0.00016442666164227213,-5.518570431421847e-05,-0.0004805440603628357,0.000371303103034782
42,Aggregated,Krummholz,7.62269758981671e-05,1.9410091263398254e-06,-9.018399815464694e-05,-1.79835279323978e-05
42,Aggregated,Lodgepole Pine,-2.841170041113436e-05,-4.942184414235875e-06,4.530211359295502e-05,-1.0587936871113654e-05
42,Aggregated,Ponderosa Pine,-0.0001389564313240138,-4.865649535141144e-05,0.00018543662359320204,1.678778867270543e-05
42,Aggregated,Spruce/Fir,0.0,0.0,0.0,0.0
42,Centralized,Aspen,-0.00016657997789856308,1.3387536260123234e-08,2.6734134901002887e-05,0.00013983245546130008
42,Centralized,Cottonwood/Willow,-0.0001049251043385065,-0.00010473877800760516,0.0005706953172255799,-0.00036103143487946815
42,Centralized,Douglas-fir,0.00016731235990754176,-5.733637641736992e-05,-0.0004767949536197136,0.00036681897012954173
42,Centralized,Krummholz,0.0004533738915952397,7.144314315578788e-05,-0.0005259126613601506,-0.00015366933281433606
42,Centralized,Lodgepole Pine,-7.062643716354566e-05,-1.5295112939091766e-05,0.00010783871979972807,-3.389264345473227e-06
42,Centralized,Ponderosa Pine,-0.00013857435999964363,-4.8739249900971636e-05,0.00018531186497198573,1.6013071574764542e-05
42,Centralized,Spruce/Fir,0.0,0.0,0.0,0.0
43,0,Aspen,-0.0005512960471384295,6.392188452365259e-05,4.769045047018731e-07,0.000486897258110075
43,0,Cottonwood/Willow,-0.0002872509473169545,-0.0002872509473169545,0.0008617528419508635,-0.0002872509473169545
43,0,Douglas-fir,-0.00012906531905458596,0.00012912465401797302,-9.987816591871627e-05,9.981883095532922e-05
43,0,Krummholz,-3.3507822434090485e-05,8.044571728334689e-05,2.8488384929359345e-05,-7.542627977861575e-05
43,0,Lodgepole Pine,6.542406926953367e-07,7.348523023216942e-06,1.743622768988577e-05,-2.5438991405798046e-05
43,0,Ponderosa Pine,-0.0001326950429064074,5.7244205309235165e-05,0.00010206805157032355,-2.661721397315131e-05
43,0,Spruce/Fir,0.0,0.0,0.0,0.0
43,1,Aspen,-0.0014376719743385603,-0.00018448974554657419,0.0005548601159169377,0.001067301603968197
43,1,Cottonwood/Willow,0.0004223628042943073,0.0004223628042943073,-8.908074512392616e-05,-0.0007556448634646884
43,1,Douglas-fir,0.00018387981249337604,-4.3480278427441656e-05,-0.0004297807707859258,0.00028938123671999144
43,1,Krummholz,-0.00017168885999235828,-0.00011445923999490552,0.00017168885999235828,0.00011445923999490552
43,1,Lodgepole Pine,-2.2270744828578604e-06,-2.7640222004993165e-05,6.963220687706644e-05,8.328009654270016e-06
43,1,Ponderosa Pine,8.677722153853835e-05,-8.42994252483557e-05,0.00025787213300286954,7.4171229722252985e-06
43,1,Spruce/Fir,0.0,0.0,0.0,0.0
43,2,Aspen,0.0011822394272443804,5.165153853868102e-05,-0.00033450690997386773,-0.0005427400015394213
43,2,Cottonwood/Willow,-0.00013077200577200446,-0.000734141002923396,0.0010759659885307786,-0.0002110529798353781
43,2,Douglas-fir,-0.0003336201107230069,3.4880159182066696e-05,-0.000532457217917832,0.0010354949867925484
43,2,Krummholz,-6.440794508864404e-05,-5.412762469190572e-05,5.926778489027488e-05,5.926778489027488e-05
43,2,Lodgepole Pine,1.2284719944031611e-05,1.6019491741357344e-05,2.271917171360142e-05,-2.699738468756041e-05
43,2,Ponderosa Pine,-6.487897140474337e-05,2.367878398240597e-05,0.00034291988230698384,-9.322382013695248e-05
43,2,Spruce/Fir,0.0,0.0,0.0,0.0
43,3,Aspen,0.00016558210388621653,5.50817375084417e-05,-0.00011033192069732911,-0.00011033192069732911
43,3,Cottonwood/Willow,-0.00029584223931077475,-0.0008904704218060758,0.0020767830829229264,-0.0008904704218060758
43,3,Douglas-fir,5.031954427509033e-05,-0.0003573188645326908,-0.00023356992921962547,0.000540569249477226
43,3,Krummholz,0.0002759160841954618,5.707919253093256e-06,-0.0002122693099627232,-0.00012930909280255143
43,3,Lodgepole Pine,-7.373814818715611e-05,-1.9951735200668397e-05,9.644129901374236e-05,5.983552894689437e-06
43,3,Ponderosa Pine,-0.00011257738538315391,-6.421520024194975e-05,0.00013528973794165364,-0.000169837579121368
43,3,Spruce/Fir,0.0,0.0,0.0,0.0
43,Aggregated,Aspen,-0.0001602866225865982,-3.4586462439497174e-06,2.7624547437610683e-05,0.0002252817349603804
43,Aggregated,Cottonwood/Willow,-7.28755970263566e-05,-0.0003723748919380298,0.0009813552920701605,-0.0005361048031057742
43,Aggregated,Douglas-fir,-5.712151825228162e-05,-5.9198582440023184e-05,-0.00032392152096052485,0.0004913160759862738
43,Aggregated,Krummholz,1.577864170092258e-06,-2.0608307037592772e-05,1.1793929962317331e-05,-7.752086923996697e-06
43,Aggregated,Lodgepole Pine,-1.5756565508321756e-05,-6.055985610271819e-06,5.1557226323574e-05,-9.531203386099751e-06
43,Aggregated,Ponderosa Pine,-5.584354453894158e-05,-1.689790904966608e-05,0.00020953745120545766,-7.056537256481162e-05
43,Aggregated,Spruce/Fir,0.0,0.0,0.0,0.0
43,Centralized,Aspen,-0.00015446038204720383,-2.482291878056856e-06,2.684684304572286e-05,0.00021803967570461583
43,Centralized,Cottonwood/Willow,-7.3179948082841e-05,-0.0003683212082486731,0.0009807200764615036,-0.0005392189201299894
43,Centralized,Douglas-fir,-5.5237275956858865e-05,-6.020723308819883e-05,-0.0003200020408327166,0.00048655653732550264
43,Centralized,Krummholz,0.0003368327158696227,3.6722495092650353e-05,-0.0002690782286891476,-0.00018182673443235356
43,Centralized,Lodgepole Pine,-4.9895027915367964e-05,-1.3971264663042993e-05,8.793993414800878e-05,-8.387215829167941e-07
43,Centralized,Ponderosa Pine,-5.5451190812183526e-05,-1.7251165395841077e-05,0.00020983360269251813,-7.060547387114739e-05
43,Centralized,Spruce/Fir,0.0,0.0,0.0,0.0
44,0,Aspen,-0.0009846363083051886,-0.00024252841660520516,9.51993727266176e-07,0.0012262127311831277
44,0,Cottonwood/Willow,0.0,0.0,0.0,0.0
44,0,Douglas-fir,-0.00015321410242468322,-3.626412574408988e-05,7.981933215442383e-05,0.00010965889601434926
44,0,Krummholz,2.8488384929359345e-05,2.8488384929359345e-05,-8.546515478807803e-05,2.8488384929359345e-05
44,0,Lodgepole Pine,-1.9479492981339108e-05,4.260535844800388e-06,6.616097119133135e-06,8.602860017405586e-06
44,0,Ponderosa Pine,-0.0001569667021346921,9.944196326495495e-05,9.095739076741179e-05,-3.343265189767464e-05
44,0,Spruce/Fir,0.0,0.0,0.0,0.0
44,1,Aspen,-0.0009683924051428991,-2.8158013729605764e-05,0.0016506041073594963,0.0012236333357851653
44,1,Cottonwood/Willow,0.0002945019169397489,0.0002945019169397489,0.0002945019169397489,-0.0008835057508192468
44,1,Douglas-fir,-8.672952248424867e-06,-0.000288783755983707,-0.0001844109614469088,0.00048186766967904066
44,1,Krummholz,-0.0001430740499936319,-2.861480999872638e-05,0.00020030366999108465,-2.861480999872638e-05
44,1,Lodgepole Pine,-4.6174190999874e-05,-2.7502189354877693e-05,7.21310696913946e-05,-2.4145690262063663e-05
44,1,Ponderosa Pine,-0.0001438071366185456,-7.936779215611534e-05,0.00016372475978683929,-0.00020831688327745587
44,1,Spruce/Fir,0.0,0.0,0.0,0.0
44,2,Aspen,0.0009739815810792205,-0.00040863755204804025,-0.000720656746608155,-0.0005571801979764451
44,2,Cottonwood/Willow,-0.0002615440115440089,-0.0008649130086954004,0.001206737994302783,-8.028097406337364e-05
44,2,Douglas-fir,-0.0008308939938601693,8.559448419206972e-05,-0.0003848993206979068,0.0009259010130322302
44,2,Krummholz,0.0,0.0,0.0,0.0
44,2,Lodgepole Pine,-6.1394287004246095e-06,-9.336374073631859e-06,-2.2116532138664418e-05,-3.448900823778874e-05
44,2,Ponderosa Pine,-9.96692950098003e-05,0.00011527526262230155,0.00018519805900224506,-0.0002008040266147463
44,2,Spruce/Fir,0.0,0.0,0.0,0.0
44,3,Aspen,-3.083751775839749e-05,-0.00036959090529227007,-0.0006452803356352214,0.0007148814422743474
44,3,Cottonwood/Willow,-0.00029584223931077475,-0.0008904704218060758,0.0020767830829229264,-0.0008904704218060758
44,3,Douglas-fir,0.00018734182788254783,-0.0004946846289487957,-0.00016286911014462557,0.0004702119112108734
44,3,Krummholz,0.00017060979534806037,-5.676218981048633e-05,-0.0001071175759352408,5.322436971438629e-05
44,3,Lodgepole Pine,-4.778334273450776e-05,1.56064467874741e-05,6.946437331055433e-05,-4.165500643281417e-05
44,3,Ponderosa Pine,0.0002506367571779115,-0.00025953154420753816,-2.975589930701017e-05,0.0002499911131414549
44,3,Spruce/Fir,0.0,0.0,0.0,0.0
44,Aggregated,Aspen,-0.0002524711625318162,-0.0002622287219187803,7.140475471084651e-05,0.0006518868278165488
44,Aggregated,Cottonwood/Willow,-6.572108347875869e-05,-0.0003652203783904318,0.0008945057485413646,-0.00046356428667217403
44,Aggregated,Douglas-fir,-0.0002013598051626824,-0.00018353450662113072,-0.00016309001503375434,0.0004969098724841234
44,Aggregated,Krummholz,1.4006032570946951e-05,-1.422215371996334e-05,1.930234816941455e-06,1.3274486161254814e-05
44,Aggregated,Lodgepole Pine,-2.989411385403637e-05,-4.242895199058766e-06,3.152375199560441e-05,-2.292171122881525e-05
44,Aggregated,Ponderosa Pine,-3.745159414628163e-05,-3.104552761909925e-05,0.00010253107756237148,-4.814061216210548e-05
44,Aggregated,Spruce/Fir,0.0,0.0,0.0,0.0
44,Centralized,Aspen,-0.0002493620122240488,-0.00026635494287891953,5.444204007280332e-05,0.000652969206055167
44,Centralized,Cottonwood/Willow,-6.214908117615121e-05,-0.0003572903413419833,0.0008851724771536396,-0.000465733054635505
44,Centralized,Douglas-fir,-0.0001958241891977519,-0.00018556035359731937,-0.00016219247334934664,0.0004924670286966896
44,Centralized,Krummholz,0.00025700518353593177,-7.316167920441245e-05,-0.00017519072919983114,6.869697702753992e-05
44,Centralized,Lodgepole Pine,-4.982309016673958e-05,2.0842583072685126e-06,5.835718549086303e-05,-3.8560228603184976e-05
44,Centralized,Ponderosa Pine,-3.7376861627043866e-05,-3.064116069353048e-05,0.00010276794811721797,-4.8771012304253215e-05
44,Centralized,Spruce/Fir,0.0,0.0,0.0,0.0
45,0,Aspen,-0.0006148054924968588,-6.317384370455499e-05,6.385741918417398e-05,0.0006141219170172398
45,0,Cottonwood/Willow,0.0,0.0,0.0,0.0
45,0,Douglas-fir,-4.099224338994142e-05,0.00020231941970804782,-0.0005194826564905488,0.00035815548017244236
45,0,Krummholz,-3.3507822434090485e-05,8.044571728334689e-05,-2.34689474246282e-05,-2.34689474246282e-05
45,0,Lodgepole Pine,5.217120258952749e-07,1.4432867516363709e-05,6.61335993096257e-06,2.43218657841604e-06
45,0,Ponderosa Pine,-4.854560636041727e-05,7.069796077019408e-05,4.0067049692116274e-05,7.071324301965998e-05
45,0,Spruce/Fir,0.0,0.0,0.0,0.0
45,1,Aspen,-0.0009673492456849878,0.00028444210382978324,0.0003984650380254214,0.00028444210382978324
45,1,Cottonwood/Willow,0.0002945019169397489,0.0002945019169397489,0.0002945019169397489,-0.0008835057508192468
45,1,Douglas-fir,7.886442835825884e-05,-0.00020115531014748092,-0.0002719899409912389,0.000394280822780461
45,1,Krummholz,-5.722961999745276e-05,0.0,0.0002861480999872638,0.00011445923999490552
45,1,Lodgepole Pine,-1.2929460396678602e-05,-1.8305074042083518e-05,9.098699855730752e-05,1.0743568363558165e-05
45,1,Ponderosa Pine,-3.844903262414934e-05,-0.00010791188553729847,0.0004402218686178905,-2.6093898191165144e-05
45,1,Spruce/Fir,0.0,0.0,0.0,0.0
45,2,Aspen,0.0019024167533521208,-0.00014944623268225063,0.0003858520532960726,-0.0002667074066052544
45,2,Cottonwood/Willow,-0.00013077200577200446,-0.00013077200577200446,-0.00013077200577200446,0.0003923160173160134
45,2,Douglas-fir,-0.00027589280628434926,0.00019470091598974373,-0.0005076668631717416,0.0007931565708001234
45,2,Krummholz,-8.504655718663545e-05,-8.504655718663545e-05,8.504655718663545e-05,8.504655718663545e-05
45,2,Lodgepole Pine,3.05531337161565e-05,-8.143430094161483e-06,2.285688013771899e-05,1.1694506028929001e-06
45,2,Ponderosa Pine,-0.00012808318713658506,8.686572317726886e-05,0.00010596695418726061,-6.47494902279444e-05
45,2,Spruce/Fir,0.0,0.0,0.0,0.0
45,3,Aspen,0.00011027577213718054,0.0,-5.513788606859027e-05,-5.513788606859027e-05
45,3,Cottonwood/Willow,0.0,0.0,0.0,0.0
45,3,Douglas-fir,0.00010442239970349469,-0.0002698169801352568,-0.0002883390564746939,0.00045373363690645596
45,3,Krummholz,0.00023078631433079422,5.397310438357931e-05,-0.00020287422814090073,-0.00012185809776437777
45,3,Lodgepole Pine,-7.017062407148333e-05,-2.8907686476449073e-05,0.00010328457667739543,-4.206266129463028e-06
45,3,Ponderosa Pine,-4.866978154817921e-05,-5.285861398059607e-05,6.23908980167213e-05,-3.9677952976879816e-05
45,3,Spruce/Fir,0.0,0.0,0.0,0.0
45,Aggregated,Aspen,0.00010763444682686368,1.7955506860744402e-05,0.00019825915610926942,0.0001441796820432946
45,Aggregated,Cottonwood/Willow,4.0932477791936116e-05,4.0932477791936116e-05,4.0932477791936116e-05,-0.00012279743337580834
45,Aggregated,Douglas-fir,-3.339955540313429e-05,-1.848798864623654e-05,-0.00039686962928205577,0.0004998316276648707
45,Aggregated,Krummholz,1.3750578678153881e-05,1.2343066120072688e-05,3.621287040209258e-05,1.3544687998133752e-05
45,Aggregated,Lodgepole Pine,-1.300630968152754e-05,-1.0230830774082591e-05,5.593545382584613e-05,2.5347348538510193e-06
45,Aggregated,Ponderosa Pine,-6.593690191733273e-05,-8.017038926078982e-07,0.00016216169262849717,-1.4952024594082347e-05
45,Aggregated,Spruce/Fir,0.0,0.0,0.0,0.0
45,Centralized,Aspen,0.00010508906925429477,1.720889836659874e-05,0.00019321013419821195,0.0001396270870480341
45,Centralized,Cottonwood/Willow,4.272442797032908e-05,4.272442797032908e-05,4.272442797032908e-05,-0.00012817328391098726
45,Centralized,Douglas-fir,-3.127432356118028e-05,-1.928853423716533e-05,-0.0003951873795101137,0.0004968602247561876
45,Centralized,Krummholz,0.00030636069716914277,0.0001125233934947123,-0.000256350564233047,-0.00014589831618405658
45,Centralized,Lodgepole Pine,-4.5461348002197775e-05,-2.5613418949623396e-05,9.419071018369289e-05,5.7077539940275646e-06
45,Centralized,Ponderosa Pine,-6.579297035928337e-05,-7.469521080549768e-07,0.00016212670551032002,-1.50285105361229e-05
45,Centralized,Spruce/Fir,0.0,0.0,0.0,0.0
46,0,Aspen,-0.00037552012524203854,-0.00012174020516623567,5.149754871665764e-06,0.0004921105755366084
46,0,Cottonwood/Willow,0.0,0.0,0.0,0.0
46,0,Douglas-fir,-6.559558582140228e-05,0.00032863266469580304,9.970273346839494e-05,0.0003673594129917727
46,0,Krummholz,2.5978666176993775e-05,2.5978666176993775e-05,2.5978666176993775e-05,-7.793599853098132e-05
46,0,Lodgepole Pine,-2.252351500471132e-05,9.739009544938263e-06,2.7829271429645013e-05,7.388986135993998e-06
46,0,Ponderosa Pine,-0.00015484821034258042,0.00011052040748713947,6.67171191156557e-05,-2.238931626021475e-05
46,0,Spruce/Fir,0.0,0.0,0.0,0.0
46,1,Aspen,-0.0004979274896169487,0.00012796818514043684,0.000241991119336075,0.00012796818514043684
46,1,Cottonwood/Willow,0.0002945019169397489,0.0002945019169397489,0.0002945019169397489,-0.0008835057508192468
46,1,Douglas-fir,3.5130988595033497e-05,-0.0002800197030447908,-0.00024574300816819955,0.0004906317226179568
46,1,Krummholz,-0.00020030366999108465,2.861480999872638e-05,0.0001430740499936319,2.861480999872638e-05
46,1,Lodgepole Pine,-4.512863630756758e-05,-1.3614408517585256e-05,4.385603957270575e-05,-9.15897265083935e-06
46,1,Ponderosa Pine,-0.0001549702301669916,-4.58835231360033e-05,0.00015253188690576383,-8.558456538567312e-05
46,1,Spruce/Fir,0.0,0.0,0.0,0.0
46,2,Aspen,0.0010995422395741379,2.9389891975502753e-05,-0.0002978427150796455,-0.0008310894164699952
46,2,Cottonwood/Willow,-0.0004324565043477002,-0.0004324565043477002,0.0007742814899550828,9.063151874031765e-05
46,2,Douglas-fir,-6.823263222238696e-06,0.00017781196509373634,-0.0005685641824183426,0.0011534312877930313
46,2,Krummholz,0.0,0.0,0.0,0.0
46,2,Lodgepole Pine,2.214031187259639e-05,1.1744969722902546e-05,6.973601166850492e-06,-1.8450037927506917e-05
46,2,Ponderosa Pine,-0.00010443407236287079,2.842302650514032e-05,0.0001044643152726769,-2.8453269414946414e-05
46,2,Spruce/Fir,0.0,0.0,0.0,0.0
46,3,Aspen,0.0005081300813008088,-0.0001693766937669363,-0.0001693766937669363,-0.0001693766937669363
46,3,Cottonwood/Willow,-0.0005931563305584253,-0.0005931563305584253,0.001779468991675276,-0.0005931563305584253
46,3,Douglas-fir,1.0900263676135355e-05,-0.00018508535990170252,-0.00032706512016142386,0.0007006073217388961
46,3,Krummholz,0.00031683380462958766,2.521439793977398e-05,-0.0001437817880543211,-5.275349207734444e-05
46,3,Lodgepole Pine,-7.671952092235441e-05,9.594001573539254e-06,8.988904595396326e-05,-2.2441819929793403e-06
46,3,Ponderosa Pine,0.0001118678811508067,-1.516918169580661e-05,2.9676239901540075e-05,0.00021756315178698507
46,3,Spruce/Fir,0.0,0.0,0.0,0.0
46,Aggregated,Aspen,0.00018355617650398987,-3.343970545430809e-05,-5.501963365971025e-05,-9.509683738997157e-05
46,Aggregated,Cottonwood/Willow,-0.00018277772949159415,-0.00018277772949159415,0.000712063099642527,-0.00034650764065933864
46,Aggregated,Douglas-fir,-6.596899193118032e-06,1.0334891710761518e-05,-0.00026041739431989275,0.0006780074362854142
46,Aggregated,Krummholz,3.56272002038742e-05,1.9951968528873536e-05,6.317732029076147e-06,-2.5518670152399846e-05
46,Aggregated,Lodgepole Pine,-3.055784009050923e-05,4.365893080948702e-06,4.2136989530791126e-05,-5.616051608832903e-06
46,Aggregated,Ponderosa Pine,-7.559615793040902e-05,1.947268229011747e-05,8.834739029890912e-05,2.0284000181537695e-05
46,Aggregated,Spruce/Fir,0.0,0.0,0.0,0.0
46,Centralized,Aspen,0.000192180824113398,-3.793521110670902e-05,-5.765961319053695e-05,-9.658599981615205e-05
46,Centralized,Cottonwood/Willow,-0.00017849221196516996,-0.00017849221196516996,0.0007063743477768262,-0.0003493899238464863
46,Centralized,Douglas-fir,-5.7775861393947565e-06,9.625572489915801e-06,-0.00025836903321578564,0.0006738885941152359
46,Centralized,Krummholz,0.00040088844450970423,3.051731292788573e-05,-0.00024467567989900724,-0.00011853235236239379
46,Centralized,Lodgepole Pine,-6.710382067708538e-05,2.401577521876641e-06,7.700993555190272e-05,-2.602330364207909e-06
46,Centralized,Ponderosa Pine,-7.545471890834284e-05,1.939703237242389e-05,8.863718897068422e-05,1.992848422802118e-05
46,Centralized,Spruce/Fir,0.0,0.0,0.0,0.0
47,0,Aspen,-0.0003120751452230878,-5.829522514728495e-05,-0.00018518518518518637,0.0005555555555555591
47,0,Cottonwood/Willow,0.0,0.0,0.0,0.0
47,0,Douglas-fir,-0.0003091123136059054,0.0002067762527284365,4.658977572783348e-05,5.574628514963542e-05
47,0,Krummholz,5.195733235398755e-05,5.195733235398755e-05,0.0,-0.0001039146647079751
47,0,Lodgepole Pine,-2.173943871031092e-05,2.173942892221466e-05,7.828919257305925e-06,-7.828909469209666e-06
47,0,Ponderosa Pine,-9.945879194875329e-05,0.00012160350021188833,2.4504804091376082e-05,-4.6649512354511126e-05
47,0,Spruce/Fir,0.0,0.0,0.0,0.0
47,1,Aspen,-0.00046942175606803915,0.00015647391868934638,0.00015647391868934638,0.00015647391868934638
47,1,Cottonwood/Willow,0.0,0.0,0.0,0.0
47,1,Douglas-fir,7.894304424771921e-05,4.3986188695467145e-05,-0.00014931295055596594,0.0007619702875717588
47,1,Krummholz,-0.00020030366999108465,2.861480999872638e-05,0.0001430740499936319,2.861480999872638e-05
47,1,Lodgepole Pine,-3.5248232003700274e-05,-2.734681697202923e-07,3.288204713107016e-05,9.96558555658537e-07
47,1,Ponderosa Pine,-0.00012147855172883748,-5.704259239232753e-05,0.00016616536614655342,-0.00012150484250776176
47,1,Spruce/Fir,0.0,0.0,0.0,0.0
47,2,Aspen,0.0005053558359435032,-5.9374409629451654e-05,-0.0010106454058048293,-0.0013074511878699107
47,2,Cottonwood/Willow,0.0,0.0,0.0,0.0
47,2,Douglas-fir,-0.0005499212168320796,-7.936283399361439e-05,-0.0005393497880559391,0.0009640713584048999
47,2,Krummholz,-8.504655718663545e-05,-8.504655718663545e-05,8.504655718663545e-05,8.504655718663545e-05
47,2,Lodgepole Pine,-2.708726470721882e-05,-1.5073774540944976e-05,2.5610776014928227e-06,-6.8371508935941945e-06
47,2,Ponderosa Pine,-5.535586505221272e-05,5.535586505221272e-05,5.535586505221272e-05,-5.535586505221272e-05
47,2,Spruce/Fir,0.0,0.0,0.0,0.0
47,3,Aspen,0.000452588282228004,-0.00011417880676268626,-0.00011417880676268626,-0.0002242306687026315
47,3,Cottonwood/Willow,-0.00029731409124765057,-0.00029731409124765057,0.0008919422737429517,-0.00029731409124765057
47,3,Douglas-fir,-4.5239617330471625e-05,-0.0003824188918013366,-0.0001830922536119467,0.0004113936573918499
47,3,Krummholz,0.0001846112729751321,4.6647496892817754e-05,-0.000206144570246182,-4.510607826339654e-05
47,3,Lodgepole Pine,-7.463826025810398e-05,8.83376154578915e-06,8.01013882073311e-05,-3.78657668286958e-05
47,3,Ponderosa Pine,-2.0369331910509898e-05,-7.694070557163572e-05,2.0383673739808133e-05,0.00015562356149244802
47,3,Spruce/Fir,0.0,0.0,0.0,0.0
47,Aggregated,Aspen,4.411180422009503e-05,-1.884363071251912e-05,-0.0002883838697658389,-0.00020491309558190915
47,Aggregated,Cottonwood/Willow,-7.432852281191264e-05,-7.432852281191264e-05,0.0002229855684357379,-7.432852281191264e-05
47,Aggregated,Douglas-fir,-0.00020633252588018436,-5.2754821092761827e-05,-0.00020629130412400457,0.0005482953971295359
47,Aggregated,Krummholz,-1.219540546215011e-05,1.0543270514724059e-05,5.494009233521342e-06,-8.83984394650245e-06
47,Aggregated,Lodgepole Pine,-3.96782989198335e-05,3.8064869393346357e-06,3.08433580493e-05,-1.2883817158960281e-05
47,Aggregated,Ponderosa Pine,-7.416563516007835e-05,1.0744016825034447e-05,6.660242725748758e-05,-1.6971664605509397e-05
47,Aggregated,Spruce/Fir,0.0,0.0,0.0,0.0
47,Centralized,Aspen,5.513006928483758e-05,-2.3256928063500326e-05,-0.000282706317843102,-0.0002043020122453748
47,Centralized,Cottonwood/Willow,-7.383180862371996e-05,-7.383180862371996e-05,0.0002214954258711599,-7.383180862371996e-05
47,Centralized,Douglas-fir,-0.0002036594263216627,-5.345515989307418e-05,-0.00020353341645309533,0.0005423799906179722
47,Centralized,Krummholz,0.0002652169693926805,1.3374642204772025e-05,-0.00026040461727536157,-4.397180816716658e-05
47,Centralized,Lodgepole Pine,-6.546290136046536e-05,3.7494615685584876e-06,6.360391898907469e-05,-1.7773984415140703e-05
47,Centralized,Ponderosa Pine,-7.397828115701666e-05,1.0652180050825985e-05,6.670724390935485e-05,-1.7418145799789436e-05
47,Centralized,Spruce/Fir,0.0,0.0,0.0,0.0
48,0,Aspen,-0.0004650627511762345,-0.00039104802788416754,-0.0002744575775895976,0.0011305683566499997
48,0,Cottonwood/Willow,0.0,0.0,0.0,0.0
48,0,Douglas-fir,-0.00024102722382086939,0.00038196206443238495,-2.159082101307423e-05,-0.00011934401959844132
48,0,Krummholz,0.0,0.0,0.0,0.0
48,0,Lodgepole Pine,-2.134739910465237e-05,1.4131097447125004e-05,1.1436440470996567e-05,-4.220138813469203e-06
48,0,Ponderosa Pine,-6.622368323167908e-05,0.0001194723967329799,4.879509996361109e-05,-0.00010204381346491191
48,0,Spruce/Fir,0.0,0.0,0.0,0.0
48,1,Aspen,-0.00046942175606803915,0.00015647391868934638,0.00015647391868934638,0.00015647391868934638
48,1,Cottonwood/Willow,0.0,0.0,0.0,0.0
48,1,Douglas-fir,-0.0003589257647434498,-0.0001137218795393552,-0.00014901847374939695,0.000621666118032202
48,1,Krummholz,-0.0002861480999872638,5.722961999745276e-05,5.722961999745276e-05,-0.00017168885999235828
48,1,Lodgepole Pine,-5.1503526804173395e-05,9.608729862562818e-06,2.700870526355555e-05,-7.517908701506111e-06
48,1,Ponderosa Pine,-0.00013012927105410244,-4.090411999774224e-05,0.00014999845049571783,2.103494055612683e-05
48,1,Spruce/Fir,0.0,0.0,0.0,0.0
48,2,Aspen,0.0015898331408190681,-0.0002822820265416202,0.00014835345511304368,0.0004162105979701967
48,2,Cottonwood/Willow,0.0,0.0,0.0,0.0
48,2,Douglas-fir,-0.0005447217072770174,-1.6374850056432206e-05,-0.0004081743106265125,0.0009692708679599621
48,2,Krummholz,0.0,0.0,0.0,0.0
48,2,Lodgepole Pine,3.870135501441811e-06,-7.335246152428976e-06,6.2983692380262175e-06,1.9575548646325974e-05
48,2,Ponderosa Pine,-6.64323297974075e-05,4.4279400307017935e-05,8.858525928779708e-05,-6.64323297974075e-05
48,2,Spruce/Fir,0.0,0.0,0.0,0.0
48,3,Aspen,-0.00011406300675582959,-0.00011406300675582959,-0.00011406300675582959,0.00034218902026748876
48,3,Cottonwood/Willow,0.0,0.0,0.0,0.0
48,3,Douglas-fir,2.7401614391774538e-05,-0.0004219028378216703,-8.979413931317164e-05,0.0004842953627430674
48,3,Krummholz,0.00015842558486208608,-5.3176781292696894e-05,-0.000155779820870341,-5.500522699661975e-05
48,3,Lodgepole Pine,-5.6156316818221454e-05,1.3417394550222876e-06,7.83480720450147e-05,-3.663598802705614e-05
48,3,Ponderosa Pine,-0.00020919225494120397,4.627000206921158e-05,-4.5554935989807387e-05,0.00020847718886179978
48,3,Spruce/Fir,0.0,0.0,0.0,0.0
48,Aggregated,Aspen,0.00013532140670474122,-0.00015772978562306775,-2.0923302635759283e-05,0.0005113604733942579
48,Aggregated,Cottonwood/Willow,0.0,0.0,0.0,0.0
48,Aggregated,Douglas-fir,-0.00027931827036239054,-4.250937574626819e-05,-0.0001671444361755388,0.0004889720822841975
48,Aggregated,Krummholz,-3.1930628781294434e-05,1.013209676188967e-06,-2.463755021822206e-05,-5.667352174724451e-05
48,Aggregated,Lodgepole Pine,-3.1284276806401355e-05,4.436580153070284e-06,3.077289675439826e-05,-7.199621723926371e-06
48,Aggregated,Ponderosa Pine,-0.00011799438475609825,4.227941977786679e-05,6.045596843932965e-05,1.5258996538901795e-05
48,Aggregated,Spruce/Fir,0.0,0.0,0.0,0.0
48,Centralized,Aspen,0.00012992732697937603,-0.00016132738629192714,-2.4323515200564787e-05,0.0005108587633802555
48,Centralized,Cottonwood/Willow,0.0,0.0,0.0,0.0
48,Centralized,Douglas-fir,-0.00027521285897944003,-4.333930969359819e-05,-0.0001642709906651274,0.0004828231593381656
48,Centralized,Krummholz,0.00021717695022561526,-2.728187865553659e-05,-0.00023944076197769207,-3.5288105355681575e-05
48,Centralized,Lodgepole Pine,-5.4382951985833726e-05,4.7790143732443875e-06,5.880020415715189e-05,-1.890167526137169e-05
48,Centralized,Ponderosa Pine,-0.00011755986211037239,4.2012727107095436e-05,6.0730388783736267e-05,1.4816746219540692e-05
48,Centralized,Spruce/Fir,0.0,0.0,0.0,0.0
49,0,Aspen,-0.00043347470067750066,-0.00017969478060169777,-0.00037002972065854994,0.0009831992019377483
49,0,Cottonwood/Willow,0.0,0.0,0.0,0.0
49,0,Douglas-fir,-8.535726506443686e-05,0.00034785241890875523,0.00018791172388740265,-0.00045040687773172106
49,0,Krummholz,0.0,0.0,0.0,0.0
49,0,Lodgepole Pine,-1.7478020367741227e-05,9.739137587413035e-06,7.04363683923237e-06,6.952459410958234e-07
49,0,Ponderosa Pine,8.964179161861466e-06,7.964457457623753e-05,3.112271899379423e-05,-0.00011973147273189322
49,0,Spruce/Fir,0.0,0.0,0.0,0.0
49,1,Aspen,-0.00046942175606803915,0.00015647391868934638,0.00015647391868934638,0.00015647391868934638
49,1,Cottonwood/Willow,0.0,0.0,0.0,0.0
49,1,Douglas-fir,-0.00028012355828166874,-3.4919673077574154e-05,-0.000227820680211178,0.0005428639115704209
49,1,Krummholz,-8.584442999617914e-05,2.861480999872638e-05,0.0002575332899885374,0.0001430740499936319
49,1,Lodgepole Pine,-3.055553177958026e-05,3.5975495017159798e-06,6.0251638842055234e-05,1.3157476843430235e-05
49,1,Ponderosa Pine,-7.932110416674261e-05,-5.7041537705295374e-05,0.00025541447362547226,1.4808788728939056e-05
49,1,Spruce/Fir,0.0,0.0,0.0,0.0
49,2,Aspen,0.00046796274713688707,0.00046796274713688707,-0.00034947854944890794,-0.0005864469448248663
49,2,Cottonwood/Willow,0.0,0.0,0.0,0.0
49,2,Douglas-fir,-0.00018392816766300835,0.0003444186895575768,-0.00039186569603151533,0.0009862415305719602
49,2,Krummholz,0.0,0.0,0.0,0.0
49,2,Lodgepole Pine,9.877022787457834e-06,9.066809784028887e-06,-3.1726048187556235e-06,6.638620129201245e-06
49,2,Ponderosa Pine,-2.2152927555363355e-05,2.2137809971807993e-05,8.858903771617281e-05,-8.857392013261745e-05
49,2,Spruce/Fir,0.0,0.0,0.0,0.0
49,3,Aspen,0.0,0.0,0.0,0.0
49,3,Cottonwood/Willow,0.0,0.0,0.0,0.0
49,3,Douglas-fir,9.385775234029003e-05,-0.00042183770879614574,-8.972901028764708e-05,0.00041770896674350283
49,3,Krummholz,0.0001469183785798763,-2.2090405195768215e-06,-3.072056413739218e-05,1.1539349016292944e-05
49,3,Lodgepole Pine,-3.403177376908965e-05,-3.7515786383326053e-06,6.524304149071551e-05,-1.8724783140739814e-05
49,3,Ponderosa Pine,-0.00011010280808741262,3.972103632462106e-05,-0.0001183844385404716,0.00018876621030326315
49,3,Spruce/Fir,0.0,0.0,0.0,0.0
49,Aggregated,Aspen,-0.0001087334274021632,0.00011118547130613392,-0.00014075858785452788,0.00013830654395055714
49,Aggregated,Cottonwood/Willow,0.0,0.0,0.0,0.0
49,Aggregated,Douglas-fir,-0.00011388780966720596,5.8878431648153027e-05,-0.00013037591566073445,0.00037410188278854073
49,Aggregated,Krummholz,1.526848714592429e-05,6.60144236978739e-06,5.670318146278631e-05,3.865334975248121e-05
49,Aggregated,Lodgepole Pine,-1.8047075782238325e-05,4.6629795587063245e-06,3.234142808831187e-05,4.416399432468727e-07
49,Aggregated,Ponderosa Pine,-5.0653165161914274e-05,2.1115470791842804e-05,6.418544794874192e-05,-1.1825984580771177e-06
49,Aggregated,Spruce/Fir,0.0,0.0,0.0,0.0
49,Centralized,Aspen,-0.00010513541093600438,0.00010520979990008561,-0.0001370244718132315,0.00013695008284915025
49,Centralized,Cottonwood/Willow,0.0,0.0,0.0,0.0
49,Centralized,Douglas-fir,-0.0001116188927228895,5.552164542448057e-05,-0.00012680451841706278,0.0003668850465976768
49,Centralized,Krummholz,0.00020230564421026367,1.283168322020282e-05,-7.813488094237282e-05,-2.638383687972312e-05
49,Centralized,Lodgepole Pine,-3.443335742052874e-05,-7.383042143390324e-08,5.277023779344062e-05,2.661087707689358e-07
49,Centralized,Ponderosa Pine,-5.04606005381029e-05,2.1004553032842137e-05,6.4251719674141e-05,-1.5268560629999595e-06
49,Centralized,Spruce/Fir,0.0,0.0,0.0,0.0
50,0,Aspen,-0.00036989528114780845,-0.0004862154979125936,-0.00017929010756117156,0.0010354008866215736
50,0,Cottonwood/Willow,0.0,0.0,0.0,0.0
50,0,Douglas-fir,-3.405956550608935e-05,0.00012163085378028016,-0.00026272527497099113,-0.0005549452386377681
50,0,Krummholz,0.0,0.0,0.0,0.0
50,0,Lodgepole Pine,-1.9347787404329814e-05,8.392268484961699e-06,2.8130202908094315e-05,-1.7174683988726198e-05
50,0,Ponderosa Pine,2.215925977314126e-05,4.429178153816937e-05,-2.216690089787421e-05,-0.00017721678753498948
50,0,Spruce/Fir,0.0,0.0,0.0,0.0
50,1,Aspen,0.0,0.0,0.0,0.0
50,1,Cottonwood/Willow,0.0,0.0,0.0,0.0
50,1,Douglas-fir,-0.0002451169539840435,8.693122005113778e-08,-0.0002628107014493776,0.00050784072421337
50,1,Krummholz,-0.00031476290998599016,2.861480999872638e-05,2.861480999872638e-05,-8.584442999617914e-05
50,1,Lodgepole Pine,-4.5903409840545674e-05,7.741553198270523e-06,1.3691945033311725e-06,-9.658471268677212e-06
50,1,Ponderosa Pine,-0.00010658619451448896,-1.736104345812876e-05,7.190227584705222e-05,-8.181565835680786e-05
50,1,Spruce/Fir,0.0,0.0,0.0,0.0
50,2,Aspen,0.0001857467652985519,-0.00012627242926156282,-0.0006316945312872432,0.000572220195250254
50,2,Cottonwood/Willow,0.0,0.0,0.0,0.0
50,2,Douglas-fir,-0.0006247517262266319,0.00022336039912412842,-0.00021215851434937724,0.0006135498414518806
50,2,Krummholz,0.0,0.0,0.0,0.0
50,2,Lodgepole Pine,-6.794581684529029e-06,-3.6002756433154795e-06,1.753979798827891e-06,8.640877529016619e-06
50,2,Ponderosa Pine,-1.1076462810168572e-05,3.321427471700278e-05,5.535964348058845e-05,-7.749745538742266e-05
50,2,Spruce/Fir,0.0,0.0,0.0,0.0
50,3,Aspen,-0.00011406300675582959,-0.00011406300675582959,-0.00011406300675582959,0.00034218902026748876
50,3,Cottonwood/Willow,0.0,0.0,0.0,0.0
50,3,Douglas-fir,-0.00010385775298419238,-0.0004986329512872931,-0.00011225764002471827,0.000515575317527231
50,3,Krummholz,5.723124882510653e-05,4.224670760474373e-06,-7.236442207102002e-05,3.090368994512066e-05
50,3,Lodgepole Pine,-2.8860560829758557e-05,1.7091137553595e-06,4.442574915616374e-05,-3.7794278278606895e-05
50,3,Ponderosa Pine,-8.385901606168995e-05,8.39057662444705e-05,-6.110012156098261e-05,6.105337137820206e-05
50,3,Spruce/Fir,0.0,0.0,0.0,0.0
50,Aggregated,Aspen,-7.455288065127152e-05,-0.0001816377334824965,-0.0002312619114010611,0.00048745252553482907
50,Aggregated,Cottonwood/Willow,0.0,0.0,0.0,0.0
50,Aggregated,Douglas-fir,-0.0002519464996752393,-3.838869179070836e-05,-0.00021248803269861607,0.0002705051611386784
50,Aggregated,Krummholz,-6.43829152902209e-05,8.209870189800189e-06,-1.093740301807341e-05,-1.373518501276462e-05
50,Aggregated,Lodgepole Pine,-2.5226584939790766e-05,3.560664948819061e-06,1.891978159160428e-05,-1.399663900174842e-05
50,Aggregated,Ponderosa Pine,-4.484060340330156e-05,3.6012694760378473e-05,1.0998724217195962e-05,-6.886913247525449e-05
50,Aggregated,Spruce/Fir,0.0,0.0,0.0,0.0
50,Centralized,Aspen,-7.566084540118478e-05,-0.00018331476817288103,-0.00022989576792523578,0.0004888713814993015
50,Centralized,Cottonwood/Willow,0.0,0.0,0.0,0.0
50,Centralized,Douglas-fir,-0.0002479504079149532,-4.1582033821138675e-05,-0.00021192285460720772,0.0002663271515043521
50,Centralized,Krummholz,7.10294555026821e-05,-8.766894735788103e-06,-0.00010757586303878723,2.9008212578951476e-06
50,Centralized,Lodgepole Pine,-3.372329566131427e-05,4.314022903980271e-06,3.191285156271354e-05,-2.015107881636613e-05
50,Centralized,Ponderosa Pine,-4.478416226279721e-05,3.603242348865221e-05,1.1258248352001102e-05,-6.904128854630838e-05
50,Centralized,Spruce/Fir,0.0,0.0,0.0,0.0
