Round,Evaluator,Classes,0,3,1,2,4
0,0,Backdoor,,,,,
0,0,DDoS_HTTP,,,,,
0,0,DDoS_ICMP,,,,,
0,0,DDoS_TCP,,,,,
0,0,DDoS_UDP,,,,,
0,0,Fingerprinting,,,,,
0,0,MITM,,,,,
0,0,Normal,,,,,
0,0,Password,,,,,
0,0,Port_Scanning,,,,,
0,0,Ransomware,,,,,
0,0,SQL_injection,,,,,
0,0,Uploading,,,,,
0,0,Vulnerability_scanner,,,,,
0,0,XSS,,,,,
0,1,Backdoor,,,,,
0,1,DDoS_HTTP,,,,,
0,1,DDoS_ICMP,,,,,
0,1,DDoS_TCP,,,,,
0,1,DDoS_UDP,,,,,
0,1,Fingerprinting,,,,,
0,1,MITM,,,,,
0,1,Normal,,,,,
0,1,Password,,,,,
0,1,Port_Scanning,,,,,
0,1,Ransomware,,,,,
0,1,SQL_injection,,,,,
0,1,Uploading,,,,,
0,1,Vulnerability_scanner,,,,,
0,1,XSS,,,,,
0,2,Backdoor,,,,,
0,2,DDoS_HTTP,,,,,
0,2,DDoS_ICMP,,,,,
0,2,DDoS_TCP,,,,,
0,2,DDoS_UDP,,,,,
0,2,Fingerprinting,,,,,
0,2,MITM,,,,,
0,2,Normal,,,,,
0,2,Password,,,,,
0,2,Port_Scanning,,,,,
0,2,Ransomware,,,,,
0,2,SQL_injection,,,,,
0,2,Uploading,,,,,
0,2,Vulnerability_scanner,,,,,
0,2,XSS,,,,,
0,3,Backdoor,,,,,
0,3,DDoS_HTTP,,,,,
0,3,DDoS_ICMP,,,,,
0,3,DDoS_TCP,,,,,
0,3,DDoS_UDP,,,,,
0,3,Fingerprinting,,,,,
0,3,MITM,,,,,
0,3,Normal,,,,,
0,3,Password,,,,,
0,3,Port_Scanning,,,,,
0,3,Ransomware,,,,,
0,3,SQL_injection,,,,,
0,3,Uploading,,,,,
0,3,Vulnerability_scanner,,,,,
0,3,XSS,,,,,
0,4,Backdoor,,,,,
0,4,DDoS_HTTP,,,,,
0,4,DDoS_ICMP,,,,,
0,4,DDoS_TCP,,,,,
0,4,DDoS_UDP,,,,,
0,4,Fingerprinting,,,,,
0,4,MITM,,,,,
0,4,Normal,,,,,
0,4,Password,,,,,
0,4,Port_Scanning,,,,,
0,4,Ransomware,,,,,
0,4,SQL_injection,,,,,
0,4,Uploading,,,,,
0,4,Vulnerability_scanner,,,,,
0,4,XSS,,,,,
0,Aggregated,Backdoor,,,,,
0,Aggregated,DDoS_HTTP,,,,,
0,Aggregated,DDoS_ICMP,,,,,
0,Aggregated,DDoS_TCP,,,,,
0,Aggregated,DDoS_UDP,,,,,
0,Aggregated,Fingerprinting,,,,,
0,Aggregated,MITM,,,,,
0,Aggregated,Normal,,,,,
0,Aggregated,Password,,,,,
0,Aggregated,Port_Scanning,,,,,
0,Aggregated,Ransomware,,,,,
0,Aggregated,SQL_injection,,,,,
0,Aggregated,Uploading,,,,,
0,Aggregated,Vulnerability_scanner,,,,,
0,Aggregated,XSS,,,,,
0,Centralized,Backdoor,,,,,
0,Centralized,DDoS_HTTP,,,,,
0,Centralized,DDoS_ICMP,,,,,
0,Centralized,DDoS_TCP,,,,,
0,Centralized,DDoS_UDP,,,,,
0,Centralized,Fingerprinting,,,,,
0,Centralized,MITM,,,,,
0,Centralized,Normal,,,,,
0,Centralized,Password,,,,,
0,Centralized,Port_Scanning,,,,,
0,Centralized,Ransomware,,,,,
0,Centralized,SQL_injection,,,,,
0,Centralized,Uploading,,,,,
0,Centralized,Vulnerability_scanner,,,,,
0,Centralized,XSS,,,,,
1,0,Backdoor,-0.05889895804139316,0.19481306142818194,-0.13849113498356252,0.10871808342219515,0.15181349362912383
1,0,DDoS_HTTP,0.031221648658467282,0.03454401989840549,-0.045324596781644313,0.03147114028968331,-0.05191221206491177
1,0,DDoS_ICMP,0.19880102807963554,0.20005051881632788,0.19803420935024738,0.1997489884039517,0.19873282836091485
1,0,DDoS_TCP,0.1819181113481347,0.179696182985449,0.04167091943654197,0.2012743262351154,0.11531766644142084
1,0,DDoS_UDP,0.19885821160474332,0.2004538811095044,0.1977311440567265,0.19991669498440529,0.19866561505126942
1,0,Fingerprinting,0.0,0.0,0.0,0.0,0.0
1,0,MITM,-0.05,-0.05,-0.05,-0.05,0.2
1,0,Normal,0.1466305183739869,0.14742056196359107,0.14592100436439623,0.14715268002673604,0.14652634803653722
1,0,Password,0.010771917771898322,-0.001314332794677476,0.010533128151090329,0.008343913862083297,0.010298359636648635
1,0,Port_Scanning,-0.0608556886029118,-0.04154566940113466,0.12239741659843824,-0.09819824187986852,0.07573817083572963
1,0,Ransomware,0.0,0.0,0.0,0.0,0.0
1,0,SQL_injection,-0.010148396361895644,-0.010148396361895644,-0.010148396361895644,-0.010148396361895644,-0.010148396361895644
1,0,Uploading,0.0013035490740830975,0.022896185599278727,0.001257575020035324,-0.036311912074476545,0.010854602381079385
1,0,Vulnerability_scanner,0.14758636096700906,0.14723011131069788,0.14986035343782506,0.15014507379622627,0.14886593522427888
1,0,XSS,-0.02976028986573772,-0.01789421016512919,0.03145876558044243,0.037297953239696834,0.00843409348919089
1,1,Backdoor,-0.058337187228849466,0.21218252866121806,-0.14301567003796517,0.12629879856530507,0.1715807920719294
1,1,DDoS_HTTP,0.042747452366841444,0.03849548754539583,-0.050066040744646496,0.029193111003788783,-0.060370010171379565
1,1,DDoS_ICMP,0.19742804324969343,0.19926979781443585,0.1965183341982841,0.1992224218170013,0.19812199835359087
1,1,DDoS_TCP,0.1491709288690925,0.15057014210500874,0.05984694562898,0.16005697190521503,0.11199978947794496
1,1,DDoS_UDP,0.1989223258807002,0.19917334724730174,0.19760416014043883,0.19997798670219505,0.19892406936809598
1,1,Fingerprinting,-0.0015408320493066256,-0.0015408320493066256,-0.0015408320493066256,-0.0015408320493066256,-0.0015408320493066256
1,1,MITM,-0.05,-0.05,-0.05,-0.05,0.2
1,1,Normal,0.14709538759005547,0.14785423099300424,0.14656032657047896,0.14753595119851964,0.14688641021794005
1,1,Password,0.015245453066662022,-0.001999988325238741,0.014611341415601217,0.011636375311124896,0.015052273077305146
1,1,Port_Scanning,-0.08678909999198912,-0.07545766297977718,0.18100776612504657,-0.14741207525100158,0.12198312313317684
1,1,Ransomware,0.0,0.0,0.0,0.0,0.0
1,1,SQL_injection,-0.007241543592186756,-0.007241543592186756,-0.007241543592186756,-0.007241543592186756,-0.007241543592186756
1,1,Uploading,-0.0006015100100750803,0.021376623421266738,0.0011015067036060854,-0.02475603585514189,0.002879415740344163
1,1,Vulnerability_scanner,0.15515098134433417,0.1539418297450513,0.15724776370316051,0.15761604264660664,0.1565863689861871
1,1,XSS,-0.030261702433476367,-0.01951077948882295,0.025574084380571287,0.032761541805237465,0.010085300107256634
1,2,Backdoor,-0.04235784748791227,0.1421489450232352,-0.10451037913141108,0.08610229221559075,0.1066758567426436
1,2,DDoS_HTTP,0.04118315779784645,0.04301722458310862,-0.052672477975888476,0.027873883554653738,-0.05940178795972031
1,2,DDoS_ICMP,0.19828753977771646,0.1998565810327017,0.1975638735718821,0.19951341913070475,0.1983501987266457
1,2,DDoS_TCP,0.1965789375533742,0.19838750814088105,0.043519133970452754,0.21621661454059582,0.1273833672920222
1,2,DDoS_UDP,0.19860842980033797,0.199037601926205,0.19754071813060606,0.19940427909098626,0.19870229967876205
1,2,Fingerprinting,0.0,0.0,0.0,0.0,0.0
1,2,MITM,0.0,-0.08333333333333333,-0.08333333333333333,-0.08333333333333333,0.25
1,2,Normal,0.14487794958418465,0.1470281935120263,0.14284594665210493,0.14641257541382982,0.14554826322194972
1,2,Password,0.012086096077308903,-0.0022325958460146945,0.010909843061618347,0.007531021831272048,0.01076010558496236
1,2,Port_Scanning,-0.051073314927274065,-0.03881909225916001,0.10083788841839844,-0.08681496791030636,0.07365911091446214
1,2,Ransomware,0.0,0.0,0.0,0.0,0.0
1,2,SQL_injection,-0.006021505376344087,-0.006021505376344087,-0.006021505376344087,-0.006021505376344087,-0.006021505376344087
1,2,Uploading,0.0015191845863142216,0.025429186737374786,-0.0006560649633267275,-0.035460179709853726,0.009167873349491446
1,2,Vulnerability_scanner,0.14701015468532974,0.14561064282998248,0.14963261061395744,0.15017459585464607,0.14900920219472724
1,2,XSS,-0.03240531185884886,-0.0213309919462719,0.012563196052211864,0.017997343111097092,0.005049639713640961
1,3,Backdoor,-0.05570751186718341,0.20293193959156555,-0.14686887688977873,0.11697419102617727,0.15635973959127572
1,3,DDoS_HTTP,0.033724262261979235,0.03752547815233124,-0.04921641609773531,0.03399466866369719,-0.05602799298027237
1,3,DDoS_ICMP,0.1985463506593278,0.19938379111638657,0.19722476833730732,0.1991324627840621,0.19875529871701675
1,3,DDoS_TCP,0.18225616815200543,0.1957510183378829,0.050470531180259556,0.2027424090996552,0.11324667403502635
1,3,DDoS_UDP,0.19918012700721135,0.19960140975651858,0.19756025185508214,0.19978762790828528,0.1992781609700325
1,3,Fingerprinting,-0.0005582693649685974,-0.0005582693649685974,-0.0005582693649685974,-0.0005582693649685974,-0.0005582693649685974
1,3,MITM,-0.026666666666666665,-0.051666666666666666,-0.09333333333333332,-0.09333333333333332,0.265
1,3,Normal,0.14589656148823488,0.14860923139281362,0.14360074597357003,0.1479580984351273,0.14717243287574752
1,3,Password,0.010932121199959437,-0.0018828124846152546,0.009703941648837238,0.0068453670665069395,0.00931410077380042
1,3,Port_Scanning,-0.06997826009773916,-0.034164022581983935,0.13086076983919534,-0.11376517052280415,0.08298164271292537
1,3,Ransomware,0.0,0.0,0.0,0.0,0.0
1,3,SQL_injection,-0.009695719443011862,-0.009695719443011862,-0.009695719443011862,-0.009695719443011862,-0.009695719443011862
1,3,Uploading,0.0012384285973456265,0.022554113319690115,0.0001764876098093932,-0.0332096758489225,0.009240646322077373
1,3,Vulnerability_scanner,0.15540557169080718,0.15512771617826387,0.1561644772831058,0.15651764451704392,0.15644560727993168
1,3,XSS,-0.0198453057235355,-0.015215676093905872,0.003302842424612628,0.007932472054242258,0.0017668438091747595
1,4,Backdoor,-0.05910197599278669,0.2295706669792545,-0.15995481829026595,0.13313339739336208,0.18645764437289222
1,4,DDoS_HTTP,0.050737094774337056,0.016493761082117725,-0.033713329550118264,0.00668930973728823,-0.04020683604362474
1,4,DDoS_ICMP,0.19886366856824697,0.19964795495238183,0.1978891978549834,0.1994969308786107,0.19868317260126817
1,4,DDoS_TCP,0.17477791675827795,0.18511512349371342,0.05130898156693538,0.195015935395811,0.118751885969822
1,4,DDoS_UDP,0.1977768218339917,0.19725228223516783,0.1979613683753329,0.1996195095126803,0.19759676450637495
1,4,Fingerprinting,-0.00028188865398167724,-0.00028188865398167724,-0.00028188865398167724,-0.00028188865398167724,-0.00028188865398167724
1,4,MITM,-0.026944444444444438,-0.05101851851851851,-0.07324074074074073,-0.07324074074074073,0.22444444444444445
1,4,Normal,0.14548629579805766,0.14631039142921465,0.14531880146153933,0.14541574700229745,0.14542537550767823
1,4,Password,0.013991150796570621,-0.0024312642888092606,0.012878457923416386,0.01009632765724133,0.012566777186943242
1,4,Port_Scanning,-0.07223429244450762,-0.04759923439330827,0.14413454806154422,-0.11558133858676176,0.08752554297318427
1,4,Ransomware,0.0,0.0,0.0,0.0,0.0
1,4,SQL_injection,-0.011119459053343352,-0.011119459053343352,-0.011119459053343352,-0.011119459053343352,-0.011119459053343352
1,4,Uploading,-0.0009206826314656181,0.02590124662602852,0.0036581063214617404,-0.033590590952657796,0.00495192063663316
1,4,Vulnerability_scanner,0.16358171559626392,0.1636776522040789,0.16456107824623709,0.16426362548609738,0.1644638736728018
1,4,XSS,-0.013066482662265637,-0.010079444844313556,0.021314131913953045,0.029332972007127683,0.00709835450799159
1,Aggregated,Backdoor,-0.05464149647402112,0.19478536588667594,-0.1377829262865143,0.1132711021703325,0.15279751456492682
1,Aggregated,DDoS_HTTP,0.03799262253728992,0.038130807936693524,-0.04907889567684841,0.029401032576763172,-0.05644556737389816
1,Aggregated,DDoS_ICMP,0.1984565295081065,0.19966183587318426,0.1975149901591375,0.19944115772219417,0.1985598102603346
1,Aggregated,DDoS_TCP,0.1763124781463295,0.18155165265629492,0.04977883454674199,0.19433711462758022,0.11751110857479535
1,Aggregated,DDoS_UDP,0.19870522232267548,0.19918334699869408,0.19767572760859717,0.1997526462085169,0.1986702554132722
1,Aggregated,Fingerprinting,-0.00046262830706953877,-0.00046262830706953877,-0.00046262830706953877,-0.00046262830706953877,-0.00046262830706953877
1,Aggregated,MITM,-0.02678678678678679,-0.052412412412412415,-0.07493493493493493,-0.07493493493493493,0.22906906906906907
1,Aggregated,Normal,0.14600239221179434,0.1474567041076718,0.14484273875235587,0.14691031666383972,0.14632081797833826
1,Aggregated,Password,0.012718724481642362,-0.001986732590511348,0.011857963375578935,0.008973128276275397,0.011773218030181767
1,Aggregated,Port_Scanning,-0.07035280008397571,-0.049441919411328764,0.14040172454631264,-0.11602093387745653,0.09157475891723958
1,Aggregated,Ransomware,0.0,0.0,0.0,0.0,0.0
1,Aggregated,SQL_injection,-0.009014930979434689,-0.009014930979434689,-0.009014930979434689,-0.009014930979434689,-0.009014930979434689
1,Aggregated,Uploading,0.0006310645900208046,0.02356580072687906,0.0009934181957445183,-0.03297392063856039,0.007783637125916001
1,Aggregated,Vulnerability_scanner,0.15547126254839705,0.15491774374145267,0.1571241771603479,0.1572897948355346,0.15675746372788554
1,Aggregated,XSS,-0.02533826990378169,-0.01701701690141971,0.01738839544478212,0.023458853469829608,0.006306015736894637
1,Centralized,Backdoor,-0.05464149647402112,0.19478536588667594,-0.1377829262865143,0.1132711021703325,0.15279751456492682
1,Centralized,DDoS_HTTP,0.03799262253728992,0.038130807936693524,-0.04907889567684841,0.029401032576763172,-0.05644556737389816
1,Centralized,DDoS_ICMP,0.1984565295081065,0.19966183587318426,0.1975149901591375,0.19944115772219417,0.1985598102603346
1,Centralized,DDoS_TCP,0.1763124781463295,0.18155165265629492,0.04977883454674199,0.19433711462758022,0.11751110857479535
1,Centralized,DDoS_UDP,0.19870522232267548,0.19918334699869408,0.19767572760859717,0.1997526462085169,0.1986702554132722
1,Centralized,Fingerprinting,-0.00046262830706953877,-0.00046262830706953877,-0.00046262830706953877,-0.00046262830706953877,-0.00046262830706953877
1,Centralized,MITM,-0.02678678678678679,-0.052412412412412415,-0.07493493493493493,-0.07493493493493493,0.22906906906906907
1,Centralized,Normal,0.14600239221179434,0.1474567041076718,0.14484273875235587,0.14691031666383972,0.14632081797833826
1,Centralized,Password,0.012718724481642362,-0.001986732590511348,0.011857963375578935,0.008973128276275397,0.011773218030181767
1,Centralized,Port_Scanning,-0.07035280008397571,-0.049441919411328764,0.14040172454631264,-0.11602093387745653,0.09157475891723958
1,Centralized,Ransomware,0.0,0.0,0.0,0.0,0.0
1,Centralized,SQL_injection,-0.009014930979434689,-0.009014930979434689,-0.009014930979434689,-0.009014930979434689,-0.009014930979434689
1,Centralized,Uploading,0.0006310645900208046,0.02356580072687906,0.0009934181957445183,-0.03297392063856039,0.007783637125916001
1,Centralized,Vulnerability_scanner,0.15547126254839705,0.15491774374145267,0.1571241771603479,0.1572897948355346,0.15675746372788554
1,Centralized,XSS,-0.02533826990378169,-0.01701701690141971,0.01738839544478212,0.023458853469829608,0.006306015736894637
2,0,Backdoor,0.06980161027110689,0.1085037541374629,-0.09455755354039234,-0.040689141053374796,0.009441330185197305
2,0,DDoS_HTTP,0.06493613219175895,0.1401864549653448,0.04056419637878587,0.04768490303624538,-0.0908400410025147
2,0,DDoS_ICMP,0.0005779570836583111,0.0008295480273203352,-0.00025084019990946155,0.0005097471487288489,0.0005437299069200596
2,0,DDoS_TCP,0.00020398837057389319,0.05480123958298229,-0.1487767267326631,0.06206352379540714,0.06643199553090327
2,0,DDoS_UDP,0.0008348551882890965,0.0011985579429284686,-0.0003472094951478414,0.0007386311586677111,0.000786827700938958
2,0,Fingerprinting,0.0,0.0,0.0,0.0,0.0
2,0,MITM,-0.05,-0.05,-0.05,-0.05,0.2
2,0,Normal,0.0008953373420318082,0.0015224020176416739,-0.0009012466047038999,-0.0002858260211031712,-0.0006812060908502134
2,0,Password,0.001994649728676475,-0.007863959962771257,0.002037511770052632,0.002037511770052632,0.001794286693989517
2,0,Port_Scanning,0.08649682916640569,-0.03543437010575881,0.09693729275949428,-0.07927765368784835,-0.06872209813229281
2,0,Ransomware,0.0,0.0,0.0,0.0,0.0
2,0,SQL_injection,0.0,0.0,0.0,0.0,0.0
2,0,Uploading,0.01696908877556828,0.022853725369080865,0.013512816889677573,0.012706748596347324,0.024047710459416023
2,0,Vulnerability_scanner,0.00014776688635121567,-0.00025860367040257405,0.000432704754066184,0.000432704754066184,0.00038517874677886365
2,0,XSS,-0.008759124087591242,0.009226487423200124,0.009226487423200124,0.009226487423200124,0.009226487423200124
2,1,Backdoor,0.07263252109740516,0.11360981346546893,-0.09946996838752929,-0.046759675199537096,0.005395969256194338
2,1,DDoS_HTTP,0.07498588139920166,0.14014354118738998,0.057796443377370554,0.05144788838643824,-0.08821139272678429
2,1,DDoS_ICMP,0.0002885811750200103,0.0010060862906580907,0.0002574384987997983,0.0005871305828167232,0.0006337895509671769
2,1,DDoS_TCP,0.01281989049949858,0.04165698514241431,-0.1299178108985695,0.04308496950563197,0.04583238105253962
2,1,DDoS_UDP,0.0005284528218228317,0.0012031739590008307,0.00025192245933534083,0.0008383869859889222,0.0008943715424197584
2,1,Fingerprinting,0.0,0.0,0.0,0.0,0.0
2,1,MITM,-0.08333333333333333,-0.08333333333333333,-0.08333333333333333,0.0,0.25
2,1,Normal,0.0009345797369768816,0.0013948429586754184,-0.0007552955468993909,-0.00037743054286329034,-0.0007310700660078162
2,1,Password,0.002656891495601173,-0.01089149560117302,0.0027448680351906157,0.0027448680351906157,0.0027448680351906157
2,1,Port_Scanning,0.12498780014574346,-0.047452048975656115,0.1313943191084843,-0.10747345872532674,-0.10145661155324492
2,1,Ransomware,0.0,0.0,0.0,0.0,0.0
2,1,SQL_injection,0.0,0.0,0.0,0.0,0.0
2,1,Uploading,0.01078613800062207,0.01590576210380117,0.003357290872022717,0.007845653147349047,0.0177896106325855
2,1,Vulnerability_scanner,0.0006021189220987766,-0.001413824841879263,0.0007128026265700915,0.0007128026265700915,0.0007128026265700915
2,1,XSS,-0.006581782065653034,0.009605372831179283,0.009634434150563182,0.009605372831179283,0.00928569831795637
2,2,Backdoor,0.05402353903178504,0.08240267128837024,-0.06905618109645234,-0.029734973586035666,0.005514695845417537
2,2,DDoS_HTTP,0.07386303931864842,0.15674867656036734,0.049151241347257915,0.05572717971317546,-0.09845309990241198
2,2,DDoS_ICMP,0.0008326308502550709,0.0010675589733152857,-0.00022899863601892148,0.000809016237881451,0.0008522051027186431
2,2,DDoS_TCP,0.0010354933925452892,0.05795106230885713,-0.16127254961410434,0.06618223900648529,0.07140949775671675
2,2,DDoS_UDP,0.0012446454431295773,0.00159733171097932,-0.00044389393332041244,0.0010125561250152737,0.0011878099612413577
2,2,Fingerprinting,0.0,0.0,0.0,0.0,0.0
2,2,MITM,-0.03333333333333333,0.05,-0.5333333333333333,0.13333333333333333,0.38333333333333336
2,2,Normal,0.0013677593628973693,0.002399624757665303,-0.0012224500870122224,-0.0004928124455024367,-0.0014519594635028462
2,2,Password,0.002039486977568057,-0.008000877615581483,0.002099325288154084,0.002099325288154084,0.001762740061705259
2,2,Port_Scanning,0.08130573589432938,-0.025688346814467446,0.07298193096816252,-0.0670319004611707,-0.061567419586853765
2,2,Ransomware,0.0,0.0,0.0,0.0,0.0
2,2,SQL_injection,0.0,0.0,0.0,0.0,0.0
2,2,Uploading,0.018533355197981147,0.022635693415049115,0.014188217006211545,0.015473801242931705,0.027400760249810755
2,2,Vulnerability_scanner,0.000919782271763044,-0.0009720640307489092,0.0010451928095197923,0.0010451928095197923,0.0009616420853756802
2,2,XSS,-0.001461951869796165,0.011405695189027364,0.011453177281495336,0.011453177281495332,0.011263248911623414
2,3,Backdoor,0.06762787211268179,0.09864111303166706,-0.09201512641373408,-0.04581931961826139,0.009541623542472556
2,3,DDoS_HTTP,0.06122582693754756,0.1404784439193549,0.03586106783789508,0.04494444716715605,-0.08552253209602083
2,3,DDoS_ICMP,0.0005274872809503821,0.000853990462796167,-0.0008595564446639688,0.0005258056549467224,0.0005644933677291482
2,3,DDoS_TCP,-0.0023030336381161514,0.05298042630668189,-0.15368884933113938,0.06143528012591103,0.0643796641288826
2,3,DDoS_UDP,0.0006772985476983887,0.001084294011740335,-0.0010071894703405822,0.0005354676565719104,0.0007259700223018473
2,3,Fingerprinting,0.0,0.0,0.0,0.0,0.0
2,3,MITM,-0.15416666666666667,0.03750000000000001,-0.4041666666666665,0.12083333333333333,0.4
2,3,Normal,0.0014584944462827062,0.0025220191638141857,-0.0017067942741114525,-0.0006670273431634048,-0.0012615802625297544
2,3,Password,0.002187525861697814,-0.007710191782596348,0.002252339076186343,0.002252339076186343,0.0010179877685258466
2,3,Port_Scanning,0.09564182088782856,-0.0329833614928262,0.09283026059481449,-0.08109833316312307,-0.07439038682669377
2,3,Ransomware,0.0,0.0,0.0,0.0,0.0
2,3,SQL_injection,0.0,0.0,0.0,0.0,0.0
2,3,Uploading,0.015058447585189708,0.019934838725657975,0.01328722945327353,0.012996970484515398,0.02042186015659214
2,3,Vulnerability_scanner,0.0004317310054294606,-0.00021237398547223064,0.0004317310054294606,0.0004317310054294606,0.0005061640200312745
2,3,XSS,0.0,0.006944444444444444,0.006944444444444444,0.006944444444444444,0.006944444444444444
2,4,Backdoor,0.062460843964411664,0.09592491270229749,-0.10449769905659244,-0.052318618360271636,0.004136266455860604
2,4,DDoS_HTTP,0.06406146225078407,0.09935629862539773,0.01575562805593134,0.04968394042815996,-0.09092629487751451
2,4,DDoS_ICMP,0.0005702129154097772,0.0009152054555845039,-0.0004321544202401421,0.00050779047687645,0.0005983321982254301
2,4,DDoS_TCP,0.00604060105367117,0.05193374728660923,-0.14749423289033556,0.05881214171331321,0.06220212093901334
2,4,DDoS_UDP,0.0015181585146393228,0.0022743558234175065,-0.000213619107616414,-3.191802996759437e-05,0.0019110162203729204
2,4,Fingerprinting,0.0,0.0,0.0,0.0,0.0
2,4,MITM,-0.12281188117853037,0.046683577769261214,-0.30317296477359934,0.10683110214092355,0.479366717766083
2,4,Normal,0.0008795566126162132,0.0010260290601217267,-0.0011144496361152592,-0.00019137210379169083,0.00018285687522492193
2,4,Password,0.0024902154359297793,-0.0097357928008083,0.002624259090063626,0.0025959188678762843,0.0020253994069386106
2,4,Port_Scanning,0.10184780238370372,-0.03842318429649702,0.1070909287420038,-0.09040180633641598,-0.08011374049279457
2,4,Ransomware,0.0,0.0,0.0,0.0,0.0
2,4,SQL_injection,0.0,0.0,0.0,0.0,0.0
2,4,Uploading,0.017806922867870008,0.024444376307666684,0.0163471298715076,0.013325738372798915,0.026667381875931487
2,4,Vulnerability_scanner,-3.689403896876368e-06,-0.00041850396294256984,0.00030228890543217054,-0.0002029480365830283,0.00032285249799030393
2,4,XSS,-0.009551805479949209,0.0024242424242424242,0.002569406641262926,0.002569406641262926,0.001988749773180915
2,Aggregated,Backdoor,0.06521390372820593,0.09948355941048007,-0.09071690206609088,-0.04261214879880523,0.007392749081468614
2,Aggregated,DDoS_HTTP,0.06865007382313322,0.14363063409915997,0.044489498792127796,0.050340349268849546,-0.09105704427758503
2,Aggregated,DDoS_ICMP,0.0005640570379542465,0.0009255788965187102,-0.0003280870634012445,0.0005769963449042848,0.000629637711423046
2,Aggregated,DDoS_TCP,0.003998905172047288,0.05158488462237643,-0.14795831193841238,0.057901484055397745,0.06160972576006982
2,Aggregated,DDoS_UDP,0.0009378654145198765,0.001438835038897962,-0.0003750812818973992,0.0006235850697677699,0.0010680095780904952
2,Aggregated,Fingerprinting,0.0,0.0,0.0,0.0,0.0
2,Aggregated,MITM,-0.12030013619020563,0.04176790063923094,-0.31236965181764914,0.10508491990579279,0.45724553889140246
2,Aggregated,Normal,0.0011100736256479356,0.0017812990397304608,-0.0011393430304199351,-0.00040522785401844177,-0.0008002821746686299
2,Aggregated,Password,0.0022632572733829403,-0.008883283808181054,0.0023378313803296916,0.0023335461730150313,0.0019486489814533913
2,Aggregated,Port_Scanning,0.1012493635164487,-0.03700064338709071,0.1029811531013872,-0.08749408959091111,-0.07973578363983407
2,Aggregated,Ransomware,0.0,0.0,0.0,0.0,0.0
2,Aggregated,SQL_injection,0.0,0.0,0.0,0.0,0.0
2,Aggregated,Uploading,0.01590607314954889,0.021189923703806273,0.012351322275063772,0.012607362898136893,0.023219696181103058
2,Aggregated,Vulnerability_scanner,0.0003729428134069882,-0.0006629400511226975,0.0005616517781337131,0.0003915176999305122,0.0005600637784541822
2,Aggregated,XSS,-0.004532890595917503,0.008230950699111847,0.008274486453262828,0.008270116826156313,0.008065386419806827
2,Centralized,Backdoor,0.06521390372820593,0.09948355941048007,-0.09071690206609088,-0.04261214879880523,0.007392749081468614
2,Centralized,DDoS_HTTP,0.06865007382313322,0.14363063409915997,0.044489498792127796,0.050340349268849546,-0.09105704427758503
2,Centralized,DDoS_ICMP,0.0005640570379542465,0.0009255788965187102,-0.0003280870634012445,0.0005769963449042848,0.000629637711423046
2,Centralized,DDoS_TCP,0.003998905172047288,0.05158488462237643,-0.14795831193841238,0.057901484055397745,0.06160972576006982
2,Centralized,DDoS_UDP,0.0009378654145198765,0.001438835038897962,-0.0003750812818973992,0.0006235850697677699,0.0010680095780904952
2,Centralized,Fingerprinting,0.0,0.0,0.0,0.0,0.0
2,Centralized,MITM,-0.12030013619020563,0.04176790063923094,-0.31236965181764914,0.10508491990579279,0.45724553889140246
2,Centralized,Normal,0.0011100736256479356,0.0017812990397304608,-0.0011393430304199351,-0.00040522785401844177,-0.0008002821746686299
2,Centralized,Password,0.0022632572733829403,-0.008883283808181054,0.0023378313803296916,0.0023335461730150313,0.0019486489814533913
2,Centralized,Port_Scanning,0.1012493635164487,-0.03700064338709071,0.1029811531013872,-0.08749408959091111,-0.07973578363983407
2,Centralized,Ransomware,0.0,0.0,0.0,0.0,0.0
2,Centralized,SQL_injection,0.0,0.0,0.0,0.0,0.0
2,Centralized,Uploading,0.01590607314954889,0.021189923703806273,0.012351322275063772,0.012607362898136893,0.023219696181103058
2,Centralized,Vulnerability_scanner,0.0003729428134069882,-0.0006629400511226975,0.0005616517781337131,0.0003915176999305122,0.0005600637784541822
2,Centralized,XSS,-0.004532890595917503,0.008230950699111847,0.008274486453262828,0.008270116826156313,0.008065386419806827
3,0,Backdoor,0.05090177116706587,0.03206897194613168,0.04145583080020729,0.008483411183992907,0.024679806963093767
3,0,DDoS_HTTP,0.0299920479378419,0.08448350002711573,0.019953546979036445,-0.0013199846899458387,-0.1078827487062306
3,0,DDoS_ICMP,-7.81401003179046e-05,-0.0006615400621991211,0.0004425596835590258,0.0003587753898091184,0.00034205925951632333
3,0,DDoS_TCP,0.03651264754382748,0.041241247876208594,-0.14505389897523588,0.03977427719772164,0.03969279204653994
3,0,DDoS_UDP,-0.00010987265285050859,-0.0009655904377227835,0.0006411596753238991,0.0005199864253202958,0.0004957123387663743
3,0,Fingerprinting,0.0,0.0,0.0,0.0,0.0
3,0,MITM,-0.05,-0.05,-0.05,-0.05,0.2
3,0,Normal,0.0006044395234005702,0.0003253949828002774,0.00019656987416921123,0.0004483192299960655,-0.0003010984167569397
3,0,Password,0.0019316493313521546,0.0019316493313521546,-0.007726597325408618,0.0019316493313521546,0.0019316493313521546
3,0,Port_Scanning,-0.022727272727272724,-0.022727272727272724,0.0909090909090909,-0.022727272727272724,-0.022727272727272724
3,0,Ransomware,0.0,0.0,0.0,0.0,0.0
3,0,SQL_injection,0.0,0.0,0.0,0.0,0.0
3,0,Uploading,0.010365087981950662,0.00871602907410195,0.00565394236973245,-0.006720945653833436,0.012463172024483092
3,0,Vulnerability_scanner,0.00017632636026918558,0.00017632636026918558,-0.0007053054410767423,0.00017632636026918558,0.00017632636026918558
3,0,XSS,0.0,0.0,0.0,0.0,0.0
3,1,Backdoor,0.05296450859266103,0.029480974645050166,0.03527379672289685,0.009097814434364271,0.013112644134809696
3,1,DDoS_HTTP,0.03092964821841517,0.05156967545089584,0.024249424879871473,-7.908648507344805e-05,-0.09146590346914613
3,1,DDoS_ICMP,0.0003998070596624159,-0.001807740129223162,0.0005850484864362385,0.0005389368690430496,0.0005621035627071299
3,1,DDoS_TCP,0.032434892911801044,0.03683451376921263,-0.1262701153482198,0.03590460063570451,0.0352204311321187
3,1,DDoS_UDP,5.533887662884836e-05,-0.0015087407256066869,0.0005874389020072868,0.0006153935562781524,0.0005873823708176222
3,1,Fingerprinting,0.0,0.0,0.0,0.0,0.0
3,1,MITM,-0.05,-0.05,-0.05,-0.05,0.2
3,1,Normal,0.0006565076913933099,1.7772915527168124e-05,5.411011105848814e-05,0.0006424331007624295,-0.0005094512745318025
3,1,Password,0.002727272727272727,0.002727272727272727,-0.010909090909090908,0.002727272727272727,0.002727272727272727
3,1,Port_Scanning,-0.031561892417368766,-0.031561892417368766,0.12624756966947506,-0.031561892417368766,-0.031561892417368766
3,1,Ransomware,0.0,0.0,0.0,0.0,0.0
3,1,SQL_injection,0.0,0.0,0.0,0.0,0.0
3,1,Uploading,0.013126812872286385,0.009192902753616368,0.006326251718423945,-0.009981582671568949,0.0206737850052509
3,1,Vulnerability_scanner,0.00042532549368987094,0.00042532549368987094,-0.0017013019747594837,0.00042532549368987094,0.00042532549368987094
3,1,XSS,0.00011624527753560192,8.718395815170144e-05,8.718395815170144e-05,-2.906131938390048e-05,8.718395815170144e-05
3,2,Backdoor,0.04116792163863672,0.025032367582473253,0.031418203442760965,0.003952626330789678,0.018532954904792905
3,2,DDoS_HTTP,0.03478249153202822,0.07751751970892398,0.019064629932324224,-0.0019390944250765605,-0.10914040805301929
3,2,DDoS_ICMP,-0.0001984030190337253,-0.0009002644945207157,0.0007238647299516899,0.0004238773408140865,0.00046692131482176845
3,2,DDoS_TCP,0.04178283356404426,0.042604030622471,-0.1555922016994494,0.03942157301408814,0.04359540723742304
3,2,DDoS_UDP,-0.00028513045781818904,-0.001174487093741705,0.000974923833466392,0.0005644775022949966,0.0006229569044844267
3,2,Fingerprinting,0.0,0.0,0.0,0.0,0.0
3,2,MITM,0.21666666666666667,0.3,-0.11666666666666667,-0.11666666666666667,0.7166666666666667
3,2,Normal,0.0007028174559787178,0.0005652660219299351,0.00034597853595036974,0.00027889793564349433,-0.0008875659369437923
3,2,Password,0.0019527235354573486,0.0019527235354573486,-0.007810894141829394,0.0019527235354573486,0.0019527235354573486
3,2,Port_Scanning,-0.017589893100097183,-0.017589893100097183,0.07035957240038873,-0.017589893100097183,-0.017589893100097183
3,2,Ransomware,0.0,0.0,0.0,0.0,0.0
3,2,SQL_injection,0.0,0.0,0.0,0.0,0.0
3,2,Uploading,0.010939948469584406,0.007718516999943956,0.003829534337080978,-0.0105585533799789,0.016518189033362232
3,2,Vulnerability_scanner,0.0003867412232249179,0.0003867412232249179,-0.0015469648928996716,0.0003867412232249179,0.0003867412232249179
3,2,XSS,9.496418493596878e-06,9.496418493596878e-06,9.496418493596878e-06,-3.798567397438751e-05,9.496418493596878e-06
3,3,Backdoor,0.04917710339182394,0.03335775930792525,0.04280982133218288,0.006946674525924645,0.028263153758502454
3,3,DDoS_HTTP,0.028478771514829818,0.0832802401032668,0.01457300978263784,-0.003376454163664286,-0.1086913858709707
3,3,DDoS_ICMP,4.084315935807455e-05,-0.0009513726079348954,0.0005804907854532915,0.000523517035762235,0.0005047895428037686
3,3,DDoS_TCP,0.03959348319540953,0.040175075663290975,-0.14599446927881216,0.03643581206159349,0.04222608499484708
3,3,DDoS_UDP,4.0648263626469336e-05,-0.0011428713523999581,0.0007096073570927656,0.0006375711696417596,0.0006134132385181123
3,3,Fingerprinting,0.0,0.0,0.0,0.0,0.0
3,3,MITM,0.16083333333333336,0.21083333333333343,-0.08083333333333331,-0.08083333333333331,0.5899999999999996
3,3,Normal,0.0009420291709853905,0.0009644180917188087,0.0005179669523448005,0.00042473250945253375,-0.0006469532830352065
3,3,Password,0.001745635910224439,0.001745635910224439,-0.006982543640897756,0.001745635910224439,0.001745635910224439
3,3,Port_Scanning,-0.02177348551360843,-0.02177348551360843,0.08709394205443372,-0.02177348551360843,-0.02177348551360843
3,3,Ransomware,0.0,0.0,0.0,0.0,0.0
3,3,SQL_injection,0.0,0.0,0.0,0.0,0.0
3,3,Uploading,0.012687553233390178,0.008170905063762515,0.004136676742094225,-0.012761557304986857,0.01842662642230893
3,3,Vulnerability_scanner,0.00010233794733288115,0.00010233794733288115,-0.0004093517893315246,0.00010233794733288115,0.00010233794733288115
3,3,XSS,0.0,0.0,0.0,0.0,0.0
3,4,Backdoor,0.050210645485588255,0.0323958280554861,0.04393321107658589,0.006526009795349197,0.030912525767354673
3,4,DDoS_HTTP,0.04325749890576346,0.028501080336043406,0.04018265388759021,0.016991746734053636,-0.04947270999838324
3,4,DDoS_ICMP,-0.0001993812855499914,-0.0007036600128657977,0.00022088981545501836,0.0005832087842870704,0.0006436990906295366
3,4,DDoS_TCP,0.03662492493623632,0.03857073383030275,-0.14520160727370568,0.03758111148841072,0.03900800625382049
3,4,DDoS_UDP,-0.0004647696654420053,-0.000611838512289357,0.0004396944647816074,0.0007985081871369908,0.0009186927661936591
3,4,Fingerprinting,0.0,0.0,0.0,0.0,0.0
3,4,MITM,0.06624314340437916,0.1602848796073023,-0.12499309030060883,-0.08754186699993222,0.4791103825647216
3,4,Normal,0.0006720031006675693,-0.00023515944794457548,9.182093328765073e-05,0.0002767772998622686,0.0004406589416227421
3,4,Password,0.002355072463768116,0.002355072463768116,-0.009420289855072464,0.002355072463768116,0.002355072463768116
3,4,Port_Scanning,-0.02488822652757079,-0.02488822652757079,0.09955290611028315,-0.02488822652757079,-0.02488822652757079
3,4,Ransomware,0.0,0.0,0.0,0.0,0.0
3,4,SQL_injection,0.0,0.0,0.0,0.0,0.0
3,4,Uploading,0.005860679082035147,0.005514739793474691,0.0034312309538074405,-0.003610106913000355,0.010027575990673412
3,4,Vulnerability_scanner,-5.38831474722945e-05,0.00021558270923195585,-0.0005591702088302712,0.00014821624505589325,0.00024925440201471657
3,4,XSS,2.9032843404100742e-05,2.9032843404100742e-05,2.9032843404100742e-05,-0.00011613137361640297,2.9032843404100742e-05
3,Aggregated,Backdoor,0.04884367361007206,0.0304007522762871,0.03884693593623876,0.006899665572227059,0.023252927621139043
3,Aggregated,DDoS_HTTP,0.03183592097251892,0.0729064846503502,0.019918782843451367,-0.0011685115610725763,-0.10324255824789727
3,Aggregated,DDoS_ICMP,-2.908140103000297e-05,-0.0009548291268208886,0.0004862866254584634,0.00048698385928016007,0.0005058937297707492
3,Aggregated,DDoS_TCP,0.037285262905471156,0.039706464881155944,-0.14324072050461947,0.037682843418035135,0.03981358611219128
3,Aggregated,DDoS_UDP,-0.00013997492790654247,-0.0010841692264829468,0.0006714692727431896,0.0006225714944868862,0.0006385548427959963
3,Aggregated,Fingerprinting,0.0,0.0,0.0,0.0,0.0
3,Aggregated,MITM,0.0769069439166989,0.1621853867130135,-0.11725404123207764,-0.08659447305698147,0.4872051632511833
3,Aggregated,Normal,0.0007157826791884981,0.0003324359495485041,0.00024253287585273008,0.0004156524417616325,-0.0003907411738404254
3,Aggregated,Password,0.0021668150786583553,0.0021668150786583553,-0.008667260314633421,0.0021668150786583553,0.0021668150786583553
3,Aggregated,Port_Scanning,-0.024402308326463316,-0.024402308326463316,0.09760923330585326,-0.024402308326463316,-0.024402308326463316
3,Aggregated,Ransomware,0.0,0.0,0.0,0.0,0.0
3,Aggregated,SQL_injection,0.0,0.0,0.0,0.0,0.0
3,Aggregated,Uploading,0.01075113101311867,0.007922642117693017,0.004655714885042295,-0.008987615916957174,0.01570882709282511
3,Aggregated,Vulnerability_scanner,0.00017647369994570617,0.00026721255133544026,-0.0009667677293757597,0.00024452783848800675,0.00027855363960660646
3,Aggregated,XSS,2.531173383493318e-05,2.0942106728423503e-05,2.0942106728423503e-05,-3.5702528742087567e-05,2.0942106728423503e-05
3,Centralized,Backdoor,0.04884367361007206,0.0304007522762871,0.03884693593623876,0.006899665572227059,0.023252927621139043
3,Centralized,DDoS_HTTP,0.03183592097251892,0.0729064846503502,0.019918782843451367,-0.0011685115610725763,-0.10324255824789727
3,Centralized,DDoS_ICMP,-2.908140103000297e-05,-0.0009548291268208886,0.0004862866254584634,0.00048698385928016007,0.0005058937297707492
3,Centralized,DDoS_TCP,0.037285262905471156,0.039706464881155944,-0.14324072050461947,0.037682843418035135,0.03981358611219128
3,Centralized,DDoS_UDP,-0.00013997492790654247,-0.0010841692264829468,0.0006714692727431896,0.0006225714944868862,0.0006385548427959963
3,Centralized,Fingerprinting,0.0,0.0,0.0,0.0,0.0
3,Centralized,MITM,0.0769069439166989,0.1621853867130135,-0.11725404123207764,-0.08659447305698147,0.4872051632511833
3,Centralized,Normal,0.0007157826791884981,0.0003324359495485041,0.00024253287585273008,0.0004156524417616325,-0.0003907411738404254
3,Centralized,Password,0.0021668150786583553,0.0021668150786583553,-0.008667260314633421,0.0021668150786583553,0.0021668150786583553
3,Centralized,Port_Scanning,-0.024402308326463316,-0.024402308326463316,0.09760923330585326,-0.024402308326463316,-0.024402308326463316
3,Centralized,Ransomware,0.0,0.0,0.0,0.0,0.0
3,Centralized,SQL_injection,0.0,0.0,0.0,0.0,0.0
3,Centralized,Uploading,0.01075113101311867,0.007922642117693017,0.004655714885042295,-0.008987615916957174,0.01570882709282511
3,Centralized,Vulnerability_scanner,0.00017647369994570617,0.00026721255133544026,-0.0009667677293757597,0.00024452783848800675,0.00027855363960660646
3,Centralized,XSS,2.531173383493318e-05,2.0942106728423503e-05,2.0942106728423503e-05,-3.5702528742087567e-05,2.0942106728423503e-05
4,0,Backdoor,0.012598297340137888,0.014256544473379951,-0.05369861022373428,0.036440126346091714,0.03498556717535035
4,0,DDoS_HTTP,0.016903283327598627,0.06406232258653513,0.04259381103047767,0.04135776330781451,-0.03362474226600614
4,0,DDoS_ICMP,3.3765216176114464e-05,0.00015132834713889784,-4.145493506801934e-07,-3.415260053858208e-05,5.022985549860137e-05
4,0,DDoS_TCP,-0.045735848603262276,0.027817161731332456,-0.06327295127218818,0.057769449284710866,0.022708942048039985
4,0,DDoS_UDP,4.837646703501434e-05,0.00021794307039756008,1.3789661951572422e-07,-4.8227333308879335e-05,7.272086819273271e-05
4,0,Fingerprinting,0.0,0.0,0.0,0.0,0.0
4,0,MITM,0.0,-0.08333333333333333,-0.08333333333333333,-0.08333333333333333,0.25
4,0,Normal,-0.0014008482752261833,0.0007484722391456496,0.0004580937298077459,0.0007848208620969059,0.0003922831803310415
4,0,Password,0.0019316493313521546,0.0019316493313521546,0.0019316493313521546,0.0019316493313521546,-0.007726597325408618
4,0,Port_Scanning,0.09291326012627223,-0.04770047491470741,0.14994142996403959,-0.14745374026089703,-0.0477004749147074
4,0,Ransomware,-0.013556202580733942,-0.013556202580733942,-0.013556202580733942,0.01375229082357062,0.0269163169186312
4,0,SQL_injection,0.0,0.0,0.0,0.0,0.0
4,0,Uploading,7.683162783018772e-05,-0.0002023455474867581,0.006951481489750005,-0.0015893425405568752,-0.005236625029536574
4,0,Vulnerability_scanner,0.00012875648343628753,0.00012875648343628753,0.00012875648343628753,0.00012875648343628753,-0.0005150259337451501
4,0,XSS,0.0,0.0,0.0,0.0,0.0
4,1,Backdoor,0.014666126346531978,0.022426177993058388,-0.053815116751378476,0.03635032066964985,0.03971708008360537
4,1,DDoS_HTTP,0.012392668317164238,0.032782940360528263,0.031569721214294785,0.027072892448980767,-0.02531807212864086
4,1,DDoS_ICMP,-4.641121495424505e-05,0.00023200414613909018,0.00020879853866196765,0.00018559293118484513,-2.3205607477122525e-05
4,1,DDoS_TCP,-0.02556146825483318,0.016792126304607333,-0.03128317125925904,0.027637869172936206,0.012400850076923712
4,1,DDoS_UDP,-8.967350381011893e-05,0.0004148294738855548,0.00021873221777882017,0.0001907021885628357,-6.164347459413448e-05
4,1,Fingerprinting,0.0,0.0,0.0,0.0,0.0
4,1,MITM,0.03333333333333333,0.03333333333333333,-0.05,-0.4666666666666667,0.45
4,1,Normal,-0.0014406692190218524,0.0006857424722394034,0.00039901518093457544,0.0006584229443139614,0.0004170751245261099
4,1,Password,0.002727272727272727,0.002727272727272727,0.002727272727272727,0.002727272727272727,-0.010909090909090908
4,1,Port_Scanning,0.1367329758915646,-0.07291584973037973,0.22114013533505678,-0.21204141176586191,-0.07291584973037972
4,1,Ransomware,-0.017887836342536368,-0.017887836342536368,-0.017887836342536368,0.01947405068415513,0.03418945834345397
4,1,SQL_injection,0.0,0.0,0.0,0.0,0.0
4,1,Uploading,0.00045381289559183675,-0.00027271181395557636,0.012649489327554752,-0.004237346438954735,-0.008593243970236262
4,1,Vulnerability_scanner,0.000336778530112819,0.00044746223458413394,0.00044746223458413394,0.00044746223458413394,-0.0016791652338652208
4,1,XSS,-1.162452775356019e-05,4.649811101424076e-05,1.7436791630340287e-05,-0.0002731764022086645,-0.00012786980528916211
4,2,Backdoor,0.012310119285041027,0.013971625650938983,-0.034131214107146084,0.02414961633270139,0.022287537423408395
4,2,DDoS_HTTP,0.03100013472735429,0.058678667244591504,0.04481447374678651,0.03621102051134712,-0.04478226518867842
4,2,DDoS_ICMP,-5.5400879135083143e-05,0.0005458392945600151,0.00033039649050020474,0.00026581356623898343,-5.6255888858502964e-05
4,2,DDoS_TCP,-0.04487232953589827,0.02666596216553551,-0.07038155806279257,0.06359079444877529,0.024997130984380042
4,2,DDoS_UDP,-7.639955927883357e-05,0.0007433825879184304,0.00045102592937449525,0.00036327575513702136,-7.580333577938229e-05
4,2,Fingerprinting,0.0,0.0,0.0,0.0,0.0
4,2,MITM,0.13333333333333333,0.13333333333333333,-0.2,-0.2,0.13333333333333333
4,2,Normal,-0.0006722726995182134,0.0007183979490246276,0.00029901540358256984,0.001073643897922777,0.0006245294042266184
4,2,Password,0.0019527235354573486,0.0019527235354573486,0.0019527235354573486,0.0019527235354573486,-0.007810894141829394
4,2,Port_Scanning,0.08585129296063236,-0.04281787638426012,0.1386250966581066,-0.13884063685021875,-0.042817876384260115
4,2,Ransomware,-0.0216461141382277,-0.021646114138227705,-0.021646114138227705,0.026408565146735497,0.03852977726794761
4,2,SQL_injection,0.0,0.0,0.0,0.0,0.0
4,2,Uploading,-0.0004885321355815836,-0.000794622091680065,0.012217443947110638,-0.0032216991924441272,-0.00771259052740486
4,2,Vulnerability_scanner,0.0003867412232249179,0.0003867412232249179,0.0003867412232249179,0.0003867412232249179,-0.0015469648928996716
4,2,XSS,6.330945662397919e-06,6.330945662397919e-06,-9.496418493596878e-06,-0.00018359742420953964,-9.496418493596878e-06
4,3,Backdoor,0.01705245104281408,0.012980431195647188,-0.054649136526996406,0.030735213770831066,0.03414864186749522
4,3,DDoS_HTTP,0.03549452853692058,0.06951021489883538,0.04539117567936365,0.04043431720699173,-0.039327064276645916
4,3,DDoS_ICMP,-0.00014573739125631018,0.0006261420664734729,0.0003353943932367024,0.00019916272040759002,-8.905187272073381e-05
4,3,DDoS_TCP,-0.04321016981692557,0.02658852269027162,-0.06725113510464592,0.06060221754685987,0.023791410559545825
4,3,DDoS_UDP,-0.0001816345696006194,0.0007730376386531642,0.0004154655383980262,0.0002488057815932735,-0.00010954371048733276
4,3,Fingerprinting,0.0,0.0,0.0,0.0,0.0
4,3,MITM,0.16999999999999998,0.16999999999999993,-0.22999999999999987,-0.27999999999999997,0.16999999999999998
4,3,Normal,-0.0007509988984137646,0.0008162340328027485,-6.884201039889145e-05,0.0011789016688540544,0.0006656519383156071
4,3,Password,0.001745635910224439,0.001745635910224439,0.001745635910224439,0.001745635910224439,-0.006982543640897756
4,3,Port_Scanning,0.10172254872750011,-0.05230067125884179,0.16474662070112858,-0.1616110047239796,-0.05255749344580738
4,3,Ransomware,-0.02230246793152222,-0.022302467931522216,-0.022302467931522216,0.023284559983091906,0.04362284381147475
4,3,SQL_injection,0.0,0.0,0.0,0.0,0.0
4,3,Uploading,0.0005993532436313407,-0.0004174914540943484,0.012483225877219246,-0.0019499227588287893,-0.007690100085109809
4,3,Vulnerability_scanner,0.00010233794733288115,0.00010233794733288115,0.00010233794733288115,0.00010233794733288115,-0.0004093517893315246
4,3,XSS,0.0,0.0,0.0,0.0,0.0
4,4,Backdoor,0.013036939705247974,0.003915851665980799,-0.055803725733994655,0.03104301284238289,0.04044805882794148
4,4,DDoS_HTTP,-0.07218525605525627,0.019722900241126367,0.04768139508030834,0.02015262255453365,-0.03023132059891788
4,4,DDoS_ICMP,-8.371628181800631e-06,0.00042882772295645594,8.060763501178496e-05,-4.050453195772463e-05,-0.00010027296861424746
4,4,DDoS_TCP,-0.036287193459983845,0.021731869897035093,-0.05786231214266335,0.05124506502730921,0.021172570678302798
4,4,DDoS_UDP,0.00010792442731726488,0.001160409718795626,-0.00024971644432910295,-0.00021968657885594137,-7.194669118327594e-05
4,4,Fingerprinting,0.0,0.0,0.0,0.0,0.0
4,4,MITM,0.11911563688185471,0.14106072722187601,-0.1671215160780644,-0.23224725465403734,0.20109716853313295
4,4,Normal,-0.0014132771135539162,0.0005709042376586168,0.00018135383352620624,0.0005465397764910876,0.0005030714822290191
4,4,Password,0.002363574530424319,0.002363574530424319,0.002363574530424319,0.002321064197143306,-0.009411787788416262
4,4,Port_Scanning,0.10870909022908926,-0.05527605828576224,0.1747926575410443,-0.17294963119860907,-0.055276058285762236
4,4,Ransomware,-0.018452606335983845,-0.01845260633598384,-0.01845260633598384,0.021052631578947368,0.03430518742900416
4,4,SQL_injection,0.0,0.0,0.0,0.0,0.0
4,4,Uploading,0.0015838855884257861,-0.002256750224076977,0.006455152780644502,-0.002234475254727335,-0.0035478128902659816
4,4,Vulnerability_scanner,0.0002761550636448562,0.0003435215278209188,0.00014142213529273103,4.0383978333907725e-05,-0.0008014827050924138
4,4,XSS,1.9355228936067163e-05,1.9355228936067163e-05,-2.9032843404100742e-05,-0.0005613016391459476,-2.9032843404100742e-05
4,Aggregated,Backdoor,0.014038142461885462,0.013762625179182413,-0.049788569492711335,0.031561589524977444,0.03354096403136911
4,Aggregated,DDoS_HTTP,0.019858455694445564,0.056494111217166194,0.042576105029253346,0.036513468935683885,-0.036360314705960434
4,Aggregated,DDoS_ICMP,-3.990900646509606e-05,0.00039402203093512426,0.00017601809133429753,9.704924660782025e-05,-4.4589554138870406e-05
4,Aggregated,DDoS_TCP,-0.03850557533270512,0.023539460196414556,-0.057282036726134376,0.051484613191920575,0.020771851443203104
4,Aggregated,DDoS_UDP,-4.211612790994135e-05,0.0006452412538865046,0.00017343125387022282,0.00010913155044124194,-4.705079143490128e-05
4,Aggregated,Fingerprinting,0.0,0.0,0.0,0.0,0.0
4,Aggregated,MITM,0.12257622255352166,0.13828391860348319,-0.17196508975622762,-0.2394266099194096,0.20175204671391078
4,Aggregated,Normal,-0.0011327942995681313,0.0007091657449092662,0.00025491930193041745,0.0008510879150717502,0.000520613110724405
4,Aggregated,Password,0.0021681006408527537,0.0021681006408527537,0.0021681006408527537,0.002161672829880763,-0.008665974752439024
4,Aggregated,Port_Scanning,0.10860157377585139,-0.05614471495337669,0.17543028616088308,-0.1716900059174444,-0.056197139065913386
4,Aggregated,Ransomware,-0.019431222925876648,-0.019431222925876648,-0.019431222925876648,0.02173499147315444,0.036558677304475505
4,Aggregated,SQL_injection,0.0,0.0,0.0,0.0,0.0
4,Aggregated,Uploading,0.0004054830544443083,-0.0007321967881565271,0.010236577237655909,-0.0025636554020408895,-0.006617126893933515
4,Aggregated,Vulnerability_scanner,0.0002633221705126476,0.00030788212587159656,0.00023982798732929595,0.00020580218621069624,-0.0010168344699242363
4,Aggregated,XSS,3.4742994299924447e-06,1.2213553643011798e-05,-5.211449144988667e-06,-0.00019251685270648411,-2.705958467753705e-05
4,Centralized,Backdoor,0.014038142461885462,0.013762625179182413,-0.049788569492711335,0.031561589524977444,0.03354096403136911
4,Centralized,DDoS_HTTP,0.019858455694445564,0.056494111217166194,0.042576105029253346,0.036513468935683885,-0.036360314705960434
4,Centralized,DDoS_ICMP,-3.990900646509606e-05,0.00039402203093512426,0.00017601809133429753,9.704924660782025e-05,-4.4589554138870406e-05
4,Centralized,DDoS_TCP,-0.03850557533270512,0.023539460196414556,-0.057282036726134376,0.051484613191920575,0.020771851443203104
4,Centralized,DDoS_UDP,-4.211612790994135e-05,0.0006452412538865046,0.00017343125387022282,0.00010913155044124194,-4.705079143490128e-05
4,Centralized,Fingerprinting,0.0,0.0,0.0,0.0,0.0
4,Centralized,MITM,0.12257622255352166,0.13828391860348319,-0.17196508975622762,-0.2394266099194096,0.20175204671391078
4,Centralized,Normal,-0.0011327942995681313,0.0007091657449092662,0.00025491930193041745,0.0008510879150717502,0.000520613110724405
4,Centralized,Password,0.0021681006408527537,0.0021681006408527537,0.0021681006408527537,0.002161672829880763,-0.008665974752439024
4,Centralized,Port_Scanning,0.10860157377585139,-0.05614471495337669,0.17543028616088308,-0.1716900059174444,-0.056197139065913386
4,Centralized,Ransomware,-0.019431222925876648,-0.019431222925876648,-0.019431222925876648,0.02173499147315444,0.036558677304475505
4,Centralized,SQL_injection,0.0,0.0,0.0,0.0,0.0
4,Centralized,Uploading,0.0004054830544443083,-0.0007321967881565271,0.010236577237655909,-0.0025636554020408895,-0.006617126893933515
4,Centralized,Vulnerability_scanner,0.0002633221705126476,0.00030788212587159656,0.00023982798732929595,0.00020580218621069624,-0.0010168344699242363
4,Centralized,XSS,3.4742994299924447e-06,1.2213553643011798e-05,-5.211449144988667e-06,-0.00019251685270648411,-2.705958467753705e-05
5,0,Backdoor,0.03823674560549258,0.037291394691906406,0.04019546067930834,-0.1301325491023065,0.018976361388664452
5,0,DDoS_HTTP,-0.013823656242404867,0.034492727478562905,0.02958655123558261,0.04071982100635833,-0.11669255524862322
5,0,DDoS_ICMP,-0.000324137076302448,0.0001315614563464814,8.078790224513854e-05,8.118888269677733e-05,3.0598835014050696e-05
5,0,DDoS_TCP,0.037210889019578114,0.038182111639624525,-0.14458110926458909,0.041121425633416836,0.030424697085224068
5,0,DDoS_UDP,-0.0004641240056692105,0.00018865971183466926,0.00011611893149169328,0.00011596417308514054,4.3381189257707396e-05
5,0,Fingerprinting,0.0,0.0,0.0,0.0,0.0
5,0,MITM,0.4666666666666667,0.05,-0.03333333333333333,-0.2,0.7166666666666667
5,0,Normal,0.00014151870075602516,0.00036407441564660176,0.000522836835090292,-0.0005319742144879643,0.00031396988893440486
5,0,Password,0.0,0.0,0.0,0.0,0.0
5,0,Port_Scanning,-0.030913613454156115,-0.030913613454156115,0.10352022562870498,-0.030913613454156115,-0.010779385266236648
5,0,Ransomware,0.0,0.0,0.0,0.0,0.0
5,0,SQL_injection,0.0,0.0,0.0,0.0,0.0
5,0,Uploading,0.0037588448047555347,0.0013744649918226545,-1.9446198859364207e-05,-0.00840303752593028,-4.907229579114991e-05
5,0,Vulnerability_scanner,-0.0005685706764938292,0.0001421426691234573,0.0001421426691234573,0.0001421426691234573,0.0001421426691234573
5,0,XSS,-0.014388489208633093,0.003597122302158273,0.003597122302158273,0.003597122302158273,0.003597122302158273
5,1,Backdoor,0.03207984141738721,0.03822391916756946,0.03777776378289818,-0.13691266680440115,0.02066989446372989
5,1,DDoS_HTTP,0.0026491843982066063,0.03497298961013137,0.030510899467201577,0.023960032934479392,-0.08465102931111282
5,1,DDoS_ICMP,-0.00013328994855714703,3.334232162402658e-05,0.00019550763431084862,-0.0001056967215246322,1.0136714146904054e-05
5,1,DDoS_TCP,0.031093422798916536,0.0316999315375676,-0.12409463380942659,0.0339294792382188,0.027399337065234404
5,1,DDoS_UDP,-0.0003126690820762446,0.00027428813828166235,7.83414610782925e-05,0.00010605126075812025,-0.00014601177804183057
5,1,Fingerprinting,0.0,0.0,0.0,0.0,0.0
5,1,MITM,-0.05,0.03333333333333333,0.03333333333333333,0.03333333333333333,0.95
5,1,Normal,0.00016476030459686709,0.00027122105537416195,0.0004110246016052995,-0.00048080313240551805,0.0007719811915956758
5,1,Password,0.0,0.0,0.0,0.0,0.0
5,1,Port_Scanning,-0.04193010884965512,-0.04193010884965512,0.14199484173107432,-0.04193010884965512,-0.016204515182108952
5,1,Ransomware,0.0,0.0,0.0,0.0,0.0
5,1,SQL_injection,0.0,0.0,0.0,0.0,0.0
5,1,Uploading,0.0057946877822409905,0.0006523238056117671,0.0010139330957924858,-0.013092339111258433,0.005631394427613185
5,1,Vulnerability_scanner,-0.0005297818328979798,0.00013244545822449494,0.00013244545822449494,0.00013244545822449494,0.00013244545822449494
5,1,XSS,-0.012903225806451613,0.0033711130485324053,0.0033711130485324053,0.0031967451322290025,0.0033129904097646047
5,2,Backdoor,0.0321620055063884,0.026358606983167197,0.02917025438465176,-0.10659563426650612,0.014721133899487149
5,2,DDoS_HTTP,-0.003590951648048165,0.0379406985245783,0.031051502237714208,0.03577529784401724,-0.12257217949392525
5,2,DDoS_ICMP,-0.0005544902862263223,0.0002463886858340777,0.00020235517110418118,0.00018160582346960681,-7.58593941815433e-05
5,2,DDoS_TCP,0.044178938946476246,0.04338613585107576,-0.1657154668307017,0.043626067017181504,0.03475281605665517
5,2,DDoS_UDP,-0.0007446212013206665,0.00033237498149522225,0.0002743673179160226,0.0002447480734380114,-0.00010686917152858965
5,2,Fingerprinting,0.0,0.0,0.0,0.0,0.0
5,2,MITM,0.0,0.0,0.0,0.0,0.0
5,2,Normal,-7.95193659582046e-05,0.00041017202457559095,0.00039998216663896804,-0.0005922521558004767,-0.00023998040569573332
5,2,Password,0.0,0.0,0.0,0.0,0.0
5,2,Port_Scanning,-0.02504053936718693,-0.02504053936718693,0.0817346390412293,-0.02504053936718693,-0.006613020939668504
5,2,Ransomware,0.0,0.0,0.0,0.0,0.0
5,2,SQL_injection,0.0,0.0,0.0,0.0,0.0
5,2,Uploading,0.005781983389853568,0.0016141168610748218,0.0016141168610748218,-0.010153662425350598,0.0011434453133473738
5,2,Vulnerability_scanner,-0.000699470961727311,0.00017486774043182774,0.00017486774043182774,0.00017486774043182774,0.00017486774043182774
5,2,XSS,-0.010294117647058823,0.00265266623254468,0.00265266623254468,0.002557702047608711,0.0026210115042326902
5,3,Backdoor,0.036623755649524484,0.034134009388407195,0.03661302032979279,-0.13035291453403866,0.015546320711661805
5,3,DDoS_HTTP,-0.011417243098516883,0.03910551049527947,0.03295569522899115,0.03505134454155802,-0.1283114691903898
5,3,DDoS_ICMP,-0.000326103476713487,0.00028003105111331267,0.00018200965936894056,0.0003572351481897866,-0.00026142568045416553
5,3,DDoS_TCP,0.03990399234263638,0.03905620557126218,-0.15228956424566395,0.03852284270511539,0.03405974915387566
5,3,DDoS_UDP,-0.00039334947355882944,0.00034275480021776127,0.00022383691805537563,0.00043819742513637926,-0.0003253166837540381
5,3,Fingerprinting,0.0,0.0,0.0,0.0,0.0
5,3,MITM,0.09999999999999996,0.0,0.0,0.0,0.09999999999999996
5,3,Normal,-3.907053832335657e-05,0.000520845863689486,0.00046788274543376753,-0.0003480533308492295,-0.0005108007392277458
5,3,Password,0.0,0.0,0.0,0.0,0.0
5,3,Port_Scanning,-0.03267106842737095,-0.03267106842737095,0.10415366146458584,-0.03267106842737095,-0.006140456182472989
5,3,Ransomware,0.0,0.0,0.0,0.0,0.0
5,3,SQL_injection,0.0,0.0,0.0,0.0,0.0
5,3,Uploading,0.0059778181885983385,-0.0011665627947791755,-0.001668249295476779,-0.013045961599736231,0.0038430989592221918
5,3,Vulnerability_scanner,-0.0003177966101694851,7.944915254237128e-05,7.944915254237128e-05,7.944915254237128e-05,7.944915254237128e-05
5,3,XSS,-0.005555555555555555,0.0013888888888888887,0.0013888888888888887,0.0013888888888888887,0.0013888888888888887
5,4,Backdoor,0.03524044350186055,0.03835605271900958,0.03554578279053874,-0.13368813038444377,0.01953320618047979
5,4,DDoS_HTTP,0.03129814716947735,0.022612152128185053,0.038641198868353745,-0.005586589285784277,0.004621092608971422
5,4,DDoS_ICMP,-0.0005073384945040745,1.0934882998486772e-05,0.00020491718273112357,0.00010094738835147813,0.00019053904042298602
5,4,DDoS_TCP,0.03986572282333746,0.03936120065714789,-0.15231466994140253,0.04011434396630369,0.03205902575342477
5,4,DDoS_UDP,-0.0016511313114913162,0.0009539849751471097,-0.00024716898017672074,0.0008635464576844832,8.076885883644414e-05
5,4,Fingerprinting,0.0,0.0,0.0,0.0,0.0
5,4,MITM,0.006447387214153233,-0.011084484852421505,-0.023801354546035384,0.020551419344458286,0.16264893760175006
5,4,Normal,0.00034824551591783326,0.0001763269849528922,0.000284781795343599,-0.0007650432827322103,0.0009031681594200517
5,4,Password,-4.2433461068931e-06,9.92676498677789e-06,-2.5536948853440573e-05,9.92676498677789e-06,9.92676498677789e-06
5,4,Port_Scanning,-0.03511611574902987,-0.03511611574902987,0.11522016332185238,-0.03511611574902987,-0.009871816074762767
5,4,Ransomware,0.0,0.0,0.0,0.0,0.0
5,4,SQL_injection,0.0,0.0,0.0,0.0,0.0
5,4,Uploading,0.002560732862885383,0.00021082534135283848,-0.000496129454029807,-0.006328565631724209,0.004053136881515795
5,4,Vulnerability_scanner,-0.0002447169846432395,0.00010327463179189608,-6.510691073244868e-05,0.00010327463179189608,0.00010327463179189608
5,4,XSS,-0.009580838323353295,0.002637149942539163,0.0026371499425391627,0.002346821508498156,0.002540373797858827
5,Aggregated,Backdoor,0.03494799683469563,0.0347860230239806,0.03572273308464929,-0.12721613246253344,0.017383366553243507
5,Aggregated,DDoS_HTTP,-0.004098478189443578,0.0366825521486345,0.0321042560090128,0.03034822839949005,-0.10958996559469306
5,Aggregated,DDoS_ICMP,-0.00037940732520260384,0.00013451754281972503,0.0001708737693187449,0.00012693909769775913,-8.034069744653852e-06
5,Aggregated,DDoS_TCP,0.03841726427680495,0.038274544356252944,-0.14767942460230102,0.03933459935611737,0.031727822796552764
5,Aggregated,DDoS_UDP,-0.0006828985044196711,0.00040275960110414865,9.739692082908665e-05,0.00034371357569678017,-9.65510911804172e-05
5,Aggregated,Fingerprinting,0.0,0.0,0.0,0.0,0.0
5,Aggregated,MITM,0.025192351225468184,-0.007051245642013602,-0.019220854226188015,0.013364381791419744,0.17595066096896073
5,Aggregated,Normal,0.00010465431780471805,0.000349943422215504,0.00041839395379855704,-0.0005415351109277952,0.00024205513846912533
5,Aggregated,Password,-6.42590360968448e-07,1.5000132963618093e-06,-3.857449528116979e-06,1.5000132963618093e-06,1.5000132963618093e-06
5,Aggregated,Port_Scanning,-0.03402326687765356,-0.03402326687765356,0.11234490845317684,-0.03402326687765356,-0.010275107820216156
5,Aggregated,Ransomware,0.0,0.0,0.0,0.0,0.0
5,Aggregated,SQL_injection,0.0,0.0,0.0,0.0,0.0
5,Aggregated,Uploading,0.0048604893228146925,0.0005073588736046894,2.2690483491488953e-05,-0.010304550194557897,0.002725073666398395
5,Aggregated,Vulnerability_scanner,-0.0004431404434371899,0.00012496210527453052,6.825412761359839e-05,0.00012496210527453052,0.00012496210527453052
5,Aggregated,XSS,-0.010204081632653062,0.0026381454221032674,0.0026381454221032683,0.002533595405375265,0.002603295416527267
5,Centralized,Backdoor,0.03494799683469563,0.0347860230239806,0.03572273308464929,-0.12721613246253344,0.017383366553243507
5,Centralized,DDoS_HTTP,-0.004098478189443578,0.0366825521486345,0.0321042560090128,0.03034822839949005,-0.10958996559469306
5,Centralized,DDoS_ICMP,-0.00037940732520260384,0.00013451754281972503,0.0001708737693187449,0.00012693909769775913,-8.034069744653852e-06
5,Centralized,DDoS_TCP,0.03841726427680495,0.038274544356252944,-0.14767942460230102,0.03933459935611737,0.031727822796552764
5,Centralized,DDoS_UDP,-0.0006828985044196711,0.00040275960110414865,9.739692082908665e-05,0.00034371357569678017,-9.65510911804172e-05
5,Centralized,Fingerprinting,0.0,0.0,0.0,0.0,0.0
5,Centralized,MITM,0.025192351225468184,-0.007051245642013602,-0.019220854226188015,0.013364381791419744,0.17595066096896073
5,Centralized,Normal,0.00010465431780471805,0.000349943422215504,0.00041839395379855704,-0.0005415351109277952,0.00024205513846912533
5,Centralized,Password,-6.42590360968448e-07,1.5000132963618093e-06,-3.857449528116979e-06,1.5000132963618093e-06,1.5000132963618093e-06
5,Centralized,Port_Scanning,-0.03402326687765356,-0.03402326687765356,0.11234490845317684,-0.03402326687765356,-0.010275107820216156
5,Centralized,Ransomware,0.0,0.0,0.0,0.0,0.0
5,Centralized,SQL_injection,0.0,0.0,0.0,0.0,0.0
5,Centralized,Uploading,0.0048604893228146925,0.0005073588736046894,2.2690483491488953e-05,-0.010304550194557897,0.002725073666398395
5,Centralized,Vulnerability_scanner,-0.0004431404434371899,0.00012496210527453052,6.825412761359839e-05,0.00012496210527453052,0.00012496210527453052
5,Centralized,XSS,-0.010204081632653062,0.0026381454221032674,0.0026381454221032683,0.002533595405375265,0.002603295416527267
6,0,Backdoor,0.01699314701218356,-0.07410034186002748,0.0033087276938108356,-0.017868894020522046,0.08855036017609832
6,0,DDoS_HTTP,0.01231871129514875,0.02939881999905392,-0.0009996687179569484,0.021954701881449455,-0.02361424450049879
6,0,DDoS_ICMP,-0.00035106537961980083,0.0001045860695425745,0.0001045860695425745,-6.385930109407505e-05,0.00020575254162872683
6,0,DDoS_TCP,0.0006018998263066511,0.0024957432649678757,0.0006392672352394749,-0.0019312764291957625,0.0021637036899466813
6,0,DDoS_UDP,-0.0005026761473642634,0.00014986922433268268,0.00014986922433268268,-9.212560443652336e-05,0.0002950633031354214
6,0,Fingerprinting,0.0,0.0,0.0,0.0,0.0
6,0,MITM,-0.2,-0.2833333333333333,-0.2833333333333333,-0.2833333333333333,0.05
6,0,Normal,0.00016223587336143633,0.00019490395316686208,-0.00020889659304740665,-0.000326494525360362,0.0004602392311314078
6,0,Password,0.007029557655846828,-0.010994387484061787,0.001568872741720619,0.0037320979137953477,-0.001336140827301011
6,0,Port_Scanning,-0.0004098360655737705,-0.0004098360655737705,0.001639344262295082,-0.0004098360655737705,-0.0004098360655737705
6,0,Ransomware,0.0038461538461538464,-0.0009615384615384616,-0.0009615384615384616,-0.0009615384615384616,-0.0009615384615384616
6,0,SQL_injection,0.0,0.0,0.0,0.0,0.0
6,0,Uploading,-0.016958917689768874,0.006744445130079278,0.009774787380693229,0.0031358843685034155,0.003968476457705251
6,0,Vulnerability_scanner,0.001009288948266849,-0.0013069872311080514,0.00014634296114846753,0.0005767107514548582,-0.0004253554297621235
6,0,XSS,0.0,0.0,0.0,0.0,0.0
6,1,Backdoor,0.02178517487679175,-0.08568330087006483,0.004377995162973191,-0.01122580930433903,0.08903786560047741
6,1,DDoS_HTTP,0.009746627048411682,0.016524807749374905,0.007647353802794497,-0.0076307842543496774,0.0036824461206170908
6,1,DDoS_ICMP,-0.0002633356432407141,0.00011235613400068882,0.00015876734895493386,-0.00012014397371559737,0.00011235613400068882
6,1,DDoS_TCP,0.0008812081970035172,0.0026653402613389925,-0.0003926549249924286,-0.002251473440291189,0.002392299672974901
6,1,DDoS_UDP,-0.00031271807957822066,0.0001342207804858812,0.0001902808389178501,-0.0001460043203113918,0.0001342207804858812
6,1,Fingerprinting,0.0,0.0,0.0,0.0,0.0
6,1,MITM,0.5166666666666667,-0.23333333333333334,-0.48333333333333334,-0.23333333333333334,0.43333333333333335
6,1,Normal,0.00017496696269907094,-5.849208245980638e-05,-6.29187548961833e-05,-0.0004891163172235795,0.0008022803385685358
6,1,Password,0.00973050397834026,-0.014855584533924125,0.001715921524832248,0.004628379928312108,-0.0012192208975604884
6,1,Port_Scanning,0.0,0.0,0.0,0.0,0.0
6,1,Ransomware,0.009302325581395349,-0.002325581395348837,-0.002325581395348837,-0.002325581395348837,-0.002325581395348837
6,1,SQL_injection,0.0,0.0,0.0,0.0,0.0
6,1,Uploading,-0.01084719311736211,0.006970777784698928,0.011107344676370803,-0.005250982378148837,0.002320227697117529
6,1,Vulnerability_scanner,0.0015655614945892405,-0.002347435850689687,0.0002230575719661935,0.00081651973453169,-0.0002577029503974371
6,1,XSS,-3.4873583260680574e-05,2.324905550712038e-05,-0.00012205754141238201,-0.00018018018018018297,-3.4873583260680574e-05
6,2,Backdoor,0.01158608969483147,-0.05270640374392045,0.008555296058495539,-0.015393248379152347,0.06945623405091954
6,2,DDoS_HTTP,0.013467646382267339,0.04206558384119766,0.004386716233472752,0.009087363385349757,-0.025141598365956596
6,2,DDoS_ICMP,-0.000531878445766452,0.00020284541740557457,0.00024580056336201785,-0.00044294950268809844,0.0002674504805319074
6,2,DDoS_TCP,0.0002539299856557394,0.001451180109062165,0.0016426733538545605,-0.0007873696246469997,0.0008958485837435877
6,2,DDoS_UDP,-0.0007872209721010566,0.0002918576324416019,0.00035037821007828743,-0.000585335695282115,0.0003795667035024079
6,2,Fingerprinting,0.0,0.0,0.0,0.0,0.0
6,2,MITM,0.0,0.0,0.0,0.0,0.0
6,2,Normal,0.00010650496488018672,0.0003366493724218415,-0.0002481751255678843,-5.819452250037475e-05,0.00012074110601507834
6,2,Password,0.009844723948695818,-0.0119096790341853,0.00019455547491909348,0.0040164609674689464,-0.002146061356898557
6,2,Port_Scanning,0.0,0.0,0.0,0.0,0.0
6,2,Ransomware,0.0112,-0.0028,-0.0028,-0.0028,-0.0028
6,2,SQL_injection,0.0,0.0,0.0,0.0,0.0
6,2,Uploading,-0.019288292616213485,0.007344386258355706,0.013561038055161817,-0.0012619105081694301,0.003233515472604912
6,2,Vulnerability_scanner,0.0023089434169125344,-0.0025529784654649426,-7.373256679664523e-05,0.0009370399646894068,-0.0006192723493403533
6,2,XSS,-3.798567397438751e-05,-8.54677664423719e-05,9.496418493596878e-06,-8.54677664423719e-05,9.496418493596878e-06
6,3,Backdoor,0.014668785689895858,-0.07537408150768246,0.008600006511486756,-0.017979765953435194,0.09006055602749259
6,3,DDoS_HTTP,0.015685175054344584,0.046651556637350475,0.0025767083758943443,0.01612848486889925,-0.02750690070315315
6,3,DDoS_ICMP,-0.0005116167853418248,7.485421675524351e-05,0.00032598545767682877,-0.0004479647456615406,0.0003269951550669059
6,3,DDoS_TCP,0.0003223898512936455,0.002037310277547048,0.0025746895485879275,-0.0021241719755962026,0.0006654944510066207
6,3,DDoS_UDP,-0.0006222263187929881,8.999358407117964e-05,0.00040004202265983373,-0.0005537834311408678,0.00039985115710619394
6,3,Fingerprinting,0.0,0.0,0.0,0.0,0.0
6,3,MITM,-0.016666666666666666,-0.11666666666666654,-0.09999999999999991,-0.03333333333333332,0.06666666666666667
6,3,Normal,0.0003044049782115736,0.0005399955347816583,-0.00039844525076796107,2.6002630110588675e-05,7.728511964825343e-05
6,3,Password,0.00881325461484851,-0.00996899049732605,-2.07633609666921e-05,0.0024173101896480865,-0.0012408109462038552
6,3,Port_Scanning,-0.0003703703703703704,-0.0003703703703703704,0.0014814814814814816,-0.0003703703703703704,-0.0003703703703703704
6,3,Ransomware,0.0027397260273972603,-0.0006849315068493151,-0.0006849315068493151,-0.0006849315068493151,-0.0006849315068493151
6,3,SQL_injection,0.0,0.0,0.0,0.0,0.0
6,3,Uploading,-0.016800442484339553,0.008824692802011109,0.016000959053889395,-0.004345638021069021,0.0023802851916797313
6,3,Vulnerability_scanner,0.000884367860165064,-0.0007377098599065861,-9.318458476664978e-05,0.00017254670775035212,-0.00022602012324218028
6,3,XSS,0.0,0.0,0.0,0.0,0.0
6,4,Backdoor,0.01417262193903612,-0.08123351360544045,0.006664746728015028,-0.012632606595685466,0.0865720907292221
6,4,DDoS_HTTP,-0.016660698280298734,-0.019955686590956583,0.0274553654155254,-0.034125295220434684,0.061095273121928174
6,4,DDoS_ICMP,-0.00046660592967138944,0.00016943908107085274,0.00012405355473248206,-0.00020814325354125973,0.00038125654740931434
6,4,DDoS_TCP,0.00033015634827939416,0.0012334845412615054,0.0002725893958952508,-0.0009784253751753402,0.0015388397871628119
6,4,DDoS_UDP,-0.0008862866508452768,0.0003719821598835105,-0.00016768902136961398,-0.0002900230171470952,0.0009720165294784755
6,4,Fingerprinting,0.0,0.0,0.0,0.0,0.0
6,4,MITM,0.07934001081224128,-0.05996173096295148,-0.1352998374952525,-0.021395594773989193,0.11426750702988106
6,4,Normal,0.00014418280213413144,-8.192046020346991e-05,-0.00019473038533289743,-0.0005036806063225245,0.0007778852346787379
6,4,Password,0.014375140985056897,-0.014237240043907582,0.0007374603170316566,0.0015865164668860219,-0.0024618777250669964
6,4,Port_Scanning,0.0,0.0,0.0,0.0,0.0
6,4,Ransomware,0.007142857142857143,-0.0017857142857142857,-0.0017857142857142857,-0.0017857142857142857,-0.0017857142857142857
6,4,SQL_injection,0.0,0.0,0.0,0.0,0.0
6,4,Uploading,-0.0166288121218151,0.004895509635084013,0.006809724452524636,0.0010863705851004587,0.0038372074491059855
6,4,Vulnerability_scanner,0.000925998364410006,-0.0008799531062552231,4.6502577605966875e-06,2.0832979494855853e-05,-7.152849541023539e-05
6,4,XSS,-0.00011613137361640297,-0.00026129559063690666,2.9032843404100742e-05,-0.00026129559063690666,2.9032843404100742e-05
6,Aggregated,Backdoor,0.01578482442211121,-0.07317030297493539,0.006824046254696547,-0.015187502659388038,0.08448857011506124
6,Aggregated,DDoS_HTTP,0.012108970287654612,0.03163758396072979,0.0054698742437809,0.007521389743619133,-0.01435058756621246
6,Aggregated,DDoS_ICMP,-0.00042823801987162214,0.00013330338599879717,0.0001856249526005475,-0.0002493012177324061,0.00026858569194665265
6,Aggregated,DDoS_TCP,0.00048163003807832525,0.0019413135818786066,0.000912320599915802,-0.0015772243903425928,0.0015246536061829389
6,Aggregated,DDoS_UDP,-0.0006139528295362333,0.00019909405978444188,0.00019390936462322558,-0.00033205481485243935,0.00042426266864531805
6,Aggregated,Fingerprinting,0.0,0.0,0.0,0.0,0.0
6,Aggregated,MITM,0.07202810437671911,-0.07146948600201102,-0.13687024423822713,-0.031444741869535005,0.11161601685586105
6,Aggregated,Normal,0.00017836967971482932,0.00018818070947715926,-0.00022239197196070778,-0.00026838696578407686,0.00044498641470972487
6,Aggregated,Password,0.00988867852036123,-0.012555525149318066,0.0008783381595223877,0.003509958225460738,-0.0017214497560262881
6,Aggregated,Port_Scanning,-0.00012953367875647668,-0.00012953367875647668,0.0005181347150259067,-0.00012953367875647668,-0.00012953367875647668
6,Aggregated,Ransomware,0.007449856733524355,-0.0018624641833810888,-0.0018624641833810888,-0.0018624641833810888,-0.0018624641833810888
6,Aggregated,SQL_injection,0.0,0.0,0.0,0.0,0.0
6,Aggregated,Uploading,-0.016287578541712498,0.007094657574975267,0.01176363544302328,-0.0013290262923782588,0.0031311126953215023
6,Aggregated,Vulnerability_scanner,0.0013023738632030675,-0.0015152080845049968,4.2520309061524114e-05,0.00044749237526687434,-0.00027717846302646916
6,Aggregated,XSS,-3.65764541633895e-05,-6.705677797952254e-05,-1.0412306469086141e-05,-9.764416772509027e-05,2.5896728810828607e-06
6,Centralized,Backdoor,0.01578482442211121,-0.07317030297493539,0.006824046254696547,-0.015187502659388038,0.08448857011506124
6,Centralized,DDoS_HTTP,0.012108970287654612,0.03163758396072979,0.0054698742437809,0.007521389743619133,-0.01435058756621246
6,Centralized,DDoS_ICMP,-0.00042823801987162214,0.00013330338599879717,0.0001856249526005475,-0.0002493012177324061,0.00026858569194665265
6,Centralized,DDoS_TCP,0.00048163003807832525,0.0019413135818786066,0.000912320599915802,-0.0015772243903425928,0.0015246536061829389
6,Centralized,DDoS_UDP,-0.0006139528295362333,0.00019909405978444188,0.00019390936462322558,-0.00033205481485243935,0.00042426266864531805
6,Centralized,Fingerprinting,0.0,0.0,0.0,0.0,0.0
6,Centralized,MITM,0.07202810437671911,-0.07146948600201102,-0.13687024423822713,-0.031444741869535005,0.11161601685586105
6,Centralized,Normal,0.00017836967971482932,0.00018818070947715926,-0.00022239197196070778,-0.00026838696578407686,0.00044498641470972487
6,Centralized,Password,0.00988867852036123,-0.012555525149318066,0.0008783381595223877,0.003509958225460738,-0.0017214497560262881
6,Centralized,Port_Scanning,-0.00012953367875647668,-0.00012953367875647668,0.0005181347150259067,-0.00012953367875647668,-0.00012953367875647668
6,Centralized,Ransomware,0.007449856733524355,-0.0018624641833810888,-0.0018624641833810888,-0.0018624641833810888,-0.0018624641833810888
6,Centralized,SQL_injection,0.0,0.0,0.0,0.0,0.0
6,Centralized,Uploading,-0.016287578541712498,0.007094657574975267,0.01176363544302328,-0.0013290262923782588,0.0031311126953215023
6,Centralized,Vulnerability_scanner,0.0013023738632030675,-0.0015152080845049968,4.2520309061524114e-05,0.00044749237526687434,-0.00027717846302646916
6,Centralized,XSS,-3.65764541633895e-05,-6.705677797952254e-05,-1.0412306469086141e-05,-9.764416772509027e-05,2.5896728810828607e-06
7,0,Backdoor,0.010662858328621013,-0.01598331843257118,0.013780865350552708,-0.026871338406590985,0.017288803723662698
7,0,DDoS_HTTP,0.009220227098917648,-0.041451146424142,-0.020849741796994406,0.03700956870355846,-0.032791149107163534
7,0,DDoS_ICMP,0.00036107826443473325,0.00037706116203894415,0.000478370342161392,0.00042803163880100195,-0.0014422357098223685
7,0,DDoS_TCP,-0.041377004891538054,0.013218218722989923,0.0045020205080254765,0.011790476912824411,0.012452759816469768
7,0,DDoS_UDP,0.0005273030746555589,0.0005521975350136784,0.0006973212501102499,0.000624555200261706,-0.0021109326801399706
7,0,Fingerprinting,0.0,0.0,0.0,0.0,0.0
7,0,MITM,0.2833333333333333,0.03333333333333333,-0.38333333333333336,-0.4666666666666667,0.5333333333333333
7,0,Normal,6.796987683165649e-05,-0.00027364535311037995,-0.00020983510183921194,-1.22336367601709e-05,0.00020650044090285148
7,0,Password,0.039055172013961116,0.03605996755493948,-0.05025875010568327,0.03930885079188849,0.006084294607822493
7,0,Port_Scanning,0.07279915257443346,-0.021476941701660802,-0.008368327469451065,-0.021476941701660802,-0.021476941701660802
7,0,Ransomware,-0.01721311475409836,-0.01721311475409836,-0.01721311475409836,0.06885245901639345,-0.01721311475409836
7,0,SQL_injection,0.0,0.0,0.0,0.0,0.0
7,0,Uploading,0.003666989212968471,0.0022461620468768382,-0.0028775606689688035,0.0023220837777281457,-0.0020429991129681507
7,0,Vulnerability_scanner,0.007927346083300731,0.007291344838073516,-0.010069688107054081,0.007899251455228195,0.0014991595235550623
7,0,XSS,0.0,0.0,0.0,0.0,0.0
7,1,Backdoor,0.004793697778509313,-0.016183848459869265,0.01781259559832356,-0.0264437824668454,0.018000493625123248
7,1,DDoS_HTTP,0.006275799363345858,-0.027998612303138846,-0.008547614540437863,0.021707013745524074,-0.018579329840185576
7,1,DDoS_ICMP,0.00040394585718864413,0.0008418503527849285,0.0007742657670984014,0.0006817282492784256,-0.0027017902263503997
7,1,DDoS_TCP,-0.037388896290228665,0.011801775599010068,0.004177858506749499,0.010221792097198368,0.01118747008727073
7,1,DDoS_UDP,0.0004771955632357901,0.000731601851944665,0.0007026285287213403,0.0005902436463933958,-0.0025016695902951914
7,1,Fingerprinting,0.0,0.0,0.0,0.0,0.0
7,1,MITM,-0.2,-0.2,-0.2,-0.2,0.8
7,1,Normal,0.00018995161593271526,-0.00046267211003926206,7.699636979426512e-05,-0.0002031939921250577,0.00029512864253312493
7,1,Password,0.04157873464939685,0.03287355412026454,-0.045811713771288745,0.03850949910871071,0.005804471347462109
7,1,Port_Scanning,0.08553599121608355,-0.02259995111141388,-0.017736137881841897,-0.02259995111141388,-0.02259995111141388
7,1,Ransomware,-0.015533980582524271,-0.015533980582524271,-0.015533980582524271,0.062135922330097085,-0.015533980582524271
7,1,SQL_injection,0.0,0.0,0.0,0.0,0.0
7,1,Uploading,0.006108812678261678,0.005125347685329577,-0.0058630808372387485,0.0026858974814018646,-0.003776172501216235
7,1,Vulnerability_scanner,0.007782371282224478,0.00611132587099996,-0.008784483041801561,0.0071114192012697326,0.0012987272933926634
7,1,XSS,0.0001453065969195024,0.0001453065969195024,8.718395815170144e-05,-2.906131938390048e-05,0.0
7,2,Backdoor,0.006638277411681239,-0.011801736946703225,0.009013836322060315,-0.01371319807232326,0.007281256508598186
7,2,DDoS_HTTP,0.020067815651685007,-0.037891636890495316,-0.019832119186492973,0.04040340896264865,-0.03454037361884107
7,2,DDoS_ICMP,0.00047847794953103653,0.0004982731273715457,0.0006713724579873496,0.0005213447194324687,-0.00191073676716735
7,2,DDoS_TCP,-0.05052564260405439,0.014461978134194316,0.008348112299507299,0.014135899465338435,0.013579652705014343
7,2,DDoS_UDP,0.0006609879152021085,0.0006918825993960912,0.0009250828230060163,0.0007196736222287521,-0.0026468728384720936
7,2,Fingerprinting,0.0,0.0,0.0,0.0,0.0
7,2,MITM,0.0,0.0,0.0,0.0,0.0
7,2,Normal,4.72735724467969e-05,-0.00023671716977028968,-0.0003015836051771729,0.00026498149351406784,5.300617683728729e-05
7,2,Password,0.040377739262823696,0.03761117347625413,-0.054127500229252466,0.04123066347725788,0.00487228382904232
7,2,Port_Scanning,0.04989126136812969,-0.015945037564254645,-0.002056148675365756,-0.015945037564254645,-0.015945037564254645
7,2,Ransomware,-0.019112627986348125,-0.019112627986348125,-0.019112627986348125,0.0764505119453925,-0.019112627986348125
7,2,SQL_injection,0.0,0.0,0.0,0.0,0.0
7,2,Uploading,0.006591313831927238,0.00428128141942846,-0.008323697614039711,0.0007522517208845701,-0.0035502281330260003
7,2,Vulnerability_scanner,0.010858676249068906,0.01010037751157719,-0.015075640263278468,0.010844430662384037,0.0017930475309648178
7,2,XSS,0.0001012951305983667,8.54677664423719e-05,2.2158309818392716e-05,-4.115114680558647e-05,2.2158309818392716e-05
7,3,Backdoor,0.0020903871469188985,-0.010492370590230393,0.011218715533823894,-0.02237860152472515,0.013914659615768358
7,3,DDoS_HTTP,0.00765207888783778,-0.049243793424340286,-0.022462662348367978,0.04479270319916278,-0.036716235448347616
7,3,DDoS_ICMP,0.00040234010967110103,0.0005162585191308725,0.000633736720697862,0.0005175382984535552,-0.0018365044477133053
7,3,DDoS_TCP,-0.04093539858429655,0.013157231299716288,0.0067371547782963575,0.012755562966193049,0.011425647636034328
7,3,DDoS_UDP,0.000506605243297172,0.0006503355628964073,0.0007930698828182517,0.0006499263241328638,-0.0023139776661860643
7,3,Fingerprinting,0.0,0.0,0.0,0.0,0.0
7,3,MITM,0.09333333333333331,0.009999999999999998,-0.006666666666666665,0.009999999999999998,0.09333333333333331
7,3,Normal,6.461722128005739e-06,-0.00043180091863993705,-0.0003752075184384696,0.0002817216383729097,-8.219592576977723e-05
7,3,Password,0.033240758912247564,0.02618202488508759,-0.03812563725543174,0.026692685274405766,0.009107135209226281
7,3,Port_Scanning,0.061688455004131816,-0.019960067546412493,-0.0018082523648943398,-0.019960067546412493,-0.019960067546412493
7,3,Ransomware,-0.02422680412371134,-0.02422680412371134,-0.02422680412371134,0.09690721649484536,-0.02422680412371134
7,3,SQL_injection,0.0,0.0,0.0,0.0,0.0
7,3,Uploading,0.007940936908706623,0.0042080537319946435,-0.00287447441010245,0.0036243738532460985,-0.0012993784843333333
7,3,Vulnerability_scanner,0.00377081492308482,0.0029655747551603643,-0.004370487786372431,0.0030065312438909845,0.0010487997409486306
7,3,XSS,0.0,0.0,0.0,0.0,0.0
7,4,Backdoor,0.00025442447977759114,-0.002967532717004655,0.013626900140540533,-0.029080832264681198,0.021205123373776877
7,4,DDoS_HTTP,-0.02026592584106808,-0.00225152412876428,-0.005287212405608439,-0.01240958139461155,-0.010842796517143538
7,4,DDoS_ICMP,0.00047121068107935373,0.00039339338382774294,0.0006212439966616486,0.0005009837379860567,-0.0016238570952645489
7,4,DDoS_TCP,-0.04400817795217284,0.012022606699250777,0.00732411859846952,0.011516750160347778,0.012229646050683945
7,4,DDoS_UDP,0.0009102618775448046,-0.00022761302130148154,0.0001906145666560925,0.000730149252828451,-0.0008824354357159003
7,4,Fingerprinting,0.0,0.0,0.0,0.0,0.0
7,4,MITM,0.014449531982812559,-0.03398024724562027,-0.11445805747719247,-0.0227104247915873,0.17974884292165821
7,4,Normal,0.00011176118593697974,-0.00030323415705550786,2.9242388788749037e-05,-0.0002874126809177128,0.0004496432632474919
7,4,Password,0.0438526250327688,0.030946361415907606,-0.04563352241087974,0.02856996149488759,0.013423994757170711
7,4,Port_Scanning,0.07613463590290745,-0.02141137636703121,-0.011900506801813818,-0.02141137636703121,-0.02141137636703121
7,4,Ransomware,-0.022900763358778626,-0.022900763358778626,-0.022900763358778626,0.0916030534351145,-0.022900763358778626
7,4,SQL_injection,0.0,0.0,0.0,0.0,0.0
7,4,Uploading,0.0037276133457949897,0.0013879612168013155,-0.003494420202317584,0.0011528887034192381,-0.002774043063697955
7,4,Vulnerability_scanner,0.0034060738234856446,0.002366190408754376,-0.0036454934065348944,0.001833055778090059,0.001173967921481328
7,4,XSS,0.0003096836629770746,0.00026129559063690666,6.774330127623506e-05,-0.00012580898808443655,6.774330127623506e-05
7,Aggregated,Backdoor,0.004913071971422601,-0.01152948375600736,0.012839391892267248,-0.023071155224276906,0.015007148308949428
7,Aggregated,DDoS_HTTP,0.010158956007655994,-0.03830825891291964,-0.01760349989819767,0.034334011173801054,-0.030396129993026367
7,Aggregated,DDoS_ICMP,0.0004239085099722798,0.0005042393780080423,0.000625394249388439,0.0005207902655332848,-0.001848692066864266
7,Aggregated,DDoS_TCP,-0.04267432480385366,0.012833270457419348,0.006211364369764858,0.012011868648902484,0.012118571969411027
7,Aggregated,DDoS_UDP,0.0006058652886316647,0.0004948690651476721,0.0006711502265119092,0.0006599923370191589,-0.0021101888362040746
7,Aggregated,Fingerprinting,0.0,0.0,0.0,0.0,0.0
7,Aggregated,MITM,0.02420745213325232,-0.031124968753479868,-0.10516309260921476,-0.03150719217683145,0.18164905623826919
7,Aggregated,Normal,8.470775569217233e-05,-0.0003419099164150674,-0.00015723528765353804,1.150614652356367e-05,0.00018207756043697547
7,Aggregated,Password,0.040126848826263,0.03377138659959233,-0.048173445105843204,0.03643674312626653,0.007234639944788833
7,Aggregated,Port_Scanning,0.07148189398272177,-0.020568315222299148,-0.009776948315824327,-0.020568315222299148,-0.020568315222299148
7,Aggregated,Ransomware,-0.020166073546856463,-0.020166073546856463,-0.020166073546856463,0.08066429418742585,-0.020166073546856463
7,Aggregated,SQL_injection,0.0,0.0,0.0,0.0,0.0
7,Aggregated,Uploading,0.005717354517004087,0.003481429823678217,-0.004588510234994286,0.0021872405367367076,-0.002586556688918759
7,Aggregated,Vulnerability_scanner,0.006296276869999792,0.005282008088486166,-0.007711645450660537,0.005537936171630303,0.001325750143436294
7,Aggregated,XSS,0.00010546668107570545,9.238457990187465e-05,3.134364648587212e-05,-3.835636466612974e-05,1.82614906586831e-05
7,Centralized,Backdoor,0.004913071971422601,-0.01152948375600736,0.012839391892267248,-0.023071155224276906,0.015007148308949428
7,Centralized,DDoS_HTTP,0.010158956007655994,-0.03830825891291964,-0.01760349989819767,0.034334011173801054,-0.030396129993026367
7,Centralized,DDoS_ICMP,0.0004239085099722798,0.0005042393780080423,0.000625394249388439,0.0005207902655332848,-0.001848692066864266
7,Centralized,DDoS_TCP,-0.04267432480385366,0.012833270457419348,0.006211364369764858,0.012011868648902484,0.012118571969411027
7,Centralized,DDoS_UDP,0.0006058652886316647,0.0004948690651476721,0.0006711502265119092,0.0006599923370191589,-0.0021101888362040746
7,Centralized,Fingerprinting,0.0,0.0,0.0,0.0,0.0
7,Centralized,MITM,0.02420745213325232,-0.031124968753479868,-0.10516309260921476,-0.03150719217683145,0.18164905623826919
7,Centralized,Normal,8.470775569217233e-05,-0.0003419099164150674,-0.00015723528765353804,1.150614652356367e-05,0.00018207756043697547
7,Centralized,Password,0.040126848826263,0.03377138659959233,-0.048173445105843204,0.03643674312626653,0.007234639944788833
7,Centralized,Port_Scanning,0.07148189398272177,-0.020568315222299148,-0.009776948315824327,-0.020568315222299148,-0.020568315222299148
7,Centralized,Ransomware,-0.020166073546856463,-0.020166073546856463,-0.020166073546856463,0.08066429418742585,-0.020166073546856463
7,Centralized,SQL_injection,0.0,0.0,0.0,0.0,0.0
7,Centralized,Uploading,0.005717354517004087,0.003481429823678217,-0.004588510234994286,0.0021872405367367076,-0.002586556688918759
7,Centralized,Vulnerability_scanner,0.006296276869999792,0.005282008088486166,-0.007711645450660537,0.005537936171630303,0.001325750143436294
7,Centralized,XSS,0.00010546668107570545,9.238457990187465e-05,3.134364648587212e-05,-3.835636466612974e-05,1.82614906586831e-05
8,0,Backdoor,-0.008202965086611736,0.03612010897066291,0.012634047591395572,-0.04506107518973654,-0.0064595040408122455
8,0,DDoS_HTTP,0.023911680503365864,0.0022075953921318514,-0.015526859576388661,0.041176000109530944,-0.02332414398281958
8,0,DDoS_ICMP,3.2168393382307297e-06,3.711796202579739e-05,0.00010436968814508211,-6.360685325601337e-05,-8.109763625309685e-05
8,0,DDoS_TCP,0.005801334480749337,0.03965370633685172,-0.04539489142271816,0.039800010482269436,-0.03917270754903993
8,0,DDoS_UDP,4.891420651733276e-06,5.325661381747985e-05,0.0001501136106023445,-9.217674081959022e-05,-0.00011608490425196738
8,0,Fingerprinting,0.0,0.0,0.0,0.0,0.0
8,0,MITM,0.3333333333333333,0.3333333333333333,0.08333333333333333,-0.25,0.5
8,0,Normal,0.0003425300104187475,0.0002729100176784109,-0.00037935380954427317,3.63830521302085e-05,-5.122549670783886e-05
8,0,Password,0.006516450650800076,0.006516450650800076,-0.002179962511250755,0.006516450650800076,0.006516450650800076
8,0,Port_Scanning,0.00465954633588094,-0.086137213133646,0.0846212254771165,-0.086137213133646,0.0829936544542946
8,0,Ransomware,-0.021482758620689657,-0.021482758620689657,-0.021482758620689657,0.06843103448275863,-0.003982758620689657
8,0,SQL_injection,0.0,0.0,0.0,0.0,0.0
8,0,Uploading,-0.0014939546985510642,0.00044352392309462605,0.00017122947985260262,0.001280039287589169,-0.003715513247621834
8,0,Vulnerability_scanner,0.0012194146000441442,0.0012194146000441442,-0.0004731308411215052,0.0012194146000441442,0.0012194146000441442
8,0,XSS,0.0,0.0,0.0,0.0,0.0
8,1,Backdoor,-0.02069145644905581,0.03914583793466139,0.021347688823186953,-0.04931346066867649,0.00850635252874306
8,1,DDoS_HTTP,0.02427601452103269,-0.004596157081238686,-0.008247512548261025,0.02583096678813371,-0.018338963416871672
8,1,DDoS_ICMP,7.887051120919289e-05,-6.0324187179440954e-05,0.00012526874400540418,-0.0002690838120405603,0.00012526874400540418
8,1,DDoS_TCP,0.001943244487580531,0.023444403722806297,-0.027154577035149233,0.024093429803630224,-0.01944382563761719
8,1,DDoS_UDP,9.534358086429514e-05,-7.289314459144417e-05,0.00015142248934954156,-0.0003252954149719341,0.00015142248934954156
8,1,Fingerprinting,0.0,0.0,0.0,0.0,0.0
8,1,MITM,0.03333333333333333,0.03333333333333333,0.11666666666666667,-0.3,0.11666666666666667
8,1,Normal,0.0003398983617007523,0.00021650586897355994,-0.0003470834594274256,-0.00020626213292803858,0.00014177943404302673
8,1,Password,0.006486814690425105,0.006486814690425105,-0.0028299748110831246,0.006486814690425105,0.006486814690425105
8,1,Port_Scanning,-0.01191582000330646,-0.11834577061349622,0.11564260841515739,-0.11834577061349622,0.1329647528151415
8,1,Ransomware,-0.018590934560146273,-0.018590934560146273,-0.018590934560146273,0.0593824648323454,-0.0036096611519065734
8,1,SQL_injection,0.0,0.0,0.0,0.0,0.0
8,1,Uploading,-0.002567171475597175,0.00207362774550608,-6.196461505901761e-05,0.001723318109010057,-0.005448614270398085
8,1,Vulnerability_scanner,0.0012511700748236395,0.0013284199782612619,-0.0005096041458053775,0.0012511700748236395,0.0012897950265424508
8,1,XSS,0.0,0.0,0.0,0.0,0.0
8,2,Backdoor,-0.003015588937973255,0.026680097957465128,0.006656996721719821,-0.026853788500234472,-0.010049211627349619
8,2,DDoS_HTTP,0.03113987024925399,-0.007864386689802947,-0.017300870160599814,0.0438146265121795,-0.035304823442371486
8,2,DDoS_ICMP,0.00015899113655381178,-1.269637325873596e-05,0.00020201306050394532,-0.00031315003554468107,-3.515778825434005e-05
8,2,DDoS_TCP,0.005043662555363552,0.041819498319368334,-0.04772913451104107,0.04341293060652029,-0.043658956570391046
8,2,DDoS_UDP,0.0002165696167061526,-1.7636068122482233e-05,0.0002750902592159728,-0.0004277122467981213,-4.6311561001521893e-05
8,2,Fingerprinting,0.0,0.0,0.0,0.0,0.0
8,2,MITM,0.0,0.0,0.0,0.0,0.0
8,2,Normal,0.0003304567851188304,0.00023523654889925176,-0.0005425159610027781,0.0002259816811748731,-7.61195220408665e-05
8,2,Password,0.00885129888498026,0.00885129888498026,-0.002262390232671657,0.00885129888498026,0.00885129888498026
8,2,Port_Scanning,-0.001169860591160088,-0.0762465931934441,0.07568225117803908,-0.0762465931934441,0.07798079580000916
8,2,Ransomware,-0.026973180076628352,-0.026973180076628352,-0.026973180076628352,0.08490421455938697,-0.003984674329501917
8,2,SQL_injection,0.0,0.0,0.0,0.0,0.0
8,2,Uploading,-0.0007065271960658726,0.001090148255786583,0.0013696033158056193,0.0022045177875341364,-0.003708663388235026
8,2,Vulnerability_scanner,0.0025601238572670994,0.002695188233059265,-0.0006751311713143638,0.002515102398669711,0.002515102398669711
8,2,XSS,6.330945662397919e-06,6.330945662397919e-06,-9.496418493596878e-06,-9.496418493596878e-06,6.330945662397919e-06
8,3,Backdoor,-0.015822384167439862,0.03846046955368124,0.0207651645496826,-0.04166295128930361,-0.0017402986466204316
8,3,DDoS_HTTP,0.03594780733329426,-0.009126189087534643,-0.016211216558156143,0.0510407586850205,-0.02514276641196372
8,3,DDoS_ICMP,0.00010751866464515832,-8.458702185305903e-05,0.0003015964776351724,-0.00047058955246153853,-8.730776820581876e-05
8,3,DDoS_TCP,0.004164915395311153,0.03993578944607564,-0.045294455034041545,0.04135311023674089,-0.04382048698805911
8,3,DDoS_UDP,0.00013383007220391652,-0.0001051930723079723,0.0003721568050528201,-0.0005824336071564518,-0.00010431954475094337
8,3,Fingerprinting,0.0,0.0,0.0,0.0,0.0
8,3,MITM,0.016666666666666663,0.016666666666666663,0.0,-0.04999999999999998,0.016666666666666663
8,3,Normal,0.0004404746143156409,7.840316667785212e-05,-0.0004132534609784892,0.0003070884135450147,3.5482486549729776e-05
8,3,Password,0.005039747562512722,0.005039747562512722,-0.0018569248805547223,0.005039747562512722,0.005039747562512722
8,3,Port_Scanning,0.0001253178547300097,-0.09162959800136423,0.08911628731920547,-0.09162959800136423,0.09401759082879299
8,3,Ransomware,-0.03055762320918222,-0.03055762320918222,-0.03055762320918222,0.0978275852562512,-0.006154715628704547
8,3,SQL_injection,0.0,0.0,0.0,0.0,0.0
8,3,Uploading,-0.004341170405661067,-0.001557578742721534,-0.00039966032869594045,0.0025664939911488114,-0.007867596113581848
8,3,Vulnerability_scanner,0.0005948592709316303,0.0005948592709316303,-0.00021550512527408473,0.0005948592709316303,0.0005948592709316303
8,3,XSS,0.0,0.0,0.0,0.0,0.0
8,4,Backdoor,-0.03120175117928426,0.04639899527060321,0.03048044966572,-0.06022050586399221,0.009415258924480118
8,4,DDoS_HTTP,0.005657383364976777,0.03471588035911801,0.013962863197135486,-0.015767881376711403,-0.010976272300371735
8,4,DDoS_ICMP,-0.00010004465160966536,3.6581731446764615e-05,0.00017212626636538923,-6.891710251053692e-05,-0.0004027209479822047
8,4,DDoS_TCP,0.005642466298759001,0.03498828978826631,-0.04096421693363546,0.0361966979497297,-0.03438519119999298
8,4,DDoS_UDP,-0.00014378101222720652,0.00012546438503943102,0.00012679188516840172,-8.563711610286388e-05,-0.0007438153818897286
8,4,Fingerprinting,0.0,0.0,0.0,0.0,0.0
8,4,MITM,0.014487489941473121,0.012197144627871987,0.0027182013104823637,-0.052097396528371295,0.02269456064854382
8,4,Normal,0.00024828593944540287,0.0002694321963059354,-0.00023293957990162725,-0.00024246976399776207,5.0081485371126595e-05
8,4,Password,0.006386972109051727,0.00650760008061883,-0.003277171125747602,0.00650760008061883,0.00650760008061883
8,4,Port_Scanning,-0.002438439908210848,-0.09665862527053933,0.0953700780488162,-0.09665862527053933,0.10038561240047326
8,4,Ransomware,-0.028767476322401904,-0.028767476322401907,-0.028767476322401907,0.08833193737516913,-0.002029508407963404
8,4,SQL_injection,0.0,0.0,0.0,0.0,0.0
8,4,Uploading,-8.897003985407215e-06,0.002147277688442618,-8.897003985407215e-06,-8.897003985407215e-06,-0.002120586676486396
8,4,Vulnerability_scanner,0.00040873973600025204,0.0007548019264586037,-0.00029162837556989674,0.0005640039410045317,0.0005640039410045317
8,4,XSS,1.9355228936067163e-05,1.9355228936067163e-05,-2.9032843404100742e-05,-2.9032843404100742e-05,1.9355228936067163e-05
8,Aggregated,Backdoor,-0.01591746763661391,0.03725496017719288,0.01832672819458138,-0.043866219014484176,-0.0004296817094383463
8,Aggregated,DDoS_HTTP,0.028166817055800007,-0.003222229666781491,-0.01315510568098578,0.038457201288397205,-0.02542828105938393
8,Aggregated,DDoS_ICMP,3.707022422667257e-05,-1.0933335249024845e-05,0.00017982689326726716,-0.00022031341279439288,-0.00012102238417954029
8,Aggregated,DDoS_TCP,0.004449917586022088,0.035542460305636375,-0.040878522625696675,0.036564145241417406,-0.03557759866003345
8,Aggregated,DDoS_UDP,6.353254424472654e-05,-6.6248767668475315e-06,0.00021907661112834375,-0.0003075322548137823,-0.00016148972442927382
8,Aggregated,Fingerprinting,0.0,0.0,0.0,0.0,0.0
8,Aggregated,MITM,0.02034088627643189,0.01847738755758727,0.006491447865589957,-0.058954646477819624,0.03172402082340826
8,Aggregated,Normal,0.0003409573190569578,0.00021414719689547742,-0.00038472245980791054,2.619980632845113e-05,1.9843686179334594e-05
8,Aggregated,Password,0.006991850650283187,0.0070113461171494845,-0.00249651295016491,0.0070113461171494845,0.0070113461171494845
8,Aggregated,Port_Scanning,-0.003220996606334933,-0.09641500004220496,0.09460674316752993,-0.09641500004220495,0.10144425352321493
8,Aggregated,Ransomware,-0.026136587638657414,-0.026136587638657414,-0.026136587638657414,0.08261652599322616,-0.004206763077253911
8,Aggregated,SQL_injection,0.0,0.0,0.0,0.0,0.0
8,Aggregated,Uploading,-0.0019574600892648514,0.0006513735534438218,0.00020325421352292567,0.0016367870323180757,-0.004744912663525942
8,Aggregated,Vulnerability_scanner,0.001092151189033084,0.0012440668671774976,-0.0004142620814355754,0.0011379796604569724,0.0011455587990794177
8,Aggregated,XSS,5.232840469532318e-06,5.232840469532318e-06,-7.849260704298477e-06,-7.849260704298477e-06,5.232840469532318e-06
8,Centralized,Backdoor,-0.01591746763661391,0.03725496017719288,0.01832672819458138,-0.043866219014484176,-0.0004296817094383463
8,Centralized,DDoS_HTTP,0.028166817055800007,-0.003222229666781491,-0.01315510568098578,0.038457201288397205,-0.02542828105938393
8,Centralized,DDoS_ICMP,3.707022422667257e-05,-1.0933335249024845e-05,0.00017982689326726716,-0.00022031341279439288,-0.00012102238417954029
8,Centralized,DDoS_TCP,0.004449917586022088,0.035542460305636375,-0.040878522625696675,0.036564145241417406,-0.03557759866003345
8,Centralized,DDoS_UDP,6.353254424472654e-05,-6.6248767668475315e-06,0.00021907661112834375,-0.0003075322548137823,-0.00016148972442927382
8,Centralized,Fingerprinting,0.0,0.0,0.0,0.0,0.0
8,Centralized,MITM,0.02034088627643189,0.01847738755758727,0.006491447865589957,-0.058954646477819624,0.03172402082340826
8,Centralized,Normal,0.0003409573190569578,0.00021414719689547742,-0.00038472245980791054,2.619980632845113e-05,1.9843686179334594e-05
8,Centralized,Password,0.006991850650283187,0.0070113461171494845,-0.00249651295016491,0.0070113461171494845,0.0070113461171494845
8,Centralized,Port_Scanning,-0.003220996606334933,-0.09641500004220496,0.09460674316752993,-0.09641500004220495,0.10144425352321493
8,Centralized,Ransomware,-0.026136587638657414,-0.026136587638657414,-0.026136587638657414,0.08261652599322616,-0.004206763077253911
8,Centralized,SQL_injection,0.0,0.0,0.0,0.0,0.0
8,Centralized,Uploading,-0.0019574600892648514,0.0006513735534438218,0.00020325421352292567,0.0016367870323180757,-0.004744912663525942
8,Centralized,Vulnerability_scanner,0.001092151189033084,0.0012440668671774976,-0.0004142620814355754,0.0011379796604569724,0.0011455587990794177
8,Centralized,XSS,5.232840469532318e-06,5.232840469532318e-06,-7.849260704298477e-06,-7.849260704298477e-06,5.232840469532318e-06
9,0,Backdoor,0.00013062334346002346,-0.0027235675194897226,0.005910289631803186,0.0062172231368384035,0.0017499452129103106
9,0,DDoS_HTTP,-0.0034778706592856422,0.013968524643542365,0.006751835539578625,0.026555022762473617,-0.04808907729153727
9,0,DDoS_ICMP,-0.001795018509188199,0.0004868688699434354,0.00018426639049313743,0.00035148165243108854,0.0003693396297824836
9,0,DDoS_TCP,0.016480151345519157,0.00299664099340895,-0.041741455582331895,0.01441440623190942,0.009611234980316064
9,0,DDoS_UDP,-0.0008883858371703875,0.00030164627518469895,0.00020478935213907127,0.00039927708928023665,-0.0005987222282707853
9,0,Fingerprinting,0.06467391304347826,-0.021376811594202898,-0.0005434782608695649,-0.021376811594202898,-0.021376811594202898
9,0,MITM,0.16041666666666668,0.16041666666666668,-0.08958333333333333,-0.25625,0.025
9,0,Normal,5.006464574844327e-05,6.54329246939737e-05,0.0001477895529161203,0.00018604906121510076,-0.0002884771972776294
9,0,Password,0.004896825222344992,0.004328185189657786,0.004990324068529445,-0.019205658549061665,0.004990324068529445
9,0,Port_Scanning,-0.03786351499848953,-0.009687013137777145,0.09926322121568301,-0.03786351499848953,-0.013849178080926809
9,0,Ransomware,0.0,0.0,0.0,0.0,0.0
9,0,SQL_injection,0.0,0.0,0.0,0.0,0.0
9,0,Uploading,0.0017277984066455003,-0.002036794758576359,0.0017850399225246031,0.00613869861100839,-0.0012268573504915755
9,0,Vulnerability_scanner,0.0005875267909506858,0.000924999452013886,0.0010749954315030933,-0.003812985886025738,0.001225464211558073
9,0,XSS,0.0,0.0,0.0,0.0,0.0
9,1,Backdoor,-0.0076044604701522595,0.0009342010029533166,0.0014208087077831868,0.0030540189736591524,-0.0019215436012010516
9,1,DDoS_HTTP,0.00034416486528935085,0.007155560137961138,0.006594461207092491,0.022361190410851783,-0.03680173531252673
9,1,DDoS_ICMP,-0.002163643785576952,0.00046589012001623057,0.00021008115503587944,0.0006736595386255225,0.000257234178344784
9,1,DDoS_TCP,0.009015975847803928,0.0015691920141757225,-0.021178652018910515,0.0055845271913315215,0.006238969265722326
9,1,DDoS_UDP,-0.0008468895171094874,0.0002492720339169622,0.0003629990835082086,0.0007842979083679499,-0.0012226264105065906
9,1,Fingerprinting,0.04135831381733021,-0.013911007025761124,0.0003747072599531623,-0.013911007025761124,-0.013911007025761124
9,1,MITM,-0.15384615384615383,0.09615384615384616,0.09615384615384616,0.09615384615384616,-0.1346153846153846
9,1,Normal,-7.722366248596087e-05,2.9249778601969645e-06,0.00014769185794000217,0.00013982621807409612,-0.000249473246212865
9,1,Password,0.004958563386685137,0.004478388962643119,0.005051308019659656,-0.01953956838864757,0.005051308019659656
9,1,Port_Scanning,-0.054962610391473925,-0.012966562960643892,0.14556272746839902,-0.05496261039147394,-0.022670943724807262
9,1,Ransomware,0.0,0.0,0.0,0.0,0.0
9,1,SQL_injection,0.0,0.0,0.0,0.0,0.0
9,1,Uploading,0.003165362712583862,-0.001759045676139586,0.0030832529934947885,0.007831943944791543,0.00046331024658960023
9,1,Vulnerability_scanner,0.00046538441996230213,0.0008910646649094874,0.0010066714463697816,-0.0038346379973672904,0.0014715174661257195
9,1,XSS,0.0,0.0,0.0,0.0,0.0
9,2,Backdoor,0.0031861139338533444,-0.008683941048326123,0.001374503246588187,0.002727731074421839,0.001420989618859575
9,2,DDoS_HTTP,0.0025679837688830447,0.003983190191001506,0.010564488575051982,0.02209393701323908,-0.04666301569724398
9,2,DDoS_ICMP,-0.0025693227881701994,0.0005784308839993461,-2.2675943547841488e-05,0.0006835593313244034,0.00029961593308867424
9,2,DDoS_TCP,0.019153452014358533,0.0025450686152382997,-0.04564909882621783,0.01735788572478459,0.009937634968892375
9,2,DDoS_UDP,-0.0015848817234944616,0.00035418086809998843,2.6663485022004886e-06,0.0008837451795278265,-0.001061192050007285
9,2,Fingerprinting,0.03409090909090909,-0.012310606060606062,0.002840909090909091,-0.012310606060606062,-0.012310606060606062
9,2,MITM,0.04444444444444444,0.04444444444444444,0.04444444444444444,0.04444444444444444,-0.17777777777777776
9,2,Normal,0.000162808747090513,2.3449658277829856e-06,0.00020457535360391595,0.0002545433483882013,-0.0004017165805656956
9,2,Password,0.005571804034879131,0.00429008720637501,0.005812406416607295,-0.02148670407446873,0.005812406416607295
9,2,Port_Scanning,-0.034593362874933184,-0.008740777616407328,0.0909915418165595,-0.034593362874933184,-0.013064038450285814
9,2,Ransomware,0.0,0.0,0.0,0.0,0.0
9,2,SQL_injection,0.0,0.0,0.0,0.0,0.0
9,2,Uploading,0.003439457139856218,-0.005329684313246662,0.0025164915821546826,0.01540036389410946,-0.0023554335971962327
9,2,Vulnerability_scanner,0.00016833180372506916,0.001591260023199026,0.001993637353998867,-0.005927141535103803,0.00217391235418084
9,2,XSS,0.00036080360803608034,0.00036080360803608034,0.00036080360803608034,-0.0014432144321443214,0.00036080360803608034
9,3,Backdoor,-0.0036236199481592124,-0.002286406732416905,0.0038855708631971666,0.005532234292217858,-0.0014041928174683416
9,3,DDoS_HTTP,-0.0026457311374526006,0.012141388784132701,0.008365463375113352,0.036334030702843245,-0.05361923172516027
9,3,DDoS_ICMP,-0.0021477322100502314,0.0006012319602864136,0.00015702972767675516,0.00046249596799591286,0.00023443208049363692
9,3,DDoS_TCP,0.018128949120497735,0.003922827634825208,-0.04354292192274866,0.013435132935429358,0.01119202477604652
9,3,DDoS_UDP,-0.0011707026112555271,0.0006225180715574485,7.292621741054051e-05,0.0005283989802095712,-0.000913312646435103
9,3,Fingerprinting,0.07586206896551724,-0.027586206896551724,0.006896551724137931,-0.027586206896551724,-0.027586206896551724
9,3,MITM,0.047499999999999994,0.047499999999999994,0.047499999999999994,-0.002499999999999991,-0.14
9,3,Normal,1.6181950049531934e-05,9.166694175018475e-05,0.00014544484051895272,0.00038524046917351267,-0.0005574376979067282
9,3,Password,0.0038638974687101673,0.003367009685744769,0.004125920629279097,-0.015482748413013132,0.004125920629279097
9,3,Port_Scanning,-0.04137957030556252,-0.010317910592998776,0.10879181013058924,-0.04137957030556252,-0.01571475892646543
9,3,Ransomware,0.0,0.0,0.0,0.0,0.0
9,3,SQL_injection,0.0,0.0,0.0,0.0,0.0
9,3,Uploading,0.002807305829711383,-0.0015908597711639376,0.002640493274465136,0.005644261206578601,0.0018970683864114979
9,3,Vulnerability_scanner,-0.0002285263398146183,0.0005146330032324842,0.000604920516359501,-0.001631658205558717,0.0007406310257813501
9,3,XSS,0.0,0.0,0.0,0.0,0.0
9,4,Backdoor,-0.006148560344728099,-0.002081392696097791,0.004416972430612403,0.002235510412850857,-0.0016642604855654718
9,4,DDoS_HTTP,0.01668068586286408,0.008660100949617049,0.019919494222237953,0.03475207026364893,-0.045241566527583196
9,4,DDoS_ICMP,-0.0026634245684882337,0.0007951987342121806,0.0005385599178775013,0.0005662559278728515,0.0005845777824973771
9,4,DDoS_TCP,0.015108177775661346,0.001920794820745786,-0.03757635876039205,0.013884009777016358,0.008317139932385916
9,4,DDoS_UDP,-0.00182958265018169,0.0010740870368854516,0.0005333887666609823,0.00012132145171784847,-0.0002655821673898273
9,4,Fingerprinting,0.011212121212121211,-0.004696969696969698,0.0028787878787878787,-0.004696969696969698,-0.004696969696969698
9,4,MITM,-0.011055941001895808,0.020436307060119695,0.020436307060119695,-0.004184905061092403,-0.025631768057251182
9,4,Normal,3.35114938456634e-05,-0.00012090772117905509,0.00011956206822690459,1.755827270392511e-05,4.30904021760381e-05
9,4,Password,0.004595753064599332,0.004176988531477049,0.0052491376256002436,-0.019271016847276872,0.0052491376256002436
9,4,Port_Scanning,-0.044068690160258946,-0.011271660457288646,0.11548191722796604,-0.044068690160258946,-0.01607287645015952
9,4,Ransomware,0.0,0.0,0.0,0.0,0.0
9,4,SQL_injection,0.0,0.0,0.0,0.0,0.0
9,4,Uploading,0.003627789134669978,-0.001836987265871684,0.003422389833517383,0.004825478767315884,-0.0014139716999194603
9,4,Vulnerability_scanner,-0.0007632497797250467,0.0006425721400794004,0.0006902057076296856,-0.0015224527543723776,0.0009529246863883382
9,4,XSS,0.0,0.0,0.0,0.0,0.0
9,Aggregated,Backdoor,-0.00284177780027786,-0.003188349067817285,0.003417232412492303,0.003974728372718091,-0.0005536215963602413
9,Aggregated,DDoS_HTTP,4.766714400577104e-05,0.008845496192014256,0.0088517436641822,0.027380577698830334,-0.046990600802833266
9,Aggregated,DDoS_ICMP,-0.0022732214697240237,0.0005981708102529534,0.00023509336293916678,0.0005360005549203924,0.0003664773944157873
9,Aggregated,DDoS_TCP,0.015381103925763428,0.0025421882376823117,-0.037439672577059685,0.01273292952344607,0.008950644165675502
9,Aggregated,DDoS_UDP,-0.0012391007212374516,0.000511296206203965,0.0002268433954173051,0.0005407666104904063,-0.0008140721395791713
9,Aggregated,Fingerprinting,0.04574566991494782,-0.016229927803220735,0.0029441134947143692,-0.016229927803220735,-0.016229927803220735
9,Aggregated,MITM,0.00944900066824615,0.0390786302978758,0.03455885628657636,0.006435817994046526,-0.08952230524674484
9,Aggregated,Normal,3.7132387861728754e-05,9.447047801055172e-06,0.0001535382057082646,0.00019816630263945942,-0.0002940493407505851
9,Aggregated,Password,0.004932529524441315,0.0042151621299130505,0.005184266788195571,-0.01951622523074551,0.005184266788195571
9,Aggregated,Port_Scanning,-0.04397170527352124,-0.010921157376737925,0.11573131356639045,-0.04397170527352124,-0.01686674564261005
9,Aggregated,Ransomware,0.0,0.0,0.0,0.0,0.0
9,Aggregated,SQL_injection,0.0,0.0,0.0,0.0,0.0
9,Aggregated,Uploading,0.0029120181222773425,-0.0024963720947065618,0.0026447102247105993,0.007915321819566312,-0.0004287246239385328
9,Aggregated,Vulnerability_scanner,-7.000963120043502e-05,0.0008770049918706372,0.0010205828441061753,-0.003098552955420867,0.0012709747506444897
9,Aggregated,XSS,9.993694829760411e-05,9.993694829760411e-05,9.993694829760411e-05,-0.00039974779319041644,9.993694829760411e-05
9,Centralized,Backdoor,-0.00284177780027786,-0.003188349067817285,0.003417232412492303,0.003974728372718091,-0.0005536215963602413
9,Centralized,DDoS_HTTP,4.766714400577104e-05,0.008845496192014256,0.0088517436641822,0.027380577698830334,-0.046990600802833266
9,Centralized,DDoS_ICMP,-0.0022732214697240237,0.0005981708102529534,0.00023509336293916678,0.0005360005549203924,0.0003664773944157873
9,Centralized,DDoS_TCP,0.015381103925763428,0.0025421882376823117,-0.037439672577059685,0.01273292952344607,0.008950644165675502
9,Centralized,DDoS_UDP,-0.0012391007212374516,0.000511296206203965,0.0002268433954173051,0.0005407666104904063,-0.0008140721395791713
9,Centralized,Fingerprinting,0.04574566991494782,-0.016229927803220735,0.0029441134947143692,-0.016229927803220735,-0.016229927803220735
9,Centralized,MITM,0.00944900066824615,0.0390786302978758,0.03455885628657636,0.006435817994046526,-0.08952230524674484
9,Centralized,Normal,3.7132387861728754e-05,9.447047801055172e-06,0.0001535382057082646,0.00019816630263945942,-0.0002940493407505851
9,Centralized,Password,0.004932529524441315,0.0042151621299130505,0.005184266788195571,-0.01951622523074551,0.005184266788195571
9,Centralized,Port_Scanning,-0.04397170527352124,-0.010921157376737925,0.11573131356639045,-0.04397170527352124,-0.01686674564261005
9,Centralized,Ransomware,0.0,0.0,0.0,0.0,0.0
9,Centralized,SQL_injection,0.0,0.0,0.0,0.0,0.0
9,Centralized,Uploading,0.0029120181222773425,-0.0024963720947065618,0.0026447102247105993,0.007915321819566312,-0.0004287246239385328
9,Centralized,Vulnerability_scanner,-7.000963120043502e-05,0.0008770049918706372,0.0010205828441061753,-0.003098552955420867,0.0012709747506444897
9,Centralized,XSS,9.993694829760411e-05,9.993694829760411e-05,9.993694829760411e-05,-0.00039974779319041644,9.993694829760411e-05
10,0,Backdoor,0.009718804512065478,0.009936592900062775,-0.016433077454453687,8.128841995135768e-05,-0.005849024884477612
10,0,DDoS_HTTP,-0.01617160344810385,0.026396988864590045,0.03798115085423694,0.033906090944396935,-0.06913900871550008
10,0,DDoS_ICMP,0.00014747334167203308,0.00019804976607545877,0.00019804976607545877,-0.0003217630340320854,0.00018125212674718894
10,0,DDoS_TCP,0.010562931129171737,-0.04699207121516083,0.012077554206314503,0.011441941451594476,0.01114866645925841
10,0,DDoS_UDP,0.0002135649459361381,0.0002861760409114437,0.0002861760409114437,-0.000466479953680049,0.00026195827475818947
10,0,Fingerprinting,0.0,0.0,0.0,0.0,0.0
10,0,MITM,-0.2,0.13333333333333333,-0.36666666666666664,-0.2,0.6333333333333333
10,0,Normal,-0.00020858337876895062,3.6094357888449836e-05,0.00018581152657873672,-4.3719237702499746e-05,-0.00021662256872297206
10,0,Password,-0.0001316806515104435,-0.0001316806515104435,0.000526722606041774,-0.0001316806515104435,-0.0001316806515104435
10,0,Port_Scanning,-0.019774919614147908,0.07909967845659163,-0.019774919614147908,-0.019774919614147908,-0.019774919614147908
10,0,Ransomware,0.0,0.0,0.0,0.0,0.0
10,0,SQL_injection,0.0,0.0,0.0,0.0,0.0
10,0,Uploading,-0.005599764258622141,0.0037478643456034678,0.0009006681472159171,-0.0023125839063487517,-0.003124069158959043
10,0,Vulnerability_scanner,-0.0008148437407970277,-0.0013709448000470712,-0.000967469085541491,-0.0013709448000470712,0.004524202426432661
10,0,XSS,0.0,0.0,0.0,0.0,0.0
10,1,Backdoor,0.01272791225178314,0.012067248236393137,-0.015825083283766257,-0.0031554282288659254,0.0023440527878087645
10,1,DDoS_HTTP,-0.017830667540419374,0.024751653334148253,0.034625853226097,0.02719915071521591,-0.06443482364423997
10,1,DDoS_ICMP,0.0004351689597978344,0.00034235951204737806,0.00036555213736646683,-0.0009286613277045219,0.00034235951204737806
10,1,DDoS_TCP,0.010946781462317869,-0.04587064169178872,0.011800705110491439,0.011322072165193955,0.010980570133272692
10,1,DDoS_UDP,0.0002704816336524973,0.0003824699773770905,0.00035445877289529414,-0.0006608922131216943,0.00032642873101976965
10,1,Fingerprinting,0.0,0.0,0.0,0.0,0.0
10,1,MITM,0.0,0.0,0.0,0.0,0.0
10,1,Normal,-7.458911218233277e-05,-4.2215446327847905e-05,5.872960855537087e-05,6.51580623175126e-05,-3.359857152103e-05
10,1,Password,-0.00011401866313497932,-0.00011401866313497932,0.0004560746525399173,-0.00011401866313497932,-0.00011401866313497932
10,1,Port_Scanning,-0.02258064516129032,0.09032258064516129,-0.02258064516129032,-0.02258064516129032,-0.02258064516129032
10,1,Ransomware,0.0,0.0,0.0,0.0,0.0
10,1,SQL_injection,0.0,0.0,0.0,0.0,0.0
10,1,Uploading,-0.009382617831791111,0.00845923308802384,0.002338710251671657,-0.005088866653684593,-0.004830478569001858
10,1,Vulnerability_scanner,-0.0005627695174705386,-0.0005647953016515809,-0.0007186214175084841,-0.0008351699636832596,0.0026813562003138633
10,1,XSS,1.7436791630340287e-05,1.7436791630340287e-05,-1.162452775356019e-05,-1.162452775356019e-05,-1.162452775356019e-05
10,2,Backdoor,0.0008541846173262498,0.013697024865988902,0.003898289359983146,0.0026674986579330734,-0.015299284135691926
10,2,DDoS_HTTP,-0.023033355473117006,0.03181640134847993,0.04907447556948583,0.03462229042602048,-0.07266517460656755
10,2,DDoS_ICMP,0.00022218198998953757,0.0004163309147976894,0.0004163309147976894,-0.00039782696207237846,0.0003733757257930792
10,2,DDoS_TCP,0.01361588847783976,-0.058685076928456904,0.015538612812782559,0.013857612008679942,0.013440020732278651
10,2,DDoS_UDP,0.0003056160634948402,0.0005684972412025146,0.0005684972412025146,-0.00054710581047972,0.0005099766419515816
10,2,Fingerprinting,0.0,0.0,0.0,0.0,0.0
10,2,MITM,0.0,0.0,0.0,0.0,0.0
10,2,Normal,-0.0002232790897581253,3.790273879113089e-05,0.00020418719643349736,2.3070375331450213e-05,-0.00028607048343342787
10,2,Password,-0.00015042734993642032,-0.0003010303301704875,0.0009029153602138157,-0.0003010303301704875,-0.00015042734993642032
10,2,Port_Scanning,-0.014285714285714285,0.05714285714285714,-0.014285714285714285,-0.014285714285714285,-0.014285714285714285
10,2,Ransomware,0.0,0.0,0.0,0.0,0.0
10,2,SQL_injection,0.0,0.0,0.0,0.0,0.0
10,2,Uploading,-0.009303534084504302,0.004232088721080848,0.0008671724331766477,-0.003975671239669667,-0.005740329310586454
10,2,Vulnerability_scanner,-0.0010113448110650124,-0.0013306860173925793,-0.0008762804352728471,-0.0012406431001978024,0.004458954363928241
10,2,XSS,0.0,0.0,0.0,0.0,0.0
10,3,Backdoor,0.00775364688423116,0.014381109754978222,-0.007362823511356306,-0.003268576143261879,-0.007959732823517413
10,3,DDoS_HTTP,-0.023306646888080176,0.03169348607304387,0.05397744059731624,0.03568979315005293,-0.08316589735363827
10,3,DDoS_ICMP,0.00025358406577096946,0.00035138937129309265,0.00040919093277253513,-0.0001305197322268618,0.00027401411505753224
10,3,DDoS_TCP,0.011069273081274226,-0.04896797428717896,0.013603394009858877,0.012267343354285889,0.01150355052915345
10,3,DDoS_UDP,0.0003154264781308628,0.0004344808044551248,0.0005060251992759834,-0.00016278456193133766,0.0003391064484451626
10,3,Fingerprinting,0.0,0.0,0.0,0.0,0.0
10,3,MITM,-0.016666666666666663,0.033333333333333326,-0.04999999999999998,-0.016666666666666663,0.04999999999999998
10,3,Normal,-0.00020256881410370963,3.7326997513488966e-05,0.0002983721424827723,1.9865052676681926e-05,-0.00034495394256046826
10,3,Password,-0.0005874862652598361,-0.0005874862652598361,0.001973212953902087,-0.0005874862652598361,-0.00021075415812257873
10,3,Port_Scanning,-0.01654357459379616,0.06617429837518464,-0.01654357459379616,-0.01654357459379616,-0.01654357459379616
10,3,Ransomware,0.0,0.0,0.0,0.0,0.0
10,3,SQL_injection,0.0,0.0,0.0,0.0,0.0
10,3,Uploading,-0.006735327939816813,0.009829472124747702,0.003307693504129952,-0.0019147506322898314,-0.004083961828438376
10,3,Vulnerability_scanner,-0.0009358056643798462,-0.0013451880925943423,-0.0007522187496249962,-0.0013451880925943423,0.0043784005991935274
10,3,XSS,0.0,0.0,0.0,0.0,0.0
10,4,Backdoor,0.019333925322233606,0.006792589473994972,-0.030694118816108718,-0.012847140832022607,0.021539546544129033
10,4,DDoS_HTTP,-0.010242574368615844,0.025802389836256448,0.02113160603238718,0.022587282331439015,-0.049177693730456766
10,4,DDoS_ICMP,6.781861289409755e-05,0.0002948774425026113,0.0002948118763162977,-0.0004105784638970415,0.0002948774425026113
10,4,DDoS_TCP,0.013202240531956592,-0.05482758319530961,0.014058221553614851,0.013529170235193762,0.01329991760792746
10,4,DDoS_UDP,-0.00014745683100247746,0.00042313264778712407,0.0003630077761347864,2.5528561612644014e-05,0.00042313264778712407
10,4,Fingerprinting,0.0,0.0,0.0,0.0,0.0
10,4,MITM,0.0009743207592421254,0.008741049097200805,-0.019258145749820113,-0.0011190769863295314,0.010661852879706717
10,4,Normal,-8.262375343633758e-05,-1.9048048231007365e-05,5.184638582139689e-06,-4.5623733250669635e-05,2.881461417470662e-05
10,4,Password,-0.0001594430985600026,-0.0001594430985600026,0.0006377723942400104,-0.0001594430985600026,-0.0001594430985600026
10,4,Port_Scanning,-0.01997703788748565,0.0799081515499426,-0.01997703788748565,-0.01997703788748565,-0.01997703788748565
10,4,Ransomware,0.0,0.0,0.0,0.0,0.0
10,4,SQL_injection,0.0,0.0,0.0,0.0,0.0
10,4,Uploading,-0.006059048506620471,0.005120614750721458,-0.00048219490524845386,-0.0036012146050187765,-0.0036028555035458546
10,4,Vulnerability_scanner,-0.0003877629797449988,-0.0003404604278726927,-0.0003403943620882662,-0.0002450614351456567,0.0013136792048516143
10,4,XSS,0.0,0.0,0.0,0.0,0.0
10,Aggregated,Backdoor,0.00969097383559551,0.012020447176529198,-0.012431146204330817,-0.0031536398472627875,-0.001857870786131179
10,Aggregated,DDoS_HTTP,-0.020077080028625034,0.02946539209118228,0.04404742924646322,0.033073834512769955,-0.07247253081120206
10,Aggregated,DDoS_ICMP,0.00020761068059622448,0.0003131340943711425,0.0003280566092219069,-0.00041799793676879543,0.00028693697206121543
10,Aggregated,DDoS_TCP,0.011892468161863897,-0.05096420306231893,0.013381720849606892,0.01246491515822971,0.012058880887004625
10,Aggregated,DDoS_UDP,0.00019975746683117783,0.0004141582264542217,0.0004141775742689979,-0.00036221052609186806,0.00036584213018962163
10,Aggregated,Fingerprinting,0.0,0.0,0.0,0.0,0.0
10,Aggregated,MITM,-0.0043876512029946526,0.012824871629510355,-0.027354158380028155,-0.006119252934596384,0.025036190888108836
10,Aggregated,Normal,-0.00015880216357108494,1.023766365588763e-05,0.00015148051309019268,4.46190814858786e-06,-0.00017209159081824817
10,Aggregated,Password,-0.00019024505297024995,-0.0002340094664395544,0.0008047693091706484,-0.0002340094664395544,-0.00014650532332128967
10,Aggregated,Port_Scanning,-0.019130434782608695,0.07652173913043478,-0.019130434782608695,-0.019130434782608695,-0.019130434782608695
10,Aggregated,Ransomware,0.0,0.0,0.0,0.0,0.0
10,Aggregated,SQL_injection,0.0,0.0,0.0,0.0,0.0
10,Aggregated,Uploading,-0.00734617742150274,0.006347505929968124,0.0014910413808329377,-0.0032430820300402507,-0.004261623253783161
10,Aggregated,Vulnerability_scanner,-0.0006811379724314023,-0.0008725361793029962,-0.0006665348780060346,-0.0008801256849222949,0.003100334714662728
10,Aggregated,XSS,2.621776263905806e-06,2.621776263905806e-06,-1.7478508426038708e-06,-1.7478508426038708e-06,-1.7478508426038708e-06
10,Centralized,Backdoor,0.00969097383559551,0.012020447176529198,-0.012431146204330817,-0.0031536398472627875,-0.001857870786131179
10,Centralized,DDoS_HTTP,-0.020077080028625034,0.02946539209118228,0.04404742924646322,0.033073834512769955,-0.07247253081120206
10,Centralized,DDoS_ICMP,0.00020761068059622448,0.0003131340943711425,0.0003280566092219069,-0.00041799793676879543,0.00028693697206121543
10,Centralized,DDoS_TCP,0.011892468161863897,-0.05096420306231893,0.013381720849606892,0.01246491515822971,0.012058880887004625
10,Centralized,DDoS_UDP,0.00019975746683117783,0.0004141582264542217,0.0004141775742689979,-0.00036221052609186806,0.00036584213018962163
10,Centralized,Fingerprinting,0.0,0.0,0.0,0.0,0.0
10,Centralized,MITM,-0.0043876512029946526,0.012824871629510355,-0.027354158380028155,-0.006119252934596384,0.025036190888108836
10,Centralized,Normal,-0.00015880216357108494,1.023766365588763e-05,0.00015148051309019268,4.46190814858786e-06,-0.00017209159081824817
10,Centralized,Password,-0.00019024505297024995,-0.0002340094664395544,0.0008047693091706484,-0.0002340094664395544,-0.00014650532332128967
10,Centralized,Port_Scanning,-0.019130434782608695,0.07652173913043478,-0.019130434782608695,-0.019130434782608695,-0.019130434782608695
10,Centralized,Ransomware,0.0,0.0,0.0,0.0,0.0
10,Centralized,SQL_injection,0.0,0.0,0.0,0.0,0.0
10,Centralized,Uploading,-0.00734617742150274,0.006347505929968124,0.0014910413808329377,-0.0032430820300402507,-0.004261623253783161
10,Centralized,Vulnerability_scanner,-0.0006811379724314023,-0.0008725361793029962,-0.0006665348780060346,-0.0008801256849222949,0.003100334714662728
10,Centralized,XSS,2.621776263905806e-06,2.621776263905806e-06,-1.7478508426038708e-06,-1.7478508426038708e-06,-1.7478508426038708e-06
11,0,Backdoor,0.02216701846952997,-0.048843022674187705,0.007967281078880072,0.024886897473318695,0.025585083141857524
11,0,DDoS_HTTP,0.014794057233926853,0.040169776160999815,0.027775919098847017,0.016588768611814558,-0.04423622731444329
11,0,DDoS_ICMP,0.0001222290218333144,0.0001222290218333144,-0.0004889160873332576,0.0001222290218333144,0.0001222290218333144
11,0,DDoS_TCP,0.03760048272649134,0.06372927190039951,-0.24050495196750532,0.10071854303997482,0.039042757574101104
11,0,DDoS_UDP,0.0,0.0,0.0,0.0,0.0
11,0,Fingerprinting,-0.019444444444444445,-0.019444444444444445,0.07777777777777778,-0.019444444444444445,-0.019444444444444445
11,0,MITM,0.18333333333333332,0.26666666666666666,-0.23333333333333334,-0.31666666666666665,0.1
11,0,Normal,0.0002272630548316464,0.00015167541481411935,4.946455952683319e-05,0.00030162925686803567,-4.7280954959435145e-05
11,0,Password,0.010404705161769109,-0.0007579236620998848,0.007889593728886857,0.016850852189252773,-0.003946736994197254
11,0,Port_Scanning,0.006211284265987208,-0.044669400676966994,0.21537014773671673,-0.13637852817009477,-0.04053350315564216
11,0,Ransomware,-0.05653693690077425,-0.02255635437650241,-0.05653693690077425,0.0749711181509701,0.0606591100270808
11,0,SQL_injection,-0.015239747342425688,0.05267209945310733,-0.03439329046502038,-0.01568527510657315,0.051481164917222606
11,0,Uploading,0.03782691106083833,-0.024735364166981265,0.03972078052980328,0.019823419885826466,-0.020970172240563783
11,0,Vulnerability_scanner,0.0031407207096590967,0.017127486531873435,-0.0007169731559865648,-0.002621440419219456,0.015007317983844148
11,0,XSS,0.0,0.0,0.0,0.0,0.0
11,1,Backdoor,0.026430438015184566,-0.059635489496017026,0.0159999122666061,0.014619364288126001,0.015065621086487362
11,1,DDoS_HTTP,0.01796178875265041,0.028990797036569337,0.010881982118546756,0.023593483483748755,-0.03789588442636853
11,1,DDoS_ICMP,1.7490686823706802e-05,0.00017989099268946317,-0.0006035748798463414,0.0002030966001665857,0.0002030966001665857
11,1,DDoS_TCP,0.02885450534344767,0.05445959225242496,-0.20845445848237232,0.09017037890637493,0.035379985769438835
11,1,DDoS_UDP,0.00016799945784766733,-2.8003674588117367e-05,-2.8003674588117367e-05,-5.59960543357163e-05,-5.59960543357163e-05
11,1,Fingerprinting,-0.012727272727272726,-0.012727272727272726,0.050909090909090904,-0.012727272727272726,-0.012727272727272726
11,1,MITM,-0.2,0.13333333333333333,0.13333333333333333,-0.2,0.13333333333333333
11,1,Normal,0.00026503501736439746,0.00017852172081763706,-0.00020205191196362993,4.7236550116628676e-05,1.782451972767163e-05
11,1,Password,0.00488357311398126,0.00046789854170510754,0.004626626566972886,0.0065242051239384,-0.0031048994147180138
11,1,Port_Scanning,-0.006673249788206425,-0.060213930576608385,0.26773786403901517,-0.15148522926374017,-0.04936545441046011
11,1,Ransomware,-0.04882814807441767,-0.018176807078249098,-0.04882814807441767,0.06945824694335956,0.046374856283724904
11,1,SQL_injection,-0.010542268579197076,0.046385737345377584,-0.01985319136004976,-0.007655289688599287,0.04765257060284181
11,1,Uploading,0.04428157221776554,-0.02040811236100833,0.03889465674626089,0.024498768567385445,-0.02203931994283835
11,1,Vulnerability_scanner,0.00334373450005734,0.014312238322071529,-5.987864159917588e-06,-0.000235939719351221,0.011912877838305339
11,1,XSS,0.00016855565242662277,8.137169427492134e-05,-5.812263876780095e-06,-0.00012205754141238201,-0.00012205754141238201
11,2,Backdoor,0.01575807101057761,-0.03367070353728289,0.004650163704822801,0.033383694642229116,0.014523032645099864
11,2,DDoS_HTTP,0.018349355488680146,0.04593494614197175,0.024708872884899202,0.02037086677691586,-0.04522677509711681
11,2,DDoS_ICMP,0.00016895386478867346,0.00016895386478867346,-0.0006758154591546938,0.00016895386478867346,0.00016895386478867346
11,2,DDoS_TCP,0.04088565025357022,0.07112280553265317,-0.2704829893355129,0.11926953219990001,0.039205001349389604
11,2,DDoS_UDP,0.0,0.0,0.0,0.0,0.0
11,2,Fingerprinting,-0.008333333333333333,-0.008333333333333333,0.03333333333333333,-0.008333333333333333,-0.008333333333333333
11,2,MITM,0.0,0.0,0.0,0.0,0.0
11,2,Normal,0.00011605501654691949,0.00013094858524569005,7.361230721561844e-05,0.0002913803564071745,-7.314051458172469e-05
11,2,Password,0.005515826105059895,-0.0003552791208321822,0.004089240746045413,0.007667888245316142,-0.0028594468129327774
11,2,Port_Scanning,0.0030725864592861234,-0.03861162203215293,0.1623339616815547,-0.09188116908421716,-0.03491375702447079
11,2,Ransomware,-0.06082934245572118,-0.02685920631167198,-0.06082934245572118,0.09029749357758604,0.058220397645528284
11,2,SQL_injection,-0.012428491448547596,0.03543039241068994,-0.025759932962460964,-0.015626637281709415,0.03417414296623854
11,2,Uploading,0.045445224252178555,-0.02795818902092013,0.04216477055623257,0.019377770682074632,-0.027230515110274807
11,2,Vulnerability_scanner,0.003741176614031235,0.010861769265248648,0.002488445970844381,-0.002592479180382525,0.00800888966008789
11,2,XSS,1.2661891324795838e-05,-1.8992836987193756e-05,1.2661891324795838e-05,-3.1654728311989594e-06,-3.1654728311989594e-06
11,3,Backdoor,0.018619996026249353,-0.05050173670711415,0.010724326958206205,0.024866221260673303,0.017820193999235526
11,3,DDoS_HTTP,0.01777355468541755,0.039861661070807325,0.028290517147356146,0.02196944793153194,-0.05784435512563605
11,3,DDoS_ICMP,2.0208168991855032e-05,2.0208168991855032e-05,1.6404648018149744e-05,-5.7581690196600864e-05,7.607041947410575e-07
11,3,DDoS_TCP,0.03800369422424013,0.06533315996298945,-0.24602661374184137,0.10665261938496241,0.03656155348225597
11,3,DDoS_UDP,2.3829949480506467e-05,2.3829949480506467e-05,2.3829949480506467e-05,-7.14898484415194e-05,0.0
11,3,Fingerprinting,-0.025,-0.025,0.1,-0.025,-0.025
11,3,MITM,0.02666666666666666,0.02666666666666666,-0.039999999999999994,-0.039999999999999994,0.02666666666666666
11,3,Normal,0.00016050249911413091,0.00019314250649704045,0.00011423722430681608,0.0002385868005449247,-0.00025803218105159657
11,3,Password,0.011622773554587138,-0.0010897424183203646,0.008106238263362198,0.02058635936689626,-0.004338316134195513
11,3,Port_Scanning,-0.0041790377850258005,-0.04465329465721809,0.1969246496447936,-0.11031297603591585,-0.03777934116663378
11,3,Ransomware,-0.07962293888588015,-0.03434355545620771,-0.07962293888588015,0.10505110865943855,0.08853832456852945
11,3,SQL_injection,-0.015872730315730013,0.04588089686596108,-0.032851074247591934,-0.016960331909085146,0.04855067287133315
11,3,Uploading,0.03160536684225818,-0.013421173560831773,0.0383132599359922,0.012476972687480352,-0.026144979493308722
11,3,Vulnerability_scanner,0.0019534046682065246,0.013986951867412719,0.000451679676239423,-0.0032848942515763388,0.012082498307316846
11,3,XSS,0.0,0.0,0.0,0.0,0.0
11,4,Backdoor,0.022177761929978144,-0.07412961124528211,0.008239917985626776,0.012856672025571869,0.03692360807446633
11,4,DDoS_HTTP,0.03388394799264883,-0.032118545367759425,-0.030583622446306444,0.04412443088523224,-1.569118613935679e-05
11,4,DDoS_ICMP,0.00025236311216947176,0.00025236311216947176,-0.0008884663582870452,0.0001464982289377692,0.00023724190501033248
11,4,DDoS_TCP,0.03645081923210212,0.06309768308055534,-0.24425876576755945,0.10736546291634022,0.03808283380517874
11,4,DDoS_UDP,0.00013828939185190532,1.799619002056385e-05,4.806949047839922e-05,-0.00019229969117692998,-1.2055381173938413e-05
11,4,Fingerprinting,-0.006666666666666667,-0.006666666666666667,0.02666666666666667,-0.006666666666666667,-0.006666666666666667
11,4,MITM,-0.014640396210163656,0.027349267872523682,0.0032751937984496216,-0.043333333333333335,0.027349267872523682
11,4,Normal,0.00035202853998817695,0.00014156580148056615,-0.00013580836885171605,3.3020516492628566e-05,-3.6412047484883175e-05
11,4,Password,0.007193803751623703,-0.0004683916297987654,0.007858067371516777,0.00994685901199119,-0.0012697054431145855
11,4,Port_Scanning,0.005103620713010632,-0.0513205997557626,0.22662236528182408,-0.13678613592252695,-0.04361925031654526
11,4,Ransomware,-0.0815785949496803,-0.037718945826873275,-0.0815785949496803,0.10911041097254612,0.0917657247536877
11,4,SQL_injection,-0.015675764583464355,0.04784722416562891,-0.02630360917846864,-0.014122565542222533,0.04722907411288565
11,4,Uploading,0.027054883161902462,-0.008971495582496465,0.02129608907912511,0.015618644786366024,-0.01265162748549991
11,4,Vulnerability_scanner,0.00028223378693940834,0.008847282827142556,-0.001657254950749565,-0.0015005566678152485,0.007079544605181217
11,4,XSS,3.8710457872134325e-05,-5.8065686808201485e-05,3.8710457872134325e-05,-9.677614468033581e-06,-9.677614468033581e-06
11,Aggregated,Backdoor,0.0209450740223693,-0.05284763005521465,0.009557980616837021,0.022852878265003127,0.021566879431641327
11,Aggregated,DDoS_HTTP,0.018712994096274117,0.0356415831697856,0.02160594784228307,0.022306413338775827,-0.044981906147509305
11,Aggregated,DDoS_ICMP,0.0001260143178495802,0.00015219859141059057,-0.0005412079285545435,0.00011457600384039794,0.00014841901545397477
11,Aggregated,DDoS_TCP,0.036296705647332894,0.06334391275615274,-0.24126775778161214,0.10454729241144466,0.03754320437322319
11,Aggregated,DDoS_UDP,6.221913605498804e-05,3.2132894098350443e-06,8.577520048203002e-06,-6.113468713753734e-05,-1.2875258375488752e-05
11,Aggregated,Fingerprinting,-0.014499999999999997,-0.014499999999999997,0.05799999999999999,-0.014499999999999997,-0.014499999999999997
11,Aggregated,MITM,-0.00867207763091541,0.03234068654569059,-0.002995728451741377,-0.05000038433452478,0.029327503871490967
11,Aggregated,Normal,0.0002228117383912376,0.00015928258003895525,-1.9388751940859392e-05,0.00018349928016296314,-7.946306467593126e-05
11,Aggregated,Password,0.007340593121912679,-0.0003526823546919328,0.006063589139826353,0.01113654199792366,-0.003049726300388901
11,Aggregated,Port_Scanning,0.0004159781054517896,-0.04895334083123757,0.2191538064643143,-0.1285796632473954,-0.0420367804911331
11,Aggregated,Ransomware,-0.0660942818715619,-0.02839748326030594,-0.0660942818715619,0.09140463362878747,0.06918141337464227
11,Aggregated,SQL_injection,-0.014148362643132606,0.04666096285428018,-0.027557128372908222,-0.013714348573636993,0.046786591849803015
11,Aggregated,Uploading,0.03717131385295656,-0.01928771577252449,0.03669533800114911,0.01804254660379256,-0.022302839174694257
11,Aggregated,Vulnerability_scanner,0.00218107443192783,0.012342444025905501,-0.00014019510421509247,-0.001883223130916852,0.01018472682853049
11,Aggregated,XSS,3.580951815682076e-05,-3.4635655103698593e-06,9.591755517762701e-06,-2.0968854082106803e-05,-2.0968854082106803e-05
11,Centralized,Backdoor,0.0209450740223693,-0.05284763005521465,0.009557980616837021,0.022852878265003127,0.021566879431641327
11,Centralized,DDoS_HTTP,0.018712994096274117,0.0356415831697856,0.02160594784228307,0.022306413338775827,-0.044981906147509305
11,Centralized,DDoS_ICMP,0.0001260143178495802,0.00015219859141059057,-0.0005412079285545435,0.00011457600384039794,0.00014841901545397477
11,Centralized,DDoS_TCP,0.036296705647332894,0.06334391275615274,-0.24126775778161214,0.10454729241144466,0.03754320437322319
11,Centralized,DDoS_UDP,6.221913605498804e-05,3.2132894098350443e-06,8.577520048203002e-06,-6.113468713753734e-05,-1.2875258375488752e-05
11,Centralized,Fingerprinting,-0.014499999999999997,-0.014499999999999997,0.05799999999999999,-0.014499999999999997,-0.014499999999999997
11,Centralized,MITM,-0.00867207763091541,0.03234068654569059,-0.002995728451741377,-0.05000038433452478,0.029327503871490967
11,Centralized,Normal,0.0002228117383912376,0.00015928258003895525,-1.9388751940859392e-05,0.00018349928016296314,-7.946306467593126e-05
11,Centralized,Password,0.007340593121912679,-0.0003526823546919328,0.006063589139826353,0.01113654199792366,-0.003049726300388901
11,Centralized,Port_Scanning,0.0004159781054517896,-0.04895334083123757,0.2191538064643143,-0.1285796632473954,-0.0420367804911331
11,Centralized,Ransomware,-0.0660942818715619,-0.02839748326030594,-0.0660942818715619,0.09140463362878747,0.06918141337464227
11,Centralized,SQL_injection,-0.014148362643132606,0.04666096285428018,-0.027557128372908222,-0.013714348573636993,0.046786591849803015
11,Centralized,Uploading,0.03717131385295656,-0.01928771577252449,0.03669533800114911,0.01804254660379256,-0.022302839174694257
11,Centralized,Vulnerability_scanner,0.00218107443192783,0.012342444025905501,-0.00014019510421509247,-0.001883223130916852,0.01018472682853049
11,Centralized,XSS,3.580951815682076e-05,-3.4635655103698593e-06,9.591755517762701e-06,-2.0968854082106803e-05,-2.0968854082106803e-05
12,0,Backdoor,0.005826523005206272,-0.0013090823180056184,-0.040970157743806204,0.020840466994380448,-0.004006923867293601
12,0,DDoS_HTTP,-0.012187331411136789,-0.016883903188807513,-0.0090967695476934,0.01239339379531725,-0.04171471467608083
12,0,DDoS_ICMP,0.0,0.0,0.0,0.0,0.0
12,0,DDoS_TCP,0.01402686222641073,-0.048561558567259716,-0.018691265888231116,0.03251971835634944,0.020120140599269306
12,0,DDoS_UDP,-0.00011627906976743318,2.9069767441858295e-05,2.9069767441858295e-05,2.9069767441858295e-05,2.9069767441858295e-05
12,0,Fingerprinting,0.0,0.0,0.0,0.0,0.0
12,0,MITM,0.05,0.05,0.05,-0.2,0.05
12,0,Normal,1.9847527771290248e-05,-0.00011311132663649285,-0.0001927997064842239,0.00011352041759927766,-0.00015022374650798808
12,0,Password,0.003465127788347464,-0.003714921401368007,-0.003878126939014751,0.005946538180711251,-0.001818617628675958
12,0,Port_Scanning,-0.028606788816997533,0.07170669080682691,0.0514835612465567,-0.06140248774172872,-0.033180975494657365
12,0,Ransomware,-0.0440707873052866,-0.0440707873052866,0.0032664908012222734,0.10057707678839639,-0.015701992979045468
12,0,SQL_injection,0.07340171212636938,-0.00808478299595904,0.004302439320720933,0.06367168134375661,-0.009879511391604156
12,0,Uploading,0.02562852773620134,-0.01115318807826077,0.03664254422110479,0.002909527091620199,-0.02028446576792766
12,0,Vulnerability_scanner,0.01875289148002536,-0.004000960181747069,0.008809534560815105,0.009591763121954616,-0.0076551547599914655
12,0,XSS,0.0,0.0,0.0,0.0,0.0
12,1,Backdoor,0.007135451305412406,-0.0006003905260065158,-0.03785490848520697,0.01929713641237545,-0.004112731040252193
12,1,DDoS_HTTP,-0.011634761269599381,-0.012682059341683151,0.0005132321364306978,0.016403378673779664,-0.03983513334980305
12,1,DDoS_ICMP,-1.3923364486273515e-05,9.28224299084901e-06,-1.3923364486273515e-05,9.28224299084901e-06,9.28224299084901e-06
12,1,DDoS_TCP,0.007165249039233064,-0.04950745403579651,-0.001046785656517668,0.024772111856600127,0.018206875007166827
12,1,DDoS_UDP,-0.00011815623936115572,2.2540964903389195e-05,5.0533344650988134e-05,2.2540964903389195e-05,2.2540964903389195e-05
12,1,Fingerprinting,0.0,0.0,0.0,0.0,0.0
12,1,MITM,0.0,0.0,0.0,0.0,0.0
12,1,Normal,-1.622102097465309e-05,-7.554419240495824e-05,-0.00014793799313147504,0.00016528364405100083,-0.00018391104464070182
12,1,Password,0.0007939342606912494,-0.0004701070227841539,-0.0017225187375357887,0.001868798522412847,-0.0004701070227841539
12,1,Port_Scanning,-0.04218695575999708,0.07155941403671154,0.08838012526533677,-0.07989508504501176,-0.03785749849703947
12,1,Ransomware,-0.04469696969696969,-0.0446969696969697,-0.005735930735930738,0.11006493506493506,-0.014935064935064935
12,1,SQL_injection,0.04358476338460167,-0.007602473998914681,-0.0038827301298704374,0.03898567337466843,-0.002641834956927965
12,1,Uploading,0.027155019821881288,-0.0158552287242844,0.03812384492792167,-0.003960029399210209,-0.02101746453310744
12,1,Vulnerability_scanner,0.008967526924574703,-0.0038121077530414178,0.004838961951071935,0.004492315673857826,-0.006604317547804737
12,1,XSS,0.0,0.0,0.0,0.0,0.0
12,2,Backdoor,-0.0027685112593534445,-0.006838900685214755,-0.0272826109672501,0.01611784471680559,-0.009775039537612554
12,2,DDoS_HTTP,-0.012438115348353396,-0.021045581900197244,-0.004310271022518227,0.00927908603003732,-0.047607970836378355
12,2,DDoS_ICMP,0.0,0.0,0.0,0.0,0.0
12,2,DDoS_TCP,0.01627829089637455,-0.06216905165674301,-0.015946443017244783,0.037605536281181365,0.023675296286989778
12,2,DDoS_UDP,-0.00028109627547434624,7.027406886858656e-05,7.027406886858656e-05,7.027406886858656e-05,7.027406886858656e-05
12,2,Fingerprinting,0.0,0.0,0.0,0.0,0.0
12,2,MITM,0.0,0.0,0.0,0.0,0.0
12,2,Normal,-2.7876558568588432e-05,-4.923444753530311e-05,-0.00010226704713858595,0.00020885531240235437,-0.0002320499959190425
12,2,Password,0.0006852885570640848,-0.001178557743823635,-0.0016123054023631524,0.002987799666671475,-0.0008822250775487724
12,2,Port_Scanning,-0.02636094851410816,0.046790176887821104,0.05369840916784748,-0.050011477172984056,-0.02411616036857635
12,2,Ransomware,-0.04770327002885142,-0.04770327002885143,0.009276786951205556,0.10670124018961227,-0.02057148708311499
12,2,SQL_injection,0.06118983685476836,-0.004689953299946445,0.009067647750756433,0.05685301701510128,-0.004876688671556826
12,2,Uploading,0.033158774149596636,-0.01381188947701961,0.050449464938983626,-0.007370240099625112,-0.021623106410907336
12,2,Vulnerability_scanner,0.007454020012805568,-0.00019770978079507637,0.004292716350514554,0.004898745152410483,-0.002950263315048468
12,2,XSS,0.0,0.0,0.0,0.0,0.0
12,3,Backdoor,0.003868461709275143,-0.0024283668447043993,-0.038448808923862696,0.021569163297361426,-0.006467763283276976
12,3,DDoS_HTTP,-0.010304283894598578,-0.016092447682489998,-0.01155189098749198,0.03317851446465643,-0.05334125174446391
12,3,DDoS_ICMP,3.111594367538236e-05,-4.667391551307354e-05,3.111594367538236e-05,-4.667391551307354e-05,3.111594367538236e-05
12,3,DDoS_TCP,0.014960911908769218,-0.051582502415397934,-0.01864933116951503,0.03386008363437407,0.0211730290905339
12,3,DDoS_UDP,-1.9096687412008725e-05,-4.288572710801075e-05,5.243407081401511e-05,-4.288572710801075e-05,5.243407081401511e-05
12,3,Fingerprinting,0.0,0.0,0.0,0.0,0.0
12,3,MITM,0.009999999999999998,0.009999999999999998,0.009999999999999998,-0.039999999999999994,0.009999999999999998
12,3,Normal,6.366637653453799e-05,3.6799787273777974e-06,-0.00027249745792903477,0.0005037392939513977,-0.00037523624587423496
12,3,Password,0.003431613824017362,-0.004415222420054419,-0.0051604905529445515,0.00913057128365421,-0.0029864721346725973
12,3,Port_Scanning,-0.03175170258443473,0.05398316773256816,0.06526888555189293,-0.059324326907428324,-0.02817602379259802
12,3,Ransomware,-0.05997819130505676,-0.059978191305056765,-0.009590594405831957,0.1445353932698775,-0.014988416253932017
12,3,SQL_injection,0.06857984907917215,-0.0072775996027503445,0.0011935694082831343,0.06495551809183318,-0.004502163454998063
12,3,Uploading,0.03808438635489704,-0.0055341083189658765,0.04199344438612475,0.005305165310103717,-0.02400996032460252
12,3,Vulnerability_scanner,0.013394392978926046,-0.002667736162302577,0.00614155396018074,0.007998547561686569,-0.004855067090889837
12,3,XSS,0.0,0.0,0.0,0.0,0.0
12,4,Backdoor,0.00740507031523277,0.00308976485726379,-0.04213195507852741,0.014608145836438106,0.005619886140932225
12,4,DDoS_HTTP,-0.0021832056457666543,-0.015233300410320401,0.009414273552098059,0.026214280238079965,-0.04360357771277696
12,4,DDoS_ICMP,4.839334061515488e-05,-4.233938004558994e-05,4.839334061515488e-05,-8.771943464073544e-05,3.3272133456015616e-05
12,4,DDoS_TCP,0.012449391513708597,-0.05676268421049688,-0.011834520643518474,0.03319460544159573,0.022037142890965127
12,4,DDoS_UDP,0.00014896440967637758,-8.983134612397525e-05,9.045637532169766e-05,-0.0002099942430012954,6.04048041271954e-05
12,4,Fingerprinting,0.0,0.0,0.0,0.0,0.0
12,4,MITM,0.0011524822695035465,0.0011524822695035465,0.0011524822695035465,-0.004609929078014186,0.0011524822695035465
12,4,Normal,4.10156668716725e-05,-3.217036743278778e-05,-1.2107408927007161e-05,6.804556940589826e-05,-2.9719983592949955e-06
12,4,Password,-0.00025192517212736565,-0.0003042110776155793,-0.00014146260417992099,0.0011845078768390517,-0.0004869090229161858
12,4,Port_Scanning,-0.032996071418688724,0.06801972993571306,0.06502816111037808,-0.06644474500577062,-0.03360707462163183
12,4,Ransomware,-0.05479454578957067,-0.054794545789570666,-0.004794545789570662,0.13368435599778883,-0.019300718629076837
12,4,SQL_injection,0.06358199122856276,-0.00785021203138204,-0.0012417961330892804,0.0529300567179392,-0.006588573513671106
12,4,Uploading,0.007826280329090409,-0.0038570151298916075,0.010828438776639597,0.0010834657353135833,-0.008108691350438338
12,4,Vulnerability_scanner,0.009791023252396261,-0.0014793369895838718,0.004237612750135996,0.005105222960028247,-0.0036186463461613306
12,4,XSS,0.0,0.0,0.0,0.0,0.0
12,Aggregated,Backdoor,0.003902646226531827,-0.002190828123042791,-0.037130674474846984,0.018619543793220335,-0.004425704477929321
12,Aggregated,DDoS_HTTP,-0.011321299373539921,-0.017189844771738724,-0.005979190069589035,0.018537459871014118,-0.046664727786474236
12,Aggregated,DDoS_ICMP,1.580474713187933e-05,-1.805649034651487e-05,1.580474713187933e-05,-2.933850970100645e-05,1.5785505783762663e-05
12,Aggregated,DDoS_TCP,0.012813956864167546,-0.05365695960749355,-0.012818709862497696,0.03217182941245446,0.020950766364599065
12,Aggregated,DDoS_UDP,-7.759071547511395e-05,-2.052854895797281e-06,5.693572498648436e-05,-2.3500799746382452e-05,4.620864513080932e-05
12,Aggregated,Fingerprinting,0.0,0.0,0.0,0.0,0.0
12,Aggregated,MITM,0.0028070175438596524,0.0028070175438596524,0.0028070175438596524,-0.01122807017543861,0.0028070175438596524
12,Aggregated,Normal,1.551573674185199e-05,-5.35500678440622e-05,-0.0001465250785034474,0.00021285393076737972,-0.00019054908483596885
12,Aggregated,Password,0.001435192364140187,-0.0017612738378564358,-0.0022662743070041413,0.003748482545325973,-0.0011561267646055834
12,Aggregated,Port_Scanning,-0.03340231938078421,0.063680045710876,0.06720101628790952,-0.06529097336246145,-0.032187769255539865
12,Aggregated,Ransomware,-0.05060651695009269,-0.05060651695009269,-0.00024354054355912129,0.11905979106380421,-0.01760321662005969
12,Aggregated,SQL_injection,0.06194991967025741,-0.007386970049939829,0.0010026684935959115,0.05455852744016121,-0.005959994788318649
12,Aggregated,Uploading,0.027154831900452932,-0.009715036918078011,0.03638473590281909,4.8282085673356555e-05,-0.019242014496355264
12,Aggregated,Vulnerability_scanner,0.011125344367129749,-0.002280110821661134,0.005339514948852658,0.006077311892326572,-0.00488148097708146
12,Aggregated,XSS,0.0,0.0,0.0,0.0,0.0
12,Centralized,Backdoor,0.003902646226531827,-0.002190828123042791,-0.037130674474846984,0.018619543793220335,-0.004425704477929321
12,Centralized,DDoS_HTTP,-0.011321299373539921,-0.017189844771738724,-0.005979190069589035,0.018537459871014118,-0.046664727786474236
12,Centralized,DDoS_ICMP,1.580474713187933e-05,-1.805649034651487e-05,1.580474713187933e-05,-2.933850970100645e-05,1.5785505783762663e-05
12,Centralized,DDoS_TCP,0.012813956864167546,-0.05365695960749355,-0.012818709862497696,0.03217182941245446,0.020950766364599065
12,Centralized,DDoS_UDP,-7.759071547511395e-05,-2.052854895797281e-06,5.693572498648436e-05,-2.3500799746382452e-05,4.620864513080932e-05
12,Centralized,Fingerprinting,0.0,0.0,0.0,0.0,0.0
12,Centralized,MITM,0.0028070175438596524,0.0028070175438596524,0.0028070175438596524,-0.01122807017543861,0.0028070175438596524
12,Centralized,Normal,1.551573674185199e-05,-5.35500678440622e-05,-0.0001465250785034474,0.00021285393076737972,-0.00019054908483596885
12,Centralized,Password,0.001435192364140187,-0.0017612738378564358,-0.0022662743070041413,0.003748482545325973,-0.0011561267646055834
12,Centralized,Port_Scanning,-0.03340231938078421,0.063680045710876,0.06720101628790952,-0.06529097336246145,-0.032187769255539865
12,Centralized,Ransomware,-0.05060651695009269,-0.05060651695009269,-0.00024354054355912129,0.11905979106380421,-0.01760321662005969
12,Centralized,SQL_injection,0.06194991967025741,-0.007386970049939829,0.0010026684935959115,0.05455852744016121,-0.005959994788318649
12,Centralized,Uploading,0.027154831900452932,-0.009715036918078011,0.03638473590281909,4.8282085673356555e-05,-0.019242014496355264
12,Centralized,Vulnerability_scanner,0.011125344367129749,-0.002280110821661134,0.005339514948852658,0.006077311892326572,-0.00488148097708146
12,Centralized,XSS,0.0,0.0,0.0,0.0,0.0
13,0,Backdoor,0.01643138545763949,0.032936717738352626,-0.002807462027519512,0.015946273924276038,-0.05388622543757618
13,0,DDoS_HTTP,0.022286549378052817,0.04928887212072604,-0.004438948552830539,0.012248610062740447,-0.029569953200267007
13,0,DDoS_ICMP,9.798881229206024e-08,3.3686486023796576e-05,3.3196541962336275e-05,3.3686486023796576e-05,-0.00010066750282222147
13,0,DDoS_TCP,0.00011722065469228493,0.00011722065469228493,-0.00017583098203842739,0.00011722065469228493,-0.00017583098203842739
13,0,DDoS_UDP,0.0,4.844961240309716e-05,4.844961240309716e-05,4.844961240309716e-05,-0.00014534883720929148
13,0,Fingerprinting,-0.01875,-0.01875,0.075,-0.01875,-0.01875
13,0,MITM,0.0,0.0,0.0,0.0,0.0
13,0,Normal,4.591592521552464e-05,0.00017354165688632424,0.00012508480567462825,0.0001662940763252463,-0.0002346831570892512
13,0,Password,-0.001980127685471317,-0.004964017993222172,0.006934476886643347,0.01075933423380391,-0.005682655378320756
13,0,Port_Scanning,0.0,0.0,0.0,0.0,0.0
13,0,Ransomware,-0.04287602501263631,-0.029475351611962908,-0.12128118667481072,0.03679774366873922,0.15683481963067067
13,0,SQL_injection,-0.02470078542455012,-0.03764403953946015,-0.048557996248944114,-0.06137493308929705,0.01688057951115017
13,0,Uploading,0.008454630795407146,0.02407124216950481,-0.029293733315049468,-5.860933210999018e-05,0.002755932180322316
13,0,Vulnerability_scanner,0.0027080451707616527,0.0024151355329097807,-0.019697194088387063,-0.018357012843872964,0.0035530474921837934
13,0,XSS,0.0,0.0,0.0,0.0,0.0
13,1,Backdoor,0.014612558344061126,0.04313367511377194,0.0034927190594592613,0.014119836400428031,-0.061341207544472504
13,1,DDoS_HTTP,0.026624062097948358,0.03896566186847578,-0.0009580044732560837,0.01033302078646678,-0.029681511020045112
13,1,DDoS_ICMP,-5.986299436533948e-05,0.00021856535977711385,3.009583713857363e-05,0.00021856535977711385,-0.0004073635623274618
13,1,DDoS_TCP,0.0007174612490679651,-0.00020504844139840144,0.00017110414165075378,0.00023933284781046208,-0.0005128460078166734
13,1,DDoS_UDP,0.00019048393715105362,-8.942101659505375e-05,5.054088214294094e-05,-8.942101659505375e-05,-6.218278610388706e-05
13,1,Fingerprinting,-0.008108108108108109,-0.008108108108108109,0.032432432432432434,-0.008108108108108109,-0.008108108108108109
13,1,MITM,0.0,0.0,0.0,0.0,0.0
13,1,Normal,8.65259381836847e-05,4.0896576647364566e-05,0.00011329478533409118,5.619543660871362e-05,-6.270103965839343e-05
13,1,Password,0.0012427548273949683,-0.00952573060444054,0.0035333976569149584,0.004650655975556855,9.892214457375935e-05
13,1,Port_Scanning,0.0,0.0,0.0,0.0,0.0
13,1,Ransomware,-0.035663464200104945,-0.013474285191797886,-0.1319377967179222,0.04766016858971471,0.13341537752011032
13,1,SQL_injection,-0.01727502580232892,-0.029248650362504888,-0.033764203803328015,-0.053353992380652006,0.01247889021109273
13,1,Uploading,0.008598997464424092,0.029109389470514703,-0.02659820045929866,-0.0046968998221631015,0.001567264057373363
13,1,Vulnerability_scanner,0.003592733243799288,0.00013189151220921087,-0.010512004204591934,-0.013047089405873053,0.003565083245115384
13,1,XSS,1.7436791630340287e-05,1.7436791630340287e-05,1.7436791630340287e-05,-6.974716652136115e-05,1.7436791630340287e-05
13,2,Backdoor,0.010028209580942199,0.05099655326126672,-0.011980984013492044,0.010008728745774107,-0.04577132258655716
13,2,DDoS_HTTP,0.025983826307057787,0.05018672545219497,-0.0023413238723376047,0.009022693466465507,-0.0330204192297092
13,2,DDoS_ICMP,5.1679793258735396e-05,9.463498226334559e-05,-3.503140521775768e-05,9.463498226334559e-05,-0.00020591835256766888
13,2,DDoS_TCP,0.0014667502330114417,-8.114729854079757e-05,0.0007339269898385311,0.0002988963767371622,-0.001082420957024997
13,2,DDoS_UDP,3.516170931802676e-05,9.368230856895976e-05,9.368230856895976e-05,9.368230856895976e-05,-0.00031620863502490604
13,2,Fingerprinting,-0.00909090909090909,-0.00909090909090909,0.03636363636363636,-0.00909090909090909,-0.00909090909090909
13,2,MITM,0.0,0.0,0.0,0.0,0.0
13,2,Normal,-6.506854362949473e-06,0.0003259907182766031,6.988273922928223e-05,0.00014400999619521015,-0.0003713333399772793
13,2,Password,-0.0018244567605699097,-0.006343817979244822,0.004196482998472319,0.010436156563456225,-0.004688083381839411
13,2,Port_Scanning,0.0,0.0,0.0,0.0,0.0
13,2,Ransomware,-0.04401726263156822,-0.02650218574439962,-0.13302852192026549,0.03880465853399227,0.16474331176224108
13,2,SQL_injection,-0.0235711847809432,-0.02962114626191758,-0.037527807562023625,-0.05164937551454025,0.009036180786091334
13,2,Uploading,0.0008211991352225251,0.03700644901823931,-0.03723786926613648,0.0008997404710825122,-0.0022860173366519494
13,2,Vulnerability_scanner,0.002289301524369338,0.0008696152340928928,-0.009435005838420728,-0.007595432648022538,0.002985842718800008
13,2,XSS,9.496418493596878e-06,9.496418493596878e-06,9.496418493596878e-06,-3.798567397438751e-05,9.496418493596878e-06
13,3,Backdoor,0.01566365663903367,0.0438847789656659,-0.005903479877369485,0.015744042578117963,-0.05131713936217073
13,3,DDoS_HTTP,0.02786771535670809,0.052999545342287124,-0.005183083377000007,0.008273713337505716,-0.037715507736999256
13,3,DDoS_ICMP,2.223526497868722e-07,-5.812004174155505e-05,0.0001732995884001165,2.223526497868722e-07,-0.0001156242519581352
13,3,DDoS_TCP,0.0005255314698492535,0.00043467663728375403,-0.0005713240266840965,0.00010926876430473187,-0.0010213595958085261
13,3,DDoS_UDP,4.291846196077254e-05,-2.8571386480746862e-05,4.291846196077254e-05,4.291846196077254e-05,-0.00010018399940157075
13,3,Fingerprinting,-0.020689655172413793,-0.020689655172413793,0.08275862068965517,-0.020689655172413793,-0.020689655172413793
13,3,MITM,0.0,0.0,0.0,0.0,0.0
13,3,Normal,6.665907653256032e-05,0.000369951431958343,7.466230218650672e-05,1.585022763767596e-05,-0.00031009455275726185
13,3,Password,-0.0028705998813767833,-0.00035023648822210215,0.00323120889403619,0.011474188392850582,-0.007150913868764173
13,3,Port_Scanning,0.0,0.0,0.0,0.0,0.0
13,3,Ransomware,-0.05581344822998588,-0.03540947924773721,-0.17861491266464743,0.05611154198886302,0.21372629815350744
13,3,SQL_injection,-0.024708921604721268,-0.03526217373788237,-0.047383305825978723,-0.05751762951885117,0.013175423901006325
13,3,Uploading,0.02153258937130349,0.02432658860706484,-0.031147555832238185,-0.006120785559348187,-2.3854959716849976e-05
13,3,Vulnerability_scanner,0.0026643785407593303,0.0022570882184107057,-0.014717925971047567,-0.01326806298287698,0.003052830947153575
13,3,XSS,0.0,0.0,0.0,0.0,0.0
13,4,Backdoor,0.006818878650268875,0.03620978661286177,0.0012585091465964593,0.010981898402117683,-0.04929582258460142
13,4,DDoS_HTTP,0.03860942812419577,0.005506496961351067,0.014411117920715238,0.007275954775917694,-0.032599677450146615
13,4,DDoS_ICMP,-1.1916245738293381e-05,0.00013811598711406802,6.262446046181683e-05,0.0002288596631866313,-0.0004176838650242228
13,4,DDoS_TCP,0.0002752786683237585,0.00013743722738092102,0.00023704076629487518,0.0002752786683237585,-8.97032257743217e-06
13,4,DDoS_UDP,0.0002408617537174788,-0.0003002400539318736,3.0370758360294865e-05,-0.00011999574392888198,0.00014900328578298187
13,4,Fingerprinting,-0.005555555555555555,-0.005555555555555555,0.02222222222222222,-0.005555555555555555,-0.005555555555555555
13,4,MITM,0.0,0.0,0.0,0.0,0.0
13,4,Normal,4.883548271149378e-05,0.0001422947490494079,7.386529143875534e-05,2.9918939574358204e-05,-0.00016920694624605325
13,4,Password,-0.0005567564441945671,-0.005328967091452473,0.003116047341169438,0.006682366590570493,-0.004460784231994705
13,4,Port_Scanning,0.0,0.0,0.0,0.0,0.0
13,4,Ransomware,-0.050836751958842095,-0.030166624046509175,-0.15956094338980045,0.05568199686346807,0.18488232253168366
13,4,SQL_injection,-0.017404542470470477,-0.03309610468829451,-0.04534355155112455,-0.05494872766998367,0.013103503253556907
13,4,Uploading,0.0012239399505421546,0.006575257549858614,-0.007088821029438994,0.0005544342896164796,0.002336340473595814
13,4,Vulnerability_scanner,0.0014239781517377222,0.000654718977678979,-0.0107469524207447,-0.01042886406757405,0.0018633472373366434
13,4,XSS,2.9032843404100742e-05,2.9032843404100742e-05,2.9032843404100742e-05,-0.00011613137361640297,2.9032843404100742e-05
13,Aggregated,Backdoor,0.012874731978957655,0.0422437092799177,-0.0037206202022404783,0.013536498381978724,-0.05197415050006857
13,Aggregated,DDoS_HTTP,0.02651478003608577,0.04693718869866519,-0.002658247126613046,0.009690040309848403,-0.03300230669081625
13,Aggregated,DDoS_ICMP,-3.553160285966565e-06,8.227433099122957e-05,5.532698542442353e-05,0.00011611734260480641,-0.00025016549873449294
13,Aggregated,DDoS_TCP,0.0006329660531916081,6.320556321706324e-05,0.00010554405798410827,0.00022041029674527702,-0.0005591535499262075
13,Aggregated,DDoS_UDP,9.554878681274544e-05,-4.922668909151939e-05,5.2671592168003954e-05,-9.672603294708093e-07,-9.80264295597592e-05
13,Aggregated,Fingerprinting,-0.012612612612612612,-0.012612612612612612,0.05045045045045045,-0.012612612612612612,-0.012612612612612612
13,Aggregated,MITM,0.0,0.0,0.0,0.0,0.0
13,Aggregated,Normal,4.8148008807941126e-05,0.0002109793383662221,9.14946211620804e-05,8.309367910082633e-05,-0.00023008362992390323
13,Aggregated,Password,-0.001071541024371503,-0.005908996270256695,0.004300265712902241,0.008685901556709948,-0.004052871727055608
13,Aggregated,Port_Scanning,0.0,0.0,0.0,0.0,0.0
13,Aggregated,Ransomware,-0.046367663242596904,-0.027722359410007533,-0.14532914972008898,0.04635442006870357,0.17306475230398985
13,Aggregated,SQL_injection,-0.02068740513808842,-0.03312378913823261,-0.0430138010522804,-0.05592668452973981,0.013263430064695486
13,Aggregated,Uploading,0.008697369353637326,0.024295946712377812,-0.02684242916950967,-0.001779005173657149,0.0007979284921371907
13,Aggregated,Vulnerability_scanner,0.002392245088839749,0.001098109592490896,-0.012439782923184815,-0.012092770087903267,0.002833546939157755
13,Aggregated,XSS,1.045500167280028e-05,1.045500167280028e-05,1.045500167280028e-05,-4.182000669120112e-05,1.045500167280028e-05
13,Centralized,Backdoor,0.012874731978957655,0.0422437092799177,-0.0037206202022404783,0.013536498381978724,-0.05197415050006857
13,Centralized,DDoS_HTTP,0.02651478003608577,0.04693718869866519,-0.002658247126613046,0.009690040309848403,-0.03300230669081625
13,Centralized,DDoS_ICMP,-3.553160285966565e-06,8.227433099122957e-05,5.532698542442353e-05,0.00011611734260480641,-0.00025016549873449294
13,Centralized,DDoS_TCP,0.0006329660531916081,6.320556321706324e-05,0.00010554405798410827,0.00022041029674527702,-0.0005591535499262075
13,Centralized,DDoS_UDP,9.554878681274544e-05,-4.922668909151939e-05,5.2671592168003954e-05,-9.672603294708093e-07,-9.80264295597592e-05
13,Centralized,Fingerprinting,-0.012612612612612612,-0.012612612612612612,0.05045045045045045,-0.012612612612612612,-0.012612612612612612
13,Centralized,MITM,0.0,0.0,0.0,0.0,0.0
13,Centralized,Normal,4.8148008807941126e-05,0.0002109793383662221,9.14946211620804e-05,8.309367910082633e-05,-0.00023008362992390323
13,Centralized,Password,-0.001071541024371503,-0.005908996270256695,0.004300265712902241,0.008685901556709948,-0.004052871727055608
13,Centralized,Port_Scanning,0.0,0.0,0.0,0.0,0.0
13,Centralized,Ransomware,-0.046367663242596904,-0.027722359410007533,-0.14532914972008898,0.04635442006870357,0.17306475230398985
13,Centralized,SQL_injection,-0.02068740513808842,-0.03312378913823261,-0.0430138010522804,-0.05592668452973981,0.013263430064695486
13,Centralized,Uploading,0.008697369353637326,0.024295946712377812,-0.02684242916950967,-0.001779005173657149,0.0007979284921371907
13,Centralized,Vulnerability_scanner,0.002392245088839749,0.001098109592490896,-0.012439782923184815,-0.012092770087903267,0.002833546939157755
13,Centralized,XSS,1.045500167280028e-05,1.045500167280028e-05,1.045500167280028e-05,-4.182000669120112e-05,1.045500167280028e-05
14,0,Backdoor,0.028736719334331032,0.02019448815296236,0.026769593722418127,-0.05007639593738449,0.012811158052001542
14,0,DDoS_HTTP,0.006480830343801495,-0.007792617433760563,0.032049559002791814,0.03525759178371889,-0.03214431734352709
14,0,DDoS_ICMP,-0.0005672761094815071,0.00016417042223241252,-0.00016038177991622437,0.00029855155329839287,0.00026493591386692603
14,0,DDoS_TCP,0.03540843194409147,0.035261832066682215,-0.1400212026781937,0.03501747408274739,0.03491956785813404
14,0,DDoS_UDP,2.9069767441858295e-05,-0.00011627906976743318,2.9069767441858295e-05,2.9069767441858295e-05,2.9069767441858295e-05
14,0,Fingerprinting,0.08042477961832799,-0.07435500016145176,0.11486244308824953,-0.046577222383674,-0.07435500016145176
14,0,MITM,0.05,0.05,-0.2,0.05,0.05
14,0,Normal,0.00024647077579990445,-0.00025064069935547734,0.0003608698545837045,7.128594998365156e-05,-0.00012244816528172997
14,0,Password,0.0009431614273095884,-0.0010688671070280611,0.009146381067709094,0.008724821707591281,-0.0007352556223130987
14,0,Port_Scanning,-0.022798434442270057,-0.022798434442270057,0.09119373776908023,-0.022798434442270057,-0.022798434442270057
14,0,Ransomware,0.10914871470208751,0.1093331274639621,0.0012186821998719298,0.08876769445136626,0.10737336534112799
14,0,SQL_injection,0.036445375865612875,-0.008512881865311338,0.06106881185571368,-0.00269935844825903,0.06769850990614819
14,0,Uploading,0.015841548929612165,0.012221432950709609,-0.04202428752125853,0.0038862568191862946,-0.001766908749245131
14,0,Vulnerability_scanner,0.007242718301551239,-0.0010025125942440428,0.009605910866344124,-7.871122928621021e-06,0.009492401829648677
14,0,XSS,0.0,0.0,0.0,0.0,0.0
14,1,Backdoor,0.023024304062329786,0.02377506292949483,0.029338108714415792,-0.06325239414986986,0.01824462906737734
14,1,DDoS_HTTP,0.013128250210589882,-0.011343836063767236,0.03178211207924683,0.015591933051525628,-0.0196801211493162
14,1,DDoS_ICMP,-0.0003313387854696222,-0.0002910055670122369,0.0003241797404206474,0.00014884718120283618,0.00014931743085837556
14,1,DDoS_TCP,0.029586291248977492,0.029449265050171463,-0.11680560775434586,0.02879956624587424,0.02897048520932266
14,1,DDoS_UDP,2.2540964903389195e-05,-0.00011815623936115572,-5.451414844209746e-06,-5.451414844209746e-06,0.000106518104146186
14,1,Fingerprinting,0.06320215821191748,-0.06176448939623956,0.11704080492629615,-0.056713984345734506,-0.06176448939623956
14,1,MITM,0.016666666666666666,0.016666666666666666,0.016666666666666666,0.016666666666666666,-0.06666666666666667
14,1,Normal,0.00022074285405604966,-0.00018715341942360613,0.00020839006617223338,-0.0001231354185348273,9.853742235062338e-05
14,1,Password,-0.0007234997124997806,-0.0014644200637030406,0.002539669515342065,0.006394828675144309,-0.0008583536754212519
14,1,Port_Scanning,-0.03169469598965071,-0.03169469598965071,0.12677878395860284,-0.03169469598965071,-0.03169469598965071
14,1,Ransomware,0.08085950886265755,0.13909894382303375,-0.018879177027047122,0.0824174985135871,0.0929738140630627
14,1,SQL_injection,0.02316297761513571,-0.007542676243784447,0.04889046511983763,-0.0021609584648462103,0.05919648260481815
14,1,Uploading,0.012540314220017258,0.005398357045222875,-0.03906037075695403,0.006199201402477418,-0.002181187957118582
14,1,Vulnerability_scanner,0.0017573147679265932,-0.0007387493166854664,0.0055909380445224865,3.557198954060037e-05,0.007485516688706811
14,1,XSS,0.0,0.0,0.0,0.0,0.0
14,2,Backdoor,0.035008210536323664,0.035171875579018276,0.030354290536928043,-0.0289769090243819,0.009032621229929289
14,2,DDoS_HTTP,0.009242890308851753,-0.016475314859623634,0.031053600310263014,0.03807277242437938,-0.027252121896017927
14,2,DDoS_ICMP,-0.00037260715850245265,6.266069628588778e-05,-0.0003089323669996036,0.00029861998710387636,0.00032025884211229203
14,2,DDoS_TCP,0.040109719258766385,0.03978172077282245,-0.15591285854919631,0.037964891104181595,0.03883512064795909
14,2,DDoS_UDP,7.027406886858656e-05,-0.00028109627547434624,7.027406886858656e-05,7.027406886858656e-05,7.027406886858656e-05
14,2,Fingerprinting,0.04967772692601068,-0.05585240274599543,0.10121281464530893,-0.03918573607932876,-0.05585240274599543
14,2,MITM,0.0,0.0,0.0,0.0,0.0
14,2,Normal,0.00016427450086735628,-9.330203129185865e-05,0.00025210551568487504,0.00014656322778240914,-0.0001259094090573898
14,2,Password,0.00041065650806749315,-0.006843271653586205,0.00971947701665025,0.013957104650367314,-2.0177188564049486e-06
14,2,Port_Scanning,-0.017857142857142856,-0.017857142857142856,0.07142857142857142,-0.017857142857142856,-0.017857142857142856
14,2,Ransomware,0.09112700171519746,0.1357069466067419,-0.0133993599952452,0.08777330242323972,0.10606483652279372
14,2,SQL_injection,0.02794202458957767,-0.003697979368446391,0.0483459488605239,-0.0012527529030253244,0.05611373921352696
14,2,Uploading,0.019100741386661946,0.006275197433102791,-0.05490148450464732,0.0063657139946457384,-0.006782936431540983
14,2,Vulnerability_scanner,0.002458698968073127,-0.0002116983882327006,0.0031653376579314644,0.00038566313764252234,0.0033239078932497724
14,2,XSS,0.0,0.0,0.0,0.0,0.0
14,3,Backdoor,0.03114919925277433,0.03473514628755458,0.03068223343685805,-0.04750602543964141,0.015655764238153663
14,3,DDoS_HTTP,0.0144722006511151,-0.01837599586884602,0.035497497855170194,0.03751897628551924,-0.029819720360223123
14,3,DDoS_ICMP,-3.160573436837844e-05,-0.00016072768754363994,0.00043655824104752995,-2.558729669136691e-05,-0.00021863752244414466
14,3,DDoS_TCP,0.03667189418961754,0.036921939073249435,-0.14425631827158839,0.035691801193385435,0.03601779539183
14,3,DDoS_UDP,5.2464078347809934e-05,-4.291026595355518e-05,5.2464078347809934e-05,5.2464078347809934e-05,-0.00011448196908987462
14,3,Fingerprinting,0.1115,-0.09572222222222224,0.14900000000000002,-0.06905555555555556,-0.09572222222222224
14,3,MITM,0.009999999999999998,0.009999999999999998,-0.039999999999999994,0.009999999999999998,0.009999999999999998
14,3,Normal,0.0001808473333400377,-1.8388781147882226e-05,0.00020318206148290202,6.808408768695003e-05,-0.00012293637313794218
14,3,Password,-0.00041907778696254755,-0.005926664044706562,0.0061022949298046025,0.01031414673549413,0.0013161301158816155
14,3,Port_Scanning,-0.022358078602620086,-0.022358078602620086,0.08943231441048034,-0.022358078602620086,-0.022358078602620086
14,3,Ransomware,0.13130346635608958,0.15750472503368743,-0.009017589433667206,0.13465933035800487,0.14176308543736466
14,3,SQL_injection,0.031425549360553126,-0.003974087843804459,0.05665711237749091,-0.0029804232073783205,0.06644466484711932
14,3,Uploading,0.016498858297586856,0.01223602988507614,-0.04694057328004986,0.0023751419633469984,0.00029973287151537027
14,3,Vulnerability_scanner,0.004358150854894802,-0.0006635063818408134,0.007292792245884901,6.011425623599909e-05,0.008113180810300725
14,3,XSS,0.0,0.0,0.0,0.0,0.0
14,4,Backdoor,0.024204048238349974,0.03946947886198932,0.019577384868307148,-0.07424366038599432,0.028594066817778305
14,4,DDoS_HTTP,0.029354809104774917,0.023852188530180823,0.0356977974565191,-0.042585365012556935,-0.002755073643274304
14,4,DDoS_ICMP,-0.0007427852924422774,8.36147705598959e-05,-0.00033431659014461766,0.00045893779926269674,0.0005345493127643024
14,4,DDoS_TCP,0.03672230108231343,0.03611095111128035,-0.14497785604546834,0.036530791260864365,0.03607266741535682
14,4,DDoS_UDP,0.0001807544785012105,-1.3238908067925158e-06,3.146757541983014e-07,-0.0002702798405763207,9.05345771277044e-05
14,4,Fingerprinting,0.023203923735838627,-0.039025513493598604,0.09387261674495719,-0.039025513493598604,-0.039025513493598604
14,4,MITM,0.004546485260770972,0.004546485260770972,-0.013509070294784575,0.004546485260770972,-0.00013038548752833946
14,4,Normal,0.00022446018373097157,-9.010329648165653e-05,0.00014210726404123203,-0.00019543467844695405,0.0001013777842601297
14,4,Password,0.0031889919667387203,-0.004129934144066534,0.003047045737519168,0.007352312904958239,0.0024322622598777687
14,4,Port_Scanning,-0.025,-0.025,0.1,-0.025,-0.025
14,4,Ransomware,0.12932686758546275,0.14879016419917843,-0.011605788110063324,0.11309606767818739,0.13763406795757957
14,4,SQL_injection,0.028577286061940283,-0.0071604651179146845,0.059248810195549666,-0.0027268248275883152,0.06443148358682
14,4,Uploading,0.003443170831842837,0.008142778654685821,-0.017253722041604802,0.002468531065924946,-0.002194957347544689
14,4,Vulnerability_scanner,0.0025712766788509827,-0.00015146322992471244,0.004474187382053117,0.0004242012119045679,0.005763172638968487
14,4,XSS,0.0,0.0,0.0,0.0,0.0
14,Aggregated,Backdoor,0.029074374559314203,0.03134669455330064,0.02784640717641391,-0.05238944992744354,0.01717041718234549
14,Aggregated,DDoS_HTTP,0.012138161603543291,-0.012611872394472147,0.03326053236530695,0.028523974823961486,-0.026074807272273525
14,Aggregated,DDoS_ICMP,-0.00043522579423293704,-9.828773718972839e-06,-3.585167168360659e-05,0.0002515809886316445,0.000229325251003872
14,Aggregated,DDoS_TCP,0.03565347547088187,0.035455713546246555,-0.14023733481878295,0.03476160517971646,0.0349300838955265
14,Aggregated,DDoS_UDP,6.767593155991847e-05,-0.0001097636651002487,3.0130461754788544e-05,-1.813932506389467e-05,3.0096596849436368e-05
14,Aggregated,Fingerprinting,0.06754773816968938,-0.06566572858036272,0.1155605586825099,-0.051776839691473835,-0.06566572858036272
14,Aggregated,MITM,0.006353861192570876,0.006353861192570876,-0.017888563049853385,0.006353861192570876,-0.001173020527859242
14,Aggregated,Normal,0.00020697610185628582,-0.0001283555828043052,0.00023408257372893685,-4.599990238916366e-06,-3.527715339221027e-05
14,Aggregated,Password,0.0006240062393957223,-0.0039027109878574675,0.006439716301370826,0.009660179575127902,0.0002157935183209919
14,Aggregated,Port_Scanning,-0.02461866491717238,-0.02461866491717238,0.09847465966868953,-0.02461866491717238,-0.02461866491717238
14,Aggregated,Ransomware,0.10723710965592272,0.1394627938969453,-0.01065085828669384,0.10195210312239412,0.11776292667845581
14,Aggregated,SQL_injection,0.02943529439244084,-0.006580387116397857,0.0557314114227465,-0.002465656313756304,0.06329849141051949
14,Aggregated,Uploading,0.01397242251943549,0.00922020368322598,-0.04116484182203507,0.004200147799882075,-0.002387668075343724
14,Aggregated,Vulnerability_scanner,0.0033513127493591016,-0.0004799707912215345,0.0056767660902474985,0.0002219680212956617,0.0066244223229745495
14,Aggregated,XSS,0.0,0.0,0.0,0.0,0.0
14,Centralized,Backdoor,0.029074374559314203,0.03134669455330064,0.02784640717641391,-0.05238944992744354,0.01717041718234549
14,Centralized,DDoS_HTTP,0.012138161603543291,-0.012611872394472147,0.03326053236530695,0.028523974823961486,-0.026074807272273525
14,Centralized,DDoS_ICMP,-0.00043522579423293704,-9.828773718972839e-06,-3.585167168360659e-05,0.0002515809886316445,0.000229325251003872
14,Centralized,DDoS_TCP,0.03565347547088187,0.035455713546246555,-0.14023733481878295,0.03476160517971646,0.0349300838955265
14,Centralized,DDoS_UDP,6.767593155991847e-05,-0.0001097636651002487,3.0130461754788544e-05,-1.813932506389467e-05,3.0096596849436368e-05
14,Centralized,Fingerprinting,0.06754773816968938,-0.06566572858036272,0.1155605586825099,-0.051776839691473835,-0.06566572858036272
14,Centralized,MITM,0.006353861192570876,0.006353861192570876,-0.017888563049853385,0.006353861192570876,-0.001173020527859242
14,Centralized,Normal,0.00020697610185628582,-0.0001283555828043052,0.00023408257372893685,-4.599990238916366e-06,-3.527715339221027e-05
14,Centralized,Password,0.0006240062393957223,-0.0039027109878574675,0.006439716301370826,0.009660179575127902,0.0002157935183209919
14,Centralized,Port_Scanning,-0.02461866491717238,-0.02461866491717238,0.09847465966868953,-0.02461866491717238,-0.02461866491717238
14,Centralized,Ransomware,0.10723710965592272,0.1394627938969453,-0.01065085828669384,0.10195210312239412,0.11776292667845581
14,Centralized,SQL_injection,0.02943529439244084,-0.006580387116397857,0.0557314114227465,-0.002465656313756304,0.06329849141051949
14,Centralized,Uploading,0.01397242251943549,0.00922020368322598,-0.04116484182203507,0.004200147799882075,-0.002387668075343724
14,Centralized,Vulnerability_scanner,0.0033513127493591016,-0.0004799707912215345,0.0056767660902474985,0.0002219680212956617,0.0066244223229745495
14,Centralized,XSS,0.0,0.0,0.0,0.0,0.0
15,0,Backdoor,-0.12476423007421547,-0.042773512558450175,0.08472824222396903,0.027398428166955965,0.07780849603830949
15,0,DDoS_HTTP,0.013578098655649245,0.017783017618793993,-0.021777730254256066,0.02159153741655968,-0.01050041768665
15,0,DDoS_ICMP,0.00017132500999708828,8.74727674798829e-05,0.00011964442609807743,8.74727674798829e-05,-0.0004659149710549315
15,0,DDoS_TCP,0.02697543461296338,0.040791819806222755,-0.14866666252499663,0.040058968537264365,0.04025433629508478
15,0,DDoS_UDP,0.00027653118457469467,0.00015538602113931987,0.00027653118457469467,-6.270063195751296e-05,-0.0006457477583311962
15,0,Fingerprinting,-0.011801242236024845,-0.03561076604554865,0.11863354037267079,-0.03561076604554865,-0.03561076604554865
15,0,MITM,0.08333333333333333,0.08333333333333333,0.0,-0.25,0.08333333333333333
15,0,Normal,-9.65525685643324e-05,0.0001315624296557405,2.552362291146452e-05,-4.832893548225211e-06,4.677567015379432e-05
15,0,Password,-0.004944540005581035,0.00043248981595788485,0.00047461944386653306,0.0036889711423675835,0.0003484596033890346
15,0,Port_Scanning,0.001145872776267509,-0.035720755062987004,0.10601639241269352,-0.035720755062987004,-0.035720755062987004
15,0,Ransomware,-0.08723031174449937,-0.07541223313349957,-0.018096688275769653,0.07275351116873544,0.08389671514620518
15,0,SQL_injection,0.008554568397380207,-0.03556274702430968,-0.007654099352080414,-0.0016228936686704036,0.040802013929869325
15,0,Uploading,0.008884717396036024,0.015251868812405632,-0.013758876791939973,0.013164340667382823,-0.012763841053644089
15,0,Vulnerability_scanner,0.002721012207592018,0.002769837248231151,-0.009047463781646376,0.0017814583673408527,0.0017751559584823552
15,0,XSS,0.0,0.0,0.0,0.0,0.0
15,1,Backdoor,-0.137769410660387,-0.05183663849799517,0.09446935375966434,0.027779251082408304,0.08052217277967202
15,1,DDoS_HTTP,-0.006079846361775289,0.005617103394456416,-0.006987886249468585,0.023508346730732734,0.005554883731526668
15,1,DDoS_ICMP,0.00045843340256604415,8.788636766298337e-05,0.0005481380315535503,6.496567198371883e-05,-0.001437890763491767
15,1,DDoS_TCP,0.024292067749725192,0.03460462093479503,-0.12502938547642012,0.0332032268431732,0.03333997897992534
15,1,DDoS_UDP,0.0003491926803326199,0.0003488156152662551,0.0002931890961032246,6.777879901229873e-05,-0.0007230676337432111
15,1,Fingerprinting,-0.006062717770034842,-0.02034843205574913,0.06710801393728222,-0.02034843205574913,-0.02034843205574913
15,1,MITM,0.0,0.0,0.0,0.0,0.0
15,1,Normal,-0.00024705409340913066,-1.9372638866469818e-05,0.0001493161988988782,7.00281400625243e-05,9.532019900771645e-05
15,1,Password,-0.0019031288691860894,-0.0008815284108113858,-0.00013964309912741085,0.003235356169469432,-0.00031105579034454575
15,1,Port_Scanning,-0.009566678168132062,-0.04573717796345044,0.14677821205848338,-0.04573717796345044,-0.04573717796345044
15,1,Ransomware,-0.07648488931022651,-0.06176513405239554,-0.022047282049562338,0.07232346355794596,0.06864611076180145
15,1,SQL_injection,0.005200242786695618,-0.024723345723264477,-0.0021341636485754543,-0.010474622540103716,0.032699887634819895
15,1,Uploading,0.008551812697080845,0.016476156753725275,-0.01195391953698425,0.011957561045830074,-0.010428022573361768
15,1,Vulnerability_scanner,0.0022466457502991494,0.00211068408890213,-0.004209915217288787,-0.0009919601781203731,0.0015583503914467427
15,1,XSS,0.0,0.0,0.0,0.0,0.0
15,2,Backdoor,-0.10117079379208826,-0.03030779883914158,0.058909643338710585,0.032345416137081216,0.06826935234508415
15,2,DDoS_HTTP,0.015762392892955057,0.01773575967224259,-0.02226317383457183,0.021758936392162486,-0.0031811902063585197
15,2,DDoS_ICMP,0.0002488196020883959,0.00014175952694813938,0.00011888572206631421,0.00014175952694813938,-0.0006512243780509889
15,2,DDoS_TCP,0.030845437977845485,0.04634794643149562,-0.1677463341176918,0.0455124835506717,0.045818020575354855
15,2,DDoS_UDP,0.000410390053033897,0.00020545487327223907,0.000410390053033897,-0.00014591547107069373,-0.0008803195082693393
15,2,Fingerprinting,-0.006293706293706294,-0.021445221445221443,0.07062937062937064,-0.021445221445221443,-0.021445221445221443
15,2,MITM,0.0,0.0,0.0,0.0,0.0
15,2,Normal,6.44623352801669e-05,0.00021535151534963216,-4.533087536129724e-05,-9.703244008709699e-05,9.296421136232303e-05
15,2,Password,-0.003963424761444022,-0.0005465327846467092,0.0020555993150111725,0.0014164888388885535,0.00450699848869652
15,2,Port_Scanning,-0.0020763529282882397,-0.027365063151836046,0.08417154238379636,-0.027365063151836046,-0.027365063151836046
15,2,Ransomware,-0.0965839051198497,-0.07860564519371582,-0.02155281100044245,0.07407858414628743,0.07902741353135675
15,2,SQL_injection,0.010526523404038302,-0.028783398718697662,-0.005391053453917995,-0.0012386811608132728,0.03180255460183326
15,2,Uploading,0.010470123908168616,0.023356348876239778,-0.013600063822748,0.019443032071861484,-0.011302692001910771
15,2,Vulnerability_scanner,0.0015679780539443596,0.0014193881681824653,-0.003801038873780847,-0.00041166872433479604,0.001225341375988818
15,2,XSS,0.0,0.0,0.0,0.0,0.0
15,3,Backdoor,-0.13492193719227805,-0.04637023706252522,0.08851076022341112,0.032362097052335156,0.07651429387352275
15,3,DDoS_HTTP,0.013432242413993257,0.018000247620669315,-0.02111810202091818,0.027324343286953903,-0.0038551319010530125
15,3,DDoS_ICMP,8.851660323486166e-05,-7.737405358994772e-06,0.0004360521811591911,-7.737405358994772e-06,-0.0005090939736760632
15,3,DDoS_TCP,0.0320954931509173,0.042953932094765605,-0.15766109971385753,0.041103749335423025,0.041793258592899826
15,3,DDoS_UDP,0.00018145185873627196,0.00010990745220681627,0.00018145185873627196,3.837669398079243e-05,-0.0005111878636601526
15,3,Fingerprinting,-0.010267857142857143,-0.04002976190476191,0.13035714285714287,-0.04002976190476191,-0.04002976190476191
15,3,MITM,0.009999999999999998,0.009999999999999998,0.009999999999999998,-0.039999999999999994,0.009999999999999998
15,3,Normal,9.405111653080777e-05,0.00023786356518819922,-0.00013997816075874135,-5.024165037178137e-06,-4.887539550649985e-05
15,3,Password,-0.0050664674521238,-0.0032847670413952523,0.0033193260974669066,0.0021439240411290452,0.007106058803937126
15,3,Port_Scanning,0.0016322604607393063,-0.03591504349005134,0.1061128700094147,-0.03591504349005134,-0.03591504349005134
15,3,Ransomware,-0.09590149259452134,-0.08678129742443799,-0.027809966392516598,0.10124170501626019,0.11061379121949409
15,3,SQL_injection,0.011058133293936715,-0.03325422752349852,-0.003887045957032569,-0.00631040745316623,0.03682073210578003
15,3,Uploading,0.020611304619290886,0.016342656064774877,-0.017196584737296884,0.016844830330765503,-0.016906604888243772
15,3,Vulnerability_scanner,0.002498689609001418,0.002188808096985273,-0.005348503816876094,-0.001116329588369606,0.0017773356992590084
15,3,XSS,0.0,0.0,0.0,0.0,0.0
15,4,Backdoor,-0.1383713061500597,-0.06517897717822654,0.10616224953601175,0.014135722175860165,0.08404397278543409
15,4,DDoS_HTTP,-0.08413695804451725,-0.05311541733598731,0.07035232306532287,0.020141879396243765,0.029366868571111735
15,4,DDoS_ICMP,0.000427073672941534,8.146926894204339e-05,0.00016950285462139688,0.00014175162051872266,-0.000819797417023697
15,4,DDoS_TCP,0.029838903905263486,0.04186409851333492,-0.15575049503185712,0.04190882702042433,0.041679810768487834
15,4,DDoS_UDP,0.0002973285742929192,0.00023587100070354323,0.00020710867291941307,2.282296058549275e-05,-0.00040225160300734383
15,4,Fingerprinting,-0.00661764705882353,-0.01642156862745098,0.05588235294117647,-0.01642156862745098,-0.01642156862745098
15,4,MITM,0.0011524822695035465,0.0011524822695035465,0.0011524822695035465,-0.004609929078014186,0.0011524822695035465
15,4,Normal,-0.0001556492360011578,2.0288512675015193e-05,0.00015435444901772954,-3.6231874311676292e-06,9.004964384937512e-05
15,4,Password,-0.0033971438073217525,0.0008119434419170351,0.0012841953271287376,9.417259088443005e-05,0.004222540399884553
15,4,Port_Scanning,-0.003304458403699927,-0.0382795022455993,0.11814296514049781,-0.0382795022455993,-0.0382795022455993
15,4,Ransomware,-0.11882990573450222,-0.10271682517129378,-0.02436549629902086,0.09857743584981508,0.09856188051312544
15,4,SQL_injection,0.007013929427674652,-0.031720761480308175,-0.008313966313514809,-0.00495945755735441,0.039507012515402194
15,4,Uploading,0.004408563284533846,0.000620948509095975,-0.0011069293575026603,0.0034903930453270174,-0.002394395241635018
15,4,Vulnerability_scanner,0.0020204442683171525,0.0023246588189014873,-0.003680228458171364,-0.0024777413296622696,0.0018128667006149938
15,4,XSS,0.0,0.0,0.0,0.0,0.0
15,Aggregated,Backdoor,-0.12792490874429924,-0.04773040031667439,0.08681743166748257,0.02690623527889404,0.07765164992621036
15,Aggregated,DDoS_HTTP,0.004129013042184237,0.01148246618725725,-0.013269937911222765,0.024219387610344253,-0.00021288050019453256
15,Aggregated,DDoS_ICMP,0.0002787043938717241,7.71123494809641e-05,0.0002622654409358845,8.837057144527686e-05,-0.0007513418132908012
15,Aggregated,DDoS_TCP,0.028858020589885524,0.04122392225935422,-0.15079413432051278,0.040292777000417355,0.040505179260695495
15,Aggregated,DDoS_UDP,0.0002971743632728637,0.00020568490182125513,0.000270354591502057,-1.483196883844129e-05,-0.0006296486417637951
15,Aggregated,Fingerprinting,-0.008120300751879698,-0.027167919799498744,0.08962406015037594,-0.027167919799498747,-0.027167919799498744
15,Aggregated,MITM,0.0034096540786995775,0.0034096540786995775,0.0019030627415997647,-0.012132024977698497,0.0034096540786995775
15,Aggregated,Normal,-6.755527176105688e-05,0.00011791984564809011,2.7843911836789025e-05,-8.248827869790827e-06,5.524875228493468e-05
15,Aggregated,Password,-0.0037113435598439123,-0.0005078669396976478,0.0012766047006246063,0.0020864490943863973,0.002856277318592824
15,Aggregated,Port_Scanning,-0.002996344408770139,-0.03749158715123582,0.11547110586247761,-0.03749158715123582,-0.03749158715123582
15,Aggregated,Ransomware,-0.09618400053232214,-0.08177286334945728,-0.023004864825832468,0.08380546794540195,0.08857665171460317
15,Aggregated,SQL_injection,0.008023946777075271,-0.030930454752614543,-0.005885389400379781,-0.005131835195255486,0.03700729219577706
15,Aggregated,Uploading,0.01116764922548477,0.014525278775214335,-0.011790845096918275,0.01332054428655895,-0.011072177604003449
15,Aggregated,Vulnerability_scanner,0.0021670754438497014,0.00217230996528656,-0.004847523188077959,-0.0010008585632768686,0.001650027067082388
15,Aggregated,XSS,0.0,0.0,0.0,0.0,0.0
15,Centralized,Backdoor,-0.12792490874429924,-0.04773040031667439,0.08681743166748257,0.02690623527889404,0.07765164992621036
15,Centralized,DDoS_HTTP,0.004129013042184237,0.01148246618725725,-0.013269937911222765,0.024219387610344253,-0.00021288050019453256
15,Centralized,DDoS_ICMP,0.0002787043938717241,7.71123494809641e-05,0.0002622654409358845,8.837057144527686e-05,-0.0007513418132908012
15,Centralized,DDoS_TCP,0.028858020589885524,0.04122392225935422,-0.15079413432051278,0.040292777000417355,0.040505179260695495
15,Centralized,DDoS_UDP,0.0002971743632728637,0.00020568490182125513,0.000270354591502057,-1.483196883844129e-05,-0.0006296486417637951
15,Centralized,Fingerprinting,-0.008120300751879698,-0.027167919799498744,0.08962406015037594,-0.027167919799498747,-0.027167919799498744
15,Centralized,MITM,0.0034096540786995775,0.0034096540786995775,0.0019030627415997647,-0.012132024977698497,0.0034096540786995775
15,Centralized,Normal,-6.755527176105688e-05,0.00011791984564809011,2.7843911836789025e-05,-8.248827869790827e-06,5.524875228493468e-05
15,Centralized,Password,-0.0037113435598439123,-0.0005078669396976478,0.0012766047006246063,0.0020864490943863973,0.002856277318592824
15,Centralized,Port_Scanning,-0.002996344408770139,-0.03749158715123582,0.11547110586247761,-0.03749158715123582,-0.03749158715123582
15,Centralized,Ransomware,-0.09618400053232214,-0.08177286334945728,-0.023004864825832468,0.08380546794540195,0.08857665171460317
15,Centralized,SQL_injection,0.008023946777075271,-0.030930454752614543,-0.005885389400379781,-0.005131835195255486,0.03700729219577706
15,Centralized,Uploading,0.01116764922548477,0.014525278775214335,-0.011790845096918275,0.01332054428655895,-0.011072177604003449
15,Centralized,Vulnerability_scanner,0.0021670754438497014,0.00217230996528656,-0.004847523188077959,-0.0010008585632768686,0.001650027067082388
15,Centralized,XSS,0.0,0.0,0.0,0.0,0.0
16,0,Backdoor,-0.007085312931820316,0.009038744934757252,-0.004400768958069253,0.010435408441636993,-0.002845971988032344
16,0,DDoS_HTTP,0.012432817072741362,-0.001281455281711714,-0.0007785232357945852,0.010679260393590136,-0.005693216091070305
16,0,DDoS_ICMP,-0.000214781181081547,5.3872610750042386e-05,0.00015398312490585802,2.025697131857555e-05,-1.3331525892928964e-05
16,0,DDoS_TCP,0.0348890119629912,0.035818566245524756,-0.13922714965317043,0.03459573798055738,0.03450993673755851
16,0,DDoS_UDP,-0.00020358983724988455,0.0001357265581665897,0.0001357265581665897,0.0001357265581665897,-0.00020358983724988455
16,0,Fingerprinting,-0.044444444444444446,-0.016666666666666666,0.15,-0.04444444444444444,-0.04444444444444444
16,0,MITM,0.16666666666666666,0.16666666666666666,-0.16666666666666666,-0.16666666666666666,0.0
16,0,Normal,0.0002190198207461543,0.00014726029664421196,-0.00033638480842670775,0.00014689537327590153,-7.129058835188736e-06
16,0,Password,0.0010777605824945585,-0.004259652710635792,0.002582566561205673,-0.00024302269274723286,0.000842348259682793
16,0,Port_Scanning,-0.02287390029325513,-0.02287390029325513,0.09149560117302052,-0.02287390029325513,-0.02287390029325513
16,0,Ransomware,-0.016466536915300905,0.057980541798529614,-0.0004194846720088158,0.041551234024712294,0.016510759353571082
16,0,SQL_injection,-0.008841510240427917,0.011150343810492852,0.009937735754241667,-0.031789404085238206,0.01280763533740258
16,0,Uploading,0.0015810237360487085,0.012527635983361119,-0.0015725853813328445,0.0009013035961239822,-0.010500154315021226
16,0,Vulnerability_scanner,-0.007537451261416528,0.0027307661032462405,0.0013688186796945168,0.0017189332392378853,0.0017189332392378853
16,0,XSS,0.0,0.0,0.0,0.0,0.0
16,1,Backdoor,-0.00938879908792754,0.009653295691678792,-0.0041458337683220456,-0.00011086467182946368,0.003992201836400261
16,1,DDoS_HTTP,0.010589787891252747,-0.0022249488834556676,-0.020744651963870445,0.0024660439434866484,0.0013844883798692059
16,1,DDoS_ICMP,-0.0008149377271546668,0.0002042824851380872,0.0006429579326903134,0.00018106388459966186,6.51007144520747e-05
16,1,DDoS_TCP,0.028858606983560367,0.03039622785000775,-0.11649211110892939,0.02984884184500929,0.027388434430351962
16,1,DDoS_UDP,-0.00015252916996836842,0.00010189404327169045,7.388283878989413e-05,0.00010189404327169045,-0.0004610503123360939
16,1,Fingerprinting,-0.028150537634408602,-0.022774193548387098,0.1072258064516129,-0.028150537634408602,-0.028150537634408602
16,1,MITM,0.0423076923076923,0.0423076923076923,0.0423076923076923,0.0423076923076923,-0.1692307692307692
16,1,Normal,0.00022007199488635425,-6.154464936599288e-06,-0.000687908254953871,4.8860786231894975e-05,8.042113020048461e-05
16,1,Password,0.003235239777743316,-0.005155924223544518,-2.5570877871719983e-05,-0.005373838822521939,0.007320094146194869
16,1,Port_Scanning,-0.031653746770025845,-0.031653746770025845,0.12661498708010338,-0.031653746770025845,-0.031653746770025845
16,1,Ransomware,-0.020456909175209672,0.0862999113481997,0.013129028348919974,0.07141265599532638,0.02188422104578885
16,1,SQL_injection,-0.009577548372773829,0.008419925628995996,0.009271104901828938,-0.024575115344005288,0.015889111437109697
16,1,Uploading,0.0006149703803891473,0.01322748893771772,-0.002426061672351543,-0.00150043408451465,-0.009089527952196332
16,1,Vulnerability_scanner,-0.004295493584289334,0.0013998526997008765,0.00025071842840683755,0.0009655588104713786,0.0009655588104713786
16,1,XSS,0.0,0.0,0.0,0.0,0.0
16,2,Backdoor,-0.003795716288702635,0.010225267111507263,-0.005983075534435143,0.0036608957961148437,-0.002141332383147171
16,2,DDoS_HTTP,0.01046751509232294,-0.0003743591053846538,-0.0034944930613470438,0.005280701136182389,-0.004161689103987883
16,2,DDoS_ICMP,-0.0003302053436347689,0.00012044202706483025,5.482293044354695e-05,9.894778756550093e-05,5.599259856089075e-05
16,2,DDoS_TCP,0.03896558042840036,0.04081408733649057,-0.15577195103162164,0.03849139672531144,0.037500886541419295
16,2,DDoS_UDP,-0.0003515680557530876,0.00023437870383539173,0.00023437870383539173,0.00023437870383539173,-0.0003515680557530876
16,2,Fingerprinting,-0.03333333333333333,-0.0125,0.1125,-0.03333333333333333,-0.03333333333333333
16,2,MITM,0.0375,0.0375,0.0375,0.0375,-0.15
16,2,Normal,0.00012827147766101277,0.00030911329111751504,-0.00019435835796674888,0.00017693460890259952,7.308474966376358e-05
16,2,Password,0.0036304152169785884,-0.008364009433763515,0.004954427593087308,-0.005101662657369086,0.010059860870636565
16,2,Port_Scanning,-0.017788461538461538,-0.017788461538461538,0.07115384615384615,-0.017788461538461538,-0.017788461538461538
16,2,Ransomware,-0.025253380858033303,0.08649813269450017,0.016124953474641893,0.06484221490149032,0.0305755572106399
16,2,SQL_injection,-0.006666648503292199,0.008923609649305555,0.007195769703118669,-0.021671376408946372,0.011872339051915879
16,2,Uploading,0.0030172614937193764,0.013209937618925714,-0.0055350909333356955,-0.0030927922419055,-0.007207414393185391
16,2,Vulnerability_scanner,-0.005379167456485495,0.001461686574377602,0.001433242433659343,0.001217254524688388,0.001266983923760162
16,2,XSS,0.0,0.0,0.0,0.0,0.0
16,3,Backdoor,-0.010127844811803696,0.012481621441782128,-0.004734860129934262,0.002293640497987955,0.003479492204862252
16,3,DDoS_HTTP,0.006991197769287888,-0.000819685806854926,-0.004969002976477783,0.0059456006282146,-0.002800464077277071
16,3,DDoS_ICMP,-0.00020857133605720613,-1.542177287604344e-05,0.0003901303152626786,-7.341247488014494e-05,-9.272473144928406e-05
16,3,DDoS_TCP,0.035782381521222796,0.037528718278516754,-0.14379459974083936,0.035695754643513836,0.03478774529758597
16,3,DDoS_UDP,-8.586147681740596e-05,8.108457062027859e-05,9.553812394254753e-06,8.108457062027859e-05,-8.586147681740596e-05
16,3,Fingerprinting,-0.04202898550724637,-0.020289855072463767,0.1463768115942029,-0.04202898550724638,-0.04202898550724638
16,3,MITM,0.03916666666666666,0.03916666666666666,-0.02749999999999999,-0.02749999999999999,-0.023333333333333338
16,3,Normal,0.00011546912631146082,0.00029177379487730916,-0.00015436519645407228,0.00016372854784908465,-9.435715541395625e-05
16,3,Password,0.004079736880145669,-0.006885075873418345,0.0025079718434138604,-0.0036339536722675763,0.012309687878387114
16,3,Port_Scanning,-0.0222707423580786,-0.0222707423580786,0.0890829694323144,-0.0222707423580786,-0.0222707423580786
16,3,Ransomware,-0.012436415181491191,0.06369179179122833,0.006520167021150333,0.04948878578856699,0.0018265796714545535
16,3,SQL_injection,-0.0101971184424192,0.012065180255185569,0.0125243734423596,-0.02891372648878828,0.014521291233662323
16,3,Uploading,0.008615511081776848,0.007263720736927136,0.001931622133856729,-0.008121377389980018,-0.010040338556862967
16,3,Vulnerability_scanner,-0.007549504643306853,0.0025242012499263724,0.001675101131126827,0.001675101131126827,0.001675101131126827
16,3,XSS,0.0,0.0,0.0,0.0,0.0
16,4,Backdoor,-0.01789579902455243,0.014264643280839677,-0.0003106041843763137,-0.004413364474469395,0.012246884816058049
16,4,DDoS_HTTP,-0.0022200187101442132,0.005206325220177192,-0.04308756589255021,0.00048508131310382173,0.03099122225463782
16,4,DDoS_ICMP,-0.0004164837651932892,0.00024477293942154845,-0.00016739298998338554,0.00025982858039437414,7.927523536075213e-05
16,4,DDoS_TCP,0.03585423320955684,0.037111481467383196,-0.14447574581966025,0.03609304432607474,0.035416986816645464
16,4,DDoS_UDP,-3.189622985804904e-05,1.2152862668091125e-06,-2.8858014191026257e-05,0.00015158178855598597,-9.204283077371978e-05
16,4,Fingerprinting,-0.023255813953488372,-0.023255813953488372,0.09302325581395349,-0.023255813953488372,-0.023255813953488372
16,4,MITM,0.011395166352793466,0.011395166352793466,-0.012678907721280597,-0.012678907721280597,0.002567482736974262
16,4,Normal,0.00019873194456643446,0.00015045014563743557,-0.0004470315583503692,0.00010614139833682312,2.2447765963645728e-05
16,4,Password,0.0008612707306710016,-0.0030346127107394394,0.0015796143943876675,-0.0001948282208785119,0.0037943109275259345
16,4,Port_Scanning,-0.025,-0.025,0.1,-0.025,-0.025
16,4,Ransomware,-0.03212330245419986,0.0874589933627042,0.018354966574912937,0.0717954053332718,0.016814699484073135
16,4,SQL_injection,-0.010701003144255993,0.00965392908778486,0.01143387285597422,-0.02912755406578881,0.014761855603514966
16,4,Uploading,-0.0024970570067119743,0.020149910481247146,0.0033047477538714373,-0.008090937721952294,-0.00460135070550435
16,4,Vulnerability_scanner,-0.005463211223201708,0.0019563466255066663,0.0009992142599513309,0.0011760302461712945,0.0013316200915724163
16,4,XSS,0.0,0.0,0.0,0.0,0.0
16,Aggregated,Backdoor,-0.010011656852544652,0.011430294671907227,-0.0039526953221813545,0.0019873283834507425,0.003395401331021432
16,Aggregated,DDoS_HTTP,0.00935354043119476,-0.0006859829638084393,-0.008567724838901726,0.005785788208930357,-0.0014804818939425572
16,Aggregated,DDoS_ICMP,-0.00038066097901055714,0.00012374349762926765,0.00018148402954158797,0.00010128920156365536,1.9033307832997762e-05
16,Aggregated,DDoS_TCP,0.034821917128382694,0.036273362547124925,-0.1397833129883241,0.034924356766313204,0.03386394955441199
16,Aggregated,DDoS_UDP,-0.0001637095431528531,0.00011095594068924094,8.412234870146343e-05,0.0001377736399948759,-0.0002335131538931427
16,Aggregated,Fingerprinting,-0.03311368119060427,-0.019856105433028508,0.11919714900484131,-0.03311368119060427,-0.03311368119060427
16,Aggregated,MITM,0.025553406404470243,0.025553406404470243,-0.006769825918762101,-0.006769825918762101,-0.03756716097141629
16,Aggregated,Normal,0.00017610579001323123,0.00017853393959209782,-0.00036370852928334824,0.00012864713396010252,1.5306954892407854e-05
16,Aggregated,Password,0.0026222278207313878,-0.005747600685722834,0.002508493835928241,-0.0031896349980834906,0.006798491008067551
16,Aggregated,Port_Scanning,-0.02459070072036673,-0.02459070072036673,0.09836280288146693,-0.02459070072036673,-0.02459070072036673
16,Aggregated,Ransomware,-0.021472566524827687,0.07729345892877368,0.011996049136461361,0.06011448494073809,0.019046786925274523
16,Aggregated,SQL_injection,-0.009512758450321183,0.009979710569188503,0.010323079436001631,-0.02777135410470175,0.014189853724276533
16,Aggregated,Uploading,0.002596688738604657,0.012834187497732474,-0.0006725288116490355,-0.004270163957143048,-0.008340724627172814
16,Aggregated,Vulnerability_scanner,-0.005844402216677269,0.001967113244889655,0.0010824258733886445,0.0012967065246665668,0.0013571258488685807
16,Aggregated,XSS,0.0,0.0,0.0,0.0,0.0
16,Centralized,Backdoor,-0.010011656852544652,0.011430294671907227,-0.0039526953221813545,0.0019873283834507425,0.003395401331021432
16,Centralized,DDoS_HTTP,0.00935354043119476,-0.0006859829638084393,-0.008567724838901726,0.005785788208930357,-0.0014804818939425572
16,Centralized,DDoS_ICMP,-0.00038066097901055714,0.00012374349762926765,0.00018148402954158797,0.00010128920156365536,1.9033307832997762e-05
16,Centralized,DDoS_TCP,0.034821917128382694,0.036273362547124925,-0.1397833129883241,0.034924356766313204,0.03386394955441199
16,Centralized,DDoS_UDP,-0.0001637095431528531,0.00011095594068924094,8.412234870146343e-05,0.0001377736399948759,-0.0002335131538931427
16,Centralized,Fingerprinting,-0.03311368119060427,-0.019856105433028508,0.11919714900484131,-0.03311368119060427,-0.03311368119060427
16,Centralized,MITM,0.025553406404470243,0.025553406404470243,-0.006769825918762101,-0.006769825918762101,-0.03756716097141629
16,Centralized,Normal,0.00017610579001323123,0.00017853393959209782,-0.00036370852928334824,0.00012864713396010252,1.5306954892407854e-05
16,Centralized,Password,0.0026222278207313878,-0.005747600685722834,0.002508493835928241,-0.0031896349980834906,0.006798491008067551
16,Centralized,Port_Scanning,-0.02459070072036673,-0.02459070072036673,0.09836280288146693,-0.02459070072036673,-0.02459070072036673
16,Centralized,Ransomware,-0.021472566524827687,0.07729345892877368,0.011996049136461361,0.06011448494073809,0.019046786925274523
16,Centralized,SQL_injection,-0.009512758450321183,0.009979710569188503,0.010323079436001631,-0.02777135410470175,0.014189853724276533
16,Centralized,Uploading,0.002596688738604657,0.012834187497732474,-0.0006725288116490355,-0.004270163957143048,-0.008340724627172814
16,Centralized,Vulnerability_scanner,-0.005844402216677269,0.001967113244889655,0.0010824258733886445,0.0012967065246665668,0.0013571258488685807
16,Centralized,XSS,0.0,0.0,0.0,0.0,0.0
17,0,Backdoor,0.005078627381315233,0.003940274473436674,-0.0028967193017646496,0.006100282543805033,-0.01740960456824074
17,0,DDoS_HTTP,0.011030634563200022,0.0013514866980102616,-0.024418395211215728,0.018365726308140304,-0.05224047950060638
17,0,DDoS_ICMP,0.00013768737054434266,0.00010468516188541499,5.232892716547366e-05,3.838235362763065e-06,-0.00029853969495799437
17,0,DDoS_TCP,0.035680806265825496,0.03641543748194484,-0.14257670025790115,0.035680806265825496,0.03597452493966556
17,0,DDoS_UDP,0.00012623713421473318,0.00015045490036798745,0.00015045490036798745,0.00012623713421473318,-0.0005533840691654413
17,0,Fingerprinting,0.10861538461538463,-0.014717948717948718,0.17912820512820507,-0.08095726495726495,-0.19206837606837598
17,0,MITM,0.17083333333333334,0.17083333333333334,-0.1625,-0.1625,-0.016666666666666666
17,0,Normal,-4.354286772180749e-05,7.809040665341013e-05,-7.00253648341161e-05,4.5814959011127494e-05,-0.00016704324780626075
17,0,Password,-0.0004567508202190984,0.0005930060489227516,0.0007774974204032249,0.0005507400507887112,-0.0014644926998955894
17,0,Port_Scanning,-0.022957198443579765,-0.022957198443579765,0.09182879377431906,-0.022957198443579765,-0.022957198443579765
17,0,Ransomware,-0.020230763145086435,0.020934258494746085,-0.019838294277543925,-0.007449486048407167,0.017818051210057695
17,0,SQL_injection,-0.006826908169742714,-0.008381283140982047,0.01175895216692782,-0.02743618206909514,0.02490198104971616
17,0,Uploading,0.0031990093971538476,0.0031765008298798776,-0.0008828538470243373,-0.006794711128421995,0.004229632313013765
17,0,Vulnerability_scanner,-0.0024232399777882403,-0.003071334753699693,0.0017322976792989923,0.0018811385260944706,0.0018811385260944706
17,0,XSS,0.0,0.0,0.0,0.0,0.0
17,1,Backdoor,-0.0011646618547322906,0.00316736514393679,0.001046543969202309,0.005294552488510023,-0.015594141744180877
17,1,DDoS_HTTP,0.013516079339703554,0.01021881727831518,-0.0026289401847434594,0.012690303698923282,-0.041155798403518205
17,1,DDoS_ICMP,-4.1634558497879076e-05,0.00012203575319303938,0.0003939751204277531,5.257635746478972e-05,-0.0005269526725877031
17,1,DDoS_TCP,0.03009218162066562,0.02988722167413547,-0.12132519310487955,0.031595824737570534,0.030570983134905395
17,1,DDoS_UDP,0.000331668096124584,0.00013570263215288795,0.00019172504111647132,0.00013570263215288795,-0.0007947984015468313
17,1,Fingerprinting,-5.28736278146207e-05,-0.02427510677756547,0.13387569780075684,-0.044105175901989445,-0.06544254149338728
17,1,MITM,0.0423076923076923,0.0423076923076923,0.0423076923076923,0.0423076923076923,-0.1692307692307692
17,1,Normal,-1.3879326183848424e-05,0.0001775130968920254,0.00015710069178421956,1.539352585098556e-06,9.755932566307134e-05
17,1,Password,-0.0004305757980228628,0.0005624418119195428,0.0006952473007167282,0.00045902779001112253,-0.0012861411046245308
17,1,Port_Scanning,-0.03168380462724936,-0.03168380462724936,0.12673521850899744,-0.03168380462724936,-0.03168380462724936
17,1,Ransomware,-0.03301656068103423,0.03460811118887101,-0.030714223966400243,-0.01943937706760795,0.05380375116682377
17,1,SQL_injection,-0.0058974298759445565,-0.004899570781214244,-0.008490473396320971,-0.03475217237503473,0.02784315633604113
17,1,Uploading,0.002443370685944725,0.002196077255604924,0.001313652139804634,-0.008359954610861059,0.006488642725347924
17,1,Vulnerability_scanner,1.9269388608119294e-05,-0.0008231431392101012,0.0006444392435942285,-9.478924437424189e-05,0.00025422375138199523
17,1,XSS,0.0,0.0,0.0,0.0,0.0
17,2,Backdoor,0.004615910246977153,0.004416307502892649,-0.002578505268507798,0.01187038834806278,-0.03393705794761564
17,2,DDoS_HTTP,0.014474255677895946,0.0016718703085290018,-0.017246482645531237,0.015052344840223037,-0.0510529372751635
17,2,DDoS_ICMP,7.742983507131133e-05,0.00018536870397652024,-9.726722274921625e-05,0.00016398561779508344,-0.00032951693409369873
17,2,DDoS_TCP,0.04045359872743959,0.04080095291494543,-0.16060145624615954,0.040552957682982615,0.04102865857917673
17,2,DDoS_UDP,0.00023496115597224088,0.0002642522883686549,0.0003227728876195879,0.00023496115597224088,-0.0010569474879327245
17,2,Fingerprinting,-0.0037830687830687827,-0.025277777777777777,0.13609788359788358,-0.04425925925925926,-0.06277777777777778
17,2,MITM,0.03888888888888889,0.03888888888888889,0.03888888888888889,0.03888888888888889,-0.15555555555555556
17,2,Normal,-0.00011232467383105645,0.00020157345803614352,-0.0002788968034231657,8.775999386356389e-05,9.661660434248283e-05
17,2,Password,-0.0006898817641313726,0.0017476029528331813,0.0011754194336297933,0.0017476029528331813,-0.0005443883356646395
17,2,Port_Scanning,-0.017799043062200957,-0.017799043062200957,0.07119617224880383,-0.017799043062200957,-0.017799043062200957
17,2,Ransomware,-0.03178622788661209,0.03430228074756762,-0.04194693796820002,-0.016185439548516055,0.043464328256352096
17,2,SQL_injection,-0.0015533711078949298,-0.008696522816900516,0.007321062211109682,-0.022284590184065953,0.0155451349472683
17,2,Uploading,0.0021183965095685356,0.006560361038961079,0.0023713237680471435,-0.005925218322376913,0.007038800415015145
17,2,Vulnerability_scanner,-0.0004205200798057381,-0.0010833387086722065,0.00023611180766228702,8.685010061831496e-05,0.0005841440913360548
17,2,XSS,0.0,0.0,0.0,0.0,0.0
17,3,Backdoor,0.0026535988711491524,0.004750808455747316,-0.001019269618544444,0.008977485814431595,-0.025954937679247978
17,3,DDoS_HTTP,0.016761969113665787,0.005686792916547401,-0.01740509170468234,0.01948611997715572,-0.06159346956988897
17,3,DDoS_ICMP,0.00016176682122382436,7.478089098711394e-06,0.0006452712693275594,-8.882138632109737e-05,-0.0007256947933289977
17,3,DDoS_TCP,0.03749938109690116,0.03767067073785966,-0.15122313507861251,0.03855131102401785,0.03802586726757973
17,3,DDoS_UDP,0.00016713479547347994,9.564494703196055e-05,0.00019097838154882122,0.00014329120939813867,-0.0005970493334524003
17,3,Fingerprinting,0.046698984732232815,-0.024142098736727898,0.1906383786716268,-0.07345369293962643,-0.13974157172750523
17,3,MITM,0.03916666666666666,0.03916666666666666,-0.02749999999999999,-0.02749999999999999,-0.023333333333333334
17,3,Normal,-6.624053040574044e-05,0.00012883090579691726,-0.00022218024321440748,0.00011176378037857463,-3.7179556238866224e-05
17,3,Password,-0.001250108302766218,-0.0018815523890966046,-0.002396416333878572,-0.000488353290496428,0.0018368330204372929
17,3,Port_Scanning,-0.022375215146299483,-0.022375215146299483,0.08950086058519793,-0.022375215146299483,-0.022375215146299483
17,3,Ransomware,-0.021917289326005975,0.03361296063280397,-0.027154563234948262,-0.018662550967871994,0.04113898675567142
17,3,SQL_injection,-0.0050225447299514355,-0.008195484473270414,0.005225426605550601,-0.03050076685615844,0.023314295007149648
17,3,Uploading,0.002836791162490582,0.0023257748463250813,-0.001433807578737171,-0.0034396799159427524,0.0012417092395622322
17,3,Vulnerability_scanner,-0.0010940228909436542,-0.001984274251479958,0.0010395372890752966,0.0010193799266741577,0.0010193799266741577
17,3,XSS,0.0,0.0,0.0,0.0,0.0
17,4,Backdoor,-0.008309227584395926,0.0021279477326991204,0.007264891890181318,0.0027283244006116275,-0.0040509921689631835
17,4,DDoS_HTTP,-0.0007915360579610111,0.01820323065529804,0.008098478202592909,-0.0009938460478614631,-0.017547685637085888
17,4,DDoS_ICMP,2.7724799778141203e-05,0.00017920131463057266,-0.0004155915022714285,0.00022469611599234366,-1.6030728129629023e-05
17,4,DDoS_TCP,0.037543478131045284,0.03781210618770629,-0.14894421113280445,0.0375522844133945,0.03695460157608769
17,4,DDoS_UDP,0.0001757685311245353,-4.606083832477588e-06,5.547532929319384e-05,2.5293107123273522e-05,-0.00025193088370852507
17,4,Fingerprinting,-0.007955826008564343,-0.02519720531890917,0.10315528510254675,-0.03500112688753662,-0.03500112688753662
17,4,MITM,0.011395166352793466,0.011395166352793466,-0.012678907721280597,-0.012678907721280597,0.002567482736974262
17,4,Normal,-7.071338618594436e-05,0.00013630885871660872,0.00011941112108654339,-2.4249007433715015e-05,9.901136204194343e-05
17,4,Password,0.0009098926498161302,-0.0005880330900395715,-0.0003662279231517592,0.0006348651470658542,0.0024053546960207477
17,4,Port_Scanning,-0.02514705882352941,-0.02514705882352941,0.10058823529411764,-0.02514705882352941,-0.02514705882352941
17,4,Ransomware,-0.03761067827948219,0.02660615660755924,-0.022633025858410472,-0.013312180282447161,0.04213469551683234
17,4,SQL_injection,-0.007771045706562285,-0.007570251421400657,0.0053270005516716365,-0.028479370089320447,0.024739001103198162
17,4,Uploading,-0.0006150133791244761,0.011012521389591905,0.002002393910531425,-0.013338591817435878,-0.0028969440562294337
17,4,Vulnerability_scanner,-0.0009938016549363936,-0.0013415126784341073,0.0004080293608208644,0.0003986195227746514,0.0009122767623202577
17,4,XSS,0.0,0.0,0.0,0.0,0.0
17,Aggregated,Backdoor,0.0004109949367577489,0.0037724454115250087,0.0006207391693251334,0.007187355316042953,-0.019883379347966853
17,Aggregated,DDoS_HTTP,0.013683914976880873,0.005027912577388474,-0.014953114189671914,0.015887183937190956,-0.05128835545839672
17,Aggregated,DDoS_ICMP,7.560845994994217e-05,0.00012123298186750101,7.99562268266866e-05,7.651620664302361e-05,-0.0003533138752871534
17,Aggregated,DDoS_TCP,0.03622773329663957,0.036451889135020114,-0.14482344313824722,0.03677808128572028,0.03647048248907036
17,Aggregated,DDoS_UDP,0.0002035261142470342,0.00012845453465379908,0.00018210998191377318,0.0001337800577291141,-0.0006478706885437206
17,Aggregated,Fingerprinting,0.026360532934148997,-0.02231799442084894,0.1463463622120234,-0.0542493102314751,-0.0961395904938484
17,Aggregated,MITM,0.026606268874310123,0.026606268874310123,-0.005716963448922224,-0.005716963448922224,-0.0417786108507758
17,Aggregated,Normal,-6.130983808880959e-05,0.000144784644175631,-6.042225261060167e-05,4.5149710670823924e-05,1.7675304314634933e-05
17,Aggregated,Password,-0.00038581662839764727,0.0004308384135071374,0.00030343920256837296,0.0007668874633867405,-0.00012020333333277641
17,Aggregated,Port_Scanning,-0.024662656478621363,-0.024662656478621363,0.09865062591448545,-0.024662656478621363,-0.024662656478621363
17,Aggregated,Ransomware,-0.029129019150420758,0.03113709903599332,-0.03146704314431545,-0.015422969811889925,0.04011427143838991
17,Aggregated,SQL_injection,-0.00599642049381192,-0.007434431416904217,0.004068753418990916,-0.029059616873469755,0.024011850000970794
17,Aggregated,Uploading,0.0021862149801576813,0.00489463414569158,0.0004307625286922458,-0.00758063286180895,0.0034610531007826886
17,Aggregated,Vulnerability_scanner,-0.0009139569899319984,-0.001544921586120405,0.0007163561219940014,0.0005601134662748179,0.0008804986029512906
17,Aggregated,XSS,0.0,0.0,0.0,0.0,0.0
17,Centralized,Backdoor,0.0004109949367577489,0.0037724454115250087,0.0006207391693251334,0.007187355316042953,-0.019883379347966853
17,Centralized,DDoS_HTTP,0.013683914976880873,0.005027912577388474,-0.014953114189671914,0.015887183937190956,-0.05128835545839672
17,Centralized,DDoS_ICMP,7.560845994994217e-05,0.00012123298186750101,7.99562268266866e-05,7.651620664302361e-05,-0.0003533138752871534
17,Centralized,DDoS_TCP,0.03622773329663957,0.036451889135020114,-0.14482344313824722,0.03677808128572028,0.03647048248907036
17,Centralized,DDoS_UDP,0.0002035261142470342,0.00012845453465379908,0.00018210998191377318,0.0001337800577291141,-0.0006478706885437206
17,Centralized,Fingerprinting,0.026360532934148997,-0.02231799442084894,0.1463463622120234,-0.0542493102314751,-0.0961395904938484
17,Centralized,MITM,0.026606268874310123,0.026606268874310123,-0.005716963448922224,-0.005716963448922224,-0.0417786108507758
17,Centralized,Normal,-6.130983808880959e-05,0.000144784644175631,-6.042225261060167e-05,4.5149710670823924e-05,1.7675304314634933e-05
17,Centralized,Password,-0.00038581662839764727,0.0004308384135071374,0.00030343920256837296,0.0007668874633867405,-0.00012020333333277641
17,Centralized,Port_Scanning,-0.024662656478621363,-0.024662656478621363,0.09865062591448545,-0.024662656478621363,-0.024662656478621363
17,Centralized,Ransomware,-0.029129019150420758,0.03113709903599332,-0.03146704314431545,-0.015422969811889925,0.04011427143838991
17,Centralized,SQL_injection,-0.00599642049381192,-0.007434431416904217,0.004068753418990916,-0.029059616873469755,0.024011850000970794
17,Centralized,Uploading,0.0021862149801576813,0.00489463414569158,0.0004307625286922458,-0.00758063286180895,0.0034610531007826886
17,Centralized,Vulnerability_scanner,-0.0009139569899319984,-0.001544921586120405,0.0007163561219940014,0.0005601134662748179,0.0008804986029512906
17,Centralized,XSS,0.0,0.0,0.0,0.0,0.0
18,0,Backdoor,0.0020255750214073,0.007082660480077354,0.0013763044915373946,0.007309844311541734,-0.02033109992539146
18,0,DDoS_HTTP,0.007700214553761444,0.023187476931932086,0.013041723481124238,0.01665056156685166,-0.05924649392989532
18,0,DDoS_ICMP,-3.0488390278489893e-06,6.285368539004632e-05,0.00019844069327664692,1.3769169303599431e-05,-0.0002720147089424437
18,0,DDoS_TCP,7.833982521374868e-05,2.9349599099409706e-05,7.833982521374868e-05,-0.00026436907474065575,7.833982521374868e-05
18,0,DDoS_UDP,0.0,0.0,0.0,0.0,0.0
18,0,Fingerprinting,-0.04634593730703571,0.18586572339432744,0.15189003724472833,-0.03566217662327502,-0.25574764670874495
18,0,MITM,0.0,0.0,0.0,0.0,0.0
18,0,Normal,-9.064780914230057e-05,5.015216425554026e-05,0.00015701062134213702,0.00023005335353763108,-0.00017990741059835115
18,0,Password,-0.0009059220369468851,-0.000494422287183217,-0.0005578890994285185,0.0028429760081078925,-0.0008847425845492719
18,0,Port_Scanning,0.0,0.0,0.0,0.0,0.0
18,0,Ransomware,-0.03766825016277544,0.007673369349655226,0.019540778932310217,0.013498341298725191,0.0057219943483185825
18,0,SQL_injection,-0.0001712442754918597,0.012846235265313775,-0.0011091864674520732,0.008684843326960325,-0.008557537655893965
18,0,Uploading,0.006581053062570341,0.009226631586695361,0.008204057281678083,0.012209676310729828,-0.01885588498042969
18,0,Vulnerability_scanner,0.0005712625248951905,0.0005712625248951905,0.0005712625248951905,0.0010071176124022696,-0.002720905187087841
18,0,XSS,0.0,0.0,0.0,0.0,0.0
18,1,Backdoor,0.00664032222540137,0.007465064626210773,0.0017977453587590417,0.0032214034427103817,-0.01335636132603521
18,1,DDoS_HTTP,0.01105942975601936,0.019359608309593077,0.006877067027729425,0.01477458194573936,-0.049570378358997295
18,1,DDoS_ICMP,-4.094975814020185e-05,4.7328994272751355e-05,5.005418506033125e-05,-4.094975814020185e-05,-1.5483663052678898e-05
18,1,DDoS_TCP,-2.724108262362098e-05,-0.0008817740672785993,0.0008948262110395085,4.143002148633279e-05,-2.724108262362098e-05
18,1,DDoS_UDP,0.0,0.0,0.0,0.0,0.0
18,1,Fingerprinting,-0.02487936147232719,0.08418107004659121,0.035697437030167894,-0.024879361472327197,-0.07011978413210469
18,1,MITM,0.0,0.0,0.0,0.0,0.0
18,1,Normal,-0.0001294221424425072,1.2228597573238353e-05,0.00011613202216213722,0.00016828224187993753,-0.00011423663711124799
18,1,Password,-0.0013904819624503558,-0.0010379689952433385,-0.0010726568654813899,0.005345393458626639,-0.0018442856354515549
18,1,Port_Scanning,0.0,0.0,0.0,0.0,0.0
18,1,Ransomware,-0.06602033785639609,0.013953665915523935,0.035704584081526304,0.030418173797482538,0.002310856878593918
18,1,SQL_injection,-0.0022131217288854175,0.02115824920573425,-0.0021327987013733925,0.010150028029573875,0.0022782733178654713
18,1,Uploading,0.006503385596760602,0.007231734682239829,0.006036486337726936,0.006894368497470869,-0.012672825317236928
18,1,Vulnerability_scanner,0.00023161737198227524,0.00027425781871890563,0.00027425781871890563,0.0007000689059792232,-0.0014802019153993095
18,1,XSS,0.0,0.0,0.0,0.0,0.0
18,2,Backdoor,0.007829544935730147,0.010411708743171984,0.002466849859551051,0.00995121939934127,-0.023977723588170585
18,2,DDoS_HTTP,0.01286352977314776,0.02401371812531041,0.009526346630084807,0.014986309200347799,-0.0595750216962229
18,2,DDoS_ICMP,3.466686344272459e-05,-0.00018175579942636226,1.2549413054768755e-05,3.466686344272459e-05,9.987265948614432e-05
18,2,DDoS_TCP,0.001083721213911524,-0.0010384528296651782,9.317660495701633e-05,1.0136387722723775e-05,0.00041196627634021064
18,2,DDoS_UDP,0.0,0.0,0.0,0.0,0.0
18,2,Fingerprinting,-0.022177544677544677,0.09502331002331003,0.09650932400932401,-0.022177544677544677,-0.14717754467754462
18,2,MITM,0.0,0.0,0.0,0.0,0.0
18,2,Normal,-0.00037081646577235005,2.0279644905679684e-05,0.00022369990209705943,0.00039494436630488534,-0.00018669607390289593
18,2,Password,-0.005446236271761753,-0.00040251444411743323,0.000457655179299594,0.009862381956939075,-0.007907641659859627
18,2,Port_Scanning,0.0,0.0,0.0,0.0,0.0
18,2,Ransomware,-0.05905056011236601,0.008950260224317075,0.023054579126094224,0.020600928274424786,0.008146973801361783
18,2,SQL_injection,0.0040252367906185305,0.008534166201474685,0.00447373698574245,0.006107215717267773,-0.013816594756333915
18,2,Uploading,0.006971639525187653,0.004474865494059311,0.007764977759106927,0.007230550877847961,-0.02023044923723606
18,2,Vulnerability_scanner,0.00018713772193531357,0.00013740832286353958,-1.1779874351782367e-05,3.592806126688219e-05,-0.00034869423171395296
18,2,XSS,0.0,0.0,0.0,0.0,0.0
18,3,Backdoor,0.006462489968431667,0.00948786385178252,0.0008478693578964562,0.007580222418384225,-0.022620967676045423
18,3,DDoS_HTTP,0.014677936777202829,0.026387379450137916,0.01269595528029014,0.018257559792599194,-0.06552337175948157
18,3,DDoS_ICMP,-6.156539133154726e-05,0.0003627222975431647,0.00028586315348842116,-6.156539133154726e-05,-0.0005254546683684913
18,3,DDoS_TCP,0.000250336349381249,-0.0003784936994256601,0.00047948256890708587,0.000250336349381249,0.00020668842065241593
18,3,DDoS_UDP,0.0,0.0,0.0,0.0,0.0
18,3,Fingerprinting,-0.034524456246949844,0.16169587444791772,0.11654591765700727,-0.034524456246949844,-0.2091928796110253
18,3,MITM,0.0,0.0,0.0,0.0,0.0
18,3,Normal,-0.0003426218371797093,2.0160185680852723e-05,0.0002101007637575499,0.00038612248582667503,-0.0001332726967085122
18,3,Password,-0.004206511866712298,-0.0010380853769641082,0.00010249016107307385,0.009520919186572994,-0.004378812103969663
18,3,Port_Scanning,0.0,0.0,0.0,0.0,0.0
18,3,Ransomware,-0.0541352205445297,0.013975289635815716,0.030763371208212466,0.022386856443611935,-0.009425830020749048
18,3,SQL_injection,0.002205339669404423,0.01282432066356617,-0.0007490124271750169,0.00851261438702463,-0.007917581059712974
18,3,Uploading,0.004871758703494978,0.006066827468128291,0.007131145695554932,0.007667668433735689,-0.022101722641467123
18,3,Vulnerability_scanner,0.0004135108276571431,0.0004135108276571431,0.0004135108276571431,0.0005659570149539606,-0.0018064894979253898
18,3,XSS,0.0,0.0,0.0,0.0,0.0
18,4,Backdoor,-0.0022579018739760297,0.0013139844817631825,0.004104009371420533,-0.0007824617395307561,-0.00046046619554603686
18,4,DDoS_HTTP,0.014909226624608717,0.018787590905658326,0.015249384824245532,0.011686985750188221,-0.03773941521092787
18,4,DDoS_ICMP,1.2348701264156918e-05,-0.00015496442957895946,-4.838220550145896e-05,2.7409772431165787e-05,0.00016358816138509574
18,4,DDoS_TCP,0.0005288551087942776,-0.0004601162846714043,-0.00012951224899055425,-8.034571056762344e-06,6.880799592444328e-05
18,4,DDoS_UDP,3.0073300457835368e-05,0.0,-9.02199013735061e-05,3.0073300457835368e-05,3.0073300457835368e-05
18,4,Fingerprinting,-0.02945214699151972,0.07188495535513977,0.006667564050791941,-0.019648225422892265,-0.029452146991519722
18,4,MITM,0.0,0.0,0.0,0.0,0.0
18,4,Normal,-7.346908459623565e-05,9.451388231322596e-05,0.00011443989885716229,0.00012648724586736642,-4.907138316723181e-06
18,4,Password,-0.0035507744007467227,-0.002039586308466491,-0.0010617586518728128,0.0052115367807667266,-0.004561024020358764
18,4,Port_Scanning,0.0,0.0,0.0,0.0,0.0
18,4,Ransomware,-0.043583993241366276,0.0033312559737868528,0.02583516853755518,0.018789525876979997,0.015343135718344466
18,4,SQL_injection,0.0008270255324564566,0.01479705928555882,-0.000991455259542157,0.00965881092539653,-0.006557875258685308
18,4,Uploading,0.0014494433779524349,0.013729042432985299,0.009254984738556578,0.007097508826620913,-0.004865512235635742
18,4,Vulnerability_scanner,0.000417438492431386,0.00036607276847682536,0.0002119755966131435,-0.00012985744994727376,-0.0008656294075740812
18,4,XSS,0.0,0.0,0.0,0.0,0.0
18,Aggregated,Backdoor,0.00426258153066457,0.007298876222373209,0.0021341383236571144,0.005420236171340192,-0.016215021196711532
18,Aggregated,DDoS_HTTP,0.012244671457249962,0.02357924847773879,0.010773390185061881,0.01603706094622498,-0.058744302244264426
18,Aggregated,DDoS_ICMP,-1.0085558085811316e-05,2.1714650466603258e-05,9.77815629631303e-05,-2.5969825264704482e-06,-0.0001068136728174518
18,Aggregated,DDoS_TCP,0.0003737957022948546,-0.0005626606839617021,0.0002844256961536414,2.502488241616363e-05,0.0001423301386038948
18,Aggregated,DDoS_UDP,5.363539861126994e-06,0.0,-1.6090619583380983e-05,5.363539861126994e-06,5.363539861126994e-06
18,Aggregated,Fingerprinting,-0.03162244994801478,0.1175038529616851,0.07482142237047054,-0.028551056185831553,-0.13215176919830926
18,Aggregated,MITM,0.0,0.0,0.0,0.0,0.0
18,Aggregated,Normal,-0.00020292350137919116,3.893889647275476e-05,0.00016479083052337953,0.0002624857146944215,-0.00012524655197208393
18,Aggregated,Password,-0.0031555368909474135,-0.000911717876776535,-0.0003872901610620973,0.006614802332413295,-0.004151636717195097
18,Aggregated,Port_Scanning,0.0,0.0,0.0,0.0,0.0
18,Aggregated,Ransomware,-0.05337004957948518,0.00985166762771113,0.02627721800824679,0.020848916807395115,0.003920306265614697
18,Aggregated,SQL_injection,0.0006316676895025449,0.014605177654181536,-0.0005301410396753891,0.008968533594615118,-0.006304421276139035
18,Aggregated,Uploading,0.005297384592553528,0.007998551950496062,0.0075657753113006114,0.008320922164958663,-0.01635322484597651
18,Aggregated,Vulnerability_scanner,0.0003636227075579368,0.0003468458560209886,0.00027136825981291524,0.0003385269070648733,-0.001320363730456714
18,Aggregated,XSS,0.0,0.0,0.0,0.0,0.0
18,Centralized,Backdoor,0.00426258153066457,0.007298876222373209,0.0021341383236571144,0.005420236171340192,-0.016215021196711532
18,Centralized,DDoS_HTTP,0.012244671457249962,0.02357924847773879,0.010773390185061881,0.01603706094622498,-0.058744302244264426
18,Centralized,DDoS_ICMP,-1.0085558085811316e-05,2.1714650466603258e-05,9.77815629631303e-05,-2.5969825264704482e-06,-0.0001068136728174518
18,Centralized,DDoS_TCP,0.0003737957022948546,-0.0005626606839617021,0.0002844256961536414,2.502488241616363e-05,0.0001423301386038948
18,Centralized,DDoS_UDP,5.363539861126994e-06,0.0,-1.6090619583380983e-05,5.363539861126994e-06,5.363539861126994e-06
18,Centralized,Fingerprinting,-0.03162244994801478,0.1175038529616851,0.07482142237047054,-0.028551056185831553,-0.13215176919830926
18,Centralized,MITM,0.0,0.0,0.0,0.0,0.0
18,Centralized,Normal,-0.00020292350137919116,3.893889647275476e-05,0.00016479083052337953,0.0002624857146944215,-0.00012524655197208393
18,Centralized,Password,-0.0031555368909474135,-0.000911717876776535,-0.0003872901610620973,0.006614802332413295,-0.004151636717195097
18,Centralized,Port_Scanning,0.0,0.0,0.0,0.0,0.0
18,Centralized,Ransomware,-0.05337004957948518,0.00985166762771113,0.02627721800824679,0.020848916807395115,0.003920306265614697
18,Centralized,SQL_injection,0.0006316676895025449,0.014605177654181536,-0.0005301410396753891,0.008968533594615118,-0.006304421276139035
18,Centralized,Uploading,0.005297384592553528,0.007998551950496062,0.0075657753113006114,0.008320922164958663,-0.01635322484597651
18,Centralized,Vulnerability_scanner,0.0003636227075579368,0.0003468458560209886,0.00027136825981291524,0.0003385269070648733,-0.001320363730456714
18,Centralized,XSS,0.0,0.0,0.0,0.0,0.0
19,0,Backdoor,0.0014843226106947697,0.017110643542808897,-0.0073979565304808596,0.00012808780494145134,-0.007253323790973296
19,0,DDoS_HTTP,0.0034632760005283833,0.009773465777500549,0.005217331602126877,-0.0028273840781911927,-0.00886612871608247
19,0,DDoS_ICMP,2.0734106222636273e-05,3.751138477597893e-05,-0.00013326826055057306,3.751138477597893e-05,3.751138477597893e-05
19,0,DDoS_TCP,0.011099178373366955,0.01080545969952689,-0.0357855066182428,0.010022654594026266,0.0026833392559624247
19,0,DDoS_UDP,-5.812263876781021e-05,1.4530659691952552e-05,1.4530659691952552e-05,1.4530659691952552e-05,1.4530659691952552e-05
19,0,Fingerprinting,-0.010000000000000002,-0.03777777777777778,0.12333333333333334,-0.03777777777777778,-0.03777777777777778
19,0,MITM,0.0,0.0,0.0,0.0,0.0
19,0,Normal,0.00010148241725309407,5.873013452625438e-05,3.763938617625991e-05,-5.8293253039617037e-05,3.553562089242956e-05
19,0,Password,-0.001006110804897097,-0.00547976414548439,0.0009213674669568277,0.0051583415743901165,0.000406165909034543
19,0,Port_Scanning,-0.026838731443994603,-0.026838731443994603,0.08272604588394063,-0.026838731443994603,-0.002209851551956815
19,0,Ransomware,0.015872639075449453,0.0012565379445876454,-0.006458408068143336,-0.00025735258448584636,0.0028791733957700626
19,0,SQL_injection,0.004851601424371876,0.0031511607872094847,7.845320111126107e-05,-0.013477379132258854,0.0033827966718318592
19,0,Uploading,0.005328080315443115,0.0072100385611434765,-0.0012877477743205052,-0.004761085520818274,-0.0004666069336086945
19,0,Vulnerability_scanner,0.00038439651601309316,-0.00031945135821107956,-0.000727968389307776,0.0009824745897168419,-0.00031945135821107956
19,0,XSS,0.0,0.0,0.0,0.0,0.0
19,1,Backdoor,-0.0008252764687057119,0.011685853471824425,-0.0013402702179961664,-0.006393831890264679,-0.007063482768873608
19,1,DDoS_HTTP,0.0053260486920600845,0.0012784548016475264,0.007905809377737705,-0.0025273498091197815,-0.009490655370017845
19,1,DDoS_ICMP,-0.00015549193185335764,5.3319588966643795e-05,1.873877243054878e-05,5.3319588966643795e-05,3.011398148952127e-05
19,1,DDoS_TCP,0.005157554910259218,0.0058055725250337736,-0.017260473564106395,0.005292668425731292,0.0022324201405822326
19,1,DDoS_UDP,0.0002239842173428652,-5.59960543357163e-05,-8.398843408331524e-05,-5.59960543357163e-05,-2.8003674588117367e-05
19,1,Fingerprinting,-0.021364357482813328,-0.02674070156883483,0.10158646218931781,-0.02674070156883483,-0.02674070156883483
19,1,MITM,0.0,0.0,0.0,0.0,0.0
19,1,Normal,0.00011617126444423697,-0.00022646386308270428,0.00011537974525875535,3.8373402467811736e-05,6.293827994086435e-05
19,1,Password,0.00041123614876460436,-0.005293021751866791,-0.0010493674620175243,0.005282806712305069,0.0006483463528146438
19,1,Port_Scanning,-0.03888388838883889,-0.03888388838883889,0.12144464446444644,-0.03888388838883889,-0.004792979297929792
19,1,Ransomware,0.010072980782250407,-0.00852314905779383,-0.01156026712412639,-0.002976705111524596,-0.0033798023055361622
19,1,SQL_injection,0.004011516879301386,0.0023439743251824157,-0.0005008796192408765,-0.01076359531943035,0.0026156405722405477
19,1,Uploading,0.004278736476187109,0.004095106659487968,0.0023068553654352424,-0.008292858818910539,-0.0010996088381491978
19,1,Vulnerability_scanner,-0.0006554281626949062,-0.0007067998368864644,-0.0002735489596104109,0.002385217242814876,-0.0007494402836230947
19,1,XSS,1.7436791630340287e-05,1.7436791630340287e-05,1.7436791630340287e-05,-6.974716652136115e-05,1.7436791630340287e-05
19,2,Backdoor,-0.0021731752147614906,0.031204631607144775,-0.007356217410160844,-0.0023471457998407025,-0.017123222501519462
19,2,DDoS_HTTP,0.0028999010291882086,0.01035103326815731,0.007544802849608428,-0.0024405069275939086,-0.009662814196591218
19,2,DDoS_ICMP,6.548714479901463e-05,0.0001084423252082319,-0.00039081412042371035,0.0001084423252082319,0.0001084423252082319
19,2,DDoS_TCP,0.012325364009567479,0.011580274146929189,-0.03863714007977281,0.010696539545586739,0.002355566101871322
19,2,DDoS_UDP,-7.020007020006603e-05,1.7550017550016507e-05,1.7550017550016507e-05,1.7550017550016507e-05,1.7550017550016507e-05
19,2,Fingerprinting,-0.0075000000000000015,-0.028333333333333335,0.09250000000000001,-0.028333333333333335,-0.028333333333333335
19,2,MITM,0.0,0.0,0.0,0.0,0.0
19,2,Normal,0.00010707150015925962,0.00016464449438146066,2.817467578549171e-05,-7.12752476682954e-05,7.248877556723839e-05
19,2,Password,2.6998921366474155e-05,-0.011713144267665392,0.002381780622809427,0.005737475476969234,0.003566889246520257
19,2,Port_Scanning,-0.02483127115529901,-0.02483127115529901,0.07634840423710826,-0.02483127115529901,-0.0018545907712112174
19,2,Ransomware,0.007598579532122025,0.0007461546563719918,-0.011323738905004727,-0.0016449581750791022,0.00364993691756385
19,2,SQL_injection,0.0019966770543701977,0.003892045380077284,0.002237086565240403,-0.015073173981996002,0.003924538768979297
19,2,Uploading,0.0016682625665739221,0.002919417650881373,0.005186302993680826,-0.010776939136376906,-0.001876904231768188
19,2,Vulnerability_scanner,-0.0009005634830453246,-0.0006796023294416753,-0.0011268727184178874,0.0038342054519925283,-0.0005304141322263533
19,2,XSS,9.496418493596878e-06,9.496418493596878e-06,9.496418493596878e-06,-3.798567397438751e-05,9.496418493596878e-06
19,3,Backdoor,-0.00034833145871180916,0.027060289989968435,-0.00865072884802613,-0.0018794890351306623,-0.016181740648099834
19,3,DDoS_HTTP,0.0037908460447916756,0.016754978519795686,0.007963211320563721,-0.007907936302094718,-0.01713851964412686
19,3,DDoS_ICMP,7.092719649784974e-05,1.293649449374823e-05,-0.00010973667997909441,1.293649449374823e-05,1.293649449374823e-05
19,3,DDoS_TCP,0.011305552821815919,0.011612356820880318,-0.03734944527039706,0.010904278603067308,0.0032862829222620737
19,3,DDoS_UDP,0.0,0.0,0.0,0.0,0.0
19,3,Fingerprinting,-0.012488436632747454,-0.034227567067530065,0.11517113783533765,-0.034227567067530065,-0.034227567067530065
19,3,MITM,0.0,0.0,0.0,0.0,0.0
19,3,Normal,2.155199692373544e-05,0.0003837691554008168,3.625441972841166e-05,-0.00016756680921969173,1.5048371985254549e-05
19,3,Password,-0.0004922708658730045,-0.008968643263837306,0.0031063272090116672,0.006126457664961834,0.004407726551537339
19,3,Port_Scanning,-0.029761646228759778,-0.029761646228759778,0.09136492401538514,-0.029761646228759778,-0.002079985329105799
19,3,Ransomware,0.010728634174000155,0.0031262611159410315,-0.020961001829240662,-0.00015988159648182195,0.003384145057958408
19,3,SQL_injection,0.0059405599929680175,0.002751698238220801,0.0004909390360065828,-0.013979153922565036,0.0030007305395538925
19,3,Uploading,0.0032798530525751813,0.00940192266899448,-0.0011458743962465014,-0.013288574269345014,-0.0012930035007165316
19,3,Vulnerability_scanner,0.00011456911778272572,-0.0004965558176665385,-0.0008007810317030961,0.0016793235492534476,-0.0004965558176665385
19,3,XSS,0.0,0.0,0.0,0.0,0.0
19,4,Backdoor,-0.0068978813287072244,0.023177173714794986,-0.0036179028406881104,-0.008716021940741522,-0.0039453676046581265
19,4,DDoS_HTTP,0.0007350599440923348,-0.015735671776072265,0.001959697470735472,0.0008525338228073822,-0.0070423886923321405
19,4,DDoS_ICMP,-2.2214435814813895e-05,0.00018846647319919845,-0.0005281293428099558,0.00018846647319919845,0.00017341083222637276
19,4,DDoS_TCP,0.00864383309377682,0.0097654045218969,-0.030601793324516877,0.009105812549195942,0.002627338808564842
19,4,DDoS_UDP,0.00044539831440290796,-0.00012638622882964466,-0.00018653282974531542,-6.0930269983032e-06,-0.00012638622882964466
19,4,Fingerprinting,-0.020408163265306124,-0.020408163265306124,0.0816326530612245,-0.020408163265306124,-0.020408163265306124
19,4,MITM,0.0,0.0,0.0,0.0,0.0
19,4,Normal,-4.579942105424154e-06,8.288609805395994e-05,-7.99559988025611e-06,-9.803083381226632e-05,-0.00014965079103370081
19,4,Password,0.0007755780939924003,-0.008514265906809497,0.003208224553493659,0.005234904222958889,0.002301314157331209
19,4,Port_Scanning,-0.03168088130774698,-0.03168088130774698,0.09696162046908315,-0.03168088130774698,-0.0019189765458422158
19,4,Ransomware,0.010655352749393054,-0.0037308949300096012,-0.03064451368825793,0.00407579287943142,-7.082987585709522e-05
19,4,SQL_injection,0.006572558232508283,0.003784401185339715,0.0003774301155155082,-0.01602550280287745,0.0039018321219677194
19,4,Uploading,0.0015623872129224162,0.006982203923746829,0.005527148891508603,-0.014460613486338942,-0.004300285170167702
19,4,Vulnerability_scanner,0.0003954672797105041,8.997216908420147e-05,-0.0005393465733082877,0.00046096784483594665,0.00020932796713236297
19,4,XSS,2.9032843404100742e-05,2.9032843404100742e-05,2.9032843404100742e-05,-0.00011613137361640297,2.9032843404100742e-05
19,Aggregated,Backdoor,-0.0018226960413873726,0.022291031135229615,-0.005623391844356103,-0.0039246672008579845,-0.010619990968785891
19,Aggregated,DDoS_HTTP,0.003656162194473625,0.009563814258000377,0.007190938961822327,-0.003971942724368563,-0.011574228551212302
19,Aggregated,DDoS_ICMP,-8.788452099672828e-07,8.512519069152809e-05,-0.0002470152172717917,8.512519069152809e-05,7.764368109870283e-05
19,Aggregated,DDoS_TCP,0.009542998552404303,0.00979298796326137,-0.03147835297743949,0.009103178993911332,0.0026212622187847976
19,Aggregated,DDoS_UDP,9.654591901332443e-05,-2.6818249683894606e-05,-4.290956004451655e-05,-5.364090239386628e-06,-2.145401904552665e-05
19,Aggregated,Fingerprinting,-0.015630360205831906,-0.02888793596340766,0.10229416809605489,-0.028887935963407663,-0.02888793596340766
19,Aggregated,MITM,0.0,0.0,0.0,0.0,0.0
19,Aggregated,Normal,6.92732077273032e-05,9.18328969534384e-05,4.248322890319882e-05,-7.068203669051328e-05,9.123713029622153e-06
19,Aggregated,Password,-2.530266684502893e-05,-0.008143201554547567,0.001539429774508202,0.005454693885638336,0.0021706147570820806
19,Aggregated,Port_Scanning,-0.03137381581077147,-0.03137381581077147,0.0968477311708963,-0.03137381581077147,-0.0027262837385818696
19,Aggregated,Ransomware,0.010243189376201911,-0.0005970396754494086,-0.01580421915754795,-0.0002781902777107048,0.0019269759148775915
19,Aggregated,SQL_injection,0.005030525368301165,0.0032082308820293504,0.00037181805421483325,-0.01399711624404844,0.003390839823190781
19,Aggregated,Uploading,0.0033200475013279254,0.00629382771412767,0.001821136227441491,-0.010261303012624678,-0.0016808855089298807
19,Aggregated,Vulnerability_scanner,-8.028539878147667e-05,-0.00035267548731639876,-0.0006540398864402146,0.001686252469637354,-0.00029734131226697065
19,Aggregated,XSS,1.045500167280028e-05,1.045500167280028e-05,1.045500167280028e-05,-4.182000669120112e-05,1.045500167280028e-05
19,Centralized,Backdoor,-0.0018226960413873726,0.022291031135229615,-0.005623391844356103,-0.0039246672008579845,-0.010619990968785891
19,Centralized,DDoS_HTTP,0.003656162194473625,0.009563814258000377,0.007190938961822327,-0.003971942724368563,-0.011574228551212302
19,Centralized,DDoS_ICMP,-8.788452099672828e-07,8.512519069152809e-05,-0.0002470152172717917,8.512519069152809e-05,7.764368109870283e-05
19,Centralized,DDoS_TCP,0.009542998552404303,0.00979298796326137,-0.03147835297743949,0.009103178993911332,0.0026212622187847976
19,Centralized,DDoS_UDP,9.654591901332443e-05,-2.6818249683894606e-05,-4.290956004451655e-05,-5.364090239386628e-06,-2.145401904552665e-05
19,Centralized,Fingerprinting,-0.015630360205831906,-0.02888793596340766,0.10229416809605489,-0.028887935963407663,-0.02888793596340766
19,Centralized,MITM,0.0,0.0,0.0,0.0,0.0
19,Centralized,Normal,6.92732077273032e-05,9.18328969534384e-05,4.248322890319882e-05,-7.068203669051328e-05,9.123713029622153e-06
19,Centralized,Password,-2.530266684502893e-05,-0.008143201554547567,0.001539429774508202,0.005454693885638336,0.0021706147570820806
19,Centralized,Port_Scanning,-0.03137381581077147,-0.03137381581077147,0.0968477311708963,-0.03137381581077147,-0.0027262837385818696
19,Centralized,Ransomware,0.010243189376201911,-0.0005970396754494086,-0.01580421915754795,-0.0002781902777107048,0.0019269759148775915
19,Centralized,SQL_injection,0.005030525368301165,0.0032082308820293504,0.00037181805421483325,-0.01399711624404844,0.003390839823190781
19,Centralized,Uploading,0.0033200475013279254,0.00629382771412767,0.001821136227441491,-0.010261303012624678,-0.0016808855089298807
19,Centralized,Vulnerability_scanner,-8.028539878147667e-05,-0.00035267548731639876,-0.0006540398864402146,0.001686252469637354,-0.00029734131226697065
19,Centralized,XSS,1.045500167280028e-05,1.045500167280028e-05,1.045500167280028e-05,-4.182000669120112e-05,1.045500167280028e-05
20,0,Backdoor,-0.005476499986888509,0.0030235242778228035,0.008732161176676783,0.006764600838782037,0.001692250950757666
20,0,DDoS_HTTP,0.012270429444747717,0.008691282467070472,0.0022599233739717967,0.004136738759306208,-0.00211504594462521
20,0,DDoS_ICMP,-2.6891153611850274e-05,-2.6891153611850274e-05,9.076018956497567e-05,-1.0086728729424843e-05,-2.6891153611850274e-05
20,0,DDoS_TCP,0.022477396605598773,0.0027679367956546332,-0.049658426779485655,0.022085845934760675,0.002327247443471551
20,0,DDoS_UDP,0.0,0.0,0.0,0.0,0.0
20,0,Fingerprinting,-0.022727272727272728,-0.022727272727272728,0.07575757575757575,-0.007575757575757574,-0.022727272727272728
20,0,MITM,0.05,0.05,-0.2,0.05,0.05
20,0,Normal,-1.0048443045562739e-05,-4.573321217294368e-05,3.0476366789252326e-05,7.721358777291002e-05,-0.00014519188143325424
20,0,Password,7.781412180570499e-05,-0.003963224784210501,0.0015747327060711626,0.003467979876029907,0.001311696578885735
20,0,Port_Scanning,-0.054075039270434375,-0.0021931234047130443,0.11253632535029481,-0.05407503927043436,-0.0021931234047130443
20,0,Ransomware,0.0006823353416681083,-0.0035057308230226525,-0.0021780894177689933,-0.0005712112059611705,-0.012142498080697665
20,0,SQL_injection,-0.022692938863533192,0.004102840399542953,0.009926375026899375,0.006903319299018021,0.005576886541448624
20,0,Uploading,-0.004228086135318389,-0.0008618576714908959,-0.010460050063343882,0.0022383186303001233,-0.005353677065993016
20,0,Vulnerability_scanner,0.00010530507499668662,-7.020338333112442e-05,-7.020338333112442e-05,0.00010530507499668662,-7.020338333112442e-05
20,0,XSS,0.0,0.0,0.0,0.0,0.0
20,1,Backdoor,-0.01080018652345206,0.00623608088330633,0.0023219695056571972,0.0068925547519391615,0.0056978431857923695
20,1,DDoS_HTTP,0.004145915493596725,0.008076586161693643,-0.001758254583389396,0.003485179381387678,0.00083852917270185
20,1,DDoS_ICMP,-3.714196502469883e-05,-1.3936357547576309e-05,7.893804460612497e-05,9.28224299084901e-06,-3.714196502469883e-05
20,1,DDoS_TCP,0.011196918408487142,0.001945260517920729,-0.02518209621349466,0.010206538124671649,0.0006056367249150189
20,1,DDoS_UDP,0.0,-2.799237974759894e-05,-2.799237974759894e-05,-2.799237974759894e-05,8.397713924279682e-05
20,1,Fingerprinting,-0.005376344086021505,-0.005376344086021505,0.016129032258064516,0.0,-0.005376344086021505
20,1,MITM,0.016666666666666666,0.016666666666666666,0.016666666666666666,0.016666666666666666,-0.06666666666666667
20,1,Normal,-1.0292671582516158e-05,6.4188922166234326e-06,3.5410976027365018e-06,6.852456551938631e-05,-8.994748958940368e-05
20,1,Password,-0.001379815857646224,-0.0030508280295167877,0.00021270491059768442,0.006644606489894624,-0.00020836801347640747
20,1,Port_Scanning,-0.07869733883981919,-0.003898294518209135,0.16523288808887646,-0.0786973388398192,-0.003939915891028911
20,1,Ransomware,0.007042651332647089,0.0037756351717421035,0.005074401409611399,0.005149110411123816,-0.010240718217113677
20,1,SQL_injection,-0.021468416957651414,0.0051848344899786715,0.007161147053416488,0.00764439843070757,0.002656293302814499
20,1,Uploading,-0.006778394163887649,0.0042121594161904285,-0.008987999842339224,0.006251622542934698,6.492104540394746e-05
20,1,Vulnerability_scanner,0.0002821184344835248,-0.00014528126159095526,-0.00014528126159095526,0.00015372535028934097,-0.00014528126159095526
20,1,XSS,0.0,0.0,0.0,0.0,0.0
20,2,Backdoor,-0.008000426041812808,0.004528852960021931,-0.0005405869804403792,0.006061215720935522,0.005815138814244362
20,2,DDoS_HTTP,0.01320824116306027,0.011752702362587176,-0.003243562856192765,-0.0021837490335021663,-0.0010702729610677633
20,2,DDoS_ICMP,-1.2896543699597585e-05,-1.2896543699597585e-05,5.158617479839034e-05,-1.2896543699597585e-05,-1.2896543699597585e-05
20,2,DDoS_TCP,0.024769915444600943,0.0029016705359328396,-0.0535255923134116,0.02386941059754079,0.002543646099880762
20,2,DDoS_UDP,0.0,0.0,0.0,0.0,0.0
20,2,Fingerprinting,-0.0125,-0.0125,0.05,-0.0125,-0.0125
20,2,MITM,0.0,0.0,0.0,0.0,0.0
20,2,Normal,-3.1390981497823414e-05,-4.4051871383042154e-05,-4.721589482362491e-05,8.304580962475624e-05,-0.00016658430656225817
20,2,Password,-0.0005308953841219173,-0.0049361794688204275,9.897917762764404e-05,0.008132851995889775,0.0006715989189250759
20,2,Port_Scanning,-0.05065836496148013,-0.0015783681202892548,0.1046020859906956,-0.05065836496148013,-0.0017069879474461036
20,2,Ransomware,-0.0007029881335813541,0.0026659642834625445,0.0004731097113478707,0.0005974257571136176,0.0048612252237626085
20,2,SQL_injection,-0.015830096795357452,0.005099166713642635,0.004881658311951186,0.005762587512201301,0.005916357558449967
20,2,Uploading,-0.0002743137035715849,0.0038088651489497816,-0.005803015952969265,0.0019175844974099105,-0.001928183513251054
20,2,Vulnerability_scanner,0.0003191979118980559,-0.00027888296180483276,-0.00027888296180483276,-0.00022849001256016743,-0.00012969476458951079
20,2,XSS,9.496418493596878e-06,9.496418493596878e-06,9.496418493596878e-06,-3.798567397438751e-05,9.496418493596878e-06
20,3,Backdoor,-0.008860233240282912,0.004259734389220169,0.004640264187556095,0.006325651424023534,0.005828905006044658
20,3,DDoS_HTTP,0.00892931033811231,0.008215652617829923,-0.0005554671445894212,0.0013718889568484559,0.00181615101128772
20,3,DDoS_ICMP,-3.47944212024609e-05,-3.47944212024609e-05,0.0001391776848098436,-3.47944212024609e-05,-3.47944212024609e-05
20,3,DDoS_TCP,0.023609079861885183,0.002326178063200555,-0.05118397578208648,0.0230247248574754,0.0019406828031913606
20,3,DDoS_UDP,0.0,0.0,0.0,0.0,0.0
20,3,Fingerprinting,-0.013043478260869565,-0.013043478260869565,0.05217391304347826,-0.013043478260869565,-0.013043478260869565
20,3,MITM,0.009999999999999998,0.009999999999999998,-0.039999999999999994,0.009999999999999998,0.009999999999999998
20,3,Normal,6.996970279959935e-06,-5.806277796895354e-05,1.6178215585603097e-05,4.5345806239680914e-05,-0.0001684932719081896
20,3,Password,-0.0028467546291161745,-0.009083516527666806,-0.0018327779626080066,0.009228139830704418,0.000355311992886038
20,3,Port_Scanning,-0.06047299522973661,-0.00285056455774626,0.12664711957496577,-0.06047299522973661,-0.00285056455774626
20,3,Ransomware,0.0014854229072589506,0.0005468408421039832,0.0001510391137018933,-0.0008125322085033471,0.006113459004371437
20,3,SQL_injection,-0.018629373572561392,0.004183590900743261,0.005042814370783083,0.00599418177809402,0.006117847619397892
20,3,Uploading,0.0019762654388907936,0.007465356248183377,-0.005660340963398767,0.002415826015800608,-0.0012977153729746773
20,3,Vulnerability_scanner,9.146771237809049e-05,-6.097847491872699e-05,-6.097847491872699e-05,9.146771237809049e-05,-6.097847491872699e-05
20,3,XSS,0.0,0.0,0.0,0.0,0.0
20,4,Backdoor,-0.020493547660730704,0.0018073717553390638,0.0036985270702249366,0.007630645221585622,0.005678895299317219
20,4,DDoS_HTTP,-0.013233157406143132,0.010486241245743204,0.008397925748039017,0.005399777138659112,0.004333828658317202
20,4,DDoS_ICMP,0.0,0.0,0.0,0.0,0.0
20,4,DDoS_TCP,0.019474286622404125,0.0021505159895301718,-0.04383344797676426,0.019589091916280072,0.0026195534485498884
20,4,DDoS_UDP,1.8043980274701222e-05,1.8043980274701222e-05,-7.217592109880489e-05,1.8043980274701222e-05,1.8043980274701222e-05
20,4,Fingerprinting,0.0,0.0,0.0,0.0,0.0
20,4,MITM,0.003611111111111109,0.003611111111111109,-0.014444444444444437,0.003611111111111109,0.003611111111111109
20,4,Normal,1.927684644151458e-05,-8.795472091749356e-06,4.914181050957866e-06,0.00012668342915958715,-9.578333934789721e-05
20,4,Password,-0.0021266392797874767,-0.0055738088419463,0.0010849545351690225,0.005473877161971906,0.0011416164245928553
20,4,Port_Scanning,-0.06343063013447152,-0.0017863753881928199,0.1304340110453287,-0.06343063013447152,-0.0017863753881928199
20,4,Ransomware,6.217603138764886e-05,0.0021265968905988066,0.0069567452091192266,0.005915161550596015,-0.010245647385753434
20,4,SQL_injection,-0.01974403906069037,0.004222220465734763,0.00775804552020345,0.005571861362409331,0.005140559786761134
20,4,Uploading,-0.01276103049926913,0.0008071466710568571,-0.01010240216584765,0.0009244486536962878,-0.004705509620921697
20,4,Vulnerability_scanner,-0.00022976925028495577,-3.623226512918983e-05,-3.623226512918983e-05,-0.00043201981364588413,0.00011786490673449205
20,4,XSS,2.9032843404100742e-05,2.9032843404100742e-05,2.9032843404100742e-05,-0.00011613137361640297,2.9032843404100742e-05
20,Aggregated,Backdoor,-0.0110868683004299,0.004042903478625126,0.0036174508542238435,0.006760501480834319,0.0051364580135421405
20,Aggregated,DDoS_HTTP,0.009023351015461924,0.00950274549967509,-0.0007554272327283377,0.0013285466981810933,0.00017642011347074975
20,Aggregated,DDoS_ICMP,-2.0954289307717478e-05,-1.7213534511304842e-05,6.885312784946825e-05,-9.731014722728452e-06,-2.0954289307717478e-05
20,Aggregated,DDoS_TCP,0.020025875998430538,0.002383884577930941,-0.04407162846870518,0.01948551549470952,0.001991087546046973
20,Aggregated,DDoS_UDP,3.2181239166761967e-06,-2.1461067216917614e-06,-1.8236726305072745e-05,-2.1461067216917614e-06,1.9310815831780072e-05
20,Aggregated,Fingerprinting,-0.0095609711573567,-0.0095609711573567,0.03422782037239869,-0.005544906900328587,-0.0095609711573567
20,Aggregated,MITM,0.005613512170889223,0.005613512170889223,-0.01862891207153504,0.005613512170889223,0.0017883755588673667
20,Aggregated,Normal,-5.288969010084724e-06,-3.007307438300799e-05,1.35953456380881e-06,7.976831296471014e-05,-0.00013354143257607125
20,Aggregated,Password,-0.0011410619558793794,-0.004911447980564132,0.0003506505855402187,0.00655300625163486,0.0006411629295064119
20,Aggregated,Port_Scanning,-0.06339645922515007,-0.002554666180031769,0.13193742956818813,-0.06339645922515007,-0.0025898449378561894
20,Aggregated,Ransomware,0.0011370828173930074,0.0015547970200405214,0.0017368743528234272,0.0014384503884026418,-0.0013579207590310356
20,Aggregated,SQL_injection,-0.02000120271949377,0.004508248908471435,0.007291743822394699,0.006358944477901449,0.004986889563680851
20,Aggregated,Uploading,-0.004048331876662799,0.0032670972742978453,-0.007906515740096617,0.0026988885696806954,-0.0026287060757941893
20,Aggregated,Vulnerability_scanner,6.14227158272418e-05,-0.00010637262011904588,-0.00010637262011904588,-0.00011969283651047102,-3.08950239109725e-05
20,Aggregated,XSS,7.849260704298477e-06,7.849260704298477e-06,7.849260704298477e-06,-3.139704281719391e-05,7.849260704298477e-06
20,Centralized,Backdoor,-0.0110868683004299,0.004042903478625126,0.0036174508542238435,0.006760501480834319,0.0051364580135421405
20,Centralized,DDoS_HTTP,0.009023351015461924,0.00950274549967509,-0.0007554272327283377,0.0013285466981810933,0.00017642011347074975
20,Centralized,DDoS_ICMP,-2.0954289307717478e-05,-1.7213534511304842e-05,6.885312784946825e-05,-9.731014722728452e-06,-2.0954289307717478e-05
20,Centralized,DDoS_TCP,0.020025875998430538,0.002383884577930941,-0.04407162846870518,0.01948551549470952,0.001991087546046973
20,Centralized,DDoS_UDP,3.2181239166761967e-06,-2.1461067216917614e-06,-1.8236726305072745e-05,-2.1461067216917614e-06,1.9310815831780072e-05
20,Centralized,Fingerprinting,-0.0095609711573567,-0.0095609711573567,0.03422782037239869,-0.005544906900328587,-0.0095609711573567
20,Centralized,MITM,0.005613512170889223,0.005613512170889223,-0.01862891207153504,0.005613512170889223,0.0017883755588673667
20,Centralized,Normal,-5.288969010084724e-06,-3.007307438300799e-05,1.35953456380881e-06,7.976831296471014e-05,-0.00013354143257607125
20,Centralized,Password,-0.0011410619558793794,-0.004911447980564132,0.0003506505855402187,0.00655300625163486,0.0006411629295064119
20,Centralized,Port_Scanning,-0.06339645922515007,-0.002554666180031769,0.13193742956818813,-0.06339645922515007,-0.0025898449378561894
20,Centralized,Ransomware,0.0011370828173930074,0.0015547970200405214,0.0017368743528234272,0.0014384503884026418,-0.0013579207590310356
20,Centralized,SQL_injection,-0.02000120271949377,0.004508248908471435,0.007291743822394699,0.006358944477901449,0.004986889563680851
20,Centralized,Uploading,-0.004048331876662799,0.0032670972742978453,-0.007906515740096617,0.0026988885696806954,-0.0026287060757941893
20,Centralized,Vulnerability_scanner,6.14227158272418e-05,-0.00010637262011904588,-0.00010637262011904588,-0.00011969283651047102,-3.08950239109725e-05
20,Centralized,XSS,7.849260704298477e-06,7.849260704298477e-06,7.849260704298477e-06,-3.139704281719391e-05,7.849260704298477e-06
21,0,Backdoor,-0.0029833934173831567,-0.0038854923801458405,-0.00027414043083405965,-0.000374771098765538,-0.009461983776898053
21,0,DDoS_HTTP,-0.01092121500920947,0.0038280632732351845,0.010856959563930098,0.0070486116671806005,-0.033595154002008874
21,0,DDoS_ICMP,2.3950262701855074e-05,2.3950262701855074e-05,-6.218541137595346e-05,2.3950262701855074e-05,-9.665376729611763e-06
21,0,DDoS_TCP,0.010286587511530132,0.01072720263609789,-0.03449070174659943,0.011034636839289043,0.003617149455042623
21,0,DDoS_UDP,5.817335660267542e-05,5.817335660267542e-05,5.817335660267542e-05,5.817335660267542e-05,-0.0002326934264107017
21,0,Fingerprinting,-0.03148148148148148,-0.03148148148148148,0.1537037037037037,-0.03148148148148148,-0.059259259259259255
21,0,MITM,0.03333333333333333,0.03333333333333333,0.03333333333333333,0.03333333333333333,-0.13333333333333333
21,0,Normal,-0.00011815997837021548,0.00010735544467047979,9.301415541754232e-05,-3.2636947766654747e-06,-0.00011870988637264583
21,0,Password,-0.0026961952459639495,-0.005290488145274575,0.004552258483192106,-0.0014137123745855851,0.002379138784049994
21,0,Port_Scanning,-0.026684596716630975,-0.026684596716630975,0.08282689507494646,-0.026684596716630975,-0.0027731049250535322
21,0,Ransomware,0.014847487110597827,0.014608129951111824,-0.02059380742401674,0.00870638061315666,-0.017568190250849547
21,0,SQL_injection,-0.0011064078954027847,-0.0006211805762296755,6.708548990738556e-05,-0.0014009703833955402,-5.8041849155754385e-06
21,0,Uploading,0.0020635956453107836,0.014116957001836733,0.0008699168124720145,-0.007330359539619137,-0.003452707935502265
21,0,Vulnerability_scanner,-0.0007188503514894491,-0.0007188503514894491,0.00187964515468787,-0.00030902879517054614,-0.0001329156565384256
21,0,XSS,0.0,0.0,0.0,0.0,0.0
21,1,Backdoor,-5.114960138668338e-05,0.0016561317305832175,0.00021253048274342453,0.00278946717177152,-0.0070812258389229945
21,1,DDoS_HTTP,-0.006384759290509392,0.0013431327039424151,0.009785721383949644,0.007951368789510919,-0.024999074164960767
21,1,DDoS_ICMP,-0.00030519658022539755,1.8753233890247042e-05,0.0003167612197447822,-4.996085138984825e-05,1.9642977980216524e-05
21,1,DDoS_TCP,0.00555873928109496,0.005080947785203497,-0.017082283800887072,0.005286708477166817,0.002794894795270453
21,1,DDoS_UDP,0.0003812285929895687,-3.871357742700754e-05,7.325594156338821e-05,0.00010124832131098715,-0.0005170192784369366
21,1,Fingerprinting,-0.032357369382067465,-0.02018985381896616,0.12263830605119005,-0.032357369382067465,-0.037733713468088965
21,1,MITM,0.041666666666666664,0.041666666666666664,0.041666666666666664,0.041666666666666664,-0.16666666666666666
21,1,Normal,-9.175161046443559e-05,-9.409734572840556e-06,0.00010868766925961059,-2.7379951288158953e-05,-2.365459057249719e-05
21,1,Password,-0.0055282796015450695,-0.0047566360320078094,0.00477948231281565,-0.002338145711140973,0.005625279532025316
21,1,Port_Scanning,-0.0381965869253086,-0.0381965869253086,0.120783022680453,-0.0381965869253086,-0.006193261904527217
21,1,Ransomware,0.02458581442906638,0.007972914576520536,-0.024384032678280522,0.014187576859075313,-0.022362273186381707
21,1,SQL_injection,-0.0010432554139008954,-0.00021874977613229273,0.0007263659998922261,-0.001150094445082996,0.0012627286730503627
21,1,Uploading,0.002572404869015031,0.013811151883176888,0.002540069660993933,-0.0037710046014873067,-0.007104977055321169
21,1,Vulnerability_scanner,-0.0007468028034132102,-0.0007468028034132102,0.0016618449030185501,-0.00019137741752758285,2.313812133545312e-05
21,1,XSS,0.0,0.0,0.0,0.0,0.0
21,2,Backdoor,0.0022249296928041405,0.0003861148923832038,0.0015481814202531262,0.005639091206949107,-0.014600577099395242
21,2,DDoS_HTTP,-0.009643204767432715,-3.650720248939791e-05,0.012213665804560937,0.004356881944861444,-0.02940129870400752
21,2,DDoS_ICMP,6.500872981673641e-05,2.187563530899143e-05,-0.00019540758525987134,6.500872981673641e-05,4.35144903174071e-05
21,2,DDoS_TCP,0.011447491681435554,0.012147053530105789,-0.03810253355805244,0.01238055260269521,0.002687234001823885
21,2,DDoS_UDP,8.787346221441062e-05,8.787346221441062e-05,8.787346221441062e-05,8.787346221441062e-05,-0.00035149384885764247
21,2,Fingerprinting,-0.023552631578947367,-0.027719298245614032,0.11921052631578946,-0.023552631578947367,-0.0443859649122807
21,2,MITM,0.03571428571428571,0.03571428571428571,0.03571428571428571,0.03571428571428571,-0.14285714285714285
21,2,Normal,-0.00013047650568202376,0.0002067301579622427,4.9591879557442375e-05,6.631286867104606e-05,-0.00022741235770010193
21,2,Password,-0.008509586224836463,-0.008132821816956737,0.009185306099716958,-0.0007911109768503612,0.00824821291892661
21,2,Port_Scanning,-0.024335303168396397,-0.024335303168396397,0.07595478199511953,-0.024335303168396397,-0.002948872489930321
21,2,Ransomware,0.014416875419840679,0.01865218252112615,-0.030492686178562697,0.018778055034079335,-0.025216905574072655
21,2,SQL_injection,-0.0032990491908609365,-0.001983235313855106,-0.00048893045351709,-0.00032917969237349494,0.001597150449532785
21,2,Uploading,0.0030291239864606184,0.009998640730900331,0.0007166035791776216,-0.0009265595148094797,-0.004250459900244069
21,2,Vulnerability_scanner,-0.0014694675712516813,-0.0014694675712516813,0.0031867268593194,-0.0005301365053761664,0.0002823447885601293
21,2,XSS,0.0,0.0,0.0,0.0,0.0
21,3,Backdoor,0.0014250804424542555,-0.0013502578579634883,0.000428368516822016,0.003668263630234066,-0.01339617739398742
21,3,DDoS_HTTP,-0.006275320082733026,0.001190267715188607,0.011450228084052416,0.006264301951413554,-0.028840582951756896
21,3,DDoS_ICMP,-0.00011981589794239355,-0.0001394803827910851,0.0005569187786223673,-0.00011981589794239355,-0.00017780659994649507
21,3,DDoS_TCP,0.010713281684358249,0.010900771270320918,-0.03604295494585701,0.010829754847773192,0.003882457339738643
21,3,DDoS_UDP,1.4306151645204767e-05,1.4306151645204767e-05,1.4306151645204767e-05,1.4306151645204767e-05,-5.722460658081907e-05
21,3,Fingerprinting,-0.04439904108096327,-0.03637626675384112,0.19131252043151353,-0.04439904108096327,-0.06613817151574587
21,3,MITM,0.007142857142857145,0.007142857142857145,0.007142857142857145,0.007142857142857145,-0.02857142857142858
21,3,Normal,-0.00012429102316096062,0.0001910512752501925,6.771102966300346e-05,-1.5147908633493061e-05,-0.00014155848139044876
21,3,Password,-0.0100713954339257,-0.007036125191444812,0.013293957352161689,-0.007994970635290347,0.011808533908499168
21,3,Port_Scanning,-0.02984550849191733,-0.02984550849191733,0.0934561080417434,-0.02984550849191733,-0.003919582565991406
21,3,Ransomware,0.01553632224195759,0.011831280283243617,-0.018003736867476538,0.012601215688625933,-0.021965081346350623
21,3,SQL_injection,-0.0016502136373847296,-0.0009751549558357604,-0.00017914227989576786,-0.000603955411982152,0.0006994051886415549
21,3,Uploading,-0.0005235540324219153,0.011722374269862538,-0.0008579120524245907,-0.000550291618387357,-0.0043086278923397826
21,3,Vulnerability_scanner,-0.0005321664188530584,-0.0005321664188530584,0.0017216957805333889,-0.0003289048357906351,-0.00032845810703663694
21,3,XSS,0.0,0.0,0.0,0.0,0.0
21,4,Backdoor,0.0021993283981931733,0.0016945145948756568,0.0007945761851165986,0.002838807385205209,-0.0005707048242602208
21,4,DDoS_HTTP,0.0019165116475131758,0.002897612639597774,0.006978283057958601,0.0099239315001422,-0.021716338845211753
21,4,DDoS_ICMP,0.00010053731078565886,0.00010041701899407562,-0.0004020289513510522,0.00010053731078565886,0.00010053731078565886
21,4,DDoS_TCP,0.009129162143322675,0.00930490992749831,-0.030645251964075682,0.009926228498478018,0.002744355745859073
21,4,DDoS_UDP,7.27791426626767e-05,7.27791426626767e-05,-1.7440758710829395e-05,7.27791426626767e-05,-0.00020089666927720074
21,4,Fingerprinting,-0.025356125356125355,-0.0068376068376068385,0.0829059829059829,-0.025356125356125355,-0.025356125356125355
21,4,MITM,0.002918018992667387,0.002918018992667387,0.002918018992667387,-0.0028443923548503447,-0.005909664623151817
21,4,Normal,-2.5059293479066473e-05,-3.662621467763009e-07,0.00012112251297580387,-5.781422915783763e-05,1.3530356870500305e-05
21,4,Password,-0.005593934852327348,-0.003929532078829495,0.006030481438174157,-0.0014720915425511807,0.004965077035533869
21,4,Port_Scanning,-0.030773557213541254,-0.030773557213541254,0.09597469225595545,-0.030773557213541254,-0.0036540206153316767
21,4,Ransomware,0.020344235497978598,0.01257095204486062,-0.030876829824775947,0.008406178170441096,-0.01044453588850436
21,4,SQL_injection,-0.0011857750202536649,-0.0007068649124769108,0.00022503789772699382,-0.001020440428465349,0.0005697723840338005
21,4,Uploading,0.004034392867924054,0.020426544077847778,0.0017022500056584381,0.0018528345278764893,-0.006517069311947679
21,4,Vulnerability_scanner,-0.00027330296782434964,4.5820570724811976e-06,0.0007234697267598807,-0.0004802519706618417,2.5503154653829425e-05
21,4,XSS,0.0,0.0,0.0,0.0,0.0
21,Aggregated,Backdoor,0.0008224904158111686,-0.0001965817677452057,0.0006233848884305245,0.003094961606712517,-0.009213357686915091
21,Aggregated,DDoS_HTTP,-0.007921579250394392,0.001350641859392493,0.011128414136521665,0.006213725134830039,-0.028944013524813524
21,Aggregated,DDoS_ICMP,-3.0755675637724376e-05,1.0189514811400254e-05,1.1009905668823983e-05,1.0393975081290918e-05,-8.377199237907806e-07
21,Aggregated,DDoS_TCP,0.009304262975439999,0.0094849698759641,-0.030859350761638,0.009749062266685378,0.0031091812182234115
21,Aggregated,DDoS_UDP,0.00011819500292906867,3.772947062147998e-05,4.3095773591570834e-05,6.455062381331978e-05,-0.00026357087095543925
21,Aggregated,Fingerprinting,-0.03228987993138936,-0.02353487707261292,0.13366209262435677,-0.03228987993138936,-0.04554745568896512
21,Aggregated,MITM,0.012405786304091388,0.012405786304091388,0.012405786304091388,0.00788601229279195,-0.04510337120506611
21,Aggregated,Normal,-9.874152554071869e-05,9.989543969104822e-05,8.771055300856312e-05,-6.8459879868846645e-06,-0.00010076542724636317
21,Aggregated,Password,-0.006376419703289675,-0.0059731085772350865,0.007240938234622538,-0.0022505863878834907,0.0063645751855297885
21,Aggregated,Port_Scanning,-0.030915177241953237,-0.030915177241953237,0.09682357466696062,-0.030915177241953237,-0.004078042941100901
21,Aggregated,Ransomware,0.016970266969508294,0.014144061196342117,-0.025776266993534674,0.013854917835902111,-0.020937058317929615
21,Aggregated,SQL_injection,-0.0015102086788500585,-0.0008082304321032213,0.00014587478280975405,-0.0009824876188171034,0.0007578863015472054
21,Aggregated,Uploading,0.002128470210705292,0.01372550035306754,0.0008441107245036383,-0.0022264268856558704,-0.004994966690138828
21,Aggregated,Vulnerability_scanner,-0.0006725516941203917,-0.0005785170301006338,0.0016495908840501192,-0.000385452906898535,-1.3069252930558716e-05
21,Aggregated,XSS,0.0,0.0,0.0,0.0,0.0
21,Centralized,Backdoor,0.0008224904158111686,-0.0001965817677452057,0.0006233848884305245,0.003094961606712517,-0.009213357686915091
21,Centralized,DDoS_HTTP,-0.007921579250394392,0.001350641859392493,0.011128414136521665,0.006213725134830039,-0.028944013524813524
21,Centralized,DDoS_ICMP,-3.0755675637724376e-05,1.0189514811400254e-05,1.1009905668823983e-05,1.0393975081290918e-05,-8.377199237907806e-07
21,Centralized,DDoS_TCP,0.009304262975439999,0.0094849698759641,-0.030859350761638,0.009749062266685378,0.0031091812182234115
21,Centralized,DDoS_UDP,0.00011819500292906867,3.772947062147998e-05,4.3095773591570834e-05,6.455062381331978e-05,-0.00026357087095543925
21,Centralized,Fingerprinting,-0.03228987993138936,-0.02353487707261292,0.13366209262435677,-0.03228987993138936,-0.04554745568896512
21,Centralized,MITM,0.012405786304091388,0.012405786304091388,0.012405786304091388,0.00788601229279195,-0.04510337120506611
21,Centralized,Normal,-9.874152554071869e-05,9.989543969104822e-05,8.771055300856312e-05,-6.8459879868846645e-06,-0.00010076542724636317
21,Centralized,Password,-0.006376419703289675,-0.0059731085772350865,0.007240938234622538,-0.0022505863878834907,0.0063645751855297885
21,Centralized,Port_Scanning,-0.030915177241953237,-0.030915177241953237,0.09682357466696062,-0.030915177241953237,-0.004078042941100901
21,Centralized,Ransomware,0.016970266969508294,0.014144061196342117,-0.025776266993534674,0.013854917835902111,-0.020937058317929615
21,Centralized,SQL_injection,-0.0015102086788500585,-0.0008082304321032213,0.00014587478280975405,-0.0009824876188171034,0.0007578863015472054
21,Centralized,Uploading,0.002128470210705292,0.01372550035306754,0.0008441107245036383,-0.0022264268856558704,-0.004994966690138828
21,Centralized,Vulnerability_scanner,-0.0006725516941203917,-0.0005785170301006338,0.0016495908840501192,-0.000385452906898535,-1.3069252930558716e-05
21,Centralized,XSS,0.0,0.0,0.0,0.0,0.0
22,0,Backdoor,0.003982028691192994,-0.0009741211232387341,0.003377271384473074,0.00833135157027418,-0.0022588460271023717
22,0,DDoS_HTTP,0.01143972760652379,-0.007248056358718442,0.0030599658461861645,0.017854003890169366,-0.0170825218619038
22,0,DDoS_ICMP,9.08133213220678e-05,0.00010748844992193307,0.0002252142275725566,-9.41032613981448e-05,-0.0003294127374184127
22,0,DDoS_TCP,0.0296733145675109,0.04880092362764399,-0.15940593710407208,0.049094939888792904,0.031836759020124276
22,0,DDoS_UDP,4.3617330619366566e-05,4.3617330619366566e-05,4.3617330619366566e-05,4.3617330619366566e-05,-0.00017446932247746627
22,0,Fingerprinting,0.06706887883358473,0.10879839115133233,0.1707642031171443,-0.07609351432880845,-0.2705379587732527
22,0,MITM,0.029999999999999995,0.029999999999999995,0.029999999999999995,0.029999999999999995,-0.11999999999999998
22,0,Normal,0.00020716512426906345,1.6841650571591814e-05,0.00017030199443717012,-3.214854490485678e-05,6.155829743059356e-05
22,0,Password,0.0022217096412318676,-0.006716237115323616,0.002426945154738461,0.004720518258944846,-1.957639457755058e-05
22,0,Port_Scanning,-0.007778908605206138,-0.06017624502810168,0.1354580088522987,-0.05881570081041459,-0.008687154408576264
22,0,Ransomware,0.015547406188372881,0.004656472878669373,0.006526674931063314,-0.000925721111408732,-0.012291319373183363
22,0,SQL_injection,0.0007972150576505886,-0.0013656098617471088,-0.001114719318641274,0.0008054289650210706,0.000128480304377127
22,0,Uploading,0.001994506113730682,-0.0014866365269403038,-0.003056932424189924,0.007528937028124608,0.005718877803679699
22,0,Vulnerability_scanner,-0.0008293142206864076,-0.001180632957562707,0.0012372351485999077,0.0019533449872119134,-0.001180632957562707
22,0,XSS,0.0,0.0,0.0,0.0,0.0
22,1,Backdoor,0.0020366590732769714,-0.0005937009502455719,-0.004609007890321557,0.004905431876253232,-0.004194222312761122
22,1,DDoS_HTTP,0.007652662169207564,0.0010771790458573424,-0.001974507638880778,0.004781297326695363,-0.011536630902879494
22,1,DDoS_ICMP,-0.0002795804866901175,0.00011432247895516075,0.0002076786089467227,0.00014068029800344827,-0.00018310089921521426
22,1,DDoS_TCP,0.027153130567176734,0.03655215992608112,-0.12829592121601605,0.03679244392489185,0.02779818679786634
22,1,DDoS_UDP,0.0002633319049353322,-1.66671914774467e-05,-1.66671914774467e-05,-0.0001566290902154414,-7.33684317649974e-05
22,1,Fingerprinting,0.0010203256913783264,0.05021582801188064,0.05989509246088194,-0.037168445662715606,-0.07396280050142527
22,1,MITM,0.03571428571428571,0.03571428571428571,0.03571428571428571,0.03571428571428571,-0.14285714285714285
22,1,Normal,0.00025655846215442887,-8.655958026278313e-05,0.00021548383925145686,-0.00028614433976754115,0.00014000622616504218
22,1,Password,-0.0004241982148570569,-0.008602038707510255,0.001395531577087658,0.013296836843636854,0.0023155712648989706
22,1,Port_Scanning,-0.010590481155310007,-0.08415391890126464,0.18962659116009914,-0.08315391890126465,-0.011728272202259814
22,1,Ransomware,0.0236526019779823,0.00207795138498896,0.009622161978994221,-0.02130733057864858,-0.019499930217862286
22,1,SQL_injection,0.0001797088495002953,-0.001140993047994159,-0.0009829413290260293,0.0010057104868618012,0.0001832636835658069
22,1,Uploading,0.000923673436469534,0.0008494972331327446,0.0001491238026419539,-0.0013531968319642391,0.0013022721671101453
22,1,Vulnerability_scanner,-0.0010965154397396851,-0.0012245937386492249,0.0015766641942702776,0.0019690387227678575,-0.0012245937386492249
22,1,XSS,0.0,0.0,0.0,0.0,0.0
22,2,Backdoor,-0.00014853753722828081,0.017865064506967152,-0.009404413493127536,0.002271641369120266,-0.012796756228857476
22,2,DDoS_HTTP,0.009517334722525927,-0.004791645390641001,-0.0012625869893783225,0.014043702432483646,-0.015701750623365686
22,2,DDoS_ICMP,-4.3279849367283683e-05,-0.0001512518009835077,-6.508590433967528e-05,0.00010799193932607606,0.00015162561536439061
22,2,DDoS_TCP,0.03393857011169612,0.05536946266973679,-0.1811566600872684,0.05592963587600825,0.035918991429827365
22,2,DDoS_UDP,7.027406886858656e-05,7.027406886858656e-05,7.027406886858656e-05,7.027406886858656e-05,-0.00028109627547434624
22,2,Fingerprinting,0.041346801346801354,0.05195286195286196,0.07282828282828284,-0.01963804713804714,-0.14648989898989886
22,2,MITM,0.03333333333333333,0.03333333333333333,0.03333333333333333,0.03333333333333333,-0.13333333333333333
22,2,Normal,0.00016375219265688524,6.285815451151922e-05,0.0001468081335285254,0.00014571056437275113,-0.00015280906684456513
22,2,Password,0.0006702202765228587,-0.010581123631574653,0.001536086195258289,0.019455427764930647,-0.0014050979414157875
22,2,Port_Scanning,-0.004525126809482862,-0.051784439896754894,0.11125901021647353,-0.04916663884963447,-0.005782804660601304
22,2,Ransomware,0.015016222533918133,0.0008419333448080832,0.009415662148512718,0.0023579639876886945,-0.023330706746110444
22,2,SQL_injection,-0.0003138997696979035,-0.0013408373781556167,-0.0013135497285458287,0.001824101389078367,0.00014685781403528478
22,2,Uploading,0.0018016354552322959,0.003940049467871427,-0.0025358078495534408,0.0010247355495065424,0.00289951215412676
22,2,Vulnerability_scanner,-0.0013388179385558975,-0.0012393591404123495,0.0012723028627438736,0.0024955039575649484,-0.0011896297413405755
22,2,XSS,9.496418493596878e-06,9.496418493596878e-06,9.496418493596878e-06,-3.798567397438751e-05,9.496418493596878e-06
22,3,Backdoor,2.4510707956071354e-05,0.01401989618154286,-0.005870240461918695,0.003875631106881829,-0.009878239428983528
22,3,DDoS_HTTP,0.008659591136403895,-0.004004571560411174,-0.00355423261773317,0.016070189856529693,-0.01820274460231357
22,3,DDoS_ICMP,0.00014675471789905395,0.000126593349836418,0.00020455508178910767,-6.515543774122483e-05,-0.00041274771178335484
22,3,DDoS_TCP,0.03220474087558366,0.051564519830491796,-0.16872653570840754,0.05196158561967865,0.03299568938265343
22,3,DDoS_UDP,1.4306151645204767e-05,1.4306151645204767e-05,1.4306151645204767e-05,1.4306151645204767e-05,-5.722460658081907e-05
22,3,Fingerprinting,0.06466133142220097,0.0946605351170569,0.09180418856505815,-0.050834766682592764,-0.20029128842172314
22,3,MITM,0.007142857142857145,0.007142857142857145,0.007142857142857145,0.007142857142857145,-0.02857142857142858
22,3,Normal,0.00021459873293586302,0.0001701484764331629,0.00012557460267292135,0.00013291949471885093,-8.470763991313782e-05
22,3,Password,0.005970197252715478,-0.011853910572378529,0.0059653755972377265,0.0251303342572398,0.0036895044883812973
22,3,Port_Scanning,-0.007064682139744793,-0.06387838449411883,0.13887481693224044,-0.060242020857755194,-0.007689729440621616
22,3,Ransomware,0.014692328908479508,0.0025810960360081827,0.008938546582045728,-0.009919783262760875,-0.009963764914072585
22,3,SQL_injection,0.000283206889299778,-0.0008492679040591274,-0.0006023889275237272,0.000795169789629147,0.0003732801526539297
22,3,Uploading,0.0024725033384452597,0.002649753647698567,-0.0032511633384608293,0.003499805157440732,-0.002421046297749057
22,3,Vulnerability_scanner,-0.0006662623729069302,-0.0008187085602037477,0.0006103904995656162,0.0016932889937488094,-0.0008187085602037477
22,3,XSS,0.0,0.0,0.0,0.0,0.0
22,4,Backdoor,-0.004511569868081203,0.01506191032301732,-0.007128822121602126,-0.0046235240370467185,-0.00330886386150467
22,4,DDoS_HTTP,0.014740425106700698,0.0008254171769701113,0.009278863322833678,-0.021240773388390536,-0.003603932218113948
22,4,DDoS_ICMP,-7.849346657871255e-05,-1.8303860004220684e-05,-7.918857420013784e-05,5.7750536073257014e-05,0.00011823536470981408
22,4,DDoS_TCP,0.03237230335208006,0.04847665080112857,-0.16352250408183064,0.05000323966736186,0.03340779400114132
22,4,DDoS_UDP,8.466411157396399e-05,8.466411157396399e-05,-3.562909025737748e-05,-3.562909025737748e-05,-9.807004263317302e-05
22,4,Fingerprinting,-0.01712220241632006,0.03080808080808081,0.05977421271538918,-0.03673004555357496,-0.03673004555357496
22,4,MITM,0.001005747126436779,0.001005747126436779,0.001005747126436779,0.001005747126436779,-0.004022988505747116
22,4,Normal,0.0001754357123571822,0.00035087228537932224,5.368778679512391e-05,-0.0004188178233690572,9.607466593417787e-05
22,4,Password,-0.0005695942017231577,-0.007192429127774789,0.00168476264856507,0.01220777680080763,0.0071565268701385505
22,4,Port_Scanning,-0.008036829036431659,-0.06776719207273527,0.1510046342629491,-0.06680380093593374,-0.00839681221784839
22,4,Ransomware,0.007503877291981572,0.009274182433909999,0.013400454357098886,-0.017001549855960887,-0.0033211949962603
22,4,SQL_injection,0.0006869718452911123,-0.000868276334011701,-0.0007650394532396026,0.000586891558372762,-0.00019518839984266438
22,4,Uploading,-0.005557172769209676,-0.0022723035766643467,-0.009691913704335479,0.008769161940926917,0.002120953610671634
22,4,Vulnerability_scanner,-0.000310511700452241,-0.00012636705462271507,9.27774143726597e-05,0.0005580419005597711,-0.0002139405598574747
22,4,XSS,2.9032843404100742e-05,2.9032843404100742e-05,2.9032843404100742e-05,-0.00011613137361640297,2.9032843404100742e-05
22,Aggregated,Backdoor,0.0001189262790473026,0.009568441436704473,-0.00506816978682559,0.0026821911627153954,-0.006693269942308133
22,Aggregated,DDoS_HTTP,0.0094835527160926,-0.0036934534219461193,-0.0009030248631235083,0.012295967592987936,-0.015470224439083729
22,Aggregated,DDoS_ICMP,-2.3422196773403846e-05,3.606251983242492e-05,9.220048445232054e-05,2.2219173281475454e-05,-0.00012705998079281706
22,Aggregated,DDoS_TCP,0.03112926532726782,0.04794958281950989,-0.15988503444535848,0.048571455927911365,0.03239686162342307
22,Aggregated,DDoS_UDP,9.129502588729281e-05,3.7649955860854144e-05,1.6195796416346164e-05,-1.0625356775493625e-05,-0.0001345154213889995
22,Aggregated,Fingerprinting,0.026397947447483357,0.06661431559800703,0.08558490886375607,-0.04440174470434579,-0.13419542720490066
22,Aggregated,MITM,0.008112449799196786,0.008112449799196786,0.008112449799196786,0.008112449799196786,-0.032449799196787144
22,Aggregated,Normal,0.0002038348436405324,9.97854318578369e-05,0.00014354048137928585,-8.881154389530262e-05,1.1120790352962354e-05
22,Aggregated,Password,0.0011791373306185423,-0.008935973076362907,0.00224903382187402,0.014536278806434797,0.0017731971376241029
22,Aggregated,Port_Scanning,-0.007686691589182845,-0.06746250723902539,0.14940584735124096,-0.06574981188471153,-0.00850683663832119
22,Aggregated,Ransomware,0.01519624193290251,0.003210266299776768,0.009156259333449842,-0.006824004521226582,-0.0151215077308672
22,Aggregated,SQL_injection,0.0004216315051285252,-0.001089978733675788,-0.0009359945925329239,0.0009155425813718375,7.268139078364147e-05
22,Aggregated,Uploading,0.0006914835387346099,0.0009429103630552484,-0.0034952038512598336,0.003854385081159209,0.0018061500507970465
22,Aggregated,Vulnerability_scanner,-0.0007712817124577406,-0.0007913667227730477,0.0008300805752702718,0.001545792105385981,-0.0008132242454254645
22,Aggregated,XSS,7.849260704298477e-06,7.849260704298477e-06,7.849260704298477e-06,-3.139704281719391e-05,7.849260704298477e-06
22,Centralized,Backdoor,0.0001189262790473026,0.009568441436704473,-0.00506816978682559,0.0026821911627153954,-0.006693269942308133
22,Centralized,DDoS_HTTP,0.0094835527160926,-0.0036934534219461193,-0.0009030248631235083,0.012295967592987936,-0.015470224439083729
22,Centralized,DDoS_ICMP,-2.3422196773403846e-05,3.606251983242492e-05,9.220048445232054e-05,2.2219173281475454e-05,-0.00012705998079281706
22,Centralized,DDoS_TCP,0.03112926532726782,0.04794958281950989,-0.15988503444535848,0.048571455927911365,0.03239686162342307
22,Centralized,DDoS_UDP,9.129502588729281e-05,3.7649955860854144e-05,1.6195796416346164e-05,-1.0625356775493625e-05,-0.0001345154213889995
22,Centralized,Fingerprinting,0.026397947447483357,0.06661431559800703,0.08558490886375607,-0.04440174470434579,-0.13419542720490066
22,Centralized,MITM,0.008112449799196786,0.008112449799196786,0.008112449799196786,0.008112449799196786,-0.032449799196787144
22,Centralized,Normal,0.0002038348436405324,9.97854318578369e-05,0.00014354048137928585,-8.881154389530262e-05,1.1120790352962354e-05
22,Centralized,Password,0.0011791373306185423,-0.008935973076362907,0.00224903382187402,0.014536278806434797,0.0017731971376241029
22,Centralized,Port_Scanning,-0.007686691589182845,-0.06746250723902539,0.14940584735124096,-0.06574981188471153,-0.00850683663832119
22,Centralized,Ransomware,0.01519624193290251,0.003210266299776768,0.009156259333449842,-0.006824004521226582,-0.0151215077308672
22,Centralized,SQL_injection,0.0004216315051285252,-0.001089978733675788,-0.0009359945925329239,0.0009155425813718375,7.268139078364147e-05
22,Centralized,Uploading,0.0006914835387346099,0.0009429103630552484,-0.0034952038512598336,0.003854385081159209,0.0018061500507970465
22,Centralized,Vulnerability_scanner,-0.0007712817124577406,-0.0007913667227730477,0.0008300805752702718,0.001545792105385981,-0.0008132242454254645
22,Centralized,XSS,7.849260704298477e-06,7.849260704298477e-06,7.849260704298477e-06,-3.139704281719391e-05,7.849260704298477e-06
23,0,Backdoor,-0.003741835315834537,-9.737940514024842e-05,-0.006854049229576631,-0.0025004461446078837,0.008431805333254556
23,0,DDoS_HTTP,0.015200333578785053,-0.011931779192156714,-0.008733337236356825,0.011009807704735126,-0.01288902014543049
23,0,DDoS_ICMP,-6.525428669607036e-06,-9.057471586398913e-05,0.00016076174998011505,0.0001613756681433376,-0.00022503727358985648
23,0,DDoS_TCP,0.007938438172738758,0.007448907049671982,-0.03160730211316949,0.007938438172738758,0.00828151871801999
23,0,DDoS_UDP,2.9069767441858295e-05,2.9069767441858295e-05,2.9069767441858295e-05,2.9069767441858295e-05,-0.00011627906976743318
23,0,Fingerprinting,-0.029377289377289378,-0.09561660561660562,0.1956227106227106,0.13609890109890113,-0.20672771672771667
23,0,MITM,0.025,0.025,0.025,0.025,-0.1
23,0,Normal,0.00022721850609601265,-0.0006097744446692495,9.584273742063165e-05,0.00022998407236778928,-7.41140082988534e-05
23,0,Password,0.0025133680126456373,-0.008495214423291576,0.010344321981984088,0.003812688012770311,-0.0025462395745825973
23,0,Port_Scanning,-0.0173157371820012,-0.0173157371820012,0.06721376840013596,-0.0173157371820012,-0.01526655685413235
23,0,Ransomware,0.026398250041686132,-0.028882255548388375,0.007346757019557891,0.00793328731675755,-0.00370512973870418
23,0,SQL_injection,-0.004041444840038452,0.0006301073605138323,0.0016612533432529997,0.0018058536173473434,-5.5769481075724586e-05
23,0,Uploading,-0.011883318258035418,0.008372766493681657,-0.0014848739812749487,0.008989991073335762,-0.0014919971900985854
23,0,Vulnerability_scanner,-0.0010370452971926365,-0.0014430749799917708,0.006103326554225639,-0.0016939913849216466,-0.001929214892119585
23,0,XSS,0.0,0.0,0.0,0.0,0.0
23,1,Backdoor,0.000845576824108089,0.0012006084301551497,-0.0073887650161620945,0.001750884746204658,0.004816703683208381
23,1,DDoS_HTTP,0.01200458228532619,-0.005851813412235545,-0.007921400337904953,0.010316983244404925,-0.008548351779590622
23,1,DDoS_ICMP,-0.00019818024692428807,-5.82542901208886e-05,0.0003057362453462442,0.00024106062883625748,-0.000290362337137325
23,1,DDoS_TCP,0.004035019250307557,0.0038637013117000557,-0.01641484375722865,0.004206548015852874,0.004309575179368164
23,1,DDoS_UDP,0.00017929829148994326,3.9336392751948555e-05,-7.26331262384472e-05,-0.00010062550598604613,-4.537605201739847e-05
23,1,Fingerprinting,-0.040216523159194974,-0.05047536154303335,0.12017693042763168,0.042495692161715996,-0.07198073788711935
23,1,MITM,0.03571428571428571,0.03571428571428571,0.03571428571428571,0.03571428571428571,-0.14285714285714285
23,1,Normal,0.00016229308346512038,-0.000424120282128887,0.00012697453775124175,0.0001697552212664229,-3.254561124679071e-05
23,1,Password,0.0007111336073781361,-0.00824298097474559,0.0100124342415207,0.0037038205505063805,-0.003996993997750399
23,1,Port_Scanning,-0.025598430061704435,-0.025598430061704435,0.10038971223078569,-0.025598430061704435,-0.02359442204567237
23,1,Ransomware,0.021210924327071702,-0.04580989673444275,0.007862137958631703,0.017528178501468764,0.010229064110535795
23,1,SQL_injection,-0.0030599996902897545,-0.0004547879318629986,0.0009482225525244143,0.001183707708361846,0.0013828573612664921
23,1,Uploading,-0.015141912233137734,0.0072153319916288,-0.0006930869379824785,0.007993881804149046,0.000625785375342372
23,1,Vulnerability_scanner,-0.00010018393233898748,-0.0005294477798783911,0.004478840180042298,-0.001552957998540716,-0.0022962504692842036
23,1,XSS,0.0,0.0,0.0,0.0,0.0
23,2,Backdoor,-0.007695473927715653,0.013136833114710651,-0.0206061464858763,-0.005472534297101372,0.022850322979108547
23,2,DDoS_HTTP,0.010644977425855694,-0.006435360248199769,-0.007556506221811884,0.0075549917373558114,-0.006519552127180616
23,2,DDoS_ICMP,0.00012568403923231738,0.00016896174924914872,-0.00033024768166102964,-4.738289807226792e-05,8.298479125183149e-05
23,2,DDoS_TCP,0.008673560810165754,0.007555145837340995,-0.034649087928947504,0.008813510499817257,0.0090470725236155
23,2,DDoS_UDP,7.027406886858656e-05,7.027406886858656e-05,7.027406886858656e-05,7.027406886858656e-05,-0.00028109627547434624
23,2,Fingerprinting,-0.014090909090909091,-0.04742424242424243,0.12757575757575756,0.06469696969696971,-0.13075757575757577
23,2,MITM,0.03333333333333333,0.03333333333333333,0.03333333333333333,0.03333333333333333,-0.13333333333333333
23,2,Normal,0.00028294009109591605,-0.0005794222421158994,5.7062768758829134e-05,0.00018257712032688407,5.1332568714718144e-05
23,2,Password,0.0015048484228040416,-0.013967659705060715,0.009674097832926902,0.00512069532407737,-0.0038413838976284658
23,2,Port_Scanning,-0.01604065168421604,-0.01604065168421604,0.06151710409136151,-0.01604065168421604,-0.013395149038713394
23,2,Ransomware,0.025886406999223132,-0.035686697181664326,0.004288237404101458,0.015020483045447262,0.0008475567879086284
23,2,SQL_injection,-0.004346392527229097,0.000351895076043255,0.00016930985891631226,0.0006919434624452559,0.0028041427032961847
23,2,Uploading,-0.01448500839753768,0.004119647592253515,-0.0030940942514609913,0.008900073191696086,0.0018744243237303994
23,2,Vulnerability_scanner,-0.0008910064415248405,-0.0016092880286296,0.007131681089354084,-0.002340003818209966,-0.0022913828009896776
23,2,XSS,9.496418493596878e-06,9.496418493596878e-06,9.496418493596878e-06,-3.798567397438751e-05,9.496418493596878e-06
23,3,Backdoor,-0.00606992573764394,0.009953795629271463,-0.017483351103158653,-0.004921423163343717,0.014366485993448249
23,3,DDoS_HTTP,0.014020493058291476,-0.008461698540255478,-0.010235157285893033,0.013000125857208762,-0.009359569106964295
23,3,DDoS_ICMP,-1.8737506635874147e-05,-0.00013452025891055134,0.000365735408245275,0.00015400542422810786,-0.0003664830669269573
23,3,DDoS_TCP,0.008276177709918701,0.008101643998895364,-0.03293035148788738,0.008145233923732202,0.00840729585534111
23,3,DDoS_UDP,1.4306151645204767e-05,1.4306151645204767e-05,1.4306151645204767e-05,1.4306151645204767e-05,-5.722460658081907e-05
23,3,Fingerprinting,-0.025933862433862434,-0.07947250977685759,0.17735288704853922,0.09448251667816882,-0.16642903151598798
23,3,MITM,0.007142857142857145,0.007142857142857145,0.007142857142857145,0.007142857142857145,-0.02857142857142858
23,3,Normal,0.00026713016501696366,-0.0006505584303724314,8.083361646970729e-05,0.00022096030856759522,-2.730284131723937e-05
23,3,Password,0.007961829659880577,-0.01676556472611417,0.0093569092364159,0.01274545610318037,-0.004943109142511138
23,3,Port_Scanning,-0.019375003207612047,-0.019375003207612047,0.07380997593007918,-0.019375003207612047,-0.01568496630724304
23,3,Ransomware,0.02472415991899209,-0.04548155695040808,0.009254536052300668,0.011816595820495076,-0.0066421581910796924
23,3,SQL_injection,-0.0037000390825219537,0.0007405177658674225,0.0006904746496590929,0.0009866914937308865,0.0012823551732645511
23,3,Uploading,-0.01481782716290006,0.007871203175983511,0.001863625955497554,0.00572719626601274,-0.0006441982345937398
23,3,Vulnerability_scanner,-0.0009300431811629558,-0.0016270885831696225,0.0059305309605171925,-0.0015338808639057029,-0.001839518332278911
23,3,XSS,0.0,0.0,0.0,0.0,0.0
23,4,Backdoor,-0.007969388649434129,0.011540887652875137,-0.007883042684625204,-0.008298914904318118,0.016082680807724518
23,4,DDoS_HTTP,0.007846571641551274,0.009077497337535653,-0.009515358027164373,0.007370647621937934,-0.0070123682825984
23,4,DDoS_ICMP,5.229382424500699e-05,9.766292342833402e-05,-0.000253749825072321,6.130153970645979e-06,9.766292342833402e-05
23,4,DDoS_TCP,0.006842936874521993,0.006460416291283233,-0.027972129561092584,0.007488086016554298,0.0071806903787330605
23,4,DDoS_UDP,1.8371693586899385e-05,1.8371693586899385e-05,1.8371693586899385e-05,1.8371693586899385e-05,-7.348677434759754e-05
23,4,Fingerprinting,-0.04856711915535445,-0.04856711915535445,0.1158371040723982,0.029864253393665156,-0.04856711915535445
23,4,MITM,0.00021929824561403577,0.00021929824561403577,0.00021929824561403577,0.00021929824561403577,-0.0008771929824561431
23,4,Normal,1.5195379980433484e-05,-0.0003682633533670728,6.578558317171061e-05,0.00011598329704814263,0.00022524732783654004
23,4,Password,-0.0036259893085229043,-0.010920401694386484,0.00463250768386587,0.009703576677152947,-0.0030364466048626647
23,4,Port_Scanning,-0.01967821782178218,-0.01967821782178218,0.07871287128712871,-0.01967821782178218,-0.01967821782178218
23,4,Ransomware,0.01565940555305703,-0.030445549661923824,0.0071507471777828,0.010226270592362998,0.007577777132371814
23,4,SQL_injection,-0.0024619022514255824,0.0007877875891904589,0.000693144080444288,0.0008893602594593699,-4.6389586879131324e-05
23,4,Uploading,0.0018848414161995281,0.002734449491873605,-0.005637086290691357,0.015235205576139083,-0.00544548036895946
23,4,Vulnerability_scanner,0.0008023636764676434,0.0005392858888744394,0.001433481060761338,-0.001820178629088424,-0.0013717696845829575
23,4,XSS,2.9032843404100742e-05,2.9032843404100742e-05,2.9032843404100742e-05,-0.00011613137361640297,2.9032843404100742e-05
23,Aggregated,Backdoor,-0.004929763815663054,0.007364946675215955,-0.012303506978189044,-0.003925344605500456,0.013489841433331347
23,Aggregated,DDoS_HTTP,0.012598079498845774,-0.007435090829202318,-0.008686506630102321,0.010263077597185784,-0.008851037598563882
23,Aggregated,DDoS_ICMP,-2.1684366633375104e-06,-1.9542474157863142e-06,3.5418079535409765e-05,9.788223750090511e-05,-0.00012917763295719104
23,Aggregated,DDoS_TCP,0.007046654936606489,0.006603328449494719,-0.02831943032242776,0.007230154270102705,0.007338741809652946
23,Aggregated,DDoS_UDP,6.016282727296003e-05,3.3341674081120246e-05,1.1884751527648415e-05,6.520520889280456e-06,-0.00011190977377100915
23,Aggregated,Fingerprinting,-0.03347076625817428,-0.06320318430199494,0.14374292744233105,0.06916451045013612,-0.11623348733229794
23,Aggregated,MITM,0.007160493827160497,0.007160493827160497,0.007160493827160497,0.007160493827160497,-0.028641975308641987
23,Aggregated,Normal,0.00019260344799762648,-0.0005275336235156969,8.542427061798419e-05,0.00018436173265728255,2.660252657705753e-05
23,Aggregated,Password,0.0014645284507418706,-0.01142097176097329,0.008986485634352085,0.006240010294247102,-0.0036023043991566194
23,Aggregated,Port_Scanning,-0.020218176184740963,-0.020218176184740963,0.07893346750560898,-0.020218176184740963,-0.018278938951386083
23,Aggregated,Ransomware,0.02353049057107715,-0.03728808766015886,0.006760003363005105,0.01271541845983621,0.0007302063340263981
23,Aggregated,SQL_injection,-0.003340561550463842,0.0004515500309867369,0.0008691448552185912,0.0011248383441937793,0.0008074412279794778
23,Aggregated,Uploading,-0.011386110624513942,0.006297025308050669,-0.0015141135790805846,0.009017150305584356,-0.0009714703426044895
23,Aggregated,Vulnerability_scanner,-0.0001951336523090467,-0.0006612317751806281,0.004377227952018122,-0.0017944484572093966,-0.0018674642314843745
23,Aggregated,XSS,7.849260704298477e-06,7.849260704298477e-06,7.849260704298477e-06,-3.139704281719391e-05,7.849260704298477e-06
23,Centralized,Backdoor,-0.004929763815663054,0.007364946675215955,-0.012303506978189044,-0.003925344605500456,0.013489841433331347
23,Centralized,DDoS_HTTP,0.012598079498845774,-0.007435090829202318,-0.008686506630102321,0.010263077597185784,-0.008851037598563882
23,Centralized,DDoS_ICMP,-2.1684366633375104e-06,-1.9542474157863142e-06,3.5418079535409765e-05,9.788223750090511e-05,-0.00012917763295719104
23,Centralized,DDoS_TCP,0.007046654936606489,0.006603328449494719,-0.02831943032242776,0.007230154270102705,0.007338741809652946
23,Centralized,DDoS_UDP,6.016282727296003e-05,3.3341674081120246e-05,1.1884751527648415e-05,6.520520889280456e-06,-0.00011190977377100915
23,Centralized,Fingerprinting,-0.03347076625817428,-0.06320318430199494,0.14374292744233105,0.06916451045013612,-0.11623348733229794
23,Centralized,MITM,0.007160493827160497,0.007160493827160497,0.007160493827160497,0.007160493827160497,-0.028641975308641987
23,Centralized,Normal,0.00019260344799762648,-0.0005275336235156969,8.542427061798419e-05,0.00018436173265728255,2.660252657705753e-05
23,Centralized,Password,0.0014645284507418706,-0.01142097176097329,0.008986485634352085,0.006240010294247102,-0.0036023043991566194
23,Centralized,Port_Scanning,-0.020218176184740963,-0.020218176184740963,0.07893346750560898,-0.020218176184740963,-0.018278938951386083
23,Centralized,Ransomware,0.02353049057107715,-0.03728808766015886,0.006760003363005105,0.01271541845983621,0.0007302063340263981
23,Centralized,SQL_injection,-0.003340561550463842,0.0004515500309867369,0.0008691448552185912,0.0011248383441937793,0.0008074412279794778
23,Centralized,Uploading,-0.011386110624513942,0.006297025308050669,-0.0015141135790805846,0.009017150305584356,-0.0009714703426044895
23,Centralized,Vulnerability_scanner,-0.0001951336523090467,-0.0006612317751806281,0.004377227952018122,-0.0017944484572093966,-0.0018674642314843745
23,Centralized,XSS,7.849260704298477e-06,7.849260704298477e-06,7.849260704298477e-06,-3.139704281719391e-05,7.849260704298477e-06
24,0,Backdoor,0.0030009428970721934,0.008034601418241612,0.0023378979312854357,-0.00232461372818617,-0.005590059645010052
24,0,DDoS_HTTP,0.013035618166875115,0.011126636894342566,-0.00040285476454699485,0.023073755081072626,-0.024027873492558263
24,0,DDoS_ICMP,0.0001586777786784658,7.68996133581797e-06,0.00024204470988881677,-0.00013027096826787415,-0.0002781414816352264
24,0,DDoS_TCP,0.0078504191679367,0.0078504191679367,-0.031254705993403784,0.0078504191679367,0.007703448489593684
24,0,DDoS_UDP,4.3617330619366566e-05,4.3617330619366566e-05,4.3617330619366566e-05,4.3617330619366566e-05,-0.00017446932247746627
24,0,Fingerprinting,0.05946984181814135,-0.11317768609254443,0.18524973190009097,0.18851225534331356,-0.32005414296900114
24,0,MITM,0.029999999999999995,0.029999999999999995,0.029999999999999995,0.029999999999999995,-0.11999999999999998
24,0,Normal,5.184823826425711e-05,-2.045625428424384e-06,0.00011203218776189571,7.922159774957546e-05,4.287659728348288e-05
24,0,Password,0.0018623756270764887,-0.007962013561655589,0.0057878866275960965,0.00457448652428276,0.0019225661013721278
24,0,Port_Scanning,-0.016987179487179486,-0.016987179487179486,0.06794871794871794,-0.016987179487179486,-0.016987179487179486
24,0,Ransomware,0.0134058588747393,-0.009966382523233145,0.003958499114393323,-0.006016785458371356,-0.001700169273875743
24,0,SQL_injection,0.0035450985630661822,-0.008728638492694795,0.0031805806577198882,0.002884099497621325,-0.0008811402257126061
24,0,Uploading,0.01718610757102109,0.004193184442680897,-0.00011891065630212129,0.0010882891720663049,-0.017392765102857942
24,0,Vulnerability_scanner,0.0042400121343993125,-0.0019949980894083306,-1.9983067495362345e-05,-0.0008491009829378523,-0.0013759299945577674
24,0,XSS,0.0,0.0,0.0,0.0,0.0
24,1,Backdoor,0.006068197880974781,0.0038220727947434288,0.0039501820273154424,-0.006752124965827361,-0.0033842501457109118
24,1,DDoS_HTTP,0.010473150455908967,0.00798722661770623,0.001358775356911293,0.007201647018072104,-0.012279828040825672
24,1,DDoS_ICMP,1.0046146429391425e-06,-8.986745107553891e-05,0.0003224577196802784,-0.0001464841846314957,-8.711069861618293e-05
24,1,DDoS_TCP,0.004158230981882271,0.003748479347420108,-0.016223172293066922,0.004158230981882271,0.004158230981882271
24,1,DDoS_UDP,0.00010115755098803469,4.5172791492836814e-05,0.00010115755098803469,4.5172791492836814e-05,-0.000292660684961743
24,1,Fingerprinting,0.0006769423958382648,-0.07244266106432247,0.10939358694839614,0.08000100020970716,-0.11762886848961902
24,1,MITM,0.0409090909090909,0.0409090909090909,0.0409090909090909,0.0409090909090909,-0.1636363636363636
24,1,Normal,7.823250457334452e-05,-9.486786028267135e-05,0.00012379792646997992,-4.377142752266712e-05,0.0001519427704235891
24,1,Password,-0.0007883320614683715,-0.01066613959520078,0.005406039428214687,0.005001396702688351,0.0017122243123389757
24,1,Port_Scanning,-0.02524752475247525,-0.02524752475247525,0.100990099009901,-0.02524752475247525,-0.02524752475247525
24,1,Ransomware,0.006593712727637271,-0.0021092732873538357,0.0002166862751171302,0.00015445308528340326,-0.010421441509403806
24,1,SQL_injection,0.0016684298493717597,-0.004296107995836668,0.0020265113495884666,0.0018823730357348687,-0.0012812062388584294
24,1,Uploading,0.010298544611097101,0.006954376403428945,0.0009501201671672089,0.0003471268899628723,-0.018550168071656114
24,1,Vulnerability_scanner,0.002672978278839768,-0.0014362436672983685,0.0003565215284702476,-0.0009774299078601778,-0.0006158262321514693
24,1,XSS,0.0,0.0,0.0,0.0,0.0
24,2,Backdoor,0.002904051186209572,0.006100272492314342,0.0023309315406923286,-0.0016789880197576731,-0.007124621629838303
24,2,DDoS_HTTP,0.014479848953619923,0.00677271283586996,-0.002915318159897823,0.020603489879576484,-0.023935885416085136
24,2,DDoS_ICMP,9.116244060248987e-05,0.00019937911311053343,-0.00021304868711245853,-0.0004067051097615922,0.00032921224316102745
24,2,DDoS_TCP,0.009196650141049312,0.00821669056606249,-0.03379982293688032,0.008636477185412142,0.008309803302364423
24,2,DDoS_UDP,7.027406886858656e-05,7.027406886858656e-05,7.027406886858656e-05,7.027406886858656e-05,-0.00028109627547434624
24,2,Fingerprinting,0.022506578388931338,-0.053756047873694944,0.10670571258806551,0.07829980477039299,-0.15375604787369482
24,2,MITM,0.03333333333333333,0.03333333333333333,0.03333333333333333,0.03333333333333333,-0.13333333333333333
24,2,Normal,3.85645463182871e-06,6.128824093398766e-06,7.803506412347912e-05,8.435075509805971e-05,7.20813024112088e-05
24,2,Password,0.0005754839581532759,-0.010402319196933177,0.005682213631927402,0.005927335487304232,0.0038458827507911976
24,2,Port_Scanning,-0.015614617940199334,-0.015614617940199334,0.062458471760797336,-0.015614617940199334,-0.015614617940199334
24,2,Ransomware,0.006392526021265662,-0.0034046791994233644,-0.0024333938742355176,-0.0003412884882354972,-0.007161270790212813
24,2,SQL_injection,0.0025950058158765743,-0.004114906892299723,0.002147247066987973,0.001978145549960448,-0.0026054915405252723
24,2,Uploading,0.012574758890343435,0.006497274466430927,0.001548198501981161,0.0047821090506458535,-0.02271738336808271
24,2,Vulnerability_scanner,0.006167315333403906,-0.0013764852156909738,-0.0008469259008131983,-0.0020048879959555952,-0.0019390162209441378
24,2,XSS,9.496418493596878e-06,9.496418493596878e-06,9.496418493596878e-06,-3.798567397438751e-05,9.496418493596878e-06
24,3,Backdoor,0.0061245231120649855,0.006448889945371763,0.003151870237806226,-0.0011796464842660818,-0.004504024980132382
24,3,DDoS_HTTP,0.015575981445140115,0.010937026556801488,-0.002497632045126554,0.020737898396323277,-0.0245459549555836
24,3,DDoS_ICMP,0.00010481877244313265,-4.881164869209309e-05,0.00014093956462018868,0.00025731219057311127,-0.0004542588789443395
24,3,DDoS_TCP,0.008387102403300949,0.008134962526194094,-0.032869853340233984,0.008185646264190181,0.008162142146548758
24,3,DDoS_UDP,1.4306151645204767e-05,1.4306151645204767e-05,1.4306151645204767e-05,1.4306151645204767e-05,-5.722460658081907e-05
24,3,Fingerprinting,0.0376325243561016,-0.06904296065271676,0.118787859535827,0.15792816367613113,-0.24530558691534315
24,3,MITM,0.007142857142857145,0.007142857142857145,0.007142857142857145,0.007142857142857145,-0.02857142857142858
24,3,Normal,7.8113846875331e-05,-8.516266346558776e-06,2.585998832700387e-05,0.00014143973086282828,9.468862497313084e-05
24,3,Password,-0.0011033739840944773,-0.015033539690197306,0.0037576078161963944,0.006315892077442498,0.0024937652865983677
24,3,Port_Scanning,-0.018688981868898186,-0.018688981868898186,0.07475592747559275,-0.018688981868898186,-0.018688981868898186
24,3,Ransomware,0.00874156404736017,0.0073191091162103745,0.003705194214351004,0.005997245508843461,-0.008697510049885598
24,3,SQL_injection,0.00292251828945215,-0.006591812280467455,0.0023676942514125414,0.002367694251412542,-0.0010660945118097793
24,3,Uploading,0.014638798223674036,0.0061787347170173205,-7.651936490993086e-05,0.001957073953558747,-0.022698087529340164
24,3,Vulnerability_scanner,0.0048250257149539955,-0.0015971070632217383,-0.0006672062124540671,-0.001280356219639095,-0.001280356219639095
24,3,XSS,0.0,0.0,0.0,0.0,0.0
24,4,Backdoor,0.0006382786535682046,0.002014100791500739,0.0042864764986232685,-0.011307526012141628,0.0036376759164026126
24,4,DDoS_HTTP,0.009038629691057802,0.002714435421956545,0.009788412495321856,-0.019952344324315134,0.005738216047358347
24,4,DDoS_ICMP,0.00011337542245327496,0.00021937702664572475,-0.0002235121940958873,-0.0005101046337939638,0.0004008643787908513
24,4,DDoS_TCP,0.007887130602859286,0.006252885242035131,-0.02802618248647483,0.007219492696981692,0.00666667394459872
24,4,DDoS_UDP,5.4735162387975486e-05,5.4735162387975486e-05,5.4735162387975486e-05,5.4735162387975486e-05,-0.00021894064955190194
24,4,Fingerprinting,-0.038478674862908784,-0.057541855690795486,0.10640637118492795,0.04715601505957183,-0.057541855690795486
24,4,MITM,0.0017655367231638407,0.0017655367231638407,0.0017655367231638407,0.0017655367231638407,-0.007062146892655363
24,4,Normal,9.840841914821227e-05,-0.00011172915086995841,8.891491990285494e-05,-0.00011353900133382518,0.00014361065590433967
24,4,Password,0.00043263121391280137,-0.004519290846620018,0.0026802653326570094,0.005345579948697449,0.0032203215108598912
24,4,Port_Scanning,-0.019727047146401985,-0.019727047146401985,0.07890818858560794,-0.019727047146401985,-0.019727047146401985
24,4,Ransomware,0.0045974292819685085,-0.01034655560483247,-0.0004878420358609507,-0.006314499614143672,-0.0025832680921000404
24,4,SQL_injection,0.0021400943530835285,-0.007139803037774764,0.0021527622135549354,0.002082962562147703,0.0007639839089885965
24,4,Uploading,0.01288270498850741,0.005680618562339565,0.0002131319965037413,0.001403472569688168,-0.008852696995757433
24,4,Vulnerability_scanner,0.000632113050808919,-0.00021428120508206565,-3.872759752604667e-05,-0.0001676951650358342,0.0002054086044029883
24,4,XSS,2.9032843404100742e-05,2.9032843404100742e-05,2.9032843404100742e-05,-0.00011613137361640297,2.9032843404100742e-05
24,Aggregated,Backdoor,0.0038486258888749624,0.0051890998999118455,0.00324683370179724,-0.004740251181536764,-0.0032587803506355334
24,Aggregated,DDoS_HTTP,0.01373396324829116,0.008927451332151719,-0.001076156934375826,0.017103110726408185,-0.02104666768635616
24,Aggregated,DDoS_ICMP,9.988320123639668e-05,6.701445162581864e-05,4.0560574108944315e-05,-0.00020038300111196634,-7.075225859193291e-06
24,Aggregated,DDoS_TCP,0.007405311220297748,0.0067364845274845596,-0.028065777619169136,0.007117513856481608,0.0069070188714761265
24,Aggregated,DDoS_UDP,5.4859674275337114e-05,4.4131212998601194e-05,5.4859674275337114e-05,4.4131212998601194e-05,-0.00019798177454787662
24,Aggregated,Fingerprinting,0.014718609096052531,-0.07261617973332643,0.12054565911151155,0.1092352753692671,-0.1718833638435047
24,Aggregated,MITM,0.010303030303030303,0.010303030303030303,0.010303030303030303,0.010303030303030303,-0.041212121212121214
24,Aggregated,Normal,6.168821805354237e-05,-4.1610105686660605e-05,8.584469241866104e-05,3.0890788260638326e-05,0.00010065537366021893
24,Aggregated,Password,0.00029705853972559527,-0.009561697075680763,0.00490598526431163,0.0054019804238269135,0.002717313760373956
24,Aggregated,Port_Scanning,-0.019898909284384144,-0.019898909284384144,0.07959563713753658,-0.019898909284384144,-0.019898909284384144
24,Aggregated,Ransomware,0.00796811085237638,-0.0030067122906205263,0.0005186171618206355,-0.0005781278026990429,-0.006549949956205637
24,Aggregated,SQL_injection,0.0025124521372519994,-0.006434916740111639,0.0023734876226573333,0.002243443294099285,-0.000694466313896983
24,Aggregated,Uploading,0.013610970908356746,0.005897445267165253,0.0004702128250537373,0.001975818790882988,-0.018490005299636167
24,Aggregated,Vulnerability_scanner,0.0031592255456062515,-0.00112947013197028,-0.00019387254511250376,-0.0009120154277794482,-0.0007828172765786956
24,Aggregated,XSS,7.849260704298477e-06,7.849260704298477e-06,7.849260704298477e-06,-3.139704281719391e-05,7.849260704298477e-06
24,Centralized,Backdoor,0.0038486258888749624,0.0051890998999118455,0.00324683370179724,-0.004740251181536764,-0.0032587803506355334
24,Centralized,DDoS_HTTP,0.01373396324829116,0.008927451332151719,-0.001076156934375826,0.017103110726408185,-0.02104666768635616
24,Centralized,DDoS_ICMP,9.988320123639668e-05,6.701445162581864e-05,4.0560574108944315e-05,-0.00020038300111196634,-7.075225859193291e-06
24,Centralized,DDoS_TCP,0.007405311220297748,0.0067364845274845596,-0.028065777619169136,0.007117513856481608,0.0069070188714761265
24,Centralized,DDoS_UDP,5.4859674275337114e-05,4.4131212998601194e-05,5.4859674275337114e-05,4.4131212998601194e-05,-0.00019798177454787662
24,Centralized,Fingerprinting,0.014718609096052531,-0.07261617973332643,0.12054565911151155,0.1092352753692671,-0.1718833638435047
24,Centralized,MITM,0.010303030303030303,0.010303030303030303,0.010303030303030303,0.010303030303030303,-0.041212121212121214
24,Centralized,Normal,6.168821805354237e-05,-4.1610105686660605e-05,8.584469241866104e-05,3.0890788260638326e-05,0.00010065537366021893
24,Centralized,Password,0.00029705853972559527,-0.009561697075680763,0.00490598526431163,0.0054019804238269135,0.002717313760373956
24,Centralized,Port_Scanning,-0.019898909284384144,-0.019898909284384144,0.07959563713753658,-0.019898909284384144,-0.019898909284384144
24,Centralized,Ransomware,0.00796811085237638,-0.0030067122906205263,0.0005186171618206355,-0.0005781278026990429,-0.006549949956205637
24,Centralized,SQL_injection,0.0025124521372519994,-0.006434916740111639,0.0023734876226573333,0.002243443294099285,-0.000694466313896983
24,Centralized,Uploading,0.013610970908356746,0.005897445267165253,0.0004702128250537373,0.001975818790882988,-0.018490005299636167
24,Centralized,Vulnerability_scanner,0.0031592255456062515,-0.00112947013197028,-0.00019387254511250376,-0.0009120154277794482,-0.0007828172765786956
24,Centralized,XSS,7.849260704298477e-06,7.849260704298477e-06,7.849260704298477e-06,-3.139704281719391e-05,7.849260704298477e-06
25,0,Backdoor,-0.0019323715779230126,-0.021241926200930263,0.0012194212598855374,0.020905282842943025,-0.009951720084185465
25,0,DDoS_HTTP,-0.00508227816187525,0.005421982734259826,-0.005626289403173193,0.020530917092720823,-0.025847752813079716
25,0,DDoS_ICMP,-4.7151559098072374e-05,3.282084549051841e-06,0.0002555928895995929,0.00022201819024087466,-0.00043374160529144703
25,0,DDoS_TCP,0.012885857186309224,0.012911518628369983,-0.05122571188511023,0.01278765337438702,0.012640682696044002
25,0,DDoS_UDP,-5.8105713164757765e-05,8.724312404453371e-05,8.724312404453371e-05,8.724312404453371e-05,-0.00020362365896884338
25,0,Fingerprinting,0.04312468577174459,0.011073403720462534,0.1603004022121669,0.1291289592760181,-0.343627450980392
25,0,MITM,0.03333333333333333,0.03333333333333333,0.03333333333333333,0.03333333333333333,-0.13333333333333333
25,0,Normal,6.710872864153876e-05,-0.0003337093503849753,8.408428933566192e-05,0.00011193602597693308,6.259387446723904e-06
25,0,Password,-0.005817182309958573,-0.010728970801467527,-0.0010472598460106212,0.011201403080318592,-0.0060960883076630725
25,0,Port_Scanning,-0.02021604938271605,-0.02021604938271605,0.0808641975308642,-0.02021604938271605,-0.02021604938271605
25,0,Ransomware,-0.011740431359759473,0.001290008351226223,0.006733104187921188,-0.0013083330835255758,0.004728298350762623
25,0,SQL_injection,0.005749492451289845,-0.00021457532452722982,-0.0019235049392724525,-0.0029190309038481326,-0.0006923812836420199
25,0,Uploading,-0.0018017445404806011,0.013095313651325113,-0.010114926374400698,0.00461234639767946,-0.010343217829422028
25,0,Vulnerability_scanner,-0.013932195225825634,0.00894929096212176,-0.0025965768081946507,0.007780644169538801,-0.0002011630976402723
25,0,XSS,0.0,0.0,0.0,0.0,0.0
25,1,Backdoor,-0.0016421277082918628,-0.012733073651519294,-0.0005719129935382224,0.008808512154795937,0.0005040887009502004
25,1,DDoS_HTTP,-0.0019616192472195026,0.006085968254840141,-0.003214825200628843,0.006939178157704229,-0.01028606279440177
25,1,DDoS_ICMP,-0.0004934040727665623,-4.545610599221428e-06,1.7141677353081177e-05,0.0001798677411397905,2.2472975147441732e-05
25,1,DDoS_TCP,0.011655795172578465,0.01138235436503665,-0.04604091217911044,0.011518538415395525,0.011484224226099791
25,1,DDoS_UDP,0.00012869387105258017,0.00010138032262893929,0.0003253570100781256,0.00010138032262893929,-0.000320902969417397
25,1,Fingerprinting,0.023950933408950482,-0.02584318389584044,0.04850352983654692,0.04113113882445001,-0.08774241817410695
25,1,MITM,0.041666666666666664,0.041666666666666664,0.041666666666666664,0.041666666666666664,-0.16666666666666666
25,1,Normal,-2.4798431081755425e-06,-0.0002954210076123731,0.00010982254104621725,2.374106176909289e-05,9.901949915239183e-05
25,1,Password,-0.005385144389601887,-0.011586917839469303,-0.0017836836734496885,0.018395293322774817,-0.0062534276543852775
25,1,Port_Scanning,-0.022914669223394055,-0.022914669223394055,0.09165867689357622,-0.022914669223394055,-0.022914669223394055
25,1,Ransomware,-0.03501761056587747,0.0080283664456168,0.011183181927164932,0.008937457354707697,0.0014140593838426548
25,1,SQL_injection,0.005013909127099327,0.0002672169410722338,-0.0015556314370668276,-0.002526527062088713,-0.0011989675690160227
25,1,Uploading,-0.0036536252570092387,0.007841389315722863,-0.006677821857306633,0.006536788432470062,-0.004046730633877059
25,1,Vulnerability_scanner,-0.012462032308426673,0.007416237924496753,-0.0008815752562647143,0.00516057178828821,0.0007667978519064237
25,1,XSS,0.0,0.0,0.0,0.0,0.0
25,2,Backdoor,-0.008665337747019174,0.0017421390894977683,-0.0062573094420002705,0.014651703501845626,0.0006515053661803484
25,2,DDoS_HTTP,-0.006245770796299394,0.00687258470437494,-0.0037998964974689836,0.01714302165898319,-0.0221263097259604
25,2,DDoS_ICMP,-0.0003097973271029786,9.882679293363728e-05,1.2449255247548585e-05,-3.057249058959766e-05,0.00022909376951139038
25,2,DDoS_TCP,0.016091831241347165,0.015757159219928152,-0.06263178340764274,0.015671670299816868,0.015671670299816868
25,2,DDoS_UDP,-0.00019316106095685349,0.00018745931263610682,0.0001582092833860793,0.00018745931263610682,-0.00033996684770143946
25,2,Fingerprinting,0.029318181818181823,0.041818181818181824,0.07022727272727272,0.029318181818181823,-0.170681818181818
25,2,MITM,0.0375,0.0375,0.0375,0.0375,-0.15
25,2,Normal,-1.819859601187949e-05,-0.00034418504645287914,0.00012972291679757736,0.00016586853808460514,5.313839695145761e-05
25,2,Password,-0.00589679201480939,-0.011999094457053399,-0.0009191206194951303,0.01819285506178859,-0.009749179626203749
25,2,Port_Scanning,-0.014580031695721078,-0.014580031695721078,0.05832012678288431,-0.014580031695721078,-0.014580031695721078
25,2,Ransomware,-0.027201649707589995,0.007907423741134489,0.006837302376200972,0.0061215640560170715,-0.003760086498192173
25,2,SQL_injection,0.0055446062087791455,0.0006530242029216658,-0.002935101844124324,-0.000739763848264303,-0.0021936632927840797
25,2,Uploading,0.000828047132476432,0.006580549503392743,-0.004392083990604736,0.0018491697384762653,-0.005309729300469205
25,2,Vulnerability_scanner,-0.016174385497486128,0.010585079121497054,-0.0035147551966492477,0.010371221765648858,-0.0012671601930105377
25,2,XSS,1.5827364155994797e-05,1.5827364155994797e-05,1.5827364155994797e-05,-4.748209246798439e-05,0.0
25,3,Backdoor,-0.01034361597795959,0.0018144570883531072,0.0012418515116976022,0.008567991851214063,0.003710286634238913
25,3,DDoS_HTTP,-0.0066835053886735345,0.005594519389459729,-0.0055823645240632705,0.018710117531492265,-0.02183566000428953
25,3,DDoS_ICMP,8.082963777829577e-05,0.00013917227776487627,0.00019694592840598378,0.00013887426547972147,-0.0005558221094288773
25,3,DDoS_TCP,0.013529590266980734,0.013656985838943852,-0.05436012705231197,0.013553199450008567,0.013620351496378823
25,3,DDoS_UDP,-2.8604114308350416e-05,4.292664391767342e-05,4.292664391767342e-05,4.292664391767342e-05,-0.00010017581744466985
25,3,Fingerprinting,0.0637257525083612,0.048943143812709027,0.07987959866220737,0.0637257525083612,-0.25627424749163896
25,3,MITM,0.0125,0.0125,0.0125,0.0125,-0.05
25,3,Normal,-8.123303875056664e-05,-0.00027523311572973016,4.411987124068688e-05,0.0002245709916344633,6.783995104948093e-05
25,3,Password,-0.003768749013548148,-0.02124558586871268,0.0034200972757975007,0.024446889744836695,-0.017535603062837527
25,3,Port_Scanning,-0.01764705882352941,-0.01764705882352941,0.07058823529411765,-0.01764705882352941,-0.01764705882352941
25,3,Ransomware,-0.029719191682801727,0.009056864364031901,0.003498958242832952,0.008310091651895148,-0.008860343557345749
25,3,SQL_injection,0.007370880133828776,-4.1512033204431824e-05,-0.003051654465438558,-0.002231874485799663,-0.0020458391493861205
25,3,Uploading,-0.0031976529441413498,0.012069914129835744,-0.003305339473118083,-0.0001804648274194312,-0.00538645688515688
25,3,Vulnerability_scanner,-0.01168382015654167,0.008479763233818422,-0.0024727527623454,0.006702034232646892,-0.0010252245475782388
25,3,XSS,0.0,0.0,0.0,0.0,0.0
25,4,Backdoor,-0.0011555557789376992,-0.005691837284337642,-0.0023403643550319367,-0.002540353695425181,0.009093538333659397
25,4,DDoS_HTTP,0.001728001649027934,0.018424378496016754,0.0055864295254828816,-0.017946584409023313,-0.0038389458365267353
25,4,DDoS_ICMP,-0.0004335510928820119,6.310615402790876e-05,6.274527865315904e-05,-2.7637522044654528e-05,0.0003353371822455986
25,4,DDoS_TCP,0.014737731449204748,0.0151291137648412,-0.05693183797856894,0.013762788847383705,0.014222997391553365
25,4,DDoS_UDP,-1.875161195962205e-05,7.310685597487487e-05,7.310685597487487e-05,7.310685597487487e-05,-0.00020056895596500256
25,4,Fingerprinting,-0.01111111111111111,-0.01111111111111111,0.04444444444444444,-0.01111111111111111,-0.01111111111111111
25,4,MITM,0.0017655367231638407,0.0017655367231638407,0.0017655367231638407,0.0017655367231638407,-0.007062146892655363
25,4,Normal,-6.0353023947745665e-05,-0.00021679912939157053,7.262854958215807e-05,5.709577599164832e-06,0.00013185082009296392
25,4,Password,-0.010064893865447696,-0.014160447514449425,-0.002513094629505556,0.020196673445743208,-0.0055968080855494425
25,4,Port_Scanning,-0.02042175360710322,-0.02042175360710322,0.08168701442841288,-0.02042175360710322,-0.02042175360710322
25,4,Ransomware,-0.016495351423753194,0.0016686311613672326,0.010329232892615784,0.0016307175212416406,0.00783285511984633
25,4,SQL_injection,0.008261443577445318,-0.0001905626676327247,-0.002780436231333022,-0.002841690127089784,-0.0023107546421791895
25,4,Uploading,0.0003272381537873695,0.01317094244912823,-0.014165073300695873,-0.0005609504773451114,-0.010961258780447054
25,4,Vulnerability_scanner,-0.008699203689934622,0.005165983304187155,0.0004085437283664376,0.001506345722398572,0.0012015132474144966
25,4,XSS,4.8388072340167905e-05,4.8388072340167905e-05,4.8388072340167905e-05,-0.0001451642170205037,0.0
25,Aggregated,Backdoor,-0.005006560429346236,-0.006341780389212617,-0.0012675008397778345,0.009337920229240425,0.001447243409428294
25,Aggregated,DDoS_HTTP,-0.005040366757698517,0.006557950783164206,-0.004144690042610491,0.014868202039181315,-0.019944890105722892
25,Aggregated,DDoS_ICMP,-0.00023608606586932311,5.984840043602076e-05,0.00011561829693260325,9.317942156680063e-05,-7.744911062305311e-05
25,Aggregated,DDoS_TCP,0.013745953417276432,0.013734677157796015,-0.05408468695384901,0.013412412339789789,0.013493455143751004
25,Aggregated,DDoS_UDP,-3.338651044983247e-05,9.577431977704406e-05,0.000133321169045079,9.577431977704406e-05,-0.00022711253048891914
25,Aggregated,Fingerprinting,0.02986857327846835,0.006516543805789321,0.07492900970470272,0.05038451161256488,-0.1616986384015252
25,Aggregated,MITM,0.012258064516129031,0.012258064516129031,0.012258064516129031,0.012258064516129031,-0.049032258064516124
25,Aggregated,Normal,-1.867946091088461e-05,-0.00029382815816320816,8.837587270114633e-05,0.00010716292461670311,7.101999771461273e-05
25,Aggregated,Password,-0.00620229365248033,-0.01313384334811673,-0.0008724527097300969,0.017912726261330277,-0.008487828438073174
25,Aggregated,Port_Scanning,-0.019608839217678434,-0.019608839217678434,0.07843535687071373,-0.019608839217678434,-0.019608839217678434
25,Aggregated,Ransomware,-0.025048243742437724,0.006231449700880926,0.007184586440005514,0.005347886514998058,-0.001585682775857227
25,Aggregated,SQL_injection,0.006591834907983996,5.518489773369967e-05,-0.0024295747255626394,-0.002418347379712499,-0.0017115106083573015
25,Aggregated,Uploading,-0.001493700442638594,0.010474371596035046,-0.0073238706739354505,0.0023562908814072857,-0.007097045058345538
25,Aggregated,Vulnerability_scanner,-0.011913552579135522,0.007592163674083645,-0.0013942031417469396,0.005429934850383826,0.0001446070322496662
25,Aggregated,XSS,1.3082101173830796e-05,1.3082101173830796e-05,1.3082101173830796e-05,-3.924630352149239e-05,0.0
25,Centralized,Backdoor,-0.005006560429346236,-0.006341780389212617,-0.0012675008397778345,0.009337920229240425,0.001447243409428294
25,Centralized,DDoS_HTTP,-0.005040366757698517,0.006557950783164206,-0.004144690042610491,0.014868202039181315,-0.019944890105722892
25,Centralized,DDoS_ICMP,-0.00023608606586932311,5.984840043602076e-05,0.00011561829693260325,9.317942156680063e-05,-7.744911062305311e-05
25,Centralized,DDoS_TCP,0.013745953417276432,0.013734677157796015,-0.05408468695384901,0.013412412339789789,0.013493455143751004
25,Centralized,DDoS_UDP,-3.338651044983247e-05,9.577431977704406e-05,0.000133321169045079,9.577431977704406e-05,-0.00022711253048891914
25,Centralized,Fingerprinting,0.02986857327846835,0.006516543805789321,0.07492900970470272,0.05038451161256488,-0.1616986384015252
25,Centralized,MITM,0.012258064516129031,0.012258064516129031,0.012258064516129031,0.012258064516129031,-0.049032258064516124
25,Centralized,Normal,-1.867946091088461e-05,-0.00029382815816320816,8.837587270114633e-05,0.00010716292461670311,7.101999771461273e-05
25,Centralized,Password,-0.00620229365248033,-0.01313384334811673,-0.0008724527097300969,0.017912726261330277,-0.008487828438073174
25,Centralized,Port_Scanning,-0.019608839217678434,-0.019608839217678434,0.07843535687071373,-0.019608839217678434,-0.019608839217678434
25,Centralized,Ransomware,-0.025048243742437724,0.006231449700880926,0.007184586440005514,0.005347886514998058,-0.001585682775857227
25,Centralized,SQL_injection,0.006591834907983996,5.518489773369967e-05,-0.0024295747255626394,-0.002418347379712499,-0.0017115106083573015
25,Centralized,Uploading,-0.001493700442638594,0.010474371596035046,-0.0073238706739354505,0.0023562908814072857,-0.007097045058345538
25,Centralized,Vulnerability_scanner,-0.011913552579135522,0.007592163674083645,-0.0013942031417469396,0.005429934850383826,0.0001446070322496662
25,Centralized,XSS,1.3082101173830796e-05,1.3082101173830796e-05,1.3082101173830796e-05,-3.924630352149239e-05,0.0
26,0,Backdoor,0.007527678284472927,-0.0016163802796456777,-0.0007206050090835988,0.007783014913561491,0.007984494766041177
26,0,DDoS_HTTP,0.00418169189085728,0.01880233304032392,0.015689885113605365,0.006376922576985659,-0.025701894384040344
26,0,DDoS_ICMP,0.00020496984285277574,0.00010440260444247914,0.0002723098702725357,0.00022204686235601233,-0.000803729179923803
26,0,DDoS_TCP,2.9394135668603383e-05,0.00022520658489531367,-0.0003622307627848172,-0.00011757654267441353,0.00022520658489531367
26,0,DDoS_UDP,4.3617330619366566e-05,4.3617330619366566e-05,4.3617330619366566e-05,4.3617330619366566e-05,-0.00017446932247746627
26,0,Fingerprinting,0.16371241231535347,0.05585042136512725,0.1938439093586152,0.1422863846393258,-0.5556931276784219
26,0,MITM,0.029999999999999995,0.029999999999999995,0.029999999999999995,0.029999999999999995,-0.11999999999999998
26,0,Normal,3.533049802163512e-05,-0.0001056311909067927,-3.5653491717735355e-05,0.0001062926960363586,1.9587687824592266e-05
26,0,Password,0.0048347795346645964,-0.005526887468634742,0.0035897929640515774,0.005877093532654055,0.001576426934236504
26,0,Port_Scanning,0.0,0.0,0.0,0.0,0.0
26,0,Ransomware,0.004940475928543981,0.0024890209277103003,-0.0058257544466140685,-0.0013134881988465992,0.00909231237516287
26,0,SQL_injection,0.004207256513879752,-0.0002352531923876554,0.0009550990269677498,-0.0013141515177608949,-0.0026124718277801212
26,0,Uploading,0.026776461798515293,0.0060044639085750215,0.01221841947556607,-0.0018800923452667764,-0.038958983674917486
26,0,Vulnerability_scanner,0.007797194517927068,0.0007103876509391871,0.011274829526270133,0.002763179905063194,-0.014756301130774254
26,0,XSS,0.0,0.0,0.0,0.0,0.0
26,1,Backdoor,0.0020355954998895662,-0.00376216181932487,-0.00826279629184834,0.004984184426044036,0.010639691682842853
26,1,DDoS_HTTP,0.0030277583362329774,0.005461055209455239,0.002785527011049699,0.004282887864906854,-0.010690207744317693
26,1,DDoS_ICMP,0.0004855978745295012,9.272173700728969e-05,0.00032132834666829814,0.00030195823573181586,-0.0009231389042114347
26,1,DDoS_TCP,1.3683494784936615e-05,1.3683494784936615e-05,-0.00012340453866457323,8.23540543097634e-05,1.3683494784936615e-05
26,1,DDoS_UDP,-1.6648366743249322e-05,-0.00010062550598604613,-4.464074649084826e-05,-4.464074649084826e-05,-0.00012935319126019528
26,1,Fingerprinting,0.1257670193266853,0.0013938661397066648,0.114310060818022,0.05203764185006847,-0.29350858813448244
26,1,MITM,0.03571428571428571,0.03571428571428571,0.03571428571428571,0.03571428571428571,-0.14285714285714285
26,1,Normal,9.064666704791483e-05,-0.00029629113804114927,1.4579166452681018e-06,3.1071787686148825e-05,0.00015134418209972005
26,1,Password,0.00721012122995446,-0.01098335034264209,0.005260571820766946,0.0037976377659409946,0.004582124216971728
26,1,Port_Scanning,0.0,0.0,0.0,0.0,0.0
26,1,Ransomware,-0.0003692022263450815,0.0023400687007476034,0.006004261650654804,-0.0030604713532577615,0.0005398886827458149
26,1,SQL_injection,0.003369522443121067,-0.0005169193800819941,0.0011679419957828943,-0.0008966183602165186,-0.0021784407188118454
26,1,Uploading,0.01565714830807269,0.005433794013656294,0.006999712263896378,0.008917901857910571,-0.025819434661476084
26,1,Vulnerability_scanner,0.0054042840986061715,0.0014358768542094946,0.008012919772084183,0.0023216522216707005,-0.008901588586047927
26,1,XSS,0.0,0.0,0.0,0.0,0.0
26,2,Backdoor,-0.0012874539933655476,-8.26270876410388e-05,-0.009751694472855978,0.0024581955100257615,0.006540879275332508
26,2,DDoS_HTTP,0.004274100646975257,0.021145982095736482,0.013988463916373345,0.009386539926765415,-0.024680866358556132
26,2,DDoS_ICMP,-0.00019099938897403171,0.00011252875165879509,-0.00027767848429131046,-8.189960681538692e-05,0.000438048728421934
26,2,DDoS_TCP,-0.0002055090345395305,0.00026111441301018834,-0.0005785834745998253,-0.00039210857902503377,0.0003545390218879045
26,2,DDoS_UDP,7.027406886858656e-05,7.027406886858656e-05,7.027406886858656e-05,7.027406886858656e-05,-0.00028109627547434624
26,2,Fingerprinting,0.10166562969194547,0.0318547903764622,0.12021048353091694,0.023686284046191174,-0.27741718764551565
26,2,MITM,0.03333333333333333,0.03333333333333333,0.03333333333333333,0.03333333333333333,-0.13333333333333333
26,2,Normal,4.005925919799425e-05,-0.00016252793129055144,-8.119021298729582e-05,0.0002038889198052803,8.129858126099861e-05
26,2,Password,0.005828968057201646,-0.010633625905690834,0.0030960564355173702,0.0067812852579066645,0.005862001643991598
26,2,Port_Scanning,0.0,0.0,0.0,0.0,0.0
26,2,Ransomware,0.003939874903139096,0.008766769661398114,0.0011293825633934588,-0.00012245186427504163,0.003329977099615526
26,2,SQL_injection,0.004565896083829694,-0.001639699145081596,0.002815382908271413,-0.0012961477221780852,-0.0034481044515557286
26,2,Uploading,0.014641342132168323,0.0025709326733506076,0.0047039004922555935,-0.0034909159505631246,-0.023967826630193645
26,2,Vulnerability_scanner,0.01381398697842338,0.00028529540870658916,0.013353759097853269,0.003336587288526151,-0.017453774344537498
26,2,XSS,2.5323782649591675e-05,2.5323782649591675e-05,2.5323782649591675e-05,-3.798567397438751e-05,-3.798567397438751e-05
26,3,Backdoor,0.0026891962364621676,-0.0037916424954144786,-0.008527893908676375,-0.0020639676990829693,0.006852055470545569
26,3,DDoS_HTTP,0.0026406789965906924,0.015848456783649757,0.009473512602244456,0.006245120017090114,-0.022482235094918254
26,3,DDoS_ICMP,0.0001803787635118866,8.504237843086256e-05,6.356621412711427e-05,0.00010429075089135968,-0.00043327810696122313
26,3,DDoS_TCP,0.0,0.0,0.0,0.0,0.0
26,3,DDoS_UDP,1.4306151645204767e-05,1.4306151645204767e-05,1.4306151645204767e-05,1.4306151645204767e-05,-5.722460658081907e-05
26,3,Fingerprinting,0.11394530013596951,0.04235317582153937,0.10700790123527806,0.05138793972282162,-0.3146943169156087
26,3,MITM,0.007142857142857145,0.007142857142857145,0.007142857142857145,0.007142857142857145,-0.02857142857142858
26,3,Normal,5.346030315205678e-05,-0.00013488058333243995,-5.406395548295251e-05,8.335106274136028e-05,7.44017543674702e-05
26,3,Password,0.012962375315107192,-0.00932600588247837,0.0026696466048149875,0.008931141724023865,0.005117687237557471
26,3,Port_Scanning,0.0,0.0,0.0,0.0,0.0
26,3,Ransomware,0.006555043198906841,0.005876815348726124,0.008425943587723016,-0.005018201327043675,0.001874020173075099
26,3,SQL_injection,0.004686355038072463,-0.0013391560492805247,0.0011988155649117949,-0.0015595014398992488,-0.002986513113804485
26,3,Uploading,0.021725955622504525,0.005026274466654278,0.011239821193651448,-0.0030653287691643125,-0.031679731578521206
26,3,Vulnerability_scanner,0.00838595030558256,-0.0002702829449729919,0.010020039977487688,0.002573685214579104,-0.015189047087974769
26,3,XSS,0.0,0.0,0.0,0.0,0.0
26,4,Backdoor,-0.002002393839797778,-0.004823454142087069,-0.018551757264845852,0.006256602328263898,0.01759884240188364
26,4,DDoS_HTTP,0.0073808753070162105,-0.003679379397365489,-0.012177119300055472,0.0008831764767379392,0.010563176489900992
26,4,DDoS_ICMP,4.352817338932705e-05,0.0001368676475455207,-0.00015392189170396198,3.064040539609477e-05,-5.711433462698053e-05
26,4,DDoS_TCP,9.53027521438295e-06,7.019279815733877e-05,-0.0006967173133905991,-8.218910901231317e-05,-0.00022161012538290392
26,4,DDoS_UDP,3.65468308414274e-05,3.65468308414274e-05,3.65468308414274e-05,3.65468308414274e-05,-0.0001461873233657096
26,4,Fingerprinting,0.16333878664960028,0.0014433025031286295,0.16319649687882753,0.01534217971336486,-0.3433207657449215
26,4,MITM,0.001005747126436779,0.001005747126436779,0.001005747126436779,0.001005747126436779,-0.004022988505747116
26,4,Normal,3.3835520578508656e-05,-0.0001879665661387105,-0.00014730907453558244,-2.704742828574062e-05,0.00020503986190009889
26,4,Password,0.008961030613539355,-0.01751329526773766,0.003095031561722998,0.006252845045012655,0.006486076214587176
26,4,Port_Scanning,0.0,0.0,0.0,0.0,0.0
26,4,Ransomware,0.0025405063829402664,8.166100529899967e-05,-0.013398358068382922,-0.00312586818362095,0.008935973592446796
26,4,SQL_injection,0.005361546725737045,-0.0010036124011563808,0.0003221863819717586,-0.0015466968862714392,-0.0025787830368508907
26,4,Uploading,0.018691003972071418,0.00938574105076775,0.0019646637239614556,-0.001748758332661206,-0.03111499010616421
26,4,Vulnerability_scanner,0.0011433235020850048,0.001766512075869281,0.004100563266734257,0.0024925563276077902,-0.004858732236914974
26,4,XSS,7.742091574426865e-05,7.742091574426865e-05,7.742091574426865e-05,-0.00011613137361640297,-0.00011613137361640297
26,Aggregated,Backdoor,0.0016540240117544531,-0.002966038639952702,-0.009672012325886095,0.0036165163441063777,0.00994530865662823
26,Aggregated,DDoS_HTTP,0.0036926321749565145,0.015590624710285073,0.009983912538330805,0.00684175594749246,-0.0205615998382192
26,Aggregated,DDoS_ICMP,0.0001364007061912605,0.00010833296356442812,3.827483134543989e-05,0.00011160289768198939,-0.0003497223412261663
26,Aggregated,DDoS_TCP,-2.6085144746497887e-05,0.00010419253271050274,-0.000348644258761277,-8.795961093427951e-05,5.6685376967313684e-05
26,Aggregated,DDoS_UDP,2.906898299374072e-05,1.2976291078636848e-05,2.3704752355372764e-05,2.3704752355372764e-05,-0.0001538255464435386
26,Aggregated,Fingerprinting,0.1319773894786709,0.022827089909822813,0.1324197609089531,0.05632805327187932,-0.34355229356932593
26,Aggregated,MITM,0.008112449799196786,0.008112449799196786,0.008112449799196786,0.008112449799196786,-0.032449799196787144
26,Aggregated,Normal,5.0944519776152666e-05,-0.00017757474112251221,-6.240492179914551e-05,8.066032112958495e-05,0.00010545021714441863
26,Aggregated,Password,0.007354446439423209,-0.010686265007889181,0.0036232116710332458,0.00612195680562053,0.004727372557132001
26,Aggregated,Port_Scanning,0.0,0.0,0.0,0.0,0.0
26,Aggregated,Ransomware,0.003851270944657507,0.005581755174040986,0.0006047825489478465,-0.00223042135493699,0.004240473067845149
26,Aggregated,SQL_injection,0.0045497151984501,-0.0008876414790170826,0.0010952755873334104,-0.0013518271857075562,-0.002700955319553244
26,Aggregated,Uploading,0.01958042401174475,0.005531134039165233,0.007679112817246511,-0.0005415657381114843,-0.030380010354936583
26,Aggregated,Vulnerability_scanner,0.006220053610060698,0.0009735839450225029,0.008403010514993432,0.0026556492195310404,-0.010843479935242959
26,Aggregated,XSS,2.0931361878129273e-05,2.0931361878129273e-05,2.0931361878129273e-05,-3.139704281719391e-05,-3.139704281719391e-05
26,Centralized,Backdoor,0.0016540240117544531,-0.002966038639952702,-0.009672012325886095,0.0036165163441063777,0.00994530865662823
26,Centralized,DDoS_HTTP,0.0036926321749565145,0.015590624710285073,0.009983912538330805,0.00684175594749246,-0.0205615998382192
26,Centralized,DDoS_ICMP,0.0001364007061912605,0.00010833296356442812,3.827483134543989e-05,0.00011160289768198939,-0.0003497223412261663
26,Centralized,DDoS_TCP,-2.6085144746497887e-05,0.00010419253271050274,-0.000348644258761277,-8.795961093427951e-05,5.6685376967313684e-05
26,Centralized,DDoS_UDP,2.906898299374072e-05,1.2976291078636848e-05,2.3704752355372764e-05,2.3704752355372764e-05,-0.0001538255464435386
26,Centralized,Fingerprinting,0.1319773894786709,0.022827089909822813,0.1324197609089531,0.05632805327187932,-0.34355229356932593
26,Centralized,MITM,0.008112449799196786,0.008112449799196786,0.008112449799196786,0.008112449799196786,-0.032449799196787144
26,Centralized,Normal,5.0944519776152666e-05,-0.00017757474112251221,-6.240492179914551e-05,8.066032112958495e-05,0.00010545021714441863
26,Centralized,Password,0.007354446439423209,-0.010686265007889181,0.0036232116710332458,0.00612195680562053,0.004727372557132001
26,Centralized,Port_Scanning,0.0,0.0,0.0,0.0,0.0
26,Centralized,Ransomware,0.003851270944657507,0.005581755174040986,0.0006047825489478465,-0.00223042135493699,0.004240473067845149
26,Centralized,SQL_injection,0.0045497151984501,-0.0008876414790170826,0.0010952755873334104,-0.0013518271857075562,-0.002700955319553244
26,Centralized,Uploading,0.01958042401174475,0.005531134039165233,0.007679112817246511,-0.0005415657381114843,-0.030380010354936583
26,Centralized,Vulnerability_scanner,0.006220053610060698,0.0009735839450225029,0.008403010514993432,0.0026556492195310404,-0.010843479935242959
26,Centralized,XSS,2.0931361878129273e-05,2.0931361878129273e-05,2.0931361878129273e-05,-3.139704281719391e-05,-3.139704281719391e-05
27,0,Backdoor,0.0030488177855974483,-0.0054485610945506635,-0.006530154008400087,-0.00032086863643650726,-0.002896030846173412
27,0,DDoS_HTTP,0.01835376069907766,-0.022227283457430826,-0.0008372204669265563,0.012916101492577948,-0.019333458844940084
27,0,DDoS_ICMP,3.6926331621967014e-05,0.00023870811317528256,0.00028930514588540826,-0.00013119941789972814,-0.0004337401727829297
27,0,DDoS_TCP,0.004398953558631463,0.004349888935818396,-0.01715490169224659,0.004056170261978331,0.004349888935818396
27,0,DDoS_UDP,0.0,0.0,0.0,0.0,0.0
27,0,Fingerprinting,0.04687787845682582,0.1741083477925583,0.1843422659212133,-0.07766424608529872,-0.32766424608529887
27,0,MITM,0.0,0.0,0.0,0.0,0.0
27,0,Normal,8.591747836688886e-05,-0.00025762840173711073,7.5197504069017075e-06,2.7455765909027244e-05,-6.0712107256429464e-05
27,0,Password,0.005488832709675279,-0.026796869395754156,0.01023634043727436,0.006807193787212393,0.0007377875964889383
27,0,Port_Scanning,-0.016727260708619778,-0.017410320817909393,0.06895822316234795,-0.01741032081790939,-0.01741032081790939
27,0,Ransomware,-0.004800938831802067,-0.02623806206137812,-0.00189061379739164,0.003976301948353941,0.011096169885074976
27,0,SQL_injection,0.008040294734608018,0.0005689280103084259,-0.000444915093706554,-0.005447409003541228,9.910475278829453e-05
27,0,Uploading,-0.009091354976456504,0.021792592285947463,-0.022267731152121925,0.0041636230582094745,0.012864502448395609
27,0,Vulnerability_scanner,-0.005907949942663745,0.00011203893140555773,-0.0012338379406868273,0.009015588153020535,0.0066827072694358855
27,0,XSS,0.0,0.0,0.0,0.0,0.0
27,1,Backdoor,0.0011840459776936633,-0.003179059987653321,0.0014458706978358346,0.001971241298638045,-0.0011969024935302793
27,1,DDoS_HTTP,0.00703831599843781,-0.009234687498156806,0.0021660564848741378,0.0046790937988524664,-0.007078438631628948
27,1,DDoS_ICMP,-0.000317439872902305,0.000426459865032928,0.0002872700528791831,-0.00015225650443235206,-0.00024403354057745408
27,1,DDoS_TCP,0.001914397768363063,0.001914397768363063,-0.00755477504836512,0.0018115817432759306,0.001914397768363063
27,1,DDoS_UDP,0.00010077256709135618,-3.918933164663852e-05,-1.1196951899039575e-05,-1.1196951899039575e-05,-3.918933164663852e-05
27,1,Fingerprinting,-0.015157918893037319,0.1038577406812375,0.07583026271212118,-0.05604518236094596,-0.10848490213937541
27,1,MITM,0.0,0.0,0.0,0.0,0.0
27,1,Normal,1.9840178891620633e-05,-0.00013871803797843214,5.5742011964745224e-05,-5.334892526477712e-05,3.176748394533857e-05
27,1,Password,0.0034621981780756563,-0.03226713233442388,0.010829621912769571,0.008172687748953664,0.005238019760240982
27,1,Port_Scanning,-0.021233689205219456,-0.021233689205219456,0.08493475682087782,-0.021233689205219456,-0.021233689205219456
27,1,Ransomware,0.010502833522801906,-0.0308459994283008,0.008578805170202113,0.005909022574275948,0.011421200869740671
27,1,SQL_injection,0.00477262339048279,0.0016464971170518019,0.001425780632231312,-0.0060338835351969764,0.0013125879286751585
27,1,Uploading,-0.009441144966740747,0.011409253163334871,-0.015880745873450165,-0.004195645956195761,0.0007661980232094268
27,1,Vulnerability_scanner,-0.0053946735984589855,0.0008274245973625028,0.00020382777823562125,0.0053064020739203655,0.00484054794305431
27,1,XSS,0.0,0.0,0.0,0.0,0.0
27,2,Backdoor,-0.0032102612590541443,0.010113674711409806,-0.0038212954849271693,0.0041951221432849775,-0.0033932650387716442
27,2,DDoS_HTTP,0.012302220720743544,-0.016726536844691723,0.0007026680716359553,0.009504650308753415,-0.017724191543948643
27,2,DDoS_ICMP,-6.893458536672929e-05,-0.00015601456216721155,-4.853174656963925e-06,0.00010383144282595976,0.000125970879364945
27,2,DDoS_TCP,0.005304547440174843,0.005584758817203134,-0.020844928096974007,0.0049314106756591924,0.005584758817203134
27,2,DDoS_UDP,0.0,0.0,0.0,0.0,0.0
27,2,Fingerprinting,0.007772042772042775,0.0934863284863285,0.11118575868575868,-0.03237947237947239,-0.1800646575646575
27,2,MITM,0.0,0.0,0.0,0.0,0.0
27,2,Normal,6.0978268636457945e-05,-0.00046871821527106337,1.0708693165896917e-05,7.498393666401925e-05,-6.351565828615809e-05
27,2,Password,0.0005175878859529808,-0.03227760252795531,0.012425833070822298,0.007940719264420077,0.004651871574872068
27,2,Port_Scanning,-0.01520833333333333,-0.01520833333333333,0.06083333333333332,-0.01520833333333333,-0.01520833333333333
27,2,Ransomware,0.0025712066415729076,-0.032670983099377396,0.002771090636470755,0.009134272589311357,0.010928933903275491
27,2,SQL_injection,0.005947723260997739,0.00017829732526819102,-2.949712474171288e-05,-0.0007547149299044713,-0.0008385643305459027
27,2,Uploading,-0.0049250554259754305,0.009228608088813758,-0.010661249861448896,-8.957473653008035e-05,0.008781158277687672
27,2,Vulnerability_scanner,-0.010561590320847263,2.906395469184179e-05,-0.0008377278103997558,0.013653360915702852,0.007065359483442993
27,2,XSS,3.798567397438751e-05,-9.496418493596878e-06,3.798567397438751e-05,-5.697851096158127e-05,-9.496418493596878e-06
27,3,Backdoor,-0.002475450419677781,0.0007473345794806481,0.0015622523372191665,0.004919954147677256,-0.0015592024657856214
27,3,DDoS_HTTP,0.012709622136813963,-0.015228070580254886,0.001224876955798752,0.011400119192900435,-0.015946612453802175
27,3,DDoS_ICMP,0.0001935558571269591,5.5947810404183286e-05,0.00023130290106598283,2.0288364701465113e-05,-0.0005010949332985903
27,3,DDoS_TCP,0.004601354506618671,0.004809356783439491,-0.01835790439323459,0.004473596551588212,0.004473596551588212
27,3,DDoS_UDP,0.0,0.0,0.0,0.0,0.0
27,3,Fingerprinting,0.06563057894129859,0.10568320143957324,0.11538147730164224,-0.03270434700232302,-0.2539909106801909
27,3,MITM,0.0,0.0,0.0,0.0,0.0
27,3,Normal,7.538802064334844e-05,-0.00040005631733387265,8.916849853860912e-07,8.981990219292246e-05,-3.3197399158404105e-05
27,3,Password,0.009949161509581191,-0.03257521843326624,0.011702973538474147,0.007888935835275189,0.00784612064835384
27,3,Port_Scanning,-0.017094632480375165,-0.018932867774492813,0.0738932358038536,-0.01893286777449281,-0.01893286777449281
27,3,Ransomware,0.003921482588744498,-0.03636443432615633,-0.0012484704092636282,0.008613342994324643,0.008012476315471405
27,3,SQL_injection,0.00807143855436806,0.00012447396716083655,-0.001021285716791515,-0.003955392583794162,-0.0005101731244863623
27,3,Uploading,-0.008287269061832891,0.01292389503631364,-0.010551214768936354,0.00196817142183045,0.008506363676845279
27,3,Vulnerability_scanner,-0.009564441174012745,-0.0009240235205872416,-0.0018005142155262444,0.009734903948503008,0.00565262065296249
27,3,XSS,0.0,0.0,0.0,0.0,0.0
27,4,Backdoor,-0.01003409925645648,0.0017361570376116242,0.001256561205372227,0.0020057949414812406,0.00785680064103277
27,4,DDoS_HTTP,-0.015177100869029993,0.009638655471361965,0.014207922619740387,-0.0034957092348081665,0.006770147539825992
27,4,DDoS_ICMP,-0.0001689556896533569,0.000131847966409752,0.00016245811810440455,-0.00010807709752055546,-1.727329734024415e-05
27,4,DDoS_TCP,0.003760976545263937,0.0053340129228717425,-0.017139457815860046,0.003907049848002138,0.004597539550260267
27,4,DDoS_UDP,0.0,0.0,0.0,0.0,0.0
27,4,Fingerprinting,-0.054097490012804415,0.15296972016038957,0.13491604275072835,-0.1116858031158234,-0.12210246978249008
27,4,MITM,0.0,0.0,0.0,0.0,0.0
27,4,Normal,-3.5783702209019054e-05,-6.900896964158928e-06,8.118892309314508e-05,-2.204279936581788e-05,0.00013522891419203892
27,4,Password,0.008911566236580504,-0.030634540035407054,0.018281064948091907,0.007978470338438919,0.011279791631270126
27,4,Port_Scanning,-0.018396276314397546,-0.018879368101837157,0.07503438061990901,-0.018879368101837154,-0.018879368101837154
27,4,Ransomware,-0.0012873684264902837,-0.014850222343325217,0.012425813259132359,0.0051909308606180645,0.013655582715033695
27,4,SQL_injection,0.008903250853470202,0.0004242455973959123,-0.0004326158996079498,-0.006921502729587009,0.00014489225776397562
27,4,Uploading,-0.0026857330003108204,0.019113990483006223,-0.014585853900673755,0.002348351781921671,0.015834711529095755
27,4,Vulnerability_scanner,-0.0023100372151742656,0.00045561404315807945,1.2006080276107574e-05,0.0014052696393570708,0.0029348884034000764
27,4,XSS,0.00011613137361640297,-2.9032843404100742e-05,0.00011613137361640297,-0.00017419706042460446,-2.9032843404100742e-05
27,Aggregated,Backdoor,-0.002637438194118149,0.0009208902561092247,-0.0008016877906413441,0.002752060204972734,-5.517173649815151e-05
27,Aggregated,DDoS_HTTP,0.011545973303000457,-0.015073062819316842,0.0013304154797959046,0.009380821714482972,-0.014782358091528832
27,Aggregated,DDoS_ICMP,-5.936918156065341e-05,0.00013830362930152088,0.00019502932492320896,-5.8641986925885474e-05,-0.000215321785738191
27,Aggregated,DDoS_TCP,0.003932597087201236,0.004364311512601451,-0.016022044930164295,0.0037916061519403504,0.004134711148675268
27,Aggregated,DDoS_UDP,1.9311230298124648e-05,-7.509922893715141e-06,-2.145692255347183e-06,-2.145692255347183e-06,-7.509922893715141e-06
27,Aggregated,Fingerprinting,0.008205514834593284,0.1230161210220855,0.11664541843035736,-0.06090214741082422,-0.1869649068762119
27,Aggregated,MITM,0.0,0.0,0.0,0.0,0.0
27,Aggregated,Normal,4.195806993304944e-05,-0.00025694401001595074,3.0783748703013446e-05,2.3707098046212478e-05,5.395095064771501e-07
27,Aggregated,Password,0.004732955191067645,-0.030946160224631755,0.01251895842576801,0.007757679349353637,0.005495536569146542
27,Aggregated,Port_Scanning,-0.018177071589716716,-0.018716097031717577,0.07432536268486946,-0.01871609703171758,-0.018716097031717577
27,Aggregated,Ransomware,0.002344224839217768,-0.02963967413447415,0.0035248928910531514,0.007217296726168213,0.010720787039448685
27,Aggregated,SQL_injection,0.007406760298518019,0.0006385215100060339,-8.427321061640162e-05,-0.005232889250153967,0.00016071479926475367
27,Aggregated,Uploading,-0.007033582722269752,0.014677992652614833,-0.014699648722931958,0.0010260345439944015,0.009394906295390238
27,Aggregated,Vulnerability_scanner,-0.005971167150399074,0.00018265200334496672,-0.0005676529613514929,0.006639452984782383,0.0049714706482123115
27,Aggregated,XSS,3.139704281719391e-05,-7.849260704298477e-06,3.139704281719391e-05,-4.709556422579087e-05,-7.849260704298477e-06
27,Centralized,Backdoor,-0.002637438194118149,0.0009208902561092247,-0.0008016877906413441,0.002752060204972734,-5.517173649815151e-05
27,Centralized,DDoS_HTTP,0.011545973303000457,-0.015073062819316842,0.0013304154797959046,0.009380821714482972,-0.014782358091528832
27,Centralized,DDoS_ICMP,-5.936918156065341e-05,0.00013830362930152088,0.00019502932492320896,-5.8641986925885474e-05,-0.000215321785738191
27,Centralized,DDoS_TCP,0.003932597087201236,0.004364311512601451,-0.016022044930164295,0.0037916061519403504,0.004134711148675268
27,Centralized,DDoS_UDP,1.9311230298124648e-05,-7.509922893715141e-06,-2.145692255347183e-06,-2.145692255347183e-06,-7.509922893715141e-06
27,Centralized,Fingerprinting,0.008205514834593284,0.1230161210220855,0.11664541843035736,-0.06090214741082422,-0.1869649068762119
27,Centralized,MITM,0.0,0.0,0.0,0.0,0.0
27,Centralized,Normal,4.195806993304944e-05,-0.00025694401001595074,3.0783748703013446e-05,2.3707098046212478e-05,5.395095064771501e-07
27,Centralized,Password,0.004732955191067645,-0.030946160224631755,0.01251895842576801,0.007757679349353637,0.005495536569146542
27,Centralized,Port_Scanning,-0.018177071589716716,-0.018716097031717577,0.07432536268486946,-0.01871609703171758,-0.018716097031717577
27,Centralized,Ransomware,0.002344224839217768,-0.02963967413447415,0.0035248928910531514,0.007217296726168213,0.010720787039448685
27,Centralized,SQL_injection,0.007406760298518019,0.0006385215100060339,-8.427321061640162e-05,-0.005232889250153967,0.00016071479926475367
27,Centralized,Uploading,-0.007033582722269752,0.014677992652614833,-0.014699648722931958,0.0010260345439944015,0.009394906295390238
27,Centralized,Vulnerability_scanner,-0.005971167150399074,0.00018265200334496672,-0.0005676529613514929,0.006639452984782383,0.0049714706482123115
27,Centralized,XSS,3.139704281719391e-05,-7.849260704298477e-06,3.139704281719391e-05,-4.709556422579087e-05,-7.849260704298477e-06
28,0,Backdoor,0.00225671612779658,0.009897609513133907,-0.015626043787647714,0.004605199489335789,-0.0011334813426185641
28,0,DDoS_HTTP,-0.0013846684787355902,0.0034236905109653456,-0.011708424370084217,0.01024888279085457,-0.01122546184781149
28,0,DDoS_ICMP,7.042635691535404e-05,-6.348486101839615e-05,0.00023874214065534584,0.00010358509859634454,-0.00034926873514864825
28,0,DDoS_TCP,0.004062802012383998,0.004062802012383998,-0.010037575461908994,0.004062802012383998,-0.002150830575243001
28,0,DDoS_UDP,0.0,0.0,0.0,0.0,0.0
28,0,Fingerprinting,0.10044825544825546,-0.1098211048211048,0.16761349761349761,0.17108317608317608,-0.3293238243238241
28,0,MITM,0.0,0.0,0.0,0.0,0.0
28,0,Normal,6.046950670919686e-05,4.180375024248247e-05,-5.065029757908938e-05,-5.339576374380576e-05,-4.0317957222788894e-05
28,0,Password,0.003589535651322127,-0.007868915407322822,-0.005323250965430417,0.0026245337149605526,0.0023532123550329335
28,0,Port_Scanning,-0.04077328015906986,-0.040773280159069863,0.10978948834491709,-0.040773280159069863,0.012530352132292494
28,0,Ransomware,0.004581282930187084,0.005592352916039034,0.0071103819998060225,0.0012635671458258797,0.0039749375306644946
28,0,SQL_injection,0.010103039641904156,0.007201079113449434,-0.030586262147258115,0.005579288964064404,0.0038863720244643276
28,0,Uploading,-0.010282388135641031,0.021415550270259643,-0.032881883492858074,0.016578906224528827,-0.006452085692735606
28,0,Vulnerability_scanner,-0.006581112659407001,0.005778457663736562,-0.014301599920332938,0.0008056902962848278,-0.002159272320218194
28,0,XSS,0.0,0.0,0.0,0.0,0.0
28,1,Backdoor,0.002274785014587412,0.01141015037324767,-0.009897052479664643,0.0002829242051132922,-0.004296002606267672
28,1,DDoS_HTTP,-0.0019786907006847793,0.004574894721413381,-0.01367209607621336,0.009745310557517768,-0.00846543559467189
28,1,DDoS_ICMP,-0.00013576843679076743,-4.106293695933146e-05,0.000375868916889475,4.8367405941433333e-05,-0.00024740494908080944
28,1,DDoS_TCP,0.00432470315577327,0.00432470315577327,-0.010030920636544583,0.00432470315577327,-0.0029431888307752284
28,1,DDoS_UDP,0.00012876494683895513,-0.0001791512303846332,-1.1196951899039575e-05,-3.918933164663852e-05,0.00010077256709135618
28,1,Fingerprinting,0.017535731276243603,-0.05652718771670385,0.08846404043984689,0.058397911079362694,-0.1078704950787493
28,1,MITM,0.0,0.0,0.0,0.0,0.0
28,1,Normal,-1.6490031452761253e-05,7.988441959556799e-05,-8.741804154429785e-05,-8.059045859428366e-06,-5.4969890303620725e-05
28,1,Password,0.0035379267166605025,-0.006211701052432776,-0.007123731986063023,0.004241467621752762,0.004014816764123774
28,1,Port_Scanning,-0.03939770473580871,-0.03939770473580871,0.10641933425354352,-0.03939770473580871,0.011773779953882612
28,1,Ransomware,-0.006075425483337895,0.00417978175497414,-0.009645814264952472,0.008289320023128727,0.0032521379701875
28,1,SQL_injection,0.008121073556697868,0.005047055300011404,-0.0257371584321418,0.005209654447886458,0.003290283614508377
28,1,Uploading,-0.003428689548023813,0.020795768191089296,-0.0241961866342309,0.012734021014538733,0.00024805080440923517
28,1,Vulnerability_scanner,-0.005828166106146613,0.004020725906905694,-0.010071580500449963,-0.0006090415430884844,-0.0015686109118570675
28,1,XSS,0.0,0.0,0.0,0.0,0.0
28,2,Backdoor,-0.00040074362217871383,0.015248013902192837,-0.014133664647279645,0.0008168396503129948,-0.006832635166084907
28,2,DDoS_HTTP,-0.007646127927113416,0.0053830052236336955,-0.020676830245108094,0.009989352769293964,-0.008394942655328067
28,2,DDoS_ICMP,-7.34495857265797e-05,5.626122846414024e-05,7.70427589550112e-05,-0.0001813881612034422,0.00012153375951087046
28,2,DDoS_TCP,0.006770761429756409,0.007004260502345842,-0.017619866199367333,0.0070509728067847,-0.0032061285395196186
28,2,DDoS_UDP,0.0,0.0,0.0,0.0,0.0
28,2,Fingerprinting,0.03606661856661857,-0.02723304473304473,0.12324194324194324,0.03867604617604618,-0.17075156325156313
28,2,MITM,0.0,0.0,0.0,0.0,0.0
28,2,Normal,8.934361831681355e-05,0.0001077559509430596,-6.51154301961258e-05,-2.7574699997619707e-05,-0.00011800534165166687
28,2,Password,0.0056553822530135715,-0.01154244661010951,-0.0110909950944886,0.006266624726046767,0.007862748668744078
28,2,Port_Scanning,-0.035174898684952924,-0.035174898684952924,0.09203056190928821,-0.035174898684952924,0.013494134145570583
28,2,Ransomware,-0.0030141056773096884,0.007432735393219277,-0.00611310230563993,0.0039994539434971095,0.0014641036316467386
28,2,SQL_injection,0.009088907967752224,0.005378827143812409,-0.029009953212862035,0.005754375802586652,0.0029581689978231225
28,2,Uploading,-0.0035078434489513475,0.013851224474352143,-0.02474663176952974,0.013927603240638357,0.002800958513838239
28,2,Vulnerability_scanner,-0.012341758989373128,0.006168858281776957,-0.016288409307018716,0.0056497865874434484,-0.0040798846571156976
28,2,XSS,4.115114680558647e-05,-3.798567397438751e-05,4.115114680558647e-05,-5.381303813038231e-05,9.496418493596878e-06
28,3,Backdoor,-0.0010841200643698775,0.009217043707569613,-0.01400364039282699,0.0001890501736957262,-0.003725221989010008
28,3,DDoS_HTTP,-0.0048586849131893334,0.006967838320215537,-0.01718168534659748,0.00991342242148241,-0.008147854421891794
28,3,DDoS_ICMP,0.00019285442512033494,-0.00013485549663465232,0.00028980225816120734,0.00021174141924329055,-0.0005595426058901805
28,3,DDoS_TCP,0.007753196697826819,0.007326885109046107,-0.0186035495853134,0.007283221552579485,-0.0029539292176959425
28,3,DDoS_UDP,0.0,0.0,0.0,0.0,0.0
28,3,Fingerprinting,0.0937972057672832,-0.06789895673347696,0.1110452495567438,0.11856070313947624,-0.2555042017300264
28,3,MITM,0.0,0.0,0.0,0.0,0.0
28,3,Normal,4.568567662492177e-05,8.958883866651741e-05,-1.01508604651764e-05,-0.00013127422286160484,-6.0614488875602536e-05
28,3,Password,0.013473233490763521,-0.019204169558992724,-0.024387510249017395,0.007842800976028113,0.00832456108884297
28,3,Port_Scanning,-0.030622058579710024,-0.030004774629092738,0.08236897256709019,-0.030622058579710017,0.008879919221422592
28,3,Ransomware,-0.004571445789535191,0.0048541810241043,-0.004785693663803192,0.00931104431026798,0.008641368423893934
28,3,SQL_injection,0.009375268156868647,0.006384910154088776,-0.027634704674302242,0.005382052590845408,0.0037834126760425547
28,3,Uploading,-0.009020836786848936,0.01771606632045917,-0.026190029414591462,0.010593236553247284,-0.0012789929331635853
28,3,Vulnerability_scanner,-0.006287039340502485,0.006991724940281973,-0.011426408891066204,0.003263439916081741,-0.0005508230316486191
28,3,XSS,0.0,0.0,0.0,0.0,0.0
28,4,Backdoor,0.0029680924119635022,0.008954578610374185,-0.0030805813040399163,-0.00282732427434198,-0.003948252564294147
28,4,DDoS_HTTP,-0.006647947650508503,0.01100668001753469,-0.011423258322449678,0.008054410055478092,-0.01187522517407494
28,4,DDoS_ICMP,-6.319395085033394e-05,2.7801247375056996e-05,-5.002557584858347e-05,-7.856133423263893e-05,0.00016397961355649933
28,4,DDoS_TCP,0.006766096218490682,0.006682012242441632,-0.01635487357887032,0.0067972216799400634,-0.0036139760302426197
28,4,DDoS_UDP,0.0,0.0,0.0,0.0,0.0
28,4,Fingerprinting,-0.01647058823529412,-0.05437908496732027,0.12111111111111113,0.015228758169934641,-0.06549019607843137
28,4,MITM,0.0,0.0,0.0,0.0,0.0
28,4,Normal,-1.812068885446346e-05,0.00011985904169316923,-0.00010904441552942641,-8.439743334682411e-05,1.5991640120468127e-06
28,4,Password,0.0021570055660667747,-0.011665890036342037,-0.018125516381298837,0.005868406273428001,0.004584496919881627
28,4,Port_Scanning,-0.03844852589210289,-0.03844852589210288,0.10161192296149256,-0.03844852589210288,0.013733654714816095
28,4,Ransomware,-0.00024150423819974492,0.0036359277494684853,-0.0006685341927887593,-0.0037723074233206996,0.0010464181048407185
28,4,SQL_injection,0.012424615339094846,0.006525570641773029,-0.03086849836348844,0.005284045320721904,0.003823356289822841
28,4,Uploading,-0.00935467696588577,0.01874588408564683,-0.025594299792062344,0.0065094503396678546,-0.011455860032016818
28,4,Vulnerability_scanner,-0.0012366448628574795,0.002362778211310368,-0.006164050886451823,-0.0023303008836300008,0.0005342977485417455
28,4,XSS,0.00012580898808443655,-0.00011613137361640297,0.00012580898808443655,-0.00016451944595657087,2.9032843404100742e-05
28,Aggregated,Backdoor,0.0011028231752289988,0.01081163052129939,-0.011144218459863874,0.00040371401058591865,-0.004005355777403447
28,Aggregated,DDoS_HTTP,-0.004660397654014061,0.005525171593850687,-0.01650907302883779,0.009909770022828057,-0.008940745190494932
28,Aggregated,DDoS_ICMP,2.653740542261455e-06,-3.0111880368653236e-05,0.00017082113449746935,2.0755827726013734e-05,-0.0001641188223970913
28,Aggregated,DDoS_TCP,0.005894019236675877,0.005830737744407394,-0.014393967984941263,0.005855891546482152,-0.0029631333149513456
28,Aggregated,DDoS_UDP,2.4675460936492608e-05,-3.433107608555493e-05,-2.145692255347183e-06,-7.509922893715141e-06,1.9311230298124648e-05
28,Aggregated,Fingerprinting,0.04480162719439684,-0.06522786641331692,0.11419477639666391,0.0836910101840756,-0.17745954736181932
28,Aggregated,MITM,0.0,0.0,0.0,0.0,0.0
28,Aggregated,Normal,3.2587324662985974e-05,8.754782956489534e-05,-6.428496678589542e-05,-6.038238913973297e-05,-5.518972716874922e-05
28,Aggregated,Password,0.005117380332245516,-0.010565671940043049,-0.011847796942632905,0.005207679596860224,0.005405340526677785
28,Aggregated,Port_Scanning,-0.03721477319978193,-0.037106688461346994,0.09956314311124934,-0.03721477319978193,0.011973091749661513
28,Aggregated,Ransomware,-0.002512288343413793,0.005544724047153667,-0.0037970845055446717,0.004484980115481962,0.003518039009004544
28,Aggregated,SQL_injection,0.010182470574869238,0.0062032505642061675,-0.029062055655455603,0.005404617650502944,0.003590728825267933
28,Aggregated,Uploading,-0.007108505522125717,0.018389126126881504,-0.026690497542125397,0.012081157614925725,-0.002795768858454841
28,Aggregated,Vulnerability_scanner,-0.005573632414556208,0.004565220198834347,-0.010637050466260031,0.0006893568168218345,-0.0012041857955593556
28,Aggregated,XSS,3.401346305196007e-05,-3.139704281719391e-05,3.401346305196007e-05,-4.44791439910247e-05,7.849260704298477e-06
28,Centralized,Backdoor,0.0011028231752289988,0.01081163052129939,-0.011144218459863874,0.00040371401058591865,-0.004005355777403447
28,Centralized,DDoS_HTTP,-0.004660397654014061,0.005525171593850687,-0.01650907302883779,0.009909770022828057,-0.008940745190494932
28,Centralized,DDoS_ICMP,2.653740542261455e-06,-3.0111880368653236e-05,0.00017082113449746935,2.0755827726013734e-05,-0.0001641188223970913
28,Centralized,DDoS_TCP,0.005894019236675877,0.005830737744407394,-0.014393967984941263,0.005855891546482152,-0.0029631333149513456
28,Centralized,DDoS_UDP,2.4675460936492608e-05,-3.433107608555493e-05,-2.145692255347183e-06,-7.509922893715141e-06,1.9311230298124648e-05
28,Centralized,Fingerprinting,0.04480162719439684,-0.06522786641331692,0.11419477639666391,0.0836910101840756,-0.17745954736181932
28,Centralized,MITM,0.0,0.0,0.0,0.0,0.0
28,Centralized,Normal,3.2587324662985974e-05,8.754782956489534e-05,-6.428496678589542e-05,-6.038238913973297e-05,-5.518972716874922e-05
28,Centralized,Password,0.005117380332245516,-0.010565671940043049,-0.011847796942632905,0.005207679596860224,0.005405340526677785
28,Centralized,Port_Scanning,-0.03721477319978193,-0.037106688461346994,0.09956314311124934,-0.03721477319978193,0.011973091749661513
28,Centralized,Ransomware,-0.002512288343413793,0.005544724047153667,-0.0037970845055446717,0.004484980115481962,0.003518039009004544
28,Centralized,SQL_injection,0.010182470574869238,0.0062032505642061675,-0.029062055655455603,0.005404617650502944,0.003590728825267933
28,Centralized,Uploading,-0.007108505522125717,0.018389126126881504,-0.026690497542125397,0.012081157614925725,-0.002795768858454841
28,Centralized,Vulnerability_scanner,-0.005573632414556208,0.004565220198834347,-0.010637050466260031,0.0006893568168218345,-0.0012041857955593556
28,Centralized,XSS,3.401346305196007e-05,-3.139704281719391e-05,3.401346305196007e-05,-4.44791439910247e-05,7.849260704298477e-06
29,0,Backdoor,0.0038175856221812575,-0.023325639348902374,0.013156337727409984,0.0106250198147011,0.00279465284992493
29,0,DDoS_HTTP,-0.0018267087676931582,0.021448912042860938,-0.0017162767031593418,0.009361308695529239,-0.010202258189926943
29,0,DDoS_ICMP,0.0002792408670778697,2.7666064416455767e-05,-7.630537776798044e-05,0.00016206037619409714,-0.00039266192992044223
29,0,DDoS_TCP,0.00741235688716999,0.006873835537988876,-0.029943220450135356,0.007706149788625379,0.007950878236351105
29,0,DDoS_UDP,0.0,0.0,0.0,0.0,0.0
29,0,Fingerprinting,0.19049857549857546,-0.06213675213675212,0.19007122507122506,0.054066951566951564,-0.3724999999999998
29,0,MITM,0.0,0.0,0.0,0.0,0.0
29,0,Normal,6.717894037236068e-05,-0.00017526912176048145,0.00010410785834527222,0.00017500800646044385,4.1998526485971984e-06
29,0,Password,0.0026499643246013795,-0.011612027154030669,0.00965025067900378,0.0051153477547798585,0.0020846015178829333
29,0,Port_Scanning,-0.016585365853658537,-0.016585365853658537,0.06634146341463415,-0.016585365853658537,-0.016585365853658537
29,0,Ransomware,-0.022793316888358794,-0.009491812204500053,-0.0018938255034155074,0.0014966982057582187,0.005572577904690913
29,0,SQL_injection,0.011392888030101755,0.0043173131191622215,0.0019578876765185852,-0.018117197539764096,0.004265591117357321
29,0,Uploading,-0.01991330109016334,0.037886475524710875,-0.02566164741901346,0.01532073156189754,0.005904494504069071
29,0,Vulnerability_scanner,-0.003070480684110281,0.012490657209740923,-0.00922035598125893,0.01157639223498336,0.003952293260394333
29,0,XSS,0.0,0.0,0.0,0.0,0.0
29,1,Backdoor,0.0016920743872475867,-0.024489883476214516,0.007976389738714621,0.009077069792689772,0.005744349557562537
29,1,DDoS_HTTP,-0.0004927421150529927,0.004270298329826743,0.0007866273673877544,0.006232635436385408,-0.0034381627556137728
29,1,DDoS_ICMP,0.0003896127556625125,-0.00014114101787002603,0.000218334854244658,6.701000806093408e-05,-0.0005338166000980785
29,1,DDoS_TCP,0.003792025011424325,0.0036549369779748154,-0.015031012012247791,0.003792025011424325,0.003792025011424325
29,1,DDoS_UDP,-6.718171139423746e-05,-1.1196951899039575e-05,-3.918933164663852e-05,-1.1196951899039575e-05,0.00012876494683895513
29,1,Fingerprinting,0.09409957706782211,-0.07061543415107366,0.16277138596733504,-0.010243041637964086,-0.17601248724611931
29,1,MITM,0.0,0.0,0.0,0.0,0.0
29,1,Normal,9.071336248922349e-05,-0.0002776563883010748,0.00012942273294839398,0.00014168233547971106,8.995911569558146e-05
29,1,Password,0.0004936343311074269,-0.013701203283270654,0.01288804706846536,0.005931550770139533,0.002438993392828519
29,1,Port_Scanning,-0.025100401606425703,-0.025100401606425703,0.10040160642570281,-0.025100401606425703,-0.025100401606425703
29,1,Ransomware,-0.0316229843192641,0.0052993128391296326,0.011541085432347864,0.005748789724541686,0.009033796323244919
29,1,SQL_injection,0.01108969964760854,0.005331677146766584,-0.0019815759491024283,-0.015619135637366407,0.005248426305131409
29,1,Uploading,-0.010716925247483083,0.019522396668526988,-0.013354782280346445,0.010842477502714446,-3.680115526990361e-05
29,1,Vulnerability_scanner,-0.001278283606239968,0.00880258358454138,-0.004496333901626572,0.008635274358471971,0.0034535165922047915
29,1,XSS,0.0,0.0,0.0,0.0,0.0
29,2,Backdoor,0.0025855080023172764,-0.019473451696696495,0.011143523269402994,0.008332153358187974,0.006489919110811329
29,2,DDoS_HTTP,-0.0007412263625883736,0.025038632257515694,0.0003842212547667488,0.015014175971730891,-0.009892339990656607
29,2,DDoS_ICMP,-4.629095401107822e-06,0.0001477030006253155,-0.0005466404997865863,0.0001688295526040662,0.00023473704195831242
29,2,DDoS_TCP,0.008018240287041995,0.007552489132904964,-0.03319424180245984,0.008158189851543996,0.008344976619694572
29,2,DDoS_UDP,0.0,0.0,0.0,0.0,0.0
29,2,Fingerprinting,0.10766705516705516,-0.04958818958818959,0.12675213675213676,0.030792540792540794,-0.21562354312354312
29,2,MITM,0.0,0.0,0.0,0.0,0.0
29,2,Normal,-5.4553474036276674e-05,-8.47017701190167e-05,7.518652268032981e-05,0.00031256030075480873,-1.2359846440527603e-05
29,2,Password,-0.0010547337452795921,-0.012950389901568094,0.010570503794412758,0.007667394146057134,0.003490088862939855
29,2,Port_Scanning,-0.01541038525963149,-0.01541038525963149,0.06164154103852596,-0.01541038525963149,-0.01541038525963149
29,2,Ransomware,-0.02924777359545521,-0.0019675738026401295,0.005598829047453061,0.012790769665101983,0.009056663700126786
29,2,SQL_injection,0.010799650739590804,0.005759246449728292,-0.0014153974023604118,-0.01273844889356087,0.003424622407489816
29,2,Uploading,-0.012130899827700098,0.01607049142609833,-0.020093207320641515,0.006703590937789764,0.007528493149055409
29,2,Vulnerability_scanner,-0.005920199018571282,0.01654946924887883,-0.01056995121417457,0.014828221508076249,0.004117151311816039
29,2,XSS,4.748209246798439e-05,-4.748209246798439e-05,4.748209246798439e-05,-4.748209246798439e-05,0.0
29,3,Backdoor,0.00818599499251498,-0.013912459381206546,0.007492432216944095,-0.00014269065980119602,0.004440004506198543
29,3,DDoS_HTTP,-0.0032825352884520913,0.016066918378611707,0.0006625556308068122,0.009784630155046794,-0.009924604936032559
29,3,DDoS_ICMP,0.00022376163479434312,-6.446278399697691e-05,0.0001227516584161666,0.00020618665837542348,-0.0004882371675889563
29,3,DDoS_TCP,0.007948642392085209,0.0072099698820123955,-0.031055897058268042,0.007948642392085209,0.007948642392085209
29,3,DDoS_UDP,0.0,0.0,0.0,0.0,0.0
29,3,Fingerprinting,0.11568800604442649,-0.05646229867549038,0.18416110151465848,0.03979890057327759,-0.2831857094568722
29,3,MITM,0.0,0.0,0.0,0.0,0.0
29,3,Normal,-7.738818735048002e-06,-0.0001311234757181312,4.354082357127716e-05,0.0002430352729106522,3.0347208762236213e-05
29,3,Password,-0.0008348662739876629,-0.015491259537115394,0.011766301989976385,0.005626799640081942,0.007168690953296869
29,3,Port_Scanning,-0.019241573033707868,-0.019241573033707868,0.07696629213483147,-0.019241573033707868,-0.019241573033707868
29,3,Ransomware,-0.03345832300006825,0.0025163597004239906,0.001664728313917413,0.005789252254878574,0.00643614184481043
29,3,SQL_injection,0.010309498133514212,0.00598131257754207,-0.0007068713624360031,-0.016375877401832634,0.0035009991496692096
29,3,Uploading,-0.007833624918153311,0.026121190603250823,-0.0184139872010518,0.006770078108985827,0.004999911751567736
29,3,Vulnerability_scanner,-0.004472828304584843,0.011194921008589487,-0.010772032290434053,0.011770842091001084,0.0021583320710192385
29,3,XSS,0.0,0.0,0.0,0.0,0.0
29,4,Backdoor,0.003894130512876994,-0.02645943864060722,0.007397018784464663,0.005451865432161759,0.006899796094476004
29,4,DDoS_HTTP,0.01255454795444857,-0.015437253213308981,-0.0004959164824556374,-0.0016770327706985926,0.007904657361017498
29,4,DDoS_ICMP,0.00026872957232307315,0.00016507977981380004,-0.00047730378477413754,0.00010403533362129957,-6.0540900984035195e-05
29,4,DDoS_TCP,0.0065333000769917885,0.005643884411450652,-0.025841462742839393,0.006686586711957889,0.006517955286622629
29,4,DDoS_UDP,0.0,0.0,0.0,0.0,0.0
29,4,Fingerprinting,0.15077789441239348,-0.05892751675308359,0.1868937472622645,-0.025163308252032977,-0.25358081666954124
29,4,MITM,0.0,0.0,0.0,0.0,0.0
29,4,Normal,9.732739440393249e-05,-0.0004181031541350614,0.00011085147706180002,0.00020399008771326648,0.00016553554258477525
29,4,Password,-0.00040501564983869376,-0.01667334743440173,0.017591813233107587,-0.0013746846666497152,0.007722226004488086
29,4,Port_Scanning,-0.019899244332493703,-0.019899244332493703,0.07959697732997481,-0.019899244332493703,-0.019899244332493703
29,4,Ransomware,-0.020033036720753412,-0.004071000482617082,0.010304392217445755,0.008596272399089697,0.010409721793184255
29,4,SQL_injection,0.013070231054702655,0.004526573199833795,-0.0013863097177705453,-0.01589792819339412,0.0024983444287040293
29,4,Uploading,-0.011487145635375074,0.03277517431646888,-0.018734561107910778,0.016136078431448965,0.012303173152240247
29,4,Vulnerability_scanner,-0.0001568965120390083,0.0036281977598110232,-0.0024901541069348035,0.004702281537334554,0.0017772111947682244
29,4,XSS,0.0001451642170205037,-0.0001451642170205037,0.0001451642170205037,-0.0001451642170205037,0.0
29,Aggregated,Backdoor,0.004251264681631853,-0.02137854270298213,0.00920962470680908,0.0062259640725292565,0.005381316722245756
29,Aggregated,DDoS_HTTP,-0.0011789295940500858,0.016612472942600737,0.00019035890117617785,0.010444705648046877,-0.008231654643614755
29,Aggregated,DDoS_ICMP,0.00023431173653753467,3.767397439962683e-05,-0.00017176474190785568,0.0001420458403449713,-0.0002422668093742771
29,Aggregated,DDoS_TCP,0.006656018679563778,0.006102641876493303,-0.02662837109223744,0.00676492734479982,0.006803082153975087
29,Aggregated,DDoS_UDP,-1.28741535320831e-05,-2.145692255347183e-06,-7.509922893715141e-06,-2.145692255347183e-06,2.4675460936492608e-05
29,Aggregated,Fingerprinting,0.12492487313777753,-0.061372635194291265,0.1708863808425128,0.013444655633188743,-0.24788327441918778
29,Aggregated,MITM,0.0,0.0,0.0,0.0,0.0
29,Aggregated,Normal,3.780768166709395e-05,-0.00021506964332515532,9.248221744184715e-05,0.00021543347641890068,5.44055975490824e-05
29,Aggregated,Password,0.0001743281195065764,-0.01376022574254459,0.012230102259415288,0.004991047044202866,0.004137422629151237
29,Aggregated,Port_Scanning,-0.019897684437264404,-0.019897684437264404,0.07959073774905762,-0.019897684437264404,-0.019897684437264404
29,Aggregated,Ransomware,-0.02804610178284045,-0.001193122624188736,0.005113423540144705,0.008095676421377783,0.008082226047685957
29,Aggregated,SQL_injection,0.011634605266330268,0.005043486718945911,-0.0007235500613322168,-0.01596585223539052,0.0036922983520558663
29,Aggregated,Uploading,-0.012417506734224391,0.026295491610179293,-0.019415265398582477,0.010758969208826361,0.005998795865932546
29,Aggregated,Vulnerability_scanner,-0.002451714251571931,0.009280154350136573,-0.006528023984006545,0.009298004424533667,0.002873022685285444
29,Aggregated,XSS,3.924630352149239e-05,-3.924630352149239e-05,3.924630352149239e-05,-3.924630352149239e-05,0.0
29,Centralized,Backdoor,0.004251264681631853,-0.02137854270298213,0.00920962470680908,0.0062259640725292565,0.005381316722245756
29,Centralized,DDoS_HTTP,-0.0011789295940500858,0.016612472942600737,0.00019035890117617785,0.010444705648046877,-0.008231654643614755
29,Centralized,DDoS_ICMP,0.00023431173653753467,3.767397439962683e-05,-0.00017176474190785568,0.0001420458403449713,-0.0002422668093742771
29,Centralized,DDoS_TCP,0.006656018679563778,0.006102641876493303,-0.02662837109223744,0.00676492734479982,0.006803082153975087
29,Centralized,DDoS_UDP,-1.28741535320831e-05,-2.145692255347183e-06,-7.509922893715141e-06,-2.145692255347183e-06,2.4675460936492608e-05
29,Centralized,Fingerprinting,0.12492487313777753,-0.061372635194291265,0.1708863808425128,0.013444655633188743,-0.24788327441918778
29,Centralized,MITM,0.0,0.0,0.0,0.0,0.0
29,Centralized,Normal,3.780768166709395e-05,-0.00021506964332515532,9.248221744184715e-05,0.00021543347641890068,5.44055975490824e-05
29,Centralized,Password,0.0001743281195065764,-0.01376022574254459,0.012230102259415288,0.004991047044202866,0.004137422629151237
29,Centralized,Port_Scanning,-0.019897684437264404,-0.019897684437264404,0.07959073774905762,-0.019897684437264404,-0.019897684437264404
29,Centralized,Ransomware,-0.02804610178284045,-0.001193122624188736,0.005113423540144705,0.008095676421377783,0.008082226047685957
29,Centralized,SQL_injection,0.011634605266330268,0.005043486718945911,-0.0007235500613322168,-0.01596585223539052,0.0036922983520558663
29,Centralized,Uploading,-0.012417506734224391,0.026295491610179293,-0.019415265398582477,0.010758969208826361,0.005998795865932546
29,Centralized,Vulnerability_scanner,-0.002451714251571931,0.009280154350136573,-0.006528023984006545,0.009298004424533667,0.002873022685285444
29,Centralized,XSS,3.924630352149239e-05,-3.924630352149239e-05,3.924630352149239e-05,-3.924630352149239e-05,0.0
30,0,Backdoor,0.004261051921012247,-0.01982397323855185,0.009238527730417475,0.002357430975191645,0.005517442664408301
30,0,DDoS_HTTP,-0.0004603068921925376,-0.0007037610664884388,0.005646113250286149,0.015893020735410972,-0.01403435077937285
30,0,DDoS_ICMP,9.754471244096304e-05,-0.00010417629928076895,0.00024851826646782316,3.0367816810085897e-05,-0.0002722544964381031
30,0,DDoS_TCP,0.0074337885588933155,0.007091079658938911,-0.0292953590041629,0.0075806107820056865,0.007189880004324993
30,0,DDoS_UDP,2.9069767441858295e-05,2.9069767441858295e-05,2.9069767441858295e-05,2.9069767441858295e-05,-0.00011627906976743318
30,0,Fingerprinting,0.07579365079365079,-0.08293650793650793,0.2216269841269841,0.007341269841269844,-0.22182539682539668
30,0,MITM,0.025,0.025,0.025,0.025,-0.1
30,0,Normal,0.00016847545054307633,-0.0003876303982159139,0.00014669495427550397,0.00019006621625726935,1.5565825994499443e-05
30,0,Password,0.011714723957444835,-0.023435612761956864,0.019014765288184413,-0.00106155569493686,0.005152972033809591
30,0,Port_Scanning,-0.0234308558042421,-0.0234308558042421,0.09102436788633411,-0.0234308558042421,-0.02073180047360782
30,0,Ransomware,0.0021898222822410865,0.011564482166674472,0.012690011843094972,0.004810494071783713,0.0006050728722357087
30,0,SQL_injection,-0.007658635612348741,0.0016967615135739962,0.003767153664547382,0.0002595492962402172,0.001935171137987142
30,0,Uploading,0.028498081816305407,0.03430475882338171,-0.020056921539933773,0.006687288546231202,-0.024955970807336927
30,0,Vulnerability_scanner,0.005673417803658204,0.004468779729754924,-0.00041525462370597586,0.007391420608404137,-0.007536375425914831
30,0,XSS,0.0,0.0,0.0,0.0,0.0
30,1,Backdoor,0.003676647499119464,-0.014097579081595257,0.004361580612257397,0.002438563205773634,0.0036207877644447626
30,1,DDoS_HTTP,0.00043740913357613966,0.0005590903106193469,0.0017151844353389483,0.002100714490392322,-0.002375037540221009
30,1,DDoS_ICMP,-9.167109653747859e-06,-0.00010146579562885782,0.0005230686215796514,0.00013020957393598912,-0.0005426452902330348
30,1,DDoS_TCP,0.002861113520191753,0.0028268415118293754,-0.01141060466190352,0.002861113520191753,0.0028615361096906377
30,1,DDoS_UDP,1.1306237929220585e-08,1.1306237929220585e-08,1.1306237929220585e-08,-0.0001679429722476644,0.00016790905353387676
30,1,Fingerprinting,-0.002421077370420399,-0.03592440946246216,0.14752273496866397,-0.006017990188470738,-0.10315925794731064
30,1,MITM,0.025,0.025,0.025,0.025,-0.1
30,1,Normal,0.00016785943905954227,-0.0002837183201422141,7.098283225753048e-05,5.553794605633137e-05,5.465001831462812e-05
30,1,Password,0.01538481972915636,-0.0326936217964936,0.020384229166890044,-0.004610323650059163,0.007315235217981756
30,1,Port_Scanning,-0.030459276095011926,-0.030459276095011926,0.12050643239069309,-0.030459276095011926,-0.029128604105657305
30,1,Ransomware,-0.0007421150278293117,0.0020408163265306072,-0.0002782931354359919,0.0006493506493506477,-0.0016697588126159512
30,1,SQL_injection,-0.005016489891612463,0.0011342235204893302,0.0023365212968842605,0.0001728355086118819,0.0013729095656269895
30,1,Uploading,0.014131139776822418,0.016398690488926625,-0.008077264515962674,0.0038189696830586146,-0.015698577636933754
30,1,Vulnerability_scanner,0.004742797627786445,0.0021363648543070712,-0.0009982941726577415,0.003407050124945669,-0.00609172570536783
30,1,XSS,0.0,0.0,0.0,0.0,0.0
30,2,Backdoor,0.0032361617200603273,-0.013013513830210358,0.005098781560935355,0.002739838961733007,-7.859388484720195e-06
30,2,DDoS_HTTP,-0.002091256836331911,0.0008774756784813709,0.003837890662604662,0.013951782860718869,-0.01264116386331284
30,2,DDoS_ICMP,0.00012952300929863585,5.575723026599959e-07,-0.0001956228034578178,6.498464955386196e-05,5.575723026599959e-07
30,2,DDoS_TCP,0.009025326393271756,0.008559014693482475,-0.03498370319669867,0.009212175611027188,0.008187186498917245
30,2,DDoS_UDP,3.51123595505598e-05,3.51123595505598e-05,3.51123595505598e-05,3.51123595505598e-05,-0.0001404494382022392
30,2,Fingerprinting,0.04619047619047619,-0.0788095238095238,0.11523809523809522,-0.003809523809523807,-0.0788095238095238
30,2,MITM,0.025,0.025,0.025,0.025,-0.1
30,2,Normal,0.00020762980974807962,-0.00041240751463203495,0.00013673173390171822,0.00022423198684175713,1.2215547054124828e-05
30,2,Password,0.012401884616900378,-0.029849862384067834,0.01681446012683443,-0.0015703756868894322,0.00832755491306891
30,2,Port_Scanning,-0.019941129635438027,-0.019941129635438027,0.0771467174946317,-0.019941129635438027,-0.01732332858831761
30,2,Ransomware,0.00039552547366439317,0.006876261042604036,0.00603550113940358,-0.0021295022848403142,0.0014179814127029955
30,2,SQL_injection,-0.010632259422502585,0.0022762744356491418,0.002992506150208137,0.0022762744356491418,0.0030872044009961634
30,2,Uploading,0.02233640105937721,0.01420982269370654,-0.010857701188136417,0.005512298962894244,-0.021428444460991784
30,2,Vulnerability_scanner,0.009171976043423038,0.004333874356983501,-0.002817627480060336,0.007744474583854379,-0.010833825018858056
30,2,XSS,4.115114680558647e-05,-3.798567397438751e-05,4.115114680558647e-05,-5.381303813038231e-05,9.496418493596878e-06
30,3,Backdoor,0.00013637424672554208,-0.008805078834905408,0.0038685650133575,0.002072536229481984,0.002727603345340381
30,3,DDoS_HTTP,-0.0005270095396621932,0.001978254681264512,0.0025463936538341575,0.012796371470621386,-0.009500962163649318
30,3,DDoS_ICMP,0.00018176964811169777,-0.000107804314968211,0.00035468242993729935,7.79754209939328e-06,-0.0004364453051801794
30,3,DDoS_TCP,0.007635365374813145,0.007635365374813145,-0.03180937156822971,0.0077025174211834005,0.008030298840976951
30,3,DDoS_UDP,1.4306151645204767e-05,1.4306151645204767e-05,1.4306151645204767e-05,1.4306151645204767e-05,-5.722460658081907e-05
30,3,Fingerprinting,0.06692494301189952,-0.05867195070093621,0.1702842782552927,0.0017075517075517076,-0.18024482227380778
30,3,MITM,0.007142857142857145,0.007142857142857145,0.007142857142857145,0.007142857142857145,-0.02857142857142858
30,3,Normal,0.0001485568689485517,-0.0003460166381387445,0.00012782402031167318,0.00024966327166245914,6.491539634885616e-05
30,3,Password,0.015880053836637542,-0.030494447330788845,0.014618360879813207,-0.0030076167470940167,0.012695450098008957
30,3,Port_Scanning,-0.024322549782859505,-0.024322549782859505,0.09189451567820059,-0.024322549782859505,-0.01892686632962209
30,3,Ransomware,0.0004445736649863622,0.009575501625300948,0.0077420840936883225,0.0012620380430155434,0.0016437919909982391
30,3,SQL_injection,-0.014234944818131394,0.003267741902665434,0.004130578687345907,0.002650711322093316,0.004185912906026738
30,3,Uploading,0.019168664275909037,0.022912132547898662,-0.01709286047002111,0.006580259280548147,-0.019989147742437686
30,3,Vulnerability_scanner,0.00798435317196678,0.005446229373026345,-0.001742481834758347,0.007838855523623343,-0.00877080083638902
30,3,XSS,0.0,0.0,0.0,0.0,0.0
30,4,Backdoor,0.004427211482283975,-0.013225433362655616,0.005216318307649707,-0.0005294916448691438,0.006197028882172114
30,4,DDoS_HTTP,0.00376328016028883,0.00437039400668489,0.005661238646153379,-0.01273490297259081,-0.001060009840536282
30,4,DDoS_ICMP,6.39213040031524e-05,3.381014089926156e-05,-2.981827869712461e-05,7.904255574759933e-05,-0.00014695572195288868
30,4,DDoS_TCP,0.006190947420193249,0.006037757198024459,-0.02455772335472508,0.006306005330623759,0.005746148079402496
30,4,DDoS_UDP,-3.607469584080425e-05,-3.607469584080425e-05,-3.607469584080425e-05,-3.607469584080425e-05,0.000144298783363217
30,4,Fingerprinting,-0.008534850640113799,-0.02936818397344713,0.19861308677098152,-0.00634186818397345,-0.15436818397344712
30,4,MITM,-0.002314814814814814,-0.002314814814814814,-0.002314814814814814,-0.002314814814814814,0.009259259259259255
30,4,Normal,0.00011868356497611125,-0.0003379347290444201,9.780793699638395e-05,4.430046949712348e-05,9.777649626334835e-05
30,4,Password,0.02168125529732393,-0.03015166356308734,0.020912180222952825,-0.010069857085968244,0.015936787087454916
30,4,Port_Scanning,-0.025660733330523884,-0.025660733330523884,0.1012020111318938,-0.025660733330523884,-0.024219811140322154
30,4,Ransomware,-0.0008785607528225658,0.00256500880098323,-0.0004515307982335515,-0.0038545858850977037,-0.0025866805711786236
30,4,SQL_injection,-0.006670111085173767,0.0011468608132009497,0.002485774254393594,-0.0002006890158699789,0.0014379442516552201
30,4,Uploading,0.03041956228075339,0.022312774056245408,-0.020123679406378384,0.0020882838524366692,-0.028546864697604223
30,4,Vulnerability_scanner,0.003186491236629635,0.001583989431382954,-0.0005879819023345389,0.001661377416811242,-0.0030122553426404
30,4,XSS,0.00012580898808443655,-0.00011613137361640297,0.00012580898808443655,-0.00016451944595657087,2.9032843404100742e-05
30,Aggregated,Backdoor,0.003002644782338663,-0.0133490597766122,0.005351486367325185,0.0018222495574684286,0.003576357320780643
30,Aggregated,DDoS_HTTP,-0.0006954821252608906,0.0010027650889235943,0.0034949951640316787,0.010973603728219561,-0.009778340622166716
30,Aggregated,DDoS_ICMP,9.389090709714203e-05,-5.195701265963323e-05,0.00016683888046941284,6.023593171883279e-05,-0.00026900870662575443
30,Aggregated,DDoS_TCP,0.006511686027419924,0.006327421967743217,-0.025969092778687468,0.006608986304109182,0.006297420462322871
30,Aggregated,DDoS_UDP,9.6809284514221e-06,9.6809284514221e-06,9.6809284514221e-06,-2.2504455378785648e-05,-6.53832997548065e-06
30,Aggregated,Fingerprinting,0.030002504617771555,-0.05063946323349862,0.16943926254142969,-0.0018799231916225428,-0.14692238073408
30,Aggregated,MITM,0.0028310502283105054,0.0028310502283105054,0.0028310502283105054,0.0028310502283105054,-0.011324200913242021
30,Aggregated,Normal,0.0001628436280030306,-0.00035363041212179704,0.00011609051503556992,0.00015367262135914845,4.839946087385842e-05
30,Aggregated,Password,0.014935046252304298,-0.029338771352352903,0.018467195053126172,-0.0037501693711512675,0.00928556275405045
30,Aggregated,Port_Scanning,-0.02536944396526939,-0.02536944396526939,0.09902679546892071,-0.02536944396526939,-0.022918463573112526
30,Aggregated,Ransomware,0.00021123216692388037,0.006968114341294575,0.005627677202765064,-0.00011153294903052576,0.00022627762761616156
30,Aggregated,SQL_injection,-0.008179218767980877,0.0017179324203985644,0.0030295049851136483,0.0007038424398900893,0.002147821468392651
30,Aggregated,Uploading,0.02286887279820315,0.02227441132059458,-0.015313769927238223,0.005110220031232959,-0.021954686003236468
30,Aggregated,Vulnerability_scanner,0.00563638767992112,0.003185768698253116,-0.0011981854200071604,0.004832303252341582,-0.006500559505636329
30,Aggregated,XSS,3.401346305196007e-05,-3.139704281719391e-05,3.401346305196007e-05,-4.44791439910247e-05,7.849260704298477e-06
30,Centralized,Backdoor,0.003002644782338663,-0.0133490597766122,0.005351486367325185,0.0018222495574684286,0.003576357320780643
30,Centralized,DDoS_HTTP,-0.0006954821252608906,0.0010027650889235943,0.0034949951640316787,0.010973603728219561,-0.009778340622166716
30,Centralized,DDoS_ICMP,9.389090709714203e-05,-5.195701265963323e-05,0.00016683888046941284,6.023593171883279e-05,-0.00026900870662575443
30,Centralized,DDoS_TCP,0.006511686027419924,0.006327421967743217,-0.025969092778687468,0.006608986304109182,0.006297420462322871
30,Centralized,DDoS_UDP,9.6809284514221e-06,9.6809284514221e-06,9.6809284514221e-06,-2.2504455378785648e-05,-6.53832997548065e-06
30,Centralized,Fingerprinting,0.030002504617771555,-0.05063946323349862,0.16943926254142969,-0.0018799231916225428,-0.14692238073408
30,Centralized,MITM,0.0028310502283105054,0.0028310502283105054,0.0028310502283105054,0.0028310502283105054,-0.011324200913242021
30,Centralized,Normal,0.0001628436280030306,-0.00035363041212179704,0.00011609051503556992,0.00015367262135914845,4.839946087385842e-05
30,Centralized,Password,0.014935046252304298,-0.029338771352352903,0.018467195053126172,-0.0037501693711512675,0.00928556275405045
30,Centralized,Port_Scanning,-0.02536944396526939,-0.02536944396526939,0.09902679546892071,-0.02536944396526939,-0.022918463573112526
30,Centralized,Ransomware,0.00021123216692388037,0.006968114341294575,0.005627677202765064,-0.00011153294903052576,0.00022627762761616156
30,Centralized,SQL_injection,-0.008179218767980877,0.0017179324203985644,0.0030295049851136483,0.0007038424398900893,0.002147821468392651
30,Centralized,Uploading,0.02286887279820315,0.02227441132059458,-0.015313769927238223,0.005110220031232959,-0.021954686003236468
30,Centralized,Vulnerability_scanner,0.00563638767992112,0.003185768698253116,-0.0011981854200071604,0.004832303252341582,-0.006500559505636329
30,Centralized,XSS,3.401346305196007e-05,-3.139704281719391e-05,3.401346305196007e-05,-4.44791439910247e-05,7.849260704298477e-06
31,0,Backdoor,-0.008770722770708126,0.026993315908147734,0.0016823448786113804,-0.006917829627367163,-0.02094670362720401
31,0,DDoS_HTTP,0.00315113295913942,0.0024609622954851456,0.004014130553443484,-0.009025538389417437,-0.017451698952021765
31,0,DDoS_ICMP,0.0001852519293971085,0.0001517112553522067,0.00016706294784341603,0.00016833844882185495,-0.0006723645814145862
31,0,DDoS_TCP,0.000898889995048141,0.000898889995048141,-0.003007005831471223,0.00045775358376743774,0.0007514722576075031
31,0,DDoS_UDP,0.0,0.0,0.0,0.0,0.0
31,0,Fingerprinting,0.09848908796243565,0.06263685683156671,0.23093550665195575,0.0981267691218559,-0.4901882205678139
31,0,MITM,0.0,0.0,0.0,0.0,0.0
31,0,Normal,4.962939210967354e-06,0.00016846961236557194,1.2406167763057142e-05,-5.166542499919769e-05,-0.000198495566425592
31,0,Password,0.003503109931660281,-0.02391260421130614,0.006417585341939591,0.02074763898888945,0.0026596779585099646
31,0,Port_Scanning,-0.00687110269160944,-0.00687110269160944,0.03154945141684427,-0.008903623016812693,-0.008903623016812693
31,0,Ransomware,-0.009485202556904632,0.005268748684889644,0.0012173010493712149,-0.012772324476699045,-0.00272932014882298
31,0,SQL_injection,0.0061245383829655105,-0.0006664451911004167,-0.001620834552157661,-0.00172910291450871,-0.0021081557251987227
31,0,Uploading,-0.019712910495250806,0.031087089362641,-0.011499247453303552,-0.007341750277100514,-0.017213486791197673
31,0,Vulnerability_scanner,-0.013833564847426755,0.004762410730192545,0.0010199080190959665,0.0054412579995301545,-0.011321325779562281
31,0,XSS,0.0,0.0,0.0,0.0,0.0
31,1,Backdoor,-0.005135671702611399,0.02973517295778635,-0.0014858396090257778,-0.010365944363777562,-0.007347947589551638
31,1,DDoS_HTTP,0.001578197250737808,0.0022053737520977734,0.002168987554024193,-0.002232433128325163,-0.006157486258240357
31,1,DDoS_ICMP,-6.0775270334510284e-05,0.0001270553614788043,0.0003263075933079544,0.0003589322140962174,-0.0007515198985484657
31,1,DDoS_TCP,0.0008172933824091511,0.0006112814700732994,-0.002204333133331086,0.0003364711278807516,0.000439287152967884
31,1,DDoS_UDP,5.0374988705159664e-05,-0.00017356404927563185,-6.15945302852361e-05,-6.15945302852361e-05,0.0002463781211409444
31,1,Fingerprinting,0.01656803612922706,-0.02426288818624979,0.1719431782991382,0.0512758944187417,-0.21552422066085727
31,1,MITM,0.0,0.0,0.0,0.0,0.0
31,1,Normal,-2.6364008439339058e-05,0.00015717465594088006,1.7689006698253425e-05,-7.878641764440345e-05,-6.971323655539097e-05
31,1,Password,0.004104167942700552,-0.028277700449464746,0.011760656586612562,0.03127558700969705,0.007219907426868815
31,1,Port_Scanning,-0.00220504811355282,-0.004209056129584885,0.018152269623157406,-0.005869082690009851,-0.005869082690009851
31,1,Ransomware,-0.003955473098330212,0.001564007421150267,-0.0012096474953617801,-0.0016734693877550999,-0.0002912801484230121
31,1,SQL_injection,0.004620872686344239,-0.0007653314375425329,-0.001244913583791346,-0.0013612734741625338,-0.0012493541908478267
31,1,Uploading,-0.008426716817002636,0.02169429365302297,-0.0055576006380140845,-0.00428027486570596,-0.0059844907930242585
31,1,Vulnerability_scanner,-0.010122519582676747,0.00362151902948159,0.0004675550169420469,0.004879442081635986,-0.007840118552197805
31,1,XSS,0.0,0.0,0.0,0.0,0.0
31,2,Backdoor,-0.011515069056015109,0.04302155855587692,0.00013989353407814302,-0.016381278462378333,-0.011769554469421862
31,2,DDoS_HTTP,0.0021459735448389724,0.005835744518532475,0.008159172324345244,-0.010943716932480693,-0.017143794062642513
31,2,DDoS_ICMP,-1.6807098230287033e-05,0.00019924855490230004,-0.0004516703030478464,4.0282203017531305e-06,0.0002652006260740802
31,2,DDoS_TCP,0.001498494311465265,0.0013577313952730893,-0.0033763296829208552,0.0004701947207370013,0.0011702551667198005
31,2,DDoS_UDP,0.0,0.0,0.0,0.0,0.0
31,2,Fingerprinting,0.02319872393401805,-0.009938318761848175,0.1551191183544125,0.08997750615397676,-0.25835702968055896
31,2,MITM,0.0,0.0,0.0,0.0,0.0
31,2,Normal,2.486090539468022e-05,0.0003156585656560259,7.434622262323572e-05,-0.00010710352441608377,-0.00023452306483127684
31,2,Password,0.00404823651116983,-0.027551170220274906,0.010111205650873745,0.02552376922926279,0.0029255137444555695
31,2,Port_Scanning,0.0014938596491228067,-0.0037692982456140355,0.016758479532163743,-0.007241520467836259,-0.007241520467836259
31,2,Ransomware,-0.005147861659068934,0.006415464020415548,0.002422536728733343,-0.009255274453551397,-0.001518988608698065
31,2,SQL_injection,0.006671472884071311,-0.0020712268920930342,-0.0020712268920930342,-0.0020712268920930342,-0.00045779220779220835
31,2,Uploading,-0.008076231890345103,0.01158368829241343,-0.0037102246919354163,-0.001210711677976023,-0.008042694196596862
31,2,Vulnerability_scanner,-0.014565757839367414,0.007029317540074962,0.0012806287520133167,0.007437793423331783,-0.011906366916779794
31,2,XSS,5.697851096158127e-05,-5.381303813038231e-05,4.115114680558647e-05,-5.381303813038231e-05,9.496418493596878e-06
31,3,Backdoor,-0.0038066579162689537,0.036056719561395605,0.005591821280928061,-0.02069048905282607,-0.006288607479060399
31,3,DDoS_HTTP,0.003227105622290245,0.005293983706372745,0.006471131924605231,-0.005910260913183396,-0.01491075623160363
31,3,DDoS_ICMP,0.00018241108493063373,0.00020240108320748184,0.00013900602394371816,6.358809911542288e-06,-0.000530177001993376
31,3,DDoS_TCP,0.0013740405980004033,0.0011758978822302812,-0.004344075269132846,0.0011993863721339148,0.001400574973211316
31,3,DDoS_UDP,0.0,0.0,0.0,0.0,0.0
31,3,Fingerprinting,0.05576957959630594,0.03307035728551074,0.16728438423611053,0.07010772511092205,-0.3262320462288493
31,3,MITM,0.0,0.0,0.0,0.0,0.0
31,3,Normal,-5.763548787361776e-05,0.00034412636422070377,5.924817639762492e-05,-0.00016266197152447665,-0.00020534983823672915
31,3,Password,0.009887597433801278,-0.018826871055212944,0.010734754840098162,0.01883954717300853,0.003919179640029866
31,3,Port_Scanning,-0.002967425256581884,-0.004819277108433735,0.018659824483117662,-0.00543656105905102,-0.00543656105905102
31,3,Ransomware,-0.00458970555944437,0.0043311732443592765,0.0028241558936509072,-0.004583634654573797,-0.0051770061061225765
31,3,SQL_injection,0.006070265210850114,-0.0012081328414231074,-0.002132444651120143,-0.002132444651120143,-0.0005972430671867206
31,3,Uploading,-0.013794913951217347,0.01946669305300379,-0.0064405274831882825,-0.00566537176216185,-0.01250450819040296
31,3,Vulnerability_scanner,-0.011298774785526888,0.004464385359482911,0.0007457762711878517,0.004829078593242653,-0.010120918364468445
31,3,XSS,0.0,0.0,0.0,0.0,0.0
31,4,Backdoor,-0.010489224175226656,0.03687632762644763,-0.0016645828233208982,-0.011175842219509215,-0.009688866338950155
31,4,DDoS_HTTP,0.003470779779261949,-0.0005331788974992832,0.0007714526672355828,-0.0077826905875777435,-0.002804669839727376
31,4,DDoS_ICMP,7.633854907672285e-05,0.00024350604729549973,-0.0004893013869645561,0.0001809976221625172,-1.1540831570183708e-05
31,4,DDoS_TCP,0.0006415200936366531,0.0009255353394271322,-0.0015410755803240675,-0.00024306698159185698,0.0009536887111496306
31,4,DDoS_UDP,0.0,0.0,0.0,0.0,0.0
31,4,Fingerprinting,0.015582586020594561,-0.027264019706335695,0.1869947827675697,0.13094007202770164,-0.3062534211095299
31,4,MITM,0.0,0.0,0.0,0.0,0.0
31,4,Normal,-0.00012163492978248072,0.00038221223724174875,-3.0340515668495864e-05,-0.00014182253794315554,-3.954078725262692e-05
31,4,Password,0.009172315556569801,-0.019037777857450682,0.0017071783925450992,0.026303042062936058,0.01106462670344388
31,4,Port_Scanning,-0.0032510207542493386,-0.004700296116568179,0.024927666679711455,-0.008488174904446968,-0.008488174904446968
31,4,Ransomware,-0.0032563596217139814,0.0018953297504478717,0.001041269841269843,-0.004110419530892011,-0.0006941798941798952
31,4,SQL_injection,0.009669874889413161,-0.001578643390093538,-0.002776756851325603,-0.0022243951279193224,-0.0012898587382807164
31,4,Uploading,-0.015299032841057925,0.02737410810705736,-0.010954529863341314,-0.0034549683937253944,-0.009795325548640267
31,4,Vulnerability_scanner,-0.004908650079259056,0.0012272536203495814,0.0005586013671766902,0.0018483571920231904,-0.004370222236015361
31,4,XSS,0.00017419706042460446,-0.00016451944595657087,0.00012580898808443655,-0.00016451944595657087,2.9032843404100742e-05
31,Aggregated,Backdoor,-0.007746048843992015,0.03475174709618675,0.000983307000258149,-0.013594183482996534,-0.010609372781945143
31,Aggregated,DDoS_HTTP,0.0025862022495706663,0.00423947689000936,0.005638858018070552,-0.007493037178316175,-0.014152180312907396
31,Aggregated,DDoS_ICMP,8.287743117732135e-05,0.0001886304997900064,-8.335161551145109e-05,0.00014221694691115744,-0.00033037326236703415
31,Aggregated,DDoS_TCP,0.001036582666691201,0.0009843144285922127,-0.0028646043813003084,0.0004328448671422254,0.0009361414733723983
31,Aggregated,DDoS_UDP,9.655200602648462e-06,-3.32586445042952e-05,-1.180172195082337e-05,-1.180172195082337e-05,4.720688780329348e-05
31,Aggregated,Fingerprinting,0.03786623151290931,0.005525342329883627,0.17821199049475134,0.08146619032014076,-0.30306975465768515
31,Aggregated,MITM,0.0,0.0,0.0,0.0,0.0
31,Aggregated,Normal,-3.415587573460573e-05,0.0002722399705053391,2.733095181313705e-05,-0.00010801240366023665,-0.0001505265987258327
31,Aggregated,Password,0.005521932253450994,-0.024482382015506978,0.008424530924384267,0.02516315363909389,0.005311193007972028
31,Aggregated,Port_Scanning,-0.0028661616865457416,-0.004805398919900622,0.021763792505146453,-0.007046115949350046,-0.007046115949350046
31,Aggregated,Ransomware,-0.005385390941485879,0.004726547589168156,0.0017303791273202973,-0.007355503101065836,-0.0021921537092995103
31,Aggregated,SQL_injection,0.007013618389565603,-0.0012295992304328202,-0.002049591688162983,-0.0019175320517536973,-0.001236777965030172
31,Aggregated,Uploading,-0.013138206282555508,0.021952612216815215,-0.0075590041653622285,-0.004408318820036886,-0.010981788652222258
31,Aggregated,Vulnerability_scanner,-0.009857188325667348,0.0036898667587490514,0.0007603167090002787,0.004379536117181635,-0.008235430966052011
31,Aggregated,XSS,4.709556422579087e-05,-4.44791439910247e-05,3.401346305196007e-05,-4.44791439910247e-05,7.849260704298477e-06
31,Centralized,Backdoor,-0.007746048843992015,0.03475174709618675,0.000983307000258149,-0.013594183482996534,-0.010609372781945143
31,Centralized,DDoS_HTTP,0.0025862022495706663,0.00423947689000936,0.005638858018070552,-0.007493037178316175,-0.014152180312907396
31,Centralized,DDoS_ICMP,8.287743117732135e-05,0.0001886304997900064,-8.335161551145109e-05,0.00014221694691115744,-0.00033037326236703415
31,Centralized,DDoS_TCP,0.001036582666691201,0.0009843144285922127,-0.0028646043813003084,0.0004328448671422254,0.0009361414733723983
31,Centralized,DDoS_UDP,9.655200602648462e-06,-3.32586445042952e-05,-1.180172195082337e-05,-1.180172195082337e-05,4.720688780329348e-05
31,Centralized,Fingerprinting,0.03786623151290931,0.005525342329883627,0.17821199049475134,0.08146619032014076,-0.30306975465768515
31,Centralized,MITM,0.0,0.0,0.0,0.0,0.0
31,Centralized,Normal,-3.415587573460573e-05,0.0002722399705053391,2.733095181313705e-05,-0.00010801240366023665,-0.0001505265987258327
31,Centralized,Password,0.005521932253450994,-0.024482382015506978,0.008424530924384267,0.02516315363909389,0.005311193007972028
31,Centralized,Port_Scanning,-0.0028661616865457416,-0.004805398919900622,0.021763792505146453,-0.007046115949350046,-0.007046115949350046
31,Centralized,Ransomware,-0.005385390941485879,0.004726547589168156,0.0017303791273202973,-0.007355503101065836,-0.0021921537092995103
31,Centralized,SQL_injection,0.007013618389565603,-0.0012295992304328202,-0.002049591688162983,-0.0019175320517536973,-0.001236777965030172
31,Centralized,Uploading,-0.013138206282555508,0.021952612216815215,-0.0075590041653622285,-0.004408318820036886,-0.010981788652222258
31,Centralized,Vulnerability_scanner,-0.009857188325667348,0.0036898667587490514,0.0007603167090002787,0.004379536117181635,-0.008235430966052011
31,Centralized,XSS,4.709556422579087e-05,-4.44791439910247e-05,3.401346305196007e-05,-4.44791439910247e-05,7.849260704298477e-06
32,0,Backdoor,-0.021346424153409867,0.016152574324572077,0.0049647994774089784,0.0019223723485063257,0.004952018311506568
32,0,DDoS_HTTP,-0.010713086934740967,0.008708874765716863,0.013320488340134558,0.006490375494484923,-0.013014108862197457
32,0,DDoS_ICMP,0.0004243805424433126,-0.000151817288161236,0.00030669505129784873,0.0003073151136198179,-0.00048318574602214116
32,0,DDoS_TCP,0.0320752992501965,0.023305636135134915,-0.1412313406566655,0.044951719522547354,0.0462300499126065
32,0,DDoS_UDP,2.9069767441858295e-05,2.9069767441858295e-05,2.9069767441858295e-05,2.9069767441858295e-05,-0.00011627906976743318
32,0,Fingerprinting,0.2620302638488124,0.2510026127484734,0.16596087430116235,0.08218411240823409,-0.42784452997334915
32,0,MITM,0.025,0.025,0.025,0.025,-0.1
32,0,Normal,-0.00025522293478820365,5.5422571088977376e-05,8.020143564376007e-05,6.92708890704626e-05,2.586480279623826e-05
32,0,Password,-0.002127989896669191,-0.020507250988074596,0.024112932379053667,0.012868777546961042,-0.008522169873509188
32,0,Port_Scanning,0.03931056895652538,0.11902784326087265,0.19276236696398225,-0.2208633465783626,-0.058808861174446385
32,0,Ransomware,-0.001755391634921292,0.012548727243091504,0.006760677562286778,-0.006785777706189494,-0.010768235464267499
32,0,SQL_injection,0.01572145751617781,0.011333144510398789,-0.02554733338833651,9.199627459170653e-05,0.003596098323137284
32,0,Uploading,0.016412645584753152,0.009535972014705246,-0.00876316463415974,0.011331528450488619,-0.030478764855277726
32,0,Vulnerability_scanner,0.013211649249097708,-0.004984976792654637,-0.0011198047721087659,0.010080152890229318,-0.009178222521392932
32,0,XSS,0.0,0.0,0.0,0.0,0.0
32,1,Backdoor,-0.015232802480914428,0.01722327351681744,0.0002450055312001154,-0.008627822468078934,0.004945145378116292
32,1,DDoS_HTTP,-0.0038635073457620583,0.003887982964341884,0.006425238407662683,0.002348123317269424,-0.006360476513806185
32,1,DDoS_ICMP,0.0002747663854038407,-4.303716803906732e-05,0.0007413053893233323,-9.402425745638579e-05,-0.0008790103492317199
32,1,DDoS_TCP,0.029446250728124616,0.020743672881749404,-0.11465089080443384,0.030379121167841902,0.039474683588075474
32,1,DDoS_UDP,0.00023522646265485835,-1.670495507353209e-05,1.1287424674066848e-05,-1.670495507353209e-05,0.00012280457978932623
32,1,Fingerprinting,0.10033690515508016,0.16469529261329763,0.13008375045070592,-0.06394851501017355,-0.26665130417665167
32,1,MITM,0.03333333333333333,0.03333333333333333,0.03333333333333333,0.03333333333333333,-0.13333333333333333
32,1,Normal,-0.00017658215563738736,-5.567371736427222e-05,0.0001234947477695832,5.7288432639542496e-06,3.7720366422303955e-05
32,1,Password,-0.003916555440665217,-0.023916087365372995,0.03098665637146069,0.016014632001360354,-0.011123235757980608
32,1,Port_Scanning,0.0335394068851471,0.08880531874539419,0.22195303626669874,-0.22828769423303472,-0.06502967550734275
32,1,Ransomware,0.004300217524121777,0.004758668847234737,0.005222490739628057,-0.003470633674854166,-0.005244880727410567
32,1,SQL_injection,0.011338952503709912,0.008961610166075688,-0.017748305778728546,-0.0012717780088756703,0.0016014477285588016
32,1,Uploading,0.01020985332616037,0.002513001901757217,-0.0007224903782954577,0.0036195787491190585,-0.01799422728942434
32,1,Vulnerability_scanner,0.008136697132254251,-0.0029745853456424626,0.0012967080209923339,0.005858413147412393,-0.005988268532981836
32,1,XSS,0.0,0.0,0.0,0.0,0.0
32,2,Backdoor,-0.0231748899594845,0.04133214575906085,-0.0029211644905294027,-0.01643534956107762,0.0084271382201017
32,2,DDoS_HTTP,-0.012004004670793522,0.008071934321383818,0.0132383413971573,0.002336963251139661,-0.014333009306741754
32,2,DDoS_ICMP,8.672145581904803e-05,-0.0006516227910991064,0.00012901739883356412,0.00030310078231614394,0.000390714028122302
32,2,DDoS_TCP,0.03272526347210257,0.019569311199281732,-0.16381350607144357,0.05798208245788016,0.05409814749652152
32,2,DDoS_UDP,5.268703898840821e-05,5.268703898840821e-05,5.268703898840821e-05,5.268703898840821e-05,-0.00021074815595363284
32,2,Fingerprinting,0.09387934505581565,0.1740353002117708,0.17433965272200566,0.03458866297101592,-0.22684296096060783
32,2,MITM,0.029999999999999995,0.029999999999999995,0.029999999999999995,0.029999999999999995,-0.11999999999999998
32,2,Normal,-0.00040271109290321294,6.428115229233551e-05,0.00012321298264031388,4.398295085172865e-05,-2.6968925360572788e-05
32,2,Password,-0.002945971326196155,-0.02545318655407218,0.02442719567924338,0.014412566036969486,-0.0034939025034778195
32,2,Port_Scanning,0.030815707558860952,0.07832672165688097,0.13869348278454824,-0.20121926930561923,-0.0360346321126603
32,2,Ransomware,0.0012796841611054063,0.007288605219013752,0.004860136086024838,-0.004017269980127686,-0.005892093902438689
32,2,SQL_injection,0.016034124690979413,0.011508608335280427,-0.025233017647032917,-0.0032825305882149647,0.0009728152089880445
32,2,Uploading,0.009447829864136432,0.002213393112893203,-0.004973360072525349,0.006323581565639119,-0.01638982284852176
32,2,Vulnerability_scanner,0.009635305663839178,-0.008014033522956878,0.001721352112562328,0.012007518877729276,-0.011596680217281462
32,2,XSS,9.496418493596878e-05,-6.330945662397919e-05,3.1654728311989594e-05,-6.330945662397919e-05,0.0
32,3,Backdoor,-0.019517464026471268,0.029142375339130853,-0.002328451753903447,-0.01572459074630443,0.00626943392325268
32,3,DDoS_HTTP,-0.010422034336872306,0.006879430751796862,0.011575954904191015,0.002353202091675772,-0.014787831394833428
32,3,DDoS_ICMP,0.00032435376927577214,8.24358447365503e-06,0.0007520194355000546,9.448215686067019e-05,-0.0002510317337763024
32,3,DDoS_TCP,0.029550206248321203,0.018559030947456968,-0.1486335763925271,0.05267808051075677,0.04942023977875433
32,3,DDoS_UDP,1.4306151645204767e-05,1.4306151645204767e-05,1.4306151645204767e-05,1.4306151645204767e-05,-5.722460658081907e-05
32,3,Fingerprinting,0.15828351221857093,0.21669326338694267,0.2020157982829805,-0.0018467088029149167,-0.24181253175224632
32,3,MITM,0.007142857142857145,0.007142857142857145,0.007142857142857145,0.007142857142857145,-0.02857142857142858
32,3,Normal,-0.0003855697807273998,0.00017480613960024944,6.968466910929338e-05,-6.057780716703191e-05,2.3512300991357372e-05
32,3,Password,0.0001973064903096904,-0.020092118427056892,0.02384813656626892,0.009383069827662604,-0.010131482053634708
32,3,Port_Scanning,0.027291526960174603,0.0595513906529533,0.15651441227795823,-0.18154341971388835,-0.039755086647786014
32,3,Ransomware,0.0011524594460725402,0.0062961212990359835,0.0053843645334366915,0.000574990002858818,-0.006212918099273475
32,3,SQL_injection,0.015595024458927754,0.011330241727678428,-0.024832076359174327,-0.0027013747753582,0.004310368431359067
32,3,Uploading,0.014008089252207812,0.006253283636874054,-0.005999269288262132,0.004337684076225685,-0.01859978767704542
32,3,Vulnerability_scanner,0.010143055280359104,-0.006650955953582679,-0.00025269493261754393,0.009405029696800498,-0.009513683873287205
32,3,XSS,0.0,0.0,0.0,0.0,0.0
32,4,Backdoor,-0.019313319725028467,0.033297286031998795,-0.0067606346833183435,-0.011930151524928287,0.00852444642832679
32,4,DDoS_HTTP,-0.0016537215846287275,0.009489346917803457,0.01304024664515649,0.00075440181214185,-0.0025826547428540454
32,4,DDoS_ICMP,0.00039688025318396957,-0.0006547959896769761,0.0001081701040812233,0.000202232441440231,0.00012824631824550996
32,4,DDoS_TCP,0.031799629112126256,0.020903930867831107,-0.1415039100637681,0.04480414984831888,0.047229816627002964
32,4,DDoS_UDP,-3.607469584080425e-05,-3.607469584080425e-05,-3.607469584080425e-05,-3.607469584080425e-05,0.000144298783363217
32,4,Fingerprinting,0.14735190178450203,0.19369246229651466,0.16065761411691082,-0.08097870156363272,-0.2873899433009615
32,4,MITM,-0.002314814814814814,-0.002314814814814814,-0.002314814814814814,-0.002314814814814814,0.009259259259259255
32,4,Normal,-0.00020462558550109848,0.00028887563565164386,2.1610889870005145e-05,-0.00015390984133742587,5.0580710259815846e-05
32,4,Password,-0.0009713365347656433,-0.025733999187882984,0.028146783392614064,0.012938312367509091,-0.012033576236851501
32,4,Port_Scanning,0.03266578236449712,0.09404257720838011,0.1879091475859328,-0.23015948486299914,-0.05580472716687091
32,4,Ransomware,0.002285466660417468,0.005011049139690889,0.007160024007415761,-0.0022764305503478726,-0.001849400595758858
32,4,SQL_injection,0.018561396958862143,0.015773816561001717,-0.02531512195301807,-0.0049204620487009335,0.0029169269285508697
32,4,Uploading,0.015494164838955623,0.008994649595287089,-0.009706550300216192,0.012668872816387832,-0.02880814249152028
32,4,Vulnerability_scanner,0.006819472744241843,-0.0004495600352109182,-0.000934102907970676,0.001410835354312843,-0.003405969061987039
32,4,XSS,0.0002903284340410074,-0.00019355228936067162,9.677614468033581e-05,-0.00019355228936067162,0.0
32,Aggregated,Backdoor,-0.01960044800304337,0.027822309812982792,-0.0017163626244817967,-0.01081309148408423,0.006678078954827491
32,Aggregated,DDoS_HTTP,-0.009558269579499,0.007139781394271307,0.011541396520890127,0.003044412540997289,-0.012463432555171235
32,Aggregated,DDoS_ICMP,0.000315351754543632,-0.00031507884054381613,0.0003825337859699185,0.00017460122467372052,-0.00019814995670722202
32,Aggregated,DDoS_TCP,0.03121154177847184,0.02079704305052526,-0.14143531507728618,0.04561234917495451,0.04714885001721504
32,Aggregated,DDoS_UDP,5.7977684124088655e-05,9.699608378777037e-06,1.5063839017144993e-05,9.699608378777037e-06,-2.806997223837223e-05
32,Aggregated,Fingerprinting,0.1476695489845155,0.1935639107914155,0.16158803394767732,-0.019011576454485143,-0.28380991726912325
32,Aggregated,MITM,0.004561403508771933,0.004561403508771933,0.004561403508771933,0.004561403508771933,-0.01824561403508773
32,Aggregated,Normal,-0.0002856899327877231,0.0001031916624483024,8.447930879138903e-05,-1.7538549872279468e-05,2.177271784395418e-05
32,Aggregated,Password,-0.002284144038453448,-0.023520588058820343,0.026383639027474988,0.013601653269931322,-0.008457256848616484
32,Aggregated,Port_Scanning,0.03349433887387294,0.08915672299096719,0.18431209930988846,-0.2147456827510605,-0.052777274861327064
32,Aggregated,Ransomware,0.0014788414983651207,0.007316853241110962,0.005732339791247084,-0.003328445271383499,-0.006284721785230481
32,Aggregated,SQL_injection,0.015779826932324152,0.012310408406500484,-0.02371954406994054,-0.002622600587513693,0.0027378252997174862
32,Aggregated,Uploading,0.013147537761568212,0.005877537053197278,-0.006096494249212077,0.007499911523977227,-0.02223715520203835
32,Aggregated,Vulnerability_scanner,0.008998686037950503,-0.0038638389350531804,3.504926739041718e-05,0.006586586522490734,-0.007098322878153538
32,Aggregated,XSS,7.849260704298477e-05,-5.232840469532318e-05,2.616420234766159e-05,-5.232840469532318e-05,0.0
32,Centralized,Backdoor,-0.01960044800304337,0.027822309812982792,-0.0017163626244817967,-0.01081309148408423,0.006678078954827491
32,Centralized,DDoS_HTTP,-0.009558269579499,0.007139781394271307,0.011541396520890127,0.003044412540997289,-0.012463432555171235
32,Centralized,DDoS_ICMP,0.000315351754543632,-0.00031507884054381613,0.0003825337859699185,0.00017460122467372052,-0.00019814995670722202
32,Centralized,DDoS_TCP,0.03121154177847184,0.02079704305052526,-0.14143531507728618,0.04561234917495451,0.04714885001721504
32,Centralized,DDoS_UDP,5.7977684124088655e-05,9.699608378777037e-06,1.5063839017144993e-05,9.699608378777037e-06,-2.806997223837223e-05
32,Centralized,Fingerprinting,0.1476695489845155,0.1935639107914155,0.16158803394767732,-0.019011576454485143,-0.28380991726912325
32,Centralized,MITM,0.004561403508771933,0.004561403508771933,0.004561403508771933,0.004561403508771933,-0.01824561403508773
32,Centralized,Normal,-0.0002856899327877231,0.0001031916624483024,8.447930879138903e-05,-1.7538549872279468e-05,2.177271784395418e-05
32,Centralized,Password,-0.002284144038453448,-0.023520588058820343,0.026383639027474988,0.013601653269931322,-0.008457256848616484
32,Centralized,Port_Scanning,0.03349433887387294,0.08915672299096719,0.18431209930988846,-0.2147456827510605,-0.052777274861327064
32,Centralized,Ransomware,0.0014788414983651207,0.007316853241110962,0.005732339791247084,-0.003328445271383499,-0.006284721785230481
32,Centralized,SQL_injection,0.015779826932324152,0.012310408406500484,-0.02371954406994054,-0.002622600587513693,0.0027378252997174862
32,Centralized,Uploading,0.013147537761568212,0.005877537053197278,-0.006096494249212077,0.007499911523977227,-0.02223715520203835
32,Centralized,Vulnerability_scanner,0.008998686037950503,-0.0038638389350531804,3.504926739041718e-05,0.006586586522490734,-0.007098322878153538
32,Centralized,XSS,7.849260704298477e-05,-5.232840469532318e-05,2.616420234766159e-05,-5.232840469532318e-05,0.0
33,0,Backdoor,0.00036990720115247694,0.043941464672102026,0.027811797530501826,-0.054268767393538815,0.04240172604252078
33,0,DDoS_HTTP,0.012261151129536801,-0.016363016875440374,0.005526315701972092,0.017353817917897356,-0.008351409496793446
33,0,DDoS_ICMP,-3.366864989674534e-05,-0.00018494242217165409,0.00021870350954993344,-1.685064156529692e-05,-0.0003866294690938391
33,0,DDoS_TCP,0.005974057046652925,-0.0026545456442796027,-0.018957437817584143,0.010944065614286715,0.007086960151427132
33,0,DDoS_UDP,0.0,0.0,0.0,0.0,0.0
33,0,Fingerprinting,-0.013995726495726496,-0.13773310023310023,0.12863247863247862,-0.0033119658119658115,-0.3069250194250193
33,0,MITM,0.0,0.0,0.0,0.0,0.0
33,0,Normal,0.00013128523988876575,0.0001173790889905842,0.00023946975608151363,-0.0003123145704659695,0.0004260472674447365
33,0,Password,-0.004854368098814829,-0.016447760637501318,0.007817453699143505,0.00785320994788471,0.011138581560387422
33,0,Port_Scanning,0.00559249248864336,-0.2183045797018527,0.22581068288232628,-0.0012438628482413755,0.018279195750553017
33,0,Ransomware,0.009729135405103454,-0.004273700126547705,0.006914511525934173,-0.002631949062960535,-0.000652784708947914
33,0,SQL_injection,0.00620995420516646,0.007377898128442985,-0.006647258437650975,-0.009003568303313622,-0.00026250494853092274
33,0,Uploading,0.026507771230823002,2.816356683373091e-05,-0.012337823538935864,5.861390679507833e-05,0.0010366502288057804
33,0,Vulnerability_scanner,0.012499654147008725,-0.00956478802649567,0.006147845619754801,-0.004817371840425074,-0.003529583206543485
33,0,XSS,0.0,0.0,0.0,0.0,0.0
33,1,Backdoor,0.0030858431652053707,0.036481751566071814,0.02670901146672061,-0.056739295099221126,0.04246226809538009
33,1,DDoS_HTTP,0.0036574036283942447,-0.005971407086690562,0.0029503654325308245,0.003506596464405054,-0.0017132985910182253
33,1,DDoS_ICMP,-0.0001439631890829851,-7.439834981230094e-05,0.0003438226894654154,0.00011138947735313913,-0.0005153179176487388
33,1,DDoS_TCP,0.003355455024013221,-0.012164623504630762,0.002563489917404151,0.007365562020326821,0.003935853173704388
33,1,DDoS_UDP,5.0374988705159664e-05,-0.00011757928978043398,-0.00011757928978043398,-0.00011757928978043398,0.00030236288063614227
33,1,Fingerprinting,-0.022328000115002015,-0.03812101086769018,0.05164704444827784,0.003912224713932494,-0.05962638721177618
33,1,MITM,0.0,0.0,0.0,0.0,0.0
33,1,Normal,0.00016253547550448093,3.9769678151596596e-05,0.00018113935054140013,-0.0003519183297352439,0.00044763677824598925
33,1,Password,-0.009716917487165026,-0.0195340361618631,0.00927851401637918,0.008903067123602261,0.009262707409062047
33,1,Port_Scanning,0.005987661008011632,-0.21254107205784006,0.25291674353617183,-0.012021251342157506,0.010462967311978107
33,1,Ransomware,0.0025120331958561615,-0.004483850542140594,0.0011056336114083447,-0.0007403775203170629,-0.003959301453526687
33,1,SQL_injection,0.004603266304645955,0.004839709984121978,-0.006466344547149066,-0.006644002121155793,0.0007854437687967351
33,1,Uploading,0.012972266369896976,0.0031788435965367564,-0.006529276306353693,0.0005664431411387667,0.001294733274247783
33,1,Vulnerability_scanner,0.0075393759568614495,-0.006277441866348486,0.004410978556567082,-0.0035543129830631144,-0.0031800074008376607
33,1,XSS,0.0,0.0,0.0,0.0,0.0
33,2,Backdoor,-0.004076374849162951,0.07449839787202638,0.04487613028767633,-0.09186997803946698,0.05647732894214166
33,2,DDoS_HTTP,0.011584197347458325,-0.015957772862577317,0.0049562784256388685,0.02177886127523259,-0.006365987277340947
33,2,DDoS_ICMP,-7.738592707805525e-05,-0.00012037440607671386,7.310707381959862e-05,-1.2903208580067326e-05,-0.00012037440607671386
33,2,DDoS_TCP,0.0072063585569592525,0.006549851777286776,-0.028462964521683138,0.011992603638623877,0.007231753458914515
33,2,DDoS_UDP,0.0,0.0,0.0,0.0,0.0
33,2,Fingerprinting,-0.07222222222222222,-0.11388888888888889,0.05972222222222222,-0.00972222222222222,-0.11388888888888889
33,2,MITM,0.0,0.0,0.0,0.0,0.0
33,2,Normal,0.0001822648912272832,0.00020119155717143733,0.00040304512706753243,-0.00032889856903290754,0.0005452208568254383
33,2,Password,-0.007796957513011583,-0.020637868872045165,0.009442279495443242,0.011122698178263947,0.0076605363362617605
33,2,Port_Scanning,0.016840881820520338,-0.18711596135249156,0.2158204364744106,0.012713238454652,0.022529952396532642
33,2,Ransomware,0.0025699448265948535,-0.00539403944400837,0.002293273858105595,-0.0013649108263493323,-0.005097275407349725
33,2,SQL_injection,0.008819922487812529,0.007367654436024902,-0.005230583299580445,-0.009246103177889485,-0.001710890446367501
33,2,Uploading,0.0191628466408558,-0.0035148841088166838,-0.006012911590708516,0.0019258292609759156,0.0010881324467061123
33,2,Vulnerability_scanner,0.011521469365583927,-0.011859702638038344,0.007283459297630529,-0.0031958782184687506,-0.0037493478067073577
33,2,XSS,5.697851096158127e-05,-5.381303813038231e-05,4.115114680558647e-05,-5.381303813038231e-05,9.496418493596878e-06
33,3,Backdoor,-0.0044892001949806935,0.06157607218866084,0.035846059527079414,-0.07344006862557063,0.0502386106104704
33,3,DDoS_HTTP,0.010327982592393672,-0.014160391296561606,0.004669876859875202,0.017033599477489385,-0.006190807291843971
33,3,DDoS_ICMP,-0.0001663443894872126,-0.0003789859815199822,0.00014315535158838656,-1.1648532865114285e-05,-0.0005142436600499271
33,3,DDoS_TCP,0.007644976733701003,0.0046770570269469,-0.02642360867458599,0.011896304595018236,0.005902458905820787
33,3,DDoS_UDP,0.0,0.0,0.0,0.0,0.0
33,3,Fingerprinting,-0.05510697032436163,-0.134472049689441,0.04648033126293997,-0.0009285400589748397,-0.18930610452349578
33,3,MITM,0.0,0.0,0.0,0.0,0.0
33,3,Normal,0.00011271698196431885,0.00041426668663147964,0.0003884083691145235,-0.0005643545887229947,0.0006518949645089219
33,3,Password,-0.005333642857852651,-0.02115766739523606,0.003916102519428192,0.011879732478063043,0.011215058155945071
33,3,Port_Scanning,0.013141969111112938,-0.17452099990218015,0.20476763598896727,0.0010450005471076551,0.005192158539200561
33,3,Ransomware,0.002279690393658658,-0.003512046026624975,0.0028758488399785046,0.0015516240279515462,-0.0031951172349637346
33,3,SQL_injection,0.007338449970375342,0.006358230309637083,-0.004052928239495695,-0.009495070079730255,-0.00014868196078646293
33,3,Uploading,0.018668009759228017,0.0005732219161263235,-0.007972810221630579,-0.0008882876380483777,-0.0007364390205259687
33,3,Vulnerability_scanner,0.009850552575027254,-0.009576143962819424,0.006212244257229125,-0.0033831579641983465,-0.0024745557746505813
33,3,XSS,0.0,0.0,0.0,0.0,0.0
33,4,Backdoor,-0.009462132335715058,0.0657700020041505,0.037794936723828984,-0.07896723382734254,0.0473644274350781
33,4,DDoS_HTTP,-0.0003154056620224286,-0.0003211927987133138,-0.0009317156241267693,-0.024427893683142358,0.006948588720385824
33,4,DDoS_ICMP,-4.217106303059011e-05,-5.7232156970086584e-05,1.8073312727395762e-05,-4.217106303059011e-05,-5.7232156970086584e-05
33,4,DDoS_TCP,0.005543718404139771,-0.0020866058523497746,-0.014549003145680852,0.010135621916644013,0.006092965228695503
33,4,DDoS_UDP,0.0,0.0,0.0,0.0,0.0
33,4,Fingerprinting,-0.03111111111111111,-0.042222222222222223,0.013333333333333334,-0.03111111111111111,-0.042222222222222223
33,4,MITM,0.0,0.0,0.0,0.0,0.0
33,4,Normal,-7.67809506680243e-06,0.0005701415115832591,0.0003369290191306884,-0.0008474819006519474,0.0005715814092359716
33,4,Password,-0.008132603891715226,-0.018689651277435416,0.00403571293592336,0.010635313766222182,0.011377249635326154
33,4,Port_Scanning,0.014876627258170103,-0.21354730293793225,0.24379356957947534,0.002128741732226494,0.018277894723885104
33,4,Ransomware,0.0033536886350227853,-0.004962694070163283,0.0026196363643388805,-0.002891558850842581,-0.003325421284705016
33,4,SQL_injection,0.007529173803687122,0.011274316099925888,-0.008614269372931423,-0.012735074213108174,-0.0008807276005753257
33,4,Uploading,0.019936644907812582,0.0002663651901906236,-0.008489909092892123,-0.0018778239817054784,0.0016917779819102747
33,4,Vulnerability_scanner,0.002856131544344065,-0.0026838399340435746,0.0034023532773420277,-0.0028767314293638973,-0.0013255502557886101
33,4,XSS,0.00017419706042460446,-0.00016451944595657087,0.00012580898808443655,-0.00016451944595657087,2.9032843404100742e-05
33,Aggregated,Backdoor,-0.00318041294722979,0.05696818936320514,0.03485718210092433,-0.0715615060389891,0.04796280321564186
33,Aggregated,DDoS_HTTP,0.009628022061528031,-0.01317142162781643,0.0044968071914382604,0.01471440915718933,-0.005371026717001285
33,Aggregated,DDoS_ICMP,-8.684582081722736e-05,-0.0001616942631654757,0.00014902155303215075,-7.680372047569328e-07,-0.00030386045733787523
33,Aggregated,DDoS_TCP,0.005957609456606296,-0.0016795724016902603,-0.016394385902486278,0.010374830290873912,0.006027601678315484
33,Aggregated,DDoS_UDP,9.655200602648462e-06,-2.2530183227559288e-05,-2.2530183227559288e-05,-2.2530183227559288e-05,5.7935349080029396e-05
33,Aggregated,Fingerprinting,-0.03620873484774735,-0.08532964910294497,0.05790931466244677,-0.005820981828871126,-0.1305499488828833
33,Aggregated,MITM,0.0,0.0,0.0,0.0,0.0
33,Aggregated,Normal,0.00011760303281180459,0.00026485649557267583,0.00030930425014436176,-0.00047663764438126143,0.0005278060422557295
33,Aggregated,Password,-0.007378470859440213,-0.019311413721557886,0.007497007285744008,0.009998140579252827,0.009777754730916976
33,Aggregated,Port_Scanning,0.010951348100126015,-0.20363107726023702,0.2316396130491745,-0.0013097303822371426,0.014550509803897712
33,Aggregated,Ransomware,0.003896962135253738,-0.004827698118854677,0.0030418084852154395,-0.0010980224664673965,-0.0038315641497373245
33,Aggregated,SQL_injection,0.0068103000473498385,0.007943512895156596,-0.0066799652505758035,-0.009838642722660492,-0.00040427800109914903
33,Aggregated,Uploading,0.01959685141292581,4.750378071953914e-05,-0.008290460679931553,-2.0186420735817296e-06,0.0008075006486684221
33,Aggregated,Vulnerability_scanner,0.007725519103295884,-0.007018802496734303,0.00510102108198058,-0.0034208201926319774,-0.0025950407425700465
33,Aggregated,XSS,4.709556422579087e-05,-4.44791439910247e-05,3.401346305196007e-05,-4.44791439910247e-05,7.849260704298477e-06
33,Centralized,Backdoor,-0.00318041294722979,0.05696818936320514,0.03485718210092433,-0.0715615060389891,0.04796280321564186
33,Centralized,DDoS_HTTP,0.009628022061528031,-0.01317142162781643,0.0044968071914382604,0.01471440915718933,-0.005371026717001285
33,Centralized,DDoS_ICMP,-8.684582081722736e-05,-0.0001616942631654757,0.00014902155303215075,-7.680372047569328e-07,-0.00030386045733787523
33,Centralized,DDoS_TCP,0.005957609456606296,-0.0016795724016902603,-0.016394385902486278,0.010374830290873912,0.006027601678315484
33,Centralized,DDoS_UDP,9.655200602648462e-06,-2.2530183227559288e-05,-2.2530183227559288e-05,-2.2530183227559288e-05,5.7935349080029396e-05
33,Centralized,Fingerprinting,-0.03620873484774735,-0.08532964910294497,0.05790931466244677,-0.005820981828871126,-0.1305499488828833
33,Centralized,MITM,0.0,0.0,0.0,0.0,0.0
33,Centralized,Normal,0.00011760303281180459,0.00026485649557267583,0.00030930425014436176,-0.00047663764438126143,0.0005278060422557295
33,Centralized,Password,-0.007378470859440213,-0.019311413721557886,0.007497007285744008,0.009998140579252827,0.009777754730916976
33,Centralized,Port_Scanning,0.010951348100126015,-0.20363107726023702,0.2316396130491745,-0.0013097303822371426,0.014550509803897712
33,Centralized,Ransomware,0.003896962135253738,-0.004827698118854677,0.0030418084852154395,-0.0010980224664673965,-0.0038315641497373245
33,Centralized,SQL_injection,0.0068103000473498385,0.007943512895156596,-0.0066799652505758035,-0.009838642722660492,-0.00040427800109914903
33,Centralized,Uploading,0.01959685141292581,4.750378071953914e-05,-0.008290460679931553,-2.0186420735817296e-06,0.0008075006486684221
33,Centralized,Vulnerability_scanner,0.007725519103295884,-0.007018802496734303,0.00510102108198058,-0.0034208201926319774,-0.0025950407425700465
33,Centralized,XSS,4.709556422579087e-05,-4.44791439910247e-05,3.401346305196007e-05,-4.44791439910247e-05,7.849260704298477e-06
34,0,Backdoor,-0.029941264578282018,-0.01180109420376373,0.04006270774308793,-0.036504583774989205,-0.02564761385897746
34,0,DDoS_HTTP,0.010377851271121437,0.006446113641711982,0.009067034117044535,-0.008716181600517276,-0.022838671017331853
34,0,DDoS_ICMP,-1.1006592003185804e-07,0.0001849016544984002,0.0003363861411878185,-6.734134889875657e-05,-0.00045383638086743026
34,0,DDoS_TCP,0.037082889036314785,0.03546035830941705,-0.13992980953053594,0.029238326800832756,0.0304237718696486
34,0,DDoS_UDP,2.9069767441858295e-05,2.9069767441858295e-05,2.9069767441858295e-05,2.9069767441858295e-05,-0.00011627906976743318
34,0,Fingerprinting,0.008595571095571092,0.12587412587412586,0.19798951048951047,-0.047542735042735054,-0.2849164724164723
34,0,MITM,0.0,0.0,0.0,0.0,0.0
34,0,Normal,-0.00023884355988572635,-4.0972893096298996e-05,0.0002978151714097469,-0.00030297754288261723,-0.00020363900147245538
34,0,Password,0.002447040077634122,-0.018502154836022414,0.01022926944141492,0.010279526169265703,0.004542407804813303
34,0,Port_Scanning,0.001973122973335307,-0.0385935441175597,0.12962633223442932,-0.10520046964880676,-0.08936794144139808
34,0,Ransomware,-0.007951509560288101,0.006518531600691765,0.008943156976411373,-0.0008976877476419139,-0.011195297843130165
34,0,SQL_injection,0.011003112026507148,-0.0010723517181178148,-0.0036981850401402085,-0.007517436217284682,0.0012848609490355523
34,0,Uploading,0.0003863695012785861,0.02711153056829896,-0.02201164164206863,-0.012957182230436553,-0.014631513080067228
34,0,Vulnerability_scanner,0.013697105625122585,0.0028233303415011643,-0.0038303468243449657,-0.0020304430687476762,-0.014325544133839812
34,0,XSS,0.0,0.0,0.0,0.0,0.0
34,1,Backdoor,-0.028292420079554622,-0.005058898978066025,0.03405108335056354,-0.033007287811043076,-0.01699464160740508
34,1,DDoS_HTTP,0.004579801489485427,0.004157939435154154,0.0022923790525639937,-0.0028422303479244846,-0.00818788962927909
34,1,DDoS_ICMP,9.303735985925303e-06,0.0003571244660895682,0.0003113407447463671,-3.7237486026336916e-05,-0.0006405314607955237
34,1,DDoS_TCP,0.03048746483282978,0.029723124189764378,-0.11765143838305825,0.022682503220941713,0.024309771947347025
34,1,DDoS_UDP,3.3605926881887425e-05,-0.00016235955608550254,5.613547134288484e-06,-0.00010637479659030465,0.00022951487865963127
34,1,Fingerprinting,0.0011685025916524968,0.05296664120193532,0.05789735248938285,-0.034510871797399305,-0.07752162448557133
34,1,MITM,0.0,0.0,0.0,0.0,0.0
34,1,Normal,-0.00022000093588715465,-2.262935564010804e-05,0.00035581047018364286,-0.0003039057929702216,-7.069597872292887e-05
34,1,Password,-0.0005323872674131631,-0.025203100638150244,0.012422602076961057,0.017364452996154415,0.00250470058179122
34,1,Port_Scanning,-0.01627401666789045,-0.04702787210939175,0.1551806878748821,-0.10147812772344375,-0.08618611198718297
34,1,Ransomware,0.0004992635784166032,-0.0003861945234634345,0.004679016079229466,0.0019053611627174191,-0.006697446296900054
34,1,SQL_injection,0.008443588371843874,-0.0020395259189694365,-0.0012150469365518877,-0.006700483392960572,0.0015114678766380183
34,1,Uploading,-0.0013975638893064634,0.01645846172798416,-0.013954042460467183,-0.011549748226205343,-0.010696369404841886
34,1,Vulnerability_scanner,0.008235240614169114,0.0016721810834497382,-0.0019973334581624277,-0.0011563588218070483,-0.008340884261967638
34,1,XSS,0.0,0.0,0.0,0.0,0.0
34,2,Backdoor,-0.04356817194778687,-0.011915901728306281,0.04510999010369942,-0.04693130516683643,-0.03252848934817759
34,2,DDoS_HTTP,0.009566207862310628,0.008736885381326064,0.009749699971820845,-0.00967123201977016,-0.019701515634447213
34,2,DDoS_ICMP,8.646737080608701e-06,5.1245707156272194e-05,0.00020213932511103743,8.646737080608701e-06,-0.000270678506428527
34,2,DDoS_TCP,0.04055996195742104,0.04042705633369643,-0.16091118106288918,0.03678747259043357,0.03805778871689451
34,2,DDoS_UDP,3.51123595505598e-05,3.51123595505598e-05,3.51123595505598e-05,3.51123595505598e-05,-0.0001404494382022392
34,2,Fingerprinting,-0.030218855218855215,0.09772727272727272,0.13876262626262623,-0.030218855218855215,-0.17605218855218854
34,2,MITM,0.0,0.0,0.0,0.0,0.0
34,2,Normal,-0.00036451150451044154,-4.234108356291344e-05,0.000412044740346205,-0.00043994694900539497,-0.00026121385458994226
34,2,Password,0.00039707058895219937,-0.02404157405401563,0.013622765593566923,0.01135978917471719,0.0018391755103697638
34,2,Port_Scanning,0.003986602937981947,-0.03531568264917017,0.1016975428899516,-0.09226274833942001,-0.06947627321497783
34,2,Ransomware,-0.004128453664310193,0.0047954350603806335,0.00994216119145352,0.001450413913043136,-0.005066549507560116
34,2,SQL_injection,0.013761846390772452,-0.0034207911796152917,-0.0005603463274642113,-0.010142884645602495,0.00036217576190954447
34,2,Uploading,-7.604112604972235e-05,0.0141565964149409,-0.01150528283465584,-0.00666935070758082,-0.0078119233433777725
34,2,Vulnerability_scanner,0.01181763060870766,0.003637436422268971,-0.002877143527738409,-0.0008719842817179579,-0.014836191008635603
34,2,XSS,5.064756529918335e-05,-4.431661963678543e-05,3.482020114318855e-05,-6.014398379278023e-05,1.8992836987193756e-05
34,3,Backdoor,-0.03610883778134298,-0.010994881673680913,0.03773008379102381,-0.041322412697062626,-0.027739514274469263
34,3,DDoS_HTTP,0.009555929674122216,0.006822062156682291,0.007169002974672292,-0.008652847603701854,-0.017797317021431322
34,3,DDoS_ICMP,5.8142663220428493e-05,0.00021188976865632963,0.0003869996463072604,-3.851752480413806e-05,-0.0006185145533798805
34,3,DDoS_TCP,0.0383918434922444,0.0366810589620137,-0.14972662659767882,0.034342121139074075,0.035040433324683526
34,3,DDoS_UDP,0.0,0.0,0.0,0.0,0.0
34,3,Fingerprinting,0.01595238095238094,0.1123809523809524,0.1230952380952381,-0.019934437543133197,-0.23149413388543807
34,3,MITM,0.0,0.0,0.0,0.0,0.0
34,3,Normal,-0.00039313743966736626,-9.206917663803031e-05,0.0004833836700832872,-0.000511234961940001,-0.00024490862378903817
34,3,Password,-0.004107788041243583,-0.01545410759962002,0.006382079658183012,0.008343716460048188,0.005986967905139177
34,3,Port_Scanning,0.004752962323429116,-0.040495068979574445,0.10985656012542717,-0.08026607046824705,-0.06553297081465478
34,3,Ransomware,0.0029461926167182314,0.005623082596208449,0.0021722453091389854,-0.001405544618159769,-0.009335975903905894
34,3,SQL_injection,0.010480467484949808,-0.0015091869229026977,-0.0020536774421237125,-0.008478465049035242,0.0015608619291118458
34,3,Uploading,0.0006383555533238716,0.016680589995688215,-0.014821740926745505,-0.009376002639288932,-0.00926769078237355
34,3,Vulnerability_scanner,0.010915719744830587,0.0031996420848427335,-0.0025692778761841006,-0.0016833505353322268,-0.01174675552489621
34,3,XSS,0.0,0.0,0.0,0.0,0.0
34,4,Backdoor,-0.03719269821754383,-0.005578229286706987,0.03717741065781108,-0.036641868288090934,-0.01815950452865165
34,4,DDoS_HTTP,0.0031356029566438526,0.007708154664145766,0.005427762247746327,0.004409215780653896,-0.0016331166015708166
34,4,DDoS_ICMP,-9.118450928086164e-06,0.00026215046279119046,9.632557443748542e-05,-5.431264460597311e-05,-0.0002950449416946166
34,4,DDoS_TCP,0.036925162499014244,0.03680981682503714,-0.1467448482137768,0.03191717172950404,0.03318267072592762
34,4,DDoS_UDP,-1.7978437921228885e-05,-1.7978437921228885e-05,-1.7978437921228885e-05,-1.7978437921228885e-05,7.191375168491554e-05
34,4,Fingerprinting,-0.03298245614035087,0.13054093567251462,0.04062865497076023,-0.06353801169590644,-0.07464912280701755
34,4,MITM,0.0,0.0,0.0,0.0,0.0
34,4,Normal,-0.0003330511827368136,-8.256070933020202e-05,0.00042331509018628624,-0.00037661411359962336,-0.00016189318347043514
34,4,Password,0.0018138278502725003,-0.015294746554166117,0.010346268476107673,0.012423352616038117,0.007104275291205536
34,4,Port_Scanning,-0.0009937153088152152,-0.041693056221041164,0.1295306370381769,-0.0992977689310013,-0.08172892206208379
34,4,Ransomware,-0.006758384070131459,0.0021959523352263794,0.0060598795005807286,0.004410118241063367,-0.0007012168003898016
34,4,SQL_injection,0.015235440592262504,-0.0022821274293188605,-0.0027421403771179334,-0.011235421976661419,0.0010242491908357082
34,4,Uploading,0.002068008441962231,0.02691643503068457,-0.021074410133371923,-0.0072172366561861195,-0.009551947732947031
34,4,Vulnerability_scanner,0.0069821704325448855,0.0013379530896443005,-0.001810838703537269,-0.0023374364750612052,-0.0060492611875294314
34,4,XSS,0.0001548418314885373,-0.00013548660255247011,0.00010645375914836939,-0.00018387467489263803,5.8065686808201485e-05
34,Aggregated,Backdoor,-0.03511039973752793,-0.008913574777117949,0.038605864866281384,-0.03890605027422369,-0.0241189117209717
34,Aggregated,DDoS_HTTP,0.008612311150348363,0.00693245190745563,0.007415728410167979,-0.007561577855577804,-0.017117380500651664
34,Aggregated,DDoS_ICMP,1.196454001655874e-05,0.00021385486394450887,0.0002590892362542711,-4.044308972314115e-05,-0.00044446555049219757
34,Aggregated,DDoS_TCP,0.03663963968920935,0.035758887757730326,-0.14283234401346678,0.03083945019143324,0.032074434154745896
34,Aggregated,DDoS_UDP,1.6114820827084486e-05,-2.143548455218099e-05,1.0750590188716528e-05,-1.0707023275445074e-05,5.277096811825051e-06
34,Aggregated,Fingerprinting,-0.003637849277707176,0.09654027455921917,0.1010652087930997,-0.03771287556577784,-0.15625475850883389
34,Aggregated,MITM,0.0,0.0,0.0,0.0,0.0
34,Aggregated,Normal,-0.0003094627311659548,-5.55979146332967e-05,0.00039407952737267237,-0.0003869285858316899,-0.00018854808245442612
34,Aggregated,Password,0.0003050729102579942,-0.02066146949630166,0.011240013141302463,0.012304621952918987,0.0039143186093130704
34,Aggregated,Port_Scanning,-0.002946151103486147,-0.04099751346200428,0.12773262720255243,-0.09607504710077035,-0.07935478240935663
34,Aggregated,Ransomware,-0.00268067400471886,0.0042208740934486675,0.006989408008770559,0.0009520855015720975,-0.006663179484482243
34,Aggregated,SQL_injection,0.012108470921423812,-0.0020214985842940494,-0.0022582469293413944,-0.009011682590394322,0.0011829571826059515
34,Aggregated,Uploading,0.00030780657024553535,0.020044351298492254,-0.016521995788819736,-0.009573447956701044,-0.010409350676055001
34,Aggregated,Vulnerability_scanner,0.009630500224771243,0.0023007250888011457,-0.0024318223533489336,-0.0017121597235883375,-0.010069865550736485
34,Aggregated,XSS,4.1862723756258545e-05,-3.662988328672623e-05,2.878062258242775e-05,-4.9711984460557025e-05,1.5698521408596954e-05
34,Centralized,Backdoor,-0.03511039973752793,-0.008913574777117949,0.038605864866281384,-0.03890605027422369,-0.0241189117209717
34,Centralized,DDoS_HTTP,0.008612311150348363,0.00693245190745563,0.007415728410167979,-0.007561577855577804,-0.017117380500651664
34,Centralized,DDoS_ICMP,1.196454001655874e-05,0.00021385486394450887,0.0002590892362542711,-4.044308972314115e-05,-0.00044446555049219757
34,Centralized,DDoS_TCP,0.03663963968920935,0.035758887757730326,-0.14283234401346678,0.03083945019143324,0.032074434154745896
34,Centralized,DDoS_UDP,1.6114820827084486e-05,-2.143548455218099e-05,1.0750590188716528e-05,-1.0707023275445074e-05,5.277096811825051e-06
34,Centralized,Fingerprinting,-0.003637849277707176,0.09654027455921917,0.1010652087930997,-0.03771287556577784,-0.15625475850883389
34,Centralized,MITM,0.0,0.0,0.0,0.0,0.0
34,Centralized,Normal,-0.0003094627311659548,-5.55979146332967e-05,0.00039407952737267237,-0.0003869285858316899,-0.00018854808245442612
34,Centralized,Password,0.0003050729102579942,-0.02066146949630166,0.011240013141302463,0.012304621952918987,0.0039143186093130704
34,Centralized,Port_Scanning,-0.002946151103486147,-0.04099751346200428,0.12773262720255243,-0.09607504710077035,-0.07935478240935663
34,Centralized,Ransomware,-0.00268067400471886,0.0042208740934486675,0.006989408008770559,0.0009520855015720975,-0.006663179484482243
34,Centralized,SQL_injection,0.012108470921423812,-0.0020214985842940494,-0.0022582469293413944,-0.009011682590394322,0.0011829571826059515
34,Centralized,Uploading,0.00030780657024553535,0.020044351298492254,-0.016521995788819736,-0.009573447956701044,-0.010409350676055001
34,Centralized,Vulnerability_scanner,0.009630500224771243,0.0023007250888011457,-0.0024318223533489336,-0.0017121597235883375,-0.010069865550736485
34,Centralized,XSS,4.1862723756258545e-05,-3.662988328672623e-05,2.878062258242775e-05,-4.9711984460557025e-05,1.5698521408596954e-05
35,0,Backdoor,-0.005104683630910896,-0.003634789588232564,-0.0031165717767831225,-0.0015157052447894541,0.01981980623573013
35,0,DDoS_HTTP,0.005388067426839568,0.007971756443650441,0.0001798432506925148,0.004825040747201256,-0.008735093873782558
35,0,DDoS_ICMP,0.00028573078845937997,0.0003365249684860979,0.0003359119254836155,0.00011782980849214438,-0.0006726098177436357
35,0,DDoS_TCP,0.030622334641974433,0.018695829298132228,-0.10509738737130883,0.023871167135113634,0.03190805629608861
35,0,DDoS_UDP,0.0,0.0,0.0,0.0,0.0
35,0,Fingerprinting,0.2301586797562028,0.1933538566123705,0.2891488997758346,0.07163020988872383,-0.4509583126997984
35,0,MITM,0.0,0.0,0.0,0.0,0.0
35,0,Normal,-3.7857192705239204e-05,2.1484853011801327e-05,-8.256463518963031e-06,-1.6410208704313126e-05,6.097453303161397e-05
35,0,Password,-0.0036160176317301175,-0.022289061218382315,0.015000307514707246,-0.0003088693748720006,0.001323530820167284
35,0,Port_Scanning,-0.009863692128782665,-0.13826169555819792,0.2291693850585858,-0.08244558549808262,0.0014015881264775954
35,0,Ransomware,0.011320412119418718,0.0049626592845746125,-0.0032551795163936656,0.0010795049507279126,-0.0001090058487862126
35,0,SQL_injection,0.019392407333103354,-0.00021212142096346391,0.0021291639530499566,-0.007793060783197927,-0.002126119001164833
35,0,Uploading,0.005000625121522296,0.04783647932210149,-0.01364177420967428,0.010390338467620526,0.016208102267225414
35,0,Vulnerability_scanner,0.011916457323363777,-0.0015692153826643166,0.00678164353493454,-0.0031665694436669592,0.00569779358670067
35,0,XSS,0.0,0.0,0.0,0.0,0.0
35,1,Backdoor,-0.00457887623038478,0.002263259796715559,-0.005533890084201404,-0.002455472969894553,0.012991773815988893
35,1,DDoS_HTTP,0.0010255247893574738,0.0030132063837161197,-0.0016002256288830988,0.0005783920606241194,-0.003016897604814614
35,1,DDoS_ICMP,0.0001790946973424671,0.0002257279767184613,0.0005035931084908759,0.00018162461250939194,-0.0008115731053357259
35,1,DDoS_TCP,0.024462247842332797,0.009822896535429856,-0.0750600479841161,0.015556847949094947,0.025218055657258542
35,1,DDoS_UDP,1.6795427848559364e-05,-0.00012316647088943532,4.47878075961583e-05,-9.51740911418364e-05,0.00015675732658655407
35,1,Fingerprinting,0.07825222393566626,0.0662003304813338,0.1522093569993742,0.019309240226658735,-0.25145502261077485
35,1,MITM,0.0,0.0,0.0,0.0,0.0
35,1,Normal,-7.66491915366152e-05,-6.07538710814833e-05,-6.232681044743468e-05,1.6938184092076445e-05,0.00016101305566335785
35,1,Password,-0.002379945701862159,-0.03341546930252072,0.019445399624346486,0.0016958404550802774,0.002665218781810777
35,1,Port_Scanning,-0.018014685830316915,-0.12739236470300003,0.23870403010432256,-0.08155109151866981,-0.011745888052335824
35,1,Ransomware,0.0027699443413728986,-0.0009220779220779166,-0.0027588126159554527,0.001842300556586259,-0.0009313543599257882
35,1,SQL_injection,0.016864431730491514,0.0010280731145209273,0.0005367793896806569,-0.004895654767547047,-0.0020589646182480833
35,1,Uploading,0.0034199933769202555,0.020333800918893544,-0.005739970405658144,0.007953886695755315,0.009698061014152255
35,1,Vulnerability_scanner,0.007692441974893183,-0.002356374188811818,0.00493305726491773,-0.0029794802062804585,0.0037688541982731955
35,1,XSS,0.0,0.0,0.0,0.0,0.0
35,2,Backdoor,-0.005182603419055546,0.0014391652952277622,-0.007451780889741224,-0.005867548733380299,0.0236260566037831
35,2,DDoS_HTTP,0.005810087525263579,0.007227569153485358,-0.0008131087365740808,0.004674335844560373,-0.007708089916852257
35,2,DDoS_ICMP,-6.470909138739748e-05,-0.00010842201854456465,-4.422982437402393e-05,0.00012936204489579032,8.799888941019574e-05
35,2,DDoS_TCP,0.033900851969203075,0.02725940753040964,-0.12630942135384474,0.030164248246712776,0.03498491360751919
35,2,DDoS_UDP,0.0,0.0,0.0,0.0,0.0
35,2,Fingerprinting,0.027924836601307196,0.08295248868778281,0.14684137757667168,0.056664152840623434,-0.3143828557063848
35,2,MITM,0.0,0.0,0.0,0.0,0.0
35,2,Normal,-4.707330678038561e-05,-8.400973098138253e-06,-2.0795310415024546e-05,-1.9879828472058047e-05,0.00011520500875554229
35,2,Password,-0.001460938331796746,-0.023516534194428357,0.017082246770139243,0.0002513760773802327,0.0007935282829296985
35,2,Port_Scanning,-0.0071983604334148075,-0.11123827571660141,0.17917280837550878,-0.06398251787164673,0.003246345646154161
35,2,Ransomware,0.004228376107286279,-0.00024193815337088717,-0.004833171709591401,0.0009482690291607124,0.0016751896302760934
35,2,SQL_injection,0.022207756164809557,0.00045693830742506804,0.000421099407957104,-0.007860126760640377,-0.000666940085430603
35,2,Uploading,0.00491890628448225,0.029929100702747465,-0.005678536691570868,0.00956597808091266,0.009882798935612907
35,2,Vulnerability_scanner,0.005716695637878927,0.0029604653101068783,0.0034999923805356823,0.0022249201156288295,0.006706363005782782
35,2,XSS,4.115114680558647e-05,-3.798567397438751e-05,4.115114680558647e-05,-5.381303813038231e-05,9.496418493596878e-06
35,3,Backdoor,-0.005583448145191742,0.00144419699906664,-0.006634548679548819,-0.004338924051205279,0.018188372403778085
35,3,DDoS_HTTP,0.0039743214053670544,0.007174686969211804,-0.0003008395412802567,0.004724860677032619,-0.008336001097128386
35,3,DDoS_ICMP,0.0002656315279921884,9.126240803311036e-05,0.0005951271783438442,0.0003057022439000708,-0.00032965614593536416
35,3,DDoS_TCP,0.030891446690924283,0.024765635585596153,-0.11454969430860817,0.027354587368211024,0.0315380246638767
35,3,DDoS_UDP,0.0,0.0,0.0,0.0,0.0
35,3,Fingerprinting,0.14946412487460273,0.10418702998028607,0.22120186912156178,0.10472668390060266,-0.24624637454372042
35,3,MITM,0.0,0.0,0.0,0.0,0.0
35,3,Normal,-6.19957288181964e-05,2.127088760618586e-05,-8.241729582173508e-05,-1.1869929506104955e-05,0.00015728795600531236
35,3,Password,0.005828216189963417,-0.017884140687583927,0.01153083992476706,-0.00037049621851590887,-0.002320520463947587
35,3,Port_Scanning,-0.015224949586998165,-0.0939562714502067,0.1797139012348345,-0.06202996084499375,-0.008502719352635952
35,3,Ransomware,0.003045841400534377,0.00213228808719923,-0.005157202622824042,0.000289254729371848,-0.00031018159428141306
35,3,SQL_injection,0.015863413469530387,0.003676246815924834,-0.0018414319434166867,-0.007005601515669511,0.00032542521396662454
35,3,Uploading,0.005963473498568773,0.03536850914060708,-0.009425780200115204,0.011573745788458784,0.011632057813255778
35,3,Vulnerability_scanner,0.00823940661223024,0.002324367805529633,0.0055652350602954145,0.0003168580175194946,0.00540936159369684
35,3,XSS,0.0,0.0,0.0,0.0,0.0
35,4,Backdoor,-0.00451374607073105,-0.0034162531032101945,-0.004719073596962688,-0.005554696248719807,0.01577143355191604
35,4,DDoS_HTTP,-0.001632950796164226,-0.008409488067396735,-0.0009569971136861172,-0.001264362584456044,0.004075102522539786
35,4,DDoS_ICMP,0.00017232780777919713,0.00014139355925546677,-0.00010238169600019405,0.00011233530022316344,-0.0003236749712576333
35,4,DDoS_TCP,0.029480919154934376,0.01948639175253488,-0.10340842407728573,0.023435063024392914,0.03146688789541715
35,4,DDoS_UDP,0.0,0.0,0.0,0.0,0.0
35,4,Fingerprinting,0.0852171329997417,0.11892484504078707,0.15941311469572342,0.013720890380310668,-0.37727598311656246
35,4,MITM,0.0,0.0,0.0,0.0,0.0
35,4,Normal,-4.1517878882953627e-05,-3.708160316524915e-05,-0.0001122705230130805,-8.900195904378478e-06,0.00017406794394729438
35,4,Password,0.00020125241458290448,-0.032992058078373805,0.018518066811283544,-0.0038525683365376612,-0.002510856912216126
35,4,Port_Scanning,-0.012176672378122578,-0.12451150102027421,0.22306097606910175,-0.08079418185597635,-0.0055786208147287275
35,4,Ransomware,0.0037161854768154126,-0.0036184810232054534,-0.0023373911594384103,0.0011198433529142255,0.0011198433529142255
35,4,SQL_injection,0.02794922457898655,0.0022533049019147545,-0.0020904801039127413,-0.010251610099154953,-0.003638614590892655
35,4,Uploading,0.009139100842336852,0.03414146148684014,-0.009126593719970126,0.005321743090531861,0.009356703561658313
35,4,Vulnerability_scanner,0.010988113004878813,-0.003234047170874249,0.006272766951949014,-0.005019951719284423,0.001864464231233524
35,4,XSS,0.00012580898808443655,-0.00011613137361640297,0.00012580898808443655,-0.00016451944595657087,2.9032843404100742e-05
35,Aggregated,Backdoor,-0.004975115495267357,-0.0002481271170885387,-0.005598669582261055,-0.0040419163714453255,0.01783680701196854
35,Aggregated,DDoS_HTTP,0.004128474654876185,0.0061264708431250665,-0.0006413514724170556,0.0038209997752841453,-0.0069081272315713906
35,Aggregated,DDoS_ICMP,0.0001755848152873755,0.0001453868318696483,0.00023802705296397202,0.0001651132564932693,-0.00040980368199373116
35,Aggregated,DDoS_TCP,0.0298358503277319,0.019741296753820654,-0.10437060111486572,0.023891669686405624,0.0310024306257503
35,Aggregated,DDoS_UDP,3.218538383020775e-06,-2.3602614808819013e-05,8.582769021388733e-06,-1.8238384170451057e-05,3.0039691574860565e-05
35,Aggregated,Fingerprinting,0.1159419980439744,0.10529114375758405,0.19184504427247973,0.05293612413312705,-0.30692340111625627
35,Aggregated,MITM,0.0,0.0,0.0,0.0,0.0
35,Aggregated,Normal,-5.320573223100607e-05,-1.2580440919755335e-05,-5.660779619999779e-05,-7.96974742408955e-06,0.00013335110143149846
35,Aggregated,Password,-0.0009256341426817483,-0.0263939929897232,0.01673936468073345,-0.00029627673544909,0.0003829183104799604
35,Aggregated,Port_Scanning,-0.012735957258035958,-0.12016427400017925,0.21310994830150537,-0.07526759636160649,-0.004942120681683643
35,Aggregated,Ransomware,0.004872927068786642,0.00045526007443068745,-0.004107897707713508,0.000993554073092077,0.0006317391689195465
35,Aggregated,SQL_injection,0.021426571501345852,0.0015241588368747367,-0.00037612764807983624,-0.007892638313743462,-0.002042187063186533
35,Aggregated,Uploading,0.005694125926345539,0.0338423025150576,-0.008704957809159385,0.009216464779024306,0.011531918344451527
35,Aggregated,Vulnerability_scanner,0.009165632322440812,-0.0008966068915961892,0.005508568617358304,-0.002293080586961862,0.004152741440719708
35,Aggregated,XSS,3.401346305196007e-05,-3.139704281719391e-05,3.401346305196007e-05,-4.44791439910247e-05,7.849260704298477e-06
35,Centralized,Backdoor,-0.004975115495267357,-0.0002481271170885387,-0.005598669582261055,-0.0040419163714453255,0.01783680701196854
35,Centralized,DDoS_HTTP,0.004128474654876185,0.0061264708431250665,-0.0006413514724170556,0.0038209997752841453,-0.0069081272315713906
35,Centralized,DDoS_ICMP,0.0001755848152873755,0.0001453868318696483,0.00023802705296397202,0.0001651132564932693,-0.00040980368199373116
35,Centralized,DDoS_TCP,0.0298358503277319,0.019741296753820654,-0.10437060111486572,0.023891669686405624,0.0310024306257503
35,Centralized,DDoS_UDP,3.218538383020775e-06,-2.3602614808819013e-05,8.582769021388733e-06,-1.8238384170451057e-05,3.0039691574860565e-05
35,Centralized,Fingerprinting,0.1159419980439744,0.10529114375758405,0.19184504427247973,0.05293612413312705,-0.30692340111625627
35,Centralized,MITM,0.0,0.0,0.0,0.0,0.0
35,Centralized,Normal,-5.320573223100607e-05,-1.2580440919755335e-05,-5.660779619999779e-05,-7.96974742408955e-06,0.00013335110143149846
35,Centralized,Password,-0.0009256341426817483,-0.0263939929897232,0.01673936468073345,-0.00029627673544909,0.0003829183104799604
35,Centralized,Port_Scanning,-0.012735957258035958,-0.12016427400017925,0.21310994830150537,-0.07526759636160649,-0.004942120681683643
35,Centralized,Ransomware,0.004872927068786642,0.00045526007443068745,-0.004107897707713508,0.000993554073092077,0.0006317391689195465
35,Centralized,SQL_injection,0.021426571501345852,0.0015241588368747367,-0.00037612764807983624,-0.007892638313743462,-0.002042187063186533
35,Centralized,Uploading,0.005694125926345539,0.0338423025150576,-0.008704957809159385,0.009216464779024306,0.011531918344451527
35,Centralized,Vulnerability_scanner,0.009165632322440812,-0.0008966068915961892,0.005508568617358304,-0.002293080586961862,0.004152741440719708
35,Centralized,XSS,3.401346305196007e-05,-3.139704281719391e-05,3.401346305196007e-05,-4.44791439910247e-05,7.849260704298477e-06
36,0,Backdoor,-0.0336842083637322,0.03769562510346848,-0.01636669641121101,-0.0033959169231053466,0.007764587316722641
36,0,DDoS_HTTP,0.0013392813153653242,0.004397440089676592,-0.016648931555357595,0.004468576037599925,-0.007948984671086737
36,0,DDoS_ICMP,0.0002322889867512612,-3.8265137740189914e-05,8.028657257729462e-05,0.0002154028204067552,-0.0002878971420177401
36,0,DDoS_TCP,0.0008974216407734955,0.03053459340231189,-0.006484651720760074,-0.013747060292878126,0.017473664751887056
36,0,DDoS_UDP,0.0,0.0,0.0,0.0,0.0
36,0,Fingerprinting,0.12860891968443453,0.12156030468387449,0.12023940336297326,0.12608366715918198,-0.3682871666853359
36,0,MITM,0.0,0.0,0.0,0.0,0.0
36,0,Normal,-0.00013429879368841806,0.00032586793630708376,-0.00016316842396570756,-1.1599598508708435e-05,-1.453762195292585e-05
36,0,Password,-0.01576558900581205,-0.010093515695877157,0.004059622662200024,0.020435279988818826,0.012064555013702138
36,0,Port_Scanning,-0.04388187650115647,0.22664892253031674,0.2181410986474969,-0.18789110031676023,0.11112088667458588
36,0,Ransomware,0.0016563185371320233,0.0005906842911226895,-0.0020491220276268782,-0.008231173585452065,-0.0064189216673902205
36,0,SQL_injection,0.014200252584978212,-0.00016511211101606868,-0.0021479942496603643,-0.001976925766887399,0.0041298693991607275
36,0,Uploading,-0.018961468981840465,-0.009126959597439428,-0.016303561943815777,-0.014672826664865272,-0.00714738820050835
36,0,Vulnerability_scanner,-0.0029447619283172965,-0.00969153862746772,-0.005074479852634765,-0.0035672083586628695,-0.0034607775377463123
36,0,XSS,0.0,0.0,0.0,0.0,0.0
36,1,Backdoor,-0.02427939460296897,0.03324595680862267,-0.00673985909183763,-0.008393625168904292,0.008843159234674535
36,1,DDoS_HTTP,0.0028127648692985036,0.001551985311753425,-0.004722556007392992,0.002202280751852919,-0.0018444749255118558
36,1,DDoS_ICMP,0.00016994431908099646,0.0003287741005841449,0.0006600137926838205,0.0004028598664087261,-0.0012854782747137787
36,1,DDoS_TCP,-0.005533264988401106,0.02994972165200258,0.015253523032902722,-0.0255001354181965,0.01503465829303375
36,1,DDoS_UDP,0.00011755670009939711,-0.00013437471762899332,-0.0001063823378813944,-0.00013437471762899332,0.00025757507303998396
36,1,Fingerprinting,0.08838843409859116,0.13266501316561652,0.12204281272048483,0.09120646952532217,-0.3223482703069787
36,1,MITM,0.0,0.0,0.0,0.0,0.0
36,1,Normal,-0.00014438050041563623,0.0001719958116524367,-8.723182353702989e-05,-7.71274196099514e-05,9.318966400015208e-05
36,1,Password,-0.01995864387696682,-0.012690214751230477,0.00900556323660381,0.027410159242391544,0.014013189505530614
36,1,Port_Scanning,-0.055828261826594144,0.17686437921375237,0.22739088229057905,-0.19188447635391445,0.0841654412779472
36,1,Ransomware,-0.007852788614216125,0.0006853593182241158,0.0030604370321810864,-0.0011328224999576772,-0.0002147306907767784
36,1,SQL_injection,0.009664600673385962,-0.0007076228051567773,-0.0018482503334465925,-0.0030008868947701884,0.004178108783899014
36,1,Uploading,-0.012738547230045723,-0.002549071274832132,-0.008285736187834998,-0.009026507206531672,-0.002047843336696015
36,1,Vulnerability_scanner,-0.00357739454902448,-0.006137577635761915,-0.003082753188346345,-0.0018011400464735575,-0.0017075899258650737
36,1,XSS,0.0,0.0,0.0,0.0,0.0
36,2,Backdoor,-0.04520750728897157,0.06197803700742769,-0.010830410104151379,-0.013492542793432434,0.005984674018993345
36,2,DDoS_HTTP,0.0009006272248904351,0.003356457094813765,-0.017813529359854457,0.0029716801187848604,-0.007911707741773964
36,2,DDoS_ICMP,-4.334952769194933e-05,-0.0005633507216705247,-4.359522286392544e-05,-8.673985294855303e-05,0.00047736906507396445
36,2,DDoS_TCP,0.0013747857507443895,0.023241139222738013,-0.01837486373854546,-0.007605187012202672,0.015046064416175169
36,2,DDoS_UDP,1.7550017550016507e-05,1.7550017550016507e-05,1.7550017550016507e-05,1.7550017550016507e-05,-7.020007020006603e-05
36,2,Fingerprinting,0.0999927550662844,0.11916922130157422,0.11695060658295953,0.10207608839961771,-0.23818867135043584
36,2,MITM,0.016666666666666666,0.016666666666666666,0.016666666666666666,0.016666666666666666,-0.06666666666666667
36,2,Normal,-0.00017168137233923851,0.0004376984191621469,-0.00022942062831161255,-3.055293954863925e-05,-6.87977692646428e-07
36,2,Password,-0.010043301634024566,-0.017883006773706637,0.0075231770718699196,0.024541907308556345,0.010853549404500945
36,2,Port_Scanning,-0.0835996213291727,0.20861093771444178,0.19989839371554824,-0.20481458416665363,0.10631996840545892
36,2,Ransomware,-0.007557161686730545,0.001007964535901688,-0.0009727697433076647,-0.0037244109838643585,0.0007563215772026362
36,2,SQL_injection,0.012845484600842776,0.002867495176251455,-0.005883895488310559,-0.005350545016529383,0.009854471063663044
36,2,Uploading,-0.009164107176318463,-0.00798900914105932,-0.008294119034904436,-0.009593580036720527,-0.00712276911113057
36,2,Vulnerability_scanner,-0.009005557653258221,-0.00832156442647413,-0.005578513472676962,-0.0033310597160504957,-0.0016756358011190983
36,2,XSS,4.115114680558647e-05,-3.798567397438751e-05,4.115114680558647e-05,-5.381303813038231e-05,9.496418493596878e-06
36,3,Backdoor,-0.039368262985695936,0.05665052292083864,-0.00793330521742324,-0.012265157216050792,0.009675523489151424
36,3,DDoS_HTTP,0.00011406285321370243,0.005666463055692471,-0.014586760799243825,0.0032981965483314907,-0.007569054819740603
36,3,DDoS_ICMP,7.27618722897024e-05,0.0002837288488814519,0.000499758550838016,-4.3979257953247196e-05,-0.0008133541997761248
36,3,DDoS_TCP,0.0007439197605828452,0.02243165173067144,-0.0165630035953131,-0.007445536042794836,0.012523377503840834
36,3,DDoS_UDP,0.0,0.0,0.0,0.0,0.0
36,3,Fingerprinting,0.061259851546550906,0.16771354380430253,0.13820728770451338,0.048117514270709136,-0.3640161460440246
36,3,MITM,0.0,0.0,0.0,0.0,0.0
36,3,Normal,-0.0002629552865085538,0.0005682182878151457,-0.0002564236213864812,-9.343817099415156e-05,4.459879107404086e-05
36,3,Password,-0.015723323193400456,-0.01769791743176401,0.003445215848987417,0.01871597890206229,0.015983619514097044
36,3,Port_Scanning,-0.07457238450026514,0.15478045140947458,0.18092486531918714,-0.16608945491356955,0.05615927182606631
36,3,Ransomware,-0.013752794311077988,0.004681107239373245,-0.003440235997360169,-0.0030393300841726643,-0.002162367828149823
36,3,SQL_injection,0.010580112478112027,0.001498985768316724,-0.003582098314523892,-0.0025831776830035555,0.004973322242440257
36,3,Uploading,-0.013522856635934832,-0.00818128637069653,-0.010923647586064,-0.011583060694378606,-0.008682348651984475
36,3,Vulnerability_scanner,-0.005912331029881646,-0.009043397975963022,-0.0045129361288668846,-0.0034362149286434607,-0.0020718469075621158
36,3,XSS,0.0,0.0,0.0,0.0,0.0
36,4,Backdoor,-0.03704455414190947,0.04937376250144083,-0.0070040101983647515,-0.012142959756693892,0.00925009706323498
36,4,DDoS_HTTP,-0.004150036837687449,0.0009345370957079667,-0.0012950825676388575,-0.00582292381886809,0.0035038871493347436
36,4,DDoS_ICMP,0.00038974310533687975,-0.0004157399177144176,-0.00020126794939129833,0.00013221377442390974,0.00027512797763846927
36,4,DDoS_TCP,-0.00042585996464550855,0.03037386161610043,-0.0033528928632070077,-0.017446474393726166,0.016091423523038283
36,4,DDoS_UDP,-7.23065798987732e-05,-7.23065798987732e-05,-7.23065798987732e-05,-7.23065798987732e-05,0.0002892263195950928
36,4,Fingerprinting,0.18819028063264304,0.1655094195646852,0.10302032935382081,0.1435347005133531,-0.3649606124174437
36,4,MITM,-0.004166666666666668,-0.004166666666666668,-0.004166666666666668,-0.004166666666666668,0.016666666666666673
36,4,Normal,-0.00040235806915454403,0.0005588014176964121,-0.00011411296949490057,-0.00015632631889047252,9.082234153444853e-05
36,4,Password,-0.027530676388325848,-0.006193652221061346,0.0043446137333645685,0.02521306677710418,0.020024549056421745
36,4,Port_Scanning,-0.05382808894934194,0.21035282058887045,0.21187492942944483,-0.1984550952748768,0.09705795309759095
36,4,Ransomware,-0.004917679644883147,0.0019421295456347632,-0.006087728281276675,-0.0023554999173490613,0.0010880696364567344
36,4,SQL_injection,0.02196382948843391,0.0005520145608238779,-0.0047748298218848965,-0.003318236471371803,0.004603253247216229
36,4,Uploading,-0.013198364827845917,-0.008829050107153461,-0.013646233561570504,-0.011972110121270934,-0.008863880263505949
36,4,Vulnerability_scanner,0.00011106427887291325,-0.002720072795688076,-0.0031491159310830944,-0.0021431547948501345,-0.0007789496380729251
36,4,XSS,0.00012580898808443655,-0.00011613137361640297,0.00012580898808443655,-0.00016451944595657087,2.9032843404100742e-05
36,Aggregated,Backdoor,-0.03601888006075958,0.048377243806898354,-0.009367591079493389,-0.010283397880659177,0.008426453535922468
36,Aggregated,DDoS_HTTP,0.0009542928430415524,0.003816065961172102,-0.013836910239238987,0.0029458331223739752,-0.006400388176574805
36,Aggregated,DDoS_ICMP,0.00018264027404308694,-0.00010201741897494787,0.00016319057661739098,0.00012218496138523735,-0.00027713297525693476
36,Aggregated,DDoS_TCP,-0.0007198379613434466,0.027678178666886162,-0.005283095993253195,-0.01489295800833953,0.015381876583156784
36,Aggregated,DDoS_UDP,1.2870422213961952e-05,-3.540765353134967e-05,-3.004342289298171e-05,-3.540765353134967e-05,8.79883077417191e-05
36,Aggregated,Fingerprinting,0.1051551950009681,0.14029656699437662,0.11928985883387264,0.09620967480445156,-0.3400422047245779
36,Aggregated,MITM,-0.0025641025641025663,-0.0025641025641025663,-0.0025641025641025663,-0.0025641025641025663,0.010256410256410265
36,Aggregated,Normal,-0.0002210336497146766,0.00041039127223177854,-0.00017050159742990623,-7.295221738205885e-05,4.2220708193998106e-05
36,Aggregated,Password,-0.017038780100849863,-0.013191090501344644,0.0061140357593387614,0.02375688530724572,0.013971062932966127
36,Aggregated,Port_Scanning,-0.05944628188076679,0.1934957234858924,0.20926750038102115,-0.18958313189167167,0.09014083378016878
36,Aggregated,Ransomware,-0.00742367583704368,0.0019897789181005598,-0.002088812606517846,-0.0037865949973296545,-0.0009906974452096743
36,Aggregated,SQL_injection,0.015005057161042628,0.0005928095235151568,-0.003596044302659055,-0.0030822223644271685,0.005127302774091813
36,Aggregated,Uploading,-0.013604850175012284,-0.007485366347961686,-0.01152120039265653,-0.011418721891388903,-0.006897652170272811
36,Aggregated,Vulnerability_scanner,-0.003544675244000339,-0.00635999075400799,-0.0040333717648037785,-0.0026829227314981384,-0.0016981208641065097
36,Aggregated,XSS,3.401346305196007e-05,-3.139704281719391e-05,3.401346305196007e-05,-4.44791439910247e-05,7.849260704298477e-06
36,Centralized,Backdoor,-0.03601888006075958,0.048377243806898354,-0.009367591079493389,-0.010283397880659177,0.008426453535922468
36,Centralized,DDoS_HTTP,0.0009542928430415524,0.003816065961172102,-0.013836910239238987,0.0029458331223739752,-0.006400388176574805
36,Centralized,DDoS_ICMP,0.00018264027404308694,-0.00010201741897494787,0.00016319057661739098,0.00012218496138523735,-0.00027713297525693476
36,Centralized,DDoS_TCP,-0.0007198379613434466,0.027678178666886162,-0.005283095993253195,-0.01489295800833953,0.015381876583156784
36,Centralized,DDoS_UDP,1.2870422213961952e-05,-3.540765353134967e-05,-3.004342289298171e-05,-3.540765353134967e-05,8.79883077417191e-05
36,Centralized,Fingerprinting,0.1051551950009681,0.14029656699437662,0.11928985883387264,0.09620967480445156,-0.3400422047245779
36,Centralized,MITM,-0.0025641025641025663,-0.0025641025641025663,-0.0025641025641025663,-0.0025641025641025663,0.010256410256410265
36,Centralized,Normal,-0.0002210336497146766,0.00041039127223177854,-0.00017050159742990623,-7.295221738205885e-05,4.2220708193998106e-05
36,Centralized,Password,-0.017038780100849863,-0.013191090501344644,0.0061140357593387614,0.02375688530724572,0.013971062932966127
36,Centralized,Port_Scanning,-0.05944628188076679,0.1934957234858924,0.20926750038102115,-0.18958313189167167,0.09014083378016878
36,Centralized,Ransomware,-0.00742367583704368,0.0019897789181005598,-0.002088812606517846,-0.0037865949973296545,-0.0009906974452096743
36,Centralized,SQL_injection,0.015005057161042628,0.0005928095235151568,-0.003596044302659055,-0.0030822223644271685,0.005127302774091813
36,Centralized,Uploading,-0.013604850175012284,-0.007485366347961686,-0.01152120039265653,-0.011418721891388903,-0.006897652170272811
36,Centralized,Vulnerability_scanner,-0.003544675244000339,-0.00635999075400799,-0.0040333717648037785,-0.0026829227314981384,-0.0016981208641065097
36,Centralized,XSS,3.401346305196007e-05,-3.139704281719391e-05,3.401346305196007e-05,-4.44791439910247e-05,7.849260704298477e-06
37,0,Backdoor,-0.02000879189868033,-0.0018371936650633987,0.0018737064907442351,-0.001645533069908528,0.029386556497018247
37,0,DDoS_HTTP,0.004406076159770606,0.01406321848647268,0.01028168574425657,0.008576344107274909,-0.01136973263759742
37,0,DDoS_ICMP,4.413190650341033e-05,0.00017853965316702396,5.911555123176982e-05,0.0002122504715044604,-0.0006958536823840455
37,0,DDoS_TCP,-0.0021331402486846657,-0.031476548311292075,-0.02135214215960664,0.00907924267248285,0.02194399308370698
37,0,DDoS_UDP,4.3617330619366566e-05,4.3617330619366566e-05,4.3617330619366566e-05,4.3617330619366566e-05,-0.00017446932247746627
37,0,Fingerprinting,-0.014582362082362074,0.08803354053354052,0.20833268583268563,0.09371535871535872,-0.5037043512043506
37,0,MITM,0.029999999999999995,0.029999999999999995,0.029999999999999995,0.029999999999999995,-0.11999999999999998
37,0,Normal,-0.0001668872531512433,8.357162305444588e-06,-2.7427817166988017e-06,-3.8702734103074346e-05,0.00024211522124501135
37,0,Password,-0.003366308982726424,-0.022302680621229157,0.0023707556997866613,-0.0006378654653736683,0.0008101511684156029
37,0,Port_Scanning,-0.0844005785047351,-0.3935482628918748,0.08315826366664815,0.023136717071502652,0.11126094954429504
37,0,Ransomware,0.01487927585643819,-0.0076801575645244445,0.0022904573647985335,0.004324927524665386,0.0054750757412288555
37,0,SQL_injection,-0.0043703946948847406,-0.005085623568124178,-0.005085623568124178,-0.005803094538144926,-0.005085623568124178
37,0,Uploading,0.020776937222861454,0.02633631900859857,-0.0011701867157192431,0.011037176511736756,0.00972344035705991
37,0,Vulnerability_scanner,-0.004766887498692485,0.007088291727022122,0.0049574184884717985,-0.010433966842648442,0.010972218261458944
37,0,XSS,0.0,0.0,0.0,0.0,0.0
37,1,Backdoor,-0.02053281936944383,-0.0005230425127229655,-0.0003399105782966113,-0.007788045440434184,0.0291838179008976
37,1,DDoS_HTTP,0.0007538107417196469,0.00042704624702110766,0.0030277960776708135,0.001991208160606342,-0.004513105246870907
37,1,DDoS_ICMP,-0.00020782564239551308,0.00016226965967296446,0.000553536651667776,0.00011542514848025634,-0.0008995196214693931
37,1,DDoS_TCP,-0.008054068997749766,-0.04031265186031777,-0.0018167636607159957,0.00354271010918034,0.024085978086876996
37,1,DDoS_UDP,0.00018496470775100637,-6.696670997738408e-05,-1.0981950482186198e-05,-3.897433022978514e-05,-6.804171706165096e-05
37,1,Fingerprinting,-0.044325669346284645,0.02270593029401063,0.15845699839802008,0.022625888829182452,-0.27141760737796433
37,1,MITM,0.0375,0.0375,0.0375,0.0375,-0.15
37,1,Normal,-0.00014297785369538074,-0.00022478572680896072,2.0613541288192854e-05,-1.0353473314979784e-06,0.0003022885626079071
37,1,Password,-0.006642160207737538,-0.027768603997854455,0.002772428598774998,0.0034147495579220513,-0.0004598349229665413
37,1,Port_Scanning,-0.07931132386252011,-0.3267894151687878,0.12287772748956317,-0.00034905186137151135,0.10524226644267151
37,1,Ransomware,0.005074211502782903,0.0013636363636363447,0.0036827458256029435,0.0013636363636363447,-0.0004638218923933198
37,1,SQL_injection,0.000880546899451951,-0.0005479051580273309,-0.0038983397978733006,-0.006775856575800751,-0.003664073885574206
37,1,Uploading,0.00801050968569393,0.007749846820478528,0.0030728503002401034,0.0028032699532550254,0.008456007161275108
37,1,Vulnerability_scanner,-0.0038566325541737408,0.00530210712890821,0.0022141630767560667,-0.010028924876886001,0.009750440592806314
37,1,XSS,0.0,0.0,0.0,0.0,0.0
37,2,Backdoor,-0.02406283816461232,-0.001554576562763384,-0.0009012187973366179,-0.011603939542268979,0.04512515414654576
37,2,DDoS_HTTP,0.001222512439718848,0.014999911267457375,0.01015334046953104,0.008168259057490707,-0.010013948046228065
37,2,DDoS_ICMP,0.00024221798651707742,6.910616728658484e-05,-0.00027861841477538153,0.00019820440275163386,0.0002866869923130252
37,2,DDoS_TCP,0.0027525022953200085,-0.014641182696205159,-0.02662384619380876,0.008743005254794897,0.02003252634015062
37,2,DDoS_UDP,7.027406886858656e-05,7.027406886858656e-05,7.027406886858656e-05,7.027406886858656e-05,-0.00028109627547434624
37,2,Fingerprinting,-0.010628666824319,0.06100109230544013,0.16056698534959402,0.11482458362893146,-0.27576399445964633
37,2,MITM,0.03333333333333333,0.03333333333333333,0.03333333333333333,0.03333333333333333,-0.13333333333333333
37,2,Normal,-0.0001918352267437732,-0.00010115707018513535,2.1452061384967063e-05,-3.092996817144478e-05,0.0003623239368311752
37,2,Password,-0.00421556996540593,-0.024515502763378192,0.0017634185155561324,0.0053156330999257475,0.0035954013609128034
37,2,Port_Scanning,-0.06728897728610168,-0.3264949112504071,0.08860376335896732,0.014642838194828691,0.13591706443796203
37,2,Ransomware,0.006779471794817673,-0.00231549543897361,0.0020118827460886076,0.0038373970922296772,0.0019651375914669904
37,2,SQL_injection,-0.0022182826655683338,-0.00342517452805745,-0.00342517452805745,-0.006262367980115813,-0.0038295780840747473
37,2,Uploading,0.013007740872741095,0.008409088594636268,0.00024973167225940396,0.009868444277017241,0.004187599488340836
37,2,Vulnerability_scanner,0.0017034344993640612,0.006361343008078038,0.004440756778492444,-0.0027132309896291044,0.006619076543959867
37,2,XSS,4.115114680558647e-05,-3.798567397438751e-05,4.115114680558647e-05,-5.381303813038231e-05,9.496418493596878e-06
37,3,Backdoor,-0.02052020946166943,0.004649248322301504,0.001570289745111179,-0.015652375427630146,0.032959168796944695
37,3,DDoS_HTTP,0.0027607949676380058,0.013538452092917656,0.00792632981384034,0.0064259323765895205,-0.008981135404706622
37,3,DDoS_ICMP,-0.00013127381870923216,2.2390929083399015e-05,0.0005452233577197022,-7.468464524930477e-05,-0.0005927504254089943
37,3,DDoS_TCP,0.0033589796192416625,-0.013525965603424134,-0.024360327777644134,0.005953053304364789,0.02003811341045319
37,3,DDoS_UDP,1.4306151645204767e-05,1.4306151645204767e-05,1.4306151645204767e-05,1.4306151645204767e-05,-5.722460658081907e-05
37,3,Fingerprinting,-0.05018287617943673,0.04659137979022154,0.18270506798301714,0.029204482011166908,-0.3320638730029622
37,3,MITM,0.007142857142857145,0.007142857142857145,0.007142857142857145,0.007142857142857145,-0.02857142857142858
37,3,Normal,-0.00029145445911933724,6.896428178895241e-05,1.2744328867473713e-05,-7.713477294123231e-05,0.0003759946229660064
37,3,Password,-0.001997966777359119,-0.028204234362773934,0.000912724031216267,0.007386611406090071,0.001811622796406331
37,3,Port_Scanning,-0.049471519590242354,-0.24742920702834206,0.10166705547767826,-0.018524522830973507,0.10619180846735005
37,3,Ransomware,0.009645877059602207,0.003073994278817482,0.0024842260381138775,0.0040367978074889715,0.002126739758970447
37,3,SQL_injection,-0.0008944340398612578,-0.0008944340398612578,-0.0015041044732309054,-0.0048695072575512055,-0.0027246646808369397
37,3,Uploading,0.015662188654840047,0.016905312763222005,-0.0002156403732891841,0.00974350807449775,0.005812101160872419
37,3,Vulnerability_scanner,-0.0017004031503796424,0.007609578882933001,0.004831834079612879,-0.006307969003860168,0.009247565683100386
37,3,XSS,0.0,0.0,0.0,0.0,0.0
37,4,Backdoor,-0.025063548800690047,-0.002524544426093082,-0.0043220403850333065,-0.010475417995824582,0.037512376002758016
37,4,DDoS_HTTP,0.005201283974572296,-0.021091017405806496,0.0025935682422633583,0.001389080742440176,0.014756087295533522
37,4,DDoS_ICMP,0.00026184603685811735,0.0001695994527531867,-0.0005308198943731579,0.00016920432912821045,-0.0002499069146598994
37,4,DDoS_TCP,-0.0025883497725679512,-0.03007909628781614,-0.0174419437810886,0.006946829316836306,0.023766236825386648
37,4,DDoS_UDP,3.65468308414274e-05,3.65468308414274e-05,3.65468308414274e-05,3.65468308414274e-05,-0.0001461873233657096
37,4,Fingerprinting,-0.05268590263475172,0.05659093164208254,0.10597633102748195,0.08259558536412756,-0.42777106304599916
37,4,MITM,0.001005747126436779,0.001005747126436779,0.001005747126436779,0.001005747126436779,-0.004022988505747116
37,4,Normal,-0.0001893009514466045,-0.00014705676918276475,2.7180698656117017e-05,-0.00010051468048508464,0.00045604003176128447
37,4,Password,-0.0041399991916825874,-0.02220647497234555,-0.0010064891895020765,0.0012977147744115292,0.006363128766308305
37,4,Port_Scanning,-0.07956334495450015,-0.34867416815427105,0.09839679232398642,0.009519711550539647,0.11529032132847314
37,4,Ransomware,0.007996106131894842,-0.005685211929154016,0.006228910364699073,-0.00018578779803063254,0.00197669189200812
37,4,SQL_injection,-0.0014297613394231082,-0.0023123434835352003,-0.007501199471247274,-0.010030392711404951,-0.00661521025178736
37,4,Uploading,0.014315783684303378,0.018115634720737146,0.0008129199543888739,0.0051040429937053025,0.01459566549136759
37,4,Vulnerability_scanner,-0.0055358851483655715,0.003471476272628086,0.0013224701350513402,-0.01190119043187582,0.009563689954651093
37,4,XSS,0.00012580898808443655,-0.00011613137361640297,0.00012580898808443655,-0.00016451944595657087,2.9032843404100742e-05
37,Aggregated,Backdoor,-0.022083482254981003,-0.00012273307957813933,-0.0004665901764610051,-0.009923930337205244,0.034804331710611265
37,Aggregated,DDoS_HTTP,0.0023144652125077067,0.010569284465823708,0.008074943976047544,0.006466904712375833,-0.008180436824123404
37,Aggregated,DDoS_ICMP,5.820126604897021e-05,0.00012448970986493336,2.745751599509035e-05,0.00012809399464965658,-0.0004271079043724831
37,Aggregated,DDoS_TCP,-0.001558788542010873,-0.026729984937153818,-0.017884591937900055,0.006775693123740197,0.0222582348923027
37,Aggregated,DDoS_UDP,6.770141485212822e-05,1.9423339106816595e-05,3.0151800383552512e-05,2.4787569745184552e-05,-0.00014206412408768188
37,Aggregated,Fingerprinting,-0.037807035953623454,0.04876165549252735,0.15979108811574202,0.05581716610341726,-0.3474719646671542
37,Aggregated,MITM,0.008571428571428574,0.008571428571428574,0.008571428571428574,0.008571428571428574,-0.034285714285714294
37,Aggregated,Normal,-0.00019637632866646438,-7.893601221849826e-05,1.5758930735602454e-05,-4.896403581546675e-05,0.00034657382938396524
37,Aggregated,Password,-0.004330043022132643,-0.024890023470055204,0.0015541585566267748,0.0033493386676384743,0.0023731517746396137
37,Aggregated,Port_Scanning,-0.07327477173141562,-0.32921529466379895,0.10087512073892865,0.005223163863187983,0.11293249348799464
37,Aggregated,Ransomware,0.008589896130591475,-0.0018224583454406807,0.0031987909873757566,0.003078300293667739,0.002128515967041846
37,Aggregated,SQL_injection,-0.0015691213481602018,-0.0024278787265001145,-0.004871135531652985,-0.00727438305974659,-0.004777323465138239
37,Aggregated,Uploading,0.014463641109973911,0.01557147362726633,0.0005512913659377367,0.007985848572204622,0.008445390929116508
37,Aggregated,Vulnerability_scanner,-0.0032751980701187233,0.005509903039002589,0.003112252288868559,-0.008897015664465517,0.009284019966895339
37,Aggregated,XSS,3.401346305196007e-05,-3.139704281719391e-05,3.401346305196007e-05,-4.44791439910247e-05,7.849260704298477e-06
37,Centralized,Backdoor,-0.022083482254981003,-0.00012273307957813933,-0.0004665901764610051,-0.009923930337205244,0.034804331710611265
37,Centralized,DDoS_HTTP,0.0023144652125077067,0.010569284465823708,0.008074943976047544,0.006466904712375833,-0.008180436824123404
37,Centralized,DDoS_ICMP,5.820126604897021e-05,0.00012448970986493336,2.745751599509035e-05,0.00012809399464965658,-0.0004271079043724831
37,Centralized,DDoS_TCP,-0.001558788542010873,-0.026729984937153818,-0.017884591937900055,0.006775693123740197,0.0222582348923027
37,Centralized,DDoS_UDP,6.770141485212822e-05,1.9423339106816595e-05,3.0151800383552512e-05,2.4787569745184552e-05,-0.00014206412408768188
37,Centralized,Fingerprinting,-0.037807035953623454,0.04876165549252735,0.15979108811574202,0.05581716610341726,-0.3474719646671542
37,Centralized,MITM,0.008571428571428574,0.008571428571428574,0.008571428571428574,0.008571428571428574,-0.034285714285714294
37,Centralized,Normal,-0.00019637632866646438,-7.893601221849826e-05,1.5758930735602454e-05,-4.896403581546675e-05,0.00034657382938396524
37,Centralized,Password,-0.004330043022132643,-0.024890023470055204,0.0015541585566267748,0.0033493386676384743,0.0023731517746396137
37,Centralized,Port_Scanning,-0.07327477173141562,-0.32921529466379895,0.10087512073892865,0.005223163863187983,0.11293249348799464
37,Centralized,Ransomware,0.008589896130591475,-0.0018224583454406807,0.0031987909873757566,0.003078300293667739,0.002128515967041846
37,Centralized,SQL_injection,-0.0015691213481602018,-0.0024278787265001145,-0.004871135531652985,-0.00727438305974659,-0.004777323465138239
37,Centralized,Uploading,0.014463641109973911,0.01557147362726633,0.0005512913659377367,0.007985848572204622,0.008445390929116508
37,Centralized,Vulnerability_scanner,-0.0032751980701187233,0.005509903039002589,0.003112252288868559,-0.008897015664465517,0.009284019966895339
37,Centralized,XSS,3.401346305196007e-05,-3.139704281719391e-05,3.401346305196007e-05,-4.44791439910247e-05,7.849260704298477e-06
38,0,Backdoor,-0.007657391040759311,-0.007226879527154806,0.001428809413250387,-0.0037219569854632594,0.01583720261898238
38,0,DDoS_HTTP,-0.003292015388252742,-0.0016114976377576112,0.0036320066293065935,0.0034127097039717723,-0.017671936790272912
38,0,DDoS_ICMP,0.00023212955488661203,0.00018165513618776386,0.00019798256451061442,-0.0001545826845037494,-0.0004571845710812409
38,0,DDoS_TCP,0.049171122978778424,0.05411299481595514,-0.04488683608247777,-0.01380561060165327,-0.0025399985380896626
38,0,DDoS_UDP,2.9069767441858295e-05,2.9069767441858295e-05,2.9069767441858295e-05,2.9069767441858295e-05,-0.00011627906976743318
38,0,Fingerprinting,0.15291316526610643,0.12544063779357909,0.20178553472671112,-0.12468505350858293,-0.3554542842778137
38,0,MITM,0.025,0.025,0.025,0.025,-0.1
38,0,Normal,-6.539653094030558e-06,-5.09393145962637e-05,-3.134347942536642e-05,2.5405711690029698e-05,8.788039436622985e-05
38,0,Password,0.0042181979527256734,-0.0021370635012631146,0.009917368203219624,0.0004095035278181766,0.005516381550486184
38,0,Port_Scanning,0.3291373166425957,0.3861565634396163,-0.0368940590554457,-0.17731423125689832,-0.09313249648263966
38,0,Ransomware,-0.007262870833156685,0.00593460359620185,0.0033947783552915724,-0.0038413838692235376,-0.017060882709046637
38,0,SQL_injection,0.019084962139041765,0.0032629562269169436,0.0009068650990263813,-0.0021843875714132347,-0.0012299912365274252
38,0,Uploading,-0.03097169728945152,0.024586355289293888,-0.013816501548822779,0.004332176506717992,0.00594903212162752
38,0,Vulnerability_scanner,5.594874268736542e-05,0.002309032491532942,0.003383308919723873,0.0059139544544815625,0.005785778220763038
38,0,XSS,0.0,0.0,0.0,0.0,0.0
38,1,Backdoor,-0.0045504544944263,-0.0020741693311303916,-0.00315762332956126,-0.0047782395380367385,0.01456048669315471
38,1,DDoS_HTTP,-0.0009313542966760569,0.0006854210661760766,0.0012613051255389695,0.00117122917308392,-0.0038733570482699124
38,1,DDoS_ICMP,-6.653727196881954e-05,0.00021382322313489576,0.0003751827128321783,-0.00018040692416901872,-0.0006205290295547061
38,1,DDoS_TCP,0.05900413503222944,0.07020408001822194,-0.0361131824942512,-0.024995416329011654,-0.010722374928700344
38,1,DDoS_UDP,2.2431598871471466e-05,-8.953792011892428e-05,0.00010642756284846566,-6.154554037132534e-05,2.2224298770312512e-05
38,1,Fingerprinting,0.018381167843410536,0.024892967447315402,0.11205206489594341,-0.06685081452417055,-0.15299151469475683
38,1,MITM,0.029999999999999995,0.029999999999999995,0.029999999999999995,0.029999999999999995,-0.11999999999999998
38,1,Normal,-3.906077359189242e-05,-5.176575280653924e-05,-2.228144427976475e-05,-6.798379584613268e-05,0.00020521295572658213
38,1,Password,0.0006126513325206746,-0.004349079487173022,0.013965693327418227,0.0018233276125414412,0.005827519016272015
38,1,Port_Scanning,0.29605113643482495,0.36302816112974035,-0.002693951679698043,-0.1736359874238242,-0.10068308165792406
38,1,Ransomware,-0.0026733040651003644,0.001909256231745604,0.0028369000165322437,-0.0008458458090707,-0.006792869082826621
38,1,SQL_injection,0.013336596968319996,0.0029857457645771517,0.00024566930727346753,-0.0035351680083681816,-0.0016284685907297345
38,1,Uploading,-0.017259571692884456,0.019203165290674815,-0.008461970482175474,0.0009473702769517455,0.005897707904437498
38,1,Vulnerability_scanner,-0.001308441570115724,0.002673053126560652,0.0022912377861184978,0.0038221835571843723,0.004904890140482123
38,1,XSS,0.0,0.0,0.0,0.0,0.0
38,2,Backdoor,-0.004928962247935599,-0.002587921355557421,-0.006137766642418387,-0.0043051678548081136,0.013271691232794001
38,2,DDoS_HTTP,-0.001871328564840539,-0.003153542380574385,0.005967561688223032,0.004738761047480266,-0.016952993476361953
38,2,DDoS_ICMP,-0.0001336957503265716,3.883662770440832e-05,-0.00011265854637779552,1.7609466243153257e-05,-6.802267123514615e-05
38,2,DDoS_TCP,0.03593024156889612,0.04104576316378862,-0.04092058901070113,-0.004104562779148913,0.001609937309280335
38,2,DDoS_UDP,5.266237710057631e-05,5.266237710057631e-05,-3.508771064950622e-05,5.266237710057631e-05,-0.0001228994206522227
38,2,Fingerprinting,-0.006302308802308798,0.01036435786435786,0.06447691197691197,-0.0710750360750361,-0.24746392496392475
38,2,MITM,0.025,0.025,0.025,0.025,-0.1
38,2,Normal,2.280808134159651e-05,-8.447428422301469e-05,-1.0686070435276622e-05,2.1329100831803578e-05,7.543569904771378e-05
38,2,Password,0.0010794437002976166,-0.0065463188616755,0.009825586215765762,3.756318732833173e-05,0.003756821655909265
38,2,Port_Scanning,0.30971390079209016,0.3780262830434905,-0.014600042387171499,-0.1535618229344079,-0.0834366823723649
38,2,Ransomware,-0.00266014489988675,0.0008706421367862279,0.00663171296280732,-0.00497922852321673,-0.00868966347461125
38,2,SQL_injection,0.0202954722858064,0.0020326696786598215,-0.00037484447820159046,-0.006785229056864674,-0.0007604059880790705
38,2,Uploading,-0.021951849839618568,0.014661625449803685,-0.006572164041230578,0.006072958344801943,0.003131636387903892
38,2,Vulnerability_scanner,-0.006700443216251991,-0.0016201468251624384,0.00511065809860069,0.005617039732216054,0.005175927962647457
38,2,XSS,1.5827364155994797e-05,0.0,1.5827364155994797e-05,-4.748209246798439e-05,1.5827364155994797e-05
38,3,Backdoor,-0.0026220399187326217,-0.0002724791944528182,-0.007604622753133914,-0.008453245227849137,0.01150290773457687
38,3,DDoS_HTTP,-0.0031287511342206376,-0.0038813521251059016,0.004680205022707052,0.0077575107429086985,-0.015462737276218335
38,3,DDoS_ICMP,5.731895414179215e-05,0.00013519983475868876,0.00036720529229667586,-0.0001930071509981553,-0.0008307504610063742
38,3,DDoS_TCP,0.03966823744753845,0.046941891894870406,-0.04319813963985879,-0.010317002183732304,-0.0006780058273198441
38,3,DDoS_UDP,1.4306151645204767e-05,1.4306151645204767e-05,1.4306151645204767e-05,1.4306151645204767e-05,-5.722460658081907e-05
38,3,Fingerprinting,0.0540298348994001,0.05598343685300203,0.13424430641821944,-0.08378536922015183,-0.32610367892976583
38,3,MITM,0.007142857142857145,0.007142857142857145,0.007142857142857145,0.007142857142857145,-0.02857142857142858
38,3,Normal,-3.5375959821345077e-05,-0.00011539997046468576,-5.618332665476289e-05,1.6136010832225785e-05,0.00014626415644085068
38,3,Password,0.006623378585841057,-0.0006932640928105501,0.00509142057609277,0.0019238320697668556,0.007145875767530246
38,3,Port_Scanning,0.2758359756117587,0.3476294570872816,-0.01951316920441572,-0.1716160366196962,-0.08675103362506457
38,3,Ransomware,-0.00575449687421938,0.003745343982744953,0.005359711715440631,-0.00014805797125043893,-0.010472663346272932
38,3,SQL_injection,0.01056355887617433,0.0003963195427591701,9.509894450886874e-05,-0.004188474843172735,0.0004059947920683089
38,3,Uploading,-0.025065684056234206,0.01597214564636448,-0.010368413020087282,0.003869099266898308,0.003697527966879188
38,3,Vulnerability_scanner,-0.007847312291651694,-0.0028531168345650873,0.0042651973127331285,0.00583483448568571,0.005352165205384076
38,3,XSS,0.0,0.0,0.0,0.0,0.0
38,4,Backdoor,-0.006726050061962515,-0.002072906684720057,-0.0025877258780673484,-0.004686750355235992,0.018514273117161213
38,4,DDoS_HTTP,-0.0021962506300924776,0.006046363453643096,0.004901821635792629,-0.01202840787746163,-0.0036018334601884954
38,4,DDoS_ICMP,5.960756898828097e-06,0.00014209569173089242,-0.00010134691742750834,6.737360224012834e-06,-5.3446891426225014e-05
38,4,DDoS_TCP,0.053524755101489255,0.06089783415992755,-0.0429988857848436,-0.015813038328721052,-0.003972452063855795
38,4,DDoS_UDP,-3.607469584080425e-05,-3.607469584080425e-05,-3.607469584080425e-05,-3.607469584080425e-05,0.000144298783363217
38,4,Fingerprinting,0.03755106408806598,0.04822025600725792,0.11973533564615156,-0.07532277231518217,-0.13018388342629325
38,4,MITM,-0.002314814814814814,-0.002314814814814814,-0.002314814814814814,-0.002314814814814814,0.009259259259259255
38,4,Normal,-4.9301068486253447e-05,-3.430794795251287e-05,-3.3675747219110336e-05,-0.00011078957772588383,0.00018172601208081286
38,4,Password,0.001598215665894738,-0.0026347469179646543,0.005695010787226921,0.0017439006594735216,0.006705408985251517
38,4,Port_Scanning,0.3297741962712359,0.3960280194397651,-0.021684677375648595,-0.17081156922811822,-0.09092997400619306
38,4,Ransomware,-0.0028414679935841645,0.0018831914239886745,0.004032006155480587,-0.006685378129817131,-0.006719060117485354
38,4,SQL_injection,0.025440829917611953,0.00263575146934734,0.0007099790801332935,-0.006906103205671578,-0.002493974594532679
38,4,Uploading,-0.024768007160897464,0.01872069044625052,-0.010454599019860079,0.009311023743900526,0.00356099067854841
38,4,Vulnerability_scanner,0.003347788387809392,0.0023911303870061923,0.0010409474789603358,0.0028342410015376332,0.0029843726837051943
38,4,XSS,4.8388072340167905e-05,0.0,4.8388072340167905e-05,-0.0001451642170205037,4.8388072340167905e-05
38,Aggregated,Backdoor,-0.00515276085353039,-0.002543695303664863,-0.003921000995003382,-0.0054038545206806215,0.014635171907440367
38,Aggregated,DDoS_HTTP,-0.00233296597483096,-0.0021406533004615803,0.004312210605676328,0.004239796676781443,-0.013912116061817336
38,Aggregated,DDoS_ICMP,3.0350022863397572e-05,0.0001431682360218937,0.00013074939732536927,-9.611499208947624e-05,-0.0003877816437218499
38,Aggregated,DDoS_TCP,0.048288570131596105,0.05570286495509531,-0.0415975775608361,-0.014316998438165942,-0.0035923982300589
38,Aggregated,DDoS_UDP,1.7198874006494704e-05,-4.258048546977126e-06,1.718712451913943e-05,1.1061820913908318e-06,-3.123413207004784e-05
38,Aggregated,Fingerprinting,0.04733272694003661,0.05021976615924396,0.1268692180294673,-0.0805844289560005,-0.2314996198350851
38,Aggregated,MITM,0.003423423423423422,0.003423423423423422,0.003423423423423422,0.003423423423423422,-0.013693693693693687
38,Aggregated,Normal,-2.117077984274037e-05,-6.762588822855076e-05,-3.0712372498823785e-05,-2.2417990319673064e-05,0.0001389386752349675
38,Aggregated,Password,0.0023627786415603095,-0.0038293499172918316,0.009479812451953458,0.0010542492791419547,0.005510560126768069
38,Aggregated,Port_Scanning,0.3078860555855377,0.3740834511987486,-0.018548177505334676,-0.1702956276612743,-0.09223301924413259
38,Aggregated,Ransomware,-0.004044799583681861,0.0025320239356189265,0.005216698556360263,-0.0036055065437659776,-0.01003478297982775
38,Aggregated,SQL_injection,0.018790583165284577,0.0024155337883533822,0.00043361707147583916,-0.00484261173301509,-0.001404690391861404
38,Aggregated,Uploading,-0.024259904447794637,0.01856954897571953,-0.009952481594189051,0.004839056032373473,0.0044539598104540445
38,Aggregated,Vulnerability_scanner,-0.0015463953199652584,0.0009069210404202055,0.0028210268921724014,0.004425804943748645,0.004509483543117408
38,Aggregated,XSS,1.3082101173830796e-05,0.0,1.3082101173830796e-05,-3.924630352149239e-05,1.3082101173830796e-05
38,Centralized,Backdoor,-0.00515276085353039,-0.002543695303664863,-0.003921000995003382,-0.0054038545206806215,0.014635171907440367
38,Centralized,DDoS_HTTP,-0.00233296597483096,-0.0021406533004615803,0.004312210605676328,0.004239796676781443,-0.013912116061817336
38,Centralized,DDoS_ICMP,3.0350022863397572e-05,0.0001431682360218937,0.00013074939732536927,-9.611499208947624e-05,-0.0003877816437218499
38,Centralized,DDoS_TCP,0.048288570131596105,0.05570286495509531,-0.0415975775608361,-0.014316998438165942,-0.0035923982300589
38,Centralized,DDoS_UDP,1.7198874006494704e-05,-4.258048546977126e-06,1.718712451913943e-05,1.1061820913908318e-06,-3.123413207004784e-05
38,Centralized,Fingerprinting,0.04733272694003661,0.05021976615924396,0.1268692180294673,-0.0805844289560005,-0.2314996198350851
38,Centralized,MITM,0.003423423423423422,0.003423423423423422,0.003423423423423422,0.003423423423423422,-0.013693693693693687
38,Centralized,Normal,-2.117077984274037e-05,-6.762588822855076e-05,-3.0712372498823785e-05,-2.2417990319673064e-05,0.0001389386752349675
38,Centralized,Password,0.0023627786415603095,-0.0038293499172918316,0.009479812451953458,0.0010542492791419547,0.005510560126768069
38,Centralized,Port_Scanning,0.3078860555855377,0.3740834511987486,-0.018548177505334676,-0.1702956276612743,-0.09223301924413259
38,Centralized,Ransomware,-0.004044799583681861,0.0025320239356189265,0.005216698556360263,-0.0036055065437659776,-0.01003478297982775
38,Centralized,SQL_injection,0.018790583165284577,0.0024155337883533822,0.00043361707147583916,-0.00484261173301509,-0.001404690391861404
38,Centralized,Uploading,-0.024259904447794637,0.01856954897571953,-0.009952481594189051,0.004839056032373473,0.0044539598104540445
38,Centralized,Vulnerability_scanner,-0.0015463953199652584,0.0009069210404202055,0.0028210268921724014,0.004425804943748645,0.004509483543117408
38,Centralized,XSS,1.3082101173830796e-05,0.0,1.3082101173830796e-05,-3.924630352149239e-05,1.3082101173830796e-05
39,0,Backdoor,-0.018104496839560873,0.03397356193991354,-1.7832207277546087e-05,-0.020029042501308124,0.010816754515698171
39,0,DDoS_HTTP,-0.00284898851051081,0.007138832721376335,0.006155603496300192,-0.0011551783603927354,-0.016364777161144678
39,0,DDoS_ICMP,0.0002488070649129555,0.00029940409762308124,1.3484404394962605e-05,-0.00017157487243356638,-0.0005918552690859298
39,0,DDoS_TCP,-0.012500476483640817,0.008897232907578368,-0.008008098352065953,-0.03745249073881232,0.024673695988975876
39,0,DDoS_UDP,2.9069767441858295e-05,2.9069767441858295e-05,2.9069767441858295e-05,2.9069767441858295e-05,-0.00011627906976743318
39,0,Fingerprinting,0.17893007834958305,0.1891639964782382,0.00444824926249075,-0.1018694526434464,-0.4221880229620167
39,0,MITM,0.025,0.025,0.025,0.025,-0.1
39,0,Normal,-0.00022607072635978017,0.00025584693839550605,-2.674799761402946e-05,-0.00010084357845222732,3.1212090510492525e-05
39,0,Password,-0.0002240347508090749,-0.00813479885935202,0.001983192200258934,0.005168565007914564,0.0005998903551229668
39,0,Port_Scanning,-0.1192562281413234,0.05555676112592786,0.02723918013037481,-0.3340005448292692,0.16304843279245718
39,0,Ransomware,0.0065316078830868225,0.005125859967874293,0.007136315935288158,-0.009951532530240215,-0.013344657714633496
39,0,SQL_injection,0.008613816208451338,-0.0005151832286973541,-0.006617502033637485,-0.0040225422552581675,0.005340708852937516
39,0,Uploading,0.010920475756430568,0.04323830683679334,-0.006761723416947782,-0.027044590622240818,-0.0273077130676002
39,0,Vulnerability_scanner,0.005930048079925604,0.004828436916932418,0.001362939861469022,-0.005111930012082305,-0.006243057091134424
39,0,XSS,0.0,0.0,0.0,0.0,0.0
39,1,Backdoor,-0.01728590516092725,0.030113980787044532,-0.0053041172039181754,-0.018864144255937822,0.011340185833738711
39,1,DDoS_HTTP,-0.00026894545674053155,0.001916303790804134,0.002256354322104535,0.0004424513730945101,-0.0043461640292626474
39,1,DDoS_ICMP,0.0002622701477521694,0.0003097433021247135,5.644863260456471e-05,-3.6176069911891814e-05,-0.0005922860125695558
39,1,DDoS_TCP,-0.021291415409407363,0.005313926560961768,-0.0014132888028722682,-0.056375741413575806,0.028349921970220113
39,1,DDoS_UDP,8.962084015938787e-05,-7.833343832620576e-05,3.3636080664189996e-05,-5.034105857860682e-05,5.417576081234721e-06
39,1,Fingerprinting,0.11031126625704743,0.07958096599015345,0.0035246210278983853,-0.03689570022733747,-0.15652115304776176
39,1,MITM,0.029999999999999995,0.029999999999999995,0.029999999999999995,0.029999999999999995,-0.11999999999999998
39,1,Normal,-0.0001621070781255507,0.00023443767373278283,-2.2012728374084153e-05,-8.200327110149396e-05,9.701530651586113e-05
39,1,Password,-0.004825532794910307,-0.015005979928996889,0.007149292839714155,0.013218400278645523,0.001260614511930739
39,1,Port_Scanning,-0.12959703439428047,0.0231797649723396,0.03720443753287335,-0.3452038228887982,0.13263394785652674
39,1,Ransomware,0.0034201488737133725,0.0015547241658733408,0.0024638150749642374,-0.0030463890066683708,-0.00439229910788258
39,1,SQL_injection,0.007060590568648181,-8.643293080989832e-05,-0.004679987272859596,-0.003068946268896292,0.0036041056889165573
39,1,Uploading,0.006159488884279152,0.022856744161004087,-0.0017393364389981449,-0.017336381959022665,-0.01383915012484526
39,1,Vulnerability_scanner,0.003795771194985052,0.003757396249169794,-0.0010284350127469717,-0.0016308235071886446,-0.003631282661592931
39,1,XSS,0.0,0.0,0.0,0.0,0.0
39,2,Backdoor,-0.026020352795154942,0.050939528876045956,-0.007032125025423813,-0.030062877596153708,0.012175826540686517
39,2,DDoS_HTTP,-0.0025191844468635816,0.009061348689064554,0.008654708154912788,-0.0019788654661283636,-0.019817810274151505
39,2,DDoS_ICMP,-3.9406489747367825e-05,2.5287610907083943e-05,0.00011207729401156811,4.650715906482731e-06,-0.00010260913107776696
39,2,DDoS_TCP,-0.007033188557402378,0.005518203129200901,-0.013002437236774854,-0.024899536170015227,0.015014169238456176
39,2,DDoS_UDP,3.51123595505598e-05,3.51123595505598e-05,3.51123595505598e-05,3.51123595505598e-05,-0.0001404494382022392
39,2,Fingerprinting,0.11307368557368558,0.12212250712250712,0.04441271691271691,-0.059711862211862206,-0.21989704739704735
39,2,MITM,0.025,0.025,0.025,0.025,-0.1
39,2,Normal,-0.0002767839424813789,0.0003976811322229138,-4.043791960648413e-05,-9.92379567471613e-05,-4.375404709604329e-05
39,2,Password,-0.004406961741241122,-0.010694190879583025,0.0031345862779637215,0.012404060797401528,-0.0006473365525591908
39,2,Port_Scanning,-0.11285375039614243,0.029731780759775225,-0.003976006097156467,-0.3263951341486082,0.12356608061861006
39,2,Ransomware,0.008112654138019924,0.003628152571360499,0.005131463293245633,-0.007724558118860832,-0.009147711883765222
39,2,SQL_injection,0.009988885539098628,0.002311353115108212,-0.008038438166173691,-0.005354801642423501,0.005845916498943253
39,2,Uploading,0.008036073978795402,0.023491063596637732,0.0009314978152747834,-0.018561695352368908,-0.018078035399886307
39,2,Vulnerability_scanner,0.0047293000572713965,0.004284550633318538,0.006229359446104405,-0.004897658103693947,-0.007737654769797186
39,2,XSS,1.5827364155994797e-05,0.0,1.5827364155994797e-05,-4.748209246798439e-05,1.5827364155994797e-05
39,3,Backdoor,-0.01667485698583195,0.04725110189924752,-0.002758161786694885,-0.03197393384013698,0.01169251000726404
39,3,DDoS_HTTP,-0.003522747937759944,0.008115331040737863,0.00807813643757469,-0.0013666217245111652,-0.01517064183526482
39,3,DDoS_ICMP,0.00017666342398965176,0.00015746002134805112,0.00021713060089513977,4.307752112213866e-05,-0.0005943315673549813
39,3,DDoS_TCP,-0.009953347435640563,0.004617780460196673,-0.007766517916507002,-0.026618240313157675,0.020177010704166984
39,3,DDoS_UDP,1.4306151645204767e-05,1.4306151645204767e-05,1.4306151645204767e-05,1.4306151645204767e-05,-5.722460658081907e-05
39,3,Fingerprinting,0.1190223569533914,0.10742389794113925,0.050189465706707084,-0.009334343817102434,-0.26730137678413535
39,3,MITM,0.007142857142857145,0.007142857142857145,0.007142857142857145,0.007142857142857145,-0.02857142857142858
39,3,Normal,-0.000325755189993641,0.00046320596682765115,-4.469303222465933e-05,-0.0002316789049981338,7.441744512732828e-05
39,3,Password,0.0012015639707711116,-0.0037873062018117325,-0.006588431302420926,0.006856119720784817,0.0023180538126767332
39,3,Port_Scanning,-0.10993741507419816,0.020567605361936196,0.03365543655079669,-0.269338045072746,0.13649975766905367
39,3,Ransomware,0.0036874380468603176,0.007461141156650429,0.004286420760086979,-0.007396983773587616,-0.008038016190010109
39,3,SQL_injection,0.004883978527120961,0.00035127572613664475,-0.00571288295685364,-0.0019893917026811768,0.002467020406277207
39,3,Uploading,0.009663047963749305,0.027098300425523646,-0.0018665724204792512,-0.02131023116653441,-0.019600429574624822
39,3,Vulnerability_scanner,0.005539999282060125,0.0034574572044571337,0.006148985947134322,-0.005403121488883241,-0.007137460725666196
39,3,XSS,0.0,0.0,0.0,0.0,0.0
39,4,Backdoor,-0.020890485559014373,0.03944583032647794,-0.009088118831911896,-0.02409674978550057,0.017061859317656615
39,4,DDoS_HTTP,0.0049789559761346126,0.00782242904531743,0.006365010897721176,-0.004468226086106529,0.0002164752702576674
39,4,DDoS_ICMP,0.0001713053372988438,0.00020174488825741205,-5.416164072048664e-05,-6.912423485245049e-05,-0.0002497643499833187
39,4,DDoS_TCP,-0.015621741371144554,0.004916315680660472,-0.009562971190363744,-0.0435753762814666,0.025034339986684008
39,4,DDoS_UDP,-3.607469584080425e-05,-3.607469584080425e-05,-3.607469584080425e-05,-3.607469584080425e-05,0.000144298783363217
39,4,Fingerprinting,0.1630106364946182,0.1444243156199678,-0.038841215357233665,-0.061843164674972466,-0.2067505720823798
39,4,MITM,-0.002314814814814814,-0.002314814814814814,-0.002314814814814814,-0.002314814814814814,0.009259259259259255
39,4,Normal,-0.00020052772230329344,0.00041120031103174156,-7.455194979131275e-05,-0.00024274920422137264,0.00017867921337458664
39,4,Password,-0.0013092735336231926,-0.010391566851667061,-0.0024121854567846477,0.010900052172522582,0.0028218045509231277
39,4,Port_Scanning,-0.13350056291769122,0.025274627534230286,0.018365145285206254,-0.34818244024607814,0.14202873759070958
39,4,Ransomware,0.003782460525767639,0.005090880306628363,0.004657017872765928,-0.001816756238803489,-0.0013828938049410544
39,4,SQL_injection,0.013688791255626677,-8.83780320481406e-05,-0.011041707307016755,-0.004645611554281237,0.007303564679290523
39,4,Uploading,0.012838824787512453,0.03475784453966443,-0.007721353501693421,-0.02376824988992834,-0.023106981259160067
39,4,Vulnerability_scanner,0.004373458733882544,0.0024244123757769334,-0.0028019927170561307,-0.0013677664944191554,-0.001342917960143473
39,4,XSS,4.8388072340167905e-05,0.0,4.8388072340167905e-05,-0.0001451642170205037,4.8388072340167905e-05
39,Aggregated,Backdoor,-0.01964874809887539,0.04070990287671165,-0.004955666084955303,-0.02541317921131644,0.012749366508543308
39,Aggregated,DDoS_HTTP,-0.002261901035112372,0.007129505722419439,0.006830788823457511,-0.0013044432909620105,-0.014510489577009861
39,Aggregated,DDoS_ICMP,0.00016770365864881195,0.00020168874094607844,6.014419466614703e-05,-5.209660560945295e-05,-0.0004223371279563626
39,Aggregated,DDoS_TCP,-0.01370784977081361,0.0058123614943110065,-0.007876621911999874,-0.03887480729280861,0.02301475992002262
39,Aggregated,DDoS_UDP,2.6852277440223928e-05,-5.333106389983818e-06,1.6123816163488015e-05,3.112424838414008e-08,-3.7674111462112264e-05
39,Aggregated,Fingerprinting,0.131535891152164,0.1193156734937819,0.012325528161763903,-0.04742060048258052,-0.23899229266936306
39,Aggregated,MITM,0.003423423423423422,0.003423423423423422,0.003423423423423422,0.003423423423423422,-0.013693693693693687
39,Aggregated,Normal,-0.0002384501206233421,0.000351676365716234,-4.13212395411718e-05,-0.00014999239151152014,6.621086789624179e-05
39,Aggregated,Password,-0.0024466362809999424,-0.010284354678284736,0.0016718403948759513,0.010226204644860537,0.0009850020320415777
39,Aggregated,Port_Scanning,-0.12331504755659857,0.029484936315573036,0.02484762306695388,-0.3286929187178647,0.13928282084389446
39,Aggregated,Ransomware,0.005914474775453423,0.004771122920936654,0.00487708411446911,-0.006767553720666642,-0.00809634560596449
39,Aggregated,SQL_injection,0.009527894267268456,0.00018221795864817824,-0.007693286044600815,-0.003874669511125191,0.005243566406638589
39,Aggregated,Uploading,0.009503635362683052,0.030327884442852237,-0.0032806910121683333,-0.021676920827692733,-0.020538996595356792
39,Aggregated,Vulnerability_scanner,0.004736174573303592,0.003505592102019082,0.001094155258532553,-0.0031940550773388015,-0.004498806634679181
39,Aggregated,XSS,1.3082101173830796e-05,0.0,1.3082101173830796e-05,-3.924630352149239e-05,1.3082101173830796e-05
39,Centralized,Backdoor,-0.01964874809887539,0.04070990287671165,-0.004955666084955303,-0.02541317921131644,0.012749366508543308
39,Centralized,DDoS_HTTP,-0.002261901035112372,0.007129505722419439,0.006830788823457511,-0.0013044432909620105,-0.014510489577009861
39,Centralized,DDoS_ICMP,0.00016770365864881195,0.00020168874094607844,6.014419466614703e-05,-5.209660560945295e-05,-0.0004223371279563626
39,Centralized,DDoS_TCP,-0.01370784977081361,0.0058123614943110065,-0.007876621911999874,-0.03887480729280861,0.02301475992002262
39,Centralized,DDoS_UDP,2.6852277440223928e-05,-5.333106389983818e-06,1.6123816163488015e-05,3.112424838414008e-08,-3.7674111462112264e-05
39,Centralized,Fingerprinting,0.131535891152164,0.1193156734937819,0.012325528161763903,-0.04742060048258052,-0.23899229266936306
39,Centralized,MITM,0.003423423423423422,0.003423423423423422,0.003423423423423422,0.003423423423423422,-0.013693693693693687
39,Centralized,Normal,-0.0002384501206233421,0.000351676365716234,-4.13212395411718e-05,-0.00014999239151152014,6.621086789624179e-05
39,Centralized,Password,-0.0024466362809999424,-0.010284354678284736,0.0016718403948759513,0.010226204644860537,0.0009850020320415777
39,Centralized,Port_Scanning,-0.12331504755659857,0.029484936315573036,0.02484762306695388,-0.3286929187178647,0.13928282084389446
39,Centralized,Ransomware,0.005914474775453423,0.004771122920936654,0.00487708411446911,-0.006767553720666642,-0.00809634560596449
39,Centralized,SQL_injection,0.009527894267268456,0.00018221795864817824,-0.007693286044600815,-0.003874669511125191,0.005243566406638589
39,Centralized,Uploading,0.009503635362683052,0.030327884442852237,-0.0032806910121683333,-0.021676920827692733,-0.020538996595356792
39,Centralized,Vulnerability_scanner,0.004736174573303592,0.003505592102019082,0.001094155258532553,-0.0031940550773388015,-0.004498806634679181
39,Centralized,XSS,1.3082101173830796e-05,0.0,1.3082101173830796e-05,-3.924630352149239e-05,1.3082101173830796e-05
40,0,Backdoor,-0.06682923869788282,0.03710455222640543,-0.014158391831560134,0.01747211584273787,0.021756355457231796
40,0,DDoS_HTTP,0.007310036089772299,0.0103811950473329,0.015947351310526926,-0.002142502890943927,-0.025351686315520743
40,0,DDoS_ICMP,-8.152371247146147e-08,0.00011768533850979498,0.0003195625163929461,0.00011768533850979498,-0.0005548516697000646
40,0,DDoS_TCP,-0.002915848211871603,-0.01464172912072847,0.017238861149740967,0.03814272540037852,-0.0033906598645352653
40,0,DDoS_UDP,1.4530659691952552e-05,1.4530659691952552e-05,1.4530659691952552e-05,1.4530659691952552e-05,-5.812263876781021e-05
40,0,Fingerprinting,0.022398190045248848,0.08917169431875312,0.20207390648567122,0.08917169431875312,-0.4028154851684262
40,0,MITM,0.016666666666666666,0.016666666666666666,0.016666666666666666,0.016666666666666666,-0.06666666666666667
40,0,Normal,-0.0005342358676554174,0.00039854066371397177,-0.00010250525888908328,0.00014446685443586144,9.373360839466752e-05
40,0,Password,0.0009865620311149445,-0.0004776496465613081,0.0029284086494201357,-0.00123531825959865,-0.0006780926241175753
40,0,Port_Scanning,-0.07445551834198817,-0.1427659791208604,0.32809351374282186,0.24202585488630549,-0.07664304491145227
40,0,Ransomware,0.013271677982105474,0.010636370262616077,-0.0014252919666470501,-0.003641649684873503,-0.014338700134576566
40,0,SQL_injection,0.006492754665524588,0.0027450732482350035,-0.0073741526709368895,-0.007831844917922852,0.005968169675100146
40,0,Uploading,0.0209527679797392,0.023673299299863105,-0.0010930380498047176,-0.003806583685324733,-0.045035024917196846
40,0,Vulnerability_scanner,0.00756339646581868,0.001232248779380718,0.0022651694194627723,0.0012499459169808547,-0.016129250737800013
40,0,XSS,0.0,0.0,0.0,0.0,0.0
40,1,Backdoor,-0.06751076739979145,0.03719176831941491,-0.01561283782374433,0.01883152641829028,0.023347547715693095
40,1,DDoS_HTTP,0.002740515215858739,0.0033698407693541045,0.0046371658265294885,-9.485392738747174e-05,-0.010652667884354865
40,1,DDoS_ICMP,-0.0001533780460538555,0.0004743457544840272,0.00024070984574290724,5.558946799570178e-05,-0.0006172670221687807
40,1,DDoS_TCP,-0.009727112597431527,-0.0287200483123395,0.055721577888303585,0.0459200316038428,-0.010795435879949257
40,1,DDoS_UDP,0.0001400070781000684,-0.0001399920183127105,-2.8022499322314744e-05,-0.00011199963856511156,0.0001400070781000684
40,1,Fingerprinting,-0.0023116328642894097,0.06892633813056012,0.06588091541601979,-0.0025901533633981458,-0.1299054673188923
40,1,MITM,0.016666666666666666,0.016666666666666666,0.016666666666666666,0.016666666666666666,-0.06666666666666667
40,1,Normal,-0.0005261101958049482,0.0003419593801966492,-9.134034650255899e-05,0.00017293753539118217,3.722372407216068e-05
40,1,Password,-0.0021017594986653928,-0.005847354560902513,0.0037643562632883516,0.0023420804538960053,-0.001236447492276116
40,1,Port_Scanning,-0.06830423121148245,-0.1502002365596175,0.37146689213655393,0.23448299616227508,-0.07231236478896605
40,1,Ransomware,0.0023092141530584717,0.00276375960760392,-4.308009172472686e-05,0.00045392658348519246,-0.005483820252422857
40,1,SQL_injection,0.005642564311749711,0.0013963578968765474,-0.005304541808218392,-0.00601477941314413,0.004280399012736264
40,1,Uploading,0.011483096511038316,0.012582274491099029,0.0016198087830264888,-0.0008354055209579952,-0.023857949191630954
40,1,Vulnerability_scanner,0.004479376134152028,0.0010561024374949027,0.0014370538595684915,0.001655336667525938,-0.00971216731418712
40,1,XSS,0.0,0.0,0.0,0.0,0.0
40,2,Backdoor,-0.10322724177930319,0.06620808030852623,-0.03241960274762283,0.02919092152524945,0.03678345482383762
40,2,DDoS_HTTP,0.007344893318142099,0.010508899175012357,0.01586744162873726,-0.002922374639495862,-0.026831956409109774
40,2,DDoS_ICMP,5.164850795550402e-05,9.471483009158935e-05,-1.3290454468789514e-05,5.164850795550402e-05,-0.0001847213915338079
40,2,DDoS_TCP,0.0012645394013832522,-0.005809139182768724,-0.003796722954475573,0.02834964049205827,0.0013438639116814736
40,2,DDoS_UDP,1.7550017550016507e-05,1.7550017550016507e-05,1.7550017550016507e-05,1.7550017550016507e-05,-7.020007020006603e-05
40,2,Fingerprinting,0.03737373737373737,0.05589225589225588,0.07967171717171716,0.03737373737373737,-0.21031144781144778
40,2,MITM,0.016666666666666666,0.016666666666666666,0.016666666666666666,0.016666666666666666,-0.06666666666666667
40,2,Normal,-0.0007898060873347379,0.0005720187984837107,-0.00010662473325472692,0.0002527515363530112,9.339501463173453e-05
40,2,Password,-0.0024006305996768108,-0.004118141258620985,0.0018966721319231994,0.0009306905370052396,0.0008566214281110189
40,2,Port_Scanning,-0.0676341774154424,-0.13130401192721525,0.29274819176635253,0.23078161307535913,-0.06486830064977268
40,2,Ransomware,0.0054236326716131005,0.006332100558767308,-0.0027032785735732756,-0.0010195577586442444,-0.0045365025548295135
40,2,SQL_injection,0.009589386138069056,0.003104075055614572,-0.0051562254107435975,-0.009573543761900614,0.00676472375988177
40,2,Uploading,0.013066381090666669,0.01162258246475718,0.001625014608226876,-0.003540650204329392,-0.03188604038221169
40,2,Vulnerability_scanner,0.006026541070376988,0.0004100275035694619,0.0035842264549613423,0.0031212324672829916,-0.018987227996697213
40,2,XSS,1.5827364155994797e-05,0.0,1.5827364155994797e-05,-4.748209246798439e-05,1.5827364155994797e-05
40,3,Backdoor,-0.08453066239852783,0.05406628685948934,-0.022625806334836945,0.02732716709607465,0.030066956496528543
40,3,DDoS_HTTP,0.006610342064133567,0.008355645491104909,0.014586279220911772,-0.003954063609060209,-0.024147077848204797
40,3,DDoS_ICMP,0.00021668802901896508,0.0002553121642314138,0.00023571088783586971,0.0001389880986872316,-0.0008466991797734802
40,3,DDoS_TCP,-0.0006003545683079869,-0.013021585879207261,0.006191732986279219,0.032966647824854214,-0.0008131817676380475
40,3,DDoS_UDP,0.0,0.0,0.0,0.0,0.0
40,3,Fingerprinting,0.07059829059829055,0.08598290598290599,0.09170940170940171,0.061880341880341826,-0.3101709401709399
40,3,MITM,0.0,0.0,0.0,0.0,0.0
40,3,Normal,-0.0009382915717289405,0.0006744502947973926,-0.00016206746645154127,0.0002731030917041873,0.0001750805514645811
40,3,Password,0.0004741198539012832,0.0006441851062533616,-0.00041751627137509063,-0.0016819253263977096,0.0030908695686718943
40,3,Port_Scanning,-0.06663374001608993,-0.1533850428119795,0.300995170735763,0.2178749583027515,-0.06803336206504279
40,3,Ransomware,0.007342205717095455,0.006770800160570844,0.003113485194706304,-0.004034582682932481,-0.013191908389440118
40,3,SQL_injection,0.00580615930515651,0.002481939143367627,-0.0032701624167754046,-0.0072367583122489735,0.0022188222805002377
40,3,Uploading,0.015686079714738753,0.012096959786298584,0.0009062632687717842,-0.0024572692856451865,-0.03358182071141482
40,3,Vulnerability_scanner,0.005371629687981442,0.0001241363171468187,0.0023638735096623326,0.0020584625166063185,-0.01768880064578108
40,3,XSS,0.0,0.0,0.0,0.0,0.0
40,4,Backdoor,-0.0870716482498976,0.04814232048906244,-0.033094341587164754,0.023442771563815062,0.04334539021075243
40,4,DDoS_HTTP,0.004580541647568419,0.002468418062266974,-0.008674632889052658,0.0022161733941052086,-0.0005905002148879443
40,4,DDoS_ICMP,2.4173198935963555e-05,0.00012961722430153514,2.381232356121384e-05,-3.608754461111863e-05,-0.00014151520218759391
40,4,DDoS_TCP,-0.0030673769950937883,-0.01869632054120847,0.02567594747459216,0.04110379461364349,-0.0049196100893017045
40,4,DDoS_UDP,-7.23065798987732e-05,-7.23065798987732e-05,-7.23065798987732e-05,-7.23065798987732e-05,0.0002892263195950928
40,4,Fingerprinting,0.005833333333333334,0.07944444444444444,0.06138888888888889,-0.03444444444444444,-0.1122222222222222
40,4,MITM,-0.004166666666666668,-0.004166666666666668,-0.004166666666666668,-0.004166666666666668,0.016666666666666673
40,4,Normal,-0.000932840155109312,0.0006140283104063115,-0.0003924651014374577,0.00025057406160454155,0.000437528091772991
40,4,Password,-0.0008600786202240229,-0.00263257175797932,0.000366270930625331,-0.00010161298690050669,-0.00024844291923193095
40,4,Port_Scanning,-0.06739003035315334,-0.1526332843810962,0.34926208302447276,0.2446952974472298,-0.07467520818141558
40,4,Ransomware,0.003149032793665026,0.0036685837034598377,-0.007233482400065847,0.0010722415795586507,-0.0006563756766176672
40,4,SQL_injection,0.011546052508071341,0.004291821046905677,-0.00984920128729454,-0.013189091823067002,0.008932681573633194
40,4,Uploading,0.021527235393239013,0.01924960690727955,-0.004604654830880653,-0.0030239006558814155,-0.03616436306926933
40,4,Vulnerability_scanner,0.004471363083553831,0.0012526302292797608,-0.00018247354564209967,-0.0014996411286168966,-0.005327072576615314
40,4,XSS,4.8388072340167905e-05,0.0,4.8388072340167905e-05,-0.0001451642170205037,4.8388072340167905e-05
40,Aggregated,Backdoor,-0.08223214572954896,0.04891637392061311,-0.023929534639663522,0.023582986256092845,0.03140190772783666
40,Aggregated,DDoS_HTTP,0.006236293137371773,0.008377587798411508,0.012720346857015504,-0.002411491504560939,-0.022093486903870377
40,Aggregated,DDoS_ICMP,3.220990353602904e-05,0.00020075525066264496,0.0001591682438931615,6.210751195438273e-05,-0.0004542409100462182
40,Aggregated,DDoS_TCP,-0.0031367937536374087,-0.01665081362305076,0.021331475769591497,0.03804265562646531,-0.0038910918757346534
40,Aggregated,DDoS_UDP,2.038532134738628e-05,-3.325974867905238e-05,-1.1802826125580554e-05,-2.7895518040684426e-05,5.257277149793108e-05
40,Aggregated,Fingerprinting,0.024148089540036423,0.07568706312038614,0.09487940658135101,0.02718341228867499,-0.22189797153044838
40,Aggregated,MITM,-0.001094527363184078,-0.001094527363184078,-0.001094527363184078,-0.001094527363184078,0.004378109452736312
40,Aggregated,Normal,-0.0007418277831231871,0.0005188306425563763,-0.00016842098770175618,0.000218348351314022,0.00016418158509203437
40,Aggregated,Password,-0.0010326368428914415,-0.0030009708964222476,0.001990972904156423,0.00033889208044832566,0.00016924122020739175
40,Aggregated,Port_Scanning,-0.06831824096177982,-0.14719406541242713,0.3357262529607927,0.23527126864125444,-0.07140999456520106
40,Aggregated,Ransomware,0.006382569881961497,0.006295464677840598,-0.0012862668213691863,-0.0016894796430315866,-0.007595946137579099
40,Aggregated,SQL_injection,0.008221144659082242,0.0029863193472813823,-0.006853567641932964,-0.009316934415274349,0.006088829242440435
40,Aggregated,Uploading,0.016486090398706348,0.015746960873064212,-0.00015650247576966166,-0.002776226800342821,-0.0344182963151043
40,Aggregated,Vulnerability_scanner,0.005324080616680769,0.0008860396536957212,0.0015207878992164914,0.0008637620708178399,-0.012017400035081218
40,Aggregated,XSS,1.3082101173830796e-05,0.0,1.3082101173830796e-05,-3.924630352149239e-05,1.3082101173830796e-05
40,Centralized,Backdoor,-0.08223214572954896,0.04891637392061311,-0.023929534639663522,0.023582986256092845,0.03140190772783666
40,Centralized,DDoS_HTTP,0.006236293137371773,0.008377587798411508,0.012720346857015504,-0.002411491504560939,-0.022093486903870377
40,Centralized,DDoS_ICMP,3.220990353602904e-05,0.00020075525066264496,0.0001591682438931615,6.210751195438273e-05,-0.0004542409100462182
40,Centralized,DDoS_TCP,-0.0031367937536374087,-0.01665081362305076,0.021331475769591497,0.03804265562646531,-0.0038910918757346534
40,Centralized,DDoS_UDP,2.038532134738628e-05,-3.325974867905238e-05,-1.1802826125580554e-05,-2.7895518040684426e-05,5.257277149793108e-05
40,Centralized,Fingerprinting,0.024148089540036423,0.07568706312038614,0.09487940658135101,0.02718341228867499,-0.22189797153044838
40,Centralized,MITM,-0.001094527363184078,-0.001094527363184078,-0.001094527363184078,-0.001094527363184078,0.004378109452736312
40,Centralized,Normal,-0.0007418277831231871,0.0005188306425563763,-0.00016842098770175618,0.000218348351314022,0.00016418158509203437
40,Centralized,Password,-0.0010326368428914415,-0.0030009708964222476,0.001990972904156423,0.00033889208044832566,0.00016924122020739175
40,Centralized,Port_Scanning,-0.06831824096177982,-0.14719406541242713,0.3357262529607927,0.23527126864125444,-0.07140999456520106
40,Centralized,Ransomware,0.006382569881961497,0.006295464677840598,-0.0012862668213691863,-0.0016894796430315866,-0.007595946137579099
40,Centralized,SQL_injection,0.008221144659082242,0.0029863193472813823,-0.006853567641932964,-0.009316934415274349,0.006088829242440435
40,Centralized,Uploading,0.016486090398706348,0.015746960873064212,-0.00015650247576966166,-0.002776226800342821,-0.0344182963151043
40,Centralized,Vulnerability_scanner,0.005324080616680769,0.0008860396536957212,0.0015207878992164914,0.0008637620708178399,-0.012017400035081218
40,Centralized,XSS,1.3082101173830796e-05,0.0,1.3082101173830796e-05,-3.924630352149239e-05,1.3082101173830796e-05
41,0,Backdoor,-0.0280183565122901,0.025745425232074046,-0.006136939959418641,-0.016986517769102524,0.02830202665446202
41,0,DDoS_HTTP,0.0007413293739215805,0.012338743381291796,0.0014546682649154365,-0.0007484063807067713,-0.008890459659587754
41,0,DDoS_ICMP,0.00036679465954551443,-0.0002219309770344624,0.00021492189589852884,0.00013112485198849924,-0.0004909104303980801
41,0,DDoS_TCP,0.008323982249847194,0.002278763724829913,0.008846441563259947,0.011073977722677346,0.000404953411803897
41,0,DDoS_UDP,0.0,0.0,0.0,0.0,0.0
41,0,Fingerprinting,0.21568326754085285,-0.15676672255619634,0.19874140307576849,0.10404272942972634,-0.36170067749015106
41,0,MITM,0.0,0.0,0.0,0.0,0.0
41,0,Normal,-0.00019256415237743721,0.00024484440100866847,-8.685211107246072e-05,-7.30020584839064e-05,0.0001963803577273382
41,0,Password,-0.0018146325664655431,-0.002316180633163892,-0.0008354200634667454,0.002351901862382892,0.001393619997234249
41,0,Port_Scanning,0.03917967768705439,0.030892353641957457,0.05149895629659256,0.05441943292326421,-0.0056556295244223394
41,0,Ransomware,0.004987385094240793,0.011366393753696627,0.012405086342464483,-0.007687652068862498,-0.01182302688220275
41,0,SQL_injection,0.009442981139181562,0.002420029149654717,-0.007479019816240396,-0.007716678685538671,0.0005333906691469557
41,0,Uploading,-0.012618337392308967,0.05538983747530241,-0.004642057592884835,-0.008782066502051263,-0.006688187411925331
41,0,Vulnerability_scanner,0.0035041557442615076,0.006726642552076606,0.0005182993915684664,-0.004510728397461866,0.0006596815754345323
41,0,XSS,0.0,0.0,0.0,0.0,0.0
41,1,Backdoor,-0.02139265287120247,0.032833076003759946,-0.007217835121258065,-0.014306474323624342,0.024437261068660187
41,1,DDoS_HTTP,2.5695258059361495e-05,0.0031044694517354523,0.0005060399271056874,-0.0001414049133658492,-0.0034947997235346517
41,1,DDoS_ICMP,0.00010969678936039914,-0.00011908620814325607,0.0004117410313799807,0.0001810546886467886,-0.0005834063012439124
41,1,DDoS_TCP,0.007962670458121341,0.011057225719513257,0.013840027645004438,0.013923560253291436,-0.0019267535049141157
41,1,DDoS_UDP,4.47878075961583e-05,-6.718171139423746e-05,4.47878075961583e-05,-6.718171139423746e-05,4.47878075961583e-05
41,1,Fingerprinting,0.06502521259260172,-0.06871296961756689,0.12065182537190726,0.03254679960884569,-0.1495108679557879
41,1,MITM,0.0,0.0,0.0,0.0,0.0
41,1,Normal,-0.00020870840302693593,0.00022104750232158633,-9.050034798435505e-05,-7.733712623309759e-05,0.0003297314414279051
41,1,Password,-0.0037912875169254447,-0.010741498033017445,-0.0009873574532453387,0.009254697974372358,0.009081095714859972
41,1,Port_Scanning,0.029502172553882825,0.04608465746880155,0.05941011101237096,0.05039085599108571,-0.011893580790044532
41,1,Ransomware,0.0006017060549386018,0.0024752709624497548,0.004331694770199785,0.0006017060549386018,-0.008010377842526744
41,1,SQL_injection,0.007819473641501495,0.001332542523932243,-0.0052692047279070285,-0.0038348818064326577,-4.79296310940458e-05
41,1,Uploading,-0.009477433350781956,0.027215073413167465,0.0006357037797991549,-0.005401552286756162,-0.004318829827561507
41,1,Vulnerability_scanner,0.0024284825413350844,0.0035056355850214974,-5.02429772582839e-05,-0.004628351104881915,0.0007397829936306221
41,1,XSS,0.0,0.0,0.0,0.0,0.0
41,2,Backdoor,-0.032084310498638954,0.043450574220519865,-0.004978905566295209,-0.01927290879901381,0.030877589564259678
41,2,DDoS_HTTP,-0.0018998197043773293,0.010990319250945246,0.003482778071755688,-0.0002093321059944586,-0.005799123568453282
41,2,DDoS_ICMP,8.344160046562058e-06,9.52224834606293e-05,-7.845731687806483e-05,3.012786640554932e-05,-5.5237193034675856e-05
41,2,DDoS_TCP,0.006296293770510802,0.004106464859373826,0.0022458719799056484,0.007631776093464447,0.0015314399866407185
41,2,DDoS_UDP,0.0,0.0,0.0,0.0,0.0
41,2,Fingerprinting,0.07661616161616161,-0.047373737373737373,0.12017676767676772,0.043787878787878785,-0.19320707070707066
41,2,MITM,0.0,0.0,0.0,0.0,0.0
41,2,Normal,-0.0002700372961324397,0.00031961653774532824,-0.00012316001568927205,-5.927112009637322e-05,0.00028235253010075825
41,2,Password,-0.003669321715114484,-0.004603717873700116,-0.000896613382428812,0.008061979117135592,0.005773963446868008
41,2,Port_Scanning,0.043906567646448943,0.04280915791434672,0.045126615011639365,0.05514912243402648,0.001942410137937802
41,2,Ransomware,0.001062211135354572,0.002966664089498374,0.007590828679028858,-0.005358596037521448,-0.008014944383742059
41,2,SQL_injection,0.01225155871625198,0.0026956764316078954,-0.006831727140985635,-0.008028234525017683,-8.72734818565706e-05
41,2,Uploading,-0.007582036096844492,0.04032117722743296,-0.00033344758683776556,-0.0012575038843139407,-0.005337493064843875
41,2,Vulnerability_scanner,0.00037950536634176284,0.0058729999503347894,0.0030028286757051233,0.0007437776452014007,-0.0002116228617674872
41,2,XSS,1.5827364155994797e-05,0.0,1.5827364155994797e-05,-4.748209246798439e-05,1.5827364155994797e-05
41,3,Backdoor,-0.031220644760144016,0.03569502399621408,-0.006676465298685466,-0.022483101007496682,0.02572644104465472
41,3,DDoS_HTTP,-0.0007059099529984727,0.010388804815489601,0.0016043890272527664,0.003007040636533957,-0.007561660030009605
41,3,DDoS_ICMP,0.00014207027067024888,-4.9190516606724875e-05,0.00041311502431491215,0.0001621052558015701,-0.0006681000341800062
41,3,DDoS_TCP,0.006780669270122314,0.007087051535128565,0.009071235274607788,0.010943766353599789,-0.0007551729884452852
41,3,DDoS_UDP,0.0,0.0,0.0,0.0,0.0
41,3,Fingerprinting,0.09944423436750797,-0.06704205711878349,0.1688115465097562,0.07544625167387314,-0.2766599754323537
41,3,MITM,0.0,0.0,0.0,0.0,0.0
41,3,Normal,-0.00039056058022229336,0.0004611409884887211,-0.00014736487245117224,-0.0001250539464957327,0.0003777570308311273
41,3,Password,-0.0011887907377632748,0.0015251191784912957,-0.0032568102347579047,-0.00046897944510467524,0.004959516012636309
41,3,Port_Scanning,0.04048007829741111,0.05359851761752143,0.07176145698245012,0.06452804660097895,-0.013613773934682953
41,3,Ransomware,0.0015005469479399403,0.006336105614302044,0.005284975493985174,-0.0011961277573288205,-0.008309351766946757
41,3,SQL_injection,0.005246394118125714,0.002012628789804565,-0.0031261226114216887,-0.00373216405411652,-0.0004007362423920723
41,3,Uploading,-0.007016639412229514,0.04318530233449052,0.0006107767491861898,-0.0009418720575432008,-0.005167904056773128
41,3,Vulnerability_scanner,0.0012492147679334282,0.007151009716451921,0.0036281445471261775,0.001038456786459696,-3.681114494244464e-05
41,3,XSS,0.0,0.0,0.0,0.0,0.0
41,4,Backdoor,-0.02608039832207535,0.031908258076588134,-0.003889092688084698,-0.015554433666479076,0.03088682376758126
41,4,DDoS_HTTP,0.002660845827507319,-0.004954690490595944,0.00408867290013274,-0.0033809950509290994,0.0015861668138849843
41,4,DDoS_ICMP,0.00016272151898690985,-6.264174041353265e-05,1.0405334648574034e-05,0.00010278939030534118,-0.00021327450352729243
41,4,DDoS_TCP,0.007065612760699208,0.007804905595050493,0.01141180108873418,0.012149543093043887,-0.0010871876676343151
41,4,DDoS_UDP,0.0,0.0,0.0,0.0,0.0
41,4,Fingerprinting,0.11786595276068962,-0.10273555099870887,0.14854872028556237,0.044611984506721346,-0.2082911065542644
41,4,MITM,0.0,0.0,0.0,0.0,0.0
41,4,Normal,-0.0002736628777281869,0.0003089263665035998,-1.9062546710840734e-05,-0.0001336344760121973,0.00027968087380166317
41,4,Password,0.00046046951802205437,-0.0041257315868017735,-0.0018243735714260306,0.0011898186874185668,0.007776252306497629
41,4,Port_Scanning,0.03363416237614061,0.048391072635538754,0.059711067278078324,0.05718481581246204,-0.009543612021893608
41,4,Ransomware,0.0013693249281339895,6.773762654668594e-05,0.004833391919760046,-0.0020742446256718063,-0.004196209848768915
41,4,SQL_injection,0.013870450571400123,0.003951481625249087,-0.010017284003067502,-0.009142673009860032,-0.00039423720197034976
41,4,Uploading,-0.009784338754762643,0.0470329171697036,-0.004093772301677711,-0.00814470777921237,-0.006208218146032036
41,4,Vulnerability_scanner,0.003793233076488863,0.004701294398624734,-0.0016437228878310875,-0.005471100669873113,0.0015173493443710736
41,4,XSS,4.8388072340167905e-05,0.0,4.8388072340167905e-05,-0.0001451642170205037,4.8388072340167905e-05
41,Aggregated,Backdoor,-0.027814507312995382,0.0341253441665383,-0.0057577524933841865,-0.017875395545448,0.027963098188874894
41,Aggregated,DDoS_HTTP,-0.0006023566348536624,0.00917714904282958,0.002064515401814428,0.000554266354983074,-0.0062368574823184085
41,Aggregated,DDoS_ICMP,0.0001688836875870958,-7.719913493122547e-05,0.000183081665164192,0.00012057326796114561,-0.00039533948578120793
41,Aggregated,DDoS_TCP,0.00732733973380462,0.006743378670264175,0.009254577085668203,0.011308425330628287,-0.00043650581905373224
41,Aggregated,DDoS_UDP,8.582769021388733e-06,-1.28741535320831e-05,8.582769021388733e-06,-1.28741535320831e-05,8.582769021388733e-06
41,Aggregated,Fingerprinting,0.10616520787920368,-0.08487430410086158,0.149557211851888,0.05627645292139651,-0.22712456855162644
41,Aggregated,MITM,0.0,0.0,0.0,0.0,0.0
41,Aggregated,Normal,-0.0002667973396468515,0.0003107666751143527,-9.409978334164644e-05,-9.308720557804628e-05,0.0002933711530302234
41,Aggregated,Password,-0.0022985181962943886,-0.004717717076456168,-0.0013175431294869626,0.004959245081551604,0.0058869598393478245
41,Aggregated,Port_Scanning,0.035677070024004734,0.04501506045909475,0.05827552852501436,0.055577459452482346,-0.008839839252559914
41,Aggregated,Ransomware,0.0017673520280185003,0.004581587798940584,0.007152427512049361,-0.0037433288859258914,-0.008345422022587713
41,Aggregated,SQL_injection,0.010228932552837739,0.002669494450233906,-0.007103695811429794,-0.006817636673499728,-0.00010288570973887949
41,Aggregated,Uploading,-0.009222163106091587,0.04309804479597915,-0.0014908625148932902,-0.004632272002669918,-0.005551539796113397
41,Aggregated,Vulnerability_scanner,0.0025057212477729166,0.005350855171802186,0.0006036140360675457,-0.003081452382992339,0.0007027314315433279
41,Aggregated,XSS,1.3082101173830796e-05,0.0,1.3082101173830796e-05,-3.924630352149239e-05,1.3082101173830796e-05
41,Centralized,Backdoor,-0.027814507312995382,0.0341253441665383,-0.0057577524933841865,-0.017875395545448,0.027963098188874894
41,Centralized,DDoS_HTTP,-0.0006023566348536624,0.00917714904282958,0.002064515401814428,0.000554266354983074,-0.0062368574823184085
41,Centralized,DDoS_ICMP,0.0001688836875870958,-7.719913493122547e-05,0.000183081665164192,0.00012057326796114561,-0.00039533948578120793
41,Centralized,DDoS_TCP,0.00732733973380462,0.006743378670264175,0.009254577085668203,0.011308425330628287,-0.00043650581905373224
41,Centralized,DDoS_UDP,8.582769021388733e-06,-1.28741535320831e-05,8.582769021388733e-06,-1.28741535320831e-05,8.582769021388733e-06
41,Centralized,Fingerprinting,0.10616520787920368,-0.08487430410086158,0.149557211851888,0.05627645292139651,-0.22712456855162644
41,Centralized,MITM,0.0,0.0,0.0,0.0,0.0
41,Centralized,Normal,-0.0002667973396468515,0.0003107666751143527,-9.409978334164644e-05,-9.308720557804628e-05,0.0002933711530302234
41,Centralized,Password,-0.0022985181962943886,-0.004717717076456168,-0.0013175431294869626,0.004959245081551604,0.0058869598393478245
41,Centralized,Port_Scanning,0.035677070024004734,0.04501506045909475,0.05827552852501436,0.055577459452482346,-0.008839839252559914
41,Centralized,Ransomware,0.0017673520280185003,0.004581587798940584,0.007152427512049361,-0.0037433288859258914,-0.008345422022587713
41,Centralized,SQL_injection,0.010228932552837739,0.002669494450233906,-0.007103695811429794,-0.006817636673499728,-0.00010288570973887949
41,Centralized,Uploading,-0.009222163106091587,0.04309804479597915,-0.0014908625148932902,-0.004632272002669918,-0.005551539796113397
41,Centralized,Vulnerability_scanner,0.0025057212477729166,0.005350855171802186,0.0006036140360675457,-0.003081452382992339,0.0007027314315433279
41,Centralized,XSS,1.3082101173830796e-05,0.0,1.3082101173830796e-05,-3.924630352149239e-05,1.3082101173830796e-05
42,0,Backdoor,0.0032696031400600884,0.0012794838787143345,-0.007431937801247434,0.0005875588527421834,-0.004384871229649864
42,0,DDoS_HTTP,0.00988759817853132,0.01274353483730194,-0.013047038020387846,0.010415777506482296,-0.01999987250192769
42,0,DDoS_ICMP,0.0002861391461194888,0.00025233962754336127,0.00016765001335355227,0.00026914395749121723,-0.0007735381699191228
42,0,DDoS_TCP,-0.003870519415542271,0.01449245933733505,-0.016405187213135452,-0.012166336731540184,0.014319745184885912
42,0,DDoS_UDP,0.0,0.0,0.0,0.0,0.0
42,0,Fingerprinting,0.15270465230217553,0.15418240714680342,0.1871075043520864,0.16725430257163998,-0.5097337148575535
42,0,MITM,0.0,0.0,0.0,0.0,0.0
42,0,Normal,5.596094474019283e-05,2.7188977362679888e-05,-9.580484290789097e-05,1.7897068680870302e-05,-2.7445311158016036e-05
42,0,Password,-0.004144733302450968,-0.016733820257859137,0.0036393184293051187,0.007524811751232623,0.00408507174281618
42,0,Port_Scanning,-0.05921608714007917,0.052874933661406484,0.056108045825545745,-0.11894133848434092,0.0518475016692553
42,0,Ransomware,0.011150851810545393,-0.0006641667154762517,-0.014135353344970314,0.00940911510233365,-0.005760446852432474
42,0,SQL_injection,0.004661896234541707,0.004661896234541708,-0.013847778956441313,0.002316807779107215,0.007797133988608457
42,0,Uploading,0.013546774257971581,0.029817680167119942,-0.023358394390090034,-0.03489050787325702,-0.035243687597016675
42,0,Vulnerability_scanner,0.003062708598506721,0.003107547977563711,-0.00026660413220560376,0.0021546993395386,-0.008058351783403426
42,0,XSS,0.0,0.0,0.0,0.0,0.0
42,1,Backdoor,-0.0022221504147070135,-0.0009930264558500026,-0.0036857056389847727,-0.004826804108785719,-0.0015491625474565803
42,1,DDoS_HTTP,0.004657794546565988,0.003011376571703586,-0.004856802808584246,0.0026311199027665,-0.005443488212451827
42,1,DDoS_ICMP,9.161558659716758e-05,0.00048801375089499444,0.0006946496143825365,0.0003697873925368282,-0.0010869758482249525
42,1,DDoS_TCP,-0.014825061836693777,0.013342866825924261,0.00946160176766819,-0.02706607120725503,0.012905618899232085
42,1,DDoS_UDP,7.278018734375724e-05,-0.00012318529562363272,-1.1215776633236955e-05,-0.00012318529562363272,0.00018480618053674515
42,1,Fingerprinting,0.053867217999598156,0.0808500650223236,0.17375218577318283,0.09319568087457264,-0.27666514966967726
42,1,MITM,0.0,0.0,0.0,0.0,0.0
42,1,Normal,6.702280327713731e-05,-4.984955310652535e-05,-0.00011518134347695367,-1.3694177579739082e-05,2.4577740338591984e-05
42,1,Password,-0.0030493138453299797,-0.02525445735644557,0.003699164225059671,0.01762455304718345,0.005121310519173287
42,1,Port_Scanning,-0.07536403650786022,0.04762679803339061,0.10219572347554964,-0.14074157889754924,0.045848078888862324
42,1,Ransomware,0.012383509993677046,0.009154747184722055,-0.029426486732286074,0.007800111721175712,8.811783271126158e-05
42,1,SQL_injection,0.004253532517482001,0.003742301874561703,-0.011462347998205613,0.0009249042136985224,0.005362313172020263
42,1,Uploading,0.005547896878842804,0.018635854057351724,-0.013456767673786932,-0.019765562363146395,-0.018488571626819605
42,1,Vulnerability_scanner,0.0010658038995253324,0.0019504014818127876,0.0014073538588400584,0.0005476899805340552,-0.004971249220712234
42,1,XSS,0.0,0.0,0.0,0.0,0.0
42,2,Backdoor,-0.0038088797183284413,-0.00198728064805004,-0.0019434869981368563,-0.0025679681210819,-0.002620859548140936
42,2,DDoS_HTTP,0.009788829034888386,0.013861326429461177,-0.013702258823781097,0.012637540208566446,-0.017835771512850276
42,2,DDoS_ICMP,-4.3178583184755315e-06,5.994150891220721e-05,1.5703668549527094e-05,3.815761535452822e-05,0.0001484459394941647
42,2,DDoS_TCP,0.0011622176081156862,0.013359326387008352,-0.02565023521568089,-0.003666077018411536,0.01351903968791887
42,2,DDoS_UDP,0.0,0.0,0.0,0.0,0.0
42,2,Fingerprinting,0.05796037296037297,0.1226068376068376,0.21225330225330225,0.14556721056721056,-0.28838772338772317
42,2,MITM,0.0,0.0,0.0,0.0,0.0
42,2,Normal,0.00011890314932963738,4.6367715750174805e-05,-0.00027507699221958614,0.0001073253759750222,-4.1003231449693314e-05
42,2,Password,-0.002472450726724493,-0.021849548150451873,0.0003417105423431201,0.015559459820440788,0.0028526701312206666
42,2,Port_Scanning,-0.057721224320893084,0.05879254980654639,0.04073391455792392,-0.11129838639324821,0.059969336825861454
42,2,Ransomware,0.012441144891813367,0.0027559854611376258,-0.02161936793122613,0.009600683403401781,-0.0014246093077449618
42,2,SQL_injection,0.004317840072033713,0.004500041328228552,-0.014839437473230762,0.0019178751546447732,0.004103680918323724
42,2,Uploading,0.008227393355460022,0.013011310251672344,-0.01452985400399835,-0.023780074380601472,-0.02737297750712908
42,2,Vulnerability_scanner,0.004755032377394095,0.0027198333830366684,0.0034445407841200482,0.0002515064538773426,-0.011170912998428158
42,2,XSS,9.496418493596878e-06,9.496418493596878e-06,9.496418493596878e-06,-3.798567397438751e-05,9.496418493596878e-06
42,3,Backdoor,-0.0006513801876658361,-0.0014480092406097655,0.0007875250028275161,-0.005369709955828603,-0.005290437760514755
42,3,DDoS_HTTP,0.006989627384773556,0.012902247889515796,-0.012437120973184205,0.01111141707916004,-0.01521872229778889
42,3,DDoS_ICMP,4.924441248877291e-05,0.0002429429635149342,0.0007466977184443261,0.0002039299997826131,-0.000546602775138642
42,3,DDoS_TCP,-0.004134226773530356,0.01427137089062656,-0.017377312335576,-0.011722677384609201,0.013980657136897298
42,3,DDoS_UDP,0.0,0.0,0.0,0.0,0.0
42,3,Fingerprinting,0.06866737053022476,0.11741380138422604,0.23447546280890516,0.11784108390272086,-0.30030248053083874
42,3,MITM,0.0,0.0,0.0,0.0,0.0
42,3,Normal,6.16762722553177e-05,0.00010293578021960589,-0.00023728537443456487,0.00010567740037640272,-7.52513690586006e-05
42,3,Password,-0.004677566974839107,-0.009668004518723468,-0.00957298162632268,0.004733555243293319,0.003304629981402372
42,3,Port_Scanning,-0.07645112083342856,0.05394069823636464,0.07937374970350249,-0.1364298702845323,0.05183815766076336
42,3,Ransomware,0.010391492643482703,0.00815912260564129,-0.023875060876157223,0.008175281693605128,-0.006466984598523464
42,3,SQL_injection,0.0038231643543665803,0.0038231643543665803,-0.009867093560313777,0.0020122476762176517,0.0038231643543665803
42,3,Uploading,0.008855690622926576,0.01821951073649705,-0.016596798862125253,-0.027348187646234205,-0.029644442168791633
42,3,Vulnerability_scanner,0.0052744977887354905,0.0028348218009468036,0.003946792605892321,-0.0012501168881255613,-0.01080599530744905
42,3,XSS,0.0,0.0,0.0,0.0,0.0
42,4,Backdoor,-0.0034107814060349998,-0.0065901446696707885,-0.0007486926755192987,-0.006759338995573568,0.0006001325478179183
42,4,DDoS_HTTP,0.001619373975267858,-0.012639916732323375,0.006604802255769018,-0.005562909150188192,0.00997864965147469
42,4,DDoS_ICMP,0.00025418320893790257,0.00019301140296419013,-0.00026331898011356937,0.00017746247800190333,-0.00018060498251646907
42,4,DDoS_TCP,-0.006603336109405417,0.014535226578314003,-0.009772017813047562,-0.016864327197618625,0.015223516147790906
42,4,DDoS_UDP,0.0,0.0,0.0,0.0,0.0
42,4,Fingerprinting,0.10225676641789636,0.12208375768416797,0.1567262735189824,0.151097849057606,-0.3988313133453195
42,4,MITM,0.0,0.0,0.0,0.0,0.0
42,4,Normal,1.2967041304144204e-05,-7.466386445657743e-05,-2.8072961170396334e-05,-0.000112594752166012,3.758967061032736e-05
42,4,Password,-0.004697790344361985,-0.020954702509126486,0.0025336250582534826,0.009336011879692368,0.0077202456862657245
42,4,Port_Scanning,-0.06635080296046592,0.05240923725884996,0.0774424435767977,-0.13180713918254328,0.05332890150241561
42,4,Ransomware,0.008637760040621476,-0.00046366528934235394,-0.021811564316986883,0.004866353830472925,0.003564766528885621
42,4,SQL_injection,0.005458521175348671,0.005171726707776287,-0.010498716483667596,0.0017088147171396297,0.006788093727620764
42,4,Uploading,0.011298016743260458,0.02293356116321487,-0.023080582982456677,-0.03112418122200178,-0.028500411061752846
42,4,Vulnerability_scanner,0.001063453038066555,0.0004015315989518468,0.0011696374055294389,0.0008340082198242893,-0.002498639556737048
42,4,XSS,2.9032843404100742e-05,2.9032843404100742e-05,2.9032843404100742e-05,-0.00011613137361640297,2.9032843404100742e-05
42,Aggregated,Backdoor,-0.0014566829045641772,-0.0020965045664000075,-0.0022747530828496785,-0.004093756140437821,-0.0026782533260758597
42,Aggregated,DDoS_HTTP,0.007875767623852304,0.010574776135389137,-0.01098529026389754,0.009443092365460341,-0.014381243200894945
42,Aggregated,DDoS_ICMP,0.000150542629516498,0.0002402435735362011,0.00023108613392655575,0.00020984070610810535,-0.00047242273069334856
42,Aggregated,DDoS_TCP,-0.005911089549522545,0.014164595016099651,-0.011608455477709464,-0.014785939262694786,0.014159695655479004
42,Aggregated,DDoS_UDP,1.3946999659756691e-05,-2.3603305719508785e-05,-2.1463831660369544e-06,-2.3603305719508785e-05,3.540599494529784e-05
42,Aggregated,Fingerprinting,0.08160128539338443,0.11229078710896949,0.19056897127216282,0.12706572676956265,-0.33993932184819725
42,Aggregated,MITM,0.0,0.0,0.0,0.0,0.0
42,Aggregated,Normal,6.39429503472159e-05,1.10942493627475e-05,-0.00015179740017576642,2.236121948212174e-05,-1.6724480844012198e-05
42,Aggregated,Password,-0.0035696709930671962,-0.019912003460007006,0.000914945269491412,0.012038758309347483,0.004488275892585247
42,Aggregated,Port_Scanning,-0.06815457370344236,0.05248762169562573,0.07559113524335818,-0.13023747743137512,0.05176581404583503
42,Aggregated,Ransomware,0.01142813873068409,0.00401544062844657,-0.022019451462960814,0.00842288301271683,-0.002554161974032976
42,Aggregated,SQL_injection,0.004658215332154239,0.0044928637021106315,-0.0117678065103189,0.001747420911344095,0.005924458768625384
42,Aggregated,Uploading,0.009575894393833002,0.02038722807437469,-0.01810296986999663,-0.02751765456978362,-0.028238680530481064
42,Aggregated,Vulnerability_scanner,0.0026562824511475163,0.001871073847526076,0.0018552200322665116,0.0005199686426936468,-0.006578171469410987
42,Aggregated,XSS,7.849260704298477e-06,7.849260704298477e-06,7.849260704298477e-06,-3.139704281719391e-05,7.849260704298477e-06
42,Centralized,Backdoor,-0.0014566829045641772,-0.0020965045664000075,-0.0022747530828496785,-0.004093756140437821,-0.0026782533260758597
42,Centralized,DDoS_HTTP,0.007875767623852304,0.010574776135389137,-0.01098529026389754,0.009443092365460341,-0.014381243200894945
42,Centralized,DDoS_ICMP,0.000150542629516498,0.0002402435735362011,0.00023108613392655575,0.00020984070610810535,-0.00047242273069334856
42,Centralized,DDoS_TCP,-0.005911089549522545,0.014164595016099651,-0.011608455477709464,-0.014785939262694786,0.014159695655479004
42,Centralized,DDoS_UDP,1.3946999659756691e-05,-2.3603305719508785e-05,-2.1463831660369544e-06,-2.3603305719508785e-05,3.540599494529784e-05
42,Centralized,Fingerprinting,0.08160128539338443,0.11229078710896949,0.19056897127216282,0.12706572676956265,-0.33993932184819725
42,Centralized,MITM,0.0,0.0,0.0,0.0,0.0
42,Centralized,Normal,6.39429503472159e-05,1.10942493627475e-05,-0.00015179740017576642,2.236121948212174e-05,-1.6724480844012198e-05
42,Centralized,Password,-0.0035696709930671962,-0.019912003460007006,0.000914945269491412,0.012038758309347483,0.004488275892585247
42,Centralized,Port_Scanning,-0.06815457370344236,0.05248762169562573,0.07559113524335818,-0.13023747743137512,0.05176581404583503
42,Centralized,Ransomware,0.01142813873068409,0.00401544062844657,-0.022019451462960814,0.00842288301271683,-0.002554161974032976
42,Centralized,SQL_injection,0.004658215332154239,0.0044928637021106315,-0.0117678065103189,0.001747420911344095,0.005924458768625384
42,Centralized,Uploading,0.009575894393833002,0.02038722807437469,-0.01810296986999663,-0.02751765456978362,-0.028238680530481064
42,Centralized,Vulnerability_scanner,0.0026562824511475163,0.001871073847526076,0.0018552200322665116,0.0005199686426936468,-0.006578171469410987
42,Centralized,XSS,7.849260704298477e-06,7.849260704298477e-06,7.849260704298477e-06,-3.139704281719391e-05,7.849260704298477e-06
43,0,Backdoor,-0.0303059226033926,0.0030533007023018977,0.027229877882820705,-0.026493620836793186,0.03966855447784105
43,0,DDoS_HTTP,0.0024959494401741535,0.007920510621918066,0.005357578140431035,0.005847141282833701,-0.010056206408982119
43,0,DDoS_ICMP,0.0002524621648948104,3.376016577828304e-05,0.00016748633245867542,0.0002524621648948104,-0.0007061708280265792
43,0,DDoS_TCP,0.013751300392917014,0.008903836607620504,-0.014795737167710744,-0.021368897138606537,0.014957763248218955
43,0,DDoS_UDP,0.0,0.0,0.0,0.0,0.0
43,0,Fingerprinting,0.13352608152480275,0.009948488094268163,0.20443262714362462,0.13352608152480275,-0.48143327828749793
43,0,MITM,0.0,0.0,0.0,0.0,0.0
43,0,Normal,-0.00022854798403757298,9.27066035603108e-06,0.00018399038268246032,-0.0002103678324658853,0.0003122673719096155
43,0,Password,0.0007452643773168598,0.0010316621212480023,6.827072448164726e-05,-0.0016597381095411904,0.003935723273346149
43,0,Port_Scanning,0.05208220585083791,0.024320066022753734,0.06527082812312696,-0.19607099230258698,0.06138426456738292
43,0,Ransomware,0.007378243088226927,-0.0010758608980682945,0.004047319947664454,0.0007494292383089832,-0.006348926625927357
43,0,SQL_injection,0.0009534238040507186,0.0014127534627467922,-0.005867611392442194,-0.003501274617459881,0.0014127534627467922
43,0,Uploading,0.024040456505341104,0.033912367680404794,-0.004518164442161966,-0.0026046008524703438,-0.00021659178111728034
43,0,Vulnerability_scanner,0.0009911565563521703,0.00668794687622513,-0.0033931237029571995,-0.010328294327309103,0.0026832994739679483
43,0,XSS,0.0,0.0,0.0,0.0,0.0
43,1,Backdoor,-0.031728168613748144,-0.0006992598086101495,0.02103406384305331,-0.025844179303454017,0.041174551756774785
43,1,DDoS_HTTP,0.0010857533282171937,0.004256274970347302,0.0013032783383576014,0.0018463536893062414,-0.005128740240220924
43,1,DDoS_ICMP,6.357188855751761e-05,0.0002056042482917094,0.0005490825532509421,0.0003204375050164243,-0.0011386961951165935
43,1,DDoS_TCP,0.013147319916224086,0.0054651843193016395,0.010500912570072875,-0.037632338224633625,0.01413400245322144
43,1,DDoS_UDP,6.717041655371903e-05,-0.0001007838619318746,-1.6806722689077792e-05,-0.0001007838619318746,0.00015120402999910799
43,1,Fingerprinting,0.050506253705160924,0.00797244146034509,0.16658154266906686,0.055541023457383355,-0.28060126129195606
43,1,MITM,0.0,0.0,0.0,0.0,0.0
43,1,Normal,-0.00029578323541615454,-6.497749590610817e-05,0.00016686048543482028,-0.0002702261482256033,0.0004158824781072712
43,1,Password,-0.003493820894434043,-0.006961869521479831,-0.000750441175385938,0.005693064869852037,0.006846689400924585
43,1,Port_Scanning,0.043885338641845316,0.015784416737089538,0.11070511868178068,-0.2035898021280954,0.051817455316152145
43,1,Ransomware,0.0025789599368099955,0.003970425613989955,0.0034973272837487634,-0.0006309630963096262,-0.00384988702951925
43,1,SQL_injection,0.001951462534296713,0.0021856699767980564,-0.006740016683106826,-0.005175452577013695,0.0021283031844699265
43,1,Uploading,0.011346395760228715,0.01713011436119922,0.00016523201461998566,-0.001864730881536604,0.0007501394730470994
43,1,Vulnerability_scanner,0.0010812625741608887,0.00459541891703138,-0.0018372475898231545,-0.007112350378988585,0.0025514215401089687
43,1,XSS,0.0,0.0,0.0,0.0,0.0
43,2,Backdoor,-0.04134382449804227,0.00018538549916819098,0.028722340464404358,-0.03594428533413802,0.05265388814211196
43,2,DDoS_HTTP,0.0026848374214503293,0.006357775653348705,0.003521872461104965,0.0018850608505132057,-0.009741435427527862
43,2,DDoS_ICMP,-3.0213451691174508e-05,0.00012109210204658457,-0.0002046656231594594,3.4302496276961134e-05,7.94844765270882e-05
43,2,DDoS_TCP,0.01200663163249387,0.010010890599725467,-0.024328849565949533,-0.009449126403515648,0.01239786272063966
43,2,DDoS_UDP,0.0,0.0,0.0,0.0,0.0
43,2,Fingerprinting,0.042127039627039634,-0.005396270396270395,0.18210372960372956,0.08303613053613053,-0.30187062937062914
43,2,MITM,0.0,0.0,0.0,0.0,0.0
43,2,Normal,-0.00032193699413240274,-3.909333253554655e-05,0.0002202960745872599,-0.00031734021392116897,0.00045540318230039755
43,2,Password,-0.0010613355562033619,-0.002638734308604334,-0.0011052012598145977,0.00520925278770205,0.004742295128192157
43,2,Port_Scanning,0.04776339913415749,0.03150740692105431,0.047477439894538814,-0.17484267914284793,0.05287328423529355
43,2,Ransomware,0.004418437615733874,-0.0010644907865774932,0.005696084797641069,-0.0013476479978061728,-0.004160433659034563
43,2,SQL_injection,0.0021581361002188638,0.002303897105174736,-0.005183922960449279,-0.0015820073501190575,0.002303897105174736
43,2,Uploading,0.020384186561740188,0.020589330425457165,0.0011760116070994226,0.0007290454513716793,0.0015656282389280908
43,2,Vulnerability_scanner,0.0004706583184836725,0.004238748645293115,-0.00193075052291109,-0.004533101991310792,-4.095736890433743e-05
43,2,XSS,9.496418493596878e-06,9.496418493596878e-06,9.496418493596878e-06,-3.798567397438751e-05,9.496418493596878e-06
43,3,Backdoor,-0.033703419754093446,0.005039169902504511,0.03359122701119306,-0.0348017546474491,0.04283495974849835
43,3,DDoS_HTTP,0.0015399622342738728,0.005704312473150872,0.0026045430056333167,0.0037806463876533646,-0.007485777888984419
43,3,DDoS_ICMP,2.2100290838716895e-05,-1.5494064121004033e-05,0.0005838272973252993,4.145744239488029e-05,-0.0006318909664378925
43,3,DDoS_TCP,0.013943838902471214,0.009581246516648769,-0.0163562448877979,-0.017794109954645365,0.014981518452586062
43,3,DDoS_UDP,0.0,0.0,0.0,0.0,0.0
43,3,Fingerprinting,0.0608419457175428,-0.002231102959949278,0.1975979588176418,0.06580487739643337,-0.32201367897166866
43,3,MITM,0.0,0.0,0.0,0.0,0.0
43,3,Normal,-0.0004180153044066529,2.333990888617928e-05,0.00030156289719012185,-0.00032421913450201846,0.00048186421425295466
43,3,Password,0.00589760742572813,6.151206730154734e-05,4.309661847595135e-05,-0.0016594675592157887,0.007857831638344246
43,3,Port_Scanning,0.050711884460982674,0.023522126060216902,0.08045736925646624,-0.18881660930840588,0.05844868105822177
43,3,Ransomware,0.006463384835885159,0.00046598197225886464,0.0025007965481570137,0.00032156083715115615,-0.0024815616998950297
43,3,SQL_injection,0.002351680814068886,0.0005443572245670783,-0.0030810906930192174,-0.00035930457018382573,0.0005443572245670783
43,3,Uploading,0.02201257271725813,0.02496677773432587,0.0004781792477234879,-0.0018484456871303726,0.0009051433055503534
43,3,Vulnerability_scanner,0.001858741115204123,0.004998683212640309,-0.0010923063245260026,-0.006279072640843411,0.00031441497089542504
43,3,XSS,0.0,0.0,0.0,0.0,0.0
43,4,Backdoor,-0.037486142673901414,-0.002306390078490004,0.021811367407676443,-0.029838887616692327,0.05269322856629031
43,4,DDoS_HTTP,0.0015703618078895883,-0.009020497679305347,-0.0009555469658452775,-0.014654721529853514,0.015024066142097081
43,4,DDoS_ICMP,0.00022652094526093847,0.0001670001880737848,-0.0003512907543574454,0.00027170375355028606,-0.0003139341325275639
43,4,DDoS_TCP,0.01498683561859682,0.008840473493288122,-0.009011453241300899,-0.026854366935320683,0.014937343609443442
43,4,DDoS_UDP,0.0,0.0,0.0,0.0,0.0
43,4,Fingerprinting,0.11316223104754526,0.005872951699442491,0.15055392861726152,0.1338661647949574,-0.4034552761592069
43,4,MITM,0.0,0.0,0.0,0.0,0.0
43,4,Normal,-0.0003412202108084979,-4.526502126515804e-05,0.0002619083411002791,-0.0004276359683063095,0.000547157065911839
43,4,Password,0.0006934818237631813,-0.0020959032843733388,-0.0007360983955456581,-0.0018719938802376462,0.008520446543872264
43,4,Port_Scanning,0.051421614745027204,0.023045855940331896,0.08241196702848333,-0.20266115755977576,0.06075907965087936
43,4,Ransomware,0.003557204668972843,-0.0017419823950097742,0.003991067102835278,-0.005038534665693683,-0.0007677547111046623
43,4,SQL_injection,0.0031617083252330146,0.0024388438240235274,-0.0071257669598016144,-0.004645785716873473,0.002729466916549946
43,4,Uploading,0.022740725273080287,0.03306204411668089,-0.004998591710517568,-0.003383465707075618,0.00105288538756802
43,4,Vulnerability_scanner,0.001104355881540418,0.005004926401811634,-0.002888190312498658,-0.00813370299533129,0.0032320031400869457
43,4,XSS,2.9032843404100742e-05,2.9032843404100742e-05,2.9032843404100742e-05,-0.00011613137361640297,2.9032843404100742e-05
43,Aggregated,Backdoor,-0.034948938806801035,0.0011134384152019375,0.026625460940479448,-0.03081400014087868,0.04589454962987785
43,Aggregated,DDoS_HTTP,0.0020299806414712834,0.005590185083272992,0.0030650806312193793,0.002563634404404842,-0.007526376156968371
43,Aggregated,DDoS_ICMP,0.00012189170092504752,0.00010023078291805562,0.00011585477569167057,0.00018941814958544633,-0.0005273954091202201
43,Aggregated,DDoS_TCP,0.013747163411124511,0.008620688849927595,-0.010438986563911687,-0.0232809428834951,0.014459201637443528
43,Aggregated,DDoS_UDP,1.2873738985669236e-05,-1.931164484453851e-05,-3.2189529294346374e-06,-1.931164484453851e-05,2.8968503632842425e-05
43,Aggregated,Fingerprinting,0.0765971006598623,0.00466286479238476,0.17683411215010073,0.08647912057254528,-0.3445731981748933
43,Aggregated,MITM,0.0,0.0,0.0,0.0,0.0
43,Aggregated,Normal,-0.00032082600677736016,-2.3385916364746888e-05,0.0002262310277709197,-0.00030864456141913764,0.00044149698495780655
43,Aggregated,Password,-9.968726003130498e-05,-0.0024974719959480318,-0.0005755354351047732,0.0019059922750609072,0.006051972137012616
43,Aggregated,Port_Scanning,0.04901411196128778,0.022541957340345524,0.08195508356692338,-0.19553539047159627,0.05713310622911503
43,Aggregated,Ransomware,0.005009455579229477,-0.0001579298289141588,0.00440451592607925,-0.0012207033137282164,-0.003766933736266472
43,Aggregated,SQL_injection,0.0022241828885003643,0.0018725858183979427,-0.0059296454091185835,-0.003487771847226597,0.0019536627363818857
43,Aggregated,Uploading,0.02037518200127353,0.025964443700574137,-0.0014321437576782239,-0.0017191181507202372,0.0008047495399939352
43,Aggregated,Vulnerability_scanner,0.0011114440075848423,0.005034923215051681,-0.002295464987970051,-0.007347086471227593,0.002000353270745829
43,Aggregated,XSS,7.849260704298477e-06,7.849260704298477e-06,7.849260704298477e-06,-3.139704281719391e-05,7.849260704298477e-06
43,Centralized,Backdoor,-0.034948938806801035,0.0011134384152019375,0.026625460940479448,-0.03081400014087868,0.04589454962987785
43,Centralized,DDoS_HTTP,0.0020299806414712834,0.005590185083272992,0.0030650806312193793,0.002563634404404842,-0.007526376156968371
43,Centralized,DDoS_ICMP,0.00012189170092504752,0.00010023078291805562,0.00011585477569167057,0.00018941814958544633,-0.0005273954091202201
43,Centralized,DDoS_TCP,0.013747163411124511,0.008620688849927595,-0.010438986563911687,-0.0232809428834951,0.014459201637443528
43,Centralized,DDoS_UDP,1.2873738985669236e-05,-1.931164484453851e-05,-3.2189529294346374e-06,-1.931164484453851e-05,2.8968503632842425e-05
43,Centralized,Fingerprinting,0.0765971006598623,0.00466286479238476,0.17683411215010073,0.08647912057254528,-0.3445731981748933
43,Centralized,MITM,0.0,0.0,0.0,0.0,0.0
43,Centralized,Normal,-0.00032082600677736016,-2.3385916364746888e-05,0.0002262310277709197,-0.00030864456141913764,0.00044149698495780655
43,Centralized,Password,-9.968726003130498e-05,-0.0024974719959480318,-0.0005755354351047732,0.0019059922750609072,0.006051972137012616
43,Centralized,Port_Scanning,0.04901411196128778,0.022541957340345524,0.08195508356692338,-0.19553539047159627,0.05713310622911503
43,Centralized,Ransomware,0.005009455579229477,-0.0001579298289141588,0.00440451592607925,-0.0012207033137282164,-0.003766933736266472
43,Centralized,SQL_injection,0.0022241828885003643,0.0018725858183979427,-0.0059296454091185835,-0.003487771847226597,0.0019536627363818857
43,Centralized,Uploading,0.02037518200127353,0.025964443700574137,-0.0014321437576782239,-0.0017191181507202372,0.0008047495399939352
43,Centralized,Vulnerability_scanner,0.0011114440075848423,0.005034923215051681,-0.002295464987970051,-0.007347086471227593,0.002000353270745829
43,Centralized,XSS,7.849260704298477e-06,7.849260704298477e-06,7.849260704298477e-06,-3.139704281719391e-05,7.849260704298477e-06
44,0,Backdoor,-0.04144155292723077,0.047113551348971834,-0.012201292177009779,-0.01738251095563811,0.012775311278582457
44,0,DDoS_HTTP,-0.005961437472117678,0.008404839568493591,0.0013832262628218767,-0.0005522968835169015,-0.01951473183545122
44,0,DDoS_ICMP,0.0003430929038393556,-0.00016135893175480142,0.00035968602820490115,-1.0078369813276699e-05,-0.0005313416304761787
44,0,DDoS_TCP,0.0055732596079803185,0.004057663815140665,-0.017204937686004694,0.003877695223679661,0.005149473643052366
44,0,DDoS_UDP,0.0,0.0,0.0,0.0,0.0
44,0,Fingerprinting,0.22880403222508494,-0.12300351695088539,0.268120271541324,-0.001791395738764164,-0.3721293910767596
44,0,MITM,0.0,0.0,0.0,0.0,0.0
44,0,Normal,-0.00031459925238756884,0.000386139518134417,-7.965455662125772e-05,-0.00010343650602919011,4.4938198458951044e-05
44,0,Password,-0.00310554687228451,-0.004039581297188677,0.004446063347347811,0.003931048809519415,0.0011905251601014451
44,0,Port_Scanning,0.010807593299384542,0.0036357632520851186,-0.019068081854503365,0.002745975851537308,0.008790798603845946
44,0,Ransomware,-0.0014980880480198208,0.0009706120170995517,0.007131900092831922,-0.008088288894449598,-0.012514526157003415
44,0,SQL_injection,0.0026433680619335864,-0.0006210524996725586,0.002410813250553427,-0.001253986783010108,0.002410813250553426
44,0,Uploading,0.00795342609537873,0.04493983163277547,-0.023405237580323836,-0.017214814356361716,-0.012273205791468655
44,0,Vulnerability_scanner,-0.0005381124546097368,-0.0022271208131500555,0.003370507648402706,0.001909013419629559,0.0005877916874515351
44,0,XSS,0.0,0.0,0.0,0.0,0.0
44,1,Backdoor,-0.035179950982637355,0.042099163494846284,-0.01020952612986452,-0.014476170060842184,0.013998975165007194
44,1,DDoS_HTTP,-0.0007895372776423234,0.0024957690225014123,0.0003794427308988398,-0.0006545215740080221,-0.004794072987757321
44,1,DDoS_ICMP,9.547486350090691e-05,-4.03386300209585e-05,0.0003043324888474475,-1.722414482739724e-05,-0.0008993350736865728
44,1,DDoS_TCP,0.002307774633427586,0.003528407456654877,-0.007077030743928501,0.0002931126636886753,0.000947735990157363
44,1,DDoS_UDP,5.597346465467945e-05,-0.00011198081383091418,-1.1294840518427662e-08,-8.398843408331524e-05,0.0001400070781000684
44,1,Fingerprinting,0.06533175174009163,-0.053463635347978385,0.09955464267029963,-0.041213481968792744,-0.19520927709362024
44,1,MITM,0.0,0.0,0.0,0.0,0.0
44,1,Normal,-0.0002815615127910842,0.0003336398422185027,-6.798988792785325e-05,-0.00010756345883009185,0.00014994030002620228
44,1,Password,-0.0077886796613548135,-0.010448539753983915,0.006658756796798012,0.008346000218020781,0.004285143447561601
44,1,Port_Scanning,-0.0004591497990507195,0.0030878052961502756,0.01033183266570784,-0.007566883025189425,-0.005393605137617972
44,1,Ransomware,0.0004176050258086835,0.0032005363801686022,0.002272892595381963,-0.004127849519645799,-0.007329047190433287
44,1,SQL_injection,0.0037947657056350476,-0.0009463879341026692,0.001956090919076809,-0.0028346213241564034,0.003912917533049979
44,1,Uploading,0.006186737166415782,0.02337383565069621,-0.01295716729599328,-0.010362255480584903,-0.0057313514109924605
44,1,Vulnerability_scanner,0.0007920719808476602,-0.0028646333985547206,0.0018914026435721191,0.0014794282188546448,0.0006890482776009325
44,1,XSS,0.0,0.0,0.0,0.0,0.0
44,2,Backdoor,-0.047547906064986385,0.06570122147856676,-0.014093781503116232,-0.02323084848331197,0.01213896576834709
44,2,DDoS_HTTP,-0.006969120208217734,0.010149762889516207,0.0018475314062843344,0.0022534027043457686,-0.019358316536330526
44,2,DDoS_ICMP,-6.929790103262038e-05,1.7747731994647667e-05,-6.976649766137025e-05,3.9097324340823617e-05,-0.00017571153163343234
44,2,DDoS_TCP,0.005569871869368775,0.005303905382845568,-0.021535084843297417,0.005197670552279932,0.005463637038803139
44,2,DDoS_UDP,0.0,0.0,0.0,0.0,0.0
44,2,Fingerprinting,0.04943602693602694,-0.08781144781144778,0.09110269360269359,-0.032045454545454544,-0.27068181818181813
44,2,MITM,0.0,0.0,0.0,0.0,0.0
44,2,Normal,-0.0004277970560452297,0.0005456883656048332,-8.90139528505455e-05,-8.820773044286856e-05,4.293315010969005e-05
44,2,Password,-0.007508811245998476,-0.006826570939246906,0.003986769851563091,0.0053308023958623385,0.0021933965403055714
44,2,Port_Scanning,0.008176944059084108,0.006199878025078578,-0.02716069382092663,0.0054034028513792074,0.007380468885384737
44,2,Ransomware,0.0005896119706990351,0.0008296527720936957,0.004007113201068415,-0.0027761725982227187,-0.007945991832976843
44,2,SQL_injection,0.0008293862027572762,-0.0004193507489822307,0.0006534324425311585,-0.002001614233530556,0.000938146337224352
44,2,Uploading,0.005187227467277221,0.03011712934085149,-0.014407962416006222,-0.01167633443646161,-0.009220059955660864
44,2,Vulnerability_scanner,-0.00037660308578078193,-0.0001496752094469182,0.0022774590279850885,0.0014842288155530014,-0.0014400066289609584
44,2,XSS,0.0,0.0,0.0,0.0,0.0
44,3,Backdoor,-0.035769573494701196,0.053764987715744145,-0.006917595837230023,-0.021149675704010287,0.011227146602588892
44,3,DDoS_HTTP,-0.007265590372707439,0.008812394286788056,0.0013873744723735093,0.002910454159606471,-0.017731784049258403
44,3,DDoS_ICMP,7.259686747991453e-05,-0.00015818173259832813,0.0003049361467562924,-2.2716698935097238e-05,-0.000892846901794786
44,3,DDoS_TCP,0.005537364936018169,0.005494207835041907,-0.01801220636688771,0.0032449201045609555,0.004988502822487316
44,3,DDoS_UDP,0.0,0.0,0.0,0.0,0.0
44,3,Fingerprinting,0.06825207440723208,-0.07025663910148137,0.12602518365092952,-0.02766168708623951,-0.3344541699656788
44,3,MITM,0.0,0.0,0.0,0.0,0.0
44,3,Normal,-0.0005390930326875321,0.000622799950848163,-0.0001437691596974877,-0.00013728908222271723,8.825745471878569e-05
44,3,Password,-0.002635555920042522,-0.0006281719384887958,0.002029049086596382,0.00209219710139979,0.0007214290389561871
44,3,Port_Scanning,0.006497367285091506,0.010736542319208885,-0.010849158975539761,-0.006047679697580858,0.006455729710222204
44,3,Ransomware,1.5136469178128608e-05,0.004346559593061089,0.004492499218969065,-0.005603766443700126,-0.01052059133106532
44,3,SQL_injection,0.0010263101817675605,-0.0004797928094839463,0.0007250895835172591,-0.0022979171375684337,0.0010263101817675605
44,3,Uploading,0.0058328959501914536,0.03319112352125665,-0.016835048172588254,-0.01253088180274161,-0.009233981841548182
44,3,Vulnerability_scanner,0.0007431234235106628,-0.001580227150055589,0.0020845462619065057,0.001487751553554358,-0.0018737336464364595
44,3,XSS,0.0,0.0,0.0,0.0,0.0
44,4,Backdoor,-0.041069283057020727,0.05129944793678608,-0.010425737540386162,-0.018535745141054057,0.020404273095254447
44,4,DDoS_HTTP,0.005922026540045903,0.002309326545651242,0.006163500769059072,-0.004394781894675061,0.0021692402092310056
44,4,DDoS_ICMP,0.00019304410305416483,-2.289813773579767e-06,-0.0001107052528067698,-4.760429924304995e-05,-0.00021317786450472293
44,4,DDoS_TCP,0.0037309116077730037,0.00460543179727982,-0.013870859045581118,0.0020902445206471944,0.002862947145502718
44,4,DDoS_UDP,0.0,0.0,0.0,0.0,0.0
44,4,Fingerprinting,0.11485810485810485,-0.06857343274009939,0.11678811928811929,-0.08061046977713643,-0.21579565496232156
44,4,MITM,0.0,0.0,0.0,0.0,0.0
44,4,Normal,-0.00039157157196556915,0.0005640608238436706,-9.05259718279631e-05,-0.0002065251258156986,0.00020167294175906975
44,4,Password,-0.005305910303194685,-0.006489900834279735,0.002206516704569907,0.005841069820884797,0.006084451320979055
44,4,Port_Scanning,0.0037698316159262076,0.006447654487635261,-0.007992633251605293,-0.001840716974408289,-0.0003841358775478865
44,4,Ransomware,0.003454501520643268,0.0038883639545057025,0.0038883639545057025,-0.0025785776777902947,-0.003446302545515164
44,4,SQL_injection,0.0036556653947124665,-0.0018137097722209273,0.0025084867469935706,-0.0037047354694486148,0.0027958267108321075
44,4,Uploading,0.007776736244752084,0.0358626495511291,-0.017833394774983705,-0.015236794971990304,-0.009498393143566973
44,4,Vulnerability_scanner,4.0935854121802263e-05,-0.003320974049080346,0.0023561394749711897,0.0007306589719254242,0.0013579082578178692
44,4,XSS,0.0,0.0,0.0,0.0,0.0
44,Aggregated,Backdoor,-0.03987963735620945,0.05204272091803263,-0.01049337243330284,-0.019047537144519622,0.014186002986903876
44,Aggregated,DDoS_HTTP,-0.005395770453662465,0.007829150225921861,0.0015137309057372658,0.0012292203910038092,-0.01568662105126841
44,Aggregated,DDoS_ICMP,0.00014186143206407765,-7.057624939163879e-05,0.00014855196076999367,-1.4514983548545117e-05,-0.0005197153329831209
44,Aggregated,DDoS_TCP,0.004506679314935361,0.004639798866738628,-0.015473970167869961,0.0028878930052130937,0.0038139808915878927
44,Aggregated,DDoS_UDP,1.0728046730322053e-05,-2.1457337099885696e-05,-4.145464138627375e-10,-1.6093106461517736e-05,2.682281137749524e-05
44,Aggregated,Fingerprinting,0.09706603400885146,-0.07357981361709325,0.13363482277691904,-0.03778814071087368,-0.267684550809452
44,Aggregated,MITM,0.0,0.0,0.0,0.0,0.0
44,Aggregated,Normal,-0.0003905539308140804,0.0004893394592693315,-9.407812778487272e-05,-0.00012767225860040496,0.00010461823458614757
44,Aggregated,Password,-0.005711226617396116,-0.006304990885293641,0.004138045550886159,0.0054223734265521385,0.0029490873397081383
44,Aggregated,Port_Scanning,0.0048891351167161924,0.005900583652147186,-0.008028419577485586,-0.002421820482863239,0.0019549051876203444
44,Aggregated,Ransomware,0.0005346788255422323,0.0024734415652963525,0.004380952249677989,-0.004343211839208592,-0.008723516478963638
44,Aggregated,SQL_injection,0.002732666326733755,-0.001028956386046559,0.0018816605026442937,-0.0026104485587331292,0.0024471475713694073
44,Aggregated,Uploading,0.006535110267964093,0.03374407242611943,-0.01721733436130776,-0.013388667488515246,-0.009284813887683626
44,Aggregated,Vulnerability_scanner,0.00016256122452429356,-0.0022806144495866507,0.0023476678555477324,0.0012918907081200803,0.00012217455728519289
44,Aggregated,XSS,0.0,0.0,0.0,0.0,0.0
44,Centralized,Backdoor,-0.03987963735620945,0.05204272091803263,-0.01049337243330284,-0.019047537144519622,0.014186002986903876
44,Centralized,DDoS_HTTP,-0.005395770453662465,0.007829150225921861,0.0015137309057372658,0.0012292203910038092,-0.01568662105126841
44,Centralized,DDoS_ICMP,0.00014186143206407765,-7.057624939163879e-05,0.00014855196076999367,-1.4514983548545117e-05,-0.0005197153329831209
44,Centralized,DDoS_TCP,0.004506679314935361,0.004639798866738628,-0.015473970167869961,0.0028878930052130937,0.0038139808915878927
44,Centralized,DDoS_UDP,1.0728046730322053e-05,-2.1457337099885696e-05,-4.145464138627375e-10,-1.6093106461517736e-05,2.682281137749524e-05
44,Centralized,Fingerprinting,0.09706603400885146,-0.07357981361709325,0.13363482277691904,-0.03778814071087368,-0.267684550809452
44,Centralized,MITM,0.0,0.0,0.0,0.0,0.0
44,Centralized,Normal,-0.0003905539308140804,0.0004893394592693315,-9.407812778487272e-05,-0.00012767225860040496,0.00010461823458614757
44,Centralized,Password,-0.005711226617396116,-0.006304990885293641,0.004138045550886159,0.0054223734265521385,0.0029490873397081383
44,Centralized,Port_Scanning,0.0048891351167161924,0.005900583652147186,-0.008028419577485586,-0.002421820482863239,0.0019549051876203444
44,Centralized,Ransomware,0.0005346788255422323,0.0024734415652963525,0.004380952249677989,-0.004343211839208592,-0.008723516478963638
44,Centralized,SQL_injection,0.002732666326733755,-0.001028956386046559,0.0018816605026442937,-0.0026104485587331292,0.0024471475713694073
44,Centralized,Uploading,0.006535110267964093,0.03374407242611943,-0.01721733436130776,-0.013388667488515246,-0.009284813887683626
44,Centralized,Vulnerability_scanner,0.00016256122452429356,-0.0022806144495866507,0.0023476678555477324,0.0012918907081200803,0.00012217455728519289
44,Centralized,XSS,0.0,0.0,0.0,0.0,0.0
45,0,Backdoor,-0.04710281362993173,0.056642090559815624,-0.015282566534610766,-0.0024121216772594917,0.07359054724824729
45,0,DDoS_HTTP,0.0019273459651579052,-0.0059818569515696285,0.013875308513682736,0.005925285997971616,-0.01503641664847719
45,0,DDoS_ICMP,0.00039396490460958576,0.0001747382299306081,0.00012399818651423293,0.0002254035940815265,-0.0007162888151585722
45,0,DDoS_TCP,0.006261270540170954,0.0055316197302014295,-0.022067318046957125,0.006382673588789195,0.00534982224761628
45,0,DDoS_UDP,0.0,0.0,0.0,0.0,0.0
45,0,Fingerprinting,0.1872492648963237,0.13424371924371925,0.14695415695415692,0.14209675944970065,-0.4823387723387725
45,0,MITM,0.0,0.0,0.0,0.0,0.0
45,0,Normal,-0.0003633598753190433,0.0003648043271355687,-0.00014552331312776926,7.190728102257626e-06,0.0005589254918503113
45,0,Password,-0.003751708587701645,-0.0023573175552683377,-0.0028541325924234208,0.0027906852992930164,0.002463028381399749
45,0,Port_Scanning,0.005727320878325276,0.002316890293920639,-0.008959234950814342,0.006298741387383339,0.0014551881662610419
45,0,Ransomware,0.013490354536159262,0.007274345146463675,0.009248176205893053,-0.0027191282726198086,-0.013295356626354813
45,0,SQL_injection,-0.0007890909957606523,0.003403375464507677,-0.0038267468187376677,-0.0017250835078205526,0.002937545857811196
45,0,Uploading,0.01609300291678446,0.005062320456343187,0.014326524868128418,-0.012431965606189055,-0.025156396496638242
45,0,Vulnerability_scanner,0.004358653245085006,0.0001711539979755039,-0.0032813732292401978,0.00012856301306345407,-0.0013769970268837659
45,0,XSS,0.0,0.0,0.0,0.0,0.0
45,1,Backdoor,-0.041881492537239835,0.0582971020318793,-0.020084575264249272,-0.005406417592427894,0.06757243336440646
45,1,DDoS_HTTP,0.0003446387714087534,-0.001830285368612472,0.004090304509707365,0.002282148007020912,-0.004886805919524559
45,1,DDoS_ICMP,0.0003006919650874407,0.0004854755399825198,0.00039202682758726994,0.00041834091798778064,-0.0007606655002760328
45,1,DDoS_TCP,0.0017335645187691318,0.0014976778636049497,-0.005192113979423198,0.0017335645187691318,0.0007932715952178963
45,1,DDoS_UDP,2.799237974759894e-05,-8.397713924279682e-05,2.799237974759894e-05,0.0,2.799237974759894e-05
45,1,Fingerprinting,0.09128997359686886,0.12755243274794495,0.12991582847492547,0.0859812489865783,-0.2529213019881357
45,1,MITM,0.0,0.0,0.0,0.0,0.0
45,1,Normal,-0.0003192939573924488,0.00032380761169589024,-0.00016131744682665132,-1.633277180353443e-05,0.0006088992447799442
45,1,Password,-0.006330965684001493,-0.004164592259263592,-0.00295599022413731,0.006431218959708298,0.00393945629370181
45,1,Port_Scanning,-0.005911555886022141,-0.006674678611245805,0.02931436762590928,-0.005911555886022141,-0.008984089483784912
45,1,Ransomware,0.003243896554603916,0.003243896554603916,0.0022779994178672826,-0.002323113754674429,-0.006442678772400686
45,1,SQL_injection,0.0014468088310012192,0.002913559025771221,-0.003022925419768908,-0.0013753386259384285,0.0026172820162554595
45,1,Uploading,0.009595396692196978,0.0037598714936699826,0.007195268691296438,-0.007435999980739722,-0.013114536896423676
45,1,Vulnerability_scanner,0.0031713301649734663,0.00022907806664604902,-0.0037224866592220204,0.0001566551822534919,-9.449610854198969e-06
45,1,XSS,0.0,0.0,0.0,0.0,0.0
45,2,Backdoor,-0.0631284037432355,0.09626142940987643,-0.03311418462080704,-0.007162296933687307,0.09909176190693605
45,2,DDoS_HTTP,-0.005072370994419826,-0.007675361225178537,0.01595959043190868,0.007593724130272207,-0.016071395275990313
45,2,DDoS_ICMP,3.446060677462226e-05,3.337880429084376e-05,-9.43080439604893e-06,-9.107301581725199e-06,0.0002086295689042598
45,2,DDoS_TCP,0.007735650415218426,0.007576070523304501,-0.030144702201304083,0.00789523030713235,0.007576070523304501
45,2,DDoS_UDP,0.0,0.0,0.0,0.0,0.0
45,2,Fingerprinting,0.06595043845043846,0.17688672438672437,0.13744005994005992,0.10790015540015539,-0.23817737817737805
45,2,MITM,0.0,0.0,0.0,0.0,0.0
45,2,Normal,-0.0005553290159477346,0.00046715154441361685,-0.0001672480597206057,7.241567444137657e-05,0.0007267996257089219
45,2,Password,-0.004295864391918541,-0.005076157031985649,0.0014998260204634778,0.003731721679309948,0.0031368749608888307
45,2,Port_Scanning,0.00785589860322956,0.006669658982826243,-0.025492396310901656,0.009042138223632878,0.006669658982826243
45,2,Ransomware,0.004856724587864173,0.004556704229443174,0.0049636119351584495,-0.00296199347756377,-0.007895985691324407
45,2,SQL_injection,0.00011969986123139496,1.0939726764319183e-05,-0.0006615613203702492,0.00041122187114314007,0.00011969986123139496
45,2,Uploading,0.014707626809291845,0.0006788346125911888,0.012234415184473288,-0.010563203304020123,-0.01705767330233621
45,2,Vulnerability_scanner,0.0027515609449751325,-0.0025171751516498402,0.0016878050155069177,0.0011016472562058103,-0.00302383806503802
45,2,XSS,0.0,0.0,0.0,0.0,0.0
45,3,Backdoor,-0.046462895398348324,0.08251555148663317,-0.023384648747252063,-0.011160128868626907,0.08580399797198858
45,3,DDoS_HTTP,-0.0034675311624926394,-0.008392857460586501,0.012654919136280838,0.007963912691839072,-0.014546216811199782
45,3,DDoS_ICMP,0.00011522924707835039,0.00038578452771418547,0.0005799715530642531,0.00021210512483398335,-0.0003645912294639749
45,3,DDoS_TCP,0.006097890496658661,0.007103436413326927,-0.02387080907727768,0.006790220535675081,0.005962628046861215
45,3,DDoS_UDP,0.0,0.0,0.0,0.0,0.0
45,3,Fingerprinting,0.08216623951017657,0.16480132252889118,0.19769270087842294,0.10419738654950271,-0.2440957447050889
45,3,MITM,0.0,0.0,0.0,0.0,0.0
45,3,Normal,-0.0006102185735793723,0.0007398793723338866,-0.0001912823958213979,1.3397474548944762e-06,0.0009746241620494663
45,3,Password,-0.002158717862320663,-0.004501446401258902,0.0016511051002504643,0.001595653558141553,0.006090065134095486
45,3,Port_Scanning,-0.0001184505216843786,0.002690676698258578,0.0021564217175567965,0.0009911916589525837,0.0010052024784291162
45,3,Ransomware,0.005656842420653509,0.004146958413202517,0.004613645757263642,-0.0003806984999284243,-0.010420599559239675
45,3,SQL_injection,0.00030122059825030134,0.00030122059825030134,-0.000903661794750904,0.0,0.00030122059825030134
45,3,Uploading,0.014496631527577835,0.005101632265390133,0.012376192560560662,-0.012076051140690077,-0.01989840521283855
45,3,Vulnerability_scanner,0.0035852439959165186,-0.0028250636916055246,0.0007929487707555731,0.0012126652323613781,-0.0027657943074279453
45,3,XSS,0.0,0.0,0.0,0.0,0.0
45,4,Backdoor,-0.05250546506752936,0.07886724029747391,-0.03222081787094817,-0.007575747512296619,0.08620318589513423
45,4,DDoS_HTTP,0.0038126335054462705,0.0003960315921065697,0.005211942451925025,-0.00711471657284721,-0.0023058909766306593
45,4,DDoS_ICMP,0.00034169462226335545,-8.413390684026505e-05,-6.841953621394836e-05,0.0002958200209540555,-0.00012342947445889707
45,4,DDoS_TCP,0.005420385670508536,0.005662864618126695,-0.01989198042271449,0.005032901116935198,0.004939258840782305
45,4,DDoS_UDP,0.0,0.0,0.0,0.0,0.0
45,4,Fingerprinting,0.13615123148456484,0.17914505864505859,0.14418474118474123,0.15237377437377436,-0.36185480568813916
45,4,MITM,0.0,0.0,0.0,0.0,0.0
45,4,Normal,-0.000551453187288048,0.0008597469380079677,-0.0003801377219953495,-0.00010331639929157718,0.0009174248668586737
45,4,Password,-0.005603836685542535,-0.0012911807366123075,-0.006093694473075387,0.002984818587979024,0.0069176233265646455
45,4,Port_Scanning,-7.322843835649665e-05,0.0011583692015587085,0.002147334534439014,0.0001320378349627042,-0.00090131785277352
45,4,Ransomware,0.0009435653876598837,-0.0003580219139274199,0.00441446485855936,-0.002500004166145912,-0.002500004166145912
45,4,SQL_injection,0.0006949948150395481,0.0018408108882371035,-0.0039219745123823205,-0.0004549144385498305,0.0018410832476554993
45,4,Uploading,0.012289938916839422,0.006853969700964837,0.008162341300375398,-0.00972518017033021,-0.018117533504989174
45,4,Vulnerability_scanner,0.002937112491053495,0.0017357203238144991,-0.004265929040377037,-0.0003144450157915775,0.0007472916396011516
45,4,XSS,0.0,0.0,0.0,0.0,0.0
45,Aggregated,Backdoor,-0.04998196356058781,0.07528902958846201,-0.025059793813573986,-0.007099440057618731,0.08273807376875017
45,Aggregated,DDoS_HTTP,-0.0021155420647657286,-0.00631141489319487,0.012186547775549538,0.006021833418940261,-0.013039887896313647
45,Aggregated,DDoS_ICMP,0.0002495479373501493,0.00017680747589473209,0.00018445447240587423,0.00023054797015082765,-0.00034722245163471
45,Aggregated,DDoS_TCP,0.0054348209043117955,0.005480459251212975,-0.020197556625893686,0.005543099637601325,0.00490683939400594
45,Aggregated,DDoS_UDP,5.364230638367958e-06,-1.6092691915103874e-05,5.364230638367958e-06,0.0,5.364230638367958e-06
45,Aggregated,Fingerprinting,0.10926531567122116,0.15200283252615848,0.15233682085089,0.1131920651221619,-0.3034887634937398
45,Aggregated,MITM,0.0,0.0,0.0,0.0,0.0
45,Aggregated,Normal,-0.0004789826999707129,0.000547171328709319,-0.00020731786914127508,-6.66565051744746e-06,0.0007551186322541611
45,Aggregated,Password,-0.004616205427872541,-0.0036746808334520427,-0.001612845408536322,0.003782569276477619,0.004181335367682503
45,Aggregated,Port_Scanning,0.00047105893963429827,0.0002820720785446984,0.003640088792373806,0.0009467561714207003,-0.0013437843485251714
45,Aggregated,Ransomware,0.0056479188918892535,0.004103933502243791,0.0053143288609549385,-0.002328560831433213,-0.008489590276344093
45,Aggregated,SQL_injection,0.0004106092331551019,0.0019053441606063889,-0.0028607478927227875,-0.0007151116296520192,0.0017647788696484275
45,Aggregated,Uploading,0.013644300992510964,0.004241604690610492,0.011159725530888807,-0.01063628189733236,-0.01897632750158029
45,Aggregated,Vulnerability_scanner,0.0032673252022071366,-0.00023054470898154858,-0.002213879965486711,0.0003297517252201232,-0.0009018371037240273
45,Aggregated,XSS,0.0,0.0,0.0,0.0,0.0
45,Centralized,Backdoor,-0.04998196356058781,0.07528902958846201,-0.025059793813573986,-0.007099440057618731,0.08273807376875017
45,Centralized,DDoS_HTTP,-0.0021155420647657286,-0.00631141489319487,0.012186547775549538,0.006021833418940261,-0.013039887896313647
45,Centralized,DDoS_ICMP,0.0002495479373501493,0.00017680747589473209,0.00018445447240587423,0.00023054797015082765,-0.00034722245163471
45,Centralized,DDoS_TCP,0.0054348209043117955,0.005480459251212975,-0.020197556625893686,0.005543099637601325,0.00490683939400594
45,Centralized,DDoS_UDP,5.364230638367958e-06,-1.6092691915103874e-05,5.364230638367958e-06,0.0,5.364230638367958e-06
45,Centralized,Fingerprinting,0.10926531567122116,0.15200283252615848,0.15233682085089,0.1131920651221619,-0.3034887634937398
45,Centralized,MITM,0.0,0.0,0.0,0.0,0.0
45,Centralized,Normal,-0.0004789826999707129,0.000547171328709319,-0.00020731786914127508,-6.66565051744746e-06,0.0007551186322541611
45,Centralized,Password,-0.004616205427872541,-0.0036746808334520427,-0.001612845408536322,0.003782569276477619,0.004181335367682503
45,Centralized,Port_Scanning,0.00047105893963429827,0.0002820720785446984,0.003640088792373806,0.0009467561714207003,-0.0013437843485251714
45,Centralized,Ransomware,0.0056479188918892535,0.004103933502243791,0.0053143288609549385,-0.002328560831433213,-0.008489590276344093
45,Centralized,SQL_injection,0.0004106092331551019,0.0019053441606063889,-0.0028607478927227875,-0.0007151116296520192,0.0017647788696484275
45,Centralized,Uploading,0.013644300992510964,0.004241604690610492,0.011159725530888807,-0.01063628189733236,-0.01897632750158029
45,Centralized,Vulnerability_scanner,0.0032673252022071366,-0.00023054470898154858,-0.002213879965486711,0.0003297517252201232,-0.0009018371037240273
45,Centralized,XSS,0.0,0.0,0.0,0.0,0.0
46,0,Backdoor,-0.05856703639579736,0.03383849113680763,0.0054334190523643265,-0.035465875249186415,-0.006009667541521994
46,0,DDoS_HTTP,0.002312401540536265,0.005948412042255746,0.006850216784132991,0.0017805229434015208,-0.012925792903696479
46,0,DDoS_ICMP,0.00024245704687235378,0.00024245704687235378,-1.0793712603879291e-05,0.00019192137281599705,-0.0008678578539342063
46,0,DDoS_TCP,-0.003250433572287289,0.0006932151043217519,-0.0025951759551635922,0.0022113723275089168,0.0022113723275089168
46,0,DDoS_UDP,0.0,0.0,0.0,0.0,0.0
46,0,Fingerprinting,0.11070429026311376,0.11070429026311376,0.10264328808446455,0.0923219373219373,-0.5445789341377573
46,0,MITM,0.0,0.0,0.0,0.0,0.0
46,0,Normal,-0.0004025387113270292,0.00030000730911863285,2.122988182242658e-05,-0.00024002793421574187,-0.00010070790403961342
46,0,Password,0.0013999583315338843,0.0006671480214676636,0.00418233785459835,-0.002241630025571386,-0.0027208782748233515
46,0,Port_Scanning,-0.018001796083104083,0.0018541725667758839,-0.005238790400825466,0.008988015598213031,0.008988015598213033
46,0,Ransomware,0.0020233868236913142,0.0019811415889596394,0.0055891203599565936,-0.0031464782479460347,-0.011197375274866231
46,0,SQL_injection,0.0009650498944150599,0.0010399514523674685,0.0005748418296071478,-0.001757196185907381,-0.0008226469904822953
46,0,Uploading,-0.02986243619212626,0.013277544952154222,-0.02446102771637646,-0.009075587663126524,0.01792343000292964
46,0,Vulnerability_scanner,-0.007608658367631066,-0.006590611781234214,0.001789786327747759,0.0032004533226692796,0.004854903458866419
46,0,XSS,0.0,0.0,0.0,0.0,0.0
46,1,Backdoor,-0.049191392470437224,0.033842625386160625,0.0015436964833231888,-0.03657879323127613,-0.005606448351078097
46,1,DDoS_HTTP,6.49507998710173e-05,0.0016590434217884614,0.002397036789232899,-0.0005666792637241245,-0.0035543517471682533
46,1,DDoS_ICMP,7.221054681129472e-05,0.00021234473716543928,0.0003962525255554979,0.00028382223864807746,-0.0009646300481803094
46,1,DDoS_TCP,-0.004120841967188939,0.00071948167635796,0.0005945809546668531,0.00104955968533579,0.001191255133890425
46,1,DDoS_UDP,2.798108490708051e-05,-8.398843408331524e-05,2.798108490708051e-05,-8.398843408331524e-05,0.00011201469835246947
46,1,Fingerprinting,0.05498708755601649,0.05632842205815642,0.13450626390510848,0.04060635342911107,-0.2864281269483927
46,1,MITM,0.0,0.0,0.0,0.0,0.0
46,1,Normal,-0.0003699811157898266,0.0002729209154940108,1.6169990359837792e-05,-0.0003223042899291632,-3.2568180588058807e-05
46,1,Password,0.006186775786870277,-0.006304179265271564,0.0077721380821933915,-0.00030994314150410246,-0.0047914788644550866
46,1,Port_Scanning,-0.01615383553078273,0.0006120183249008759,0.00988967893489437,0.001681385047658246,0.0021382654644949706
46,1,Ransomware,0.0020352504638218843,0.0015714285714285643,0.0015714285714285643,-0.002111317254174379,-0.003066790352504634
46,1,SQL_injection,0.0033935347176392784,0.0009870107284643977,-0.0009097903493437059,-0.002796023395712672,-0.0006747317010473
46,1,Uploading,-0.0168366037635549,0.009646598168274564,-0.013328625689408794,-0.00352090496821217,0.011454036936895796
46,1,Vulnerability_scanner,-0.0046302043087311584,-0.0029521265406635853,0.0011599055778218274,0.0016977394195673956,0.00272272710099735
46,1,XSS,0.0,0.0,0.0,0.0,0.0
46,2,Backdoor,-0.07592608900259229,0.052200313002389184,0.0011451382886464485,-0.04847917355676311,-0.017394716363813463
46,2,DDoS_HTTP,1.0768344809861108e-05,0.008775059899492102,0.010397083180036064,0.0028674930449186886,-0.011555894464526931
46,2,DDoS_ICMP,-0.00012522721386129903,4.716057462501033e-05,3.0237824205877247e-06,-1.7366481455009333e-05,9.24093382707103e-05
46,2,DDoS_TCP,6.757341341357045e-05,0.0012846723239011352,-0.0047194898446866,0.0016038321077289845,0.0017634119996429091
46,2,DDoS_UDP,0.0,0.0,0.0,0.0,0.0
46,2,Fingerprinting,0.018836718836718835,0.07565490065490067,0.18324869574869573,0.03809523809523809,-0.3158355533355532
46,2,MITM,0.0,0.0,0.0,0.0,0.0
46,2,Normal,-0.0005054696810798768,0.0004425708128144856,6.129697381970778e-05,-0.0003306740462498403,-0.00016803373595052537
46,2,Password,0.005627722532265263,-0.002445779860752138,0.005666711113145797,-0.0015230333909606315,-0.004127546289033125
46,2,Port_Scanning,-0.006782875140607044,0.0025540717499154394,-0.007996777831559181,0.006112790611125392,0.006112790611125392
46,2,Ransomware,0.0015127689534157995,0.0015184920121268485,0.003307092733914119,-0.0039065762306637036,-0.004197002534988983
46,2,SQL_injection,-0.00024972799183255363,0.0004366996384055753,0.000727849335959592,-0.0016062300672532374,0.0006914090847206238
46,2,Uploading,-0.021186229990462692,0.0006414186739515104,-0.017921604615410577,-0.007661583339502859,0.011241594771615104
46,2,Vulnerability_scanner,-0.010181442815731353,-0.008347075248782228,0.0015429516991066724,0.0037518862201833315,0.0053855781198973215
46,2,XSS,0.0,0.0,0.0,0.0,0.0
46,3,Backdoor,-0.0736565556720714,0.03963432136387828,-0.0003350002324704615,-0.04863890453920456,-0.010766692778539153
46,3,DDoS_HTTP,-0.00024387406273668476,0.007042236279382225,0.009023150610988464,0.0042184839901992215,-0.012812222916667693
46,3,DDoS_ICMP,-5.12226386434426e-05,-5.12226386434426e-05,0.0006847288368298787,-5.12226386434426e-05,-0.0005310609208995509
46,3,DDoS_TCP,-0.003584853994923772,0.0018146750377469971,-0.003215114433544349,0.0017600749900214447,0.0023982911035115386
46,3,DDoS_UDP,0.0,0.0,0.0,0.0,0.0
46,3,Fingerprinting,0.02776434110739386,0.027764341107393863,0.21452559864071016,0.02776434110739386,-0.2978186219628917
46,3,MITM,0.0,0.0,0.0,0.0,0.0
46,3,Normal,-0.0007598273795873153,0.00049858478707925,6.129686006947632e-05,-0.0004597500005601163,-0.000254646579438772
46,3,Password,0.002106610102847429,0.0016802055047311119,-0.0013678643285808243,-0.005476263807776601,-0.00223989207350431
46,3,Port_Scanning,-0.02464710190923917,0.0055708356605116615,0.002892088145316109,0.0041592454655745865,0.01202493263783679
46,3,Ransomware,0.0011873898923561018,0.0005847482932979227,0.0030209558654930154,-0.003615838133141791,-0.004793404449956828
46,3,SQL_injection,0.0006951212719615671,0.0007831735554507835,-0.0006935786746376511,-0.0009947992728879525,0.00021008312011325294
46,3,Uploading,-0.023083525896488898,0.0030218618699098644,-0.018585428893279767,-0.00823512830356688,0.012943499798353525
46,3,Vulnerability_scanner,-0.00989360823457985,-0.00982055855219967,0.0003651381976929639,0.0032503433173466973,0.004981402346223577
46,3,XSS,0.0,0.0,0.0,0.0,0.0
46,4,Backdoor,-0.06216669700080149,0.03831539096664283,-0.0007205173791895762,-0.043282822707544535,-0.004162829744092113
46,4,DDoS_HTTP,0.005396755382269688,-0.002405689234090013,-0.0027374072449357486,-0.005675672987225622,0.005422014083981695
46,4,DDoS_ICMP,0.00014490620185673154,0.000265848703721581,-0.000250954275066545,0.0001752852988806545,-0.00033508592939242207
46,4,DDoS_TCP,-0.0024564761153622844,0.0017207065725171093,-0.0005458383436543628,0.0005575368490910671,0.0007240710374084709
46,4,DDoS_UDP,0.0,0.0,0.0,0.0,0.0
46,4,Fingerprinting,0.0869101921470342,0.10599958228905602,0.1547673350041771,0.07025396825396825,-0.41793107769423565
46,4,MITM,0.0,0.0,0.0,0.0,0.0
46,4,Normal,-0.0006080163557303323,0.0004533770752284949,-3.362623582479444e-05,-0.00047302186440984867,-5.779892431354017e-05
46,4,Password,0.005594829993052294,-0.0007964746085571516,0.003688991509776361,-0.002284609837154757,-0.0019941166082293226
46,4,Port_Scanning,-0.013625293690468767,0.003118569461711971,0.005501182945248058,0.0029133031883927705,0.002092238095115967
46,4,Ransomware,0.004158246885805951,0.0006873474149064751,-0.0010481023205432631,-0.0027562221388993204,-0.001041269841269843
46,4,SQL_injection,0.0019456541134513612,0.0013546066390126672,0.0003950221522783737,-0.004378192074945817,0.0006829091702034153
46,4,Uploading,-0.023148889293416484,0.009532906128691057,-0.020658110511916,-0.011205566695836026,0.01498930331011228
46,4,Vulnerability_scanner,-0.0038451634836059847,-0.002850750568164752,0.0008680984275254784,0.0006415062667229799,0.0022806483044819246
46,4,XSS,0.0,0.0,0.0,0.0,0.0
46,Aggregated,Backdoor,-0.06434642847473959,0.0395376919756821,0.0011644354828398021,-0.04296160551420672,-0.008783392872908306
46,Aggregated,DDoS_HTTP,0.0005307093059775345,0.006168393975537328,0.007550903697109858,0.0022066234728698175,-0.010239672408875859
46,Aggregated,DDoS_ICMP,7.006760242933377e-05,0.00015273274050390436,0.00013216656177992466,0.00011909774454407588,-0.0005190062772118919
46,Aggregated,DDoS_TCP,-0.002686539200136197,0.0012784655158174082,-0.0020588204135439806,0.0014141315515578715,0.0016348503198751695
46,Aggregated,DDoS_UDP,5.363816091954096e-06,-1.6093106461517736e-05,5.363816091954096e-06,-1.6093106461517736e-05,2.1458580739127282e-05
46,Aggregated,Fingerprinting,0.05850726398652964,0.06794973998999755,0.15795722935235093,0.051062181632581444,-0.3536175123858715
46,Aggregated,MITM,0.0,0.0,0.0,0.0,0.0
46,Aggregated,Normal,-0.0005276602133244731,0.0003926797041470624,2.5885716085175908e-05,-0.00036382780878117343,-0.0001230666643730801
46,Aggregated,Password,0.004489189562743649,-0.0019372074389851378,0.004659736606287438,-0.0019791409164097245,-0.003390331725452053
46,Aggregated,Port_Scanning,-0.01609946208751458,0.0025081382997074724,0.002820297901777354,0.0041736695793403705,0.0054580426858476415
46,Aggregated,Ransomware,0.0019857163867217846,0.001336336131144563,0.002830644625529799,-0.003410187555387447,-0.004874137618917305
46,Aggregated,SQL_injection,0.0015644778611942722,0.0010168904708851008,4.771646995735355e-05,-0.002672287509426571,4.320270738984444e-05
46,Aggregated,Uploading,-0.02308756078022794,0.0069370971809674395,-0.019148659248478535,-0.007971160159865374,0.01373770016979516
46,Aggregated,Vulnerability_scanner,-0.006569274561905441,-0.005450695257544369,0.0010813180542147526,0.0021527607747132433,0.003689337158171955
46,Aggregated,XSS,0.0,0.0,0.0,0.0,0.0
46,Centralized,Backdoor,-0.06434642847473959,0.0395376919756821,0.0011644354828398021,-0.04296160551420672,-0.008783392872908306
46,Centralized,DDoS_HTTP,0.0005307093059775345,0.006168393975537328,0.007550903697109858,0.0022066234728698175,-0.010239672408875859
46,Centralized,DDoS_ICMP,7.006760242933377e-05,0.00015273274050390436,0.00013216656177992466,0.00011909774454407588,-0.0005190062772118919
46,Centralized,DDoS_TCP,-0.002686539200136197,0.0012784655158174082,-0.0020588204135439806,0.0014141315515578715,0.0016348503198751695
46,Centralized,DDoS_UDP,5.363816091954096e-06,-1.6093106461517736e-05,5.363816091954096e-06,-1.6093106461517736e-05,2.1458580739127282e-05
46,Centralized,Fingerprinting,0.05850726398652964,0.06794973998999755,0.15795722935235093,0.051062181632581444,-0.3536175123858715
46,Centralized,MITM,0.0,0.0,0.0,0.0,0.0
46,Centralized,Normal,-0.0005276602133244731,0.0003926797041470624,2.5885716085175908e-05,-0.00036382780878117343,-0.0001230666643730801
46,Centralized,Password,0.004489189562743649,-0.0019372074389851378,0.004659736606287438,-0.0019791409164097245,-0.003390331725452053
46,Centralized,Port_Scanning,-0.01609946208751458,0.0025081382997074724,0.002820297901777354,0.0041736695793403705,0.0054580426858476415
46,Centralized,Ransomware,0.0019857163867217846,0.001336336131144563,0.002830644625529799,-0.003410187555387447,-0.004874137618917305
46,Centralized,SQL_injection,0.0015644778611942722,0.0010168904708851008,4.771646995735355e-05,-0.002672287509426571,4.320270738984444e-05
46,Centralized,Uploading,-0.02308756078022794,0.0069370971809674395,-0.019148659248478535,-0.007971160159865374,0.01373770016979516
46,Centralized,Vulnerability_scanner,-0.006569274561905441,-0.005450695257544369,0.0010813180542147526,0.0021527607747132433,0.003689337158171955
46,Centralized,XSS,0.0,0.0,0.0,0.0,0.0
47,0,Backdoor,-0.052901599182633346,0.047463947066086906,0.004125848437409311,-0.04017321085427496,0.04341029476208347
47,0,DDoS_HTTP,0.0025121821217986675,0.006783150863573193,0.0027478993273854797,0.005129112004313472,-0.01950649437090007
47,0,DDoS_ICMP,0.0002760221988261683,0.00029286061323278897,0.00010709307626185493,9.089499398122388e-05,-0.0007668708823020361
47,0,DDoS_TCP,0.003034623317180052,0.0035209543938165425,-0.014024864549494701,0.004190828849565681,0.0040081077570437215
47,0,DDoS_UDP,0.0,0.0,0.0,0.0,0.0
47,0,Fingerprinting,0.141116976705212,0.1480614211496564,0.15446120328473262,0.050973269649740235,-0.494612870789341
47,0,MITM,0.0,0.0,0.0,0.0,0.0
47,0,Normal,-0.0004465212926809995,0.00037242721722305914,2.1582666219679045e-05,-0.00026130875255978383,0.00029161803461875133
47,0,Password,0.0016514567890582306,0.0017650083128184196,0.0005419765962661212,-0.0012351810989604602,5.620054401448323e-06
47,0,Port_Scanning,0.0003466703600032539,0.0026217944667952355,-0.010175948295478084,0.005732981341970831,0.0048848848474363415
47,0,Ransomware,0.00759302992396097,0.006453303678424797,0.00873873156745023,-0.005514052425086905,-0.012520807994544384
47,0,SQL_injection,0.0013566354449514656,0.001589190256331626,-0.0005081262984692733,-0.004026889659145444,0.001589190256331626
47,0,Uploading,0.020102906849314237,0.03450451741102346,-0.012969790909086678,0.014614679877508762,-0.02146089774768909
47,0,Vulnerability_scanner,0.003801117786373237,0.005666390659438386,0.0036397739503814717,-0.004829457160937208,-0.0028934012813562893
47,0,XSS,0.0,0.0,0.0,0.0,0.0
47,1,Backdoor,-0.05507965346862588,0.04436646247754941,0.0031141472182190525,-0.03862796357470158,0.04777884088092359
47,1,DDoS_HTTP,0.0017709152359041357,0.002128767169789468,0.0013678850459575,0.0015264741726235672,-0.006794041624274669
47,1,DDoS_ICMP,3.522123340483074e-05,0.00040853330639049055,0.0003116095240518257,0.00020059175844548786,-0.0009559558222926349
47,1,DDoS_TCP,0.00043537046886873987,0.0005768615981032177,-0.0019304772466545255,0.0008129525725875572,0.000671257124032922
47,1,DDoS_UDP,2.798108490708051e-05,-8.398843408331524e-05,2.798108490708051e-05,-8.398843408331524e-05,0.00011201469835246947
47,1,Fingerprinting,0.045516951505268424,0.07836622544137656,0.135418802453631,0.01462181353519996,-0.273923792935476
47,1,MITM,0.0,0.0,0.0,0.0,0.0
47,1,Normal,-0.0004537382998332118,0.0003207676258895176,3.452263908883905e-05,-0.00034184501756244766,0.0004185154187001679
47,1,Password,-0.0004168703274816994,-0.003736315572222383,0.00028102465253969784,-8.157863422263896e-05,0.000876363331374939
47,1,Port_Scanning,-0.005093090287592866,-0.004634968347884299,0.01976360110221311,-0.003873087145532478,-0.004329967562369202
47,1,Ransomware,0.002489795918367332,0.0020259740259740127,0.0020259740259740127,-0.0016474953617810594,-0.004894248608534298
47,1,SQL_injection,0.002224426378943914,0.001286509316030925,-0.00039495019723810956,-0.004871181007478905,0.0017551955097421764
47,1,Uploading,0.009772609915281357,0.01587254547118933,-0.007106492302383587,0.007160018671922291,-0.013113182440003895
47,1,Vulnerability_scanner,0.0023405795281892,0.003716734480620713,0.0022319526455570468,-0.004933221422664721,-0.0013540864806940685
47,1,XSS,0.0,0.0,0.0,0.0,0.0
47,2,Backdoor,-0.07203610592337636,0.06861350232578507,0.005679283554139617,-0.05562468047865542,0.062020471451048435
47,2,DDoS_HTTP,0.0023939364557333327,0.007038918256410623,0.0012745837651804732,0.0047868823706314284,-0.020723017919277872
47,2,DDoS_ICMP,-0.00015963342519889067,0.0001204256708081534,-0.00011803905472471491,7.784953314304473e-05,7.939727597240746e-05
47,2,DDoS_TCP,0.004708255163048231,0.0048678350549621555,-0.019311760327934697,0.0048678350549621555,0.0048678350549621555
47,2,DDoS_UDP,0.0,0.0,0.0,0.0,0.0
47,2,Fingerprinting,0.0004729747376806259,0.10053957480428068,0.19061929356046997,0.0035277902924961755,-0.29515963339492723
47,2,MITM,0.0,0.0,0.0,0.0,0.0
47,2,Normal,-0.0006179517522179823,0.0005340795987233379,1.8293901021793067e-05,-0.000373532932920421,0.0003738925519370625
47,2,Password,-0.0001973976367026999,-0.000982750225843897,-0.0008712387098792078,-0.0014675454001712583,0.0003208578679319026
47,2,Port_Scanning,0.004512401900664159,0.0056986415210674764,-0.021608326463866588,0.0056986415210674764,0.0056986415210674764
47,2,Ransomware,0.004087122593197271,0.002447432681580804,0.003937079404246715,-0.0056890671919335965,-0.0047825674870911935
47,2,SQL_injection,0.00010371803869464041,0.0005393234972392441,0.0005393234972392441,-0.0017216885304123727,0.0005393234972392441
47,2,Uploading,0.017318460492733376,0.022816551446203797,-0.006563275841003127,0.013633238561648059,-0.012318570159772606
47,2,Vulnerability_scanner,0.0035894720624319774,0.004623908479380943,0.003709198606700113,0.00010837967241890863,-0.004182856795605677
47,2,XSS,0.0,0.0,0.0,0.0,0.0
47,3,Backdoor,-0.05920626248924894,0.05892981100484412,0.007631831710105754,-0.04741212108604136,0.05501370288565701
47,3,DDoS_HTTP,0.001878124936389422,0.005938126107418203,0.0006626676055163353,0.006173526120788108,-0.017535214591461568
47,3,DDoS_ICMP,-0.0001522473530612985,4.1794853288921556e-05,0.0005837045735128369,6.187567001390189e-05,-0.0005351277437543619
47,3,DDoS_TCP,0.002356854451909646,0.0031729754614697237,-0.01312877396989517,0.004058705885155145,0.0035402381713606546
47,3,DDoS_UDP,0.0,0.0,0.0,0.0,0.0
47,3,Fingerprinting,0.01403892367930571,0.04904054551113371,0.20230551819590023,0.025131348864868164,-0.29051633625120776
47,3,MITM,0.0,0.0,0.0,0.0,0.0
47,3,Normal,-0.0007686054915984693,0.000632666263908364,3.7930423073865666e-05,-0.0005013699651283566,0.0005993787697445962
47,3,Password,0.0024382627148636584,0.0008332177134362799,-0.002285850253724262,-0.00011492422017333054,0.002813668906206927
47,3,Port_Scanning,-0.002887986935722775,-0.0003723695340095312,-0.0004448078960356705,0.0021307011474956785,0.0015744632182722984
47,3,Ransomware,0.004100158230040376,0.002276011846873721,0.0037765748829449884,-0.0007346761976568732,-0.005801920230250632
47,3,SQL_injection,0.0002307787714589282,0.0003188310549481446,1.761045669784328e-05,-0.0008860513380530607,0.0003188310549481446
47,3,Uploading,0.017887225219564738,0.025877880407521252,-0.008177694173952752,0.01323185068427339,-0.014880540712334496
47,3,Vulnerability_scanner,0.004805371342370494,0.00502837382081735,0.004303869497978145,0.00029190101224241076,-0.003312232747892119
47,3,XSS,6.400409626215915e-06,6.400409626215915e-06,6.400409626215915e-06,-2.560163850486366e-05,6.400409626215915e-06
47,4,Backdoor,-0.06484626436712641,0.05498540474138167,0.004512157792240825,-0.047794007715887356,0.055081705745975595
47,4,DDoS_HTTP,0.0006826004704126522,1.2905618327862152e-05,0.0017158439564863228,-0.00324770518945276,0.0008363551442259227
47,4,DDoS_ICMP,0.00019620098784483563,0.00024116991421645103,-0.0003206516236798037,0.00021223772097813675,-0.00032895699935961973
47,4,DDoS_TCP,0.0030360393972264864,0.0032300746803131147,-0.011174892967273352,0.002406075896034989,0.0025027029936987616
47,4,DDoS_UDP,0.0,0.0,0.0,0.0,0.0
47,4,Fingerprinting,0.10319661453097982,0.1408156621500275,0.14762017342822295,0.024367188023534762,-0.41599963813276536
47,4,MITM,0.0,0.0,0.0,0.0,0.0
47,4,Normal,-0.0007005440436488726,0.0005990684389318306,2.477386515758647e-05,-0.0005479537252000788,0.0006014772735178882
47,4,Password,-0.0006014773249122317,-2.4792702779304067e-05,-0.0013843179277226998,-0.0050690753379327574,0.0020873437848984615
47,4,Port_Scanning,-0.0003948333915501238,0.0008367642483650813,-0.0010891279869491158,0.0006314979750458805,1.5699155088277907e-05
47,4,Ransomware,0.0006941798941798952,0.0006941798941798952,0.0006941798941798952,-0.001041269841269843,-0.001041269841269843
47,4,SQL_injection,0.0020373083708382545,0.0012224349288259355,7.361511291014005e-05,-0.004699326754895656,0.0013659683423213253
47,4,Uploading,0.017600531718465564,0.03016600759850149,-0.008983256597326916,0.01151866372565958,-0.019811589382934546
47,4,Vulnerability_scanner,0.0023454686609018114,0.003637483331174148,0.002136114516621997,-0.0052784602161645355,6.505476050693293e-05
47,4,XSS,0.0,0.0,0.0,0.0,0.0
47,Aggregated,Backdoor,-0.06095827653125001,0.05515242263041538,0.0051325292948559585,-0.046119216961427185,0.05296369180844705
47,Aggregated,DDoS_HTTP,0.00209852982156732,0.00560208240089581,0.0013907278111984999,0.004435361664505825,-0.0164851960810017
47,Aggregated,DDoS_ICMP,5.877023417776295e-05,0.00022009437065246458,8.689956445671239e-05,0.00013082871701285413,-0.0004965928862997941
47,Aggregated,DDoS_TCP,0.0027112095490563703,0.0030625171706685347,-0.011836687883758279,0.0032298037873895774,0.0030833669260696916
47,Aggregated,DDoS_UDP,5.363816091954096e-06,-1.6093106461517736e-05,5.363816091954096e-06,-1.6093106461517736e-05,2.1458580739127282e-05
47,Aggregated,Fingerprinting,0.05786089212772646,0.09582159218768625,0.1613337507515037,0.023870966880385328,-0.3388872019473019
47,Aggregated,MITM,0.0,0.0,0.0,0.0,0.0
47,Aggregated,Normal,-0.0005959941350355269,0.0004902097676256675,2.7413272341236805e-05,-0.00040349654808493246,0.00045519906798136
47,Aggregated,Password,0.00036471772048508877,-0.0007222970820383706,-0.0005732593800307448,-0.0015185778740347475,0.0009798647740256045
47,Aggregated,Port_Scanning,-0.0013042465396252774,7.408333732958536e-05,0.0004673749465575213,0.0012117665492138183,0.0006903353273660947
47,Aggregated,Ransomware,0.00403209466230038,0.0027805392599439854,0.004021357790506297,-0.00360481754250811,-0.005809790714930879
47,Aggregated,SQL_injection,0.0014183044367362045,0.0010891093100488173,-8.901918112162778e-05,-0.0036475791984102333,0.0012291846327468394
47,Aggregated,Uploading,0.016796374778677358,0.026112174841708535,-0.008829440605158678,0.012285239349148174,-0.016264787341663776
47,Aggregated,Vulnerability_scanner,0.0031670407204990704,0.004328924636605032,0.002983441242268488,-0.0033448515399008634,-0.0018955004821457418
47,Aggregated,XSS,2.621776263905806e-06,2.621776263905806e-06,2.621776263905806e-06,-1.0487105055623224e-05,2.621776263905806e-06
47,Centralized,Backdoor,-0.06095827653125001,0.05515242263041538,0.0051325292948559585,-0.046119216961427185,0.05296369180844705
47,Centralized,DDoS_HTTP,0.00209852982156732,0.00560208240089581,0.0013907278111984999,0.004435361664505825,-0.0164851960810017
47,Centralized,DDoS_ICMP,5.877023417776295e-05,0.00022009437065246458,8.689956445671239e-05,0.00013082871701285413,-0.0004965928862997941
47,Centralized,DDoS_TCP,0.0027112095490563703,0.0030625171706685347,-0.011836687883758279,0.0032298037873895774,0.0030833669260696916
47,Centralized,DDoS_UDP,5.363816091954096e-06,-1.6093106461517736e-05,5.363816091954096e-06,-1.6093106461517736e-05,2.1458580739127282e-05
47,Centralized,Fingerprinting,0.05786089212772646,0.09582159218768625,0.1613337507515037,0.023870966880385328,-0.3388872019473019
47,Centralized,MITM,0.0,0.0,0.0,0.0,0.0
47,Centralized,Normal,-0.0005959941350355269,0.0004902097676256675,2.7413272341236805e-05,-0.00040349654808493246,0.00045519906798136
47,Centralized,Password,0.00036471772048508877,-0.0007222970820383706,-0.0005732593800307448,-0.0015185778740347475,0.0009798647740256045
47,Centralized,Port_Scanning,-0.0013042465396252774,7.408333732958536e-05,0.0004673749465575213,0.0012117665492138183,0.0006903353273660947
47,Centralized,Ransomware,0.00403209466230038,0.0027805392599439854,0.004021357790506297,-0.00360481754250811,-0.005809790714930879
47,Centralized,SQL_injection,0.0014183044367362045,0.0010891093100488173,-8.901918112162778e-05,-0.0036475791984102333,0.0012291846327468394
47,Centralized,Uploading,0.016796374778677358,0.026112174841708535,-0.008829440605158678,0.012285239349148174,-0.016264787341663776
47,Centralized,Vulnerability_scanner,0.0031670407204990704,0.004328924636605032,0.002983441242268488,-0.0033448515399008634,-0.0018955004821457418
47,Centralized,XSS,2.621776263905806e-06,2.621776263905806e-06,2.621776263905806e-06,-1.0487105055623224e-05,2.621776263905806e-06
48,0,Backdoor,-0.021650333691836672,0.01993062099324485,-0.009255990083387905,-0.015260972659682384,0.027627037171366383
48,0,DDoS_HTTP,0.004927844719801217,0.006129193651200253,0.004182876036874309,0.006756829533995875,-0.019662593888042406
48,0,DDoS_ICMP,0.00020203277080623933,0.00020203277080623933,0.000217848837003215,1.695308785248558e-05,-0.0006388674664681793
48,0,DDoS_TCP,0.005181523437850287,0.004574301909469299,-0.020300976535482962,0.00560756426370528,0.005668471294545933
48,0,DDoS_UDP,0.0,0.0,0.0,0.0,0.0
48,0,Fingerprinting,0.10013079513079509,0.10013079513079512,0.24256798756798761,-0.0002965552965552824,-0.4425330225330221
48,0,MITM,0.0,0.0,0.0,0.0,0.0
48,0,Normal,-0.00013424444458140134,0.0001851921282791047,-8.58926098444901e-05,-0.00010893234046347456,0.00016607939378955513
48,0,Password,0.0012132802659112925,0.0005638533337489529,-0.0016914596356243567,-0.005553379210029473,0.00243952296287873
48,0,Port_Scanning,0.0036665088456012017,0.0008123814426611198,-0.012669026777132554,0.005649911817748347,0.005932610649259843
48,0,Ransomware,0.00070078371390348,0.0032568541323180914,0.008002499592996553,-0.0019360428359665393,-0.014774299353456295
48,0,SQL_injection,0.0017753612331257856,0.002007916044505946,-0.0021874370490320124,-0.005930737657254602,-0.0012550578517028902
48,0,Uploading,-0.0008557199058087513,0.011177310754123761,-0.005250194933592787,-0.0010605003250006425,-0.004497720592675632
48,0,Vulnerability_scanner,0.0034521111696268775,0.005638695275115792,-0.006945345216906917,-0.01407779093710229,0.005722525641828441
48,0,XSS,0.0,0.0,0.0,0.0,0.0
48,1,Backdoor,-0.02060860673059343,0.018859328643870594,-0.011090226258390958,-0.018145547197059023,0.029433218008808305
48,1,DDoS_HTTP,0.0017933988428272402,0.0014083109124639014,0.0005540890245024124,0.0028251011926412467,-0.0065808999724348005
48,1,DDoS_ICMP,9.258531858883182e-05,0.0002792740726748196,0.0005757786074376307,4.716946790747079e-05,-0.0009948074666087528
48,1,DDoS_TCP,0.00109136834652645,0.0003869620781393968,-0.004274535876601746,0.0016106458987999025,0.0017523413473545376
48,1,DDoS_UDP,2.799237974759894e-05,-0.00011198834372459314,-1.882473419737944e-08,-2.801120448179632e-05,0.0001120259931929879
48,1,Fingerprinting,0.033239207794298245,0.032403954338077065,0.19069524274189995,-0.004973327595367226,-0.2513650772789077
48,1,MITM,0.0,0.0,0.0,0.0,0.0
48,1,Normal,-0.0001168411046584846,0.00010021106946824232,-7.74812818404506e-05,-0.00013129766755413664,0.0002471866183019644
48,1,Password,0.0068414749598696865,-0.002350870314336248,-0.0019952883188271136,-0.003311005469939041,0.0015755685901161882
48,1,Port_Scanning,-0.006168094378269878,-0.008477505250808986,0.024998662518334564,-0.004491210819372765,-0.00403433040253604
48,1,Ransomware,0.0013914656771799594,0.0013914656771799594,0.0013914656771799594,0.0,-0.004174397031539878
48,1,SQL_injection,0.003283202975144341,0.0032824841413575004,-0.0019450152276825718,-0.004774397832274846,0.00015372594345557702
48,1,Uploading,0.0002938749869331375,0.005268146353269513,-0.0013034843061179061,-0.001792034477379901,-0.0029763011862462127
48,1,Vulnerability_scanner,0.003556105300986617,0.004122384192063472,-0.0036096957971339587,-0.009325345453492877,0.00453483358611159
48,1,XSS,0.0,0.0,0.0,0.0,0.0
48,2,Backdoor,-0.03342991138234466,0.034099823410841196,-0.01941434444996297,-0.027966056832218814,0.04041203531893575
48,2,DDoS_HTTP,0.005529497969354527,0.006316363487637238,0.0034732521553759175,0.007688058502530562,-0.018237617563896438
48,2,DDoS_ICMP,1.3080050422002258e-05,5.626873443059233e-05,-0.0002263221312233073,5.626873443059233e-05,0.0001007046119401204
48,2,DDoS_TCP,0.006796425160322006,0.006636845268408081,-0.02713250734398338,0.0068496184576266475,0.0068496184576266475
48,2,DDoS_UDP,0.0,0.0,0.0,0.0,0.0
48,2,Fingerprinting,0.018803418803418803,0.004914529914529914,0.21004273504273502,0.004914529914529914,-0.23867521367521347
48,2,MITM,0.0,0.0,0.0,0.0,0.0
48,2,Normal,-0.00015524890948078924,0.0002600722066641988,-0.00016107593689010009,-0.00015266744099316868,0.00020892008069985923
48,2,Password,0.00409302576524269,-0.002497176312126121,-0.0015038225875700602,0.0008405336313294782,0.0014858314242783522
48,2,Port_Scanning,0.006404199475065614,0.005217959854662296,-0.02522138469346135,0.00679961268186672,0.00679961268186672
48,2,Ransomware,0.0007177798185756663,0.0028276684636410975,0.0059364118173293404,-0.0010553661547950917,-0.006661268878555093
48,2,SQL_injection,-0.00014816831776398958,0.00010523588458577344,0.00035975845781754576,-0.0006401442312179072,0.0003233182065785776
48,2,Uploading,0.0010761729091558778,0.0005307348021424842,0.00016463333048983843,-0.00016499166916198645,-0.002080779400246251
48,2,Vulnerability_scanner,0.00157970485106896,0.0031599048551774183,-0.0026576138803005595,-0.00681747107917305,0.0029400723338778006
48,2,XSS,0.0,0.0,0.0,0.0,0.0
48,3,Backdoor,-0.03419819872933691,0.025899373961441343,-0.013775383631421853,-0.024569347616515583,0.037038670667832806
48,3,DDoS_HTTP,0.0052395502626028335,0.005878673243200083,0.0021817095084394954,0.0076326531979292326,-0.01661257736196142
48,3,DDoS_ICMP,-5.119720981418367e-05,-3.149662499016825e-05,0.0005675623998429709,4.667339281628953e-05,-0.0005315419578549085
48,3,DDoS_TCP,0.005765129815342048,0.005387062499843078,-0.022642931791850295,0.005999472003523323,0.006120860690097731
48,3,DDoS_UDP,0.0,0.0,0.0,0.0,0.0
48,3,Fingerprinting,0.027217478022524434,0.017562801710735487,0.22586689553159084,0.006366547985746127,-0.27701372325059703
48,3,MITM,0.0,0.0,0.0,0.0,0.0
48,3,Normal,-0.00020477421176288147,0.00029870136545024164,-0.000170999671916718,-0.00018029569006064078,0.00027964832981594025
48,3,Password,0.0037800312989152095,-0.005471265552733316,-0.0023318895743147236,-0.004979267018273542,0.0021490873749618186
48,3,Port_Scanning,-0.0004663835914758663,0.00010246410680080365,-0.004040667828164065,0.0037319479617838585,0.0040100669263955484
48,3,Ransomware,-0.0006859644847709123,0.002017163534198376,0.004247484790863684,0.0005102407975279906,-0.006088924637819138
48,3,SQL_injection,0.0006951212719615671,0.0007831735554507835,-0.0006935786746376511,-0.0009947992728879525,0.00021008312011325294
48,3,Uploading,0.0008091794706068763,0.0023576817679264507,-0.0016241376942414897,0.0004474076295807002,-0.0028371765308621327
48,3,Vulnerability_scanner,0.0027091238511398217,0.004231186345401565,-0.003899196679728158,-0.008890950095510906,0.003261509630911909
48,3,XSS,0.0,0.0,0.0,0.0,0.0
48,4,Backdoor,-0.02840705853417799,0.025455836264057858,-0.016988515177632852,-0.02581698845147362,0.04276096641761805
48,4,DDoS_HTTP,-0.0029731755742206404,-0.0036621902664975446,0.000644746351038572,-0.0055692603878635975,0.007426905933248529
48,4,DDoS_ICMP,0.0001605240380021263,0.00014535340324367725,-0.00023669735131326235,0.00019081599016824714,-0.00025999608010078833
48,4,DDoS_TCP,0.004720091355492497,0.004317021094388039,-0.016968811031503033,0.0037234659582379426,0.004208232623384554
48,4,DDoS_UDP,0.0,0.0,0.0,0.0,0.0
48,4,Fingerprinting,0.041457238413760145,0.042014652014652015,0.21499203694855862,0.045120242076763815,-0.34358416945373477
48,4,MITM,0.0,0.0,0.0,0.0,0.0
48,4,Normal,-0.0002652888339772323,0.0002943635557952721,-0.00015748682615635926,-0.00032209948393023086,0.0004736897795101965
48,4,Password,0.007566826078606242,0.0009275744998572912,-0.004990871860933688,-0.0075926558771849915,0.004470806548968139
48,4,Port_Scanning,0.0007774878995956044,-0.0012775118310156264,0.002229308505336027,-0.0010699085602772034,-0.0006593760136388016
48,4,Ransomware,-0.000958596842061408,0.0007768528933883301,0.002946165062700503,-0.002673549139690886,-9.0871974336539e-05
48,4,SQL_injection,0.0016079609836767057,0.0016526538661263506,-0.0005000827660019853,-0.005129218860893991,0.0006495541281689975
48,4,Uploading,0.002193587533589691,0.009394727513961077,-0.006801301314093377,-0.002055423394081686,-0.003798156623333277
48,4,Vulnerability_scanner,0.003234305855821547,0.0039487485934886135,-0.004930242370921331,-0.010801229568312988,0.004759674178531488
48,4,XSS,0.0,0.0,0.0,0.0,0.0
48,Aggregated,Backdoor,-0.02806761160227316,0.024995839661231645,-0.014249564300942605,-0.022663890747906333,0.03589147280075281
48,Aggregated,DDoS_HTTP,0.004428987301872096,0.00499254859748366,0.0026398784954404547,0.006232522127497834,-0.015189943740881895
48,Aggregated,DDoS_ICMP,9.225953465946493e-05,0.00012983655831015905,0.00015297602708052026,7.761750999496312e-05,-0.0004526896300451074
48,Aggregated,DDoS_TCP,0.004696760233332013,0.004241418301750851,-0.018179984646518155,0.004723450861036768,0.004893944489805363
48,Aggregated,DDoS_UDP,5.364230638367958e-06,-2.1457613464161602e-05,-6.909106897712292e-10,-5.364921549057729e-06,2.1458995285541144e-05
48,Aggregated,Fingerprinting,0.04253108586809385,0.03922694651909464,0.2119835345446558,0.007795213091876956,-0.3015367800237214
48,Aggregated,MITM,0.0,0.0,0.0,0.0,0.0
48,Aggregated,Normal,-0.00017415373625848107,0.00022668847357708763,-0.00013024813363848864,-0.0001774681593330237,0.0002729604390990237
48,Aggregated,Password,0.004690508452609797,-0.0016691797524484898,-0.0023043533468408567,-0.003463407786545607,0.0022662748438766873
48,Aggregated,Port_Scanning,-1.9003838846920475e-05,-0.001736237346925845,0.0007913097656408704,0.0011689052642530396,0.0015003292686196082
48,Aggregated,Ransomware,0.00032010749240520274,0.0023357591649068384,0.004943552536625223,-0.0009457440713674677,-0.006653675122569797
48,Aggregated,SQL_injection,0.0016178230158406832,0.0017239403350747602,-0.0010508170249179472,-0.0040352335567040145,6.33839950813513e-05
48,Aggregated,Uploading,0.0006628636068584094,0.005557924283994791,-0.0028390423264823142,-0.000837829427842284,-0.003222882945674966
48,Aggregated,Vulnerability_scanner,0.0029775302361379134,0.004135680662980157,-0.004412076283162294,-0.010005960106667728,0.004304785290911015
48,Aggregated,XSS,0.0,0.0,0.0,0.0,0.0
48,Centralized,Backdoor,-0.02806761160227316,0.024995839661231645,-0.014249564300942605,-0.022663890747906333,0.03589147280075281
48,Centralized,DDoS_HTTP,0.004428987301872096,0.00499254859748366,0.0026398784954404547,0.006232522127497834,-0.015189943740881895
48,Centralized,DDoS_ICMP,9.225953465946493e-05,0.00012983655831015905,0.00015297602708052026,7.761750999496312e-05,-0.0004526896300451074
48,Centralized,DDoS_TCP,0.004696760233332013,0.004241418301750851,-0.018179984646518155,0.004723450861036768,0.004893944489805363
48,Centralized,DDoS_UDP,5.364230638367958e-06,-2.1457613464161602e-05,-6.909106897712292e-10,-5.364921549057729e-06,2.1458995285541144e-05
48,Centralized,Fingerprinting,0.04253108586809385,0.03922694651909464,0.2119835345446558,0.007795213091876956,-0.3015367800237214
48,Centralized,MITM,0.0,0.0,0.0,0.0,0.0
48,Centralized,Normal,-0.00017415373625848107,0.00022668847357708763,-0.00013024813363848864,-0.0001774681593330237,0.0002729604390990237
48,Centralized,Password,0.004690508452609797,-0.0016691797524484898,-0.0023043533468408567,-0.003463407786545607,0.0022662748438766873
48,Centralized,Port_Scanning,-1.9003838846920475e-05,-0.001736237346925845,0.0007913097656408704,0.0011689052642530396,0.0015003292686196082
48,Centralized,Ransomware,0.00032010749240520274,0.0023357591649068384,0.004943552536625223,-0.0009457440713674677,-0.006653675122569797
48,Centralized,SQL_injection,0.0016178230158406832,0.0017239403350747602,-0.0010508170249179472,-0.0040352335567040145,6.33839950813513e-05
48,Centralized,Uploading,0.0006628636068584094,0.005557924283994791,-0.0028390423264823142,-0.000837829427842284,-0.003222882945674966
48,Centralized,Vulnerability_scanner,0.0029775302361379134,0.004135680662980157,-0.004412076283162294,-0.010005960106667728,0.004304785290911015
48,Centralized,XSS,0.0,0.0,0.0,0.0,0.0
49,0,Backdoor,-0.07734761529249776,0.05831881641909174,0.01728934409070645,-0.0054996095947292545,0.010538571825057982
49,0,DDoS_HTTP,0.007002570564170472,0.0034914369377053813,-0.0013552428921167665,0.011496784594612256,-0.019920918770395774
49,0,DDoS_ICMP,0.00028264995108861303,9.764532033456434e-05,0.000265437024538954,8.08069059279437e-05,-0.0007265392018900752
49,0,DDoS_TCP,0.009460149859676989,0.008589084473854074,-0.0313615111311436,0.00949930284226372,0.003812973955348799
49,0,DDoS_UDP,0.0,0.0,0.0,0.0,0.0
49,0,Fingerprinting,0.16055254658195833,0.049947819065466144,0.21582586803175033,0.043003374621021676,-0.4693296083001961
49,0,MITM,0.0,0.0,0.0,0.0,0.0
49,0,Normal,-0.0006021177781582344,0.0004847293513336015,0.00010096334583342878,-2.8882236750830496e-06,6.372066740576074e-05
49,0,Password,-0.00019920594567783372,0.0009035965579417798,0.0008565042571234735,-0.0015667412159553061,0.0018133172262037006
49,0,Port_Scanning,0.007735290867063724,0.0017416758408950017,-0.017007359514386824,0.006032022218852537,0.0014983705875755724
49,0,Ransomware,0.00822233674404208,0.0014042692500144819,0.005533794338219115,0.0005202147813252233,-0.015680615113600898
49,0,SQL_injection,0.0015838206627680354,0.0015838206627680354,0.0011179910560715546,-0.00027949776401788864,0.0015838206627680354
49,0,Uploading,0.021800204372173723,0.006877564829414314,-0.02044282757581522,0.001652342632912867,-0.010372615933409761
49,0,Vulnerability_scanner,-0.0018764231001781244,0.0039808005991166595,0.0035550966538926217,-0.002921857621417197,0.0024418906217063626
49,0,XSS,0.0,0.0,0.0,0.0,0.0
49,1,Backdoor,-0.07154888983822062,0.054883323972462025,0.01729022144307443,-0.0053946283147515905,0.015370584723633562
49,1,DDoS_HTTP,0.0016900514434244785,0.0020949947513613674,0.00013984582416499784,0.0026048581183556628,-0.006529750137306506
49,1,DDoS_ICMP,0.00022133768735089395,0.00017746727244809523,0.00033576126789333454,0.00013137146085431632,-0.0011447169427290442
49,1,DDoS_TCP,0.0025459172122335506,0.0011475126877188398,-0.006874181692436739,0.001713477793473154,0.0009004922047926541
49,1,DDoS_UDP,1.1185657058521148e-05,-0.0001007838619318746,1.1185657058521148e-05,-1.6806722689077792e-05,9.521927050391011e-05
49,1,Fingerprinting,0.0773464434214288,0.004773220557291591,0.1251338399101357,0.0032228329603923678,-0.26729451866743015
49,1,MITM,0.0,0.0,0.0,0.0,0.0
49,1,Normal,-0.000618252890494216,0.00045976502957795575,0.00013698516875614852,-2.9047951848896562e-05,0.000159453807866596
49,1,Password,-0.0002843961701147109,-0.003596629590248736,0.00011908622373143357,0.005302883029161996,0.002828504170660434
49,1,Port_Scanning,-0.00790109181891446,-0.013298919003636755,0.03560137396283195,-0.01192579301823613,-0.0043030917893914925
49,1,Ransomware,0.0022838521807156324,-1.6704405555223455e-05,0.0037040078718580875,0.001374761271624736,-0.007345916918643233
49,1,SQL_injection,0.0005309339645106433,0.0006094628876561028,0.00023896706998461126,-0.0015601112603693369,0.00018074733821797962
49,1,Uploading,0.011792484873154482,0.004596524115762723,-0.00976567361345192,-0.001577536382912008,-0.004536000363011903
49,1,Vulnerability_scanner,-0.001956335744179157,0.0019672542025655493,0.0022035426910181253,-0.0037753207076403525,0.002282577729700993
49,1,XSS,0.0,0.0,0.0,0.0,0.0
49,2,Backdoor,-0.10468982094202015,0.08349104674858382,0.02048479159642168,-0.013960710861857873,0.015388437089388156
49,2,DDoS_HTTP,0.005755394465077427,0.004856171362624783,-0.005148121038355422,0.012499953069835385,-0.018807971473708766
49,2,DDoS_ICMP,-6.51526370318419e-05,6.489264960020483e-05,-8.746065038588066e-05,4.337622842363979e-05,4.434440939387792e-05
49,2,DDoS_TCP,0.010944137153122369,0.01161846289828212,-0.03798747868152522,0.011831236087500687,0.0035936425426200493
49,2,DDoS_UDP,0.0,0.0,0.0,0.0,0.0
49,2,Fingerprinting,0.09113053613053612,-0.008370888370888367,0.17449948199948198,-0.019054649054649056,-0.23820448070448047
49,2,MITM,0.0,0.0,0.0,0.0,0.0
49,2,Normal,-0.0008073954175011296,0.0006901072219559527,0.00010141697362549181,3.833279597110957e-05,4.275705940478547e-05
49,2,Password,-0.0008963821504244416,-0.0031277064050886346,-0.0010958219438010933,0.005523779729355678,0.0014276326014603412
49,2,Port_Scanning,0.009139053027633903,0.009053971857749457,-0.0308700446665864,0.010635624684953882,0.002041395096249158
49,2,Ransomware,0.005354421669967398,-1.0239312826565427e-06,0.0029820720253429375,-0.0002791025792443743,-0.00982159225097922
49,2,SQL_injection,-0.0003493779164942312,-0.0004575817331379503,-2.253546003435127e-05,0.0002325462986384257,0.00015966579616048942
49,2,Uploading,0.016833265854542003,-0.0014220395399148823,-0.012531576610652661,0.005405703208067602,-0.007811122884422022
49,2,Vulnerability_scanner,-0.00038444641055976336,-0.0010972146871828976,0.0018711798759039056,0.00036837475552621107,0.00014050707042626934
49,2,XSS,0.0,0.0,0.0,0.0,0.0
49,3,Backdoor,-0.0866892978522924,0.07045570050187838,0.025693015943835537,-0.02056283609890456,0.012202296242179517
49,3,DDoS_HTTP,0.0036943599302841144,0.004652944556873024,-0.004471317853339604,0.010579343977495263,-0.015892569640173524
49,3,DDoS_ICMP,-9.137165075029374e-06,-7.673514581529872e-06,0.00037796918812525265,-4.645107201580364e-05,-0.0005469943405876828
49,3,DDoS_TCP,0.00991713066755667,0.010297980604996806,-0.03331397831586926,0.010061175044618237,0.003864763020634604
49,3,DDoS_UDP,0.0,0.0,0.0,0.0,0.0
49,3,Fingerprinting,0.06329283012555341,-0.0026133493127385886,0.16969163964936282,-0.010599460423849693,-0.2864383267049951
49,3,MITM,0.0,0.0,0.0,0.0,0.0
49,3,Normal,-0.0010175576345831105,0.0008504281569343316,0.0001750809027949718,-2.4747195425213937e-05,6.135914710947432e-05
49,3,Password,0.0014048960173403018,0.0017426162225923252,1.9925526299737854e-05,0.0014178707389172402,0.004368722141086268
49,3,Port_Scanning,0.0034158725117349555,5.613820308695653e-05,-0.0055212501538044285,0.0017304143700493009,0.00031882506893321505
49,3,Ransomware,0.0063697677093422,3.441804029389317e-05,0.002740457507110037,0.001255334142009277,-0.010399977398755415
49,3,SQL_injection,0.0,-8.80522834892164e-05,2.9350761163072132e-05,2.9350761163072132e-05,2.9350761163072132e-05
49,3,Uploading,0.01828568410539281,0.0013372915007254507,-0.012693036888875606,-4.4898486961838145e-07,-0.006082444375383416
49,3,Vulnerability_scanner,0.0012217505901297462,-0.0010209418067910648,0.002780225141574723,-0.0003964762235271276,3.7692463994913144e-06
49,3,XSS,0.0,0.0,0.0,0.0,0.0
49,4,Backdoor,-0.08747759085983269,0.06638329350514775,0.02055727203866685,-0.01307645886672752,0.023215974604201647
49,4,DDoS_HTTP,0.0038839138277855178,0.0012867390416963673,0.006328213111563184,-0.012532314676863268,0.005166422640112875
49,4,DDoS_ICMP,0.00015062495347534048,7.602178768045623e-05,-0.0001081603197460516,0.00012139108719689447,-0.00042067610703698245
49,4,DDoS_TCP,0.007692869777546668,0.008148423360201794,-0.027043414393092536,0.007857565904292228,0.003344555351051846
49,4,DDoS_UDP,0.0,0.0,0.0,0.0,0.0
49,4,Fingerprinting,0.10044022246579791,-0.0003722716139595924,0.1535969972530074,0.00851661727492929,-0.37884823204644164
49,4,MITM,0.0,0.0,0.0,0.0,0.0
49,4,Normal,-0.0009307977861405636,0.000740475985214778,0.0002219060537805184,-0.000190610148486862,0.0002053856771753441
49,4,Password,-0.0005842750511661647,0.0009797680632825693,9.370410415818347e-05,0.0011809561494616405,0.004121006851123645
49,4,Port_Scanning,0.00025318457299667495,0.0006052338516980264,-3.0243028107077943e-05,-1.0564968259576164e-05,-0.0008176104283280472
49,4,Ransomware,0.003457234512352636,-0.0004406949131358547,0.0030233720784902016,-0.003457234512352636,-0.0025826771653543468
49,4,SQL_injection,0.0007544412429847056,0.0008527370551936591,0.00018139702667673008,-0.0008238839189158737,0.0007544412429847056
49,4,Uploading,0.021012409685497176,0.004805862960028657,-0.01883124157769768,0.0006175658387632052,-0.006538030622633762
49,4,Vulnerability_scanner,-0.000788380694427417,0.0027633128492487373,0.002375853110368681,-0.003702425915503736,0.0023006335634058756
49,4,XSS,0.0,0.0,0.0,0.0,0.0
49,Aggregated,Backdoor,-0.08561966169080633,0.06682494562749722,0.020614222086429417,-0.012276923037936822,0.01556390599227319
49,Aggregated,DDoS_HTTP,0.004628025323249585,0.003965910845893485,-0.0029752856264024545,0.009201243553831093,-0.015249268643593283
49,Aggregated,DDoS_ICMP,0.00012301155127448043,7.904085029868021e-05,0.0001443653894924309,6.78599966606038e-05,-0.0005490783908491818
49,Aggregated,DDoS_TCP,0.008076474952751388,0.007947382615316608,-0.027232690224358376,0.00815857983438869,0.0030927348648708847
49,Aggregated,DDoS_UDP,2.1452777089333202e-06,-1.931164484453851e-05,2.1452777089333202e-06,-3.2189529294346374e-06,1.8240042356106508e-05
49,Aggregated,Fingerprinting,0.09353198185675109,0.006284828369114118,0.15904626582820244,0.003387928520994752,-0.31906652947569364
49,Aggregated,MITM,0.0,0.0,0.0,0.0,0.0
49,Aggregated,Normal,-0.0007932993300159008,0.0006436525173300345,0.00014634254821349613,-4.0044772509656434e-05,0.00010558037940247567
49,Aggregated,Password,-0.0002853177419975553,-0.0011811266683621193,-8.163733429824802e-05,0.002838474131128798,0.0026191115230330473
49,Aggregated,Port_Scanning,0.0012136647280391341,-0.001954650796463969,0.0014463700042822824,-0.00048117192164274424,-0.0007921582491292212
49,Aggregated,Ransomware,0.005471176634474373,0.00017446788477686325,0.0034878033840957,-9.357114473526792e-05,-0.00975041739981735
49,Aggregated,SQL_injection,0.0006187801289679833,0.0006425043708529101,0.00033265410561343357,-0.0005986188166570109,0.0006303784681150055
49,Aggregated,Uploading,0.01807445119985042,0.0031032060839749076,-0.014824822118965747,0.001310926821746849,-0.007179107510080482
49,Aggregated,Vulnerability_scanner,-0.0007592176985448414,0.0015194389002921194,0.002495624817397631,-0.0024004323298986,0.0015744090018661617
49,Aggregated,XSS,0.0,0.0,0.0,0.0,0.0
49,Centralized,Backdoor,-0.08561966169080633,0.06682494562749722,0.020614222086429417,-0.012276923037936822,0.01556390599227319
49,Centralized,DDoS_HTTP,0.004628025323249585,0.003965910845893485,-0.0029752856264024545,0.009201243553831093,-0.015249268643593283
49,Centralized,DDoS_ICMP,0.00012301155127448043,7.904085029868021e-05,0.0001443653894924309,6.78599966606038e-05,-0.0005490783908491818
49,Centralized,DDoS_TCP,0.008076474952751388,0.007947382615316608,-0.027232690224358376,0.00815857983438869,0.0030927348648708847
49,Centralized,DDoS_UDP,2.1452777089333202e-06,-1.931164484453851e-05,2.1452777089333202e-06,-3.2189529294346374e-06,1.8240042356106508e-05
49,Centralized,Fingerprinting,0.09353198185675109,0.006284828369114118,0.15904626582820244,0.003387928520994752,-0.31906652947569364
49,Centralized,MITM,0.0,0.0,0.0,0.0,0.0
49,Centralized,Normal,-0.0007932993300159008,0.0006436525173300345,0.00014634254821349613,-4.0044772509656434e-05,0.00010558037940247567
49,Centralized,Password,-0.0002853177419975553,-0.0011811266683621193,-8.163733429824802e-05,0.002838474131128798,0.0026191115230330473
49,Centralized,Port_Scanning,0.0012136647280391341,-0.001954650796463969,0.0014463700042822824,-0.00048117192164274424,-0.0007921582491292212
49,Centralized,Ransomware,0.005471176634474373,0.00017446788477686325,0.0034878033840957,-9.357114473526792e-05,-0.00975041739981735
49,Centralized,SQL_injection,0.0006187801289679833,0.0006425043708529101,0.00033265410561343357,-0.0005986188166570109,0.0006303784681150055
49,Centralized,Uploading,0.01807445119985042,0.0031032060839749076,-0.014824822118965747,0.001310926821746849,-0.007179107510080482
49,Centralized,Vulnerability_scanner,-0.0007592176985448414,0.0015194389002921194,0.002495624817397631,-0.0024004323298986,0.0015744090018661617
49,Centralized,XSS,0.0,0.0,0.0,0.0,0.0
50,0,Backdoor,-0.05003231672432851,0.05295296248628591,-0.019690501424149822,-0.016731286111616984,0.028456058046888038
50,0,DDoS_HTTP,-0.0024243086180828627,0.00964866880266677,0.009645185249871232,0.006641084618606307,-0.023510630053061442
50,0,DDoS_ICMP,0.0002792591757232769,0.00024578664308296807,9.366177481160235e-05,0.00027932052334546283,-0.0006962120169859291
50,0,DDoS_TCP,0.004544631037277028,0.0050912526251595735,-0.020732610113566474,0.005882118074605658,0.0044837240064363754
50,0,DDoS_UDP,0.0,0.0,0.0,0.0,0.0
50,0,Fingerprinting,0.16554316684347642,0.11808784438815396,0.13813674973117693,0.15588257746152473,-0.449445210219204
50,0,MITM,0.0,0.0,0.0,0.0,0.0
50,0,Normal,-0.00037875561678707794,0.0004072815601790939,-0.00013102396791966341,-0.00011377884929519299,0.0001718695110833668
50,0,Password,-0.0042608452731013975,-0.00031045919317975455,0.0017415767651837643,0.0014890679846548604,-0.00016750953366219263
50,0,Port_Scanning,0.0006460337021061468,0.0032128909094622294,-0.014516118736354883,0.0069014732760538985,0.0003633348705946504
50,0,Ransomware,-0.004479414942451001,0.007443529386175718,0.0065503306241482,-0.0008988648682152563,-0.013280959865037271
50,0,SQL_injection,0.0,0.0,0.0,0.0,0.0
50,0,Uploading,0.010076631290991052,0.04482028979678957,-0.02421146987057176,-0.023298905697283025,-0.028306409864703494
50,0,Vulnerability_scanner,0.0022452667556451924,0.001474461779964383,0.0011683645176477002,0.0014826702060041052,-0.006885796712065062
50,0,XSS,0.0,0.0,0.0,0.0,0.0
50,1,Backdoor,-0.0464680869125749,0.04274015770561635,-0.01734034862621421,-0.014355528408734188,0.02482319425570919
50,1,DDoS_HTTP,-0.0006963679904430401,0.00385165338740004,0.0036498204452737703,0.0023896599665864577,-0.009194765808817229
50,1,DDoS_ICMP,8.090184308970164e-05,0.0004796357118847405,0.0003120220893750007,0.0003394225879363333,-0.000933202978103372
50,1,DDoS_TCP,0.0006572115051275585,0.001081277137415282,-0.004043146121343749,0.0016474459736733505,0.0006572115051275585
50,1,DDoS_UDP,1.1185657058521148e-05,-0.0001007838619318746,1.1185657058521148e-05,-1.6806722689077792e-05,9.521927050391011e-05
50,1,Fingerprinting,0.0635898773083711,0.06606708806281565,0.1271060102543615,0.06357775662611578,-0.2635225504334821
50,1,MITM,0.0,0.0,0.0,0.0,0.0
50,1,Normal,-0.0004053022615245557,0.0003094216062168605,-0.00013498808398577274,-8.974432673057864e-05,0.00021170990216645886
50,1,Password,-0.007853582899078733,-0.008884754743521957,0.006039631306435865,0.007710048169667239,0.00041158687555346575
50,1,Port_Scanning,-0.0067791638024311375,-0.005402304802681152,0.022531690974262154,-0.003571058566718727,-0.0067791638024311375
50,1,Ransomware,0.0010762321130072029,0.004768254376458018,0.00338606513712593,-0.0020963096309630632,-0.007134241995628088
50,1,SQL_injection,-5.592471930036489e-05,0.0003568592729168901,0.0002779115526198477,-0.0009159229444580012,0.00010113285409927287
50,1,Uploading,0.006855970907385953,0.026436394789549688,-0.013517344261392469,-0.013793072696807273,-0.016136534168719147
50,1,Vulnerability_scanner,5.1686977452086724e-05,0.0008600149318621908,0.0007733027892807831,0.001343933035798578,-0.004296364857334117
50,1,XSS,0.0,0.0,0.0,0.0,0.0
50,2,Backdoor,-0.06220481254392752,0.07209422791924881,-0.02753130695390965,-0.01936132240358655,0.03510995758116522
50,2,DDoS_HTTP,-0.002651922091372308,0.009441788505959286,0.01032403254373301,0.007169142370698652,-0.022979325194171826
50,2,DDoS_ICMP,-5.222960641440011e-05,5.619929466579484e-05,-7.453806966695546e-05,-5.202894083955837e-05,0.0001225973222551191
50,2,DDoS_TCP,0.006705292195823431,0.00702445197965128,-0.027619068242863348,0.00702445197965128,0.006864872087737356
50,2,DDoS_UDP,0.0,0.0,0.0,0.0,0.0
50,2,Fingerprinting,0.07961233211233212,0.0067185592185592165,0.14699633699633702,0.056291208791208795,-0.2896184371184371
50,2,MITM,0.0,0.0,0.0,0.0,0.0
50,2,Normal,-0.0004953654108703095,0.0005222733810576733,-0.00015922384472451904,-9.604031519516906e-05,0.00020661564194507191
50,2,Password,-0.006640300259882163,-0.00581306212829974,0.0045192643618112965,0.005654153252311755,0.0008100770621529067
50,2,Port_Scanning,0.005092398292888123,0.0074648775336947585,-0.02630079127356908,0.0074648775336947585,0.006278637913291441
50,2,Ransomware,-0.0007894964499895648,0.005309999629354818,0.005005187065762269,-0.0013434440200721283,-0.008182246225055395
50,2,SQL_injection,-0.0001598886100515969,5.800540504910708e-05,5.800540504910708e-05,0.00020376641000497965,-0.0001598886100515969
50,2,Uploading,0.005352473815694405,0.02497297869560033,-0.018183182941282187,-0.015759506326717722,-0.02155292135129561
50,2,Vulnerability_scanner,0.001954638072419057,0.0012030081021421114,0.0012055201759850255,0.0022444078842009255,-0.007925384537891936
50,2,XSS,0.0,0.0,0.0,0.0,0.0
50,3,Backdoor,-0.04781344552984285,0.061648993261162716,-0.02769494805895886,-0.02301908688332277,0.03258472029535164
50,3,DDoS_HTTP,-0.0027729087859319538,0.008440747601312637,0.0074052447614196375,0.0073363676448563635,-0.021849451516663197
50,3,DDoS_ICMP,6.491850738041446e-05,7.2359683498964456e-06,0.0005877057524501627,-3.193063912952006e-05,-0.0003956426849161606
50,3,DDoS_TCP,0.004709740983531082,0.005599201858148876,-0.022032508835063233,0.005756636093575066,0.00533719295810345
50,3,DDoS_UDP,0.0,0.0,0.0,0.0,0.0
50,3,Fingerprinting,0.05925349111901057,0.028906083521349425,0.1944098915443389,0.03548721981106893,-0.25139001932910127
50,3,MITM,0.0,0.0,0.0,0.0,0.0
50,3,Normal,-0.0006135511237103523,0.0006691943597503284,-0.00021932394203613332,-0.0001355604234999049,0.0002546777526656089
50,3,Password,-0.0018600348398387738,0.004104676692026804,-0.004423559308634903,-0.0033574556769379246,-0.000714603581726971
50,3,Port_Scanning,-0.002559147265248535,0.00221787165575403,-0.006868693918415007,0.0030522285495890996,0.0008203134029801329
50,3,Ransomware,-0.0004127210496548258,0.007365681277959655,0.0046775048943718586,-0.00041257566362104905,-0.014834037991007219
50,3,SQL_injection,0.0,0.0,0.0,0.0,0.0
50,3,Uploading,0.005374198411065322,0.02669225340541177,-0.01994069303556547,-0.0170046190553265,-0.026118743606129778
50,3,Vulnerability_scanner,0.0025080834913031886,0.0005423078496803013,0.0014625179551251625,0.003149909419125298,-0.008324739491083873
50,3,XSS,0.0,0.0,0.0,0.0,0.0
50,4,Backdoor,-0.054203170158705724,0.05515339010780126,-0.025881625660574992,-0.02084934531379627,0.03965048282604207
50,4,DDoS_HTTP,0.004532514937707874,0.00035167922901219916,-0.000506552261474874,-0.00470000897731438,0.00032236707206918146
50,4,DDoS_ICMP,0.00028636633826361983,0.00022685164600698692,-0.0003508315439904708,0.00019611530710295829,-0.00017770314895275142
50,4,DDoS_TCP,0.003920906819070299,0.00396935048360183,-0.015489852618155069,0.003920906819070299,0.003096582647152757
50,4,DDoS_UDP,0.0,0.0,0.0,0.0,0.0
50,4,Fingerprinting,0.17284827261001717,0.0776399032210716,0.13567530065443648,0.10726175196056734,-0.3767585617794261
50,4,MITM,0.0,0.0,0.0,0.0,0.0
50,4,Normal,-0.0005756723374583512,0.0006557914275333736,-0.00028892278789665606,-0.0002369505904567378,0.00039939450673515673
50,4,Password,-0.0034353071818143204,-0.003047029711187652,0.0016435950185026958,0.002069686725689464,0.0019808310272523217
50,4,Port_Scanning,-0.00032247303458245445,-0.00032247303458245445,0.0012898921383298178,-0.00032247303458245445,-0.00032247303458245445
50,4,Ransomware,0.002765787609882109,0.003192817564471123,0.0006033079198433563,-0.0028607590717827,-0.0037011540224138884
50,4,SQL_injection,0.0,0.0,0.0,0.0,0.0
50,4,Uploading,0.012369742196519267,0.03668318828002675,-0.020998182981194123,-0.020554218970511975,-0.024836788346069734
50,4,Vulnerability_scanner,0.0009731092649938377,0.0007605624395392826,0.0007447713555053674,0.0007704902251349936,-0.0030565643613781096
50,4,XSS,0.0,0.0,0.0,0.0,0.0
50,Aggregated,Backdoor,-0.0519014850374376,0.05699633078223284,-0.02392962911428705,-0.01914541550647581,0.03234131191535979
50,Aggregated,DDoS_HTTP,-0.002084917945447199,0.007925722819851159,0.007854320066504553,0.005910834571049576,-0.019605959511958086
50,Aggregated,DDoS_ICMP,0.00015001589086254818,0.0001995561310463708,8.481182386071428e-05,0.00015039286125934453,-0.000405034475951338
50,Aggregated,DDoS_TCP,0.004092945417211219,0.004530376596774164,-0.017872257393724354,0.0048119145750072775,0.004061522874408376
50,Aggregated,DDoS_UDP,2.1452777089333202e-06,-1.931164484453851e-05,2.1452777089333202e-06,-3.2189529294346374e-06,1.8240042356106508e-05
50,Aggregated,Fingerprinting,0.09845444747354916,0.062053692857714525,0.1494548870538283,0.07629637040111235,-0.3113027754611613
50,Aggregated,MITM,0.0,0.0,0.0,0.0,0.0
50,Aggregated,Normal,-0.0004926373356143025,0.0005107589629722316,-0.00018548122989912226,-0.00013317593011904865,0.00024719388196586996
50,Aggregated,Password,-0.0052971414684524504,-0.00374713464771539,0.0027342393937400578,0.003583600978962037,0.0005516654396631612
50,Aggregated,Port_Scanning,-0.0014897679102462388,0.00046202616401690063,-0.0010781355619209677,0.0017902473842161574,-0.0008217269538920861
50,Aggregated,Ransomware,-0.000543683994984436,0.005811184598149739,0.004478938706468104,-0.001365648353451358,-0.009796784835434334
50,Aggregated,SQL_injection,-4.3261988437317175e-05,8.085312930978297e-05,6.24458120339381e-05,-0.00014870694731253798,-6.50105379277575e-06
50,Aggregated,Uploading,0.00777343583615459,0.03181829272693657,-0.01955926056844298,-0.018134812628767632,-0.02369869495889094
50,Aggregated,Vulnerability_scanner,0.0013849984444285386,0.0009178576358142843,0.001006163313097071,0.0016211284485022719,-0.005510437081351534
50,Aggregated,XSS,0.0,0.0,0.0,0.0,0.0
50,Centralized,Backdoor,-0.0519014850374376,0.05699633078223284,-0.02392962911428705,-0.01914541550647581,0.03234131191535979
50,Centralized,DDoS_HTTP,-0.002084917945447199,0.007925722819851159,0.007854320066504553,0.005910834571049576,-0.019605959511958086
50,Centralized,DDoS_ICMP,0.00015001589086254818,0.0001995561310463708,8.481182386071428e-05,0.00015039286125934453,-0.000405034475951338
50,Centralized,DDoS_TCP,0.004092945417211219,0.004530376596774164,-0.017872257393724354,0.0048119145750072775,0.004061522874408376
50,Centralized,DDoS_UDP,2.1452777089333202e-06,-1.931164484453851e-05,2.1452777089333202e-06,-3.2189529294346374e-06,1.8240042356106508e-05
50,Centralized,Fingerprinting,0.09845444747354916,0.062053692857714525,0.1494548870538283,0.07629637040111235,-0.3113027754611613
50,Centralized,MITM,0.0,0.0,0.0,0.0,0.0
50,Centralized,Normal,-0.0004926373356143025,0.0005107589629722316,-0.00018548122989912226,-0.00013317593011904865,0.00024719388196586996
50,Centralized,Password,-0.0052971414684524504,-0.00374713464771539,0.0027342393937400578,0.003583600978962037,0.0005516654396631612
50,Centralized,Port_Scanning,-0.0014897679102462388,0.00046202616401690063,-0.0010781355619209677,0.0017902473842161574,-0.0008217269538920861
50,Centralized,Ransomware,-0.000543683994984436,0.005811184598149739,0.004478938706468104,-0.001365648353451358,-0.009796784835434334
50,Centralized,SQL_injection,-4.3261988437317175e-05,8.085312930978297e-05,6.24458120339381e-05,-0.00014870694731253798,-6.50105379277575e-06
50,Centralized,Uploading,0.00777343583615459,0.03181829272693657,-0.01955926056844298,-0.018134812628767632,-0.02369869495889094
50,Centralized,Vulnerability_scanner,0.0013849984444285386,0.0009178576358142843,0.001006163313097071,0.0016211284485022719,-0.005510437081351534
50,Centralized,XSS,0.0,0.0,0.0,0.0,0.0
