Round,Evaluator,Classes,4,2,3,1,0
0,0,Backdoor,,,,,
0,0,DDoS_HTTP,,,,,
0,0,DDoS_ICMP,,,,,
0,0,DDoS_TCP,,,,,
0,0,DDoS_UDP,,,,,
0,0,Fingerprinting,,,,,
0,0,MITM,,,,,
0,0,Normal,,,,,
0,0,Password,,,,,
0,0,Port_Scanning,,,,,
0,0,Ransomware,,,,,
0,0,SQL_injection,,,,,
0,0,Uploading,,,,,
0,0,Vulnerability_scanner,,,,,
0,0,XSS,,,,,
0,1,Backdoor,,,,,
0,1,DDoS_HTTP,,,,,
0,1,DDoS_ICMP,,,,,
0,1,DDoS_TCP,,,,,
0,1,DDoS_UDP,,,,,
0,1,Fingerprinting,,,,,
0,1,MITM,,,,,
0,1,Normal,,,,,
0,1,Password,,,,,
0,1,Port_Scanning,,,,,
0,1,Ransomware,,,,,
0,1,SQL_injection,,,,,
0,1,Uploading,,,,,
0,1,Vulnerability_scanner,,,,,
0,1,XSS,,,,,
0,2,Backdoor,,,,,
0,2,DDoS_HTTP,,,,,
0,2,DDoS_ICMP,,,,,
0,2,DDoS_TCP,,,,,
0,2,DDoS_UDP,,,,,
0,2,Fingerprinting,,,,,
0,2,MITM,,,,,
0,2,Normal,,,,,
0,2,Password,,,,,
0,2,Port_Scanning,,,,,
0,2,Ransomware,,,,,
0,2,SQL_injection,,,,,
0,2,Uploading,,,,,
0,2,Vulnerability_scanner,,,,,
0,2,XSS,,,,,
0,3,Backdoor,,,,,
0,3,DDoS_HTTP,,,,,
0,3,DDoS_ICMP,,,,,
0,3,DDoS_TCP,,,,,
0,3,DDoS_UDP,,,,,
0,3,Fingerprinting,,,,,
0,3,MITM,,,,,
0,3,Normal,,,,,
0,3,Password,,,,,
0,3,Port_Scanning,,,,,
0,3,Ransomware,,,,,
0,3,SQL_injection,,,,,
0,3,Uploading,,,,,
0,3,Vulnerability_scanner,,,,,
0,3,XSS,,,,,
0,4,Backdoor,,,,,
0,4,DDoS_HTTP,,,,,
0,4,DDoS_ICMP,,,,,
0,4,DDoS_TCP,,,,,
0,4,DDoS_UDP,,,,,
0,4,Fingerprinting,,,,,
0,4,MITM,,,,,
0,4,Normal,,,,,
0,4,Password,,,,,
0,4,Port_Scanning,,,,,
0,4,Ransomware,,,,,
0,4,SQL_injection,,,,,
0,4,Uploading,,,,,
0,4,Vulnerability_scanner,,,,,
0,4,XSS,,,,,
0,Aggregated,Backdoor,,,,,
0,Aggregated,DDoS_HTTP,,,,,
0,Aggregated,DDoS_ICMP,,,,,
0,Aggregated,DDoS_TCP,,,,,
0,Aggregated,DDoS_UDP,,,,,
0,Aggregated,Fingerprinting,,,,,
0,Aggregated,MITM,,,,,
0,Aggregated,Normal,,,,,
0,Aggregated,Password,,,,,
0,Aggregated,Port_Scanning,,,,,
0,Aggregated,Ransomware,,,,,
0,Aggregated,SQL_injection,,,,,
0,Aggregated,Uploading,,,,,
0,Aggregated,Vulnerability_scanner,,,,,
0,Aggregated,XSS,,,,,
0,Centralized,Backdoor,,,,,
0,Centralized,DDoS_HTTP,,,,,
0,Centralized,DDoS_ICMP,,,,,
0,Centralized,DDoS_TCP,,,,,
0,Centralized,DDoS_UDP,,,,,
0,Centralized,Fingerprinting,,,,,
0,Centralized,MITM,,,,,
0,Centralized,Normal,,,,,
0,Centralized,Password,,,,,
0,Centralized,Port_Scanning,,,,,
0,Centralized,Ransomware,,,,,
0,Centralized,SQL_injection,,,,,
0,Centralized,Uploading,,,,,
0,Centralized,Vulnerability_scanner,,,,,
0,Centralized,XSS,,,,,
1,0,Backdoor,-0.09156089164184351,0.15174878244884976,-0.05347055103173951,0.03635668356631759,-0.05237634892297969
1,0,DDoS_HTTP,-0.02588587943840773,0.05789072426433086,-0.002496231862474447,-0.017810556164421048,-0.011698056799027677
1,0,DDoS_ICMP,0.19796542836557676,0.19866945857117907,0.19792200113424002,0.19840044262332185,0.19891821020065498
1,0,DDoS_TCP,0.162478900708441,0.16669585088012434,0.12837209030288646,0.15090263815568405,0.1430575527726899
1,0,DDoS_UDP,0.199279543673656,0.19923269737827315,0.19845292017010585,0.19970393413063905,0.20011340142982278
1,0,Fingerprinting,0.0,0.0,0.0,0.0,0.0
1,0,MITM,0.03333333333333333,-0.11547619047619047,0.051190476190476196,0.051190476190476196,-0.020238095238095232
1,0,Normal,0.16873847367183378,0.172077999787239,0.1693284865663759,0.17039535997538655,0.1689940393712507
1,0,Password,0.00018099222458620596,0.011220942863093724,0.010491078753147708,0.011226405601092592,0.011259278782931847
1,0,Port_Scanning,-0.026788307745684796,-0.025730106687483736,0.07809502992453812,-0.026788307745684796,0.0012116922543152072
1,0,Ransomware,0.0,0.0,0.0,0.0,0.0
1,0,SQL_injection,0.0,0.0,0.0,0.0,0.0
1,0,Uploading,0.015426290401035086,0.04042013640384865,0.021413438259269557,-0.00114643960370929,-0.0007166000636186257
1,0,Vulnerability_scanner,0.00035244020721583724,0.20808736717827628,0.20785783740648747,0.2081036582773419,0.20843980738549212
1,0,XSS,-0.004223069324509115,-0.004223069324509115,-0.004223069324509115,0.0018578643578643576,-0.0007326679283485564
1,1,Backdoor,-0.08870231412974199,0.14870359169385852,-0.04980593381967282,0.02966617724757196,-0.0496710997571628
1,1,DDoS_HTTP,-0.03254688662379427,0.06173640772623912,-9.979426375577329e-06,-0.018973383753623715,-0.010206157922445589
1,1,DDoS_ICMP,0.19800267899774718,0.19803355986326882,0.19769610640724833,0.19887206806614297,0.19852779794697925
1,1,DDoS_TCP,0.1586193661060306,0.16483322378307838,0.12453201193698973,0.1492198373509797,0.14192599560553035
1,1,DDoS_UDP,0.19914209136087774,0.19842642780836217,0.19781011652550326,0.20039340294668004,0.19940945830685824
1,1,Fingerprinting,0.0,0.0,0.0,0.0,0.0
1,1,MITM,0.009523809523809523,-0.0619047619047619,0.05714285714285714,0.03333333333333333,-0.03809523809523809
1,1,Normal,0.16909244081727118,0.17194622662707576,0.16970831687794907,0.17067331994930796,0.169461975208237
1,1,Password,-0.003279609404075608,0.014686587841256767,0.01376542725217241,0.013105602370686103,0.008989347922235045
1,1,Port_Scanning,-0.026712630919536344,-0.025145232800414086,0.06872960075484555,-0.02671263091953634,0.009840893884641207
1,1,Ransomware,0.0,0.0,0.0,0.0,0.0
1,1,SQL_injection,0.0,0.0,0.0,0.0,0.0
1,1,Uploading,0.011063975553694615,0.04217022649071363,0.01458556998301818,-0.00041523429122056904,0.0007317348088843174
1,1,Vulnerability_scanner,-7.403442904346432e-05,0.20752760299106246,0.20736378255835444,0.2082238638632452,0.20703575363686735
1,1,XSS,-0.007584972325161435,-0.007584972325161435,-0.007584972325161435,0.008671966612189875,0.006160732142192518
1,2,Backdoor,-0.08519157905762066,0.14474617943335144,-0.04648636616509776,0.02543232934019561,-0.046161141040516315
1,2,DDoS_HTTP,-0.026919815908412317,0.05971758103344451,-0.0011931678805714616,-0.019751789959540033,-0.011852807284920663
1,2,DDoS_ICMP,0.19835468810270024,0.1981648838492941,0.19797645068287748,0.19895785341388256,0.19839219948152756
1,2,DDoS_TCP,0.15919805284243965,0.1647430318409062,0.12218104579493677,0.15111052318870072,0.14232997058748947
1,2,DDoS_UDP,0.199501614337677,0.19886117577286258,0.19867461396711417,0.200435088005232,0.1999568138297113
1,2,Fingerprinting,0.0,0.0,0.0,0.0,0.0
1,2,MITM,-0.004761904761904762,-0.1,0.019047619047619046,0.04285714285714285,0.04285714285714285
1,2,Normal,0.1685693519214179,0.1714045666789054,0.16917251027617916,0.17008571461701075,0.16889938638116136
1,2,Password,-0.00022281103024482615,0.012040679922994145,0.011806117001026196,0.011845710303445996,0.011658433405134904
1,2,Port_Scanning,-0.025765541367578106,-0.024700578641273528,0.07335136941067452,-0.025765541367578106,0.0028802919657552255
1,2,Ransomware,0.0,0.0,0.0,0.0,0.0
1,2,SQL_injection,0.0,0.0,0.0,0.0,0.0
1,2,Uploading,0.009950106695069212,0.03918543472125392,0.013467127708242873,-7.623096327080656e-05,0.0016018183517308548
1,2,Vulnerability_scanner,0.00044931479107494326,0.20491341345582198,0.20487322033564212,0.2058361589100797,0.20531449650268105
1,2,XSS,-0.009449038448283952,-0.009449038448283952,-0.009449038448283952,0.011753885130483473,0.004296666019070003
1,3,Backdoor,-0.08660602916141427,0.1394281487845333,-0.04704718196015537,0.02996569151890387,-0.047907488973292854
1,3,DDoS_HTTP,-0.03232119965596096,0.06530038914417008,-0.0011907694887062952,-0.020561831950862985,-0.011226588048639864
1,3,DDoS_ICMP,0.19815737602172995,0.19895788951058077,0.1981154281932682,0.19844374572892592,0.19879327616058778
1,3,DDoS_TCP,0.16033642243430077,0.16794470360162783,0.1239136778647271,0.15052768479789114,0.14170739334601393
1,3,DDoS_UDP,0.19905618408442446,0.1995718174826968,0.19852472367652893,0.19910224999865753,0.19956630408909662
1,3,Fingerprinting,0.0,0.0,0.0,0.0,0.0
1,3,MITM,-0.011904761904761906,-0.2023809523809524,0.08928571428571432,0.03571428571428571,0.08928571428571427
1,3,Normal,0.16914374341343927,0.1718805911426733,0.169714854144251,0.1706756689765059,0.16945734935637105
1,3,Password,-0.0007440692487642698,0.0074912946561332934,0.006983298298693236,0.007243295532571944,0.0060126875079924876
1,3,Port_Scanning,-0.026587138193746418,-0.025004859712733755,0.0758948832178575,-0.026587138193746414,0.002284252882369072
1,3,Ransomware,0.0,0.0,0.0,0.0,0.0
1,3,SQL_injection,0.0,0.0,0.0,0.0,0.0
1,3,Uploading,0.0059155749472199004,0.05470743359671259,0.01689759452598214,-0.013116758354263843,-0.01591899623080225
1,3,Vulnerability_scanner,-2.473162749383658e-05,0.20516532123575065,0.20520662350125163,0.20537158390422178,0.2050416133664748
1,3,XSS,-0.004429059915115091,-0.004429059915115091,-0.004429059915115091,0.0016518737672583824,-0.0009386585189545317
1,4,Backdoor,-0.09198756688631685,0.15003385551863246,-0.05323081992677296,0.04186360224387306,-0.05377126953097599
1,4,DDoS_HTTP,-0.03139387721347334,0.06300481477476945,-0.0010758874294067805,-0.019634509508375354,-0.012667325075810821
1,4,DDoS_ICMP,0.1985702548183992,0.19899647209876184,0.19804055427974293,0.19855553535819706,0.1985882412119314
1,4,DDoS_TCP,0.16032981961336187,0.16680332925062105,0.11952537080871659,0.14904070393252458,0.14044853365071305
1,4,DDoS_UDP,0.19908358954086047,0.19895682708341952,0.19804535663676545,0.19934419161240183,0.19943194906361067
1,4,Fingerprinting,0.0,0.0,0.0,0.0,0.0
1,4,MITM,0.0380952380952381,-0.1285714285714286,-0.009523809523809526,0.014285714285714278,0.08571428571428572
1,4,Normal,0.15818625738917833,0.16129458887075124,0.158788531994531,0.1599545091271774,0.15859553552965167
1,4,Password,-0.0020792702512851704,0.012179082562101337,0.011698862441492573,0.010961412183251766,0.008844667893562827
1,4,Port_Scanning,-0.025284612062245866,-0.022647481260558103,0.07094226232918548,-0.025284612062245866,0.002274443055864365
1,4,Ransomware,0.0,0.0,0.0,0.0,0.0
1,4,SQL_injection,0.026372070158429056,-0.02975156451505456,-0.02975156451505456,-0.02975156451505456,-0.02975156451505456
1,4,Uploading,0.018075507447718006,0.06400358321918997,0.02857783002265258,-0.0019654110786940186,0.0006834903891334824
1,4,Vulnerability_scanner,-6.390089118648208e-05,0.16215354293408918,0.16210439356965312,0.16232559920532003,0.1619569454458806
1,4,XSS,-0.006109319602424264,-0.006109319602424264,-0.006109319602424264,0.00593606985920231,0.0008351248420201791
1,Aggregated,Backdoor,-0.08888127792863985,0.14705015095097765,-0.05006552117429457,0.0327689730127808,-0.0500248672337054
1,Aggregated,DDoS_HTTP,-0.029841443306969632,0.06153258419012639,-0.0012037868714579155,-0.019365811432895192,-0.011543572542931065
1,Aggregated,DDoS_ICMP,0.19821196791394674,0.19856676310633692,0.1979522057316693,0.19864767904753403,0.19864605732969942
1,Aggregated,DDoS_TCP,0.16017624035205663,0.16619852598959092,0.12373801941138257,0.15013999253976024,0.14187893289472628
1,Aggregated,DDoS_UDP,0.1992126033556302,0.19900947450000323,0.19830137169614126,0.19979599480542587,0.1996954675852078
1,Aggregated,Fingerprinting,0.0,0.0,0.0,0.0,0.0
1,Aggregated,MITM,0.01265618886586628,-0.1272533058823381,0.04219262465230207,0.035666211875889295,0.0367382804882805
1,Aggregated,Normal,0.16665644680188615,0.1696318680945485,0.16725319404983455,0.16827056979853214,0.16699355942269298
1,Aggregated,Password,-0.0012323804176465984,0.011539969778278304,0.010961627508359224,0.01088783205397416,0.00936133779115116
1,Aggregated,Port_Scanning,-0.02622186173351996,-0.024638581176205203,0.07336719158684911,-0.02622186173351996,0.0037151130563960097
1,Aggregated,Ransomware,0.0,0.0,0.0,0.0,0.0
1,Aggregated,SQL_injection,0.019890807854080494,-0.010952104023314145,-0.010952104023314145,-0.010952104023314145,-0.010952104023314145
1,Aggregated,Uploading,0.012131182381799973,0.04819437460642844,0.01907310329569206,-0.0033410532472497524,-0.00272161660223467
1,Aggregated,Vulnerability_scanner,0.0001123212799249651,0.19554438154602638,0.1954552147233212,0.1959217532021604,0.19551666481903665
1,Aggregated,XSS,-0.006375814769162478,-0.006375814769162478,-0.006375814769162478,0.006012465660355065,0.0019401935468458384
1,Centralized,Backdoor,-0.08888127792863985,0.14705015095097765,-0.05006552117429457,0.0327689730127808,-0.0500248672337054
1,Centralized,DDoS_HTTP,-0.029841443306969632,0.06153258419012639,-0.0012037868714579155,-0.019365811432895192,-0.011543572542931065
1,Centralized,DDoS_ICMP,0.19821196791394674,0.19856676310633692,0.1979522057316693,0.19864767904753403,0.19864605732969942
1,Centralized,DDoS_TCP,0.16017624035205663,0.16619852598959092,0.12373801941138257,0.15013999253976024,0.14187893289472628
1,Centralized,DDoS_UDP,0.1992126033556302,0.19900947450000323,0.19830137169614126,0.19979599480542587,0.1996954675852078
1,Centralized,Fingerprinting,0.0,0.0,0.0,0.0,0.0
1,Centralized,MITM,0.01265618886586628,-0.1272533058823381,0.04219262465230207,0.035666211875889295,0.0367382804882805
1,Centralized,Normal,0.16665644680188615,0.1696318680945485,0.16725319404983455,0.16827056979853214,0.16699355942269298
1,Centralized,Password,-0.0012323804176465984,0.011539969778278304,0.010961627508359224,0.01088783205397416,0.00936133779115116
1,Centralized,Port_Scanning,-0.02622186173351996,-0.024638581176205203,0.07336719158684911,-0.02622186173351996,0.0037151130563960097
1,Centralized,Ransomware,0.0,0.0,0.0,0.0,0.0
1,Centralized,SQL_injection,0.019890807854080494,-0.010952104023314145,-0.010952104023314145,-0.010952104023314145,-0.010952104023314145
1,Centralized,Uploading,0.012131182381799973,0.04819437460642844,0.01907310329569206,-0.0033410532472497524,-0.00272161660223467
1,Centralized,Vulnerability_scanner,0.0001123212799249651,0.19554438154602638,0.1954552147233212,0.1959217532021604,0.19551666481903665
1,Centralized,XSS,-0.006375814769162478,-0.006375814769162478,-0.006375814769162478,0.006012465660355065,0.0019401935468458384
2,0,Backdoor,0.09612061058455595,0.055006348152436206,0.028396939942565695,0.1680944088927244,0.0010055456387269698
2,0,DDoS_HTTP,-0.03931804796846336,0.01910399310374875,0.14979274890297328,0.08150152228837641,0.1410703213077733
2,0,DDoS_ICMP,4.4819445833155223e-05,0.0003076239946503375,-0.0007459355240043282,0.0009531122947331476,0.0005632121801106245
2,0,DDoS_TCP,-0.0015913965373057708,0.000800681855918665,0.004154349971581121,0.00255657000397231,0.0030797665557876107
2,0,DDoS_UDP,0.00020470150289268464,0.0005804048121007099,-0.0009395491468106754,0.0014869548478938252,0.000919429566408995
2,0,Fingerprinting,0.0,0.0,0.0,0.0,0.0
2,0,MITM,0.03777777777777782,0.13878787878787877,0.21252525252525256,0.23979797979797976,0.037777777777777834
2,0,Normal,0.0002134108454075893,0.00017054705278297111,0.0021534281124115334,0.0019881553994119173,0.0018421905837490483
2,0,Password,-0.008002322719196386,-0.003563447900081071,0.005607682571259945,0.0044322549185645006,-0.0013713836139175877
2,0,Port_Scanning,-0.008620689655172414,0.034482758620689655,-0.008620689655172414,-0.008620689655172414,-0.008620689655172414
2,0,Ransomware,0.0,0.0,0.0,0.0,0.0
2,0,SQL_injection,0.0,0.0,0.0,0.0,0.0
2,0,Uploading,-0.01454242411777472,0.008830302653539754,0.0073307902310183115,0.0020650456656742372,0.015037107229540558
2,0,Vulnerability_scanner,-0.16651908692220438,0.04169119069149909,0.04144551484770711,0.04169119069149909,0.04169119069149909
2,0,XSS,-0.004474233799624435,-0.0009569875093062302,0.002416096989754858,0.011924228826254572,0.011924228826254574
2,1,Backdoor,0.09642779406122601,0.04667899956028862,0.009454027318849393,0.1582221669507265,-0.00010337624060507607
2,1,DDoS_HTTP,-0.03336867840235127,0.028066062688752735,0.1307496930326533,0.07125963201833654,0.12994085513252276
2,1,DDoS_ICMP,-0.0002655051960135324,-0.0003229898639218224,-0.0008407707301858136,0.001041166777490273,0.0010651451584678636
2,1,DDoS_TCP,-0.0030651365825525726,0.00040359158256383367,0.004262838864353186,0.002750407111699349,0.006848115232080568
2,1,DDoS_UDP,-0.0004345680089292869,-0.0004063095859464775,-0.0011352830386001914,0.0017243164772931733,0.001852843990398138
2,1,Fingerprinting,0.0,0.0,0.0,0.0,0.0
2,1,MITM,0.1151515151515151,0.12878787878787878,0.23535353535353537,0.25050505050505045,0.17929292929292945
2,1,Normal,0.00018079353283469065,6.066021551029791e-05,0.0020425764657506637,0.0019511636971613843,0.0017246494661524762
2,1,Password,-0.0030935708020115166,-0.0013162871716655932,0.004053720947592466,0.006469992730756526,-0.00036206588429567137
2,1,Port_Scanning,-0.008133971291866028,0.03253588516746411,-0.008133971291866028,-0.008133971291866028,-0.008133971291866028
2,1,Ransomware,0.0,0.0,0.0,0.0,0.0
2,1,SQL_injection,0.0,0.0,0.0,0.0,0.0
2,1,Uploading,-0.018981102747074773,0.010705751566774075,0.005827930389250701,0.0036681133710245255,0.020839113306307836
2,1,Vulnerability_scanner,-0.16619894884381592,0.04197075209769856,0.04110483339811989,0.04156631493804509,0.04184781407179214
2,1,XSS,-0.008419338134657088,0.003652210019365288,0.0051429675977633016,0.020430636959795176,0.020430636959795176
2,2,Backdoor,0.07262777672460233,0.0338524940374906,0.014688574431460174,0.1721290693749725,-0.003669734529386541
2,2,DDoS_HTTP,-0.034436380787166966,0.022787283767020338,0.12640695133753524,0.06838695107420437,0.12610374952170178
2,2,DDoS_ICMP,-2.8714020133929764e-05,-0.00010494222379898906,-0.0013020143729164972,0.0008010921200100293,0.0006345784968393868
2,2,DDoS_TCP,-0.003524403450000583,0.0006140773594436136,0.0033382831152187487,0.0012326903360625103,0.00480847441654859
2,2,DDoS_UDP,-2.5164244563400755e-05,-0.0003451963006977273,-0.0016866305559080734,0.0010425876568234498,0.0016558370815886458
2,2,Fingerprinting,0.0,0.0,0.0,0.0,0.0
2,2,MITM,0.007539682539682543,0.009523809523809513,0.2714285714285714,0.18611111111111117,0.02539682539682541
2,2,Normal,7.712493184307556e-05,-4.99640885158766e-05,0.002075758060447545,0.0019158738057295306,0.0018109318980554308
2,2,Password,-0.004725850444698191,-0.0013046338059302142,0.0025042428926218053,0.0025564109846958273,0.0011789788774632408
2,2,Port_Scanning,-0.010208816705336427,0.04083526682134571,-0.010208816705336427,-0.010208816705336427,-0.010208816705336427
2,2,Ransomware,0.0,0.0,0.0,0.0,0.0
2,2,SQL_injection,0.0,0.0,0.0,0.0,0.0
2,2,Uploading,-0.024718025998250404,0.008872912235968916,0.003928573191456732,0.0010844741608330316,0.026226672720027332
2,2,Vulnerability_scanner,-0.1641169718992324,0.041189485979412695,0.040468127720634635,0.041229679099592534,0.041229679099592534
2,2,XSS,-0.004789980454732927,0.00041379524662920285,0.011733068153444071,0.03434870469349802,0.029360402208877426
2,3,Backdoor,0.07251660185919644,0.044723319757501746,0.012803939961341453,0.15553149889911452,-0.003176907865935505
2,3,DDoS_HTTP,-0.03768092407323417,0.026607899406406184,0.13405066147267988,0.0716906506278346,0.13197927703622753
2,3,DDoS_ICMP,-0.00010196707316711776,0.0001976025763020454,-0.0004184766975574924,0.0006940962792865916,0.00030355804770986573
2,3,DDoS_TCP,-0.0018579235625363862,-0.0014467615115267896,0.004247639348240762,0.004101119000822776,0.005143458928459774
2,3,DDoS_UDP,8.831960705416957e-06,0.00043882624095464655,-0.00044562441975587637,0.0009921931829513675,0.0006121464368586571
2,3,Fingerprinting,0.0,0.0,0.0,0.0,0.0
2,3,MITM,0.04166666666666667,0.11111111111111113,0.1638888888888889,0.22500000000000003,0.1250000000000001
2,3,Normal,-3.8469174773458903e-07,0.00012354802298143266,0.0020168712483289906,0.0019494089559091525,0.0017169412637381882
2,3,Password,-0.00441489560108399,-0.003920576930517625,0.003510446815893034,0.005753186666911058,-0.000928160951202476
2,3,Port_Scanning,-0.011555555555555557,0.04622222222222223,-0.011555555555555557,-0.011555555555555557,-0.011555555555555557
2,3,Ransomware,0.0,0.0,0.0,0.0,0.0
2,3,SQL_injection,0.0,0.0,0.0,0.0,0.0
2,3,Uploading,-0.02258453987204988,0.016162063421882387,0.012410496549954372,0.010538269494411378,0.03283622004228396
2,3,Vulnerability_scanner,-0.16407791697871751,0.04111218561633377,0.0407413601297162,0.04111218561633377,0.04111218561633377
2,3,XSS,-0.0017324752763234438,0.0034849476439790584,0.0017306573589296098,0.009538612565445026,0.007811591041303085
2,4,Backdoor,0.09210120741808915,0.06156716444443974,0.019738362056112436,0.16105525022763328,0.003106073929950377
2,4,DDoS_HTTP,-0.04433586893496469,0.028361236268682477,0.14812273770302767,0.068073920862487,0.14343994593175344
2,4,DDoS_ICMP,-1.9674256359858423e-05,0.0002994090920836449,-0.0005959438031734432,0.0006249635111453803,0.0003661600645371558
2,4,DDoS_TCP,-0.0027921625968055325,0.00017948382885210983,0.004947078150269785,0.0021514614678751895,0.0060682288595709085
2,4,DDoS_UDP,0.00024494541591449923,0.0005395339162665769,-0.0005353519721438955,0.0009605473796548192,0.0013560640563684797
2,4,Fingerprinting,0.0,0.0,0.0,0.0,0.0
2,4,MITM,0.09555555555555563,0.14,0.16222222222222224,0.18444444444444444,0.08444444444444453
2,4,Normal,0.000278001062833938,0.00019957255857629234,0.0021341448394821697,0.0019301736778274737,0.0018870136985603006
2,4,Password,-0.0021413977189663276,0.0008817257114118917,0.0003643084947502779,0.002306972975687603,0.001626492850850367
2,4,Port_Scanning,-0.009976798143851507,0.03990719257540603,-0.009976798143851507,-0.009976798143851507,-0.009976798143851507
2,4,Ransomware,0.0,0.0,0.0,0.0,0.0
2,4,SQL_injection,0.04508751458576429,-0.011271878646441073,-0.011271878646441073,-0.011271878646441073,-0.011271878646441073
2,4,Uploading,-0.022158477182114594,0.012803520294218126,0.007546855866189765,0.004685788378477019,0.02541461665852606
2,4,Vulnerability_scanner,-0.13004969653584114,0.03247738973120781,0.032347025944060824,0.03219644487718453,0.032708832870291686
2,4,XSS,-0.007399425489100646,-0.0055147487204949466,0.010434043111901622,0.02229451148133047,0.021422733018425347
2,Aggregated,Backdoor,0.08626620280394566,0.04854719335219968,0.017080856386978396,0.16313710236911885,-0.0005182817784797497
2,Aggregated,DDoS_HTTP,-0.03791030895003005,0.0249614907902523,0.13803747910808867,0.07225527801929398,0.134671871309075
2,Aggregated,DDoS_ICMP,-7.40943886871163e-05,7.550605161847172e-05,-0.0007804015723713587,0.0008227010208529025,0.0005862701042593602
2,Aggregated,DDoS_TCP,-0.002572124788651666,0.00011899551298761302,0.004188483369182313,0.0025591774569269604,0.005194770891785453
2,Aggregated,DDoS_UDP,-2.863460216162572e-07,0.000161258395652684,-0.0009486094501508687,0.001241427844017003,0.0012797697916427282
2,Aggregated,Fingerprinting,0.0,0.0,0.0,0.0,0.0
2,Aggregated,MITM,0.06351968123157263,0.11044961972161346,0.2071817435866441,0.21909105947375826,0.09541006989945507
2,Aggregated,Normal,0.00015363209530475281,0.00010404352323689822,0.0020834123417959797,0.0019459923264269967,0.0017970556145321225
2,Aggregated,Password,-0.004472268300104329,-0.0018410834381497635,0.003210573769004458,0.004298966433197436,2.8078428347349965e-05
2,Aggregated,Port_Scanning,-0.009737827715355805,0.03895131086142322,-0.009737827715355805,-0.009737827715355805,-0.009737827715355805
2,Aggregated,Ransomware,0.0,0.0,0.0,0.0,0.0
2,Aggregated,SQL_injection,0.024900115994329168,-0.006225028998582292,-0.006225028998582292,-0.006225028998582292,-0.006225028998582292
2,Aggregated,Uploading,-0.020575349331808157,0.011485578391375975,0.007416845244230032,0.004406012513862966,0.024048247738126045
2,Aggregated,Vulnerability_scanner,-0.15656740028861332,0.039280191709550105,0.03881843684189685,0.03914395632477961,0.039315050630948874
2,Aggregated,XSS,-0.005389623333074495,0.0001822894428696648,0.006332879745488745,0.019812023998312386,0.018278116420913506
2,Centralized,Backdoor,0.08626620280394566,0.04854719335219968,0.017080856386978396,0.16313710236911885,-0.0005182817784797497
2,Centralized,DDoS_HTTP,-0.03791030895003005,0.0249614907902523,0.13803747910808867,0.07225527801929398,0.134671871309075
2,Centralized,DDoS_ICMP,-7.40943886871163e-05,7.550605161847172e-05,-0.0007804015723713587,0.0008227010208529025,0.0005862701042593602
2,Centralized,DDoS_TCP,-0.002572124788651666,0.00011899551298761302,0.004188483369182313,0.0025591774569269604,0.005194770891785453
2,Centralized,DDoS_UDP,-2.863460216162572e-07,0.000161258395652684,-0.0009486094501508687,0.001241427844017003,0.0012797697916427282
2,Centralized,Fingerprinting,0.0,0.0,0.0,0.0,0.0
2,Centralized,MITM,0.06351968123157263,0.11044961972161346,0.2071817435866441,0.21909105947375826,0.09541006989945507
2,Centralized,Normal,0.00015363209530475281,0.00010404352323689822,0.0020834123417959797,0.0019459923264269967,0.0017970556145321225
2,Centralized,Password,-0.004472268300104329,-0.0018410834381497635,0.003210573769004458,0.004298966433197436,2.8078428347349965e-05
2,Centralized,Port_Scanning,-0.009737827715355805,0.03895131086142322,-0.009737827715355805,-0.009737827715355805,-0.009737827715355805
2,Centralized,Ransomware,0.0,0.0,0.0,0.0,0.0
2,Centralized,SQL_injection,0.024900115994329168,-0.006225028998582292,-0.006225028998582292,-0.006225028998582292,-0.006225028998582292
2,Centralized,Uploading,-0.020575349331808157,0.011485578391375975,0.007416845244230032,0.004406012513862966,0.024048247738126045
2,Centralized,Vulnerability_scanner,-0.15656740028861332,0.039280191709550105,0.03881843684189685,0.03914395632477961,0.039315050630948874
2,Centralized,XSS,-0.005389623333074495,0.0001822894428696648,0.006332879745488745,0.019812023998312386,0.018278116420913506
3,0,Backdoor,0.03843143735583988,0.018527037265410495,-0.09808178393600467,-0.13245677691052898,0.1624340305275955
3,0,DDoS_HTTP,0.003008665496760745,-0.04866418369706445,-0.04664543233192398,0.042641626565280914,0.042746881570633416
3,0,DDoS_ICMP,0.0002011599926943571,0.0008354617922126735,0.0007225451123056633,0.00018237905665907477,-0.0017128261859301812
3,0,DDoS_TCP,0.007167121245234598,0.011066759797592618,0.0011883155331233444,0.00719509581457428,-0.024582491040237735
3,0,DDoS_UDP,0.00029386867614203025,0.0012088010954889742,0.0010479259846411385,0.00026718670043137847,-0.0024969661472822534
3,0,Fingerprinting,0.0,0.0,0.0,0.0,0.0
3,0,MITM,0.044415584415584415,0.06173160173160173,0.09744588744588746,0.08987012987012986,0.039870129870129896
3,0,Normal,0.0002029816009654147,0.0004213098494387113,-0.0011327960273766128,-0.0007250518094975307,0.0015936374236784326
3,0,Password,-0.0035951229531352965,0.0019219938016943386,0.0014424964471969838,0.0014424964471969838,0.0016853530004175786
3,0,Port_Scanning,-0.029362787319923662,-0.029362787319923662,-0.029362787319923662,-0.007939403151441454,0.09602776511121244
3,0,Ransomware,0.0,0.0,0.0,0.0,0.0
3,0,SQL_injection,0.0,0.0,0.0,0.0,0.0
3,0,Uploading,0.009961372034422792,0.006361985137252968,-0.008227340810804527,0.004280363179558234,0.002455389743159443
3,0,Vulnerability_scanner,-0.025335562908595576,0.006403510981325406,0.006133253016203029,0.006378928859995011,0.006419870051072126
3,0,XSS,-0.0005288444149056414,0.002061687871307273,-0.0005288444149056414,0.004625375263362541,0.00462537526336254
3,1,Backdoor,0.028763755125073658,0.008587561372400883,-0.07959226914915221,-0.11725878542024802,0.14844559458623438
3,1,DDoS_HTTP,-0.0007911752486515984,-0.04300215515429471,-0.043440470721946796,0.03469524087082731,0.03453297109279362
3,1,DDoS_ICMP,0.0007520911953759942,0.0005992307105547601,0.0004295881599270801,0.0005454284938975762,-0.001195903371609482
3,1,DDoS_TCP,0.00844802606155325,0.013143958015993783,-4.743062152967418e-05,0.007290078063249292,-0.026021269009026977
3,1,DDoS_UDP,0.0010839989241192857,0.0008707961634469407,0.000630026395194061,0.0007889150215688516,-0.00176757714760577
3,1,Fingerprinting,0.0,0.0,0.0,0.0,0.0
3,1,MITM,0.03272727272727273,-0.017272727272727256,0.03272727272727273,0.03272727272727273,0.009999999999999998
3,1,Normal,8.01821440207721e-05,0.00015877327534939424,-0.0009353476230212006,-0.0007215774561912321,0.0015179261952636524
3,1,Password,-0.009573503508124566,0.0032754843438433895,0.0018725123348591545,0.0020896709675581352,0.002335835861863872
3,1,Port_Scanning,-0.02621263224653348,-0.02621263224653348,-0.02621263224653348,-0.007933062354060364,0.0865709590936608
3,1,Ransomware,0.0,0.0,0.0,0.0,0.0
3,1,SQL_injection,0.0,0.0,0.0,0.0,0.0
3,1,Uploading,0.011742087285715326,0.00916128942023509,-0.015416028001205399,0.0056023876918052384,-0.00011849965282551648
3,1,Vulnerability_scanner,-0.02606715514770952,0.006821942992495209,0.006142937516115513,0.006501735003156952,0.006600539635941821
3,1,XSS,0.0005024128593292168,0.005550904954453436,-0.0020612745327260513,0.007958818529879702,0.008036514582920207
3,2,Backdoor,0.022511727540021634,0.0066358608576510885,-0.08207599293517709,-0.12407150168266665,0.16874054747380773
3,2,DDoS_HTTP,-0.0052152810008048054,-0.03689494762454009,-0.04185341393690289,0.03248209846159892,0.03370585740440835
3,2,DDoS_ICMP,0.0002153005473149024,0.000663639393722996,0.00040119745460630204,0.0005518465534819531,-0.0013803155163851278
3,2,DDoS_TCP,0.00922384861708605,0.013933513496677645,0.0001664373328856735,0.008355074878065416,-0.029700010276885246
3,2,DDoS_UDP,0.0008623085020938615,0.0005143416554008258,0.00027341693497147656,0.0005410938796484003,-0.0009058155251734201
3,2,Fingerprinting,0.0,0.0,0.0,0.0,0.0
3,2,MITM,-0.004292929292929306,0.17121212121212112,0.11060606060606058,0.1169191919191919,0.014646464646464645
3,2,Normal,-6.515168835160197e-05,0.00014457493422597353,-0.0011195430869754737,-0.0007653834733785855,0.0015074146151444572
3,2,Password,-0.006154261728965106,0.0019033905311664032,0.0014360142756438682,0.001430839577846219,0.0013840173443086209
3,2,Port_Scanning,-0.027390926932367148,-0.02739092693236715,-0.02739092693236715,-0.00806725543478261,0.09024003623188405
3,2,Ransomware,0.0,0.0,0.0,0.0,0.0
3,2,SQL_injection,0.0,0.0,0.0,0.0,0.0
3,2,Uploading,0.01508667541056518,0.008170195959043449,-0.01860487574466874,0.007608064513498796,-0.0010531399240249631
3,2,Vulnerability_scanner,-0.026591245888051007,0.006873992121330126,0.006129947654732626,0.006793653055994127,0.006793653055994127
3,2,XSS,-0.006560689381120854,0.005997474747474749,-0.006560689381120854,0.008432997487566016,0.008432997487566016
3,3,Backdoor,0.026578168482983493,0.007822362543493496,-0.07856943837864096,-0.1160995755004266,0.15490987843871534
3,3,DDoS_HTTP,-0.0012881700299426457,-0.032289801349123355,-0.04412274290143337,0.03809052001263937,0.03296262979794597
3,3,DDoS_ICMP,0.0005811321354615373,0.0008958021528571206,0.0008766907323557671,0.00043120994033430207,-0.0018797780097756197
3,3,DDoS_TCP,0.009088206641774654,0.012402560854858795,0.002212874297115384,0.007707921695809464,-0.029415221123822766
3,3,DDoS_UDP,0.0008936722035919868,0.0012465151768553098,0.00103251445448805,0.0003836725939066088,-0.0022726869557753364
3,3,Fingerprinting,0.0,0.0,0.0,0.0,0.0
3,3,MITM,0.03809523809523811,-0.019047619047619046,0.03809523809523811,0.03809523809523811,0.03809523809523811
3,3,Normal,-7.1668355397550934e-06,0.00016463085143763784,-0.0010887790781694032,-0.0007123965896046598,0.0014271621200666847
3,3,Password,-0.004168649560962977,0.0017863936793246448,0.0007985875472572574,0.0007985875472572575,0.0007850807871238101
3,3,Port_Scanning,-0.02983428817840202,-0.02983428817840202,-0.02983428817840202,-0.006024764368878213,0.09552762890408427
3,3,Ransomware,0.0,0.0,0.0,0.0,0.0
3,3,SQL_injection,0.0,0.0,0.0,0.0,0.0
3,3,Uploading,0.013251772113793787,0.006200306078032423,-0.018964865317344856,0.005922217269456461,0.001006369629468312
3,3,Vulnerability_scanner,-0.0235928862235927,0.006083746060957002,0.005671469383048496,0.005918835389793599,0.005918835389793599
3,3,XSS,-0.003125,0.0020833333333333333,-0.003125,0.0020833333333333333,0.0020833333333333333
3,4,Backdoor,0.03504488792673946,0.017304938757565235,-0.08805348898074027,-0.11928956411993591,0.14259999351497168
3,4,DDoS_HTTP,-0.0025509824969484674,-0.04760560338825948,-0.05141382799311122,0.04612325007472954,0.0395545394688102
3,4,DDoS_ICMP,0.0001841121465933219,0.0009299956160064164,0.0006299983355481524,0.0002953768348943397,-0.0022607035232247107
3,4,DDoS_TCP,0.009986025342224038,0.014638808769150028,0.002961107664105996,0.008440240403983902,-0.033223733044700506
3,4,DDoS_UDP,0.0006238766460637535,0.0008409009830187738,0.0006268316274424998,0.0002487796191911103,-0.0023437016217134343
3,4,Fingerprinting,0.0,0.0,0.0,0.0,0.0
3,4,MITM,0.024627039627039674,0.04348873348873345,0.06120435120435121,0.06120435120435121,0.051899766899766914
3,4,Normal,0.00013038203510782148,0.00021119193833483892,-0.0010451246980071752,-0.0007423709498645736,0.0014524629373892687
3,4,Password,-0.008423504805300077,0.0021836723329303337,0.0019390196353359858,0.0021836723329303337,0.0021836723329303337
3,4,Port_Scanning,-0.026939851388749183,-0.026939851388749183,-0.026939851388749183,-0.0065657698924231995,0.08738532405867075
3,4,Ransomware,0.0,0.0,0.0,0.0,0.0
3,4,SQL_injection,0.01643667586629868,-0.00410916896657467,-0.00410916896657467,-0.00410916896657467,-0.00410916896657467
3,4,Uploading,0.012881346512227328,0.0076220501436678415,-0.015777247292281745,0.0055935543851055956,2.0582368811945113e-05
3,4,Vulnerability_scanner,-0.015721298660566548,0.004209559870833316,0.0037590450800404187,0.0040558015197358,0.004311925594347077
3,4,XSS,0.0004919222749176343,0.003029179900044497,0.0004919222749176342,0.00794832794546812,0.008026023998508625
3,Aggregated,Backdoor,0.030387442719547984,0.01194645292865077,-0.08539094257143773,-0.12194886711735632,0.15541569175179934
3,Aggregated,DDoS_HTTP,-0.00136449239943678,-0.0418299806530454,-0.04560426377087737,0.03888039315996396,0.036778526056233114
3,Aggregated,DDoS_ICMP,0.0003868141603469655,0.000784975272361695,0.0006122287872135497,0.0004011901777004371,-0.0016864056693527937
3,Aggregated,DDoS_TCP,0.008772296125772742,0.013026163410226969,0.0012787335190539372,0.00779331377762007,-0.028545373758614056
3,Aggregated,DDoS_UDP,0.0007514768794715095,0.000935878942692947,0.0007217318444264338,0.00044586125747880236,-0.0019564267069276534
3,Aggregated,Fingerprinting,0.0,0.0,0.0,0.0,0.0
3,Aggregated,MITM,0.02886185066393143,0.04018715618958012,0.06640183323067583,0.06585392571288422,0.03161448886131357
3,Aggregated,Normal,6.984575226477996e-05,0.00022096508119826737,-0.0010630964105543372,-0.0007336821780234075,0.0014990131941549152
3,Aggregated,Password,-0.006387728596954523,0.0022159736610361546,0.0014981779011216908,0.0015908274028025558,0.001676397598749835
3,Aggregated,Port_Scanning,-0.027943875392871697,-0.027943875392871697,-0.027943875392871697,-0.0072936730767003575,0.09112529925531546
3,Aggregated,Ransomware,0.0,0.0,0.0,0.0,0.0
3,Aggregated,SQL_injection,0.012978208232445521,-0.0032445520581113802,-0.0032445520581113802,-0.0032445520581113802,-0.0032445520581113802
3,Aggregated,Uploading,0.012571218500884914,0.007493608615894254,-0.015371182266830105,0.00579003956883671,0.0004669517560398647
3,Aggregated,Vulnerability_scanner,-0.022844306612698075,0.005917615906433162,0.00542539269710637,0.005777427022791886,0.005860113089008833
3,Aggregated,XSS,-0.0018527016119096605,0.0037641888345390662,-0.002369724171508757,0.006249178651884402,0.006275423304536423
3,Centralized,Backdoor,0.030387442719547984,0.01194645292865077,-0.08539094257143773,-0.12194886711735632,0.15541569175179934
3,Centralized,DDoS_HTTP,-0.00136449239943678,-0.0418299806530454,-0.04560426377087737,0.03888039315996396,0.036778526056233114
3,Centralized,DDoS_ICMP,0.0003868141603469655,0.000784975272361695,0.0006122287872135497,0.0004011901777004371,-0.0016864056693527937
3,Centralized,DDoS_TCP,0.008772296125772742,0.013026163410226969,0.0012787335190539372,0.00779331377762007,-0.028545373758614056
3,Centralized,DDoS_UDP,0.0007514768794715095,0.000935878942692947,0.0007217318444264338,0.00044586125747880236,-0.0019564267069276534
3,Centralized,Fingerprinting,0.0,0.0,0.0,0.0,0.0
3,Centralized,MITM,0.02886185066393143,0.04018715618958012,0.06640183323067583,0.06585392571288422,0.03161448886131357
3,Centralized,Normal,6.984575226477996e-05,0.00022096508119826737,-0.0010630964105543372,-0.0007336821780234075,0.0014990131941549152
3,Centralized,Password,-0.006387728596954523,0.0022159736610361546,0.0014981779011216908,0.0015908274028025558,0.001676397598749835
3,Centralized,Port_Scanning,-0.027943875392871697,-0.027943875392871697,-0.027943875392871697,-0.0072936730767003575,0.09112529925531546
3,Centralized,Ransomware,0.0,0.0,0.0,0.0,0.0
3,Centralized,SQL_injection,0.012978208232445521,-0.0032445520581113802,-0.0032445520581113802,-0.0032445520581113802,-0.0032445520581113802
3,Centralized,Uploading,0.012571218500884914,0.007493608615894254,-0.015371182266830105,0.00579003956883671,0.0004669517560398647
3,Centralized,Vulnerability_scanner,-0.022844306612698075,0.005917615906433162,0.00542539269710637,0.005777427022791886,0.005860113089008833
3,Centralized,XSS,-0.0018527016119096605,0.0037641888345390662,-0.002369724171508757,0.006249178651884402,0.006275423304536423
4,0,Backdoor,0.03106419683142642,0.047093764477481107,0.018252395985142632,-0.03894181226913011,0.0806442086428608
4,0,DDoS_HTTP,-0.031220276971086407,0.017421790573087622,0.03190750944019861,-0.024003392458686747,0.008482361134913461
4,0,DDoS_ICMP,5.355192809101868e-05,-0.0002684517775042824,0.0002588400774880854,0.0002775371102959834,0.00012715052036653315
4,0,DDoS_TCP,-0.00020787927514795228,0.0017323842389283916,-0.00024518019010832763,-0.00013131638182965107,-7.759661642468181e-05
4,0,DDoS_UDP,7.456320524637886e-05,-0.0003799109172939611,0.0003703399978190506,0.0003971957288320523,0.00018255731099292016
4,0,Fingerprinting,0.0,0.0,0.0,0.0,0.0
4,0,MITM,0.017575757575757578,0.017575757575757578,-0.012727272727272738,0.009999999999999998,-0.03242424242424242
4,0,Normal,0.0004635775632633084,0.0005230962922549524,0.000201976918165749,-0.00041299082964330974,0.00013428264175543067
4,0,Password,0.0,0.0,0.0,0.0,0.0
4,0,Port_Scanning,0.0,0.0,0.0,0.0,0.0
4,0,Ransomware,0.0,0.0,0.0,0.0,0.0
4,0,SQL_injection,0.0,0.0,0.0,0.0,0.0
4,0,Uploading,-0.0006067414666089436,0.008562395435343102,-0.000589112111213731,-0.002134680996662646,-0.005231860860857783
4,0,Vulnerability_scanner,-5.516021398566107e-06,9.345312575664288e-05,-0.00027484335587136253,9.345312575664288e-05,9.345312575664288e-05
4,0,XSS,0.0015544041450777201,0.0015544041450777201,-0.0062176165803108805,0.0015544041450777201,0.0015544041450777201
4,1,Backdoor,0.03945436045124227,0.04572077339399826,0.009957745355198663,-0.05354748983125029,0.10030479320736796
4,1,DDoS_HTTP,-0.03297790936908891,0.013110890143517613,0.030152127711725263,-0.017539132037567115,-0.0016846876622733347
4,1,DDoS_ICMP,0.00012117470795188027,-0.0006350764389014219,0.0002891855540115525,0.00036399032041314525,8.194644670732424e-05
4,1,DDoS_TCP,0.0005816874286352487,0.0024841337154769957,-0.0010470749594858478,9.412764290215129e-05,0.00032826957029609324
4,1,DDoS_UDP,0.00017072148659791158,-0.0008975577063351614,0.00041273414156335896,0.0005201916066624994,0.00011825304528994921
4,1,Fingerprinting,0.0,0.0,0.0,0.0,0.0
4,1,MITM,0.004545454545454547,0.004545454545454547,0.004545454545454547,0.004545454545454547,-0.018181818181818188
4,1,Normal,0.0005556291924865509,0.0005651771794362104,0.0001136717117343237,-0.0005477682330005173,0.00033308462416546577
4,1,Password,0.00016724876910654413,0.00012814910406034122,-0.000545179470446534,0.00012814910406034122,0.0001216324932193074
4,1,Port_Scanning,0.0,0.0,0.0,0.0,0.0
4,1,Ransomware,0.0,0.0,0.0,0.0,0.0
4,1,SQL_injection,0.0,0.0,0.0,0.0,0.0
4,1,Uploading,0.0001466988558781528,0.007827180897181155,-0.002943068386532397,-0.0025936083511965574,-0.00594826819042763
4,1,Vulnerability_scanner,0.00010221015850900295,0.00010241589169746046,-0.00035168109650803486,0.00010241589169746046,4.463915460411102e-05
4,1,XSS,0.003061224489795918,0.003061224489795918,-0.012244897959183673,0.003061224489795918,0.003061224489795918
4,2,Backdoor,0.04593439982077895,0.05430684065579901,0.012877241846659749,-0.05318248560940267,0.10787550986224173
4,2,DDoS_HTTP,-0.03127802304386581,0.019662667482419682,0.03237725486969072,-0.019946046498265337,0.016556856184360792
4,2,DDoS_ICMP,8.287547737370801e-05,-0.00044441053850999095,4.523644131195585e-05,7.605884420301227e-06,-0.00014297569733699999
4,2,DDoS_TCP,-0.0001199932625371621,0.004169169273917278,1.215406794369267e-05,0.0004223989824259829,0.0014530292797272082
4,2,DDoS_UDP,0.00013906341302564554,-0.0012523617808445076,3.1951292447216874e-05,3.1865117410813847e-05,-0.00023586348898031276
4,2,Fingerprinting,0.0,0.0,0.0,0.0,0.0
4,2,MITM,0.0,0.0,0.0,0.0,0.0
4,2,Normal,0.0006085345978144992,0.0006287468663221885,0.000362037888289816,-0.0005522654110189151,0.00048140630079917537
4,2,Password,5.3845568568235716e-05,5.3845568568235716e-05,-4.682223353759627e-06,-4.682223353759627e-06,4.214001018383664e-05
4,2,Port_Scanning,0.0,0.0,0.0,0.0,0.0
4,2,Ransomware,0.0,0.0,0.0,0.0,0.0
4,2,SQL_injection,0.0,0.0,0.0,0.0,0.0
4,2,Uploading,0.00030619416627650334,0.016027066694877065,-0.0034400495135486083,-0.00375885381918887,-0.009134357528416095
4,2,Vulnerability_scanner,5.355833476861083e-05,0.00022678193794389845,-0.0007339041486003062,0.00022678193794389845,0.00022678193794389845
4,2,XSS,0.00404040404040404,0.00404040404040404,-0.01616161616161616,0.00404040404040404,0.00404040404040404
4,3,Backdoor,0.04665781972867759,0.049732578647237374,0.004904066863075692,-0.053455123290846514,0.11148444621814882
4,3,DDoS_HTTP,-0.025313066733244825,0.016109592920115642,0.029003081153980283,-0.017658467415324383,0.015597479751418982
4,3,DDoS_ICMP,-2.877420516020727e-05,-0.000370846436939228,0.00013889061838088246,0.0002697017225345303,-0.0002374904312716401
4,3,DDoS_TCP,8.441210724482081e-08,0.002696031205913631,-0.00035526250650870413,0.0005514887968487851,0.0011496391828004272
4,3,DDoS_UDP,-3.36099857860465e-05,-0.0008330374186925911,0.00018216783496691018,0.00039703041450327435,-0.0003531515013378487
4,3,Fingerprinting,0.0,0.0,0.0,0.0,0.0
4,3,MITM,0.0,0.0,0.0,0.0,0.0
4,3,Normal,0.0005466713091668278,0.0005790975397000982,0.0003006187604441065,-0.0005911173677575506,0.0005680838032531444
4,3,Password,0.00031222653253742993,0.00031222653253742993,-0.0011881257095492088,0.00029534308237062133,0.0003088498425040682
4,3,Port_Scanning,0.0,0.0,0.0,0.0,0.0
4,3,Ransomware,0.0,0.0,0.0,0.0,0.0
4,3,SQL_injection,0.0,0.0,0.0,0.0,0.0
4,3,Uploading,-0.0011625462299018014,0.010200297830391343,-0.0027129502099869866,-0.0036381146836711956,-0.006387344601568192
4,3,Vulnerability_scanner,0.0001979529153637638,7.404584857931829e-05,-0.0004200904611017187,7.404584857931829e-05,7.404584857931829e-05
4,3,XSS,0.0010416666666666667,0.0010416666666666667,-0.004166666666666667,0.0010416666666666667,0.0010416666666666667
4,4,Backdoor,0.025219176677214634,0.04312524997611617,0.015504312491946112,-0.03775308930224502,0.07626038917967376
4,4,DDoS_HTTP,-0.04264689274562495,0.01833224659130771,0.03547913257064023,-0.021379508005011465,0.009397073208829683
4,4,DDoS_ICMP,3.774262832447195e-05,-3.95652593848772e-05,0.00024351043837969415,0.0003183488454352438,0.00011173586353738033
4,4,DDoS_TCP,-1.9589234714795233e-05,0.0025886902978065006,-0.0003511385403877872,-3.690784096728554e-05,0.0007768947857586473
4,4,DDoS_UDP,6.913496026568766e-05,-0.0001961979210291065,0.00025765989740635374,0.0004989468772228852,0.0003378820401189734
4,4,Fingerprinting,0.0,0.0,0.0,0.0,0.0
4,4,MITM,0.0,0.0,0.0,0.0,0.0
4,4,Normal,0.0004140808280698886,0.0005392438164675699,0.00031082131924124826,-0.0004905251782545731,0.0001047647198852845
4,4,Password,-2.2177276275637164e-06,-3.548364204101946e-05,1.9959548648073448e-05,-1.33063657653823e-05,-3.548364204101946e-05
4,4,Port_Scanning,0.0,0.0,0.0,0.0,0.0
4,4,Ransomware,0.0,0.0,0.0,0.0,0.0
4,4,SQL_injection,0.000411663807890223,-0.00010291595197255574,-0.00010291595197255574,-0.00010291595197255574,-0.00010291595197255574
4,4,Uploading,-0.00012124304999596112,0.011854881253387028,-0.003931147981781505,-0.004222159604211277,-0.007101228735016517
4,4,Vulnerability_scanner,6.606503797734939e-05,-0.0003032272545742935,-2.7633982512198507e-05,-9.821611977760547e-05,-0.00025202108550331597
4,4,XSS,0.003061224489795918,0.003061224489795918,-0.012244897959183673,0.003061224489795918,0.003061224489795918
4,Aggregated,Backdoor,0.037437538643971105,0.04790723120649516,0.012331749187463903,-0.04720553042007085,0.0948477064308935
4,Aggregated,DDoS_HTTP,-0.03269442562769239,0.016943700124903684,0.03185890684038342,-0.020117348829312855,0.009679161934092946
4,Aggregated,DDoS_ICMP,5.3268464644519914e-05,-0.0003515429215791677,0.00019515565099511022,0.0002474766831182603,-1.1880559859587618e-05
4,Aggregated,DDoS_TCP,4.793551171259717e-05,0.002738006851705601,-0.00039902051901620955,0.00017989878645156368,0.0007276856405896796
4,Aggregated,DDoS_UDP,8.4014942647187e-05,-0.0007120362428243783,0.000250908774368778,0.0003690047860405832,9.848947676353396e-06
4,Aggregated,Fingerprinting,0.0,0.0,0.0,0.0,0.0
4,Aggregated,MITM,0.004655721636853718,0.004655721636853718,-0.0018377848566527965,0.003032345013477089,-0.010506003430531728
4,Aggregated,Normal,0.0005153085684924045,0.0005663596194099026,0.00025804953073340443,-0.0005167618577500217,0.00031828433851151895
4,Aggregated,Password,0.00010546497738153926,9.257878321748622e-05,-0.0003413712340298106,8.078332718991384e-05,8.828593511712307e-05
4,Aggregated,Port_Scanning,0.0,0.0,0.0,0.0,0.0
4,Aggregated,Ransomware,0.0,0.0,0.0,0.0,0.0
4,Aggregated,SQL_injection,0.0004101161995898838,-0.00010252904989747096,-0.00010252904989747096,-0.00010252904989747096,-0.00010252904989747096
4,Aggregated,Uploading,-0.00028684796397151813,0.010879066566729472,-0.002726712081950547,-0.00327267964013265,-0.006753747983490712
4,Aggregated,Vulnerability_scanner,9.661552535083495e-05,2.365376024937027e-05,-0.0003492304030205728,6.906779446343066e-05,2.3651220314755786e-05
4,Aggregated,XSS,0.002564102564102564,0.002564102564102564,-0.010256410256410256,0.002564102564102564,0.002564102564102564
4,Centralized,Backdoor,0.037437538643971105,0.04790723120649516,0.012331749187463903,-0.04720553042007085,0.0948477064308935
4,Centralized,DDoS_HTTP,-0.03269442562769239,0.016943700124903684,0.03185890684038342,-0.020117348829312855,0.009679161934092946
4,Centralized,DDoS_ICMP,5.3268464644519914e-05,-0.0003515429215791677,0.00019515565099511022,0.0002474766831182603,-1.1880559859587618e-05
4,Centralized,DDoS_TCP,4.793551171259717e-05,0.002738006851705601,-0.00039902051901620955,0.00017989878645156368,0.0007276856405896796
4,Centralized,DDoS_UDP,8.4014942647187e-05,-0.0007120362428243783,0.000250908774368778,0.0003690047860405832,9.848947676353396e-06
4,Centralized,Fingerprinting,0.0,0.0,0.0,0.0,0.0
4,Centralized,MITM,0.004655721636853718,0.004655721636853718,-0.0018377848566527965,0.003032345013477089,-0.010506003430531728
4,Centralized,Normal,0.0005153085684924045,0.0005663596194099026,0.00025804953073340443,-0.0005167618577500217,0.00031828433851151895
4,Centralized,Password,0.00010546497738153926,9.257878321748622e-05,-0.0003413712340298106,8.078332718991384e-05,8.828593511712307e-05
4,Centralized,Port_Scanning,0.0,0.0,0.0,0.0,0.0
4,Centralized,Ransomware,0.0,0.0,0.0,0.0,0.0
4,Centralized,SQL_injection,0.0004101161995898838,-0.00010252904989747096,-0.00010252904989747096,-0.00010252904989747096,-0.00010252904989747096
4,Centralized,Uploading,-0.00028684796397151813,0.010879066566729472,-0.002726712081950547,-0.00327267964013265,-0.006753747983490712
4,Centralized,Vulnerability_scanner,9.661552535083495e-05,2.365376024937027e-05,-0.0003492304030205728,6.906779446343066e-05,2.3651220314755786e-05
4,Centralized,XSS,0.002564102564102564,0.002564102564102564,-0.010256410256410256,0.002564102564102564,0.002564102564102564
5,0,Backdoor,-0.07698175903402502,0.023348018503454186,-0.05156688609569845,0.06501785661195472,0.06305375729475053
5,0,DDoS_HTTP,-0.034554277189875124,0.006069887817659362,0.02557320916695549,0.001706576187241343,-0.004899628633867024
5,0,DDoS_ICMP,4.8563537147194856e-05,-0.0002689157489319934,0.00010475593429621344,0.00012345296710411142,-7.856689615526324e-06
5,0,DDoS_TCP,0.007702221426058585,0.011015169311217925,-0.04177317001952013,0.01146717122211972,0.01197639026463918
5,0,DDoS_UDP,6.992542882637657e-05,-0.00038717656794905094,0.0001504926385949438,0.00017734836960794548,-1.0589869080214939e-05
5,0,Fingerprinting,0.0,0.0,0.0,0.0,0.0
5,0,MITM,-0.027272727272727285,0.01060606060606061,0.01060606060606061,0.003030303030303031,0.003030303030303031
5,0,Normal,-0.00044351148903969964,0.0002737354133386068,-0.00026305704228759554,0.00024713827994029733,0.00010617335352666365
5,0,Password,3.2775995734750375e-06,-1.311039829390015e-05,3.2775995734750375e-06,3.2775995734750375e-06,3.2775995734750375e-06
5,0,Port_Scanning,0.012818547107962352,-0.029273289626731522,0.07500132177223222,-0.029273289626731522,-0.029273289626731522
5,0,Ransomware,0.0,0.0,0.0,0.0,0.0
5,0,SQL_injection,0.0,0.0,0.0,0.0,0.0
5,0,Uploading,0.0021178335931004164,-0.0027841935771215722,0.0013525311902529147,0.0016457375020122466,0.001121775724537342
5,0,Vulnerability_scanner,0.0,0.0,0.0,0.0,0.0
5,0,XSS,0.0005127374784110536,-0.0020509499136442144,0.0005127374784110536,0.0005127374784110536,0.0005127374784110536
5,1,Backdoor,-0.0832685973643503,0.025334656565741652,-0.030474766323458614,0.07559289003217641,0.07049501336947409
5,1,DDoS_HTTP,-0.02831208661541015,0.012777074055647989,0.0404254306583924,0.005026322822552385,-0.0022968427415195327
5,1,DDoS_ICMP,-0.00012328810714899442,8.424472888139967e-05,0.0001386974805256939,0.00053277837553156,-0.00018056166515923084
5,1,DDoS_TCP,0.00821688207187536,0.013297662483355106,-0.046936837880679504,0.014630735736869929,0.014147198040755208
5,1,DDoS_UDP,-0.0001775517728955345,0.00011727310077715436,0.00019858396298127838,0.0007622431048274462,-0.0002574621119086092
5,1,Fingerprinting,0.0,0.0,0.0,0.0,0.0
5,1,MITM,0.0,0.0,0.0,0.0,0.0
5,1,Normal,-0.00039187738111196393,0.000338696070367106,-0.000155967130630665,0.00021567672873914662,0.00014661831830549513
5,1,Password,-6.516610841033818e-06,0.0,1.9549832523101454e-05,3.258305420516909e-05,-4.5616275887236726e-05
5,1,Port_Scanning,0.010105888909529999,-0.025608396804755715,0.06671930150473714,-0.025608396804755715,-0.025608396804755715
5,1,Ransomware,0.0,0.0,0.0,0.0,0.0
5,1,SQL_injection,0.0,0.0,0.0,0.0,0.0
5,1,Uploading,0.005670558501050497,0.0009634199408629814,0.002814505907360378,0.0047499832441637874,0.0035298977911777467
5,1,Vulnerability_scanner,-0.00026577299062940745,0.0001964409061173881,0.00013866416902403867,0.000311994380304087,-0.0003813264648161063
5,1,XSS,0.00048158271508525337,-0.001978128229034683,0.00048158271508525337,0.0005074813994320883,0.0005074813994320883
5,2,Backdoor,-0.08124739214343751,0.01820864623706268,-0.036192249190922086,0.06955391283465223,0.06680915374966981
5,2,DDoS_HTTP,-0.03381665925901153,0.01276016586469286,0.03247048457207959,0.005230395016725487,0.0012145820486647214
5,2,DDoS_ICMP,-7.877198500744198e-05,0.00027863345888172925,0.00014625881373839245,5.3399640299480376e-05,5.214850482886576e-05
5,2,DDoS_TCP,0.005590274176199375,0.009437441475544494,-0.03582978679107503,0.011112238249820217,0.0110334697594637
5,2,DDoS_UDP,0.00014446863397169497,0.00054654423869742,-1.6216745315141464e-05,0.0005464578469292547,6.409147265791596e-05
5,2,Fingerprinting,0.0,0.0,0.0,0.0,0.0
5,2,MITM,-0.060606060606060615,0.020202020202020204,0.020202020202020204,0.0,0.020202020202020204
5,2,Normal,-0.00038253878902502015,0.00036899979597566267,-0.00018755206744565102,0.00024387781662032852,0.00019514061455752445
5,2,Password,7.023335030639441e-06,-1.6387781738158697e-05,-4.682223353759627e-06,7.023335030639441e-06,7.023335030639441e-06
5,2,Port_Scanning,0.01145026178010471,-0.02854973821989529,0.07419895287958116,-0.02854973821989529,-0.02854973821989529
5,2,Ransomware,0.0,0.0,0.0,0.0,0.0
5,2,SQL_injection,0.0,0.0,0.0,0.0,0.0
5,2,Uploading,0.007775465282285731,-0.0022949365419364814,0.002790820867684472,0.008869359076308269,0.0012913016505023518
5,2,Vulnerability_scanner,0.0,0.0,0.0,0.0,0.0
5,2,XSS,2.693602693602711e-05,-4.040404040404066e-05,2.693602693602711e-05,-4.040404040404066e-05,2.693602693602711e-05
5,3,Backdoor,-0.08342564958714602,0.01931085820278737,-0.038992778891446735,0.06960924333391325,0.06828853673210203
5,3,DDoS_HTTP,-0.028060225581346042,0.004640017967136143,0.026325907287097803,0.0004357448128747138,-0.003091237347065882
5,3,DDoS_ICMP,-4.0938746337942924e-05,0.00011090789768226638,0.00012752842616045774,0.0004660417182116128,-0.00021065616956595553
5,3,DDoS_TCP,0.005624027208927503,0.008601533800485511,-0.03607072413370806,0.00988081958137748,0.011519409527064125
5,3,DDoS_UDP,-3.275469269900152e-05,0.00020766812002981732,7.496166389379851e-05,0.0010133570759711238,-0.00030015529191421695
5,3,Fingerprinting,0.0,0.0,0.0,0.0,0.0
5,3,MITM,0.0,0.0,0.0,0.0,0.0
5,3,Normal,-0.000490680140923679,0.0003337403956184389,-6.16206245894905e-05,0.0002341725123994831,0.00021475529622608607
5,3,Password,2.0260140200170294e-06,-4.7273660467064015e-06,-1.3506760133446863e-06,2.0260140200170294e-06,2.0260140200170294e-06
5,3,Port_Scanning,0.007237477711136323,-0.0279384016858486,0.07657772734640948,-0.0279384016858486,-0.0279384016858486
5,3,Ransomware,0.0,0.0,0.0,0.0,0.0
5,3,SQL_injection,0.0,0.0,0.0,0.0,0.0
5,3,Uploading,0.0049795615313664885,-0.0019910345040489454,0.002856495702214561,0.005104161137323549,0.0037673859005862057
5,3,Vulnerability_scanner,0.0,0.0,0.0,0.0,0.0
5,3,XSS,3.598157743235399e-06,-5.397236614853098e-06,3.598157743235399e-06,-5.397236614853098e-06,3.598157743235399e-06
5,4,Backdoor,-0.07573057525418278,0.024845276473309363,-0.049144197076840736,0.0634343980494083,0.05983346438000578
5,4,DDoS_HTTP,-0.03775438217363529,0.011659615128661623,0.03790663888175498,0.004668448084848651,0.0001436999564358411
5,4,DDoS_ICMP,-0.00017249315037850914,1.6478096304850532e-05,0.00010831572306736481,0.0002780584676811804,-4.474319665861056e-06
5,4,DDoS_TCP,0.00861900641247411,0.011334219858063703,-0.04415318553259243,0.012124451891100094,0.013408641340950414
5,4,DDoS_UDP,-0.000263036911027494,4.172700583795116e-06,-7.466780867898167e-05,0.0008099649127995582,-0.00015520002178464793
5,4,Fingerprinting,0.0,0.0,0.0,0.0,0.0
5,4,MITM,-0.027272727272727258,0.009090909090909085,0.009090909090909085,0.0,0.009090909090909085
5,4,Normal,-0.0002813052487502521,0.00034665579327042284,-0.0002550992247282354,0.00019161046977326604,5.6352388641304575e-05
5,4,Password,1.5524093392946018e-05,2.106841246185531e-05,1.5524093392946018e-05,2.66127315307646e-05,-1.2197501951600441e-05
5,4,Port_Scanning,0.011830227662306344,-0.02711449595578411,0.06951326020504599,-0.02711449595578411,-0.02711449595578411
5,4,Ransomware,0.0,0.0,0.0,0.0,0.0
5,4,SQL_injection,0.0,0.0,0.0,0.0,0.0
5,4,Uploading,0.006465990223690391,-0.0021321054634551554,0.00419339706767123,0.007619550097791872,0.001325044797322296
5,4,Vulnerability_scanner,-1.0222587962917714e-05,0.0001947885468337703,0.0001435357631345983,0.00039965983774587486,-0.00011272815536126172
5,4,XSS,1.0359473738733953e-05,-1.5539210608100927e-05,1.0359473738733953e-05,1.0359473738733953e-05,-1.5539210608100927e-05
5,Aggregated,Backdoor,-0.08002301494112339,0.022220651571993533,-0.041409900863732724,0.06852912818162751,0.06559635958265744
5,Aggregated,DDoS_HTTP,-0.032570485588465745,0.009524348838282633,0.03248443931001729,0.003384279402558793,-0.0018203963168101041
5,Aggregated,DDoS_ICMP,-7.339194979100553e-05,4.418753407818647e-05,0.00012511143567418004,0.0002907668298535504,-7.028154233797989e-05
5,Aggregated,DDoS_TCP,0.007153369279480224,0.010733259354707769,-0.040946669400200454,0.011842245441925102,0.012415262798870374
5,Aggregated,DDoS_UDP,-5.1719578823655744e-05,9.791313447208295e-05,6.658093057559563e-05,0.0006620127526375123,-0.000131874956858119
5,Aggregated,Fingerprinting,0.0,0.0,0.0,0.0,0.0
5,Aggregated,MITM,-0.021578421578421592,0.007517482517482523,0.007517482517482523,0.0006493506493506514,0.0058941058941058945
5,Aggregated,Normal,-0.0003946964188890752,0.00033238660138011725,-0.000187095306442799,0.0002242908887127822,0.0001412245232181734
5,Aggregated,Password,4.506661030963949e-06,-3.0035922172095644e-06,5.58274317492546e-06,1.3098733253835704e-05,-7.3021794189716965e-06
5,Aggregated,Port_Scanning,0.010671302403705537,-0.027693792882152037,0.07241007624275059,-0.027693792882152037,-0.027693792882152037
5,Aggregated,Ransomware,0.0,0.0,0.0,0.0,0.0
5,Aggregated,SQL_injection,0.0,0.0,0.0,0.0,0.0
5,Aggregated,Uploading,0.0054025086369619705,-0.0016485038223177108,0.0028081060533898996,0.005601639168643852,0.0021957738456194462
5,Aggregated,Vulnerability_scanner,-5.448210500160015e-05,8.173967134134467e-05,5.9035195021719016e-05,0.00014984039892156908,-9.989105764085145e-05
5,Aggregated,XSS,0.00020464718240692352,-0.000809858411257428,0.00020464718240692352,0.0001959168640366574,0.00020464718240692352
5,Centralized,Backdoor,-0.08002301494112339,0.022220651571993533,-0.041409900863732724,0.06852912818162751,0.06559635958265744
5,Centralized,DDoS_HTTP,-0.032570485588465745,0.009524348838282633,0.03248443931001729,0.003384279402558793,-0.0018203963168101041
5,Centralized,DDoS_ICMP,-7.339194979100553e-05,4.418753407818647e-05,0.00012511143567418004,0.0002907668298535504,-7.028154233797989e-05
5,Centralized,DDoS_TCP,0.007153369279480224,0.010733259354707769,-0.040946669400200454,0.011842245441925102,0.012415262798870374
5,Centralized,DDoS_UDP,-5.1719578823655744e-05,9.791313447208295e-05,6.658093057559563e-05,0.0006620127526375123,-0.000131874956858119
5,Centralized,Fingerprinting,0.0,0.0,0.0,0.0,0.0
5,Centralized,MITM,-0.021578421578421592,0.007517482517482523,0.007517482517482523,0.0006493506493506514,0.0058941058941058945
5,Centralized,Normal,-0.0003946964188890752,0.00033238660138011725,-0.000187095306442799,0.0002242908887127822,0.0001412245232181734
5,Centralized,Password,4.506661030963949e-06,-3.0035922172095644e-06,5.58274317492546e-06,1.3098733253835704e-05,-7.3021794189716965e-06
5,Centralized,Port_Scanning,0.010671302403705537,-0.027693792882152037,0.07241007624275059,-0.027693792882152037,-0.027693792882152037
5,Centralized,Ransomware,0.0,0.0,0.0,0.0,0.0
5,Centralized,SQL_injection,0.0,0.0,0.0,0.0,0.0
5,Centralized,Uploading,0.0054025086369619705,-0.0016485038223177108,0.0028081060533898996,0.005601639168643852,0.0021957738456194462
5,Centralized,Vulnerability_scanner,-5.448210500160015e-05,8.173967134134467e-05,5.9035195021719016e-05,0.00014984039892156908,-9.989105764085145e-05
5,Centralized,XSS,0.00020464718240692352,-0.000809858411257428,0.00020464718240692352,0.0001959168640366574,0.00020464718240692352
6,0,Backdoor,0.030581935526549333,0.04536291606227842,-0.05850334447517385,-0.019998338281083352,0.01939319930814546
6,0,DDoS_HTTP,0.007702960492560984,0.032558447010797756,0.0063971640780738056,0.0006274948460871806,-0.005410037134271872
6,0,DDoS_ICMP,-0.0005827624581940213,0.00020166403236122806,-5.989266039796067e-05,-4.119563326404248e-05,3.35588607574581e-05
6,0,DDoS_TCP,6.217062094612813e-05,0.001547517963771163,-0.0007799978849090949,0.00017126368623575824,-0.0008813530571403031
6,0,DDoS_UDP,-0.0008391051830028214,0.00029058610558707805,-8.580995931189808e-05,-5.895424505004317e-05,4.853795618124379e-05
6,0,Fingerprinting,0.0,0.0,0.0,0.0,0.0
6,0,MITM,0.007575757575757579,0.007575757575757579,0.0,-0.02272727272727274,0.007575757575757579
6,0,Normal,0.00048068810154561583,0.00028128648204267894,-0.0003128896240460625,-2.951491862268248e-05,-3.742762960426046e-05
6,0,Password,0.0,0.0,0.0,0.0,0.0
6,0,Port_Scanning,0.0,0.0,0.0,0.0,0.0
6,0,Ransomware,0.0,0.0,0.0,0.0,0.0
6,0,SQL_injection,0.0,0.0,0.0,0.0,0.0
6,0,Uploading,-0.004136281391022536,0.0024794374305696807,-0.0007804491846748247,-0.0017020137965937292,0.0006856225089400589
6,0,Vulnerability_scanner,-0.057763190644421904,0.014440797661105476,0.014440797661105476,0.014440797661105476,0.014440797661105476
6,0,XSS,0.0,0.0,0.0,0.0,0.0
6,1,Backdoor,0.023059288376102695,0.04461516928271522,-0.0745529198081742,-0.017051695993694115,0.02305180943861474
6,1,DDoS_HTTP,0.002878374202896327,0.029634597966082806,0.0032388901199891557,0.0015998131865712676,-0.013210402603714675
6,1,DDoS_ICMP,1.5338605361199983e-06,0.00024469690259078524,-0.0002625865122519092,3.837975849101394e-05,-0.0002436532619153257
6,1,DDoS_TCP,-0.0008104606470092183,0.0014259710996922987,-0.0015294017538143672,-0.000636068063766713,-0.0008114906176743727
6,1,DDoS_UDP,-7.100470209372064e-07,0.00034881298846588894,-0.00037589340091630507,5.3399863545552e-05,-0.0003491242621896355
6,1,Fingerprinting,0.0,0.0,0.0,0.0,0.0
6,1,MITM,0.004545454545454547,0.004545454545454547,0.004545454545454547,-0.018181818181818188,0.004545454545454547
6,1,Normal,0.0003855861985997873,0.00032270253334866034,-0.00048803819924989983,4.120241860173605e-05,7.491564150433061e-05
6,1,Password,1.6943188186687926e-05,1.6943188186687926e-05,-1.5639866018481164e-05,1.0426577345654108e-05,-2.86730877005488e-05
6,1,Port_Scanning,0.0,0.0,0.0,0.0,0.0
6,1,Ransomware,0.0,0.0,0.0,0.0,0.0
6,1,SQL_injection,0.0,0.0,0.0,0.0,0.0
6,1,Uploading,-0.009594486149291682,0.004585384913412301,-0.005899080428456495,-0.005899080428456494,0.0025899618832742584
6,1,Vulnerability_scanner,-0.05703489675046396,0.014475386951716051,0.014302056740436003,0.014128726529155953,0.014128726529155955
6,1,XSS,0.0,0.0,5.1797368693669764e-05,-0.00010359473738733953,5.1797368693669764e-05
6,2,Backdoor,0.03323567045711167,0.04863722202712514,-0.07107263114452658,-0.026889850332886902,0.023934117850988552
6,2,DDoS_HTTP,0.00013428201651546808,0.02702511621429308,1.539840397539368e-05,0.0056385105527135505,-0.0054102039168305175
6,2,DDoS_ICMP,3.765100049224294e-05,3.801425047819477e-05,-5.714635309794769e-07,-7.460682984619846e-05,-4.869575932597848e-07
6,2,DDoS_TCP,-8.862639161450654e-05,0.002430705418692856,-0.0017556131893752436,-0.00047447544422175213,-0.0014556272634341117
6,2,DDoS_UDP,0.00015011560015620873,0.00015011560015620873,-0.0002251734002343131,0.00015011560015620873,-0.0002251734002343131
6,2,Fingerprinting,0.0,0.0,0.0,0.0,0.0
6,2,MITM,0.02045454545454545,0.02045454545454545,0.02045454545454545,-0.0818181818181818,0.02045454545454545
6,2,Normal,0.00033875159287968435,0.00023012447773256098,-0.00048096694273784454,-7.302081246028195e-06,7.833050548822774e-05
6,2,Password,-1.1705558384399068e-05,0.0,-2.3411116768798135e-05,-4.682223353759627e-05,-5.8527791921995344e-05
6,2,Port_Scanning,0.0,0.0,0.0,0.0,0.0
6,2,Ransomware,0.0,0.0,0.0,0.0,0.0
6,2,SQL_injection,0.0,0.0,0.0,0.0,0.0
6,2,Uploading,-0.013842403138936343,0.005999444456653147,-0.006305759142248142,-0.007250853651699089,0.002967561141386112
6,2,Vulnerability_scanner,-0.053493767657089394,0.013373441914272349,0.013373441914272349,0.013373441914272349,0.013373441914272349
6,2,XSS,4.040404040404066e-05,-9.427609427609488e-05,0.00010774410774410844,-2.693602693602711e-05,-2.693602693602711e-05
6,3,Backdoor,0.033829244476371895,0.04915497201111095,-0.06748859984741405,-0.022656877549680866,0.023486546642243367
6,3,DDoS_HTTP,0.011825734074992067,0.03233930863814312,0.008143443435580646,-0.0019500888062836757,-0.013867335115078785
6,3,DDoS_ICMP,-0.00036935107846895835,0.00011615839848224673,-7.16979892254758e-05,0.00017222426474288732,-7.16979892254758e-05
6,3,DDoS_TCP,0.0005242544900065557,0.0017567567087613163,-0.0011225140989993647,9.582692402893926e-05,-0.001123696327438482
6,3,DDoS_UDP,-0.0005602207230261613,0.00024728798981208386,-0.00012841573776661285,0.00022041497156748228,-0.00010154271952201125
6,3,Fingerprinting,0.0,0.0,0.0,0.0,0.0
6,3,MITM,0.0,0.0,0.0,0.0,0.0
6,3,Normal,0.00034856967713011724,0.0002591422745479244,-0.00046983540684361245,3.021619961639151e-05,6.31362552102832e-05
6,3,Password,-3.3766900333617156e-06,0.0,-6.753380066723431e-06,-1.3506760133446863e-05,-1.688345016680858e-05
6,3,Port_Scanning,0.0,0.0,0.0,0.0,0.0
6,3,Ransomware,0.0,0.0,0.0,0.0,0.0
6,3,SQL_injection,0.0,0.0,0.0,0.0,0.0
6,3,Uploading,-0.007071991979577527,0.0055374455467099275,-0.004903590540310441,-0.005216799648110058,0.0006390247485830826
6,3,Vulnerability_scanner,-0.06044837837233734,0.015112094593084335,0.015112094593084335,0.015112094593084335,0.015112094593084335
6,3,XSS,5.397236614853098e-06,-1.2593552101323897e-05,1.4392630972941597e-05,-3.598157743235399e-06,-3.598157743235399e-06
6,4,Backdoor,0.02922615979801757,0.03788930735748219,-0.055829440374002406,-0.015262457772607348,0.020303974415427715
6,4,DDoS_HTTP,0.003556014235112521,0.03769833377893716,0.006643846013815593,0.009225945106802146,-0.009989175615419614
6,4,DDoS_ICMP,-0.00024976305555559443,3.0970732142687754e-05,-0.00017676451107584608,-6.30967700813001e-05,1.1041275769524405e-05
6,4,DDoS_TCP,-0.00057058619971548,0.0013051792935807585,-0.0014054956342612816,-0.0003963806627600264,-0.0005913441980456772
6,4,DDoS_UDP,-0.00022686050841779585,0.00028379615457015394,-0.00043989063376690025,6.939994731327004e-05,-0.00033243336341904907
6,4,Fingerprinting,0.0,0.0,0.0,0.0,0.0
6,4,MITM,0.005454545454545451,0.005454545454545451,0.005454545454545451,-0.021818181818181803,0.005454545454545451
6,4,Normal,0.0003480109110257664,0.00019805510724780763,-0.0003509986318341115,-4.411763213907164e-05,5.404654937814872e-05
6,4,Password,5.544319068909291e-06,5.544319068909291e-06,-1.6632957206727875e-05,0.0,-6.0987509758002205e-05
6,4,Port_Scanning,-0.00032362459546925567,-0.00032362459546925567,0.0012944983818770227,-0.00032362459546925567,-0.00032362459546925567
6,4,Ransomware,0.0,0.0,0.0,0.0,0.0
6,4,SQL_injection,0.02807017543859649,-0.007017543859649122,-0.007017543859649122,-0.007017543859649122,-0.007017543859649122
6,4,Uploading,-0.011660493899421054,0.004109594683912645,-0.004128400445134903,-0.004932988409999597,0.002661309465240473
6,4,Vulnerability_scanner,-0.034623233773236776,0.008757787677406927,0.00857945560106105,0.008501523758911066,0.008169433331467664
6,4,XSS,1.0359473738733953e-05,1.0359473738733953e-05,3.625815808556883e-05,-9.323526364860558e-05,3.625815808556883e-05
6,Aggregated,Backdoor,0.029970270306217746,0.04506514220402965,-0.06528674505065328,-0.02032067339575498,0.021955317618832758
6,Aggregated,DDoS_HTTP,0.005255990179141915,0.03194057414407674,0.004925796811219813,0.0030136230922053237,-0.009538782534779635
6,Aggregated,DDoS_ICMP,-0.00023270968304841728,0.0001263420516071867,-0.00011431799894466669,6.365448658483356e-06,-5.4260036625218096e-05
6,Aggregated,DDoS_TCP,-0.00017785414381532398,0.0016949412706981286,-0.001321224509057073,-0.0002485625544248545,-0.0009733767659046414
6,Aggregated,DDoS_UDP,-0.00029510630026790554,0.0002641217589712771,-0.000251103469114707,8.687736995509435e-05,-0.00019200984194267894
6,Aggregated,Fingerprinting,0.0,0.0,0.0,0.0,0.0
6,Aggregated,MITM,0.00707792207792208,0.00707792207792208,0.005454545454545451,-0.026688311688311688,0.00707792207792208
6,Aggregated,Normal,0.0003813599813967339,0.0002578663817131788,-0.0004173256171322174,-3.7300573215122887e-06,4.584204081533594e-05
6,Aggregated,Password,6.490901355500854e-07,3.863948168041434e-06,-1.223073084535969e-05,-1.1161021318224194e-05,-3.2604877508397395e-05
6,Aggregated,Port_Scanning,-6.485084306095979e-05,-6.485084306095979e-05,0.00025940337224383917,-6.485084306095979e-05,-6.485084306095979e-05
6,Aggregated,Ransomware,0.0,0.0,0.0,0.0,0.0
6,Aggregated,SQL_injection,0.01910900473933649,-0.0047772511848341226,-0.0047772511848341226,-0.0047772511848341226,-0.0047772511848341226
6,Aggregated,Uploading,-0.009265984500152206,0.004525904308706912,-0.004384052408250958,-0.004986570476541994,0.0019121002967567417
6,Aggregated,Vulnerability_scanner,-0.05141313069652828,0.012919366263402263,0.01284395519408613,0.012794492914038025,0.012719074222359676
6,Aggregated,XSS,9.5917828780862e-06,-1.657250161783465e-05,3.5827499687353846e-05,-3.845646300609911e-05,9.609682058493718e-06
6,Centralized,Backdoor,0.029970270306217746,0.04506514220402965,-0.06528674505065328,-0.02032067339575498,0.021955317618832758
6,Centralized,DDoS_HTTP,0.005255990179141915,0.03194057414407674,0.004925796811219813,0.0030136230922053237,-0.009538782534779635
6,Centralized,DDoS_ICMP,-0.00023270968304841728,0.0001263420516071867,-0.00011431799894466669,6.365448658483356e-06,-5.4260036625218096e-05
6,Centralized,DDoS_TCP,-0.00017785414381532398,0.0016949412706981286,-0.001321224509057073,-0.0002485625544248545,-0.0009733767659046414
6,Centralized,DDoS_UDP,-0.00029510630026790554,0.0002641217589712771,-0.000251103469114707,8.687736995509435e-05,-0.00019200984194267894
6,Centralized,Fingerprinting,0.0,0.0,0.0,0.0,0.0
6,Centralized,MITM,0.00707792207792208,0.00707792207792208,0.005454545454545451,-0.026688311688311688,0.00707792207792208
6,Centralized,Normal,0.0003813599813967339,0.0002578663817131788,-0.0004173256171322174,-3.7300573215122887e-06,4.584204081533594e-05
6,Centralized,Password,6.490901355500854e-07,3.863948168041434e-06,-1.223073084535969e-05,-1.1161021318224194e-05,-3.2604877508397395e-05
6,Centralized,Port_Scanning,-6.485084306095979e-05,-6.485084306095979e-05,0.00025940337224383917,-6.485084306095979e-05,-6.485084306095979e-05
6,Centralized,Ransomware,0.0,0.0,0.0,0.0,0.0
6,Centralized,SQL_injection,0.01910900473933649,-0.0047772511848341226,-0.0047772511848341226,-0.0047772511848341226,-0.0047772511848341226
6,Centralized,Uploading,-0.009265984500152206,0.004525904308706912,-0.004384052408250958,-0.004986570476541994,0.0019121002967567417
6,Centralized,Vulnerability_scanner,-0.05141313069652828,0.012919366263402263,0.01284395519408613,0.012794492914038025,0.012719074222359676
6,Centralized,XSS,9.5917828780862e-06,-1.657250161783465e-05,3.5827499687353846e-05,-3.845646300609911e-05,9.609682058493718e-06
7,0,Backdoor,-0.015741092785539864,0.013635512063053978,-0.08528535455033973,0.0920542895206661,-0.0199612608500949
7,0,DDoS_HTTP,-0.006071529176603538,0.007794688518615762,0.0237320328526622,0.0012039301619934033,0.008744212072245138
7,0,DDoS_ICMP,0.0005195726155356295,-0.0003211131027692937,0.0002952586861669604,3.368514929023569e-05,-7.877548948619362e-05
7,0,DDoS_TCP,0.0015676767321145646,-0.00986268675706343,0.004640868324674874,0.002263169086397632,0.002407765163881555
7,0,DDoS_UDP,0.0007471369154196679,-0.00046277501273644754,0.0004247642526214475,4.8402750845427664e-05,-0.00011278358055365479
7,0,Fingerprinting,0.0,0.0,0.0,0.0,0.0
7,0,MITM,-0.027272727272727285,0.003030303030303031,0.01060606060606061,0.01060606060606061,0.003030303030303031
7,0,Normal,-0.00010168569898601487,3.7124354456678316e-05,5.441015922843148e-06,6.0160588877674244e-05,-0.00017272692712836564
7,0,Password,0.0,0.0,0.0,0.0,0.0
7,0,Port_Scanning,-0.016044776119402984,0.06417910447761194,-0.016044776119402984,-0.016044776119402984,-0.016044776119402984
7,0,Ransomware,0.0,0.0,0.0,0.0,0.0
7,0,SQL_injection,0.0,0.0,0.0,0.0,0.0
7,0,Uploading,-0.0018278118496863195,-0.004905732867107774,0.0030096469141062112,0.0033427058479225725,0.0038348763875466606
7,0,Vulnerability_scanner,0.0,0.0,0.0,0.0,0.0
7,0,XSS,0.0,0.0,0.0,0.0,0.0
7,1,Backdoor,0.006157549253587837,0.015012267768245291,-0.09437024502785611,0.08325278989726592,-0.016390250582072774
7,1,DDoS_HTTP,0.0023594407524088665,0.007585726050664739,0.022662847618980745,0.004339752726307459,0.012616075340156166
7,1,DDoS_ICMP,0.0004368683801496853,-0.00014135474263496557,0.00017512721146684858,-0.00010522612120644019,-0.0003682502954344709
7,1,DDoS_TCP,0.0016975849096314462,-0.012236112081053581,0.005499466843709083,0.004523576853331823,0.0023746565559933375
7,1,DDoS_UDP,0.0006291163657619965,-0.0002046923471618445,0.0002528592682659203,-0.00015025333172054937,-0.0005257836686897092
7,1,Fingerprinting,0.0,0.0,0.0,0.0,0.0
7,1,MITM,0.0,0.0,0.0,0.0,0.0
7,1,Normal,-6.557892428946666e-05,0.00013323991665460574,-8.523962903362326e-05,-4.7262574674426334e-05,-0.00012719857552008588
7,1,Password,3.909966504620291e-05,0.0,-3.909966504620291e-05,0.0,0.0
7,1,Port_Scanning,-0.014738805970149255,0.05895522388059702,-0.014738805970149255,-0.014738805970149255,-0.014738805970149255
7,1,Ransomware,0.0,0.0,0.0,0.0,0.0
7,1,SQL_injection,0.0,0.0,0.0,0.0,0.0
7,1,Uploading,0.00019287938301758647,-0.002957790432861526,0.005414207143384546,0.0053738461503577955,0.0061941579656197175
7,1,Vulnerability_scanner,0.00020799625353605798,3.466604225600967e-05,-0.000311994380304087,3.466604225600967e-05,3.466604225600967e-05
7,1,XSS,0.0,0.0,0.0,0.0,0.0
7,2,Backdoor,-0.008853710276384609,0.012645147154035873,-0.07831783601505447,0.08479472827441233,-0.02555201791407892
7,2,DDoS_HTTP,-0.003979659127607959,0.007782194357010035,0.018716355868824808,0.0035116896290757044,0.00712967505676881
7,2,DDoS_ICMP,3.3505887611512406e-05,-2.6291875658446264e-06,3.3505887611512406e-05,5.24901779327791e-05,-0.0001168727655899593
7,2,DDoS_TCP,0.0026157520040592202,-0.012798205004455132,0.007427641737952643,0.004051120343019379,0.0008700039259985508
7,2,DDoS_UDP,-0.00036976942862856357,-4.817462532411369e-05,-0.00010181681038617385,-2.1456880746676768e-05,-0.00010186853869620741
7,2,Fingerprinting,0.0,0.0,0.0,0.0,0.0
7,2,MITM,0.0,0.0,0.0,0.0,0.0
7,2,Normal,-5.929713252449768e-05,0.00012890910258879783,-6.898085729526068e-05,1.1051355277215865e-05,-7.582430492922473e-05
7,2,Password,2.3411116768798135e-05,8.193890869079348e-05,1.1705558384399068e-05,3.5116675153197205e-05,-1.1705558384399068e-05
7,2,Port_Scanning,-0.01605584642233857,0.06422338568935428,-0.01605584642233857,-0.01605584642233857,-0.01605584642233857
7,2,Ransomware,0.0,0.0,0.0,0.0,0.0
7,2,SQL_injection,0.0,0.0,0.0,0.0,0.0
7,2,Uploading,-0.0076021319613244305,0.001782900165114314,0.007922444210027274,0.007640604365554856,0.008688193555472316
7,2,Vulnerability_scanner,0.0,0.0,0.0,0.0,0.0
7,2,XSS,0.0,0.0,0.0,0.0,0.0
7,3,Backdoor,-0.011944040401488644,0.01796384028469446,-0.08469555037764961,0.08347473977619416,-0.014402014973537568
7,3,DDoS_HTTP,-0.009100976948929952,0.00611459788905084,0.02105783641123072,0.004486728496496571,0.007601100366887947
7,3,DDoS_ICMP,0.0005006732581612494,-0.0003003684547377705,0.00033239161113841437,3.366934484141012e-05,-0.00034200136570852746
7,3,DDoS_TCP,0.003120477300015741,-0.013445662773414082,0.006386569522597673,0.0032266009402282026,0.0022126888883068035
7,3,DDoS_UDP,0.00042545210095416196,-0.00022215045642945592,0.00031761443895541956,-3.211518471141391e-05,-0.00048797111139345557
7,3,Fingerprinting,0.0,0.0,0.0,0.0,0.0
7,3,MITM,0.0,0.0,0.0,0.0,0.0
7,3,Normal,-8.893670904850566e-05,0.00010255737499060835,-0.0001116489274686013,5.1463990146551526e-05,-4.685119612324133e-05
7,3,Password,6.753380066723431e-06,2.3636830233532007e-05,3.3766900333617156e-06,1.0130070100085146e-05,-3.3766900333617156e-06
7,3,Port_Scanning,-0.015520282186948852,0.06208112874779541,-0.015520282186948852,-0.015520282186948852,-0.015520282186948852
7,3,Ransomware,0.0,0.0,0.0,0.0,0.0
7,3,SQL_injection,0.0,0.0,0.0,0.0,0.0
7,3,Uploading,-0.003044110712108537,-0.008850819831247437,0.007755131496160554,0.0069769700929280315,0.008178740826972413
7,3,Vulnerability_scanner,0.0,0.0,0.0,0.0,0.0
7,3,XSS,0.0,0.0,0.0,0.0,0.0
7,4,Backdoor,-0.01894729601965013,0.009138078727421102,-0.08780283006911546,0.0914490246903998,-0.01313714135311211
7,4,DDoS_HTTP,-0.007994457814828073,0.009709254758992349,0.02526328248145617,-0.002581485267516755,0.012177450612662398
7,4,DDoS_ICMP,0.00048583451470894564,-0.00022315803775466714,0.0002800750030715097,-3.7806918234291795e-05,-0.0002818981634789978
7,4,DDoS_TCP,0.003020889158866467,-0.015092344976875165,0.007219736782201088,0.004771500889853362,0.002063439641370866
7,4,DDoS_UDP,0.000629228939406351,-1.7175458003465537e-05,0.00033362615045643047,-0.00012330062239330382,-0.0004986587104405138
7,4,Fingerprinting,0.0,0.0,0.0,0.0,0.0
7,4,MITM,0.0,0.0,0.0,0.0,0.0
7,4,Normal,-0.000142586756503497,4.140257390106335e-05,4.450939503484556e-06,7.55102238251093e-05,-7.789868448674538e-05
7,4,Password,4.435455255127433e-05,0.0,-2.2177276275637165e-05,-2.2177276275637165e-05,0.0
7,4,Port_Scanning,-0.014260563380281692,0.05704225352112677,-0.014260563380281692,-0.014260563380281692,-0.014260563380281692
7,4,Ransomware,0.0,0.0,0.0,0.0,0.0
7,4,SQL_injection,0.0,0.0,0.0,0.0,0.0
7,4,Uploading,-0.00631396177680541,-0.003001662326521091,0.0075772327475204905,0.00821621686888619,0.007473153092322234
7,4,Vulnerability_scanner,0.00028701558871536325,3.0751670219503205e-05,-0.00017425946457718481,-0.00017425946457718481,3.0751670219503205e-05
7,4,XSS,0.0,0.0,0.0,0.0,0.0
7,Aggregated,Backdoor,-0.01001574671237125,0.013587539957949642,-0.08607953132470078,0.08714917943944113,-0.01791592414177295
7,Aggregated,DDoS_HTTP,-0.004982390826594832,0.007817825552931592,0.02237162536054129,0.0021037758753940567,0.009633907355925815
7,Aggregated,DDoS_ICMP,0.00039542543207441626,-0.00019781809058462275,0.00022335368156999323,-4.629416838071906e-06,-0.0002375576477703756
7,Aggregated,DDoS_TCP,0.00239992745083004,-0.012668081073667514,0.006233738164684046,0.003763481524227021,0.0019810477749745464
7,Aggregated,DDoS_UDP,0.0004120369909200117,-0.00019082442150563834,0.00024528329245542826,-5.575185548022203e-05,-0.0003454354137449378
7,Aggregated,Fingerprinting,0.0,0.0,0.0,0.0,0.0
7,Aggregated,MITM,-0.005844155844155863,0.0006493506493506514,0.00227272727272728,0.00227272727272728,0.0006493506493506514
7,Aggregated,Normal,-9.468726255981349e-05,8.673503062020897e-05,-4.921231680045472e-05,3.23097630577307e-05,-0.00010056507851145905
7,Aggregated,Password,2.146220519146427e-05,2.252235125439634e-05,-7.51930547440149e-06,5.35733090277768e-06,-3.221356329390889e-06
7,Aggregated,Port_Scanning,-0.015323741007194244,0.061294964028776974,-0.015323741007194244,-0.015323741007194244,-0.015323741007194244
7,Aggregated,Ransomware,0.0,0.0,0.0,0.0,0.0
7,Aggregated,SQL_injection,0.0,0.0,0.0,0.0,0.0
7,Aggregated,Uploading,-0.0037318759067087406,-0.0035781438510539766,0.006333288578649471,0.00631020179232269,0.006865132166272086
7,Aggregated,Vulnerability_scanner,0.00010444313185768254,1.362268579177539e-05,-9.989715501894832e-05,-3.1791348422285e-05,1.362268579177539e-05
7,Aggregated,XSS,0.0,0.0,0.0,0.0,0.0
7,Centralized,Backdoor,-0.01001574671237125,0.013587539957949642,-0.08607953132470078,0.08714917943944113,-0.01791592414177295
7,Centralized,DDoS_HTTP,-0.004982390826594832,0.007817825552931592,0.02237162536054129,0.0021037758753940567,0.009633907355925815
7,Centralized,DDoS_ICMP,0.00039542543207441626,-0.00019781809058462275,0.00022335368156999323,-4.629416838071906e-06,-0.0002375576477703756
7,Centralized,DDoS_TCP,0.00239992745083004,-0.012668081073667514,0.006233738164684046,0.003763481524227021,0.0019810477749745464
7,Centralized,DDoS_UDP,0.0004120369909200117,-0.00019082442150563834,0.00024528329245542826,-5.575185548022203e-05,-0.0003454354137449378
7,Centralized,Fingerprinting,0.0,0.0,0.0,0.0,0.0
7,Centralized,MITM,-0.005844155844155863,0.0006493506493506514,0.00227272727272728,0.00227272727272728,0.0006493506493506514
7,Centralized,Normal,-9.468726255981349e-05,8.673503062020897e-05,-4.921231680045472e-05,3.23097630577307e-05,-0.00010056507851145905
7,Centralized,Password,2.146220519146427e-05,2.252235125439634e-05,-7.51930547440149e-06,5.35733090277768e-06,-3.221356329390889e-06
7,Centralized,Port_Scanning,-0.015323741007194244,0.061294964028776974,-0.015323741007194244,-0.015323741007194244,-0.015323741007194244
7,Centralized,Ransomware,0.0,0.0,0.0,0.0,0.0
7,Centralized,SQL_injection,0.0,0.0,0.0,0.0,0.0
7,Centralized,Uploading,-0.0037318759067087406,-0.0035781438510539766,0.006333288578649471,0.00631020179232269,0.006865132166272086
7,Centralized,Vulnerability_scanner,0.00010444313185768254,1.362268579177539e-05,-9.989715501894832e-05,-3.1791348422285e-05,1.362268579177539e-05
7,Centralized,XSS,0.0,0.0,0.0,0.0,0.0
8,0,Backdoor,0.009371555468132075,0.006240314328731685,0.009255245262905816,0.044210185739901625,-0.05543364108859581
8,0,DDoS_HTTP,0.004630721331075046,-0.02471431692426942,0.01234131486754492,0.0029620097176557597,-0.03576388733903571
8,0,DDoS_ICMP,0.0,0.0,0.0,0.0,0.0
8,0,DDoS_TCP,0.011039093393420952,0.014795721530710123,0.008047768236398599,-0.04827212931053992,0.016340079941970644
8,0,DDoS_UDP,0.0,0.0,0.0,0.0,0.0
8,0,Fingerprinting,0.0,0.0,0.0,0.0,0.0
8,0,MITM,0.0,0.0,0.0,0.0,0.0
8,0,Normal,4.667260160536498e-05,0.0003144723649099179,0.0002859713076776664,0.00032999588127409035,6.454317932146532e-05
8,0,Password,0.0,0.0,0.0,0.0,0.0
8,0,Port_Scanning,-0.023101640018508045,-0.023101640018508045,0.002783918564598224,0.06652100149092592,-0.023101640018508045
8,0,Ransomware,0.0,0.0,0.0,0.0,0.0
8,0,SQL_injection,0.0,0.0,0.0,0.0,0.0
8,0,Uploading,0.004336688395085233,0.0022519736847935014,0.001436020471771074,0.00032563478395848157,-0.004699259503451999
8,0,Vulnerability_scanner,0.0,0.0,0.0,0.0,0.0
8,0,XSS,0.0,0.0,0.0,0.0,0.0
8,1,Backdoor,0.007634974149484276,-0.0013808074707482123,0.021989676092221463,0.05394133891145152,-0.06918040260375855
8,1,DDoS_HTTP,0.0015048693047280894,-0.0288912654021942,0.00947150529050148,-0.00015016378031602792,-0.037617877702335475
8,1,DDoS_ICMP,-0.00033141686599234187,0.00019540130373367216,7.299774723636595e-06,0.0001577793040100195,0.00019540130373367216
8,1,DDoS_TCP,0.012534411555610556,0.01422023303433422,0.007766577624309199,-0.04612438793477013,0.01356108487444343
8,1,DDoS_UDP,-0.0004719590961273982,0.0002790506127665608,1.0735413088971043e-05,0.00022539102916492858,0.0002790506127665608
8,1,Fingerprinting,0.0,0.0,0.0,0.0,0.0
8,1,MITM,0.0,0.0,0.0,0.0,0.0
8,1,Normal,-1.1354498772262837e-05,0.00015231134569505534,0.00042963937102440765,0.0004147793374547737,-0.0002288765793379721
8,1,Password,-3.909966504620291e-06,1.5639866018481164e-05,-2.9976409868755562e-05,4.822292022365025e-05,-2.9976409868755562e-05
8,1,Port_Scanning,-0.024972881983116087,-0.024972881983116087,0.007198699786320913,0.06771994616302734,-0.024972881983116087
8,1,Ransomware,0.0,0.0,0.0,0.0,0.0
8,1,SQL_injection,0.0,0.0,0.0,0.0,0.0
8,1,Uploading,0.0038313295868332596,0.001029695766977377,0.00047715739719787303,0.0006768318919426036,-0.006015014642951113
8,1,Vulnerability_scanner,-0.00013866416902403867,3.466604225600967e-05,-0.0001964409061173881,0.0004968799390028052,-0.0001964409061173881
8,1,XSS,0.0,0.0,0.0,0.0,0.0
8,2,Backdoor,0.00857193421375004,0.0035061918649578134,0.025689273073139042,0.046508225115636334,-0.06981553037076957
8,2,DDoS_HTTP,-0.0005642671740221229,-0.025571330756692694,0.011233998709503392,-0.002071859624316927,-0.03796816167584005
8,2,DDoS_ICMP,-0.00010162285361570156,3.0109533015382217e-05,1.1294254569554907e-05,3.0109533015382217e-05,3.0109533015382217e-05
8,2,DDoS_TCP,0.011291485361717294,0.014473268093242864,0.005348293749700972,-0.040933234781495874,0.013600965252109815
8,2,DDoS_UDP,-1.608233158990613e-05,0.00017149312533870458,0.00014468923935552768,0.00017149312533870458,0.00017149312533870458
8,2,Fingerprinting,0.0,0.0,0.0,0.0,0.0
8,2,MITM,0.0,0.0,0.0,0.0,0.0
8,2,Normal,-5.048138468327634e-05,0.0001630658665866073,0.0003302551147655042,0.0002849888342314477,-0.0002905368644710397
8,2,Password,-7.023335030639441e-06,6.321001527575497e-05,4.682223353759627e-06,-6.555112695263479e-05,4.682223353759627e-06
8,2,Port_Scanning,-0.023882845188284523,-0.023882845188284523,0.002783821478382146,0.0688647140864714,-0.023882845188284523
8,2,Ransomware,0.0,0.0,0.0,0.0,0.0
8,2,SQL_injection,0.0,0.0,0.0,0.0,0.0
8,2,Uploading,0.010673047571987492,0.006663270593721848,0.0033177423911685848,-0.0017942638524105835,-0.01518112315071698
8,2,Vulnerability_scanner,4.820343920159953e-05,4.820343920159953e-05,-3.213562613439969e-05,-3.213562613439969e-05,-3.213562613439969e-05
8,2,XSS,-0.0003367003367003389,-0.00020202020202020332,0.0,-0.00020202020202020332,-6.734006734006777e-05
8,3,Backdoor,0.0026907660123563983,-0.0035775208099156786,0.026194309264906575,0.04852247928489563,-0.06837280661359987
8,3,DDoS_HTTP,0.007223953092782552,-0.02303675996769028,0.013716435122308817,0.0007426711636237547,-0.034237855621137764
8,3,DDoS_ICMP,-0.00015834685071262623,6.772299077948592e-05,6.741057362207315e-05,0.00012383933840343826,0.00012383933840343826
8,3,DDoS_TCP,0.010984256466478104,0.014924524098331112,0.006014215740289608,-0.043706556794243255,0.013601758056796307
8,3,DDoS_UDP,-0.00016053337404651203,0.00016078533953825896,0.00016095807282150986,0.0002413524824531647,0.0002413524824531647
8,3,Fingerprinting,0.0,0.0,0.0,0.0,0.0
8,3,MITM,0.0,0.0,0.0,0.0,0.0
8,3,Normal,-6.590669173982914e-05,8.175772614407531e-05,0.00038192817065271594,0.0003202111993760563,-0.00026721533625265377
8,3,Password,-2.0260140200170294e-06,1.8234126180153262e-05,1.3506760133446863e-06,-1.8909464186825606e-05,1.3506760133446863e-06
8,3,Port_Scanning,-0.021746420206987034,-0.021746420206987034,-0.00018307788892773328,0.06542233850988884,-0.021746420206987034
8,3,Ransomware,0.0,0.0,0.0,0.0,0.0
8,3,SQL_injection,0.0,0.0,0.0,0.0,0.0
8,3,Uploading,0.006046045801803079,0.005739711800823884,0.0026444808113416985,0.0006785979918445037,-0.007835782621131472
8,3,Vulnerability_scanner,2.4751520216531596e-05,2.4751520216531596e-05,-1.6501013477687733e-05,-1.6501013477687733e-05,-1.6501013477687733e-05
8,3,XSS,-4.497697179044249e-05,-2.6986183074265493e-05,0.0,-2.6986183074265493e-05,-8.995394358088498e-06
8,4,Backdoor,0.013339009782537024,0.004147111672996101,0.002324756191681267,0.04575093450762397,-0.050818739784647356
8,4,DDoS_HTTP,0.003930581097431036,-0.033566225996646576,0.01588223482916162,-0.0019835504778634837,-0.04390040791298042
8,4,DDoS_ICMP,-0.00016207499180625844,0.0001201793024488714,4.4918272447913574e-05,0.00010136404494863193,0.0001201793024488714
8,4,DDoS_TCP,0.009943801312381326,0.012402748726258883,0.003558122884115583,-0.038116886860774725,0.013852608969444622
8,4,DDoS_UDP,-0.0002569343360218024,0.00017158293992588686,9.12230269299837e-05,0.00014481353393486774,0.00017158293992588686
8,4,Fingerprinting,0.0,0.0,0.0,0.0,0.0
8,4,MITM,0.0,0.0,0.0,0.0,0.0
8,4,Normal,3.6818047804929956e-05,0.0001966998020820158,0.00022235389895661206,0.00027374916270080557,-9.744835447121163e-05
8,4,Password,1.9959548648073448e-05,1.9959548648073448e-05,-7.762046696473009e-06,4.213682492371062e-05,-7.762046696473009e-06
8,4,Port_Scanning,-0.024142072752230608,-0.024142072752230608,-0.00020590253946464927,0.07263212079615647,-0.024142072752230608
8,4,Ransomware,0.0,0.0,0.0,0.0,0.0
8,4,SQL_injection,0.0,0.0,0.0,0.0,0.0
8,4,Uploading,0.006491282511979991,0.00441659853219983,0.0010995753758093756,-0.0001843109028606608,-0.011823145517128545
8,4,Vulnerability_scanner,8.608919804682739e-05,0.0002398475491443434,-1.6416369351516616e-05,0.00034651525350974747,-4.10022269593376e-05
8,4,XSS,2.5898684346834882e-05,-2.5898684346834882e-05,2.5898684346834882e-05,-2.5898684346834882e-05,0.0
8,Aggregated,Backdoor,0.008390313400310307,0.0018338824707253695,0.01690468949652865,0.04768499883295506,-0.06249646779692832
8,Aggregated,DDoS_HTTP,0.003393423840626747,-0.027225071236780363,0.012590018653364841,-6.588407907572406e-05,-0.038006246169313834
8,Aggregated,DDoS_ICMP,-0.000150660719855004,8.267321664909474e-05,2.6186992348152063e-05,8.26154431224376e-05,9.390052339200613e-05
8,Aggregated,DDoS_TCP,0.011149562135621044,0.014155433704779967,0.006136144297531163,-0.04338960795642928,0.014177946977543699
8,Aggregated,DDoS_UDP,-0.0001811653798617881,0.00015661260404766785,8.154724299962076e-05,0.00015663264904852147,0.0001727218856976631
8,Aggregated,Fingerprinting,0.0,0.0,0.0,0.0,0.0
8,Aggregated,MITM,0.0,0.0,0.0,0.0,0.0
8,Aggregated,Normal,-7.170138332710888e-06,0.00018350092117402534,0.0003275388471744356,0.00032339947635873776,-0.00016046807358744236
8,Aggregated,Password,1.2890008868452623e-06,2.382932126061242e-05,-5.154733683592853e-06,-1.9264889567281267e-06,-5.154733683592853e-06
8,Aggregated,Port_Scanning,-0.023566673811635724,-0.023566673811635724,0.0024805871980313034,0.06821943423687586,-0.023566673811635724
8,Aggregated,Ransomware,0.0,0.0,0.0,0.0,0.0
8,Aggregated,SQL_injection,0.0,0.0,0.0,0.0,0.0
8,Aggregated,Uploading,0.006242778422895673,0.004016040336998981,0.0017898767432988599,-5.332791906008198e-05,-0.009108085374817334
8,Aggregated,Vulnerability_scanner,6.814881974522476e-06,7.492831093339943e-05,-4.913384743175375e-05,0.00016006515222685518,-5.643239506084215e-05
8,Aggregated,XSS,-6.116595362798637e-05,-4.370531688745414e-05,4.378590444163953e-06,-4.370531688745414e-05,-1.3108908814430062e-05
8,Centralized,Backdoor,0.008390313400310307,0.0018338824707253695,0.01690468949652865,0.04768499883295506,-0.06249646779692832
8,Centralized,DDoS_HTTP,0.003393423840626747,-0.027225071236780363,0.012590018653364841,-6.588407907572406e-05,-0.038006246169313834
8,Centralized,DDoS_ICMP,-0.000150660719855004,8.267321664909474e-05,2.6186992348152063e-05,8.26154431224376e-05,9.390052339200613e-05
8,Centralized,DDoS_TCP,0.011149562135621044,0.014155433704779967,0.006136144297531163,-0.04338960795642928,0.014177946977543699
8,Centralized,DDoS_UDP,-0.0001811653798617881,0.00015661260404766785,8.154724299962076e-05,0.00015663264904852147,0.0001727218856976631
8,Centralized,Fingerprinting,0.0,0.0,0.0,0.0,0.0
8,Centralized,MITM,0.0,0.0,0.0,0.0,0.0
8,Centralized,Normal,-7.170138332710888e-06,0.00018350092117402534,0.0003275388471744356,0.00032339947635873776,-0.00016046807358744236
8,Centralized,Password,1.2890008868452623e-06,2.382932126061242e-05,-5.154733683592853e-06,-1.9264889567281267e-06,-5.154733683592853e-06
8,Centralized,Port_Scanning,-0.023566673811635724,-0.023566673811635724,0.0024805871980313034,0.06821943423687586,-0.023566673811635724
8,Centralized,Ransomware,0.0,0.0,0.0,0.0,0.0
8,Centralized,SQL_injection,0.0,0.0,0.0,0.0,0.0
8,Centralized,Uploading,0.006242778422895673,0.004016040336998981,0.0017898767432988599,-5.332791906008198e-05,-0.009108085374817334
8,Centralized,Vulnerability_scanner,6.814881974522476e-06,7.492831093339943e-05,-4.913384743175375e-05,0.00016006515222685518,-5.643239506084215e-05
8,Centralized,XSS,-6.116595362798637e-05,-4.370531688745414e-05,4.378590444163953e-06,-4.370531688745414e-05,-1.3108908814430062e-05
9,0,Backdoor,0.011153961134481504,0.01347560462823959,-0.04449588081277081,0.015070622047257683,0.010019957820018447
9,0,DDoS_HTTP,-0.0029480025846472264,0.01031913161409475,-0.012760916759386575,-0.0024577283579880734,0.00784751608792712
9,0,DDoS_ICMP,8.594919204197305e-05,4.8563537147194856e-05,-0.0002690254583783358,8.594919204197305e-05,4.8563537147194856e-05
9,0,DDoS_TCP,-0.0018993021514309798,0.0025348163350693564,-0.0004919480213532353,0.001243643280770525,-0.0010785108713801856
9,0,DDoS_UDP,0.0001236542059594133,6.992542882637657e-05,-0.0003871592695715798,0.0001236542059594133,6.992542882637657e-05
9,0,Fingerprinting,0.0,0.0,0.0,0.0,0.0
9,0,MITM,0.0,0.0,0.0,0.0,0.0
9,0,Normal,0.00012120357309515587,0.00021057499705947797,-0.0002165286939759296,0.00033762873034879346,-0.00046720054173561473
9,0,Password,0.0,0.0,0.0,0.0,0.0
9,0,Port_Scanning,0.0,0.0,0.0,0.0,0.0
9,0,Ransomware,0.0,0.0,0.0,0.0,0.0
9,0,SQL_injection,0.0,0.0,0.0,0.0,0.0
9,0,Uploading,-0.008528986355601776,-3.1661125227153605e-05,0.0016763524161287403,0.0023708041311681738,0.0008624331013757302
9,0,Vulnerability_scanner,-0.0013665363594757229,0.0003416340898689307,0.0003416340898689307,0.0003416340898689307,0.0003416340898689307
9,0,XSS,0.0,0.0,0.0,0.0,0.0
9,1,Backdoor,0.012192582433024493,0.013763230593005469,-0.047627955961364446,0.017392288791943447,0.011611736375032823
9,1,DDoS_HTTP,-0.004766359364092088,0.011282437576929594,-0.016139533419473325,-0.00040490355610791804,0.015136185622836513
9,1,DDoS_ICMP,7.845637843865346e-05,6.011415068532348e-05,-0.0002394007559341882,9.716178012270834e-05,3.668446687502917e-06
9,1,DDoS_TCP,-0.0027952627190641604,0.000998715636559346,0.00021283757119889836,0.0008718408227248286,-0.0007908902829683021
9,1,DDoS_UDP,0.0001128978204158008,8.586918360614648e-05,-0.0003439262694505581,0.00013975353472076937,5.40573070784145e-06
9,1,Fingerprinting,0.0,0.0,0.0,0.0,0.0
9,1,MITM,0.0,0.0,0.0,0.0,0.0
9,1,Normal,0.00021525668657802478,0.00029498411964816175,-0.00032028639532568997,0.0002836599419986855,-0.00031102640281601145
9,1,Password,1.1729899513860872e-05,-1.43365438502744e-05,-1.43365438502744e-05,5.213288672827054e-06,1.1729899513860872e-05
9,1,Port_Scanning,0.0,0.0,0.0,0.0,0.0
9,1,Ransomware,0.0,0.0,0.0,0.0,0.0
9,1,SQL_injection,0.0,0.0,0.0,0.0,0.0
9,1,Uploading,-0.008855539264320792,0.0013867254496983477,0.0015617381708629525,0.0014695664174383188,0.0012385804954775442
9,1,Vulnerability_scanner,-0.001779216337767786,0.00038702734734859706,0.00038702734734859706,0.00038702734734859706,0.0006181342957219949
9,1,XSS,0.0,0.0,0.0,0.0,0.0
9,2,Backdoor,0.014754466699149893,0.017053610500277035,-0.05904179424482588,0.01672182584997596,0.013867299583943908
9,2,DDoS_HTTP,-0.00239583444018747,0.012712528138324767,-0.012464355711429663,0.0026376816658407456,0.013162452049976276
9,2,DDoS_ICMP,-3.88727313510584e-07,3.808688895534096e-05,3.774886520446219e-05,-7.531181734594106e-05,-1.3520950035150747e-07
9,2,DDoS_TCP,-0.0039010791175774864,0.0025868733621779716,0.0003466783619047453,0.0014465448678758486,-0.0019797965246171243
9,2,DDoS_UDP,0.0,5.3607771966353766e-05,5.3607771966353766e-05,-0.00010721554393270753,0.0
9,2,Fingerprinting,0.0,0.0,0.0,0.0,0.0
9,2,MITM,0.0,0.0,0.0,0.0,0.0
9,2,Normal,0.0001816072088405692,0.00032448416978457425,-0.00034858238763704383,0.0003122908507332859,-0.00025782343665617933
9,2,Password,0.0,0.0,0.0,0.0,0.0
9,2,Port_Scanning,0.0,0.0,0.0,0.0,0.0
9,2,Ransomware,0.0,0.0,0.0,0.0,0.0
9,2,SQL_injection,0.0,0.0,0.0,0.0,0.0
9,2,Uploading,-0.017787914221629217,-0.0016439228616403681,0.008181335158716146,0.003574205555009553,0.0005109762145110025
9,2,Vulnerability_scanner,-0.0013673625402644608,0.0003418406350661152,0.0003418406350661152,0.0003418406350661152,0.0003418406350661152
9,2,XSS,-0.00022895622895623043,0.0003097643097643118,-9.427609427609488e-05,-0.00016161616161616265,0.0001750841750841762
9,3,Backdoor,0.012112390252162156,0.017968241244226853,-0.05715092002583325,0.014448862569101288,0.016130197890167435
9,3,DDoS_HTTP,-0.00719059804717305,0.014468948316823488,-0.011432550759894276,0.0015925670813082364,0.008326608064464915
9,3,DDoS_ICMP,0.0001491778441002604,-9.317426314422265e-05,-0.0003925297932134253,-7.609806754262742e-05,-3.7522017746679144e-05
9,3,DDoS_TCP,-0.002523827721982445,0.0004941430149070484,0.0007596383261672835,0.00109041840409236,-0.0008245275824621553
9,3,DDoS_UDP,9.161379561729022e-05,1.0649263257089814e-05,-0.0005268463565131257,-0.00012276549723495752,-9.656620834588291e-05
9,3,Fingerprinting,0.0,0.0,0.0,0.0,0.0
9,3,MITM,0.0,0.0,0.0,0.0,0.0
9,3,Normal,0.00015005007153714628,0.00022053150602254027,-0.00022915858533270977,0.00030946130661552715,-0.00024123312687913864
9,3,Password,0.0,0.0,0.0,0.0,0.0
9,3,Port_Scanning,0.0,0.0,0.0,0.0,0.0
9,3,Ransomware,0.0,0.0,0.0,0.0,0.0
9,3,SQL_injection,0.0,0.0,0.0,0.0,0.0
9,3,Uploading,-0.014323516556961482,-0.00301057674707376,0.004498057127647104,0.0043049820409549935,0.0012580003507514528
9,3,Vulnerability_scanner,-0.001361384401622434,0.0003403461004056085,0.0003403461004056085,0.0003403461004056085,0.0003403461004056085
9,3,XSS,-3.0584340817500893e-05,4.137881404720709e-05,-1.2593552101323897e-05,-2.1588946459412393e-05,2.3388025331030093e-05
9,4,Backdoor,0.00942412801211547,0.012052923281160161,-0.03933404504878959,0.013901152339723126,0.010305047764997114
9,4,DDoS_HTTP,-0.009470137020266289,0.01540045366147718,-0.012314454341514144,0.004358082103280198,0.013233622324154407
9,4,DDoS_ICMP,6.721944837290161e-05,0.00010526396637315176,-0.00025079768058307766,6.721944837290161e-05,1.10948174641227e-05
9,4,DDoS_TCP,-0.0024811755894847947,0.0030722121560837036,-0.00023240643335719995,0.0014550964047477632,-0.0006752778559859488
9,4,DDoS_UDP,0.0001129044470759899,8.577247070971073e-05,-0.0003438842002193428,0.0001129044470759899,3.230283535765229e-05
9,4,Fingerprinting,0.0,0.0,0.0,0.0,0.0
9,4,MITM,0.0,0.0,0.0,0.0,0.0
9,4,Normal,0.00012629216654816238,0.00019112167503824347,-0.00013123391098004237,0.000325428871017569,-0.00040580800182543804
9,4,Password,-3.326591441345575e-06,-4.768114399261991e-05,-3.326591441345575e-06,-3.1048186785892036e-05,1.885068483429159e-05
9,4,Port_Scanning,0.0,0.0,0.0,0.0,0.0
9,4,Ransomware,0.0,0.0,0.0,0.0,0.0
9,4,SQL_injection,0.0018983050847457626,-0.00047457627118644064,-0.00047457627118644064,-0.00047457627118644064,-0.00047457627118644064
9,4,Uploading,-0.01110806250168073,-0.0007056444727561687,0.005510367076830434,0.002101388464731087,0.0007339487323814841
9,4,Vulnerability_scanner,-0.0009973647826241106,-0.00016068107393734838,0.00024934119565602766,-0.00016068107393734838,0.00045435233045271564
9,4,XSS,0.0,0.0,0.0,0.0,0.0
9,Aggregated,Backdoor,0.011873070416214703,0.014832504666749216,-0.049332807992600314,0.015486845712676662,0.012369220215632058
9,Aggregated,DDoS_HTTP,-0.0053512367788261265,0.012831982155807525,-0.013054724522723726,0.0011392981377752113,0.011570121993229312
9,Aggregated,DDoS_ICMP,7.610256238422264e-05,3.177914095684464e-05,-0.0002228837488017906,1.9805869860460105e-05,5.138538712632738e-06
9,Aggregated,DDoS_TCP,-0.0027222272028061675,0.0019362580318102508,0.00012100524336755199,0.0012217496899039949,-0.0010703674301790144
9,Aggregated,DDoS_UDP,8.817598648514872e-05,6.11785580680128e-05,-0.00030954951237885386,2.9208140020581252e-05,2.203827161216069e-06
9,Aggregated,Fingerprinting,0.0,0.0,0.0,0.0,0.0
9,Aggregated,MITM,0.0,0.0,0.0,0.0,0.0
9,Aggregated,Normal,0.00015788403556691127,0.00024737842929968464,-0.00024585894231854053,0.00031456432566748607,-0.0003396089046636926
9,Aggregated,Password,1.2893850845071415e-06,-1.1595532966042835e-05,-3.0072890836802673e-06,-5.152435884016316e-06,5.583507025688425e-06
9,Aggregated,Port_Scanning,0.0,0.0,0.0,0.0,0.0
9,Aggregated,Ransomware,0.0,0.0,0.0,0.0,0.0
9,Aggregated,SQL_injection,0.001828870019595036,-0.000457217504898759,-0.000457217504898759,-0.000457217504898759,-0.000457217504898759
9,Aggregated,Uploading,-0.01208276217550524,-0.0007947533206158284,0.004284368814581664,0.002756420014276125,0.0009184017489383768
9,Aggregated,Vulnerability_scanner,-0.0013339057151433797,0.0002312973925916136,0.00032212546101973436,0.0002312973925916136,0.000412943366298237
9,Aggregated,XSS,-4.457028996906221e-05,6.030098054637829e-05,-1.8352472340202087e-05,-3.146138115463215e-05,3.4083162917518166e-05
9,Centralized,Backdoor,0.011873070416214703,0.014832504666749216,-0.049332807992600314,0.015486845712676662,0.012369220215632058
9,Centralized,DDoS_HTTP,-0.0053512367788261265,0.012831982155807525,-0.013054724522723726,0.0011392981377752113,0.011570121993229312
9,Centralized,DDoS_ICMP,7.610256238422264e-05,3.177914095684464e-05,-0.0002228837488017906,1.9805869860460105e-05,5.138538712632738e-06
9,Centralized,DDoS_TCP,-0.0027222272028061675,0.0019362580318102508,0.00012100524336755199,0.0012217496899039949,-0.0010703674301790144
9,Centralized,DDoS_UDP,8.817598648514872e-05,6.11785580680128e-05,-0.00030954951237885386,2.9208140020581252e-05,2.203827161216069e-06
9,Centralized,Fingerprinting,0.0,0.0,0.0,0.0,0.0
9,Centralized,MITM,0.0,0.0,0.0,0.0,0.0
9,Centralized,Normal,0.00015788403556691127,0.00024737842929968464,-0.00024585894231854053,0.00031456432566748607,-0.0003396089046636926
9,Centralized,Password,1.2893850845071415e-06,-1.1595532966042835e-05,-3.0072890836802673e-06,-5.152435884016316e-06,5.583507025688425e-06
9,Centralized,Port_Scanning,0.0,0.0,0.0,0.0,0.0
9,Centralized,Ransomware,0.0,0.0,0.0,0.0,0.0
9,Centralized,SQL_injection,0.001828870019595036,-0.000457217504898759,-0.000457217504898759,-0.000457217504898759,-0.000457217504898759
9,Centralized,Uploading,-0.01208276217550524,-0.0007947533206158284,0.004284368814581664,0.002756420014276125,0.0009184017489383768
9,Centralized,Vulnerability_scanner,-0.0013339057151433797,0.0002312973925916136,0.00032212546101973436,0.0002312973925916136,0.000412943366298237
9,Centralized,XSS,-4.457028996906221e-05,6.030098054637829e-05,-1.8352472340202087e-05,-3.146138115463215e-05,3.4083162917518166e-05
10,0,Backdoor,0.009767317967880737,0.007782092248425251,0.0076619866400452355,0.0063580226105292735,-0.01753204704494158
10,0,DDoS_HTTP,0.0030202686349926427,0.0008303438816281834,-0.00017134316148516385,0.0032329019246031395,0.014630769040494103
10,0,DDoS_ICMP,-2.2400858268772915e-05,8.975610641556164e-05,8.975610641556164e-05,3.333587965284046e-05,-0.00019044723421519084
10,0,DDoS_TCP,0.006215864005397353,0.003980032866154548,0.004949223152286638,0.00483010795014683,-0.02337085421653012
10,0,DDoS_UDP,-3.217482128498594e-05,0.00012901151011412426,0.00012901151011412426,4.849621220753275e-05,-0.0002743444111507953
10,0,Fingerprinting,0.0,0.0,0.0,0.0,0.0
10,0,MITM,0.0,0.0,0.0,0.0,0.0
10,0,Normal,0.0002913538889345516,2.8639526403123617e-05,6.383303981722007e-05,-0.000360508842070828,-0.0004704657334062723
10,0,Password,0.0,0.0,0.0,0.0,0.0
10,0,Port_Scanning,-0.01912579506449986,-0.01912579506449986,-0.018588160655897707,-0.01912579506449986,0.0759655458493973
10,0,Ransomware,-0.019736842105263157,-0.019736842105263157,0.07894736842105263,-0.019736842105263157,-0.019736842105263157
10,0,SQL_injection,0.0,0.0,0.0,0.0,0.0
10,0,Uploading,-0.00021146880350853524,-0.00021146880350853524,2.345016637093957e-05,-0.001615245273043673,-0.0016505039838340982
10,0,Vulnerability_scanner,-0.0021049109933278577,0.0005262277483319644,0.0005262277483319644,0.0005262277483319644,0.0005262277483319644
10,0,XSS,0.0,0.0,0.0,0.0,0.0
10,1,Backdoor,0.008492039711396008,0.0102652904395173,0.001979610477774903,0.012325365819524902,-0.024647892475384386
10,1,DDoS_HTTP,0.0003245538439354647,0.0011275597902473686,-0.007655543118782917,0.006903510456621567,0.011419846237745087
10,1,DDoS_ICMP,-0.0001874153829364289,7.45619841669339e-05,0.0003192359475719016,-0.00026421404687721844,5.7831498074811805e-05
10,1,DDoS_TCP,0.007287393202828916,0.0046779248109238575,0.006498615517408835,0.005203096584382553,-0.024623802811447264
10,1,DDoS_UDP,-0.0002685776736356171,0.00010757546082390916,0.0004562849867005503,-0.00037499837680607015,7.971560291722783e-05
10,1,Fingerprinting,0.0,0.0,0.0,0.0,0.0
10,1,MITM,0.0,0.0,0.0,0.0,0.0
10,1,Normal,0.0002522437381955752,9.454341133789216e-07,2.518204675535281e-06,-0.0002506408387507301,-0.0002994100084159605
10,1,Password,5.082956456006378e-05,-2.7369765532342034e-05,-2.7369765532342034e-05,1.1729899513860872e-05,-7.819933009240582e-06
10,1,Port_Scanning,-0.01696969696969697,-0.01696969696969697,-0.01696969696969697,-0.01696969696969697,0.06787878787878789
10,1,Ransomware,-0.02258064516129032,-0.02258064516129032,0.09032258064516129,-0.02258064516129032,-0.02258064516129032
10,1,SQL_injection,0.0,0.0,0.0,0.0,0.0
10,1,Uploading,0.0014282730831296285,0.0014294570814697006,0.0031438279818871134,-0.003766540365429753,-0.002235017781056691
10,1,Vulnerability_scanner,-0.002521057654305625,0.0005435993079363821,0.0005435993079363821,0.0007169295192164304,0.0007169295192164304
10,1,XSS,0.0,0.0,0.0,0.0,0.0
10,2,Backdoor,0.004018810511412467,0.00679539122664152,0.0027814674554946304,0.006849151197025677,-0.015461321309753003
10,2,DDoS_HTTP,-0.0003282903473978832,0.0010928520932172124,-0.004155299681280399,0.005765658907102118,0.01152832923762393
10,2,DDoS_ICMP,0.00014950080017106515,0.0001307954917746749,0.00011225920855443643,1.7683907602261684e-05,-0.00041023940810243814
10,2,DDoS_TCP,0.008532839375486346,0.00260907503660045,0.0062404132464531714,0.005654443285872638,-0.026638646634884595
10,2,DDoS_UDP,2.7174540738591122e-05,0.00010760348033609553,0.00024167470520075434,-0.00016040091619001957,-0.00021605181008542141
10,2,Fingerprinting,0.0,0.0,0.0,0.0,0.0
10,2,MITM,0.0,0.0,0.0,0.0,0.0
10,2,Normal,0.00020296879673917985,-4.622730867520815e-05,3.252770344800611e-05,-0.00016796209421317913,-0.000288919315182982
10,2,Password,7.023335030639441e-06,1.8728893415038508e-05,-5.15044568913559e-05,-7.491557366015403e-05,-3.979889850695683e-05
10,2,Port_Scanning,-0.017777777777777778,-0.017777777777777778,-0.017777777777777778,-0.017777777777777778,0.07111111111111111
10,2,Ransomware,-0.02012987012987013,-0.02012987012987013,0.08051948051948052,-0.02012987012987013,-0.02012987012987013
10,2,SQL_injection,0.0,0.0,0.0,0.0,0.0
10,2,Uploading,0.0011912535665293206,0.001192469795231781,0.003611782469432278,-0.003775846001674685,-0.0022196598295186947
10,2,Vulnerability_scanner,-0.0018298103011594956,0.0004574525752898739,0.0004574525752898739,0.0004574525752898739,0.0004574525752898739
10,2,XSS,5.387205387205422e-05,-1.3468013468013555e-05,0.0005252525252525287,0.00025589225589225755,-1.3468013468013555e-05
10,3,Backdoor,0.006725809004423841,0.008157196436811882,-0.0014855608532169356,0.010329612222730412,-0.012252663757408789
10,3,DDoS_HTTP,0.007369685480463724,0.0037758122159214555,-0.0016584794327790763,0.0021920591851603325,0.004936900276656568
10,3,DDoS_ICMP,2.6137765827792072e-05,0.0002883855100664375,0.0002513968142658381,-3.159222552823008e-05,-8.418156708514349e-05
10,3,DDoS_TCP,0.006693397848773447,0.0019434863622043053,0.0049342026032819395,0.005182143018425269,-0.02301569705155054
10,3,DDoS_UDP,-2.6865448752059578e-05,0.00032210331887413957,0.00026815008034128396,-0.00013302854397265196,0.00021355559672887417
10,3,Fingerprinting,0.0,0.0,0.0,0.0,0.0
10,3,MITM,0.0066666666666666706,-0.026666666666666682,0.0066666666666666706,0.0066666666666666706,0.0066666666666666706
10,3,Normal,0.00023892145315960363,-4.6949371121570345e-05,-2.7977904458235483e-05,-0.00021263511616308832,-0.0003219354049007398
10,3,Password,2.0260140200170294e-06,5.402704053378745e-06,-1.4857436146791548e-05,-2.161081621351498e-05,-1.1480746113429832e-05
10,3,Port_Scanning,-0.018328134727329908,-0.018328134727329908,-0.017792229046729693,-0.018328134727329908,0.07277663322871941
10,3,Ransomware,-0.01895424836601307,-0.01895424836601307,0.07581699346405228,-0.01895424836601307,-0.01895424836601307
10,3,SQL_injection,0.0,0.0,0.0,0.0,0.0
10,3,Uploading,-0.0009139504504756533,-0.0018319361706977814,0.00030647242563361284,-0.0024451196147447923,-0.0024451196147447923
10,3,Vulnerability_scanner,-0.0024813204052793747,0.0006203301013198437,0.0006203301013198437,0.0006203301013198437,0.0006203301013198437
10,3,XSS,7.196315486470798e-06,-1.7990788716176996e-06,7.016407599309028e-05,3.4182498560736294e-05,-1.7990788716176996e-06
10,4,Backdoor,0.008350513314702998,0.007684081820504237,0.009974889721339662,0.00522036744480248,-0.02414450608556839
10,4,DDoS_HTTP,0.004483831745401686,0.0013491052783294183,-0.005437112614484102,0.0024335039217498098,0.009805407820470059
10,4,DDoS_ICMP,-2.657362862536853e-05,0.0001231117597987404,0.00018018287627205403,-4.6310347399845336e-05,-0.00023041066004558057
10,4,DDoS_TCP,0.0075549254637763815,0.0036126294064461736,0.006522698156868506,0.005830875282624006,-0.02794469813056054
10,4,DDoS_UDP,-0.0002414280443310731,-2.653071842980322e-05,0.0003217127861639783,-0.00026743819054127666,0.0002136841671381747
10,4,Fingerprinting,0.0,0.0,0.0,0.0,0.0
10,4,MITM,0.0,0.0,0.0,0.0,0.0
10,4,Normal,0.00027894587402332117,4.541072806481713e-06,7.195592468386229e-05,-0.0003111964332336736,-0.00037503382129172407
10,4,Password,5.32254630615292e-05,3.326591441345575e-06,-1.33063657653823e-05,3.326591441345575e-06,1.9959548648073448e-05
10,4,Port_Scanning,-0.016881028938906754,-0.016881028938906754,-0.01634512325830654,-0.016881028938906754,0.0669882100750268
10,4,Ransomware,-0.026506024096385545,-0.026506024096385545,0.10602409638554218,-0.026506024096385545,-0.026506024096385545
10,4,SQL_injection,0.002564102564102564,-0.000641025641025641,-0.000641025641025641,-0.000641025641025641,-0.000641025641025641
10,4,Uploading,0.0005832624776402076,0.0005832624776402076,0.0014502631527636852,-0.0026187660421356147,1.9779340915140887e-06
10,4,Vulnerability_scanner,-0.0009464051356389447,0.0003965030663193425,0.0002181709899734652,0.0003719293410709812,0.0005748351426652198
10,4,XSS,1.5539210608100927e-05,-6.215684243240371e-05,1.5539210608100927e-05,1.5539210608100927e-05,1.5539210608100927e-05
10,Aggregated,Backdoor,0.0074859804122797335,0.00812811403110614,0.004274343965494496,0.0081634268974586,-0.018825516937818452
10,Aggregated,DDoS_HTTP,0.0030210010016948194,0.0016403029001539281,-0.0037781600339037167,0.004106862999633461,0.010568024654758201
10,Aggregated,DDoS_ICMP,-1.217270324901561e-05,0.00014134253393307538,0.0001905695812700096,-5.817691302528368e-05,-0.00017150486204115523
10,Aggregated,DDoS_TCP,0.007255962719573206,0.003360356265422308,0.005826911727486685,0.005337391989338186,-0.02511107095524125
10,Aggregated,DDoS_UDP,-0.00010837278865478694,0.00012792089927894933,0.00028340479218300817,-0.00017757722562304347,3.407323459767945e-06
10,Aggregated,Fingerprinting,0.0,0.0,0.0,0.0,0.0
10,Aggregated,MITM,0.0009740259740259772,-0.0038961038961039087,0.0009740259740259772,0.0009740259740259772,0.0009740259740259772
10,Aggregated,Normal,0.00025434785295624744,-1.0784098947458354e-05,3.0566465280840174e-05,-0.00026298315987233385,-0.0003541567968339284
10,Aggregated,Password,2.060452987237213e-05,1.2905304055757978e-06,-2.1247879203931005e-05,-1.802537130847608e-05,-8.363598641792624e-06
10,Aggregated,Port_Scanning,-0.01781288752336708,-0.01781288752336708,-0.01749072257491347,-0.01781288752336708,0.07092938514501472
10,Aggregated,Ransomware,-0.021666666666666667,-0.021666666666666667,0.08666666666666667,-0.021666666666666667,-0.021666666666666667
10,Aggregated,SQL_injection,0.0024398073836276084,-0.0006099518459069021,-0.0006099518459069021,-0.0006099518459069021,-0.0006099518459069021
10,Aggregated,Uploading,0.0004158580472601606,0.00023453178497031432,0.0016963223099317982,-0.0028371010270246246,-0.001688309776248378
10,Aggregated,Vulnerability_scanner,-0.0019023223712870852,0.0004944390769224649,0.00045308091090466297,0.0005211943398635399,0.0005698501462385985
10,Aggregated,XSS,1.3114281318042422e-05,-1.3130398828879498e-05,0.00010487664301905286,5.244100776133261e-05,5.3725036123590066e-09
10,Centralized,Backdoor,0.0074859804122797335,0.00812811403110614,0.004274343965494496,0.0081634268974586,-0.018825516937818452
10,Centralized,DDoS_HTTP,0.0030210010016948194,0.0016403029001539281,-0.0037781600339037167,0.004106862999633461,0.010568024654758201
10,Centralized,DDoS_ICMP,-1.217270324901561e-05,0.00014134253393307538,0.0001905695812700096,-5.817691302528368e-05,-0.00017150486204115523
10,Centralized,DDoS_TCP,0.007255962719573206,0.003360356265422308,0.005826911727486685,0.005337391989338186,-0.02511107095524125
10,Centralized,DDoS_UDP,-0.00010837278865478694,0.00012792089927894933,0.00028340479218300817,-0.00017757722562304347,3.407323459767945e-06
10,Centralized,Fingerprinting,0.0,0.0,0.0,0.0,0.0
10,Centralized,MITM,0.0009740259740259772,-0.0038961038961039087,0.0009740259740259772,0.0009740259740259772,0.0009740259740259772
10,Centralized,Normal,0.00025434785295624744,-1.0784098947458354e-05,3.0566465280840174e-05,-0.00026298315987233385,-0.0003541567968339284
10,Centralized,Password,2.060452987237213e-05,1.2905304055757978e-06,-2.1247879203931005e-05,-1.802537130847608e-05,-8.363598641792624e-06
10,Centralized,Port_Scanning,-0.01781288752336708,-0.01781288752336708,-0.01749072257491347,-0.01781288752336708,0.07092938514501472
10,Centralized,Ransomware,-0.021666666666666667,-0.021666666666666667,0.08666666666666667,-0.021666666666666667,-0.021666666666666667
10,Centralized,SQL_injection,0.0024398073836276084,-0.0006099518459069021,-0.0006099518459069021,-0.0006099518459069021,-0.0006099518459069021
10,Centralized,Uploading,0.0004158580472601606,0.00023453178497031432,0.0016963223099317982,-0.0028371010270246246,-0.001688309776248378
10,Centralized,Vulnerability_scanner,-0.0019023223712870852,0.0004944390769224649,0.00045308091090466297,0.0005211943398635399,0.0005698501462385985
10,Centralized,XSS,1.3114281318042422e-05,-1.3130398828879498e-05,0.00010487664301905286,5.244100776133261e-05,5.3725036123590066e-09
11,0,Backdoor,-0.2531972626947542,0.03287259680845044,0.04204749826553195,0.12242565201627402,0.05187183848896763
11,0,DDoS_HTTP,-0.09332786848515906,0.027664484554128812,-0.031325795941553713,0.033725346449787925,-0.005466816732002758
11,0,DDoS_ICMP,0.0,0.0,0.0,0.0,0.0
11,0,DDoS_TCP,0.0049055193792457725,-0.020303671764998022,0.005914683804779943,0.007149034605461459,0.0065463545053121965
11,0,DDoS_UDP,0.0,0.0,0.0,0.0,0.0
11,0,Fingerprinting,0.0,0.0,0.0,0.0,0.0
11,0,MITM,0.0,0.0,0.0,0.0,0.0
11,0,Normal,-0.002819293075162714,0.0007155043055064924,0.00032804797189906474,0.0015181123535859043,0.0008235984329351558
11,0,Password,0.0,0.0,0.0,0.0,0.0
11,0,Port_Scanning,-0.01885369532428356,0.07541478129713423,-0.01885369532428356,-0.01885369532428356,-0.01885369532428356
11,0,Ransomware,-0.03807491337100778,-0.06722132668666547,0.1225555542432088,0.007665345204462611,-0.02492465938999816
11,0,SQL_injection,0.0,0.0,0.0,0.0,0.0
11,0,Uploading,-0.002830061895811763,0.003275612458204689,0.0007751973028426965,0.0007751973028426965,0.0016692915294455799
11,0,Vulnerability_scanner,-0.13106733038854457,0.03285890671754314,0.032449640090772745,0.03285890671754314,0.03289987686268555
11,0,XSS,0.0022380541162924585,0.001383491652274036,-0.0072430915371329875,0.001383491652274036,0.0022380541162924585
11,1,Backdoor,-0.25727098613745175,0.03610129431465494,0.030801322086821393,0.12177861653404952,0.056451133585232814
11,1,DDoS_HTTP,-0.07616390228717883,0.020983910419307514,-0.025375559922642472,0.02778035459110947,-0.009164990823395242
11,1,DDoS_ICMP,0.0001428572538875128,-0.00010180015843792023,2.999125471655484e-05,2.999125471655484e-05,-0.00010103960488270226
11,1,DDoS_TCP,0.003419238229149435,-0.019680083968519137,0.004962636252369455,0.007909798618277382,0.007294008195372833
11,1,DDoS_UDP,0.00020389610875601687,-0.00014465809897749038,4.291735795112032e-05,4.291735795112032e-05,-0.00014507272568076713
11,1,Fingerprinting,0.0,0.0,0.0,0.0,0.0
11,1,MITM,0.004545454545454547,-0.018181818181818188,0.004545454545454547,0.004545454545454547,0.004545454545454547
11,1,Normal,-0.0027970558445783093,0.0005002904223515459,0.00020009579037599627,0.0014102590383579046,0.0007750246143796417
11,1,Password,6.516610841033818e-06,6.516610841033818e-06,2.6066443364135272e-05,-1.9549832523101454e-05,-1.9549832523101454e-05
11,1,Port_Scanning,-0.01798780487804878,0.07195121951219512,-0.01798780487804878,-0.01798780487804878,-0.01798780487804878
11,1,Ransomware,-0.047412972879177444,-0.08057319922122197,0.145058718847183,0.00975745828206089,-0.026830005028844466
11,1,SQL_injection,0.0,0.0,0.0,0.0,0.0
11,1,Uploading,-0.004871204975933384,0.0018516434645168992,0.0005666914755816326,0.00045882142551505374,0.0015617338255268485
11,1,Vulnerability_scanner,-0.1229093710558056,0.030775428355515038,0.030378383149751036,0.030816310762316553,0.030939248788222982
11,1,XSS,0.005412143268360884,0.0020462135631454654,-0.015771276127031122,0.002900776027163888,0.005412143268360884
11,2,Backdoor,-0.2570367330864401,0.031109980201312955,0.0329787086601531,0.1278917915382448,0.055638745102642426
11,2,DDoS_HTTP,-0.07502181164584988,0.020522626206446373,-0.021476665351714126,0.02778397716598633,-0.004241637821324947
11,2,DDoS_ICMP,0.0001918685077050656,-0.00010890536853591648,-9.039458566273417e-05,4.1346280138447135e-05,-3.3914833644862106e-05
11,2,DDoS_TCP,0.004331085911870095,-0.02205031828968584,0.006873639667694289,0.008931870977644746,0.008148908812020446
11,2,DDoS_UDP,0.00031085610077694243,-0.00017149312533870458,-1.0773282703304317e-05,-1.0687074401113013e-05,-0.00011790261833382054
11,2,Fingerprinting,0.0,0.0,0.0,0.0,0.0
11,2,MITM,0.0037878787878787845,0.0037878787878787845,-0.015151515151515138,0.0037878787878787845,0.0037878787878787845
11,2,Normal,-0.0027178151244587187,0.0005454930086130776,0.0002622235231650782,0.0013802042323220521,0.0007297778247216817
11,2,Password,3.2775563476317394e-05,4.448112186071646e-05,4.448112186071646e-05,-2.575222844567795e-05,4.448112186071646e-05
11,2,Port_Scanning,-0.018529411764705885,0.07411764705882354,-0.018529411764705885,-0.018529411764705885,-0.018529411764705885
11,2,Ransomware,-0.03743457917302121,-0.07216804745912109,0.1271087556851577,0.009443980373323573,-0.026950109426338978
11,2,SQL_injection,0.0,0.0,0.0,0.0,0.0
11,2,Uploading,-0.010085023165980313,0.0071360351542345156,0.0005363346500480187,0.0005363346500480187,0.005362965312932271
11,2,Vulnerability_scanner,-0.12669195255909269,0.031973413960411236,0.03081195089005665,0.03189307489507524,0.03201351281354962
11,2,XSS,0.005783736098456911,0.0032798478077665882,-0.019315334787416007,0.00359259390731472,0.00585107616579698
11,3,Backdoor,-0.24815472071538988,0.030377739279334733,0.031931901741663875,0.12922327547034265,0.04971424061545384
11,3,DDoS_HTTP,-0.08443334750260108,0.02012167001003887,-0.024236206251162056,0.032400745327660005,-0.0035130449060908468
11,3,DDoS_ICMP,0.0002668687599812055,-0.0003160062018222202,-1.5089301115217557e-05,3.7259088302654676e-06,-0.0001651803465665828
11,3,DDoS_TCP,0.005453848315488225,-0.022756677306902097,0.006910522183007708,0.007832110835478879,0.0076356354997617094
11,3,DDoS_UDP,0.00039125752196709774,-0.00038567579176973326,-1.0783630598761492e-05,-3.7553036589780635e-05,-0.00027889169480694497
11,3,Fingerprinting,0.0,0.0,0.0,0.0,0.0
11,3,MITM,0.0066666666666666706,-0.026666666666666682,0.0066666666666666706,0.0066666666666666706,0.0066666666666666706
11,3,Normal,-0.0026878166798402566,0.0005621209216589262,0.0002009510753862594,0.0013956926421353785,0.0006707586659455904
11,3,Password,9.454732093412803e-06,1.2831422126774519e-05,1.2831422126774519e-05,-7.428718073395774e-06,1.2831422126774519e-05
11,3,Port_Scanning,-0.01925287356321839,0.07701149425287356,-0.01925287356321839,-0.01925287356321839,-0.01925287356321839
11,3,Ransomware,-0.04091272414127536,-0.07234285731559457,0.12347149038571362,0.010157368284178517,-0.020373277213022165
11,3,SQL_injection,0.0,0.0,0.0,0.0,0.0
11,3,Uploading,-0.007726947348040921,0.00779732447358908,0.0014092193588808935,0.001711677108147154,0.004138379832453199
11,3,Vulnerability_scanner,-0.12881392084846535,0.032296261114073264,0.03196639003993973,0.03225500858037906,0.032296261114073264
11,3,XSS,0.0017019097740281592,0.0008338542184726034,-0.005228994482573612,0.0008743805893895414,0.0017109051683862474
11,4,Backdoor,-0.235325030315061,0.029801870784555026,0.042582686300154195,0.11830774858429878,0.05194796322559376
11,4,DDoS_HTTP,-0.09206925111519007,0.02358896589409972,-0.024427976741843944,0.03386916980526218,-0.0037680990018198737
11,4,DDoS_ICMP,0.0001768517305794822,-4.8999177427492636e-05,-1.1351707925988386e-05,-2.985419829700427e-05,-8.664664692899689e-05
11,4,DDoS_TCP,0.006069445901894982,-0.02852659536883139,0.007919532546226099,0.010568477937529333,0.010024075185462559
11,4,DDoS_UDP,0.0002516841113384257,-0.0001499259052239891,-1.60788752688934e-05,3.74771683874268e-05,-0.00012315649923296996
11,4,Fingerprinting,0.0,0.0,0.0,0.0,0.0
11,4,MITM,0.0,0.0,0.0,0.0,0.0
11,4,Normal,-0.0026291346778837487,0.0005670203012587934,0.0002989582440697488,0.0013403476007761575,0.0007122759515944414
11,4,Password,9.979774324036724e-06,-3.437477822723761e-05,2.66127315307646e-05,-3.9919097296146897e-05,-2.8830459158328316e-05
11,4,Port_Scanning,-0.017806267806267807,0.07122507122507123,-0.017806267806267807,-0.017806267806267807,-0.017806267806267807
11,4,Ransomware,-0.04942825680808958,-0.09219784148068048,0.16533141601609938,0.010428007624318898,-0.034133325351648224
11,4,SQL_injection,0.04206946805926646,-0.010517367014816615,-0.010517367014816615,-0.010517367014816615,-0.010517367014816615
11,4,Uploading,-0.006570962624794553,0.004575658561806559,-0.0007766485081718395,9.035216695163819e-05,0.0026816004042081935
11,4,Vulnerability_scanner,-0.09400836890630518,0.023305481160811645,0.023427720304264543,0.023278814234720283,0.02338131980211863
11,4,XSS,0.003392639106924821,0.002564102564102564,-0.012742019884877026,0.003392639106924821,0.003392639106924821
11,Aggregated,Backdoor,-0.25005693903764126,0.03199963464462281,0.036209553400286164,0.12377649640121986,0.053106052389175824
11,Aggregated,DDoS_HTTP,-0.08435692923730108,0.022560533018369668,-0.02544847420154268,0.031123100162252868,-0.005272896603562959
11,Aggregated,DDoS_ICMP,0.00015567472609371858,-0.00011512581643177514,-1.736598226686851e-05,9.036190810636964e-06,-7.73675701114418e-05
11,Aggregated,DDoS_TCP,0.004825397468008063,-0.02262190792700233,0.00650635135756654,0.008468262097073683,0.007921268453235307
11,Aggregated,DDoS_UDP,0.0002316308885918846,-0.00017043156194870105,1.0622255891619878e-06,6.4333561745140894e-06,-0.00013304080274698278
11,Aggregated,Fingerprinting,0.0,0.0,0.0,0.0,0.0
11,Aggregated,MITM,0.0027986633249791225,-0.0071219715956558185,-0.0012740183792815496,0.0027986633249791225,0.0027986633249791225
11,Aggregated,Normal,-0.0027280248492797345,0.0005784364012660729,0.00025955375060631353,0.001407035913174028,0.0007422707805716707
11,Aggregated,Password,1.202124874984505e-05,6.6446726162161745e-06,2.1677291398453323e-05,-1.8027415811505455e-05,3.4259919232426893e-06
11,Aggregated,Port_Scanning,-0.018486900206064177,0.0739476008242567,-0.018486900206064177,-0.018486900206064177,-0.018486900206064177
11,Aggregated,Ransomware,-0.04276806676509081,-0.07717878451264791,0.13719412953355356,0.009513227789343355,-0.02676050604515819
11,Aggregated,SQL_injection,0.024425327880411792,-0.006106331970102948,-0.006106331970102948,-0.006106331970102948,-0.006106331970102948
11,Aggregated,Uploading,-0.00640296283195651,0.004908109071343323,0.00048678720098445534,0.0007043678849626126,0.0030664597548431083
11,Aggregated,Vulnerability_scanner,-0.11907406994722866,0.02982614652346418,0.029415685613800688,0.029807473000799313,0.029888522706522314
11,Aggregated,XSS,0.003730646408090174,0.002039786762685074,-0.012111097292907111,0.0024396018994540998,0.0037437553169046033
11,Centralized,Backdoor,-0.25005693903764126,0.03199963464462281,0.036209553400286164,0.12377649640121986,0.053106052389175824
11,Centralized,DDoS_HTTP,-0.08435692923730108,0.022560533018369668,-0.02544847420154268,0.031123100162252868,-0.005272896603562959
11,Centralized,DDoS_ICMP,0.00015567472609371858,-0.00011512581643177514,-1.736598226686851e-05,9.036190810636964e-06,-7.73675701114418e-05
11,Centralized,DDoS_TCP,0.004825397468008063,-0.02262190792700233,0.00650635135756654,0.008468262097073683,0.007921268453235307
11,Centralized,DDoS_UDP,0.0002316308885918846,-0.00017043156194870105,1.0622255891619878e-06,6.4333561745140894e-06,-0.00013304080274698278
11,Centralized,Fingerprinting,0.0,0.0,0.0,0.0,0.0
11,Centralized,MITM,0.0027986633249791225,-0.0071219715956558185,-0.0012740183792815496,0.0027986633249791225,0.0027986633249791225
11,Centralized,Normal,-0.0027280248492797345,0.0005784364012660729,0.00025955375060631353,0.001407035913174028,0.0007422707805716707
11,Centralized,Password,1.202124874984505e-05,6.6446726162161745e-06,2.1677291398453323e-05,-1.8027415811505455e-05,3.4259919232426893e-06
11,Centralized,Port_Scanning,-0.018486900206064177,0.0739476008242567,-0.018486900206064177,-0.018486900206064177,-0.018486900206064177
11,Centralized,Ransomware,-0.04276806676509081,-0.07717878451264791,0.13719412953355356,0.009513227789343355,-0.02676050604515819
11,Centralized,SQL_injection,0.024425327880411792,-0.006106331970102948,-0.006106331970102948,-0.006106331970102948,-0.006106331970102948
11,Centralized,Uploading,-0.00640296283195651,0.004908109071343323,0.00048678720098445534,0.0007043678849626126,0.0030664597548431083
11,Centralized,Vulnerability_scanner,-0.11907406994722866,0.02982614652346418,0.029415685613800688,0.029807473000799313,0.029888522706522314
11,Centralized,XSS,0.003730646408090174,0.002039786762685074,-0.012111097292907111,0.0024396018994540998,0.0037437553169046033
12,0,Backdoor,0.017727609220152627,0.015546201461715203,0.024419700167608045,-0.028973899785204073,-0.024098905020388302
12,0,DDoS_HTTP,0.014808967134657507,0.0044241615686344046,0.013576714933980336,0.020312042400253718,-0.0011744526659439685
12,0,DDoS_ICMP,0.0,0.0,0.0,0.0,0.0
12,0,DDoS_TCP,-0.0010183981673286175,0.0013158302182361599,-0.0006740419438723925,0.0014469597734882156,-0.0027040210734547063
12,0,DDoS_UDP,0.0,0.0,0.0,0.0,0.0
12,0,Fingerprinting,0.0,0.0,0.0,0.0,0.0
12,0,MITM,0.0,0.0,0.0,0.0,0.0
12,0,Normal,-0.0001496985891111339,0.0005274343694157227,-2.354199899646618e-05,-0.00047204037103838287,-4.6180551542133554e-05
12,0,Password,0.0,0.0,0.0,0.0,0.0
12,0,Port_Scanning,0.0,0.0,0.0,0.0,0.0
12,0,Ransomware,0.14486953516826723,-0.06804915353760368,0.21937759802089057,-0.1491497840514892,-0.11286016141203065
12,0,SQL_injection,0.0,0.0,0.0,0.0,0.0
12,0,Uploading,-0.0020493245340884618,-0.002970889146007366,0.0005882003882593345,0.0021611609972263354,0.0022708522946101556
12,0,Vulnerability_scanner,0.0,0.0,0.0,0.0,0.0
12,0,XSS,0.0,0.0,0.0,0.0,0.0
12,1,Backdoor,0.02603512743931406,0.016645064520551957,0.03063406616237314,-0.028650605340950562,-0.02374375685921948
12,1,DDoS_HTTP,0.012631187554535317,0.0013822633847216483,0.015492246437081124,0.02411602883843272,-0.0013134611365876135
12,1,DDoS_ICMP,0.0001429044748473311,0.0002181484742946364,-8.28444627110403e-05,-0.000214508757331483,-6.369972909944418e-05
12,1,DDoS_TCP,-0.001895112884164089,-0.0004472579754285777,-0.0008838055641842424,0.0006906809524988474,-0.0004133291594687986
12,1,DDoS_UDP,0.00020391333035397937,0.0003112324975572437,-0.00011800960791695606,-0.0003058440730268119,-9.12921469674551e-05
12,1,Fingerprinting,0.0,0.0,0.0,0.0,0.0
12,1,MITM,0.0,0.0,0.0,0.0,0.0
12,1,Normal,-0.00011033519412405972,0.0004053044522971191,0.00010707628278591544,-0.0002959223473027387,-9.798127410944694e-05
12,1,Password,4.691959805544349e-05,4.040298721440967e-05,1.43365438502744e-05,-3.127973203696233e-05,7.819933009240582e-06
12,1,Port_Scanning,0.0,0.0,0.0,0.0,0.0
12,1,Ransomware,0.16362087789546187,-0.07750546618862665,0.27533441652127894,-0.14061545939395936,-0.13680075538877684
12,1,SQL_injection,0.0,0.0,0.0,0.0,0.0
12,1,Uploading,-0.0035994114861759205,-0.004477177779950239,0.0012075949457189292,0.003514883027021104,0.003786426078179083
12,1,Vulnerability_scanner,0.00033510507514142676,0.0003928818122347762,0.0002195516009547279,-0.0001848855586987182,-6.933208451201934e-05
12,1,XSS,0.0,0.0,0.0,0.0,0.0
12,2,Backdoor,0.023728700500905236,0.019369463179709057,0.029998637742052716,-0.02389650607739521,-0.02293651004534197
12,2,DDoS_HTTP,0.010318223940572595,0.00472622405981178,0.013878512015606444,0.02368666303899111,-0.003125964115900335
12,2,DDoS_ICMP,1.123336802237862e-05,-4.493347208951448e-05,1.123336802237862e-05,1.123336802237862e-05,1.123336802237862e-05
12,2,DDoS_TCP,-0.002237512486022721,0.00048464601463251155,-0.00031493177377188154,0.001492901687295395,-0.0020584148312050503
12,2,DDoS_UDP,-1.6092690579661006e-05,6.437076231864402e-05,-1.6092690579661006e-05,-1.6092690579661006e-05,-1.6092690579661006e-05
12,2,Fingerprinting,0.0,0.0,0.0,0.0,0.0
12,2,MITM,0.0,0.0,0.0,0.0,0.0
12,2,Normal,-5.689298505691294e-05,0.00044314895600325863,0.0001171339033387712,-0.0002696982672379611,-0.00013305381795529388
12,2,Password,0.0,0.0,0.0,0.0,0.0
12,2,Port_Scanning,0.0,0.0,0.0,0.0,0.0
12,2,Ransomware,0.14377866268958336,-0.056907793522417684,0.22785148996142057,-0.1403861233300446,-0.12348877817142305
12,2,SQL_injection,0.0,0.0,0.0,0.0,0.0
12,2,Uploading,-0.009372280600743466,-0.00999255723899787,0.0007283870024321077,0.005981296065277262,0.009168508170749459
12,2,Vulnerability_scanner,0.0,0.00024101719600799765,-0.00024101719600799765,-0.00024101719600799765,0.00024101719600799765
12,2,XSS,5.387205387205422e-05,-8.080808080808133e-05,-8.080808080808133e-05,5.387205387205422e-05,5.387205387205422e-05
12,3,Backdoor,0.022223234662841772,0.014686151061834133,0.02606099598024986,-0.017238232251927794,-0.028723575743393286
12,3,DDoS_HTTP,0.006296112304922671,0.011815652446691801,0.01620737018358353,0.015326259119115383,0.005869454833489942
12,3,DDoS_ICMP,8.264845040420651e-05,6.39430011962224e-05,6.384168534649403e-05,7.421390173356634e-06,7.826653572270044e-06
12,3,DDoS_TCP,-0.0009262558376797495,0.0004655029005569744,-8.388920942546212e-06,0.0015162427066142089,-0.0015483937701376237
12,3,DDoS_UDP,0.00011798892664776997,9.113321234280139e-05,9.11850406645931e-05,1.0773382715062451e-05,1.0566069427895657e-05
12,3,Fingerprinting,0.0,0.0,0.0,0.0,0.0
12,3,MITM,0.0,0.0,0.0,0.0,0.0
12,3,Normal,-7.77912257912498e-05,0.00040993399864138375,0.00012898091639574708,-0.0002865957470868837,-5.919290187872406e-05
12,3,Password,0.0,0.0,0.0,0.0,0.0
12,3,Port_Scanning,0.0,0.0,0.0,0.0,0.0
12,3,Ransomware,0.14576788061720267,-0.06938633551157983,0.23548537396981573,-0.11607069048729926,-0.128569337831837
12,3,SQL_injection,0.0,0.0,0.0,0.0,0.0
12,3,Uploading,-0.0065829740314174694,-0.007814133745175722,0.0001347924696135594,0.004329926459090702,0.006274678303748044
12,3,Vulnerability_scanner,0.0,0.00012375760108265799,-0.00012375760108265799,-0.00012375760108265799,0.00012375760108265799
12,3,XSS,7.196315486470798e-06,-1.0794473229706197e-05,-1.0794473229706197e-05,7.196315486470798e-06,7.196315486470798e-06
12,4,Backdoor,0.01744799339940598,0.007477296473149722,0.03319256187205454,-0.02980082727590399,-0.026720504667574717
12,4,DDoS_HTTP,0.011123656779938325,0.004244853118353445,0.018142685167049147,0.024509171088911447,0.000761850767499377
12,4,DDoS_ICMP,6.397187550081414e-05,0.00017686342050225086,-1.1289154500143673e-05,-4.891966950062258e-05,4.515661800057469e-05
12,4,DDoS_TCP,-0.0018223753405720226,0.0014481491651805992,-0.0005970673586276639,0.001211232142206122,-0.002688597022926548
12,4,DDoS_UDP,9.10745680620236e-05,0.00025179439405382994,-1.6071982599180633e-05,-6.964525792978274e-05,6.428793039672253e-05
12,4,Fingerprinting,0.0,0.0,0.0,0.0,0.0
12,4,MITM,0.0,0.0,0.0,0.0,0.0
12,4,Normal,-0.00019990374425426689,0.00044416919878172053,6.058488762138992e-05,-0.0004000472021670439,-3.939058858108783e-05
12,4,Password,2.5503867716982742e-05,2.5503867716982742e-05,1.9959548648073448e-05,-2.2177276275637164e-06,-2.2177276275637164e-06
12,4,Port_Scanning,0.0,0.0,0.0,0.0,0.0
12,4,Ransomware,0.19464003839962418,-0.07554206968401164,0.30219809418363247,-0.1847228063558962,-0.16877664637385725
12,4,SQL_injection,0.0,0.0,0.0,0.0,0.0
12,4,Uploading,-0.006047700035170369,-0.006047700035170372,0.000612638967759394,0.0049717079316132975,0.006511053170968057
12,4,Vulnerability_scanner,0.00023576280501619122,0.00023576280501619122,0.0001845100213170192,-2.05011134796688e-05,-2.05011134796688e-05
12,4,XSS,0.0,0.0,0.0,0.0,0.0
12,Aggregated,Backdoor,0.021364666019438584,0.014706316027824174,0.028895223167477235,-0.025795733405942448,-0.025208033085405528
12,Aggregated,DDoS_HTTP,0.011073192094756693,0.005315963208272391,0.015496752766524515,0.021636190360449222,0.00021294770450095424
12,Aggregated,DDoS_ICMP,6.0146962482698904e-05,8.279550940658946e-05,-3.8025032194521914e-06,-4.894384078845127e-05,9.671015025099668e-08
12,Aggregated,DDoS_TCP,-0.0015809544953144516,0.0006529793182590652,-0.0004956251948333434,0.0012733019701817543,-0.0018821641269989493
12,Aggregated,DDoS_UDP,7.938494678708108e-05,0.00014374257868735954,-1.1793838706003479e-05,-7.61542378987327e-05,-6.479372998413613e-06
12,Aggregated,Fingerprinting,0.0,0.0,0.0,0.0,0.0
12,Aggregated,MITM,0.0,0.0,0.0,0.0,0.0
12,Aggregated,Normal,-0.00012153582002905431,0.00044714855444576244,7.74886173871799e-05,-0.000348085323987718,-7.330823462199562e-05
12,Aggregated,Password,1.2672636569146731e-05,1.1598468027099879e-05,6.228263373617149e-06,-5.5850383618921e-06,8.580587201344192e-07
12,Aggregated,Port_Scanning,0.0,0.0,0.0,0.0,0.0
12,Aggregated,Ransomware,0.1591942307530738,-0.06973386506635665,0.2529647784035005,-0.14671522851674232,-0.1347962099897189
12,Aggregated,SQL_injection,0.0,0.0,0.0,0.0,0.0
12,Aggregated,Uploading,-0.00551178410112679,-0.0062339913649349255,0.0006574788354230638,0.004193994369761324,0.00558456796897813
12,Aggregated,Vulnerability_scanner,0.00011805957477904842,0.00019508141557192938,1.833597881181389e-05,-0.00010652938400275332,4.750613067546946e-05
12,Aggregated,XSS,1.0487127051544051e-05,-1.5730690577316075e-05,-1.5730690577316075e-05,1.0487127051544051e-05,1.0487127051544051e-05
12,Centralized,Backdoor,0.021364666019438584,0.014706316027824174,0.028895223167477235,-0.025795733405942448,-0.025208033085405528
12,Centralized,DDoS_HTTP,0.011073192094756693,0.005315963208272391,0.015496752766524515,0.021636190360449222,0.00021294770450095424
12,Centralized,DDoS_ICMP,6.0146962482698904e-05,8.279550940658946e-05,-3.8025032194521914e-06,-4.894384078845127e-05,9.671015025099668e-08
12,Centralized,DDoS_TCP,-0.0015809544953144516,0.0006529793182590652,-0.0004956251948333434,0.0012733019701817543,-0.0018821641269989493
12,Centralized,DDoS_UDP,7.938494678708108e-05,0.00014374257868735954,-1.1793838706003479e-05,-7.61542378987327e-05,-6.479372998413613e-06
12,Centralized,Fingerprinting,0.0,0.0,0.0,0.0,0.0
12,Centralized,MITM,0.0,0.0,0.0,0.0,0.0
12,Centralized,Normal,-0.00012153582002905431,0.00044714855444576244,7.74886173871799e-05,-0.000348085323987718,-7.330823462199562e-05
12,Centralized,Password,1.2672636569146731e-05,1.1598468027099879e-05,6.228263373617149e-06,-5.5850383618921e-06,8.580587201344192e-07
12,Centralized,Port_Scanning,0.0,0.0,0.0,0.0,0.0
12,Centralized,Ransomware,0.1591942307530738,-0.06973386506635665,0.2529647784035005,-0.14671522851674232,-0.1347962099897189
12,Centralized,SQL_injection,0.0,0.0,0.0,0.0,0.0
12,Centralized,Uploading,-0.00551178410112679,-0.0062339913649349255,0.0006574788354230638,0.004193994369761324,0.00558456796897813
12,Centralized,Vulnerability_scanner,0.00011805957477904842,0.00019508141557192938,1.833597881181389e-05,-0.00010652938400275332,4.750613067546946e-05
12,Centralized,XSS,1.0487127051544051e-05,-1.5730690577316075e-05,-1.5730690577316075e-05,1.0487127051544051e-05,1.0487127051544051e-05
13,0,Backdoor,-0.06055399575633056,0.0363262856660071,-0.02468025483561019,0.03545215801331283,0.03453132977352238
13,0,DDoS_HTTP,0.02532174223643329,-0.029426926994802673,-0.010070945200567815,0.015051760575824719,0.00520922063884041
13,0,DDoS_ICMP,2.3820863937484837e-07,2.3820863937484837e-07,2.3820863937484837e-07,5.5796816989506225e-05,-5.651144290763077e-05
13,0,DDoS_TCP,-0.003934300399171474,0.000784840377574723,0.0002261325058106445,0.0012316586725005167,-6.312946093950203e-05
13,0,DDoS_UDP,1.61030595813183e-05,1.61030595813183e-05,1.61030595813183e-05,-6.44122383252732e-05,1.61030595813183e-05
13,0,Fingerprinting,-0.014999999999999998,-0.014999999999999998,-0.014999999999999998,0.05999999999999999,-0.014999999999999998
13,0,MITM,-0.02272727272727274,0.007575757575757579,0.007575757575757579,0.007575757575757579,0.0
13,0,Normal,8.669782794808641e-07,0.0003138223607184076,-0.00042999677085310274,0.00030604883710944796,0.0002902764153295064
13,0,Password,0.0,0.0,0.0,0.0,0.0
13,0,Port_Scanning,0.0,0.0,0.0,0.0,0.0
13,0,Ransomware,-0.2931628848831906,0.07797884539430364,-0.004764198096080228,0.09150850107044775,0.09425170232648523
13,0,SQL_injection,0.0,0.0,0.0,0.0,0.0
13,0,Uploading,0.0016633080339341253,0.0032537518278273688,4.758904233434016e-05,-0.0007977320748234845,-0.004166916829272353
13,0,Vulnerability_scanner,0.0,0.0,0.0,0.0,0.0
13,0,XSS,0.0,0.0,0.0,0.0,0.0
13,1,Backdoor,-0.06546446196489349,0.0298719080797877,-0.03306793970118502,0.037669510969706235,0.03365393444589761
13,1,DDoS_HTTP,0.019821546742932128,-0.027760148173130442,-0.010538557904271988,0.012391465427527086,0.0033749321828987137
13,1,DDoS_ICMP,-8.598156602833326e-05,2.6985840267895743e-05,0.00012103660477291352,-0.00016251109438150113,0.00010047021536902512
13,1,DDoS_TCP,-0.0028924337696059252,0.002806778485023753,-0.0009138335897089511,0.0004851701528062376,-0.0009434034178660289
13,1,DDoS_UDP,-1.0769896358333217e-05,0.000177030005412665,0.0003111876052514599,-0.0004934989689135602,1.605125460776846e-05
13,1,Fingerprinting,-0.015789473684210527,-0.015789473684210527,-0.015789473684210527,0.06315789473684211,-0.015789473684210527
13,1,MITM,-0.039999999999999994,0.009999999999999998,0.009999999999999998,0.009999999999999998,0.009999999999999998
13,1,Normal,-1.3778389656536142e-05,0.00022856152463209822,-0.0004976895121879043,0.0002995947313631638,0.00025064882941459773
13,1,Password,1.9549832523101454e-05,6.516610841033818e-06,-1.9549832523101454e-05,6.516610841033818e-06,-1.3033221682067636e-05
13,1,Port_Scanning,0.0,0.0,0.0,0.0,0.0
13,1,Ransomware,-0.34660720981992565,0.08515045332549571,-0.012174385665155411,0.09139734979216715,0.09820017892204032
13,1,SQL_injection,0.0,0.0,0.0,0.0,0.0
13,1,Uploading,0.004361536760995849,0.0028917176479370077,-0.00026780262289603833,-0.002354541330918167,-0.00484748513977845
13,1,Vulnerability_scanner,6.933208451201934e-05,0.00012710882160536877,-0.00010399812676802899,0.00012710882160536877,-0.0002195516009547279
13,1,XSS,0.0,0.0,0.0,0.0,0.0
13,2,Backdoor,-0.06256032629028023,0.02951271054833671,-0.04201581517193391,0.03715107735636082,0.03337984902501205
13,2,DDoS_HTTP,0.01405302544309636,-0.02442307690299504,-0.008549348213868236,0.007199162495697962,0.002480391478046301
13,2,DDoS_ICMP,1.9027059106966706e-05,7.548137361454618e-05,1.931453350265307e-05,3.689412693839711e-05,-0.00015071709316256306
13,2,DDoS_TCP,-0.004297867283920607,0.003511049636945664,-0.0013351466087142513,0.0009768458653748998,-0.0016342948195514498
13,2,DDoS_UDP,-3.216467317884164e-05,-0.00011261076121114785,-3.225084821524467e-05,-0.0003803049208973045,0.0005573312035025387
13,2,Fingerprinting,-0.019047619047619046,-0.019047619047619046,-0.019047619047619046,0.07619047619047618,-0.019047619047619046
13,2,MITM,-0.021818181818181803,0.005454545454545451,0.005454545454545451,0.005454545454545451,0.005454545454545451
13,2,Normal,-3.281888397236865e-05,0.00025604696557983696,-0.0005706041397027443,0.00027805728391135375,0.00024211662899409163
13,2,Password,0.0,0.0,0.0,0.0,0.0
13,2,Port_Scanning,0.0,0.0,0.0,0.0,0.0
13,2,Ransomware,-0.29802904791755824,0.07599615920387252,0.0010197794986569679,0.0817926320571322,0.08837301953077795
13,2,SQL_injection,0.0,0.0,0.0,0.0,0.0
13,2,Uploading,0.009305946884819767,0.01123097492446651,-0.0005075432788752577,-0.004820337382587938,-0.01150918791886026
13,2,Vulnerability_scanner,-3.213562613439969e-05,-0.0001124746914703989,-3.213562613439969e-05,-0.0001124746914703989,-0.0006748481488223935
13,2,XSS,0.0001481481481481491,0.00021548821548821688,0.0001481481481481491,0.00021548821548821688,8.080808080808133e-05
13,3,Backdoor,-0.058462117405885264,0.030447525287133095,-0.03577666455734897,0.03506927589234561,0.03267196353232477
13,3,DDoS_HTTP,0.013284571943904444,-0.025819359100112127,-0.00568577014972038,0.00954903148869108,0.005772673207401718
13,3,DDoS_ICMP,1.914478968135606e-05,3.796002434729625e-05,1.958377188875556e-05,-0.0001326865347409112,5.599794882350332e-05
13,3,DDoS_TCP,-0.003163801939192986,0.002700773475116195,-0.0015781807578138796,0.0010679333376950966,-0.0009675593319783682
13,3,DDoS_UDP,2.66727985357836e-05,-2.6969403363188058e-05,-5.4066927591084334e-05,-0.00018663676397785803,0.00024100029639634684
13,3,Fingerprinting,0.0,0.0,0.0,0.0,0.0
13,3,MITM,-0.026666666666666682,0.017777777777777788,0.017777777777777788,-0.026666666666666682,0.017777777777777788
13,3,Normal,4.2693087386347364e-05,0.0002146573766333315,-0.0004313645639614894,0.0003061069779858298,0.00025755905399996913
13,3,Password,0.0,0.0,0.0,0.0,0.0
13,3,Port_Scanning,0.0,0.0,0.0,0.0,0.0
13,3,Ransomware,-0.2822644456051168,0.0703166293221939,-0.007503755346421539,0.07488568966670477,0.07733899120633694
13,3,SQL_injection,0.0,0.0,0.0,0.0,0.0
13,3,Uploading,0.008820816614170023,0.008063529746333762,-0.0014531650320367385,-0.001761553189931475,-0.010011917594394671
13,3,Vulnerability_scanner,-1.6501013477687733e-05,-5.775354717190706e-05,-1.6501013477687733e-05,-5.775354717190706e-05,-0.0003465212830314424
13,3,XSS,1.9789867587794697e-05,2.8785261945883193e-05,1.9789867587794697e-05,2.8785261945883193e-05,1.0794473229706197e-05
13,4,Backdoor,-0.07868740686908346,0.03430602435190001,-0.017832375475506305,0.0339557845067211,0.035851181331741366
13,4,DDoS_HTTP,0.018976024623688508,-0.029291436589659617,-0.010333979898089615,0.01165422614308022,0.007181002471839689
13,4,DDoS_ICMP,-7.119496631182535e-05,2.288979843988459e-05,-1.4436495184781221e-05,-0.0001283850614367458,-3.465636550940565e-05
13,4,DDoS_TCP,-0.003218912276392272,0.0021656767792973893,-0.0008696333652380354,0.00031440976825847976,-0.0008498778124229999
13,4,DDoS_UDP,-9.645948624624756e-05,-4.290344258992736e-05,0.00014465476602080752,-0.00039104357386743154,6.431208469918625e-05
13,4,Fingerprinting,-0.01111111111111111,-0.01111111111111111,-0.01111111111111111,0.04444444444444444,-0.01111111111111111
13,4,MITM,0.0,0.0,0.0,0.0,0.0
13,4,Normal,7.35750469589939e-05,0.0002616259636620266,-0.00033821354054074565,0.00023443420102454518,0.000228002125448018
13,4,Password,5.544319068909291e-06,5.544319068909291e-06,-1.6632957206727875e-05,5.544319068909291e-06,0.0
13,4,Port_Scanning,0.0,0.0,0.0,0.0,0.0
13,4,Ransomware,-0.3940585147209562,0.10082244841429086,-0.002440134514366475,0.11199269236366885,0.11588689828787167
13,4,SQL_injection,0.0,0.0,0.0,0.0,0.0
13,4,Uploading,0.008322926136186515,0.0068725434593178755,-0.0020666862575880315,-0.004672126528090503,-0.008456656809825859
13,4,Vulnerability_scanner,8.20044539186752e-05,8.20044539186752e-05,-0.00012300668087801282,8.20044539186752e-05,-0.00012300668087801282
13,4,XSS,0.0,0.0,0.0,0.0,0.0
13,Aggregated,Backdoor,-0.0652755650494356,0.03211718779438266,-0.030440350971001343,0.035816701885931,0.03401500827737955
13,Aggregated,DDoS_HTTP,0.018355490075928606,-0.02740787132089628,-0.009061533057217993,0.011207566590809336,0.004809645767573113
13,Aggregated,DDoS_ICMP,-2.374166124618308e-05,3.271044550126427e-05,2.9148746978002737e-05,-6.617791526568976e-05,-1.708400209330015e-05
13,Aggregated,DDoS_TCP,-0.0035006874007017224,0.002396775887938816,-0.000898027147770697,0.0008146356410833259,-0.0008941525816183719
13,Aggregated,DDoS_UDP,-1.9340351149886117e-05,2.0944790680321736e-06,7.713979960896436e-05,-0.00030329448192489096,0.0001790463728666129
13,Aggregated,Fingerprinting,-0.01263157894736842,-0.01263157894736842,-0.01263157894736842,0.05052631578947368,-0.01263157894736842
13,Aggregated,MITM,-0.021982429335370528,0.007524828113063418,0.007524828113063418,0.0010313216195569038,0.00590145148968679
13,Aggregated,Normal,1.4551754721594164e-05,0.0002562116195847804,-0.00044997040150100974,0.00028359489808485645,0.0002536452428941294
13,Aggregated,Password,4.2960361114358775e-06,2.147699027342173e-06,-6.443097082026519e-06,2.147699027342173e-06,-2.1483370840937044e-06
13,Aggregated,Port_Scanning,0.0,0.0,0.0,0.0,0.0
13,Aggregated,Ransomware,-0.32388028575173633,0.0823696315209765,-0.00512481802423396,0.09058259539333567,0.09513917127790186
13,Aggregated,SQL_injection,0.0,0.0,0.0,0.0,0.0
13,Aggregated,Uploading,0.006449453368177652,0.006444252985809076,-0.000844190912234793,-0.002875902565875434,-0.007769881991651226
13,Aggregated,Vulnerability_scanner,2.3027756046430554e-05,1.2490700424677704e-05,-5.643646032068942e-05,1.2490700424677704e-05,-0.0002542616309727223
13,Aggregated,XSS,2.883959939174614e-05,4.1948508206176203e-05,2.883959939174614e-05,4.1948508206176203e-05,1.5730690577316075e-05
13,Centralized,Backdoor,-0.0652755650494356,0.03211718779438266,-0.030440350971001343,0.035816701885931,0.03401500827737955
13,Centralized,DDoS_HTTP,0.018355490075928606,-0.02740787132089628,-0.009061533057217993,0.011207566590809336,0.004809645767573113
13,Centralized,DDoS_ICMP,-2.374166124618308e-05,3.271044550126427e-05,2.9148746978002737e-05,-6.617791526568976e-05,-1.708400209330015e-05
13,Centralized,DDoS_TCP,-0.0035006874007017224,0.002396775887938816,-0.000898027147770697,0.0008146356410833259,-0.0008941525816183719
13,Centralized,DDoS_UDP,-1.9340351149886117e-05,2.0944790680321736e-06,7.713979960896436e-05,-0.00030329448192489096,0.0001790463728666129
13,Centralized,Fingerprinting,-0.01263157894736842,-0.01263157894736842,-0.01263157894736842,0.05052631578947368,-0.01263157894736842
13,Centralized,MITM,-0.021982429335370528,0.007524828113063418,0.007524828113063418,0.0010313216195569038,0.00590145148968679
13,Centralized,Normal,1.4551754721594164e-05,0.0002562116195847804,-0.00044997040150100974,0.00028359489808485645,0.0002536452428941294
13,Centralized,Password,4.2960361114358775e-06,2.147699027342173e-06,-6.443097082026519e-06,2.147699027342173e-06,-2.1483370840937044e-06
13,Centralized,Port_Scanning,0.0,0.0,0.0,0.0,0.0
13,Centralized,Ransomware,-0.32388028575173633,0.0823696315209765,-0.00512481802423396,0.09058259539333567,0.09513917127790186
13,Centralized,SQL_injection,0.0,0.0,0.0,0.0,0.0
13,Centralized,Uploading,0.006449453368177652,0.006444252985809076,-0.000844190912234793,-0.002875902565875434,-0.007769881991651226
13,Centralized,Vulnerability_scanner,2.3027756046430554e-05,1.2490700424677704e-05,-5.643646032068942e-05,1.2490700424677704e-05,-0.0002542616309727223
13,Centralized,XSS,2.883959939174614e-05,4.1948508206176203e-05,2.883959939174614e-05,4.1948508206176203e-05,1.5730690577316075e-05
14,0,Backdoor,0.010723284268227532,0.018116278694651586,0.01868836285425563,-2.220164444865132e-05,-0.01658965404092975
14,0,DDoS_HTTP,-0.02363756519659837,0.01790819701638525,-0.0012504795479118124,0.009995381274705213,-0.023737107596130715
14,0,DDoS_ICMP,0.00015367408151094423,-0.00011704620623234074,0.00017237111431884223,0.00020953668840555199,-0.0004185356780029977
14,0,DDoS_TCP,0.0016475703811985117,0.0035637877166678285,0.001434870753978142,-0.007774071447258975,0.0009320511372376624
14,0,DDoS_UDP,7.513728247711866e-05,-0.00016623582789983735,0.00010199301349012035,0.00010199301349012035,-0.00011288748155752204
14,0,Fingerprinting,-0.09392446983910398,0.13259376125229783,-0.09392446983910396,-0.059202247616881754,0.1144574260427919
14,0,MITM,0.0,0.0,0.0,0.0,0.0
14,0,Normal,3.202393134150346e-05,0.0003106921206495731,0.00011594167093690507,0.00028569837983847456,-0.00069905457535601
14,0,Password,0.0,0.0,0.0,0.0,0.0
14,0,Port_Scanning,-0.014315352697095435,-0.014315352697095435,-0.014315352697095435,0.05726141078838174,-0.014315352697095435
14,0,Ransomware,0.07593824767404435,0.10143049368198069,0.10481502794486548,-0.018671989277220725,0.12642532689456915
14,0,SQL_injection,0.0,0.0,0.0,0.0,0.0
14,0,Uploading,-0.0020045936271326373,0.0025557781730351234,-0.001105913808146875,-0.0011059138081468748,-0.0020045936271326373
14,0,Vulnerability_scanner,-0.15058648693114543,0.03764662173278636,0.03764662173278636,0.03764662173278636,0.03764662173278636
14,0,XSS,0.0,0.0,0.0,0.0,0.0
14,1,Backdoor,0.01233047263942731,0.01910098311664043,0.01856823938047388,0.0026976405054840243,-0.005535455327570301
14,1,DDoS_HTTP,-0.019524774912742827,0.017192988155983534,-9.292089981825883e-05,0.009151640958005225,-0.019496047738373903
14,1,DDoS_ICMP,0.0003965812524755752,-0.0005756148316361417,0.0003205685037685757,0.0005083905622150035,-0.0006499254868230128
14,1,DDoS_TCP,0.00235539504634553,0.003846541591923066,0.0010741463051434548,-0.00830526799617217,0.0008495632351617766
14,1,DDoS_UDP,0.0002519911848148981,-0.0003910089512046633,9.123710138236504e-05,0.0003326275268018412,-0.0002848468617944411
14,1,Fingerprinting,-0.0707970732970733,0.1071911421911422,-0.0707970732970733,-0.036074851074851075,0.07047785547785548
14,1,MITM,0.0,0.0,0.0,0.0,0.0
14,1,Normal,-6.240815918808392e-06,0.0002577555098404146,0.00011951165991165672,0.0001788120516549178,-0.000531308044742675
14,1,Password,2.6066443364135272e-05,-2.6066443364135272e-05,0.0,0.0,0.0
14,1,Port_Scanning,-0.01175213675213675,-0.01175213675213675,-0.01175213675213675,0.047008547008547,-0.01175213675213675
14,1,Ransomware,0.0893816910000285,0.1193022459935045,0.11748857897482153,-0.01804344621164852,0.13490890492683827
14,1,SQL_injection,0.0,0.0,0.0,0.0,0.0
14,1,Uploading,-0.0004932898829819495,0.001319059145393695,0.0003993670114682551,0.00038131912107993853,-0.0013898807103001408
14,1,Vulnerability_scanner,-0.15572680624056076,0.03880170390168014,0.039148364324240244,0.038743927164586786,0.03903281085005353
14,1,XSS,0.0,0.0,0.0,0.0,0.0
14,2,Backdoor,0.011557984324129333,0.023521787529621075,0.017463196197612777,0.005730966358399459,-0.006640724735887447
14,2,DDoS_HTTP,-0.01559895517190013,0.012780149812502025,0.0041467587438272745,0.008711593524058635,-0.01611694776849737
14,2,DDoS_ICMP,0.00019047382027994423,-0.00019084474849846987,0.0001149167529308511,0.0001709558723699563,-0.0002855016970822818
14,2,DDoS_TCP,0.003162377227185022,0.005504237769159267,0.0014335205303991053,-0.009780786828701753,3.05992089919734e-06
14,2,DDoS_UDP,0.0002573311440889163,-0.00027871212893401665,-1.07250140558753e-05,4.2848261274726816e-05,-1.0742262373751124e-05
14,2,Fingerprinting,-0.08380550193050193,0.11863980051480053,-0.08380550193050194,-0.0504721685971686,0.09944337194337195
14,2,MITM,0.0,0.0,0.0,0.0,0.0
14,2,Normal,1.696192800945129e-05,0.0002517695249584543,0.00017201126852045,0.00020011769022393693,-0.0005503687337380344
14,2,Password,0.0,0.0,0.0,0.0,0.0
14,2,Port_Scanning,-0.01165644171779141,-0.01165644171779141,-0.01165644171779141,0.04662576687116564,-0.01165644171779141
14,2,Ransomware,0.07657090806502018,0.10091399894918308,0.09999571223833123,-0.015531849973594572,0.12314439842292343
14,2,SQL_injection,0.0,0.0,0.0,0.0,0.0
14,2,Uploading,-0.002240769225229199,0.003792575421880986,-0.001041149793028745,-0.001041149793028745,-0.0031693598395571205
14,2,Vulnerability_scanner,-0.14484795360975675,0.03655342943011718,0.036473090364781184,0.036232073168773186,0.03655342943011718
14,2,XSS,-0.0001750841750841762,0.00016161616161616265,-0.00010774410774410844,-0.00010774410774410844,0.00022895622895623043
14,3,Backdoor,0.012974599110524421,0.018114042358067604,0.014810246562351666,0.004576801444968743,-0.009967484909151577
14,3,DDoS_HTTP,-0.014179523051898561,0.011975839135896041,0.004229231177861061,0.00888597726429837,-0.018968139563045057
14,3,DDoS_ICMP,0.0003511616952773855,-0.0005056560480647158,0.00033127419916296195,0.00046266730510847174,-0.000865128332176653
14,3,DDoS_TCP,0.002623301561244031,0.0037089005048186316,0.000348162133542342,-0.006939647397270484,7.329044186703179e-05
14,3,DDoS_UDP,0.0001442059622308515,-0.0005243216151030073,0.00011805853516551982,0.00033240331471698543,-0.0003919928288084721
14,3,Fingerprinting,-0.07062052496156915,0.11487829539569411,-0.07062052496156913,-0.048881394526786526,0.07524414905423069
14,3,MITM,0.004444444444444447,-0.05111111111111114,0.026666666666666675,0.015555555555555564,0.004444444444444447
14,3,Normal,2.404803566430358e-05,0.00020484897727664672,0.00014934509939240614,0.00019192436622130402,-0.0006257679046663781
14,3,Password,0.0,0.0,0.0,0.0,0.0
14,3,Port_Scanning,-0.012526096033402923,-0.012526096033402923,-0.012526096033402923,0.05010438413361169,-0.012526096033402923
14,3,Ransomware,0.0669502512313238,0.09770200148722706,0.09109566824079426,-0.014419197129346632,0.11669596752802595
14,3,SQL_injection,0.0,0.0,0.0,0.0,0.0
14,3,Uploading,-0.0032943335369230993,0.00401881168624366,-0.0023798990187134336,-0.0023798990187134336,-0.003294333536923099
14,3,Vulnerability_scanner,-0.1494166125150725,0.037529476396968554,0.037488223863274335,0.03736446626219168,0.037529476396968554
14,3,XSS,-2.3388025331030093e-05,2.1588946459412393e-05,-1.4392630972941597e-05,-1.4392630972941597e-05,3.0584340817500893e-05
14,4,Backdoor,0.017065822472177018,0.020626778894449593,0.019190588221108418,-0.0038147267706405744,-0.006563998086503227
14,4,DDoS_HTTP,-0.022403733358097214,0.01886421080090348,0.004746980175296464,0.011627356644018075,-0.02010666009898905
14,4,DDoS_ICMP,0.00014609389875624434,-8.623901173667921e-05,0.00016404720131670824,0.00031432399788087947,-0.0005382260862171528
14,4,DDoS_TCP,0.004314353258472788,0.005331730847981744,0.002758526918876723,-0.014615906198310522,0.002211295172979268
14,4,DDoS_UDP,9.068787880626335e-05,-0.00014954627527140053,0.00011813060283109207,0.00025204655948331544,-0.00031131876584927033
14,4,Fingerprinting,-0.06725453480444406,0.11038400599199147,-0.06725453480444406,-0.04093874533075985,0.0650638089476565
14,4,MITM,0.0,0.0,0.0,0.0,0.0
14,4,Normal,-4.168045549893436e-05,0.00020154078525075152,0.00011201732388412267,0.00015618964209558882,-0.00042806729573152864
14,4,Password,5.544319068909291e-06,-1.6632957206727875e-05,5.544319068909291e-06,0.0,5.544319068909291e-06
14,4,Port_Scanning,-0.01002044989775051,-0.01002044989775051,-0.01002044989775051,0.04008179959100204,-0.01002044989775051
14,4,Ransomware,0.09974532675263993,0.13238268588094798,0.13061176692060208,-0.01595923944324857,0.16484736686580262
14,4,SQL_injection,0.04290822407628128,-0.01072705601907032,-0.01072705601907032,-0.01072705601907032,-0.01072705601907032
14,4,Uploading,-0.0007494486136057969,0.0024197940043408695,-0.00046044838856463773,-0.00046044838856463773,-0.0007494486136057969
14,4,Vulnerability_scanner,-0.11342643401274446,0.028254102935787773,0.02845911407058446,0.028254102935787773,0.02845911407058446
14,4,XSS,0.0,0.0,0.0,0.0,0.0
14,Aggregated,Backdoor,0.012935670178370969,0.019914464694204433,0.017787400347703555,0.0018058072906179973,-0.00909661840022108
14,Aggregated,DDoS_HTTP,-0.019113377484962734,0.015785964051233257,0.0023485782861174336,0.009693343026586062,-0.019732258176315486
14,Aggregated,DDoS_ICMP,0.0002474838501943744,-0.00029490238157145097,0.00022054278128787094,0.0003330722998968231,-0.0005513450017133474
14,Aggregated,DDoS_TCP,0.0028210954474013764,0.004390898521194866,0.0014064320408483434,-0.009474760906493183,0.0008110044242925829
14,Aggregated,DDoS_UDP,0.0001639375556649225,-0.0003020461704334935,8.372429500513681e-05,0.00021240297029428794,-0.00022236454487097694
14,Aggregated,Fingerprinting,-0.07756251642783987,0.11672467393570256,-0.07756251642783987,-0.047127733819144216,0.08552809273912136
14,Aggregated,MITM,0.0006493506493506514,-0.007467532467532492,0.0038961038961039087,0.00227272727272728,0.0006493506493506514
14,Aggregated,Normal,4.7612069325631e-06,0.0002442410668548963,0.00013387916294489062,0.00020210284474394917,-0.0005663814370122107
14,Aggregated,Password,5.370459876183342e-06,-7.51764845812429e-06,1.0737857079959334e-06,-3.8283405091876777e-10,1.0737857079959334e-06
14,Aggregated,Port_Scanning,-0.012048192771084338,-0.012048192771084338,-0.012048192771084338,0.04819277108433735,-0.012048192771084338
14,Aggregated,Ransomware,0.08187991498053042,0.11078309999184471,0.10905175993707579,-0.016618361609189922,0.13362279852239894
14,Aggregated,SQL_injection,0.02418704649287826,-0.006046761623219565,-0.006046761623219565,-0.006046761623219565,-0.006046761623219565
14,Aggregated,Uploading,-0.0017409029494488556,0.0028090713495606944,-0.0009101021633793898,-0.0009139357807987097,-0.002100888128436807
14,Aggregated,Vulnerability_scanner,-0.1411567879758481,0.03533398392192019,0.03542561301819777,0.03523507814292907,0.03542480182719868
14,Aggregated,XSS,-3.4083162917518166e-05,3.146138115463215e-05,-2.0974254103088102e-05,-2.0974254103088102e-05,4.457028996906221e-05
14,Centralized,Backdoor,0.012935670178370969,0.019914464694204433,0.017787400347703555,0.0018058072906179973,-0.00909661840022108
14,Centralized,DDoS_HTTP,-0.019113377484962734,0.015785964051233257,0.0023485782861174336,0.009693343026586062,-0.019732258176315486
14,Centralized,DDoS_ICMP,0.0002474838501943744,-0.00029490238157145097,0.00022054278128787094,0.0003330722998968231,-0.0005513450017133474
14,Centralized,DDoS_TCP,0.0028210954474013764,0.004390898521194866,0.0014064320408483434,-0.009474760906493183,0.0008110044242925829
14,Centralized,DDoS_UDP,0.0001639375556649225,-0.0003020461704334935,8.372429500513681e-05,0.00021240297029428794,-0.00022236454487097694
14,Centralized,Fingerprinting,-0.07756251642783987,0.11672467393570256,-0.07756251642783987,-0.047127733819144216,0.08552809273912136
14,Centralized,MITM,0.0006493506493506514,-0.007467532467532492,0.0038961038961039087,0.00227272727272728,0.0006493506493506514
14,Centralized,Normal,4.7612069325631e-06,0.0002442410668548963,0.00013387916294489062,0.00020210284474394917,-0.0005663814370122107
14,Centralized,Password,5.370459876183342e-06,-7.51764845812429e-06,1.0737857079959334e-06,-3.8283405091876777e-10,1.0737857079959334e-06
14,Centralized,Port_Scanning,-0.012048192771084338,-0.012048192771084338,-0.012048192771084338,0.04819277108433735,-0.012048192771084338
14,Centralized,Ransomware,0.08187991498053042,0.11078309999184471,0.10905175993707579,-0.016618361609189922,0.13362279852239894
14,Centralized,SQL_injection,0.02418704649287826,-0.006046761623219565,-0.006046761623219565,-0.006046761623219565,-0.006046761623219565
14,Centralized,Uploading,-0.0017409029494488556,0.0028090713495606944,-0.0009101021633793898,-0.0009139357807987097,-0.002100888128436807
14,Centralized,Vulnerability_scanner,-0.1411567879758481,0.03533398392192019,0.03542561301819777,0.03523507814292907,0.03542480182719868
14,Centralized,XSS,-3.4083162917518166e-05,3.146138115463215e-05,-2.0974254103088102e-05,-2.0974254103088102e-05,4.457028996906221e-05
15,0,Backdoor,-0.009517196491469593,0.002391571115206844,-0.002438090908493229,0.010212016892589576,0.00601236208119794
15,0,DDoS_HTTP,-0.033925364091653726,0.004611276205629864,0.00939663638369423,0.03600199903531173,0.02355859321880021
15,0,DDoS_ICMP,0.0,0.0,0.0,0.0,0.0
15,0,DDoS_TCP,0.001611586600546109,0.0011106409854408806,4.443749887902045e-06,0.0005625762637724463,0.00029501335568592467
15,0,DDoS_UDP,0.0,0.0,0.0,0.0,0.0
15,0,Fingerprinting,0.0,0.0,0.0,0.0,0.0
15,0,MITM,0.0,0.0,0.0,0.0,0.0
15,0,Normal,0.00031123356982348436,0.0001680634932963591,7.524881841466565e-05,-0.00013268320444855818,-6.330619098311637e-05
15,0,Password,0.0,0.0,0.0,0.0,0.0
15,0,Port_Scanning,0.0,0.0,0.0,0.0,0.0
15,0,Ransomware,0.012914820395237002,0.021131559702583243,0.01630943322930305,-0.06802750727700349,0.025170484467538543
15,0,SQL_injection,0.0,0.0,0.0,0.0,0.0
15,0,Uploading,0.0022357690241727062,0.0010922491004180617,-0.00011186711002802649,0.002639030034342018,-0.0021899443513808594
15,0,Vulnerability_scanner,-0.005722976596867069,0.0014307441492167673,0.0014307441492167673,0.0014307441492167673,0.0014307441492167673
15,0,XSS,0.0,0.0,0.0,0.0,0.0
15,1,Backdoor,-0.01083045352726956,-0.0007512102524745342,-0.0033251660055392818,0.006018678039198366,0.003592577766579147
15,1,DDoS_HTTP,-0.030351793057361208,-0.0031068823392169293,0.009111279903747374,0.03235703966470932,0.0236667257151956
15,1,DDoS_ICMP,0.00020685087871911886,0.00016923734860369393,0.00013160687927181355,-5.649464973822201e-05,2.635398274275502e-07
15,1,DDoS_TCP,0.0029476028463242543,0.0015463550661074892,-0.0010558821297132759,0.0031376383337981075,-0.0006737560551361895
15,1,DDoS_UDP,0.0002951570953280728,0.0002414802300570118,0.00018783792812480845,-8.047727155278129e-05,-8.297873752560747e-08
15,1,Fingerprinting,0.0,0.0,0.0,0.0,0.0
15,1,MITM,0.0,0.0,0.0,0.0,0.0
15,1,Normal,0.0002452942978862153,9.201486450458226e-05,0.00013024918552075697,3.400511636712326e-06,2.2961706359090708e-05
15,1,Password,2.3459799027721744e-05,-2.2156476859514982e-05,-2.606644336413527e-06,3.909966504620291e-06,-2.606644336413527e-06
15,1,Port_Scanning,0.0,0.0,0.0,0.0,0.0
15,1,Ransomware,0.01593430123745825,0.023027166273169773,0.019410032641500367,-0.08004210584664581,0.02449250362243814
15,1,SQL_injection,0.0,0.0,0.0,0.0,0.0
15,1,Uploading,0.0024021074426625036,0.0005383004085290102,-5.1204448665110916e-05,0.002580492161429113,-0.002270766833111892
15,1,Vulnerability_scanner,-0.008193044160785059,0.002062705224469602,0.0021204819615629517,0.002062705224469602,0.0019471517502829031
15,1,XSS,0.0,0.0,0.0,0.0,0.0
15,2,Backdoor,-0.006462670784751229,0.0006802019210315498,-0.0018180469358470637,0.00640190627029445,0.004895467200251896
15,2,DDoS_HTTP,-0.024643939143058274,0.00032983008025317117,0.0008434198247450693,0.027940215731077054,0.0228180056990751
15,2,DDoS_ICMP,-0.0001123336802237862,0.0,0.0,0.0001123336802237862,0.0
15,2,DDoS_TCP,0.002736659190448539,0.0011226138569844963,-0.0010369723234106194,0.002811626400511765,-0.0005436111445375295
15,2,DDoS_UDP,0.0001501363081366891,-0.00011791985000810246,0.00036449840273060087,-0.0004932606453473987,9.654578448821116e-05
15,2,Fingerprinting,0.0,0.0,0.0,0.0,0.0
15,2,MITM,0.0,0.0,0.0,0.0,0.0
15,2,Normal,0.00016047740956924664,7.879867148076573e-05,8.225660508023499e-05,-2.7472031267483656e-05,4.340404767383029e-05
15,2,Password,0.0,0.0,0.0,0.0,0.0
15,2,Port_Scanning,0.0,0.0,0.0,0.0,0.0
15,2,Ransomware,0.009650465583255916,0.023223200303226398,0.016393742701797054,-0.0687704522749408,0.02434698290303714
15,2,SQL_injection,0.0,0.0,0.0,0.0,0.0
15,2,Uploading,0.004330619417465051,-0.001046976112076604,-0.0022637024051199235,0.010833196310744222,-0.008366490609730243
15,2,Vulnerability_scanner,-0.005405587948093626,0.001411651286025406,0.0005279215673294147,0.001411651286025406,0.001090295024681409
15,2,XSS,-2.693602693602711e-05,-2.693602693602711e-05,4.040404040404066e-05,4.040404040404066e-05,-2.693602693602711e-05
15,3,Backdoor,-0.010272109618719112,0.0007527498557543088,-0.00039243102339425555,0.010063175389009967,0.00726976567564224
15,3,DDoS_HTTP,-0.02433042411079379,0.0025337694482017864,0.004434808331251937,0.029786953451501723,0.020136012421231034
15,3,DDoS_ICMP,6.764356469792787e-05,1.1527217073975526e-05,6.764356469792787e-05,0.00012345596477269515,-4.458913054997682e-05
15,3,DDoS_TCP,0.0013885096924605156,0.0008347246392495233,-0.0011675451205262848,0.00206369517027305,-0.0004912634878956786
15,3,DDoS_UDP,0.00013940094510296133,-7.518557766828897e-05,0.00024661648903566885,5.935200203780836e-05,-4.8537226710027026e-05
15,3,Fingerprinting,0.0,0.0,0.0,0.0,0.0
15,3,MITM,0.0,0.0,0.0,0.0,0.0
15,3,Normal,0.00017138112642629545,8.820561483272224e-05,0.00010825641002199146,-5.296124995592584e-06,4.4162618174907003e-05
15,3,Password,0.0,0.0,0.0,0.0,0.0
15,3,Port_Scanning,0.0,0.0,0.0,0.0,0.0
15,3,Ransomware,0.006770115872308709,0.020620567029129892,0.015412022503044416,-0.06374708982388992,0.02316814026635121
15,3,SQL_injection,0.0,0.0,0.0,0.0,0.0
15,3,Uploading,0.0045985839849991056,0.001563428271352757,-0.0011810681403687786,0.00747583019046333,-0.005127120881417005
15,3,Vulnerability_scanner,-0.007120355286325458,0.001811028221852029,0.0013572503512156164,0.001811028221852029,0.0016460180870751517
15,3,XSS,-3.598157743235399e-06,-3.598157743235399e-06,5.397236614853098e-06,5.397236614853098e-06,-3.598157743235399e-06
15,4,Backdoor,-0.008928624348118556,-0.001681289948603291,-0.0007777196836283492,0.01376735213591416,0.009020528031358842
15,4,DDoS_HTTP,-0.033304513147458976,0.0014783932518432112,0.00599994886412039,0.03822064725683895,0.026745393571460465
15,4,DDoS_ICMP,3.7873892101129386e-05,9.401544322603465e-05,7.509877860052416e-05,-1.6225140043365134e-07,1.89572274756189e-05
15,4,DDoS_TCP,0.002661327579766955,0.0012488716298880412,-0.0012708679762400996,0.0020010959260046497,-5.073777283821634e-05
15,4,DDoS_UDP,0.00021438628224792848,0.00013397462429839784,5.359746298461883e-05,-5.354908767658539e-05,-2.696962987074706e-05
15,4,Fingerprinting,0.0,0.0,0.0,0.0,0.0
15,4,MITM,0.0,0.0,0.0,0.0,0.0
15,4,Normal,0.00020523228841337986,9.596662662879248e-05,7.019614779367375e-05,-7.852540345637538e-06,-2.232172670962503e-05
15,4,Password,7.762046696473009e-06,-3.326591441345575e-06,2.2177276275637164e-06,2.2177276275637164e-06,-8.870910510254866e-06
15,4,Port_Scanning,0.0,0.0,0.0,0.0,0.0
15,4,Ransomware,0.012438953745011472,0.029705772414467094,0.023607515391066584,-0.09338689378646593,0.030626628300112077
15,4,SQL_injection,0.004772953264832615,-0.0011932383162081537,-0.0011932383162081537,-0.0011932383162081537,-0.0011932383162081537
15,4,Uploading,0.0034315586037221286,-0.0011761907523507567,-0.001465190977391916,0.006740790142956247,-0.004062964316441803
15,4,Vulnerability_scanner,-0.0032550588480352973,0.0008650174957079963,0.0009162702794071683,0.0008650174957079963,0.0006087535772121362
15,4,XSS,0.0,0.0,0.0,0.0,0.0
15,Aggregated,Backdoor,-0.009176152908585563,0.00028166886407722985,-0.0017620024205865596,0.009299885341425807,0.006154711524462443
15,Aggregated,DDoS_HTTP,-0.029459291704683536,0.0012126769925489714,0.006005633490409574,0.03298226725943262,0.023440859160756316
15,Aggregated,DDoS_ICMP,4.0015174210565145e-05,5.494539353221491e-05,5.4867347726868704e-05,3.582508343867863e-05,-5.083583767775032e-06
15,Aggregated,DDoS_TCP,0.0022695106118648,0.0011723203659699977,-0.0009065646184106287,0.0021183361449521303,-0.00029348284211305937
15,Aggregated,DDoS_UDP,0.0001598445366458016,3.645479859888945e-05,0.00017056332330431985,-0.00011364552697907815,4.2161753412595095e-06
15,Aggregated,Fingerprinting,0.0,0.0,0.0,0.0,0.0
15,Aggregated,MITM,0.0,0.0,0.0,0.0,0.0
15,Aggregated,Normal,0.00021916781638916527,0.00010486438984576204,9.353892207808837e-05,-3.494449330321836e-05,3.992971297350767e-06
15,Aggregated,Password,5.370842710234261e-06,-4.296674168187409e-06,0.0,1.0741685420468522e-06,-2.1483370840937044e-06
15,Aggregated,Port_Scanning,0.0,0.0,0.0,0.0,0.0
15,Aggregated,Ransomware,0.011480081350081859,0.023655247420970662,0.018211527302005513,-0.0749331062290896,0.02575261047267504
15,Aggregated,SQL_injection,0.0043062200956937805,-0.0010765550239234451,-0.0010765550239234451,-0.0010765550239234451,-0.0010765550239234451
15,Aggregated,Uploading,0.0033920104097918875,0.00018376789289423768,-0.0010135402691376061,0.0060312616513287865,-0.004383758314757764
15,Aggregated,Vulnerability_scanner,-0.005770639983031965,0.0014732655622102058,0.0012551772909558852,0.0014732628399076926,0.0013062453555605553
15,Aggregated,XSS,-5.2435635257720254e-06,-5.2435635257720254e-06,7.865345288658038e-06,7.865345288658038e-06,-5.2435635257720254e-06
15,Centralized,Backdoor,-0.009176152908585563,0.00028166886407722985,-0.0017620024205865596,0.009299885341425807,0.006154711524462443
15,Centralized,DDoS_HTTP,-0.029459291704683536,0.0012126769925489714,0.006005633490409574,0.03298226725943262,0.023440859160756316
15,Centralized,DDoS_ICMP,4.0015174210565145e-05,5.494539353221491e-05,5.4867347726868704e-05,3.582508343867863e-05,-5.083583767775032e-06
15,Centralized,DDoS_TCP,0.0022695106118648,0.0011723203659699977,-0.0009065646184106287,0.0021183361449521303,-0.00029348284211305937
15,Centralized,DDoS_UDP,0.0001598445366458016,3.645479859888945e-05,0.00017056332330431985,-0.00011364552697907815,4.2161753412595095e-06
15,Centralized,Fingerprinting,0.0,0.0,0.0,0.0,0.0
15,Centralized,MITM,0.0,0.0,0.0,0.0,0.0
15,Centralized,Normal,0.00021916781638916527,0.00010486438984576204,9.353892207808837e-05,-3.494449330321836e-05,3.992971297350767e-06
15,Centralized,Password,5.370842710234261e-06,-4.296674168187409e-06,0.0,1.0741685420468522e-06,-2.1483370840937044e-06
15,Centralized,Port_Scanning,0.0,0.0,0.0,0.0,0.0
15,Centralized,Ransomware,0.011480081350081859,0.023655247420970662,0.018211527302005513,-0.0749331062290896,0.02575261047267504
15,Centralized,SQL_injection,0.0043062200956937805,-0.0010765550239234451,-0.0010765550239234451,-0.0010765550239234451,-0.0010765550239234451
15,Centralized,Uploading,0.0033920104097918875,0.00018376789289423768,-0.0010135402691376061,0.0060312616513287865,-0.004383758314757764
15,Centralized,Vulnerability_scanner,-0.005770639983031965,0.0014732655622102058,0.0012551772909558852,0.0014732628399076926,0.0013062453555605553
15,Centralized,XSS,-5.2435635257720254e-06,-5.2435635257720254e-06,7.865345288658038e-06,7.865345288658038e-06,-5.2435635257720254e-06
16,0,Backdoor,-0.007260117912005548,0.0010370879792695354,0.007508654639167776,0.0030635440849144176,-0.004088145324699932
16,0,DDoS_HTTP,-0.019679034259328775,-0.006406494342175165,-0.015668218010133114,-0.005422583425750483,-0.007926627606153081
16,0,DDoS_ICMP,0.0,0.0,0.0,0.0,0.0
16,0,DDoS_TCP,0.0004722938199343977,-0.0003757613325113022,-0.0012856008540560867,0.0002595649711649032,0.0004210904765204341
16,0,DDoS_UDP,0.0,0.0,0.0,0.0,0.0
16,0,Fingerprinting,0.0,0.0,0.0,0.0,0.0
16,0,MITM,0.0,0.0,0.0,0.0,0.0
16,0,Normal,-0.00022498505983145994,2.4795856048962876e-05,-6.896002012310813e-05,4.0839025473884036e-05,-0.0001282250978110781
16,0,Password,0.0,0.0,0.0,0.0,0.0
16,0,Port_Scanning,0.0,0.0,0.0,0.0,0.0
16,0,Ransomware,-0.07170562696188694,0.017751026139162154,0.00853325652262794,0.015947368621239088,0.010086858730764977
16,0,SQL_injection,0.0,0.0,0.0,0.0,0.0
16,0,Uploading,0.001982499395092632,-0.0017773988686927114,-0.0017245108025070737,0.0014841832956610612,3.522698044609122e-05
16,0,Vulnerability_scanner,0.0,0.0,0.0,0.0,0.0
16,0,XSS,0.0,0.0,0.0,0.0,0.0
16,1,Backdoor,-0.007822489437217972,0.0020836514556117347,0.006661155608047596,0.004953185899233085,9.927653518602511e-06
16,1,DDoS_HTTP,-0.017820471995256215,5.723554911820546e-05,-0.007040750858059142,-0.005643956113225643,-0.0038060058490163662
16,1,DDoS_ICMP,-0.00010158188537100488,-0.00010158188537100488,-0.00021475210591777593,-0.00010158188537100488,6.80337653469587e-05
16,1,DDoS_TCP,0.00024614568458484755,-0.000710056276741559,-0.0014009211381092901,0.0007869441553284488,0.0005761401096272655
16,1,DDoS_UDP,-0.00012877262161743453,-0.00012877262161743453,-0.0003702148253206361,-0.00012877262161743453,0.0001126176869533535
16,1,Fingerprinting,0.0,0.0,0.0,0.0,0.0
16,1,MITM,0.0,0.0,0.0,0.0,0.0
16,1,Normal,-0.00029076918062230966,8.604494505198845e-05,-2.5762040501605316e-05,-2.902254409089163e-05,1.8574352858374832e-05
16,1,Password,4.30096315508232e-05,-1.5639866018481164e-05,3.909966504620291e-06,3.909966504620291e-06,-3.5189698541582615e-05
16,1,Port_Scanning,0.0,0.0,0.0,0.0,0.0
16,1,Ransomware,-0.08655920268097876,0.02035540184456277,0.013745435160317938,0.01835329040529547,0.017693055420073815
16,1,SQL_injection,0.0,0.0,0.0,0.0,0.0
16,1,Uploading,0.0019024352784948347,-0.0028224090141556633,-0.0028224090141556624,0.0004000063618052413,-0.00028886712762533304
16,1,Vulnerability_scanner,0.00024266229579206767,-0.00010399812676802899,6.933208451201934e-05,6.933208451201934e-05,-0.00027732833804807735
16,1,XSS,0.0,0.0,0.0,0.0,0.0
16,2,Backdoor,-0.009975945704101237,0.0036750802647103177,0.0054041764428766825,0.004103998375001307,0.0015854273019011915
16,2,DDoS_HTTP,-0.014642021887950588,0.0005630563962633607,-0.007872393644846326,-0.0032908129357174304,-0.0025749956343098057
16,2,DDoS_ICMP,5.26134684235513e-05,3.379818997772399e-05,-7.921191661606209e-05,3.379818997772399e-05,-4.09979317629372e-05
16,2,DDoS_TCP,0.00033059637759970303,-0.0004947083778110577,-0.0018294420821875082,0.0012378139272835635,0.0005697473993168518
16,2,DDoS_UDP,3.2140502202746925e-05,5.336616219570045e-06,-0.00020905999167514233,5.336616219570045e-06,0.00016624625703325532
16,2,Fingerprinting,0.0,0.0,0.0,0.0,0.0
16,2,MITM,0.0,0.0,0.0,0.0,0.0
16,2,Normal,-0.00017206272155169863,9.678198519239012e-05,-3.6455886360559075e-05,5.850668958562455e-05,3.8717738357470686e-05
16,2,Password,0.0,0.0,0.0,0.0,0.0
16,2,Port_Scanning,0.0,0.0,0.0,0.0,0.0
16,2,Ransomware,-0.07378389323082248,0.017536737900091925,0.01008736428836979,0.016225048602266937,0.01125512055179479
16,2,SQL_injection,0.0,0.0,0.0,0.0,0.0
16,2,Uploading,0.0060805917271309915,-0.004256246796673476,-0.004256246796673477,0.0032582854953421094,-0.0006131770014458233
16,2,Vulnerability_scanner,0.00024101719600799765,-0.00016067813067199843,-0.00032135626134399686,-8.033906533599922e-05,0.00032135626134399686
16,2,XSS,-0.00010774410774410844,9.427609427609488e-05,0.00016161616161616265,-4.040404040404066e-05,-0.00010774410774410844
16,3,Backdoor,-0.007181106257422421,0.0026648037417960975,0.005681400619056197,0.0034125060751745966,-0.00202266782575871
16,3,DDoS_HTTP,-0.011602453062523615,-0.0033462266098880067,-0.006151555596087152,-0.00802857751544541,-0.007032803377671997
16,3,DDoS_ICMP,7.504818216034585e-05,-1.8734767873174185e-07,-0.0001695244768402937,7.504818216034585e-05,1.961546019833375e-05
16,3,DDoS_TCP,0.0007087338183002001,-0.00018130404166411356,-0.0008840535565461789,0.0009477113458816152,0.00022081714868400862
16,3,DDoS_UDP,7.507517851223685e-05,-3.212311710259486e-05,-0.0002732029060210861,7.507517851223685e-05,0.00015517566609920725
16,3,Fingerprinting,0.0,0.0,0.0,0.0,0.0
16,3,MITM,0.0,0.0,0.0,0.0,0.0
16,3,Normal,-0.00011948615778972401,5.78078209724997e-05,3.93478717913287e-06,7.036571219646663e-06,-7.452372779139978e-05
16,3,Password,0.0,0.0,0.0,0.0,0.0
16,3,Port_Scanning,0.0,0.0,0.0,0.0,0.0
16,3,Ransomware,-0.06991342728636278,0.017263617539585385,0.011166939421053842,0.017433778703722463,0.015315795932183575
16,3,SQL_injection,0.0,0.0,0.0,0.0,0.0
16,3,Uploading,0.005049974690775108,-0.004076703577517543,-0.004076703577517544,0.003830737842728147,-0.0007273053784681696
16,3,Vulnerability_scanner,0.00012375760108265799,-8.250506738843866e-05,-0.00016501013477687732,-4.125253369421933e-05,0.00016501013477687732
16,3,XSS,-1.4392630972941597e-05,1.2593552101323897e-05,2.1588946459412393e-05,-5.397236614853098e-06,-1.4392630972941597e-05
16,4,Backdoor,-0.012293443597117749,-0.0006444869275546624,0.0048921978125974945,0.002158902385967535,0.002722070931990478
16,4,DDoS_HTTP,-0.0206130850704876,-0.003974103591144544,-0.015879642058263272,-0.002853314111979583,-0.003157379361407012
16,4,DDoS_ICMP,-7.718709210049098e-06,-7.718709210049098e-06,-0.00015826620096350273,-7.718709210049098e-06,-4.4360761409223406e-05
16,4,DDoS_TCP,-0.0002110892966257679,0.00022954366784061486,-0.001538666793395362,0.0011706497825671642,0.0006668685742689714
16,4,DDoS_UDP,-7.50025287737562e-05,-7.50025287737562e-05,-0.0002892439350733189,-7.50025287737562e-05,0.00019281186941097483
16,4,Fingerprinting,0.0,0.0,0.0,0.0,0.0
16,4,MITM,0.0,0.0,0.0,0.0,0.0
16,4,Normal,-0.00023202951344320673,6.50531806812312e-05,-8.385772565584111e-05,1.8740683605839026e-05,-2.7881944274414187e-05
16,4,Password,5.544319068909291e-06,0.0,5.544319068909291e-06,5.544319068909291e-06,-1.6632957206727875e-05
16,4,Port_Scanning,0.0,0.0,0.0,0.0,0.0
16,4,Ransomware,-0.09394295439030884,0.023771383248075924,0.007821131755053968,0.022812480918520787,0.011105920731589902
16,4,SQL_injection,0.0,0.0,0.0,0.0,0.0
16,4,Uploading,0.003536292460746227,-0.0035500159594791265,-0.003550015959479127,0.0024919247510554743,-0.002396187993337358
16,4,Vulnerability_scanner,-7.175389717884081e-05,3.0751670219503205e-05,8.20044539186752e-05,8.20044539186752e-05,-0.00012300668087801282
16,4,XSS,0.0,0.0,0.0,0.0,0.0
16,Aggregated,Backdoor,-0.00890124148465653,0.0017477082020178189,0.0060456862236837085,0.003527821126644574,-0.0003874361723658126
16,Aggregated,DDoS_HTTP,-0.016897370011863484,-0.0026667272533263623,-0.010583234162020727,-0.0050549879253072435,-0.004935522999399094
16,Aggregated,DDoS_ICMP,3.678014745300828e-06,-1.5134856843470231e-05,-0.00012432915233267505,-8.469510759760249e-08,4.497263036196131e-07
16,Aggregated,DDoS_TCP,0.000311461528497603,-0.0003074928097855811,-0.001387771285356922,0.000880604576088186,0.000489717817595392
16,Aggregated,DDoS_UDP,-1.9311483678537596e-05,-4.612020172270655e-05,-0.0002284225363695769,-2.4672951074354112e-05,0.00012543976027410604
16,Aggregated,Fingerprinting,0.0,0.0,0.0,0.0,0.0
16,Aggregated,MITM,0.0,0.0,0.0,0.0,0.0
16,Aggregated,Normal,-0.00020748295372066499,6.619514293272344e-05,-4.287749650688603e-05,1.9705154146012112e-05,-3.515273310432665e-05
16,Aggregated,Password,8.163042862804546e-06,-2.5780045009124454e-06,1.7180316105234323e-06,1.7180316105234323e-06,-9.021101582938964e-06
16,Aggregated,Port_Scanning,0.0,0.0,0.0,0.0,0.0
16,Aggregated,Ransomware,-0.07945238800450993,0.019401336407625182,0.010425070431771218,0.018263023885514543,0.013239289902200255
16,Aggregated,SQL_injection,0.0,0.0,0.0,0.0,0.0
16,Aggregated,Uploading,0.003695550113520358,-0.003290942221265385,-0.003279498365718258,0.002287579502701047,-0.0008126891480832779
16,Aggregated,Vulnerability_scanner,9.744431126444224e-05,-5.739731630977999e-05,-5.577511466947627e-05,9.895758357294135e-06,5.8323613575198925e-06
16,Aggregated,XSS,-2.0974254103088102e-05,1.8352472340202087e-05,3.146138115463215e-05,-7.865345288658038e-06,-2.0974254103088102e-05
16,Centralized,Backdoor,-0.00890124148465653,0.0017477082020178189,0.0060456862236837085,0.003527821126644574,-0.0003874361723658126
16,Centralized,DDoS_HTTP,-0.016897370011863484,-0.0026667272533263623,-0.010583234162020727,-0.0050549879253072435,-0.004935522999399094
16,Centralized,DDoS_ICMP,3.678014745300828e-06,-1.5134856843470231e-05,-0.00012432915233267505,-8.469510759760249e-08,4.497263036196131e-07
16,Centralized,DDoS_TCP,0.000311461528497603,-0.0003074928097855811,-0.001387771285356922,0.000880604576088186,0.000489717817595392
16,Centralized,DDoS_UDP,-1.9311483678537596e-05,-4.612020172270655e-05,-0.0002284225363695769,-2.4672951074354112e-05,0.00012543976027410604
16,Centralized,Fingerprinting,0.0,0.0,0.0,0.0,0.0
16,Centralized,MITM,0.0,0.0,0.0,0.0,0.0
16,Centralized,Normal,-0.00020748295372066499,6.619514293272344e-05,-4.287749650688603e-05,1.9705154146012112e-05,-3.515273310432665e-05
16,Centralized,Password,8.163042862804546e-06,-2.5780045009124454e-06,1.7180316105234323e-06,1.7180316105234323e-06,-9.021101582938964e-06
16,Centralized,Port_Scanning,0.0,0.0,0.0,0.0,0.0
16,Centralized,Ransomware,-0.07945238800450993,0.019401336407625182,0.010425070431771218,0.018263023885514543,0.013239289902200255
16,Centralized,SQL_injection,0.0,0.0,0.0,0.0,0.0
16,Centralized,Uploading,0.003695550113520358,-0.003290942221265385,-0.003279498365718258,0.002287579502701047,-0.0008126891480832779
16,Centralized,Vulnerability_scanner,9.744431126444224e-05,-5.739731630977999e-05,-5.577511466947627e-05,9.895758357294135e-06,5.8323613575198925e-06
16,Centralized,XSS,-2.0974254103088102e-05,1.8352472340202087e-05,3.146138115463215e-05,-7.865345288658038e-06,-2.0974254103088102e-05
17,0,Backdoor,-0.0017758586985876087,0.0005738172298589935,0.0009356494862715208,0.010656510650816901,-0.00642115226671834
17,0,DDoS_HTTP,0.019357901467225977,0.003972582275559653,0.0171496907905276,-0.017239595116981633,0.0008846860345019284
17,0,DDoS_ICMP,5.612665911032266e-05,-2.935676523985187e-07,5.612665911032266e-05,-0.00016808640967856946,5.612665911032266e-05
17,0,DDoS_TCP,0.00018443115068738267,-0.0006871292056218337,-9.498911149085261e-05,0.0003708884947341747,-0.00028094174339537054
17,0,DDoS_UDP,8.061918861357876e-05,1.0389070698724189e-07,8.061918861357876e-05,-0.0002419614565477235,8.061918861357876e-05
17,0,Fingerprinting,0.0,0.0,0.0,0.0,0.0
17,0,MITM,0.0,0.0,0.0,0.0,0.0
17,0,Normal,0.00014659831310028608,4.8890633134847834e-05,0.0001346111416530497,-0.00011117109139247757,5.621782703877735e-06
17,0,Password,0.0,0.0,0.0,0.0,0.0
17,0,Port_Scanning,0.0,0.0,0.0,0.0,0.0
17,0,Ransomware,0.011426853263159219,-0.0038632475649776916,-0.0033137731668721397,0.0020044939809431587,-0.001587057617341414
17,0,SQL_injection,0.0,0.0,0.0,0.0,0.0
17,0,Uploading,0.000586816210991938,-0.003276899173507042,-0.00029305268048464446,0.0014435699747224458,-0.002125671029246595
17,0,Vulnerability_scanner,0.0,0.0,0.0,0.0,0.0
17,0,XSS,0.0,0.0,0.0,0.0,0.0
17,1,Backdoor,-0.002474926302409843,-0.005176367539364104,-0.004106531600634852,0.01860448911879041,-0.005889961292825872
17,1,DDoS_HTTP,0.015201073135354055,0.0015011736103112895,0.0178091830468551,-0.017137261004005835,-0.0045655820264394855
17,1,DDoS_ICMP,0.0001842812919086001,-0.00026768999954509913,0.00025930577364813485,1.6219128431926855e-05,3.366662154771956e-05
17,1,DDoS_TCP,0.00011398232644674692,-0.0009744285355443454,-0.00014136118623217137,0.0006778765224006481,-0.0006775873769349313
17,1,DDoS_UDP,0.00027901957264542623,-0.0004451343550898934,0.0003864079333800952,3.711024559533242e-05,6.445041506225972e-05
17,1,Fingerprinting,0.0,0.0,0.0,0.0,0.0
17,1,MITM,0.0,0.0,0.0,0.0,0.0
17,1,Normal,6.997706921133366e-05,5.4516089901594325e-05,0.00013490048875004675,-2.893017984152794e-05,-7.403425161809363e-05
17,1,Password,2.3459799027721744e-05,-2.2156476859514982e-05,-2.86730877005488e-05,-2.86730877005488e-05,-2.2156476859514982e-05
17,1,Port_Scanning,0.0,0.0,0.0,0.0,0.0
17,1,Ransomware,0.008651471997653908,-0.004406629147366631,-0.0028436424697173075,0.003572345803150562,0.0003612097511954145
17,1,SQL_injection,0.0,0.0,0.0,0.0,0.0
17,1,Uploading,0.0019915764250206434,-0.003208387910828893,0.0006181113292381447,0.0022027869212803493,-0.0011717719799172882
17,1,Vulnerability_scanner,0.00013866416902403867,-0.0003235497277227569,0.00013866416902403867,-0.0003235497277227569,-0.0003235497277227569
17,1,XSS,-1.0359473738733953e-05,-0.00011395421112607348,0.00011913394799544045,1.5539210608100927e-05,-1.0359473738733953e-05
17,2,Backdoor,-0.0039645152578741205,-0.004866657872507987,-0.002228247969481408,0.016472270570283745,-0.007030961161974684
17,2,DDoS_HTTP,0.013953498838497754,0.0031373840694843883,0.008758038358209855,-0.009716680619826333,-0.0059078047222844805
17,2,DDoS_ICMP,3.0109533015382217e-05,-6.417829354110616e-05,-4.4779587133808585e-05,3.0109533015382217e-05,4.873881464415031e-05
17,2,DDoS_TCP,0.0008325317292081654,-0.001490064929208453,-0.00045491183213063334,0.0005306083307762296,8.226940083865634e-05
17,2,DDoS_UDP,4.287586858235752e-05,-0.00019834189027845655,0.00015016047244676423,4.287586858235752e-05,-3.757031933302272e-05
17,2,Fingerprinting,0.0,0.0,0.0,0.0,0.0
17,2,MITM,0.0,0.0,0.0,0.0,0.0
17,2,Normal,1.8284955509687933e-05,2.357946671444992e-05,1.715651694682759e-05,6.209415485403103e-07,-9.04118287870052e-05
17,2,Password,0.0,0.0,0.0,0.0,0.0
17,2,Port_Scanning,0.0,0.0,0.0,0.0,0.0
17,2,Ransomware,0.011606542154292026,-0.006806733349903129,-0.0066872903162535765,0.005436625667466799,0.0009509465720335083
17,2,SQL_injection,0.0,0.0,0.0,0.0,0.0
17,2,Uploading,0.0022420733007788335,-0.007553739471587927,-0.0010761735939291705,0.004361270142624014,-0.001673283606848576
17,2,Vulnerability_scanner,0.00024101719600799765,0.0007230515880239929,0.0,-0.00024101719600799765,0.00024101719600799765
17,2,XSS,-0.00010774410774410844,-0.0004444444444444473,-0.00010774410774410844,9.427609427609488e-05,-0.000242424242424244
17,3,Backdoor,-0.002799608444378036,-0.0030835252528797967,-0.002732563589513748,0.020401059698266968,-0.0074729656709952965
17,3,DDoS_HTTP,0.018664928156585967,0.0033438320059726756,0.01375313973319557,-0.01429256804627621,-0.004391507125476397
17,3,DDoS_ICMP,8.627661782307598e-05,-0.00015848205142124372,0.00019870352837035124,-0.00021265651073721728,8.615841596503378e-05
17,3,DDoS_TCP,0.00034286611870925444,-0.0012025963771866413,-0.00020102663288674346,0.00038465751330101584,-0.0003262363915029839
17,3,DDoS_UDP,0.00012340526213797294,-0.0002246486050011894,0.00028445319526383407,-0.0003067014951178911,0.0001234916427172735
17,3,Fingerprinting,0.0,0.0,0.0,0.0,0.0
17,3,MITM,0.0,0.0,0.0,0.0,0.0
17,3,Normal,8.003785320939335e-05,1.1726370543748328e-05,9.420706655578851e-05,1.2026984288913504e-05,-8.70895195775545e-05
17,3,Password,0.0,0.0,0.0,0.0,0.0
17,3,Port_Scanning,0.0,0.0,0.0,0.0,0.0
17,3,Ransomware,0.009481963142878986,-0.005181788566336965,-0.0037436181054559437,0.0045542461756013,0.0013987371961857787
17,3,SQL_injection,0.0,0.0,0.0,0.0,0.0
17,3,Uploading,0.002495722868545094,-0.008800201691636254,-0.0014538604811364787,0.0028005320805568343,-0.002371846201358607
17,3,Vulnerability_scanner,0.00012375760108265799,0.00037127280324797396,0.0,-0.00012375760108265799,0.00012375760108265799
17,3,XSS,-1.4392630972941597e-05,-5.936960276338409e-05,-1.4392630972941597e-05,1.2593552101323897e-05,-3.2383419689118593e-05
17,4,Backdoor,-0.004756583244052442,-3.6635886177636505e-05,-0.00012562529030013352,0.015394743119403014,-0.001548262562559057
17,4,DDoS_HTTP,0.019505878635719103,0.007897462624920247,0.018324805413666892,-0.014606929970448856,-0.0003894148364225562
17,4,DDoS_ICMP,0.00011642481834162795,-7.197290388381572e-05,9.813344440865642e-05,4.623143266766864e-06,7.857458786963792e-05
17,4,DDoS_TCP,0.0006393849249617538,-0.0009625590293120582,-0.0002053323786080678,0.00039858622706523037,0.00012992025589314188
17,4,DDoS_UDP,9.645961963322494e-05,-0.00017118241206039812,0.0003645504078199987,-1.1446957648377405e-05,4.30589942391646e-05
17,4,Fingerprinting,0.0,0.0,0.0,0.0,0.0
17,4,MITM,0.0,0.0,0.0,0.0,0.0
17,4,Normal,4.5971525926967e-05,2.3657532583008325e-05,7.979157285752751e-05,2.4860696609084e-05,-1.1746679541844533e-05
17,4,Password,1.6632957206727875e-05,0.0,1.6632957206727875e-05,-1.6632957206727875e-05,-1.6632957206727875e-05
17,4,Port_Scanning,0.0,0.0,0.0,0.0,0.0
17,4,Ransomware,0.01705083229838954,-7.967942625290344e-05,-0.002021011470899416,0.006269914788084321,0.0012626187380249065
17,4,SQL_injection,0.0,0.0,0.0,0.0,0.0
17,4,Uploading,0.001104538268208985,-0.003540299911756318,-5.146263195565196e-05,0.0031177799859910143,-0.0006305557104880297
17,4,Vulnerability_scanner,7.625485500369899e-05,-7.750349609381702e-05,0.00015625563327775204,-7.750349609381702e-05,-7.750349609381702e-05
17,4,XSS,1.5539210608100927e-05,-6.215684243240371e-05,1.5539210608100927e-05,1.5539210608100927e-05,1.5539210608100927e-05
17,Aggregated,Backdoor,-0.0031378139541641927,-0.0024859224294978203,-0.0016222440701766298,0.016241135363279854,-0.005665530213393751
17,Aggregated,DDoS_HTTP,0.017393993889693184,0.004013907607852415,0.015214735299466493,-0.014622868760117591,-0.0028346645961349966
17,Aggregated,DDoS_ICMP,9.464240604555492e-05,-0.00011249793991089756,0.00011350999838521947,-6.60322561979269e-05,6.066249869915441e-05
17,Aggregated,DDoS_TCP,0.00042275094798581344,-0.0010634233626836927,-0.0002193116840328635,0.0004729266513690581,-0.0002145944804642234
17,Aggregated,DDoS_UDP,0.00012447664519746142,-0.00020788877265186893,0.00025327071541794515,-9.593266691930169e-05,5.4790730810085525e-05
17,Aggregated,Fingerprinting,0.0,0.0,0.0,0.0,0.0
17,Aggregated,MITM,0.0,0.0,0.0,0.0,0.0
17,Aggregated,Normal,7.165770266433132e-05,3.235077411368007e-05,9.202253294962048e-05,-2.0017505464686723e-05,-5.11190223627167e-05
17,Aggregated,Password,7.088874320757693e-06,-3.6515349862077663e-06,-1.5044740156171243e-06,-7.948209154395174e-06,-6.874678669099854e-06
17,Aggregated,Port_Scanning,0.0,0.0,0.0,0.0,0.0
17,Aggregated,Ransomware,0.011668262406715887,-0.004310837872509554,-0.0038903988777940204,0.0044024203594691695,0.0004913709719099657
17,Aggregated,SQL_injection,0.0,0.0,0.0,0.0,0.0
17,Aggregated,Uploading,0.0016755940409069736,-0.005242482905947211,-0.00044256503630721197,0.002780413309442752,-0.0015807006593693176
17,Aggregated,Vulnerability_scanner,0.00011091087384954568,0.00011738707325892884,5.7420935943932236e-05,-0.00014528825078337267,-1.3953311064734963e-05
17,Aggregated,XSS,-2.00663833200089e-05,-0.00011623417048834406,1.6925306978145261e-06,2.3612125926845974e-05,-4.631100858946829e-05
17,Centralized,Backdoor,-0.0031378139541641927,-0.0024859224294978203,-0.0016222440701766298,0.016241135363279854,-0.005665530213393751
17,Centralized,DDoS_HTTP,0.017393993889693184,0.004013907607852415,0.015214735299466493,-0.014622868760117591,-0.0028346645961349966
17,Centralized,DDoS_ICMP,9.464240604555492e-05,-0.00011249793991089756,0.00011350999838521947,-6.60322561979269e-05,6.066249869915441e-05
17,Centralized,DDoS_TCP,0.00042275094798581344,-0.0010634233626836927,-0.0002193116840328635,0.0004729266513690581,-0.0002145944804642234
17,Centralized,DDoS_UDP,0.00012447664519746142,-0.00020788877265186893,0.00025327071541794515,-9.593266691930169e-05,5.4790730810085525e-05
17,Centralized,Fingerprinting,0.0,0.0,0.0,0.0,0.0
17,Centralized,MITM,0.0,0.0,0.0,0.0,0.0
17,Centralized,Normal,7.165770266433132e-05,3.235077411368007e-05,9.202253294962048e-05,-2.0017505464686723e-05,-5.11190223627167e-05
17,Centralized,Password,7.088874320757693e-06,-3.6515349862077663e-06,-1.5044740156171243e-06,-7.948209154395174e-06,-6.874678669099854e-06
17,Centralized,Port_Scanning,0.0,0.0,0.0,0.0,0.0
17,Centralized,Ransomware,0.011668262406715887,-0.004310837872509554,-0.0038903988777940204,0.0044024203594691695,0.0004913709719099657
17,Centralized,SQL_injection,0.0,0.0,0.0,0.0,0.0
17,Centralized,Uploading,0.0016755940409069736,-0.005242482905947211,-0.00044256503630721197,0.002780413309442752,-0.0015807006593693176
17,Centralized,Vulnerability_scanner,0.00011091087384954568,0.00011738707325892884,5.7420935943932236e-05,-0.00014528825078337267,-1.3953311064734963e-05
17,Centralized,XSS,-2.00663833200089e-05,-0.00011623417048834406,1.6925306978145261e-06,2.3612125926845974e-05,-4.631100858946829e-05
18,0,Backdoor,-0.07194538732057244,0.034559136821818805,0.03992439715045297,0.03827088898193258,-0.03795962872285317
18,0,DDoS_HTTP,-0.02308568405014956,0.006780436038782617,0.014240475636389258,-0.0032771762335314686,-0.021293804275965802
18,0,DDoS_ICMP,0.00010826140429492,8.956437148702201e-05,0.00010826140429492,0.00010826140429492,-0.000414348584371782
18,0,DDoS_TCP,-0.0001559934722573153,0.0006072444867050664,0.00032571497041199995,0.00026796528488700624,-2.8777935712603896e-05
18,0,DDoS_UDP,0.0001561380920821013,0.00012928236106909963,0.0001561380920821013,0.0001561380920821013,-0.0005976966373154036
18,0,Fingerprinting,0.0,0.0,0.0,0.0,0.0
18,0,MITM,0.0,0.0,0.0,0.0,0.0
18,0,Normal,-0.0008999908224706625,0.00014069784183310953,0.0003301345270636358,0.0002399046073330598,-3.125512707363535e-05
18,0,Password,0.0,0.0,0.0,0.0,0.0
18,0,Port_Scanning,0.0,0.0,0.0,0.0,0.0
18,0,Ransomware,0.026851002935683765,-0.06040432027202631,0.027761097268194306,0.02078954965315854,-0.021955803210150598
18,0,SQL_injection,0.0,0.0,0.0,0.0,0.0
18,0,Uploading,-0.0010192069279458824,0.002830064142451423,0.0026578633139834997,0.001076781060948146,-0.0018802648919132856
18,0,Vulnerability_scanner,0.0,0.0,0.0,0.0,0.0
18,0,XSS,0.0,0.0,0.0,0.0,0.0
18,1,Backdoor,-0.06024790701448574,0.029522548018187364,0.034840053014190374,0.03261503135664682,-0.03396895563913547
18,1,DDoS_HTTP,-0.01837720102567539,0.0052007865134524045,0.016243331508355406,0.0006602214202811087,-0.024316642370403478
18,1,DDoS_ICMP,2.5823055702332378e-05,0.00013902671555189318,6.323395411830061e-05,0.000176311054596943,-0.00017871359927691953
18,1,DDoS_TCP,0.00033709919269280983,0.0016069274142043602,0.0004004657535345254,0.0005930757257474939,-0.0014343023710048494
18,1,DDoS_UDP,3.7812710924628455e-05,0.00019867032285543577,9.152417295063183e-05,0.0002524510453311572,-0.0002583970604354872
18,1,Fingerprinting,0.0,0.0,0.0,0.0,0.0
18,1,MITM,0.0,0.0,0.0,0.0,0.0
18,1,Normal,-0.000836562041466519,9.774808779154191e-05,0.00030058076765449954,0.0002856550584081907,-7.174465043289595e-05
18,1,Password,6.516610841033818e-06,-6.516610841033818e-06,-1.3033221682067636e-05,2.6066443364135272e-05,-1.3033221682067636e-05
18,1,Port_Scanning,0.0,0.0,0.0,0.0,0.0
18,1,Ransomware,0.03209589400410567,-0.07571551410815029,0.029817181217720576,0.02491286009699823,-0.01644517714559012
18,1,SQL_injection,0.0,0.0,0.0,0.0,0.0
18,1,Uploading,-0.00029814731153565883,0.002288718300833513,0.0027705400937689537,0.0001460317156332061,-0.0017082140678563863
18,1,Vulnerability_scanner,0.00012710882160536877,-0.00033510507514142676,-4.622138967467955e-05,0.0003004390328854171,-4.622138967467955e-05
18,1,XSS,0.0004971219256933543,-0.0019884877027734173,0.0004971219256933543,0.0004971219256933543,0.0004971219256933543
18,2,Backdoor,-0.08189205047542472,0.03424198662498372,0.03992917400158562,0.03637336778133514,-0.02971461282361087
18,2,DDoS_HTTP,-0.01955086444730509,0.0054080018420113495,0.015513682153629426,0.001261034928097098,-0.023208332389170253
18,2,DDoS_ICMP,9.721442889871202e-05,3.6030287122235104e-06,0.00011593670893600972,5.976986882411661e-05,-0.0005011913958186343
18,2,DDoS_TCP,-0.0002844099297252804,0.001272095931020569,0.0011443628037778894,-7.579464063320144e-05,-0.0008693588041454943
18,2,DDoS_UDP,5.391245827117512e-05,0.00026848166599998855,2.7015633897176097e-07,8.07336092372768e-05,-8.154407825419207e-05
18,2,Fingerprinting,0.0,0.0,0.0,0.0,0.0
18,2,MITM,0.0,0.0,0.0,0.0,0.0
18,2,Normal,-0.0008744600098998949,0.00016356994694345558,0.0003093270951860923,0.00027399282227168106,-9.253089263879429e-08
18,2,Password,0.0,0.0,0.0,0.0,0.0
18,2,Port_Scanning,0.0,0.0,0.0,0.0,0.0
18,2,Ransomware,0.030214075739863122,-0.06410565344636149,0.025513815829713425,0.018675053708392224,-0.01479738255924294
18,2,SQL_injection,0.0,0.0,0.0,0.0,0.0
18,2,Uploading,-0.0021924913644211274,0.00590605189913256,0.009993335963108438,-0.00040472593181964736,-0.006136850410967348
18,2,Vulnerability_scanner,9.640687840319905e-05,0.00033742407441119673,-0.0001446103176047986,-0.0003856275136127962,9.640687840319905e-05
18,2,XSS,0.00043323249414619947,-0.002002290245945069,0.000567912628826335,0.0006352526961664028,0.0003658924268061317
18,3,Backdoor,-0.07405958370088328,0.030764001060428387,0.039633070207051424,0.035652994579328794,-0.03204691077781309
18,3,DDoS_HTTP,-0.022964837562930173,0.01176559419355206,0.014504810786833305,0.0021546271224838504,-0.02500732537512843
18,3,DDoS_ICMP,0.00012329961260542087,-0.00010111528516894008,0.000179399127429201,0.00012329961260542087,-0.0005493484579669121
18,3,DDoS_TCP,-0.00044063119011977607,0.0007921604056031225,0.0009806194333532136,-0.00018965482293586782,-0.0009520627709901253
18,3,DDoS_UDP,9.15277733793222e-05,-0.00017713317662165773,0.000172129524173494,9.15277733793222e-05,-0.0005003204659701036
18,3,Fingerprinting,0.0,0.0,0.0,0.0,0.0
18,3,MITM,0.0,0.0,0.0,0.0,0.0
18,3,Normal,-0.0008578359036928551,0.000148589569980991,0.0003543703653376584,0.00028117709636111453,-7.824017315665547e-05
18,3,Password,0.0,0.0,0.0,0.0,0.0
18,3,Port_Scanning,0.0,0.0,0.0,0.0,0.0
18,3,Ransomware,0.02527641178715925,-0.06212595324387847,0.02175639440987868,0.018259015452970765,-0.009675408249003354
18,3,SQL_injection,0.0,0.0,0.0,0.0,0.0
18,3,Uploading,-0.0013158311340319617,0.00566890792929596,0.006527403817083522,0.0005059697498020428,-0.004056796937120155
18,3,Vulnerability_scanner,4.950304043306319e-05,0.0001732606415157212,-7.42545606495948e-05,-0.00019801216173225277,4.950304043306319e-05
18,3,XSS,-7.196315486470798e-06,-7.196315486470798e-06,1.0794473229706197e-05,1.9789867587794697e-05,-1.6191709844559297e-05
18,4,Backdoor,-0.06341120544750135,0.02758775586884913,0.034682178663922064,0.03463126423505884,-0.04032070098028561
18,4,DDoS_HTTP,-0.029973527731751822,0.0071033276675509524,0.020549716027469387,-0.0010077877961788902,-0.030420121286409838
18,4,DDoS_ICMP,0.00011552851148972458,5.984310994677777e-05,0.0001903670650486855,0.00017209253336987937,-0.0005378312198550672
18,4,DDoS_TCP,0.0003185274401353263,0.0009305473104128252,-0.0006251968381958165,0.0006358838262506698,-0.0007617117164578025
18,4,DDoS_UDP,-5.852191949729524e-05,0.00018260943093032316,4.893546768842867e-05,0.0001291053434614479,-0.0003021283225829045
18,4,Fingerprinting,0.0,0.0,0.0,0.0,0.0
18,4,MITM,0.0,0.0,0.0,0.0,0.0
18,4,Normal,-0.0008335121110761179,9.809758508242025e-05,0.00037116512785664114,0.0002351991480935123,-9.441987104548688e-05
18,4,Password,1.1088638137818583e-05,-5.544319068909291e-06,-1.6632957206727875e-05,1.1088638137818583e-05,0.0
18,4,Port_Scanning,0.0,0.0,0.0,0.0,0.0
18,4,Ransomware,0.037646691429191054,-0.0824156384421386,0.031150441212742092,0.021477306583327714,-0.027640432125447246
18,4,SQL_injection,0.0,0.0,0.0,0.0,0.0
18,4,Uploading,-0.0019641432088578978,0.0031262683696814536,0.0068132142748997225,-0.0002387908799233012,-0.004268545855306074
18,4,Vulnerability_scanner,1.02505567398344e-05,-0.00014350779435768162,-9.22550106585096e-05,0.0001640089078373504,6.150334043900641e-05
18,4,XSS,0.0009993688196928256,-0.003997475278771302,0.0009993688196928256,0.0009993688196928256,0.0009993688196928256
18,Aggregated,Backdoor,-0.0701706648817887,0.031302213391043464,0.03776176113578552,0.03549680699824076,-0.034841330845704774
18,Aggregated,DDoS_HTTP,-0.0228805441105182,0.007273685542208872,0.016244175468278912,-6.302038843748933e-05,-0.02489344455503346
18,Aggregated,DDoS_ICMP,9.4040689438335e-05,3.818077855430868e-05,0.00013145561221488872,0.00012795639876359566,-0.0004363116331921731
18,Aggregated,DDoS_TCP,-4.5451541703267484e-05,0.001042084806708828,0.00044699468221254257,0.00024551547177670274,-0.0008106108177466561
18,Aggregated,DDoS_UDP,5.612980161051791e-05,0.0001204023586956223,9.374164594546467e-05,0.00014196094334995208,-0.00034792206651329354
18,Aggregated,Fingerprinting,0.0,0.0,0.0,0.0,0.0
18,Aggregated,MITM,0.0,0.0,0.0,0.0,0.0
18,Aggregated,Normal,-0.0008595963868231267,0.00012956092966277534,0.0003340453688879086,0.00026289420803538206,-5.6188972112086735e-05
18,Aggregated,Password,3.222122792089638e-06,-2.148719918144623e-06,-5.369311374030586e-06,6.444628418230194e-06,-2.148719918144623e-06
18,Aggregated,Port_Scanning,0.0,0.0,0.0,0.0,0.0
18,Aggregated,Ransomware,0.03054592276851271,-0.06916091265255678,0.027325563669456033,0.0209371407400011,-0.01800853151320475
18,Aggregated,SQL_injection,0.0,0.0,0.0,0.0,0.0
18,Aggregated,Uploading,-0.001360023893491886,0.00394516201269828,0.005742315462744631,0.00021062776670255866,-0.0036056855942231273
18,Aggregated,Vulnerability_scanner,5.350927451081936e-05,-5.686759679203919e-06,-6.891335201377376e-05,-9.72040315648052e-06,3.0811240338638836e-05
18,Aggregated,XSS,0.0003908965905010715,-0.0016160219972620057,0.0004171144081299316,0.0004302233169443617,0.0003777876816866414
18,Centralized,Backdoor,-0.0701706648817887,0.031302213391043464,0.03776176113578552,0.03549680699824076,-0.034841330845704774
18,Centralized,DDoS_HTTP,-0.0228805441105182,0.007273685542208872,0.016244175468278912,-6.302038843748933e-05,-0.02489344455503346
18,Centralized,DDoS_ICMP,9.4040689438335e-05,3.818077855430868e-05,0.00013145561221488872,0.00012795639876359566,-0.0004363116331921731
18,Centralized,DDoS_TCP,-4.5451541703267484e-05,0.001042084806708828,0.00044699468221254257,0.00024551547177670274,-0.0008106108177466561
18,Centralized,DDoS_UDP,5.612980161051791e-05,0.0001204023586956223,9.374164594546467e-05,0.00014196094334995208,-0.00034792206651329354
18,Centralized,Fingerprinting,0.0,0.0,0.0,0.0,0.0
18,Centralized,MITM,0.0,0.0,0.0,0.0,0.0
18,Centralized,Normal,-0.0008595963868231267,0.00012956092966277534,0.0003340453688879086,0.00026289420803538206,-5.6188972112086735e-05
18,Centralized,Password,3.222122792089638e-06,-2.148719918144623e-06,-5.369311374030586e-06,6.444628418230194e-06,-2.148719918144623e-06
18,Centralized,Port_Scanning,0.0,0.0,0.0,0.0,0.0
18,Centralized,Ransomware,0.03054592276851271,-0.06916091265255678,0.027325563669456033,0.0209371407400011,-0.01800853151320475
18,Centralized,SQL_injection,0.0,0.0,0.0,0.0,0.0
18,Centralized,Uploading,-0.001360023893491886,0.00394516201269828,0.005742315462744631,0.00021062776670255866,-0.0036056855942231273
18,Centralized,Vulnerability_scanner,5.350927451081936e-05,-5.686759679203919e-06,-6.891335201377376e-05,-9.72040315648052e-06,3.0811240338638836e-05
18,Centralized,XSS,0.0003908965905010715,-0.0016160219972620057,0.0004171144081299316,0.0004302233169443617,0.0003777876816866414
19,0,Backdoor,-0.000641914463813877,-0.0008934401078391386,0.0053711897484991795,-0.0016689812620527618,-0.0007254077937118556
19,0,DDoS_HTTP,0.009775713236472179,-0.02369461042162146,0.02144336870380976,-0.019413600291219687,0.03309346562852149
19,0,DDoS_ICMP,-4.4903123306055945e-05,8.59508741861766e-05,8.59508741861766e-05,8.59508741861766e-05,-0.00021294949925247387
19,0,DDoS_TCP,-0.0013372644056770429,0.00018286190524826237,0.00038537199657306953,0.0006398030696624923,0.0001292274341932187
19,0,DDoS_UDP,-6.439131947410525e-05,0.00012365074293800663,0.00012365074293800663,0.00012365074293800663,-0.00030656090933991467
19,0,Fingerprinting,0.0,0.0,0.0,0.0,0.0
19,0,MITM,0.0,0.0,0.0,0.0,0.0
19,0,Normal,8.961839128083793e-05,-0.00010920373013422191,0.0001302514085135838,-0.000122431664749556,0.00019299000446375928
19,0,Password,0.0,0.0,0.0,0.0,0.0
19,0,Port_Scanning,0.0,0.0,0.0,0.0,0.0
19,0,Ransomware,0.026547294177676938,0.015256282296214207,0.014025832348321504,0.025454152232289386,-0.0695411368120777
19,0,SQL_injection,0.0,0.0,0.0,0.0,0.0
19,0,Uploading,-0.00019265787599935478,-0.0016669517671153429,-0.00019265787599935478,0.0016352341843067248,0.00041703333480732767
19,0,Vulnerability_scanner,-0.010942030101134436,0.002735507525283609,0.002735507525283609,0.002735507525283609,0.002735507525283609
19,0,XSS,0.0,0.0,0.0,0.0,0.0
19,1,Backdoor,0.0016637757233470718,-0.0016986642350503031,0.0019243818185045243,-0.001037337249721245,-0.0030137972521784777
19,1,DDoS_HTTP,0.004386436270658386,-0.01654071449605867,0.018025727271316617,-0.012380901578564236,0.02709895648663786
19,1,DDoS_ICMP,-0.00010083227676030982,0.0001048435175638592,0.0001048435175638592,-8.022481607098767e-06,-0.00010083227676030982
19,1,DDoS_TCP,-0.001457325024470213,-0.0014910810686676417,-0.0001353570466365306,7.830853023227391e-05,-0.0007589002459553092
19,1,DDoS_UDP,-0.0001451559953190962,0.0001504302471476963,0.0001504302471476963,-1.0548503657200244e-05,-0.0001451559953190962
19,1,Fingerprinting,0.0,0.0,0.0,0.0,0.0
19,1,MITM,0.004545454545454547,0.004545454545454547,0.004545454545454547,-0.018181818181818188,0.004545454545454547
19,1,Normal,-9.9152038180265e-07,-0.0001276737791224225,0.0001868191760669861,-9.940413880317375e-05,0.0001091438238822425
19,1,Password,-1.3033221682067635e-06,-1.3033221682067635e-06,5.213288672827054e-06,-2.0853154691308216e-05,1.8246510354894692e-05
19,1,Port_Scanning,0.0,0.0,0.0,0.0,0.0
19,1,Ransomware,0.02906366524500186,0.01926083533595262,0.017071296931333517,0.023868370346520337,-0.08392941192389237
19,1,SQL_injection,0.0,0.0,0.0,0.0,0.0
19,1,Uploading,0.0003136720592521345,-0.0044876740372749415,1.1068432949086031e-05,0.000470261593365566,0.00027716853620473025
19,1,Vulnerability_scanner,-0.01258389011457271,0.003073751607276491,0.0033626352927432377,0.003073751607276491,0.003073751607276491
19,1,XSS,-1.0359473738733953e-05,1.5539210608100927e-05,1.5539210608100927e-05,-1.0359473738733953e-05,-1.0359473738733953e-05
19,2,Backdoor,0.0017599952768590258,-0.002405873075291587,0.0040594800434882025,-0.0012747193125040542,0.002133480218316288
19,2,DDoS_HTTP,0.00316223379036369,-0.015341660548923034,0.011148300861605035,-0.009932302027596302,0.02590921094105645
19,2,DDoS_ICMP,6.72587808390357e-05,6.72587808390357e-05,0.00012342562095092878,0.00017959246106282188,-0.0004375356436918221
19,2,DDoS_TCP,-0.00189264296206391,-0.000992775168854478,0.00042465580162522515,0.001025025664602645,0.0004337257084462143
19,2,DDoS_UDP,0.00012898061400602457,0.00012898061400602457,4.851716110771953e-05,-0.0001927178627360193,-0.00011376052638374934
19,2,Fingerprinting,0.0,0.0,0.0,0.0,0.0
19,2,MITM,0.0,0.0,0.0,0.0,0.0
19,2,Normal,2.407073874581833e-05,-5.990019828262527e-05,0.00011141125308104146,-2.7878341637691908e-05,0.00011072917255226152
19,2,Password,0.0,0.0,0.0,0.0,0.0
19,2,Port_Scanning,0.0,0.0,0.0,0.0,0.0
19,2,Ransomware,0.026717594177770056,0.0144472841809603,0.011817986305082441,0.023623922634589678,-0.06981549184053766
19,2,SQL_injection,0.0,0.0,0.0,0.0,0.0
19,2,Uploading,-0.000973116380599084,-0.007539757522824114,-0.000973116380599084,0.003924583158178606,0.002095940199773634
19,2,Vulnerability_scanner,-0.011796019104829636,0.0032904458038854056,0.0025673942158614127,0.002647733281197412,0.0032904458038854056
19,2,XSS,0.00010774410774410844,-0.000363636363636366,0.000242424242424244,0.00037710437710437953,-0.000363636363636366
19,3,Backdoor,-0.00084084066696787,-0.002901055369270563,0.005401465171741615,-0.0015452671227287422,0.003666416323709528
19,3,DDoS_HTTP,-0.0002044573152493373,-0.020483025288426552,0.015995787796991866,-0.014189620633899858,0.028713846562055435
19,3,DDoS_ICMP,-6.741187903604081e-05,0.00021313619348337643,0.00019441391147522006,0.00017570846226723594,-0.00029138129769398227
19,3,DDoS_TCP,-0.00039142356126138,-0.0007938571594133322,8.307771015506246e-05,0.0007941772542692812,0.00030802575625036855
19,3,DDoS_UDP,-0.0001449860216553763,0.0002579189086776845,0.00023109780225198198,0.00012383042999748276,-0.00014559254761215001
19,3,Fingerprinting,0.0,0.0,0.0,0.0,0.0
19,3,MITM,0.011111111111111118,0.0,0.011111111111111118,-0.033333333333333354,0.011111111111111118
19,3,Normal,4.867546398841423e-05,-0.00012599116804659267,0.00011440415551884539,-0.00010325998678297014,0.00011135150333375828
19,3,Password,0.0,0.0,0.0,0.0,0.0
19,3,Port_Scanning,0.0,0.0,0.0,0.0,0.0
19,3,Ransomware,0.02589956781834718,0.013300745264746535,0.012247309744243392,0.01964647315623387,-0.06678102663982668
19,3,SQL_injection,0.0,0.0,0.0,0.0,0.0
19,3,Uploading,-0.00017627121341441028,-0.006584456592651781,-0.00017627121341441028,0.0049854877670474414,0.0019515112524331572
19,3,Vulnerability_scanner,-0.010054593759137458,0.002719873809400408,0.0022249926004899888,0.0023898535398466534,0.002719873809400408
19,3,XSS,0.0005324990882155244,0.0004695313277089049,-0.0020400424092812132,0.0005684806656478783,0.0004695313277089049
19,4,Backdoor,-0.0004325661209921209,-0.00324118647836271,0.006747713053464979,-0.0035864315903137915,0.0026249612339062905
19,4,DDoS_HTTP,0.011777013225905653,-0.02209608420159194,0.016791010360987988,-0.015071696172162514,0.031108168435543915
19,4,DDoS_ICMP,-0.00011595816623889607,8.970052753271563e-05,0.00018326135543710135,0.00023909868518619352,-0.00039610240191711445
19,4,DDoS_TCP,-0.0011686263343129943,-0.0008790208444023932,-6.488234261974867e-05,0.00011621035244243812,-0.00013309723468863204
19,4,DDoS_UDP,-9.148205451010768e-05,0.00020410392028343086,7.006722538462166e-05,-0.0001711160035103428,-1.1573087647602047e-05
19,4,Fingerprinting,0.0,0.0,0.0,0.0,0.0
19,4,MITM,0.0,0.0,0.0,0.0,0.0
19,4,Normal,5.599824070828448e-05,-0.0001053904717835341,0.00013943507050919918,-0.00010371185055806919,0.00019650000699980203
19,4,Password,2.9939322972110176e-05,-1.9959548648073448e-05,1.33063657653823e-05,-1.9959548648073448e-05,-3.326591441345575e-06
19,4,Port_Scanning,0.0,0.0,0.0,0.0,0.0
19,4,Ransomware,0.0414125810052725,0.021362108952016894,0.016914750406055137,0.03177543714207588,-0.09168324616309535
19,4,SQL_injection,0.00816062176165803,-0.0020401554404145075,-0.0020401554404145075,-0.0020401554404145075,-0.0020401554404145075
19,4,Uploading,3.922427581042054e-06,-0.005207933903558946,3.922427581042054e-06,0.0017281639203219124,3.922427581042054e-06
19,4,Vulnerability_scanner,-0.007345715220509719,0.0017595496295786718,0.0020670663317737038,0.0017595496295786718,0.0017595496295786718
19,4,XSS,0.0,0.0,0.0,0.0,0.0
19,Aggregated,Backdoor,0.00028205338242608217,-0.0022101084724949704,0.004705050527108286,-0.0018214303319258737,0.0009144029770333758
19,Aggregated,DDoS_HTTP,0.0058305155898063,-0.019748541641737772,0.016763777889641288,-0.014286110527411666,0.029287756173947712
19,Aggregated,DDoS_ICMP,-5.238959783840924e-05,0.00011219538519938547,0.00013838906503979936,0.00013447095021105934,-0.00028776061914871734
19,Aggregated,DDoS_TCP,-0.00124885532755236,-0.0007965872912174284,0.00013850960780109427,0.0005310014317357504,-3.841507360261935e-06
19,Aggregated,DDoS_UDP,-6.336603091132523e-05,0.00017301144012871566,0.00012471954835306572,-2.5463708367938024e-05,-0.00014446411886186264
19,Aggregated,Fingerprinting,0.0,0.0,0.0,0.0,0.0
19,Aggregated,MITM,0.0026334776334776397,0.001010101010101011,0.0026334776334776397,-0.00891053391053393,0.0026334776334776397
19,Aggregated,Normal,4.383894727406264e-05,-0.00010539473778685138,0.000136289938596007,-9.135713811822729e-05,0.00014499915197251355
19,Aggregated,Password,5.5850383618921e-06,-4.081840459778039e-06,3.436701277798396e-06,-7.302431915664001e-06,2.3625327357515436e-06
19,Aggregated,Port_Scanning,0.0,0.0,0.0,0.0,0.0
19,Aggregated,Ransomware,0.02989949133088715,0.016674682505523213,0.014417245838991918,0.024942681760815544,-0.07656689535768436
19,Aggregated,SQL_injection,0.007084621872364352,-0.001771155468091088,-0.001771155468091088,-0.001771155468091088,-0.001771155468091088
19,Aggregated,Uploading,-0.00020137048002834672,-0.005083017970578221,-0.00026159167872092336,0.0025346543317021565,0.0009356877156979517
19,Aggregated,Vulnerability_scanner,-0.010290074444843412,0.0026398021392851838,0.0025457844580872506,0.0024646857081857933,0.0026398021392851838
19,Aggregated,XSS,0.00011927039666533498,3.185981776788922e-05,-0.00035034428132060396,0.00017170603192305522,2.7508034964324538e-05
19,Centralized,Backdoor,0.00028205338242608217,-0.0022101084724949704,0.004705050527108286,-0.0018214303319258737,0.0009144029770333758
19,Centralized,DDoS_HTTP,0.0058305155898063,-0.019748541641737772,0.016763777889641288,-0.014286110527411666,0.029287756173947712
19,Centralized,DDoS_ICMP,-5.238959783840924e-05,0.00011219538519938547,0.00013838906503979936,0.00013447095021105934,-0.00028776061914871734
19,Centralized,DDoS_TCP,-0.00124885532755236,-0.0007965872912174284,0.00013850960780109427,0.0005310014317357504,-3.841507360261935e-06
19,Centralized,DDoS_UDP,-6.336603091132523e-05,0.00017301144012871566,0.00012471954835306572,-2.5463708367938024e-05,-0.00014446411886186264
19,Centralized,Fingerprinting,0.0,0.0,0.0,0.0,0.0
19,Centralized,MITM,0.0026334776334776397,0.001010101010101011,0.0026334776334776397,-0.00891053391053393,0.0026334776334776397
19,Centralized,Normal,4.383894727406264e-05,-0.00010539473778685138,0.000136289938596007,-9.135713811822729e-05,0.00014499915197251355
19,Centralized,Password,5.5850383618921e-06,-4.081840459778039e-06,3.436701277798396e-06,-7.302431915664001e-06,2.3625327357515436e-06
19,Centralized,Port_Scanning,0.0,0.0,0.0,0.0,0.0
19,Centralized,Ransomware,0.02989949133088715,0.016674682505523213,0.014417245838991918,0.024942681760815544,-0.07656689535768436
19,Centralized,SQL_injection,0.007084621872364352,-0.001771155468091088,-0.001771155468091088,-0.001771155468091088,-0.001771155468091088
19,Centralized,Uploading,-0.00020137048002834672,-0.005083017970578221,-0.00026159167872092336,0.0025346543317021565,0.0009356877156979517
19,Centralized,Vulnerability_scanner,-0.010290074444843412,0.0026398021392851838,0.0025457844580872506,0.0024646857081857933,0.0026398021392851838
19,Centralized,XSS,0.00011927039666533498,3.185981776788922e-05,-0.00035034428132060396,0.00017170603192305522,2.7508034964324538e-05
20,0,Backdoor,0.0013849431778101995,-0.0011942732584780513,0.001852594351278212,0.0009395195166015095,0.004676662426309123
20,0,DDoS_HTTP,0.016306159888402307,-0.0298596415773814,0.024481416492668277,0.015386822625644881,0.018173915264886483
20,0,DDoS_ICMP,0.00015659708635735737,0.00015659708635735737,0.00015659708635735737,0.00015659708635735737,-0.0006263883454294295
20,0,DDoS_TCP,-0.0008005808011504208,0.0005653393414115896,0.0009194925794704545,0.0005391781819401105,-0.0012234293016717339
20,0,DDoS_UDP,0.00022653721682847628,0.00022653721682847628,0.00022653721682847628,0.00022653721682847628,-0.0009061488673139051
20,0,Fingerprinting,0.0,0.0,0.0,0.0,0.0
20,0,MITM,0.0,0.0,0.0,0.0,0.0
20,0,Normal,0.00017503429819547742,-0.00018011395575062705,0.0001167097958226504,8.210202955811578e-05,3.089249585572218e-05
20,0,Password,0.0,0.0,0.0,0.0,0.0
20,0,Port_Scanning,0.0,0.0,0.0,0.0,0.0
20,0,Ransomware,-0.0011543754846178422,-0.013272522461312814,0.005573028957944328,0.006038124227155937,0.005252851679069402
20,0,SQL_injection,0.0,0.0,0.0,0.0,0.0
20,0,Uploading,-5.0909067051965044e-05,-0.0012538437053840853,0.002862053870146786,0.00025452732440836014,-0.0018118284221190978
20,0,Vulnerability_scanner,-0.012128067650808339,0.0030320169127020847,0.0030320169127020847,0.0030320169127020847,0.0030320169127020847
20,0,XSS,0.0,0.0,0.0,0.0,0.0
20,1,Backdoor,0.0018758795136546269,-0.0027573970442638725,0.0020496183012051585,0.0016144243014275916,0.00639019905397162
20,1,DDoS_HTTP,0.011662053527133278,-0.03147767854703432,0.0168026959243302,0.008301870790353555,0.013685417279576255
20,1,DDoS_ICMP,0.00019767270170508537,0.000291326529847602,0.00023518491597078196,-9.1343297210759e-06,-0.0007150498178023934
20,1,DDoS_TCP,-0.0004762604184361493,0.0017376501643943517,0.0007483345597822414,0.0009720328090981093,-0.0010340741164988584
20,1,DDoS_UDP,0.00030218322755020305,0.00035587739119873524,0.00035587739119873524,7.0122634220071145e-06,-0.0010209502733696807
20,1,Fingerprinting,0.0,0.0,0.0,0.0,0.0
20,1,MITM,0.0,0.0,0.0,0.0,0.0
20,1,Normal,0.00010350063771145113,-0.0001449792956024709,6.691821966315348e-05,7.450494122004566e-05,1.120423263283136e-05
20,1,Password,9.123255177447346e-06,-1.6943188186687926e-05,1.5639866018481164e-05,2.2156476859514982e-05,-2.9976409868755562e-05
20,1,Port_Scanning,0.0,0.0,0.0,0.0,0.0
20,1,Ransomware,0.0001917151296315626,-0.009168745408841219,0.006682113668784752,0.002935277781840979,0.004828602459975797
20,1,SQL_injection,0.0,0.0,0.0,0.0,0.0
20,1,Uploading,-4.1339352195370976e-05,-0.00018365836384080051,0.0020958889314703997,-0.000167386881280823,-0.0017035043341534048
20,1,Vulnerability_scanner,-0.014177681879366062,0.003474082101696794,0.0036398821000889815,0.003589635575883493,0.003474082101696794
20,1,XSS,-0.003500353353077948,0.00149649074538618,-0.0009891188830805915,0.00149649074538618,0.00149649074538618
20,2,Backdoor,-0.0005491014124553772,-0.0027030047947334047,0.00099721684463141,0.0005114192920166497,0.003903698718118311
20,2,DDoS_HTTP,0.0047468685878760035,-0.023663601835458372,0.016393457785807173,0.007218073981531233,0.012984967760519155
20,2,DDoS_ICMP,0.00018314527954546022,0.00018314527954546022,8.953387935897172e-05,0.00018314527954546022,-0.0006389697179953524
20,2,DDoS_TCP,-0.001055334990457174,0.0007831346829039614,0.0005033744121700175,0.0006425451774575024,-0.0008737192820743071
20,2,DDoS_UDP,0.00015622850358469517,0.00015622850358469517,0.00012940735261859348,-4.698402211914902e-06,-0.0004371659575760689
20,2,Fingerprinting,0.0,0.0,0.0,0.0,0.0
20,2,MITM,0.0,0.0,0.0,0.0,0.0
20,2,Normal,0.00010130910253293343,-0.00011324994643912752,2.990964233171393e-05,2.2778323739419683e-05,2.4989598609433577e-06
20,2,Password,0.0,0.0,0.0,0.0,0.0
20,2,Port_Scanning,0.0,0.0,0.0,0.0,0.0
20,2,Ransomware,-0.003392172345547236,-0.011570516516120977,0.005892155874153971,0.0035744587853954986,0.00781539187382309
20,2,SQL_injection,0.0,0.0,0.0,0.0,0.0
20,2,Uploading,-0.000643402878766286,-0.0024862349412222177,0.006819086242015321,-0.0006611700977396458,-0.0030282783242871706
20,2,Vulnerability_scanner,-0.015122546741523312,0.004051728021242612,0.0034493970698114716,0.0035696936292266166,0.004051728021242612
20,2,XSS,-0.0033488055736061546,0.001412412044754322,-0.0009557706279968788,0.0014797521120943897,0.001412412044754322
20,3,Backdoor,0.0008704085140253004,-0.003900714267397624,0.0032283917636795408,0.00037968835578267767,0.004291332582412172
20,3,DDoS_HTTP,0.011179532821783562,-0.024665732825138564,0.014691130939559661,0.010813291082476945,0.010854243206724819
20,3,DDoS_ICMP,0.00023482674406972529,0.00023482674406972529,0.00032834557370955975,0.00016000494723778883,-0.0009580040090867992
20,3,DDoS_TCP,-0.0003979265609160121,0.00010599627906150063,0.0008603101256297023,0.0003884705415559945,-0.0009568503853311853
20,3,DDoS_UDP,0.0002539120562163895,0.0002539120562163895,0.00044188479695193573,0.0001464891989965152,-0.00109619810838123
20,3,Fingerprinting,0.0,0.0,0.0,0.0,0.0
20,3,MITM,0.0,-0.033333333333333354,0.011111111111111118,0.011111111111111118,0.011111111111111118
20,3,Normal,0.0001284231985774061,-0.0001469610283598118,7.364732325206846e-05,2.6409994430731666e-05,4.9908589963754137e-05
20,3,Password,0.0,0.0,0.0,0.0,0.0
20,3,Port_Scanning,0.0,0.0,0.0,0.0,0.0
20,3,Ransomware,-0.0026500520688218484,-0.008644040582609662,0.0029170638917471485,0.004310587014885619,0.006262912243927709
20,3,SQL_injection,0.0,0.0,0.0,0.0,0.0
20,3,Uploading,6.356011391798616e-05,-0.0026809362978035493,0.006757639875321098,0.0003683693259297273,-0.004508633017365258
20,3,Vulnerability_scanner,-0.017055555028462933,0.0044494133295821196,0.003954830241881891,0.004201898127416804,0.0044494133295821196
20,3,XSS,-0.0010199646890739584,0.0015525768084227781,-0.003646761130552467,0.0015615722027808672,0.0015525768084227781
20,4,Backdoor,0.004906068723668964,-0.0034945911352738277,0.004629215247160314,-0.002017653494015455,0.007108686075899791
20,4,DDoS_HTTP,0.01469659428023075,-0.029248478488661113,0.01959116192058917,0.009537722307717657,0.01701563755193477
20,4,DDoS_ICMP,0.00024222483797227689,0.00029844252999783143,0.00027973710359331937,0.00022320676622149537,-0.001043611237784923
20,4,DDoS_TCP,-0.0011602363109133262,0.0019271039683064447,-0.0001230271946713731,0.0011576088363551803,-0.0009852305317398632
20,4,DDoS_UDP,0.00021116581995365887,0.00029168119016853014,0.0003185023411346318,7.719813499140193e-05,-0.0008985474862482228
20,4,Fingerprinting,0.0,0.0,0.0,0.0,0.0
20,4,MITM,0.0,0.0,0.0,0.0,0.0
20,4,Normal,0.00013118691903288293,-0.0001657367861380432,7.293973122982078e-05,5.9717169391367474e-05,-1.682514020333777e-05
20,4,Password,9.979774324036724e-06,-3.9919097296146897e-05,4.435455255127433e-06,9.979774324036724e-06,-5.1007735433965484e-05
20,4,Port_Scanning,0.0,0.0,0.0,0.0,0.0
20,4,Ransomware,-0.003338348450216953,-0.013341310800932427,0.007413036826570812,0.003611335667778029,0.008612673502330906
20,4,SQL_injection,0.008991650610147721,-0.0022479126525369302,-0.0022479126525369302,-0.0022479126525369302,-0.0022479126525369302
20,4,Uploading,-0.0009820675473610097,-0.0012710677724021688,0.004007631825250374,0.00038357194203845064,-0.0021380684475256467
20,4,Vulnerability_scanner,-0.008653675249569304,0.0018743415034031597,0.0022106062001730725,0.0021818582055981917,0.0017718359360048156
20,4,XSS,-0.003500353353077948,0.00149649074538618,-0.0009891188830805915,0.00149649074538618,0.00149649074538618
20,Aggregated,Backdoor,0.0016925488018382931,-0.002778892463695017,0.0025381015177458944,0.00028132182144466886,0.005258063259430888
20,Aggregated,DDoS_HTTP,0.011816945605395573,-0.02781559909000977,0.018478976336431318,0.01028248722747422,0.014571909051917064
20,Aggregated,DDoS_ICMP,0.0002029170493795492,0.00023289100776547334,0.0002179192435507978,0.00014279077120511833,-0.0007965180719009386
20,Aggregated,DDoS_TCP,-0.0007782537477329895,0.0010229333827077801,0.0005822338492330918,0.0007396504354405013,-0.00101475472846147
20,Aggregated,DDoS_UDP,0.00022994691088898956,0.0002567895007460038,0.0002943778268228225,9.044650816422325e-05,-0.0008715607466220391
20,Aggregated,Fingerprinting,0.0,0.0,0.0,0.0,0.0
20,Aggregated,MITM,0.0,-0.004870129870129886,0.0016233766233766285,0.0016233766233766285,0.0016233766233766285
20,Aggregated,Normal,0.00012753831748181418,-0.000149792948257312,7.120425734682411e-05,5.2968960943935066e-05,1.5134919092250436e-05
20,Aggregated,Password,3.4364460550977833e-06,-1.0522640537499045e-05,3.4370841118493146e-06,5.584145082439956e-06,-1.481740053543186e-05
20,Aggregated,Port_Scanning,0.0,0.0,0.0,0.0,0.0
20,Aggregated,Ransomware,-0.0021294309408143282,-0.011303256033432463,0.005650754518071299,0.004202231488502511,0.006628504237663937
20,Aggregated,SQL_injection,0.007561436672967864,-0.001890359168241966,-0.001890359168241966,-0.001890359168241966,-0.001890359168241966
20,Aggregated,Uploading,-0.0003367024040679331,-0.0015657518209785124,0.004486590084027198,4.166903492996282e-05,-0.002625804893910718
20,Aggregated,Vulnerability_scanner,-0.013099035516215855,0.0032797821037905146,0.003186666072174486,0.003239270150925189,0.0032570750866834845
20,Aggregated,XSS,-0.0023004161429078488,0.0011963581988190864,-0.0013017673623638398,0.0012094671076335161,0.0011963581988190858
20,Centralized,Backdoor,0.0016925488018382931,-0.002778892463695017,0.0025381015177458944,0.00028132182144466886,0.005258063259430888
20,Centralized,DDoS_HTTP,0.011816945605395573,-0.02781559909000977,0.018478976336431318,0.01028248722747422,0.014571909051917064
20,Centralized,DDoS_ICMP,0.0002029170493795492,0.00023289100776547334,0.0002179192435507978,0.00014279077120511833,-0.0007965180719009386
20,Centralized,DDoS_TCP,-0.0007782537477329895,0.0010229333827077801,0.0005822338492330918,0.0007396504354405013,-0.00101475472846147
20,Centralized,DDoS_UDP,0.00022994691088898956,0.0002567895007460038,0.0002943778268228225,9.044650816422325e-05,-0.0008715607466220391
20,Centralized,Fingerprinting,0.0,0.0,0.0,0.0,0.0
20,Centralized,MITM,0.0,-0.004870129870129886,0.0016233766233766285,0.0016233766233766285,0.0016233766233766285
20,Centralized,Normal,0.00012753831748181418,-0.000149792948257312,7.120425734682411e-05,5.2968960943935066e-05,1.5134919092250436e-05
20,Centralized,Password,3.4364460550977833e-06,-1.0522640537499045e-05,3.4370841118493146e-06,5.584145082439956e-06,-1.481740053543186e-05
20,Centralized,Port_Scanning,0.0,0.0,0.0,0.0,0.0
20,Centralized,Ransomware,-0.0021294309408143282,-0.011303256033432463,0.005650754518071299,0.004202231488502511,0.006628504237663937
20,Centralized,SQL_injection,0.007561436672967864,-0.001890359168241966,-0.001890359168241966,-0.001890359168241966,-0.001890359168241966
20,Centralized,Uploading,-0.0003367024040679331,-0.0015657518209785124,0.004486590084027198,4.166903492996282e-05,-0.002625804893910718
20,Centralized,Vulnerability_scanner,-0.013099035516215855,0.0032797821037905146,0.003186666072174486,0.003239270150925189,0.0032570750866834845
20,Centralized,XSS,-0.0023004161429078488,0.0011963581988190864,-0.0013017673623638398,0.0012094671076335161,0.0011963581988190858
