Round,Evaluator,Classes,1,3,4,2,0
0,0,Backdoor,,,,,
0,0,DDoS_HTTP,,,,,
0,0,DDoS_ICMP,,,,,
0,0,DDoS_TCP,,,,,
0,0,DDoS_UDP,,,,,
0,0,Fingerprinting,,,,,
0,0,MITM,,,,,
0,0,Normal,,,,,
0,0,Password,,,,,
0,0,Port_Scanning,,,,,
0,0,Ransomware,,,,,
0,0,SQL_injection,,,,,
0,0,Uploading,,,,,
0,0,Vulnerability_scanner,,,,,
0,0,XSS,,,,,
0,1,Backdoor,,,,,
0,1,DDoS_HTTP,,,,,
0,1,DDoS_ICMP,,,,,
0,1,DDoS_TCP,,,,,
0,1,DDoS_UDP,,,,,
0,1,Fingerprinting,,,,,
0,1,MITM,,,,,
0,1,Normal,,,,,
0,1,Password,,,,,
0,1,Port_Scanning,,,,,
0,1,Ransomware,,,,,
0,1,SQL_injection,,,,,
0,1,Uploading,,,,,
0,1,Vulnerability_scanner,,,,,
0,1,XSS,,,,,
0,2,Backdoor,,,,,
0,2,DDoS_HTTP,,,,,
0,2,DDoS_ICMP,,,,,
0,2,DDoS_TCP,,,,,
0,2,DDoS_UDP,,,,,
0,2,Fingerprinting,,,,,
0,2,MITM,,,,,
0,2,Normal,,,,,
0,2,Password,,,,,
0,2,Port_Scanning,,,,,
0,2,Ransomware,,,,,
0,2,SQL_injection,,,,,
0,2,Uploading,,,,,
0,2,Vulnerability_scanner,,,,,
0,2,XSS,,,,,
0,3,Backdoor,,,,,
0,3,DDoS_HTTP,,,,,
0,3,DDoS_ICMP,,,,,
0,3,DDoS_TCP,,,,,
0,3,DDoS_UDP,,,,,
0,3,Fingerprinting,,,,,
0,3,MITM,,,,,
0,3,Normal,,,,,
0,3,Password,,,,,
0,3,Port_Scanning,,,,,
0,3,Ransomware,,,,,
0,3,SQL_injection,,,,,
0,3,Uploading,,,,,
0,3,Vulnerability_scanner,,,,,
0,3,XSS,,,,,
0,4,Backdoor,,,,,
0,4,DDoS_HTTP,,,,,
0,4,DDoS_ICMP,,,,,
0,4,DDoS_TCP,,,,,
0,4,DDoS_UDP,,,,,
0,4,Fingerprinting,,,,,
0,4,MITM,,,,,
0,4,Normal,,,,,
0,4,Password,,,,,
0,4,Port_Scanning,,,,,
0,4,Ransomware,,,,,
0,4,SQL_injection,,,,,
0,4,Uploading,,,,,
0,4,Vulnerability_scanner,,,,,
0,4,XSS,,,,,
0,Aggregated,Backdoor,,,,,
0,Aggregated,DDoS_HTTP,,,,,
0,Aggregated,DDoS_ICMP,,,,,
0,Aggregated,DDoS_TCP,,,,,
0,Aggregated,DDoS_UDP,,,,,
0,Aggregated,Fingerprinting,,,,,
0,Aggregated,MITM,,,,,
0,Aggregated,Normal,,,,,
0,Aggregated,Password,,,,,
0,Aggregated,Port_Scanning,,,,,
0,Aggregated,Ransomware,,,,,
0,Aggregated,SQL_injection,,,,,
0,Aggregated,Uploading,,,,,
0,Aggregated,Vulnerability_scanner,,,,,
0,Aggregated,XSS,,,,,
0,Centralized,Backdoor,,,,,
0,Centralized,DDoS_HTTP,,,,,
0,Centralized,DDoS_ICMP,,,,,
0,Centralized,DDoS_TCP,,,,,
0,Centralized,DDoS_UDP,,,,,
0,Centralized,Fingerprinting,,,,,
0,Centralized,MITM,,,,,
0,Centralized,Normal,,,,,
0,Centralized,Password,,,,,
0,Centralized,Port_Scanning,,,,,
0,Centralized,Ransomware,,,,,
0,Centralized,SQL_injection,,,,,
0,Centralized,Uploading,,,,,
0,Centralized,Vulnerability_scanner,,,,,
0,Centralized,XSS,,,,,
1,0,Backdoor,-0.006808601462035111,-0.006808601462035111,-0.006808601462035111,-0.006808601462035111,-0.006808601462035111
1,0,DDoS_HTTP,-0.026580921757770635,-0.026580921757770635,-0.026580921757770635,-0.026580921757770635,-0.026580921757770635
1,0,DDoS_ICMP,0.199430259808991,0.1993888726130237,0.1960698007226308,0.1990088599431899,0.19958388818885628
1,0,DDoS_TCP,0.14959618503406538,0.14881814451029995,0.14499731273202196,0.14396031786331762,0.14622384038522943
1,0,DDoS_UDP,0.20055198744963754,0.19929696439546812,0.19278790961667483,0.19984042113339587,0.20108356737262773
1,0,Fingerprinting,-0.0014765596160944998,-0.0014765596160944998,-0.0014765596160944998,-0.0014765596160944998,-0.0014765596160944998
1,0,MITM,-0.008163265306122448,-0.008163265306122448,-0.008163265306122448,-0.008163265306122448,-0.008163265306122448
1,0,Normal,0.1898443804096284,0.18980343059593974,0.18954011362414744,0.18949642031237593,0.18961656904900315
1,0,Password,0.0005321719605919679,0.0005321719605919679,0.0005321719605919679,0.0005321719605919679,0.0005209835750312503
1,0,Port_Scanning,0.0,0.0,0.0,0.0,0.0
1,0,Ransomware,-0.000409626216077829,-0.000409626216077829,-0.000409626216077829,-0.000409626216077829,-0.000409626216077829
1,0,SQL_injection,0.0,0.0,0.0,0.0,0.0
1,0,Uploading,0.0,0.0,0.0,0.0,0.0
1,0,Vulnerability_scanner,0.17269166205623396,0.17305814498922292,0.1350298499650173,0.17277295940133097,0.1728052078826439
1,0,XSS,0.0,0.0,0.0,0.0,0.0
1,1,Backdoor,-0.007090608147792193,-0.007090608147792193,-0.007090608147792193,-0.007090608147792193,-0.007090608147792193
1,1,DDoS_HTTP,-0.0252922422954304,-0.0252922422954304,-0.0252922422954304,-0.0252922422954304,-0.0252922422954304
1,1,DDoS_ICMP,0.19982052072804585,0.19940480414708828,0.19617829062442255,0.1996536439336835,0.19976605814497267
1,1,DDoS_TCP,0.14929862293083337,0.1486360894926611,0.1449470208587421,0.14305666522362426,0.1454531872546565
1,1,DDoS_UDP,0.20091372156253884,0.19982123742405333,0.1932637021601917,0.20066913771302414,0.20115348047159698
1,1,Fingerprinting,-0.001463593121112331,-0.001463593121112331,-0.001463593121112331,-0.001463593121112331,-0.001463593121112331
1,1,MITM,-0.01702127659574468,-0.01702127659574468,-0.01702127659574468,-0.01702127659574468,-0.01702127659574468
1,1,Normal,0.18990580153186884,0.18985764446907627,0.18964258764897057,0.18969233542307762,0.18973382302906078
1,1,Password,0.003764705882352941,0.003764705882352941,0.003764705882352941,0.003764705882352941,0.003764705882352941
1,1,Port_Scanning,0.0,0.0,0.0,0.0,0.0
1,1,Ransomware,-0.0010183299389002036,-0.0010183299389002036,-0.0010183299389002036,-0.0010183299389002036,-0.0010183299389002036
1,1,SQL_injection,0.0,0.0,0.0,0.0,0.0
1,1,Uploading,0.0,0.0,0.0,0.0,0.0
1,1,Vulnerability_scanner,0.1687148765730301,0.16920470583196537,0.13533047871133028,0.16879635472049867,0.16940840120063663
1,1,XSS,-0.0005235602094240838,-0.0005235602094240838,-0.0005235602094240838,0.0020942408376963353,-0.0005235602094240838
1,2,Backdoor,-0.007001814494609885,-0.007001814494609885,-0.007001814494609885,-0.007001814494609885,-0.007001814494609885
1,2,DDoS_HTTP,-0.0274825550187869,-0.0274825550187869,-0.0274825550187869,-0.0274825550187869,-0.0274825550187869
1,2,DDoS_ICMP,0.19955682859154605,0.1993854254534857,0.1972301402079729,0.19890723934510265,0.19952225574062413
1,2,DDoS_TCP,0.1473102444297892,0.1463576580824242,0.14414100260641566,0.14536533179545952,0.14527683243134235
1,2,DDoS_UDP,0.20052961198003755,0.19881737944802264,0.194458784711508,0.19928430122768334,0.20079469894430327
1,2,Fingerprinting,-0.001143674052894925,-0.001143674052894925,-0.001143674052894925,-0.001143674052894925,-0.001143674052894925
1,2,MITM,0.0,0.0,0.0,0.0,0.0
1,2,Normal,0.1896647845759201,0.18962039445158216,0.18947815989207673,0.18948860177038054,0.18953075661835436
1,2,Password,-0.0013799444262830988,-0.0013799444262830988,-0.0013799444262830988,-0.0013799444262830988,-0.0013799444262830988
1,2,Port_Scanning,0.0,0.0,0.0,0.0,0.0
1,2,Ransomware,-0.0004098360655737705,-0.0004098360655737705,-0.0004098360655737705,-0.0004098360655737705,-0.0004098360655737705
1,2,SQL_injection,0.0,0.0,0.0,0.0,0.0
1,2,Uploading,0.0,0.0,0.0,0.0,0.0
1,2,Vulnerability_scanner,0.1705491569939522,0.17113110730707495,0.12865279418143552,0.17063216496462283,0.1710895785136191
1,2,XSS,0.0,0.0,0.0,0.0,0.0
1,3,Backdoor,-0.006915007493042175,-0.006915007493042175,-0.006915007493042175,-0.006915007493042175,-0.006915007493042175
1,3,DDoS_HTTP,-0.02503879979306777,-0.02503879979306777,-0.02503879979306777,-0.02503879979306777,-0.02503879979306777
1,3,DDoS_ICMP,0.20008632605290158,0.1995598336379486,0.19564941571568326,0.19895846165032424,0.20012924759827613
1,3,DDoS_TCP,0.14643089595459138,0.14493287075317116,0.14302646196947133,0.14258774361641577,0.14265433236820202
1,3,DDoS_UDP,0.20077297476000597,0.19956892199647205,0.1937081864122056,0.1990293993788109,0.20111406583960215
1,3,Fingerprinting,-0.0013220712449504223,-0.0013220712449504223,-0.0013220712449504223,-0.0013220712449504223,-0.0013220712449504223
1,3,MITM,-0.016,-0.016,-0.016,-0.016,-0.016
1,3,Normal,0.18972099818148583,0.18968562535462186,0.18952214305238899,0.18951245636270356,0.1895486561604108
1,3,Password,0.0013769569494455963,0.0013769569494455963,0.0013769569494455963,0.0013769569494455963,0.0013594764183870636
1,3,Port_Scanning,0.0,0.0,0.0,0.0,0.0
1,3,Ransomware,-0.00039840637450199205,-0.00039840637450199205,-0.00039840637450199205,-0.00039840637450199205,-0.00039840637450199205
1,3,SQL_injection,0.0,0.0,0.0,0.0,0.0
1,3,Uploading,0.0,0.0,0.0,0.0,0.0
1,3,Vulnerability_scanner,0.16084241396709328,0.16084241396709328,0.12507380047187316,0.16084241396709328,0.1606646540239765
1,3,XSS,0.0,0.0,0.0,0.0,0.0
1,4,Backdoor,-0.006068052930056711,-0.006068052930056711,-0.006068052930056711,-0.006068052930056711,-0.006068052930056711
1,4,DDoS_HTTP,-0.02354066985645933,-0.02354066985645933,-0.02354066985645933,-0.02354066985645933,-0.02354066985645933
1,4,DDoS_ICMP,0.1996737727534848,0.1992971803788493,0.19620008231042269,0.19898769648290024,0.1997697591919505
1,4,DDoS_TCP,0.15000434712844138,0.148637661485158,0.1442755140082994,0.14332826469269908,0.1444981231528148
1,4,DDoS_UDP,0.2006565779316333,0.19934588794799338,0.1942992326439299,0.19967981869062054,0.2008671627600661
1,4,Fingerprinting,-0.0012991699747383616,-0.0012991699747383616,-0.0012991699747383616,-0.0012991699747383616,-0.0012991699747383616
1,4,MITM,-0.014814814814814814,-0.014814814814814814,-0.014814814814814814,-0.014814814814814814,-0.014814814814814814
1,4,Normal,0.17963193095646576,0.17957122011229848,0.1793546900651025,0.17936437397129273,0.17943861878262016
1,4,Password,0.004853786124689135,0.004853786124689135,0.004853786124689135,0.004853786124689135,0.004853786124689135
1,4,Port_Scanning,0.0,0.0,0.0,0.0,0.0
1,4,Ransomware,-0.00039761431411530816,-0.00039761431411530816,-0.00039761431411530816,-0.00039761431411530816,-0.00039761431411530816
1,4,SQL_injection,-0.004740338164251208,-0.004740338164251208,0.018961352657004833,-0.004740338164251208,-0.004740338164251208
1,4,Uploading,0.0,0.0,0.0,0.0,0.0
1,4,Vulnerability_scanner,0.12850407878459486,0.12894988567648258,0.10854011807600968,0.12870204942886962,0.12914778757577514
1,4,XSS,-0.0015544041450777201,-0.0015544041450777201,-0.0015544041450777201,0.0062176165803108805,-0.0015544041450777201
1,Aggregated,Backdoor,-0.006758838962228794,-0.006758838962228794,-0.006758838962228794,-0.006758838962228794,-0.006758838962228794
1,Aggregated,DDoS_HTTP,-0.025534565082001248,-0.025534565082001248,-0.025534565082001248,-0.025534565082001248,-0.025534565082001248
1,Aggregated,DDoS_ICMP,0.19971343255269564,0.19940720084275865,0.19626626135670802,0.19910264748103848,0.19975402675402731
1,Aggregated,DDoS_TCP,0.1485292448497902,0.14747659633361168,0.14427938759841744,0.1436608647428355,0.14482317744477277
1,Aggregated,DDoS_UDP,0.20068514447459165,0.19937026582129608,0.19370205076515354,0.1997018660126585,0.20100300389861228
1,Aggregated,Fingerprinting,-0.0013397407892820738,-0.0013397407892820738,-0.0013397407892820738,-0.0013397407892820738,-0.0013397407892820738
1,Aggregated,MITM,-0.011864406779661017,-0.011864406779661017,-0.011864406779661017,-0.011864406779661017,-0.011864406779661017
1,Aggregated,Normal,0.18766265997166506,0.1876164542302435,0.1874164137579826,0.18741930243775135,0.18748220354975664
1,Aggregated,Password,0.0018650693459521782,0.0018650693459521782,0.0018650693459521782,0.0018650693459521782,0.0018586262488701516
1,Aggregated,Port_Scanning,0.0,0.0,0.0,0.0,0.0
1,Aggregated,Ransomware,-0.0005258367883506927,-0.0005258367883506927,-0.0005258367883506927,-0.0005258367883506927,-0.0005258367883506927
1,Aggregated,SQL_injection,-0.0036656549147793603,-0.0036656549147793603,0.014662619659117441,-0.0036656549147793603,-0.0036656549147793603
1,Aggregated,Uploading,0.0,0.0,0.0,0.0,0.0
1,Aggregated,Vulnerability_scanner,0.1584987794516312,0.15888500574761932,0.1257659436778936,0.15860069843757377,0.15888969631157132
1,Aggregated,XSS,-0.00041928721174004196,-0.00041928721174004196,-0.00041928721174004196,0.0016771488469601678,-0.00041928721174004196
1,Centralized,Backdoor,-0.006758838962228794,-0.006758838962228794,-0.006758838962228794,-0.006758838962228794,-0.006758838962228794
1,Centralized,DDoS_HTTP,-0.025534565082001248,-0.025534565082001248,-0.025534565082001248,-0.025534565082001248,-0.025534565082001248
1,Centralized,DDoS_ICMP,0.19971343255269564,0.19940720084275865,0.19626626135670802,0.19910264748103848,0.19975402675402731
1,Centralized,DDoS_TCP,0.1485292448497902,0.14747659633361168,0.14427938759841744,0.1436608647428355,0.14482317744477277
1,Centralized,DDoS_UDP,0.20068514447459165,0.19937026582129608,0.19370205076515354,0.1997018660126585,0.20100300389861228
1,Centralized,Fingerprinting,-0.0013397407892820738,-0.0013397407892820738,-0.0013397407892820738,-0.0013397407892820738,-0.0013397407892820738
1,Centralized,MITM,-0.011864406779661017,-0.011864406779661017,-0.011864406779661017,-0.011864406779661017,-0.011864406779661017
1,Centralized,Normal,0.18766265997166506,0.1876164542302435,0.1874164137579826,0.18741930243775135,0.18748220354975664
1,Centralized,Password,0.0018650693459521782,0.0018650693459521782,0.0018650693459521782,0.0018650693459521782,0.0018586262488701516
1,Centralized,Port_Scanning,0.0,0.0,0.0,0.0,0.0
1,Centralized,Ransomware,-0.0005258367883506927,-0.0005258367883506927,-0.0005258367883506927,-0.0005258367883506927,-0.0005258367883506927
1,Centralized,SQL_injection,-0.0036656549147793603,-0.0036656549147793603,0.014662619659117441,-0.0036656549147793603,-0.0036656549147793603
1,Centralized,Uploading,0.0,0.0,0.0,0.0,0.0
1,Centralized,Vulnerability_scanner,0.1584987794516312,0.15888500574761932,0.1257659436778936,0.15860069843757377,0.15888969631157132
1,Centralized,XSS,-0.00041928721174004196,-0.00041928721174004196,-0.00041928721174004196,0.0016771488469601678,-0.00041928721174004196
2,0,Backdoor,0.0,0.0,0.0,0.0,0.0
2,0,DDoS_HTTP,0.0,0.0,0.0,0.0,0.0
2,0,DDoS_ICMP,0.000791681485181254,0.000234843121449807,-0.0007491803429742483,-0.00021788370676151247,0.0003791463897864407
2,0,DDoS_TCP,-0.0031295888112000034,0.0016727846899866987,0.003721529608789844,-0.001634886511205876,-0.0033549271002496126
2,0,DDoS_UDP,0.0007045948042185335,-0.0003737896405061836,-0.0004377492207101541,-0.0008520019896281983,0.0006521918064156862
2,0,Fingerprinting,0.0,0.0,0.0,0.0,0.0
2,0,MITM,0.10476190476190475,0.009523809523809523,-0.18095238095238092,0.08095238095238094,-0.014285714285714285
2,0,Normal,6.630293676273916e-05,-2.843223686313697e-05,0.00010983224998156552,-7.820701768510205e-05,-0.00022260889702462687
2,0,Password,-2.0112375476608742e-05,-8.957388081744753e-06,2.2309974789727973e-06,3.579615416112545e-05,-8.957388081744753e-06
2,0,Port_Scanning,0.0,0.0,0.0,0.0,0.0
2,0,Ransomware,0.0,0.0,0.0,0.0,0.0
2,0,SQL_injection,0.0,0.0,0.0,0.0,0.0
2,0,Uploading,-0.00020746887966804981,-0.00020746887966804981,-0.00020746887966804981,0.0008298755186721993,-0.00020746887966804981
2,0,Vulnerability_scanner,-0.0005443516398132823,-0.0009507894719272159,-5.5823764743952636e-05,0.0016881621151309644,-0.00013719723864651366
2,0,XSS,-0.0003221923322848703,-0.006376139831584078,0.002241633435513478,0.03486097357047776,0.010832838559939549
2,1,Backdoor,0.00248781223299995,-0.000833458980415808,-0.000833458980415808,1.2564708247474449e-05,-0.000833458980415808
2,1,DDoS_HTTP,0.0,0.0,0.0,0.0,0.0
2,1,DDoS_ICMP,0.0006850557624773878,-0.0002407995541146087,-0.0008373827572853691,-0.0004666756262075189,0.0001779897794317975
2,1,DDoS_TCP,-0.0029273318768793964,7.679720700387768e-05,0.0018692425440205273,-0.001973062713888268,-0.00364868179910894
2,1,DDoS_UDP,0.0009605533079915832,-0.0007178597489947018,-0.0010401735560116273,-0.0006654184663494378,0.0005068309419723045
2,1,Fingerprinting,0.0,0.0,0.0,0.0,0.0
2,1,MITM,0.15833333333333335,-0.008333333333333335,-0.1988095238095238,0.08095238095238094,-0.03214285714285714
2,1,Normal,0.00020312286418252,-0.00011619964565426541,-3.9280784508083363e-05,-1.813450289102995e-05,-0.00020747514337741691
2,1,Password,0.0,0.0,0.0,0.0,0.0
2,1,Port_Scanning,0.0,0.0,0.0,0.0,0.0
2,1,Ransomware,0.0,0.0,0.0,0.0,0.0
2,1,SQL_injection,0.0,0.0,0.0,0.0,0.0
2,1,Uploading,-0.0010351966873706005,-0.0010351966873706005,-0.0010351966873706005,0.004140786749482402,-0.0010351966873706005
2,1,Vulnerability_scanner,-0.00018769738050679422,-0.0005137059399303275,0.00013879136597875948,0.000954629184337478,9.800430746977895e-05
2,1,XSS,0.002105063568709366,-0.004857560049673415,0.0003507732836599178,0.0253759603878626,0.00811384571099597
2,2,Backdoor,0.0012815047690094316,-0.00042916644464574343,-0.00042916644464574343,5.9945649277988195e-06,-0.00042916644464574343
2,2,DDoS_HTTP,0.0,0.0,0.0,0.0,0.0
2,2,DDoS_ICMP,0.0006403730091998442,0.0001450077366269472,-0.0004702111559654147,-0.00013826594519890842,0.00048827936278597606
2,2,DDoS_TCP,-0.0020732722793592893,0.0009521139567647662,0.0015466897109321013,0.0003385179886121581,-0.001705340365144801
2,2,DDoS_UDP,0.0009426058212689029,-0.0001680516572203324,-0.0007615661883825749,-0.00022128132075285484,0.0005431702127229727
2,2,Fingerprinting,0.0,0.0,0.0,0.0,0.0
2,2,MITM,0.0,0.0,0.0,0.0,0.0
2,2,Normal,0.00011985182903770189,-8.04839803313843e-05,-1.3454294936600848e-05,-3.135370688611879e-05,-0.00016969690506288455
2,2,Password,-1.6244671811624715e-05,1.082978120774981e-05,-2.7074453019374525e-06,1.082978120774981e-05,-2.7074453019374525e-06
2,2,Port_Scanning,0.0,0.0,0.0,0.0,0.0
2,2,Ransomware,0.0,0.0,0.0,0.0,0.0
2,2,SQL_injection,0.0,0.0,0.0,0.0,0.0
2,2,Uploading,-0.0015736050743237846,-0.0012256579622848148,-0.0015736050743237846,0.005946473185256169,-0.0015736050743237846
2,2,Vulnerability_scanner,-0.0006645615313849162,-0.0012448750366502264,0.0001660161192838979,0.0017434204487512446,0.0
2,2,XSS,0.002455510384093379,-0.00958189955907573,0.002401535104771308,0.04997697553735461,0.015972368328774807
2,3,Backdoor,0.0,0.0,0.0,0.0,0.0
2,3,DDoS_HTTP,0.0,0.0,0.0,0.0,0.0
2,3,DDoS_ICMP,0.0011134443042908745,-0.00038679630889161635,-0.0008468466260836657,-0.0009344205835156401,0.0005861418612975955
2,3,DDoS_TCP,-0.0007553305558274048,-0.0002386286250733116,0.0009467127672717494,-0.00015534644496205304,-0.0005357025866706962
2,3,DDoS_UDP,0.0015275360144344848,-0.0007240137052232291,-0.000787361658711259,-0.0014419903287249513,0.0011288440922846866
2,3,Fingerprinting,0.0,0.0,0.0,0.0,0.0
2,3,MITM,0.16904761904761906,0.02023809523809524,-0.25357142857142856,0.14523809523809522,-0.08095238095238096
2,3,Normal,0.00017332186418581955,-0.00010015332757918698,-1.007529131957785e-05,5.786694632692324e-06,-0.00017991438428618944
2,3,Password,-3.8395290342726e-05,-3.537358202403487e-06,-3.485793214032251e-06,6.638476603172647e-05,-2.0966324272564742e-05
2,3,Port_Scanning,0.0,0.0,0.0,0.0,0.0
2,3,Ransomware,0.0,0.0,0.0,0.0,0.0
2,3,SQL_injection,0.0,0.0,0.0,0.0,0.0
2,3,Uploading,-0.0006198347107438017,-0.0006198347107438017,-0.0006198347107438017,0.0024793388429752068,-0.0006198347107438017
2,3,Vulnerability_scanner,-0.0004269900434579643,-0.0007829676546636133,-7.101243225231535e-05,0.0013519825626262083,-7.101243225231535e-05
2,3,XSS,0.0025906735751295338,-0.0051813471502590676,0.0,0.023316062176165834,0.010362694300518135
2,4,Backdoor,0.0050057405281285884,-0.0016787855593825742,-0.0016787855593825742,3.0616150019135115e-05,-0.0016787855593825742
2,4,DDoS_HTTP,0.0,0.0,0.0,0.0,0.0
2,4,DDoS_ICMP,0.0008952799853715795,0.0003811080655704291,-0.0005694624364916504,-0.00012857589637711256,0.0005382042093644568
2,4,DDoS_TCP,-0.0016318871050078527,-0.00021800892549131423,0.0007123661613141948,-0.0007809157783797612,-0.0013122373066204267
2,4,DDoS_UDP,0.0013250188145731904,0.0003153302612479166,-0.0003310989197679748,-0.0002177594019949473,0.0008443951880971394
2,4,Fingerprinting,0.0,0.0,0.0,0.0,0.0
2,4,MITM,0.1285714285714286,0.05714285714285714,-0.12142857142857141,0.05714285714285714,-0.12142857142857141
2,4,Normal,0.00017924818121989872,-0.00010912804528715273,-4.507282930530746e-06,-1.394699598213922e-05,-0.00016194542107503634
2,4,Password,-3.928478639216512e-05,1.9653995318466565e-05,-1.1602122384005154e-08,1.9653995318466565e-05,-1.1602122384005154e-08
2,4,Port_Scanning,0.0,0.0,0.0,0.0,0.0
2,4,Ransomware,0.0,0.0,0.0,0.0,0.0
2,4,SQL_injection,0.0,0.0,0.0,0.0,0.0
2,4,Uploading,-0.0004158004158004158,-0.0004158004158004158,-0.0004158004158004158,0.0016632016632016633,-0.0004158004158004158
2,4,Vulnerability_scanner,-0.0005790600039189131,-0.0011472703854847148,0.00016329491741016536,0.0015235001004533972,3.953537154006518e-05
2,4,XSS,0.001715140486718584,-0.015147228264628736,0.005054791937391463,0.07450135133369967,0.024328205813351756
2,Aggregated,Backdoor,0.0017730858184180419,-0.0005943158184919608,-0.0005943158184919608,9.861637057840578e-06,-0.0005943158184919608
2,Aggregated,DDoS_HTTP,0.0,0.0,0.0,0.0,0.0
2,Aggregated,DDoS_ICMP,0.0008250699213539584,2.6874990236578727e-05,-0.0006946879894402144,-0.00037693429164331604,0.00043382027340196916
2,Aggregated,DDoS_TCP,-0.0021068352544320657,0.0004488094810994825,0.001760394533106228,-0.0008427965476785259,-0.0021165302384931898
2,Aggregated,DDoS_UDP,0.0010921454668890885,-0.0003341072645120439,-0.0006716639054265949,-0.0006803599760133376,0.0007352779882622358
2,Aggregated,Fingerprinting,0.0,0.0,0.0,0.0,0.0
2,Aggregated,MITM,0.11922296011480071,0.017883874904747774,-0.16200194794834258,0.07693716782900842,-0.05204205490021428
2,Aggregated,Normal,0.00014889092668978938,-8.748251136688756e-05,7.983376110979693e-06,-2.6939038931097133e-05,-0.00018784943314329266
2,Aggregated,Password,-2.4447843822874085e-05,3.4187347637648174e-06,-8.594584753675537e-07,2.9191123091870893e-05,-7.3025555573940726e-06
2,Aggregated,Port_Scanning,0.0,0.0,0.0,0.0,0.0
2,Aggregated,Ransomware,0.0,0.0,0.0,0.0,0.0
2,Aggregated,SQL_injection,0.0,0.0,0.0,0.0,0.0
2,Aggregated,Uploading,-0.0007722875534937246,-0.0007026108533822419,-0.0007722875534937246,0.0030194735138634157,-0.0007722875534937246
2,Aggregated,Vulnerability_scanner,-0.0005000557575636999,-0.0009653057543445069,7.51068653383998e-05,0.001490077033789224,-1.225941127882546e-05
2,Aggregated,XSS,0.0017133681370804972,-0.008278003552586738,0.0020312641285705783,0.04182971700967925,0.013985705559307662
2,Centralized,Backdoor,0.0017730858184180419,-0.0005943158184919608,-0.0005943158184919608,9.861637057840578e-06,-0.0005943158184919608
2,Centralized,DDoS_HTTP,0.0,0.0,0.0,0.0,0.0
2,Centralized,DDoS_ICMP,0.0008250699213539584,2.6874990236578727e-05,-0.0006946879894402144,-0.00037693429164331604,0.00043382027340196916
2,Centralized,DDoS_TCP,-0.0021068352544320657,0.0004488094810994825,0.001760394533106228,-0.0008427965476785259,-0.0021165302384931898
2,Centralized,DDoS_UDP,0.0010921454668890885,-0.0003341072645120439,-0.0006716639054265949,-0.0006803599760133376,0.0007352779882622358
2,Centralized,Fingerprinting,0.0,0.0,0.0,0.0,0.0
2,Centralized,MITM,0.11922296011480071,0.017883874904747774,-0.16200194794834258,0.07693716782900842,-0.05204205490021428
2,Centralized,Normal,0.00014889092668978938,-8.748251136688756e-05,7.983376110979693e-06,-2.6939038931097133e-05,-0.00018784943314329266
2,Centralized,Password,-2.4447843822874085e-05,3.4187347637648174e-06,-8.594584753675537e-07,2.9191123091870893e-05,-7.3025555573940726e-06
2,Centralized,Port_Scanning,0.0,0.0,0.0,0.0,0.0
2,Centralized,Ransomware,0.0,0.0,0.0,0.0,0.0
2,Centralized,SQL_injection,0.0,0.0,0.0,0.0,0.0
2,Centralized,Uploading,-0.0007722875534937246,-0.0007026108533822419,-0.0007722875534937246,0.0030194735138634157,-0.0007722875534937246
2,Centralized,Vulnerability_scanner,-0.0005000557575636999,-0.0009653057543445069,7.51068653383998e-05,0.001490077033789224,-1.225941127882546e-05
2,Centralized,XSS,0.0017133681370804972,-0.008278003552586738,0.0020312641285705783,0.04182971700967925,0.013985705559307662
3,0,Backdoor,0.005934024962672688,0.1430672970627795,0.09583157533887961,-0.03311471638797578,0.14869540838848916
3,0,DDoS_HTTP,0.13574917792778626,-0.060887648392827794,-0.10382285075151894,-0.020974402151093925,0.07590974934168046
3,0,DDoS_ICMP,0.00017875061762344103,0.0007295077323438814,-0.0003296330044796791,-0.0006914941616735855,0.0010088979243431681
3,0,DDoS_TCP,-0.07049895774726986,-0.02862471873811035,0.0420583079742238,0.09724718677506568,-0.019545497845138718
3,0,DDoS_UDP,0.0002410184383428937,0.0015439437302914342,-0.0006118700234721608,-0.0013545873375920244,0.002108896413117321
3,0,Fingerprinting,0.0,0.0,0.0,0.0,0.0
3,0,MITM,0.19831168831168836,0.28694805194805195,-0.043571428571428567,0.13323232323232323,0.3341702741702741
3,0,Normal,0.0016126395499053796,0.001237786243261448,0.0012760743831429129,-7.742792088670976e-05,0.001826658353712568
3,0,Password,0.0005920286124583412,0.0005920286124583412,0.0005920286124583412,-0.0023681144498333647,0.0005920286124583412
3,0,Port_Scanning,0.1690661234807629,0.05062249955431317,-0.08052164264824033,-0.2157090381018589,0.07654205771502329
3,0,Ransomware,0.0,0.0,0.0,0.0,0.0
3,0,SQL_injection,0.0,0.0,0.0,0.0,0.0
3,0,Uploading,0.01819329400547821,0.057381390092082415,-0.012569827505919206,0.012183547007161384,0.040865755008547305
3,0,Vulnerability_scanner,9.773479374355353e-05,9.773479374355353e-05,-7.376175456458856e-05,-0.00021944262666607207,9.773479374355353e-05
3,0,XSS,0.0005074515250253726,0.0005074515250253726,0.0005074515250253726,0.0005074515250253726,-0.0020298061001014903
3,1,Backdoor,0.002695911823508407,0.14972660093827772,0.10554379577970494,-0.043452246973533004,0.1554281349638337
3,1,DDoS_HTTP,0.13878012788420147,-0.06422350981331877,-0.10263238850823964,-0.007522959711193557,0.06522835977818017
3,1,DDoS_ICMP,-5.744720664325742e-05,0.0008666929849999523,-0.0005272533520807791,-0.00047320489652622106,0.000866024619265963
3,1,DDoS_TCP,-0.06390999035108266,-0.025046257161969152,0.03784897213651591,0.09516804240038476,-0.016519089780667535
3,1,DDoS_UDP,-8.078865677030311e-05,0.0012268218516388134,-0.0012273188884504942,-0.0008271373641047056,0.0012278019378825316
3,1,Fingerprinting,0.0,0.0,0.0,0.0,0.0
3,1,MITM,0.16904761904761903,0.16904761904761906,-0.009523809523809506,0.16904761904761914,0.16904761904761917
3,1,Normal,0.0016782860724842863,0.0015824200765679642,0.001465371699167021,-0.00011249830658531245,0.001946194149785065
3,1,Password,0.001150131694468832,0.001150131694468832,0.001150131694468832,-0.004600526777875328,0.001150131694468832
3,1,Port_Scanning,0.1688476161186743,0.05059679816224027,-0.08252261352138746,-0.20933696873576094,0.07241516797623378
3,1,Ransomware,0.0,0.0,0.0,0.0,0.0
3,1,SQL_injection,0.0,0.0,0.0,0.0,0.0
3,1,Uploading,0.01970704188903479,0.0655333244512755,-0.018046960199792492,0.012343580443279474,0.050731212649919186
3,1,Vulnerability_scanner,0.00012655435571716224,0.00012655435571716224,0.00012655435571716224,-0.000506217422868649,0.00012655435571716224
3,1,XSS,0.0010308439356536364,0.0010308439356536364,0.0010308439356536364,0.0010308439356536364,-0.004123375742614546
3,2,Backdoor,-0.0028584279672096246,0.14852450096538125,0.10067944207816816,-0.06863989862182737,0.1475955883647647
3,2,DDoS_HTTP,0.1433074183012397,-0.06524407449063215,-0.10168420678639034,-0.018407977075196154,0.078793545933332
3,2,DDoS_ICMP,2.5455738641475915e-05,0.0005178688207084929,-0.00014349237709564976,-0.0005602208898627059,0.0008356067130966964
3,2,DDoS_TCP,-0.07798729187303569,-0.027519610224865147,0.044301367763585106,0.10679481637706557,-0.021762162004263914
3,2,DDoS_UDP,0.0002938446333383341,0.0012520022995180255,-0.0007194717807184226,-0.0007978329432161036,0.0018957634807820866
3,2,Fingerprinting,0.0,0.0,0.0,0.0,0.0
3,2,MITM,0.13166666666666668,0.3177777777777776,-0.21000000000000002,0.009841269841269823,0.417380952380952
3,2,Normal,0.0017039479443522207,0.0012790940322475112,0.0012748267251658804,-0.00041004206105396495,0.0017979892542098772
3,2,Password,0.0008981482537907743,0.0008981482537907743,0.0008981482537907743,-0.003592593015163097,0.0008981482537907743
3,2,Port_Scanning,0.16312044235264514,0.06408240644673731,-0.08769613862728015,-0.21215171320360143,0.07264500303149911
3,2,Ransomware,0.0,0.0,0.0,0.0,0.0
3,2,SQL_injection,0.0,0.0,0.0,0.0,0.0
3,2,Uploading,0.029615498108900806,0.05102924706342977,-0.002309937592797221,0.02445782708382765,0.040874662123028455
3,2,Vulnerability_scanner,0.00014941477427007354,0.00014941477427007354,0.00014941477427007354,-0.0005976590970802942,0.00014941477427007354
3,2,XSS,0.0,0.0,0.0,0.0,0.0
3,3,Backdoor,-0.005414746716087612,0.15128461218668982,0.10008202071152993,-0.05771260715230728,0.14999601508782226
3,3,DDoS_HTTP,0.13834473418149215,-0.06536660068450656,-0.10515185570491399,-0.01958653705825185,0.07410662798126409
3,3,DDoS_ICMP,2.8454218300620154e-05,0.0010710934587268572,-0.00046148905984632244,-0.0013142770699309247,0.0015753908573956459
3,3,DDoS_TCP,-0.06421055009070048,-0.02417622375426359,0.03926013421276007,0.08661819225099604,-0.0152961200061957
3,3,DDoS_UDP,-0.00010045831948098013,0.0013591709520443399,-0.0009814753376099809,-0.0018548674868305156,0.0022200972654395504
3,3,Fingerprinting,0.0,0.0,0.0,0.0,0.0
3,3,MITM,0.09166666666666666,0.09166666666666666,0.09166666666666666,0.09166666666666666,0.13333333333333333
3,3,Normal,0.0015154954946739333,0.001484642369515062,0.001331838272256919,-0.0003466981103903366,0.0020823134693753243
3,3,Password,0.0007176884930315906,0.0007176884930315906,0.0007176884930315906,-0.0028707539721263622,0.0007176884930315906
3,3,Port_Scanning,0.1884724053371278,0.06290446493876133,-0.09694651858068634,-0.24114717289844292,0.08671682120324009
3,3,Ransomware,0.0,0.0,0.0,0.0,0.0
3,3,SQL_injection,0.0,0.0,0.0,0.0,0.0
3,3,Uploading,0.01866738709908046,0.04859860906138469,-0.0073579959966135495,0.01014092924061232,0.03764337828784374
3,3,Vulnerability_scanner,1.2457057960640894e-05,1.2457057960640894e-05,-0.00016530288515616552,0.00012793171127424287,1.2457057960640894e-05
3,3,XSS,0.0,0.0,0.0,0.0,0.0
3,4,Backdoor,0.0035000438938723355,0.1476317089029826,0.09823747490581279,-0.05417742120182118,0.1521309141937987
3,4,DDoS_HTTP,0.13999520129725682,-0.06875948234848274,-0.09629166977681594,-0.0038610464282947646,0.0510572186585507
3,4,DDoS_ICMP,7.096445268262586e-05,0.0006372224196566319,-0.00041685421133002556,-0.0007793534156116425,0.0009364412345685932
3,4,DDoS_TCP,-0.07115430361455492,-0.032635869223511665,0.04396986161472036,0.10745472570082579,-0.020100535665000554
3,4,DDoS_UDP,-2.2363327194406073e-05,0.0008598212581742075,-0.0007169728276396226,-0.001275563262974074,0.0011550781596338952
3,4,Fingerprinting,0.0,0.0,0.0,0.0,0.0
3,4,MITM,0.1586868686868687,0.1816666666666667,0.042020202020202006,0.16979797979797986,0.24782828282828287
3,4,Normal,0.0014046701310579835,0.0011294324826520504,0.0013308519680162796,8.592808257493941e-05,0.0015729253110504271
3,4,Password,0.0017577445179255136,0.0017577445179255136,0.0017577445179255136,-0.007030978071702054,0.0017577445179255136
3,4,Port_Scanning,0.17338491264888314,0.05060933425662991,-0.08301394124745144,-0.21314812808704456,0.072167822428983
3,4,Ransomware,0.0,0.0,0.0,0.0,0.0
3,4,SQL_injection,0.0,0.0,0.0,0.0,0.0
3,4,Uploading,0.020012498925420716,0.0542506393823884,-0.01581752639269344,0.010827738774994398,0.04248002117886876
3,4,Vulnerability_scanner,0.00014700029287414428,0.00014700029287414428,0.00014700029287414428,-0.0005880011714965771,0.00014700029287414428
3,4,XSS,0.00048220902492259257,0.00048220902492259257,0.00048220902492259257,0.00048220902492259257,-0.0019288360996903703
3,Aggregated,Backdoor,0.0008336442160151197,0.14801691325257707,0.10009067007533497,-0.051299846677309,0.15077225015570858
3,Aggregated,DDoS_HTTP,0.1392651576817446,-0.06492332760543608,-0.10193986481704731,-0.014119647872293048,0.06910480326440117
3,Aggregated,DDoS_ICMP,4.925416694110951e-05,0.0007643889323781072,-0.0003757019026470909,-0.0007635205682741564,0.001044353979135365
3,Aggregated,DDoS_TCP,-0.06950976679629606,-0.027596263284569735,0.04146348075536219,0.0986378552603109,-0.018639666037536865
3,Aggregated,DDoS_UDP,6.619380477966101e-05,0.001248745328367042,-0.0008515952730562456,-0.001222352415470566,0.0017217927788488463
3,Aggregated,Fingerprinting,0.0,0.0,0.0,0.0,0.0
3,Aggregated,MITM,0.1517973402202267,0.21110744608815823,-0.019812051920465767,0.1199357870202272,0.2603757339110023
3,Aggregated,Normal,0.00158021842262873,0.0013400054056293576,0.0013367150418833074,-0.0001680195736624072,0.001840508166141941
3,Aggregated,Password,0.0010255015641591513,0.0010255015641591513,0.0010255015641591513,-0.004102006256636605,0.0010255015641591513
3,Aggregated,Port_Scanning,0.17261039416876608,0.05585632072896785,-0.08623946715047448,-0.21837657311701814,0.07614932536975866
3,Aggregated,Ransomware,0.0,0.0,0.0,0.0,0.0
3,Aggregated,SQL_injection,0.0,0.0,0.0,0.0,0.0
3,Aggregated,Uploading,0.021283509718399835,0.05534598820946022,-0.01120849584409135,0.014027462490249389,0.042530821962230465
3,Aggregated,Vulnerability_scanner,0.00011192519233131915,0.00011192519233131915,4.3814485187937405e-05,-0.00037959006218189485,0.00011192519233131915
3,Aggregated,XSS,0.0004013837175526155,0.0004013837175526155,0.0004013837175526155,0.0004013837175526155,-0.001605534870210462
3,Centralized,Backdoor,0.0008336442160151197,0.14801691325257707,0.10009067007533497,-0.051299846677309,0.15077225015570858
3,Centralized,DDoS_HTTP,0.1392651576817446,-0.06492332760543608,-0.10193986481704731,-0.014119647872293048,0.06910480326440117
3,Centralized,DDoS_ICMP,4.925416694110951e-05,0.0007643889323781072,-0.0003757019026470909,-0.0007635205682741564,0.001044353979135365
3,Centralized,DDoS_TCP,-0.06950976679629606,-0.027596263284569735,0.04146348075536219,0.0986378552603109,-0.018639666037536865
3,Centralized,DDoS_UDP,6.619380477966101e-05,0.001248745328367042,-0.0008515952730562456,-0.001222352415470566,0.0017217927788488463
3,Centralized,Fingerprinting,0.0,0.0,0.0,0.0,0.0
3,Centralized,MITM,0.1517973402202267,0.21110744608815823,-0.019812051920465767,0.1199357870202272,0.2603757339110023
3,Centralized,Normal,0.00158021842262873,0.0013400054056293576,0.0013367150418833074,-0.0001680195736624072,0.001840508166141941
3,Centralized,Password,0.0010255015641591513,0.0010255015641591513,0.0010255015641591513,-0.004102006256636605,0.0010255015641591513
3,Centralized,Port_Scanning,0.17261039416876608,0.05585632072896785,-0.08623946715047448,-0.21837657311701814,0.07614932536975866
3,Centralized,Ransomware,0.0,0.0,0.0,0.0,0.0
3,Centralized,SQL_injection,0.0,0.0,0.0,0.0,0.0
3,Centralized,Uploading,0.021283509718399835,0.05534598820946022,-0.01120849584409135,0.014027462490249389,0.042530821962230465
3,Centralized,Vulnerability_scanner,0.00011192519233131915,0.00011192519233131915,4.3814485187937405e-05,-0.00037959006218189485,0.00011192519233131915
3,Centralized,XSS,0.0004013837175526155,0.0004013837175526155,0.0004013837175526155,0.0004013837175526155,-0.001605534870210462
4,0,Backdoor,0.04196240798315041,-0.05669012504583972,0.04447843857145512,-0.05891843247340285,0.024043542757476746
4,0,DDoS_HTTP,0.08546893571555496,0.09228366701065814,0.06743344441410773,0.050160487761371275,0.09247254257255788
4,0,DDoS_ICMP,-0.00027960201876767545,0.0004294951699264878,0.0005632933018649293,0.00010505572001621167,0.0007667000545840001
4,0,DDoS_TCP,-0.00226847993486472,0.000429385063293571,0.002911466350335671,-0.0014714996191684518,-0.0007741263082604107
4,0,DDoS_UDP,-0.00025299401153707396,0.0007700324122440853,0.0009558444608238625,0.0001593331037082942,0.0012532973957577926
4,0,Fingerprinting,0.0,0.0,0.0,0.0,0.0
4,0,MITM,0.0,0.0,0.0,0.0,0.0
4,0,Normal,0.0005228633483498206,0.0007400342808014067,0.0008321147194409888,-0.0013864267913946534,4.6746481411328684e-05
4,0,Password,0.0,0.0,0.0,0.0,0.0
4,0,Port_Scanning,0.0,0.0,0.0,0.0,0.0
4,0,Ransomware,0.0,0.0,0.0,0.0,0.0
4,0,SQL_injection,0.0,0.0,0.0,0.0,0.0
4,0,Uploading,0.011058543298211964,-0.01670135216562103,-0.002059563327239201,0.005798818890921526,-0.008475458532586176
4,0,Vulnerability_scanner,0.012964755472102674,0.012069290615763829,-0.05100418186375669,0.013005380303787523,0.012964755472102674
4,0,XSS,0.0034256310609740736,-0.015447724941976574,0.004298231410014214,0.004298231410014214,0.003425631060974074
4,1,Backdoor,0.04691857120834705,-0.0625754435988363,0.02456501686368838,-0.05589663642227835,0.0395960962141001
4,1,DDoS_HTTP,0.08424956681025655,0.08902932357686986,0.05907770947179257,0.06568314308198689,0.09764708312566714
4,1,DDoS_ICMP,0.00016853827725306266,0.0005795518739870183,0.0006944263783164632,-8.198297762463392e-05,0.00044857093880998713
4,1,DDoS_TCP,-0.0005021740587824563,-0.0013860692950136532,0.00181497608684917,0.0005915366512442733,-0.0016872482375317485
4,1,DDoS_UDP,0.00035513358510556035,0.0009195176518064285,0.0012132209848062293,-0.00025618752724889673,0.0009734186571899228
4,1,Fingerprinting,0.0,0.0,0.0,0.0,0.0
4,1,MITM,0.03555555555555557,-0.02000000000000001,-0.02000000000000001,-0.031111111111111128,0.035555555555555576
4,1,Normal,0.0005549110476732936,0.0006397064780814273,0.0007759932058547081,-0.0015217256026655468,-1.418962288697867e-05
4,1,Password,0.0,0.0,0.0,0.0,0.0
4,1,Port_Scanning,0.0,0.0,0.0,0.0,0.0
4,1,Ransomware,0.0,0.0,0.0,0.0,0.0
4,1,SQL_injection,0.0,0.0,0.0,0.0,0.0
4,1,Uploading,0.01662887005106467,-0.017931924883935066,-0.001633946879634091,0.010364244640272281,-0.014143318609360717
4,1,Vulnerability_scanner,0.011936138146849677,0.011365070918805686,-0.047214224433088973,0.011976877220583939,0.011936138146849677
4,1,XSS,0.0017234987204875713,-0.010357268806119957,0.004314172295617104,0.0025960990695277106,0.0017234987204875713
4,2,Backdoor,0.025396084552056056,-0.05973687822674567,0.03266967061888433,-0.05677740614162449,0.011835848968316631
4,2,DDoS_HTTP,0.08285781898470651,0.09046987197384253,0.05061118300023186,0.05579295886466248,0.09474228632613216
4,2,DDoS_ICMP,-0.00011681082129386308,0.0003885317807843495,0.00040819167419929857,0.00023368101155540704,0.00044384597608397857
4,2,DDoS_TCP,-0.0019219920149034823,0.001833342186204064,0.0018458147499067453,-0.0013268956292149655,6.250629764830891e-05
4,2,DDoS_UDP,-3.628865744826903e-05,0.000636852180580283,0.0009305194597144591,0.0001576409713046789,0.0008786573831398007
4,2,Fingerprinting,0.0,0.0,0.0,0.0,0.0
4,2,MITM,0.06242424242424242,0.016969696969697006,0.016969696969697006,-0.025454545454545435,0.062424242424242424
4,2,Normal,0.0006676047350445876,0.0008600645952301736,0.0009377122364206033,-0.0016549006237559227,-7.438464647892736e-06
4,2,Password,2.705414210188092e-06,6.092259702296608e-06,-6.712758231736231e-07,6.092259702296608e-06,-1.4218657791607684e-05
4,2,Port_Scanning,0.0,0.0,0.0,0.0,0.0
4,2,Ransomware,0.0,0.0,0.0,0.0,0.0
4,2,SQL_injection,0.0,0.0,0.0,0.0,0.0
4,2,Uploading,0.0029212857143608114,-0.0057386551557604285,-0.0009386084393871776,0.001984937039945687,-0.0042289519302519535
4,2,Vulnerability_scanner,0.014352790021882476,0.013065840321924144,-0.056165590598687816,0.014394170232998727,0.014352790021882476
4,2,XSS,0.004398838393240386,-0.02190438003884017,0.007835264510078875,0.005271438742280526,0.004398838393240386
4,3,Backdoor,0.04928564412619689,-0.051718582923532576,0.03240466880069407,-0.05112770152086628,0.02801871661554713
4,3,DDoS_HTTP,0.09021035891570627,0.1027824288869266,0.05827983876371323,0.06596805110865818,0.09880465270200016
4,3,DDoS_ICMP,-0.00012207630520576866,0.0010196905898676057,0.00010260876056656561,0.00026142600332714204,0.0007754733588273073
4,3,DDoS_TCP,-0.0016955331878838631,8.556349727320741e-05,0.002443781897909773,-0.00019726227133253226,-0.0014314803863041015
4,3,DDoS_UDP,-3.388617702247594e-05,0.001284103085176852,0.0005573553511455997,5.928693590980065e-05,0.0013382295249795432
4,3,Fingerprinting,0.0,0.0,0.0,0.0,0.0
4,3,MITM,0.075,0.047222222222222214,0.033333333333333326,-0.0361111111111111,0.04722222222222221
4,3,Normal,0.0006643690706754265,0.0008943709313355882,0.000936962733684941,-0.0017340480305346462,-2.9313310830327472e-05
4,3,Password,-1.1653687372354994e-06,4.6614749489419976e-06,-1.1653687372354994e-06,4.6614749489419976e-06,-6.992212423412997e-06
4,3,Port_Scanning,0.0,0.0,0.0,0.0,0.0
4,3,Ransomware,0.0,0.0,0.0,0.0,0.0
4,3,SQL_injection,0.0,0.0,0.0,0.0,0.0
4,3,Uploading,0.010218014660911125,-0.015205763786490238,-0.00023934468488128445,0.006817809142219806,-0.007918500606913115
4,3,Vulnerability_scanner,0.013186194801198035,0.012513547483565885,-0.05207213188715999,0.013186194801198035,0.013186194801198035
4,3,XSS,0.0027597681505393845,-0.011911672951197678,0.0036323684995795244,0.0027597681505393845,0.0027597681505393845
4,4,Backdoor,0.03696920779310216,-0.05461292963492607,0.02987493204423213,-0.05746876079561763,0.01744145711749896
4,4,DDoS_HTTP,0.08319434618157831,0.09161207906307682,0.0514118466392108,0.05955891614643695,0.09310430193402207
4,4,DDoS_ICMP,0.0001375338630463759,0.00024965712205382204,0.0005128840590359673,-5.382030406056818e-05,0.0005113818491731037
4,4,DDoS_TCP,-0.0009192253437252052,0.00019662647860511085,0.0035254683971433554,-0.0013973550585387221,-0.00325826975682393
4,4,DDoS_UDP,0.00018040814176506864,0.0006642266845248286,0.0007440849725463772,-3.129543562411241e-05,0.0006912034039211423
4,4,Fingerprinting,0.0,0.0,0.0,0.0,0.0
4,4,MITM,0.027272727272727258,0.027272727272727258,0.027272727272727258,0.0,0.027272727272727258
4,4,Normal,0.00044188353030509645,0.0005976419854571295,0.0006012190317450427,-0.0013268730603498739,-8.194363334529756e-05
4,4,Password,0.00014289233514321574,0.00014944753429016594,0.00014289233514321574,-0.000571569340572863,0.00013633713599626557
4,4,Port_Scanning,0.0,0.0,0.0,0.0,0.0
4,4,Ransomware,0.0,0.0,0.0,0.0,0.0
4,4,SQL_injection,-0.006661021732994638,-0.006661021732994638,0.02664408693197855,-0.006661021732994638,-0.006661021732994638
4,4,Uploading,0.0131882401359093,-0.012626237497649958,-0.0004961728186617944,0.008494598715282742,-0.008128113750087339
4,4,Vulnerability_scanner,0.008136419992901779,0.007023418079053298,-0.03138285729956935,0.008086599234712492,0.008136419992901779
4,4,XSS,0.006002583297434517,-0.031616940272784944,0.012736590031441253,0.006875183646474657,0.006002583297434517
4,Aggregated,Backdoor,0.04024094278694972,-0.05714990831372423,0.03260039829446781,-0.0559348278319245,0.0243656492093687
4,Aggregated,DDoS_HTTP,0.085177006104588,0.09321025074512392,0.05731574216557869,0.059497298092477856,0.0953153955400949
4,Aggregated,DDoS_ICMP,-4.254745433071028e-05,0.0005333644991184735,0.0004562416956190733,9.297994481197725e-05,0.0005891615934538241
4,Aggregated,DDoS_TCP,-0.0014616210041844121,0.00022682107945912744,0.0025074977588649644,-0.0007586979744750903,-0.001416216286558399
4,Aggregated,DDoS_UDP,4.272751535643327e-05,0.0008550302685401949,0.00088041756797775,1.745664265446386e-05,0.0010270319612814807
4,Aggregated,Fingerprinting,0.0,0.0,0.0,0.0,0.0
4,Aggregated,MITM,0.03635458766157854,0.013042185777748098,0.011001369451217484,-0.01607535321821036,0.03227295500851731
4,Aggregated,Normal,0.0005682848035645782,0.0007437767982398646,0.0008132027148414026,-0.0015207932552007235,-1.8848849356212227e-05
4,Aggregated,Password,2.9510916902467214e-05,3.2731508926693115e-05,2.8438660826329958e-05,-0.00011267664983145379,2.1995563175963504e-05
4,Aggregated,Port_Scanning,0.0,0.0,0.0,0.0,0.0
4,Aggregated,Ransomware,0.0,0.0,0.0,0.0,0.0
4,Aggregated,SQL_injection,-0.004627450980392157,-0.004627450980392157,0.01850980392156863,-0.004627450980392157,-0.004627450980392157
4,Aggregated,Uploading,0.010779110982848701,-0.013584558497481846,-0.0010831514627205792,0.006669347695528882,-0.008571034479830411
4,Aggregated,Vulnerability_scanner,0.011839382305561339,0.010900421948853345,-0.04642571939212424,0.011846532832148217,0.011839382305561339
4,Aggregated,XSS,0.0036766706685342422,-0.018335518823314183,0.006606694798144721,0.004375482688100978,0.0036766706685342414
4,Centralized,Backdoor,0.04024094278694972,-0.05714990831372423,0.03260039829446781,-0.0559348278319245,0.0243656492093687
4,Centralized,DDoS_HTTP,0.085177006104588,0.09321025074512392,0.05731574216557869,0.059497298092477856,0.0953153955400949
4,Centralized,DDoS_ICMP,-4.254745433071028e-05,0.0005333644991184735,0.0004562416956190733,9.297994481197725e-05,0.0005891615934538241
4,Centralized,DDoS_TCP,-0.0014616210041844121,0.00022682107945912744,0.0025074977588649644,-0.0007586979744750903,-0.001416216286558399
4,Centralized,DDoS_UDP,4.272751535643327e-05,0.0008550302685401949,0.00088041756797775,1.745664265446386e-05,0.0010270319612814807
4,Centralized,Fingerprinting,0.0,0.0,0.0,0.0,0.0
4,Centralized,MITM,0.03635458766157854,0.013042185777748098,0.011001369451217484,-0.01607535321821036,0.03227295500851731
4,Centralized,Normal,0.0005682848035645782,0.0007437767982398646,0.0008132027148414026,-0.0015207932552007235,-1.8848849356212227e-05
4,Centralized,Password,2.9510916902467214e-05,3.2731508926693115e-05,2.8438660826329958e-05,-0.00011267664983145379,2.1995563175963504e-05
4,Centralized,Port_Scanning,0.0,0.0,0.0,0.0,0.0
4,Centralized,Ransomware,0.0,0.0,0.0,0.0,0.0
4,Centralized,SQL_injection,-0.004627450980392157,-0.004627450980392157,0.01850980392156863,-0.004627450980392157,-0.004627450980392157
4,Centralized,Uploading,0.010779110982848701,-0.013584558497481846,-0.0010831514627205792,0.006669347695528882,-0.008571034479830411
4,Centralized,Vulnerability_scanner,0.011839382305561339,0.010900421948853345,-0.04642571939212424,0.011846532832148217,0.011839382305561339
4,Centralized,XSS,0.0036766706685342422,-0.018335518823314183,0.006606694798144721,0.004375482688100978,0.0036766706685342414
5,0,Backdoor,-0.007793058577101061,-0.018798702500792044,-0.10874769081506622,0.02640990848830033,0.07610389036291636
5,0,DDoS_HTTP,-0.043146705104378104,0.021692895342982695,-0.09559429600745718,0.03209284325025532,0.00701692457712932
5,0,DDoS_ICMP,-0.00028339003958275375,-0.0001559438261409122,-3.385380702690492e-05,2.22611181617575e-05,0.00022514506067642198
5,0,DDoS_TCP,0.0016524043382571795,0.0014298309701034093,-0.0031908919578536106,0.0007317185217650512,0.0013610405512683831
5,0,DDoS_UDP,-0.00038989501058117604,-0.00035854357753693317,7.1915613215992975e-06,8.770500356822253e-05,0.00033210337256503464
5,0,Fingerprinting,0.0,0.0,0.0,0.0,0.0
5,0,MITM,0.0,0.0,0.0,0.0,0.0
5,0,Normal,-0.00011508537605017985,-1.857295329470802e-05,-0.0012925819377747727,0.00020374884350777463,0.0008902774046436727
5,0,Password,-1.6409632155719076e-05,5.967138965716027e-06,-2.386855586286411e-05,5.967138965716027e-06,-1.6409632155719076e-05
5,0,Port_Scanning,0.0,0.0,0.0,0.0,0.0
5,0,Ransomware,0.0,0.0,0.0,0.0,0.0
5,0,SQL_injection,0.0,0.0,0.0,0.0,0.0
5,0,Uploading,-0.0004716378027074854,-0.0032877392210660097,-0.01655104862684607,0.0026766597769766844,-0.004873064065711126
5,0,Vulnerability_scanner,5.474527935661611e-06,0.00022616323739526044,-0.0012715661110510978,0.0003484676245519458,5.474527935661611e-06
5,0,XSS,0.0005074515250253726,-0.0020298061001014903,0.0005074515250253726,0.0005074515250253726,0.0005074515250253726
5,1,Backdoor,-0.01409971397135101,-0.026112735997476003,-0.11701289904168552,0.036598186090635636,0.08841847522898884
5,1,DDoS_HTTP,-0.05062666512659249,0.01911863157610995,-0.09030707387959568,0.019675561419971465,0.009130782621596509
5,1,DDoS_ICMP,-0.0003361370491270147,-0.000469391718319521,0.00036359355056010955,0.00025052462898501236,0.00019141058790141384
5,1,DDoS_TCP,0.0007503427741868888,0.0008609112637148586,-0.004054808183911914,0.0007499121263941477,0.0005323945080035124
5,1,DDoS_UDP,-0.0004806956295961932,-0.000666429412656174,0.0004797992294033511,0.00039962875335569636,0.0002676970594933196
5,1,Fingerprinting,0.0,0.0,0.0,0.0,0.0
5,1,MITM,0.026666666666666682,0.026666666666666682,0.026666666666666682,-0.10666666666666669,0.026666666666666682
5,1,Normal,-0.00025371750144742393,-0.0001733900161592805,-0.0013686781910278519,0.00035246152252233116,0.0009825289407117892
5,1,Password,0.0,0.0,0.0,0.0,0.0
5,1,Port_Scanning,0.0,0.0,0.0,0.0,0.0
5,1,Ransomware,0.0,0.0,0.0,0.0,0.0
5,1,SQL_injection,0.0,0.0,0.0,0.0,0.0
5,1,Uploading,-0.0005765724989391517,-0.001982775080858572,-0.016987804109595248,0.0015749476778357434,-0.003818667094382384
5,1,Vulnerability_scanner,0.0006721057171897027,0.000549600332852479,-0.002565917484421587,0.0006721057171897027,0.0006721057171897027
5,1,XSS,0.0005127374784110536,-0.0020509499136442144,0.0005127374784110536,0.0005127374784110536,0.0005127374784110536
5,2,Backdoor,-0.027121239278536536,-0.016850521667636655,-0.11047448619167109,0.0359637738981253,0.09968095429927257
5,2,DDoS_HTTP,-0.04791978285270619,0.035724263014978,-0.09895437054330163,0.04183023623562506,0.021444192476839628
5,2,DDoS_ICMP,-0.0001594900032105421,-0.00014260271204493875,7.00554060936942e-05,-0.00017455236441345315,0.00017959106738721736
5,2,DDoS_TCP,0.0008130519040516112,0.0009212715024409605,-0.004194179799579266,-8.355720604421209e-05,0.001045744925853298
5,2,DDoS_UDP,-0.0003207237923644413,-0.0002376549644296455,0.00013164381503731707,-0.00013629279135819646,0.00024138156879734233
5,2,Fingerprinting,0.0,0.0,0.0,0.0,0.0
5,2,MITM,0.021818181818181803,0.021818181818181803,0.021818181818181803,-0.08727272727272731,0.021818181818181803
5,2,Normal,-0.00029601187299769236,-2.4991863798688266e-05,-0.0013947644483230067,0.0002454546651439312,0.0010334572918881439
5,2,Password,2.0321072952651093e-06,2.0321072952651093e-06,2.0321072952651093e-06,2.0321072952651093e-06,-8.128429181060437e-06
5,2,Port_Scanning,0.0,0.0,0.0,0.0,0.0
5,2,Ransomware,0.0,0.0,0.0,0.0,0.0
5,2,SQL_injection,0.0,0.0,0.0,0.0,0.0
5,2,Uploading,0.0006405221163017419,-0.0004691789501698606,-0.009313053811810431,0.0030134886157730067,-0.000769851216160046
5,2,Vulnerability_scanner,0.00046764477088119815,0.00046764477088119815,-0.0018705790835247926,0.00046764477088119815,0.00046764477088119815
5,2,XSS,0.0,0.0,0.0,0.0,0.0
5,3,Backdoor,-0.007823193550369168,-0.03027796036885331,-0.10515824274879647,0.03190308966227257,0.08130251557767078
5,3,DDoS_HTTP,-0.04609085199100487,0.02260355147728072,-0.08633450235564274,0.013189452061455113,0.009385689883762498
5,3,DDoS_ICMP,0.0001818603984808616,2.6770162889374247e-05,-9.451137816084051e-05,-0.0002068038733886668,0.0005400967587198695
5,3,DDoS_TCP,0.0008470721478695764,0.0006808912238754295,-0.005021254435683451,-0.00020376244402022976,0.00031440428948103507
5,3,DDoS_UDP,8.184040291590588e-05,-0.0002584110151901575,-5.7528638920499124e-05,7.607420798548259e-05,0.0008036004901690245
5,3,Fingerprinting,0.0,0.0,0.0,0.0,0.0
5,3,MITM,0.0,0.013888888888888886,0.013888888888888886,-0.04166666666666666,0.013888888888888886
5,3,Normal,-9.245952964377357e-05,-1.7002755866100485e-05,-0.0014286964840040403,0.0004350753567636423,0.0010932402568021749
5,3,Password,-2.2152319005148737e-05,1.2808743111916247e-05,-3.380600637750373e-05,1.2808743111916247e-05,-3.958128507530999e-05
5,3,Port_Scanning,0.0,0.0,0.0,0.0,0.0
5,3,Ransomware,0.0,0.0,0.0,0.0,0.0
5,3,SQL_injection,0.0,0.0,0.0,0.0,0.0
5,3,Uploading,-0.0012607482515118488,-0.005386701704064941,-0.01628885278621259,0.0012640817258608463,-0.008263729972654031
5,3,Vulnerability_scanner,-9.56541360571846e-06,0.0003459544726278944,-0.0013838178905115775,0.0003459544726278944,-9.56541360571846e-06
5,3,XSS,0.0,0.0,0.0,0.0,0.0
5,4,Backdoor,-0.00931315002409194,-0.02317179257890569,-0.11517199390805317,0.039641211617647346,0.09064737105576359
5,4,DDoS_HTTP,-0.04691583671684927,0.024425336261546693,-0.07837764786227691,0.028881204253853765,0.01035917209112619
5,4,DDoS_ICMP,-0.00012871337234844719,-0.0004118902781981996,0.00038081824503798936,0.00021150683458062147,0.00017254203597059833
5,4,DDoS_TCP,0.0019410651963231236,0.0011585050909370194,-0.005717344579518041,0.0009238427887918991,0.0006590488996369974
5,4,DDoS_UDP,-0.00028390994468866876,-0.0005502432453956633,0.0004654593043343369,0.0002241727024989426,0.00014452118325105254
5,4,Fingerprinting,0.0,0.0,0.0,0.0,0.0
5,4,MITM,0.005454545454545451,0.005454545454545451,0.005454545454545451,-0.021818181818181803,0.005454545454545451
5,4,Normal,-5.253320736571254e-05,3.4532777187695765e-05,-0.0010447361135658992,6.305058949517273e-05,0.000858712506022243
5,4,Password,3.933119488170114e-06,3.933119488170114e-06,3.933119488170114e-06,3.933119488170114e-06,-1.5732477952680456e-05
5,4,Port_Scanning,0.0,0.0,0.0,0.0,0.0
5,4,Ransomware,0.0,0.0,0.0,0.0,0.0
5,4,SQL_injection,-0.00044127630685675495,-0.00044127630685675495,0.0017651052274270198,-0.00044127630685675495,-0.00044127630685675495
5,4,Uploading,0.0011647969950328908,-0.006245851321106246,-0.023195153362142593,0.0024171860963958904,-0.007118744269872496
5,4,Vulnerability_scanner,0.0002780103306111503,0.0002780103306111503,-0.0011120413224446012,0.0002780103306111503,0.0002780103306111503
5,4,XSS,0.0,0.0,0.0,0.0,0.0
5,Aggregated,Backdoor,-0.013161723731363161,-0.02301643333532165,-0.11132827268763529,0.03418561832192358,0.0871956470182828
5,Aggregated,DDoS_HTTP,-0.04693568426888913,0.024761991090818124,-0.08983247869840615,0.027115440988268805,0.011459363518501547
5,Aggregated,DDoS_ICMP,-0.00014517943488098577,-0.000230542769090993,0.0001371660232348822,2.0548940580615107e-05,0.0002617218490770901
5,Aggregated,DDoS_TCP,0.0011980179184910567,0.0010087270294008484,-0.004431072441788753,0.0004222434977796767,0.0007807184436380565
5,Aggregated,DDoS_UDP,-0.0002787430087398309,-0.0004146184276961895,0.00020544156381979706,0.00013043895808794356,0.00035789602205618665
5,Aggregated,Fingerprinting,0.0,0.0,0.0,0.0,0.0
5,Aggregated,MITM,0.010506279434850852,0.01254709576138147,0.01254709576138147,-0.04814756671899522,0.01254709576138147
5,Aggregated,Normal,-0.00015995867480937768,-3.9095571477757814e-05,-0.0013019801520512,0.00025703624244420483,0.0009702053267972336
5,Aggregated,Password,-7.519814443063266e-06,5.3663797209897725e-06,-1.1815212497747613e-05,5.3663797209897725e-06,-1.7170120829274744e-05
5,Aggregated,Port_Scanning,0.0,0.0,0.0,0.0,0.0
5,Aggregated,Ransomware,0.0,0.0,0.0,0.0,0.0
5,Aggregated,SQL_injection,-0.00042975206611570253,-0.00042975206611570253,0.0017190082644628101,-0.00042975206611570253,-0.00042975206611570253
5,Aggregated,Uploading,-9.212267474808707e-05,-0.0034430251886395993,-0.016410982942533483,0.002196389118558757,-0.004922559676621885
5,Aggregated,Vulnerability_scanner,0.0002689277449923866,0.00036137256856700884,-0.001576820046404459,0.0004051491592791501,0.0002689277449923866
5,Aggregated,XSS,0.0002002793369699843,-0.0008011173478799372,0.0002002793369699843,0.0002002793369699843,0.0002002793369699843
5,Centralized,Backdoor,-0.013161723731363161,-0.02301643333532165,-0.11132827268763529,0.03418561832192358,0.0871956470182828
5,Centralized,DDoS_HTTP,-0.04693568426888913,0.024761991090818124,-0.08983247869840615,0.027115440988268805,0.011459363518501547
5,Centralized,DDoS_ICMP,-0.00014517943488098577,-0.000230542769090993,0.0001371660232348822,2.0548940580615107e-05,0.0002617218490770901
5,Centralized,DDoS_TCP,0.0011980179184910567,0.0010087270294008484,-0.004431072441788753,0.0004222434977796767,0.0007807184436380565
5,Centralized,DDoS_UDP,-0.0002787430087398309,-0.0004146184276961895,0.00020544156381979706,0.00013043895808794356,0.00035789602205618665
5,Centralized,Fingerprinting,0.0,0.0,0.0,0.0,0.0
5,Centralized,MITM,0.010506279434850852,0.01254709576138147,0.01254709576138147,-0.04814756671899522,0.01254709576138147
5,Centralized,Normal,-0.00015995867480937768,-3.9095571477757814e-05,-0.0013019801520512,0.00025703624244420483,0.0009702053267972336
5,Centralized,Password,-7.519814443063266e-06,5.3663797209897725e-06,-1.1815212497747613e-05,5.3663797209897725e-06,-1.7170120829274744e-05
5,Centralized,Port_Scanning,0.0,0.0,0.0,0.0,0.0
5,Centralized,Ransomware,0.0,0.0,0.0,0.0,0.0
5,Centralized,SQL_injection,-0.00042975206611570253,-0.00042975206611570253,0.0017190082644628101,-0.00042975206611570253,-0.00042975206611570253
5,Centralized,Uploading,-9.212267474808707e-05,-0.0034430251886395993,-0.016410982942533483,0.002196389118558757,-0.004922559676621885
5,Centralized,Vulnerability_scanner,0.0002689277449923866,0.00036137256856700884,-0.001576820046404459,0.0004051491592791501,0.0002689277449923866
5,Centralized,XSS,0.0002002793369699843,-0.0008011173478799372,0.0002002793369699843,0.0002002793369699843,0.0002002793369699843
6,0,Backdoor,0.08082468522753715,0.02631653054462636,0.08033459063518382,-0.09657522588152125,-0.0787489640263834
6,0,DDoS_HTTP,0.0499307517687206,0.038298836384455796,-0.04511651868720683,-0.013737829839707916,-0.022550877407212847
6,0,DDoS_ICMP,-0.0006050025575156659,6.70566835728655e-05,-7.945340498978955e-05,8.62767068550337e-05,0.00031070068661099665
6,0,DDoS_TCP,0.0001871949265754606,3.105131349511736e-05,0.0010109005808427477,0.005046242620032332,-0.0013373335601858623
6,0,DDoS_UDP,-0.0009043514546933825,0.00014529126206078158,-0.0001529278438788991,9.14068831353217e-05,0.0004943643334707667
6,0,Fingerprinting,0.0,0.0,0.0,0.0,0.0
6,0,MITM,-0.009090909090909094,0.013636363636363641,-0.009090909090909094,-0.009090909090909094,0.013636363636363641
6,0,Normal,0.0012210259315725207,0.0006587876720929142,0.00021866294996726322,-0.0007845806163949679,-0.0008213268976026034
6,0,Password,-3.729461853572517e-06,7.458923707145034e-06,-2.2376771121435102e-05,1.1188385560717551e-05,7.458923707145034e-06
6,0,Port_Scanning,0.0,0.0,0.0,0.0,0.0
6,0,Ransomware,0.0,0.0,0.0,0.0,0.0
6,0,SQL_injection,0.0,0.0,0.0,0.0,0.0
6,0,Uploading,-0.001199493796417216,0.01774805609832541,-0.00708600660176732,0.009891316023629446,-0.00429036144346922
6,0,Vulnerability_scanner,0.0012700912804581744,0.0019298291772227194,-0.007116744328229047,0.0019869946933254333,0.0019298291772227194
6,0,XSS,-0.008247422680412371,0.002061855670103093,0.002061855670103093,0.002061855670103093,0.002061855670103093
6,1,Backdoor,0.08660016361735184,0.027401022168669725,0.0776229418293242,-0.09888005111673598,-0.08522111193463135
6,1,DDoS_HTTP,0.04502909636921303,0.04631231394377599,-0.035180822711146885,-0.004740156822679401,-0.04264285176902557
6,1,DDoS_ICMP,-0.00010471189388604658,2.6083053968302867e-05,0.0001770089638812126,-2.9982732587844712e-05,0.000157282900612149
6,1,DDoS_TCP,0.00061230105285896,0.000852249799304559,0.0011415182315718273,0.00483206547694747,-0.001356609248388261
6,1,DDoS_UDP,-0.00018265350078536987,8.592102414964517e-05,0.00021966359667965156,-7.510957166356561e-05,0.0002738246159372626
6,1,Fingerprinting,0.0,0.0,0.0,0.0,0.0
6,1,MITM,-0.01757575757575757,0.05414141414141415,0.01575757575757578,0.0268686868686869,0.05414141414141415
6,1,Normal,0.001123653216231385,0.0005628712056537255,0.0002243830195961971,-0.000816079854656752,-0.0010278328016368762
6,1,Password,0.0,0.0,0.0,0.0,0.0
6,1,Port_Scanning,0.0,0.0,0.0,0.0,0.0
6,1,Ransomware,0.0,0.0,0.0,0.0,0.0
6,1,SQL_injection,0.0,0.0,0.0,0.0,0.0
6,1,Uploading,-0.002016115287680774,0.015850070519380897,-0.007136585855396451,0.008565415325459626,-0.004402677924646279
6,1,Vulnerability_scanner,0.0007735558965526246,0.001140639677619576,-0.004195474929411353,0.001140639677619576,0.001140639677619576
6,1,XSS,-0.0062176165803108805,0.0015544041450777201,0.0015544041450777201,0.0015544041450777201,0.0015544041450777201
6,2,Backdoor,0.06594104449381182,0.019212449349264634,0.06005302069277326,-0.07742550119011327,-0.0626077780315985
6,2,DDoS_HTTP,0.04809934787041981,0.03966209219617431,-0.052009695753954456,-0.020935101308676818,-0.03143078036113427
6,2,DDoS_ICMP,-0.0003999356030119861,0.0001056942055710275,-0.0002687610682356863,8.63813965592967e-05,0.0002549918165680324
6,2,DDoS_TCP,0.001113607054809999,-0.0010495911092175938,0.0022561223049379557,0.0038737399451730676,-9.023994343198005e-05
6,2,DDoS_UDP,-0.0005653102235663899,0.0002955279396634961,-0.0003771468828167109,0.00021490888492969133,0.00010809026313275405
6,2,Fingerprinting,0.0,0.0,0.0,0.0,0.0
6,2,MITM,-0.0016666666666666663,0.01575757575757575,0.025606060606060587,0.03469696969696967,0.03469696969696967
6,2,Normal,0.0011176575984556125,0.0005366234762864686,0.0001158841609315379,-0.0006723301147945707,-0.0007732871517957263
6,2,Password,-1.0154443201077466e-05,1.3533164326188542e-05,6.0932752480799546e-09,1.3533164326188542e-05,-1.6917978726547697e-05
6,2,Port_Scanning,0.0,0.0,0.0,0.0,0.0
6,2,Ransomware,0.0,0.0,0.0,0.0,0.0
6,2,SQL_injection,0.0,0.0,0.0,0.0,0.0
6,2,Uploading,-0.0009430628279703992,0.00865895517380868,-0.0020927417023146643,0.003367664304856644,-0.0020927417023146643
6,2,Vulnerability_scanner,0.0011013912718882024,0.0018484651432385702,-0.006646786701603913,0.0018484651432385702,0.0018484651432385702
6,2,XSS,-0.011245529139490847,0.004060593309488744,0.004060593309488744,0.004060593309488744,-0.0009362507889753842
6,3,Backdoor,0.0757362200292628,0.03000891247966735,0.07679584854979517,-0.0945634189602698,-0.07839494421442453
6,3,DDoS_HTTP,0.04314521775322836,0.0399977409138994,-0.04001297282363463,-0.007293718232681234,-0.03204303417381258
6,3,DDoS_ICMP,-0.0003553259444952069,0.00033766180617669415,-0.0004860874353274221,-1.8500953856058025e-05,7.484045896139491e-05
6,3,DDoS_TCP,0.0005235769624249913,0.0010119622377293155,0.00243505337176466,0.006815320163544286,-0.0011722950811420255
6,3,DDoS_UDP,-0.0005380663301606636,0.00013446907362780388,-0.0003504401039195674,-0.00018811086889072108,-2.6527114910340766e-05
6,3,Fingerprinting,0.0,0.0,0.0,0.0,0.0
6,3,MITM,-0.04,0.03500000000000002,0.0016666666666666607,0.0016666666666666607,0.0016666666666666607
6,3,Normal,0.0012488456880559015,0.0005689050047133252,0.00022341864264600794,-0.0008948974449375702,-0.0009049135625462908
6,3,Password,-2.6751915968045253e-05,2.5603735560266832e-05,-3.263032464259399e-05,3.143057924644433e-05,2.3479258039280776e-06
6,3,Port_Scanning,0.0,0.0,0.0,0.0,0.0
6,3,Ransomware,0.0,0.0,0.0,0.0,0.0
6,3,SQL_injection,0.0,0.0,0.0,0.0,0.0
6,3,Uploading,-0.00010123916301861431,0.02138458687810696,-0.005733783046682256,0.011018116627355317,-0.0038786056655093076
6,3,Vulnerability_scanner,0.0008127223818644687,0.001405713250559193,-0.005029862133542048,0.0014649665649314617,0.0013464599361869241
6,3,XSS,-0.0062176165803108805,0.0015544041450777201,0.0015544041450777201,0.0015544041450777201,0.0015544041450777201
6,4,Backdoor,0.07514591324595404,0.023972612417343508,0.07483239245360597,-0.09319002676860351,-0.07403885584928617
6,4,DDoS_HTTP,0.03714469839056713,0.03704213679064245,-0.027266776013569624,-0.006474565863332268,-0.04805648696181295
6,4,DDoS_ICMP,-0.00014977714813177074,-0.00011207099770286222,1.8749356905299144e-05,-3.731650935534144e-05,5.6151833242112927e-05
6,4,DDoS_TCP,0.0003431995608804713,0.0027187887583452587,7.783969435521953e-05,0.004485959718038725,-0.0011645665149855025
6,4,DDoS_UDP,-0.0002418366302578856,0.00016115517090041221,2.0784822429842364e-08,2.0784822429842364e-08,8.063988971261371e-05
6,4,Fingerprinting,0.0,0.0,0.0,0.0,0.0
6,4,MITM,-0.009090909090909094,0.013636363636363641,-0.009090909090909094,-0.009090909090909094,0.013636363636363641
6,4,Normal,0.0009680842637977897,0.000566849967432792,0.00037089253653520927,-0.0005520285475532794,-0.0007959409526085777
6,4,Password,-1.966559744085057e-05,1.311039829390038e-05,0.0,1.311039829390038e-05,-6.55519914695019e-06
6,4,Port_Scanning,0.0,0.0,0.0,0.0,0.0
6,4,Ransomware,0.0,0.0,0.0,0.0,0.0
6,4,SQL_injection,-0.001059251903343264,-0.001059251903343264,0.004237007613373056,-0.001059251903343264,-0.001059251903343264
6,4,Uploading,-0.00044850325286573307,0.019635434010445926,-0.009004542143847742,0.00960851848536694,-0.0015329409516074348
6,4,Vulnerability_scanner,0.0009420923822915539,0.001609785003776082,-0.0057714473936198,0.001609785003776082,0.001609785003776082
6,4,XSS,-0.018090452261306532,0.004522613065326633,0.004522613065326633,0.004522613065326633,0.004522613065326633
6,Aggregated,Backdoor,0.07691676072136665,0.025466498739516775,0.07402988676812973,-0.09225227554358062,-0.07592141749212636
6,Aggregated,DDoS_HTTP,0.04460869110943609,0.04024362334170296,-0.03991834436012855,-0.010611879656307175,-0.03533414392777567
6,Aggregated,DDoS_ICMP,-0.0003229977477391899,8.490183292074552e-05,-0.0001277513594217276,1.738789538586194e-05,0.00017082195768936548
6,Aggregated,DDoS_TCP,0.0005565205813747161,0.0007136426615781436,0.0013852957934358848,0.0050115917140335035,-0.0010252903208990008
6,Aggregated,DDoS_UDP,-0.00048626043696504696,0.00016444938467741015,-0.00013193513153857787,8.62391286652516e-06,0.00018599480263534012
6,Aggregated,Fingerprinting,0.0,0.0,0.0,0.0,0.0
6,Aggregated,MITM,-0.013658847418245922,0.024379930846096236,0.004002063099807457,0.007848216945961299,0.023582482680227022
6,Aggregated,Normal,0.001133174953410517,0.0005781228044355176,0.00023279351400493458,-0.0007410702694834977,-0.0008642532396687719
6,Aggregated,Password,-1.2442123704730843e-05,1.330350031660439e-05,-1.2453597362835471e-05,1.5451199343946564e-05,-3.858978592984642e-06
6,Aggregated,Port_Scanning,0.0,0.0,0.0,0.0,0.0
6,Aggregated,Ransomware,0.0,0.0,0.0,0.0,0.0
6,Aggregated,SQL_injection,-0.000977696303085854,-0.000977696303085854,0.003910785212343416,-0.000977696303085854,-0.000977696303085854
6,Aggregated,Uploading,-0.0009513869767716796,0.016582760867411495,-0.006183482002676193,0.008439593360170253,-0.0032329784330619765
6,Aggregated,Vulnerability_scanner,0.0009413606200235014,0.0015665568313800301,-0.0056523841688882895,0.001589260400427824,0.001555206317056934
6,Aggregated,XSS,-0.010056130919440272,0.0027643819010725484,0.0027643819010725484,0.0027643819010725484,0.0017629852162226272
6,Centralized,Backdoor,0.07691676072136665,0.025466498739516775,0.07402988676812973,-0.09225227554358062,-0.07592141749212636
6,Centralized,DDoS_HTTP,0.04460869110943609,0.04024362334170296,-0.03991834436012855,-0.010611879656307175,-0.03533414392777567
6,Centralized,DDoS_ICMP,-0.0003229977477391899,8.490183292074552e-05,-0.0001277513594217276,1.738789538586194e-05,0.00017082195768936548
6,Centralized,DDoS_TCP,0.0005565205813747161,0.0007136426615781436,0.0013852957934358848,0.0050115917140335035,-0.0010252903208990008
6,Centralized,DDoS_UDP,-0.00048626043696504696,0.00016444938467741015,-0.00013193513153857787,8.62391286652516e-06,0.00018599480263534012
6,Centralized,Fingerprinting,0.0,0.0,0.0,0.0,0.0
6,Centralized,MITM,-0.013658847418245922,0.024379930846096236,0.004002063099807457,0.007848216945961299,0.023582482680227022
6,Centralized,Normal,0.001133174953410517,0.0005781228044355176,0.00023279351400493458,-0.0007410702694834977,-0.0008642532396687719
6,Centralized,Password,-1.2442123704730843e-05,1.330350031660439e-05,-1.2453597362835471e-05,1.5451199343946564e-05,-3.858978592984642e-06
6,Centralized,Port_Scanning,0.0,0.0,0.0,0.0,0.0
6,Centralized,Ransomware,0.0,0.0,0.0,0.0,0.0
6,Centralized,SQL_injection,-0.000977696303085854,-0.000977696303085854,0.003910785212343416,-0.000977696303085854,-0.000977696303085854
6,Centralized,Uploading,-0.0009513869767716796,0.016582760867411495,-0.006183482002676193,0.008439593360170253,-0.0032329784330619765
6,Centralized,Vulnerability_scanner,0.0009413606200235014,0.0015665568313800301,-0.0056523841688882895,0.001589260400427824,0.001555206317056934
6,Centralized,XSS,-0.010056130919440272,0.0027643819010725484,0.0027643819010725484,0.0027643819010725484,0.0017629852162226272
7,0,Backdoor,0.025747569916667355,0.05201985984084954,-0.02001886597608984,0.04730545921776178,0.0354136488638319
7,0,DDoS_HTTP,-0.0070652170705181,0.01011685369627362,-0.0005203128823464797,0.010931623655863835,0.005622630757223383
7,0,DDoS_ICMP,0.0008216166657402861,0.0012418527361686249,0.0006929876576074486,-0.0026967345794290274,0.0010605869194398986
7,0,DDoS_TCP,0.05431208227100389,-0.01280740247039073,0.005884148030402736,-0.06351258094511819,0.010717177568432053
7,0,DDoS_UDP,0.0012357477953691038,0.001382810380448111,0.0011519969383868474,-0.0036393846860731196,0.0014832911582801551
7,0,Fingerprinting,0.0,0.0,0.0,0.0,0.0
7,0,MITM,0.02272727272727274,-0.007575757575757579,-0.007575757575757579,0.0,-0.007575757575757579
7,0,Normal,0.0005629454250962951,-1.215641293643525e-05,-8.993074003376863e-05,0.0003116343904600712,0.00016576816742531014
7,0,Password,-1.4917847414290068e-06,1.3426062672861062e-05,9.696600819288544e-06,1.3426062672861062e-05,9.696600819288544e-06
7,0,Port_Scanning,-0.17228990008338804,0.09082278755858365,-0.011764872752342833,0.20378355350919455,-0.05031060437662576
7,0,Ransomware,0.0,0.0,0.0,0.0,0.0
7,0,SQL_injection,0.0,0.0,0.0,0.0,0.0
7,0,Uploading,0.0038978452777583385,0.00542818028012426,-0.00030278651286143115,0.004872439520605382,0.0009329231722917014
7,0,Vulnerability_scanner,1.1433103220542806e-05,0.00024009516763139893,1.1433103220542806e-05,0.00024009516763139893,0.0001829296515286849
7,0,XSS,-0.006153181842716036,0.001538295460679009,0.001538295460679009,0.001538295460679009,0.001538295460679009
7,1,Backdoor,0.02962926229323994,0.05986481827050248,-0.014463423787513838,0.05864092190062394,0.044063686838794774
7,1,DDoS_HTTP,-0.014108921024430066,0.022234041203445958,-0.00036598119780610524,0.020858072916907163,0.013899273738665617
7,1,DDoS_ICMP,0.00045465740111654457,0.000838688979606215,0.00040013205935804375,-0.0018463161254798355,0.0006014655441363703
7,1,DDoS_TCP,0.053017650253649046,-0.013736651802140797,0.005070482041201975,-0.06210828740439885,0.009828404500670048
7,1,DDoS_UDP,0.0007400147912817789,0.0009380933116199493,0.000604175185707014,-0.002434890827506303,0.0007973523294924031
7,1,Fingerprinting,0.0,0.0,0.0,0.0,0.0
7,1,MITM,0.03393939393939393,-0.002424242424242414,-0.035757575757575766,0.0066666666666666706,-0.002424242424242414
7,1,Normal,0.00048328111630000317,0.00023995433398930807,-7.777089733188581e-05,0.0004589393298842078,0.00041576703143128926
7,1,Password,0.0,0.0,0.0,0.0,0.0
7,1,Port_Scanning,-0.1692717702441788,0.08134330767747265,-0.013941233776055766,0.1931441054365223,-0.04948336431764115
7,1,Ransomware,0.0,0.0,0.0,0.0,0.0
7,1,SQL_injection,0.0,0.0,0.0,0.0,0.0
7,1,Uploading,0.003873403997504419,0.004174689533665086,-4.342828671567942e-05,0.0029695273710844423,-4.342828671567942e-05
7,1,Vulnerability_scanner,0.0,0.0,0.0,0.0,0.0
7,1,XSS,-0.0067303540587219345,0.0018962291306850894,0.0010416666666666667,0.0018962291306850894,0.0018962291306850894
7,2,Backdoor,0.043617797210040304,0.07596306409983448,-0.0279610799753061,0.07464803936454581,0.058671938337029994
7,2,DDoS_HTTP,-0.010510202312518821,0.021273876159667648,0.001774640416064982,0.019558288772059708,0.014217754773563443
7,2,DDoS_ICMP,0.0006099885511905822,0.001126800090523361,0.00040617036274446795,-0.0024895198765567655,0.0010185391451385732
7,2,DDoS_TCP,0.062297791005618094,-0.014834482688141987,0.005225972693020499,-0.07218744996822156,0.011215648294644508
7,2,DDoS_UDP,0.00082493560802816,0.0010488782713923247,0.0007675007002441318,-0.0030663768142324818,0.0013931146364778676
7,2,Fingerprinting,0.0,0.0,0.0,0.0,0.0
7,2,MITM,0.005454545454545451,0.005454545454545451,-0.021818181818181803,0.005454545454545451,0.005454545454545451
7,2,Normal,0.0006720525721820062,0.00018967625818246958,-0.00018038996954591508,0.0005054101190970717,0.0004073437271302808
7,2,Password,-1.0160536476325546e-05,3.3868454921085153e-06,3.3868454921085153e-06,3.3868454921085153e-06,0.0
7,2,Port_Scanning,-0.1688427160508452,0.0795581244664058,-0.01685208004151986,0.19395069692386543,-0.051669446984653276
7,2,Ransomware,0.0,0.0,0.0,0.0,0.0
7,2,SQL_injection,0.0,0.0,0.0,0.0,0.0
7,2,Uploading,0.0,0.0,0.0,0.0,0.0
7,2,Vulnerability_scanner,2.497697602998339e-05,2.497697602998339e-05,2.497697602998339e-05,2.497697602998339e-05,-9.990790411993356e-05
7,2,XSS,-0.010150657121487338,0.0025376642803718345,0.0025376642803718345,0.0025376642803718345,0.0025376642803718345
7,3,Backdoor,0.030781934109287017,0.05595169636250129,-0.024598350655123658,0.05941005990502294,0.0464868484402758
7,3,DDoS_HTTP,-0.0065001801246019324,0.014301717254234025,0.0001198033671971586,0.01390456279379894,0.009765839745721979
7,3,DDoS_ICMP,0.000577508737044972,0.0009054792231822521,0.0003729299622554786,-0.002507105616819812,0.0010985997628777074
7,3,DDoS_TCP,0.04864100004585402,-0.013418041764421372,0.003616619674071568,-0.055302328923457635,0.009626250193152934
7,3,DDoS_UDP,0.0010371310318771716,0.0004844698497139884,0.0008202632358701796,-0.0027638434970348384,0.0013906547238269876
7,3,Fingerprinting,0.0,0.0,0.0,0.0,0.0
7,3,MITM,-0.0066666666666666706,-0.0066666666666666706,-0.0066666666666666706,-0.0066666666666666706,0.026666666666666682
7,3,Normal,0.0004713721145260678,0.00020175968861641525,-0.00018685376747015203,0.00039686856878822044,0.00034753441740785577
7,3,Password,-1.97700165423065e-05,2.679316795874224e-05,2.0966324272564742e-05,2.679316795874224e-05,1.5139480586387245e-05
7,3,Port_Scanning,-0.19095917849489033,0.09028082847570124,-0.017215327429166483,0.21868959011102249,-0.053318167855545176
7,3,Ransomware,0.0,0.0,0.0,0.0,0.0
7,3,SQL_injection,0.0,0.0,0.0,0.0,0.0
7,3,Uploading,0.0018202023133814915,0.0021292250148109908,0.0005841115076634947,0.0021292250148109908,0.0005841115076634947
7,3,Vulnerability_scanner,1.1850662874453761e-05,0.000248863920363529,1.1850662874453761e-05,0.000248863920363529,0.00018961060599126018
7,3,XSS,-0.004123375742614546,0.0010308439356536364,0.0010308439356536364,0.0010308439356536364,0.0010308439356536364
7,4,Backdoor,0.030376135607510513,0.06253879549583688,-0.01846943019397012,0.061437408170672704,0.04390992119821728
7,4,DDoS_HTTP,-0.012677639594961298,0.026340961981639155,-0.004244306012116715,0.021541740274247035,0.013898633381181037
7,4,DDoS_ICMP,0.0005176655940294354,0.0008287087374888017,0.00046214689612034864,-0.002229222978626851,0.0008693296097256035
7,4,DDoS_TCP,0.06067056392980416,-0.012576488775520776,0.007586466963270822,-0.07044351082146011,0.00954827359914228
7,4,DDoS_UDP,0.0007206127236684642,0.00113210622583201,0.0005853433156502035,-0.0032984674492407217,0.0011828816036507797
7,4,Fingerprinting,0.0,0.0,0.0,0.0,0.0
7,4,MITM,0.02272727272727274,-0.007575757575757579,-0.007575757575757579,0.0,-0.007575757575757579
7,4,Normal,0.0005483977610914792,4.8376878943875065e-05,-0.00011054347767271063,0.0002510104061074362,0.000153520758148253
7,4,Password,-1.966559744085057e-05,6.55519914695019e-06,6.55519914695019e-06,6.55519914695019e-06,0.0
7,4,Port_Scanning,-0.16031788974980102,0.10385879973814764,-0.014773073802596718,0.21151020069790613,-0.046710785421667886
7,4,Ransomware,0.0,0.0,0.0,0.0,0.0
7,4,SQL_injection,0.0,0.0,0.0,0.0,0.0
7,4,Uploading,0.003616589399835679,0.004226348544973351,0.001172816825924703,0.004226348544973351,0.0014776963984935386
7,4,Vulnerability_scanner,0.0,0.0,0.0,0.0,0.0
7,4,XSS,-0.01647842044853279,0.0043205255391842775,0.003516843830979957,0.0043205255391842775,0.0043205255391842775
7,Aggregated,Backdoor,0.03194140204130642,0.06114213375697935,-0.021052638395243174,0.06014871671468978,0.04560939668248841
7,Aggregated,DDoS_HTTP,-0.01014901948735422,0.018854858611525124,-0.0006355723464042479,0.01737936813817941,0.011459070807109385
7,Aggregated,DDoS_ICMP,0.0005963618331762491,0.0009884959321028453,0.00046690463812882704,-0.00235403877329482,0.0009297561930491453
7,Aggregated,DDoS_TCP,0.05577513707520238,-0.013475791701589256,0.0054785510467735225,-0.06470826848491482,0.010190328199873748
7,Aggregated,DDoS_UDP,0.0009115056963104366,0.0009968625254207163,0.0007857747705223424,-0.0030399493796254063,0.00124926371249911
7,Aggregated,Fingerprinting,0.0,0.0,0.0,0.0,0.0
7,Aggregated,MITM,0.016953423934556,-0.004025597044464971,-0.015564058582926497,0.0012191582002902713,0.0014170734925451974
7,Aggregated,Normal,0.0005467921433269389,0.000133030449965299,-0.00012873006929779626,0.00038361463701303553,0.00029701552457377193
7,Aggregated,Password,-1.051167993444159e-05,1.0950014585364478e-05,8.802315558022305e-06,1.0950014585364478e-05,5.581723533796407e-06
7,Aggregated,Port_Scanning,-0.17229058787031856,0.0892257655823172,-0.014946884094310806,0.20431752662293895,-0.05028674991881498
7,Aggregated,Ransomware,0.0,0.0,0.0,0.0,0.0
7,Aggregated,SQL_injection,0.0,0.0,0.0,0.0,0.0
7,Aggregated,Uploading,0.00262561656101101,0.0031719012876062305,0.0002771668113441733,0.00281946040416358,0.000581707533723478
7,Aggregated,Vulnerability_scanner,8.918862606588362e-06,9.973313879776402e-05,8.918862606588362e-06,9.973313879776402e-05,5.513882576482221e-05
7,Aggregated,XSS,-0.008779540746420072,0.0022783349103425114,0.0019445360153925377,0.0022783349103425114,0.0022783349103425114
7,Centralized,Backdoor,0.03194140204130642,0.06114213375697935,-0.021052638395243174,0.06014871671468978,0.04560939668248841
7,Centralized,DDoS_HTTP,-0.01014901948735422,0.018854858611525124,-0.0006355723464042479,0.01737936813817941,0.011459070807109385
7,Centralized,DDoS_ICMP,0.0005963618331762491,0.0009884959321028453,0.00046690463812882704,-0.00235403877329482,0.0009297561930491453
7,Centralized,DDoS_TCP,0.05577513707520238,-0.013475791701589256,0.0054785510467735225,-0.06470826848491482,0.010190328199873748
7,Centralized,DDoS_UDP,0.0009115056963104366,0.0009968625254207163,0.0007857747705223424,-0.0030399493796254063,0.00124926371249911
7,Centralized,Fingerprinting,0.0,0.0,0.0,0.0,0.0
7,Centralized,MITM,0.016953423934556,-0.004025597044464971,-0.015564058582926497,0.0012191582002902713,0.0014170734925451974
7,Centralized,Normal,0.0005467921433269389,0.000133030449965299,-0.00012873006929779626,0.00038361463701303553,0.00029701552457377193
7,Centralized,Password,-1.051167993444159e-05,1.0950014585364478e-05,8.802315558022305e-06,1.0950014585364478e-05,5.581723533796407e-06
7,Centralized,Port_Scanning,-0.17229058787031856,0.0892257655823172,-0.014946884094310806,0.20431752662293895,-0.05028674991881498
7,Centralized,Ransomware,0.0,0.0,0.0,0.0,0.0
7,Centralized,SQL_injection,0.0,0.0,0.0,0.0,0.0
7,Centralized,Uploading,0.00262561656101101,0.0031719012876062305,0.0002771668113441733,0.00281946040416358,0.000581707533723478
7,Centralized,Vulnerability_scanner,8.918862606588362e-06,9.973313879776402e-05,8.918862606588362e-06,9.973313879776402e-05,5.513882576482221e-05
7,Centralized,XSS,-0.008779540746420072,0.0022783349103425114,0.0019445360153925377,0.0022783349103425114,0.0022783349103425114
8,0,Backdoor,-0.013078389456370255,-0.005794395480612767,-0.04815324737907149,-0.012834168192686048,0.06789892790683617
8,0,DDoS_HTTP,0.004214246920595285,-0.01525040829043066,0.01750286856986105,0.013030985961751066,-0.010184636424757254
8,0,DDoS_ICMP,-0.00018792693152254735,7.437924397995325e-05,0.00018818370820236814,-0.00018917015346486636,-0.0003384491001790576
8,0,DDoS_TCP,0.00558891660472707,-0.001019000796584498,-0.008369562038607944,0.004184305923000301,0.0057024871141814724
8,0,DDoS_UDP,-0.00039664186925979136,0.00019330233721331542,0.0006746005967349793,-0.00039545364052638495,-0.0007178580081764603
8,0,Fingerprinting,0.0,0.0,0.0,0.0,0.0
8,0,MITM,0.0,0.0,0.0,0.0,0.0
8,0,Normal,7.186388211905352e-05,-0.00030020362900844236,-0.0001445169899361683,0.00018527056871950703,-0.0002743717039719836
8,0,Password,0.0,0.0,0.0,0.0,0.0
8,0,Port_Scanning,-0.02672000744289901,-0.02672000744289901,0.04663906591617436,-0.02672000744289901,-0.02672000744289901
8,0,Ransomware,0.0,0.0,0.0,0.0,0.0
8,0,SQL_injection,0.0,0.0,0.0,0.0,0.0
8,0,Uploading,-0.0022055142350588734,-0.006438985636610923,0.01057740997501097,-0.00465858930349767,-0.0009597496497460474
8,0,Vulnerability_scanner,0.024646524337616264,0.024809596853825177,-0.09903454677003956,0.024809596853825177,0.02476882872477295
8,0,XSS,-0.002537257625126863,0.0008457525417089542,0.0008457525417089542,0.0008457525417089542,0.0
8,1,Backdoor,-0.01857521121248024,-0.011028882571564485,-0.05131114978526394,-0.013187047098752258,0.0885029474825108
8,1,DDoS_HTTP,0.004096156968934323,-0.018128838498910418,0.0160163962706583,0.008069538437838272,-0.00559530864059517
8,1,DDoS_ICMP,-0.0003009846215172603,-9.42956985511482e-05,0.00020712070252755787,-0.0002638615592151894,-0.0004513123998448443
8,1,DDoS_TCP,0.006031318716347414,-0.00010563943214050113,-0.007254821469085933,0.004598220325731297,0.005334555714628522
8,1,DDoS_UDP,-0.00041236618425688487,-0.00019798689075166873,0.0003099951650293494,-0.0003584484907486196,-0.0006265390462133202
8,1,Fingerprinting,0.0,0.0,0.0,0.0,0.0
8,1,MITM,-0.026666666666666682,0.0066666666666666706,0.0066666666666666706,0.0066666666666666706,0.0066666666666666706
8,1,Normal,0.0001622132863456416,-0.00037570586445981693,-0.00015633670591237622,3.3612519229468214e-05,5.1964315926990764e-05
8,1,Password,0.0,0.0,0.0,0.0,0.0
8,1,Port_Scanning,-0.02335820895522388,-0.02335820895522388,0.05164179104477611,-0.02335820895522388,-0.02335820895522388
8,1,Ransomware,0.0,0.0,0.0,0.0,0.0
8,1,SQL_injection,0.0,0.0,0.0,0.0,0.0
8,1,Uploading,-0.00010375136509943964,-0.007356264325099796,0.01188004372248305,-0.003408903419385603,-0.0010111246128982206
8,1,Vulnerability_scanner,0.025632433161109525,0.025999516942176473,-0.10363098398763895,0.025999516942176473,0.025999516942176473
8,1,XSS,-0.0062176165803108805,0.0015544041450777201,0.0015544041450777201,0.0015544041450777201,0.0015544041450777201
8,2,Backdoor,-0.02167645575535932,-0.014473282699444277,-0.07180612018365405,-0.021228543038224967,0.11796199081080821
8,2,DDoS_HTTP,0.0009447255069213095,-0.01681641329358681,0.013760310142706818,0.013773206298513857,-0.01128278951876441
8,2,DDoS_ICMP,-0.0002636003804111294,-9.438945205225516e-05,1.0220493383283902e-07,-0.0001700319367721914,-0.0003758234328700316
8,2,DDoS_TCP,0.006011452136200912,0.001043573932847051,-0.010426389290788566,0.004433414974943641,0.005900336896676045
8,2,DDoS_UDP,-0.0003429619033686215,-0.0001814839100850618,0.00016601944663939273,-0.0001280654707250417,-0.00047658503774218873
8,2,Fingerprinting,0.0,0.0,0.0,0.0,0.0
8,2,MITM,-0.021818181818181803,0.005454545454545451,0.005454545454545451,0.005454545454545451,0.005454545454545451
8,2,Normal,4.5889197807691404e-05,-0.00043723835094354734,-0.0002581714301080877,1.2263971294818044e-05,0.00017731729295710578
8,2,Password,-1.3506760133446863e-06,8.79970500423406e-06,-4.737521505453202e-06,8.79970500423406e-06,-1.1511212489670232e-05
8,2,Port_Scanning,-0.020601008685906412,-0.020601008685906412,0.046259456430372645,-0.020601008685906412,-0.020601008685906412
8,2,Ransomware,0.0,0.0,0.0,0.0,0.0
8,2,SQL_injection,0.0,0.0,0.0,0.0,0.0
8,2,Uploading,-0.00013022170296963788,-0.001854740014486035,0.0022454051233949486,-0.00013022170296963788,-0.00013022170296963788
8,2,Vulnerability_scanner,0.025731952596149764,0.02598157297262168,-0.1036766715140148,0.02598157297262168,0.02598157297262168
8,2,XSS,-0.003997475278771302,0.0009993688196928256,0.0009993688196928256,0.0009993688196928256,0.0009993688196928256
8,3,Backdoor,-0.011907558930501976,-0.010968738243801967,-0.05618119370140955,-0.011943016419963598,0.08098608156124548
8,3,DDoS_HTTP,-0.00113028936438631,-0.011454278004479426,0.013897386026683063,0.012459505058043304,-0.014191227246037958
8,3,DDoS_ICMP,0.0001654089398883174,0.0002213389368071065,0.0003153644540001425,1.4319958766630576e-05,-4.151706447178364e-05
8,3,DDoS_TCP,0.006828776184188136,-0.00040252354620075775,-0.008893865236636822,0.003910376032180816,0.006048084998375021
8,3,DDoS_UDP,0.00031604491107278994,0.00018262924493386105,0.0003432801608507341,4.876496668228906e-05,-0.00024597496042533067
8,3,Fingerprinting,0.0,0.0,0.0,0.0,0.0
8,3,MITM,-0.0288888888888889,0.04888888888888891,-0.017777777777777785,-0.0066666666666666706,0.004444444444444447
8,3,Normal,0.00024187981213507625,-0.00037015121659102294,-0.00022312195936444735,9.368710984136719e-06,0.00019347155569679846
8,3,Password,-3.4961062117064984e-06,8.157581160648497e-06,-9.322949897883995e-06,8.157581160648497e-06,-3.4961062117064984e-06
8,3,Port_Scanning,-0.025443016128403696,-0.025443016128403696,0.05429431970649312,-0.025443016128403696,-0.025443016128403696
8,3,Ransomware,0.0,0.0,0.0,0.0,0.0
8,3,SQL_injection,0.0,0.0,0.0,0.0,0.0
8,3,Uploading,-0.0006205102348723276,-0.003966733549124158,0.0073753621363512175,-0.002152259512286902,-0.0006358588400678308
8,3,Vulnerability_scanner,0.025460752828168853,0.025460752828168853,-0.10184301131267541,0.025460752828168853,0.025460752828168853
8,3,XSS,0.0,0.0,0.0,0.0,0.0
8,4,Backdoor,-0.013840072368053253,-0.013418189276184633,-0.05040515972312617,-0.015645650134376913,0.09476751129053347
8,4,DDoS_HTTP,0.00446702568936476,-0.01884165500854158,0.018505648514945242,0.01029400599599007,-0.0041463800317513505
8,4,DDoS_ICMP,-0.000146986915563857,-5.291911283196356e-05,0.0004558712771413028,-0.0002226544330668434,-0.00048477424207531985
8,4,DDoS_TCP,0.005675701039768385,0.0009719410591049989,-0.009925525467636372,0.0038893003750180345,0.005796294364826598
8,4,DDoS_UDP,-0.0002625916721786451,3.226845540310423e-05,0.0008084437413298673,-0.00026204025235437113,-0.0006373120103104498
8,4,Fingerprinting,0.0,0.0,0.0,0.0,0.0
8,4,MITM,0.0,0.0,0.0,0.0,0.0
8,4,Normal,5.490132323349162e-06,-0.0002150202596862309,-0.00012643240116497572,0.00012010219319884367,-0.00013896732346234305
8,4,Password,-3.933119488170114e-06,9.177278805730266e-06,-1.0488318635120305e-05,9.177278805730266e-06,-3.933119488170114e-06
8,4,Port_Scanning,-0.0335910397462583,-0.0335910397462583,0.0407969075230449,-0.0335910397462583,-0.0335910397462583
8,4,Ransomware,0.0,0.0,0.0,0.0,0.0
8,4,SQL_injection,-0.009405815423514537,-0.009405815423514537,0.03762326169405815,-0.009405815423514537,-0.009405815423514537
8,4,Uploading,-0.003407961678888238,-0.006463147636323692,0.010570884400614457,-0.004923281617951904,0.0005649516617233559
8,4,Vulnerability_scanner,0.018480312751588637,0.018554772571811165,-0.07414463046702213,0.018554772571811165,0.018554772571811165
8,4,XSS,-0.0019288360996903703,0.00048220902492259257,0.00048220902492259257,0.00048220902492259257,0.00048220902492259257
8,Aggregated,Backdoor,-0.01575208261034471,-0.011094069531074561,-0.05540191692858017,-0.01488571785609564,0.08978672948240055
8,Aggregated,DDoS_HTTP,0.0025083084180746477,-0.016100372013386013,0.015936443824464196,0.01151991327159951,-0.009112041550852342
8,Aggregated,DDoS_ICMP,-0.00014676706955303134,1.0846502782435596e-05,0.00023332220453802419,-0.00016627791539765754,-0.00033833562017511937
8,Aggregated,DDoS_TCP,0.006028806895265536,9.61264399839586e-05,-0.008972768719207857,0.00420578242113509,0.005757363471896149
8,Aggregated,DDoS_UDP,-0.0002198028073820598,5.700817724792658e-06,0.00046047429186438227,-0.00021907017058127773,-0.0005408843677226031
8,Aggregated,Fingerprinting,0.0,0.0,0.0,0.0,0.0
8,Aggregated,MITM,-0.0139477503628447,0.010290275761973887,-0.0005950653120464518,0.0012191582002902713,0.0030333817126269942
8,Aggregated,Normal,0.0001047271291745977,-0.00033792199208544004,-0.00018097257374579122,7.211286550542299e-05,4.75465846131821e-07
8,Aggregated,Password,-1.7167565197623302e-06,5.796683604826723e-06,-4.937348543988228e-06,5.796683604826723e-06,-4.939262145902887e-06
8,Aggregated,Port_Scanning,-0.02598774128195142,-0.02598774128195142,0.04793189480599399,-0.02598774128195142,-0.02598774128195142
8,Aggregated,Ransomware,0.0,0.0,0.0,0.0,0.0
8,Aggregated,SQL_injection,-0.005652636377450236,-0.005652636377450236,0.022610545509800944,-0.005652636377450236,-0.005652636377450236
8,Aggregated,Uploading,-0.001284215219157039,-0.005201154494940051,0.008496417351911648,-0.0030366716798480883,-0.0004324340069025469
8,Aggregated,Vulnerability_scanner,0.023633533795377352,0.023793963132999738,-0.09500812627971485,0.023793963132999738,0.02378666621833802
8,Aggregated,XSS,-0.002918430583168309,0.0007712896689936075,0.0007712896689936075,0.0007712896689936075,0.0006045615761874863
8,Centralized,Backdoor,-0.01575208261034471,-0.011094069531074561,-0.05540191692858017,-0.01488571785609564,0.08978672948240055
8,Centralized,DDoS_HTTP,0.0025083084180746477,-0.016100372013386013,0.015936443824464196,0.01151991327159951,-0.009112041550852342
8,Centralized,DDoS_ICMP,-0.00014676706955303134,1.0846502782435596e-05,0.00023332220453802419,-0.00016627791539765754,-0.00033833562017511937
8,Centralized,DDoS_TCP,0.006028806895265536,9.61264399839586e-05,-0.008972768719207857,0.00420578242113509,0.005757363471896149
8,Centralized,DDoS_UDP,-0.0002198028073820598,5.700817724792658e-06,0.00046047429186438227,-0.00021907017058127773,-0.0005408843677226031
8,Centralized,Fingerprinting,0.0,0.0,0.0,0.0,0.0
8,Centralized,MITM,-0.0139477503628447,0.010290275761973887,-0.0005950653120464518,0.0012191582002902713,0.0030333817126269942
8,Centralized,Normal,0.0001047271291745977,-0.00033792199208544004,-0.00018097257374579122,7.211286550542299e-05,4.75465846131821e-07
8,Centralized,Password,-1.7167565197623302e-06,5.796683604826723e-06,-4.937348543988228e-06,5.796683604826723e-06,-4.939262145902887e-06
8,Centralized,Port_Scanning,-0.02598774128195142,-0.02598774128195142,0.04793189480599399,-0.02598774128195142,-0.02598774128195142
8,Centralized,Ransomware,0.0,0.0,0.0,0.0,0.0
8,Centralized,SQL_injection,-0.005652636377450236,-0.005652636377450236,0.022610545509800944,-0.005652636377450236,-0.005652636377450236
8,Centralized,Uploading,-0.001284215219157039,-0.005201154494940051,0.008496417351911648,-0.0030366716798480883,-0.0004324340069025469
8,Centralized,Vulnerability_scanner,0.023633533795377352,0.023793963132999738,-0.09500812627971485,0.023793963132999738,0.02378666621833802
8,Centralized,XSS,-0.002918430583168309,0.0007712896689936075,0.0007712896689936075,0.0007712896689936075,0.0006045615761874863
9,0,Backdoor,-0.03670740046094686,-0.05452533087934123,0.06481232765254318,-0.055321594406505456,0.0766621722597076
9,0,DDoS_HTTP,-0.011872842363327734,0.0066434417946728596,0.00595881942886589,-0.009182237152108691,0.008479871536547908
9,0,DDoS_ICMP,-0.00023517108587559066,0.0001415742445741349,0.00018225819064684087,-6.270958740082581e-05,-0.0004728560430210804
9,0,DDoS_TCP,0.0006505549190451062,0.005001208797951878,-0.008963354610463662,0.0024068906805586967,0.002862651379302398
9,0,DDoS_UDP,-0.0004749453833335582,0.00019384378568035877,0.00043300405990171484,-0.00010284819024223106,-0.0006952484544976285
9,0,Fingerprinting,0.0,0.0,0.0,0.0,0.0
9,0,MITM,0.004545454545454547,-0.003030303030303031,0.004545454545454547,-0.003030303030303031,-0.003030303030303031
9,0,Normal,-0.0001828184206703276,-0.00024215412346332104,0.000248407023972641,-0.00022023038182090912,0.0007640702537266897
9,0,Password,0.0,0.0,0.0,0.0,0.0
9,0,Port_Scanning,-0.0026888036707822583,-0.017494218222389706,0.05517145833795137,-0.017494218222389706,-0.017494218222389706
9,0,Ransomware,0.0,0.0,0.0,0.0,0.0
9,0,SQL_injection,0.0,0.0,0.0,0.0,0.0
9,0,Uploading,0.0045942405921780135,0.004901359663003226,0.008594869588455047,-0.010126186630923344,-0.007964283212712942
9,0,Vulnerability_scanner,3.4299309661628416e-05,3.4299309661628416e-05,-0.00013719723864651366,3.4299309661628416e-05,3.4299309661628416e-05
9,0,XSS,0.0,0.0,0.0,0.0,0.0
9,1,Backdoor,-0.047416834482681344,-0.06595227780843872,0.0767903990932406,-0.06381974337174154,0.08435355156098544
9,1,DDoS_HTTP,-0.012335730867078891,0.0063046852401658065,0.013842914432191804,-0.014032533960513268,0.013641189651397807
9,1,DDoS_ICMP,-0.000366310850376674,0.0001987567705309316,0.0005196281190522549,5.000798794508876e-05,5.1206544948761976e-05
9,1,DDoS_TCP,0.0005176017960723145,0.004388555928125248,-0.00787980465644229,0.001743368018732222,0.0023682589988609946
9,1,DDoS_UDP,-0.0005019734494090877,0.0002734116073133156,0.0007548976769734298,5.790996120405937e-05,5.718464763984077e-05
9,1,Fingerprinting,0.0,0.0,0.0,0.0,0.0
9,1,MITM,0.005454545454545451,-0.0036363636363636338,0.005454545454545451,-0.0036363636363636338,-0.0036363636363636338
9,1,Normal,-0.0004183047284562295,-0.00018903048263993472,0.00042021627563426645,-0.0004222378261106996,0.000800921572684086
9,1,Password,0.0,0.0,0.0,0.0,0.0
9,1,Port_Scanning,-0.003435656687807273,-0.016068093525623085,0.05163993726467653,-0.016068093525623085,-0.016068093525623085
9,1,Ransomware,0.0,0.0,0.0,0.0,0.0
9,1,SQL_injection,0.0,0.0,0.0,0.0,0.0
9,1,Uploading,0.0037060617404019993,0.004067716228470199,0.00821144146946955,-0.01011216542678017,-0.009502547002756687
9,1,Vulnerability_scanner,0.0,0.0,0.0,0.0,0.0
9,1,XSS,0.0,0.0,0.0,0.0,0.0
9,2,Backdoor,-0.05729645375148758,-0.09013949607151636,0.08942461020541288,-0.0935699451663034,0.10417624466937665
9,2,DDoS_HTTP,-0.013796418283747114,0.0006802409682484698,0.009068531045240812,-0.010136764026115916,0.012953192074344026
9,2,DDoS_ICMP,5.914941757491817e-06,0.0003260376161616692,0.0005346366163196762,4.626766067074758e-05,-0.00023368004223743114
9,2,DDoS_TCP,-6.830821881000741e-05,0.005227546261410049,-0.009692908825623974,0.0036096231849089997,0.0047018166793708705
9,2,DDoS_UDP,-0.00010055867643145959,0.00038160149473450143,0.0007819662888536009,3.128432048368583e-05,-0.00045369277129402675
9,2,Fingerprinting,0.0,0.0,0.0,0.0,0.0
9,2,MITM,0.0,0.0,0.0,0.0,0.0
9,2,Normal,-0.00045663178299267616,-0.00039880562441767887,0.000359214859722908,-0.0006094215167634569,0.000979351163328477
9,2,Password,-3.2462939430507745e-05,-1.2172332854097056e-05,-1.5559178346205572e-05,-8.785487361988541e-06,-1.2182488312843856e-05
9,2,Port_Scanning,-0.004224021592442645,-0.01618983355825461,0.05279352226720647,-0.01618983355825461,-0.01618983355825461
9,2,Ransomware,0.0,0.0,0.0,0.0,0.0
9,2,SQL_injection,0.0,0.0,0.0,0.0,0.0
9,2,Uploading,0.000928534115057487,0.0009065565761022992,0.0009065565761022992,-0.0013708236336310428,-0.0013708236336310428
9,2,Vulnerability_scanner,0.0,8.32565867666113e-05,-4.162829338330565e-05,8.32565867666113e-05,-0.00012488488014991694
9,2,XSS,0.0,0.0,0.0,0.0,0.0
9,3,Backdoor,-0.05501307830575786,-0.06934755620245474,0.07588757748220921,-0.07159161817221923,0.08071901617121388
9,3,DDoS_HTTP,-0.005547829266062619,-0.0007195031550620762,0.007044264545910777,-0.006727054786518262,0.010709196999979126
9,3,DDoS_ICMP,-0.00018715871921581306,0.0005465659194140215,-0.00010813378382107756,-0.00010769435182527708,-0.0008184942895422671
9,3,DDoS_TCP,-0.0018401930210739585,0.0050435732972168934,-0.008931225389971369,0.002449949310705078,0.0036129788681044457
9,3,DDoS_UDP,-0.00026442637195541,0.0006990212848177875,0.00016008910501861078,-0.00021578689710464172,-0.00102364144389069
9,3,Fingerprinting,0.0,0.0,0.0,0.0,0.0
9,3,MITM,-0.04222222222222225,0.08000000000000006,0.02444444444444444,0.06888888888888893,0.0022222222222222235
9,3,Normal,-0.000519218173205499,-0.00024678785410470747,0.0002892135303181831,-0.0005100850569219199,0.0007919012920552285
9,3,Password,-3.845716832877148e-05,-9.322949897883995e-06,-1.5149793584061494e-05,-3.4961062117064984e-06,-3.4961062117064984e-06
9,3,Port_Scanning,-0.005386165577342048,-0.017469498910675382,0.05779466230936819,-0.017469498910675382,-0.017469498910675382
9,3,Ransomware,0.0,0.0,0.0,0.0,0.0
9,3,SQL_injection,0.0,0.0,0.0,0.0,0.0
9,3,Uploading,0.0032797954740641814,0.002990349285090262,0.0056916766846125495,-0.00940271503806139,-0.006267378822859593
9,3,Vulnerability_scanner,3.555198862336129e-05,3.555198862336129e-05,-0.00014220795449344515,3.555198862336129e-05,3.555198862336129e-05
9,3,XSS,0.0,0.0,0.0,0.0,0.0
9,4,Backdoor,-0.05262450506853688,-0.06412223417786725,0.08038609434290654,-0.07208038084023105,0.08382668817567056
9,4,DDoS_HTTP,-0.016454976062388587,0.0010482982920725396,0.015689631551485884,-0.0154797196503998,0.014289770956785484
9,4,DDoS_ICMP,-0.0002531236351712762,6.742942532446302e-05,0.00036913975055268835,4.983003092263923e-05,-6.176538926609224e-06
9,4,DDoS_TCP,-0.00033542812424666724,0.003875463279627548,-0.00599796332356986,0.0006849145559402839,0.002224208353009969
9,4,DDoS_UDP,-0.00045483852329301265,0.00010730230205793038,0.00042839580848153165,5.305529685621368e-05,-0.00013515956555290403
9,4,Fingerprinting,0.0,0.0,0.0,0.0,0.0
9,4,MITM,0.004545454545454547,-0.003030303030303031,0.004545454545454547,-0.003030303030303031,-0.003030303030303031
9,4,Normal,-0.00019311017525705892,-0.0002288275292870956,0.00023514234822120117,-0.0001944156853874483,0.0008053756338612902
9,4,Password,-4.326431436987126e-05,-1.0488318635120305e-05,-1.7043517782070494e-05,-3.933119488170114e-06,-3.933119488170114e-06
9,4,Port_Scanning,-0.002663398692810458,-0.018594771241830066,0.05844771241830065,-0.018594771241830066,-0.018594771241830066
9,4,Ransomware,0.0,0.0,0.0,0.0,0.0
9,4,SQL_injection,0.0,0.0,0.0,0.0,0.0
9,4,Uploading,0.0034523418873596123,0.0031282304260623886,0.006438019852993371,-0.010635035507589022,-0.006056319509733241
9,4,Vulnerability_scanner,0.0,0.0,0.0,0.0,0.0
9,4,XSS,0.0,0.0,0.0,0.0,0.0
9,Aggregated,Backdoor,-0.049808621532601356,-0.06869749988394422,0.07736595025044662,-0.07113022851399663,0.08577256604427556
9,Aggregated,DDoS_HTTP,-0.011964474521247275,0.0027786025776670798,0.010286953182291503,-0.011098291296959106,0.012028170177071895
9,Aggregated,DDoS_ICMP,-0.00020715579496478065,0.0002560532578155935,0.00029943348073522094,-4.865608586078022e-06,-0.0002960787359422808
9,Aggregated,DDoS_TCP,-0.0002139440464823968,0.00470836837186945,-0.008292294519119338,0.0021812261621748357,0.0031547575188461668
9,Aggregated,DDoS_UDP,-0.0003594860480823877,0.00033095228561835224,0.0005117308187060206,-3.5250721004081996e-05,-0.00044985288140939603
9,Aggregated,Fingerprinting,0.0,0.0,0.0,0.0,0.0
9,Aggregated,MITM,-0.0037471962000264016,0.01096450719092232,0.007138144873993936,0.009150283678585591,-0.0017350573954347526
9,Aggregated,Normal,-0.000352430305066929,-0.0002599326775353498,0.0003098482409144306,-0.00038911181140224664,0.0008274408541587767
9,Aggregated,Password,-2.4468850656483506e-05,-7.29745939103595e-06,-1.0518051415261849e-05,-4.076867366810053e-06,-5.1529483747665e-06
9,Aggregated,Port_Scanning,-0.0036713270661257306,-0.017164580439439074,0.05516506838444295,-0.017164580439439074,-0.017164580439439074
9,Aggregated,Ransomware,0.0,0.0,0.0,0.0,0.0
9,Aggregated,SQL_injection,0.0,0.0,0.0,0.0,0.0
9,Aggregated,Uploading,0.00317768933320198,0.0031862857702646507,0.005939350050887557,-0.008284215726226845,-0.006210436685853678
9,Aggregated,Vulnerability_scanner,1.362214142867635e-05,2.821597075210828e-05,-6.178548037642136e-05,2.821597075210828e-05,-8.268602556471549e-06
9,Aggregated,XSS,0.0,0.0,0.0,0.0,0.0
9,Centralized,Backdoor,-0.049808621532601356,-0.06869749988394422,0.07736595025044662,-0.07113022851399663,0.08577256604427556
9,Centralized,DDoS_HTTP,-0.011964474521247275,0.0027786025776670798,0.010286953182291503,-0.011098291296959106,0.012028170177071895
9,Centralized,DDoS_ICMP,-0.00020715579496478065,0.0002560532578155935,0.00029943348073522094,-4.865608586078022e-06,-0.0002960787359422808
9,Centralized,DDoS_TCP,-0.0002139440464823968,0.00470836837186945,-0.008292294519119338,0.0021812261621748357,0.0031547575188461668
9,Centralized,DDoS_UDP,-0.0003594860480823877,0.00033095228561835224,0.0005117308187060206,-3.5250721004081996e-05,-0.00044985288140939603
9,Centralized,Fingerprinting,0.0,0.0,0.0,0.0,0.0
9,Centralized,MITM,-0.0037471962000264016,0.01096450719092232,0.007138144873993936,0.009150283678585591,-0.0017350573954347526
9,Centralized,Normal,-0.000352430305066929,-0.0002599326775353498,0.0003098482409144306,-0.00038911181140224664,0.0008274408541587767
9,Centralized,Password,-2.4468850656483506e-05,-7.29745939103595e-06,-1.0518051415261849e-05,-4.076867366810053e-06,-5.1529483747665e-06
9,Centralized,Port_Scanning,-0.0036713270661257306,-0.017164580439439074,0.05516506838444295,-0.017164580439439074,-0.017164580439439074
9,Centralized,Ransomware,0.0,0.0,0.0,0.0,0.0
9,Centralized,SQL_injection,0.0,0.0,0.0,0.0,0.0
9,Centralized,Uploading,0.00317768933320198,0.0031862857702646507,0.005939350050887557,-0.008284215726226845,-0.006210436685853678
9,Centralized,Vulnerability_scanner,1.362214142867635e-05,2.821597075210828e-05,-6.178548037642136e-05,2.821597075210828e-05,-8.268602556471549e-06
9,Centralized,XSS,0.0,0.0,0.0,0.0,0.0
10,0,Backdoor,0.00990792281230879,-0.02449018055098923,0.12255656615612304,-0.010691591229839183,-0.07660127097424228
10,0,DDoS_HTTP,-0.002780990921083725,0.018638044954248773,0.004184876408243761,0.006686501610459602,-0.015778255151781082
10,0,DDoS_ICMP,-0.0004149221308205442,0.00014478955419690575,0.0001271316498294502,0.0003521457432756133,0.00023927988667644303
10,0,DDoS_TCP,0.001519254176416146,-0.0016283657716371378,0.0012920393627476674,-0.0030135283692905783,0.0006935770573546477
10,0,DDoS_UDP,-0.0005752862830517124,4.429497673942851e-05,0.0003649238175816194,0.0004993922984960375,0.00031183413992337815
10,0,Fingerprinting,0.0,0.0,0.0,0.0,0.0
10,0,MITM,-0.003030303030303031,-0.010606060606060612,0.04242424242424244,-0.010606060606060612,-0.01818181818181818
10,0,Normal,0.00023700015962447863,-0.0001676184941576934,0.0006133716407310363,0.00017733653628962582,-0.0005017049233001762
10,0,Password,0.0,0.0,0.0,0.0,0.0
10,0,Port_Scanning,0.0,0.0,0.0,0.0,0.0
10,0,Ransomware,0.0,0.0,0.0,0.0,0.0
10,0,SQL_injection,0.0,0.0,0.0,0.0,0.0
10,0,Uploading,0.007513363535873885,-0.002234508811261243,0.00751336353587389,-0.016655096410264636,0.0038628781497781284
10,0,Vulnerability_scanner,8.16263935340511e-05,-4.067799362263425e-05,-0.00014703567087680501,2.446087743133707e-05,8.16263935340511e-05
10,0,XSS,0.0005074515250253726,-0.0020298061001014903,0.0005074515250253726,0.0005074515250253726,0.0005074515250253726
10,1,Backdoor,0.005689347817103885,-0.026594918287042232,0.14280081513526094,-0.016058051539143827,-0.07531676364201863
10,1,DDoS_HTTP,-0.006519039163498084,0.011737792923731198,0.01311695946083231,-0.0022059044531594655,-0.012757810940250719
10,1,DDoS_ICMP,-2.5719769225109508e-05,-0.00023412322600533942,0.00010512558212300756,0.00021786482429541064,0.00016121668626166706
10,1,DDoS_TCP,0.0019446774964042438,-0.0029777126611381416,0.00167177505012522,-0.0024816895818811488,0.0007049696111413372
10,1,DDoS_UDP,-4.868193753601406e-05,-0.00036894878447522227,0.00030014866012433673,0.0002734311714069737,0.00016631926190138941
10,1,Fingerprinting,0.0,0.0,0.0,0.0,0.0
10,1,MITM,-0.0036363636363636338,-0.01272727272727272,0.050909090909090876,-0.01272727272727272,-0.021818181818181796
10,1,Normal,5.2458575073967746e-05,-8.396515020989888e-05,0.0009638479569908117,-3.1034506739494964e-05,-0.0005967273598838345
10,1,Password,0.0,0.0,0.0,0.0,0.0
10,1,Port_Scanning,0.0,0.0,0.0,0.0,0.0
10,1,Ransomware,0.0,0.0,0.0,0.0,0.0
10,1,SQL_injection,0.0,0.0,0.0,0.0,0.0
10,1,Uploading,0.00917219917421964,-0.002719565278085418,0.009172199174219638,-0.016661798143977138,0.004666458064818404
10,1,Vulnerability_scanner,2.4501076867444736e-05,-9.800430746977895e-05,2.4501076867444736e-05,2.4501076867444736e-05,2.4501076867444736e-05
10,1,XSS,0.0005127374784110536,-0.0020509499136442144,0.0005127374784110536,0.0005127374784110536,0.0005127374784110536
10,2,Backdoor,0.006353614171895403,-0.04184198788044977,0.18595496623868293,-0.025338902092496483,-0.06721452517152551
10,2,DDoS_HTTP,-0.005293669279148986,0.017189531771681216,0.01132339066813088,0.006303250599575049,-0.016060149623779916
10,2,DDoS_ICMP,-0.00026173552341844745,-9.520420436962552e-05,0.000225146126919303,0.00016886946907668603,0.00018749033629170502
10,2,DDoS_TCP,0.00016505895758433715,-0.001569411833983314,-0.0002037015389431259,-0.001225132911160881,-0.0009445817547529489
10,2,DDoS_UDP,-0.00026388475035084383,-0.00012742927342543898,0.00035416088642718687,0.0004079414306120355,0.0002739564973319027
10,2,Fingerprinting,0.0,0.0,0.0,0.0,0.0
10,2,MITM,0.0,0.0,0.0,0.0,0.0
10,2,Normal,0.00012949423855254105,-0.00014065655562920388,0.0011670130584491975,9.924329384071359e-05,-0.0005017320261360851
10,2,Password,2.435075898344219e-05,2.0974068950080477e-05,6.631514561761832e-07,3.451129545976774e-05,6.631514561761832e-07
10,2,Port_Scanning,0.0,0.0,0.0,0.0,0.0
10,2,Ransomware,0.0,0.0,0.0,0.0,0.0
10,2,SQL_injection,0.0,0.0,0.0,0.0,0.0
10,2,Uploading,0.001968971771543088,-0.00028873712665204303,0.001174619818146383,-0.002566117336385385,-0.00028873712665204303
10,2,Vulnerability_scanner,0.0,0.0,0.0,0.0,0.0
10,2,XSS,0.0,0.0,0.0,0.0,0.0
10,3,Backdoor,0.009394930778549618,-0.02517990702434575,0.15473115479771982,-0.013165971035978212,-0.07677148428041818
10,3,DDoS_HTTP,-0.0014152144498151896,0.016500392786753616,0.005204016301768901,0.0029100030873211234,-0.016391589271177565
10,3,DDoS_ICMP,-0.0003700690505924642,0.0003968962064840061,0.00011598549973163194,0.0002848580896872214,0.00024724447968001807
10,3,DDoS_TCP,0.0012312818803857503,-0.001282350587246069,0.001161757878262896,-0.0019009625519131193,0.0007902733805105422
10,3,DDoS_UDP,-0.0005382014551936968,0.0005642159452041607,0.0001881148896868301,0.0002956415371930051,0.00013497340622404448
10,3,Fingerprinting,0.0,0.0,0.0,0.0,0.0
10,3,MITM,-0.04888888888888893,-0.037777777777777806,-0.004444444444444462,0.006666666666666651,0.08444444444444452
10,3,Normal,0.00012285763715570995,-5.421221138105873e-06,0.0011235421638621124,6.996968959400348e-05,-0.0006627705742248895
10,3,Password,1.5149793584061494e-05,1.5149793584061494e-05,-8.157581160648497e-06,3.845716832877148e-05,9.322949897883995e-06
10,3,Port_Scanning,0.0,0.0,0.0,0.0,0.0
10,3,Ransomware,0.0,0.0,0.0,0.0,0.0
10,3,SQL_injection,0.0,0.0,0.0,0.0,0.0
10,3,Uploading,0.006063839549251323,-0.0015481828554568394,0.004850618062434435,-0.01240167380496177,0.00303539904873285
10,3,Vulnerability_scanner,5.925331437226881e-05,5.925331437226881e-05,-0.00017775994311680643,0.0,5.925331437226881e-05
10,3,XSS,0.0,0.0,0.0,0.0,0.0
10,4,Backdoor,0.000880639727950699,-0.02337168910535003,0.15277853092668445,-0.020166409862166813,-0.08000131481162943
10,4,DDoS_HTTP,-0.012094654207152555,0.013579003294063256,0.019434613548149817,-0.005473677464999492,-0.011215368745022622
10,4,DDoS_ICMP,-8.947713742267586e-05,-5.366196023844176e-05,9.732407630119177e-05,0.00011644331172445862,0.00015373610333024312
10,4,DDoS_TCP,0.0012403141190451493,-0.0011260470452527241,0.00095930186259728,-0.002525770055390514,0.0004958110950470514
10,4,DDoS_UDP,-5.386701829473613e-05,-2.625080434784007e-05,0.0002952229326489642,0.0002684363729079412,0.00016120364192725444
10,4,Fingerprinting,0.0,0.0,0.0,0.0,0.0
10,4,MITM,-0.003030303030303031,-0.010606060606060612,0.04242424242424244,-0.010606060606060612,-0.01818181818181818
10,4,Normal,8.743075152196633e-05,-0.0001614451647585576,0.0007564302123838925,7.39521418098225e-05,-0.00039905296423936403
10,4,Password,1.7043517782070494e-05,1.7043517782070494e-05,-9.177278805730266e-06,4.326431436987126e-05,1.0488318635120305e-05
10,4,Port_Scanning,0.0,0.0,0.0,0.0,0.0
10,4,Ransomware,0.0,0.0,0.0,0.0,0.0
10,4,SQL_injection,0.0,0.0,0.0,0.0,0.0
10,4,Uploading,0.006306793414913033,-0.001536677686537742,0.005999538935167901,-0.014070856083691541,0.0033012014201483546
10,4,Vulnerability_scanner,0.0,0.0,0.0,0.0,0.0
10,4,XSS,0.0,0.0,0.0,0.0,0.0
10,Aggregated,Backdoor,0.006486516296095105,-0.02820083301700652,0.15150136960371297,-0.017019012011048457,-0.07521657420274555
10,Aggregated,DDoS_HTTP,-0.005603918003037092,0.015514113030976847,0.010619760535752294,0.0016468364766487303,-0.014387027247016182
10,Aggregated,DDoS_ICMP,-0.00023240049791015867,3.1761640966689504e-05,0.00013413209343291117,0.00022804342712163806,0.00019780227529297238
10,Aggregated,DDoS_TCP,0.0012200299094746033,-0.0017205371794869343,0.000974868462356628,-0.002229358005231502,0.000346355991417574
10,Aggregated,DDoS_UDP,-0.0002958764402032632,1.7085975412176973e-05,0.0003005021706676825,0.0003489558337549936,0.00020963989348806353
10,Aggregated,Fingerprinting,0.0,0.0,0.0,0.0,0.0
10,Aggregated,MITM,-0.01000414679659964,-0.013434678529018163,0.028530431832318633,-0.006177784479671268,0.0010861779729704553
10,Aggregated,Normal,0.00012443990026790493,-0.00011179294462967578,0.0009228596197438044,7.670144273260737e-05,-0.0005314108610757817
10,Aggregated,Password,1.330821217231023e-05,1.2235956096172974e-05,-2.7928366189147272e-06,2.511641172716697e-05,3.6464338276224103e-06
10,Aggregated,Port_Scanning,0.0,0.0,0.0,0.0,0.0
10,Aggregated,Ransomware,0.0,0.0,0.0,0.0,0.0
10,Aggregated,SQL_injection,0.0,0.0,0.0,0.0,0.0
10,Aggregated,Uploading,0.006184686671967938,-0.001662543133896954,0.005721401547719755,-0.01240869759624288,0.0028961611641277725
10,Aggregated,Vulnerability_scanner,3.145888719022216e-05,-1.2317703521919077e-05,-5.9355389000953496e-05,8.755318142428248e-06,3.145888719022216e-05
10,Aggregated,XSS,0.0002002793369699843,-0.0008011173478799372,0.0002002793369699843,0.0002002793369699843,0.0002002793369699843
10,Centralized,Backdoor,0.006486516296095105,-0.02820083301700652,0.15150136960371297,-0.017019012011048457,-0.07521657420274555
10,Centralized,DDoS_HTTP,-0.005603918003037092,0.015514113030976847,0.010619760535752294,0.0016468364766487303,-0.014387027247016182
10,Centralized,DDoS_ICMP,-0.00023240049791015867,3.1761640966689504e-05,0.00013413209343291117,0.00022804342712163806,0.00019780227529297238
10,Centralized,DDoS_TCP,0.0012200299094746033,-0.0017205371794869343,0.000974868462356628,-0.002229358005231502,0.000346355991417574
10,Centralized,DDoS_UDP,-0.0002958764402032632,1.7085975412176973e-05,0.0003005021706676825,0.0003489558337549936,0.00020963989348806353
10,Centralized,Fingerprinting,0.0,0.0,0.0,0.0,0.0
10,Centralized,MITM,-0.01000414679659964,-0.013434678529018163,0.028530431832318633,-0.006177784479671268,0.0010861779729704553
10,Centralized,Normal,0.00012443990026790493,-0.00011179294462967578,0.0009228596197438044,7.670144273260737e-05,-0.0005314108610757817
10,Centralized,Password,1.330821217231023e-05,1.2235956096172974e-05,-2.7928366189147272e-06,2.511641172716697e-05,3.6464338276224103e-06
10,Centralized,Port_Scanning,0.0,0.0,0.0,0.0,0.0
10,Centralized,Ransomware,0.0,0.0,0.0,0.0,0.0
10,Centralized,SQL_injection,0.0,0.0,0.0,0.0,0.0
10,Centralized,Uploading,0.006184686671967938,-0.001662543133896954,0.005721401547719755,-0.01240869759624288,0.0028961611641277725
10,Centralized,Vulnerability_scanner,3.145888719022216e-05,-1.2317703521919077e-05,-5.9355389000953496e-05,8.755318142428248e-06,3.145888719022216e-05
10,Centralized,XSS,0.0002002793369699843,-0.0008011173478799372,0.0002002793369699843,0.0002002793369699843,0.0002002793369699843
11,0,Backdoor,-0.058693736872701456,0.01191636844569702,-0.005971713968392877,0.03609359994254403,0.03288157314702906
11,0,DDoS_HTTP,-0.016778650339426604,-0.0005660468591597241,-0.0026116955876842726,0.005155993403687329,0.003115776988843639
11,0,DDoS_ICMP,-0.0001823220004337008,7.904154054410399e-05,0.00024727276520857634,-0.000723444167495894,0.00035842679161892467
11,0,DDoS_TCP,0.009896526307206048,0.009033985958164785,0.00468696853476408,-0.029276184688607296,0.006980580953905358
11,0,DDoS_UDP,-0.00025858610905317897,1.0698770887024311e-05,0.0005210442580472393,-0.0010396387584551137,0.0004415152534809619
11,0,Fingerprinting,0.0,0.0,0.0,0.0,0.0
11,0,MITM,-0.007575757575757579,-0.007575757575757579,0.02272727272727274,-0.007575757575757579,0.0
11,0,Normal,-0.00036331863633989696,0.00039261232580681444,-0.0004117893348405751,0.0005178383400935775,0.0003686865294087016
11,0,Password,0.0,0.0,0.0,0.0,0.0
11,0,Port_Scanning,-0.02047566069000385,-0.01841167720187175,-0.02047566069000385,0.0798386592718833,-0.02047566069000385
11,0,Ransomware,0.0,0.0,0.0,0.0,0.0
11,0,SQL_injection,0.0,0.0,0.0,0.0,0.0
11,0,Uploading,0.001657518024604375,0.005251525692957728,-0.015176485109490689,0.006170636191562475,0.0055622721264361585
11,0,Vulnerability_scanner,0.0019997674761304653,0.0018774630889737797,-0.007876765517365176,0.0019997674761304653,0.0019997674761304653
11,0,XSS,0.0005074515250253726,-0.0020298061001014903,0.0005074515250253726,0.0005074515250253726,0.0005074515250253726
11,1,Backdoor,-0.06616471841668976,0.0149924737079558,-0.010542809075024407,0.03470519578323674,0.031153862144525795
11,1,DDoS_HTTP,-0.022413980321941203,-0.004556541742960383,0.006135584414108736,0.005909319956435707,0.006675449678294972
11,1,DDoS_ICMP,-8.946898744296068e-05,3.974134339399897e-06,7.878748071210584e-05,-0.0003884449553003914,0.00017220537600539285
11,1,DDoS_TCP,0.00885442441417105,0.008800132764917638,0.00446502015496091,-0.027523714464054733,0.007540661005659338
11,1,DDoS_UDP,-0.0001236537465639213,-9.671154593379564e-05,0.00027907833922090987,-0.000553708758995101,0.00017189755347518838
11,1,Fingerprinting,0.0,0.0,0.0,0.0,0.0
11,1,MITM,-0.009090909090909085,-0.009090909090909085,0.027272727272727258,-0.009090909090909085,0.0
11,1,Normal,-0.0005905222578974652,0.0002731474530459614,-0.00025114169141504845,0.0004840499927469155,0.0003130895803836353
11,1,Password,0.0,0.0,0.0,0.0,0.0
11,1,Port_Scanning,-0.019507962433646386,-0.01845311011297128,-0.019507962433646386,0.07697699741391044,-0.019507962433646386
11,1,Ransomware,0.0,0.0,0.0,0.0,0.0
11,1,SQL_injection,0.0,0.0,0.0,0.0,0.0
11,1,Uploading,0.0027427747654049234,0.00662041740835393,-0.018403633043284406,0.006924047474477807,0.00573189990072764
11,1,Vulnerability_scanner,0.0012494160088399764,0.000882332227773025,-0.004630580254292954,0.0012494160088399764,0.0012494160088399764
11,1,XSS,0.0015544041450777201,-0.0062176165803108805,0.0015544041450777201,0.0015544041450777201,0.0015544041450777201
11,2,Backdoor,-0.09010774172353335,0.020543438346491083,-0.0021397561269080926,0.04601497426934858,0.043160127705644265
11,2,DDoS_HTTP,-0.018771169666074942,-0.0013252467055607782,-0.0007018713778407099,0.006951383725028174,0.007008661898646932
11,2,DDoS_ICMP,-0.00035548411911004993,5.621302036347327e-05,0.00013077300624590634,-0.0008038593761976613,0.0005233261473445661
11,2,DDoS_TCP,0.010644056675825405,0.008923807694542828,0.0070066540951333155,-0.03194552974672921,0.007511436405534307
11,2,DDoS_UDP,-0.0006289880937892622,-1.0180971110340665e-05,0.0001236820878401268,-0.0011408589984461463,0.0006889171179453294
11,2,Fingerprinting,0.0,0.0,0.0,0.0,0.0
11,2,MITM,0.0,0.0,0.0,0.0,0.0
11,2,Normal,-0.0005757191498425906,0.00038491142546193493,-0.00040113148805912544,0.0005644622248196452,0.00041393499549575904
11,2,Password,-2.7084608478121323e-05,0.0,6.743224607976631e-06,-1.3537226509687262e-05,-6.763535525470231e-06
11,2,Port_Scanning,-0.02077745801639142,-0.01725278530742868,-0.02077745801639142,0.07958515935660294,-0.02077745801639142
11,2,Ransomware,0.0,0.0,0.0,0.0,0.0
11,2,SQL_injection,0.0,0.0,0.0,0.0,0.0
11,2,Uploading,-0.0005732464413500624,0.0014053569700518385,-0.0031367905918923016,0.0025817540019984903,-0.0002770739388079646
11,2,Vulnerability_scanner,0.0018736622875950959,0.0013750179991111444,-0.006996004861896432,0.0018736622875950959,0.0018736622875950959
11,2,XSS,0.0020195578231292518,-0.008078231292517007,0.0020195578231292518,0.0020195578231292518,0.0020195578231292518
11,3,Backdoor,-0.07429859967529512,0.01676264344868942,-0.004872089059486728,0.04086715910764106,0.03659816932084085
11,3,DDoS_HTTP,-0.018528538400678068,-0.00196890773516839,-0.0007812212115875155,0.008292748777868227,0.008799248925711791
11,3,DDoS_ICMP,-0.0005574466361137379,-8.986837210286369e-05,-0.0002773368228076852,-0.001210908150329365,0.000339328684648732
11,3,DDoS_TCP,0.009759810990881605,0.0071730380155827665,0.004332474337475669,-0.025924389313016553,0.0051547655118727885
11,3,DDoS_UDP,-0.0009733820288383469,-8.554970238793813e-05,-3.2566308106426094e-05,-0.0016483111860743675,0.00047956440881193144
11,3,Fingerprinting,0.0,0.0,0.0,0.0,0.0
11,3,MITM,-0.026666666666666682,0.04000000000000002,-0.026666666666666682,-0.026666666666666682,0.04000000000000003
11,3,Normal,-0.0005483184605253432,0.00027279586431532276,-0.0002240359668707818,0.00046275107338243914,0.00030841568396311285
11,3,Password,-9.322949897883995e-06,2.3307374744709988e-06,1.9811268533003492e-05,-3.4961062117064984e-06,-9.322949897883995e-06
11,3,Port_Scanning,-0.022801037065488767,-0.020260386658984702,-0.022801037065488767,0.08866349785545101,-0.022801037065488767
11,3,Ransomware,0.0,0.0,0.0,0.0,0.0
11,3,SQL_injection,0.0,0.0,0.0,0.0,0.0
11,3,Uploading,0.0025193331878432296,0.003969262625474182,-0.010380264671595066,0.004531869627124513,0.003068071648307127
11,3,Vulnerability_scanner,0.0011584215036317235,0.0010395865920442115,-0.004514851102939382,0.0011584215036317235,0.0011584215036317235
11,3,XSS,0.0005127374784110536,-0.0020509499136442144,0.0005127374784110536,0.0005127374784110536,0.0005127374784110536
11,4,Backdoor,-0.07487932514812731,0.011668498980561387,0.002935354750808744,0.03723233617858281,0.03486882355053928
11,4,DDoS_HTTP,-0.01703718613677682,-0.00971796648039251,0.007116252467662284,0.004213869065770751,0.007534069821182448
11,4,DDoS_ICMP,-6.737153477353782e-05,-6.73462969314161e-05,0.0001009270153768708,-0.0004036659738279843,0.0002130923964612915
11,4,DDoS_TCP,0.009960609940864645,0.008921043541674424,0.006272677019954575,-0.031232418699685,0.008231371578827062
11,4,DDoS_UDP,-0.00025229838551543704,-0.00014496196447506363,0.0002040932949953315,-0.0005752426145841372,0.0001236645447377227
11,4,Fingerprinting,0.0,0.0,0.0,0.0,0.0
11,4,MITM,-0.007575757575757579,-0.007575757575757579,0.02272727272727274,-0.007575757575757579,0.0
11,4,Normal,-0.00037260944142755346,0.0002468715417145662,-0.0003721748175734711,0.00045011191166173433,0.00026209695284141
11,4,Password,-1.0488318635120305e-05,2.6220796587800762e-06,2.228767709963065e-05,-3.933119488170114e-06,-1.0488318635120305e-05
11,4,Port_Scanning,-0.020167899010371703,-0.01861026661161781,-0.020167899010371703,0.07911396364273292,-0.020167899010371703
11,4,Ransomware,0.0,0.0,0.0,0.0,0.0
11,4,SQL_injection,-0.0011639507815098102,-0.0011639507815098102,0.004655803126039241,-0.0011639507815098102,-0.0011639507815098102
11,4,Uploading,0.002343105897655768,0.004702447477780936,-0.010672874630326769,0.0065429734203740035,0.00441566555624898
11,4,Vulnerability_scanner,0.0011172162552966435,0.0005974255102911219,-0.003949074276181052,0.0011172162552966435,0.0011172162552966435
11,4,XSS,0.0034809463986599665,-0.013923785594639866,0.0034809463986599665,0.0034809463986599665,0.0034809463986599665
11,Aggregated,Backdoor,-0.07269941692826759,0.015167237711728558,-0.004170815375305294,0.03891600601165263,0.0356592643159659
11,Aggregated,DDoS_HTTP,-0.018684790395909243,-0.003617931389862564,0.0017985603573329337,0.0061046012183940575,0.006631183040796438
11,Aggregated,DDoS_ICMP,-0.0002504226727792843,-3.6006133641649136e-06,5.609305145022336e-05,-0.0007061242606771286,0.0003212986864592593
11,Aggregated,DDoS_TCP,0.00982302043538893,0.008572134421882255,0.005352656572794873,-0.029179265074976368,0.007083440187079445
11,Aggregated,DDoS_UDP,-0.00044721458622853927,-6.53577121751403e-05,0.00021909412060721242,-0.000991169444481882,0.00038095839468158904
11,Aggregated,Fingerprinting,0.0,0.0,0.0,0.0,0.0
11,Aggregated,MITM,-0.009522552918779341,0.0013627881552409978,0.011265621171281538,-0.009522552918779341,0.006416696511036146
11,Aggregated,Normal,-0.000488653012880147,0.00031265527340023264,-0.0003312569925061996,0.00049508402051233,0.00033229994859022377
11,Aggregated,Password,-1.2025713441951695e-05,8.585693928716184e-07,9.440439525773674e-06,-5.582615791585241e-06,-5.580702189670582e-06
11,Aggregated,Port_Scanning,-0.02075820668180536,-0.018596378392738033,-0.020758206681805356,0.08087099843815411,-0.02075820668180536
11,Aggregated,Ransomware,0.0,0.0,0.0,0.0,0.0
11,Aggregated,SQL_injection,-0.0010759299108515216,-0.0010759299108515216,0.004303719643406086,-0.0010759299108515216,-0.0010759299108515216
11,Aggregated,Uploading,0.0017253574572322406,0.004377861933464114,-0.011519158487549253,0.005335497170849286,0.0036812261127695607
11,Aggregated,Vulnerability_scanner,0.0014488479093587136,0.001099182757724454,-0.005445726485800595,0.0014488479093587136,0.0014488479093587136
11,Aggregated,XSS,0.0016256249832892165,-0.006502499933156866,0.0016256249832892165,0.0016256249832892165,0.0016256249832892165
11,Centralized,Backdoor,-0.07269941692826759,0.015167237711728558,-0.004170815375305294,0.03891600601165263,0.0356592643159659
11,Centralized,DDoS_HTTP,-0.018684790395909243,-0.003617931389862564,0.0017985603573329337,0.0061046012183940575,0.006631183040796438
11,Centralized,DDoS_ICMP,-0.0002504226727792843,-3.6006133641649136e-06,5.609305145022336e-05,-0.0007061242606771286,0.0003212986864592593
11,Centralized,DDoS_TCP,0.00982302043538893,0.008572134421882255,0.005352656572794873,-0.029179265074976368,0.007083440187079445
11,Centralized,DDoS_UDP,-0.00044721458622853927,-6.53577121751403e-05,0.00021909412060721242,-0.000991169444481882,0.00038095839468158904
11,Centralized,Fingerprinting,0.0,0.0,0.0,0.0,0.0
11,Centralized,MITM,-0.009522552918779341,0.0013627881552409978,0.011265621171281538,-0.009522552918779341,0.006416696511036146
11,Centralized,Normal,-0.000488653012880147,0.00031265527340023264,-0.0003312569925061996,0.00049508402051233,0.00033229994859022377
11,Centralized,Password,-1.2025713441951695e-05,8.585693928716184e-07,9.440439525773674e-06,-5.582615791585241e-06,-5.580702189670582e-06
11,Centralized,Port_Scanning,-0.02075820668180536,-0.018596378392738033,-0.020758206681805356,0.08087099843815411,-0.02075820668180536
11,Centralized,Ransomware,0.0,0.0,0.0,0.0,0.0
11,Centralized,SQL_injection,-0.0010759299108515216,-0.0010759299108515216,0.004303719643406086,-0.0010759299108515216,-0.0010759299108515216
11,Centralized,Uploading,0.0017253574572322406,0.004377861933464114,-0.011519158487549253,0.005335497170849286,0.0036812261127695607
11,Centralized,Vulnerability_scanner,0.0014488479093587136,0.001099182757724454,-0.005445726485800595,0.0014488479093587136,0.0014488479093587136
11,Centralized,XSS,0.0016256249832892165,-0.006502499933156866,0.0016256249832892165,0.0016256249832892165,0.0016256249832892165
12,0,Backdoor,0.01641989518644494,-0.11474626117505245,0.022213502254640655,0.03625971814542213,0.05084592568149455
12,0,DDoS_HTTP,-0.00013119327503043158,-0.0341753124473954,0.003449117336276278,0.008739605472900891,0.01294144239362461
12,0,DDoS_ICMP,-0.0001972994252443331,-0.00041722503273129247,-0.0004756403484532934,-0.0001005699367602475,0.0002914541676496037
12,0,DDoS_TCP,0.009657797306428536,-0.014288587167792272,0.009170775946856684,0.010736946294141078,-0.012633178248768204
12,0,DDoS_UDP,-0.00013273289420391484,-0.0004591787228035012,-0.0006181800694180173,-0.00016159847573438507,0.00040363655494384996
12,0,Fingerprinting,0.0,0.0,0.0,0.0,0.0
12,0,MITM,0.04545454545454546,0.04545454545454546,0.0,0.0,0.0
12,0,Normal,-0.0002628998697186413,-1.5835101776560483e-05,0.00034419437403760783,-1.850845085971109e-06,0.00018120590210293774
12,0,Password,0.0,0.0,0.0,0.0,0.0
12,0,Port_Scanning,-0.03241332306667776,0.05371472571381004,-0.03241332306667776,-0.03241332306667776,0.04352524348622326
12,0,Ransomware,0.0,0.0,0.0,0.0,0.0
12,0,SQL_injection,0.0,0.0,0.0,0.0,0.0
12,0,Uploading,-0.009042410868587238,0.004362540834040069,0.002221643840621336,0.005123926225733823,0.004648871801811904
12,0,Vulnerability_scanner,0.00013197076163248277,-0.000356386498221789,-3.952578667565931e-05,0.00013197076163248277,0.00013197076163248277
12,0,XSS,0.002061855670103093,-0.008247422680412371,0.002061855670103093,0.002061855670103093,0.002061855670103093
12,1,Backdoor,0.014144455110823977,-0.11377689259141995,0.023309401144476497,0.03477393342736913,0.04943212097852555
12,1,DDoS_HTTP,-0.002274523046796605,-0.03318807736783451,-0.00325316641230567,0.005624504050981998,0.011449675496890995
12,1,DDoS_ICMP,-0.00012461536364326563,2.7289103424626982e-05,-0.00016164650417275402,6.411844353326017e-05,0.00019485432085813252
12,1,DDoS_TCP,0.008715320027812796,-0.014210797933888937,0.009747216125452814,0.01076066901878264,-0.013193756426931534
12,1,DDoS_UDP,-3.1877622448063985e-05,0.0001818091724064515,-0.00016619070731681193,7.500941380941447e-05,0.00026310322089548863
12,1,Fingerprinting,0.0,0.0,0.0,0.0,0.0
12,1,MITM,0.06121212121212118,0.06121212121212118,-0.026666666666666682,0.0066666666666666706,0.0066666666666666706
12,1,Normal,-0.000178005250127522,-7.66103483110255e-05,9.519442275373047e-05,7.997056674319084e-05,0.00022151287957025516
12,1,Password,0.0,0.0,0.0,0.0,0.0
12,1,Port_Scanning,-0.032064299119838206,0.052655821908906116,-0.032064299119838206,-0.032064299119838206,0.04353707545060851
12,1,Ransomware,0.0,0.0,0.0,0.0,0.0
12,1,SQL_injection,0.0,0.0,0.0,0.0,0.0
12,1,Uploading,-0.01006337164026774,0.006644301737840971,0.0030557474899465032,0.004814737711844181,0.006048258658128971
12,1,Vulnerability_scanner,7.341675621339028e-05,-0.0002936670248535611,7.341675621339028e-05,7.341675621339028e-05,7.341675621339028e-05
12,1,XSS,0.0015544041450777201,-0.0062176165803108805,0.0015544041450777201,0.0015544041450777201,0.0015544041450777201
12,2,Backdoor,0.011036849274739864,-0.08060406127381006,0.008695443282540467,0.030472279803421223,0.04165302375154897
12,2,DDoS_HTTP,-0.00474060503993241,-0.03975957997259098,-0.00418737393833327,0.009192045241817392,0.015476980864175104
12,2,DDoS_ICMP,1.7345799850125112e-05,-0.0005224875016464237,-0.0003932870199275777,-3.6710002907630604e-05,0.0002623492178393361
12,2,DDoS_TCP,0.009793819015561233,-0.016648465239548736,0.009762293015076258,0.011098751238089228,-0.012868654651973465
12,2,DDoS_UDP,1.38404653585907e-06,-0.0006738529983774684,-0.0006454381196814037,-5.438637686481784e-05,0.0004029921478774031
12,2,Fingerprinting,0.0,0.0,0.0,0.0,0.0
12,2,MITM,0.009242424242424236,-0.009696969696969687,-0.018030303030303018,0.009242424242424236,0.009242424242424236
12,2,Normal,-0.0002677742511469516,-3.32312110542965e-05,0.00024051852955048376,-1.928520146084652e-06,0.00016740793366999408
12,2,Password,-9.483167377903843e-06,1.0827750116000449e-05,-2.7196318524336124e-06,1.7601441100217482e-05,-1.6226391985880475e-05
12,2,Port_Scanning,-0.03266521144902314,0.052664129868342145,-0.03266521144902314,-0.03266521144902314,0.04533150447872727
12,2,Ransomware,0.0,0.0,0.0,0.0,0.0
12,2,SQL_injection,0.0,0.0,0.0,0.0,0.0
12,2,Uploading,-0.00850717482753356,0.003201363486046095,0.00011086756233681337,0.0026026765900605555,0.0025922671890900944
12,2,Vulnerability_scanner,6.615818750346225e-05,-0.0005976590970802942,0.0001077864808867679,0.00031592794780329616,0.0001077864808867679
12,2,XSS,0.003061224489795918,-0.012244897959183673,0.003061224489795918,0.003061224489795918,0.003061224489795918
12,3,Backdoor,0.022541904117490363,-0.10418051936217809,0.01481670248247776,0.039580107902445885,0.04987682940968229
12,3,DDoS_HTTP,-0.0010173716875161193,-0.015558759339787502,0.001376134785020212,0.002965990901191102,0.006408079318622748
12,3,DDoS_ICMP,0.0002876528246479326,-0.00030963306331411683,-0.0002359399763466885,-0.00017916650042766139,0.00021312601442637544
12,3,DDoS_TCP,0.007702488405402406,-0.01138740890394485,0.006755293911308239,0.008921059641931664,-0.01099805907052803
12,3,DDoS_UDP,0.00043092499149078683,-0.0005121620262377169,-0.00021550050364192255,-0.00029638034073681263,0.00026939222360714
12,3,Fingerprinting,0.0,0.0,0.0,0.0,0.0
12,3,MITM,-0.044444444444444474,0.02222222222222223,-0.11111111111111113,0.0,0.0
12,3,Normal,-0.00019549606802298964,-4.087188075833081e-05,2.4778202576564158e-05,8.957888059793843e-05,0.00017547835769949154
12,3,Password,-3.263032464259399e-05,-3.4961062117064984e-06,-2.097663727023899e-05,8.157581160648497e-06,-2.097663727023899e-05
12,3,Port_Scanning,-0.036965653507791706,0.060172900709075765,-0.036965653507791706,-0.036965653507791706,0.05072405981429936
12,3,Ransomware,0.0,0.0,0.0,0.0,0.0
12,3,SQL_injection,0.0,0.0,0.0,0.0,0.0
12,3,Uploading,-0.006515885038091409,0.003882252933425501,0.0008651599763901443,0.001472445189068497,0.0037858734540921137
12,3,Vulnerability_scanner,8.305779332671293e-05,-0.00015447123019004527,-9.47021497900935e-05,8.305779332671293e-05,8.305779332671293e-05
12,3,XSS,0.0010308439356536364,-0.004123375742614546,0.0010308439356536364,0.0010308439356536364,0.0010308439356536364
12,4,Backdoor,0.015719438169862782,-0.1115444048463623,0.01457679431117715,0.038620548512204825,0.05205682917784524
12,4,DDoS_HTTP,-0.003567171795949743,-0.016162105566841636,-0.0008232663247535355,0.0013988312579924242,0.0022978472764737497
12,4,DDoS_ICMP,-1.560400898513355e-05,-0.00010790823290682631,-1.5519377828375017e-05,4.152511537149166e-05,9.750650434884323e-05
12,4,DDoS_TCP,0.00912884407691725,-0.016250306194017575,0.009982471670314267,0.011291678578291985,-0.013646397045056425
12,4,DDoS_UDP,8.608024288210466e-05,8.550882730729385e-05,-4.8250262721053856e-05,5.903422972777239e-05,0.00013968795367539182
12,4,Fingerprinting,0.0,0.0,0.0,0.0,0.0
12,4,MITM,0.04545454545454546,0.04545454545454546,0.0,0.0,0.0
12,4,Normal,-0.00018332781757656735,3.260613169118187e-05,0.00022200931305083605,-3.3638410734119587e-05,0.0001297015845496278
12,4,Password,-3.6709115222921065e-05,-3.933119488170114e-06,-2.3598716929020687e-05,9.177278805730266e-06,-2.3598716929020687e-05
12,4,Port_Scanning,-0.03317555938037866,0.0586919104991394,-0.03317555938037866,-0.03317555938037866,0.04083476764199656
12,4,Ransomware,0.0,0.0,0.0,0.0,0.0
12,4,SQL_injection,0.0,0.0,0.0,0.0,0.0
12,4,Uploading,-0.010611581795533225,0.0055355261554138595,-0.0006908873488433206,0.0035200692496665615,0.00566812350170933
12,4,Vulnerability_scanner,0.0001335385242969056,-0.0005341540971876224,0.0001335385242969056,0.0001335385242969056,0.0001335385242969056
12,4,XSS,0.004522613065326633,-0.018090452261306532,0.004522613065326633,0.004522613065326633,0.004522613065326633
12,Aggregated,Backdoor,0.015919789009896324,-0.10484673993902675,0.016745754380705993,0.03591436683965203,0.04875234934268979
12,Aggregated,DDoS_HTTP,-0.0023598809849001887,-0.02765554485846582,-0.0006667338775812557,0.0055177757284267945,0.009647081612130974
12,Aggregated,DDoS_ICMP,-6.460472709096665e-06,-0.000266027628155574,-0.00025643973317699596,-4.21892520663177e-05,0.00021188243462252158
12,Aggregated,DDoS_TCP,0.008999025461909895,-0.014552935078619721,0.009084223849724012,0.010561656666875231,-0.012668880166043235
12,Aggregated,DDoS_UDP,7.058793427470549e-05,-0.0002754217460797607,-0.000338610604401444,-7.555324970539197e-05,0.00029570612259932627
12,Aggregated,Fingerprinting,0.0,0.0,0.0,0.0,0.0
12,Aggregated,MITM,0.027333866067729008,0.033001444103728114,-0.02541338667952379,0.0031222286485444394,0.0031222286485444394
12,Aggregated,Normal,-0.00021678819513513877,-2.6153555185097024e-05,0.00018476651268834466,2.631314160217076e-05,0.0001749068864543161
12,Aggregated,Password,-1.5027643417933843e-05,2.1475727793329043e-06,-8.588371835391643e-06,8.5887568277847e-06,-1.287739613994067e-05
12,Aggregated,Port_Scanning,-0.033464342588058936,0.055578820708047316,-0.033464342588058936,-0.033464342588058936,0.044814207056129485
12,Aggregated,Ransomware,0.0,0.0,0.0,0.0,0.0
12,Aggregated,SQL_injection,0.0,0.0,0.0,0.0,0.0
12,Aggregated,Uploading,-0.008940413903292825,0.004717594531608807,0.00111675031860843,0.0035049598026610485,0.004538206837636004
12,Aggregated,Vulnerability_scanner,0.00010383421818870493,-0.00040560148290516573,4.302042570703916e-05,0.00014761570615900074,0.00011113113285042091
12,Aggregated,XSS,0.0024589500930194937,-0.009835800372077975,0.0024589500930194937,0.0024589500930194937,0.0024589500930194937
12,Centralized,Backdoor,0.015919789009896324,-0.10484673993902675,0.016745754380705993,0.03591436683965203,0.04875234934268979
12,Centralized,DDoS_HTTP,-0.0023598809849001887,-0.02765554485846582,-0.0006667338775812557,0.0055177757284267945,0.009647081612130974
12,Centralized,DDoS_ICMP,-6.460472709096665e-06,-0.000266027628155574,-0.00025643973317699596,-4.21892520663177e-05,0.00021188243462252158
12,Centralized,DDoS_TCP,0.008999025461909895,-0.014552935078619721,0.009084223849724012,0.010561656666875231,-0.012668880166043235
12,Centralized,DDoS_UDP,7.058793427470549e-05,-0.0002754217460797607,-0.000338610604401444,-7.555324970539197e-05,0.00029570612259932627
12,Centralized,Fingerprinting,0.0,0.0,0.0,0.0,0.0
12,Centralized,MITM,0.027333866067729008,0.033001444103728114,-0.02541338667952379,0.0031222286485444394,0.0031222286485444394
12,Centralized,Normal,-0.00021678819513513877,-2.6153555185097024e-05,0.00018476651268834466,2.631314160217076e-05,0.0001749068864543161
12,Centralized,Password,-1.5027643417933843e-05,2.1475727793329043e-06,-8.588371835391643e-06,8.5887568277847e-06,-1.287739613994067e-05
12,Centralized,Port_Scanning,-0.033464342588058936,0.055578820708047316,-0.033464342588058936,-0.033464342588058936,0.044814207056129485
12,Centralized,Ransomware,0.0,0.0,0.0,0.0,0.0
12,Centralized,SQL_injection,0.0,0.0,0.0,0.0,0.0
12,Centralized,Uploading,-0.008940413903292825,0.004717594531608807,0.00111675031860843,0.0035049598026610485,0.004538206837636004
12,Centralized,Vulnerability_scanner,0.00010383421818870493,-0.00040560148290516573,4.302042570703916e-05,0.00014761570615900074,0.00011113113285042091
12,Centralized,XSS,0.0024589500930194937,-0.009835800372077975,0.0024589500930194937,0.0024589500930194937,0.0024589500930194937
13,0,Backdoor,-0.01035181407707599,0.016814848085905824,-0.06363696071349181,-0.006091115771501795,-0.10741711695934456
13,0,DDoS_HTTP,-0.013873805915290085,0.016102795316007185,-0.005042882574577368,0.009795781043095553,-0.0343225635858162
13,0,DDoS_ICMP,0.0004992171375029312,-0.0006717142091903864,0.00044428455902420505,0.0005943247770868928,0.0002526729595925629
13,0,DDoS_TCP,0.00048527170308478674,-0.004426218505351028,-0.002294424423343505,0.0022427233960294075,-0.0009746433476537068
13,0,DDoS_UDP,0.000803597144584058,-0.0014382745016965884,0.0008826819264323919,0.0009365831427708434,0.00010946771302092392
13,0,Fingerprinting,0.0,0.0,0.0,0.0,0.0
13,0,MITM,0.004545454545454547,-0.04090909090909092,0.004545454545454547,-0.040909090909090916,-0.018181818181818188
13,0,Normal,-9.545491936204243e-05,0.00010741922446689811,-0.0007107296812492521,0.00013528396718315479,-0.0013154493966360703
13,0,Password,0.0,0.0,0.0,0.0,0.0
13,0,Port_Scanning,0.0,0.0,0.0,0.0,0.0
13,0,Ransomware,0.0,0.0,0.0,0.0,0.0
13,0,SQL_injection,0.0,0.0,0.0,0.0,0.0
13,0,Uploading,-0.0012605503880406988,0.005732842642515366,-0.013268685852424501,0.005423312437739394,-0.011106810828442308
13,0,Vulnerability_scanner,3.4299309661628416e-05,3.4299309661628416e-05,-0.00013719723864651366,3.4299309661628416e-05,3.4299309661628416e-05
13,0,XSS,0.0,0.0,0.0,0.0,0.0
13,1,Backdoor,-0.001960836960319684,0.02293755779509903,-0.07532281160023273,-0.0090263287078766,-0.12380191224476461
13,1,DDoS_HTTP,-0.014740032752158606,0.015384763680701463,-0.020679158702853365,0.00045191682722860817,-0.034912548769116536
13,1,DDoS_ICMP,0.00017313883816451418,-0.001090535648404356,0.0003428491080411248,0.0005499352170673803,-0.00043009323273220936
13,1,DDoS_TCP,0.0003333600338496316,-0.002536534757862937,-0.0022397055941571764,0.0028067027210844733,-0.0011810170044475043
13,1,DDoS_UDP,0.0004003864517901819,-0.002029315683466759,0.0005339584388414087,0.0007477014376697788,-0.0006151847785273908
13,1,Fingerprinting,0.0,0.0,0.0,0.0,0.0
13,1,MITM,0.005454545454545451,-0.04909090909090906,0.005454545454545451,-0.04909090909090906,-0.021818181818181803
13,1,Normal,-7.339450167104244e-05,0.00014671394563853246,-0.000829168891970313,7.715909171611875e-05,-0.0014691669791659367
13,1,Password,0.0,0.0,0.0,0.0,0.0
13,1,Port_Scanning,0.0,0.0,0.0,0.0,0.0
13,1,Ransomware,0.0,0.0,0.0,0.0,0.0
13,1,SQL_injection,0.0,0.0,0.0,0.0,0.0
13,1,Uploading,-0.0032413359288268146,0.005385801520175306,-0.013242385781478384,0.005385801520175309,-0.01203255478441334
13,1,Vulnerability_scanner,0.0,0.0,0.0,0.0,0.0
13,1,XSS,0.0,0.0,0.0,0.0,0.0
13,2,Backdoor,0.004491062663829914,0.022158708824413162,-0.10138733056331646,-0.016736998800852734,-0.15853573371927104
13,2,DDoS_HTTP,-0.012304065932747297,0.02409923323829404,-0.004519593386485558,0.00991187690627875,-0.04069472747801207
13,2,DDoS_ICMP,0.00036001773804446947,-0.0008657198434023054,0.00037923898964156895,0.0005860722665691042,-1.6865103154108572e-05
13,2,DDoS_TCP,0.001649912824691513,-0.004129331343910155,-0.001667829177915997,0.0015704972537040434,0.0006187139551207624
13,2,DDoS_UDP,0.0007071817752721236,-0.0015090002306155112,0.0004930769922786552,0.0008680562543253612,9.206991986894786e-05
13,2,Fingerprinting,0.0,0.0,0.0,0.0,0.0
13,2,MITM,0.0,0.0,0.0,0.0,0.0
13,2,Normal,6.9776608951988e-05,0.00020936796604897334,-0.000867189697971695,6.070460697044459e-05,-0.001541002466128368
13,2,Password,-8.122335905812357e-06,8.81189155473022e-06,3.248934362324943e-05,2.0382005705131893e-06,5.4250460626217046e-06
13,2,Port_Scanning,0.0,0.0,0.0,0.0,0.0
13,2,Ransomware,0.0,0.0,0.0,0.0,0.0
13,2,SQL_injection,0.0,0.0,0.0,0.0,0.0
13,2,Uploading,0.0003629565879245733,0.0012557782991210497,-0.002001104854881691,0.0020332602229547595,-0.0019136141177432944
13,2,Vulnerability_scanner,-1.6651317353322258e-05,6.660526941328903e-05,6.660526941328903e-05,2.497697602998339e-05,-0.0001415361975032392
13,2,XSS,0.0,0.0,0.0,0.0,0.0
13,3,Backdoor,-0.008555699020161586,0.017006457848755586,-0.07256771534371338,-0.015051641342964455,-0.1262045364702744
13,3,DDoS_HTTP,-0.014190889633629043,0.006258297510486018,-0.010752062650662881,-2.7396678576299684e-05,-0.03250454865466217
13,3,DDoS_ICMP,0.0007098003575075489,-0.0008000500071750478,0.0008418300489688224,0.000879520011674384,0.00016340992670015134
13,3,DDoS_TCP,0.0019439761659432527,-0.005230410127115163,-0.0027988740875920627,0.004174799361976972,0.0004214351598213003
13,3,DDoS_UDP,0.0011895159455300472,-0.0012908733091744876,0.0010818537717487994,0.0012960608807081996,0.000307413183301114
13,3,Fingerprinting,0.0,0.0,0.0,0.0,0.0
13,3,MITM,-0.031111111111111128,0.03555555555555556,0.09111111111111114,-0.031111111111111128,0.06888888888888896
13,3,Normal,-5.491256376019549e-05,2.7616125122799835e-05,-0.0007136768933939663,0.00010244543466931637,-0.0013571144070958774
13,3,Password,-1.2819056109590493e-05,2.214200600747449e-05,3.9622537066006984e-05,4.6614749489419976e-06,1.6315162321296994e-05
13,3,Port_Scanning,0.0,0.0,0.0,0.0,0.0
13,3,Ransomware,0.0,0.0,0.0,0.0,0.0
13,3,SQL_injection,0.0,0.0,0.0,0.0,0.0
13,3,Uploading,-0.0010208056611347724,0.004436088686620705,-0.009085204661903138,0.005354279399347429,-0.006882476694969062
13,3,Vulnerability_scanner,3.555198862336129e-05,3.555198862336129e-05,-0.00014220795449344515,3.555198862336129e-05,3.555198862336129e-05
13,3,XSS,0.0,0.0,0.0,0.0,0.0
13,4,Backdoor,-0.013073597476074688,0.019553612282121435,-0.07744169934209448,-0.009548268402385719,-0.12809677517696533
13,4,DDoS_HTTP,-0.008035712041679622,0.00689918386411605,-0.017543018369322486,-0.0018669900996785124,-0.028831603539581543
13,4,DDoS_ICMP,0.00029720416072027506,-0.0008715397286694996,0.0002975930443127421,0.00048538201359357713,-0.0002112737024503412
13,4,DDoS_TCP,0.0011500588916188825,-0.0031723430249127956,-0.0017847421309692764,0.0028116233520782334,-0.00033438432185768917
13,4,DDoS_UDP,0.0004761672592645427,-0.0013954775446505178,0.0004759084506140136,0.0005031090155637722,-0.00038052349021307864
13,4,Fingerprinting,0.0,0.0,0.0,0.0,0.0
13,4,MITM,0.004545454545454547,-0.04090909090909092,0.004545454545454547,-0.040909090909090916,-0.018181818181818188
13,4,Normal,-6.291423817394633e-05,3.358186505844074e-05,-0.0007097551185975511,7.790424813649554e-05,-0.001179069328184453
13,4,Password,-1.4421438123290419e-05,2.4909756758410722e-05,4.45753541992613e-05,5.2441593175601525e-06,1.8354557611460533e-05
13,4,Port_Scanning,0.0,0.0,0.0,0.0,0.0
13,4,Ransomware,0.0,0.0,0.0,0.0,0.0
13,4,SQL_injection,0.0,0.0,0.0,0.0,0.0
13,4,Uploading,-0.0016206369659766554,0.0047252836614782015,-0.010510561509153575,0.004725283661478201,-0.008071936331972293
13,4,Vulnerability_scanner,0.0,0.0,0.0,0.0,0.0
13,4,XSS,0.0,0.0,0.0,0.0,0.0
13,Aggregated,Backdoor,-0.005883529268330201,0.019672916147362402,-0.07786822417482885,-0.011282581854049411,-0.1286084178664275
13,Aggregated,DDoS_HTTP,-0.012642235180606738,0.013760824217411744,-0.011664240072951271,0.003657124255977673,-0.03423989644354439
13,Aggregated,DDoS_ICMP,0.00040789765417777456,-0.0008597638046021594,0.00046112871024537504,0.0006190106223964876,-4.837918979117191e-05
13,Aggregated,DDoS_TCP,0.0011108387714379479,-0.0038991058229662793,-0.002156877261054435,0.0027194054211355273,-0.00029102215463332285
13,Aggregated,DDoS_UDP,0.0007152633219366396,-0.0015329556497958475,0.000693484471226452,0.0008702953307794266,-9.75075901855064e-05
13,Aggregated,Fingerprinting,0.0,0.0,0.0,0.0,0.0
13,Aggregated,MITM,-0.001818464554313622,-0.022210808059864626,0.017374606525549965,-0.03309614913388499,-0.001415565566508938
13,Aggregated,Normal,-4.390960498232473e-05,0.00010272044279504011,-0.0007654117339453907,9.02085303222185e-05,-0.0013690698440151936
13,Aggregated,Password,-7.298988682160589e-06,1.0950394921147947e-05,2.4903107764284264e-05,2.3627873905171054e-06,7.729802896922048e-06
13,Aggregated,Port_Scanning,0.0,0.0,0.0,0.0,0.0
13,Aggregated,Ransomware,0.0,0.0,0.0,0.0,0.0
13,Aggregated,SQL_injection,0.0,0.0,0.0,0.0,0.0
13,Aggregated,Uploading,-0.0013525740948353046,0.0042899374288531,-0.0095769378393766,0.004570268636431097,-0.0079750789364011
13,Aggregated,Vulnerability_scanner,1.0703375563989962e-05,2.5297204887421894e-05,-4.281350225595985e-05,1.800029022570593e-05,-1.1187368421157936e-05
13,Aggregated,XSS,0.0,0.0,0.0,0.0,0.0
13,Centralized,Backdoor,-0.005883529268330201,0.019672916147362402,-0.07786822417482885,-0.011282581854049411,-0.1286084178664275
13,Centralized,DDoS_HTTP,-0.012642235180606738,0.013760824217411744,-0.011664240072951271,0.003657124255977673,-0.03423989644354439
13,Centralized,DDoS_ICMP,0.00040789765417777456,-0.0008597638046021594,0.00046112871024537504,0.0006190106223964876,-4.837918979117191e-05
13,Centralized,DDoS_TCP,0.0011108387714379479,-0.0038991058229662793,-0.002156877261054435,0.0027194054211355273,-0.00029102215463332285
13,Centralized,DDoS_UDP,0.0007152633219366396,-0.0015329556497958475,0.000693484471226452,0.0008702953307794266,-9.75075901855064e-05
13,Centralized,Fingerprinting,0.0,0.0,0.0,0.0,0.0
13,Centralized,MITM,-0.001818464554313622,-0.022210808059864626,0.017374606525549965,-0.03309614913388499,-0.001415565566508938
13,Centralized,Normal,-4.390960498232473e-05,0.00010272044279504011,-0.0007654117339453907,9.02085303222185e-05,-0.0013690698440151936
13,Centralized,Password,-7.298988682160589e-06,1.0950394921147947e-05,2.4903107764284264e-05,2.3627873905171054e-06,7.729802896922048e-06
13,Centralized,Port_Scanning,0.0,0.0,0.0,0.0,0.0
13,Centralized,Ransomware,0.0,0.0,0.0,0.0,0.0
13,Centralized,SQL_injection,0.0,0.0,0.0,0.0,0.0
13,Centralized,Uploading,-0.0013525740948353046,0.0042899374288531,-0.0095769378393766,0.004570268636431097,-0.0079750789364011
13,Centralized,Vulnerability_scanner,1.0703375563989962e-05,2.5297204887421894e-05,-4.281350225595985e-05,1.800029022570593e-05,-1.1187368421157936e-05
13,Centralized,XSS,0.0,0.0,0.0,0.0,0.0
14,0,Backdoor,0.020979301965068715,0.04989394713706412,-0.02909759167016461,0.07042383054799117,0.05168569555840342
14,0,DDoS_HTTP,0.007242134565681296,0.004572286934437172,0.009518098657005319,0.0006581569090754247,0.011102747511119981
14,0,DDoS_ICMP,-4.829222456685008e-05,-0.0006245764577698727,0.00021020624871099792,-0.00010424044280905228,0.0005684232985161241
14,0,DDoS_TCP,-0.015999519960849147,0.005536533299510884,0.002514495169025331,0.0067338664155547475,0.006495153129563395
14,0,DDoS_UDP,-1.5577609065832904e-05,-0.0008565498248788994,0.00014944023104585905,-0.0002570721250220916,0.0009787240951183718
14,0,Fingerprinting,0.0,0.0,0.0,0.0,0.0
14,0,MITM,0.0,0.02272727272727274,-0.02272727272727274,-0.02272727272727274,0.02272727272727274
14,0,Normal,0.0005565534723612394,0.0003939846437203502,-0.00041903523175418345,0.00035040206766230136,0.0005051728590050782
14,0,Password,0.0,0.0,0.0,0.0,0.0
14,0,Port_Scanning,0.06591276252019386,-0.016478190630048465,-0.016478190630048465,-0.016478190630048465,-0.016478190630048465
14,0,Ransomware,0.0,0.0,0.0,0.0,0.0
14,0,SQL_injection,0.0,0.0,0.0,0.0,0.0
14,0,Uploading,0.005106379965412736,-3.852567276668717e-06,-0.006110166116973423,0.0067309663513194905,0.005106379965412738
14,0,Vulnerability_scanner,3.4299309661628416e-05,3.4299309661628416e-05,-0.00013719723864651366,3.4299309661628416e-05,3.4299309661628416e-05
14,0,XSS,0.0,0.0,0.0,0.0,0.0
14,1,Backdoor,0.02963926754888927,0.05484331057816985,-0.03448163240543165,0.07234796673306118,0.05624165429999048
14,1,DDoS_HTTP,0.003662142837953756,0.01689454418570264,0.01906596136963996,0.01609606248735775,0.025359055801779676
14,1,DDoS_ICMP,0.00035256389580521724,-0.0010309928666431545,0.00010611484591511548,0.0003150431377930048,0.0007091411373340203
14,1,DDoS_TCP,-0.01760181653808682,0.004440638141607047,0.0035437712212502506,0.005787771548590957,0.0061457024735978305
14,1,DDoS_UDP,0.00035505204538005726,-0.0011820058762810133,0.00011581567219907662,-4.6282779425678894e-05,0.0013996801012869672
14,1,Fingerprinting,0.0,0.0,0.0,0.0,0.0
14,1,MITM,0.0,0.027272727272727258,-0.027272727272727258,-0.027272727272727258,0.027272727272727258
14,1,Normal,0.0005565248938696477,0.000593806086952392,-0.00019231789297748567,0.00046840710853556417,0.0007551409341660098
14,1,Password,0.0,0.0,0.0,0.0,0.0
14,1,Port_Scanning,0.06447368421052631,-0.016118421052631577,-0.016118421052631577,-0.016118421052631577,-0.016118421052631577
14,1,Ransomware,0.0,0.0,0.0,0.0,0.0
14,1,SQL_injection,0.0,0.0,0.0,0.0,0.0
14,1,Uploading,0.0056552097076419,-0.00045797154282236144,-0.006732421754576416,0.010656074821120236,0.005056095065945742
14,1,Vulnerability_scanner,0.0,0.0,0.0,0.0,0.0
14,1,XSS,0.0,0.0,0.0,0.0,0.0
14,2,Backdoor,0.05257404210365077,0.06774366060314697,-0.044410768010287545,0.09360498355801437,0.07356133557852473
14,2,DDoS_HTTP,0.007614972000175824,0.005799042046470647,0.005103164480811181,0.0077756844215210435,0.012979147260634202
14,2,DDoS_ICMP,0.00019881352344329936,-0.0008654986002038789,0.00019618261083331756,0.00012336628117638285,0.0007992118929046332
14,2,DDoS_TCP,-0.020065472376299683,0.004828744093494984,0.004093750658508281,0.0055604273384866785,0.007041643563558573
14,2,DDoS_UDP,0.00020981318208950403,-0.0010849047280875601,0.00031935764104169356,-0.0002715876557567165,0.0011483478519802581
14,2,Fingerprinting,0.0,0.0,0.0,0.0,0.0
14,2,MITM,0.0,0.0,0.0,0.0,0.0
14,2,Normal,0.0007971471138184638,0.0004764096239008327,-0.00039223542633957297,0.0003470148204939405,0.0007470212092700712
14,2,Password,1.3547381968434062e-06,1.3547381968434062e-06,-2.0321072952651093e-06,1.3547381968434062e-06,-2.0321072952651093e-06
14,2,Port_Scanning,0.06530612244897958,-0.016326530612244896,-0.016326530612244896,-0.016326530612244896,-0.016326530612244896
14,2,Ransomware,0.0,0.0,0.0,0.0,0.0
14,2,SQL_injection,0.0,0.0,0.0,0.0,0.0
14,2,Uploading,0.00012209721149711444,-0.0016012838080913792,-0.0016012838080913792,0.0032210970558131324,0.00012209721149711444
14,2,Vulnerability_scanner,1.6651317353322258e-05,1.6651317353322258e-05,-2.497697602998339e-05,1.6651317353322258e-05,-2.497697602998339e-05
14,2,XSS,0.0,0.0,0.0,0.0,0.0
14,3,Backdoor,0.030276628786411356,0.0546440326494478,-0.03739933748791424,0.07927524304809218,0.0600519771683866
14,3,DDoS_HTTP,0.008598128990978575,0.009410145610040188,0.008365012524781694,0.01592982529833016,0.01672851543372887
14,3,DDoS_ICMP,-4.688717636521419e-06,-0.000653187002803159,0.00027452357819531074,-4.7816323192654645e-06,0.0003881337745636352
14,3,DDoS_TCP,-0.01536660728907562,0.004774608354846075,8.1688141163024e-05,0.0052219401338042554,0.007773460122482952
14,3,DDoS_UDP,-0.00013773904363333737,-0.0008471137317851078,0.0002670483561536615,-0.00029828630296020454,0.0003734181983491458
14,3,Fingerprinting,0.0,0.0,0.0,0.0,0.0
14,3,MITM,-0.026666666666666682,0.017777777777777788,-0.04888888888888892,0.04000000000000002,0.017777777777777788
14,3,Normal,0.00044549646318584973,0.0006773390755126044,-0.00022295069741067505,0.0004983471814764736,0.0007892175415063855
14,3,Password,2.3307374744709988e-06,2.3307374744709988e-06,-3.4961062117064984e-06,2.3307374744709988e-06,-3.4961062117064984e-06
14,3,Port_Scanning,0.0744479495268139,-0.018611987381703474,-0.018611987381703474,-0.018611987381703474,-0.018611987381703474
14,3,Ransomware,0.0,0.0,0.0,0.0,0.0
14,3,SQL_injection,0.0,0.0,0.0,0.0,0.0
14,3,Uploading,0.00300012616375774,-0.000298093874755459,-0.0026234548579135404,0.004323412163908387,0.0030001261637577397
14,3,Vulnerability_scanner,3.555198862336129e-05,3.555198862336129e-05,-0.00014220795449344515,3.555198862336129e-05,3.555198862336129e-05
14,3,XSS,0.0,0.0,0.0,0.0,0.0
14,4,Backdoor,0.02384762587453702,0.06552061049898887,-0.028920448974447628,0.08101664736719141,0.06453611574295141
14,4,DDoS_HTTP,0.005978487972357253,0.014909954842527265,0.011194819288082329,0.017828888944201766,0.02169555188824955
14,4,DDoS_ICMP,0.00017925552665914445,-0.0009211502757901095,2.718679563011491e-05,0.00019795255946704245,0.0005167553940338077
14,4,DDoS_TCP,-0.02201611233489972,0.005324292564639412,0.003933555789621091,0.0065175323453107205,0.007380801380771836
14,4,DDoS_UDP,0.0002916516650531331,-0.0010882315780231743,-0.00013591660748497788,-0.00016361740732699545,0.000774674275798402
14,4,Fingerprinting,0.0,0.0,0.0,0.0,0.0
14,4,MITM,0.0,0.02272727272727274,-0.02272727272727274,-0.02272727272727274,0.02272727272727274
14,4,Normal,0.0006111904892509105,0.00045880650600347667,-0.00035864572417947566,0.0004326858382957266,0.0006154322433890858
14,4,Password,2.6220796587800762e-06,2.6220796587800762e-06,-3.933119488170114e-06,2.6220796587800762e-06,-3.933119488170114e-06
14,4,Port_Scanning,0.06312399355877617,-0.015780998389694042,-0.015780998389694042,-0.015780998389694042,-0.015780998389694042
14,4,Ransomware,0.0,0.0,0.0,0.0,0.0
14,4,SQL_injection,0.0,0.0,0.0,0.0,0.0
14,4,Uploading,0.0021915155763732636,0.00019231344870737863,-0.004327047973332794,0.006782194281268691,0.0024923423887163888
14,4,Vulnerability_scanner,0.0,0.0,0.0,0.0,0.0
14,4,XSS,0.0,0.0,0.0,0.0,0.0
14,Aggregated,Backdoor,0.03141583130387029,0.05843018410031963,-0.0348277726045626,0.07914662087930674,0.0611046521326255
14,Aggregated,DDoS_HTTP,0.0066361692393894075,0.010284924394740482,0.010606313643956209,0.011651498968372892,0.01755313240223256
14,Aggregated,DDoS_ICMP,0.00013547032437643178,-0.0008190276737320423,0.0001628456676527612,0.00010539157573269398,0.000596295607422063
14,Aggregated,DDoS_TCP,-0.018205666211865663,0.004978766342166802,0.0028354825237782823,0.005962737877346998,0.006963750429815638
14,Aggregated,DDoS_UDP,0.0001407498470590333,-0.0010118571642069641,0.00014313719210743241,-0.0002072899164830148,0.0009350696077275585
14,Aggregated,Fingerprinting,0.0,0.0,0.0,0.0,0.0
14,Aggregated,MITM,-0.004354136429608135,0.018064482687124205,-0.02314430852166703,-0.00863052042297324,0.0180644826871242
14,Aggregated,Normal,0.0005918815627812305,0.000519429080853732,-0.00031747591305361276,0.00042109921569217037,0.0006814643709775599
14,Aggregated,Password,1.2882368096903592e-06,1.2882368096903592e-06,-1.932355214535539e-06,1.2882368096903592e-06,-1.932355214535539e-06
14,Aggregated,Port_Scanning,0.06668804103879448,-0.01667201025969862,-0.01667201025969862,-0.01667201025969862,-0.01667201025969862
14,Aggregated,Ransomware,0.0,0.0,0.0,0.0,0.0
14,Aggregated,SQL_injection,0.0,0.0,0.0,0.0,0.0
14,Aggregated,Uploading,0.00320287454256116,-0.0004422682485771839,-0.004268157095084996,0.006332457922007454,0.0031416439598846093
14,Aggregated,Vulnerability_scanner,1.6540907293362735e-05,1.6540907293362735e-05,-5.886671451173498e-05,1.6540907293362735e-05,9.24399263164677e-06
14,Aggregated,XSS,0.0,0.0,0.0,0.0,0.0
14,Centralized,Backdoor,0.03141583130387029,0.05843018410031963,-0.0348277726045626,0.07914662087930674,0.0611046521326255
14,Centralized,DDoS_HTTP,0.0066361692393894075,0.010284924394740482,0.010606313643956209,0.011651498968372892,0.01755313240223256
14,Centralized,DDoS_ICMP,0.00013547032437643178,-0.0008190276737320423,0.0001628456676527612,0.00010539157573269398,0.000596295607422063
14,Centralized,DDoS_TCP,-0.018205666211865663,0.004978766342166802,0.0028354825237782823,0.005962737877346998,0.006963750429815638
14,Centralized,DDoS_UDP,0.0001407498470590333,-0.0010118571642069641,0.00014313719210743241,-0.0002072899164830148,0.0009350696077275585
14,Centralized,Fingerprinting,0.0,0.0,0.0,0.0,0.0
14,Centralized,MITM,-0.004354136429608135,0.018064482687124205,-0.02314430852166703,-0.00863052042297324,0.0180644826871242
14,Centralized,Normal,0.0005918815627812305,0.000519429080853732,-0.00031747591305361276,0.00042109921569217037,0.0006814643709775599
14,Centralized,Password,1.2882368096903592e-06,1.2882368096903592e-06,-1.932355214535539e-06,1.2882368096903592e-06,-1.932355214535539e-06
14,Centralized,Port_Scanning,0.06668804103879448,-0.01667201025969862,-0.01667201025969862,-0.01667201025969862,-0.01667201025969862
14,Centralized,Ransomware,0.0,0.0,0.0,0.0,0.0
14,Centralized,SQL_injection,0.0,0.0,0.0,0.0,0.0
14,Centralized,Uploading,0.00320287454256116,-0.0004422682485771839,-0.004268157095084996,0.006332457922007454,0.0031416439598846093
14,Centralized,Vulnerability_scanner,1.6540907293362735e-05,1.6540907293362735e-05,-5.886671451173498e-05,1.6540907293362735e-05,9.24399263164677e-06
14,Centralized,XSS,0.0,0.0,0.0,0.0,0.0
15,0,Backdoor,0.020783845243290917,0.007256165097249598,-0.04122933394350436,-0.003933366631972175,0.01135487453334555
15,0,DDoS_HTTP,0.00999757953731937,0.002194950801149558,0.003085135510876976,0.003928926771050751,-0.018930306081501886
15,0,DDoS_ICMP,0.0003501211500020603,-0.00021526634984232832,0.0004629196642168857,-0.0006494357017808465,0.00027602501560512657
15,0,DDoS_TCP,3.664580711003618e-05,0.0012581720784425765,-0.0006025691054640255,-0.0016565010000223035,0.0009642522199337163
15,0,DDoS_UDP,0.0007332550736522373,-0.0004444287706182252,0.0007600590208085826,-0.0010305429941956953,0.000625365427031536
15,0,Fingerprinting,0.0,0.0,0.0,0.0,0.0
15,0,MITM,0.042424242424242434,-0.003030303030303031,0.004545454545454547,0.004545454545454547,0.042424242424242434
15,0,Normal,0.0003555405508214593,0.00042961439971190657,-0.00048129809154154324,-4.2251843383726374e-05,0.00020148369500841423
15,0,Password,0.0,0.0,0.0,0.0,0.0
15,0,Port_Scanning,0.0,0.0,0.0,0.0,0.0
15,0,Ransomware,0.09113924050632911,-0.02278481012658228,-0.02278481012658228,-0.02278481012658228,-0.02278481012658228
15,0,SQL_injection,0.0,0.0,0.0,0.0,0.0
15,0,Uploading,0.000277799586684734,0.003928011449496978,-0.0023900825641593932,-0.003922171017112025,0.0021064425450897073
15,0,Vulnerability_scanner,5.876018709296549e-05,-6.354420006371986e-05,-0.00011273636121517661,5.876018709296549e-05,5.876018709296549e-05
15,0,XSS,0.0005074515250253726,-0.0020298061001014903,0.0005074515250253726,0.0005074515250253726,0.0005074515250253726
15,1,Backdoor,0.02336500458404592,0.010039900346140182,-0.04141625111379967,-0.006806090098735799,0.01544677853688515
15,1,DDoS_HTTP,0.006197916959600438,-0.005483823155468041,0.002185676572281371,0.005490928668235749,-0.022413755307077454
15,1,DDoS_ICMP,0.00033520193982940666,-0.0003427650483220357,0.0005422286031811033,-0.0007012987679890966,0.0003924157926464185
15,1,DDoS_TCP,-0.00010145452644542696,0.0006662802222076121,-0.0010560218878131115,-0.0012907130660863594,0.0007816318848621588
15,1,DDoS_UDP,0.0006261174492688482,-0.0004979075533170748,0.000786785596838548,-0.000978006457527201,0.0007060972485186149
15,1,Fingerprinting,0.0,0.0,0.0,0.0,0.0
15,1,MITM,0.05090909090909088,-0.0036363636363636338,0.005454545454545451,0.005454545454545451,0.05090909090909088
15,1,Normal,0.0002215720782127173,0.00024978937146128793,-0.0005224938171767372,-1.1014141276059302e-06,2.9084894948692524e-05
15,1,Password,0.0,0.0,0.0,0.0,0.0
15,1,Port_Scanning,0.0,0.0,0.0,0.0,0.0
15,1,Ransomware,0.08767123287671233,-0.021917808219178082,-0.021917808219178082,-0.021917808219178082,-0.021917808219178082
15,1,SQL_injection,0.0,0.0,0.0,0.0,0.0
15,1,Uploading,0.0008978272227408625,0.005933925155917255,-0.004357814547293759,-0.006066536042878255,0.0038499871114337594
15,1,Vulnerability_scanner,2.4501076867444736e-05,-9.800430746977895e-05,2.4501076867444736e-05,2.4501076867444736e-05,2.4501076867444736e-05
15,1,XSS,0.0005127374784110536,-0.0020509499136442144,0.0005127374784110536,0.0005127374784110536,0.0005127374784110536
15,2,Backdoor,0.025540511815992997,0.012766860367221751,-0.05792308678468342,-0.0029719831946004747,0.01401028422924273
15,2,DDoS_HTTP,0.010177075604661545,0.0014094004439021558,0.002946861106791034,0.008099103132540503,-0.02275216072004469
15,2,DDoS_ICMP,0.0003124834754022458,-0.00019569054936785697,0.000519485773323954,-0.00046009736252399603,0.00027548709590667907
15,2,DDoS_TCP,-0.00037704975072976504,0.001323394665262138,-0.0004718963298031657,-0.001074025813210977,0.0010985204390427568
15,2,DDoS_UDP,0.0005619765165728356,-0.0002141302907505101,0.0008566124990473878,-0.0007480420086983019,0.0005079024395025537
15,2,Fingerprinting,0.0,0.0,0.0,0.0,0.0
15,2,MITM,0.0,0.0,0.0,0.0,0.0
15,2,Normal,0.0003111631471228356,0.0004141946745724878,-0.0006683244809272312,7.881512132749494e-06,4.654468321706647e-05
15,2,Password,-1.8960241480559607e-05,1.3506760133446863e-06,2.167174896599578e-05,-5.412859512125545e-06,1.3506760133446863e-06
15,2,Port_Scanning,0.0,0.0,0.0,0.0,0.0
15,2,Ransomware,0.0915032679738562,-0.02287581699346405,-0.02287581699346405,-0.02287581699346405,-0.02287581699346405
15,2,SQL_injection,0.0,0.0,0.0,0.0,0.0
15,2,Uploading,-0.0008616905097942468,0.0025850715293827403,-0.0008616905097942468,-0.0008616905097942468,0.0
15,2,Vulnerability_scanner,-9.990790411993356e-05,2.497697602998339e-05,2.497697602998339e-05,2.497697602998339e-05,2.497697602998339e-05
15,2,XSS,0.0,0.0,0.0,0.0,0.0
15,3,Backdoor,0.023441773696910435,0.006381319312590063,-0.0476770274683282,-0.005611283519206197,0.01844142104519404
15,3,DDoS_HTTP,0.005509021081821051,-0.002944412134587072,0.003928891244940418,0.002891650205485967,-0.013236078927467093
15,3,DDoS_ICMP,0.0002637851972108122,-2.3019382399125378e-07,0.0002824990475857806,-0.0005666012733333726,2.0547222360770925e-05
15,3,DDoS_TCP,-0.0009877397972363404,0.0025363369427759295,-0.0016621938216451397,-0.0026527843464261127,0.0022706771229943153
15,3,DDoS_UDP,0.0005130671775381419,-2.159848839034528e-05,0.0005935997571141808,-0.0008208214294669114,0.0003784255070807763
15,3,Fingerprinting,0.0,0.0,0.0,0.0,0.0
15,3,MITM,0.0844444444444445,-0.04888888888888892,-0.04888888888888893,-0.026666666666666682,0.04000000000000002
15,3,Normal,0.0001928635224427988,0.00025109605599255014,-0.0005192097924627085,-8.534135291293765e-05,2.6488900525404684e-05
15,3,Password,-2.9134218430887485e-05,5.826843686177498e-06,1.7480531058532492e-05,0.0,5.826843686177498e-06
15,3,Port_Scanning,0.0,0.0,0.0,0.0,0.0
15,3,Ransomware,0.08588957055214724,-0.02147239263803681,-0.02147239263803681,-0.02147239263803681,-0.02147239263803681
15,3,SQL_injection,0.0,0.0,0.0,0.0,0.0
15,3,Uploading,-0.00014049813165253287,0.001577641054647504,-0.0019024211246546283,-0.004060770342810083,0.0008322052028688611
15,3,Vulnerability_scanner,3.555198862336129e-05,3.555198862336129e-05,-0.00014220795449344515,3.555198862336129e-05,3.555198862336129e-05
15,3,XSS,0.0,0.0,0.0,0.0,0.0
15,4,Backdoor,0.024424664355111533,0.007137797612504748,-0.045596595404128706,-0.00963902076693068,0.016704513088460625
15,4,DDoS_HTTP,0.0032875630198274173,-0.010537667304563873,-0.0075948879176170455,0.010393096447520817,-0.021283792791586875
15,4,DDoS_ICMP,0.0002973576855178739,-0.0002484033803956287,0.00048537484361733664,-0.00043732710041745614,0.0003544619483617062
15,4,DDoS_TCP,-0.00047214934417960284,0.0011845947699312262,-0.0008671908053554907,-0.0010573498726988762,0.0012120952523027436
15,4,DDoS_UDP,0.0006482347150838397,-0.00023565669871263665,0.0007823750499612481,-0.0006364423834055648,0.000728490604074435
15,4,Fingerprinting,0.0,0.0,0.0,0.0,0.0
15,4,MITM,0.042424242424242434,-0.003030303030303031,0.004545454545454547,0.004545454545454547,0.042424242424242434
15,4,Normal,0.00026426947153113296,0.00036528045461456566,-0.0006487306896892901,1.7720558004881888e-06,2.4652616444873856e-05
15,4,Password,-3.277599573475095e-05,6.55519914695019e-06,1.966559744085057e-05,0.0,6.55519914695019e-06
15,4,Port_Scanning,0.0,0.0,0.0,0.0,0.0
15,4,Ransomware,0.0846153846153846,-0.02115384615384615,-0.02115384615384615,-0.02115384615384615,-0.02115384615384615
15,4,SQL_injection,0.0,0.0,0.0,0.0,0.0
15,4,Uploading,0.00020594047841069514,0.0032089393777221583,-0.0009210672876376331,-0.0026817051565175987,0.00018789258802237862
15,4,Vulnerability_scanner,0.0,0.0,0.0,0.0,0.0
15,4,XSS,0.0,0.0,0.0,0.0,0.0
15,Aggregated,Backdoor,0.023495399614029393,0.008678478310185174,-0.04667111540537543,-0.0058096939410405375,0.015201043792782969
15,Aggregated,DDoS_HTTP,0.0070425897166025144,-0.0030554819048177815,0.0008887004930036469,0.006173021180086241,-0.01966997659539454
15,Aggregated,DDoS_ICMP,0.0003117830365637194,-0.00020045374892980195,0.00045847985527210924,-0.0005628973815682522,0.0002637803070228373
15,Aggregated,DDoS_TCP,-0.0003788309339953629,0.0013911664885310167,-0.0009299985789270918,-0.001545255597079903,0.0012626059048639763
15,Aggregated,DDoS_UDP,0.0006165278740728697,-0.00028275742806500024,0.0007558991979715638,-0.0008428809057772454,0.0005892525033501554
15,Aggregated,Fingerprinting,0.0,0.0,0.0,0.0,0.0
15,Aggregated,MITM,0.041250259174787536,-0.00969879177426349,-0.004454036529508247,-0.0012072832827549895,0.03475675268128101
15,Aggregated,Normal,0.0002686672550093231,0.0003409286304830487,-0.000568518634731513,-2.2935582544371855e-05,6.574633266805962e-05
15,Aggregated,Password,-1.6746313766811844e-05,2.5753259126339484e-06,1.3313184129273153e-05,-1.7175221877292062e-06,2.5753259126339484e-06
15,Aggregated,Port_Scanning,0.0,0.0,0.0,0.0,0.0
15,Aggregated,Ransomware,0.08814432989690721,-0.022036082474226802,-0.022036082474226802,-0.022036082474226802,-0.022036082474226802
15,Aggregated,SQL_injection,0.0,0.0,0.0,0.0,0.0
15,Aggregated,Uploading,7.265138279173045e-05,0.003450652716974814,-0.002087806630238952,-0.0035124083753088472,0.001398030048477264
15,Aggregated,Vulnerability_scanner,4.864864382986278e-06,-1.7020982344007062e-05,-4.135509877524757e-05,2.6755608368134177e-05,2.6755608368134177e-05
15,Aggregated,XSS,0.0002002793369699843,-0.0008011173478799372,0.0002002793369699843,0.0002002793369699843,0.0002002793369699843
15,Centralized,Backdoor,0.023495399614029393,0.008678478310185174,-0.04667111540537543,-0.0058096939410405375,0.015201043792782969
15,Centralized,DDoS_HTTP,0.0070425897166025144,-0.0030554819048177815,0.0008887004930036469,0.006173021180086241,-0.01966997659539454
15,Centralized,DDoS_ICMP,0.0003117830365637194,-0.00020045374892980195,0.00045847985527210924,-0.0005628973815682522,0.0002637803070228373
15,Centralized,DDoS_TCP,-0.0003788309339953629,0.0013911664885310167,-0.0009299985789270918,-0.001545255597079903,0.0012626059048639763
15,Centralized,DDoS_UDP,0.0006165278740728697,-0.00028275742806500024,0.0007558991979715638,-0.0008428809057772454,0.0005892525033501554
15,Centralized,Fingerprinting,0.0,0.0,0.0,0.0,0.0
15,Centralized,MITM,0.041250259174787536,-0.00969879177426349,-0.004454036529508247,-0.0012072832827549895,0.03475675268128101
15,Centralized,Normal,0.0002686672550093231,0.0003409286304830487,-0.000568518634731513,-2.2935582544371855e-05,6.574633266805962e-05
15,Centralized,Password,-1.6746313766811844e-05,2.5753259126339484e-06,1.3313184129273153e-05,-1.7175221877292062e-06,2.5753259126339484e-06
15,Centralized,Port_Scanning,0.0,0.0,0.0,0.0,0.0
15,Centralized,Ransomware,0.08814432989690721,-0.022036082474226802,-0.022036082474226802,-0.022036082474226802,-0.022036082474226802
15,Centralized,SQL_injection,0.0,0.0,0.0,0.0,0.0
15,Centralized,Uploading,7.265138279173045e-05,0.003450652716974814,-0.002087806630238952,-0.0035124083753088472,0.001398030048477264
15,Centralized,Vulnerability_scanner,4.864864382986278e-06,-1.7020982344007062e-05,-4.135509877524757e-05,2.6755608368134177e-05,2.6755608368134177e-05
15,Centralized,XSS,0.0002002793369699843,-0.0008011173478799372,0.0002002793369699843,0.0002002793369699843,0.0002002793369699843
16,0,Backdoor,0.0023117624823713683,0.011391968798561842,0.011853865052338377,0.01059641024090255,-0.01845823618483339
16,0,DDoS_HTTP,-0.009859165878511744,0.002411036653609532,0.0023731573110012246,0.004099557031202187,-0.0046342984900727534
16,0,DDoS_ICMP,-0.00014181667498393004,0.00021271749157686186,0.00041997190499919456,-0.0002959966308379321,-0.0004192398689550921
16,0,DDoS_TCP,-0.008028630043379942,0.0005735063002391923,0.0008926202683964417,-0.00033626457963303327,0.0009769581367872816
16,0,DDoS_UDP,-0.0002955583253185993,0.0002154773057682154,0.0006439254707692725,-0.0007207825836180386,-0.0004867696242792855
16,0,Fingerprinting,0.0,0.0,0.0,0.0,0.0
16,0,MITM,-0.02272727272727274,-0.02272727272727274,0.0,-0.02272727272727274,-0.02272727272727274
16,0,Normal,-0.00036220002748333556,5.87070753972833e-05,0.00046609141591705445,-5.795060921647277e-05,-0.0004956542938122902
16,0,Password,0.0,0.0,0.0,0.0,0.0
16,0,Port_Scanning,0.015730337078651686,-0.003932584269662922,-0.003932584269662922,-0.003932584269662922,-0.003932584269662922
16,0,Ransomware,0.0,0.0,0.0,0.0,0.0
16,0,SQL_injection,0.0,0.0,0.0,0.0,0.0
16,0,Uploading,-0.00954633685566685,-0.0009219395258426096,-0.003991656799108544,0.002393896179348624,0.0012363294033745128
16,0,Vulnerability_scanner,3.4299309661628416e-05,3.4299309661628416e-05,-0.00013719723864651366,3.4299309661628416e-05,3.4299309661628416e-05
16,0,XSS,0.0,0.0,0.0,0.0,0.0
16,1,Backdoor,-0.00039547465215592214,0.011964322485832759,0.012608439878577227,0.01413947477500699,-0.023863200127044414
16,1,DDoS_HTTP,-0.004709737158620548,0.004915266596233234,-0.002220475947807466,0.007231101458018707,-0.00264848267766229
16,1,DDoS_ICMP,0.00011263393283337808,0.00011131663230762498,0.0003936211223512898,-0.0003782273095276697,-0.00023934437796462315
16,1,DDoS_TCP,-0.008181199217452204,0.0019435665669715978,0.0014451164494383255,-0.00018194975508240008,0.0017006151020766043
16,1,DDoS_UDP,1.595052349796511e-05,1.6917019424339542e-05,0.000499025184923139,-0.0006786587539999612,-0.00017488060564360512
16,1,Fingerprinting,0.0,0.0,0.0,0.0,0.0
16,1,MITM,-0.060606060606060615,-0.016161616161616134,0.0,-0.016161616161616134,-0.016161616161616134
16,1,Normal,-0.00015471861962289556,0.0001464869041200967,0.0003630788608035951,-1.9856846652323754e-05,-0.0003426124432548398
16,1,Password,0.0,0.0,0.0,0.0,0.0
16,1,Port_Scanning,0.028723404255319152,-0.007180851063829788,-0.007180851063829788,-0.007180851063829788,-0.007180851063829788
16,1,Ransomware,0.0,0.0,0.0,0.0,0.0
16,1,SQL_injection,0.0,0.0,0.0,0.0,0.0
16,1,Uploading,-0.008414429680600265,-0.001430849222925279,-0.003245595718522843,0.0025058247195889013,-0.0002198323035743593
16,1,Vulnerability_scanner,0.0,0.0,0.0,0.0,0.0
16,1,XSS,0.0,0.0,0.0,0.0,0.0
16,2,Backdoor,-0.00015044565455992013,0.016785779935337794,0.0170886668086745,0.017372455746668746,-0.03379883754984843
16,2,DDoS_HTTP,-0.008515146713727127,0.00638321503318755,-0.0023110041093928166,0.006436582939305675,-0.0072097425294030916
16,2,DDoS_ICMP,-0.000124089539433823,0.00013791274559019258,0.0004197702256929151,-7.001997365553847e-05,-0.0003635734581937463
16,2,DDoS_TCP,-0.008779757354781804,0.002008278616038835,0.0018942419614645953,0.0007182328207205805,0.00205671463236836
16,2,DDoS_UDP,-6.464201055160952e-05,7.086326151148348e-05,0.0007136909533308292,-0.00033022959178929945,-0.00038968261250140374
16,2,Fingerprinting,0.0,0.0,0.0,0.0,0.0
16,2,MITM,-0.027272727272727258,0.009090909090909085,0.0,0.009090909090909085,0.009090909090909085
16,2,Normal,-0.0003903189581936306,0.00014129608439459319,0.0004747913119106439,-2.5405498977091692e-05,-0.0004723423253634303
16,2,Password,-3.6545433846782206e-05,1.082978120774981e-05,-2.637474191170986e-05,4.066245682279578e-06,-3.313827743718009e-05
16,2,Port_Scanning,0.016129032258064516,-0.004032258064516129,-0.004032258064516129,-0.004032258064516129,-0.004032258064516129
16,2,Ransomware,0.0,0.0,0.0,0.0,0.0
16,2,SQL_injection,0.0,0.0,0.0,0.0,0.0
16,2,Uploading,-0.0006620596514277932,0.0001655149128569483,0.0001655149128569483,0.0001655149128569483,0.0001655149128569483
16,2,Vulnerability_scanner,-2.497697602998339e-05,1.6651317353322258e-05,1.6651317353322258e-05,1.6651317353322258e-05,-2.497697602998339e-05
16,2,XSS,-7.251631617113766e-05,5.1797368693669766e-06,-2.0718947477467906e-05,3.1078421216201854e-05,5.697710556303674e-05
16,3,Backdoor,0.0029866477705988233,0.012275671347021306,0.013345831995062256,0.012655069653159627,-0.01878921383435708
16,3,DDoS_HTTP,-0.0071025211641646685,0.0041647381248463245,0.0033417560340045734,0.0046086504119163514,-0.007753031976607534
16,3,DDoS_ICMP,-2.971874693791787e-05,0.0004944894493618993,0.000269517456716332,6.104276211453449e-05,-0.000795330921254848
16,3,DDoS_TCP,-0.01035472010627462,0.002386308027868341,0.0020018060356296794,0.0007603520470716255,0.002386308027868341
16,3,DDoS_UDP,-4.376844022002853e-05,0.0004675626498833074,0.0004669923043343701,-0.0001469298755250333,-0.0007438566384726157
16,3,Fingerprinting,0.0,0.0,0.0,0.0,0.0
16,3,MITM,-0.06222222222222226,0.015555555555555566,-0.051111111111111156,-0.04000000000000002,0.004444444444444447
16,3,Normal,-0.00017752709928594567,0.0001681705050664062,0.00028114210918091335,5.694726449057552e-05,-0.0002646671216829969
16,3,Password,-4.311864327771348e-05,9.322949897883995e-06,-1.3984424846825994e-05,9.322949897883995e-06,-3.1464955905358485e-05
16,3,Port_Scanning,0.013079019073569481,-0.0032697547683923703,-0.0032697547683923703,-0.0032697547683923703,-0.0032697547683923703
16,3,Ransomware,0.0,0.0,0.0,0.0,0.0
16,3,SQL_injection,0.0,0.0,0.0,0.0,0.0
16,3,Uploading,-0.005787749560197386,0.0006743806364755985,-0.0018026389037499016,0.0025333547738421005,0.0006743806364755985
16,3,Vulnerability_scanner,3.555198862336129e-05,3.555198862336129e-05,-0.00014220795449344515,3.555198862336129e-05,3.555198862336129e-05
16,3,XSS,0.0,0.0,0.0,0.0,0.0
16,4,Backdoor,0.0004068610619136178,0.013761911426760313,0.012718698389839963,0.017454362739957204,-0.023039378169674177
16,4,DDoS_HTTP,-0.007573047458938031,0.010418010240657194,0.002916768752325751,0.015954527460272306,-0.0005550353075180962
16,4,DDoS_ICMP,-2.2115120637935155e-05,-4.1816829231879533e-05,0.00035270320938159404,-0.00024971447735372594,-3.905678215805341e-05
16,4,DDoS_TCP,-0.006511713892209201,0.00123622871624538,0.0011055243455446507,0.0006428827214348824,0.001562416412690898
16,4,DDoS_UDP,-1.1149409720704698e-05,-6.406599211390788e-05,0.0005793310278479198,-0.0005724781962017793,-0.0002536986214378941
16,4,Fingerprinting,0.0,0.0,0.0,0.0,0.0
16,4,MITM,-0.02272727272727274,-0.02272727272727274,0.0,-0.02272727272727274,-0.02272727272727274
16,4,Normal,-0.0003070106822243272,0.00014706566344526532,0.0005454831445269888,5.802962372727187e-05,-0.0004315257775177217
16,4,Password,-4.850847368743141e-05,1.0488318635120305e-05,-1.5732477952680456e-05,1.0488318635120305e-05,-3.539807539353103e-05
16,4,Port_Scanning,0.020879120879120878,-0.0052197802197802195,-0.0052197802197802195,-0.0052197802197802195,-0.0052197802197802195
16,4,Ransomware,0.0,0.0,0.0,0.0,0.0
16,4,SQL_injection,0.0,0.0,0.0,0.0,0.0
16,4,Uploading,-0.008082300816875698,-0.0016477580186569252,-0.0016477580186569252,0.003861427720680319,0.00018507141177630666
16,4,Vulnerability_scanner,0.0,0.0,0.0,0.0,0.0
16,4,XSS,0.0,0.0,0.0,0.0,0.0
16,Aggregated,Backdoor,0.0010451674514827148,0.013205064413941588,0.013491097333565885,0.014404481322207249,-0.023491806041775292
16,Aggregated,DDoS_HTTP,-0.007603930688205333,0.005663514032266345,0.0008437085771879876,0.007695255863957358,-0.004598347765204347
16,Aggregated,DDoS_ICMP,-4.101985996676956e-05,0.00018295010737691685,0.00037111739410104115,-0.0001865612934050076,-0.0003713955438615746
16,Aggregated,DDoS_TCP,-0.008368325260914586,0.0016300558674524253,0.0014685342645465356,0.00031725283745156113,0.001735468853726561
16,Aggregated,DDoS_UDP,-7.980656455066255e-05,0.00014132660731176286,0.0005805672665584646,-0.0004899032685440988,-0.00040963396158369414
16,Aggregated,Fingerprinting,0.0,0.0,0.0,0.0,0.0
16,Aggregated,MITM,-0.03697434640830868,-0.008890166437336249,-0.007887395623244699,-0.01796128399901986,-0.01070438994967297
16,Aggregated,Normal,-0.00027723686070573367,0.00013308365372938225,0.0004267510265314837,3.2528813183792713e-06,-0.00040088266681293877
16,Aggregated,Password,-2.7478434131320238e-05,6.8700869333087245e-06,-1.3521898628374856e-05,4.7236623151246155e-06,-2.2107593693096102e-05
16,Aggregated,Port_Scanning,0.01896457765667575,-0.004741144414168937,-0.004741144414168937,-0.004741144414168937,-0.004741144414168937
16,Aggregated,Ransomware,0.0,0.0,0.0,0.0,0.0
16,Aggregated,SQL_injection,0.0,0.0,0.0,0.0,0.0
16,Aggregated,Uploading,-0.0064658339086220784,-0.0006326965339735417,-0.002091962029260733,0.0022763325536109148,0.00040198407242413996
16,Aggregated,Vulnerability_scanner,9.24399263164677e-06,1.6540907293362735e-05,-5.156979985001901e-05,1.6540907293362735e-05,9.24399263164677e-06
16,Aggregated,XSS,-1.2260053243659067e-05,8.757180888327905e-07,-3.502872355331162e-06,5.254308532996743e-06,9.632898977160696e-06
16,Centralized,Backdoor,0.0010451674514827148,0.013205064413941588,0.013491097333565885,0.014404481322207249,-0.023491806041775292
16,Centralized,DDoS_HTTP,-0.007603930688205333,0.005663514032266345,0.0008437085771879876,0.007695255863957358,-0.004598347765204347
16,Centralized,DDoS_ICMP,-4.101985996676956e-05,0.00018295010737691685,0.00037111739410104115,-0.0001865612934050076,-0.0003713955438615746
16,Centralized,DDoS_TCP,-0.008368325260914586,0.0016300558674524253,0.0014685342645465356,0.00031725283745156113,0.001735468853726561
16,Centralized,DDoS_UDP,-7.980656455066255e-05,0.00014132660731176286,0.0005805672665584646,-0.0004899032685440988,-0.00040963396158369414
16,Centralized,Fingerprinting,0.0,0.0,0.0,0.0,0.0
16,Centralized,MITM,-0.03697434640830868,-0.008890166437336249,-0.007887395623244699,-0.01796128399901986,-0.01070438994967297
16,Centralized,Normal,-0.00027723686070573367,0.00013308365372938225,0.0004267510265314837,3.2528813183792713e-06,-0.00040088266681293877
16,Centralized,Password,-2.7478434131320238e-05,6.8700869333087245e-06,-1.3521898628374856e-05,4.7236623151246155e-06,-2.2107593693096102e-05
16,Centralized,Port_Scanning,0.01896457765667575,-0.004741144414168937,-0.004741144414168937,-0.004741144414168937,-0.004741144414168937
16,Centralized,Ransomware,0.0,0.0,0.0,0.0,0.0
16,Centralized,SQL_injection,0.0,0.0,0.0,0.0,0.0
16,Centralized,Uploading,-0.0064658339086220784,-0.0006326965339735417,-0.002091962029260733,0.0022763325536109148,0.00040198407242413996
16,Centralized,Vulnerability_scanner,9.24399263164677e-06,1.6540907293362735e-05,-5.156979985001901e-05,1.6540907293362735e-05,9.24399263164677e-06
16,Centralized,XSS,-1.2260053243659067e-05,8.757180888327905e-07,-3.502872355331162e-06,5.254308532996743e-06,9.632898977160696e-06
17,0,Backdoor,-0.033841083226932696,0.0380767624582437,-0.0935773372814955,0.010801963354284516,0.05921561578034234
17,0,DDoS_HTTP,-0.0016865278974833614,0.004914998316168865,0.008834917841732076,0.0010797101898215838,0.0044041864304743385
17,0,DDoS_ICMP,8.52657052896925e-05,0.00014209977162977968,0.00010613999852084887,-0.00015976347838886907,5.062178114944582e-05
17,0,DDoS_TCP,0.0004376007826341973,0.002311948430803677,-0.002584987058276961,0.003464582854015637,-0.00034759911798909655
17,0,DDoS_UDP,0.00017747657618927086,0.00017728662775726896,0.0002298052632498456,-0.0005990610406405232,0.0003367606781389606
17,0,Fingerprinting,0.0,0.0,0.0,0.0,0.0
17,0,MITM,0.015151515151515157,-0.007575757575757579,0.02272727272727274,-0.06060606060606059,0.030303030303030314
17,0,Normal,-9.611064361837081e-05,-6.133840623754697e-06,-0.0008120092775188141,0.0004356732359039439,0.0003159023635047257
17,0,Password,0.0,0.0,0.0,0.0,0.0
17,0,Port_Scanning,0.0,0.0,0.0,0.0,0.0
17,0,Ransomware,0.0,0.0,0.0,0.0,0.0
17,0,SQL_injection,0.0,0.0,0.0,0.0,0.0
17,0,Uploading,0.003181931834914888,0.006846884423536903,-0.012672350438038231,0.006846884423536902,0.003181931834914888
17,0,Vulnerability_scanner,5.876018709296549e-05,-6.354420006371986e-05,-0.00011273636121517661,5.876018709296549e-05,5.876018709296549e-05
17,0,XSS,0.0005074515250253726,-0.0020298061001014903,0.0005074515250253726,0.0005074515250253726,0.0005074515250253726
17,1,Backdoor,-0.033130262472496425,0.03851777250156754,-0.10185766384464122,0.013601229092329905,0.06601102923227266
17,1,DDoS_HTTP,-0.018427782370393383,0.01230279640226481,0.01086395208962389,-0.004639806486889974,0.012389368413705021
17,1,DDoS_ICMP,-5.342976387892421e-05,0.0001723612574840272,0.00019201201561342974,-0.00027943277519632735,-3.151073402220539e-05
17,1,DDoS_TCP,0.0007022909727449252,0.0019553950406777285,-0.0023733924799800485,0.0024061896759588843,-0.0002334786184765847
17,1,DDoS_UDP,-5.324409385339772e-05,0.00018788745666237043,0.0003214404201387337,-0.0006422752636911333,0.0001861914807434269
17,1,Fingerprinting,0.0,0.0,0.0,0.0,0.0
17,1,MITM,0.01818181818181817,-0.009090909090909085,0.027272727272727258,-0.07272727272727272,0.03636363636363634
17,1,Normal,-0.0003435488543502526,0.00014699753739620588,-0.0006342698641184419,0.000237936486303153,0.000361963931511744
17,1,Password,0.0,0.0,0.0,0.0,0.0
17,1,Port_Scanning,0.0,0.0,0.0,0.0,0.0
17,1,Ransomware,0.0,0.0,0.0,0.0,0.0
17,1,SQL_injection,0.0,0.0,0.0,0.0,0.0
17,1,Uploading,0.001583202272699128,0.005675651753380187,-0.016019567297922817,0.005978109502646446,0.002782603769197044
17,1,Vulnerability_scanner,7.341675621339028e-05,-0.0002936670248535611,7.341675621339028e-05,7.341675621339028e-05,7.341675621339028e-05
17,1,XSS,0.0015544041450777201,-0.0062176165803108805,0.0015544041450777201,0.0015544041450777201,0.0015544041450777201
17,2,Backdoor,-0.04704011441612439,0.05177900802247964,-0.109875483947438,0.007193166541323381,0.07814996424726367
17,2,DDoS_HTTP,-0.004491931696029972,0.010439210840014639,0.003875108203412647,0.0021966083748940824,0.010723690370176042
17,2,DDoS_ICMP,2.1733411272769252e-05,0.0001725263569762307,-3.3038446509825456e-05,-0.00022281532295883403,-0.00016307335922791284
17,2,DDoS_TCP,-0.0002337822206978905,0.0011574750740301917,-0.001207727151848579,0.0020731537830434316,-0.0005047526372464269
17,2,DDoS_UDP,-2.0931264593970767e-05,8.604263043977174e-05,3.155372073649539e-05,-0.0002885049188300274,0.00019183983224773103
17,2,Fingerprinting,0.0,0.0,0.0,0.0,0.0
17,2,MITM,0.0,0.0,0.0,0.0,0.0
17,2,Normal,-0.00012435844970322315,3.133261457244907e-05,-0.0008175095638087474,0.0003374365607045312,0.00036527522441855235
17,2,Password,4.039841489537899e-06,2.435075898344219e-05,2.0963913491333675e-05,3.451129545976774e-05,-2.7033831184387323e-06
17,2,Port_Scanning,0.0,0.0,0.0,0.0,0.0
17,2,Ransomware,0.0,0.0,0.0,0.0,0.0
17,2,SQL_injection,0.0,0.0,0.0,0.0,0.0
17,2,Uploading,-4.823199779844615e-06,1.7070455438872312e-05,-0.0017293415112962418,0.0017219174554170588,-4.823199779844615e-06
17,2,Vulnerability_scanner,9.972885769679029e-05,-0.00039891543078716116,9.972885769679029e-05,9.972885769679029e-05,9.972885769679029e-05
17,2,XSS,0.0020195578231292518,-0.008078231292517007,0.0020195578231292518,0.0020195578231292518,0.0020195578231292518
17,3,Backdoor,-0.04393792335182032,0.0451053009122719,-0.09241012928350388,0.0021474693316965265,0.06739277652133197
17,3,DDoS_HTTP,-0.01119898838875693,0.0099465864657402,0.013266033084435254,-0.002281361896605804,0.005448609288158851
17,3,DDoS_ICMP,0.0002283350371583522,0.00017217656773431492,-5.206022893851266e-05,0.00020927447439616682,-0.00033204419030710144
17,3,DDoS_TCP,-8.052381571391024e-05,0.0026423151005483094,-0.004008914798560431,0.00420358938431359,-0.0014302059236379874
17,3,DDoS_UDP,0.00012395505013202042,4.337065892070317e-05,-0.00019898757950301087,0.00015094880108242707,-0.0001192869306321398
17,3,Fingerprinting,0.0,0.0,0.0,0.0,0.0
17,3,MITM,0.04888888888888892,0.06000000000000006,0.004444444444444447,-0.028888888888888905,0.04888888888888891
17,3,Normal,-0.0002984210094668612,0.00018591927645005834,-0.0005942068751435048,0.00017876770066472075,0.00030340241497101386
17,3,Password,-6.992212423412997e-06,2.214200600747449e-05,1.6315162321296994e-05,3.9622537066006984e-05,-1.1653687372354994e-06
17,3,Port_Scanning,0.0,0.0,0.0,0.0,0.0
17,3,Ransomware,0.0,0.0,0.0,0.0,0.0
17,3,SQL_injection,0.0,0.0,0.0,0.0,0.0
17,3,Uploading,0.0024521508176480263,0.004222347077357513,-0.010558914085583819,0.005140537790084237,0.0024521508176480263
17,3,Vulnerability_scanner,5.931897094086369e-05,-5.951594064664834e-05,-0.00011844097217594273,5.931897094086369e-05,5.931897094086369e-05
17,3,XSS,0.0005127374784110536,-0.0020509499136442144,0.0005127374784110536,0.0005127374784110536,0.0005127374784110536
17,4,Backdoor,-0.04169404093581284,0.04667496668376777,-0.09864394822985362,0.001426483787948013,0.06682213827955027
17,4,DDoS_HTTP,-0.022776296022761364,0.01771578497698851,0.011640923960574309,-0.001721750031266368,0.011414450559743257
17,4,DDoS_ICMP,-1.1800437850874775e-05,0.0001201087415007925,-1.0373487215453726e-05,-0.00029395403330742715,-2.8446173622846218e-05
17,4,DDoS_TCP,7.16160091686809e-05,0.001614616516154151,-0.0020492598328993306,0.002694809024028244,-0.0001774025315590492
17,4,DDoS_UDP,4.843072792707903e-05,0.00015559439341396032,0.0001552830893224925,-0.000540979639719948,0.00018167142905641624
17,4,Fingerprinting,0.0,0.0,0.0,0.0,0.0
17,4,MITM,0.015151515151515157,-0.007575757575757579,0.02272727272727274,-0.06060606060606059,0.030303030303030314
17,4,Normal,-0.00014526241188546064,2.5803482909044404e-05,-0.0008565275746239849,0.0003781846196638683,0.0003213777906092452
17,4,Password,-7.866238976340228e-06,2.4909756758410722e-05,1.8354557611460533e-05,4.45753541992613e-05,-1.3110398293900381e-06
17,4,Port_Scanning,0.0,0.0,0.0,0.0,0.0
17,4,Ransomware,0.0,0.0,0.0,0.0,0.0
17,4,SQL_injection,0.0,0.0,0.0,0.0,0.0
17,4,Uploading,0.002910990868154503,0.006173443475415608,-0.010837550965407306,0.006173443475415611,0.002910990868154503
17,4,Vulnerability_scanner,0.00011875508707696048,-0.0004750203483078419,0.00011875508707696048,0.00011875508707696048,0.00011875508707696048
17,4,XSS,0.00399905285590255,-0.0159962114236102,0.00399905285590255,0.00399905285590255,0.00399905285590255
17,Aggregated,Backdoor,-0.03989841710333988,0.04395015224765075,-0.09917208701770976,0.007059964191201182,0.06741866112693115
17,Aggregated,DDoS_HTTP,-0.011686468965681564,0.01104393018894582,0.009662184887831113,-0.0010583724139084743,0.008869745038854087
17,Aggregated,DDoS_ICMP,5.4029503875650345e-05,0.00015585583256283824,4.054447937605528e-05,-0.00014930726016790797,-0.00010088334258405532
17,Aggregated,DDoS_TCP,0.0001802114790140493,0.0019360742840365207,-0.002442745524823131,0.002968413942821735,-0.0005376007841957316
17,Aggregated,DDoS_UDP,5.512661296196801e-05,0.00013001795407296217,0.00010783575112137122,-0.000383999519595916,0.0001554562943980616
17,Aggregated,Fingerprinting,0.0,0.0,0.0,0.0,0.0
17,Aggregated,MITM,0.017975892032495822,0.0046283904774471,0.01634544700582436,-0.04526275611181273,0.02808370874408612
17,Aggregated,Normal,-0.0002018755272449842,7.643004149903709e-05,-0.0007432966579811333,0.000313806205267945,0.0003338206432424014
17,Aggregated,Password,-1.2912958463416613e-06,1.5883920350925086e-05,1.2663328326699188e-05,2.554569642360278e-05,-1.2874720505275336e-06
17,Aggregated,Port_Scanning,0.0,0.0,0.0,0.0,0.0
17,Aggregated,Ransomware,0.0,0.0,0.0,0.0,0.0
17,Aggregated,SQL_injection,0.0,0.0,0.0,0.0,0.0
17,Aggregated,Uploading,0.002006874493804286,0.0045602081300421165,-0.01031681801165117,0.005149723385874699,0.0022493973085924712
17,Aggregated,Vulnerability_scanner,8.791768868086081e-05,-0.0002835600475800615,1.980698153747906e-05,8.791768868086081e-05,8.791768868086081e-05
17,Aggregated,XSS,0.0017290294952090359,-0.0069161179808361435,0.0017290294952090359,0.0017290294952090359,0.0017290294952090359
17,Centralized,Backdoor,-0.03989841710333988,0.04395015224765075,-0.09917208701770976,0.007059964191201182,0.06741866112693115
17,Centralized,DDoS_HTTP,-0.011686468965681564,0.01104393018894582,0.009662184887831113,-0.0010583724139084743,0.008869745038854087
17,Centralized,DDoS_ICMP,5.4029503875650345e-05,0.00015585583256283824,4.054447937605528e-05,-0.00014930726016790797,-0.00010088334258405532
17,Centralized,DDoS_TCP,0.0001802114790140493,0.0019360742840365207,-0.002442745524823131,0.002968413942821735,-0.0005376007841957316
17,Centralized,DDoS_UDP,5.512661296196801e-05,0.00013001795407296217,0.00010783575112137122,-0.000383999519595916,0.0001554562943980616
17,Centralized,Fingerprinting,0.0,0.0,0.0,0.0,0.0
17,Centralized,MITM,0.017975892032495822,0.0046283904774471,0.01634544700582436,-0.04526275611181273,0.02808370874408612
17,Centralized,Normal,-0.0002018755272449842,7.643004149903709e-05,-0.0007432966579811333,0.000313806205267945,0.0003338206432424014
17,Centralized,Password,-1.2912958463416613e-06,1.5883920350925086e-05,1.2663328326699188e-05,2.554569642360278e-05,-1.2874720505275336e-06
17,Centralized,Port_Scanning,0.0,0.0,0.0,0.0,0.0
17,Centralized,Ransomware,0.0,0.0,0.0,0.0,0.0
17,Centralized,SQL_injection,0.0,0.0,0.0,0.0,0.0
17,Centralized,Uploading,0.002006874493804286,0.0045602081300421165,-0.01031681801165117,0.005149723385874699,0.0022493973085924712
17,Centralized,Vulnerability_scanner,8.791768868086081e-05,-0.0002835600475800615,1.980698153747906e-05,8.791768868086081e-05,8.791768868086081e-05
17,Centralized,XSS,0.0017290294952090359,-0.0069161179808361435,0.0017290294952090359,0.0017290294952090359,0.0017290294952090359
18,0,Backdoor,-0.01513440208932364,0.004013894634121771,0.020538290545082553,-0.009068787019695742,0.012952334062828372
18,0,DDoS_HTTP,-0.0007285020853983322,-0.0026111672465607082,0.0023074430388542655,-0.006125951851252933,-0.0007449735840234774
18,0,DDoS_ICMP,-0.0006919711450296388,0.0005243415248429788,1.6914204722839888e-05,-0.0002036132498770715,0.00013148394101246131
18,0,DDoS_TCP,0.010716446037474564,0.007928424214413704,0.005733078219835574,0.008595493535197698,-0.030141968383368703
18,0,DDoS_UDP,-0.0010157515539517066,0.0007305806873069439,-1.997978652088691e-05,-0.00018452204258704493,0.0001663680246219638
18,0,Fingerprinting,0.0,0.0,0.0,0.0,0.0
18,0,MITM,-0.006060606060606062,-0.006060606060606062,-0.013636363636363641,0.03181818181818183,-0.006060606060606062
18,0,Normal,9.866637279727549e-05,-4.229709241896362e-05,0.0006340163181980885,-0.0005644168023570317,0.0005244072579549156
18,0,Password,0.0008918622663900641,-0.0035674490655602563,0.0008918622663900641,0.0008918622663900641,0.0008918622663900641
18,0,Port_Scanning,-0.024151556619911047,-0.024151556619911047,-0.012759151556619911,-0.024151556619911047,0.08521382141635307
18,0,Ransomware,-0.007575757575757577,-0.007575757575757577,0.030303030303030307,-0.007575757575757577,-0.007575757575757577
18,0,SQL_injection,0.0,0.0,0.0,0.0,0.0
18,0,Uploading,0.0023605078141098385,0.0005389457777161562,0.002663513127011242,0.0025838534728835033,0.0025838534728835033
18,0,Vulnerability_scanner,0.00014641055592200524,-0.0004141456753798789,-2.5085992386136847e-05,0.00014641055592200524,0.00014641055592200524
18,0,XSS,0.0005074515250253726,0.0005074515250253726,-0.0020298061001014903,0.0005074515250253726,0.0005074515250253726
18,1,Backdoor,-0.016396241873193027,0.0028297050384602073,0.024971029750839157,-0.00928655060010546,0.013544286901215492
18,1,DDoS_HTTP,-0.00630421392628377,0.004514380807412445,-0.010524142439502088,1.7758723095701034e-05,-0.0063731259640455
18,1,DDoS_ICMP,-0.00023974887231416979,0.0002474455733504059,4.053766502230179e-05,4.227597655128146e-05,0.0001351705644410654
18,1,DDoS_TCP,0.00866400823893162,0.008444013881674853,0.00686313939461112,0.008281250285764114,-0.028426805195788035
18,1,DDoS_UDP,-0.0003972640554181654,0.0004617041926036199,-2.1076813997679875e-05,0.00013888235125339803,0.0001394009573569499
18,1,Fingerprinting,0.0,0.0,0.0,0.0,0.0
18,1,MITM,-0.0072727272727272675,-0.0072727272727272675,-0.01636363636363635,0.03818181818181816,-0.0072727272727272675
18,1,Normal,4.813464673033378e-05,0.00010405376178050374,0.00034327572663659934,-0.0003700139856971448,0.0003746239571281932
18,1,Password,0.001444170482564283,-0.005776681930257132,0.001444170482564283,0.001444170482564283,0.001444170482564283
18,1,Port_Scanning,-0.023729470924945165,-0.023729470924945165,-0.01212084737602311,-0.023729470924945165,0.08330926015085861
18,1,Ransomware,-0.010294117647058823,-0.010294117647058823,0.041176470588235294,-0.010294117647058823,-0.010294117647058823
18,1,SQL_injection,0.0,0.0,0.0,0.0,0.0
18,1,Uploading,0.0037122344565885383,0.0019317951596975387,0.004008406959130636,0.004008406959130636,0.004008406959130636
18,1,Vulnerability_scanner,0.00017509300307257946,-0.0007003720122903178,0.00017509300307257946,0.00017509300307257946,0.00017509300307257946
18,1,XSS,0.0,0.0,0.0,0.0,0.0
18,2,Backdoor,-0.022704453023013764,0.0039878167353298985,0.028970327608364654,-0.010796180061324375,0.015900850515387602
18,2,DDoS_HTTP,-0.004304251443707967,0.0002669760689733356,-0.005105280521760874,0.0011238992342168935,-0.002292137165324085
18,2,DDoS_ICMP,-0.0005168909400788032,0.00025098568718727915,0.0002314350393886888,-0.0003475460880654387,0.00015745009706865284
18,2,DDoS_TCP,0.01125263523680154,0.007786188950353305,0.00697203547813736,0.00893614160562701,-0.031624476151828736
18,2,DDoS_UDP,-0.0008275333068044048,0.000435672025573793,0.0002208605293814836,-0.0005864900369507505,0.00011274599820503643
18,2,Fingerprinting,0.0,0.0,0.0,0.0,0.0
18,2,MITM,0.0,0.0,0.0,0.0,0.0
18,2,Normal,0.00015555162213692168,-8.090519640853907e-06,0.000616118253312418,-0.0005965021037714143,0.0004752126370065076
18,2,Password,0.0002948670440930503,-0.0012031760948169594,0.00030164073507726733,0.00028470650761672477,0.00028131966212461624
18,2,Port_Scanning,-0.024453702762817688,-0.024453702762817688,-0.011205839514954444,-0.024453702762817688,0.08456694780340751
18,2,Ransomware,-0.011267605633802818,-0.011267605633802818,0.04507042253521127,-0.011267605633802818,-0.011267605633802818
18,2,SQL_injection,0.0,0.0,0.0,0.0,0.0
18,2,Uploading,0.0005943848681753377,-0.002101775870079653,0.0023317406046003456,0.004803919186321074,0.00471201732851386
18,2,Vulnerability_scanner,2.494709926439964e-05,-0.00018304498382420986,6.657539264770529e-05,6.657539264770529e-05,2.494709926439964e-05
18,2,XSS,0.0,0.0,0.0,0.0,0.0
18,3,Backdoor,-0.02447073587435975,0.007304255383921163,0.029580973455166342,-0.005250525522244458,0.015218181750724414
18,3,DDoS_HTTP,-0.003082265422235191,0.00023376873700291326,-0.007052703129575824,-0.0002802403270415245,-0.002647451387602092
18,3,DDoS_ICMP,-0.000475492526898232,0.0003665646080436846,0.00025385041528312263,-0.000736922955922259,-8.291476549672956e-05
18,3,DDoS_TCP,0.009147811673218285,0.005966595461924834,0.0053148063845226525,0.007266418227379271,-0.026204580697052556
18,3,DDoS_UDP,-0.0006988814122359058,0.000699173583827826,0.0003767662296963366,-0.0008611774757423992,-0.00016062524866020111
18,3,Fingerprinting,0.0,0.0,0.0,0.0,0.0
18,3,MITM,-0.05333333333333337,0.05777777777777783,-0.04222222222222225,-0.03111111111111113,0.06888888888888896
18,3,Normal,5.568613274727167e-05,0.00012602830435222515,0.00022542738862798745,-0.0004438035298155581,0.00031649672193119575
18,3,Password,0.0013173886429566281,-0.0052695545718265124,0.0013173886429566281,0.0013173886429566281,0.0013173886429566281
18,3,Port_Scanning,-0.027774584846347435,-0.027774584846347435,-0.012098017189581756,-0.027774584846347435,0.09542177172862407
18,3,Ransomware,-0.010666666666666666,-0.010666666666666666,0.042666666666666665,-0.010666666666666666,-0.010666666666666666
18,3,SQL_injection,0.0,0.0,0.0,0.0,0.0
18,3,Uploading,0.0014921187864288012,0.0004412478001887728,0.0014047884170598386,0.0019122271810571659,0.0019122271810571659
18,3,Vulnerability_scanner,0.0002484452585506114,-0.0008160210910856391,7.068531543380496e-05,0.0002484452585506114,0.0002484452585506114
18,3,XSS,0.0,0.0,0.0,0.0,0.0
18,4,Backdoor,-0.011715650103811837,0.0037198095532969887,0.023859932122311647,-0.009610290542454792,0.015458014287124488
18,4,DDoS_HTTP,-0.011840313061188122,0.005352078749889402,-0.016626690937514045,0.0010525439902324704,-0.007861439822081692
18,4,DDoS_ICMP,-0.000266078309932416,0.00012752968629628492,0.00014533186867592604,-0.00011559065500699184,0.00010880740996719689
18,4,DDoS_TCP,0.009842192895032482,0.007850283731961998,0.006545251284752244,0.009271937517480483,-0.03249506078860623
18,4,DDoS_UDP,-0.00048326819190077085,0.00026851934283421143,2.7180795796113062e-05,-0.00013457618167064627,-1.2447033975552617e-07
18,4,Fingerprinting,0.0,0.0,0.0,0.0,0.0
18,4,MITM,-0.006060606060606062,-0.006060606060606062,-0.013636363636363641,0.03181818181818183,-0.006060606060606062
18,4,Normal,7.718554753134618e-05,5.966785104759194e-05,0.0005410269938201224,-0.0005930865389627893,0.00043977489123772087
18,4,Password,0.0004305790363482671,-0.0017223161453930685,0.0004305790363482671,0.0004305790363482671,0.0004305790363482671
18,4,Port_Scanning,-0.02572233402196029,-0.02572233402196029,-0.010344112908078329,-0.02572233402196029,0.08751111497395919
18,4,Ransomware,-0.007801418439716312,-0.007801418439716312,0.031205673758865248,-0.007801418439716312,-0.007801418439716312
18,4,SQL_injection,0.0,0.0,0.0,0.0,0.0
18,4,Uploading,-0.0007710111523447097,-0.0022291364731731596,0.001340572811751654,0.004952833058111438,0.00375182433265225
18,4,Vulnerability_scanner,1.3761407358392485e-05,-5.504562943356994e-05,1.3761407358392485e-05,1.3761407358392485e-05,1.3761407358392485e-05
18,4,XSS,0.0,0.0,0.0,0.0,0.0
18,Aggregated,Backdoor,-0.01804679900554006,0.004382678544259006,0.02555399438420251,-0.00879698756732395,0.014624530347648266
18,Aggregated,DDoS_HTTP,-0.005256816679984164,0.001542146422181571,-0.0073476837610176975,-0.0008448906444206289,-0.003967465077304971
18,Aggregated,DDoS_ICMP,-0.000438047892474556,0.0003033809817268011,0.00013762635013139606,-0.0002722981852171902,9.001381666726889e-05
18,Aggregated,DDoS_TCP,0.009924064950966194,0.007594942440741081,0.0062860975958389945,0.008469802433281914,-0.029774097583066927
18,Aggregated,DDoS_UDP,-0.000684441146441452,0.0005190760475192624,0.00011667281452628076,-0.0003253955255535901,5.15206654970531e-05
18,Aggregated,Fingerprinting,0.0,0.0,0.0,0.0,0.0
18,Aggregated,MITM,-0.012751399543852389,0.005199988690554746,-0.016181931276270912,0.01671912992667708,0.00701421220289147
18,Aggregated,Normal,8.633512264171935e-05,4.83259706423748e-05,0.00047070162205695707,-0.0005136233217912456,0.00042617579375889834
18,Aggregated,Password,0.0008776278201421561,-0.003518030460362949,0.0008797761572262504,0.0008744053145160149,0.0008733311459739678
18,Aggregated,Port_Scanning,-0.02517460138730266,-0.02517460138730266,-0.011704052525187532,-0.02517460138730266,0.08722785668709551
18,Aggregated,Ransomware,-0.00955777460770328,-0.00955777460770328,0.03823109843081312,-0.00955777460770328,-0.00955777460770328
18,Aggregated,SQL_injection,0.0,0.0,0.0,0.0,0.0
18,Aggregated,Uploading,0.0014839127205949704,-0.00028364618609024497,0.002358817638796702,0.003656808666457538,0.0034012572460818302
18,Aggregated,Vulnerability_scanner,0.00011297039157130428,-0.00039836468846526734,5.215659908963851e-05,0.00012026730623302026,0.00011297039157130428
18,Aggregated,XSS,0.00010003685568367275,0.00010003685568367275,-0.000400147422734691,0.00010003685568367275,0.00010003685568367275
18,Centralized,Backdoor,-0.01804679900554006,0.004382678544259006,0.02555399438420251,-0.00879698756732395,0.014624530347648266
18,Centralized,DDoS_HTTP,-0.005256816679984164,0.001542146422181571,-0.0073476837610176975,-0.0008448906444206289,-0.003967465077304971
18,Centralized,DDoS_ICMP,-0.000438047892474556,0.0003033809817268011,0.00013762635013139606,-0.0002722981852171902,9.001381666726889e-05
18,Centralized,DDoS_TCP,0.009924064950966194,0.007594942440741081,0.0062860975958389945,0.008469802433281914,-0.029774097583066927
18,Centralized,DDoS_UDP,-0.000684441146441452,0.0005190760475192624,0.00011667281452628076,-0.0003253955255535901,5.15206654970531e-05
18,Centralized,Fingerprinting,0.0,0.0,0.0,0.0,0.0
18,Centralized,MITM,-0.012751399543852389,0.005199988690554746,-0.016181931276270912,0.01671912992667708,0.00701421220289147
18,Centralized,Normal,8.633512264171935e-05,4.83259706423748e-05,0.00047070162205695707,-0.0005136233217912456,0.00042617579375889834
18,Centralized,Password,0.0008776278201421561,-0.003518030460362949,0.0008797761572262504,0.0008744053145160149,0.0008733311459739678
18,Centralized,Port_Scanning,-0.02517460138730266,-0.02517460138730266,-0.011704052525187532,-0.02517460138730266,0.08722785668709551
18,Centralized,Ransomware,-0.00955777460770328,-0.00955777460770328,0.03823109843081312,-0.00955777460770328,-0.00955777460770328
18,Centralized,SQL_injection,0.0,0.0,0.0,0.0,0.0
18,Centralized,Uploading,0.0014839127205949704,-0.00028364618609024497,0.002358817638796702,0.003656808666457538,0.0034012572460818302
18,Centralized,Vulnerability_scanner,0.00011297039157130428,-0.00039836468846526734,5.215659908963851e-05,0.00012026730623302026,0.00011297039157130428
18,Centralized,XSS,0.00010003685568367275,0.00010003685568367275,-0.000400147422734691,0.00010003685568367275,0.00010003685568367275
