Round,Evaluator,Classes,2,4,1,0,5,3
0,0,LAYING,,,,,,
0,0,SITTING,,,,,,
0,0,STANDING,,,,,,
0,0,WALKING,,,,,,
0,0,WALKING_DOWNSTAIRS,,,,,,
0,0,WALKING_UPSTAIRS,,,,,,
0,1,LAYING,,,,,,
0,1,SITTING,,,,,,
0,1,STANDING,,,,,,
0,1,WALKING,,,,,,
0,1,WALKING_DOWNSTAIRS,,,,,,
0,1,WALKING_UPSTAIRS,,,,,,
0,2,LAYING,,,,,,
0,2,SITTING,,,,,,
0,2,STANDING,,,,,,
0,2,WALKING,,,,,,
0,2,WALKING_DOWNSTAIRS,,,,,,
0,2,WALKING_UPSTAIRS,,,,,,
0,3,LAYING,,,,,,
0,3,SITTING,,,,,,
0,3,STANDING,,,,,,
0,3,WALKING,,,,,,
0,3,WALKING_DOWNSTAIRS,,,,,,
0,3,WALKING_UPSTAIRS,,,,,,
0,4,LAYING,,,,,,
0,4,SITTING,,,,,,
0,4,STANDING,,,,,,
0,4,WALKING,,,,,,
0,4,WALKING_DOWNSTAIRS,,,,,,
0,4,WALKING_UPSTAIRS,,,,,,
0,5,LAYING,,,,,,
0,5,SITTING,,,,,,
0,5,STANDING,,,,,,
0,5,WALKING,,,,,,
0,5,WALKING_DOWNSTAIRS,,,,,,
0,5,WALKING_UPSTAIRS,,,,,,
0,Aggregated,LAYING,,,,,,
0,Aggregated,SITTING,,,,,,
0,Aggregated,STANDING,,,,,,
0,Aggregated,WALKING,,,,,,
0,Aggregated,WALKING_DOWNSTAIRS,,,,,,
0,Aggregated,WALKING_UPSTAIRS,,,,,,
0,Centralized,LAYING,,,,,,
0,Centralized,SITTING,,,,,,
0,Centralized,STANDING,,,,,,
0,Centralized,WALKING,,,,,,
0,Centralized,WALKING_DOWNSTAIRS,,,,,,
0,Centralized,WALKING_UPSTAIRS,,,,,,
1,0,LAYING,0.010474585030605247,0.26292874059568727,0.3191099396341575,0.2705867694800879,0.09727812721664718,-0.03974324132226694
1,0,SITTING,0.17026679643808784,0.10129442240188202,0.009257348692323633,0.12638101565961862,0.19792214638327094,0.06714717798784224
1,0,STANDING,-0.31066852886142143,0.11362285870650933,0.19453925220188217,0.09325523089788659,0.02102984353750532,0.16172561702191204
1,0,WALKING,0.05290829816846171,0.09147312766516645,0.05707700562937846,0.061271569456032904,0.003184008555993763,0.08285901953966145
1,0,WALKING_DOWNSTAIRS,0.017160390778273426,0.18292774448495983,-0.01258816111855561,0.033688777166369366,0.1571154852563654,0.01130615304297636
1,0,WALKING_UPSTAIRS,-0.023393595175550782,0.1703218346423175,-0.03493532051628012,0.09902080148206022,-0.3331282037167556,0.11575152383115171
1,1,LAYING,0.011742951450205987,0.2603260480831668,0.3357958269515566,0.28845210645857794,0.08022426539998719,-0.04240946181654965
1,1,SITTING,0.17250158078595043,0.08012033852008522,0.015099258624692552,0.12515204455697312,0.17383953042267047,0.05989668914971398
1,1,STANDING,-0.3256279992596181,0.09940782361803507,0.17769462461899185,0.06677466721945972,-0.022213710468732214,0.1468217371290062
1,1,WALKING,0.04452396512534192,0.07994250099326511,0.04869457941390974,0.057756298423761766,-0.009342019401903663,0.07742369233721515
1,1,WALKING_DOWNSTAIRS,0.01849628978265497,0.13784749345345587,-0.024194326097733265,0.06801692621422356,0.2063011974926776,0.003170973371589921
1,1,WALKING_UPSTAIRS,-0.02609691076220298,0.16026805686938814,-0.059729457239759684,0.0899576042837606,-0.2970955191274663,0.09134061512191324
1,2,LAYING,0.024195833313996974,0.2682627133931156,0.3065575556250793,0.2610536873699218,0.09012363823458808,-0.04221796781400099
1,2,SITTING,0.2090976819975093,0.09183854133182096,-0.010901687021900882,0.10751252869122337,0.21080352589367238,0.06625258371084881
1,2,STANDING,-0.31904394579278306,0.09788581520252285,0.1757249927441083,0.06563981745561734,0.00032491513585791596,0.1446060199335754
1,2,WALKING,0.055990584777131286,0.07449875002593284,0.049395225471953325,0.06188102377745068,-0.0072800737199190954,0.09468414462003712
1,2,WALKING_DOWNSTAIRS,0.015394321784742012,0.14501266619475883,-0.04138520492811242,0.04096531670192989,0.1764012694693659,0.022585989751674716
1,2,WALKING_UPSTAIRS,-0.015183000935563988,0.15741793380882757,-0.04694192348973071,0.08068572384102454,-0.30341870754828243,0.1169036459414908
1,3,LAYING,0.011508379307163669,0.27633699159259945,0.3063118576153165,0.2683908604543037,0.09782275187004588,-0.03381716852304598
1,3,SITTING,0.14952747144719186,0.10390842194490642,-0.0017642659671131152,0.11690993438407031,0.18291019272278983,0.07350824546815475
1,3,STANDING,-0.328064015495969,0.1200389272844473,0.19262525039382364,0.08748175741797395,-0.018341930710410615,0.17576820783144426
1,3,WALKING,0.06933687850511223,0.0678821937489144,0.0552867838094658,0.06738489906029257,-0.0011408740839119642,0.0899772931142456
1,3,WALKING_DOWNSTAIRS,0.031005649676545927,0.09566645846287726,0.0211930778495126,0.02526780174843296,0.192857148217666,-0.007585724823820428
1,3,WALKING_UPSTAIRS,0.011801340935365324,0.19551094611502373,-0.03770871955290677,0.09923926176468358,-0.2768106469301959,0.12324559544580659
1,4,LAYING,0.022710880424486622,0.26360919721043397,0.31871455641124735,0.2620307408812924,0.0850988940437912,-0.03191887019824719
1,4,SITTING,0.11247772643036819,0.10799681072271008,0.019116050569830387,0.12521032041012425,0.16866444521578322,0.0736775037940406
1,4,STANDING,-0.3450352187301986,0.12070529831230839,0.1941059665327017,0.08425187799478763,-0.013763739132866897,0.16486402015147192
1,4,WALKING,0.06831570048382271,0.064382662301078,0.05430704172686396,0.06752521796952696,0.000583715286473421,0.07749457263429006
1,4,WALKING_DOWNSTAIRS,0.07516841489019913,0.15505704336784312,0.03343834041916922,0.04694058714219114,0.18222072241740506,0.04480930036534387
1,4,WALKING_UPSTAIRS,-0.013533115697239194,0.1703735698837721,-0.042463344259600785,0.13424376739163424,-0.3246801630108348,0.1167096921963321
1,5,LAYING,0.01747123258811091,0.2722371932487991,0.3367198386594534,0.27220625594255127,0.06564128325643563,-0.033720248139793275
1,5,SITTING,0.17177033556505192,0.09964563728657533,0.00905822227610573,0.11306763841487141,0.19266345644562932,0.060082919618753235
1,5,STANDING,-0.3271008555408198,0.12265077119819098,0.18524178853237444,0.06683949265414453,0.0024261167785265287,0.17216490859980493
1,5,WALKING,0.06083061851674009,0.07329877855103333,0.04433420641890739,0.057613291661003915,0.0023150605269565794,0.07621820791742376
1,5,WALKING_DOWNSTAIRS,0.02394507285095016,0.158037339199154,-0.05605520871549923,0.038776275278625684,0.20262939776720829,-0.03399954304710475
1,5,WALKING_UPSTAIRS,-0.006686981836629752,0.1741456070549867,-0.06740884258861235,0.10276683387881883,-0.30639052202061723,0.09303804961537379
1,Aggregated,LAYING,0.016239228428725362,0.26718368473205595,0.31961060077987846,0.2701359320837145,0.08737335906048888,-0.037312496012079345
1,Aggregated,SITTING,0.16500629180738496,0.09739622408071177,0.006390875560122612,0.11905111129433138,0.187974791084271,0.06683607340481601
1,Aggregated,STANDING,-0.32567268537284283,0.11237079508064017,0.18663185549890227,0.07769957247729553,-0.004947826625126767,0.16121755901412457
1,Aggregated,WALKING,0.05843776293685031,0.0754241661367262,0.051210097242008396,0.06213058909599102,-0.0019332674941250044,0.08289359830872588
1,Aggregated,WALKING_DOWNSTAIRS,0.031327732989126306,0.1466573281303146,-0.0132002920507542,0.042718379998016635,0.18667611353612926,0.006419186087091042
1,Aggregated,WALKING_UPSTAIRS,-0.011710882126299862,0.17166622933383063,-0.048457276045309715,0.10142671809829644,-0.3057795472091166,0.1093382744321154
1,Centralized,LAYING,0.016239228428725362,0.26718368473205595,0.31961060077987846,0.2701359320837145,0.08737335906048888,-0.037312496012079345
1,Centralized,SITTING,0.16500629180738496,0.09739622408071177,0.006390875560122612,0.11905111129433138,0.187974791084271,0.06683607340481601
1,Centralized,STANDING,-0.32567268537284283,0.11237079508064017,0.18663185549890227,0.07769957247729553,-0.004947826625126767,0.16121755901412457
1,Centralized,WALKING,0.05843776293685031,0.0754241661367262,0.051210097242008396,0.06213058909599102,-0.0019332674941250044,0.08289359830872588
1,Centralized,WALKING_DOWNSTAIRS,0.031327732989126306,0.1466573281303146,-0.0132002920507542,0.042718379998016635,0.18667611353612926,0.006419186087091042
1,Centralized,WALKING_UPSTAIRS,-0.011710882126299862,0.17166622933383063,-0.048457276045309715,0.10142671809829644,-0.3057795472091166,0.1093382744321154
2,0,LAYING,0.00652325721898771,0.006737250011509926,-0.0037677450625194344,0.015878113948071888,-0.0019451127577297426,0.004918907843493793
2,0,SITTING,0.07995206137901407,-0.021584520156660122,-0.37719542987323806,-0.01128556961073399,0.17120169412122616,0.04126470531686196
2,0,STANDING,0.09484723172947428,0.13794150234484595,0.12398424828900247,0.05357961409709465,-0.03498680642134735,0.08327279359951313
2,0,WALKING,-0.07647930369041174,-0.024496111973197662,0.08981355163348897,0.0813623649197753,0.006572184695125512,0.03440517496229833
2,0,WALKING_DOWNSTAIRS,-0.07959163165798859,0.008831894047841501,0.13621868430809128,0.0519513897845815,-0.032406293376188305,0.0665620378715084
2,0,WALKING_UPSTAIRS,-0.16450937351343675,0.011283066471893862,0.23213175014880177,0.18573224059814694,0.1213493942173483,0.11693814279844743
2,1,LAYING,0.006932793645656669,-0.0003408207419398549,-0.011082910154327294,0.009095132075167222,-0.0005947810713678577,0.00303532030810022
2,1,SITTING,0.058408990897932216,-0.00962369832905762,-0.327207359870247,-0.00029160294619611074,0.14661275579993943,0.028013994910065076
2,1,STANDING,0.09161609091319703,0.184272131195638,0.185795202526268,0.06904091705608699,-0.029212818690479484,0.07884561985643385
2,1,WALKING,-0.06052148842175784,-0.015783864513623805,0.07840025168693183,0.07601263005334163,0.017693681651640345,0.024256396246794223
2,1,WALKING_DOWNSTAIRS,-0.06394967901560203,0.03461060716266085,0.1071317102360071,0.0320872420041252,0.009015052953473927,0.06721119329353044
2,1,WALKING_UPSTAIRS,-0.1599488706419341,0.008706930651103256,0.20408208531980587,0.1633570052572089,0.10491241033561728,0.1117471814387255
2,2,LAYING,0.004031036191530589,0.002828172867900743,0.002173505045617344,0.013924791233975322,-0.004905047658144943,0.0008013504891047016
2,2,SITTING,0.0612445901756277,-0.029359220302643558,-0.39388412761124364,-0.024790184197142517,0.1723496308116605,0.02370710426250212
2,2,STANDING,0.0935508691715902,0.14866684853607945,0.15657372990970092,0.07037279707903114,-0.029109557312321666,0.07013237326169673
2,2,WALKING,-0.06453991359248451,-0.02270258860421124,0.08548710130307821,0.07881137149020946,0.008643626675980084,0.023855089325127744
2,2,WALKING_DOWNSTAIRS,-0.10795545021044146,0.006811187437556576,0.1295711033555453,0.02668247199768455,-0.043619385887241124,0.06856010457643912
2,2,WALKING_UPSTAIRS,-0.16199441700643127,0.00797346490664321,0.24101097065293461,0.17124768360398065,0.10702017428224858,0.10626111090239648
2,3,LAYING,0.008184045281809329,0.009207241765223539,-0.0062469667807690905,0.013062058502995508,0.0027272181928459233,0.0025566867654666222
2,3,SITTING,0.08520245360785773,0.0032621955279169804,-0.35372413435818423,-0.012801442828336257,0.15435126782448494,0.03925020076679898
2,3,STANDING,0.08918436519429894,0.16502534917920528,0.14733003194383348,0.07531456972970797,-0.03656116863182795,0.08125350818414576
2,3,WALKING,-0.06210282822198708,-0.016173281192754102,0.09465268257422602,0.08438503011102104,0.015945059807303385,0.021514142485794526
2,3,WALKING_DOWNSTAIRS,-0.08405108788526414,0.02349239006829183,0.1312977587636706,0.04080590228008523,-0.021150035854906997,0.05104342879250637
2,3,WALKING_UPSTAIRS,-0.11855087270065108,0.013291411123217254,0.19215293229775385,0.1416806564008832,0.09449016998921679,0.08154096604747446
2,4,LAYING,0.010062806815386108,0.005194770606509058,0.009724298832352516,0.002899490775113913,0.001735583721864756,0.0025186028567198487
2,4,SITTING,0.10110925589296209,0.03269848287134671,-0.3789473298647251,-0.005500808171527818,0.20411951528948902,0.07574166320323529
2,4,STANDING,0.10743618851422986,0.1772907071196707,0.14523040642232543,0.06981245237293388,-0.018450925616184142,0.10634575885161035
2,4,WALKING,-0.07165582862974945,-0.017686279876787267,0.07842811478129703,0.07189898041210704,0.012218971048251403,0.029681227136698855
2,4,WALKING_DOWNSTAIRS,-0.09814358339834318,0.013613482792427339,0.09556425694071287,0.03393108465364163,-0.02492455654255201,0.040263051281859336
2,4,WALKING_UPSTAIRS,-0.14096356438518248,0.02046117426706788,0.18469548684414064,0.16865924228853615,0.09708140793483712,0.09863768162202952
2,5,LAYING,0.00725467226539013,0.0032156203908328936,-0.004263523741258783,0.013172794064305752,-0.0024298550896482913,-0.0030608190007328766
2,5,SITTING,0.056158187122183456,-0.02831207017212743,-0.3722670320418058,-0.0036364229123224314,0.18223773881020003,0.042053912109409314
2,5,STANDING,0.08184486248584363,0.14916248268590418,0.1537218394871093,0.06356032461238861,-0.03557030003449765,0.09478829827075952
2,5,WALKING,-0.0684886884645175,-0.020421626679056094,0.10630738747311964,0.08124844053601082,0.01515456598522665,0.023499386389857577
2,5,WALKING_DOWNSTAIRS,-0.0831541214606807,0.018879288047599606,0.1490781582342253,0.04847742264376255,-0.015969237856376918,0.04935515705813574
2,5,WALKING_UPSTAIRS,-0.07058623176905987,0.018447774916982355,0.18135119175361794,0.14897096215187886,0.11284321373520408,0.08222246757024361
2,Aggregated,LAYING,0.007143177384120609,0.004632518602560748,-0.002346268599649536,0.01147972006757544,-0.0008269253475385753,0.001999968820149587
2,Aggregated,SITTING,0.07337773349545738,-0.009276942503895323,-0.3667444318843613,-0.010110525700896803,0.1710626820581297,0.04131016978205999
2,Aggregated,STANDING,0.0931947674114462,0.15991293323477945,0.15119330723198293,0.06703421150959495,-0.030631084182812938,0.08582012413378114
2,Aggregated,WALKING,-0.06721565911285171,-0.019480848972049193,0.08874889960121628,0.07894030134647513,0.012763178713578885,0.02621905232793108
2,Aggregated,WALKING_DOWNSTAIRS,-0.08607146327423824,0.01777351442834749,0.12410373843366082,0.03907073501395611,-0.020885502368966136,0.056466663302209674
2,Aggregated,WALKING_UPSTAIRS,-0.13423250271746484,0.013473416185022291,0.2040921824650687,0.16198116479699215,0.10591224386841042,0.09908132301850639
2,Centralized,LAYING,0.007143177384120609,0.004632518602560748,-0.002346268599649536,0.01147972006757544,-0.0008269253475385753,0.001999968820149587
2,Centralized,SITTING,0.07337773349545738,-0.009276942503895323,-0.3667444318843613,-0.010110525700896803,0.1710626820581297,0.04131016978205999
2,Centralized,STANDING,0.0931947674114462,0.15991293323477945,0.15119330723198293,0.06703421150959495,-0.030631084182812938,0.08582012413378114
2,Centralized,WALKING,-0.06721565911285171,-0.019480848972049193,0.08874889960121628,0.07894030134647513,0.012763178713578885,0.02621905232793108
2,Centralized,WALKING_DOWNSTAIRS,-0.08607146327423824,0.01777351442834749,0.12410373843366082,0.03907073501395611,-0.020885502368966136,0.056466663302209674
2,Centralized,WALKING_UPSTAIRS,-0.13423250271746484,0.013473416185022291,0.2040921824650687,0.16198116479699215,0.10591224386841042,0.09908132301850639
3,0,LAYING,-0.000714654198726313,0.0011780720140677455,0.001688670080993636,0.002542885382875215,0.0033698193348164285,-0.0022705151040277576
3,0,SITTING,0.16470332829922038,0.008865709213240867,-0.09056290047262008,0.04048831788239883,0.11635294127398262,-0.15446924493571818
3,0,STANDING,0.013929482309658375,0.013372821800307006,-0.003919038128014199,-0.0032855081468925536,0.05532299078626205,-0.029785827986400094
3,0,WALKING,0.004542407823626634,0.017967604133481606,0.027983537478649022,0.02147674724857586,0.048688172158286885,0.01884892031994138
3,0,WALKING_DOWNSTAIRS,0.012134924933443585,0.030050877056526405,0.043025201076549974,0.05651122909355936,0.04808073535444782,0.029020561897237857
3,0,WALKING_UPSTAIRS,0.023310679219103684,0.011803443483911753,0.027222538378856322,0.02855727746853139,0.00795498231317635,0.02572609998445455
3,1,LAYING,0.001714177916705488,-0.0017214208274340633,-0.0018010472278978543,0.010498050109349429,0.00451413809738002,-0.006403490043621578
3,1,SITTING,0.16386933271711335,-0.007856471948335064,-0.083521101110474,0.0507390072770399,0.10792232771082741,-0.17247903597211242
3,1,STANDING,-0.01875624002535729,0.01575561746564272,0.006544054220086345,-0.004983802499601521,0.04442559396257301,-0.01619950883762925
3,1,WALKING,0.016021304921388493,0.018559789391130354,0.03620289142588081,0.014444851993441225,0.05189339360768524,0.029126724383113502
3,1,WALKING_DOWNSTAIRS,0.04072036570862663,0.03876708852248227,0.0470729913799477,0.040990854591256176,0.043895504787341576,0.042366036283175534
3,1,WALKING_UPSTAIRS,0.018785782811258433,0.01572312291574055,0.03864633542804953,0.02480512468320338,0.039455669600012885,0.0322850981927897
3,2,LAYING,-1.0131044074103886e-05,0.005432797292885877,0.009258560099774769,0.0095814315137815,0.006902500397426549,0.0010699009329025436
3,2,SITTING,0.22921684449060323,-0.005781973182020687,-0.09256329146000562,0.04915844929509186,0.12744152518204105,-0.18065549916688187
3,2,STANDING,0.01625721748912997,0.016198284280160954,0.0050817362923933195,0.006519512401355325,0.0485542065906448,-0.021391853576516354
3,2,WALKING,0.011557783616560416,0.016207351244306258,0.029305985834463966,0.02685096513958153,0.0408100176333938,0.018990363492046494
3,2,WALKING_DOWNSTAIRS,0.03853680170769789,0.049800279046459756,0.05443367147151018,0.0819215979509495,0.04950901223103534,0.05600501657921438
3,2,WALKING_UPSTAIRS,0.01621390198229624,0.011599588218183163,0.032806543594890984,0.03577287128724597,0.0245365164101325,0.0313262176049953
3,3,LAYING,-0.0018636718162498799,-2.9245498422999135e-06,-0.0009282219202927118,0.005990178138168013,0.0009309199052297678,-0.0036484966705341675
3,3,SITTING,0.16769394089909773,0.0009739705106530742,-0.0865184798188705,0.0339741343310163,0.11439988194905965,-0.1556793730268818
3,3,STANDING,0.001367523288137866,0.014175169292661872,0.0011892601327532107,-0.010695246501288835,0.03951900061899286,-0.01931798273271829
3,3,WALKING,0.0031471960454283973,0.014427639261357197,0.027350514399093303,0.021707467442732276,0.03906541255925316,0.0160022742928193
3,3,WALKING_DOWNSTAIRS,0.024889909649037277,0.03322102216277129,0.05415890729282093,0.06238694482866403,0.03789554856502237,0.03795787158331685
3,3,WALKING_UPSTAIRS,0.007970660056404249,0.005727835405425701,0.021358055768992322,0.015238996541039027,0.01319086604257545,0.018546254062151213
3,4,LAYING,-0.005899088053884867,0.0036053153262093234,0.004036604719388204,0.010065464824407745,0.007257927343009805,-0.0006869426219539316
3,4,SITTING,0.15772329738837465,0.015545806385351904,-0.09767512720461793,0.016225903658441492,0.1355038242866666,-0.15780498793667697
3,4,STANDING,0.0011226889344330556,0.018644008293559486,-0.001819366402168536,-0.0192234935544834,0.048404194995074284,-0.020873206011588756
3,4,WALKING,0.0157520321896702,0.025102663118257793,0.030750752256143654,0.02152261817311781,0.04419543239328514,0.02253720218438104
3,4,WALKING_DOWNSTAIRS,0.028400316094678926,0.04197816108421357,0.042075873767667096,0.05077906622264519,0.04605449884420875,0.037601525863586165
3,4,WALKING_UPSTAIRS,0.01260294349714643,0.014558481549940414,0.028047071476638614,0.021743886586377645,0.027341223757038242,0.021125574890068593
3,5,LAYING,0.004637070834897379,0.005766254658374486,0.004002917665132046,0.004649014125605044,0.005968283442999836,-0.002580567952910114
3,5,SITTING,0.16927102371526162,0.009677374392643491,-0.0794022666975969,0.04589236084556981,0.1158225131737871,-0.12804582303415538
3,5,STANDING,0.0012365958710337588,0.02362560251142849,0.011087304277944594,-0.011775402111086504,0.04916798545706159,-0.00895416867728808
3,5,WALKING,0.010608813831642739,0.016332085006499523,0.03347674315015381,0.027116743622840108,0.049676090020620865,0.022385483964202823
3,5,WALKING_DOWNSTAIRS,0.03252952657633507,0.037724108812426736,0.04710021865971204,0.06465768778469647,0.034059355416148906,0.04425968126307718
3,5,WALKING_UPSTAIRS,-0.0016327102376269146,0.009120347162614086,0.025827616981581692,0.009775729305015744,0.012730818294716357,0.025873875079886463
3,Aggregated,LAYING,-0.0004724275647492245,0.002231226575869488,0.002592029117401757,0.007131223865600045,0.00467056454259916,-0.0024565369371025033
3,Aggregated,SITTING,0.17568772981130462,0.0037018291346271473,-0.08824501283313375,0.03937560455704917,0.11967790602057586,-0.15772518714393435
3,Aggregated,STANDING,0.0030909959075404057,0.01670567170362,0.002820055268224177,-0.007077695278843193,0.047610028822880804,-0.019882802553453156
3,Aggregated,WALKING,0.01046180047637315,0.018200664579173118,0.030917793766055673,0.02219087082528072,0.04570400737601174,0.021426496545510213
3,Aggregated,WALKING_DOWNSTAIRS,0.029729795673593656,0.03849007206770023,0.04768400503333848,0.059167016294956375,0.04300672159535054,0.04108493181231168
3,Aggregated,WALKING_UPSTAIRS,0.012390149263964978,0.011285220869071797,0.02884939381828507,0.02209274792126143,0.02066875768547783,0.025666209068042643
3,Centralized,LAYING,-0.0004724275647492245,0.002231226575869488,0.002592029117401757,0.007131223865600045,0.00467056454259916,-0.0024565369371025033
3,Centralized,SITTING,0.17568772981130462,0.0037018291346271473,-0.08824501283313375,0.03937560455704917,0.11967790602057586,-0.15772518714393435
3,Centralized,STANDING,0.0030909959075404057,0.01670567170362,0.002820055268224177,-0.007077695278843193,0.047610028822880804,-0.019882802553453156
3,Centralized,WALKING,0.01046180047637315,0.018200664579173118,0.030917793766055673,0.02219087082528072,0.04570400737601174,0.021426496545510213
3,Centralized,WALKING_DOWNSTAIRS,0.029729795673593656,0.03849007206770023,0.04768400503333848,0.059167016294956375,0.04300672159535054,0.04108493181231168
3,Centralized,WALKING_UPSTAIRS,0.012390149263964978,0.011285220869071797,0.02884939381828507,0.02209274792126143,0.02066875768547783,0.025666209068042643
4,0,LAYING,-0.003417200302137174,-0.0027643317433745577,0.01187721461108681,0.0013486981391305905,-0.0020908262693740743,-0.00054375031267756
4,0,SITTING,0.04039046033821225,0.02659943344001384,0.025881079168177695,0.038018899996845865,0.04505324981131245,0.0028488235541624892
4,0,STANDING,0.004833253409124795,0.008233204823532446,0.015129448668806875,0.024608657310354394,0.008339230794148224,0.0021040682418964995
4,0,WALKING,0.0025528357527449088,0.029369323589291455,0.007398092768114372,-0.034780193975735285,0.025313661895894235,0.021820250171267912
4,0,WALKING_DOWNSTAIRS,0.025586507607142126,0.015078090681958518,0.002264273749221773,-0.01136657166178635,0.025510593494530855,0.026963803376639752
4,0,WALKING_UPSTAIRS,0.007409012189813212,-0.004092869802702301,0.005904382210779871,-0.011610961838167965,0.003970245112245192,0.00742098966705452
4,1,LAYING,-0.0013111702435892048,-0.0048395315079716355,0.011683381853084398,0.008847953943124494,-0.001889320810730683,-0.001403864361254024
4,1,SITTING,0.06663120337131705,0.008536360862535765,0.041814956900988916,0.00849918629452898,0.06931492021026733,-0.03146766139096373
4,1,STANDING,0.020516119120676225,-0.00598781160843927,0.025822521496189,0.003559002358696146,0.022466187358630832,-0.018396220745954824
4,1,WALKING,0.0049769093885316095,0.012485958974238202,0.016963116319678943,-0.03241742793455719,0.022406214968605138,0.016698941528364156
4,1,WALKING_DOWNSTAIRS,0.006126236662929984,-0.0020014783553875797,0.008529203737115411,-0.006343967441778723,0.015228668800828505,0.008214159299984838
4,1,WALKING_UPSTAIRS,-0.0015042003215896826,0.012751436767752762,0.014093500227879963,-0.03955972310841727,0.01915266368404317,0.017795803080588285
4,2,LAYING,-0.011431475686168239,-0.00962553781605927,0.020216904814016896,0.008443976437882354,-0.0017819988579200567,0.0058740375409969126
4,2,SITTING,0.04878395409332536,0.035594997301626935,0.03357046325805255,0.03203596137126338,0.0580503608214336,-0.006222759746464945
4,2,STANDING,-0.00430084865913065,0.0089628178697775,0.027712229933223108,0.027306839710874362,0.00912146440461035,0.0038026541090148067
4,2,WALKING,0.005497085292854823,0.019837927207710892,0.01549592043207719,-0.0434928342289947,0.0333480787615747,0.023275571168656927
4,2,WALKING_DOWNSTAIRS,0.02702258454870561,0.012687413083947281,0.010063284564117016,-0.025666386018561246,0.04770147933123235,0.0339608552597896
4,2,WALKING_UPSTAIRS,0.0030213296973492015,0.00814064818526377,0.011912675417274326,-0.04848927114508389,0.016351461395539217,0.017255278545942967
4,3,LAYING,-0.0018655944625604625,-0.0015978017137937795,0.007295196790373645,0.006369437814336798,-8.003583287946591e-06,0.0006763303723229659
4,3,SITTING,0.06962916373801831,0.025946693614731304,0.05345407187478592,0.014764165675597157,0.06047888894556485,-0.015333274908988078
4,3,STANDING,0.015569397729138203,0.000801487220973299,0.027971077231442078,0.008113929759492764,0.011529352351745441,-0.0028939823281674735
4,3,WALKING,0.0063298473338454075,0.020047475575829206,0.015007503693136118,-0.028807462593291186,0.02619546278840608,0.02167104674806742
4,3,WALKING_DOWNSTAIRS,0.018877886018159158,0.005644706811723386,0.026819320951398287,-0.008999208169639644,0.026895661181039695,0.025621799496056866
4,3,WALKING_UPSTAIRS,-0.005406406752368157,0.0022104378354416416,0.014626343539722924,-0.03031017515948528,0.012101858793441793,0.014146860023832778
4,4,LAYING,-0.007018233598974487,-0.0056468441827024944,0.012445329480986035,0.006446830895325165,-0.005581288627435323,-0.0006457939671988655
4,4,SITTING,0.04290385627824442,0.012838291057942645,0.02189990579939847,0.018130910964506718,0.031386773335896664,-0.012898205485079112
4,4,STANDING,0.013565516085532758,-0.00022975677273666826,0.015624147424249404,0.007988226889693969,0.006642595203628691,-0.0039996044224897475
4,4,WALKING,0.00019130167757545273,0.015995566102689686,0.012681898014331687,-0.03513118897321968,0.02102485627631074,0.015764856449028204
4,4,WALKING_DOWNSTAIRS,0.009421433554122536,0.014623445001320396,0.0015807520913284428,-0.004920085158171878,0.019038840374450337,0.015428027930053666
4,4,WALKING_UPSTAIRS,0.0013847687691031171,0.014932875209145446,0.015763332820435943,-0.02780321214735498,0.016496616197403138,0.013887491092132321
4,5,LAYING,-0.006625156482589866,-0.002831687062061773,0.009672145300113375,0.00561451932110676,-0.0021280485372060713,0.0023837832150675224
4,5,SITTING,0.03520059195115965,0.017864404931426797,0.014938884978426594,0.016051754230263664,0.02985969227867247,-0.00042226405721280854
4,5,STANDING,-0.0019244365726897522,0.007140039331315216,0.004007476870476107,0.011185084566522464,-0.0068483767441550976,0.009526866564976436
4,5,WALKING,0.005517202034281439,0.03339864106270396,0.02031225470279596,-0.04786258360026712,0.02855105031529506,0.028413442138550474
4,5,WALKING_DOWNSTAIRS,0.019809964743091844,0.017989503290537494,0.011692386158891583,-0.01732300324314235,0.023575892492314225,0.023619334534460013
4,5,WALKING_UPSTAIRS,0.002173173758871422,0.007590440580535744,0.016601324360980982,-0.032477561082614875,0.012243296114165794,0.014914319011166955
4,Aggregated,LAYING,-0.005114890986780276,-0.004477405433732966,0.012144879366589749,0.0060541416609641175,-0.002212143898988904,0.0009753219209559183
4,Aggregated,SITTING,0.050338088729090354,0.02158337535866676,0.03191544286250613,0.021544364897395595,0.04904805233649499,-0.010089488217910612
4,Aggregated,STANDING,0.008317650399540494,0.0030676684357013317,0.019609952420086806,0.013681447501506617,0.00885811211692675,-0.001904890972104727
4,Aggregated,WALKING,0.004201659014276031,0.021642139322958907,0.014750276957880549,-0.037226406384418036,0.026208378296050112,0.02122381351967966
4,Aggregated,WALKING_DOWNSTAIRS,0.017377214403137907,0.010747288335401273,0.00984027720489348,-0.012446662985615229,0.025906146611792028,0.021913300777051566
4,Aggregated,WALKING_UPSTAIRS,0.0011452311376334142,0.00695133075015635,0.013253985850274116,-0.03156819800295106,0.013392481187905154,0.014233857789718168
4,Centralized,LAYING,-0.005114890986780276,-0.004477405433732966,0.012144879366589749,0.0060541416609641175,-0.002212143898988904,0.0009753219209559183
4,Centralized,SITTING,0.050338088729090354,0.02158337535866676,0.03191544286250613,0.021544364897395595,0.04904805233649499,-0.010089488217910612
4,Centralized,STANDING,0.008317650399540494,0.0030676684357013317,0.019609952420086806,0.013681447501506617,0.00885811211692675,-0.001904890972104727
4,Centralized,WALKING,0.004201659014276031,0.021642139322958907,0.014750276957880549,-0.037226406384418036,0.026208378296050112,0.02122381351967966
4,Centralized,WALKING_DOWNSTAIRS,0.017377214403137907,0.010747288335401273,0.00984027720489348,-0.012446662985615229,0.025906146611792028,0.021913300777051566
4,Centralized,WALKING_UPSTAIRS,0.0011452311376334142,0.00695133075015635,0.013253985850274116,-0.03156819800295106,0.013392481187905154,0.014233857789718168
5,0,LAYING,0.0039279576609081435,-0.0010320419716384273,-0.0016218946628244598,-0.0007845349194954387,0.008171062123383553,0.007030150159575392
5,0,SITTING,0.022138298092513175,0.02076760547810577,0.026892467257534875,-0.05094311006072676,-0.00040725044094175756,0.023366103970850514
5,0,STANDING,-0.0003419827363748661,-0.006179980075533006,0.008527330544155014,-0.005916000441952463,0.008159759586389996,0.018361595734037905
5,0,WALKING,0.013053209524970903,0.014597303560543392,0.010654039262094349,-0.006387057132080037,0.0003654494442969734,0.0028856693060217617
5,0,WALKING_DOWNSTAIRS,0.0189858078758856,0.00395214070779426,0.020325599471266387,-0.010466199627471957,-0.015882181981694547,0.003913001171378672
5,0,WALKING_UPSTAIRS,0.0016163313705881178,-0.010997877267921214,0.0033642001409085256,0.008375069492168626,-0.0034532542480041496,0.002826008556819853
5,1,LAYING,0.0034072837243891616,0.001712387456969731,-9.969978043643708e-05,0.00019939956087287417,0.0034072837243891616,0.0034072837243891616
5,1,SITTING,0.05013483844717529,0.042580574863616195,0.047343720845337035,-0.08372783658141153,0.0017474668680658846,0.02969382475792416
5,1,STANDING,0.00975130387660354,-0.009755086149736851,0.018918407713403144,-0.01676968448338659,0.01837492108333153,0.02543097581813753
5,1,WALKING,0.00606868572367178,0.0015499624467435382,0.005094551164292077,-0.004302246461454125,-0.002057098975450477,-0.0014358211109175031
5,1,WALKING_DOWNSTAIRS,0.01043225923708943,-0.0009795516212697465,0.021776988643733484,-0.013382452170983645,-0.01115325170824055,0.0028845516809736555
5,1,WALKING_UPSTAIRS,0.006975794806704803,0.0011951780709669217,0.009916180651227874,-0.0011608877098278996,-0.0034613208490490654,0.0076026034475494735
5,2,LAYING,0.0064160601857036195,0.0007909026622146172,-0.005458141864065812,-0.004200134892708674,0.006834513764525053,0.007515525763774773
5,2,SITTING,0.03314162544235788,0.024675179909345858,0.02734139046433224,-0.0568756946660575,0.01482147294476562,0.023516905026134745
5,2,STANDING,0.01226262797632402,-0.005027182496335525,0.004223077018487514,-0.016469020283348165,0.02079828572415517,0.01872181247587001
5,2,WALKING,0.013778064650940494,0.017874406728256523,0.01784422484046537,-0.014003480455421885,-0.007461492540421729,0.003458505543431543
5,2,WALKING_DOWNSTAIRS,0.011956912279712349,0.015972907980131408,0.01674161637864439,-0.016584423525221676,-0.009759456623232318,0.011020269596922285
5,2,WALKING_UPSTAIRS,0.014496098383019398,0.013592549129083727,0.021754705400410815,-0.0044642049571562425,-0.004836296478622247,-0.002085503181714305
5,3,LAYING,0.0029839017115232034,-0.0006583555527536941,-0.002315023226870424,-0.0018831415135350184,0.002271979624508313,-4.8729906827436425e-05
5,3,SITTING,0.027464918569680568,0.014995421375623246,0.024450637547762107,-0.06450882699471729,0.021330092932507535,0.019413311762892255
5,3,STANDING,0.003087309572186583,-0.01667745232243652,0.008555118284756294,-0.0029094214860551537,0.0278034070537926,0.01816169489594033
5,3,WALKING,0.013215826911341605,0.014844845747201709,0.010527375895483583,-0.006807257734357005,-0.004801113805791112,0.00329475878072694
5,3,WALKING_DOWNSTAIRS,0.01715745422554183,0.006700556307959519,0.026284049664621185,0.0011965515011643836,-0.01686272551965072,0.004244652540902461
5,3,WALKING_UPSTAIRS,0.00834149814737604,0.001464739097295792,0.008856494692689556,0.00023317476179249841,-0.002379726864912553,0.004997105078878106
5,4,LAYING,0.003273879011280054,0.0006946688164452301,-9.742658089563761e-05,-0.0004917448136330123,0.003175299453095707,0.00534404973315127
5,4,SITTING,0.013591265375045623,-0.003848789716197651,0.016770315896161365,-0.024535564161399712,0.018054558870839548,0.01315766217679784
5,4,STANDING,0.0010366519362161044,-0.02877514099588402,0.007956240557959765,0.004966593847612191,0.025735991443524932,0.018081369193275697
5,4,WALKING,0.012219708027146493,0.009228258909131377,0.006585861043326632,-0.0008532057427073229,0.00015740403244895822,0.009630777464380161
5,4,WALKING_DOWNSTAIRS,0.0048240619947761704,0.006588245783626206,0.007132219135960106,-0.005463180267444367,-0.008635267157720974,0.004644829601711897
5,4,WALKING_UPSTAIRS,0.006336584957366025,-0.0011226914599577235,-0.004338226728313496,0.001339907834269102,-0.006007300801788162,0.006975978622798254
5,5,LAYING,0.0012636797871697155,-0.0006892798839107539,-0.0010339198258661308,0.0024124795936876393,0.0033315194389019753,0.0016083197291250925
5,5,SITTING,0.0296776000018037,0.024876311268042642,0.029281247968977655,-0.02981418503513744,2.727775472695525e-05,0.019488274408301472
5,5,STANDING,-0.0008398804929698621,-0.013583805338208178,0.006374225128956172,0.014995947950767937,0.011060490039153941,0.016859727554190976
5,5,WALKING,0.008605753849145605,0.003412548320537545,0.009782728370536578,-0.006176754737850431,-0.0017021891707686477,0.003384763083603067
5,5,WALKING_DOWNSTAIRS,0.011702584640709883,-0.001190882544090174,0.024328594963792603,-0.0018286903424963492,-0.010888612122397086,0.0018187125522952233
5,5,WALKING_UPSTAIRS,0.004454148804891474,-0.005432438128294239,0.008701092368472163,0.00028534009121147016,-2.663787258536665e-05,0.0056127757629070175
5,Aggregated,LAYING,0.0036010606588116403,0.00011663940060285446,-0.001792439698042466,-0.0008767055433611337,0.004616035170626907,0.004215237374378809
5,Aggregated,SITTING,0.029087984596099868,0.02043774346143596,0.02843871327655997,-0.05140467685010883,0.009467113125103462,0.021447910686919053
5,Aggregated,STANDING,0.004361716393163646,-0.013076135127636503,0.009299112410419643,-0.004011813705993574,0.018602928830857707,0.01930292658997905
5,Aggregated,WALKING,0.011139276661453281,0.010193508663475504,0.010086547551725349,-0.006444095688544637,-0.002623778374152095,0.0035526629342768055
5,Aggregated,WALKING_DOWNSTAIRS,0.012324813818439312,0.00506400277496186,0.019335902265872763,-0.007670884303146719,-0.012021339875005048,0.004669826962588514
5,Aggregated,WALKING_UPSTAIRS,0.006984078296324718,-0.0003650568349210589,0.007928829590528137,0.0007610021256671577,-0.003285185222610698,0.004470586899811931
5,Centralized,LAYING,0.0036010606588116403,0.00011663940060285446,-0.001792439698042466,-0.0008767055433611337,0.004616035170626907,0.004215237374378809
5,Centralized,SITTING,0.029087984596099868,0.02043774346143596,0.02843871327655997,-0.05140467685010883,0.009467113125103462,0.021447910686919053
5,Centralized,STANDING,0.004361716393163646,-0.013076135127636503,0.009299112410419643,-0.004011813705993574,0.018602928830857707,0.01930292658997905
5,Centralized,WALKING,0.011139276661453281,0.010193508663475504,0.010086547551725349,-0.006444095688544637,-0.002623778374152095,0.0035526629342768055
5,Centralized,WALKING_DOWNSTAIRS,0.012324813818439312,0.00506400277496186,0.019335902265872763,-0.007670884303146719,-0.012021339875005048,0.004669826962588514
5,Centralized,WALKING_UPSTAIRS,0.006984078296324718,-0.0003650568349210589,0.007928829590528137,0.0007610021256671577,-0.003285185222610698,0.004470586899811931
6,0,LAYING,-0.006913684789821867,0.0015683587039909705,-0.002624757762000716,0.004497344248703964,0.0089128962595359,-0.00031452851970476534
6,0,SITTING,0.011362524099744545,-0.014265815356394063,-0.013676868226044532,0.025126623137216794,-0.005504057515327585,0.015332424974489549
6,0,STANDING,-0.0019815411889653727,-0.0007763320993362602,-0.002995428013429344,0.008097476378300902,0.007969567448597633,0.01129579547781308
6,0,WALKING,0.01344269461118221,-0.01571065995632894,0.004536820262354507,-0.013862934612553082,0.006666359587789963,-0.001119204023703315
6,0,WALKING_DOWNSTAIRS,0.025734921833474148,-0.018839325484363324,0.02734626377825736,-0.03294777049462603,0.0362857426729521,-0.007707855065296037
6,0,WALKING_UPSTAIRS,0.0077123794240286404,-0.004507367233147707,0.01686356535315723,-0.012372927535292039,0.010174639104145173,-0.0046753940231227175
6,1,LAYING,-0.004360500314012376,0.001883244357046108,-0.004360500314012376,0.0013020008878716052,0.004233754495235428,0.0013020008878716052
6,1,SITTING,0.031085181271552676,-0.04290749467672788,-0.0392185513497502,0.04816962682195639,-0.03791108353181444,0.02181751815215385
6,1,STANDING,0.008455947847153464,-0.012047632987126283,-0.01758133777286341,0.011513738130195576,-0.009224669893078073,0.022779405794090116
6,1,WALKING,0.019422726724874877,-0.014091322161175684,0.014186273885886743,-0.00854916277416198,0.002878026893468296,0.002537638222068222
6,1,WALKING_DOWNSTAIRS,0.017526272605735124,-0.020920848306468988,0.035269915097073175,-0.034223228094766224,0.04050113109105466,-0.010375464614849741
6,1,WALKING_UPSTAIRS,0.013488392614512732,-0.02006118244670804,0.01847252908580812,-0.011129243611144382,-0.002571825875598785,0.0018013302331303556
6,2,LAYING,-0.0036786835124721583,0.002553243861528831,-0.0024678131994346764,0.004586255431714026,0.002300541145999735,0.002553243861528831
6,2,SITTING,0.014676465676886739,-0.027060844643575784,-0.02820698807224849,0.03399089013805372,-0.01953049011830685,0.01217862722415424
6,2,STANDING,0.004243913453734225,-0.01137994349784277,-0.01609831273802054,0.013891625177411084,-0.004710290371777351,0.01069387258873437
6,2,WALKING,0.00931910448896859,-0.011384501028121614,0.003783002954916564,-0.008067737901107893,-0.00024252488080425528,-0.004138650643919899
6,2,WALKING_DOWNSTAIRS,0.014664893789806299,-0.011496320339788799,0.022053852951606376,-0.027598255314924873,0.03019270716865953,-0.009087781265391894
6,2,WALKING_UPSTAIRS,0.016399089170996063,-0.016076679040132755,0.007279553840160379,-0.018561171712047193,-0.01058670717345337,-0.01006596149186745
6,3,LAYING,-0.0015633705496296614,0.00031656926421068653,-0.0016973728946706955,0.004379085267055307,0.003332566952984801,0.0007526185617400612
6,3,SITTING,0.023853980804476746,-0.02277479607590388,-0.015305214913353396,0.020955314605477653,-0.024204676260112863,0.022732785048615856
6,3,STANDING,0.008385188094830175,-0.006579289080574784,-0.005703965124724401,0.005224143654272141,-0.003785896249493792,0.013695773761870339
6,3,WALKING,0.01378500867131912,-0.013996277690603878,0.0022551099780008135,-0.01134757374659607,-0.002099070960954033,-0.0009354568768920416
6,3,WALKING_DOWNSTAIRS,0.013794524229202021,-0.01600212512296676,0.024776423408550383,-0.022484092552942578,0.025161733032031255,-0.005765943513354779
6,3,WALKING_UPSTAIRS,0.015627331483473606,-0.01576440112975119,0.009311781388025997,-0.01499842979891271,-0.011296600310193876,0.002031218621928811
6,4,LAYING,-0.0024749253869632633,0.0004997560178976383,-0.0012781349612866662,0.0007920953973408677,0.0019614529151137853,0.0004997560178976383
6,4,SITTING,0.012283108949159228,-0.013774393252868953,-0.008152107966214541,0.0027651368999197907,-0.004396224679929041,0.009292498067951491
6,4,STANDING,0.0009135013903511448,-0.004082947462137011,-0.0028542047850976335,-0.012908221368807088,0.0007377060172672543,0.008331494547998875
6,4,WALKING,0.01162322635225323,-0.011401772593806786,0.004209378186618437,-0.006107183610588756,-0.014959564430102759,0.000440059221803731
6,4,WALKING_DOWNSTAIRS,0.008516329907304821,-0.0032691939244294354,0.016290926740188682,-0.010323606855453592,0.007180011302568488,-0.0006561079684051244
6,4,WALKING_UPSTAIRS,0.006476394477202935,-0.009129044898328385,0.005624095252950001,-0.005038344910198879,-0.007114840872500353,-0.0004953693298573536
6,5,LAYING,-0.0016052562629743786,0.00011794344680250609,-0.00022669649515287085,0.00011794344680250609,0.0014781224177197313,0.00011794344680250609
6,5,SITTING,0.010922572479816695,-0.025920243289242265,-0.01970698341888103,0.028416789929586243,-0.017873582391583154,0.00720060270572244
6,5,STANDING,-0.003165349129808131,-0.006011748478044522,-0.002212588914011691,-0.0001890005906667522,-0.0010381380727051983,0.004476455106226856
6,5,WALKING,0.016287300168510082,-0.01554942035052689,0.010391881578375279,-0.006281058318963546,-0.0037957521515497904,-0.0010529509258451046
6,5,WALKING_DOWNSTAIRS,0.017493729128583,-0.02003808190782951,0.031752568776636535,-0.0345556584944146,0.04223894253262006,-0.019930848746586093
6,5,WALKING_UPSTAIRS,0.016526795519210543,-0.017393705508883976,0.019702142970694014,-0.015223067529281249,0.00256764089915182,-0.007195471025292444
6,Aggregated,LAYING,-0.0035376576681727316,0.0011765341322146146,-0.0021579446305856737,0.0027437723823672358,0.003880245878820056,0.0008034069803801947
6,Aggregated,SITTING,0.01716072084380241,-0.024231131758663954,-0.020701610581431978,0.02645463695175146,-0.017991040456779905,0.014793048703951733
6,Aggregated,STANDING,0.0029354248228093687,-0.006944021648899892,-0.008023056973133245,0.004454105168710119,-0.0018107492967225263,0.011917538883571534
6,Aggregated,WALKING,0.013964527997839168,-0.01363915238585348,0.006614345843843628,-0.0089275089006137,-0.002057098129393004,-0.0007063590770287083
6,Aggregated,WALKING_DOWNSTAIRS,0.016167030160207603,-0.015070014918682345,0.026286163866102216,-0.027008877512062632,0.030332005004849276,-0.0091136090870368
6,Aggregated,WALKING_UPSTAIRS,0.012736602609008156,-0.013902330063851833,0.01300643890903357,-0.012942039872202748,-0.0029844557545584244,-0.003095315851029868
6,Centralized,LAYING,-0.0035376576681727316,0.0011765341322146146,-0.0021579446305856737,0.0027437723823672358,0.003880245878820056,0.0008034069803801947
6,Centralized,SITTING,0.01716072084380241,-0.024231131758663954,-0.020701610581431978,0.02645463695175146,-0.017991040456779905,0.014793048703951733
6,Centralized,STANDING,0.0029354248228093687,-0.006944021648899892,-0.008023056973133245,0.004454105168710119,-0.0018107492967225263,0.011917538883571534
6,Centralized,WALKING,0.013964527997839168,-0.01363915238585348,0.006614345843843628,-0.0089275089006137,-0.002057098129393004,-0.0007063590770287083
6,Centralized,WALKING_DOWNSTAIRS,0.016167030160207603,-0.015070014918682345,0.026286163866102216,-0.027008877512062632,0.030332005004849276,-0.0091136090870368
6,Centralized,WALKING_UPSTAIRS,0.012736602609008156,-0.013902330063851833,0.01300643890903357,-0.012942039872202748,-0.0029844557545584244,-0.003095315851029868
7,0,LAYING,0.0005166874320757057,0.002206556170039344,-0.0028759741335422713,-0.0015083151895934324,0.004290210715921846,0.0074698449060889615
7,0,SITTING,0.005809897220520729,0.00901164347038977,-0.0028574756657808683,0.010234407086803328,-0.02237398995797766,0.010083515015188123
7,0,STANDING,0.0029983622202309447,0.013623002549916658,-0.025496511549398384,0.006930266517668505,5.934316051706813e-05,0.01436690818899372
7,0,WALKING,0.0014427621628446705,0.01300649279126974,0.010235927924367555,-0.00498191570383691,-0.012778039296900199,-0.006925227877744861
7,0,WALKING_DOWNSTAIRS,-0.004023611999503961,0.013301136109763398,-0.009680507316874611,0.0017599837433791268,-0.008874167826710265,0.0075171672899463264
7,0,WALKING_UPSTAIRS,-9.721750809154975e-05,-0.0004915992880927299,-0.016300467286047986,0.002547603998519582,0.004341107544642429,0.01000057253907025
7,1,LAYING,0.0012769626325441227,0.0024460923533979793,-0.008329053295768357,-0.003101241060830393,0.007210412113822172,0.006410055613754365
7,1,SITTING,0.015344433362958225,-0.014436203697401104,0.023411989876279307,0.018855801357128863,-0.04044411761774025,0.02469909459563265
7,1,STANDING,0.011141978057258209,-0.006373952325861599,-0.009233315265061671,0.010318010466354763,-0.010862317808492852,0.02081987355564512
7,1,WALKING,-0.0006769376542265315,0.016688001764092766,0.00957615339848867,-0.013948030214438674,-0.0065740339375266665,-0.005065153356389584
7,1,WALKING_DOWNSTAIRS,-0.014154832175727994,0.012995327904347254,-0.009723613498184043,-0.002060155556917232,0.007823112557475982,0.014073328813083267
7,1,WALKING_UPSTAIRS,0.005776996014730099,0.009119125454861519,0.0005527612249260423,-0.005426593905559074,-0.002383865074039916,-0.0011197652359389713
7,2,LAYING,8.910273545400157e-06,8.910273545400157e-06,-0.002728733086391477,-0.000665419228370312,8.910273545400157e-06,0.0033674214941255888
7,2,SITTING,0.007991347383993357,-0.006492729935005265,0.020510544166010943,0.006520721567323278,-0.028532379150503863,0.015268739251034367
7,2,STANDING,0.005193106955083792,-0.0037945547868075704,0.0014521328728683046,0.0016081487545000325,-0.012391126900745252,0.01477574905035295
7,2,WALKING,-0.006032691197977839,0.006833842552124205,0.013670196860444964,-0.007342550499650629,-0.003973842859965776,-0.003723082873155022
7,2,WALKING_DOWNSTAIRS,-0.012941037935057808,0.01955324575427034,-0.010888185419021704,0.009289296701948575,0.004159729341371501,0.009898788810144415
7,2,WALKING_UPSTAIRS,-0.00442907640907799,0.0033267621273399034,0.0016257722633362312,-0.006366295563741756,-0.0006243445829997326,0.005204483433581662
7,3,LAYING,0.002671141363702752,-4.7022085616604814e-05,0.0003559834477939172,-0.00021703358834236538,0.0007271995330816275,0.00197110349913829
7,3,SITTING,0.015084076663683681,-0.0004940632169987278,0.016774766162617628,0.009965893883924255,-0.0392451039072011,0.016753422746942297
7,3,STANDING,0.011468615880587842,0.004210511056284982,-0.007726684357519389,0.0022936771174225604,-0.009726298581912436,0.020930638537843427
7,3,WALKING,0.002656792690228396,0.0059631091479659315,0.008123204997033437,-0.006799831404995112,-0.0054869977167685295,-0.004456277713464139
7,3,WALKING_DOWNSTAIRS,-0.008070868876937826,-0.0008653559296416221,-0.010000458700454464,0.00439499479708282,0.0003435950968505815,0.004545583960590881
7,3,WALKING_UPSTAIRS,0.0002851976697680552,0.002950748177487677,0.00425158869704012,-0.005877711176722384,-0.00385471905473506,-0.004179289480528571
7,4,LAYING,0.0009767307948839658,-0.0004849661023321813,-0.0021551530996163546,-0.0014594307004762793,0.0011716237145127854,0.0019511953930280638
7,4,SITTING,0.0080974388271605,0.008763503801241104,-0.007673123611233681,0.010188872772436741,-0.016158696581084167,0.006357805758008877
7,4,STANDING,0.005414232527189956,0.010549705430950414,-0.023448831708433617,0.005686435606630738,-0.004701861860280303,0.010078474429554868
7,4,WALKING,0.003177475739644354,0.0032247840558937077,0.007801862195840133,-0.005948036671439981,-0.005540387848468079,-0.0027156974714701338
7,4,WALKING_DOWNSTAIRS,-0.0005510643216685023,0.004515887963655773,-0.005206472852293393,0.0010680949354497555,0.0016849836638293814,0.007143173286085935
7,4,WALKING_UPSTAIRS,0.004104132349124918,0.0027200506640229715,-0.00229077884510413,-4.8614050605980736e-05,-0.0030658657521065386,0.0050739334910267974
7,5,LAYING,-0.0005636777717314634,3.063466150713771e-06,-0.0019422375395529712,-0.0005636777717314634,0.0017032871797972452,0.0013632424370679389
7,5,SITTING,0.009696297870882846,-0.013726008713173895,0.023168677184642508,0.008158917782257295,-0.023937638009294788,0.008333302271782918
7,5,STANDING,0.00315327230654715,-0.006488216378380602,-0.007509403242057619,0.003925873364836268,-0.00048148825918663263,0.008707421608186347
7,5,WALKING,0.0014949342931083428,0.003816660310564132,0.015084932892768169,-0.005173266976130458,-0.004592956090223814,-0.004719785202194773
7,5,WALKING_DOWNSTAIRS,0.001135497803040637,0.012563254130816036,-0.014662115248079156,0.0122656121290928,-0.0024053999675871618,0.01561562527843861
7,5,WALKING_UPSTAIRS,0.002411068879304233,0.005369522882672363,0.0014599988049472268,0.003098457911059092,-0.003155004087889699,0.0025132676316990525
7,Aggregated,LAYING,0.0008626954570521779,0.0007333832393955557,-0.0029296560447724268,-0.0012617496120388926,0.002560670381318508,0.003886857836906752
7,Aggregated,SITTING,0.010159318015631438,-0.002874559349099125,0.012235904563624982,0.010398672265987702,-0.028258635981589956,0.013640069271448372
7,Aggregated,STANDING,0.0066582317378402955,0.0020540158330906045,-0.012032812966313646,0.005251659808207925,-0.006421549074204946,0.014971652616356608
7,Aggregated,WALKING,0.0002650629585527901,0.00827871247986745,0.010767116380756569,-0.00744821923707208,-0.006423815505420416,-0.004566119648466945
7,Aggregated,WALKING_DOWNSTAIRS,-0.0062708165533222945,0.010433540266301118,-0.010047916683542608,0.0046044583581796965,0.0005248290394127837,0.009974464791530486
7,Aggregated,WALKING_UPSTAIRS,0.0014617074458598825,0.003946494645555248,-0.0017323787273475376,-0.0019203500582486396,-0.0015639371347153368,0.0029192102171863164
7,Centralized,LAYING,0.0008626954570521779,0.0007333832393955557,-0.0029296560447724268,-0.0012617496120388926,0.002560670381318508,0.003886857836906752
7,Centralized,SITTING,0.010159318015631438,-0.002874559349099125,0.012235904563624982,0.010398672265987702,-0.028258635981589956,0.013640069271448372
7,Centralized,STANDING,0.0066582317378402955,0.0020540158330906045,-0.012032812966313646,0.005251659808207925,-0.006421549074204946,0.014971652616356608
7,Centralized,WALKING,0.0002650629585527901,0.00827871247986745,0.010767116380756569,-0.00744821923707208,-0.006423815505420416,-0.004566119648466945
7,Centralized,WALKING_DOWNSTAIRS,-0.0062708165533222945,0.010433540266301118,-0.010047916683542608,0.0046044583581796965,0.0005248290394127837,0.009974464791530486
7,Centralized,WALKING_UPSTAIRS,0.0014617074458598825,0.003946494645555248,-0.0017323787273475376,-0.0019203500582486396,-0.0015639371347153368,0.0029192102171863164
8,0,LAYING,-0.0007519950362803415,0.0008324222908284569,-0.0010911161405089908,-0.0010007391225116255,0.003824813648190798,0.003161496084907378
8,0,SITTING,0.0006692733828049852,0.008259255637761104,0.0049671803942573775,-0.023584519981147967,0.009901246516599235,0.009102267975207707
8,0,STANDING,0.004154886903458306,0.00016516504657501652,-0.007824818571562751,-0.003896615621803475,0.01215805181136165,0.0033984106458750892
8,0,WALKING,-0.0027088240307364896,0.010036473713113971,-0.019010355885131475,0.011581453179327671,0.006504497847051415,0.0057681281072415385
8,0,WALKING_DOWNSTAIRS,-0.0099320665655294,0.016681112998554508,-0.0323006039327477,0.0208482005192787,-0.029005780387372518,0.03370913736781662
8,0,WALKING_UPSTAIRS,0.0004278220411768171,0.007360820993653202,-0.00610690566589475,0.005946046320732317,-0.025939188710485034,0.01896987736497894
8,1,LAYING,-0.001358619990553317,0.0003156116527251081,-0.001689793488273252,0.0003271983893708308,0.0115538031041874,0.008190588565545389
8,1,SITTING,-0.005793790953619027,0.02576347411253631,0.01301564513159453,-0.035815189692422714,0.023780788627080683,0.03648833437901053
8,1,STANDING,0.0026699469340937944,0.01042232670710394,-0.006188416208065393,-0.006357257758321837,0.015648288855792686,0.02140331573426773
8,1,WALKING,-0.004096441569363567,0.004163697086968084,-0.017776873969259355,0.00553929765394736,-0.0029205207866542455,0.004107033232879799
8,1,WALKING_DOWNSTAIRS,-0.009652316987441375,0.01055046455683218,-0.02478993655258651,0.01766702754661896,-0.03328385653666347,0.021451808472580276
8,1,WALKING_UPSTAIRS,-0.001051629519653469,0.0011050419469982328,-0.009943340945197514,0.007781757694820763,-0.017548189516180604,0.013137701860232909
8,2,LAYING,-0.0008604269293924438,0.001251231527093601,0.0009622331691297244,-0.0011494252873563205,0.004788177339901472,0.006502463054187193
8,2,SITTING,-0.005558305888436159,0.019980374000625203,0.01630079266796628,-0.03926779209419193,0.009498011527844154,0.022867456326433
8,2,STANDING,-0.004171594672260257,0.01637528087895726,0.008385145958344832,-0.021153497289652736,0.011322468378927662,0.0224219202479875
8,2,WALKING,-0.006217681444483828,-0.0007982742048074642,-0.012484026585515735,0.0016831013814098403,0.007516824139379612,0.0003740336781527915
8,2,WALKING_DOWNSTAIRS,-0.007334008260700282,0.014911339067453884,-0.030810303008259633,0.01778750757278612,-0.036126703793032545,0.022500331168097458
8,2,WALKING_UPSTAIRS,-0.0034411953565987004,-0.00013825155212092186,-0.013535240667527888,0.0039661961275993755,-0.008315793851297961,0.006197109727426971
8,3,LAYING,0.0009521266885977228,-0.0001703575036613091,-0.00141989161957118,-0.0014356262729349639,0.003886330017376639,0.0035909985618580473
8,3,SITTING,3.9283173617561364e-05,0.006434465201158164,0.00245189057168787,-0.03113864237515153,0.008558400631867689,0.00966230223362067
8,3,STANDING,0.004974800127957318,-0.0012013379057508146,-0.010077089355898135,-0.0077518851284219484,0.006378000107274679,0.005563347249976433
8,3,WALKING,-0.0031643932135491425,0.005364130535126552,-0.009095796053945575,0.004646350921720654,0.004975077161512567,0.0034047158334355545
8,3,WALKING_DOWNSTAIRS,-0.0009063732807474171,0.00908810861903416,-0.012453013419069712,0.01859439869504514,-0.03298754599035365,0.01866442537609148
8,3,WALKING_UPSTAIRS,0.0018449846886011787,0.003139216035714772,-0.0049772520791168725,0.008509847200746308,-0.007767413109027411,0.006519278152095219
8,4,LAYING,-0.0014652891133600892,-0.0007528412993459743,-0.0007528412993459743,-0.0014652891133600892,0.006677394312272964,0.0036056541020037507
8,4,SITTING,0.00459229245282879,0.002850796796688502,0.0016885237730024343,-0.01949554349436789,0.009278368560472797,0.004674538625752655
8,4,STANDING,0.004534278017825046,0.00051943657081837,-0.005157628014134866,-0.00743435318715376,0.007720963432403547,0.0021823012094100303
8,4,WALKING,-0.0016655984658720405,0.006291153262197406,-0.007545083993047211,0.0022475905680166197,0.010532858741936404,0.0008756591626739511
8,4,WALKING_DOWNSTAIRS,-0.005064410083692956,0.006659869308888915,-0.012466524677755437,0.009537920748900157,-0.01835080179128274,0.011029343819883101
8,4,WALKING_UPSTAIRS,-0.0004865355221946958,0.0038169314267248442,-0.0015719020338282434,0.0013728197294497018,-0.010354113894819831,0.001903651358497945
8,5,LAYING,-0.002014894489137785,-0.001115615014988321,-0.0036880947795210586,-9.548078680040224e-05,0.007844773347951247,0.005870206577082432
8,5,SITTING,-0.0064609362691402826,0.013611785592288133,0.012282343862242659,-0.03838251598236001,0.008424492138838986,0.02150967914297898
8,5,STANDING,0.0012827987578731168,0.0032049217916576304,-0.0056117449369977946,-0.011499505590035177,0.006403272622786323,0.012834013968472559
8,5,WALKING,-0.005301197078109455,0.0013902487726620604,-0.015682971017953608,0.007074710165473773,-0.0002716348068826887,0.006880324736918196
8,5,WALKING_DOWNSTAIRS,-0.006287703970560473,0.014265348390297881,-0.03082683984031176,0.0269371413559719,-0.05259347672097031,0.03228493062336676
8,5,WALKING_UPSTAIRS,0.0010968970613518742,0.0031971327584459776,-0.01384192649016511,0.011158809209151348,-0.023287235310609895,0.01579064995073406
8,Aggregated,LAYING,-0.0008611960842870895,0.00010838113424921728,-0.0012183841468019652,-0.0008269359686982817,0.006292940442749879,0.005067243442881052
8,Aggregated,SITTING,-0.0021501018589707723,0.012909724377299694,0.008416231034693345,-0.03124329839214249,0.011532776379230083,0.017460726717020883
8,Aggregated,STANDING,0.0022809851934101626,0.004788412310479971,-0.004397615251949079,-0.009717404562750156,0.009919244424581494,0.011149101750180456
8,Aggregated,WALKING,-0.0039183093471764074,0.004324020986448901,-0.013569084852592181,0.005334372483339597,0.00441892347784481,0.0034838476166384295
8,Aggregated,WALKING_DOWNSTAIRS,-0.006617072269170844,0.011982638245018011,-0.024053654005217754,0.01860799642936251,-0.03392896005100045,0.023276043351936476
8,Aggregated,WALKING_UPSTAIRS,-0.0001548528036316539,0.0031102878203982695,-0.008358694723837046,0.0066126683557622655,-0.015806001786996236,0.010564795184631989
8,Centralized,LAYING,-0.0008611960842870895,0.00010838113424921728,-0.0012183841468019652,-0.0008269359686982817,0.006292940442749879,0.005067243442881052
8,Centralized,SITTING,-0.0021501018589707723,0.012909724377299694,0.008416231034693345,-0.03124329839214249,0.011532776379230083,0.017460726717020883
8,Centralized,STANDING,0.0022809851934101626,0.004788412310479971,-0.004397615251949079,-0.009717404562750156,0.009919244424581494,0.011149101750180456
8,Centralized,WALKING,-0.0039183093471764074,0.004324020986448901,-0.013569084852592181,0.005334372483339597,0.00441892347784481,0.0034838476166384295
8,Centralized,WALKING_DOWNSTAIRS,-0.006617072269170844,0.011982638245018011,-0.024053654005217754,0.01860799642936251,-0.03392896005100045,0.023276043351936476
8,Centralized,WALKING_UPSTAIRS,-0.0001548528036316539,0.0031102878203982695,-0.008358694723837046,0.0066126683557622655,-0.015806001786996236,0.010564795184631989
9,0,LAYING,-0.001079508849175272,-0.0025818736287015385,0.000921897441953166,0.0014145321878966089,0.0036580823904972717,-0.0023331295424702542
9,0,SITTING,0.0018452043272331215,-0.03888218011818927,-0.039706730507589626,0.00890933023036792,-0.0003533674827992291,0.03484901560147089
9,0,STANDING,0.0003706569073115337,-0.02197041843509372,-0.01767420307779374,0.007631537535561415,0.005313667652906183,0.01991730594683115
9,0,WALKING,0.015718639764007298,0.0013994094546090927,-0.0100029359641797,0.0019255885073114598,-0.007001816639997335,0.010448627365761595
9,0,WALKING_DOWNSTAIRS,0.005665627504301234,0.006914503028192799,-0.004546993049078872,0.00660477331601077,0.007072122661508298,0.01575651426431105
9,0,WALKING_UPSTAIRS,-0.003690787521991712,0.0010331390578007507,0.005729067345132943,0.00019855968421690536,0.008462255479659106,0.002534666745348801
9,1,LAYING,-0.004544769607833367,-0.002546658131999609,0.0036810671890390523,0.004053494846399938,0.0043402008990202166,-0.004983335194626223
9,1,SITTING,-0.00944143508375635,-0.056463577772667424,-0.06251391186666708,-0.01628305712265497,-0.027899871983729507,0.026277960263223626
9,1,STANDING,-0.012265663472690622,-0.030270692063509432,-0.024507546648569495,-0.006609472687013372,-0.009603717120407439,0.0043575494716662985
9,1,WALKING,0.011038131795746814,-0.0029118057892871846,-0.008865987521708476,0.00031930292954115237,-0.005935978863722918,0.017340145800912594
9,1,WALKING_DOWNSTAIRS,0.002510165835349115,0.00994840363303491,-0.006122116166983719,-0.0034673757585764304,0.012568958539127217,0.011425168216161661
9,1,WALKING_UPSTAIRS,0.007939376956211112,-0.008493688106437249,-0.006329083695322382,-0.0017670598033874582,-0.0050268262161475025,0.012916245857473056
9,2,LAYING,-0.0016201237557169643,-0.002680879092334376,0.0015292458693978205,0.0012403031736754647,0.0028625792027311536,-0.0013311253977530868
9,2,SITTING,-0.0067380747772686975,-0.037829210917360655,-0.040029800691513254,-0.0015046613598321181,-0.009117069061070102,0.013748307784691039
9,2,STANDING,-0.0061717416509864806,-0.01977075514415372,-0.015397786218759759,0.001764552506362623,-0.0011128196721058975,0.004420023588536107
9,2,WALKING,0.006318655332508975,-0.0014701793843641194,-0.002470622890205217,-0.0016015318491801138,-0.002272268707750678,0.0060896528810756734
9,2,WALKING_DOWNSTAIRS,0.002475143438870044,0.004793747677615314,0.0010234155274773745,0.003951960148870605,0.006141252212775248,0.009357230048615772
9,2,WALKING_UPSTAIRS,0.009814482831298309,-0.0012651227242806318,0.0016345555206011238,-0.0013167545931612827,-0.0051072342117981775,0.010205396569257355
9,3,LAYING,-0.0005591462709264694,-0.0032454410238774694,0.005691373000919125,0.006057254967851718,0.004121059038820251,-0.001427685934011961
9,3,SITTING,-0.0018989602968520634,-0.05042801242663177,-0.05442797268635953,-0.00558279524434506,-0.018964353481062225,0.03509503611302909
9,3,STANDING,-0.005821297713621259,-0.026583211421081335,-0.01921956890894897,-2.687856491765765e-05,-0.007519415754520517,0.012193628177043446
9,3,WALKING,0.00958148650553962,-0.0007501081721949761,-0.008209958722362461,-0.001474543603429703,-0.005607672861846444,0.006460796854293886
9,3,WALKING_DOWNSTAIRS,0.006265962149909088,0.0033958480467331242,-0.0024524693600155895,0.0008620620832146523,-0.0015970876773579998,0.005641248597218426
9,3,WALKING_UPSTAIRS,0.013681681577402793,-0.003493481462502947,-0.002662827723552895,-0.0008653533147954825,-0.008692218689285262,0.006918661239637966
9,4,LAYING,-0.002820706092456566,-0.003595861924753006,0.004641081011162277,0.004555925136926483,0.007566514529816089,-0.004566985501417752
9,4,SITTING,-0.008797967236325354,-0.0376436010981901,-0.04460931783324799,-0.00023081518206536335,0.0026596168615048393,0.015150731575468984
9,4,STANDING,-0.006045726540372305,-0.017567990082830724,-0.017548091363903805,0.0008034000346923402,0.004911391925207916,0.005892752461314934
9,4,WALKING,0.011309267545269638,-0.005582638913688894,0.0007790480740615331,-0.004921306140515453,-0.007253430142308564,0.006043591412387727
9,4,WALKING_DOWNSTAIRS,-0.0016002453092917646,0.003502050237098255,0.0016507914529959292,-0.0005377215289080158,0.0033563667821747715,0.0022833610409897353
9,4,WALKING_UPSTAIRS,0.008390990041208355,-0.0014643397032847265,-0.0020279958426090783,-0.002993670978798707,-0.0038788869040212773,0.007293052323675646
9,5,LAYING,-0.002360914806090144,-0.0012244297277409814,0.0034777940747983665,0.004471171558242082,0.005379192161626915,-0.003031996483794332
9,5,SITTING,2.5396483506721757e-05,-0.03140678331491574,-0.03481940126279147,0.0043433976184363045,-0.004027083376972974,0.025910263665761192
9,5,STANDING,0.00204200159228262,-0.010587557951900166,-0.01067694832997653,0.0068018965095272155,0.0015085548132105612,0.01311425556905854
9,5,WALKING,0.010828926114887668,-0.002084239310635595,-0.006556112270077194,-0.003177652207478066,-0.009813671829254985,0.010351078319179698
9,5,WALKING_DOWNSTAIRS,-0.0002721831954285177,0.006453123142846404,0.00370173036650425,-0.0010823646188918682,-0.0002682269544728459,0.010380450810269982
9,5,WALKING_UPSTAIRS,0.004437284416052869,-0.003409183956957892,0.0009815942269838652,-0.0015945840476255927,-0.011051091996327296,0.008663270524403634
9,Aggregated,LAYING,-0.0021081851776150284,-0.0026854385174174397,0.0032824939372697436,0.0035786122864376563,0.004590358157129784,-0.002898589676464999
9,Aggregated,SITTING,-0.004187526544986972,-0.04187788752185226,-0.04571626896219681,-0.0015242867181501209,-0.009351161687351582,0.024949198880208776
9,Aggregated,STANDING,-0.004704686139727437,-0.02126574273350699,-0.017554838876009147,0.001659931875629354,-0.0012007409617670085,0.00997731262879228
9,Aggregated,WALKING,0.010740970657212589,-0.0019960241656069634,-0.005740029464053531,-0.001545141137094891,-0.006264425427507118,0.009500575182617798
9,Aggregated,WALKING_DOWNSTAIRS,0.002365833695320797,0.005836994814391028,-0.0009447974522590497,0.0009595906797446161,0.004437394371062604,0.009107675831532176
9,Aggregated,WALKING_UPSTAIRS,0.006748655290068454,-0.0029036857104330887,-0.0005050636068403076,-0.0014171053674706068,-0.004390603248415028,0.008092328434537709
9,Centralized,LAYING,-0.0021081851776150284,-0.0026854385174174397,0.0032824939372697436,0.0035786122864376563,0.004590358157129784,-0.002898589676464999
9,Centralized,SITTING,-0.004187526544986972,-0.04187788752185226,-0.04571626896219681,-0.0015242867181501209,-0.009351161687351582,0.024949198880208776
9,Centralized,STANDING,-0.004704686139727437,-0.02126574273350699,-0.017554838876009147,0.001659931875629354,-0.0012007409617670085,0.00997731262879228
9,Centralized,WALKING,0.010740970657212589,-0.0019960241656069634,-0.005740029464053531,-0.001545141137094891,-0.006264425427507118,0.009500575182617798
9,Centralized,WALKING_DOWNSTAIRS,0.002365833695320797,0.005836994814391028,-0.0009447974522590497,0.0009595906797446161,0.004437394371062604,0.009107675831532176
9,Centralized,WALKING_UPSTAIRS,0.006748655290068454,-0.0029036857104330887,-0.0005050636068403076,-0.0014171053674706068,-0.004390603248415028,0.008092328434537709
10,0,LAYING,0.00016582939082085597,0.00016582939082085597,0.00016582939082085597,0.00016582939082085597,-0.0008291469541042799,0.00016582939082085597
10,0,SITTING,0.0073111980399955135,0.009272614530071732,0.00633494519574521,0.013103599298900336,0.004811490292360817,0.009963938380471039
10,0,STANDING,0.00344481477934506,0.0018050579049922592,0.005002796136861613,0.008000654321947813,0.0005035353478160013,0.00574885022527232
10,0,WALKING,0.0004475002122060904,-0.00010395641510193565,0.0030927809720379413,0.0043830856106397585,-0.000620510724225896,-0.0008327168187849306
10,0,WALKING_DOWNSTAIRS,0.010422312068739075,-0.007089865403051022,0.012661044645218935,-0.003682747686319499,0.0007360325467814094,-0.003101405671298907
10,0,WALKING_UPSTAIRS,0.008135441731773036,-0.004995862015464699,0.003794272010123249,-0.007621160623135506,0.0013145301453359676,-0.0010795052830056661
10,1,LAYING,0.002364932642727641,0.0007641793470591056,0.002364932642727641,0.0018941228498839538,-0.00298606417524754,0.0012476142069734407
10,1,SITTING,0.03208768843087155,0.024194996429202118,0.019082022193018522,0.029944758029788094,0.020195803119289996,0.02737693731161403
10,1,STANDING,0.018217254715121173,0.005688127460040622,0.013558964544411935,0.011564611621926292,0.009161810763849282,0.013884143402138756
10,1,WALKING,-0.001558212064471165,-3.3449324775634376e-05,0.004492980585351429,-0.000499888366609184,0.0002424991893376934,0.0029415861599033444
10,1,WALKING_DOWNSTAIRS,0.011895526139934054,0.003396787088693486,0.004445177132802982,-0.0008544659460619102,0.006367224829510885,0.0003235212469237047
10,1,WALKING_UPSTAIRS,0.0022766105802422575,-0.001786461582577102,0.010889826154330135,-0.001499933954913509,0.0006467165238001505,0.002775276707913023
10,2,LAYING,0.0005736179529282958,0.0002879036672140123,0.0005736179529282958,0.0002879036672140123,-0.002296661193212912,0.0005736179529282958
10,2,SITTING,0.012337767324229603,0.023969655719106978,0.005380520850938579,0.017057800412701,0.012699483140125466,0.015822872479226074
10,2,STANDING,0.004914108395610043,0.015664875075130303,0.0009718408353664778,0.009146807876615664,0.0031993367119951,0.00815287315512442
10,2,WALKING,-0.0032334055999388273,-0.0031424400546079486,0.010352750051081,-0.0006995263900546426,-0.0029966856489363836,-0.0009190988948260906
10,2,WALKING_DOWNSTAIRS,0.0036604506092023223,-0.00024047247564806435,0.0040057272048715405,-0.00045895267283558303,-0.0013371133263049247,0.003550688529567187
10,2,WALKING_UPSTAIRS,-0.00044714503251251,-0.001409273111324642,0.013123010254534358,0.0016884273955328581,-0.004003160238237015,-0.001805541438535616
10,3,LAYING,0.0003592563319272305,0.0016607255579072296,-7.427368275460718e-05,-8.447514017303296e-05,-0.0010888791049201078,-0.0007723539619867122
10,3,SITTING,0.023967515412475212,0.019367130646245078,0.01510743501502656,0.016377723061225674,0.01835303832057046,0.01907470890096217
10,3,STANDING,0.015465698092950883,0.00411894152175555,0.011027121754575389,0.004724138574846036,0.006833944358616126,0.011124953385117315
10,3,WALKING,-0.003319287740335917,0.0008105105019259928,0.0067868507289418015,0.0010267354158047027,0.0008105105019259928,9.285603316291913e-05
10,3,WALKING_DOWNSTAIRS,0.006572535335017672,-0.00023022265614957386,0.004633807954040466,0.0023019853596078018,0.0013404213018776959,0.0034995323198666346
10,3,WALKING_UPSTAIRS,-0.002500638350717092,-0.001117628070131277,0.008790993262048958,0.001024070189908749,-0.00029950103684090454,0.0007953421038237577
10,4,LAYING,0.002008795492152073,-0.00038091441479920496,0.002776173707806151,-0.0001882488428232872,-0.004140310246748368,0.005638790018698326
10,4,SITTING,0.016423263392807433,0.006842572813291189,0.015636108232843685,0.009853273411304746,0.011843649763915522,0.018486226396304532
10,4,STANDING,0.009460739332847369,-0.0024662732222473973,0.01133081288743215,6.201056857280982e-05,0.004113736254411226,0.012221196401206056
10,4,WALKING,-0.0016603701426591594,-0.0025228477089585632,0.006244806078015482,0.0007404904396619283,-0.0055412735757824245,-0.0030336170083406166
10,4,WALKING_DOWNSTAIRS,1.4316370144563938e-05,0.0017219092519274845,0.003467088178541123,-0.002080840340715682,-0.0048754149474080155,0.0027770070277051656
10,4,WALKING_UPSTAIRS,-0.0020640479508982146,0.0013204260002015586,0.00682823532862994,0.0028354774810019634,-0.0030922664484271537,0.0007577885580836287
10,5,LAYING,0.0032201332404897076,0.00011334824757643543,0.0032201332404897076,0.00011334824757643543,-0.0043683324197124705,0.00432388599987161
10,5,SITTING,0.010584084054229842,0.01842920256054371,-0.00740279164130623,0.020137968953901995,0.010756746325776055,0.01323564845497032
10,5,STANDING,0.0033015406346271602,0.006746580555481516,-0.008489685110763534,0.008954136425190187,0.0023776685255902817,0.006473426434807592
10,5,WALKING,-0.0032974500510711763,-0.00020833485491440854,0.005925952967664887,0.002345883326423814,0.002303713457670769,0.004967272191263159
10,5,WALKING_DOWNSTAIRS,0.009339937373279754,0.002099879550139732,0.007529828728971783,0.00599829102190942,0.0023259284565953497,0.0028357509121462706
10,5,WALKING_UPSTAIRS,-0.0026644674017229615,-0.0006085048570480993,0.010174091899718333,0.003761611593733593,-0.0011936756507227365,0.0026635486539093034
10,Aggregated,LAYING,0.001360932963417666,0.0004538177687849772,0.001408544611403608,0.0003625888957813387,-0.002506064203267574,0.001721276150439645
10,Aggregated,SITTING,0.01683704641826727,0.01711638139004166,0.008802187032808021,0.017629103615674727,0.012953501051147617,0.017126418984045832
10,Aggregated,STANDING,0.00935560622297973,0.0051573721141318606,0.005765466787599921,0.007117570293030373,0.004471294287852915,0.009775258252762724
10,Aggregated,WALKING,-0.0021244008996376936,-0.0009391020663701437,0.006261218112486062,0.0011352063764377715,-0.0010906556325252855,0.0004923542961620786
10,Aggregated,WALKING_DOWNSTAIRS,0.0069936378279587255,5.005648437848749e-05,0.00612391912331519,0.0003678855189884959,0.0007839562332340529,0.0016896118943663346
10,Aggregated,WALKING_UPSTAIRS,0.000407334543216988,-0.0013762939071817045,0.00885331455242233,0.00012724747227667774,-0.0011234161159882035,0.0008054309595817784
10,Centralized,LAYING,0.001360932963417666,0.0004538177687849772,0.001408544611403608,0.0003625888957813387,-0.002506064203267574,0.001721276150439645
10,Centralized,SITTING,0.01683704641826727,0.01711638139004166,0.008802187032808021,0.017629103615674727,0.012953501051147617,0.017126418984045832
10,Centralized,STANDING,0.00935560622297973,0.0051573721141318606,0.005765466787599921,0.007117570293030373,0.004471294287852915,0.009775258252762724
10,Centralized,WALKING,-0.0021244008996376936,-0.0009391020663701437,0.006261218112486062,0.0011352063764377715,-0.0010906556325252855,0.0004923542961620786
10,Centralized,WALKING_DOWNSTAIRS,0.0069936378279587255,5.005648437848749e-05,0.00612391912331519,0.0003678855189884959,0.0007839562332340529,0.0016896118943663346
10,Centralized,WALKING_UPSTAIRS,0.000407334543216988,-0.0013762939071817045,0.00885331455242233,0.00012724747227667774,-0.0011234161159882035,0.0008054309595817784
11,0,LAYING,0.00033330882533147237,0.00033330882533147237,0.00033330882533147237,-0.0016665441266573617,0.00033330882533147237,0.00033330882533147237
11,0,SITTING,0.002279388981445797,-0.004477474076479293,0.001796149066071551,0.005573639789632744,-0.004115221900995586,0.0035262663109213443
11,0,STANDING,0.001165760427693104,0.002029849173001096,-0.006620021234249563,0.005121976353517063,0.0012622313054108868,0.00409807854611361
11,0,WALKING,0.008952243631701695,0.005702840378310942,0.008034208323341953,0.007460520919820734,-0.03934306971206954,0.009193256458894216
11,0,WALKING_DOWNSTAIRS,0.024719789902042894,-0.005301307842948951,0.02808908293745934,-0.016569504131292705,-0.02297096739175666,-0.008939383215847151
11,0,WALKING_UPSTAIRS,0.016630168086138937,0.00048759324163791,0.02073652191283416,-0.015469988636833455,-0.015408485105870428,-0.006523525463533554
11,1,LAYING,0.0005671117959253532,0.0005671117959253532,0.0002846259202191411,-0.0022705872282143416,0.0002846259202191411,0.0005671117959253532
11,1,SITTING,0.008581857846162246,-0.028270143348592163,0.023674581655604095,0.011332519795905199,-0.020000279064547218,0.012419558353563136
11,1,STANDING,0.005683785177500249,-0.009437738855600777,0.0028475266871038113,0.008489827376719685,-0.0020996889520474935,0.01134895422842155
11,1,WALKING,0.011455269817181717,0.005068384953347521,0.0119814353030879,0.003530366533589981,-0.044507574203458196,0.006886601417514604
11,1,WALKING_DOWNSTAIRS,0.011005110010352552,-0.0038658923549832395,0.015419560932088119,-0.015769621029056515,-0.025497518852695977,-0.006865409197508048
11,1,WALKING_UPSTAIRS,0.012060351827129372,0.0012262215932409947,0.013581269910277177,0.0002168065686494318,-0.04969448223480821,0.00930779790671627
11,2,LAYING,0.00028571428571428357,0.00028571428571428357,0.00028571428571428357,-0.0011428571428571343,0.0,0.00028571428571428357
11,2,SITTING,0.0036839646941948007,-0.01054507727751292,0.003714487689632145,-0.0004567478167399392,-0.008581688365461767,-0.0005705516797249843
11,2,STANDING,0.0014505005301943207,-0.0006322183855528296,-0.005268943929245981,-0.0021493123279222406,-0.0014518659859298023,-0.0019761066383509615
11,2,WALKING,0.0029905383080214153,0.0038616744696377547,0.008391008500017703,0.0028946727872156464,-0.026453488559426357,0.008954001031816664
11,2,WALKING_DOWNSTAIRS,0.01042927214464625,-0.00011362541571465027,0.013258863990328947,-0.015264809163890756,-0.006257124443871265,-0.0027029836155634803
11,2,WALKING_UPSTAIRS,0.008399890149505415,0.004652412755750238,0.011116470944541297,-0.0016672745101136259,-0.03289637549719945,0.010394876157516199
11,3,LAYING,0.001838030522446236,-0.001565110838810276,0.001838030522446236,0.000408451227210264,-0.0020014110133303414,-0.0005179904199621184
11,3,SITTING,0.014723532973078742,-0.02446439954438903,0.005744152151475741,0.00794713152968954,-0.01084405078986456,0.005718200238928115
11,3,STANDING,0.009989084565308878,-0.007666371557449971,-0.010168675421779164,0.0022488326189103913,0.0007848661224862812,0.005803180270376576
11,3,WALKING,0.004174849617405767,0.005549744155875662,0.00590664627579976,0.004690741393660484,-0.03465100488464257,0.008120848000475384
11,3,WALKING_DOWNSTAIRS,0.008608974985754943,0.003091396057590423,0.010467951638205682,-0.007074288400752848,-0.015007477420460822,-0.0009632371642533216
11,3,WALKING_UPSTAIRS,0.004594365430381679,0.006420676467368897,0.004278735821340669,0.0023087605605236657,-0.030996249339212835,0.006701072961505746
11,4,LAYING,0.001244701348747588,0.0015336997067114647,-0.00028129755656165306,-0.00480040876891584,0.0009600817537831689,0.0013432235162352756
11,4,SITTING,0.005326687118053526,-0.0029388330150839255,-0.001219602758790832,0.00805576455901803,-0.0017748525263751812,0.009838185036354669
11,4,STANDING,0.0036556068984330307,0.005085456962738382,-0.009213365709925203,0.0053894479929999396,0.005021588739133165,0.009218353239226117
11,4,WALKING,0.006853009642295703,0.004248085655345177,0.008250070349539389,0.0036715246109024027,-0.03190820150499382,0.009317623349136543
11,4,WALKING_DOWNSTAIRS,0.005661726010893148,-0.0004934587715074767,0.005293022098882147,-0.004229093503016456,-0.010440009298458425,0.0031837479230124427
11,4,WALKING_UPSTAIRS,0.009697007549261758,0.005034800740222388,0.005337283943760877,-0.00021428275516013155,-0.045293620787211955,0.011153097023412693
11,5,LAYING,0.0023282417490160115,0.0010037384377577267,0.0019927009101639174,-0.007001032144638519,-0.0009830165291297007,0.002659367576830583
11,5,SITTING,0.012322781325361961,-0.017888320915965577,0.004233828771410386,0.008157570390331876,-0.008199560735270145,-0.0017121516700774333
11,5,STANDING,0.008935302997478436,-0.0022785006934121143,-0.010304574737098683,0.004258822257385477,0.0024882324311365357,2.6206102066295146e-05
11,5,WALKING,0.007745350225578003,0.005628955091751042,0.010221055722428308,0.01011979137117061,-0.0492999025752129,0.009909903538518148
11,5,WALKING_DOWNSTAIRS,0.018373951717088166,-0.0018806509613585108,0.022556944373641426,-0.017540645463262724,-0.023305899278395072,-0.007563306299043087
11,5,WALKING_UPSTAIRS,0.013618752208390816,0.004036899041106516,0.021218454178474462,-5.506392509361185e-05,-0.04889705470434106,0.010932421950608388
11,Aggregated,LAYING,0.0010603012089440997,0.00031715450541653555,0.0007177967113687196,-0.0025731066614749754,-0.00022686813617595799,0.0007047223719215789
11,Aggregated,SITTING,0.007660049459666308,-0.014513562693476211,0.006074155406813135,0.006540956298384655,-0.008839964251549207,0.004628784513718202
11,Aggregated,STANDING,0.005244316664226312,-0.0023498463650949595,-0.006281463481893522,0.003927361071739895,0.000906488818595716,0.00490605811216055
11,Aggregated,WALKING,0.0070412204972580324,0.004973451330255186,0.008866020615620472,0.005318133132449592,-0.03765558797359526,0.008744623052209462
11,Aggregated,WALKING_DOWNSTAIRS,0.013173078042501769,-0.0014667286879745797,0.015938512607193565,-0.012798830527181636,-0.017315300294209968,-0.004038937139197189
11,Aggregated,WALKING_UPSTAIRS,0.010843095099930596,0.0036588180101746835,0.012707621427907552,-0.0024250219691636446,-0.03737507998996403,0.007120272855850926
11,Centralized,LAYING,0.0010603012089440997,0.00031715450541653555,0.0007177967113687196,-0.0025731066614749754,-0.00022686813617595799,0.0007047223719215789
11,Centralized,SITTING,0.007660049459666308,-0.014513562693476211,0.006074155406813135,0.006540956298384655,-0.008839964251549207,0.004628784513718202
11,Centralized,STANDING,0.005244316664226312,-0.0023498463650949595,-0.006281463481893522,0.003927361071739895,0.000906488818595716,0.00490605811216055
11,Centralized,WALKING,0.0070412204972580324,0.004973451330255186,0.008866020615620472,0.005318133132449592,-0.03765558797359526,0.008744623052209462
11,Centralized,WALKING_DOWNSTAIRS,0.013173078042501769,-0.0014667286879745797,0.015938512607193565,-0.012798830527181636,-0.017315300294209968,-0.004038937139197189
11,Centralized,WALKING_UPSTAIRS,0.010843095099930596,0.0036588180101746835,0.012707621427907552,-0.0024250219691636446,-0.03737507998996403,0.007120272855850926
12,0,LAYING,-0.0007462322586938519,-0.0018241232990294151,-0.0039873305763044355,0.0011632808012806324,0.0011632808012806324,-0.0007437571931592113
12,0,SITTING,0.023212952712292973,-0.0020062789755870432,-0.009987319640511767,-0.046425484304114285,0.015091490253507625,-0.002694861382696239
12,0,STANDING,0.01061967485155634,-0.0020081100062287445,-0.009296299130595815,-0.02465938200568243,0.009201529797412457,-0.00280398417717024
12,0,WALKING,-7.848051211142108e-05,0.003634221024836383,0.0021538717589405306,-7.018501919593227e-05,-0.006085796542397557,0.00044636928992802805
12,0,WALKING_DOWNSTAIRS,-0.0012520536209505901,0.013325546653587738,-0.0011190782067186434,0.016941318039593548,-0.03199090754200537,0.004095174676493333
12,0,WALKING_UPSTAIRS,0.0011723751081197651,0.004980520237006882,-0.0019897657602714895,0.014050042000173563,-0.022979995166167905,0.0047668235811391645
12,1,LAYING,-0.0011085854035378594,-0.004679946515389355,-0.008205038418398444,0.0026324199429066386,0.003755088489943159,0.001956344390351611
12,1,SITTING,0.046838104536681184,-0.016350193219014413,-0.03140710222834747,-0.08986389108662858,0.029615209806349258,-0.005694543916421905
12,1,STANDING,0.017873736297127202,-0.014774287293228366,-0.025528907494406047,-0.04006766652502435,0.016432782545460253,-0.003299808041550722
12,1,WALKING,0.00044926318388212224,0.004210472951276781,0.003858673661752197,-0.010892490101759402,-0.0012401734129861674,0.0034205491173501597
12,1,WALKING_DOWNSTAIRS,-0.0014702270295514019,0.01089702427219031,0.0023747570302030444,0.008768743135648238,-0.01631497200260332,0.004407875980225403
12,1,WALKING_UPSTAIRS,-0.0011830425951423233,0.006213759736060295,0.005514952714686264,-0.015331963696949539,-0.007721367245948468,0.005994251125608018
12,2,LAYING,-0.0015238095238095126,-0.0019999999999999853,-0.001999999999999986,0.00038095238095237814,0.00038095238095237814,-0.0009523809523809453
12,2,SITTING,0.026053115601826722,0.003340022612025231,-0.006719291736086216,-0.05152166175813148,0.023681923875145353,0.003217431317225147
12,2,STANDING,0.007378475782975672,0.0038300273400797146,0.0008104094724839246,-0.018908530941126427,0.012578270690561067,0.0035842354972399244
12,2,WALKING,0.0018383789356089047,0.0018689506888472103,0.00870346253435426,-0.01236855414572252,0.00253612749131148,0.0021728383479281813
12,2,WALKING_DOWNSTAIRS,-0.0026317407669442148,0.0060168732550695755,0.004029680745364333,0.007323298716932518,-0.0214247508143862,0.007337045368029122
12,2,WALKING_UPSTAIRS,0.003225006712433641,0.009178851704150013,0.010535645792024085,-0.01841206563044842,-0.002075202194355743,0.005905321755731331
12,3,LAYING,-0.0007286895114169245,-0.0025045535213234727,-0.003916446137023488,0.0021482146981619977,0.0034543008572057196,0.0014917704176316215
12,3,SITTING,0.04875320113098703,-0.004266448802373103,-0.021627870556125705,-0.07866249478458474,0.02759781577934484,0.0015837663065606763
12,3,STANDING,0.01790021751244299,-0.00620424159342801,-0.016343542993142227,-0.0306052483443066,0.013777715348919322,0.00080640706039581
12,3,WALKING,0.0015326402223506377,0.005477875145369396,0.004220321658516528,-0.006751947880534763,0.002664298198518227,-0.0009350119027945765
12,3,WALKING_DOWNSTAIRS,0.00020952869199440086,0.0034004996129965623,0.006360908960855426,0.0016943446760874078,-0.015547403571126044,0.0038821216291923255
12,3,WALKING_UPSTAIRS,0.0018238970721123422,0.008380548407060182,0.010581255988132922,-0.010990949119443729,-0.00360742286444482,0.0011996497345482082
12,4,LAYING,-0.001905569200561578,-0.006972001654323647,-0.007258772664634621,0.005074938343629477,-0.0007473484210531697,0.00031450072338031393
12,4,SITTING,0.019520321865661543,-0.00633788831932499,-0.006042264871493347,-0.04137692241430631,0.01324581810143304,-0.005315171793905215
12,4,STANDING,0.002520327572762208,-0.006008306719601006,-0.006569926471326205,-0.018726401895347248,0.007402698670544695,-0.0014184665291825359
12,4,WALKING,0.0009346537253066056,-0.004506027773510246,0.004794941594847697,-0.010532573498094416,0.002098342383816518,0.0009408764920859847
12,4,WALKING_DOWNSTAIRS,-0.002724254309585365,-0.0003624655664249558,-0.002041421455121654,-0.00033285920041519943,-0.006726602219194773,0.0047037317830001014
12,4,WALKING_UPSTAIRS,0.0060567084223990585,0.002723211853462843,0.004087223467424973,-0.01684250826963299,0.0007495459755868425,0.004433062011523902
12,5,LAYING,-0.0044816806672889065,-0.005037912796124258,-0.0067126143877999055,0.0017179430196897494,0.0005889644478026072,0.0005919670503874153
12,5,SITTING,0.028393381442405677,-0.0056887735483707996,-0.009371151254867278,-0.04502894186446711,0.021097055016695457,-0.005304056068438178
12,5,STANDING,0.008441535888249273,-0.001931616838609429,-0.0049898787935849925,-0.01771900454510024,0.009702062531265963,-0.0014748795473353523
12,5,WALKING,0.0016975902680257632,0.005088116717622921,0.0034155675330005725,-0.012450144559212577,0.0011244489254753724,0.006799267740854837
12,5,WALKING_DOWNSTAIRS,-0.0008453660489596409,0.008807159849510415,0.0015171682423900453,0.021081494641666955,-0.03139305517017732,0.009324106977078287
12,5,WALKING_UPSTAIRS,0.0036037124852564993,0.004883312622601105,0.005938564058572296,-0.008948248798778534,-0.015868620992021014,0.01039128062436952
12,Aggregated,LAYING,-0.0016460910283601742,-0.003730837535227044,-0.0052488487778395276,0.0021567860334607124,0.0014729112469268446,0.0004199520155514835
12,Aggregated,SITTING,0.031678431701828255,-0.004958531558487669,-0.0139767161673266,-0.058180307021955556,0.021659911839982882,-0.002232716113445947
12,Aggregated,STANDING,0.01098920833089711,-0.004695840717949018,-0.010596026127283479,-0.0253984008793431,0.011577593067712557,-0.000798407360015097
12,Aggregated,WALKING,0.0010840903475732079,0.0025512645339304117,0.004610513340083293,-0.009056377472801087,0.0002771267279496744,0.0021564305996152294
12,Aggregated,WALKING_DOWNSTAIRS,-0.001468042834029176,0.006998252433404599,0.0017905463753400165,0.009488924079610194,-0.020632685021486567,0.0057057992343030155
12,Aggregated,WALKING_UPSTAIRS,0.0024167979677593696,0.005960223788490225,0.0057328342397499656,-0.009354735943195441,-0.008747997944082184,0.005538082848273043
12,Centralized,LAYING,-0.0016460910283601742,-0.003730837535227044,-0.0052488487778395276,0.0021567860334607124,0.0014729112469268446,0.0004199520155514835
12,Centralized,SITTING,0.031678431701828255,-0.004958531558487669,-0.0139767161673266,-0.058180307021955556,0.021659911839982882,-0.002232716113445947
12,Centralized,STANDING,0.01098920833089711,-0.004695840717949018,-0.010596026127283479,-0.0253984008793431,0.011577593067712557,-0.000798407360015097
12,Centralized,WALKING,0.0010840903475732079,0.0025512645339304117,0.004610513340083293,-0.009056377472801087,0.0002771267279496744,0.0021564305996152294
12,Centralized,WALKING_DOWNSTAIRS,-0.001468042834029176,0.006998252433404599,0.0017905463753400165,0.009488924079610194,-0.020632685021486567,0.0057057992343030155
12,Centralized,WALKING_UPSTAIRS,0.0024167979677593696,0.005960223788490225,0.0057328342397499656,-0.009354735943195441,-0.008747997944082184,0.005538082848273043
13,0,LAYING,0.0,0.0016582939082085595,0.0016582939082085597,0.0,0.0024874408623128397,-0.0008291469541042799
13,0,SITTING,-0.009411152170570692,0.013968207630667518,0.011685581378328033,0.010140629119760465,0.0020492956165827675,-0.006613800625572453
13,0,STANDING,-0.005454091108854914,0.007531505440327366,0.008993677611460608,0.008097232756008144,0.00485368949365745,-0.0042917444623289044
13,0,WALKING,0.000725767586122374,-0.0034299360770704266,0.0037483488163988616,0.0012579941714197457,0.00046168744997161505,0.0036860864535706262
13,0,WALKING_DOWNSTAIRS,0.019112434087712977,-0.004143707184773222,0.0017221135412245328,0.009148431639315086,-0.0051806485870783715,-0.0031574081342231153
13,0,WALKING_UPSTAIRS,0.01661940182738266,-0.0099955386563338,0.0026935353654762503,0.007023773851060365,-0.0064784896199321295,-0.00256832747644025
13,1,LAYING,-0.0025562831706899387,0.0012315956171888372,0.003208996747132317,-0.0014102893340181314,0.00320899674713232,-0.0036830166067453813
13,1,SITTING,-0.027528933728507746,0.03855119531149503,0.026338262031779136,0.014532404343314464,0.003917970646240011,-0.018331599380055203
13,1,STANDING,-0.019336086926793557,0.02414324882739813,0.01864144107111516,0.0077716210576534005,0.0055548772946802,-0.012289917999091005
13,1,WALKING,-0.003216372222615525,-0.004622135455281827,0.005551254161642059,0.0020454891825515157,0.00319715432913393,0.002693214273863744
13,1,WALKING_DOWNSTAIRS,-0.0025867316751519683,-0.007340635050657776,0.003726302672370462,0.00039534562298213784,0.00371492338384008,0.0020907950466170907
13,1,WALKING_UPSTAIRS,0.0035133319102212835,-1.7120762967350508e-05,0.0002989470907211152,-0.0019087542336547543,0.0028152612319762176,0.0025727797329996773
13,2,LAYING,-0.0013333333333333233,0.0011428571428571343,0.0017142857142857016,-0.0013333333333333233,0.0013333333333333233,-0.0015238095238095126
13,2,SITTING,-0.008901984684078369,0.01133076282743715,0.0059653232308738945,0.001342992268122332,0.002203378388489526,-0.0072893092401469005
13,2,STANDING,-0.00379357201642103,0.0012022288161280586,0.0003965350402652467,-0.002599143632460919,0.0027231671939573245,-0.0030341501717466475
13,2,WALKING,-0.0009414403315129605,-0.000825183371374344,0.007866526972362951,-0.0057967967638243535,0.0015078194292382312,0.002558821964270012
13,2,WALKING_DOWNSTAIRS,-0.003350392034016441,-0.0024709123339598823,0.006239778609813182,0.00465007872987023,-0.00063299648372341,-0.003805635228141133
13,2,WALKING_UPSTAIRS,0.004683880305049889,0.007120288903239145,-0.0004679020842970375,-0.00980462871802539,0.001618503062439236,0.006011239785998753
13,3,LAYING,-0.0009718644099097987,0.003356628216455195,0.003885728745555735,-0.0012476721325260047,0.00283860832670757,-0.002570423455277341
13,3,SITTING,-0.024261807250070388,0.0251857750209959,0.02203397554855879,0.009372103355777334,0.000182361270904093,-0.015247640403928668
13,3,STANDING,-0.013031796282799988,0.012534920589892232,0.014564732866599268,0.0029899983216890524,0.004676700397439088,-0.009274229103116942
13,3,WALKING,0.0017472271452484737,0.004745919433030539,0.0013586382668301423,-0.006710535707011771,0.0012497855187746042,0.00389673277739228
13,3,WALKING_DOWNSTAIRS,0.0027597868093757597,-0.0035158337246685195,0.00015211131517361604,0.0020498168550937205,-0.0027148286988912863,0.001268947443916722
13,3,WALKING_UPSTAIRS,0.004666732916339352,0.002249524582691637,0.0020474992448795866,-0.007168817572155775,-0.00038106189704585256,0.005870505009673381
13,4,LAYING,-0.0001805670244976502,0.00038644481777828644,0.0041325145299632125,-0.0006644583020903465,0.0041325145299632125,-0.002026481391839182
13,4,SITTING,-0.014827477346252567,0.021940799243098667,0.014140076246691311,0.011547722475293383,0.0025513169397893905,-0.004571656777839443
13,4,STANDING,-0.0071423253566454785,0.011315204458335932,0.009785030650400131,0.0059254689755588955,0.0052645854705929175,-0.00028150628702485375
13,4,WALKING,0.0005631978214590513,-0.0026915437679926693,0.006187351201345028,0.002262630273025984,0.0026140100415695017,0.0011244537250797066
13,4,WALKING_DOWNSTAIRS,0.0005070427327398153,-0.0016830297509830895,0.002302997453154303,0.00103795681203106,0.0003510347484132222,0.005991934512581182
13,4,WALKING_UPSTAIRS,0.008302027065028706,-0.0013821013587724251,0.0022620942919458842,-0.002177597336091963,-0.0006994156561944835,0.0033721032748162817
13,5,LAYING,-0.0013392200147166948,0.003246504782928598,0.0032465047829286,-0.0013392200147166948,0.0049065489330389804,-0.002010301692420886
13,5,SITTING,-0.005789568190430084,0.023723432239499853,0.01430195452605056,0.010077715690450118,0.0020213727135629826,-0.014982680258485731
13,5,STANDING,0.0013731508203623517,0.010862746987280724,0.007301451571837154,0.005264613528044498,0.007554279500626579,-0.006810023920756332
13,5,WALKING,0.0010084782346598987,-0.00031492954036076994,0.0018778017858038121,-0.001445611943871955,0.002124316627769923,0.0026416645812220472
13,5,WALKING_DOWNSTAIRS,0.009821771309889394,-0.0032615077013656833,-0.0008432060412890926,0.003609092957653583,-0.00720031986595338,-0.0021258306589348477
13,5,WALKING_UPSTAIRS,0.00930164616134771,-0.0008820997104973209,0.0020591647081175243,0.0005926347730129887,-0.0035461924541584466,8.507069291133145e-05
13,Aggregated,LAYING,-0.0010325840408820879,0.0018204317002772457,0.0029455679654268843,-0.0009696938500981763,0.0030880090710117243,-0.0020854008210671507
13,Aggregated,SITTING,-0.014857232549929754,0.02207303946669969,0.01546017094674615,0.009242291722238312,0.0021660204049880876,-0.01103861798688288
13,Aggregated,STANDING,-0.008075839614152558,0.01142182883275376,0.010141452749934336,0.004652845251444377,0.005089429443331004,-0.006096900601627942
13,Aggregated,WALKING,-3.945288505808516e-05,-0.0011814859175819628,0.004513518292757217,-0.001378173801434014,0.001923285576880735,0.0027769651624808263
13,Aggregated,WALKING_DOWNSTAIRS,0.004412447023538791,-0.003698822387836646,0.0021667792375101346,0.0034689648497857463,-0.0020130048858449903,1.0573931888583725e-05
13,Aggregated,WALKING_UPSTAIRS,0.007740957759600422,-0.0005585026959705105,0.001492758806206214,-0.0021783488646639265,-0.0011763094558538301,0.002505463283156192
13,Centralized,LAYING,-0.0010325840408820879,0.0018204317002772457,0.0029455679654268843,-0.0009696938500981763,0.0030880090710117243,-0.0020854008210671507
13,Centralized,SITTING,-0.014857232549929754,0.02207303946669969,0.01546017094674615,0.009242291722238312,0.0021660204049880876,-0.01103861798688288
13,Centralized,STANDING,-0.008075839614152558,0.01142182883275376,0.010141452749934336,0.004652845251444377,0.005089429443331004,-0.006096900601627942
13,Centralized,WALKING,-3.945288505808516e-05,-0.0011814859175819628,0.004513518292757217,-0.001378173801434014,0.001923285576880735,0.0027769651624808263
13,Centralized,WALKING_DOWNSTAIRS,0.004412447023538791,-0.003698822387836646,0.0021667792375101346,0.0034689648497857463,-0.0020130048858449903,1.0573931888583725e-05
13,Centralized,WALKING_UPSTAIRS,0.007740957759600422,-0.0005585026959705105,0.001492758806206214,-0.0021783488646639265,-0.0011763094558538301,0.002505463283156192
14,0,LAYING,0.00016912972085385928,0.00041787380708514327,0.00016912972085385928,0.00041787380708514327,0.00016912972085385928,-0.0013431367767318644
14,0,SITTING,0.016891467393064026,-0.020861205901224776,0.014489115929130674,0.0068668120160800235,0.001058117853818681,-0.02630656061267061
14,0,STANDING,0.010301922875124785,-0.012447635037370945,0.009554850778966258,0.0055077038962017865,0.0013180491510404624,-0.018678771806166637
14,0,WALKING,0.0008550214107079586,-0.0034725801687030236,0.002398965350547161,0.0008490165477638108,-0.0003760464994139438,-0.00025437664090196356
14,0,WALKING_DOWNSTAIRS,-0.009448073916095107,0.002678629514154536,0.0027940654334507346,-0.006131896301158536,-0.00011392270871355785,0.002363184159096149
14,0,WALKING_UPSTAIRS,-0.010245296074755232,0.007476212444082596,-2.2407325300497864e-05,-0.008402905936267307,0.0011369340797545075,0.0023108234868993317
14,1,LAYING,0.0023847919812228944,0.0015499594211749069,0.0023847919812228944,0.0023847919812228944,0.0023847919812228944,-0.0054394098319422435
14,1,SITTING,0.03730110658691041,-0.05096422313690274,0.035328251430662386,0.014579534582661448,0.005687132682151133,-0.04923169179831332
14,1,STANDING,0.018348473896455744,-0.024720130181785593,0.021366926374551787,0.009087834152278169,0.005247625598595812,-0.029330729840096065
14,1,WALKING,0.004049847695653082,-0.008420704172107921,0.0028585767722033536,0.0010601005037332617,-0.004604809266509226,0.005056988467027458
14,1,WALKING_DOWNSTAIRS,-0.0172832348147078,0.015660603763581707,0.003178491897425271,-0.012547370786050201,0.013736984579692219,-0.0018349055342501142
14,1,WALKING_UPSTAIRS,-0.008449546479379181,0.00028730638437448914,0.004480774884788584,-0.010595433593129257,0.0026838879456899953,0.010831975850044962
14,2,LAYING,0.0015216572504707982,0.0007726661285983279,0.0015216572504707982,0.0017121334409469873,0.0013311810599946092,-0.0011450094161958486
14,2,SITTING,0.016801200544542563,-0.023830588887304525,0.01363600087426251,0.012626244972973679,0.007731438186772647,-0.03161545848194415
14,2,STANDING,0.0073093904022712925,-0.007119787870775957,0.005948397270631994,0.010402050289224984,0.007306676308180695,-0.013505833516920206
14,2,WALKING,0.010374495162003743,-0.006378066186538494,0.003640246622818374,0.001253053191898222,-0.008792189140570072,0.0009842723855471925
14,2,WALKING_DOWNSTAIRS,0.0049010505531458005,0.005067195018108855,0.00044852005331691576,0.005065315414349649,-0.00021559689264694277,-0.0076424371521484746
14,2,WALKING_UPSTAIRS,0.009390012861076786,-0.011735332412942683,0.003192485154242249,0.00360166628662341,-0.01356290537188754,-4.730777151696249e-05
14,3,LAYING,0.0020998106271582755,-0.0011241937312264972,0.0005309767721115244,-0.0009524438212566988,0.0006163900337900522,-0.001170539880576656
14,3,SITTING,0.04045349504026792,-0.0370321501673792,0.03184703978487808,0.006576100981607261,0.001040553524768999,-0.03986290406653678
14,3,STANDING,0.019406589940207105,-0.014925531831745768,0.017032478411128506,0.00518620112750875,0.0013292898646674667,-0.02012788095440868
14,3,WALKING,0.007172384699090075,-0.009800484869631499,0.0018550542234845187,-0.00023966880375592137,-0.009553982460866898,-0.0019292456640101205
14,3,WALKING_DOWNSTAIRS,-0.002579343550580084,0.0016102363154441412,0.006508616819652471,0.0011343341968849433,0.0035901318588815556,-0.0005566444319375881
14,3,WALKING_UPSTAIRS,0.007241314645056982,-0.012223467339898425,0.006561784734216804,0.001094930587887956,-0.009778917768445574,-0.0015886904223669856
14,4,LAYING,0.0019191456320566125,0.0033477170606280525,0.0019191456320566125,0.0033477170606280478,0.0013444329883784522,-0.0061638726594620726
14,4,SITTING,0.016838748758522277,-0.028637720568288946,0.012410833194628159,0.00845466220654198,-0.0004666063505022895,-0.0393806980216817
14,4,STANDING,0.006320269227538431,-0.012140512029216363,0.006436140386037159,0.007334083085807609,0.0004431702512020744,-0.023477886162538302
14,4,WALKING,0.010851697694480831,-0.002821900224418886,0.001777941073043358,-0.0018706122921270992,-0.002576941824102917,0.0012749489327357792
14,4,WALKING_DOWNSTAIRS,-0.009444127711606657,0.0067678616434469025,-0.00016590529419313976,-0.003418763463902181,0.0013969013571860289,-0.0014113448993326302
14,4,WALKING_UPSTAIRS,0.009269114384449825,-0.010406443159302416,0.002174104811596978,-0.0049794474441156615,-0.00728135637401041,0.006917269106688875
14,5,LAYING,0.0013274466519499668,0.001662987490802061,0.0013274466519499668,0.001662987490802061,0.0013274466519499668,-0.007308314937453968
14,5,SITTING,0.027760190554514955,-0.03433359324940287,0.021121983893496735,0.006955594492874031,0.0027303638355601254,-0.03467773871196371
14,5,STANDING,0.014091874385813661,-0.01545731129191264,0.010856086093050514,0.004941165986747481,0.003465877682985379,-0.020586768486936538
14,5,WALKING,0.007716450967015916,-0.010662643927787282,0.004779228878324632,0.0033551074122691537,-0.004223322299761006,0.005485231376614455
14,5,WALKING_DOWNSTAIRS,-0.006346734846264952,0.008495236208235389,0.009438630898646792,-0.004404741205004661,0.00476618805064319,0.0027126217618416186
14,5,WALKING_UPSTAIRS,0.0034320570557102074,-0.006169392695127908,0.01379378903611707,0.0011644811536066298,-0.0034712333688862768,0.009614100621872469
14,Aggregated,LAYING,0.0015464434198968165,0.001041116578984058,0.0012681825899763873,0.0013638715545672456,0.0011582901395101894,-0.003571567595559629
14,Aggregated,SITTING,0.025613059616719457,-0.03208208471445882,0.0211792306308325,0.00932006954707669,0.0030429314422369355,-0.036422978490114805
14,Aggregated,STANDING,0.012816509713258867,-0.014650732686385028,0.012030464583428045,0.007086945069240203,0.0031461549362885614,-0.02115690106603939
14,Aggregated,WALKING,0.006943052868997499,-0.0069551988476298865,0.0028844632288050967,0.0007047226053505162,-0.005112244356635376,0.0018185333689361618
14,Aggregated,WALKING_DOWNSTAIRS,-0.006710383841249692,0.006781888209579693,0.003791616730841617,-0.003438226243884305,0.0038763091961613347,-0.0009995062327796012
14,Aggregated,WALKING_UPSTAIRS,0.0017638401233237779,-0.005335163262347347,0.0052019199223702055,-0.003002591582799873,-0.00483496947610144,0.004830019340834418
14,Centralized,LAYING,0.0015464434198968165,0.001041116578984058,0.0012681825899763873,0.0013638715545672456,0.0011582901395101894,-0.003571567595559629
14,Centralized,SITTING,0.025613059616719457,-0.03208208471445882,0.0211792306308325,0.00932006954707669,0.0030429314422369355,-0.036422978490114805
14,Centralized,STANDING,0.012816509713258867,-0.014650732686385028,0.012030464583428045,0.007086945069240203,0.0031461549362885614,-0.02115690106603939
14,Centralized,WALKING,0.006943052868997499,-0.0069551988476298865,0.0028844632288050967,0.0007047226053505162,-0.005112244356635376,0.0018185333689361618
14,Centralized,WALKING_DOWNSTAIRS,-0.006710383841249692,0.006781888209579693,0.003791616730841617,-0.003438226243884305,0.0038763091961613347,-0.0009995062327796012
14,Centralized,WALKING_UPSTAIRS,0.0017638401233237779,-0.005335163262347347,0.0052019199223702055,-0.003002591582799873,-0.00483496947610144,0.004830019340834418
15,0,LAYING,0.0,0.0,0.0,0.0,0.0,0.0
15,0,SITTING,-0.01193550116317678,-0.016251924513921528,0.014156025630493842,0.01596516558910184,0.0001694452740753635,0.012430310046062083
15,0,STANDING,-0.007456848618076652,-0.009065756038025258,0.008397326666794764,0.009967186052677554,0.0008039825877020993,0.007122664815807029
15,0,WALKING,-0.009572479551463767,-0.004216986807919455,0.0021525344228156195,0.009538601028882935,-0.005355607450341207,-0.005362192879157988
15,0,WALKING_DOWNSTAIRS,-0.0006606097116310032,0.0009458290071071647,0.0016153585269040613,-0.00209313737410519,-0.0036244729428739166,0.0029973603634513538
15,0,WALKING_UPSTAIRS,0.00935275481988364,0.005217023616655584,0.0013769482936834092,-0.007944493558787276,0.003137171137959695,0.004012110842120063
15,1,LAYING,0.0,0.0,0.0,0.0,0.0,0.0
15,1,SITTING,-0.02183052650768163,-0.0466788506469967,0.02705358605670578,0.033771594522736925,-0.006011491751512732,0.03531459229859349
15,1,STANDING,-0.014098142727289147,-0.026401080451499477,0.015378912206399704,0.017531519531895304,-0.0015954918482420054,0.024554750971342125
15,1,WALKING,-0.01646961654595564,-0.002877551670738417,0.0007287580700929062,0.011939800000825788,-0.0036825963295196978,-0.011477873984475018
15,1,WALKING_DOWNSTAIRS,0.012496335770946448,-0.000963512055307177,-0.00369754389060173,-0.005673046572273557,0.0014957193059117707,-0.004568521664366775
15,1,WALKING_UPSTAIRS,-0.012187717736473518,-0.0048362873019719916,0.0035573459109946534,0.009087322540064644,0.0006724100215418138,-0.012166089307171451
15,2,LAYING,0.0,0.0,0.0,0.0,0.0,0.0
15,2,SITTING,-0.0064469889392461096,-0.016771690008738755,0.012488752946516489,0.013692858988123389,0.0005164667306692976,0.010262672164282465
15,2,STANDING,0.0002706005010561304,-0.002458795219000447,0.0032059460923887758,0.0049399531027767,0.0022454515408175716,0.0013916893788867677
15,2,WALKING,-0.013960452288023756,-0.002785257659952328,0.0072336969441528145,0.015867764030384476,-0.0028587444262623608,-0.013699770386944744
15,2,WALKING_DOWNSTAIRS,-0.0003195410634077282,0.0006343218699988681,0.00020410531037812392,-0.002522793928501686,0.0037131840749035526,-0.0022213090334683903
15,2,WALKING_UPSTAIRS,-0.021961619221082865,-0.003613241990196388,0.008268974490457937,0.02684218026354979,-0.007914521964758656,-0.018468502945850993
15,3,LAYING,-0.0015706806282722364,0.00043630017452006564,0.00043630017452006564,0.00043630017452006564,-0.0008726003490401313,0.0011343804537521708
15,3,SITTING,-0.024149718686001364,-0.04214755039257491,0.02685879833351703,0.02683582939683389,-0.009441217863949245,0.024674140323468253
15,3,STANDING,-0.010470959795862463,-0.022266669065499213,0.012849169877252311,0.011981442227984591,-0.0035708244782149995,0.009587258698596066
15,3,WALKING,-0.006207590624913443,-0.0023746515110550253,0.0003853854289781096,0.00641386091419616,-0.0016620291083800827,-0.0026850602831263
15,3,WALKING_DOWNSTAIRS,0.001358622660196172,-0.0012536291236538784,0.005388043573785654,-0.002630615450961669,0.0002961015000616851,0.004959978478515291
15,3,WALKING_UPSTAIRS,-0.008280299010383376,-0.00363775898943881,0.005649197986178642,0.006733118112355174,-0.0011581676490428647,0.0006939095503312564
15,4,LAYING,0.0,-0.0011428571428571343,0.00028571428571428357,0.00028571428571428357,0.00028571428571428357,0.00028571428571428357
15,4,SITTING,-0.006479835372022887,-0.018434138108963015,0.018482641752458957,0.02040064718995165,6.37999842595253e-05,0.016747665335096567
15,4,STANDING,-0.003903686617620393,-0.007213626658794346,0.009966502439132273,0.00956084579696489,0.0009859288541422355,0.010830649164918623
15,4,WALKING,-0.015246346743963388,-0.0023652735142733095,0.0060147121350459225,0.007909539716364239,-0.0043977053649985375,-0.007622382613597424
15,4,WALKING_DOWNSTAIRS,-0.0023441147483011632,0.005216464609019366,-0.00121366442055084,0.002038931331929014,0.0012763895731588907,0.0013013720231463799
15,4,WALKING_UPSTAIRS,-0.019615880967250327,-0.0017950765765942613,0.0046776656299974744,0.013707224454313414,0.00027334596731764697,-0.013001098809207154
15,5,LAYING,0.0012141280353200946,-0.00044150110375276166,0.0012141280353200946,0.0015452538631346656,0.0015452538631346656,0.0015452538631346656
15,5,SITTING,-0.008839149607859673,-0.030790804552138208,0.019546103557030063,0.025396826750249426,0.0007879010540164208,0.01846111458342819
15,5,STANDING,-0.0006836917535934591,-0.014571927220193934,0.007719750791619184,0.013927745044905347,0.004533259024276673,0.007825933402977499
15,5,WALKING,-0.02545298024682701,-0.0066954156728245,0.007983724040423518,0.0217207679147763,-0.0034343964068032132,-0.012138318406410716
15,5,WALKING_DOWNSTAIRS,-4.719208991063255e-05,0.003022040910436937,-0.0018083442035112369,-0.0032300207300724137,-0.0044882985597466925,-0.0015103514272445735
15,5,WALKING_UPSTAIRS,-0.02649222008148774,-0.008761388619333588,0.005084521413628122,0.010859748606493521,-0.009180663641437534,-0.011496327137876424
15,Aggregated,LAYING,-0.00010769083069156285,-0.00017149608814723456,0.000294920609223757,0.00034151885096296667,0.00010939297562796805,0.00046531931780829927
15,Aggregated,SITTING,-0.013145977949368245,-0.028051292603209287,0.01947173568217157,0.022328946017090623,-0.0022234634945166062,0.019320555004475375
15,Aggregated,STANDING,-0.006206789544241513,-0.013938758292605508,0.009766415417508953,0.011436939434281555,0.0004648326545571846,0.010360920865421416
15,Aggregated,WALKING,-0.014686105030684628,-0.0034912007087245715,0.004166863953422717,0.012352526207756084,-0.003574637847687987,-0.009006886432618877
15,Aggregated,WALKING_DOWNSTAIRS,0.0016941593750584923,0.0013339702680822034,-1.564682747279463e-05,-0.0023511261506920377,-0.0002902852588492174,0.00010049749667822017
15,Aggregated,WALKING_UPSTAIRS,-0.013174849915163407,-0.0030571688687130653,0.004642437688523072,0.009638203997363023,-0.0024521063749720767,-0.00833851702111514
15,Centralized,LAYING,-0.00010769083069156285,-0.00017149608814723456,0.000294920609223757,0.00034151885096296667,0.00010939297562796805,0.00046531931780829927
15,Centralized,SITTING,-0.013145977949368245,-0.028051292603209287,0.01947173568217157,0.022328946017090623,-0.0022234634945166062,0.019320555004475375
15,Centralized,STANDING,-0.006206789544241513,-0.013938758292605508,0.009766415417508953,0.011436939434281555,0.0004648326545571846,0.010360920865421416
15,Centralized,WALKING,-0.014686105030684628,-0.0034912007087245715,0.004166863953422717,0.012352526207756084,-0.003574637847687987,-0.009006886432618877
15,Centralized,WALKING_DOWNSTAIRS,0.0016941593750584923,0.0013339702680822034,-1.564682747279463e-05,-0.0023511261506920377,-0.0002902852588492174,0.00010049749667822017
15,Centralized,WALKING_UPSTAIRS,-0.013174849915163407,-0.0030571688687130653,0.004642437688523072,0.009638203997363023,-0.0024521063749720767,-0.00833851702111514
16,0,LAYING,0.00041457347705213993,0.00016582939082085597,0.00016582939082085597,0.00016582939082085597,0.00041457347705213993,-0.0013266351265668478
16,0,SITTING,0.009160434763124163,0.004956631236801044,0.008110871245697027,0.0001304247066450696,0.005789722620939328,-0.028148084573206753
16,0,STANDING,0.006481168702792434,-0.0016249095422836417,0.006533729032647444,0.0014827884766690964,0.005251256106052236,-0.01812403277587746
16,0,WALKING,0.006223637519608807,0.005119985328633573,-0.01026755351935063,-0.022913037453135804,0.007759050093047194,0.007793879489093896
16,0,WALKING_DOWNSTAIRS,0.0031781572938765256,-0.009074499362974038,-0.018786906573295348,-0.02890466648077048,0.009731229585745134,0.026060075367926636
16,0,WALKING_UPSTAIRS,-0.0018224715329870223,-0.011574456240337167,0.0005790975467979039,-0.008607237140185638,0.0009303822039282798,0.013089809336855182
16,1,LAYING,0.0002824858757062121,0.0002824858757062121,0.0002824858757062121,0.0,0.0002824858757062121,-0.0011299435028248484
16,1,SITTING,0.022854020740216776,0.011766171619191924,0.01694304560765212,-0.002230907896643017,0.017350539958525514,-0.05966016873872599
16,1,STANDING,0.017384366562346626,-0.0009421772647818824,0.013250351001934385,0.002044967388555217,0.014767943893477301,-0.035958853873388395
16,1,WALKING,0.005721905419442791,-0.002921317553612126,-0.0060333215322990776,-0.027912944768675417,0.006091670308036745,0.01394289701599599
16,1,WALKING_DOWNSTAIRS,-7.812697009978103e-05,-6.553788268607123e-05,-0.011187375626875096,-0.02252689763344736,0.0062545689275179525,0.010133773002025172
16,1,WALKING_UPSTAIRS,0.007861992415500806,-0.004456794495592319,-0.0032541101539384394,-0.024224264526475248,0.00796941514208124,0.010609256123918474
16,2,LAYING,0.0011428571428571343,0.00019047619047618907,-0.0009523809523809453,-0.002666666666666651,0.0011428571428571343,-0.004571428571428565
16,2,SITTING,0.005592178029056266,0.005310461069378322,0.006146018452881479,0.003847113417245946,0.004946404404295571,-0.03097828220387982
16,2,STANDING,-2.0924921431316374e-05,-0.003825909323959135,0.0005314322828259543,0.002397142889244345,0.0022562026627862435,-0.013313991493657735
16,2,WALKING,0.013081219767331925,0.0068307080418511384,-0.006394130059006771,-0.029823709713932098,0.013542652749960414,0.01399921426997518
16,2,WALKING_DOWNSTAIRS,0.0016783215296359484,0.006598705197633757,-0.016422352194354773,-0.02426002815616087,0.017296808920907507,0.022976365316028327
16,2,WALKING_UPSTAIRS,0.015748480581741154,0.001731985226821337,-0.00882810453056781,-0.042657949506983504,0.01840375188329688,0.024091009574038234
16,3,LAYING,0.0007054673721340461,0.0005291005291005347,0.00026455026455026733,-0.0009700176366843134,0.0014109347442680922,-0.0019400352733686269
16,3,SITTING,0.024540301982328937,0.008435220405247907,0.01869478233793614,0.00016473582097593827,0.013042192510121977,-0.057951032913310156
16,3,STANDING,0.015986010357639392,-0.004508680422582462,0.012051895404927659,0.0015369689737073347,0.009596779633328506,-0.029623814211728133
16,3,WALKING,0.007603819315353075,0.00249982292581938,-0.002100494431127096,-0.017850034889490354,0.005844836273615855,0.004002050805829087
16,3,WALKING_DOWNSTAIRS,-0.005727734395868784,0.000502171829846613,-0.0064523877101436795,-0.013844750194789208,-0.003823069016023297,0.0023745093543328863
16,3,WALKING_UPSTAIRS,0.0013695739702702715,0.00019412260003318083,-0.004836407255341541,-0.017492262917331938,-0.0001684488233713224,0.0008705994446896108
16,4,LAYING,0.0004783798576902013,-0.0008549534756431221,-0.0014263820470716893,-0.0016168582375478784,0.0004783798576902013,-0.002772851669403385
16,4,SITTING,0.013744819279157388,0.0016966382857682976,0.0135591433843172,0.007688380766131494,0.009866461547526219,-0.039118476094390044
16,4,STANDING,0.00747622721464318,-0.013412998067935946,0.006180623892050824,0.0032774079095946613,0.0079044716971365,-0.016567610383063047
16,4,WALKING,0.009599343408027806,-0.0012214364172740985,-0.0028220064949121505,-0.026103572427566193,0.009228257913131001,0.011319414018593661
16,4,WALKING_DOWNSTAIRS,0.001311862471909886,-0.002090482843397862,-0.00845762959173665,-0.013986285195383122,0.002888963791694754,0.01065490315165943
16,4,WALKING_UPSTAIRS,0.011297357959455622,0.0008152330689886473,0.0014278727722091841,-0.016903847864484605,0.007407875466897354,0.011709328898356894
16,5,LAYING,0.0007799852832965378,-0.0009860191317145087,-0.001876379690949237,-0.001876379690949237,0.001111111111111109,-0.003774834437086088
16,5,SITTING,0.01721562921797571,0.001984550948517357,0.012249937639077632,-0.0010083988244160495,0.0070769868040839,-0.03751870578523869
16,5,STANDING,0.010309661130814647,-0.009853548091313521,0.005570090278625913,4.724066746524443e-05,0.005901795878719274,-0.017392975820969454
16,5,WALKING,0.014931881117892004,0.002495582208388937,-0.013877515834456516,-0.05258516486663033,0.016116394782993253,0.015400898133242049
16,5,WALKING_DOWNSTAIRS,0.003268160661240887,-0.0077085686778331376,-0.018758192552639507,-0.033832689558520083,0.007388116994736452,0.019024679562899008
16,5,WALKING_UPSTAIRS,0.011860119286484132,-0.0032844894896450743,-0.0047314925452751205,-0.040879803609148745,0.01199794480969493,0.01901776970750456
16,Aggregated,LAYING,0.0006250319304567357,-7.550786255726138e-05,-0.0005277576734568726,-0.001105257243245746,0.0007965889450915087,-0.0025142088217308995
16,Aggregated,SITTING,0.015249180936810445,0.005556707081046182,0.012414296610867482,0.0014016365254827011,0.009547769782066043,-0.04169128156861062
16,Aggregated,STANDING,0.009735977302052536,-0.005590739888606342,0.007452989370086847,0.0017868466306176537,0.007676906450314987,-0.022105724784291222
16,Aggregated,WALKING,0.009580960497900998,0.002060697664039682,-0.006834495831647419,-0.029688964358674633,0.009822995246310473,0.011283910996985376
16,Aggregated,WALKING_DOWNSTAIRS,0.0006901207140707263,-0.002053883115077002,-0.013432672124880226,-0.023078462782954733,0.006699239612673204,0.015271793478242934
16,Aggregated,WALKING_UPSTAIRS,0.007631658762926103,-0.002765299937379172,-0.0032767518157642895,-0.02494560164561834,0.00762871190275846,0.013020313586176478
16,Centralized,LAYING,0.0006250319304567357,-7.550786255726138e-05,-0.0005277576734568726,-0.001105257243245746,0.0007965889450915087,-0.0025142088217308995
16,Centralized,SITTING,0.015249180936810445,0.005556707081046182,0.012414296610867482,0.0014016365254827011,0.009547769782066043,-0.04169128156861062
16,Centralized,STANDING,0.009735977302052536,-0.005590739888606342,0.007452989370086847,0.0017868466306176537,0.007676906450314987,-0.022105724784291222
16,Centralized,WALKING,0.009580960497900998,0.002060697664039682,-0.006834495831647419,-0.029688964358674633,0.009822995246310473,0.011283910996985376
16,Centralized,WALKING_DOWNSTAIRS,0.0006901207140707263,-0.002053883115077002,-0.013432672124880226,-0.023078462782954733,0.006699239612673204,0.015271793478242934
16,Centralized,WALKING_UPSTAIRS,0.007631658762926103,-0.002765299937379172,-0.0032767518157642895,-0.02494560164561834,0.00762871190275846,0.013020313586176478
17,0,LAYING,-0.0019899526898502712,0.00024874408623128396,-0.0018241232990294154,0.0014924645173877025,0.002984929034775396,-0.0009120616495147079
17,0,SITTING,-0.019122366895948536,0.010166321588396863,-0.008694700215390191,-0.000973831100138385,0.010986396306235158,0.007638180316845056
17,0,STANDING,-0.01478739936452538,0.006396591978290446,-0.007093009319033759,0.0014722487199452438,0.010043934841226041,0.0039676331440974275
17,0,WALKING,-0.011666756927445706,0.0008530413254956731,0.009345952954277632,-0.0007864393873987,0.0009801228845356669,0.0012740791505355025
17,0,WALKING_DOWNSTAIRS,-0.016272672133304723,-0.001056976065248281,0.00733298198330043,0.0019128222412141038,0.01556304722953859,0.0014938775022267773
17,0,WALKING_UPSTAIRS,-0.000925999344473466,7.012473929596808e-05,-0.004628678732916494,0.002831495233916633,0.008390749883497103,0.001667184046608748
17,1,LAYING,-0.01001218528449984,0.0020297117660858454,-0.0020580129807563742,0.0019225431862404626,0.006380513977057505,0.0017374293358723813
17,1,SITTING,-0.03987546079949324,0.023559608946682763,-0.024100918999274787,-0.003756696685540742,0.020460317890534617,0.016690448356874093
17,1,STANDING,-0.037304394828075356,0.01706025272322764,-0.02048678554296413,-0.0011319374050329225,0.01928527572249759,0.012030991622204059
17,1,WALKING,-0.007831882669422181,-0.0013314134058363453,0.014900110119481311,-0.0017600603413398138,-2.8932332554757837e-05,0.0018225899249448402
17,1,WALKING_DOWNSTAIRS,-0.012589162603866525,-0.004263330610576356,0.006935038153939822,-0.004125930373538557,0.017553095036986308,-0.003509709602944659
17,1,WALKING_UPSTAIRS,-0.01606349444959065,-0.0008853380634019936,0.011448216952112435,-0.0011452159575404445,0.0021629117465074305,0.0033918122978269885
17,2,LAYING,-0.00047619047619047267,-0.00019047619047618907,-0.00047619047619047267,-0.00019047619047618907,0.0015238095238095126,-0.00019047619047618907
17,2,SITTING,-0.02451310026124586,0.008985888277580505,-0.0014651852018419645,0.01033332979799669,0.008040726132787565,0.00894925328055028
17,2,STANDING,-0.011057569472508737,0.002059647449366641,0.0033596043923376584,0.010801878331893411,0.00303273672683275,0.0048427133080029125
17,2,WALKING,-0.020088740980913386,-0.0012130566651642077,0.01874877943879063,-0.004547460277904518,-0.0106947830420994,-0.0031949841820558783
17,2,WALKING_DOWNSTAIRS,-0.02283340517825732,0.004316919251089503,0.004351517684903664,-0.003226277514278481,0.014037076747043154,0.003354169009499476
17,2,WALKING_UPSTAIRS,-0.028961781926396625,-0.0018668623320773669,0.01967824242498374,-0.006750146572892275,-0.01664127847738299,-0.00023639892268609452
17,3,LAYING,-0.003810649555330396,-0.0005244099215730603,-0.0023912717175128494,-0.00025704529250630825,0.002393147960523839,-0.0007007767646065717
17,3,SITTING,-0.04357344828283586,0.019953734173863886,-0.02365973763121312,-0.0026302149765498974,0.022115869870275768,0.012456000133130033
17,3,STANDING,-0.025891294710134478,0.008432960045037309,-0.015046209172787366,-0.0006393908066031841,0.013584547169374135,0.005658122103522082
17,3,WALKING,-0.005034615309898764,-0.0010347320269029588,0.008213240252664452,5.846467875819846e-05,-0.00024420827721664357,-0.0019581493174042914
17,3,WALKING_DOWNSTAIRS,-0.005237819399599428,0.002117906810577221,0.006088932806645279,0.004786839556759336,0.015433767269011392,0.0037816330892517557
17,3,WALKING_UPSTAIRS,-0.005634545885788881,0.00043782353819083836,0.01310781859288343,0.002995641831296421,0.008639223937607136,0.0005168609668627811
17,4,LAYING,-0.00395749689152123,0.00010184420589045377,-0.0010541492259650528,0.00038755849160473736,0.004420399214100638,0.00010184420589045377
17,4,SITTING,-0.02004359869218333,0.010812635198295837,-0.013665728566937122,-0.00512083222464093,0.012138182650232183,0.0009042240714292733
17,4,STANDING,-0.016176878113570388,0.004879349851710627,-0.007914305294015926,-0.00290960396707413,0.009442129808847179,0.0025669481635408995
17,4,WALKING,-0.013924828057637815,-0.0044994873080151,0.014679566965029653,0.0015845225622927138,-0.0034346486318136637,-0.0047969076607684265
17,4,WALKING_DOWNSTAIRS,-0.01178190858650064,-0.0018445172755978511,0.004993001262656862,0.0008448628692549365,0.006798765111307523,0.000989796618879148
17,4,WALKING_UPSTAIRS,-0.008625723805198448,0.000522107881505428,0.01117556060515408,-0.0013781201688326864,-0.012501756153278329,-0.004945888660773201
17,5,LAYING,-0.005140544518027938,-0.001449595290654885,-0.0017851361295069792,0.0002236938925680628,0.003225901398086818,-0.0017851361295069792
17,5,SITTING,-0.020990127702840075,0.01244450717397565,-0.01314948114040415,0.004950719066618986,0.013370620124408388,0.0033737624782411275
17,5,STANDING,-0.013592636673028376,0.0037517829902330817,-0.007856862001098317,0.006316360357063646,0.008794944510292214,-0.0027672099216983497
17,5,WALKING,-0.024192938762311916,-0.00863058096329147,0.03877981426956368,-0.005620242325615505,1.39458334014723e-05,-0.006049442536271119
17,5,WALKING_DOWNSTAIRS,-0.026047883615698,-0.00870334391811128,0.014524726591448562,0.0005724171530871054,0.02094894066863711,-0.0012948568793634597
17,5,WALKING_UPSTAIRS,-0.014380643980984183,-0.005298243168028622,0.02773105659646523,-0.006977629273838527,-0.004034408766519001,-0.0041780743035515835
17,Aggregated,LAYING,-0.004139219642020837,6.889656694791061e-05,-0.001613933482677883,0.0006161144505592667,0.0034683626738316637,-0.000276353918572055
17,Aggregated,SITTING,-0.027777954169916432,0.014173671361929627,-0.013811937147053439,0.0006849941023237944,0.014332830096039527,0.008366920581445099
17,Aggregated,STANDING,-0.020033605940168772,0.007166782840670632,-0.00931543760078809,0.002208564161410583,0.010810276586940597,0.004447128638685452
17,Aggregated,WALKING,-0.01396401311417492,-0.0027013611685880695,0.017650449423864893,-0.0018839017404900737,-0.0024102951674932903,-0.0022070146487742854
17,Aggregated,WALKING_DOWNSTAIRS,-0.016046315150333484,-0.0017329659642367438,0.007491405070122806,8.65192229538847e-05,0.015211180386506725,0.0007316354668279346
17,Aggregated,WALKING_UPSTAIRS,-0.012166056607777288,-0.0011884206637118421,0.013089637076470215,-0.0017663637138644963,-0.002081748441575497,-0.0006140310877417954
17,Centralized,LAYING,-0.004139219642020837,6.889656694791061e-05,-0.001613933482677883,0.0006161144505592667,0.0034683626738316637,-0.000276353918572055
17,Centralized,SITTING,-0.027777954169916432,0.014173671361929627,-0.013811937147053439,0.0006849941023237944,0.014332830096039527,0.008366920581445099
17,Centralized,STANDING,-0.020033605940168772,0.007166782840670632,-0.00931543760078809,0.002208564161410583,0.010810276586940597,0.004447128638685452
17,Centralized,WALKING,-0.01396401311417492,-0.0027013611685880695,0.017650449423864893,-0.0018839017404900737,-0.0024102951674932903,-0.0022070146487742854
17,Centralized,WALKING_DOWNSTAIRS,-0.016046315150333484,-0.0017329659642367438,0.007491405070122806,8.65192229538847e-05,0.015211180386506725,0.0007316354668279346
17,Centralized,WALKING_UPSTAIRS,-0.012166056607777288,-0.0011884206637118421,0.013089637076470215,-0.0017663637138644963,-0.002081748441575497,-0.0006140310877417954
18,0,LAYING,0.0,0.0,0.0,0.0,0.0,0.0
18,0,SITTING,-0.0007946180395249432,0.002529419014261423,0.0048894886953944824,-0.0067996385781138756,0.005887074622262763,0.0008776857831070277
18,0,STANDING,-0.0007710590997927202,0.0019009290889525465,0.003562567815547146,-0.00422608811547781,0.004362210950869575,0.0005573178492279341
18,0,WALKING,0.004152061114086401,-0.004846669449954203,5.6802638365458885e-05,0.000214504651125134,-0.007239804501083039,0.0014596316020508105
18,0,WALKING_DOWNSTAIRS,0.0037264238937338495,9.93289873967524e-05,-0.0006549801714072453,0.002493553461720998,-0.004477679359938554,-0.0011866468115058037
18,0,WALKING_UPSTAIRS,0.0018400125693466246,0.0020915888132893006,0.001120278529001915,0.000661340202697173,0.0020915888132893015,-0.0002868815623687293
18,1,LAYING,-0.0009416195856873736,0.00018832391713747472,0.00018832391713747472,0.00018832391713747472,0.00018832391713747472,0.00018832391713747472
18,1,SITTING,0.005755122406257692,0.007503358339970746,0.012533725194578786,-0.013669855373139408,0.015362590514860025,0.006756180115115061
18,1,STANDING,0.0011244218405355685,0.007903721823668337,0.01037382324822089,-0.009863538885416802,0.013592139840872772,0.0037067566573050423
18,1,WALKING,0.011183427074240412,-0.014838227375936116,0.00567397782898872,0.003930630018450515,-0.012950322465901297,0.007000514920157841
18,1,WALKING_DOWNSTAIRS,-0.0006559926771660001,-0.009968510745859051,0.006623320758157732,0.012168983553111941,-0.0027421011171692633,-0.005425699771075381
18,1,WALKING_UPSTAIRS,0.007019442320368046,-0.017441591281511078,0.009897384905489437,0.007932348074494031,-0.011626689101399978,0.004219105082559513
18,2,LAYING,-0.0007619047619047563,0.0009523809523809453,0.00209523809523808,-0.0007619047619047563,0.00209523809523808,0.0020952380952380806
18,2,SITTING,0.003787176757878523,0.0011246368172284323,-0.0007425494242574011,0.002550147938210328,0.00031285180272473586,3.0336429242733275e-05
18,2,STANDING,0.003289249416353488,0.0013486013712556884,-0.0012323449925570882,0.0063747280055662745,-0.001623418115179694,0.0018127019763867565
18,2,WALKING,0.010273745729899655,-0.008606366725924523,0.006183690676828476,-0.003354202801651053,-0.011788792907888168,0.0021877405966813806
18,2,WALKING_DOWNSTAIRS,0.004425107598156202,0.00015811976963168718,-0.0010299278052599706,0.0014493259753214705,-0.005475980503725175,0.00047335496587578484
18,2,WALKING_UPSTAIRS,0.014576594238044718,-0.012879896890478052,0.006656031240083784,-0.010965192623695252,-0.012879896890478047,0.006444367220779377
18,3,LAYING,-0.00026455026455026733,0.0010582010582010693,0.0014991181657848481,0.0,0.0014991181657848481,0.0014991181657848481
18,3,SITTING,0.004303709812829498,0.008437554080039582,0.02007609970050723,-0.0149394518184833,0.021873502097517764,0.0024413429057408152
18,3,STANDING,0.002357943228640998,0.006095718418620293,0.015144294911274907,-0.007290201950567872,0.01561428920685429,0.002705257078197359
18,3,WALKING,0.0019094088961808364,-0.0025084882873028847,0.001710133533861996,9.337116033178439e-05,-0.0025084882873028847,0.0013040629842311525
18,3,WALKING_DOWNSTAIRS,0.0034202409449295757,-0.0008464324544506352,0.004922835458834981,-0.0013442763087388953,2.791693805814788e-06,-0.006155159334380839
18,3,WALKING_UPSTAIRS,0.005238432744174535,-0.0032627204684709593,0.005776725599032403,-0.0023903024985171143,-0.0025362171011666084,-0.0028259182750522255
18,4,LAYING,-0.0017142857142857025,0.0,0.0030476190476190317,-0.0017142857142857025,0.003047619047619033,0.0030476190476190373
18,4,SITTING,0.0048545290452370006,0.007545835844791124,0.005188959400010334,-0.006772194289712655,0.012349691989867097,-0.0008538968201249035
18,4,STANDING,8.95720866551819e-05,0.005323149391165508,0.0050511874419796885,-0.003944473296764497,0.009113899131034197,0.004821210700475322
18,4,WALKING,0.01023228685125667,-0.016221189840660736,0.006408022751665921,0.0034486265404815217,-0.01503301406827857,0.006053634393032381
18,4,WALKING_DOWNSTAIRS,0.005847753403260781,-0.003114632051746781,-0.0011635089831478187,0.009251441953200245,-0.007710313970998099,0.005543862324490587
18,4,WALKING_UPSTAIRS,0.01554075945280913,-0.013247277153121767,0.0021463860842448265,0.00046315058425478974,-0.016478799901526592,0.010169995585948327
18,5,LAYING,-0.003423105224429734,0.0002413539367181546,0.003997056659308311,-0.0027608535688006014,0.004328182487122879,0.004328182487122877
18,5,SITTING,0.008956506405235692,0.005738612527375834,0.003090239719537315,-0.0023853991570217644,0.0025525516058475,-0.004186688316164478
18,5,STANDING,0.005584053900599935,0.004915447152294629,0.0027867670542130697,0.0016295998139331767,0.0017654093016962562,-0.00042691064399613123
18,5,WALKING,0.011490893320785288,-0.021549925272559455,0.0021615729049521432,-0.0003013104459701725,-0.02217216154045284,0.008239754789241771
18,5,WALKING_DOWNSTAIRS,0.00655147053803694,-0.014015184307170607,0.00767258037308689,0.02301728324487106,-0.01899437274038322,0.0035880539832074117
18,5,WALKING_UPSTAIRS,0.003608306803397658,-0.014840628174819523,0.007146157280297984,0.0027593166243909625,-0.014807280243766334,0.006198574541863343
18,Aggregated,LAYING,-0.0010901106493160413,0.00040739575225583836,0.0016989041454059017,-0.000761914780045649,0.001745502387145111,0.001745502387145111
18,Aggregated,SITTING,0.004409803017980971,0.005361861840885127,0.007351393881951189,-0.006772925441123199,0.009456011604927424,0.0008573469026269246
18,Aggregated,STANDING,0.0019094075565522076,0.004597474979888967,0.006089973738527277,-0.003052097163443721,0.007347259898579709,0.002237977506323872
18,Aggregated,WALKING,0.008430511066152196,-0.011734209446123649,0.0038790500052374517,0.0007273396814869623,-0.012224182181702549,0.004474001260483039
18,Aggregated,WALKING_DOWNSTAIRS,0.0039399848472276575,-0.004832947001678097,0.002826466569452314,0.008221417170563176,-0.006906447723740582,-0.0004008953903871367
18,Aggregated,WALKING_UPSTAIRS,0.007714993089015323,-0.009851089771396458,0.005401756860232017,2.0925863338546365e-05,-0.009252628267826793,0.003925044009168689
18,Centralized,LAYING,-0.0010901106493160413,0.00040739575225583836,0.0016989041454059017,-0.000761914780045649,0.001745502387145111,0.001745502387145111
18,Centralized,SITTING,0.004409803017980971,0.005361861840885127,0.007351393881951189,-0.006772925441123199,0.009456011604927424,0.0008573469026269246
18,Centralized,STANDING,0.0019094075565522076,0.004597474979888967,0.006089973738527277,-0.003052097163443721,0.007347259898579709,0.002237977506323872
18,Centralized,WALKING,0.008430511066152196,-0.011734209446123649,0.0038790500052374517,0.0007273396814869623,-0.012224182181702549,0.004474001260483039
18,Centralized,WALKING_DOWNSTAIRS,0.0039399848472276575,-0.004832947001678097,0.002826466569452314,0.008221417170563176,-0.006906447723740582,-0.0004008953903871367
18,Centralized,WALKING_UPSTAIRS,0.007714993089015323,-0.009851089771396458,0.005401756860232017,2.0925863338546365e-05,-0.009252628267826793,0.003925044009168689
19,0,LAYING,-0.0010778910403355638,0.0008291469541042799,-0.0010778910403355638,-0.0014924645173877038,0.0015753792127981316,0.0012437204311564198
19,0,SITTING,-0.05973023311820545,0.008115926746760397,1.8878859049617195e-05,-0.009513979358919717,0.011278048934674871,0.013419916617223793
19,0,STANDING,-0.03744071722917282,0.005323340002593307,-0.0016001658866858842,-0.007858609011665334,0.008047994310934153,0.009032209067058507
19,0,WALKING,-0.026720523853313236,-0.0019131954114698713,0.006263144052114454,0.006256647833417617,0.00762438982211251,0.008489537557138525
19,0,WALKING_DOWNSTAIRS,-0.011870041225452719,-0.00012153362368430379,0.007956082162507372,-0.009811713562422627,0.00863572852186831,0.005211477727184012
19,0,WALKING_UPSTAIRS,-0.012782384940210305,0.0035671818912086646,0.0063392814059896295,-0.004070587396052121,0.005385510373027141,0.0015609986660368679
19,1,LAYING,-0.005478229438501804,0.0026055095264697885,-6.135490982771552e-05,-0.006535632811802317,0.004499448920409181,0.004970258713252865
19,1,SITTING,-0.0874161768346995,0.008010781845093809,-0.00710500430767232,-0.020539133706833582,0.017879825710823683,0.029975910136257847
19,1,STANDING,-0.04605913297242216,0.006261795829452925,-0.007928266049256253,-0.02030511101098842,0.014957288877504776,0.018356745357632192
19,1,WALKING,-0.025523638161550725,-0.007685752952584604,0.006971330372905946,0.011366319291733117,0.0039289512062483855,0.010942790243247904
19,1,WALKING_DOWNSTAIRS,0.001922252346188834,0.00016757953536198202,0.016386401602840973,-0.027471289346615007,0.018387081185201062,-0.0005856305255247666
19,1,WALKING_UPSTAIRS,-0.029636125887807983,-0.0047607102837364,0.01865333336808336,-0.003552085390013466,0.012554094245735736,0.006741493947738788
19,2,LAYING,-0.001809523809523796,-0.0010476190476190399,-0.001619047619047607,-0.001809523809523796,0.00028571428571428357,0.00028571428571428357
19,2,SITTING,-0.07603631705846538,0.01741248395083378,0.011325354761549828,-0.008308544495278491,0.017588271643317128,0.026850077309864127
19,2,STANDING,-0.04247984092830898,0.010316840596798677,0.007227317312480056,-0.0060447150020606945,0.009467851370607716,0.015554662726497668
19,2,WALKING,-0.0263517331119885,-0.003967944459916678,0.008340096174748408,0.014597739809095274,0.0008155167178978212,0.0065663248701635125
19,2,WALKING_DOWNSTAIRS,-0.006067097743041594,0.005354576092311573,0.0045231896806415435,-0.007352778920851803,0.004101414078330142,-0.0005593031873898628
19,2,WALKING_UPSTAIRS,-0.03176514327157335,-0.0065061870282414535,0.009607297854507346,0.014141043672005835,-0.0017119641110136456,0.016234952884315375
19,3,LAYING,-0.0031839843896581564,0.0008002176441892662,-0.001232691658223591,-0.004509550076925978,0.0014175015948065565,0.0014175015948065565
19,3,SITTING,-0.11297347942932671,0.009903152007453425,0.003203358800155557,-0.02934610200460923,0.016102479245983157,0.027817476179253703
19,3,STANDING,-0.05817600628248284,0.003940561782710108,-2.0564981457739846e-05,-0.02027930964449082,0.007203999128198191,0.012726943617357154
19,3,WALKING,-0.013147331605659616,-0.00011617526836397163,0.0021711659705119122,0.005442186065760121,0.0021711659705119122,0.0034789888672396396
19,3,WALKING_DOWNSTAIRS,0.00543671741755478,0.005413986534484779,0.0029013382728140043,-0.004922771691550282,-0.000802412096766017,0.0006613626145950494
19,3,WALKING_UPSTAIRS,-0.008590818058335113,0.00420474049827111,0.003314762306697472,0.004043426098290869,0.0002738765600338422,0.003635463955692546
19,4,LAYING,-0.0026764809172622533,-0.0005626330792764793,-0.0013278219134308285,-0.004134836792999047,0.0016366006371986096,0.0013508863514843262
19,4,SITTING,-0.05163399066277796,0.0019442136524250547,-0.0025299444082021627,-0.0035306884069806568,0.00710678279686861,0.009109827494867674
19,4,STANDING,-0.023562884104896268,-0.00209519835771699,-0.00433851952847924,-0.0057564647432481525,0.0014061286833811368,0.005196740422501123
19,4,WALKING,-0.035521660842466905,-0.004261698533560673,0.013513085363114246,0.013712555631169618,0.0043997392919783345,0.013269612462268349
19,4,WALKING_DOWNSTAIRS,-0.008112762051529398,0.0008399962719947473,0.011565711506502529,-0.008416796899104583,0.011858276923987287,0.0007817032804074664
19,4,WALKING_UPSTAIRS,-0.036230721009361165,-0.007228397364068259,0.014569559434203941,0.013911042793156265,0.006783209482730655,0.008195306663338633
19,5,LAYING,-0.004017660044150104,-0.00021780721118469886,-0.004017660044150095,-0.004688741721854281,0.003115526122148633,0.0031155261221486315
19,5,SITTING,-0.07183548209622834,0.011162948641527242,0.001443850371911227,-0.017584753924212722,0.009046866317455153,0.014326973374110838
19,5,STANDING,-0.04276007278212549,0.006247004211017146,-0.002661501720964292,-0.013607163363821418,0.005937864082022913,0.007585713353484034
19,5,WALKING,-0.04351155101028952,-0.005816544052856368,0.01458335251152791,0.017347927411239736,0.007613864157880308,0.026282533271554248
19,5,WALKING_DOWNSTAIRS,-0.014184289635471792,0.0013693102855881884,0.021888012176333484,-0.021051218699363616,0.015561682603776487,0.011723406682576728
19,5,WALKING_UPSTAIRS,-0.03533776398972975,-0.006791104878178406,0.01662160168250998,0.00010582067063028926,0.0043297516562028765,0.01500440307698756
19,Aggregated,LAYING,-0.002964517917174704,0.00043140180203501597,-0.0014811488291678603,-0.0037837357449693855,0.0020418200717365388,0.0020109013749501207
19,Aggregated,SITTING,-0.07622422422299925,0.009571617068320718,0.0012298415564780097,-0.01463533234633166,0.013151164606217769,0.020209701210618353
19,Aggregated,STANDING,-0.04199541136093128,0.004951667724111253,-0.0015662226216398237,-0.012452126225016173,0.007859057180915592,0.011502655025821396
19,Aggregated,WALKING,-0.028774351528517622,-0.004060263275371375,0.008826295599461817,0.011690249549696956,0.004360177720458514,0.011631451210243164
19,Aggregated,WALKING_DOWNSTAIRS,-0.005631516254246174,0.002109400190885696,0.011170580835211772,-0.013399532854708664,0.009798516544062701,0.003004965510111218
19,Aggregated,WALKING_UPSTAIRS,-0.025466099294349207,-0.002829323156914054,0.011502070233637633,0.0036879619956762155,0.004678437859776665,0.008426952362172743
19,Centralized,LAYING,-0.002964517917174704,0.00043140180203501597,-0.0014811488291678603,-0.0037837357449693855,0.0020418200717365388,0.0020109013749501207
19,Centralized,SITTING,-0.07622422422299925,0.009571617068320718,0.0012298415564780097,-0.01463533234633166,0.013151164606217769,0.020209701210618353
19,Centralized,STANDING,-0.04199541136093128,0.004951667724111253,-0.0015662226216398237,-0.012452126225016173,0.007859057180915592,0.011502655025821396
19,Centralized,WALKING,-0.028774351528517622,-0.004060263275371375,0.008826295599461817,0.011690249549696956,0.004360177720458514,0.011631451210243164
19,Centralized,WALKING_DOWNSTAIRS,-0.005631516254246174,0.002109400190885696,0.011170580835211772,-0.013399532854708664,0.009798516544062701,0.003004965510111218
19,Centralized,WALKING_UPSTAIRS,-0.025466099294349207,-0.002829323156914054,0.011502070233637633,0.0036879619956762155,0.004678437859776665,0.008426952362172743
20,0,LAYING,0.000932198029205931,0.000932198029205931,0.0005176245521537911,-0.003158722427896912,0.0005176245521537911,0.0002590772651774672
20,0,SITTING,0.01792293869416304,0.017343605856226872,0.014137418905100082,-0.008590791332160386,0.014503821348616894,-0.01890555215252972
20,0,STANDING,0.016434571796744225,0.016198580487396034,0.01427991376969096,-0.0278908066741412,0.014515812455792764,-0.00904212308854482
20,0,WALKING,0.0036008510264302356,-0.003583927199348156,0.0052287922918698194,0.011574802385507982,-0.0007928132155076557,0.0028259900353312505
20,0,WALKING_DOWNSTAIRS,0.002737061080538143,0.0007554264878807985,-0.007715943684022549,0.009463699123819006,0.004567025077754518,-0.0009837386742052423
20,0,WALKING_UPSTAIRS,-0.000970619826959611,0.004342715206287314,-0.01159910666036003,-0.005041069980933504,0.0025136961230736443,-0.0041684180522919105
20,1,LAYING,0.0016267290083771646,0.0016267290083771646,0.0013442431326709525,-0.0029709721410481164,0.0016267290083771646,-0.003253458016754329
20,1,SITTING,0.025541371280192286,0.027818227557749466,0.02645064571501152,-0.008589229649366146,0.022362526878726672,-0.034389744625283394
20,1,STANDING,0.022008051027049648,0.024627588698242973,0.0263777397232698,-0.04386017807307509,0.02313919215888335,-0.012015405610776355
20,1,WALKING,0.002277522161960414,-0.0017072972262235809,0.0024990669963438033,0.002559054374764314,-0.008235299635242173,0.0021748412261718532
20,1,WALKING_DOWNSTAIRS,-0.003811434226178391,0.0042766587697010165,-0.006432387764251297,-0.0017195694110392413,0.01395837054861969,-0.0062716379168517656
20,1,WALKING_UPSTAIRS,0.0014246897144073363,0.002671176358657427,0.003892568858578671,-0.0003773790613366912,-0.006661718867508516,0.00014177047128802745
20,2,LAYING,0.0035370985603543695,0.0035370985603543695,0.0002037652270210466,-0.000637873754152851,0.0007751937984496138,-0.0017009966777408443
20,2,SITTING,0.007216018434752205,0.008561905959328557,0.00828549444746051,-0.012101014662758213,0.0073890649873859186,-0.023453761818433425
20,2,STANDING,0.004329358475594083,0.005673869051345029,0.0060363072260426805,-0.03354308838278621,0.004452196208042561,-0.0009683119651393978
20,2,WALKING,0.004914574289319835,-0.00590847711191434,0.01675470835061501,0.012927186297790636,-0.011787587616165484,0.0038585175475360036
20,2,WALKING_DOWNSTAIRS,2.671818914389279e-05,0.002983925197036554,-0.001408711509944216,0.0007405062103045757,-0.0020489323204787233,-0.0002935057660620836
20,2,WALKING_UPSTAIRS,0.006954864427207528,-0.007584329161679044,0.021333647885514877,0.024466167365172542,-0.01853375355669378,0.008700449324326533
20,3,LAYING,0.002031971180907362,0.002031971180907362,0.0005328530151225142,0.0007861458216068429,0.0015910540733235835,-0.0016829899808623186
20,3,SITTING,0.021993822374986566,0.023036122915237718,0.02400991353415296,0.002426148583183653,0.023477529132292667,-0.02095363754995421
20,3,STANDING,0.014200894747455721,0.015108107021355262,0.017514607260255936,-0.01883496643646275,0.018486164199224036,-0.004009252042009671
20,3,WALKING,0.0003985031308086103,-0.00020684278114107372,0.0016245201676687267,0.0003985031308086103,-0.002310513822978642,9.583017483376828e-05
20,3,WALKING_DOWNSTAIRS,0.000546711966498777,-0.0014958494959665743,-0.011114475231716586,-0.00620744034751696,0.0004195774049073296,-0.008662578193627004
20,3,WALKING_UPSTAIRS,0.000837105347049207,-0.002087096760791589,-0.006098602655051279,-0.004674689950306846,-0.0021289035177473807,-0.0061993388276294515
20,4,LAYING,0.003823830721578378,0.003823830721578378,0.00020149903028117885,0.0008318131052832781,0.0010619259596736227,-0.004028613824109138
20,4,SITTING,0.0141312092456488,0.017209809213570022,0.011685616471327018,-0.010099658613069032,0.013890801383834818,-0.01328839317854951
20,4,STANDING,0.012296828582923018,0.015156398840293767,0.010820973021813472,-0.03252522658912614,0.012398977330591103,0.004833415273131882
20,4,WALKING,0.006317828370076694,-0.004349248483175693,0.005525035783225434,0.014356936689332942,-0.007887760148569983,0.0017110007268958374
20,4,WALKING_DOWNSTAIRS,-0.0016896031585629393,0.005333631836243104,-0.012528198876804423,0.0020497957748758454,0.004994853491048785,-0.006676608099058422
20,4,WALKING_UPSTAIRS,0.008097207375704712,-0.0023733422299244493,0.007331886650179686,0.01524468015942346,-0.014437157125534285,0.0032963308189652724
20,5,LAYING,0.004565360062048793,0.004344609510172412,-7.775987908440474e-05,-0.00028816896366564516,0.0019089950878030226,-0.0037422190402322925
20,5,SITTING,0.021422116753377556,0.015457825463789307,0.01732587015121148,0.00020179516821679772,0.02041679608169583,-0.011729117680100114
20,5,STANDING,0.017702037082798185,0.01219814903639259,0.013293402827917343,-0.022281748402576868,0.018253205500976356,0.002669453283161468
20,5,WALKING,0.0076863521111668765,-0.008437164269351108,0.020268485418382987,0.018012783397586555,-0.007099686606148626,-0.0015818071535940207
20,5,WALKING_DOWNSTAIRS,-0.0037884975682064997,0.005056288947207149,-0.007234468928027927,0.00455803770666733,0.012474986600644259,-0.011066346758284305
20,5,WALKING_UPSTAIRS,0.005233226770977725,-0.004748609217151518,0.01478715224256449,0.011675242486849622,-0.0032967647161847376,-0.0005094597203854301
20,Aggregated,LAYING,0.0026493437685873333,0.002618278274094527,0.00046778839778335857,-0.0009574948655818578,0.0012160650086114222,-0.002248701340904508
20,Aggregated,SITTING,0.01779048904819659,0.017973330305873392,0.016814201095357716,-0.006421980305400642,0.01681255790560738,-0.020319948917890185
20,Aggregated,STANDING,0.014552134078884548,0.014934567410714649,0.014746550128014185,-0.029352371156276,0.015237149540696106,-0.0033679922042407365
20,Aggregated,WALKING,0.004272927795461933,-0.004057511794718824,0.008724482085422317,0.010063194188407485,-0.006621618357053575,0.001582104844985122
20,Aggregated,WALKING_DOWNSTAIRS,-0.0010990699697397668,0.0029111978967420256,-0.007720899098669742,0.001549791298046515,0.005933439768068462,-0.005794563911599902
20,Aggregated,WALKING_UPSTAIRS,0.003478120786314989,-0.0015455215837577585,0.004812893483182006,0.006566637083253677,-0.0067518737917049345,4.214574895268034e-05
20,Centralized,LAYING,0.0026493437685873333,0.002618278274094527,0.00046778839778335857,-0.0009574948655818578,0.0012160650086114222,-0.002248701340904508
20,Centralized,SITTING,0.01779048904819659,0.017973330305873392,0.016814201095357716,-0.006421980305400642,0.01681255790560738,-0.020319948917890185
20,Centralized,STANDING,0.014552134078884548,0.014934567410714649,0.014746550128014185,-0.029352371156276,0.015237149540696106,-0.0033679922042407365
20,Centralized,WALKING,0.004272927795461933,-0.004057511794718824,0.008724482085422317,0.010063194188407485,-0.006621618357053575,0.001582104844985122
20,Centralized,WALKING_DOWNSTAIRS,-0.0010990699697397668,0.0029111978967420256,-0.007720899098669742,0.001549791298046515,0.005933439768068462,-0.005794563911599902
20,Centralized,WALKING_UPSTAIRS,0.003478120786314989,-0.0015455215837577585,0.004812893483182006,0.006566637083253677,-0.0067518737917049345,4.214574895268034e-05
21,0,LAYING,0.0005048731694726712,-0.0018447096161715326,0.0005048731694726712,-0.0004096392802282967,0.0017502274674199268,-0.0005056249099654446
21,0,SITTING,0.006806333783323506,-0.03094868293375967,0.009759469517533433,-0.013460972326876753,0.007734136143393011,0.011645011304466093
21,0,STANDING,0.005443337611778065,-0.022977051479960108,0.007700494378201639,-0.007074718307895987,0.00824110988802497,0.004685578311187056
21,0,WALKING,0.002681026613168132,0.001089345798227561,0.004065530106676611,-0.00273068815762981,-0.0008413693802655035,0.0021861034202358075
21,0,WALKING_DOWNSTAIRS,0.006497162986477231,0.008954733787357968,0.00293204363368898,-0.006740087513852025,0.0016019488148131791,-0.004568115758072053
21,0,WALKING_UPSTAIRS,0.0029658106354258375,0.007110075468815851,-0.002063417393552165,-0.0016756823477156858,0.0028774179801268865,-0.009214204343100716
21,1,LAYING,0.0029844706661065886,-0.00993465425441828,0.0035592389720262635,0.003179325619582231,0.0043287509069385504,-0.004117131910235354
21,1,SITTING,0.01230156400869014,-0.06871476950703845,0.01784236320303104,-0.04510323692113751,0.007103993445211875,0.01906525256816605
21,1,STANDING,0.0074836736183146015,-0.04933320196316123,0.011590598588278173,-0.028651583644958067,0.007309215502253768,0.005110010810528759
21,1,WALKING,0.006048714135253963,-0.00672501113682523,0.00869473835828109,-0.004969694363968835,-0.0007943323768542436,0.01412445790823718
21,1,WALKING_DOWNSTAIRS,0.010882499800997068,0.013261716464725902,-0.004098096323224138,-0.014894629459414957,0.00951643701515348,-0.0060047261121250585
21,1,WALKING_UPSTAIRS,0.009379353628906588,-0.00012907704823879318,0.004416090616606148,-0.01049164070644702,-0.0008191775793182902,0.005123083567123862
21,2,LAYING,-0.0006655534218362902,-0.0032501182822632147,0.0007630180067351277,-0.0009480392975425023,0.0004805321310289157,-0.002094124850407708
21,2,SITTING,0.0099584897036443,-0.03855865309156738,0.018431654328001902,-0.008639881821283196,0.010299000391365647,0.015726840111401366
21,2,STANDING,0.00548152926196133,-0.02132040052315841,0.01281560958766197,-0.0009287602233849516,0.007651989667295619,0.007346166082775923
21,2,WALKING,0.005254996755751994,-0.010027441259391206,0.011516718391958714,-0.0017636320489040165,-0.0037778794134965816,0.00861413943735485
21,2,WALKING_DOWNSTAIRS,-0.00034882919336104987,-0.00010585507391171293,0.0002615271897726719,0.002987653765938578,-0.0019115082487230403,-0.008238776283308123
21,2,WALKING_UPSTAIRS,0.011469885263479964,-0.012911654415950685,0.01490471416486548,-0.009088355714619165,-0.0006076858444165704,0.02130880823652591
21,3,LAYING,0.0008903074088722762,-0.006648617610236355,0.0013340388809725398,8.473193704718515e-06,0.0016886488100505525,-0.002563855974369117
21,3,SITTING,0.016932586887353877,-0.06180175814792392,0.030802940856463037,-0.03055420502178146,0.00798716188094186,0.023315889174930802
21,3,STANDING,0.010682147805865324,-0.036500061309428525,0.018576727846313156,-0.013876798154030232,0.005961492948441923,0.010077125783473136
21,3,WALKING,0.001114586955070146,-0.0051925811283716605,0.006231458804069858,-0.003640412123372458,-0.0020018182280360564,0.009618850904940742
21,3,WALKING_DOWNSTAIRS,0.009357655756304734,0.004142622795046942,0.00655352455927681,0.001425693569520801,0.0070907392165952725,-0.0020561819993235456
21,3,WALKING_UPSTAIRS,0.008449582713317054,-0.004096187843253484,0.01282075379656144,-0.003353646080986825,0.003420332858923997,0.010617728767897643
21,4,LAYING,0.00021811054669569895,-0.006755120445781503,0.0019356803332309935,0.0007928231903738592,0.0025103929769091536,-0.004416172315713872
21,4,SITTING,0.003241395293185478,-0.026273374396888618,0.00887998779862158,-0.009127215959998143,-0.0001741971350507385,0.005549773434156444
21,4,STANDING,0.0005042901843440851,-0.015284835970321393,0.005083520401684732,-0.002933336629806687,-0.0004591883213034667,-9.726285141039046e-05
21,4,WALKING,0.006846751366953817,-0.0007291907856244284,0.0033862008836836872,-0.00021655887409157353,-0.003704440859094371,-0.000616593751195151
21,4,WALKING_DOWNSTAIRS,0.000277826944582682,0.00755805155522641,-0.001311919490288285,0.0019838299285567106,0.0018668217268948313,-0.0018584816327142854
21,4,WALKING_UPSTAIRS,0.009923453504460826,-0.004055911816858652,0.0017250193514744708,-0.005888561373879904,-0.0031626691037905615,0.0025811756889126355
21,5,LAYING,0.0016836501375369658,-0.006817073351408182,0.0033392792766098233,0.0008963065025112182,0.004565180674696651,-0.0036673432399464555
21,5,SITTING,0.01605659510004954,-0.05079790813035488,0.019719384922174718,-0.027160244557149917,0.008051690790797454,0.008078689355624715
21,5,STANDING,0.013559082633721391,-0.03363529421563512,0.012963468301648597,-0.014976750202734848,0.010520364203156706,0.00030687975519774817
21,5,WALKING,0.007410619158992172,-0.013094566608914532,0.010354951721103102,-0.007986957821167526,0.0038638106993603397,0.011259064948091499
21,5,WALKING_DOWNSTAIRS,0.011218938673546414,0.012233441713745689,-0.003119844726442263,-0.004636961307301671,0.0023781377820622767,-0.017180987838630837
21,5,WALKING_UPSTAIRS,0.016725246363810346,0.0013301608046825454,0.007210730180993182,-0.01065625461482243,0.0040460214272722336,0.008246899970469736
21,Aggregated,LAYING,0.0009065641345953372,-0.005752709308458618,0.0018274609483034418,0.0005465772803658601,0.002471454240996482,-0.0028056839831775626
21,Aggregated,SITTING,0.01085860981968754,-0.04590111358840741,0.01749213404482708,-0.022073825232046596,0.006965763066245577,0.01395163521708236
21,Aggregated,STANDING,0.007169503214980374,-0.029992263648221083,0.011547030419022193,-0.011436227191529608,0.006454955820234545,0.004629952674065915
21,Aggregated,WALKING,0.005013740196167106,-0.005876075911871936,0.007443570036820718,-0.003531756091613424,-0.0012822356337906324,0.007631298313487077
21,Aggregated,WALKING_DOWNSTAIRS,0.006370780366520595,0.007787704561421527,7.097062189072393e-05,-0.0032880483166524846,0.0033699085107036907,-0.006927151500238402
21,Aggregated,WALKING_UPSTAIRS,0.009893109637317647,-0.0018810150988092704,0.006368591379669956,-0.00685902527367968,0.0009665148602805318,0.006257985947220453
21,Centralized,LAYING,0.0009065641345953372,-0.005752709308458618,0.0018274609483034418,0.0005465772803658601,0.002471454240996482,-0.0028056839831775626
21,Centralized,SITTING,0.01085860981968754,-0.04590111358840741,0.01749213404482708,-0.022073825232046596,0.006965763066245577,0.01395163521708236
21,Centralized,STANDING,0.007169503214980374,-0.029992263648221083,0.011547030419022193,-0.011436227191529608,0.006454955820234545,0.004629952674065915
21,Centralized,WALKING,0.005013740196167106,-0.005876075911871936,0.007443570036820718,-0.003531756091613424,-0.0012822356337906324,0.007631298313487077
21,Centralized,WALKING_DOWNSTAIRS,0.006370780366520595,0.007787704561421527,7.097062189072393e-05,-0.0032880483166524846,0.0033699085107036907,-0.006927151500238402
21,Centralized,WALKING_UPSTAIRS,0.009893109637317647,-0.0018810150988092704,0.006368591379669956,-0.00685902527367968,0.0009665148602805318,0.006257985947220453
22,0,LAYING,0.0,0.0,0.0,0.0,0.0,0.0
22,0,SITTING,0.015341158052860964,0.014623286415948749,0.004946351170242277,0.00216972551396912,-0.016130721950234753,-0.01248509469086589
22,0,STANDING,0.010888647813233565,0.004130485883884458,0.0035337637813117944,0.001992584837767726,-0.009367274488014922,-0.007196958229518306
22,0,WALKING,0.0013771443190439344,-0.00578827540512738,-2.4615990052401228e-05,0.00014690075082649892,-0.00032148447603166377,-0.0018396175990717837
22,0,WALKING_DOWNSTAIRS,0.0043662511384366855,-0.002455363192052918,0.004870982303798447,0.0010494437886267064,-0.010451398466653095,0.0032919919733659275
22,0,WALKING_UPSTAIRS,0.003058674076611708,0.0061882371909137875,0.005415012509563117,-0.0009341353995182803,-0.012325723243073503,0.005769710458331601
22,1,LAYING,0.0,0.0,0.0,0.0,0.0,0.0
22,1,SITTING,0.03244956606001082,0.03778137184197974,0.008486299578685564,0.008446529791128726,-0.025499921405372106,-0.017597037586204525
22,1,STANDING,0.024894322984222745,0.01791352795305818,0.008412532785899037,0.007006796101209283,-0.013648204140579143,-0.00914250204508925
22,1,WALKING,0.0022019444438110473,-0.008139186669913425,-0.0025013539334111214,0.0021410672074003343,-0.004297039497715428,-0.00038602399143800037
22,1,WALKING_DOWNSTAIRS,0.008401730693383149,-0.00922582272455232,0.0003184274578036217,-0.009403244949760508,0.02509363664915719,0.009979810233628206
22,1,WALKING_UPSTAIRS,0.009464516820850468,-0.006711171892278209,0.0015825842051292918,-0.004573774194191428,0.004191737143272854,0.008347695218804262
22,2,LAYING,0.001902597402597391,0.001902597402597391,0.001902597402597391,-2.1645021644996673e-06,-0.001132034632034636,0.0011406926406926346
22,2,SITTING,0.014608245863193354,0.02123640142867488,0.012786308179003274,0.011638342893154182,-0.027743648058852464,-0.020106162278748965
22,2,STANDING,0.0082710929381557,0.006244210304453923,0.01165868612977769,0.009527267782305403,-0.011974470814004384,-0.0074360595236456625
22,2,WALKING,0.003085897173673888,-0.005746077775196881,0.00979251950383108,0.0037456169419478,-0.021103900127062675,-0.006129809789710243
22,2,WALKING_DOWNSTAIRS,-0.0014577065373465447,0.009416168143328723,0.0050439244345118605,0.0015513215044939467,-0.015291825743953673,0.000738118198965626
22,2,WALKING_UPSTAIRS,0.01020703759924811,-0.00892371600000593,0.01279562290511892,0.009940268265597605,-0.040106305529550496,-0.008988618930293266
22,3,LAYING,0.0008818342151675577,0.0008818342151675577,0.0008818342151675577,0.0008818342151675577,0.0008818342151675577,0.0008818342151675577
22,3,SITTING,0.02933242042997225,0.028863790087524047,0.009856772019243438,0.00805060090216234,-0.03557035560702701,-0.030188970963288052
22,3,STANDING,0.018047722397676807,0.006160718556480904,0.007456308173684503,0.006936810436776352,-0.016015695075748005,-0.01504398954368076
22,3,WALKING,0.00020178197064989466,-0.0018415797574502994,0.00020178197064989466,0.00020178197064989466,-0.0030522715813496673,-0.0018415797574502994
22,3,WALKING_DOWNSTAIRS,0.0005564866687986021,0.0046327848134185496,0.0046784457248285,0.0020808511538415015,-0.019041807290993147,-0.0010300103696139207
22,3,WALKING_UPSTAIRS,0.0013392260283366163,0.0031822273619923932,0.005338873678473548,0.002984033690160717,-0.025213398814244066,-0.0027546294340853204
22,4,LAYING,0.001238095238095229,0.001238095238095229,0.001238095238095229,-0.00019047619047618907,0.0009523809523809453,0.001238095238095229
22,4,SITTING,0.01065998920955665,0.01021893193854182,0.0034834594438710137,0.0035452754246742347,-0.006921586565466304,-0.011852798248940677
22,4,STANDING,0.005216983779901988,-0.007966587433098575,0.005324551895378358,0.005854219370314321,-0.000853785958695392,0.0014380767978600171
22,4,WALKING,0.002987198484413387,-0.0011931228463172526,0.005032277075515757,-0.00041746806818304146,-0.009306900883805388,0.003272548073582519
22,4,WALKING_DOWNSTAIRS,-0.00019989604048132882,0.0018455023066049014,0.0004687283832704225,-0.006481438279936796,-0.002811407746356303,0.008914945485426255
22,4,WALKING_UPSTAIRS,0.008665488340264291,-0.0002761982709592307,0.0054097664801364366,-0.0060209648489188425,-0.017189840791879112,0.00594445200703795
22,5,LAYING,0.0016556291390728561,0.0016556291390728561,0.0016556291390728561,0.0,0.0,0.0016556291390728561
22,5,SITTING,0.023420124592859,0.021141774535175517,0.005840112692387416,0.005196448776291545,-0.019016572806203336,-0.02129337883111504
22,5,STANDING,0.017403131522911217,0.004232247018284763,0.005621256990210024,0.004988802975233184,-0.008000128429450703,-0.009066365640480367
22,5,WALKING,0.0101160196413818,-0.012242762609136083,0.011977025388780326,0.004549171236373503,-0.02313889496591888,-0.0030674807889456805
22,5,WALKING_DOWNSTAIRS,0.009550306228213382,-0.001116201444881425,0.0057481284508534725,-0.008846008882829515,0.01855263678170831,0.011650941530026129
22,5,WALKING_UPSTAIRS,0.022034722474600615,-0.02110544286481223,0.011729857905463811,0.0003030751150758133,-0.009982195254359585,0.0010304446990098174
22,Aggregated,LAYING,0.0009028427726281393,0.0009028427726281393,0.0009028427726281393,0.00012490135503548939,0.00012629105458243916,0.0007785807946569135
22,Aggregated,SITTING,0.02081264135346635,0.022203101877486642,0.007653283799254886,0.006556652696778354,-0.0218278752993405,-0.018879430996089075
22,Aggregated,STANDING,0.01416887705331156,0.00517054608727876,0.00699711089164761,0.006079792586253507,-0.010116908468603933,-0.007849922504634935
22,Aggregated,WALKING,0.003367937528990294,-0.005816741502405604,0.004151282078220476,0.0017804967126728542,-0.010439262718304308,-0.0016271041410775954
22,Aggregated,WALKING_DOWNSTAIRS,0.003665335595229597,0.0005046964042458237,0.003554142611213746,-0.0035415838149138535,-9.773191972622849e-05,0.0057866434657306036
22,Aggregated,WALKING_UPSTAIRS,0.00930624063253503,-0.00482420638566232,0.00693565080256889,2.8467388880963154e-05,-0.01606279872244695,0.0017209354830649893
22,Centralized,LAYING,0.0009028427726281393,0.0009028427726281393,0.0009028427726281393,0.00012490135503548939,0.00012629105458243916,0.0007785807946569135
22,Centralized,SITTING,0.02081264135346635,0.022203101877486642,0.007653283799254886,0.006556652696778354,-0.0218278752993405,-0.018879430996089075
22,Centralized,STANDING,0.01416887705331156,0.00517054608727876,0.00699711089164761,0.006079792586253507,-0.010116908468603933,-0.007849922504634935
22,Centralized,WALKING,0.003367937528990294,-0.005816741502405604,0.004151282078220476,0.0017804967126728542,-0.010439262718304308,-0.0016271041410775954
22,Centralized,WALKING_DOWNSTAIRS,0.003665335595229597,0.0005046964042458237,0.003554142611213746,-0.0035415838149138535,-9.773191972622849e-05,0.0057866434657306036
22,Centralized,WALKING_UPSTAIRS,0.00930624063253503,-0.00482420638566232,0.00693565080256889,2.8467388880963154e-05,-0.01606279872244695,0.0017209354830649893
23,0,LAYING,0.0,0.0,0.0,0.0,0.0,0.0
23,0,SITTING,-0.0061381689969049824,0.002467343040005841,0.0027888508005379934,-0.0011734072606464326,0.0045630431858205735,-0.0025076607688129934
23,0,STANDING,-0.004108908349445586,0.0023548099236799995,0.002630384597695327,-0.0005953221239949587,0.0013792931409952562,-0.0016602571889300385
23,0,WALKING,0.008221551370932938,-0.0022167257086662773,0.012878088060826237,0.008173798342791175,-0.022578892242822977,-0.004477819823061062
23,0,WALKING_DOWNSTAIRS,0.0024729362038775162,-0.00032466757534364935,0.007577680200817728,0.007197742775089396,-0.014462352500508546,-0.0024613391039324532
23,0,WALKING_UPSTAIRS,0.008037109700781649,0.014106467748577692,0.00836309074662903,0.012296566955506518,-0.04578795508381572,0.0029847199323208844
23,1,LAYING,0.0,0.0,0.0,0.0,0.0,0.0
23,1,SITTING,-0.009562911515298983,0.010191413663376519,0.007408320070010492,-0.0007001017780648359,0.009125696438068383,-0.0030243919552430895
23,1,STANDING,-0.006843844885067428,0.008121025824676859,0.00644300387349847,-0.0013044976863959058,0.006752695475326558,-0.0021135691520155165
23,1,WALKING,0.007634975641301738,-0.008544926481469968,0.010091911502917078,0.022145944817965713,-0.02379178052285156,-0.01250229293849493
23,1,WALKING_DOWNSTAIRS,0.010276703053095719,-0.004390594568960002,0.011790551518650143,-0.006943396624896768,-0.0021365212825261784,0.007524289650668837
23,1,WALKING_UPSTAIRS,0.021175502661496325,0.0009200100600865081,0.025484384138277725,0.033662843784721945,-0.051842373406374646,-0.009294547132387823
23,2,LAYING,-0.002666666666666659,0.0019047619047618922,0.0019047619047618928,-0.0030476190476190334,-0.0011428571428571343,-0.002666666666666659
23,2,SITTING,-0.0024836639642891846,0.0008919082254111847,-0.0005529452364509839,0.004196144407693235,-0.006886540241448728,0.0004691257015403706
23,2,STANDING,-0.0027100239311104043,0.0015059547174491132,4.432149105811541e-05,0.0022560732777981633,-0.012803064547910283,-0.0012020389763036953
23,2,WALKING,0.0018092393805651163,-0.004816560644590896,0.004428663218200623,0.007836718896111268,-0.018444028097931765,-0.010918927857249506
23,2,WALKING_DOWNSTAIRS,0.001181206706467658,0.014565413084601051,-0.004326713858574907,0.01009468531807774,-0.010345059043362853,-0.0034235004611769524
23,2,WALKING_UPSTAIRS,-0.000887687065266985,-0.001079546882512622,0.0017591303287254766,0.026432082095402838,-0.04849227637446865,-0.02226506985714031
23,3,LAYING,0.00017636684303351153,0.00017636684303351153,0.00017636684303351153,-0.0008818342151675577,0.00017636684303351153,0.00017636684303351153
23,3,SITTING,-0.003685289699554262,0.002815542452116509,0.0067992766051570555,-0.0004139337346119746,0.006815955916871505,-0.004644619324744704
23,3,STANDING,-0.0008284162175120328,0.0009366595876763306,0.004254097762947727,-0.0004888719072588736,0.0031402024740431467,-0.0026061976170854546
23,3,WALKING,0.004365751495230775,-0.0015050405164795074,0.004565026857549614,0.009551193703321914,-0.012736647972595813,-0.004240283567026995
23,3,WALKING_DOWNSTAIRS,0.0023645285048458104,0.006281454857756838,0.0016881666493392085,0.007998095096847858,-0.02052361195084428,-0.005797613874198875
23,3,WALKING_UPSTAIRS,0.006433141288770471,0.008910151600279028,0.00557733551245757,0.018943070127759497,-0.039644787035741424,-0.00794755039434087
23,4,LAYING,-0.0014285714285714186,0.002571428571428558,0.0023809523809523686,-0.002095238095238081,0.00047619047619047267,-0.001904761904761893
23,4,SITTING,-0.008975249162210673,0.0027021481835920198,0.004087061510910096,0.0012540947826181665,0.005673861123526554,-0.004741916438436145
23,4,STANDING,-0.006433577763809054,0.0032530805859913715,0.004188007932198815,-0.000656647381322395,0.0020060484032578033,-0.002356911776316544
23,4,WALKING,0.007143245155230705,-0.011098639698062634,0.009011456108680564,0.022800027097436133,-0.03157442176845588,-0.017296159648452224
23,4,WALKING_DOWNSTAIRS,0.0064593807049188835,0.0010486025119757234,0.0025328935394749747,-0.0030949345872552493,0.0010088929497723742,0.008140791841288453
23,4,WALKING_UPSTAIRS,0.016394702836735945,-0.005648054366053154,0.016522572291400917,0.031702227729229794,-0.05719993677430848,-0.021065224033973155
23,5,LAYING,-0.0012141280353200946,0.0017660044150110466,0.0017660044150110466,-0.0015452538631346656,0.00044150110375276166,-0.0012141280353200946
23,5,SITTING,-0.0015364653352305875,-0.0024267609259092816,0.004661485108547778,0.0014077739007775996,0.01260045484133646,-0.006844234267719957
23,5,STANDING,-0.0007861137722942964,-0.002759544600571091,0.004324496637072723,0.0001679765208346673,0.009651341095498443,-0.005924576210612018
23,5,WALKING,0.005262932949733278,-0.007275618526164888,0.008235244394013064,0.014483120189284725,-0.030241550728630592,-0.013681497221330854
23,5,WALKING_DOWNSTAIRS,0.006215047688921414,-0.003207404430030938,0.008786771402915455,-0.007935222130749748,-0.00017246372976933432,0.00357630328476637
23,5,WALKING_UPSTAIRS,0.010311107517125126,-0.004116675830436082,0.021117202400210037,0.017925218008035895,-0.05281787701462441,-0.016379105423419707
23,Aggregated,LAYING,-0.0008086007732760802,0.0010115122340224713,0.000980388835532479,-0.00121387401311794,-1.4981848444062251e-05,-0.0008864092695010613
23,Aggregated,SITTING,-0.005301915293615494,0.002766306341191331,0.004113633316101863,0.0008001160775853185,0.005068206887436937,-0.00342295481609876
23,Aggregated,STANDING,-0.0036386764077848232,0.002246568656497862,0.003668987669526363,-0.00012751784643287302,0.0017331097491857296,-0.0026580575257675746
23,Aggregated,WALKING,0.005712051589042301,-0.006147397616080627,0.008184788371719905,0.014529208406148056,-0.023542397896009322,-0.010832068873227824
23,Aggregated,WALKING_DOWNSTAIRS,0.004897485007192575,0.0021834353850480282,0.004785003738028546,0.0009276223501540439,-0.007464472971158616,0.0014335332533421887
23,Aggregated,WALKING_UPSTAIRS,0.010408511154273326,0.0022458231232116888,0.013394382621246096,0.023119888743929357,-0.0489958837718166,-0.012002054726723296
23,Centralized,LAYING,-0.0008086007732760802,0.0010115122340224713,0.000980388835532479,-0.00121387401311794,-1.4981848444062251e-05,-0.0008864092695010613
23,Centralized,SITTING,-0.005301915293615494,0.002766306341191331,0.004113633316101863,0.0008001160775853185,0.005068206887436937,-0.00342295481609876
23,Centralized,STANDING,-0.0036386764077848232,0.002246568656497862,0.003668987669526363,-0.00012751784643287302,0.0017331097491857296,-0.0026580575257675746
23,Centralized,WALKING,0.005712051589042301,-0.006147397616080627,0.008184788371719905,0.014529208406148056,-0.023542397896009322,-0.010832068873227824
23,Centralized,WALKING_DOWNSTAIRS,0.004897485007192575,0.0021834353850480282,0.004785003738028546,0.0009276223501540439,-0.007464472971158616,0.0014335332533421887
23,Centralized,WALKING_UPSTAIRS,0.010408511154273326,0.0022458231232116888,0.013394382621246096,0.023119888743929357,-0.0489958837718166,-0.012002054726723296
24,0,LAYING,-0.00042682747798343984,6.57590941066081e-05,-0.000160110857052916,-0.000160110857052916,0.0005252639079068478,0.00015602619007581604
24,0,SITTING,-0.0026829893859104,-0.0187927439161648,0.0011386053855515928,0.006963858382631705,0.010886241224022397,-0.010773650728350286
24,0,STANDING,-0.0044901902093113675,-0.014768122683326123,0.0023401824850963486,0.006561133168669421,0.008441550815067606,-0.008795107390197955
24,0,WALKING,0.0005650973767886758,-0.006464009629285543,0.0032583266695197424,0.004903258177235597,-0.007586208724729134,0.0053235361304707
24,0,WALKING_DOWNSTAIRS,-0.002899528205664479,-0.00236695197537432,-2.5421466357731606e-05,0.006510092184745625,-0.006010990746967303,0.0047928002096182115
24,0,WALKING_UPSTAIRS,-0.003674888133408631,0.007089820520185048,-0.004819989398422699,0.00046441714106191617,0.0035041433218680734,-0.0025635034512837126
24,1,LAYING,-0.007141962011441969,-0.0027463316268482568,0.0023067549709490337,0.0023067549709490337,0.0029680287254431246,0.0023067549709490337
24,1,SITTING,-0.005122309076382416,-0.04120880592124251,0.0015615723439754016,0.011724512348926667,0.028222194755643217,-0.015461778021169593
24,1,STANDING,-0.010046493800149263,-0.029134274472678988,0.0014667182487782824,0.009101802443756694,0.015735118875230124,-0.008973906067496991
24,1,WALKING,0.0050353500594442265,-0.0035126581946232256,0.00965558305452788,0.0020751208457142367,-0.0104079717390876,0.007895648229341018
24,1,WALKING_DOWNSTAIRS,0.005279212102714738,-0.0005623416645604821,0.0002367109666912855,0.006044828545030564,0.0008835579347530412,-0.004008905869125285
24,1,WALKING_UPSTAIRS,0.005043229605829194,-0.0026003037637710646,0.0044906483595913566,0.0034717367702912067,-0.01152915948585202,0.0011238485139112948
24,2,LAYING,-0.00047619047619047267,-0.00047619047619047267,-0.00019047619047618907,-0.00019047619047618907,0.0015238095238095126,-0.00019047619047618907
24,2,SITTING,0.0014519391739190128,-0.02576033436070197,0.006585676846071394,0.008822607466759341,0.017092831130128164,-0.010000804977860137
24,2,STANDING,0.002254749859145238,-0.013374939448328339,0.00494089879206504,0.006832235223105137,0.0059237916702582025,-0.004592327875125533
24,2,WALKING,0.0007338017655250847,-0.0018620723729533724,0.006309120962951545,0.0029907536297537384,-0.0023324946935189316,-0.0015417306927035226
24,2,WALKING_DOWNSTAIRS,-0.002564444169711148,0.011350006024934014,-0.0160215939480177,-0.008416343878098375,0.008889732070056095,-0.016112356099162933
24,2,WALKING_UPSTAIRS,-0.00433156637638199,0.001876592634962372,0.00029129378018630616,0.00749610469506325,-0.0007340986257234425,-0.00459832610810649
24,3,LAYING,-0.002654883860557622,-0.002654883860557622,-0.0004362265000563044,-0.0004362265000563044,0.001327441930278811,-0.0004362265000563044
24,3,SITTING,-0.006808187660610433,-0.04452762462821834,0.009056684680632832,0.011579852472551057,0.02731712940779623,-0.025107882762179887
24,3,STANDING,-0.005232025316218915,-0.026777271013669605,0.006563571244691765,0.006809182762813197,0.008145769277004668,-0.013985388509434222
24,3,WALKING,-0.00020433617281001942,-0.00020433617281001942,-0.00020433617281001942,-0.00020433617281001942,0.001021680864050097,-0.00020433617281001942
24,3,WALKING_DOWNSTAIRS,-0.0017813146824747143,0.006130597250183135,-0.004992370978579471,-8.362989271133436e-05,0.008525347161468948,-0.0077986288578866065
24,3,WALKING_UPSTAIRS,-0.0024655163886084758,0.006838646794215194,-0.0057971491837596,-0.00017023177567415855,0.010343186768034555,-0.008748936214207581
24,4,LAYING,-0.004137026174498776,-0.003559029458571022,-0.00027029369983324985,0.00030770301609450343,0.0022146543023561227,-0.00027029369983324985
24,4,SITTING,-0.002010600889826427,-0.013849603138757906,0.0025148266481112625,0.0027808702150647568,0.0008317320401653903,-0.005446787999525669
24,4,STANDING,-0.0035841453319493586,-0.007509327122474003,0.002034436788698014,0.0011121613194908751,-0.0068532808584343035,-0.00028458003650076974
24,4,WALKING,0.0038478435719687455,0.0011696010199603812,0.006129846500819821,0.00473376000997734,5.5375046683625584e-05,-0.000262633211624654
24,4,WALKING_DOWNSTAIRS,0.0024698850458079354,0.002676204664929671,-0.0035553345507706403,0.0002012022972481394,0.0023021271657241017,-0.0040940846229392406
24,4,WALKING_UPSTAIRS,0.006246495971177864,-0.002448623275100338,0.007872435628605054,0.013626123189692117,-0.0033511460959708755,0.003072332622469923
24,5,LAYING,-0.006905077262693142,-0.006569536423841014,-0.0009919058130978726,-0.0009919058130978726,0.003116997792494469,-0.0009919058130978726
24,5,SITTING,0.0014369716814444224,-0.025820959710143716,0.002041161497585812,0.011985416144392799,0.02169178729450465,-0.019196630229585808
24,5,STANDING,-0.0037943169447071747,-0.018949022874305617,0.0008909000584134177,0.007717188446188321,0.010602377360353198,-0.012053790788329325
24,5,WALKING,0.001410478021549296,-0.0023000894529918345,0.005434260513226136,0.0005230034374773133,0.0006703097236959037,-0.0006262344789726316
24,5,WALKING_DOWNSTAIRS,0.0022975078243968137,-0.002821834061763442,-0.0012271274458217295,-0.0009125606483791275,0.0022285701386774966,-0.006096994285857188
24,5,WALKING_UPSTAIRS,0.0017768252786340014,-0.0037396999640703765,0.010179123952421718,0.007014800945797326,0.0020679182398434296,-0.002221846992525869
24,Aggregated,LAYING,-0.003444335872139536,-0.0024956016274099175,5.6150912216420175e-05,0.0001504858988252385,0.0018721304680197606,0.00011589097789774424
24,Aggregated,SITTING,-0.0022177379558871624,-0.028238326491942838,0.0038279442535097716,0.008959508875199793,0.017691390661642565,-0.01427538565201812
24,Aggregated,STANDING,-0.004196475955330855,-0.018503923036161676,0.0031032249177152626,0.006355067914544392,0.006955284601449596,-0.008137412339906863
24,Aggregated,WALKING,0.001994440156502528,-0.00212936426183369,0.005304546886435878,0.002576339331691445,-0.00313612766558037,0.0017797026138275881
24,Aggregated,WALKING_DOWNSTAIRS,0.0005596622142145605,0.00230803353781854,-0.004210835939729085,0.00048600818007660804,0.002824235561798053,-0.005614155794581329
24,Aggregated,WALKING_UPSTAIRS,0.0005207275478749366,0.0010774361705496232,0.0021305276300256416,0.005198197557683378,0.00010903099567093159,-0.0023356888702534694
24,Centralized,LAYING,-0.003444335872139536,-0.0024956016274099175,5.6150912216420175e-05,0.0001504858988252385,0.0018721304680197606,0.00011589097789774424
24,Centralized,SITTING,-0.0022177379558871624,-0.028238326491942838,0.0038279442535097716,0.008959508875199793,0.017691390661642565,-0.01427538565201812
24,Centralized,STANDING,-0.004196475955330855,-0.018503923036161676,0.0031032249177152626,0.006355067914544392,0.006955284601449596,-0.008137412339906863
24,Centralized,WALKING,0.001994440156502528,-0.00212936426183369,0.005304546886435878,0.002576339331691445,-0.00313612766558037,0.0017797026138275881
24,Centralized,WALKING_DOWNSTAIRS,0.0005596622142145605,0.00230803353781854,-0.004210835939729085,0.00048600818007660804,0.002824235561798053,-0.005614155794581329
24,Centralized,WALKING_UPSTAIRS,0.0005207275478749366,0.0010774361705496232,0.0021305276300256416,0.005198197557683378,0.00010903099567093159,-0.0023356888702534694
25,0,LAYING,-0.0009120616495147079,0.0007544015926480519,-0.0009120616495147079,0.0007462322586938519,0.0001739987247750559,0.0001494907229124561
25,0,SITTING,-0.013909581246641024,0.03141157089532447,0.00512560401016438,-0.0006166328480984158,-0.006372669563487924,-0.01769549740305527
25,0,STANDING,-0.009679508276359359,0.023639497729462854,0.00249856916971021,0.0011876696108696202,-0.002739248820824662,-0.013391827897707067
25,0,WALKING,0.0014152672122311639,-0.0029322174768095155,0.003523270952113455,-0.005734074064244841,0.002021416281378327,-0.004659845741439675
25,0,WALKING_DOWNSTAIRS,0.001118050496400796,0.00023404261050329704,0.00042637989297662863,-0.0051597464513269764,0.00021625071617876375,-0.005364898629519979
25,0,WALKING_UPSTAIRS,0.0012206907553957561,0.004688859546333584,-0.007500333422733516,0.002488530688306786,-0.0011145941552205597,0.00021684658791797372
25,1,LAYING,-0.001318267419962323,0.00037664783427494944,9.416195856873736e-05,0.00037664783427494944,0.00037664783427494944,9.416195856873736e-05
25,1,SITTING,-0.030719030243355365,0.051564583083555854,0.004169905551344755,-0.009588985345931814,-0.008733522733230251,-0.03808535537567403
25,1,STANDING,-0.021599718867354845,0.03298297129203491,0.003693852778514548,-0.004852682162769228,-0.00396742843399398,-0.02468294775746527
25,1,WALKING,0.005491659333690802,0.002592505490209016,-0.009909125739717719,-0.0033474121699240407,-0.0024062776826200083,0.002178278328883426
25,1,WALKING_DOWNSTAIRS,-0.02113828766929661,-0.0021267463286203,0.004925421310121114,-0.0030949223810776915,-0.0026299441137826057,0.00819436992305776
25,1,WALKING_UPSTAIRS,-0.007655130672966933,0.004273010411881372,-0.009051463997736254,-0.002938098907866152,-0.0008315697396834089,0.009122642884584961
25,2,LAYING,-0.00047619047619047267,0.0015238095238095126,-0.00019047619047618907,-0.00019047619047618907,-0.00019047619047618907,-0.00047619047619047267
25,2,SITTING,-0.03482504793894735,0.03936944716228605,0.012087192281101795,-0.005667230070102706,-0.0018543409272346544,-0.04380176554367545
25,2,STANDING,-0.021935431343282494,0.02260327765987835,0.007268798422290226,-0.003856635080634661,-0.0017106697722529334,-0.02616165010617588
25,2,WALKING,0.012542933198805277,0.0024636316845459113,-0.0010737386569598364,-0.0004436913912502357,-0.0034246410345906606,-0.003372861410594024
25,2,WALKING_DOWNSTAIRS,0.005273975993996109,0.008768467236302249,0.00500886122160693,0.007632835999805545,0.0025327473307160714,0.0015290799595085965
25,2,WALKING_UPSTAIRS,0.021179203760199564,0.008875788221716557,-0.011159534181106512,-0.001511484332127383,-0.0003139092627192327,-0.007873742734551532
25,3,LAYING,-0.0019400352733686269,0.0033509700176367193,-0.00017636684303351153,-0.00017636684303351153,0.0008818342151675577,-0.0019400352733686269
25,3,SITTING,-0.039843874352347805,0.050610806308753385,0.008065247776525545,-0.011998858959675621,-0.016033481695855632,-0.043165313978086324
25,3,STANDING,-0.022581845525428707,0.02990506940932257,0.005125517627715331,-0.005697807825874313,-0.007528470024818776,-0.022908461216260285
25,3,WALKING,0.001627026775999781,0.0004010097391396646,-0.0014150279967093875,9.83367831648226e-05,0.0004010097391396646,-0.0011123550407345455
25,3,WALKING_DOWNSTAIRS,0.007731729366747601,0.00556939582879171,-0.008370526587379537,0.0004993001393395017,-0.0006706895354621489,-0.004759209212037083
25,3,WALKING_UPSTAIRS,0.009603812214403807,0.005513213025340346,-0.011112247202359348,0.00020951676690537658,-0.0005823150839219933,-0.0036319797203682126
25,4,LAYING,-0.0015303397021555255,0.002962271135282883,0.00029560446861623586,0.00029560446861623586,0.0004860806590924249,-0.002509221029452254
25,4,SITTING,-0.010369771495722794,0.018239746910449082,0.007160859818870821,0.0024090661317175558,-0.004925465246141984,-0.009794140772820766
25,4,STANDING,-0.004143799570498271,0.009508716564041238,0.004497712967689252,0.0033665893793613302,-0.0021876478257381055,-0.002843389372634857
25,4,WALKING,0.016518768886865272,0.008489586435466146,-0.013485848875374759,-0.008536898410290978,-0.0016868980155526564,-0.00658072082798567
25,4,WALKING_DOWNSTAIRS,-0.015936242754742525,0.003068914220592574,-0.0012647430630313451,-0.004544191605375376,-0.003525247625676134,0.006105883868057576
25,4,WALKING_UPSTAIRS,0.01773446162896826,0.01210878336409093,-0.019264932171073685,-0.014938403263932394,-0.006603181015216997,-0.011023513687516057
25,5,LAYING,-0.0022222222222222183,0.008128035320088241,-0.0009948491537895546,0.0011258278145695189,0.0028918322295805646,-0.002217807211184695
25,5,SITTING,-0.019068055008605776,0.03636200407952531,0.00699187660666467,-0.004816813969188538,-0.00831864289367318,-0.02643887777411745
25,5,STANDING,-0.012275298441650363,0.024971002625159184,0.003440450288710073,-0.0010956801883568279,-0.0036387192822521512,-0.015667614365859384
25,5,WALKING,0.009640171697555528,0.004179899967610377,-0.005775762780491104,-0.004069321961612526,0.0008344987656332236,-0.00422176896815485
25,5,WALKING_DOWNSTAIRS,-0.014186589806555001,0.00042450309088164,0.010730759144632411,0.002425077605552828,-0.0016720018134713114,0.008536755180319959
25,5,WALKING_UPSTAIRS,0.002819733685133504,0.002454276995453138,-0.003337688907193749,-0.0031380279896006153,-0.004931704309534834,-0.0003739709816389336
25,Aggregated,LAYING,-0.0013765166308831345,0.002672269226935275,-0.00031157851900480334,0.0003462678110520016,0.0007062829904291985,-0.0010977823233133289
25,Aggregated,SITTING,-0.024799539096609893,0.037933855697579066,0.007303598450673407,-0.0050548181950797345,-0.007572212906286305,-0.02993313814841398
25,Aggregated,STANDING,-0.01549671839484497,0.024039448517039617,0.004439149304597673,-0.0018696311515206299,-0.003689177097918695,-0.017687494671632255
25,Aggregated,WALKING,0.00824771050298503,0.0027432539168366467,-0.005085425113542783,-0.00373956850664034,-0.0008448688884468776,-0.0029602488228635693
25,Aggregated,WALKING_DOWNSTAIRS,-0.006558082999993537,0.0025627789115295454,0.002172833326163619,-0.00030739485492457347,-0.001012086065155408,0.0026237997575788113
25,Aggregated,WALKING_UPSTAIRS,0.006832239629253124,0.006085168996968715,-0.009925182828921972,-0.003179683860157694,-0.0024809129893162787,-0.002006658166758522
25,Centralized,LAYING,-0.0013765166308831345,0.002672269226935275,-0.00031157851900480334,0.0003462678110520016,0.0007062829904291985,-0.0010977823233133289
25,Centralized,SITTING,-0.024799539096609893,0.037933855697579066,0.007303598450673407,-0.0050548181950797345,-0.007572212906286305,-0.02993313814841398
25,Centralized,STANDING,-0.01549671839484497,0.024039448517039617,0.004439149304597673,-0.0018696311515206299,-0.003689177097918695,-0.017687494671632255
25,Centralized,WALKING,0.00824771050298503,0.0027432539168366467,-0.005085425113542783,-0.00373956850664034,-0.0008448688884468776,-0.0029602488228635693
25,Centralized,WALKING_DOWNSTAIRS,-0.006558082999993537,0.0025627789115295454,0.002172833326163619,-0.00030739485492457347,-0.001012086065155408,0.0026237997575788113
25,Centralized,WALKING_UPSTAIRS,0.006832239629253124,0.006085168996968715,-0.009925182828921972,-0.003179683860157694,-0.0024809129893162787,-0.002006658166758522
26,0,LAYING,0.0006763884976101438,-0.0005975584691768158,0.0009226817836551678,-0.0002585472869763239,-0.000484417238135848,-0.0002585472869763239
26,0,SITTING,0.00932013042369438,0.00747325575221611,0.006910966600877232,-0.014253292572377112,-0.00233795142674918,-0.005055902621867765
26,0,STANDING,0.009393414332895336,0.0005144972338792279,0.007674632015367046,-0.012560852176624131,0.0002373027315172175,-0.0067741456521862795
26,0,WALKING,0.0005223171826620336,0.00011761782285432306,0.002392375069881068,0.002667914587419225,0.0030461177714781146,-0.002380159597523725
26,0,WALKING_DOWNSTAIRS,0.0019822934528534526,0.0037163485739223493,0.005214241002263701,0.0023477722152540344,0.005878473622892654,-0.0027456862442353644
26,0,WALKING_UPSTAIRS,0.002437629818150137,0.004977560058987604,-0.0002767269254061881,0.00019263569648071533,0.003585850790621054,-0.003165921840477517
26,1,LAYING,0.0022148439596926064,-0.008109520201676962,0.003823087411156392,-0.0007345063523111095,0.003540601535450178,-0.0007345063523111095
26,1,SITTING,0.02082581139571701,0.017677700503621697,0.01391733442664715,-0.016890657228100594,0.0023630683612282455,0.00034573625157826795
26,1,STANDING,0.017487542298882226,0.005064025663403004,0.011139303699521017,-0.013842238477974266,0.00568677703315967,-0.0017430999968142547
26,1,WALKING,0.0007526648718400734,-0.001351932963649333,0.009146091499557576,-0.0009300552269980759,-0.001097695675513738,-0.00689360434044249
26,1,WALKING_DOWNSTAIRS,0.012714804235157647,-0.005431884258151832,-0.0011761478198812237,-0.02051509745243236,-0.005528266000930963,0.019936591296238725
26,1,WALKING_UPSTAIRS,0.012478526659895874,-0.0007433224643960043,0.004040422421106518,-0.011761956963598667,-0.001903716415326922,-0.0014705670484225013
26,2,LAYING,-0.00019047619047618907,-0.00019047619047618907,0.0009523809523809453,-0.00019047619047618907,-0.00019047619047618907,-0.00019047619047618907
26,2,SITTING,0.00710874247722615,0.009612878563649813,0.00809941035799117,-0.006416204226020908,0.002572630589952262,0.0032649664796256996
26,2,STANDING,-0.00026015879195651965,0.004396054596150266,0.0037038366331770575,-0.0013510265148697148,0.0012653798476386573,0.00315307038841312
26,2,WALKING,0.0016796245432400608,0.004367837200345241,0.013111966035276024,0.007666797172812887,0.0032093094036685305,-0.014948926048395424
26,2,WALKING_DOWNSTAIRS,-0.0008750981743360327,0.004406015655103715,-0.005280730534807123,0.004936121242113511,0.0039037701260239937,-0.014961046056033574
26,2,WALKING_UPSTAIRS,0.00407231881266906,0.008910528829301483,0.0289099149611205,0.013946151998091964,0.007653160766601144,-0.028155029083935544
26,3,LAYING,0.001327441930278811,-0.0022186573605013173,0.001327441930278811,-0.0008818342151675577,0.001327441930278811,-0.0008818342151675577
26,3,SITTING,0.02945739555365411,0.025597544926389205,0.025697747004179334,-0.016582176467039283,0.0006690736248224685,0.008328986533474804
26,3,STANDING,0.016433351129030625,0.011681112313464446,0.015265208742955274,-0.010099639193458533,0.0005292375775898382,0.004845541954577616
26,3,WALKING,-0.0008420807828459627,-0.0006377446100359433,0.00599983488075592,-0.00012299966515464945,-0.0006377446100359433,-0.0037592652126834207
26,3,WALKING_DOWNSTAIRS,0.0009651402626429329,0.009805107694490802,0.005339723473693266,0.003991980307768286,0.010198008385454092,-0.01418773010807612
26,3,WALKING_UPSTAIRS,0.00023052627498454197,0.008946716664035891,0.012725134187291277,0.004685354639243563,0.00933887352678099,-0.02058133675013666
26,4,LAYING,0.0013586441021163095,-0.0036674607920372496,0.003750543390567316,-0.0015314343929053898,0.0027904996029373204,-0.002700791910678307
26,4,SITTING,0.0037860830068319985,0.004215870730286183,0.0018703558015222147,-0.004298437005213793,-0.003415380745211038,0.0027626255949078356
26,4,STANDING,-0.0001404024846508552,-0.0026552853267248727,0.0021783033235257747,-0.002084445989176563,-0.0009943038397244993,0.0004703278651381389
26,4,WALKING,0.0033392436176345316,0.005525003256222042,0.006448740768148851,0.00267252240334851,0.003526655871153392,-0.010889455293796728
26,4,WALKING_DOWNSTAIRS,0.0032959944901535024,0.002323216067274554,-0.0023433164419669195,-0.0010929691979985445,0.0015662111051823653,0.0036394298688278938
26,4,WALKING_UPSTAIRS,0.006020619324729036,0.010267481106773939,0.012804932843264128,0.004445522168701204,0.0067675999418053984,-0.016091206247723925
26,5,LAYING,0.001886681383370125,-0.005577630610743178,0.0031169977924944705,-0.004011773362766735,0.002222222222222222,-0.004347314201618822
26,5,SITTING,0.025077952633462068,0.01560614967223171,0.015741088973096982,-0.016728750580796384,-0.0022127527744696136,-0.008587584027420887
26,5,STANDING,0.019778675539089227,0.006525482117567815,0.013733161224269467,-0.014529284473264526,-0.0002160010015604267,-0.010113088969393478
26,5,WALKING,0.0006960031485988104,0.0002692850589338285,0.02074243424345397,0.011590753397380926,0.003146038991810375,-0.01892659038160739
26,5,WALKING_DOWNSTAIRS,0.008785685512675277,-0.00537058550344934,-0.0026381164454930108,-0.010140105637085598,-0.006743686941849938,0.009117712006536147
26,5,WALKING_UPSTAIRS,0.007892338105578567,-0.0046539845747993365,0.025969883578055457,0.005189159469714767,-0.002297450974631987,-0.01670955521352723
26,Aggregated,LAYING,0.001182835428297276,-0.0032473880718954283,0.002246122462576298,-0.0011745205035597005,0.0014646785194532886,-0.001410670390086945
26,Aggregated,SITTING,0.01579086276201067,0.013310542462055739,0.011977844141355923,-0.012573951333037896,-0.0004020979474624227,9.026375210612891e-05
26,Aggregated,STANDING,0.010458405905324816,0.004293274609644851,0.00899907415172662,-0.008996102967155216,0.0011064322365788414,-0.0015574200231887932
26,Aggregated,WALKING,0.0011013358660155181,0.0015006088982481107,0.009796451845686987,0.003940410366344306,0.0018851491455269024,-0.009854086876832875
26,Aggregated,WALKING_DOWNSTAIRS,0.00462370984260687,0.0013415303877152543,-0.00025980042354016916,-0.003614880172637558,0.0012580393062994707,0.0004306726354378784
26,Aggregated,WALKING_UPSTAIRS,0.0055913997857093955,0.004330730803944842,0.013863958413399036,0.002545381733551768,0.003640539346189695,-0.013985082536135677
26,Centralized,LAYING,0.001182835428297276,-0.0032473880718954283,0.002246122462576298,-0.0011745205035597005,0.0014646785194532886,-0.001410670390086945
26,Centralized,SITTING,0.01579086276201067,0.013310542462055739,0.011977844141355923,-0.012573951333037896,-0.0004020979474624227,9.026375210612891e-05
26,Centralized,STANDING,0.010458405905324816,0.004293274609644851,0.00899907415172662,-0.008996102967155216,0.0011064322365788414,-0.0015574200231887932
26,Centralized,WALKING,0.0011013358660155181,0.0015006088982481107,0.009796451845686987,0.003940410366344306,0.0018851491455269024,-0.009854086876832875
26,Centralized,WALKING_DOWNSTAIRS,0.00462370984260687,0.0013415303877152543,-0.00025980042354016916,-0.003614880172637558,0.0012580393062994707,0.0004306726354378784
26,Centralized,WALKING_UPSTAIRS,0.0055913997857093955,0.004330730803944842,0.013863958413399036,0.002545381733551768,0.003640539346189695,-0.013985082536135677
27,0,LAYING,0.0,0.0,0.0,0.0,0.0,0.0
27,0,SITTING,-0.004916976908120274,0.011760252812046259,-0.0032263509320821474,0.005123182204109352,-0.007628660141435895,0.005559820506315565
27,0,STANDING,-0.003276610971157211,0.005518047749824228,-0.0016165111424440322,0.0045243021922592615,-0.00453353065200105,0.004708978148194233
27,0,WALKING,-0.007909501133543191,-0.013137704733197605,0.008782351715098587,0.004916368961902685,0.002627963777566615,0.004973525839750351
27,0,WALKING_DOWNSTAIRS,-0.01685093069026469,-0.02214994402665497,0.014219944033709965,-0.009207243589147854,0.012045479123565758,0.00388212276757479
27,0,WALKING_UPSTAIRS,-0.002737508702952668,-0.0024762324719369423,0.0026365536204929507,-0.018668313700125446,0.007328800256146294,-0.0010061021928082577
27,1,LAYING,0.0,0.0,0.0,0.0,0.0,0.0
27,1,SITTING,0.005699256368311339,0.01383968515599787,-0.0052258131166829725,0.005312814729284072,-0.01651331341275522,0.01032539519869337
27,1,STANDING,0.007250794341085989,0.00731814340364514,-0.003688979420601643,0.005842531596741734,-0.009078246543517703,0.008840434326063231
27,1,WALKING,-0.005379920168379012,-0.007485128084516415,0.0052318601923663,0.0029228716238772173,-0.001157799386040446,0.0004698357398349858
27,1,WALKING_DOWNSTAIRS,-0.020450439443886134,-0.019996441422845117,0.01140362468843938,-0.0191131427986239,0.005466470173769771,-0.008068189242015744
27,1,WALKING_UPSTAIRS,-0.01451957956024562,-0.015219932798057636,0.0071793982177713375,-0.008410352712536161,-0.002283520840610246,-0.006601084770089817
27,2,LAYING,-0.001238095238095229,0.0009523809523809453,-0.0007619047619047563,0.0011428571428571343,-0.001238095238095229,0.0011428571428571343
27,2,SITTING,-0.0016917244662662035,0.007636322322794057,0.0025765803635625856,0.006067631174111445,-0.005090139279777435,0.0027587354014080817
27,2,STANDING,-0.0011363256424211988,0.0007511559042574837,0.0038285089947755566,0.00674681543097163,-0.0007333345278468611,0.0014439256807681979
27,2,WALKING,-0.006891817922628591,-0.009037843598852208,0.008946590896455353,0.012299119039652974,-0.006426395483560634,0.0016784750871132014
27,2,WALKING_DOWNSTAIRS,-0.012140349222841282,-0.005839972306345245,0.004949444258913263,-0.0061498793601512695,0.00962957270765878,0.0007642986768640947
27,2,WALKING_UPSTAIRS,-0.013386265167685818,-0.011371556189234262,0.016812890127977636,0.007407671757642707,-0.006514154855820792,-8.441244453307739e-05
27,3,LAYING,-0.00026455026455026733,0.0014991181657848481,0.0010582010582010693,0.0014991181657848481,0.0,0.0014991181657848481
27,3,SITTING,-0.0003997422994138448,0.018496989525298088,0.0049093787381296276,0.005105047351238196,-0.01653792271735696,0.008458860629684779
27,3,STANDING,0.0005336508433311479,0.007862351968705847,0.0071789729479465195,0.004569378963433975,-0.005935302669905169,0.006534249588665695
27,3,WALKING,-0.001522353293845352,-0.0021276992057950362,0.0007010796865436764,0.0031687318116888903,-0.00010987949929608943,-0.00010987949929608943
27,3,WALKING_DOWNSTAIRS,-0.0011542250951669035,-0.003754838735151178,0.007414378492772641,-0.010058044855447689,0.006156785434718908,0.0013959447582742202
27,3,WALKING_UPSTAIRS,-0.0024808789432768947,-0.0050462229941891906,0.005904712820133921,-0.0033320507909377645,0.0041077372910025755,0.0008467026172673475
27,4,LAYING,-0.0019999999999999853,0.0029523809523809346,-0.0005714285714285671,0.0029523809523809372,-0.0005714285714285671,0.002952380952380939
27,4,SITTING,-0.0028894805666568454,0.0024697350449748765,0.004325661387771654,0.004478799109232359,-0.002761091386592022,0.0019145268065632764
27,4,STANDING,-0.003618618913215777,-0.0037820486413618322,0.00535976764920896,0.006695450325385783,0.0011199510550595853,0.004337858075485043
27,4,WALKING,-0.005257963592507806,-0.011292534372077456,0.007086923868585814,0.001268739218459371,-0.00045136892084500594,0.0033055039825471582
27,4,WALKING_DOWNSTAIRS,-0.012320119092042829,-0.016005223005300627,0.009485772561165987,-0.006547645893934227,0.00477887010348628,0.002967216294367338
27,4,WALKING_UPSTAIRS,-0.005512225214036837,-0.006467380198029223,0.010669991591610858,-0.003745066821007134,-0.002096325524581622,0.0015437272832678818
27,5,LAYING,0.0007873436350257427,0.002994849153789551,0.0010080941869021235,0.003767476085356883,0.0010080941869021235,0.003767476085356883
27,5,SITTING,0.005389085397163795,0.014373043099082921,-0.006164570870899392,0.004615055963981669,-0.021847121924278047,0.0045604342608748585
27,5,STANDING,0.006423770910394702,0.0080936756290125,-0.0026925601299976148,0.006133460300317245,-0.013361990530793077,0.0057632926216244895
27,5,WALKING,-0.020377790018663633,-0.027697973662456788,0.01891627606125311,0.015891603555021474,-0.00541062421438339,0.006929112480753759
27,5,WALKING_DOWNSTAIRS,-0.021242177034292778,-0.029750493208362785,0.02091085410044135,-0.010795672625775157,0.01268514865831524,-0.0007484277853674096
27,5,WALKING_UPSTAIRS,-0.01933034667594636,-0.025444913738987236,0.013575151561890639,0.0015161596761940044,-0.010287547390443727,0.0006922172880133767
27,Aggregated,LAYING,-0.00046586270911272616,0.0013248104158527822,0.00011070567950536662,0.0014650110362074216,-0.00015439621606999447,0.0014650110362074216
27,Aggregated,SITTING,0.00019205522741572907,0.011435214621021567,-0.0004946268778814772,0.005110465942631525,-0.011613321715412865,0.00560710793120707
27,Aggregated,STANDING,0.0009173163385487978,0.004276707600649127,0.0014913334142858743,0.005767162545626211,-0.005402959286796093,0.005282852535662909
27,Aggregated,WALKING,-0.007868589465713217,-0.011766173962229131,0.008312633085255814,0.006755862414609077,-0.0019288569114142673,0.0028303968735713825
27,Aggregated,WALKING_DOWNSTAIRS,-0.01422884495383238,-0.016536550234512056,0.011620615742680251,-0.010335127225469302,0.008548576824751688,-2.0045764874795e-05
27,Aggregated,WALKING_UPSTAIRS,-0.009777429428064727,-0.01117893199612618,0.009364900871530408,-0.004292773150900264,-0.0016787750717177274,-0.0008037864099763647
27,Centralized,LAYING,-0.00046586270911272616,0.0013248104158527822,0.00011070567950536662,0.0014650110362074216,-0.00015439621606999447,0.0014650110362074216
27,Centralized,SITTING,0.00019205522741572907,0.011435214621021567,-0.0004946268778814772,0.005110465942631525,-0.011613321715412865,0.00560710793120707
27,Centralized,STANDING,0.0009173163385487978,0.004276707600649127,0.0014913334142858743,0.005767162545626211,-0.005402959286796093,0.005282852535662909
27,Centralized,WALKING,-0.007868589465713217,-0.011766173962229131,0.008312633085255814,0.006755862414609077,-0.0019288569114142673,0.0028303968735713825
27,Centralized,WALKING_DOWNSTAIRS,-0.01422884495383238,-0.016536550234512056,0.011620615742680251,-0.010335127225469302,0.008548576824751688,-2.0045764874795e-05
27,Centralized,WALKING_UPSTAIRS,-0.009777429428064727,-0.01117893199612618,0.009364900871530408,-0.004292773150900264,-0.0016787750717177274,-0.0008037864099763647
28,0,LAYING,-8.986267349619936e-06,0.00123641656129439,-0.0005105712394634753,-0.0002601932864413514,-0.00038355022914982604,-7.311553889011724e-05
28,0,SITTING,-0.016566564136796892,0.025497806961488775,-0.026531828597800854,-0.017973430166745588,0.01723552660719221,0.011667221791829673
28,0,STANDING,-0.011516015702955195,0.014879181044996153,-0.019473596861355795,-0.013149694594935288,0.013353109256109282,0.01058234153346545
28,0,WALKING,-0.0059492435995654605,-0.006378976801751848,0.00483465050269762,0.005415569183813157,0.0018802987335280734,0.0001977019812784364
28,0,WALKING_DOWNSTAIRS,0.010224959264427588,-0.02745952735145866,0.009345045128953837,0.011475952796689266,-0.0031842854923246253,-0.009383746548228636
28,0,WALKING_UPSTAIRS,0.008954037595293859,-0.012644139539158234,0.004006626783284044,0.0014571276226702401,-0.0055002078632358335,-0.0035677998900671254
28,1,LAYING,-0.003522581520089981,0.0029042116685383886,-0.00500088860931995,-0.005293171039533414,0.00545621475020248,0.00545621475020248
28,1,SITTING,-0.018382634737020228,0.03529466750455345,-0.04248271607337962,-0.03147350977911402,0.02757295027887082,0.021844857083941353
28,1,STANDING,-0.01071462247731356,0.020956259328878814,-0.02815322800164381,-0.023518819397226186,0.01654418076915233,0.02016625795708858
28,1,WALKING,-0.01291772467534397,0.0017386223795870682,0.0032967110882303604,0.008191259135492542,0.000509548243818501,-0.0008184161717845714
28,1,WALKING_DOWNSTAIRS,0.013233059664775207,-0.016588716708083057,0.006227673467403312,0.009113132043057432,-0.003144836321128618,-0.00884031214602426
28,1,WALKING_UPSTAIRS,-0.01185595803135807,0.0005614230355746689,0.004716729387781085,0.006536250172565401,0.0016203290217139952,-0.0015787735862771229
28,2,LAYING,-0.0006666666666666617,-0.00019047619047618907,-0.0006666666666666617,-0.0006666666666666617,0.001238095238095229,0.0009523809523809453
28,2,SITTING,-0.031186682138297027,0.04137577040956322,-0.041615158425762876,-0.03706872422859699,0.038279905628578276,0.023152288433487885
28,2,STANDING,-0.017738000725106704,0.01958563180314656,-0.019144360411632148,-0.016817702271207522,0.01775490200431419,0.011939482548371932
28,2,WALKING,-0.013116955780203313,0.0016314019880900106,0.003273912793941902,0.0041380771961010135,0.004805398010880325,-0.0007318342088099412
28,2,WALKING_DOWNSTAIRS,0.020941839888927602,-0.02167352665268653,0.0062959200621694,0.00948393906361258,-0.007670721325617033,-0.007377451036406027
28,2,WALKING_UPSTAIRS,-0.007983842346444744,-0.007248667312940636,0.004982518285785251,0.013526340004847457,0.0015905032777221025,-0.004866851908969357
28,3,LAYING,-0.001146384479717825,7.504972043959057e-06,-0.0037149611617696946,-0.004420428533903742,0.0022120905099628535,0.0017711734023790745
28,3,SITTING,-0.026583057840263057,0.04939312435408467,-0.04450183391116854,-0.038796435633160584,0.034830741877082655,0.017322161947637603
28,3,STANDING,-0.012347549006684711,0.022210225982003205,-0.020757531006841645,-0.020381057313520613,0.012504879124655926,0.009733416196938903
28,3,WALKING,-0.005244919512626433,0.004213050947652761,-0.0003294993555853887,-0.00012516318277536927,0.0021225347181348443,-0.0006360036148004178
28,3,WALKING_DOWNSTAIRS,0.009319395156107598,-0.019025938379514877,0.0034341825016175444,0.006475326112392491,-0.009535630192587788,-0.008935512033966737
28,3,WALKING_UPSTAIRS,-0.0027102961646118646,-0.007254984341815897,0.00210302793996735,0.004555696952717712,-0.0033372036813128047,-0.006216008004393471
28,4,LAYING,-0.0026776135741652923,-0.00017061989236593817,-0.004421683735616371,-0.00470739802133066,0.003274371897453431,0.0029886576117391464
28,4,SITTING,-0.01637374477978591,0.01598409860040178,-0.013962202779619593,-0.009026834408036625,0.010775387491456062,0.011122362887801988
28,4,STANDING,-0.006106984099659512,-0.0006448508631420053,-0.0021729958833833067,-0.0014803198532249223,-0.002100483507214566,0.008470622722360878
28,4,WALKING,-0.005052883970598167,-0.0030564052562250827,0.004831196893203665,0.0021382433768220126,0.0009254987610724966,0.00021435019572509743
28,4,WALKING_DOWNSTAIRS,0.00868380032977726,-0.01775954202071082,0.0037398690216339557,0.008354428012981795,-0.00547177370498018,-0.006201384313760944
28,4,WALKING_UPSTAIRS,-0.008798804391600887,0.0016672760931219358,0.0007199688671602123,-0.00046387475900627935,-0.0014898005742363532,0.0017876396977575756
28,5,LAYING,-0.0037733627667402413,-0.0023325974981604084,-0.004884473877851357,-0.004553348050036783,0.005461368653421631,0.0034598969830757793
28,5,SITTING,-0.010630836063419424,0.034566797126705844,-0.03420043942885006,-0.02659503370063789,0.023379119768241245,0.01255446637203414
28,5,STANDING,-0.004074570188605888,0.01660004424663445,-0.020594500962135297,-0.016853459702281824,0.010173201284511596,0.009944791272058095
28,5,WALKING,-0.02310618400045873,-0.007859890459608202,0.011370601999904263,0.018547255209534895,0.010986713729487228,0.0018108993196162418
28,5,WALKING_DOWNSTAIRS,0.024504537469694773,-0.039172492917166804,0.012926960127275565,0.021351045121226785,-0.010102333058055829,-0.01699947580800293
28,5,WALKING_UPSTAIRS,-0.014444002377481096,-0.006424774540022297,0.014574687171226676,0.016661955339623707,0.007565646470611269,0.0035043964327739633
28,Aggregated,LAYING,-0.0018646710109196847,0.00032278267398782776,-0.003094892849113802,-0.003220038137804288,0.0027224585900701144,0.002328024046404793
28,Aggregated,SITTING,-0.02001872801909482,0.033604052389001375,-0.033837229118007205,-0.026797403321536024,0.025362346837296334,0.016218519147673978
28,Aggregated,STANDING,-0.010491737601327015,0.015709492932095188,-0.018446744225180677,-0.01546006869954514,0.011434815014180037,0.011853224931985158
28,Aggregated,WALKING,-0.011010074339949716,-0.0015164496894988907,0.004530763390516799,0.006385695875370099,0.003509175909088533,-4.087709114575233e-06
28,Aggregated,WALKING_DOWNSTAIRS,0.014800743696255001,-0.023965161151770425,0.007117196257438264,0.011269220939318002,-0.006651908415662392,-0.00981849236023506
28,Aggregated,WALKING_UPSTAIRS,-0.006116837253636772,-0.005176073365325765,0.0052913854801498435,0.007097645459748619,0.00015949086469204676,-0.0016986506075615314
28,Centralized,LAYING,-0.0018646710109196847,0.00032278267398782776,-0.003094892849113802,-0.003220038137804288,0.0027224585900701144,0.002328024046404793
28,Centralized,SITTING,-0.02001872801909482,0.033604052389001375,-0.033837229118007205,-0.026797403321536024,0.025362346837296334,0.016218519147673978
28,Centralized,STANDING,-0.010491737601327015,0.015709492932095188,-0.018446744225180677,-0.01546006869954514,0.011434815014180037,0.011853224931985158
28,Centralized,WALKING,-0.011010074339949716,-0.0015164496894988907,0.004530763390516799,0.006385695875370099,0.003509175909088533,-4.087709114575233e-06
28,Centralized,WALKING_DOWNSTAIRS,0.014800743696255001,-0.023965161151770425,0.007117196257438264,0.011269220939318002,-0.006651908415662392,-0.00981849236023506
28,Centralized,WALKING_UPSTAIRS,-0.006116837253636772,-0.005176073365325765,0.0052913854801498435,0.007097645459748619,0.00015949086469204676,-0.0016986506075615314
29,0,LAYING,0.00010837063042363205,-0.0022119396556586116,-0.0007207763236806478,-0.0015580926117391277,-0.0010046974405919765,0.0004122536766210642
29,0,SITTING,0.10263132741521729,-0.14794879674238537,0.062331344587083115,-0.0424048308883405,-0.0510066643250108,0.029626183044853763
29,0,STANDING,0.03895284784108277,-0.06480685607077068,0.03233647080175023,-0.021209509660194647,-0.02862866420274262,0.0110084289435926
29,0,WALKING,-0.009686139194883491,-0.0012805223604438162,0.009591986651923198,0.005595952676168002,-0.0099291369772906,0.012075684927191167
29,0,WALKING_DOWNSTAIRS,-0.01427055328984405,0.0004452521741514761,0.015275545874919465,0.012986286417951264,0.003569912254419948,0.017029227967709684
29,0,WALKING_UPSTAIRS,0.005600919210112687,0.005086064479574651,0.008466994543120172,0.010093994613270102,-0.014091872118032036,0.00706105775435154
29,1,LAYING,0.011347607601637373,-0.01359473981212355,0.008565071967260755,4.180155899436988e-05,-0.008391875987977816,0.0020321346722088278
29,1,SITTING,0.14678773808566076,-0.16697046485112982,0.060678228308063,-0.08339730796509592,-0.08678499433835145,0.01139156353291534
29,1,STANDING,0.04769097793777095,-0.07537816094724807,0.030128291301388624,-0.03812874646491405,-0.043126924805935156,0.002034377220424048
29,1,WALKING,-0.007970695870749956,-0.0007096527807920713,0.008536966893492147,0.00036164255874899056,-0.01431467074823489,0.01409640994753567
29,1,WALKING_DOWNSTAIRS,-0.02656073730842727,-0.009730331710423083,0.018405660405254935,0.012739621639854764,0.03220566195333481,0.007320290309662077
29,1,WALKING_UPSTAIRS,-0.012762604588221597,-0.00829117009516803,0.02093226939381037,0.008381258477786679,-0.007753726497489128,0.01807910520376613
29,2,LAYING,0.0019169811298921128,-0.0034993704949599184,0.0014462019091128894,-0.00017284570993471768,8.935152880629182e-06,0.0003000980130090055
29,2,SITTING,0.14475564337256525,-0.16481292701982966,0.062431227665524336,-0.0855632943486533,-0.088944889708772,0.009794834478283925
29,2,STANDING,0.054036942218638015,-0.07051768454907609,0.02683724139789637,-0.03901759982956882,-0.04212455569592095,0.0005686939333761641
29,2,WALKING,-0.0037873862274768995,-0.0010334896127040046,0.006830521250607223,-0.0009341959012981571,-0.017246940099380974,0.010895264643635794
29,2,WALKING_DOWNSTAIRS,-0.011084892101935615,0.006947979064327366,0.009325142068870768,0.00735232100839854,0.0011975369401077815,0.002919766008068288
29,2,WALKING_UPSTAIRS,-0.00783458348515162,-0.000377715480323222,0.009613851432638753,0.0003781794852475299,-0.03674790475714091,0.024718172804729432
29,3,LAYING,0.00364286190386019,-0.005273816322237049,0.0024889724520984024,1.2331677585281087e-05,-0.0019465111761261403,0.0010761614648193197
29,3,SITTING,0.12324123655631537,-0.15862319631480457,0.06629205665473001,-0.07625112543656647,-0.0833861803785786,0.007614432598183712
29,3,STANDING,0.03255561317752671,-0.061531824332882755,0.028426998631189877,-0.031222099823504226,-0.035134991139154866,0.00041637771800215204
29,3,WALKING,-0.0023426096658802982,-0.000537780276777385,0.002275957202840593,0.0008634120175477248,-0.0065333463184842865,0.006274367040753649
29,3,WALKING_DOWNSTAIRS,0.0006067508358446642,0.008238567818058736,0.0052214945671951105,0.0059708917028612075,-0.007569108118543333,0.005799580030535343
29,3,WALKING_UPSTAIRS,0.002172144124327613,0.006472840397848535,0.005747220723401822,0.004791557796347227,-0.020604198992796814,0.014280203250320578
29,4,LAYING,0.00743918429278438,-0.00803617438619365,0.004431594225995596,0.00020712567304388232,-0.0040539625590452965,1.2232753415062728e-05
29,4,SITTING,0.09549795330756569,-0.1236694104204858,0.057565516364334414,-0.04504583004807505,-0.04508923161953827,0.021076312168805844
29,4,STANDING,0.01684794184339389,-0.03997679814654734,0.026605934352505436,-0.012522877111513458,-0.016844894140068685,0.01100505498049167
29,4,WALKING,-0.003812251908416335,-0.005995547737308312,0.012310389176567663,0.002992445740440645,-0.02107396183655248,0.010296915758396174
29,4,WALKING_DOWNSTAIRS,-0.011558607003170908,-0.0016357473189084351,0.005915004917455037,0.009688507232182075,0.007675383547909069,0.007968080095629743
29,4,WALKING_UPSTAIRS,-2.4418356325714122e-05,-0.008430921538576004,0.01458328668330151,0.005857713016378788,-0.03961947170134814,0.017051801314558992
29,5,LAYING,0.0047032556089250865,-0.01121293616770243,0.003261018669999407,-0.0008612188615451951,-0.002303455800470875,-0.000297480226247826
29,5,SITTING,0.09745966179748018,-0.13548938473950045,0.052739110992287765,-0.06148185461162944,-0.06683259636348111,0.017176491496271023
29,5,STANDING,0.026633886051837412,-0.061658314619220916,0.027776283496387392,-0.028244418910487852,-0.03213636750712203,0.006228248542920042
29,5,WALKING,-0.013074577005695632,-0.004683095254750094,0.012637306413546564,-0.00160718395633934,-0.023043716882690395,0.018021870887453318
29,5,WALKING_DOWNSTAIRS,-0.028479048634000907,-0.006488668303489855,0.021663600808233794,0.008442238912238217,0.026198689386134157,0.0080102164442375
29,5,WALKING_UPSTAIRS,-0.015273426451788325,-0.010822112937412746,0.021100823135881637,0.0010171700011627001,-0.019366584647114434,0.02040962376308333
29,Aggregated,LAYING,0.00472170920933344,-0.007050833971555282,0.0031327436402768293,-0.0004030209540481629,-0.002893759761915038,0.0006135200529122827
29,Aggregated,SITTING,0.11815507298307724,-0.14968164280826712,0.06019545305862908,-0.0656016619774183,-0.07030860711892731,0.01623730112841406
29,Aggregated,STANDING,0.03637164650899894,-0.06236257536982577,0.02872096092918616,-0.028518228177713222,-0.03313063949393354,0.005115942953363147
29,Aggregated,WALKING,-0.006734909962164886,-0.0024216124630060676,0.008773973060396095,0.0011517652302115739,-0.015654440443660836,0.012045478957614073
29,Aggregated,WALKING_DOWNSTAIRS,-0.01558294513578748,-0.0005598071974329525,0.012875910589044517,0.009508963048063356,0.010972196275654126,0.008120910087209988
29,Aggregated,WALKING_UPSTAIRS,-0.004942225600996377,-0.002895970674732766,0.013546561432555627,0.0050829054187385295,-0.0223885219569205,0.01672115441820165
29,Centralized,LAYING,0.00472170920933344,-0.007050833971555282,0.0031327436402768293,-0.0004030209540481629,-0.002893759761915038,0.0006135200529122827
29,Centralized,SITTING,0.11815507298307724,-0.14968164280826712,0.06019545305862908,-0.0656016619774183,-0.07030860711892731,0.01623730112841406
29,Centralized,STANDING,0.03637164650899894,-0.06236257536982577,0.02872096092918616,-0.028518228177713222,-0.03313063949393354,0.005115942953363147
29,Centralized,WALKING,-0.006734909962164886,-0.0024216124630060676,0.008773973060396095,0.0011517652302115739,-0.015654440443660836,0.012045478957614073
29,Centralized,WALKING_DOWNSTAIRS,-0.01558294513578748,-0.0005598071974329525,0.012875910589044517,0.009508963048063356,0.010972196275654126,0.008120910087209988
29,Centralized,WALKING_UPSTAIRS,-0.004942225600996377,-0.002895970674732766,0.013546561432555627,0.0050829054187385295,-0.0223885219569205,0.01672115441820165
30,0,LAYING,0.0008291469541042799,0.0008291469541042799,0.0008291469541042799,0.0008291469541042799,0.0008291469541042799,0.0008291469541042799
30,0,SITTING,0.01379627167421297,0.004768821517464739,0.017585805614672843,0.0050161391948025935,0.01681186885843423,0.015645656095040365
30,0,STANDING,0.010619026041957611,-0.002337805170230273,0.017167404879803005,-0.0016237177304594822,0.015797266176287857,0.01384810280233004
30,0,WALKING,0.003857220648785669,-0.0004913793979978358,0.0004978306407888192,-0.0022675970480083426,0.0029414845355529838,0.001913505895473396
30,0,WALKING_DOWNSTAIRS,0.0010243283647155318,0.0028285037090309377,0.0042068331560099256,-0.009473545521428726,0.005314720039607915,-0.003900839747935612
30,0,WALKING_UPSTAIRS,-0.002255964431021385,0.0029144280345145238,0.0035861676910709517,-0.009127138177376547,0.0015714807371288873,-0.004206901219572016
30,1,LAYING,0.0,0.0,0.0,0.0,0.0,0.0
30,1,SITTING,0.025603631199960716,0.0005279558507101894,0.03798974131610817,-0.0013314572158426474,0.036970036843690886,0.029395938925469465
30,1,STANDING,0.01902921630639699,-0.018251037957126532,0.03688896598293511,-0.017169200225251556,0.03530748957872042,0.022380597429850255
30,1,WALKING,-0.002634653653347626,0.0032644010098291346,-0.0001911602048686826,0.004535390519664349,-0.0008301438328067956,0.0012544462443869863
30,1,WALKING_DOWNSTAIRS,-0.011399530475734049,0.008360284923956544,0.006632302281887922,-0.01533621005314035,-0.0017230143664143443,-0.012107602802358954
30,1,WALKING_UPSTAIRS,-0.006759981471593727,0.004905422715963852,0.0050191913156479445,-0.0015966985087547997,-0.0020700921300347737,-0.00419408492682395
30,2,LAYING,0.0015216572504707982,0.0019978477266612707,-0.00038310465429109244,0.00018832391713747472,0.0015216572504707982,0.0008679042238364225
30,2,SITTING,0.020973715089489583,0.011460151032364705,0.023668176318960937,0.010547514402517898,0.021404613518634586,0.0232253273648125
30,2,STANDING,0.011798406149926437,-0.0040516848409291855,0.01686568397956884,-0.007402825916581435,0.015043111059111896,0.018441413766192537
30,2,WALKING,0.0007679372715705457,-0.0011118847244953453,0.0032463159576202284,0.007285302387648963,-0.0023002262739589504,0.002724290712451011
30,2,WALKING_DOWNSTAIRS,-0.0028606969364498728,-0.0015117395404016243,0.002638378476907599,0.0023000946608897027,-0.0007615366005842154,0.0001954999396384105
30,2,WALKING_UPSTAIRS,0.0020301650747854985,0.003539482660087349,0.0026839895967202634,0.007039707059518323,6.231730575663544e-05,0.0020301650747854985
30,3,LAYING,0.001056354284975584,0.001056354284975584,0.001056354284975584,0.001056354284975584,0.001056354284975584,9.233866127426419e-06
30,3,SITTING,0.017373310553159025,0.004702308165954148,0.03383387161242015,0.005426744347205584,0.028325630748857734,0.030086033732067186
30,3,STANDING,0.008178540299996576,-0.012614929858024933,0.02959603869893385,-0.010724824394857422,0.02277407358936262,0.02473097687729494
30,3,WALKING,0.001021680864050097,0.001021680864050097,-0.001021680864050097,0.002043361728100194,-0.001021680864050097,-0.002043361728100194
30,3,WALKING_DOWNSTAIRS,0.0038066391117582477,0.0005454824109205651,-0.0007895600806523296,-0.0018636872843219225,0.000599406781550003,-0.0022982809392545636
30,3,WALKING_UPSTAIRS,0.004489808113014617,0.0014554157511277323,-0.0023408744144548174,0.0012603150514128747,-0.0008081858164090313,-0.004056478684691377
30,4,LAYING,0.001238095238095229,0.001238095238095229,-0.00019047619047618907,0.0009523809523809453,0.001238095238095229,0.001238095238095229
30,4,SITTING,0.008727094224522544,-0.005134304722099933,0.017803136129716412,-0.0051883449087427,0.017590326844594363,0.015455823775292936
30,4,STANDING,0.0027925060297647112,-0.02019694048234496,0.017639540126177394,-0.019345008482782377,0.01639616806371211,0.015136482732238958
30,4,WALKING,0.004574913435625253,0.00112130446917967,0.003532048022977653,-0.0027756780355487304,0.0006380747074990885,0.0035320480229776518
30,4,WALKING_DOWNSTAIRS,-0.0007985471353387175,0.003845326680337451,0.001847311533974925,-0.002440708531830821,-0.0018427119272397263,-0.0014925603836826748
30,4,WALKING_UPSTAIRS,0.00604998512765759,0.005269195569206459,0.0059662763442577225,-0.0032432250227722326,0.000528464091775103,0.002588909538689715
30,5,LAYING,0.002442972774098599,0.002442972774098599,0.001118469462840314,0.002442972774098599,0.002442972774098599,0.002442972774098599
30,5,SITTING,0.015615360529450298,-0.003860541884783993,0.027029849308554312,-0.0022462951354818364,0.029319467005455114,0.01785143335976326
30,5,STANDING,0.009759957444522372,-0.01880481264224912,0.024983358703420118,-0.016702629434075165,0.028161505352274237,0.015383369239209127
30,5,WALKING,0.006219568011952717,-0.0014344972735735753,0.0026718191825176353,0.013049854995155034,0.0011772323054213406,0.00824026520276941
30,5,WALKING_DOWNSTAIRS,-0.005354829527905674,0.000418512889579196,0.0038555353267812637,-0.00783993099787378,-0.004730516272486638,-0.008204040966418847
30,5,WALKING_UPSTAIRS,0.0022631884233730885,0.0009175380894389924,0.006072397842514414,0.008301066604265661,-0.003042608411614615,0.002253833295779299
30,Aggregated,LAYING,0.0011381641945182356,0.0012158279307502517,0.0004069949737235142,0.0008740206353336018,0.0011381641945182356,0.0008447713783113098
30,Aggregated,SITTING,0.017000168461505743,0.002046146348758334,0.026263279871435195,0.002004599482952135,0.024960442474311364,0.021945096081348363
30,Aggregated,STANDING,0.010383757794766682,-0.012446749408706836,0.02386830709804698,-0.011885281413695973,0.02221331266423228,0.01839678025234041
30,Aggregated,WALKING,0.002223374052045982,0.00043729121227757223,0.00152223233819206,0.003663105837772164,2.227215002974144e-05,0.0026267631186564274
30,Aggregated,WALKING_DOWNSTAIRS,-0.0027072637949966303,0.0023913694412487124,0.0031505746415147443,-0.005781091343012182,-0.0006527083428752097,-0.004718028130904801
30,Aggregated,WALKING_UPSTAIRS,0.0009466617017802622,0.003094977234709103,0.0034844965873986437,0.0004907371236939869,-0.0007367516742054306,-0.0009320808572897743
30,Centralized,LAYING,0.0011381641945182356,0.0012158279307502517,0.0004069949737235142,0.0008740206353336018,0.0011381641945182356,0.0008447713783113098
30,Centralized,SITTING,0.017000168461505743,0.002046146348758334,0.026263279871435195,0.002004599482952135,0.024960442474311364,0.021945096081348363
30,Centralized,STANDING,0.010383757794766682,-0.012446749408706836,0.02386830709804698,-0.011885281413695973,0.02221331266423228,0.01839678025234041
30,Centralized,WALKING,0.002223374052045982,0.00043729121227757223,0.00152223233819206,0.003663105837772164,2.227215002974144e-05,0.0026267631186564274
30,Centralized,WALKING_DOWNSTAIRS,-0.0027072637949966303,0.0023913694412487124,0.0031505746415147443,-0.005781091343012182,-0.0006527083428752097,-0.004718028130904801
30,Centralized,WALKING_UPSTAIRS,0.0009466617017802622,0.003094977234709103,0.0034844965873986437,0.0004907371236939869,-0.0007367516742054306,-0.0009320808572897743
31,0,LAYING,9.803200745039931e-06,-0.0002446715519283715,-1.4704801117559895e-05,0.00040233969724448593,-0.00040070583045364596,0.0002479392855100515
31,0,SITTING,-0.00511834275241357,-0.006472993267191459,-0.0040825101453754445,-0.01784863307916004,0.001152459012491004,0.003459688029811196
31,0,STANDING,-0.0028713225026200167,-0.0030121112409910973,-0.006015817143919373,-0.011523970520848543,0.002336256296632186,0.001479121974492058
31,0,WALKING,-0.0007925012439794081,0.0017712077297925215,-0.002861649247086748,-0.007501968660330533,0.0014444388207649854,0.0013185255764153118
31,0,WALKING_DOWNSTAIRS,-0.0002780613953232795,0.0023808750301065533,-0.0031233778142102596,-0.0033094438836502697,0.002245557256389591,-0.005909046009461914
31,0,WALKING_UPSTAIRS,0.004993201895692625,0.0018832581012144937,-0.00264452260488515,0.0011424585317209737,0.002126403277588261,-0.007500799201331227
31,1,LAYING,0.0002824858757062121,0.0002824858757062121,-0.0011299435028248484,0.0,0.0002824858757062121,0.0002824858757062121
31,1,SITTING,0.00564082698836876,-0.01785986196454715,-0.002074755177766238,-0.03986571286596991,0.0108701093227734,0.018634561350000852
31,1,STANDING,0.00419549609067445,-0.012251576290695725,-0.0036202211908596665,-0.025319759124176052,0.008163983815249399,0.01130926432477573
31,1,WALKING,0.0020147484843896705,0.005140473666756667,0.0051467825184545995,-0.0166936536461686,0.006320267270552518,0.009051974147281773
31,1,WALKING_DOWNSTAIRS,0.011229393016720164,0.014208935182081344,-0.0037156106861831488,0.014922750139925478,0.02021829812173182,-0.023036027028504158
31,1,WALKING_UPSTAIRS,0.007767559573577098,0.010294012466778238,-2.3422066781264265e-05,-0.008535619695157783,0.01577929019797324,-0.005482766102867075
31,2,LAYING,-0.0011428571428571343,-0.0011428571428571343,-0.0011428571428571343,-0.0011428571428571343,-0.0011428571428571343,0.0
31,2,SITTING,0.006749028499852852,-0.00849744871343136,0.008905083670265154,-0.042916379692131953,0.01568896662327387,0.022727296101734688
31,2,STANDING,0.006290890505841721,-0.002778821385266143,0.008027468443853382,-0.023084833916212185,0.011340714759072947,0.01653081338127459
31,2,WALKING,0.0016485260039364495,-0.001587116557423244,0.0026955250628806844,-0.014348775705903141,-0.00030030297900115094,0.005988506773110908
31,2,WALKING_DOWNSTAIRS,-0.0005970100643818366,-0.0025206147750833187,-0.0018744294192205302,0.0033513770323923726,-0.000971408425876974,-0.005258882089765231
31,2,WALKING_UPSTAIRS,0.006265956545912308,0.0041367760243065715,0.005168815357539772,-0.027595641750953526,0.004274072922848592,0.007750020900346354
31,3,LAYING,0.0010582010582010693,0.0012345679012345809,-0.003174603174603209,-0.00229276895943565,0.0019400352733686269,0.0012345679012345809
31,3,SITTING,0.005335671371669289,-0.015577860237249075,0.004820395712070898,-0.03907735205086477,0.013537641072937041,0.023442707138955434
31,3,STANDING,0.004877450193611452,-0.006369739388358843,0.0011300331780266907,-0.018470079973526902,0.009726743098094128,0.015043247518575999
31,3,WALKING,0.00015943940061834602,0.0015977531013880275,0.0013854564374784625,-0.014076259851623845,0.0011731597735688973,0.009760451138570138
31,3,WALKING_DOWNSTAIRS,0.00014989804494393207,0.0017461167149412555,0.0008542549535142792,-0.003891756997798749,0.0017461167149412555,-0.0006046294305419735
31,3,WALKING_UPSTAIRS,-0.00030953726612578485,0.0029909699091034674,0.0020758150497683665,-0.018899899880936825,0.002511497328941642,0.011631154859249229
31,4,LAYING,-9.523809523809454e-05,-0.0009523809523809453,-0.0024761904761904565,-0.0024761904761904574,0.00038095238095237814,-9.523809523809454e-05
31,4,SITTING,-0.0017715091960780927,-0.004741690654725386,-0.00152637186749976,-0.01708740248058249,0.0007572358618990018,0.007128359026641924
31,4,STANDING,-0.0003341386866855589,-0.00014506168082667286,-0.0012332134473500122,-0.005577975518104806,-0.00027633242163020987,0.005051165022173043
31,4,WALKING,0.004386396905183771,0.002456521286274201,-0.0005731159941947858,-0.006159237298988655,0.00010718522907297764,-0.00021775012734741582
31,4,WALKING_DOWNSTAIRS,-0.0001708435893306992,0.005031857104713623,-0.006220215603575862,0.006615535222141726,0.001136032309557187,-0.005510475679726353
31,4,WALKING_UPSTAIRS,0.003775860625303571,0.006810844373035125,-0.005699400184454785,-0.006788645577911682,0.003992931797784082,-0.003246871189194119
31,5,LAYING,0.001115526122148632,-0.0017630610743193645,-0.004104488594554819,-0.004104488594554817,0.0013392200147166948,0.0008947755702722512
31,5,SITTING,0.009570722277918954,-0.007780910158420955,-0.0001411110327866761,-0.026483102867479562,0.007495927427205547,0.008283579050789707
31,5,STANDING,0.009708450653698408,-0.0019273370544511293,-0.0018360115011905101,-0.014861430987094085,0.007486997355413585,0.004619124197100597
31,5,WALKING,0.0027212153728604195,0.0017895971420325576,0.00428716655975636,-0.02208124965847637,0.0035717863213938364,0.009711484262433215
31,5,WALKING_DOWNSTAIRS,0.010532758504278041,0.002739337231530642,0.0004482144009660997,0.01767465183354244,0.00659596039095521,-0.016135652812947807
31,5,WALKING_UPSTAIRS,0.011178232595839655,0.006839236857451058,0.00443073556617287,-0.010875001490706141,0.009592797098292145,-0.0025751687085435347
31,Aggregated,LAYING,0.00019090471730880408,-0.00037144212291445784,-0.0019225990758629118,-0.0014991936526444634,0.00037875007602778586,0.0004224693326427091
31,Aggregated,SITTING,0.0034908572586886287,-0.010138079279377472,0.0011007830297528676,-0.030637557427633175,0.008393816687441517,0.014076037676834666
31,Aggregated,STANDING,0.0035147631418926,-0.004470746794857715,-0.0006156189312763738,-0.016523979894673822,0.006404044858022716,0.009049135102568141
31,Aggregated,WALKING,0.0017817313759181219,0.0018774780901317585,0.0017662784972943028,-0.013534998794863383,0.0020661354009519858,0.005932706993205619
31,Aggregated,WALKING_DOWNSTAIRS,0.0036512032950471217,0.003909900548540465,-0.002244350649303694,0.0062447301674205076,0.005206438398236298,-0.009630676673966998
31,Aggregated,WALKING_UPSTAIRS,0.005697229757570499,0.005556821413659222,0.0005187012505472192,-0.011466653489584146,0.006475241528123665,-9.386897040635593e-05
31,Centralized,LAYING,0.00019090471730880408,-0.00037144212291445784,-0.0019225990758629118,-0.0014991936526444634,0.00037875007602778586,0.0004224693326427091
31,Centralized,SITTING,0.0034908572586886287,-0.010138079279377472,0.0011007830297528676,-0.030637557427633175,0.008393816687441517,0.014076037676834666
31,Centralized,STANDING,0.0035147631418926,-0.004470746794857715,-0.0006156189312763738,-0.016523979894673822,0.006404044858022716,0.009049135102568141
31,Centralized,WALKING,0.0017817313759181219,0.0018774780901317585,0.0017662784972943028,-0.013534998794863383,0.0020661354009519858,0.005932706993205619
31,Centralized,WALKING_DOWNSTAIRS,0.0036512032950471217,0.003909900548540465,-0.002244350649303694,0.0062447301674205076,0.005206438398236298,-0.009630676673966998
31,Centralized,WALKING_UPSTAIRS,0.005697229757570499,0.005556821413659222,0.0005187012505472192,-0.011466653489584146,0.006475241528123665,-9.386897040635593e-05
32,0,LAYING,8.536549559668798e-05,8.536549559668798e-05,-0.000163378590634596,8.291469541042799e-05,8.536549559668798e-05,-0.0001756325915658959
32,0,SITTING,0.0009489084643586683,-0.004038205005024136,0.01620619416945401,0.013314083299296318,0.009405077845214096,-0.020518173579285457
32,0,STANDING,0.0005755097603861817,-0.002749293919661821,0.012272152076893248,0.010068599047221988,0.007319572812095361,-0.018291137478084397
32,0,WALKING,0.004491704517631729,-0.00029249532264056616,-0.0019288211085573177,-0.0015949520553045827,-0.001974143315516071,0.0012987072843868113
32,0,WALKING_DOWNSTAIRS,-0.00512775147789255,-0.0031259269280303,-0.0026864084083446935,-0.004454366834599475,-0.0012261275069311553,-0.000592533598300186
32,0,WALKING_UPSTAIRS,-0.0014028379614012098,-0.004756440319978729,-0.0025896238365872033,-0.0043971257815597084,-0.008214081268185413,0.006660878050570735
32,1,LAYING,0.00037878787878787846,0.00037878787878787846,0.00037878787878787846,0.00037878787878787846,0.00037878787878787846,-0.0018939393939393923
32,1,SITTING,0.007431534889925774,-0.004579054831875913,0.01300615017778998,0.012238743205047076,0.01064558882248652,-0.01732235388624327
32,1,STANDING,0.008142984062738378,-0.002521054802557205,0.007384999618477983,0.007761187181488905,0.008382173242158049,-0.013873658418738732
32,1,WALKING,-0.004012839380657288,0.004295714978160079,0.004571780720327516,0.00055126623254243,0.006019272584745888,-0.005840779550703065
32,1,WALKING_DOWNSTAIRS,-0.011215339829348818,-0.005344409964380154,-0.005344409964380152,-0.008866967883361348,-0.002408945031895852,-0.009454060869858191
32,1,WALKING_UPSTAIRS,-0.003984706232332634,-0.0004598234402927781,0.0002671442608297214,-0.0017974241395238288,0.002014736615845612,-0.007619026789522473
32,2,LAYING,-0.0005735930735930668,-0.0009415584415584469,0.0013311688311688238,-0.0005735930735930668,0.002283549783549769,-0.001525974025974012
32,2,SITTING,0.00014345570413645491,-0.00442748597440821,0.009008641756037408,0.010087661504386536,0.009346475378232074,-0.008692786702819158
32,2,STANDING,-0.0020715452875220957,-0.0006253910897445505,0.0024784581581982663,0.004000856360819419,0.006860758037531097,-0.0030264625883667986
32,2,WALKING,0.005965938915285983,0.001955819587012499,0.0062504903632327755,0.0037232813288945355,0.007526490092511495,-0.003145991231247215
32,2,WALKING_DOWNSTAIRS,-0.0033423056210484933,-0.00021553463130273472,-0.00217250156291206,0.0022129743542479412,-0.0033874978787738525,0.006514621437350175
32,2,WALKING_UPSTAIRS,-0.0042608326051671785,0.007209703409583513,0.006766581216990784,0.005293942948915471,0.013313293291102852,-0.010410805109414958
32,3,LAYING,0.0,0.00035273368606702306,0.00044091710758377883,0.00017636684303351153,0.0006172839506172904,-0.0015873015873016038
32,3,SITTING,0.0010885128977910596,-0.006285310163326882,0.008367342675354973,0.009650847349440382,0.006869713220010048,-0.01574373755821691
32,3,STANDING,-0.0004798971669389529,-0.002400007042036318,0.0009426568526550111,0.0035867029501413035,0.0016439209649599098,-0.006130255991405099
32,3,WALKING,-0.0011913610135063572,0.007179983339461713,0.009603714862236877,-0.0010944740310287026,0.011585656891452634,-0.007457491988625807
32,3,WALKING_DOWNSTAIRS,-0.00399644928995406,0.0029279894033459567,0.006662336480827022,0.005587175880942258,-0.00677904321680637,0.003858922232885794
32,3,WALKING_UPSTAIRS,-0.004020124546290355,0.010911471746520457,0.01643641910523394,0.0031963116221528118,0.008446888273756758,-0.005577212374061794
32,4,LAYING,0.0013399394439856827,0.0013399394439856827,0.0013399394439856827,0.0013399394439856827,0.004197082301128547,-0.003842554362785576
32,4,SITTING,-0.0025496854410534415,-0.0014913097491382316,0.005164617037286934,0.007416653161226725,0.0035028321174541926,-0.008895687546974887
32,4,STANDING,-0.0015374357993155321,0.0038602003649877586,-0.0008221954904563455,0.002190849801594971,0.0036517333739658413,-0.004487251089790808
32,4,WALKING,0.0024483265479630922,-0.0036046906474773766,0.0005013916372455759,-0.0036676668703527616,-0.004762692433368417,-0.0030358803552222157
32,4,WALKING_DOWNSTAIRS,-0.0042975192617051945,0.003225061383456081,-0.0018846160358987488,0.0023734484802302802,-0.0042330031326729125,0.003934738802810913
32,4,WALKING_UPSTAIRS,-0.0006731849619636632,-0.0009357948386190365,0.0009202840686821719,-0.002187911834566808,-0.004975238017194101,-0.002765274522509787
32,5,LAYING,0.0013245033112582849,0.001660044150110379,0.001660044150110379,0.001660044150110379,0.003646799116997802,-0.003328918322295804
32,5,SITTING,0.012494302350910716,-0.0018163607928539031,0.007909514169151702,0.008117544096269885,0.014102520518773476,-0.011517989370551944
32,5,STANDING,0.012198707882773038,0.002289556081430666,0.0020782390794216806,0.004194627975444875,0.013039514318152581,-0.0078097421533371856
32,5,WALKING,0.0019448835098580383,-0.0007195517660572137,0.0015019629744929875,-0.000660932097555426,0.0007589886890061626,-0.0028253513097445527
32,5,WALKING_DOWNSTAIRS,-0.007846876993976922,-0.006104045906734055,-0.001039616778774831,-0.002912556545031934,-0.002912556545031934,-0.001039616778774831
32,5,WALKING_UPSTAIRS,-0.0029942013151227453,-0.003960536228577653,4.497087933964342e-05,-0.0038736456911197437,-0.0021508490527849767,-0.005656570510240459
32,Aggregated,LAYING,0.00039152655108367257,0.0004395149869644529,0.0007803683169963882,0.00046927665232274023,0.0017612791806576045,-0.001972819797366517
32,Aggregated,SITTING,0.003285466282995298,-0.0037256039461713527,0.009945669976414601,0.010125646909158648,0.009016742213459715,-0.013628540526875841
32,Aggregated,STANDING,0.002650525845202272,-0.00044119374768899117,0.004103281370381612,0.005327781774020155,0.0067453639265007345,-0.009016993008297095
32,Aggregated,WALKING,0.0015842910803227864,0.0014482220010119302,0.0034696676613487063,-0.000417958016621417,0.003249786288594022,-0.0035783595802007574
32,Aggregated,WALKING_DOWNSTAIRS,-0.006042867631956756,-0.0015465088792396108,-0.001107722002985911,-0.0010276668715588576,-0.003487882147576421,0.0005150891832661508
32,Aggregated,WALKING_UPSTAIRS,-0.0029006224632487057,0.0012069656591939275,0.003498219150555179,-0.0007778372678026595,0.0012099066976082244,-0.004232078864315663
32,Centralized,LAYING,0.00039152655108367257,0.0004395149869644529,0.0007803683169963882,0.00046927665232274023,0.0017612791806576045,-0.001972819797366517
32,Centralized,SITTING,0.003285466282995298,-0.0037256039461713527,0.009945669976414601,0.010125646909158648,0.009016742213459715,-0.013628540526875841
32,Centralized,STANDING,0.002650525845202272,-0.00044119374768899117,0.004103281370381612,0.005327781774020155,0.0067453639265007345,-0.009016993008297095
32,Centralized,WALKING,0.0015842910803227864,0.0014482220010119302,0.0034696676613487063,-0.000417958016621417,0.003249786288594022,-0.0035783595802007574
32,Centralized,WALKING_DOWNSTAIRS,-0.006042867631956756,-0.0015465088792396108,-0.001107722002985911,-0.0010276668715588576,-0.003487882147576421,0.0005150891832661508
32,Centralized,WALKING_UPSTAIRS,-0.0029006224632487057,0.0012069656591939275,0.003498219150555179,-0.0007778372678026595,0.0012099066976082244,-0.004232078864315663
33,0,LAYING,-0.0010673234811165832,0.00016420361247947434,0.00016420361247947434,0.001395730706075532,-0.0010673234811165832,0.00041050903119868587
33,0,SITTING,0.007323150317323953,0.00970095247960088,0.009192921833745185,-0.01538926985737891,-0.01035188355746043,0.006033181604758815
33,0,STANDING,0.007725803449800354,0.0072567820142787655,0.007882627863278093,-0.010446786942676119,-0.004527527530255918,-0.0024427558738923383
33,0,WALKING,-0.00017298259292442182,0.00015573523197057182,0.0015040533013013205,-0.0006706509952257374,-0.0014259654276010465,0.0006098104824793135
33,0,WALKING_DOWNSTAIRS,-0.0038021853742832724,-0.0037562406348407586,0.004592266283849777,0.009061685127882475,-0.004764045960827913,0.007346206508632988
33,0,WALKING_UPSTAIRS,-0.0033227086552164737,-0.0027072692613410165,0.002697184886239612,0.010229047271386809,-0.006703531812159046,0.007101632862303195
33,1,LAYING,0.00018832391713747472,0.00018832391713747472,0.00018832391713747472,-0.0009416195856873736,0.00018832391713747472,0.00018832391713747472
33,1,SITTING,0.013145056427471179,0.011289679812458762,0.013213102666263172,-0.008073939943222143,-0.0032450040196251085,-0.006786401381764288
33,1,STANDING,0.013513469381282471,0.008376964224815616,0.013521559502265931,0.004117687174943001,0.004502319549849893,-0.027148882950040143
33,1,WALKING,0.007260985326996071,-0.006483731140410731,-0.0020796270536428455,-0.018839266226854216,0.005023918997001631,0.004011989669145833
33,1,WALKING_DOWNSTAIRS,-0.0013626068402091383,-0.00878014194271133,-0.003553120514545706,0.006817886400465854,-0.005993721335149364,0.012871704232149709
33,1,WALKING_UPSTAIRS,0.0034354985644509325,-0.009199151736856216,-0.0019994084371444914,-0.0111668902503541,-0.002575586482739604,0.006867959173044532
33,2,LAYING,0.0,0.0,0.0,0.0,0.0,0.0
33,2,SITTING,0.0005754597721244407,0.006918713312649932,0.0066895513433994965,-0.015166447041368842,-0.011089489962392543,0.001835009079956992
33,2,STANDING,-0.0014623658929839652,0.0022369334441404006,0.004006221400463138,-0.002796459463914987,-0.00446749274417129,-0.01074046295569901
33,2,WALKING,0.003860676333581148,-0.00216534729639418,0.0015675628905299944,-0.014995985268589326,0.00042167552144076686,-0.0050609738338589245
33,2,WALKING_DOWNSTAIRS,-0.002539227067322921,0.004398664606524696,0.000609055288961389,0.004192972464538693,-0.0007099371140773988,0.002309683465750086
33,2,WALKING_UPSTAIRS,0.007432585218645176,-0.003741611155871877,0.00035037905351405067,-0.02573423007463265,0.00022459936295126474,0.003556394443383496
33,3,LAYING,-8.818342151675576e-05,8.818342151675576e-05,-8.818342151675576e-05,-0.002733686067019429,-0.0025573192239859172,8.818342151675576e-05
33,3,SITTING,0.004277529734558052,0.005969169979359168,0.011065676755494722,-0.015262840188630805,-0.011833955995734252,-0.0045814339435834555
33,3,STANDING,0.002453846094888685,0.00022329902685129028,0.0068058997388532804,-0.004286864556378085,-0.003698340385952973,-0.01957693596345988
33,3,WALKING,0.005622682798567965,-0.006434266880052465,-0.0010649828078229616,-0.01361500891900365,0.0013296361955833392,-0.004464088447262599
33,3,WALKING_DOWNSTAIRS,0.002144187357614073,-0.00020771589636557527,-0.00019640989823743922,-0.0030684920858710177,-0.007596164668957127,0.000663663700576454
33,3,WALKING_UPSTAIRS,0.008338243903753822,-0.007566841840881102,-0.0014600319907128198,-0.01978292057316979,-0.003822026660236534,-0.005100176666065246
33,4,LAYING,-0.00028571428571428357,-0.0011428571428571343,-0.001428571428571418,-0.001428571428571418,-0.001428571428571418,0.0
33,4,SITTING,0.002116371091189855,0.00515110476940688,0.007353528246847749,-0.00021098951192468382,-0.004532486646783449,-0.00689467932830391
33,4,STANDING,0.0012646491997984506,-0.0006158474624593806,0.002933525489342889,0.008874971914592366,0.003511092544145369,-0.023371469807375853
33,4,WALKING,0.0025607096303814653,0.0046976339556691424,0.0030994547253084407,-0.004528136591974917,-0.0033867873931810654,0.003905525876945683
33,4,WALKING_DOWNSTAIRS,-0.004349822470509935,-0.0019301604121381858,-0.0003563168200065562,0.007833556975658488,-0.0048235001608773215,0.0036262428878734766
33,4,WALKING_UPSTAIRS,0.0006355164062211727,0.0032601711622866226,0.003193168902707426,-0.004084867058950013,-0.006380528027248366,0.008571343809788376
33,5,LAYING,0.0005621780721118389,0.0005621780721118389,-0.0016526857983811742,-0.003330389992641645,-0.002994849153789551,0.0002310522442972677
33,5,SITTING,0.016047349554864455,0.0058696347411805174,0.006413521646224542,-0.006237911263361356,0.0017909783533257575,-0.010944365001001244
33,5,STANDING,0.016595496648971017,0.002869008011440791,0.0027135040550644945,0.002375376477345728,0.0068911136222108834,-0.0256167248713169
33,5,WALKING,0.007532761583136211,-0.002852420090735723,0.004483117123663376,-0.016236265437307766,0.003693552995829856,0.0033792538254140384
33,5,WALKING_DOWNSTAIRS,-0.002870991267575847,-0.004619068382749145,-0.0018808217128273295,0.011421759323282564,-0.006954967716326039,0.004904089756195799
33,5,WALKING_UPSTAIRS,0.006612109354884721,-0.007187189782722995,0.0035651270060833473,-0.009931054500007192,-0.0011270683520399427,0.008068076273802073
33,Aggregated,LAYING,-0.00015416204403834733,-3.0335677936540093e-05,-0.00042045441655337487,-0.001079375358742372,-0.0012781528480800572,0.00015614365797562516
33,Aggregated,SITTING,0.007174071356166215,0.007445390025101852,0.008928075537024812,-0.010121933902002507,-0.006551516477614512,-0.003592813852885732
33,Aggregated,STANDING,0.006554367844934955,0.0033802632345477117,0.006325075661430547,-0.0005328628355375652,0.0002139316484585667,-0.01786322830394039
33,Aggregated,WALKING,0.004492186539544669,-0.002138470156900598,0.0012391510270560624,-0.011707293810711892,0.0009496834571257735,0.00044181833153528747
33,Aggregated,WALKING_DOWNSTAIRS,-0.00217062411550779,-0.002511067513446578,-0.000177461401659292,0.006256338090505511,-0.005162950411887698,0.0052819713571658445
33,Aggregated,WALKING_UPSTAIRS,0.003828336406255856,-0.0045923178811088,0.0010100006554247846,-0.009766631197834559,-0.0034420170622151297,0.004900733441529234
33,Centralized,LAYING,-0.00015416204403834733,-3.0335677936540093e-05,-0.00042045441655337487,-0.001079375358742372,-0.0012781528480800572,0.00015614365797562516
33,Centralized,SITTING,0.007174071356166215,0.007445390025101852,0.008928075537024812,-0.010121933902002507,-0.006551516477614512,-0.003592813852885732
33,Centralized,STANDING,0.006554367844934955,0.0033802632345477117,0.006325075661430547,-0.0005328628355375652,0.0002139316484585667,-0.01786322830394039
33,Centralized,WALKING,0.004492186539544669,-0.002138470156900598,0.0012391510270560624,-0.011707293810711892,0.0009496834571257735,0.00044181833153528747
33,Centralized,WALKING_DOWNSTAIRS,-0.00217062411550779,-0.002511067513446578,-0.000177461401659292,0.006256338090505511,-0.005162950411887698,0.0052819713571658445
33,Centralized,WALKING_UPSTAIRS,0.003828336406255856,-0.0045923178811088,0.0010100006554247846,-0.009766631197834559,-0.0034420170622151297,0.004900733441529234
34,0,LAYING,-0.0001756325915658959,0.0014598559333913056,0.00048362052586407395,0.002494093611993353,-0.0008185591737616533,0.00148273006846306
34,0,SITTING,-0.012388314519376994,-0.03748332216558321,0.0069905675872897356,0.022758587811862106,-0.011135708714680578,0.0013247088474955026
34,0,STANDING,-0.010548999905708347,-0.02534129140901873,0.0012727486187800203,0.018051406877222138,-0.006618476897808042,-0.0008792224179230609
34,0,WALKING,-0.0013658700934949105,-0.0004083468600710793,0.0011630154292734248,-0.0007177781007353945,-0.006856524462685167,0.001735555687300359
34,0,WALKING_DOWNSTAIRS,-9.976480757532176e-05,0.003154640352958878,0.006312117363585427,-0.0019280380896307423,-0.006512915577915709,0.007609389562262512
34,0,WALKING_UPSTAIRS,0.0012270646820681519,0.0031888557757605612,0.0038796333296661025,-0.0009202697156510879,0.0030219668231446332,0.004525552296195751
34,1,LAYING,-0.0051405809582688216,-0.008565090769170378,0.001933409763004179,0.006479011054368164,0.0015470766987050095,0.0037461742113618418
34,1,SITTING,-0.02299445173705667,-0.09091451850196132,0.02273981922578795,0.04067141681508312,-0.01999217971926886,0.014007243827557216
34,1,STANDING,-0.02148680392839919,-0.0579151361284873,0.012841706775982644,0.029828610611734124,-0.013266296103986231,0.008498175578497707
34,1,WALKING,-0.005729078153612995,-0.0042269745296383224,0.007105340464816913,-0.0015832311463345897,-0.010939463033190074,0.009914128800041187
34,1,WALKING_DOWNSTAIRS,0.016203257641205778,0.020152349637942758,0.016992741580051835,-0.009736756169511983,-0.005460117032694988,0.012606642388168297
34,1,WALKING_UPSTAIRS,0.007810869599742351,0.009374217509724758,0.01739879417349351,-0.006665847280725231,-0.011073422648211107,0.015539196741927785
34,2,LAYING,0.0,0.0,0.0,0.0,0.0,0.0
34,2,SITTING,-0.01835359932749753,-0.09167550438357779,0.02242165505421865,0.04239463542982927,-0.01814682638114432,0.009391385639917494
34,2,STANDING,-0.011156208724621391,-0.0476501033425266,0.013125639992342158,0.02444079771715397,-0.011346609398004203,0.004464399256122482
34,2,WALKING,-0.007477708645380712,-0.007767181604568798,0.005342268577079154,0.005906025203096798,-0.007216341837007526,0.005877428922561619
34,2,WALKING_DOWNSTAIRS,0.00026089623009030357,0.0002739043601716044,-0.00047442528902350565,0.0003270383753827248,0.003423392951831729,-0.0038108066284528565
34,2,WALKING_UPSTAIRS,-0.01528538057160489,-0.01571657667209228,0.011820199544513871,0.00830797533461524,-0.014547748944099157,0.01679760929891842
34,3,LAYING,-0.0016848662238733085,-0.0016848662238733085,9.287402904423017e-05,0.0018565424593793456,9.287402904423017e-05,0.001327441930278811
34,3,SITTING,-0.026631359170152285,-0.08726244842494234,0.021827049864234695,0.04418012230061832,-0.020319349604284238,0.006718691839915481
34,3,STANDING,-0.015297291597173353,-0.04545621648890009,0.012994155734674976,0.025963668652217005,-0.010193099369110887,0.005623434669045363
34,3,WALKING,-0.00041510665743105615,-0.0007177796134058982,9.573377459399235e-05,9.573377459399235e-05,-0.0019284714373052662,0.002869890158954236
34,3,WALKING_DOWNSTAIRS,-0.0018051736151386518,-0.004562695356617604,-0.002165775336746769,-0.00019052242566498697,0.0028155387558697824,-0.00221462132142163
34,3,WALKING_UPSTAIRS,-0.002659407374318982,-0.0040849049685398545,-0.0021448198968159063,-0.00016089058423892448,9.847666014393315e-05,0.0013349165223859667
34,4,LAYING,-0.00230870279146142,-0.0036707258812102546,0.0003919562376807813,0.004517845673915047,0.00019929066570486357,0.0008703360953709827
34,4,SITTING,-0.011463683797463226,-0.04953094735124114,0.016671138778559434,0.02376309252504584,-0.011249236568011023,0.014349318952792676
34,4,STANDING,-0.006649198381150202,-0.021842855708743926,0.01019191583772113,0.013519483600644634,-0.004785256961599928,0.011409909400331101
34,4,WALKING,-0.006943172537742106,-0.008932403520639174,0.009764090617919859,0.005488318421575701,-0.009543119942288602,0.010598399063399757
34,4,WALKING_DOWNSTAIRS,0.006852801968514975,0.008010149788018303,0.0031255648650369856,-0.00581534875203296,-0.006335890479172472,0.0032877226096352007
34,4,WALKING_UPSTAIRS,-0.004468660129387736,-0.011273286658005168,0.014012072290907548,0.003253079005459239,-0.015161812534113113,0.017871412257943368
34,5,LAYING,-0.0029021339220014525,-0.0034613686534216135,-0.001671817512877107,0.002440029433406917,-0.0016762325239146306,0.000560706401765998
34,5,SITTING,-0.014400574158472191,-0.06446419250265117,0.015538778442068598,0.02589514725364179,-0.010150250025690796,0.00879321220322507
34,5,STANDING,-0.011822297064615133,-0.03882432332303113,0.008178726954127104,0.015180148660632517,-0.007916488081583536,0.006359091260617943
34,5,WALKING,-0.013934637583944462,-0.014230163545339068,0.006292023138381535,0.006610419364796634,-0.02075675295690755,0.006094869158770506
34,5,WALKING_DOWNSTAIRS,0.015539861058874956,0.015303677780651073,0.013795057090995893,-0.0068266810875415125,-0.013492132411113689,0.004620985463174802
34,5,WALKING_UPSTAIRS,-0.006604799241279894,-0.007175193904714906,0.017450646494726718,-0.0012412695292687717,-0.024484875054406427,0.011626856679043998
34,Aggregated,LAYING,-0.001966666357956426,-0.002514101375792671,0.00025346002749018586,0.0029539171281483534,-8.706818049324938e-05,0.0013517243636921416
34,Aggregated,SITTING,-0.0177139777159173,-0.06995041979211071,0.01762138861702422,0.03323860965417378,-0.01518893292474325,0.008963029131270282
34,Aggregated,STANDING,-0.012814951915017593,-0.03967241911211909,0.009827525127080983,0.02125353550614094,-0.009036237517232296,0.005935733725657305
34,Aggregated,WALKING,-0.006121913344725648,-0.006224366439552919,0.005179330267676409,0.0027576006074425145,-0.009622831581554914,0.006434699913305975
34,Aggregated,WALKING_DOWNSTAIRS,0.006427600088215165,0.007324803653484,0.006453530485406795,-0.004150846120729695,-0.004525910967496513,0.0036966266282150917
34,Aggregated,WALKING_UPSTAIRS,-0.0030482419225928395,-0.003942897696246826,0.0104342304725024,0.00011998162029049907,-0.010424221729835287,0.011103077116688068
34,Centralized,LAYING,-0.001966666357956426,-0.002514101375792671,0.00025346002749018586,0.0029539171281483534,-8.706818049324938e-05,0.0013517243636921416
34,Centralized,SITTING,-0.0177139777159173,-0.06995041979211071,0.01762138861702422,0.03323860965417378,-0.01518893292474325,0.008963029131270282
34,Centralized,STANDING,-0.012814951915017593,-0.03967241911211909,0.009827525127080983,0.02125353550614094,-0.009036237517232296,0.005935733725657305
34,Centralized,WALKING,-0.006121913344725648,-0.006224366439552919,0.005179330267676409,0.0027576006074425145,-0.009622831581554914,0.006434699913305975
34,Centralized,WALKING_DOWNSTAIRS,0.006427600088215165,0.007324803653484,0.006453530485406795,-0.004150846120729695,-0.004525910967496513,0.0036966266282150917
34,Centralized,WALKING_UPSTAIRS,-0.0030482419225928395,-0.003942897696246826,0.0104342304725024,0.00011998162029049907,-0.010424221729835287,0.011103077116688068
35,0,LAYING,-0.000901486001846269,-0.000901486001846269,-0.0006649837838720973,-0.000901486001846269,-0.000901486001846269,-0.0006551805831270574
35,0,SITTING,0.008631208171734727,0.0158038689296414,-0.020958710064633665,0.012935804966138185,0.002245631254686768,-0.015248712348476585
35,0,STANDING,0.006554128855564599,0.011082931672154244,-0.016432891785730788,0.010214030375302396,0.0018683470725225748,-0.01064591735168973
35,0,WALKING,-0.006529038426224406,0.004384004735597329,0.0021293737832237796,0.004052963228085233,-0.0028313527759215194,0.005243997855652369
35,0,WALKING_DOWNSTAIRS,-0.008089531296706602,0.00703494254480348,0.0015253601873971901,0.006635267703995993,-0.003399149384955165,0.004689751588927752
35,0,WALKING_UPSTAIRS,0.0005089651654537119,0.0011354591125583438,-0.001291837933059296,0.0011354591125583438,0.0005089651654537119,-0.001997010622964816
35,1,LAYING,0.00018832391713747472,0.00018832391713747472,-0.0009416195856873736,0.00018832391713747472,0.00018832391713747472,0.00018832391713747472
35,1,SITTING,0.019339982559413944,0.017077906701319624,-0.017632309515495968,0.016195668168769824,0.013172376842477634,-0.012072856798855093
35,1,STANDING,0.018195447670354012,0.010935454564491045,-0.013783273350338096,0.010939353321538971,0.014108338236088687,-0.009438880098471287
35,1,WALKING,-0.005397491187464002,-0.0005107351825944313,0.0021169873867037154,0.0020344837927352235,-0.007482461519712142,0.009239216710331614
35,1,WALKING_DOWNSTAIRS,-0.009151791164686124,0.011891640651247358,0.006875839876828675,0.004628460007161222,-0.0024310451626701935,-0.0038160569637865184
35,1,WALKING_UPSTAIRS,-0.008134626260894333,0.007198924383004545,0.0036895455570470376,0.0020018002605443137,-0.007550280697880412,0.0027946367581788813
35,2,LAYING,-0.0006666666666666617,0.001809523809523796,-0.00038095238095237814,-0.00019047619047618907,-0.00038095238095237814,-0.00019047619047618907
35,2,SITTING,0.016103174463358044,0.02767468679577471,-0.017480177652201636,0.0225043760527776,0.015350495911971107,-0.008000615026675829
35,2,STANDING,0.00821255276385308,0.016435280102801417,-0.0073847310500506965,0.01407261525146168,0.009436262527564375,-0.00280821773195432
35,2,WALKING,0.0025229773700598235,-0.002127604103406125,0.003013666004448057,-0.0025756188206908894,-0.0032594078808593947,0.001857859412268464
35,2,WALKING_DOWNSTAIRS,0.005503422600114338,-0.00655549712032299,0.0006667871909122935,-0.005393493983618323,0.004725676282700038,-0.006817862711720833
35,2,WALKING_UPSTAIRS,-0.005853285525712255,0.005427452721675876,0.004694943722074078,0.003298421975519152,-0.010773116413786688,0.011829505529978664
35,3,LAYING,-0.00026455026455026733,0.005026455026455095,-0.00026455026455026733,0.0010582010582010693,-0.00026455026455026733,0.0
35,3,SITTING,0.017639021568341882,0.03137326258779225,-0.014829089852509924,0.022737567051506223,0.018557871025894714,-0.005548562450955308
35,3,STANDING,0.00726348867700799,0.018497160207738884,-0.00334443981076766,0.011582968778294702,0.011535948632181034,0.0003585933223083898
35,3,WALKING,-0.0032750791438103904,-0.0002226855464339576,-0.0002226855464339576,-0.00042962472781480726,-0.002064387319911022,0.0062144622844041335
35,3,WALKING_DOWNSTAIRS,0.0017440234720212944,-0.0006931219982973802,-0.0019703711899850714,-0.005675605349764674,0.0035040608202939307,0.0030910142457318984
35,3,WALKING_UPSTAIRS,-0.0023383405198032893,-0.0008405894635097259,-0.0022214627523922713,-0.0057993057629540734,0.0008352551641066131,0.010364443334552737
35,4,LAYING,-0.001428571428571418,0.004285714285714258,-0.001428571428571418,0.0011428571428571343,-0.001428571428571418,-0.0011428571428571343
35,4,SITTING,0.002745188229724414,0.001915345596462314,-0.001972845910442618,0.010065018022981063,0.0014764278012217857,0.004753253735591181
35,4,STANDING,-0.0031266693271125683,-0.003312309804795134,0.004451070050612551,0.004380431451623237,-0.0027280843730194968,0.008017188143856064
35,4,WALKING,-0.0025437522161372034,0.0018466159518059214,0.003776498717182649,0.0020412878661502784,-0.0035660788906377804,0.0037861283874740946
35,4,WALKING_DOWNSTAIRS,-0.001785288930697702,0.004486162552152295,0.0016466448936835686,0.002980892729485714,-0.005193695375353708,-0.0021347158692701772
35,4,WALKING_UPSTAIRS,-0.004979898335910695,0.008490476036595664,0.0033700844248052363,0.007003463218659774,-0.012685093183335567,0.006753037555961247
35,5,LAYING,-0.0008888888888888872,0.009424576894775551,-0.0008888888888888872,0.004453274466519485,-0.0002222222222222218,0.0014554819720382502
35,5,SITTING,0.020478123282003786,0.016335529190757238,-0.019761497125305696,0.017262918059859026,0.00949557149905076,-0.012977311573031666
35,5,STANDING,0.014004225844230023,0.015269553060851999,-0.013307633597484832,0.014248380770268665,0.006768522312104163,-0.006782740223560142
35,5,WALKING,-0.009250368737893004,0.0042004755041784875,0.006317127123014401,0.002327418723939982,-0.006232026506249973,0.014386769691485628
35,5,WALKING_DOWNSTAIRS,-0.006850368638937355,0.0038651364417062466,0.005402266982652866,0.004678748070145663,-0.0022431314510485568,-0.004852651404518884
35,5,WALKING_UPSTAIRS,-0.01599496521052699,0.010241538158609169,0.010949308556232336,0.00831589764961219,-0.01377808568375032,0.014705403160701031
35,Aggregated,LAYING,-0.0006527748615853053,0.0030738316595646034,-0.0007502608566119137,0.0008295442548738707,-0.0005123699522494991,-0.00010660111640479752
35,Aggregated,SITTING,0.014192582087867849,0.018528268812177867,-0.015451229166832774,0.01697000458496341,0.010077053726076826,-0.00829990855578361
35,Aggregated,STANDING,0.008409799218515033,0.011517712963065661,-0.008251838836113874,0.01090394781014789,0.006836160422751551,-0.0035017345551827967
35,Aggregated,WALKING,-0.0039566488959894355,0.0011894722455529638,0.002885710189973371,0.0011998053918741646,-0.004315231579101709,0.006744445460552152
35,Aggregated,WALKING_DOWNSTAIRS,-0.003219977363503949,0.003383342532272477,0.0024704629209730067,0.0014315113046327196,-0.0009019305612535389,-0.0017478752141972692
35,Aggregated,WALKING_UPSTAIRS,-0.006323128621930477,0.005349358523768985,0.0032957302127018407,0.0027132172280340447,-0.007256270240115613,0.007400092055953808
35,Centralized,LAYING,-0.0006527748615853053,0.0030738316595646034,-0.0007502608566119137,0.0008295442548738707,-0.0005123699522494991,-0.00010660111640479752
35,Centralized,SITTING,0.014192582087867849,0.018528268812177867,-0.015451229166832774,0.01697000458496341,0.010077053726076826,-0.00829990855578361
35,Centralized,STANDING,0.008409799218515033,0.011517712963065661,-0.008251838836113874,0.01090394781014789,0.006836160422751551,-0.0035017345551827967
35,Centralized,WALKING,-0.0039566488959894355,0.0011894722455529638,0.002885710189973371,0.0011998053918741646,-0.004315231579101709,0.006744445460552152
35,Centralized,WALKING_DOWNSTAIRS,-0.003219977363503949,0.003383342532272477,0.0024704629209730067,0.0014315113046327196,-0.0009019305612535389,-0.0017478752141972692
35,Centralized,WALKING_UPSTAIRS,-0.006323128621930477,0.005349358523768985,0.0032957302127018407,0.0027132172280340447,-0.007256270240115613,0.007400092055953808
