Round,Evaluator,Subpopulation,4,1,5,2,0,3
0,0,Retail_Enclosed_mall,,,,,,
0,1,Retail_Enclosed_mall,,,,,,
0,2,Retail_Enclosed_mall,,,,,,
0,3,Retail_Enclosed_mall,,,,,,
0,4,Retail_Enclosed_mall,,,,,,
0,5,Retail_Enclosed_mall,,,,,,
0,Aggregated,Retail_Enclosed_mall,,,,,,
0,Centralized,Retail_Enclosed_mall,,,,,,
1,0,Retail_Enclosed_mall,,,,,,
1,1,Retail_Enclosed_mall,,,,,,
1,2,Retail_Enclosed_mall,,,,,,
1,3,Retail_Enclosed_mall,,,,,,
1,4,Retail_Enclosed_mall,,,,,,
1,5,Retail_Enclosed_mall,,,,,,
1,Aggregated,Retail_Enclosed_mall,,,,,,
1,Centralized,Retail_Enclosed_mall,,,,,,
2,0,Retail_Enclosed_mall,,,,,,
2,1,Retail_Enclosed_mall,,,,,,
2,2,Retail_Enclosed_mall,,,,,,
2,3,Retail_Enclosed_mall,,,,,,
2,4,Retail_Enclosed_mall,,,,,,
2,5,Retail_Enclosed_mall,,,,,,
2,Aggregated,Retail_Enclosed_mall,,,,,,
2,Centralized,Retail_Enclosed_mall,,,,,,
3,0,Retail_Enclosed_mall,,,,,,
3,1,Retail_Enclosed_mall,,,,,,
3,2,Retail_Enclosed_mall,,,,,,
3,3,Retail_Enclosed_mall,,,,,,
3,4,Retail_Enclosed_mall,,,,,,
3,5,Retail_Enclosed_mall,,,,,,
3,Aggregated,Retail_Enclosed_mall,,,,,,
3,Centralized,Retail_Enclosed_mall,,,,,,
4,0,Retail_Enclosed_mall,,,,,,
4,1,Retail_Enclosed_mall,,,,,,
4,2,Retail_Enclosed_mall,,,,,,
4,3,Retail_Enclosed_mall,,,,,,
4,4,Retail_Enclosed_mall,,,,,,
4,5,Retail_Enclosed_mall,,,,,,
4,Aggregated,Retail_Enclosed_mall,,,,,,
4,Centralized,Retail_Enclosed_mall,,,,,,
5,0,Retail_Enclosed_mall,,,,,,
5,1,Retail_Enclosed_mall,,,,,,
5,2,Retail_Enclosed_mall,,,,,,
5,3,Retail_Enclosed_mall,,,,,,
5,4,Retail_Enclosed_mall,,,,,,
5,5,Retail_Enclosed_mall,,,,,,
5,Aggregated,Retail_Enclosed_mall,,,,,,
5,Centralized,Retail_Enclosed_mall,,,,,,
6,0,Retail_Enclosed_mall,,,,,,
6,1,Retail_Enclosed_mall,,,,,,
6,2,Retail_Enclosed_mall,,,,,,
6,3,Retail_Enclosed_mall,,,,,,
6,4,Retail_Enclosed_mall,,,,,,
6,5,Retail_Enclosed_mall,,,,,,
6,Aggregated,Retail_Enclosed_mall,,,,,,
6,Centralized,Retail_Enclosed_mall,,,,,,
7,0,Retail_Enclosed_mall,,,,,,
7,1,Retail_Enclosed_mall,,,,,,
7,2,Retail_Enclosed_mall,,,,,,
7,3,Retail_Enclosed_mall,,,,,,
7,4,Retail_Enclosed_mall,,,,,,
7,5,Retail_Enclosed_mall,,,,,,
7,Aggregated,Retail_Enclosed_mall,,,,,,
7,Centralized,Retail_Enclosed_mall,,,,,,
8,0,Retail_Enclosed_mall,,,,,,
8,1,Retail_Enclosed_mall,,,,,,
8,2,Retail_Enclosed_mall,,,,,,
8,3,Retail_Enclosed_mall,,,,,,
8,4,Retail_Enclosed_mall,,,,,,
8,5,Retail_Enclosed_mall,,,,,,
8,Aggregated,Retail_Enclosed_mall,,,,,,
8,Centralized,Retail_Enclosed_mall,,,,,,
9,0,Retail_Enclosed_mall,,,,,,
9,1,Retail_Enclosed_mall,,,,,,
9,2,Retail_Enclosed_mall,,,,,,
9,3,Retail_Enclosed_mall,,,,,,
9,4,Retail_Enclosed_mall,,,,,,
9,5,Retail_Enclosed_mall,,,,,,
9,Aggregated,Retail_Enclosed_mall,,,,,,
9,Centralized,Retail_Enclosed_mall,,,,,,
10,0,Retail_Enclosed_mall,,,,,,
10,1,Retail_Enclosed_mall,,,,,,
10,2,Retail_Enclosed_mall,,,,,,
10,3,Retail_Enclosed_mall,,,,,,
10,4,Retail_Enclosed_mall,,,,,,
10,5,Retail_Enclosed_mall,,,,,,
10,Aggregated,Retail_Enclosed_mall,,,,,,
10,Centralized,Retail_Enclosed_mall,,,,,,
11,0,Retail_Enclosed_mall,,,,,,
11,1,Retail_Enclosed_mall,,,,,,
11,2,Retail_Enclosed_mall,,,,,,
11,3,Retail_Enclosed_mall,,,,,,
11,4,Retail_Enclosed_mall,,,,,,
11,5,Retail_Enclosed_mall,,,,,,
11,Aggregated,Retail_Enclosed_mall,,,,,,
11,Centralized,Retail_Enclosed_mall,,,,,,
12,0,Retail_Enclosed_mall,,,,,,
12,1,Retail_Enclosed_mall,,,,,,
12,2,Retail_Enclosed_mall,,,,,,
12,3,Retail_Enclosed_mall,,,,,,
12,4,Retail_Enclosed_mall,,,,,,
12,5,Retail_Enclosed_mall,,,,,,
12,Aggregated,Retail_Enclosed_mall,,,,,,
12,Centralized,Retail_Enclosed_mall,,,,,,
13,0,Retail_Enclosed_mall,,,,,,
13,1,Retail_Enclosed_mall,,,,,,
13,2,Retail_Enclosed_mall,,,,,,
13,3,Retail_Enclosed_mall,,,,,,
13,4,Retail_Enclosed_mall,,,,,,
13,5,Retail_Enclosed_mall,,,,,,
13,Aggregated,Retail_Enclosed_mall,,,,,,
13,Centralized,Retail_Enclosed_mall,,,,,,
14,0,Retail_Enclosed_mall,,,,,,
14,1,Retail_Enclosed_mall,,,,,,
14,2,Retail_Enclosed_mall,,,,,,
14,3,Retail_Enclosed_mall,,,,,,
14,4,Retail_Enclosed_mall,,,,,,
14,5,Retail_Enclosed_mall,,,,,,
14,Aggregated,Retail_Enclosed_mall,,,,,,
14,Centralized,Retail_Enclosed_mall,,,,,,
15,0,Retail_Enclosed_mall,,,,,,
15,1,Retail_Enclosed_mall,,,,,,
15,2,Retail_Enclosed_mall,,,,,,
15,3,Retail_Enclosed_mall,,,,,,
15,4,Retail_Enclosed_mall,,,,,,
15,5,Retail_Enclosed_mall,,,,,,
15,Aggregated,Retail_Enclosed_mall,,,,,,
15,Centralized,Retail_Enclosed_mall,,,,,,
16,0,Retail_Enclosed_mall,,,,,,
16,1,Retail_Enclosed_mall,,,,,,
16,2,Retail_Enclosed_mall,,,,,,
16,3,Retail_Enclosed_mall,,,,,,
16,4,Retail_Enclosed_mall,,,,,,
16,5,Retail_Enclosed_mall,,,,,,
16,Aggregated,Retail_Enclosed_mall,,,,,,
16,Centralized,Retail_Enclosed_mall,,,,,,
17,0,Retail_Enclosed_mall,,,,,,
17,1,Retail_Enclosed_mall,,,,,,
17,2,Retail_Enclosed_mall,,,,,,
17,3,Retail_Enclosed_mall,,,,,,
17,4,Retail_Enclosed_mall,,,,,,
17,5,Retail_Enclosed_mall,,,,,,
17,Aggregated,Retail_Enclosed_mall,,,,,,
17,Centralized,Retail_Enclosed_mall,,,,,,
18,0,Retail_Enclosed_mall,,,,,,
18,1,Retail_Enclosed_mall,,,,,,
18,2,Retail_Enclosed_mall,,,,,,
18,3,Retail_Enclosed_mall,,,,,,
18,4,Retail_Enclosed_mall,,,,,,
18,5,Retail_Enclosed_mall,,,,,,
18,Aggregated,Retail_Enclosed_mall,,,,,,
18,Centralized,Retail_Enclosed_mall,,,,,,
19,0,Retail_Enclosed_mall,,,,,,
19,1,Retail_Enclosed_mall,,,,,,
19,2,Retail_Enclosed_mall,,,,,,
19,3,Retail_Enclosed_mall,,,,,,
19,4,Retail_Enclosed_mall,,,,,,
19,5,Retail_Enclosed_mall,,,,,,
19,Aggregated,Retail_Enclosed_mall,,,,,,
19,Centralized,Retail_Enclosed_mall,,,,,,
20,0,Retail_Enclosed_mall,,,,,,
20,1,Retail_Enclosed_mall,,,,,,
20,2,Retail_Enclosed_mall,,,,,,
20,3,Retail_Enclosed_mall,,,,,,
20,4,Retail_Enclosed_mall,,,,,,
20,5,Retail_Enclosed_mall,,,,,,
20,Aggregated,Retail_Enclosed_mall,,,,,,
20,Centralized,Retail_Enclosed_mall,,,,,,
21,0,Retail_Enclosed_mall,,,,,,
21,1,Retail_Enclosed_mall,,,,,,
21,2,Retail_Enclosed_mall,,,,,,
21,3,Retail_Enclosed_mall,,,,,,
21,4,Retail_Enclosed_mall,,,,,,
21,5,Retail_Enclosed_mall,,,,,,
21,Aggregated,Retail_Enclosed_mall,,,,,,
21,Centralized,Retail_Enclosed_mall,,,,,,
22,0,Retail_Enclosed_mall,,,,,,
22,1,Retail_Enclosed_mall,,,,,,
22,2,Retail_Enclosed_mall,,,,,,
22,3,Retail_Enclosed_mall,,,,,,
22,4,Retail_Enclosed_mall,,,,,,
22,5,Retail_Enclosed_mall,,,,,,
22,Aggregated,Retail_Enclosed_mall,,,,,,
22,Centralized,Retail_Enclosed_mall,,,,,,
23,0,Retail_Enclosed_mall,,,,,,
23,1,Retail_Enclosed_mall,,,,,,
23,2,Retail_Enclosed_mall,,,,,,
23,3,Retail_Enclosed_mall,,,,,,
23,4,Retail_Enclosed_mall,,,,,,
23,5,Retail_Enclosed_mall,,,,,,
23,Aggregated,Retail_Enclosed_mall,,,,,,
23,Centralized,Retail_Enclosed_mall,,,,,,
0,0,Warehouse_Refrigerated,,,,,,
0,1,Warehouse_Refrigerated,,,,,,
0,2,Warehouse_Refrigerated,,,,,,
0,3,Warehouse_Refrigerated,,,,,,
0,4,Warehouse_Refrigerated,,,,,,
0,5,Warehouse_Refrigerated,,,,,,
0,Aggregated,Warehouse_Refrigerated,,,,,,
0,Centralized,Warehouse_Refrigerated,,,,,,
1,0,Warehouse_Refrigerated,,,,,,
1,1,Warehouse_Refrigerated,,,,,,
1,2,Warehouse_Refrigerated,,,,,,
1,3,Warehouse_Refrigerated,,,,,,
1,4,Warehouse_Refrigerated,,,,,,
1,5,Warehouse_Refrigerated,,,,,,
1,Aggregated,Warehouse_Refrigerated,,,,,,
1,Centralized,Warehouse_Refrigerated,,,,,,
2,0,Warehouse_Refrigerated,,,,,,
2,1,Warehouse_Refrigerated,,,,,,
2,2,Warehouse_Refrigerated,,,,,,
2,3,Warehouse_Refrigerated,,,,,,
2,4,Warehouse_Refrigerated,,,,,,
2,5,Warehouse_Refrigerated,,,,,,
2,Aggregated,Warehouse_Refrigerated,,,,,,
2,Centralized,Warehouse_Refrigerated,,,,,,
3,0,Warehouse_Refrigerated,,,,,,
3,1,Warehouse_Refrigerated,,,,,,
3,2,Warehouse_Refrigerated,,,,,,
3,3,Warehouse_Refrigerated,,,,,,
3,4,Warehouse_Refrigerated,,,,,,
3,5,Warehouse_Refrigerated,,,,,,
3,Aggregated,Warehouse_Refrigerated,,,,,,
3,Centralized,Warehouse_Refrigerated,,,,,,
4,0,Warehouse_Refrigerated,,,,,,
4,1,Warehouse_Refrigerated,,,,,,
4,2,Warehouse_Refrigerated,,,,,,
4,3,Warehouse_Refrigerated,,,,,,
4,4,Warehouse_Refrigerated,,,,,,
4,5,Warehouse_Refrigerated,,,,,,
4,Aggregated,Warehouse_Refrigerated,,,,,,
4,Centralized,Warehouse_Refrigerated,,,,,,
5,0,Warehouse_Refrigerated,,,,,,
5,1,Warehouse_Refrigerated,,,,,,
5,2,Warehouse_Refrigerated,,,,,,
5,3,Warehouse_Refrigerated,,,,,,
5,4,Warehouse_Refrigerated,,,,,,
5,5,Warehouse_Refrigerated,,,,,,
5,Aggregated,Warehouse_Refrigerated,,,,,,
5,Centralized,Warehouse_Refrigerated,,,,,,
6,0,Warehouse_Refrigerated,,,,,,
6,1,Warehouse_Refrigerated,,,,,,
6,2,Warehouse_Refrigerated,,,,,,
6,3,Warehouse_Refrigerated,,,,,,
6,4,Warehouse_Refrigerated,,,,,,
6,5,Warehouse_Refrigerated,,,,,,
6,Aggregated,Warehouse_Refrigerated,,,,,,
6,Centralized,Warehouse_Refrigerated,,,,,,
7,0,Warehouse_Refrigerated,,,,,,
7,1,Warehouse_Refrigerated,,,,,,
7,2,Warehouse_Refrigerated,,,,,,
7,3,Warehouse_Refrigerated,,,,,,
7,4,Warehouse_Refrigerated,,,,,,
7,5,Warehouse_Refrigerated,,,,,,
7,Aggregated,Warehouse_Refrigerated,,,,,,
7,Centralized,Warehouse_Refrigerated,,,,,,
8,0,Warehouse_Refrigerated,,,,,,
8,1,Warehouse_Refrigerated,,,,,,
8,2,Warehouse_Refrigerated,,,,,,
8,3,Warehouse_Refrigerated,,,,,,
8,4,Warehouse_Refrigerated,,,,,,
8,5,Warehouse_Refrigerated,,,,,,
8,Aggregated,Warehouse_Refrigerated,,,,,,
8,Centralized,Warehouse_Refrigerated,,,,,,
9,0,Warehouse_Refrigerated,,,,,,
9,1,Warehouse_Refrigerated,,,,,,
9,2,Warehouse_Refrigerated,,,,,,
9,3,Warehouse_Refrigerated,,,,,,
9,4,Warehouse_Refrigerated,,,,,,
9,5,Warehouse_Refrigerated,,,,,,
9,Aggregated,Warehouse_Refrigerated,,,,,,
9,Centralized,Warehouse_Refrigerated,,,,,,
10,0,Warehouse_Refrigerated,,,,,,
10,1,Warehouse_Refrigerated,,,,,,
10,2,Warehouse_Refrigerated,,,,,,
10,3,Warehouse_Refrigerated,,,,,,
10,4,Warehouse_Refrigerated,,,,,,
10,5,Warehouse_Refrigerated,,,,,,
10,Aggregated,Warehouse_Refrigerated,,,,,,
10,Centralized,Warehouse_Refrigerated,,,,,,
11,0,Warehouse_Refrigerated,,,,,,
11,1,Warehouse_Refrigerated,,,,,,
11,2,Warehouse_Refrigerated,,,,,,
11,3,Warehouse_Refrigerated,,,,,,
11,4,Warehouse_Refrigerated,,,,,,
11,5,Warehouse_Refrigerated,,,,,,
11,Aggregated,Warehouse_Refrigerated,,,,,,
11,Centralized,Warehouse_Refrigerated,,,,,,
12,0,Warehouse_Refrigerated,,,,,,
12,1,Warehouse_Refrigerated,,,,,,
12,2,Warehouse_Refrigerated,,,,,,
12,3,Warehouse_Refrigerated,,,,,,
12,4,Warehouse_Refrigerated,,,,,,
12,5,Warehouse_Refrigerated,,,,,,
12,Aggregated,Warehouse_Refrigerated,,,,,,
12,Centralized,Warehouse_Refrigerated,,,,,,
13,0,Warehouse_Refrigerated,,,,,,
13,1,Warehouse_Refrigerated,,,,,,
13,2,Warehouse_Refrigerated,,,,,,
13,3,Warehouse_Refrigerated,,,,,,
13,4,Warehouse_Refrigerated,,,,,,
13,5,Warehouse_Refrigerated,,,,,,
13,Aggregated,Warehouse_Refrigerated,,,,,,
13,Centralized,Warehouse_Refrigerated,,,,,,
14,0,Warehouse_Refrigerated,,,,,,
14,1,Warehouse_Refrigerated,,,,,,
14,2,Warehouse_Refrigerated,,,,,,
14,3,Warehouse_Refrigerated,,,,,,
14,4,Warehouse_Refrigerated,,,,,,
14,5,Warehouse_Refrigerated,,,,,,
14,Aggregated,Warehouse_Refrigerated,,,,,,
14,Centralized,Warehouse_Refrigerated,,,,,,
15,0,Warehouse_Refrigerated,,,,,,
15,1,Warehouse_Refrigerated,,,,,,
15,2,Warehouse_Refrigerated,,,,,,
15,3,Warehouse_Refrigerated,,,,,,
15,4,Warehouse_Refrigerated,,,,,,
15,5,Warehouse_Refrigerated,,,,,,
15,Aggregated,Warehouse_Refrigerated,,,,,,
15,Centralized,Warehouse_Refrigerated,,,,,,
16,0,Warehouse_Refrigerated,,,,,,
16,1,Warehouse_Refrigerated,,,,,,
16,2,Warehouse_Refrigerated,,,,,,
16,3,Warehouse_Refrigerated,,,,,,
16,4,Warehouse_Refrigerated,,,,,,
16,5,Warehouse_Refrigerated,,,,,,
16,Aggregated,Warehouse_Refrigerated,,,,,,
16,Centralized,Warehouse_Refrigerated,,,,,,
17,0,Warehouse_Refrigerated,,,,,,
17,1,Warehouse_Refrigerated,,,,,,
17,2,Warehouse_Refrigerated,,,,,,
17,3,Warehouse_Refrigerated,,,,,,
17,4,Warehouse_Refrigerated,,,,,,
17,5,Warehouse_Refrigerated,,,,,,
17,Aggregated,Warehouse_Refrigerated,,,,,,
17,Centralized,Warehouse_Refrigerated,,,,,,
18,0,Warehouse_Refrigerated,,,,,,
18,1,Warehouse_Refrigerated,,,,,,
18,2,Warehouse_Refrigerated,,,,,,
18,3,Warehouse_Refrigerated,,,,,,
18,4,Warehouse_Refrigerated,,,,,,
18,5,Warehouse_Refrigerated,,,,,,
18,Aggregated,Warehouse_Refrigerated,,,,,,
18,Centralized,Warehouse_Refrigerated,,,,,,
19,0,Warehouse_Refrigerated,,,,,,
19,1,Warehouse_Refrigerated,,,,,,
19,2,Warehouse_Refrigerated,,,,,,
19,3,Warehouse_Refrigerated,,,,,,
19,4,Warehouse_Refrigerated,,,,,,
19,5,Warehouse_Refrigerated,,,,,,
19,Aggregated,Warehouse_Refrigerated,,,,,,
19,Centralized,Warehouse_Refrigerated,,,,,,
20,0,Warehouse_Refrigerated,,,,,,
20,1,Warehouse_Refrigerated,,,,,,
20,2,Warehouse_Refrigerated,,,,,,
20,3,Warehouse_Refrigerated,,,,,,
20,4,Warehouse_Refrigerated,,,,,,
20,5,Warehouse_Refrigerated,,,,,,
20,Aggregated,Warehouse_Refrigerated,,,,,,
20,Centralized,Warehouse_Refrigerated,,,,,,
21,0,Warehouse_Refrigerated,,,,,,
21,1,Warehouse_Refrigerated,,,,,,
21,2,Warehouse_Refrigerated,,,,,,
21,3,Warehouse_Refrigerated,,,,,,
21,4,Warehouse_Refrigerated,,,,,,
21,5,Warehouse_Refrigerated,,,,,,
21,Aggregated,Warehouse_Refrigerated,,,,,,
21,Centralized,Warehouse_Refrigerated,,,,,,
22,0,Warehouse_Refrigerated,,,,,,
22,1,Warehouse_Refrigerated,,,,,,
22,2,Warehouse_Refrigerated,,,,,,
22,3,Warehouse_Refrigerated,,,,,,
22,4,Warehouse_Refrigerated,,,,,,
22,5,Warehouse_Refrigerated,,,,,,
22,Aggregated,Warehouse_Refrigerated,,,,,,
22,Centralized,Warehouse_Refrigerated,,,,,,
23,0,Warehouse_Refrigerated,,,,,,
23,1,Warehouse_Refrigerated,,,,,,
23,2,Warehouse_Refrigerated,,,,,,
23,3,Warehouse_Refrigerated,,,,,,
23,4,Warehouse_Refrigerated,,,,,,
23,5,Warehouse_Refrigerated,,,,,,
23,Aggregated,Warehouse_Refrigerated,,,,,,
23,Centralized,Warehouse_Refrigerated,,,,,,
0,0,Food_Service_Restaurant_or_cafeteria,,,,,,
0,1,Food_Service_Restaurant_or_cafeteria,,,,,,
0,2,Food_Service_Restaurant_or_cafeteria,,,,,,
0,3,Food_Service_Restaurant_or_cafeteria,,,,,,
0,4,Food_Service_Restaurant_or_cafeteria,,,,,,
0,5,Food_Service_Restaurant_or_cafeteria,,,,,,
0,Aggregated,Food_Service_Restaurant_or_cafeteria,,,,,,
0,Centralized,Food_Service_Restaurant_or_cafeteria,,,,,,
1,0,Food_Service_Restaurant_or_cafeteria,,,,,,
1,1,Food_Service_Restaurant_or_cafeteria,,,,,,
1,2,Food_Service_Restaurant_or_cafeteria,,,,,,
1,3,Food_Service_Restaurant_or_cafeteria,,,,,,
1,4,Food_Service_Restaurant_or_cafeteria,,,,,,
1,5,Food_Service_Restaurant_or_cafeteria,,,,,,
1,Aggregated,Food_Service_Restaurant_or_cafeteria,,,,,,
1,Centralized,Food_Service_Restaurant_or_cafeteria,,,,,,
2,0,Food_Service_Restaurant_or_cafeteria,,,,,,
2,1,Food_Service_Restaurant_or_cafeteria,,,,,,
2,2,Food_Service_Restaurant_or_cafeteria,,,,,,
2,3,Food_Service_Restaurant_or_cafeteria,,,,,,
2,4,Food_Service_Restaurant_or_cafeteria,,,,,,
2,5,Food_Service_Restaurant_or_cafeteria,,,,,,
2,Aggregated,Food_Service_Restaurant_or_cafeteria,,,,,,
2,Centralized,Food_Service_Restaurant_or_cafeteria,,,,,,
3,0,Food_Service_Restaurant_or_cafeteria,,,,,,
3,1,Food_Service_Restaurant_or_cafeteria,,,,,,
3,2,Food_Service_Restaurant_or_cafeteria,,,,,,
3,3,Food_Service_Restaurant_or_cafeteria,,,,,,
3,4,Food_Service_Restaurant_or_cafeteria,,,,,,
3,5,Food_Service_Restaurant_or_cafeteria,,,,,,
3,Aggregated,Food_Service_Restaurant_or_cafeteria,,,,,,
3,Centralized,Food_Service_Restaurant_or_cafeteria,,,,,,
4,0,Food_Service_Restaurant_or_cafeteria,,,,,,
4,1,Food_Service_Restaurant_or_cafeteria,,,,,,
4,2,Food_Service_Restaurant_or_cafeteria,,,,,,
4,3,Food_Service_Restaurant_or_cafeteria,,,,,,
4,4,Food_Service_Restaurant_or_cafeteria,,,,,,
4,5,Food_Service_Restaurant_or_cafeteria,,,,,,
4,Aggregated,Food_Service_Restaurant_or_cafeteria,,,,,,
4,Centralized,Food_Service_Restaurant_or_cafeteria,,,,,,
5,0,Food_Service_Restaurant_or_cafeteria,,,,,,
5,1,Food_Service_Restaurant_or_cafeteria,,,,,,
5,2,Food_Service_Restaurant_or_cafeteria,,,,,,
5,3,Food_Service_Restaurant_or_cafeteria,,,,,,
5,4,Food_Service_Restaurant_or_cafeteria,,,,,,
5,5,Food_Service_Restaurant_or_cafeteria,,,,,,
5,Aggregated,Food_Service_Restaurant_or_cafeteria,,,,,,
5,Centralized,Food_Service_Restaurant_or_cafeteria,,,,,,
6,0,Food_Service_Restaurant_or_cafeteria,,,,,,
6,1,Food_Service_Restaurant_or_cafeteria,,,,,,
6,2,Food_Service_Restaurant_or_cafeteria,,,,,,
6,3,Food_Service_Restaurant_or_cafeteria,,,,,,
6,4,Food_Service_Restaurant_or_cafeteria,,,,,,
6,5,Food_Service_Restaurant_or_cafeteria,,,,,,
6,Aggregated,Food_Service_Restaurant_or_cafeteria,,,,,,
6,Centralized,Food_Service_Restaurant_or_cafeteria,,,,,,
7,0,Food_Service_Restaurant_or_cafeteria,,,,,,
7,1,Food_Service_Restaurant_or_cafeteria,,,,,,
7,2,Food_Service_Restaurant_or_cafeteria,,,,,,
7,3,Food_Service_Restaurant_or_cafeteria,,,,,,
7,4,Food_Service_Restaurant_or_cafeteria,,,,,,
7,5,Food_Service_Restaurant_or_cafeteria,,,,,,
7,Aggregated,Food_Service_Restaurant_or_cafeteria,,,,,,
7,Centralized,Food_Service_Restaurant_or_cafeteria,,,,,,
8,0,Food_Service_Restaurant_or_cafeteria,,,,,,
8,1,Food_Service_Restaurant_or_cafeteria,,,,,,
8,2,Food_Service_Restaurant_or_cafeteria,,,,,,
8,3,Food_Service_Restaurant_or_cafeteria,,,,,,
8,4,Food_Service_Restaurant_or_cafeteria,,,,,,
8,5,Food_Service_Restaurant_or_cafeteria,,,,,,
8,Aggregated,Food_Service_Restaurant_or_cafeteria,,,,,,
8,Centralized,Food_Service_Restaurant_or_cafeteria,,,,,,
9,0,Food_Service_Restaurant_or_cafeteria,,,,,,
9,1,Food_Service_Restaurant_or_cafeteria,,,,,,
9,2,Food_Service_Restaurant_or_cafeteria,,,,,,
9,3,Food_Service_Restaurant_or_cafeteria,,,,,,
9,4,Food_Service_Restaurant_or_cafeteria,,,,,,
9,5,Food_Service_Restaurant_or_cafeteria,,,,,,
9,Aggregated,Food_Service_Restaurant_or_cafeteria,,,,,,
9,Centralized,Food_Service_Restaurant_or_cafeteria,,,,,,
10,0,Food_Service_Restaurant_or_cafeteria,,,,,,
10,1,Food_Service_Restaurant_or_cafeteria,,,,,,
10,2,Food_Service_Restaurant_or_cafeteria,,,,,,
10,3,Food_Service_Restaurant_or_cafeteria,,,,,,
10,4,Food_Service_Restaurant_or_cafeteria,,,,,,
10,5,Food_Service_Restaurant_or_cafeteria,,,,,,
10,Aggregated,Food_Service_Restaurant_or_cafeteria,,,,,,
10,Centralized,Food_Service_Restaurant_or_cafeteria,,,,,,
11,0,Food_Service_Restaurant_or_cafeteria,,,,,,
11,1,Food_Service_Restaurant_or_cafeteria,,,,,,
11,2,Food_Service_Restaurant_or_cafeteria,,,,,,
11,3,Food_Service_Restaurant_or_cafeteria,,,,,,
11,4,Food_Service_Restaurant_or_cafeteria,,,,,,
11,5,Food_Service_Restaurant_or_cafeteria,,,,,,
11,Aggregated,Food_Service_Restaurant_or_cafeteria,,,,,,
11,Centralized,Food_Service_Restaurant_or_cafeteria,,,,,,
12,0,Food_Service_Restaurant_or_cafeteria,,,,,,
12,1,Food_Service_Restaurant_or_cafeteria,,,,,,
12,2,Food_Service_Restaurant_or_cafeteria,,,,,,
12,3,Food_Service_Restaurant_or_cafeteria,,,,,,
12,4,Food_Service_Restaurant_or_cafeteria,,,,,,
12,5,Food_Service_Restaurant_or_cafeteria,,,,,,
12,Aggregated,Food_Service_Restaurant_or_cafeteria,,,,,,
12,Centralized,Food_Service_Restaurant_or_cafeteria,,,,,,
13,0,Food_Service_Restaurant_or_cafeteria,,,,,,
13,1,Food_Service_Restaurant_or_cafeteria,,,,,,
13,2,Food_Service_Restaurant_or_cafeteria,,,,,,
13,3,Food_Service_Restaurant_or_cafeteria,,,,,,
13,4,Food_Service_Restaurant_or_cafeteria,,,,,,
13,5,Food_Service_Restaurant_or_cafeteria,,,,,,
13,Aggregated,Food_Service_Restaurant_or_cafeteria,,,,,,
13,Centralized,Food_Service_Restaurant_or_cafeteria,,,,,,
14,0,Food_Service_Restaurant_or_cafeteria,,,,,,
14,1,Food_Service_Restaurant_or_cafeteria,,,,,,
14,2,Food_Service_Restaurant_or_cafeteria,,,,,,
14,3,Food_Service_Restaurant_or_cafeteria,,,,,,
14,4,Food_Service_Restaurant_or_cafeteria,,,,,,
14,5,Food_Service_Restaurant_or_cafeteria,,,,,,
14,Aggregated,Food_Service_Restaurant_or_cafeteria,,,,,,
14,Centralized,Food_Service_Restaurant_or_cafeteria,,,,,,
15,0,Food_Service_Restaurant_or_cafeteria,,,,,,
15,1,Food_Service_Restaurant_or_cafeteria,,,,,,
15,2,Food_Service_Restaurant_or_cafeteria,,,,,,
15,3,Food_Service_Restaurant_or_cafeteria,,,,,,
15,4,Food_Service_Restaurant_or_cafeteria,,,,,,
15,5,Food_Service_Restaurant_or_cafeteria,,,,,,
15,Aggregated,Food_Service_Restaurant_or_cafeteria,,,,,,
15,Centralized,Food_Service_Restaurant_or_cafeteria,,,,,,
16,0,Food_Service_Restaurant_or_cafeteria,,,,,,
16,1,Food_Service_Restaurant_or_cafeteria,,,,,,
16,2,Food_Service_Restaurant_or_cafeteria,,,,,,
16,3,Food_Service_Restaurant_or_cafeteria,,,,,,
16,4,Food_Service_Restaurant_or_cafeteria,,,,,,
16,5,Food_Service_Restaurant_or_cafeteria,,,,,,
16,Aggregated,Food_Service_Restaurant_or_cafeteria,,,,,,
16,Centralized,Food_Service_Restaurant_or_cafeteria,,,,,,
17,0,Food_Service_Restaurant_or_cafeteria,,,,,,
17,1,Food_Service_Restaurant_or_cafeteria,,,,,,
17,2,Food_Service_Restaurant_or_cafeteria,,,,,,
17,3,Food_Service_Restaurant_or_cafeteria,,,,,,
17,4,Food_Service_Restaurant_or_cafeteria,,,,,,
17,5,Food_Service_Restaurant_or_cafeteria,,,,,,
17,Aggregated,Food_Service_Restaurant_or_cafeteria,,,,,,
17,Centralized,Food_Service_Restaurant_or_cafeteria,,,,,,
18,0,Food_Service_Restaurant_or_cafeteria,,,,,,
18,1,Food_Service_Restaurant_or_cafeteria,,,,,,
18,2,Food_Service_Restaurant_or_cafeteria,,,,,,
18,3,Food_Service_Restaurant_or_cafeteria,,,,,,
18,4,Food_Service_Restaurant_or_cafeteria,,,,,,
18,5,Food_Service_Restaurant_or_cafeteria,,,,,,
18,Aggregated,Food_Service_Restaurant_or_cafeteria,,,,,,
18,Centralized,Food_Service_Restaurant_or_cafeteria,,,,,,
19,0,Food_Service_Restaurant_or_cafeteria,,,,,,
19,1,Food_Service_Restaurant_or_cafeteria,,,,,,
19,2,Food_Service_Restaurant_or_cafeteria,,,,,,
19,3,Food_Service_Restaurant_or_cafeteria,,,,,,
19,4,Food_Service_Restaurant_or_cafeteria,,,,,,
19,5,Food_Service_Restaurant_or_cafeteria,,,,,,
19,Aggregated,Food_Service_Restaurant_or_cafeteria,,,,,,
19,Centralized,Food_Service_Restaurant_or_cafeteria,,,,,,
20,0,Food_Service_Restaurant_or_cafeteria,,,,,,
20,1,Food_Service_Restaurant_or_cafeteria,,,,,,
20,2,Food_Service_Restaurant_or_cafeteria,,,,,,
20,3,Food_Service_Restaurant_or_cafeteria,,,,,,
20,4,Food_Service_Restaurant_or_cafeteria,,,,,,
20,5,Food_Service_Restaurant_or_cafeteria,,,,,,
20,Aggregated,Food_Service_Restaurant_or_cafeteria,,,,,,
20,Centralized,Food_Service_Restaurant_or_cafeteria,,,,,,
21,0,Food_Service_Restaurant_or_cafeteria,,,,,,
21,1,Food_Service_Restaurant_or_cafeteria,,,,,,
21,2,Food_Service_Restaurant_or_cafeteria,,,,,,
21,3,Food_Service_Restaurant_or_cafeteria,,,,,,
21,4,Food_Service_Restaurant_or_cafeteria,,,,,,
21,5,Food_Service_Restaurant_or_cafeteria,,,,,,
21,Aggregated,Food_Service_Restaurant_or_cafeteria,,,,,,
21,Centralized,Food_Service_Restaurant_or_cafeteria,,,,,,
22,0,Food_Service_Restaurant_or_cafeteria,,,,,,
22,1,Food_Service_Restaurant_or_cafeteria,,,,,,
22,2,Food_Service_Restaurant_or_cafeteria,,,,,,
22,3,Food_Service_Restaurant_or_cafeteria,,,,,,
22,4,Food_Service_Restaurant_or_cafeteria,,,,,,
22,5,Food_Service_Restaurant_or_cafeteria,,,,,,
22,Aggregated,Food_Service_Restaurant_or_cafeteria,,,,,,
22,Centralized,Food_Service_Restaurant_or_cafeteria,,,,,,
23,0,Food_Service_Restaurant_or_cafeteria,,,,,,
23,1,Food_Service_Restaurant_or_cafeteria,,,,,,
23,2,Food_Service_Restaurant_or_cafeteria,,,,,,
23,3,Food_Service_Restaurant_or_cafeteria,,,,,,
23,4,Food_Service_Restaurant_or_cafeteria,,,,,,
23,5,Food_Service_Restaurant_or_cafeteria,,,,,,
23,Aggregated,Food_Service_Restaurant_or_cafeteria,,,,,,
23,Centralized,Food_Service_Restaurant_or_cafeteria,,,,,,
0,0,Religious_worship,,,,,,
0,1,Religious_worship,,,,,,
0,2,Religious_worship,,,,,,
0,3,Religious_worship,,,,,,
0,4,Religious_worship,,,,,,
0,5,Religious_worship,,,,,,
0,Aggregated,Religious_worship,,,,,,
0,Centralized,Religious_worship,,,,,,
1,0,Religious_worship,,,,,,
1,1,Religious_worship,,,,,,
1,2,Religious_worship,,,,,,
1,3,Religious_worship,,,,,,
1,4,Religious_worship,,,,,,
1,5,Religious_worship,,,,,,
1,Aggregated,Religious_worship,,,,,,
1,Centralized,Religious_worship,,,,,,
2,0,Religious_worship,,,,,,
2,1,Religious_worship,,,,,,
2,2,Religious_worship,,,,,,
2,3,Religious_worship,,,,,,
2,4,Religious_worship,,,,,,
2,5,Religious_worship,,,,,,
2,Aggregated,Religious_worship,,,,,,
2,Centralized,Religious_worship,,,,,,
3,0,Religious_worship,,,,,,
3,1,Religious_worship,,,,,,
3,2,Religious_worship,,,,,,
3,3,Religious_worship,,,,,,
3,4,Religious_worship,,,,,,
3,5,Religious_worship,,,,,,
3,Aggregated,Religious_worship,,,,,,
3,Centralized,Religious_worship,,,,,,
4,0,Religious_worship,,,,,,
4,1,Religious_worship,,,,,,
4,2,Religious_worship,,,,,,
4,3,Religious_worship,,,,,,
4,4,Religious_worship,,,,,,
4,5,Religious_worship,,,,,,
4,Aggregated,Religious_worship,,,,,,
4,Centralized,Religious_worship,,,,,,
5,0,Religious_worship,,,,,,
5,1,Religious_worship,,,,,,
5,2,Religious_worship,,,,,,
5,3,Religious_worship,,,,,,
5,4,Religious_worship,,,,,,
5,5,Religious_worship,,,,,,
5,Aggregated,Religious_worship,,,,,,
5,Centralized,Religious_worship,,,,,,
6,0,Religious_worship,,,,,,
6,1,Religious_worship,,,,,,
6,2,Religious_worship,,,,,,
6,3,Religious_worship,,,,,,
6,4,Religious_worship,,,,,,
6,5,Religious_worship,,,,,,
6,Aggregated,Religious_worship,,,,,,
6,Centralized,Religious_worship,,,,,,
7,0,Religious_worship,,,,,,
7,1,Religious_worship,,,,,,
7,2,Religious_worship,,,,,,
7,3,Religious_worship,,,,,,
7,4,Religious_worship,,,,,,
7,5,Religious_worship,,,,,,
7,Aggregated,Religious_worship,,,,,,
7,Centralized,Religious_worship,,,,,,
8,0,Religious_worship,,,,,,
8,1,Religious_worship,,,,,,
8,2,Religious_worship,,,,,,
8,3,Religious_worship,,,,,,
8,4,Religious_worship,,,,,,
8,5,Religious_worship,,,,,,
8,Aggregated,Religious_worship,,,,,,
8,Centralized,Religious_worship,,,,,,
9,0,Religious_worship,,,,,,
9,1,Religious_worship,,,,,,
9,2,Religious_worship,,,,,,
9,3,Religious_worship,,,,,,
9,4,Religious_worship,,,,,,
9,5,Religious_worship,,,,,,
9,Aggregated,Religious_worship,,,,,,
9,Centralized,Religious_worship,,,,,,
10,0,Religious_worship,,,,,,
10,1,Religious_worship,,,,,,
10,2,Religious_worship,,,,,,
10,3,Religious_worship,,,,,,
10,4,Religious_worship,,,,,,
10,5,Religious_worship,,,,,,
10,Aggregated,Religious_worship,,,,,,
10,Centralized,Religious_worship,,,,,,
11,0,Religious_worship,,,,,,
11,1,Religious_worship,,,,,,
11,2,Religious_worship,,,,,,
11,3,Religious_worship,,,,,,
11,4,Religious_worship,,,,,,
11,5,Religious_worship,,,,,,
11,Aggregated,Religious_worship,,,,,,
11,Centralized,Religious_worship,,,,,,
12,0,Religious_worship,,,,,,
12,1,Religious_worship,,,,,,
12,2,Religious_worship,,,,,,
12,3,Religious_worship,,,,,,
12,4,Religious_worship,,,,,,
12,5,Religious_worship,,,,,,
12,Aggregated,Religious_worship,,,,,,
12,Centralized,Religious_worship,,,,,,
13,0,Religious_worship,,,,,,
13,1,Religious_worship,,,,,,
13,2,Religious_worship,,,,,,
13,3,Religious_worship,,,,,,
13,4,Religious_worship,,,,,,
13,5,Religious_worship,,,,,,
13,Aggregated,Religious_worship,,,,,,
13,Centralized,Religious_worship,,,,,,
14,0,Religious_worship,,,,,,
14,1,Religious_worship,,,,,,
14,2,Religious_worship,,,,,,
14,3,Religious_worship,,,,,,
14,4,Religious_worship,,,,,,
14,5,Religious_worship,,,,,,
14,Aggregated,Religious_worship,,,,,,
14,Centralized,Religious_worship,,,,,,
15,0,Religious_worship,,,,,,
15,1,Religious_worship,,,,,,
15,2,Religious_worship,,,,,,
15,3,Religious_worship,,,,,,
15,4,Religious_worship,,,,,,
15,5,Religious_worship,,,,,,
15,Aggregated,Religious_worship,,,,,,
15,Centralized,Religious_worship,,,,,,
16,0,Religious_worship,,,,,,
16,1,Religious_worship,,,,,,
16,2,Religious_worship,,,,,,
16,3,Religious_worship,,,,,,
16,4,Religious_worship,,,,,,
16,5,Religious_worship,,,,,,
16,Aggregated,Religious_worship,,,,,,
16,Centralized,Religious_worship,,,,,,
17,0,Religious_worship,,,,,,
17,1,Religious_worship,,,,,,
17,2,Religious_worship,,,,,,
17,3,Religious_worship,,,,,,
17,4,Religious_worship,,,,,,
17,5,Religious_worship,,,,,,
17,Aggregated,Religious_worship,,,,,,
17,Centralized,Religious_worship,,,,,,
18,0,Religious_worship,,,,,,
18,1,Religious_worship,,,,,,
18,2,Religious_worship,,,,,,
18,3,Religious_worship,,,,,,
18,4,Religious_worship,,,,,,
18,5,Religious_worship,,,,,,
18,Aggregated,Religious_worship,,,,,,
18,Centralized,Religious_worship,,,,,,
19,0,Religious_worship,,,,,,
19,1,Religious_worship,,,,,,
19,2,Religious_worship,,,,,,
19,3,Religious_worship,,,,,,
19,4,Religious_worship,,,,,,
19,5,Religious_worship,,,,,,
19,Aggregated,Religious_worship,,,,,,
19,Centralized,Religious_worship,,,,,,
20,0,Religious_worship,,,,,,
20,1,Religious_worship,,,,,,
20,2,Religious_worship,,,,,,
20,3,Religious_worship,,,,,,
20,4,Religious_worship,,,,,,
20,5,Religious_worship,,,,,,
20,Aggregated,Religious_worship,,,,,,
20,Centralized,Religious_worship,,,,,,
21,0,Religious_worship,,,,,,
21,1,Religious_worship,,,,,,
21,2,Religious_worship,,,,,,
21,3,Religious_worship,,,,,,
21,4,Religious_worship,,,,,,
21,5,Religious_worship,,,,,,
21,Aggregated,Religious_worship,,,,,,
21,Centralized,Religious_worship,,,,,,
22,0,Religious_worship,,,,,,
22,1,Religious_worship,,,,,,
22,2,Religious_worship,,,,,,
22,3,Religious_worship,,,,,,
22,4,Religious_worship,,,,,,
22,5,Religious_worship,,,,,,
22,Aggregated,Religious_worship,,,,,,
22,Centralized,Religious_worship,,,,,,
23,0,Religious_worship,,,,,,
23,1,Religious_worship,,,,,,
23,2,Religious_worship,,,,,,
23,3,Religious_worship,,,,,,
23,4,Religious_worship,,,,,,
23,5,Religious_worship,,,,,,
23,Aggregated,Religious_worship,,,,,,
23,Centralized,Religious_worship,,,,,,
0,0,Public_Safety_Penitentiary,,,,,,
0,1,Public_Safety_Penitentiary,,,,,,
0,2,Public_Safety_Penitentiary,,,,,,
0,3,Public_Safety_Penitentiary,,,,,,
0,4,Public_Safety_Penitentiary,,,,,,
0,5,Public_Safety_Penitentiary,,,,,,
0,Aggregated,Public_Safety_Penitentiary,,,,,,
0,Centralized,Public_Safety_Penitentiary,,,,,,
1,0,Public_Safety_Penitentiary,,,,,,
1,1,Public_Safety_Penitentiary,,,,,,
1,2,Public_Safety_Penitentiary,,,,,,
1,3,Public_Safety_Penitentiary,,,,,,
1,4,Public_Safety_Penitentiary,,,,,,
1,5,Public_Safety_Penitentiary,,,,,,
1,Aggregated,Public_Safety_Penitentiary,,,,,,
1,Centralized,Public_Safety_Penitentiary,,,,,,
2,0,Public_Safety_Penitentiary,,,,,,
2,1,Public_Safety_Penitentiary,,,,,,
2,2,Public_Safety_Penitentiary,,,,,,
2,3,Public_Safety_Penitentiary,,,,,,
2,4,Public_Safety_Penitentiary,,,,,,
2,5,Public_Safety_Penitentiary,,,,,,
2,Aggregated,Public_Safety_Penitentiary,,,,,,
2,Centralized,Public_Safety_Penitentiary,,,,,,
3,0,Public_Safety_Penitentiary,,,,,,
3,1,Public_Safety_Penitentiary,,,,,,
3,2,Public_Safety_Penitentiary,,,,,,
3,3,Public_Safety_Penitentiary,,,,,,
3,4,Public_Safety_Penitentiary,,,,,,
3,5,Public_Safety_Penitentiary,,,,,,
3,Aggregated,Public_Safety_Penitentiary,,,,,,
3,Centralized,Public_Safety_Penitentiary,,,,,,
4,0,Public_Safety_Penitentiary,,,,,,
4,1,Public_Safety_Penitentiary,,,,,,
4,2,Public_Safety_Penitentiary,,,,,,
4,3,Public_Safety_Penitentiary,,,,,,
4,4,Public_Safety_Penitentiary,,,,,,
4,5,Public_Safety_Penitentiary,,,,,,
4,Aggregated,Public_Safety_Penitentiary,,,,,,
4,Centralized,Public_Safety_Penitentiary,,,,,,
5,0,Public_Safety_Penitentiary,,,,,,
5,1,Public_Safety_Penitentiary,,,,,,
5,2,Public_Safety_Penitentiary,,,,,,
5,3,Public_Safety_Penitentiary,,,,,,
5,4,Public_Safety_Penitentiary,,,,,,
5,5,Public_Safety_Penitentiary,,,,,,
5,Aggregated,Public_Safety_Penitentiary,,,,,,
5,Centralized,Public_Safety_Penitentiary,,,,,,
6,0,Public_Safety_Penitentiary,,,,,,
6,1,Public_Safety_Penitentiary,,,,,,
6,2,Public_Safety_Penitentiary,,,,,,
6,3,Public_Safety_Penitentiary,,,,,,
6,4,Public_Safety_Penitentiary,,,,,,
6,5,Public_Safety_Penitentiary,,,,,,
6,Aggregated,Public_Safety_Penitentiary,,,,,,
6,Centralized,Public_Safety_Penitentiary,,,,,,
7,0,Public_Safety_Penitentiary,,,,,,
7,1,Public_Safety_Penitentiary,,,,,,
7,2,Public_Safety_Penitentiary,,,,,,
7,3,Public_Safety_Penitentiary,,,,,,
7,4,Public_Safety_Penitentiary,,,,,,
7,5,Public_Safety_Penitentiary,,,,,,
7,Aggregated,Public_Safety_Penitentiary,,,,,,
7,Centralized,Public_Safety_Penitentiary,,,,,,
8,0,Public_Safety_Penitentiary,,,,,,
8,1,Public_Safety_Penitentiary,,,,,,
8,2,Public_Safety_Penitentiary,,,,,,
8,3,Public_Safety_Penitentiary,,,,,,
8,4,Public_Safety_Penitentiary,,,,,,
8,5,Public_Safety_Penitentiary,,,,,,
8,Aggregated,Public_Safety_Penitentiary,,,,,,
8,Centralized,Public_Safety_Penitentiary,,,,,,
9,0,Public_Safety_Penitentiary,,,,,,
9,1,Public_Safety_Penitentiary,,,,,,
9,2,Public_Safety_Penitentiary,,,,,,
9,3,Public_Safety_Penitentiary,,,,,,
9,4,Public_Safety_Penitentiary,,,,,,
9,5,Public_Safety_Penitentiary,,,,,,
9,Aggregated,Public_Safety_Penitentiary,,,,,,
9,Centralized,Public_Safety_Penitentiary,,,,,,
10,0,Public_Safety_Penitentiary,,,,,,
10,1,Public_Safety_Penitentiary,,,,,,
10,2,Public_Safety_Penitentiary,,,,,,
10,3,Public_Safety_Penitentiary,,,,,,
10,4,Public_Safety_Penitentiary,,,,,,
10,5,Public_Safety_Penitentiary,,,,,,
10,Aggregated,Public_Safety_Penitentiary,,,,,,
10,Centralized,Public_Safety_Penitentiary,,,,,,
11,0,Public_Safety_Penitentiary,,,,,,
11,1,Public_Safety_Penitentiary,,,,,,
11,2,Public_Safety_Penitentiary,,,,,,
11,3,Public_Safety_Penitentiary,,,,,,
11,4,Public_Safety_Penitentiary,,,,,,
11,5,Public_Safety_Penitentiary,,,,,,
11,Aggregated,Public_Safety_Penitentiary,,,,,,
11,Centralized,Public_Safety_Penitentiary,,,,,,
12,0,Public_Safety_Penitentiary,,,,,,
12,1,Public_Safety_Penitentiary,,,,,,
12,2,Public_Safety_Penitentiary,,,,,,
12,3,Public_Safety_Penitentiary,,,,,,
12,4,Public_Safety_Penitentiary,,,,,,
12,5,Public_Safety_Penitentiary,,,,,,
12,Aggregated,Public_Safety_Penitentiary,,,,,,
12,Centralized,Public_Safety_Penitentiary,,,,,,
13,0,Public_Safety_Penitentiary,,,,,,
13,1,Public_Safety_Penitentiary,,,,,,
13,2,Public_Safety_Penitentiary,,,,,,
13,3,Public_Safety_Penitentiary,,,,,,
13,4,Public_Safety_Penitentiary,,,,,,
13,5,Public_Safety_Penitentiary,,,,,,
13,Aggregated,Public_Safety_Penitentiary,,,,,,
13,Centralized,Public_Safety_Penitentiary,,,,,,
14,0,Public_Safety_Penitentiary,,,,,,
14,1,Public_Safety_Penitentiary,,,,,,
14,2,Public_Safety_Penitentiary,,,,,,
14,3,Public_Safety_Penitentiary,,,,,,
14,4,Public_Safety_Penitentiary,,,,,,
14,5,Public_Safety_Penitentiary,,,,,,
14,Aggregated,Public_Safety_Penitentiary,,,,,,
14,Centralized,Public_Safety_Penitentiary,,,,,,
15,0,Public_Safety_Penitentiary,,,,,,
15,1,Public_Safety_Penitentiary,,,,,,
15,2,Public_Safety_Penitentiary,,,,,,
15,3,Public_Safety_Penitentiary,,,,,,
15,4,Public_Safety_Penitentiary,,,,,,
15,5,Public_Safety_Penitentiary,,,,,,
15,Aggregated,Public_Safety_Penitentiary,,,,,,
15,Centralized,Public_Safety_Penitentiary,,,,,,
16,0,Public_Safety_Penitentiary,,,,,,
16,1,Public_Safety_Penitentiary,,,,,,
16,2,Public_Safety_Penitentiary,,,,,,
16,3,Public_Safety_Penitentiary,,,,,,
16,4,Public_Safety_Penitentiary,,,,,,
16,5,Public_Safety_Penitentiary,,,,,,
16,Aggregated,Public_Safety_Penitentiary,,,,,,
16,Centralized,Public_Safety_Penitentiary,,,,,,
17,0,Public_Safety_Penitentiary,,,,,,
17,1,Public_Safety_Penitentiary,,,,,,
17,2,Public_Safety_Penitentiary,,,,,,
17,3,Public_Safety_Penitentiary,,,,,,
17,4,Public_Safety_Penitentiary,,,,,,
17,5,Public_Safety_Penitentiary,,,,,,
17,Aggregated,Public_Safety_Penitentiary,,,,,,
17,Centralized,Public_Safety_Penitentiary,,,,,,
18,0,Public_Safety_Penitentiary,,,,,,
18,1,Public_Safety_Penitentiary,,,,,,
18,2,Public_Safety_Penitentiary,,,,,,
18,3,Public_Safety_Penitentiary,,,,,,
18,4,Public_Safety_Penitentiary,,,,,,
18,5,Public_Safety_Penitentiary,,,,,,
18,Aggregated,Public_Safety_Penitentiary,,,,,,
18,Centralized,Public_Safety_Penitentiary,,,,,,
19,0,Public_Safety_Penitentiary,,,,,,
19,1,Public_Safety_Penitentiary,,,,,,
19,2,Public_Safety_Penitentiary,,,,,,
19,3,Public_Safety_Penitentiary,,,,,,
19,4,Public_Safety_Penitentiary,,,,,,
19,5,Public_Safety_Penitentiary,,,,,,
19,Aggregated,Public_Safety_Penitentiary,,,,,,
19,Centralized,Public_Safety_Penitentiary,,,,,,
20,0,Public_Safety_Penitentiary,,,,,,
20,1,Public_Safety_Penitentiary,,,,,,
20,2,Public_Safety_Penitentiary,,,,,,
20,3,Public_Safety_Penitentiary,,,,,,
20,4,Public_Safety_Penitentiary,,,,,,
20,5,Public_Safety_Penitentiary,,,,,,
20,Aggregated,Public_Safety_Penitentiary,,,,,,
20,Centralized,Public_Safety_Penitentiary,,,,,,
21,0,Public_Safety_Penitentiary,,,,,,
21,1,Public_Safety_Penitentiary,,,,,,
21,2,Public_Safety_Penitentiary,,,,,,
21,3,Public_Safety_Penitentiary,,,,,,
21,4,Public_Safety_Penitentiary,,,,,,
21,5,Public_Safety_Penitentiary,,,,,,
21,Aggregated,Public_Safety_Penitentiary,,,,,,
21,Centralized,Public_Safety_Penitentiary,,,,,,
22,0,Public_Safety_Penitentiary,,,,,,
22,1,Public_Safety_Penitentiary,,,,,,
22,2,Public_Safety_Penitentiary,,,,,,
22,3,Public_Safety_Penitentiary,,,,,,
22,4,Public_Safety_Penitentiary,,,,,,
22,5,Public_Safety_Penitentiary,,,,,,
22,Aggregated,Public_Safety_Penitentiary,,,,,,
22,Centralized,Public_Safety_Penitentiary,,,,,,
23,0,Public_Safety_Penitentiary,,,,,,
23,1,Public_Safety_Penitentiary,,,,,,
23,2,Public_Safety_Penitentiary,,,,,,
23,3,Public_Safety_Penitentiary,,,,,,
23,4,Public_Safety_Penitentiary,,,,,,
23,5,Public_Safety_Penitentiary,,,,,,
23,Aggregated,Public_Safety_Penitentiary,,,,,,
23,Centralized,Public_Safety_Penitentiary,,,,,,
0,0,Public_Safety_Fire_or_police_station,,,,,,
0,1,Public_Safety_Fire_or_police_station,,,,,,
0,2,Public_Safety_Fire_or_police_station,,,,,,
0,3,Public_Safety_Fire_or_police_station,,,,,,
0,4,Public_Safety_Fire_or_police_station,,,,,,
0,5,Public_Safety_Fire_or_police_station,,,,,,
0,Aggregated,Public_Safety_Fire_or_police_station,,,,,,
0,Centralized,Public_Safety_Fire_or_police_station,,,,,,
1,0,Public_Safety_Fire_or_police_station,,,,,,
1,1,Public_Safety_Fire_or_police_station,,,,,,
1,2,Public_Safety_Fire_or_police_station,,,,,,
1,3,Public_Safety_Fire_or_police_station,,,,,,
1,4,Public_Safety_Fire_or_police_station,,,,,,
1,5,Public_Safety_Fire_or_police_station,,,,,,
1,Aggregated,Public_Safety_Fire_or_police_station,,,,,,
1,Centralized,Public_Safety_Fire_or_police_station,,,,,,
2,0,Public_Safety_Fire_or_police_station,,,,,,
2,1,Public_Safety_Fire_or_police_station,,,,,,
2,2,Public_Safety_Fire_or_police_station,,,,,,
2,3,Public_Safety_Fire_or_police_station,,,,,,
2,4,Public_Safety_Fire_or_police_station,,,,,,
2,5,Public_Safety_Fire_or_police_station,,,,,,
2,Aggregated,Public_Safety_Fire_or_police_station,,,,,,
2,Centralized,Public_Safety_Fire_or_police_station,,,,,,
3,0,Public_Safety_Fire_or_police_station,,,,,,
3,1,Public_Safety_Fire_or_police_station,,,,,,
3,2,Public_Safety_Fire_or_police_station,,,,,,
3,3,Public_Safety_Fire_or_police_station,,,,,,
3,4,Public_Safety_Fire_or_police_station,,,,,,
3,5,Public_Safety_Fire_or_police_station,,,,,,
3,Aggregated,Public_Safety_Fire_or_police_station,,,,,,
3,Centralized,Public_Safety_Fire_or_police_station,,,,,,
4,0,Public_Safety_Fire_or_police_station,,,,,,
4,1,Public_Safety_Fire_or_police_station,,,,,,
4,2,Public_Safety_Fire_or_police_station,,,,,,
4,3,Public_Safety_Fire_or_police_station,,,,,,
4,4,Public_Safety_Fire_or_police_station,,,,,,
4,5,Public_Safety_Fire_or_police_station,,,,,,
4,Aggregated,Public_Safety_Fire_or_police_station,,,,,,
4,Centralized,Public_Safety_Fire_or_police_station,,,,,,
5,0,Public_Safety_Fire_or_police_station,,,,,,
5,1,Public_Safety_Fire_or_police_station,,,,,,
5,2,Public_Safety_Fire_or_police_station,,,,,,
5,3,Public_Safety_Fire_or_police_station,,,,,,
5,4,Public_Safety_Fire_or_police_station,,,,,,
5,5,Public_Safety_Fire_or_police_station,,,,,,
5,Aggregated,Public_Safety_Fire_or_police_station,,,,,,
5,Centralized,Public_Safety_Fire_or_police_station,,,,,,
6,0,Public_Safety_Fire_or_police_station,,,,,,
6,1,Public_Safety_Fire_or_police_station,,,,,,
6,2,Public_Safety_Fire_or_police_station,,,,,,
6,3,Public_Safety_Fire_or_police_station,,,,,,
6,4,Public_Safety_Fire_or_police_station,,,,,,
6,5,Public_Safety_Fire_or_police_station,,,,,,
6,Aggregated,Public_Safety_Fire_or_police_station,,,,,,
6,Centralized,Public_Safety_Fire_or_police_station,,,,,,
7,0,Public_Safety_Fire_or_police_station,,,,,,
7,1,Public_Safety_Fire_or_police_station,,,,,,
7,2,Public_Safety_Fire_or_police_station,,,,,,
7,3,Public_Safety_Fire_or_police_station,,,,,,
7,4,Public_Safety_Fire_or_police_station,,,,,,
7,5,Public_Safety_Fire_or_police_station,,,,,,
7,Aggregated,Public_Safety_Fire_or_police_station,,,,,,
7,Centralized,Public_Safety_Fire_or_police_station,,,,,,
8,0,Public_Safety_Fire_or_police_station,,,,,,
8,1,Public_Safety_Fire_or_police_station,,,,,,
8,2,Public_Safety_Fire_or_police_station,,,,,,
8,3,Public_Safety_Fire_or_police_station,,,,,,
8,4,Public_Safety_Fire_or_police_station,,,,,,
8,5,Public_Safety_Fire_or_police_station,,,,,,
8,Aggregated,Public_Safety_Fire_or_police_station,,,,,,
8,Centralized,Public_Safety_Fire_or_police_station,,,,,,
9,0,Public_Safety_Fire_or_police_station,,,,,,
9,1,Public_Safety_Fire_or_police_station,,,,,,
9,2,Public_Safety_Fire_or_police_station,,,,,,
9,3,Public_Safety_Fire_or_police_station,,,,,,
9,4,Public_Safety_Fire_or_police_station,,,,,,
9,5,Public_Safety_Fire_or_police_station,,,,,,
9,Aggregated,Public_Safety_Fire_or_police_station,,,,,,
9,Centralized,Public_Safety_Fire_or_police_station,,,,,,
10,0,Public_Safety_Fire_or_police_station,,,,,,
10,1,Public_Safety_Fire_or_police_station,,,,,,
10,2,Public_Safety_Fire_or_police_station,,,,,,
10,3,Public_Safety_Fire_or_police_station,,,,,,
10,4,Public_Safety_Fire_or_police_station,,,,,,
10,5,Public_Safety_Fire_or_police_station,,,,,,
10,Aggregated,Public_Safety_Fire_or_police_station,,,,,,
10,Centralized,Public_Safety_Fire_or_police_station,,,,,,
11,0,Public_Safety_Fire_or_police_station,,,,,,
11,1,Public_Safety_Fire_or_police_station,,,,,,
11,2,Public_Safety_Fire_or_police_station,,,,,,
11,3,Public_Safety_Fire_or_police_station,,,,,,
11,4,Public_Safety_Fire_or_police_station,,,,,,
11,5,Public_Safety_Fire_or_police_station,,,,,,
11,Aggregated,Public_Safety_Fire_or_police_station,,,,,,
11,Centralized,Public_Safety_Fire_or_police_station,,,,,,
12,0,Public_Safety_Fire_or_police_station,,,,,,
12,1,Public_Safety_Fire_or_police_station,,,,,,
12,2,Public_Safety_Fire_or_police_station,,,,,,
12,3,Public_Safety_Fire_or_police_station,,,,,,
12,4,Public_Safety_Fire_or_police_station,,,,,,
12,5,Public_Safety_Fire_or_police_station,,,,,,
12,Aggregated,Public_Safety_Fire_or_police_station,,,,,,
12,Centralized,Public_Safety_Fire_or_police_station,,,,,,
13,0,Public_Safety_Fire_or_police_station,,,,,,
13,1,Public_Safety_Fire_or_police_station,,,,,,
13,2,Public_Safety_Fire_or_police_station,,,,,,
13,3,Public_Safety_Fire_or_police_station,,,,,,
13,4,Public_Safety_Fire_or_police_station,,,,,,
13,5,Public_Safety_Fire_or_police_station,,,,,,
13,Aggregated,Public_Safety_Fire_or_police_station,,,,,,
13,Centralized,Public_Safety_Fire_or_police_station,,,,,,
14,0,Public_Safety_Fire_or_police_station,,,,,,
14,1,Public_Safety_Fire_or_police_station,,,,,,
14,2,Public_Safety_Fire_or_police_station,,,,,,
14,3,Public_Safety_Fire_or_police_station,,,,,,
14,4,Public_Safety_Fire_or_police_station,,,,,,
14,5,Public_Safety_Fire_or_police_station,,,,,,
14,Aggregated,Public_Safety_Fire_or_police_station,,,,,,
14,Centralized,Public_Safety_Fire_or_police_station,,,,,,
15,0,Public_Safety_Fire_or_police_station,,,,,,
15,1,Public_Safety_Fire_or_police_station,,,,,,
15,2,Public_Safety_Fire_or_police_station,,,,,,
15,3,Public_Safety_Fire_or_police_station,,,,,,
15,4,Public_Safety_Fire_or_police_station,,,,,,
15,5,Public_Safety_Fire_or_police_station,,,,,,
15,Aggregated,Public_Safety_Fire_or_police_station,,,,,,
15,Centralized,Public_Safety_Fire_or_police_station,,,,,,
16,0,Public_Safety_Fire_or_police_station,,,,,,
16,1,Public_Safety_Fire_or_police_station,,,,,,
16,2,Public_Safety_Fire_or_police_station,,,,,,
16,3,Public_Safety_Fire_or_police_station,,,,,,
16,4,Public_Safety_Fire_or_police_station,,,,,,
16,5,Public_Safety_Fire_or_police_station,,,,,,
16,Aggregated,Public_Safety_Fire_or_police_station,,,,,,
16,Centralized,Public_Safety_Fire_or_police_station,,,,,,
17,0,Public_Safety_Fire_or_police_station,,,,,,
17,1,Public_Safety_Fire_or_police_station,,,,,,
17,2,Public_Safety_Fire_or_police_station,,,,,,
17,3,Public_Safety_Fire_or_police_station,,,,,,
17,4,Public_Safety_Fire_or_police_station,,,,,,
17,5,Public_Safety_Fire_or_police_station,,,,,,
17,Aggregated,Public_Safety_Fire_or_police_station,,,,,,
17,Centralized,Public_Safety_Fire_or_police_station,,,,,,
18,0,Public_Safety_Fire_or_police_station,,,,,,
18,1,Public_Safety_Fire_or_police_station,,,,,,
18,2,Public_Safety_Fire_or_police_station,,,,,,
18,3,Public_Safety_Fire_or_police_station,,,,,,
18,4,Public_Safety_Fire_or_police_station,,,,,,
18,5,Public_Safety_Fire_or_police_station,,,,,,
18,Aggregated,Public_Safety_Fire_or_police_station,,,,,,
18,Centralized,Public_Safety_Fire_or_police_station,,,,,,
19,0,Public_Safety_Fire_or_police_station,,,,,,
19,1,Public_Safety_Fire_or_police_station,,,,,,
19,2,Public_Safety_Fire_or_police_station,,,,,,
19,3,Public_Safety_Fire_or_police_station,,,,,,
19,4,Public_Safety_Fire_or_police_station,,,,,,
19,5,Public_Safety_Fire_or_police_station,,,,,,
19,Aggregated,Public_Safety_Fire_or_police_station,,,,,,
19,Centralized,Public_Safety_Fire_or_police_station,,,,,,
20,0,Public_Safety_Fire_or_police_station,,,,,,
20,1,Public_Safety_Fire_or_police_station,,,,,,
20,2,Public_Safety_Fire_or_police_station,,,,,,
20,3,Public_Safety_Fire_or_police_station,,,,,,
20,4,Public_Safety_Fire_or_police_station,,,,,,
20,5,Public_Safety_Fire_or_police_station,,,,,,
20,Aggregated,Public_Safety_Fire_or_police_station,,,,,,
20,Centralized,Public_Safety_Fire_or_police_station,,,,,,
21,0,Public_Safety_Fire_or_police_station,,,,,,
21,1,Public_Safety_Fire_or_police_station,,,,,,
21,2,Public_Safety_Fire_or_police_station,,,,,,
21,3,Public_Safety_Fire_or_police_station,,,,,,
21,4,Public_Safety_Fire_or_police_station,,,,,,
21,5,Public_Safety_Fire_or_police_station,,,,,,
21,Aggregated,Public_Safety_Fire_or_police_station,,,,,,
21,Centralized,Public_Safety_Fire_or_police_station,,,,,,
22,0,Public_Safety_Fire_or_police_station,,,,,,
22,1,Public_Safety_Fire_or_police_station,,,,,,
22,2,Public_Safety_Fire_or_police_station,,,,,,
22,3,Public_Safety_Fire_or_police_station,,,,,,
22,4,Public_Safety_Fire_or_police_station,,,,,,
22,5,Public_Safety_Fire_or_police_station,,,,,,
22,Aggregated,Public_Safety_Fire_or_police_station,,,,,,
22,Centralized,Public_Safety_Fire_or_police_station,,,,,,
23,0,Public_Safety_Fire_or_police_station,,,,,,
23,1,Public_Safety_Fire_or_police_station,,,,,,
23,2,Public_Safety_Fire_or_police_station,,,,,,
23,3,Public_Safety_Fire_or_police_station,,,,,,
23,4,Public_Safety_Fire_or_police_station,,,,,,
23,5,Public_Safety_Fire_or_police_station,,,,,,
23,Aggregated,Public_Safety_Fire_or_police_station,,,,,,
23,Centralized,Public_Safety_Fire_or_police_station,,,,,,
0,0,Public_Assembly_Drama_theater,,,,,,
0,1,Public_Assembly_Drama_theater,,,,,,
0,2,Public_Assembly_Drama_theater,,,,,,
0,3,Public_Assembly_Drama_theater,,,,,,
0,4,Public_Assembly_Drama_theater,,,,,,
0,5,Public_Assembly_Drama_theater,,,,,,
0,Aggregated,Public_Assembly_Drama_theater,,,,,,
0,Centralized,Public_Assembly_Drama_theater,,,,,,
1,0,Public_Assembly_Drama_theater,,,,,,
1,1,Public_Assembly_Drama_theater,,,,,,
1,2,Public_Assembly_Drama_theater,,,,,,
1,3,Public_Assembly_Drama_theater,,,,,,
1,4,Public_Assembly_Drama_theater,,,,,,
1,5,Public_Assembly_Drama_theater,,,,,,
1,Aggregated,Public_Assembly_Drama_theater,,,,,,
1,Centralized,Public_Assembly_Drama_theater,,,,,,
2,0,Public_Assembly_Drama_theater,,,,,,
2,1,Public_Assembly_Drama_theater,,,,,,
2,2,Public_Assembly_Drama_theater,,,,,,
2,3,Public_Assembly_Drama_theater,,,,,,
2,4,Public_Assembly_Drama_theater,,,,,,
2,5,Public_Assembly_Drama_theater,,,,,,
2,Aggregated,Public_Assembly_Drama_theater,,,,,,
2,Centralized,Public_Assembly_Drama_theater,,,,,,
3,0,Public_Assembly_Drama_theater,,,,,,
3,1,Public_Assembly_Drama_theater,,,,,,
3,2,Public_Assembly_Drama_theater,,,,,,
3,3,Public_Assembly_Drama_theater,,,,,,
3,4,Public_Assembly_Drama_theater,,,,,,
3,5,Public_Assembly_Drama_theater,,,,,,
3,Aggregated,Public_Assembly_Drama_theater,,,,,,
3,Centralized,Public_Assembly_Drama_theater,,,,,,
4,0,Public_Assembly_Drama_theater,,,,,,
4,1,Public_Assembly_Drama_theater,,,,,,
4,2,Public_Assembly_Drama_theater,,,,,,
4,3,Public_Assembly_Drama_theater,,,,,,
4,4,Public_Assembly_Drama_theater,,,,,,
4,5,Public_Assembly_Drama_theater,,,,,,
4,Aggregated,Public_Assembly_Drama_theater,,,,,,
4,Centralized,Public_Assembly_Drama_theater,,,,,,
5,0,Public_Assembly_Drama_theater,,,,,,
5,1,Public_Assembly_Drama_theater,,,,,,
5,2,Public_Assembly_Drama_theater,,,,,,
5,3,Public_Assembly_Drama_theater,,,,,,
5,4,Public_Assembly_Drama_theater,,,,,,
5,5,Public_Assembly_Drama_theater,,,,,,
5,Aggregated,Public_Assembly_Drama_theater,,,,,,
5,Centralized,Public_Assembly_Drama_theater,,,,,,
6,0,Public_Assembly_Drama_theater,,,,,,
6,1,Public_Assembly_Drama_theater,,,,,,
6,2,Public_Assembly_Drama_theater,,,,,,
6,3,Public_Assembly_Drama_theater,,,,,,
6,4,Public_Assembly_Drama_theater,,,,,,
6,5,Public_Assembly_Drama_theater,,,,,,
6,Aggregated,Public_Assembly_Drama_theater,,,,,,
6,Centralized,Public_Assembly_Drama_theater,,,,,,
7,0,Public_Assembly_Drama_theater,,,,,,
7,1,Public_Assembly_Drama_theater,,,,,,
7,2,Public_Assembly_Drama_theater,,,,,,
7,3,Public_Assembly_Drama_theater,,,,,,
7,4,Public_Assembly_Drama_theater,,,,,,
7,5,Public_Assembly_Drama_theater,,,,,,
7,Aggregated,Public_Assembly_Drama_theater,,,,,,
7,Centralized,Public_Assembly_Drama_theater,,,,,,
8,0,Public_Assembly_Drama_theater,,,,,,
8,1,Public_Assembly_Drama_theater,,,,,,
8,2,Public_Assembly_Drama_theater,,,,,,
8,3,Public_Assembly_Drama_theater,,,,,,
8,4,Public_Assembly_Drama_theater,,,,,,
8,5,Public_Assembly_Drama_theater,,,,,,
8,Aggregated,Public_Assembly_Drama_theater,,,,,,
8,Centralized,Public_Assembly_Drama_theater,,,,,,
9,0,Public_Assembly_Drama_theater,,,,,,
9,1,Public_Assembly_Drama_theater,,,,,,
9,2,Public_Assembly_Drama_theater,,,,,,
9,3,Public_Assembly_Drama_theater,,,,,,
9,4,Public_Assembly_Drama_theater,,,,,,
9,5,Public_Assembly_Drama_theater,,,,,,
9,Aggregated,Public_Assembly_Drama_theater,,,,,,
9,Centralized,Public_Assembly_Drama_theater,,,,,,
10,0,Public_Assembly_Drama_theater,,,,,,
10,1,Public_Assembly_Drama_theater,,,,,,
10,2,Public_Assembly_Drama_theater,,,,,,
10,3,Public_Assembly_Drama_theater,,,,,,
10,4,Public_Assembly_Drama_theater,,,,,,
10,5,Public_Assembly_Drama_theater,,,,,,
10,Aggregated,Public_Assembly_Drama_theater,,,,,,
10,Centralized,Public_Assembly_Drama_theater,,,,,,
11,0,Public_Assembly_Drama_theater,,,,,,
11,1,Public_Assembly_Drama_theater,,,,,,
11,2,Public_Assembly_Drama_theater,,,,,,
11,3,Public_Assembly_Drama_theater,,,,,,
11,4,Public_Assembly_Drama_theater,,,,,,
11,5,Public_Assembly_Drama_theater,,,,,,
11,Aggregated,Public_Assembly_Drama_theater,,,,,,
11,Centralized,Public_Assembly_Drama_theater,,,,,,
12,0,Public_Assembly_Drama_theater,,,,,,
12,1,Public_Assembly_Drama_theater,,,,,,
12,2,Public_Assembly_Drama_theater,,,,,,
12,3,Public_Assembly_Drama_theater,,,,,,
12,4,Public_Assembly_Drama_theater,,,,,,
12,5,Public_Assembly_Drama_theater,,,,,,
12,Aggregated,Public_Assembly_Drama_theater,,,,,,
12,Centralized,Public_Assembly_Drama_theater,,,,,,
13,0,Public_Assembly_Drama_theater,,,,,,
13,1,Public_Assembly_Drama_theater,,,,,,
13,2,Public_Assembly_Drama_theater,,,,,,
13,3,Public_Assembly_Drama_theater,,,,,,
13,4,Public_Assembly_Drama_theater,,,,,,
13,5,Public_Assembly_Drama_theater,,,,,,
13,Aggregated,Public_Assembly_Drama_theater,,,,,,
13,Centralized,Public_Assembly_Drama_theater,,,,,,
14,0,Public_Assembly_Drama_theater,,,,,,
14,1,Public_Assembly_Drama_theater,,,,,,
14,2,Public_Assembly_Drama_theater,,,,,,
14,3,Public_Assembly_Drama_theater,,,,,,
14,4,Public_Assembly_Drama_theater,,,,,,
14,5,Public_Assembly_Drama_theater,,,,,,
14,Aggregated,Public_Assembly_Drama_theater,,,,,,
14,Centralized,Public_Assembly_Drama_theater,,,,,,
15,0,Public_Assembly_Drama_theater,,,,,,
15,1,Public_Assembly_Drama_theater,,,,,,
15,2,Public_Assembly_Drama_theater,,,,,,
15,3,Public_Assembly_Drama_theater,,,,,,
15,4,Public_Assembly_Drama_theater,,,,,,
15,5,Public_Assembly_Drama_theater,,,,,,
15,Aggregated,Public_Assembly_Drama_theater,,,,,,
15,Centralized,Public_Assembly_Drama_theater,,,,,,
16,0,Public_Assembly_Drama_theater,,,,,,
16,1,Public_Assembly_Drama_theater,,,,,,
16,2,Public_Assembly_Drama_theater,,,,,,
16,3,Public_Assembly_Drama_theater,,,,,,
16,4,Public_Assembly_Drama_theater,,,,,,
16,5,Public_Assembly_Drama_theater,,,,,,
16,Aggregated,Public_Assembly_Drama_theater,,,,,,
16,Centralized,Public_Assembly_Drama_theater,,,,,,
17,0,Public_Assembly_Drama_theater,,,,,,
17,1,Public_Assembly_Drama_theater,,,,,,
17,2,Public_Assembly_Drama_theater,,,,,,
17,3,Public_Assembly_Drama_theater,,,,,,
17,4,Public_Assembly_Drama_theater,,,,,,
17,5,Public_Assembly_Drama_theater,,,,,,
17,Aggregated,Public_Assembly_Drama_theater,,,,,,
17,Centralized,Public_Assembly_Drama_theater,,,,,,
18,0,Public_Assembly_Drama_theater,,,,,,
18,1,Public_Assembly_Drama_theater,,,,,,
18,2,Public_Assembly_Drama_theater,,,,,,
18,3,Public_Assembly_Drama_theater,,,,,,
18,4,Public_Assembly_Drama_theater,,,,,,
18,5,Public_Assembly_Drama_theater,,,,,,
18,Aggregated,Public_Assembly_Drama_theater,,,,,,
18,Centralized,Public_Assembly_Drama_theater,,,,,,
19,0,Public_Assembly_Drama_theater,,,,,,
19,1,Public_Assembly_Drama_theater,,,,,,
19,2,Public_Assembly_Drama_theater,,,,,,
19,3,Public_Assembly_Drama_theater,,,,,,
19,4,Public_Assembly_Drama_theater,,,,,,
19,5,Public_Assembly_Drama_theater,,,,,,
19,Aggregated,Public_Assembly_Drama_theater,,,,,,
19,Centralized,Public_Assembly_Drama_theater,,,,,,
20,0,Public_Assembly_Drama_theater,,,,,,
20,1,Public_Assembly_Drama_theater,,,,,,
20,2,Public_Assembly_Drama_theater,,,,,,
20,3,Public_Assembly_Drama_theater,,,,,,
20,4,Public_Assembly_Drama_theater,,,,,,
20,5,Public_Assembly_Drama_theater,,,,,,
20,Aggregated,Public_Assembly_Drama_theater,,,,,,
20,Centralized,Public_Assembly_Drama_theater,,,,,,
21,0,Public_Assembly_Drama_theater,,,,,,
21,1,Public_Assembly_Drama_theater,,,,,,
21,2,Public_Assembly_Drama_theater,,,,,,
21,3,Public_Assembly_Drama_theater,,,,,,
21,4,Public_Assembly_Drama_theater,,,,,,
21,5,Public_Assembly_Drama_theater,,,,,,
21,Aggregated,Public_Assembly_Drama_theater,,,,,,
21,Centralized,Public_Assembly_Drama_theater,,,,,,
22,0,Public_Assembly_Drama_theater,,,,,,
22,1,Public_Assembly_Drama_theater,,,,,,
22,2,Public_Assembly_Drama_theater,,,,,,
22,3,Public_Assembly_Drama_theater,,,,,,
22,4,Public_Assembly_Drama_theater,,,,,,
22,5,Public_Assembly_Drama_theater,,,,,,
22,Aggregated,Public_Assembly_Drama_theater,,,,,,
22,Centralized,Public_Assembly_Drama_theater,,,,,,
23,0,Public_Assembly_Drama_theater,,,,,,
23,1,Public_Assembly_Drama_theater,,,,,,
23,2,Public_Assembly_Drama_theater,,,,,,
23,3,Public_Assembly_Drama_theater,,,,,,
23,4,Public_Assembly_Drama_theater,,,,,,
23,5,Public_Assembly_Drama_theater,,,,,,
23,Aggregated,Public_Assembly_Drama_theater,,,,,,
23,Centralized,Public_Assembly_Drama_theater,,,,,,
0,0,Industrial,,,,,,
0,1,Industrial,,,,,,
0,2,Industrial,,,,,,
0,3,Industrial,,,,,,
0,4,Industrial,,,,,,
0,5,Industrial,,,,,,
0,Aggregated,Industrial,,,,,,
0,Centralized,Industrial,,,,,,
1,0,Industrial,,,,,,
1,1,Industrial,,,,,,
1,2,Industrial,,,,,,
1,3,Industrial,,,,,,
1,4,Industrial,,,,,,
1,5,Industrial,,,,,,
1,Aggregated,Industrial,,,,,,
1,Centralized,Industrial,,,,,,
2,0,Industrial,,,,,,
2,1,Industrial,,,,,,
2,2,Industrial,,,,,,
2,3,Industrial,,,,,,
2,4,Industrial,,,,,,
2,5,Industrial,,,,,,
2,Aggregated,Industrial,,,,,,
2,Centralized,Industrial,,,,,,
3,0,Industrial,,,,,,
3,1,Industrial,,,,,,
3,2,Industrial,,,,,,
3,3,Industrial,,,,,,
3,4,Industrial,,,,,,
3,5,Industrial,,,,,,
3,Aggregated,Industrial,,,,,,
3,Centralized,Industrial,,,,,,
4,0,Industrial,,,,,,
4,1,Industrial,,,,,,
4,2,Industrial,,,,,,
4,3,Industrial,,,,,,
4,4,Industrial,,,,,,
4,5,Industrial,,,,,,
4,Aggregated,Industrial,,,,,,
4,Centralized,Industrial,,,,,,
5,0,Industrial,,,,,,
5,1,Industrial,,,,,,
5,2,Industrial,,,,,,
5,3,Industrial,,,,,,
5,4,Industrial,,,,,,
5,5,Industrial,,,,,,
5,Aggregated,Industrial,,,,,,
5,Centralized,Industrial,,,,,,
6,0,Industrial,,,,,,
6,1,Industrial,,,,,,
6,2,Industrial,,,,,,
6,3,Industrial,,,,,,
6,4,Industrial,,,,,,
6,5,Industrial,,,,,,
6,Aggregated,Industrial,,,,,,
6,Centralized,Industrial,,,,,,
7,0,Industrial,,,,,,
7,1,Industrial,,,,,,
7,2,Industrial,,,,,,
7,3,Industrial,,,,,,
7,4,Industrial,,,,,,
7,5,Industrial,,,,,,
7,Aggregated,Industrial,,,,,,
7,Centralized,Industrial,,,,,,
8,0,Industrial,,,,,,
8,1,Industrial,,,,,,
8,2,Industrial,,,,,,
8,3,Industrial,,,,,,
8,4,Industrial,,,,,,
8,5,Industrial,,,,,,
8,Aggregated,Industrial,,,,,,
8,Centralized,Industrial,,,,,,
9,0,Industrial,,,,,,
9,1,Industrial,,,,,,
9,2,Industrial,,,,,,
9,3,Industrial,,,,,,
9,4,Industrial,,,,,,
9,5,Industrial,,,,,,
9,Aggregated,Industrial,,,,,,
9,Centralized,Industrial,,,,,,
10,0,Industrial,,,,,,
10,1,Industrial,,,,,,
10,2,Industrial,,,,,,
10,3,Industrial,,,,,,
10,4,Industrial,,,,,,
10,5,Industrial,,,,,,
10,Aggregated,Industrial,,,,,,
10,Centralized,Industrial,,,,,,
11,0,Industrial,,,,,,
11,1,Industrial,,,,,,
11,2,Industrial,,,,,,
11,3,Industrial,,,,,,
11,4,Industrial,,,,,,
11,5,Industrial,,,,,,
11,Aggregated,Industrial,,,,,,
11,Centralized,Industrial,,,,,,
12,0,Industrial,,,,,,
12,1,Industrial,,,,,,
12,2,Industrial,,,,,,
12,3,Industrial,,,,,,
12,4,Industrial,,,,,,
12,5,Industrial,,,,,,
12,Aggregated,Industrial,,,,,,
12,Centralized,Industrial,,,,,,
13,0,Industrial,,,,,,
13,1,Industrial,,,,,,
13,2,Industrial,,,,,,
13,3,Industrial,,,,,,
13,4,Industrial,,,,,,
13,5,Industrial,,,,,,
13,Aggregated,Industrial,,,,,,
13,Centralized,Industrial,,,,,,
14,0,Industrial,,,,,,
14,1,Industrial,,,,,,
14,2,Industrial,,,,,,
14,3,Industrial,,,,,,
14,4,Industrial,,,,,,
14,5,Industrial,,,,,,
14,Aggregated,Industrial,,,,,,
14,Centralized,Industrial,,,,,,
15,0,Industrial,,,,,,
15,1,Industrial,,,,,,
15,2,Industrial,,,,,,
15,3,Industrial,,,,,,
15,4,Industrial,,,,,,
15,5,Industrial,,,,,,
15,Aggregated,Industrial,,,,,,
15,Centralized,Industrial,,,,,,
16,0,Industrial,,,,,,
16,1,Industrial,,,,,,
16,2,Industrial,,,,,,
16,3,Industrial,,,,,,
16,4,Industrial,,,,,,
16,5,Industrial,,,,,,
16,Aggregated,Industrial,,,,,,
16,Centralized,Industrial,,,,,,
17,0,Industrial,,,,,,
17,1,Industrial,,,,,,
17,2,Industrial,,,,,,
17,3,Industrial,,,,,,
17,4,Industrial,,,,,,
17,5,Industrial,,,,,,
17,Aggregated,Industrial,,,,,,
17,Centralized,Industrial,,,,,,
18,0,Industrial,,,,,,
18,1,Industrial,,,,,,
18,2,Industrial,,,,,,
18,3,Industrial,,,,,,
18,4,Industrial,,,,,,
18,5,Industrial,,,,,,
18,Aggregated,Industrial,,,,,,
18,Centralized,Industrial,,,,,,
19,0,Industrial,,,,,,
19,1,Industrial,,,,,,
19,2,Industrial,,,,,,
19,3,Industrial,,,,,,
19,4,Industrial,,,,,,
19,5,Industrial,,,,,,
19,Aggregated,Industrial,,,,,,
19,Centralized,Industrial,,,,,,
20,0,Industrial,,,,,,
20,1,Industrial,,,,,,
20,2,Industrial,,,,,,
20,3,Industrial,,,,,,
20,4,Industrial,,,,,,
20,5,Industrial,,,,,,
20,Aggregated,Industrial,,,,,,
20,Centralized,Industrial,,,,,,
21,0,Industrial,,,,,,
21,1,Industrial,,,,,,
21,2,Industrial,,,,,,
21,3,Industrial,,,,,,
21,4,Industrial,,,,,,
21,5,Industrial,,,,,,
21,Aggregated,Industrial,,,,,,
21,Centralized,Industrial,,,,,,
22,0,Industrial,,,,,,
22,1,Industrial,,,,,,
22,2,Industrial,,,,,,
22,3,Industrial,,,,,,
22,4,Industrial,,,,,,
22,5,Industrial,,,,,,
22,Aggregated,Industrial,,,,,,
22,Centralized,Industrial,,,,,,
23,0,Industrial,,,,,,
23,1,Industrial,,,,,,
23,2,Industrial,,,,,,
23,3,Industrial,,,,,,
23,4,Industrial,,,,,,
23,5,Industrial,,,,,,
23,Aggregated,Industrial,,,,,,
23,Centralized,Industrial,,,,,,
0,0,Service_Vehicle_service_repair_shop,,,,,,
0,1,Service_Vehicle_service_repair_shop,,,,,,
0,2,Service_Vehicle_service_repair_shop,,,,,,
0,3,Service_Vehicle_service_repair_shop,,,,,,
0,4,Service_Vehicle_service_repair_shop,,,,,,
0,5,Service_Vehicle_service_repair_shop,,,,,,
0,Aggregated,Service_Vehicle_service_repair_shop,,,,,,
0,Centralized,Service_Vehicle_service_repair_shop,,,,,,
1,0,Service_Vehicle_service_repair_shop,,,,,,
1,1,Service_Vehicle_service_repair_shop,,,,,,
1,2,Service_Vehicle_service_repair_shop,,,,,,
1,3,Service_Vehicle_service_repair_shop,,,,,,
1,4,Service_Vehicle_service_repair_shop,,,,,,
1,5,Service_Vehicle_service_repair_shop,,,,,,
1,Aggregated,Service_Vehicle_service_repair_shop,,,,,,
1,Centralized,Service_Vehicle_service_repair_shop,,,,,,
2,0,Service_Vehicle_service_repair_shop,,,,,,
2,1,Service_Vehicle_service_repair_shop,,,,,,
2,2,Service_Vehicle_service_repair_shop,,,,,,
2,3,Service_Vehicle_service_repair_shop,,,,,,
2,4,Service_Vehicle_service_repair_shop,,,,,,
2,5,Service_Vehicle_service_repair_shop,,,,,,
2,Aggregated,Service_Vehicle_service_repair_shop,,,,,,
2,Centralized,Service_Vehicle_service_repair_shop,,,,,,
3,0,Service_Vehicle_service_repair_shop,,,,,,
3,1,Service_Vehicle_service_repair_shop,,,,,,
3,2,Service_Vehicle_service_repair_shop,,,,,,
3,3,Service_Vehicle_service_repair_shop,,,,,,
3,4,Service_Vehicle_service_repair_shop,,,,,,
3,5,Service_Vehicle_service_repair_shop,,,,,,
3,Aggregated,Service_Vehicle_service_repair_shop,,,,,,
3,Centralized,Service_Vehicle_service_repair_shop,,,,,,
4,0,Service_Vehicle_service_repair_shop,,,,,,
4,1,Service_Vehicle_service_repair_shop,,,,,,
4,2,Service_Vehicle_service_repair_shop,,,,,,
4,3,Service_Vehicle_service_repair_shop,,,,,,
4,4,Service_Vehicle_service_repair_shop,,,,,,
4,5,Service_Vehicle_service_repair_shop,,,,,,
4,Aggregated,Service_Vehicle_service_repair_shop,,,,,,
4,Centralized,Service_Vehicle_service_repair_shop,,,,,,
5,0,Service_Vehicle_service_repair_shop,,,,,,
5,1,Service_Vehicle_service_repair_shop,,,,,,
5,2,Service_Vehicle_service_repair_shop,,,,,,
5,3,Service_Vehicle_service_repair_shop,,,,,,
5,4,Service_Vehicle_service_repair_shop,,,,,,
5,5,Service_Vehicle_service_repair_shop,,,,,,
5,Aggregated,Service_Vehicle_service_repair_shop,,,,,,
5,Centralized,Service_Vehicle_service_repair_shop,,,,,,
6,0,Service_Vehicle_service_repair_shop,,,,,,
6,1,Service_Vehicle_service_repair_shop,,,,,,
6,2,Service_Vehicle_service_repair_shop,,,,,,
6,3,Service_Vehicle_service_repair_shop,,,,,,
6,4,Service_Vehicle_service_repair_shop,,,,,,
6,5,Service_Vehicle_service_repair_shop,,,,,,
6,Aggregated,Service_Vehicle_service_repair_shop,,,,,,
6,Centralized,Service_Vehicle_service_repair_shop,,,,,,
7,0,Service_Vehicle_service_repair_shop,,,,,,
7,1,Service_Vehicle_service_repair_shop,,,,,,
7,2,Service_Vehicle_service_repair_shop,,,,,,
7,3,Service_Vehicle_service_repair_shop,,,,,,
7,4,Service_Vehicle_service_repair_shop,,,,,,
7,5,Service_Vehicle_service_repair_shop,,,,,,
7,Aggregated,Service_Vehicle_service_repair_shop,,,,,,
7,Centralized,Service_Vehicle_service_repair_shop,,,,,,
8,0,Service_Vehicle_service_repair_shop,,,,,,
8,1,Service_Vehicle_service_repair_shop,,,,,,
8,2,Service_Vehicle_service_repair_shop,,,,,,
8,3,Service_Vehicle_service_repair_shop,,,,,,
8,4,Service_Vehicle_service_repair_shop,,,,,,
8,5,Service_Vehicle_service_repair_shop,,,,,,
8,Aggregated,Service_Vehicle_service_repair_shop,,,,,,
8,Centralized,Service_Vehicle_service_repair_shop,,,,,,
9,0,Service_Vehicle_service_repair_shop,,,,,,
9,1,Service_Vehicle_service_repair_shop,,,,,,
9,2,Service_Vehicle_service_repair_shop,,,,,,
9,3,Service_Vehicle_service_repair_shop,,,,,,
9,4,Service_Vehicle_service_repair_shop,,,,,,
9,5,Service_Vehicle_service_repair_shop,,,,,,
9,Aggregated,Service_Vehicle_service_repair_shop,,,,,,
9,Centralized,Service_Vehicle_service_repair_shop,,,,,,
10,0,Service_Vehicle_service_repair_shop,,,,,,
10,1,Service_Vehicle_service_repair_shop,,,,,,
10,2,Service_Vehicle_service_repair_shop,,,,,,
10,3,Service_Vehicle_service_repair_shop,,,,,,
10,4,Service_Vehicle_service_repair_shop,,,,,,
10,5,Service_Vehicle_service_repair_shop,,,,,,
10,Aggregated,Service_Vehicle_service_repair_shop,,,,,,
10,Centralized,Service_Vehicle_service_repair_shop,,,,,,
11,0,Service_Vehicle_service_repair_shop,,,,,,
11,1,Service_Vehicle_service_repair_shop,,,,,,
11,2,Service_Vehicle_service_repair_shop,,,,,,
11,3,Service_Vehicle_service_repair_shop,,,,,,
11,4,Service_Vehicle_service_repair_shop,,,,,,
11,5,Service_Vehicle_service_repair_shop,,,,,,
11,Aggregated,Service_Vehicle_service_repair_shop,,,,,,
11,Centralized,Service_Vehicle_service_repair_shop,,,,,,
12,0,Service_Vehicle_service_repair_shop,,,,,,
12,1,Service_Vehicle_service_repair_shop,,,,,,
12,2,Service_Vehicle_service_repair_shop,,,,,,
12,3,Service_Vehicle_service_repair_shop,,,,,,
12,4,Service_Vehicle_service_repair_shop,,,,,,
12,5,Service_Vehicle_service_repair_shop,,,,,,
12,Aggregated,Service_Vehicle_service_repair_shop,,,,,,
12,Centralized,Service_Vehicle_service_repair_shop,,,,,,
13,0,Service_Vehicle_service_repair_shop,,,,,,
13,1,Service_Vehicle_service_repair_shop,,,,,,
13,2,Service_Vehicle_service_repair_shop,,,,,,
13,3,Service_Vehicle_service_repair_shop,,,,,,
13,4,Service_Vehicle_service_repair_shop,,,,,,
13,5,Service_Vehicle_service_repair_shop,,,,,,
13,Aggregated,Service_Vehicle_service_repair_shop,,,,,,
13,Centralized,Service_Vehicle_service_repair_shop,,,,,,
14,0,Service_Vehicle_service_repair_shop,,,,,,
14,1,Service_Vehicle_service_repair_shop,,,,,,
14,2,Service_Vehicle_service_repair_shop,,,,,,
14,3,Service_Vehicle_service_repair_shop,,,,,,
14,4,Service_Vehicle_service_repair_shop,,,,,,
14,5,Service_Vehicle_service_repair_shop,,,,,,
14,Aggregated,Service_Vehicle_service_repair_shop,,,,,,
14,Centralized,Service_Vehicle_service_repair_shop,,,,,,
15,0,Service_Vehicle_service_repair_shop,,,,,,
15,1,Service_Vehicle_service_repair_shop,,,,,,
15,2,Service_Vehicle_service_repair_shop,,,,,,
15,3,Service_Vehicle_service_repair_shop,,,,,,
15,4,Service_Vehicle_service_repair_shop,,,,,,
15,5,Service_Vehicle_service_repair_shop,,,,,,
15,Aggregated,Service_Vehicle_service_repair_shop,,,,,,
15,Centralized,Service_Vehicle_service_repair_shop,,,,,,
16,0,Service_Vehicle_service_repair_shop,,,,,,
16,1,Service_Vehicle_service_repair_shop,,,,,,
16,2,Service_Vehicle_service_repair_shop,,,,,,
16,3,Service_Vehicle_service_repair_shop,,,,,,
16,4,Service_Vehicle_service_repair_shop,,,,,,
16,5,Service_Vehicle_service_repair_shop,,,,,,
16,Aggregated,Service_Vehicle_service_repair_shop,,,,,,
16,Centralized,Service_Vehicle_service_repair_shop,,,,,,
17,0,Service_Vehicle_service_repair_shop,,,,,,
17,1,Service_Vehicle_service_repair_shop,,,,,,
17,2,Service_Vehicle_service_repair_shop,,,,,,
17,3,Service_Vehicle_service_repair_shop,,,,,,
17,4,Service_Vehicle_service_repair_shop,,,,,,
17,5,Service_Vehicle_service_repair_shop,,,,,,
17,Aggregated,Service_Vehicle_service_repair_shop,,,,,,
17,Centralized,Service_Vehicle_service_repair_shop,,,,,,
18,0,Service_Vehicle_service_repair_shop,,,,,,
18,1,Service_Vehicle_service_repair_shop,,,,,,
18,2,Service_Vehicle_service_repair_shop,,,,,,
18,3,Service_Vehicle_service_repair_shop,,,,,,
18,4,Service_Vehicle_service_repair_shop,,,,,,
18,5,Service_Vehicle_service_repair_shop,,,,,,
18,Aggregated,Service_Vehicle_service_repair_shop,,,,,,
18,Centralized,Service_Vehicle_service_repair_shop,,,,,,
19,0,Service_Vehicle_service_repair_shop,,,,,,
19,1,Service_Vehicle_service_repair_shop,,,,,,
19,2,Service_Vehicle_service_repair_shop,,,,,,
19,3,Service_Vehicle_service_repair_shop,,,,,,
19,4,Service_Vehicle_service_repair_shop,,,,,,
19,5,Service_Vehicle_service_repair_shop,,,,,,
19,Aggregated,Service_Vehicle_service_repair_shop,,,,,,
19,Centralized,Service_Vehicle_service_repair_shop,,,,,,
20,0,Service_Vehicle_service_repair_shop,,,,,,
20,1,Service_Vehicle_service_repair_shop,,,,,,
20,2,Service_Vehicle_service_repair_shop,,,,,,
20,3,Service_Vehicle_service_repair_shop,,,,,,
20,4,Service_Vehicle_service_repair_shop,,,,,,
20,5,Service_Vehicle_service_repair_shop,,,,,,
20,Aggregated,Service_Vehicle_service_repair_shop,,,,,,
20,Centralized,Service_Vehicle_service_repair_shop,,,,,,
21,0,Service_Vehicle_service_repair_shop,,,,,,
21,1,Service_Vehicle_service_repair_shop,,,,,,
21,2,Service_Vehicle_service_repair_shop,,,,,,
21,3,Service_Vehicle_service_repair_shop,,,,,,
21,4,Service_Vehicle_service_repair_shop,,,,,,
21,5,Service_Vehicle_service_repair_shop,,,,,,
21,Aggregated,Service_Vehicle_service_repair_shop,,,,,,
21,Centralized,Service_Vehicle_service_repair_shop,,,,,,
22,0,Service_Vehicle_service_repair_shop,,,,,,
22,1,Service_Vehicle_service_repair_shop,,,,,,
22,2,Service_Vehicle_service_repair_shop,,,,,,
22,3,Service_Vehicle_service_repair_shop,,,,,,
22,4,Service_Vehicle_service_repair_shop,,,,,,
22,5,Service_Vehicle_service_repair_shop,,,,,,
22,Aggregated,Service_Vehicle_service_repair_shop,,,,,,
22,Centralized,Service_Vehicle_service_repair_shop,,,,,,
23,0,Service_Vehicle_service_repair_shop,,,,,,
23,1,Service_Vehicle_service_repair_shop,,,,,,
23,2,Service_Vehicle_service_repair_shop,,,,,,
23,3,Service_Vehicle_service_repair_shop,,,,,,
23,4,Service_Vehicle_service_repair_shop,,,,,,
23,5,Service_Vehicle_service_repair_shop,,,,,,
23,Aggregated,Service_Vehicle_service_repair_shop,,,,,,
23,Centralized,Service_Vehicle_service_repair_shop,,,,,,
0,0,Commercial_Unknown,,,,,,
0,1,Commercial_Unknown,,,,,,
0,2,Commercial_Unknown,,,,,,
0,3,Commercial_Unknown,,,,,,
0,4,Commercial_Unknown,,,,,,
0,5,Commercial_Unknown,,,,,,
0,Aggregated,Commercial_Unknown,,,,,,
0,Centralized,Commercial_Unknown,,,,,,
1,0,Commercial_Unknown,,,,,,
1,1,Commercial_Unknown,,,,,,
1,2,Commercial_Unknown,,,,,,
1,3,Commercial_Unknown,,,,,,
1,4,Commercial_Unknown,,,,,,
1,5,Commercial_Unknown,,,,,,
1,Aggregated,Commercial_Unknown,,,,,,
1,Centralized,Commercial_Unknown,,,,,,
2,0,Commercial_Unknown,,,,,,
2,1,Commercial_Unknown,,,,,,
2,2,Commercial_Unknown,,,,,,
2,3,Commercial_Unknown,,,,,,
2,4,Commercial_Unknown,,,,,,
2,5,Commercial_Unknown,,,,,,
2,Aggregated,Commercial_Unknown,,,,,,
2,Centralized,Commercial_Unknown,,,,,,
3,0,Commercial_Unknown,,,,,,
3,1,Commercial_Unknown,,,,,,
3,2,Commercial_Unknown,,,,,,
3,3,Commercial_Unknown,,,,,,
3,4,Commercial_Unknown,,,,,,
3,5,Commercial_Unknown,,,,,,
3,Aggregated,Commercial_Unknown,,,,,,
3,Centralized,Commercial_Unknown,,,,,,
4,0,Commercial_Unknown,,,,,,
4,1,Commercial_Unknown,,,,,,
4,2,Commercial_Unknown,,,,,,
4,3,Commercial_Unknown,,,,,,
4,4,Commercial_Unknown,,,,,,
4,5,Commercial_Unknown,,,,,,
4,Aggregated,Commercial_Unknown,,,,,,
4,Centralized,Commercial_Unknown,,,,,,
5,0,Commercial_Unknown,,,,,,
5,1,Commercial_Unknown,,,,,,
5,2,Commercial_Unknown,,,,,,
5,3,Commercial_Unknown,,,,,,
5,4,Commercial_Unknown,,,,,,
5,5,Commercial_Unknown,,,,,,
5,Aggregated,Commercial_Unknown,,,,,,
5,Centralized,Commercial_Unknown,,,,,,
6,0,Commercial_Unknown,,,,,,
6,1,Commercial_Unknown,,,,,,
6,2,Commercial_Unknown,,,,,,
6,3,Commercial_Unknown,,,,,,
6,4,Commercial_Unknown,,,,,,
6,5,Commercial_Unknown,,,,,,
6,Aggregated,Commercial_Unknown,,,,,,
6,Centralized,Commercial_Unknown,,,,,,
7,0,Commercial_Unknown,,,,,,
7,1,Commercial_Unknown,,,,,,
7,2,Commercial_Unknown,,,,,,
7,3,Commercial_Unknown,,,,,,
7,4,Commercial_Unknown,,,,,,
7,5,Commercial_Unknown,,,,,,
7,Aggregated,Commercial_Unknown,,,,,,
7,Centralized,Commercial_Unknown,,,,,,
8,0,Commercial_Unknown,,,,,,
8,1,Commercial_Unknown,,,,,,
8,2,Commercial_Unknown,,,,,,
8,3,Commercial_Unknown,,,,,,
8,4,Commercial_Unknown,,,,,,
8,5,Commercial_Unknown,,,,,,
8,Aggregated,Commercial_Unknown,,,,,,
8,Centralized,Commercial_Unknown,,,,,,
9,0,Commercial_Unknown,,,,,,
9,1,Commercial_Unknown,,,,,,
9,2,Commercial_Unknown,,,,,,
9,3,Commercial_Unknown,,,,,,
9,4,Commercial_Unknown,,,,,,
9,5,Commercial_Unknown,,,,,,
9,Aggregated,Commercial_Unknown,,,,,,
9,Centralized,Commercial_Unknown,,,,,,
10,0,Commercial_Unknown,,,,,,
10,1,Commercial_Unknown,,,,,,
10,2,Commercial_Unknown,,,,,,
10,3,Commercial_Unknown,,,,,,
10,4,Commercial_Unknown,,,,,,
10,5,Commercial_Unknown,,,,,,
10,Aggregated,Commercial_Unknown,,,,,,
10,Centralized,Commercial_Unknown,,,,,,
11,0,Commercial_Unknown,,,,,,
11,1,Commercial_Unknown,,,,,,
11,2,Commercial_Unknown,,,,,,
11,3,Commercial_Unknown,,,,,,
11,4,Commercial_Unknown,,,,,,
11,5,Commercial_Unknown,,,,,,
11,Aggregated,Commercial_Unknown,,,,,,
11,Centralized,Commercial_Unknown,,,,,,
12,0,Commercial_Unknown,,,,,,
12,1,Commercial_Unknown,,,,,,
12,2,Commercial_Unknown,,,,,,
12,3,Commercial_Unknown,,,,,,
12,4,Commercial_Unknown,,,,,,
12,5,Commercial_Unknown,,,,,,
12,Aggregated,Commercial_Unknown,,,,,,
12,Centralized,Commercial_Unknown,,,,,,
13,0,Commercial_Unknown,,,,,,
13,1,Commercial_Unknown,,,,,,
13,2,Commercial_Unknown,,,,,,
13,3,Commercial_Unknown,,,,,,
13,4,Commercial_Unknown,,,,,,
13,5,Commercial_Unknown,,,,,,
13,Aggregated,Commercial_Unknown,,,,,,
13,Centralized,Commercial_Unknown,,,,,,
14,0,Commercial_Unknown,,,,,,
14,1,Commercial_Unknown,,,,,,
14,2,Commercial_Unknown,,,,,,
14,3,Commercial_Unknown,,,,,,
14,4,Commercial_Unknown,,,,,,
14,5,Commercial_Unknown,,,,,,
14,Aggregated,Commercial_Unknown,,,,,,
14,Centralized,Commercial_Unknown,,,,,,
15,0,Commercial_Unknown,,,,,,
15,1,Commercial_Unknown,,,,,,
15,2,Commercial_Unknown,,,,,,
15,3,Commercial_Unknown,,,,,,
15,4,Commercial_Unknown,,,,,,
15,5,Commercial_Unknown,,,,,,
15,Aggregated,Commercial_Unknown,,,,,,
15,Centralized,Commercial_Unknown,,,,,,
16,0,Commercial_Unknown,,,,,,
16,1,Commercial_Unknown,,,,,,
16,2,Commercial_Unknown,,,,,,
16,3,Commercial_Unknown,,,,,,
16,4,Commercial_Unknown,,,,,,
16,5,Commercial_Unknown,,,,,,
16,Aggregated,Commercial_Unknown,,,,,,
16,Centralized,Commercial_Unknown,,,,,,
17,0,Commercial_Unknown,,,,,,
17,1,Commercial_Unknown,,,,,,
17,2,Commercial_Unknown,,,,,,
17,3,Commercial_Unknown,,,,,,
17,4,Commercial_Unknown,,,,,,
17,5,Commercial_Unknown,,,,,,
17,Aggregated,Commercial_Unknown,,,,,,
17,Centralized,Commercial_Unknown,,,,,,
18,0,Commercial_Unknown,,,,,,
18,1,Commercial_Unknown,,,,,,
18,2,Commercial_Unknown,,,,,,
18,3,Commercial_Unknown,,,,,,
18,4,Commercial_Unknown,,,,,,
18,5,Commercial_Unknown,,,,,,
18,Aggregated,Commercial_Unknown,,,,,,
18,Centralized,Commercial_Unknown,,,,,,
19,0,Commercial_Unknown,,,,,,
19,1,Commercial_Unknown,,,,,,
19,2,Commercial_Unknown,,,,,,
19,3,Commercial_Unknown,,,,,,
19,4,Commercial_Unknown,,,,,,
19,5,Commercial_Unknown,,,,,,
19,Aggregated,Commercial_Unknown,,,,,,
19,Centralized,Commercial_Unknown,,,,,,
20,0,Commercial_Unknown,,,,,,
20,1,Commercial_Unknown,,,,,,
20,2,Commercial_Unknown,,,,,,
20,3,Commercial_Unknown,,,,,,
20,4,Commercial_Unknown,,,,,,
20,5,Commercial_Unknown,,,,,,
20,Aggregated,Commercial_Unknown,,,,,,
20,Centralized,Commercial_Unknown,,,,,,
21,0,Commercial_Unknown,,,,,,
21,1,Commercial_Unknown,,,,,,
21,2,Commercial_Unknown,,,,,,
21,3,Commercial_Unknown,,,,,,
21,4,Commercial_Unknown,,,,,,
21,5,Commercial_Unknown,,,,,,
21,Aggregated,Commercial_Unknown,,,,,,
21,Centralized,Commercial_Unknown,,,,,,
22,0,Commercial_Unknown,,,,,,
22,1,Commercial_Unknown,,,,,,
22,2,Commercial_Unknown,,,,,,
22,3,Commercial_Unknown,,,,,,
22,4,Commercial_Unknown,,,,,,
22,5,Commercial_Unknown,,,,,,
22,Aggregated,Commercial_Unknown,,,,,,
22,Centralized,Commercial_Unknown,,,,,,
23,0,Commercial_Unknown,,,,,,
23,1,Commercial_Unknown,,,,,,
23,2,Commercial_Unknown,,,,,,
23,3,Commercial_Unknown,,,,,,
23,4,Commercial_Unknown,,,,,,
23,5,Commercial_Unknown,,,,,,
23,Aggregated,Commercial_Unknown,,,,,,
23,Centralized,Commercial_Unknown,,,,,,
0,0,Public_Assembly_Movie_Theater,,,,,,
0,1,Public_Assembly_Movie_Theater,,,,,,
0,2,Public_Assembly_Movie_Theater,,,,,,
0,3,Public_Assembly_Movie_Theater,,,,,,
0,4,Public_Assembly_Movie_Theater,,,,,,
0,5,Public_Assembly_Movie_Theater,,,,,,
0,Aggregated,Public_Assembly_Movie_Theater,,,,,,
0,Centralized,Public_Assembly_Movie_Theater,,,,,,
1,0,Public_Assembly_Movie_Theater,,,,,,
1,1,Public_Assembly_Movie_Theater,,,,,,
1,2,Public_Assembly_Movie_Theater,,,,,,
1,3,Public_Assembly_Movie_Theater,,,,,,
1,4,Public_Assembly_Movie_Theater,,,,,,
1,5,Public_Assembly_Movie_Theater,,,,,,
1,Aggregated,Public_Assembly_Movie_Theater,,,,,,
1,Centralized,Public_Assembly_Movie_Theater,,,,,,
2,0,Public_Assembly_Movie_Theater,,,,,,
2,1,Public_Assembly_Movie_Theater,,,,,,
2,2,Public_Assembly_Movie_Theater,,,,,,
2,3,Public_Assembly_Movie_Theater,,,,,,
2,4,Public_Assembly_Movie_Theater,,,,,,
2,5,Public_Assembly_Movie_Theater,,,,,,
2,Aggregated,Public_Assembly_Movie_Theater,,,,,,
2,Centralized,Public_Assembly_Movie_Theater,,,,,,
3,0,Public_Assembly_Movie_Theater,,,,,,
3,1,Public_Assembly_Movie_Theater,,,,,,
3,2,Public_Assembly_Movie_Theater,,,,,,
3,3,Public_Assembly_Movie_Theater,,,,,,
3,4,Public_Assembly_Movie_Theater,,,,,,
3,5,Public_Assembly_Movie_Theater,,,,,,
3,Aggregated,Public_Assembly_Movie_Theater,,,,,,
3,Centralized,Public_Assembly_Movie_Theater,,,,,,
4,0,Public_Assembly_Movie_Theater,,,,,,
4,1,Public_Assembly_Movie_Theater,,,,,,
4,2,Public_Assembly_Movie_Theater,,,,,,
4,3,Public_Assembly_Movie_Theater,,,,,,
4,4,Public_Assembly_Movie_Theater,,,,,,
4,5,Public_Assembly_Movie_Theater,,,,,,
4,Aggregated,Public_Assembly_Movie_Theater,,,,,,
4,Centralized,Public_Assembly_Movie_Theater,,,,,,
5,0,Public_Assembly_Movie_Theater,,,,,,
5,1,Public_Assembly_Movie_Theater,,,,,,
5,2,Public_Assembly_Movie_Theater,,,,,,
5,3,Public_Assembly_Movie_Theater,,,,,,
5,4,Public_Assembly_Movie_Theater,,,,,,
5,5,Public_Assembly_Movie_Theater,,,,,,
5,Aggregated,Public_Assembly_Movie_Theater,,,,,,
5,Centralized,Public_Assembly_Movie_Theater,,,,,,
6,0,Public_Assembly_Movie_Theater,,,,,,
6,1,Public_Assembly_Movie_Theater,,,,,,
6,2,Public_Assembly_Movie_Theater,,,,,,
6,3,Public_Assembly_Movie_Theater,,,,,,
6,4,Public_Assembly_Movie_Theater,,,,,,
6,5,Public_Assembly_Movie_Theater,,,,,,
6,Aggregated,Public_Assembly_Movie_Theater,,,,,,
6,Centralized,Public_Assembly_Movie_Theater,,,,,,
7,0,Public_Assembly_Movie_Theater,,,,,,
7,1,Public_Assembly_Movie_Theater,,,,,,
7,2,Public_Assembly_Movie_Theater,,,,,,
7,3,Public_Assembly_Movie_Theater,,,,,,
7,4,Public_Assembly_Movie_Theater,,,,,,
7,5,Public_Assembly_Movie_Theater,,,,,,
7,Aggregated,Public_Assembly_Movie_Theater,,,,,,
7,Centralized,Public_Assembly_Movie_Theater,,,,,,
8,0,Public_Assembly_Movie_Theater,,,,,,
8,1,Public_Assembly_Movie_Theater,,,,,,
8,2,Public_Assembly_Movie_Theater,,,,,,
8,3,Public_Assembly_Movie_Theater,,,,,,
8,4,Public_Assembly_Movie_Theater,,,,,,
8,5,Public_Assembly_Movie_Theater,,,,,,
8,Aggregated,Public_Assembly_Movie_Theater,,,,,,
8,Centralized,Public_Assembly_Movie_Theater,,,,,,
9,0,Public_Assembly_Movie_Theater,,,,,,
9,1,Public_Assembly_Movie_Theater,,,,,,
9,2,Public_Assembly_Movie_Theater,,,,,,
9,3,Public_Assembly_Movie_Theater,,,,,,
9,4,Public_Assembly_Movie_Theater,,,,,,
9,5,Public_Assembly_Movie_Theater,,,,,,
9,Aggregated,Public_Assembly_Movie_Theater,,,,,,
9,Centralized,Public_Assembly_Movie_Theater,,,,,,
10,0,Public_Assembly_Movie_Theater,,,,,,
10,1,Public_Assembly_Movie_Theater,,,,,,
10,2,Public_Assembly_Movie_Theater,,,,,,
10,3,Public_Assembly_Movie_Theater,,,,,,
10,4,Public_Assembly_Movie_Theater,,,,,,
10,5,Public_Assembly_Movie_Theater,,,,,,
10,Aggregated,Public_Assembly_Movie_Theater,,,,,,
10,Centralized,Public_Assembly_Movie_Theater,,,,,,
11,0,Public_Assembly_Movie_Theater,,,,,,
11,1,Public_Assembly_Movie_Theater,,,,,,
11,2,Public_Assembly_Movie_Theater,,,,,,
11,3,Public_Assembly_Movie_Theater,,,,,,
11,4,Public_Assembly_Movie_Theater,,,,,,
11,5,Public_Assembly_Movie_Theater,,,,,,
11,Aggregated,Public_Assembly_Movie_Theater,,,,,,
11,Centralized,Public_Assembly_Movie_Theater,,,,,,
12,0,Public_Assembly_Movie_Theater,,,,,,
12,1,Public_Assembly_Movie_Theater,,,,,,
12,2,Public_Assembly_Movie_Theater,,,,,,
12,3,Public_Assembly_Movie_Theater,,,,,,
12,4,Public_Assembly_Movie_Theater,,,,,,
12,5,Public_Assembly_Movie_Theater,,,,,,
12,Aggregated,Public_Assembly_Movie_Theater,,,,,,
12,Centralized,Public_Assembly_Movie_Theater,,,,,,
13,0,Public_Assembly_Movie_Theater,,,,,,
13,1,Public_Assembly_Movie_Theater,,,,,,
13,2,Public_Assembly_Movie_Theater,,,,,,
13,3,Public_Assembly_Movie_Theater,,,,,,
13,4,Public_Assembly_Movie_Theater,,,,,,
13,5,Public_Assembly_Movie_Theater,,,,,,
13,Aggregated,Public_Assembly_Movie_Theater,,,,,,
13,Centralized,Public_Assembly_Movie_Theater,,,,,,
14,0,Public_Assembly_Movie_Theater,,,,,,
14,1,Public_Assembly_Movie_Theater,,,,,,
14,2,Public_Assembly_Movie_Theater,,,,,,
14,3,Public_Assembly_Movie_Theater,,,,,,
14,4,Public_Assembly_Movie_Theater,,,,,,
14,5,Public_Assembly_Movie_Theater,,,,,,
14,Aggregated,Public_Assembly_Movie_Theater,,,,,,
14,Centralized,Public_Assembly_Movie_Theater,,,,,,
15,0,Public_Assembly_Movie_Theater,,,,,,
15,1,Public_Assembly_Movie_Theater,,,,,,
15,2,Public_Assembly_Movie_Theater,,,,,,
15,3,Public_Assembly_Movie_Theater,,,,,,
15,4,Public_Assembly_Movie_Theater,,,,,,
15,5,Public_Assembly_Movie_Theater,,,,,,
15,Aggregated,Public_Assembly_Movie_Theater,,,,,,
15,Centralized,Public_Assembly_Movie_Theater,,,,,,
16,0,Public_Assembly_Movie_Theater,,,,,,
16,1,Public_Assembly_Movie_Theater,,,,,,
16,2,Public_Assembly_Movie_Theater,,,,,,
16,3,Public_Assembly_Movie_Theater,,,,,,
16,4,Public_Assembly_Movie_Theater,,,,,,
16,5,Public_Assembly_Movie_Theater,,,,,,
16,Aggregated,Public_Assembly_Movie_Theater,,,,,,
16,Centralized,Public_Assembly_Movie_Theater,,,,,,
17,0,Public_Assembly_Movie_Theater,,,,,,
17,1,Public_Assembly_Movie_Theater,,,,,,
17,2,Public_Assembly_Movie_Theater,,,,,,
17,3,Public_Assembly_Movie_Theater,,,,,,
17,4,Public_Assembly_Movie_Theater,,,,,,
17,5,Public_Assembly_Movie_Theater,,,,,,
17,Aggregated,Public_Assembly_Movie_Theater,,,,,,
17,Centralized,Public_Assembly_Movie_Theater,,,,,,
18,0,Public_Assembly_Movie_Theater,,,,,,
18,1,Public_Assembly_Movie_Theater,,,,,,
18,2,Public_Assembly_Movie_Theater,,,,,,
18,3,Public_Assembly_Movie_Theater,,,,,,
18,4,Public_Assembly_Movie_Theater,,,,,,
18,5,Public_Assembly_Movie_Theater,,,,,,
18,Aggregated,Public_Assembly_Movie_Theater,,,,,,
18,Centralized,Public_Assembly_Movie_Theater,,,,,,
19,0,Public_Assembly_Movie_Theater,,,,,,
19,1,Public_Assembly_Movie_Theater,,,,,,
19,2,Public_Assembly_Movie_Theater,,,,,,
19,3,Public_Assembly_Movie_Theater,,,,,,
19,4,Public_Assembly_Movie_Theater,,,,,,
19,5,Public_Assembly_Movie_Theater,,,,,,
19,Aggregated,Public_Assembly_Movie_Theater,,,,,,
19,Centralized,Public_Assembly_Movie_Theater,,,,,,
20,0,Public_Assembly_Movie_Theater,,,,,,
20,1,Public_Assembly_Movie_Theater,,,,,,
20,2,Public_Assembly_Movie_Theater,,,,,,
20,3,Public_Assembly_Movie_Theater,,,,,,
20,4,Public_Assembly_Movie_Theater,,,,,,
20,5,Public_Assembly_Movie_Theater,,,,,,
20,Aggregated,Public_Assembly_Movie_Theater,,,,,,
20,Centralized,Public_Assembly_Movie_Theater,,,,,,
21,0,Public_Assembly_Movie_Theater,,,,,,
21,1,Public_Assembly_Movie_Theater,,,,,,
21,2,Public_Assembly_Movie_Theater,,,,,,
21,3,Public_Assembly_Movie_Theater,,,,,,
21,4,Public_Assembly_Movie_Theater,,,,,,
21,5,Public_Assembly_Movie_Theater,,,,,,
21,Aggregated,Public_Assembly_Movie_Theater,,,,,,
21,Centralized,Public_Assembly_Movie_Theater,,,,,,
22,0,Public_Assembly_Movie_Theater,,,,,,
22,1,Public_Assembly_Movie_Theater,,,,,,
22,2,Public_Assembly_Movie_Theater,,,,,,
22,3,Public_Assembly_Movie_Theater,,,,,,
22,4,Public_Assembly_Movie_Theater,,,,,,
22,5,Public_Assembly_Movie_Theater,,,,,,
22,Aggregated,Public_Assembly_Movie_Theater,,,,,,
22,Centralized,Public_Assembly_Movie_Theater,,,,,,
23,0,Public_Assembly_Movie_Theater,,,,,,
23,1,Public_Assembly_Movie_Theater,,,,,,
23,2,Public_Assembly_Movie_Theater,,,,,,
23,3,Public_Assembly_Movie_Theater,,,,,,
23,4,Public_Assembly_Movie_Theater,,,,,,
23,5,Public_Assembly_Movie_Theater,,,,,,
23,Aggregated,Public_Assembly_Movie_Theater,,,,,,
23,Centralized,Public_Assembly_Movie_Theater,,,,,,
0,0,Public_Assembly_Recreation,,,,,,
0,1,Public_Assembly_Recreation,,,,,,
0,2,Public_Assembly_Recreation,,,,,,
0,3,Public_Assembly_Recreation,,,,,,
0,4,Public_Assembly_Recreation,,,,,,
0,5,Public_Assembly_Recreation,,,,,,
0,Aggregated,Public_Assembly_Recreation,,,,,,
0,Centralized,Public_Assembly_Recreation,,,,,,
1,0,Public_Assembly_Recreation,,,,,,
1,1,Public_Assembly_Recreation,,,,,,
1,2,Public_Assembly_Recreation,,,,,,
1,3,Public_Assembly_Recreation,,,,,,
1,4,Public_Assembly_Recreation,,,,,,
1,5,Public_Assembly_Recreation,,,,,,
1,Aggregated,Public_Assembly_Recreation,,,,,,
1,Centralized,Public_Assembly_Recreation,,,,,,
2,0,Public_Assembly_Recreation,,,,,,
2,1,Public_Assembly_Recreation,,,,,,
2,2,Public_Assembly_Recreation,,,,,,
2,3,Public_Assembly_Recreation,,,,,,
2,4,Public_Assembly_Recreation,,,,,,
2,5,Public_Assembly_Recreation,,,,,,
2,Aggregated,Public_Assembly_Recreation,,,,,,
2,Centralized,Public_Assembly_Recreation,,,,,,
3,0,Public_Assembly_Recreation,,,,,,
3,1,Public_Assembly_Recreation,,,,,,
3,2,Public_Assembly_Recreation,,,,,,
3,3,Public_Assembly_Recreation,,,,,,
3,4,Public_Assembly_Recreation,,,,,,
3,5,Public_Assembly_Recreation,,,,,,
3,Aggregated,Public_Assembly_Recreation,,,,,,
3,Centralized,Public_Assembly_Recreation,,,,,,
4,0,Public_Assembly_Recreation,,,,,,
4,1,Public_Assembly_Recreation,,,,,,
4,2,Public_Assembly_Recreation,,,,,,
4,3,Public_Assembly_Recreation,,,,,,
4,4,Public_Assembly_Recreation,,,,,,
4,5,Public_Assembly_Recreation,,,,,,
4,Aggregated,Public_Assembly_Recreation,,,,,,
4,Centralized,Public_Assembly_Recreation,,,,,,
5,0,Public_Assembly_Recreation,,,,,,
5,1,Public_Assembly_Recreation,,,,,,
5,2,Public_Assembly_Recreation,,,,,,
5,3,Public_Assembly_Recreation,,,,,,
5,4,Public_Assembly_Recreation,,,,,,
5,5,Public_Assembly_Recreation,,,,,,
5,Aggregated,Public_Assembly_Recreation,,,,,,
5,Centralized,Public_Assembly_Recreation,,,,,,
6,0,Public_Assembly_Recreation,,,,,,
6,1,Public_Assembly_Recreation,,,,,,
6,2,Public_Assembly_Recreation,,,,,,
6,3,Public_Assembly_Recreation,,,,,,
6,4,Public_Assembly_Recreation,,,,,,
6,5,Public_Assembly_Recreation,,,,,,
6,Aggregated,Public_Assembly_Recreation,,,,,,
6,Centralized,Public_Assembly_Recreation,,,,,,
7,0,Public_Assembly_Recreation,,,,,,
7,1,Public_Assembly_Recreation,,,,,,
7,2,Public_Assembly_Recreation,,,,,,
7,3,Public_Assembly_Recreation,,,,,,
7,4,Public_Assembly_Recreation,,,,,,
7,5,Public_Assembly_Recreation,,,,,,
7,Aggregated,Public_Assembly_Recreation,,,,,,
7,Centralized,Public_Assembly_Recreation,,,,,,
8,0,Public_Assembly_Recreation,,,,,,
8,1,Public_Assembly_Recreation,,,,,,
8,2,Public_Assembly_Recreation,,,,,,
8,3,Public_Assembly_Recreation,,,,,,
8,4,Public_Assembly_Recreation,,,,,,
8,5,Public_Assembly_Recreation,,,,,,
8,Aggregated,Public_Assembly_Recreation,,,,,,
8,Centralized,Public_Assembly_Recreation,,,,,,
9,0,Public_Assembly_Recreation,,,,,,
9,1,Public_Assembly_Recreation,,,,,,
9,2,Public_Assembly_Recreation,,,,,,
9,3,Public_Assembly_Recreation,,,,,,
9,4,Public_Assembly_Recreation,,,,,,
9,5,Public_Assembly_Recreation,,,,,,
9,Aggregated,Public_Assembly_Recreation,,,,,,
9,Centralized,Public_Assembly_Recreation,,,,,,
10,0,Public_Assembly_Recreation,,,,,,
10,1,Public_Assembly_Recreation,,,,,,
10,2,Public_Assembly_Recreation,,,,,,
10,3,Public_Assembly_Recreation,,,,,,
10,4,Public_Assembly_Recreation,,,,,,
10,5,Public_Assembly_Recreation,,,,,,
10,Aggregated,Public_Assembly_Recreation,,,,,,
10,Centralized,Public_Assembly_Recreation,,,,,,
11,0,Public_Assembly_Recreation,,,,,,
11,1,Public_Assembly_Recreation,,,,,,
11,2,Public_Assembly_Recreation,,,,,,
11,3,Public_Assembly_Recreation,,,,,,
11,4,Public_Assembly_Recreation,,,,,,
11,5,Public_Assembly_Recreation,,,,,,
11,Aggregated,Public_Assembly_Recreation,,,,,,
11,Centralized,Public_Assembly_Recreation,,,,,,
12,0,Public_Assembly_Recreation,,,,,,
12,1,Public_Assembly_Recreation,,,,,,
12,2,Public_Assembly_Recreation,,,,,,
12,3,Public_Assembly_Recreation,,,,,,
12,4,Public_Assembly_Recreation,,,,,,
12,5,Public_Assembly_Recreation,,,,,,
12,Aggregated,Public_Assembly_Recreation,,,,,,
12,Centralized,Public_Assembly_Recreation,,,,,,
13,0,Public_Assembly_Recreation,,,,,,
13,1,Public_Assembly_Recreation,,,,,,
13,2,Public_Assembly_Recreation,,,,,,
13,3,Public_Assembly_Recreation,,,,,,
13,4,Public_Assembly_Recreation,,,,,,
13,5,Public_Assembly_Recreation,,,,,,
13,Aggregated,Public_Assembly_Recreation,,,,,,
13,Centralized,Public_Assembly_Recreation,,,,,,
14,0,Public_Assembly_Recreation,,,,,,
14,1,Public_Assembly_Recreation,,,,,,
14,2,Public_Assembly_Recreation,,,,,,
14,3,Public_Assembly_Recreation,,,,,,
14,4,Public_Assembly_Recreation,,,,,,
14,5,Public_Assembly_Recreation,,,,,,
14,Aggregated,Public_Assembly_Recreation,,,,,,
14,Centralized,Public_Assembly_Recreation,,,,,,
15,0,Public_Assembly_Recreation,,,,,,
15,1,Public_Assembly_Recreation,,,,,,
15,2,Public_Assembly_Recreation,,,,,,
15,3,Public_Assembly_Recreation,,,,,,
15,4,Public_Assembly_Recreation,,,,,,
15,5,Public_Assembly_Recreation,,,,,,
15,Aggregated,Public_Assembly_Recreation,,,,,,
15,Centralized,Public_Assembly_Recreation,,,,,,
16,0,Public_Assembly_Recreation,,,,,,
16,1,Public_Assembly_Recreation,,,,,,
16,2,Public_Assembly_Recreation,,,,,,
16,3,Public_Assembly_Recreation,,,,,,
16,4,Public_Assembly_Recreation,,,,,,
16,5,Public_Assembly_Recreation,,,,,,
16,Aggregated,Public_Assembly_Recreation,,,,,,
16,Centralized,Public_Assembly_Recreation,,,,,,
17,0,Public_Assembly_Recreation,,,,,,
17,1,Public_Assembly_Recreation,,,,,,
17,2,Public_Assembly_Recreation,,,,,,
17,3,Public_Assembly_Recreation,,,,,,
17,4,Public_Assembly_Recreation,,,,,,
17,5,Public_Assembly_Recreation,,,,,,
17,Aggregated,Public_Assembly_Recreation,,,,,,
17,Centralized,Public_Assembly_Recreation,,,,,,
18,0,Public_Assembly_Recreation,,,,,,
18,1,Public_Assembly_Recreation,,,,,,
18,2,Public_Assembly_Recreation,,,,,,
18,3,Public_Assembly_Recreation,,,,,,
18,4,Public_Assembly_Recreation,,,,,,
18,5,Public_Assembly_Recreation,,,,,,
18,Aggregated,Public_Assembly_Recreation,,,,,,
18,Centralized,Public_Assembly_Recreation,,,,,,
19,0,Public_Assembly_Recreation,,,,,,
19,1,Public_Assembly_Recreation,,,,,,
19,2,Public_Assembly_Recreation,,,,,,
19,3,Public_Assembly_Recreation,,,,,,
19,4,Public_Assembly_Recreation,,,,,,
19,5,Public_Assembly_Recreation,,,,,,
19,Aggregated,Public_Assembly_Recreation,,,,,,
19,Centralized,Public_Assembly_Recreation,,,,,,
20,0,Public_Assembly_Recreation,,,,,,
20,1,Public_Assembly_Recreation,,,,,,
20,2,Public_Assembly_Recreation,,,,,,
20,3,Public_Assembly_Recreation,,,,,,
20,4,Public_Assembly_Recreation,,,,,,
20,5,Public_Assembly_Recreation,,,,,,
20,Aggregated,Public_Assembly_Recreation,,,,,,
20,Centralized,Public_Assembly_Recreation,,,,,,
21,0,Public_Assembly_Recreation,,,,,,
21,1,Public_Assembly_Recreation,,,,,,
21,2,Public_Assembly_Recreation,,,,,,
21,3,Public_Assembly_Recreation,,,,,,
21,4,Public_Assembly_Recreation,,,,,,
21,5,Public_Assembly_Recreation,,,,,,
21,Aggregated,Public_Assembly_Recreation,,,,,,
21,Centralized,Public_Assembly_Recreation,,,,,,
22,0,Public_Assembly_Recreation,,,,,,
22,1,Public_Assembly_Recreation,,,,,,
22,2,Public_Assembly_Recreation,,,,,,
22,3,Public_Assembly_Recreation,,,,,,
22,4,Public_Assembly_Recreation,,,,,,
22,5,Public_Assembly_Recreation,,,,,,
22,Aggregated,Public_Assembly_Recreation,,,,,,
22,Centralized,Public_Assembly_Recreation,,,,,,
23,0,Public_Assembly_Recreation,,,,,,
23,1,Public_Assembly_Recreation,,,,,,
23,2,Public_Assembly_Recreation,,,,,,
23,3,Public_Assembly_Recreation,,,,,,
23,4,Public_Assembly_Recreation,,,,,,
23,5,Public_Assembly_Recreation,,,,,,
23,Aggregated,Public_Assembly_Recreation,,,,,,
23,Centralized,Public_Assembly_Recreation,,,,,,
0,0,2to4_Unit_Building,,,,,,
0,1,2to4_Unit_Building,,,,,,
0,2,2to4_Unit_Building,,,,,,
0,3,2to4_Unit_Building,,,,,,
0,4,2to4_Unit_Building,,,,,,
0,5,2to4_Unit_Building,,,,,,
0,Aggregated,2to4_Unit_Building,,,,,,
0,Centralized,2to4_Unit_Building,,,,,,
1,0,2to4_Unit_Building,,,,,,
1,1,2to4_Unit_Building,,,,,,
1,2,2to4_Unit_Building,,,,,,
1,3,2to4_Unit_Building,,,,,,
1,4,2to4_Unit_Building,,,,,,
1,5,2to4_Unit_Building,,,,,,
1,Aggregated,2to4_Unit_Building,,,,,,
1,Centralized,2to4_Unit_Building,,,,,,
2,0,2to4_Unit_Building,,,,,,
2,1,2to4_Unit_Building,,,,,,
2,2,2to4_Unit_Building,,,,,,
2,3,2to4_Unit_Building,,,,,,
2,4,2to4_Unit_Building,,,,,,
2,5,2to4_Unit_Building,,,,,,
2,Aggregated,2to4_Unit_Building,,,,,,
2,Centralized,2to4_Unit_Building,,,,,,
3,0,2to4_Unit_Building,,,,,,
3,1,2to4_Unit_Building,,,,,,
3,2,2to4_Unit_Building,,,,,,
3,3,2to4_Unit_Building,,,,,,
3,4,2to4_Unit_Building,,,,,,
3,5,2to4_Unit_Building,,,,,,
3,Aggregated,2to4_Unit_Building,,,,,,
3,Centralized,2to4_Unit_Building,,,,,,
4,0,2to4_Unit_Building,,,,,,
4,1,2to4_Unit_Building,,,,,,
4,2,2to4_Unit_Building,,,,,,
4,3,2to4_Unit_Building,,,,,,
4,4,2to4_Unit_Building,,,,,,
4,5,2to4_Unit_Building,,,,,,
4,Aggregated,2to4_Unit_Building,,,,,,
4,Centralized,2to4_Unit_Building,,,,,,
5,0,2to4_Unit_Building,,,,,,
5,1,2to4_Unit_Building,,,,,,
5,2,2to4_Unit_Building,,,,,,
5,3,2to4_Unit_Building,,,,,,
5,4,2to4_Unit_Building,,,,,,
5,5,2to4_Unit_Building,,,,,,
5,Aggregated,2to4_Unit_Building,,,,,,
5,Centralized,2to4_Unit_Building,,,,,,
6,0,2to4_Unit_Building,,,,,,
6,1,2to4_Unit_Building,,,,,,
6,2,2to4_Unit_Building,,,,,,
6,3,2to4_Unit_Building,,,,,,
6,4,2to4_Unit_Building,,,,,,
6,5,2to4_Unit_Building,,,,,,
6,Aggregated,2to4_Unit_Building,,,,,,
6,Centralized,2to4_Unit_Building,,,,,,
7,0,2to4_Unit_Building,,,,,,
7,1,2to4_Unit_Building,,,,,,
7,2,2to4_Unit_Building,,,,,,
7,3,2to4_Unit_Building,,,,,,
7,4,2to4_Unit_Building,,,,,,
7,5,2to4_Unit_Building,,,,,,
7,Aggregated,2to4_Unit_Building,,,,,,
7,Centralized,2to4_Unit_Building,,,,,,
8,0,2to4_Unit_Building,,,,,,
8,1,2to4_Unit_Building,,,,,,
8,2,2to4_Unit_Building,,,,,,
8,3,2to4_Unit_Building,,,,,,
8,4,2to4_Unit_Building,,,,,,
8,5,2to4_Unit_Building,,,,,,
8,Aggregated,2to4_Unit_Building,,,,,,
8,Centralized,2to4_Unit_Building,,,,,,
9,0,2to4_Unit_Building,,,,,,
9,1,2to4_Unit_Building,,,,,,
9,2,2to4_Unit_Building,,,,,,
9,3,2to4_Unit_Building,,,,,,
9,4,2to4_Unit_Building,,,,,,
9,5,2to4_Unit_Building,,,,,,
9,Aggregated,2to4_Unit_Building,,,,,,
9,Centralized,2to4_Unit_Building,,,,,,
10,0,2to4_Unit_Building,,,,,,
10,1,2to4_Unit_Building,,,,,,
10,2,2to4_Unit_Building,,,,,,
10,3,2to4_Unit_Building,,,,,,
10,4,2to4_Unit_Building,,,,,,
10,5,2to4_Unit_Building,,,,,,
10,Aggregated,2to4_Unit_Building,,,,,,
10,Centralized,2to4_Unit_Building,,,,,,
11,0,2to4_Unit_Building,,,,,,
11,1,2to4_Unit_Building,,,,,,
11,2,2to4_Unit_Building,,,,,,
11,3,2to4_Unit_Building,,,,,,
11,4,2to4_Unit_Building,,,,,,
11,5,2to4_Unit_Building,,,,,,
11,Aggregated,2to4_Unit_Building,,,,,,
11,Centralized,2to4_Unit_Building,,,,,,
12,0,2to4_Unit_Building,,,,,,
12,1,2to4_Unit_Building,,,,,,
12,2,2to4_Unit_Building,,,,,,
12,3,2to4_Unit_Building,,,,,,
12,4,2to4_Unit_Building,,,,,,
12,5,2to4_Unit_Building,,,,,,
12,Aggregated,2to4_Unit_Building,,,,,,
12,Centralized,2to4_Unit_Building,,,,,,
13,0,2to4_Unit_Building,,,,,,
13,1,2to4_Unit_Building,,,,,,
13,2,2to4_Unit_Building,,,,,,
13,3,2to4_Unit_Building,,,,,,
13,4,2to4_Unit_Building,,,,,,
13,5,2to4_Unit_Building,,,,,,
13,Aggregated,2to4_Unit_Building,,,,,,
13,Centralized,2to4_Unit_Building,,,,,,
14,0,2to4_Unit_Building,,,,,,
14,1,2to4_Unit_Building,,,,,,
14,2,2to4_Unit_Building,,,,,,
14,3,2to4_Unit_Building,,,,,,
14,4,2to4_Unit_Building,,,,,,
14,5,2to4_Unit_Building,,,,,,
14,Aggregated,2to4_Unit_Building,,,,,,
14,Centralized,2to4_Unit_Building,,,,,,
15,0,2to4_Unit_Building,,,,,,
15,1,2to4_Unit_Building,,,,,,
15,2,2to4_Unit_Building,,,,,,
15,3,2to4_Unit_Building,,,,,,
15,4,2to4_Unit_Building,,,,,,
15,5,2to4_Unit_Building,,,,,,
15,Aggregated,2to4_Unit_Building,,,,,,
15,Centralized,2to4_Unit_Building,,,,,,
16,0,2to4_Unit_Building,,,,,,
16,1,2to4_Unit_Building,,,,,,
16,2,2to4_Unit_Building,,,,,,
16,3,2to4_Unit_Building,,,,,,
16,4,2to4_Unit_Building,,,,,,
16,5,2to4_Unit_Building,,,,,,
16,Aggregated,2to4_Unit_Building,,,,,,
16,Centralized,2to4_Unit_Building,,,,,,
17,0,2to4_Unit_Building,,,,,,
17,1,2to4_Unit_Building,,,,,,
17,2,2to4_Unit_Building,,,,,,
17,3,2to4_Unit_Building,,,,,,
17,4,2to4_Unit_Building,,,,,,
17,5,2to4_Unit_Building,,,,,,
17,Aggregated,2to4_Unit_Building,,,,,,
17,Centralized,2to4_Unit_Building,,,,,,
18,0,2to4_Unit_Building,,,,,,
18,1,2to4_Unit_Building,,,,,,
18,2,2to4_Unit_Building,,,,,,
18,3,2to4_Unit_Building,,,,,,
18,4,2to4_Unit_Building,,,,,,
18,5,2to4_Unit_Building,,,,,,
18,Aggregated,2to4_Unit_Building,,,,,,
18,Centralized,2to4_Unit_Building,,,,,,
19,0,2to4_Unit_Building,,,,,,
19,1,2to4_Unit_Building,,,,,,
19,2,2to4_Unit_Building,,,,,,
19,3,2to4_Unit_Building,,,,,,
19,4,2to4_Unit_Building,,,,,,
19,5,2to4_Unit_Building,,,,,,
19,Aggregated,2to4_Unit_Building,,,,,,
19,Centralized,2to4_Unit_Building,,,,,,
20,0,2to4_Unit_Building,,,,,,
20,1,2to4_Unit_Building,,,,,,
20,2,2to4_Unit_Building,,,,,,
20,3,2to4_Unit_Building,,,,,,
20,4,2to4_Unit_Building,,,,,,
20,5,2to4_Unit_Building,,,,,,
20,Aggregated,2to4_Unit_Building,,,,,,
20,Centralized,2to4_Unit_Building,,,,,,
21,0,2to4_Unit_Building,,,,,,
21,1,2to4_Unit_Building,,,,,,
21,2,2to4_Unit_Building,,,,,,
21,3,2to4_Unit_Building,,,,,,
21,4,2to4_Unit_Building,,,,,,
21,5,2to4_Unit_Building,,,,,,
21,Aggregated,2to4_Unit_Building,,,,,,
21,Centralized,2to4_Unit_Building,,,,,,
22,0,2to4_Unit_Building,,,,,,
22,1,2to4_Unit_Building,,,,,,
22,2,2to4_Unit_Building,,,,,,
22,3,2to4_Unit_Building,,,,,,
22,4,2to4_Unit_Building,,,,,,
22,5,2to4_Unit_Building,,,,,,
22,Aggregated,2to4_Unit_Building,,,,,,
22,Centralized,2to4_Unit_Building,,,,,,
23,0,2to4_Unit_Building,,,,,,
23,1,2to4_Unit_Building,,,,,,
23,2,2to4_Unit_Building,,,,,,
23,3,2to4_Unit_Building,,,,,,
23,4,2to4_Unit_Building,,,,,,
23,5,2to4_Unit_Building,,,,,,
23,Aggregated,2to4_Unit_Building,,,,,,
23,Centralized,2to4_Unit_Building,,,,,,
0,0,Warehouse_Distribution_or_Shipping_center,,,,,,
0,1,Warehouse_Distribution_or_Shipping_center,,,,,,
0,2,Warehouse_Distribution_or_Shipping_center,,,,,,
0,3,Warehouse_Distribution_or_Shipping_center,,,,,,
0,4,Warehouse_Distribution_or_Shipping_center,,,,,,
0,5,Warehouse_Distribution_or_Shipping_center,,,,,,
0,Aggregated,Warehouse_Distribution_or_Shipping_center,,,,,,
0,Centralized,Warehouse_Distribution_or_Shipping_center,,,,,,
1,0,Warehouse_Distribution_or_Shipping_center,,,,,,
1,1,Warehouse_Distribution_or_Shipping_center,,,,,,
1,2,Warehouse_Distribution_or_Shipping_center,,,,,,
1,3,Warehouse_Distribution_or_Shipping_center,,,,,,
1,4,Warehouse_Distribution_or_Shipping_center,,,,,,
1,5,Warehouse_Distribution_or_Shipping_center,,,,,,
1,Aggregated,Warehouse_Distribution_or_Shipping_center,,,,,,
1,Centralized,Warehouse_Distribution_or_Shipping_center,,,,,,
2,0,Warehouse_Distribution_or_Shipping_center,,,,,,
2,1,Warehouse_Distribution_or_Shipping_center,,,,,,
2,2,Warehouse_Distribution_or_Shipping_center,,,,,,
2,3,Warehouse_Distribution_or_Shipping_center,,,,,,
2,4,Warehouse_Distribution_or_Shipping_center,,,,,,
2,5,Warehouse_Distribution_or_Shipping_center,,,,,,
2,Aggregated,Warehouse_Distribution_or_Shipping_center,,,,,,
2,Centralized,Warehouse_Distribution_or_Shipping_center,,,,,,
3,0,Warehouse_Distribution_or_Shipping_center,,,,,,
3,1,Warehouse_Distribution_or_Shipping_center,,,,,,
3,2,Warehouse_Distribution_or_Shipping_center,,,,,,
3,3,Warehouse_Distribution_or_Shipping_center,,,,,,
3,4,Warehouse_Distribution_or_Shipping_center,,,,,,
3,5,Warehouse_Distribution_or_Shipping_center,,,,,,
3,Aggregated,Warehouse_Distribution_or_Shipping_center,,,,,,
3,Centralized,Warehouse_Distribution_or_Shipping_center,,,,,,
4,0,Warehouse_Distribution_or_Shipping_center,,,,,,
4,1,Warehouse_Distribution_or_Shipping_center,,,,,,
4,2,Warehouse_Distribution_or_Shipping_center,,,,,,
4,3,Warehouse_Distribution_or_Shipping_center,,,,,,
4,4,Warehouse_Distribution_or_Shipping_center,,,,,,
4,5,Warehouse_Distribution_or_Shipping_center,,,,,,
4,Aggregated,Warehouse_Distribution_or_Shipping_center,,,,,,
4,Centralized,Warehouse_Distribution_or_Shipping_center,,,,,,
5,0,Warehouse_Distribution_or_Shipping_center,,,,,,
5,1,Warehouse_Distribution_or_Shipping_center,,,,,,
5,2,Warehouse_Distribution_or_Shipping_center,,,,,,
5,3,Warehouse_Distribution_or_Shipping_center,,,,,,
5,4,Warehouse_Distribution_or_Shipping_center,,,,,,
5,5,Warehouse_Distribution_or_Shipping_center,,,,,,
5,Aggregated,Warehouse_Distribution_or_Shipping_center,,,,,,
5,Centralized,Warehouse_Distribution_or_Shipping_center,,,,,,
6,0,Warehouse_Distribution_or_Shipping_center,,,,,,
6,1,Warehouse_Distribution_or_Shipping_center,,,,,,
6,2,Warehouse_Distribution_or_Shipping_center,,,,,,
6,3,Warehouse_Distribution_or_Shipping_center,,,,,,
6,4,Warehouse_Distribution_or_Shipping_center,,,,,,
6,5,Warehouse_Distribution_or_Shipping_center,,,,,,
6,Aggregated,Warehouse_Distribution_or_Shipping_center,,,,,,
6,Centralized,Warehouse_Distribution_or_Shipping_center,,,,,,
7,0,Warehouse_Distribution_or_Shipping_center,,,,,,
7,1,Warehouse_Distribution_or_Shipping_center,,,,,,
7,2,Warehouse_Distribution_or_Shipping_center,,,,,,
7,3,Warehouse_Distribution_or_Shipping_center,,,,,,
7,4,Warehouse_Distribution_or_Shipping_center,,,,,,
7,5,Warehouse_Distribution_or_Shipping_center,,,,,,
7,Aggregated,Warehouse_Distribution_or_Shipping_center,,,,,,
7,Centralized,Warehouse_Distribution_or_Shipping_center,,,,,,
8,0,Warehouse_Distribution_or_Shipping_center,,,,,,
8,1,Warehouse_Distribution_or_Shipping_center,,,,,,
8,2,Warehouse_Distribution_or_Shipping_center,,,,,,
8,3,Warehouse_Distribution_or_Shipping_center,,,,,,
8,4,Warehouse_Distribution_or_Shipping_center,,,,,,
8,5,Warehouse_Distribution_or_Shipping_center,,,,,,
8,Aggregated,Warehouse_Distribution_or_Shipping_center,,,,,,
8,Centralized,Warehouse_Distribution_or_Shipping_center,,,,,,
9,0,Warehouse_Distribution_or_Shipping_center,,,,,,
9,1,Warehouse_Distribution_or_Shipping_center,,,,,,
9,2,Warehouse_Distribution_or_Shipping_center,,,,,,
9,3,Warehouse_Distribution_or_Shipping_center,,,,,,
9,4,Warehouse_Distribution_or_Shipping_center,,,,,,
9,5,Warehouse_Distribution_or_Shipping_center,,,,,,
9,Aggregated,Warehouse_Distribution_or_Shipping_center,,,,,,
9,Centralized,Warehouse_Distribution_or_Shipping_center,,,,,,
10,0,Warehouse_Distribution_or_Shipping_center,,,,,,
10,1,Warehouse_Distribution_or_Shipping_center,,,,,,
10,2,Warehouse_Distribution_or_Shipping_center,,,,,,
10,3,Warehouse_Distribution_or_Shipping_center,,,,,,
10,4,Warehouse_Distribution_or_Shipping_center,,,,,,
10,5,Warehouse_Distribution_or_Shipping_center,,,,,,
10,Aggregated,Warehouse_Distribution_or_Shipping_center,,,,,,
10,Centralized,Warehouse_Distribution_or_Shipping_center,,,,,,
11,0,Warehouse_Distribution_or_Shipping_center,,,,,,
11,1,Warehouse_Distribution_or_Shipping_center,,,,,,
11,2,Warehouse_Distribution_or_Shipping_center,,,,,,
11,3,Warehouse_Distribution_or_Shipping_center,,,,,,
11,4,Warehouse_Distribution_or_Shipping_center,,,,,,
11,5,Warehouse_Distribution_or_Shipping_center,,,,,,
11,Aggregated,Warehouse_Distribution_or_Shipping_center,,,,,,
11,Centralized,Warehouse_Distribution_or_Shipping_center,,,,,,
12,0,Warehouse_Distribution_or_Shipping_center,,,,,,
12,1,Warehouse_Distribution_or_Shipping_center,,,,,,
12,2,Warehouse_Distribution_or_Shipping_center,,,,,,
12,3,Warehouse_Distribution_or_Shipping_center,,,,,,
12,4,Warehouse_Distribution_or_Shipping_center,,,,,,
12,5,Warehouse_Distribution_or_Shipping_center,,,,,,
12,Aggregated,Warehouse_Distribution_or_Shipping_center,,,,,,
12,Centralized,Warehouse_Distribution_or_Shipping_center,,,,,,
13,0,Warehouse_Distribution_or_Shipping_center,,,,,,
13,1,Warehouse_Distribution_or_Shipping_center,,,,,,
13,2,Warehouse_Distribution_or_Shipping_center,,,,,,
13,3,Warehouse_Distribution_or_Shipping_center,,,,,,
13,4,Warehouse_Distribution_or_Shipping_center,,,,,,
13,5,Warehouse_Distribution_or_Shipping_center,,,,,,
13,Aggregated,Warehouse_Distribution_or_Shipping_center,,,,,,
13,Centralized,Warehouse_Distribution_or_Shipping_center,,,,,,
14,0,Warehouse_Distribution_or_Shipping_center,,,,,,
14,1,Warehouse_Distribution_or_Shipping_center,,,,,,
14,2,Warehouse_Distribution_or_Shipping_center,,,,,,
14,3,Warehouse_Distribution_or_Shipping_center,,,,,,
14,4,Warehouse_Distribution_or_Shipping_center,,,,,,
14,5,Warehouse_Distribution_or_Shipping_center,,,,,,
14,Aggregated,Warehouse_Distribution_or_Shipping_center,,,,,,
14,Centralized,Warehouse_Distribution_or_Shipping_center,,,,,,
15,0,Warehouse_Distribution_or_Shipping_center,,,,,,
15,1,Warehouse_Distribution_or_Shipping_center,,,,,,
15,2,Warehouse_Distribution_or_Shipping_center,,,,,,
15,3,Warehouse_Distribution_or_Shipping_center,,,,,,
15,4,Warehouse_Distribution_or_Shipping_center,,,,,,
15,5,Warehouse_Distribution_or_Shipping_center,,,,,,
15,Aggregated,Warehouse_Distribution_or_Shipping_center,,,,,,
15,Centralized,Warehouse_Distribution_or_Shipping_center,,,,,,
16,0,Warehouse_Distribution_or_Shipping_center,,,,,,
16,1,Warehouse_Distribution_or_Shipping_center,,,,,,
16,2,Warehouse_Distribution_or_Shipping_center,,,,,,
16,3,Warehouse_Distribution_or_Shipping_center,,,,,,
16,4,Warehouse_Distribution_or_Shipping_center,,,,,,
16,5,Warehouse_Distribution_or_Shipping_center,,,,,,
16,Aggregated,Warehouse_Distribution_or_Shipping_center,,,,,,
16,Centralized,Warehouse_Distribution_or_Shipping_center,,,,,,
17,0,Warehouse_Distribution_or_Shipping_center,,,,,,
17,1,Warehouse_Distribution_or_Shipping_center,,,,,,
17,2,Warehouse_Distribution_or_Shipping_center,,,,,,
17,3,Warehouse_Distribution_or_Shipping_center,,,,,,
17,4,Warehouse_Distribution_or_Shipping_center,,,,,,
17,5,Warehouse_Distribution_or_Shipping_center,,,,,,
17,Aggregated,Warehouse_Distribution_or_Shipping_center,,,,,,
17,Centralized,Warehouse_Distribution_or_Shipping_center,,,,,,
18,0,Warehouse_Distribution_or_Shipping_center,,,,,,
18,1,Warehouse_Distribution_or_Shipping_center,,,,,,
18,2,Warehouse_Distribution_or_Shipping_center,,,,,,
18,3,Warehouse_Distribution_or_Shipping_center,,,,,,
18,4,Warehouse_Distribution_or_Shipping_center,,,,,,
18,5,Warehouse_Distribution_or_Shipping_center,,,,,,
18,Aggregated,Warehouse_Distribution_or_Shipping_center,,,,,,
18,Centralized,Warehouse_Distribution_or_Shipping_center,,,,,,
19,0,Warehouse_Distribution_or_Shipping_center,,,,,,
19,1,Warehouse_Distribution_or_Shipping_center,,,,,,
19,2,Warehouse_Distribution_or_Shipping_center,,,,,,
19,3,Warehouse_Distribution_or_Shipping_center,,,,,,
19,4,Warehouse_Distribution_or_Shipping_center,,,,,,
19,5,Warehouse_Distribution_or_Shipping_center,,,,,,
19,Aggregated,Warehouse_Distribution_or_Shipping_center,,,,,,
19,Centralized,Warehouse_Distribution_or_Shipping_center,,,,,,
20,0,Warehouse_Distribution_or_Shipping_center,,,,,,
20,1,Warehouse_Distribution_or_Shipping_center,,,,,,
20,2,Warehouse_Distribution_or_Shipping_center,,,,,,
20,3,Warehouse_Distribution_or_Shipping_center,,,,,,
20,4,Warehouse_Distribution_or_Shipping_center,,,,,,
20,5,Warehouse_Distribution_or_Shipping_center,,,,,,
20,Aggregated,Warehouse_Distribution_or_Shipping_center,,,,,,
20,Centralized,Warehouse_Distribution_or_Shipping_center,,,,,,
21,0,Warehouse_Distribution_or_Shipping_center,,,,,,
21,1,Warehouse_Distribution_or_Shipping_center,,,,,,
21,2,Warehouse_Distribution_or_Shipping_center,,,,,,
21,3,Warehouse_Distribution_or_Shipping_center,,,,,,
21,4,Warehouse_Distribution_or_Shipping_center,,,,,,
21,5,Warehouse_Distribution_or_Shipping_center,,,,,,
21,Aggregated,Warehouse_Distribution_or_Shipping_center,,,,,,
21,Centralized,Warehouse_Distribution_or_Shipping_center,,,,,,
22,0,Warehouse_Distribution_or_Shipping_center,,,,,,
22,1,Warehouse_Distribution_or_Shipping_center,,,,,,
22,2,Warehouse_Distribution_or_Shipping_center,,,,,,
22,3,Warehouse_Distribution_or_Shipping_center,,,,,,
22,4,Warehouse_Distribution_or_Shipping_center,,,,,,
22,5,Warehouse_Distribution_or_Shipping_center,,,,,,
22,Aggregated,Warehouse_Distribution_or_Shipping_center,,,,,,
22,Centralized,Warehouse_Distribution_or_Shipping_center,,,,,,
23,0,Warehouse_Distribution_or_Shipping_center,,,,,,
23,1,Warehouse_Distribution_or_Shipping_center,,,,,,
23,2,Warehouse_Distribution_or_Shipping_center,,,,,,
23,3,Warehouse_Distribution_or_Shipping_center,,,,,,
23,4,Warehouse_Distribution_or_Shipping_center,,,,,,
23,5,Warehouse_Distribution_or_Shipping_center,,,,,,
23,Aggregated,Warehouse_Distribution_or_Shipping_center,,,,,,
23,Centralized,Warehouse_Distribution_or_Shipping_center,,,,,,
0,0,Education_Other_classroom,,,,,,
0,1,Education_Other_classroom,,,,,,
0,2,Education_Other_classroom,,,,,,
0,3,Education_Other_classroom,,,,,,
0,4,Education_Other_classroom,,,,,,
0,5,Education_Other_classroom,,,,,,
0,Aggregated,Education_Other_classroom,,,,,,
0,Centralized,Education_Other_classroom,,,,,,
1,0,Education_Other_classroom,,,,,,
1,1,Education_Other_classroom,,,,,,
1,2,Education_Other_classroom,,,,,,
1,3,Education_Other_classroom,,,,,,
1,4,Education_Other_classroom,,,,,,
1,5,Education_Other_classroom,,,,,,
1,Aggregated,Education_Other_classroom,,,,,,
1,Centralized,Education_Other_classroom,,,,,,
2,0,Education_Other_classroom,,,,,,
2,1,Education_Other_classroom,,,,,,
2,2,Education_Other_classroom,,,,,,
2,3,Education_Other_classroom,,,,,,
2,4,Education_Other_classroom,,,,,,
2,5,Education_Other_classroom,,,,,,
2,Aggregated,Education_Other_classroom,,,,,,
2,Centralized,Education_Other_classroom,,,,,,
3,0,Education_Other_classroom,,,,,,
3,1,Education_Other_classroom,,,,,,
3,2,Education_Other_classroom,,,,,,
3,3,Education_Other_classroom,,,,,,
3,4,Education_Other_classroom,,,,,,
3,5,Education_Other_classroom,,,,,,
3,Aggregated,Education_Other_classroom,,,,,,
3,Centralized,Education_Other_classroom,,,,,,
4,0,Education_Other_classroom,,,,,,
4,1,Education_Other_classroom,,,,,,
4,2,Education_Other_classroom,,,,,,
4,3,Education_Other_classroom,,,,,,
4,4,Education_Other_classroom,,,,,,
4,5,Education_Other_classroom,,,,,,
4,Aggregated,Education_Other_classroom,,,,,,
4,Centralized,Education_Other_classroom,,,,,,
5,0,Education_Other_classroom,,,,,,
5,1,Education_Other_classroom,,,,,,
5,2,Education_Other_classroom,,,,,,
5,3,Education_Other_classroom,,,,,,
5,4,Education_Other_classroom,,,,,,
5,5,Education_Other_classroom,,,,,,
5,Aggregated,Education_Other_classroom,,,,,,
5,Centralized,Education_Other_classroom,,,,,,
6,0,Education_Other_classroom,,,,,,
6,1,Education_Other_classroom,,,,,,
6,2,Education_Other_classroom,,,,,,
6,3,Education_Other_classroom,,,,,,
6,4,Education_Other_classroom,,,,,,
6,5,Education_Other_classroom,,,,,,
6,Aggregated,Education_Other_classroom,,,,,,
6,Centralized,Education_Other_classroom,,,,,,
7,0,Education_Other_classroom,,,,,,
7,1,Education_Other_classroom,,,,,,
7,2,Education_Other_classroom,,,,,,
7,3,Education_Other_classroom,,,,,,
7,4,Education_Other_classroom,,,,,,
7,5,Education_Other_classroom,,,,,,
7,Aggregated,Education_Other_classroom,,,,,,
7,Centralized,Education_Other_classroom,,,,,,
8,0,Education_Other_classroom,,,,,,
8,1,Education_Other_classroom,,,,,,
8,2,Education_Other_classroom,,,,,,
8,3,Education_Other_classroom,,,,,,
8,4,Education_Other_classroom,,,,,,
8,5,Education_Other_classroom,,,,,,
8,Aggregated,Education_Other_classroom,,,,,,
8,Centralized,Education_Other_classroom,,,,,,
9,0,Education_Other_classroom,,,,,,
9,1,Education_Other_classroom,,,,,,
9,2,Education_Other_classroom,,,,,,
9,3,Education_Other_classroom,,,,,,
9,4,Education_Other_classroom,,,,,,
9,5,Education_Other_classroom,,,,,,
9,Aggregated,Education_Other_classroom,,,,,,
9,Centralized,Education_Other_classroom,,,,,,
10,0,Education_Other_classroom,,,,,,
10,1,Education_Other_classroom,,,,,,
10,2,Education_Other_classroom,,,,,,
10,3,Education_Other_classroom,,,,,,
10,4,Education_Other_classroom,,,,,,
10,5,Education_Other_classroom,,,,,,
10,Aggregated,Education_Other_classroom,,,,,,
10,Centralized,Education_Other_classroom,,,,,,
11,0,Education_Other_classroom,,,,,,
11,1,Education_Other_classroom,,,,,,
11,2,Education_Other_classroom,,,,,,
11,3,Education_Other_classroom,,,,,,
11,4,Education_Other_classroom,,,,,,
11,5,Education_Other_classroom,,,,,,
11,Aggregated,Education_Other_classroom,,,,,,
11,Centralized,Education_Other_classroom,,,,,,
12,0,Education_Other_classroom,,,,,,
12,1,Education_Other_classroom,,,,,,
12,2,Education_Other_classroom,,,,,,
12,3,Education_Other_classroom,,,,,,
12,4,Education_Other_classroom,,,,,,
12,5,Education_Other_classroom,,,,,,
12,Aggregated,Education_Other_classroom,,,,,,
12,Centralized,Education_Other_classroom,,,,,,
13,0,Education_Other_classroom,,,,,,
13,1,Education_Other_classroom,,,,,,
13,2,Education_Other_classroom,,,,,,
13,3,Education_Other_classroom,,,,,,
13,4,Education_Other_classroom,,,,,,
13,5,Education_Other_classroom,,,,,,
13,Aggregated,Education_Other_classroom,,,,,,
13,Centralized,Education_Other_classroom,,,,,,
14,0,Education_Other_classroom,,,,,,
14,1,Education_Other_classroom,,,,,,
14,2,Education_Other_classroom,,,,,,
14,3,Education_Other_classroom,,,,,,
14,4,Education_Other_classroom,,,,,,
14,5,Education_Other_classroom,,,,,,
14,Aggregated,Education_Other_classroom,,,,,,
14,Centralized,Education_Other_classroom,,,,,,
15,0,Education_Other_classroom,,,,,,
15,1,Education_Other_classroom,,,,,,
15,2,Education_Other_classroom,,,,,,
15,3,Education_Other_classroom,,,,,,
15,4,Education_Other_classroom,,,,,,
15,5,Education_Other_classroom,,,,,,
15,Aggregated,Education_Other_classroom,,,,,,
15,Centralized,Education_Other_classroom,,,,,,
16,0,Education_Other_classroom,,,,,,
16,1,Education_Other_classroom,,,,,,
16,2,Education_Other_classroom,,,,,,
16,3,Education_Other_classroom,,,,,,
16,4,Education_Other_classroom,,,,,,
16,5,Education_Other_classroom,,,,,,
16,Aggregated,Education_Other_classroom,,,,,,
16,Centralized,Education_Other_classroom,,,,,,
17,0,Education_Other_classroom,,,,,,
17,1,Education_Other_classroom,,,,,,
17,2,Education_Other_classroom,,,,,,
17,3,Education_Other_classroom,,,,,,
17,4,Education_Other_classroom,,,,,,
17,5,Education_Other_classroom,,,,,,
17,Aggregated,Education_Other_classroom,,,,,,
17,Centralized,Education_Other_classroom,,,,,,
18,0,Education_Other_classroom,,,,,,
18,1,Education_Other_classroom,,,,,,
18,2,Education_Other_classroom,,,,,,
18,3,Education_Other_classroom,,,,,,
18,4,Education_Other_classroom,,,,,,
18,5,Education_Other_classroom,,,,,,
18,Aggregated,Education_Other_classroom,,,,,,
18,Centralized,Education_Other_classroom,,,,,,
19,0,Education_Other_classroom,,,,,,
19,1,Education_Other_classroom,,,,,,
19,2,Education_Other_classroom,,,,,,
19,3,Education_Other_classroom,,,,,,
19,4,Education_Other_classroom,,,,,,
19,5,Education_Other_classroom,,,,,,
19,Aggregated,Education_Other_classroom,,,,,,
19,Centralized,Education_Other_classroom,,,,,,
20,0,Education_Other_classroom,,,,,,
20,1,Education_Other_classroom,,,,,,
20,2,Education_Other_classroom,,,,,,
20,3,Education_Other_classroom,,,,,,
20,4,Education_Other_classroom,,,,,,
20,5,Education_Other_classroom,,,,,,
20,Aggregated,Education_Other_classroom,,,,,,
20,Centralized,Education_Other_classroom,,,,,,
21,0,Education_Other_classroom,,,,,,
21,1,Education_Other_classroom,,,,,,
21,2,Education_Other_classroom,,,,,,
21,3,Education_Other_classroom,,,,,,
21,4,Education_Other_classroom,,,,,,
21,5,Education_Other_classroom,,,,,,
21,Aggregated,Education_Other_classroom,,,,,,
21,Centralized,Education_Other_classroom,,,,,,
22,0,Education_Other_classroom,,,,,,
22,1,Education_Other_classroom,,,,,,
22,2,Education_Other_classroom,,,,,,
22,3,Education_Other_classroom,,,,,,
22,4,Education_Other_classroom,,,,,,
22,5,Education_Other_classroom,,,,,,
22,Aggregated,Education_Other_classroom,,,,,,
22,Centralized,Education_Other_classroom,,,,,,
23,0,Education_Other_classroom,,,,,,
23,1,Education_Other_classroom,,,,,,
23,2,Education_Other_classroom,,,,,,
23,3,Education_Other_classroom,,,,,,
23,4,Education_Other_classroom,,,,,,
23,5,Education_Other_classroom,,,,,,
23,Aggregated,Education_Other_classroom,,,,,,
23,Centralized,Education_Other_classroom,,,,,,
0,0,Mixed_Use_Commercial_and_Residential,,,,,,
0,1,Mixed_Use_Commercial_and_Residential,,,,,,
0,2,Mixed_Use_Commercial_and_Residential,,,,,,
0,3,Mixed_Use_Commercial_and_Residential,,,,,,
0,4,Mixed_Use_Commercial_and_Residential,,,,,,
0,5,Mixed_Use_Commercial_and_Residential,,,,,,
0,Aggregated,Mixed_Use_Commercial_and_Residential,,,,,,
0,Centralized,Mixed_Use_Commercial_and_Residential,,,,,,
1,0,Mixed_Use_Commercial_and_Residential,,,,,,
1,1,Mixed_Use_Commercial_and_Residential,,,,,,
1,2,Mixed_Use_Commercial_and_Residential,,,,,,
1,3,Mixed_Use_Commercial_and_Residential,,,,,,
1,4,Mixed_Use_Commercial_and_Residential,,,,,,
1,5,Mixed_Use_Commercial_and_Residential,,,,,,
1,Aggregated,Mixed_Use_Commercial_and_Residential,,,,,,
1,Centralized,Mixed_Use_Commercial_and_Residential,,,,,,
2,0,Mixed_Use_Commercial_and_Residential,,,,,,
2,1,Mixed_Use_Commercial_and_Residential,,,,,,
2,2,Mixed_Use_Commercial_and_Residential,,,,,,
2,3,Mixed_Use_Commercial_and_Residential,,,,,,
2,4,Mixed_Use_Commercial_and_Residential,,,,,,
2,5,Mixed_Use_Commercial_and_Residential,,,,,,
2,Aggregated,Mixed_Use_Commercial_and_Residential,,,,,,
2,Centralized,Mixed_Use_Commercial_and_Residential,,,,,,
3,0,Mixed_Use_Commercial_and_Residential,,,,,,
3,1,Mixed_Use_Commercial_and_Residential,,,,,,
3,2,Mixed_Use_Commercial_and_Residential,,,,,,
3,3,Mixed_Use_Commercial_and_Residential,,,,,,
3,4,Mixed_Use_Commercial_and_Residential,,,,,,
3,5,Mixed_Use_Commercial_and_Residential,,,,,,
3,Aggregated,Mixed_Use_Commercial_and_Residential,,,,,,
3,Centralized,Mixed_Use_Commercial_and_Residential,,,,,,
4,0,Mixed_Use_Commercial_and_Residential,,,,,,
4,1,Mixed_Use_Commercial_and_Residential,,,,,,
4,2,Mixed_Use_Commercial_and_Residential,,,,,,
4,3,Mixed_Use_Commercial_and_Residential,,,,,,
4,4,Mixed_Use_Commercial_and_Residential,,,,,,
4,5,Mixed_Use_Commercial_and_Residential,,,,,,
4,Aggregated,Mixed_Use_Commercial_and_Residential,,,,,,
4,Centralized,Mixed_Use_Commercial_and_Residential,,,,,,
5,0,Mixed_Use_Commercial_and_Residential,,,,,,
5,1,Mixed_Use_Commercial_and_Residential,,,,,,
5,2,Mixed_Use_Commercial_and_Residential,,,,,,
5,3,Mixed_Use_Commercial_and_Residential,,,,,,
5,4,Mixed_Use_Commercial_and_Residential,,,,,,
5,5,Mixed_Use_Commercial_and_Residential,,,,,,
5,Aggregated,Mixed_Use_Commercial_and_Residential,,,,,,
5,Centralized,Mixed_Use_Commercial_and_Residential,,,,,,
6,0,Mixed_Use_Commercial_and_Residential,,,,,,
6,1,Mixed_Use_Commercial_and_Residential,,,,,,
6,2,Mixed_Use_Commercial_and_Residential,,,,,,
6,3,Mixed_Use_Commercial_and_Residential,,,,,,
6,4,Mixed_Use_Commercial_and_Residential,,,,,,
6,5,Mixed_Use_Commercial_and_Residential,,,,,,
6,Aggregated,Mixed_Use_Commercial_and_Residential,,,,,,
6,Centralized,Mixed_Use_Commercial_and_Residential,,,,,,
7,0,Mixed_Use_Commercial_and_Residential,,,,,,
7,1,Mixed_Use_Commercial_and_Residential,,,,,,
7,2,Mixed_Use_Commercial_and_Residential,,,,,,
7,3,Mixed_Use_Commercial_and_Residential,,,,,,
7,4,Mixed_Use_Commercial_and_Residential,,,,,,
7,5,Mixed_Use_Commercial_and_Residential,,,,,,
7,Aggregated,Mixed_Use_Commercial_and_Residential,,,,,,
7,Centralized,Mixed_Use_Commercial_and_Residential,,,,,,
8,0,Mixed_Use_Commercial_and_Residential,,,,,,
8,1,Mixed_Use_Commercial_and_Residential,,,,,,
8,2,Mixed_Use_Commercial_and_Residential,,,,,,
8,3,Mixed_Use_Commercial_and_Residential,,,,,,
8,4,Mixed_Use_Commercial_and_Residential,,,,,,
8,5,Mixed_Use_Commercial_and_Residential,,,,,,
8,Aggregated,Mixed_Use_Commercial_and_Residential,,,,,,
8,Centralized,Mixed_Use_Commercial_and_Residential,,,,,,
9,0,Mixed_Use_Commercial_and_Residential,,,,,,
9,1,Mixed_Use_Commercial_and_Residential,,,,,,
9,2,Mixed_Use_Commercial_and_Residential,,,,,,
9,3,Mixed_Use_Commercial_and_Residential,,,,,,
9,4,Mixed_Use_Commercial_and_Residential,,,,,,
9,5,Mixed_Use_Commercial_and_Residential,,,,,,
9,Aggregated,Mixed_Use_Commercial_and_Residential,,,,,,
9,Centralized,Mixed_Use_Commercial_and_Residential,,,,,,
10,0,Mixed_Use_Commercial_and_Residential,,,,,,
10,1,Mixed_Use_Commercial_and_Residential,,,,,,
10,2,Mixed_Use_Commercial_and_Residential,,,,,,
10,3,Mixed_Use_Commercial_and_Residential,,,,,,
10,4,Mixed_Use_Commercial_and_Residential,,,,,,
10,5,Mixed_Use_Commercial_and_Residential,,,,,,
10,Aggregated,Mixed_Use_Commercial_and_Residential,,,,,,
10,Centralized,Mixed_Use_Commercial_and_Residential,,,,,,
11,0,Mixed_Use_Commercial_and_Residential,,,,,,
11,1,Mixed_Use_Commercial_and_Residential,,,,,,
11,2,Mixed_Use_Commercial_and_Residential,,,,,,
11,3,Mixed_Use_Commercial_and_Residential,,,,,,
11,4,Mixed_Use_Commercial_and_Residential,,,,,,
11,5,Mixed_Use_Commercial_and_Residential,,,,,,
11,Aggregated,Mixed_Use_Commercial_and_Residential,,,,,,
11,Centralized,Mixed_Use_Commercial_and_Residential,,,,,,
12,0,Mixed_Use_Commercial_and_Residential,,,,,,
12,1,Mixed_Use_Commercial_and_Residential,,,,,,
12,2,Mixed_Use_Commercial_and_Residential,,,,,,
12,3,Mixed_Use_Commercial_and_Residential,,,,,,
12,4,Mixed_Use_Commercial_and_Residential,,,,,,
12,5,Mixed_Use_Commercial_and_Residential,,,,,,
12,Aggregated,Mixed_Use_Commercial_and_Residential,,,,,,
12,Centralized,Mixed_Use_Commercial_and_Residential,,,,,,
13,0,Mixed_Use_Commercial_and_Residential,,,,,,
13,1,Mixed_Use_Commercial_and_Residential,,,,,,
13,2,Mixed_Use_Commercial_and_Residential,,,,,,
13,3,Mixed_Use_Commercial_and_Residential,,,,,,
13,4,Mixed_Use_Commercial_and_Residential,,,,,,
13,5,Mixed_Use_Commercial_and_Residential,,,,,,
13,Aggregated,Mixed_Use_Commercial_and_Residential,,,,,,
13,Centralized,Mixed_Use_Commercial_and_Residential,,,,,,
14,0,Mixed_Use_Commercial_and_Residential,,,,,,
14,1,Mixed_Use_Commercial_and_Residential,,,,,,
14,2,Mixed_Use_Commercial_and_Residential,,,,,,
14,3,Mixed_Use_Commercial_and_Residential,,,,,,
14,4,Mixed_Use_Commercial_and_Residential,,,,,,
14,5,Mixed_Use_Commercial_and_Residential,,,,,,
14,Aggregated,Mixed_Use_Commercial_and_Residential,,,,,,
14,Centralized,Mixed_Use_Commercial_and_Residential,,,,,,
15,0,Mixed_Use_Commercial_and_Residential,,,,,,
15,1,Mixed_Use_Commercial_and_Residential,,,,,,
15,2,Mixed_Use_Commercial_and_Residential,,,,,,
15,3,Mixed_Use_Commercial_and_Residential,,,,,,
15,4,Mixed_Use_Commercial_and_Residential,,,,,,
15,5,Mixed_Use_Commercial_and_Residential,,,,,,
15,Aggregated,Mixed_Use_Commercial_and_Residential,,,,,,
15,Centralized,Mixed_Use_Commercial_and_Residential,,,,,,
16,0,Mixed_Use_Commercial_and_Residential,,,,,,
16,1,Mixed_Use_Commercial_and_Residential,,,,,,
16,2,Mixed_Use_Commercial_and_Residential,,,,,,
16,3,Mixed_Use_Commercial_and_Residential,,,,,,
16,4,Mixed_Use_Commercial_and_Residential,,,,,,
16,5,Mixed_Use_Commercial_and_Residential,,,,,,
16,Aggregated,Mixed_Use_Commercial_and_Residential,,,,,,
16,Centralized,Mixed_Use_Commercial_and_Residential,,,,,,
17,0,Mixed_Use_Commercial_and_Residential,,,,,,
17,1,Mixed_Use_Commercial_and_Residential,,,,,,
17,2,Mixed_Use_Commercial_and_Residential,,,,,,
17,3,Mixed_Use_Commercial_and_Residential,,,,,,
17,4,Mixed_Use_Commercial_and_Residential,,,,,,
17,5,Mixed_Use_Commercial_and_Residential,,,,,,
17,Aggregated,Mixed_Use_Commercial_and_Residential,,,,,,
17,Centralized,Mixed_Use_Commercial_and_Residential,,,,,,
18,0,Mixed_Use_Commercial_and_Residential,,,,,,
18,1,Mixed_Use_Commercial_and_Residential,,,,,,
18,2,Mixed_Use_Commercial_and_Residential,,,,,,
18,3,Mixed_Use_Commercial_and_Residential,,,,,,
18,4,Mixed_Use_Commercial_and_Residential,,,,,,
18,5,Mixed_Use_Commercial_and_Residential,,,,,,
18,Aggregated,Mixed_Use_Commercial_and_Residential,,,,,,
18,Centralized,Mixed_Use_Commercial_and_Residential,,,,,,
19,0,Mixed_Use_Commercial_and_Residential,,,,,,
19,1,Mixed_Use_Commercial_and_Residential,,,,,,
19,2,Mixed_Use_Commercial_and_Residential,,,,,,
19,3,Mixed_Use_Commercial_and_Residential,,,,,,
19,4,Mixed_Use_Commercial_and_Residential,,,,,,
19,5,Mixed_Use_Commercial_and_Residential,,,,,,
19,Aggregated,Mixed_Use_Commercial_and_Residential,,,,,,
19,Centralized,Mixed_Use_Commercial_and_Residential,,,,,,
20,0,Mixed_Use_Commercial_and_Residential,,,,,,
20,1,Mixed_Use_Commercial_and_Residential,,,,,,
20,2,Mixed_Use_Commercial_and_Residential,,,,,,
20,3,Mixed_Use_Commercial_and_Residential,,,,,,
20,4,Mixed_Use_Commercial_and_Residential,,,,,,
20,5,Mixed_Use_Commercial_and_Residential,,,,,,
20,Aggregated,Mixed_Use_Commercial_and_Residential,,,,,,
20,Centralized,Mixed_Use_Commercial_and_Residential,,,,,,
21,0,Mixed_Use_Commercial_and_Residential,,,,,,
21,1,Mixed_Use_Commercial_and_Residential,,,,,,
21,2,Mixed_Use_Commercial_and_Residential,,,,,,
21,3,Mixed_Use_Commercial_and_Residential,,,,,,
21,4,Mixed_Use_Commercial_and_Residential,,,,,,
21,5,Mixed_Use_Commercial_and_Residential,,,,,,
21,Aggregated,Mixed_Use_Commercial_and_Residential,,,,,,
21,Centralized,Mixed_Use_Commercial_and_Residential,,,,,,
22,0,Mixed_Use_Commercial_and_Residential,,,,,,
22,1,Mixed_Use_Commercial_and_Residential,,,,,,
22,2,Mixed_Use_Commercial_and_Residential,,,,,,
22,3,Mixed_Use_Commercial_and_Residential,,,,,,
22,4,Mixed_Use_Commercial_and_Residential,,,,,,
22,5,Mixed_Use_Commercial_and_Residential,,,,,,
22,Aggregated,Mixed_Use_Commercial_and_Residential,,,,,,
22,Centralized,Mixed_Use_Commercial_and_Residential,,,,,,
23,0,Mixed_Use_Commercial_and_Residential,,,,,,
23,1,Mixed_Use_Commercial_and_Residential,,,,,,
23,2,Mixed_Use_Commercial_and_Residential,,,,,,
23,3,Mixed_Use_Commercial_and_Residential,,,,,,
23,4,Mixed_Use_Commercial_and_Residential,,,,,,
23,5,Mixed_Use_Commercial_and_Residential,,,,,,
23,Aggregated,Mixed_Use_Commercial_and_Residential,,,,,,
23,Centralized,Mixed_Use_Commercial_and_Residential,,,,,,
0,0,Health_Care_Outpatient_Clinic,,,,,,
0,1,Health_Care_Outpatient_Clinic,,,,,,
0,2,Health_Care_Outpatient_Clinic,,,,,,
0,3,Health_Care_Outpatient_Clinic,,,,,,
0,4,Health_Care_Outpatient_Clinic,,,,,,
0,5,Health_Care_Outpatient_Clinic,,,,,,
0,Aggregated,Health_Care_Outpatient_Clinic,,,,,,
0,Centralized,Health_Care_Outpatient_Clinic,,,,,,
1,0,Health_Care_Outpatient_Clinic,,,,,,
1,1,Health_Care_Outpatient_Clinic,,,,,,
1,2,Health_Care_Outpatient_Clinic,,,,,,
1,3,Health_Care_Outpatient_Clinic,,,,,,
1,4,Health_Care_Outpatient_Clinic,,,,,,
1,5,Health_Care_Outpatient_Clinic,,,,,,
1,Aggregated,Health_Care_Outpatient_Clinic,,,,,,
1,Centralized,Health_Care_Outpatient_Clinic,,,,,,
2,0,Health_Care_Outpatient_Clinic,,,,,,
2,1,Health_Care_Outpatient_Clinic,,,,,,
2,2,Health_Care_Outpatient_Clinic,,,,,,
2,3,Health_Care_Outpatient_Clinic,,,,,,
2,4,Health_Care_Outpatient_Clinic,,,,,,
2,5,Health_Care_Outpatient_Clinic,,,,,,
2,Aggregated,Health_Care_Outpatient_Clinic,,,,,,
2,Centralized,Health_Care_Outpatient_Clinic,,,,,,
3,0,Health_Care_Outpatient_Clinic,,,,,,
3,1,Health_Care_Outpatient_Clinic,,,,,,
3,2,Health_Care_Outpatient_Clinic,,,,,,
3,3,Health_Care_Outpatient_Clinic,,,,,,
3,4,Health_Care_Outpatient_Clinic,,,,,,
3,5,Health_Care_Outpatient_Clinic,,,,,,
3,Aggregated,Health_Care_Outpatient_Clinic,,,,,,
3,Centralized,Health_Care_Outpatient_Clinic,,,,,,
4,0,Health_Care_Outpatient_Clinic,,,,,,
4,1,Health_Care_Outpatient_Clinic,,,,,,
4,2,Health_Care_Outpatient_Clinic,,,,,,
4,3,Health_Care_Outpatient_Clinic,,,,,,
4,4,Health_Care_Outpatient_Clinic,,,,,,
4,5,Health_Care_Outpatient_Clinic,,,,,,
4,Aggregated,Health_Care_Outpatient_Clinic,,,,,,
4,Centralized,Health_Care_Outpatient_Clinic,,,,,,
5,0,Health_Care_Outpatient_Clinic,,,,,,
5,1,Health_Care_Outpatient_Clinic,,,,,,
5,2,Health_Care_Outpatient_Clinic,,,,,,
5,3,Health_Care_Outpatient_Clinic,,,,,,
5,4,Health_Care_Outpatient_Clinic,,,,,,
5,5,Health_Care_Outpatient_Clinic,,,,,,
5,Aggregated,Health_Care_Outpatient_Clinic,,,,,,
5,Centralized,Health_Care_Outpatient_Clinic,,,,,,
6,0,Health_Care_Outpatient_Clinic,,,,,,
6,1,Health_Care_Outpatient_Clinic,,,,,,
6,2,Health_Care_Outpatient_Clinic,,,,,,
6,3,Health_Care_Outpatient_Clinic,,,,,,
6,4,Health_Care_Outpatient_Clinic,,,,,,
6,5,Health_Care_Outpatient_Clinic,,,,,,
6,Aggregated,Health_Care_Outpatient_Clinic,,,,,,
6,Centralized,Health_Care_Outpatient_Clinic,,,,,,
7,0,Health_Care_Outpatient_Clinic,,,,,,
7,1,Health_Care_Outpatient_Clinic,,,,,,
7,2,Health_Care_Outpatient_Clinic,,,,,,
7,3,Health_Care_Outpatient_Clinic,,,,,,
7,4,Health_Care_Outpatient_Clinic,,,,,,
7,5,Health_Care_Outpatient_Clinic,,,,,,
7,Aggregated,Health_Care_Outpatient_Clinic,,,,,,
7,Centralized,Health_Care_Outpatient_Clinic,,,,,,
8,0,Health_Care_Outpatient_Clinic,,,,,,
8,1,Health_Care_Outpatient_Clinic,,,,,,
8,2,Health_Care_Outpatient_Clinic,,,,,,
8,3,Health_Care_Outpatient_Clinic,,,,,,
8,4,Health_Care_Outpatient_Clinic,,,,,,
8,5,Health_Care_Outpatient_Clinic,,,,,,
8,Aggregated,Health_Care_Outpatient_Clinic,,,,,,
8,Centralized,Health_Care_Outpatient_Clinic,,,,,,
9,0,Health_Care_Outpatient_Clinic,,,,,,
9,1,Health_Care_Outpatient_Clinic,,,,,,
9,2,Health_Care_Outpatient_Clinic,,,,,,
9,3,Health_Care_Outpatient_Clinic,,,,,,
9,4,Health_Care_Outpatient_Clinic,,,,,,
9,5,Health_Care_Outpatient_Clinic,,,,,,
9,Aggregated,Health_Care_Outpatient_Clinic,,,,,,
9,Centralized,Health_Care_Outpatient_Clinic,,,,,,
10,0,Health_Care_Outpatient_Clinic,,,,,,
10,1,Health_Care_Outpatient_Clinic,,,,,,
10,2,Health_Care_Outpatient_Clinic,,,,,,
10,3,Health_Care_Outpatient_Clinic,,,,,,
10,4,Health_Care_Outpatient_Clinic,,,,,,
10,5,Health_Care_Outpatient_Clinic,,,,,,
10,Aggregated,Health_Care_Outpatient_Clinic,,,,,,
10,Centralized,Health_Care_Outpatient_Clinic,,,,,,
11,0,Health_Care_Outpatient_Clinic,,,,,,
11,1,Health_Care_Outpatient_Clinic,,,,,,
11,2,Health_Care_Outpatient_Clinic,,,,,,
11,3,Health_Care_Outpatient_Clinic,,,,,,
11,4,Health_Care_Outpatient_Clinic,,,,,,
11,5,Health_Care_Outpatient_Clinic,,,,,,
11,Aggregated,Health_Care_Outpatient_Clinic,,,,,,
11,Centralized,Health_Care_Outpatient_Clinic,,,,,,
12,0,Health_Care_Outpatient_Clinic,,,,,,
12,1,Health_Care_Outpatient_Clinic,,,,,,
12,2,Health_Care_Outpatient_Clinic,,,,,,
12,3,Health_Care_Outpatient_Clinic,,,,,,
12,4,Health_Care_Outpatient_Clinic,,,,,,
12,5,Health_Care_Outpatient_Clinic,,,,,,
12,Aggregated,Health_Care_Outpatient_Clinic,,,,,,
12,Centralized,Health_Care_Outpatient_Clinic,,,,,,
13,0,Health_Care_Outpatient_Clinic,,,,,,
13,1,Health_Care_Outpatient_Clinic,,,,,,
13,2,Health_Care_Outpatient_Clinic,,,,,,
13,3,Health_Care_Outpatient_Clinic,,,,,,
13,4,Health_Care_Outpatient_Clinic,,,,,,
13,5,Health_Care_Outpatient_Clinic,,,,,,
13,Aggregated,Health_Care_Outpatient_Clinic,,,,,,
13,Centralized,Health_Care_Outpatient_Clinic,,,,,,
14,0,Health_Care_Outpatient_Clinic,,,,,,
14,1,Health_Care_Outpatient_Clinic,,,,,,
14,2,Health_Care_Outpatient_Clinic,,,,,,
14,3,Health_Care_Outpatient_Clinic,,,,,,
14,4,Health_Care_Outpatient_Clinic,,,,,,
14,5,Health_Care_Outpatient_Clinic,,,,,,
14,Aggregated,Health_Care_Outpatient_Clinic,,,,,,
14,Centralized,Health_Care_Outpatient_Clinic,,,,,,
15,0,Health_Care_Outpatient_Clinic,,,,,,
15,1,Health_Care_Outpatient_Clinic,,,,,,
15,2,Health_Care_Outpatient_Clinic,,,,,,
15,3,Health_Care_Outpatient_Clinic,,,,,,
15,4,Health_Care_Outpatient_Clinic,,,,,,
15,5,Health_Care_Outpatient_Clinic,,,,,,
15,Aggregated,Health_Care_Outpatient_Clinic,,,,,,
15,Centralized,Health_Care_Outpatient_Clinic,,,,,,
16,0,Health_Care_Outpatient_Clinic,,,,,,
16,1,Health_Care_Outpatient_Clinic,,,,,,
16,2,Health_Care_Outpatient_Clinic,,,,,,
16,3,Health_Care_Outpatient_Clinic,,,,,,
16,4,Health_Care_Outpatient_Clinic,,,,,,
16,5,Health_Care_Outpatient_Clinic,,,,,,
16,Aggregated,Health_Care_Outpatient_Clinic,,,,,,
16,Centralized,Health_Care_Outpatient_Clinic,,,,,,
17,0,Health_Care_Outpatient_Clinic,,,,,,
17,1,Health_Care_Outpatient_Clinic,,,,,,
17,2,Health_Care_Outpatient_Clinic,,,,,,
17,3,Health_Care_Outpatient_Clinic,,,,,,
17,4,Health_Care_Outpatient_Clinic,,,,,,
17,5,Health_Care_Outpatient_Clinic,,,,,,
17,Aggregated,Health_Care_Outpatient_Clinic,,,,,,
17,Centralized,Health_Care_Outpatient_Clinic,,,,,,
18,0,Health_Care_Outpatient_Clinic,,,,,,
18,1,Health_Care_Outpatient_Clinic,,,,,,
18,2,Health_Care_Outpatient_Clinic,,,,,,
18,3,Health_Care_Outpatient_Clinic,,,,,,
18,4,Health_Care_Outpatient_Clinic,,,,,,
18,5,Health_Care_Outpatient_Clinic,,,,,,
18,Aggregated,Health_Care_Outpatient_Clinic,,,,,,
18,Centralized,Health_Care_Outpatient_Clinic,,,,,,
19,0,Health_Care_Outpatient_Clinic,,,,,,
19,1,Health_Care_Outpatient_Clinic,,,,,,
19,2,Health_Care_Outpatient_Clinic,,,,,,
19,3,Health_Care_Outpatient_Clinic,,,,,,
19,4,Health_Care_Outpatient_Clinic,,,,,,
19,5,Health_Care_Outpatient_Clinic,,,,,,
19,Aggregated,Health_Care_Outpatient_Clinic,,,,,,
19,Centralized,Health_Care_Outpatient_Clinic,,,,,,
20,0,Health_Care_Outpatient_Clinic,,,,,,
20,1,Health_Care_Outpatient_Clinic,,,,,,
20,2,Health_Care_Outpatient_Clinic,,,,,,
20,3,Health_Care_Outpatient_Clinic,,,,,,
20,4,Health_Care_Outpatient_Clinic,,,,,,
20,5,Health_Care_Outpatient_Clinic,,,,,,
20,Aggregated,Health_Care_Outpatient_Clinic,,,,,,
20,Centralized,Health_Care_Outpatient_Clinic,,,,,,
21,0,Health_Care_Outpatient_Clinic,,,,,,
21,1,Health_Care_Outpatient_Clinic,,,,,,
21,2,Health_Care_Outpatient_Clinic,,,,,,
21,3,Health_Care_Outpatient_Clinic,,,,,,
21,4,Health_Care_Outpatient_Clinic,,,,,,
21,5,Health_Care_Outpatient_Clinic,,,,,,
21,Aggregated,Health_Care_Outpatient_Clinic,,,,,,
21,Centralized,Health_Care_Outpatient_Clinic,,,,,,
22,0,Health_Care_Outpatient_Clinic,,,,,,
22,1,Health_Care_Outpatient_Clinic,,,,,,
22,2,Health_Care_Outpatient_Clinic,,,,,,
22,3,Health_Care_Outpatient_Clinic,,,,,,
22,4,Health_Care_Outpatient_Clinic,,,,,,
22,5,Health_Care_Outpatient_Clinic,,,,,,
22,Aggregated,Health_Care_Outpatient_Clinic,,,,,,
22,Centralized,Health_Care_Outpatient_Clinic,,,,,,
23,0,Health_Care_Outpatient_Clinic,,,,,,
23,1,Health_Care_Outpatient_Clinic,,,,,,
23,2,Health_Care_Outpatient_Clinic,,,,,,
23,3,Health_Care_Outpatient_Clinic,,,,,,
23,4,Health_Care_Outpatient_Clinic,,,,,,
23,5,Health_Care_Outpatient_Clinic,,,,,,
23,Aggregated,Health_Care_Outpatient_Clinic,,,,,,
23,Centralized,Health_Care_Outpatient_Clinic,,,,,,
0,0,Commercial_Other,,,,,,
0,1,Commercial_Other,,,,,,
0,2,Commercial_Other,,,,,,
0,3,Commercial_Other,,,,,,
0,4,Commercial_Other,,,,,,
0,5,Commercial_Other,,,,,,
0,Aggregated,Commercial_Other,,,,,,
0,Centralized,Commercial_Other,,,,,,
1,0,Commercial_Other,,,,,,
1,1,Commercial_Other,,,,,,
1,2,Commercial_Other,,,,,,
1,3,Commercial_Other,,,,,,
1,4,Commercial_Other,,,,,,
1,5,Commercial_Other,,,,,,
1,Aggregated,Commercial_Other,,,,,,
1,Centralized,Commercial_Other,,,,,,
2,0,Commercial_Other,,,,,,
2,1,Commercial_Other,,,,,,
2,2,Commercial_Other,,,,,,
2,3,Commercial_Other,,,,,,
2,4,Commercial_Other,,,,,,
2,5,Commercial_Other,,,,,,
2,Aggregated,Commercial_Other,,,,,,
2,Centralized,Commercial_Other,,,,,,
3,0,Commercial_Other,,,,,,
3,1,Commercial_Other,,,,,,
3,2,Commercial_Other,,,,,,
3,3,Commercial_Other,,,,,,
3,4,Commercial_Other,,,,,,
3,5,Commercial_Other,,,,,,
3,Aggregated,Commercial_Other,,,,,,
3,Centralized,Commercial_Other,,,,,,
4,0,Commercial_Other,,,,,,
4,1,Commercial_Other,,,,,,
4,2,Commercial_Other,,,,,,
4,3,Commercial_Other,,,,,,
4,4,Commercial_Other,,,,,,
4,5,Commercial_Other,,,,,,
4,Aggregated,Commercial_Other,,,,,,
4,Centralized,Commercial_Other,,,,,,
5,0,Commercial_Other,,,,,,
5,1,Commercial_Other,,,,,,
5,2,Commercial_Other,,,,,,
5,3,Commercial_Other,,,,,,
5,4,Commercial_Other,,,,,,
5,5,Commercial_Other,,,,,,
5,Aggregated,Commercial_Other,,,,,,
5,Centralized,Commercial_Other,,,,,,
6,0,Commercial_Other,,,,,,
6,1,Commercial_Other,,,,,,
6,2,Commercial_Other,,,,,,
6,3,Commercial_Other,,,,,,
6,4,Commercial_Other,,,,,,
6,5,Commercial_Other,,,,,,
6,Aggregated,Commercial_Other,,,,,,
6,Centralized,Commercial_Other,,,,,,
7,0,Commercial_Other,,,,,,
7,1,Commercial_Other,,,,,,
7,2,Commercial_Other,,,,,,
7,3,Commercial_Other,,,,,,
7,4,Commercial_Other,,,,,,
7,5,Commercial_Other,,,,,,
7,Aggregated,Commercial_Other,,,,,,
7,Centralized,Commercial_Other,,,,,,
8,0,Commercial_Other,,,,,,
8,1,Commercial_Other,,,,,,
8,2,Commercial_Other,,,,,,
8,3,Commercial_Other,,,,,,
8,4,Commercial_Other,,,,,,
8,5,Commercial_Other,,,,,,
8,Aggregated,Commercial_Other,,,,,,
8,Centralized,Commercial_Other,,,,,,
9,0,Commercial_Other,,,,,,
9,1,Commercial_Other,,,,,,
9,2,Commercial_Other,,,,,,
9,3,Commercial_Other,,,,,,
9,4,Commercial_Other,,,,,,
9,5,Commercial_Other,,,,,,
9,Aggregated,Commercial_Other,,,,,,
9,Centralized,Commercial_Other,,,,,,
10,0,Commercial_Other,,,,,,
10,1,Commercial_Other,,,,,,
10,2,Commercial_Other,,,,,,
10,3,Commercial_Other,,,,,,
10,4,Commercial_Other,,,,,,
10,5,Commercial_Other,,,,,,
10,Aggregated,Commercial_Other,,,,,,
10,Centralized,Commercial_Other,,,,,,
11,0,Commercial_Other,,,,,,
11,1,Commercial_Other,,,,,,
11,2,Commercial_Other,,,,,,
11,3,Commercial_Other,,,,,,
11,4,Commercial_Other,,,,,,
11,5,Commercial_Other,,,,,,
11,Aggregated,Commercial_Other,,,,,,
11,Centralized,Commercial_Other,,,,,,
12,0,Commercial_Other,,,,,,
12,1,Commercial_Other,,,,,,
12,2,Commercial_Other,,,,,,
12,3,Commercial_Other,,,,,,
12,4,Commercial_Other,,,,,,
12,5,Commercial_Other,,,,,,
12,Aggregated,Commercial_Other,,,,,,
12,Centralized,Commercial_Other,,,,,,
13,0,Commercial_Other,,,,,,
13,1,Commercial_Other,,,,,,
13,2,Commercial_Other,,,,,,
13,3,Commercial_Other,,,,,,
13,4,Commercial_Other,,,,,,
13,5,Commercial_Other,,,,,,
13,Aggregated,Commercial_Other,,,,,,
13,Centralized,Commercial_Other,,,,,,
14,0,Commercial_Other,,,,,,
14,1,Commercial_Other,,,,,,
14,2,Commercial_Other,,,,,,
14,3,Commercial_Other,,,,,,
14,4,Commercial_Other,,,,,,
14,5,Commercial_Other,,,,,,
14,Aggregated,Commercial_Other,,,,,,
14,Centralized,Commercial_Other,,,,,,
15,0,Commercial_Other,,,,,,
15,1,Commercial_Other,,,,,,
15,2,Commercial_Other,,,,,,
15,3,Commercial_Other,,,,,,
15,4,Commercial_Other,,,,,,
15,5,Commercial_Other,,,,,,
15,Aggregated,Commercial_Other,,,,,,
15,Centralized,Commercial_Other,,,,,,
16,0,Commercial_Other,,,,,,
16,1,Commercial_Other,,,,,,
16,2,Commercial_Other,,,,,,
16,3,Commercial_Other,,,,,,
16,4,Commercial_Other,,,,,,
16,5,Commercial_Other,,,,,,
16,Aggregated,Commercial_Other,,,,,,
16,Centralized,Commercial_Other,,,,,,
17,0,Commercial_Other,,,,,,
17,1,Commercial_Other,,,,,,
17,2,Commercial_Other,,,,,,
17,3,Commercial_Other,,,,,,
17,4,Commercial_Other,,,,,,
17,5,Commercial_Other,,,,,,
17,Aggregated,Commercial_Other,,,,,,
17,Centralized,Commercial_Other,,,,,,
18,0,Commercial_Other,,,,,,
18,1,Commercial_Other,,,,,,
18,2,Commercial_Other,,,,,,
18,3,Commercial_Other,,,,,,
18,4,Commercial_Other,,,,,,
18,5,Commercial_Other,,,,,,
18,Aggregated,Commercial_Other,,,,,,
18,Centralized,Commercial_Other,,,,,,
19,0,Commercial_Other,,,,,,
19,1,Commercial_Other,,,,,,
19,2,Commercial_Other,,,,,,
19,3,Commercial_Other,,,,,,
19,4,Commercial_Other,,,,,,
19,5,Commercial_Other,,,,,,
19,Aggregated,Commercial_Other,,,,,,
19,Centralized,Commercial_Other,,,,,,
20,0,Commercial_Other,,,,,,
20,1,Commercial_Other,,,,,,
20,2,Commercial_Other,,,,,,
20,3,Commercial_Other,,,,,,
20,4,Commercial_Other,,,,,,
20,5,Commercial_Other,,,,,,
20,Aggregated,Commercial_Other,,,,,,
20,Centralized,Commercial_Other,,,,,,
21,0,Commercial_Other,,,,,,
21,1,Commercial_Other,,,,,,
21,2,Commercial_Other,,,,,,
21,3,Commercial_Other,,,,,,
21,4,Commercial_Other,,,,,,
21,5,Commercial_Other,,,,,,
21,Aggregated,Commercial_Other,,,,,,
21,Centralized,Commercial_Other,,,,,,
22,0,Commercial_Other,,,,,,
22,1,Commercial_Other,,,,,,
22,2,Commercial_Other,,,,,,
22,3,Commercial_Other,,,,,,
22,4,Commercial_Other,,,,,,
22,5,Commercial_Other,,,,,,
22,Aggregated,Commercial_Other,,,,,,
22,Centralized,Commercial_Other,,,,,,
23,0,Commercial_Other,,,,,,
23,1,Commercial_Other,,,,,,
23,2,Commercial_Other,,,,,,
23,3,Commercial_Other,,,,,,
23,4,Commercial_Other,,,,,,
23,5,Commercial_Other,,,,,,
23,Aggregated,Commercial_Other,,,,,,
23,Centralized,Commercial_Other,,,,,,
0,0,Public_Assembly_Uncategorized,,,,,,
0,1,Public_Assembly_Uncategorized,,,,,,
0,2,Public_Assembly_Uncategorized,,,,,,
0,3,Public_Assembly_Uncategorized,,,,,,
0,4,Public_Assembly_Uncategorized,,,,,,
0,5,Public_Assembly_Uncategorized,,,,,,
0,Aggregated,Public_Assembly_Uncategorized,,,,,,
0,Centralized,Public_Assembly_Uncategorized,,,,,,
1,0,Public_Assembly_Uncategorized,,,,,,
1,1,Public_Assembly_Uncategorized,,,,,,
1,2,Public_Assembly_Uncategorized,,,,,,
1,3,Public_Assembly_Uncategorized,,,,,,
1,4,Public_Assembly_Uncategorized,,,,,,
1,5,Public_Assembly_Uncategorized,,,,,,
1,Aggregated,Public_Assembly_Uncategorized,,,,,,
1,Centralized,Public_Assembly_Uncategorized,,,,,,
2,0,Public_Assembly_Uncategorized,,,,,,
2,1,Public_Assembly_Uncategorized,,,,,,
2,2,Public_Assembly_Uncategorized,,,,,,
2,3,Public_Assembly_Uncategorized,,,,,,
2,4,Public_Assembly_Uncategorized,,,,,,
2,5,Public_Assembly_Uncategorized,,,,,,
2,Aggregated,Public_Assembly_Uncategorized,,,,,,
2,Centralized,Public_Assembly_Uncategorized,,,,,,
3,0,Public_Assembly_Uncategorized,,,,,,
3,1,Public_Assembly_Uncategorized,,,,,,
3,2,Public_Assembly_Uncategorized,,,,,,
3,3,Public_Assembly_Uncategorized,,,,,,
3,4,Public_Assembly_Uncategorized,,,,,,
3,5,Public_Assembly_Uncategorized,,,,,,
3,Aggregated,Public_Assembly_Uncategorized,,,,,,
3,Centralized,Public_Assembly_Uncategorized,,,,,,
4,0,Public_Assembly_Uncategorized,,,,,,
4,1,Public_Assembly_Uncategorized,,,,,,
4,2,Public_Assembly_Uncategorized,,,,,,
4,3,Public_Assembly_Uncategorized,,,,,,
4,4,Public_Assembly_Uncategorized,,,,,,
4,5,Public_Assembly_Uncategorized,,,,,,
4,Aggregated,Public_Assembly_Uncategorized,,,,,,
4,Centralized,Public_Assembly_Uncategorized,,,,,,
5,0,Public_Assembly_Uncategorized,,,,,,
5,1,Public_Assembly_Uncategorized,,,,,,
5,2,Public_Assembly_Uncategorized,,,,,,
5,3,Public_Assembly_Uncategorized,,,,,,
5,4,Public_Assembly_Uncategorized,,,,,,
5,5,Public_Assembly_Uncategorized,,,,,,
5,Aggregated,Public_Assembly_Uncategorized,,,,,,
5,Centralized,Public_Assembly_Uncategorized,,,,,,
6,0,Public_Assembly_Uncategorized,,,,,,
6,1,Public_Assembly_Uncategorized,,,,,,
6,2,Public_Assembly_Uncategorized,,,,,,
6,3,Public_Assembly_Uncategorized,,,,,,
6,4,Public_Assembly_Uncategorized,,,,,,
6,5,Public_Assembly_Uncategorized,,,,,,
6,Aggregated,Public_Assembly_Uncategorized,,,,,,
6,Centralized,Public_Assembly_Uncategorized,,,,,,
7,0,Public_Assembly_Uncategorized,,,,,,
7,1,Public_Assembly_Uncategorized,,,,,,
7,2,Public_Assembly_Uncategorized,,,,,,
7,3,Public_Assembly_Uncategorized,,,,,,
7,4,Public_Assembly_Uncategorized,,,,,,
7,5,Public_Assembly_Uncategorized,,,,,,
7,Aggregated,Public_Assembly_Uncategorized,,,,,,
7,Centralized,Public_Assembly_Uncategorized,,,,,,
8,0,Public_Assembly_Uncategorized,,,,,,
8,1,Public_Assembly_Uncategorized,,,,,,
8,2,Public_Assembly_Uncategorized,,,,,,
8,3,Public_Assembly_Uncategorized,,,,,,
8,4,Public_Assembly_Uncategorized,,,,,,
8,5,Public_Assembly_Uncategorized,,,,,,
8,Aggregated,Public_Assembly_Uncategorized,,,,,,
8,Centralized,Public_Assembly_Uncategorized,,,,,,
9,0,Public_Assembly_Uncategorized,,,,,,
9,1,Public_Assembly_Uncategorized,,,,,,
9,2,Public_Assembly_Uncategorized,,,,,,
9,3,Public_Assembly_Uncategorized,,,,,,
9,4,Public_Assembly_Uncategorized,,,,,,
9,5,Public_Assembly_Uncategorized,,,,,,
9,Aggregated,Public_Assembly_Uncategorized,,,,,,
9,Centralized,Public_Assembly_Uncategorized,,,,,,
10,0,Public_Assembly_Uncategorized,,,,,,
10,1,Public_Assembly_Uncategorized,,,,,,
10,2,Public_Assembly_Uncategorized,,,,,,
10,3,Public_Assembly_Uncategorized,,,,,,
10,4,Public_Assembly_Uncategorized,,,,,,
10,5,Public_Assembly_Uncategorized,,,,,,
10,Aggregated,Public_Assembly_Uncategorized,,,,,,
10,Centralized,Public_Assembly_Uncategorized,,,,,,
11,0,Public_Assembly_Uncategorized,,,,,,
11,1,Public_Assembly_Uncategorized,,,,,,
11,2,Public_Assembly_Uncategorized,,,,,,
11,3,Public_Assembly_Uncategorized,,,,,,
11,4,Public_Assembly_Uncategorized,,,,,,
11,5,Public_Assembly_Uncategorized,,,,,,
11,Aggregated,Public_Assembly_Uncategorized,,,,,,
11,Centralized,Public_Assembly_Uncategorized,,,,,,
12,0,Public_Assembly_Uncategorized,,,,,,
12,1,Public_Assembly_Uncategorized,,,,,,
12,2,Public_Assembly_Uncategorized,,,,,,
12,3,Public_Assembly_Uncategorized,,,,,,
12,4,Public_Assembly_Uncategorized,,,,,,
12,5,Public_Assembly_Uncategorized,,,,,,
12,Aggregated,Public_Assembly_Uncategorized,,,,,,
12,Centralized,Public_Assembly_Uncategorized,,,,,,
13,0,Public_Assembly_Uncategorized,,,,,,
13,1,Public_Assembly_Uncategorized,,,,,,
13,2,Public_Assembly_Uncategorized,,,,,,
13,3,Public_Assembly_Uncategorized,,,,,,
13,4,Public_Assembly_Uncategorized,,,,,,
13,5,Public_Assembly_Uncategorized,,,,,,
13,Aggregated,Public_Assembly_Uncategorized,,,,,,
13,Centralized,Public_Assembly_Uncategorized,,,,,,
14,0,Public_Assembly_Uncategorized,,,,,,
14,1,Public_Assembly_Uncategorized,,,,,,
14,2,Public_Assembly_Uncategorized,,,,,,
14,3,Public_Assembly_Uncategorized,,,,,,
14,4,Public_Assembly_Uncategorized,,,,,,
14,5,Public_Assembly_Uncategorized,,,,,,
14,Aggregated,Public_Assembly_Uncategorized,,,,,,
14,Centralized,Public_Assembly_Uncategorized,,,,,,
15,0,Public_Assembly_Uncategorized,,,,,,
15,1,Public_Assembly_Uncategorized,,,,,,
15,2,Public_Assembly_Uncategorized,,,,,,
15,3,Public_Assembly_Uncategorized,,,,,,
15,4,Public_Assembly_Uncategorized,,,,,,
15,5,Public_Assembly_Uncategorized,,,,,,
15,Aggregated,Public_Assembly_Uncategorized,,,,,,
15,Centralized,Public_Assembly_Uncategorized,,,,,,
16,0,Public_Assembly_Uncategorized,,,,,,
16,1,Public_Assembly_Uncategorized,,,,,,
16,2,Public_Assembly_Uncategorized,,,,,,
16,3,Public_Assembly_Uncategorized,,,,,,
16,4,Public_Assembly_Uncategorized,,,,,,
16,5,Public_Assembly_Uncategorized,,,,,,
16,Aggregated,Public_Assembly_Uncategorized,,,,,,
16,Centralized,Public_Assembly_Uncategorized,,,,,,
17,0,Public_Assembly_Uncategorized,,,,,,
17,1,Public_Assembly_Uncategorized,,,,,,
17,2,Public_Assembly_Uncategorized,,,,,,
17,3,Public_Assembly_Uncategorized,,,,,,
17,4,Public_Assembly_Uncategorized,,,,,,
17,5,Public_Assembly_Uncategorized,,,,,,
17,Aggregated,Public_Assembly_Uncategorized,,,,,,
17,Centralized,Public_Assembly_Uncategorized,,,,,,
18,0,Public_Assembly_Uncategorized,,,,,,
18,1,Public_Assembly_Uncategorized,,,,,,
18,2,Public_Assembly_Uncategorized,,,,,,
18,3,Public_Assembly_Uncategorized,,,,,,
18,4,Public_Assembly_Uncategorized,,,,,,
18,5,Public_Assembly_Uncategorized,,,,,,
18,Aggregated,Public_Assembly_Uncategorized,,,,,,
18,Centralized,Public_Assembly_Uncategorized,,,,,,
19,0,Public_Assembly_Uncategorized,,,,,,
19,1,Public_Assembly_Uncategorized,,,,,,
19,2,Public_Assembly_Uncategorized,,,,,,
19,3,Public_Assembly_Uncategorized,,,,,,
19,4,Public_Assembly_Uncategorized,,,,,,
19,5,Public_Assembly_Uncategorized,,,,,,
19,Aggregated,Public_Assembly_Uncategorized,,,,,,
19,Centralized,Public_Assembly_Uncategorized,,,,,,
20,0,Public_Assembly_Uncategorized,,,,,,
20,1,Public_Assembly_Uncategorized,,,,,,
20,2,Public_Assembly_Uncategorized,,,,,,
20,3,Public_Assembly_Uncategorized,,,,,,
20,4,Public_Assembly_Uncategorized,,,,,,
20,5,Public_Assembly_Uncategorized,,,,,,
20,Aggregated,Public_Assembly_Uncategorized,,,,,,
20,Centralized,Public_Assembly_Uncategorized,,,,,,
21,0,Public_Assembly_Uncategorized,,,,,,
21,1,Public_Assembly_Uncategorized,,,,,,
21,2,Public_Assembly_Uncategorized,,,,,,
21,3,Public_Assembly_Uncategorized,,,,,,
21,4,Public_Assembly_Uncategorized,,,,,,
21,5,Public_Assembly_Uncategorized,,,,,,
21,Aggregated,Public_Assembly_Uncategorized,,,,,,
21,Centralized,Public_Assembly_Uncategorized,,,,,,
22,0,Public_Assembly_Uncategorized,,,,,,
22,1,Public_Assembly_Uncategorized,,,,,,
22,2,Public_Assembly_Uncategorized,,,,,,
22,3,Public_Assembly_Uncategorized,,,,,,
22,4,Public_Assembly_Uncategorized,,,,,,
22,5,Public_Assembly_Uncategorized,,,,,,
22,Aggregated,Public_Assembly_Uncategorized,,,,,,
22,Centralized,Public_Assembly_Uncategorized,,,,,,
23,0,Public_Assembly_Uncategorized,,,,,,
23,1,Public_Assembly_Uncategorized,,,,,,
23,2,Public_Assembly_Uncategorized,,,,,,
23,3,Public_Assembly_Uncategorized,,,,,,
23,4,Public_Assembly_Uncategorized,,,,,,
23,5,Public_Assembly_Uncategorized,,,,,,
23,Aggregated,Public_Assembly_Uncategorized,,,,,,
23,Centralized,Public_Assembly_Uncategorized,,,,,,
0,0,Lodging_Hotel,,,,,,
0,1,Lodging_Hotel,,,,,,
0,2,Lodging_Hotel,,,,,,
0,3,Lodging_Hotel,,,,,,
0,4,Lodging_Hotel,,,,,,
0,5,Lodging_Hotel,,,,,,
0,Aggregated,Lodging_Hotel,,,,,,
0,Centralized,Lodging_Hotel,,,,,,
1,0,Lodging_Hotel,,,,,,
1,1,Lodging_Hotel,,,,,,
1,2,Lodging_Hotel,,,,,,
1,3,Lodging_Hotel,,,,,,
1,4,Lodging_Hotel,,,,,,
1,5,Lodging_Hotel,,,,,,
1,Aggregated,Lodging_Hotel,,,,,,
1,Centralized,Lodging_Hotel,,,,,,
2,0,Lodging_Hotel,,,,,,
2,1,Lodging_Hotel,,,,,,
2,2,Lodging_Hotel,,,,,,
2,3,Lodging_Hotel,,,,,,
2,4,Lodging_Hotel,,,,,,
2,5,Lodging_Hotel,,,,,,
2,Aggregated,Lodging_Hotel,,,,,,
2,Centralized,Lodging_Hotel,,,,,,
3,0,Lodging_Hotel,,,,,,
3,1,Lodging_Hotel,,,,,,
3,2,Lodging_Hotel,,,,,,
3,3,Lodging_Hotel,,,,,,
3,4,Lodging_Hotel,,,,,,
3,5,Lodging_Hotel,,,,,,
3,Aggregated,Lodging_Hotel,,,,,,
3,Centralized,Lodging_Hotel,,,,,,
4,0,Lodging_Hotel,,,,,,
4,1,Lodging_Hotel,,,,,,
4,2,Lodging_Hotel,,,,,,
4,3,Lodging_Hotel,,,,,,
4,4,Lodging_Hotel,,,,,,
4,5,Lodging_Hotel,,,,,,
4,Aggregated,Lodging_Hotel,,,,,,
4,Centralized,Lodging_Hotel,,,,,,
5,0,Lodging_Hotel,,,,,,
5,1,Lodging_Hotel,,,,,,
5,2,Lodging_Hotel,,,,,,
5,3,Lodging_Hotel,,,,,,
5,4,Lodging_Hotel,,,,,,
5,5,Lodging_Hotel,,,,,,
5,Aggregated,Lodging_Hotel,,,,,,
5,Centralized,Lodging_Hotel,,,,,,
6,0,Lodging_Hotel,,,,,,
6,1,Lodging_Hotel,,,,,,
6,2,Lodging_Hotel,,,,,,
6,3,Lodging_Hotel,,,,,,
6,4,Lodging_Hotel,,,,,,
6,5,Lodging_Hotel,,,,,,
6,Aggregated,Lodging_Hotel,,,,,,
6,Centralized,Lodging_Hotel,,,,,,
7,0,Lodging_Hotel,,,,,,
7,1,Lodging_Hotel,,,,,,
7,2,Lodging_Hotel,,,,,,
7,3,Lodging_Hotel,,,,,,
7,4,Lodging_Hotel,,,,,,
7,5,Lodging_Hotel,,,,,,
7,Aggregated,Lodging_Hotel,,,,,,
7,Centralized,Lodging_Hotel,,,,,,
8,0,Lodging_Hotel,,,,,,
8,1,Lodging_Hotel,,,,,,
8,2,Lodging_Hotel,,,,,,
8,3,Lodging_Hotel,,,,,,
8,4,Lodging_Hotel,,,,,,
8,5,Lodging_Hotel,,,,,,
8,Aggregated,Lodging_Hotel,,,,,,
8,Centralized,Lodging_Hotel,,,,,,
9,0,Lodging_Hotel,,,,,,
9,1,Lodging_Hotel,,,,,,
9,2,Lodging_Hotel,,,,,,
9,3,Lodging_Hotel,,,,,,
9,4,Lodging_Hotel,,,,,,
9,5,Lodging_Hotel,,,,,,
9,Aggregated,Lodging_Hotel,,,,,,
9,Centralized,Lodging_Hotel,,,,,,
10,0,Lodging_Hotel,,,,,,
10,1,Lodging_Hotel,,,,,,
10,2,Lodging_Hotel,,,,,,
10,3,Lodging_Hotel,,,,,,
10,4,Lodging_Hotel,,,,,,
10,5,Lodging_Hotel,,,,,,
10,Aggregated,Lodging_Hotel,,,,,,
10,Centralized,Lodging_Hotel,,,,,,
11,0,Lodging_Hotel,,,,,,
11,1,Lodging_Hotel,,,,,,
11,2,Lodging_Hotel,,,,,,
11,3,Lodging_Hotel,,,,,,
11,4,Lodging_Hotel,,,,,,
11,5,Lodging_Hotel,,,,,,
11,Aggregated,Lodging_Hotel,,,,,,
11,Centralized,Lodging_Hotel,,,,,,
12,0,Lodging_Hotel,,,,,,
12,1,Lodging_Hotel,,,,,,
12,2,Lodging_Hotel,,,,,,
12,3,Lodging_Hotel,,,,,,
12,4,Lodging_Hotel,,,,,,
12,5,Lodging_Hotel,,,,,,
12,Aggregated,Lodging_Hotel,,,,,,
12,Centralized,Lodging_Hotel,,,,,,
13,0,Lodging_Hotel,,,,,,
13,1,Lodging_Hotel,,,,,,
13,2,Lodging_Hotel,,,,,,
13,3,Lodging_Hotel,,,,,,
13,4,Lodging_Hotel,,,,,,
13,5,Lodging_Hotel,,,,,,
13,Aggregated,Lodging_Hotel,,,,,,
13,Centralized,Lodging_Hotel,,,,,,
14,0,Lodging_Hotel,,,,,,
14,1,Lodging_Hotel,,,,,,
14,2,Lodging_Hotel,,,,,,
14,3,Lodging_Hotel,,,,,,
14,4,Lodging_Hotel,,,,,,
14,5,Lodging_Hotel,,,,,,
14,Aggregated,Lodging_Hotel,,,,,,
14,Centralized,Lodging_Hotel,,,,,,
15,0,Lodging_Hotel,,,,,,
15,1,Lodging_Hotel,,,,,,
15,2,Lodging_Hotel,,,,,,
15,3,Lodging_Hotel,,,,,,
15,4,Lodging_Hotel,,,,,,
15,5,Lodging_Hotel,,,,,,
15,Aggregated,Lodging_Hotel,,,,,,
15,Centralized,Lodging_Hotel,,,,,,
16,0,Lodging_Hotel,,,,,,
16,1,Lodging_Hotel,,,,,,
16,2,Lodging_Hotel,,,,,,
16,3,Lodging_Hotel,,,,,,
16,4,Lodging_Hotel,,,,,,
16,5,Lodging_Hotel,,,,,,
16,Aggregated,Lodging_Hotel,,,,,,
16,Centralized,Lodging_Hotel,,,,,,
17,0,Lodging_Hotel,,,,,,
17,1,Lodging_Hotel,,,,,,
17,2,Lodging_Hotel,,,,,,
17,3,Lodging_Hotel,,,,,,
17,4,Lodging_Hotel,,,,,,
17,5,Lodging_Hotel,,,,,,
17,Aggregated,Lodging_Hotel,,,,,,
17,Centralized,Lodging_Hotel,,,,,,
18,0,Lodging_Hotel,,,,,,
18,1,Lodging_Hotel,,,,,,
18,2,Lodging_Hotel,,,,,,
18,3,Lodging_Hotel,,,,,,
18,4,Lodging_Hotel,,,,,,
18,5,Lodging_Hotel,,,,,,
18,Aggregated,Lodging_Hotel,,,,,,
18,Centralized,Lodging_Hotel,,,,,,
19,0,Lodging_Hotel,,,,,,
19,1,Lodging_Hotel,,,,,,
19,2,Lodging_Hotel,,,,,,
19,3,Lodging_Hotel,,,,,,
19,4,Lodging_Hotel,,,,,,
19,5,Lodging_Hotel,,,,,,
19,Aggregated,Lodging_Hotel,,,,,,
19,Centralized,Lodging_Hotel,,,,,,
20,0,Lodging_Hotel,,,,,,
20,1,Lodging_Hotel,,,,,,
20,2,Lodging_Hotel,,,,,,
20,3,Lodging_Hotel,,,,,,
20,4,Lodging_Hotel,,,,,,
20,5,Lodging_Hotel,,,,,,
20,Aggregated,Lodging_Hotel,,,,,,
20,Centralized,Lodging_Hotel,,,,,,
21,0,Lodging_Hotel,,,,,,
21,1,Lodging_Hotel,,,,,,
21,2,Lodging_Hotel,,,,,,
21,3,Lodging_Hotel,,,,,,
21,4,Lodging_Hotel,,,,,,
21,5,Lodging_Hotel,,,,,,
21,Aggregated,Lodging_Hotel,,,,,,
21,Centralized,Lodging_Hotel,,,,,,
22,0,Lodging_Hotel,,,,,,
22,1,Lodging_Hotel,,,,,,
22,2,Lodging_Hotel,,,,,,
22,3,Lodging_Hotel,,,,,,
22,4,Lodging_Hotel,,,,,,
22,5,Lodging_Hotel,,,,,,
22,Aggregated,Lodging_Hotel,,,,,,
22,Centralized,Lodging_Hotel,,,,,,
23,0,Lodging_Hotel,,,,,,
23,1,Lodging_Hotel,,,,,,
23,2,Lodging_Hotel,,,,,,
23,3,Lodging_Hotel,,,,,,
23,4,Lodging_Hotel,,,,,,
23,5,Lodging_Hotel,,,,,,
23,Aggregated,Lodging_Hotel,,,,,,
23,Centralized,Lodging_Hotel,,,,,,
0,0,Office_Medical_non_diagnostic,,,,,,
0,1,Office_Medical_non_diagnostic,,,,,,
0,2,Office_Medical_non_diagnostic,,,,,,
0,3,Office_Medical_non_diagnostic,,,,,,
0,4,Office_Medical_non_diagnostic,,,,,,
0,5,Office_Medical_non_diagnostic,,,,,,
0,Aggregated,Office_Medical_non_diagnostic,,,,,,
0,Centralized,Office_Medical_non_diagnostic,,,,,,
1,0,Office_Medical_non_diagnostic,,,,,,
1,1,Office_Medical_non_diagnostic,,,,,,
1,2,Office_Medical_non_diagnostic,,,,,,
1,3,Office_Medical_non_diagnostic,,,,,,
1,4,Office_Medical_non_diagnostic,,,,,,
1,5,Office_Medical_non_diagnostic,,,,,,
1,Aggregated,Office_Medical_non_diagnostic,,,,,,
1,Centralized,Office_Medical_non_diagnostic,,,,,,
2,0,Office_Medical_non_diagnostic,,,,,,
2,1,Office_Medical_non_diagnostic,,,,,,
2,2,Office_Medical_non_diagnostic,,,,,,
2,3,Office_Medical_non_diagnostic,,,,,,
2,4,Office_Medical_non_diagnostic,,,,,,
2,5,Office_Medical_non_diagnostic,,,,,,
2,Aggregated,Office_Medical_non_diagnostic,,,,,,
2,Centralized,Office_Medical_non_diagnostic,,,,,,
3,0,Office_Medical_non_diagnostic,,,,,,
3,1,Office_Medical_non_diagnostic,,,,,,
3,2,Office_Medical_non_diagnostic,,,,,,
3,3,Office_Medical_non_diagnostic,,,,,,
3,4,Office_Medical_non_diagnostic,,,,,,
3,5,Office_Medical_non_diagnostic,,,,,,
3,Aggregated,Office_Medical_non_diagnostic,,,,,,
3,Centralized,Office_Medical_non_diagnostic,,,,,,
4,0,Office_Medical_non_diagnostic,,,,,,
4,1,Office_Medical_non_diagnostic,,,,,,
4,2,Office_Medical_non_diagnostic,,,,,,
4,3,Office_Medical_non_diagnostic,,,,,,
4,4,Office_Medical_non_diagnostic,,,,,,
4,5,Office_Medical_non_diagnostic,,,,,,
4,Aggregated,Office_Medical_non_diagnostic,,,,,,
4,Centralized,Office_Medical_non_diagnostic,,,,,,
5,0,Office_Medical_non_diagnostic,,,,,,
5,1,Office_Medical_non_diagnostic,,,,,,
5,2,Office_Medical_non_diagnostic,,,,,,
5,3,Office_Medical_non_diagnostic,,,,,,
5,4,Office_Medical_non_diagnostic,,,,,,
5,5,Office_Medical_non_diagnostic,,,,,,
5,Aggregated,Office_Medical_non_diagnostic,,,,,,
5,Centralized,Office_Medical_non_diagnostic,,,,,,
6,0,Office_Medical_non_diagnostic,,,,,,
6,1,Office_Medical_non_diagnostic,,,,,,
6,2,Office_Medical_non_diagnostic,,,,,,
6,3,Office_Medical_non_diagnostic,,,,,,
6,4,Office_Medical_non_diagnostic,,,,,,
6,5,Office_Medical_non_diagnostic,,,,,,
6,Aggregated,Office_Medical_non_diagnostic,,,,,,
6,Centralized,Office_Medical_non_diagnostic,,,,,,
7,0,Office_Medical_non_diagnostic,,,,,,
7,1,Office_Medical_non_diagnostic,,,,,,
7,2,Office_Medical_non_diagnostic,,,,,,
7,3,Office_Medical_non_diagnostic,,,,,,
7,4,Office_Medical_non_diagnostic,,,,,,
7,5,Office_Medical_non_diagnostic,,,,,,
7,Aggregated,Office_Medical_non_diagnostic,,,,,,
7,Centralized,Office_Medical_non_diagnostic,,,,,,
8,0,Office_Medical_non_diagnostic,,,,,,
8,1,Office_Medical_non_diagnostic,,,,,,
8,2,Office_Medical_non_diagnostic,,,,,,
8,3,Office_Medical_non_diagnostic,,,,,,
8,4,Office_Medical_non_diagnostic,,,,,,
8,5,Office_Medical_non_diagnostic,,,,,,
8,Aggregated,Office_Medical_non_diagnostic,,,,,,
8,Centralized,Office_Medical_non_diagnostic,,,,,,
9,0,Office_Medical_non_diagnostic,,,,,,
9,1,Office_Medical_non_diagnostic,,,,,,
9,2,Office_Medical_non_diagnostic,,,,,,
9,3,Office_Medical_non_diagnostic,,,,,,
9,4,Office_Medical_non_diagnostic,,,,,,
9,5,Office_Medical_non_diagnostic,,,,,,
9,Aggregated,Office_Medical_non_diagnostic,,,,,,
9,Centralized,Office_Medical_non_diagnostic,,,,,,
10,0,Office_Medical_non_diagnostic,,,,,,
10,1,Office_Medical_non_diagnostic,,,,,,
10,2,Office_Medical_non_diagnostic,,,,,,
10,3,Office_Medical_non_diagnostic,,,,,,
10,4,Office_Medical_non_diagnostic,,,,,,
10,5,Office_Medical_non_diagnostic,,,,,,
10,Aggregated,Office_Medical_non_diagnostic,,,,,,
10,Centralized,Office_Medical_non_diagnostic,,,,,,
11,0,Office_Medical_non_diagnostic,,,,,,
11,1,Office_Medical_non_diagnostic,,,,,,
11,2,Office_Medical_non_diagnostic,,,,,,
11,3,Office_Medical_non_diagnostic,,,,,,
11,4,Office_Medical_non_diagnostic,,,,,,
11,5,Office_Medical_non_diagnostic,,,,,,
11,Aggregated,Office_Medical_non_diagnostic,,,,,,
11,Centralized,Office_Medical_non_diagnostic,,,,,,
12,0,Office_Medical_non_diagnostic,,,,,,
12,1,Office_Medical_non_diagnostic,,,,,,
12,2,Office_Medical_non_diagnostic,,,,,,
12,3,Office_Medical_non_diagnostic,,,,,,
12,4,Office_Medical_non_diagnostic,,,,,,
12,5,Office_Medical_non_diagnostic,,,,,,
12,Aggregated,Office_Medical_non_diagnostic,,,,,,
12,Centralized,Office_Medical_non_diagnostic,,,,,,
13,0,Office_Medical_non_diagnostic,,,,,,
13,1,Office_Medical_non_diagnostic,,,,,,
13,2,Office_Medical_non_diagnostic,,,,,,
13,3,Office_Medical_non_diagnostic,,,,,,
13,4,Office_Medical_non_diagnostic,,,,,,
13,5,Office_Medical_non_diagnostic,,,,,,
13,Aggregated,Office_Medical_non_diagnostic,,,,,,
13,Centralized,Office_Medical_non_diagnostic,,,,,,
14,0,Office_Medical_non_diagnostic,,,,,,
14,1,Office_Medical_non_diagnostic,,,,,,
14,2,Office_Medical_non_diagnostic,,,,,,
14,3,Office_Medical_non_diagnostic,,,,,,
14,4,Office_Medical_non_diagnostic,,,,,,
14,5,Office_Medical_non_diagnostic,,,,,,
14,Aggregated,Office_Medical_non_diagnostic,,,,,,
14,Centralized,Office_Medical_non_diagnostic,,,,,,
15,0,Office_Medical_non_diagnostic,,,,,,
15,1,Office_Medical_non_diagnostic,,,,,,
15,2,Office_Medical_non_diagnostic,,,,,,
15,3,Office_Medical_non_diagnostic,,,,,,
15,4,Office_Medical_non_diagnostic,,,,,,
15,5,Office_Medical_non_diagnostic,,,,,,
15,Aggregated,Office_Medical_non_diagnostic,,,,,,
15,Centralized,Office_Medical_non_diagnostic,,,,,,
16,0,Office_Medical_non_diagnostic,,,,,,
16,1,Office_Medical_non_diagnostic,,,,,,
16,2,Office_Medical_non_diagnostic,,,,,,
16,3,Office_Medical_non_diagnostic,,,,,,
16,4,Office_Medical_non_diagnostic,,,,,,
16,5,Office_Medical_non_diagnostic,,,,,,
16,Aggregated,Office_Medical_non_diagnostic,,,,,,
16,Centralized,Office_Medical_non_diagnostic,,,,,,
17,0,Office_Medical_non_diagnostic,,,,,,
17,1,Office_Medical_non_diagnostic,,,,,,
17,2,Office_Medical_non_diagnostic,,,,,,
17,3,Office_Medical_non_diagnostic,,,,,,
17,4,Office_Medical_non_diagnostic,,,,,,
17,5,Office_Medical_non_diagnostic,,,,,,
17,Aggregated,Office_Medical_non_diagnostic,,,,,,
17,Centralized,Office_Medical_non_diagnostic,,,,,,
18,0,Office_Medical_non_diagnostic,,,,,,
18,1,Office_Medical_non_diagnostic,,,,,,
18,2,Office_Medical_non_diagnostic,,,,,,
18,3,Office_Medical_non_diagnostic,,,,,,
18,4,Office_Medical_non_diagnostic,,,,,,
18,5,Office_Medical_non_diagnostic,,,,,,
18,Aggregated,Office_Medical_non_diagnostic,,,,,,
18,Centralized,Office_Medical_non_diagnostic,,,,,,
19,0,Office_Medical_non_diagnostic,,,,,,
19,1,Office_Medical_non_diagnostic,,,,,,
19,2,Office_Medical_non_diagnostic,,,,,,
19,3,Office_Medical_non_diagnostic,,,,,,
19,4,Office_Medical_non_diagnostic,,,,,,
19,5,Office_Medical_non_diagnostic,,,,,,
19,Aggregated,Office_Medical_non_diagnostic,,,,,,
19,Centralized,Office_Medical_non_diagnostic,,,,,,
20,0,Office_Medical_non_diagnostic,,,,,,
20,1,Office_Medical_non_diagnostic,,,,,,
20,2,Office_Medical_non_diagnostic,,,,,,
20,3,Office_Medical_non_diagnostic,,,,,,
20,4,Office_Medical_non_diagnostic,,,,,,
20,5,Office_Medical_non_diagnostic,,,,,,
20,Aggregated,Office_Medical_non_diagnostic,,,,,,
20,Centralized,Office_Medical_non_diagnostic,,,,,,
21,0,Office_Medical_non_diagnostic,,,,,,
21,1,Office_Medical_non_diagnostic,,,,,,
21,2,Office_Medical_non_diagnostic,,,,,,
21,3,Office_Medical_non_diagnostic,,,,,,
21,4,Office_Medical_non_diagnostic,,,,,,
21,5,Office_Medical_non_diagnostic,,,,,,
21,Aggregated,Office_Medical_non_diagnostic,,,,,,
21,Centralized,Office_Medical_non_diagnostic,,,,,,
22,0,Office_Medical_non_diagnostic,,,,,,
22,1,Office_Medical_non_diagnostic,,,,,,
22,2,Office_Medical_non_diagnostic,,,,,,
22,3,Office_Medical_non_diagnostic,,,,,,
22,4,Office_Medical_non_diagnostic,,,,,,
22,5,Office_Medical_non_diagnostic,,,,,,
22,Aggregated,Office_Medical_non_diagnostic,,,,,,
22,Centralized,Office_Medical_non_diagnostic,,,,,,
23,0,Office_Medical_non_diagnostic,,,,,,
23,1,Office_Medical_non_diagnostic,,,,,,
23,2,Office_Medical_non_diagnostic,,,,,,
23,3,Office_Medical_non_diagnostic,,,,,,
23,4,Office_Medical_non_diagnostic,,,,,,
23,5,Office_Medical_non_diagnostic,,,,,,
23,Aggregated,Office_Medical_non_diagnostic,,,,,,
23,Centralized,Office_Medical_non_diagnostic,,,,,,
0,0,Public_Assembly_Library,,,,,,
0,1,Public_Assembly_Library,,,,,,
0,2,Public_Assembly_Library,,,,,,
0,3,Public_Assembly_Library,,,,,,
0,4,Public_Assembly_Library,,,,,,
0,5,Public_Assembly_Library,,,,,,
0,Aggregated,Public_Assembly_Library,,,,,,
0,Centralized,Public_Assembly_Library,,,,,,
1,0,Public_Assembly_Library,,,,,,
1,1,Public_Assembly_Library,,,,,,
1,2,Public_Assembly_Library,,,,,,
1,3,Public_Assembly_Library,,,,,,
1,4,Public_Assembly_Library,,,,,,
1,5,Public_Assembly_Library,,,,,,
1,Aggregated,Public_Assembly_Library,,,,,,
1,Centralized,Public_Assembly_Library,,,,,,
2,0,Public_Assembly_Library,,,,,,
2,1,Public_Assembly_Library,,,,,,
2,2,Public_Assembly_Library,,,,,,
2,3,Public_Assembly_Library,,,,,,
2,4,Public_Assembly_Library,,,,,,
2,5,Public_Assembly_Library,,,,,,
2,Aggregated,Public_Assembly_Library,,,,,,
2,Centralized,Public_Assembly_Library,,,,,,
3,0,Public_Assembly_Library,,,,,,
3,1,Public_Assembly_Library,,,,,,
3,2,Public_Assembly_Library,,,,,,
3,3,Public_Assembly_Library,,,,,,
3,4,Public_Assembly_Library,,,,,,
3,5,Public_Assembly_Library,,,,,,
3,Aggregated,Public_Assembly_Library,,,,,,
3,Centralized,Public_Assembly_Library,,,,,,
4,0,Public_Assembly_Library,,,,,,
4,1,Public_Assembly_Library,,,,,,
4,2,Public_Assembly_Library,,,,,,
4,3,Public_Assembly_Library,,,,,,
4,4,Public_Assembly_Library,,,,,,
4,5,Public_Assembly_Library,,,,,,
4,Aggregated,Public_Assembly_Library,,,,,,
4,Centralized,Public_Assembly_Library,,,,,,
5,0,Public_Assembly_Library,,,,,,
5,1,Public_Assembly_Library,,,,,,
5,2,Public_Assembly_Library,,,,,,
5,3,Public_Assembly_Library,,,,,,
5,4,Public_Assembly_Library,,,,,,
5,5,Public_Assembly_Library,,,,,,
5,Aggregated,Public_Assembly_Library,,,,,,
5,Centralized,Public_Assembly_Library,,,,,,
6,0,Public_Assembly_Library,,,,,,
6,1,Public_Assembly_Library,,,,,,
6,2,Public_Assembly_Library,,,,,,
6,3,Public_Assembly_Library,,,,,,
6,4,Public_Assembly_Library,,,,,,
6,5,Public_Assembly_Library,,,,,,
6,Aggregated,Public_Assembly_Library,,,,,,
6,Centralized,Public_Assembly_Library,,,,,,
7,0,Public_Assembly_Library,,,,,,
7,1,Public_Assembly_Library,,,,,,
7,2,Public_Assembly_Library,,,,,,
7,3,Public_Assembly_Library,,,,,,
7,4,Public_Assembly_Library,,,,,,
7,5,Public_Assembly_Library,,,,,,
7,Aggregated,Public_Assembly_Library,,,,,,
7,Centralized,Public_Assembly_Library,,,,,,
8,0,Public_Assembly_Library,,,,,,
8,1,Public_Assembly_Library,,,,,,
8,2,Public_Assembly_Library,,,,,,
8,3,Public_Assembly_Library,,,,,,
8,4,Public_Assembly_Library,,,,,,
8,5,Public_Assembly_Library,,,,,,
8,Aggregated,Public_Assembly_Library,,,,,,
8,Centralized,Public_Assembly_Library,,,,,,
9,0,Public_Assembly_Library,,,,,,
9,1,Public_Assembly_Library,,,,,,
9,2,Public_Assembly_Library,,,,,,
9,3,Public_Assembly_Library,,,,,,
9,4,Public_Assembly_Library,,,,,,
9,5,Public_Assembly_Library,,,,,,
9,Aggregated,Public_Assembly_Library,,,,,,
9,Centralized,Public_Assembly_Library,,,,,,
10,0,Public_Assembly_Library,,,,,,
10,1,Public_Assembly_Library,,,,,,
10,2,Public_Assembly_Library,,,,,,
10,3,Public_Assembly_Library,,,,,,
10,4,Public_Assembly_Library,,,,,,
10,5,Public_Assembly_Library,,,,,,
10,Aggregated,Public_Assembly_Library,,,,,,
10,Centralized,Public_Assembly_Library,,,,,,
11,0,Public_Assembly_Library,,,,,,
11,1,Public_Assembly_Library,,,,,,
11,2,Public_Assembly_Library,,,,,,
11,3,Public_Assembly_Library,,,,,,
11,4,Public_Assembly_Library,,,,,,
11,5,Public_Assembly_Library,,,,,,
11,Aggregated,Public_Assembly_Library,,,,,,
11,Centralized,Public_Assembly_Library,,,,,,
12,0,Public_Assembly_Library,,,,,,
12,1,Public_Assembly_Library,,,,,,
12,2,Public_Assembly_Library,,,,,,
12,3,Public_Assembly_Library,,,,,,
12,4,Public_Assembly_Library,,,,,,
12,5,Public_Assembly_Library,,,,,,
12,Aggregated,Public_Assembly_Library,,,,,,
12,Centralized,Public_Assembly_Library,,,,,,
13,0,Public_Assembly_Library,,,,,,
13,1,Public_Assembly_Library,,,,,,
13,2,Public_Assembly_Library,,,,,,
13,3,Public_Assembly_Library,,,,,,
13,4,Public_Assembly_Library,,,,,,
13,5,Public_Assembly_Library,,,,,,
13,Aggregated,Public_Assembly_Library,,,,,,
13,Centralized,Public_Assembly_Library,,,,,,
14,0,Public_Assembly_Library,,,,,,
14,1,Public_Assembly_Library,,,,,,
14,2,Public_Assembly_Library,,,,,,
14,3,Public_Assembly_Library,,,,,,
14,4,Public_Assembly_Library,,,,,,
14,5,Public_Assembly_Library,,,,,,
14,Aggregated,Public_Assembly_Library,,,,,,
14,Centralized,Public_Assembly_Library,,,,,,
15,0,Public_Assembly_Library,,,,,,
15,1,Public_Assembly_Library,,,,,,
15,2,Public_Assembly_Library,,,,,,
15,3,Public_Assembly_Library,,,,,,
15,4,Public_Assembly_Library,,,,,,
15,5,Public_Assembly_Library,,,,,,
15,Aggregated,Public_Assembly_Library,,,,,,
15,Centralized,Public_Assembly_Library,,,,,,
16,0,Public_Assembly_Library,,,,,,
16,1,Public_Assembly_Library,,,,,,
16,2,Public_Assembly_Library,,,,,,
16,3,Public_Assembly_Library,,,,,,
16,4,Public_Assembly_Library,,,,,,
16,5,Public_Assembly_Library,,,,,,
16,Aggregated,Public_Assembly_Library,,,,,,
16,Centralized,Public_Assembly_Library,,,,,,
17,0,Public_Assembly_Library,,,,,,
17,1,Public_Assembly_Library,,,,,,
17,2,Public_Assembly_Library,,,,,,
17,3,Public_Assembly_Library,,,,,,
17,4,Public_Assembly_Library,,,,,,
17,5,Public_Assembly_Library,,,,,,
17,Aggregated,Public_Assembly_Library,,,,,,
17,Centralized,Public_Assembly_Library,,,,,,
18,0,Public_Assembly_Library,,,,,,
18,1,Public_Assembly_Library,,,,,,
18,2,Public_Assembly_Library,,,,,,
18,3,Public_Assembly_Library,,,,,,
18,4,Public_Assembly_Library,,,,,,
18,5,Public_Assembly_Library,,,,,,
18,Aggregated,Public_Assembly_Library,,,,,,
18,Centralized,Public_Assembly_Library,,,,,,
19,0,Public_Assembly_Library,,,,,,
19,1,Public_Assembly_Library,,,,,,
19,2,Public_Assembly_Library,,,,,,
19,3,Public_Assembly_Library,,,,,,
19,4,Public_Assembly_Library,,,,,,
19,5,Public_Assembly_Library,,,,,,
19,Aggregated,Public_Assembly_Library,,,,,,
19,Centralized,Public_Assembly_Library,,,,,,
20,0,Public_Assembly_Library,,,,,,
20,1,Public_Assembly_Library,,,,,,
20,2,Public_Assembly_Library,,,,,,
20,3,Public_Assembly_Library,,,,,,
20,4,Public_Assembly_Library,,,,,,
20,5,Public_Assembly_Library,,,,,,
20,Aggregated,Public_Assembly_Library,,,,,,
20,Centralized,Public_Assembly_Library,,,,,,
21,0,Public_Assembly_Library,,,,,,
21,1,Public_Assembly_Library,,,,,,
21,2,Public_Assembly_Library,,,,,,
21,3,Public_Assembly_Library,,,,,,
21,4,Public_Assembly_Library,,,,,,
21,5,Public_Assembly_Library,,,,,,
21,Aggregated,Public_Assembly_Library,,,,,,
21,Centralized,Public_Assembly_Library,,,,,,
22,0,Public_Assembly_Library,,,,,,
22,1,Public_Assembly_Library,,,,,,
22,2,Public_Assembly_Library,,,,,,
22,3,Public_Assembly_Library,,,,,,
22,4,Public_Assembly_Library,,,,,,
22,5,Public_Assembly_Library,,,,,,
22,Aggregated,Public_Assembly_Library,,,,,,
22,Centralized,Public_Assembly_Library,,,,,,
23,0,Public_Assembly_Library,,,,,,
23,1,Public_Assembly_Library,,,,,,
23,2,Public_Assembly_Library,,,,,,
23,3,Public_Assembly_Library,,,,,,
23,4,Public_Assembly_Library,,,,,,
23,5,Public_Assembly_Library,,,,,,
23,Aggregated,Public_Assembly_Library,,,,,,
23,Centralized,Public_Assembly_Library,,,,,,
0,0,Office_Uncategorized,,,,,,
0,1,Office_Uncategorized,,,,,,
0,2,Office_Uncategorized,,,,,,
0,3,Office_Uncategorized,,,,,,
0,4,Office_Uncategorized,,,,,,
0,5,Office_Uncategorized,,,,,,
0,Aggregated,Office_Uncategorized,,,,,,
0,Centralized,Office_Uncategorized,,,,,,
1,0,Office_Uncategorized,,,,,,
1,1,Office_Uncategorized,,,,,,
1,2,Office_Uncategorized,,,,,,
1,3,Office_Uncategorized,,,,,,
1,4,Office_Uncategorized,,,,,,
1,5,Office_Uncategorized,,,,,,
1,Aggregated,Office_Uncategorized,,,,,,
1,Centralized,Office_Uncategorized,,,,,,
2,0,Office_Uncategorized,,,,,,
2,1,Office_Uncategorized,,,,,,
2,2,Office_Uncategorized,,,,,,
2,3,Office_Uncategorized,,,,,,
2,4,Office_Uncategorized,,,,,,
2,5,Office_Uncategorized,,,,,,
2,Aggregated,Office_Uncategorized,,,,,,
2,Centralized,Office_Uncategorized,,,,,,
3,0,Office_Uncategorized,,,,,,
3,1,Office_Uncategorized,,,,,,
3,2,Office_Uncategorized,,,,,,
3,3,Office_Uncategorized,,,,,,
3,4,Office_Uncategorized,,,,,,
3,5,Office_Uncategorized,,,,,,
3,Aggregated,Office_Uncategorized,,,,,,
3,Centralized,Office_Uncategorized,,,,,,
4,0,Office_Uncategorized,,,,,,
4,1,Office_Uncategorized,,,,,,
4,2,Office_Uncategorized,,,,,,
4,3,Office_Uncategorized,,,,,,
4,4,Office_Uncategorized,,,,,,
4,5,Office_Uncategorized,,,,,,
4,Aggregated,Office_Uncategorized,,,,,,
4,Centralized,Office_Uncategorized,,,,,,
5,0,Office_Uncategorized,,,,,,
5,1,Office_Uncategorized,,,,,,
5,2,Office_Uncategorized,,,,,,
5,3,Office_Uncategorized,,,,,,
5,4,Office_Uncategorized,,,,,,
5,5,Office_Uncategorized,,,,,,
5,Aggregated,Office_Uncategorized,,,,,,
5,Centralized,Office_Uncategorized,,,,,,
6,0,Office_Uncategorized,,,,,,
6,1,Office_Uncategorized,,,,,,
6,2,Office_Uncategorized,,,,,,
6,3,Office_Uncategorized,,,,,,
6,4,Office_Uncategorized,,,,,,
6,5,Office_Uncategorized,,,,,,
6,Aggregated,Office_Uncategorized,,,,,,
6,Centralized,Office_Uncategorized,,,,,,
7,0,Office_Uncategorized,,,,,,
7,1,Office_Uncategorized,,,,,,
7,2,Office_Uncategorized,,,,,,
7,3,Office_Uncategorized,,,,,,
7,4,Office_Uncategorized,,,,,,
7,5,Office_Uncategorized,,,,,,
7,Aggregated,Office_Uncategorized,,,,,,
7,Centralized,Office_Uncategorized,,,,,,
8,0,Office_Uncategorized,,,,,,
8,1,Office_Uncategorized,,,,,,
8,2,Office_Uncategorized,,,,,,
8,3,Office_Uncategorized,,,,,,
8,4,Office_Uncategorized,,,,,,
8,5,Office_Uncategorized,,,,,,
8,Aggregated,Office_Uncategorized,,,,,,
8,Centralized,Office_Uncategorized,,,,,,
9,0,Office_Uncategorized,,,,,,
9,1,Office_Uncategorized,,,,,,
9,2,Office_Uncategorized,,,,,,
9,3,Office_Uncategorized,,,,,,
9,4,Office_Uncategorized,,,,,,
9,5,Office_Uncategorized,,,,,,
9,Aggregated,Office_Uncategorized,,,,,,
9,Centralized,Office_Uncategorized,,,,,,
10,0,Office_Uncategorized,,,,,,
10,1,Office_Uncategorized,,,,,,
10,2,Office_Uncategorized,,,,,,
10,3,Office_Uncategorized,,,,,,
10,4,Office_Uncategorized,,,,,,
10,5,Office_Uncategorized,,,,,,
10,Aggregated,Office_Uncategorized,,,,,,
10,Centralized,Office_Uncategorized,,,,,,
11,0,Office_Uncategorized,,,,,,
11,1,Office_Uncategorized,,,,,,
11,2,Office_Uncategorized,,,,,,
11,3,Office_Uncategorized,,,,,,
11,4,Office_Uncategorized,,,,,,
11,5,Office_Uncategorized,,,,,,
11,Aggregated,Office_Uncategorized,,,,,,
11,Centralized,Office_Uncategorized,,,,,,
12,0,Office_Uncategorized,,,,,,
12,1,Office_Uncategorized,,,,,,
12,2,Office_Uncategorized,,,,,,
12,3,Office_Uncategorized,,,,,,
12,4,Office_Uncategorized,,,,,,
12,5,Office_Uncategorized,,,,,,
12,Aggregated,Office_Uncategorized,,,,,,
12,Centralized,Office_Uncategorized,,,,,,
13,0,Office_Uncategorized,,,,,,
13,1,Office_Uncategorized,,,,,,
13,2,Office_Uncategorized,,,,,,
13,3,Office_Uncategorized,,,,,,
13,4,Office_Uncategorized,,,,,,
13,5,Office_Uncategorized,,,,,,
13,Aggregated,Office_Uncategorized,,,,,,
13,Centralized,Office_Uncategorized,,,,,,
14,0,Office_Uncategorized,,,,,,
14,1,Office_Uncategorized,,,,,,
14,2,Office_Uncategorized,,,,,,
14,3,Office_Uncategorized,,,,,,
14,4,Office_Uncategorized,,,,,,
14,5,Office_Uncategorized,,,,,,
14,Aggregated,Office_Uncategorized,,,,,,
14,Centralized,Office_Uncategorized,,,,,,
15,0,Office_Uncategorized,,,,,,
15,1,Office_Uncategorized,,,,,,
15,2,Office_Uncategorized,,,,,,
15,3,Office_Uncategorized,,,,,,
15,4,Office_Uncategorized,,,,,,
15,5,Office_Uncategorized,,,,,,
15,Aggregated,Office_Uncategorized,,,,,,
15,Centralized,Office_Uncategorized,,,,,,
16,0,Office_Uncategorized,,,,,,
16,1,Office_Uncategorized,,,,,,
16,2,Office_Uncategorized,,,,,,
16,3,Office_Uncategorized,,,,,,
16,4,Office_Uncategorized,,,,,,
16,5,Office_Uncategorized,,,,,,
16,Aggregated,Office_Uncategorized,,,,,,
16,Centralized,Office_Uncategorized,,,,,,
17,0,Office_Uncategorized,,,,,,
17,1,Office_Uncategorized,,,,,,
17,2,Office_Uncategorized,,,,,,
17,3,Office_Uncategorized,,,,,,
17,4,Office_Uncategorized,,,,,,
17,5,Office_Uncategorized,,,,,,
17,Aggregated,Office_Uncategorized,,,,,,
17,Centralized,Office_Uncategorized,,,,,,
18,0,Office_Uncategorized,,,,,,
18,1,Office_Uncategorized,,,,,,
18,2,Office_Uncategorized,,,,,,
18,3,Office_Uncategorized,,,,,,
18,4,Office_Uncategorized,,,,,,
18,5,Office_Uncategorized,,,,,,
18,Aggregated,Office_Uncategorized,,,,,,
18,Centralized,Office_Uncategorized,,,,,,
19,0,Office_Uncategorized,,,,,,
19,1,Office_Uncategorized,,,,,,
19,2,Office_Uncategorized,,,,,,
19,3,Office_Uncategorized,,,,,,
19,4,Office_Uncategorized,,,,,,
19,5,Office_Uncategorized,,,,,,
19,Aggregated,Office_Uncategorized,,,,,,
19,Centralized,Office_Uncategorized,,,,,,
20,0,Office_Uncategorized,,,,,,
20,1,Office_Uncategorized,,,,,,
20,2,Office_Uncategorized,,,,,,
20,3,Office_Uncategorized,,,,,,
20,4,Office_Uncategorized,,,,,,
20,5,Office_Uncategorized,,,,,,
20,Aggregated,Office_Uncategorized,,,,,,
20,Centralized,Office_Uncategorized,,,,,,
21,0,Office_Uncategorized,,,,,,
21,1,Office_Uncategorized,,,,,,
21,2,Office_Uncategorized,,,,,,
21,3,Office_Uncategorized,,,,,,
21,4,Office_Uncategorized,,,,,,
21,5,Office_Uncategorized,,,,,,
21,Aggregated,Office_Uncategorized,,,,,,
21,Centralized,Office_Uncategorized,,,,,,
22,0,Office_Uncategorized,,,,,,
22,1,Office_Uncategorized,,,,,,
22,2,Office_Uncategorized,,,,,,
22,3,Office_Uncategorized,,,,,,
22,4,Office_Uncategorized,,,,,,
22,5,Office_Uncategorized,,,,,,
22,Aggregated,Office_Uncategorized,,,,,,
22,Centralized,Office_Uncategorized,,,,,,
23,0,Office_Uncategorized,,,,,,
23,1,Office_Uncategorized,,,,,,
23,2,Office_Uncategorized,,,,,,
23,3,Office_Uncategorized,,,,,,
23,4,Office_Uncategorized,,,,,,
23,5,Office_Uncategorized,,,,,,
23,Aggregated,Office_Uncategorized,,,,,,
23,Centralized,Office_Uncategorized,,,,,,
0,0,Mixed_Use_Predominantly_Commercial,,,,,,
0,1,Mixed_Use_Predominantly_Commercial,,,,,,
0,2,Mixed_Use_Predominantly_Commercial,,,,,,
0,3,Mixed_Use_Predominantly_Commercial,,,,,,
0,4,Mixed_Use_Predominantly_Commercial,,,,,,
0,5,Mixed_Use_Predominantly_Commercial,,,,,,
0,Aggregated,Mixed_Use_Predominantly_Commercial,,,,,,
0,Centralized,Mixed_Use_Predominantly_Commercial,,,,,,
1,0,Mixed_Use_Predominantly_Commercial,,,,,,
1,1,Mixed_Use_Predominantly_Commercial,,,,,,
1,2,Mixed_Use_Predominantly_Commercial,,,,,,
1,3,Mixed_Use_Predominantly_Commercial,,,,,,
1,4,Mixed_Use_Predominantly_Commercial,,,,,,
1,5,Mixed_Use_Predominantly_Commercial,,,,,,
1,Aggregated,Mixed_Use_Predominantly_Commercial,,,,,,
1,Centralized,Mixed_Use_Predominantly_Commercial,,,,,,
2,0,Mixed_Use_Predominantly_Commercial,,,,,,
2,1,Mixed_Use_Predominantly_Commercial,,,,,,
2,2,Mixed_Use_Predominantly_Commercial,,,,,,
2,3,Mixed_Use_Predominantly_Commercial,,,,,,
2,4,Mixed_Use_Predominantly_Commercial,,,,,,
2,5,Mixed_Use_Predominantly_Commercial,,,,,,
2,Aggregated,Mixed_Use_Predominantly_Commercial,,,,,,
2,Centralized,Mixed_Use_Predominantly_Commercial,,,,,,
3,0,Mixed_Use_Predominantly_Commercial,,,,,,
3,1,Mixed_Use_Predominantly_Commercial,,,,,,
3,2,Mixed_Use_Predominantly_Commercial,,,,,,
3,3,Mixed_Use_Predominantly_Commercial,,,,,,
3,4,Mixed_Use_Predominantly_Commercial,,,,,,
3,5,Mixed_Use_Predominantly_Commercial,,,,,,
3,Aggregated,Mixed_Use_Predominantly_Commercial,,,,,,
3,Centralized,Mixed_Use_Predominantly_Commercial,,,,,,
4,0,Mixed_Use_Predominantly_Commercial,,,,,,
4,1,Mixed_Use_Predominantly_Commercial,,,,,,
4,2,Mixed_Use_Predominantly_Commercial,,,,,,
4,3,Mixed_Use_Predominantly_Commercial,,,,,,
4,4,Mixed_Use_Predominantly_Commercial,,,,,,
4,5,Mixed_Use_Predominantly_Commercial,,,,,,
4,Aggregated,Mixed_Use_Predominantly_Commercial,,,,,,
4,Centralized,Mixed_Use_Predominantly_Commercial,,,,,,
5,0,Mixed_Use_Predominantly_Commercial,,,,,,
5,1,Mixed_Use_Predominantly_Commercial,,,,,,
5,2,Mixed_Use_Predominantly_Commercial,,,,,,
5,3,Mixed_Use_Predominantly_Commercial,,,,,,
5,4,Mixed_Use_Predominantly_Commercial,,,,,,
5,5,Mixed_Use_Predominantly_Commercial,,,,,,
5,Aggregated,Mixed_Use_Predominantly_Commercial,,,,,,
5,Centralized,Mixed_Use_Predominantly_Commercial,,,,,,
6,0,Mixed_Use_Predominantly_Commercial,,,,,,
6,1,Mixed_Use_Predominantly_Commercial,,,,,,
6,2,Mixed_Use_Predominantly_Commercial,,,,,,
6,3,Mixed_Use_Predominantly_Commercial,,,,,,
6,4,Mixed_Use_Predominantly_Commercial,,,,,,
6,5,Mixed_Use_Predominantly_Commercial,,,,,,
6,Aggregated,Mixed_Use_Predominantly_Commercial,,,,,,
6,Centralized,Mixed_Use_Predominantly_Commercial,,,,,,
7,0,Mixed_Use_Predominantly_Commercial,,,,,,
7,1,Mixed_Use_Predominantly_Commercial,,,,,,
7,2,Mixed_Use_Predominantly_Commercial,,,,,,
7,3,Mixed_Use_Predominantly_Commercial,,,,,,
7,4,Mixed_Use_Predominantly_Commercial,,,,,,
7,5,Mixed_Use_Predominantly_Commercial,,,,,,
7,Aggregated,Mixed_Use_Predominantly_Commercial,,,,,,
7,Centralized,Mixed_Use_Predominantly_Commercial,,,,,,
8,0,Mixed_Use_Predominantly_Commercial,,,,,,
8,1,Mixed_Use_Predominantly_Commercial,,,,,,
8,2,Mixed_Use_Predominantly_Commercial,,,,,,
8,3,Mixed_Use_Predominantly_Commercial,,,,,,
8,4,Mixed_Use_Predominantly_Commercial,,,,,,
8,5,Mixed_Use_Predominantly_Commercial,,,,,,
8,Aggregated,Mixed_Use_Predominantly_Commercial,,,,,,
8,Centralized,Mixed_Use_Predominantly_Commercial,,,,,,
9,0,Mixed_Use_Predominantly_Commercial,,,,,,
9,1,Mixed_Use_Predominantly_Commercial,,,,,,
9,2,Mixed_Use_Predominantly_Commercial,,,,,,
9,3,Mixed_Use_Predominantly_Commercial,,,,,,
9,4,Mixed_Use_Predominantly_Commercial,,,,,,
9,5,Mixed_Use_Predominantly_Commercial,,,,,,
9,Aggregated,Mixed_Use_Predominantly_Commercial,,,,,,
9,Centralized,Mixed_Use_Predominantly_Commercial,,,,,,
10,0,Mixed_Use_Predominantly_Commercial,,,,,,
10,1,Mixed_Use_Predominantly_Commercial,,,,,,
10,2,Mixed_Use_Predominantly_Commercial,,,,,,
10,3,Mixed_Use_Predominantly_Commercial,,,,,,
10,4,Mixed_Use_Predominantly_Commercial,,,,,,
10,5,Mixed_Use_Predominantly_Commercial,,,,,,
10,Aggregated,Mixed_Use_Predominantly_Commercial,,,,,,
10,Centralized,Mixed_Use_Predominantly_Commercial,,,,,,
11,0,Mixed_Use_Predominantly_Commercial,,,,,,
11,1,Mixed_Use_Predominantly_Commercial,,,,,,
11,2,Mixed_Use_Predominantly_Commercial,,,,,,
11,3,Mixed_Use_Predominantly_Commercial,,,,,,
11,4,Mixed_Use_Predominantly_Commercial,,,,,,
11,5,Mixed_Use_Predominantly_Commercial,,,,,,
11,Aggregated,Mixed_Use_Predominantly_Commercial,,,,,,
11,Centralized,Mixed_Use_Predominantly_Commercial,,,,,,
12,0,Mixed_Use_Predominantly_Commercial,,,,,,
12,1,Mixed_Use_Predominantly_Commercial,,,,,,
12,2,Mixed_Use_Predominantly_Commercial,,,,,,
12,3,Mixed_Use_Predominantly_Commercial,,,,,,
12,4,Mixed_Use_Predominantly_Commercial,,,,,,
12,5,Mixed_Use_Predominantly_Commercial,,,,,,
12,Aggregated,Mixed_Use_Predominantly_Commercial,,,,,,
12,Centralized,Mixed_Use_Predominantly_Commercial,,,,,,
13,0,Mixed_Use_Predominantly_Commercial,,,,,,
13,1,Mixed_Use_Predominantly_Commercial,,,,,,
13,2,Mixed_Use_Predominantly_Commercial,,,,,,
13,3,Mixed_Use_Predominantly_Commercial,,,,,,
13,4,Mixed_Use_Predominantly_Commercial,,,,,,
13,5,Mixed_Use_Predominantly_Commercial,,,,,,
13,Aggregated,Mixed_Use_Predominantly_Commercial,,,,,,
13,Centralized,Mixed_Use_Predominantly_Commercial,,,,,,
14,0,Mixed_Use_Predominantly_Commercial,,,,,,
14,1,Mixed_Use_Predominantly_Commercial,,,,,,
14,2,Mixed_Use_Predominantly_Commercial,,,,,,
14,3,Mixed_Use_Predominantly_Commercial,,,,,,
14,4,Mixed_Use_Predominantly_Commercial,,,,,,
14,5,Mixed_Use_Predominantly_Commercial,,,,,,
14,Aggregated,Mixed_Use_Predominantly_Commercial,,,,,,
14,Centralized,Mixed_Use_Predominantly_Commercial,,,,,,
15,0,Mixed_Use_Predominantly_Commercial,,,,,,
15,1,Mixed_Use_Predominantly_Commercial,,,,,,
15,2,Mixed_Use_Predominantly_Commercial,,,,,,
15,3,Mixed_Use_Predominantly_Commercial,,,,,,
15,4,Mixed_Use_Predominantly_Commercial,,,,,,
15,5,Mixed_Use_Predominantly_Commercial,,,,,,
15,Aggregated,Mixed_Use_Predominantly_Commercial,,,,,,
15,Centralized,Mixed_Use_Predominantly_Commercial,,,,,,
16,0,Mixed_Use_Predominantly_Commercial,,,,,,
16,1,Mixed_Use_Predominantly_Commercial,,,,,,
16,2,Mixed_Use_Predominantly_Commercial,,,,,,
16,3,Mixed_Use_Predominantly_Commercial,,,,,,
16,4,Mixed_Use_Predominantly_Commercial,,,,,,
16,5,Mixed_Use_Predominantly_Commercial,,,,,,
16,Aggregated,Mixed_Use_Predominantly_Commercial,,,,,,
16,Centralized,Mixed_Use_Predominantly_Commercial,,,,,,
17,0,Mixed_Use_Predominantly_Commercial,,,,,,
17,1,Mixed_Use_Predominantly_Commercial,,,,,,
17,2,Mixed_Use_Predominantly_Commercial,,,,,,
17,3,Mixed_Use_Predominantly_Commercial,,,,,,
17,4,Mixed_Use_Predominantly_Commercial,,,,,,
17,5,Mixed_Use_Predominantly_Commercial,,,,,,
17,Aggregated,Mixed_Use_Predominantly_Commercial,,,,,,
17,Centralized,Mixed_Use_Predominantly_Commercial,,,,,,
18,0,Mixed_Use_Predominantly_Commercial,,,,,,
18,1,Mixed_Use_Predominantly_Commercial,,,,,,
18,2,Mixed_Use_Predominantly_Commercial,,,,,,
18,3,Mixed_Use_Predominantly_Commercial,,,,,,
18,4,Mixed_Use_Predominantly_Commercial,,,,,,
18,5,Mixed_Use_Predominantly_Commercial,,,,,,
18,Aggregated,Mixed_Use_Predominantly_Commercial,,,,,,
18,Centralized,Mixed_Use_Predominantly_Commercial,,,,,,
19,0,Mixed_Use_Predominantly_Commercial,,,,,,
19,1,Mixed_Use_Predominantly_Commercial,,,,,,
19,2,Mixed_Use_Predominantly_Commercial,,,,,,
19,3,Mixed_Use_Predominantly_Commercial,,,,,,
19,4,Mixed_Use_Predominantly_Commercial,,,,,,
19,5,Mixed_Use_Predominantly_Commercial,,,,,,
19,Aggregated,Mixed_Use_Predominantly_Commercial,,,,,,
19,Centralized,Mixed_Use_Predominantly_Commercial,,,,,,
20,0,Mixed_Use_Predominantly_Commercial,,,,,,
20,1,Mixed_Use_Predominantly_Commercial,,,,,,
20,2,Mixed_Use_Predominantly_Commercial,,,,,,
20,3,Mixed_Use_Predominantly_Commercial,,,,,,
20,4,Mixed_Use_Predominantly_Commercial,,,,,,
20,5,Mixed_Use_Predominantly_Commercial,,,,,,
20,Aggregated,Mixed_Use_Predominantly_Commercial,,,,,,
20,Centralized,Mixed_Use_Predominantly_Commercial,,,,,,
21,0,Mixed_Use_Predominantly_Commercial,,,,,,
21,1,Mixed_Use_Predominantly_Commercial,,,,,,
21,2,Mixed_Use_Predominantly_Commercial,,,,,,
21,3,Mixed_Use_Predominantly_Commercial,,,,,,
21,4,Mixed_Use_Predominantly_Commercial,,,,,,
21,5,Mixed_Use_Predominantly_Commercial,,,,,,
21,Aggregated,Mixed_Use_Predominantly_Commercial,,,,,,
21,Centralized,Mixed_Use_Predominantly_Commercial,,,,,,
22,0,Mixed_Use_Predominantly_Commercial,,,,,,
22,1,Mixed_Use_Predominantly_Commercial,,,,,,
22,2,Mixed_Use_Predominantly_Commercial,,,,,,
22,3,Mixed_Use_Predominantly_Commercial,,,,,,
22,4,Mixed_Use_Predominantly_Commercial,,,,,,
22,5,Mixed_Use_Predominantly_Commercial,,,,,,
22,Aggregated,Mixed_Use_Predominantly_Commercial,,,,,,
22,Centralized,Mixed_Use_Predominantly_Commercial,,,,,,
23,0,Mixed_Use_Predominantly_Commercial,,,,,,
23,1,Mixed_Use_Predominantly_Commercial,,,,,,
23,2,Mixed_Use_Predominantly_Commercial,,,,,,
23,3,Mixed_Use_Predominantly_Commercial,,,,,,
23,4,Mixed_Use_Predominantly_Commercial,,,,,,
23,5,Mixed_Use_Predominantly_Commercial,,,,,,
23,Aggregated,Mixed_Use_Predominantly_Commercial,,,,,,
23,Centralized,Mixed_Use_Predominantly_Commercial,,,,,,
0,0,Laboratory,,,,,,
0,1,Laboratory,,,,,,
0,2,Laboratory,,,,,,
0,3,Laboratory,,,,,,
0,4,Laboratory,,,,,,
0,5,Laboratory,,,,,,
0,Aggregated,Laboratory,,,,,,
0,Centralized,Laboratory,,,,,,
1,0,Laboratory,,,,,,
1,1,Laboratory,,,,,,
1,2,Laboratory,,,,,,
1,3,Laboratory,,,,,,
1,4,Laboratory,,,,,,
1,5,Laboratory,,,,,,
1,Aggregated,Laboratory,,,,,,
1,Centralized,Laboratory,,,,,,
2,0,Laboratory,,,,,,
2,1,Laboratory,,,,,,
2,2,Laboratory,,,,,,
2,3,Laboratory,,,,,,
2,4,Laboratory,,,,,,
2,5,Laboratory,,,,,,
2,Aggregated,Laboratory,,,,,,
2,Centralized,Laboratory,,,,,,
3,0,Laboratory,,,,,,
3,1,Laboratory,,,,,,
3,2,Laboratory,,,,,,
3,3,Laboratory,,,,,,
3,4,Laboratory,,,,,,
3,5,Laboratory,,,,,,
3,Aggregated,Laboratory,,,,,,
3,Centralized,Laboratory,,,,,,
4,0,Laboratory,,,,,,
4,1,Laboratory,,,,,,
4,2,Laboratory,,,,,,
4,3,Laboratory,,,,,,
4,4,Laboratory,,,,,,
4,5,Laboratory,,,,,,
4,Aggregated,Laboratory,,,,,,
4,Centralized,Laboratory,,,,,,
5,0,Laboratory,,,,,,
5,1,Laboratory,,,,,,
5,2,Laboratory,,,,,,
5,3,Laboratory,,,,,,
5,4,Laboratory,,,,,,
5,5,Laboratory,,,,,,
5,Aggregated,Laboratory,,,,,,
5,Centralized,Laboratory,,,,,,
6,0,Laboratory,,,,,,
6,1,Laboratory,,,,,,
6,2,Laboratory,,,,,,
6,3,Laboratory,,,,,,
6,4,Laboratory,,,,,,
6,5,Laboratory,,,,,,
6,Aggregated,Laboratory,,,,,,
6,Centralized,Laboratory,,,,,,
7,0,Laboratory,,,,,,
7,1,Laboratory,,,,,,
7,2,Laboratory,,,,,,
7,3,Laboratory,,,,,,
7,4,Laboratory,,,,,,
7,5,Laboratory,,,,,,
7,Aggregated,Laboratory,,,,,,
7,Centralized,Laboratory,,,,,,
8,0,Laboratory,,,,,,
8,1,Laboratory,,,,,,
8,2,Laboratory,,,,,,
8,3,Laboratory,,,,,,
8,4,Laboratory,,,,,,
8,5,Laboratory,,,,,,
8,Aggregated,Laboratory,,,,,,
8,Centralized,Laboratory,,,,,,
9,0,Laboratory,,,,,,
9,1,Laboratory,,,,,,
9,2,Laboratory,,,,,,
9,3,Laboratory,,,,,,
9,4,Laboratory,,,,,,
9,5,Laboratory,,,,,,
9,Aggregated,Laboratory,,,,,,
9,Centralized,Laboratory,,,,,,
10,0,Laboratory,,,,,,
10,1,Laboratory,,,,,,
10,2,Laboratory,,,,,,
10,3,Laboratory,,,,,,
10,4,Laboratory,,,,,,
10,5,Laboratory,,,,,,
10,Aggregated,Laboratory,,,,,,
10,Centralized,Laboratory,,,,,,
11,0,Laboratory,,,,,,
11,1,Laboratory,,,,,,
11,2,Laboratory,,,,,,
11,3,Laboratory,,,,,,
11,4,Laboratory,,,,,,
11,5,Laboratory,,,,,,
11,Aggregated,Laboratory,,,,,,
11,Centralized,Laboratory,,,,,,
12,0,Laboratory,,,,,,
12,1,Laboratory,,,,,,
12,2,Laboratory,,,,,,
12,3,Laboratory,,,,,,
12,4,Laboratory,,,,,,
12,5,Laboratory,,,,,,
12,Aggregated,Laboratory,,,,,,
12,Centralized,Laboratory,,,,,,
13,0,Laboratory,,,,,,
13,1,Laboratory,,,,,,
13,2,Laboratory,,,,,,
13,3,Laboratory,,,,,,
13,4,Laboratory,,,,,,
13,5,Laboratory,,,,,,
13,Aggregated,Laboratory,,,,,,
13,Centralized,Laboratory,,,,,,
14,0,Laboratory,,,,,,
14,1,Laboratory,,,,,,
14,2,Laboratory,,,,,,
14,3,Laboratory,,,,,,
14,4,Laboratory,,,,,,
14,5,Laboratory,,,,,,
14,Aggregated,Laboratory,,,,,,
14,Centralized,Laboratory,,,,,,
15,0,Laboratory,,,,,,
15,1,Laboratory,,,,,,
15,2,Laboratory,,,,,,
15,3,Laboratory,,,,,,
15,4,Laboratory,,,,,,
15,5,Laboratory,,,,,,
15,Aggregated,Laboratory,,,,,,
15,Centralized,Laboratory,,,,,,
16,0,Laboratory,,,,,,
16,1,Laboratory,,,,,,
16,2,Laboratory,,,,,,
16,3,Laboratory,,,,,,
16,4,Laboratory,,,,,,
16,5,Laboratory,,,,,,
16,Aggregated,Laboratory,,,,,,
16,Centralized,Laboratory,,,,,,
17,0,Laboratory,,,,,,
17,1,Laboratory,,,,,,
17,2,Laboratory,,,,,,
17,3,Laboratory,,,,,,
17,4,Laboratory,,,,,,
17,5,Laboratory,,,,,,
17,Aggregated,Laboratory,,,,,,
17,Centralized,Laboratory,,,,,,
18,0,Laboratory,,,,,,
18,1,Laboratory,,,,,,
18,2,Laboratory,,,,,,
18,3,Laboratory,,,,,,
18,4,Laboratory,,,,,,
18,5,Laboratory,,,,,,
18,Aggregated,Laboratory,,,,,,
18,Centralized,Laboratory,,,,,,
19,0,Laboratory,,,,,,
19,1,Laboratory,,,,,,
19,2,Laboratory,,,,,,
19,3,Laboratory,,,,,,
19,4,Laboratory,,,,,,
19,5,Laboratory,,,,,,
19,Aggregated,Laboratory,,,,,,
19,Centralized,Laboratory,,,,,,
20,0,Laboratory,,,,,,
20,1,Laboratory,,,,,,
20,2,Laboratory,,,,,,
20,3,Laboratory,,,,,,
20,4,Laboratory,,,,,,
20,5,Laboratory,,,,,,
20,Aggregated,Laboratory,,,,,,
20,Centralized,Laboratory,,,,,,
21,0,Laboratory,,,,,,
21,1,Laboratory,,,,,,
21,2,Laboratory,,,,,,
21,3,Laboratory,,,,,,
21,4,Laboratory,,,,,,
21,5,Laboratory,,,,,,
21,Aggregated,Laboratory,,,,,,
21,Centralized,Laboratory,,,,,,
22,0,Laboratory,,,,,,
22,1,Laboratory,,,,,,
22,2,Laboratory,,,,,,
22,3,Laboratory,,,,,,
22,4,Laboratory,,,,,,
22,5,Laboratory,,,,,,
22,Aggregated,Laboratory,,,,,,
22,Centralized,Laboratory,,,,,,
23,0,Laboratory,,,,,,
23,1,Laboratory,,,,,,
23,2,Laboratory,,,,,,
23,3,Laboratory,,,,,,
23,4,Laboratory,,,,,,
23,5,Laboratory,,,,,,
23,Aggregated,Laboratory,,,,,,
23,Centralized,Laboratory,,,,,,
0,0,Lodging_Dormitory_or_fraternity_sorority,,,,,,
0,1,Lodging_Dormitory_or_fraternity_sorority,,,,,,
0,2,Lodging_Dormitory_or_fraternity_sorority,,,,,,
0,3,Lodging_Dormitory_or_fraternity_sorority,,,,,,
0,4,Lodging_Dormitory_or_fraternity_sorority,,,,,,
0,5,Lodging_Dormitory_or_fraternity_sorority,,,,,,
0,Aggregated,Lodging_Dormitory_or_fraternity_sorority,,,,,,
0,Centralized,Lodging_Dormitory_or_fraternity_sorority,,,,,,
1,0,Lodging_Dormitory_or_fraternity_sorority,,,,,,
1,1,Lodging_Dormitory_or_fraternity_sorority,,,,,,
1,2,Lodging_Dormitory_or_fraternity_sorority,,,,,,
1,3,Lodging_Dormitory_or_fraternity_sorority,,,,,,
1,4,Lodging_Dormitory_or_fraternity_sorority,,,,,,
1,5,Lodging_Dormitory_or_fraternity_sorority,,,,,,
1,Aggregated,Lodging_Dormitory_or_fraternity_sorority,,,,,,
1,Centralized,Lodging_Dormitory_or_fraternity_sorority,,,,,,
2,0,Lodging_Dormitory_or_fraternity_sorority,,,,,,
2,1,Lodging_Dormitory_or_fraternity_sorority,,,,,,
2,2,Lodging_Dormitory_or_fraternity_sorority,,,,,,
2,3,Lodging_Dormitory_or_fraternity_sorority,,,,,,
2,4,Lodging_Dormitory_or_fraternity_sorority,,,,,,
2,5,Lodging_Dormitory_or_fraternity_sorority,,,,,,
2,Aggregated,Lodging_Dormitory_or_fraternity_sorority,,,,,,
2,Centralized,Lodging_Dormitory_or_fraternity_sorority,,,,,,
3,0,Lodging_Dormitory_or_fraternity_sorority,,,,,,
3,1,Lodging_Dormitory_or_fraternity_sorority,,,,,,
3,2,Lodging_Dormitory_or_fraternity_sorority,,,,,,
3,3,Lodging_Dormitory_or_fraternity_sorority,,,,,,
3,4,Lodging_Dormitory_or_fraternity_sorority,,,,,,
3,5,Lodging_Dormitory_or_fraternity_sorority,,,,,,
3,Aggregated,Lodging_Dormitory_or_fraternity_sorority,,,,,,
3,Centralized,Lodging_Dormitory_or_fraternity_sorority,,,,,,
4,0,Lodging_Dormitory_or_fraternity_sorority,,,,,,
4,1,Lodging_Dormitory_or_fraternity_sorority,,,,,,
4,2,Lodging_Dormitory_or_fraternity_sorority,,,,,,
4,3,Lodging_Dormitory_or_fraternity_sorority,,,,,,
4,4,Lodging_Dormitory_or_fraternity_sorority,,,,,,
4,5,Lodging_Dormitory_or_fraternity_sorority,,,,,,
4,Aggregated,Lodging_Dormitory_or_fraternity_sorority,,,,,,
4,Centralized,Lodging_Dormitory_or_fraternity_sorority,,,,,,
5,0,Lodging_Dormitory_or_fraternity_sorority,,,,,,
5,1,Lodging_Dormitory_or_fraternity_sorority,,,,,,
5,2,Lodging_Dormitory_or_fraternity_sorority,,,,,,
5,3,Lodging_Dormitory_or_fraternity_sorority,,,,,,
5,4,Lodging_Dormitory_or_fraternity_sorority,,,,,,
5,5,Lodging_Dormitory_or_fraternity_sorority,,,,,,
5,Aggregated,Lodging_Dormitory_or_fraternity_sorority,,,,,,
5,Centralized,Lodging_Dormitory_or_fraternity_sorority,,,,,,
6,0,Lodging_Dormitory_or_fraternity_sorority,,,,,,
6,1,Lodging_Dormitory_or_fraternity_sorority,,,,,,
6,2,Lodging_Dormitory_or_fraternity_sorority,,,,,,
6,3,Lodging_Dormitory_or_fraternity_sorority,,,,,,
6,4,Lodging_Dormitory_or_fraternity_sorority,,,,,,
6,5,Lodging_Dormitory_or_fraternity_sorority,,,,,,
6,Aggregated,Lodging_Dormitory_or_fraternity_sorority,,,,,,
6,Centralized,Lodging_Dormitory_or_fraternity_sorority,,,,,,
7,0,Lodging_Dormitory_or_fraternity_sorority,,,,,,
7,1,Lodging_Dormitory_or_fraternity_sorority,,,,,,
7,2,Lodging_Dormitory_or_fraternity_sorority,,,,,,
7,3,Lodging_Dormitory_or_fraternity_sorority,,,,,,
7,4,Lodging_Dormitory_or_fraternity_sorority,,,,,,
7,5,Lodging_Dormitory_or_fraternity_sorority,,,,,,
7,Aggregated,Lodging_Dormitory_or_fraternity_sorority,,,,,,
7,Centralized,Lodging_Dormitory_or_fraternity_sorority,,,,,,
8,0,Lodging_Dormitory_or_fraternity_sorority,,,,,,
8,1,Lodging_Dormitory_or_fraternity_sorority,,,,,,
8,2,Lodging_Dormitory_or_fraternity_sorority,,,,,,
8,3,Lodging_Dormitory_or_fraternity_sorority,,,,,,
8,4,Lodging_Dormitory_or_fraternity_sorority,,,,,,
8,5,Lodging_Dormitory_or_fraternity_sorority,,,,,,
8,Aggregated,Lodging_Dormitory_or_fraternity_sorority,,,,,,
8,Centralized,Lodging_Dormitory_or_fraternity_sorority,,,,,,
9,0,Lodging_Dormitory_or_fraternity_sorority,,,,,,
9,1,Lodging_Dormitory_or_fraternity_sorority,,,,,,
9,2,Lodging_Dormitory_or_fraternity_sorority,,,,,,
9,3,Lodging_Dormitory_or_fraternity_sorority,,,,,,
9,4,Lodging_Dormitory_or_fraternity_sorority,,,,,,
9,5,Lodging_Dormitory_or_fraternity_sorority,,,,,,
9,Aggregated,Lodging_Dormitory_or_fraternity_sorority,,,,,,
9,Centralized,Lodging_Dormitory_or_fraternity_sorority,,,,,,
10,0,Lodging_Dormitory_or_fraternity_sorority,,,,,,
10,1,Lodging_Dormitory_or_fraternity_sorority,,,,,,
10,2,Lodging_Dormitory_or_fraternity_sorority,,,,,,
10,3,Lodging_Dormitory_or_fraternity_sorority,,,,,,
10,4,Lodging_Dormitory_or_fraternity_sorority,,,,,,
10,5,Lodging_Dormitory_or_fraternity_sorority,,,,,,
10,Aggregated,Lodging_Dormitory_or_fraternity_sorority,,,,,,
10,Centralized,Lodging_Dormitory_or_fraternity_sorority,,,,,,
11,0,Lodging_Dormitory_or_fraternity_sorority,,,,,,
11,1,Lodging_Dormitory_or_fraternity_sorority,,,,,,
11,2,Lodging_Dormitory_or_fraternity_sorority,,,,,,
11,3,Lodging_Dormitory_or_fraternity_sorority,,,,,,
11,4,Lodging_Dormitory_or_fraternity_sorority,,,,,,
11,5,Lodging_Dormitory_or_fraternity_sorority,,,,,,
11,Aggregated,Lodging_Dormitory_or_fraternity_sorority,,,,,,
11,Centralized,Lodging_Dormitory_or_fraternity_sorority,,,,,,
12,0,Lodging_Dormitory_or_fraternity_sorority,,,,,,
12,1,Lodging_Dormitory_or_fraternity_sorority,,,,,,
12,2,Lodging_Dormitory_or_fraternity_sorority,,,,,,
12,3,Lodging_Dormitory_or_fraternity_sorority,,,,,,
12,4,Lodging_Dormitory_or_fraternity_sorority,,,,,,
12,5,Lodging_Dormitory_or_fraternity_sorority,,,,,,
12,Aggregated,Lodging_Dormitory_or_fraternity_sorority,,,,,,
12,Centralized,Lodging_Dormitory_or_fraternity_sorority,,,,,,
13,0,Lodging_Dormitory_or_fraternity_sorority,,,,,,
13,1,Lodging_Dormitory_or_fraternity_sorority,,,,,,
13,2,Lodging_Dormitory_or_fraternity_sorority,,,,,,
13,3,Lodging_Dormitory_or_fraternity_sorority,,,,,,
13,4,Lodging_Dormitory_or_fraternity_sorority,,,,,,
13,5,Lodging_Dormitory_or_fraternity_sorority,,,,,,
13,Aggregated,Lodging_Dormitory_or_fraternity_sorority,,,,,,
13,Centralized,Lodging_Dormitory_or_fraternity_sorority,,,,,,
14,0,Lodging_Dormitory_or_fraternity_sorority,,,,,,
14,1,Lodging_Dormitory_or_fraternity_sorority,,,,,,
14,2,Lodging_Dormitory_or_fraternity_sorority,,,,,,
14,3,Lodging_Dormitory_or_fraternity_sorority,,,,,,
14,4,Lodging_Dormitory_or_fraternity_sorority,,,,,,
14,5,Lodging_Dormitory_or_fraternity_sorority,,,,,,
14,Aggregated,Lodging_Dormitory_or_fraternity_sorority,,,,,,
14,Centralized,Lodging_Dormitory_or_fraternity_sorority,,,,,,
15,0,Lodging_Dormitory_or_fraternity_sorority,,,,,,
15,1,Lodging_Dormitory_or_fraternity_sorority,,,,,,
15,2,Lodging_Dormitory_or_fraternity_sorority,,,,,,
15,3,Lodging_Dormitory_or_fraternity_sorority,,,,,,
15,4,Lodging_Dormitory_or_fraternity_sorority,,,,,,
15,5,Lodging_Dormitory_or_fraternity_sorority,,,,,,
15,Aggregated,Lodging_Dormitory_or_fraternity_sorority,,,,,,
15,Centralized,Lodging_Dormitory_or_fraternity_sorority,,,,,,
16,0,Lodging_Dormitory_or_fraternity_sorority,,,,,,
16,1,Lodging_Dormitory_or_fraternity_sorority,,,,,,
16,2,Lodging_Dormitory_or_fraternity_sorority,,,,,,
16,3,Lodging_Dormitory_or_fraternity_sorority,,,,,,
16,4,Lodging_Dormitory_or_fraternity_sorority,,,,,,
16,5,Lodging_Dormitory_or_fraternity_sorority,,,,,,
16,Aggregated,Lodging_Dormitory_or_fraternity_sorority,,,,,,
16,Centralized,Lodging_Dormitory_or_fraternity_sorority,,,,,,
17,0,Lodging_Dormitory_or_fraternity_sorority,,,,,,
17,1,Lodging_Dormitory_or_fraternity_sorority,,,,,,
17,2,Lodging_Dormitory_or_fraternity_sorority,,,,,,
17,3,Lodging_Dormitory_or_fraternity_sorority,,,,,,
17,4,Lodging_Dormitory_or_fraternity_sorority,,,,,,
17,5,Lodging_Dormitory_or_fraternity_sorority,,,,,,
17,Aggregated,Lodging_Dormitory_or_fraternity_sorority,,,,,,
17,Centralized,Lodging_Dormitory_or_fraternity_sorority,,,,,,
18,0,Lodging_Dormitory_or_fraternity_sorority,,,,,,
18,1,Lodging_Dormitory_or_fraternity_sorority,,,,,,
18,2,Lodging_Dormitory_or_fraternity_sorority,,,,,,
18,3,Lodging_Dormitory_or_fraternity_sorority,,,,,,
18,4,Lodging_Dormitory_or_fraternity_sorority,,,,,,
18,5,Lodging_Dormitory_or_fraternity_sorority,,,,,,
18,Aggregated,Lodging_Dormitory_or_fraternity_sorority,,,,,,
18,Centralized,Lodging_Dormitory_or_fraternity_sorority,,,,,,
19,0,Lodging_Dormitory_or_fraternity_sorority,,,,,,
19,1,Lodging_Dormitory_or_fraternity_sorority,,,,,,
19,2,Lodging_Dormitory_or_fraternity_sorority,,,,,,
19,3,Lodging_Dormitory_or_fraternity_sorority,,,,,,
19,4,Lodging_Dormitory_or_fraternity_sorority,,,,,,
19,5,Lodging_Dormitory_or_fraternity_sorority,,,,,,
19,Aggregated,Lodging_Dormitory_or_fraternity_sorority,,,,,,
19,Centralized,Lodging_Dormitory_or_fraternity_sorority,,,,,,
20,0,Lodging_Dormitory_or_fraternity_sorority,,,,,,
20,1,Lodging_Dormitory_or_fraternity_sorority,,,,,,
20,2,Lodging_Dormitory_or_fraternity_sorority,,,,,,
20,3,Lodging_Dormitory_or_fraternity_sorority,,,,,,
20,4,Lodging_Dormitory_or_fraternity_sorority,,,,,,
20,5,Lodging_Dormitory_or_fraternity_sorority,,,,,,
20,Aggregated,Lodging_Dormitory_or_fraternity_sorority,,,,,,
20,Centralized,Lodging_Dormitory_or_fraternity_sorority,,,,,,
21,0,Lodging_Dormitory_or_fraternity_sorority,,,,,,
21,1,Lodging_Dormitory_or_fraternity_sorority,,,,,,
21,2,Lodging_Dormitory_or_fraternity_sorority,,,,,,
21,3,Lodging_Dormitory_or_fraternity_sorority,,,,,,
21,4,Lodging_Dormitory_or_fraternity_sorority,,,,,,
21,5,Lodging_Dormitory_or_fraternity_sorority,,,,,,
21,Aggregated,Lodging_Dormitory_or_fraternity_sorority,,,,,,
21,Centralized,Lodging_Dormitory_or_fraternity_sorority,,,,,,
22,0,Lodging_Dormitory_or_fraternity_sorority,,,,,,
22,1,Lodging_Dormitory_or_fraternity_sorority,,,,,,
22,2,Lodging_Dormitory_or_fraternity_sorority,,,,,,
22,3,Lodging_Dormitory_or_fraternity_sorority,,,,,,
22,4,Lodging_Dormitory_or_fraternity_sorority,,,,,,
22,5,Lodging_Dormitory_or_fraternity_sorority,,,,,,
22,Aggregated,Lodging_Dormitory_or_fraternity_sorority,,,,,,
22,Centralized,Lodging_Dormitory_or_fraternity_sorority,,,,,,
23,0,Lodging_Dormitory_or_fraternity_sorority,,,,,,
23,1,Lodging_Dormitory_or_fraternity_sorority,,,,,,
23,2,Lodging_Dormitory_or_fraternity_sorority,,,,,,
23,3,Lodging_Dormitory_or_fraternity_sorority,,,,,,
23,4,Lodging_Dormitory_or_fraternity_sorority,,,,,,
23,5,Lodging_Dormitory_or_fraternity_sorority,,,,,,
23,Aggregated,Lodging_Dormitory_or_fraternity_sorority,,,,,,
23,Centralized,Lodging_Dormitory_or_fraternity_sorority,,,,,,
0,0,Public_Assembly_Social_meeting,,,,,,
0,1,Public_Assembly_Social_meeting,,,,,,
0,2,Public_Assembly_Social_meeting,,,,,,
0,3,Public_Assembly_Social_meeting,,,,,,
0,4,Public_Assembly_Social_meeting,,,,,,
0,5,Public_Assembly_Social_meeting,,,,,,
0,Aggregated,Public_Assembly_Social_meeting,,,,,,
0,Centralized,Public_Assembly_Social_meeting,,,,,,
1,0,Public_Assembly_Social_meeting,,,,,,
1,1,Public_Assembly_Social_meeting,,,,,,
1,2,Public_Assembly_Social_meeting,,,,,,
1,3,Public_Assembly_Social_meeting,,,,,,
1,4,Public_Assembly_Social_meeting,,,,,,
1,5,Public_Assembly_Social_meeting,,,,,,
1,Aggregated,Public_Assembly_Social_meeting,,,,,,
1,Centralized,Public_Assembly_Social_meeting,,,,,,
2,0,Public_Assembly_Social_meeting,,,,,,
2,1,Public_Assembly_Social_meeting,,,,,,
2,2,Public_Assembly_Social_meeting,,,,,,
2,3,Public_Assembly_Social_meeting,,,,,,
2,4,Public_Assembly_Social_meeting,,,,,,
2,5,Public_Assembly_Social_meeting,,,,,,
2,Aggregated,Public_Assembly_Social_meeting,,,,,,
2,Centralized,Public_Assembly_Social_meeting,,,,,,
3,0,Public_Assembly_Social_meeting,,,,,,
3,1,Public_Assembly_Social_meeting,,,,,,
3,2,Public_Assembly_Social_meeting,,,,,,
3,3,Public_Assembly_Social_meeting,,,,,,
3,4,Public_Assembly_Social_meeting,,,,,,
3,5,Public_Assembly_Social_meeting,,,,,,
3,Aggregated,Public_Assembly_Social_meeting,,,,,,
3,Centralized,Public_Assembly_Social_meeting,,,,,,
4,0,Public_Assembly_Social_meeting,,,,,,
4,1,Public_Assembly_Social_meeting,,,,,,
4,2,Public_Assembly_Social_meeting,,,,,,
4,3,Public_Assembly_Social_meeting,,,,,,
4,4,Public_Assembly_Social_meeting,,,,,,
4,5,Public_Assembly_Social_meeting,,,,,,
4,Aggregated,Public_Assembly_Social_meeting,,,,,,
4,Centralized,Public_Assembly_Social_meeting,,,,,,
5,0,Public_Assembly_Social_meeting,,,,,,
5,1,Public_Assembly_Social_meeting,,,,,,
5,2,Public_Assembly_Social_meeting,,,,,,
5,3,Public_Assembly_Social_meeting,,,,,,
5,4,Public_Assembly_Social_meeting,,,,,,
5,5,Public_Assembly_Social_meeting,,,,,,
5,Aggregated,Public_Assembly_Social_meeting,,,,,,
5,Centralized,Public_Assembly_Social_meeting,,,,,,
6,0,Public_Assembly_Social_meeting,,,,,,
6,1,Public_Assembly_Social_meeting,,,,,,
6,2,Public_Assembly_Social_meeting,,,,,,
6,3,Public_Assembly_Social_meeting,,,,,,
6,4,Public_Assembly_Social_meeting,,,,,,
6,5,Public_Assembly_Social_meeting,,,,,,
6,Aggregated,Public_Assembly_Social_meeting,,,,,,
6,Centralized,Public_Assembly_Social_meeting,,,,,,
7,0,Public_Assembly_Social_meeting,,,,,,
7,1,Public_Assembly_Social_meeting,,,,,,
7,2,Public_Assembly_Social_meeting,,,,,,
7,3,Public_Assembly_Social_meeting,,,,,,
7,4,Public_Assembly_Social_meeting,,,,,,
7,5,Public_Assembly_Social_meeting,,,,,,
7,Aggregated,Public_Assembly_Social_meeting,,,,,,
7,Centralized,Public_Assembly_Social_meeting,,,,,,
8,0,Public_Assembly_Social_meeting,,,,,,
8,1,Public_Assembly_Social_meeting,,,,,,
8,2,Public_Assembly_Social_meeting,,,,,,
8,3,Public_Assembly_Social_meeting,,,,,,
8,4,Public_Assembly_Social_meeting,,,,,,
8,5,Public_Assembly_Social_meeting,,,,,,
8,Aggregated,Public_Assembly_Social_meeting,,,,,,
8,Centralized,Public_Assembly_Social_meeting,,,,,,
9,0,Public_Assembly_Social_meeting,,,,,,
9,1,Public_Assembly_Social_meeting,,,,,,
9,2,Public_Assembly_Social_meeting,,,,,,
9,3,Public_Assembly_Social_meeting,,,,,,
9,4,Public_Assembly_Social_meeting,,,,,,
9,5,Public_Assembly_Social_meeting,,,,,,
9,Aggregated,Public_Assembly_Social_meeting,,,,,,
9,Centralized,Public_Assembly_Social_meeting,,,,,,
10,0,Public_Assembly_Social_meeting,,,,,,
10,1,Public_Assembly_Social_meeting,,,,,,
10,2,Public_Assembly_Social_meeting,,,,,,
10,3,Public_Assembly_Social_meeting,,,,,,
10,4,Public_Assembly_Social_meeting,,,,,,
10,5,Public_Assembly_Social_meeting,,,,,,
10,Aggregated,Public_Assembly_Social_meeting,,,,,,
10,Centralized,Public_Assembly_Social_meeting,,,,,,
11,0,Public_Assembly_Social_meeting,,,,,,
11,1,Public_Assembly_Social_meeting,,,,,,
11,2,Public_Assembly_Social_meeting,,,,,,
11,3,Public_Assembly_Social_meeting,,,,,,
11,4,Public_Assembly_Social_meeting,,,,,,
11,5,Public_Assembly_Social_meeting,,,,,,
11,Aggregated,Public_Assembly_Social_meeting,,,,,,
11,Centralized,Public_Assembly_Social_meeting,,,,,,
12,0,Public_Assembly_Social_meeting,,,,,,
12,1,Public_Assembly_Social_meeting,,,,,,
12,2,Public_Assembly_Social_meeting,,,,,,
12,3,Public_Assembly_Social_meeting,,,,,,
12,4,Public_Assembly_Social_meeting,,,,,,
12,5,Public_Assembly_Social_meeting,,,,,,
12,Aggregated,Public_Assembly_Social_meeting,,,,,,
12,Centralized,Public_Assembly_Social_meeting,,,,,,
13,0,Public_Assembly_Social_meeting,,,,,,
13,1,Public_Assembly_Social_meeting,,,,,,
13,2,Public_Assembly_Social_meeting,,,,,,
13,3,Public_Assembly_Social_meeting,,,,,,
13,4,Public_Assembly_Social_meeting,,,,,,
13,5,Public_Assembly_Social_meeting,,,,,,
13,Aggregated,Public_Assembly_Social_meeting,,,,,,
13,Centralized,Public_Assembly_Social_meeting,,,,,,
14,0,Public_Assembly_Social_meeting,,,,,,
14,1,Public_Assembly_Social_meeting,,,,,,
14,2,Public_Assembly_Social_meeting,,,,,,
14,3,Public_Assembly_Social_meeting,,,,,,
14,4,Public_Assembly_Social_meeting,,,,,,
14,5,Public_Assembly_Social_meeting,,,,,,
14,Aggregated,Public_Assembly_Social_meeting,,,,,,
14,Centralized,Public_Assembly_Social_meeting,,,,,,
15,0,Public_Assembly_Social_meeting,,,,,,
15,1,Public_Assembly_Social_meeting,,,,,,
15,2,Public_Assembly_Social_meeting,,,,,,
15,3,Public_Assembly_Social_meeting,,,,,,
15,4,Public_Assembly_Social_meeting,,,,,,
15,5,Public_Assembly_Social_meeting,,,,,,
15,Aggregated,Public_Assembly_Social_meeting,,,,,,
15,Centralized,Public_Assembly_Social_meeting,,,,,,
16,0,Public_Assembly_Social_meeting,,,,,,
16,1,Public_Assembly_Social_meeting,,,,,,
16,2,Public_Assembly_Social_meeting,,,,,,
16,3,Public_Assembly_Social_meeting,,,,,,
16,4,Public_Assembly_Social_meeting,,,,,,
16,5,Public_Assembly_Social_meeting,,,,,,
16,Aggregated,Public_Assembly_Social_meeting,,,,,,
16,Centralized,Public_Assembly_Social_meeting,,,,,,
17,0,Public_Assembly_Social_meeting,,,,,,
17,1,Public_Assembly_Social_meeting,,,,,,
17,2,Public_Assembly_Social_meeting,,,,,,
17,3,Public_Assembly_Social_meeting,,,,,,
17,4,Public_Assembly_Social_meeting,,,,,,
17,5,Public_Assembly_Social_meeting,,,,,,
17,Aggregated,Public_Assembly_Social_meeting,,,,,,
17,Centralized,Public_Assembly_Social_meeting,,,,,,
18,0,Public_Assembly_Social_meeting,,,,,,
18,1,Public_Assembly_Social_meeting,,,,,,
18,2,Public_Assembly_Social_meeting,,,,,,
18,3,Public_Assembly_Social_meeting,,,,,,
18,4,Public_Assembly_Social_meeting,,,,,,
18,5,Public_Assembly_Social_meeting,,,,,,
18,Aggregated,Public_Assembly_Social_meeting,,,,,,
18,Centralized,Public_Assembly_Social_meeting,,,,,,
19,0,Public_Assembly_Social_meeting,,,,,,
19,1,Public_Assembly_Social_meeting,,,,,,
19,2,Public_Assembly_Social_meeting,,,,,,
19,3,Public_Assembly_Social_meeting,,,,,,
19,4,Public_Assembly_Social_meeting,,,,,,
19,5,Public_Assembly_Social_meeting,,,,,,
19,Aggregated,Public_Assembly_Social_meeting,,,,,,
19,Centralized,Public_Assembly_Social_meeting,,,,,,
20,0,Public_Assembly_Social_meeting,,,,,,
20,1,Public_Assembly_Social_meeting,,,,,,
20,2,Public_Assembly_Social_meeting,,,,,,
20,3,Public_Assembly_Social_meeting,,,,,,
20,4,Public_Assembly_Social_meeting,,,,,,
20,5,Public_Assembly_Social_meeting,,,,,,
20,Aggregated,Public_Assembly_Social_meeting,,,,,,
20,Centralized,Public_Assembly_Social_meeting,,,,,,
21,0,Public_Assembly_Social_meeting,,,,,,
21,1,Public_Assembly_Social_meeting,,,,,,
21,2,Public_Assembly_Social_meeting,,,,,,
21,3,Public_Assembly_Social_meeting,,,,,,
21,4,Public_Assembly_Social_meeting,,,,,,
21,5,Public_Assembly_Social_meeting,,,,,,
21,Aggregated,Public_Assembly_Social_meeting,,,,,,
21,Centralized,Public_Assembly_Social_meeting,,,,,,
22,0,Public_Assembly_Social_meeting,,,,,,
22,1,Public_Assembly_Social_meeting,,,,,,
22,2,Public_Assembly_Social_meeting,,,,,,
22,3,Public_Assembly_Social_meeting,,,,,,
22,4,Public_Assembly_Social_meeting,,,,,,
22,5,Public_Assembly_Social_meeting,,,,,,
22,Aggregated,Public_Assembly_Social_meeting,,,,,,
22,Centralized,Public_Assembly_Social_meeting,,,,,,
23,0,Public_Assembly_Social_meeting,,,,,,
23,1,Public_Assembly_Social_meeting,,,,,,
23,2,Public_Assembly_Social_meeting,,,,,,
23,3,Public_Assembly_Social_meeting,,,,,,
23,4,Public_Assembly_Social_meeting,,,,,,
23,5,Public_Assembly_Social_meeting,,,,,,
23,Aggregated,Public_Assembly_Social_meeting,,,,,,
23,Centralized,Public_Assembly_Social_meeting,,,,,,
0,0,Warehouse_Nonrefrigerated,,,,,,
0,1,Warehouse_Nonrefrigerated,,,,,,
0,2,Warehouse_Nonrefrigerated,,,,,,
0,3,Warehouse_Nonrefrigerated,,,,,,
0,4,Warehouse_Nonrefrigerated,,,,,,
0,5,Warehouse_Nonrefrigerated,,,,,,
0,Aggregated,Warehouse_Nonrefrigerated,,,,,,
0,Centralized,Warehouse_Nonrefrigerated,,,,,,
1,0,Warehouse_Nonrefrigerated,,,,,,
1,1,Warehouse_Nonrefrigerated,,,,,,
1,2,Warehouse_Nonrefrigerated,,,,,,
1,3,Warehouse_Nonrefrigerated,,,,,,
1,4,Warehouse_Nonrefrigerated,,,,,,
1,5,Warehouse_Nonrefrigerated,,,,,,
1,Aggregated,Warehouse_Nonrefrigerated,,,,,,
1,Centralized,Warehouse_Nonrefrigerated,,,,,,
2,0,Warehouse_Nonrefrigerated,,,,,,
2,1,Warehouse_Nonrefrigerated,,,,,,
2,2,Warehouse_Nonrefrigerated,,,,,,
2,3,Warehouse_Nonrefrigerated,,,,,,
2,4,Warehouse_Nonrefrigerated,,,,,,
2,5,Warehouse_Nonrefrigerated,,,,,,
2,Aggregated,Warehouse_Nonrefrigerated,,,,,,
2,Centralized,Warehouse_Nonrefrigerated,,,,,,
3,0,Warehouse_Nonrefrigerated,,,,,,
3,1,Warehouse_Nonrefrigerated,,,,,,
3,2,Warehouse_Nonrefrigerated,,,,,,
3,3,Warehouse_Nonrefrigerated,,,,,,
3,4,Warehouse_Nonrefrigerated,,,,,,
3,5,Warehouse_Nonrefrigerated,,,,,,
3,Aggregated,Warehouse_Nonrefrigerated,,,,,,
3,Centralized,Warehouse_Nonrefrigerated,,,,,,
4,0,Warehouse_Nonrefrigerated,,,,,,
4,1,Warehouse_Nonrefrigerated,,,,,,
4,2,Warehouse_Nonrefrigerated,,,,,,
4,3,Warehouse_Nonrefrigerated,,,,,,
4,4,Warehouse_Nonrefrigerated,,,,,,
4,5,Warehouse_Nonrefrigerated,,,,,,
4,Aggregated,Warehouse_Nonrefrigerated,,,,,,
4,Centralized,Warehouse_Nonrefrigerated,,,,,,
5,0,Warehouse_Nonrefrigerated,,,,,,
5,1,Warehouse_Nonrefrigerated,,,,,,
5,2,Warehouse_Nonrefrigerated,,,,,,
5,3,Warehouse_Nonrefrigerated,,,,,,
5,4,Warehouse_Nonrefrigerated,,,,,,
5,5,Warehouse_Nonrefrigerated,,,,,,
5,Aggregated,Warehouse_Nonrefrigerated,,,,,,
5,Centralized,Warehouse_Nonrefrigerated,,,,,,
6,0,Warehouse_Nonrefrigerated,,,,,,
6,1,Warehouse_Nonrefrigerated,,,,,,
6,2,Warehouse_Nonrefrigerated,,,,,,
6,3,Warehouse_Nonrefrigerated,,,,,,
6,4,Warehouse_Nonrefrigerated,,,,,,
6,5,Warehouse_Nonrefrigerated,,,,,,
6,Aggregated,Warehouse_Nonrefrigerated,,,,,,
6,Centralized,Warehouse_Nonrefrigerated,,,,,,
7,0,Warehouse_Nonrefrigerated,,,,,,
7,1,Warehouse_Nonrefrigerated,,,,,,
7,2,Warehouse_Nonrefrigerated,,,,,,
7,3,Warehouse_Nonrefrigerated,,,,,,
7,4,Warehouse_Nonrefrigerated,,,,,,
7,5,Warehouse_Nonrefrigerated,,,,,,
7,Aggregated,Warehouse_Nonrefrigerated,,,,,,
7,Centralized,Warehouse_Nonrefrigerated,,,,,,
8,0,Warehouse_Nonrefrigerated,,,,,,
8,1,Warehouse_Nonrefrigerated,,,,,,
8,2,Warehouse_Nonrefrigerated,,,,,,
8,3,Warehouse_Nonrefrigerated,,,,,,
8,4,Warehouse_Nonrefrigerated,,,,,,
8,5,Warehouse_Nonrefrigerated,,,,,,
8,Aggregated,Warehouse_Nonrefrigerated,,,,,,
8,Centralized,Warehouse_Nonrefrigerated,,,,,,
9,0,Warehouse_Nonrefrigerated,,,,,,
9,1,Warehouse_Nonrefrigerated,,,,,,
9,2,Warehouse_Nonrefrigerated,,,,,,
9,3,Warehouse_Nonrefrigerated,,,,,,
9,4,Warehouse_Nonrefrigerated,,,,,,
9,5,Warehouse_Nonrefrigerated,,,,,,
9,Aggregated,Warehouse_Nonrefrigerated,,,,,,
9,Centralized,Warehouse_Nonrefrigerated,,,,,,
10,0,Warehouse_Nonrefrigerated,,,,,,
10,1,Warehouse_Nonrefrigerated,,,,,,
10,2,Warehouse_Nonrefrigerated,,,,,,
10,3,Warehouse_Nonrefrigerated,,,,,,
10,4,Warehouse_Nonrefrigerated,,,,,,
10,5,Warehouse_Nonrefrigerated,,,,,,
10,Aggregated,Warehouse_Nonrefrigerated,,,,,,
10,Centralized,Warehouse_Nonrefrigerated,,,,,,
11,0,Warehouse_Nonrefrigerated,,,,,,
11,1,Warehouse_Nonrefrigerated,,,,,,
11,2,Warehouse_Nonrefrigerated,,,,,,
11,3,Warehouse_Nonrefrigerated,,,,,,
11,4,Warehouse_Nonrefrigerated,,,,,,
11,5,Warehouse_Nonrefrigerated,,,,,,
11,Aggregated,Warehouse_Nonrefrigerated,,,,,,
11,Centralized,Warehouse_Nonrefrigerated,,,,,,
12,0,Warehouse_Nonrefrigerated,,,,,,
12,1,Warehouse_Nonrefrigerated,,,,,,
12,2,Warehouse_Nonrefrigerated,,,,,,
12,3,Warehouse_Nonrefrigerated,,,,,,
12,4,Warehouse_Nonrefrigerated,,,,,,
12,5,Warehouse_Nonrefrigerated,,,,,,
12,Aggregated,Warehouse_Nonrefrigerated,,,,,,
12,Centralized,Warehouse_Nonrefrigerated,,,,,,
13,0,Warehouse_Nonrefrigerated,,,,,,
13,1,Warehouse_Nonrefrigerated,,,,,,
13,2,Warehouse_Nonrefrigerated,,,,,,
13,3,Warehouse_Nonrefrigerated,,,,,,
13,4,Warehouse_Nonrefrigerated,,,,,,
13,5,Warehouse_Nonrefrigerated,,,,,,
13,Aggregated,Warehouse_Nonrefrigerated,,,,,,
13,Centralized,Warehouse_Nonrefrigerated,,,,,,
14,0,Warehouse_Nonrefrigerated,,,,,,
14,1,Warehouse_Nonrefrigerated,,,,,,
14,2,Warehouse_Nonrefrigerated,,,,,,
14,3,Warehouse_Nonrefrigerated,,,,,,
14,4,Warehouse_Nonrefrigerated,,,,,,
14,5,Warehouse_Nonrefrigerated,,,,,,
14,Aggregated,Warehouse_Nonrefrigerated,,,,,,
14,Centralized,Warehouse_Nonrefrigerated,,,,,,
15,0,Warehouse_Nonrefrigerated,,,,,,
15,1,Warehouse_Nonrefrigerated,,,,,,
15,2,Warehouse_Nonrefrigerated,,,,,,
15,3,Warehouse_Nonrefrigerated,,,,,,
15,4,Warehouse_Nonrefrigerated,,,,,,
15,5,Warehouse_Nonrefrigerated,,,,,,
15,Aggregated,Warehouse_Nonrefrigerated,,,,,,
15,Centralized,Warehouse_Nonrefrigerated,,,,,,
16,0,Warehouse_Nonrefrigerated,,,,,,
16,1,Warehouse_Nonrefrigerated,,,,,,
16,2,Warehouse_Nonrefrigerated,,,,,,
16,3,Warehouse_Nonrefrigerated,,,,,,
16,4,Warehouse_Nonrefrigerated,,,,,,
16,5,Warehouse_Nonrefrigerated,,,,,,
16,Aggregated,Warehouse_Nonrefrigerated,,,,,,
16,Centralized,Warehouse_Nonrefrigerated,,,,,,
17,0,Warehouse_Nonrefrigerated,,,,,,
17,1,Warehouse_Nonrefrigerated,,,,,,
17,2,Warehouse_Nonrefrigerated,,,,,,
17,3,Warehouse_Nonrefrigerated,,,,,,
17,4,Warehouse_Nonrefrigerated,,,,,,
17,5,Warehouse_Nonrefrigerated,,,,,,
17,Aggregated,Warehouse_Nonrefrigerated,,,,,,
17,Centralized,Warehouse_Nonrefrigerated,,,,,,
18,0,Warehouse_Nonrefrigerated,,,,,,
18,1,Warehouse_Nonrefrigerated,,,,,,
18,2,Warehouse_Nonrefrigerated,,,,,,
18,3,Warehouse_Nonrefrigerated,,,,,,
18,4,Warehouse_Nonrefrigerated,,,,,,
18,5,Warehouse_Nonrefrigerated,,,,,,
18,Aggregated,Warehouse_Nonrefrigerated,,,,,,
18,Centralized,Warehouse_Nonrefrigerated,,,,,,
19,0,Warehouse_Nonrefrigerated,,,,,,
19,1,Warehouse_Nonrefrigerated,,,,,,
19,2,Warehouse_Nonrefrigerated,,,,,,
19,3,Warehouse_Nonrefrigerated,,,,,,
19,4,Warehouse_Nonrefrigerated,,,,,,
19,5,Warehouse_Nonrefrigerated,,,,,,
19,Aggregated,Warehouse_Nonrefrigerated,,,,,,
19,Centralized,Warehouse_Nonrefrigerated,,,,,,
20,0,Warehouse_Nonrefrigerated,,,,,,
20,1,Warehouse_Nonrefrigerated,,,,,,
20,2,Warehouse_Nonrefrigerated,,,,,,
20,3,Warehouse_Nonrefrigerated,,,,,,
20,4,Warehouse_Nonrefrigerated,,,,,,
20,5,Warehouse_Nonrefrigerated,,,,,,
20,Aggregated,Warehouse_Nonrefrigerated,,,,,,
20,Centralized,Warehouse_Nonrefrigerated,,,,,,
21,0,Warehouse_Nonrefrigerated,,,,,,
21,1,Warehouse_Nonrefrigerated,,,,,,
21,2,Warehouse_Nonrefrigerated,,,,,,
21,3,Warehouse_Nonrefrigerated,,,,,,
21,4,Warehouse_Nonrefrigerated,,,,,,
21,5,Warehouse_Nonrefrigerated,,,,,,
21,Aggregated,Warehouse_Nonrefrigerated,,,,,,
21,Centralized,Warehouse_Nonrefrigerated,,,,,,
22,0,Warehouse_Nonrefrigerated,,,,,,
22,1,Warehouse_Nonrefrigerated,,,,,,
22,2,Warehouse_Nonrefrigerated,,,,,,
22,3,Warehouse_Nonrefrigerated,,,,,,
22,4,Warehouse_Nonrefrigerated,,,,,,
22,5,Warehouse_Nonrefrigerated,,,,,,
22,Aggregated,Warehouse_Nonrefrigerated,,,,,,
22,Centralized,Warehouse_Nonrefrigerated,,,,,,
23,0,Warehouse_Nonrefrigerated,,,,,,
23,1,Warehouse_Nonrefrigerated,,,,,,
23,2,Warehouse_Nonrefrigerated,,,,,,
23,3,Warehouse_Nonrefrigerated,,,,,,
23,4,Warehouse_Nonrefrigerated,,,,,,
23,5,Warehouse_Nonrefrigerated,,,,,,
23,Aggregated,Warehouse_Nonrefrigerated,,,,,,
23,Centralized,Warehouse_Nonrefrigerated,,,,,,
0,0,Education_College_or_university,,,,,,
0,1,Education_College_or_university,,,,,,
0,2,Education_College_or_university,,,,,,
0,3,Education_College_or_university,,,,,,
0,4,Education_College_or_university,,,,,,
0,5,Education_College_or_university,,,,,,
0,Aggregated,Education_College_or_university,,,,,,
0,Centralized,Education_College_or_university,,,,,,
1,0,Education_College_or_university,,,,,,
1,1,Education_College_or_university,,,,,,
1,2,Education_College_or_university,,,,,,
1,3,Education_College_or_university,,,,,,
1,4,Education_College_or_university,,,,,,
1,5,Education_College_or_university,,,,,,
1,Aggregated,Education_College_or_university,,,,,,
1,Centralized,Education_College_or_university,,,,,,
2,0,Education_College_or_university,,,,,,
2,1,Education_College_or_university,,,,,,
2,2,Education_College_or_university,,,,,,
2,3,Education_College_or_university,,,,,,
2,4,Education_College_or_university,,,,,,
2,5,Education_College_or_university,,,,,,
2,Aggregated,Education_College_or_university,,,,,,
2,Centralized,Education_College_or_university,,,,,,
3,0,Education_College_or_university,,,,,,
3,1,Education_College_or_university,,,,,,
3,2,Education_College_or_university,,,,,,
3,3,Education_College_or_university,,,,,,
3,4,Education_College_or_university,,,,,,
3,5,Education_College_or_university,,,,,,
3,Aggregated,Education_College_or_university,,,,,,
3,Centralized,Education_College_or_university,,,,,,
4,0,Education_College_or_university,,,,,,
4,1,Education_College_or_university,,,,,,
4,2,Education_College_or_university,,,,,,
4,3,Education_College_or_university,,,,,,
4,4,Education_College_or_university,,,,,,
4,5,Education_College_or_university,,,,,,
4,Aggregated,Education_College_or_university,,,,,,
4,Centralized,Education_College_or_university,,,,,,
5,0,Education_College_or_university,,,,,,
5,1,Education_College_or_university,,,,,,
5,2,Education_College_or_university,,,,,,
5,3,Education_College_or_university,,,,,,
5,4,Education_College_or_university,,,,,,
5,5,Education_College_or_university,,,,,,
5,Aggregated,Education_College_or_university,,,,,,
5,Centralized,Education_College_or_university,,,,,,
6,0,Education_College_or_university,,,,,,
6,1,Education_College_or_university,,,,,,
6,2,Education_College_or_university,,,,,,
6,3,Education_College_or_university,,,,,,
6,4,Education_College_or_university,,,,,,
6,5,Education_College_or_university,,,,,,
6,Aggregated,Education_College_or_university,,,,,,
6,Centralized,Education_College_or_university,,,,,,
7,0,Education_College_or_university,,,,,,
7,1,Education_College_or_university,,,,,,
7,2,Education_College_or_university,,,,,,
7,3,Education_College_or_university,,,,,,
7,4,Education_College_or_university,,,,,,
7,5,Education_College_or_university,,,,,,
7,Aggregated,Education_College_or_university,,,,,,
7,Centralized,Education_College_or_university,,,,,,
8,0,Education_College_or_university,,,,,,
8,1,Education_College_or_university,,,,,,
8,2,Education_College_or_university,,,,,,
8,3,Education_College_or_university,,,,,,
8,4,Education_College_or_university,,,,,,
8,5,Education_College_or_university,,,,,,
8,Aggregated,Education_College_or_university,,,,,,
8,Centralized,Education_College_or_university,,,,,,
9,0,Education_College_or_university,,,,,,
9,1,Education_College_or_university,,,,,,
9,2,Education_College_or_university,,,,,,
9,3,Education_College_or_university,,,,,,
9,4,Education_College_or_university,,,,,,
9,5,Education_College_or_university,,,,,,
9,Aggregated,Education_College_or_university,,,,,,
9,Centralized,Education_College_or_university,,,,,,
10,0,Education_College_or_university,,,,,,
10,1,Education_College_or_university,,,,,,
10,2,Education_College_or_university,,,,,,
10,3,Education_College_or_university,,,,,,
10,4,Education_College_or_university,,,,,,
10,5,Education_College_or_university,,,,,,
10,Aggregated,Education_College_or_university,,,,,,
10,Centralized,Education_College_or_university,,,,,,
11,0,Education_College_or_university,,,,,,
11,1,Education_College_or_university,,,,,,
11,2,Education_College_or_university,,,,,,
11,3,Education_College_or_university,,,,,,
11,4,Education_College_or_university,,,,,,
11,5,Education_College_or_university,,,,,,
11,Aggregated,Education_College_or_university,,,,,,
11,Centralized,Education_College_or_university,,,,,,
12,0,Education_College_or_university,,,,,,
12,1,Education_College_or_university,,,,,,
12,2,Education_College_or_university,,,,,,
12,3,Education_College_or_university,,,,,,
12,4,Education_College_or_university,,,,,,
12,5,Education_College_or_university,,,,,,
12,Aggregated,Education_College_or_university,,,,,,
12,Centralized,Education_College_or_university,,,,,,
13,0,Education_College_or_university,,,,,,
13,1,Education_College_or_university,,,,,,
13,2,Education_College_or_university,,,,,,
13,3,Education_College_or_university,,,,,,
13,4,Education_College_or_university,,,,,,
13,5,Education_College_or_university,,,,,,
13,Aggregated,Education_College_or_university,,,,,,
13,Centralized,Education_College_or_university,,,,,,
14,0,Education_College_or_university,,,,,,
14,1,Education_College_or_university,,,,,,
14,2,Education_College_or_university,,,,,,
14,3,Education_College_or_university,,,,,,
14,4,Education_College_or_university,,,,,,
14,5,Education_College_or_university,,,,,,
14,Aggregated,Education_College_or_university,,,,,,
14,Centralized,Education_College_or_university,,,,,,
15,0,Education_College_or_university,,,,,,
15,1,Education_College_or_university,,,,,,
15,2,Education_College_or_university,,,,,,
15,3,Education_College_or_university,,,,,,
15,4,Education_College_or_university,,,,,,
15,5,Education_College_or_university,,,,,,
15,Aggregated,Education_College_or_university,,,,,,
15,Centralized,Education_College_or_university,,,,,,
16,0,Education_College_or_university,,,,,,
16,1,Education_College_or_university,,,,,,
16,2,Education_College_or_university,,,,,,
16,3,Education_College_or_university,,,,,,
16,4,Education_College_or_university,,,,,,
16,5,Education_College_or_university,,,,,,
16,Aggregated,Education_College_or_university,,,,,,
16,Centralized,Education_College_or_university,,,,,,
17,0,Education_College_or_university,,,,,,
17,1,Education_College_or_university,,,,,,
17,2,Education_College_or_university,,,,,,
17,3,Education_College_or_university,,,,,,
17,4,Education_College_or_university,,,,,,
17,5,Education_College_or_university,,,,,,
17,Aggregated,Education_College_or_university,,,,,,
17,Centralized,Education_College_or_university,,,,,,
18,0,Education_College_or_university,,,,,,
18,1,Education_College_or_university,,,,,,
18,2,Education_College_or_university,,,,,,
18,3,Education_College_or_university,,,,,,
18,4,Education_College_or_university,,,,,,
18,5,Education_College_or_university,,,,,,
18,Aggregated,Education_College_or_university,,,,,,
18,Centralized,Education_College_or_university,,,,,,
19,0,Education_College_or_university,,,,,,
19,1,Education_College_or_university,,,,,,
19,2,Education_College_or_university,,,,,,
19,3,Education_College_or_university,,,,,,
19,4,Education_College_or_university,,,,,,
19,5,Education_College_or_university,,,,,,
19,Aggregated,Education_College_or_university,,,,,,
19,Centralized,Education_College_or_university,,,,,,
20,0,Education_College_or_university,,,,,,
20,1,Education_College_or_university,,,,,,
20,2,Education_College_or_university,,,,,,
20,3,Education_College_or_university,,,,,,
20,4,Education_College_or_university,,,,,,
20,5,Education_College_or_university,,,,,,
20,Aggregated,Education_College_or_university,,,,,,
20,Centralized,Education_College_or_university,,,,,,
21,0,Education_College_or_university,,,,,,
21,1,Education_College_or_university,,,,,,
21,2,Education_College_or_university,,,,,,
21,3,Education_College_or_university,,,,,,
21,4,Education_College_or_university,,,,,,
21,5,Education_College_or_university,,,,,,
21,Aggregated,Education_College_or_university,,,,,,
21,Centralized,Education_College_or_university,,,,,,
22,0,Education_College_or_university,,,,,,
22,1,Education_College_or_university,,,,,,
22,2,Education_College_or_university,,,,,,
22,3,Education_College_or_university,,,,,,
22,4,Education_College_or_university,,,,,,
22,5,Education_College_or_university,,,,,,
22,Aggregated,Education_College_or_university,,,,,,
22,Centralized,Education_College_or_university,,,,,,
23,0,Education_College_or_university,,,,,,
23,1,Education_College_or_university,,,,,,
23,2,Education_College_or_university,,,,,,
23,3,Education_College_or_university,,,,,,
23,4,Education_College_or_university,,,,,,
23,5,Education_College_or_university,,,,,,
23,Aggregated,Education_College_or_university,,,,,,
23,Centralized,Education_College_or_university,,,,,,
0,0,Education_Preschool_or_daycare,,,,,,
0,1,Education_Preschool_or_daycare,,,,,,
0,2,Education_Preschool_or_daycare,,,,,,
0,3,Education_Preschool_or_daycare,,,,,,
0,4,Education_Preschool_or_daycare,,,,,,
0,5,Education_Preschool_or_daycare,,,,,,
0,Aggregated,Education_Preschool_or_daycare,,,,,,
0,Centralized,Education_Preschool_or_daycare,,,,,,
1,0,Education_Preschool_or_daycare,,,,,,
1,1,Education_Preschool_or_daycare,,,,,,
1,2,Education_Preschool_or_daycare,,,,,,
1,3,Education_Preschool_or_daycare,,,,,,
1,4,Education_Preschool_or_daycare,,,,,,
1,5,Education_Preschool_or_daycare,,,,,,
1,Aggregated,Education_Preschool_or_daycare,,,,,,
1,Centralized,Education_Preschool_or_daycare,,,,,,
2,0,Education_Preschool_or_daycare,,,,,,
2,1,Education_Preschool_or_daycare,,,,,,
2,2,Education_Preschool_or_daycare,,,,,,
2,3,Education_Preschool_or_daycare,,,,,,
2,4,Education_Preschool_or_daycare,,,,,,
2,5,Education_Preschool_or_daycare,,,,,,
2,Aggregated,Education_Preschool_or_daycare,,,,,,
2,Centralized,Education_Preschool_or_daycare,,,,,,
3,0,Education_Preschool_or_daycare,,,,,,
3,1,Education_Preschool_or_daycare,,,,,,
3,2,Education_Preschool_or_daycare,,,,,,
3,3,Education_Preschool_or_daycare,,,,,,
3,4,Education_Preschool_or_daycare,,,,,,
3,5,Education_Preschool_or_daycare,,,,,,
3,Aggregated,Education_Preschool_or_daycare,,,,,,
3,Centralized,Education_Preschool_or_daycare,,,,,,
4,0,Education_Preschool_or_daycare,,,,,,
4,1,Education_Preschool_or_daycare,,,,,,
4,2,Education_Preschool_or_daycare,,,,,,
4,3,Education_Preschool_or_daycare,,,,,,
4,4,Education_Preschool_or_daycare,,,,,,
4,5,Education_Preschool_or_daycare,,,,,,
4,Aggregated,Education_Preschool_or_daycare,,,,,,
4,Centralized,Education_Preschool_or_daycare,,,,,,
5,0,Education_Preschool_or_daycare,,,,,,
5,1,Education_Preschool_or_daycare,,,,,,
5,2,Education_Preschool_or_daycare,,,,,,
5,3,Education_Preschool_or_daycare,,,,,,
5,4,Education_Preschool_or_daycare,,,,,,
5,5,Education_Preschool_or_daycare,,,,,,
5,Aggregated,Education_Preschool_or_daycare,,,,,,
5,Centralized,Education_Preschool_or_daycare,,,,,,
6,0,Education_Preschool_or_daycare,,,,,,
6,1,Education_Preschool_or_daycare,,,,,,
6,2,Education_Preschool_or_daycare,,,,,,
6,3,Education_Preschool_or_daycare,,,,,,
6,4,Education_Preschool_or_daycare,,,,,,
6,5,Education_Preschool_or_daycare,,,,,,
6,Aggregated,Education_Preschool_or_daycare,,,,,,
6,Centralized,Education_Preschool_or_daycare,,,,,,
7,0,Education_Preschool_or_daycare,,,,,,
7,1,Education_Preschool_or_daycare,,,,,,
7,2,Education_Preschool_or_daycare,,,,,,
7,3,Education_Preschool_or_daycare,,,,,,
7,4,Education_Preschool_or_daycare,,,,,,
7,5,Education_Preschool_or_daycare,,,,,,
7,Aggregated,Education_Preschool_or_daycare,,,,,,
7,Centralized,Education_Preschool_or_daycare,,,,,,
8,0,Education_Preschool_or_daycare,,,,,,
8,1,Education_Preschool_or_daycare,,,,,,
8,2,Education_Preschool_or_daycare,,,,,,
8,3,Education_Preschool_or_daycare,,,,,,
8,4,Education_Preschool_or_daycare,,,,,,
8,5,Education_Preschool_or_daycare,,,,,,
8,Aggregated,Education_Preschool_or_daycare,,,,,,
8,Centralized,Education_Preschool_or_daycare,,,,,,
9,0,Education_Preschool_or_daycare,,,,,,
9,1,Education_Preschool_or_daycare,,,,,,
9,2,Education_Preschool_or_daycare,,,,,,
9,3,Education_Preschool_or_daycare,,,,,,
9,4,Education_Preschool_or_daycare,,,,,,
9,5,Education_Preschool_or_daycare,,,,,,
9,Aggregated,Education_Preschool_or_daycare,,,,,,
9,Centralized,Education_Preschool_or_daycare,,,,,,
10,0,Education_Preschool_or_daycare,,,,,,
10,1,Education_Preschool_or_daycare,,,,,,
10,2,Education_Preschool_or_daycare,,,,,,
10,3,Education_Preschool_or_daycare,,,,,,
10,4,Education_Preschool_or_daycare,,,,,,
10,5,Education_Preschool_or_daycare,,,,,,
10,Aggregated,Education_Preschool_or_daycare,,,,,,
10,Centralized,Education_Preschool_or_daycare,,,,,,
11,0,Education_Preschool_or_daycare,,,,,,
11,1,Education_Preschool_or_daycare,,,,,,
11,2,Education_Preschool_or_daycare,,,,,,
11,3,Education_Preschool_or_daycare,,,,,,
11,4,Education_Preschool_or_daycare,,,,,,
11,5,Education_Preschool_or_daycare,,,,,,
11,Aggregated,Education_Preschool_or_daycare,,,,,,
11,Centralized,Education_Preschool_or_daycare,,,,,,
12,0,Education_Preschool_or_daycare,,,,,,
12,1,Education_Preschool_or_daycare,,,,,,
12,2,Education_Preschool_or_daycare,,,,,,
12,3,Education_Preschool_or_daycare,,,,,,
12,4,Education_Preschool_or_daycare,,,,,,
12,5,Education_Preschool_or_daycare,,,,,,
12,Aggregated,Education_Preschool_or_daycare,,,,,,
12,Centralized,Education_Preschool_or_daycare,,,,,,
13,0,Education_Preschool_or_daycare,,,,,,
13,1,Education_Preschool_or_daycare,,,,,,
13,2,Education_Preschool_or_daycare,,,,,,
13,3,Education_Preschool_or_daycare,,,,,,
13,4,Education_Preschool_or_daycare,,,,,,
13,5,Education_Preschool_or_daycare,,,,,,
13,Aggregated,Education_Preschool_or_daycare,,,,,,
13,Centralized,Education_Preschool_or_daycare,,,,,,
14,0,Education_Preschool_or_daycare,,,,,,
14,1,Education_Preschool_or_daycare,,,,,,
14,2,Education_Preschool_or_daycare,,,,,,
14,3,Education_Preschool_or_daycare,,,,,,
14,4,Education_Preschool_or_daycare,,,,,,
14,5,Education_Preschool_or_daycare,,,,,,
14,Aggregated,Education_Preschool_or_daycare,,,,,,
14,Centralized,Education_Preschool_or_daycare,,,,,,
15,0,Education_Preschool_or_daycare,,,,,,
15,1,Education_Preschool_or_daycare,,,,,,
15,2,Education_Preschool_or_daycare,,,,,,
15,3,Education_Preschool_or_daycare,,,,,,
15,4,Education_Preschool_or_daycare,,,,,,
15,5,Education_Preschool_or_daycare,,,,,,
15,Aggregated,Education_Preschool_or_daycare,,,,,,
15,Centralized,Education_Preschool_or_daycare,,,,,,
16,0,Education_Preschool_or_daycare,,,,,,
16,1,Education_Preschool_or_daycare,,,,,,
16,2,Education_Preschool_or_daycare,,,,,,
16,3,Education_Preschool_or_daycare,,,,,,
16,4,Education_Preschool_or_daycare,,,,,,
16,5,Education_Preschool_or_daycare,,,,,,
16,Aggregated,Education_Preschool_or_daycare,,,,,,
16,Centralized,Education_Preschool_or_daycare,,,,,,
17,0,Education_Preschool_or_daycare,,,,,,
17,1,Education_Preschool_or_daycare,,,,,,
17,2,Education_Preschool_or_daycare,,,,,,
17,3,Education_Preschool_or_daycare,,,,,,
17,4,Education_Preschool_or_daycare,,,,,,
17,5,Education_Preschool_or_daycare,,,,,,
17,Aggregated,Education_Preschool_or_daycare,,,,,,
17,Centralized,Education_Preschool_or_daycare,,,,,,
18,0,Education_Preschool_or_daycare,,,,,,
18,1,Education_Preschool_or_daycare,,,,,,
18,2,Education_Preschool_or_daycare,,,,,,
18,3,Education_Preschool_or_daycare,,,,,,
18,4,Education_Preschool_or_daycare,,,,,,
18,5,Education_Preschool_or_daycare,,,,,,
18,Aggregated,Education_Preschool_or_daycare,,,,,,
18,Centralized,Education_Preschool_or_daycare,,,,,,
19,0,Education_Preschool_or_daycare,,,,,,
19,1,Education_Preschool_or_daycare,,,,,,
19,2,Education_Preschool_or_daycare,,,,,,
19,3,Education_Preschool_or_daycare,,,,,,
19,4,Education_Preschool_or_daycare,,,,,,
19,5,Education_Preschool_or_daycare,,,,,,
19,Aggregated,Education_Preschool_or_daycare,,,,,,
19,Centralized,Education_Preschool_or_daycare,,,,,,
20,0,Education_Preschool_or_daycare,,,,,,
20,1,Education_Preschool_or_daycare,,,,,,
20,2,Education_Preschool_or_daycare,,,,,,
20,3,Education_Preschool_or_daycare,,,,,,
20,4,Education_Preschool_or_daycare,,,,,,
20,5,Education_Preschool_or_daycare,,,,,,
20,Aggregated,Education_Preschool_or_daycare,,,,,,
20,Centralized,Education_Preschool_or_daycare,,,,,,
21,0,Education_Preschool_or_daycare,,,,,,
21,1,Education_Preschool_or_daycare,,,,,,
21,2,Education_Preschool_or_daycare,,,,,,
21,3,Education_Preschool_or_daycare,,,,,,
21,4,Education_Preschool_or_daycare,,,,,,
21,5,Education_Preschool_or_daycare,,,,,,
21,Aggregated,Education_Preschool_or_daycare,,,,,,
21,Centralized,Education_Preschool_or_daycare,,,,,,
22,0,Education_Preschool_or_daycare,,,,,,
22,1,Education_Preschool_or_daycare,,,,,,
22,2,Education_Preschool_or_daycare,,,,,,
22,3,Education_Preschool_or_daycare,,,,,,
22,4,Education_Preschool_or_daycare,,,,,,
22,5,Education_Preschool_or_daycare,,,,,,
22,Aggregated,Education_Preschool_or_daycare,,,,,,
22,Centralized,Education_Preschool_or_daycare,,,,,,
23,0,Education_Preschool_or_daycare,,,,,,
23,1,Education_Preschool_or_daycare,,,,,,
23,2,Education_Preschool_or_daycare,,,,,,
23,3,Education_Preschool_or_daycare,,,,,,
23,4,Education_Preschool_or_daycare,,,,,,
23,5,Education_Preschool_or_daycare,,,,,,
23,Aggregated,Education_Preschool_or_daycare,,,,,,
23,Centralized,Education_Preschool_or_daycare,,,,,,
0,0,Multifamily_Uncategorized,,,,,,
0,1,Multifamily_Uncategorized,,,,,,
0,2,Multifamily_Uncategorized,,,,,,
0,3,Multifamily_Uncategorized,,,,,,
0,4,Multifamily_Uncategorized,,,,,,
0,5,Multifamily_Uncategorized,,,,,,
0,Aggregated,Multifamily_Uncategorized,,,,,,
0,Centralized,Multifamily_Uncategorized,,,,,,
1,0,Multifamily_Uncategorized,,,,,,
1,1,Multifamily_Uncategorized,,,,,,
1,2,Multifamily_Uncategorized,,,,,,
1,3,Multifamily_Uncategorized,,,,,,
1,4,Multifamily_Uncategorized,,,,,,
1,5,Multifamily_Uncategorized,,,,,,
1,Aggregated,Multifamily_Uncategorized,,,,,,
1,Centralized,Multifamily_Uncategorized,,,,,,
2,0,Multifamily_Uncategorized,,,,,,
2,1,Multifamily_Uncategorized,,,,,,
2,2,Multifamily_Uncategorized,,,,,,
2,3,Multifamily_Uncategorized,,,,,,
2,4,Multifamily_Uncategorized,,,,,,
2,5,Multifamily_Uncategorized,,,,,,
2,Aggregated,Multifamily_Uncategorized,,,,,,
2,Centralized,Multifamily_Uncategorized,,,,,,
3,0,Multifamily_Uncategorized,,,,,,
3,1,Multifamily_Uncategorized,,,,,,
3,2,Multifamily_Uncategorized,,,,,,
3,3,Multifamily_Uncategorized,,,,,,
3,4,Multifamily_Uncategorized,,,,,,
3,5,Multifamily_Uncategorized,,,,,,
3,Aggregated,Multifamily_Uncategorized,,,,,,
3,Centralized,Multifamily_Uncategorized,,,,,,
4,0,Multifamily_Uncategorized,,,,,,
4,1,Multifamily_Uncategorized,,,,,,
4,2,Multifamily_Uncategorized,,,,,,
4,3,Multifamily_Uncategorized,,,,,,
4,4,Multifamily_Uncategorized,,,,,,
4,5,Multifamily_Uncategorized,,,,,,
4,Aggregated,Multifamily_Uncategorized,,,,,,
4,Centralized,Multifamily_Uncategorized,,,,,,
5,0,Multifamily_Uncategorized,,,,,,
5,1,Multifamily_Uncategorized,,,,,,
5,2,Multifamily_Uncategorized,,,,,,
5,3,Multifamily_Uncategorized,,,,,,
5,4,Multifamily_Uncategorized,,,,,,
5,5,Multifamily_Uncategorized,,,,,,
5,Aggregated,Multifamily_Uncategorized,,,,,,
5,Centralized,Multifamily_Uncategorized,,,,,,
6,0,Multifamily_Uncategorized,,,,,,
6,1,Multifamily_Uncategorized,,,,,,
6,2,Multifamily_Uncategorized,,,,,,
6,3,Multifamily_Uncategorized,,,,,,
6,4,Multifamily_Uncategorized,,,,,,
6,5,Multifamily_Uncategorized,,,,,,
6,Aggregated,Multifamily_Uncategorized,,,,,,
6,Centralized,Multifamily_Uncategorized,,,,,,
7,0,Multifamily_Uncategorized,,,,,,
7,1,Multifamily_Uncategorized,,,,,,
7,2,Multifamily_Uncategorized,,,,,,
7,3,Multifamily_Uncategorized,,,,,,
7,4,Multifamily_Uncategorized,,,,,,
7,5,Multifamily_Uncategorized,,,,,,
7,Aggregated,Multifamily_Uncategorized,,,,,,
7,Centralized,Multifamily_Uncategorized,,,,,,
8,0,Multifamily_Uncategorized,,,,,,
8,1,Multifamily_Uncategorized,,,,,,
8,2,Multifamily_Uncategorized,,,,,,
8,3,Multifamily_Uncategorized,,,,,,
8,4,Multifamily_Uncategorized,,,,,,
8,5,Multifamily_Uncategorized,,,,,,
8,Aggregated,Multifamily_Uncategorized,,,,,,
8,Centralized,Multifamily_Uncategorized,,,,,,
9,0,Multifamily_Uncategorized,,,,,,
9,1,Multifamily_Uncategorized,,,,,,
9,2,Multifamily_Uncategorized,,,,,,
9,3,Multifamily_Uncategorized,,,,,,
9,4,Multifamily_Uncategorized,,,,,,
9,5,Multifamily_Uncategorized,,,,,,
9,Aggregated,Multifamily_Uncategorized,,,,,,
9,Centralized,Multifamily_Uncategorized,,,,,,
10,0,Multifamily_Uncategorized,,,,,,
10,1,Multifamily_Uncategorized,,,,,,
10,2,Multifamily_Uncategorized,,,,,,
10,3,Multifamily_Uncategorized,,,,,,
10,4,Multifamily_Uncategorized,,,,,,
10,5,Multifamily_Uncategorized,,,,,,
10,Aggregated,Multifamily_Uncategorized,,,,,,
10,Centralized,Multifamily_Uncategorized,,,,,,
11,0,Multifamily_Uncategorized,,,,,,
11,1,Multifamily_Uncategorized,,,,,,
11,2,Multifamily_Uncategorized,,,,,,
11,3,Multifamily_Uncategorized,,,,,,
11,4,Multifamily_Uncategorized,,,,,,
11,5,Multifamily_Uncategorized,,,,,,
11,Aggregated,Multifamily_Uncategorized,,,,,,
11,Centralized,Multifamily_Uncategorized,,,,,,
12,0,Multifamily_Uncategorized,,,,,,
12,1,Multifamily_Uncategorized,,,,,,
12,2,Multifamily_Uncategorized,,,,,,
12,3,Multifamily_Uncategorized,,,,,,
12,4,Multifamily_Uncategorized,,,,,,
12,5,Multifamily_Uncategorized,,,,,,
12,Aggregated,Multifamily_Uncategorized,,,,,,
12,Centralized,Multifamily_Uncategorized,,,,,,
13,0,Multifamily_Uncategorized,,,,,,
13,1,Multifamily_Uncategorized,,,,,,
13,2,Multifamily_Uncategorized,,,,,,
13,3,Multifamily_Uncategorized,,,,,,
13,4,Multifamily_Uncategorized,,,,,,
13,5,Multifamily_Uncategorized,,,,,,
13,Aggregated,Multifamily_Uncategorized,,,,,,
13,Centralized,Multifamily_Uncategorized,,,,,,
14,0,Multifamily_Uncategorized,,,,,,
14,1,Multifamily_Uncategorized,,,,,,
14,2,Multifamily_Uncategorized,,,,,,
14,3,Multifamily_Uncategorized,,,,,,
14,4,Multifamily_Uncategorized,,,,,,
14,5,Multifamily_Uncategorized,,,,,,
14,Aggregated,Multifamily_Uncategorized,,,,,,
14,Centralized,Multifamily_Uncategorized,,,,,,
15,0,Multifamily_Uncategorized,,,,,,
15,1,Multifamily_Uncategorized,,,,,,
15,2,Multifamily_Uncategorized,,,,,,
15,3,Multifamily_Uncategorized,,,,,,
15,4,Multifamily_Uncategorized,,,,,,
15,5,Multifamily_Uncategorized,,,,,,
15,Aggregated,Multifamily_Uncategorized,,,,,,
15,Centralized,Multifamily_Uncategorized,,,,,,
16,0,Multifamily_Uncategorized,,,,,,
16,1,Multifamily_Uncategorized,,,,,,
16,2,Multifamily_Uncategorized,,,,,,
16,3,Multifamily_Uncategorized,,,,,,
16,4,Multifamily_Uncategorized,,,,,,
16,5,Multifamily_Uncategorized,,,,,,
16,Aggregated,Multifamily_Uncategorized,,,,,,
16,Centralized,Multifamily_Uncategorized,,,,,,
17,0,Multifamily_Uncategorized,,,,,,
17,1,Multifamily_Uncategorized,,,,,,
17,2,Multifamily_Uncategorized,,,,,,
17,3,Multifamily_Uncategorized,,,,,,
17,4,Multifamily_Uncategorized,,,,,,
17,5,Multifamily_Uncategorized,,,,,,
17,Aggregated,Multifamily_Uncategorized,,,,,,
17,Centralized,Multifamily_Uncategorized,,,,,,
18,0,Multifamily_Uncategorized,,,,,,
18,1,Multifamily_Uncategorized,,,,,,
18,2,Multifamily_Uncategorized,,,,,,
18,3,Multifamily_Uncategorized,,,,,,
18,4,Multifamily_Uncategorized,,,,,,
18,5,Multifamily_Uncategorized,,,,,,
18,Aggregated,Multifamily_Uncategorized,,,,,,
18,Centralized,Multifamily_Uncategorized,,,,,,
19,0,Multifamily_Uncategorized,,,,,,
19,1,Multifamily_Uncategorized,,,,,,
19,2,Multifamily_Uncategorized,,,,,,
19,3,Multifamily_Uncategorized,,,,,,
19,4,Multifamily_Uncategorized,,,,,,
19,5,Multifamily_Uncategorized,,,,,,
19,Aggregated,Multifamily_Uncategorized,,,,,,
19,Centralized,Multifamily_Uncategorized,,,,,,
20,0,Multifamily_Uncategorized,,,,,,
20,1,Multifamily_Uncategorized,,,,,,
20,2,Multifamily_Uncategorized,,,,,,
20,3,Multifamily_Uncategorized,,,,,,
20,4,Multifamily_Uncategorized,,,,,,
20,5,Multifamily_Uncategorized,,,,,,
20,Aggregated,Multifamily_Uncategorized,,,,,,
20,Centralized,Multifamily_Uncategorized,,,,,,
21,0,Multifamily_Uncategorized,,,,,,
21,1,Multifamily_Uncategorized,,,,,,
21,2,Multifamily_Uncategorized,,,,,,
21,3,Multifamily_Uncategorized,,,,,,
21,4,Multifamily_Uncategorized,,,,,,
21,5,Multifamily_Uncategorized,,,,,,
21,Aggregated,Multifamily_Uncategorized,,,,,,
21,Centralized,Multifamily_Uncategorized,,,,,,
22,0,Multifamily_Uncategorized,,,,,,
22,1,Multifamily_Uncategorized,,,,,,
22,2,Multifamily_Uncategorized,,,,,,
22,3,Multifamily_Uncategorized,,,,,,
22,4,Multifamily_Uncategorized,,,,,,
22,5,Multifamily_Uncategorized,,,,,,
22,Aggregated,Multifamily_Uncategorized,,,,,,
22,Centralized,Multifamily_Uncategorized,,,,,,
23,0,Multifamily_Uncategorized,,,,,,
23,1,Multifamily_Uncategorized,,,,,,
23,2,Multifamily_Uncategorized,,,,,,
23,3,Multifamily_Uncategorized,,,,,,
23,4,Multifamily_Uncategorized,,,,,,
23,5,Multifamily_Uncategorized,,,,,,
23,Aggregated,Multifamily_Uncategorized,,,,,,
23,Centralized,Multifamily_Uncategorized,,,,,,
0,0,Retail_Strip_shopping_mall,,,,,,
0,1,Retail_Strip_shopping_mall,,,,,,
0,2,Retail_Strip_shopping_mall,,,,,,
0,3,Retail_Strip_shopping_mall,,,,,,
0,4,Retail_Strip_shopping_mall,,,,,,
0,5,Retail_Strip_shopping_mall,,,,,,
0,Aggregated,Retail_Strip_shopping_mall,,,,,,
0,Centralized,Retail_Strip_shopping_mall,,,,,,
1,0,Retail_Strip_shopping_mall,,,,,,
1,1,Retail_Strip_shopping_mall,,,,,,
1,2,Retail_Strip_shopping_mall,,,,,,
1,3,Retail_Strip_shopping_mall,,,,,,
1,4,Retail_Strip_shopping_mall,,,,,,
1,5,Retail_Strip_shopping_mall,,,,,,
1,Aggregated,Retail_Strip_shopping_mall,,,,,,
1,Centralized,Retail_Strip_shopping_mall,,,,,,
2,0,Retail_Strip_shopping_mall,,,,,,
2,1,Retail_Strip_shopping_mall,,,,,,
2,2,Retail_Strip_shopping_mall,,,,,,
2,3,Retail_Strip_shopping_mall,,,,,,
2,4,Retail_Strip_shopping_mall,,,,,,
2,5,Retail_Strip_shopping_mall,,,,,,
2,Aggregated,Retail_Strip_shopping_mall,,,,,,
2,Centralized,Retail_Strip_shopping_mall,,,,,,
3,0,Retail_Strip_shopping_mall,,,,,,
3,1,Retail_Strip_shopping_mall,,,,,,
3,2,Retail_Strip_shopping_mall,,,,,,
3,3,Retail_Strip_shopping_mall,,,,,,
3,4,Retail_Strip_shopping_mall,,,,,,
3,5,Retail_Strip_shopping_mall,,,,,,
3,Aggregated,Retail_Strip_shopping_mall,,,,,,
3,Centralized,Retail_Strip_shopping_mall,,,,,,
4,0,Retail_Strip_shopping_mall,,,,,,
4,1,Retail_Strip_shopping_mall,,,,,,
4,2,Retail_Strip_shopping_mall,,,,,,
4,3,Retail_Strip_shopping_mall,,,,,,
4,4,Retail_Strip_shopping_mall,,,,,,
4,5,Retail_Strip_shopping_mall,,,,,,
4,Aggregated,Retail_Strip_shopping_mall,,,,,,
4,Centralized,Retail_Strip_shopping_mall,,,,,,
5,0,Retail_Strip_shopping_mall,,,,,,
5,1,Retail_Strip_shopping_mall,,,,,,
5,2,Retail_Strip_shopping_mall,,,,,,
5,3,Retail_Strip_shopping_mall,,,,,,
5,4,Retail_Strip_shopping_mall,,,,,,
5,5,Retail_Strip_shopping_mall,,,,,,
5,Aggregated,Retail_Strip_shopping_mall,,,,,,
5,Centralized,Retail_Strip_shopping_mall,,,,,,
6,0,Retail_Strip_shopping_mall,,,,,,
6,1,Retail_Strip_shopping_mall,,,,,,
6,2,Retail_Strip_shopping_mall,,,,,,
6,3,Retail_Strip_shopping_mall,,,,,,
6,4,Retail_Strip_shopping_mall,,,,,,
6,5,Retail_Strip_shopping_mall,,,,,,
6,Aggregated,Retail_Strip_shopping_mall,,,,,,
6,Centralized,Retail_Strip_shopping_mall,,,,,,
7,0,Retail_Strip_shopping_mall,,,,,,
7,1,Retail_Strip_shopping_mall,,,,,,
7,2,Retail_Strip_shopping_mall,,,,,,
7,3,Retail_Strip_shopping_mall,,,,,,
7,4,Retail_Strip_shopping_mall,,,,,,
7,5,Retail_Strip_shopping_mall,,,,,,
7,Aggregated,Retail_Strip_shopping_mall,,,,,,
7,Centralized,Retail_Strip_shopping_mall,,,,,,
8,0,Retail_Strip_shopping_mall,,,,,,
8,1,Retail_Strip_shopping_mall,,,,,,
8,2,Retail_Strip_shopping_mall,,,,,,
8,3,Retail_Strip_shopping_mall,,,,,,
8,4,Retail_Strip_shopping_mall,,,,,,
8,5,Retail_Strip_shopping_mall,,,,,,
8,Aggregated,Retail_Strip_shopping_mall,,,,,,
8,Centralized,Retail_Strip_shopping_mall,,,,,,
9,0,Retail_Strip_shopping_mall,,,,,,
9,1,Retail_Strip_shopping_mall,,,,,,
9,2,Retail_Strip_shopping_mall,,,,,,
9,3,Retail_Strip_shopping_mall,,,,,,
9,4,Retail_Strip_shopping_mall,,,,,,
9,5,Retail_Strip_shopping_mall,,,,,,
9,Aggregated,Retail_Strip_shopping_mall,,,,,,
9,Centralized,Retail_Strip_shopping_mall,,,,,,
10,0,Retail_Strip_shopping_mall,,,,,,
10,1,Retail_Strip_shopping_mall,,,,,,
10,2,Retail_Strip_shopping_mall,,,,,,
10,3,Retail_Strip_shopping_mall,,,,,,
10,4,Retail_Strip_shopping_mall,,,,,,
10,5,Retail_Strip_shopping_mall,,,,,,
10,Aggregated,Retail_Strip_shopping_mall,,,,,,
10,Centralized,Retail_Strip_shopping_mall,,,,,,
11,0,Retail_Strip_shopping_mall,,,,,,
11,1,Retail_Strip_shopping_mall,,,,,,
11,2,Retail_Strip_shopping_mall,,,,,,
11,3,Retail_Strip_shopping_mall,,,,,,
11,4,Retail_Strip_shopping_mall,,,,,,
11,5,Retail_Strip_shopping_mall,,,,,,
11,Aggregated,Retail_Strip_shopping_mall,,,,,,
11,Centralized,Retail_Strip_shopping_mall,,,,,,
12,0,Retail_Strip_shopping_mall,,,,,,
12,1,Retail_Strip_shopping_mall,,,,,,
12,2,Retail_Strip_shopping_mall,,,,,,
12,3,Retail_Strip_shopping_mall,,,,,,
12,4,Retail_Strip_shopping_mall,,,,,,
12,5,Retail_Strip_shopping_mall,,,,,,
12,Aggregated,Retail_Strip_shopping_mall,,,,,,
12,Centralized,Retail_Strip_shopping_mall,,,,,,
13,0,Retail_Strip_shopping_mall,,,,,,
13,1,Retail_Strip_shopping_mall,,,,,,
13,2,Retail_Strip_shopping_mall,,,,,,
13,3,Retail_Strip_shopping_mall,,,,,,
13,4,Retail_Strip_shopping_mall,,,,,,
13,5,Retail_Strip_shopping_mall,,,,,,
13,Aggregated,Retail_Strip_shopping_mall,,,,,,
13,Centralized,Retail_Strip_shopping_mall,,,,,,
14,0,Retail_Strip_shopping_mall,,,,,,
14,1,Retail_Strip_shopping_mall,,,,,,
14,2,Retail_Strip_shopping_mall,,,,,,
14,3,Retail_Strip_shopping_mall,,,,,,
14,4,Retail_Strip_shopping_mall,,,,,,
14,5,Retail_Strip_shopping_mall,,,,,,
14,Aggregated,Retail_Strip_shopping_mall,,,,,,
14,Centralized,Retail_Strip_shopping_mall,,,,,,
15,0,Retail_Strip_shopping_mall,,,,,,
15,1,Retail_Strip_shopping_mall,,,,,,
15,2,Retail_Strip_shopping_mall,,,,,,
15,3,Retail_Strip_shopping_mall,,,,,,
15,4,Retail_Strip_shopping_mall,,,,,,
15,5,Retail_Strip_shopping_mall,,,,,,
15,Aggregated,Retail_Strip_shopping_mall,,,,,,
15,Centralized,Retail_Strip_shopping_mall,,,,,,
16,0,Retail_Strip_shopping_mall,,,,,,
16,1,Retail_Strip_shopping_mall,,,,,,
16,2,Retail_Strip_shopping_mall,,,,,,
16,3,Retail_Strip_shopping_mall,,,,,,
16,4,Retail_Strip_shopping_mall,,,,,,
16,5,Retail_Strip_shopping_mall,,,,,,
16,Aggregated,Retail_Strip_shopping_mall,,,,,,
16,Centralized,Retail_Strip_shopping_mall,,,,,,
17,0,Retail_Strip_shopping_mall,,,,,,
17,1,Retail_Strip_shopping_mall,,,,,,
17,2,Retail_Strip_shopping_mall,,,,,,
17,3,Retail_Strip_shopping_mall,,,,,,
17,4,Retail_Strip_shopping_mall,,,,,,
17,5,Retail_Strip_shopping_mall,,,,,,
17,Aggregated,Retail_Strip_shopping_mall,,,,,,
17,Centralized,Retail_Strip_shopping_mall,,,,,,
18,0,Retail_Strip_shopping_mall,,,,,,
18,1,Retail_Strip_shopping_mall,,,,,,
18,2,Retail_Strip_shopping_mall,,,,,,
18,3,Retail_Strip_shopping_mall,,,,,,
18,4,Retail_Strip_shopping_mall,,,,,,
18,5,Retail_Strip_shopping_mall,,,,,,
18,Aggregated,Retail_Strip_shopping_mall,,,,,,
18,Centralized,Retail_Strip_shopping_mall,,,,,,
19,0,Retail_Strip_shopping_mall,,,,,,
19,1,Retail_Strip_shopping_mall,,,,,,
19,2,Retail_Strip_shopping_mall,,,,,,
19,3,Retail_Strip_shopping_mall,,,,,,
19,4,Retail_Strip_shopping_mall,,,,,,
19,5,Retail_Strip_shopping_mall,,,,,,
19,Aggregated,Retail_Strip_shopping_mall,,,,,,
19,Centralized,Retail_Strip_shopping_mall,,,,,,
20,0,Retail_Strip_shopping_mall,,,,,,
20,1,Retail_Strip_shopping_mall,,,,,,
20,2,Retail_Strip_shopping_mall,,,,,,
20,3,Retail_Strip_shopping_mall,,,,,,
20,4,Retail_Strip_shopping_mall,,,,,,
20,5,Retail_Strip_shopping_mall,,,,,,
20,Aggregated,Retail_Strip_shopping_mall,,,,,,
20,Centralized,Retail_Strip_shopping_mall,,,,,,
21,0,Retail_Strip_shopping_mall,,,,,,
21,1,Retail_Strip_shopping_mall,,,,,,
21,2,Retail_Strip_shopping_mall,,,,,,
21,3,Retail_Strip_shopping_mall,,,,,,
21,4,Retail_Strip_shopping_mall,,,,,,
21,5,Retail_Strip_shopping_mall,,,,,,
21,Aggregated,Retail_Strip_shopping_mall,,,,,,
21,Centralized,Retail_Strip_shopping_mall,,,,,,
22,0,Retail_Strip_shopping_mall,,,,,,
22,1,Retail_Strip_shopping_mall,,,,,,
22,2,Retail_Strip_shopping_mall,,,,,,
22,3,Retail_Strip_shopping_mall,,,,,,
22,4,Retail_Strip_shopping_mall,,,,,,
22,5,Retail_Strip_shopping_mall,,,,,,
22,Aggregated,Retail_Strip_shopping_mall,,,,,,
22,Centralized,Retail_Strip_shopping_mall,,,,,,
23,0,Retail_Strip_shopping_mall,,,,,,
23,1,Retail_Strip_shopping_mall,,,,,,
23,2,Retail_Strip_shopping_mall,,,,,,
23,3,Retail_Strip_shopping_mall,,,,,,
23,4,Retail_Strip_shopping_mall,,,,,,
23,5,Retail_Strip_shopping_mall,,,,,,
23,Aggregated,Retail_Strip_shopping_mall,,,,,,
23,Centralized,Retail_Strip_shopping_mall,,,,,,
0,0,Public_Safety_Courthouse,,,,,,
0,1,Public_Safety_Courthouse,,,,,,
0,2,Public_Safety_Courthouse,,,,,,
0,3,Public_Safety_Courthouse,,,,,,
0,4,Public_Safety_Courthouse,,,,,,
0,5,Public_Safety_Courthouse,,,,,,
0,Aggregated,Public_Safety_Courthouse,,,,,,
0,Centralized,Public_Safety_Courthouse,,,,,,
1,0,Public_Safety_Courthouse,,,,,,
1,1,Public_Safety_Courthouse,,,,,,
1,2,Public_Safety_Courthouse,,,,,,
1,3,Public_Safety_Courthouse,,,,,,
1,4,Public_Safety_Courthouse,,,,,,
1,5,Public_Safety_Courthouse,,,,,,
1,Aggregated,Public_Safety_Courthouse,,,,,,
1,Centralized,Public_Safety_Courthouse,,,,,,
2,0,Public_Safety_Courthouse,,,,,,
2,1,Public_Safety_Courthouse,,,,,,
2,2,Public_Safety_Courthouse,,,,,,
2,3,Public_Safety_Courthouse,,,,,,
2,4,Public_Safety_Courthouse,,,,,,
2,5,Public_Safety_Courthouse,,,,,,
2,Aggregated,Public_Safety_Courthouse,,,,,,
2,Centralized,Public_Safety_Courthouse,,,,,,
3,0,Public_Safety_Courthouse,,,,,,
3,1,Public_Safety_Courthouse,,,,,,
3,2,Public_Safety_Courthouse,,,,,,
3,3,Public_Safety_Courthouse,,,,,,
3,4,Public_Safety_Courthouse,,,,,,
3,5,Public_Safety_Courthouse,,,,,,
3,Aggregated,Public_Safety_Courthouse,,,,,,
3,Centralized,Public_Safety_Courthouse,,,,,,
4,0,Public_Safety_Courthouse,,,,,,
4,1,Public_Safety_Courthouse,,,,,,
4,2,Public_Safety_Courthouse,,,,,,
4,3,Public_Safety_Courthouse,,,,,,
4,4,Public_Safety_Courthouse,,,,,,
4,5,Public_Safety_Courthouse,,,,,,
4,Aggregated,Public_Safety_Courthouse,,,,,,
4,Centralized,Public_Safety_Courthouse,,,,,,
5,0,Public_Safety_Courthouse,,,,,,
5,1,Public_Safety_Courthouse,,,,,,
5,2,Public_Safety_Courthouse,,,,,,
5,3,Public_Safety_Courthouse,,,,,,
5,4,Public_Safety_Courthouse,,,,,,
5,5,Public_Safety_Courthouse,,,,,,
5,Aggregated,Public_Safety_Courthouse,,,,,,
5,Centralized,Public_Safety_Courthouse,,,,,,
6,0,Public_Safety_Courthouse,,,,,,
6,1,Public_Safety_Courthouse,,,,,,
6,2,Public_Safety_Courthouse,,,,,,
6,3,Public_Safety_Courthouse,,,,,,
6,4,Public_Safety_Courthouse,,,,,,
6,5,Public_Safety_Courthouse,,,,,,
6,Aggregated,Public_Safety_Courthouse,,,,,,
6,Centralized,Public_Safety_Courthouse,,,,,,
7,0,Public_Safety_Courthouse,,,,,,
7,1,Public_Safety_Courthouse,,,,,,
7,2,Public_Safety_Courthouse,,,,,,
7,3,Public_Safety_Courthouse,,,,,,
7,4,Public_Safety_Courthouse,,,,,,
7,5,Public_Safety_Courthouse,,,,,,
7,Aggregated,Public_Safety_Courthouse,,,,,,
7,Centralized,Public_Safety_Courthouse,,,,,,
8,0,Public_Safety_Courthouse,,,,,,
8,1,Public_Safety_Courthouse,,,,,,
8,2,Public_Safety_Courthouse,,,,,,
8,3,Public_Safety_Courthouse,,,,,,
8,4,Public_Safety_Courthouse,,,,,,
8,5,Public_Safety_Courthouse,,,,,,
8,Aggregated,Public_Safety_Courthouse,,,,,,
8,Centralized,Public_Safety_Courthouse,,,,,,
9,0,Public_Safety_Courthouse,,,,,,
9,1,Public_Safety_Courthouse,,,,,,
9,2,Public_Safety_Courthouse,,,,,,
9,3,Public_Safety_Courthouse,,,,,,
9,4,Public_Safety_Courthouse,,,,,,
9,5,Public_Safety_Courthouse,,,,,,
9,Aggregated,Public_Safety_Courthouse,,,,,,
9,Centralized,Public_Safety_Courthouse,,,,,,
10,0,Public_Safety_Courthouse,,,,,,
10,1,Public_Safety_Courthouse,,,,,,
10,2,Public_Safety_Courthouse,,,,,,
10,3,Public_Safety_Courthouse,,,,,,
10,4,Public_Safety_Courthouse,,,,,,
10,5,Public_Safety_Courthouse,,,,,,
10,Aggregated,Public_Safety_Courthouse,,,,,,
10,Centralized,Public_Safety_Courthouse,,,,,,
11,0,Public_Safety_Courthouse,,,,,,
11,1,Public_Safety_Courthouse,,,,,,
11,2,Public_Safety_Courthouse,,,,,,
11,3,Public_Safety_Courthouse,,,,,,
11,4,Public_Safety_Courthouse,,,,,,
11,5,Public_Safety_Courthouse,,,,,,
11,Aggregated,Public_Safety_Courthouse,,,,,,
11,Centralized,Public_Safety_Courthouse,,,,,,
12,0,Public_Safety_Courthouse,,,,,,
12,1,Public_Safety_Courthouse,,,,,,
12,2,Public_Safety_Courthouse,,,,,,
12,3,Public_Safety_Courthouse,,,,,,
12,4,Public_Safety_Courthouse,,,,,,
12,5,Public_Safety_Courthouse,,,,,,
12,Aggregated,Public_Safety_Courthouse,,,,,,
12,Centralized,Public_Safety_Courthouse,,,,,,
13,0,Public_Safety_Courthouse,,,,,,
13,1,Public_Safety_Courthouse,,,,,,
13,2,Public_Safety_Courthouse,,,,,,
13,3,Public_Safety_Courthouse,,,,,,
13,4,Public_Safety_Courthouse,,,,,,
13,5,Public_Safety_Courthouse,,,,,,
13,Aggregated,Public_Safety_Courthouse,,,,,,
13,Centralized,Public_Safety_Courthouse,,,,,,
14,0,Public_Safety_Courthouse,,,,,,
14,1,Public_Safety_Courthouse,,,,,,
14,2,Public_Safety_Courthouse,,,,,,
14,3,Public_Safety_Courthouse,,,,,,
14,4,Public_Safety_Courthouse,,,,,,
14,5,Public_Safety_Courthouse,,,,,,
14,Aggregated,Public_Safety_Courthouse,,,,,,
14,Centralized,Public_Safety_Courthouse,,,,,,
15,0,Public_Safety_Courthouse,,,,,,
15,1,Public_Safety_Courthouse,,,,,,
15,2,Public_Safety_Courthouse,,,,,,
15,3,Public_Safety_Courthouse,,,,,,
15,4,Public_Safety_Courthouse,,,,,,
15,5,Public_Safety_Courthouse,,,,,,
15,Aggregated,Public_Safety_Courthouse,,,,,,
15,Centralized,Public_Safety_Courthouse,,,,,,
16,0,Public_Safety_Courthouse,,,,,,
16,1,Public_Safety_Courthouse,,,,,,
16,2,Public_Safety_Courthouse,,,,,,
16,3,Public_Safety_Courthouse,,,,,,
16,4,Public_Safety_Courthouse,,,,,,
16,5,Public_Safety_Courthouse,,,,,,
16,Aggregated,Public_Safety_Courthouse,,,,,,
16,Centralized,Public_Safety_Courthouse,,,,,,
17,0,Public_Safety_Courthouse,,,,,,
17,1,Public_Safety_Courthouse,,,,,,
17,2,Public_Safety_Courthouse,,,,,,
17,3,Public_Safety_Courthouse,,,,,,
17,4,Public_Safety_Courthouse,,,,,,
17,5,Public_Safety_Courthouse,,,,,,
17,Aggregated,Public_Safety_Courthouse,,,,,,
17,Centralized,Public_Safety_Courthouse,,,,,,
18,0,Public_Safety_Courthouse,,,,,,
18,1,Public_Safety_Courthouse,,,,,,
18,2,Public_Safety_Courthouse,,,,,,
18,3,Public_Safety_Courthouse,,,,,,
18,4,Public_Safety_Courthouse,,,,,,
18,5,Public_Safety_Courthouse,,,,,,
18,Aggregated,Public_Safety_Courthouse,,,,,,
18,Centralized,Public_Safety_Courthouse,,,,,,
19,0,Public_Safety_Courthouse,,,,,,
19,1,Public_Safety_Courthouse,,,,,,
19,2,Public_Safety_Courthouse,,,,,,
19,3,Public_Safety_Courthouse,,,,,,
19,4,Public_Safety_Courthouse,,,,,,
19,5,Public_Safety_Courthouse,,,,,,
19,Aggregated,Public_Safety_Courthouse,,,,,,
19,Centralized,Public_Safety_Courthouse,,,,,,
20,0,Public_Safety_Courthouse,,,,,,
20,1,Public_Safety_Courthouse,,,,,,
20,2,Public_Safety_Courthouse,,,,,,
20,3,Public_Safety_Courthouse,,,,,,
20,4,Public_Safety_Courthouse,,,,,,
20,5,Public_Safety_Courthouse,,,,,,
20,Aggregated,Public_Safety_Courthouse,,,,,,
20,Centralized,Public_Safety_Courthouse,,,,,,
21,0,Public_Safety_Courthouse,,,,,,
21,1,Public_Safety_Courthouse,,,,,,
21,2,Public_Safety_Courthouse,,,,,,
21,3,Public_Safety_Courthouse,,,,,,
21,4,Public_Safety_Courthouse,,,,,,
21,5,Public_Safety_Courthouse,,,,,,
21,Aggregated,Public_Safety_Courthouse,,,,,,
21,Centralized,Public_Safety_Courthouse,,,,,,
22,0,Public_Safety_Courthouse,,,,,,
22,1,Public_Safety_Courthouse,,,,,,
22,2,Public_Safety_Courthouse,,,,,,
22,3,Public_Safety_Courthouse,,,,,,
22,4,Public_Safety_Courthouse,,,,,,
22,5,Public_Safety_Courthouse,,,,,,
22,Aggregated,Public_Safety_Courthouse,,,,,,
22,Centralized,Public_Safety_Courthouse,,,,,,
23,0,Public_Safety_Courthouse,,,,,,
23,1,Public_Safety_Courthouse,,,,,,
23,2,Public_Safety_Courthouse,,,,,,
23,3,Public_Safety_Courthouse,,,,,,
23,4,Public_Safety_Courthouse,,,,,,
23,5,Public_Safety_Courthouse,,,,,,
23,Aggregated,Public_Safety_Courthouse,,,,,,
23,Centralized,Public_Safety_Courthouse,,,,,,
0,0,Parking_Garage,,,,,,
0,1,Parking_Garage,,,,,,
0,2,Parking_Garage,,,,,,
0,3,Parking_Garage,,,,,,
0,4,Parking_Garage,,,,,,
0,5,Parking_Garage,,,,,,
0,Aggregated,Parking_Garage,,,,,,
0,Centralized,Parking_Garage,,,,,,
1,0,Parking_Garage,,,,,,
1,1,Parking_Garage,,,,,,
1,2,Parking_Garage,,,,,,
1,3,Parking_Garage,,,,,,
1,4,Parking_Garage,,,,,,
1,5,Parking_Garage,,,,,,
1,Aggregated,Parking_Garage,,,,,,
1,Centralized,Parking_Garage,,,,,,
2,0,Parking_Garage,,,,,,
2,1,Parking_Garage,,,,,,
2,2,Parking_Garage,,,,,,
2,3,Parking_Garage,,,,,,
2,4,Parking_Garage,,,,,,
2,5,Parking_Garage,,,,,,
2,Aggregated,Parking_Garage,,,,,,
2,Centralized,Parking_Garage,,,,,,
3,0,Parking_Garage,,,,,,
3,1,Parking_Garage,,,,,,
3,2,Parking_Garage,,,,,,
3,3,Parking_Garage,,,,,,
3,4,Parking_Garage,,,,,,
3,5,Parking_Garage,,,,,,
3,Aggregated,Parking_Garage,,,,,,
3,Centralized,Parking_Garage,,,,,,
4,0,Parking_Garage,,,,,,
4,1,Parking_Garage,,,,,,
4,2,Parking_Garage,,,,,,
4,3,Parking_Garage,,,,,,
4,4,Parking_Garage,,,,,,
4,5,Parking_Garage,,,,,,
4,Aggregated,Parking_Garage,,,,,,
4,Centralized,Parking_Garage,,,,,,
5,0,Parking_Garage,,,,,,
5,1,Parking_Garage,,,,,,
5,2,Parking_Garage,,,,,,
5,3,Parking_Garage,,,,,,
5,4,Parking_Garage,,,,,,
5,5,Parking_Garage,,,,,,
5,Aggregated,Parking_Garage,,,,,,
5,Centralized,Parking_Garage,,,,,,
6,0,Parking_Garage,,,,,,
6,1,Parking_Garage,,,,,,
6,2,Parking_Garage,,,,,,
6,3,Parking_Garage,,,,,,
6,4,Parking_Garage,,,,,,
6,5,Parking_Garage,,,,,,
6,Aggregated,Parking_Garage,,,,,,
6,Centralized,Parking_Garage,,,,,,
7,0,Parking_Garage,,,,,,
7,1,Parking_Garage,,,,,,
7,2,Parking_Garage,,,,,,
7,3,Parking_Garage,,,,,,
7,4,Parking_Garage,,,,,,
7,5,Parking_Garage,,,,,,
7,Aggregated,Parking_Garage,,,,,,
7,Centralized,Parking_Garage,,,,,,
8,0,Parking_Garage,,,,,,
8,1,Parking_Garage,,,,,,
8,2,Parking_Garage,,,,,,
8,3,Parking_Garage,,,,,,
8,4,Parking_Garage,,,,,,
8,5,Parking_Garage,,,,,,
8,Aggregated,Parking_Garage,,,,,,
8,Centralized,Parking_Garage,,,,,,
9,0,Parking_Garage,,,,,,
9,1,Parking_Garage,,,,,,
9,2,Parking_Garage,,,,,,
9,3,Parking_Garage,,,,,,
9,4,Parking_Garage,,,,,,
9,5,Parking_Garage,,,,,,
9,Aggregated,Parking_Garage,,,,,,
9,Centralized,Parking_Garage,,,,,,
10,0,Parking_Garage,,,,,,
10,1,Parking_Garage,,,,,,
10,2,Parking_Garage,,,,,,
10,3,Parking_Garage,,,,,,
10,4,Parking_Garage,,,,,,
10,5,Parking_Garage,,,,,,
10,Aggregated,Parking_Garage,,,,,,
10,Centralized,Parking_Garage,,,,,,
11,0,Parking_Garage,,,,,,
11,1,Parking_Garage,,,,,,
11,2,Parking_Garage,,,,,,
11,3,Parking_Garage,,,,,,
11,4,Parking_Garage,,,,,,
11,5,Parking_Garage,,,,,,
11,Aggregated,Parking_Garage,,,,,,
11,Centralized,Parking_Garage,,,,,,
12,0,Parking_Garage,,,,,,
12,1,Parking_Garage,,,,,,
12,2,Parking_Garage,,,,,,
12,3,Parking_Garage,,,,,,
12,4,Parking_Garage,,,,,,
12,5,Parking_Garage,,,,,,
12,Aggregated,Parking_Garage,,,,,,
12,Centralized,Parking_Garage,,,,,,
13,0,Parking_Garage,,,,,,
13,1,Parking_Garage,,,,,,
13,2,Parking_Garage,,,,,,
13,3,Parking_Garage,,,,,,
13,4,Parking_Garage,,,,,,
13,5,Parking_Garage,,,,,,
13,Aggregated,Parking_Garage,,,,,,
13,Centralized,Parking_Garage,,,,,,
14,0,Parking_Garage,,,,,,
14,1,Parking_Garage,,,,,,
14,2,Parking_Garage,,,,,,
14,3,Parking_Garage,,,,,,
14,4,Parking_Garage,,,,,,
14,5,Parking_Garage,,,,,,
14,Aggregated,Parking_Garage,,,,,,
14,Centralized,Parking_Garage,,,,,,
15,0,Parking_Garage,,,,,,
15,1,Parking_Garage,,,,,,
15,2,Parking_Garage,,,,,,
15,3,Parking_Garage,,,,,,
15,4,Parking_Garage,,,,,,
15,5,Parking_Garage,,,,,,
15,Aggregated,Parking_Garage,,,,,,
15,Centralized,Parking_Garage,,,,,,
16,0,Parking_Garage,,,,,,
16,1,Parking_Garage,,,,,,
16,2,Parking_Garage,,,,,,
16,3,Parking_Garage,,,,,,
16,4,Parking_Garage,,,,,,
16,5,Parking_Garage,,,,,,
16,Aggregated,Parking_Garage,,,,,,
16,Centralized,Parking_Garage,,,,,,
17,0,Parking_Garage,,,,,,
17,1,Parking_Garage,,,,,,
17,2,Parking_Garage,,,,,,
17,3,Parking_Garage,,,,,,
17,4,Parking_Garage,,,,,,
17,5,Parking_Garage,,,,,,
17,Aggregated,Parking_Garage,,,,,,
17,Centralized,Parking_Garage,,,,,,
18,0,Parking_Garage,,,,,,
18,1,Parking_Garage,,,,,,
18,2,Parking_Garage,,,,,,
18,3,Parking_Garage,,,,,,
18,4,Parking_Garage,,,,,,
18,5,Parking_Garage,,,,,,
18,Aggregated,Parking_Garage,,,,,,
18,Centralized,Parking_Garage,,,,,,
19,0,Parking_Garage,,,,,,
19,1,Parking_Garage,,,,,,
19,2,Parking_Garage,,,,,,
19,3,Parking_Garage,,,,,,
19,4,Parking_Garage,,,,,,
19,5,Parking_Garage,,,,,,
19,Aggregated,Parking_Garage,,,,,,
19,Centralized,Parking_Garage,,,,,,
20,0,Parking_Garage,,,,,,
20,1,Parking_Garage,,,,,,
20,2,Parking_Garage,,,,,,
20,3,Parking_Garage,,,,,,
20,4,Parking_Garage,,,,,,
20,5,Parking_Garage,,,,,,
20,Aggregated,Parking_Garage,,,,,,
20,Centralized,Parking_Garage,,,,,,
21,0,Parking_Garage,,,,,,
21,1,Parking_Garage,,,,,,
21,2,Parking_Garage,,,,,,
21,3,Parking_Garage,,,,,,
21,4,Parking_Garage,,,,,,
21,5,Parking_Garage,,,,,,
21,Aggregated,Parking_Garage,,,,,,
21,Centralized,Parking_Garage,,,,,,
22,0,Parking_Garage,,,,,,
22,1,Parking_Garage,,,,,,
22,2,Parking_Garage,,,,,,
22,3,Parking_Garage,,,,,,
22,4,Parking_Garage,,,,,,
22,5,Parking_Garage,,,,,,
22,Aggregated,Parking_Garage,,,,,,
22,Centralized,Parking_Garage,,,,,,
23,0,Parking_Garage,,,,,,
23,1,Parking_Garage,,,,,,
23,2,Parking_Garage,,,,,,
23,3,Parking_Garage,,,,,,
23,4,Parking_Garage,,,,,,
23,5,Parking_Garage,,,,,,
23,Aggregated,Parking_Garage,,,,,,
23,Centralized,Parking_Garage,,,,,,
0,0,Education_Uncategorized,,,,,,
0,1,Education_Uncategorized,,,,,,
0,2,Education_Uncategorized,,,,,,
0,3,Education_Uncategorized,,,,,,
0,4,Education_Uncategorized,,,,,,
0,5,Education_Uncategorized,,,,,,
0,Aggregated,Education_Uncategorized,,,,,,
0,Centralized,Education_Uncategorized,,,,,,
1,0,Education_Uncategorized,,,,,,
1,1,Education_Uncategorized,,,,,,
1,2,Education_Uncategorized,,,,,,
1,3,Education_Uncategorized,,,,,,
1,4,Education_Uncategorized,,,,,,
1,5,Education_Uncategorized,,,,,,
1,Aggregated,Education_Uncategorized,,,,,,
1,Centralized,Education_Uncategorized,,,,,,
2,0,Education_Uncategorized,,,,,,
2,1,Education_Uncategorized,,,,,,
2,2,Education_Uncategorized,,,,,,
2,3,Education_Uncategorized,,,,,,
2,4,Education_Uncategorized,,,,,,
2,5,Education_Uncategorized,,,,,,
2,Aggregated,Education_Uncategorized,,,,,,
2,Centralized,Education_Uncategorized,,,,,,
3,0,Education_Uncategorized,,,,,,
3,1,Education_Uncategorized,,,,,,
3,2,Education_Uncategorized,,,,,,
3,3,Education_Uncategorized,,,,,,
3,4,Education_Uncategorized,,,,,,
3,5,Education_Uncategorized,,,,,,
3,Aggregated,Education_Uncategorized,,,,,,
3,Centralized,Education_Uncategorized,,,,,,
4,0,Education_Uncategorized,,,,,,
4,1,Education_Uncategorized,,,,,,
4,2,Education_Uncategorized,,,,,,
4,3,Education_Uncategorized,,,,,,
4,4,Education_Uncategorized,,,,,,
4,5,Education_Uncategorized,,,,,,
4,Aggregated,Education_Uncategorized,,,,,,
4,Centralized,Education_Uncategorized,,,,,,
5,0,Education_Uncategorized,,,,,,
5,1,Education_Uncategorized,,,,,,
5,2,Education_Uncategorized,,,,,,
5,3,Education_Uncategorized,,,,,,
5,4,Education_Uncategorized,,,,,,
5,5,Education_Uncategorized,,,,,,
5,Aggregated,Education_Uncategorized,,,,,,
5,Centralized,Education_Uncategorized,,,,,,
6,0,Education_Uncategorized,,,,,,
6,1,Education_Uncategorized,,,,,,
6,2,Education_Uncategorized,,,,,,
6,3,Education_Uncategorized,,,,,,
6,4,Education_Uncategorized,,,,,,
6,5,Education_Uncategorized,,,,,,
6,Aggregated,Education_Uncategorized,,,,,,
6,Centralized,Education_Uncategorized,,,,,,
7,0,Education_Uncategorized,,,,,,
7,1,Education_Uncategorized,,,,,,
7,2,Education_Uncategorized,,,,,,
7,3,Education_Uncategorized,,,,,,
7,4,Education_Uncategorized,,,,,,
7,5,Education_Uncategorized,,,,,,
7,Aggregated,Education_Uncategorized,,,,,,
7,Centralized,Education_Uncategorized,,,,,,
8,0,Education_Uncategorized,,,,,,
8,1,Education_Uncategorized,,,,,,
8,2,Education_Uncategorized,,,,,,
8,3,Education_Uncategorized,,,,,,
8,4,Education_Uncategorized,,,,,,
8,5,Education_Uncategorized,,,,,,
8,Aggregated,Education_Uncategorized,,,,,,
8,Centralized,Education_Uncategorized,,,,,,
9,0,Education_Uncategorized,,,,,,
9,1,Education_Uncategorized,,,,,,
9,2,Education_Uncategorized,,,,,,
9,3,Education_Uncategorized,,,,,,
9,4,Education_Uncategorized,,,,,,
9,5,Education_Uncategorized,,,,,,
9,Aggregated,Education_Uncategorized,,,,,,
9,Centralized,Education_Uncategorized,,,,,,
10,0,Education_Uncategorized,,,,,,
10,1,Education_Uncategorized,,,,,,
10,2,Education_Uncategorized,,,,,,
10,3,Education_Uncategorized,,,,,,
10,4,Education_Uncategorized,,,,,,
10,5,Education_Uncategorized,,,,,,
10,Aggregated,Education_Uncategorized,,,,,,
10,Centralized,Education_Uncategorized,,,,,,
11,0,Education_Uncategorized,,,,,,
11,1,Education_Uncategorized,,,,,,
11,2,Education_Uncategorized,,,,,,
11,3,Education_Uncategorized,,,,,,
11,4,Education_Uncategorized,,,,,,
11,5,Education_Uncategorized,,,,,,
11,Aggregated,Education_Uncategorized,,,,,,
11,Centralized,Education_Uncategorized,,,,,,
12,0,Education_Uncategorized,,,,,,
12,1,Education_Uncategorized,,,,,,
12,2,Education_Uncategorized,,,,,,
12,3,Education_Uncategorized,,,,,,
12,4,Education_Uncategorized,,,,,,
12,5,Education_Uncategorized,,,,,,
12,Aggregated,Education_Uncategorized,,,,,,
12,Centralized,Education_Uncategorized,,,,,,
13,0,Education_Uncategorized,,,,,,
13,1,Education_Uncategorized,,,,,,
13,2,Education_Uncategorized,,,,,,
13,3,Education_Uncategorized,,,,,,
13,4,Education_Uncategorized,,,,,,
13,5,Education_Uncategorized,,,,,,
13,Aggregated,Education_Uncategorized,,,,,,
13,Centralized,Education_Uncategorized,,,,,,
14,0,Education_Uncategorized,,,,,,
14,1,Education_Uncategorized,,,,,,
14,2,Education_Uncategorized,,,,,,
14,3,Education_Uncategorized,,,,,,
14,4,Education_Uncategorized,,,,,,
14,5,Education_Uncategorized,,,,,,
14,Aggregated,Education_Uncategorized,,,,,,
14,Centralized,Education_Uncategorized,,,,,,
15,0,Education_Uncategorized,,,,,,
15,1,Education_Uncategorized,,,,,,
15,2,Education_Uncategorized,,,,,,
15,3,Education_Uncategorized,,,,,,
15,4,Education_Uncategorized,,,,,,
15,5,Education_Uncategorized,,,,,,
15,Aggregated,Education_Uncategorized,,,,,,
15,Centralized,Education_Uncategorized,,,,,,
16,0,Education_Uncategorized,,,,,,
16,1,Education_Uncategorized,,,,,,
16,2,Education_Uncategorized,,,,,,
16,3,Education_Uncategorized,,,,,,
16,4,Education_Uncategorized,,,,,,
16,5,Education_Uncategorized,,,,,,
16,Aggregated,Education_Uncategorized,,,,,,
16,Centralized,Education_Uncategorized,,,,,,
17,0,Education_Uncategorized,,,,,,
17,1,Education_Uncategorized,,,,,,
17,2,Education_Uncategorized,,,,,,
17,3,Education_Uncategorized,,,,,,
17,4,Education_Uncategorized,,,,,,
17,5,Education_Uncategorized,,,,,,
17,Aggregated,Education_Uncategorized,,,,,,
17,Centralized,Education_Uncategorized,,,,,,
18,0,Education_Uncategorized,,,,,,
18,1,Education_Uncategorized,,,,,,
18,2,Education_Uncategorized,,,,,,
18,3,Education_Uncategorized,,,,,,
18,4,Education_Uncategorized,,,,,,
18,5,Education_Uncategorized,,,,,,
18,Aggregated,Education_Uncategorized,,,,,,
18,Centralized,Education_Uncategorized,,,,,,
19,0,Education_Uncategorized,,,,,,
19,1,Education_Uncategorized,,,,,,
19,2,Education_Uncategorized,,,,,,
19,3,Education_Uncategorized,,,,,,
19,4,Education_Uncategorized,,,,,,
19,5,Education_Uncategorized,,,,,,
19,Aggregated,Education_Uncategorized,,,,,,
19,Centralized,Education_Uncategorized,,,,,,
20,0,Education_Uncategorized,,,,,,
20,1,Education_Uncategorized,,,,,,
20,2,Education_Uncategorized,,,,,,
20,3,Education_Uncategorized,,,,,,
20,4,Education_Uncategorized,,,,,,
20,5,Education_Uncategorized,,,,,,
20,Aggregated,Education_Uncategorized,,,,,,
20,Centralized,Education_Uncategorized,,,,,,
21,0,Education_Uncategorized,,,,,,
21,1,Education_Uncategorized,,,,,,
21,2,Education_Uncategorized,,,,,,
21,3,Education_Uncategorized,,,,,,
21,4,Education_Uncategorized,,,,,,
21,5,Education_Uncategorized,,,,,,
21,Aggregated,Education_Uncategorized,,,,,,
21,Centralized,Education_Uncategorized,,,,,,
22,0,Education_Uncategorized,,,,,,
22,1,Education_Uncategorized,,,,,,
22,2,Education_Uncategorized,,,,,,
22,3,Education_Uncategorized,,,,,,
22,4,Education_Uncategorized,,,,,,
22,5,Education_Uncategorized,,,,,,
22,Aggregated,Education_Uncategorized,,,,,,
22,Centralized,Education_Uncategorized,,,,,,
23,0,Education_Uncategorized,,,,,,
23,1,Education_Uncategorized,,,,,,
23,2,Education_Uncategorized,,,,,,
23,3,Education_Uncategorized,,,,,,
23,4,Education_Uncategorized,,,,,,
23,5,Education_Uncategorized,,,,,,
23,Aggregated,Education_Uncategorized,,,,,,
23,Centralized,Education_Uncategorized,,,,,,
0,0,Public_Assembly_Entertainment_culture,,,,,,
0,1,Public_Assembly_Entertainment_culture,,,,,,
0,2,Public_Assembly_Entertainment_culture,,,,,,
0,3,Public_Assembly_Entertainment_culture,,,,,,
0,4,Public_Assembly_Entertainment_culture,,,,,,
0,5,Public_Assembly_Entertainment_culture,,,,,,
0,Aggregated,Public_Assembly_Entertainment_culture,,,,,,
0,Centralized,Public_Assembly_Entertainment_culture,,,,,,
1,0,Public_Assembly_Entertainment_culture,,,,,,
1,1,Public_Assembly_Entertainment_culture,,,,,,
1,2,Public_Assembly_Entertainment_culture,,,,,,
1,3,Public_Assembly_Entertainment_culture,,,,,,
1,4,Public_Assembly_Entertainment_culture,,,,,,
1,5,Public_Assembly_Entertainment_culture,,,,,,
1,Aggregated,Public_Assembly_Entertainment_culture,,,,,,
1,Centralized,Public_Assembly_Entertainment_culture,,,,,,
2,0,Public_Assembly_Entertainment_culture,,,,,,
2,1,Public_Assembly_Entertainment_culture,,,,,,
2,2,Public_Assembly_Entertainment_culture,,,,,,
2,3,Public_Assembly_Entertainment_culture,,,,,,
2,4,Public_Assembly_Entertainment_culture,,,,,,
2,5,Public_Assembly_Entertainment_culture,,,,,,
2,Aggregated,Public_Assembly_Entertainment_culture,,,,,,
2,Centralized,Public_Assembly_Entertainment_culture,,,,,,
3,0,Public_Assembly_Entertainment_culture,,,,,,
3,1,Public_Assembly_Entertainment_culture,,,,,,
3,2,Public_Assembly_Entertainment_culture,,,,,,
3,3,Public_Assembly_Entertainment_culture,,,,,,
3,4,Public_Assembly_Entertainment_culture,,,,,,
3,5,Public_Assembly_Entertainment_culture,,,,,,
3,Aggregated,Public_Assembly_Entertainment_culture,,,,,,
3,Centralized,Public_Assembly_Entertainment_culture,,,,,,
4,0,Public_Assembly_Entertainment_culture,,,,,,
4,1,Public_Assembly_Entertainment_culture,,,,,,
4,2,Public_Assembly_Entertainment_culture,,,,,,
4,3,Public_Assembly_Entertainment_culture,,,,,,
4,4,Public_Assembly_Entertainment_culture,,,,,,
4,5,Public_Assembly_Entertainment_culture,,,,,,
4,Aggregated,Public_Assembly_Entertainment_culture,,,,,,
4,Centralized,Public_Assembly_Entertainment_culture,,,,,,
5,0,Public_Assembly_Entertainment_culture,,,,,,
5,1,Public_Assembly_Entertainment_culture,,,,,,
5,2,Public_Assembly_Entertainment_culture,,,,,,
5,3,Public_Assembly_Entertainment_culture,,,,,,
5,4,Public_Assembly_Entertainment_culture,,,,,,
5,5,Public_Assembly_Entertainment_culture,,,,,,
5,Aggregated,Public_Assembly_Entertainment_culture,,,,,,
5,Centralized,Public_Assembly_Entertainment_culture,,,,,,
6,0,Public_Assembly_Entertainment_culture,,,,,,
6,1,Public_Assembly_Entertainment_culture,,,,,,
6,2,Public_Assembly_Entertainment_culture,,,,,,
6,3,Public_Assembly_Entertainment_culture,,,,,,
6,4,Public_Assembly_Entertainment_culture,,,,,,
6,5,Public_Assembly_Entertainment_culture,,,,,,
6,Aggregated,Public_Assembly_Entertainment_culture,,,,,,
6,Centralized,Public_Assembly_Entertainment_culture,,,,,,
7,0,Public_Assembly_Entertainment_culture,,,,,,
7,1,Public_Assembly_Entertainment_culture,,,,,,
7,2,Public_Assembly_Entertainment_culture,,,,,,
7,3,Public_Assembly_Entertainment_culture,,,,,,
7,4,Public_Assembly_Entertainment_culture,,,,,,
7,5,Public_Assembly_Entertainment_culture,,,,,,
7,Aggregated,Public_Assembly_Entertainment_culture,,,,,,
7,Centralized,Public_Assembly_Entertainment_culture,,,,,,
8,0,Public_Assembly_Entertainment_culture,,,,,,
8,1,Public_Assembly_Entertainment_culture,,,,,,
8,2,Public_Assembly_Entertainment_culture,,,,,,
8,3,Public_Assembly_Entertainment_culture,,,,,,
8,4,Public_Assembly_Entertainment_culture,,,,,,
8,5,Public_Assembly_Entertainment_culture,,,,,,
8,Aggregated,Public_Assembly_Entertainment_culture,,,,,,
8,Centralized,Public_Assembly_Entertainment_culture,,,,,,
9,0,Public_Assembly_Entertainment_culture,,,,,,
9,1,Public_Assembly_Entertainment_culture,,,,,,
9,2,Public_Assembly_Entertainment_culture,,,,,,
9,3,Public_Assembly_Entertainment_culture,,,,,,
9,4,Public_Assembly_Entertainment_culture,,,,,,
9,5,Public_Assembly_Entertainment_culture,,,,,,
9,Aggregated,Public_Assembly_Entertainment_culture,,,,,,
9,Centralized,Public_Assembly_Entertainment_culture,,,,,,
10,0,Public_Assembly_Entertainment_culture,,,,,,
10,1,Public_Assembly_Entertainment_culture,,,,,,
10,2,Public_Assembly_Entertainment_culture,,,,,,
10,3,Public_Assembly_Entertainment_culture,,,,,,
10,4,Public_Assembly_Entertainment_culture,,,,,,
10,5,Public_Assembly_Entertainment_culture,,,,,,
10,Aggregated,Public_Assembly_Entertainment_culture,,,,,,
10,Centralized,Public_Assembly_Entertainment_culture,,,,,,
11,0,Public_Assembly_Entertainment_culture,,,,,,
11,1,Public_Assembly_Entertainment_culture,,,,,,
11,2,Public_Assembly_Entertainment_culture,,,,,,
11,3,Public_Assembly_Entertainment_culture,,,,,,
11,4,Public_Assembly_Entertainment_culture,,,,,,
11,5,Public_Assembly_Entertainment_culture,,,,,,
11,Aggregated,Public_Assembly_Entertainment_culture,,,,,,
11,Centralized,Public_Assembly_Entertainment_culture,,,,,,
12,0,Public_Assembly_Entertainment_culture,,,,,,
12,1,Public_Assembly_Entertainment_culture,,,,,,
12,2,Public_Assembly_Entertainment_culture,,,,,,
12,3,Public_Assembly_Entertainment_culture,,,,,,
12,4,Public_Assembly_Entertainment_culture,,,,,,
12,5,Public_Assembly_Entertainment_culture,,,,,,
12,Aggregated,Public_Assembly_Entertainment_culture,,,,,,
12,Centralized,Public_Assembly_Entertainment_culture,,,,,,
13,0,Public_Assembly_Entertainment_culture,,,,,,
13,1,Public_Assembly_Entertainment_culture,,,,,,
13,2,Public_Assembly_Entertainment_culture,,,,,,
13,3,Public_Assembly_Entertainment_culture,,,,,,
13,4,Public_Assembly_Entertainment_culture,,,,,,
13,5,Public_Assembly_Entertainment_culture,,,,,,
13,Aggregated,Public_Assembly_Entertainment_culture,,,,,,
13,Centralized,Public_Assembly_Entertainment_culture,,,,,,
14,0,Public_Assembly_Entertainment_culture,,,,,,
14,1,Public_Assembly_Entertainment_culture,,,,,,
14,2,Public_Assembly_Entertainment_culture,,,,,,
14,3,Public_Assembly_Entertainment_culture,,,,,,
14,4,Public_Assembly_Entertainment_culture,,,,,,
14,5,Public_Assembly_Entertainment_culture,,,,,,
14,Aggregated,Public_Assembly_Entertainment_culture,,,,,,
14,Centralized,Public_Assembly_Entertainment_culture,,,,,,
15,0,Public_Assembly_Entertainment_culture,,,,,,
15,1,Public_Assembly_Entertainment_culture,,,,,,
15,2,Public_Assembly_Entertainment_culture,,,,,,
15,3,Public_Assembly_Entertainment_culture,,,,,,
15,4,Public_Assembly_Entertainment_culture,,,,,,
15,5,Public_Assembly_Entertainment_culture,,,,,,
15,Aggregated,Public_Assembly_Entertainment_culture,,,,,,
15,Centralized,Public_Assembly_Entertainment_culture,,,,,,
16,0,Public_Assembly_Entertainment_culture,,,,,,
16,1,Public_Assembly_Entertainment_culture,,,,,,
16,2,Public_Assembly_Entertainment_culture,,,,,,
16,3,Public_Assembly_Entertainment_culture,,,,,,
16,4,Public_Assembly_Entertainment_culture,,,,,,
16,5,Public_Assembly_Entertainment_culture,,,,,,
16,Aggregated,Public_Assembly_Entertainment_culture,,,,,,
16,Centralized,Public_Assembly_Entertainment_culture,,,,,,
17,0,Public_Assembly_Entertainment_culture,,,,,,
17,1,Public_Assembly_Entertainment_culture,,,,,,
17,2,Public_Assembly_Entertainment_culture,,,,,,
17,3,Public_Assembly_Entertainment_culture,,,,,,
17,4,Public_Assembly_Entertainment_culture,,,,,,
17,5,Public_Assembly_Entertainment_culture,,,,,,
17,Aggregated,Public_Assembly_Entertainment_culture,,,,,,
17,Centralized,Public_Assembly_Entertainment_culture,,,,,,
18,0,Public_Assembly_Entertainment_culture,,,,,,
18,1,Public_Assembly_Entertainment_culture,,,,,,
18,2,Public_Assembly_Entertainment_culture,,,,,,
18,3,Public_Assembly_Entertainment_culture,,,,,,
18,4,Public_Assembly_Entertainment_culture,,,,,,
18,5,Public_Assembly_Entertainment_culture,,,,,,
18,Aggregated,Public_Assembly_Entertainment_culture,,,,,,
18,Centralized,Public_Assembly_Entertainment_culture,,,,,,
19,0,Public_Assembly_Entertainment_culture,,,,,,
19,1,Public_Assembly_Entertainment_culture,,,,,,
19,2,Public_Assembly_Entertainment_culture,,,,,,
19,3,Public_Assembly_Entertainment_culture,,,,,,
19,4,Public_Assembly_Entertainment_culture,,,,,,
19,5,Public_Assembly_Entertainment_culture,,,,,,
19,Aggregated,Public_Assembly_Entertainment_culture,,,,,,
19,Centralized,Public_Assembly_Entertainment_culture,,,,,,
20,0,Public_Assembly_Entertainment_culture,,,,,,
20,1,Public_Assembly_Entertainment_culture,,,,,,
20,2,Public_Assembly_Entertainment_culture,,,,,,
20,3,Public_Assembly_Entertainment_culture,,,,,,
20,4,Public_Assembly_Entertainment_culture,,,,,,
20,5,Public_Assembly_Entertainment_culture,,,,,,
20,Aggregated,Public_Assembly_Entertainment_culture,,,,,,
20,Centralized,Public_Assembly_Entertainment_culture,,,,,,
21,0,Public_Assembly_Entertainment_culture,,,,,,
21,1,Public_Assembly_Entertainment_culture,,,,,,
21,2,Public_Assembly_Entertainment_culture,,,,,,
21,3,Public_Assembly_Entertainment_culture,,,,,,
21,4,Public_Assembly_Entertainment_culture,,,,,,
21,5,Public_Assembly_Entertainment_culture,,,,,,
21,Aggregated,Public_Assembly_Entertainment_culture,,,,,,
21,Centralized,Public_Assembly_Entertainment_culture,,,,,,
22,0,Public_Assembly_Entertainment_culture,,,,,,
22,1,Public_Assembly_Entertainment_culture,,,,,,
22,2,Public_Assembly_Entertainment_culture,,,,,,
22,3,Public_Assembly_Entertainment_culture,,,,,,
22,4,Public_Assembly_Entertainment_culture,,,,,,
22,5,Public_Assembly_Entertainment_culture,,,,,,
22,Aggregated,Public_Assembly_Entertainment_culture,,,,,,
22,Centralized,Public_Assembly_Entertainment_culture,,,,,,
23,0,Public_Assembly_Entertainment_culture,,,,,,
23,1,Public_Assembly_Entertainment_culture,,,,,,
23,2,Public_Assembly_Entertainment_culture,,,,,,
23,3,Public_Assembly_Entertainment_culture,,,,,,
23,4,Public_Assembly_Entertainment_culture,,,,,,
23,5,Public_Assembly_Entertainment_culture,,,,,,
23,Aggregated,Public_Assembly_Entertainment_culture,,,,,,
23,Centralized,Public_Assembly_Entertainment_culture,,,,,,
0,0,Retail_Vehicle_dealership_showroom,,,,,,
0,1,Retail_Vehicle_dealership_showroom,,,,,,
0,2,Retail_Vehicle_dealership_showroom,,,,,,
0,3,Retail_Vehicle_dealership_showroom,,,,,,
0,4,Retail_Vehicle_dealership_showroom,,,,,,
0,5,Retail_Vehicle_dealership_showroom,,,,,,
0,Aggregated,Retail_Vehicle_dealership_showroom,,,,,,
0,Centralized,Retail_Vehicle_dealership_showroom,,,,,,
1,0,Retail_Vehicle_dealership_showroom,,,,,,
1,1,Retail_Vehicle_dealership_showroom,,,,,,
1,2,Retail_Vehicle_dealership_showroom,,,,,,
1,3,Retail_Vehicle_dealership_showroom,,,,,,
1,4,Retail_Vehicle_dealership_showroom,,,,,,
1,5,Retail_Vehicle_dealership_showroom,,,,,,
1,Aggregated,Retail_Vehicle_dealership_showroom,,,,,,
1,Centralized,Retail_Vehicle_dealership_showroom,,,,,,
2,0,Retail_Vehicle_dealership_showroom,,,,,,
2,1,Retail_Vehicle_dealership_showroom,,,,,,
2,2,Retail_Vehicle_dealership_showroom,,,,,,
2,3,Retail_Vehicle_dealership_showroom,,,,,,
2,4,Retail_Vehicle_dealership_showroom,,,,,,
2,5,Retail_Vehicle_dealership_showroom,,,,,,
2,Aggregated,Retail_Vehicle_dealership_showroom,,,,,,
2,Centralized,Retail_Vehicle_dealership_showroom,,,,,,
3,0,Retail_Vehicle_dealership_showroom,,,,,,
3,1,Retail_Vehicle_dealership_showroom,,,,,,
3,2,Retail_Vehicle_dealership_showroom,,,,,,
3,3,Retail_Vehicle_dealership_showroom,,,,,,
3,4,Retail_Vehicle_dealership_showroom,,,,,,
3,5,Retail_Vehicle_dealership_showroom,,,,,,
3,Aggregated,Retail_Vehicle_dealership_showroom,,,,,,
3,Centralized,Retail_Vehicle_dealership_showroom,,,,,,
4,0,Retail_Vehicle_dealership_showroom,,,,,,
4,1,Retail_Vehicle_dealership_showroom,,,,,,
4,2,Retail_Vehicle_dealership_showroom,,,,,,
4,3,Retail_Vehicle_dealership_showroom,,,,,,
4,4,Retail_Vehicle_dealership_showroom,,,,,,
4,5,Retail_Vehicle_dealership_showroom,,,,,,
4,Aggregated,Retail_Vehicle_dealership_showroom,,,,,,
4,Centralized,Retail_Vehicle_dealership_showroom,,,,,,
5,0,Retail_Vehicle_dealership_showroom,,,,,,
5,1,Retail_Vehicle_dealership_showroom,,,,,,
5,2,Retail_Vehicle_dealership_showroom,,,,,,
5,3,Retail_Vehicle_dealership_showroom,,,,,,
5,4,Retail_Vehicle_dealership_showroom,,,,,,
5,5,Retail_Vehicle_dealership_showroom,,,,,,
5,Aggregated,Retail_Vehicle_dealership_showroom,,,,,,
5,Centralized,Retail_Vehicle_dealership_showroom,,,,,,
6,0,Retail_Vehicle_dealership_showroom,,,,,,
6,1,Retail_Vehicle_dealership_showroom,,,,,,
6,2,Retail_Vehicle_dealership_showroom,,,,,,
6,3,Retail_Vehicle_dealership_showroom,,,,,,
6,4,Retail_Vehicle_dealership_showroom,,,,,,
6,5,Retail_Vehicle_dealership_showroom,,,,,,
6,Aggregated,Retail_Vehicle_dealership_showroom,,,,,,
6,Centralized,Retail_Vehicle_dealership_showroom,,,,,,
7,0,Retail_Vehicle_dealership_showroom,,,,,,
7,1,Retail_Vehicle_dealership_showroom,,,,,,
7,2,Retail_Vehicle_dealership_showroom,,,,,,
7,3,Retail_Vehicle_dealership_showroom,,,,,,
7,4,Retail_Vehicle_dealership_showroom,,,,,,
7,5,Retail_Vehicle_dealership_showroom,,,,,,
7,Aggregated,Retail_Vehicle_dealership_showroom,,,,,,
7,Centralized,Retail_Vehicle_dealership_showroom,,,,,,
8,0,Retail_Vehicle_dealership_showroom,,,,,,
8,1,Retail_Vehicle_dealership_showroom,,,,,,
8,2,Retail_Vehicle_dealership_showroom,,,,,,
8,3,Retail_Vehicle_dealership_showroom,,,,,,
8,4,Retail_Vehicle_dealership_showroom,,,,,,
8,5,Retail_Vehicle_dealership_showroom,,,,,,
8,Aggregated,Retail_Vehicle_dealership_showroom,,,,,,
8,Centralized,Retail_Vehicle_dealership_showroom,,,,,,
9,0,Retail_Vehicle_dealership_showroom,,,,,,
9,1,Retail_Vehicle_dealership_showroom,,,,,,
9,2,Retail_Vehicle_dealership_showroom,,,,,,
9,3,Retail_Vehicle_dealership_showroom,,,,,,
9,4,Retail_Vehicle_dealership_showroom,,,,,,
9,5,Retail_Vehicle_dealership_showroom,,,,,,
9,Aggregated,Retail_Vehicle_dealership_showroom,,,,,,
9,Centralized,Retail_Vehicle_dealership_showroom,,,,,,
10,0,Retail_Vehicle_dealership_showroom,,,,,,
10,1,Retail_Vehicle_dealership_showroom,,,,,,
10,2,Retail_Vehicle_dealership_showroom,,,,,,
10,3,Retail_Vehicle_dealership_showroom,,,,,,
10,4,Retail_Vehicle_dealership_showroom,,,,,,
10,5,Retail_Vehicle_dealership_showroom,,,,,,
10,Aggregated,Retail_Vehicle_dealership_showroom,,,,,,
10,Centralized,Retail_Vehicle_dealership_showroom,,,,,,
11,0,Retail_Vehicle_dealership_showroom,,,,,,
11,1,Retail_Vehicle_dealership_showroom,,,,,,
11,2,Retail_Vehicle_dealership_showroom,,,,,,
11,3,Retail_Vehicle_dealership_showroom,,,,,,
11,4,Retail_Vehicle_dealership_showroom,,,,,,
11,5,Retail_Vehicle_dealership_showroom,,,,,,
11,Aggregated,Retail_Vehicle_dealership_showroom,,,,,,
11,Centralized,Retail_Vehicle_dealership_showroom,,,,,,
12,0,Retail_Vehicle_dealership_showroom,,,,,,
12,1,Retail_Vehicle_dealership_showroom,,,,,,
12,2,Retail_Vehicle_dealership_showroom,,,,,,
12,3,Retail_Vehicle_dealership_showroom,,,,,,
12,4,Retail_Vehicle_dealership_showroom,,,,,,
12,5,Retail_Vehicle_dealership_showroom,,,,,,
12,Aggregated,Retail_Vehicle_dealership_showroom,,,,,,
12,Centralized,Retail_Vehicle_dealership_showroom,,,,,,
13,0,Retail_Vehicle_dealership_showroom,,,,,,
13,1,Retail_Vehicle_dealership_showroom,,,,,,
13,2,Retail_Vehicle_dealership_showroom,,,,,,
13,3,Retail_Vehicle_dealership_showroom,,,,,,
13,4,Retail_Vehicle_dealership_showroom,,,,,,
13,5,Retail_Vehicle_dealership_showroom,,,,,,
13,Aggregated,Retail_Vehicle_dealership_showroom,,,,,,
13,Centralized,Retail_Vehicle_dealership_showroom,,,,,,
14,0,Retail_Vehicle_dealership_showroom,,,,,,
14,1,Retail_Vehicle_dealership_showroom,,,,,,
14,2,Retail_Vehicle_dealership_showroom,,,,,,
14,3,Retail_Vehicle_dealership_showroom,,,,,,
14,4,Retail_Vehicle_dealership_showroom,,,,,,
14,5,Retail_Vehicle_dealership_showroom,,,,,,
14,Aggregated,Retail_Vehicle_dealership_showroom,,,,,,
14,Centralized,Retail_Vehicle_dealership_showroom,,,,,,
15,0,Retail_Vehicle_dealership_showroom,,,,,,
15,1,Retail_Vehicle_dealership_showroom,,,,,,
15,2,Retail_Vehicle_dealership_showroom,,,,,,
15,3,Retail_Vehicle_dealership_showroom,,,,,,
15,4,Retail_Vehicle_dealership_showroom,,,,,,
15,5,Retail_Vehicle_dealership_showroom,,,,,,
15,Aggregated,Retail_Vehicle_dealership_showroom,,,,,,
15,Centralized,Retail_Vehicle_dealership_showroom,,,,,,
16,0,Retail_Vehicle_dealership_showroom,,,,,,
16,1,Retail_Vehicle_dealership_showroom,,,,,,
16,2,Retail_Vehicle_dealership_showroom,,,,,,
16,3,Retail_Vehicle_dealership_showroom,,,,,,
16,4,Retail_Vehicle_dealership_showroom,,,,,,
16,5,Retail_Vehicle_dealership_showroom,,,,,,
16,Aggregated,Retail_Vehicle_dealership_showroom,,,,,,
16,Centralized,Retail_Vehicle_dealership_showroom,,,,,,
17,0,Retail_Vehicle_dealership_showroom,,,,,,
17,1,Retail_Vehicle_dealership_showroom,,,,,,
17,2,Retail_Vehicle_dealership_showroom,,,,,,
17,3,Retail_Vehicle_dealership_showroom,,,,,,
17,4,Retail_Vehicle_dealership_showroom,,,,,,
17,5,Retail_Vehicle_dealership_showroom,,,,,,
17,Aggregated,Retail_Vehicle_dealership_showroom,,,,,,
17,Centralized,Retail_Vehicle_dealership_showroom,,,,,,
18,0,Retail_Vehicle_dealership_showroom,,,,,,
18,1,Retail_Vehicle_dealership_showroom,,,,,,
18,2,Retail_Vehicle_dealership_showroom,,,,,,
18,3,Retail_Vehicle_dealership_showroom,,,,,,
18,4,Retail_Vehicle_dealership_showroom,,,,,,
18,5,Retail_Vehicle_dealership_showroom,,,,,,
18,Aggregated,Retail_Vehicle_dealership_showroom,,,,,,
18,Centralized,Retail_Vehicle_dealership_showroom,,,,,,
19,0,Retail_Vehicle_dealership_showroom,,,,,,
19,1,Retail_Vehicle_dealership_showroom,,,,,,
19,2,Retail_Vehicle_dealership_showroom,,,,,,
19,3,Retail_Vehicle_dealership_showroom,,,,,,
19,4,Retail_Vehicle_dealership_showroom,,,,,,
19,5,Retail_Vehicle_dealership_showroom,,,,,,
19,Aggregated,Retail_Vehicle_dealership_showroom,,,,,,
19,Centralized,Retail_Vehicle_dealership_showroom,,,,,,
20,0,Retail_Vehicle_dealership_showroom,,,,,,
20,1,Retail_Vehicle_dealership_showroom,,,,,,
20,2,Retail_Vehicle_dealership_showroom,,,,,,
20,3,Retail_Vehicle_dealership_showroom,,,,,,
20,4,Retail_Vehicle_dealership_showroom,,,,,,
20,5,Retail_Vehicle_dealership_showroom,,,,,,
20,Aggregated,Retail_Vehicle_dealership_showroom,,,,,,
20,Centralized,Retail_Vehicle_dealership_showroom,,,,,,
21,0,Retail_Vehicle_dealership_showroom,,,,,,
21,1,Retail_Vehicle_dealership_showroom,,,,,,
21,2,Retail_Vehicle_dealership_showroom,,,,,,
21,3,Retail_Vehicle_dealership_showroom,,,,,,
21,4,Retail_Vehicle_dealership_showroom,,,,,,
21,5,Retail_Vehicle_dealership_showroom,,,,,,
21,Aggregated,Retail_Vehicle_dealership_showroom,,,,,,
21,Centralized,Retail_Vehicle_dealership_showroom,,,,,,
22,0,Retail_Vehicle_dealership_showroom,,,,,,
22,1,Retail_Vehicle_dealership_showroom,,,,,,
22,2,Retail_Vehicle_dealership_showroom,,,,,,
22,3,Retail_Vehicle_dealership_showroom,,,,,,
22,4,Retail_Vehicle_dealership_showroom,,,,,,
22,5,Retail_Vehicle_dealership_showroom,,,,,,
22,Aggregated,Retail_Vehicle_dealership_showroom,,,,,,
22,Centralized,Retail_Vehicle_dealership_showroom,,,,,,
23,0,Retail_Vehicle_dealership_showroom,,,,,,
23,1,Retail_Vehicle_dealership_showroom,,,,,,
23,2,Retail_Vehicle_dealership_showroom,,,,,,
23,3,Retail_Vehicle_dealership_showroom,,,,,,
23,4,Retail_Vehicle_dealership_showroom,,,,,,
23,5,Retail_Vehicle_dealership_showroom,,,,,,
23,Aggregated,Retail_Vehicle_dealership_showroom,,,,,,
23,Centralized,Retail_Vehicle_dealership_showroom,,,,,,
0,0,Warehouse_Selfstorage,,,,,,
0,1,Warehouse_Selfstorage,,,,,,
0,2,Warehouse_Selfstorage,,,,,,
0,3,Warehouse_Selfstorage,,,,,,
0,4,Warehouse_Selfstorage,,,,,,
0,5,Warehouse_Selfstorage,,,,,,
0,Aggregated,Warehouse_Selfstorage,,,,,,
0,Centralized,Warehouse_Selfstorage,,,,,,
1,0,Warehouse_Selfstorage,,,,,,
1,1,Warehouse_Selfstorage,,,,,,
1,2,Warehouse_Selfstorage,,,,,,
1,3,Warehouse_Selfstorage,,,,,,
1,4,Warehouse_Selfstorage,,,,,,
1,5,Warehouse_Selfstorage,,,,,,
1,Aggregated,Warehouse_Selfstorage,,,,,,
1,Centralized,Warehouse_Selfstorage,,,,,,
2,0,Warehouse_Selfstorage,,,,,,
2,1,Warehouse_Selfstorage,,,,,,
2,2,Warehouse_Selfstorage,,,,,,
2,3,Warehouse_Selfstorage,,,,,,
2,4,Warehouse_Selfstorage,,,,,,
2,5,Warehouse_Selfstorage,,,,,,
2,Aggregated,Warehouse_Selfstorage,,,,,,
2,Centralized,Warehouse_Selfstorage,,,,,,
3,0,Warehouse_Selfstorage,,,,,,
3,1,Warehouse_Selfstorage,,,,,,
3,2,Warehouse_Selfstorage,,,,,,
3,3,Warehouse_Selfstorage,,,,,,
3,4,Warehouse_Selfstorage,,,,,,
3,5,Warehouse_Selfstorage,,,,,,
3,Aggregated,Warehouse_Selfstorage,,,,,,
3,Centralized,Warehouse_Selfstorage,,,,,,
4,0,Warehouse_Selfstorage,,,,,,
4,1,Warehouse_Selfstorage,,,,,,
4,2,Warehouse_Selfstorage,,,,,,
4,3,Warehouse_Selfstorage,,,,,,
4,4,Warehouse_Selfstorage,,,,,,
4,5,Warehouse_Selfstorage,,,,,,
4,Aggregated,Warehouse_Selfstorage,,,,,,
4,Centralized,Warehouse_Selfstorage,,,,,,
5,0,Warehouse_Selfstorage,,,,,,
5,1,Warehouse_Selfstorage,,,,,,
5,2,Warehouse_Selfstorage,,,,,,
5,3,Warehouse_Selfstorage,,,,,,
5,4,Warehouse_Selfstorage,,,,,,
5,5,Warehouse_Selfstorage,,,,,,
5,Aggregated,Warehouse_Selfstorage,,,,,,
5,Centralized,Warehouse_Selfstorage,,,,,,
6,0,Warehouse_Selfstorage,,,,,,
6,1,Warehouse_Selfstorage,,,,,,
6,2,Warehouse_Selfstorage,,,,,,
6,3,Warehouse_Selfstorage,,,,,,
6,4,Warehouse_Selfstorage,,,,,,
6,5,Warehouse_Selfstorage,,,,,,
6,Aggregated,Warehouse_Selfstorage,,,,,,
6,Centralized,Warehouse_Selfstorage,,,,,,
7,0,Warehouse_Selfstorage,,,,,,
7,1,Warehouse_Selfstorage,,,,,,
7,2,Warehouse_Selfstorage,,,,,,
7,3,Warehouse_Selfstorage,,,,,,
7,4,Warehouse_Selfstorage,,,,,,
7,5,Warehouse_Selfstorage,,,,,,
7,Aggregated,Warehouse_Selfstorage,,,,,,
7,Centralized,Warehouse_Selfstorage,,,,,,
8,0,Warehouse_Selfstorage,,,,,,
8,1,Warehouse_Selfstorage,,,,,,
8,2,Warehouse_Selfstorage,,,,,,
8,3,Warehouse_Selfstorage,,,,,,
8,4,Warehouse_Selfstorage,,,,,,
8,5,Warehouse_Selfstorage,,,,,,
8,Aggregated,Warehouse_Selfstorage,,,,,,
8,Centralized,Warehouse_Selfstorage,,,,,,
9,0,Warehouse_Selfstorage,,,,,,
9,1,Warehouse_Selfstorage,,,,,,
9,2,Warehouse_Selfstorage,,,,,,
9,3,Warehouse_Selfstorage,,,,,,
9,4,Warehouse_Selfstorage,,,,,,
9,5,Warehouse_Selfstorage,,,,,,
9,Aggregated,Warehouse_Selfstorage,,,,,,
9,Centralized,Warehouse_Selfstorage,,,,,,
10,0,Warehouse_Selfstorage,,,,,,
10,1,Warehouse_Selfstorage,,,,,,
10,2,Warehouse_Selfstorage,,,,,,
10,3,Warehouse_Selfstorage,,,,,,
10,4,Warehouse_Selfstorage,,,,,,
10,5,Warehouse_Selfstorage,,,,,,
10,Aggregated,Warehouse_Selfstorage,,,,,,
10,Centralized,Warehouse_Selfstorage,,,,,,
11,0,Warehouse_Selfstorage,,,,,,
11,1,Warehouse_Selfstorage,,,,,,
11,2,Warehouse_Selfstorage,,,,,,
11,3,Warehouse_Selfstorage,,,,,,
11,4,Warehouse_Selfstorage,,,,,,
11,5,Warehouse_Selfstorage,,,,,,
11,Aggregated,Warehouse_Selfstorage,,,,,,
11,Centralized,Warehouse_Selfstorage,,,,,,
12,0,Warehouse_Selfstorage,,,,,,
12,1,Warehouse_Selfstorage,,,,,,
12,2,Warehouse_Selfstorage,,,,,,
12,3,Warehouse_Selfstorage,,,,,,
12,4,Warehouse_Selfstorage,,,,,,
12,5,Warehouse_Selfstorage,,,,,,
12,Aggregated,Warehouse_Selfstorage,,,,,,
12,Centralized,Warehouse_Selfstorage,,,,,,
13,0,Warehouse_Selfstorage,,,,,,
13,1,Warehouse_Selfstorage,,,,,,
13,2,Warehouse_Selfstorage,,,,,,
13,3,Warehouse_Selfstorage,,,,,,
13,4,Warehouse_Selfstorage,,,,,,
13,5,Warehouse_Selfstorage,,,,,,
13,Aggregated,Warehouse_Selfstorage,,,,,,
13,Centralized,Warehouse_Selfstorage,,,,,,
14,0,Warehouse_Selfstorage,,,,,,
14,1,Warehouse_Selfstorage,,,,,,
14,2,Warehouse_Selfstorage,,,,,,
14,3,Warehouse_Selfstorage,,,,,,
14,4,Warehouse_Selfstorage,,,,,,
14,5,Warehouse_Selfstorage,,,,,,
14,Aggregated,Warehouse_Selfstorage,,,,,,
14,Centralized,Warehouse_Selfstorage,,,,,,
15,0,Warehouse_Selfstorage,,,,,,
15,1,Warehouse_Selfstorage,,,,,,
15,2,Warehouse_Selfstorage,,,,,,
15,3,Warehouse_Selfstorage,,,,,,
15,4,Warehouse_Selfstorage,,,,,,
15,5,Warehouse_Selfstorage,,,,,,
15,Aggregated,Warehouse_Selfstorage,,,,,,
15,Centralized,Warehouse_Selfstorage,,,,,,
16,0,Warehouse_Selfstorage,,,,,,
16,1,Warehouse_Selfstorage,,,,,,
16,2,Warehouse_Selfstorage,,,,,,
16,3,Warehouse_Selfstorage,,,,,,
16,4,Warehouse_Selfstorage,,,,,,
16,5,Warehouse_Selfstorage,,,,,,
16,Aggregated,Warehouse_Selfstorage,,,,,,
16,Centralized,Warehouse_Selfstorage,,,,,,
17,0,Warehouse_Selfstorage,,,,,,
17,1,Warehouse_Selfstorage,,,,,,
17,2,Warehouse_Selfstorage,,,,,,
17,3,Warehouse_Selfstorage,,,,,,
17,4,Warehouse_Selfstorage,,,,,,
17,5,Warehouse_Selfstorage,,,,,,
17,Aggregated,Warehouse_Selfstorage,,,,,,
17,Centralized,Warehouse_Selfstorage,,,,,,
18,0,Warehouse_Selfstorage,,,,,,
18,1,Warehouse_Selfstorage,,,,,,
18,2,Warehouse_Selfstorage,,,,,,
18,3,Warehouse_Selfstorage,,,,,,
18,4,Warehouse_Selfstorage,,,,,,
18,5,Warehouse_Selfstorage,,,,,,
18,Aggregated,Warehouse_Selfstorage,,,,,,
18,Centralized,Warehouse_Selfstorage,,,,,,
19,0,Warehouse_Selfstorage,,,,,,
19,1,Warehouse_Selfstorage,,,,,,
19,2,Warehouse_Selfstorage,,,,,,
19,3,Warehouse_Selfstorage,,,,,,
19,4,Warehouse_Selfstorage,,,,,,
19,5,Warehouse_Selfstorage,,,,,,
19,Aggregated,Warehouse_Selfstorage,,,,,,
19,Centralized,Warehouse_Selfstorage,,,,,,
20,0,Warehouse_Selfstorage,,,,,,
20,1,Warehouse_Selfstorage,,,,,,
20,2,Warehouse_Selfstorage,,,,,,
20,3,Warehouse_Selfstorage,,,,,,
20,4,Warehouse_Selfstorage,,,,,,
20,5,Warehouse_Selfstorage,,,,,,
20,Aggregated,Warehouse_Selfstorage,,,,,,
20,Centralized,Warehouse_Selfstorage,,,,,,
21,0,Warehouse_Selfstorage,,,,,,
21,1,Warehouse_Selfstorage,,,,,,
21,2,Warehouse_Selfstorage,,,,,,
21,3,Warehouse_Selfstorage,,,,,,
21,4,Warehouse_Selfstorage,,,,,,
21,5,Warehouse_Selfstorage,,,,,,
21,Aggregated,Warehouse_Selfstorage,,,,,,
21,Centralized,Warehouse_Selfstorage,,,,,,
22,0,Warehouse_Selfstorage,,,,,,
22,1,Warehouse_Selfstorage,,,,,,
22,2,Warehouse_Selfstorage,,,,,,
22,3,Warehouse_Selfstorage,,,,,,
22,4,Warehouse_Selfstorage,,,,,,
22,5,Warehouse_Selfstorage,,,,,,
22,Aggregated,Warehouse_Selfstorage,,,,,,
22,Centralized,Warehouse_Selfstorage,,,,,,
23,0,Warehouse_Selfstorage,,,,,,
23,1,Warehouse_Selfstorage,,,,,,
23,2,Warehouse_Selfstorage,,,,,,
23,3,Warehouse_Selfstorage,,,,,,
23,4,Warehouse_Selfstorage,,,,,,
23,5,Warehouse_Selfstorage,,,,,,
23,Aggregated,Warehouse_Selfstorage,,,,,,
23,Centralized,Warehouse_Selfstorage,,,,,,
0,0,Retail_Uncategorized,,,,,,
0,1,Retail_Uncategorized,,,,,,
0,2,Retail_Uncategorized,,,,,,
0,3,Retail_Uncategorized,,,,,,
0,4,Retail_Uncategorized,,,,,,
0,5,Retail_Uncategorized,,,,,,
0,Aggregated,Retail_Uncategorized,,,,,,
0,Centralized,Retail_Uncategorized,,,,,,
1,0,Retail_Uncategorized,,,,,,
1,1,Retail_Uncategorized,,,,,,
1,2,Retail_Uncategorized,,,,,,
1,3,Retail_Uncategorized,,,,,,
1,4,Retail_Uncategorized,,,,,,
1,5,Retail_Uncategorized,,,,,,
1,Aggregated,Retail_Uncategorized,,,,,,
1,Centralized,Retail_Uncategorized,,,,,,
2,0,Retail_Uncategorized,,,,,,
2,1,Retail_Uncategorized,,,,,,
2,2,Retail_Uncategorized,,,,,,
2,3,Retail_Uncategorized,,,,,,
2,4,Retail_Uncategorized,,,,,,
2,5,Retail_Uncategorized,,,,,,
2,Aggregated,Retail_Uncategorized,,,,,,
2,Centralized,Retail_Uncategorized,,,,,,
3,0,Retail_Uncategorized,,,,,,
3,1,Retail_Uncategorized,,,,,,
3,2,Retail_Uncategorized,,,,,,
3,3,Retail_Uncategorized,,,,,,
3,4,Retail_Uncategorized,,,,,,
3,5,Retail_Uncategorized,,,,,,
3,Aggregated,Retail_Uncategorized,,,,,,
3,Centralized,Retail_Uncategorized,,,,,,
4,0,Retail_Uncategorized,,,,,,
4,1,Retail_Uncategorized,,,,,,
4,2,Retail_Uncategorized,,,,,,
4,3,Retail_Uncategorized,,,,,,
4,4,Retail_Uncategorized,,,,,,
4,5,Retail_Uncategorized,,,,,,
4,Aggregated,Retail_Uncategorized,,,,,,
4,Centralized,Retail_Uncategorized,,,,,,
5,0,Retail_Uncategorized,,,,,,
5,1,Retail_Uncategorized,,,,,,
5,2,Retail_Uncategorized,,,,,,
5,3,Retail_Uncategorized,,,,,,
5,4,Retail_Uncategorized,,,,,,
5,5,Retail_Uncategorized,,,,,,
5,Aggregated,Retail_Uncategorized,,,,,,
5,Centralized,Retail_Uncategorized,,,,,,
6,0,Retail_Uncategorized,,,,,,
6,1,Retail_Uncategorized,,,,,,
6,2,Retail_Uncategorized,,,,,,
6,3,Retail_Uncategorized,,,,,,
6,4,Retail_Uncategorized,,,,,,
6,5,Retail_Uncategorized,,,,,,
6,Aggregated,Retail_Uncategorized,,,,,,
6,Centralized,Retail_Uncategorized,,,,,,
7,0,Retail_Uncategorized,,,,,,
7,1,Retail_Uncategorized,,,,,,
7,2,Retail_Uncategorized,,,,,,
7,3,Retail_Uncategorized,,,,,,
7,4,Retail_Uncategorized,,,,,,
7,5,Retail_Uncategorized,,,,,,
7,Aggregated,Retail_Uncategorized,,,,,,
7,Centralized,Retail_Uncategorized,,,,,,
8,0,Retail_Uncategorized,,,,,,
8,1,Retail_Uncategorized,,,,,,
8,2,Retail_Uncategorized,,,,,,
8,3,Retail_Uncategorized,,,,,,
8,4,Retail_Uncategorized,,,,,,
8,5,Retail_Uncategorized,,,,,,
8,Aggregated,Retail_Uncategorized,,,,,,
8,Centralized,Retail_Uncategorized,,,,,,
9,0,Retail_Uncategorized,,,,,,
9,1,Retail_Uncategorized,,,,,,
9,2,Retail_Uncategorized,,,,,,
9,3,Retail_Uncategorized,,,,,,
9,4,Retail_Uncategorized,,,,,,
9,5,Retail_Uncategorized,,,,,,
9,Aggregated,Retail_Uncategorized,,,,,,
9,Centralized,Retail_Uncategorized,,,,,,
10,0,Retail_Uncategorized,,,,,,
10,1,Retail_Uncategorized,,,,,,
10,2,Retail_Uncategorized,,,,,,
10,3,Retail_Uncategorized,,,,,,
10,4,Retail_Uncategorized,,,,,,
10,5,Retail_Uncategorized,,,,,,
10,Aggregated,Retail_Uncategorized,,,,,,
10,Centralized,Retail_Uncategorized,,,,,,
11,0,Retail_Uncategorized,,,,,,
11,1,Retail_Uncategorized,,,,,,
11,2,Retail_Uncategorized,,,,,,
11,3,Retail_Uncategorized,,,,,,
11,4,Retail_Uncategorized,,,,,,
11,5,Retail_Uncategorized,,,,,,
11,Aggregated,Retail_Uncategorized,,,,,,
11,Centralized,Retail_Uncategorized,,,,,,
12,0,Retail_Uncategorized,,,,,,
12,1,Retail_Uncategorized,,,,,,
12,2,Retail_Uncategorized,,,,,,
12,3,Retail_Uncategorized,,,,,,
12,4,Retail_Uncategorized,,,,,,
12,5,Retail_Uncategorized,,,,,,
12,Aggregated,Retail_Uncategorized,,,,,,
12,Centralized,Retail_Uncategorized,,,,,,
13,0,Retail_Uncategorized,,,,,,
13,1,Retail_Uncategorized,,,,,,
13,2,Retail_Uncategorized,,,,,,
13,3,Retail_Uncategorized,,,,,,
13,4,Retail_Uncategorized,,,,,,
13,5,Retail_Uncategorized,,,,,,
13,Aggregated,Retail_Uncategorized,,,,,,
13,Centralized,Retail_Uncategorized,,,,,,
14,0,Retail_Uncategorized,,,,,,
14,1,Retail_Uncategorized,,,,,,
14,2,Retail_Uncategorized,,,,,,
14,3,Retail_Uncategorized,,,,,,
14,4,Retail_Uncategorized,,,,,,
14,5,Retail_Uncategorized,,,,,,
14,Aggregated,Retail_Uncategorized,,,,,,
14,Centralized,Retail_Uncategorized,,,,,,
15,0,Retail_Uncategorized,,,,,,
15,1,Retail_Uncategorized,,,,,,
15,2,Retail_Uncategorized,,,,,,
15,3,Retail_Uncategorized,,,,,,
15,4,Retail_Uncategorized,,,,,,
15,5,Retail_Uncategorized,,,,,,
15,Aggregated,Retail_Uncategorized,,,,,,
15,Centralized,Retail_Uncategorized,,,,,,
16,0,Retail_Uncategorized,,,,,,
16,1,Retail_Uncategorized,,,,,,
16,2,Retail_Uncategorized,,,,,,
16,3,Retail_Uncategorized,,,,,,
16,4,Retail_Uncategorized,,,,,,
16,5,Retail_Uncategorized,,,,,,
16,Aggregated,Retail_Uncategorized,,,,,,
16,Centralized,Retail_Uncategorized,,,,,,
17,0,Retail_Uncategorized,,,,,,
17,1,Retail_Uncategorized,,,,,,
17,2,Retail_Uncategorized,,,,,,
17,3,Retail_Uncategorized,,,,,,
17,4,Retail_Uncategorized,,,,,,
17,5,Retail_Uncategorized,,,,,,
17,Aggregated,Retail_Uncategorized,,,,,,
17,Centralized,Retail_Uncategorized,,,,,,
18,0,Retail_Uncategorized,,,,,,
18,1,Retail_Uncategorized,,,,,,
18,2,Retail_Uncategorized,,,,,,
18,3,Retail_Uncategorized,,,,,,
18,4,Retail_Uncategorized,,,,,,
18,5,Retail_Uncategorized,,,,,,
18,Aggregated,Retail_Uncategorized,,,,,,
18,Centralized,Retail_Uncategorized,,,,,,
19,0,Retail_Uncategorized,,,,,,
19,1,Retail_Uncategorized,,,,,,
19,2,Retail_Uncategorized,,,,,,
19,3,Retail_Uncategorized,,,,,,
19,4,Retail_Uncategorized,,,,,,
19,5,Retail_Uncategorized,,,,,,
19,Aggregated,Retail_Uncategorized,,,,,,
19,Centralized,Retail_Uncategorized,,,,,,
20,0,Retail_Uncategorized,,,,,,
20,1,Retail_Uncategorized,,,,,,
20,2,Retail_Uncategorized,,,,,,
20,3,Retail_Uncategorized,,,,,,
20,4,Retail_Uncategorized,,,,,,
20,5,Retail_Uncategorized,,,,,,
20,Aggregated,Retail_Uncategorized,,,,,,
20,Centralized,Retail_Uncategorized,,,,,,
21,0,Retail_Uncategorized,,,,,,
21,1,Retail_Uncategorized,,,,,,
21,2,Retail_Uncategorized,,,,,,
21,3,Retail_Uncategorized,,,,,,
21,4,Retail_Uncategorized,,,,,,
21,5,Retail_Uncategorized,,,,,,
21,Aggregated,Retail_Uncategorized,,,,,,
21,Centralized,Retail_Uncategorized,,,,,,
22,0,Retail_Uncategorized,,,,,,
22,1,Retail_Uncategorized,,,,,,
22,2,Retail_Uncategorized,,,,,,
22,3,Retail_Uncategorized,,,,,,
22,4,Retail_Uncategorized,,,,,,
22,5,Retail_Uncategorized,,,,,,
22,Aggregated,Retail_Uncategorized,,,,,,
22,Centralized,Retail_Uncategorized,,,,,,
23,0,Retail_Uncategorized,,,,,,
23,1,Retail_Uncategorized,,,,,,
23,2,Retail_Uncategorized,,,,,,
23,3,Retail_Uncategorized,,,,,,
23,4,Retail_Uncategorized,,,,,,
23,5,Retail_Uncategorized,,,,,,
23,Aggregated,Retail_Uncategorized,,,,,,
23,Centralized,Retail_Uncategorized,,,,,,
0,0,Nursing_Home,,,,,,
0,1,Nursing_Home,,,,,,
0,2,Nursing_Home,,,,,,
0,3,Nursing_Home,,,,,,
0,4,Nursing_Home,,,,,,
0,5,Nursing_Home,,,,,,
0,Aggregated,Nursing_Home,,,,,,
0,Centralized,Nursing_Home,,,,,,
1,0,Nursing_Home,,,,,,
1,1,Nursing_Home,,,,,,
1,2,Nursing_Home,,,,,,
1,3,Nursing_Home,,,,,,
1,4,Nursing_Home,,,,,,
1,5,Nursing_Home,,,,,,
1,Aggregated,Nursing_Home,,,,,,
1,Centralized,Nursing_Home,,,,,,
2,0,Nursing_Home,,,,,,
2,1,Nursing_Home,,,,,,
2,2,Nursing_Home,,,,,,
2,3,Nursing_Home,,,,,,
2,4,Nursing_Home,,,,,,
2,5,Nursing_Home,,,,,,
2,Aggregated,Nursing_Home,,,,,,
2,Centralized,Nursing_Home,,,,,,
3,0,Nursing_Home,,,,,,
3,1,Nursing_Home,,,,,,
3,2,Nursing_Home,,,,,,
3,3,Nursing_Home,,,,,,
3,4,Nursing_Home,,,,,,
3,5,Nursing_Home,,,,,,
3,Aggregated,Nursing_Home,,,,,,
3,Centralized,Nursing_Home,,,,,,
4,0,Nursing_Home,,,,,,
4,1,Nursing_Home,,,,,,
4,2,Nursing_Home,,,,,,
4,3,Nursing_Home,,,,,,
4,4,Nursing_Home,,,,,,
4,5,Nursing_Home,,,,,,
4,Aggregated,Nursing_Home,,,,,,
4,Centralized,Nursing_Home,,,,,,
5,0,Nursing_Home,,,,,,
5,1,Nursing_Home,,,,,,
5,2,Nursing_Home,,,,,,
5,3,Nursing_Home,,,,,,
5,4,Nursing_Home,,,,,,
5,5,Nursing_Home,,,,,,
5,Aggregated,Nursing_Home,,,,,,
5,Centralized,Nursing_Home,,,,,,
6,0,Nursing_Home,,,,,,
6,1,Nursing_Home,,,,,,
6,2,Nursing_Home,,,,,,
6,3,Nursing_Home,,,,,,
6,4,Nursing_Home,,,,,,
6,5,Nursing_Home,,,,,,
6,Aggregated,Nursing_Home,,,,,,
6,Centralized,Nursing_Home,,,,,,
7,0,Nursing_Home,,,,,,
7,1,Nursing_Home,,,,,,
7,2,Nursing_Home,,,,,,
7,3,Nursing_Home,,,,,,
7,4,Nursing_Home,,,,,,
7,5,Nursing_Home,,,,,,
7,Aggregated,Nursing_Home,,,,,,
7,Centralized,Nursing_Home,,,,,,
8,0,Nursing_Home,,,,,,
8,1,Nursing_Home,,,,,,
8,2,Nursing_Home,,,,,,
8,3,Nursing_Home,,,,,,
8,4,Nursing_Home,,,,,,
8,5,Nursing_Home,,,,,,
8,Aggregated,Nursing_Home,,,,,,
8,Centralized,Nursing_Home,,,,,,
9,0,Nursing_Home,,,,,,
9,1,Nursing_Home,,,,,,
9,2,Nursing_Home,,,,,,
9,3,Nursing_Home,,,,,,
9,4,Nursing_Home,,,,,,
9,5,Nursing_Home,,,,,,
9,Aggregated,Nursing_Home,,,,,,
9,Centralized,Nursing_Home,,,,,,
10,0,Nursing_Home,,,,,,
10,1,Nursing_Home,,,,,,
10,2,Nursing_Home,,,,,,
10,3,Nursing_Home,,,,,,
10,4,Nursing_Home,,,,,,
10,5,Nursing_Home,,,,,,
10,Aggregated,Nursing_Home,,,,,,
10,Centralized,Nursing_Home,,,,,,
11,0,Nursing_Home,,,,,,
11,1,Nursing_Home,,,,,,
11,2,Nursing_Home,,,,,,
11,3,Nursing_Home,,,,,,
11,4,Nursing_Home,,,,,,
11,5,Nursing_Home,,,,,,
11,Aggregated,Nursing_Home,,,,,,
11,Centralized,Nursing_Home,,,,,,
12,0,Nursing_Home,,,,,,
12,1,Nursing_Home,,,,,,
12,2,Nursing_Home,,,,,,
12,3,Nursing_Home,,,,,,
12,4,Nursing_Home,,,,,,
12,5,Nursing_Home,,,,,,
12,Aggregated,Nursing_Home,,,,,,
12,Centralized,Nursing_Home,,,,,,
13,0,Nursing_Home,,,,,,
13,1,Nursing_Home,,,,,,
13,2,Nursing_Home,,,,,,
13,3,Nursing_Home,,,,,,
13,4,Nursing_Home,,,,,,
13,5,Nursing_Home,,,,,,
13,Aggregated,Nursing_Home,,,,,,
13,Centralized,Nursing_Home,,,,,,
14,0,Nursing_Home,,,,,,
14,1,Nursing_Home,,,,,,
14,2,Nursing_Home,,,,,,
14,3,Nursing_Home,,,,,,
14,4,Nursing_Home,,,,,,
14,5,Nursing_Home,,,,,,
14,Aggregated,Nursing_Home,,,,,,
14,Centralized,Nursing_Home,,,,,,
15,0,Nursing_Home,,,,,,
15,1,Nursing_Home,,,,,,
15,2,Nursing_Home,,,,,,
15,3,Nursing_Home,,,,,,
15,4,Nursing_Home,,,,,,
15,5,Nursing_Home,,,,,,
15,Aggregated,Nursing_Home,,,,,,
15,Centralized,Nursing_Home,,,,,,
16,0,Nursing_Home,,,,,,
16,1,Nursing_Home,,,,,,
16,2,Nursing_Home,,,,,,
16,3,Nursing_Home,,,,,,
16,4,Nursing_Home,,,,,,
16,5,Nursing_Home,,,,,,
16,Aggregated,Nursing_Home,,,,,,
16,Centralized,Nursing_Home,,,,,,
17,0,Nursing_Home,,,,,,
17,1,Nursing_Home,,,,,,
17,2,Nursing_Home,,,,,,
17,3,Nursing_Home,,,,,,
17,4,Nursing_Home,,,,,,
17,5,Nursing_Home,,,,,,
17,Aggregated,Nursing_Home,,,,,,
17,Centralized,Nursing_Home,,,,,,
18,0,Nursing_Home,,,,,,
18,1,Nursing_Home,,,,,,
18,2,Nursing_Home,,,,,,
18,3,Nursing_Home,,,,,,
18,4,Nursing_Home,,,,,,
18,5,Nursing_Home,,,,,,
18,Aggregated,Nursing_Home,,,,,,
18,Centralized,Nursing_Home,,,,,,
19,0,Nursing_Home,,,,,,
19,1,Nursing_Home,,,,,,
19,2,Nursing_Home,,,,,,
19,3,Nursing_Home,,,,,,
19,4,Nursing_Home,,,,,,
19,5,Nursing_Home,,,,,,
19,Aggregated,Nursing_Home,,,,,,
19,Centralized,Nursing_Home,,,,,,
20,0,Nursing_Home,,,,,,
20,1,Nursing_Home,,,,,,
20,2,Nursing_Home,,,,,,
20,3,Nursing_Home,,,,,,
20,4,Nursing_Home,,,,,,
20,5,Nursing_Home,,,,,,
20,Aggregated,Nursing_Home,,,,,,
20,Centralized,Nursing_Home,,,,,,
21,0,Nursing_Home,,,,,,
21,1,Nursing_Home,,,,,,
21,2,Nursing_Home,,,,,,
21,3,Nursing_Home,,,,,,
21,4,Nursing_Home,,,,,,
21,5,Nursing_Home,,,,,,
21,Aggregated,Nursing_Home,,,,,,
21,Centralized,Nursing_Home,,,,,,
22,0,Nursing_Home,,,,,,
22,1,Nursing_Home,,,,,,
22,2,Nursing_Home,,,,,,
22,3,Nursing_Home,,,,,,
22,4,Nursing_Home,,,,,,
22,5,Nursing_Home,,,,,,
22,Aggregated,Nursing_Home,,,,,,
22,Centralized,Nursing_Home,,,,,,
23,0,Nursing_Home,,,,,,
23,1,Nursing_Home,,,,,,
23,2,Nursing_Home,,,,,,
23,3,Nursing_Home,,,,,,
23,4,Nursing_Home,,,,,,
23,5,Nursing_Home,,,,,,
23,Aggregated,Nursing_Home,,,,,,
23,Centralized,Nursing_Home,,,,,,
0,0,Health_Care_Uncategorized,,,,,,
0,1,Health_Care_Uncategorized,,,,,,
0,2,Health_Care_Uncategorized,,,,,,
0,3,Health_Care_Uncategorized,,,,,,
0,4,Health_Care_Uncategorized,,,,,,
0,5,Health_Care_Uncategorized,,,,,,
0,Aggregated,Health_Care_Uncategorized,,,,,,
0,Centralized,Health_Care_Uncategorized,,,,,,
1,0,Health_Care_Uncategorized,,,,,,
1,1,Health_Care_Uncategorized,,,,,,
1,2,Health_Care_Uncategorized,,,,,,
1,3,Health_Care_Uncategorized,,,,,,
1,4,Health_Care_Uncategorized,,,,,,
1,5,Health_Care_Uncategorized,,,,,,
1,Aggregated,Health_Care_Uncategorized,,,,,,
1,Centralized,Health_Care_Uncategorized,,,,,,
2,0,Health_Care_Uncategorized,,,,,,
2,1,Health_Care_Uncategorized,,,,,,
2,2,Health_Care_Uncategorized,,,,,,
2,3,Health_Care_Uncategorized,,,,,,
2,4,Health_Care_Uncategorized,,,,,,
2,5,Health_Care_Uncategorized,,,,,,
2,Aggregated,Health_Care_Uncategorized,,,,,,
2,Centralized,Health_Care_Uncategorized,,,,,,
3,0,Health_Care_Uncategorized,,,,,,
3,1,Health_Care_Uncategorized,,,,,,
3,2,Health_Care_Uncategorized,,,,,,
3,3,Health_Care_Uncategorized,,,,,,
3,4,Health_Care_Uncategorized,,,,,,
3,5,Health_Care_Uncategorized,,,,,,
3,Aggregated,Health_Care_Uncategorized,,,,,,
3,Centralized,Health_Care_Uncategorized,,,,,,
4,0,Health_Care_Uncategorized,,,,,,
4,1,Health_Care_Uncategorized,,,,,,
4,2,Health_Care_Uncategorized,,,,,,
4,3,Health_Care_Uncategorized,,,,,,
4,4,Health_Care_Uncategorized,,,,,,
4,5,Health_Care_Uncategorized,,,,,,
4,Aggregated,Health_Care_Uncategorized,,,,,,
4,Centralized,Health_Care_Uncategorized,,,,,,
5,0,Health_Care_Uncategorized,,,,,,
5,1,Health_Care_Uncategorized,,,,,,
5,2,Health_Care_Uncategorized,,,,,,
5,3,Health_Care_Uncategorized,,,,,,
5,4,Health_Care_Uncategorized,,,,,,
5,5,Health_Care_Uncategorized,,,,,,
5,Aggregated,Health_Care_Uncategorized,,,,,,
5,Centralized,Health_Care_Uncategorized,,,,,,
6,0,Health_Care_Uncategorized,,,,,,
6,1,Health_Care_Uncategorized,,,,,,
6,2,Health_Care_Uncategorized,,,,,,
6,3,Health_Care_Uncategorized,,,,,,
6,4,Health_Care_Uncategorized,,,,,,
6,5,Health_Care_Uncategorized,,,,,,
6,Aggregated,Health_Care_Uncategorized,,,,,,
6,Centralized,Health_Care_Uncategorized,,,,,,
7,0,Health_Care_Uncategorized,,,,,,
7,1,Health_Care_Uncategorized,,,,,,
7,2,Health_Care_Uncategorized,,,,,,
7,3,Health_Care_Uncategorized,,,,,,
7,4,Health_Care_Uncategorized,,,,,,
7,5,Health_Care_Uncategorized,,,,,,
7,Aggregated,Health_Care_Uncategorized,,,,,,
7,Centralized,Health_Care_Uncategorized,,,,,,
8,0,Health_Care_Uncategorized,,,,,,
8,1,Health_Care_Uncategorized,,,,,,
8,2,Health_Care_Uncategorized,,,,,,
8,3,Health_Care_Uncategorized,,,,,,
8,4,Health_Care_Uncategorized,,,,,,
8,5,Health_Care_Uncategorized,,,,,,
8,Aggregated,Health_Care_Uncategorized,,,,,,
8,Centralized,Health_Care_Uncategorized,,,,,,
9,0,Health_Care_Uncategorized,,,,,,
9,1,Health_Care_Uncategorized,,,,,,
9,2,Health_Care_Uncategorized,,,,,,
9,3,Health_Care_Uncategorized,,,,,,
9,4,Health_Care_Uncategorized,,,,,,
9,5,Health_Care_Uncategorized,,,,,,
9,Aggregated,Health_Care_Uncategorized,,,,,,
9,Centralized,Health_Care_Uncategorized,,,,,,
10,0,Health_Care_Uncategorized,,,,,,
10,1,Health_Care_Uncategorized,,,,,,
10,2,Health_Care_Uncategorized,,,,,,
10,3,Health_Care_Uncategorized,,,,,,
10,4,Health_Care_Uncategorized,,,,,,
10,5,Health_Care_Uncategorized,,,,,,
10,Aggregated,Health_Care_Uncategorized,,,,,,
10,Centralized,Health_Care_Uncategorized,,,,,,
11,0,Health_Care_Uncategorized,,,,,,
11,1,Health_Care_Uncategorized,,,,,,
11,2,Health_Care_Uncategorized,,,,,,
11,3,Health_Care_Uncategorized,,,,,,
11,4,Health_Care_Uncategorized,,,,,,
11,5,Health_Care_Uncategorized,,,,,,
11,Aggregated,Health_Care_Uncategorized,,,,,,
11,Centralized,Health_Care_Uncategorized,,,,,,
12,0,Health_Care_Uncategorized,,,,,,
12,1,Health_Care_Uncategorized,,,,,,
12,2,Health_Care_Uncategorized,,,,,,
12,3,Health_Care_Uncategorized,,,,,,
12,4,Health_Care_Uncategorized,,,,,,
12,5,Health_Care_Uncategorized,,,,,,
12,Aggregated,Health_Care_Uncategorized,,,,,,
12,Centralized,Health_Care_Uncategorized,,,,,,
13,0,Health_Care_Uncategorized,,,,,,
13,1,Health_Care_Uncategorized,,,,,,
13,2,Health_Care_Uncategorized,,,,,,
13,3,Health_Care_Uncategorized,,,,,,
13,4,Health_Care_Uncategorized,,,,,,
13,5,Health_Care_Uncategorized,,,,,,
13,Aggregated,Health_Care_Uncategorized,,,,,,
13,Centralized,Health_Care_Uncategorized,,,,,,
14,0,Health_Care_Uncategorized,,,,,,
14,1,Health_Care_Uncategorized,,,,,,
14,2,Health_Care_Uncategorized,,,,,,
14,3,Health_Care_Uncategorized,,,,,,
14,4,Health_Care_Uncategorized,,,,,,
14,5,Health_Care_Uncategorized,,,,,,
14,Aggregated,Health_Care_Uncategorized,,,,,,
14,Centralized,Health_Care_Uncategorized,,,,,,
15,0,Health_Care_Uncategorized,,,,,,
15,1,Health_Care_Uncategorized,,,,,,
15,2,Health_Care_Uncategorized,,,,,,
15,3,Health_Care_Uncategorized,,,,,,
15,4,Health_Care_Uncategorized,,,,,,
15,5,Health_Care_Uncategorized,,,,,,
15,Aggregated,Health_Care_Uncategorized,,,,,,
15,Centralized,Health_Care_Uncategorized,,,,,,
16,0,Health_Care_Uncategorized,,,,,,
16,1,Health_Care_Uncategorized,,,,,,
16,2,Health_Care_Uncategorized,,,,,,
16,3,Health_Care_Uncategorized,,,,,,
16,4,Health_Care_Uncategorized,,,,,,
16,5,Health_Care_Uncategorized,,,,,,
16,Aggregated,Health_Care_Uncategorized,,,,,,
16,Centralized,Health_Care_Uncategorized,,,,,,
17,0,Health_Care_Uncategorized,,,,,,
17,1,Health_Care_Uncategorized,,,,,,
17,2,Health_Care_Uncategorized,,,,,,
17,3,Health_Care_Uncategorized,,,,,,
17,4,Health_Care_Uncategorized,,,,,,
17,5,Health_Care_Uncategorized,,,,,,
17,Aggregated,Health_Care_Uncategorized,,,,,,
17,Centralized,Health_Care_Uncategorized,,,,,,
18,0,Health_Care_Uncategorized,,,,,,
18,1,Health_Care_Uncategorized,,,,,,
18,2,Health_Care_Uncategorized,,,,,,
18,3,Health_Care_Uncategorized,,,,,,
18,4,Health_Care_Uncategorized,,,,,,
18,5,Health_Care_Uncategorized,,,,,,
18,Aggregated,Health_Care_Uncategorized,,,,,,
18,Centralized,Health_Care_Uncategorized,,,,,,
19,0,Health_Care_Uncategorized,,,,,,
19,1,Health_Care_Uncategorized,,,,,,
19,2,Health_Care_Uncategorized,,,,,,
19,3,Health_Care_Uncategorized,,,,,,
19,4,Health_Care_Uncategorized,,,,,,
19,5,Health_Care_Uncategorized,,,,,,
19,Aggregated,Health_Care_Uncategorized,,,,,,
19,Centralized,Health_Care_Uncategorized,,,,,,
20,0,Health_Care_Uncategorized,,,,,,
20,1,Health_Care_Uncategorized,,,,,,
20,2,Health_Care_Uncategorized,,,,,,
20,3,Health_Care_Uncategorized,,,,,,
20,4,Health_Care_Uncategorized,,,,,,
20,5,Health_Care_Uncategorized,,,,,,
20,Aggregated,Health_Care_Uncategorized,,,,,,
20,Centralized,Health_Care_Uncategorized,,,,,,
21,0,Health_Care_Uncategorized,,,,,,
21,1,Health_Care_Uncategorized,,,,,,
21,2,Health_Care_Uncategorized,,,,,,
21,3,Health_Care_Uncategorized,,,,,,
21,4,Health_Care_Uncategorized,,,,,,
21,5,Health_Care_Uncategorized,,,,,,
21,Aggregated,Health_Care_Uncategorized,,,,,,
21,Centralized,Health_Care_Uncategorized,,,,,,
22,0,Health_Care_Uncategorized,,,,,,
22,1,Health_Care_Uncategorized,,,,,,
22,2,Health_Care_Uncategorized,,,,,,
22,3,Health_Care_Uncategorized,,,,,,
22,4,Health_Care_Uncategorized,,,,,,
22,5,Health_Care_Uncategorized,,,,,,
22,Aggregated,Health_Care_Uncategorized,,,,,,
22,Centralized,Health_Care_Uncategorized,,,,,,
23,0,Health_Care_Uncategorized,,,,,,
23,1,Health_Care_Uncategorized,,,,,,
23,2,Health_Care_Uncategorized,,,,,,
23,3,Health_Care_Uncategorized,,,,,,
23,4,Health_Care_Uncategorized,,,,,,
23,5,Health_Care_Uncategorized,,,,,,
23,Aggregated,Health_Care_Uncategorized,,,,,,
23,Centralized,Health_Care_Uncategorized,,,,,,
0,0,Office_Bank_or_other_financial,,,,,,
0,1,Office_Bank_or_other_financial,,,,,,
0,2,Office_Bank_or_other_financial,,,,,,
0,3,Office_Bank_or_other_financial,,,,,,
0,4,Office_Bank_or_other_financial,,,,,,
0,5,Office_Bank_or_other_financial,,,,,,
0,Aggregated,Office_Bank_or_other_financial,,,,,,
0,Centralized,Office_Bank_or_other_financial,,,,,,
1,0,Office_Bank_or_other_financial,,,,,,
1,1,Office_Bank_or_other_financial,,,,,,
1,2,Office_Bank_or_other_financial,,,,,,
1,3,Office_Bank_or_other_financial,,,,,,
1,4,Office_Bank_or_other_financial,,,,,,
1,5,Office_Bank_or_other_financial,,,,,,
1,Aggregated,Office_Bank_or_other_financial,,,,,,
1,Centralized,Office_Bank_or_other_financial,,,,,,
2,0,Office_Bank_or_other_financial,,,,,,
2,1,Office_Bank_or_other_financial,,,,,,
2,2,Office_Bank_or_other_financial,,,,,,
2,3,Office_Bank_or_other_financial,,,,,,
2,4,Office_Bank_or_other_financial,,,,,,
2,5,Office_Bank_or_other_financial,,,,,,
2,Aggregated,Office_Bank_or_other_financial,,,,,,
2,Centralized,Office_Bank_or_other_financial,,,,,,
3,0,Office_Bank_or_other_financial,,,,,,
3,1,Office_Bank_or_other_financial,,,,,,
3,2,Office_Bank_or_other_financial,,,,,,
3,3,Office_Bank_or_other_financial,,,,,,
3,4,Office_Bank_or_other_financial,,,,,,
3,5,Office_Bank_or_other_financial,,,,,,
3,Aggregated,Office_Bank_or_other_financial,,,,,,
3,Centralized,Office_Bank_or_other_financial,,,,,,
4,0,Office_Bank_or_other_financial,,,,,,
4,1,Office_Bank_or_other_financial,,,,,,
4,2,Office_Bank_or_other_financial,,,,,,
4,3,Office_Bank_or_other_financial,,,,,,
4,4,Office_Bank_or_other_financial,,,,,,
4,5,Office_Bank_or_other_financial,,,,,,
4,Aggregated,Office_Bank_or_other_financial,,,,,,
4,Centralized,Office_Bank_or_other_financial,,,,,,
5,0,Office_Bank_or_other_financial,,,,,,
5,1,Office_Bank_or_other_financial,,,,,,
5,2,Office_Bank_or_other_financial,,,,,,
5,3,Office_Bank_or_other_financial,,,,,,
5,4,Office_Bank_or_other_financial,,,,,,
5,5,Office_Bank_or_other_financial,,,,,,
5,Aggregated,Office_Bank_or_other_financial,,,,,,
5,Centralized,Office_Bank_or_other_financial,,,,,,
6,0,Office_Bank_or_other_financial,,,,,,
6,1,Office_Bank_or_other_financial,,,,,,
6,2,Office_Bank_or_other_financial,,,,,,
6,3,Office_Bank_or_other_financial,,,,,,
6,4,Office_Bank_or_other_financial,,,,,,
6,5,Office_Bank_or_other_financial,,,,,,
6,Aggregated,Office_Bank_or_other_financial,,,,,,
6,Centralized,Office_Bank_or_other_financial,,,,,,
7,0,Office_Bank_or_other_financial,,,,,,
7,1,Office_Bank_or_other_financial,,,,,,
7,2,Office_Bank_or_other_financial,,,,,,
7,3,Office_Bank_or_other_financial,,,,,,
7,4,Office_Bank_or_other_financial,,,,,,
7,5,Office_Bank_or_other_financial,,,,,,
7,Aggregated,Office_Bank_or_other_financial,,,,,,
7,Centralized,Office_Bank_or_other_financial,,,,,,
8,0,Office_Bank_or_other_financial,,,,,,
8,1,Office_Bank_or_other_financial,,,,,,
8,2,Office_Bank_or_other_financial,,,,,,
8,3,Office_Bank_or_other_financial,,,,,,
8,4,Office_Bank_or_other_financial,,,,,,
8,5,Office_Bank_or_other_financial,,,,,,
8,Aggregated,Office_Bank_or_other_financial,,,,,,
8,Centralized,Office_Bank_or_other_financial,,,,,,
9,0,Office_Bank_or_other_financial,,,,,,
9,1,Office_Bank_or_other_financial,,,,,,
9,2,Office_Bank_or_other_financial,,,,,,
9,3,Office_Bank_or_other_financial,,,,,,
9,4,Office_Bank_or_other_financial,,,,,,
9,5,Office_Bank_or_other_financial,,,,,,
9,Aggregated,Office_Bank_or_other_financial,,,,,,
9,Centralized,Office_Bank_or_other_financial,,,,,,
10,0,Office_Bank_or_other_financial,,,,,,
10,1,Office_Bank_or_other_financial,,,,,,
10,2,Office_Bank_or_other_financial,,,,,,
10,3,Office_Bank_or_other_financial,,,,,,
10,4,Office_Bank_or_other_financial,,,,,,
10,5,Office_Bank_or_other_financial,,,,,,
10,Aggregated,Office_Bank_or_other_financial,,,,,,
10,Centralized,Office_Bank_or_other_financial,,,,,,
11,0,Office_Bank_or_other_financial,,,,,,
11,1,Office_Bank_or_other_financial,,,,,,
11,2,Office_Bank_or_other_financial,,,,,,
11,3,Office_Bank_or_other_financial,,,,,,
11,4,Office_Bank_or_other_financial,,,,,,
11,5,Office_Bank_or_other_financial,,,,,,
11,Aggregated,Office_Bank_or_other_financial,,,,,,
11,Centralized,Office_Bank_or_other_financial,,,,,,
12,0,Office_Bank_or_other_financial,,,,,,
12,1,Office_Bank_or_other_financial,,,,,,
12,2,Office_Bank_or_other_financial,,,,,,
12,3,Office_Bank_or_other_financial,,,,,,
12,4,Office_Bank_or_other_financial,,,,,,
12,5,Office_Bank_or_other_financial,,,,,,
12,Aggregated,Office_Bank_or_other_financial,,,,,,
12,Centralized,Office_Bank_or_other_financial,,,,,,
13,0,Office_Bank_or_other_financial,,,,,,
13,1,Office_Bank_or_other_financial,,,,,,
13,2,Office_Bank_or_other_financial,,,,,,
13,3,Office_Bank_or_other_financial,,,,,,
13,4,Office_Bank_or_other_financial,,,,,,
13,5,Office_Bank_or_other_financial,,,,,,
13,Aggregated,Office_Bank_or_other_financial,,,,,,
13,Centralized,Office_Bank_or_other_financial,,,,,,
14,0,Office_Bank_or_other_financial,,,,,,
14,1,Office_Bank_or_other_financial,,,,,,
14,2,Office_Bank_or_other_financial,,,,,,
14,3,Office_Bank_or_other_financial,,,,,,
14,4,Office_Bank_or_other_financial,,,,,,
14,5,Office_Bank_or_other_financial,,,,,,
14,Aggregated,Office_Bank_or_other_financial,,,,,,
14,Centralized,Office_Bank_or_other_financial,,,,,,
15,0,Office_Bank_or_other_financial,,,,,,
15,1,Office_Bank_or_other_financial,,,,,,
15,2,Office_Bank_or_other_financial,,,,,,
15,3,Office_Bank_or_other_financial,,,,,,
15,4,Office_Bank_or_other_financial,,,,,,
15,5,Office_Bank_or_other_financial,,,,,,
15,Aggregated,Office_Bank_or_other_financial,,,,,,
15,Centralized,Office_Bank_or_other_financial,,,,,,
16,0,Office_Bank_or_other_financial,,,,,,
16,1,Office_Bank_or_other_financial,,,,,,
16,2,Office_Bank_or_other_financial,,,,,,
16,3,Office_Bank_or_other_financial,,,,,,
16,4,Office_Bank_or_other_financial,,,,,,
16,5,Office_Bank_or_other_financial,,,,,,
16,Aggregated,Office_Bank_or_other_financial,,,,,,
16,Centralized,Office_Bank_or_other_financial,,,,,,
17,0,Office_Bank_or_other_financial,,,,,,
17,1,Office_Bank_or_other_financial,,,,,,
17,2,Office_Bank_or_other_financial,,,,,,
17,3,Office_Bank_or_other_financial,,,,,,
17,4,Office_Bank_or_other_financial,,,,,,
17,5,Office_Bank_or_other_financial,,,,,,
17,Aggregated,Office_Bank_or_other_financial,,,,,,
17,Centralized,Office_Bank_or_other_financial,,,,,,
18,0,Office_Bank_or_other_financial,,,,,,
18,1,Office_Bank_or_other_financial,,,,,,
18,2,Office_Bank_or_other_financial,,,,,,
18,3,Office_Bank_or_other_financial,,,,,,
18,4,Office_Bank_or_other_financial,,,,,,
18,5,Office_Bank_or_other_financial,,,,,,
18,Aggregated,Office_Bank_or_other_financial,,,,,,
18,Centralized,Office_Bank_or_other_financial,,,,,,
19,0,Office_Bank_or_other_financial,,,,,,
19,1,Office_Bank_or_other_financial,,,,,,
19,2,Office_Bank_or_other_financial,,,,,,
19,3,Office_Bank_or_other_financial,,,,,,
19,4,Office_Bank_or_other_financial,,,,,,
19,5,Office_Bank_or_other_financial,,,,,,
19,Aggregated,Office_Bank_or_other_financial,,,,,,
19,Centralized,Office_Bank_or_other_financial,,,,,,
20,0,Office_Bank_or_other_financial,,,,,,
20,1,Office_Bank_or_other_financial,,,,,,
20,2,Office_Bank_or_other_financial,,,,,,
20,3,Office_Bank_or_other_financial,,,,,,
20,4,Office_Bank_or_other_financial,,,,,,
20,5,Office_Bank_or_other_financial,,,,,,
20,Aggregated,Office_Bank_or_other_financial,,,,,,
20,Centralized,Office_Bank_or_other_financial,,,,,,
21,0,Office_Bank_or_other_financial,,,,,,
21,1,Office_Bank_or_other_financial,,,,,,
21,2,Office_Bank_or_other_financial,,,,,,
21,3,Office_Bank_or_other_financial,,,,,,
21,4,Office_Bank_or_other_financial,,,,,,
21,5,Office_Bank_or_other_financial,,,,,,
21,Aggregated,Office_Bank_or_other_financial,,,,,,
21,Centralized,Office_Bank_or_other_financial,,,,,,
22,0,Office_Bank_or_other_financial,,,,,,
22,1,Office_Bank_or_other_financial,,,,,,
22,2,Office_Bank_or_other_financial,,,,,,
22,3,Office_Bank_or_other_financial,,,,,,
22,4,Office_Bank_or_other_financial,,,,,,
22,5,Office_Bank_or_other_financial,,,,,,
22,Aggregated,Office_Bank_or_other_financial,,,,,,
22,Centralized,Office_Bank_or_other_financial,,,,,,
23,0,Office_Bank_or_other_financial,,,,,,
23,1,Office_Bank_or_other_financial,,,,,,
23,2,Office_Bank_or_other_financial,,,,,,
23,3,Office_Bank_or_other_financial,,,,,,
23,4,Office_Bank_or_other_financial,,,,,,
23,5,Office_Bank_or_other_financial,,,,,,
23,Aggregated,Office_Bank_or_other_financial,,,,,,
23,Centralized,Office_Bank_or_other_financial,,,,,,
0,0,Food_Sales,,,,,,
0,1,Food_Sales,,,,,,
0,2,Food_Sales,,,,,,
0,3,Food_Sales,,,,,,
0,4,Food_Sales,,,,,,
0,5,Food_Sales,,,,,,
0,Aggregated,Food_Sales,,,,,,
0,Centralized,Food_Sales,,,,,,
1,0,Food_Sales,,,,,,
1,1,Food_Sales,,,,,,
1,2,Food_Sales,,,,,,
1,3,Food_Sales,,,,,,
1,4,Food_Sales,,,,,,
1,5,Food_Sales,,,,,,
1,Aggregated,Food_Sales,,,,,,
1,Centralized,Food_Sales,,,,,,
2,0,Food_Sales,,,,,,
2,1,Food_Sales,,,,,,
2,2,Food_Sales,,,,,,
2,3,Food_Sales,,,,,,
2,4,Food_Sales,,,,,,
2,5,Food_Sales,,,,,,
2,Aggregated,Food_Sales,,,,,,
2,Centralized,Food_Sales,,,,,,
3,0,Food_Sales,,,,,,
3,1,Food_Sales,,,,,,
3,2,Food_Sales,,,,,,
3,3,Food_Sales,,,,,,
3,4,Food_Sales,,,,,,
3,5,Food_Sales,,,,,,
3,Aggregated,Food_Sales,,,,,,
3,Centralized,Food_Sales,,,,,,
4,0,Food_Sales,,,,,,
4,1,Food_Sales,,,,,,
4,2,Food_Sales,,,,,,
4,3,Food_Sales,,,,,,
4,4,Food_Sales,,,,,,
4,5,Food_Sales,,,,,,
4,Aggregated,Food_Sales,,,,,,
4,Centralized,Food_Sales,,,,,,
5,0,Food_Sales,,,,,,
5,1,Food_Sales,,,,,,
5,2,Food_Sales,,,,,,
5,3,Food_Sales,,,,,,
5,4,Food_Sales,,,,,,
5,5,Food_Sales,,,,,,
5,Aggregated,Food_Sales,,,,,,
5,Centralized,Food_Sales,,,,,,
6,0,Food_Sales,,,,,,
6,1,Food_Sales,,,,,,
6,2,Food_Sales,,,,,,
6,3,Food_Sales,,,,,,
6,4,Food_Sales,,,,,,
6,5,Food_Sales,,,,,,
6,Aggregated,Food_Sales,,,,,,
6,Centralized,Food_Sales,,,,,,
7,0,Food_Sales,,,,,,
7,1,Food_Sales,,,,,,
7,2,Food_Sales,,,,,,
7,3,Food_Sales,,,,,,
7,4,Food_Sales,,,,,,
7,5,Food_Sales,,,,,,
7,Aggregated,Food_Sales,,,,,,
7,Centralized,Food_Sales,,,,,,
8,0,Food_Sales,,,,,,
8,1,Food_Sales,,,,,,
8,2,Food_Sales,,,,,,
8,3,Food_Sales,,,,,,
8,4,Food_Sales,,,,,,
8,5,Food_Sales,,,,,,
8,Aggregated,Food_Sales,,,,,,
8,Centralized,Food_Sales,,,,,,
9,0,Food_Sales,,,,,,
9,1,Food_Sales,,,,,,
9,2,Food_Sales,,,,,,
9,3,Food_Sales,,,,,,
9,4,Food_Sales,,,,,,
9,5,Food_Sales,,,,,,
9,Aggregated,Food_Sales,,,,,,
9,Centralized,Food_Sales,,,,,,
10,0,Food_Sales,,,,,,
10,1,Food_Sales,,,,,,
10,2,Food_Sales,,,,,,
10,3,Food_Sales,,,,,,
10,4,Food_Sales,,,,,,
10,5,Food_Sales,,,,,,
10,Aggregated,Food_Sales,,,,,,
10,Centralized,Food_Sales,,,,,,
11,0,Food_Sales,,,,,,
11,1,Food_Sales,,,,,,
11,2,Food_Sales,,,,,,
11,3,Food_Sales,,,,,,
11,4,Food_Sales,,,,,,
11,5,Food_Sales,,,,,,
11,Aggregated,Food_Sales,,,,,,
11,Centralized,Food_Sales,,,,,,
12,0,Food_Sales,,,,,,
12,1,Food_Sales,,,,,,
12,2,Food_Sales,,,,,,
12,3,Food_Sales,,,,,,
12,4,Food_Sales,,,,,,
12,5,Food_Sales,,,,,,
12,Aggregated,Food_Sales,,,,,,
12,Centralized,Food_Sales,,,,,,
13,0,Food_Sales,,,,,,
13,1,Food_Sales,,,,,,
13,2,Food_Sales,,,,,,
13,3,Food_Sales,,,,,,
13,4,Food_Sales,,,,,,
13,5,Food_Sales,,,,,,
13,Aggregated,Food_Sales,,,,,,
13,Centralized,Food_Sales,,,,,,
14,0,Food_Sales,,,,,,
14,1,Food_Sales,,,,,,
14,2,Food_Sales,,,,,,
14,3,Food_Sales,,,,,,
14,4,Food_Sales,,,,,,
14,5,Food_Sales,,,,,,
14,Aggregated,Food_Sales,,,,,,
14,Centralized,Food_Sales,,,,,,
15,0,Food_Sales,,,,,,
15,1,Food_Sales,,,,,,
15,2,Food_Sales,,,,,,
15,3,Food_Sales,,,,,,
15,4,Food_Sales,,,,,,
15,5,Food_Sales,,,,,,
15,Aggregated,Food_Sales,,,,,,
15,Centralized,Food_Sales,,,,,,
16,0,Food_Sales,,,,,,
16,1,Food_Sales,,,,,,
16,2,Food_Sales,,,,,,
16,3,Food_Sales,,,,,,
16,4,Food_Sales,,,,,,
16,5,Food_Sales,,,,,,
16,Aggregated,Food_Sales,,,,,,
16,Centralized,Food_Sales,,,,,,
17,0,Food_Sales,,,,,,
17,1,Food_Sales,,,,,,
17,2,Food_Sales,,,,,,
17,3,Food_Sales,,,,,,
17,4,Food_Sales,,,,,,
17,5,Food_Sales,,,,,,
17,Aggregated,Food_Sales,,,,,,
17,Centralized,Food_Sales,,,,,,
18,0,Food_Sales,,,,,,
18,1,Food_Sales,,,,,,
18,2,Food_Sales,,,,,,
18,3,Food_Sales,,,,,,
18,4,Food_Sales,,,,,,
18,5,Food_Sales,,,,,,
18,Aggregated,Food_Sales,,,,,,
18,Centralized,Food_Sales,,,,,,
19,0,Food_Sales,,,,,,
19,1,Food_Sales,,,,,,
19,2,Food_Sales,,,,,,
19,3,Food_Sales,,,,,,
19,4,Food_Sales,,,,,,
19,5,Food_Sales,,,,,,
19,Aggregated,Food_Sales,,,,,,
19,Centralized,Food_Sales,,,,,,
20,0,Food_Sales,,,,,,
20,1,Food_Sales,,,,,,
20,2,Food_Sales,,,,,,
20,3,Food_Sales,,,,,,
20,4,Food_Sales,,,,,,
20,5,Food_Sales,,,,,,
20,Aggregated,Food_Sales,,,,,,
20,Centralized,Food_Sales,,,,,,
21,0,Food_Sales,,,,,,
21,1,Food_Sales,,,,,,
21,2,Food_Sales,,,,,,
21,3,Food_Sales,,,,,,
21,4,Food_Sales,,,,,,
21,5,Food_Sales,,,,,,
21,Aggregated,Food_Sales,,,,,,
21,Centralized,Food_Sales,,,,,,
22,0,Food_Sales,,,,,,
22,1,Food_Sales,,,,,,
22,2,Food_Sales,,,,,,
22,3,Food_Sales,,,,,,
22,4,Food_Sales,,,,,,
22,5,Food_Sales,,,,,,
22,Aggregated,Food_Sales,,,,,,
22,Centralized,Food_Sales,,,,,,
23,0,Food_Sales,,,,,,
23,1,Food_Sales,,,,,,
23,2,Food_Sales,,,,,,
23,3,Food_Sales,,,,,,
23,4,Food_Sales,,,,,,
23,5,Food_Sales,,,,,,
23,Aggregated,Food_Sales,,,,,,
23,Centralized,Food_Sales,,,,,,
0,0,Warehouse_Uncategorized,,,,,,
0,1,Warehouse_Uncategorized,,,,,,
0,2,Warehouse_Uncategorized,,,,,,
0,3,Warehouse_Uncategorized,,,,,,
0,4,Warehouse_Uncategorized,,,,,,
0,5,Warehouse_Uncategorized,,,,,,
0,Aggregated,Warehouse_Uncategorized,,,,,,
0,Centralized,Warehouse_Uncategorized,,,,,,
1,0,Warehouse_Uncategorized,,,,,,
1,1,Warehouse_Uncategorized,,,,,,
1,2,Warehouse_Uncategorized,,,,,,
1,3,Warehouse_Uncategorized,,,,,,
1,4,Warehouse_Uncategorized,,,,,,
1,5,Warehouse_Uncategorized,,,,,,
1,Aggregated,Warehouse_Uncategorized,,,,,,
1,Centralized,Warehouse_Uncategorized,,,,,,
2,0,Warehouse_Uncategorized,,,,,,
2,1,Warehouse_Uncategorized,,,,,,
2,2,Warehouse_Uncategorized,,,,,,
2,3,Warehouse_Uncategorized,,,,,,
2,4,Warehouse_Uncategorized,,,,,,
2,5,Warehouse_Uncategorized,,,,,,
2,Aggregated,Warehouse_Uncategorized,,,,,,
2,Centralized,Warehouse_Uncategorized,,,,,,
3,0,Warehouse_Uncategorized,,,,,,
3,1,Warehouse_Uncategorized,,,,,,
3,2,Warehouse_Uncategorized,,,,,,
3,3,Warehouse_Uncategorized,,,,,,
3,4,Warehouse_Uncategorized,,,,,,
3,5,Warehouse_Uncategorized,,,,,,
3,Aggregated,Warehouse_Uncategorized,,,,,,
3,Centralized,Warehouse_Uncategorized,,,,,,
4,0,Warehouse_Uncategorized,,,,,,
4,1,Warehouse_Uncategorized,,,,,,
4,2,Warehouse_Uncategorized,,,,,,
4,3,Warehouse_Uncategorized,,,,,,
4,4,Warehouse_Uncategorized,,,,,,
4,5,Warehouse_Uncategorized,,,,,,
4,Aggregated,Warehouse_Uncategorized,,,,,,
4,Centralized,Warehouse_Uncategorized,,,,,,
5,0,Warehouse_Uncategorized,,,,,,
5,1,Warehouse_Uncategorized,,,,,,
5,2,Warehouse_Uncategorized,,,,,,
5,3,Warehouse_Uncategorized,,,,,,
5,4,Warehouse_Uncategorized,,,,,,
5,5,Warehouse_Uncategorized,,,,,,
5,Aggregated,Warehouse_Uncategorized,,,,,,
5,Centralized,Warehouse_Uncategorized,,,,,,
6,0,Warehouse_Uncategorized,,,,,,
6,1,Warehouse_Uncategorized,,,,,,
6,2,Warehouse_Uncategorized,,,,,,
6,3,Warehouse_Uncategorized,,,,,,
6,4,Warehouse_Uncategorized,,,,,,
6,5,Warehouse_Uncategorized,,,,,,
6,Aggregated,Warehouse_Uncategorized,,,,,,
6,Centralized,Warehouse_Uncategorized,,,,,,
7,0,Warehouse_Uncategorized,,,,,,
7,1,Warehouse_Uncategorized,,,,,,
7,2,Warehouse_Uncategorized,,,,,,
7,3,Warehouse_Uncategorized,,,,,,
7,4,Warehouse_Uncategorized,,,,,,
7,5,Warehouse_Uncategorized,,,,,,
7,Aggregated,Warehouse_Uncategorized,,,,,,
7,Centralized,Warehouse_Uncategorized,,,,,,
8,0,Warehouse_Uncategorized,,,,,,
8,1,Warehouse_Uncategorized,,,,,,
8,2,Warehouse_Uncategorized,,,,,,
8,3,Warehouse_Uncategorized,,,,,,
8,4,Warehouse_Uncategorized,,,,,,
8,5,Warehouse_Uncategorized,,,,,,
8,Aggregated,Warehouse_Uncategorized,,,,,,
8,Centralized,Warehouse_Uncategorized,,,,,,
9,0,Warehouse_Uncategorized,,,,,,
9,1,Warehouse_Uncategorized,,,,,,
9,2,Warehouse_Uncategorized,,,,,,
9,3,Warehouse_Uncategorized,,,,,,
9,4,Warehouse_Uncategorized,,,,,,
9,5,Warehouse_Uncategorized,,,,,,
9,Aggregated,Warehouse_Uncategorized,,,,,,
9,Centralized,Warehouse_Uncategorized,,,,,,
10,0,Warehouse_Uncategorized,,,,,,
10,1,Warehouse_Uncategorized,,,,,,
10,2,Warehouse_Uncategorized,,,,,,
10,3,Warehouse_Uncategorized,,,,,,
10,4,Warehouse_Uncategorized,,,,,,
10,5,Warehouse_Uncategorized,,,,,,
10,Aggregated,Warehouse_Uncategorized,,,,,,
10,Centralized,Warehouse_Uncategorized,,,,,,
11,0,Warehouse_Uncategorized,,,,,,
11,1,Warehouse_Uncategorized,,,,,,
11,2,Warehouse_Uncategorized,,,,,,
11,3,Warehouse_Uncategorized,,,,,,
11,4,Warehouse_Uncategorized,,,,,,
11,5,Warehouse_Uncategorized,,,,,,
11,Aggregated,Warehouse_Uncategorized,,,,,,
11,Centralized,Warehouse_Uncategorized,,,,,,
12,0,Warehouse_Uncategorized,,,,,,
12,1,Warehouse_Uncategorized,,,,,,
12,2,Warehouse_Uncategorized,,,,,,
12,3,Warehouse_Uncategorized,,,,,,
12,4,Warehouse_Uncategorized,,,,,,
12,5,Warehouse_Uncategorized,,,,,,
12,Aggregated,Warehouse_Uncategorized,,,,,,
12,Centralized,Warehouse_Uncategorized,,,,,,
13,0,Warehouse_Uncategorized,,,,,,
13,1,Warehouse_Uncategorized,,,,,,
13,2,Warehouse_Uncategorized,,,,,,
13,3,Warehouse_Uncategorized,,,,,,
13,4,Warehouse_Uncategorized,,,,,,
13,5,Warehouse_Uncategorized,,,,,,
13,Aggregated,Warehouse_Uncategorized,,,,,,
13,Centralized,Warehouse_Uncategorized,,,,,,
14,0,Warehouse_Uncategorized,,,,,,
14,1,Warehouse_Uncategorized,,,,,,
14,2,Warehouse_Uncategorized,,,,,,
14,3,Warehouse_Uncategorized,,,,,,
14,4,Warehouse_Uncategorized,,,,,,
14,5,Warehouse_Uncategorized,,,,,,
14,Aggregated,Warehouse_Uncategorized,,,,,,
14,Centralized,Warehouse_Uncategorized,,,,,,
15,0,Warehouse_Uncategorized,,,,,,
15,1,Warehouse_Uncategorized,,,,,,
15,2,Warehouse_Uncategorized,,,,,,
15,3,Warehouse_Uncategorized,,,,,,
15,4,Warehouse_Uncategorized,,,,,,
15,5,Warehouse_Uncategorized,,,,,,
15,Aggregated,Warehouse_Uncategorized,,,,,,
15,Centralized,Warehouse_Uncategorized,,,,,,
16,0,Warehouse_Uncategorized,,,,,,
16,1,Warehouse_Uncategorized,,,,,,
16,2,Warehouse_Uncategorized,,,,,,
16,3,Warehouse_Uncategorized,,,,,,
16,4,Warehouse_Uncategorized,,,,,,
16,5,Warehouse_Uncategorized,,,,,,
16,Aggregated,Warehouse_Uncategorized,,,,,,
16,Centralized,Warehouse_Uncategorized,,,,,,
17,0,Warehouse_Uncategorized,,,,,,
17,1,Warehouse_Uncategorized,,,,,,
17,2,Warehouse_Uncategorized,,,,,,
17,3,Warehouse_Uncategorized,,,,,,
17,4,Warehouse_Uncategorized,,,,,,
17,5,Warehouse_Uncategorized,,,,,,
17,Aggregated,Warehouse_Uncategorized,,,,,,
17,Centralized,Warehouse_Uncategorized,,,,,,
18,0,Warehouse_Uncategorized,,,,,,
18,1,Warehouse_Uncategorized,,,,,,
18,2,Warehouse_Uncategorized,,,,,,
18,3,Warehouse_Uncategorized,,,,,,
18,4,Warehouse_Uncategorized,,,,,,
18,5,Warehouse_Uncategorized,,,,,,
18,Aggregated,Warehouse_Uncategorized,,,,,,
18,Centralized,Warehouse_Uncategorized,,,,,,
19,0,Warehouse_Uncategorized,,,,,,
19,1,Warehouse_Uncategorized,,,,,,
19,2,Warehouse_Uncategorized,,,,,,
19,3,Warehouse_Uncategorized,,,,,,
19,4,Warehouse_Uncategorized,,,,,,
19,5,Warehouse_Uncategorized,,,,,,
19,Aggregated,Warehouse_Uncategorized,,,,,,
19,Centralized,Warehouse_Uncategorized,,,,,,
20,0,Warehouse_Uncategorized,,,,,,
20,1,Warehouse_Uncategorized,,,,,,
20,2,Warehouse_Uncategorized,,,,,,
20,3,Warehouse_Uncategorized,,,,,,
20,4,Warehouse_Uncategorized,,,,,,
20,5,Warehouse_Uncategorized,,,,,,
20,Aggregated,Warehouse_Uncategorized,,,,,,
20,Centralized,Warehouse_Uncategorized,,,,,,
21,0,Warehouse_Uncategorized,,,,,,
21,1,Warehouse_Uncategorized,,,,,,
21,2,Warehouse_Uncategorized,,,,,,
21,3,Warehouse_Uncategorized,,,,,,
21,4,Warehouse_Uncategorized,,,,,,
21,5,Warehouse_Uncategorized,,,,,,
21,Aggregated,Warehouse_Uncategorized,,,,,,
21,Centralized,Warehouse_Uncategorized,,,,,,
22,0,Warehouse_Uncategorized,,,,,,
22,1,Warehouse_Uncategorized,,,,,,
22,2,Warehouse_Uncategorized,,,,,,
22,3,Warehouse_Uncategorized,,,,,,
22,4,Warehouse_Uncategorized,,,,,,
22,5,Warehouse_Uncategorized,,,,,,
22,Aggregated,Warehouse_Uncategorized,,,,,,
22,Centralized,Warehouse_Uncategorized,,,,,,
23,0,Warehouse_Uncategorized,,,,,,
23,1,Warehouse_Uncategorized,,,,,,
23,2,Warehouse_Uncategorized,,,,,,
23,3,Warehouse_Uncategorized,,,,,,
23,4,Warehouse_Uncategorized,,,,,,
23,5,Warehouse_Uncategorized,,,,,,
23,Aggregated,Warehouse_Uncategorized,,,,,,
23,Centralized,Warehouse_Uncategorized,,,,,,
0,0,Health_Care_Inpatient,,,,,,
0,1,Health_Care_Inpatient,,,,,,
0,2,Health_Care_Inpatient,,,,,,
0,3,Health_Care_Inpatient,,,,,,
0,4,Health_Care_Inpatient,,,,,,
0,5,Health_Care_Inpatient,,,,,,
0,Aggregated,Health_Care_Inpatient,,,,,,
0,Centralized,Health_Care_Inpatient,,,,,,
1,0,Health_Care_Inpatient,,,,,,
1,1,Health_Care_Inpatient,,,,,,
1,2,Health_Care_Inpatient,,,,,,
1,3,Health_Care_Inpatient,,,,,,
1,4,Health_Care_Inpatient,,,,,,
1,5,Health_Care_Inpatient,,,,,,
1,Aggregated,Health_Care_Inpatient,,,,,,
1,Centralized,Health_Care_Inpatient,,,,,,
2,0,Health_Care_Inpatient,,,,,,
2,1,Health_Care_Inpatient,,,,,,
2,2,Health_Care_Inpatient,,,,,,
2,3,Health_Care_Inpatient,,,,,,
2,4,Health_Care_Inpatient,,,,,,
2,5,Health_Care_Inpatient,,,,,,
2,Aggregated,Health_Care_Inpatient,,,,,,
2,Centralized,Health_Care_Inpatient,,,,,,
3,0,Health_Care_Inpatient,,,,,,
3,1,Health_Care_Inpatient,,,,,,
3,2,Health_Care_Inpatient,,,,,,
3,3,Health_Care_Inpatient,,,,,,
3,4,Health_Care_Inpatient,,,,,,
3,5,Health_Care_Inpatient,,,,,,
3,Aggregated,Health_Care_Inpatient,,,,,,
3,Centralized,Health_Care_Inpatient,,,,,,
4,0,Health_Care_Inpatient,,,,,,
4,1,Health_Care_Inpatient,,,,,,
4,2,Health_Care_Inpatient,,,,,,
4,3,Health_Care_Inpatient,,,,,,
4,4,Health_Care_Inpatient,,,,,,
4,5,Health_Care_Inpatient,,,,,,
4,Aggregated,Health_Care_Inpatient,,,,,,
4,Centralized,Health_Care_Inpatient,,,,,,
5,0,Health_Care_Inpatient,,,,,,
5,1,Health_Care_Inpatient,,,,,,
5,2,Health_Care_Inpatient,,,,,,
5,3,Health_Care_Inpatient,,,,,,
5,4,Health_Care_Inpatient,,,,,,
5,5,Health_Care_Inpatient,,,,,,
5,Aggregated,Health_Care_Inpatient,,,,,,
5,Centralized,Health_Care_Inpatient,,,,,,
6,0,Health_Care_Inpatient,,,,,,
6,1,Health_Care_Inpatient,,,,,,
6,2,Health_Care_Inpatient,,,,,,
6,3,Health_Care_Inpatient,,,,,,
6,4,Health_Care_Inpatient,,,,,,
6,5,Health_Care_Inpatient,,,,,,
6,Aggregated,Health_Care_Inpatient,,,,,,
6,Centralized,Health_Care_Inpatient,,,,,,
7,0,Health_Care_Inpatient,,,,,,
7,1,Health_Care_Inpatient,,,,,,
7,2,Health_Care_Inpatient,,,,,,
7,3,Health_Care_Inpatient,,,,,,
7,4,Health_Care_Inpatient,,,,,,
7,5,Health_Care_Inpatient,,,,,,
7,Aggregated,Health_Care_Inpatient,,,,,,
7,Centralized,Health_Care_Inpatient,,,,,,
8,0,Health_Care_Inpatient,,,,,,
8,1,Health_Care_Inpatient,,,,,,
8,2,Health_Care_Inpatient,,,,,,
8,3,Health_Care_Inpatient,,,,,,
8,4,Health_Care_Inpatient,,,,,,
8,5,Health_Care_Inpatient,,,,,,
8,Aggregated,Health_Care_Inpatient,,,,,,
8,Centralized,Health_Care_Inpatient,,,,,,
9,0,Health_Care_Inpatient,,,,,,
9,1,Health_Care_Inpatient,,,,,,
9,2,Health_Care_Inpatient,,,,,,
9,3,Health_Care_Inpatient,,,,,,
9,4,Health_Care_Inpatient,,,,,,
9,5,Health_Care_Inpatient,,,,,,
9,Aggregated,Health_Care_Inpatient,,,,,,
9,Centralized,Health_Care_Inpatient,,,,,,
10,0,Health_Care_Inpatient,,,,,,
10,1,Health_Care_Inpatient,,,,,,
10,2,Health_Care_Inpatient,,,,,,
10,3,Health_Care_Inpatient,,,,,,
10,4,Health_Care_Inpatient,,,,,,
10,5,Health_Care_Inpatient,,,,,,
10,Aggregated,Health_Care_Inpatient,,,,,,
10,Centralized,Health_Care_Inpatient,,,,,,
11,0,Health_Care_Inpatient,,,,,,
11,1,Health_Care_Inpatient,,,,,,
11,2,Health_Care_Inpatient,,,,,,
11,3,Health_Care_Inpatient,,,,,,
11,4,Health_Care_Inpatient,,,,,,
11,5,Health_Care_Inpatient,,,,,,
11,Aggregated,Health_Care_Inpatient,,,,,,
11,Centralized,Health_Care_Inpatient,,,,,,
12,0,Health_Care_Inpatient,,,,,,
12,1,Health_Care_Inpatient,,,,,,
12,2,Health_Care_Inpatient,,,,,,
12,3,Health_Care_Inpatient,,,,,,
12,4,Health_Care_Inpatient,,,,,,
12,5,Health_Care_Inpatient,,,,,,
12,Aggregated,Health_Care_Inpatient,,,,,,
12,Centralized,Health_Care_Inpatient,,,,,,
13,0,Health_Care_Inpatient,,,,,,
13,1,Health_Care_Inpatient,,,,,,
13,2,Health_Care_Inpatient,,,,,,
13,3,Health_Care_Inpatient,,,,,,
13,4,Health_Care_Inpatient,,,,,,
13,5,Health_Care_Inpatient,,,,,,
13,Aggregated,Health_Care_Inpatient,,,,,,
13,Centralized,Health_Care_Inpatient,,,,,,
14,0,Health_Care_Inpatient,,,,,,
14,1,Health_Care_Inpatient,,,,,,
14,2,Health_Care_Inpatient,,,,,,
14,3,Health_Care_Inpatient,,,,,,
14,4,Health_Care_Inpatient,,,,,,
14,5,Health_Care_Inpatient,,,,,,
14,Aggregated,Health_Care_Inpatient,,,,,,
14,Centralized,Health_Care_Inpatient,,,,,,
15,0,Health_Care_Inpatient,,,,,,
15,1,Health_Care_Inpatient,,,,,,
15,2,Health_Care_Inpatient,,,,,,
15,3,Health_Care_Inpatient,,,,,,
15,4,Health_Care_Inpatient,,,,,,
15,5,Health_Care_Inpatient,,,,,,
15,Aggregated,Health_Care_Inpatient,,,,,,
15,Centralized,Health_Care_Inpatient,,,,,,
16,0,Health_Care_Inpatient,,,,,,
16,1,Health_Care_Inpatient,,,,,,
16,2,Health_Care_Inpatient,,,,,,
16,3,Health_Care_Inpatient,,,,,,
16,4,Health_Care_Inpatient,,,,,,
16,5,Health_Care_Inpatient,,,,,,
16,Aggregated,Health_Care_Inpatient,,,,,,
16,Centralized,Health_Care_Inpatient,,,,,,
17,0,Health_Care_Inpatient,,,,,,
17,1,Health_Care_Inpatient,,,,,,
17,2,Health_Care_Inpatient,,,,,,
17,3,Health_Care_Inpatient,,,,,,
17,4,Health_Care_Inpatient,,,,,,
17,5,Health_Care_Inpatient,,,,,,
17,Aggregated,Health_Care_Inpatient,,,,,,
17,Centralized,Health_Care_Inpatient,,,,,,
18,0,Health_Care_Inpatient,,,,,,
18,1,Health_Care_Inpatient,,,,,,
18,2,Health_Care_Inpatient,,,,,,
18,3,Health_Care_Inpatient,,,,,,
18,4,Health_Care_Inpatient,,,,,,
18,5,Health_Care_Inpatient,,,,,,
18,Aggregated,Health_Care_Inpatient,,,,,,
18,Centralized,Health_Care_Inpatient,,,,,,
19,0,Health_Care_Inpatient,,,,,,
19,1,Health_Care_Inpatient,,,,,,
19,2,Health_Care_Inpatient,,,,,,
19,3,Health_Care_Inpatient,,,,,,
19,4,Health_Care_Inpatient,,,,,,
19,5,Health_Care_Inpatient,,,,,,
19,Aggregated,Health_Care_Inpatient,,,,,,
19,Centralized,Health_Care_Inpatient,,,,,,
20,0,Health_Care_Inpatient,,,,,,
20,1,Health_Care_Inpatient,,,,,,
20,2,Health_Care_Inpatient,,,,,,
20,3,Health_Care_Inpatient,,,,,,
20,4,Health_Care_Inpatient,,,,,,
20,5,Health_Care_Inpatient,,,,,,
20,Aggregated,Health_Care_Inpatient,,,,,,
20,Centralized,Health_Care_Inpatient,,,,,,
21,0,Health_Care_Inpatient,,,,,,
21,1,Health_Care_Inpatient,,,,,,
21,2,Health_Care_Inpatient,,,,,,
21,3,Health_Care_Inpatient,,,,,,
21,4,Health_Care_Inpatient,,,,,,
21,5,Health_Care_Inpatient,,,,,,
21,Aggregated,Health_Care_Inpatient,,,,,,
21,Centralized,Health_Care_Inpatient,,,,,,
22,0,Health_Care_Inpatient,,,,,,
22,1,Health_Care_Inpatient,,,,,,
22,2,Health_Care_Inpatient,,,,,,
22,3,Health_Care_Inpatient,,,,,,
22,4,Health_Care_Inpatient,,,,,,
22,5,Health_Care_Inpatient,,,,,,
22,Aggregated,Health_Care_Inpatient,,,,,,
22,Centralized,Health_Care_Inpatient,,,,,,
23,0,Health_Care_Inpatient,,,,,,
23,1,Health_Care_Inpatient,,,,,,
23,2,Health_Care_Inpatient,,,,,,
23,3,Health_Care_Inpatient,,,,,,
23,4,Health_Care_Inpatient,,,,,,
23,5,Health_Care_Inpatient,,,,,,
23,Aggregated,Health_Care_Inpatient,,,,,,
23,Centralized,Health_Care_Inpatient,,,,,,
0,0,5plus_Unit_Building,,,,,,
0,1,5plus_Unit_Building,,,,,,
0,2,5plus_Unit_Building,,,,,,
0,3,5plus_Unit_Building,,,,,,
0,4,5plus_Unit_Building,,,,,,
0,5,5plus_Unit_Building,,,,,,
0,Aggregated,5plus_Unit_Building,,,,,,
0,Centralized,5plus_Unit_Building,,,,,,
1,0,5plus_Unit_Building,,,,,,
1,1,5plus_Unit_Building,,,,,,
1,2,5plus_Unit_Building,,,,,,
1,3,5plus_Unit_Building,,,,,,
1,4,5plus_Unit_Building,,,,,,
1,5,5plus_Unit_Building,,,,,,
1,Aggregated,5plus_Unit_Building,,,,,,
1,Centralized,5plus_Unit_Building,,,,,,
2,0,5plus_Unit_Building,,,,,,
2,1,5plus_Unit_Building,,,,,,
2,2,5plus_Unit_Building,,,,,,
2,3,5plus_Unit_Building,,,,,,
2,4,5plus_Unit_Building,,,,,,
2,5,5plus_Unit_Building,,,,,,
2,Aggregated,5plus_Unit_Building,,,,,,
2,Centralized,5plus_Unit_Building,,,,,,
3,0,5plus_Unit_Building,,,,,,
3,1,5plus_Unit_Building,,,,,,
3,2,5plus_Unit_Building,,,,,,
3,3,5plus_Unit_Building,,,,,,
3,4,5plus_Unit_Building,,,,,,
3,5,5plus_Unit_Building,,,,,,
3,Aggregated,5plus_Unit_Building,,,,,,
3,Centralized,5plus_Unit_Building,,,,,,
4,0,5plus_Unit_Building,,,,,,
4,1,5plus_Unit_Building,,,,,,
4,2,5plus_Unit_Building,,,,,,
4,3,5plus_Unit_Building,,,,,,
4,4,5plus_Unit_Building,,,,,,
4,5,5plus_Unit_Building,,,,,,
4,Aggregated,5plus_Unit_Building,,,,,,
4,Centralized,5plus_Unit_Building,,,,,,
5,0,5plus_Unit_Building,,,,,,
5,1,5plus_Unit_Building,,,,,,
5,2,5plus_Unit_Building,,,,,,
5,3,5plus_Unit_Building,,,,,,
5,4,5plus_Unit_Building,,,,,,
5,5,5plus_Unit_Building,,,,,,
5,Aggregated,5plus_Unit_Building,,,,,,
5,Centralized,5plus_Unit_Building,,,,,,
6,0,5plus_Unit_Building,,,,,,
6,1,5plus_Unit_Building,,,,,,
6,2,5plus_Unit_Building,,,,,,
6,3,5plus_Unit_Building,,,,,,
6,4,5plus_Unit_Building,,,,,,
6,5,5plus_Unit_Building,,,,,,
6,Aggregated,5plus_Unit_Building,,,,,,
6,Centralized,5plus_Unit_Building,,,,,,
7,0,5plus_Unit_Building,,,,,,
7,1,5plus_Unit_Building,,,,,,
7,2,5plus_Unit_Building,,,,,,
7,3,5plus_Unit_Building,,,,,,
7,4,5plus_Unit_Building,,,,,,
7,5,5plus_Unit_Building,,,,,,
7,Aggregated,5plus_Unit_Building,,,,,,
7,Centralized,5plus_Unit_Building,,,,,,
8,0,5plus_Unit_Building,,,,,,
8,1,5plus_Unit_Building,,,,,,
8,2,5plus_Unit_Building,,,,,,
8,3,5plus_Unit_Building,,,,,,
8,4,5plus_Unit_Building,,,,,,
8,5,5plus_Unit_Building,,,,,,
8,Aggregated,5plus_Unit_Building,,,,,,
8,Centralized,5plus_Unit_Building,,,,,,
9,0,5plus_Unit_Building,,,,,,
9,1,5plus_Unit_Building,,,,,,
9,2,5plus_Unit_Building,,,,,,
9,3,5plus_Unit_Building,,,,,,
9,4,5plus_Unit_Building,,,,,,
9,5,5plus_Unit_Building,,,,,,
9,Aggregated,5plus_Unit_Building,,,,,,
9,Centralized,5plus_Unit_Building,,,,,,
10,0,5plus_Unit_Building,,,,,,
10,1,5plus_Unit_Building,,,,,,
10,2,5plus_Unit_Building,,,,,,
10,3,5plus_Unit_Building,,,,,,
10,4,5plus_Unit_Building,,,,,,
10,5,5plus_Unit_Building,,,,,,
10,Aggregated,5plus_Unit_Building,,,,,,
10,Centralized,5plus_Unit_Building,,,,,,
11,0,5plus_Unit_Building,,,,,,
11,1,5plus_Unit_Building,,,,,,
11,2,5plus_Unit_Building,,,,,,
11,3,5plus_Unit_Building,,,,,,
11,4,5plus_Unit_Building,,,,,,
11,5,5plus_Unit_Building,,,,,,
11,Aggregated,5plus_Unit_Building,,,,,,
11,Centralized,5plus_Unit_Building,,,,,,
12,0,5plus_Unit_Building,,,,,,
12,1,5plus_Unit_Building,,,,,,
12,2,5plus_Unit_Building,,,,,,
12,3,5plus_Unit_Building,,,,,,
12,4,5plus_Unit_Building,,,,,,
12,5,5plus_Unit_Building,,,,,,
12,Aggregated,5plus_Unit_Building,,,,,,
12,Centralized,5plus_Unit_Building,,,,,,
13,0,5plus_Unit_Building,,,,,,
13,1,5plus_Unit_Building,,,,,,
13,2,5plus_Unit_Building,,,,,,
13,3,5plus_Unit_Building,,,,,,
13,4,5plus_Unit_Building,,,,,,
13,5,5plus_Unit_Building,,,,,,
13,Aggregated,5plus_Unit_Building,,,,,,
13,Centralized,5plus_Unit_Building,,,,,,
14,0,5plus_Unit_Building,,,,,,
14,1,5plus_Unit_Building,,,,,,
14,2,5plus_Unit_Building,,,,,,
14,3,5plus_Unit_Building,,,,,,
14,4,5plus_Unit_Building,,,,,,
14,5,5plus_Unit_Building,,,,,,
14,Aggregated,5plus_Unit_Building,,,,,,
14,Centralized,5plus_Unit_Building,,,,,,
15,0,5plus_Unit_Building,,,,,,
15,1,5plus_Unit_Building,,,,,,
15,2,5plus_Unit_Building,,,,,,
15,3,5plus_Unit_Building,,,,,,
15,4,5plus_Unit_Building,,,,,,
15,5,5plus_Unit_Building,,,,,,
15,Aggregated,5plus_Unit_Building,,,,,,
15,Centralized,5plus_Unit_Building,,,,,,
16,0,5plus_Unit_Building,,,,,,
16,1,5plus_Unit_Building,,,,,,
16,2,5plus_Unit_Building,,,,,,
16,3,5plus_Unit_Building,,,,,,
16,4,5plus_Unit_Building,,,,,,
16,5,5plus_Unit_Building,,,,,,
16,Aggregated,5plus_Unit_Building,,,,,,
16,Centralized,5plus_Unit_Building,,,,,,
17,0,5plus_Unit_Building,,,,,,
17,1,5plus_Unit_Building,,,,,,
17,2,5plus_Unit_Building,,,,,,
17,3,5plus_Unit_Building,,,,,,
17,4,5plus_Unit_Building,,,,,,
17,5,5plus_Unit_Building,,,,,,
17,Aggregated,5plus_Unit_Building,,,,,,
17,Centralized,5plus_Unit_Building,,,,,,
18,0,5plus_Unit_Building,,,,,,
18,1,5plus_Unit_Building,,,,,,
18,2,5plus_Unit_Building,,,,,,
18,3,5plus_Unit_Building,,,,,,
18,4,5plus_Unit_Building,,,,,,
18,5,5plus_Unit_Building,,,,,,
18,Aggregated,5plus_Unit_Building,,,,,,
18,Centralized,5plus_Unit_Building,,,,,,
19,0,5plus_Unit_Building,,,,,,
19,1,5plus_Unit_Building,,,,,,
19,2,5plus_Unit_Building,,,,,,
19,3,5plus_Unit_Building,,,,,,
19,4,5plus_Unit_Building,,,,,,
19,5,5plus_Unit_Building,,,,,,
19,Aggregated,5plus_Unit_Building,,,,,,
19,Centralized,5plus_Unit_Building,,,,,,
20,0,5plus_Unit_Building,,,,,,
20,1,5plus_Unit_Building,,,,,,
20,2,5plus_Unit_Building,,,,,,
20,3,5plus_Unit_Building,,,,,,
20,4,5plus_Unit_Building,,,,,,
20,5,5plus_Unit_Building,,,,,,
20,Aggregated,5plus_Unit_Building,,,,,,
20,Centralized,5plus_Unit_Building,,,,,,
21,0,5plus_Unit_Building,,,,,,
21,1,5plus_Unit_Building,,,,,,
21,2,5plus_Unit_Building,,,,,,
21,3,5plus_Unit_Building,,,,,,
21,4,5plus_Unit_Building,,,,,,
21,5,5plus_Unit_Building,,,,,,
21,Aggregated,5plus_Unit_Building,,,,,,
21,Centralized,5plus_Unit_Building,,,,,,
22,0,5plus_Unit_Building,,,,,,
22,1,5plus_Unit_Building,,,,,,
22,2,5plus_Unit_Building,,,,,,
22,3,5plus_Unit_Building,,,,,,
22,4,5plus_Unit_Building,,,,,,
22,5,5plus_Unit_Building,,,,,,
22,Aggregated,5plus_Unit_Building,,,,,,
22,Centralized,5plus_Unit_Building,,,,,,
23,0,5plus_Unit_Building,,,,,,
23,1,5plus_Unit_Building,,,,,,
23,2,5plus_Unit_Building,,,,,,
23,3,5plus_Unit_Building,,,,,,
23,4,5plus_Unit_Building,,,,,,
23,5,5plus_Unit_Building,,,,,,
23,Aggregated,5plus_Unit_Building,,,,,,
23,Centralized,5plus_Unit_Building,,,,,,
0,0,Lodging_Other,,,,,,
0,1,Lodging_Other,,,,,,
0,2,Lodging_Other,,,,,,
0,3,Lodging_Other,,,,,,
0,4,Lodging_Other,,,,,,
0,5,Lodging_Other,,,,,,
0,Aggregated,Lodging_Other,,,,,,
0,Centralized,Lodging_Other,,,,,,
1,0,Lodging_Other,,,,,,
1,1,Lodging_Other,,,,,,
1,2,Lodging_Other,,,,,,
1,3,Lodging_Other,,,,,,
1,4,Lodging_Other,,,,,,
1,5,Lodging_Other,,,,,,
1,Aggregated,Lodging_Other,,,,,,
1,Centralized,Lodging_Other,,,,,,
2,0,Lodging_Other,,,,,,
2,1,Lodging_Other,,,,,,
2,2,Lodging_Other,,,,,,
2,3,Lodging_Other,,,,,,
2,4,Lodging_Other,,,,,,
2,5,Lodging_Other,,,,,,
2,Aggregated,Lodging_Other,,,,,,
2,Centralized,Lodging_Other,,,,,,
3,0,Lodging_Other,,,,,,
3,1,Lodging_Other,,,,,,
3,2,Lodging_Other,,,,,,
3,3,Lodging_Other,,,,,,
3,4,Lodging_Other,,,,,,
3,5,Lodging_Other,,,,,,
3,Aggregated,Lodging_Other,,,,,,
3,Centralized,Lodging_Other,,,,,,
4,0,Lodging_Other,,,,,,
4,1,Lodging_Other,,,,,,
4,2,Lodging_Other,,,,,,
4,3,Lodging_Other,,,,,,
4,4,Lodging_Other,,,,,,
4,5,Lodging_Other,,,,,,
4,Aggregated,Lodging_Other,,,,,,
4,Centralized,Lodging_Other,,,,,,
5,0,Lodging_Other,,,,,,
5,1,Lodging_Other,,,,,,
5,2,Lodging_Other,,,,,,
5,3,Lodging_Other,,,,,,
5,4,Lodging_Other,,,,,,
5,5,Lodging_Other,,,,,,
5,Aggregated,Lodging_Other,,,,,,
5,Centralized,Lodging_Other,,,,,,
6,0,Lodging_Other,,,,,,
6,1,Lodging_Other,,,,,,
6,2,Lodging_Other,,,,,,
6,3,Lodging_Other,,,,,,
6,4,Lodging_Other,,,,,,
6,5,Lodging_Other,,,,,,
6,Aggregated,Lodging_Other,,,,,,
6,Centralized,Lodging_Other,,,,,,
7,0,Lodging_Other,,,,,,
7,1,Lodging_Other,,,,,,
7,2,Lodging_Other,,,,,,
7,3,Lodging_Other,,,,,,
7,4,Lodging_Other,,,,,,
7,5,Lodging_Other,,,,,,
7,Aggregated,Lodging_Other,,,,,,
7,Centralized,Lodging_Other,,,,,,
8,0,Lodging_Other,,,,,,
8,1,Lodging_Other,,,,,,
8,2,Lodging_Other,,,,,,
8,3,Lodging_Other,,,,,,
8,4,Lodging_Other,,,,,,
8,5,Lodging_Other,,,,,,
8,Aggregated,Lodging_Other,,,,,,
8,Centralized,Lodging_Other,,,,,,
9,0,Lodging_Other,,,,,,
9,1,Lodging_Other,,,,,,
9,2,Lodging_Other,,,,,,
9,3,Lodging_Other,,,,,,
9,4,Lodging_Other,,,,,,
9,5,Lodging_Other,,,,,,
9,Aggregated,Lodging_Other,,,,,,
9,Centralized,Lodging_Other,,,,,,
10,0,Lodging_Other,,,,,,
10,1,Lodging_Other,,,,,,
10,2,Lodging_Other,,,,,,
10,3,Lodging_Other,,,,,,
10,4,Lodging_Other,,,,,,
10,5,Lodging_Other,,,,,,
10,Aggregated,Lodging_Other,,,,,,
10,Centralized,Lodging_Other,,,,,,
11,0,Lodging_Other,,,,,,
11,1,Lodging_Other,,,,,,
11,2,Lodging_Other,,,,,,
11,3,Lodging_Other,,,,,,
11,4,Lodging_Other,,,,,,
11,5,Lodging_Other,,,,,,
11,Aggregated,Lodging_Other,,,,,,
11,Centralized,Lodging_Other,,,,,,
12,0,Lodging_Other,,,,,,
12,1,Lodging_Other,,,,,,
12,2,Lodging_Other,,,,,,
12,3,Lodging_Other,,,,,,
12,4,Lodging_Other,,,,,,
12,5,Lodging_Other,,,,,,
12,Aggregated,Lodging_Other,,,,,,
12,Centralized,Lodging_Other,,,,,,
13,0,Lodging_Other,,,,,,
13,1,Lodging_Other,,,,,,
13,2,Lodging_Other,,,,,,
13,3,Lodging_Other,,,,,,
13,4,Lodging_Other,,,,,,
13,5,Lodging_Other,,,,,,
13,Aggregated,Lodging_Other,,,,,,
13,Centralized,Lodging_Other,,,,,,
14,0,Lodging_Other,,,,,,
14,1,Lodging_Other,,,,,,
14,2,Lodging_Other,,,,,,
14,3,Lodging_Other,,,,,,
14,4,Lodging_Other,,,,,,
14,5,Lodging_Other,,,,,,
14,Aggregated,Lodging_Other,,,,,,
14,Centralized,Lodging_Other,,,,,,
15,0,Lodging_Other,,,,,,
15,1,Lodging_Other,,,,,,
15,2,Lodging_Other,,,,,,
15,3,Lodging_Other,,,,,,
15,4,Lodging_Other,,,,,,
15,5,Lodging_Other,,,,,,
15,Aggregated,Lodging_Other,,,,,,
15,Centralized,Lodging_Other,,,,,,
16,0,Lodging_Other,,,,,,
16,1,Lodging_Other,,,,,,
16,2,Lodging_Other,,,,,,
16,3,Lodging_Other,,,,,,
16,4,Lodging_Other,,,,,,
16,5,Lodging_Other,,,,,,
16,Aggregated,Lodging_Other,,,,,,
16,Centralized,Lodging_Other,,,,,,
17,0,Lodging_Other,,,,,,
17,1,Lodging_Other,,,,,,
17,2,Lodging_Other,,,,,,
17,3,Lodging_Other,,,,,,
17,4,Lodging_Other,,,,,,
17,5,Lodging_Other,,,,,,
17,Aggregated,Lodging_Other,,,,,,
17,Centralized,Lodging_Other,,,,,,
18,0,Lodging_Other,,,,,,
18,1,Lodging_Other,,,,,,
18,2,Lodging_Other,,,,,,
18,3,Lodging_Other,,,,,,
18,4,Lodging_Other,,,,,,
18,5,Lodging_Other,,,,,,
18,Aggregated,Lodging_Other,,,,,,
18,Centralized,Lodging_Other,,,,,,
19,0,Lodging_Other,,,,,,
19,1,Lodging_Other,,,,,,
19,2,Lodging_Other,,,,,,
19,3,Lodging_Other,,,,,,
19,4,Lodging_Other,,,,,,
19,5,Lodging_Other,,,,,,
19,Aggregated,Lodging_Other,,,,,,
19,Centralized,Lodging_Other,,,,,,
20,0,Lodging_Other,,,,,,
20,1,Lodging_Other,,,,,,
20,2,Lodging_Other,,,,,,
20,3,Lodging_Other,,,,,,
20,4,Lodging_Other,,,,,,
20,5,Lodging_Other,,,,,,
20,Aggregated,Lodging_Other,,,,,,
20,Centralized,Lodging_Other,,,,,,
21,0,Lodging_Other,,,,,,
21,1,Lodging_Other,,,,,,
21,2,Lodging_Other,,,,,,
21,3,Lodging_Other,,,,,,
21,4,Lodging_Other,,,,,,
21,5,Lodging_Other,,,,,,
21,Aggregated,Lodging_Other,,,,,,
21,Centralized,Lodging_Other,,,,,,
22,0,Lodging_Other,,,,,,
22,1,Lodging_Other,,,,,,
22,2,Lodging_Other,,,,,,
22,3,Lodging_Other,,,,,,
22,4,Lodging_Other,,,,,,
22,5,Lodging_Other,,,,,,
22,Aggregated,Lodging_Other,,,,,,
22,Centralized,Lodging_Other,,,,,,
23,0,Lodging_Other,,,,,,
23,1,Lodging_Other,,,,,,
23,2,Lodging_Other,,,,,,
23,3,Lodging_Other,,,,,,
23,4,Lodging_Other,,,,,,
23,5,Lodging_Other,,,,,,
23,Aggregated,Lodging_Other,,,,,,
23,Centralized,Lodging_Other,,,,,,
0,0,Grocery_store_or_food_market,,,,,,
0,1,Grocery_store_or_food_market,,,,,,
0,2,Grocery_store_or_food_market,,,,,,
0,3,Grocery_store_or_food_market,,,,,,
0,4,Grocery_store_or_food_market,,,,,,
0,5,Grocery_store_or_food_market,,,,,,
0,Aggregated,Grocery_store_or_food_market,,,,,,
0,Centralized,Grocery_store_or_food_market,,,,,,
1,0,Grocery_store_or_food_market,,,,,,
1,1,Grocery_store_or_food_market,,,,,,
1,2,Grocery_store_or_food_market,,,,,,
1,3,Grocery_store_or_food_market,,,,,,
1,4,Grocery_store_or_food_market,,,,,,
1,5,Grocery_store_or_food_market,,,,,,
1,Aggregated,Grocery_store_or_food_market,,,,,,
1,Centralized,Grocery_store_or_food_market,,,,,,
2,0,Grocery_store_or_food_market,,,,,,
2,1,Grocery_store_or_food_market,,,,,,
2,2,Grocery_store_or_food_market,,,,,,
2,3,Grocery_store_or_food_market,,,,,,
2,4,Grocery_store_or_food_market,,,,,,
2,5,Grocery_store_or_food_market,,,,,,
2,Aggregated,Grocery_store_or_food_market,,,,,,
2,Centralized,Grocery_store_or_food_market,,,,,,
3,0,Grocery_store_or_food_market,,,,,,
3,1,Grocery_store_or_food_market,,,,,,
3,2,Grocery_store_or_food_market,,,,,,
3,3,Grocery_store_or_food_market,,,,,,
3,4,Grocery_store_or_food_market,,,,,,
3,5,Grocery_store_or_food_market,,,,,,
3,Aggregated,Grocery_store_or_food_market,,,,,,
3,Centralized,Grocery_store_or_food_market,,,,,,
4,0,Grocery_store_or_food_market,,,,,,
4,1,Grocery_store_or_food_market,,,,,,
4,2,Grocery_store_or_food_market,,,,,,
4,3,Grocery_store_or_food_market,,,,,,
4,4,Grocery_store_or_food_market,,,,,,
4,5,Grocery_store_or_food_market,,,,,,
4,Aggregated,Grocery_store_or_food_market,,,,,,
4,Centralized,Grocery_store_or_food_market,,,,,,
5,0,Grocery_store_or_food_market,,,,,,
5,1,Grocery_store_or_food_market,,,,,,
5,2,Grocery_store_or_food_market,,,,,,
5,3,Grocery_store_or_food_market,,,,,,
5,4,Grocery_store_or_food_market,,,,,,
5,5,Grocery_store_or_food_market,,,,,,
5,Aggregated,Grocery_store_or_food_market,,,,,,
5,Centralized,Grocery_store_or_food_market,,,,,,
6,0,Grocery_store_or_food_market,,,,,,
6,1,Grocery_store_or_food_market,,,,,,
6,2,Grocery_store_or_food_market,,,,,,
6,3,Grocery_store_or_food_market,,,,,,
6,4,Grocery_store_or_food_market,,,,,,
6,5,Grocery_store_or_food_market,,,,,,
6,Aggregated,Grocery_store_or_food_market,,,,,,
6,Centralized,Grocery_store_or_food_market,,,,,,
7,0,Grocery_store_or_food_market,,,,,,
7,1,Grocery_store_or_food_market,,,,,,
7,2,Grocery_store_or_food_market,,,,,,
7,3,Grocery_store_or_food_market,,,,,,
7,4,Grocery_store_or_food_market,,,,,,
7,5,Grocery_store_or_food_market,,,,,,
7,Aggregated,Grocery_store_or_food_market,,,,,,
7,Centralized,Grocery_store_or_food_market,,,,,,
8,0,Grocery_store_or_food_market,,,,,,
8,1,Grocery_store_or_food_market,,,,,,
8,2,Grocery_store_or_food_market,,,,,,
8,3,Grocery_store_or_food_market,,,,,,
8,4,Grocery_store_or_food_market,,,,,,
8,5,Grocery_store_or_food_market,,,,,,
8,Aggregated,Grocery_store_or_food_market,,,,,,
8,Centralized,Grocery_store_or_food_market,,,,,,
9,0,Grocery_store_or_food_market,,,,,,
9,1,Grocery_store_or_food_market,,,,,,
9,2,Grocery_store_or_food_market,,,,,,
9,3,Grocery_store_or_food_market,,,,,,
9,4,Grocery_store_or_food_market,,,,,,
9,5,Grocery_store_or_food_market,,,,,,
9,Aggregated,Grocery_store_or_food_market,,,,,,
9,Centralized,Grocery_store_or_food_market,,,,,,
10,0,Grocery_store_or_food_market,,,,,,
10,1,Grocery_store_or_food_market,,,,,,
10,2,Grocery_store_or_food_market,,,,,,
10,3,Grocery_store_or_food_market,,,,,,
10,4,Grocery_store_or_food_market,,,,,,
10,5,Grocery_store_or_food_market,,,,,,
10,Aggregated,Grocery_store_or_food_market,,,,,,
10,Centralized,Grocery_store_or_food_market,,,,,,
11,0,Grocery_store_or_food_market,,,,,,
11,1,Grocery_store_or_food_market,,,,,,
11,2,Grocery_store_or_food_market,,,,,,
11,3,Grocery_store_or_food_market,,,,,,
11,4,Grocery_store_or_food_market,,,,,,
11,5,Grocery_store_or_food_market,,,,,,
11,Aggregated,Grocery_store_or_food_market,,,,,,
11,Centralized,Grocery_store_or_food_market,,,,,,
12,0,Grocery_store_or_food_market,,,,,,
12,1,Grocery_store_or_food_market,,,,,,
12,2,Grocery_store_or_food_market,,,,,,
12,3,Grocery_store_or_food_market,,,,,,
12,4,Grocery_store_or_food_market,,,,,,
12,5,Grocery_store_or_food_market,,,,,,
12,Aggregated,Grocery_store_or_food_market,,,,,,
12,Centralized,Grocery_store_or_food_market,,,,,,
13,0,Grocery_store_or_food_market,,,,,,
13,1,Grocery_store_or_food_market,,,,,,
13,2,Grocery_store_or_food_market,,,,,,
13,3,Grocery_store_or_food_market,,,,,,
13,4,Grocery_store_or_food_market,,,,,,
13,5,Grocery_store_or_food_market,,,,,,
13,Aggregated,Grocery_store_or_food_market,,,,,,
13,Centralized,Grocery_store_or_food_market,,,,,,
14,0,Grocery_store_or_food_market,,,,,,
14,1,Grocery_store_or_food_market,,,,,,
14,2,Grocery_store_or_food_market,,,,,,
14,3,Grocery_store_or_food_market,,,,,,
14,4,Grocery_store_or_food_market,,,,,,
14,5,Grocery_store_or_food_market,,,,,,
14,Aggregated,Grocery_store_or_food_market,,,,,,
14,Centralized,Grocery_store_or_food_market,,,,,,
15,0,Grocery_store_or_food_market,,,,,,
15,1,Grocery_store_or_food_market,,,,,,
15,2,Grocery_store_or_food_market,,,,,,
15,3,Grocery_store_or_food_market,,,,,,
15,4,Grocery_store_or_food_market,,,,,,
15,5,Grocery_store_or_food_market,,,,,,
15,Aggregated,Grocery_store_or_food_market,,,,,,
15,Centralized,Grocery_store_or_food_market,,,,,,
16,0,Grocery_store_or_food_market,,,,,,
16,1,Grocery_store_or_food_market,,,,,,
16,2,Grocery_store_or_food_market,,,,,,
16,3,Grocery_store_or_food_market,,,,,,
16,4,Grocery_store_or_food_market,,,,,,
16,5,Grocery_store_or_food_market,,,,,,
16,Aggregated,Grocery_store_or_food_market,,,,,,
16,Centralized,Grocery_store_or_food_market,,,,,,
17,0,Grocery_store_or_food_market,,,,,,
17,1,Grocery_store_or_food_market,,,,,,
17,2,Grocery_store_or_food_market,,,,,,
17,3,Grocery_store_or_food_market,,,,,,
17,4,Grocery_store_or_food_market,,,,,,
17,5,Grocery_store_or_food_market,,,,,,
17,Aggregated,Grocery_store_or_food_market,,,,,,
17,Centralized,Grocery_store_or_food_market,,,,,,
18,0,Grocery_store_or_food_market,,,,,,
18,1,Grocery_store_or_food_market,,,,,,
18,2,Grocery_store_or_food_market,,,,,,
18,3,Grocery_store_or_food_market,,,,,,
18,4,Grocery_store_or_food_market,,,,,,
18,5,Grocery_store_or_food_market,,,,,,
18,Aggregated,Grocery_store_or_food_market,,,,,,
18,Centralized,Grocery_store_or_food_market,,,,,,
19,0,Grocery_store_or_food_market,,,,,,
19,1,Grocery_store_or_food_market,,,,,,
19,2,Grocery_store_or_food_market,,,,,,
19,3,Grocery_store_or_food_market,,,,,,
19,4,Grocery_store_or_food_market,,,,,,
19,5,Grocery_store_or_food_market,,,,,,
19,Aggregated,Grocery_store_or_food_market,,,,,,
19,Centralized,Grocery_store_or_food_market,,,,,,
20,0,Grocery_store_or_food_market,,,,,,
20,1,Grocery_store_or_food_market,,,,,,
20,2,Grocery_store_or_food_market,,,,,,
20,3,Grocery_store_or_food_market,,,,,,
20,4,Grocery_store_or_food_market,,,,,,
20,5,Grocery_store_or_food_market,,,,,,
20,Aggregated,Grocery_store_or_food_market,,,,,,
20,Centralized,Grocery_store_or_food_market,,,,,,
21,0,Grocery_store_or_food_market,,,,,,
21,1,Grocery_store_or_food_market,,,,,,
21,2,Grocery_store_or_food_market,,,,,,
21,3,Grocery_store_or_food_market,,,,,,
21,4,Grocery_store_or_food_market,,,,,,
21,5,Grocery_store_or_food_market,,,,,,
21,Aggregated,Grocery_store_or_food_market,,,,,,
21,Centralized,Grocery_store_or_food_market,,,,,,
22,0,Grocery_store_or_food_market,,,,,,
22,1,Grocery_store_or_food_market,,,,,,
22,2,Grocery_store_or_food_market,,,,,,
22,3,Grocery_store_or_food_market,,,,,,
22,4,Grocery_store_or_food_market,,,,,,
22,5,Grocery_store_or_food_market,,,,,,
22,Aggregated,Grocery_store_or_food_market,,,,,,
22,Centralized,Grocery_store_or_food_market,,,,,,
23,0,Grocery_store_or_food_market,,,,,,
23,1,Grocery_store_or_food_market,,,,,,
23,2,Grocery_store_or_food_market,,,,,,
23,3,Grocery_store_or_food_market,,,,,,
23,4,Grocery_store_or_food_market,,,,,,
23,5,Grocery_store_or_food_market,,,,,,
23,Aggregated,Grocery_store_or_food_market,,,,,,
23,Centralized,Grocery_store_or_food_market,,,,,,
0,0,Public_Assembly_Other,,,,,,
0,1,Public_Assembly_Other,,,,,,
0,2,Public_Assembly_Other,,,,,,
0,3,Public_Assembly_Other,,,,,,
0,4,Public_Assembly_Other,,,,,,
0,5,Public_Assembly_Other,,,,,,
0,Aggregated,Public_Assembly_Other,,,,,,
0,Centralized,Public_Assembly_Other,,,,,,
1,0,Public_Assembly_Other,,,,,,
1,1,Public_Assembly_Other,,,,,,
1,2,Public_Assembly_Other,,,,,,
1,3,Public_Assembly_Other,,,,,,
1,4,Public_Assembly_Other,,,,,,
1,5,Public_Assembly_Other,,,,,,
1,Aggregated,Public_Assembly_Other,,,,,,
1,Centralized,Public_Assembly_Other,,,,,,
2,0,Public_Assembly_Other,,,,,,
2,1,Public_Assembly_Other,,,,,,
2,2,Public_Assembly_Other,,,,,,
2,3,Public_Assembly_Other,,,,,,
2,4,Public_Assembly_Other,,,,,,
2,5,Public_Assembly_Other,,,,,,
2,Aggregated,Public_Assembly_Other,,,,,,
2,Centralized,Public_Assembly_Other,,,,,,
3,0,Public_Assembly_Other,,,,,,
3,1,Public_Assembly_Other,,,,,,
3,2,Public_Assembly_Other,,,,,,
3,3,Public_Assembly_Other,,,,,,
3,4,Public_Assembly_Other,,,,,,
3,5,Public_Assembly_Other,,,,,,
3,Aggregated,Public_Assembly_Other,,,,,,
3,Centralized,Public_Assembly_Other,,,,,,
4,0,Public_Assembly_Other,,,,,,
4,1,Public_Assembly_Other,,,,,,
4,2,Public_Assembly_Other,,,,,,
4,3,Public_Assembly_Other,,,,,,
4,4,Public_Assembly_Other,,,,,,
4,5,Public_Assembly_Other,,,,,,
4,Aggregated,Public_Assembly_Other,,,,,,
4,Centralized,Public_Assembly_Other,,,,,,
5,0,Public_Assembly_Other,,,,,,
5,1,Public_Assembly_Other,,,,,,
5,2,Public_Assembly_Other,,,,,,
5,3,Public_Assembly_Other,,,,,,
5,4,Public_Assembly_Other,,,,,,
5,5,Public_Assembly_Other,,,,,,
5,Aggregated,Public_Assembly_Other,,,,,,
5,Centralized,Public_Assembly_Other,,,,,,
6,0,Public_Assembly_Other,,,,,,
6,1,Public_Assembly_Other,,,,,,
6,2,Public_Assembly_Other,,,,,,
6,3,Public_Assembly_Other,,,,,,
6,4,Public_Assembly_Other,,,,,,
6,5,Public_Assembly_Other,,,,,,
6,Aggregated,Public_Assembly_Other,,,,,,
6,Centralized,Public_Assembly_Other,,,,,,
7,0,Public_Assembly_Other,,,,,,
7,1,Public_Assembly_Other,,,,,,
7,2,Public_Assembly_Other,,,,,,
7,3,Public_Assembly_Other,,,,,,
7,4,Public_Assembly_Other,,,,,,
7,5,Public_Assembly_Other,,,,,,
7,Aggregated,Public_Assembly_Other,,,,,,
7,Centralized,Public_Assembly_Other,,,,,,
8,0,Public_Assembly_Other,,,,,,
8,1,Public_Assembly_Other,,,,,,
8,2,Public_Assembly_Other,,,,,,
8,3,Public_Assembly_Other,,,,,,
8,4,Public_Assembly_Other,,,,,,
8,5,Public_Assembly_Other,,,,,,
8,Aggregated,Public_Assembly_Other,,,,,,
8,Centralized,Public_Assembly_Other,,,,,,
9,0,Public_Assembly_Other,,,,,,
9,1,Public_Assembly_Other,,,,,,
9,2,Public_Assembly_Other,,,,,,
9,3,Public_Assembly_Other,,,,,,
9,4,Public_Assembly_Other,,,,,,
9,5,Public_Assembly_Other,,,,,,
9,Aggregated,Public_Assembly_Other,,,,,,
9,Centralized,Public_Assembly_Other,,,,,,
10,0,Public_Assembly_Other,,,,,,
10,1,Public_Assembly_Other,,,,,,
10,2,Public_Assembly_Other,,,,,,
10,3,Public_Assembly_Other,,,,,,
10,4,Public_Assembly_Other,,,,,,
10,5,Public_Assembly_Other,,,,,,
10,Aggregated,Public_Assembly_Other,,,,,,
10,Centralized,Public_Assembly_Other,,,,,,
11,0,Public_Assembly_Other,,,,,,
11,1,Public_Assembly_Other,,,,,,
11,2,Public_Assembly_Other,,,,,,
11,3,Public_Assembly_Other,,,,,,
11,4,Public_Assembly_Other,,,,,,
11,5,Public_Assembly_Other,,,,,,
11,Aggregated,Public_Assembly_Other,,,,,,
11,Centralized,Public_Assembly_Other,,,,,,
12,0,Public_Assembly_Other,,,,,,
12,1,Public_Assembly_Other,,,,,,
12,2,Public_Assembly_Other,,,,,,
12,3,Public_Assembly_Other,,,,,,
12,4,Public_Assembly_Other,,,,,,
12,5,Public_Assembly_Other,,,,,,
12,Aggregated,Public_Assembly_Other,,,,,,
12,Centralized,Public_Assembly_Other,,,,,,
13,0,Public_Assembly_Other,,,,,,
13,1,Public_Assembly_Other,,,,,,
13,2,Public_Assembly_Other,,,,,,
13,3,Public_Assembly_Other,,,,,,
13,4,Public_Assembly_Other,,,,,,
13,5,Public_Assembly_Other,,,,,,
13,Aggregated,Public_Assembly_Other,,,,,,
13,Centralized,Public_Assembly_Other,,,,,,
14,0,Public_Assembly_Other,,,,,,
14,1,Public_Assembly_Other,,,,,,
14,2,Public_Assembly_Other,,,,,,
14,3,Public_Assembly_Other,,,,,,
14,4,Public_Assembly_Other,,,,,,
14,5,Public_Assembly_Other,,,,,,
14,Aggregated,Public_Assembly_Other,,,,,,
14,Centralized,Public_Assembly_Other,,,,,,
15,0,Public_Assembly_Other,,,,,,
15,1,Public_Assembly_Other,,,,,,
15,2,Public_Assembly_Other,,,,,,
15,3,Public_Assembly_Other,,,,,,
15,4,Public_Assembly_Other,,,,,,
15,5,Public_Assembly_Other,,,,,,
15,Aggregated,Public_Assembly_Other,,,,,,
15,Centralized,Public_Assembly_Other,,,,,,
16,0,Public_Assembly_Other,,,,,,
16,1,Public_Assembly_Other,,,,,,
16,2,Public_Assembly_Other,,,,,,
16,3,Public_Assembly_Other,,,,,,
16,4,Public_Assembly_Other,,,,,,
16,5,Public_Assembly_Other,,,,,,
16,Aggregated,Public_Assembly_Other,,,,,,
16,Centralized,Public_Assembly_Other,,,,,,
17,0,Public_Assembly_Other,,,,,,
17,1,Public_Assembly_Other,,,,,,
17,2,Public_Assembly_Other,,,,,,
17,3,Public_Assembly_Other,,,,,,
17,4,Public_Assembly_Other,,,,,,
17,5,Public_Assembly_Other,,,,,,
17,Aggregated,Public_Assembly_Other,,,,,,
17,Centralized,Public_Assembly_Other,,,,,,
18,0,Public_Assembly_Other,,,,,,
18,1,Public_Assembly_Other,,,,,,
18,2,Public_Assembly_Other,,,,,,
18,3,Public_Assembly_Other,,,,,,
18,4,Public_Assembly_Other,,,,,,
18,5,Public_Assembly_Other,,,,,,
18,Aggregated,Public_Assembly_Other,,,,,,
18,Centralized,Public_Assembly_Other,,,,,,
19,0,Public_Assembly_Other,,,,,,
19,1,Public_Assembly_Other,,,,,,
19,2,Public_Assembly_Other,,,,,,
19,3,Public_Assembly_Other,,,,,,
19,4,Public_Assembly_Other,,,,,,
19,5,Public_Assembly_Other,,,,,,
19,Aggregated,Public_Assembly_Other,,,,,,
19,Centralized,Public_Assembly_Other,,,,,,
20,0,Public_Assembly_Other,,,,,,
20,1,Public_Assembly_Other,,,,,,
20,2,Public_Assembly_Other,,,,,,
20,3,Public_Assembly_Other,,,,,,
20,4,Public_Assembly_Other,,,,,,
20,5,Public_Assembly_Other,,,,,,
20,Aggregated,Public_Assembly_Other,,,,,,
20,Centralized,Public_Assembly_Other,,,,,,
21,0,Public_Assembly_Other,,,,,,
21,1,Public_Assembly_Other,,,,,,
21,2,Public_Assembly_Other,,,,,,
21,3,Public_Assembly_Other,,,,,,
21,4,Public_Assembly_Other,,,,,,
21,5,Public_Assembly_Other,,,,,,
21,Aggregated,Public_Assembly_Other,,,,,,
21,Centralized,Public_Assembly_Other,,,,,,
22,0,Public_Assembly_Other,,,,,,
22,1,Public_Assembly_Other,,,,,,
22,2,Public_Assembly_Other,,,,,,
22,3,Public_Assembly_Other,,,,,,
22,4,Public_Assembly_Other,,,,,,
22,5,Public_Assembly_Other,,,,,,
22,Aggregated,Public_Assembly_Other,,,,,,
22,Centralized,Public_Assembly_Other,,,,,,
23,0,Public_Assembly_Other,,,,,,
23,1,Public_Assembly_Other,,,,,,
23,2,Public_Assembly_Other,,,,,,
23,3,Public_Assembly_Other,,,,,,
23,4,Public_Assembly_Other,,,,,,
23,5,Public_Assembly_Other,,,,,,
23,Aggregated,Public_Assembly_Other,,,,,,
23,Centralized,Public_Assembly_Other,,,,,,
0,0,Service_Uncategorized,,,,,,
0,1,Service_Uncategorized,,,,,,
0,2,Service_Uncategorized,,,,,,
0,3,Service_Uncategorized,,,,,,
0,4,Service_Uncategorized,,,,,,
0,5,Service_Uncategorized,,,,,,
0,Aggregated,Service_Uncategorized,,,,,,
0,Centralized,Service_Uncategorized,,,,,,
1,0,Service_Uncategorized,,,,,,
1,1,Service_Uncategorized,,,,,,
1,2,Service_Uncategorized,,,,,,
1,3,Service_Uncategorized,,,,,,
1,4,Service_Uncategorized,,,,,,
1,5,Service_Uncategorized,,,,,,
1,Aggregated,Service_Uncategorized,,,,,,
1,Centralized,Service_Uncategorized,,,,,,
2,0,Service_Uncategorized,,,,,,
2,1,Service_Uncategorized,,,,,,
2,2,Service_Uncategorized,,,,,,
2,3,Service_Uncategorized,,,,,,
2,4,Service_Uncategorized,,,,,,
2,5,Service_Uncategorized,,,,,,
2,Aggregated,Service_Uncategorized,,,,,,
2,Centralized,Service_Uncategorized,,,,,,
3,0,Service_Uncategorized,,,,,,
3,1,Service_Uncategorized,,,,,,
3,2,Service_Uncategorized,,,,,,
3,3,Service_Uncategorized,,,,,,
3,4,Service_Uncategorized,,,,,,
3,5,Service_Uncategorized,,,,,,
3,Aggregated,Service_Uncategorized,,,,,,
3,Centralized,Service_Uncategorized,,,,,,
4,0,Service_Uncategorized,,,,,,
4,1,Service_Uncategorized,,,,,,
4,2,Service_Uncategorized,,,,,,
4,3,Service_Uncategorized,,,,,,
4,4,Service_Uncategorized,,,,,,
4,5,Service_Uncategorized,,,,,,
4,Aggregated,Service_Uncategorized,,,,,,
4,Centralized,Service_Uncategorized,,,,,,
5,0,Service_Uncategorized,,,,,,
5,1,Service_Uncategorized,,,,,,
5,2,Service_Uncategorized,,,,,,
5,3,Service_Uncategorized,,,,,,
5,4,Service_Uncategorized,,,,,,
5,5,Service_Uncategorized,,,,,,
5,Aggregated,Service_Uncategorized,,,,,,
5,Centralized,Service_Uncategorized,,,,,,
6,0,Service_Uncategorized,,,,,,
6,1,Service_Uncategorized,,,,,,
6,2,Service_Uncategorized,,,,,,
6,3,Service_Uncategorized,,,,,,
6,4,Service_Uncategorized,,,,,,
6,5,Service_Uncategorized,,,,,,
6,Aggregated,Service_Uncategorized,,,,,,
6,Centralized,Service_Uncategorized,,,,,,
7,0,Service_Uncategorized,,,,,,
7,1,Service_Uncategorized,,,,,,
7,2,Service_Uncategorized,,,,,,
7,3,Service_Uncategorized,,,,,,
7,4,Service_Uncategorized,,,,,,
7,5,Service_Uncategorized,,,,,,
7,Aggregated,Service_Uncategorized,,,,,,
7,Centralized,Service_Uncategorized,,,,,,
8,0,Service_Uncategorized,,,,,,
8,1,Service_Uncategorized,,,,,,
8,2,Service_Uncategorized,,,,,,
8,3,Service_Uncategorized,,,,,,
8,4,Service_Uncategorized,,,,,,
8,5,Service_Uncategorized,,,,,,
8,Aggregated,Service_Uncategorized,,,,,,
8,Centralized,Service_Uncategorized,,,,,,
9,0,Service_Uncategorized,,,,,,
9,1,Service_Uncategorized,,,,,,
9,2,Service_Uncategorized,,,,,,
9,3,Service_Uncategorized,,,,,,
9,4,Service_Uncategorized,,,,,,
9,5,Service_Uncategorized,,,,,,
9,Aggregated,Service_Uncategorized,,,,,,
9,Centralized,Service_Uncategorized,,,,,,
10,0,Service_Uncategorized,,,,,,
10,1,Service_Uncategorized,,,,,,
10,2,Service_Uncategorized,,,,,,
10,3,Service_Uncategorized,,,,,,
10,4,Service_Uncategorized,,,,,,
10,5,Service_Uncategorized,,,,,,
10,Aggregated,Service_Uncategorized,,,,,,
10,Centralized,Service_Uncategorized,,,,,,
11,0,Service_Uncategorized,,,,,,
11,1,Service_Uncategorized,,,,,,
11,2,Service_Uncategorized,,,,,,
11,3,Service_Uncategorized,,,,,,
11,4,Service_Uncategorized,,,,,,
11,5,Service_Uncategorized,,,,,,
11,Aggregated,Service_Uncategorized,,,,,,
11,Centralized,Service_Uncategorized,,,,,,
12,0,Service_Uncategorized,,,,,,
12,1,Service_Uncategorized,,,,,,
12,2,Service_Uncategorized,,,,,,
12,3,Service_Uncategorized,,,,,,
12,4,Service_Uncategorized,,,,,,
12,5,Service_Uncategorized,,,,,,
12,Aggregated,Service_Uncategorized,,,,,,
12,Centralized,Service_Uncategorized,,,,,,
13,0,Service_Uncategorized,,,,,,
13,1,Service_Uncategorized,,,,,,
13,2,Service_Uncategorized,,,,,,
13,3,Service_Uncategorized,,,,,,
13,4,Service_Uncategorized,,,,,,
13,5,Service_Uncategorized,,,,,,
13,Aggregated,Service_Uncategorized,,,,,,
13,Centralized,Service_Uncategorized,,,,,,
14,0,Service_Uncategorized,,,,,,
14,1,Service_Uncategorized,,,,,,
14,2,Service_Uncategorized,,,,,,
14,3,Service_Uncategorized,,,,,,
14,4,Service_Uncategorized,,,,,,
14,5,Service_Uncategorized,,,,,,
14,Aggregated,Service_Uncategorized,,,,,,
14,Centralized,Service_Uncategorized,,,,,,
15,0,Service_Uncategorized,,,,,,
15,1,Service_Uncategorized,,,,,,
15,2,Service_Uncategorized,,,,,,
15,3,Service_Uncategorized,,,,,,
15,4,Service_Uncategorized,,,,,,
15,5,Service_Uncategorized,,,,,,
15,Aggregated,Service_Uncategorized,,,,,,
15,Centralized,Service_Uncategorized,,,,,,
16,0,Service_Uncategorized,,,,,,
16,1,Service_Uncategorized,,,,,,
16,2,Service_Uncategorized,,,,,,
16,3,Service_Uncategorized,,,,,,
16,4,Service_Uncategorized,,,,,,
16,5,Service_Uncategorized,,,,,,
16,Aggregated,Service_Uncategorized,,,,,,
16,Centralized,Service_Uncategorized,,,,,,
17,0,Service_Uncategorized,,,,,,
17,1,Service_Uncategorized,,,,,,
17,2,Service_Uncategorized,,,,,,
17,3,Service_Uncategorized,,,,,,
17,4,Service_Uncategorized,,,,,,
17,5,Service_Uncategorized,,,,,,
17,Aggregated,Service_Uncategorized,,,,,,
17,Centralized,Service_Uncategorized,,,,,,
18,0,Service_Uncategorized,,,,,,
18,1,Service_Uncategorized,,,,,,
18,2,Service_Uncategorized,,,,,,
18,3,Service_Uncategorized,,,,,,
18,4,Service_Uncategorized,,,,,,
18,5,Service_Uncategorized,,,,,,
18,Aggregated,Service_Uncategorized,,,,,,
18,Centralized,Service_Uncategorized,,,,,,
19,0,Service_Uncategorized,,,,,,
19,1,Service_Uncategorized,,,,,,
19,2,Service_Uncategorized,,,,,,
19,3,Service_Uncategorized,,,,,,
19,4,Service_Uncategorized,,,,,,
19,5,Service_Uncategorized,,,,,,
19,Aggregated,Service_Uncategorized,,,,,,
19,Centralized,Service_Uncategorized,,,,,,
20,0,Service_Uncategorized,,,,,,
20,1,Service_Uncategorized,,,,,,
20,2,Service_Uncategorized,,,,,,
20,3,Service_Uncategorized,,,,,,
20,4,Service_Uncategorized,,,,,,
20,5,Service_Uncategorized,,,,,,
20,Aggregated,Service_Uncategorized,,,,,,
20,Centralized,Service_Uncategorized,,,,,,
21,0,Service_Uncategorized,,,,,,
21,1,Service_Uncategorized,,,,,,
21,2,Service_Uncategorized,,,,,,
21,3,Service_Uncategorized,,,,,,
21,4,Service_Uncategorized,,,,,,
21,5,Service_Uncategorized,,,,,,
21,Aggregated,Service_Uncategorized,,,,,,
21,Centralized,Service_Uncategorized,,,,,,
22,0,Service_Uncategorized,,,,,,
22,1,Service_Uncategorized,,,,,,
22,2,Service_Uncategorized,,,,,,
22,3,Service_Uncategorized,,,,,,
22,4,Service_Uncategorized,,,,,,
22,5,Service_Uncategorized,,,,,,
22,Aggregated,Service_Uncategorized,,,,,,
22,Centralized,Service_Uncategorized,,,,,,
23,0,Service_Uncategorized,,,,,,
23,1,Service_Uncategorized,,,,,,
23,2,Service_Uncategorized,,,,,,
23,3,Service_Uncategorized,,,,,,
23,4,Service_Uncategorized,,,,,,
23,5,Service_Uncategorized,,,,,,
23,Aggregated,Service_Uncategorized,,,,,,
23,Centralized,Service_Uncategorized,,,,,,
0,0,Health_Care_Outpatient_Uncategorized,,,,,,
0,1,Health_Care_Outpatient_Uncategorized,,,,,,
0,2,Health_Care_Outpatient_Uncategorized,,,,,,
0,3,Health_Care_Outpatient_Uncategorized,,,,,,
0,4,Health_Care_Outpatient_Uncategorized,,,,,,
0,5,Health_Care_Outpatient_Uncategorized,,,,,,
0,Aggregated,Health_Care_Outpatient_Uncategorized,,,,,,
0,Centralized,Health_Care_Outpatient_Uncategorized,,,,,,
1,0,Health_Care_Outpatient_Uncategorized,,,,,,
1,1,Health_Care_Outpatient_Uncategorized,,,,,,
1,2,Health_Care_Outpatient_Uncategorized,,,,,,
1,3,Health_Care_Outpatient_Uncategorized,,,,,,
1,4,Health_Care_Outpatient_Uncategorized,,,,,,
1,5,Health_Care_Outpatient_Uncategorized,,,,,,
1,Aggregated,Health_Care_Outpatient_Uncategorized,,,,,,
1,Centralized,Health_Care_Outpatient_Uncategorized,,,,,,
2,0,Health_Care_Outpatient_Uncategorized,,,,,,
2,1,Health_Care_Outpatient_Uncategorized,,,,,,
2,2,Health_Care_Outpatient_Uncategorized,,,,,,
2,3,Health_Care_Outpatient_Uncategorized,,,,,,
2,4,Health_Care_Outpatient_Uncategorized,,,,,,
2,5,Health_Care_Outpatient_Uncategorized,,,,,,
2,Aggregated,Health_Care_Outpatient_Uncategorized,,,,,,
2,Centralized,Health_Care_Outpatient_Uncategorized,,,,,,
3,0,Health_Care_Outpatient_Uncategorized,,,,,,
3,1,Health_Care_Outpatient_Uncategorized,,,,,,
3,2,Health_Care_Outpatient_Uncategorized,,,,,,
3,3,Health_Care_Outpatient_Uncategorized,,,,,,
3,4,Health_Care_Outpatient_Uncategorized,,,,,,
3,5,Health_Care_Outpatient_Uncategorized,,,,,,
3,Aggregated,Health_Care_Outpatient_Uncategorized,,,,,,
3,Centralized,Health_Care_Outpatient_Uncategorized,,,,,,
4,0,Health_Care_Outpatient_Uncategorized,,,,,,
4,1,Health_Care_Outpatient_Uncategorized,,,,,,
4,2,Health_Care_Outpatient_Uncategorized,,,,,,
4,3,Health_Care_Outpatient_Uncategorized,,,,,,
4,4,Health_Care_Outpatient_Uncategorized,,,,,,
4,5,Health_Care_Outpatient_Uncategorized,,,,,,
4,Aggregated,Health_Care_Outpatient_Uncategorized,,,,,,
4,Centralized,Health_Care_Outpatient_Uncategorized,,,,,,
5,0,Health_Care_Outpatient_Uncategorized,,,,,,
5,1,Health_Care_Outpatient_Uncategorized,,,,,,
5,2,Health_Care_Outpatient_Uncategorized,,,,,,
5,3,Health_Care_Outpatient_Uncategorized,,,,,,
5,4,Health_Care_Outpatient_Uncategorized,,,,,,
5,5,Health_Care_Outpatient_Uncategorized,,,,,,
5,Aggregated,Health_Care_Outpatient_Uncategorized,,,,,,
5,Centralized,Health_Care_Outpatient_Uncategorized,,,,,,
6,0,Health_Care_Outpatient_Uncategorized,,,,,,
6,1,Health_Care_Outpatient_Uncategorized,,,,,,
6,2,Health_Care_Outpatient_Uncategorized,,,,,,
6,3,Health_Care_Outpatient_Uncategorized,,,,,,
6,4,Health_Care_Outpatient_Uncategorized,,,,,,
6,5,Health_Care_Outpatient_Uncategorized,,,,,,
6,Aggregated,Health_Care_Outpatient_Uncategorized,,,,,,
6,Centralized,Health_Care_Outpatient_Uncategorized,,,,,,
7,0,Health_Care_Outpatient_Uncategorized,,,,,,
7,1,Health_Care_Outpatient_Uncategorized,,,,,,
7,2,Health_Care_Outpatient_Uncategorized,,,,,,
7,3,Health_Care_Outpatient_Uncategorized,,,,,,
7,4,Health_Care_Outpatient_Uncategorized,,,,,,
7,5,Health_Care_Outpatient_Uncategorized,,,,,,
7,Aggregated,Health_Care_Outpatient_Uncategorized,,,,,,
7,Centralized,Health_Care_Outpatient_Uncategorized,,,,,,
8,0,Health_Care_Outpatient_Uncategorized,,,,,,
8,1,Health_Care_Outpatient_Uncategorized,,,,,,
8,2,Health_Care_Outpatient_Uncategorized,,,,,,
8,3,Health_Care_Outpatient_Uncategorized,,,,,,
8,4,Health_Care_Outpatient_Uncategorized,,,,,,
8,5,Health_Care_Outpatient_Uncategorized,,,,,,
8,Aggregated,Health_Care_Outpatient_Uncategorized,,,,,,
8,Centralized,Health_Care_Outpatient_Uncategorized,,,,,,
9,0,Health_Care_Outpatient_Uncategorized,,,,,,
9,1,Health_Care_Outpatient_Uncategorized,,,,,,
9,2,Health_Care_Outpatient_Uncategorized,,,,,,
9,3,Health_Care_Outpatient_Uncategorized,,,,,,
9,4,Health_Care_Outpatient_Uncategorized,,,,,,
9,5,Health_Care_Outpatient_Uncategorized,,,,,,
9,Aggregated,Health_Care_Outpatient_Uncategorized,,,,,,
9,Centralized,Health_Care_Outpatient_Uncategorized,,,,,,
10,0,Health_Care_Outpatient_Uncategorized,,,,,,
10,1,Health_Care_Outpatient_Uncategorized,,,,,,
10,2,Health_Care_Outpatient_Uncategorized,,,,,,
10,3,Health_Care_Outpatient_Uncategorized,,,,,,
10,4,Health_Care_Outpatient_Uncategorized,,,,,,
10,5,Health_Care_Outpatient_Uncategorized,,,,,,
10,Aggregated,Health_Care_Outpatient_Uncategorized,,,,,,
10,Centralized,Health_Care_Outpatient_Uncategorized,,,,,,
11,0,Health_Care_Outpatient_Uncategorized,,,,,,
11,1,Health_Care_Outpatient_Uncategorized,,,,,,
11,2,Health_Care_Outpatient_Uncategorized,,,,,,
11,3,Health_Care_Outpatient_Uncategorized,,,,,,
11,4,Health_Care_Outpatient_Uncategorized,,,,,,
11,5,Health_Care_Outpatient_Uncategorized,,,,,,
11,Aggregated,Health_Care_Outpatient_Uncategorized,,,,,,
11,Centralized,Health_Care_Outpatient_Uncategorized,,,,,,
12,0,Health_Care_Outpatient_Uncategorized,,,,,,
12,1,Health_Care_Outpatient_Uncategorized,,,,,,
12,2,Health_Care_Outpatient_Uncategorized,,,,,,
12,3,Health_Care_Outpatient_Uncategorized,,,,,,
12,4,Health_Care_Outpatient_Uncategorized,,,,,,
12,5,Health_Care_Outpatient_Uncategorized,,,,,,
12,Aggregated,Health_Care_Outpatient_Uncategorized,,,,,,
12,Centralized,Health_Care_Outpatient_Uncategorized,,,,,,
13,0,Health_Care_Outpatient_Uncategorized,,,,,,
13,1,Health_Care_Outpatient_Uncategorized,,,,,,
13,2,Health_Care_Outpatient_Uncategorized,,,,,,
13,3,Health_Care_Outpatient_Uncategorized,,,,,,
13,4,Health_Care_Outpatient_Uncategorized,,,,,,
13,5,Health_Care_Outpatient_Uncategorized,,,,,,
13,Aggregated,Health_Care_Outpatient_Uncategorized,,,,,,
13,Centralized,Health_Care_Outpatient_Uncategorized,,,,,,
14,0,Health_Care_Outpatient_Uncategorized,,,,,,
14,1,Health_Care_Outpatient_Uncategorized,,,,,,
14,2,Health_Care_Outpatient_Uncategorized,,,,,,
14,3,Health_Care_Outpatient_Uncategorized,,,,,,
14,4,Health_Care_Outpatient_Uncategorized,,,,,,
14,5,Health_Care_Outpatient_Uncategorized,,,,,,
14,Aggregated,Health_Care_Outpatient_Uncategorized,,,,,,
14,Centralized,Health_Care_Outpatient_Uncategorized,,,,,,
15,0,Health_Care_Outpatient_Uncategorized,,,,,,
15,1,Health_Care_Outpatient_Uncategorized,,,,,,
15,2,Health_Care_Outpatient_Uncategorized,,,,,,
15,3,Health_Care_Outpatient_Uncategorized,,,,,,
15,4,Health_Care_Outpatient_Uncategorized,,,,,,
15,5,Health_Care_Outpatient_Uncategorized,,,,,,
15,Aggregated,Health_Care_Outpatient_Uncategorized,,,,,,
15,Centralized,Health_Care_Outpatient_Uncategorized,,,,,,
16,0,Health_Care_Outpatient_Uncategorized,,,,,,
16,1,Health_Care_Outpatient_Uncategorized,,,,,,
16,2,Health_Care_Outpatient_Uncategorized,,,,,,
16,3,Health_Care_Outpatient_Uncategorized,,,,,,
16,4,Health_Care_Outpatient_Uncategorized,,,,,,
16,5,Health_Care_Outpatient_Uncategorized,,,,,,
16,Aggregated,Health_Care_Outpatient_Uncategorized,,,,,,
16,Centralized,Health_Care_Outpatient_Uncategorized,,,,,,
17,0,Health_Care_Outpatient_Uncategorized,,,,,,
17,1,Health_Care_Outpatient_Uncategorized,,,,,,
17,2,Health_Care_Outpatient_Uncategorized,,,,,,
17,3,Health_Care_Outpatient_Uncategorized,,,,,,
17,4,Health_Care_Outpatient_Uncategorized,,,,,,
17,5,Health_Care_Outpatient_Uncategorized,,,,,,
17,Aggregated,Health_Care_Outpatient_Uncategorized,,,,,,
17,Centralized,Health_Care_Outpatient_Uncategorized,,,,,,
18,0,Health_Care_Outpatient_Uncategorized,,,,,,
18,1,Health_Care_Outpatient_Uncategorized,,,,,,
18,2,Health_Care_Outpatient_Uncategorized,,,,,,
18,3,Health_Care_Outpatient_Uncategorized,,,,,,
18,4,Health_Care_Outpatient_Uncategorized,,,,,,
18,5,Health_Care_Outpatient_Uncategorized,,,,,,
18,Aggregated,Health_Care_Outpatient_Uncategorized,,,,,,
18,Centralized,Health_Care_Outpatient_Uncategorized,,,,,,
19,0,Health_Care_Outpatient_Uncategorized,,,,,,
19,1,Health_Care_Outpatient_Uncategorized,,,,,,
19,2,Health_Care_Outpatient_Uncategorized,,,,,,
19,3,Health_Care_Outpatient_Uncategorized,,,,,,
19,4,Health_Care_Outpatient_Uncategorized,,,,,,
19,5,Health_Care_Outpatient_Uncategorized,,,,,,
19,Aggregated,Health_Care_Outpatient_Uncategorized,,,,,,
19,Centralized,Health_Care_Outpatient_Uncategorized,,,,,,
20,0,Health_Care_Outpatient_Uncategorized,,,,,,
20,1,Health_Care_Outpatient_Uncategorized,,,,,,
20,2,Health_Care_Outpatient_Uncategorized,,,,,,
20,3,Health_Care_Outpatient_Uncategorized,,,,,,
20,4,Health_Care_Outpatient_Uncategorized,,,,,,
20,5,Health_Care_Outpatient_Uncategorized,,,,,,
20,Aggregated,Health_Care_Outpatient_Uncategorized,,,,,,
20,Centralized,Health_Care_Outpatient_Uncategorized,,,,,,
21,0,Health_Care_Outpatient_Uncategorized,,,,,,
21,1,Health_Care_Outpatient_Uncategorized,,,,,,
21,2,Health_Care_Outpatient_Uncategorized,,,,,,
21,3,Health_Care_Outpatient_Uncategorized,,,,,,
21,4,Health_Care_Outpatient_Uncategorized,,,,,,
21,5,Health_Care_Outpatient_Uncategorized,,,,,,
21,Aggregated,Health_Care_Outpatient_Uncategorized,,,,,,
21,Centralized,Health_Care_Outpatient_Uncategorized,,,,,,
22,0,Health_Care_Outpatient_Uncategorized,,,,,,
22,1,Health_Care_Outpatient_Uncategorized,,,,,,
22,2,Health_Care_Outpatient_Uncategorized,,,,,,
22,3,Health_Care_Outpatient_Uncategorized,,,,,,
22,4,Health_Care_Outpatient_Uncategorized,,,,,,
22,5,Health_Care_Outpatient_Uncategorized,,,,,,
22,Aggregated,Health_Care_Outpatient_Uncategorized,,,,,,
22,Centralized,Health_Care_Outpatient_Uncategorized,,,,,,
23,0,Health_Care_Outpatient_Uncategorized,,,,,,
23,1,Health_Care_Outpatient_Uncategorized,,,,,,
23,2,Health_Care_Outpatient_Uncategorized,,,,,,
23,3,Health_Care_Outpatient_Uncategorized,,,,,,
23,4,Health_Care_Outpatient_Uncategorized,,,,,,
23,5,Health_Care_Outpatient_Uncategorized,,,,,,
23,Aggregated,Health_Care_Outpatient_Uncategorized,,,,,,
23,Centralized,Health_Care_Outpatient_Uncategorized,,,,,,
0,0,Public_Assembly_Stadium,,,,,,
0,1,Public_Assembly_Stadium,,,,,,
0,2,Public_Assembly_Stadium,,,,,,
0,3,Public_Assembly_Stadium,,,,,,
0,4,Public_Assembly_Stadium,,,,,,
0,5,Public_Assembly_Stadium,,,,,,
0,Aggregated,Public_Assembly_Stadium,,,,,,
0,Centralized,Public_Assembly_Stadium,,,,,,
1,0,Public_Assembly_Stadium,,,,,,
1,1,Public_Assembly_Stadium,,,,,,
1,2,Public_Assembly_Stadium,,,,,,
1,3,Public_Assembly_Stadium,,,,,,
1,4,Public_Assembly_Stadium,,,,,,
1,5,Public_Assembly_Stadium,,,,,,
1,Aggregated,Public_Assembly_Stadium,,,,,,
1,Centralized,Public_Assembly_Stadium,,,,,,
2,0,Public_Assembly_Stadium,,,,,,
2,1,Public_Assembly_Stadium,,,,,,
2,2,Public_Assembly_Stadium,,,,,,
2,3,Public_Assembly_Stadium,,,,,,
2,4,Public_Assembly_Stadium,,,,,,
2,5,Public_Assembly_Stadium,,,,,,
2,Aggregated,Public_Assembly_Stadium,,,,,,
2,Centralized,Public_Assembly_Stadium,,,,,,
3,0,Public_Assembly_Stadium,,,,,,
3,1,Public_Assembly_Stadium,,,,,,
3,2,Public_Assembly_Stadium,,,,,,
3,3,Public_Assembly_Stadium,,,,,,
3,4,Public_Assembly_Stadium,,,,,,
3,5,Public_Assembly_Stadium,,,,,,
3,Aggregated,Public_Assembly_Stadium,,,,,,
3,Centralized,Public_Assembly_Stadium,,,,,,
4,0,Public_Assembly_Stadium,,,,,,
4,1,Public_Assembly_Stadium,,,,,,
4,2,Public_Assembly_Stadium,,,,,,
4,3,Public_Assembly_Stadium,,,,,,
4,4,Public_Assembly_Stadium,,,,,,
4,5,Public_Assembly_Stadium,,,,,,
4,Aggregated,Public_Assembly_Stadium,,,,,,
4,Centralized,Public_Assembly_Stadium,,,,,,
5,0,Public_Assembly_Stadium,,,,,,
5,1,Public_Assembly_Stadium,,,,,,
5,2,Public_Assembly_Stadium,,,,,,
5,3,Public_Assembly_Stadium,,,,,,
5,4,Public_Assembly_Stadium,,,,,,
5,5,Public_Assembly_Stadium,,,,,,
5,Aggregated,Public_Assembly_Stadium,,,,,,
5,Centralized,Public_Assembly_Stadium,,,,,,
6,0,Public_Assembly_Stadium,,,,,,
6,1,Public_Assembly_Stadium,,,,,,
6,2,Public_Assembly_Stadium,,,,,,
6,3,Public_Assembly_Stadium,,,,,,
6,4,Public_Assembly_Stadium,,,,,,
6,5,Public_Assembly_Stadium,,,,,,
6,Aggregated,Public_Assembly_Stadium,,,,,,
6,Centralized,Public_Assembly_Stadium,,,,,,
7,0,Public_Assembly_Stadium,,,,,,
7,1,Public_Assembly_Stadium,,,,,,
7,2,Public_Assembly_Stadium,,,,,,
7,3,Public_Assembly_Stadium,,,,,,
7,4,Public_Assembly_Stadium,,,,,,
7,5,Public_Assembly_Stadium,,,,,,
7,Aggregated,Public_Assembly_Stadium,,,,,,
7,Centralized,Public_Assembly_Stadium,,,,,,
8,0,Public_Assembly_Stadium,,,,,,
8,1,Public_Assembly_Stadium,,,,,,
8,2,Public_Assembly_Stadium,,,,,,
8,3,Public_Assembly_Stadium,,,,,,
8,4,Public_Assembly_Stadium,,,,,,
8,5,Public_Assembly_Stadium,,,,,,
8,Aggregated,Public_Assembly_Stadium,,,,,,
8,Centralized,Public_Assembly_Stadium,,,,,,
9,0,Public_Assembly_Stadium,,,,,,
9,1,Public_Assembly_Stadium,,,,,,
9,2,Public_Assembly_Stadium,,,,,,
9,3,Public_Assembly_Stadium,,,,,,
9,4,Public_Assembly_Stadium,,,,,,
9,5,Public_Assembly_Stadium,,,,,,
9,Aggregated,Public_Assembly_Stadium,,,,,,
9,Centralized,Public_Assembly_Stadium,,,,,,
10,0,Public_Assembly_Stadium,,,,,,
10,1,Public_Assembly_Stadium,,,,,,
10,2,Public_Assembly_Stadium,,,,,,
10,3,Public_Assembly_Stadium,,,,,,
10,4,Public_Assembly_Stadium,,,,,,
10,5,Public_Assembly_Stadium,,,,,,
10,Aggregated,Public_Assembly_Stadium,,,,,,
10,Centralized,Public_Assembly_Stadium,,,,,,
11,0,Public_Assembly_Stadium,,,,,,
11,1,Public_Assembly_Stadium,,,,,,
11,2,Public_Assembly_Stadium,,,,,,
11,3,Public_Assembly_Stadium,,,,,,
11,4,Public_Assembly_Stadium,,,,,,
11,5,Public_Assembly_Stadium,,,,,,
11,Aggregated,Public_Assembly_Stadium,,,,,,
11,Centralized,Public_Assembly_Stadium,,,,,,
12,0,Public_Assembly_Stadium,,,,,,
12,1,Public_Assembly_Stadium,,,,,,
12,2,Public_Assembly_Stadium,,,,,,
12,3,Public_Assembly_Stadium,,,,,,
12,4,Public_Assembly_Stadium,,,,,,
12,5,Public_Assembly_Stadium,,,,,,
12,Aggregated,Public_Assembly_Stadium,,,,,,
12,Centralized,Public_Assembly_Stadium,,,,,,
13,0,Public_Assembly_Stadium,,,,,,
13,1,Public_Assembly_Stadium,,,,,,
13,2,Public_Assembly_Stadium,,,,,,
13,3,Public_Assembly_Stadium,,,,,,
13,4,Public_Assembly_Stadium,,,,,,
13,5,Public_Assembly_Stadium,,,,,,
13,Aggregated,Public_Assembly_Stadium,,,,,,
13,Centralized,Public_Assembly_Stadium,,,,,,
14,0,Public_Assembly_Stadium,,,,,,
14,1,Public_Assembly_Stadium,,,,,,
14,2,Public_Assembly_Stadium,,,,,,
14,3,Public_Assembly_Stadium,,,,,,
14,4,Public_Assembly_Stadium,,,,,,
14,5,Public_Assembly_Stadium,,,,,,
14,Aggregated,Public_Assembly_Stadium,,,,,,
14,Centralized,Public_Assembly_Stadium,,,,,,
15,0,Public_Assembly_Stadium,,,,,,
15,1,Public_Assembly_Stadium,,,,,,
15,2,Public_Assembly_Stadium,,,,,,
15,3,Public_Assembly_Stadium,,,,,,
15,4,Public_Assembly_Stadium,,,,,,
15,5,Public_Assembly_Stadium,,,,,,
15,Aggregated,Public_Assembly_Stadium,,,,,,
15,Centralized,Public_Assembly_Stadium,,,,,,
16,0,Public_Assembly_Stadium,,,,,,
16,1,Public_Assembly_Stadium,,,,,,
16,2,Public_Assembly_Stadium,,,,,,
16,3,Public_Assembly_Stadium,,,,,,
16,4,Public_Assembly_Stadium,,,,,,
16,5,Public_Assembly_Stadium,,,,,,
16,Aggregated,Public_Assembly_Stadium,,,,,,
16,Centralized,Public_Assembly_Stadium,,,,,,
17,0,Public_Assembly_Stadium,,,,,,
17,1,Public_Assembly_Stadium,,,,,,
17,2,Public_Assembly_Stadium,,,,,,
17,3,Public_Assembly_Stadium,,,,,,
17,4,Public_Assembly_Stadium,,,,,,
17,5,Public_Assembly_Stadium,,,,,,
17,Aggregated,Public_Assembly_Stadium,,,,,,
17,Centralized,Public_Assembly_Stadium,,,,,,
18,0,Public_Assembly_Stadium,,,,,,
18,1,Public_Assembly_Stadium,,,,,,
18,2,Public_Assembly_Stadium,,,,,,
18,3,Public_Assembly_Stadium,,,,,,
18,4,Public_Assembly_Stadium,,,,,,
18,5,Public_Assembly_Stadium,,,,,,
18,Aggregated,Public_Assembly_Stadium,,,,,,
18,Centralized,Public_Assembly_Stadium,,,,,,
19,0,Public_Assembly_Stadium,,,,,,
19,1,Public_Assembly_Stadium,,,,,,
19,2,Public_Assembly_Stadium,,,,,,
19,3,Public_Assembly_Stadium,,,,,,
19,4,Public_Assembly_Stadium,,,,,,
19,5,Public_Assembly_Stadium,,,,,,
19,Aggregated,Public_Assembly_Stadium,,,,,,
19,Centralized,Public_Assembly_Stadium,,,,,,
20,0,Public_Assembly_Stadium,,,,,,
20,1,Public_Assembly_Stadium,,,,,,
20,2,Public_Assembly_Stadium,,,,,,
20,3,Public_Assembly_Stadium,,,,,,
20,4,Public_Assembly_Stadium,,,,,,
20,5,Public_Assembly_Stadium,,,,,,
20,Aggregated,Public_Assembly_Stadium,,,,,,
20,Centralized,Public_Assembly_Stadium,,,,,,
21,0,Public_Assembly_Stadium,,,,,,
21,1,Public_Assembly_Stadium,,,,,,
21,2,Public_Assembly_Stadium,,,,,,
21,3,Public_Assembly_Stadium,,,,,,
21,4,Public_Assembly_Stadium,,,,,,
21,5,Public_Assembly_Stadium,,,,,,
21,Aggregated,Public_Assembly_Stadium,,,,,,
21,Centralized,Public_Assembly_Stadium,,,,,,
22,0,Public_Assembly_Stadium,,,,,,
22,1,Public_Assembly_Stadium,,,,,,
22,2,Public_Assembly_Stadium,,,,,,
22,3,Public_Assembly_Stadium,,,,,,
22,4,Public_Assembly_Stadium,,,,,,
22,5,Public_Assembly_Stadium,,,,,,
22,Aggregated,Public_Assembly_Stadium,,,,,,
22,Centralized,Public_Assembly_Stadium,,,,,,
23,0,Public_Assembly_Stadium,,,,,,
23,1,Public_Assembly_Stadium,,,,,,
23,2,Public_Assembly_Stadium,,,,,,
23,3,Public_Assembly_Stadium,,,,,,
23,4,Public_Assembly_Stadium,,,,,,
23,5,Public_Assembly_Stadium,,,,,,
23,Aggregated,Public_Assembly_Stadium,,,,,,
23,Centralized,Public_Assembly_Stadium,,,,,,
0,0,Food_Service_Other,,,,,,
0,1,Food_Service_Other,,,,,,
0,2,Food_Service_Other,,,,,,
0,3,Food_Service_Other,,,,,,
0,4,Food_Service_Other,,,,,,
0,5,Food_Service_Other,,,,,,
0,Aggregated,Food_Service_Other,,,,,,
0,Centralized,Food_Service_Other,,,,,,
1,0,Food_Service_Other,,,,,,
1,1,Food_Service_Other,,,,,,
1,2,Food_Service_Other,,,,,,
1,3,Food_Service_Other,,,,,,
1,4,Food_Service_Other,,,,,,
1,5,Food_Service_Other,,,,,,
1,Aggregated,Food_Service_Other,,,,,,
1,Centralized,Food_Service_Other,,,,,,
2,0,Food_Service_Other,,,,,,
2,1,Food_Service_Other,,,,,,
2,2,Food_Service_Other,,,,,,
2,3,Food_Service_Other,,,,,,
2,4,Food_Service_Other,,,,,,
2,5,Food_Service_Other,,,,,,
2,Aggregated,Food_Service_Other,,,,,,
2,Centralized,Food_Service_Other,,,,,,
3,0,Food_Service_Other,,,,,,
3,1,Food_Service_Other,,,,,,
3,2,Food_Service_Other,,,,,,
3,3,Food_Service_Other,,,,,,
3,4,Food_Service_Other,,,,,,
3,5,Food_Service_Other,,,,,,
3,Aggregated,Food_Service_Other,,,,,,
3,Centralized,Food_Service_Other,,,,,,
4,0,Food_Service_Other,,,,,,
4,1,Food_Service_Other,,,,,,
4,2,Food_Service_Other,,,,,,
4,3,Food_Service_Other,,,,,,
4,4,Food_Service_Other,,,,,,
4,5,Food_Service_Other,,,,,,
4,Aggregated,Food_Service_Other,,,,,,
4,Centralized,Food_Service_Other,,,,,,
5,0,Food_Service_Other,,,,,,
5,1,Food_Service_Other,,,,,,
5,2,Food_Service_Other,,,,,,
5,3,Food_Service_Other,,,,,,
5,4,Food_Service_Other,,,,,,
5,5,Food_Service_Other,,,,,,
5,Aggregated,Food_Service_Other,,,,,,
5,Centralized,Food_Service_Other,,,,,,
6,0,Food_Service_Other,,,,,,
6,1,Food_Service_Other,,,,,,
6,2,Food_Service_Other,,,,,,
6,3,Food_Service_Other,,,,,,
6,4,Food_Service_Other,,,,,,
6,5,Food_Service_Other,,,,,,
6,Aggregated,Food_Service_Other,,,,,,
6,Centralized,Food_Service_Other,,,,,,
7,0,Food_Service_Other,,,,,,
7,1,Food_Service_Other,,,,,,
7,2,Food_Service_Other,,,,,,
7,3,Food_Service_Other,,,,,,
7,4,Food_Service_Other,,,,,,
7,5,Food_Service_Other,,,,,,
7,Aggregated,Food_Service_Other,,,,,,
7,Centralized,Food_Service_Other,,,,,,
8,0,Food_Service_Other,,,,,,
8,1,Food_Service_Other,,,,,,
8,2,Food_Service_Other,,,,,,
8,3,Food_Service_Other,,,,,,
8,4,Food_Service_Other,,,,,,
8,5,Food_Service_Other,,,,,,
8,Aggregated,Food_Service_Other,,,,,,
8,Centralized,Food_Service_Other,,,,,,
9,0,Food_Service_Other,,,,,,
9,1,Food_Service_Other,,,,,,
9,2,Food_Service_Other,,,,,,
9,3,Food_Service_Other,,,,,,
9,4,Food_Service_Other,,,,,,
9,5,Food_Service_Other,,,,,,
9,Aggregated,Food_Service_Other,,,,,,
9,Centralized,Food_Service_Other,,,,,,
10,0,Food_Service_Other,,,,,,
10,1,Food_Service_Other,,,,,,
10,2,Food_Service_Other,,,,,,
10,3,Food_Service_Other,,,,,,
10,4,Food_Service_Other,,,,,,
10,5,Food_Service_Other,,,,,,
10,Aggregated,Food_Service_Other,,,,,,
10,Centralized,Food_Service_Other,,,,,,
11,0,Food_Service_Other,,,,,,
11,1,Food_Service_Other,,,,,,
11,2,Food_Service_Other,,,,,,
11,3,Food_Service_Other,,,,,,
11,4,Food_Service_Other,,,,,,
11,5,Food_Service_Other,,,,,,
11,Aggregated,Food_Service_Other,,,,,,
11,Centralized,Food_Service_Other,,,,,,
12,0,Food_Service_Other,,,,,,
12,1,Food_Service_Other,,,,,,
12,2,Food_Service_Other,,,,,,
12,3,Food_Service_Other,,,,,,
12,4,Food_Service_Other,,,,,,
12,5,Food_Service_Other,,,,,,
12,Aggregated,Food_Service_Other,,,,,,
12,Centralized,Food_Service_Other,,,,,,
13,0,Food_Service_Other,,,,,,
13,1,Food_Service_Other,,,,,,
13,2,Food_Service_Other,,,,,,
13,3,Food_Service_Other,,,,,,
13,4,Food_Service_Other,,,,,,
13,5,Food_Service_Other,,,,,,
13,Aggregated,Food_Service_Other,,,,,,
13,Centralized,Food_Service_Other,,,,,,
14,0,Food_Service_Other,,,,,,
14,1,Food_Service_Other,,,,,,
14,2,Food_Service_Other,,,,,,
14,3,Food_Service_Other,,,,,,
14,4,Food_Service_Other,,,,,,
14,5,Food_Service_Other,,,,,,
14,Aggregated,Food_Service_Other,,,,,,
14,Centralized,Food_Service_Other,,,,,,
15,0,Food_Service_Other,,,,,,
15,1,Food_Service_Other,,,,,,
15,2,Food_Service_Other,,,,,,
15,3,Food_Service_Other,,,,,,
15,4,Food_Service_Other,,,,,,
15,5,Food_Service_Other,,,,,,
15,Aggregated,Food_Service_Other,,,,,,
15,Centralized,Food_Service_Other,,,,,,
16,0,Food_Service_Other,,,,,,
16,1,Food_Service_Other,,,,,,
16,2,Food_Service_Other,,,,,,
16,3,Food_Service_Other,,,,,,
16,4,Food_Service_Other,,,,,,
16,5,Food_Service_Other,,,,,,
16,Aggregated,Food_Service_Other,,,,,,
16,Centralized,Food_Service_Other,,,,,,
17,0,Food_Service_Other,,,,,,
17,1,Food_Service_Other,,,,,,
17,2,Food_Service_Other,,,,,,
17,3,Food_Service_Other,,,,,,
17,4,Food_Service_Other,,,,,,
17,5,Food_Service_Other,,,,,,
17,Aggregated,Food_Service_Other,,,,,,
17,Centralized,Food_Service_Other,,,,,,
18,0,Food_Service_Other,,,,,,
18,1,Food_Service_Other,,,,,,
18,2,Food_Service_Other,,,,,,
18,3,Food_Service_Other,,,,,,
18,4,Food_Service_Other,,,,,,
18,5,Food_Service_Other,,,,,,
18,Aggregated,Food_Service_Other,,,,,,
18,Centralized,Food_Service_Other,,,,,,
19,0,Food_Service_Other,,,,,,
19,1,Food_Service_Other,,,,,,
19,2,Food_Service_Other,,,,,,
19,3,Food_Service_Other,,,,,,
19,4,Food_Service_Other,,,,,,
19,5,Food_Service_Other,,,,,,
19,Aggregated,Food_Service_Other,,,,,,
19,Centralized,Food_Service_Other,,,,,,
20,0,Food_Service_Other,,,,,,
20,1,Food_Service_Other,,,,,,
20,2,Food_Service_Other,,,,,,
20,3,Food_Service_Other,,,,,,
20,4,Food_Service_Other,,,,,,
20,5,Food_Service_Other,,,,,,
20,Aggregated,Food_Service_Other,,,,,,
20,Centralized,Food_Service_Other,,,,,,
21,0,Food_Service_Other,,,,,,
21,1,Food_Service_Other,,,,,,
21,2,Food_Service_Other,,,,,,
21,3,Food_Service_Other,,,,,,
21,4,Food_Service_Other,,,,,,
21,5,Food_Service_Other,,,,,,
21,Aggregated,Food_Service_Other,,,,,,
21,Centralized,Food_Service_Other,,,,,,
22,0,Food_Service_Other,,,,,,
22,1,Food_Service_Other,,,,,,
22,2,Food_Service_Other,,,,,,
22,3,Food_Service_Other,,,,,,
22,4,Food_Service_Other,,,,,,
22,5,Food_Service_Other,,,,,,
22,Aggregated,Food_Service_Other,,,,,,
22,Centralized,Food_Service_Other,,,,,,
23,0,Food_Service_Other,,,,,,
23,1,Food_Service_Other,,,,,,
23,2,Food_Service_Other,,,,,,
23,3,Food_Service_Other,,,,,,
23,4,Food_Service_Other,,,,,,
23,5,Food_Service_Other,,,,,,
23,Aggregated,Food_Service_Other,,,,,,
23,Centralized,Food_Service_Other,,,,,,
0,0,Food_Service_Uncategorized,,,,,,
0,1,Food_Service_Uncategorized,,,,,,
0,2,Food_Service_Uncategorized,,,,,,
0,3,Food_Service_Uncategorized,,,,,,
0,4,Food_Service_Uncategorized,,,,,,
0,5,Food_Service_Uncategorized,,,,,,
0,Aggregated,Food_Service_Uncategorized,,,,,,
0,Centralized,Food_Service_Uncategorized,,,,,,
1,0,Food_Service_Uncategorized,,,,,,
1,1,Food_Service_Uncategorized,,,,,,
1,2,Food_Service_Uncategorized,,,,,,
1,3,Food_Service_Uncategorized,,,,,,
1,4,Food_Service_Uncategorized,,,,,,
1,5,Food_Service_Uncategorized,,,,,,
1,Aggregated,Food_Service_Uncategorized,,,,,,
1,Centralized,Food_Service_Uncategorized,,,,,,
2,0,Food_Service_Uncategorized,,,,,,
2,1,Food_Service_Uncategorized,,,,,,
2,2,Food_Service_Uncategorized,,,,,,
2,3,Food_Service_Uncategorized,,,,,,
2,4,Food_Service_Uncategorized,,,,,,
2,5,Food_Service_Uncategorized,,,,,,
2,Aggregated,Food_Service_Uncategorized,,,,,,
2,Centralized,Food_Service_Uncategorized,,,,,,
3,0,Food_Service_Uncategorized,,,,,,
3,1,Food_Service_Uncategorized,,,,,,
3,2,Food_Service_Uncategorized,,,,,,
3,3,Food_Service_Uncategorized,,,,,,
3,4,Food_Service_Uncategorized,,,,,,
3,5,Food_Service_Uncategorized,,,,,,
3,Aggregated,Food_Service_Uncategorized,,,,,,
3,Centralized,Food_Service_Uncategorized,,,,,,
4,0,Food_Service_Uncategorized,,,,,,
4,1,Food_Service_Uncategorized,,,,,,
4,2,Food_Service_Uncategorized,,,,,,
4,3,Food_Service_Uncategorized,,,,,,
4,4,Food_Service_Uncategorized,,,,,,
4,5,Food_Service_Uncategorized,,,,,,
4,Aggregated,Food_Service_Uncategorized,,,,,,
4,Centralized,Food_Service_Uncategorized,,,,,,
5,0,Food_Service_Uncategorized,,,,,,
5,1,Food_Service_Uncategorized,,,,,,
5,2,Food_Service_Uncategorized,,,,,,
5,3,Food_Service_Uncategorized,,,,,,
5,4,Food_Service_Uncategorized,,,,,,
5,5,Food_Service_Uncategorized,,,,,,
5,Aggregated,Food_Service_Uncategorized,,,,,,
5,Centralized,Food_Service_Uncategorized,,,,,,
6,0,Food_Service_Uncategorized,,,,,,
6,1,Food_Service_Uncategorized,,,,,,
6,2,Food_Service_Uncategorized,,,,,,
6,3,Food_Service_Uncategorized,,,,,,
6,4,Food_Service_Uncategorized,,,,,,
6,5,Food_Service_Uncategorized,,,,,,
6,Aggregated,Food_Service_Uncategorized,,,,,,
6,Centralized,Food_Service_Uncategorized,,,,,,
7,0,Food_Service_Uncategorized,,,,,,
7,1,Food_Service_Uncategorized,,,,,,
7,2,Food_Service_Uncategorized,,,,,,
7,3,Food_Service_Uncategorized,,,,,,
7,4,Food_Service_Uncategorized,,,,,,
7,5,Food_Service_Uncategorized,,,,,,
7,Aggregated,Food_Service_Uncategorized,,,,,,
7,Centralized,Food_Service_Uncategorized,,,,,,
8,0,Food_Service_Uncategorized,,,,,,
8,1,Food_Service_Uncategorized,,,,,,
8,2,Food_Service_Uncategorized,,,,,,
8,3,Food_Service_Uncategorized,,,,,,
8,4,Food_Service_Uncategorized,,,,,,
8,5,Food_Service_Uncategorized,,,,,,
8,Aggregated,Food_Service_Uncategorized,,,,,,
8,Centralized,Food_Service_Uncategorized,,,,,,
9,0,Food_Service_Uncategorized,,,,,,
9,1,Food_Service_Uncategorized,,,,,,
9,2,Food_Service_Uncategorized,,,,,,
9,3,Food_Service_Uncategorized,,,,,,
9,4,Food_Service_Uncategorized,,,,,,
9,5,Food_Service_Uncategorized,,,,,,
9,Aggregated,Food_Service_Uncategorized,,,,,,
9,Centralized,Food_Service_Uncategorized,,,,,,
10,0,Food_Service_Uncategorized,,,,,,
10,1,Food_Service_Uncategorized,,,,,,
10,2,Food_Service_Uncategorized,,,,,,
10,3,Food_Service_Uncategorized,,,,,,
10,4,Food_Service_Uncategorized,,,,,,
10,5,Food_Service_Uncategorized,,,,,,
10,Aggregated,Food_Service_Uncategorized,,,,,,
10,Centralized,Food_Service_Uncategorized,,,,,,
11,0,Food_Service_Uncategorized,,,,,,
11,1,Food_Service_Uncategorized,,,,,,
11,2,Food_Service_Uncategorized,,,,,,
11,3,Food_Service_Uncategorized,,,,,,
11,4,Food_Service_Uncategorized,,,,,,
11,5,Food_Service_Uncategorized,,,,,,
11,Aggregated,Food_Service_Uncategorized,,,,,,
11,Centralized,Food_Service_Uncategorized,,,,,,
12,0,Food_Service_Uncategorized,,,,,,
12,1,Food_Service_Uncategorized,,,,,,
12,2,Food_Service_Uncategorized,,,,,,
12,3,Food_Service_Uncategorized,,,,,,
12,4,Food_Service_Uncategorized,,,,,,
12,5,Food_Service_Uncategorized,,,,,,
12,Aggregated,Food_Service_Uncategorized,,,,,,
12,Centralized,Food_Service_Uncategorized,,,,,,
13,0,Food_Service_Uncategorized,,,,,,
13,1,Food_Service_Uncategorized,,,,,,
13,2,Food_Service_Uncategorized,,,,,,
13,3,Food_Service_Uncategorized,,,,,,
13,4,Food_Service_Uncategorized,,,,,,
13,5,Food_Service_Uncategorized,,,,,,
13,Aggregated,Food_Service_Uncategorized,,,,,,
13,Centralized,Food_Service_Uncategorized,,,,,,
14,0,Food_Service_Uncategorized,,,,,,
14,1,Food_Service_Uncategorized,,,,,,
14,2,Food_Service_Uncategorized,,,,,,
14,3,Food_Service_Uncategorized,,,,,,
14,4,Food_Service_Uncategorized,,,,,,
14,5,Food_Service_Uncategorized,,,,,,
14,Aggregated,Food_Service_Uncategorized,,,,,,
14,Centralized,Food_Service_Uncategorized,,,,,,
15,0,Food_Service_Uncategorized,,,,,,
15,1,Food_Service_Uncategorized,,,,,,
15,2,Food_Service_Uncategorized,,,,,,
15,3,Food_Service_Uncategorized,,,,,,
15,4,Food_Service_Uncategorized,,,,,,
15,5,Food_Service_Uncategorized,,,,,,
15,Aggregated,Food_Service_Uncategorized,,,,,,
15,Centralized,Food_Service_Uncategorized,,,,,,
16,0,Food_Service_Uncategorized,,,,,,
16,1,Food_Service_Uncategorized,,,,,,
16,2,Food_Service_Uncategorized,,,,,,
16,3,Food_Service_Uncategorized,,,,,,
16,4,Food_Service_Uncategorized,,,,,,
16,5,Food_Service_Uncategorized,,,,,,
16,Aggregated,Food_Service_Uncategorized,,,,,,
16,Centralized,Food_Service_Uncategorized,,,,,,
17,0,Food_Service_Uncategorized,,,,,,
17,1,Food_Service_Uncategorized,,,,,,
17,2,Food_Service_Uncategorized,,,,,,
17,3,Food_Service_Uncategorized,,,,,,
17,4,Food_Service_Uncategorized,,,,,,
17,5,Food_Service_Uncategorized,,,,,,
17,Aggregated,Food_Service_Uncategorized,,,,,,
17,Centralized,Food_Service_Uncategorized,,,,,,
18,0,Food_Service_Uncategorized,,,,,,
18,1,Food_Service_Uncategorized,,,,,,
18,2,Food_Service_Uncategorized,,,,,,
18,3,Food_Service_Uncategorized,,,,,,
18,4,Food_Service_Uncategorized,,,,,,
18,5,Food_Service_Uncategorized,,,,,,
18,Aggregated,Food_Service_Uncategorized,,,,,,
18,Centralized,Food_Service_Uncategorized,,,,,,
19,0,Food_Service_Uncategorized,,,,,,
19,1,Food_Service_Uncategorized,,,,,,
19,2,Food_Service_Uncategorized,,,,,,
19,3,Food_Service_Uncategorized,,,,,,
19,4,Food_Service_Uncategorized,,,,,,
19,5,Food_Service_Uncategorized,,,,,,
19,Aggregated,Food_Service_Uncategorized,,,,,,
19,Centralized,Food_Service_Uncategorized,,,,,,
20,0,Food_Service_Uncategorized,,,,,,
20,1,Food_Service_Uncategorized,,,,,,
20,2,Food_Service_Uncategorized,,,,,,
20,3,Food_Service_Uncategorized,,,,,,
20,4,Food_Service_Uncategorized,,,,,,
20,5,Food_Service_Uncategorized,,,,,,
20,Aggregated,Food_Service_Uncategorized,,,,,,
20,Centralized,Food_Service_Uncategorized,,,,,,
21,0,Food_Service_Uncategorized,,,,,,
21,1,Food_Service_Uncategorized,,,,,,
21,2,Food_Service_Uncategorized,,,,,,
21,3,Food_Service_Uncategorized,,,,,,
21,4,Food_Service_Uncategorized,,,,,,
21,5,Food_Service_Uncategorized,,,,,,
21,Aggregated,Food_Service_Uncategorized,,,,,,
21,Centralized,Food_Service_Uncategorized,,,,,,
22,0,Food_Service_Uncategorized,,,,,,
22,1,Food_Service_Uncategorized,,,,,,
22,2,Food_Service_Uncategorized,,,,,,
22,3,Food_Service_Uncategorized,,,,,,
22,4,Food_Service_Uncategorized,,,,,,
22,5,Food_Service_Uncategorized,,,,,,
22,Aggregated,Food_Service_Uncategorized,,,,,,
22,Centralized,Food_Service_Uncategorized,,,,,,
23,0,Food_Service_Uncategorized,,,,,,
23,1,Food_Service_Uncategorized,,,,,,
23,2,Food_Service_Uncategorized,,,,,,
23,3,Food_Service_Uncategorized,,,,,,
23,4,Food_Service_Uncategorized,,,,,,
23,5,Food_Service_Uncategorized,,,,,,
23,Aggregated,Food_Service_Uncategorized,,,,,,
23,Centralized,Food_Service_Uncategorized,,,,,,
0,0,Public_Safety_Uncategorized,,,,,,
0,1,Public_Safety_Uncategorized,,,,,,
0,2,Public_Safety_Uncategorized,,,,,,
0,3,Public_Safety_Uncategorized,,,,,,
0,4,Public_Safety_Uncategorized,,,,,,
0,5,Public_Safety_Uncategorized,,,,,,
0,Aggregated,Public_Safety_Uncategorized,,,,,,
0,Centralized,Public_Safety_Uncategorized,,,,,,
1,0,Public_Safety_Uncategorized,,,,,,
1,1,Public_Safety_Uncategorized,,,,,,
1,2,Public_Safety_Uncategorized,,,,,,
1,3,Public_Safety_Uncategorized,,,,,,
1,4,Public_Safety_Uncategorized,,,,,,
1,5,Public_Safety_Uncategorized,,,,,,
1,Aggregated,Public_Safety_Uncategorized,,,,,,
1,Centralized,Public_Safety_Uncategorized,,,,,,
2,0,Public_Safety_Uncategorized,,,,,,
2,1,Public_Safety_Uncategorized,,,,,,
2,2,Public_Safety_Uncategorized,,,,,,
2,3,Public_Safety_Uncategorized,,,,,,
2,4,Public_Safety_Uncategorized,,,,,,
2,5,Public_Safety_Uncategorized,,,,,,
2,Aggregated,Public_Safety_Uncategorized,,,,,,
2,Centralized,Public_Safety_Uncategorized,,,,,,
3,0,Public_Safety_Uncategorized,,,,,,
3,1,Public_Safety_Uncategorized,,,,,,
3,2,Public_Safety_Uncategorized,,,,,,
3,3,Public_Safety_Uncategorized,,,,,,
3,4,Public_Safety_Uncategorized,,,,,,
3,5,Public_Safety_Uncategorized,,,,,,
3,Aggregated,Public_Safety_Uncategorized,,,,,,
3,Centralized,Public_Safety_Uncategorized,,,,,,
4,0,Public_Safety_Uncategorized,,,,,,
4,1,Public_Safety_Uncategorized,,,,,,
4,2,Public_Safety_Uncategorized,,,,,,
4,3,Public_Safety_Uncategorized,,,,,,
4,4,Public_Safety_Uncategorized,,,,,,
4,5,Public_Safety_Uncategorized,,,,,,
4,Aggregated,Public_Safety_Uncategorized,,,,,,
4,Centralized,Public_Safety_Uncategorized,,,,,,
5,0,Public_Safety_Uncategorized,,,,,,
5,1,Public_Safety_Uncategorized,,,,,,
5,2,Public_Safety_Uncategorized,,,,,,
5,3,Public_Safety_Uncategorized,,,,,,
5,4,Public_Safety_Uncategorized,,,,,,
5,5,Public_Safety_Uncategorized,,,,,,
5,Aggregated,Public_Safety_Uncategorized,,,,,,
5,Centralized,Public_Safety_Uncategorized,,,,,,
6,0,Public_Safety_Uncategorized,,,,,,
6,1,Public_Safety_Uncategorized,,,,,,
6,2,Public_Safety_Uncategorized,,,,,,
6,3,Public_Safety_Uncategorized,,,,,,
6,4,Public_Safety_Uncategorized,,,,,,
6,5,Public_Safety_Uncategorized,,,,,,
6,Aggregated,Public_Safety_Uncategorized,,,,,,
6,Centralized,Public_Safety_Uncategorized,,,,,,
7,0,Public_Safety_Uncategorized,,,,,,
7,1,Public_Safety_Uncategorized,,,,,,
7,2,Public_Safety_Uncategorized,,,,,,
7,3,Public_Safety_Uncategorized,,,,,,
7,4,Public_Safety_Uncategorized,,,,,,
7,5,Public_Safety_Uncategorized,,,,,,
7,Aggregated,Public_Safety_Uncategorized,,,,,,
7,Centralized,Public_Safety_Uncategorized,,,,,,
8,0,Public_Safety_Uncategorized,,,,,,
8,1,Public_Safety_Uncategorized,,,,,,
8,2,Public_Safety_Uncategorized,,,,,,
8,3,Public_Safety_Uncategorized,,,,,,
8,4,Public_Safety_Uncategorized,,,,,,
8,5,Public_Safety_Uncategorized,,,,,,
8,Aggregated,Public_Safety_Uncategorized,,,,,,
8,Centralized,Public_Safety_Uncategorized,,,,,,
9,0,Public_Safety_Uncategorized,,,,,,
9,1,Public_Safety_Uncategorized,,,,,,
9,2,Public_Safety_Uncategorized,,,,,,
9,3,Public_Safety_Uncategorized,,,,,,
9,4,Public_Safety_Uncategorized,,,,,,
9,5,Public_Safety_Uncategorized,,,,,,
9,Aggregated,Public_Safety_Uncategorized,,,,,,
9,Centralized,Public_Safety_Uncategorized,,,,,,
10,0,Public_Safety_Uncategorized,,,,,,
10,1,Public_Safety_Uncategorized,,,,,,
10,2,Public_Safety_Uncategorized,,,,,,
10,3,Public_Safety_Uncategorized,,,,,,
10,4,Public_Safety_Uncategorized,,,,,,
10,5,Public_Safety_Uncategorized,,,,,,
10,Aggregated,Public_Safety_Uncategorized,,,,,,
10,Centralized,Public_Safety_Uncategorized,,,,,,
11,0,Public_Safety_Uncategorized,,,,,,
11,1,Public_Safety_Uncategorized,,,,,,
11,2,Public_Safety_Uncategorized,,,,,,
11,3,Public_Safety_Uncategorized,,,,,,
11,4,Public_Safety_Uncategorized,,,,,,
11,5,Public_Safety_Uncategorized,,,,,,
11,Aggregated,Public_Safety_Uncategorized,,,,,,
11,Centralized,Public_Safety_Uncategorized,,,,,,
12,0,Public_Safety_Uncategorized,,,,,,
12,1,Public_Safety_Uncategorized,,,,,,
12,2,Public_Safety_Uncategorized,,,,,,
12,3,Public_Safety_Uncategorized,,,,,,
12,4,Public_Safety_Uncategorized,,,,,,
12,5,Public_Safety_Uncategorized,,,,,,
12,Aggregated,Public_Safety_Uncategorized,,,,,,
12,Centralized,Public_Safety_Uncategorized,,,,,,
13,0,Public_Safety_Uncategorized,,,,,,
13,1,Public_Safety_Uncategorized,,,,,,
13,2,Public_Safety_Uncategorized,,,,,,
13,3,Public_Safety_Uncategorized,,,,,,
13,4,Public_Safety_Uncategorized,,,,,,
13,5,Public_Safety_Uncategorized,,,,,,
13,Aggregated,Public_Safety_Uncategorized,,,,,,
13,Centralized,Public_Safety_Uncategorized,,,,,,
14,0,Public_Safety_Uncategorized,,,,,,
14,1,Public_Safety_Uncategorized,,,,,,
14,2,Public_Safety_Uncategorized,,,,,,
14,3,Public_Safety_Uncategorized,,,,,,
14,4,Public_Safety_Uncategorized,,,,,,
14,5,Public_Safety_Uncategorized,,,,,,
14,Aggregated,Public_Safety_Uncategorized,,,,,,
14,Centralized,Public_Safety_Uncategorized,,,,,,
15,0,Public_Safety_Uncategorized,,,,,,
15,1,Public_Safety_Uncategorized,,,,,,
15,2,Public_Safety_Uncategorized,,,,,,
15,3,Public_Safety_Uncategorized,,,,,,
15,4,Public_Safety_Uncategorized,,,,,,
15,5,Public_Safety_Uncategorized,,,,,,
15,Aggregated,Public_Safety_Uncategorized,,,,,,
15,Centralized,Public_Safety_Uncategorized,,,,,,
16,0,Public_Safety_Uncategorized,,,,,,
16,1,Public_Safety_Uncategorized,,,,,,
16,2,Public_Safety_Uncategorized,,,,,,
16,3,Public_Safety_Uncategorized,,,,,,
16,4,Public_Safety_Uncategorized,,,,,,
16,5,Public_Safety_Uncategorized,,,,,,
16,Aggregated,Public_Safety_Uncategorized,,,,,,
16,Centralized,Public_Safety_Uncategorized,,,,,,
17,0,Public_Safety_Uncategorized,,,,,,
17,1,Public_Safety_Uncategorized,,,,,,
17,2,Public_Safety_Uncategorized,,,,,,
17,3,Public_Safety_Uncategorized,,,,,,
17,4,Public_Safety_Uncategorized,,,,,,
17,5,Public_Safety_Uncategorized,,,,,,
17,Aggregated,Public_Safety_Uncategorized,,,,,,
17,Centralized,Public_Safety_Uncategorized,,,,,,
18,0,Public_Safety_Uncategorized,,,,,,
18,1,Public_Safety_Uncategorized,,,,,,
18,2,Public_Safety_Uncategorized,,,,,,
18,3,Public_Safety_Uncategorized,,,,,,
18,4,Public_Safety_Uncategorized,,,,,,
18,5,Public_Safety_Uncategorized,,,,,,
18,Aggregated,Public_Safety_Uncategorized,,,,,,
18,Centralized,Public_Safety_Uncategorized,,,,,,
19,0,Public_Safety_Uncategorized,,,,,,
19,1,Public_Safety_Uncategorized,,,,,,
19,2,Public_Safety_Uncategorized,,,,,,
19,3,Public_Safety_Uncategorized,,,,,,
19,4,Public_Safety_Uncategorized,,,,,,
19,5,Public_Safety_Uncategorized,,,,,,
19,Aggregated,Public_Safety_Uncategorized,,,,,,
19,Centralized,Public_Safety_Uncategorized,,,,,,
20,0,Public_Safety_Uncategorized,,,,,,
20,1,Public_Safety_Uncategorized,,,,,,
20,2,Public_Safety_Uncategorized,,,,,,
20,3,Public_Safety_Uncategorized,,,,,,
20,4,Public_Safety_Uncategorized,,,,,,
20,5,Public_Safety_Uncategorized,,,,,,
20,Aggregated,Public_Safety_Uncategorized,,,,,,
20,Centralized,Public_Safety_Uncategorized,,,,,,
21,0,Public_Safety_Uncategorized,,,,,,
21,1,Public_Safety_Uncategorized,,,,,,
21,2,Public_Safety_Uncategorized,,,,,,
21,3,Public_Safety_Uncategorized,,,,,,
21,4,Public_Safety_Uncategorized,,,,,,
21,5,Public_Safety_Uncategorized,,,,,,
21,Aggregated,Public_Safety_Uncategorized,,,,,,
21,Centralized,Public_Safety_Uncategorized,,,,,,
22,0,Public_Safety_Uncategorized,,,,,,
22,1,Public_Safety_Uncategorized,,,,,,
22,2,Public_Safety_Uncategorized,,,,,,
22,3,Public_Safety_Uncategorized,,,,,,
22,4,Public_Safety_Uncategorized,,,,,,
22,5,Public_Safety_Uncategorized,,,,,,
22,Aggregated,Public_Safety_Uncategorized,,,,,,
22,Centralized,Public_Safety_Uncategorized,,,,,,
23,0,Public_Safety_Uncategorized,,,,,,
23,1,Public_Safety_Uncategorized,,,,,,
23,2,Public_Safety_Uncategorized,,,,,,
23,3,Public_Safety_Uncategorized,,,,,,
23,4,Public_Safety_Uncategorized,,,,,,
23,5,Public_Safety_Uncategorized,,,,,,
23,Aggregated,Public_Safety_Uncategorized,,,,,,
23,Centralized,Public_Safety_Uncategorized,,,,,,
0,0,Service_Drycleaning_or_Laundry,,,,,,
0,1,Service_Drycleaning_or_Laundry,,,,,,
0,2,Service_Drycleaning_or_Laundry,,,,,,
0,3,Service_Drycleaning_or_Laundry,,,,,,
0,4,Service_Drycleaning_or_Laundry,,,,,,
0,5,Service_Drycleaning_or_Laundry,,,,,,
0,Aggregated,Service_Drycleaning_or_Laundry,,,,,,
0,Centralized,Service_Drycleaning_or_Laundry,,,,,,
1,0,Service_Drycleaning_or_Laundry,,,,,,
1,1,Service_Drycleaning_or_Laundry,,,,,,
1,2,Service_Drycleaning_or_Laundry,,,,,,
1,3,Service_Drycleaning_or_Laundry,,,,,,
1,4,Service_Drycleaning_or_Laundry,,,,,,
1,5,Service_Drycleaning_or_Laundry,,,,,,
1,Aggregated,Service_Drycleaning_or_Laundry,,,,,,
1,Centralized,Service_Drycleaning_or_Laundry,,,,,,
2,0,Service_Drycleaning_or_Laundry,,,,,,
2,1,Service_Drycleaning_or_Laundry,,,,,,
2,2,Service_Drycleaning_or_Laundry,,,,,,
2,3,Service_Drycleaning_or_Laundry,,,,,,
2,4,Service_Drycleaning_or_Laundry,,,,,,
2,5,Service_Drycleaning_or_Laundry,,,,,,
2,Aggregated,Service_Drycleaning_or_Laundry,,,,,,
2,Centralized,Service_Drycleaning_or_Laundry,,,,,,
3,0,Service_Drycleaning_or_Laundry,,,,,,
3,1,Service_Drycleaning_or_Laundry,,,,,,
3,2,Service_Drycleaning_or_Laundry,,,,,,
3,3,Service_Drycleaning_or_Laundry,,,,,,
3,4,Service_Drycleaning_or_Laundry,,,,,,
3,5,Service_Drycleaning_or_Laundry,,,,,,
3,Aggregated,Service_Drycleaning_or_Laundry,,,,,,
3,Centralized,Service_Drycleaning_or_Laundry,,,,,,
4,0,Service_Drycleaning_or_Laundry,,,,,,
4,1,Service_Drycleaning_or_Laundry,,,,,,
4,2,Service_Drycleaning_or_Laundry,,,,,,
4,3,Service_Drycleaning_or_Laundry,,,,,,
4,4,Service_Drycleaning_or_Laundry,,,,,,
4,5,Service_Drycleaning_or_Laundry,,,,,,
4,Aggregated,Service_Drycleaning_or_Laundry,,,,,,
4,Centralized,Service_Drycleaning_or_Laundry,,,,,,
5,0,Service_Drycleaning_or_Laundry,,,,,,
5,1,Service_Drycleaning_or_Laundry,,,,,,
5,2,Service_Drycleaning_or_Laundry,,,,,,
5,3,Service_Drycleaning_or_Laundry,,,,,,
5,4,Service_Drycleaning_or_Laundry,,,,,,
5,5,Service_Drycleaning_or_Laundry,,,,,,
5,Aggregated,Service_Drycleaning_or_Laundry,,,,,,
5,Centralized,Service_Drycleaning_or_Laundry,,,,,,
6,0,Service_Drycleaning_or_Laundry,,,,,,
6,1,Service_Drycleaning_or_Laundry,,,,,,
6,2,Service_Drycleaning_or_Laundry,,,,,,
6,3,Service_Drycleaning_or_Laundry,,,,,,
6,4,Service_Drycleaning_or_Laundry,,,,,,
6,5,Service_Drycleaning_or_Laundry,,,,,,
6,Aggregated,Service_Drycleaning_or_Laundry,,,,,,
6,Centralized,Service_Drycleaning_or_Laundry,,,,,,
7,0,Service_Drycleaning_or_Laundry,,,,,,
7,1,Service_Drycleaning_or_Laundry,,,,,,
7,2,Service_Drycleaning_or_Laundry,,,,,,
7,3,Service_Drycleaning_or_Laundry,,,,,,
7,4,Service_Drycleaning_or_Laundry,,,,,,
7,5,Service_Drycleaning_or_Laundry,,,,,,
7,Aggregated,Service_Drycleaning_or_Laundry,,,,,,
7,Centralized,Service_Drycleaning_or_Laundry,,,,,,
8,0,Service_Drycleaning_or_Laundry,,,,,,
8,1,Service_Drycleaning_or_Laundry,,,,,,
8,2,Service_Drycleaning_or_Laundry,,,,,,
8,3,Service_Drycleaning_or_Laundry,,,,,,
8,4,Service_Drycleaning_or_Laundry,,,,,,
8,5,Service_Drycleaning_or_Laundry,,,,,,
8,Aggregated,Service_Drycleaning_or_Laundry,,,,,,
8,Centralized,Service_Drycleaning_or_Laundry,,,,,,
9,0,Service_Drycleaning_or_Laundry,,,,,,
9,1,Service_Drycleaning_or_Laundry,,,,,,
9,2,Service_Drycleaning_or_Laundry,,,,,,
9,3,Service_Drycleaning_or_Laundry,,,,,,
9,4,Service_Drycleaning_or_Laundry,,,,,,
9,5,Service_Drycleaning_or_Laundry,,,,,,
9,Aggregated,Service_Drycleaning_or_Laundry,,,,,,
9,Centralized,Service_Drycleaning_or_Laundry,,,,,,
10,0,Service_Drycleaning_or_Laundry,,,,,,
10,1,Service_Drycleaning_or_Laundry,,,,,,
10,2,Service_Drycleaning_or_Laundry,,,,,,
10,3,Service_Drycleaning_or_Laundry,,,,,,
10,4,Service_Drycleaning_or_Laundry,,,,,,
10,5,Service_Drycleaning_or_Laundry,,,,,,
10,Aggregated,Service_Drycleaning_or_Laundry,,,,,,
10,Centralized,Service_Drycleaning_or_Laundry,,,,,,
11,0,Service_Drycleaning_or_Laundry,,,,,,
11,1,Service_Drycleaning_or_Laundry,,,,,,
11,2,Service_Drycleaning_or_Laundry,,,,,,
11,3,Service_Drycleaning_or_Laundry,,,,,,
11,4,Service_Drycleaning_or_Laundry,,,,,,
11,5,Service_Drycleaning_or_Laundry,,,,,,
11,Aggregated,Service_Drycleaning_or_Laundry,,,,,,
11,Centralized,Service_Drycleaning_or_Laundry,,,,,,
12,0,Service_Drycleaning_or_Laundry,,,,,,
12,1,Service_Drycleaning_or_Laundry,,,,,,
12,2,Service_Drycleaning_or_Laundry,,,,,,
12,3,Service_Drycleaning_or_Laundry,,,,,,
12,4,Service_Drycleaning_or_Laundry,,,,,,
12,5,Service_Drycleaning_or_Laundry,,,,,,
12,Aggregated,Service_Drycleaning_or_Laundry,,,,,,
12,Centralized,Service_Drycleaning_or_Laundry,,,,,,
13,0,Service_Drycleaning_or_Laundry,,,,,,
13,1,Service_Drycleaning_or_Laundry,,,,,,
13,2,Service_Drycleaning_or_Laundry,,,,,,
13,3,Service_Drycleaning_or_Laundry,,,,,,
13,4,Service_Drycleaning_or_Laundry,,,,,,
13,5,Service_Drycleaning_or_Laundry,,,,,,
13,Aggregated,Service_Drycleaning_or_Laundry,,,,,,
13,Centralized,Service_Drycleaning_or_Laundry,,,,,,
14,0,Service_Drycleaning_or_Laundry,,,,,,
14,1,Service_Drycleaning_or_Laundry,,,,,,
14,2,Service_Drycleaning_or_Laundry,,,,,,
14,3,Service_Drycleaning_or_Laundry,,,,,,
14,4,Service_Drycleaning_or_Laundry,,,,,,
14,5,Service_Drycleaning_or_Laundry,,,,,,
14,Aggregated,Service_Drycleaning_or_Laundry,,,,,,
14,Centralized,Service_Drycleaning_or_Laundry,,,,,,
15,0,Service_Drycleaning_or_Laundry,,,,,,
15,1,Service_Drycleaning_or_Laundry,,,,,,
15,2,Service_Drycleaning_or_Laundry,,,,,,
15,3,Service_Drycleaning_or_Laundry,,,,,,
15,4,Service_Drycleaning_or_Laundry,,,,,,
15,5,Service_Drycleaning_or_Laundry,,,,,,
15,Aggregated,Service_Drycleaning_or_Laundry,,,,,,
15,Centralized,Service_Drycleaning_or_Laundry,,,,,,
16,0,Service_Drycleaning_or_Laundry,,,,,,
16,1,Service_Drycleaning_or_Laundry,,,,,,
16,2,Service_Drycleaning_or_Laundry,,,,,,
16,3,Service_Drycleaning_or_Laundry,,,,,,
16,4,Service_Drycleaning_or_Laundry,,,,,,
16,5,Service_Drycleaning_or_Laundry,,,,,,
16,Aggregated,Service_Drycleaning_or_Laundry,,,,,,
16,Centralized,Service_Drycleaning_or_Laundry,,,,,,
17,0,Service_Drycleaning_or_Laundry,,,,,,
17,1,Service_Drycleaning_or_Laundry,,,,,,
17,2,Service_Drycleaning_or_Laundry,,,,,,
17,3,Service_Drycleaning_or_Laundry,,,,,,
17,4,Service_Drycleaning_or_Laundry,,,,,,
17,5,Service_Drycleaning_or_Laundry,,,,,,
17,Aggregated,Service_Drycleaning_or_Laundry,,,,,,
17,Centralized,Service_Drycleaning_or_Laundry,,,,,,
18,0,Service_Drycleaning_or_Laundry,,,,,,
18,1,Service_Drycleaning_or_Laundry,,,,,,
18,2,Service_Drycleaning_or_Laundry,,,,,,
18,3,Service_Drycleaning_or_Laundry,,,,,,
18,4,Service_Drycleaning_or_Laundry,,,,,,
18,5,Service_Drycleaning_or_Laundry,,,,,,
18,Aggregated,Service_Drycleaning_or_Laundry,,,,,,
18,Centralized,Service_Drycleaning_or_Laundry,,,,,,
19,0,Service_Drycleaning_or_Laundry,,,,,,
19,1,Service_Drycleaning_or_Laundry,,,,,,
19,2,Service_Drycleaning_or_Laundry,,,,,,
19,3,Service_Drycleaning_or_Laundry,,,,,,
19,4,Service_Drycleaning_or_Laundry,,,,,,
19,5,Service_Drycleaning_or_Laundry,,,,,,
19,Aggregated,Service_Drycleaning_or_Laundry,,,,,,
19,Centralized,Service_Drycleaning_or_Laundry,,,,,,
20,0,Service_Drycleaning_or_Laundry,,,,,,
20,1,Service_Drycleaning_or_Laundry,,,,,,
20,2,Service_Drycleaning_or_Laundry,,,,,,
20,3,Service_Drycleaning_or_Laundry,,,,,,
20,4,Service_Drycleaning_or_Laundry,,,,,,
20,5,Service_Drycleaning_or_Laundry,,,,,,
20,Aggregated,Service_Drycleaning_or_Laundry,,,,,,
20,Centralized,Service_Drycleaning_or_Laundry,,,,,,
21,0,Service_Drycleaning_or_Laundry,,,,,,
21,1,Service_Drycleaning_or_Laundry,,,,,,
21,2,Service_Drycleaning_or_Laundry,,,,,,
21,3,Service_Drycleaning_or_Laundry,,,,,,
21,4,Service_Drycleaning_or_Laundry,,,,,,
21,5,Service_Drycleaning_or_Laundry,,,,,,
21,Aggregated,Service_Drycleaning_or_Laundry,,,,,,
21,Centralized,Service_Drycleaning_or_Laundry,,,,,,
22,0,Service_Drycleaning_or_Laundry,,,,,,
22,1,Service_Drycleaning_or_Laundry,,,,,,
22,2,Service_Drycleaning_or_Laundry,,,,,,
22,3,Service_Drycleaning_or_Laundry,,,,,,
22,4,Service_Drycleaning_or_Laundry,,,,,,
22,5,Service_Drycleaning_or_Laundry,,,,,,
22,Aggregated,Service_Drycleaning_or_Laundry,,,,,,
22,Centralized,Service_Drycleaning_or_Laundry,,,,,,
23,0,Service_Drycleaning_or_Laundry,,,,,,
23,1,Service_Drycleaning_or_Laundry,,,,,,
23,2,Service_Drycleaning_or_Laundry,,,,,,
23,3,Service_Drycleaning_or_Laundry,,,,,,
23,4,Service_Drycleaning_or_Laundry,,,,,,
23,5,Service_Drycleaning_or_Laundry,,,,,,
23,Aggregated,Service_Drycleaning_or_Laundry,,,,,,
23,Centralized,Service_Drycleaning_or_Laundry,,,,,,
0,0,Office_Mixed_use,,,,,,
0,1,Office_Mixed_use,,,,,,
0,2,Office_Mixed_use,,,,,,
0,3,Office_Mixed_use,,,,,,
0,4,Office_Mixed_use,,,,,,
0,5,Office_Mixed_use,,,,,,
0,Aggregated,Office_Mixed_use,,,,,,
0,Centralized,Office_Mixed_use,,,,,,
1,0,Office_Mixed_use,,,,,,
1,1,Office_Mixed_use,,,,,,
1,2,Office_Mixed_use,,,,,,
1,3,Office_Mixed_use,,,,,,
1,4,Office_Mixed_use,,,,,,
1,5,Office_Mixed_use,,,,,,
1,Aggregated,Office_Mixed_use,,,,,,
1,Centralized,Office_Mixed_use,,,,,,
2,0,Office_Mixed_use,,,,,,
2,1,Office_Mixed_use,,,,,,
2,2,Office_Mixed_use,,,,,,
2,3,Office_Mixed_use,,,,,,
2,4,Office_Mixed_use,,,,,,
2,5,Office_Mixed_use,,,,,,
2,Aggregated,Office_Mixed_use,,,,,,
2,Centralized,Office_Mixed_use,,,,,,
3,0,Office_Mixed_use,,,,,,
3,1,Office_Mixed_use,,,,,,
3,2,Office_Mixed_use,,,,,,
3,3,Office_Mixed_use,,,,,,
3,4,Office_Mixed_use,,,,,,
3,5,Office_Mixed_use,,,,,,
3,Aggregated,Office_Mixed_use,,,,,,
3,Centralized,Office_Mixed_use,,,,,,
4,0,Office_Mixed_use,,,,,,
4,1,Office_Mixed_use,,,,,,
4,2,Office_Mixed_use,,,,,,
4,3,Office_Mixed_use,,,,,,
4,4,Office_Mixed_use,,,,,,
4,5,Office_Mixed_use,,,,,,
4,Aggregated,Office_Mixed_use,,,,,,
4,Centralized,Office_Mixed_use,,,,,,
5,0,Office_Mixed_use,,,,,,
5,1,Office_Mixed_use,,,,,,
5,2,Office_Mixed_use,,,,,,
5,3,Office_Mixed_use,,,,,,
5,4,Office_Mixed_use,,,,,,
5,5,Office_Mixed_use,,,,,,
5,Aggregated,Office_Mixed_use,,,,,,
5,Centralized,Office_Mixed_use,,,,,,
6,0,Office_Mixed_use,,,,,,
6,1,Office_Mixed_use,,,,,,
6,2,Office_Mixed_use,,,,,,
6,3,Office_Mixed_use,,,,,,
6,4,Office_Mixed_use,,,,,,
6,5,Office_Mixed_use,,,,,,
6,Aggregated,Office_Mixed_use,,,,,,
6,Centralized,Office_Mixed_use,,,,,,
7,0,Office_Mixed_use,,,,,,
7,1,Office_Mixed_use,,,,,,
7,2,Office_Mixed_use,,,,,,
7,3,Office_Mixed_use,,,,,,
7,4,Office_Mixed_use,,,,,,
7,5,Office_Mixed_use,,,,,,
7,Aggregated,Office_Mixed_use,,,,,,
7,Centralized,Office_Mixed_use,,,,,,
8,0,Office_Mixed_use,,,,,,
8,1,Office_Mixed_use,,,,,,
8,2,Office_Mixed_use,,,,,,
8,3,Office_Mixed_use,,,,,,
8,4,Office_Mixed_use,,,,,,
8,5,Office_Mixed_use,,,,,,
8,Aggregated,Office_Mixed_use,,,,,,
8,Centralized,Office_Mixed_use,,,,,,
9,0,Office_Mixed_use,,,,,,
9,1,Office_Mixed_use,,,,,,
9,2,Office_Mixed_use,,,,,,
9,3,Office_Mixed_use,,,,,,
9,4,Office_Mixed_use,,,,,,
9,5,Office_Mixed_use,,,,,,
9,Aggregated,Office_Mixed_use,,,,,,
9,Centralized,Office_Mixed_use,,,,,,
10,0,Office_Mixed_use,,,,,,
10,1,Office_Mixed_use,,,,,,
10,2,Office_Mixed_use,,,,,,
10,3,Office_Mixed_use,,,,,,
10,4,Office_Mixed_use,,,,,,
10,5,Office_Mixed_use,,,,,,
10,Aggregated,Office_Mixed_use,,,,,,
10,Centralized,Office_Mixed_use,,,,,,
11,0,Office_Mixed_use,,,,,,
11,1,Office_Mixed_use,,,,,,
11,2,Office_Mixed_use,,,,,,
11,3,Office_Mixed_use,,,,,,
11,4,Office_Mixed_use,,,,,,
11,5,Office_Mixed_use,,,,,,
11,Aggregated,Office_Mixed_use,,,,,,
11,Centralized,Office_Mixed_use,,,,,,
12,0,Office_Mixed_use,,,,,,
12,1,Office_Mixed_use,,,,,,
12,2,Office_Mixed_use,,,,,,
12,3,Office_Mixed_use,,,,,,
12,4,Office_Mixed_use,,,,,,
12,5,Office_Mixed_use,,,,,,
12,Aggregated,Office_Mixed_use,,,,,,
12,Centralized,Office_Mixed_use,,,,,,
13,0,Office_Mixed_use,,,,,,
13,1,Office_Mixed_use,,,,,,
13,2,Office_Mixed_use,,,,,,
13,3,Office_Mixed_use,,,,,,
13,4,Office_Mixed_use,,,,,,
13,5,Office_Mixed_use,,,,,,
13,Aggregated,Office_Mixed_use,,,,,,
13,Centralized,Office_Mixed_use,,,,,,
14,0,Office_Mixed_use,,,,,,
14,1,Office_Mixed_use,,,,,,
14,2,Office_Mixed_use,,,,,,
14,3,Office_Mixed_use,,,,,,
14,4,Office_Mixed_use,,,,,,
14,5,Office_Mixed_use,,,,,,
14,Aggregated,Office_Mixed_use,,,,,,
14,Centralized,Office_Mixed_use,,,,,,
15,0,Office_Mixed_use,,,,,,
15,1,Office_Mixed_use,,,,,,
15,2,Office_Mixed_use,,,,,,
15,3,Office_Mixed_use,,,,,,
15,4,Office_Mixed_use,,,,,,
15,5,Office_Mixed_use,,,,,,
15,Aggregated,Office_Mixed_use,,,,,,
15,Centralized,Office_Mixed_use,,,,,,
16,0,Office_Mixed_use,,,,,,
16,1,Office_Mixed_use,,,,,,
16,2,Office_Mixed_use,,,,,,
16,3,Office_Mixed_use,,,,,,
16,4,Office_Mixed_use,,,,,,
16,5,Office_Mixed_use,,,,,,
16,Aggregated,Office_Mixed_use,,,,,,
16,Centralized,Office_Mixed_use,,,,,,
17,0,Office_Mixed_use,,,,,,
17,1,Office_Mixed_use,,,,,,
17,2,Office_Mixed_use,,,,,,
17,3,Office_Mixed_use,,,,,,
17,4,Office_Mixed_use,,,,,,
17,5,Office_Mixed_use,,,,,,
17,Aggregated,Office_Mixed_use,,,,,,
17,Centralized,Office_Mixed_use,,,,,,
18,0,Office_Mixed_use,,,,,,
18,1,Office_Mixed_use,,,,,,
18,2,Office_Mixed_use,,,,,,
18,3,Office_Mixed_use,,,,,,
18,4,Office_Mixed_use,,,,,,
18,5,Office_Mixed_use,,,,,,
18,Aggregated,Office_Mixed_use,,,,,,
18,Centralized,Office_Mixed_use,,,,,,
19,0,Office_Mixed_use,,,,,,
19,1,Office_Mixed_use,,,,,,
19,2,Office_Mixed_use,,,,,,
19,3,Office_Mixed_use,,,,,,
19,4,Office_Mixed_use,,,,,,
19,5,Office_Mixed_use,,,,,,
19,Aggregated,Office_Mixed_use,,,,,,
19,Centralized,Office_Mixed_use,,,,,,
20,0,Office_Mixed_use,,,,,,
20,1,Office_Mixed_use,,,,,,
20,2,Office_Mixed_use,,,,,,
20,3,Office_Mixed_use,,,,,,
20,4,Office_Mixed_use,,,,,,
20,5,Office_Mixed_use,,,,,,
20,Aggregated,Office_Mixed_use,,,,,,
20,Centralized,Office_Mixed_use,,,,,,
21,0,Office_Mixed_use,,,,,,
21,1,Office_Mixed_use,,,,,,
21,2,Office_Mixed_use,,,,,,
21,3,Office_Mixed_use,,,,,,
21,4,Office_Mixed_use,,,,,,
21,5,Office_Mixed_use,,,,,,
21,Aggregated,Office_Mixed_use,,,,,,
21,Centralized,Office_Mixed_use,,,,,,
22,0,Office_Mixed_use,,,,,,
22,1,Office_Mixed_use,,,,,,
22,2,Office_Mixed_use,,,,,,
22,3,Office_Mixed_use,,,,,,
22,4,Office_Mixed_use,,,,,,
22,5,Office_Mixed_use,,,,,,
22,Aggregated,Office_Mixed_use,,,,,,
22,Centralized,Office_Mixed_use,,,,,,
23,0,Office_Mixed_use,,,,,,
23,1,Office_Mixed_use,,,,,,
23,2,Office_Mixed_use,,,,,,
23,3,Office_Mixed_use,,,,,,
23,4,Office_Mixed_use,,,,,,
23,5,Office_Mixed_use,,,,,,
23,Aggregated,Office_Mixed_use,,,,,,
23,Centralized,Office_Mixed_use,,,,,,
0,0,Mixed_Use_Predominantly_Residential,,,,,,
0,1,Mixed_Use_Predominantly_Residential,,,,,,
0,2,Mixed_Use_Predominantly_Residential,,,,,,
0,3,Mixed_Use_Predominantly_Residential,,,,,,
0,4,Mixed_Use_Predominantly_Residential,,,,,,
0,5,Mixed_Use_Predominantly_Residential,,,,,,
0,Aggregated,Mixed_Use_Predominantly_Residential,,,,,,
0,Centralized,Mixed_Use_Predominantly_Residential,,,,,,
1,0,Mixed_Use_Predominantly_Residential,,,,,,
1,1,Mixed_Use_Predominantly_Residential,,,,,,
1,2,Mixed_Use_Predominantly_Residential,,,,,,
1,3,Mixed_Use_Predominantly_Residential,,,,,,
1,4,Mixed_Use_Predominantly_Residential,,,,,,
1,5,Mixed_Use_Predominantly_Residential,,,,,,
1,Aggregated,Mixed_Use_Predominantly_Residential,,,,,,
1,Centralized,Mixed_Use_Predominantly_Residential,,,,,,
2,0,Mixed_Use_Predominantly_Residential,,,,,,
2,1,Mixed_Use_Predominantly_Residential,,,,,,
2,2,Mixed_Use_Predominantly_Residential,,,,,,
2,3,Mixed_Use_Predominantly_Residential,,,,,,
2,4,Mixed_Use_Predominantly_Residential,,,,,,
2,5,Mixed_Use_Predominantly_Residential,,,,,,
2,Aggregated,Mixed_Use_Predominantly_Residential,,,,,,
2,Centralized,Mixed_Use_Predominantly_Residential,,,,,,
3,0,Mixed_Use_Predominantly_Residential,,,,,,
3,1,Mixed_Use_Predominantly_Residential,,,,,,
3,2,Mixed_Use_Predominantly_Residential,,,,,,
3,3,Mixed_Use_Predominantly_Residential,,,,,,
3,4,Mixed_Use_Predominantly_Residential,,,,,,
3,5,Mixed_Use_Predominantly_Residential,,,,,,
3,Aggregated,Mixed_Use_Predominantly_Residential,,,,,,
3,Centralized,Mixed_Use_Predominantly_Residential,,,,,,
4,0,Mixed_Use_Predominantly_Residential,,,,,,
4,1,Mixed_Use_Predominantly_Residential,,,,,,
4,2,Mixed_Use_Predominantly_Residential,,,,,,
4,3,Mixed_Use_Predominantly_Residential,,,,,,
4,4,Mixed_Use_Predominantly_Residential,,,,,,
4,5,Mixed_Use_Predominantly_Residential,,,,,,
4,Aggregated,Mixed_Use_Predominantly_Residential,,,,,,
4,Centralized,Mixed_Use_Predominantly_Residential,,,,,,
5,0,Mixed_Use_Predominantly_Residential,,,,,,
5,1,Mixed_Use_Predominantly_Residential,,,,,,
5,2,Mixed_Use_Predominantly_Residential,,,,,,
5,3,Mixed_Use_Predominantly_Residential,,,,,,
5,4,Mixed_Use_Predominantly_Residential,,,,,,
5,5,Mixed_Use_Predominantly_Residential,,,,,,
5,Aggregated,Mixed_Use_Predominantly_Residential,,,,,,
5,Centralized,Mixed_Use_Predominantly_Residential,,,,,,
6,0,Mixed_Use_Predominantly_Residential,,,,,,
6,1,Mixed_Use_Predominantly_Residential,,,,,,
6,2,Mixed_Use_Predominantly_Residential,,,,,,
6,3,Mixed_Use_Predominantly_Residential,,,,,,
6,4,Mixed_Use_Predominantly_Residential,,,,,,
6,5,Mixed_Use_Predominantly_Residential,,,,,,
6,Aggregated,Mixed_Use_Predominantly_Residential,,,,,,
6,Centralized,Mixed_Use_Predominantly_Residential,,,,,,
7,0,Mixed_Use_Predominantly_Residential,,,,,,
7,1,Mixed_Use_Predominantly_Residential,,,,,,
7,2,Mixed_Use_Predominantly_Residential,,,,,,
7,3,Mixed_Use_Predominantly_Residential,,,,,,
7,4,Mixed_Use_Predominantly_Residential,,,,,,
7,5,Mixed_Use_Predominantly_Residential,,,,,,
7,Aggregated,Mixed_Use_Predominantly_Residential,,,,,,
7,Centralized,Mixed_Use_Predominantly_Residential,,,,,,
8,0,Mixed_Use_Predominantly_Residential,,,,,,
8,1,Mixed_Use_Predominantly_Residential,,,,,,
8,2,Mixed_Use_Predominantly_Residential,,,,,,
8,3,Mixed_Use_Predominantly_Residential,,,,,,
8,4,Mixed_Use_Predominantly_Residential,,,,,,
8,5,Mixed_Use_Predominantly_Residential,,,,,,
8,Aggregated,Mixed_Use_Predominantly_Residential,,,,,,
8,Centralized,Mixed_Use_Predominantly_Residential,,,,,,
9,0,Mixed_Use_Predominantly_Residential,,,,,,
9,1,Mixed_Use_Predominantly_Residential,,,,,,
9,2,Mixed_Use_Predominantly_Residential,,,,,,
9,3,Mixed_Use_Predominantly_Residential,,,,,,
9,4,Mixed_Use_Predominantly_Residential,,,,,,
9,5,Mixed_Use_Predominantly_Residential,,,,,,
9,Aggregated,Mixed_Use_Predominantly_Residential,,,,,,
9,Centralized,Mixed_Use_Predominantly_Residential,,,,,,
10,0,Mixed_Use_Predominantly_Residential,,,,,,
10,1,Mixed_Use_Predominantly_Residential,,,,,,
10,2,Mixed_Use_Predominantly_Residential,,,,,,
10,3,Mixed_Use_Predominantly_Residential,,,,,,
10,4,Mixed_Use_Predominantly_Residential,,,,,,
10,5,Mixed_Use_Predominantly_Residential,,,,,,
10,Aggregated,Mixed_Use_Predominantly_Residential,,,,,,
10,Centralized,Mixed_Use_Predominantly_Residential,,,,,,
11,0,Mixed_Use_Predominantly_Residential,,,,,,
11,1,Mixed_Use_Predominantly_Residential,,,,,,
11,2,Mixed_Use_Predominantly_Residential,,,,,,
11,3,Mixed_Use_Predominantly_Residential,,,,,,
11,4,Mixed_Use_Predominantly_Residential,,,,,,
11,5,Mixed_Use_Predominantly_Residential,,,,,,
11,Aggregated,Mixed_Use_Predominantly_Residential,,,,,,
11,Centralized,Mixed_Use_Predominantly_Residential,,,,,,
12,0,Mixed_Use_Predominantly_Residential,,,,,,
12,1,Mixed_Use_Predominantly_Residential,,,,,,
12,2,Mixed_Use_Predominantly_Residential,,,,,,
12,3,Mixed_Use_Predominantly_Residential,,,,,,
12,4,Mixed_Use_Predominantly_Residential,,,,,,
12,5,Mixed_Use_Predominantly_Residential,,,,,,
12,Aggregated,Mixed_Use_Predominantly_Residential,,,,,,
12,Centralized,Mixed_Use_Predominantly_Residential,,,,,,
13,0,Mixed_Use_Predominantly_Residential,,,,,,
13,1,Mixed_Use_Predominantly_Residential,,,,,,
13,2,Mixed_Use_Predominantly_Residential,,,,,,
13,3,Mixed_Use_Predominantly_Residential,,,,,,
13,4,Mixed_Use_Predominantly_Residential,,,,,,
13,5,Mixed_Use_Predominantly_Residential,,,,,,
13,Aggregated,Mixed_Use_Predominantly_Residential,,,,,,
13,Centralized,Mixed_Use_Predominantly_Residential,,,,,,
14,0,Mixed_Use_Predominantly_Residential,,,,,,
14,1,Mixed_Use_Predominantly_Residential,,,,,,
14,2,Mixed_Use_Predominantly_Residential,,,,,,
14,3,Mixed_Use_Predominantly_Residential,,,,,,
14,4,Mixed_Use_Predominantly_Residential,,,,,,
14,5,Mixed_Use_Predominantly_Residential,,,,,,
14,Aggregated,Mixed_Use_Predominantly_Residential,,,,,,
14,Centralized,Mixed_Use_Predominantly_Residential,,,,,,
15,0,Mixed_Use_Predominantly_Residential,,,,,,
15,1,Mixed_Use_Predominantly_Residential,,,,,,
15,2,Mixed_Use_Predominantly_Residential,,,,,,
15,3,Mixed_Use_Predominantly_Residential,,,,,,
15,4,Mixed_Use_Predominantly_Residential,,,,,,
15,5,Mixed_Use_Predominantly_Residential,,,,,,
15,Aggregated,Mixed_Use_Predominantly_Residential,,,,,,
15,Centralized,Mixed_Use_Predominantly_Residential,,,,,,
16,0,Mixed_Use_Predominantly_Residential,,,,,,
16,1,Mixed_Use_Predominantly_Residential,,,,,,
16,2,Mixed_Use_Predominantly_Residential,,,,,,
16,3,Mixed_Use_Predominantly_Residential,,,,,,
16,4,Mixed_Use_Predominantly_Residential,,,,,,
16,5,Mixed_Use_Predominantly_Residential,,,,,,
16,Aggregated,Mixed_Use_Predominantly_Residential,,,,,,
16,Centralized,Mixed_Use_Predominantly_Residential,,,,,,
17,0,Mixed_Use_Predominantly_Residential,,,,,,
17,1,Mixed_Use_Predominantly_Residential,,,,,,
17,2,Mixed_Use_Predominantly_Residential,,,,,,
17,3,Mixed_Use_Predominantly_Residential,,,,,,
17,4,Mixed_Use_Predominantly_Residential,,,,,,
17,5,Mixed_Use_Predominantly_Residential,,,,,,
17,Aggregated,Mixed_Use_Predominantly_Residential,,,,,,
17,Centralized,Mixed_Use_Predominantly_Residential,,,,,,
18,0,Mixed_Use_Predominantly_Residential,,,,,,
18,1,Mixed_Use_Predominantly_Residential,,,,,,
18,2,Mixed_Use_Predominantly_Residential,,,,,,
18,3,Mixed_Use_Predominantly_Residential,,,,,,
18,4,Mixed_Use_Predominantly_Residential,,,,,,
18,5,Mixed_Use_Predominantly_Residential,,,,,,
18,Aggregated,Mixed_Use_Predominantly_Residential,,,,,,
18,Centralized,Mixed_Use_Predominantly_Residential,,,,,,
19,0,Mixed_Use_Predominantly_Residential,,,,,,
19,1,Mixed_Use_Predominantly_Residential,,,,,,
19,2,Mixed_Use_Predominantly_Residential,,,,,,
19,3,Mixed_Use_Predominantly_Residential,,,,,,
19,4,Mixed_Use_Predominantly_Residential,,,,,,
19,5,Mixed_Use_Predominantly_Residential,,,,,,
19,Aggregated,Mixed_Use_Predominantly_Residential,,,,,,
19,Centralized,Mixed_Use_Predominantly_Residential,,,,,,
20,0,Mixed_Use_Predominantly_Residential,,,,,,
20,1,Mixed_Use_Predominantly_Residential,,,,,,
20,2,Mixed_Use_Predominantly_Residential,,,,,,
20,3,Mixed_Use_Predominantly_Residential,,,,,,
20,4,Mixed_Use_Predominantly_Residential,,,,,,
20,5,Mixed_Use_Predominantly_Residential,,,,,,
20,Aggregated,Mixed_Use_Predominantly_Residential,,,,,,
20,Centralized,Mixed_Use_Predominantly_Residential,,,,,,
21,0,Mixed_Use_Predominantly_Residential,,,,,,
21,1,Mixed_Use_Predominantly_Residential,,,,,,
21,2,Mixed_Use_Predominantly_Residential,,,,,,
21,3,Mixed_Use_Predominantly_Residential,,,,,,
21,4,Mixed_Use_Predominantly_Residential,,,,,,
21,5,Mixed_Use_Predominantly_Residential,,,,,,
21,Aggregated,Mixed_Use_Predominantly_Residential,,,,,,
21,Centralized,Mixed_Use_Predominantly_Residential,,,,,,
22,0,Mixed_Use_Predominantly_Residential,,,,,,
22,1,Mixed_Use_Predominantly_Residential,,,,,,
22,2,Mixed_Use_Predominantly_Residential,,,,,,
22,3,Mixed_Use_Predominantly_Residential,,,,,,
22,4,Mixed_Use_Predominantly_Residential,,,,,,
22,5,Mixed_Use_Predominantly_Residential,,,,,,
22,Aggregated,Mixed_Use_Predominantly_Residential,,,,,,
22,Centralized,Mixed_Use_Predominantly_Residential,,,,,,
23,0,Mixed_Use_Predominantly_Residential,,,,,,
23,1,Mixed_Use_Predominantly_Residential,,,,,,
23,2,Mixed_Use_Predominantly_Residential,,,,,,
23,3,Mixed_Use_Predominantly_Residential,,,,,,
23,4,Mixed_Use_Predominantly_Residential,,,,,,
23,5,Mixed_Use_Predominantly_Residential,,,,,,
23,Aggregated,Mixed_Use_Predominantly_Residential,,,,,,
23,Centralized,Mixed_Use_Predominantly_Residential,,,,,,
0,0,Lodging_Uncategorized,,,,,,
0,1,Lodging_Uncategorized,,,,,,
0,2,Lodging_Uncategorized,,,,,,
0,3,Lodging_Uncategorized,,,,,,
0,4,Lodging_Uncategorized,,,,,,
0,5,Lodging_Uncategorized,,,,,,
0,Aggregated,Lodging_Uncategorized,,,,,,
0,Centralized,Lodging_Uncategorized,,,,,,
1,0,Lodging_Uncategorized,,,,,,
1,1,Lodging_Uncategorized,,,,,,
1,2,Lodging_Uncategorized,,,,,,
1,3,Lodging_Uncategorized,,,,,,
1,4,Lodging_Uncategorized,,,,,,
1,5,Lodging_Uncategorized,,,,,,
1,Aggregated,Lodging_Uncategorized,,,,,,
1,Centralized,Lodging_Uncategorized,,,,,,
2,0,Lodging_Uncategorized,,,,,,
2,1,Lodging_Uncategorized,,,,,,
2,2,Lodging_Uncategorized,,,,,,
2,3,Lodging_Uncategorized,,,,,,
2,4,Lodging_Uncategorized,,,,,,
2,5,Lodging_Uncategorized,,,,,,
2,Aggregated,Lodging_Uncategorized,,,,,,
2,Centralized,Lodging_Uncategorized,,,,,,
3,0,Lodging_Uncategorized,,,,,,
3,1,Lodging_Uncategorized,,,,,,
3,2,Lodging_Uncategorized,,,,,,
3,3,Lodging_Uncategorized,,,,,,
3,4,Lodging_Uncategorized,,,,,,
3,5,Lodging_Uncategorized,,,,,,
3,Aggregated,Lodging_Uncategorized,,,,,,
3,Centralized,Lodging_Uncategorized,,,,,,
4,0,Lodging_Uncategorized,,,,,,
4,1,Lodging_Uncategorized,,,,,,
4,2,Lodging_Uncategorized,,,,,,
4,3,Lodging_Uncategorized,,,,,,
4,4,Lodging_Uncategorized,,,,,,
4,5,Lodging_Uncategorized,,,,,,
4,Aggregated,Lodging_Uncategorized,,,,,,
4,Centralized,Lodging_Uncategorized,,,,,,
5,0,Lodging_Uncategorized,,,,,,
5,1,Lodging_Uncategorized,,,,,,
5,2,Lodging_Uncategorized,,,,,,
5,3,Lodging_Uncategorized,,,,,,
5,4,Lodging_Uncategorized,,,,,,
5,5,Lodging_Uncategorized,,,,,,
5,Aggregated,Lodging_Uncategorized,,,,,,
5,Centralized,Lodging_Uncategorized,,,,,,
6,0,Lodging_Uncategorized,,,,,,
6,1,Lodging_Uncategorized,,,,,,
6,2,Lodging_Uncategorized,,,,,,
6,3,Lodging_Uncategorized,,,,,,
6,4,Lodging_Uncategorized,,,,,,
6,5,Lodging_Uncategorized,,,,,,
6,Aggregated,Lodging_Uncategorized,,,,,,
6,Centralized,Lodging_Uncategorized,,,,,,
7,0,Lodging_Uncategorized,,,,,,
7,1,Lodging_Uncategorized,,,,,,
7,2,Lodging_Uncategorized,,,,,,
7,3,Lodging_Uncategorized,,,,,,
7,4,Lodging_Uncategorized,,,,,,
7,5,Lodging_Uncategorized,,,,,,
7,Aggregated,Lodging_Uncategorized,,,,,,
7,Centralized,Lodging_Uncategorized,,,,,,
8,0,Lodging_Uncategorized,,,,,,
8,1,Lodging_Uncategorized,,,,,,
8,2,Lodging_Uncategorized,,,,,,
8,3,Lodging_Uncategorized,,,,,,
8,4,Lodging_Uncategorized,,,,,,
8,5,Lodging_Uncategorized,,,,,,
8,Aggregated,Lodging_Uncategorized,,,,,,
8,Centralized,Lodging_Uncategorized,,,,,,
9,0,Lodging_Uncategorized,,,,,,
9,1,Lodging_Uncategorized,,,,,,
9,2,Lodging_Uncategorized,,,,,,
9,3,Lodging_Uncategorized,,,,,,
9,4,Lodging_Uncategorized,,,,,,
9,5,Lodging_Uncategorized,,,,,,
9,Aggregated,Lodging_Uncategorized,,,,,,
9,Centralized,Lodging_Uncategorized,,,,,,
10,0,Lodging_Uncategorized,,,,,,
10,1,Lodging_Uncategorized,,,,,,
10,2,Lodging_Uncategorized,,,,,,
10,3,Lodging_Uncategorized,,,,,,
10,4,Lodging_Uncategorized,,,,,,
10,5,Lodging_Uncategorized,,,,,,
10,Aggregated,Lodging_Uncategorized,,,,,,
10,Centralized,Lodging_Uncategorized,,,,,,
11,0,Lodging_Uncategorized,,,,,,
11,1,Lodging_Uncategorized,,,,,,
11,2,Lodging_Uncategorized,,,,,,
11,3,Lodging_Uncategorized,,,,,,
11,4,Lodging_Uncategorized,,,,,,
11,5,Lodging_Uncategorized,,,,,,
11,Aggregated,Lodging_Uncategorized,,,,,,
11,Centralized,Lodging_Uncategorized,,,,,,
12,0,Lodging_Uncategorized,,,,,,
12,1,Lodging_Uncategorized,,,,,,
12,2,Lodging_Uncategorized,,,,,,
12,3,Lodging_Uncategorized,,,,,,
12,4,Lodging_Uncategorized,,,,,,
12,5,Lodging_Uncategorized,,,,,,
12,Aggregated,Lodging_Uncategorized,,,,,,
12,Centralized,Lodging_Uncategorized,,,,,,
13,0,Lodging_Uncategorized,,,,,,
13,1,Lodging_Uncategorized,,,,,,
13,2,Lodging_Uncategorized,,,,,,
13,3,Lodging_Uncategorized,,,,,,
13,4,Lodging_Uncategorized,,,,,,
13,5,Lodging_Uncategorized,,,,,,
13,Aggregated,Lodging_Uncategorized,,,,,,
13,Centralized,Lodging_Uncategorized,,,,,,
14,0,Lodging_Uncategorized,,,,,,
14,1,Lodging_Uncategorized,,,,,,
14,2,Lodging_Uncategorized,,,,,,
14,3,Lodging_Uncategorized,,,,,,
14,4,Lodging_Uncategorized,,,,,,
14,5,Lodging_Uncategorized,,,,,,
14,Aggregated,Lodging_Uncategorized,,,,,,
14,Centralized,Lodging_Uncategorized,,,,,,
15,0,Lodging_Uncategorized,,,,,,
15,1,Lodging_Uncategorized,,,,,,
15,2,Lodging_Uncategorized,,,,,,
15,3,Lodging_Uncategorized,,,,,,
15,4,Lodging_Uncategorized,,,,,,
15,5,Lodging_Uncategorized,,,,,,
15,Aggregated,Lodging_Uncategorized,,,,,,
15,Centralized,Lodging_Uncategorized,,,,,,
16,0,Lodging_Uncategorized,,,,,,
16,1,Lodging_Uncategorized,,,,,,
16,2,Lodging_Uncategorized,,,,,,
16,3,Lodging_Uncategorized,,,,,,
16,4,Lodging_Uncategorized,,,,,,
16,5,Lodging_Uncategorized,,,,,,
16,Aggregated,Lodging_Uncategorized,,,,,,
16,Centralized,Lodging_Uncategorized,,,,,,
17,0,Lodging_Uncategorized,,,,,,
17,1,Lodging_Uncategorized,,,,,,
17,2,Lodging_Uncategorized,,,,,,
17,3,Lodging_Uncategorized,,,,,,
17,4,Lodging_Uncategorized,,,,,,
17,5,Lodging_Uncategorized,,,,,,
17,Aggregated,Lodging_Uncategorized,,,,,,
17,Centralized,Lodging_Uncategorized,,,,,,
18,0,Lodging_Uncategorized,,,,,,
18,1,Lodging_Uncategorized,,,,,,
18,2,Lodging_Uncategorized,,,,,,
18,3,Lodging_Uncategorized,,,,,,
18,4,Lodging_Uncategorized,,,,,,
18,5,Lodging_Uncategorized,,,,,,
18,Aggregated,Lodging_Uncategorized,,,,,,
18,Centralized,Lodging_Uncategorized,,,,,,
19,0,Lodging_Uncategorized,,,,,,
19,1,Lodging_Uncategorized,,,,,,
19,2,Lodging_Uncategorized,,,,,,
19,3,Lodging_Uncategorized,,,,,,
19,4,Lodging_Uncategorized,,,,,,
19,5,Lodging_Uncategorized,,,,,,
19,Aggregated,Lodging_Uncategorized,,,,,,
19,Centralized,Lodging_Uncategorized,,,,,,
20,0,Lodging_Uncategorized,,,,,,
20,1,Lodging_Uncategorized,,,,,,
20,2,Lodging_Uncategorized,,,,,,
20,3,Lodging_Uncategorized,,,,,,
20,4,Lodging_Uncategorized,,,,,,
20,5,Lodging_Uncategorized,,,,,,
20,Aggregated,Lodging_Uncategorized,,,,,,
20,Centralized,Lodging_Uncategorized,,,,,,
21,0,Lodging_Uncategorized,,,,,,
21,1,Lodging_Uncategorized,,,,,,
21,2,Lodging_Uncategorized,,,,,,
21,3,Lodging_Uncategorized,,,,,,
21,4,Lodging_Uncategorized,,,,,,
21,5,Lodging_Uncategorized,,,,,,
21,Aggregated,Lodging_Uncategorized,,,,,,
21,Centralized,Lodging_Uncategorized,,,,,,
22,0,Lodging_Uncategorized,,,,,,
22,1,Lodging_Uncategorized,,,,,,
22,2,Lodging_Uncategorized,,,,,,
22,3,Lodging_Uncategorized,,,,,,
22,4,Lodging_Uncategorized,,,,,,
22,5,Lodging_Uncategorized,,,,,,
22,Aggregated,Lodging_Uncategorized,,,,,,
22,Centralized,Lodging_Uncategorized,,,,,,
23,0,Lodging_Uncategorized,,,,,,
23,1,Lodging_Uncategorized,,,,,,
23,2,Lodging_Uncategorized,,,,,,
23,3,Lodging_Uncategorized,,,,,,
23,4,Lodging_Uncategorized,,,,,,
23,5,Lodging_Uncategorized,,,,,,
23,Aggregated,Lodging_Uncategorized,,,,,,
23,Centralized,Lodging_Uncategorized,,,,,,
