Round,Evaluator,Classes,2,0,1,4,3,5
0,0,LAYING,,,,,,
0,0,SITTING,,,,,,
0,0,STANDING,,,,,,
0,0,WALKING,,,,,,
0,0,WALKING_DOWNSTAIRS,,,,,,
0,0,WALKING_UPSTAIRS,,,,,,
0,1,LAYING,,,,,,
0,1,SITTING,,,,,,
0,1,STANDING,,,,,,
0,1,WALKING,,,,,,
0,1,WALKING_DOWNSTAIRS,,,,,,
0,1,WALKING_UPSTAIRS,,,,,,
0,2,LAYING,,,,,,
0,2,SITTING,,,,,,
0,2,STANDING,,,,,,
0,2,WALKING,,,,,,
0,2,WALKING_DOWNSTAIRS,,,,,,
0,2,WALKING_UPSTAIRS,,,,,,
0,3,LAYING,,,,,,
0,3,SITTING,,,,,,
0,3,STANDING,,,,,,
0,3,WALKING,,,,,,
0,3,WALKING_DOWNSTAIRS,,,,,,
0,3,WALKING_UPSTAIRS,,,,,,
0,4,LAYING,,,,,,
0,4,SITTING,,,,,,
0,4,STANDING,,,,,,
0,4,WALKING,,,,,,
0,4,WALKING_DOWNSTAIRS,,,,,,
0,4,WALKING_UPSTAIRS,,,,,,
0,5,LAYING,,,,,,
0,5,SITTING,,,,,,
0,5,STANDING,,,,,,
0,5,WALKING,,,,,,
0,5,WALKING_DOWNSTAIRS,,,,,,
0,5,WALKING_UPSTAIRS,,,,,,
0,Aggregated,LAYING,,,,,,
0,Aggregated,SITTING,,,,,,
0,Aggregated,STANDING,,,,,,
0,Aggregated,WALKING,,,,,,
0,Aggregated,WALKING_DOWNSTAIRS,,,,,,
0,Aggregated,WALKING_UPSTAIRS,,,,,,
0,Centralized,LAYING,,,,,,
0,Centralized,SITTING,,,,,,
0,Centralized,STANDING,,,,,,
0,Centralized,WALKING,,,,,,
0,Centralized,WALKING_DOWNSTAIRS,,,,,,
0,Centralized,WALKING_UPSTAIRS,,,,,,
1,0,LAYING,0.0,0.0,0.0,0.0,0.0,0.0
1,0,SITTING,-0.06402926485539623,-0.045210293852247646,-0.05863940130763794,-0.06046295861107139,-0.06316540099153234,-0.04891821229700816
1,0,STANDING,0.04747065070906859,-0.008716042884005449,0.043721836560718486,0.05059628516346151,0.041224135164291374,0.051491231337449435
1,0,WALKING,0.1618775524972212,0.3079637495408111,-0.034704097956160265,-0.10652572214257885,0.13834640875600732,0.09614890542120522
1,0,WALKING_DOWNSTAIRS,0.012383565977573174,-0.09793978773552144,-0.09793978773552144,-0.09793978773552144,-0.015954428755242094,-0.06624613765213046
1,0,WALKING_UPSTAIRS,0.008746816518498327,-0.1857185689909931,0.1456319538325364,0.13303720038829955,0.04949770817284474,0.11442989007881384
1,1,LAYING,0.0,0.0,0.0,0.0,0.0,0.0
1,1,SITTING,-0.06404783860311729,-0.043131695725304606,-0.05816272894910892,-0.05801501164310327,-0.06324462575171164,-0.049164522685318575
1,1,STANDING,0.07441361238856542,-0.013034193305541907,0.06978400632841321,0.0787207859882645,0.07209980146007784,0.07300974877324132
1,1,WALKING,0.16457288949326657,0.28481633604185047,-0.02798793437533683,-0.07762246201993273,0.15867797047854243,0.09754320038160982
1,1,WALKING_DOWNSTAIRS,0.022665350722184636,-0.13516652980428528,-0.11688275306980343,-0.11645239313240131,-0.00995954916673449,-0.07395619166466334
1,1,WALKING_UPSTAIRS,0.02084896365329841,-0.13165225283261048,0.1351792665939091,0.1345357971379165,0.07208072580518023,0.09605152479953956
1,2,LAYING,0.0,0.0,0.0,0.0,0.0,0.0
1,2,SITTING,-0.06981110083841034,-0.04597211356865723,-0.06360955045081351,-0.06360955045081353,-0.0698111008384104,-0.04829769496400604
1,2,STANDING,0.06207322459163237,0.002731003601532818,0.06805482912440612,0.08022065974313577,0.07127260859056751,0.07518435388540506
1,2,WALKING,0.14810259211683546,0.2599780896225589,-0.034292387552429186,-0.09477342991951518,0.12930577369612495,0.11933893650451013
1,2,WALKING_DOWNSTAIRS,0.010714139879864465,-0.13114219405372327,-0.13021626812779732,-0.12788189149764595,-0.029380917270293225,-0.06666914011684566
1,2,WALKING_UPSTAIRS,-0.000851632980086395,-0.19051190535032664,0.13722267548162217,0.12235838464639277,0.0645970339476043,0.10247956190185266
1,3,LAYING,0.0,0.0,0.0,0.0,0.0,0.0
1,3,SITTING,-0.07242871700468241,-0.05117484845077337,-0.06576783578472456,-0.06253608525318664,-0.07242871700468241,-0.06187069305367476
1,3,STANDING,0.06836749080028742,-0.012736301374327515,0.0730873947131173,0.0768376839486554,0.06898677395102155,0.069856328770088
1,3,WALKING,0.1586451884378551,0.2697050589161633,-0.032759328720010604,-0.1019041817548684,0.15529502754075145,0.1284240933206946
1,3,WALKING_DOWNSTAIRS,0.0166857847593602,-0.19993050709857185,-0.13482785070882336,-0.13548631918646759,-0.01606900673348193,-0.06028663094654543
1,3,WALKING_UPSTAIRS,0.002392107913283251,-0.18484954218034177,0.16651706781896833,0.15395607512493076,0.05727809225662135,0.12258699376852515
1,4,LAYING,0.0,0.0,0.0,0.0,0.0,0.0
1,4,SITTING,-0.06260224384453764,-0.043177118882688166,-0.05735224250116665,-0.05656792877567644,-0.06309483112335161,-0.05286997053691519
1,4,STANDING,0.06036271954279303,0.017013405422320885,0.06947695624410172,0.08203383097927447,0.06609033928311428,0.06930214729055284
1,4,WALKING,0.14292756341970184,0.2567981352570446,-0.030358719602741197,-0.07536931418592842,0.12714838387129884,0.08732852751181024
1,4,WALKING_DOWNSTAIRS,0.01418253659759089,-0.08768648454681936,-0.08299164886606823,-0.08299164886606825,-0.010937536311955705,-0.020761658684645346
1,4,WALKING_UPSTAIRS,0.026620055632034623,-0.14618967958749957,0.12333730134692025,0.12052009327717216,0.06462756151992599,0.10441800114478064
1,5,LAYING,0.0,0.0,0.0,0.0,0.0,0.0
1,5,SITTING,-0.07362833270441188,-0.05378299344126104,-0.06892245035147071,-0.07045327955062024,-0.07202190700160063,-0.05535162089224143
1,5,STANDING,0.06618997833472104,6.754703845495116e-05,0.0667827800140329,0.0776544362862226,0.0654087272599982,0.07964220323590772
1,5,WALKING,0.13127600764435285,0.30105855172250967,-0.03395415084013491,-0.08221761572414091,0.132731089013543,0.11459818167593408
1,5,WALKING_DOWNSTAIRS,0.030570541197844588,-0.1520974785093133,-0.12469205842590654,-0.12829619796965644,-0.018045910659973276,-0.06357924651018874
1,5,WALKING_UPSTAIRS,-0.012478869713250875,-0.2304222368974617,0.1310430518666012,0.1298138392662503,0.050580929393014645,0.09204722769068543
1,Aggregated,LAYING,0.0,0.0,0.0,0.0,0.0,0.0
1,Aggregated,SITTING,-0.0678018105522749,-0.047062327010205136,-0.06201687746885756,-0.06186858261165598,-0.0673275763232683,-0.052836639493006134
1,Aggregated,STANDING,0.06268437011039879,-0.002822203275509278,0.06428086176180826,0.07350147566181234,0.0632199024349031,0.06908049962524747
1,Aggregated,WALKING,0.15110185658759684,0.27897803856155784,-0.0322480986406148,-0.08953106472900763,0.14033221632530954,0.1078763508937268
1,Aggregated,WALKING_DOWNSTAIRS,0.01862743911052886,-0.13538461223597037,-0.11506578889865439,-0.11527821438635405,-0.01630912007555344,-0.05779314190941217
1,Aggregated,WALKING_UPSTAIRS,0.008323932618962814,-0.1767616752912991,0.1393469482787322,0.1323585137645503,0.06022189204379437,0.1053030992914105
1,Centralized,LAYING,0.0,0.0,0.0,0.0,0.0,0.0
1,Centralized,SITTING,-0.0678018105522749,-0.047062327010205136,-0.06201687746885756,-0.06186858261165598,-0.0673275763232683,-0.052836639493006134
1,Centralized,STANDING,0.06268437011039879,-0.002822203275509278,0.06428086176180826,0.07350147566181234,0.0632199024349031,0.06908049962524747
1,Centralized,WALKING,0.15110185658759684,0.27897803856155784,-0.0322480986406148,-0.08953106472900763,0.14033221632530954,0.1078763508937268
1,Centralized,WALKING_DOWNSTAIRS,0.01862743911052886,-0.13538461223597037,-0.11506578889865439,-0.11527821438635405,-0.01630912007555344,-0.05779314190941217
1,Centralized,WALKING_UPSTAIRS,0.008323932618962814,-0.1767616752912991,0.1393469482787322,0.1323585137645503,0.06022189204379437,0.1053030992914105
2,0,LAYING,-0.021921921921921925,0.10960960960960961,-0.021921921921921925,-0.021921921921921925,-0.021921921921921925,-0.021921921921921925
2,0,SITTING,0.07474968396844998,0.028423299533994653,0.08127578376898148,0.0965241889339934,0.08756647917975328,0.0751225364458134
2,0,STANDING,-0.01552225731710845,-0.05959042681064987,-0.07451788336687966,-0.20685886860756986,-0.11981979996445402,0.0436245882915397
2,0,WALKING,0.023885583916259837,-0.03454281927170492,0.008047019209856811,0.013747020220803586,0.008713783670116706,0.018078885568215016
2,0,WALKING_DOWNSTAIRS,0.11940170525334967,0.07354069238580845,0.12412961814601318,0.11641152606722606,0.11616995064435683,0.08738354454028296
2,0,WALKING_UPSTAIRS,0.013046465146723949,-0.09179585989634781,-0.0852434708247773,-0.004412850069971148,-0.0697838023435272,-0.027435482012100807
2,1,LAYING,0.0,0.0,0.0,0.0,0.0,0.0
2,1,SITTING,0.10286941872643036,0.05665496162869784,0.12030712243652443,0.12587212828942596,0.11937625606979617,0.13052177260016204
2,1,STANDING,-0.050551352642714625,-0.03455238260646944,-0.11946939573556835,-0.227558931525573,-0.14725210651112264,0.02221362638578925
2,1,WALKING,0.0324847508874419,-0.06758805735117077,0.013993699039973523,0.015893231116283255,0.012598409443791729,-0.022907147291570777
2,1,WALKING_DOWNSTAIRS,0.10437115231183404,0.08451500190317289,0.120969563072313,0.11331194527391253,0.11233121457934195,0.09026799402506724
2,1,WALKING_UPSTAIRS,-0.00467068573161997,-0.09054856526051312,-0.08336773282360072,-0.0283036215566374,-0.0762647381506551,-0.01857222593800467
2,2,LAYING,0.0,0.0,0.0,0.0,0.0,0.0
2,2,SITTING,0.1160906299726884,0.053517967090249995,0.11819483617139594,0.12076496704334451,0.12214791979516987,0.12761701326048444
2,2,STANDING,-0.037388606695252964,-0.0432137140478754,-0.1106309552784493,-0.24151372085644107,-0.14750586087226997,0.04654951154694407
2,2,WALKING,0.04048882052169034,-0.07242727544357101,0.018562174547363072,0.024628351126929838,0.028864697158602202,0.0089678436674121
2,2,WALKING_DOWNSTAIRS,0.1075774861775922,0.06513436986363882,0.13090294594441682,0.12157595805726615,0.11434964544464815,0.07123803762621116
2,2,WALKING_UPSTAIRS,0.016493698849584612,-0.07749324456202841,-0.0762656180064233,-0.012156314999340632,-0.06298098752432185,-0.022891651404529086
2,3,LAYING,0.0,0.0,0.0,0.0,0.0,0.0
2,3,SITTING,0.11444373440908147,0.05334258417085426,0.12766698632062215,0.1216306423884637,0.12116228710459112,0.14278824836500664
2,3,STANDING,-0.01799206510016368,-0.046671553540643944,-0.05328287532557839,-0.23379079173944609,-0.12524028977721702,0.08061421122085287
2,3,WALKING,0.043942839254828586,-0.06561993508130196,0.018672466506769597,0.033318636732601575,0.024817738736238493,0.005960048692437666
2,3,WALKING_DOWNSTAIRS,0.13241831899725784,0.06343744175477575,0.12874886302180974,0.12822899177770392,0.12511738029979164,0.10440194532513135
2,3,WALKING_UPSTAIRS,-0.01726030718396265,-0.09036531073937429,-0.08183249882897663,-0.0049432486226032935,-0.07542371623654158,-0.04805571309052833
2,4,LAYING,0.0,0.0,0.0,0.0,0.0,0.0
2,4,SITTING,0.110072837575906,0.033006537704557075,0.12212151957223835,0.13851094352040655,0.12313549406041874,0.1313805156677383
2,4,STANDING,-0.028862821474606296,-0.07183552781355161,-0.08199088326786787,-0.19415887512076715,-0.1443523457412658,0.01614994836755359
2,4,WALKING,0.030643609753200643,-0.026116191522893278,0.010586471728899536,0.02154411624977679,0.01422296263968301,0.028322179998630168
2,4,WALKING_DOWNSTAIRS,0.09073584896978346,0.11801639091275323,0.09276815187868735,0.0921454008711017,0.09331604385672738,0.10604141932489901
2,4,WALKING_UPSTAIRS,-0.0005664826841622543,-0.07253594020955881,-0.0914825871616403,-0.01775407624906146,-0.06505681330439256,-0.04593743372451793
2,5,LAYING,0.0,0.0,0.0,0.0,0.0,0.0
2,5,SITTING,0.1072657393020404,0.04410809838853635,0.12755522225488602,0.12478403023352141,0.12305607375954764,0.12896854097950233
2,5,STANDING,-0.05134935441047149,-0.04552733311789225,-0.09293404397634328,-0.2540991514963279,-0.1530040560839752,0.021126375172756274
2,5,WALKING,0.02579448708754009,-0.018066538414234324,0.004155427826465981,0.019258292476086028,0.011716045150823712,0.031204807534093437
2,5,WALKING_DOWNSTAIRS,0.1353595787461394,0.05864505648594822,0.1447103671501139,0.14203367212275478,0.1364037516401287,0.07565803137125647
2,5,WALKING_UPSTAIRS,0.010961703854606698,-0.052639982027065796,-0.059474839035973365,0.009232150808705698,-0.04874221535366532,-0.019920759852447324
2,Aggregated,LAYING,-0.007913279132791327,0.03956639566395664,-0.007913279132791327,-0.007913279132791327,-0.007913279132791327,-0.007913279132791327
2,Aggregated,SITTING,0.1029741384842408,0.04541524796534552,0.11493119886760633,0.12058246783430111,0.11523832447063287,0.12061504998274426
2,Aggregated,STANDING,-0.03280919960150744,-0.04896235407524904,-0.08731237573327895,-0.225385063142364,-0.13836404809441702,0.04024740990329189
2,Aggregated,WALKING,0.03287779027181595,-0.04694623482171056,0.012186097818875294,0.021403869902846977,0.016859452757905815,0.011797225071697238
2,Aggregated,WALKING_DOWNSTAIRS,0.1147659459378631,0.07731737448371369,0.12338027095059716,0.1186824469046149,0.11618004220051778,0.08925725285602609
2,Aggregated,WALKING_UPSTAIRS,0.0025568575951586572,-0.07927967231487738,-0.08000841226440769,-0.010323783118180434,-0.06668466993666645,-0.030724026338172353
2,Centralized,LAYING,-0.007913279132791327,0.03956639566395664,-0.007913279132791327,-0.007913279132791327,-0.007913279132791327,-0.007913279132791327
2,Centralized,SITTING,0.1029741384842408,0.04541524796534552,0.11493119886760633,0.12058246783430111,0.11523832447063287,0.12061504998274426
2,Centralized,STANDING,-0.03280919960150744,-0.04896235407524904,-0.08731237573327895,-0.225385063142364,-0.13836404809441702,0.04024740990329189
2,Centralized,WALKING,0.03287779027181595,-0.04694623482171056,0.012186097818875294,0.021403869902846977,0.016859452757905815,0.011797225071697238
2,Centralized,WALKING_DOWNSTAIRS,0.1147659459378631,0.07731737448371369,0.12338027095059716,0.1186824469046149,0.11618004220051778,0.08925725285602609
2,Centralized,WALKING_UPSTAIRS,0.0025568575951586572,-0.07927967231487738,-0.08000841226440769,-0.010323783118180434,-0.06668466993666645,-0.030724026338172353
3,0,LAYING,-0.005426356589147288,0.027131782945736437,-0.005426356589147288,-0.005426356589147288,-0.005426356589147288,-0.005426356589147288
3,0,SITTING,0.06330043604012191,-0.1535214273082954,-0.041986924510213866,-0.0883390669293966,-0.08587691131638885,-0.11451080507953967
3,0,STANDING,0.040091501868663136,0.05818107837332492,0.09280230230907009,0.09171553077743402,0.08131588079735207,0.096963524321822
3,0,WALKING,-0.07811436892950079,0.30391155417718935,-0.09102462307538343,-0.10090518357085182,-0.14077060630443966,0.031119483525460997
3,0,WALKING_DOWNSTAIRS,0.0005286618630232128,0.024634276462839028,-0.014501718446677643,-0.025302357046447253,-0.060058148892045714,-0.021161280389493532
3,0,WALKING_UPSTAIRS,0.1070136456182446,0.11230135709353539,0.09674644461881836,0.09384359711327593,0.0888967915493225,0.11731190808263284
3,1,LAYING,0.0,0.0,0.0,0.0,0.0,0.0
3,1,SITTING,0.08895508009337139,-0.23002305640033655,-0.06457980440651763,-0.1333831803494268,-0.14078578703538835,-0.17578491165273796
3,1,STANDING,-0.0020702320116340552,0.13183928095458808,0.0876447700441408,0.10789378533734219,0.10498104779834297,0.12439884787721962
3,1,WALKING,-0.06489971474032896,0.3021026544882863,-0.09901106897614438,-0.10871142407266579,-0.11853782371615086,0.009086995676759003
3,1,WALKING_DOWNSTAIRS,-0.016069776187674585,0.02112765763415673,-0.02473161665662892,-0.029682375894171005,-0.03591178997980174,-0.025647484933009803
3,1,WALKING_UPSTAIRS,0.09622751919646476,0.11426095239483089,0.09072649395432585,0.08562691255449872,0.09319359526572667,0.113121966520278
3,2,LAYING,0.0,0.0,0.0,0.0,0.0,0.0
3,2,SITTING,0.10361657993879876,-0.24475787117223732,-0.06028456716824161,-0.13321968481707247,-0.1469124686055672,-0.1767753215090146
3,2,STANDING,0.018309161691250304,0.12017951673283554,0.08709861604332414,0.1048106191727483,0.09729628236426713,0.11397247066224109
3,2,WALKING,-0.04090460469507088,0.2444779859625601,-0.07700189706960035,-0.09310448291512216,-0.07499020477105882,0.011787564450326185
3,2,WALKING_DOWNSTAIRS,0.0025731568227226947,0.04349002400815039,-0.014992561117740378,-0.016051174709471924,-0.051171480176831076,-0.020170962396047494
3,2,WALKING_UPSTAIRS,0.10910526056278645,0.11947294893469827,0.09824040209503182,0.09202683159642093,0.10041759264679902,0.11448182013134252
3,3,LAYING,0.0,0.0,0.0,0.0,0.0,0.0
3,3,SITTING,0.106834432664494,-0.27587159310647286,-0.04882892790306899,-0.13553437095867132,-0.14284958853150365,-0.18478443492339877
3,3,STANDING,-0.0035914761026529696,0.08373631636358497,0.07459802555176533,0.07724764071002028,0.07523901512795811,0.08934830996652555
3,3,WALKING,-0.07703931695712551,0.22337115360172002,-0.10060739625294494,-0.10088480559640721,-0.0862675781818178,0.020171670114759524
3,3,WALKING_DOWNSTAIRS,-0.002202140656521913,0.06448336482807733,-0.023783114950253745,-0.0388663215194671,-0.06817526289188636,-0.019750060045824913
3,3,WALKING_UPSTAIRS,0.10291946061217337,0.10865508698341762,0.0908495560740327,0.08905706141276472,0.09763992240905855,0.1206350100695295
3,4,LAYING,0.0,0.0,0.0,0.0,0.0,0.0
3,4,SITTING,0.10355242720245457,-0.24849991056017381,-0.0568009006016832,-0.13337451150607554,-0.14116022278626608,-0.18194472984952167
3,4,STANDING,0.018554245503319546,0.11032418034462979,0.08614973334695403,0.09702428420876623,0.09563189537747528,0.11038699960269344
3,4,WALKING,-0.08194290698245002,0.2181767950578603,-0.08268362740765062,-0.09787669493729706,-0.10803031081464759,0.023394616295975685
3,4,WALKING_DOWNSTAIRS,0.017355874421412548,0.07651856683432576,-0.042982717997557165,-0.04467334482077388,-0.12403937544861429,-0.03075781435830204
3,4,WALKING_UPSTAIRS,0.10801952325168909,0.11962885067226436,0.09399622878203928,0.08863026221659528,0.08223090819730797,0.11618987905401629
3,5,LAYING,0.0,0.0,0.0,0.0,0.0,0.0
3,5,SITTING,0.1044607025569081,-0.2859571916633342,-0.03905437864607927,-0.13090272901142017,-0.13324647749792032,-0.171037630656186
3,5,STANDING,0.001536482976292437,0.12251097442740568,0.10375416069688753,0.11374785163901377,0.11398588139503586,0.12290657286569587
3,5,WALKING,-0.06640600682251842,0.2598773145764508,-0.08661162915978514,-0.08651238601093791,-0.09276621131526833,0.02990565589327019
3,5,WALKING_DOWNSTAIRS,0.03304387257843836,0.05592556402760455,-0.031465315428332245,-0.010175368656424445,-0.07414839076784464,-0.018371771650733563
3,5,WALKING_UPSTAIRS,0.11723013285531649,0.11719216568154296,0.09789165585769952,0.10126164877446359,0.10191163340742698,0.12263242154320879
3,Aggregated,LAYING,-0.005426356589147288,0.027131782945736437,-0.005426356589147288,-0.005426356589147288,-0.005426356589147288,-0.005426356589147288
3,Aggregated,SITTING,0.09356744256984219,-0.2362239751193922,-0.05222880513381652,-0.12466900583727514,-0.1304629086266597,-0.16568238032572458
3,Aggregated,STANDING,0.0131695894050327,0.10109714827189258,0.08867628087520792,0.09788879733659754,0.09341540140474114,0.10854478725909503
3,Aggregated,WALKING,-0.06791592904878582,0.25745420422057,-0.08937831664173856,-0.0976485374098215,-0.10206039819921237,0.02086444884718967
3,Aggregated,WALKING_DOWNSTAIRS,0.006132640015795697,0.048214018733956206,-0.02558895110367354,-0.02682515428679747,-0.06821175779723332,-0.02262845321970567
3,Aggregated,WALKING_UPSTAIRS,0.10664679906531457,0.11539947166900431,0.09466478957877318,0.09154262081678706,0.09401261012550816,0.11736013617048308
3,Centralized,LAYING,-0.005426356589147288,0.027131782945736437,-0.005426356589147288,-0.005426356589147288,-0.005426356589147288,-0.005426356589147288
3,Centralized,SITTING,0.09356744256984219,-0.2362239751193922,-0.05222880513381652,-0.12466900583727514,-0.1304629086266597,-0.16568238032572458
3,Centralized,STANDING,0.0131695894050327,0.10109714827189258,0.08867628087520792,0.09788879733659754,0.09341540140474114,0.10854478725909503
3,Centralized,WALKING,-0.06791592904878582,0.25745420422057,-0.08937831664173856,-0.0976485374098215,-0.10206039819921237,0.02086444884718967
3,Centralized,WALKING_DOWNSTAIRS,0.006132640015795697,0.048214018733956206,-0.02558895110367354,-0.02682515428679747,-0.06821175779723332,-0.02262845321970567
3,Centralized,WALKING_UPSTAIRS,0.10664679906531457,0.11539947166900431,0.09466478957877318,0.09154262081678706,0.09401261012550816,0.11736013617048308
4,0,LAYING,-0.017161716171617162,0.0858085808580858,-0.017161716171617162,-0.017161716171617162,-0.017161716171617162,-0.017161716171617162
4,0,SITTING,0.1424114304111857,-0.1837542134272554,0.12300573541838661,0.11735887568271204,0.12334817751278758,0.12935527641943653
4,0,STANDING,-0.1296735818085331,0.28675968563170023,-0.11408431823512179,-0.08485309606093172,-0.1129715163868146,-0.10990638638036437
4,0,WALKING,0.0034786538430234223,0.02263002928164381,-0.004825401522106541,0.009347506940163057,0.001254733945459876,0.0354545448518839
4,0,WALKING_DOWNSTAIRS,0.003690133571712062,0.028958555060477505,0.008409491752748093,0.027000837107388855,0.013492809334170028,0.03782216130086459
4,0,WALKING_UPSTAIRS,-0.10735086326513571,-0.13556065707048806,-0.1702444200445701,-0.059918310723944705,-0.12444186037659882,0.03937338189766012
4,1,LAYING,0.0,0.0,0.0,0.0,0.0,0.0
4,1,SITTING,0.1927539154818353,-0.23524211067440742,0.1834963881326665,0.18178769430356193,0.18622771560746895,0.18701163943962398
4,1,STANDING,-0.1434656781921757,0.31600974717995467,-0.11888795444783186,-0.10456587811102555,-0.11788775041482637,-0.1325116076357167
4,1,WALKING,0.016991264312376422,0.030106808335616093,0.008947523140162847,0.014698758861568887,0.011284978715669025,0.03846616213010227
4,1,WALKING_DOWNSTAIRS,0.005361048898445859,0.0392682093031718,0.001105166444394622,0.027391359099604735,0.016150131897597383,0.03820836563162823
4,1,WALKING_UPSTAIRS,-0.08740239459211668,-0.10780074439161251,-0.12945641520663032,-0.08231091524058126,-0.11811873752453725,0.027097239083991868
4,2,LAYING,0.0,0.0,0.0,0.0,0.0,0.0
4,2,SITTING,0.19896543067796774,-0.221718446477734,0.16825511034255483,0.1753657306470662,0.1779819209380743,0.1914157405977356
4,2,STANDING,-0.1587252504786013,0.32877145103674305,-0.1526795895406535,-0.09617013342635554,-0.1198269487331114,-0.11386952885802029
4,2,WALKING,0.004692082817914185,0.017197182257072428,-0.01211838611564252,0.002508420724233684,-0.0025121484007399465,0.03286573597156353
4,2,WALKING_DOWNSTAIRS,0.005126142007893792,0.014466759006601961,0.015016524896476693,0.028419705388903985,0.01558908986636176,0.02834365612385309
4,2,WALKING_UPSTAIRS,-0.07777294120717165,-0.14577485385551991,-0.15226559194423325,-0.07190722765956838,-0.12151537671839999,0.03305211102757035
4,3,LAYING,0.0,0.0,0.0,0.0,0.0,0.0
4,3,SITTING,0.1890876424847698,-0.19778278786498518,0.16967569924372516,0.17377157346224067,0.1794518005883214,0.17670516299502015
4,3,STANDING,-0.14314633129963264,0.3134899590083614,-0.12664935169287958,-0.09308791567020158,-0.09844448778532602,-0.12340813919078525
4,3,WALKING,0.015395002658567034,0.020232184882006468,0.0034550685909874156,0.01865146800251917,0.014455409236072282,0.04171702830310935
4,3,WALKING_DOWNSTAIRS,0.018473996186155386,0.01688412528788947,0.011131881631280597,0.03176372307037207,0.03183101903499562,0.032697954111870764
4,3,WALKING_UPSTAIRS,-0.08096455334579675,-0.11223219529705428,-0.13540272437905174,-0.06918512567515257,-0.10074408961802399,0.029949061342338042
4,4,LAYING,0.0,0.0,0.0,0.0,0.0,0.0
4,4,SITTING,0.1979661250072894,-0.2277409776631085,0.17376445559450532,0.1709012192147062,0.17963481020032676,0.18404579621770878
4,4,STANDING,-0.1571444455332811,0.31777829090583987,-0.14422457723658397,-0.09529764328869567,-0.1083717411782364,-0.13844508278408854
4,4,WALKING,0.016458054102388247,0.026019409996117026,0.006576804270621499,0.023516988620125658,0.016502268539414472,0.04609734102315382
4,4,WALKING_DOWNSTAIRS,0.01320446874053985,0.021794467080934042,0.017697022747584897,0.043644044477425085,0.02691659839182707,0.052988609289658366
4,4,WALKING_UPSTAIRS,-0.058341667575958496,-0.13418506417627307,-0.10691083054590159,-0.04230545626019098,-0.08063881021148513,0.020582728320034188
4,5,LAYING,0.0,0.0,0.0,0.0,0.0,0.0
4,5,SITTING,0.19035371542397744,-0.21942076612309155,0.17317654461298357,0.17595138171292984,0.17779896659796826,0.17735383298890905
4,5,STANDING,-0.16111516347875932,0.27792171672831667,-0.13773443666089477,-0.10971766485048993,-0.13583966394212738,-0.14910892128901218
4,5,WALKING,-0.003192103235054495,0.0159862118668044,-0.012943712096128102,0.0010482407023957474,-0.004302343094967886,0.023746998927516198
4,5,WALKING_DOWNSTAIRS,0.005771300677340762,0.01979153073029407,0.009502297408910567,0.018788096188625023,0.008078271194743641,0.019131626723673953
4,5,WALKING_UPSTAIRS,-0.10285420991824498,-0.10490022896046448,-0.15116413224521397,-0.0610346148060165,-0.1132835443904215,0.017974215057845855
4,Aggregated,LAYING,-0.004533565823888404,0.02266782911944202,-0.004533565823888404,-0.004533565823888404,-0.004533565823888404,-0.004533565823888404
4,Aggregated,SITTING,0.18390004795831483,-0.21402976774575938,0.16403997770361478,0.16431216830122936,0.16954550388434958,0.17301513241765
4,Aggregated,STANDING,-0.1476719135310223,0.306337384993078,-0.1315910441794253,-0.09627944468017698,-0.11434889060757657,-0.12645012508974696
4,Aggregated,WALKING,0.00885582492150579,0.021735246050635783,-0.002015442256117657,0.01147529573854216,0.005973633554480141,0.03624156622835808
4,Aggregated,WALKING_DOWNSTAIRS,0.00852264095212173,0.02279277702854614,0.01013672422936141,0.029189133251809603,0.018514075299761682,0.034527947921698346
4,Aggregated,WALKING_UPSTAIRS,-0.08476140979935888,-0.1235027843675124,-0.1396533268327034,-0.06418678728837118,-0.10902368700564743,0.02778480843667693
4,Centralized,LAYING,-0.004533565823888404,0.02266782911944202,-0.004533565823888404,-0.004533565823888404,-0.004533565823888404,-0.004533565823888404
4,Centralized,SITTING,0.18390004795831483,-0.21402976774575938,0.16403997770361478,0.16431216830122936,0.16954550388434958,0.17301513241765
4,Centralized,STANDING,-0.1476719135310223,0.306337384993078,-0.1315910441794253,-0.09627944468017698,-0.11434889060757657,-0.12645012508974696
4,Centralized,WALKING,0.00885582492150579,0.021735246050635783,-0.002015442256117657,0.01147529573854216,0.005973633554480141,0.03624156622835808
4,Centralized,WALKING_DOWNSTAIRS,0.00852264095212173,0.02279277702854614,0.01013672422936141,0.029189133251809603,0.018514075299761682,0.034527947921698346
4,Centralized,WALKING_UPSTAIRS,-0.08476140979935888,-0.1235027843675124,-0.1396533268327034,-0.06418678728837118,-0.10902368700564743,0.02778480843667693
5,0,LAYING,-0.017161716171617162,0.0858085808580858,-0.017161716171617162,-0.017161716171617162,-0.017161716171617162,-0.017161716171617162
5,0,SITTING,-0.07240934331004036,-0.20466214287476506,-0.04202742247030534,-0.08760790732887175,0.06587475350556866,-0.10187446052008003
5,0,STANDING,0.08647924012768211,-0.12155408303246781,0.09663247580179683,0.09018964158105304,0.11701579045444276,0.08381699148030308
5,0,WALKING,0.04542345146331886,0.039020952458613783,0.01937142197574948,0.03985077120280333,0.03608016379380737,0.03269209305399518
5,0,WALKING_DOWNSTAIRS,0.004507514972953272,-0.013721997679124251,0.021428573432748493,0.016246788688437257,0.027733488361263655,-0.010862473550698231
5,0,WALKING_UPSTAIRS,0.14084203621716018,0.12923219067405267,0.137033049651603,0.13941333963996605,0.1375087828153215,0.13018003763696262
5,1,LAYING,0.0,0.0,0.0,0.0,0.0,0.0
5,1,SITTING,-0.10126482251260585,-0.3417752917635043,-0.0440043057470844,-0.11908497434435227,0.11852231324200051,-0.13699958973663284
5,1,STANDING,0.08029001768427307,-0.0824041512310204,0.08114376085283058,0.07953231614958213,0.07856062907841702,0.07741243491431136
5,1,WALKING,0.042531089657623644,0.021097504811155944,0.021734355662537626,0.044245577600948285,0.03039340743612888,0.041813707289705876
5,1,WALKING_DOWNSTAIRS,-0.0038167218732729916,0.010130607531475077,0.015810906288136858,0.008164995169151784,0.017095565745511864,-0.017154747602944352
5,1,WALKING_UPSTAIRS,0.12523333902291117,0.11801047379395938,0.11648559813586644,0.12403213583610803,0.1178006605943374,0.1350987220488299
5,2,LAYING,0.0,0.0,0.0,0.0,0.0,0.0
5,2,SITTING,-0.11341101304378702,-0.41721141835247005,-0.01330189329542454,-0.0998812581726637,0.1466169361710018,-0.12330939817185482
5,2,STANDING,0.08101581961261145,-0.10302946407423207,0.08590234644762423,0.08192359097844706,0.08440185791087675,0.08004481326810023
5,2,WALKING,0.038458726683214824,0.02028513055818939,0.02516649067849749,0.03927396038028412,0.039454874197650584,0.027939163458995667
5,2,WALKING_DOWNSTAIRS,0.007931091460738574,-0.015448303382807903,0.01875235888240239,0.011829965333730177,0.01032021574715622,-0.02238885777241678
5,2,WALKING_UPSTAIRS,0.1263446853041651,0.10917715531254858,0.1100039846273224,0.120209399767913,0.11221300411666102,0.12203680753157169
5,3,LAYING,0.0,0.0,0.0,0.0,0.0,0.0
5,3,SITTING,-0.07905131066267654,-0.3587385442742966,0.001036363152380859,-0.1078178432761964,0.17972700044754408,-0.1462894753969709
5,3,STANDING,0.07540618888547716,-0.10731227380081235,0.08545643256510428,0.07065746679278634,0.10517222197299879,0.06650427949100766
5,3,WALKING,0.04453727301431595,0.010547738534309133,0.01511456422260576,0.04508698281966087,0.0385378329701831,0.03725028967754067
5,3,WALKING_DOWNSTAIRS,-0.00785622459322932,-0.04722974790561194,0.018662340455149574,0.011567237801993558,0.03178313113268525,-0.035804240384233556
5,3,WALKING_UPSTAIRS,0.12973577986782509,0.0978451840315612,0.11224428457280433,0.11460469102626192,0.1199816396935281,0.129650045457878
5,4,LAYING,0.0,0.0,0.0,0.0,0.0,0.0
5,4,SITTING,-0.08215367243404074,-0.39288080118139973,-0.005737227314808498,-0.10227190704102224,0.15862433163844739,-0.13787308247116165
5,4,STANDING,0.08173919414719404,-0.0956586543926431,0.09171257145665898,0.08223371107637759,0.10095044212418486,0.07826752633673825
5,4,WALKING,0.03758836783285735,0.02419893955581336,-0.0008464167879160866,0.0404040553369746,0.02852741553490774,0.0323387366208767
5,4,WALKING_DOWNSTAIRS,-0.0012016168092843097,-0.0037351591862648846,0.027838344576375955,0.017349062109053154,0.038931118803326614,-0.022452049826910618
5,4,WALKING_UPSTAIRS,0.11443038944276675,0.10168977967377679,0.09129536008890578,0.10720829910969493,0.1065290093777282,0.11588124642114103
5,5,LAYING,0.0,0.0,0.0,0.0,0.0,0.0
5,5,SITTING,-0.07797747425695832,-0.4092991703768773,-0.017058517141113887,-0.08838094665374485,0.153586683208049,-0.11980518022558928
5,5,STANDING,0.10000309009620373,-0.08250504476634302,0.10420730087455003,0.09862681573141047,0.11439613079910209,0.09445363644700612
5,5,WALKING,0.048096973550333426,0.027711298819326678,0.01644977025216207,0.034139206638898474,0.03414887436459137,0.028538534733089444
5,5,WALKING_DOWNSTAIRS,0.008426140196931812,-0.01362168279975272,0.02246830085963585,0.020256939373504427,0.03332475858699256,-0.03030585752917804
5,5,WALKING_UPSTAIRS,0.13497042665483447,0.08325192981321299,0.12331065934222603,0.12252308416566743,0.1311761439076934,0.11556914984458772
5,Aggregated,LAYING,-0.004533565823888404,0.02266782911944202,-0.004533565823888404,-0.004533565823888404,-0.004533565823888404,-0.004533565823888404
5,Aggregated,SITTING,-0.08764831962353904,-0.34684372771093497,-0.022354521448682184,-0.10097484351229655,0.13355918714802542,-0.12722036140866638
5,Aggregated,STANDING,0.08391620551284186,-0.10095594685319052,0.09069570731014537,0.08370592282142426,0.10036894325710792,0.0797926330970239
5,Aggregated,WALKING,0.04271974318405846,0.023719750035040624,0.016354278268247768,0.04044907912091587,0.034675763126787475,0.03342878115100278
5,Aggregated,WALKING_DOWNSTAIRS,0.0013104678290287658,-0.013680984511772926,0.020999187701406317,0.014371371781851047,0.02683841853919701,-0.023467508691385267
5,Aggregated,WALKING_UPSTAIRS,0.1281837835559275,0.1059374420958042,0.11417453237351849,0.12065188034811203,0.12009495249538825,0.12451441087931586
5,Centralized,LAYING,-0.004533565823888404,0.02266782911944202,-0.004533565823888404,-0.004533565823888404,-0.004533565823888404,-0.004533565823888404
5,Centralized,SITTING,-0.08764831962353904,-0.34684372771093497,-0.022354521448682184,-0.10097484351229655,0.13355918714802542,-0.12722036140866638
5,Centralized,STANDING,0.08391620551284186,-0.10095594685319052,0.09069570731014537,0.08370592282142426,0.10036894325710792,0.0797926330970239
5,Centralized,WALKING,0.04271974318405846,0.023719750035040624,0.016354278268247768,0.04044907912091587,0.034675763126787475,0.03342878115100278
5,Centralized,WALKING_DOWNSTAIRS,0.0013104678290287658,-0.013680984511772926,0.020999187701406317,0.014371371781851047,0.02683841853919701,-0.023467508691385267
5,Centralized,WALKING_UPSTAIRS,0.1281837835559275,0.1059374420958042,0.11417453237351849,0.12065188034811203,0.12009495249538825,0.12451441087931586
6,0,LAYING,-0.017161716171617162,0.0858085808580858,-0.017161716171617162,-0.017161716171617162,-0.017161716171617162,-0.017161716171617162
6,0,SITTING,0.16084190169809343,-0.24997031829669408,-0.03034298796902107,0.008574777032303298,0.12626883587806842,0.1720598421029983
6,0,STANDING,0.060246192552606506,-0.1804611163091192,0.03276877527461966,0.05027113913921912,0.06648592514770027,0.025369277014601187
6,0,WALKING,-0.0192164382751934,-0.03204760510472772,-0.011623208503581036,-0.0023379516971247637,-0.028866078888776004,0.013384160252846717
6,0,WALKING_DOWNSTAIRS,-0.008058078892467853,0.0008183125655428808,-0.0029197021941637148,-0.0037637258259286322,-0.006761922892322721,0.007110456605855835
6,0,WALKING_UPSTAIRS,-0.03994366504455902,-0.0939835977191442,-0.015709410030790984,-0.0038530067978210223,-0.03560420438048845,0.02167533760688915
6,1,LAYING,0.0,0.0,0.0,0.0,0.0,0.0
6,1,SITTING,0.26037084648803105,-0.39344288879757033,-0.04903169426031276,0.033272770839205455,0.22202756828011702,0.28255929204137453
6,1,STANDING,0.05126058344277546,-0.1667721072663172,0.03863732122443306,0.04858384853062364,0.07001301209510245,0.014300126359376799
6,1,WALKING,-0.018287060105313308,-0.03026775342908577,-0.0016362801092512282,-0.0019772077146643727,-0.030619466084453904,0.013253678382726284
6,1,WALKING_DOWNSTAIRS,0.003087154518710814,0.008831021659457745,0.011412762434873797,0.0038187958721553413,-0.002914860181801891,0.02075600592358517
6,1,WALKING_UPSTAIRS,-0.034341470988545224,-0.15964727668976209,-3.2253996647198246e-05,0.015098906958041274,-0.019449309759779612,0.04041553920375463
6,2,LAYING,0.0,0.0,0.0,0.0,0.0,0.0
6,2,SITTING,0.27977243216996506,-0.3981350373250504,-0.03282582337370729,0.06978442824114753,0.2236342034742091,0.2925068594574761
6,2,STANDING,0.06291239056819256,-0.1782173234618977,0.03637930802871468,0.05445588543993297,0.07175912728849404,0.028513594895792378
6,2,WALKING,-0.010085437153234457,-0.028658776756564322,0.004350973771952839,0.006252864597268356,-0.02369955502025718,0.013083564975200829
6,2,WALKING_DOWNSTAIRS,0.0021181742085000996,0.029526520616437468,0.005646158513698631,0.0031060479980112355,-0.006998030358103888,0.00963449038955285
6,2,WALKING_UPSTAIRS,-0.00634778071300095,-0.031635260651775736,0.008586011678419532,0.00883780857274443,-0.0322520575706426,0.022182559647399486
6,3,LAYING,0.0,0.0,0.0,0.0,0.0,0.0
6,3,SITTING,0.2648503145371339,-0.39420700254848384,-0.0426811524988556,0.038063621275976615,0.21668609906555827,0.27805337981033534
6,3,STANDING,0.06556309732034496,-0.1788749561388579,0.025856634923803537,0.03942458997245671,0.06814218939073727,0.043544358510010026
6,3,WALKING,-0.01947479721568221,-0.03042946607921083,-0.003237955609652305,-0.0006817620062059826,-0.034765694562837644,0.01754116217155434
6,3,WALKING_DOWNSTAIRS,0.0054194876109184475,0.03172078587268626,0.006275536612849496,-0.00018705744658109466,-0.012267775489983451,0.013074421070198862
6,3,WALKING_UPSTAIRS,-0.04765631615708097,-0.11078091931709011,-0.006568432598146143,0.008637763230227009,-0.05633836331253803,0.028758495497178158
6,4,LAYING,0.0,0.0,0.0,0.0,0.0,0.0
6,4,SITTING,0.24001259349983234,-0.3880786663204272,-0.03013560299850516,0.06984672834101624,0.19674119247857114,0.25829764819503576
6,4,STANDING,0.04556779332532692,-0.16062174297654536,0.04203114586441569,0.05589627027574899,0.06123314326508757,0.0050243772151205394
6,4,WALKING,-0.01972817583203165,-0.026975040994217853,0.0007673700076509162,0.001592221378715471,-0.03337198700853366,0.012339700957343163
6,4,WALKING_DOWNSTAIRS,-0.005889456335158985,0.018642610444721916,0.007515998486125955,-0.004022639005503636,-0.01954794028723898,0.01201345871965792
6,4,WALKING_UPSTAIRS,-0.025030969410405134,-0.12517436979160393,0.01321353799530661,0.02395286437759231,-0.018341689687468493,0.04129614452458155
6,5,LAYING,0.0,0.0,0.0,0.0,0.0,0.0
6,5,SITTING,0.24524381082317942,-0.34713299198698655,-0.027981855353040524,0.07700433287097223,0.20751809641340793,0.2647838231793118
6,5,STANDING,0.042351564016245055,-0.1405977060693135,0.04535785942735608,0.0628362989193821,0.05598701421100154,0.005563775507409587
6,5,WALKING,-0.02250650794585357,-0.02855756502960486,0.008082122834044246,0.005717730574320878,-0.03750216712482662,0.023920301354700246
6,5,WALKING_DOWNSTAIRS,0.0003759852796631577,0.0302258762007052,0.007192326818124148,-0.001618864492365193,-0.012898358818693063,0.007492265781796533
6,5,WALKING_UPSTAIRS,-0.03193958402820917,-0.1062493149345657,0.006077507165746086,0.013939817536815636,-0.03272357413212139,0.047236611806968226
6,Aggregated,LAYING,-0.004549431321084864,0.02274715660542432,-0.004549431321084864,-0.004549431321084864,-0.004549431321084864,-0.004549431321084864
6,Aggregated,SITTING,0.23890770790735028,-0.35662264490577583,-0.03565755486747151,0.04691454994866776,0.19571992952795106,0.25442849816822155
6,Aggregated,STANDING,0.05493615518348012,-0.1693008463556057,0.036640547389188365,0.051866698825997204,0.06586169593311561,0.021602950151411223
6,Aggregated,WALKING,-0.018221411163901018,-0.0292752778066683,-0.0004284086020356317,0.001400676430039051,-0.03159925293248534,0.015697265828020668
6,Aggregated,WALKING_DOWNSTAIRS,-0.0004344404477197258,0.01993009926147641,0.006121118850087045,-0.00035212888759026366,-0.010303636499622165,0.01182583923955936
6,Aggregated,WALKING_UPSTAIRS,-0.030413007728154105,-0.10324736151107841,0.0015298961796931922,0.011337725601582546,-0.03278354149942581,0.03349856317272881
6,Centralized,LAYING,-0.004549431321084864,0.02274715660542432,-0.004549431321084864,-0.004549431321084864,-0.004549431321084864,-0.004549431321084864
6,Centralized,SITTING,0.23890770790735028,-0.35662264490577583,-0.03565755486747151,0.04691454994866776,0.19571992952795106,0.25442849816822155
6,Centralized,STANDING,0.05493615518348012,-0.1693008463556057,0.036640547389188365,0.051866698825997204,0.06586169593311561,0.021602950151411223
6,Centralized,WALKING,-0.018221411163901018,-0.0292752778066683,-0.0004284086020356317,0.001400676430039051,-0.03159925293248534,0.015697265828020668
6,Centralized,WALKING_DOWNSTAIRS,-0.0004344404477197258,0.01993009926147641,0.006121118850087045,-0.00035212888759026366,-0.010303636499622165,0.01182583923955936
6,Centralized,WALKING_UPSTAIRS,-0.030413007728154105,-0.10324736151107841,0.0015298961796931922,0.011337725601582546,-0.03278354149942581,0.03349856317272881
7,0,LAYING,-0.017161716171617162,0.0858085808580858,-0.017161716171617162,-0.017161716171617162,-0.017161716171617162,-0.017161716171617162
7,0,SITTING,0.048883929980729414,-0.36081080625513484,0.11800252169282344,0.09511934269829812,0.07630199140655856,0.08147063364918203
7,0,STANDING,0.05376177451447901,-0.20314554017635666,-0.002557984346256574,0.05825283025308511,0.05425002273017882,0.05465533077331753
7,0,WALKING,0.008488188571392902,-0.0330925267366525,0.02764895924478726,0.03993123647238329,0.04178730309466475,0.010189623462834651
7,0,WALKING_DOWNSTAIRS,-0.0008473005491349115,-0.019484789394484454,0.00954145557154123,0.014441013752783014,0.02859683565009776,-0.010269193052780736
7,0,WALKING_UPSTAIRS,0.02005348540772961,-0.02504155119502737,0.03850263796249649,0.046917697526398267,0.04933363918630369,0.027010647888656168
7,1,LAYING,0.0,0.0,0.0,0.0,0.0,0.0
7,1,SITTING,0.10002575540806163,-0.5270597686980932,0.14272536070859224,0.1420285028700252,0.13547282619791176,0.1331942860655144
7,1,STANDING,0.06611005190681364,-0.17836788090606828,-0.019883538033294235,0.05475510278769863,0.056272221575537885,0.05093893440344954
7,1,WALKING,0.010953840298690487,-0.0516383013788963,0.028609974156794577,0.04003339237167929,0.037918190285117226,0.008420298236977207
7,1,WALKING_DOWNSTAIRS,-0.008751460737451061,-0.005643873423677354,0.005307099604747903,0.0015180207411288,0.017307960250793498,-0.003157067309455942
7,1,WALKING_UPSTAIRS,0.017444418524899436,-0.0018344764455557284,0.039993455970180954,0.040155851288376274,0.040796841992500166,0.034386786929550175
7,2,LAYING,0.0,0.0,0.0,0.0,0.0,0.0
7,2,SITTING,0.106056403180445,-0.5425507962681674,0.13459457609486583,0.1441760744228909,0.13134394235795976,0.12843267275668319
7,2,STANDING,0.06466391425293948,-0.20459208108498828,-0.010050643355716463,0.058975040107194295,0.05764155362595558,0.053695618389170016
7,2,WALKING,0.008219477424366335,-0.030536607304325634,0.023635673699555475,0.03183931846019509,0.02984859561615336,0.010344942284723694
7,2,WALKING_DOWNSTAIRS,-0.00661995327193534,-0.032231872179333175,0.013283444770982544,0.011272803968338168,0.021150278086937653,-0.0030036102324994965
7,2,WALKING_UPSTAIRS,0.008493817030995564,-0.010899336113200908,0.018502190281807752,0.02427455202678052,0.02457592017503374,0.01623682918828554
7,3,LAYING,0.0,0.0,0.0,0.0,0.0,0.0
7,3,SITTING,0.08695505364095933,-0.5529300231572677,0.15272761320176936,0.14555439795591107,0.11627742494880476,0.12625960825389657
7,3,STANDING,0.051850609283597825,-0.21849251654943663,0.01759158542744393,0.06244853693749147,0.051839667937694234,0.055949331575082084
7,3,WALKING,0.010806448939071043,-0.05193584153982457,0.034973042795175324,0.04348978909716853,0.038537179862654175,0.013981312951208828
7,3,WALKING_DOWNSTAIRS,-0.0007754011419509192,-0.020285499854858856,0.012890037455246318,0.01722271868250478,0.023285144322402942,-0.001728303811170388
7,3,WALKING_UPSTAIRS,0.024877321144322638,-0.02075743327949586,0.050997078055567704,0.045148551022480235,0.0404702129233629,0.04007921071101195
7,4,LAYING,0.0,0.0,0.0,0.0,0.0,0.0
7,4,SITTING,0.08821325895799839,-0.5231801386820466,0.13436567619645057,0.13491509514136654,0.14436023011957297,0.13463410174437185
7,4,STANDING,0.06238039510832905,-0.1779717449770339,-0.02612231142925281,0.04544631890093433,0.06506181928641337,0.05597073217922279
7,4,WALKING,0.01996019106424965,-0.031627398884996,0.0294273141753062,0.03928418652929118,0.03677821105576551,0.01545584657584745
7,4,WALKING_DOWNSTAIRS,-0.002664067229422919,-0.01399919602790505,0.01242260371455234,0.012230196552281152,0.027974205696926335,-0.006647975096201145
7,4,WALKING_UPSTAIRS,0.017360970910434925,0.020965884740701043,0.019068233746904067,0.02473852037452599,0.024682890016959533,0.022772929186406346
7,5,LAYING,0.0,0.0,0.0,0.0,0.0,0.0
7,5,SITTING,0.07993133975363448,-0.4665952262733759,0.1323827984057951,0.11427443047595551,0.11175367849154003,0.11548951310429627
7,5,STANDING,0.05639347748920374,-0.12457017842551293,-0.03210188279546686,0.03710368205585362,0.04316368192820953,0.0371367523599716
7,5,WALKING,0.019329764271143426,-0.03328833493042694,0.03079554482937488,0.0338056332513322,0.03381487511356933,0.014378345452652883
7,5,WALKING_DOWNSTAIRS,-0.004764117547791135,-0.02661790751895395,0.005794932240880112,0.010594839224939279,0.013037681820005462,-0.011720641894293454
7,5,WALKING_UPSTAIRS,0.025379858621900953,-0.023351627044746484,0.034607255609722394,0.03675021336091174,0.03743214966010635,0.026682149792104988
7,Aggregated,LAYING,-0.004533565823888404,0.02266782911944202,-0.004533565823888404,-0.004533565823888404,-0.004533565823888404,-0.004533565823888404
7,Aggregated,SITTING,0.0835942539963287,-0.48872668739193453,0.13512871754740627,0.12756643179715643,0.11777542459794867,0.11861140716120805
7,Aggregated,STANDING,0.05916244503968452,-0.18722454949809345,-0.010840518725863972,0.05342068741084464,0.05492067052604151,0.05182229654748471
7,Aggregated,WALKING,0.012974438081739767,-0.039196839905769935,0.029254257942188052,0.038145105595601345,0.03646601326321941,0.012125048025023675
7,Aggregated,WALKING_DOWNSTAIRS,-0.004015361451299913,-0.01941343702826691,0.0098656059356315,0.011200611859992217,0.02165982807715293,-0.005964831187563672
7,Aggregated,WALKING_UPSTAIRS,0.01885951067724478,-0.009477437042254747,0.03326757717731864,0.03580842130659148,0.0355897117196699,0.027727652770068327
7,Centralized,LAYING,-0.004533565823888404,0.02266782911944202,-0.004533565823888404,-0.004533565823888404,-0.004533565823888404,-0.004533565823888404
7,Centralized,SITTING,0.0835942539963287,-0.48872668739193453,0.13512871754740627,0.12756643179715643,0.11777542459794867,0.11861140716120805
7,Centralized,STANDING,0.05916244503968452,-0.18722454949809345,-0.010840518725863972,0.05342068741084464,0.05492067052604151,0.05182229654748471
7,Centralized,WALKING,0.012974438081739767,-0.039196839905769935,0.029254257942188052,0.038145105595601345,0.03646601326321941,0.012125048025023675
7,Centralized,WALKING_DOWNSTAIRS,-0.004015361451299913,-0.01941343702826691,0.0098656059356315,0.011200611859992217,0.02165982807715293,-0.005964831187563672
7,Centralized,WALKING_UPSTAIRS,0.01885951067724478,-0.009477437042254747,0.03326757717731864,0.03580842130659148,0.0355897117196699,0.027727652770068327
8,0,LAYING,-0.017218543046357615,0.08609271523178808,-0.017218543046357615,-0.017218543046357615,-0.017218543046357615,-0.017218543046357615
8,0,SITTING,0.08186079085836569,-0.3472378366560187,0.08978713484134151,0.025481420032504656,0.06778502782213303,0.08989205345172123
8,0,STANDING,0.04892205554760281,-0.22523361166350345,0.04835152868708578,0.04590458710891207,0.046909372958399066,0.044610968353657764
8,0,WALKING,0.014473406171419876,0.004069420167129883,0.0030552663366267083,0.002528527917420914,-9.843383167024711e-05,0.006694704805337935
8,0,WALKING_DOWNSTAIRS,0.011539283328443724,0.016600836239423197,0.005457729918544321,-0.000725087293103208,0.0037284231118154343,0.006394653807220412
8,0,WALKING_UPSTAIRS,0.0068584087203686864,-0.001327477387601684,-0.004536027243830885,0.00337302949344217,-0.00120764108376983,0.005530253596517739
8,1,LAYING,0.0,0.0,0.0,0.0,0.0,0.0
8,1,SITTING,0.12073368710100786,-0.5459449126542786,0.12383138078860034,0.06563922527573074,0.11227604412466216,0.12346457536427735
8,1,STANDING,0.04272555142784681,-0.21729795986243777,0.04149070005274086,0.04424923648876259,0.05264051570165017,0.03619195619143722
8,1,WALKING,0.019561526248237246,0.007462653212106733,0.005492551318192919,0.004990794014458501,-0.006826214381907715,0.009248122108759407
8,1,WALKING_DOWNSTAIRS,0.011163939684088945,0.028352501754953123,0.010717614813509526,-0.002712403586917733,0.005795483646264136,-0.003261518959283865
8,1,WALKING_UPSTAIRS,0.006282069162369607,0.005102222132420663,0.0034131701392141832,0.0035595863289223737,-0.00045398757292082915,0.0036868149030538947
8,2,LAYING,0.0,0.0,0.0,0.0,0.0,0.0
8,2,SITTING,0.12988503977357696,-0.5504350316764182,0.12963828937777222,0.06982485868703904,0.1211869141082262,0.1379706518541783
8,2,STANDING,0.055418078425881215,-0.23346541541149562,0.05251108634538305,0.04371248428811162,0.056672310409400725,0.049311662661064785
8,2,WALKING,0.009955649705601172,0.003254503034298771,0.0029163894270777505,0.0053142922741604625,0.0008461725992693417,0.0073426225892222014
8,2,WALKING_DOWNSTAIRS,0.006090995861963296,0.010707244213195221,0.0033053514640654907,0.0029877027631395547,0.004289319085211744,0.005457893135141728
8,2,WALKING_UPSTAIRS,0.0069756878490133435,-0.0019938935005129935,-0.005766247235938741,0.0037196709811171476,-0.003135949226534972,0.005758001895437366
8,3,LAYING,0.0,0.0,0.0,0.0,0.0,0.0
8,3,SITTING,0.11992804539646494,-0.5324475687812635,0.12370386427937022,0.04220690858206871,0.11089045427206125,0.14745232493447863
8,3,STANDING,0.049604847590677924,-0.2245347177695332,0.04933863144977672,0.032047788593880945,0.04741742064546387,0.05525844958105811
8,3,WALKING,0.01698837101937291,0.007370068696778797,0.0046636659182121105,0.00943147741958298,-0.010060114127088767,0.012301320155027749
8,3,WALKING_DOWNSTAIRS,0.009032661816697476,0.017280106910721762,0.0076131032229266584,-0.0020930908095399903,0.004930688424722931,0.007074115774032818
8,3,WALKING_UPSTAIRS,-0.0034638542349350954,0.012561655048483816,0.0022289138195979337,0.008707430232792978,-0.0064537200427585905,0.014444182148794348
8,4,LAYING,0.0,0.0,0.0,0.0,0.0,0.0
8,4,SITTING,0.11099965322793078,-0.5110288116077044,0.11354987119395,0.06423800268880778,0.1068808423787046,0.120285836874215
8,4,STANDING,0.04034250233399494,-0.20647470052260275,0.03834119920237439,0.04406357034101321,0.05026425446307137,0.039067159238189264
8,4,WALKING,0.013211175618612226,-0.009336745331427084,0.0036088524411275326,0.005396505451567327,-0.0017987848418338833,0.00819610509568877
8,4,WALKING_DOWNSTAIRS,0.011749075390870738,0.0204566997439474,0.009539553869738952,-0.0024486622885604176,0.0020275518074593366,0.0008043845807568207
8,4,WALKING_UPSTAIRS,-0.00019418071025572765,-0.004396984003235101,0.006509983224938446,0.0007015619813103853,0.004689992039493619,0.004959566118055093
8,5,LAYING,0.0,0.0,0.0,0.0,0.0,0.0
8,5,SITTING,0.10322775034557738,-0.46558187455279715,0.09491562886040976,0.05387563197636914,0.10058847673087436,0.11297438663956712
8,5,STANDING,0.029883039066832214,-0.16350136931476889,0.02224783316226023,0.045600291521358596,0.04264129412177385,0.023128911442543965
8,5,WALKING,0.01714760949529712,0.00881479397458505,0.007329226877924386,0.006761291237479779,0.00034260677946776986,0.010002598098946191
8,5,WALKING_DOWNSTAIRS,0.01738975282457402,0.01707773202470442,0.010526786411751416,0.0033406667008052393,0.0038608953090419804,0.0027492216741777744
8,5,WALKING_UPSTAIRS,0.011556949312711593,0.0009893816805899716,0.007455547572414442,0.00874177311125488,0.0020844748959704756,0.012489483489951719
8,Aggregated,LAYING,-0.0045654082528533806,0.022827041264266903,-0.0045654082528533806,-0.0045654082528533806,-0.0045654082528533806,-0.0045654082528533806
8,Aggregated,SITTING,0.10977357613365755,-0.4857350786603674,0.11137483189907438,0.05193042853646919,0.10167883226169393,0.12030268589242454
8,Aggregated,STANDING,0.044925548102342915,-0.21365270065879352,0.04254381877415246,0.04262693453687982,0.04971519788697574,0.04202824124194726
8,Aggregated,WALKING,0.015259953939194135,0.003700074022582841,0.004498076048149529,0.00583417621276175,-0.0029716380939641945,0.00905394820934937
8,Aggregated,WALKING_DOWNSTAIRS,0.011292809286621842,0.018714367780578323,0.008096316179242918,-0.00036419383359668876,0.004048996013378881,0.0029780008543204358
8,Aggregated,WALKING_UPSTAIRS,0.004605750259617647,0.0017364679229660298,0.0017103450480739735,0.004765265660913038,-0.0006554884415203343,0.00774656414890431
8,Centralized,LAYING,-0.0045654082528533806,0.022827041264266903,-0.0045654082528533806,-0.0045654082528533806,-0.0045654082528533806,-0.0045654082528533806
8,Centralized,SITTING,0.10977357613365755,-0.4857350786603674,0.11137483189907438,0.05193042853646919,0.10167883226169393,0.12030268589242454
8,Centralized,STANDING,0.044925548102342915,-0.21365270065879352,0.04254381877415246,0.04262693453687982,0.04971519788697574,0.04202824124194726
8,Centralized,WALKING,0.015259953939194135,0.003700074022582841,0.004498076048149529,0.00583417621276175,-0.0029716380939641945,0.00905394820934937
8,Centralized,WALKING_DOWNSTAIRS,0.011292809286621842,0.018714367780578323,0.008096316179242918,-0.00036419383359668876,0.004048996013378881,0.0029780008543204358
8,Centralized,WALKING_UPSTAIRS,0.004605750259617647,0.0017364679229660298,0.0017103450480739735,0.004765265660913038,-0.0006554884415203343,0.00774656414890431
9,0,LAYING,-0.01999081214198339,0.10245288865178287,-0.018787108438279687,-0.02122498935717327,-0.021224989357173266,-0.02122498935717327
9,0,SITTING,0.07088913776546242,-0.2735975987657861,0.0668561360087835,0.048024821746694625,0.06063907591288806,0.10291992475020195
9,0,STANDING,0.0275255700103755,-0.11772381614901006,0.041823959689476525,0.03550430041793705,0.035069194736886015,0.0184171625422191
9,0,WALKING,0.020804646944687224,-0.041362958067332194,-0.00121200549018519,0.01145665272877813,0.002422570761559936,0.009742944974343894
9,0,WALKING_DOWNSTAIRS,0.0041062787129320455,-0.006795791722991729,0.0013899116356283566,-0.0005155029573933268,0.0005223801570174827,0.008717053129690018
9,0,WALKING_UPSTAIRS,0.014808984788136994,-0.031855331917474174,-0.0063835053105945234,0.006178967352814982,0.001149429726788124,0.007410909265202411
9,1,LAYING,0.0,0.0,0.0,0.0,0.0,0.0
9,1,SITTING,0.0959974750929451,-0.4202969446286373,0.10321371091927552,0.08115157924652888,0.095355816932971,0.14674463878351984
9,1,STANDING,0.013550205311544668,-0.08891403353360337,0.028732974933176343,0.023825771210273707,0.025896588783965058,0.019990749320090945
9,1,WALKING,0.020043060255597094,-0.05043469413384464,0.0012762731128325062,0.009528429166167808,0.0006140418462036964,0.01232937472964033
9,1,WALKING_DOWNSTAIRS,0.0015228767320269346,0.0036682501435495946,0.0048796308184455885,-0.006327529336180566,-0.0040045894697976715,0.009401146058192696
9,1,WALKING_UPSTAIRS,0.0028890080244148865,-0.03097626296698365,0.002079829450545971,0.008229669676526217,0.0002155963898457088,0.00895929731960398
9,2,LAYING,0.0,0.0,0.0,0.0,0.0,0.0
9,2,SITTING,0.09295599780572997,-0.4024249009684106,0.09824769026164591,0.06770019905781989,0.0911832287396818,0.1405341134108956
9,2,STANDING,0.02101220013771716,-0.09689604704010439,0.031400905620305654,0.02168133464068325,0.031319361192786103,0.020878146203736205
9,2,WALKING,0.01890278812857456,-0.033959138377241835,0.004806119558845991,0.010173159507261395,-9.872606282885222e-05,0.008190369194386845
9,2,WALKING_DOWNSTAIRS,0.00762662210960483,-0.030640592032623686,0.0023861864546302976,0.00512831053121751,-0.0029592062317880994,0.007701237377034671
9,2,WALKING_UPSTAIRS,0.016453588247814017,-0.026349265790019574,0.002323425368733898,0.010956496038193863,0.0007138431648714989,0.006440907249237907
9,3,LAYING,0.0,0.0,0.0,0.0,0.0,0.0
9,3,SITTING,0.09817501379904757,-0.42808544484574984,0.0930976417885945,0.06550051649216558,0.0901535977613666,0.13696686020507165
9,3,STANDING,0.020587742577722057,-0.09816768879234992,0.02895084388645754,0.019892044698927344,0.02751364633775358,0.02000034979701608
9,3,WALKING,0.02795490052805297,-0.058275018559957065,-0.0010682789592791194,0.01293113186702855,0.00014421586214515835,0.013597966748065453
9,3,WALKING_DOWNSTAIRS,0.007231898575479415,-0.03162326998192075,0.0021925755543698838,-0.0019679329480714928,0.005680803868082425,0.01848592493206049
9,3,WALKING_UPSTAIRS,0.0168006476085033,-0.02432443561318668,-0.0012966116431003742,0.0075262474582545695,0.0014262630678099852,0.0055550124559013885
9,4,LAYING,0.0,0.0,0.0,0.0,0.0,0.0
9,4,SITTING,0.087170725055846,-0.36030930904908903,0.08026248923101828,0.06447327879287643,0.08064681207241918,0.12784974528099277
9,4,STANDING,0.014816547092865461,-0.06619207530451404,0.022809242033712266,0.018849569693698942,0.02196921700443616,0.018758544509537723
9,4,WALKING,0.017449078865141868,-0.04122103349492333,0.0019573658409035594,0.010438226995928623,0.00594889576678373,0.01173175294126783
9,4,WALKING_DOWNSTAIRS,0.005922975648576878,0.001508409130329023,0.005958001901146837,-0.007165298359276003,-0.004704181220380547,0.006529335323846194
9,4,WALKING_UPSTAIRS,0.002859050159056769,-0.030318495750507102,0.007150846213731027,0.004052936127981115,0.006183067068252446,0.014367074709093104
9,5,LAYING,0.0,0.0,0.0,0.0,0.0,0.0
9,5,SITTING,0.08089652912976529,-0.3539638019005064,0.06894073084701148,0.0573508500245793,0.07046861742572506,0.12002292146796148
9,5,STANDING,0.006028307811156036,-0.05376238746155147,0.01803130932168985,0.025505382974277055,0.016853470493445665,0.002193672276775963
9,5,WALKING,0.01506173491081801,-0.04059262147314985,-0.0025826344979951884,0.006977949382059608,-0.003301964123848793,0.004261957190783407
9,5,WALKING_DOWNSTAIRS,0.003614006752407297,-0.019838373283036344,0.0007950519930094768,-0.000659487478308515,-0.003953511754685712,0.0013531176620628922
9,5,WALKING_UPSTAIRS,0.01051943454981288,-0.04067167812319834,-0.0008590044589453227,0.008467801341220218,0.0015730951151297673,0.00735019374238704
9,Aggregated,LAYING,-0.0066341880565009975,0.0356697682243709,-0.005430484352797295,-0.007868365271690872,-0.007868365271690872,-0.007868365271690872
9,Aggregated,SITTING,0.08676723244299246,-0.36802714093318606,0.08389281818304173,0.06261431318815629,0.08045400171627813,0.1276125583939189
9,Aggregated,STANDING,0.01757258434363622,-0.08794533272169078,0.028651903578490817,0.02420068277751995,0.026483965639068775,0.01752212734265402
9,Aggregated,WALKING,0.02011290660655242,-0.044582782338343,0.0005229992766444628,0.010250284188167558,0.0009089096971914568,0.010005548382836325
9,Aggregated,WALKING_DOWNSTAIRS,0.005007498502428964,-0.013906193131824248,0.0030552915937215102,-0.002053059697230735,-0.0016583678852900112,0.008749466190791087
9,Aggregated,WALKING_UPSTAIRS,0.01051045203103428,-0.030652712746126562,0.0007640220037303617,0.00757626376463051,0.001911999616117594,0.008393589244181024
9,Centralized,LAYING,-0.0066341880565009975,0.0356697682243709,-0.005430484352797295,-0.007868365271690872,-0.007868365271690872,-0.007868365271690872
9,Centralized,SITTING,0.08676723244299246,-0.36802714093318606,0.08389281818304173,0.06261431318815629,0.08045400171627813,0.1276125583939189
9,Centralized,STANDING,0.01757258434363622,-0.08794533272169078,0.028651903578490817,0.02420068277751995,0.026483965639068775,0.01752212734265402
9,Centralized,WALKING,0.02011290660655242,-0.044582782338343,0.0005229992766444628,0.010250284188167558,0.0009089096971914568,0.010005548382836325
9,Centralized,WALKING_DOWNSTAIRS,0.005007498502428964,-0.013906193131824248,0.0030552915937215102,-0.002053059697230735,-0.0016583678852900112,0.008749466190791087
9,Centralized,WALKING_UPSTAIRS,0.01051045203103428,-0.030652712746126562,0.0007640220037303617,0.00757626376463051,0.001911999616117594,0.008393589244181024
10,0,LAYING,-0.04113217624430832,0.20281655813761695,-0.03885230777518155,-0.03997275595445325,-0.04113217624430832,-0.04172714191936554
10,0,SITTING,0.03081521288347296,-0.19201328281572216,0.0447622730904264,0.05239888746822616,0.04752156415269394,0.04813314590340162
10,0,STANDING,0.02655157318075138,-0.10898019323826175,0.028003635388982304,0.013990978570166502,0.02467082919162533,0.03166794345793877
10,0,WALKING,0.0025701112354436684,-0.0023646073862859315,0.009890458136661846,0.014297029625818365,-0.00125892241361037,1.407895012055053e-05
10,0,WALKING_DOWNSTAIRS,0.000643000044414235,0.005033199829669753,0.011840713465538897,0.004668884744205206,0.0011857012086131584,-0.0037636561551862894
10,0,WALKING_UPSTAIRS,-0.0024822799581757046,0.000265192133217379,0.008546941006371796,0.011444197379977762,-0.0024993816216698534,0.0019747483096957804
10,1,LAYING,0.0,0.0,0.0,0.0,0.0,0.0
10,1,SITTING,0.04701216652601451,-0.2946323251498057,0.077277679985537,0.08088790395977188,0.07358125860402716,0.07888561115642283
10,1,STANDING,0.022449873622620138,-0.0903737443078996,0.025119714910855906,0.014256390386541355,0.02509374512254529,0.02625525205601962
10,1,WALKING,0.003854481866177522,0.0036776335402956685,0.008517597497978726,0.011887117322479554,0.002305034881562725,0.0026205427539135917
10,1,WALKING_DOWNSTAIRS,-0.003680939915669368,-0.0006960700368277453,0.013652947304019763,-0.00420753987740454,0.004185996843318443,-0.008587727650769879
10,1,WALKING_UPSTAIRS,-0.0012892949194664104,0.009807597472724059,0.004918097153784964,0.0006245033862279148,0.004238513087554731,-0.002682122082518415
10,2,LAYING,0.0,0.0,0.0,0.0,0.0,0.0
10,2,SITTING,0.036206007506239514,-0.27154076731738375,0.05487092528886126,0.06150255208520985,0.06302759526441866,0.05840337733879688
10,2,STANDING,0.01563312698529371,-0.08932275959629613,0.016487137376404545,0.008952686772118827,0.024312559267606712,0.014856439650361881
10,2,WALKING,0.00398017722981568,0.0025055187509464803,0.005132119378830858,0.0064094235249681315,-0.0017219906463350734,-0.0035957253058259415
10,2,WALKING_DOWNSTAIRS,0.00392857522756872,0.004749274121242729,0.013594149485697225,0.003976918097225112,0.0017428761026273326,-0.01075041372401632
10,2,WALKING_UPSTAIRS,0.001894669464136037,-0.003567660290659158,0.006812016405768646,0.008230398599387782,-0.0008287116084949827,-0.002486746428347751
10,3,LAYING,0.0,0.0,0.0,0.0,0.0,0.0
10,3,SITTING,0.04831925611395725,-0.334502635554083,0.06320531909428997,0.06736820301127679,0.07519286296472719,0.06949016510153923
10,3,STANDING,0.017003885831196996,-0.09961397353213895,0.018674729964882734,0.009504864072430137,0.023757737502182665,0.019563604336371578
10,3,WALKING,0.007070603361132788,0.007855519479093803,0.014082873322405473,0.01613011917999618,0.0031544031761452413,0.006519315705825465
10,3,WALKING_DOWNSTAIRS,-0.0047982115954462445,0.02175474415451786,0.018523332264497285,-0.009278644181198802,0.011829729695959428,-0.012018214936622472
10,3,WALKING_UPSTAIRS,-0.0033241871915623863,0.01133585338322251,0.013897471302046238,-0.0001731069354611703,0.0016096768359047146,-0.00345717938580949
10,4,LAYING,0.0,0.0,0.0,0.0,0.0,0.0
10,4,SITTING,0.03975021083367812,-0.23829507529829558,0.057463983417057364,0.0714407193513547,0.060632378159959324,0.06089575552924522
10,4,STANDING,0.021146839427527795,-0.08351290486799962,0.01813797139960577,0.014619666467360008,0.021252523822237888,0.02192527830195093
10,4,WALKING,0.007334567577579594,0.0018891019294037979,0.010897848810069489,0.011617843942651796,0.00764548086258914,0.009285258534857073
10,4,WALKING_DOWNSTAIRS,0.0032886826478655817,0.020044309839386317,0.01664474253031763,0.0018004587048747057,0.010809377701675196,-0.0057125714241194605
10,4,WALKING_UPSTAIRS,0.004420228379548405,-0.007125000328291789,0.01166688408543488,-0.0016248374460792303,0.010502439877110156,-0.002177063965312866
10,5,LAYING,0.0,0.0,0.0,0.0,0.0,0.0
10,5,SITTING,0.04649185037025819,-0.25918253289973986,0.05288047824574838,0.05957710317491449,0.057146757857112616,0.058590219220698014
10,5,STANDING,0.02698575777251357,-0.0703897307187381,0.011993010537480989,0.00061742143905496,0.013684335537771042,0.019050164175259673
10,5,WALKING,0.007427112772689224,-0.005045904412536654,0.01005016349643957,0.010937008666887616,0.0028124108902829975,0.005423358626141528
10,5,WALKING_DOWNSTAIRS,0.005029547164093349,-0.0008782611411558992,0.0157418998142788,0.003842164470321173,0.005083839654102477,-0.003399835122930339
10,5,WALKING_UPSTAIRS,0.0026002209092041207,-0.013897156056082185,0.00656711149648301,0.0028875665761420592,0.007106161474772333,0.002538643370181342
10,Aggregated,LAYING,-0.02791116751811327,0.1367115145066417,-0.02563129904898649,-0.0267517472282582,-0.02791116751811327,-0.028506133193170476
10,Aggregated,SITTING,0.040744869532202584,-0.2610262412745871,0.05741274929920259,0.06480821877010044,0.0617797645174652,0.061668665763155724
10,Aggregated,STANDING,0.02131777319228306,-0.08988940255118129,0.0197334422666297,0.010506246663193913,0.022131713841199382,0.02202142183940685
10,Aggregated,WALKING,0.005387868711450948,0.0013840891444297256,0.009736226314355553,0.01191228032826006,0.0021191383039965636,0.0033206881129327665
10,Aggregated,WALKING_DOWNSTAIRS,0.0006856722298045838,0.00863361257358895,0.015153528929115397,-0.0001390467034623551,0.006096483498924942,-0.007440934213314017
10,Aggregated,WALKING_UPSTAIRS,0.0004242365602117189,-0.0006243609014616797,0.008706102222289304,0.003277005796471831,0.0035815489927709296,-0.0011239240862187052
10,Centralized,LAYING,-0.02791116751811327,0.1367115145066417,-0.02563129904898649,-0.0267517472282582,-0.02791116751811327,-0.028506133193170476
10,Centralized,SITTING,0.040744869532202584,-0.2610262412745871,0.05741274929920259,0.06480821877010044,0.0617797645174652,0.061668665763155724
10,Centralized,STANDING,0.02131777319228306,-0.08988940255118129,0.0197334422666297,0.010506246663193913,0.022131713841199382,0.02202142183940685
10,Centralized,WALKING,0.005387868711450948,0.0013840891444297256,0.009736226314355553,0.01191228032826006,0.0021191383039965636,0.0033206881129327665
10,Centralized,WALKING_DOWNSTAIRS,0.0006856722298045838,0.00863361257358895,0.015153528929115397,-0.0001390467034623551,0.006096483498924942,-0.007440934213314017
10,Centralized,WALKING_UPSTAIRS,0.0004242365602117189,-0.0006243609014616797,0.008706102222289304,0.003277005796471831,0.0035815489927709296,-0.0011239240862187052
11,0,LAYING,-0.04826013396919577,0.24751423997891991,-0.05055574189042599,-0.051013757157601564,-0.05055574189042599,-0.047128865071270634
11,0,SITTING,0.0669204019968021,-0.22216767595499762,0.0320809173717025,-0.009702344831876049,0.0335922514811055,0.08048187197018762
11,0,STANDING,0.005777710186407444,-0.07264591546781352,0.022785603353117558,0.00707727883827133,0.01989876827042505,0.019556616071123335
11,0,WALKING,0.01552117283063623,-0.01536466532809067,-0.002229859469840075,-0.010867656141215836,0.00038032252984174415,0.00872632975044771
11,0,WALKING_DOWNSTAIRS,0.017002036024610756,0.00042446283745892395,0.003922561106618301,-0.014648599197910341,0.005103445783138703,0.019416348538411947
11,0,WALKING_UPSTAIRS,0.007793032245717383,-0.022097205938509796,-0.00023935084505216457,-0.0106075916170949,-0.0005774030647984855,0.006315640431859052
11,1,LAYING,0.0,0.0,0.0,0.0,0.0,0.0
11,1,SITTING,0.10165226145047261,-0.3608578660193523,0.06108929562637465,0.017021590324123346,0.05424638663695056,0.12238404626714598
11,1,STANDING,0.011228525519256552,-0.06373119600576779,0.01486844391574426,0.004332482136204227,0.014929600029862117,0.02001867445387428
11,1,WALKING,0.009844576931478253,-0.020909907367592996,0.002684081113905277,-0.00839886603218115,0.0009354582254696819,0.007006273290537046
11,1,WALKING_DOWNSTAIRS,0.01909198970295919,0.004157843773472369,0.007907247920595694,-0.01316366450033391,0.008497687062611317,0.017633896040695363
11,1,WALKING_UPSTAIRS,0.009947855648449631,-0.024098169887012633,0.0033621850174312493,-0.003505115662618734,0.006645982043346307,0.009575337280843432
11,2,LAYING,0.0,0.0,0.0,0.0,0.0,0.0
11,2,SITTING,0.08942171433584534,-0.33473196673104316,0.05036184129756016,0.015741460555673145,0.05469757898212381,0.10677250582118052
11,2,STANDING,0.009233095668860028,-0.06362565323593566,0.013158974947282834,0.0011952821040299858,0.017916968260993597,0.02149340393520182
11,2,WALKING,0.009692812809131772,-0.004361710870343155,0.003481319865537155,-0.005507357861409696,-0.0017466177362877799,0.006201191263109156
11,2,WALKING_DOWNSTAIRS,0.018999476908435193,0.019038002516021377,0.011627038828484919,-0.02349712014229754,0.005056427015232079,0.02007284059085219
11,2,WALKING_UPSTAIRS,0.010637630092853227,-0.0013339634743377948,0.007408989785385002,-0.008854808064370369,-0.0010166879986065966,0.011989103659377798
11,3,LAYING,0.0,0.0,0.0,0.0,0.0,0.0
11,3,SITTING,0.11478791553191725,-0.3540445184617415,0.053455434580827584,0.0044837838851811895,0.059451592030176366,0.11102281722702874
11,3,STANDING,0.01660905604703113,-0.06379970391660914,0.016525830525396377,7.218029039659574e-05,0.017060958467039592,0.017025738684579073
11,3,WALKING,0.014138373299269038,-0.025882293672477116,0.0010022648825773694,-0.01326543025641455,-0.0019665523783422086,0.010356573625641477
11,3,WALKING_DOWNSTAIRS,0.021944972823082887,-0.013020770351223258,0.005460705002947288,-0.017456356542348297,0.011950371295339041,0.02055182515828726
11,3,WALKING_UPSTAIRS,0.010203913034043884,-0.027787091207408788,0.005629474210621581,-0.0023405782873591146,-0.0009090526675124759,0.009820394090383485
11,4,LAYING,0.0,0.0,0.0,0.0,0.0,0.0
11,4,SITTING,0.08281147586382095,-0.30152992815739804,0.038916257163078984,0.009387641120321408,0.03801759175943142,0.10175835021678328
11,4,STANDING,0.0003558132168925419,-0.03596247691258054,0.007081586164749626,0.004308925781935471,0.00485341655378252,0.01337579760450919
11,4,WALKING,0.010149984714095665,-0.02378026752916852,0.003556043241544962,-0.005716293128244184,0.003476153018720483,0.010155905932877494
11,4,WALKING_DOWNSTAIRS,0.008938954951230038,0.005881891838389609,0.01035573027621124,-0.012721996307109166,0.007033626265889318,0.0077064494639385635
11,4,WALKING_UPSTAIRS,-0.0001214544139633511,-0.014538129237535106,0.0011287478277667887,-0.005215435779772033,0.004003464626369395,0.0035387551008394403
11,5,LAYING,0.0,0.0,0.0,0.0,0.0,0.0
11,5,SITTING,0.08505669515122898,-0.31135943950211525,0.04869966501971253,0.018282711757139705,0.051962878588006405,0.09706194635037002
11,5,STANDING,-0.010125123200938623,-0.03391265141369428,0.014097297308877649,0.012149661499730801,0.012930797913698378,0.001032266696154038
11,5,WALKING,0.013591737108583723,-0.015067046312205488,0.0031949799198655172,-0.00637176947335882,0.003954281713221267,0.006866648212724938
11,5,WALKING_DOWNSTAIRS,0.014845900956143056,-0.011207863222323044,0.004392070462666998,-0.011114796716728303,0.00797002321857251,0.011114665301668884
11,5,WALKING_UPSTAIRS,0.0035910308491727662,-0.009790912803090985,0.0002042574750810026,-0.004157141065645366,0.0024055176555817367,0.000986241599592717
11,Aggregated,LAYING,-0.03465483688556141,0.17463490283762015,-0.03609520755437688,-0.03567185639573161,-0.03521617172952063,-0.03299683027242962
11,Aggregated,SITTING,0.08903655045276451,-0.30900052871641714,0.04597526627227937,0.007905389124331742,0.04784758973019046,0.10187634911959925
11,Aggregated,STANDING,0.005971916711073216,-0.05575199008660225,0.014638676507983598,0.004576901720191727,0.01440371058177273,0.01575050711545552
11,Aggregated,WALKING,0.012162791194026227,-0.017566908472616972,0.001953601765183301,-0.008369745714321523,0.000795143247002154,0.008194664886958561
11,Aggregated,WALKING_DOWNSTAIRS,0.016748359885205736,0.0006587831614211676,0.007345341087803445,-0.015367927466818592,0.007747073231242249,0.01588525373482223
11,Aggregated,WALKING_UPSTAIRS,0.00694815330787687,-0.01628462593613052,0.00302381305792317,-0.005634915068314382,0.001854899774794164,0.007062139252150057
11,Centralized,LAYING,-0.03465483688556141,0.17463490283762015,-0.03609520755437688,-0.03567185639573161,-0.03521617172952063,-0.03299683027242962
11,Centralized,SITTING,0.08903655045276451,-0.30900052871641714,0.04597526627227937,0.007905389124331742,0.04784758973019046,0.10187634911959925
11,Centralized,STANDING,0.005971916711073216,-0.05575199008660225,0.014638676507983598,0.004576901720191727,0.01440371058177273,0.01575050711545552
11,Centralized,WALKING,0.012162791194026227,-0.017566908472616972,0.001953601765183301,-0.008369745714321523,0.000795143247002154,0.008194664886958561
11,Centralized,WALKING_DOWNSTAIRS,0.016748359885205736,0.0006587831614211676,0.007345341087803445,-0.015367927466818592,0.007747073231242249,0.01588525373482223
11,Centralized,WALKING_UPSTAIRS,0.00694815330787687,-0.01628462593613052,0.00302381305792317,-0.005634915068314382,0.001854899774794164,0.007062139252150057
12,0,LAYING,-0.05235314322183331,0.2540961415161303,-0.05070180794914415,-0.04967998078361936,-0.052287991718426526,-0.04907321784310708
12,0,SITTING,-0.007873359676636101,-0.18568681755672528,0.016333001246953357,0.06822052568358683,0.07525521800616836,0.05948242644870006
12,0,STANDING,0.006785117266554925,-0.07894933277850237,0.016816787445341853,0.022718251013193858,0.019292476590658896,0.028691399051029683
12,0,WALKING,-0.009439284496656831,0.005286658907736259,0.01765060241102827,0.02983725329022646,0.0058371922579084625,-0.004209034283957276
12,0,WALKING_DOWNSTAIRS,-0.020407016571172325,-0.0046421305816417196,0.01751354843509572,0.01764778173881788,0.012758373261518558,-0.0034530805544628024
12,0,WALKING_UPSTAIRS,0.0012411404997865305,4.069381334843087e-05,0.011406118720965506,0.017279810869304663,0.006735247036463308,0.0009808125895433167
12,1,LAYING,0.0,0.0,0.0,0.0,0.0,0.0
12,1,SITTING,0.0033843739381311613,-0.3217911187695815,0.03834746249706789,0.09600386695854148,0.09259949065286113,0.0811702104372656
12,1,STANDING,0.001460549783335438,-0.07209483688676932,0.00896600982558971,0.019806427462095842,0.01707583918219868,0.02092483736339916
12,1,WALKING,0.002034490175315407,0.009597220306317402,0.005443441500382969,0.009187002149564345,0.005055399055863965,0.004649049253146813
12,1,WALKING_DOWNSTAIRS,-0.014859028485250936,0.013172219613628687,-0.0008477764472782142,-0.0036140701688863607,-0.003428359724913547,-0.0025479847872996618
12,1,WALKING_UPSTAIRS,-0.0050695029562652545,0.00992512828323886,0.0018471811168227505,-0.0016655824630285143,-0.00048707620604204565,0.0016198987062910435
12,2,LAYING,0.0,0.0,0.0,0.0,0.0,0.0
12,2,SITTING,-0.0007630407079397772,-0.28957294822954416,0.032322632397704686,0.09152419143615993,0.09333241343698417,0.08287222703096583
12,2,STANDING,-0.006392895851515186,-0.06085490759738694,0.0037321182899626394,0.021627020311534417,0.026701157454516282,0.01921308162921356
12,2,WALKING,-0.0023684108832754524,0.009405180330628848,0.004620289876681602,0.006331094738095736,-0.0016694224885619431,0.002181663059422597
12,2,WALKING_DOWNSTAIRS,-0.030702110845013515,0.011881108757220628,0.010628329926265286,0.0008442337499946268,-0.0060115172900144,-0.01023261334556705
12,2,WALKING_UPSTAIRS,-0.007689589948778885,0.000955961048066794,-0.0030320955568254957,-0.0041382567632671325,-0.004838935293894374,0.0014008004788240028
12,3,LAYING,0.0,0.0,0.0,0.0,0.0,0.0
12,3,SITTING,0.0008688466079914026,-0.31461677389219594,0.029293593602764324,0.09597716831535116,0.10888278493104704,0.09056850318263761
12,3,STANDING,-0.0035336695785518108,-0.06222282936099856,0.005264844748005938,0.018701863488169983,0.023680291800264538,0.02189933525108607
12,3,WALKING,-0.0015881459441932145,0.00974922623142052,0.010411711761611485,0.012642255681756207,0.0057725543593241556,0.005391162248449756
12,3,WALKING_DOWNSTAIRS,-0.02166316238162956,0.015917672945710375,0.011499408366055959,-0.001424271509572321,0.00919246657521854,0.003812928426239874
12,3,WALKING_UPSTAIRS,-0.006792356407432112,0.013487840608038105,0.01020433403482657,0.004027725650127687,0.0046072748157424135,0.004387999426542199
12,4,LAYING,0.0,0.0,0.0,0.0,0.0,0.0
12,4,SITTING,0.0032610607337257105,-0.26556731306050235,0.038676245912411776,0.08353661689910993,0.08758299403342931,0.07309571294214333
12,4,STANDING,0.0007888903489805285,-0.04467083567322202,0.007611332596123652,0.011388981668067052,0.01287314129060802,0.014084864239064538
12,4,WALKING,0.004530011938301948,-0.0007783489427662653,0.008147655455107856,0.004136871619788067,0.005706783842694018,0.0043675956454316415
12,4,WALKING_DOWNSTAIRS,-0.00784904577245189,0.011326627864252672,0.008015218254542924,0.0024354682556710196,0.002642988350492066,0.003109086558943597
12,4,WALKING_UPSTAIRS,-0.002317418880419035,-0.008256790417424663,0.008326952128875624,0.0006133237948796351,0.0060618746371442316,0.006776110613239008
12,5,LAYING,0.0,0.0,0.0,0.0,0.0,0.0
12,5,SITTING,0.01042014996805119,-0.2788840096764798,0.043139774313068466,0.07710573083024579,0.08088380254316256,0.07262490635266002
12,5,STANDING,0.011654785155797483,-0.04775205381437338,0.020564425364295133,0.006421167987289469,-0.0005412444812026132,0.015340123579663205
12,5,WALKING,-0.004640561436222094,-0.0036423539355227574,0.007186158991114005,0.015548550710340253,0.0019081229746619021,-0.00039827778781844193
12,5,WALKING_DOWNSTAIRS,-0.008575449427200281,-0.002190322904332737,0.004619430599966176,0.012277449358964063,0.0015361385134439538,-0.0006995042053572913
12,5,WALKING_UPSTAIRS,-0.002876484262387295,-0.01308260145501229,0.00576234287648018,0.009633476069874036,0.00277865291688122,-0.0002089810835214978
12,Aggregated,LAYING,-0.035776400687292396,0.1763352645606624,-0.03470729360552709,-0.03595990518534191,-0.03708938157585036,-0.03280228350665071
12,Aggregated,SITTING,0.0007122026728695607,-0.2704396549514365,0.03215523012030773,0.08386648852996276,0.08849867779370763,0.07542214849545405
12,Aggregated,STANDING,0.001466846957089991,-0.06103618657488064,0.010197139504373212,0.017037851417509728,0.01691794376686054,0.019926628228944553
12,Aggregated,WALKING,-0.0018780149846794134,0.004907711491121344,0.008768641523311286,0.012819182804216735,0.0037167780793595636,0.0020339180680509577
12,Aggregated,WALKING_DOWNSTAIRS,-0.01688712704920852,0.00792381731433781,0.00827073310074597,0.004277620053536546,0.0026721610851922623,-0.0013435034870069918
12,Aggregated,WALKING_UPSTAIRS,-0.004103311299624985,0.00045428373156163694,0.0055341898891989715,0.003788636371419515,0.002325067149694723,0.0025658649523326734
12,Centralized,LAYING,-0.035776400687292396,0.1763352645606624,-0.03470729360552709,-0.03595990518534191,-0.03708938157585036,-0.03280228350665071
12,Centralized,SITTING,0.0007122026728695607,-0.2704396549514365,0.03215523012030773,0.08386648852996276,0.08849867779370763,0.07542214849545405
12,Centralized,STANDING,0.001466846957089991,-0.06103618657488064,0.010197139504373212,0.017037851417509728,0.01691794376686054,0.019926628228944553
12,Centralized,WALKING,-0.0018780149846794134,0.004907711491121344,0.008768641523311286,0.012819182804216735,0.0037167780793595636,0.0020339180680509577
12,Centralized,WALKING_DOWNSTAIRS,-0.01688712704920852,0.00792381731433781,0.00827073310074597,0.004277620053536546,0.0026721610851922623,-0.0013435034870069918
12,Centralized,WALKING_UPSTAIRS,-0.004103311299624985,0.00045428373156163694,0.0055341898891989715,0.003788636371419515,0.002325067149694723,0.0025658649523326734
13,0,LAYING,-0.056290394908847054,0.28301447688516085,-0.05546761009872047,-0.05625231834821745,-0.05871375862052891,-0.056290394908847054
13,0,SITTING,0.06496616793149504,-0.07739213710012541,0.04865346983096724,-0.005292505822480451,-0.057447089520234744,0.05745132119971512
13,0,STANDING,0.028465530228175332,-0.09182398880518028,0.028649459991773638,0.02058399771174285,0.004513882494974717,0.023377828453725682
13,0,WALKING,0.01983395341588713,-0.037150822475640985,0.008464198266305126,-0.0037682511293138684,-0.008062234105733573,0.0032883009856215627
13,0,WALKING_DOWNSTAIRS,0.023116085446072597,-0.010195039328795561,0.017796023131916975,0.003199123607446133,0.00862993169262693,0.003236364094181923
13,0,WALKING_UPSTAIRS,0.012373285436348651,-0.034019756101033305,0.007859874278377765,-0.003948672526302128,-0.0041088464375197125,0.006675055600244473
13,1,LAYING,0.0,0.0,0.0,0.0,0.0,0.0
13,1,SITTING,0.0955098289782184,-0.19059110283947708,0.0800674388398348,0.03834979509599995,-0.05415349265216023,0.08439329015334225
13,1,STANDING,0.030002399601045608,-0.09150052871225767,0.029177742010655445,0.02563490337407923,0.0012094041712810044,0.023625883158067948
13,1,WALKING,0.00956476828076992,-0.0389683575458229,0.005444632854381066,-0.010831464490457958,-0.012853412036206824,0.006766242160343006
13,1,WALKING_DOWNSTAIRS,0.012704962429110112,-0.005197236897258057,0.01486404750198981,-0.005106629037526606,0.004749898755939481,0.008138803401591465
13,1,WALKING_UPSTAIRS,0.020641587756569293,-0.053041182944619514,0.010843667833467026,-0.01018974870394635,-0.0069650242264009685,0.010256780526662793
13,2,LAYING,0.0,0.0,0.0,0.0,0.0,0.0
13,2,SITTING,0.08460364579124019,-0.17539388144081292,0.08176994757878231,0.03385236074909233,-0.03369156215454154,0.09009740050138444
13,2,STANDING,0.023256262482594315,-0.06558060587791485,0.032185758233675935,0.016126293389454656,-0.0034135503635656242,0.031101711889377028
13,2,WALKING,0.013998038628385294,-0.032309819008067266,0.016639497953572883,-0.0018991824160971282,-0.00623157848478829,0.013402096207815347
13,2,WALKING_DOWNSTAIRS,0.02484248956757084,-0.0009460392415674189,0.0316262383873176,0.004300894573635426,0.013488347484148415,0.020363282904108645
13,2,WALKING_UPSTAIRS,0.023031643193984704,-0.03273572746037997,0.021412942491746422,0.0029078105133281424,-0.0004237978759072788,0.019158393257722988
13,3,LAYING,0.0,0.0,0.0,0.0,0.0,0.0
13,3,SITTING,0.08725038728489327,-0.1969488933709707,0.08114584964837093,0.02424815575390409,-0.039504482580966054,0.09042783572378568
13,3,STANDING,0.021022372963722984,-0.08091921375408417,0.03104618248557697,0.017570816813655216,-0.0024476523242821617,0.027658727820084678
13,3,WALKING,0.017578087209584686,-0.040230199203314915,0.004216261187469811,-0.012227923494963776,-0.014324817341865779,0.001662947274420843
13,3,WALKING_DOWNSTAIRS,0.010575588785124893,-0.016120429680502597,0.007923769642849856,0.0007644108213638516,0.008441978096586675,0.006483109215733588
13,3,WALKING_UPSTAIRS,0.016762591513555778,-0.04751899344869989,0.002954126640713665,-0.008388906270596753,-0.012958247458396455,0.0030762156808810857
13,4,LAYING,0.0,0.0,0.0,0.0,0.0,0.0
13,4,SITTING,0.08979857486900475,-0.1891899463606925,0.06545521024284309,0.028097403172472512,-0.05272323811180103,0.08136292211409892
13,4,STANDING,0.025495597686359624,-0.09746649481097476,0.023742039360283608,0.02316638724303553,0.002809187117309133,0.026590144365167257
13,4,WALKING,0.015806573520427934,-0.03491368284998018,0.01734056874842281,-0.0036719429165380586,-0.010213883808265961,0.008877345920133726
13,4,WALKING_DOWNSTAIRS,0.009913769716253934,-0.010623014267479379,0.019285844541974226,0.003030748838325416,-1.4569408482219733e-05,0.006250265692189906
13,4,WALKING_UPSTAIRS,0.003381668042230484,-0.014544227252873314,0.007670106019857959,0.005024242841994458,-0.002441245611567783,0.006299436936895941
13,5,LAYING,0.0,0.0,0.0,0.0,0.0,0.0
13,5,SITTING,0.07323880608614088,-0.16183172407610652,0.060807768308527785,0.026961906579121946,-0.03910846192300909,0.07488756281582815
13,5,STANDING,0.008935080579828532,-0.06939228100038286,0.015886952860590192,0.029502323404103997,0.013203726733505396,0.011710974213409905
13,5,WALKING,0.01920750201078942,-0.03912808539418862,0.011908987311895195,-0.0020071986920974544,-0.004738140692798362,0.00405503619958726
13,5,WALKING_DOWNSTAIRS,0.01108324110629419,-0.022400518201564943,0.010698852660432601,0.0029958449106339503,0.006130471437547659,0.0024141299307001668
13,5,WALKING_UPSTAIRS,0.00924825620680962,-0.020584559404230596,0.0012369714065532408,0.0016781395971816179,-0.00095724180638407,0.0005254402903551743
13,Aggregated,LAYING,-0.04133147244967602,0.20821439242021336,-0.040819487950349724,-0.04129230118912041,-0.04343965838139137,-0.04133147244967602
13,Aggregated,SITTING,0.08172622986944206,-0.1591163517996628,0.0683438602320835,0.022972643338062274,-0.04711322057083418,0.07875196972537216
13,Aggregated,STANDING,0.023037337449133572,-0.08264933485581018,0.026921480786007073,0.02180307124557629,0.0021053210119693316,0.024281678553242515
13,Aggregated,WALKING,0.01606819322774484,-0.03724228867493078,0.010735494723946566,-0.005852096718075788,-0.00946328630794873,0.006429053872446761
13,Aggregated,WALKING_DOWNSTAIRS,0.014873661343533066,-0.010910647520393169,0.01673838581168622,0.0014665525417002121,0.006720066995267247,0.007812600571938904
13,Aggregated,WALKING_UPSTAIRS,0.014302913208901098,-0.0334714125919745,0.00869780178446769,-0.002016164217687455,-0.004580631895717468,0.007642427445678652
13,Centralized,LAYING,-0.04133147244967602,0.20821439242021336,-0.040819487950349724,-0.04129230118912041,-0.04343965838139137,-0.04133147244967602
13,Centralized,SITTING,0.08172622986944206,-0.1591163517996628,0.0683438602320835,0.022972643338062274,-0.04711322057083418,0.07875196972537216
13,Centralized,STANDING,0.023037337449133572,-0.08264933485581018,0.026921480786007073,0.02180307124557629,0.0021053210119693316,0.024281678553242515
13,Centralized,WALKING,0.01606819322774484,-0.03724228867493078,0.010735494723946566,-0.005852096718075788,-0.00946328630794873,0.006429053872446761
13,Centralized,WALKING_DOWNSTAIRS,0.014873661343533066,-0.010910647520393169,0.01673838581168622,0.0014665525417002121,0.006720066995267247,0.007812600571938904
13,Centralized,WALKING_UPSTAIRS,0.014302913208901098,-0.0334714125919745,0.00869780178446769,-0.002016164217687455,-0.004580631895717468,0.007642427445678652
14,0,LAYING,-0.06046218295536761,0.29796381300474534,-0.05966622397786876,-0.05927665250648728,-0.058892529587153075,-0.05966622397786876
14,0,SITTING,-0.018387257983219534,-0.013022644836821877,-0.01240734992132683,0.02841626180149537,0.0428786635982703,0.02074976748893219
14,0,STANDING,0.01597294157454451,-0.012974915091861047,0.01929620366520359,0.006904095193556527,-0.02264527862962228,0.019217750263164184
14,0,WALKING,-0.001096202778024271,0.01586396680281993,0.010621436361198342,0.00838572386469965,0.011714532261404665,-0.0038262827339106712
14,0,WALKING_DOWNSTAIRS,-0.015869402176932536,-0.0014953053720087107,-0.0032630277224725075,-0.014289427560044348,0.006178328890099315,-0.00584126485892357
14,0,WALKING_UPSTAIRS,-0.008284620296903411,0.006060799331238204,0.004709323631392241,0.0012909772698831126,0.011342731483293608,-0.0049226442631794785
14,1,LAYING,0.0,0.0,0.0,0.0,0.0,0.0
14,1,SITTING,0.012998716247147137,-0.10899186243431767,0.014929222968866684,0.040620538342680985,0.045337982782577765,0.034631093792649774
14,1,STANDING,0.015451720747378632,-0.014083579866635897,0.014676240361286903,0.007524672374611486,-0.021087864877756837,0.012660494151014032
14,1,WALKING,0.009411856127837554,0.0014242502495851591,0.009187317138147414,0.0077896774888771714,0.0018860024486071392,0.009399919071382512
14,1,WALKING_DOWNSTAIRS,-0.006781977082538514,-0.009111031551152848,-0.0011790652157251474,-0.0035451044415345024,0.0049163979296398,-0.002328065792534899
14,1,WALKING_UPSTAIRS,-0.0016622611425499176,-0.0002598751465652474,0.0064748848824856455,0.0033367722136605216,0.010003066713083757,0.004963602002741379
14,2,LAYING,0.0,0.0,0.0,0.0,0.0,0.0
14,2,SITTING,0.0028227937064474536,-0.11099315086246574,0.009931747823788124,0.03650370916724326,0.055231047434452216,0.03020797953333358
14,2,STANDING,0.006625412359082561,-0.034379721632944026,0.008666908593597545,0.012470706248319469,-0.0026026807859515855,0.014000080506215418
14,2,WALKING,-0.0010682200720896614,0.008415201541461647,0.004437912384391116,0.003191803520343938,0.0010234280416568625,0.006619309098373119
14,2,WALKING_DOWNSTAIRS,-0.026922404089779448,-0.005278265435404218,0.0019256697851331892,-0.009268310790190517,0.007745571375580809,-0.005227054233769404
14,2,WALKING_UPSTAIRS,-0.009724198758867531,-0.009450079199217684,0.0005438971465201744,-0.003737836203774103,-0.00018177406283809088,0.0010330464843096002
14,3,LAYING,0.0,0.0,0.0,0.0,0.0,0.0
14,3,SITTING,0.007930711792242869,-0.13998748237048156,0.014062458276205078,0.05546508670064612,0.06495447043110926,0.04574204840336123
14,3,STANDING,0.010386381343644531,-0.031678249667813026,0.01444825533129244,0.01564337375367809,-0.007248531236595341,0.01885406177891741
14,3,WALKING,2.1035872867925272e-05,0.012343991316680243,0.011346256936862182,0.007113837613332219,0.012070191484351506,0.0004303311445750456
14,3,WALKING_DOWNSTAIRS,-0.0134628604333176,-0.005782803542950319,0.0033320792220744456,-0.00756696979967229,0.007265046500891357,-0.0018529188281818827
14,3,WALKING_UPSTAIRS,-0.0009523134428831391,0.010242284624226687,0.0129426902566146,0.004100644544824465,0.01768247414930819,0.0020574332104517693
14,4,LAYING,0.0,0.0,0.0,0.0,0.0,0.0
14,4,SITTING,0.0044929952988804105,-0.09912483046539662,0.013000176084501073,0.04412798426366196,0.05362363210671692,0.04416101333743426
14,4,STANDING,0.008536715307474683,-0.015777067905482618,0.012273418768564312,0.00698122623205695,-0.01677908824609116,0.020364139029027922
14,4,WALKING,-0.00421597712609926,0.006198266756012507,0.013970191075125626,0.00668539357997567,0.008706749330632492,0.004056073248464487
14,4,WALKING_DOWNSTAIRS,-0.02504700602141183,0.0020053412324059,0.01045679079612865,0.00030904927813627523,0.012794617169355564,-0.004015907334838342
14,4,WALKING_UPSTAIRS,0.00017925704269267497,-0.010688848598741297,0.004346889775076907,0.0036885340281527274,0.0020539374902816716,0.007939027255018551
14,5,LAYING,0.0,0.0,0.0,0.0,0.0,0.0
14,5,SITTING,0.0045467178914453885,-0.07762012534447574,0.01666978551167029,0.05093954572142522,0.06293461164022604,0.035963808014052225
14,5,STANDING,0.015627425946959254,0.017854267271024273,0.020735166904983518,0.003867344042633453,-0.024653674613026977,0.006705592957685651
14,5,WALKING,0.0009627049557777379,0.0051088061079024106,0.013397699432123135,0.011469608344700186,0.012984456801320331,0.000422318883411397
14,5,WALKING_DOWNSTAIRS,-0.002935042110896189,-0.008931259835106701,0.010703805175944704,0.007805234281580717,0.019448749724594476,-0.0017312510156446248
14,5,WALKING_UPSTAIRS,0.002282306383701014,-0.008420939253391789,0.007616816411521886,0.007616816411521886,0.010983104742274137,0.0018628235744150934
14,Aggregated,LAYING,-0.047934887862171045,0.23595817188438556,-0.04713892888467219,-0.04706453519325723,-0.04668089105961308,-0.04713892888467219
14,Aggregated,SITTING,0.0010927337004724114,-0.08593401389866652,0.007732906735032639,0.041312142919784654,0.05407741308072084,0.03357325481730316
14,Aggregated,STANDING,0.011833115042942472,-0.015862188908103543,0.014845368031418272,0.009411459027911776,-0.015285419618612722,0.015558277619258416
14,Aggregated,WALKING,0.0006713387714220478,0.00815589376208045,0.010476420665812,0.0074450088265419385,0.008079517427561507,0.0029420732165481942
14,Aggregated,WALKING_DOWNSTAIRS,-0.014886190533244404,-0.004959613194719561,0.003927130884184794,-0.004058918031679424,0.009610649541259309,-0.0033221633325736123
14,Aggregated,WALKING_UPSTAIRS,-0.002931462304411159,-0.002406165456559724,0.006103588138956015,0.002692126983422843,0.008526971199472913,0.002358812842101406
14,Centralized,LAYING,-0.047934887862171045,0.23595817188438556,-0.04713892888467219,-0.04706453519325723,-0.04668089105961308,-0.04713892888467219
14,Centralized,SITTING,0.0010927337004724114,-0.08593401389866652,0.007732906735032639,0.041312142919784654,0.05407741308072084,0.03357325481730316
14,Centralized,STANDING,0.011833115042942472,-0.015862188908103543,0.014845368031418272,0.009411459027911776,-0.015285419618612722,0.015558277619258416
14,Centralized,WALKING,0.0006713387714220478,0.00815589376208045,0.010476420665812,0.0074450088265419385,0.008079517427561507,0.0029420732165481942
14,Centralized,WALKING_DOWNSTAIRS,-0.014886190533244404,-0.004959613194719561,0.003927130884184794,-0.004058918031679424,0.009610649541259309,-0.0033221633325736123
14,Centralized,WALKING_UPSTAIRS,-0.002931462304411159,-0.002406165456559724,0.006103588138956015,0.002692126983422843,0.008526971199472913,0.002358812842101406
15,0,LAYING,-0.06184324625511333,0.30005625613176895,-0.06038402821147478,-0.06151372873710861,-0.05283203541797077,-0.0634832175101013
15,0,SITTING,0.037061300427703704,-0.06337341547351084,0.04001807978710241,0.012428110397273855,-0.022869428971424483,0.03717653030344423
15,0,STANDING,-0.018871634943259132,0.020558124518137943,-0.008769425098826899,0.02415261449956142,0.015629886905754307,-0.022382105563907427
15,0,WALKING,-0.0077907351179671925,-0.034351968843973575,0.002484042681559841,-0.0016391072189297356,-0.015477549421641935,-0.0016344554326734623
15,0,WALKING_DOWNSTAIRS,0.011500842243848928,-0.0008999504639315094,0.011515515733098667,0.0018096921060076394,0.004996717431947978,0.005657281749310628
15,0,WALKING_UPSTAIRS,-0.0049238208308388515,-0.05422121405513058,0.00967919772232707,0.011719133918418657,-0.008611961477007999,0.009111043464399105
15,1,LAYING,0.0,0.0,0.0,0.0,0.0,0.0
15,1,SITTING,0.06291769785598131,-0.1479101845709575,0.0630685633178267,0.04017238829050977,-0.00346266070472216,0.06059596801251066
15,1,STANDING,-0.0018362900208563394,0.012383808388886135,0.007132761355389369,0.01865663561151765,0.005071312111427335,-0.002392778375926861
15,1,WALKING,-0.014214627782757857,-0.041797427022908416,0.002720470232659377,0.00330541926726527,-0.015200632422318153,0.006974739516001406
15,1,WALKING_DOWNSTAIRS,0.003674778443885645,0.004052152361429251,0.007717021000187533,-0.006905060838307232,0.0027163282958986654,0.006773626890752292
15,1,WALKING_UPSTAIRS,-0.008219736762118558,-0.058706909803893974,0.013341366977399615,0.008814963161816746,-0.01931007137791428,0.010068042125698066
15,2,LAYING,0.0,0.0,0.0,0.0,0.0,0.0
15,2,SITTING,0.03991647960152306,-0.15275390021040394,0.044864734026579624,0.03371080615415832,0.012781167009211532,0.044529106212996376
15,2,STANDING,-0.0036024629178201054,-0.016578155334739223,0.004712102371787127,0.015693380523273164,0.012519446318040287,0.0012512514221179965
15,2,WALKING,-0.0001873397776737747,-0.047543389497892864,0.01915172435210416,0.004666828111657314,-0.012758087176092756,0.009133095274258513
15,2,WALKING_DOWNSTAIRS,0.019070603610670138,-0.002660064597819006,0.029114391807546897,-0.002230932536102163,0.0036607371912012097,0.007707853188523058
15,2,WALKING_UPSTAIRS,0.00406372813664012,-0.0461579874365133,0.013844482564733402,0.007790177403554988,-0.005463086100695849,0.012520906365702893
15,3,LAYING,0.0,0.0,0.0,0.0,0.0,0.0
15,3,SITTING,0.058537594934941414,-0.19168139593615904,0.0546371074197587,0.04013937093736741,0.012889770697026605,0.05585755601127978
15,3,STANDING,-0.007822684577296977,-0.019911731214183256,-0.006380594237162196,0.018742621053256452,0.020293617096167012,-0.011301558030522772
15,3,WALKING,-0.004752359931321081,-0.03860054790465938,0.007716697882713842,0.003256653265249506,-0.02024708721138646,0.004159121793160466
15,3,WALKING_DOWNSTAIRS,0.008617420254465144,-0.005034576683251441,0.008631145870842427,-0.002036412169778601,-0.0020498194482120612,0.001738345065293179
15,3,WALKING_UPSTAIRS,-0.009188824590520386,-0.04856298485537661,0.005666441326494246,0.009432867183956131,-0.02246379041887436,0.005798044899195779
15,4,LAYING,0.0,0.0,0.0,0.0,0.0,0.0
15,4,SITTING,0.04460059472995824,-0.1464120704833036,0.046851069981619385,0.03629654851632116,0.007266729204940805,0.043372049680557044
15,4,STANDING,-0.00997998061698345,0.006345418375666796,-0.0030059257404336515,0.018023178294953254,0.013713712564720959,-0.010603649254735505
15,4,WALKING,-0.004048416816083194,-0.029493422499833798,0.016674997869598845,0.003125566633797825,-0.021020115157904008,0.0029597459871336966
15,4,WALKING_DOWNSTAIRS,0.009223984182209972,-0.009868250370680204,0.014559894080156852,0.0036894178574527997,0.0032302679226449975,0.004534665186566559
15,4,WALKING_UPSTAIRS,-0.008804794142825458,-0.028036393290728323,0.008576055869477621,0.007903085287456315,-0.0047109843926896955,0.00806622794822101
15,5,LAYING,0.0,0.0,0.0,0.0,0.0,0.0
15,5,SITTING,0.03995409980565157,-0.11603485947970432,0.04079576255025269,0.02513418026393129,-0.0018212309095065981,0.035363860634872436
15,5,STANDING,-0.02037108827334611,0.03740009988171408,-0.014997088865972666,0.014509460071017348,0.012853854228193101,-0.024850286370948067
15,5,WALKING,-0.00619631562453451,-0.03876003680684893,0.008632251537256313,0.0029488704808499798,-0.015212703321575472,-0.001017401050123037
15,5,WALKING_DOWNSTAIRS,0.005417641742241271,-0.0005200384965453608,0.004470895841971271,-0.004724487056352066,-0.004027713711197019,-0.0006162983201180638
15,5,WALKING_UPSTAIRS,-0.004236833705583349,-0.02631665874402058,0.003497849383314395,0.002513390885802464,-0.010589370371596246,-0.0007658133453524948
15,Aggregated,LAYING,-0.04784107685376197,0.2297355899710936,-0.04638185881012341,-0.04751254049263931,-0.038519065705819075,-0.04948104810874994
15,Aggregated,SITTING,0.046379137418769194,-0.1306817484308962,0.04746983244706142,0.029609039783220128,-0.0008831365421582431,0.04527331881918146
15,Aggregated,STANDING,-0.009832857809156192,0.005355399010981003,-0.002913064117136704,0.018205530766298748,0.01300518873004157,-0.010897759340899715
15,Aggregated,WALKING,-0.0061832092151919635,-0.038619776309609125,0.009718485738725897,0.0026252872258843013,-0.016744137767665382,0.0035064946592226415
15,Aggregated,WALKING_DOWNSTAIRS,0.009324983774484133,-0.002586469087040343,0.012464138066656538,-0.001751584309851136,0.0013686621265500429,0.004259307278965715
15,Aggregated,WALKING_UPSTAIRS,-0.0051002358607163,-0.04309884383786633,0.009023851337125872,0.007844193869642881,-0.011842257395074468,0.0073433914222949355
15,Centralized,LAYING,-0.04784107685376197,0.2297355899710936,-0.04638185881012341,-0.04751254049263931,-0.038519065705819075,-0.04948104810874994
15,Centralized,SITTING,0.046379137418769194,-0.1306817484308962,0.04746983244706142,0.029609039783220128,-0.0008831365421582431,0.04527331881918146
15,Centralized,STANDING,-0.009832857809156192,0.005355399010981003,-0.002913064117136704,0.018205530766298748,0.01300518873004157,-0.010897759340899715
15,Centralized,WALKING,-0.0061832092151919635,-0.038619776309609125,0.009718485738725897,0.0026252872258843013,-0.016744137767665382,0.0035064946592226415
15,Centralized,WALKING_DOWNSTAIRS,0.009324983774484133,-0.002586469087040343,0.012464138066656538,-0.001751584309851136,0.0013686621265500429,0.004259307278965715
15,Centralized,WALKING_UPSTAIRS,-0.0051002358607163,-0.04309884383786633,0.009023851337125872,0.007844193869642881,-0.011842257395074468,0.0073433914222949355
16,0,LAYING,-0.06342364002942068,0.32260503003646435,-0.0694153247867897,-0.06627269760737392,-0.056736560157907234,-0.06675680745497274
16,0,SITTING,-0.02879550534656928,-0.1592361737962944,-0.050224614065579765,0.038568755431791134,0.07893502797721182,0.00792432767913387
16,0,STANDING,0.002279246112676007,-0.06966930590842273,-0.006974639085650707,0.01660161323696646,0.01424105945489169,0.011837044504557172
16,0,WALKING,0.0042094413371348656,0.01218984297385047,0.003032789547901172,0.011258988559236625,0.020447060306611246,0.0072716506288915276
16,0,WALKING_DOWNSTAIRS,-0.006207490775175721,-0.01467009848239652,-0.005603550379899301,-0.0027708239409599445,0.015018409904505155,-0.009357534137345079
16,0,WALKING_UPSTAIRS,-0.0002575376475164003,0.006711047259915019,0.0005866360810236827,0.00933678317500057,0.018885943094986507,0.00844914299685243
16,1,LAYING,0.0,0.0,0.0,0.0,0.0,0.0
16,1,SITTING,-0.005924788660324265,-0.30846048749187865,-0.05409233425172727,0.06969197706873737,0.10092788299210176,0.04412452886658155
16,1,STANDING,-0.00021476771516057734,-0.09954163326860935,-0.016370722728302405,0.018242916167237628,0.01090923555799726,0.01688267964460829
16,1,WALKING,0.004948551715931786,0.010901823868037579,0.016133843455763065,0.008154191979416617,0.00372242854599375,0.014351218646915577
16,1,WALKING_DOWNSTAIRS,-0.008173074858583188,-0.00393940168444251,-0.0013659240988293372,-0.008422942909499556,0.009719516849275573,-0.0032027886825363497
16,1,WALKING_UPSTAIRS,0.00718878866390119,0.003658270760087198,0.01402939402911593,0.012401861325676548,0.0210506693805445,0.0069487936184524585
16,2,LAYING,0.0,0.0,0.0,0.0,0.0,0.0
16,2,SITTING,-0.006185607595892153,-0.25767611464197476,-0.04643855291251862,0.07574057393170044,0.11603996195697384,0.0336269517373451
16,2,STANDING,-0.005309946548618888,-0.075529450852281,-0.020503468062043454,0.023740830201412492,0.034294419322256686,0.008877826225835881
16,2,WALKING,0.008898575966013279,0.011167481878035599,0.01376300575805786,0.007376330341075146,0.0012127658517112041,0.008648420683452137
16,2,WALKING_DOWNSTAIRS,-0.0014472873365757922,-0.02832894891789433,-0.00312751748616731,-0.005187967745193272,0.012475117133014326,-0.010232573036595213
16,2,WALKING_UPSTAIRS,0.01090766521052727,-0.007429005089295557,0.008319387429261976,0.006806400811262154,0.012833864933254412,0.00456914199308896
16,3,LAYING,0.0,0.0,0.0,0.0,0.0,0.0
16,3,SITTING,-0.020132265946602116,-0.2666707687175991,-0.04725411107733125,0.06326397064335336,0.08594952523946844,0.03754635256141332
16,3,STANDING,-0.004325741334080594,-0.06873459959608359,-0.012265419646939961,0.021807412511902068,0.011506568660694076,0.016510840677762744
16,3,WALKING,0.011758635222105691,0.008332081975914571,0.003657482745059293,0.01185255237918568,0.01396105230392244,0.0103857160627714
16,3,WALKING_DOWNSTAIRS,0.004998005472247176,-0.012376974177205242,0.0003228929714458354,0.00236426422815528,0.004826243424930359,-0.0015330333181747427
16,3,WALKING_UPSTAIRS,0.015735760253124613,0.0059748006467921595,0.006969478782894272,0.016462771062767317,0.019607326485770658,0.013347100694672613
16,4,LAYING,0.0,0.0,0.0,0.0,0.0,0.0
16,4,SITTING,-0.019202200107210722,-0.21712417357305422,-0.05120292883592005,0.06593820844660694,0.09660058284152073,0.019986987619882934
16,4,STANDING,-0.005552487589949363,-0.05623726720400855,-0.013727141815891016,0.02161126254474158,0.017184852684441625,0.00620238673183626
16,4,WALKING,0.006575179164057563,-0.010655704951111327,0.009478485290147247,0.011885216511027506,0.014166586824663159,0.006037950275136338
16,4,WALKING_DOWNSTAIRS,0.0016943063897511984,-0.024247591215693524,-0.0034563135648930303,0.001348289664783447,0.026675063034178135,-0.002013754308126301
16,4,WALKING_UPSTAIRS,0.00349698395944299,-0.019156472780887678,0.005350369725872462,0.0025324307476557017,0.005805127797933123,0.006069585302052889
16,5,LAYING,0.0,0.0,0.0,0.0,0.0,0.0
16,5,SITTING,-0.0004419636557736189,-0.2883735377755461,-0.05126834224779738,0.05857406397158953,0.08246093328876468,0.03676814466437608
16,5,STANDING,0.003929030399140485,-0.06371950400760722,-0.008315148271344584,0.009138508246533061,-0.010034117655805143,0.010672969978472974
16,5,WALKING,0.010627512603184121,0.004286622953911223,0.007547957427820546,0.008994977329497396,0.01137019583658261,0.006778068633979659
16,5,WALKING_DOWNSTAIRS,0.006604223301202299,-0.02891944033374925,-0.0031831632016420504,0.004123247086019914,0.01563374096829284,-0.0028708125445333355
16,5,WALKING_UPSTAIRS,0.008315203549790323,-0.010053709948972225,0.005064417391302438,0.008315203549790328,0.012641350452771542,0.005992480942914061
16,Aggregated,LAYING,-0.058252014269559636,0.2967469012371589,-0.06424369902692864,-0.06110107184751287,-0.051564934398046186,-0.061585181695111686
16,Aggregated,SITTING,-0.01463018034927413,-0.24256088263760853,-0.051349891264068866,0.06025719371761072,0.09310305919837554,0.02820538834917397
16,Aggregated,STANDING,-0.0017729538372710015,-0.07298018142713196,-0.013303178604524311,0.018757543224525355,0.013350889143782732,0.011883029913891612
16,Aggregated,WALKING,0.0079246132569607,0.005989428427819781,0.009050401868998165,0.009942276428646266,0.010733259715949545,0.008964861601649035
16,Aggregated,WALKING_DOWNSTAIRS,-0.00022158825022318619,-0.01874955077330454,-0.002602030401743094,-0.0013451502377851998,0.013898227047117438,-0.0046211036555148365
16,Aggregated,WALKING_UPSTAIRS,0.00780164072907638,-0.003781343822158635,0.006849993022168115,0.009260590509880515,0.015017904090217655,0.0075019956694683445
16,Centralized,LAYING,-0.058252014269559636,0.2967469012371589,-0.06424369902692864,-0.06110107184751287,-0.051564934398046186,-0.061585181695111686
16,Centralized,SITTING,-0.01463018034927413,-0.24256088263760853,-0.051349891264068866,0.06025719371761072,0.09310305919837554,0.02820538834917397
16,Centralized,STANDING,-0.0017729538372710015,-0.07298018142713196,-0.013303178604524311,0.018757543224525355,0.013350889143782732,0.011883029913891612
16,Centralized,WALKING,0.0079246132569607,0.005989428427819781,0.009050401868998165,0.009942276428646266,0.010733259715949545,0.008964861601649035
16,Centralized,WALKING_DOWNSTAIRS,-0.00022158825022318619,-0.01874955077330454,-0.002602030401743094,-0.0013451502377851998,0.013898227047117438,-0.0046211036555148365
16,Centralized,WALKING_UPSTAIRS,0.00780164072907638,-0.003781343822158635,0.006849993022168115,0.009260590509880515,0.015017904090217655,0.0075019956694683445
17,0,LAYING,-0.06920405989264974,0.3376835437243003,-0.06630660710389259,-0.07191365991036659,-0.05979820777457352,-0.07046100904281792
17,0,SITTING,0.049923513512528966,-0.011185403168805057,0.045050645733159006,0.0232526161737758,-0.020555545620335482,0.047018872542300943
17,0,STANDING,-0.006935450354628696,0.01688258128516695,0.00845239531245373,0.017894824458028816,0.013045129650093478,0.0056374267997060775
17,0,WALKING,-0.008219140520117681,-0.006080677660356564,0.006661212079879275,-0.005444773963961602,-0.014443339647135248,-0.008412032555571028
17,0,WALKING_DOWNSTAIRS,0.005999135891614326,-0.01046533365780192,0.01108146742276727,-0.009237024800809754,-0.0018989839730387092,0.007190966086561139
17,0,WALKING_UPSTAIRS,-0.007393580966622689,-0.010815167801203573,0.005002009191705447,-0.008974057531277136,-0.014336735350565264,-0.0004947306412564485
17,1,LAYING,0.0,0.0,0.0,0.0,0.0,0.0
17,1,SITTING,0.0697082145982127,-0.10733648384576586,0.06431682660416332,0.056579983997461746,0.01723565889458021,0.06665184001980431
17,1,STANDING,0.006213144066935712,0.013558524863667083,0.015229401775626438,0.020304005582599403,0.00993186215486339,0.015381669688011702
17,1,WALKING,-0.007229118191453189,-0.01000910314218845,0.021878563086115757,0.0005313737496718627,-0.022268914176531644,0.004132635148024363
17,1,WALKING_DOWNSTAIRS,0.016942765499658407,-0.006703489062525667,0.016245294501172403,-0.0070319464647651975,-0.004594900394456379,0.013748045151685566
17,1,WALKING_UPSTAIRS,0.00261072061501666,-0.01915692442759239,0.02747084605466089,0.0010273030234903,-0.022398065298232562,-9.309565361741804e-05
17,2,LAYING,0.0,0.0,0.0,0.0,0.0,0.0
17,2,SITTING,0.055114857468376105,-0.1400485406158858,0.06364408656727111,0.049970515989575796,0.017829518365027636,0.06053854669397602
17,2,STANDING,0.0035978814538130998,-0.013718611854206489,0.02166463558300985,0.016796426525058306,0.0027670199522518077,0.01777687133396288
17,2,WALKING,0.0049034822116406414,-0.00913948395614868,0.01347081538023991,-0.008163629586738684,-0.01855637418393159,0.0020230052609888876
17,2,WALKING_DOWNSTAIRS,0.026783699630920754,-0.0009919817838881914,0.02906564154380816,-0.02362613942584919,-0.020844778060908484,0.01671382909862699
17,2,WALKING_UPSTAIRS,0.008855345003818215,-0.003830620306965648,0.008701209728977848,-0.004965926986169853,-0.009640653780858611,0.008939999333327056
17,3,LAYING,0.0,0.0,0.0,0.0,0.0,0.0
17,3,SITTING,0.07962499434936399,-0.13809798253333014,0.07640889242520126,0.0619615410541436,0.019902367208580875,0.08136901866487198
17,3,STANDING,-0.001953297691174006,-0.011943821600358222,0.016088337130282883,0.02143387395151928,0.010822683573506603,0.0178802949441984
17,3,WALKING,-0.002259268725229705,-0.014096271706133447,0.011280593458726252,-0.0030618692947568834,-0.01991619290313725,-0.005590686097891607
17,3,WALKING_DOWNSTAIRS,0.006865340033934747,-0.0026644781149075276,0.007745101573285994,-0.008272146412943836,-0.0089536314002773,0.005279814320907945
17,3,WALKING_UPSTAIRS,-0.003035319091256788,-0.01388559300825778,0.011276200068127077,0.0007842741637693585,-0.018247950322779375,-0.004523596990213693
17,4,LAYING,0.0,0.0,0.0,0.0,0.0,0.0
17,4,SITTING,0.058225604700780316,-0.13114994409081276,0.06353806806475518,0.047462776778516576,0.01683977282515855,0.0652387604812915
17,4,STANDING,-0.002243016633009485,-0.0029752684543688157,0.01446765251926891,0.01168500541098928,0.0029009098597668685,0.015999882132518132
17,4,WALKING,-0.0012277236820127271,-0.01335071904777904,0.02059548258369855,-0.005690258757465689,-0.024166375616913822,0.0056099713828740945
17,4,WALKING_DOWNSTAIRS,0.01669232474321531,-0.00956204270146877,0.021368600127397254,-0.01941207999424732,-0.020080056990475662,0.009594653416977869
17,4,WALKING_UPSTAIRS,-0.00012986893255641878,-0.002497319445070136,0.01751480921377078,0.0006009053710691011,-0.011794364238090235,0.009675445492983471
17,5,LAYING,0.0,0.0,0.0,0.0,0.0,0.0
17,5,SITTING,0.05787099729225145,-0.08239581604665688,0.06263307054084041,0.05772401083748871,0.026063963870669633,0.05953837266152542
17,5,STANDING,-0.019201926146782462,0.03703165601900702,0.006734771313602251,0.01994997768649145,0.023173503264285085,-0.0029081079227670542
17,5,WALKING,-0.005147156786054278,-0.01478237731542312,0.01392352290225504,-0.0005752804572152961,-0.018660989195966274,-0.002957134270837917
17,5,WALKING_DOWNSTAIRS,0.008750170949617749,-0.014162814569341651,0.008183562367707505,-0.007336444222834061,-0.0014190637677027958,0.005984589242553261
17,5,WALKING_UPSTAIRS,-0.00447915529314278,-0.017872682223550984,0.01626085681832474,-0.00085258801893946,-0.015527855199089655,0.0015928786795502004
17,Aggregated,LAYING,-0.05403642095954749,0.26060717830631225,-0.05113896817079034,-0.056127132420424504,-0.04401128664583439,-0.055293370109715655
17,Aggregated,SITTING,0.060789175526002874,-0.09550416924031775,0.060972755461828114,0.04759085079055624,0.011361551396372164,0.06168459294477525
17,Aggregated,STANDING,-0.0027679111838150657,0.005595814162576665,0.014307041085158527,0.01809002059378802,0.010023813912520453,0.012372495512396468
17,Aggregated,WALKING,-0.003109915078174055,-0.011328986310980449,0.014880634986969897,-0.003763233828463852,-0.019905776713601317,-0.0007445509937008236
17,Aggregated,WALKING_DOWNSTAIRS,0.013696663543910028,-0.007370803706953495,0.015570078719070391,-0.012430538100126487,-0.009700325499317236,0.009756075599294553
17,Aggregated,WALKING_UPSTAIRS,-0.0003319665079513864,-0.011379938315933598,0.014542411813763746,-0.0019058091694129729,-0.015260792236840438,0.002655666914091286
17,Centralized,LAYING,-0.05403642095954749,0.26060717830631225,-0.05113896817079034,-0.056127132420424504,-0.04401128664583439,-0.055293370109715655
17,Centralized,SITTING,0.060789175526002874,-0.09550416924031775,0.060972755461828114,0.04759085079055624,0.011361551396372164,0.06168459294477525
17,Centralized,STANDING,-0.0027679111838150657,0.005595814162576665,0.014307041085158527,0.01809002059378802,0.010023813912520453,0.012372495512396468
17,Centralized,WALKING,-0.003109915078174055,-0.011328986310980449,0.014880634986969897,-0.003763233828463852,-0.019905776713601317,-0.0007445509937008236
17,Centralized,WALKING_DOWNSTAIRS,0.013696663543910028,-0.007370803706953495,0.015570078719070391,-0.012430538100126487,-0.009700325499317236,0.009756075599294553
17,Centralized,WALKING_UPSTAIRS,-0.0003319665079513864,-0.011379938315933598,0.014542411813763746,-0.0019058091694129729,-0.015260792236840438,0.002655666914091286
18,0,LAYING,-0.08120923384105977,0.3853029256187356,-0.07903281538630005,-0.07910594857867004,-0.0621871188121011,-0.08376780900060395
18,0,SITTING,-0.0351743146497057,-0.08635373447560897,-0.03910998338856274,0.0476740968267032,0.044095988627020896,-0.003331306746441513
18,0,STANDING,-0.009919651005058462,-0.03917925845835052,-0.012435775286906618,0.013321191213318394,0.016707761383937002,0.0020026265629979534
18,0,WALKING,0.013643763016753647,0.007716255173055988,-0.0078247484552366,0.006196442058226717,0.008344843153143055,0.0016753726437319983
18,0,WALKING_DOWNSTAIRS,0.010715549546313955,-0.02151835552034071,0.004818352467412345,0.0146564789646537,0.01422703857586663,0.002243604066333994
18,0,WALKING_UPSTAIRS,0.01174901352675756,-0.006738589477250992,-0.008210428637850667,0.001647083583125101,0.007805607319926426,0.000425906410396839
18,1,LAYING,0.0,0.0,0.0,0.0,0.0,0.0
18,1,SITTING,-0.013229308161142785,-0.23724876479953108,-0.01948562176469792,0.07080489271142179,0.06666874740351902,0.01350130757505809
18,1,STANDING,-0.014931007246197723,-0.057170539731978005,-0.01816588704703964,0.0146613964473654,0.0185046079309371,-0.003501534073066775
18,1,WALKING,0.00032670429116814134,-0.0020955857918533425,-0.0007139248156694978,-0.0012868260798193248,0.0005107534042822141,0.004389122991625851
18,1,WALKING_DOWNSTAIRS,0.0008695980857952831,-0.02193678455382653,0.002686728471465898,0.002190151396890736,0.0058868747928590955,0.0016747004635318057
18,1,WALKING_UPSTAIRS,0.010410379578339686,-0.010587439806576554,-0.0015405098620260163,0.007917912803227782,0.009315581126892365,0.005600214923340374
18,2,LAYING,0.0,0.0,0.0,0.0,0.0,0.0
18,2,SITTING,-0.00336361343176881,-0.18061719698410578,-0.0011483188514577799,0.07365001704789072,0.05118525178348585,0.016207838930580084
18,2,STANDING,-0.01348724057779424,-0.023476223257775305,-0.011517042607927117,0.023065847007008956,0.011499879818750312,-0.005971423976426318
18,2,WALKING,0.0027537400515052638,0.004205986532611379,0.00721817805484406,0.006148462799727512,0.0021711675388583936,0.00472935577875588
18,2,WALKING_DOWNSTAIRS,0.0022755381161575546,-0.010200198899939098,0.0076978263774586855,0.007410542378313071,0.00471739687734257,-2.663495959574815e-05
18,2,WALKING_UPSTAIRS,0.0027350937168345306,-0.004547771431119707,0.0051643769673211815,0.005235229355813494,0.0004672079512912597,0.0035244797920604976
18,3,LAYING,0.0,0.0,0.0,0.0,0.0,0.0
18,3,SITTING,-0.017466287122792357,-0.2182454193494704,-0.019264686424205722,0.08350571438474486,0.05674154401255486,0.022021841791874774
18,3,STANDING,-0.011126200151257568,-0.03768961095256424,-0.01208110820991264,0.02275559883045245,0.012087378052728527,0.003245674433404554
18,3,WALKING,0.012817230460174847,0.005560720797227413,-0.006683081544536454,0.004101027590161895,0.009030042041882576,0.003043589969705728
18,3,WALKING_DOWNSTAIRS,0.004218779758451275,-0.008481688599797666,-0.0019750531931156906,0.0032918525353732484,0.0061504236578878105,-0.0018057127601976105
18,3,WALKING_UPSTAIRS,0.009105821104203358,0.004377032145030895,-0.007789094758814522,0.0026209657256300867,0.007510983010255876,0.004458906343943566
18,4,LAYING,0.0,0.0,0.0,0.0,0.0,0.0
18,4,SITTING,-0.0033023028365635155,-0.17780272233018599,-0.003654945482756579,0.07815041594260924,0.055613413837477796,0.028851618724897214
18,4,STANDING,-0.008008431432827227,-0.020286108156661833,-0.007927239888500486,0.019332744755986474,0.010094843636521843,0.005321437035407545
18,4,WALKING,0.006554366549211096,0.004335360035573888,0.008362006484920071,0.012092813308772401,0.009381398228887347,0.008402975253262368
18,4,WALKING_DOWNSTAIRS,0.00884176455113817,-0.004367448131624081,0.009338561167843514,0.011802387073711168,0.008657804899362515,0.00693973223631204
18,4,WALKING_UPSTAIRS,0.003102803426970512,-0.016053289572891594,0.005361926376110069,0.007209204926052703,0.004553301674804835,0.0042937951044373125
18,5,LAYING,0.0,0.0,0.0,0.0,0.0,0.0
18,5,SITTING,-0.005644649325645337,-0.2060159461016319,-0.008727832562551045,0.0785966022249145,0.07265381475004376,0.02659230074764191
18,5,STANDING,-0.006614312497587644,-0.03202418183616214,-0.006527691701976038,0.012325237969227971,0.017201063864077906,0.004643320628536758
18,5,WALKING,0.009724961674558748,-0.004772725779235264,0.001173397240003972,0.004980943501962683,0.00739518723296533,0.003923485299179752
18,5,WALKING_DOWNSTAIRS,0.011604144955782618,-0.017163731283383065,0.003865481040144742,0.007403955881952306,0.010820593257014597,0.0005604430434408608
18,5,WALKING_UPSTAIRS,0.008502985624975219,-0.01089636339349936,0.004480283165193598,0.008880809955365752,0.008451301644666382,0.0062640222899652785
18,Aggregated,LAYING,-0.06583414210054353,0.3111662567175385,-0.06396992096140572,-0.06465861154429066,-0.048310429462844376,-0.06839315264845412
18,Aggregated,SITTING,-0.014352835779797238,-0.17599722273198634,-0.016487706327988773,0.07028368811178061,0.05667018704396396,0.01585434432909372
18,Aggregated,STANDING,-0.010865216859886576,-0.035491631664340904,-0.011648867500136877,0.017843240565569685,0.014437319486060331,0.0008709927942815607
18,Aggregated,WALKING,0.007626228227049337,0.0023500065735479808,0.00033963355682294544,0.005378314648778688,0.006145849588710172,0.004366701801062272
18,Aggregated,WALKING_DOWNSTAIRS,0.0061973617540938995,-0.013609900916357508,0.004434030696309611,0.007549690772007648,0.008130240124899048,0.0016598984797920888
18,Aggregated,WALKING_UPSTAIRS,0.00744041152289871,-0.007342260426939587,-9.184654742483237e-05,0.005733479194953022,0.0063343190455664115,0.0042261531964906856
18,Centralized,LAYING,-0.06583414210054353,0.3111662567175385,-0.06396992096140572,-0.06465861154429066,-0.048310429462844376,-0.06839315264845412
18,Centralized,SITTING,-0.014352835779797238,-0.17599722273198634,-0.016487706327988773,0.07028368811178061,0.05667018704396396,0.01585434432909372
18,Centralized,STANDING,-0.010865216859886576,-0.035491631664340904,-0.011648867500136877,0.017843240565569685,0.014437319486060331,0.0008709927942815607
18,Centralized,WALKING,0.007626228227049337,0.0023500065735479808,0.00033963355682294544,0.005378314648778688,0.006145849588710172,0.004366701801062272
18,Centralized,WALKING_DOWNSTAIRS,0.0061973617540938995,-0.013609900916357508,0.004434030696309611,0.007549690772007648,0.008130240124899048,0.0016598984797920888
18,Centralized,WALKING_UPSTAIRS,0.00744041152289871,-0.007342260426939587,-9.184654742483237e-05,0.005733479194953022,0.0063343190455664115,0.0042261531964906856
19,0,LAYING,-0.0851672873417246,0.3926183163177741,-0.07671525265720056,-0.08215564266530355,-0.06704114533730432,-0.08153898831624104
19,0,SITTING,0.03165492157374135,0.016031345613559365,0.009377454794647869,-0.05630283741040738,0.027652001714805807,0.020914942654057446
19,0,STANDING,-6.706897410560087e-05,-0.011179064348137762,0.014598275856134308,-0.007645428195116482,0.015342625814773496,0.01583853169999903
19,0,WALKING,0.002277843569125095,-0.026506817191553487,0.011410845468834932,-0.004433905190700787,-0.00296178478694151,-0.003740297928143541
19,0,WALKING_DOWNSTAIRS,-0.00308956290946061,-0.023437472990491964,-0.0012087602739409599,-0.005848948964106538,0.0041985013468101556,0.0015733487216575634
19,0,WALKING_UPSTAIRS,0.004384864742302672,-0.01710273013965082,0.015659400031651293,-0.0020155879646489108,0.002061105908888624,0.0009763442857107711
19,1,LAYING,0.0,0.0,0.0,0.0,0.0,0.0
19,1,SITTING,0.060794458725283045,-0.09967896840246702,0.039914599255267774,-0.010955165321997168,0.052907507853973634,0.05121138576796808
19,1,STANDING,0.014099536793158843,-0.01933339514092018,0.017318260494921116,-0.0053384395060603294,0.0202437917488747,0.020657743742960994
19,1,WALKING,0.004648778377767552,-0.03450025425284384,0.016000795929126975,0.0016869113706938592,0.005101730146489013,0.005931794429032271
19,1,WALKING_DOWNSTAIRS,-0.0016465660953818239,-0.024402934417864567,0.010954085138865357,-0.012033811530414908,0.0116749610235435,0.012707997224536038
19,1,WALKING_UPSTAIRS,-0.006444848081692027,-0.04176526913115361,0.004496664759867048,-0.005288693870592243,0.004070673888920394,0.006469933973111856
19,2,LAYING,0.0,0.0,0.0,0.0,0.0,0.0
19,2,SITTING,0.0351430838344486,-0.09502423467575905,0.026886740671958318,-0.014592004030335616,0.03700444375780933,0.03251179500328199
19,2,STANDING,0.006917092017836698,-0.032673222041867137,0.011871022433815144,-0.010901594839251325,0.015365837812119428,0.014852634931059577
19,2,WALKING,0.0012344133227892736,-0.03296818902100459,0.009297676623432163,-0.0020918567709033663,0.0007463889330002322,0.0018748732007187112
19,2,WALKING_DOWNSTAIRS,-0.001141819545305763,-0.05715669901134917,0.005825910472868903,-0.013969496410908899,0.008378773553368232,0.009758988556143447
19,2,WALKING_UPSTAIRS,0.00118253488746308,-0.024884443151964447,0.0034896824595650163,-0.0013472608085486643,0.001766226206982972,0.003609796685072467
19,3,LAYING,0.0,0.0,0.0,0.0,0.0,0.0
19,3,SITTING,0.06520047728575873,-0.1133878145643907,0.0358558172595913,-0.01924454491794487,0.060961793675457975,0.059738939696541205
19,3,STANDING,0.00973741670130987,-0.028290422318184797,0.0122767665333197,-0.008807320812286764,0.024363152907319535,0.025140696843595073
19,3,WALKING,0.0048793946895797176,-0.03109022018678335,0.01233843258210609,-0.0014485635093029155,0.002944869368507355,0.0010315492407668788
19,3,WALKING_DOWNSTAIRS,-0.0025685947536574993,-0.016739533277054918,2.37052734830946e-06,-0.006281600337784754,0.007024388897219621,0.008696866054570606
19,3,WALKING_UPSTAIRS,0.0054447633476527035,-0.03440416681518402,0.012354988191918421,-0.0006867206429912546,0.006169121831794825,0.005370921379194846
19,4,LAYING,0.0,0.0,0.0,0.0,0.0,0.0
19,4,SITTING,0.03367207857196094,-0.07990078916114769,0.016730527570232537,-0.010428154024572533,0.029733965720158788,0.02795092855560956
19,4,STANDING,0.0010301821604149788,-0.012291820971575424,0.002779517562194642,-0.0032611637261330696,0.006157932524589079,0.010130303121167205
19,4,WALKING,-0.009282835267366564,-0.030823855409252924,0.012590755772012883,-0.008042087532844529,-0.004672512327420587,-0.0036438694964122786
19,4,WALKING_DOWNSTAIRS,-0.010148888687989724,-0.04642379851290828,0.008943062215575118,-0.020379923391047487,0.00315803077798973,0.006571408109329538
19,4,WALKING_UPSTAIRS,0.0004394236847263588,-0.02448807659455419,0.009005433911342915,0.0013205985989954406,0.0044822932960103794,0.008449187862972806
19,5,LAYING,0.0,0.0,0.0,0.0,0.0,0.0
19,5,SITTING,0.028222201079729434,-0.06724311795064142,0.028782991820752106,-0.01297293941451402,0.03269100147452384,0.031118153588440587
19,5,STANDING,-0.01877113814154691,0.005806441650108057,0.011316745199899779,0.0029170464146968784,0.004571209326045844,0.006621460589881068
19,5,WALKING,0.00215068369023408,-0.021694389051212865,0.009360092539579234,0.0003678978213991281,0.0032742616332294694,0.0008356207378613867
19,5,WALKING_DOWNSTAIRS,0.00032306632846816895,-0.03384540708721771,-0.0011769732553182507,-0.006962119560394021,0.0068516385711014085,8.111283281771803e-05
19,5,WALKING_UPSTAIRS,0.0005619358319591945,-0.03266216607382592,0.007143509242160373,0.0006016542917969877,0.005512975208209185,0.001989404678796952
19,Aggregated,LAYING,-0.07333889921020896,0.333476375660196,-0.06488686452568497,-0.07032725453378795,-0.05521275720578868,-0.06971060018472548
19,Aggregated,SITTING,0.04091283926624452,-0.06563272464463718,0.024745741591872206,-0.022515143567246296,0.03848872262173503,0.03538139776700021
19,Aggregated,STANDING,0.002822857748729061,-0.016861359200772898,0.011737586214285825,-0.00571093076661419,0.014599199731011573,0.01573982270015808
19,Aggregated,WALKING,0.0009311024471631624,-0.029792506623666636,0.011881961681752729,-0.0023210656051539827,0.0007675050047086906,0.0004565046187019716
19,Aggregated,WALKING_DOWNSTAIRS,-0.0030309284951016238,-0.03372011041956803,0.004018417818421354,-0.010972917262447252,0.0069164821206931315,0.006661805472531435
19,Aggregated,WALKING_UPSTAIRS,0.0008041321705819337,-0.029489888576546722,0.008405745206314498,-0.0012318557873859373,0.004060667627414338,0.004515574520284341
19,Centralized,LAYING,-0.07333889921020896,0.333476375660196,-0.06488686452568497,-0.07032725453378795,-0.05521275720578868,-0.06971060018472548
19,Centralized,SITTING,0.04091283926624452,-0.06563272464463718,0.024745741591872206,-0.022515143567246296,0.03848872262173503,0.03538139776700021
19,Centralized,STANDING,0.002822857748729061,-0.016861359200772898,0.011737586214285825,-0.00571093076661419,0.014599199731011573,0.01573982270015808
19,Centralized,WALKING,0.0009311024471631624,-0.029792506623666636,0.011881961681752729,-0.0023210656051539827,0.0007675050047086906,0.0004565046187019716
19,Centralized,WALKING_DOWNSTAIRS,-0.0030309284951016238,-0.03372011041956803,0.004018417818421354,-0.010972917262447252,0.0069164821206931315,0.006661805472531435
19,Centralized,WALKING_UPSTAIRS,0.0008041321705819337,-0.029489888576546722,0.008405745206314498,-0.0012318557873859373,0.004060667627414338,0.004515574520284341
20,0,LAYING,-0.09506582572534204,0.41614868861631904,-0.08050802979992701,-0.08314530292203669,-0.06908048238364106,-0.08834904778537211
20,0,SITTING,-0.04399776291094865,0.06099964152020572,-0.027757668056185375,0.026451976708300177,0.025000209689776374,-0.007384694593372017
20,0,STANDING,-0.0031121627321672946,-0.007398155004717849,0.0008745503480403606,0.009807349360453988,0.01606666339539293,0.007510150011688509
20,0,WALKING,-0.0010807203409221237,0.004695652250642074,0.016174069523234774,0.012707717227596447,-0.00291835953097348,0.012546182994964449
20,0,WALKING_DOWNSTAIRS,0.0027876528935178767,-0.003863102593629106,0.013781202759758809,0.0033716157373828233,-0.0002495832659760512,0.01036269065942189
20,0,WALKING_UPSTAIRS,-0.000634361101087988,-0.007574484630249631,0.012349608354639876,0.010442524510990914,-0.0033399836257797027,0.007201245363667031
20,1,LAYING,0.0,0.0,0.0,0.0,0.0,0.0
20,1,SITTING,-0.012339169454864381,-0.0848204054010004,-0.004002810176919636,0.041374814120881634,0.03728786517110346,0.022499705740799122
20,1,STANDING,-0.007891956140581819,-0.023811359296657866,-0.003110122258115921,0.010373001998192742,0.013866038316099004,0.010574397381063807
20,1,WALKING,-0.0028586530716743653,-0.010586377584585645,0.008077577620286415,0.0032406485166978317,-0.0031791964475299172,0.005373282134806685
20,1,WALKING_DOWNSTAIRS,0.0014912588329601248,-0.01806162319124009,0.006715646571541333,0.006144439385767999,0.0015416436734564535,0.0008839631946674383
20,1,WALKING_UPSTAIRS,0.003029065200358406,-0.00652117603454047,0.009856829963958922,0.010179450832717488,0.0071637119156502975,0.007805765764535253
20,2,LAYING,0.0,0.0,0.0,0.0,0.0,0.0
20,2,SITTING,-0.007091666891112242,-0.0715724299226708,-0.0016561062353860098,0.04097789630403831,0.039773385571108835,0.01443563340915536
20,2,STANDING,-0.005975256081681719,-0.026660221264652867,-0.003174888654582459,0.019015197304346313,0.01997032617869891,0.006408760236431805
20,2,WALKING,-0.0005517765401360804,0.012979117017934586,0.0022720425145968154,0.005871503369962958,0.004087852484214566,0.008592492680520791
20,2,WALKING_DOWNSTAIRS,0.004000899868387186,0.005453249426002574,0.010893991308822897,0.014582890165547625,0.011616122199642115,0.018287063720861765
20,2,WALKING_UPSTAIRS,0.006282722262474504,-0.00144498458775149,0.0010203807269597576,0.0037090356832090673,0.0026314571031188392,0.00398485253341897
20,3,LAYING,0.0,0.0,0.0,0.0,0.0,0.0
20,3,SITTING,-0.01649364658234294,-0.08584971631444596,-0.008111902162322908,0.05513095424158328,0.05230931572719257,0.02876212152711779
20,3,STANDING,-0.009496366119175313,-0.025791819457220127,-0.005755459352432643,0.016712312922141197,0.022679058559145638,0.014352808206899412
20,3,WALKING,0.002097938139881196,0.0030722459785927545,0.005855332004486072,0.0038443904707069518,0.0033608910324062725,0.0047316403611699295
20,3,WALKING_DOWNSTAIRS,0.0015732638954689241,-0.0024626480484814194,0.012138287679514494,-0.0008491571717116857,-0.0015837128582651165,0.009252393384631125
20,3,WALKING_UPSTAIRS,0.0023924676782301054,0.0005937924234759066,0.005888744096141704,-0.000833562563113253,-0.0014199823161996732,0.00572421969381084
20,4,LAYING,0.0,0.0,0.0,0.0,0.0,0.0
20,4,SITTING,-0.0037729406687177958,-0.056964713116089485,-0.0014128534939407233,0.035455217109189946,0.03266364924034647,0.018587457221534903
20,4,STANDING,-0.0019983867421846605,-0.014667841504494452,-0.0016670264527886666,0.00941151933630992,0.01207865598408565,0.009556202411211428
20,4,WALKING,0.004529144830660644,0.0045070248900577915,0.013380203894390446,0.010081271991849992,0.004067929079321269,0.01321934880289533
20,4,WALKING_DOWNSTAIRS,0.008349715929152903,0.010462126052215063,0.0052859357771671035,0.014297558017339295,0.013270889156349651,0.007349062837560036
20,4,WALKING_UPSTAIRS,0.0006869247061638495,-0.006716193000481567,0.004918164755282565,0.006399520708518624,0.001917147041317622,0.005452663637300128
20,5,LAYING,0.0,0.0,0.0,0.0,0.0,0.0
20,5,SITTING,-0.008931151464053662,-0.04786852303860608,0.0023134338227830437,0.01874764270306385,0.02213007131818703,0.015555946327564501
20,5,STANDING,-0.002361575998621369,-0.001720321834805912,0.003895452613391558,-0.010621716175549802,0.001746909428183807,0.0075960505022002545
20,5,WALKING,0.002890374269668642,-0.0055228313910104,0.012449899037041703,0.0006568398750029218,-0.002748884056490588,0.009598335066814378
20,5,WALKING_DOWNSTAIRS,0.008942546551143233,-0.004911565261340671,0.01577891691035221,0.006544630688024691,0.005126737380367353,0.012761157973877363
20,5,WALKING_UPSTAIRS,0.0024879180980988003,-0.0013141771615596673,0.0024549690129834667,0.006986239999060155,0.005972242810690186,0.006021761576589025
20,Aggregated,LAYING,-0.0826769298457601,0.35483287447761647,-0.06811913392034508,-0.07075640704245474,-0.05732025176326628,-0.07596015190579017
20,Aggregated,SITTING,-0.017018912004826015,-0.03948321555657085,-0.008181404490396272,0.034672429500527416,0.03348721823053007,0.01353961953506008
20,Aggregated,STANDING,-0.005329710147405352,-0.01712255682010849,-0.0016468636098204274,0.009593060803742087,0.014521087106370104,0.009408058322188455
20,Aggregated,WALKING,0.0009644675792187967,0.0013808012955117584,0.009758592331206519,0.006007688898000048,0.0004578310963056905,0.009005086202317785
20,Aggregated,WALKING_DOWNSTAIRS,0.004378674121332906,-0.0020660674365654353,0.01042152919146034,0.00738820144097365,0.005103414467596126,0.009640650867245304
20,Aggregated,WALKING_UPSTAIRS,0.002512366050950835,-0.003601756568581253,0.005906344760184121,0.005905610881808422,0.002316443635915032,0.006054251547040654
20,Centralized,LAYING,-0.0826769298457601,0.35483287447761647,-0.06811913392034508,-0.07075640704245474,-0.05732025176326628,-0.07596015190579017
20,Centralized,SITTING,-0.017018912004826015,-0.03948321555657085,-0.008181404490396272,0.034672429500527416,0.03348721823053007,0.01353961953506008
20,Centralized,STANDING,-0.005329710147405352,-0.01712255682010849,-0.0016468636098204274,0.009593060803742087,0.014521087106370104,0.009408058322188455
20,Centralized,WALKING,0.0009644675792187967,0.0013808012955117584,0.009758592331206519,0.006007688898000048,0.0004578310963056905,0.009005086202317785
20,Centralized,WALKING_DOWNSTAIRS,0.004378674121332906,-0.0020660674365654353,0.01042152919146034,0.00738820144097365,0.005103414467596126,0.009640650867245304
20,Centralized,WALKING_UPSTAIRS,0.002512366050950835,-0.003601756568581253,0.005906344760184121,0.005905610881808422,0.002316443635915032,0.006054251547040654
21,0,LAYING,-0.08615646227323172,0.4117898688566615,-0.08105405757773143,-0.08615646227323169,-0.07349674362588192,-0.08492614310658396
21,0,SITTING,0.022644117786519105,0.04481321888380113,0.0258924025008616,-0.06757543954681007,-0.021637257993969893,0.0028306283807463927
21,0,STANDING,-0.0011126474738771127,-0.015511322185384604,-0.007666875496914304,-0.0009878406653850492,0.014409763524419233,0.02306404424836118
21,0,WALKING,-0.001001169593620932,-0.009360591553167437,0.009628176332696615,-0.013867614417791987,-0.010454931922167315,-0.005246899148979163
21,0,WALKING_DOWNSTAIRS,0.004763823977444448,-0.029216825911043,0.011158473184009697,-0.011283908705193638,0.010992487161671012,-0.0018228547383350015
21,0,WALKING_UPSTAIRS,0.0031948320457128635,-0.012140174961759764,0.009488147239005873,-0.00996374373316701,-0.0023516688699132403,0.0017446232054943174
21,1,LAYING,0.0,0.0,0.0,0.0,0.0,0.0
21,1,SITTING,0.04467570381445174,-0.05513297509740814,0.04753688758740655,-0.030330757616430903,0.0008872112714197528,0.023144710821341872
21,1,STANDING,0.01052111563735691,-0.006589491757309081,0.007856684120649495,-0.010559604181440462,0.003565706077846933,0.013892662193109414
21,1,WALKING,0.002523645876456887,-0.005070284575990514,0.010921313381987983,-0.004124378297808176,-0.002364386238189838,0.00838899458952632
21,1,WALKING_DOWNSTAIRS,0.00392877502673237,-0.0119845427157362,0.010789098289286815,-0.006148792970726493,0.01662850885001577,0.006213357336739085
21,1,WALKING_UPSTAIRS,-0.0004793948435109962,-0.02783475896454957,0.014853648974062968,-0.013446046639984425,0.0028210181570259866,0.0053923984947889985
21,2,LAYING,0.0,0.0,0.0,0.0,0.0,0.0
21,2,SITTING,0.03761885106854264,-0.054223075860526,0.038548648426939724,-0.0223231206111811,-0.0009047937708968461,0.02287336584018129
21,2,STANDING,0.013015601415722784,-0.017691980764988173,0.009605116971137395,-0.007898432294234774,0.0021844468843421685,0.015558248028232047
21,2,WALKING,0.00019924490535348874,-0.009179367219774527,0.00610415134470967,-0.011473922477236956,-0.0053959889104604215,-0.002679366812026496
21,2,WALKING_DOWNSTAIRS,0.0024156282279202065,-0.035986816629879986,0.0055525888132340485,-0.015525727553247536,0.007491165277166715,-0.010272329282416556
21,2,WALKING_UPSTAIRS,0.002310404659878752,-0.01636841240639613,0.002724782873889601,-0.001991337662719402,-0.002123300961822951,-0.0007356002242594775
21,3,LAYING,0.0,0.0,0.0,0.0,0.0,0.0
21,3,SITTING,0.04204674718538658,-0.06588433163910455,0.04540752764204223,-0.03615916267717489,0.003995510785041698,0.03467973020918513
21,3,STANDING,-7.001876986014732e-05,-0.014700382455769906,-0.0010399168902886428,-0.004796905984409873,0.010198343105942639,0.023807247333928895
21,3,WALKING,0.0003360046706585555,-0.001571694276829592,0.002275840943890144,-0.006860753565379792,-0.004402191717721223,-0.0013951062267351525
21,3,WALKING_DOWNSTAIRS,0.00016075425944687448,-0.017572067020987205,0.0037959310100539,-0.008230504084155035,0.008386234249684892,0.003858726195557555
21,3,WALKING_UPSTAIRS,0.0034173551112001714,-0.005367970805289299,0.004396622572586434,-0.005816857103959768,0.002459985404483672,0.007424535956326867
21,4,LAYING,0.0,0.0,0.0,0.0,0.0,0.0
21,4,SITTING,0.0284335620677325,-0.05223062513205595,0.024800642512575872,-0.017465821888331155,0.0032144174081615556,0.013247825031916929
21,4,STANDING,0.0007161262103519515,-0.008762940403003244,-0.007349644858077051,-0.0007346888775983388,0.006654604607318376,0.009476543321008222
21,4,WALKING,-0.008272749735428072,-0.02332767473571238,0.013606341916301768,-0.017434629837803067,-0.00431854994324283,-0.005601282851214113
21,4,WALKING_DOWNSTAIRS,-0.001646916915586374,-0.053719230180588835,0.022325769105055408,-0.023867884270328096,0.016194214336986052,-0.0012339321530142901
21,4,WALKING_UPSTAIRS,-0.0007541493052251689,-0.024864739856198737,0.01463676307548238,-0.005421998823593521,0.00468942290119345,0.005743839815841005
21,5,LAYING,0.0,0.0,0.0,0.0,0.0,0.0
21,5,SITTING,0.02094059143535472,-0.04447376803783988,0.020734213629045956,-0.01952162900785584,0.009431033335599066,0.016640144674762793
21,5,STANDING,-0.016867624910498105,-0.00036877645014372874,-0.018710792483032496,0.00884645801973164,0.014238541103549161,0.009831891690090404
21,5,WALKING,-0.0008006847692775098,-0.006411520677888936,0.0008240405203351989,-0.006186879279753839,-0.0020370489957249206,-0.0027116395987166328
21,5,WALKING_DOWNSTAIRS,-0.001054147389266834,-0.03112033250638643,-0.0011905174397847122,-0.010357997848819588,0.006414152756635749,-0.006933581814802343
21,5,WALKING_UPSTAIRS,-0.0013494371196028328,-0.01568147759048358,0.0004580104168685687,-0.0058770578058877,0.0025744894989811456,-0.0027334817357375046
21,Aggregated,LAYING,-0.07415581292741315,0.3521037760161505,-0.06937056212049535,-0.07415581292741316,-0.061496094280063356,-0.07292549376076538
21,Aggregated,SITTING,0.03138703902618465,-0.030449670910796537,0.03266073225689396,-0.034092852609315036,-0.002110546454333506,0.017337017217776782
21,Aggregated,STANDING,0.0015464528408490792,-0.010744429387840045,-0.002333256990134219,-0.003120617451395957,0.00823241032466268,0.015795093467985258
21,Aggregated,WALKING,-0.0011819732466529823,-0.009241741446587947,0.007263812644536858,-0.010015160079783805,-0.004791458094171364,-0.0014544188006187686
21,Aggregated,WALKING_DOWNSTAIRS,0.0013987324665909054,-0.029894006770136972,0.00879721868097212,-0.012513973375962193,0.011075492359441165,-0.001567435877148855
21,Aggregated,WALKING_UPSTAIRS,0.000984712524127688,-0.017117467143104716,0.007543921274712747,-0.006982032491013885,0.001483623259711239,0.0027132662334377394
21,Centralized,LAYING,-0.07415581292741315,0.3521037760161505,-0.06937056212049535,-0.07415581292741316,-0.061496094280063356,-0.07292549376076538
21,Centralized,SITTING,0.03138703902618465,-0.030449670910796537,0.03266073225689396,-0.034092852609315036,-0.002110546454333506,0.017337017217776782
21,Centralized,STANDING,0.0015464528408490792,-0.010744429387840045,-0.002333256990134219,-0.003120617451395957,0.00823241032466268,0.015795093467985258
21,Centralized,WALKING,-0.0011819732466529823,-0.009241741446587947,0.007263812644536858,-0.010015160079783805,-0.004791458094171364,-0.0014544188006187686
21,Centralized,WALKING_DOWNSTAIRS,0.0013987324665909054,-0.029894006770136972,0.00879721868097212,-0.012513973375962193,0.011075492359441165,-0.001567435877148855
21,Centralized,WALKING_UPSTAIRS,0.000984712524127688,-0.017117467143104716,0.007543921274712747,-0.006982032491013885,0.001483623259711239,0.0027132662334377394
22,0,LAYING,-0.10134105428975025,0.4635182681658688,-0.08119766052716748,-0.09845765774170212,-0.08259081459656756,-0.09993108101068168
22,0,SITTING,-0.01660508079185113,0.03028498865880327,-0.09878783477552759,0.022646149836855384,0.025425807700371866,0.028363269522177697
22,0,STANDING,0.006448689278023602,-0.024733838619818198,-0.030431243615433735,0.011823672116311296,0.010992255800007872,0.010127133654900642
22,0,WALKING,-0.003362757270037903,-0.006869044583050411,0.005170328582891114,0.004742008222825873,0.0069608324223646295,0.011678061540462156
22,0,WALKING_DOWNSTAIRS,0.003479986374967203,-0.01980314729044956,0.005211128533590585,0.007293326750615272,0.006258000316661914,0.00463617701272778
22,0,WALKING_UPSTAIRS,-0.004518711915839755,-0.009626636145885114,0.0019434724877417763,0.005797066507745276,0.007981265174485117,-0.0033855922457416273
22,1,LAYING,0.0,0.0,0.0,0.0,0.0,0.0
22,1,SITTING,0.02323614108640472,-0.10356117102918011,-0.07792679448235121,0.04743240753766422,0.04082219001100907,0.04707085222594089
22,1,STANDING,0.012708891711266195,-0.024323239667385855,-0.03109004242948081,0.015134622027301344,0.0110946924822609,0.007034715623209883
22,1,WALKING,-0.0051939545457474305,-0.011876832410804346,0.004353986492301499,-0.0025183156498199788,-0.0029423974310222862,-0.0005429278632101002
22,1,WALKING_DOWNSTAIRS,0.0032360441186190265,-0.022301409692252715,0.0012420914860954571,-0.0010345338701728713,0.0033433950327858763,-0.0021424708736908693
22,1,WALKING_UPSTAIRS,0.004309999140442968,-0.025546219679021664,0.005757776641623738,0.00262518591972785,0.012354609710616263,0.006288557282326349
22,2,LAYING,0.0,0.0,0.0,0.0,0.0,0.0
22,2,SITTING,0.01155644472469628,-0.07744226032050526,-0.052775003691304515,0.03633994473007505,0.03227903464407773,0.0357414495287407
22,2,STANDING,0.005346191115477333,-0.026693690504907865,-0.025209255133038816,0.014716785861403507,0.011324912349434939,0.010612571633310678
22,2,WALKING,0.0007848631607617747,-0.0028221444422284643,0.006614303588383066,0.0018390054625988493,0.00183209975864234,0.008471289012368093
22,2,WALKING_DOWNSTAIRS,0.01030106662565032,-0.00848191276737701,0.01364863766916869,0.00871516811107141,0.008766918735536209,0.02032480393289073
22,2,WALKING_UPSTAIRS,0.004334280901968718,-0.005018430096519996,0.006255599804761506,0.00021467681742829982,0.0012388261101281771,0.009158510183662955
22,3,LAYING,0.0,0.0,0.0,0.0,0.0,0.0
22,3,SITTING,0.022356039127945326,-0.10583435307563745,-0.0722279067109825,0.04750891646591022,0.05172494529400419,0.053225189490513664
22,3,STANDING,0.011868458317989071,-0.025472126598713476,-0.02487920855583846,0.013855030895705944,0.0166465146891719,0.010108236604396591
22,3,WALKING,0.00031782568340591827,-0.0027950964928955286,0.0033049425799837923,0.0012642734878753985,0.0033049425799837923,0.0062210123337637
22,3,WALKING_DOWNSTAIRS,0.0007584702398689913,-0.006395499467445346,0.004013791462953685,-0.00046277993619469373,0.0029729661557272797,0.015663168095206688
22,3,WALKING_UPSTAIRS,-0.003120080765804332,-0.00029903665613200217,0.0001163107750203359,-0.0010604515102807502,-0.0006754187841756761,0.005038676941372454
22,4,LAYING,0.0,0.0,0.0,0.0,0.0,0.0
22,4,SITTING,0.019307137785502044,-0.07110597526038019,-0.05711334732101972,0.03569846274350031,0.02905940570124832,0.03275639479566804
22,4,STANDING,0.008675287576941323,-0.011429119706220299,-0.018096259997499975,0.01065456914531481,0.003897009111723345,0.0043380790096445715
22,4,WALKING,0.006070302331376009,-0.017588425713899503,0.014228504541238578,0.0046465218408418656,0.008887911608413727,0.01735433478065256
22,4,WALKING_DOWNSTAIRS,0.010968070096065928,-0.013339045645133886,0.017745813905339,0.00874839661442896,0.009294003347716628,0.014772806930452183
22,4,WALKING_UPSTAIRS,0.0015351717593775737,-0.01722690952191127,0.006081603890275668,0.0031283386132211766,0.0033484120357179016,0.0031333832233187957
22,5,LAYING,0.0,0.0,0.0,0.0,0.0,0.0
22,5,SITTING,0.022613088032914563,-0.06330343384620049,-0.06257950069557952,0.03631714013450796,0.03255835401238528,0.03254250051012087
22,5,STANDING,0.0120767700487304,0.001979920512295985,-0.009058187647457718,0.00437743776904729,0.0004263996982270322,-0.00827016469136391
22,5,WALKING,0.0009290837652029464,-0.006029421718741453,0.004311610834739157,-0.00071272727708425,0.0017964695881127664,0.005410817436680396
22,5,WALKING_DOWNSTAIRS,0.010778462578827537,-0.018704141547149652,0.006638828275553811,0.0016356033905196002,0.006113687575566819,0.011175355002272496
22,5,WALKING_UPSTAIRS,0.0043894167548600245,-0.010667732956999678,0.0011352647073598584,0.0017987784777714197,0.005306099560833122,0.00358764406588687
22,Aggregated,LAYING,-0.08993973641524665,0.40682816438617153,-0.06979634265266396,-0.0870563398671986,-0.07150598231488411,-0.08852976313617812
22,Aggregated,SITTING,0.011530146448155977,-0.05641639471366346,-0.07188597745010099,0.035699588924122505,0.03403592295679792,0.03682956380047909
22,Aggregated,STANDING,0.009587608336808657,-0.018815683824508978,-0.023405304072242873,0.012022491847145423,0.00918455845478106,0.005930042102970845
22,Aggregated,WALKING,2.4375056752227544e-05,-0.00823662313320984,0.006420065347308694,0.0014441021649580518,0.003263597126123621,0.008067396245477122
22,Aggregated,WALKING_DOWNSTAIRS,0.006531083291388113,-0.014478737316344104,0.00815465645330113,0.004183600308017088,0.006087025677936625,0.01074310567626859
22,Aggregated,WALKING_UPSTAIRS,0.001389627268043244,-0.011349827687895058,0.003553326856382107,0.0019129182089448018,0.004739289631894721,0.004314984125699522
22,Centralized,LAYING,-0.08993973641524665,0.40682816438617153,-0.06979634265266396,-0.0870563398671986,-0.07150598231488411,-0.08852976313617812
22,Centralized,SITTING,0.011530146448155977,-0.05641639471366346,-0.07188597745010099,0.035699588924122505,0.03403592295679792,0.03682956380047909
22,Centralized,STANDING,0.009587608336808657,-0.018815683824508978,-0.023405304072242873,0.012022491847145423,0.00918455845478106,0.005930042102970845
22,Centralized,WALKING,2.4375056752227544e-05,-0.00823662313320984,0.006420065347308694,0.0014441021649580518,0.003263597126123621,0.008067396245477122
22,Centralized,WALKING_DOWNSTAIRS,0.006531083291388113,-0.014478737316344104,0.00815465645330113,0.004183600308017088,0.006087025677936625,0.01074310567626859
22,Centralized,WALKING_UPSTAIRS,0.001389627268043244,-0.011349827687895058,0.003553326856382107,0.0019129182089448018,0.004739289631894721,0.004314984125699522
23,0,LAYING,-0.11162230257638954,0.4900848613029963,-0.10232585114325826,-0.09166120332744185,-0.07231057533769712,-0.11216492891820802
23,0,SITTING,0.0343537689644309,0.0914419176459018,0.0327345465835768,-0.07431332819647161,-0.02645151220391627,-0.07678500063665891
23,0,STANDING,0.022378218698928358,-0.02719809391808455,0.022839640718558634,-0.011680892397103845,0.00023736890209190935,-0.015050521515543465
23,0,WALKING,-0.0032770286037067543,-0.004188070709937542,0.01383077463556257,-0.006567591785806999,-0.005190648854275741,-0.006900210511814321
23,0,WALKING_DOWNSTAIRS,0.0030695623867858946,-0.01101979565693596,0.005539819340674237,0.008023620395006956,0.004819337886664549,-0.0025496614693128203
23,0,WALKING_UPSTAIRS,-0.00012148242414131705,-0.004475912781715072,0.0031034749950502446,0.005423295614442149,-0.0029654795470402248,0.005744408561632351
23,1,LAYING,0.0,0.0,0.0,0.0,0.0,0.0
23,1,SITTING,0.06952449081518801,-0.04972855791531952,0.06346470061740264,-0.04633605176077325,0.0015720415346057951,-0.046351029421372175
23,1,STANDING,0.032850858548394396,-0.020763973820796974,0.025466978891196222,-0.022046131244737886,0.0023832633375441897,-0.022538183361832206
23,1,WALKING,-0.008948039049529602,-0.004900386373874078,0.013822663845239471,-0.0015416223090974253,-0.006229903951069633,0.006063183792088483
23,1,WALKING_DOWNSTAIRS,-6.0409378896775226e-05,-0.002265913438659286,0.007499473064045662,0.00800416128029582,0.00951057929618767,0.0038272606921784047
23,1,WALKING_UPSTAIRS,-0.005177602349253565,-0.01217905336742885,0.01662047242371049,-0.010958202502244472,-0.004246874606115723,-0.005705598681859699
23,2,LAYING,0.0,0.0,0.0,0.0,0.0,0.0
23,2,SITTING,0.0439797522784164,-0.049403694679057274,0.04168848446719087,-0.028817735811228345,-0.001197607300977522,-0.02274140147517289
23,2,STANDING,0.019569141308403065,-0.017743753056333494,0.01855340216828404,-0.016246957893211303,-0.001311887620122785,-0.011294273535639382
23,2,WALKING,-0.0009448034101622963,-0.001142203188878419,0.009679731009812911,-0.002377207895100841,0.0005006557389110951,-0.005716172254582429
23,2,WALKING_DOWNSTAIRS,-0.00028203811647866517,-0.005209909757336688,0.020405765454725486,-0.009989961721863528,0.00760261072514176,-0.020738356475467602
23,2,WALKING_UPSTAIRS,-0.0009243649749120212,-0.0006070041995533478,0.00441668597518778,-0.002967251970401354,0.0020934639550374947,-0.007829138848251604
23,3,LAYING,0.0,0.0,0.0,0.0,0.0,0.0
23,3,SITTING,0.06508065983780506,-0.054276107278630165,0.06416279252520016,-0.04651620168923483,0.0026165916584069077,-0.032756699007500195
23,3,STANDING,0.02425635925961852,-0.032036984860505296,0.02895366935556492,-0.015718457697014552,0.004225838666062651,-0.00865091202640254
23,3,WALKING,-0.003190141692146377,-0.00794454289970228,0.014531487900580843,-0.010079961715493576,-0.0015888567557289979,-0.0033458850096267268
23,3,WALKING_DOWNSTAIRS,-0.002379513374309448,-0.00429100298398063,0.010774768413390926,-0.007532714105006376,-0.0034937087633139987,-0.00962794573689699
23,3,WALKING_UPSTAIRS,-0.0032004779288149895,-0.00017530917521123567,0.012423394499822419,-0.00796758657122048,-0.002858191057050034,0.0017781702324743162
23,4,LAYING,0.0,0.0,0.0,0.0,0.0,0.0
23,4,SITTING,0.0393470819586349,-0.03712096570132733,0.03698250999873185,-0.019164473647119495,0.013828894577647471,-0.030340726451844727
23,4,STANDING,0.012121322928945282,-0.015313210924517746,0.012352062940047835,-0.00443258436401315,0.009565082031670287,-0.006953536240738128
23,4,WALKING,-0.0057265349788125945,-0.01698213936278791,0.0238078274319824,-0.007684069323462402,0.003785873826841358,-0.008031153039340905
23,4,WALKING_DOWNSTAIRS,0.002022320255561192,-0.016937807036507956,0.017954870890609497,-0.005287330307813757,0.0054677425100118264,-0.018803641790350867
23,4,WALKING_UPSTAIRS,-0.004138549505645205,-0.012504135333315687,0.01688910535471838,-0.003309206657363688,0.0022525572800944933,8.916168208619672e-05
23,5,LAYING,0.0,0.0,0.0,0.0,0.0,0.0
23,5,SITTING,0.034764852369335526,-0.03533616229806873,0.033534977506484626,-0.0344541768646165,0.011736223741395081,-0.021536037035175013
23,5,STANDING,0.0021126435349625304,-0.020780493133987336,0.005157901563252695,-0.0030082734578279198,0.01129235259883352,0.0034453077110001996
23,5,WALKING,0.00028112941598384586,-0.009014540501338764,0.011294572168062868,-0.003787815226272685,0.0012956199337903968,-6.896579022565759e-05
23,5,WALKING_DOWNSTAIRS,0.0019302724122402149,-0.008500893290215722,0.010389291241383568,-0.004487376787730548,0.008838898901758471,-0.008170192477435981
23,5,WALKING_UPSTAIRS,-0.0006926980686028576,-0.0087526828226669,0.010089833810042963,-0.0039473774792641745,0.005023922922834172,-0.001720998362343194
23,Aggregated,LAYING,-0.09881387897380814,0.42667705106725334,-0.08983458142925933,-0.07885277972486038,-0.059819305623698,-0.09935650531562662
23,Aggregated,SITTING,0.04581056389202779,-0.013494699509671854,0.043459611870253725,-0.04353290677539515,-0.0010211089147881525,-0.040578775150586624
23,Aggregated,STANDING,0.01925610485657365,-0.022091201866687327,0.019130571653610717,-0.012540415848214916,0.0042730019204547205,-0.01053913511330934
23,Aggregated,WALKING,-0.0037059928920637653,-0.007477206599909162,0.014622129161111615,-0.005387049278732447,-0.0012571285308169311,-0.0029952996380433064
23,Aggregated,WALKING_DOWNSTAIRS,0.0006231640601671806,-0.00801080481734485,0.012207721440815809,-0.0020648082545617246,0.005411457769308408,-0.009410911944363769
23,Aggregated,WALKING_UPSTAIRS,-0.0023754644173820815,-0.006428919639101735,0.010791885005428948,-0.004208064244658609,0.00010390598176157431,-0.0015376650425547465
23,Centralized,LAYING,-0.09881387897380814,0.42667705106725334,-0.08983458142925933,-0.07885277972486038,-0.059819305623698,-0.09935650531562662
23,Centralized,SITTING,0.04581056389202779,-0.013494699509671854,0.043459611870253725,-0.04353290677539515,-0.0010211089147881525,-0.040578775150586624
23,Centralized,STANDING,0.01925610485657365,-0.022091201866687327,0.019130571653610717,-0.012540415848214916,0.0042730019204547205,-0.01053913511330934
23,Centralized,WALKING,-0.0037059928920637653,-0.007477206599909162,0.014622129161111615,-0.005387049278732447,-0.0012571285308169311,-0.0029952996380433064
23,Centralized,WALKING_DOWNSTAIRS,0.0006231640601671806,-0.00801080481734485,0.012207721440815809,-0.0020648082545617246,0.005411457769308408,-0.009410911944363769
23,Centralized,WALKING_UPSTAIRS,-0.0023754644173820815,-0.006428919639101735,0.010791885005428948,-0.004208064244658609,0.00010390598176157431,-0.0015376650425547465
24,0,LAYING,-0.11065084437271615,0.5077693971038271,-0.08308954732020914,-0.10797179354365737,-0.09019216964716183,-0.11586504222008095
24,0,SITTING,-0.02959269990795811,0.054962228798709614,-0.07027805192086581,0.02316049775037974,0.022639642854485498,0.024132305870225357
24,0,STANDING,0.01462224725225812,-0.007284895086879108,-0.008180053807153026,0.011837791830693533,0.020333848435683782,-0.02093257735104908
24,0,WALKING,-0.0008522572595352644,-0.033850595424722754,0.013331766193070294,0.011203642753043554,0.008643086722539326,0.013817132845583589
24,0,WALKING_DOWNSTAIRS,0.007999129080082271,-0.02826237579093328,0.011143300695201915,0.010238225635861659,0.008709960422152442,-0.001802032016156985
24,0,WALKING_UPSTAIRS,0.0035970011592513862,-0.02455786077583199,0.00690467612416146,0.00978084910934794,0.007788796588058268,0.00651274264860764
24,1,LAYING,0.0,0.0,0.0,0.0,0.0,0.0
24,1,SITTING,0.006698945192249743,-0.07675826042141952,-0.03600737911691361,0.04888519006303455,0.04254937261812973,0.037874762050406414
24,1,STANDING,0.009272056155167279,-0.016268310910647805,-0.010037562044524478,0.019653343636381132,0.02021720653336829,-0.013493949864589834
24,1,WALKING,-0.002802889625255434,-0.014751861773148753,0.011477299804079634,0.008435567360401231,0.005364638494434941,0.012731791194033735
24,1,WALKING_DOWNSTAIRS,-0.0018373768119277908,-0.01892147875660336,0.007869475218963798,0.0044718574935958605,0.005804489533226595,0.002613033322744879
24,1,WALKING_UPSTAIRS,0.0040755003274903275,-0.029699133125381985,0.014356325811145964,0.013338828981006563,0.010794987802397538,0.008780349286533439
24,2,LAYING,0.0,0.0,0.0,0.0,0.0,0.0
24,2,SITTING,0.005892811447099306,-0.06420582288455796,-0.026292023960264938,0.04627388303876,0.03559115053252255,0.03353259473149052
24,2,STANDING,0.006703944075644386,-0.021228448164252196,-0.010490347835006218,0.024035397539157892,0.01933786686212228,1.8400829274068448e-05
24,2,WALKING,0.005827971415495993,-0.020366757733632574,0.007417298587529773,0.0052230450642470685,0.004802152123222599,0.0028021231720466973
24,2,WALKING_DOWNSTAIRS,0.011975964249856953,-0.04014084491035434,0.02127402538135691,0.008905650510016348,0.009553017342468705,-0.011567812573344546
24,2,WALKING_UPSTAIRS,0.005105399743287482,-0.011216008392424292,0.008955432193954711,0.004416072349084786,0.0032742132632500387,-0.0038580905236123997
24,3,LAYING,0.0,0.0,0.0,0.0,0.0,0.0
24,3,SITTING,0.0037765175065512667,-0.07063303607794605,-0.030296443719213625,0.04450729034559927,0.042837679378584334,0.04298514844840527
24,3,STANDING,0.006617203100415445,-0.006412218538680904,-0.0023310360365364794,0.011028215621015119,0.01697741956380475,-0.008786588252212475
24,3,WALKING,0.000478057044899638,-0.01846265099609317,0.0047878459220423355,0.004787845922042336,0.004323449637212614,0.00408545246989624
24,3,WALKING_DOWNSTAIRS,0.0017402376971149657,-0.0232323605510037,0.006269557717292426,0.0065518077669843335,0.006975182841522196,0.0016955745280897772
24,3,WALKING_UPSTAIRS,0.001301571744619312,-0.014774162520861668,0.003264563148997161,0.003456438732829118,0.003188544062578912,0.0035630448318371625
24,4,LAYING,0.0,0.0,0.0,0.0,0.0,0.0
24,4,SITTING,0.007282053964012681,-0.06789077955542684,-0.02534399052888654,0.0373819353427334,0.034451983168792395,0.025624070859014594
24,4,STANDING,0.008462084773525454,-0.010211713418873194,-0.0047448900702067275,0.01243218822662127,0.013608116294377264,-0.01741788150362664
24,4,WALKING,-0.003790548910012957,-0.03144788753744715,0.013740647166586588,0.009667394178455394,0.005483100671401307,0.005709516731976972
24,4,WALKING_DOWNSTAIRS,0.006017101940248757,-0.046261257386475685,0.01675450361491051,0.012833341004949915,0.009928354945888068,0.0007279558804784148
24,4,WALKING_UPSTAIRS,-0.0014876356332854353,-0.026495084482883603,0.006711465826313551,0.008533200399278663,0.007377294599213573,0.006081826470788745
24,5,LAYING,0.0,0.0,0.0,0.0,0.0,0.0
24,5,SITTING,0.01619620451945235,-0.05793197600660639,-0.026076718541153177,0.034516333286108695,0.031497101957601144,0.02728690822944003
24,5,STANDING,0.01714641505751645,0.011568662080518414,0.006764856297789513,-1.7110519034981163e-05,0.006329906101891459,-0.03018070716075719
24,5,WALKING,0.00030068744317939824,-0.019685111522828477,0.007777433097582814,0.004542435720698934,0.004096465763391639,0.0029680894979756704
24,5,WALKING_DOWNSTAIRS,0.0038765014268010043,-0.028706347075289504,0.00900376749528662,0.0047518826326667755,0.004751882632666775,-0.002426593498833281
24,5,WALKING_UPSTAIRS,-8.02344161092335e-06,-0.025465058177958348,0.004629636431906474,0.005311653194292615,0.0050825920865950076,0.004899729297063481
24,Aggregated,LAYING,-0.10100897109447925,0.45956003071264223,-0.07344767404197221,-0.09832992026542048,-0.08055029636892493,-0.10622316894184404
24,Aggregated,SITTING,-0.0003069552543639288,-0.038221503666902405,-0.037820883824560385,0.03714656431483668,0.03359056305538512,0.030433274840235332
24,Aggregated,STANDING,0.01022153735173285,-0.008892645849753864,-0.005201550933476596,0.013596785279398898,0.016208838725548763,-0.014404070261127227
24,Aggregated,WALKING,-8.868291941640885e-05,-0.02303466051757834,0.009839955600923328,0.0073621965465528695,0.005475621180687033,0.006949143292935476
24,Aggregated,WALKING_DOWNSTAIRS,0.004822209774278718,-0.030867419926888927,0.012003097945715899,0.007882271881238906,0.007579603487596145,-0.0016725336826653033
24,Aggregated,WALKING_UPSTAIRS,0.0020468079062100266,-0.02186111991288149,0.007389760439911122,0.007308771077289691,0.0061145229666168975,0.004138747413302902
24,Centralized,LAYING,-0.10100897109447925,0.45956003071264223,-0.07344767404197221,-0.09832992026542048,-0.08055029636892493,-0.10622316894184404
24,Centralized,SITTING,-0.0003069552543639288,-0.038221503666902405,-0.037820883824560385,0.03714656431483668,0.03359056305538512,0.030433274840235332
24,Centralized,STANDING,0.01022153735173285,-0.008892645849753864,-0.005201550933476596,0.013596785279398898,0.016208838725548763,-0.014404070261127227
24,Centralized,WALKING,-8.868291941640885e-05,-0.02303466051757834,0.009839955600923328,0.0073621965465528695,0.005475621180687033,0.006949143292935476
24,Centralized,WALKING_DOWNSTAIRS,0.004822209774278718,-0.030867419926888927,0.012003097945715899,0.007882271881238906,0.007579603487596145,-0.0016725336826653033
24,Centralized,WALKING_UPSTAIRS,0.0020468079062100266,-0.02186111991288149,0.007389760439911122,0.007308771077289691,0.0061145229666168975,0.004138747413302902
25,0,LAYING,-0.12807992665082082,0.5559455592417047,-0.09692003098748732,-0.11223956912333155,-0.09513605376517141,-0.0982535230186902
25,0,SITTING,0.039566445074044033,0.13280880015513652,0.027177954406700018,-0.059359775707258595,-0.07036818829795065,-0.12484915907564792
25,0,STANDING,0.03124379696909846,-0.0068518357016303455,0.021517539783374243,-0.006912028534185912,-0.01839932838825411,-0.0420990457791167
25,0,WALKING,-0.001389182190448537,0.01993156634820569,0.023276465394943713,-0.00744017526329116,-0.002718987405616584,-0.01903690364898271
25,0,WALKING_DOWNSTAIRS,-0.005389091945504611,-0.005534044266367254,0.0008491544290624931,-0.0014505192177174703,0.0010047480509079222,0.0029439953738613694
25,0,WALKING_UPSTAIRS,-0.0016387104341871602,-0.004992711176552505,0.0009489159148876149,0.0004203811572683865,-0.006244037418622523,-0.01100035308662226
25,1,LAYING,0.0,0.0,0.0,0.0,0.0,0.0
25,1,SITTING,0.08379942911891228,-0.023075022710428952,0.050702337708621925,-0.017565676876664518,-0.04060302126149823,-0.10073235485142794
25,1,STANDING,0.037269641984420246,-0.002095645146003108,0.020484328076923176,-0.013639403328498388,-0.02276028530151933,-0.046720757497444046
25,1,WALKING,-0.0028671774975926206,-0.0034167524098663023,0.014605497716305045,-0.0021907948025587723,-0.0027518654658786833,-0.012590849444658233
25,1,WALKING_DOWNSTAIRS,-0.0018279021967686042,-0.00948937012531045,0.007404252076777257,-0.0036834824208840013,0.005288520415916848,-0.005044958926201617
25,1,WALKING_UPSTAIRS,0.0010571288831329165,0.00017593754039690816,0.012489816635833935,-0.004362834958902994,-0.0011550628599921453,-0.015326895588185415
25,2,LAYING,0.0,0.0,0.0,0.0,0.0,0.0
25,2,SITTING,0.061021042809920156,-0.04286585170101884,0.041422986527955244,-0.007244468680996915,-0.018568722518100496,-0.07984714776807139
25,2,STANDING,0.025003312550974908,-0.0015312131424914403,0.013466232327163515,-0.011185324912612564,-0.015566406167869045,-0.03795707041458529
25,2,WALKING,-0.0036007954011151233,0.00897610258018581,-0.005762307485059084,-0.0007491821323459953,-0.003640693007726789,-0.0014250065043237775
25,2,WALKING_DOWNSTAIRS,-0.0052850056427168855,0.006041874265914918,-0.003618044573961963,-0.0014328883106657882,-0.0011599732447599765,-0.00012873565092550812
25,2,WALKING_UPSTAIRS,-0.00024918341513357665,-0.002330557915576925,0.0002187790975766583,-0.0006088487452171701,0.0023245031641318616,-0.0002141007564281042
25,3,LAYING,0.0,0.0,0.0,0.0,0.0,0.0
25,3,SITTING,0.08126143395427746,-0.023250247083593613,0.0504857915777857,-0.02674374493496784,-0.04000418294307871,-0.09223701413580944
25,3,STANDING,0.029921222340070806,-0.0021818092418489678,0.018611969942088365,-0.011907349315324387,-0.018843436375393333,-0.0411155786230007
25,3,WALKING,0.0022448669161237384,0.006618183636500805,0.01333482112914816,-0.00127910070266146,0.0027572248348209294,-0.012058095641815132
25,3,WALKING_DOWNSTAIRS,-0.003670730667590633,0.014259853070298114,0.017028996956124205,-0.003260314333538461,0.0066974540230617195,-0.005414233407329416
25,3,WALKING_UPSTAIRS,-0.0012156807068467927,0.007880523651907,0.011084281891299487,-0.0034818149935352555,0.0014368122709343934,-0.010489398187378499
25,4,LAYING,0.0,0.0,0.0,0.0,0.0,0.0
25,4,SITTING,0.06321318304150393,-0.0325378455505804,0.046610911499159635,0.002382375621965582,-0.023978978579588736,-0.06929508820933154
25,4,STANDING,0.022899794092673308,0.0004701497739204203,0.014139889215608638,-0.001866376046961485,-0.011619974851265254,-0.024877112960210685
25,4,WALKING,0.0025287499061664043,0.0010656620139995964,0.008171039007035915,0.0016742077332891514,0.005918771348877755,-0.007890456864749039
25,4,WALKING_DOWNSTAIRS,0.0037555963115226366,0.001816815105498502,-0.004455006280164258,0.006106964597981809,0.0035397252434399185,0.005459136689469599
25,4,WALKING_UPSTAIRS,0.001548345759520629,-0.0069642967602873964,0.0009657322139498233,0.0036502033610747255,0.0019523425178984124,-0.0018733942715817421
25,5,LAYING,0.0,0.0,0.0,0.0,0.0,0.0
25,5,SITTING,0.06476546148351985,-0.03439589690483681,0.04817598186080984,-0.004376057171850383,-0.015912002542375705,-0.09128618642063296
25,5,STANDING,0.01667332678544768,-0.011239179894695245,0.01147045334013484,-0.0014004718226576216,-0.004382055769133045,-0.027426420465183593
25,5,WALKING,0.0026673146093565106,0.00445498522863517,0.013573107291940244,8.336261011159436e-05,0.004557826229547587,-0.013718695797473977
25,5,WALKING_DOWNSTAIRS,0.0018432433360254753,0.007093474636187556,0.023083326864591542,-0.002139102799990942,0.023202111725879535,-0.002578003257642539
25,5,WALKING_UPSTAIRS,0.0032752748528598577,0.004587114993188379,0.0113767456985322,0.002172782153377617,0.011257578041286867,-0.010060541403382932
25,Aggregated,LAYING,-0.1133959874574493,0.48346340503333163,-0.08285983673921875,-0.09755587178255086,-0.08076626199368295,-0.08356899136422612
25,Aggregated,SITTING,0.06336939937824924,0.0063238503933645655,0.04231854467879075,-0.020839288702852066,-0.036656848016438995,-0.09470482428144084
25,Aggregated,STANDING,0.027430045335102696,-0.0036678315571730415,0.016758530524427117,-0.008054258590606102,-0.015506709817709413,-0.036992114800511955
25,Aggregated,WALKING,-1.9798221757309312e-05,0.006017031740300713,0.011215347779625191,-0.0016106391856678432,0.0008050676010594671,-0.011113326624367592
25,Aggregated,WALKING_DOWNSTAIRS,-0.0016981421335472307,0.0024539340367444856,0.006413144976628784,-0.0008592581687499656,0.006288445702629339,-0.0006956708377489814
25,Aggregated,WALKING_UPSTAIRS,0.0005233643577547317,-7.175282761558247e-05,0.006363432946215819,-0.0003827998180304252,0.002018215464896237,-0.007944121601078841
25,Centralized,LAYING,-0.1133959874574493,0.48346340503333163,-0.08285983673921875,-0.09755587178255086,-0.08076626199368295,-0.08356899136422612
25,Centralized,SITTING,0.06336939937824924,0.0063238503933645655,0.04231854467879075,-0.020839288702852066,-0.036656848016438995,-0.09470482428144084
25,Centralized,STANDING,0.027430045335102696,-0.0036678315571730415,0.016758530524427117,-0.008054258590606102,-0.015506709817709413,-0.036992114800511955
25,Centralized,WALKING,-1.9798221757309312e-05,0.006017031740300713,0.011215347779625191,-0.0016106391856678432,0.0008050676010594671,-0.011113326624367592
25,Centralized,WALKING_DOWNSTAIRS,-0.0016981421335472307,0.0024539340367444856,0.006413144976628784,-0.0008592581687499656,0.006288445702629339,-0.0006956708377489814
25,Centralized,WALKING_UPSTAIRS,0.0005233643577547317,-7.175282761558247e-05,0.006363432946215819,-0.0003827998180304252,0.002018215464896237,-0.007944121601078841
26,0,LAYING,-0.12343618662901924,0.5353547735231793,-0.10665027963955911,-0.11294793311684186,-0.1074260908616831,-0.11021073897227879
26,0,SITTING,0.006158823928602326,0.07456217523724917,-0.061400157356430875,0.013751064815616651,0.02790057979364185,0.03535778881067808
26,0,STANDING,0.023058230738351563,0.00025695610713391364,-0.004084157730128668,0.01836149190250398,0.017574403225123488,-0.008974664567578486
26,0,WALKING,-0.0023364956196584765,-0.03804348166032487,0.01846456798397243,-0.0011951927400466061,0.013445650245886481,0.003311484228649866
26,0,WALKING_DOWNSTAIRS,0.013113494624898905,-0.031453352460934246,0.017528154482201914,0.011536758374133038,-0.00217168309877564,-0.021516334884487027
26,0,WALKING_UPSTAIRS,0.008033539501222752,-0.02415402709752956,0.013999082440233087,0.008212099169342275,0.009150195238963776,0.0022541866370042376
26,1,LAYING,0.0,0.0,0.0,0.0,0.0,0.0
26,1,SITTING,0.03157875704367771,-0.07371616122002667,-0.020184215175623417,0.04469874704532843,0.05349762750721511,0.042278491913877496
26,1,STANDING,0.017820914235630037,-0.009522719016265856,-0.006979471370595651,0.025085788176761763,0.027790220125141218,-0.008251428142851654
26,1,WALKING,-0.002261171393904451,-0.01942163199421916,0.013440801305965975,-0.0025453098640060732,0.00595558245652908,0.003701485489900567
26,1,WALKING_DOWNSTAIRS,0.008135110956629261,-0.018510274317375276,0.022119483173125728,0.004709668733724828,0.004656516004812677,-0.015741690358573555
26,1,WALKING_UPSTAIRS,0.0016021012561061052,-0.02851541406722883,0.010806282780379818,-0.0015857743576929114,0.004462416133637109,-0.005454153010387745
26,2,LAYING,0.0,0.0,0.0,0.0,0.0,0.0
26,2,SITTING,0.021659175408280478,-0.050421640865315,-0.017197427630737484,0.03425079712357622,0.047049483878994554,0.03827668657767701
26,2,STANDING,0.010953932537384185,-0.008348180968453071,-0.00841813409480533,0.02013677612344739,0.026618531093044413,0.007303869318888332
26,2,WALKING,0.0038626486278216013,-0.02861337154336971,0.012129275341755357,0.004883034862144546,0.004439250178632858,-0.007416248749682421
26,2,WALKING_DOWNSTAIRS,0.004051363395898063,-0.04247457775856746,0.016178992637116626,0.0017151401167042183,0.001136605995184021,-0.02705528558036519
26,2,WALKING_UPSTAIRS,-0.001565076335522836,-0.020005612964944557,0.0020494893245604088,-0.0016394377245850208,-0.0019017062683254519,-0.005316241703831683
26,3,LAYING,0.0,0.0,0.0,0.0,0.0,0.0
26,3,SITTING,0.022907788035538938,-0.0573312364743528,-0.019028507880080196,0.03638635329529699,0.044578922072696564,0.02640517624870613
26,3,STANDING,0.006700008352225955,0.0010286366064912228,-0.0006112929365508413,0.01747336183124077,0.01648108406820853,-0.018300480092158348
26,3,WALKING,0.0005965624953142308,-0.01826616832008519,0.004469721668300383,-0.0052886173738089515,0.002819794328487752,-0.0016550255992348235
26,3,WALKING_DOWNSTAIRS,0.0022344275115553074,-0.01623757716642292,0.005438409832482065,-0.0015635793348620793,-0.003836863788046216,-0.020143344186489075
26,3,WALKING_UPSTAIRS,0.002773449480794265,-0.020213548945962223,0.005735903873766826,-0.003089940804731271,0.001071522482784292,-0.0037620486633390495
26,4,LAYING,0.0,0.0,0.0,0.0,0.0,0.0
26,4,SITTING,0.02486153795425048,-0.06071822860858359,-0.013921854372907575,0.027128274935802613,0.03409515969906634,0.028453278248471183
26,4,STANDING,0.012169581348057183,-0.005393691411931382,-0.0034954787457445297,0.011546026952418739,0.010971116147214802,-0.013950134693904128
26,4,WALKING,-0.0017189919866950833,-0.0301723482524319,0.013869299409834755,0.002101603402441907,0.0011690817750268257,-0.007151887304050975
26,4,WALKING_DOWNSTAIRS,0.009620042372996058,-0.050999159865426885,0.027770673620754315,0.007444028431306355,-0.0019891791538879794,-0.032337610185031576
26,4,WALKING_UPSTAIRS,0.006013475128832657,-0.02420469639288456,0.011026717682818316,0.0070515866982002965,-0.0016938152126113428,-0.004159566380530544
26,5,LAYING,0.0,0.0,0.0,0.0,0.0,0.0
26,5,SITTING,0.026980551109559745,-0.06200386120638611,-0.007165191836302292,0.0324267698539176,0.03489855911026337,0.019433986770530515
26,5,STANDING,0.0118632797897363,0.005542349566193074,0.009731844582018378,0.015330742780882657,0.00698454536972181,-0.03240876929205105
26,5,WALKING,-0.0024196171460497485,-0.019207225714744505,0.004995962685337899,-0.0017805070356744204,0.002967982251890267,-0.0018803278417860781
26,5,WALKING_DOWNSTAIRS,-0.005600074810419,-0.02496770761975872,-0.0031368931247963694,-0.008535210606616528,-0.008690527213546045,-0.017495784083318998
26,5,WALKING_UPSTAIRS,-0.0031766424328475897,-0.023573153017471378,0.00131052954371542,-0.0026159880143515027,0.0019531191985538883,-0.0019898294973075084
26,Aggregated,LAYING,-0.11289478380648657,0.4829656402052174,-0.09610887681702636,-0.10240653029430911,-0.09688468803915039,-0.09998721694444807
26,Aggregated,SITTING,0.020314084007510974,-0.028990289736380313,-0.025473378521793898,0.029130242111316824,0.03866837800763165,0.030562116572986957
26,Aggregated,STANDING,0.013662047261945845,-0.0031037482883012027,-0.0025741833867157344,0.018118733258667273,0.017982148116502745,-0.011837756706805333
26,Aggregated,WALKING,-0.0007425680594729256,-0.02552727941436293,0.011215594101813019,-0.000695804788003146,0.004981307655808398,-0.001964414723855902
26,Aggregated,WALKING_DOWNSTAIRS,0.0051437023160532825,-0.030668618354743524,0.014318954706474325,0.0024557389878848653,-0.0017293343230238845,-0.022336580529289673
26,Aggregated,WALKING_UPSTAIRS,0.0020711125438238037,-0.023364607688745594,0.007136896103306131,0.0007788653881740826,0.0018624009698895987,-0.003333638920155333
26,Centralized,LAYING,-0.11289478380648657,0.4829656402052174,-0.09610887681702636,-0.10240653029430911,-0.09688468803915039,-0.09998721694444807
26,Centralized,SITTING,0.020314084007510974,-0.028990289736380313,-0.025473378521793898,0.029130242111316824,0.03866837800763165,0.030562116572986957
26,Centralized,STANDING,0.013662047261945845,-0.0031037482883012027,-0.0025741833867157344,0.018118733258667273,0.017982148116502745,-0.011837756706805333
26,Centralized,WALKING,-0.0007425680594729256,-0.02552727941436293,0.011215594101813019,-0.000695804788003146,0.004981307655808398,-0.001964414723855902
26,Centralized,WALKING_DOWNSTAIRS,0.0051437023160532825,-0.030668618354743524,0.014318954706474325,0.0024557389878848653,-0.0017293343230238845,-0.022336580529289673
26,Centralized,WALKING_UPSTAIRS,0.0020711125438238037,-0.023364607688745594,0.007136896103306131,0.0007788653881740826,0.0018624009698895987,-0.003333638920155333
27,0,LAYING,-0.13715518881221161,0.6263014230374138,-0.06608245776465681,-0.13841770171023013,-0.11371506678394111,-0.09685693389229931
27,0,SITTING,0.04769357908831659,0.07201468448046346,-0.006414644303826289,-0.07889782317963578,-0.0920466729968822,-0.08812994776834282
27,0,STANDING,0.02977112644832732,-0.021521633229052227,0.0014480025006031111,-0.019927742225273996,-0.02985600865457525,-0.03159833265364898
27,0,WALKING,0.006269493966846462,-0.020066166963550198,0.02258382848670068,0.00927614264660358,0.00022295847989638832,0.007269298939058734
27,0,WALKING_DOWNSTAIRS,0.0009549059223909954,-0.0011888264940089033,0.0029406928408590087,0.007587761203150826,0.0019160875105685223,0.013419008646669199
27,0,WALKING_UPSTAIRS,0.002458867452747606,-0.01685020578803686,0.006265499337873708,0.006395752339611737,-0.002700758816286684,0.002808785457869845
27,1,LAYING,0.0,0.0,0.0,0.0,0.0,0.0
27,1,SITTING,0.09048069630545442,-0.08401216317193831,0.012086154887276868,-0.0317594278790821,-0.055341154195134655,-0.061301600499953236
27,1,STANDING,0.036198228062783756,-0.02127876688644384,-0.0006829674655683833,-0.02208940052148328,-0.031151335786325656,-0.03278576372807337
27,1,WALKING,0.004350939860882223,-0.018655936268882754,0.012911794415224102,0.010894473584712964,0.003144681819566438,0.004952530411429136
27,1,WALKING_DOWNSTAIRS,0.0011920781357053966,-0.007048840927408393,0.005216332733007699,0.003488442806482233,0.004826235920325718,0.011396209251266146
27,1,WALKING_UPSTAIRS,0.0076758980780017305,-0.021674410277375288,0.01554703183033913,0.007304235602292228,0.0015172982888580987,0.008314487743070495
27,2,LAYING,0.0,0.0,0.0,0.0,0.0,0.0
27,2,SITTING,0.04725880792481704,-0.05443793025648636,-0.0002701482858940526,-0.02029682901593747,-0.02378760367054395,-0.036735039588090844
27,2,STANDING,0.018925090822910523,-0.012437748976676277,-0.006911618307672705,-0.014189578110114634,-0.015500713968459435,-0.018888083368208526
27,2,WALKING,2.4452380282802277e-05,0.004207488415934024,-0.0025459012935193886,0.0027155097692439733,0.0017439782415695142,0.010341473120604532
27,2,WALKING_DOWNSTAIRS,0.008169163257752441,0.011339375988402995,0.007645071789555576,0.00871065502933163,0.009823738271756227,0.01678258389849536
27,2,WALKING_UPSTAIRS,0.006611161374693703,0.0006534155312080958,0.006415014537289987,0.005632824547300264,0.006611161374693694,0.008346259004064027
27,3,LAYING,0.0,0.0,0.0,0.0,0.0,0.0
27,3,SITTING,0.08050279383174876,-0.07690840942883267,0.00940141230365891,-0.03954761394374074,-0.04035784583335734,-0.04507979674502322
27,3,STANDING,0.025043862172618885,-0.014962818121129014,1.77851716844689e-05,-0.020824382069671927,-0.02112311672126359,-0.022434373554828472
27,3,WALKING,0.003917076698254801,-0.013393372082254891,0.011597118409346541,0.00616068906840392,0.003241693385599259,0.005800527321677038
27,3,WALKING_DOWNSTAIRS,0.006881202189981126,-0.006935785382116232,0.016909203658208177,0.003753926703864392,0.005527938203547259,0.015815179013200106
27,3,WALKING_UPSTAIRS,0.005834165451179025,-0.009416346123646217,0.013953231182525075,0.005129476007534004,0.003936207082409067,0.004022771743981891
27,4,LAYING,0.0,0.0,0.0,0.0,0.0,0.0
27,4,SITTING,0.07783874046781512,-0.06982287373146569,0.029739581489960972,-0.01608274405723362,-0.033167844066922775,-0.05503903447353488
27,4,STANDING,0.031659597788436945,-0.015294340653628401,0.010018030338643635,-0.010249431727097726,-0.01714350083345311,-0.023071987565962498
27,4,WALKING,0.004200860760380757,-0.005509769653096524,0.004375233378878438,0.00828392907095884,0.005689579561025994,0.010702286408310904
27,4,WALKING_DOWNSTAIRS,0.007785592948966884,0.006286078745942401,-0.0020071687104647375,0.008336649393212412,0.011156050642303576,0.0020525503986786294
27,4,WALKING_UPSTAIRS,0.004452990913011817,-0.009674512174107712,-0.0028659500571601025,0.007544706515969753,0.005594458880204297,0.0009146043982570999
27,5,LAYING,0.0,0.0,0.0,0.0,0.0,0.0
27,5,SITTING,0.06989239661551647,-0.06997273956490047,0.01838982261726306,-0.02944319960597728,-0.033839741801375355,-0.04754940001415754
27,5,STANDING,0.023198861284326546,-0.013120938948863042,0.0032379842110525315,-0.013271007336977357,-0.015257329892402345,-0.01950157326190949
27,5,WALKING,0.005500626598836775,-0.015993993483467018,0.010943578775861178,0.005695417739447119,0.004470067078598148,0.006708036091750465
27,5,WALKING_DOWNSTAIRS,0.016680668531374534,0.006149752900893457,0.011900300878335044,0.019407042267274317,0.01866246577508547,0.003600448764184816
27,5,WALKING_UPSTAIRS,0.011564326675426546,-0.0077470736915732944,0.008559029858545458,0.015213616505932366,0.012696516219311945,-0.006366677404218203
27,Aggregated,LAYING,-0.1254946066985715,0.5683163932639139,-0.05473975644571867,-0.1267571195965898,-0.10205448467030091,-0.085196351778659
27,Aggregated,SITTING,0.066169346088483,-0.0351570291007255,0.009141953212332693,-0.03905276215665491,-0.04885284967999955,-0.05785280478390861
27,Aggregated,STANDING,0.027640794155829432,-0.016539135317705452,0.001131620932867733,-0.016882438783521875,-0.021815620577580318,-0.024832483501172526
27,Aggregated,WALKING,0.004090567943314328,-0.011553531433928722,0.009926056551747896,0.0071654081472248355,0.0031728304730816335,0.007701313821205483
27,Aggregated,WALKING_DOWNSTAIRS,0.0068841485952109505,0.0016003846708162886,0.006900311246625151,0.008469516053750605,0.008688392433933663,0.01029268801348218
27,Aggregated,WALKING_UPSTAIRS,0.006576944958712408,-0.010411652273864303,0.008013823711411941,0.007896943454733093,0.00490033823393177,0.003087045464209113
27,Centralized,LAYING,-0.1254946066985715,0.5683163932639139,-0.05473975644571867,-0.1267571195965898,-0.10205448467030091,-0.085196351778659
27,Centralized,SITTING,0.066169346088483,-0.0351570291007255,0.009141953212332693,-0.03905276215665491,-0.04885284967999955,-0.05785280478390861
27,Centralized,STANDING,0.027640794155829432,-0.016539135317705452,0.001131620932867733,-0.016882438783521875,-0.021815620577580318,-0.024832483501172526
27,Centralized,WALKING,0.004090567943314328,-0.011553531433928722,0.009926056551747896,0.0071654081472248355,0.0031728304730816335,0.007701313821205483
27,Centralized,WALKING_DOWNSTAIRS,0.0068841485952109505,0.0016003846708162886,0.006900311246625151,0.008469516053750605,0.008688392433933663,0.01029268801348218
27,Centralized,WALKING_UPSTAIRS,0.006576944958712408,-0.010411652273864303,0.008013823711411941,0.007896943454733093,0.00490033823393177,0.003087045464209113
28,0,LAYING,-0.13900254467336431,0.5680305415644528,-0.07419622125057615,-0.15251223705103897,-0.1264089781793577,-0.12466817878798495
28,0,SITTING,-0.022098672052028843,0.14427347100425336,0.019456778765424697,0.0008163676342767416,0.012204053039647007,0.004664021910994912
28,0,STANDING,0.01806704030667502,0.012485007565422292,0.017313909006165903,0.007074236901559452,0.021390331493386528,-0.009181084851879519
28,0,WALKING,-0.012233060582743227,-0.023414314848015202,0.01092649300281296,-0.010577853955394808,0.005332674340241109,-0.0018588091857456544
28,0,WALKING_DOWNSTAIRS,0.011271222218328054,-0.03068484822691126,0.010553438118766743,0.004125546672669938,0.011087018576126546,-0.02161843240485138
28,0,WALKING_UPSTAIRS,0.0015579646892531051,-0.011545788039420048,0.01402260605902353,0.0003824965109923343,0.008156727833828798,0.0022408077611371017
28,1,LAYING,0.0,0.0,0.0,0.0,0.0,0.0
28,1,SITTING,0.024452561871611343,-0.011638372008888712,0.040737024703042045,0.033575848082477364,0.039271420135994974,0.020931669453890543
28,1,STANDING,0.025473356334570606,0.01173002804692147,0.025708570367279877,0.011080390777290767,0.021771753173558048,-0.011562418027351735
28,1,WALKING,-0.009671951715929656,-0.011378903888233505,0.0011303218777813154,-0.007795311150113773,-0.0009699882260339594,0.0009749897290356931
28,1,WALKING_DOWNSTAIRS,0.0003160011682761236,-0.020001571693326146,0.009790004861385345,-0.005387817919100244,0.008939562943898619,-0.02174251029638528
28,1,WALKING_UPSTAIRS,-0.004821500494364518,-0.020896239199871162,0.00685573064183489,-0.0037053724670967664,0.0048440896355565,-0.0009612493812453845
28,2,LAYING,0.0,0.0,0.0,0.0,0.0,0.0
28,2,SITTING,0.01500847168017789,-0.01885584291818878,0.0284687086499991,0.026194586661812926,0.029921250674836402,0.017688674464287017
28,2,STANDING,0.012176285068578256,0.008183476348867187,0.01397560880625582,0.008704944738122907,0.013921004835465158,-0.0059409116340239515
28,2,WALKING,0.003228171176355471,-0.015374589775729797,0.009950813725556824,0.001540621186596088,0.006775930909541083,-0.011396487252261826
28,2,WALKING_DOWNSTAIRS,0.00889552729977307,-0.039252010835192856,0.014514731939348685,-0.004439536684037008,0.011079413393947456,-0.03537894956960596
28,2,WALKING_UPSTAIRS,-0.002360284446768534,-0.01832964770180461,0.0006205146031985446,-0.0026417649182011965,-0.0025610791485873564,-0.008997574757086698
28,3,LAYING,0.0,0.0,0.0,0.0,0.0,0.0
28,3,SITTING,0.020127014333445006,-0.01857183712202692,0.042246800060729575,0.02393788686100711,0.03117294855862173,0.01728053572072256
28,3,STANDING,0.020569999087534263,0.006786653880366776,0.0260301733153908,0.000498568637210243,0.012195986706761076,-0.015768843326000672
28,3,WALKING,-0.00615962893763952,-0.011912939675595978,0.002031604147602404,-0.0034931507708842995,0.0019376257278321287,0.0002727567076586631
28,3,WALKING_DOWNSTAIRS,-0.00042738488071087933,-0.018350366436775498,-0.00029713375448736,-0.00536311283447393,0.0004195167623085077,-0.017933183242545878
28,3,WALKING_UPSTAIRS,-0.007260302722436783,-0.014763133700582068,0.0037425048473693706,-0.00460412211550014,0.003338171390265205,-0.003912623043098472
28,4,LAYING,0.0,0.0,0.0,0.0,0.0,0.0
28,4,SITTING,0.013244641068477484,-0.021269530710216863,0.018644848887704294,0.025228056980286077,0.02860475928580615,0.018054100060907272
28,4,STANDING,0.01421966240089482,0.0023887170237550455,0.005856075649384696,0.0074214991512996965,0.01245187754025316,-0.010276486517428962
28,4,WALKING,-0.006572956108029814,-0.030880087295541807,0.013224125729068718,-0.003706895121078202,0.006897522444662912,-0.012964579089540934
28,4,WALKING_DOWNSTAIRS,0.009722950308236337,-0.04648525231729858,0.02234560764946332,-0.0020725846910825247,0.018112393369557785,-0.035232867737515376
28,4,WALKING_UPSTAIRS,0.0010172587903696168,-0.031447042712400154,0.009108433718382037,0.005669096966534896,0.00890507596404022,-0.005110371899702181
28,5,LAYING,0.0,0.0,0.0,0.0,0.0,0.0
28,5,SITTING,0.02481468385304771,-0.015888014917123605,0.02636987029907441,0.015925920973638662,0.02590035234340964,0.009716901406311236
28,5,STANDING,0.02916907758593688,-0.002633248053218567,0.00973026493545198,-0.009923984792048094,0.007900196012856363,-0.025267946714619537
28,5,WALKING,-0.005126491254254797,-0.016322426838168244,0.004951745542102965,-0.00308382890367741,0.0020766926000074745,0.00018057605296349614
28,5,WALKING_DOWNSTAIRS,-0.00411610688918143,-0.023568280337340406,-0.0027399321368319165,-0.0077943729123801184,-0.0015664121601623325,-0.01869442772784655
28,5,WALKING_UPSTAIRS,-0.0074118047506922516,-0.017350612945218863,0.0034226019406185656,-0.0056178137112557515,0.000533717068664903,-0.002012815881694587
28,Aggregated,LAYING,-0.12575720160412393,0.5027455996765792,-0.06189265163966545,-0.1392668939817985,-0.11316363511011732,-0.11142283571874463
28,Aggregated,SITTING,0.009743406424828386,0.018739417543264775,0.02832040068779059,0.019109438672793747,0.02637183366210228,0.014068400757466865
28,Aggregated,STANDING,0.01992536814492178,0.006593964180645025,0.016534749319831184,0.004435722624701655,0.014932465985035817,-0.012806696660488906
28,Aggregated,WALKING,-0.0061109053072214885,-0.018141300110241083,0.006938115541441333,-0.004560995565704475,0.003598320636826632,-0.00421000768187336
28,Aggregated,WALKING_DOWNSTAIRS,0.004226491036348788,-0.029641435102466362,0.009122202893712272,-0.003563485566864829,0.008040842808524547,-0.025038301437791337
28,Aggregated,WALKING_UPSTAIRS,-0.00333943421709415,-0.01923992471992328,0.006001439482716601,-0.0018397835838242914,0.003677660770235182,-0.0033936808882828744
28,Centralized,LAYING,-0.12575720160412393,0.5027455996765792,-0.06189265163966545,-0.1392668939817985,-0.11316363511011732,-0.11142283571874463
28,Centralized,SITTING,0.009743406424828386,0.018739417543264775,0.02832040068779059,0.019109438672793747,0.02637183366210228,0.014068400757466865
28,Centralized,STANDING,0.01992536814492178,0.006593964180645025,0.016534749319831184,0.004435722624701655,0.014932465985035817,-0.012806696660488906
28,Centralized,WALKING,-0.0061109053072214885,-0.018141300110241083,0.006938115541441333,-0.004560995565704475,0.003598320636826632,-0.00421000768187336
28,Centralized,WALKING_DOWNSTAIRS,0.004226491036348788,-0.029641435102466362,0.009122202893712272,-0.003563485566864829,0.008040842808524547,-0.025038301437791337
28,Centralized,WALKING_UPSTAIRS,-0.00333943421709415,-0.01923992471992328,0.006001439482716601,-0.0018397835838242914,0.003677660770235182,-0.0033936808882828744
29,0,LAYING,-0.11216876061396046,0.6953912190773351,-0.08361243839274222,-0.1142950187348813,-0.11248866206101865,-0.09124624324679954
29,0,SITTING,0.05527273250501616,0.14476966706205202,-0.08757654650728885,-0.1145934751809728,-0.04631790040776591,-0.053132655505378476
29,0,STANDING,0.0325380551779219,-0.0037605815845086345,-0.028705681444808437,-0.03097808095806081,-0.0022981150624419595,-0.01137033209983875
29,0,WALKING,0.01657847383649066,0.012120570716122677,0.001367958057991777,-0.011080872610900978,0.00713739084293197,0.012789472991572603
29,0,WALKING_DOWNSTAIRS,0.0033251031182677236,0.00019146773744778875,0.005665516004666044,0.01185005859130827,0.008133890753036808,-0.002336955948771123
29,0,WALKING_UPSTAIRS,0.008010931943241614,-0.006336937704566979,-0.005214043358600643,0.0042258525323254775,0.006351260726449329,-0.009977409063926598
29,1,LAYING,0.0,0.0,0.0,0.0,0.0,0.0
29,1,SITTING,0.07800214313984861,-0.03207866586174151,-0.062409976693343486,-0.06341238348365347,-0.0008844978841837658,-0.023160528068811193
29,1,STANDING,0.02796947702680794,-0.0014294097838210842,-0.033297097226510586,-0.03678186148783401,-0.0032234420121840684,-0.01600866436283321
29,1,WALKING,0.009619813502949008,0.0013786471679905485,0.003375659612010892,-0.0021852106755618126,0.004617046148851102,0.010904887617254186
29,1,WALKING_DOWNSTAIRS,0.008001991827933184,-0.006030269220302809,0.006979773381633868,0.004222998172683447,0.009964550567541433,0.0033719041756204047
29,1,WALKING_UPSTAIRS,0.016643556824753887,0.0020585035806272543,0.003599779706446012,-0.005628883845321731,0.008958350620433844,0.007205748530761257
29,2,LAYING,0.0,0.0,0.0,0.0,0.0,0.0
29,2,SITTING,0.04867292783218022,-0.028781449126307538,-0.03807731652767141,-0.04141623515827273,-0.006103256000812675,-0.014391367231847915
29,2,STANDING,0.018173381402730376,-0.0014219578855590583,-0.021938614164039458,-0.023297445060368592,-0.0058954900373151715,-0.008774636160209811
29,2,WALKING,-0.008543869286339567,0.007635209916089165,0.00019926080493064917,0.0005946585036320118,-0.0032703726247394816,0.0023809886053800283
29,2,WALKING_DOWNSTAIRS,0.001653962448833838,0.008444639450554512,0.007002799721077993,0.003325011530646292,0.004721928457647495,0.011480413130230821
29,2,WALKING_UPSTAIRS,0.0026483483777379867,-0.0019870582408263926,0.006162233949481198,0.005959722206785552,0.004499182971586663,0.005278546344991112
29,3,LAYING,0.0,0.0,0.0,0.0,0.0,0.0
29,3,SITTING,0.07973613348198524,-0.02693276821306057,-0.04585645074688354,-0.053463650612546695,0.012308901419337909,0.005266778479904898
29,3,STANDING,0.025428599396893785,0.0013979274915502998,-0.018181907696073207,-0.021378285605418424,0.007516166680674341,0.006372827075120116
29,3,WALKING,0.006043652631596373,0.0026021840927692107,0.0026919289244518806,-0.004798316931274769,0.004443535678263485,0.006340748405220441
29,3,WALKING_DOWNSTAIRS,0.012272947808908096,0.002019388705275059,0.007972493486709866,-0.006622998077515243,0.006998473971977903,0.01843339536578056
29,3,WALKING_UPSTAIRS,0.004989414174027519,0.003927217415577027,0.005117535205185217,-0.0031065458073922113,0.00316767057307019,0.009911110146654235
29,4,LAYING,0.0,0.0,0.0,0.0,0.0,0.0
29,4,SITTING,0.050028822816374635,-0.017110994472761487,-0.03300956412835673,-0.03686680091480524,0.002743026067554514,-0.010020359598570956
29,4,STANDING,0.013929467265675483,0.00814219439504255,-0.015310850536515146,-0.016247239553116008,-0.0006542845766974319,-0.0038509043513915825
29,4,WALKING,0.0023695472676170614,-0.0003145187415812304,0.008438353935471094,0.008198878960847164,0.006627256086286852,0.008683351931818038
29,4,WALKING_DOWNSTAIRS,0.005934635228725703,0.003499175874050515,0.008563968760238462,0.007596412356710862,0.007831065487716603,0.007065947071847665
29,4,WALKING_UPSTAIRS,0.0025927753011941576,-0.009808274027512099,0.004526461792570927,0.005710290782553065,0.003112619753026961,0.006444742750368342
29,5,LAYING,0.0,0.0,0.0,0.0,0.0,0.0
29,5,SITTING,0.06507916747209135,-0.023272879968341827,-0.0402513346167194,-0.052305165805834955,0.009029958613653284,-0.0071441898898572664
29,5,STANDING,0.01539574919663669,0.007588909174596497,-0.010668801642307844,-0.015574460037391706,0.007231355237284275,0.0016422213332140455
29,5,WALKING,0.002928963652104951,0.0030894969119816965,0.0028888030095346796,-0.0008113010852018358,0.0033816836228972172,0.005846086689709906
29,5,WALKING_DOWNSTAIRS,0.00812682644837365,-0.005542448000236154,0.01380166364189308,-0.0017344146423210814,0.005675743593224806,0.013860663147100011
29,5,WALKING_UPSTAIRS,0.005621904399426129,-0.005978863193726863,0.006583622264730217,-0.00484974939390478,0.0013723085200478824,0.008417395093700833
29,Aggregated,LAYING,-0.10055302376693687,0.637312534842218,-0.07199670154571858,-0.1026792818878578,-0.10087292521399499,-0.07963050639977588
29,Aggregated,SITTING,0.06075870311764957,0.01512780349838099,-0.05299863805475982,-0.0630978094980087,-0.0071542767758148796,-0.018927629974643874
29,Aggregated,STANDING,0.0224765295502015,0.001768654542514155,-0.02163165143652454,-0.024328310865146488,0.000327440563693665,-0.005545543240399228
29,Aggregated,WALKING,0.004797650645097005,0.004355011870773367,0.0032434798224251623,-0.001555889321968646,0.0038378817042053408,0.007808637766240201
29,Aggregated,WALKING_DOWNSTAIRS,0.006471251559510742,0.0004678578495748425,0.008338224874848484,0.0031322921690490977,0.007157348290328511,0.008621059444722499
29,Aggregated,WALKING_UPSTAIRS,0.006633759674560001,-0.0029878699662757927,0.0037639516466969397,0.00024083773095172621,0.004464075061051699,0.005091592018702596
29,Centralized,LAYING,-0.10055302376693687,0.637312534842218,-0.07199670154571858,-0.1026792818878578,-0.10087292521399499,-0.07963050639977588
29,Centralized,SITTING,0.06075870311764957,0.01512780349838099,-0.05299863805475982,-0.0630978094980087,-0.0071542767758148796,-0.018927629974643874
29,Centralized,STANDING,0.0224765295502015,0.001768654542514155,-0.02163165143652454,-0.024328310865146488,0.000327440563693665,-0.005545543240399228
29,Centralized,WALKING,0.004797650645097005,0.004355011870773367,0.0032434798224251623,-0.001555889321968646,0.0038378817042053408,0.007808637766240201
29,Centralized,WALKING_DOWNSTAIRS,0.006471251559510742,0.0004678578495748425,0.008338224874848484,0.0031322921690490977,0.007157348290328511,0.008621059444722499
29,Centralized,WALKING_UPSTAIRS,0.006633759674560001,-0.0029878699662757927,0.0037639516466969397,0.00024083773095172621,0.004464075061051699,0.005091592018702596
30,0,LAYING,-0.11209416301801602,0.5450537951022079,-0.14873624151216747,-0.16063410840756645,-0.16125056206960384,-0.14391881612278745
30,0,SITTING,-0.07872723687995377,0.09778516678453394,-0.010758264237356586,0.024321070895126824,0.0002943839844302724,0.013253032180094507
30,0,STANDING,-0.023925083720878274,-0.012631688635584417,0.011033461737180839,0.01937729246622539,0.01642532188968986,0.01898930978612373
30,0,WALKING,-0.023930232708642717,-0.043222068127335214,0.011992440864122409,0.00478167425114188,-0.004590889095972307,0.0037633051524988944
30,0,WALKING_DOWNSTAIRS,0.0008635050757876603,-0.02202337764523447,0.003583458840096846,0.00752533768599162,0.001570919273812349,0.0035719988160992275
30,0,WALKING_UPSTAIRS,-0.005397324461757034,-0.024541241638229763,0.00918661195337176,0.011896666388989792,0.007851188211532802,-0.0005344530309830869
30,1,LAYING,0.0,0.0,0.0,0.0,0.0,0.0
30,1,SITTING,-0.05270670919857315,-0.04888594514801271,0.021718055132120755,0.05112957495825997,0.03610835777562254,0.040777566676277216
30,1,STANDING,-0.023697910026674013,-0.020068322876021356,0.008961861883872973,0.02400816798107446,0.021033712864164947,0.021640630877100463
30,1,WALKING,-0.014470255483609851,-0.024026010901884606,0.009300129466146563,0.005730931273324536,-0.0031309560043644505,0.0039132512377877135
30,1,WALKING_DOWNSTAIRS,-0.0039057349636669294,-0.017638909534603033,0.005458240359552458,0.002031617436468815,0.00026583357538771576,0.006998934454309488
30,1,WALKING_UPSTAIRS,-0.013168431004441063,-0.029823398455378448,0.006964734344517687,0.004785025433999223,-0.001517427911248488,0.004082034704561806
30,2,LAYING,0.0,0.0,0.0,0.0,0.0,0.0
30,2,SITTING,-0.04077288337038543,-0.04280850202893287,0.015120111060792456,0.0438654465894403,0.02556452511359448,0.03283311725922354
30,2,STANDING,-0.022876029958379018,-0.023953305396463002,0.006509241997952947,0.02365442967157455,0.013901117066191038,0.019521792995934976
30,2,WALKING,-0.0028952388085306683,-0.025836300741266693,0.005068455452180973,0.008657871026109843,0.0038493727205210445,0.012644410260608112
30,2,WALKING_DOWNSTAIRS,0.0016540708257148176,-0.027952845944183163,0.008879759133951731,0.006532935868179908,0.00667746759254465,0.009932518247697945
30,2,WALKING_UPSTAIRS,0.0005732630965924282,-0.017884910076054448,0.0027190717470370013,0.008683142231246159,0.003368316294312158,0.007477422439350724
30,3,LAYING,0.0,0.0,0.0,0.0,0.0,0.0
30,3,SITTING,-0.04127372840826862,-0.027827022574117614,0.016698713589676926,0.03511975352987668,0.026586016015380413,0.029419449427776648
30,3,STANDING,-0.016261590142286245,-0.0035261879310610695,0.006205595461171796,0.012342730771000699,0.011899097437243898,0.012777400056737052
30,3,WALKING,-0.014961066458059018,-0.024544814875272214,0.011860106418927461,0.006648407756878376,0.0013681674680393204,0.0023054668884595203
30,3,WALKING_DOWNSTAIRS,-0.011353017403040991,-0.01703645527305507,0.0101647235264621,-0.0010773993712986664,-0.005134762648818864,0.01646923077473397
30,3,WALKING_UPSTAIRS,-0.018263791712793787,-0.026268297026597272,0.013070309318100189,0.005929762407378889,-0.0010621488944554014,0.013468653193026918
30,4,LAYING,0.0,0.0,0.0,0.0,0.0,0.0
30,4,SITTING,-0.03974729815999948,-0.03861755507288197,0.008523703339915891,0.02200782505640973,0.01983924538762307,0.018459249548446726
30,4,STANDING,-0.01745883309080255,-0.011662964030815268,0.0014015920821928132,0.005341131902150785,0.00781360095596544,0.0074556838215204205
30,4,WALKING,-0.009997201615656962,-0.03280316092090847,0.014717383741992437,0.011276388697005191,0.005227481377211152,0.012450188859729688
30,4,WALKING_DOWNSTAIRS,-0.0001240991307002698,-0.028990889564524395,0.011003582525175453,0.007209416316558736,0.005327444044350336,0.012556456313741896
30,4,WALKING_UPSTAIRS,-0.004745120040701313,-0.020638747190740152,0.0111606200515619,0.009207509658983174,0.00307270346042811,0.013385517322793295
30,5,LAYING,0.0,0.0,0.0,0.0,0.0,0.0
30,5,SITTING,-0.03467500084360943,-0.029076088410970938,0.026651951488683025,0.04403504628802974,0.029917633869251097,0.030843293517373017
30,5,STANDING,-0.008789537201050527,0.0003397545442708139,0.01341362533424467,0.012888246291009339,0.012386703626270559,0.011873506870495727
30,5,WALKING,-0.016785016124624866,-0.03643795519032915,0.012624908045909797,0.009966956648248659,0.0021190158667795172,0.005549652766772885
30,5,WALKING_DOWNSTAIRS,-0.008621294861034499,-0.03392227122028739,0.009454550488331413,0.002765006775481797,-0.0028187756702086064,0.0077036566863847005
30,5,WALKING_UPSTAIRS,-0.01775584006895743,-0.03872642474633051,0.016854810903959846,0.011712294029317697,0.0019452407273359686,0.007116110984691054
30,Aggregated,LAYING,-0.1056108562812598,0.5126372614184247,-0.14225293477541093,-0.15415080167081024,-0.15476725533284721,-0.1374355093860307
30,Aggregated,SITTING,-0.049859966324204315,-0.005043099172354849,0.010392078758044156,0.034069183612166,0.020199600364827576,0.02529590035391863
30,Aggregated,STANDING,-0.019080618727383373,-0.012247980682895449,0.007912222021967806,0.016519746496531852,0.014045446174993053,0.015509564216500772
30,Aggregated,WALKING,-0.01377419577472838,-0.031131796113003703,0.010927191016422786,0.007898356292525532,0.0008344595159867373,0.006837477545378486
30,Aggregated,WALKING_DOWNSTAIRS,-0.0035059606383068807,-0.024243760271432872,0.008147717763959172,0.004119629730488993,0.0010602404189023215,0.009633147662656752
30,Aggregated,WALKING_UPSTAIRS,-0.0099860834202404,-0.02639559719148647,0.010064452192197367,0.008583439571698546,0.0021116209945990505,0.00780637544481034
30,Centralized,LAYING,-0.1056108562812598,0.5126372614184247,-0.14225293477541093,-0.15415080167081024,-0.15476725533284721,-0.1374355093860307
30,Centralized,SITTING,-0.049859966324204315,-0.005043099172354849,0.010392078758044156,0.034069183612166,0.020199600364827576,0.02529590035391863
30,Centralized,STANDING,-0.019080618727383373,-0.012247980682895449,0.007912222021967806,0.016519746496531852,0.014045446174993053,0.015509564216500772
30,Centralized,WALKING,-0.01377419577472838,-0.031131796113003703,0.010927191016422786,0.007898356292525532,0.0008344595159867373,0.006837477545378486
30,Centralized,WALKING_DOWNSTAIRS,-0.0035059606383068807,-0.024243760271432872,0.008147717763959172,0.004119629730488993,0.0010602404189023215,0.009633147662656752
30,Centralized,WALKING_UPSTAIRS,-0.0099860834202404,-0.02639559719148647,0.010064452192197367,0.008583439571698546,0.0021116209945990505,0.00780637544481034
31,0,LAYING,-0.06043187067467322,0.5158468419958309,-0.11597985289371475,-0.12278547689032802,-0.1269913771092212,-0.11497472012409603
31,0,SITTING,-0.012140793593056188,0.12517395473817727,-0.020774083055664624,-0.06800798116215548,-0.016623008713616386,-0.014006610681316244
31,0,STANDING,-0.010299080698731146,0.001631607052091603,-0.001050898896061537,-0.019609300401973458,0.003478424566076364,0.0034273962021447303
31,0,WALKING,0.0180966567282089,0.011335242768909957,0.011495408045985962,-0.01039618385158231,0.0060038472255303,0.014670798747134674
31,0,WALKING_DOWNSTAIRS,0.0034335060944472584,-0.0032482182949467625,0.0077530054650815795,-0.012557094047627634,-0.0028256890391070042,0.005690523466416339
31,0,WALKING_UPSTAIRS,0.013936951125685779,0.0011949009780484318,0.0065581927012693525,-0.006095315007770585,0.003703906137212111,0.0023398672165224786
31,1,LAYING,0.0,0.0,0.0,0.0,0.0,0.0
31,1,SITTING,0.019884152368398814,-0.015704390408027742,0.008414595351834397,-0.02629539857756955,0.01537000051233097,0.013510603877801758
31,1,STANDING,0.010490555578370055,0.009562249046197173,0.00021365549851702544,-0.022132493369557152,0.004664181543207509,0.0019466161011710333
31,1,WALKING,0.006845982517070938,0.005662883383288047,0.007130700475014868,-0.0018284602953359123,0.005044849692419377,0.0062478477935949146
31,1,WALKING_DOWNSTAIRS,0.00406959083567165,-0.00276581866808982,0.00443085687716864,-0.0005167085887937125,0.0056232350412726145,0.0009603023299139886
31,1,WALKING_UPSTAIRS,0.014919247838941158,0.009948312788245723,0.0063340767320262704,-0.008164567480517554,0.0031820438721474847,0.0035943439440268873
31,2,LAYING,0.0,0.0,0.0,0.0,0.0,0.0
31,2,SITTING,0.016719379297511144,-0.018089991750738794,0.013242668487724894,-0.022015554683306734,0.011422237404058308,0.013040275563765634
31,2,STANDING,0.006146167572093845,0.008088085012333475,0.004758916006743173,-0.018056658740027497,0.00422902825697643,0.00474846093631434
31,2,WALKING,-0.0019446758372145749,0.0030531268108672034,0.0007577449773025305,-0.0009155809489122739,-0.004213085611114518,0.002281975459020911
31,2,WALKING_DOWNSTAIRS,-0.0018076287692227778,0.00427251158956047,0.003756220927054275,-0.008673186484814037,-0.007614486657108762,0.010066569394530782
31,2,WALKING_UPSTAIRS,0.0019079617787854416,-0.002565713366215973,0.0024357910448102203,-0.0020404945164175714,-0.003101238009392455,0.005104405969486615
31,3,LAYING,0.0,0.0,0.0,0.0,0.0,0.0
31,3,SITTING,0.012348814224577466,-0.03657970403449817,0.0018299986332785552,-0.007333464849242089,0.0011974563485542954,0.011120353958897473
31,3,STANDING,0.004399994179625023,-0.008092528569257225,-0.006061157214171095,-0.004174647049712151,-0.00548825429126266,0.0015383882145029945
31,3,WALKING,0.0059338631653711536,0.004870939056009355,0.002775788191997453,-0.006595048356118192,-0.0009346878985378152,0.005429144423994226
31,3,WALKING_DOWNSTAIRS,0.0022402154600265653,-0.002846325583008972,0.0002964306255563598,-0.016443648153924812,-0.009837813960005364,0.010290848894832115
31,3,WALKING_UPSTAIRS,-0.00021975568119434832,-0.00020904319891763558,0.0014680234394968813,-0.004860127967307396,-0.0026313985395904917,0.00784135160603826
31,4,LAYING,0.0,0.0,0.0,0.0,0.0,0.0
31,4,SITTING,0.019866685053951397,-0.018279094808231647,0.016215525589377857,-0.016053484242456804,0.017492554539895875,0.006915101769717571
31,4,STANDING,0.0058211317028527935,0.007750994046604109,0.0030509118757105283,-0.01181757554211418,0.006029300668169414,0.0009682490517891662
31,4,WALKING,0.0009291016853006502,-0.003759661809623258,-0.001340464420853717,-0.005170374391114773,-0.0009388579951509046,0.0035703002214852405
31,4,WALKING_DOWNSTAIRS,-0.0018422538567715251,-0.0047299130637597775,0.00036720656973487367,0.0006779959653619938,-0.0019236610802624843,-0.00017067122816309953
31,4,WALKING_UPSTAIRS,-9.525553079534992e-06,-0.009305886432027915,-0.0014901409374871648,-0.0023224929631423885,-0.0022085432798580216,0.0038941059032700336
31,5,LAYING,0.0,0.0,0.0,0.0,0.0,0.0
31,5,SITTING,0.005100862502492846,-0.028209731850804696,0.013674489923476179,-0.007302569785764348,0.010554147097822809,0.015497506038259602
31,5,STANDING,-0.0027407749971056416,-0.004602988170143026,0.00606499326355264,-0.0033293364741316203,0.0017364728648122019,0.005729156107380142
31,5,WALKING,0.0071411143892684435,0.004315356891589706,0.004879766329637424,-0.0018906955094452986,0.002158487716467879,0.006358408169725041
31,5,WALKING_DOWNSTAIRS,0.007031976747150237,-0.004585060156853318,0.007025454683942132,-0.004425641074846807,0.001902220377064728,0.010141936318495087
31,5,WALKING_UPSTAIRS,0.004515757693003062,-0.0019934509798301896,0.0030319807522763936,-0.0009196438660547998,0.0022919905503989146,0.006310026939628505
31,Aggregated,LAYING,-0.04765091044903151,0.45194204086762163,-0.10319889266807294,-0.11000451666468622,-0.11421041688357943,-0.10219375989845424
31,Aggregated,SITTING,0.008938442454437125,0.010044019233419424,0.0033729670421002323,-0.026768536848774838,0.004299646071945516,0.00576553755461455
31,Aggregated,STANDING,0.002679204298338986,0.002588216309485166,0.0012293588345056283,-0.013346899243853126,0.0025545424673854337,0.003057432144417919
31,Aggregated,WALKING,0.006105361665117875,0.0042028694273428925,0.004213102307802664,-0.004425708159902985,0.0011207600240985324,0.006358125513128556
31,Aggregated,WALKING_DOWNSTAIRS,0.0019537457792759283,-0.0023083214157832693,0.00373030090009692,-0.006703978717680657,-0.0024151087958132786,0.00595477767618335
31,Aggregated,WALKING_UPSTAIRS,0.005554331591067595,-0.0005694821019934201,0.002917877643339554,-0.004019277685196514,6.56024859973033e-05,0.004932897932341904
31,Centralized,LAYING,-0.04765091044903151,0.45194204086762163,-0.10319889266807294,-0.11000451666468622,-0.11421041688357943,-0.10219375989845424
31,Centralized,SITTING,0.008938442454437125,0.010044019233419424,0.0033729670421002323,-0.026768536848774838,0.004299646071945516,0.00576553755461455
31,Centralized,STANDING,0.002679204298338986,0.002588216309485166,0.0012293588345056283,-0.013346899243853126,0.0025545424673854337,0.003057432144417919
31,Centralized,WALKING,0.006105361665117875,0.0042028694273428925,0.004213102307802664,-0.004425708159902985,0.0011207600240985324,0.006358125513128556
31,Centralized,WALKING_DOWNSTAIRS,0.0019537457792759283,-0.0023083214157832693,0.00373030090009692,-0.006703978717680657,-0.0024151087958132786,0.00595477767618335
31,Centralized,WALKING_UPSTAIRS,0.005554331591067595,-0.0005694821019934201,0.002917877643339554,-0.004019277685196514,6.56024859973033e-05,0.004932897932341904
32,0,LAYING,-0.08727562410126949,0.5328166036998934,-0.10806508073050854,-0.10598118994863696,-0.11874694644370351,-0.11274776247577425
32,0,SITTING,-0.036273568059370244,0.038315026587683175,-0.03566451303829923,0.01778499501894861,-0.003989430932533611,0.030574096758412727
32,0,STANDING,-0.002948584240694187,-0.02993973416071857,-0.00020100828659847894,0.01900773257378554,0.012168521097061177,0.029538803151986908
32,0,WALKING,-0.009422873143964458,-0.028058192709555473,0.015635038645835573,-0.003943669428378874,-0.0026998064018993627,0.008638617669835794
32,0,WALKING_DOWNSTAIRS,0.007585377605462942,-0.02964155156051676,-0.004069504684117144,0.011698004557157445,0.013152421499098343,-0.0013205635722230334
32,0,WALKING_UPSTAIRS,0.005058958856646372,-0.026513448394757815,-0.006134736906958599,0.009831876061074267,0.0024113483023204,-0.006292501069292213
32,1,LAYING,0.0,0.0,0.0,0.0,0.0,0.0
32,1,SITTING,-0.007295011098048321,-0.09325196677854378,0.0009771788403539182,0.03381083670488616,0.020940149043260158,0.03728066289279859
32,1,STANDING,-0.0076933261816684965,-0.03628009598172271,-0.0030895577757975466,0.016455329065045845,0.009103855961613332,0.016759030514623848
32,1,WALKING,-0.007774291988848119,-0.019073435192161488,0.005098835086563038,-0.0007095149300543058,-0.003835575605366197,0.004442947857306911
32,1,WALKING_DOWNSTAIRS,-0.0055273044721285665,-0.005940712542682718,0.003703044927433193,-0.001350438152288913,0.0005843372219168234,0.001897573846937525
32,1,WALKING_UPSTAIRS,-0.006562831833722722,-0.025748023489202982,0.008596301964630139,-0.0016640448067523313,-0.001846689486550703,0.004721771477196403
32,2,LAYING,0.0,0.0,0.0,0.0,0.0,0.0
32,2,SITTING,-0.018421047724980526,-0.08135664121332903,-0.012760306390202722,0.030694137841743376,0.017592337772498353,0.03348228894503976
32,2,STANDING,-0.014445846249512905,-0.03892754404141369,-0.010654163841262485,0.01713747767271681,0.009565995015915561,0.018853190632240314
32,2,WALKING,-0.0024339644155325696,-0.014741914066672345,0.005058656201756407,0.002181794904176893,-0.00021382373038364804,0.0050065952419140886
32,2,WALKING_DOWNSTAIRS,-0.0028728818246201754,-0.006547023933125682,0.004213302808730547,0.001970719655975126,0.0007934718122146634,0.00244241148082552
32,2,WALKING_UPSTAIRS,5.179325001721617e-05,-0.015671533749111895,0.00034635578484724466,0.0038049682021108694,0.0020191099420125034,0.0018229208479761153
32,3,LAYING,0.0,0.0,0.0,0.0,0.0,0.0
32,3,SITTING,-6.939215272312264e-05,-0.0601946642658118,0.0005408460242961741,0.02536889948132666,0.005495270086086538,0.021932840683524836
32,3,STANDING,-0.0009935688683572628,-0.013575273495613932,-0.0012317359714538267,0.009369690686553299,-0.0013275414987059435,0.0026112318592718445
32,3,WALKING,-0.0018901488616005066,-0.020760813973868128,0.00831959628369031,-0.001127773213257016,-0.0012083798694642915,0.0051875210517834825
32,3,WALKING_DOWNSTAIRS,-0.0023653233821951556,-0.008114779340598363,0.01645256559339075,-0.0014238266582107134,0.005300840394251614,0.01441849650490352
32,3,WALKING_UPSTAIRS,-0.002185559419491569,-0.016261986588796226,0.01044412555552205,-0.0022554851643571848,0.0012126556854047733,0.013628062465693414
32,4,LAYING,0.0,0.0,0.0,0.0,0.0,0.0
32,4,SITTING,-0.004574270329488573,-0.07144427496000336,-0.0019523314517429931,0.020766953452065355,0.01382574049141622,0.024916644336215
32,4,STANDING,-0.0042014150783196156,-0.023932536456062727,-0.00226687525157643,0.00731867985017463,0.005918001346275026,0.010032978883874387
32,4,WALKING,0.00024030192417128966,-0.012264528401584195,0.004873775936207657,0.0031327900830533835,0.004754395026340205,0.0055429295428011125
32,4,WALKING_DOWNSTAIRS,0.0005841261471581964,-0.0022269006616188226,2.321598961633753e-05,0.0017883388209054907,0.0007286803991346236,-0.0002580745059375296
32,4,WALKING_UPSTAIRS,0.0001975954233740307,-0.010751036254688089,0.003628882909573514,0.0036164868540375346,0.004342285108618922,0.00428750826193841
32,5,LAYING,0.0,0.0,0.0,0.0,0.0,0.0
32,5,SITTING,-0.008694800111033747,-0.06228443629141379,-0.0018202539398570136,0.021832535377375346,0.014591232917632353,0.02706101812181445
32,5,STANDING,-0.006499268953789968,-0.0106486434333511,-0.0024530747513006874,0.004937461434512185,0.004911966426127407,0.006894036683437486
32,5,WALKING,-0.00018031455257777235,-0.022658197128064467,0.0054693471677604985,0.002396737300159283,0.0005651479256672994,0.0027893791149380385
32,5,WALKING_DOWNSTAIRS,-0.0012651942022256575,-0.015081547704228484,0.017021023673425464,-0.0014762175714240562,0.005235959154798738,0.012135004402775462
32,5,WALKING_UPSTAIRS,-0.0016553293501414884,-0.026094423249714734,0.012544510187465602,0.0011271915205583404,0.002661875020182562,0.00945871304462153
32,Aggregated,LAYING,-0.07895657741905142,0.49122137028880286,-0.09974603404829044,-0.09766214326641896,-0.11042789976148555,-0.10442871579355611
32,Aggregated,SITTING,-0.01401325078031433,-0.04463632300888677,-0.010118664949596668,0.022836779560657914,0.009192739896650664,0.027347666476502625
32,Aggregated,STANDING,-0.006320115583342393,-0.025946866492775566,-0.0034938778026448957,0.012495832226278673,0.0067373498499979445,0.014096098221564018
32,Aggregated,WALKING,-0.0035057467710296083,-0.019580330915565054,0.007333376980578857,0.00040647520858116406,-0.00041322966452323487,0.005243392164632295
32,Aggregated,WALKING_DOWNSTAIRS,-0.000784702860376753,-0.010648200049851113,0.006150891593777755,0.0016894493525595059,0.004088535862595958,0.004862540952129589
32,Aggregated,WALKING_UPSTAIRS,-0.0010023630208544471,-0.019938843819892523,0.005316212515420933,0.0021142554096611897,0.001804403951165275,0.005010177448669895
32,Centralized,LAYING,-0.07895657741905142,0.49122137028880286,-0.09974603404829044,-0.09766214326641896,-0.11042789976148555,-0.10442871579355611
32,Centralized,SITTING,-0.01401325078031433,-0.04463632300888677,-0.010118664949596668,0.022836779560657914,0.009192739896650664,0.027347666476502625
32,Centralized,STANDING,-0.006320115583342393,-0.025946866492775566,-0.0034938778026448957,0.012495832226278673,0.0067373498499979445,0.014096098221564018
32,Centralized,WALKING,-0.0035057467710296083,-0.019580330915565054,0.007333376980578857,0.00040647520858116406,-0.00041322966452323487,0.005243392164632295
32,Centralized,WALKING_DOWNSTAIRS,-0.000784702860376753,-0.010648200049851113,0.006150891593777755,0.0016894493525595059,0.004088535862595958,0.004862540952129589
32,Centralized,WALKING_UPSTAIRS,-0.0010023630208544471,-0.019938843819892523,0.005316212515420933,0.0021142554096611897,0.001804403951165275,0.005010177448669895
33,0,LAYING,-0.10024171354118894,0.5527260008467169,-0.11766252883581524,-0.11001180224620065,-0.12406914862902801,-0.1007408075944837
33,0,SITTING,0.030322728166069568,0.15632176339838216,-0.024283312845035484,-0.07535959896921726,-0.032240847847660896,-0.04627656900661095
33,0,STANDING,0.020499162089122117,0.008504789291116973,0.0009646047186535038,-0.025053439290989573,0.0015390502492234313,-0.009540019891335318
33,0,WALKING,0.00424225342773986,-0.004016499837784493,-0.007408222812120272,-0.009763730902048323,-0.0032368511209639444,0.007390258452384415
33,0,WALKING_DOWNSTAIRS,0.005477433429402972,-0.015856397897220365,0.0034932861530859245,0.0012938460598620805,-0.0031395314586937137,0.011327179868701237
33,0,WALKING_UPSTAIRS,0.008025236394544426,0.0018299115335385573,0.005249552278807994,0.00466063919507198,0.0014207263335112288,0.004962262391333586
33,1,LAYING,0.0,0.0,0.0,0.0,0.0,0.0
33,1,SITTING,0.04395161829296658,0.00028887734097352567,0.009706948083531173,-0.034026429392206445,0.0019097551388555813,-0.01429261906882709
33,1,STANDING,0.023998586668417855,0.01585473711256073,0.001599704137653359,-0.022639731671441156,-0.0022439423491446603,-0.011824589500140576
33,1,WALKING,1.2754160572175932e-05,-0.007853765112013238,0.0026648933139295926,0.0022315358518343173,0.003993196563673865,0.0019249207557529581
33,1,WALKING_DOWNSTAIRS,0.00039863938843988275,-0.009711625466957672,0.004961379544805653,0.004390104389380232,0.003521803339539679,-0.0001414977764042745
33,1,WALKING_UPSTAIRS,0.0050031049633417314,-0.008028808145954676,-0.0017922861175099078,-0.0071205193469715605,-0.0006306604499918767,0.0052592275766184075
33,2,LAYING,0.0,0.0,0.0,0.0,0.0,0.0
33,2,SITTING,0.0449764770053953,0.008660364945094999,0.006665461879218383,-0.028380062971458776,-0.004465806015524291,-0.019950916078928738
33,2,STANDING,0.024224746445483322,0.016275653337187234,0.0018327175195433853,-0.01968210505169083,-0.004433270899622292,-0.01343904070236291
33,2,WALKING,-0.00038757910354544157,-0.00612123016698724,-0.0009740122971111672,0.001282642278561791,0.0016784933918318017,0.004521685897250258
33,2,WALKING_DOWNSTAIRS,-0.0013254358620512854,-0.006487801734985515,0.004652508120064878,-0.0028229114061225353,-0.004490703641108088,0.010474344524202523
33,2,WALKING_UPSTAIRS,0.0010076899510287156,-0.008059597567875536,0.0014421901452433513,-0.001014141284196433,-0.0017742021329962276,0.00839806088879616
33,3,LAYING,0.0,0.0,0.0,0.0,0.0,0.0
33,3,SITTING,0.013304434921812073,-0.013252613108969701,0.008799342446585626,-0.015769157979952302,0.0036999732817364303,0.0019197406594954342
33,3,STANDING,-0.004550075527996766,-9.74523051182967e-05,0.003294651322638535,-0.004981891087648449,0.0035265566940353766,0.0037341654088582235
33,3,WALKING,0.006176801742042256,-0.0038852244461281553,-0.0006963778689886642,-0.0048327826644789795,0.0005311341713024387,0.008412281695160704
33,3,WALKING_DOWNSTAIRS,-0.005856769630110322,-0.008116980816760622,0.00492807132737571,-0.011351675488837048,-0.01200492922840574,0.024434603441720413
33,3,WALKING_UPSTAIRS,0.0014060886579464304,-0.003736479653216303,0.0021967787437250697,-0.008477056616109063,-0.005679753695077576,0.014923333955136482
33,4,LAYING,0.0,0.0,0.0,0.0,0.0,0.0
33,4,SITTING,0.03466234178639339,-0.0006735675365092018,0.010110985729275011,-0.016190496909573533,0.003808668465510882,-0.016630212236850853
33,4,STANDING,0.013179700238745765,0.011388018227232672,0.003156869452698279,-0.00911250307552322,0.00075303304947217,-0.009870723017311197
33,4,WALKING,-0.004601645231367437,-0.00920969382767274,-0.000532149897207281,-0.0013476917962135105,-0.002822763093381475,0.006465751074758011
33,4,WALKING_DOWNSTAIRS,0.001540157627180481,-0.007202698229162392,0.003907023329230783,-0.0006527422706947265,-0.004542386530669609,0.006311259884857178
33,4,WALKING_UPSTAIRS,-0.003229571165502911,-0.012695225065220816,0.0024200401398041744,0.0002250014274036316,-0.0029917002031674854,0.004262366908228396
33,5,LAYING,0.0,0.0,0.0,0.0,0.0,0.0
33,5,SITTING,0.03127369759672461,-0.011598977522050535,0.015281583938856926,-0.012259704635299924,0.009323902714574594,-0.006275244640231066
33,5,STANDING,0.007371607033548727,0.0030420106898607505,0.008300848922986976,-0.0017126957837775027,0.005830162995810737,-0.0010189767006449852
33,5,WALKING,0.00449295351135494,-0.007341113718097198,-0.0020254978710780654,-0.00654914493902212,-0.0008570558879973082,0.0065740262759301366
33,5,WALKING_DOWNSTAIRS,0.00030806009993064045,-0.019210489480477974,0.0002556609725861895,-0.008956065836324955,-0.011002143409961586,0.013557267730583553
33,5,WALKING_UPSTAIRS,0.0010061159172503776,-0.00683305281168787,-0.0033823898828253974,-0.006611986846578718,-0.0012559682459371464,0.005798083607385018
33,Aggregated,LAYING,-0.08902118894523371,0.4966233778669411,-0.10644200423986014,-0.09879127765024565,-0.11284862403307301,-0.08952028299852845
33,Aggregated,SITTING,0.03157812353826605,0.032430281797784205,0.0023649708615729884,-0.03260098058982072,-0.005123025351959391,-0.01893770120999972
33,Aggregated,STANDING,0.014368332392066795,0.009447187073724357,0.003184149001841315,-0.013970991904249335,0.0007200582782051916,-0.0071283071592468114
33,Aggregated,WALKING,0.0016211676170744963,-0.006581499788020298,-0.001388234658586222,-0.003065438774126204,-9.226083657901119e-05,0.005893363214430665
33,Aggregated,WALKING_DOWNSTAIRS,-4.709314414324539e-05,-0.010781042177475834,0.0037887203179883923,-0.0029872576656658953,-0.00520782684666054,0.010857150976172037
33,Aggregated,WALKING_UPSTAIRS,0.002053260561983859,-0.006422108399047716,0.0008653582464941763,-0.0032780350457811665,-0.0019140952389333943,0.0073723293716659085
33,Centralized,LAYING,-0.08902118894523371,0.4966233778669411,-0.10644200423986014,-0.09879127765024565,-0.11284862403307301,-0.08952028299852845
33,Centralized,SITTING,0.03157812353826605,0.032430281797784205,0.0023649708615729884,-0.03260098058982072,-0.005123025351959391,-0.01893770120999972
33,Centralized,STANDING,0.014368332392066795,0.009447187073724357,0.003184149001841315,-0.013970991904249335,0.0007200582782051916,-0.0071283071592468114
33,Centralized,WALKING,0.0016211676170744963,-0.006581499788020298,-0.001388234658586222,-0.003065438774126204,-9.226083657901119e-05,0.005893363214430665
33,Centralized,WALKING_DOWNSTAIRS,-4.709314414324539e-05,-0.010781042177475834,0.0037887203179883923,-0.0029872576656658953,-0.00520782684666054,0.010857150976172037
33,Centralized,WALKING_UPSTAIRS,0.002053260561983859,-0.006422108399047716,0.0008653582464941763,-0.0032780350457811665,-0.0019140952389333943,0.0073723293716659085
34,0,LAYING,-0.08616504678054589,0.6478725553226821,-0.10323220385299677,-0.11843223872364388,-0.1288220766661163,-0.1136600136896229
34,0,SITTING,-0.051251573268956394,0.14053553207031608,-0.03361973690892939,-0.00363235531594356,-0.009255687898240939,0.0031236761838729925
34,0,STANDING,-0.014440155880931983,0.004787932443588315,-0.003266160131686003,0.008429427038648893,0.010397707049513653,0.013248185954249224
34,0,WALKING,0.0064620183681959225,-0.008370611219840991,0.02449079004467018,0.0017640491781845884,0.00010338429150553317,0.014994813781729257
34,0,WALKING_DOWNSTAIRS,0.009049408621625978,-9.883583396816696e-06,0.004198901541904594,-0.001749575786585894,0.006281651194120667,0.003067727546213137
34,0,WALKING_UPSTAIRS,0.003534994592451255,-0.0009139736843610382,-0.0034985848539114636,-0.0021392800949962577,0.0006667290977466934,0.0034475688500067523
34,1,LAYING,0.0,0.0,0.0,0.0,0.0,0.0
34,1,SITTING,-0.018188258456237345,-0.04072529014021924,0.0022617526359622613,0.039297590854637826,0.0257828009329325,0.028711770345548216
34,1,STANDING,-0.014406973273104185,0.0024875699577187327,-0.0028566479535715276,0.02047090931558824,0.011369722457282813,0.01183136548069388
34,1,WALKING,-0.0036845356655053154,-0.004541009521538653,0.012078009507249642,0.008566495521318012,-0.005480642419856291,0.011939181817143133
34,1,WALKING_DOWNSTAIRS,-0.0004560895043558925,-0.006282506243900295,0.00214888067246918,0.0041639477537580485,-0.0017038343844935004,-0.0012892017122810553
34,1,WALKING_UPSTAIRS,-0.0005682134978909033,-0.003917731013727679,0.021280356868094614,0.008929871380439278,-0.001647202364050708,0.018394604170106823
34,2,LAYING,0.0,0.0,0.0,0.0,0.0,0.0
34,2,SITTING,-0.012010678768192127,-0.034251763755518666,-0.001143578529689206,0.04763638692927248,0.035125975334208574,0.035256749433075
34,2,STANDING,-0.011412436730765134,0.0020534284078398022,-0.004262683978639889,0.02633595186120374,0.01922592239518136,0.018235524691474922
34,2,WALKING,0.0023887430812108757,-0.0035291788574337716,-0.0032421887444263626,0.002773248253798827,0.001015294271672366,0.005228663100347415
34,2,WALKING_DOWNSTAIRS,0.0023152347209384042,-0.011221533363920646,-1.853059451528046e-05,-0.0036678093630893157,0.003442707143420903,0.003426025733260232
34,2,WALKING_UPSTAIRS,0.0032883951448329663,-0.008647406107873613,0.003235064611088171,-0.0017340163329495042,0.002936110875916213,0.0018712188975933686
34,3,LAYING,0.0,0.0,0.0,0.0,0.0,0.0
34,3,SITTING,-0.0009672157868248574,-0.04713114257696294,0.006214192025177061,0.013811260409578861,0.014003941143751182,0.01233858882177592
34,3,STANDING,0.0007872900922134067,-0.0006588668098867443,0.0020377485218741626,-0.0052902924800721325,0.0006586390519114786,-0.006615613187750329
34,3,WALKING,0.002212765610939823,-0.01163665771731613,0.013293217465135055,-0.0005119892123944185,-0.00044970805870535037,0.008710272084458166
34,3,WALKING_DOWNSTAIRS,0.0075160934991993405,-0.01710825377294992,0.024962343441522428,-0.01627203051797011,0.0003203434812024249,0.008549184264013385
34,3,WALKING_UPSTAIRS,0.003218337473089353,-0.010150007067865395,0.015060417373201396,-0.008102148443278464,-0.0002614442635521426,0.006756584058840074
34,4,LAYING,0.0,0.0,0.0,0.0,0.0,0.0
34,4,SITTING,-0.0025265290657193536,-0.05196065455066099,0.009724269389159105,0.030230002524143,0.021001547607074456,0.023844488679614737
34,4,STANDING,-0.0038902364340117203,0.006749082011991191,0.0018930242878801918,0.007799730573706979,0.002306166228993695,0.0037802261629809215
34,4,WALKING,0.001486886503275614,-0.004528906979799944,-0.0017053466869251022,0.003495493105716017,0.0038450669636121686,0.002654792902385041
34,4,WALKING_DOWNSTAIRS,0.0022259433710955026,-0.006621701959448123,0.004108366190334772,-0.0001746641697185747,0.0010965496593885182,4.8930976062042415e-06
34,4,WALKING_UPSTAIRS,0.002263228076951949,-0.008480758673470942,0.0036980460410634772,0.002920518424612247,0.004271746383392909,0.0020145854030510445
34,5,LAYING,0.0,0.0,0.0,0.0,0.0,0.0
34,5,SITTING,-0.0010032617045672254,-0.04481463191104103,0.004722045755653638,0.0026850707546720786,0.010773778107513957,0.007120499715128708
34,5,STANDING,0.002688011609662421,-0.00019308295968212757,0.0003031845482386753,-0.015743316084888055,-0.003927411496977482,-0.009810472644267985
34,5,WALKING,0.0037610326385095223,-0.001829248386428021,0.0064166871617049835,0.0014521165029765803,0.0018268506129458868,0.005696294271317669
34,5,WALKING_DOWNSTAIRS,0.0070659618503311275,-0.01090361555422282,0.015073110638514116,-0.008379460869109978,0.0029880908922636906,0.002634595212766446
34,5,WALKING_UPSTAIRS,0.004278338189400235,-0.004681537028431783,0.011154291497103945,-0.0031692130068927656,0.000994900568921699,0.004659880869320547
34,Aggregated,LAYING,-0.07299576684895774,0.5820261556647416,-0.09006292392140859,-0.1052629587920557,-0.1156527967345281,-0.10049073375803486
34,Aggregated,SITTING,-0.01615796602979963,-0.002275711746627208,-0.0036746534671219405,0.019907286072396085,0.014316578502995806,0.016785211896802824
34,Aggregated,STANDING,-0.0068875441565692305,0.002494784251675106,-0.001069804903770577,0.007328485645288664,0.006775185552060951,0.0052676508777835035
34,Aggregated,WALKING,0.0020634983870657713,-0.005815553316973131,0.008488617075117723,0.0029429710554577733,0.000104978688113877,0.008170174002052262
34,Aggregated,WALKING_DOWNSTAIRS,0.004405382294163659,-0.008748270497309585,0.008175013408993884,-0.004263401576690395,0.0019412639960681372,0.002673615031659366
34,Aggregated,WALKING_UPSTAIRS,0.0026260970055258384,-0.006267204385220013,0.008802494914839,-0.0006244347078614524,0.0011615775312594685,0.006127736803187555
34,Centralized,LAYING,-0.07299576684895774,0.5820261556647416,-0.09006292392140859,-0.1052629587920557,-0.1156527967345281,-0.10049073375803486
34,Centralized,SITTING,-0.01615796602979963,-0.002275711746627208,-0.0036746534671219405,0.019907286072396085,0.014316578502995806,0.016785211896802824
34,Centralized,STANDING,-0.0068875441565692305,0.002494784251675106,-0.001069804903770577,0.007328485645288664,0.006775185552060951,0.0052676508777835035
34,Centralized,WALKING,0.0020634983870657713,-0.005815553316973131,0.008488617075117723,0.0029429710554577733,0.000104978688113877,0.008170174002052262
34,Centralized,WALKING_DOWNSTAIRS,0.004405382294163659,-0.008748270497309585,0.008175013408993884,-0.004263401576690395,0.0019412639960681372,0.002673615031659366
34,Centralized,WALKING_UPSTAIRS,0.0026260970055258384,-0.006267204385220013,0.008802494914839,-0.0006244347078614524,0.0011615775312594685,0.006127736803187555
35,0,LAYING,-0.0865493966959028,0.7415759657199613,-0.09068341825660994,-0.08873117369640561,-0.0965042655046347,-0.0849161098565774
35,0,SITTING,0.023998862468465443,0.18394501668959,-0.03279993530200487,-0.09160437142197556,-0.061002274180711594,-0.05147518250182739
35,0,STANDING,0.027108087641115317,0.003225038836377871,-0.0017114892735822268,-0.0302045049297694,-0.015121896800494946,-0.011548850601566683
35,0,WALKING,-0.011245315376914667,-0.0328184601696295,0.022539259136387484,-0.01127218180500271,-0.008027388090911532,0.007733109423147647
35,0,WALKING_DOWNSTAIRS,0.006980744745189686,-0.011622621509685923,0.0025999450089660217,0.007742272125612066,0.002649836380598274,-0.014835069897327208
35,0,WALKING_UPSTAIRS,0.0010972120681226633,-0.015592908785575165,0.011551805672772954,-0.00196583232034203,-0.0022074139758471653,-0.028728450894425443
35,1,LAYING,0.0,0.0,0.0,0.0,0.0,0.0
35,1,SITTING,0.045306875326750644,-0.01730438157020863,0.0003020486618455976,-0.048317406387199384,-0.019209385124891953,-0.020844491729432826
35,1,STANDING,0.023958936155823382,-0.00011440373107416566,-0.004509573012195705,-0.03171036671770623,-0.015052717626798712,-0.015555368955716678
35,1,WALKING,-0.005924583311575175,-0.015254426374259037,0.00649650081168324,-0.0005073942226451754,-0.007365097240764843,-0.0035307591778909507
35,1,WALKING_DOWNSTAIRS,0.0001526004339492034,-0.009100869220260094,0.0009895310412920985,0.003309395958983514,-0.002048003916590247,0.005026501926518568
35,1,WALKING_UPSTAIRS,-0.008443671303539298,-0.018465790818956603,0.00522069941363299,-0.008269607020366184,-0.008099126165860667,-0.0044141896478816995
35,2,LAYING,0.0,0.0,0.0,0.0,0.0,0.0
35,2,SITTING,0.026830817349986786,-0.021947750010470172,-0.009291197764667735,-0.03743606694171981,-0.016548411255244776,-0.015644368131776467
35,2,STANDING,0.012245068553423612,-0.004894531468375798,-0.008637480837898743,-0.024276225541187437,-0.011897150332581336,-0.010587548735385026
35,2,WALKING,-0.0012193491129369606,-0.01217522273764769,0.002402945819992225,0.00127218581077273,-0.0025877939370429486,0.0076726530516932874
35,2,WALKING_DOWNSTAIRS,0.0017992651773468722,-0.00930874800234416,0.0035475081089310547,0.002146514906186709,0.0010517783044640108,0.006487587229321189
35,2,WALKING_UPSTAIRS,-0.00013200833933302663,-0.008482650964550123,-0.0017308999342066423,0.0034870443858017555,0.00040654124569839225,0.005502606517982041
35,3,LAYING,0.0,0.0,0.0,0.0,0.0,0.0
35,3,SITTING,0.015381074847896112,-0.011374161697513735,0.003899006264722636,-0.017823576718846854,0.004934947815490782,0.009939439671487674
35,3,STANDING,0.002466787309764876,0.004105218144063029,0.0017225497110259873,-0.005770959477317808,0.005429797419839193,0.008731812676829298
35,3,WALKING,-0.005756380052834594,-0.01952507724326751,0.009663133919135017,-0.006307168593964185,-0.004795990951196697,0.0037590449348848228
35,3,WALKING_DOWNSTAIRS,-0.005841647633709126,-0.020849875634478585,0.0100555525452814,0.0015530907850507998,0.0011699346745142872,0.013912945263341202
35,3,WALKING_UPSTAIRS,-0.005987538781458266,-0.016733329500583666,0.008964177262343696,-0.0031096680978680118,-0.002225209830608327,0.0052449890534085886
35,4,LAYING,0.0,0.0,0.0,0.0,0.0,0.0
35,4,SITTING,0.024280253964516746,-0.017525473142242676,0.00016000668220283114,-0.030130443333660557,-0.00629149989411878,-0.010166618807323917
35,4,STANDING,0.009721883763763713,-6.483742793261618e-05,-0.0026216362326721343,-0.01766588656672494,-0.005250382155444225,-0.0063413636032120255
35,4,WALKING,-0.00323173839791929,-0.01681770605084512,0.007385855270720566,0.0032416279710774988,0.0015022105651102736,0.008948368253259033
35,4,WALKING_DOWNSTAIRS,0.0017392457316508236,-0.010285584432087162,0.0007703709121214871,0.0053936446581502005,0.003039171380605458,-0.0006568482504407885
35,4,WALKING_UPSTAIRS,-0.0038892825104291004,-0.01973266218998933,0.007362892138820815,0.005778287946634522,0.002221888806396377,0.006798133264440105
35,5,LAYING,0.0,0.0,0.0,0.0,0.0,0.0
35,5,SITTING,0.03028637650092632,-0.0277242370270647,0.011958591452032626,-0.033443652336621124,-0.003604066961330873,-0.005348620470205018
35,5,STANDING,0.010249829306717707,-0.0019058844519681108,0.005840629677263461,-0.01943126682937614,-0.0021432176438517165,-0.0014893323634418772
35,5,WALKING,-0.0026849362424035293,-0.016721940350623403,0.012687976925206642,-0.00547822044724666,-0.0022160874239379133,0.0027953073668877965
35,5,WALKING_DOWNSTAIRS,-0.0008192107219435141,-0.016195656903225577,0.012490339255094428,0.004395880629506837,0.0036719811057654775,0.013025694387923857
35,5,WALKING_UPSTAIRS,-0.0031847779635308104,-0.01912865213961725,0.019500224856624507,-0.002431799501744016,0.00012803213618831262,0.0031595097850510537
35,Aggregated,LAYING,-0.07709791990265405,0.6943185817537164,-0.08123194146336098,-0.07927969690315655,-0.08705278871138587,-0.0754646330633285
35,Aggregated,SITTING,0.02612587878182662,0.027459056770297155,-0.005639915905869956,-0.044870200620771114,-0.018543573602674984,-0.01698668232657711
35,Aggregated,STANDING,0.014379525690733315,-1.599986412541924e-05,-0.0017382974274717537,-0.02160724791740005,-0.007421361637720351,-0.006265105228626088
35,Aggregated,WALKING,-0.004929809601714168,-0.018757647656117125,0.009973173870080168,-0.0030090347409915045,-0.0038550414070731604,0.004519465228147863
35,Aggregated,WALKING_DOWNSTAIRS,0.0005959638842669979,-0.012655980909585723,0.004951693762002037,0.0040916670138724685,0.0015933786495624731,0.003967806861968225
35,Aggregated,WALKING_UPSTAIRS,-0.003561603365713355,-0.01635176274934557,0.008433570771604613,-0.0010952232258856726,-0.0016032165703799453,-0.0010562261656601626
35,Centralized,LAYING,-0.07709791990265405,0.6943185817537164,-0.08123194146336098,-0.07927969690315655,-0.08705278871138587,-0.0754646330633285
35,Centralized,SITTING,0.02612587878182662,0.027459056770297155,-0.005639915905869956,-0.044870200620771114,-0.018543573602674984,-0.01698668232657711
35,Centralized,STANDING,0.014379525690733315,-1.599986412541924e-05,-0.0017382974274717537,-0.02160724791740005,-0.007421361637720351,-0.006265105228626088
35,Centralized,WALKING,-0.004929809601714168,-0.018757647656117125,0.009973173870080168,-0.0030090347409915045,-0.0038550414070731604,0.004519465228147863
35,Centralized,WALKING_DOWNSTAIRS,0.0005959638842669979,-0.012655980909585723,0.004951693762002037,0.0040916670138724685,0.0015933786495624731,0.003967806861968225
35,Centralized,WALKING_UPSTAIRS,-0.003561603365713355,-0.01635176274934557,0.008433570771604613,-0.0010952232258856726,-0.0016032165703799453,-0.0010562261656601626
36,0,LAYING,-0.12564654342481818,0.687944931246905,-0.14284953511233808,-0.14590982558071455,-0.14936259993968415,-0.12417642718934728
36,0,SITTING,-0.04158306463530945,0.17723822176313883,-0.026288189280444133,-0.01611500312986193,-0.019052125079927738,-0.01231565640509761
36,0,STANDING,-0.007367490577243626,0.00925797639532219,0.0006638530020344172,0.0022696756135340726,0.0037997209058587044,0.00828819086299813
36,0,WALKING,0.008099535288140879,0.0018162485265485048,0.011032160191914832,0.00023088793999014465,0.0035088694495493543,0.008403275486779518
36,0,WALKING_DOWNSTAIRS,5.013918861126269e-05,-0.005883228484866194,0.0029500715092257994,0.002872457054573405,0.004065873169089956,0.002429580710012772
36,0,WALKING_UPSTAIRS,0.007939091085834295,0.0014256278599553156,0.010641547742401539,0.00444440306952911,0.006639871229950742,0.004755047247623174
36,1,LAYING,0.0,0.0,0.0,0.0,0.0,0.0
36,1,SITTING,-0.0049441576490821685,-0.015829508833802606,0.013101337511898271,0.03304203051816242,0.021265792658641595,0.01343124661731924
36,1,STANDING,-0.007862991284187281,0.01322454154060417,0.004309412380734464,0.013844126095422002,0.009823717331334894,0.004536586136898604
36,1,WALKING,0.006349834862858839,0.004315537993285823,0.006858953407323366,0.004697760442624793,-0.0017628356588819593,0.004828105274628216
36,1,WALKING_DOWNSTAIRS,0.004593122003376635,-0.007000719100501449,0.0035504382297637718,0.004362550521876086,0.000570997661438675,0.0037643891006761414
36,1,WALKING_UPSTAIRS,0.008685702191596886,0.0025808257258695525,0.010880367443380041,0.004159463005482273,0.002717786268687343,0.0007893130598540006
36,2,LAYING,0.0,0.0,0.0,0.0,0.0,0.0
36,2,SITTING,-0.012992384619390913,-0.01077620715327166,0.018336604681828392,0.03633090488756993,0.03183445474568233,0.011303604211473929
36,2,STANDING,-0.012842578706860541,0.010558430269496592,0.008635862502987264,0.019018902172534328,0.018368773591485327,0.004308478532361553
36,2,WALKING,-0.0011459757601752884,0.0013844774711878431,-0.0023643237353064943,0.003304937620632572,-0.0016789117439687863,0.005134377252799498
36,2,WALKING_DOWNSTAIRS,-0.00036858604099292424,-0.014601183978338638,-0.0004916377683693497,-0.0004011467675231547,6.988124879721188e-05,0.0019980102580323985
36,2,WALKING_UPSTAIRS,-0.0006286505737230274,-0.011121217725295372,0.0009699149325419413,0.0031669382062779177,0.0013448390113279325,0.0014722016225712496
36,3,LAYING,0.0,0.0,0.0,0.0,0.0,0.0
36,3,SITTING,0.0019256982983907043,-0.028807193500569487,0.004471956017738879,0.013001861684075291,0.008067095350918003,0.01531247683528088
36,3,STANDING,0.0012162280206362659,-0.0014543873349058883,-0.001505424928805349,-0.004895939913730678,-0.0010698101697164712,0.00783364286030296
36,3,WALKING,0.011197359808664263,-0.0023323690001234338,0.012100128525230439,-0.0012278758329635116,0.0012014705873313622,0.007938291259454553
36,3,WALKING_DOWNSTAIRS,-0.004627523735854961,-0.021027537324823427,0.014977052914289581,-0.010959682034396621,-0.0019191293705865312,0.02355681955137192
36,3,WALKING_UPSTAIRS,-0.0031955056493666823,-0.00969573713506999,0.010191819783862499,-0.004141012396312467,0.0003472510347530322,0.014435309077082167
36,4,LAYING,0.0,0.0,0.0,0.0,0.0,0.0
36,4,SITTING,-0.004972240605002925,-0.02008658543411218,0.015040864144313559,0.02089465937819017,0.01990918451628604,0.008887892530951253
36,4,STANDING,-0.005049979268931757,0.008935835902290459,0.0054038622449267305,0.0028902787952360875,0.0064986701384273215,0.0035435544102734454
36,4,WALKING,-0.0004129057765172639,-0.005434073567744431,-0.0027439278483640766,0.0035105829997082068,0.001129378242436176,0.0029223283390784702
36,4,WALKING_DOWNSTAIRS,-0.0008454992799255157,-0.013265806738481888,0.004078281242313785,0.0014823456704059416,0.0007431628841424713,0.007807516221545264
36,4,WALKING_UPSTAIRS,-0.0005782476179772993,-0.016229323018505194,0.0037390069836111613,0.004578695428720955,0.0013301303426807502,0.00862048042559636
36,5,LAYING,0.0,0.0,0.0,0.0,0.0,0.0
36,5,SITTING,0.0034232185081490003,-0.016675863906061683,0.014331427746081222,-0.00378751932577029,0.015320642044571228,0.015263703775293482
36,5,STANDING,0.0035916372447208295,0.008565264025819,0.005905249144977601,-0.022347545736621684,0.003909417977460654,0.009255219648300443
36,5,WALKING,0.002431909273187057,0.0007761845779991061,0.0026688659691504984,0.0021397225622715363,0.0010683712889146268,0.0025328465005942324
36,5,WALKING_DOWNSTAIRS,-0.006344208079393575,-0.016357123085098364,0.004674700330750148,-0.005216255519125504,-0.0012933097888062686,0.00796716838855202
36,5,WALKING_UPSTAIRS,-0.002003575489788136,-0.007283124762643803,0.005469803017166933,-0.0009917717257456624,-0.00018910124221095762,0.006955233030249724
36,Aggregated,LAYING,-0.11343441387164817,0.626884283481054,-0.13063740555916784,-0.13369769602754483,-0.13715047038651398,-0.11196429763617759
36,Aggregated,SITTING,-0.012170381433393463,0.025470114924720955,0.004133195867551878,0.011425271748951861,0.010338000221436756,0.006793912824880347
36,Aggregated,STANDING,-0.004793141226773243,0.008233958020279358,0.003976044743585808,0.002154945289112659,0.00706903008727137,0.006189767062290683
36,Aggregated,WALKING,0.004466115893079346,2.2456790989702153e-05,0.004603045204795541,0.0021417317457778453,0.00048178739552309037,0.005265104444519422
36,Aggregated,WALKING_DOWNSTAIRS,-0.0012903456256843431,-0.013052802625658262,0.004877090934826873,-0.001317076451872328,0.000299809395550941,0.007938795110750633
36,Aggregated,WALKING_UPSTAIRS,0.0014637080093163745,-0.007030050937523818,0.0068720903465432776,0.0017159152792315874,0.0018770079017771616,0.006227592303819058
36,Centralized,LAYING,-0.11343441387164817,0.626884283481054,-0.13063740555916784,-0.13369769602754483,-0.13715047038651398,-0.11196429763617759
36,Centralized,SITTING,-0.012170381433393463,0.025470114924720955,0.004133195867551878,0.011425271748951861,0.010338000221436756,0.006793912824880347
36,Centralized,STANDING,-0.004793141226773243,0.008233958020279358,0.003976044743585808,0.002154945289112659,0.00706903008727137,0.006189767062290683
36,Centralized,WALKING,0.004466115893079346,2.2456790989702153e-05,0.004603045204795541,0.0021417317457778453,0.00048178739552309037,0.005265104444519422
36,Centralized,WALKING_DOWNSTAIRS,-0.0012903456256843431,-0.013052802625658262,0.004877090934826873,-0.001317076451872328,0.000299809395550941,0.007938795110750633
36,Centralized,WALKING_UPSTAIRS,0.0014637080093163745,-0.007030050937523818,0.0068720903465432776,0.0017159152792315874,0.0018770079017771616,0.006227592303819058
37,0,LAYING,-0.11339745685605881,0.7101315386817072,-0.126080592532569,-0.1348473363561101,-0.14259815996614542,-0.11437233499629136
37,0,SITTING,-0.017238631963017247,0.19203496190971445,-0.05155843553901862,-0.09390712006054427,-0.03418080404908445,5.313741906900729e-07
37,0,STANDING,-0.0019103513575256575,0.012361402677451934,-0.006632843088076254,-0.021410747563670018,0.0014601352429154113,0.008317156540938418
37,0,WALKING,-0.008493207385972637,-0.018815867053281417,0.015271027320060072,-0.013759216628051678,-0.009801664751444103,0.008947276847037965
37,0,WALKING_DOWNSTAIRS,0.0029152521727429065,-0.008116803774208406,-0.0016168015772314722,0.015419187674813154,0.0035898343289515293,-0.002895316501229671
37,0,WALKING_UPSTAIRS,-0.006859323968463969,-0.004108222770510664,0.0015612949155904721,0.01136468475346309,-0.008439199759933218,-0.0039592870542948565
37,1,LAYING,0.0,0.0,0.0,0.0,0.0,0.0
37,1,SITTING,0.01774743995633394,-0.005668651338229021,-0.018465278288173008,-0.049565683747895745,0.005325326196059196,0.02948932599949378
37,1,STANDING,0.00847484061667438,0.0075026252545560435,-0.01434135083316278,-0.031597706612630096,0.00024811226734079646,0.014716966868253868
37,1,WALKING,-0.007532009673742925,-0.008715993972443619,0.0034642220711779957,0.0004888618678722405,-0.009360677087866585,0.001617061149530787
37,1,WALKING_DOWNSTAIRS,0.0024497209249685643,-0.00617578309110677,0.0007349559093406458,0.0023880455634093323,-0.0012363614582219314,0.00030298668189990215
37,1,WALKING_UPSTAIRS,-0.010118706610436873,-0.012583443446740662,0.006378826584296125,-0.005099175663088871,-0.009743366209606393,0.0013524076507064867
37,2,LAYING,0.0,0.0,0.0,0.0,0.0,0.0
37,2,SITTING,0.02628418147981542,-0.01357684360765078,-0.029535378580460743,-0.04769086013493275,0.003281536355726079,0.04050272132527546
37,2,STANDING,0.015188010650753047,5.307759555741217e-05,-0.021997814636261905,-0.032625081980609566,-0.0005482968347911177,0.024692009967256987
37,2,WALKING,-0.00025257589322096686,-0.005322339334705818,0.0017414546126511415,0.0016520926157505367,-0.0022786850790454693,0.0054641771596177875
37,2,WALKING_DOWNSTAIRS,0.0059373322585375195,-0.006467392058712577,0.00210066202332308,0.006602761857932086,0.00731416306889574,0.0063955387236634504
37,2,WALKING_UPSTAIRS,0.003098946860197675,-0.009509405014876585,0.0005943909613492263,0.0033516330720781678,0.0027605980026226347,0.004499810644928194
37,3,LAYING,0.0,0.0,0.0,0.0,0.0,0.0
37,3,SITTING,0.01151243166621577,-0.016778130203416505,0.0016716895981753771,-0.024333235862230553,0.004312641731544649,0.021480456728247856
37,3,STANDING,0.0022288070513925844,-0.00375244474764987,0.003975770121987082,-0.00894331601916799,0.0011737936654372615,0.007015570914905347
37,3,WALKING,-0.006493206458632351,-0.019436217893292952,0.01119634339807302,-0.009340225190656509,-0.0056183677843353284,0.006453373767467022
37,3,WALKING_DOWNSTAIRS,0.003117971199814266,-0.022424906196406483,0.012810525216276744,-0.009062587516984877,0.002860164373379988,0.01269883292392026
37,3,WALKING_UPSTAIRS,-0.00199837073376875,-0.02060483977861765,0.009505551143313001,-0.0069949514733281875,-0.0019654954636334674,0.008149683114911392
37,4,LAYING,0.0,0.0,0.0,0.0,0.0,0.0
37,4,SITTING,0.014241370839537332,-0.0018563621877939844,-0.015870153883519793,-0.038222266890573474,0.00540801192173576,0.0278878036305857
37,4,STANDING,0.005876152376403041,0.005163743933109816,-0.010081734193209294,-0.021558945823641557,0.0021648517631166386,0.014428645969722381
37,4,WALKING,-0.0011296380382692336,-0.013305215681067378,0.0036832761024015496,0.002497933149329336,0.0033667064940725282,0.005915555584936122
37,4,WALKING_DOWNSTAIRS,0.006191065670777839,-0.009642475880954744,-0.0002785242903234123,0.004192608083459705,0.002784506284090761,0.0037347306375516056
37,4,WALKING_UPSTAIRS,0.0016080996885152613,-0.01748302437372844,0.005532175104528876,0.004703249807707437,0.0035390449376926825,0.007422177138138484
37,5,LAYING,0.0,0.0,0.0,0.0,0.0,0.0
37,5,SITTING,0.014847970445310924,-0.011075060044781825,-0.006288809472938525,-0.025016881163293384,0.013589124898192913,0.02106057617992083
37,5,STANDING,0.005629907485233805,0.007146955132191309,-0.0035518182370361255,-0.009260490838773696,0.008832712553727574,0.007436500138423282
37,5,WALKING,-0.0027107250675683747,-0.009301560649705205,0.006163072373189112,-0.00459851305838038,-0.003772263483405882,0.0026020897137536653
37,5,WALKING_DOWNSTAIRS,0.007803007949757388,-0.013469566360846577,0.009716093805476996,-0.007037954956209337,0.008226942058284512,0.011330505256658576
37,5,WALKING_UPSTAIRS,0.0007349189151206599,-0.011472994581673564,0.01145541690127419,-0.009919329082330413,-0.00083391909678735,0.008078444117368348
37,Aggregated,LAYING,-0.10431781927856726,0.664733350794248,-0.11700095495507738,-0.1257676987786188,-0.1335185223886549,-0.10529269741879962
37,Aggregated,SITTING,0.009316368625761821,0.03603816956542635,-0.02202457284590243,-0.04893697316860923,-0.002817939073565296,0.02159196453782928
37,Aggregated,STANDING,0.006094468931063736,0.004711590338827932,-0.008962336758170012,-0.02127719349153105,0.0021956159292296678,0.012953595903559713
37,Aggregated,WALKING,-0.004389814688420233,-0.012464433442415348,0.006804897322111267,-0.003668862071036004,-0.0045373916929830095,0.005089833084308617
37,Aggregated,WALKING_DOWNSTAIRS,0.004733476580546391,-0.010948105159478208,0.0038253171755236776,0.001954144461497511,0.003922832742851561,0.005332288494775537
37,Aggregated,WALKING_UPSTAIRS,-0.002041469811843064,-0.012856742755012933,0.006035440252699384,-0.0008900722852283654,-0.0021951770081004482,0.004546251679554136
37,Centralized,LAYING,-0.10431781927856726,0.664733350794248,-0.11700095495507738,-0.1257676987786188,-0.1335185223886549,-0.10529269741879962
37,Centralized,SITTING,0.009316368625761821,0.03603816956542635,-0.02202457284590243,-0.04893697316860923,-0.002817939073565296,0.02159196453782928
37,Centralized,STANDING,0.006094468931063736,0.004711590338827932,-0.008962336758170012,-0.02127719349153105,0.0021956159292296678,0.012953595903559713
37,Centralized,WALKING,-0.004389814688420233,-0.012464433442415348,0.006804897322111267,-0.003668862071036004,-0.0045373916929830095,0.005089833084308617
37,Centralized,WALKING_DOWNSTAIRS,0.004733476580546391,-0.010948105159478208,0.0038253171755236776,0.001954144461497511,0.003922832742851561,0.005332288494775537
37,Centralized,WALKING_UPSTAIRS,-0.002041469811843064,-0.012856742755012933,0.006035440252699384,-0.0008900722852283654,-0.0021951770081004482,0.004546251679554136
38,0,LAYING,-0.12794083807584,0.7242517971547496,-0.1372561381735051,-0.13022477102214688,-0.13210839432568605,-0.12525381608533284
38,0,SITTING,-0.03115437890697225,0.18272888619913777,-0.024087295049434618,-0.028664909571224056,-0.016478766879248388,-0.053318213288675004
38,0,STANDING,-0.00204330604813147,0.008702009661619187,0.004632044179338045,-0.008536042513545955,0.008070679227403708,-0.006991028678462679
38,0,WALKING,-0.003958846876525343,-0.014668765008964055,0.01589202067983476,-0.0036297339479968924,0.005541065537213952,0.0008242596164375804
38,0,WALKING_DOWNSTAIRS,0.0065527232029733715,-0.008667792387533789,-0.009065840948783923,0.01354625882816251,0.003851673173392382,-0.014174581549908085
38,0,WALKING_UPSTAIRS,0.0013679412731953,-0.005425647756442232,-0.001366717760696496,0.008445735254033512,0.0077401182586314355,-0.019099655927558863
38,1,LAYING,0.0,0.0,0.0,0.0,0.0,0.0
38,1,SITTING,0.0027351365242651565,-0.035174347686964966,0.015332199472429737,0.024387664460578662,0.018649065527315125,-0.02592971829762363
38,1,STANDING,-0.0025022816994691127,-0.0028872723020766477,0.00564512912983275,0.01113290702665032,0.009361899823369622,-0.020750381978306934
38,1,WALKING,-0.005287976332797702,-0.0065199414211784944,0.008292369665777307,0.0021163534072122445,-7.08621901325109e-05,0.00045596093764378823
38,1,WALKING_DOWNSTAIRS,-0.0005460520351620072,-0.007308089723231408,0.003484984455950318,0.002123518123160383,0.0024667318806459544,0.0013153427683470073
38,1,WALKING_UPSTAIRS,-0.0022684395517297766,-0.010963506425744219,0.011330382768994667,8.814635748770817e-05,0.00152711061328068,0.0002863062377109112
38,2,LAYING,0.0,0.0,0.0,0.0,0.0,0.0
38,2,SITTING,0.0059004628387621955,-0.049462282016917415,0.01853772827434149,0.033938341910603846,0.023854047130364733,-0.026001320985654112
38,2,STANDING,0.0008159394597687608,-0.018077590417875263,0.009717200923486513,0.019764413385670795,0.013461446164825877,-0.020467256815690466
38,2,WALKING,-0.0006212019116199964,-0.006842003993406203,-0.00031602980820987593,0.0020479874465556434,0.0011522239519203596,0.004082974993284671
38,2,WALKING_DOWNSTAIRS,-0.0016818198755089047,-0.013643837957617184,-0.004076283306651141,0.003125591008099916,0.0019502899495749105,0.0005137516329517459
38,2,WALKING_UPSTAIRS,0.0020888220825761917,-0.012514912120095619,0.0032709178444919923,0.002844035367858661,0.00312955994845736,0.0011815768767114375
38,3,LAYING,0.0,0.0,0.0,0.0,0.0,0.0
38,3,SITTING,0.0005111502095772355,-0.03019777247829003,0.008087339593709046,0.011325603061108507,0.005848959968438115,-0.0012429822178967138
38,3,STANDING,-0.0027216729531753543,-0.0012171622109066172,0.00021082312727898622,-0.00044240564927840084,-0.00114380373288623,-0.0007849054428711607
38,3,WALKING,0.002436661091788172,-0.013704092955126097,0.012744232039881117,-0.0009904074846245762,0.0034282678023231767,0.007565338088474456
38,3,WALKING_DOWNSTAIRS,0.0012676800173883267,-0.021555103832026988,0.011152438923604447,0.0017847440136337823,0.0013922619793607038,0.013807619583501289
38,3,WALKING_UPSTAIRS,0.0003606470795460966,-0.01585307503049605,0.009371379645015313,0.0013757116519714323,0.004326414784785876,0.007106287524778125
38,4,LAYING,0.0,0.0,0.0,0.0,0.0,0.0
38,4,SITTING,0.00782033010694615,-0.036566109674252674,0.016372928575905124,0.017746934123777956,0.016753553371855807,-0.01501431971349628
38,4,STANDING,0.001859479352701715,-0.006362956566819158,0.006978857566687372,0.005447294488047932,0.006570417398839629,-0.009509005288157483
38,4,WALKING,0.0012178128816892268,-0.010353446252337454,0.0012317937073170564,0.0038284744968159756,0.0029885724641618484,0.006417594513365448
38,4,WALKING_DOWNSTAIRS,0.0020746837900977506,-0.014962246938628066,0.0016428920047972821,0.004634717641785048,-0.0004463562780927108,7.439927543898766e-05
38,4,WALKING_UPSTAIRS,0.0018926160955967275,-0.018529948304079138,0.0045753245913384855,0.006085852679557036,0.0021827577642334396,0.004442537062999659
38,5,LAYING,0.0,0.0,0.0,0.0,0.0,0.0
38,5,SITTING,0.007270914892292805,-0.0317647686534154,0.010553289107495109,0.01438670527218119,0.016152410654116822,0.003379002038216271
38,5,STANDING,0.001057912834621083,0.005153186152194787,-0.0005996747757301974,0.0005823531770909856,0.003485701256326063,0.006085103594067941
38,5,WALKING,0.0003579466067539246,-0.0072994778354819835,0.004705963138234849,7.265497530844674e-05,0.001804966508430774,0.0003579466067539246
38,5,WALKING_DOWNSTAIRS,0.0037327855069192715,-0.021634408014228116,0.008431205025856927,-3.6213879221208554e-05,-0.002373262999013111,0.01187989435968608
38,5,WALKING_UPSTAIRS,0.001651134752680361,-0.01610007248209914,0.009813857204862601,-0.0005959412976718667,-0.0008080326698991484,0.006039054492127224
38,Aggregated,LAYING,-0.11672069281503084,0.6681510708507037,-0.12603599291269565,-0.11900462576133783,-0.12088824906487636,-0.11403367082452384
38,Aggregated,SITTING,-0.003394233166734116,0.011975298554599176,0.005391678158362933,0.009723080000487551,0.008820509543012594,-0.02167263507816194
38,Aggregated,STANDING,-0.0005633191811739676,-0.002716482554506461,0.004513367649172321,0.005058102940229841,0.0067253197104061545,-0.009037443638047659
38,Aggregated,WALKING,-0.0009233972311245915,-0.00990080897913784,0.007042516569080067,0.0006444525752943187,0.002379720094116807,0.0033619762145374425
38,Aggregated,WALKING_DOWNSTAIRS,0.0017552922779150103,-0.014575432678506063,0.001984269376871491,0.0040663718994804615,0.0011194452544949403,0.0024589067295523997
38,Aggregated,WALKING_UPSTAIRS,0.0008988592317567656,-0.013459146014522232,0.0063858366911093475,0.002834306377374668,0.002857963630213108,0.0006534276223848723
38,Centralized,LAYING,-0.11672069281503084,0.6681510708507037,-0.12603599291269565,-0.11900462576133783,-0.12088824906487636,-0.11403367082452384
38,Centralized,SITTING,-0.003394233166734116,0.011975298554599176,0.005391678158362933,0.009723080000487551,0.008820509543012594,-0.02167263507816194
38,Centralized,STANDING,-0.0005633191811739676,-0.002716482554506461,0.004513367649172321,0.005058102940229841,0.0067253197104061545,-0.009037443638047659
38,Centralized,WALKING,-0.0009233972311245915,-0.00990080897913784,0.007042516569080067,0.0006444525752943187,0.002379720094116807,0.0033619762145374425
38,Centralized,WALKING_DOWNSTAIRS,0.0017552922779150103,-0.014575432678506063,0.001984269376871491,0.0040663718994804615,0.0011194452544949403,0.0024589067295523997
38,Centralized,WALKING_UPSTAIRS,0.0008988592317567656,-0.013459146014522232,0.0063858366911093475,0.002834306377374668,0.002857963630213108,0.0006534276223848723
39,0,LAYING,-0.14538772538399383,0.6859258433310299,-0.16213636086266525,-0.1497905523977947,-0.15717250703342314,-0.14290653712538945
39,0,SITTING,-0.010063869389090084,0.1815543689793169,-0.043559858013517215,-0.05813098771712052,-0.06695832400798409,-0.024819351829626215
39,0,STANDING,0.009898386106602635,0.01034753007793711,-0.002134916602710961,-0.008602352303636224,-0.009511638598128277,0.009851476168420597
39,0,WALKING,0.0004273323378424047,0.002995923643865376,0.008131385181193503,0.0005050889742399807,0.0062404545111224615,0.008351467003388001
39,0,WALKING_DOWNSTAIRS,0.00828846556346282,-0.0036715899749433976,-0.008822683596730807,0.010630562550759415,0.0008755792635580221,-0.015123019594893601
39,0,WALKING_UPSTAIRS,0.008825803144538548,-0.0029615805900765273,-0.002485349633320391,0.011620339461901857,0.004566350231052577,-0.009964637223697058
39,1,LAYING,0.0,0.0,0.0,0.0,0.0,0.0
39,1,SITTING,0.034026413602721815,-0.009074307104256548,0.004997678562511256,-0.014374594038629751,-0.02143563249140469,0.011872989395164608
39,1,STANDING,0.022131780250558016,8.071964441678237e-05,0.0013712625150993677,-0.012606860517704682,-0.013180347361129243,0.007949264105692142
39,1,WALKING,-0.008196054207078467,-0.0013118513193292702,0.0048779125506385485,0.0036617106910456017,-0.002188539601963281,0.007542786798967588
39,1,WALKING_DOWNSTAIRS,0.0013853003759101978,-0.00046907318505342487,-0.0017961966253041118,0.006674733539962648,0.0014848721309841473,-0.0072796362364994805
39,1,WALKING_UPSTAIRS,-0.00427273789648001,-0.002168149057091065,0.009243774126238382,-0.004709219466918031,-0.0008041912224348894,0.011454156793425969
39,2,LAYING,0.0,0.0,0.0,0.0,0.0,0.0
39,2,SITTING,0.04113914593638923,-0.023749577710631995,0.004365046441197883,-0.022346523493929876,-0.026449493686738604,0.01235282470888487
39,2,STANDING,0.024846295131891034,-0.013327314987174595,0.0024969447415937227,-0.015657093514671695,-0.016527920610900883,0.008583351839622607
39,2,WALKING,-0.0011242852837329066,0.0035433621194367066,-0.001010258999417161,0.006323633449643603,0.0006992625199908934,-0.002660124454503495
39,2,WALKING_DOWNSTAIRS,-0.00031149282331807693,-0.006149152719786129,0.0023544003111104733,0.0023191085720508024,0.0013218437617305474,0.0004652928982123753
39,2,WALKING_UPSTAIRS,0.0027828989109723755,-0.007816106242620711,0.0021065866852343906,0.007611910147731275,0.0013284963952491125,0.0007531912549342601
39,3,LAYING,0.0,0.0,0.0,0.0,0.0,0.0
39,3,SITTING,0.007341130394050272,-0.0017369650433373752,0.00034642471106041315,-0.0033320788464296447,0.0006396097564021634,0.007107033120907549
39,3,STANDING,-0.0025604507231206807,0.004569947367566721,-0.001478899857919554,0.0011473819530124125,0.005858677032399635,0.005342132106849431
39,3,WALKING,-0.0024852432213225066,-0.003842590827898071,0.0052973865074242375,0.0012807734425809754,0.003629849824128696,0.007878125853747541
39,3,WALKING_DOWNSTAIRS,-0.004340410272926636,-0.010822988844526938,0.008659772685403449,-0.0018579529975845893,0.0048748794877919895,0.011220904734870994
39,3,WALKING_UPSTAIRS,-0.003069538521356818,-0.004772241751951788,0.006089194780111964,-0.0015295369587957814,0.002494098404564769,0.00739179763233326
39,4,LAYING,0.0,0.0,0.0,0.0,0.0,0.0
39,4,SITTING,0.029522044050730226,-0.01384119148378642,0.004660399282585876,-0.016593557184514246,-0.013314283835327248,0.008234587838310447
39,4,STANDING,0.014865613344067092,-0.0028871440960135755,0.002085576428877982,-0.010336379358433989,-0.008326437787020715,0.005554337641480642
39,4,WALKING,0.0004784904074182898,-0.0027272464463807783,-0.0023490988339571603,0.00372017178202638,0.0008502387149738759,2.74443759193869e-05
39,4,WALKING_DOWNSTAIRS,0.0005716731314924598,-0.007640049446930755,0.0021252850703944097,0.003491381160689559,0.003286235888664411,-0.001834525804310085
39,4,WALKING_UPSTAIRS,0.0006381310758584058,-0.010842399449548531,0.001614161733482992,0.005925117207738616,0.002602913247135241,6.207618533326705e-05
39,5,LAYING,0.0,0.0,0.0,0.0,0.0,0.0
39,5,SITTING,0.020326329511564472,-0.026449070152575496,0.006290659582440873,-0.014848345275660953,-0.013885061031196468,0.008587934054540999
39,5,STANDING,0.006976160480809063,-0.009016342462146202,0.0029018693682953886,-0.01164663021036553,-0.008259378549358471,0.0032797391341950993
39,5,WALKING,-0.0007919819881438935,-4.701128177064806e-06,0.0015362991744565827,-0.0011653316743137077,0.0007593903102885066,0.005440491259696219
39,5,WALKING_DOWNSTAIRS,-0.003425073493365434,-0.00948312275691135,0.007614139161239851,-0.0038490076018925646,0.002353184840702416,0.006789879850227069
39,5,WALKING_UPSTAIRS,-0.003035075692886926,-0.006320070911738594,0.007132525569611533,-0.0037667087344548465,0.0026938054067886146,0.009966791903513022
39,Aggregated,LAYING,-0.14065884770429635,0.6622814549325439,-0.15740748318296724,-0.1450616747180979,-0.1524436293537263,-0.13817765944569232
39,Aggregated,SITTING,0.017837987477866163,0.029490564525848282,-0.006492508362267069,-0.02420670770413634,-0.026289542921414125,0.001489231237685083
39,Aggregated,STANDING,0.012918898257415264,-0.0019254501065251784,0.0009134970635916078,-0.009683992386033813,-0.008426251912110699,0.006760744051359203
39,Aggregated,WALKING,-0.0020452855923258273,-0.0003941656193364994,0.0027414196144524223,0.0023582248191837316,0.0015736097966077345,0.004490490542952376
39,Aggregated,WALKING_DOWNSTAIRS,0.00023887339740868613,-0.006339641105984466,0.0018169590422009271,0.002877572574600852,0.002406574439709641,-0.0008222348952729651
39,Aggregated,WALKING_UPSTAIRS,6.132745045860366e-05,-0.005924156229581617,0.004071736665290151,0.0022448621818645636,0.002058025857092483,0.0036434169690951045
39,Centralized,LAYING,-0.14065884770429635,0.6622814549325439,-0.15740748318296724,-0.1450616747180979,-0.1524436293537263,-0.13817765944569232
39,Centralized,SITTING,0.017837987477866163,0.029490564525848282,-0.006492508362267069,-0.02420670770413634,-0.026289542921414125,0.001489231237685083
39,Centralized,STANDING,0.012918898257415264,-0.0019254501065251784,0.0009134970635916078,-0.009683992386033813,-0.008426251912110699,0.006760744051359203
39,Centralized,WALKING,-0.0020452855923258273,-0.0003941656193364994,0.0027414196144524223,0.0023582248191837316,0.0015736097966077345,0.004490490542952376
39,Centralized,WALKING_DOWNSTAIRS,0.00023887339740868613,-0.006339641105984466,0.0018169590422009271,0.002877572574600852,0.002406574439709641,-0.0008222348952729651
39,Centralized,WALKING_UPSTAIRS,6.132745045860366e-05,-0.005924156229581617,0.004071736665290151,0.0022448621818645636,0.002058025857092483,0.0036434169690951045
40,0,LAYING,-0.1274634808277967,0.69310292554818,-0.15142630115060146,-0.14846856371384282,-0.15079074682581636,-0.13009652376978795
40,0,SITTING,-0.03168167141937017,0.14922863829347383,-0.029825971640235743,-0.03406923772498782,-0.03613684491739078,-0.016930390730371607
40,0,STANDING,-0.0016249249247334847,-0.0021388962453464636,-0.0012599838360558095,-0.013654709655115251,0.002007060218826295,0.0068229695939398295
40,0,WALKING,-0.009562483684463963,-0.009009631066301997,0.012586401429042342,-0.012720571330136673,-0.008887095946268334,0.0009417289464768472
40,0,WALKING_DOWNSTAIRS,0.0013593209442861482,-0.010413298051735093,0.010473278142276379,0.0037234456290551146,0.0066809965358301205,-0.004001057410925117
40,0,WALKING_UPSTAIRS,-0.0025030982185407897,-0.00882639949602252,0.007769822219523303,0.0022103693217303054,0.003040236878203348,-0.01129185609529266
40,1,LAYING,0.0,0.0,0.0,0.0,0.0,0.0
40,1,SITTING,-0.0024073277770878822,-0.059512257212956096,0.019137094572366495,0.02324568291737071,0.004361439231827752,0.016300763238829345
40,1,STANDING,-0.00645399680854883,-0.003611840637133918,0.005063897594047465,0.00789052426975184,-0.00269813765004192,0.004007368068038169
40,1,WALKING,-0.005701952660664474,-0.011342247159698986,0.003060705658701348,0.0011923957506685793,-0.00012705295006191404,-0.0008913724484683213
40,1,WALKING_DOWNSTAIRS,-0.000971460886865764,-0.008462136458710624,0.0003736758070863063,-0.00038734271115622814,0.002124985711855624,-0.002518499878839181
40,1,WALKING_UPSTAIRS,-0.004097221629679235,-0.005105058183142535,0.009314438482365094,-0.0028706599247278522,-0.0031453155583935884,-0.0028398164631621963
40,2,LAYING,0.0,0.0,0.0,0.0,0.0,0.0
40,2,SITTING,-0.009072118308584353,-0.05967024156150364,0.03135754825951806,0.0357492479758318,-0.0003241916059636625,0.02333072298263693
40,2,STANDING,-0.012180731068226288,-0.013162404789772814,0.01597841469306025,0.019207984544786137,-0.005916344550081525,0.010931557255455531
40,2,WALKING,-0.004873598411565534,-0.0015439292965642492,-0.00023246425186033518,-0.0002492660777424623,-0.001791346147758099,0.0034150641555484207
40,2,WALKING_DOWNSTAIRS,0.003633864990746907,-0.00569782660656521,0.003291258241254807,0.003886642444781992,0.0038575812238896613,0.004840788255042477
40,2,WALKING_UPSTAIRS,-0.001310273300557522,-0.005811440090698077,-0.0018011964913524747,-0.00030365270038149966,-0.0007941254354724703,0.0032537108669613937
40,3,LAYING,0.0,0.0,0.0,0.0,0.0,0.0
40,3,SITTING,0.00852279934818837,-0.05327176677099496,0.012226906122076572,0.015699275788530198,0.009447261896757136,0.016103997312069143
40,3,STANDING,0.0026777648487180624,0.0016595529079061176,-0.004420117803065005,-0.0019165961767007805,0.003389151779562712,0.0024197682531027177
40,3,WALKING,-0.004931007975066302,-0.011823493951568786,0.007790372256249837,-0.010210856589545052,-0.0065353533711402486,0.0024720394696933976
40,3,WALKING_DOWNSTAIRS,-0.0025512606526729947,-0.014857409094273244,0.0065760048841261645,-0.011076629401400723,-0.005320797680476512,0.01164624646620739
40,3,WALKING_UPSTAIRS,-0.003811573754718452,-0.011419961009790367,0.0059057886947089955,-0.003767229644422548,-0.004175131716639709,0.003976968190355744
40,4,LAYING,0.0,0.0,0.0,0.0,0.0,0.0
40,4,SITTING,0.00016984139614473296,-0.06659289443659379,0.023104419819370593,0.022250646426162982,0.0019731294513289383,0.020426858675587942
40,4,STANDING,-0.005705355122371213,-0.009947775738536568,0.005843665120088902,0.005304421597360566,-0.004651571012007127,0.008201048982507942
40,4,WALKING,-0.009128354137841903,-0.00551601201250111,0.008033890551292703,-0.0008302955317588142,-0.0019439461798896052,0.004549964821162007
40,4,WALKING_DOWNSTAIRS,0.0038074037172804403,-0.0034596208437091135,0.0009245307075320915,0.0041164125124221,0.0019020795438154361,-0.00030889513273926007
40,4,WALKING_UPSTAIRS,-0.007947555830918426,-0.010646559676529764,0.011533009538195952,0.0026665738259711628,-0.0010520399315845955,0.0041314315192188845
40,5,LAYING,0.0,0.0,0.0,0.0,0.0,0.0
40,5,SITTING,0.007402798591411939,-0.048424400262254204,0.01342236537725362,0.013619336139045977,0.00829105015402885,0.01463392281784186
40,5,STANDING,0.002298180312037749,0.0023547754394594484,-0.0023639955473402424,-0.0021174071170817856,0.0012596916827342763,0.0017585478936674051
40,5,WALKING,-0.006401710632260772,-0.005090867059679971,0.011526402636062468,-0.004739136331683039,-0.0021344347112965505,0.0010655801450512195
40,5,WALKING_DOWNSTAIRS,0.005113288540295737,-0.00583514352869656,0.0011335355280555884,-0.007910086759937983,-0.0031802730639095625,0.01067867928419285
40,5,WALKING_UPSTAIRS,-0.004668737494509075,-0.009039851943273829,0.014155499890125848,-0.010127257887090216,-0.004979895986166986,0.007988975880081378
40,Aggregated,LAYING,-0.11428850678833646,0.6272280553508808,-0.13825132711114171,-0.1352935896743825,-0.13761577278635606,-0.11692154973032716
40,Aggregated,SITTING,-0.006726713067972877,-0.011032976866794527,0.009024761177058872,0.009889712331788687,-0.004641631364122217,0.010091276493239543
40,Aggregated,STANDING,-0.0036151796766847105,-0.004259565041850725,0.003315943482879834,0.0028544931603251508,-0.0012342337661010304,0.0057063077149666925
40,Aggregated,WALKING,-0.006705391703418062,-0.007479998517838914,0.0070594453754702,-0.004460400314076803,-0.0034901035315523872,0.0019372339168976865
40,Aggregated,WALKING_DOWNSTAIRS,0.0017241267915801958,-0.007978256538359806,0.0035535110602196557,-0.0012317442430093452,0.0009601302506349958,0.0034375056658264365
40,Aggregated,WALKING_UPSTAIRS,-0.004066626790331739,-0.008496796031495918,0.007816404194445358,-0.002250063327623901,-0.0020083080217410715,0.0013253612416243195
40,Centralized,LAYING,-0.11428850678833646,0.6272280553508808,-0.13825132711114171,-0.1352935896743825,-0.13761577278635606,-0.11692154973032716
40,Centralized,SITTING,-0.006726713067972877,-0.011032976866794527,0.009024761177058872,0.009889712331788687,-0.004641631364122217,0.010091276493239543
40,Centralized,STANDING,-0.0036151796766847105,-0.004259565041850725,0.003315943482879834,0.0028544931603251508,-0.0012342337661010304,0.0057063077149666925
40,Centralized,WALKING,-0.006705391703418062,-0.007479998517838914,0.0070594453754702,-0.004460400314076803,-0.0034901035315523872,0.0019372339168976865
40,Centralized,WALKING_DOWNSTAIRS,0.0017241267915801958,-0.007978256538359806,0.0035535110602196557,-0.0012317442430093452,0.0009601302506349958,0.0034375056658264365
40,Centralized,WALKING_UPSTAIRS,-0.004066626790331739,-0.008496796031495918,0.007816404194445358,-0.002250063327623901,-0.0020083080217410715,0.0013253612416243195
41,0,LAYING,-0.1290169111418724,0.7119300509971179,-0.13467953957066806,-0.12864008377750702,-0.13578127590848874,-0.12497207086732212
41,0,SITTING,-0.010486986963550824,0.1957995075841241,-0.03976208569244285,-0.06522819408064545,-0.013589128167603931,-0.05262580463177709
41,0,STANDING,0.006357792720668649,0.015138275194445865,-0.0003498849461957236,-0.01592694914541718,0.004191194341329422,-0.009410428164831074
41,0,WALKING,0.005821018331149081,0.0034372891060337864,0.006830643745892718,-0.0060164007414916605,0.007759161802122017,0.008819939407945744
41,0,WALKING_DOWNSTAIRS,-7.657826760269369e-05,-0.008115515423666848,0.0005416153252271396,0.007414422569516623,0.0015049434535003002,-0.002606680299115006
41,0,WALKING_UPSTAIRS,0.006002438568873258,-0.0013451209308185494,0.004807644928744064,-0.00025682608464524154,0.007561175576906329,0.0020089684839266295
41,1,LAYING,0.0,0.0,0.0,0.0,0.0,0.0
41,1,SITTING,0.028775276740485283,-0.018223695351829588,0.0010698557404060967,-0.027238791255840795,0.03109379768999739,-0.021418214210871128
41,1,STANDING,0.011586096718705995,0.01139439186907323,-0.0055334277118176695,-0.02337202016656673,0.012944721995427295,-0.017830573515632893
41,1,WALKING,0.004342632321793627,0.0054647470249418705,0.005918283854211042,0.0002622577985670984,0.011866565998230525,0.002621703478446375
41,1,WALKING_DOWNSTAIRS,0.0022963388532247385,-0.0017608888833218995,-0.003059908891097634,0.006266965379649224,0.007538173829552416,-0.0014399018713769382
41,1,WALKING_UPSTAIRS,0.008169962511474184,0.003546235300473649,0.012168420641166003,-0.010975702030366751,0.011143603332429591,0.005760937939693525
41,2,LAYING,0.0,0.0,0.0,0.0,0.0,0.0
41,2,SITTING,0.03007309882505251,-0.01773947061941514,-0.0037970318069033577,-0.023399854398262893,0.03529256994701284,-0.020429311947484197
41,2,STANDING,0.01317301352950456,0.012473719083172245,-0.006313844333778851,-0.019247542308729198,0.01675297839844065,-0.016838324368609294
41,2,WALKING,0.0002729457527508768,0.0021762233136982906,-0.005052911738238957,0.0056273649282836515,0.0013508411645204146,0.0009010766089279614
41,2,WALKING_DOWNSTAIRS,-0.0031649719447350818,-0.012465885322157155,-0.0030493992504653494,0.005756821388740068,0.00227351095371654,-0.003162384374249699
41,2,WALKING_UPSTAIRS,-0.00011453260635105322,-0.007205443970032115,0.0008010888748560763,0.007519318811684402,0.0009173315561278039,0.004849214485215589
41,3,LAYING,0.0,0.0,0.0,0.0,0.0,0.0
41,3,SITTING,0.009309736226824386,-0.04615707924954525,0.01314795797058891,0.0006804994679395169,0.0037022697486302093,0.01264534829472946
41,3,STANDING,-0.006995966987433856,-0.0027610763070594667,0.007020116505756697,0.0015602890437506447,-0.012478115305371632,0.00833007772568223
41,3,WALKING,0.0034686391249454623,-0.004281097012997206,0.010074070241410115,-0.0012556168492125707,0.007625744683628141,0.007606559973603144
41,3,WALKING_DOWNSTAIRS,-0.0047823061687162,-0.014186560296696193,0.014265923306704367,0.0051634333105022535,-0.0035141888855065077,0.018637544212202067
41,3,WALKING_UPSTAIRS,-0.0029560407376517345,-0.007644150817622513,0.011654061982767791,0.0023761147936183207,-0.002286469847193147,0.012147623866587597
41,4,LAYING,0.0,0.0,0.0,0.0,0.0,0.0
41,4,SITTING,0.02903583784032016,-0.041915346929463006,0.0053408298230374785,-0.014650688369288224,0.0313454215860665,-0.009156053950672847
41,4,STANDING,0.006629939258414643,0.009548824829486288,-0.002174659599701292,-0.01299322542582986,0.007963703053592154,-0.008974582115961994
41,4,WALKING,-0.000447316868001472,-0.001241833803776308,-0.003282557223115301,0.007004350789757817,-0.0005938282522211699,0.0033959378468930825
41,4,WALKING_DOWNSTAIRS,-0.0014083284179939573,-0.011639614501951525,0.0002500594692434725,0.00453183977107615,-0.002145021621360745,0.003429154796384881
41,4,WALKING_UPSTAIRS,-0.0019251503164636364,-0.01145063866529767,1.7000606223886252e-05,0.009680482892428652,-0.002587998717609587,0.007581444756365177
41,5,LAYING,0.0,0.0,0.0,0.0,0.0,0.0
41,5,SITTING,0.019498766104797328,-0.03267765000228493,0.005458262280330668,-0.008393620920726434,0.017947703497310997,-0.0018334609594275624
41,5,STANDING,0.0017653643193694113,0.0028205525634457346,0.0012728775317369877,-0.004919819046573631,-0.0004580205205581972,-0.0004809548474203183
41,5,WALKING,0.0004758633688863941,0.0007784853194774806,0.0036069630846481274,-0.00618554494526374,0.003199460924206066,0.003898938201852292
41,5,WALKING_DOWNSTAIRS,-0.008611410902998669,-0.014153283270759296,0.004586069385827748,0.0007186610620672865,-0.007737897987722934,0.008628833960464297
41,5,WALKING_UPSTAIRS,-0.004861112900110394,-0.008136605470579166,0.00782493703825053,-0.00623392537816994,-0.0012470537296837023,0.008033248396662983
41,Aggregated,LAYING,-0.11524935047775985,0.6430922476765562,-0.12091197890655568,-0.1148725231133947,-0.12201371524437635,-0.1112045102032097
41,Aggregated,SITTING,0.015551729503453574,0.01901765558519852,-0.005581795216963814,-0.025450486252727975,0.015450113959337224,-0.017495870284411193
41,Aggregated,STANDING,0.0055978645832749484,0.008140356178251611,-0.0010900924966148976,-0.012683498056841862,0.005066347176113013,-0.007805810695206593
41,Aggregated,WALKING,0.0023084129481724665,0.0009503861222836917,0.0031126386469146772,-6.666594559986046e-06,0.005202301054304777,0.004547546349329748
41,Aggregated,WALKING_DOWNSTAIRS,-0.00261791336121633,-0.010318695518589811,0.002188897882454182,0.004966121655561161,-0.0002806111883255432,0.0038825487900277017
41,Aggregated,WALKING_UPSTAIRS,0.000489083619532051,-0.005548925254011881,0.006191178621843953,0.0003806836084299288,0.0020124164489264537,0.006913034767662793
41,Centralized,LAYING,-0.11524935047775985,0.6430922476765562,-0.12091197890655568,-0.1148725231133947,-0.12201371524437635,-0.1112045102032097
41,Centralized,SITTING,0.015551729503453574,0.01901765558519852,-0.005581795216963814,-0.025450486252727975,0.015450113959337224,-0.017495870284411193
41,Centralized,STANDING,0.0055978645832749484,0.008140356178251611,-0.0010900924966148976,-0.012683498056841862,0.005066347176113013,-0.007805810695206593
41,Centralized,WALKING,0.0023084129481724665,0.0009503861222836917,0.0031126386469146772,-6.666594559986046e-06,0.005202301054304777,0.004547546349329748
41,Centralized,WALKING_DOWNSTAIRS,-0.00261791336121633,-0.010318695518589811,0.002188897882454182,0.004966121655561161,-0.0002806111883255432,0.0038825487900277017
41,Centralized,WALKING_UPSTAIRS,0.000489083619532051,-0.005548925254011881,0.006191178621843953,0.0003806836084299288,0.0020124164489264537,0.006913034767662793
42,0,LAYING,-0.13045094761579934,0.7145308639354899,-0.13955305314637456,-0.1390336245178656,-0.13903362451786686,-0.1386892536569381
42,0,SITTING,-0.06290074598001981,0.1898670932139011,-0.025154409720197255,-0.02888223665212313,-0.046357493794753346,-0.0192860149980078
42,0,STANDING,-0.012389182105907056,0.012686986097060109,0.006151797037491881,-0.002124381553344559,-0.0013917595957151196,-0.0029334598795852603
42,0,WALKING,-0.0028814119853311456,-0.024453247633609662,0.011313057426642476,-0.0027706596853775928,-0.004101544001819857,-0.0037578457721559122
42,0,WALKING_DOWNSTAIRS,-0.002956932508393469,-0.015971052816031697,0.001430279558967216,0.0036984662981295255,0.004040016778251741,0.0018131957025699962
42,0,WALKING_UPSTAIRS,-0.009161315571610247,-0.01268534436633932,-0.0005677673386024584,0.0032895648914262766,-0.0024144216237372857,-0.004167945447805211
42,1,LAYING,0.0,0.0,0.0,0.0,0.0,0.0
42,1,SITTING,-0.030733749215950765,-0.020229687597765094,0.019679835172709208,0.023471139003104532,-0.006394073210249181,0.0281925498341655
42,1,STANDING,-0.020511753057051184,0.008166883216514424,0.007815712454544804,0.010692875657860847,-0.0064772078203326755,0.010356319263424629
42,1,WALKING,-0.0066847845638466595,-0.004059003085868166,-0.0019789335514170192,0.0014034453826446416,-0.0017368780583549477,-0.0016725282937005296
42,1,WALKING_DOWNSTAIRS,0.0012582755137293085,-0.0029805297227736716,-0.002831178085654931,0.0042041897446416605,0.003282942392847756,0.0037111803315017376
42,1,WALKING_UPSTAIRS,-0.008427797810150262,-0.012242376561946629,0.004716636717978916,-0.004682264283692862,-0.005371751590896671,-0.0038059041661626164
42,2,LAYING,0.0,0.0,0.0,0.0,0.0,0.0
42,2,SITTING,-0.02635916948777353,-0.016770640515797082,0.020852025743939646,0.022457785122665518,-0.011867889500697205,0.03124310336158909
42,2,STANDING,-0.01917233333935926,0.006232683451203685,0.011480115902842862,0.012348797283178153,-0.010498536256642878,0.015789048239676355
42,2,WALKING,-0.0015828208855274437,-0.007995099949925038,-0.0010886681012172205,-7.842610477519033e-06,0.0018930051653187749,0.0035058863518862148
42,2,WALKING_DOWNSTAIRS,0.003363650833369631,-0.005417760410600355,0.003937062518178845,0.005296145174533201,0.0037101750879464917,0.0029230353457227903
42,2,WALKING_UPSTAIRS,0.000795217842863762,-0.01067138517216766,0.00012285291154177648,0.0013153969907029827,0.001238673101794661,0.00043226717376378956
42,3,LAYING,0.0,0.0,0.0,0.0,0.0,0.0
42,3,SITTING,0.00035719343655162087,-0.029934153690690697,0.013685170910503008,0.015757988120372598,0.0075413091994230115,-0.0007362404353267401
42,3,STANDING,0.003948588712465842,-0.0027761518484672454,0.004615616168364069,0.006150994134302529,0.007691176004147864,-0.019630223170812977
42,3,WALKING,0.0012010288657646122,-0.015298107957034457,0.010811800917644157,-0.005886513114875819,-0.0007158385496990123,-0.0018706717404603408
42,3,WALKING_DOWNSTAIRS,0.008834936727334718,-0.025762882548089727,0.012568982593739895,-0.005147811260422631,0.002700594419835173,-0.0009280247254257523
42,3,WALKING_UPSTAIRS,0.003129463213860706,-0.013438714004914839,0.01086888055054527,-0.0026999036193868023,0.000555466746801229,0.0009518957206894052
42,4,LAYING,0.0,0.0,0.0,0.0,0.0,0.0
42,4,SITTING,-0.026281718068544953,-0.017138715843142992,0.017587526641544497,0.01201707608645258,-0.006887422239923496,0.022001533202907007
42,4,STANDING,-0.016912427250120318,0.008383525342247717,0.007208465661090562,0.0031547879466477242,-0.006769005345898378,0.003957852669231636
42,4,WALKING,0.00010798030339908745,-0.017157676958512915,0.0048959128547685,3.172278277406108e-05,0.0029007531120138355,0.0038905060945453054
42,4,WALKING_DOWNSTAIRS,0.0032083720893570176,-0.0069951498346705185,0.0030076110486665403,0.0038589058494872394,0.0023590569410331477,0.0015431144107283079
42,4,WALKING_UPSTAIRS,0.0010519716408337394,-0.019597315604008052,0.007205051534940422,0.0022052454077688246,0.004026745860355859,0.0044591612704630145
42,5,LAYING,0.0,0.0,0.0,0.0,0.0,0.0
42,5,SITTING,-0.014297900986131701,-0.020073366356875882,0.014651679885218292,0.008537785052770284,-0.0014847190046201244,0.011577789781985478
42,5,STANDING,-0.004952123991675048,0.006315248444925341,0.00644202363588409,0.0005457892903299514,0.0006944234707154236,-0.008031264916704355
42,5,WALKING,-0.001357379207908599,-0.00979452646009914,0.006071776598852273,-0.0007979053405042699,0.00023497359201399837,-0.00013110513616090464
42,5,WALKING_DOWNSTAIRS,0.01266633145405937,-0.02217231601071929,0.01153568643350179,-0.00405064215929499,0.003326582875560987,-0.0013056425931078015
42,5,WALKING_UPSTAIRS,0.004914078019796009,-0.018544831652402893,0.012936243283515654,-0.004537467002314903,0.00043585266822662727,-0.0018625615355845585
42,Aggregated,LAYING,-0.11868110374638166,0.6556816445883994,-0.12778320927695694,-0.12726378064844796,-0.1272637806484472,-0.12691940978751987
42,Aggregated,SITTING,-0.028996952477533266,0.026728784817903313,0.007892452611226836,0.006374561252480192,-0.013427614997918797,0.010079409329569947
42,Aggregated,STANDING,-0.01198144490783311,0.006429210172757119,0.007308172839486216,0.0053015964256791425,-0.0029542508753526665,0.00027278993593154256
42,Aggregated,WALKING,-0.0018847624208546813,-0.012947730592565985,0.0049453875300761035,-0.0013407829461958344,-0.00022115052700103684,2.5942727971347188e-05
42,Aggregated,WALKING_DOWNSTAIRS,0.004477949086409389,-0.012995490214180993,0.0048574535666936185,0.0013157274548748154,0.0032137217840224326,0.0013102900622693461
42,Aggregated,WALKING_UPSTAIRS,-0.0009228589152319407,-0.014580136971795252,0.0061085295577936365,-0.0009964727834544593,-0.00013054387848607612,-0.0005698222177782375
42,Centralized,LAYING,-0.11868110374638166,0.6556816445883994,-0.12778320927695694,-0.12726378064844796,-0.1272637806484472,-0.12691940978751987
42,Centralized,SITTING,-0.028996952477533266,0.026728784817903313,0.007892452611226836,0.006374561252480192,-0.013427614997918797,0.010079409329569947
42,Centralized,STANDING,-0.01198144490783311,0.006429210172757119,0.007308172839486216,0.0053015964256791425,-0.0029542508753526665,0.00027278993593154256
42,Centralized,WALKING,-0.0018847624208546813,-0.012947730592565985,0.0049453875300761035,-0.0013407829461958344,-0.00022115052700103684,2.5942727971347188e-05
42,Centralized,WALKING_DOWNSTAIRS,0.004477949086409389,-0.012995490214180993,0.0048574535666936185,0.0013157274548748154,0.0032137217840224326,0.0013102900622693461
42,Centralized,WALKING_UPSTAIRS,-0.0009228589152319407,-0.014580136971795252,0.0061085295577936365,-0.0009964727834544593,-0.00013054387848607612,-0.0005698222177782375
43,0,LAYING,-0.13425830846345044,0.7238876786327989,-0.14089256292005034,-0.13693822203562647,-0.13829396595887417,-0.13374251220297312
43,0,SITTING,0.01029336059751546,0.17034357013673257,-0.05177225899225264,-0.09345267356291949,-0.02050579749772504,-0.006873297911606268
43,0,STANDING,0.02487899002084615,-0.004008768794650144,-0.0059981828442771355,-0.02697232211462998,0.009535160197858291,0.020422266391995708
43,0,WALKING,-0.0012662170198007583,-0.006998116749439883,0.012231567771509268,-0.009149158172157073,-0.002228862955379592,0.007410787125268063
43,0,WALKING_DOWNSTAIRS,0.0062944900332375445,-0.006275001252862859,-0.0023143443898776227,0.008845056564508796,0.007026498298381802,-0.004292879624740458
43,0,WALKING_UPSTAIRS,0.006133830087474429,-0.008993347045018796,0.0008422313804631524,0.003885632545212993,0.006240996271024297,-0.0011803943254743098
43,1,LAYING,0.0,0.0,0.0,0.0,0.0,0.0
43,1,SITTING,0.04089363066332636,-0.03126747846069713,-0.004564868691844448,-0.050616530902516034,0.015098589314863475,0.021287019768156404
43,1,STANDING,0.022287880872513675,-0.009147535695174043,-0.005089933873224756,-0.028563418195123376,0.0065790801119503615,0.010504093038795216
43,1,WALKING,-0.0017773775255327162,-0.00011899951762217278,-0.002072013683505458,0.0043350668362667185,0.00025281103676614013,-0.0006194871463725086
43,1,WALKING_DOWNSTAIRS,0.0006406533346673571,-0.0017057652576605246,-0.005219173468173273,0.005561885111454209,0.002517753742994305,-0.0017953534632820995
43,1,WALKING_UPSTAIRS,-0.0007652164150052266,0.0006922767662093858,0.003491589157589835,-0.004401814474853063,-0.003464682577968851,0.00444784754402791
43,2,LAYING,0.0,0.0,0.0,0.0,0.0,0.0
43,2,SITTING,0.03666664544187559,-0.04586845711880117,-0.01698887427740454,-0.04989819818679325,0.009668087673922006,0.017260318585380213
43,2,STANDING,0.020645038129894006,-0.023847167925344446,-0.012685595520453114,-0.033944324481021436,0.0041144832578546234,0.010448749334769246
43,2,WALKING,-0.0014374631040144303,-0.0010444435222477203,0.0019602302616204964,0.0016604415073507815,-5.8688353563194724e-05,0.0046257558397636385
43,2,WALKING_DOWNSTAIRS,-0.0012252335107978203,-0.003275399042664767,-0.0025096091791979545,0.002784633763282434,0.0006729698605737522,-0.0034050546305065686
43,2,WALKING_UPSTAIRS,0.0002750026871967811,-0.005683692130500521,0.003196744586727069,0.0011291876859283677,-1.95598476332474e-05,0.0011023170182815087
43,3,LAYING,0.0,0.0,0.0,0.0,0.0,0.0
43,3,SITTING,0.011699223604300028,-0.01607960559755595,0.003607881239028734,-0.02118917399075086,0.009599016068259709,0.014541307914191124
43,3,STANDING,0.0007506750792386749,-0.0023637194108336156,0.0035170787174615224,-0.00842590974168814,0.0065466540616658485,0.008697580016514514
43,3,WALKING,-0.0008792338037373892,-0.0026999714520158425,0.006593131135511971,-0.005731994770502449,-0.002675744556503712,0.005393813447247419
43,3,WALKING_DOWNSTAIRS,-0.002536618040957472,-0.011028076979782645,0.01247650427677607,-0.006146218704760821,-0.0060155153073540345,0.013249924756078908
43,3,WALKING_UPSTAIRS,0.0006281216997783093,-0.006888813888170743,0.007684440353707333,-0.0039435239202898495,-0.0024953011933023937,0.005015076948277345
43,4,LAYING,0.0,0.0,0.0,0.0,0.0,0.0
43,4,SITTING,0.026932465279840414,-0.03162159318647773,-0.009052045538666646,-0.03705781085111484,0.011627638421321869,0.014609354090370535
43,4,STANDING,0.012234258192620216,-0.01110408895124952,-0.006697525325398476,-0.021506029676633807,0.0059882236840915785,0.008369772890592646
43,4,WALKING,-0.0004365759854923527,-0.0003454490120985106,0.002204277103383252,0.003778487399320033,-0.0012084531876415414,0.007620851044169485
43,4,WALKING_DOWNSTAIRS,0.0005957405818343309,-0.006301022395221439,-0.0006770126595893767,0.0010260322837101431,0.000320993424958251,-0.0019466417402936229
43,4,WALKING_UPSTAIRS,0.0009240185398756151,-0.0059483534698481595,0.0019622654476550002,0.0046178702337571565,-0.00044318290430526525,0.00558344617377049
43,5,LAYING,0.0,0.0,0.0,0.0,0.0,0.0
43,5,SITTING,0.02539883818529603,-0.029498079535666556,-0.0020852905089027447,-0.028945317135801008,0.013222913998931772,0.01155020312042327
43,5,STANDING,0.009650601644411184,-0.006774690598872386,-0.00195274359702773,-0.015259205232290797,0.007280585899739567,0.004871765307289961
43,5,WALKING,-0.00019588886470507568,0.0003849443969204428,0.001247652623746585,-0.0019110553196227972,-0.0004845971623954078,0.0009589443260562528
43,5,WALKING_DOWNSTAIRS,-0.001991394487531254,-0.004405798373398815,0.016442949716869028,-0.0026807085267476554,-0.0030792921314381373,0.012283271555368305
43,5,WALKING_UPSTAIRS,-0.0012580497086755941,-0.0021613066605138936,0.012818330022127681,-0.0037469156111175346,-0.002353261028205996,0.007980401248779098
43,Aggregated,LAYING,-0.12794153739572128,0.6923038232941543,-0.13457579185232127,-0.1306214509678975,-0.1319771948911453,-0.12742574113524466
43,Aggregated,SITTING,0.0229361438573415,0.01622888071983889,-0.016124731982862534,-0.04954256796774786,0.003858278488549778,0.009624111654041735
43,Aggregated,STANDING,0.015143242415883397,-0.009727485184062227,-0.004833652648333183,-0.022593170448257923,0.006685523681985209,0.010504594720810131
43,Aggregated,WALKING,-0.0010178118691645663,-0.0017355245960706182,0.0035727095994533557,-0.0010381335529973557,-0.0010826361772985553,0.004199953241514229
43,Aggregated,WALKING_DOWNSTAIRS,0.0001857989955075042,-0.005449386233700189,0.002990494650017483,0.0015038296048361947,0.0001468924169153951,0.002331634454192653
43,Aggregated,WALKING_UPSTAIRS,0.0008473522634793266,-0.004686513978409479,0.005166539776230438,-0.0005692921299044159,-0.0005799973903771979,0.00401271927167452
43,Centralized,LAYING,-0.12794153739572128,0.6923038232941543,-0.13457579185232127,-0.1306214509678975,-0.1319771948911453,-0.12742574113524466
43,Centralized,SITTING,0.0229361438573415,0.01622888071983889,-0.016124731982862534,-0.04954256796774786,0.003858278488549778,0.009624111654041735
43,Centralized,STANDING,0.015143242415883397,-0.009727485184062227,-0.004833652648333183,-0.022593170448257923,0.006685523681985209,0.010504594720810131
43,Centralized,WALKING,-0.0010178118691645663,-0.0017355245960706182,0.0035727095994533557,-0.0010381335529973557,-0.0010826361772985553,0.004199953241514229
43,Centralized,WALKING_DOWNSTAIRS,0.0001857989955075042,-0.005449386233700189,0.002990494650017483,0.0015038296048361947,0.0001468924169153951,0.002331634454192653
43,Centralized,WALKING_UPSTAIRS,0.0008473522634793266,-0.004686513978409479,0.005166539776230438,-0.0005692921299044159,-0.0005799973903771979,0.00401271927167452
44,0,LAYING,-0.10783697678478499,0.7465235413029161,-0.1273216739069901,-0.12632061362738317,-0.12452640745899518,-0.12102457593311024
44,0,SITTING,-0.056755547817083564,0.1503275869862775,0.018879886204177118,0.03013285042207373,-0.06626075336450978,-0.029686595530349746
44,0,STANDING,-0.020378303058597308,-0.002595471643492455,0.022015858983847867,0.02412611273770851,-0.02377104995481315,-0.00602674501161671
44,0,WALKING,0.0022756739164087065,-0.014322679182173155,0.016498374137083834,0.0013651743744129048,0.005652766762679647,0.008381575359714838
44,0,WALKING_DOWNSTAIRS,0.0017721521785040073,-0.007827383942015567,0.00011138257901430995,0.003075805212080909,-0.000489902012821923,-0.005925873643409005
44,0,WALKING_UPSTAIRS,0.0033171728577597393,-0.00646562961322287,0.008170650517784254,0.0013034424440011535,0.002011785865947787,-0.005581968570547893
44,1,LAYING,0.0,0.0,0.0,0.0,0.0,0.0
44,1,SITTING,-0.0206880192382905,-0.07836171663484923,0.04591693805680285,0.06897220631960015,-0.025770672440804703,0.002690645835996286
44,1,STANDING,-0.01850344741909767,-0.008057409212611694,0.01839274437881575,0.03091490839162348,-0.02160616774522887,-0.006037622652197412
44,1,WALKING,-0.0017395351681303295,-0.004157700581205947,0.008443412558295144,0.005111617908252419,0.0009655753837147397,0.002183743442165706
44,1,WALKING_DOWNSTAIRS,-7.784668665484218e-05,-0.0018151433807705385,-0.00393568327598797,0.005589152485872009,0.0020313044159509875,-0.0017917835584096652
44,1,WALKING_UPSTAIRS,-0.00022991105480176243,-0.008676092576128103,0.018093499842258255,0.0020876940919651106,-0.00014461119628724576,0.0033943696284688828
44,2,LAYING,0.0,0.0,0.0,0.0,0.0,0.0
44,2,SITTING,-0.0117324082347501,-0.08090323868427865,0.04886365042390673,0.07155668885924708,-0.015464912917837113,0.0018634057895291951
44,2,STANDING,-0.015754294157485,-0.007941025491458607,0.02261806130898788,0.036184325917973506,-0.018065444824315616,-0.006990196853748814
44,2,WALKING,0.0010971475826082302,-0.0053828817147902825,-5.519626151739781e-05,0.004326464961044701,0.0023531374608041613,0.003435493925657197
44,2,WALKING_DOWNSTAIRS,0.0027545852540763775,-0.011817134894201832,-0.0003753634596974796,0.0035704931201806815,0.003764193881057154,0.0021032260985850092
44,2,WALKING_UPSTAIRS,0.004002624295843071,-0.008960963701478466,0.004181551132878364,0.0016719977533703487,0.003223260922438622,0.0026485067484487202
44,3,LAYING,0.0,0.0,0.0,0.0,0.0,0.0
44,3,SITTING,0.0053249025354911795,-0.06814653405364059,0.023252881006967655,0.029545997048156216,0.003340946319260607,0.02051271585133377
44,3,STANDING,0.00020996569153600492,0.0023342996238692243,0.000907286106994052,-0.0007268483593781476,0.00022204275138388853,0.007332385776201855
44,3,WALKING,0.0018195749863064144,-0.015454249076684181,0.008711927256082257,0.0009928119314594123,0.00040496009640318226,0.0035249748064328785
44,3,WALKING_DOWNSTAIRS,0.003492162321407267,-0.020443178342317736,0.00608672195343812,-0.004583831982346059,0.0030456976492739393,0.012402428400544547
44,3,WALKING_UPSTAIRS,-0.00033689672800024846,-0.015093850402584187,0.007801740405622888,0.000470179624119732,-0.0002838494741502477,0.007442676574992071
44,4,LAYING,0.0,0.0,0.0,0.0,0.0,0.0
44,4,SITTING,-0.010145459451365944,-0.08603996271383911,0.04670009190783861,0.05502511763685565,-0.01349641508830079,0.007956627708811692
44,4,STANDING,-0.01420925751149682,-0.004181008174542103,0.017842992245951855,0.020127908885274746,-0.015998210674244562,-0.0035824247709431386
44,4,WALKING,-0.0007293294943355677,-0.011608955821712392,-0.0013315446204555672,0.001613034025807327,0.0002844508519243986,0.005490009508143508
44,4,WALKING_DOWNSTAIRS,0.0034197040781392862,-0.01216988935498363,0.0006182815568493686,0.0019172961255863588,0.0019605463278291138,0.00425406126657953
44,4,WALKING_UPSTAIRS,0.0007011564931671062,-0.01926531878257448,0.0015124965169927064,0.0029367237969619986,0.0006981950833412576,0.007369822760852795
44,5,LAYING,0.0,0.0,0.0,0.0,0.0,0.0
44,5,SITTING,-0.000963243997445965,-0.08460403948367927,0.03456556426495146,0.04157645889197687,0.0028212100134405965,0.013530250454057348
44,5,STANDING,-0.0065763838663735145,-0.002549167714301805,0.008196106451590633,0.00695636939294624,-0.003254676862923981,0.0023177588063871004
44,5,WALKING,-0.0001158188155613656,-0.008625761779999044,0.005714608637673519,0.0008478854358856776,0.0003711590359645023,0.001807927486036659
44,5,WALKING_DOWNSTAIRS,0.005477661710981085,-0.021596294997132913,0.006378093563985064,-0.009325190048513995,-0.0008763124038442816,0.011721255327784137
44,5,WALKING_UPSTAIRS,0.00230637039141669,-0.017678638896580123,0.009531731865939305,-0.006024124585035707,-0.0014681735702196089,0.007658423322966615
44,Aggregated,LAYING,-0.0939000678013334,0.676838996385658,-0.11338476492353802,-0.11238370464393184,-0.1105894984755443,-0.10708766694965871
44,Aggregated,SITTING,-0.01757190867922985,-0.02749921112538762,0.03383655099844279,0.04696488755811931,-0.021187839449962977,0.0005734895276577885
44,Aggregated,STANDING,-0.012699023499592359,-0.003945151485020012,0.015182027392762743,0.019952796362884863,-0.013911774916130264,-0.0022101643231571735
44,Aggregated,WALKING,0.0004068589126567786,-0.009946484561948165,0.0062822220172686315,0.002383756040505308,0.00158600593682209,0.004081147413918129
44,Aggregated,WALKING_DOWNSTAIRS,0.002793721638440156,-0.012535217138494672,0.0013885876350694401,0.00010949288339924257,0.001644395986097297,0.003887459527519674
44,Aggregated,WALKING_UPSTAIRS,0.0016060576105636326,-0.012883294790804042,0.008109451243898214,0.0002875593197667429,0.0006090809630476645,0.004095765032732334
44,Centralized,LAYING,-0.0939000678013334,0.676838996385658,-0.11338476492353802,-0.11238370464393184,-0.1105894984755443,-0.10708766694965871
44,Centralized,SITTING,-0.01757190867922985,-0.02749921112538762,0.03383655099844279,0.04696488755811931,-0.021187839449962977,0.0005734895276577885
44,Centralized,STANDING,-0.012699023499592359,-0.003945151485020012,0.015182027392762743,0.019952796362884863,-0.013911774916130264,-0.0022101643231571735
44,Centralized,WALKING,0.0004068589126567786,-0.009946484561948165,0.0062822220172686315,0.002383756040505308,0.00158600593682209,0.004081147413918129
44,Centralized,WALKING_DOWNSTAIRS,0.002793721638440156,-0.012535217138494672,0.0013885876350694401,0.00010949288339924257,0.001644395986097297,0.003887459527519674
44,Centralized,WALKING_UPSTAIRS,0.0016060576105636326,-0.012883294790804042,0.008109451243898214,0.0002875593197667429,0.0006090809630476645,0.004095765032732334
45,0,LAYING,-0.14773135289173384,0.7197639737534416,-0.15003571475541155,-0.15068151180495226,-0.15484938229692444,-0.14870185716215764
45,0,SITTING,-0.02160977033543031,0.20606211945056327,-0.07961991954278953,-0.07036879464807437,-0.030280622208591006,-0.023980700576949843
45,0,STANDING,0.004934313940542643,0.004802170856089922,-0.01523754910436304,-0.010228767056148664,0.004944799623153573,0.0035383785502910623
45,0,WALKING,-0.01596997003738744,-0.02601056706004168,0.010242772104906251,0.00042886051359287134,0.0020934143270420922,0.00936460478376111
45,0,WALKING_DOWNSTAIRS,0.00204813379344323,-0.010751260037605218,0.002891987542100481,0.004735029676080895,0.004538506466174933,-0.003462397440194334
45,0,WALKING_UPSTAIRS,-0.0032526331081732017,-0.012111000773860217,0.001217692635737569,0.00550057493966008,0.0047181642063369306,-0.005757200315105053
45,1,LAYING,0.0,0.0,0.0,0.0,0.0,0.0
45,1,SITTING,0.027019225377196927,0.018280434214677618,-0.04222900913441828,-0.02883539836019143,0.023612702820463457,0.026302988478498445
45,1,STANDING,0.015494358240654284,0.016106746597215435,-0.02488272987846873,-0.019023435434095164,0.014878971810083078,0.015338654063209934
45,1,WALKING,-0.0059163399679089184,-0.01606059356802318,0.0029544648437359,0.009147777160713364,-0.0017641266755120363,-0.004478148811026277
45,1,WALKING_DOWNSTAIRS,0.00270144888750302,-0.006340759293173988,0.00034400514407408907,0.0057490886264557105,0.0034338464541503787,-0.005887629819009204
45,1,WALKING_UPSTAIRS,-0.007839765041729967,-0.016316869101277238,0.004936278380506872,0.005044066605916009,-0.0016521611776928865,0.0013035015988021425
45,2,LAYING,0.0,0.0,0.0,0.0,0.0,0.0
45,2,SITTING,0.020473736811515573,0.011954380987915944,-0.024332000483502522,-0.015358973495957419,0.018923860382038984,0.023836831295824937
45,2,STANDING,0.008821297419963495,0.013089490737323344,-0.013582261551177654,-0.008499316482966972,0.011041412821125463,0.013884340614415337
45,2,WALKING,-0.006175459538985632,-0.014778568711826152,0.0020736322510775808,0.00290136898147269,0.0002441182349999349,0.004254910200545353
45,2,WALKING_DOWNSTAIRS,0.0012650820380641248,-0.005619848023226228,0.0027819784103722323,0.0029811046791420877,0.003291844340497091,0.0022575312944616305
45,2,WALKING_UPSTAIRS,-0.0023293695701770978,-0.007227218845690802,0.0007693764256415307,0.0018919648282397913,-7.083495477694565e-05,0.00019910496526284366
45,3,LAYING,0.0,0.0,0.0,0.0,0.0,0.0
45,3,SITTING,0.0008953402781197053,-0.01708415418081355,-0.009850348398474394,-0.003679932460192233,0.010989991475807688,0.010126952747918505
45,3,STANDING,-0.013188866708110546,-0.02745646871526145,0.008191477022284503,0.010264163946567649,0.006578456261544733,0.0012077510329258198
45,3,WALKING,-0.006778051696061243,-0.016886715276570857,0.008034308567009095,0.002005650072509604,0.001027237863303134,0.006823404516003694
45,3,WALKING_DOWNSTAIRS,-0.0069820471565543865,-0.01798176323339162,0.011483370938251754,0.0018038355710809325,-0.0001644765857622558,0.011841080466375513
45,3,WALKING_UPSTAIRS,-0.002902154775270947,-0.009906930050871298,0.0038897814188260066,-0.0013729548505215664,-0.000671080633642616,0.004271409519554333
45,4,LAYING,0.0,0.0,0.0,0.0,0.0,0.0
45,4,SITTING,0.018628357191402933,0.011772020284390507,-0.020141397513236396,-0.012222216645250004,0.017985053231694068,0.02230599802053529
45,4,STANDING,0.005622389463116591,0.0034503575693023525,-0.006865641429285498,-0.0022202703345638704,0.010089353295216635,0.012876404117821637
45,4,WALKING,-0.010705113875946333,-0.01933942856363821,0.0069919374079263534,0.00570578849785693,0.003190185730720327,0.008825828992068902
45,4,WALKING_DOWNSTAIRS,0.0008966469789056297,-0.008208951079668675,0.004724970686765742,0.0035273630522574028,0.0026745596223317378,0.003367321244009914
45,4,WALKING_UPSTAIRS,-0.010323487973539285,-0.021353545421289553,0.008997325405667975,0.007500570185110653,0.005238348687168263,0.009291649227235691
45,5,LAYING,0.0,0.0,0.0,0.0,0.0,0.0
45,5,SITTING,0.007115919885670145,-0.004831253388212719,-0.00800548987191019,-0.0014056234641934185,0.012314256916215847,0.012228735640862914
45,5,STANDING,-0.0074979410776996585,-0.005177077769288851,0.0059621658132345086,0.00718171304831448,0.004548506373630724,0.0018584393702961745
45,5,WALKING,-0.005317290130764904,-0.017631712496518362,0.007787383178422524,0.005336522012689739,0.0046808713999064696,0.005144226036264641
45,5,WALKING_DOWNSTAIRS,-0.003346047923199801,-0.016561120002449893,0.014108869425631745,-0.002742432856299615,-0.0038391292941407974,0.012379860650458428
45,5,WALKING_UPSTAIRS,-0.00916860584667493,-0.025743464321919315,0.01760133146219711,0.0031965232484505667,0.001641779235977074,0.012472436221969365
45,Aggregated,LAYING,-0.14033866685046947,0.6828005435471182,-0.14264302871414647,-0.14328882576368687,-0.14745669625566113,-0.14130917112089358
45,Aggregated,SITTING,0.0062267986432150224,0.05003597516032142,-0.03324623328380464,-0.02461344853679715,0.00614805036456691,0.009113279863593254
45,Aggregated,STANDING,0.0026739422919863608,0.0011733067083124049,-0.00813572963014456,-0.004082766216600342,0.008802404753658143,0.008408899170321917
45,Aggregated,WALKING,-0.008352758773967253,-0.018379701710003703,0.006348496783698476,0.004372288278647803,0.0015202471022082275,0.00487672478304107
45,Aggregated,WALKING_DOWNSTAIRS,-0.0005877839346810964,-0.010786068086697439,0.005997083341031147,0.002683947191341498,0.001632301654350241,0.0034242196060354983
45,Aggregated,WALKING_UPSTAIRS,-0.005983558378824716,-0.015531002493523465,0.006395987007138936,0.0035043862102068753,0.0014647753011127033,0.003957980747610892
45,Centralized,LAYING,-0.14033866685046947,0.6828005435471182,-0.14264302871414647,-0.14328882576368687,-0.14745669625566113,-0.14130917112089358
45,Centralized,SITTING,0.0062267986432150224,0.05003597516032142,-0.03324623328380464,-0.02461344853679715,0.00614805036456691,0.009113279863593254
45,Centralized,STANDING,0.0026739422919863608,0.0011733067083124049,-0.00813572963014456,-0.004082766216600342,0.008802404753658143,0.008408899170321917
45,Centralized,WALKING,-0.008352758773967253,-0.018379701710003703,0.006348496783698476,0.004372288278647803,0.0015202471022082275,0.00487672478304107
45,Centralized,WALKING_DOWNSTAIRS,-0.0005877839346810964,-0.010786068086697439,0.005997083341031147,0.002683947191341498,0.001632301654350241,0.0034242196060354983
45,Centralized,WALKING_UPSTAIRS,-0.005983558378824716,-0.015531002493523465,0.006395987007138936,0.0035043862102068753,0.0014647753011127033,0.003957980747610892
46,0,LAYING,-0.1317946043878559,0.7316247359661459,-0.1515030075650318,-0.15071635295896765,-0.15141372859069507,-0.1461970424636009
46,0,SITTING,-0.06152961978058216,0.20458356489882365,-0.03509350676124749,-0.036113895936849466,-0.033710329987317315,-0.02905281028584096
46,0,STANDING,-0.011803389429998305,0.005346677499309107,-0.0013163562784078867,-0.0034232008352419363,0.0016654047579797435,0.0070931824431572504
46,0,WALKING,0.001519937593257529,-0.0018177018649028816,0.012859885660335064,0.0010696585470880704,0.005341287152258085,0.00767858456361583
46,0,WALKING_DOWNSTAIRS,-0.002988313474515515,-0.007935582198231685,-0.003003657307555692,0.0051812770294779355,0.0052559872489291865,-0.004319908763474144
46,0,WALKING_UPSTAIRS,-0.002064084644276785,-0.005840521908239872,0.005500898883298729,0.006736629787723936,0.007028643912426273,-0.0016771636155283802
46,1,LAYING,0.0,0.0,0.0,0.0,0.0,0.0
46,1,SITTING,-0.03296591990110585,-0.013040009579862556,0.00829702530238008,0.011151080032182919,0.010597434574289546,0.008219702586145903
46,1,STANDING,-0.02257952634445464,-0.0003054434821487826,0.002241941159765664,0.0035321644305644187,0.0049710504211873275,0.0025540764154462566
46,1,WALKING,-0.0006783594450451251,-0.0023848084924171322,0.005076349521960114,0.007453056765916257,0.00030672996444740345,0.006343998703159603
46,1,WALKING_DOWNSTAIRS,0.0012939827997602016,0.0020340213338705176,-0.006721225252678381,0.0030079577356984335,0.0012939827997602016,-0.0009087194164109784
46,1,WALKING_UPSTAIRS,-0.003817929123609386,-0.004153462975618182,0.014128778099164825,0.0026134531142244493,0.0010863186650818572,0.004667790956231551
46,2,LAYING,0.0,0.0,0.0,0.0,0.0,0.0
46,2,SITTING,-0.0330715302006269,-0.01921363874390472,0.014862538568145078,0.011166363789972156,0.011644386606920552,0.008255634598858272
46,2,STANDING,-0.02442553564420027,-0.0059101163511676045,0.008942657718565696,0.005883048308307247,0.00621412359261135,0.0037812386272954492
46,2,WALKING,0.0033746326289901076,0.00333379259253425,-0.006265068872412735,0.00487347317762724,0.001730464082527905,0.004432704973449412
46,2,WALKING_DOWNSTAIRS,-0.0005915623494825884,-0.003591567639354355,-0.006173601739583243,0.00400696157478105,-0.00032710276844798435,-0.00028081981722378747
46,2,WALKING_UPSTAIRS,0.0026548797973549513,1.6784757052238732e-05,-0.0021750614763927254,0.0032695137171596333,0.0006368610621162562,0.002363999294210299
46,3,LAYING,0.0,0.0,0.0,0.0,0.0,0.0
46,3,SITTING,-0.00720228546657317,-0.015889430791484974,7.033556744182848e-05,0.00919382470952627,0.00036696001756963135,0.006053188556112999
46,3,STANDING,0.00017371290228852901,-0.0012453614437957635,-0.005982170873126566,0.0035621114351545463,-0.0028659212802514236,0.0017596261068142179
46,3,WALKING,0.0013535822446012183,-0.003729011916161884,0.009428213192222324,-8.995924385044226e-05,0.0013535822446012183,0.0033014936507046897
46,3,WALKING_DOWNSTAIRS,0.0005076995261653708,-0.003950570616723493,0.005944131736248651,0.0001152174918922925,0.0005076995261653708,0.004610027129280153
46,3,WALKING_UPSTAIRS,-7.831506241051297e-05,-0.005556581124029832,0.007018452710855952,0.001568730159454538,0.00012071367733950493,0.0036189290107164354
46,4,LAYING,0.0,0.0,0.0,0.0,0.0,0.0
46,4,SITTING,-0.035761052317805214,-0.020385856456287665,0.007364192430444865,0.002928758294439107,0.010611389529725321,0.007357953134868177
46,4,STANDING,-0.022887145234097774,-0.006084365311138791,0.0015369323490105036,-0.0008060434500024718,0.004423587846736754,0.0035676202916512948
46,4,WALKING,0.0012054883182392117,-0.00035760669423413974,-0.0023100534864940606,0.001821494174759101,0.0012054883182392117,0.0037659911805027644
46,4,WALKING_DOWNSTAIRS,-0.0006521427993603038,-0.00372119650780021,-0.0018157945501272588,0.001675160702173606,-0.0006521427993603038,-0.0018157945501272588
46,4,WALKING_UPSTAIRS,0.0008003308529090814,-0.003069879636920869,-0.0031067783799604287,0.0029294830936489324,0.0008003308529090814,0.0022956531070604134
46,5,LAYING,0.0,0.0,0.0,0.0,0.0,0.0
46,5,SITTING,-0.020708417241152154,-0.01465062200460779,0.006457960853973854,0.005844480701939775,0.006796189540355468,0.008846135674977242
46,5,STANDING,-0.012374030496848059,0.0035448144035383224,-0.0001391763196335022,0.0004536378773571122,0.00011279155847657137,0.0039296910629771035
46,5,WALKING,-0.00018613137109693885,-0.0032520198814810744,0.004467290622343806,-0.0016261944463234108,0.0002985275382788033,0.0002985275382788033
46,5,WALKING_DOWNSTAIRS,-0.0021923018558359614,-0.0037575472390402338,0.009212374301192481,-0.004260393333711289,-0.0013638504681798855,0.01058250544231598
46,5,WALKING_UPSTAIRS,-0.0017577570926232632,-0.006336999952065155,0.011679262589494492,-0.004841851815861523,-0.0006419510199398034,0.007573708762508153
46,Aggregated,LAYING,-0.12478684876898948,0.6965859578718124,-0.14449525194616408,-0.1437085973401009,-0.14440597297182858,-0.1391892868447344
46,Aggregated,SITTING,-0.03363658796307932,0.033194472184506475,-0.00219498894692802,-0.0022400837657915915,-0.0014974485116008472,-0.0008799547342634871
46,Aggregated,STANDING,-0.016060724187564244,-0.0009463850056742144,0.0009668767202598165,0.0016756741637927307,0.00251033452805247,0.0037109692029846523
46,Aggregated,WALKING,0.0010726882136283125,-0.0014302509798056428,0.003820965736572767,0.0022755693170286545,0.0016086921438307458,0.004232888715542886
46,Aggregated,WALKING_DOWNSTAIRS,-0.0006737610116375321,-0.0033452093686632137,-0.0005001438472494069,0.0016057634135511181,0.0007072078809065944,0.0013761953355977778
46,Aggregated,WALKING_UPSTAIRS,-0.0006635126770156836,-0.004066645001376299,0.005436426537845844,0.0018669419474345401,0.001339761261403799,0.003279980539507678
46,Centralized,LAYING,-0.12478684876898948,0.6965859578718124,-0.14449525194616408,-0.1437085973401009,-0.14440597297182858,-0.1391892868447344
46,Centralized,SITTING,-0.03363658796307932,0.033194472184506475,-0.00219498894692802,-0.0022400837657915915,-0.0014974485116008472,-0.0008799547342634871
46,Centralized,STANDING,-0.016060724187564244,-0.0009463850056742144,0.0009668767202598165,0.0016756741637927307,0.00251033452805247,0.0037109692029846523
46,Centralized,WALKING,0.0010726882136283125,-0.0014302509798056428,0.003820965736572767,0.0022755693170286545,0.0016086921438307458,0.004232888715542886
46,Centralized,WALKING_DOWNSTAIRS,-0.0006737610116375321,-0.0033452093686632137,-0.0005001438472494069,0.0016057634135511181,0.0007072078809065944,0.0013761953355977778
46,Centralized,WALKING_UPSTAIRS,-0.0006635126770156836,-0.004066645001376299,0.005436426537845844,0.0018669419474345401,0.001339761261403799,0.003279980539507678
47,0,LAYING,-0.1370742450890383,0.7409134945019322,-0.14295108284320254,-0.14125419321019392,-0.14379714967447305,-0.13320513686395535
47,0,SITTING,0.03153555969838712,0.20259222678190822,-0.15199286087754763,-0.05003421612595065,-0.03600420531439436,-0.00449986550694127
47,0,STANDING,0.02969764977259075,0.0075075652402520395,-0.059784235953956426,-0.005646165608091052,0.0007365925561629791,0.017997407237885954
47,0,WALKING,-0.009588288961431957,0.004437527338998612,-0.0004953707821133764,-0.006220087961435931,-0.012809762180987639,-0.001975669104681458
47,0,WALKING_DOWNSTAIRS,0.0034997175684020007,-0.00445820805690422,0.0016316582432434063,0.005195328632597738,0.002554644805106996,-0.0006129437270759804
47,0,WALKING_UPSTAIRS,-0.00023414354213000348,-0.003206239123780963,-0.003542440149311495,0.0049266425294520345,4.3294263323515976e-05,-0.0076715163929569835
47,1,LAYING,0.0,0.0,0.0,0.0,0.0,0.0
47,1,SITTING,0.057939037595675195,-0.025237030415231163,-0.09846588197176764,0.00010567173798867242,0.0061618350324701395,0.02683040384805111
47,1,STANDING,0.029064597630267062,0.004703701207326225,-0.05325169980341866,-0.0069578646493675044,-0.0009393786195416642,0.010335994046450305
47,1,WALKING,-0.004525705030916626,0.0005624649604326181,0.00021950263174192093,0.006505005234878387,-0.005823230624655896,-0.00774515071457212
47,1,WALKING_DOWNSTAIRS,0.0017499899977021208,-0.0032455178086453745,-0.0005965288316627441,0.003016103307289158,0.0025577376336886662,-0.0034817842983718124
47,1,WALKING_UPSTAIRS,-0.004915700656426086,0.0017168989646356954,-0.0007891159660560958,0.0017433099097005818,-0.011233545072826819,-0.0010467959145023834
47,2,LAYING,0.0,0.0,0.0,0.0,0.0,0.0
47,2,SITTING,0.04436423155502571,-0.02646384566365614,-0.09950616554631089,-0.006716832347090028,-0.0009940384059716214,0.01647551659125951
47,2,STANDING,0.021768754469484,-0.0019281384447943756,-0.05901719390536046,-0.009336465674002587,-0.005761433993834982,0.005514646937498536
47,2,WALKING,-0.004023096821342915,-0.0015500862515620754,0.0003503364622564786,-0.001596170366365156,-0.007555165623118815,0.002894184017416253
47,2,WALKING_DOWNSTAIRS,0.003689039423524872,-0.005902782737032555,0.001848039365714161,0.0030152892407409077,0.002428260837530249,0.0018798466088332814
47,2,WALKING_UPSTAIRS,-0.0022860295687938867,-0.005407923929315739,0.0009266419978478768,-0.00035393527534149927,-0.001250756225004579,0.001605025849107174
47,3,LAYING,0.0,0.0,0.0,0.0,0.0,0.0
47,3,SITTING,0.034913798054359596,-0.01237780815982187,-0.06887969695083038,0.007421432282856815,0.013640685649005623,0.026507981079298967
47,3,STANDING,0.009899808271099455,0.013122589378958148,-0.03686009317638815,0.002129634731968888,0.007371001899610083,0.01369534766480512
47,3,WALKING,-0.003275570895738537,0.000273817052946268,0.001968684490762212,-0.003588135563032656,-0.009254088045506937,0.0022573927884525446
47,3,WALKING_DOWNSTAIRS,-0.0033297500426614857,-0.010627968731193767,0.006266170675045947,-0.0013731116659177534,-0.009274527659637431,0.010604982631336158
47,3,WALKING_UPSTAIRS,0.0015320998570052936,-0.006310326302492432,0.0016425527850976581,-0.0020678648970624677,-0.00529972872686686,0.0038113379123927223
47,4,LAYING,0.0,0.0,0.0,0.0,0.0,0.0
47,4,SITTING,0.04770234102662023,-0.028542776994938297,-0.07638198628125875,0.0012707077098221835,0.010246734794061364,0.020149997814872547
47,4,STANDING,0.019922164802305648,0.001864594577467302,-0.03918406981164505,-0.0043701067868172775,0.0014556805396930322,0.008101724468984174
47,4,WALKING,-0.005796942162548514,0.005031603362840526,0.0022004714797937103,0.003514000339493522,-0.012203730239505928,0.001923795408914597
47,4,WALKING_DOWNSTAIRS,0.004185302230453234,-0.012115383070146963,0.003918125131586501,0.004185302230453232,0.0031420623693725054,0.003666501612883213
47,4,WALKING_UPSTAIRS,-0.002238438629924194,-0.0024845414947285956,0.00579059611612143,0.006839559889521822,-0.01207891952302647,0.003522603752389804
47,5,LAYING,0.0,0.0,0.0,0.0,0.0,0.0
47,5,SITTING,0.04052880452061174,-0.021537599732415275,-0.08500577845519182,0.0037409755304517738,0.010335981734251898,0.019391848916765184
47,5,STANDING,0.0147432254140431,0.005841292541792165,-0.040698723342544985,-0.003059178516013001,0.0008710640049613892,0.005871581778449039
47,5,WALKING,-0.0016245290115284598,0.005905961878174487,-0.0011691223082055742,0.00025733584902181507,-0.007437583420026436,-0.0016378956163454047
47,5,WALKING_DOWNSTAIRS,-0.0021973619679698775,-0.012975257421736662,0.007472204401217339,-0.0031756714491863384,-0.003445545764862184,0.014321632202537689
47,5,WALKING_UPSTAIRS,-0.003171864721173984,-0.0014745523914978021,0.0039864859874196475,-0.0015512307181292286,-0.01109089149137098,0.006547394949659234
47,Aggregated,LAYING,-0.1257611731387402,0.6843481347504423,-0.13163801089290428,-0.12994112125989563,-0.13248407772417511,-0.12189206491365674
47,Aggregated,SITTING,0.039604427260346436,0.028845029905656638,-0.09904321814981658,-0.010133241684403636,-0.002236700186541349,0.015015789470910054
47,Aggregated,STANDING,0.021130860478574164,0.0051195640276304535,-0.04827272298876996,-0.004556596581967083,0.0006225297279692248,0.01021172374241818
47,Aggregated,WALKING,-0.004715536284003368,0.002370127013807199,0.000560019385605881,-7.052841418301684e-06,-0.009130152438737191,-0.0006579579820519599
47,Aggregated,WALKING_DOWNSTAIRS,0.001252951276131394,-0.008278593908340686,0.003430448671193165,0.001813798068866371,-0.000360882636443699,0.004330170586159672
47,Aggregated,WALKING_UPSTAIRS,-0.0019160829005866128,-0.0028662996010125953,0.0015021118809850742,0.0013933161570693297,-0.006964920307336951,0.0014821474886817874
47,Centralized,LAYING,-0.1257611731387402,0.6843481347504423,-0.13163801089290428,-0.12994112125989563,-0.13248407772417511,-0.12189206491365674
47,Centralized,SITTING,0.039604427260346436,0.028845029905656638,-0.09904321814981658,-0.010133241684403636,-0.002236700186541349,0.015015789470910054
47,Centralized,STANDING,0.021130860478574164,0.0051195640276304535,-0.04827272298876996,-0.004556596581967083,0.0006225297279692248,0.01021172374241818
47,Centralized,WALKING,-0.004715536284003368,0.002370127013807199,0.000560019385605881,-7.052841418301684e-06,-0.009130152438737191,-0.0006579579820519599
47,Centralized,WALKING_DOWNSTAIRS,0.001252951276131394,-0.008278593908340686,0.003430448671193165,0.001813798068866371,-0.000360882636443699,0.004330170586159672
47,Centralized,WALKING_UPSTAIRS,-0.0019160829005866128,-0.0028662996010125953,0.0015021118809850742,0.0013933161570693297,-0.006964920307336951,0.0014821474886817874
48,0,LAYING,-0.09774558298652897,0.7282014243217184,-0.15731886167067202,-0.1613712827483611,-0.1566971186105811,-0.15506857830557147
48,0,SITTING,-0.049102495999774946,0.20010467975738533,-0.032408725714882,-0.03660589593080422,-0.03710840762647884,-0.028868016302362173
48,0,STANDING,-0.005206524607326868,0.011727131066193767,-0.006478837670300286,-0.0003443365870935707,0.005437960343416256,0.006793476053468566
48,0,WALKING,-0.0004833790104032309,0.0023148153211266995,0.013875316941050785,0.006218809305338645,0.0061115788836470595,-0.0013854897891082518
48,0,WALKING_DOWNSTAIRS,-0.00019841442756719693,-0.0066324809972472636,0.0008407972394299079,0.006198216212024877,0.0021928692919244695,-0.0009398534787051108
48,0,WALKING_UPSTAIRS,-0.0010792339897376796,-0.0019656627624271925,0.00802651517255191,0.008459323617460303,0.005584191651656292,-0.0024952593854228175
48,1,LAYING,0.0,0.0,0.0,0.0,0.0,0.0
48,1,SITTING,-0.015312211179458012,-0.015751963274884925,0.027049651042256144,0.025669540953236366,0.007729825429690957,0.024303577007037516
48,1,STANDING,-0.011724270102646825,0.00853491959551376,0.013125003887819436,0.012093177828385177,0.0016659159682702218,0.013540696749943666
48,1,WALKING,-0.005144649880686265,-0.001920087799898366,0.006915963076052003,0.009769808398974079,-0.00010987685697883368,0.0012959566056290916
48,1,WALKING_DOWNSTAIRS,-0.0014255491525792068,-0.0008212236056137123,-0.005501967933222037,0.005278345591289625,0.001346269282042778,0.0011241258180825534
48,1,WALKING_UPSTAIRS,-0.0029215995652108985,-0.002248130959660292,0.016774334434177463,0.007362660167786719,0.0015330703418952837,0.001146524664203637
48,2,LAYING,0.0,0.0,0.0,0.0,0.0,0.0
48,2,SITTING,-0.004908128006865675,-0.011455488230283296,0.023106977036884555,0.026049247388761673,0.021932445332014473,0.024472325676867406
48,2,STANDING,-0.004764622745865474,0.008722850738734661,0.009510856262142842,0.014049083049396909,0.01300217953768907,0.01375406751750033
48,2,WALKING,-0.0006584426527456758,0.001308371907232884,-0.0005954577939029463,0.004620654714901592,0.0021895041333650327,0.004615368273865304
48,2,WALKING_DOWNSTAIRS,0.0006270238847372859,-0.0052154076944705575,-0.003572830102722984,-0.0005496765794071415,-0.0009065842261812322,0.002659781978733721
48,2,WALKING_UPSTAIRS,0.0027524060227464495,-0.0030767612737933837,0.002370754847534536,0.001289844596392418,0.0005307364149184239,0.0028999965437022084
48,3,LAYING,0.0,0.0,0.0,0.0,0.0,0.0
48,3,SITTING,0.004077058963535469,-0.027408243614784226,-0.002314696760243624,0.003671928198865079,0.011224967616974106,0.010425936007541464
48,3,STANDING,0.009206421989814613,-0.0014823219362812394,-0.017990558171913296,-0.006891782391248116,0.010676817959100037,0.0017211369333908898
48,3,WALKING,0.003173051125317611,-0.006416021705885698,0.00880699545993406,0.0034711827606543444,0.0019151725779216922,0.0006675199541751072
48,3,WALKING_DOWNSTAIRS,0.006633970601981506,-0.006824901620883867,0.005322589354958944,-0.0007547227075676825,-0.0003622406732946041,0.0037195098378340675
48,3,WALKING_UPSTAIRS,0.0010215865333029095,-0.007951278246121954,0.0045089431472844,0.001990153735579538,-0.002018484111725603,0.003170146121106295
48,4,LAYING,0.0,0.0,0.0,0.0,0.0,0.0
48,4,SITTING,-0.005565074199922485,-0.014225529993538153,0.018776526142910324,0.02000159519701825,0.014162579724248194,0.020289500444720214
48,4,STANDING,-0.0041177900986379265,0.0073560042176725815,0.0032837053097002646,0.0084577431308718,0.007137170422911446,0.010342592735334579
48,4,WALKING,0.0002857633822476372,-0.001131368472648908,-0.0023390062688076066,0.0027576605929714765,0.001146424123700442,0.004611328453549048
48,4,WALKING_DOWNSTAIRS,0.0006894256277596248,-0.0076458773347337725,0.0014318904580896612,-0.0008460759143337511,-0.0017583012420421206,0.0011470279006586279
48,4,WALKING_UPSTAIRS,0.00029799447930568547,-0.006819106614065458,-0.00039168132511923823,0.002367408752143522,6.482193946389936e-05,0.005129702657917801
48,5,LAYING,0.0,0.0,0.0,0.0,0.0,0.0
48,5,SITTING,0.006395307378912174,-0.019519385699358727,0.002412159662813355,0.009357296183949078,0.018344292021991556,0.017540506158339023
48,5,STANDING,0.00819569306100847,0.009714466528385814,-0.016521038927636844,-0.004714541619484758,0.012122094791369824,0.005696079789545814
48,5,WALKING,-0.001148492363398046,-0.0016433395245280165,0.004548700585519441,0.0024043739985119476,0.0026930822962022796,-0.001148492363398046
48,5,WALKING_DOWNSTAIRS,0.007577309920163352,-0.008718769105774715,0.004684968753922851,-0.006050901272530964,-0.004104453714175456,0.00661184541839493
48,5,WALKING_UPSTAIRS,0.0038262326245924677,-0.007806913868731867,0.008692871929518198,-0.0013846635027098227,0.00025943201547659795,0.003167699186947562
48,Aggregated,LAYING,-0.08642205357476415,0.6715837772628946,-0.14599533225890796,-0.15004775333659615,-0.1453735891988164,-0.14374504889380574
48,Aggregated,SITTING,-0.01259508689662683,0.03132275763889399,0.0034168659838529534,0.005033117335799207,0.003237215178748682,0.008613779973944672
48,Aggregated,STANDING,-0.0016437015945086964,0.007332607850920197,-0.0020558841982145897,0.004034223693580503,0.008238067777258605,0.008744123684068374
48,Aggregated,WALKING,-0.0006862919061416801,-0.0014125059256877592,0.005146879136693313,0.004844304653050417,0.00222203499847039,0.0014661321904130412
48,Aggregated,WALKING_DOWNSTAIRS,0.0023088722126439216,-0.005900469693801059,0.00043653729402582384,0.0005085540536371539,-0.0006211767560428387,0.0024302103239831133
48,Aggregated,WALKING_UPSTAIRS,0.0007757964550483646,-0.005050177211173883,0.0065285528792563795,0.0031122222928804573,0.0008499871288107086,0.0023139868980190407
48,Centralized,LAYING,-0.08642205357476415,0.6715837772628946,-0.14599533225890796,-0.15004775333659615,-0.1453735891988164,-0.14374504889380574
48,Centralized,SITTING,-0.01259508689662683,0.03132275763889399,0.0034168659838529534,0.005033117335799207,0.003237215178748682,0.008613779973944672
48,Centralized,STANDING,-0.0016437015945086964,0.007332607850920197,-0.0020558841982145897,0.004034223693580503,0.008238067777258605,0.008744123684068374
48,Centralized,WALKING,-0.0006862919061416801,-0.0014125059256877592,0.005146879136693313,0.004844304653050417,0.00222203499847039,0.0014661321904130412
48,Centralized,WALKING_DOWNSTAIRS,0.0023088722126439216,-0.005900469693801059,0.00043653729402582384,0.0005085540536371539,-0.0006211767560428387,0.0024302103239831133
48,Centralized,WALKING_UPSTAIRS,0.0007757964550483646,-0.005050177211173883,0.0065285528792563795,0.0031122222928804573,0.0008499871288107086,0.0023139868980190407
49,0,LAYING,-0.12228561249791563,0.7294682775757113,-0.13393437093518828,-0.15300239129404167,-0.1550967862238873,-0.11560643369784605
49,0,SITTING,0.00036153546458632467,0.2244150856660606,-0.0716825021071064,-0.07939361348645356,-0.02582262925640253,-0.008481044824300114
49,0,STANDING,0.020226275679906265,0.015162645869543603,-0.02019286592696803,-0.021779991380227633,0.00534531372600268,0.013823995372238732
49,0,WALKING,-0.00408301527200369,-0.014312662443641409,0.009178141231031035,-0.013150219862216832,-0.0031823938047110456,0.005425433598253857
49,0,WALKING_DOWNSTAIRS,-0.0005103681757289831,-0.008234727379718792,0.0007516093173060296,0.007226013235728602,0.008704843958337049,-0.001452477809276907
49,0,WALKING_UPSTAIRS,-0.00398495489254031,-0.005794527473572373,0.006090835811763827,0.0037214734030626188,0.0019390394654040485,-0.0019718663141178377
49,1,LAYING,0.0,0.0,0.0,0.0,0.0,0.0
49,1,SITTING,0.03438616309398379,-0.00799797105451194,-0.05386026563890323,-0.05011536898266742,0.02003655131829389,0.0273587971500293
49,1,STANDING,0.014970387555302878,0.01538765800205196,-0.03490367953448687,-0.03339799472382892,0.005335636625421996,0.008987364596274519
49,1,WALKING,0.0025631524709495983,-0.0055035536842673845,0.006249089906167836,0.004956738879717284,-0.0021120932483254373,0.000851085940973976
49,1,WALKING_DOWNSTAIRS,0.008126188036793778,-0.004764800467480849,0.004777585765957942,0.00574744065992634,0.002639174007579578,-0.0029360586237737302
49,1,WALKING_UPSTAIRS,-0.0011244547884575128,-0.009248947969794037,0.0030636698660735763,-0.004692079262403784,-0.003610853062332072,0.0012757476541897332
49,2,LAYING,0.0,0.0,0.0,0.0,0.0,0.0
49,2,SITTING,0.031680304042276994,-0.0008375741077624784,-0.04714817712786523,-0.04262461344484369,0.01940279131167407,0.024626670986431575
49,2,STANDING,0.016249394680410117,0.015914275212132182,-0.03203326172649258,-0.02993874763566242,0.008681294363613225,0.011865715945586913
49,2,WALKING,-0.0038313495137778926,-0.013235290992384257,0.002377611614822951,-0.001293213038005073,-0.0004677150824740628,0.004969958429102074
49,2,WALKING_DOWNSTAIRS,0.0007147038343812279,-0.01323496442619541,0.001595642856362988,0.004346374598809268,0.003575118436818949,0.0018724146138888818
49,2,WALKING_UPSTAIRS,-0.004990182001699139,-0.011762555894027584,0.0004296691248035648,0.0016269567060095969,5.406829887232105e-05,0.0020634274138399836
49,3,LAYING,0.0,0.0,0.0,0.0,0.0,0.0
49,3,SITTING,0.02267220670854525,-0.022695026734163633,-0.02278498415117148,-0.017435915043402108,0.02043638971421272,0.028875497110731993
49,3,STANDING,0.006146079001393847,0.0002737454794486304,-0.007491395059911926,-0.007360568819911617,0.00916347439274186,0.01312872312906368
49,3,WALKING,-0.0029000944090551415,-0.013472746050784428,0.00569593718362402,-0.005204722798140968,0.0010132704204327918,0.009024621435613335
49,3,WALKING_DOWNSTAIRS,-0.0069936068276458705,-0.019695467442194043,0.004901503662325627,-0.003494536311157909,0.0028101710655184875,0.014737731060125436
49,3,WALKING_UPSTAIRS,0.00042761562320341265,-0.011100057792429606,0.0025301843517852914,0.000935119866993687,0.001960900599563267,0.005246237350884016
49,4,LAYING,0.0,0.0,0.0,0.0,0.0,0.0
49,4,SITTING,0.025489597091355457,-0.026512115443617743,-0.0457677523478454,-0.040103265361068015,0.017460599061688564,0.023599603666153848
49,4,STANDING,0.008557630064511795,0.0071706147594444184,-0.02980864249971564,-0.026840017111263284,0.0041583439095549905,0.00903077754732186
49,4,WALKING,-0.0017448962760145447,-0.009760023284286419,0.0042564272227414955,-0.0008272894072081908,0.0018530328581130295,0.0066635364270602425
49,4,WALKING_DOWNSTAIRS,-0.0015274518903857016,-0.015138418414432893,0.003222749987935781,0.005055120911846415,0.0031423465618616643,0.012227563347776324
49,4,WALKING_UPSTAIRS,-0.002439010465995665,-0.01803140325543788,0.006742912170484607,0.0016759085311320236,0.003475910863411834,0.01462260628766373
49,5,LAYING,0.0,0.0,0.0,0.0,0.0,0.0
49,5,SITTING,0.021766907710786623,-0.01686154166856912,-0.02920578110573516,-0.02759811634997498,0.02262468852675512,0.0252070309767884
49,5,STANDING,0.0052148675387239185,0.004620857078206596,-0.014980973026315311,-0.013784768062553417,0.010720540180779396,0.011997355079037625
49,5,WALKING,0.0010204507062117766,-0.006012319743374418,0.003507884222650629,-0.0026583673188653365,0.0014937594713080112,0.00264859266206934
49,5,WALKING_DOWNSTAIRS,-0.009484595948732407,-0.02069031340487392,0.005195349430681481,0.000359284068198138,-0.0008864300045508394,0.017285919012536614
49,5,WALKING_UPSTAIRS,-0.005853864373885175,-0.0165750743638664,0.006992176205827439,-0.003622116200112104,0.0005177808092574065,0.012866686451265829
49,Aggregated,LAYING,-0.10997315715140454,0.6679060008431559,-0.12162191558867716,-0.14068993594753054,-0.14278433087737616,-0.10329397835133464
49,Aggregated,SITTING,0.02074926113985067,0.038193415883748506,-0.0474691072189738,-0.04582138547502346,0.009607962512763869,0.018251727600349002
49,Aggregated,STANDING,0.011897663357864347,0.009886066274462708,-0.02358987877629651,-0.022492025766417977,0.007217160323864038,0.011427993144028325
49,Aggregated,WALKING,-0.0014484068610764436,-0.010371420910276517,0.0051784287115515465,-0.0027952365217516805,-0.00018662129838222611,0.0049699825637396465
49,Aggregated,WALKING_DOWNSTAIRS,-0.0015786603530662325,-0.013639151240853289,0.003438789735676121,0.0031942693442342843,0.003227591586715056,0.0070428154262478
49,Aggregated,WALKING_UPSTAIRS,-0.0029842422387843007,-0.012289534614356777,0.004269478155493766,-0.000178772996170982,0.0007282000030012299,0.005964227200172625
49,Centralized,LAYING,-0.10997315715140454,0.6679060008431559,-0.12162191558867716,-0.14068993594753054,-0.14278433087737616,-0.10329397835133464
49,Centralized,SITTING,0.02074926113985067,0.038193415883748506,-0.0474691072189738,-0.04582138547502346,0.009607962512763869,0.018251727600349002
49,Centralized,STANDING,0.011897663357864347,0.009886066274462708,-0.02358987877629651,-0.022492025766417977,0.007217160323864038,0.011427993144028325
49,Centralized,WALKING,-0.0014484068610764436,-0.010371420910276517,0.0051784287115515465,-0.0027952365217516805,-0.00018662129838222611,0.0049699825637396465
49,Centralized,WALKING_DOWNSTAIRS,-0.0015786603530662325,-0.013639151240853289,0.003438789735676121,0.0031942693442342843,0.003227591586715056,0.0070428154262478
49,Centralized,WALKING_UPSTAIRS,-0.0029842422387843007,-0.012289534614356777,0.004269478155493766,-0.000178772996170982,0.0007282000030012299,0.005964227200172625
50,0,LAYING,-0.0809694641710646,0.6957878843346033,-0.17470325632623995,-0.17422368431282573,-0.18338821366944785,-0.0920997225479392
50,0,SITTING,-0.024542246139160884,0.14727581614462212,-0.010663889457672144,-0.009623905467205004,-0.03813241484479873,-0.06919342640617449
50,0,STANDING,0.006224701248703193,-0.01950174416594803,0.014317720090783512,0.012884743203923667,0.003039459556453081,-0.016964879933915447
50,0,WALKING,0.002093053057829931,-0.01304830290495468,0.014238492504577252,0.003180875574223862,7.611346826397377e-05,7.611346826397377e-05
50,0,WALKING_DOWNSTAIRS,-0.002941209058868605,-0.0016090459670357138,-0.002964875924268231,0.00883010152891899,0.004638938396898863,-0.0059539089756452885
50,0,WALKING_UPSTAIRS,-0.004634073920922608,-0.006837994792275448,0.002278575223580974,0.006907530845425935,0.00030385696884933645,-0.004863366213335049
50,1,LAYING,0.0,0.0,0.0,0.0,0.0,0.0
50,1,SITTING,0.0026823238849019997,-0.04802771977776488,0.03482326014196169,0.03700540951125058,0.005436685738265026,-0.03191995949861452
50,1,STANDING,-0.00018101446276497745,-0.021195435165223826,0.019885002423798884,0.01910773723275278,0.0009138275568800508,-0.018530117585443068
50,1,WALKING,-0.004717479805306668,-0.007716593458468081,-0.004672036579465614,0.0017315517394510113,-0.0012167803611495998,0.004151761680975183
50,1,WALKING_DOWNSTAIRS,-0.002628185956115583,-0.004410882678974105,-0.012090670317491161,0.0010295373876790855,0.000981381732989021,0.0035292904529097145
50,1,WALKING_UPSTAIRS,-0.0020939445965078136,-0.011048190139989082,0.010203742984676622,0.0025984166306346527,-0.000185107252129015,0.0005250823733146078
50,2,LAYING,0.0,0.0,0.0,0.0,0.0,0.0
50,2,SITTING,0.002564776096439295,-0.04175032753554412,0.03355724255133785,0.03400713807836499,0.003086143962238339,-0.030743905973410774
50,2,STANDING,0.0014291878016665766,-0.021802786213981053,0.019598064024410857,0.019598493729878614,0.0008585021782132811,-0.020237034223049535
50,2,WALKING,0.0013303847124144488,-0.0053115434849880655,0.004280134725285107,0.005317582135941328,0.002514839453636506,0.003348601040426861
50,2,WALKING_DOWNSTAIRS,0.001963785411123577,-0.0011326352120051878,-0.0025575370606636004,0.000986883217646012,0.001334767854611557,0.0005354458752216592
50,2,WALKING_UPSTAIRS,0.0034123422496518453,-0.002534077650112032,0.005114933603843396,0.0034475899859217765,0.0015557689938070385,0.0015820591690892413
50,3,LAYING,0.0,0.0,0.0,0.0,0.0,0.0
50,3,SITTING,0.011497916049802126,-0.01964957925871569,0.006055039625032741,0.005418281241761004,0.0083895595946523,-0.004933493914299507
50,3,STANDING,0.008696058716410777,-0.0020594219256990366,-0.005828838540116697,-0.007329765023745629,0.006587799083488615,-6.583231033806628e-05
50,3,WALKING,0.0038221130444296967,-0.011475034386741115,0.007101043640945866,0.0019233687827891052,8.188557366926585e-05,-0.0014533766550928362
50,3,WALKING_DOWNSTAIRS,0.006918797482422946,-0.017298086928718866,0.006957798501612252,0.002781144616360924,0.0003201731641613988,0.0003201731641613988
50,3,WALKING_UPSTAIRS,0.0030310096251464835,-0.006486522505282562,0.007470212556877851,0.001976588322124327,-0.00021249962930960006,0.00019207382294403701
50,4,LAYING,0.0,0.0,0.0,0.0,0.0,0.0
50,4,SITTING,0.005088910657722814,-0.03620290526829039,0.03218671488340817,0.028984451911040484,0.009433105587817861,-0.031984759007901944
50,4,STANDING,0.0022858895755599553,-0.015043242294123347,0.01628558266145341,0.012826870527829708,0.004790554229960082,-0.016366954052141842
50,4,WALKING,0.0022639791949086866,-0.009258005853113392,0.0018297536083555876,0.0041859473745060735,0.00166216812752026,0.0051577055580455155
50,4,WALKING_DOWNSTAIRS,0.0010310126014653818,-0.010166963715147165,-0.0005134706313707666,0.0027870418450644924,-0.00018678691387116197,6.725630925750552e-05
50,4,WALKING_UPSTAIRS,0.002267313263012466,-0.013848461568205522,0.001158185133355007,0.005644372929978602,0.0007875875008550267,0.003991002741004381
50,5,LAYING,0.0,0.0,0.0,0.0,0.0,0.0
50,5,SITTING,0.005012778203826891,-0.03271582907821424,0.021464244845261597,0.022403981980490217,0.012989748083905343,-0.02248977217584418
50,5,STANDING,0.004488264175261865,-0.010447239761372332,0.0058337115864596405,0.006107057499067113,0.00965167007185645,-0.010373723311532437
50,5,WALKING,0.0003559423594480101,-0.007894412356055966,0.005638025683594857,0.001680709739756133,0.0006345801303458428,-0.0004148455570888924
50,5,WALKING_DOWNSTAIRS,0.011067931778144833,-0.015155366004493024,0.012043917878065753,-0.0023116098437124997,-0.0018878220780332072,0.0044637351167691715
50,5,WALKING_UPSTAIRS,0.007570758564047363,-0.017495117124606843,0.014351572765213436,2.5079133958486968e-05,-0.0009333210167755198,0.002155439149676001
50,Aggregated,LAYING,-0.07625315211432673,0.6722063240509157,-0.16998694426950245,-0.16950737225608825,-0.17867190161271013,-0.08738341049120259
50,Aggregated,SITTING,-0.0015775538041637549,0.008779727109377782,0.01627339579558823,0.016173887734481113,-0.003515765875429052,-0.033290785556385365
50,Aggregated,STANDING,0.0038001312225292207,-0.015183431391974627,0.011893732891350768,0.010772356214441952,0.004334835577330553,-0.014048025174561602
50,Aggregated,WALKING,0.0008317234219208843,-0.009088094951918922,0.004593991000745295,0.0029856327993817845,0.000623201116023192,0.0018397008390264647
50,Aggregated,WALKING_DOWNSTAIRS,0.002605605529800745,-0.008360983293645055,3.782123470408664e-05,0.002264808378996765,0.000796899074816367,0.0006240939764656469
50,Aggregated,WALKING_UPSTAIRS,0.0018540176192555584,-0.00980639568698686,0.006899838957770711,0.0032729391504926386,0.00022628509080995415,0.00072368029498866
50,Centralized,LAYING,-0.07625315211432673,0.6722063240509157,-0.16998694426950245,-0.16950737225608825,-0.17867190161271013,-0.08738341049120259
50,Centralized,SITTING,-0.0015775538041637549,0.008779727109377782,0.01627339579558823,0.016173887734481113,-0.003515765875429052,-0.033290785556385365
50,Centralized,STANDING,0.0038001312225292207,-0.015183431391974627,0.011893732891350768,0.010772356214441952,0.004334835577330553,-0.014048025174561602
50,Centralized,WALKING,0.0008317234219208843,-0.009088094951918922,0.004593991000745295,0.0029856327993817845,0.000623201116023192,0.0018397008390264647
50,Centralized,WALKING_DOWNSTAIRS,0.002605605529800745,-0.008360983293645055,3.782123470408664e-05,0.002264808378996765,0.000796899074816367,0.0006240939764656469
50,Centralized,WALKING_UPSTAIRS,0.0018540176192555584,-0.00980639568698686,0.006899838957770711,0.0032729391504926386,0.00022628509080995415,0.00072368029498866
