Round,Evaluator,Classes,3,1,0,4,2,5
0,0,LAYING,,,,,,
0,0,SITTING,,,,,,
0,0,STANDING,,,,,,
0,0,WALKING,,,,,,
0,0,WALKING_DOWNSTAIRS,,,,,,
0,0,WALKING_UPSTAIRS,,,,,,
0,1,LAYING,,,,,,
0,1,SITTING,,,,,,
0,1,STANDING,,,,,,
0,1,WALKING,,,,,,
0,1,WALKING_DOWNSTAIRS,,,,,,
0,1,WALKING_UPSTAIRS,,,,,,
0,2,LAYING,,,,,,
0,2,SITTING,,,,,,
0,2,STANDING,,,,,,
0,2,WALKING,,,,,,
0,2,WALKING_DOWNSTAIRS,,,,,,
0,2,WALKING_UPSTAIRS,,,,,,
0,3,LAYING,,,,,,
0,3,SITTING,,,,,,
0,3,STANDING,,,,,,
0,3,WALKING,,,,,,
0,3,WALKING_DOWNSTAIRS,,,,,,
0,3,WALKING_UPSTAIRS,,,,,,
0,4,LAYING,,,,,,
0,4,SITTING,,,,,,
0,4,STANDING,,,,,,
0,4,WALKING,,,,,,
0,4,WALKING_DOWNSTAIRS,,,,,,
0,4,WALKING_UPSTAIRS,,,,,,
0,5,LAYING,,,,,,
0,5,SITTING,,,,,,
0,5,STANDING,,,,,,
0,5,WALKING,,,,,,
0,5,WALKING_DOWNSTAIRS,,,,,,
0,5,WALKING_UPSTAIRS,,,,,,
0,Aggregated,LAYING,,,,,,
0,Aggregated,SITTING,,,,,,
0,Aggregated,STANDING,,,,,,
0,Aggregated,WALKING,,,,,,
0,Aggregated,WALKING_DOWNSTAIRS,,,,,,
0,Aggregated,WALKING_UPSTAIRS,,,,,,
0,Centralized,LAYING,,,,,,
0,Centralized,SITTING,,,,,,
0,Centralized,STANDING,,,,,,
0,Centralized,WALKING,,,,,,
0,Centralized,WALKING_DOWNSTAIRS,,,,,,
0,Centralized,WALKING_UPSTAIRS,,,,,,
1,0,LAYING,0.16000359820755614,0.20297633874312843,0.26719924621854296,0.2444775468351228,0.2025785955926061,-0.26741937467670956
1,0,SITTING,-0.04400517121922429,0.24203732628868938,0.22942223501860962,0.13473138630396153,-0.007230228412368437,-0.5376395306636538
1,0,STANDING,0.04620259788058199,0.019023156472574944,-0.030937556292553837,0.052233222518121174,0.04446333825605415,0.13568190783188847
1,0,WALKING,-0.06866845094162843,0.26393538082629553,0.1475221307570143,0.07843049720874484,-0.214377535241898,0.2134478324639376
1,0,WALKING_DOWNSTAIRS,0.14850065166895768,-0.30639529804227716,0.006742838614408602,0.16359518273877963,0.033148400917892465,0.022671697156132414
1,0,WALKING_UPSTAIRS,0.14095729352878283,0.15011930963287015,0.04243632450472242,-0.29104394926154736,0.09902814769107453,-0.21167256469239426
1,1,LAYING,0.08950508789202982,0.22096906183299644,0.24391784250556175,0.18476434046740253,0.1776555892293062,-0.25903414414952075
1,1,SITTING,-0.033364696918294454,0.2176106943128026,0.19808703761176719,0.09034523908977798,-0.012465590459614583,-0.44319140704069443
1,1,STANDING,0.08163311741893607,-0.009554078017322885,-0.03598153824492905,0.07435776574053231,0.07866845807119258,0.3108762750315912
1,1,WALKING,-0.02459956583531344,0.2753666899751434,0.17163487963779095,0.07336361141048024,-0.16879692452415945,0.13456977087451988
1,1,WALKING_DOWNSTAIRS,0.0419870197888973,-0.00859891568702596,-0.008319998990966101,0.02931880726947202,0.015937357831571207,0.01712342853282155
1,1,WALKING_UPSTAIRS,0.18390690209420565,0.19805480011892898,0.02219005098846758,-0.3545616606921883,0.16492531872476246,-0.2545154112341758
1,2,LAYING,0.12933317876597408,0.18165789844736535,0.2482917913756857,0.21588950861075168,0.19933323142119977,-0.27160705789633943
1,2,SITTING,-0.036976739805303506,0.18041482994470467,0.17332282130159227,0.09437334327300828,-0.008255133685021137,-0.3792104819757277
1,2,STANDING,0.09386183816206793,-0.03949151575183706,-0.04759046674305509,0.07215143556045861,0.09754946055764711,0.41382761825877135
1,2,WALKING,0.04146792183226267,0.12646662789604396,0.09805876582776031,0.06760191809608207,-0.10911847103355432,0.02552323738140568
1,2,WALKING_DOWNSTAIRS,0.16156897211392368,-0.3468489404119997,-0.014613130377281793,0.11703837442055086,0.025640597658149442,0.0018537310723283499
1,2,WALKING_UPSTAIRS,0.17386791726181466,0.16609870606684488,0.008644573033687151,-0.34525005474979287,0.1454368214857625,-0.25406112099305206
1,3,LAYING,0.12591508071150412,0.1920920272284223,0.24107400971971288,0.2038740015287371,0.19488660342359,-0.26712007312743125
1,3,SITTING,-0.025127462067950176,0.16423266741044873,0.14425915924896698,0.08386843136494444,-0.021448943560661515,-0.31090013146551504
1,3,STANDING,0.07756008444404831,-0.043975233844620674,-0.047638734088356435,0.0956413277638124,0.08622118804427122,0.3730718708254992
1,3,WALKING,-0.015135058312628106,0.13825203540746064,0.0705194151368074,0.06381085165678467,-0.10119929064824383,0.05966113766891136
1,3,WALKING_DOWNSTAIRS,0.1548328294780872,-0.4184691192459401,-0.02344289596381044,0.15565727001744933,-0.012050872316076251,-0.012594463431697107
1,3,WALKING_UPSTAIRS,0.1759787586498661,0.16186772530821752,0.008866305329800076,-0.3031398395969837,0.1369341131935706,-0.21622134859875722
1,4,LAYING,0.1870887509755287,0.17118083237142176,0.27733197239010543,0.28636395966063694,0.22731006235551243,-0.29045204834144167
1,4,SITTING,0.026260580350101006,0.11861058899676688,0.11937750342082233,0.06480118536076802,-0.02828192172269818,-0.28056591620373983
1,4,STANDING,0.1194853310630399,-0.030144928768019344,-0.035946757891547304,0.12329605221550415,0.11882456962363844,0.3258449570583541
1,4,WALKING,-0.06253898126856285,0.23445229280967908,0.11532442569391657,0.11375383911293058,-0.18958538995306198,0.21061216222895132
1,4,WALKING_DOWNSTAIRS,0.12765202901318143,-0.5693493809213842,0.0006153817917558403,0.22895143713333033,-0.029509069246112674,0.01159665055952921
1,4,WALKING_UPSTAIRS,0.0,0.0,0.0,0.0,0.0,0.0
1,5,LAYING,0.0,0.0,0.0,0.0,0.0,0.0
1,5,SITTING,0.0,0.0,0.0,0.0,0.0,0.0
1,5,STANDING,0.1134171950409652,-0.06658056251619156,-0.1463263557981963,0.031795399132454674,0.10031717650963297,0.8303628327029107
1,5,WALKING,-0.09683622991573985,0.30791402465773354,0.16347959384305877,0.07375730117521323,-0.23452540552255285,0.2905585418492439
1,5,WALKING_DOWNSTAIRS,0.12922516346599713,-0.4269563341024146,0.01199660693103079,0.2230118292485447,0.00032471989261338615,0.01622755285961082
1,5,WALKING_UPSTAIRS,0.0,0.0,0.0,0.0,0.0,0.0
1,Aggregated,LAYING,0.12442004853828492,0.20094875187610428,0.24773906219918376,0.21806716830208256,0.19354192886716928,-0.2700355193396128
1,Aggregated,SITTING,-0.028585431899868213,0.16363004969636796,0.1503402300446249,0.0921295984679602,-0.012784094901631248,-0.3440264176600414
1,Aggregated,STANDING,0.094943747629803,-0.03741908445446158,-0.06183806786209812,0.08112493038166113,0.09794750974675846,0.4589488297268778
1,Aggregated,WALKING,-0.04026664696324168,0.22893565840232177,0.13174245918389083,0.08574380933808301,-0.17394091939786038,0.1613920330431988
1,Aggregated,WALKING_DOWNSTAIRS,0.15045665519731025,-0.3825920741887045,0.00099668692403628,0.17264324566522266,0.0070827576384024,0.009945800426449141
1,Aggregated,WALKING_UPSTAIRS,0.15031712705269365,0.14080408090509333,0.02867245091694614,-0.2851435338642797,0.10424088915623321,-0.1960338713095439
1,Centralized,LAYING,0.12442004853828492,0.20094875187610428,0.24773906219918376,0.21806716830208256,0.19354192886716928,-0.2700355193396128
1,Centralized,SITTING,-0.028585431899868213,0.16363004969636796,0.1503402300446249,0.0921295984679602,-0.012784094901631248,-0.3440264176600414
1,Centralized,STANDING,0.094943747629803,-0.03741908445446158,-0.06183806786209812,0.08112493038166113,0.09794750974675846,0.4589488297268778
1,Centralized,WALKING,-0.04026664696324168,0.22893565840232177,0.13174245918389083,0.08574380933808301,-0.17394091939786038,0.1613920330431988
1,Centralized,WALKING_DOWNSTAIRS,0.15045665519731025,-0.3825920741887045,0.00099668692403628,0.17264324566522266,0.0070827576384024,0.009945800426449141
1,Centralized,WALKING_UPSTAIRS,0.15031712705269365,0.14080408090509333,0.02867245091694614,-0.2851435338642797,0.10424088915623321,-0.1960338713095439
2,0,LAYING,0.06454043232487401,0.05440217199584703,0.07219606735092723,0.04542460290936937,0.04118688122698074,-0.12102335579887578
2,0,SITTING,0.07177015404264733,0.1759589300660388,0.1825538622631439,0.1109091971144076,0.16927250134913452,-0.7277806621513889
2,0,STANDING,0.024588059017669188,-0.10345181892395582,-0.11598758442704804,0.07213243823521485,0.02021719148023854,0.08111806681913923
2,0,WALKING,0.06765353891191216,-0.0012743711086893412,0.08668436545052609,0.034501801176248646,0.012073379518504544,0.012146902677147381
2,0,WALKING_DOWNSTAIRS,0.16302434465984367,-0.44652552274735435,-0.008709553054544569,0.16946082619106523,0.1727894530342926,0.11359681555306111
2,0,WALKING_UPSTAIRS,0.18874210639765393,0.14883959961133642,0.20663471021821098,-0.37263323178675867,0.18143411003560636,-0.35301729447604907
2,1,LAYING,0.09285320180534319,0.08903349927121659,0.08930575039158571,0.06017728298786268,0.07165988851623016,-0.10028108496054243
2,1,SITTING,0.06986456917089215,0.15659736974706628,0.15210932251942735,0.10713749774808383,0.16339798285126553,-0.6661280186324807
2,1,STANDING,0.017168356933088484,-0.11768564036015881,-0.18586800096717002,0.05266981690266462,-0.016197490708944242,0.21209783215009992
2,1,WALKING,0.07826744890866308,0.05031209806498842,0.10833372257312457,-0.09292624951350174,0.0070670783273423295,-0.11953700434352209
2,1,WALKING_DOWNSTAIRS,-0.01647579488227802,-0.10963134489045848,0.00020657355800787728,-0.005590504933695199,-0.01955508056908746,0.051046151717511
2,1,WALKING_UPSTAIRS,0.20035885529918743,0.20345893918688585,0.23346331424502126,-0.43445326359655945,0.22120195270253354,-0.4103311677000813
2,2,LAYING,0.07578688801542734,0.06486380081801035,0.09512611181097108,0.07503013765368197,0.044208766587190376,-0.11157279219528514
2,2,SITTING,0.06679731284856696,0.12216161194006911,0.12399382166047702,0.10396278702197485,0.1267649217106345,-0.5673490942349776
2,2,STANDING,0.02618963859287629,-0.14445697046587647,-0.197658176910109,0.05868273069603802,-0.05379868829391589,0.3355479111517493
2,2,WALKING,0.06896842711294408,0.028432586352513455,0.09775369073114136,-0.1172696489849366,0.04233603886253941,-0.14799887185197877
2,2,WALKING_DOWNSTAIRS,0.20361705346205866,-0.4130366388561349,0.06143772123044166,0.15197423349170236,0.19196479868597743,0.141645291002348
2,2,WALKING_UPSTAIRS,0.19892334578401588,0.181405860770459,0.21435251890917545,-0.4222726167217639,0.23075195522125075,-0.4031610639631371
2,3,LAYING,0.07469381386567224,0.06541053999632193,0.07622059323369323,0.06430129451084077,0.0667932247316054,-0.11297104779545936
2,3,SITTING,0.06262879305897277,0.10877432173977815,0.10587505306853696,0.11376388878596738,0.12494546437366923,-0.5508712419571572
2,3,STANDING,0.03205308301497571,-0.1438431512913051,-0.19529380032645685,0.06178595870563434,-0.02922147796953933,0.3499179544894792
2,3,WALKING,0.0911202413404999,-0.03082941387831812,0.08803866512267254,-0.06936622095685738,0.06292369561674119,-0.1037243969160437
2,3,WALKING_DOWNSTAIRS,0.19043753118507986,-0.4566612690515479,-0.004335860631887476,0.18243422160363332,0.1644211868202058,0.13737940374973107
2,3,WALKING_UPSTAIRS,0.1906910173036786,0.16825955012387944,0.19933675941266812,-0.3703555453732999,0.21219541968477182,-0.36309016411466105
2,4,LAYING,0.048878476872912344,0.03476245881496826,0.07464067239380262,0.06857520994082764,0.01618810060813397,-0.1321714783454398
2,4,SITTING,0.0625375393270346,0.08710115112532558,0.10796658995232829,0.12752884581891621,0.08023971092547529,-0.4855758573511011
2,4,STANDING,0.032671186180451096,-0.14476324851010866,-0.18149352745875688,0.10093317235584245,-0.03785669522061803,0.259943540145871
2,4,WALKING,0.06943639806449357,-0.09975545789869884,0.054863223740491476,0.08163891593781697,0.042138433862076115,0.050598765828811273
2,4,WALKING_DOWNSTAIRS,0.20172868380729445,-0.5175111611540241,-0.04243564016263285,0.22445462614757242,0.1733837325828332,0.16610426682904714
2,4,WALKING_UPSTAIRS,0.0,0.0,0.0,0.0,0.0,0.0
2,5,LAYING,0.0,0.0,0.0,0.0,0.0,0.0
2,5,SITTING,0.0,0.0,0.0,0.0,0.0,0.0
2,5,STANDING,0.034287197393410754,-0.23173010669932353,-0.2842243445211566,0.047856594284163445,-0.11825912673903478,0.6890841012103656
2,5,WALKING,0.04931145201993758,-0.022261203581170157,0.0807617110743246,0.11084735482321117,-0.00788235639291178,0.09282223583720164
2,5,WALKING_DOWNSTAIRS,0.18078099848039106,-0.5116351844641757,-0.035643631081528314,0.22475149768527766,0.1497517394870277,0.15546110817530953
2,5,WALKING_UPSTAIRS,0.0,0.0,0.0,0.0,0.0,0.0
2,Aggregated,LAYING,0.0763799656077569,0.06605346616368812,0.08826977885754889,0.06984898972528357,0.05148761605109697,-0.10971191105419488
2,Aggregated,SITTING,0.0687551058923292,0.10632028914368162,0.10504595197203673,0.10928192414477174,0.1183928281668526,-0.5285000330670845
2,Aggregated,STANDING,0.03138195511618403,-0.1658601959639653,-0.21339372106994026,0.06709356217315066,-0.05746602111345986,0.3839746144378954
2,Aggregated,WALKING,0.07471699522717268,-0.01906042216903792,0.08313458975709881,-0.0060583353701855885,0.0283311279091191,-0.03911479340500557
2,Aggregated,WALKING_DOWNSTAIRS,0.18275523566150625,-0.4541708602905675,-0.00431717552107713,0.18336176326358264,0.16294820115039327,0.14296132484932586
2,Aggregated,WALKING_UPSTAIRS,0.19128569693138503,0.14966095701322157,0.1966436354905641,-0.3661740452144641,0.19420828624328673,-0.3487824252008374
2,Centralized,LAYING,0.0763799656077569,0.06605346616368812,0.08826977885754889,0.06984898972528357,0.05148761605109697,-0.10971191105419488
2,Centralized,SITTING,0.0687551058923292,0.10632028914368162,0.10504595197203673,0.10928192414477174,0.1183928281668526,-0.5285000330670845
2,Centralized,STANDING,0.03138195511618403,-0.1658601959639653,-0.21339372106994026,0.06709356217315066,-0.05746602111345986,0.3839746144378954
2,Centralized,WALKING,0.07471699522717268,-0.01906042216903792,0.08313458975709881,-0.0060583353701855885,0.0283311279091191,-0.03911479340500557
2,Centralized,WALKING_DOWNSTAIRS,0.18275523566150625,-0.4541708602905675,-0.00431717552107713,0.18336176326358264,0.16294820115039327,0.14296132484932586
2,Centralized,WALKING_UPSTAIRS,0.19128569693138503,0.14966095701322157,0.1966436354905641,-0.3661740452144641,0.19420828624328673,-0.3487824252008374
3,0,LAYING,-0.0482269746789182,0.003607466573171873,0.017910055713167443,0.011631183799023207,0.012586150551147635,-0.0025121713484985214
3,0,SITTING,0.18788658567415414,0.0879464014737783,0.26296593443831257,-0.0311428052624904,0.15970902370232068,-0.6673651400260764
3,0,STANDING,0.08833347907531242,0.012252319227279629,0.07962539508362922,0.0060709822554172515,0.06351554595071447,-0.25978662281321757
3,0,WALKING,0.05603001975560815,0.009980201750084506,0.0388957081733166,-0.03994836828319913,0.011683846924750179,-0.05468844399971596
3,0,WALKING_DOWNSTAIRS,0.1622405820423258,-0.35053640806175035,0.0418402820671684,0.10924877049678448,0.06411450957177331,0.0640013547927888
3,0,WALKING_UPSTAIRS,0.19317811265503498,0.1687451081302089,0.20072060162154795,-0.42501882480990344,0.17508556121919777,-0.27349487254157534
3,1,LAYING,-0.03749296696201454,0.007114354567345253,0.021252302402234084,0.0096633392789354,0.013226073113939061,0.005020926637672857
3,1,SITTING,0.1908936735791511,0.08913876079089261,0.2328183119829064,-0.02865004059210921,0.1539288595845308,-0.6381295653453701
3,1,STANDING,0.06034744428168965,0.012726065757196224,-0.055655689225322796,0.032222237686907,0.05995103802473402,-0.1319419455785178
3,1,WALKING,0.059313164706701726,0.05980515085350029,0.07950730686757387,-0.1340867637593593,0.06523714303644539,-0.1330356388930694
3,1,WALKING_DOWNSTAIRS,0.058775494679593865,-0.18868332889024522,0.034990040750866584,0.00878487418897343,-0.03239731605250801,0.11853023532331915
3,1,WALKING_UPSTAIRS,0.1754247495693257,0.18606531180459032,0.2074122984388826,-0.4700139701738095,0.21162746936653742,-0.32421448914251444
3,2,LAYING,-0.06570108638452371,-0.002521010011475875,0.03091605072017021,0.00918577834968157,0.018770405531927603,0.0011527282764934082
3,2,SITTING,0.1652177589247965,0.07240829857033987,0.19588963524729744,-0.006068627215334001,0.16419424028830698,-0.5916413058154083
3,2,STANDING,0.032779061563854364,0.009551977283206522,-0.11407613293433809,0.04980356851416191,0.064656140831462,-0.06254735122011514
3,2,WALKING,0.06920402572218748,-0.00589232212085787,0.070018534327371,-0.1175592675599886,0.1164020753406854,-0.1261343983664038
3,2,WALKING_DOWNSTAIRS,0.16683277029639382,-0.38572083200838714,0.0939533009716992,0.09203571337262197,0.06892145890444416,0.12379901703465752
3,2,WALKING_UPSTAIRS,0.1861151091235549,0.17302961554695853,0.2048486345603836,-0.4506764943361668,0.21401935663918986,-0.3103870689915492
3,3,LAYING,-0.02295434831129443,0.002256415600067434,0.010263993174717876,0.008871404807844287,0.01013438033806122,0.003321023426329745
3,3,SITTING,0.17020873537829126,0.09506465072279559,0.1712171917641307,-0.009564405737262062,0.1636531676344658,-0.5905793397624213
3,3,STANDING,0.03347374373504872,0.016517830995476594,-0.0752279992627045,0.02258235851559063,0.05441986747142425,-0.05532810821649761
3,3,WALKING,0.07514874840736453,-0.02216550185904709,0.05257377103348972,-0.08578703268031027,0.09474723484281766,-0.10456247834183624
3,3,WALKING_DOWNSTAIRS,0.16975244437150472,-0.35796457907496343,0.0475411078061952,0.1254097225420765,0.06215969005406741,0.10257003206222112
3,3,WALKING_UPSTAIRS,0.17390040899767964,0.14161654396346696,0.18378995368129847,-0.4243446359688543,0.19373514946029669,-0.2808897366740275
3,4,LAYING,-0.05810975696519474,-0.0033821867477825205,0.01938410700034015,0.012247207168541996,0.013307387822448382,-0.00141959004428882
3,4,SITTING,0.10692811978736273,0.09904500400976739,0.18415007963171198,0.011047490732006272,0.14608599984436174,-0.5472566940052088
3,4,STANDING,0.024788332169025245,0.0017229252770521615,-0.07342390938157486,0.03607255532131877,0.05002000436792397,-0.07343220516393699
3,4,WALKING,0.05597077061269941,-0.09088874659718113,0.02784504599571092,0.03269392603522045,0.02208323284365969,-0.001976190382287223
3,4,WALKING_DOWNSTAIRS,0.1778603577644005,-0.3943800031336196,0.040031696828928036,0.1644501120252791,0.04060696188370368,0.09757013821133007
3,4,WALKING_UPSTAIRS,0.0,0.0,0.0,0.0,0.0,0.0
3,5,LAYING,0.0,0.0,0.0,0.0,0.0,0.0
3,5,SITTING,0.0,0.0,0.0,0.0,0.0,0.0
3,5,STANDING,-0.03803137222310288,-0.0023852488174485407,-0.22107782607036866,0.07343697326883658,0.021552453340616295,0.16650502050146718
3,5,WALKING,0.04147012095844636,-0.05056407546373669,0.01849699086250174,0.030496828376027376,-0.015246421000954902,0.015675398469132244
3,5,WALKING_DOWNSTAIRS,0.20392779653166546,-0.40814859801412356,0.047728693247527806,0.16722835147757656,0.07048303481779924,0.12070765891265835
3,5,WALKING_UPSTAIRS,0.0,0.0,0.0,0.0,0.0,0.0
3,Aggregated,LAYING,-0.04898999726330296,0.0008243996571868848,0.020126219712065744,0.010603282185409731,0.013633454581961541,0.00028166742530993846
3,Aggregated,SITTING,0.16284998430237105,0.08573923187799244,0.1739499401578263,-0.005888136916698386,0.16008460648110098,-0.5767356259025924
3,Aggregated,STANDING,0.0225641378411582,0.009649364663062007,-0.11128575322412604,0.04605636089937736,0.05444753002731584,-0.03629289644735408
3,Aggregated,WALKING,0.06721373604441304,-0.017453755357453617,0.05179931322691175,-0.05540822987719785,0.04465358943945907,-0.07233558168236842
3,Aggregated,WALKING_DOWNSTAIRS,0.17297942544595998,-0.3714543758401172,0.05392564010754227,0.12627128626611633,0.059576815534439054,0.10602977139601784
3,Aggregated,WALKING_UPSTAIRS,0.18590673582927866,0.15341253203021218,0.19060421551281104,-0.4256668926019639,0.17729797956962182,-0.2815545703399614
3,Centralized,LAYING,-0.04898999726330296,0.0008243996571868848,0.020126219712065744,0.010603282185409731,0.013633454581961541,0.00028166742530993846
3,Centralized,SITTING,0.16284998430237105,0.08573923187799244,0.1739499401578263,-0.005888136916698386,0.16008460648110098,-0.5767356259025924
3,Centralized,STANDING,0.0225641378411582,0.009649364663062007,-0.11128575322412604,0.04605636089937736,0.05444753002731584,-0.03629289644735408
3,Centralized,WALKING,0.06721373604441304,-0.017453755357453617,0.05179931322691175,-0.05540822987719785,0.04465358943945907,-0.07233558168236842
3,Centralized,WALKING_DOWNSTAIRS,0.17297942544595998,-0.3714543758401172,0.05392564010754227,0.12627128626611633,0.059576815534439054,0.10602977139601784
3,Centralized,WALKING_UPSTAIRS,0.18590673582927866,0.15341253203021218,0.19060421551281104,-0.4256668926019639,0.17729797956962182,-0.2815545703399614
4,0,LAYING,0.007999641664471702,-0.010855024497063397,-0.005122321254199028,0.008542301359593841,0.0039216945138747464,0.018823731523345426
4,0,SITTING,0.18955785927414479,0.3543233960436103,0.3524768254757408,0.3327828290432913,0.06277543808488793,-0.4067812127865404
4,0,STANDING,0.08294522455105482,0.07643399364534356,-0.023686651418081073,-0.00896823355001084,0.08958861116304928,0.15080257651580264
4,0,WALKING,0.07582246181679725,-0.027746284673805435,0.07863389356438885,-0.013472757548808167,0.007507120356639543,-0.013409233170532822
4,0,WALKING_DOWNSTAIRS,0.1174956815333247,-0.219209293082799,0.1059687689864783,0.05125762516198507,0.04964825621002288,0.06992313627516186
4,0,WALKING_UPSTAIRS,0.25393954856610523,0.39592865702219904,0.3128503684655578,-0.35680346644465283,0.22823677667375036,-0.19804289523279325
4,1,LAYING,0.007272819202011587,-0.0022701770264568484,-0.0017367783763897711,0.00650563970544237,0.003780476243342332,0.00033495433602880905
4,1,SITTING,0.182590862797682,0.3449917127349832,0.33028252965893967,0.310679788691907,0.07285095041478563,-0.36744626446636314
4,1,STANDING,0.07927921613765067,0.03481866575723156,-0.10077682620663574,-0.07378671258722981,0.09355190745323143,0.27517132760292146
4,1,WALKING,0.11293518305851133,0.029826219436710922,0.12568365735429035,-0.07391354047216245,0.034379646826898896,-0.045809888309913505
4,1,WALKING_DOWNSTAIRS,0.0655037479540699,0.2098761947116395,0.05033096474082543,-0.025788411516541116,0.12599125974670358,-0.025913755636697174
4,1,WALKING_UPSTAIRS,0.2443430290020147,0.42746516056432776,0.31742951239761236,-0.3605382163583701,0.24428405066751202,-0.19116535445491398
4,2,LAYING,0.009181173584099244,-0.017263595610451224,-0.010464015221595433,0.009290865330569335,0.00530049146658216,0.03581075055388866
4,2,SITTING,0.18121870197821172,0.30119396935447584,0.29173980304377667,0.27257041454030306,0.07349331283727491,-0.2602162017540436
4,2,STANDING,0.0539148045702644,-0.029857126985134968,-0.14959557977333204,-0.126238022427994,0.08924329598387752,0.39513675667582465
4,2,WALKING,0.17309022016562003,-0.07091857775902738,0.16536925962643934,-0.05119897585468346,0.009687971933580094,-0.06540187878825578
4,2,WALKING_DOWNSTAIRS,0.057486997419617554,-0.08500146197736756,0.08851190998701212,-0.02994881745433777,0.08029598606341604,0.004270003901858523
4,2,WALKING_UPSTAIRS,0.237074995750604,0.4100073448133568,0.3136232335607532,-0.36125174288864526,0.2455158530685511,-0.1765255784200261
4,3,LAYING,0.006381890125159541,-0.002330871136618793,-0.0017604121849108996,0.0052448169050567615,0.0027317689433197017,0.011003203618389955
4,3,SITTING,0.19403077210692052,0.279858083750712,0.2595217364339753,0.25779989079754584,0.08885488983307585,-0.25863680149365803
4,3,STANDING,0.066174599360185,-0.04829757699634993,-0.15806981187449606,-0.13997582129880393,0.10397692636536565,0.3701976105139495
4,3,WALKING,0.13245151190773372,-0.09308098580629291,0.1409456862104707,-0.014929015472942307,0.006662633273257807,-0.029826232752491653
4,3,WALKING_DOWNSTAIRS,0.10059368744911353,-0.21758491092477875,0.09088756907046364,0.04939665591771318,0.04632164319645214,0.05930521591821458
4,3,WALKING_UPSTAIRS,0.22687668731208188,0.36119167041069533,0.2774349872880355,-0.3206244724812694,0.22829458396679436,-0.15901402761563788
4,4,LAYING,0.006213396386575522,-0.016252861118774598,-0.0058460033622348565,0.009189359052832661,0.0016084610106046578,0.029794486530938503
4,4,SITTING,0.17973325258003447,0.2561764278693564,0.24462826934479054,0.2378139113028183,0.0949010293713345,-0.18468146189690415
4,4,STANDING,0.05798015330367678,-0.022881869801826563,-0.1300362630139085,-0.12776066436065708,0.10087081989156374,0.3655015243611329
4,4,WALKING,0.08156395105048173,-0.13411595128101478,0.06876325487143638,0.0532341544107454,-0.02212777614887427,0.03384178738708043
4,4,WALKING_DOWNSTAIRS,0.14447316363534363,-0.365632701952591,0.09727158894348897,0.1736857760376538,-0.014006249693953449,0.13171741990327593
4,4,WALKING_UPSTAIRS,0.0,0.0,0.0,0.0,0.0,0.0
4,5,LAYING,0.0,0.0,0.0,0.0,0.0,0.0
4,5,SITTING,0.0,0.0,0.0,0.0,0.0,0.0
4,5,STANDING,0.006287172554195856,-0.1847619365577997,-0.2962545811598469,-0.2719681905024401,0.0898322625260408,0.5989502152247914
4,5,WALKING,0.026956238926738645,-0.058787068517166516,0.03228115055696204,0.020918065176920506,-0.0005983523676432437,0.02472699792811694
4,5,WALKING_DOWNSTAIRS,0.13715650456808903,-0.3542731404517122,0.09867535238289733,0.160403801057807,0.008084663805738735,0.129274800536243
4,5,WALKING_UPSTAIRS,0.0,0.0,0.0,0.0,0.0,0.0
4,Aggregated,LAYING,0.007404489491883131,-0.011176985867844534,-0.005345448405515264,0.008120698331549145,0.003350552249248183,0.021344633894728356
4,Aggregated,SITTING,0.18134331676962792,0.28575766769979005,0.26823948569961026,0.2535140649287027,0.08156612692975582,-0.23321135970190754
4,Aggregated,STANDING,0.05353783358058326,-0.05686224126058903,-0.16965031071628564,-0.1509826698165514,0.09560386351003124,0.4188751121770845
4,Aggregated,WALKING,0.10702608406807601,-0.06480519583331003,0.1082891007879262,-0.005982351857162672,0.00959287693383591,-0.00583164605891147
4,Aggregated,WALKING_DOWNSTAIRS,0.10509359398862905,-0.2183151622684931,0.09599364666515876,0.05959193752887494,0.04139284585124648,0.06915393635664961
4,Aggregated,WALKING_UPSTAIRS,0.2391085354464475,0.37368677240404763,0.2948024121622771,-0.3286855551671389,0.23507756708250088,-0.1641651705246251
4,Centralized,LAYING,0.007404489491883131,-0.011176985867844534,-0.005345448405515264,0.008120698331549145,0.003350552249248183,0.021344633894728356
4,Centralized,SITTING,0.18134331676962792,0.28575766769979005,0.26823948569961026,0.2535140649287027,0.08156612692975582,-0.23321135970190754
4,Centralized,STANDING,0.05353783358058326,-0.05686224126058903,-0.16965031071628564,-0.1509826698165514,0.09560386351003124,0.4188751121770845
4,Centralized,WALKING,0.10702608406807601,-0.06480519583331003,0.1082891007879262,-0.005982351857162672,0.00959287693383591,-0.00583164605891147
4,Centralized,WALKING_DOWNSTAIRS,0.10509359398862905,-0.2183151622684931,0.09599364666515876,0.05959193752887494,0.04139284585124648,0.06915393635664961
4,Centralized,WALKING_UPSTAIRS,0.2391085354464475,0.37368677240404763,0.2948024121622771,-0.3286855551671389,0.23507756708250088,-0.1641651705246251
5,0,LAYING,0.005459449820572205,0.0014124014352350194,0.0033001043983947697,-0.012741162655018878,0.0034325391886404167,-0.0044384087966080395
5,0,SITTING,-0.01760655326771196,0.02430995998502137,0.018016081028329415,0.016256998925132434,0.004398404090735223,-0.918314903945421
5,0,STANDING,0.045773222715526786,0.03187235920279071,-0.15692344425025814,0.007149649574607166,0.062331153548352634,-0.3484811239461759
5,0,WALKING,0.05706256545248192,-0.010977332921824826,0.0484764346269833,-0.0732134210042438,0.04486211844191376,0.013190330251244291
5,0,WALKING_DOWNSTAIRS,0.05203538475375099,-0.05557335318652916,0.06584116022428876,-0.02624278290406522,0.08839631172625206,-0.0004631618375308347
5,0,WALKING_UPSTAIRS,0.052096538302499974,0.32412952785450644,0.18667060754427092,-0.44017982255692767,0.1983503066046187,-0.2463918330736439
5,1,LAYING,0.0032911316703719534,0.001693198483549472,0.000789927392199003,-0.004582713640097996,0.004786235273505076,-0.01904260775996631
5,1,SITTING,-0.017669995273248928,0.020782599027556352,-0.004400187963760058,0.00961802898515808,0.01178283230746266,-0.8787956813425818
5,1,STANDING,0.045599491548092196,0.010965361312317087,-0.1925999332025285,-0.04344179010862188,0.06706763964909676,-0.1734974983022107
5,1,WALKING,0.08129850412007536,0.012705511084921147,0.08196149081027505,-0.1494512947476161,0.07483953785274633,0.004127432996294313
5,1,WALKING_DOWNSTAIRS,-0.05392904363373426,0.09306295541737077,0.06794516849873716,-0.22511981248833124,0.03407132265401891,-0.13421240862988074
5,1,WALKING_UPSTAIRS,0.02114361641903407,0.3660337328588228,0.1773198148857203,-0.4634414954271403,0.19387055287493224,-0.2830507097358591
5,2,LAYING,0.007173170205877647,0.0007313861144091105,0.003957814857069427,-0.014531946388175529,0.0036903726908557766,0.0041035806294163705
5,2,SITTING,-0.0018151141103604877,0.007471041630406534,-0.03922574341866793,-0.016150871507929834,0.020528652869959956,-0.7919730140070971
5,2,STANDING,0.0634650717695208,-0.018915758754583796,-0.2470941478335545,-0.059469615865377023,0.06917295241718224,-0.019929893814925166
5,2,WALKING,0.13320307424469086,0.008763146092924338,0.1035289920388872,-0.24369713207357874,0.14033147639893695,-0.024994349205208006
5,2,WALKING_DOWNSTAIRS,-0.005269385204508017,0.007565172652068516,0.07775389546597188,-0.0913303090778773,0.09251567440033842,-0.07775754334575176
5,2,WALKING_UPSTAIRS,0.027951363203265255,0.33913637069774644,0.17614538537848276,-0.44173095561737796,0.19813409697782575,-0.27074380478119586
5,3,LAYING,0.007357832477195372,0.00032377375768131343,0.006531441556158605,-0.009700074472925858,0.00230094745462472,0.0003699872732429002
5,3,SITTING,0.0025865274440581695,-0.0026882076686440457,-0.036527911114833105,-0.010263841083811906,0.009175014609443068,-0.7837101536147849
5,3,STANDING,0.05821643781892278,-0.016118698642744924,-0.1932647411817482,-0.029190353552924826,0.051679040142030744,-0.058161332723493636
5,3,WALKING,0.12091141396411144,-0.014030689718552085,0.10219842228026084,-0.17595847569718093,0.12007135751175418,-0.006250538978690869
5,3,WALKING_DOWNSTAIRS,0.05277120342425269,-0.08584540132640371,0.06159642680989808,-0.01184302294853854,0.0826607875910073,0.006046423311610141
5,3,WALKING_UPSTAIRS,0.043077550087968035,0.3037337053541972,0.1650370390606298,-0.41289599330980425,0.18480945167418517,-0.24786878290320452
5,4,LAYING,0.00486412711597522,0.00046049988315236543,0.004577612817923224,-0.012042508915873322,0.000526647206039053,0.005048417273887543
5,4,SITTING,0.011249512081902915,0.003940628325124477,-0.0642228865270716,-0.03454645086024267,0.006935899670510098,-0.7519281312616523
5,4,STANDING,0.060038568081043825,-0.014165587276594787,-0.23744736488624033,-0.03799671416080564,0.054725261693608036,-0.02936921721445154
5,4,WALKING,0.05904876167303367,-0.07403011915475695,0.03097432220367288,-0.010723342730504735,0.04481861511266301,0.047856820217977034
5,4,WALKING_DOWNSTAIRS,0.10822171113182269,-0.257369047916347,0.03480817837688828,0.07970899510661361,0.04666231353583461,0.1183899838620494
5,4,WALKING_UPSTAIRS,0.0,0.0,0.0,0.0,0.0,0.0
5,5,LAYING,0.0,0.0,0.0,0.0,0.0,0.0
5,5,SITTING,0.0,0.0,0.0,0.0,0.0,0.0
5,5,STANDING,0.08171889222389456,-0.03983740727248185,-0.2807161787827043,-0.08161077671645053,0.06057736946602628,0.31778315899677356
5,5,WALKING,0.018302812933148113,-0.027795355334910454,0.012486807711983674,0.004582709526669037,0.014525647148811332,0.015422194165068697
5,5,WALKING_DOWNSTAIRS,0.08805214761849861,-0.23374116830555486,0.028712064447471715,0.07684807871021254,0.04704055840965687,0.09453231863433666
5,5,WALKING_UPSTAIRS,0.0,0.0,0.0,0.0,0.0,0.0
5,Aggregated,LAYING,0.0055588972859858974,0.0009079270119162264,0.003856731452139726,-0.011246890801929942,0.0027107616256210085,-0.0015726084173023945
5,Aggregated,SITTING,0.00209101227522563,0.0038144078084806927,-0.055545234233877305,-0.018901280242191173,0.01705918747671033,-0.769565779248313
5,Aggregated,STANDING,0.06510989504302785,-0.018976950393293678,-0.24202488642390818,-0.0577263012595232,0.06089585238075184,0.017496205143678244
5,Aggregated,WALKING,0.07749085379849018,-0.02624646125261324,0.0606562290483299,-0.09249350652847645,0.06789710115763813,0.017554300048665032
5,Aggregated,WALKING_DOWNSTAIRS,0.04932703519945051,-0.10009737065450651,0.05852718075419721,-0.011277616256328438,0.07414562164119742,0.00865549338506643
5,Aggregated,WALKING_UPSTAIRS,0.04124900147562483,0.30300722813037956,0.16961577918240467,-0.41803123293920513,0.1859570089246703,-0.24970241567713075
5,Centralized,LAYING,0.0055588972859858974,0.0009079270119162264,0.003856731452139726,-0.011246890801929942,0.0027107616256210085,-0.0015726084173023945
5,Centralized,SITTING,0.00209101227522563,0.0038144078084806927,-0.055545234233877305,-0.018901280242191173,0.01705918747671033,-0.769565779248313
5,Centralized,STANDING,0.06510989504302785,-0.018976950393293678,-0.24202488642390818,-0.0577263012595232,0.06089585238075184,0.017496205143678244
5,Centralized,WALKING,0.07749085379849018,-0.02624646125261324,0.0606562290483299,-0.09249350652847645,0.06789710115763813,0.017554300048665032
5,Centralized,WALKING_DOWNSTAIRS,0.04932703519945051,-0.10009737065450651,0.05852718075419721,-0.011277616256328438,0.07414562164119742,0.00865549338506643
5,Centralized,WALKING_UPSTAIRS,0.04124900147562483,0.30300722813037956,0.16961577918240467,-0.41803123293920513,0.1859570089246703,-0.24970241567713075
6,0,LAYING,0.002927927722269931,0.005115602574129923,0.006163111733225949,0.0004022470070278231,0.00580723788439397,-0.005434853512807887
6,0,SITTING,0.13910908178858616,0.3373729244411295,0.3515402834404348,0.27112511228561387,0.15977545470846857,-0.3291824947444858
6,0,STANDING,0.11174872165754086,0.05401665769269065,0.10824298034691476,0.031770584307873724,0.13167433975577392,0.07599101841590286
6,0,WALKING,0.04323017662744228,0.004662127891714254,0.029678712786005434,0.00221514091536513,0.027092874694813734,-0.05592361890260203
6,0,WALKING_DOWNSTAIRS,0.0786142024132453,-0.1931319569176862,0.04395395391089491,0.04075497225164905,0.07076126783830328,0.026852943526368012
6,0,WALKING_UPSTAIRS,0.14608390733828094,0.15658332219434298,0.13245016386946837,-0.22624773173763593,0.12907023134059184,-0.21559946747313546
6,1,LAYING,0.0013588331819882709,0.013699147198680069,0.009074446399010058,0.002378580172056172,0.0032298443943429606,-0.023206635010536717
6,1,SITTING,0.1326242285097438,0.32318493586299224,0.32966898146332585,0.24748564968108924,0.1514602371521283,-0.28699279554338686
6,1,STANDING,0.1027036428397037,-0.013356213730025083,0.004588210114606269,-0.036138167987812116,0.11326157958461695,0.19434228212588225
6,1,WALKING,0.07713002698255328,0.04935060913385537,0.05434425521190457,-0.03465554018280926,0.03986677579568268,-0.1223092421616708
6,1,WALKING_DOWNSTAIRS,0.1281637852040688,0.21061206121693635,0.0840260949010336,-0.11617573747626751,0.0673548895611359,0.015629296203482402
6,1,WALKING_UPSTAIRS,0.14802436810497704,0.24326022218644852,0.15149090612343136,-0.26227715565702525,0.14543892886608029,-0.2256915693782137
6,2,LAYING,0.004653111987867284,-0.0010719011200058155,0.002548553737698702,0.008734421336004364,0.0014463657844608236,0.003687021384034125
6,2,SITTING,0.14593792946563738,0.27018417419860585,0.2741867693914675,0.20607882154143833,0.15603169459836977,-0.20554005493754118
6,2,STANDING,0.10407089066617768,-0.10333228919031594,-0.08725248608315625,-0.11045583830855317,0.10943288032392338,0.3154893233745942
6,2,WALKING,0.1339294300017241,0.0865677618465278,0.08160454602474677,-0.06479854373793871,0.09374902698475324,-0.2283806653314423
6,2,WALKING_DOWNSTAIRS,0.09805927475255144,-0.1074542058760722,0.062176167279624495,-0.01887889577912504,0.08509014766774683,0.009748454935427591
6,2,WALKING_UPSTAIRS,0.15088419169535838,0.20551075326355286,0.13645585446390943,-0.2499572698445715,0.14606131236051423,-0.21539008893476017
6,3,LAYING,0.007055305648575542,-0.0009431162881853473,0.0006969507949089441,0.013353386292856236,1.3046521048968678e-05,-0.005827042536434211
6,3,SITTING,0.14309440250144997,0.24501964525684272,0.2731102510357323,0.21075801493809368,0.16877412224129973,-0.2143101549816823
6,3,STANDING,0.10945520791735315,-0.11887972785578436,-0.06089914205713411,-0.09378330928241524,0.11320351726751025,0.23102041307479737
6,3,WALKING,0.11128113433890824,0.007080484230756889,0.06943606394296206,-0.04845994586925749,0.07897365893353563,-0.18059379402951647
6,3,WALKING_DOWNSTAIRS,0.07179950227273466,-0.21839049606700311,0.028731409249058936,0.03842880324425032,0.06342732202596571,0.033769751772772645
6,3,WALKING_UPSTAIRS,0.14488141625936876,0.1764192889797238,0.1311034468713957,-0.22385271079066255,0.13505917732285527,-0.19497032301826037
6,4,LAYING,0.0039937861409211515,-0.002092899809290927,0.0010404109497772966,0.008352512530834936,-0.00044525402621353554,0.00598534236888715
6,4,SITTING,0.15692714345333098,0.26552529212390574,0.26188449048925416,0.1948351330840583,0.1728725861487787,-0.16015275340743712
6,4,STANDING,0.10249846510094886,-0.08189338948899288,-0.060453554962625305,-0.08306600623230011,0.09715036515684695,0.2854267710285318
6,4,WALKING,0.03381464280556128,-0.06326777481674989,0.003626491801301307,0.028224459611817045,0.02537773996643338,-0.04262882925083463
6,4,WALKING_DOWNSTAIRS,0.044199468277240354,-0.3050971528945541,-0.017781389133243303,0.13553082673671413,0.02312372969413244,0.05331329902642494
6,4,WALKING_UPSTAIRS,0.0,0.0,0.0,0.0,0.0,0.0
6,5,LAYING,0.0,0.0,0.0,0.0,0.0,0.0
6,5,SITTING,0.0,0.0,0.0,0.0,0.0,0.0
6,5,STANDING,0.06991978800651744,-0.25943968028822556,-0.23483838580213715,-0.22330066267879936,0.07036077454457781,0.47468247205307584
6,5,WALKING,0.012348751064415813,-0.027496246553400897,0.0049086920800627196,0.011990891137667142,0.005378089494890029,-0.006609705329117197
6,5,WALKING_DOWNSTAIRS,0.04927651889303518,-0.27802391282318634,-0.005064908239717401,0.1270812710080636,0.02181612598524407,0.04736826338551651
6,5,WALKING_UPSTAIRS,0.0,0.0,0.0,0.0,0.0,0.0
6,Aggregated,LAYING,0.003901683458039781,0.0023101958365753824,0.0036833651980677927,0.006275377664861377,0.0020580542618888684,-0.0030785959346305743
6,Aggregated,SITTING,0.1468734360558077,0.25039928850802307,0.26316852116415196,0.19650611902482806,0.1640892641003685,-0.17865207605605266
6,Aggregated,STANDING,0.09918847614513542,-0.12623744982590346,-0.09728505098097359,-0.11787175281906327,0.10421428736650148,0.32166704392606055
6,Aggregated,WALKING,0.06101437450636183,-0.0009437350582754361,0.03432696447952854,-0.007076351632013317,0.03975964665737331,-0.09225291061478215
6,Aggregated,WALKING_DOWNSTAIRS,0.0718343994724073,-0.2090942007940657,0.02598312590926488,0.04311573838664334,0.05760173513645726,0.03209488014138902
6,Aggregated,WALKING_UPSTAIRS,0.1449565363279802,0.15894645113623687,0.12863011436776384,-0.2157292784500619,0.13196072193063438,-0.18941080355042395
6,Centralized,LAYING,0.003901683458039781,0.0023101958365753824,0.0036833651980677927,0.006275377664861377,0.0020580542618888684,-0.0030785959346305743
6,Centralized,SITTING,0.1468734360558077,0.25039928850802307,0.26316852116415196,0.19650611902482806,0.1640892641003685,-0.17865207605605266
6,Centralized,STANDING,0.09918847614513542,-0.12623744982590346,-0.09728505098097359,-0.11787175281906327,0.10421428736650148,0.32166704392606055
6,Centralized,WALKING,0.06101437450636183,-0.0009437350582754361,0.03432696447952854,-0.007076351632013317,0.03975964665737331,-0.09225291061478215
6,Centralized,WALKING_DOWNSTAIRS,0.0718343994724073,-0.2090942007940657,0.02598312590926488,0.04311573838664334,0.05760173513645726,0.03209488014138902
6,Centralized,WALKING_UPSTAIRS,0.1449565363279802,0.15894645113623687,0.12863011436776384,-0.2157292784500619,0.13196072193063438,-0.18941080355042395
7,0,LAYING,0.0019437286507202932,0.0012323880968753908,0.0031838226982953757,-0.00018266342112888134,-0.00014201621190977265,-0.013442357817669818
7,0,SITTING,0.015974888720348412,0.016683385096719378,0.010314709750315754,0.012059695939261489,0.0015677008468856992,-0.9390120547006883
7,0,STANDING,0.07443030059169867,0.04517123604966079,-0.1542615496674392,-0.06047457499000562,0.04527658735417459,-0.45529057244782667
7,0,WALKING,0.047542798868986554,-0.02184275111799855,0.030268878484020486,-0.05283539917048222,0.001336969875021559,-0.08442553628012463
7,0,WALKING_DOWNSTAIRS,0.05926729267692669,-0.13879370624325632,0.04448941524233658,-0.042723342754153244,0.056585479602697636,-0.013368464051483567
7,0,WALKING_UPSTAIRS,0.1750065495607927,0.22356968385673642,0.11968282159745836,-0.4519661635377579,0.10361515012787134,-0.3843537302949092
7,1,LAYING,-0.0014217968990784516,-0.010078381633525594,0.0028346780159543856,0.004115854241622714,0.004753151441998585,-0.013185961307322512
7,1,SITTING,0.013207722268592015,0.009011200092388578,-0.00836831907139581,0.0053125356239934075,0.008413175185638881,-0.8951619448427418
7,1,STANDING,0.0424619227741255,0.012461879508410996,-0.17090707588588563,-0.06122480638598171,0.05291286755003432,-0.23320552437178474
7,1,WALKING,0.06949380604951627,0.0012099339941688684,0.052221258939140466,-0.08500973522816775,-0.00948026227055297,-0.1477679874142774
7,1,WALKING_DOWNSTAIRS,0.0375049217188958,0.12481418536420903,0.009840699980468324,-0.32498615383077684,0.1087021841079843,-0.21151493508514296
7,1,WALKING_UPSTAIRS,0.15612539124616365,0.24929854879388058,0.10013198830126722,-0.4417644136520889,0.10048274934092707,-0.3763954761513642
7,2,LAYING,0.003944976281599223,0.008865034639453394,0.002591752662159786,0.0002293973854916946,-0.0074591792528526605,-0.013097854503991016
7,2,SITTING,0.01789671123761172,-0.000271679775852122,-0.043705958804568415,-0.023539811182249,0.015758486960802964,-0.8130170826937196
7,2,STANDING,0.06737752463166495,-0.0051943270822633345,-0.20548757868019962,-0.10335349682531116,0.07621877733311352,-0.05060534853253948
7,2,WALKING,0.11965700502253364,0.0046102248623662015,0.06635726351269981,-0.14380543083448247,-0.00910783463798826,-0.2064068800990418
7,2,WALKING_DOWNSTAIRS,0.05362968886440272,-0.030096286505156368,0.03331424443846601,-0.14668731274265762,0.06511408492135601,-0.08244814412766432
7,2,WALKING_UPSTAIRS,0.15215324111824804,0.22105202953270708,0.094956325287969,-0.4656529347202792,0.10350576662666723,-0.3867220379921748
7,3,LAYING,0.005921390368872117,0.006553983444030303,-0.00018305503840907857,-0.0004210685822621814,-0.0033292419160005334,-0.015434807115338215
7,3,SITTING,0.008269312014861712,0.0020747688149947343,-0.03512101369503901,-0.012157260005677259,0.01321250969107776,-0.8027245978119524
7,3,STANDING,0.047184731660109204,0.008873938304823211,-0.1512503256667926,-0.04256111276525909,0.04730225570622129,-0.07481894831694591
7,3,WALKING,0.11355622395915031,-0.0385524625467816,0.0642796671353949,-0.0829314596041531,-0.009425368912080475,-0.14703814492835096
7,3,WALKING_DOWNSTAIRS,0.06636498056119175,-0.11707098351951883,0.049946688873921605,-0.04125252070407392,0.05617201981353429,-0.011771768843535006
7,3,WALKING_UPSTAIRS,0.14946542946299127,0.20884173673460316,0.10287408828426475,-0.4120378584800737,0.08867763330694566,-0.3430605719342921
7,4,LAYING,0.0015767639040762445,0.006815744622572109,0.0008193708850695683,-0.00038424522229847506,-0.00638533381985449,-0.012475303669894898
7,4,SITTING,0.01534514946217193,-0.0023346757651815215,-0.07106389932198821,-0.04739867948805882,0.01468725843316997,-0.8011270452120057
7,4,STANDING,0.049138995511814304,-0.0007974491204825802,-0.1762322952878343,-0.09273704550866567,0.05956486436240787,-0.08793305389298238
7,4,WALKING,0.04531415143789286,-0.08603866728748426,0.029845904020308782,0.03562942337527114,-0.010180978646263735,-0.01621941461293362
7,4,WALKING_DOWNSTAIRS,0.06353367409839769,-0.2274420521921334,0.058143033982672024,0.09716600813886712,0.010709942730479004,0.04790561312434425
7,4,WALKING_UPSTAIRS,0.0,0.0,0.0,0.0,0.0,0.0
7,5,LAYING,0.0,0.0,0.0,0.0,0.0,0.0
7,5,SITTING,0.0,0.0,0.0,0.0,0.0,0.0
7,5,STANDING,0.05588900951508317,-0.018590375560963247,-0.2154080564833556,-0.1151403512840666,0.08704348263383885,0.308821985344454
7,5,WALKING,0.010498229287261535,-0.026608702844973894,0.006877098895944441,0.016388048170062532,-0.002400246788585649,-0.0002430205229094799
7,5,WALKING_DOWNSTAIRS,0.05018611499518941,-0.20941638963827974,0.03937272432051632,0.09208482953090967,0.016429526945415694,0.05143524810981478
7,5,WALKING_UPSTAIRS,0.0,0.0,0.0,0.0,0.0,0.0
7,Aggregated,LAYING,0.002288239291640882,0.003386651980807267,0.0018823359033823077,0.00040580048191549514,-0.003032460017438269,-0.013325207705146188
7,Aggregated,SITTING,0.021972584410769238,-0.000802266533321684,-0.04983063565917474,-0.027263912235578905,0.02322430757113043,-0.7859260868319289
7,Aggregated,STANDING,0.05717985938292443,-0.002923406185001467,-0.19374651610589433,-0.0932459899712824,0.07160213257999316,-0.013740698826763436
7,Aggregated,WALKING,0.06430985015667315,-0.034817519113319755,0.04173964474567643,-0.04260676043040041,-0.006470818349921514,-0.09618691733391115
7,Aggregated,WALKING_DOWNSTAIRS,0.06280677173284814,-0.12466996837572064,0.04948059101625226,-0.030948822262356054,0.04895333977006387,-0.007408740544629863
7,Aggregated,WALKING_UPSTAIRS,0.15497445361155193,0.2036670561695491,0.10636735353452599,-0.4224373029070599,0.09910131135464759,-0.3531505949253746
7,Centralized,LAYING,0.002288239291640882,0.003386651980807267,0.0018823359033823077,0.00040580048191549514,-0.003032460017438269,-0.013325207705146188
7,Centralized,SITTING,0.021972584410769238,-0.000802266533321684,-0.04983063565917474,-0.027263912235578905,0.02322430757113043,-0.7859260868319289
7,Centralized,STANDING,0.05717985938292443,-0.002923406185001467,-0.19374651610589433,-0.0932459899712824,0.07160213257999316,-0.013740698826763436
7,Centralized,WALKING,0.06430985015667315,-0.034817519113319755,0.04173964474567643,-0.04260676043040041,-0.006470818349921514,-0.09618691733391115
7,Centralized,WALKING_DOWNSTAIRS,0.06280677173284814,-0.12466996837572064,0.04948059101625226,-0.030948822262356054,0.04895333977006387,-0.007408740544629863
7,Centralized,WALKING_UPSTAIRS,0.15497445361155193,0.2036670561695491,0.10636735353452599,-0.4224373029070599,0.09910131135464759,-0.3531505949253746
8,0,LAYING,0.0023209822711625348,0.012402243298777201,0.0026865955905190156,0.006290639378113556,-0.001402624971912849,-0.014890737561842058
8,0,SITTING,0.20613718907425266,0.2449317569263221,0.31075232108409956,0.18286995766860667,0.19041499876545925,-0.22215296882236607
8,0,STANDING,0.0708172137079574,0.05228207138828741,-0.05397638861078722,0.10846602924268542,0.14259493601298903,0.2845318109357057
8,0,WALKING,0.05954765938903446,-0.015522451077357871,0.06117289759473022,-0.050648427639472346,0.052925570300629055,-0.03316400508282734
8,0,WALKING_DOWNSTAIRS,0.0975372144409907,-0.31385820440303513,0.019770683717502242,0.05221045799792367,0.0832415538851751,0.051990826237580716
8,0,WALKING_UPSTAIRS,0.16475556245284964,0.10408965092221925,0.17143745915115322,-0.2078916473149475,0.1590226170166989,-0.16509785275428907
8,1,LAYING,0.004698248641208001,0.02148077350350791,0.011228937111254613,0.014107111323623949,-0.0035475254499113536,-0.028363165051972044
8,1,SITTING,0.19330489102872553,0.2338515070985174,0.27599484011954506,0.18003046119091345,0.18697514284187583,-0.18826232496438833
8,1,STANDING,-0.010380839933413212,-0.004280008560153484,-0.15627065984404784,0.07098713675584754,0.08781287779279143,0.3292800662566969
8,1,WALKING,0.07764525252958968,0.049392460049924314,0.09874178703807251,-0.09742164973868071,0.06218789839363408,-0.06938738966211173
8,1,WALKING_DOWNSTAIRS,0.08457411012033163,0.18792803663717475,0.12313556984470818,-0.07164746106447467,0.0634778104893681,-0.036590873044651404
8,1,WALKING_UPSTAIRS,0.14579987707814135,0.14981726952786598,0.17421868585321815,-0.21767136093823308,0.14085559283420268,-0.18089885223398522
8,2,LAYING,0.0032548452000914748,-0.0016383886200997493,0.0031833792258822904,0.004264600424283045,0.003776329335245132,-0.003036843996774784
8,2,SITTING,0.16007851854982585,0.18027156843189082,0.22807627728462088,0.18279683938152627,0.1854129173909419,-0.10590585510381148
8,2,STANDING,-0.06676126490725277,-0.09860407283199886,-0.24223594970948414,0.0728476239944733,0.0676430441609019,0.4279964685035868
8,2,WALKING,0.1627057015507208,0.012221236111043835,0.18411972372104374,-0.1737329227887927,0.13255215634920703,-0.1292944663717951
8,2,WALKING_DOWNSTAIRS,0.11206205986446549,-0.1946120484470369,0.048595296049172544,0.012191510893499272,0.11157803069288662,0.021906762668625096
8,2,WALKING_UPSTAIRS,0.16790837404765643,0.1419170095278872,0.18956070068203446,-0.20779794272792892,0.16129787749523078,-0.17012061928700264
8,3,LAYING,0.006149964975598146,0.00027211475463893576,0.00793846938199742,0.00725420543983635,0.00597306849773211,-0.0071833125790674085
8,3,SITTING,0.17102115862332506,0.18638543140050368,0.20604890196594744,0.17864646393835332,0.1790517530019728,-0.10686799464438682
8,3,STANDING,-0.028574410412642835,-0.0753137476815213,-0.29099714083092715,0.05152902616067744,0.04923725658293365,0.373674191545039
8,3,WALKING,0.1393880022186358,-0.0514890087494336,0.12926572846651782,-0.1243645083012449,0.1018397550887248,-0.08842258936233546
8,3,WALKING_DOWNSTAIRS,0.08722199089173704,-0.2925947797937938,0.008456189175159072,0.05590443514423429,0.0827737025369743,0.05258247649020667
8,3,WALKING_UPSTAIRS,0.15559023736923294,0.09170375229393486,0.15765656071286296,-0.18568296884313287,0.13690835641100238,-0.15663597244648805
8,4,LAYING,0.003677701759591193,-0.002527137334447202,0.0030933841762384785,0.0016983354119841148,0.0035352950913302397,0.0038557542286364703
8,4,SITTING,0.16706751805038983,0.1674006292590653,0.21234603696274243,0.1948040785677483,0.18738972604506354,-0.058419753590893485
8,4,STANDING,-0.05045289902407906,-0.08422513643538326,-0.2236054626133477,0.07808512221428413,0.058695954173645516,0.3999061775534245
8,4,WALKING,0.04982519373845332,-0.10566351396934479,0.0238584646884165,-0.0037852158078666123,0.04563148633849977,-0.00418325136040536
8,4,WALKING_DOWNSTAIRS,0.07229798361543233,-0.34058162818272864,-0.024899319378598014,0.09995500638399699,0.05049977774782185,0.08804357114803046
8,4,WALKING_UPSTAIRS,0.0,0.0,0.0,0.0,0.0,0.0
8,5,LAYING,0.0,0.0,0.0,0.0,0.0,0.0
8,5,SITTING,0.0,0.0,0.0,0.0,0.0,0.0
8,5,STANDING,-0.14802101892318484,-0.21570422582798582,-0.39502150281195103,0.010257800049309495,-0.01161955536914794,0.5202894983580753
8,5,WALKING,0.013890162921237452,-0.0348609670484639,0.008131805427298912,0.003950640303877346,0.011557125393382052,-0.00266876699733179
8,5,WALKING_DOWNSTAIRS,0.06715855501056377,-0.301603917468501,-0.02352568858323187,0.10329452674110122,0.05232119933428199,0.07540811197206236
8,5,WALKING_UPSTAIRS,0.0,0.0,0.0,0.0,0.0,0.0
8,Aggregated,LAYING,0.00376054963123245,0.0051946246556772565,0.004817752116565372,0.005895863099193581,0.001685359830645245,-0.008296235017115084
8,Aggregated,SITTING,0.1520077617948859,0.16650072591831067,0.19648962270663448,0.17903603065136045,0.17531551202609347,-0.08310802276071184
8,Aggregated,STANDING,-0.06707381157352327,-0.11152065979568374,-0.2688821662664198,0.05885351010920538,0.05117144552450051,0.4232660143695404
8,Aggregated,WALKING,0.07607918987609553,-0.029036875147776944,0.07439838749709712,-0.061545972687894114,0.06261012395363612,-0.045075507769129185
8,Aggregated,WALKING_DOWNSTAIRS,0.08812213304017794,-0.28155760525241597,0.008243017451328898,0.05597706998737626,0.07702828620270599,0.05183528776989323
8,Aggregated,WALKING_UPSTAIRS,0.15595632374779608,0.08622141747596773,0.15360571754937843,-0.17910747359550663,0.1412762823652771,-0.14744746476343115
8,Centralized,LAYING,0.00376054963123245,0.0051946246556772565,0.004817752116565372,0.005895863099193581,0.001685359830645245,-0.008296235017115084
8,Centralized,SITTING,0.1520077617948859,0.16650072591831067,0.19648962270663448,0.17903603065136045,0.17531551202609347,-0.08310802276071184
8,Centralized,STANDING,-0.06707381157352327,-0.11152065979568374,-0.2688821662664198,0.05885351010920538,0.05117144552450051,0.4232660143695404
8,Centralized,WALKING,0.07607918987609553,-0.029036875147776944,0.07439838749709712,-0.061545972687894114,0.06261012395363612,-0.045075507769129185
8,Centralized,WALKING_DOWNSTAIRS,0.08812213304017794,-0.28155760525241597,0.008243017451328898,0.05597706998737626,0.07702828620270599,0.05183528776989323
8,Centralized,WALKING_UPSTAIRS,0.15595632374779608,0.08622141747596773,0.15360571754937843,-0.17910747359550663,0.1412762823652771,-0.14744746476343115
9,0,LAYING,-0.0032535519149210477,0.001557496842054701,0.004294001290048615,-0.0043035222829111534,0.004127244754527552,-0.013491165151553545
9,0,SITTING,-0.002969580522047619,0.005928178367417185,0.009773643798025864,0.003551045330664673,0.006163696618140566,-0.9587794694991338
9,0,STANDING,-0.011097655723668958,-0.02997329712661644,0.008887586833868175,0.002906062112060352,0.003311635417673279,-0.5799694591875724
9,0,WALKING,0.050353239599048735,-0.006133965466863774,0.015831576201485325,-0.08307876348970722,0.008998288881137703,-0.009546325092189254
9,0,WALKING_DOWNSTAIRS,0.08491171573371221,-0.10536636790575903,0.04644840641629866,-0.011935279285856588,0.05694956810886739,0.0036731955484020436
9,0,WALKING_UPSTAIRS,0.16543688748856175,0.1663297920488838,0.12025277943146125,-0.3734355575521734,0.09778982754745996,-0.24663076690788818
9,1,LAYING,-0.010836913163662238,0.0009121711082746481,0.007402870386816074,-0.00890614088594162,0.012725793261220768,-0.03974766163331521
9,1,SITTING,-0.006113166607888771,0.0018666359351955841,0.00924258169645119,0.002271087173876754,0.0032647948054184413,-0.9222720567006069
9,1,STANDING,0.01072270940984203,-0.035892677625089305,0.008234526473069445,0.022187704240936364,0.00525736004365952,-0.32360573406112647
9,1,WALKING,0.08309321767793344,0.0032041888427859636,0.02279765707420556,-0.12291887553659477,-0.006413284340176294,-0.030215278686739375
9,1,WALKING_DOWNSTAIRS,0.008919151554292381,0.13603894939629751,0.07730726497360486,-0.2941548029709598,0.09521718464935133,-0.26142298569782485
9,1,WALKING_UPSTAIRS,0.16061437280871071,0.19157993297612638,0.11198165942471837,-0.36386606066199545,0.08041541865901518,-0.2631893073099019
9,2,LAYING,0.004441678617705991,-0.00011083002490987852,0.0010543353806943317,0.00504443923638816,-0.002988277635571223,-0.012319394354795184
9,2,SITTING,0.022513747403407378,-0.0160472689449088,0.00046357100881963125,0.017943042684243633,0.009894421160258907,-0.8654977792468153
9,2,STANDING,0.04515626773473186,-0.06451917955767918,-0.011630479688534059,0.02691237674448443,0.019591585779740205,-0.17405911628897763
9,2,WALKING,0.14986864166655972,-0.005970879844072515,0.031693078999084245,-0.22000221417149154,0.0061475431009026145,-0.05372223246875311
9,2,WALKING_DOWNSTAIRS,0.0701111888451879,-0.0414119755565666,0.07072299691273788,-0.09519749590876807,0.0610503077830319,-0.0920607363613374
9,2,WALKING_UPSTAIRS,0.16045416674160612,0.17623545257606638,0.11689144234145206,-0.3749504258260619,0.08914328991626366,-0.26386774964036813
9,3,LAYING,0.007611066797133715,0.0029020952634034565,-0.0020433306523344927,0.007489790770702235,-0.009949481349154542,-0.019255173942333077
9,3,SITTING,0.010232579566609943,-0.003970856549954081,-0.003831784990490408,0.011048055610404154,0.00198690980330448,-0.8297506177255898
9,3,STANDING,0.04697000224932644,-0.022198684100188285,-0.01336052975014198,0.023351750547686154,0.01872045154110541,-0.12142724135886761
9,3,WALKING,0.13531264513613103,-0.035789327836101184,0.030362113869683943,-0.13921301064834155,0.009032378227608955,-0.02529115269354437
9,3,WALKING_DOWNSTAIRS,0.06722628814968636,-0.0976878100911518,0.051379774438178455,-0.013062051895904368,0.0556868314926476,-0.011748974084111938
9,3,WALKING_UPSTAIRS,0.1522485357706944,0.15602587788932704,0.11092951856319214,-0.33882162877252187,0.08152754547767088,-0.23346416186198715
9,4,LAYING,0.004246944632074733,0.0011129956808709689,-0.0018503597826381936,0.004800288860211567,-0.005947966065126864,-0.002361903325392206
9,4,SITTING,0.027806838483256987,-0.015146140718073606,-0.00176481578690356,0.027660775381147633,0.010827035426469688,-0.8673403491326476
9,4,STANDING,0.03487002914162118,-0.044063977234903726,-0.011688396198188148,0.031002634061766548,0.015003844160103924,-0.17527930222832308
9,4,WALKING,0.05164648896457632,-0.07128720364970653,0.008313704924696196,0.013531979447552875,0.00505643883908658,0.04320380182978167
9,4,WALKING_DOWNSTAIRS,0.05787499921472768,-0.18888533649371414,0.02574061526060684,0.08144149856186854,0.03270749422755184,0.09832005164567309
9,4,WALKING_UPSTAIRS,0.0,0.0,0.0,0.0,0.0,0.0
9,5,LAYING,0.0,0.0,0.0,0.0,0.0,0.0
9,5,SITTING,0.0,0.0,0.0,0.0,0.0,0.0
9,5,STANDING,0.05562395789563761,-0.06166702471147809,-0.01710510559879524,0.03409737353103996,0.03650891098221703,0.19236089242626547
9,5,WALKING,0.01207041602466548,-0.02797635545775954,0.002315314607672624,0.007526390908659265,0.0017976548550001506,0.014906688016477772
9,5,WALKING_DOWNSTAIRS,0.04343009234299408,-0.1766015665278986,0.008758831228894986,0.07145312954309704,0.024500158897639797,0.08112890718482459
9,5,WALKING_UPSTAIRS,0.0,0.0,0.0,0.0,0.0,0.0
9,Aggregated,LAYING,0.000729985206355429,0.0011958868350002054,0.001525531620577577,0.0009951607919265954,-0.0007526446673921821,-0.014733289258760203
9,Aggregated,SITTING,0.020956306452011225,-0.015840739379242054,-0.0003818633126484718,0.017470242273914124,0.015305218660310203,-0.8355585049123603
9,Aggregated,STANDING,0.04309359905627396,-0.05141323485859165,-0.011398898080475069,0.029203700033270413,0.024397969251114565,-0.11521099780726715
9,Aggregated,WALKING,0.07225314291126278,-0.02873810113945856,0.018343688016312906,-0.07853331905782525,0.004224773456697219,-0.0027708843391961377
9,Aggregated,WALKING_DOWNSTAIRS,0.06693537476270509,-0.10340709441057881,0.04777093095689941,-0.007323961051537539,0.05427353905695455,-0.0011768798698596288
9,Aggregated,WALKING_UPSTAIRS,0.15608475958859053,0.15206832146210975,0.11451782775335523,-0.3403010135481412,0.0888973426255276,-0.23605340712620845
9,Centralized,LAYING,0.000729985206355429,0.0011958868350002054,0.001525531620577577,0.0009951607919265954,-0.0007526446673921821,-0.014733289258760203
9,Centralized,SITTING,0.020956306452011225,-0.015840739379242054,-0.0003818633126484718,0.017470242273914124,0.015305218660310203,-0.8355585049123603
9,Centralized,STANDING,0.04309359905627396,-0.05141323485859165,-0.011398898080475069,0.029203700033270413,0.024397969251114565,-0.11521099780726715
9,Centralized,WALKING,0.07225314291126278,-0.02873810113945856,0.018343688016312906,-0.07853331905782525,0.004224773456697219,-0.0027708843391961377
9,Centralized,WALKING_DOWNSTAIRS,0.06693537476270509,-0.10340709441057881,0.04777093095689941,-0.007323961051537539,0.05427353905695455,-0.0011768798698596288
9,Centralized,WALKING_UPSTAIRS,0.15608475958859053,0.15206832146210975,0.11451782775335523,-0.3403010135481412,0.0888973426255276,-0.23605340712620845
10,0,LAYING,0.0025972774328221057,0.002218505614576046,0.0025972774328221057,0.0016567132939826275,0.0024114090220668924,-0.000411686333514875
10,0,SITTING,0.24112082155369435,0.2263484507512186,0.10707152841679546,0.2825117983741624,0.23554897098669464,-0.1567835315733907
10,0,STANDING,0.1658968767875794,0.16881661412778468,0.07361757559242105,-0.04668307889455477,0.16801652786226856,0.09185502778317416
10,0,WALKING,0.0163016807675488,0.009745660331774562,0.03841726449955929,-0.00814027007304173,0.030687629928614454,-0.004306486002400723
10,0,WALKING_DOWNSTAIRS,0.02940554353830434,-0.17480096011991306,0.06827399211987559,0.024791715314599512,0.0411524552615736,0.0061758646107618375
10,0,WALKING_UPSTAIRS,0.09696091656810447,0.1256589176858216,0.13372570555728966,-0.17383861176501883,0.1167946226573229,-0.1524707253501232
10,1,LAYING,0.008423288605331722,0.008754384802199727,0.006857293079604651,0.008870715898396598,0.008199574958799284,0.004056032978248678
10,1,SITTING,0.2302297126357037,0.22557990548184048,0.11024438819666972,0.25071449938594864,0.22867147097755872,-0.1243775642352605
10,1,STANDING,0.06953924981612075,0.12069603539230993,0.01692552788543974,-0.15564036286833616,0.08682332256448885,0.19939948429430537
10,1,WALKING,0.011824726592692425,0.06692455461946595,0.05074408422515092,-0.04888734484868065,0.03963891918850107,-0.034205128357538354
10,1,WALKING_DOWNSTAIRS,0.11459024529045314,0.1718059089287795,0.021760753000158957,-0.24673311002699758,0.14322683365701117,-0.133222059420835
10,1,WALKING_UPSTAIRS,0.09317359453490069,0.17819771789708164,0.1344210455699738,-0.22714538510824842,0.11720722609122321,-0.1888110903024766
10,2,LAYING,0.003131389094006804,-0.0018818151047776714,0.0039547944303493544,-0.0024767096193354246,0.0016462880462847994,0.0005041019339599473
10,2,SITTING,0.19871767410401225,0.21100274643447506,0.07690482557335354,0.19810578653614044,0.20131613669921408,-0.044882120803505475
10,2,STANDING,-0.00023446453606476987,0.07652788168035665,-0.013364354826533807,-0.234146734444527,0.03260507367423273,0.3257412592654084
10,2,WALKING,0.0367368750267436,0.11220691582046563,0.18320996404631856,-0.09438152225562017,0.11323636333578896,-0.05740528258207101
10,2,WALKING_DOWNSTAIRS,0.07137843666064027,-0.07354351797149318,0.06836181107214803,-0.03179899381316209,0.07552022144056081,-0.029302015359708868
10,2,WALKING_UPSTAIRS,0.0972483373721606,0.16480515440862695,0.1591918054461577,-0.22007947589938207,0.13043479431541452,-0.18268377109962874
10,3,LAYING,0.008346705947576761,-0.0004097819450962733,0.007457806364525699,-0.0027620345420012165,0.005597943832064353,0.001636910011804844
10,3,SITTING,0.20778902849834996,0.2075173628224603,0.08464889465281357,0.20960608874686504,0.20985437393987078,-0.06670257036578607
10,3,STANDING,0.029489169487292872,0.07362042305417256,0.019270004359150696,-0.1891050712298319,0.03923233009963144,0.1936516808149504
10,3,WALKING,0.02392097299359722,0.06333350879183051,0.13134326641484353,-0.07615682289048527,0.09383670498040511,-0.060042650316893466
10,3,WALKING_DOWNSTAIRS,0.042267164712373344,-0.16232172021415042,0.04745053326716326,0.036817224988094026,0.04118531639996556,0.020264475542597218
10,3,WALKING_UPSTAIRS,0.09264523744805248,0.12179510979389443,0.14323465788807546,-0.18862111423543707,0.11972637183205133,-0.15604098632791882
10,4,LAYING,0.0019631677640627124,-0.001542552539424108,0.0007867567212731136,-0.002052348030139985,0.0015697182631204676,-0.0007247421788921759
10,4,SITTING,0.20550947992540908,0.2131750195889704,0.07735910565478252,0.17231160972417983,0.20815105723282426,-0.015557604159955796
10,4,STANDING,0.022180704653497408,0.08080718065902703,-0.0033713528061725105,-0.2220820229678847,0.04451962353909602,0.27492250457703976
10,4,WALKING,-0.00998753821804205,-0.046260150465960374,0.022394341717323407,0.029288930704514896,0.015153888514972907,0.02291277999944365
10,4,WALKING_DOWNSTAIRS,0.004221563060392713,-0.2443659953714717,0.037835087991203775,0.11361225880857728,0.004840697134157987,0.08769472086315974
10,4,WALKING_UPSTAIRS,0.0,0.0,0.0,0.0,0.0,0.0
10,5,LAYING,0.0,0.0,0.0,0.0,0.0,0.0
10,5,SITTING,0.0,0.0,0.0,0.0,0.0,0.0
10,5,STANDING,-0.0979315758239983,-0.010504546123340069,-0.0461602107265909,-0.35008010447985205,-0.05813150643279935,0.39932599029571075
10,5,WALKING,-0.0030721168280364777,-0.010977798850426006,-0.009793498645718357,0.014658355823096648,0.005402866757104016,0.011010968056725936
10,5,WALKING_DOWNSTAIRS,0.009483937612308622,-0.23065034170588344,0.02229394930570553,0.10407365263338644,0.01493197095316838,0.07986683120131392
10,5,WALKING_UPSTAIRS,0.0,0.0,0.0,0.0,0.0,0.0
10,Aggregated,LAYING,0.0041485473487795806,0.000947622298259515,0.0036346241589080247,0.00024815077394180023,0.003300614215042051,0.0006150934395562949
10,Aggregated,SITTING,0.19129232483739464,0.20583846227161723,0.08095794307922277,0.1818176566529982,0.19889873298370067,-0.027954876266531977
10,Aggregated,STANDING,-0.0036260029986402106,0.0651178964369407,-0.007189585863945647,-0.23689102796786884,0.025797536173566622,0.29767412829091555
10,Aggregated,WALKING,0.008986905429918412,0.019564198748537036,0.052796843111060116,-0.017955160813160488,0.038327300016060245,-0.010916886383388377
10,Aggregated,WALKING_DOWNSTAIRS,0.03696333124841314,-0.16684780599330346,0.051674609699862276,0.036997599283033075,0.040527444748845544,0.02260075769696198
10,Aggregated,WALKING_UPSTAIRS,0.09377526340221959,0.11304476281809676,0.13096344998289083,-0.17923650498796775,0.11399990879726302,-0.15223981245207535
10,Centralized,LAYING,0.0041485473487795806,0.000947622298259515,0.0036346241589080247,0.00024815077394180023,0.003300614215042051,0.0006150934395562949
10,Centralized,SITTING,0.19129232483739464,0.20583846227161723,0.08095794307922277,0.1818176566529982,0.19889873298370067,-0.027954876266531977
10,Centralized,STANDING,-0.0036260029986402106,0.0651178964369407,-0.007189585863945647,-0.23689102796786884,0.025797536173566622,0.29767412829091555
10,Centralized,WALKING,0.008986905429918412,0.019564198748537036,0.052796843111060116,-0.017955160813160488,0.038327300016060245,-0.010916886383388377
10,Centralized,WALKING_DOWNSTAIRS,0.03696333124841314,-0.16684780599330346,0.051674609699862276,0.036997599283033075,0.040527444748845544,0.02260075769696198
10,Centralized,WALKING_UPSTAIRS,0.09377526340221959,0.11304476281809676,0.13096344998289083,-0.17923650498796775,0.11399990879726302,-0.15223981245207535
11,0,LAYING,0.003270007595158106,0.0009205595982234952,0.002478387253255468,0.001419003158023638,-0.00047443046461385083,-0.0076135271400468605
11,0,SITTING,0.0497357212240951,0.04076314169096071,0.05487487451542715,0.04893612230834556,0.04324301360837573,-0.8899278613036535
11,0,STANDING,0.014412955041134982,-0.007110141702078266,-0.03078541871882812,0.013927649427293427,0.008798828944421818,-0.5862568600049308
11,0,WALKING,0.041963973291022735,-0.001176168098123106,0.012859055130966295,-0.025872042123855774,0.019580807116274853,-0.060128672335907254
11,0,WALKING_DOWNSTAIRS,0.054058897524142994,-0.084258186177708,0.043692106659838345,-0.041061491696987,0.05597465993450243,-0.014325151823970842
11,0,WALKING_UPSTAIRS,0.13435656083152292,0.14372015474985037,0.11070965577228847,-0.26743202510858854,0.10136677891717348,-0.26861182186645904
11,1,LAYING,0.0033421937610202215,2.0268530682547117e-05,0.0017356689001948237,0.0022702125267155685,2.3078221229303846e-05,-0.020724755273175823
11,1,SITTING,0.052430348936315596,0.04298359702842806,0.05146339262872847,0.050932076748099964,0.04935863236196292,-0.83954859113253
11,1,STANDING,0.02381517876549143,0.020653582146147986,-0.04209637797623274,0.0020209960228247744,0.02616692892205256,-0.32111448178108587
11,1,WALKING,0.05635166823584547,0.03787838314111236,0.00955199047437012,-0.048373880495708114,0.01118916473235,-0.09231422878648315
11,1,WALKING_DOWNSTAIRS,-0.04625172894632645,0.2726044621096947,0.13816554401228182,-0.28002834872548593,0.0413828549145321,-0.1643343218262341
11,1,WALKING_UPSTAIRS,0.10558480415834265,0.18780722442600625,0.09935930175483149,-0.27130555861176003,0.08947967581338008,-0.25347497381125955
11,2,LAYING,-0.0009062299559547904,0.0008323949480994514,-0.0009809306091772755,-0.0016670585319038258,0.004714647487821815,-0.001992823338885376
11,2,SITTING,0.04174513965590692,0.06402947360165304,0.03414041361619884,0.049782784607190905,0.06879128114313647,-0.7675213506886013
11,2,STANDING,0.0045294540059812646,0.04092089414479221,-0.06371368400889453,0.0004922578419927887,0.04543068580635328,-0.15572084696257552
11,2,WALKING,0.15413295298592303,0.02981580580059199,0.004620604537956704,-0.1587963684464446,0.03443812970898416,-0.20689980383229473
11,2,WALKING_DOWNSTAIRS,0.045236394558554334,0.011101675760702355,0.06465456330848543,-0.1243661365661462,0.055299095667314536,-0.0867082014245622
11,2,WALKING_UPSTAIRS,0.12192928448986971,0.17481117367447946,0.0997405532572117,-0.30349096149358146,0.09537716001408487,-0.2794238463267801
11,3,LAYING,0.0005625170325789881,-0.0015242270767543019,0.00029656860284613427,-0.0004885468272677369,0.009345233962735492,-0.008191545694138576
11,3,SITTING,0.061602806596528586,0.07383605635204439,0.05359719733897512,0.06035018652164962,0.06962148937926058,-0.7506682829040849
11,3,STANDING,0.003623246829077225,0.039793051664611764,-0.040741785348417624,-0.0058947122570550585,0.032309883666791196,-0.1301802885818531
11,3,WALKING,0.11410296491387949,0.026041626655718467,0.014469477939775599,-0.09946232482578207,0.03424091996053606,-0.12909161427608526
11,3,WALKING_DOWNSTAIRS,0.047452725275713065,-0.06387926802960542,0.04365638840215754,-0.03958032276372352,0.05109499784810685,-0.025927983264948266
11,3,WALKING_UPSTAIRS,0.1281900676718669,0.15344707600633925,0.09663193328631868,-0.2599500374736323,0.09263316439110077,-0.2439956237416275
11,4,LAYING,-0.0017190892512591008,0.001402092272952537,-0.0009962064691730035,-0.0016626192883410897,0.004347086796606799,-0.001371264060786122
11,4,SITTING,0.032952001536267254,0.06877817367736261,0.033085727864179806,0.040027906176753364,0.06510188830824973,-0.7622215966503052
11,4,STANDING,0.002387617405292928,0.03879782639021192,-0.04516890898654016,-0.003988440044776431,0.03660708175283322,-0.17507252295436762
11,4,WALKING,0.029844386832013,-0.039271038577831645,-0.004236538249304987,0.02747483277392184,0.019412997479643323,0.002912620597920431
11,4,WALKING_DOWNSTAIRS,0.04131069723379416,-0.1550295832192261,0.006066973602161842,0.07554135008792591,0.026776698465724585,0.04582038457256272
11,4,WALKING_UPSTAIRS,0.0,0.0,0.0,0.0,0.0,0.0
11,5,LAYING,0.0,0.0,0.0,0.0,0.0,0.0
11,5,SITTING,0.0,0.0,0.0,0.0,0.0,0.0
11,5,STANDING,-0.006322866015732509,0.04324921939635479,-0.08916794560721257,-0.01515797829110578,0.03744960620294466,0.19343191760562187
11,5,WALKING,0.008746016375335765,-0.014538958835877419,-0.0018870324911081334,0.013720348834846028,0.004037478046754153,0.008486320702003657
11,5,WALKING_DOWNSTAIRS,0.04028049404763913,-0.146367865751295,0.0027643048205750896,0.06911000755473973,0.02513720437313291,0.049443030358880376
11,5,WALKING_UPSTAIRS,0.0,0.0,0.0,0.0,0.0,0.0
11,Aggregated,LAYING,0.0007173571053705585,0.0005706206229366002,0.0004400343208119634,-0.0001775334990956797,0.0032941520996082755,-0.00669991341182647
11,Aggregated,SITTING,0.0460878016169988,0.0645622326596566,0.02819790793967264,0.04564679184693551,0.06477069435611073,-0.7531192440550282
11,Aggregated,STANDING,0.004303471299841371,0.03949293892639732,-0.06472536655562136,-0.004190173251925608,0.03849826407538928,-0.11006895033283311
11,Aggregated,WALKING,0.05668077759797956,0.0003831753267987351,0.005493702164583118,-0.02934950611316879,0.018705431056337183,-0.06352663256125567
11,Aggregated,WALKING_DOWNSTAIRS,0.0459745159031343,-0.07095315293169127,0.040466519422094824,-0.029047078818741554,0.047919865273482215,-0.016122593391334247
11,Aggregated,WALKING_UPSTAIRS,0.11926737523715575,0.14350619527857783,0.10013980083616897,-0.25822336751416114,0.09395942474555881,-0.24449075413527438
11,Centralized,LAYING,0.0007173571053705585,0.0005706206229366002,0.0004400343208119634,-0.0001775334990956797,0.0032941520996082755,-0.00669991341182647
11,Centralized,SITTING,0.0460878016169988,0.0645622326596566,0.02819790793967264,0.04564679184693551,0.06477069435611073,-0.7531192440550282
11,Centralized,STANDING,0.004303471299841371,0.03949293892639732,-0.06472536655562136,-0.004190173251925608,0.03849826407538928,-0.11006895033283311
11,Centralized,WALKING,0.05668077759797956,0.0003831753267987351,0.005493702164583118,-0.02934950611316879,0.018705431056337183,-0.06352663256125567
11,Centralized,WALKING_DOWNSTAIRS,0.0459745159031343,-0.07095315293169127,0.040466519422094824,-0.029047078818741554,0.047919865273482215,-0.016122593391334247
11,Centralized,WALKING_UPSTAIRS,0.11926737523715575,0.14350619527857783,0.10013980083616897,-0.25822336751416114,0.09395942474555881,-0.24449075413527438
12,0,LAYING,0.0011361067187674009,0.0006404576234201653,8.285239115452537e-05,-0.00029168995162175414,0.0009445847575825191,-0.0025123115393028564
12,0,SITTING,0.1466037414080461,0.2073935421923249,0.27166956603390546,0.17350847526857927,0.12406339517051125,-0.43696554307854074
12,0,STANDING,0.10270557275938522,0.09955698768011498,0.17658067251280965,0.1293708803724595,0.07287313324284282,-0.3619471633498592
12,0,WALKING,0.03732297148912118,0.0014173699056105533,0.05462271137414271,-0.04259423011357948,0.002633257616427767,-0.039888566758209065
12,0,WALKING_DOWNSTAIRS,0.06660598819162675,-0.18134476932439117,0.05152561092962891,0.03773503739240169,0.004172510345367016,0.02183612644414703
12,0,WALKING_UPSTAIRS,0.11711383419840722,0.09095901901009505,0.13559835574998008,-0.16021849667630306,0.06915490394122722,-0.21700618373973227
12,1,LAYING,0.0012232131000173656,0.0025699692521426436,0.0012232131000173656,0.0033484927420755284,0.003348492742075528,-0.005091456998968297
12,1,SITTING,0.1398387424331036,0.1934176891850827,0.24518548316609917,0.15572702391159868,0.12211295788793698,-0.42453000659036816
12,1,STANDING,0.0804906994676055,0.045365906909788846,0.09208380353897944,0.07190564221360439,0.06716438361302927,-0.18156325641262963
12,1,WALKING,0.05334643124971233,0.04836169049521125,0.07194987665580753,-0.08546632441772015,0.004786459128744014,-0.07773168365477946
12,1,WALKING_DOWNSTAIRS,0.060930408516615416,0.09822450331071049,0.08562782795541408,-0.08453357194736505,0.18951571210191906,-0.1446366748090894
12,1,WALKING_UPSTAIRS,0.10273536998944326,0.11768897839652898,0.1322193400193466,-0.16223743243936312,0.0739594057055829,-0.22988689272556925
12,2,LAYING,0.0019171560147089501,0.00183585520170082,0.002486261705765861,0.0007644553787916989,0.0009172773592059776,-0.007921005660173308
12,2,SITTING,0.1427903480301657,0.1660271450170487,0.2269707354160524,0.1544798598076298,0.12113837169463942,-0.37535665804137164
12,2,STANDING,0.07091969610027295,-0.02019200958663185,0.039103259252106136,0.06572311604584195,0.06068716725785958,-0.06688149144123952
12,2,WALKING,0.11995211411716912,0.04143116018494326,0.19000022568722402,-0.17055257068007457,-0.006913612262041513,-0.16300461863452254
12,2,WALKING_DOWNSTAIRS,0.07020295845474747,-0.11773797708181459,0.06257282732768735,0.00036959962719808413,0.045466321716459646,-0.04133350015922003
12,2,WALKING_UPSTAIRS,0.11307854689774928,0.10991910638629512,0.14898633067584688,-0.1596313530570474,0.07881198833924563,-0.2329293504805046
12,3,LAYING,0.0017367696183743138,0.0029824030068648457,0.003658078682540521,0.0011574931095479023,0.0011574931095479023,-0.010692237526875483
12,3,SITTING,0.12282859254524116,0.15677093958783964,0.19946012684669875,0.13201074052333694,0.11106291771585705,-0.3676757447162902
12,3,STANDING,0.05597949622904938,-0.0028217943097508208,0.02348938221278401,0.041737547222497375,0.05598063763178583,-0.051128995668181104
12,3,WALKING,0.09393152172015316,-0.0036067793288922785,0.13946467738778123,-0.12687784018467355,-0.008975097026712267,-0.11224591192377414
12,3,WALKING_DOWNSTAIRS,0.05487178218384654,-0.1878437290958644,0.029376438662709347,0.038086814665861356,0.010637282495350944,0.02566506188174644
12,3,WALKING_UPSTAIRS,0.10856076404364089,0.06434585116198249,0.12759788582447706,-0.14077075472958972,0.05709651635408741,-0.20492185531901902
12,4,LAYING,0.0017408731490489919,0.0016865961981750942,0.0025699735724573755,0.0002457831962709952,0.0010110142472399201,-0.007254240363192377
12,4,SITTING,0.141904412996989,0.15799104952626275,0.21526606669398138,0.14846860038755696,0.12573811985530636,-0.38702180363539096
12,4,STANDING,0.06384666474248211,-0.01984121307731334,0.040923748136808914,0.055749577994499276,0.0568492762487217,-0.08276754573630374
12,4,WALKING,0.01925189956315713,-0.06726044192767028,0.027232412420691996,-0.0009296387358913104,-0.027278325584370655,0.003018823579711532
12,4,WALKING_DOWNSTAIRS,0.032600648900553364,-0.23162440096162248,0.011602990511775269,0.07037649840061994,-0.028771786842460782,0.07787284431170292
12,4,WALKING_UPSTAIRS,0.0,0.0,0.0,0.0,0.0,0.0
12,5,LAYING,0.0,0.0,0.0,0.0,0.0,0.0
12,5,SITTING,0.0,0.0,0.0,0.0,0.0,0.0
12,5,STANDING,0.018935106440402225,-0.13399949833822206,-0.07882074923511598,-0.0013809643713986357,0.026566701713294512,0.14440033837047933
12,5,WALKING,0.006698116859886784,-0.03225188382159758,0.0029762475747719176,0.003917198075525111,-0.013081401342935055,0.009549418945275329
12,5,WALKING_DOWNSTAIRS,0.029724834296016647,-0.2308705124646385,0.012269021781131382,0.07026719566597667,-0.021457505866451492,0.08268347416797606
12,5,WALKING_UPSTAIRS,0.0,0.0,0.0,0.0,0.0,0.0
12,Aggregated,LAYING,0.0015512416551401657,0.0017545078939504707,0.001897044221613605,0.0007674903648155003,0.0013217218306918633,-0.00636522670535695
12,Aggregated,SITTING,0.141446846815002,0.15005088579818981,0.21412639211881387,0.15301466530160276,0.1250964177817062,-0.3575940855372553
12,Aggregated,STANDING,0.061573071485600775,-0.03804510753588957,0.02061695934905171,0.05169613132345006,0.05720808385311922,-0.037509313844598505
12,Aggregated,WALKING,0.0456056014674705,-0.008343289463953506,0.06592910588416125,-0.05718703868401483,-0.008585446740159,-0.048478326981545174
12,Aggregated,WALKING_DOWNSTAIRS,0.05173928778553872,-0.18763992595420148,0.03380451074706435,0.038267573898179176,0.006511780497943022,0.023339271768563218
12,Aggregated,WALKING_UPSTAIRS,0.10882390314951315,0.061542675420440354,0.12179657405394538,-0.13426253096968166,0.06360770075128189,-0.19846291090235033
12,Centralized,LAYING,0.0015512416551401657,0.0017545078939504707,0.001897044221613605,0.0007674903648155003,0.0013217218306918633,-0.00636522670535695
12,Centralized,SITTING,0.141446846815002,0.15005088579818981,0.21412639211881387,0.15301466530160276,0.1250964177817062,-0.3575940855372553
12,Centralized,STANDING,0.061573071485600775,-0.03804510753588957,0.02061695934905171,0.05169613132345006,0.05720808385311922,-0.037509313844598505
12,Centralized,WALKING,0.0456056014674705,-0.008343289463953506,0.06592910588416125,-0.05718703868401483,-0.008585446740159,-0.048478326981545174
12,Centralized,WALKING_DOWNSTAIRS,0.05173928778553872,-0.18763992595420148,0.03380451074706435,0.038267573898179176,0.006511780497943022,0.023339271768563218
12,Centralized,WALKING_UPSTAIRS,0.10882390314951315,0.061542675420440354,0.12179657405394538,-0.13426253096968166,0.06360770075128189,-0.19846291090235033
13,0,LAYING,0.0008655832269419183,0.0013532497163046256,-0.0004276903522850465,-0.0007420620864281487,0.0004910408841656388,-0.0015401213886989877
13,0,SITTING,0.09489744804015106,0.09687263556657896,0.13635999513358732,0.058580315885524085,0.09285395495036916,-0.7407822982941578
13,0,STANDING,0.0852721121446361,0.09159200765966154,0.03026841437310674,0.040729387713364915,0.0823197010123049,-0.4929307286772176
13,0,WALKING,0.05519429134948853,-0.00916636815995759,0.046906569877209155,-0.04423752186899367,-0.003763141609520823,-0.06982714395522398
13,0,WALKING_DOWNSTAIRS,0.07572232654901183,-0.114410078765194,0.034358077371950915,-0.0009090012364706983,0.0035499946459550563,0.00168868143474705
13,0,WALKING_UPSTAIRS,0.1222800900009108,0.06868591720441204,0.13327749823616533,-0.23392894620830226,0.05201305613432651,-0.1856061700271028
13,1,LAYING,0.0015513152366327942,0.00451235236134971,0.0015656750181647528,0.0011213763891678552,0.003301256559560987,-0.012051975564876107
13,1,SITTING,0.08158713001711651,0.08232973761926017,0.1319368347954679,0.053657858545708974,0.07946575316412637,-0.6989311222843395
13,1,STANDING,0.051715219971889305,0.04317498849091593,-0.02199230695912679,0.037121153875826,0.04766305998443731,-0.29035374480976467
13,1,WALKING,0.06985438379369079,0.021559897134520216,0.07706157535368421,-0.07847158943275837,-0.005238443165015236,-0.10988280689359053
13,1,WALKING_DOWNSTAIRS,-0.07464804447352834,0.19410782849207173,0.03830125001307968,-0.20515109994017602,0.09241660305084642,-0.04502653714229374
13,1,WALKING_UPSTAIRS,0.10661462554440262,0.09246511375651092,0.1330375084128929,-0.22527648124602237,0.058029914121339204,-0.18558460147897024
13,2,LAYING,0.002800503001714072,-0.004446388942209138,0.0033647795145287946,0.0032906990801454426,-0.0009665535036327981,-0.004043039150546373
13,2,SITTING,0.07340739583224151,0.06633501139919296,0.08119264741760814,0.05465057674321062,0.06697522397143495,-0.6683753917045403
13,2,STANDING,0.04191272585909641,0.03932453997676493,-0.09796413697589473,0.03497976041404656,0.03988274678906713,-0.18423996698434625
13,2,WALKING,0.17966559180142455,-0.001044857255173571,0.17901428280875556,-0.15709380847494558,-0.013711431517405382,-0.20831939885227618
13,2,WALKING_DOWNSTAIRS,0.042912741090577966,-0.03596440777841144,0.048124236322496905,-0.08038986665965828,0.03970496202851931,-0.009196712092883037
13,2,WALKING_UPSTAIRS,0.1141310126427956,0.0962230827662829,0.1435287933385179,-0.2566531639731758,0.06430919302442634,-0.19294415481156146
13,3,LAYING,0.005238928545157031,-0.007356697188938526,0.00445548023117937,0.0037726972131538936,0.0003395722093178436,-0.006449981009869617
13,3,SITTING,0.08640152203744397,0.07633870290509069,0.11394341636776129,0.07194698316588542,0.0786977994256916,-0.6314100565549339
13,3,STANDING,0.03539466371494246,0.03268809381812191,-0.073901427526496,0.04330506505820722,0.033038523150481704,-0.15339753786120636
13,3,WALKING,0.13638849014091192,-0.021959678089803827,0.13940613637898316,-0.09977030207608563,-0.019182067466100152,-0.1465716496067839
13,3,WALKING_DOWNSTAIRS,0.050559977629541286,-0.0953149493277203,0.024279420713484583,0.007233715915076036,0.011157550457790837,0.022734039841022048
13,3,WALKING_UPSTAIRS,0.1201691252885887,0.060740579583716245,0.12877310327341196,-0.20576885587556307,0.05093316225248308,-0.16404803461464684
13,4,LAYING,0.002894860782421777,-0.004908342619444746,0.002666773759510789,0.002616547544836335,-0.0005968814240834878,-0.0026729580432406615
13,4,SITTING,0.09944121478114497,0.07044075502040892,0.09376322751830934,0.05570948545831948,0.08509335431667377,-0.6490792229025111
13,4,STANDING,0.04774229891427905,0.04186702291930943,-0.0771885714983637,0.0320460419011386,0.0415974266663141,-0.16532689171373763
13,4,WALKING,0.05422765657950842,-0.051700082001972625,0.035879297652825715,0.022420773229962998,-0.02291448317595363,-0.03791316228437094
13,4,WALKING_DOWNSTAIRS,0.062861798698314,-0.12034242997643363,0.017103588937381495,0.07699307954124202,-0.024959044646408666,0.008095512482138896
13,4,WALKING_UPSTAIRS,0.0,0.0,0.0,0.0,0.0,0.0
13,5,LAYING,0.0,0.0,0.0,0.0,0.0,0.0
13,5,SITTING,0.0,0.0,0.0,0.0,0.0,0.0
13,5,STANDING,0.011328379661854375,0.008007379715132002,-0.1505456420154936,0.02848969255462591,0.012053895531751634,0.11313720640779115
13,5,WALKING,0.013662430369085609,-0.02189660892169437,0.010967513830120226,0.017086286996629948,-0.007382765168081357,-0.0051527931811150805
13,5,WALKING_DOWNSTAIRS,0.05034400754631164,-0.12232102523361203,0.009021153098914892,0.08155197204972611,-0.018711406296813404,0.017131615851789798
13,5,WALKING_UPSTAIRS,0.0,0.0,0.0,0.0,0.0,0.0
13,Aggregated,LAYING,0.0025036489497743198,-0.0022741744439465565,0.0021183637907704685,0.00185353801734869,0.0002763436596783594,-0.004477719973625289
13,Aggregated,SITTING,0.08531240890412414,0.08018470556424576,0.08409711641989309,0.06329844703346756,0.081176439788893,-0.6505814865262183
13,Aggregated,STANDING,0.03835306919465543,0.03500895639681631,-0.09230648593104877,0.038259882166040524,0.03675045668233424,-0.13659480412863348
13,Aggregated,WALKING,0.07427497891934073,-0.014169760852914631,0.07063370133749602,-0.041836303191968446,-0.010356774678918351,-0.08865188301983008
13,Aggregated,WALKING_DOWNSTAIRS,0.054425111963752125,-0.09066707855941224,0.027472111404683537,0.008876837010980649,0.004031181863588718,0.012286957089353744
13,Aggregated,WALKING_UPSTAIRS,0.11649198372657359,0.06237069463461877,0.12345362977912874,-0.20739483318860463,0.05343432160329308,-0.16549636523742892
13,Centralized,LAYING,0.0025036489497743198,-0.0022741744439465565,0.0021183637907704685,0.00185353801734869,0.0002763436596783594,-0.004477719973625289
13,Centralized,SITTING,0.08531240890412414,0.08018470556424576,0.08409711641989309,0.06329844703346756,0.081176439788893,-0.6505814865262183
13,Centralized,STANDING,0.03835306919465543,0.03500895639681631,-0.09230648593104877,0.038259882166040524,0.03675045668233424,-0.13659480412863348
13,Centralized,WALKING,0.07427497891934073,-0.014169760852914631,0.07063370133749602,-0.041836303191968446,-0.010356774678918351,-0.08865188301983008
13,Centralized,WALKING_DOWNSTAIRS,0.054425111963752125,-0.09066707855941224,0.027472111404683537,0.008876837010980649,0.004031181863588718,0.012286957089353744
13,Centralized,WALKING_UPSTAIRS,0.11649198372657359,0.06237069463461877,0.12345362977912874,-0.20739483318860463,0.05343432160329308,-0.16549636523742892
14,0,LAYING,0.00018964799159648475,0.0011152104675016595,0.00043794876527151566,-0.0009865973290068295,0.0003755164023516981,-0.0011317262977145286
14,0,SITTING,0.13111472161479357,0.16292431257815898,0.22264238718872353,0.12364173825663613,0.11592240597202369,-0.5038404522734877
14,0,STANDING,0.12888939431281077,0.14847104899323754,0.0706332743014555,0.10481964888270799,0.09963426472881215,-0.39931479913882373
14,0,WALKING,0.04234898428874174,0.022022909661080427,-0.001523323151428154,-0.03219713074720614,0.030303585337318896,-0.030283519036419376
14,0,WALKING_DOWNSTAIRS,0.045215833985427605,-0.01786159418206602,0.028283105573241457,-0.033527594975129256,0.049214160961295,-0.03787048882030839
14,0,WALKING_UPSTAIRS,0.13678894358729832,0.13780254372040385,0.07202323698263494,-0.22054266955156257,0.12026839522902988,-0.2272411553394806
14,1,LAYING,-0.0004369857103248424,0.003566086031135266,0.002899419364468601,-0.00011027489354779966,-0.00011027489354779966,-0.005807969898183454
14,1,SITTING,0.1199016217204772,0.15797377065260532,0.20135905656584824,0.11777196463377672,0.10672495621067064,-0.4813231564143346
14,1,STANDING,0.07397171893578817,0.08605416162262286,0.0012211930313569847,0.07162683233023712,0.0735534807052681,-0.20795326361127234
14,1,WALKING,0.050454617336591616,0.04115086178677573,-0.020923192495333795,-0.05853944498151124,0.027161846204751466,-0.047941206042365535
14,1,WALKING_DOWNSTAIRS,-0.016994877951141164,0.175959423602767,0.0866672661170751,-0.3016414650877811,0.026802117586167254,-0.262459130933754
14,1,WALKING_UPSTAIRS,0.11643909036039146,0.16169868205491789,0.07221439908436214,-0.23648123979581673,0.112898759791079,-0.24931603179911532
14,2,LAYING,0.0020681642052297056,-0.0027913231782288697,0.0018218705658227252,0.0019055625792134452,0.0020681642052297056,-0.005072438377266712
14,2,SITTING,0.1398656557499225,0.1480592235261363,0.1690419799281989,0.1337713519403426,0.1319509236858825,-0.41817785663499485
14,2,STANDING,0.07365422644732741,0.050627415298709885,-0.07390992231539197,0.07013349925893132,0.075748700384026,-0.08263689779700747
14,2,WALKING,0.16149766970436405,0.09957006713816995,-0.02889406549241369,-0.13443718151408762,0.09961519028417637,-0.12851204517887954
14,2,WALKING_DOWNSTAIRS,0.03352200879804751,0.06549172535764991,0.06526683326220284,-0.12164463100823981,0.04962033786960994,-0.13237207245958477
14,2,WALKING_UPSTAIRS,0.13647642265489324,0.18286405644918383,0.0745542594697952,-0.25306541499598334,0.12597851659312415,-0.27449911593902204
14,3,LAYING,0.002746055953517714,-0.0037631539090984194,0.0030861611593947314,0.0024013234659280808,0.002746055953517714,-0.00721644262325982
14,3,SITTING,0.11286130947131105,0.13349124557421874,0.1647097278508912,0.11680097950414797,0.10106563450488554,-0.4124786804552374
14,3,STANDING,0.05659978159056612,0.03797909031603282,-0.04993958191728855,0.05535321202162961,0.054570873454116146,-0.06506658384060528
14,3,WALKING,0.11379272578006162,0.07612024117894986,-0.022252737414274457,-0.08913466581302648,0.06020781104256495,-0.08085041986541698
14,3,WALKING_DOWNSTAIRS,0.031757778774408545,0.0054747423949329625,0.04179313279811014,-0.043879085020513804,0.03647715823346387,-0.04734063747675134
14,3,WALKING_UPSTAIRS,0.12966522769352135,0.14821825946627146,0.07114105064587534,-0.21770545759755652,0.11146575938945515,-0.2325789747204214
14,4,LAYING,0.0016745414531581903,-0.0022210879822077705,0.0019517654968756219,0.0016745414531581903,0.0016745414531581903,-0.0047543018741424215
14,4,SITTING,0.12736247748606722,0.13132070047844369,0.13944174236534895,0.12186560289471172,0.12016700995712101,-0.4350787803690914
14,4,STANDING,0.061593536696905975,0.04473172366974344,-0.06858268245389586,0.055473348271499225,0.060729256938403045,-0.09279230091714148
14,4,WALKING,0.020936481646947863,-0.0031564467880298274,-0.008931156462263305,0.014312711473607168,0.014604965861675503,0.01359451257828352
14,4,WALKING_DOWNSTAIRS,0.014722866935966215,-0.05398927342124286,-0.0030851905938773646,0.04558357707555417,0.006624714595646941,0.04536969703987414
14,4,WALKING_UPSTAIRS,0.0,0.0,0.0,0.0,0.0,0.0
14,5,LAYING,0.0,0.0,0.0,0.0,0.0,0.0
14,5,SITTING,0.0,0.0,0.0,0.0,0.0,0.0
14,5,STANDING,0.009476367619071583,-0.032238568180298674,-0.17802965562907325,0.014357387934802434,0.022263157958526687,0.14361140416037746
14,5,WALKING,0.005360689860036335,-0.001295848375032429,-0.0013659135135663297,0.010378803779756415,0.0026967093155843926,0.010371152802953412
14,5,WALKING_DOWNSTAIRS,0.015063558881085166,-0.05080287189388117,-0.0006334066672269054,0.050197749818207724,0.008946903537802775,0.04880591376392848
14,5,WALKING_UPSTAIRS,0.0,0.0,0.0,0.0,0.0,0.0
14,Aggregated,LAYING,0.0012313466043568015,-0.0009046015486966208,0.0018348694093940651,0.0009058143243600399,0.001323760084194218,-0.004391188873608535
14,Aggregated,SITTING,0.1244423823211284,0.13708252402293647,0.1496760782881028,0.12224500974629439,0.11636643459741429,-0.41322815073556096
14,Aggregated,STANDING,0.056897954630707064,0.034798843884421435,-0.08245813379986804,0.055933024301463234,0.06000073613650329,-0.05345442886380181
14,Aggregated,WALKING,0.05239695951441833,0.02880974313034475,-0.012189264852341467,-0.03554181410373678,0.03134441762033827,-0.031146567214001684
14,Aggregated,WALKING_DOWNSTAIRS,0.030584155904426633,0.003074606756534331,0.03377057666565104,-0.035295352642432214,0.034350329510667715,-0.039528984011418224
14,Aggregated,WALKING_UPSTAIRS,0.1252071647759214,0.14324396985441692,0.0731172978084279,-0.2179435179605505,0.11268382117393361,-0.23242026219845957
14,Centralized,LAYING,0.0012313466043568015,-0.0009046015486966208,0.0018348694093940651,0.0009058143243600399,0.001323760084194218,-0.004391188873608535
14,Centralized,SITTING,0.1244423823211284,0.13708252402293647,0.1496760782881028,0.12224500974629439,0.11636643459741429,-0.41322815073556096
14,Centralized,STANDING,0.056897954630707064,0.034798843884421435,-0.08245813379986804,0.055933024301463234,0.06000073613650329,-0.05345442886380181
14,Centralized,WALKING,0.05239695951441833,0.02880974313034475,-0.012189264852341467,-0.03554181410373678,0.03134441762033827,-0.031146567214001684
14,Centralized,WALKING_DOWNSTAIRS,0.030584155904426633,0.003074606756534331,0.03377057666565104,-0.035295352642432214,0.034350329510667715,-0.039528984011418224
14,Centralized,WALKING_UPSTAIRS,0.1252071647759214,0.14324396985441692,0.0731172978084279,-0.2179435179605505,0.11268382117393361,-0.23242026219845957
15,0,LAYING,-0.00018677036824591616,0.0008073123285738356,-0.00012484563773797845,6.383360754504038e-05,0.0007993140189418694,-0.0013588439490768507
15,0,SITTING,0.08678675880225419,0.08018485865075024,0.13633062750948297,0.13230351435902415,0.10358127167647371,-0.6196995684068253
15,0,STANDING,0.07969807086005448,0.0789515942071532,0.06835493810262451,0.08351095726970847,0.10265848029609147,-0.48218262777700566
15,0,WALKING,0.03787302424373697,-0.014363452917266862,0.017707650624263063,-0.016336884165502694,0.010302132472228746,-0.03452565580754131
15,0,WALKING_DOWNSTAIRS,0.05631417481446636,-0.24750050300788987,0.04776354786802116,0.030352484522813757,0.04289895342896816,0.0367179198311605
15,0,WALKING_UPSTAIRS,0.0896529391363268,0.04410763337254671,0.06259039553837938,-0.1186662071552299,0.052207945120328274,-0.09542418176054517
15,1,LAYING,0.0022049100027781415,0.0024256408006901467,0.0020028385672139753,0.0017821077693019698,0.0031908896265638903,-0.011606386766548151
15,1,SITTING,0.08559016025160135,0.08055530624188305,0.1317237649198983,0.12673298836162472,0.10442177063437062,-0.5939140240927542
15,1,STANDING,0.05426878103688074,0.043953242728476824,0.03674993977023702,0.04824852245001744,0.0625838118313632,-0.2841035282861404
15,1,WALKING,0.06358503235055356,0.04743687027033881,0.012994376539177817,-0.03968510721704329,0.008161871764331162,-0.058739542306797676
15,1,WALKING_DOWNSTAIRS,0.05647345373267625,0.22984772583199325,0.07139134601192268,-0.136560924121172,0.13333070136739897,-0.06281563615615421
15,1,WALKING_UPSTAIRS,0.08965839574013681,0.09786718782593587,0.050743460494557475,-0.1549588467183744,0.056194446743449464,-0.09624438289167483
15,2,LAYING,0.002865632171497284,0.0006504529384552797,-0.0008152576220427717,0.0020470445738566064,-0.004949521619211631,0.0002016495574452326
15,2,SITTING,0.08314911824098174,0.0822242290044797,0.09625873931839429,0.0928871840303016,0.09326437867142917,-0.5411902426721782
15,2,STANDING,0.03851175776719331,0.04088143418339999,-0.02147661771751389,-0.006028438195751711,0.039953452120078885,-0.13825668249702946
15,2,WALKING,0.16304417708761335,0.03208807772578887,0.01883403862587279,-0.09491268909457903,0.02408442928879917,-0.1302800558427299
15,2,WALKING_DOWNSTAIRS,0.06997770382804656,-0.12027648723445336,0.05486930953791807,-0.024463523006986954,0.06901712824462211,0.010080708734570114
15,2,WALKING_UPSTAIRS,0.1067190088894573,0.08776859390690897,0.05090199509955019,-0.15511560563884874,0.06986561211396293,-0.10650855705577246
15,3,LAYING,0.0038539423877012083,0.0023756760373453054,0.0005992130678410071,0.0029678893623425735,-0.007344689776186765,-0.0024520310790433256
15,3,SITTING,0.07382623605562451,0.0749120778982241,0.09833539983278992,0.10097841305775047,0.07826899207954569,-0.5185477328896789
15,3,STANDING,0.02948417489248614,0.03351998458834484,-0.016445035353251904,-0.010486493167433303,0.02687341621376984,-0.1072234072407493
15,3,WALKING,0.11207194385949999,-0.018385546572632843,0.02033165050136362,-0.061037813885667,0.016127681071547835,-0.08423625085716414
15,3,WALKING_DOWNSTAIRS,0.05294471567776452,-0.23647302790688923,0.05158907101181173,0.026432193537468347,0.040017102832941555,0.03611712674169097
15,3,WALKING_UPSTAIRS,0.09308519978815502,0.024644217498324926,0.05177949766222233,-0.12685223628709946,0.053425161569479226,-0.08317129510657097
15,4,LAYING,0.00233750321316164,0.0013437614548798475,0.00012376130916991375,0.002224942288194975,-0.005310258472499206,-0.0007197097929071713
15,4,SITTING,0.10115956784900651,0.09036539002778324,0.096958812609601,0.11211392114997487,0.09547290288001145,-0.5260310241376326
15,4,STANDING,0.040700910266005495,0.03823652525597046,-0.00452343301882061,0.01155501725929809,0.03886792240868114,-0.13020751145147744
15,4,WALKING,0.025102276072788306,-0.07660582051405773,0.002435364393176224,0.01368208932208363,-0.0045220065104189635,-0.0016249612457823076
15,4,WALKING_DOWNSTAIRS,0.040813526760655174,-0.2745908905878261,0.03205564895192707,0.08173201469632564,0.0033531258037680016,0.0535947511476648
15,4,WALKING_UPSTAIRS,0.0,0.0,0.0,0.0,0.0,0.0
15,5,LAYING,0.0,0.0,0.0,0.0,0.0,0.0
15,5,SITTING,0.0,0.0,0.0,0.0,0.0,0.0
15,5,STANDING,0.012546581133966643,0.009659560508178185,-0.0790848763508773,-0.06171105581317122,-0.0001601828237026617,0.1281990311986697
15,5,WALKING,0.0065472012037474095,-0.03654038568825697,0.0018500476863220507,0.0064169840682401615,-0.003319090350333879,0.0025837046187427845
15,5,WALKING_DOWNSTAIRS,0.038704284743085786,-0.2777459702529718,0.0275930142109809,0.07600167732493159,0.0023901626465876024,0.053035773154182564
15,5,WALKING_UPSTAIRS,0.0,0.0,0.0,0.0,0.0,0.0
15,Aggregated,LAYING,0.002000394177336222,0.0013704662098664702,0.00020574361148530395,0.0016904695018895811,-0.00280467761811264,-0.0024623958824649367
15,Aggregated,SITTING,0.08621019474450278,0.0811198235243214,0.09492396618822174,0.09731898308011644,0.094741073099254,-0.5262519395762101
15,Aggregated,STANDING,0.03775830146365923,0.035094783269144655,-0.023458091588986464,-0.008974414534663208,0.034653281573462535,-0.10132906593966536
15,Aggregated,WALKING,0.05359931425677318,-0.017465191514442167,0.011634348028862452,-0.021323137908463866,0.006348538795725638,-0.041234382788845614
15,Aggregated,WALKING_DOWNSTAIRS,0.05418503233508331,-0.2265629530690109,0.04623701100380951,0.027547813209280066,0.03342820096856796,0.03467393947991863
15,Aggregated,WALKING_UPSTAIRS,0.09355613213357,0.023398537383966515,0.05630006652123285,-0.12428238726779309,0.053688531670373726,-0.0809159708846085
15,Centralized,LAYING,0.002000394177336222,0.0013704662098664702,0.00020574361148530395,0.0016904695018895811,-0.00280467761811264,-0.0024623958824649367
15,Centralized,SITTING,0.08621019474450278,0.0811198235243214,0.09492396618822174,0.09731898308011644,0.094741073099254,-0.5262519395762101
15,Centralized,STANDING,0.03775830146365923,0.035094783269144655,-0.023458091588986464,-0.008974414534663208,0.034653281573462535,-0.10132906593966536
15,Centralized,WALKING,0.05359931425677318,-0.017465191514442167,0.011634348028862452,-0.021323137908463866,0.006348538795725638,-0.041234382788845614
15,Centralized,WALKING_DOWNSTAIRS,0.05418503233508331,-0.2265629530690109,0.04623701100380951,0.027547813209280066,0.03342820096856796,0.03467393947991863
15,Centralized,WALKING_UPSTAIRS,0.09355613213357,0.023398537383966515,0.05630006652123285,-0.12428238726779309,0.053688531670373726,-0.0809159708846085
16,0,LAYING,0.0005142126689802888,0.0005142126689802888,0.0008272542028838055,-0.0010370199320594612,0.0013191130902650838,-0.002137772699050006
16,0,SITTING,0.10549728158545219,0.13172131137874427,0.19155222605301464,0.1356828368394505,0.07671439398214458,-0.41271966413944544
16,0,STANDING,0.17345908812170338,0.12590769424671977,-0.03752940987505913,0.08863205136171784,0.1382391844362679,-0.13881871350299835
16,0,WALKING,0.037354531175514974,0.004642583234823806,0.008200782003806917,-0.07179275109245536,0.023906846074999693,-0.07007755916225783
16,0,WALKING_DOWNSTAIRS,0.03620272712520662,-0.05653386436991749,0.032097279192045254,-0.0537236766953421,0.0397304359361191,-0.006900690234764225
16,0,WALKING_UPSTAIRS,0.12764931870641144,0.13207381520668726,0.07049981515703392,-0.36815163419921554,0.11468269975674315,-0.266453991003752
16,1,LAYING,-0.00021445986685372047,6.270931058284986e-06,0.002240424547762234,0.000690745796607863,0.003242570372535094,-0.0059655517811097875
16,1,SITTING,0.10485977782250959,0.1234366294331717,0.1661157766028886,0.1240942477874188,0.08565058806507601,-0.3821764241941681
16,1,STANDING,0.10286676100283643,0.050767743191539656,-0.11947512064193708,0.002326082603988531,0.1187309877236226,-0.00530036214035173
16,1,WALKING,0.04882166951560356,0.02905876167367283,0.0035209592678801544,-0.07189289306222985,0.02535139553416057,-0.08826505387614822
16,1,WALKING_DOWNSTAIRS,0.008017565168604074,0.21184175327723911,-0.0009053207267340481,-0.42664221527346474,0.032821017803653055,-0.17600999323175306
16,1,WALKING_UPSTAIRS,0.11222247980427057,0.16311241874158303,0.06296500769631354,-0.31040758149376757,0.10094349715980501,-0.22295705248998826
16,2,LAYING,0.002345534536398741,0.002345534536398741,0.002752038601439392,0.002345534536398741,-0.0009403316848622353,-0.00884831052577338
16,2,SITTING,0.10259118280363502,0.09085153117226123,0.12930301636492916,0.08972544194010044,0.08884586523698663,-0.2900714303332194
16,2,STANDING,0.08838856006969228,-0.015465148010284688,-0.1907034003722342,-0.06988158809176435,0.11744038206580279,0.18552517756730127
16,2,WALKING,0.09826298981653313,0.008946219663008773,0.0001434100709325305,-0.16132873585660457,0.0518517144410859,-0.17754891936907602
16,2,WALKING_DOWNSTAIRS,0.04127565964161833,0.060812455365641505,0.028060298758724227,-0.16929602019314574,0.055141929454122655,-0.07302209491587286
16,2,WALKING_UPSTAIRS,0.11831023229863571,0.17179511309855505,0.05362078697440754,-0.36239914773497556,0.11357308757622284,-0.25092346402571264
16,3,LAYING,0.0020930458734207866,0.002883601529748253,0.0032191719995469104,0.0032191719995469104,-0.0016581190846407172,-0.009756872317622142
16,3,SITTING,0.08983719459071712,0.09096727423427839,0.1108902361024824,0.10014200252803078,0.08082921366498182,-0.30866897222651374
16,3,STANDING,0.06435295564493039,0.0020997761362760276,-0.17456094825634313,-0.02567570761985076,0.09923208198901201,0.1024242257678317
16,3,WALKING,0.08132214051066866,-0.016175993832026343,0.011097607787680224,-0.10997914905455589,0.04393863240295905,-0.12942019913694935
16,3,WALKING_DOWNSTAIRS,0.037301690185801886,-0.016040368887386167,0.03420416059327496,-0.06253564156465513,0.04351302637420551,-0.020202362157526545
16,3,WALKING_UPSTAIRS,0.11558817180306483,0.13748801239151873,0.06806742606013774,-0.3099235401143442,0.10322099388906648,-0.22297438074078077
16,4,LAYING,0.001461798443118756,0.0018512263982572257,0.002182352226071797,0.002182352226071797,-0.001369962580873224,-0.006307766712646349
16,4,SITTING,0.09779337494618834,0.10354427341132887,0.099815608442179,0.09395470122959494,0.08944020170341338,-0.2897671718482678
16,4,STANDING,0.07917674339095106,0.02721721576172452,-0.19902706076158116,-0.04293460458270362,0.10148164366188417,0.11093161556575434
16,4,WALKING,0.019666695500620637,-0.042423305477229944,0.008532235622456112,0.0268393508258647,0.017357740854265537,0.0008290341461652836
16,4,WALKING_DOWNSTAIRS,0.023626470971575345,-0.07947162166489738,0.021945731999584422,0.05322706494518139,0.01864090173800859,0.025073275238033356
16,4,WALKING_UPSTAIRS,0.0,0.0,0.0,0.0,0.0,0.0
16,5,LAYING,0.0,0.0,0.0,0.0,0.0,0.0
16,5,SITTING,0.0,0.0,0.0,0.0,0.0,0.0
16,5,STANDING,0.02378363919439266,-0.0780966914363624,-0.2915586127197987,-0.13660703728824333,0.07414953567733942,0.3613068531406372
16,5,WALKING,0.008461222764224832,-0.025245778572013492,0.004601381743386223,0.00817003232635376,0.008519397953695202,0.0029475303079073106
16,5,WALKING_DOWNSTAIRS,0.02918364934126857,-0.09905192396615368,0.01951175452127716,0.05846664689183569,0.026164073505385795,0.029869904270063783
16,5,WALKING_UPSTAIRS,0.0,0.0,0.0,0.0,0.0,0.0
16,Aggregated,LAYING,0.0012467462431348406,0.001496697837289753,0.0021017575292772575,0.0013432764195946874,-1.9897001027376534e-05,-0.006168581028269227
16,Aggregated,SITTING,0.09672232876297145,0.08830059272972597,0.10620761402857,0.08322377350752201,0.08870753594464391,-0.2723805662021621
16,Aggregated,STANDING,0.07093662776642977,-0.010804766143519462,-0.19964133618953814,-0.06308449874950542,0.1026737263732258,0.1747175362000233
16,Aggregated,WALKING,0.04363616522841618,-0.009250257580004851,0.008137870600386277,-0.05115226030680408,0.027200298093967776,-0.0679689185729697
16,Aggregated,WALKING_DOWNSTAIRS,0.03543628642627905,-0.021621891630163172,0.031277375659594445,-0.052519427201686106,0.040547780204007275,-0.015510560027204776
16,Aggregated,WALKING_UPSTAIRS,0.11791848398734496,0.1411718247760784,0.06704289269290932,-0.31742626052692674,0.10722498587525409,-0.22556018817616674
16,Centralized,LAYING,0.0012467462431348406,0.001496697837289753,0.0021017575292772575,0.0013432764195946874,-1.9897001027376534e-05,-0.006168581028269227
16,Centralized,SITTING,0.09672232876297145,0.08830059272972597,0.10620761402857,0.08322377350752201,0.08870753594464391,-0.2723805662021621
16,Centralized,STANDING,0.07093662776642977,-0.010804766143519462,-0.19964133618953814,-0.06308449874950542,0.1026737263732258,0.1747175362000233
16,Centralized,WALKING,0.04363616522841618,-0.009250257580004851,0.008137870600386277,-0.05115226030680408,0.027200298093967776,-0.0679689185729697
16,Centralized,WALKING_DOWNSTAIRS,0.03543628642627905,-0.021621891630163172,0.031277375659594445,-0.052519427201686106,0.040547780204007275,-0.015510560027204776
16,Centralized,WALKING_UPSTAIRS,0.11791848398734496,0.1411718247760784,0.06704289269290932,-0.31742626052692674,0.10722498587525409,-0.22556018817616674
17,0,LAYING,-0.00046250548466478616,0.002806639102809161,0.0014795651121100107,-0.0025607993143913804,0.0011802577581411695,-0.002443157174004183
17,0,SITTING,0.09108295160972016,0.03778223063306571,0.09221218275451304,0.0823638881763981,0.05423585614536763,-0.7980737721259877
17,0,STANDING,0.031385082258234914,-0.0003860514251901333,0.015425529435505469,0.04916154670734255,0.03276056540438809,-0.5753521513147231
17,0,WALKING,0.024012441717181452,0.001103252042858628,0.0540605975571286,-0.017873323241750016,0.042576552136781826,-0.05516157149425168
17,0,WALKING_DOWNSTAIRS,0.04046623872321397,-0.10448303657891922,0.04946337569768353,0.03858889021511941,0.033708990372795115,0.007347151984765052
17,0,WALKING_UPSTAIRS,0.06278223961976517,0.07816548279179794,0.12147151373504202,-0.06679334797239668,0.11869019956684204,-0.1479004250904469
17,1,LAYING,-0.004712239719100313,0.012532617650991732,0.005578640770800508,-0.0033115593107406254,0.0011938365427976402,-0.011281295934748916
17,1,SITTING,0.07835174095405081,0.03652105171341442,0.08508523566990787,0.07387886147032814,0.05079359615741719,-0.75749543522351
17,1,STANDING,0.019713122663924422,0.008360373087833516,0.010317580637485732,0.03957748961943727,0.03043868349673266,-0.33533711630047053
17,1,WALKING,0.010514645038314846,0.024470034614742477,0.04949866312214376,-0.026156527399958315,0.04509454112154591,-0.07998335482723239
17,1,WALKING_DOWNSTAIRS,0.05432283412872769,0.29388418475593553,0.07184645919647054,-0.06140555192533492,0.14345445925268077,0.03925099805016773
17,1,WALKING_UPSTAIRS,0.034754428165558335,0.07360000964743267,0.08028496442679588,-0.05735250154913618,0.08212161121737453,-0.14084615363138145
17,2,LAYING,0.003930516555667111,-0.006273116360786745,0.0036847164126802465,0.004004052420351045,0.002670897649036197,-0.008017066676947855
17,2,SITTING,0.07031271968114933,0.04351789641856619,0.06153902344675743,0.06447730921193803,0.06129436004923736,-0.7009909045963302
17,2,STANDING,-0.010527288907531324,0.023793902872696376,-0.03951143007540802,0.009011945063728793,0.033651483084848395,-0.1928611489958932
17,2,WALKING,0.04565493318473241,0.015214573537158937,0.13793444202476995,-0.04657595963667456,0.10867616032708308,-0.16292844093504508
17,2,WALKING_DOWNSTAIRS,0.029426716554398727,-0.030230975940013647,0.038710264263396015,-0.026716316549321932,0.054141022335369875,-0.007068218439072629
17,2,WALKING_UPSTAIRS,0.052172184247121826,0.08917717094058565,0.10367082197094138,-0.07802643097334755,0.10868028321287376,-0.15520619314086498
17,3,LAYING,0.004820575042102815,-0.009436318138877091,0.004908875273906698,0.004587605141813934,0.004605269928188582,-0.009486007247134932
17,3,SITTING,0.07890982369552382,0.06500397164031763,0.08890633821394854,0.07481429141336868,0.07657095825378969,-0.6724259345953963
17,3,STANDING,-0.006083531290833472,0.025710668182337137,-0.02129722951877219,0.005511036597584708,0.03713836263038557,-0.15407112182017646
17,3,WALKING,0.04446468366099662,-0.017407436237817694,0.10193967569975151,-0.03147305403773972,0.08876904266932416,-0.11552776358998652
17,3,WALKING_DOWNSTAIRS,0.03008088514535382,-0.11187592101342755,0.028572296088326628,0.014458008108355548,0.019639639227417887,0.0130166983926711
17,3,WALKING_UPSTAIRS,0.05181865457691214,0.037789300225331224,0.0914600660473253,-0.05119139662031824,0.08747701152933077,-0.1328269875662762
17,4,LAYING,0.003974183640761812,-0.006060674765518044,0.001960302731746947,0.0033687409447171624,0.002193144728392423,-0.005435697280100301
17,4,SITTING,0.08369087497508798,0.022759357269259452,0.07227000834997922,0.07524259298629327,0.06745035550576073,-0.6913125001621625
17,4,STANDING,0.0051936780131235025,-0.0026658813000276305,-0.012136771206520007,0.01297490266465136,0.032614331013567865,-0.1686081251459941
17,4,WALKING,0.008714011937063993,-0.07083728632545011,0.019664031192602075,0.014085821000682527,0.01025892775771753,-0.017627681330021763
17,4,WALKING_DOWNSTAIRS,0.021618149713088113,-0.13011641291155698,0.01724749278308641,0.04034271157908983,-0.010102274492549504,0.009649789111155015
17,4,WALKING_UPSTAIRS,0.0,0.0,0.0,0.0,0.0,0.0
17,5,LAYING,0.0,0.0,0.0,0.0,0.0,0.0
17,5,SITTING,0.0,0.0,0.0,0.0,0.0,0.0
17,5,STANDING,-0.047368746572213904,0.03674743087498437,-0.0683644523559475,-0.01797343961618504,0.025519959732315575,0.13140056321751065
17,5,WALKING,0.0020785856330052,-0.03493193254192309,0.009757929806596522,0.0062153856895307506,0.004095975166960039,-0.0020097185337420716
17,5,WALKING_DOWNSTAIRS,0.02319651032328961,-0.15155855996592354,0.01271845109074706,0.04269146428475843,0.0005571072715880871,0.016694133165150064
17,5,WALKING_UPSTAIRS,0.0,0.0,0.0,0.0,0.0,0.0
17,Aggregated,LAYING,0.0017441102707141387,-0.0017141819984281684,0.0030837568801812924,0.0012321116021128287,0.0022252376217065787,-0.006571034376286712
17,Aggregated,SITTING,0.06699488753458736,0.051698712164158,0.06249622339812424,0.06757726962657319,0.06505504946883645,-0.6909386509606763
17,Aggregated,STANDING,-0.014473917120325313,0.026425755672023103,-0.034408243255650194,0.007473063957866667,0.033567433874229974,-0.1435310416045039
17,Aggregated,WALKING,0.020709220164119635,-0.01612265071799068,0.05363737547472047,-0.011779340545600576,0.04333498058078572,-0.06561544538365738
17,Aggregated,WALKING_DOWNSTAIRS,0.02874282572473815,-0.10331883237165822,0.02868788197370782,0.015245846778663225,0.017854603423124792,0.00936040979594811
17,Aggregated,WALKING_UPSTAIRS,0.05171879048996926,0.045364172659903536,0.09250206964072025,-0.05178422198975999,0.08650688247018362,-0.13404465384725964
17,Centralized,LAYING,0.0017441102707141387,-0.0017141819984281684,0.0030837568801812924,0.0012321116021128287,0.0022252376217065787,-0.006571034376286712
17,Centralized,SITTING,0.06699488753458736,0.051698712164158,0.06249622339812424,0.06757726962657319,0.06505504946883645,-0.6909386509606763
17,Centralized,STANDING,-0.014473917120325313,0.026425755672023103,-0.034408243255650194,0.007473063957866667,0.033567433874229974,-0.1435310416045039
17,Centralized,WALKING,0.020709220164119635,-0.01612265071799068,0.05363737547472047,-0.011779340545600576,0.04333498058078572,-0.06561544538365738
17,Centralized,WALKING_DOWNSTAIRS,0.02874282572473815,-0.10331883237165822,0.02868788197370782,0.015245846778663225,0.017854603423124792,0.00936040979594811
17,Centralized,WALKING_UPSTAIRS,0.05171879048996926,0.045364172659903536,0.09250206964072025,-0.05178422198975999,0.08650688247018362,-0.13404465384725964
18,0,LAYING,0.0014410163920288192,-0.0006700870963176748,0.0010650872896846224,-0.0019185265470043197,0.00194323488820534,-0.001860724926596787
18,0,SITTING,0.11097444254598564,0.16859514546326154,0.17415939394128424,0.17781010776073838,0.12030939336793338,-0.34673664238698654
18,0,STANDING,0.11753769161696326,0.15903661721966822,0.12947048331549932,0.10939063946350343,0.1415230241091488,-0.31074770445074057
18,0,WALKING,0.011591885631475752,0.00699511506530778,0.016176793408826773,0.012689578883353415,0.012188011128369786,-0.027939752415701805
18,0,WALKING_DOWNSTAIRS,0.01643010955654343,-0.05300580027920878,0.036170436761135766,-0.025558336874568342,0.026056929423792053,-0.009035216382030687
18,0,WALKING_UPSTAIRS,0.06991237287631268,0.07811041459803057,0.0664477829105543,-0.0656598308038249,0.07408944866270654,-0.20121651477439131
18,1,LAYING,0.0029041371904707704,-0.003740602575741059,0.0060361282419249184,0.0004432870786139483,0.0029041371904707704,-0.001835677729766183
18,1,SITTING,0.11171248449274329,0.16521883693202719,0.1763402994220586,0.17889852708650011,0.12598896718205796,-0.325294165856995
18,1,STANDING,0.07604404167134622,0.07943935443504355,0.06783281314907809,0.0650479705804372,0.09598945045099219,-0.1538395341011593
18,1,WALKING,0.025091191758317713,0.038794021502058205,0.00922762918493632,0.0016927222134855955,0.01736805152486001,-0.06540041741718777
18,1,WALKING_DOWNSTAIRS,0.06333208905143593,0.19132134877268048,-0.03460448712102138,-0.3191621636399046,-0.04426760032430196,-0.25222358234328435
18,1,WALKING_UPSTAIRS,0.08146301933464298,0.124980802057577,0.057829194944046446,-0.1067040087107275,0.06657094987914763,-0.20736846903508466
18,2,LAYING,0.001335843906477069,0.0033926331310857333,-0.002614772487524913,0.0033926331310857333,0.0018407087448467974,-0.00734704642597042
18,2,SITTING,0.12023916733903339,0.14470851398253265,0.13612301556394638,0.1391107982458157,0.12312872694411953,-0.2701067092843067
18,2,STANDING,0.08426792069904447,0.044132911614956735,0.0028205874668047826,-0.023079277097886264,0.08410627544011876,-0.0196372987900009
18,2,WALKING,0.06926554562819753,0.07714818796342954,0.05234076656123045,0.0029654799107165226,0.04748221959696076,-0.14041099086932637
18,2,WALKING_DOWNSTAIRS,0.05240722144453196,0.035512080376430055,0.045654799783262104,-0.09977857085631359,0.057286350757524314,-0.08876840550774792
18,2,WALKING_UPSTAIRS,0.08960995398378198,0.12883605305527968,0.07202444681088284,-0.11791515735307492,0.07872780486541675,-0.21709506717425225
18,3,LAYING,0.0023070718504336007,0.00404854624035968,-0.004589479873704321,0.005373049551617966,0.0023070718504336007,-0.009446259619140522
18,3,SITTING,0.08876883469605037,0.10966030041974033,0.11905874338808066,0.13502942168340887,0.10291639534718226,-0.2644769458621161
18,3,STANDING,0.052727962406828074,0.025256814223316833,-0.002149751577880193,0.0017241258029743658,0.054275378483000854,-0.011812707188758242
18,3,WALKING,0.050450821866727856,0.05301940529693002,0.046536827136032105,0.021276513575992122,0.052185199614998776,-0.0916139637134998
18,3,WALKING_DOWNSTAIRS,0.03381628620190854,-0.041188727971133036,0.03659076746294694,-0.020494202541457018,0.03716293038019504,-0.019914631223343426
18,3,WALKING_UPSTAIRS,0.07986204049229892,0.08913539313033776,0.0702385092981168,-0.07629714760916453,0.07874260852635673,-0.18488785007301115
18,4,LAYING,0.0011246132387708126,0.0030157318551618955,-0.002107649835757173,0.003180748356812062,0.0012368317695939954,-0.006450275384581594
18,4,SITTING,0.10714582881470038,0.14055652691655657,0.12567330791480844,0.13646563592566105,0.10648537414806193,-0.29210684494320766
18,4,STANDING,0.053435375177476124,0.03915056464372329,0.013820012108009046,0.010242354716184367,0.05344687785211901,-0.056929918391069104
18,4,WALKING,0.008567297768567609,-0.020627039671201653,0.012477733186936365,0.02286423664443069,0.011689195733560653,0.011502059115180359
18,4,WALKING_DOWNSTAIRS,0.004729986260566828,-0.08648731734940104,0.018580408258423237,0.053262920945685445,0.014225071002973797,0.04704947509943891
18,4,WALKING_UPSTAIRS,0.0,0.0,0.0,0.0,0.0,0.0
18,5,LAYING,0.0,0.0,0.0,0.0,0.0,0.0
18,5,SITTING,0.0,0.0,0.0,0.0,0.0,0.0
18,5,STANDING,0.03184256892006506,-0.04824689408043922,-0.09182787704860615,-0.11226424144155313,0.02390681715749828,0.1547645314360015
18,5,WALKING,0.005604405458671133,-0.00798121864713896,0.010199676159318662,0.008846184220969907,0.006509123090491909,0.006750340562228642
18,5,WALKING_DOWNSTAIRS,0.00792459025451007,-0.08673848776098295,0.023606377112276537,0.05566332736096988,0.01403572871514419,0.049315549251927306
18,5,WALKING_UPSTAIRS,0.0,0.0,0.0,0.0,0.0,0.0
18,Aggregated,LAYING,0.0016514041674011567,0.001364748223644783,-0.0006196784997507772,0.0018716406756404496,0.0019038546703309862,-0.005243465735926605
18,Aggregated,SITTING,0.11441187646894814,0.134327743309735,0.1276309940950321,0.12957073144196746,0.12046943695744758,-0.25832005264379
18,Aggregated,STANDING,0.066181051419097,0.025888354916191902,-0.00892942520199378,-0.02298260965362656,0.06692539372050572,-0.002451840569249182
18,Aggregated,WALKING,0.02164238435144487,0.014749813414950923,0.020106476877170456,0.013858458777024978,0.020155782858450644,-0.03632905118686481
18,Aggregated,WALKING_DOWNSTAIRS,0.030059842272308006,-0.035947185556986054,0.03483753803605848,-0.017381141249989723,0.033205934609689264,-0.015981630671680076
18,Aggregated,WALKING_UPSTAIRS,0.07884031950795758,0.08865710451382054,0.0681466556843435,-0.08239215352990319,0.07482511258727234,-0.18778996134268353
18,Centralized,LAYING,0.0016514041674011567,0.001364748223644783,-0.0006196784997507772,0.0018716406756404496,0.0019038546703309862,-0.005243465735926605
18,Centralized,SITTING,0.11441187646894814,0.134327743309735,0.1276309940950321,0.12957073144196746,0.12046943695744758,-0.25832005264379
18,Centralized,STANDING,0.066181051419097,0.025888354916191902,-0.00892942520199378,-0.02298260965362656,0.06692539372050572,-0.002451840569249182
18,Centralized,WALKING,0.02164238435144487,0.014749813414950923,0.020106476877170456,0.013858458777024978,0.020155782858450644,-0.03632905118686481
18,Centralized,WALKING_DOWNSTAIRS,0.030059842272308006,-0.035947185556986054,0.03483753803605848,-0.017381141249989723,0.033205934609689264,-0.015981630671680076
18,Centralized,WALKING_UPSTAIRS,0.07884031950795758,0.08865710451382054,0.0681466556843435,-0.08239215352990319,0.07482511258727234,-0.18778996134268353
19,0,LAYING,0.0023596781964727903,0.001999269888711265,0.003653165566141888,0.0025305530707967093,-0.00044951332041181515,-0.010093153401710837
19,0,SITTING,0.0763146010030719,0.14771039464694397,0.14411857399856715,0.0027111770640822373,0.04202814066019468,-0.6923297831880423
19,0,STANDING,0.064638326397959,0.10388746525855469,0.03492790973425413,-0.018200817301463328,0.019764738961634245,-0.5035307041727144
19,0,WALKING,0.010540884454976286,0.010744294563148423,0.00595424986185017,0.0015065441240083735,0.00921867174196631,-0.024276205525595455
19,0,WALKING_DOWNSTAIRS,0.01978796733520591,-0.00038765632462144344,0.012187344922998864,-0.0460991141304268,0.02825324299552083,0.0025404404387717764
19,0,WALKING_UPSTAIRS,0.05706202389670665,0.05485265581985835,0.0439756211690975,-0.12093356676491561,0.046057528942504936,-0.07050096683566986
19,1,LAYING,0.004168521168352289,0.007659016748126661,0.007659016748126659,0.0023781907532260524,-0.0014113334325881485,-0.0271648213812166
19,1,SITTING,0.07750366115853391,0.13407603588322053,0.12593182135893788,-0.007376131150222196,0.04320559002702105,-0.6564363412824264
19,1,STANDING,0.04360983349010459,0.05212930856412948,-0.0014217905111899452,-0.007615615542262392,0.02234079623547895,-0.28572741383917444
19,1,WALKING,0.03922974726429734,0.04182643715676954,0.0024834931292453534,-0.02729147489357331,0.03519341290669821,-0.05729527410002248
19,1,WALKING_DOWNSTAIRS,0.16893634269222774,0.22830045819044428,-0.018278087358209957,-0.29000658561808074,0.10760174290504174,-0.11263778689533935
19,1,WALKING_UPSTAIRS,0.08023455663039378,0.08262428231210767,0.023711806341689422,-0.17003006271501478,0.08727431278565126,-0.0795859738203286
19,2,LAYING,0.0015836376076044472,0.0019831395803329654,0.0022200736988460313,0.0017377338715405235,-7.221732746986269e-05,-0.007452367430854105
19,2,SITTING,0.07058419906761072,0.0994494490937106,0.0764874917208047,0.007644865440952997,0.05241978616288741,-0.6260282192484168
19,2,STANDING,0.04300987980889827,0.009253927113455539,-0.09221095325994695,0.022612068539407632,0.03980380292985439,-0.17301292205975333
19,2,WALKING,0.08771026121211388,0.0792091408393167,-0.0031101776427895265,-0.0660154980413079,0.10591771692598217,-0.12668063096838536
19,2,WALKING_DOWNSTAIRS,0.04398789933835279,0.05530107718329068,-0.004303722730501682,-0.13108089908329354,0.05296011746112796,-0.04586554628283251
19,2,WALKING_UPSTAIRS,0.08670759270350722,0.09494495501573012,0.0185372823503383,-0.1847984644099493,0.10025885692055403,-0.10599171964813547
19,3,LAYING,0.001639795413502182,0.00262015909377155,0.00262015909377155,0.0011925420378867994,0.00033673719601384766,-0.008409392834945928
19,3,SITTING,0.06863655565386328,0.11565172299130906,0.10253862322008843,0.026775051971657606,0.04612479477705873,-0.6014224145424805
19,3,STANDING,0.02995249120186812,0.006488798865218331,-0.048635914577869976,0.022195017759826956,0.029066727168365385,-0.14274605018329511
19,3,WALKING,0.05336283071236821,0.046315359757613056,-0.006423092223611444,-0.05017985945949293,0.055895229836655354,-0.09059417996373888
19,3,WALKING_DOWNSTAIRS,0.011158135380925867,-0.0004528524885984747,0.02459551359815163,-0.044448856652043046,0.004694591851973666,0.004453468309590557
19,3,WALKING_UPSTAIRS,0.058472112239604246,0.05933612198901672,0.033383393120851555,-0.14483850458027311,0.0642207496113664,-0.07008260309023708
19,4,LAYING,0.0003817993499767821,0.0003817993499767821,0.00010857530626093848,0.0005457337762062882,0.00010857530626093848,-0.0015264830886817294
19,4,SITTING,0.07297999349276514,0.1097554101587811,0.07952612392220672,0.010079294212375928,0.04178120476157135,-0.6104383862443411
19,4,STANDING,0.035319041770481625,0.022103498724417837,-0.05854763513319272,0.01788441896755831,0.022858724017203617,-0.1452741569437541
19,4,WALKING,0.0029823919956536715,-0.0023104498124223364,0.0018975110285461227,0.005138976950042318,-0.0005699127114555413,-0.001681403942403288
19,4,WALKING_DOWNSTAIRS,-0.014441061037569152,-0.02958844818715336,0.012199745264255714,0.034102170269865575,-0.018775047700962125,0.019984712185982894
19,4,WALKING_UPSTAIRS,0.0,0.0,0.0,0.0,0.0,0.0
19,5,LAYING,0.0,0.0,0.0,0.0,0.0,0.0
19,5,SITTING,0.0,0.0,0.0,0.0,0.0,0.0
19,5,STANDING,0.018600593773844137,-0.03659625647450349,-0.1313306538121793,0.04507928817534795,0.030088685710483017,0.11047885052807772
19,5,WALKING,0.0007394403033026317,-0.0018549575716293053,0.0038997588676075836,0.00835245936264797,-0.005464305001598803,0.0022641119761779684
19,5,WALKING_DOWNSTAIRS,-0.011350982516222503,-0.03580097133020754,0.014156501969481216,0.04358151745678802,-0.017109490759885156,0.020607932222299587
19,5,WALKING_UPSTAIRS,0.0,0.0,0.0,0.0,0.0,0.0
19,Aggregated,LAYING,0.0018189012163619621,0.0024357316602378887,0.0028152682327139485,0.001626968036592841,-0.0002374747601468367,-0.009387897887099875
19,Aggregated,SITTING,0.07606209094282132,0.11260411500268136,0.0852309970058584,0.01697128630645598,0.051326841870514436,-0.6088150672341812
19,Aggregated,STANDING,0.03647629159067157,0.008916354997918714,-0.0755159332961483,0.025301993798249583,0.03281782564913071,-0.1272007767716523
19,Aggregated,WALKING,0.02309039701654072,0.020261029905670365,0.0027612588706314705,-0.011589538041036447,0.022074445141089718,-0.03834302539876437
19,Aggregated,WALKING_DOWNSTAIRS,0.013585775701877852,0.0033016293713504564,0.01642059225817847,-0.04059981893310076,0.010789626330016115,0.0002660745766147277
19,Aggregated,WALKING_UPSTAIRS,0.0647419636115138,0.06401939541305528,0.032945087324425734,-0.14506102367266172,0.06556689789566093,-0.07126227364322085
19,Centralized,LAYING,0.0018189012163619621,0.0024357316602378887,0.0028152682327139485,0.001626968036592841,-0.0002374747601468367,-0.009387897887099875
19,Centralized,SITTING,0.07606209094282132,0.11260411500268136,0.0852309970058584,0.01697128630645598,0.051326841870514436,-0.6088150672341812
19,Centralized,STANDING,0.03647629159067157,0.008916354997918714,-0.0755159332961483,0.025301993798249583,0.03281782564913071,-0.1272007767716523
19,Centralized,WALKING,0.02309039701654072,0.020261029905670365,0.0027612588706314705,-0.011589538041036447,0.022074445141089718,-0.03834302539876437
19,Centralized,WALKING_DOWNSTAIRS,0.013585775701877852,0.0033016293713504564,0.01642059225817847,-0.04059981893310076,0.010789626330016115,0.0002660745766147277
19,Centralized,WALKING_UPSTAIRS,0.0647419636115138,0.06401939541305528,0.032945087324425734,-0.14506102367266172,0.06556689789566093,-0.07126227364322085
20,0,LAYING,0.0033696293151274943,-0.005716028855178565,0.001313483802335802,0.0019991832817601086,-0.0027521344651056556,0.0017858669210608154
20,0,SITTING,0.13997862712191567,0.07775482711637609,0.235048668299164,0.15003603070127425,0.002195560039225032,-0.37512595397843196
20,0,STANDING,0.16029580418383194,0.07044860266888904,0.14414351811688716,0.16804802238759284,5.0013171365074275e-05,-0.3420197769536876
20,0,WALKING,0.022050904545707448,-0.034785338766823194,0.04804828209748174,-0.060077980597422996,0.04167045144131939,-0.062296389642247936
20,0,WALKING_DOWNSTAIRS,0.02831045469174057,-0.0815564243182476,0.031060968801522825,-0.012504116218143782,0.017944533065117205,-0.005402743898734542
20,0,WALKING_UPSTAIRS,0.07134566558053189,0.01334572192446747,0.11856573064393212,-0.15441372685308852,0.10346976175494632,-0.1956943332740749
20,1,LAYING,0.005488157205486079,-0.00220834992799703,0.004481445796090108,0.004819999114509198,-0.007660213681273187,0.0017903708891579865
20,1,SITTING,0.14622812626748471,0.0767942562891425,0.2069586022088801,0.15361158034442396,-0.005611226753765005,-0.36235409821279574
20,1,STANDING,0.09721361213017339,0.042589322172071564,0.030198405666261596,0.09349377268792239,0.01926611711192358,-0.16661274663287115
20,1,WALKING,0.02215795414060167,-0.02350678948209354,0.0648634920323392,-0.09685957891624936,0.057829303785656025,-0.09019866727454012
20,1,WALKING_DOWNSTAIRS,0.04755058889903078,0.3017825792580233,-0.014794193642278842,-0.13289475889701116,0.06455800386781338,-0.1449900982734564
20,1,WALKING_UPSTAIRS,0.05354200640881209,0.028469969077173956,0.09363329454057387,-0.14221685443049692,0.08862394236592247,-0.17597266460691408
20,2,LAYING,0.003527649869500223,-0.01664658429782318,0.006003898820306331,0.004770706217487378,0.005287232489947561,-0.0029429030994183184
20,2,SITTING,0.13958869535073642,0.08685183489614522,0.18399490130470247,0.1477630433469675,0.02330955580770882,-0.3162761902251722
20,2,STANDING,0.0724523569752392,0.06400746138740646,-0.06453475073538575,0.07340265478816158,0.044522872518314806,-0.07173229032265119
20,2,WALKING,0.043743487016169376,-0.08821754818429865,0.145757653327313,-0.18468455730056807,0.09898663793800028,-0.19083077083583339
20,2,WALKING_DOWNSTAIRS,0.03192448953405769,-0.0065894972927172946,0.029827316943975696,-0.030985909228907597,0.04291670462856526,-0.04796045152374919
20,2,WALKING_UPSTAIRS,0.06406378986032026,0.03271516211535395,0.1098612888299638,-0.16557536974772788,0.10419068678845361,-0.200632493289295
20,3,LAYING,0.0025312634245194666,-0.013857494420388106,0.008716021961815168,0.005400135973776932,0.003944860134350146,-0.00673478707407361
20,3,SITTING,0.11573739276421331,0.07904241193629823,0.16617088124156257,0.1289629183009072,0.026546538023070405,-0.30219834112778493
20,3,STANDING,0.05313085139778076,0.048494736279928494,-0.045374593542110916,0.05356835894239368,0.04668356846997039,-0.05576640456055425
20,3,WALKING,0.03964402959495791,-0.08991073989332592,0.12294496199534108,-0.14200419224995156,0.09050754839389094,-0.1440264354271188
20,3,WALKING_DOWNSTAIRS,0.023586560870993686,-0.07542709198038763,0.02188363477793489,0.006213186382094027,0.018595157442252097,-0.0005776317719085621
20,3,WALKING_UPSTAIRS,0.06163537124866479,0.001866644179476662,0.10534424224151756,-0.1313367573621704,0.08715314621382889,-0.17988106604744455
20,4,LAYING,0.0012461699802716719,-0.010445055056594913,0.005372072612254449,0.003370895359065731,0.0035564510502569457,-0.0031005339452538816
20,4,SITTING,0.14220820908159573,0.08196827086165266,0.15230047373667172,0.1556079334450142,0.011167537196732462,-0.33229671336595595
20,4,STANDING,0.062736182150053,0.029105476925031768,-0.06281026332388867,0.06458336695038383,0.04045130353686351,-0.07808316025553705
20,4,WALKING,0.010297609412550273,-0.07021518292531254,0.026881962574975743,-0.00700241747731243,0.01850787665287582,6.55052975767194e-05
20,4,WALKING_DOWNSTAIRS,0.012387212622866099,-0.09436684777390932,0.01720073627545992,0.020738535662076413,-0.0004729911770956641,0.023259468987986934
20,4,WALKING_UPSTAIRS,0.0,0.0,0.0,0.0,0.0,0.0
20,5,LAYING,0.0,0.0,0.0,0.0,0.0,0.0
20,5,SITTING,0.0,0.0,0.0,0.0,0.0,0.0
20,5,STANDING,-0.007978704869839528,0.02558780119512294,-0.17043820338875346,-0.015380127215117119,0.04574511860284909,0.09982611371350242
20,5,WALKING,0.0039821176626023145,-0.033579572965847126,0.006978537714570488,-0.011759846297311123,0.004822302922384918,0.0027439341510736917
20,5,WALKING_DOWNSTAIRS,0.014074059308595777,-0.11321326131744662,0.01596774430798246,0.012731497962248135,-0.0032285882103330653,0.02830815026875457
20,5,WALKING_UPSTAIRS,0.0,0.0,0.0,0.0,0.0,0.0
20,Aggregated,LAYING,0.002981132853110191,-0.009741802065523119,0.004815515458642767,0.0037770350188372037,0.0007644577877985041,-0.0016678355515255482
20,Aggregated,SITTING,0.12998090142790572,0.08314368617291146,0.16073881714445004,0.13798176806026113,0.019332310634334594,-0.31230276203831664
20,Aggregated,STANDING,0.05362573577095038,0.047747994215374866,-0.06529193731560129,0.051504936585404705,0.04012542113174649,-0.05073012857826729
20,Aggregated,WALKING,0.023520638514790478,-0.051111645160337636,0.06064452930584249,-0.07349851709741563,0.047406617738194136,-0.06836360457187365
20,Aggregated,WALKING_DOWNSTAIRS,0.022020142876420148,-0.07046571822836893,0.022476299104366645,0.0005821544304340996,0.01514748289116569,-0.00362328873785932
20,Aggregated,WALKING_UPSTAIRS,0.061155452570144944,0.009125087916469734,0.09954309098828759,-0.13642832753736206,0.08658061506197402,-0.1754985003409061
20,Centralized,LAYING,0.002981132853110191,-0.009741802065523119,0.004815515458642767,0.0037770350188372037,0.0007644577877985041,-0.0016678355515255482
20,Centralized,SITTING,0.12998090142790572,0.08314368617291146,0.16073881714445004,0.13798176806026113,0.019332310634334594,-0.31230276203831664
20,Centralized,STANDING,0.05362573577095038,0.047747994215374866,-0.06529193731560129,0.051504936585404705,0.04012542113174649,-0.05073012857826729
20,Centralized,WALKING,0.023520638514790478,-0.051111645160337636,0.06064452930584249,-0.07349851709741563,0.047406617738194136,-0.06836360457187365
20,Centralized,WALKING_DOWNSTAIRS,0.022020142876420148,-0.07046571822836893,0.022476299104366645,0.0005821544304340996,0.01514748289116569,-0.00362328873785932
20,Centralized,WALKING_UPSTAIRS,0.061155452570144944,0.009125087916469734,0.09954309098828759,-0.13642832753736206,0.08658061506197402,-0.1754985003409061
21,0,LAYING,0.001557589806611831,0.0005204043924238178,-0.001533756460481739,0.0015585320250651792,0.0011788019278239526,0.00046374666061689275
21,0,SITTING,0.04030203843183543,0.11773664438633327,0.17106438741843863,0.0006874345687009202,0.12361210372735795,-0.6441547135704846
21,0,STANDING,0.006727321718259024,0.10989630188945242,0.08807363271386964,-0.027965470676485995,0.12022901240318722,-0.480799181886665
21,0,WALKING,0.0219296478003265,0.0015885324479949707,0.02663733256929638,-0.010948797444926715,0.020547967975008703,-0.02805305164606829
21,0,WALKING_DOWNSTAIRS,0.036769573603095324,-0.09076245799799157,0.03168544156870191,-0.008876043895516838,0.030572719352260153,0.01801988155275918
21,0,WALKING_UPSTAIRS,0.0600113744143879,0.042548120974828726,0.0660020132388433,-0.10636098541439644,0.05525238739629415,-0.053669690182651025
21,1,LAYING,0.001405885028885804,0.002721015285619819,-0.004024174660485622,0.001405885028885804,0.003745989033508241,-0.0052545997164140336
21,1,SITTING,0.03296132587383772,0.11478811075869508,0.1530874586517876,-0.012344300931963885,0.11754099650156671,-0.599472744293077
21,1,STANDING,0.01207018284917146,0.06093908898066601,0.04457098562754839,-0.017745443653496833,0.06413949774108363,-0.2734808842254827
21,1,WALKING,0.04008518268117629,0.0637180402490021,0.03282672535111646,-0.04401512568034541,0.03427802341999876,-0.0654730388342696
21,1,WALKING_DOWNSTAIRS,0.04888509615438811,0.28723405348360836,-0.049020401212022446,-0.2363360754518859,0.10620871235300434,-0.07363805199375985
21,1,WALKING_UPSTAIRS,0.07258832909490057,0.10760718136628766,0.05362280984489121,-0.1745418110462133,0.068100509139958,-0.07345671175489697
21,2,LAYING,0.00042028127232221306,-0.003474897341665443,0.005228050221052427,0.0006665749117291934,-0.002223872687285037,-0.0006161363761533533
21,2,SITTING,0.05323635676722412,0.09029472260112398,0.11264569977880692,0.00045853978378531914,0.0913539858327323,-0.5837893822530182
21,2,STANDING,0.03447641506231653,0.03114090347908377,-0.03370020314771565,0.01137970756202205,0.03121617774832162,-0.182749960817316
21,2,WALKING,0.08938728798384771,0.11912161159587382,0.08463346149663549,-0.08687594882600509,0.07003431050962737,-0.13361204351469644
21,2,WALKING_DOWNSTAIRS,0.0465851275278074,-0.03482695228570694,0.031158258782882697,-0.07671629310747605,0.04937609179868974,0.013956734316770235
21,2,WALKING_UPSTAIRS,0.0799600740889772,0.0969938996544353,0.06403316684340019,-0.1677079248232302,0.07745059850899304,-0.08071988378598138
21,3,LAYING,0.004896576524365577,-0.00798776283532671,0.008529522537887928,-0.0031440966649174014,-0.002361666940774439,6.742737876500964e-05
21,3,SITTING,0.039136624093854974,0.08631893932840265,0.13143451360350455,0.02146826147048806,0.09777872185582978,-0.5594031234043337
21,3,STANDING,0.02075668496921514,0.012543779345478416,-0.012624872814355923,0.011626124912120539,0.024784772439191312,-0.15221632013081637
21,3,WALKING,0.06510730565137932,0.07977452393222134,0.05855246775555118,-0.04185348478349742,0.05360055603920287,-0.08009427296741337
21,3,WALKING_DOWNSTAIRS,0.029052435060443867,-0.11542435949645002,0.03758025338814383,-0.002959693016211043,0.024113310979486532,0.03240752844229778
21,3,WALKING_UPSTAIRS,0.06415899564045587,0.042534084285960325,0.0605596712370053,-0.12892938725079078,0.05766182514041817,-0.04675435161899424
21,4,LAYING,-0.0005333097966892926,-0.0045981967808171225,0.008597402398861899,-0.0022110139909497636,-0.0018777475487399737,0.0006228657183342183
21,4,SITTING,0.05040869694602723,0.07831595043196385,0.13609490234291163,0.013491772800306352,0.09986040901956979,-0.5622769345139074
21,4,STANDING,0.01344421553465533,0.026540384449411984,0.027819333831151812,0.0006399956111599621,0.030667791392859002,-0.14743966040931336
21,4,WALKING,0.009033775031338315,-0.014858846775330314,0.013116753573738224,0.010106470151758595,0.007442350180516556,-0.008832969205335753
21,4,WALKING_DOWNSTAIRS,0.010367340496168435,-0.13681911102563785,0.02713699197116208,0.05913431702140058,0.0032150489312629833,0.03333700045647117
21,4,WALKING_UPSTAIRS,0.0,0.0,0.0,0.0,0.0,0.0
21,5,LAYING,0.0,0.0,0.0,0.0,0.0,0.0
21,5,SITTING,0.0,0.0,0.0,0.0,0.0,0.0
21,5,STANDING,0.025828443479031737,-0.016665886129208548,-0.09447910812181506,0.032131517952573296,-0.010965161947291156,0.08678819672894493
21,5,WALKING,0.003868957807264441,-0.009625809139796802,0.00967996147386884,0.009848613595823397,0.0047129095722227765,0.0005163699435891525
21,5,WALKING_DOWNSTAIRS,0.01666355811299656,-0.15865678791189614,0.03826030135418052,0.07251886836882436,0.01245426671126799,0.0419294928991166
21,5,WALKING_UPSTAIRS,0.0,0.0,0.0,0.0,0.0,0.0
21,Aggregated,LAYING,0.0011924966718392604,-0.0025488353084824555,0.003653157440086157,-0.0003434739457187882,-0.00046340266132467446,-0.0005597096382599828
21,Aggregated,SITTING,0.04894255394959481,0.09617827921295984,0.11945760177787385,0.010841947943705918,0.10354341510828569,-0.5669991773831639
21,Aggregated,STANDING,0.026056307489864133,0.02364934188854666,-0.025131656011068742,0.013273793480403664,0.029428288971197997,-0.13645314317920648
21,Aggregated,WALKING,0.03017771366433104,0.0267906739872404,0.030894491570483188,-0.016612806075664035,0.025846115106062773,-0.04284982362592718
21,Aggregated,WALKING_DOWNSTAIRS,0.02827861124406972,-0.10395576845869595,0.034200314560898885,-0.0023280824504540404,0.024804277979371403,0.028710312655497484
21,Aggregated,WALKING_UPSTAIRS,0.06749329483997264,0.04072689896308898,0.06437833202834221,-0.13152525258394057,0.06117030491352346,-0.0498588868416107
21,Centralized,LAYING,0.0011924966718392604,-0.0025488353084824555,0.003653157440086157,-0.0003434739457187882,-0.00046340266132467446,-0.0005597096382599828
21,Centralized,SITTING,0.04894255394959481,0.09617827921295984,0.11945760177787385,0.010841947943705918,0.10354341510828569,-0.5669991773831639
21,Centralized,STANDING,0.026056307489864133,0.02364934188854666,-0.025131656011068742,0.013273793480403664,0.029428288971197997,-0.13645314317920648
21,Centralized,WALKING,0.03017771366433104,0.0267906739872404,0.030894491570483188,-0.016612806075664035,0.025846115106062773,-0.04284982362592718
21,Centralized,WALKING_DOWNSTAIRS,0.02827861124406972,-0.10395576845869595,0.034200314560898885,-0.0023280824504540404,0.024804277979371403,0.028710312655497484
21,Centralized,WALKING_UPSTAIRS,0.06749329483997264,0.04072689896308898,0.06437833202834221,-0.13152525258394057,0.06117030491352346,-0.0498588868416107
22,0,LAYING,-0.0006994044751093702,0.0003220406310293929,-0.00044546054139015613,0.00013571693187974427,0.0010720465198947279,-0.00038493906630433875
22,0,SITTING,0.04002756655527987,0.18202963991752527,0.18615453199404494,0.17150787637017073,0.04086668607745968,-0.5063919664642823
22,0,STANDING,0.004551263642632441,0.16258439721681925,0.16754779056065855,0.15846107678782875,0.002958153319344893,-0.41297785528319186
22,0,WALKING,0.024307162880726867,0.015734646935226006,0.021259398277532777,-0.07664280356255546,-0.017946954863188452,-0.05124327004861836
22,0,WALKING_DOWNSTAIRS,0.025895170413676567,-0.05501383631325973,0.036819714990711176,0.0033391763023023985,-0.03336670104772236,0.004917361470984228
22,0,WALKING_UPSTAIRS,0.10224945271901237,0.11335978844888218,0.07170192459320689,-0.3069818967084654,0.03835438645296048,-0.19482917703449282
22,1,LAYING,-0.0006833158319256127,0.0010173644401832327,-0.00034317977750384363,0.0006817939703845754,0.0006817939703845754,-0.0013544567715229271
22,1,SITTING,0.037818817687457186,0.16138924691147227,0.16245696873079843,0.15846344302860924,0.02999138730084227,-0.4809911513143845
22,1,STANDING,0.00891300214779,0.08837518496795596,0.07783511777312756,0.09605012586812,0.0015339955859539507,-0.23716737917161163
22,1,WALKING,0.026518589686074442,0.0362071981175517,0.01476422679272536,-0.09376155892514489,-0.01912769911939021,-0.06682801715464437
22,1,WALKING_DOWNSTAIRS,0.06324138896687914,0.17243072903857234,-0.05480023607474587,-0.24749840827291858,0.16594471505255878,-0.18265152204367824
22,1,WALKING_UPSTAIRS,0.07951895166353658,0.10860731135086082,0.0626573196145656,-0.23904801476016968,0.04563349566278152,-0.15191699696271888
22,2,LAYING,-0.005040983628572939,0.0021631435189407226,-0.001550958881256261,0.006239366663090443,0.0030638289963837275,-0.004874396668585698
22,2,SITTING,0.05424371862419631,0.16055355166780616,0.1629084048926502,0.15359777988697004,0.04766592100585134,-0.45630617937393897
22,2,STANDING,0.024575882813833713,0.04888133347421762,0.05311278722798421,0.05490800427425893,0.026921093694208774,-0.15853534711284228
22,2,WALKING,0.04389602998487778,0.0394812845550489,0.03793195680739987,-0.1724594150996336,-0.05664184966402706,-0.1278020912343542
22,2,WALKING_DOWNSTAIRS,0.04497865756852762,0.0077877689817411316,0.02002197101592857,-0.08086362332673842,0.02498575065847728,-0.05610844038451199
22,2,WALKING_UPSTAIRS,0.09303008768347687,0.1163577205937731,0.06639635060681377,-0.2725151255297127,0.05254237794518212,-0.17730918558599612
22,3,LAYING,-0.009912609075001938,0.0026718651912489757,-0.0018897835830489894,0.012758358932637081,0.005521905614674916,-0.009149737080509994
22,3,SITTING,0.04401834074411566,0.14090377415914945,0.13823481104630675,0.14065446295303585,0.03959811301934395,-0.4182527899172193
22,3,STANDING,0.017418490764529625,0.033275351557100666,0.03564149955485541,0.040994055836424306,0.028452462210752635,-0.12034418231737729
22,3,WALKING,0.03488835772716392,0.007394209011524731,0.02990564348099387,-0.1546381954329506,-0.06693696407258766,-0.1079794322305582
22,3,WALKING_DOWNSTAIRS,0.025137567588343533,-0.044458824568002916,0.026627635285146924,-0.0022108928722873494,-0.026993222065508398,0.0018777166122881466
22,3,WALKING_UPSTAIRS,0.08703250451413921,0.08622198080316544,0.06504699765842772,-0.24158002440374707,0.03423286544698313,-0.14562013087121484
22,4,LAYING,-0.0053041221073006255,0.0017369124633547306,-0.0013760676576442903,0.007437937218093022,0.002124879688494658,-0.004619539604997535
22,4,SITTING,0.05375694115021464,0.15389866879102673,0.15129077213158035,0.15265093612648217,0.04640631644971253,-0.4499128127750153
22,4,STANDING,0.010649996255457565,0.04090510852551568,0.028508707385059513,0.05757318908989502,0.027152538996713774,-0.13616377706577337
22,4,WALKING,0.0034968247950448216,-0.03632701086145045,0.014039110027627467,0.011749409660681423,-0.05088123636258169,0.006561834430457416
22,4,WALKING_DOWNSTAIRS,0.0017409903017545868,-0.0646601095621739,0.022075121345457235,0.04417569490546213,-0.0547227215780447,0.03286432651137684
22,4,WALKING_UPSTAIRS,0.0,0.0,0.0,0.0,0.0,0.0
22,5,LAYING,0.0,0.0,0.0,0.0,0.0,0.0
22,5,SITTING,0.0,0.0,0.0,0.0,0.0,0.0
22,5,STANDING,0.016642630192968865,-0.03866036899613202,-0.03972629070421187,-0.03217302694723417,0.01835188652805069,0.06625494226770662
22,5,WALKING,0.00030592658284815574,-0.023799441918274055,0.004904025655490613,0.004738964250441915,-0.025403354646527543,0.005572253777407128
22,5,WALKING_DOWNSTAIRS,-0.005381440036764131,-0.08742241583369983,0.020984820042941547,0.04936829672934584,-0.07224238313772477,0.03899222840551065
22,5,WALKING_UPSTAIRS,0.0,0.0,0.0,0.0,0.0,0.0
22,Aggregated,LAYING,-0.004088236446675846,0.0014905277282513249,-0.0011079306362363353,0.005178493474905425,0.002304423708068434,-0.0037772778283129953
22,Aggregated,SITTING,0.049462754711384005,0.14927192990372706,0.1507316320151702,0.14563201144404328,0.046357162605782605,-0.444921341136769
22,Aggregated,STANDING,0.019874779973953653,0.03358238959519819,0.032499589937824515,0.03958700783585082,0.023032739316963483,-0.11734489347409963
22,Aggregated,WALKING,0.02193647235784327,0.004948943437527345,0.020975030555358022,-0.07189867709412517,-0.03703480002080289,-0.0489979235852221
22,Aggregated,WALKING_DOWNSTAIRS,0.020419277977593537,-0.042200627371137125,0.026566612150650305,-0.00452732261797441,-0.027649547672116102,-0.0009391203034455839
22,Aggregated,WALKING_UPSTAIRS,0.08577212474183643,0.09212244357525325,0.06766060974761043,-0.24287288860321124,0.03707794575909607,-0.15057870111862143
22,Centralized,LAYING,-0.004088236446675846,0.0014905277282513249,-0.0011079306362363353,0.005178493474905425,0.002304423708068434,-0.0037772778283129953
22,Centralized,SITTING,0.049462754711384005,0.14927192990372706,0.1507316320151702,0.14563201144404328,0.046357162605782605,-0.444921341136769
22,Centralized,STANDING,0.019874779973953653,0.03358238959519819,0.032499589937824515,0.03958700783585082,0.023032739316963483,-0.11734489347409963
22,Centralized,WALKING,0.02193647235784327,0.004948943437527345,0.020975030555358022,-0.07189867709412517,-0.03703480002080289,-0.0489979235852221
22,Centralized,WALKING_DOWNSTAIRS,0.020419277977593537,-0.042200627371137125,0.026566612150650305,-0.00452732261797441,-0.027649547672116102,-0.0009391203034455839
22,Centralized,WALKING_UPSTAIRS,0.08577212474183643,0.09212244357525325,0.06766060974761043,-0.24287288860321124,0.03707794575909607,-0.15057870111862143
23,0,LAYING,0.00040436248301416454,-0.0002865352584453751,0.0013406920710291482,0.000774638274638273,9.225262034250337e-05,-0.002325410190578754
23,0,SITTING,0.12555251162015788,0.12566110564281885,0.18423064850878304,0.023436816716093753,0.08745600951766709,-0.4579468632186582
23,0,STANDING,0.14910465906679427,0.15210311857768047,0.06199607526913528,0.03359875479117203,0.11423330127798616,-0.39719103825716445
23,0,WALKING,0.032162126000186274,0.027191782772766713,0.026710752588472383,0.006012066422217489,0.02835057273799493,-0.022207040920406495
23,0,WALKING_DOWNSTAIRS,0.029342527687531858,-0.006526670074433036,0.019942037640347268,-0.036128015277792705,0.02133548477669778,0.008202768189975248
23,0,WALKING_UPSTAIRS,0.08816128259496485,0.08098982288244246,0.07720594231033831,-0.10391416160128768,0.0825148716387687,-0.05891124619731923
23,1,LAYING,-0.0008479216532907767,4.693293283897596e-05,0.003850064923890442,0.0017247852818322621,4.693293283897596e-05,-0.004820794418109864
23,1,SITTING,0.13470761180092541,0.13176296581291405,0.1741663073613461,0.027822972655661863,0.09546447216029856,-0.42919783387544275
23,1,STANDING,0.09885027094203357,0.08767831994772392,-0.020237422862316508,0.039528562453296626,0.0796317056247596,-0.2014535626339393
23,1,WALKING,0.05954692175243454,0.06445226901061517,0.021913064896642718,-0.019124236049559797,0.04685467032523188,-0.07141542933253682
23,1,WALKING_DOWNSTAIRS,0.05932401899333948,0.21638415106785833,-0.009439022791118737,-0.326316871226085,0.14697684052344934,-0.003595783234110366
23,1,WALKING_UPSTAIRS,0.09753540795574295,0.10053859621952733,0.053657309206286086,-0.17155015548130415,0.0899304066504225,-0.0755636311195334
23,2,LAYING,0.0034265197558663602,0.0013649245718680536,0.0028550228644268595,0.0016186066564944257,0.0023624002476762052,-0.011627474096331903
23,2,SITTING,0.12471435421234402,0.11656356877190664,0.13275145830559745,0.04274382581036818,0.09717912636838485,-0.3753802137644051
23,2,STANDING,0.05747830038807089,0.05186237806928521,-0.0986593416207617,0.060965744342750115,0.07758733402104405,-0.07252504647064693
23,2,WALKING,0.13912398232806547,0.12009351071827522,0.061852866146042455,-0.046064398229609775,0.09227933101311794,-0.13169120732520298
23,2,WALKING_DOWNSTAIRS,0.04576130057823792,0.031027244089011453,0.017787097672498534,-0.10839016094430284,0.05042759249458863,-0.007001316925787582
23,2,WALKING_UPSTAIRS,0.10735604708558935,0.10495386133802227,0.062464974392954384,-0.16111849552802274,0.09892911742070307,-0.09623392925319399
23,3,LAYING,0.004599928804514248,0.0019625488643473447,0.0018877839116209865,0.0015120984138968952,0.0027796153403651658,-0.012741975334744639
23,3,SITTING,0.10592936430294703,0.11013051553097605,0.12278553788003826,0.0463023500427155,0.09140774982902597,-0.35625476570600273
23,3,STANDING,0.04395750966006193,0.03833149587885895,-0.07581146055655673,0.04640100069949472,0.060753290006616,-0.04675908318074602
23,3,WALKING,0.1063457019219003,0.09152001674016952,0.05271518191538095,-0.01047938506781825,0.08521844400073143,-0.06795357799394976
23,3,WALKING_DOWNSTAIRS,0.015563498222806437,-0.01771502393084609,0.02437282937845194,-0.03376218689239588,0.01263162809841847,0.02834047205478206
23,3,WALKING_UPSTAIRS,0.08440674961557307,0.07380883887521546,0.0634362342069015,-0.11944880192155999,0.07475093402154584,-0.04978590787290672
23,4,LAYING,0.002847536036747913,0.0008489782238178644,0.0017962207008183774,0.0007375028620729844,0.0016847453390734972,-0.007914983162530633
23,4,SITTING,0.10817116169406395,0.10851453105331162,0.12368445942458156,0.041304297404196375,0.10378884107235367,-0.37379828566346074
23,4,STANDING,0.045621443176601474,0.04148814010038546,-0.0759058730532156,0.040318957071137085,0.06747091484141948,-0.08009948654120105
23,4,WALKING,0.015258457080743044,0.006577957997349761,0.008481177998151896,0.017302190296952093,0.013255120002700967,-0.004056721557715896
23,4,WALKING_DOWNSTAIRS,-0.00120564745429217,-0.03567429268584637,0.014188759392567429,0.049069237800636024,-0.012240450720828158,0.018753627512576747
23,4,WALKING_UPSTAIRS,0.0,0.0,0.0,0.0,0.0,0.0
23,5,LAYING,0.0,0.0,0.0,0.0,0.0,0.0
23,5,SITTING,0.0,0.0,0.0,0.0,0.0,0.0
23,5,STANDING,-0.015149396031080009,-0.019329389937925417,-0.19597228853245718,0.054690377627819094,0.02668083216939175,0.13959561409850565
23,5,WALKING,0.009026389079011533,0.0016570453909434235,0.010752075412363275,0.01051947118511676,0.006915243767932133,0.0026229250228017326
23,5,WALKING_DOWNSTAIRS,0.005111748890970277,-0.04110673127141327,0.02283169409847606,0.062193243920667905,-0.003379034423647483,0.02494869193775154
23,5,WALKING_UPSTAIRS,0.0,0.0,0.0,0.0,0.0,0.0
23,Aggregated,LAYING,0.002075083859258442,0.0007076869090740567,0.002177802198944908,0.0011575889501206083,0.0013395636247254298,-0.007457725542123497
23,Aggregated,SITTING,0.112507750522491,0.1097130765774704,0.11576278662044873,0.044072166878463596,0.09468137749747527,-0.367001464385768
23,Aggregated,STANDING,0.04355199160431031,0.03861477566871875,-0.10309836546833998,0.05291001538631982,0.0626582459055866,-0.046501054545823796
23,Aggregated,WALKING,0.047882894836160164,0.04066479847861406,0.026968097555425324,0.0013607391009674986,0.037992140472740014,-0.03950585865252364
23,Aggregated,WALKING_DOWNSTAIRS,0.018796017436167326,-0.010786459065525425,0.02199191761186044,-0.025415091621459076,0.014543270044875847,0.019797792781853316
23,Aggregated,WALKING_UPSTAIRS,0.0864948500532709,0.07465076032209696,0.06497138161898013,-0.1273810949778288,0.07698919297986814,-0.06013316034773761
23,Centralized,LAYING,0.002075083859258442,0.0007076869090740567,0.002177802198944908,0.0011575889501206083,0.0013395636247254298,-0.007457725542123497
23,Centralized,SITTING,0.112507750522491,0.1097130765774704,0.11576278662044873,0.044072166878463596,0.09468137749747527,-0.367001464385768
23,Centralized,STANDING,0.04355199160431031,0.03861477566871875,-0.10309836546833998,0.05291001538631982,0.0626582459055866,-0.046501054545823796
23,Centralized,WALKING,0.047882894836160164,0.04066479847861406,0.026968097555425324,0.0013607391009674986,0.037992140472740014,-0.03950585865252364
23,Centralized,WALKING_DOWNSTAIRS,0.018796017436167326,-0.010786459065525425,0.02199191761186044,-0.025415091621459076,0.014543270044875847,0.019797792781853316
23,Centralized,WALKING_UPSTAIRS,0.0864948500532709,0.07465076032209696,0.06497138161898013,-0.1273810949778288,0.07698919297986814,-0.06013316034773761
