Round,Evaluator,Classes,4,2,0,1,3
0,0,Backdoor,,,,,
0,0,DDoS_HTTP,,,,,
0,0,DDoS_ICMP,,,,,
0,0,DDoS_TCP,,,,,
0,0,DDoS_UDP,,,,,
0,0,Fingerprinting,,,,,
0,0,MITM,,,,,
0,0,Normal,,,,,
0,0,Password,,,,,
0,0,Port_Scanning,,,,,
0,0,Ransomware,,,,,
0,0,SQL_injection,,,,,
0,0,Uploading,,,,,
0,0,Vulnerability_scanner,,,,,
0,0,XSS,,,,,
0,1,Backdoor,,,,,
0,1,DDoS_HTTP,,,,,
0,1,DDoS_ICMP,,,,,
0,1,DDoS_TCP,,,,,
0,1,DDoS_UDP,,,,,
0,1,Fingerprinting,,,,,
0,1,MITM,,,,,
0,1,Normal,,,,,
0,1,Password,,,,,
0,1,Port_Scanning,,,,,
0,1,Ransomware,,,,,
0,1,SQL_injection,,,,,
0,1,Uploading,,,,,
0,1,Vulnerability_scanner,,,,,
0,1,XSS,,,,,
0,2,Backdoor,,,,,
0,2,DDoS_HTTP,,,,,
0,2,DDoS_ICMP,,,,,
0,2,DDoS_TCP,,,,,
0,2,DDoS_UDP,,,,,
0,2,Fingerprinting,,,,,
0,2,MITM,,,,,
0,2,Normal,,,,,
0,2,Password,,,,,
0,2,Port_Scanning,,,,,
0,2,Ransomware,,,,,
0,2,SQL_injection,,,,,
0,2,Uploading,,,,,
0,2,Vulnerability_scanner,,,,,
0,2,XSS,,,,,
0,3,Backdoor,,,,,
0,3,DDoS_HTTP,,,,,
0,3,DDoS_ICMP,,,,,
0,3,DDoS_TCP,,,,,
0,3,DDoS_UDP,,,,,
0,3,Fingerprinting,,,,,
0,3,MITM,,,,,
0,3,Normal,,,,,
0,3,Password,,,,,
0,3,Port_Scanning,,,,,
0,3,Ransomware,,,,,
0,3,SQL_injection,,,,,
0,3,Uploading,,,,,
0,3,Vulnerability_scanner,,,,,
0,3,XSS,,,,,
0,4,Backdoor,,,,,
0,4,DDoS_HTTP,,,,,
0,4,DDoS_ICMP,,,,,
0,4,DDoS_TCP,,,,,
0,4,DDoS_UDP,,,,,
0,4,Fingerprinting,,,,,
0,4,MITM,,,,,
0,4,Normal,,,,,
0,4,Password,,,,,
0,4,Port_Scanning,,,,,
0,4,Ransomware,,,,,
0,4,SQL_injection,,,,,
0,4,Uploading,,,,,
0,4,Vulnerability_scanner,,,,,
0,4,XSS,,,,,
0,Aggregated,Backdoor,,,,,
0,Aggregated,DDoS_HTTP,,,,,
0,Aggregated,DDoS_ICMP,,,,,
0,Aggregated,DDoS_TCP,,,,,
0,Aggregated,DDoS_UDP,,,,,
0,Aggregated,Fingerprinting,,,,,
0,Aggregated,MITM,,,,,
0,Aggregated,Normal,,,,,
0,Aggregated,Password,,,,,
0,Aggregated,Port_Scanning,,,,,
0,Aggregated,Ransomware,,,,,
0,Aggregated,SQL_injection,,,,,
0,Aggregated,Uploading,,,,,
0,Aggregated,Vulnerability_scanner,,,,,
0,Aggregated,XSS,,,,,
0,Centralized,Backdoor,,,,,
0,Centralized,DDoS_HTTP,,,,,
0,Centralized,DDoS_ICMP,,,,,
0,Centralized,DDoS_TCP,,,,,
0,Centralized,DDoS_UDP,,,,,
0,Centralized,Fingerprinting,,,,,
0,Centralized,MITM,,,,,
0,Centralized,Normal,,,,,
0,Centralized,Password,,,,,
0,Centralized,Port_Scanning,,,,,
0,Centralized,Ransomware,,,,,
0,Centralized,SQL_injection,,,,,
0,Centralized,Uploading,,,,,
0,Centralized,Vulnerability_scanner,,,,,
0,Centralized,XSS,,,,,
1,0,Backdoor,-0.3446062880645991,0.08812498569204504,0.10461429985671011,0.0626115154044295,0.06155675821746634
1,0,DDoS_HTTP,-0.27587947959929854,0.05319823217838397,0.05352648958588183,0.1000736681900842,0.06908108964494851
1,0,DDoS_ICMP,0.19592109031912547,0.19750341664693105,0.19756270217713656,0.19713881115870605,0.1978584068393692
1,0,DDoS_TCP,0.093717860070579,0.1545961911720913,0.16653464205952317,0.1644374008977369,0.16552301497622496
1,0,DDoS_UDP,0.19661179086071584,0.1975254094340574,0.19653459503217294,0.19710670827428614,0.19717898495337854
1,0,Fingerprinting,0.0,0.0,0.0,0.0,0.0
1,0,MITM,0.07129878557522942,-0.00012978585334198675,-0.00012978585334198582,-0.07155835728191341,-0.00012978585334198572
1,0,Normal,0.0,0.0,0.0,0.0,0.0
1,0,Password,-0.27505738125869345,0.10472199252611018,0.09926331252628394,-0.0050630259710973385,0.10607522193787551
1,0,Port_Scanning,0.15983759245352724,-0.012861092488969376,-0.06200595254133378,-0.041874684313937136,-0.04309586310928696
1,0,Ransomware,0.0,0.0,0.0,0.0,0.0
1,0,SQL_injection,-0.0625192021914318,-0.037503837508608674,-0.03076116497646246,0.07683184822449066,-0.055752284898198716
1,0,Uploading,0.010639514758956073,0.03024614865792054,0.014443880393993698,0.010217233591074338,0.013818301963134737
1,0,Vulnerability_scanner,0.1562233771434813,0.1562233771434813,0.15599947209378526,0.15622337714348125,0.15616740088105727
1,0,XSS,0.010309278350515464,0.010309278350515464,0.010309278350515464,0.010309278350515464,0.0
1,1,Backdoor,-0.36177089042841576,0.08554096400195049,0.1027320262967628,0.07175600387695878,0.07241973326721435
1,1,DDoS_HTTP,-0.2762329006699904,0.04896855025457947,0.05129852840929202,0.10729165416498536,0.06867416784113342
1,1,DDoS_ICMP,0.1980402299176334,0.19816880978440962,0.19807226496880828,0.19807773623921948,0.19847485133227238
1,1,DDoS_TCP,0.09691562901233824,0.15611702139735553,0.16403735755918442,0.16145477489769894,0.16319707143805837
1,1,DDoS_UDP,0.19886425909563663,0.19836105578649257,0.19748047244667907,0.19832944055662055,0.1981899914840867
1,1,Fingerprinting,0.0,0.0,0.0,0.0,0.0
1,1,MITM,-0.0001289906481780071,-0.0001289906481780071,-0.0001289906481780071,-0.0001289906481780071,-0.0001289906481780071
1,1,Normal,0.0,0.0,0.0,0.0,0.0
1,1,Password,-0.25232925204377726,0.10026105301072752,0.099125190758155,0.0035336644778065575,0.10823287320885308
1,1,Port_Scanning,0.1516917818668424,-0.004961593712917492,-0.06085856554591118,-0.041861239675611964,-0.04401038293240179
1,1,Ransomware,0.0,0.0,0.0,0.0,0.0
1,1,SQL_injection,-0.07008696164447482,-0.04230918386669704,-0.034768850675061254,0.08079514994098155,-0.060239595814834256
1,1,Uploading,0.017878225544191096,0.035328575863257404,0.01323467984696881,0.009693697055194295,0.010821343429518833
1,1,Vulnerability_scanner,0.1572747658701977,0.1572747658701977,0.1572747658701977,0.1572383073496659,0.15712893178807044
1,1,XSS,0.007590285501571887,0.007590285501571887,0.007590285501571887,0.006735723037553463,0.001581503359285282
1,2,Backdoor,-0.340434766932231,0.08920956787493813,0.10815666456985248,0.053017976681241794,0.05892663849784123
1,2,DDoS_HTTP,-0.2875266156638137,0.057495360163000754,0.05629892830010009,0.10216468142544873,0.0715676457752641
1,2,DDoS_ICMP,0.19722147079123112,0.1975930850609216,0.19816464903001962,0.197261594712255,0.19815723699637985
1,2,DDoS_TCP,0.09275317329882281,0.15236158147437479,0.16864278243392447,0.1659755469463225,0.16693358251322218
1,2,DDoS_UDP,0.1980978020817134,0.19733417197431552,0.1975411632490551,0.1971386046859497,0.1974942593135977
1,2,Fingerprinting,0.0,0.0,0.0,0.0,0.0
1,2,MITM,0.14987244897959184,-0.01084183673469387,-0.010841836734693874,-0.11798469387755108,-0.010841836734693877
1,2,Normal,0.0,0.0,0.0,0.0,0.0
1,2,Password,-0.26384585086784945,0.09591709312907427,0.09530875007751798,-0.004265648919950215,0.10395332575413976
1,2,Port_Scanning,0.16400719301929395,-0.015974569006659795,-0.06807911549284963,-0.03962782685933939,-0.04032568166044513
1,2,Ransomware,0.0,0.0,0.0,0.0,0.0
1,2,SQL_injection,-0.06596188189573024,-0.03647186564273079,-0.030614000394002593,0.08608637737005768,-0.05874687468072303
1,2,Uploading,0.018662616038830675,0.03587239893937189,0.022367048626694263,0.02236837391593908,0.020652193040092522
1,2,Vulnerability_scanner,0.15914754962356334,0.15914754962356334,0.15914754962356334,0.1591097257929655,0.1591097257929655
1,2,XSS,0.015113976856684412,0.015113976856684412,0.015113976856684412,0.014285440313862151,0.0015971189120029812
1,3,Backdoor,-0.36347847880631184,0.08574034274758052,0.10555763026760774,0.06624332205538931,0.06881597161452217
1,3,DDoS_HTTP,-0.2767525364315338,0.052492527649411216,0.05305016415845608,0.09978656872741667,0.07142327589624974
1,3,DDoS_ICMP,0.1969533047411381,0.1976359491944569,0.19734098552632473,0.1973270100868985,0.19803938517371353
1,3,DDoS_TCP,0.09980338486825037,0.1496439887193367,0.1607827818050254,0.15933134783746822,0.1600235034633599
1,3,DDoS_UDP,0.19771640023818265,0.1971265486747451,0.19644048221688445,0.19686741353952417,0.1974700703633433
1,3,Fingerprinting,0.0,0.0,0.0,0.0,0.0
1,3,MITM,0.0,0.0,0.0,0.0,0.0
1,3,Normal,0.0,0.0,0.0,0.0,0.0
1,3,Password,-0.25217984368129537,0.09925548311045779,0.09880195106247158,-0.00046582831966572314,0.10192551593454045
1,3,Port_Scanning,0.18143222979276033,-0.01979692072092495,-0.07203141231592518,-0.044495419537394866,-0.045108477218515367
1,3,Ransomware,0.0,0.0,0.0,0.0,0.0
1,3,SQL_injection,-0.06560162908721025,-0.035134022096458876,-0.026965428420280057,0.0877147592256589,-0.060013679621709747
1,3,Uploading,-0.013054414656303614,0.029292479011979376,0.016814930151538697,0.01678819316745665,0.017619129785646354
1,3,Vulnerability_scanner,0.15160433994200334,0.15160433994200334,0.15143017386427368,0.15160433994200334,0.15160433994200334
1,3,XSS,0.007772020725388601,0.007772020725388601,0.007772020725388601,0.007772020725388601,0.0
1,4,Backdoor,-0.017563011507518274,0.000832270923360699,0.0034883731246274905,0.003788003695377682,0.004932996658313523
1,4,DDoS_HTTP,-0.01593764929321476,0.0019406079407961595,0.0043163686176578885,0.0055992753659451,0.004081397368815607
1,4,DDoS_ICMP,0.20913617913130472,0.1926729507335968,0.1955032855406924,0.19108571786832068,0.2000050781444616
1,4,DDoS_TCP,0.08957309914048629,0.15849335859426686,0.16576591694491263,0.1629343837792235,0.16382463939057307
1,4,DDoS_UDP,0.22640709972523881,0.19242620315494424,0.18948924111134735,0.19495180728363146,0.18400134203642063
1,4,Fingerprinting,0.0,0.0,0.0,0.0,0.0
1,4,MITM,-1.2317167051578136e-05,-1.2317167051578136e-05,-1.2317167051578136e-05,-1.2317167051578136e-05,-1.2317167051578136e-05
1,4,Normal,0.986814019907417,1.8192265263098732e-06,6.160024418592573e-07,2.6213641793966975e-06,2.6213641793966975e-06
1,4,Password,0.03916047862443512,0.0013490788523934107,0.0015805991917993139,0.010770455047998503,0.00039382615319612235
1,4,Port_Scanning,0.15728890946623272,-0.004936302422317614,-0.06483470341825949,-0.043788394775785784,-0.04372950884986983
1,4,Ransomware,0.0,0.0,0.0,0.0,0.0
1,4,SQL_injection,-0.007366543352716023,-0.005049411816096097,-0.005394326474773526,-0.000645662967179791,-0.006721441518783664
1,4,Uploading,0.0588190824394053,0.004770792434175444,0.0017646641756007973,0.0010904287872046975,0.0008817648368811026
1,4,Vulnerability_scanner,0.19442411221880826,0.1406283006876631,0.19375022368209535,0.0867567706640346,0.17885400056862816
1,4,XSS,0.021478123814585914,0.021214304719108526,0.021402746930163807,0.020561376779748432,0.005795709062925977
1,Aggregated,Backdoor,-0.07312398771062732,0.00626842842779321,0.015649569975338083,0.0173388237558755,0.020286243207463216
1,Aggregated,DDoS_HTTP,-0.06765592623924296,0.009225656416466398,0.016182608365387836,0.024080813063304635,0.0181668483940841
1,Aggregated,DDoS_ICMP,0.19949032229619876,0.19669699935412896,0.197324469383832,0.19615527793126433,0.19851365446350414
1,Aggregated,DDoS_TCP,0.09455622344410658,0.1542506272019873,0.1651487685549941,0.16282598132630538,0.16389976219805752
1,Aggregated,DDoS_UDP,0.20372842882783931,0.19654256564279204,0.19544875532240466,0.1968973975906606,0.19472462476820224
1,Aggregated,Fingerprinting,0.0,0.0,0.0,0.0,0.0
1,Aggregated,MITM,0.0498091841486008,-0.0023046965943121995,-0.0023046965943122,-0.043024393564009146,-0.0023046965943122
1,Aggregated,Normal,0.9374460989194551,1.4796980457622751e-05,1.1539427151733654e-05,2.6017340849835795e-05,1.8054372772504288e-05
1,Aggregated,Password,-0.007849947003168945,0.015275316637204116,0.015541979990682752,0.009100549652640587,0.011319916473012953
1,Aggregated,Port_Scanning,0.16295077847979084,-0.011758447604009414,-0.06561245234696803,-0.042327746374685817,-0.04325213215412756
1,Aggregated,Ransomware,0.0,0.0,0.0,0.0,0.0
1,Aggregated,SQL_injection,-0.021846451247878436,-0.013872105414813636,-0.014526779547352207,0.00495508923869795,-0.01936863440542071
1,Aggregated,Uploading,0.051908480572834974,0.015153359603061179,0.003660403431049923,0.0069760407454263346,0.006686573691791638
1,Aggregated,Vulnerability_scanner,0.16614485390713313,0.15328788404794708,0.16592920837643008,0.13521182961020628,0.1623754296971289
1,Aggregated,XSS,0.012508822331914136,0.012478172198804984,0.012500065151025808,0.011994473096405216,0.0018005185039011416
1,Centralized,Backdoor,-0.07312398771062732,0.00626842842779321,0.015649569975338083,0.0173388237558755,0.020286243207463216
1,Centralized,DDoS_HTTP,-0.06765592623924296,0.009225656416466398,0.016182608365387836,0.024080813063304635,0.0181668483940841
1,Centralized,DDoS_ICMP,0.19949032229619876,0.19669699935412896,0.197324469383832,0.19615527793126433,0.19851365446350414
1,Centralized,DDoS_TCP,0.09455622344410658,0.1542506272019873,0.1651487685549941,0.16282598132630538,0.16389976219805752
1,Centralized,DDoS_UDP,0.20372842882783931,0.19654256564279204,0.19544875532240466,0.1968973975906606,0.19472462476820224
1,Centralized,Fingerprinting,0.0,0.0,0.0,0.0,0.0
1,Centralized,MITM,0.0498091841486008,-0.0023046965943121995,-0.0023046965943122,-0.043024393564009146,-0.0023046965943122
1,Centralized,Normal,0.9374460989194551,1.4796980457622751e-05,1.1539427151733654e-05,2.6017340849835795e-05,1.8054372772504288e-05
1,Centralized,Password,-0.007849947003168945,0.015275316637204116,0.015541979990682752,0.009100549652640587,0.011319916473012953
1,Centralized,Port_Scanning,0.16295077847979084,-0.011758447604009414,-0.06561245234696803,-0.042327746374685817,-0.04325213215412756
1,Centralized,Ransomware,0.0,0.0,0.0,0.0,0.0
1,Centralized,SQL_injection,-0.021846451247878436,-0.013872105414813636,-0.014526779547352207,0.00495508923869795,-0.01936863440542071
1,Centralized,Uploading,0.051908480572834974,0.015153359603061179,0.003660403431049923,0.0069760407454263346,0.006686573691791638
1,Centralized,Vulnerability_scanner,0.16614485390713313,0.15328788404794708,0.16592920837643008,0.13521182961020628,0.1623754296971289
1,Centralized,XSS,0.012508822331914136,0.012478172198804984,0.012500065151025808,0.011994473096405216,0.0018005185039011416
2,0,Backdoor,-0.04325191908465757,0.1175975268217486,0.13226424170432305,0.12974065833592677,0.16121046783241522
2,0,DDoS_HTTP,-0.14508903842313794,0.12697045843966512,0.12035266605023484,0.11812191020837864,0.12045117861275191
2,0,DDoS_ICMP,0.002160754058128957,0.0021011330585923174,0.001728362752195082,0.0015060252081510518,0.0020269347987354985
2,0,DDoS_TCP,0.008255687131376931,0.0007660626375939265,0.002910306192016073,0.002832191594895711,0.0018945331762188322
2,0,DDoS_UDP,0.0020920551817991146,0.003131044070232664,0.0029154716833869813,0.0025904119899839355,0.0030232059393412464
2,0,Fingerprinting,0.0,0.0,0.0,0.0,0.0
2,0,MITM,-0.2990187590187592,0.2340981240981241,0.1351082251082251,0.19571428571428567,0.23409812409812403
2,0,Normal,0.0,0.0,0.0,0.0,0.0
2,0,Password,-0.19219056180658053,0.11260321801688482,-0.006588108806844728,0.11697086488128378,-0.030795412284743313
2,0,Port_Scanning,0.0,0.0,0.0,0.0,0.0
2,0,Ransomware,0.0,0.0,0.0,0.0,0.0
2,0,SQL_injection,-0.2267816688711607,0.047810770424580644,0.0800868095835208,-0.003677082222034328,0.10256117108509377
2,0,Uploading,-0.0007136872536982126,-0.002909804557918643,0.007964559517503696,0.00434776730131367,0.00267586866519548
2,0,Vulnerability_scanner,3.3585757454401845e-05,3.3585757454401845e-05,-0.00013434302981760738,3.3585757454401845e-05,3.3585757454401845e-05
2,0,XSS,-0.0023593330800190807,-0.0003505339086801656,-0.0023593330800190807,0.006656205056821688,-0.00158700498810336
2,1,Backdoor,-0.021020362190342833,0.11127390639881625,0.1329900311622758,0.13048692967650005,0.1620922797628772
2,1,DDoS_HTTP,-0.15050564510774525,0.12756475370333933,0.12228102361206088,0.1125628802595673,0.11942228873759715
2,1,DDoS_ICMP,0.0011671019546750409,0.0013146629014243404,0.00110979652391864,0.0009608523639905201,0.0012406335234303586
2,1,DDoS_TCP,0.008738698634157485,0.000257277312991309,0.0032402785946282673,0.0033633888751412413,0.0016595604103858685
2,1,DDoS_UDP,0.0003211497884252179,0.0018119037820838754,0.0018380845436730057,0.001864369422409031,0.001972466777425123
2,1,Fingerprinting,0.0,0.0,0.0,0.0,0.0
2,1,MITM,-0.28285714285714314,0.19571428571428573,0.1957142857142857,0.19571428571428567,0.19571428571428567
2,1,Normal,0.0,0.0,0.0,0.0,0.0
2,1,Password,-0.16917386078879135,0.09842321170987542,-0.005227463876212159,0.10591008091880846,-0.029931967963680306
2,1,Port_Scanning,0.0,0.0,0.0,0.0,0.0
2,1,Ransomware,0.0,0.0,0.0,0.0,0.0
2,1,SQL_injection,-0.2356904738843527,0.04509958726985337,0.08197283604338186,0.005528023797486308,0.10309002677363119
2,1,Uploading,0.007736208960325438,0.0007584775855744944,0.007481346076403562,0.006663189232313694,0.0030256156295533445
2,1,Vulnerability_scanner,0.0,0.0,0.0,0.0,0.0
2,1,XSS,-0.005767725605684137,-0.002266608448785922,-0.005767725605684137,0.01962238777497802,-0.005820328114823822
2,2,Backdoor,-0.048173541678449304,0.10884461753299889,0.13483588188875295,0.1337242618771491,0.17076878037954843
2,2,DDoS_HTTP,-0.14323657412028734,0.13257727801103494,0.12073781430383365,0.11803948971375036,0.12849417634129698
2,2,DDoS_ICMP,0.0016083260389949856,0.0018128459931997705,0.0014028271052733132,0.0012348481612748836,0.0017203142215354017
2,2,DDoS_TCP,0.008077179423471588,-0.0005742733933446968,0.0022962132244407703,0.0020313396746044748,0.0016601483229029342
2,2,DDoS_UDP,0.0008227891264163086,0.0026115449550472994,0.0025568810997420735,0.0021258539430781967,0.0026645464688596224
2,2,Fingerprinting,0.0,0.0,0.0,0.0,0.0
2,2,MITM,-0.558232323232323,0.17510101010101012,0.052878787878787865,0.12787878787878787,0.20237373737373734
2,2,Normal,0.0,0.0,0.0,0.0,0.0
2,2,Password,-0.17597478826081522,0.10485159521084012,-0.0058241893097664,0.10859309387664738,-0.03164571151690597
2,2,Port_Scanning,0.0,0.0,0.0,0.0,0.0
2,2,Ransomware,0.0,0.0,0.0,0.0,0.0
2,2,SQL_injection,-0.23934258419863044,0.049122888107467316,0.08837675147608058,-0.000670578768599861,0.10251352338368239
2,2,Uploading,0.0039709253332929255,-0.0013315517873659602,0.0026715602033623624,0.0019602005274324446,0.0033244693274169625
2,2,Vulnerability_scanner,0.0,0.0,0.0,0.0,0.0
2,2,XSS,-0.006485579844980993,0.0010389520916874817,-0.006485579844980993,0.016853161592915358,-0.004920953994640857
2,3,Backdoor,-0.031190152829152877,0.11407945162301895,0.13419246670944654,0.12829611744918962,0.1657332281586092
2,3,DDoS_HTTP,-0.14349760556179733,0.1273656177748,0.12038394566977106,0.1150075689076077,0.12804586243117552
2,3,DDoS_ICMP,0.0015481867901746679,0.002295682705802136,0.0016790075502871537,0.0013614689054467998,0.0017722567358294471
2,3,DDoS_TCP,0.015695757884750514,-0.00014740150054492657,0.003980721526033399,0.004068456127856227,0.0020530613627051703
2,3,DDoS_UDP,0.0016439429879371045,0.0027345893255606084,0.002464315923698568,0.00200605188601109,0.0026260222110053967
2,3,Fingerprinting,0.0,0.0,0.0,0.0,0.0
2,3,MITM,-0.26142857142857173,0.19928571428571432,0.1992857142857143,0.18142857142857144,0.18142857142857144
2,3,Normal,0.0,0.0,0.0,0.0,0.0
2,3,Password,-0.16366977190687107,0.09361315055322604,-0.004374109481533983,0.10529428685175828,-0.03086355601657927
2,3,Port_Scanning,0.0,0.0,0.0,0.0,0.0
2,3,Ransomware,0.0,0.0,0.0,0.0,0.0
2,3,SQL_injection,-0.2255545402556639,0.03881342079260563,0.08538238322199142,-0.008312274154782919,0.1096710103958499
2,3,Uploading,0.00017357179779891978,-0.007292152599888447,0.007875195317030896,0.004925199613318618,0.009535033765753275
2,3,Vulnerability_scanner,7.021358593025291e-05,3.483321554592633e-05,-0.00010395249179937875,-7.130789560705342e-05,7.021358593025291e-05
2,3,XSS,-0.004515213174393266,0.00024391586582385923,-0.004515213174393266,0.013392397232485467,-0.004605886749522797
2,4,Backdoor,0.27155377749766785,-0.007501554353882319,-0.016593321213493415,-0.015852959020923655,-0.011992683240860278
2,4,DDoS_HTTP,0.1844665838486417,0.02120979248162487,0.01977551459325288,0.019182633634818296,0.021872078082718738
2,4,DDoS_ICMP,0.0016336626120097527,0.0016514656943704834,0.0016711154392747341,0.0014470115964458409,0.0018204727493045581
2,4,DDoS_TCP,0.009766689510224405,0.0009803563157207336,0.004574059530679686,0.004009415800332409,0.002734228265112252
2,4,DDoS_UDP,0.002884654051636835,0.0015650604958000155,0.0021241246680689255,0.0031940048342854427,0.0023117173130299596
2,4,Fingerprinting,0.0,0.0,0.0,0.0,0.0
2,4,MITM,0.1656432302483039,0.08325931472133345,0.07761556369075902,0.09295524478781728,0.08052664655178626
2,4,Normal,0.7894047637720306,-0.19802660862215601,-0.19807359389732979,-0.19799135698452103,-0.19801961273043425
2,4,Password,0.03252849808273463,-0.008478582677076756,-0.010757352898737412,-0.00852523287966589,-0.004767329627254558
2,4,Port_Scanning,0.0,0.0,0.0,0.0,0.0
2,4,Ransomware,0.0,0.0,0.0,0.0,0.0
2,4,SQL_injection,-0.008935557742815386,0.0023587367813598737,0.002500911543831072,0.0012737675281897117,0.0028021418894347305
2,4,Uploading,0.017143736006944982,0.01060273520292809,0.01090414701662584,0.006965838887673454,-0.01937593832545141
2,4,Vulnerability_scanner,-0.000510164430470289,8.98389306636734e-05,-6.0905405995239266e-05,-0.0003563817371530054,0.0001637241062422856
2,4,XSS,0.009767366439527147,-0.0018349180527999361,0.009767366439527147,-0.022408831666545663,0.004709016840291301
2,Aggregated,Backdoor,0.24727462438717182,0.04992454436704627,0.033758006112019415,0.0279095096755903,0.04174415791172248
2,Aggregated,DDoS_HTTP,0.13705180371745335,0.048375347434370046,0.043399306586288086,0.04288566442668935,0.05392232323012347
2,Aggregated,DDoS_ICMP,0.0016240785201519761,0.001835655653018601,0.0015186844376883204,0.0013024650933113316,0.001716622263061803
2,Aggregated,DDoS_TCP,0.010102582087930483,0.0002549944086619423,0.0033984805836826727,0.003260093337331234,0.0019985036284311955
2,Aggregated,DDoS_UDP,0.001552489871350347,0.0023692620359936855,0.002378768730600291,0.002355681909770696,0.0025186328463391527
2,Aggregated,Fingerprinting,0.0,0.0,0.0,0.0,0.0
2,Aggregated,MITM,-0.036021149359585045,0.12484574876299348,0.08983047396538092,0.12229473087898836,0.12010282733116967
2,Aggregated,Normal,0.7557481518525386,-0.18771322413109337,-0.18773840243059106,-0.18770416214229604,-0.18770448266884396
2,Aggregated,Password,-0.003116224356902821,0.006723807843215186,-0.006685169834280902,0.0069790607204573436,-0.003901474372488805
2,Aggregated,Port_Scanning,0.0,0.0,0.0,0.0,0.0
2,Aggregated,Ransomware,0.0,0.0,0.0,0.0,0.0
2,Aggregated,SQL_injection,-0.03609822942290184,0.00840881651385793,0.012195552333103734,0.003184864773402761,0.012308995802537408
2,Aggregated,Uploading,0.009713232101844384,0.00402408918252553,0.007752516721427077,0.006238942024454537,-0.009929550710921026
2,Aggregated,Vulnerability_scanner,-8.250967535622378e-05,3.177935467253238e-05,-5.983568166313217e-05,-7.928659025285834e-05,5.367145862172906e-05
2,Aggregated,XSS,0.002402816271258513,-7.523387789724126e-05,0.002402816271258513,-0.006193043995707359,0.0014626453310875732
2,Centralized,Backdoor,0.24727462438717182,0.04992454436704627,0.033758006112019415,0.0279095096755903,0.04174415791172248
2,Centralized,DDoS_HTTP,0.13705180371745335,0.048375347434370046,0.043399306586288086,0.04288566442668935,0.05392232323012347
2,Centralized,DDoS_ICMP,0.0016240785201519761,0.001835655653018601,0.0015186844376883204,0.0013024650933113316,0.001716622263061803
2,Centralized,DDoS_TCP,0.010102582087930483,0.0002549944086619423,0.0033984805836826727,0.003260093337331234,0.0019985036284311955
2,Centralized,DDoS_UDP,0.001552489871350347,0.0023692620359936855,0.002378768730600291,0.002355681909770696,0.0025186328463391527
2,Centralized,Fingerprinting,0.0,0.0,0.0,0.0,0.0
2,Centralized,MITM,-0.036021149359585045,0.12484574876299348,0.08983047396538092,0.12229473087898836,0.12010282733116967
2,Centralized,Normal,0.7557481518525386,-0.18771322413109337,-0.18773840243059106,-0.18770416214229604,-0.18770448266884396
2,Centralized,Password,-0.003116224356902821,0.006723807843215186,-0.006685169834280902,0.0069790607204573436,-0.003901474372488805
2,Centralized,Port_Scanning,0.0,0.0,0.0,0.0,0.0
2,Centralized,Ransomware,0.0,0.0,0.0,0.0,0.0
2,Centralized,SQL_injection,-0.03609822942290184,0.00840881651385793,0.012195552333103734,0.003184864773402761,0.012308995802537408
2,Centralized,Uploading,0.009713232101844384,0.00402408918252553,0.007752516721427077,0.006238942024454537,-0.009929550710921026
2,Centralized,Vulnerability_scanner,-8.250967535622378e-05,3.177935467253238e-05,-5.983568166313217e-05,-7.928659025285834e-05,5.367145862172906e-05
2,Centralized,XSS,0.002402816271258513,-7.523387789724126e-05,0.002402816271258513,-0.006193043995707359,0.0014626453310875732
3,0,Backdoor,-0.2620964952208808,0.019119222683203894,0.028466807990851294,0.028413741865509358,0.04459635313216638
3,0,DDoS_HTTP,-0.13161486384180568,0.0389168884081156,0.042800666022360545,0.034936436440971566,0.041878565807333186
3,0,DDoS_ICMP,0.00033841706630288737,0.00022332410097128386,0.0001672331564210594,0.0003354809117821489,0.0002790098617115877
3,0,DDoS_TCP,-0.0011639821556735281,0.0022727473958445064,-2.2051730510480594e-05,-0.0057895499302827265,-0.0005068189685305166
3,0,DDoS_UDP,0.00034824693213003264,8.10553755890342e-05,0.00010784201325433525,0.00010784201325433525,1.0063495102574648e-06
3,0,Fingerprinting,0.0,0.0,0.0,0.0,0.0
3,0,MITM,0.07060606060606057,0.01606060606060612,0.052424242424242345,0.12818181818181815,0.03272727272727272
3,0,Normal,0.0,0.0,0.0,0.0,0.0
3,0,Password,-0.3193586265564486,0.08560445047101783,0.0884686331589282,0.07202162658425221,0.07326391634225035
3,0,Port_Scanning,-0.0070129870129870125,-0.0070129870129870125,-0.0070129870129870125,0.02805194805194805,-0.0070129870129870125
3,0,Ransomware,0.0,0.0,0.0,0.0,0.0
3,0,SQL_injection,-0.06669179260164433,-0.021055103625217675,-0.014222535960305866,0.04782178814017963,0.05414764404698827
3,0,Uploading,-0.009930248122256647,0.003797641281370353,-0.003780377018910877,0.008529931114787812,0.0013830527450093564
3,0,Vulnerability_scanner,0.0,0.0,0.0,0.0,0.0
3,0,XSS,-0.0022535914283263524,-0.0022535914283263524,-0.0015646050039107148,0.006883756625240456,-0.0008119687646770352
3,1,Backdoor,-0.2539542414538669,0.01603872052521716,0.02256988641059633,0.02767184320434868,0.03858068514251952
3,1,DDoS_HTTP,-0.13347211446606053,0.041883836234486306,0.050163405599267255,0.03557354016218361,0.047407387197507436
3,1,DDoS_ICMP,0.00044698627242228023,-4.147472916475141e-06,1.5022315898986319e-05,8.921938671602181e-05,-9.865443260014446e-05
3,1,DDoS_TCP,-0.0008681131895929747,0.002392267087672697,0.0010753218722544904,-0.005732275245811963,5.725315456141707e-05
3,1,DDoS_UDP,0.0006329173558424717,4.3093827867772086e-05,0.00017709600946578068,4.307657954989626e-05,-0.00025143864788433704
3,1,Fingerprinting,0.0,0.0,0.0,0.0,0.0
3,1,MITM,0.07313131313131316,-0.0268686868686869,0.017575757575757505,0.10949494949494949,-0.006666666666666685
3,1,Normal,0.0,0.0,0.0,0.0,0.0
3,1,Password,-0.29614586362201334,0.08093554988112873,0.08289802390994962,0.06458634740688181,0.06772594242405322
3,1,Port_Scanning,-0.007197943444730078,-0.007197943444730078,-0.007197943444730078,0.028791773778920313,-0.007197943444730078
3,1,Ransomware,0.0,0.0,0.0,0.0,0.0
3,1,SQL_injection,-0.06862097412000685,-0.021369949738168286,-0.01678873243704266,0.05132145441987479,0.055458201875343026
3,1,Uploading,-0.010476215532364268,0.002392873844008111,-0.0052781396314822045,0.007439277112449701,-0.001435997121175468
3,1,Vulnerability_scanner,0.0,0.0,0.0,0.0,0.0
3,1,XSS,-0.006718405924555264,-0.006718405924555265,-0.003753523944129243,0.021022106998714866,-0.003831771205475095
3,2,Backdoor,-0.3253939796960843,0.023478628139099334,0.01334559809305078,0.03444927250968203,0.03812048095425245
3,2,DDoS_HTTP,-0.14353184084348763,0.039831221389974206,0.0379871755830328,0.0353182771064291,0.04139223701313776
3,2,DDoS_ICMP,0.00018812043296729438,0.0002800497971319926,0.0004306144205490988,0.00031770579153393984,0.00012939183403180195
3,2,DDoS_TCP,-0.0011620024290845761,0.00145692257935204,0.0005963730137352667,-0.005230947786017346,0.0004406152223769666
3,2,DDoS_UDP,0.00020366131201186578,0.00017765291785666327,0.0003921358006708527,0.00023124342484009223,-3.66402500615759e-05
3,2,Fingerprinting,0.0,0.0,0.0,0.0,0.0
3,2,MITM,0.09818181818181813,0.15272727272727277,0.19818181818181815,0.19818181818181815,0.15272727272727274
3,2,Normal,0.0,0.0,0.0,0.0,0.0
3,2,Password,-0.30863579215295533,0.08297114731236481,0.08773638449027597,0.06615841419226652,0.07176984615804817
3,2,Port_Scanning,-0.00731070496083551,-0.00731070496083551,-0.00731070496083551,0.02924281984334204,-0.00731070496083551
3,2,Ransomware,0.0,0.0,0.0,0.0,0.0
3,2,SQL_injection,-0.0830226431644787,-0.02047294808840369,-0.016124623874681405,0.05776460193852807,0.06185561318903569
3,2,Uploading,-0.004185877211674854,0.001061026769233892,-0.001759996699740915,0.0021937738369534384,0.00269107330522844
3,2,Vulnerability_scanner,0.0,0.0,0.0,0.0,0.0
3,2,XSS,-0.005725607549973916,-0.005725607549973916,-0.0036506148734774795,0.016495516075574812,-0.0013936861021495023
3,3,Backdoor,-0.26859693635072507,0.01819439430596413,0.01633367602911297,0.0277274599130583,0.039674739435923194
3,3,DDoS_HTTP,-0.13873201890362777,0.0383388861578238,0.03821167940322991,0.033710620635139014,0.042166761008934794
3,3,DDoS_ICMP,-0.0006961553235113382,0.00038871776561103335,0.0004264495851031225,0.00038871776561103335,0.00038871776561103335
3,3,DDoS_TCP,-0.002112895597200698,0.001692003667153591,-0.000657758072014734,-0.008308239465992516,-0.0008024774874810496
3,3,DDoS_UDP,-0.00021000237591775606,0.0003824322061448578,0.0003555245298107468,0.0003824322061448578,0.0003824322061448578
3,3,Fingerprinting,0.0,0.0,0.0,0.0,0.0
3,3,MITM,0.033333333333333326,0.06666666666666668,0.06666666666666668,0.06666666666666668,0.06666666666666668
3,3,Normal,0.0,0.0,0.0,0.0,0.0
3,3,Password,-0.2949248383234665,0.08106154502444043,0.08276741350077414,0.06778175595598883,0.0633141238422629
3,3,Port_Scanning,-0.00474934036939314,-0.00474934036939314,-0.00474934036939314,0.01899736147757256,-0.00474934036939314
3,3,Ransomware,0.0,0.0,0.0,0.0,0.0
3,3,SQL_injection,-0.06734096202547395,-0.02572764760935,-0.017875436679871244,0.06044713068089216,0.05049691563380305
3,3,Uploading,-0.020734476859755026,0.005746212448534011,-0.0053019184740671025,0.006106415067355606,0.010402065974449919
3,3,Vulnerability_scanner,-0.0002122822223059595,3.5380370384326586e-05,3.5380370384326586e-05,3.5380370384326586e-05,0.00010614111115297975
3,3,XSS,-0.0037634713853584275,-0.0037634713853584275,-0.0022691776402265227,0.012219447761368444,-0.0024233273504250673
3,4,Backdoor,0.17458777694231287,-0.04538890081697129,-0.02789152653474937,-0.04310546049231241,-0.028830033746490392
3,4,DDoS_HTTP,0.16199627308859785,-0.059805299960102046,-0.060840930884085355,-0.05848535406286545,-0.0553310967824073
3,4,DDoS_ICMP,0.00022213796193776836,5.1729084593467775e-05,-4.067578313397731e-05,0.00016381821093174135,5.14165951916686e-05
3,4,DDoS_TCP,-0.0005993939578794701,0.002421243959969199,0.0005407149628773718,-0.006500586949363892,0.0009252146731035378
3,4,DDoS_UDP,0.000310831716385405,-0.00011784011600945258,0.00020392740956133858,-0.0001178573643273284,-0.000278646216920736
3,4,Fingerprinting,0.0,0.0,0.0,0.0,0.0
3,4,MITM,0.4955137089223209,-0.16294693487406492,-0.17590838448596838,-0.1197649087037537,-0.18395230438794588
3,4,Normal,0.7893580978424556,-0.1979150060560138,-0.19791015922035723,-0.19521063265389377,-0.1978873102180412
3,4,Password,0.032857492090803,-0.008395788437149733,-0.00817370772169531,-0.008630924181388172,-0.00765707175056977
3,4,Port_Scanning,-0.005958549222797927,-0.005958549222797927,-0.005958549222797927,0.02383419689119171,-0.005958549222797927
3,4,Ransomware,0.0,0.0,0.0,0.0,0.0
3,4,SQL_injection,-0.004869467235017614,-9.576151365556576e-05,-7.990773040869852e-05,0.0036876257692426205,0.001357510709839258
3,4,Uploading,0.02237706775153068,-0.009620110383677632,-0.0009760514389661558,0.018829475259850927,-0.030610381188737826
3,4,Vulnerability_scanner,-0.00017367839339862411,6.487739086463718e-06,0.00039956792844990466,0.0002872531723311422,0.00015425809024368815
3,4,XSS,0.009134513756530462,0.009134513756530462,0.003022434438217799,-0.023988727441668557,0.0026972654903898345
3,Aggregated,Backdoor,0.03310925866301259,-0.05317129325617782,-0.010088257872696911,-0.045702939926102415,-0.00952488791772137
3,Aggregated,DDoS_HTTP,0.11809282329310317,-0.034457621198428254,-0.037495559579458826,-0.034530945300560716,-0.025451004035295943
3,Aggregated,DDoS_ICMP,9.995872515234372e-05,0.000187935302589561,0.00019967990038347594,0.00025901358052045446,0.00015002221134522432
3,Aggregated,DDoS_TCP,-0.0011818489230748964,0.002049401842949015,0.0003082396945414234,-0.0063122167869795074,2.302641729598672e-05
3,Aggregated,DDoS_UDP,0.00025719007619409153,0.00011322229564841301,0.0002472258280885727,0.0001292915155856463,-3.6733137758330576e-05
3,Aggregated,Fingerprinting,0.0,0.0,0.0,0.0,0.0
3,Aggregated,MITM,0.4439755799703652,-0.05447330175461038,-0.07045726307682593,-0.01474554482102883,-0.0824949590397043
3,Aggregated,Normal,0.7545935501251463,-0.1892561465155606,-0.189248497758918,-0.18656447961102102,-0.18923874428491866
3,Aggregated,Password,-0.008646636422626471,0.001410752642082926,0.0025448274243177523,0.00040786950944672574,0.004283186846779061
3,Aggregated,Port_Scanning,-0.0064516129032258064,-0.0064516129032258064,-0.0064516129032258064,0.025806451612903226,-0.0064516129032258064
3,Aggregated,Ransomware,0.0,0.0,0.0,0.0,0.0
3,Aggregated,SQL_injection,-0.018375669312431335,-0.0009825585546405734,0.00028144961794880527,0.013025297724130797,0.006051480524992305
3,Aggregated,Uploading,0.006527325830203106,-0.0023654292013108123,-0.00024107828433456597,0.015130225438944548,-0.021274178394165878
3,Aggregated,Vulnerability_scanner,-7.687527620617863e-05,8.273446784976917e-06,8.77110821893882e-05,6.501422652639607e-05,5.205765468337027e-05
3,Aggregated,XSS,0.002384037063964262,0.002384037063964262,0.001031739169743109,-0.006634960654851451,0.0008351473571798186
3,Centralized,Backdoor,0.03310925866301259,-0.05317129325617782,-0.010088257872696911,-0.045702939926102415,-0.00952488791772137
3,Centralized,DDoS_HTTP,0.11809282329310317,-0.034457621198428254,-0.037495559579458826,-0.034530945300560716,-0.025451004035295943
3,Centralized,DDoS_ICMP,9.995872515234372e-05,0.000187935302589561,0.00019967990038347594,0.00025901358052045446,0.00015002221134522432
3,Centralized,DDoS_TCP,-0.0011818489230748964,0.002049401842949015,0.0003082396945414234,-0.0063122167869795074,2.302641729598672e-05
3,Centralized,DDoS_UDP,0.00025719007619409153,0.00011322229564841301,0.0002472258280885727,0.0001292915155856463,-3.6733137758330576e-05
3,Centralized,Fingerprinting,0.0,0.0,0.0,0.0,0.0
3,Centralized,MITM,0.4439755799703652,-0.05447330175461038,-0.07045726307682593,-0.01474554482102883,-0.0824949590397043
3,Centralized,Normal,0.7545935501251463,-0.1892561465155606,-0.189248497758918,-0.18656447961102102,-0.18923874428491866
3,Centralized,Password,-0.008646636422626471,0.001410752642082926,0.0025448274243177523,0.00040786950944672574,0.004283186846779061
3,Centralized,Port_Scanning,-0.0064516129032258064,-0.0064516129032258064,-0.0064516129032258064,0.025806451612903226,-0.0064516129032258064
3,Centralized,Ransomware,0.0,0.0,0.0,0.0,0.0
3,Centralized,SQL_injection,-0.018375669312431335,-0.0009825585546405734,0.00028144961794880527,0.013025297724130797,0.006051480524992305
3,Centralized,Uploading,0.006527325830203106,-0.0023654292013108123,-0.00024107828433456597,0.015130225438944548,-0.021274178394165878
3,Centralized,Vulnerability_scanner,-7.687527620617863e-05,8.273446784976917e-06,8.77110821893882e-05,6.501422652639607e-05,5.205765468337027e-05
3,Centralized,XSS,0.002384037063964262,0.002384037063964262,0.001031739169743109,-0.006634960654851451,0.0008351473571798186
4,0,Backdoor,-0.1350679823637033,0.0996973380713089,0.06071896561837198,0.07406313720832208,0.05380280892954622
4,0,DDoS_HTTP,-0.12299184327901092,0.03638861478602365,0.033523227499008906,0.0295652476779415,0.02916181033791308
4,0,DDoS_ICMP,0.00028899442680804983,0.00015744847278346686,6.373542216004946e-05,-4.958620760697567e-05,-1.1964255407252249e-05
4,0,DDoS_TCP,-0.0017688347427311606,0.002159731248183768,0.0019303742121033751,0.0015216434593271673,0.002935154934375739
4,0,DDoS_UDP,0.0003218815423853864,0.00016097190157170113,0.00010734686462242257,-0.00016077832012397023,-0.00010715328317469167
4,0,Fingerprinting,0.0,0.0,0.0,0.0,0.0
4,0,MITM,-0.04333333333333333,0.039999999999999994,0.017272727272727256,0.04757575757575757,0.04757575757575757
4,0,Normal,0.0,0.0,0.0,0.0,0.0
4,0,Password,-0.32341121838076264,0.08643305592009516,0.08919953964689922,0.07809151965153446,0.06968710316223388
4,0,Port_Scanning,0.0,0.0,0.0,0.0,0.0
4,0,Ransomware,0.0,0.0,0.0,0.0,0.0
4,0,SQL_injection,-0.05896605596966231,0.001254301626615345,-0.01911952176750321,0.041050403562601964,0.035780872547948255
4,0,Uploading,-0.004710284714301861,0.005177817060880658,0.0026085553569223105,0.01044910016332496,0.008585496021768621
4,0,Vulnerability_scanner,0.0,0.0,0.0,0.0,0.0
4,0,XSS,0.0,0.0,0.0,0.0,0.0
4,1,Backdoor,-0.12003888208072878,0.1038673242469209,0.06173986494968863,0.07508299099311384,0.05442504331895364
4,1,DDoS_HTTP,-0.11349270036900187,0.044297049194461785,0.03242539582308503,0.03258747942759642,0.02958222228391892
4,1,DDoS_ICMP,0.00011246744140787819,9.37704085999802e-05,6.582566780544141e-08,-3.73012117564168e-07,1.8433730136676225e-05
4,1,DDoS_TCP,-0.0007903135931250231,0.0010376848364329746,0.00047066692564150155,0.001033303947683347,0.0010545201683330211
4,1,DDoS_UDP,6.973499251186436e-05,6.973499251186436e-05,1.6092690579661006e-05,-9.119191328474571e-05,-6.437076231864402e-05
4,1,Fingerprinting,0.0,0.0,0.0,0.0,0.0
4,1,MITM,-0.05151515151515148,0.048484848484848485,0.02121212121212123,0.05757575757575757,0.05757575757575757
4,1,Normal,0.0,0.0,0.0,0.0,0.0
4,1,Password,-0.2974342700587,0.08339968632205728,0.07870093059392033,0.06868656235504743,0.06664709078767479
4,1,Port_Scanning,0.0,0.0,0.0,0.0,0.0
4,1,Ransomware,0.0,0.0,0.0,0.0,0.0
4,1,SQL_injection,-0.05473391951820059,-0.007834266901643896,-0.022211032333708077,0.040528434492497836,0.04425078426105474
4,1,Uploading,-0.003644814393021738,0.007463730529235592,0.002587364521653567,0.009870641773946741,0.009229150442679775
4,1,Vulnerability_scanner,0.0,0.0,0.0,0.0,0.0
4,1,XSS,0.0,0.0,0.0,0.0,0.0
4,2,Backdoor,-0.1261323421354211,0.11079006617249837,0.0803537362634656,0.09285506800038608,0.0734918334738151
4,2,DDoS_HTTP,-0.12241303357651959,0.04141590481591793,0.03742077823391164,0.03611128585313258,0.03580956740027625
4,2,DDoS_ICMP,4.493347208951448e-05,4.493347208951448e-05,4.493347208951448e-05,4.493347208951448e-05,4.493347208951448e-05
4,2,DDoS_TCP,-0.0016096355119398183,0.001074436191343133,0.0006480061465195845,0.00034115123483591616,0.0021810880525480786
4,2,DDoS_UDP,6.445374105616964e-05,6.445374105616964e-05,6.445374105616964e-05,6.445374105616964e-05,6.445374105616964e-05
4,2,Fingerprinting,0.0,0.0,0.0,0.0,0.0
4,2,MITM,-0.0872727272727273,0.021818181818181803,0.021818181818181803,0.021818181818181803,0.021818181818181803
4,2,Normal,0.0,0.0,0.0,0.0,0.0
4,2,Password,-0.3110031970874544,0.08323099849796572,0.08450801224426095,0.07310632328963423,0.07015786305559361
4,2,Port_Scanning,0.0,0.0,0.0,0.0,0.0
4,2,Ransomware,0.0,0.0,0.0,0.0,0.0
4,2,SQL_injection,-0.0657768691968684,-0.0014538541953925028,-0.026944108646770305,0.04844341749159617,0.04573141454743504
4,2,Uploading,-0.0046964477142450965,0.0026312596376612605,-0.0022593067174412904,0.005720507815527564,0.005490332966102159
4,2,Vulnerability_scanner,0.0,0.0,0.0,0.0,0.0
4,2,XSS,0.0,0.0,0.0,0.0,0.0
4,3,Backdoor,-0.1192198238049357,0.09663565308801508,0.06716241545276622,0.07906666922720954,0.06064627377640837
4,3,DDoS_HTTP,-0.11456461039186855,0.03754219829381966,0.03812677051531356,0.03389360521399705,0.03820361739640633
4,3,DDoS_ICMP,0.00017961255585019487,0.00017961255585019487,0.00017961255585019487,0.00017961255585019487,0.00017961255585019487
4,3,DDoS_TCP,-0.002254378767109107,0.0022974970988690726,0.001956651354033484,0.0007593396006019289,0.0035174068976505215
4,3,DDoS_UDP,0.00012915644515243407,0.00012915644515243407,0.00012915644515243407,0.00012915644515243407,0.00012915644515243407
4,3,Fingerprinting,0.0,0.0,0.0,0.0,0.0
4,3,MITM,0.0,0.0,0.0,0.0,0.0
4,3,Normal,0.0,0.0,0.0,0.0,0.0
4,3,Password,-0.2973307449959857,0.08155099158873155,0.08170672585237457,0.06986638622952342,0.06420664132535622
4,3,Port_Scanning,0.0,0.0,0.0,0.0,0.0
4,3,Ransomware,0.0,0.0,0.0,0.0,0.0
4,3,SQL_injection,-0.05107264494409983,-0.00844088251990982,-0.025067340222750662,0.0442214032417914,0.04035946444496892
4,3,Uploading,-0.0027495811277460877,0.003956306495914682,0.0009897799760533463,0.00894033434856442,0.010938570582773284
4,3,Vulnerability_scanner,9.198896299924911e-05,2.122822223059595e-05,-0.00012029325930671039,-8.49128889223838e-05,9.198896299924911e-05
4,3,XSS,0.0,0.0,0.0,0.0,0.0
4,4,Backdoor,0.325721774581152,0.013020511953042267,-0.034187538300572376,-0.029222997556092464,-0.03590882860354576
4,4,DDoS_HTTP,0.1778174668765394,-0.03663080872091827,-0.030946830816559044,-0.03333472997013634,-0.032975037690834666
4,4,DDoS_ICMP,0.00010847140604610117,8.976595683811706e-05,3.3649609214164713e-05,0.00010847140604610117,0.00010847140604610117
4,4,DDoS_TCP,-0.0010864249782681227,0.0011681099619022842,0.0005523066134430617,0.00037546708804650866,0.0018313979017824055
4,4,DDoS_UDP,6.445374105616964e-05,6.445374105616964e-05,6.445374105616964e-05,6.445374105616964e-05,6.445374105616964e-05
4,4,Fingerprinting,0.0,0.0,0.0,0.0,0.0
4,4,MITM,0.0944369874375271,-0.0651586198645023,-0.0682135160386645,-0.06371297071243111,-0.06847487547433581
4,4,Normal,0.5311667144953208,-0.13456791784024896,-0.1329236038844853,-0.13230293176138203,-0.12952664878173772
4,4,Password,0.031729021251924075,-0.007864383908096727,-0.007604076996760217,-0.008066667233025342,-0.008193893114041787
4,4,Port_Scanning,0.0,0.0,0.0,0.0,0.0
4,4,Ransomware,0.0,0.0,0.0,0.0,0.0
4,4,SQL_injection,-0.00605680074678555,0.000450195103703938,-0.002512170518235236,0.003159103962537273,0.004959672198779575
4,4,Uploading,0.010024571865277894,0.01337549134464659,0.0074934246791161195,0.0024156654510582953,-0.011491789417471816
4,4,Vulnerability_scanner,-0.0004817870802081829,4.433110534716733e-05,-0.00025120959696728156,-0.00017732442138866932,0.00019210145650439177
4,4,XSS,0.0,0.0,0.0,0.0,0.0
4,Aggregated,Backdoor,0.18717892974975084,0.07107565369316576,-0.021737458461403122,-0.0073486092789827265,-0.02808076306894731
4,Aggregated,DDoS_HTTP,0.07434140136523958,-0.01578984050605744,-0.004437731832423157,-0.011198124441010223,-0.00877018347684399
4,Aggregated,DDoS_ICMP,0.00014689974392650778,0.00011310498118490276,6.437898100430753e-05,5.662079547878081e-05,6.790587574834935e-05
4,Aggregated,DDoS_TCP,-0.0015016038448771678,0.0015485143987377197,0.001110523825278172,0.0008066400577654842,0.002301695347720576
4,Aggregated,DDoS_UDP,0.00012991146092822075,9.772677143597975e-05,7.627330526079335e-05,1.183065150445195e-06,1.7273682864700954e-05
4,Aggregated,Fingerprinting,0.0,0.0,0.0,0.0,0.0
4,Aggregated,MITM,0.1696624767426414,-0.07814953053409364,-0.0847858041819567,-0.07539731586134918,-0.08006932196356123
4,Aggregated,Normal,0.49666125134066524,-0.12593113354963711,-0.12427171324251783,-0.12366609421401244,-0.12087837387769361
4,Aggregated,Password,-0.013230694589760417,0.0039041489897494886,0.004544872550087853,0.002781856055543147,0.001999816994379922
4,Aggregated,Port_Scanning,0.0,0.0,0.0,0.0,0.0
4,Aggregated,Ransomware,0.0,0.0,0.0,0.0,0.0
4,Aggregated,SQL_injection,-0.02153748577569215,0.0016969114740737084,-0.006331417065780757,0.01064037399495809,0.015531617372441112
4,Aggregated,Uploading,0.0018045298497284179,0.00944051930832158,0.005216187275364727,0.008982296994295721,-0.005851844452812884
4,Aggregated,Vulnerability_scanner,-7.926166371004147e-05,1.3135262369518009e-05,-7.443315342726872e-05,-5.2541049478072034e-05,5.691947026791137e-05
4,Aggregated,XSS,0.0,0.0,0.0,0.0,0.0
4,Centralized,Backdoor,0.18717892974975084,0.07107565369316576,-0.021737458461403122,-0.0073486092789827265,-0.02808076306894731
4,Centralized,DDoS_HTTP,0.07434140136523958,-0.01578984050605744,-0.004437731832423157,-0.011198124441010223,-0.00877018347684399
4,Centralized,DDoS_ICMP,0.00014689974392650778,0.00011310498118490276,6.437898100430753e-05,5.662079547878081e-05,6.790587574834935e-05
4,Centralized,DDoS_TCP,-0.0015016038448771678,0.0015485143987377197,0.001110523825278172,0.0008066400577654842,0.002301695347720576
4,Centralized,DDoS_UDP,0.00012991146092822075,9.772677143597975e-05,7.627330526079335e-05,1.183065150445195e-06,1.7273682864700954e-05
4,Centralized,Fingerprinting,0.0,0.0,0.0,0.0,0.0
4,Centralized,MITM,0.1696624767426414,-0.07814953053409364,-0.0847858041819567,-0.07539731586134918,-0.08006932196356123
4,Centralized,Normal,0.49666125134066524,-0.12593113354963711,-0.12427171324251783,-0.12366609421401244,-0.12087837387769361
4,Centralized,Password,-0.013230694589760417,0.0039041489897494886,0.004544872550087853,0.002781856055543147,0.001999816994379922
4,Centralized,Port_Scanning,0.0,0.0,0.0,0.0,0.0
4,Centralized,Ransomware,0.0,0.0,0.0,0.0,0.0
4,Centralized,SQL_injection,-0.02153748577569215,0.0016969114740737084,-0.006331417065780757,0.01064037399495809,0.015531617372441112
4,Centralized,Uploading,0.0018045298497284179,0.00944051930832158,0.005216187275364727,0.008982296994295721,-0.005851844452812884
4,Centralized,Vulnerability_scanner,-7.926166371004147e-05,1.3135262369518009e-05,-7.443315342726872e-05,-5.2541049478072034e-05,5.691947026791137e-05
4,Centralized,XSS,0.0,0.0,0.0,0.0,0.0
5,0,Backdoor,-0.28888201154003357,0.04650951197743176,0.043610421204769,0.07371628947777671,0.049594444767368955
5,0,DDoS_HTTP,-0.1313947230289927,0.04303712764334904,0.037495117820751524,0.03102477098299501,0.03618161404083667
5,0,DDoS_ICMP,-0.0004213675581751508,3.009586822153021e-05,1.1289125967289815e-05,-0.00010157673063188044,3.009586822153021e-05
5,0,DDoS_TCP,-0.001625393930809573,0.00033766644239368037,-0.0006410330896544099,-0.0008819957682236405,0.0011756424052898136
5,0,DDoS_UDP,-0.0006005969608353349,4.2903482556007806e-05,1.608233158990613e-05,-0.00014479277925792954,4.2903482556007806e-05
5,0,Fingerprinting,0.0,0.0,0.0,0.0,0.0
5,0,MITM,-0.07272727272727271,0.018181818181818188,0.018181818181818188,0.018181818181818188,0.018181818181818188
5,0,Normal,0.0,0.0,0.0,0.0,0.0
5,0,Password,-0.3145381387696567,0.043734804176734025,0.09201304992774134,0.08499249655386487,0.09379778811131659
5,0,Port_Scanning,0.0,0.0,0.0,0.0,0.0
5,0,Ransomware,0.0,0.0,0.0,0.0,0.0
5,0,SQL_injection,-0.08110556700149732,0.10225924603519963,-0.003084211449757922,0.008079509980626488,-0.026148977564570887
5,0,Uploading,-0.009050935416717547,-0.004050532687098288,-0.012380590133612023,0.0032095249712777276,0.022272533266150127
5,0,Vulnerability_scanner,3.3585757454401845e-05,3.3585757454401845e-05,-0.00013434302981760738,3.3585757454401845e-05,3.3585757454401845e-05
5,0,XSS,0.0,0.0,0.0,0.0,0.0
5,1,Backdoor,-0.2797235122553952,0.04524778657628146,0.041595568765316886,0.07016043878565537,0.04745981017698431
5,1,DDoS_HTTP,-0.1328572261637902,0.04304506591101236,0.03540963129738269,0.031142847708298463,0.02874738501136066
5,1,DDoS_ICMP,-0.0002143968616983405,1.1284045352544236e-05,1.1284045352544236e-05,-4.513618141017694e-05,1.1284045352544236e-05
5,1,DDoS_TCP,0.00017583910858565515,0.00010452179339409117,-0.001114218771146976,-0.0013716520661482046,0.0013888726814312894
5,1,DDoS_UDP,-0.00030576112101355913,1.6092690579661006e-05,1.6092690579661006e-05,-6.437076231864402e-05,1.6092690579661006e-05
5,1,Fingerprinting,0.0,0.0,0.0,0.0,0.0
5,1,MITM,-0.0872727272727273,0.021818181818181803,0.021818181818181803,0.021818181818181803,0.021818181818181803
5,1,Normal,0.0,0.0,0.0,0.0,0.0
5,1,Password,-0.2914773805375284,0.03877551008104625,0.08475987526951786,0.08133264463026327,0.08660935055670119
5,1,Port_Scanning,0.0,0.0,0.0,0.0,0.0
5,1,Ransomware,0.0,0.0,0.0,0.0,0.0
5,1,SQL_injection,-0.07703346762731011,0.1131292449811723,-0.010452301678618168,0.0036222252029091406,-0.029265700878153222
5,1,Uploading,-0.0039034659660886974,-0.004197437244023269,-0.01413623966602959,0.00017886825537357005,0.018456673909340672
5,1,Vulnerability_scanner,0.0,0.0,0.0,0.0,0.0
5,1,XSS,0.0,0.0,0.0,0.0,0.0
5,2,Backdoor,-0.30035515901233023,0.04673020837812805,0.045470133682989786,0.0755880402983698,0.04923821003638535
5,2,DDoS_HTTP,-0.13674792758362683,0.04118483919548067,0.03690311423079611,0.028804994007989467,0.038759522519068876
5,2,DDoS_ICMP,0.0,0.0,0.0,0.0,0.0
5,2,DDoS_TCP,-0.002728703779941305,0.00018299723302640328,0.0002509061572106286,0.0003080620452598308,0.001986738344444442
5,2,DDoS_UDP,0.0,0.0,0.0,0.0,0.0
5,2,Fingerprinting,0.0,0.0,0.0,0.0,0.0
5,2,MITM,-0.0872727272727273,0.021818181818181803,0.021818181818181803,0.021818181818181803,0.021818181818181803
5,2,Normal,0.0,0.0,0.0,0.0,0.0
5,2,Password,-0.3014206759742192,0.0431399628877267,0.08752216440186705,0.08206775824181954,0.08869079044280588
5,2,Port_Scanning,0.0,0.0,0.0,0.0,0.0
5,2,Ransomware,0.0,0.0,0.0,0.0,0.0
5,2,SQL_injection,-0.0890363831891811,0.11195394550351846,-0.004290553680482428,0.00803027131539893,-0.026657279949253945
5,2,Uploading,-0.009417452002610061,-0.004845290309472083,-0.008641299945670793,0.005095442419109575,0.017808599838643364
5,2,Vulnerability_scanner,0.0,0.0,0.0,0.0,0.0
5,2,XSS,0.0,0.0,0.0,0.0,0.0
5,3,Backdoor,-0.28308993539829286,0.046779255765683266,0.04340160712731161,0.07512282485915259,0.05139737553228993
5,3,DDoS_HTTP,-0.13515675867623725,0.04021895911286022,0.03553818259074844,0.03087066787629046,0.03267769889726182
5,3,DDoS_ICMP,0.0,0.0,0.0,0.0,0.0
5,3,DDoS_TCP,-0.004129524503356963,-0.0002606831251013482,0.0003274013819429637,-0.0007987463340477877,0.003207675429997272
5,3,DDoS_UDP,0.0,0.0,0.0,0.0,0.0
5,3,Fingerprinting,0.0,0.0,0.0,0.0,0.0
5,3,MITM,0.0,0.0,0.0,0.0,0.0
5,3,Normal,0.0,0.0,0.0,0.0,0.0
5,3,Password,-0.2870367343959163,0.03575566756440817,0.08394586778340232,0.08107450058194304,0.08626069846616273
5,3,Port_Scanning,0.0,0.0,0.0,0.0,0.0
5,3,Ransomware,0.0,0.0,0.0,0.0,0.0
5,3,SQL_injection,-0.07021006230684129,0.10302064284585243,-0.008925957738200905,0.0028941457864369254,-0.026778768587247103
5,3,Uploading,-0.015639344643187596,0.0014303473112900176,-0.012345633867633066,-0.0015777786397076674,0.02852605846998454
5,3,Vulnerability_scanner,-0.00031190204033780625,7.728203388978616e-05,-0.00023836739479049147,-6.423944764752017e-05,0.00011266240427411275
5,3,XSS,0.0,0.0,0.0,0.0,0.0
5,4,Backdoor,0.19370774754211442,-0.06265900129525871,-0.07009785880758529,-0.05525112302371681,-0.059325192814182824
5,4,DDoS_HTTP,0.16572437902004736,-0.03570831966533221,-0.033313541841869146,-0.02998255920312997,-0.03898105583410545
5,4,DDoS_ICMP,0.0,0.0,0.0,0.0,0.0
5,4,DDoS_TCP,-0.0011733999111181947,9.063034796454131e-05,-0.0002940276327040895,-0.0007717103671178023,0.0016426786336145268
5,4,DDoS_UDP,0.0,0.0,0.0,0.0,0.0
5,4,Fingerprinting,0.0,0.0,0.0,0.0,0.0
5,4,MITM,0.6763636363636358,-0.014545454545454547,-0.014545454545454547,-0.014545454545454547,-0.014545454545454547
5,4,Normal,0.43385973445350146,-0.11602755832463907,-0.10353798703574957,-0.10543532225157733,-0.10819368759395934
5,4,Password,0.030428823629138027,-0.009021082090238608,-0.0070111404629937665,-0.007280089373217253,-0.007116511702688427
5,4,Port_Scanning,0.0,0.0,0.0,0.0,0.0
5,4,Ransomware,0.0,0.0,0.0,0.0,0.0
5,4,SQL_injection,-0.008848408285595577,0.00829230117882035,0.0006494176845869118,5.37333053119678e-05,-0.00014704388312365192
5,4,Uploading,0.028984322146464032,-0.01673530207960826,0.008867009636837144,0.003668142313853473,-0.02798310074839001
5,4,Vulnerability_scanner,-0.0005892970133278848,0.00022343991803684958,-7.210078427759929e-05,-7.210078427759929e-05,0.0002973250936154618
5,4,XSS,0.0,0.0,0.0,0.0,0.0
5,Aggregated,Backdoor,0.033995813811887175,-0.02906937988112338,-0.043632826481749924,-0.007333773250471865,-0.02423714350836419
5,Aggregated,DDoS_HTTP,0.04814592546435988,-0.008349346917574081,-0.006058078017281057,-0.003482844961268868,-0.013585689175163722
5,Aggregated,DDoS_ICMP,-0.00012714537319929073,8.275590035531724e-06,4.514235351055218e-06,-2.9341005457650393e-05,8.275590035531724e-06
5,Aggregated,DDoS_TCP,-0.0018931469687610317,9.157883054806138e-05,-0.0002952386875541409,-0.0007024864531898063,0.0018790228713463605
5,Aggregated,DDoS_UDP,-0.00018128734991862405,1.1800062652445042e-05,6.435832592716073e-06,-4.18360205500512e-05,1.1800062652445042e-05
5,Aggregated,Fingerprinting,0.0,0.0,0.0,0.0,0.0
5,Aggregated,MITM,0.45457601222307076,-0.03129106187929718,-0.03129106187929718,-0.03129106187929718,-0.03129106187929718
5,Aggregated,Normal,0.398658406440414,-0.10723243757085527,-0.09475614880309112,-0.09666120542067443,-0.09938080081841001
5,Aggregated,Password,-0.018379851314573974,-0.0011743187711330053,0.0070284196572485335,0.005943218190715325,0.0065825322377431154
5,Aggregated,Port_Scanning,0.0,0.0,0.0,0.0,0.0
5,Aggregated,Ransomware,0.0,0.0,0.0,0.0,0.0
5,Aggregated,SQL_injection,-0.028437319300596172,0.02825541681603897,0.0005619337177471829,0.0030621979819811947,-0.0034422292151711858
5,Aggregated,Uploading,0.014299794438616653,-0.013488603480399479,-0.000317728669315958,0.010152969715754271,-0.011915347408456652
5,Aggregated,Vulnerability_scanner,-0.00017368838654119128,6.712475689997221e-05,-8.853368572354266e-05,-2.0443658896814507e-05,8.90168608491689e-05
5,Aggregated,XSS,0.0,0.0,0.0,0.0,0.0
5,Centralized,Backdoor,0.033995813811887175,-0.02906937988112338,-0.043632826481749924,-0.007333773250471865,-0.02423714350836419
5,Centralized,DDoS_HTTP,0.04814592546435988,-0.008349346917574081,-0.006058078017281057,-0.003482844961268868,-0.013585689175163722
5,Centralized,DDoS_ICMP,-0.00012714537319929073,8.275590035531724e-06,4.514235351055218e-06,-2.9341005457650393e-05,8.275590035531724e-06
5,Centralized,DDoS_TCP,-0.0018931469687610317,9.157883054806138e-05,-0.0002952386875541409,-0.0007024864531898063,0.0018790228713463605
5,Centralized,DDoS_UDP,-0.00018128734991862405,1.1800062652445042e-05,6.435832592716073e-06,-4.18360205500512e-05,1.1800062652445042e-05
5,Centralized,Fingerprinting,0.0,0.0,0.0,0.0,0.0
5,Centralized,MITM,0.45457601222307076,-0.03129106187929718,-0.03129106187929718,-0.03129106187929718,-0.03129106187929718
5,Centralized,Normal,0.398658406440414,-0.10723243757085527,-0.09475614880309112,-0.09666120542067443,-0.09938080081841001
5,Centralized,Password,-0.018379851314573974,-0.0011743187711330053,0.0070284196572485335,0.005943218190715325,0.0065825322377431154
5,Centralized,Port_Scanning,0.0,0.0,0.0,0.0,0.0
5,Centralized,Ransomware,0.0,0.0,0.0,0.0,0.0
5,Centralized,SQL_injection,-0.028437319300596172,0.02825541681603897,0.0005619337177471829,0.0030621979819811947,-0.0034422292151711858
5,Centralized,Uploading,0.014299794438616653,-0.013488603480399479,-0.000317728669315958,0.010152969715754271,-0.011915347408456652
5,Centralized,Vulnerability_scanner,-0.00017368838654119128,6.712475689997221e-05,-8.853368572354266e-05,-2.0443658896814507e-05,8.90168608491689e-05
5,Centralized,XSS,0.0,0.0,0.0,0.0,0.0
6,0,Backdoor,-0.20532659828418792,0.055951000688488,0.007094192456291308,0.036592182749116485,0.050244071356905826
6,0,DDoS_HTTP,-0.0810611088510985,0.031136539579095884,0.00501684622320207,0.019540583531695303,0.027296215927609897
6,0,DDoS_ICMP,0.00014672137973330003,0.00014672137973330003,0.00010910789522481923,-4.137991357407445e-05,9.02926852793362e-05
6,0,DDoS_TCP,0.0005019792961456123,0.0002624744290496232,0.0007677503196284555,0.00012393793207041148,0.0004829589546188247
6,0,DDoS_UDP,0.0002091462765936488,0.0002091462765936488,0.00015550397466144542,-5.8996173135668815e-05,0.00012870008867826854
6,0,Fingerprinting,0.0,0.0,0.0,0.0,0.0
6,0,MITM,-0.07272727272727275,0.018181818181818188,0.018181818181818188,0.018181818181818188,0.018181818181818188
6,0,Normal,0.0,0.0,0.0,0.0,0.0
6,0,Password,-0.32164851321496424,0.07335346245139267,0.07486220893670999,0.08461282304411238,0.08882001878274928
6,0,Port_Scanning,0.00919730901802902,-0.0022939904248957246,-0.001250627769679409,-0.003871277491141781,-0.0017814133323121053
6,0,Ransomware,0.0,0.0,0.0,0.0,0.0
6,0,SQL_injection,-0.02808480766305787,0.04865757646820559,0.011556407471466714,-0.02333998136727957,-0.00878919490933487
6,0,Uploading,-0.014290928338159488,-0.003311453444960785,0.02331718697130292,-0.006228477230188143,-0.0029517948840645496
6,0,Vulnerability_scanner,-0.0003957522739002961,0.0001766826758750469,0.00014091043235093064,0.00014091043235093064,-6.275126667661205e-05
6,0,XSS,-0.012541259989593165,0.006905075751478172,0.00026011062903656077,0.00026011062903656077,0.005115962980041869
6,1,Backdoor,-0.19445681103244,0.041499802138316076,-0.011747174388030976,0.02632720743891663,0.04087848277512504
6,1,DDoS_HTTP,-0.07782433617899873,0.03147141413681597,0.0018507595488198728,0.020483060206799332,0.02934150532094507
6,1,DDoS_ICMP,5.642022676272118e-05,5.642022676272118e-05,5.642022676272118e-05,0.0,5.642022676272118e-05
6,1,DDoS_TCP,-7.410892706751586e-05,0.0010781628727369764,0.002075848535564739,0.0006870113652782746,0.0009944965829140969
6,1,DDoS_UDP,8.046345289830503e-05,8.046345289830503e-05,8.046345289830503e-05,0.0,8.046345289830503e-05
6,1,Fingerprinting,0.0,0.0,0.0,0.0,0.0
6,1,MITM,-0.08727272727272731,0.021818181818181803,0.021818181818181803,0.021818181818181803,0.021818181818181803
6,1,Normal,0.0,0.0,0.0,0.0,0.0
6,1,Password,-0.30088143926757444,0.06873582592321396,0.07185948048203,0.07797818578425787,0.08230794707807253
6,1,Port_Scanning,0.006728475802108179,-0.0019450001282347207,-0.0014192377728193687,-0.0019450001282347207,-0.0014192377728193687
6,1,Ransomware,0.0,0.0,0.0,0.0,0.0
6,1,SQL_injection,-0.024799342146602642,0.053441892419997715,0.004971540626088543,-0.021457591304851812,-0.012156499594631795
6,1,Uploading,-0.01640807562297739,-0.002659840666160922,0.022972163683572966,-0.004925897469071511,-0.0025938564310430405
6,1,Vulnerability_scanner,-8.750044927638979e-05,2.1875112319097446e-05,2.1875112319097446e-05,2.1875112319097446e-05,2.1875112319097446e-05
6,1,XSS,-0.006722376766862712,0.007597024645912931,-0.004158689374807444,-0.004158689374807444,0.007442730870564667
6,2,Backdoor,-0.21969992745875336,0.04547209777232627,-0.009361242363376657,0.02450384951333418,0.04006355745948347
6,2,DDoS_HTTP,-0.09292122602730295,0.031464777404683855,-0.0007707109883867895,0.023640056671427604,0.028130838967846274
6,2,DDoS_ICMP,0.0,0.0,0.0,0.0,0.0
6,2,DDoS_TCP,0.0013053430548304213,0.00020903966331994688,0.001423296665319307,-0.00023971015545808753,0.0002508554027352727
6,2,DDoS_UDP,0.0,0.0,0.0,0.0,0.0
6,2,Fingerprinting,0.0,0.0,0.0,0.0,0.0
6,2,MITM,-0.08727272727272731,0.021818181818181803,0.021818181818181803,0.021818181818181803,0.021818181818181803
6,2,Normal,0.0,0.0,0.0,0.0,0.0
6,2,Password,-0.313935748180663,0.07057648627167848,0.07809496394243354,0.08178286626410737,0.08348143170244347
6,2,Port_Scanning,0.0012658227848101266,-0.00031645569620253165,-0.00031645569620253165,-0.00031645569620253165,-0.00031645569620253165
6,2,Ransomware,0.0,0.0,0.0,0.0,0.0
6,2,SQL_injection,-0.03304481828003337,0.058393901366699134,0.013276632922222694,-0.027159659795556693,-0.011466056213331768
6,2,Uploading,-0.003584496735385402,-0.0032621590681307213,0.0149702255837904,-0.004861410712143553,-0.003262159068130722
6,2,Vulnerability_scanner,-0.0004305713235301822,0.00013601070383094106,2.253921203735909e-05,0.00013601070383094106,0.00013601070383094106
6,2,XSS,-0.016955736845716534,0.013179327114245869,-0.004372338101603504,-0.004372338101603504,0.012521085934677679
6,3,Backdoor,-0.18460346289377388,0.04417545173600033,-0.006711757859742272,0.02624237398111951,0.03284175027825307
6,3,DDoS_HTTP,-0.08416769320439249,0.028584625181348453,0.012083333814958781,0.017112573030820546,0.030110739803567103
6,3,DDoS_ICMP,0.0,0.0,0.0,0.0,0.0
6,3,DDoS_TCP,0.00033688084855565403,0.0006852330152021154,0.004437044756572213,0.0009433837159833388,0.0006853402482580595
6,3,DDoS_UDP,0.0,0.0,0.0,0.0,0.0
6,3,Fingerprinting,0.0,0.0,0.0,0.0,0.0
6,3,MITM,0.0,0.0,0.0,0.0,0.0
6,3,Normal,0.0,0.0,0.0,0.0,0.0
6,3,Password,-0.30256921458851005,0.06990471258674562,0.07503707817360974,0.07913386567879942,0.07849355814935538
6,3,Port_Scanning,0.001257861635220126,-0.0003144654088050315,-0.0003144654088050315,-0.0003144654088050315,-0.0003144654088050315
6,3,Ransomware,0.0,0.0,0.0,0.0,0.0
6,3,SQL_injection,-0.02742510786515111,0.054885356252743274,0.010775176439628257,-0.023525042473711212,-0.0147103823535092
6,3,Uploading,-0.010741355701688802,-0.00512630045288957,0.024810604262428145,-0.004781771946489186,-0.004161176161360595
6,3,Vulnerability_scanner,-0.00032547667721365413,0.00020451652210055627,-7.765700205403236e-06,9.837541094757651e-05,3.03504443709246e-05
6,3,XSS,-0.007624036097408904,0.0025297117675351774,0.00014798462797969704,0.00014798462797969704,0.004798355073914333
6,4,Backdoor,0.2661650918286536,-0.08016267564485924,-0.09999433394582581,-0.09394241265782609,-0.07597108529333844
6,4,DDoS_HTTP,0.20416943053134665,-0.0506355266882176,-0.06500147829531171,-0.06586595781683917,-0.04970492906082562
6,4,DDoS_ICMP,0.0,0.0,0.0,0.0,0.0
6,4,DDoS_TCP,0.0014946626471464219,-8.222514633732803e-05,0.001968352170804094,2.6429794830856725e-05,0.0003773268230570448
6,4,DDoS_UDP,0.0,0.0,0.0,0.0,0.0
6,4,Fingerprinting,0.0,0.0,0.0,0.0,0.0
6,4,MITM,0.5527272727272723,-0.13818181818181818,-0.13818181818181818,-0.13818181818181818,-0.13818181818181818
6,4,Normal,0.4065621583877574,-0.1044582145269735,-0.1009710775016986,-0.10055855431467037,-0.10128486775834204
6,4,Password,0.029165087376374625,-0.007498377223521157,-0.00704536519137171,-0.007238567371010927,-0.0073827775904708424
6,4,Port_Scanning,0.0012383900928792568,-0.0003095975232198142,-0.0003095975232198142,-0.0003095975232198142,-0.0003095975232198142
6,4,Ransomware,0.0,0.0,0.0,0.0,0.0
6,4,SQL_injection,-0.0027313519875260426,0.002909695892469784,0.002116120979972175,-0.0018698924896856151,-0.00042457239523030233
6,4,Uploading,-0.005417975988414089,0.003941900468207176,-0.01332536262356333,0.0031371396814502397,0.00433298074058707
6,4,Vulnerability_scanner,-0.0007296004428303194,0.00037629205916037687,-0.00010389977074345413,0.00015463653242454023,0.0003025716219888563
6,4,XSS,-0.0010498402015771144,-0.01175298581260471,0.012869469396108666,0.013673151104312987,-0.013739794486239828
6,Aggregated,Backdoor,0.08622827892240167,-0.02440462703287927,-0.06734345693350537,-0.05627309954146369,-0.02666027653163156
6,Aggregated,DDoS_HTTP,0.1382582584707606,-0.02003087099959149,-0.05575358688835686,-0.054576368399949435,-0.01907455589372582
6,Aggregated,DDoS_ICMP,4.0625814730146e-05,4.0625814730146e-05,3.310310536119299e-05,-8.27518353992233e-06,2.934141195325979e-05
6,Aggregated,DDoS_TCP,0.0007113430966624738,0.0004309839175834921,0.002131702396820049,0.000307822908641403,0.0005580852089781596
6,Aggregated,DDoS_UDP,5.792719090382629e-05,5.792719090382629e-05,4.7198730784368353e-05,-1.180089161172404e-05,4.18351915907722e-05
6,Aggregated,Fingerprinting,0.0,0.0,0.0,0.0,0.0
6,Aggregated,MITM,0.3886936592818944,-0.09717341482047365,-0.09717341482047365,-0.09717341482047365,-0.09717341482047365
6,Aggregated,Normal,0.3724402762439878,-0.09590111654995924,-0.09240757307836504,-0.09200349849694921,-0.09274101381041339
6,Aggregated,Password,-0.022896682895862892,0.0046962159596047924,0.006113663578649442,0.006291986722360201,0.005794816635248443
6,Aggregated,Port_Scanning,0.003960582533061589,-0.0010423733193697911,-0.0007265099678613056,-0.0013588967609623839,-0.0008328024848681082
6,Aggregated,Ransomware,0.0,0.0,0.0,0.0,0.0
6,Aggregated,SQL_injection,-0.010359834603337977,0.012845327109713133,0.006536156177268967,-0.007478156292464696,-0.0015434923911794248
6,Aggregated,Uploading,-0.006453872124440643,0.001496602738908751,0.00017760414917967435,5.769264851927085e-05,0.0018526537000016525
6,Aggregated,Vulnerability_scanner,-0.00039292720216676515,0.00018274027969718368,1.4925291670664365e-05,0.00010977312611698172,8.548850468193537e-05
6,Aggregated,XSS,-0.005546545048394308,-0.0011749918055344614,0.004422122644473299,0.004589882042884565,-0.0022904678334290927
6,Centralized,Backdoor,0.08622827892240167,-0.02440462703287927,-0.06734345693350537,-0.05627309954146369,-0.02666027653163156
6,Centralized,DDoS_HTTP,0.1382582584707606,-0.02003087099959149,-0.05575358688835686,-0.054576368399949435,-0.01907455589372582
6,Centralized,DDoS_ICMP,4.0625814730146e-05,4.0625814730146e-05,3.310310536119299e-05,-8.27518353992233e-06,2.934141195325979e-05
6,Centralized,DDoS_TCP,0.0007113430966624738,0.0004309839175834921,0.002131702396820049,0.000307822908641403,0.0005580852089781596
6,Centralized,DDoS_UDP,5.792719090382629e-05,5.792719090382629e-05,4.7198730784368353e-05,-1.180089161172404e-05,4.18351915907722e-05
6,Centralized,Fingerprinting,0.0,0.0,0.0,0.0,0.0
6,Centralized,MITM,0.3886936592818944,-0.09717341482047365,-0.09717341482047365,-0.09717341482047365,-0.09717341482047365
6,Centralized,Normal,0.3724402762439878,-0.09590111654995924,-0.09240757307836504,-0.09200349849694921,-0.09274101381041339
6,Centralized,Password,-0.022896682895862892,0.0046962159596047924,0.006113663578649442,0.006291986722360201,0.005794816635248443
6,Centralized,Port_Scanning,0.003960582533061589,-0.0010423733193697911,-0.0007265099678613056,-0.0013588967609623839,-0.0008328024848681082
6,Centralized,Ransomware,0.0,0.0,0.0,0.0,0.0
6,Centralized,SQL_injection,-0.010359834603337977,0.012845327109713133,0.006536156177268967,-0.007478156292464696,-0.0015434923911794248
6,Centralized,Uploading,-0.006453872124440643,0.001496602738908751,0.00017760414917967435,5.769264851927085e-05,0.0018526537000016525
6,Centralized,Vulnerability_scanner,-0.00039292720216676515,0.00018274027969718368,1.4925291670664365e-05,0.00010977312611698172,8.548850468193537e-05
6,Centralized,XSS,-0.005546545048394308,-0.0011749918055344614,0.004422122644473299,0.004589882042884565,-0.0022904678334290927
7,0,Backdoor,-0.34288277327726546,0.07652985785581616,0.04311926003522374,0.021447270094518953,0.0723706625149878
7,0,DDoS_HTTP,-0.11169321870890275,0.025524412799766177,0.024115675995927226,0.012475954567623031,0.024515807876530436
7,0,DDoS_ICMP,8.970572710733094e-05,8.970572710733094e-05,-0.00030240268166660257,3.3285500344609756e-05,8.970572710733094e-05
7,0,DDoS_TCP,0.0011380457907301522,0.00045831939225969104,0.0002903951903307593,0.0007347127906303837,0.0003290013866811455
7,0,DDoS_UDP,9.68262998169378e-05,9.68262998169378e-05,-0.00030684174636944614,1.636284691863277e-05,9.68262998169378e-05
7,0,Fingerprinting,0.0,0.0,0.0,0.0,0.0
7,0,MITM,0.018181818181818188,0.018181818181818188,0.018181818181818188,0.018181818181818188,0.018181818181818188
7,0,Normal,0.0,0.0,0.0,0.0,0.0
7,0,Password,-0.31807441774082484,0.08901954928213551,0.08893737597216447,0.07490388926890672,0.06521360321761797
7,0,Port_Scanning,0.0,0.0,0.0,0.0,0.0
7,0,Ransomware,0.0,0.0,0.0,0.0,0.0
7,0,SQL_injection,-0.09161794511937489,-0.013265706626308259,-0.008662534263498192,0.02713855489003516,0.0864076311191462
7,0,Uploading,0.0067565484377093915,0.0014610224130437862,0.00022255288953009072,0.004400595017926189,0.0015753837562973094
7,0,Vulnerability_scanner,0.00016792878727200922,-0.00016792878727200922,-0.00011195252484800615,0.00016792878727200922,-5.5976262424003075e-05
7,0,XSS,-0.0009532197067813293,-0.0009532197067813293,-0.0009532197067813293,-0.0009532197067813293,0.003812878827125317
7,1,Backdoor,-0.3102601901037944,0.0778331420305672,0.044769571515082096,0.019221124483370107,0.07324765418898187
7,1,DDoS_HTTP,-0.1115963347083337,0.02610523737350476,0.022588181530829397,0.013414779957189002,0.02368961004828484
7,1,DDoS_ICMP,0.00010078259117176081,0.00010078259117176081,-0.00040313036468704323,0.00010078259117176081,0.00010078259117176081
7,1,DDoS_TCP,0.0009643204093827499,0.00024306602736430075,-0.000916735922068627,-0.00010238771598339302,0.0001234165876850731
7,1,DDoS_UDP,0.0001130959068269488,0.0001130959068269488,-0.0004523836273077952,0.0001130959068269488,0.0001130959068269488
7,1,Fingerprinting,0.0,0.0,0.0,0.0,0.0
7,1,MITM,0.021818181818181803,0.021818181818181803,0.021818181818181803,0.021818181818181803,0.021818181818181803
7,1,Normal,0.0,0.0,0.0,0.0,0.0
7,1,Password,-0.29445058807612356,0.08450038876355191,0.08312397273268217,0.07045812723576768,0.05636809934412175
7,1,Port_Scanning,0.0,0.0,0.0,0.0,0.0
7,1,Ransomware,0.0,0.0,0.0,0.0,0.0
7,1,SQL_injection,-0.08323334908597198,-0.014568013421939856,-0.01426268804756327,0.025294517090423137,0.08676953346505202
7,1,Uploading,0.007855895595671514,0.003438081928098601,-0.0014054212477756821,0.005512274587758895,0.002268419629924653
7,1,Vulnerability_scanner,0.0,0.0,0.0,0.0,0.0
7,1,XSS,-0.00044559585492227985,-0.00044559585492227985,-0.00044559585492227985,-0.00044559585492227985,0.0017823834196891194
7,2,Backdoor,-0.2593656441316949,0.08725698556675068,0.0586073880253136,0.0447686392509126,0.08233740443322356
7,2,DDoS_HTTP,-0.10517036840172939,0.030162784766403897,0.029296367453770063,0.02064050236249772,0.02708811553580139
7,2,DDoS_ICMP,7.8527481833085e-05,7.8527481833085e-05,-0.00031410992733234,7.8527481833085e-05,7.8527481833085e-05
7,2,DDoS_TCP,0.0010494476912093857,0.00043214049933718024,8.780155763629671e-05,0.00058555595241358,-2.597930037491018e-05
7,2,DDoS_UDP,8.07336092372768e-05,8.07336092372768e-05,-0.0003229344369491072,8.07336092372768e-05,8.07336092372768e-05
7,2,Fingerprinting,0.0,0.0,0.0,0.0,0.0
7,2,MITM,0.021818181818181803,0.021818181818181803,0.021818181818181803,0.021818181818181803,0.021818181818181803
7,2,Normal,0.0,0.0,0.0,0.0,0.0
7,2,Password,-0.3062169150609003,0.08553321572323878,0.0863078237557394,0.07358308279348671,0.060792792788435315
7,2,Port_Scanning,0.0,0.0,0.0,0.0,0.0
7,2,Ransomware,0.0,0.0,0.0,0.0,0.0
7,2,SQL_injection,-0.0891610761337111,-0.014450111679332045,-0.012476605588056118,0.02477491316985002,0.0913128802312493
7,2,Uploading,0.005269951406699974,7.2584158182518545e-06,-0.0018647312785099563,0.0039438575375740255,-0.0005483925150889607
7,2,Vulnerability_scanner,0.0,0.0,0.0,0.0,0.0
7,2,XSS,-0.0013722730471498947,-0.0013722730471498947,-0.0013722730471498947,-0.0013722730471498947,0.005489092188599579
7,3,Backdoor,-0.29827428703828507,0.0714700990338504,0.04081556827113362,0.020610858325204772,0.07108664609618705
7,3,DDoS_HTTP,-0.09408802876132046,0.024779971558553923,0.023590516372586377,0.008878200130913918,0.022264113721315502
7,3,DDoS_ICMP,0.00013839670125090353,8.223829080133971e-05,-0.0004225477040671888,0.00011967442121360583,8.223829080133971e-05
7,3,DDoS_TCP,0.0009544229097481001,0.0004966474218232487,-4.4210783370100354e-05,0.0008000030018113298,0.0002469070090200698
7,3,DDoS_UDP,2.709451261700783e-05,5.3846570278393016e-05,-0.00013502646817234638,2.3881499855253153e-07,5.3846570278393016e-05
7,3,Fingerprinting,0.0,0.0,0.0,0.0,0.0
7,3,MITM,0.0,0.0,0.0,0.0,0.0
7,3,Normal,0.0,0.0,0.0,0.0,0.0
7,3,Password,-0.29339362776417516,0.08168413676190939,0.0818688733022843,0.07051471166320426,0.05925598391254308
7,3,Port_Scanning,0.0,0.0,0.0,0.0,0.0
7,3,Ransomware,0.0,0.0,0.0,0.0,0.0
7,3,SQL_injection,-0.08741790675315413,-0.021608726682006158,-0.0144144707640565,0.03517003805428512,0.08827106614493167
7,3,Uploading,0.003263203576472453,0.0006260498638394287,-0.0025821694228856467,0.002474344101228314,-0.0002915816037696995
7,3,Vulnerability_scanner,-6.695099321273694e-05,-7.963095434707265e-05,-0.00022111430529771862,0.00010449202052044693,-8.89563396952638e-06
7,3,XSS,-3.2234674778838325e-05,7.459722522650213e-05,4.788925022516701e-05,6.124323772583457e-05,-0.000311742888406676
7,4,Backdoor,0.17109896446321,-0.04691844785428676,-0.07295485421087648,-0.07288564872436916,-0.04938181570963176
7,4,DDoS_HTTP,0.19505040834718212,-0.03871832442258952,-0.04476442529772848,-0.05667204862605546,-0.04078411090619254
7,4,DDoS_ICMP,6.726393765094096e-05,6.726393765094096e-05,-0.00026905575060376385,6.726393765094096e-05,6.726393765094096e-05
7,4,DDoS_TCP,0.0008403529977612326,0.0005039124636367261,0.0001663781178019482,0.0008989661903502366,3.805133968851996e-05
7,4,DDoS_UDP,0.00019339260132221204,3.236200550902901e-05,-0.00029047861784929906,3.236200550902901e-05,3.236200550902901e-05
7,4,Fingerprinting,0.0,0.0,0.0,0.0,0.0
7,4,MITM,0.7527272727272726,-0.13818181818181818,-0.13818181818181818,-0.13818181818181818,-0.13818181818181818
7,4,Normal,0.37455202156137263,-0.08795135649225605,-0.10562894760152249,-0.09392910514227397,-0.0865419974774463
7,4,Password,0.028287144114946476,-0.007084979829724003,-0.007332479819880755,-0.006858433762761426,-0.007011250702580295
7,4,Port_Scanning,0.0,0.0,0.0,0.0,0.0
7,4,Ransomware,0.0,0.0,0.0,0.0,0.0
7,4,SQL_injection,-0.007406089277843972,-0.0005304031166162654,-4.430367173431897e-05,0.0024332648770345466,0.005547531189160006
7,4,Uploading,0.009819622444657634,-0.007898362464469797,0.004210896832466689,0.007251009618305696,0.0009932338677701817
7,4,Vulnerability_scanner,-0.0001696849514769986,0.0003564332340783516,6.0892531763902706e-05,0.00013477770734251492,0.000504203585235576
7,4,XSS,0.002877329997766067,0.0034773449981410826,0.0033273412480473285,0.003402343123094206,-0.013984381867611204
7,Aggregated,Backdoor,-0.014808887041694465,0.013243221593471926,-0.03631625191095656,-0.03524174230347219,-0.0023731112782480568
7,Aggregated,DDoS_HTTP,0.09206112630943887,-0.011625349112639988,-0.020299475310362542,-0.04907787528860194,-0.015989826629300277
7,Aggregated,DDoS_ICMP,9.493450864515214e-05,8.370753886128475e-05,-0.0003422575953784738,7.990800901075215e-05,8.370753886128475e-05
7,Aggregated,DDoS_TCP,0.0009894852381967837,0.0004269759311744337,-8.425545903169388e-05,0.0005825169245021966,0.00014207328045645062
7,Aggregated,DDoS_UDP,0.00010219827183316488,7.536882673405317e-05,-0.00030148222004916514,4.8546294747893924e-05,7.536882673405317e-05
7,Aggregated,Fingerprinting,0.0,0.0,0.0,0.0,0.0
7,Aggregated,MITM,0.4937356760886178,-0.09717341482047365,-0.09717341482047365,-0.09717341482047365,-0.09717341482047365
7,Aggregated,Normal,0.3405917351962746,-0.07945424657073775,-0.09711230934723161,-0.08541938636272267,-0.07804279671326218
7,Aggregated,Password,-0.025897250494875686,0.006806796019144672,0.005772684686663359,0.007232655872878976,0.00607222389368411
7,Aggregated,Port_Scanning,0.0,0.0,0.0,0.0,0.0
7,Aggregated,Ransomware,0.0,0.0,0.0,0.0,0.0
7,Aggregated,SQL_injection,-0.027644638737247578,-0.0013315839328166123,-0.0008037389884611529,0.009754455259323455,0.020025506399201864
7,Aggregated,Uploading,0.006856069589139186,-0.0012710765394464657,-3.75122514678206e-05,0.00488160707289824,0.0009333006973908691
7,Aggregated,Vulnerability_scanner,-1.3140420508126842e-05,2.2552830658075415e-05,-5.3652557203043295e-05,8.173072550141658e-05,8.903353496408547e-05
7,Aggregated,XSS,0.0005753828400501289,0.0006802541105655693,0.0006540362929367093,0.0006671452017511393,-0.0027341253510767076
7,Centralized,Backdoor,-0.014808887041694465,0.013243221593471926,-0.03631625191095656,-0.03524174230347219,-0.0023731112782480568
7,Centralized,DDoS_HTTP,0.09206112630943887,-0.011625349112639988,-0.020299475310362542,-0.04907787528860194,-0.015989826629300277
7,Centralized,DDoS_ICMP,9.493450864515214e-05,8.370753886128475e-05,-0.0003422575953784738,7.990800901075215e-05,8.370753886128475e-05
7,Centralized,DDoS_TCP,0.0009894852381967837,0.0004269759311744337,-8.425545903169388e-05,0.0005825169245021966,0.00014207328045645062
7,Centralized,DDoS_UDP,0.00010219827183316488,7.536882673405317e-05,-0.00030148222004916514,4.8546294747893924e-05,7.536882673405317e-05
7,Centralized,Fingerprinting,0.0,0.0,0.0,0.0,0.0
7,Centralized,MITM,0.4937356760886178,-0.09717341482047365,-0.09717341482047365,-0.09717341482047365,-0.09717341482047365
7,Centralized,Normal,0.3405917351962746,-0.07945424657073775,-0.09711230934723161,-0.08541938636272267,-0.07804279671326218
7,Centralized,Password,-0.025897250494875686,0.006806796019144672,0.005772684686663359,0.007232655872878976,0.00607222389368411
7,Centralized,Port_Scanning,0.0,0.0,0.0,0.0,0.0
7,Centralized,Ransomware,0.0,0.0,0.0,0.0,0.0
7,Centralized,SQL_injection,-0.027644638737247578,-0.0013315839328166123,-0.0008037389884611529,0.009754455259323455,0.020025506399201864
7,Centralized,Uploading,0.006856069589139186,-0.0012710765394464657,-3.75122514678206e-05,0.00488160707289824,0.0009333006973908691
7,Centralized,Vulnerability_scanner,-1.3140420508126842e-05,2.2552830658075415e-05,-5.3652557203043295e-05,8.173072550141658e-05,8.903353496408547e-05
7,Centralized,XSS,0.0005753828400501289,0.0006802541105655693,0.0006540362929367093,0.0006671452017511393,-0.0027341253510767076
8,0,Backdoor,-0.14141192660192217,0.11173986602702153,0.11225364011719882,0.10329166433315498,0.078162367420634
8,0,DDoS_HTTP,-0.08779805484461896,0.025918260707871187,0.030579316205913667,0.035109041918692394,0.028476353139408432
8,0,DDoS_ICMP,6.01208301605094e-05,2.250734565202861e-05,4.029731736815423e-06,-0.00010916525320138204,2.250734565202861e-05
8,0,DDoS_TCP,-0.0001557449319088633,-0.0011898256230724546,0.00019130755478817633,-0.0011678225635451253,0.00018775603579869552
8,0,DDoS_UDP,8.583806878615189e-05,3.219576685394854e-05,5.270892465939851e-06,-0.0001555004949599888,3.219576685394854e-05
8,0,Fingerprinting,0.0,0.0,0.0,0.0,0.0
8,0,MITM,0.0,0.0,0.0,0.0,0.0
8,0,Normal,0.0,0.0,0.0,0.0,0.0
8,0,Password,-0.31700262870729196,0.08759554090543427,0.08662704787982613,0.07704192522752609,0.0656933611522625
8,0,Port_Scanning,0.0,0.0,0.0,0.0,0.0
8,0,Ransomware,-0.009444444444444445,-0.009444444444444445,-0.009444444444444445,0.03777777777777778,-0.009444444444444445
8,0,SQL_injection,-0.11197111387514694,0.010494665189790687,-0.006969213682807495,0.0331998523419448,0.075245810026219
8,0,Uploading,-0.004954385454343122,0.025418932928988117,-0.009411764100612915,-0.00594509195231798,-0.008743755176531011
8,0,Vulnerability_scanner,-0.0004702006043616258,-0.0002462955546656135,-0.00013434302981760738,8.956201987840492e-05,8.956201987840492e-05
8,0,XSS,0.0,0.0,0.0,0.0,0.0
8,1,Backdoor,-0.12153379023897351,0.10762900432163253,0.10788522506671261,0.10344716863233204,0.07510522363378998
8,1,DDoS_HTTP,-0.08555461250175907,0.026612193707065614,0.03431638358429978,0.03435607670174729,0.029946762891333127
8,1,DDoS_ICMP,1.1284045352544236e-05,1.1284045352544236e-05,1.1284045352544236e-05,-4.513618141017694e-05,1.1284045352544236e-05
8,1,DDoS_TCP,0.0015317929712622654,-0.0006346578746496634,0.0003859506509610644,-0.000872750534877235,0.0005929097927710144
8,1,DDoS_UDP,1.6092690579661006e-05,1.6092690579661006e-05,1.6092690579661006e-05,-6.437076231864402e-05,1.6092690579661006e-05
8,1,Fingerprinting,0.0,0.0,0.0,0.0,0.0
8,1,MITM,0.0,0.0,0.0,0.0,0.0
8,1,Normal,0.0,0.0,0.0,0.0,0.0
8,1,Password,-0.29036531312828423,0.07933536774224434,0.08119890820985494,0.07221539497024027,0.05761564220594455
8,1,Port_Scanning,0.0,0.0,0.0,0.0,0.0
8,1,Ransomware,-0.011702127659574468,-0.011702127659574468,-0.011702127659574468,0.04680851063829787,-0.011702127659574468
8,1,SQL_injection,-0.10299743515338296,0.013309442329318586,-0.017762067917647176,0.02892068787948791,0.0785293728622236
8,1,Uploading,-0.002143147597132635,0.025140010133948672,-0.009231757018711111,-0.006641861161722448,-0.007123244356382466
8,1,Vulnerability_scanner,0.0,0.0,0.0,0.0,0.0
8,1,XSS,0.0,0.0,0.0,0.0,0.0
8,2,Backdoor,-0.15336192636638846,0.09541951105382439,0.09601364793000926,0.09622308349042737,0.0670648086383492
8,2,DDoS_HTTP,-0.09196226032613711,0.027026251383177827,0.034060855287434,0.032631968031461,0.02675292675416575
8,2,DDoS_ICMP,0.0,0.0,0.0,0.0,0.0
8,2,DDoS_TCP,0.0003295691427022777,-0.0015562343513727077,0.0002979900533614799,-0.001373392668419469,-1.4374817983183371e-05
8,2,DDoS_UDP,0.0,0.0,0.0,0.0,0.0
8,2,Fingerprinting,0.0,0.0,0.0,0.0,0.0
8,2,MITM,0.0,0.0,0.0,0.0,0.0
8,2,Normal,0.0,0.0,0.0,0.0,0.0
8,2,Password,-0.3022582692964508,0.08062150323749083,0.08599166706263345,0.07586333487911229,0.05978176411721415
8,2,Port_Scanning,0.0,0.0,0.0,0.0,0.0
8,2,Ransomware,-0.010880829015544042,-0.010880829015544042,-0.010880829015544042,0.043523316062176166,-0.010880829015544042
8,2,SQL_injection,-0.12056979156025312,0.011771536793228284,-0.014418477752775095,0.04115407379885978,0.08206265872094011
8,2,Uploading,-0.005427841367037402,0.01978405849632703,-0.007302916604587522,-0.007283743613610337,-0.00657750047758509
8,2,Vulnerability_scanner,0.0,0.0,0.0,0.0,0.0
8,2,XSS,0.0,0.0,0.0,0.0,0.0
8,3,Backdoor,-0.12211239941074119,0.10173555223628115,0.1035930598055499,0.09615157831370001,0.07508599056781495
8,3,DDoS_HTTP,-0.08662976637145765,0.03040011643424215,0.03135266342633744,0.030275028477633338,0.02979699349423759
8,3,DDoS_ICMP,1.123336802237862e-05,1.123336802237862e-05,-4.493347208951448e-05,1.123336802237862e-05,1.123336802237862e-05
8,3,DDoS_TCP,5.784764185522984e-05,-0.001373303091411802,0.001332604534581555,-0.0021848100587489464,0.0013508147106007914
8,3,DDoS_UDP,-1.608233158990613e-05,-1.608233158990613e-05,6.432932635962452e-05,-1.608233158990613e-05,-1.608233158990613e-05
8,3,Fingerprinting,0.0,0.0,0.0,0.0,0.0
8,3,MITM,0.0,0.0,0.0,0.0,0.0
8,3,Normal,0.0,0.0,0.0,0.0,0.0
8,3,Password,-0.29377664903062845,0.07806416037369258,0.08307172281253329,0.07735712465413819,0.05528364119026463
8,3,Port_Scanning,0.0,0.0,0.0,0.0,0.0
8,3,Ransomware,-0.014136125654450264,-0.014136125654450264,-0.014136125654450264,0.05654450261780106,-0.014136125654450264
8,3,SQL_injection,-0.1043416274888515,0.005272712572438453,-0.013253025566357974,0.039908267941354734,0.07241367254141633
8,3,Uploading,-0.0057890195390334,0.02763703562074587,-0.008312654438410975,-0.006197211182226076,-0.0075413566024165905
8,3,Vulnerability_scanner,-0.0003735558467405679,-2.5223691281304564e-05,-0.00013132667184762397,0.0002650531049347482,0.0002650531049347482
8,3,XSS,3.739116500186916e-05,3.739116500186916e-05,2.40371775012016e-05,2.40371775012016e-05,3.739116500186916e-05
8,4,Backdoor,0.34308777642134747,-0.01259880426729899,-0.01765179832566011,-0.025296596465657992,-0.040530330725340055
8,4,DDoS_HTTP,0.20066227708705486,-0.03269636528270483,-0.05609774967220736,-0.040777057912481804,-0.03975073550423068
8,4,DDoS_ICMP,0.0,0.0,0.0,0.0,0.0
8,4,DDoS_TCP,0.0001343691858265883,-0.00013908350433150714,0.0007436256423082395,-0.0016663258981640691,0.0001126067536044791
8,4,DDoS_UDP,0.0,0.0,0.0,0.0,0.0
8,4,Fingerprinting,0.0,0.0,0.0,0.0,0.0
8,4,MITM,0.5836501422327199,-0.1520352798826877,-0.12779562334401284,-0.14945719962190612,-0.1543620393841131
8,4,Normal,0.36544795277811465,-0.0882153171632396,-0.09353069779630206,-0.09594898936619331,-0.08740054431553387
8,4,Password,0.02785560549029586,-0.007095251640320487,-0.0068412467042359,-0.006869802018343961,-0.007049305127395524
8,4,Port_Scanning,0.0,0.0,0.0,0.0,0.0
8,4,Ransomware,-0.0008206811653672548,-0.0008206811653672548,-0.0008206811653672548,0.003282724661469019,-0.0008206811653672548
8,4,SQL_injection,-0.009905170751259136,0.0014864801317456503,0.0014778695359192013,0.0023396504611721057,0.00460117062242218
8,4,Uploading,0.037306248241195925,-0.013217293323654357,-0.007841695211984178,-0.021423944194656392,0.0011090630510361054
8,4,Vulnerability_scanner,4.433110534716733e-05,4.433110534716733e-05,-0.00017732442138866932,4.433110534716733e-05,4.433110534716733e-05
8,4,XSS,0.0002100052501312552,0.0002100052501312552,0.00013500337508437835,0.00013500337508437835,0.0002100052501312552
8,Aggregated,Backdoor,0.1743359034877126,0.041242588327733566,0.030444855258450712,0.01906641961560045,-0.01740885278908412
8,Aggregated,DDoS_HTTP,0.09223912498351437,-0.0021656228600419936,-0.03805279614972558,-0.008627565385301775,-0.009232227573182605
8,Aggregated,DDoS_ICMP,1.652766524174639e-05,9.004955872793374e-06,-5.925937366944393e-06,-2.8611639620388742e-05,9.004955872793374e-06
8,Aggregated,DDoS_TCP,0.00037990462438833306,-0.0009792818721634418,0.0005894968287753674,-0.0014509733113878727,0.00044535630687136024
8,Aggregated,DDoS_UDP,1.7167196593598222e-05,6.438736474140283e-06,1.7152677186477173e-05,-4.719734672835596e-05,6.438736474140283e-06
8,Aggregated,Fingerprinting,0.0,0.0,0.0,0.0,0.0
8,Aggregated,MITM,0.2726373869046771,-0.07460391399227566,-0.048963090048036714,-0.07181690771689725,-0.07725347514746768
8,Aggregated,Normal,0.33132321092743333,-0.07970792997937907,-0.08499098125379331,-0.08741774886857749,-0.07888136330085412
8,Aggregated,Password,-0.0272987331687503,0.006808839539383136,0.007250408941449295,0.0068463552031095805,0.006380247118984739
8,Aggregated,Port_Scanning,0.0,0.0,0.0,0.0,0.0
8,Aggregated,Ransomware,-0.003355283788021323,-0.003355283788021323,-0.003355283788021323,0.013421135152085291,-0.003355283788021323
8,Aggregated,SQL_injection,-0.03386555728669791,0.005248989678064328,0.0025517448650381413,0.009693223281926353,0.016371599461669096
8,Aggregated,Uploading,0.011722923171549873,0.005585177766893482,-0.0051300747654591345,-0.013580426346807528,-0.001575856807334235
8,Aggregated,Vulnerability_scanner,-0.00015938584006089385,-4.588632213824625e-05,-8.885761835675243e-05,7.895908368128295e-05,7.895908368128295e-05
8,Aggregated,XSS,3.6704944680404174e-05,3.6704944680404174e-05,2.3596035865974113e-05,2.3596035865974113e-05,3.6704944680404174e-05
8,Centralized,Backdoor,0.1743359034877126,0.041242588327733566,0.030444855258450712,0.01906641961560045,-0.01740885278908412
8,Centralized,DDoS_HTTP,0.09223912498351437,-0.0021656228600419936,-0.03805279614972558,-0.008627565385301775,-0.009232227573182605
8,Centralized,DDoS_ICMP,1.652766524174639e-05,9.004955872793374e-06,-5.925937366944393e-06,-2.8611639620388742e-05,9.004955872793374e-06
8,Centralized,DDoS_TCP,0.00037990462438833306,-0.0009792818721634418,0.0005894968287753674,-0.0014509733113878727,0.00044535630687136024
8,Centralized,DDoS_UDP,1.7167196593598222e-05,6.438736474140283e-06,1.7152677186477173e-05,-4.719734672835596e-05,6.438736474140283e-06
8,Centralized,Fingerprinting,0.0,0.0,0.0,0.0,0.0
8,Centralized,MITM,0.2726373869046771,-0.07460391399227566,-0.048963090048036714,-0.07181690771689725,-0.07725347514746768
8,Centralized,Normal,0.33132321092743333,-0.07970792997937907,-0.08499098125379331,-0.08741774886857749,-0.07888136330085412
8,Centralized,Password,-0.0272987331687503,0.006808839539383136,0.007250408941449295,0.0068463552031095805,0.006380247118984739
8,Centralized,Port_Scanning,0.0,0.0,0.0,0.0,0.0
8,Centralized,Ransomware,-0.003355283788021323,-0.003355283788021323,-0.003355283788021323,0.013421135152085291,-0.003355283788021323
8,Centralized,SQL_injection,-0.03386555728669791,0.005248989678064328,0.0025517448650381413,0.009693223281926353,0.016371599461669096
8,Centralized,Uploading,0.011722923171549873,0.005585177766893482,-0.0051300747654591345,-0.013580426346807528,-0.001575856807334235
8,Centralized,Vulnerability_scanner,-0.00015938584006089385,-4.588632213824625e-05,-8.885761835675243e-05,7.895908368128295e-05,7.895908368128295e-05
8,Centralized,XSS,3.6704944680404174e-05,3.6704944680404174e-05,2.3596035865974113e-05,2.3596035865974113e-05,3.6704944680404174e-05
9,0,Backdoor,-0.16326559067478316,0.019653346355372244,0.05453728761808368,0.04966605671153695,0.040203736540319064
9,0,DDoS_HTTP,-0.07210148196495611,0.014275360009549317,0.021207733423453532,0.017989123494983262,0.014647170398934772
9,0,DDoS_ICMP,0.0006803319006068009,3.0388009468549728e-05,0.00014358563665899752,0.00014358563665899752,0.00012473629233598628
9,0,DDoS_TCP,-0.0018379971786632273,0.0005433200475597977,-0.0009439196705807784,0.00045923239424142484,0.00045923239424142484
9,0,DDoS_UDP,-0.001092797910929505,0.00025295375095654715,0.00030682135092102714,0.00025295375095654715,0.0002798614775657293
9,0,Fingerprinting,0.5312525879917184,-0.0045994843186872286,0.0018158595966567012,-0.0025933114791810413,-0.0041365213557242484
9,0,MITM,-0.3138760089015845,0.03978011758062908,0.04800204271431891,0.03978011758062908,0.04345658816886436
9,0,Normal,0.0,0.0,0.0,0.0,0.0
9,0,Password,-0.31816830845867833,0.050176451882869295,0.09014232740976512,0.09171611428158538,0.08613341488445862
9,0,Port_Scanning,0.0,0.0,0.0,0.0,0.0
9,0,Ransomware,-0.0023391812865497076,-0.0023391812865497076,-0.0023391812865497076,0.003508771929824561,0.003508771929824561
9,0,SQL_injection,-0.10529866387474102,0.09208637248858692,0.007690801545415779,-0.008048023133663974,0.013569512974402254
9,0,Uploading,-0.0031379937107709516,0.0012996981630193096,-0.0029668947073133592,0.0005577792130078756,0.000597226651299242
9,0,Vulnerability_scanner,-5.5976262424003075e-05,0.00016792878727200922,-5.5976262424003075e-05,0.0,-5.5976262424003075e-05
9,0,XSS,0.0,0.0,0.0,0.0,0.0
9,1,Backdoor,-0.13473510305099268,0.010564502334414567,0.044840269719720965,0.04139379556337617,0.03573889030850097
9,1,DDoS_HTTP,-0.07055185700741545,0.014730797141900395,0.02342700042252277,0.02003694762721793,0.014979022888965786
9,1,DDoS_ICMP,-4.810098358964954e-05,-2.195650189218412e-05,0.00011020034922978872,0.00012871886650553388,5.337270314703657e-05
9,1,DDoS_TCP,-0.00246837612145257,0.00046086598448675056,-5.137508569089677e-05,0.00046086598448675056,0.00028309484632241624
9,1,DDoS_UDP,-0.0018737375966762615,0.00022636905191435462,0.00022636905191435462,0.00022636905191435462,0.00022636905191435462
9,1,Fingerprinting,0.38874006372881914,-0.02957062219805846,-0.031324354611461075,-0.01832069160779806,-0.023810109597216036
9,1,MITM,-0.26575757575757575,0.026666666666666675,0.02666666666666669,0.026666666666666672,0.026666666666666675
9,1,Normal,0.0,0.0,0.0,0.0,0.0
9,1,Password,-0.29151756642327264,0.04537236572645888,0.08341516547746476,0.08382514804213209,0.0789048871772169
9,1,Port_Scanning,0.0,0.0,0.0,0.0,0.0
9,1,Ransomware,0.0,0.0,0.0,0.0,0.0
9,1,SQL_injection,-0.0941536404005672,0.09970800307992987,-0.0016907616759323904,-0.01702077922363638,0.013157178220206093
9,1,Uploading,-0.0017142506467343426,0.000335437550596449,-0.0023758483118300915,0.00018149181796860378,1.909955949420718e-05
9,1,Vulnerability_scanner,0.0,0.0,0.0,0.0,0.0
9,1,XSS,0.0,0.0,0.0,0.0,0.0
9,2,Backdoor,-0.14613486932429032,0.01570769479875515,0.046885164330620385,0.04283625657757294,0.03720925012083828
9,2,DDoS_HTTP,-0.07020480565548524,0.014878749186224099,0.021419407827250728,0.018125246108941846,0.01294854134326685
9,2,DDoS_ICMP,-0.0003070484630671,9.056270961936841e-05,9.056270961936841e-05,3.4345348966807745e-05,9.056270961936841e-05
9,2,DDoS_TCP,-0.001265813144818038,0.0005996409628756472,-0.00026163801311941773,0.0004323918077722181,0.0001820122453062049
9,2,DDoS_UDP,-0.0009686781595399152,0.00024211764475256525,0.00024211764475256525,0.00024211764475256525,0.00024211764475256525
9,2,Fingerprinting,0.17522168398598587,-0.009385089865639067,-0.010828091308640516,-0.03379080111345558,-0.010106590587139792
9,2,MITM,-0.16408336761277942,0.04084087481146306,0.048193815987933604,0.04451734539969833,0.04451734539969832
9,2,Normal,0.0,0.0,0.0,0.0,0.0
9,2,Password,-0.30377156625839213,0.05131626316990585,0.08560816136629298,0.08745137672371114,0.07939576499848196
9,2,Port_Scanning,0.0,0.0,0.0,0.0,0.0
9,2,Ransomware,0.0,0.0,0.0,0.0,0.0
9,2,SQL_injection,-0.1090301969911782,0.0948599491270938,0.004000770505487679,-0.011766276780349768,0.021935754138946505
9,2,Uploading,-0.002842127799927742,0.0029341165561484117,-0.0025853672128456754,0.0017201740767973548,0.0007732043798276517
9,2,Vulnerability_scanner,0.0,0.0,0.0,0.0,0.0
9,2,XSS,0.0,0.0,0.0,0.0,0.0
9,3,Backdoor,-0.14083414516290632,0.014047404873920965,0.043892066607452616,0.041368358081083995,0.03638576691866453
9,3,DDoS_HTTP,-0.07070711863715397,0.0167504103520103,0.01861572617134351,0.014942986024016289,0.013065691780995842
9,3,DDoS_ICMP,-0.0006537395307412726,3.05978553272727e-05,0.000162798489582013,0.00014393211592542883,8.727374399499222e-05
9,3,DDoS_TCP,-0.003838725855937364,0.0008004104209978676,0.00017570296642070252,0.0006336974172155933,0.0005919917553937245
9,3,DDoS_UDP,0.00035836578018496045,6.450917617462822e-05,0.00011827260027287845,3.763613005459317e-05,6.450917617462822e-05
9,3,Fingerprinting,0.3053234230717363,-0.012589036042621753,-0.010433729258691777,-0.011536022027651204,-0.009895070525380372
9,3,MITM,0.009166666666666608,0.010952380952380941,0.019880952380952364,0.006190476190476189,0.010952380952380943
9,3,Normal,0.0,0.0,0.0,0.0,0.0
9,3,Password,-0.29352746773369487,0.0459998987178136,0.08214798882703775,0.0838922028618963,0.08148737732694734
9,3,Port_Scanning,0.0,0.0,0.0,0.0,0.0
9,3,Ransomware,0.0,0.0,0.0,0.0,0.0
9,3,SQL_injection,-0.09754633058065389,0.10370290785750609,-0.004955568304822687,-0.012408159000036034,0.011207150028006518
9,3,Uploading,-0.0019477485844278163,0.0003508914049905674,0.0014250005795298697,9.454092852793061e-05,7.731567137944836e-05
9,3,Vulnerability_scanner,-5.805535924321056e-05,0.00017416607772963166,-5.805535924321056e-05,0.0,-5.805535924321056e-05
9,3,XSS,1.3353987500667555e-05,1.3353987500667555e-05,-4.006196250200267e-05,0.0,1.3353987500667555e-05
9,4,Backdoor,0.33141472124084104,-0.09776233407944537,-0.0788220185551875,-0.08214361187480394,-0.08671188149478377
9,4,DDoS_HTTP,0.18634633885608248,-0.04644180890210618,-0.04939035932374649,-0.05724924675632603,-0.04474016904579977
9,4,DDoS_ICMP,0.00018101577972554997,0.00013198113855789986,0.000320338508827502,0.0002637990143900352,0.00022610031222856467
9,4,DDoS_TCP,-0.0020640398409540648,0.0008652701091171425,-0.00016755898599505695,0.0004848516906955462,0.00037440778245973844
9,4,DDoS_UDP,-0.0009688034329629946,0.0002421489631083351,0.0002421489631083351,0.0002421489631083351,0.0002421489631083351
9,4,Fingerprinting,0.45062691499326385,0.009080679877120364,0.024332749182969238,0.02022036093264996,0.017478425448778978
9,4,MITM,0.4153525100454362,-0.1557345208735458,-0.09885248820281448,-0.14768691570921252,-0.15593572811700654
9,4,Normal,0.3590016274873692,-0.08959924436801396,-0.08992291869112293,-0.09279967519029145,-0.08692288261549905
9,4,Password,0.027920274752402153,-0.007279541204555474,-0.006818112698743052,-0.0068492948117150464,-0.006973326037388585
9,4,Port_Scanning,0.0,0.0,0.0,0.0,0.0
9,4,Ransomware,0.0,0.0,0.0,0.0,0.0
9,4,SQL_injection,-0.00902114258379587,0.005150655356913544,0.00037897812545749485,0.0012011859867079658,0.002290323114716863
9,4,Uploading,0.04794351848640503,-0.011997342441241355,-0.016346270615312474,-0.015284047767128484,-0.007940543916967498
9,4,Vulnerability_scanner,0.0,0.0,0.0,0.0,0.0
9,4,XSS,7.500187504687686e-05,7.500187504687686e-05,-0.00022500562514063058,0.0,7.500187504687686e-05
9,Aggregated,Backdoor,0.15670717474255166,-0.06736832027697978,-0.0230194522752194,-0.028624430121018396,-0.04256356863394733
9,Aggregated,DDoS_HTTP,0.09259289757125852,-0.01882442184778626,-0.02330869771585638,-0.0368239991362564,-0.020398086989513224
9,Aggregated,DDoS_ICMP,-2.9325675719460432e-05,5.228770881166763e-05,0.00016546628752857616,0.00014284506079817276,0.000116396680602332
9,Aggregated,DDoS_TCP,-0.002293542530708087,0.0006539101805588828,-0.00024951019820399677,0.0004945701256462542,0.00037827191700527397
9,Aggregated,DDoS_UDP,-0.0009087346127678605,0.00020557222403434124,0.0002271150789548963,0.00020018859539926436,0.00021095654742082267
9,Aggregated,Fingerprinting,0.3803072525314339,-0.008077586935729148,-0.005793518568528568,-0.008041866664714771,-0.006542428510609331
9,Aggregated,MITM,0.1905757881070775,-0.09612955337957868,-0.002131932289856462,-0.08077265305179511,-0.09504265542206461
9,Aggregated,Normal,0.3253680193805411,-0.08119498552942045,-0.08151296560174207,-0.08439024435801953,-0.07853883995755759
9,Aggregated,Password,-0.02743165455055478,0.0051627615336903255,0.007382897443356564,0.0075798098623188976,0.007306185711188979
9,Aggregated,Port_Scanning,0.0,0.0,0.0,0.0,0.0
9,Aggregated,Ransomware,-0.00023492956703407298,-0.00023492956703407298,-0.00023492956703407298,0.00033705811821689607,0.0003677305828853229
9,Aggregated,SQL_injection,-0.03191611206887262,0.019773793270242188,0.0037142022148153628,0.0009176086134789634,0.007510507970336101
9,Aggregated,Uploading,0.016764652145524857,-0.003796515648036548,-0.007572062216772498,-0.006010903918772439,-0.0015516847510617902
9,Aggregated,Vulnerability_scanner,-2.2699395597606625e-05,6.809818679281987e-05,-2.2699395597606625e-05,0.0,-2.2699395597606625e-05
9,Aggregated,XSS,1.3108908814430062e-05,1.3108908814430062e-05,-3.932672644329019e-05,0.0,1.3108908814430062e-05
9,Centralized,Backdoor,0.15670717474255166,-0.06736832027697978,-0.0230194522752194,-0.028624430121018396,-0.04256356863394733
9,Centralized,DDoS_HTTP,0.09259289757125852,-0.01882442184778626,-0.02330869771585638,-0.0368239991362564,-0.020398086989513224
9,Centralized,DDoS_ICMP,-2.9325675719460432e-05,5.228770881166763e-05,0.00016546628752857616,0.00014284506079817276,0.000116396680602332
9,Centralized,DDoS_TCP,-0.002293542530708087,0.0006539101805588828,-0.00024951019820399677,0.0004945701256462542,0.00037827191700527397
9,Centralized,DDoS_UDP,-0.0009087346127678605,0.00020557222403434124,0.0002271150789548963,0.00020018859539926436,0.00021095654742082267
9,Centralized,Fingerprinting,0.3803072525314339,-0.008077586935729148,-0.005793518568528568,-0.008041866664714771,-0.006542428510609331
9,Centralized,MITM,0.1905757881070775,-0.09612955337957868,-0.002131932289856462,-0.08077265305179511,-0.09504265542206461
9,Centralized,Normal,0.3253680193805411,-0.08119498552942045,-0.08151296560174207,-0.08439024435801953,-0.07853883995755759
9,Centralized,Password,-0.02743165455055478,0.0051627615336903255,0.007382897443356564,0.0075798098623188976,0.007306185711188979
9,Centralized,Port_Scanning,0.0,0.0,0.0,0.0,0.0
9,Centralized,Ransomware,-0.00023492956703407298,-0.00023492956703407298,-0.00023492956703407298,0.00033705811821689607,0.0003677305828853229
9,Centralized,SQL_injection,-0.03191611206887262,0.019773793270242188,0.0037142022148153628,0.0009176086134789634,0.007510507970336101
9,Centralized,Uploading,0.016764652145524857,-0.003796515648036548,-0.007572062216772498,-0.006010903918772439,-0.0015516847510617902
9,Centralized,Vulnerability_scanner,-2.2699395597606625e-05,6.809818679281987e-05,-2.2699395597606625e-05,0.0,-2.2699395597606625e-05
9,Centralized,XSS,1.3108908814430062e-05,1.3108908814430062e-05,-3.932672644329019e-05,0.0,1.3108908814430062e-05
10,0,Backdoor,-0.19720365094325945,0.0537244422862422,0.051553651126181925,0.05183205491501778,0.043541778477886754
10,0,DDoS_HTTP,-0.07580089982242946,0.002611263240086219,0.0374712965265823,0.033230248846851364,0.008173973638354247
10,0,DDoS_ICMP,-0.0010015737918223485,8.144082760670838e-05,-0.00036644616309838287,-1.1547129787647936e-05,-0.00027312907736499933
10,0,DDoS_TCP,-0.0004166058908821824,0.0010777021763686057,0.0009064447571117184,0.0006474081415535404,0.00022964310116377896
10,0,DDoS_UDP,-0.000828209812598583,8.658267725792183e-05,-2.1567733107395274e-05,0.00022061892608447783,-0.00010196160194835083
10,0,Fingerprinting,-0.10434782608695652,-0.10434782608695652,-0.10434782608695652,-0.10434782608695652,-0.10434782608695652
10,0,MITM,0.02857142857142858,0.02857142857142858,0.02857142857142858,0.02857142857142858,0.02857142857142858
10,0,Normal,0.0,0.0,0.0,0.0,0.0
10,0,Password,-0.3284759280399191,0.08312308668012623,0.08359308936608477,0.07801876749938638,0.08374098449432167
10,0,Port_Scanning,0.0,0.0,0.0,0.0,0.0
10,0,Ransomware,-0.062079810059992295,-0.012753983285899028,0.1086696887413914,-0.014151542577646914,-0.01968435281785316
10,0,SQL_injection,-0.055376057628574636,-0.007206864255301097,0.017436126706890955,0.043099928307518964,0.0020468668694657586
10,0,Uploading,-0.02929678806062998,0.037131748612807,-0.022891790839897667,-0.020043244357480762,0.035100074645201415
10,0,Vulnerability_scanner,0.0,0.0,0.0,0.0,0.0
10,0,XSS,0.0,0.0,0.0,0.0,0.0
10,1,Backdoor,-0.16787738895044155,0.04698062610558716,0.045573022215010216,0.045301951078969734,0.03660220877667591
10,1,DDoS_HTTP,-0.08067561175156647,0.0022635762514979286,0.03897058265969003,0.03277932558442365,0.010243539026627458
10,1,DDoS_ICMP,-0.00038474285760263055,6.38850011347077e-05,-0.0003469204404471238,6.38850011347077e-05,-6.696899635752485e-05
10,1,DDoS_TCP,-0.00035988914335860305,0.00043322160649075976,0.0005064543087302735,0.000349892182598475,-0.0006179995680808015
10,1,DDoS_UDP,-0.00029546464695643,0.00029596746439967313,-0.00013455630722678154,0.00029596746439967313,0.00016160228956112465
10,1,Fingerprinting,-0.05714285714285714,-0.05714285714285714,-0.05714285714285714,-0.05714285714285714,-0.05714285714285714
10,1,MITM,0.0487012987012987,0.023809523809523815,0.023809523809523815,0.023809523809523822,0.03896103896103896
10,1,Normal,0.0,0.0,0.0,0.0,0.0
10,1,Password,-0.3048603599298013,0.0783436093721849,0.07749180052843656,0.07231065334415866,0.07671429668502121
10,1,Port_Scanning,0.0,0.0,0.0,0.0,0.0
10,1,Ransomware,-0.06811075311928368,-0.021184028617897366,0.11785282180702013,-0.0038177188409226907,-0.024740321228916343
10,1,SQL_injection,-0.049082227886325394,-0.003339659621441606,0.010445448704114174,0.03767528023110721,0.0043011585725456014
10,1,Uploading,-0.025312357153008933,0.03329256094206593,-0.019670265518182795,-0.018286182767552714,0.029976244496678486
10,1,Vulnerability_scanner,0.0,0.0,0.0,0.0,0.0
10,1,XSS,0.0,0.0,0.0,0.0,0.0
10,2,Backdoor,-0.18019381570399104,0.04861046779827228,0.04875001929465177,0.04701311611661623,0.038395298839170734
10,2,DDoS_HTTP,-0.07842469411348911,0.002919084552604049,0.03895136295126778,0.03282088666518686,0.0049324972094317
10,2,DDoS_ICMP,-0.0005762055423741364,9.749313942720162e-05,-0.00020181062197898724,9.749313942720162e-05,-8.965381106043057e-05
10,2,DDoS_TCP,-0.0005594505598944625,0.000688092547347687,0.0006895018143359041,-0.0002608009045114342,0.0005686258240878058
10,2,DDoS_UDP,-0.0006988307159263092,5.3891550401596874e-05,-0.00021502952229318455,5.3891550401596874e-05,-0.00016114474162045033
10,2,Fingerprinting,-0.02222222222222222,-0.02222222222222222,-0.02222222222222222,-0.02222222222222222,-0.02222222222222222
10,2,MITM,0.04265734265734265,-0.017948717948717965,-0.017948717948717965,-0.017948717948717965,-0.0027972027972028137
10,2,Normal,0.0,0.0,0.0,0.0,0.0
10,2,Password,-0.3149159707306657,0.07906704040432963,0.08094461584638485,0.07766231301095931,0.07724200146899186
10,2,Port_Scanning,0.0,0.0,0.0,0.0,0.0
10,2,Ransomware,-0.06447251191754914,-0.01928532945365621,0.11366777631878429,-0.009731513820689208,-0.020178421126889726
10,2,SQL_injection,-0.06323980067758507,-0.005444777082360044,0.02153742473045413,0.044431956007361675,0.002715197022129324
10,2,Uploading,-0.022958617092034228,0.027180275588972916,-0.015248210136079974,-0.017070497603428818,0.028097049242570105
10,2,Vulnerability_scanner,0.0,0.0,0.0,0.0,0.0
10,2,XSS,0.0,0.0,0.0,0.0,0.0
10,3,Backdoor,-0.1755706344748723,0.0488073525770397,0.04812349215875222,0.04804679455954393,0.03819251402656802
10,3,DDoS_HTTP,-0.07223986096725207,0.0008344107124665508,0.037321664652012324,0.03290139853166284,0.009717237711224184
10,3,DDoS_ICMP,-0.000986503724052364,0.0003599592607787065,-0.0002011027677534527,0.0002290043427305525,-7.028256504285069e-05
10,3,DDoS_TCP,-0.0005341467498905165,0.0006314193433965166,0.0009541835656699971,6.7661149852515924e-06,0.0008963950650713852
10,3,DDoS_UDP,-0.000754218596278422,1.0490797086352513e-06,-0.00016101974893518168,-7.97604306498297e-05,-0.00029512539246906075
10,3,Fingerprinting,-0.05217391304347826,-0.05217391304347826,-0.05217391304347826,-0.05217391304347826,-0.05217391304347826
10,3,MITM,0.12129870129870131,-0.04839826839826838,-0.04839826839826838,-0.04839826839826837,-0.033246753246753205
10,3,Normal,0.0,0.0,0.0,0.0,0.0
10,3,Password,-0.3016772003471682,0.07679966092379203,0.0751695600627162,0.07427262934651595,0.07543535001414413
10,3,Port_Scanning,0.0,0.0,0.0,0.0,0.0
10,3,Ransomware,-0.07940046433937285,-0.02229261184258695,0.13578098202196828,-0.011601102845783546,-0.022486802994224904
10,3,SQL_injection,-0.048409555632410436,-0.012064367927917586,0.011984283060965729,0.045169753145694,0.003319887353668253
10,3,Uploading,-0.028260918503680312,0.03503081580369951,-0.024562308686048508,-0.02118232566699505,0.03917794319436552
10,3,Vulnerability_scanner,0.0,0.0,0.0,0.0,0.0
10,3,XSS,0.0,0.0,0.0,0.0,0.0
10,4,Backdoor,0.31862228854684743,-0.07459607766509395,-0.07259301275004262,-0.0740565292003777,-0.07731353925606163
10,4,DDoS_HTTP,0.1933505713996165,-0.022076281388910757,-0.05515333301686762,-0.054230417682327524,-0.03394846585103763
10,4,DDoS_ICMP,-0.0005837292805518572,-0.0001348994963612719,-0.00041532139101295163,-0.000153604945569256,-0.00028450942442480033
10,4,DDoS_TCP,-0.001263854965531669,-0.00012434356008033848,0.0003569974375460657,-0.000546399547409839,0.0010712012312809457
10,4,DDoS_UDP,-0.00028496843138343107,3.77157025866437e-05,-9.680533058246122e-05,6.45541352221742e-05,-4.2972629283346184e-05
10,4,Fingerprinting,-0.10434782608695652,-0.10434782608695652,-0.10434782608695652,-0.10434782608695652,-0.10434782608695652
10,4,MITM,0.5238488522751061,-0.10935940288436849,-0.1056070576686086,-0.1231829626568012,-0.11976536313126189
10,4,Normal,0.35559876075450136,-0.08790929561213402,-0.08962509968204344,-0.0872702279768386,-0.09026816370743299
10,4,Password,0.02785816417595844,-0.007096468222319501,-0.006962946586265435,-0.006713694304559989,-0.007085055062813515
10,4,Port_Scanning,0.0,0.0,0.0,0.0,0.0
10,4,Ransomware,-0.008935815052424308,-0.0018198572548557101,0.01473665068415708,-0.0014872447490817948,-0.002493733627795271
10,4,SQL_injection,-0.006202295681994433,-0.0013178456304118091,0.0006637626448437387,0.0016482765150104615,0.005208102152552042
10,4,Uploading,0.048887578765560206,-0.011171735499203703,-0.011050875847941724,-0.01118251644840793,-0.015482450970006872
10,4,Vulnerability_scanner,0.0,0.0,0.0,0.0,0.0
10,4,XSS,0.0,0.0,0.0,0.0,0.0
10,Aggregated,Backdoor,0.1174554740574792,-0.025322174674586695,-0.023557841004681578,-0.026069543554394347,-0.034397418884352216
10,Aggregated,DDoS_HTTP,0.07241182376701963,-0.004997859866798523,-0.022312917320730864,-0.021577752644578802,-0.00961803009480262
10,Aggregated,DDoS_ICMP,-0.0007065907349180982,9.360508186554613e-05,-0.0003063395073980494,4.5054949708141684e-05,-0.00015690456435549411
10,Aggregated,DDoS_TCP,-0.0006266414134432297,0.0005412983476423513,0.0006826020074557404,3.910013770417331e-05,0.0004284817494825825
10,Aggregated,DDoS_UDP,-0.0005722423588058319,9.49349704668793e-05,-0.00012581678289307895,0.00011097294065853432,-8.79741010994565e-05
10,Aggregated,Fingerprinting,-0.07037037037037037,-0.07037037037037037,-0.07037037037037037,-0.07037037037037037,-0.07037037037037037
10,Aggregated,MITM,0.2956330194388666,-0.053799529552958886,-0.050114199999450756,-0.06853704561725955,-0.05597196505002264
10,Aggregated,Normal,0.32167410434897586,-0.07945013608285884,-0.08113752583571492,-0.07879456353123386,-0.08175773958397513
10,Aggregated,Password,-0.028138617495962807,0.006852932870343089,0.007030544923641873,0.0076063026697885715,0.006648837032189267
10,Aggregated,Port_Scanning,0.0,0.0,0.0,0.0,0.0
10,Aggregated,Ransomware,-0.02994619718175362,-0.006230644148724405,0.048206783299974305,-0.0035868886620241754,-0.008443053307472104
10,Aggregated,SQL_injection,-0.02114892143936935,-0.0010160775979240753,0.005353723343822576,0.010270295673050933,0.006540980020419919
10,Aggregated,Uploading,0.01125985504741135,0.007763183676038278,-0.008869673808494944,-0.008808117259515132,-0.0012984120664390401
10,Aggregated,Vulnerability_scanner,0.0,0.0,0.0,0.0,0.0
10,Aggregated,XSS,0.0,0.0,0.0,0.0,0.0
10,Centralized,Backdoor,0.1174554740574792,-0.025322174674586695,-0.023557841004681578,-0.026069543554394347,-0.034397418884352216
10,Centralized,DDoS_HTTP,0.07241182376701963,-0.004997859866798523,-0.022312917320730864,-0.021577752644578802,-0.00961803009480262
10,Centralized,DDoS_ICMP,-0.0007065907349180982,9.360508186554613e-05,-0.0003063395073980494,4.5054949708141684e-05,-0.00015690456435549411
10,Centralized,DDoS_TCP,-0.0006266414134432297,0.0005412983476423513,0.0006826020074557404,3.910013770417331e-05,0.0004284817494825825
10,Centralized,DDoS_UDP,-0.0005722423588058319,9.49349704668793e-05,-0.00012581678289307895,0.00011097294065853432,-8.79741010994565e-05
10,Centralized,Fingerprinting,-0.07037037037037037,-0.07037037037037037,-0.07037037037037037,-0.07037037037037037,-0.07037037037037037
10,Centralized,MITM,0.2956330194388666,-0.053799529552958886,-0.050114199999450756,-0.06853704561725955,-0.05597196505002264
10,Centralized,Normal,0.32167410434897586,-0.07945013608285884,-0.08113752583571492,-0.07879456353123386,-0.08175773958397513
10,Centralized,Password,-0.028138617495962807,0.006852932870343089,0.007030544923641873,0.0076063026697885715,0.006648837032189267
10,Centralized,Port_Scanning,0.0,0.0,0.0,0.0,0.0
10,Centralized,Ransomware,-0.02994619718175362,-0.006230644148724405,0.048206783299974305,-0.0035868886620241754,-0.008443053307472104
10,Centralized,SQL_injection,-0.02114892143936935,-0.0010160775979240753,0.005353723343822576,0.010270295673050933,0.006540980020419919
10,Centralized,Uploading,0.01125985504741135,0.007763183676038278,-0.008869673808494944,-0.008808117259515132,-0.0012984120664390401
10,Centralized,Vulnerability_scanner,0.0,0.0,0.0,0.0,0.0
10,Centralized,XSS,0.0,0.0,0.0,0.0,0.0
11,0,Backdoor,-0.18693036218270015,0.052394287633665576,0.04333227363392316,0.05188621191936734,0.052405499113475404
11,0,DDoS_HTTP,-0.07194531245327784,0.012303565306581377,0.03035821886276869,0.014458568738031427,0.03351616957073959
11,0,DDoS_ICMP,8.972557174746765e-05,8.972557174746765e-05,8.972557174746765e-05,8.972557174746765e-05,8.972557174746765e-05
11,0,DDoS_TCP,-0.0019656963405769593,0.0005049202661458233,0.0007536144449729924,-0.000953494419102489,3.200287694543058e-05
11,0,DDoS_UDP,0.00012894902496831672,0.00012894902496831672,0.00012894902496831672,0.00012894902496831672,0.00012894902496831672
11,0,Fingerprinting,0.0,0.0,0.0,0.0,0.0
11,0,MITM,0.0,0.0,0.0,0.0,0.0
11,0,Normal,0.0,0.0,0.0,0.0,0.0
11,0,Password,-0.30824951739808365,0.08796446446057295,0.07952815843906458,0.08293114905100445,0.057825745447441686
11,0,Port_Scanning,0.0,0.0,0.0,0.0,0.0
11,0,Ransomware,-0.09286448312687516,0.0938798988503479,0.05671619157452687,-0.02407073695656301,-0.03366087034143664
11,0,SQL_injection,-0.15607673892842064,0.002126868771011507,0.033499322521541,0.02592804045448912,0.09452250718137897
11,0,Uploading,-0.03268258979602513,0.03186823003131413,-0.006565961511353681,0.03018227046957888,-0.022801949193514186
11,0,Vulnerability_scanner,0.0,0.0,0.0,0.0,0.0
11,0,XSS,0.0,0.0,0.0,0.0,0.0
11,1,Backdoor,-0.15750848180203952,0.04529691855978358,0.03383666935223159,0.046019307413555706,0.043650025315569024
11,1,DDoS_HTTP,-0.08414340558478091,0.010626656860668665,0.032753279897989734,0.01911794681353074,0.033813793616562664
11,1,DDoS_ICMP,8.972557174746765e-05,8.972557174746765e-05,8.972557174746765e-05,8.972557174746765e-05,8.972557174746765e-05
11,1,DDoS_TCP,-0.002363823810090526,0.0002363370777143862,0.0008201799307547293,-0.0003679327692957794,0.0006746260277593545
11,1,DDoS_UDP,0.00012894902496831672,0.00012894902496831672,0.00012894902496831672,0.00012894902496831672,0.00012894902496831672
11,1,Fingerprinting,0.0,0.0,0.0,0.0,0.0
11,1,MITM,0.0,0.0,0.0,0.0,0.0
11,1,Normal,0.0,0.0,0.0,0.0,0.0
11,1,Password,-0.28090330263561364,0.07876481263093683,0.07367544784065329,0.07642399169182297,0.05203905047220052
11,1,Port_Scanning,0.0,0.0,0.0,0.0,0.0
11,1,Ransomware,-0.08749187512858662,0.09287251163683806,0.05231787855629779,-0.023033508817990357,-0.03466500624655889
11,1,SQL_injection,-0.15147648096857552,-0.002665273140256624,0.027912732838618694,0.025066071604300612,0.10116294966591281
11,1,Uploading,-0.033092895126320354,0.027230864042022334,-0.0071484415090102464,0.026923744237022547,-0.02081134488977985
11,1,Vulnerability_scanner,1.1917974540226473e-05,1.1917974540226473e-05,-4.767189816090589e-05,1.1917974540226473e-05,1.1917974540226473e-05
11,1,XSS,0.0,0.0,0.0,0.0,0.0
11,2,Backdoor,-0.1728533859973941,0.048486087233038364,0.03667399745014784,0.04904261549444317,0.04516897959315996
11,2,DDoS_HTTP,-0.07512420184385708,0.013508101018226934,0.0315675242977539,0.009776446383759265,0.035178922789673696
11,2,DDoS_ICMP,0.0001347397363602676,0.0001347397363602676,0.0001347397363602676,0.0001347397363602676,0.0001347397363602676
11,2,DDoS_TCP,-0.00045679848718603865,-0.00014804879570805561,0.0005671927437270296,-0.0008679482096825637,9.304016946751389e-05
11,2,DDoS_UDP,0.0001934858919132809,0.0001934858919132809,0.0001934858919132809,0.0001934858919132809,0.0001934858919132809
11,2,Fingerprinting,0.0,0.0,0.0,0.0,0.0
11,2,MITM,0.0,0.0,0.0,0.0,0.0
11,2,Normal,0.0,0.0,0.0,0.0,0.0
11,2,Password,-0.2919277853814845,0.0804579083295063,0.0782888070751853,0.0787712028600367,0.05440986711675632
11,2,Port_Scanning,0.0,0.0,0.0,0.0,0.0
11,2,Ransomware,-0.08423319793291212,0.08939452091608063,0.050744332904578734,-0.02233831375979203,-0.03356734212795519
11,2,SQL_injection,-0.17399870895910477,-0.003826222807930028,0.03442232295614656,0.036343931163706746,0.10705867764718136
11,2,Uploading,-0.02073443959337593,0.022668593988735095,-0.005551570159787514,0.02071570997040092,-0.017098294205972586
11,2,Vulnerability_scanner,-2.2720219887395475e-05,-2.2720219887395475e-05,9.08808795495819e-05,-2.2720219887395475e-05,-2.2720219887395475e-05
11,2,XSS,0.0,0.0,0.0,0.0,0.0
11,3,Backdoor,-0.16285636318545602,0.04738515244838091,0.03658985056622806,0.04764838935740216,0.043808273743100964
11,3,DDoS_HTTP,-0.06587679733280005,0.011500750906698075,0.03304051658543341,0.013520379486691492,0.03209684027034196
11,3,DDoS_ICMP,0.00017961255585019487,0.00017961255585019487,0.00017961255585019487,0.00017961255585019487,0.00017961255585019487
11,3,DDoS_TCP,-0.002123504959084477,0.0005471088840792541,0.0012704102617628426,-0.0007775421562138026,0.0005850316658451982
11,3,DDoS_UDP,0.00012915644515243407,0.00012915644515243407,0.00012915644515243407,0.00012915644515243407,0.00012915644515243407
11,3,Fingerprinting,0.0,0.0,0.0,0.0,0.0
11,3,MITM,0.0,0.0,0.0,0.0,0.0
11,3,Normal,0.0,0.0,0.0,0.0,0.0
11,3,Password,-0.2849388526116278,0.08050536615349592,0.07726456908230947,0.07867852947105737,0.04849038790476515
11,3,Port_Scanning,0.0,0.0,0.0,0.0,0.0
11,3,Ransomware,-0.09337826235724993,0.09791872180950868,0.05948481482349369,-0.027731643158138666,-0.03629363111761379
11,3,SQL_injection,-0.1621865851072122,-0.002897818770526315,0.03807440791478086,0.031734351540023645,0.09527564442293385
11,3,Uploading,-0.029330811891820283,0.030631722930866707,-0.010483505823132082,0.031376737619640695,-0.02568398935043991
11,3,Vulnerability_scanner,-4.25126821629096e-05,-4.25126821629096e-05,0.0001700507286516384,-4.25126821629096e-05,-4.25126821629096e-05
11,3,XSS,-0.00016024785000801067,0.0,0.0,0.0,0.0
11,4,Backdoor,0.299738878618636,-0.08217845593822007,-0.08138209531748374,-0.08348912742963596,-0.0831881047502249
11,4,DDoS_HTTP,0.19974769040691745,-0.044902568981125,-0.05017354383749703,-0.03709597214589025,-0.049757036206072316
11,4,DDoS_ICMP,8.976595683811706e-05,8.976595683811706e-05,8.976595683811706e-05,8.976595683811706e-05,8.976595683811706e-05
11,4,DDoS_TCP,-0.0011473654571161915,6.8559365821156215e-06,0.0006569134161102275,-0.00025816477103356806,0.0007417608754574164
11,4,DDoS_UDP,0.00019336130344456138,3.233070763137835e-05,3.233070763137835e-05,3.233070763137835e-05,3.233070763137835e-05
11,4,Fingerprinting,0.0,0.0,0.0,0.0,0.0
11,4,MITM,0.5334778558221112,-0.1401102519765228,-0.059496017089917516,-0.13448259293461692,-0.12246591689797717
11,4,Normal,0.34072204725287936,-0.08683120371257681,-0.08668207719911365,-0.0873177380324926,-0.07998050958960028
11,4,Password,0.027212627001917625,-0.006984323888952777,-0.006878407476031884,-0.006627297289711181,-0.006722598347221787
11,4,Port_Scanning,0.0,0.0,0.0,0.0,0.0
11,4,Ransomware,-0.014275188843460981,0.013367222682299581,0.007884089408336337,-0.00265509820351652,-0.004321025043658418
11,4,SQL_injection,-0.011680607236234992,0.001327322831659034,0.0029330608038935983,0.0024920887428650533,0.004928134857817305
11,4,Uploading,0.043598120928318114,-0.01305084578812548,-0.010664468322353021,-0.010332109766891041,-0.008903471935638363
11,4,Vulnerability_scanner,0.0,0.0,0.0,0.0,0.0
11,4,XSS,-0.0009000225005625223,0.0,0.0,0.0,0.0
11,Aggregated,Backdoor,0.1252210584511042,-0.03042393540255828,-0.0322028663025127,-0.02996012926537428,-0.030590291674080734
11,Aggregated,DDoS_HTTP,0.08013234540531003,-0.017587763694049144,-0.01682167315960057,-0.00849259708512067,-0.019115815628786826
11,Aggregated,DDoS_ICMP,0.00011670094261533315,0.00011670094261533315,0.00011670094261533315,0.00011670094261533315,0.00011670094261533315
11,Aggregated,DDoS_TCP,-0.001611522796504696,0.00022900181917749526,0.0008135995584983698,-0.0006455032104708973,0.00042495094508916605
11,Aggregated,DDoS_UDP,0.00015475712081116643,0.0001225675944550808,0.0001225675944550808,0.0001225675944550808,0.0001225675944550808
11,Aggregated,Fingerprinting,0.0,0.0,0.0,0.0,0.0
11,Aggregated,MITM,0.216354823244778,-0.06866973809847267,-0.010972600320657394,-0.06464526593069647,-0.05577649207790882
11,Aggregated,Normal,0.30697302520978165,-0.07838057370660803,-0.07823508816932924,-0.0788710985969098,-0.07155853002725321
11,Aggregated,Password,-0.02966120945973877,0.007256900802175412,0.007218792713536335,0.007972853719851049,0.007212662224175992
11,Aggregated,Port_Scanning,0.0,0.0,0.0,0.0,0.0
11,Aggregated,Ransomware,-0.040576360964207296,0.038741472580583004,0.024646340746534445,-0.010312930468963748,-0.012498521893946454
11,Aggregated,SQL_injection,-0.04191864138890269,0.0029731095783946506,0.010575538228556527,0.00898156745226383,0.01938842612968767
11,Aggregated,Uploading,0.0035173322700730683,0.003764946579725259,-0.0054787722658202085,0.006003380241597623,-0.009748396720598265
11,Aggregated,Vulnerability_scanner,-1.0712037086879622e-05,-1.0712037086879622e-05,4.284814834751849e-05,-1.0712037086879622e-05,-1.0712037086879622e-05
11,Aggregated,XSS,-0.00015730690577316075,0.0,0.0,0.0,0.0
11,Centralized,Backdoor,0.1252210584511042,-0.03042393540255828,-0.0322028663025127,-0.02996012926537428,-0.030590291674080734
11,Centralized,DDoS_HTTP,0.08013234540531003,-0.017587763694049144,-0.01682167315960057,-0.00849259708512067,-0.019115815628786826
11,Centralized,DDoS_ICMP,0.00011670094261533315,0.00011670094261533315,0.00011670094261533315,0.00011670094261533315,0.00011670094261533315
11,Centralized,DDoS_TCP,-0.001611522796504696,0.00022900181917749526,0.0008135995584983698,-0.0006455032104708973,0.00042495094508916605
11,Centralized,DDoS_UDP,0.00015475712081116643,0.0001225675944550808,0.0001225675944550808,0.0001225675944550808,0.0001225675944550808
11,Centralized,Fingerprinting,0.0,0.0,0.0,0.0,0.0
11,Centralized,MITM,0.216354823244778,-0.06866973809847267,-0.010972600320657394,-0.06464526593069647,-0.05577649207790882
11,Centralized,Normal,0.30697302520978165,-0.07838057370660803,-0.07823508816932924,-0.0788710985969098,-0.07155853002725321
11,Centralized,Password,-0.02966120945973877,0.007256900802175412,0.007218792713536335,0.007972853719851049,0.007212662224175992
11,Centralized,Port_Scanning,0.0,0.0,0.0,0.0,0.0
11,Centralized,Ransomware,-0.040576360964207296,0.038741472580583004,0.024646340746534445,-0.010312930468963748,-0.012498521893946454
11,Centralized,SQL_injection,-0.04191864138890269,0.0029731095783946506,0.010575538228556527,0.00898156745226383,0.01938842612968767
11,Centralized,Uploading,0.0035173322700730683,0.003764946579725259,-0.0054787722658202085,0.006003380241597623,-0.009748396720598265
11,Centralized,Vulnerability_scanner,-1.0712037086879622e-05,-1.0712037086879622e-05,4.284814834751849e-05,-1.0712037086879622e-05,-1.0712037086879622e-05
11,Centralized,XSS,-0.00015730690577316075,0.0,0.0,0.0,0.0
12,0,Backdoor,-0.19130624604670243,0.018833436402153344,0.03189903680745052,0.05282477965131558,0.054792733530035935
12,0,DDoS_HTTP,-0.07761797894348056,0.022359457199682554,0.013798578430029724,0.016781790527920098,0.009909078717668536
12,0,DDoS_ICMP,0.0,0.0,0.0,0.0,0.0
12,0,DDoS_TCP,-0.001505412933095592,0.00010495673392684572,0.00039566780844702183,0.00046357309065181613,0.0005412153000699082
12,0,DDoS_UDP,0.0,0.0,0.0,0.0,0.0
12,0,Fingerprinting,0.0,0.0,0.0,0.0,0.0
12,0,MITM,0.0,0.0,0.0,0.0,0.0
12,0,Normal,0.0,0.0,0.0,0.0,0.0
12,0,Password,-0.31098759667671094,0.05479825019301538,0.07456352676967781,0.09696322610779103,0.08466259360622665
12,0,Port_Scanning,0.0,0.0,0.0,0.0,0.0
12,0,Ransomware,-0.0072953216374269,-0.0072953216374269,-0.0072953216374269,0.02333333333333333,-0.0014473684210526323
12,0,SQL_injection,-0.11638146903485076,0.07084960151451763,0.048631116175307194,-0.03361516736450212,0.030515918709527894
12,0,Uploading,-0.0001976963075853456,0.0013919325374354811,-0.000385704568594096,-0.000385704568594096,-0.00042282709266194357
12,0,Vulnerability_scanner,-0.00010042322708475418,-0.00010042322708475418,0.00025833287723715516,-0.00010042322708475418,4.293680401710742e-05
12,0,XSS,-0.0036854889315662835,0.005716637767039441,-0.0029131608396505628,0.0007667923250112541,0.00011521967916615083
12,1,Backdoor,-0.1575617769495191,0.0027297337217466744,0.014462528793391102,0.042627726131182916,0.049658836771971034
12,1,DDoS_HTTP,-0.08588612564043109,0.0193081487918591,0.008490484025239992,0.018319448883139293,0.013939727191248918
12,1,DDoS_ICMP,0.0,0.0,0.0,0.0,0.0
12,1,DDoS_TCP,-0.00012877987101812908,0.0006692349279287469,0.00033006336121618187,6.414660432181493e-05,-0.0004346865361528211
12,1,DDoS_UDP,0.0,0.0,0.0,0.0,0.0
12,1,Fingerprinting,0.0,0.0,0.0,0.0,0.0
12,1,MITM,0.0,0.0,0.0,0.0,0.0
12,1,Normal,0.0,0.0,0.0,0.0,0.0
12,1,Password,-0.2902891585495741,0.05414420098445165,0.07183373180320411,0.08828484927527315,0.07602637648664522
12,1,Port_Scanning,0.0,0.0,0.0,0.0,0.0
12,1,Ransomware,-0.0037017931712110047,-0.0037017931712110047,-0.0037017931712110047,0.011908621960206337,-0.0008032424465733237
12,1,SQL_injection,-0.1088523030530761,0.07421996713451925,0.04204598115024768,-0.036436434942205644,0.029022789710514852
12,1,Uploading,0.0015516563812731125,0.0030007988999846084,0.0006956609603661174,0.000421070415096482,-0.0020814116677936967
12,1,Vulnerability_scanner,-0.00010728941919308695,-0.00010728941919308695,0.0004355125165961926,-0.00010728941919308695,-0.00011364425901693176
12,1,XSS,-0.004413879864142401,0.011378855240985692,-0.004466482373282086,-0.0001836779866357065,-0.002314815016925499
12,2,Backdoor,-0.1685736717339723,0.00506837181089786,0.02380942497927691,0.048124212057432954,0.057111492695577006
12,2,DDoS_HTTP,-0.07810457898482123,0.01712711121348589,0.013340495130061795,0.016134584507869476,0.014499583062336951
12,2,DDoS_ICMP,0.0,0.0,0.0,0.0,0.0
12,2,DDoS_TCP,-4.728422042006482e-05,-0.00014063202184723308,5.2131010561530985e-05,-0.0001300592227742629,0.0002658444544800298
12,2,DDoS_UDP,0.0,0.0,0.0,0.0,0.0
12,2,Fingerprinting,0.0,0.0,0.0,0.0,0.0
12,2,MITM,0.0,0.0,0.0,0.0,0.0
12,2,Normal,0.0,0.0,0.0,0.0,0.0
12,2,Password,-0.30112346037068943,0.05747196443472163,0.07955571854004374,0.08735228255347147,0.07674349484245266
12,2,Port_Scanning,0.0,0.0,0.0,0.0,0.0
12,2,Ransomware,-0.0028835582208895554,-0.0028835582208895554,-0.0028835582208895554,0.00863568215892054,1.4992503748125981e-05
12,2,SQL_injection,-0.1259802011262717,0.07889872461045075,0.053325439192033044,-0.039114045803315727,0.03287008312710363
12,2,Uploading,0.00020024060454271742,0.00011308300567201233,-8.31267986691119e-05,-3.950629703334309e-05,-0.00019069051451227475
12,2,Vulnerability_scanner,-0.0003115781493363094,-0.0003115781493363094,0.0008672524793114089,-0.0003115781493363094,6.748196869751921e-05
12,2,XSS,-0.008719980400522109,0.015494115002505205,-0.007155354550181974,0.001559045039560677,-0.0011778250913617996
12,3,Backdoor,-0.1649920671096917,0.016139006821044844,0.028016231706110496,0.044590589534426156,0.049523783091529334
12,3,DDoS_HTTP,-0.08974689544549805,0.02164326190579468,0.015570313031726509,0.007084229932192553,0.013111403025516602
12,3,DDoS_ICMP,1.123336802237862e-05,1.123336802237862e-05,-4.493347208951448e-05,1.123336802237862e-05,1.123336802237862e-05
12,3,DDoS_TCP,-0.001276600215165047,0.0003501959909106234,0.00038795616891484366,0.0003730687090200913,0.00016537934631948858
12,3,DDoS_UDP,-1.608233158990613e-05,-1.608233158990613e-05,6.432932635962452e-05,-1.608233158990613e-05,-1.608233158990613e-05
12,3,Fingerprinting,0.0,0.0,0.0,0.0,0.0
12,3,MITM,0.0,0.0,0.0,0.0,0.0
12,3,Normal,0.0,0.0,0.0,0.0,0.0
12,3,Password,-0.29431435962470387,0.05451669342636969,0.07858676920209205,0.08267867388525482,0.07853222311098733
12,3,Port_Scanning,0.0,0.0,0.0,0.0,0.0
12,3,Ransomware,-0.0008695652173913044,-0.0008695652173913044,-0.0008695652173913044,0.0034782608695652175,-0.0008695652173913044
12,3,SQL_injection,-0.11166867275925749,0.07198341724339659,0.0542762573490317,-0.04082849792758964,0.026237496094418826
12,3,Uploading,-0.0007252356583569324,0.0003532455068167228,7.985871729511914e-05,-0.0004125817849674541,0.0007047132192125448
12,3,Vulnerability_scanner,-0.00045443701881483687,-0.0002802709410852052,0.0009692884189955398,-0.00045443701881483687,0.00021985655971933915
12,3,XSS,-0.00193341894840146,0.004627518561732408,-0.0020231763469756,-7.817670817399821e-05,-0.00059274655818135
12,4,Backdoor,0.2932386339767383,-0.08857235434314123,-0.07829123507999806,-0.08123247219056039,-0.07400706082071003
12,4,DDoS_HTTP,0.19409653318850953,-0.04822107950587397,-0.05887800901851646,-0.05403422860220868,-0.0540470930101722
12,4,DDoS_ICMP,1.1223269524790469e-05,1.1223269524790469e-05,-4.4893078099161875e-05,1.1223269524790469e-05,1.1223269524790469e-05
12,4,DDoS_TCP,0.00016705638745919866,0.00024487877308204307,-0.0001770653525124899,-0.0001770653525124899,-5.7804455516261935e-05
12,4,DDoS_UDP,-1.61030595813183e-05,-1.61030595813183e-05,6.44122383252732e-05,-1.61030595813183e-05,-1.61030595813183e-05
12,4,Fingerprinting,0.0,0.0,0.0,0.0,0.0
12,4,MITM,0.514035507552489,-0.0907790957890026,-0.08852345669125823,-0.17135413663048038,-0.16337881844174748
12,4,Normal,0.33084250969303086,-0.0870744714123713,-0.08154241511519818,-0.08059530216895587,-0.08171461409430593
12,4,Password,0.02713482078692566,-0.007361031652555974,-0.0060618683930304534,-0.0068280514523213764,-0.006883869289017847
12,4,Port_Scanning,0.0,0.0,0.0,0.0,0.0
12,4,Ransomware,-0.0019828230671604164,-0.0019828230671604164,-0.0019828230671604164,0.006488290825640223,-0.0005398216241589735
12,4,SQL_injection,-0.009421039333320317,0.004490703318216497,0.002043083369752362,-0.0015834673507503388,0.0044707199961018
12,4,Uploading,0.031309237027133494,-0.011895521978936936,-0.006784957565620001,0.0028136422100640776,-0.015442399692640624
12,4,Vulnerability_scanner,-6.232041950340143e-05,-6.232041950340143e-05,0.00012039638981000134,-6.232041950340143e-05,6.656486870020295e-05
12,4,XSS,0.01720259657754205,-0.025383271974478237,0.012211079697363044,-0.004953643894981305,0.000923239594554442
12,Aggregated,Backdoor,0.11227481785784141,-0.05440498373158267,-0.03390054013412499,-0.03618616508304144,-0.02199036193477831
12,Aggregated,DDoS_HTTP,0.08845191957828764,-0.014436943874760305,-0.036350169522875286,-0.0315088610248082,-0.028313391376874292
12,Aggregated,DDoS_ICMP,4.4907205217381564e-06,4.4907205217381564e-06,-1.7962882086952626e-05,4.4907205217381564e-06,4.4907205217381564e-06
12,Aggregated,DDoS_TCP,-0.0005578500843438472,0.00024570013602168893,0.00019820699487886894,0.00011870315302462593,9.5564635403896e-05
12,Aggregated,DDoS_UDP,-6.438319951107552e-06,-6.438319951107552e-06,2.5753279804430208e-05,-6.438319951107552e-06,-6.438319951107552e-06
12,Aggregated,Fingerprinting,0.0,0.0,0.0,0.0,0.0
12,Aggregated,MITM,0.21160734034202716,-0.026052515643514327,-0.024045723423693394,-0.08435701615057273,-0.07715208512424673
12,Aggregated,Normal,0.29731823685793546,-0.07869396371715129,-0.07316255602356227,-0.07221953706811801,-0.0733351072763825
12,Aggregated,Password,-0.02975039201250462,0.0046587552060138706,0.009488359233905598,0.008297408581034301,0.007305868991550842
12,Aggregated,Port_Scanning,0.0,0.0,0.0,0.0,0.0
12,Aggregated,Ransomware,-0.002826067690214395,-0.002826067690214395,-0.002826067690214395,0.009147402866447054,-0.0006691997958038685
12,Aggregated,SQL_injection,-0.034769021516232755,0.01734503587395068,0.011189030440295776,-0.006660562889857081,0.012895518091843385
12,Aggregated,Uploading,0.010066641800052754,-0.002796858643727165,-0.0012976340236386685,0.0013637448493607845,-0.006609923847039334
12,Aggregated,Vulnerability_scanner,-0.00020708670608138486,-0.0001730338027830532,0.0005295043934506083,-0.00020708670608138486,5.7702821495214665e-05
12,Aggregated,XSS,0.0038130812880767997,-0.0063274004463206995,0.002878891672971181,-0.000897483135424106,0.0005329106206968246
12,Centralized,Backdoor,0.11227481785784141,-0.05440498373158267,-0.03390054013412499,-0.03618616508304144,-0.02199036193477831
12,Centralized,DDoS_HTTP,0.08845191957828764,-0.014436943874760305,-0.036350169522875286,-0.0315088610248082,-0.028313391376874292
12,Centralized,DDoS_ICMP,4.4907205217381564e-06,4.4907205217381564e-06,-1.7962882086952626e-05,4.4907205217381564e-06,4.4907205217381564e-06
12,Centralized,DDoS_TCP,-0.0005578500843438472,0.00024570013602168893,0.00019820699487886894,0.00011870315302462593,9.5564635403896e-05
12,Centralized,DDoS_UDP,-6.438319951107552e-06,-6.438319951107552e-06,2.5753279804430208e-05,-6.438319951107552e-06,-6.438319951107552e-06
12,Centralized,Fingerprinting,0.0,0.0,0.0,0.0,0.0
12,Centralized,MITM,0.21160734034202716,-0.026052515643514327,-0.024045723423693394,-0.08435701615057273,-0.07715208512424673
12,Centralized,Normal,0.29731823685793546,-0.07869396371715129,-0.07316255602356227,-0.07221953706811801,-0.0733351072763825
12,Centralized,Password,-0.02975039201250462,0.0046587552060138706,0.009488359233905598,0.008297408581034301,0.007305868991550842
12,Centralized,Port_Scanning,0.0,0.0,0.0,0.0,0.0
12,Centralized,Ransomware,-0.002826067690214395,-0.002826067690214395,-0.002826067690214395,0.009147402866447054,-0.0006691997958038685
12,Centralized,SQL_injection,-0.034769021516232755,0.01734503587395068,0.011189030440295776,-0.006660562889857081,0.012895518091843385
12,Centralized,Uploading,0.010066641800052754,-0.002796858643727165,-0.0012976340236386685,0.0013637448493607845,-0.006609923847039334
12,Centralized,Vulnerability_scanner,-0.00020708670608138486,-0.0001730338027830532,0.0005295043934506083,-0.00020708670608138486,5.7702821495214665e-05
12,Centralized,XSS,0.0038130812880767997,-0.0063274004463206995,0.002878891672971181,-0.000897483135424106,0.0005329106206968246
13,0,Backdoor,-0.2000852961382063,0.05740026658862862,0.053197147571371055,0.053275158133059386,0.05530416547663075
13,0,DDoS_HTTP,-0.06778944064992684,0.02350323400341581,0.01984149484087984,0.02241087008633512,0.0032537454111098347
13,0,DDoS_ICMP,0.0001866492582516884,0.00031560508015878174,-0.0008756111345719741,0.000261445227506113,0.00011191156865539101
13,0,DDoS_TCP,0.001158955983073162,0.00023318702343707586,0.0005697546335828252,0.00023318702343707586,0.0004434377639105314
13,0,DDoS_UDP,0.00022673550499041257,0.0002535739376259431,-0.0009068381627569899,0.0002535739376259431,0.00017295478251469116
13,0,Fingerprinting,-0.044473118279569894,0.1312258064516129,-0.044473118279569894,0.0021935483870967774,-0.044473118279569894
13,0,MITM,0.004545454545454547,0.004545454545454547,-0.018181818181818188,0.004545454545454547,0.004545454545454547
13,0,Normal,0.0,0.0,0.0,0.0,0.0
13,0,Password,-0.3107521288402205,0.08209601266489396,0.10033615634412864,0.05089534021150323,0.07742461961969474
13,0,Port_Scanning,0.0,0.0,0.0,0.0,0.0
13,0,Ransomware,-0.1833279173347691,0.06752526172868628,0.03578852376842419,0.01990452646122274,0.06010960537643595
13,0,SQL_injection,-0.15466444696453807,0.043967073583920636,-0.010310418168208487,0.0871249247223565,0.03388286682646946
13,0,Uploading,-0.0044103467281264176,-0.0082224623918576,-0.0017334623839831754,-0.009291623785007273,0.0309441434345492
13,0,Vulnerability_scanner,-0.005600677263456272,0.0018656199487424973,0.004989509204026763,-0.0021007914330781734,0.0008463395437651843
13,0,XSS,-0.0009532197067813293,-0.0009532197067813293,-0.0009532197067813293,0.003812878827125317,-0.0009532197067813293
13,1,Backdoor,-0.16945623951983377,0.052928924145662415,0.05061229529161319,0.0498099116257126,0.05289362114897273
13,1,DDoS_HTTP,-0.06949626044479425,0.02971778846867374,0.028097475386145536,0.026127692347596664,0.0010267543613749078
13,1,DDoS_ICMP,0.00026609444868730034,1.7731075460034976e-05,-0.0006846865241160589,0.00022811725150860643,0.00017274374846011723
13,1,DDoS_TCP,0.0012948162022995368,-0.0004572453723736047,0.0003705989992341341,-0.0003738609104437851,0.0001676190597344973
13,1,DDoS_UDP,0.00023723028957431763,0.00023723028957431763,-0.0008413076171778277,0.00023723028957431763,0.00012961674845487491
13,1,Fingerprinting,-0.03447712418300653,0.10727124183006535,-0.03447712418300653,-0.013643790849673203,-0.024673202614379084
13,1,MITM,0.005454545454545451,0.005454545454545451,-0.021818181818181803,0.005454545454545451,0.005454545454545451
13,1,Normal,0.0,0.0,0.0,0.0,0.0
13,1,Password,-0.28609123315519547,0.07569525983349426,0.09154642329306532,0.04751329883536766,0.07133625119326827
13,1,Port_Scanning,0.0,0.0,0.0,0.0,0.0
13,1,Ransomware,-0.16636489304967023,0.07308889326566531,0.04350744465512401,-0.004416281941758883,0.05418483707063978
13,1,SQL_injection,-0.15288266168321174,0.04464867824997958,-0.02147013288175476,0.09179679555012003,0.03790732076486693
13,1,Uploading,-0.0014081802434071672,-0.007327610588774795,-0.002797263587186871,-0.00907371305979761,0.027471135766810574
13,1,Vulnerability_scanner,-0.0032260603470262955,0.0011165976231476268,0.0035316400712877504,-0.0015293602034548678,0.00010718285604578622
13,1,XSS,-0.00044559585492227985,-0.00044559585492227985,-0.00044559585492227985,0.0017823834196891194,-0.00044559585492227985
13,2,Backdoor,-0.17760693160098467,0.054003627703258714,0.051470075605597986,0.05047466375616961,0.054239970978176705
13,2,DDoS_HTTP,-0.06301128595771086,0.024621044142158308,0.02173245699820164,0.02191136592704886,0.005140770846521481
13,2,DDoS_ICMP,0.00018345844348596578,0.0001439116733103744,-0.0006567237772547418,0.00020203677378921407,0.0001273168866691876
13,2,DDoS_TCP,0.0017197746877479084,-0.00018722931494900749,0.0009346687591994862,-0.00039031868287638013,0.000742159739736492
13,2,DDoS_UDP,0.00020494101092554304,0.00020494101092554304,-0.0007928736992046659,0.00020494101092554304,0.0001780506664280368
13,2,Fingerprinting,-0.030213464696223317,0.09704433497536945,-0.030213464696223317,-0.0064039408866995075,-0.030213464696223317
13,2,MITM,0.0,0.0,0.0,0.0,0.0
13,2,Normal,0.0,0.0,0.0,0.0,0.0
13,2,Password,-0.2997062182667089,0.07910721871991451,0.09760220269726533,0.048734819430220185,0.07426197741930908
13,2,Port_Scanning,0.0,0.0,0.0,0.0,0.0
13,2,Ransomware,-0.16178519596359967,0.07914038618115664,0.038356184389593845,-0.005091715849340312,0.04938034124218953
13,2,SQL_injection,-0.1737715624217039,0.04374420366534847,-0.010610285173697524,0.10154772034389918,0.039089923586153916
13,2,Uploading,0.000807625210124049,-0.00786718730202806,0.000524578088096836,-0.008193356936086945,0.025051033514495093
13,2,Vulnerability_scanner,-0.006379598604844176,0.002018479504810992,0.005794530717213645,-0.002297343015892846,0.0008639313987123846
13,2,XSS,-0.0013722730471498947,-0.0013722730471498947,-0.0013722730471498947,0.005489092188599579,-0.0013722730471498947
13,3,Backdoor,-0.17244852012565032,0.047780871241994545,0.04467173272284668,0.047236719715163286,0.05173124685775062
13,3,DDoS_HTTP,-0.055438467209916624,0.023764549217293613,0.023972224200958615,0.023158301782103107,0.007520373251989431
13,3,DDoS_ICMP,0.00014625670015228076,-7.5337049908012306e-06,-0.0008054701695892619,0.00022087500310780106,0.00022120481087240887
13,3,DDoS_TCP,0.0013846440695398513,-0.0004483227987260622,0.0007504852356530441,-0.0004902480728384321,0.0003008995211952988
13,3,DDoS_UDP,0.0003174793268136356,0.00015662143644060527,-0.0005193911568399989,0.00018347716188067594,0.00018345986350320475
13,3,Fingerprinting,-0.030859010270774978,0.09775910364145658,-0.030859010270774978,-0.014985994397759104,-0.02105508870214752
13,3,MITM,0.0,0.0,0.0,0.0,0.0
13,3,Normal,0.0,0.0,0.0,0.0,0.0
13,3,Password,-0.2959096295571541,0.0759659714695981,0.0937339727832791,0.05230336578176223,0.07390631952251454
13,3,Port_Scanning,0.0,0.0,0.0,0.0,0.0
13,3,Ransomware,-0.17627415823948359,0.08485071448849188,0.050624461251723527,-0.012140630988398534,0.0529396134876668
13,3,SQL_injection,-0.15603927606924875,0.03737794831067927,-0.011259390595435613,0.09863401911353625,0.03128669924046883
13,3,Uploading,-0.013970551808794205,-0.011499427104805716,0.004639134545448329,-0.011692261914738756,0.03968571564868208
13,3,Vulnerability_scanner,-0.006017718763100007,0.001681785126484562,0.0053168308153233755,-0.0018034364608631745,0.0008225392821552436
13,3,XSS,4.719286026098069e-05,4.719286026098069e-05,8.725482276298336e-05,-0.00028224935354859566,0.00010060881026365092
13,4,Backdoor,0.3261171234346579,-0.06366907804259721,-0.06279129112258887,-0.07059119121093146,-0.06120650193489674
13,4,DDoS_HTTP,0.2191841379586396,-0.043709848818451254,-0.04571492404723016,-0.05286820762182388,-0.062144583214517456
13,4,DDoS_ICMP,0.00026204156782307363,0.00012683015018375617,-0.0008381071174821416,0.0002806621799185375,0.00016857321955677425
13,4,DDoS_TCP,0.0004482618682283816,-0.000283499063588453,0.0008670393309092935,-0.0007072210333859704,0.0006888875467082778
13,4,DDoS_UDP,0.0004897521448186115,0.0003287215490054285,-0.000912205849284096,0.00022136781846330647,0.00019442552862311557
13,4,Fingerprinting,-0.042738646574963714,0.12491878067325637,-0.042738646574963714,-0.006506762516992698,-0.032934725006336256
13,4,MITM,0.3666654172913544,-0.1645997536945813,-0.01128489326765189,-0.04823070607553367,-0.14255006425358746
13,4,Normal,0.3345680181961531,-0.08406218249541128,-0.08190718304355879,-0.08403146472375517,-0.08432897623070365
13,4,Password,0.026780394042188658,-0.007058147240248353,-0.006362682499650706,-0.0062847369250017176,-0.007074827377287876
13,4,Port_Scanning,0.0,0.0,0.0,0.0,0.0
13,4,Ransomware,-0.03722187671308754,0.015654953413610933,0.005596652054497042,0.004911078391209855,0.011059192853769714
13,4,SQL_injection,-0.01389346536113519,0.0025579933215798003,0.00287782219286714,0.0022251377443031264,0.006232512102385132
13,4,Uploading,0.06093708836870011,-0.005454171382134835,-0.0199181420940711,-0.004241190570715555,-0.024278501744781175
13,4,Vulnerability_scanner,-0.004396786656542218,0.001465953417335636,0.004341949259624386,-0.0017195658035876601,0.00030844978316985625
13,4,XSS,0.0032693380816987156,0.0032693380816987156,0.003494343706839346,-0.013602365452123002,0.003569345581886223
13,Aggregated,Backdoor,0.10688518841050217,-0.01529853421551574,-0.015062359172179674,-0.028692970563752255,-0.01221461897843684
13,Aggregated,DDoS_HTTP,0.10713472009903859,-0.008099189417570318,-0.01584765529920323,-0.02427922478896026,-0.04620205657605832
13,Aggregated,DDoS_ICMP,0.0002089122280635458,0.00011938342026424076,-0.0007721678107424634,0.00023862897288046137,0.00016033396256256993
13,Aggregated,DDoS_TCP,0.0012026399559244634,-0.00022893728340288023,0.0006986076858031802,-0.00034585152624155103,0.0004688616922119952
13,Aggregated,DDoS_UDP,0.000295220343887496,0.0002361979166325967,-0.0007944638247547042,0.0002201079939251338,0.00017170396933162876
13,Aggregated,Fingerprinting,-0.03686003600492948,0.11217628155230439,-0.03686003600492948,-0.007620269923058132,-0.030835939619387305
13,Aggregated,MITM,0.12191769157824739,-0.06752336508066684,0.003493017129667118,-0.005974123927177868,-0.05191321970006989
13,Aggregated,Normal,0.30095284023028185,-0.07566480988290324,-0.07351825567285539,-0.07563487960254718,-0.07592761754895765
13,Aggregated,Password,-0.0310897478366943,0.006827425072921037,0.009766902801432404,0.007703654557858721,0.006791765404482136
13,Aggregated,Port_Scanning,0.0,0.0,0.0,0.0,0.0
13,Aggregated,Ransomware,-0.09528796715991722,0.04102727410408989,0.02077593431032194,0.0053951801607863125,0.028089578584719072
13,Aggregated,SQL_injection,-0.04628853520719588,0.01195537480226454,0.0031719067022596046,0.014361783839965584,0.016799469862706137
13,Aggregated,Uploading,0.03025908793634602,0.0001530377240867737,-0.013444373567171534,0.0002994810208040118,-0.009515582368172697
13,Aggregated,Vulnerability_scanner,-0.005122531629952445,0.001628328956788681,0.004790910113858721,-0.0018870789271182,0.0005903714864232431
13,Aggregated,XSS,0.0006357531607892494,0.0006357531607892494,0.0006750798872325396,-0.002634775004858008,0.0006881887960469696
13,Centralized,Backdoor,0.10688518841050217,-0.01529853421551574,-0.015062359172179674,-0.028692970563752255,-0.01221461897843684
13,Centralized,DDoS_HTTP,0.10713472009903859,-0.008099189417570318,-0.01584765529920323,-0.02427922478896026,-0.04620205657605832
13,Centralized,DDoS_ICMP,0.0002089122280635458,0.00011938342026424076,-0.0007721678107424634,0.00023862897288046137,0.00016033396256256993
13,Centralized,DDoS_TCP,0.0012026399559244634,-0.00022893728340288023,0.0006986076858031802,-0.00034585152624155103,0.0004688616922119952
13,Centralized,DDoS_UDP,0.000295220343887496,0.0002361979166325967,-0.0007944638247547042,0.0002201079939251338,0.00017170396933162876
13,Centralized,Fingerprinting,-0.03686003600492948,0.11217628155230439,-0.03686003600492948,-0.007620269923058132,-0.030835939619387305
13,Centralized,MITM,0.12191769157824739,-0.06752336508066684,0.003493017129667118,-0.005974123927177868,-0.05191321970006989
13,Centralized,Normal,0.30095284023028185,-0.07566480988290324,-0.07351825567285539,-0.07563487960254718,-0.07592761754895765
13,Centralized,Password,-0.0310897478366943,0.006827425072921037,0.009766902801432404,0.007703654557858721,0.006791765404482136
13,Centralized,Port_Scanning,0.0,0.0,0.0,0.0,0.0
13,Centralized,Ransomware,-0.09528796715991722,0.04102727410408989,0.02077593431032194,0.0053951801607863125,0.028089578584719072
13,Centralized,SQL_injection,-0.04628853520719588,0.01195537480226454,0.0031719067022596046,0.014361783839965584,0.016799469862706137
13,Centralized,Uploading,0.03025908793634602,0.0001530377240867737,-0.013444373567171534,0.0002994810208040118,-0.009515582368172697
13,Centralized,Vulnerability_scanner,-0.005122531629952445,0.001628328956788681,0.004790910113858721,-0.0018870789271182,0.0005903714864232431
13,Centralized,XSS,0.0006357531607892494,0.0006357531607892494,0.0006750798872325396,-0.002634775004858008,0.0006881887960469696
14,0,Backdoor,-0.15787001846795937,0.04051961401102513,0.061187691523062596,0.06966758202072257,0.052406138436539434
14,0,DDoS_HTTP,-0.004982616829523786,0.021308577623488183,0.016989006918355146,0.003471804088259701,0.01606247839673728
14,0,DDoS_ICMP,-0.00015702982070188166,-0.00010098923204711063,-4.4898133623416656e-05,6.733457299289425e-05,1.1218219684738794e-05
14,0,DDoS_TCP,-0.0010459514183010017,0.0005209736606722859,-0.00015421284489830305,-0.00031231464707175415,-1.8364006226695428e-05
14,0,DDoS_UDP,0.00018779291558784032,0.00010738140794607591,5.372184105248608e-05,-2.6845351986518977e-05,1.0379026482709718e-08
14,0,Fingerprinting,0.026315789473684213,-0.026315789473684213,-0.026315789473684213,0.026315789473684213,0.0
14,0,MITM,-0.028205128205128185,0.01025641025641025,0.016666666666666656,-0.0025641025641025624,0.0038461538461538438
14,0,Normal,0.0,0.0,0.0,0.0,0.0
14,0,Password,-0.24659728223020452,0.07947432824905999,0.08447396893161722,0.08484341662932803,0.07423204128242263
14,0,Port_Scanning,0.0,0.0,0.0,0.0,0.0
14,0,Ransomware,-0.06278637924118877,-0.06150109470843708,0.15488148164572849,0.2518432596439189,0.19756273265997862
14,0,SQL_injection,-0.1305845266087395,0.057648183599479826,0.022126925763460217,0.03325205607281292,0.017557361172986556
14,0,Uploading,-0.017275149163756595,0.0014012463343117834,-0.007923452106188158,0.018982137532125864,-0.0024710307420676087
14,0,Vulnerability_scanner,0.004103673981934012,0.0016114769952426519,0.0036427850475405587,0.0034545348782278273,-0.0010314514343111925
14,0,XSS,2.1039343572480663e-05,-8.415737428992265e-05,2.1039343572480663e-05,2.1039343572480663e-05,2.1039343572480663e-05
14,1,Backdoor,-0.12151309034851558,0.033655260781068265,0.051404741696382615,0.05684102589534439,0.04715814598460225
14,1,DDoS_HTTP,-0.010721349749097414,0.022185376879426597,0.019304399543730474,0.00632983972522841,0.017010669056263663
14,1,DDoS_ICMP,7.482179683193646e-06,-1.1223269524790469e-05,-1.1223269524790469e-05,7.482179683193646e-06,7.482179683193646e-06
14,1,DDoS_TCP,-0.0019536364424153647,0.00026284616036656254,-0.0006733039819655247,-0.00015429287088332134,1.84882495685601e-05
14,1,DDoS_UDP,-0.0003178053536301628,0.0001399202052387712,0.0004891832460152068,-2.1526188005101718e-05,3.228928200765258e-05
14,1,Fingerprinting,0.00392156862745098,-0.005882352941176471,-0.005882352941176471,0.00392156862745098,0.00392156862745098
14,1,MITM,-0.030638528138528135,0.02183473389355741,0.09802521008403357,-0.0033753501400560176,0.005063025210084027
14,1,Normal,0.0,0.0,0.0,0.0,0.0
14,1,Password,-0.24704697928170116,0.07116783361135753,0.07992115162027888,0.07930760818847761,0.06639828502125077
14,1,Port_Scanning,0.0,0.0,0.0,0.0,0.0
14,1,Ransomware,-0.04748590525738137,-0.05238525745864339,0.13309760841251145,0.21469839433988266,0.18263071551918633
14,1,SQL_injection,-0.12383894133618924,0.04460681633834549,0.027347833729040656,0.0332984958685357,0.018585795400267374
14,1,Uploading,-0.020393460409332136,0.002510175074967389,-0.010026487968919287,0.017695981460538003,-0.0038399521452520268
14,1,Vulnerability_scanner,0.0018141236545321405,0.0009367740536790052,0.0025388901035064398,0.0029273437170046564,-0.0016158754842590865
14,1,XSS,1.594260661618163e-05,-6.377042646472652e-05,1.594260661618163e-05,1.594260661618163e-05,1.594260661618163e-05
14,2,Backdoor,-0.13616247501114362,0.03366146616314181,0.05650983756248233,0.06079363986448684,0.04916814008286579
14,2,DDoS_HTTP,0.0004010211777057802,0.018151608148679606,0.016442954770767862,-0.0004427873531527589,0.01680020317710736
14,2,DDoS_ICMP,0.0,0.0,0.0,0.0,0.0
14,2,DDoS_TCP,-0.001311103857612502,-0.00011394779836077321,-0.0007646828924562865,-0.0003642202253917537,-0.00026510041503718387
14,2,DDoS_UDP,0.0002146382675743593,5.3711462026003374e-05,5.3711462026003374e-05,0.0,0.0
14,2,Fingerprinting,0.0,0.0,0.0,0.0,0.0
14,2,MITM,0.06526806526806526,0.012820512820512811,0.012820512820512811,0.0,0.0
14,2,Normal,0.0,0.0,0.0,0.0,0.0
14,2,Password,-0.2354274837445468,0.07487040546341742,0.08824536449520498,0.08325756199309133,0.06876858940200761
14,2,Port_Scanning,0.0,0.0,0.0,0.0,0.0
14,2,Ransomware,-0.048696731575665814,-0.06290388808014785,0.14631801324943758,0.2396234685965992,0.1892352967501739
14,2,SQL_injection,-0.13854234212668626,0.0581028127613862,0.024062037640762018,0.03405288635120414,0.02232460537333386
14,2,Uploading,-0.007218453828342793,-0.0014162602880212936,-0.007803955295171203,0.011798801149654807,-0.005682824312720491
14,2,Vulnerability_scanner,0.005023600043004822,0.0013739943881643994,0.004228601686153985,0.00433998722366295,-0.002043597022665163
14,2,XSS,-0.0009387755102040818,0.003755102040816327,-0.0009387755102040818,-0.0009387755102040818,-0.0009387755102040818
14,3,Backdoor,-0.1225100321933084,0.0263524216894641,0.05629261414440324,0.06334080374487062,0.05282877003906203
14,3,DDoS_HTTP,0.01429101096677951,0.015246810678009181,0.017438065231628677,0.002158996259050659,0.014749254166390736
14,3,DDoS_ICMP,-3.74445600745954e-06,-2.246673604475724e-05,3.370010406713586e-05,-3.74445600745954e-06,-3.74445600745954e-06
14,3,DDoS_TCP,-0.0018369110229560818,0.0007862899979349765,-0.0007792609462628071,0.00013002729901870902,0.00020239671744150348
14,3,DDoS_UDP,0.0005686878493652866,5.905150121070883e-05,-2.136015673882182e-05,5.340039184705455e-06,3.219577019770714e-05
14,3,Fingerprinting,0.00392156862745098,-0.005882352941176471,-0.005882352941176471,0.00392156862745098,0.00392156862745098
14,3,MITM,0.17820512820512802,0.01025641025641025,0.01025641025641025,-0.0025641025641025624,0.0038461538461538438
14,3,Normal,0.0,0.0,0.0,0.0,0.0
14,3,Password,-0.24559763433200255,0.07215682257724595,0.08254008832276895,0.08264748214543315,0.06971263780785608
14,3,Port_Scanning,0.0,0.0,0.0,0.0,0.0
14,3,Ransomware,-0.04470627217439165,-0.05062240619259374,0.14979042863081055,0.21841447745999273,0.18765008806565586
14,3,SQL_injection,-0.14675570218383446,0.05277712475689846,0.028278254009612792,0.04145905538745428,0.024241268029868954
14,3,Uploading,-0.013079162111478415,-0.008291522950428001,-0.0047737685687932385,0.018769436439181966,0.00021240782572593705
14,3,Vulnerability_scanner,0.0018439118956029398,0.001382338484783106,0.004041452477481751,0.003924881321031823,-0.0017335727506939105
14,3,XSS,-5.6896080078601416e-05,-0.00010626536720228323,9.873857424736361e-06,7.664379492807414e-05,7.664379492807414e-05
14,4,Backdoor,0.359025401517696,-0.08044572699132577,-0.08172169666487104,-0.08437210938375826,-0.08802887989018399
14,4,DDoS_HTTP,0.2435909392460049,-0.05007606541496139,-0.04990066785487583,-0.042809942125787113,-0.06131242135774057
14,4,DDoS_ICMP,7.484707218976538e-05,-9.356094803451934e-05,-3.3701994598770804e-08,5.614162298178127e-05,-3.739404514242854e-05
14,4,DDoS_TCP,-0.0017286650125460195,0.0007776533786009546,-0.0006269074709664239,-0.00012661117902958616,0.00018533074493959356
14,4,DDoS_UDP,6.97038119915061e-05,4.2969169620802696e-05,-6.436726254384813e-05,-9.125759031179219e-05,4.295187124333152e-05
14,4,Fingerprinting,0.016408668730650153,-0.019711042311661507,-0.019711042311661507,0.016408668730650153,0.006604747162022704
14,4,MITM,0.10695602642971054,-0.08217063638116269,0.09761536708905133,-0.07151462572515203,-0.12780920833552412
14,4,Normal,0.3298655339928164,-0.08298858380216048,-0.07879562904226985,-0.0829603996778859,-0.08525017383047999
14,4,Password,0.09043894444467664,-0.008567193951133948,-0.006309058644918091,-0.005719199965123003,-0.011189751848015643
14,4,Port_Scanning,0.0,0.0,0.0,0.0,0.0
14,4,Ransomware,0.19966472531266868,-0.014928694002651129,0.0538165983654763,0.09263671736882598,0.08919281856077578
14,4,SQL_injection,-0.010163455343552652,0.002975421411051028,0.0012517591717555439,0.0018061490920857407,0.004130125668660339
14,4,Uploading,0.03922702324668554,-0.003958942022387283,-0.014645674623699236,-0.007006574821118912,-0.020660914356477558
14,4,Vulnerability_scanner,0.0036453330165206505,0.0008162136070911874,0.00351311782981301,0.0033188463157104203,-0.0018629389408448328
14,4,XSS,0.0014402266836331871,-0.007635953610704672,0.0018152360588675719,0.002190245434101956,0.002190245434101956
14,Aggregated,Backdoor,0.16616042557551305,-0.021039132934834517,-0.024400451090021515,-0.02711812210694579,-0.03447066137040679
14,Aggregated,DDoS_HTTP,0.14913976680905752,-0.021077643682005102,-0.024864741039821274,-0.017312845082152424,-0.03375302086907555
14,Aggregated,DDoS_ICMP,-1.5712230412839868e-05,-4.5659467986488196e-05,-4.496383008767424e-06,2.545085442835123e-05,-4.487956483373301e-06
14,Aggregated,DDoS_TCP,-0.0015761908455902676,0.00044578035466625866,-0.0005994459817841376,-0.00016537656482725204,2.432901878572369e-05
14,Aggregated,DDoS_UDP,0.00014473182919190567,8.057704278981263e-05,0.00010211211760234687,-2.6843836631645913e-05,2.148403867394677e-05
14,Aggregated,Fingerprinting,0.010822510822510822,-0.012265512265512266,-0.012265512265512266,0.010822510822510822,0.0028860028860028864
14,Aggregated,MITM,0.0652231600997025,-0.011880955149038318,0.061548169157610945,-0.019086652677316504,-0.04076859262533812
14,Aggregated,Normal,0.29640669914503326,-0.07461593707473452,-0.07042564939628737,-0.07458556452277325,-0.07686968721387046
14,Aggregated,Password,0.03372915386405758,0.006303891540891771,0.010016411538921823,0.011528596035519948,0.003524753012941424
14,Aggregated,Port_Scanning,0.0,0.0,0.0,0.0,0.0
14,Aggregated,Ransomware,0.14183995149628043,-0.02385225630974461,0.0835402130403136,0.1329519509708416,0.1164485227651736
14,Aggregated,SQL_injection,-0.03816786120898087,0.01300672895372431,0.007698473615237395,0.007537376791851438,0.00992528184816772
14,Aggregated,Uploading,0.006271221264351127,0.0020612991257817487,-0.00914928904869561,0.005586235954432959,-0.013973619339704597
14,Aggregated,Vulnerability_scanner,0.0032663722730802295,0.0012261418982697282,0.0035888830877616887,0.003589816910235222,-0.0016512704268635955
14,Aggregated,XSS,0.00010751369622921878,-0.0007577775052776267,0.00017305824030136908,0.0002386027843735194,0.0002386027843735194
14,Centralized,Backdoor,0.16616042557551305,-0.021039132934834517,-0.024400451090021515,-0.02711812210694579,-0.03447066137040679
14,Centralized,DDoS_HTTP,0.14913976680905752,-0.021077643682005102,-0.024864741039821274,-0.017312845082152424,-0.03375302086907555
14,Centralized,DDoS_ICMP,-1.5712230412839868e-05,-4.5659467986488196e-05,-4.496383008767424e-06,2.545085442835123e-05,-4.487956483373301e-06
14,Centralized,DDoS_TCP,-0.0015761908455902676,0.00044578035466625866,-0.0005994459817841376,-0.00016537656482725204,2.432901878572369e-05
14,Centralized,DDoS_UDP,0.00014473182919190567,8.057704278981263e-05,0.00010211211760234687,-2.6843836631645913e-05,2.148403867394677e-05
14,Centralized,Fingerprinting,0.010822510822510822,-0.012265512265512266,-0.012265512265512266,0.010822510822510822,0.0028860028860028864
14,Centralized,MITM,0.0652231600997025,-0.011880955149038318,0.061548169157610945,-0.019086652677316504,-0.04076859262533812
14,Centralized,Normal,0.29640669914503326,-0.07461593707473452,-0.07042564939628737,-0.07458556452277325,-0.07686968721387046
14,Centralized,Password,0.03372915386405758,0.006303891540891771,0.010016411538921823,0.011528596035519948,0.003524753012941424
14,Centralized,Port_Scanning,0.0,0.0,0.0,0.0,0.0
14,Centralized,Ransomware,0.14183995149628043,-0.02385225630974461,0.0835402130403136,0.1329519509708416,0.1164485227651736
14,Centralized,SQL_injection,-0.03816786120898087,0.01300672895372431,0.007698473615237395,0.007537376791851438,0.00992528184816772
14,Centralized,Uploading,0.006271221264351127,0.0020612991257817487,-0.00914928904869561,0.005586235954432959,-0.013973619339704597
14,Centralized,Vulnerability_scanner,0.0032663722730802295,0.0012261418982697282,0.0035888830877616887,0.003589816910235222,-0.0016512704268635955
14,Centralized,XSS,0.00010751369622921878,-0.0007577775052776267,0.00017305824030136908,0.0002386027843735194,0.0002386027843735194
15,0,Backdoor,-0.17441224818063433,0.03543341925111886,0.038365784694391766,0.03763839169394512,0.04045184396388337
15,0,DDoS_HTTP,-0.09621720339330724,0.006452609645704426,0.003744242711815946,0.007141748933539963,0.012187344855376295
15,0,DDoS_ICMP,0.0014025705117079457,5.6091098423693975e-05,0.0,5.6091098423693975e-05,5.6091098423693975e-05
15,0,DDoS_TCP,0.0003826645844541103,-0.00014749839357226327,0.0003895151985575847,-0.0003414278250963021,-0.0002832535643431296
15,0,DDoS_UDP,-8.051529790659151e-05,-8.051529790659151e-05,0.0,-8.051529790659151e-05,-8.051529790659151e-05
15,0,Fingerprinting,0.6428571428571431,0.0,0.0,0.0,0.0
15,0,MITM,0.0,0.0,0.0,0.0,0.0
15,0,Normal,0.0,0.0,0.0,0.0,0.0
15,0,Password,-0.24302476391507574,0.07884576667199435,0.06554324638179805,0.05411139155555443,0.0686989741259785
15,0,Port_Scanning,0.0,0.0,0.0,0.0,0.0
15,0,Ransomware,0.05991369895666454,0.01094537586699009,0.024979649736641633,-0.11383621125248712,-0.01200251330780913
15,0,SQL_injection,-0.1576637294501402,0.0028177260531341048,0.02544206928489813,0.08146178198136209,0.04794215213074592
15,0,Uploading,-0.01591851152991541,0.014752535913259097,0.0065377272429565664,-0.003950892032169311,-0.0014208595941309484
15,0,Vulnerability_scanner,0.000845986088403039,0.0006225293836130241,0.000845986088403039,0.000845986088403039,0.000845986088403039
15,0,XSS,-0.0009907583491809294,-0.0009907583491809294,-0.0009907583491809294,0.0005728155339805825,0.002399459513562206
15,1,Backdoor,-0.14859543053503266,0.025823768260400115,0.03163577839443728,0.03129847245870791,0.033168343384192125
15,1,DDoS_HTTP,-0.09890592306942976,0.005734279377592786,0.008062382547780944,0.007425070189637534,0.015884794551363556
15,1,DDoS_ICMP,0.00028159491542999274,-4.875214425799264e-05,4.4893078099161875e-05,-4.875214425799264e-05,-1.1223269524790469e-05
15,1,DDoS_TCP,0.0002409192040758327,6.864932237414615e-05,0.00044984607708193345,0.0007060159670809252,3.25403362654723e-05
15,1,DDoS_UDP,-6.44122383252732e-05,-6.44122383252732e-05,-6.44122383252732e-05,-6.44122383252732e-05,-6.44122383252732e-05
15,1,Fingerprinting,0.49373450529637214,-0.01431147171512283,0.02352941176470588,-0.01431147171512283,-0.00588235294117647
15,1,MITM,-0.018181818181818188,-0.018181818181818188,-0.018181818181818188,-0.018181818181818188,-0.018181818181818188
15,1,Normal,0.0,0.0,0.0,0.0,0.0
15,1,Password,-0.23583712695928238,0.07593190589552426,0.07122611025009498,0.04985772933597913,0.06283105304729922
15,1,Port_Scanning,0.0,0.0,0.0,0.0,0.0
15,1,Ransomware,0.03169646533393712,0.019122738464355325,0.040989844686145714,-0.10622821530140716,-0.005540362248520301
15,1,SQL_injection,-0.15391730175690072,-0.0023731476491362217,0.027618513848186498,0.07783839647328747,0.05083353908456299
15,1,Uploading,-0.009716700995166009,0.015444507352756248,0.005167345573286538,-0.0031727321274929074,0.0027772541541090357
15,1,Vulnerability_scanner,0.0008075987702473198,0.0008075987702473198,0.0008075987702473198,0.0008075987702473198,0.0008075987702473198
15,1,XSS,-0.002509611164693364,-0.0025096111646933645,-0.002509611164693364,-0.0017835351544165962,0.00931236864849669
15,2,Backdoor,-0.1528196295251135,0.029778295698106742,0.03555145185139397,0.03268073332322575,0.034386494383578894
15,2,DDoS_HTTP,-0.09158755042972051,0.006326452264450095,0.0031092017291061208,0.005204612159683619,0.012803909082628007
15,2,DDoS_ICMP,0.00033840975836607796,-0.0001087968118954045,0.00017247614538371165,-7.12678643862504e-05,-0.0001087968118954045
15,2,DDoS_TCP,0.00047888486194505033,0.00015567763445247795,0.00014079300961246285,-4.064198689984385e-05,7.784906027196725e-05
15,2,DDoS_UDP,-6.44122383252732e-05,-6.44122383252732e-05,-6.44122383252732e-05,-6.44122383252732e-05,-6.44122383252732e-05
15,2,Fingerprinting,0.37857839262187115,-0.03762933684672815,0.07066227492314452,-0.02615590689503734,-0.03762933684672815
15,2,MITM,-0.018181818181818188,-0.018181818181818188,-0.018181818181818188,-0.018181818181818188,-0.018181818181818188
15,2,Normal,0.0,0.0,0.0,0.0,0.0
15,2,Password,-0.22703885657728656,0.07200750343611356,0.07092375992854195,0.04848612512768969,0.06255202133128404
15,2,Port_Scanning,0.0,0.0,0.0,0.0,0.0
15,2,Ransomware,0.06040524039638111,0.0028080839538810044,0.0442350538791241,-0.11300394236101817,-0.028572742048029183
15,2,SQL_injection,-0.16978887669239037,-0.0010246284167985027,0.032492144156763166,0.08435770474064151,0.05396365621178419
15,2,Uploading,-0.007119811898648136,0.010707405671430475,0.002728757208803123,-0.0033244141187563137,-0.002991936862829143
15,2,Vulnerability_scanner,0.0009435060522461347,0.0009435060522461347,0.0009435060522461347,0.0009435060522461347,0.0009435060522461347
15,2,XSS,-0.0034091797638595663,-0.0034091797638595668,-0.0034091797638595663,-0.0011220580186097422,0.011349597310188444
15,3,Backdoor,-0.14286113091466415,0.025001522332802322,0.035370586534153196,0.028249924196311713,0.030992410397330347
15,3,DDoS_HTTP,-0.07792324499274479,-0.0011283606950218275,0.0005597482473304411,-0.002645859236297335,0.008420869702460887
15,3,DDoS_ICMP,-0.00043553373358772295,-9.008413613039168e-05,-0.0001647710667308122,2.2241114431065246e-05,-1.5203445643530155e-05
15,3,DDoS_TCP,0.00014601436971859634,0.00012669695589176226,0.0003542135318394979,-5.123447393825346e-05,-7.719407990061841e-05
15,3,DDoS_UDP,-0.0002198436499924535,-0.0002736586851864342,-8.59797718202678e-05,-0.0002198436499924535,-0.00016623587802609973
15,3,Fingerprinting,0.32882580382580395,-0.02831705331705332,-0.013105413105413093,-0.02831705331705332,-0.02831705331705332
15,3,MITM,-0.039999999999999994,-0.039999999999999994,-0.039999999999999994,-0.039999999999999994,-0.039999999999999994
15,3,Normal,0.0,0.0,0.0,0.0,0.0
15,3,Password,-0.22044237742993147,0.07469881835275187,0.0736475276311999,0.04877919309411204,0.06563903689724222
15,3,Port_Scanning,0.0,0.0,0.0,0.0,0.0
15,3,Ransomware,0.009709612165800336,0.025024211182146826,0.04610486654300042,-0.10991016187171636,-0.014788177142038223
15,3,SQL_injection,-0.16662576031088594,-0.00466263076256414,0.04151941039649807,0.07994910962970746,0.04981987104724443
15,3,Uploading,-0.010755615155453457,0.008519225370118991,0.010628972070103498,-0.005213535219623167,0.0005147962764549967
15,3,Vulnerability_scanner,0.0013915843190583476,0.0014042185239375004,0.0014501162506886766,0.0013915843190583476,0.0013915843190583476
15,3,XSS,-0.0015264952579388572,-0.001526495257938857,-0.0015264952579388572,-0.0008731585459809024,0.005612892169805484
15,4,Backdoor,0.3424086326596262,-0.09536589216769503,-0.08797621048060342,-0.09062146628001234,-0.08567025155258882
15,4,DDoS_HTTP,0.21802420195057765,-0.05540125670650031,-0.05491797676091562,-0.06787758360089396,-0.056231067795739616
15,4,DDoS_ICMP,0.0008284786526025767,-6.7547152940578e-05,4.491329110145603e-05,-6.7547152940578e-05,-6.7547152940578e-05
15,4,DDoS_TCP,-8.953025402352877e-05,0.0005722439628632799,0.00013796892422316778,6.853789500211686e-05,0.0006309114851362115
15,4,DDoS_UDP,0.00023081052066556234,-9.125067096080372e-05,1.61030595813183e-05,-9.125067096080372e-05,-6.44122383252732e-05
15,4,Fingerprinting,0.5526455026455027,-0.0187830687830688,0.02222222222222222,-0.0187830687830688,-0.0187830687830688
15,4,MITM,0.16923076923076902,-0.03076923076923077,-0.03076923076923077,0.0,-0.03076923076923077
15,4,Normal,0.32687648442122974,-0.08320757311776984,-0.07889292907273322,-0.08195420040236155,-0.08243014689069676
15,4,Password,0.1041998396735186,-0.018744739136925693,-0.017624468277994985,-0.017771410084776916,-0.018305428248143605
15,4,Port_Scanning,0.0,0.0,0.0,0.0,0.0
15,4,Ransomware,0.2778885816105289,-0.079269227780741,-0.07579031644274828,-0.09091623514765228,-0.07079207767107253
15,4,SQL_injection,-0.011902994251640852,0.0021451584866587683,0.0017948652617674073,0.0037898267640070634,0.0041731437392076185
15,4,Uploading,0.045363766476223755,-0.009081780398090199,-0.02381157161930765,-0.0005805086860626139,-0.012106480457423083
15,4,Vulnerability_scanner,0.0010772120459950686,0.0005032086129694635,0.0010772120459950686,0.0010772120459950686,0.0010772120459950686
15,4,XSS,0.0064450934228220584,0.0064450934228220584,0.0064450934228220584,0.00027475604336846206,-0.018710013811272116
15,Aggregated,Backdoor,0.13498815606072304,-0.04770385834127486,-0.034611585674310226,-0.04104351739668242,-0.03350008419214876
15,Aggregated,DDoS_HTTP,0.07901289551130548,-0.024515695084761986,-0.0274512316621987,-0.0521190139853537,-0.02729359167664019
15,Aggregated,DDoS_ICMP,0.00048332026904002363,-5.1813013856712625e-05,1.9483545023912808e-05,-2.1850921918215026e-05,-2.9335454172763064e-05
15,Aggregated,DDoS_TCP,0.0002323896106440774,0.00015518731767807565,0.00029460485365015074,6.8667544039915e-05,7.619348998088767e-05
15,Aggregated,DDoS_UDP,-3.973028112730555e-05,-0.00011485853423249814,-3.973650920878202e-05,-0.00010410933383947682,-8.801387952828329e-05
15,Aggregated,Fingerprinting,0.4830416574057866,-0.01874364871935478,0.020645045484697984,-0.016900940833280635,-0.016914293788976822
15,Aggregated,MITM,0.0252191328557571,-0.021996363512281677,-0.021996363512281677,-0.01426517112453265,-0.021996363512281677
15,Aggregated,Normal,0.2931635806543474,-0.07476806758212229,-0.07049469602890815,-0.07353609104885778,-0.07398709543657124
15,Aggregated,Password,0.0456651746776171,-0.005312749909903232,-0.002599839252224044,-0.0033188374238949858,-0.004558676497354138
15,Aggregated,Port_Scanning,0.0,0.0,0.0,0.0,0.0
15,Aggregated,Ransomware,0.20540340358856124,-0.05477724153054674,-0.04606760511819771,-0.0966674248192299,-0.04164159997302228
15,Aggregated,SQL_injection,-0.04374350811829888,0.004909118232404173,0.009277490110431828,0.01570199813068174,0.01385490164478112
15,Aggregated,Uploading,0.012998909774369322,0.006723208092240707,-0.015265027631812015,0.0014546246414011454,-0.003102950386990328
15,Aggregated,Vulnerability_scanner,0.0010153111173701304,0.0008564051957551555,0.001026746616858465,0.0010153111173701304,0.0010153111173701304
15,Aggregated,XSS,0.0014443133778415634,0.0014443133778415634,0.0014443133778415634,0.0001808439178215774,-0.004356477145573107
15,Centralized,Backdoor,0.13498815606072304,-0.04770385834127486,-0.034611585674310226,-0.04104351739668242,-0.03350008419214876
15,Centralized,DDoS_HTTP,0.07901289551130548,-0.024515695084761986,-0.0274512316621987,-0.0521190139853537,-0.02729359167664019
15,Centralized,DDoS_ICMP,0.00048332026904002363,-5.1813013856712625e-05,1.9483545023912808e-05,-2.1850921918215026e-05,-2.9335454172763064e-05
15,Centralized,DDoS_TCP,0.0002323896106440774,0.00015518731767807565,0.00029460485365015074,6.8667544039915e-05,7.619348998088767e-05
15,Centralized,DDoS_UDP,-3.973028112730555e-05,-0.00011485853423249814,-3.973650920878202e-05,-0.00010410933383947682,-8.801387952828329e-05
15,Centralized,Fingerprinting,0.4830416574057866,-0.01874364871935478,0.020645045484697984,-0.016900940833280635,-0.016914293788976822
15,Centralized,MITM,0.0252191328557571,-0.021996363512281677,-0.021996363512281677,-0.01426517112453265,-0.021996363512281677
15,Centralized,Normal,0.2931635806543474,-0.07476806758212229,-0.07049469602890815,-0.07353609104885778,-0.07398709543657124
15,Centralized,Password,0.0456651746776171,-0.005312749909903232,-0.002599839252224044,-0.0033188374238949858,-0.004558676497354138
15,Centralized,Port_Scanning,0.0,0.0,0.0,0.0,0.0
15,Centralized,Ransomware,0.20540340358856124,-0.05477724153054674,-0.04606760511819771,-0.0966674248192299,-0.04164159997302228
15,Centralized,SQL_injection,-0.04374350811829888,0.004909118232404173,0.009277490110431828,0.01570199813068174,0.01385490164478112
15,Centralized,Uploading,0.012998909774369322,0.006723208092240707,-0.015265027631812015,0.0014546246414011454,-0.003102950386990328
15,Centralized,Vulnerability_scanner,0.0010153111173701304,0.0008564051957551555,0.001026746616858465,0.0010153111173701304,0.0010153111173701304
15,Centralized,XSS,0.0014443133778415634,0.0014443133778415634,0.0014443133778415634,0.0001808439178215774,-0.004356477145573107
16,0,Backdoor,-0.16513817672630635,0.03998511333732046,0.05250352170899282,0.04449305424946872,0.03973238850918787
16,0,DDoS_HTTP,-0.0760491582874856,0.02004668341772129,0.0376072051775298,0.02533847931832445,0.018327368852035675
16,0,DDoS_ICMP,-0.0001803100320515098,-3.049811945231018e-05,-0.0001803100320515098,-0.0001810211641128027,-0.0007743400656161192
16,0,DDoS_TCP,-0.00042797853093572055,0.0005521148765412542,0.00033512392579596593,0.0001344605058084684,-8.911900007367487e-05
16,0,DDoS_UDP,0.0,0.0,0.0,0.0,0.0
16,0,Fingerprinting,-0.1905780173704702,-0.1310542078466607,-0.19057801737047023,-0.15168912848158128,0.021042228212039524
16,0,MITM,0.0,0.0,0.0,0.0,0.0
16,0,Normal,0.0,0.0,0.0,0.0,0.0
16,0,Password,-0.2519673603274926,0.07540500203907727,0.07140684050719392,0.03495821946557957,0.0701972983156418
16,0,Port_Scanning,0.0,0.0,0.0,0.0,0.0
16,0,Ransomware,0.09039736922248758,0.00302762768783042,-0.03692082135813803,-0.035290586160777786,-0.01158626019885564
16,0,SQL_injection,-0.12248627673190708,0.016008975886839694,0.026652184545963402,0.07376628055383208,0.006058835745271821
16,0,Uploading,-0.011496563190455075,0.010022162782422132,0.004182753048560713,-0.000491669461338038,0.00869158986500563
16,0,Vulnerability_scanner,0.0005908769266924056,0.0005908769266924056,0.0005536132196482968,0.0001442143102715047,-0.0018795813833046126
16,0,XSS,-0.000449370626101112,0.0018325480770252493,-0.000449370626101112,-0.00048443619872191315,-0.000449370626101112
16,1,Backdoor,-0.1397301048764792,0.030484733780632746,0.04872911685505352,0.03964286709856616,0.030697859252646644
16,1,DDoS_HTTP,-0.08067820163870162,0.020344090767942746,0.04198912286488329,0.024608982893344285,0.020161220958138312
16,1,DDoS_ICMP,3.7374475474218535e-05,3.686698223504536e-05,3.7374475474218535e-05,9.313496012119578e-05,-0.0004225113287930571
16,1,DDoS_TCP,0.0006772684076435628,0.00021768524712073207,-0.00013143867137995757,-3.839349442008033e-05,-0.0002244864321022148
16,1,DDoS_UDP,-1.61030595813183e-05,-1.61030595813183e-05,-1.61030595813183e-05,-1.61030595813183e-05,6.44122383252732e-05
16,1,Fingerprinting,-0.15225283747451235,-0.1202015554232303,-0.15225283747451235,-0.10627582598025949,0.0482244356628593
16,1,MITM,-0.004545454545454547,-0.004545454545454547,-0.004545454545454547,-0.004545454545454547,0.018181818181818188
16,1,Normal,0.0,0.0,0.0,0.0,0.0
16,1,Password,-0.24932177367088518,0.0699705365222194,0.06924714878680659,0.0418661041177131,0.06823798424414608
16,1,Port_Scanning,0.0,0.0,0.0,0.0,0.0
16,1,Ransomware,0.0717236486675784,0.0010350430033478843,-0.01950451479215407,-0.032287660141035,-0.012643624308884598
16,1,SQL_injection,-0.11963771143446592,0.014003813292394548,0.02438693892975091,0.07852593979512608,0.0027210194171942786
16,1,Uploading,-0.008767255934676475,0.007887893635911513,-1.3232723467753356e-05,-0.004756170445973116,0.005648765468205832
16,1,Vulnerability_scanner,0.0003316604617530713,0.0003316604617530713,0.00029410244956207997,0.00012558140140108142,-0.0010830047744693038
16,1,XSS,6.272772342201654e-05,-0.00021125772672179777,6.272772342201654e-05,2.3074556455748158e-05,6.272772342201654e-05
16,2,Backdoor,-0.14472629785514615,0.03290868758838351,0.049147190294743695,0.03929218856329217,0.03227940116096047
16,2,DDoS_HTTP,-0.07133750443257346,0.018478393251774118,0.038541545374711994,0.02330713023714823,0.017585168026024507
16,2,DDoS_ICMP,1.709996341879849e-05,7.31988098402266e-05,1.709996341879849e-05,3.5449199988849915e-05,-0.00036487235223940374
16,2,DDoS_TCP,-0.000859077703928938,0.00046067852937211234,-0.00012356470376953532,8.368457175549533e-05,-0.00037428327281124885
16,2,DDoS_UDP,-1.61030595813183e-05,-1.61030595813183e-05,-1.61030595813183e-05,-1.61030595813183e-05,6.44122383252732e-05
16,2,Fingerprinting,-0.12030135725787901,-0.084069473199908,-0.120301357257879,-0.08326432022084197,0.060110420979986194
16,2,MITM,-0.004545454545454547,-0.004545454545454547,-0.004545454545454547,-0.004545454545454547,0.018181818181818188
16,2,Normal,0.0,0.0,0.0,0.0,0.0
16,2,Password,-0.23869302652722613,0.0675252030377573,0.06634638134756064,0.04172283775898955,0.06309860438291863
16,2,Port_Scanning,0.0,0.0,0.0,0.0,0.0
16,2,Ransomware,0.09671707017921821,0.0010568950601922422,-0.02922085702596468,-0.03371129224994341,-0.024038096397194498
16,2,SQL_injection,-0.1286398051419054,0.01833042729394976,0.026419361960649156,0.08131572967270125,0.0025742862146051677
16,2,Uploading,-0.00601072706224479,0.005679696221732021,-0.0016444703525707394,-0.002699614683218303,0.0046751158763018085
16,2,Vulnerability_scanner,0.0006957059905081127,0.0006957059905081127,0.0006167139336864173,0.0003800133164406009,-0.0023881392311432435
16,2,XSS,-0.0020200713948945914,0.00651565972923823,-0.0020200713948945914,-0.00045544554455445515,-0.0020200713948945914
16,3,Backdoor,-0.12805956895335402,0.028507464431609994,0.044940776992944215,0.038945323454769934,0.02841763485189345
16,3,DDoS_HTTP,-0.0605086613078735,0.01384327821054847,0.035548889194312934,0.023500606931155344,0.012302276710651403
16,3,DDoS_ICMP,0.00030853828427255446,0.00040189570923889194,0.00040214968445904297,0.00019573877248089307,-0.0006249711827899906
16,3,DDoS_TCP,-0.0003069220983714686,0.0005268981606598777,-0.00030653861640986637,0.0001231270511256562,0.00046258772279581526
16,3,DDoS_UDP,6.429823937845747e-05,-6.972119053742695e-05,-6.972119053742695e-05,0.00022512155527751876,0.00017166921821700024
16,3,Fingerprinting,-0.08537296037296037,-0.06264568764568765,-0.08537296037296035,-0.05332167832167832,0.055944055944055944
16,3,MITM,-0.006153846153846154,-0.006153846153846154,-0.006153846153846154,-0.006153846153846154,0.024615384615384615
16,3,Normal,0.0,0.0,0.0,0.0,0.0
16,3,Password,-0.23174979990247685,0.062378390121702584,0.06318792434923774,0.04741834827531978,0.05876513715621666
16,3,Port_Scanning,0.0,0.0,0.0,0.0,0.0
16,3,Ransomware,0.04342865092822044,0.016156165837123263,-0.014697863576866466,-0.02863008008672601,-0.011236792780466092
16,3,SQL_injection,-0.12042603045906003,0.0047696555296744495,0.030216824647563287,0.0864032747569003,-0.0009637244750780624
16,3,Uploading,-0.002386389988382438,0.0007930040509630565,-0.0017645450579694955,-0.0028199211532632805,0.005973855321936132
16,3,Vulnerability_scanner,0.0005055179684982369,0.0005055179684982369,0.0004685936191052749,0.0005704674578283867,-0.0020500970139301355
16,3,XSS,-5.885861091165541e-05,-0.000273365969005075,4.797328909368504e-05,2.2614201718679403e-05,0.00010138923909635526
16,4,Backdoor,0.34313504907827314,-0.08516388547501415,-0.07500307055312083,-0.09368945007084552,-0.08736710600678012
16,4,DDoS_HTTP,0.23401569109424084,-0.0474931417497561,-0.041476207347993406,-0.06295713860907241,-0.05556879550085745
16,4,DDoS_ICMP,-6.076024964636699e-05,3.274091891933654e-05,-6.076024964636699e-05,-2.362884966075248e-05,-0.0005583420548481488
16,4,DDoS_TCP,-0.0014467202345331387,0.00019624440210518345,-0.0005645197409529438,-7.19017267342618e-05,0.0010724961770438653
16,4,DDoS_UDP,0.00018786902844871353,0.0,-0.0001341921631776525,-8.051529790659151e-05,2.6838432635530502e-05
16,4,Fingerprinting,-0.16129038509990892,-0.1119076690505262,-0.16129038509990892,-0.12282884663837043,0.03879876737019594
16,4,MITM,0.08527306027306022,-0.009003496503496489,0.03582251082251082,0.019888444888444903,-0.1319805194805195
16,4,Normal,0.32730572644377803,-0.07916937020800115,-0.08372436196508486,-0.08199772939793877,-0.08246392637005266
16,4,Password,0.09554286525134122,-0.025233069518902442,-0.024692005711302353,-0.02297780167030058,-0.025258236627519928
16,4,Port_Scanning,0.0,0.0,0.0,0.0,0.0
16,4,Ransomware,0.28839360296826066,-0.06956479201192027,-0.0680035037793509,-0.07638006838793991,-0.07222719872990196
16,4,SQL_injection,-0.011347122103562991,0.0038809019506264647,0.0010888143041721278,0.004300877111721161,0.0020765287370432353
16,4,Uploading,0.03136962392128655,-0.0035265556511951263,-0.010524189991041903,-0.004226719954790538,-0.013092158324259017
16,4,Vulnerability_scanner,0.0001291820158830707,0.000589430186882726,0.0005510761726327547,0.00020680375317397488,-0.0019367402995721817
16,4,XSS,0.004014861899441392,-0.015534718570449028,0.004614876899816414,0.001090072870624776,0.004914884400003921
16,Aggregated,Backdoor,0.13377013352941336,-0.03025858542083991,-0.013915244776817957,-0.04755579338927205,-0.03320871657250593
16,Aggregated,DDoS_HTTP,0.10153861060883694,-0.012021599673224626,0.0002629599801491171,-0.044558832309415125,-0.019312802041344102
16,Aggregated,DDoS_ICMP,2.4323190512794597e-05,0.00010276201131072897,4.303536841764692e-05,2.3887823872759118e-05,-0.0005489076347670578
16,Aggregated,DDoS_TCP,-0.00047215931368557544,0.000390756750104713,-0.00015815147211876342,4.593512086684311e-05,0.00016941212610639412
16,Aggregated,DDoS_UDP,4.399248931026278e-05,-2.0393474733415572e-05,-4.721877116330431e-05,2.2530040540269525e-05,6.547706235616735e-05
16,Aggregated,Fingerprinting,-0.14371927057118297,-0.10271397956589197,-0.14371927057118297,-0.10507192757601387,0.04409662873539958
16,Aggregated,MITM,0.018271718037778526,-0.0029928694976879,0.007504858359848034,0.0036146658026709375,-0.026398372702609592
16,Aggregated,Normal,0.29361470455622196,-0.07077466171171036,-0.07528847297146726,-0.0735608147516377,-0.07403623095241664
16,Aggregated,Password,0.04056403546159486,-0.011360423479141622,-0.010450527704533771,-0.007446851696170808,-0.011831976744146702
16,Aggregated,Port_Scanning,0.0,0.0,0.0,0.0,0.0
16,Aggregated,Ransomware,0.23825645959242225,-0.052954384298396,-0.04968192100185371,-0.07180019914643328,-0.05668025139016372
16,Aggregated,SQL_injection,-0.03963063622457582,0.010185328121667224,0.007340634469608061,0.017282145217499163,0.004822528415801374
16,Aggregated,Uploading,0.005126935848336257,0.004196760834401457,-0.002884954532360175,-0.002218509475202728,-0.0020983228732573086
16,Aggregated,Vulnerability_scanner,0.00045041646325759687,0.0005414488578934118,0.0004959586193968375,0.00028413645328878394,-0.001862992788472445
16,Aggregated,XSS,0.0007538162276837958,-0.0030997101580726503,0.0008586874981992362,0.0004187763929595009,0.0009111231334569565
16,Centralized,Backdoor,0.13377013352941336,-0.03025858542083991,-0.013915244776817957,-0.04755579338927205,-0.03320871657250593
16,Centralized,DDoS_HTTP,0.10153861060883694,-0.012021599673224626,0.0002629599801491171,-0.044558832309415125,-0.019312802041344102
16,Centralized,DDoS_ICMP,2.4323190512794597e-05,0.00010276201131072897,4.303536841764692e-05,2.3887823872759118e-05,-0.0005489076347670578
16,Centralized,DDoS_TCP,-0.00047215931368557544,0.000390756750104713,-0.00015815147211876342,4.593512086684311e-05,0.00016941212610639412
16,Centralized,DDoS_UDP,4.399248931026278e-05,-2.0393474733415572e-05,-4.721877116330431e-05,2.2530040540269525e-05,6.547706235616735e-05
16,Centralized,Fingerprinting,-0.14371927057118297,-0.10271397956589197,-0.14371927057118297,-0.10507192757601387,0.04409662873539958
16,Centralized,MITM,0.018271718037778526,-0.0029928694976879,0.007504858359848034,0.0036146658026709375,-0.026398372702609592
16,Centralized,Normal,0.29361470455622196,-0.07077466171171036,-0.07528847297146726,-0.0735608147516377,-0.07403623095241664
16,Centralized,Password,0.04056403546159486,-0.011360423479141622,-0.010450527704533771,-0.007446851696170808,-0.011831976744146702
16,Centralized,Port_Scanning,0.0,0.0,0.0,0.0,0.0
16,Centralized,Ransomware,0.23825645959242225,-0.052954384298396,-0.04968192100185371,-0.07180019914643328,-0.05668025139016372
16,Centralized,SQL_injection,-0.03963063622457582,0.010185328121667224,0.007340634469608061,0.017282145217499163,0.004822528415801374
16,Centralized,Uploading,0.005126935848336257,0.004196760834401457,-0.002884954532360175,-0.002218509475202728,-0.0020983228732573086
16,Centralized,Vulnerability_scanner,0.00045041646325759687,0.0005414488578934118,0.0004959586193968375,0.00028413645328878394,-0.001862992788472445
16,Centralized,XSS,0.0007538162276837958,-0.0030997101580726503,0.0008586874981992362,0.0004187763929595009,0.0009111231334569565
17,0,Backdoor,-0.1978878157073418,0.04642881094458019,0.0686339005927437,0.03931118985684446,0.0392495219890795
17,0,DDoS_HTTP,-0.09929310467566883,0.030026093661559963,0.031282050347512684,0.012641900377970312,0.010515687950399661
17,0,DDoS_ICMP,-8.593783166860325e-05,0.00026887897457433807,-8.593783166860325e-05,-8.593783166860325e-05,-1.1065479568528325e-05
17,0,DDoS_TCP,-0.00031154826104320965,0.00015161359442186773,-0.0003531549367900011,-5.891452169862199e-05,6.740234797367184e-05
17,0,DDoS_UDP,0.0,0.0,0.0,0.0,0.0
17,0,Fingerprinting,-0.04559139784946236,0.14903225806451612,-0.04559139784946236,-0.04559139784946236,-0.012258064516129031
17,0,MITM,0.0,0.0,0.0,0.0,0.0
17,0,Normal,0.0,0.0,0.0,0.0,0.0
17,0,Password,-0.23580471904824105,0.030485785174800918,0.08030679377531356,0.07107199090331548,0.05658817121478169
17,0,Port_Scanning,0.0,0.0,0.0,0.0,0.0
17,0,Ransomware,-0.05912386014831108,-0.05813715140394155,0.08338404206190263,0.009499005908532088,0.018738364450621027
17,0,SQL_injection,-0.17166442134468796,0.09471211666631431,-0.015658565471249514,0.03914387649439443,0.053466993655228605
17,0,Uploading,-0.01517250613135986,0.002928099779939189,0.002823333755628585,0.00123859997683997,0.00818247261895212
17,0,Vulnerability_scanner,-1.1463326827970688e-05,0.00015764442844420912,-1.1463326827970688e-05,-0.00012325444796029705,-1.1463326827970688e-05
17,0,XSS,0.0005074515250253726,0.0005074515250253726,0.0005074515250253726,-0.0020298061001014903,0.0005074515250253726
17,1,Backdoor,-0.16787009189957983,0.03926619847737214,0.05812245296012593,0.033104727671966684,0.030791208978872723
17,1,DDoS_HTTP,-0.10497780127126191,0.030504988645829793,0.03198482462138675,0.013473415924646119,0.007865330259766367
17,1,DDoS_ICMP,-3.711441239448258e-05,0.00011103832907767286,-3.711441239448258e-05,-3.711441239448258e-05,3.0490810577488147e-07
17,1,DDoS_TCP,-0.0003085802548048707,0.0001506641463486817,-0.00012150345830156395,0.00033762747107104476,-5.820790431329178e-05
17,1,DDoS_UDP,0.0,0.0,0.0,0.0,0.0
17,1,Fingerprinting,-0.034074074074074076,0.11777777777777779,-0.034074074074074076,-0.034074074074074076,-0.015555555555555555
17,1,MITM,0.0,0.0,0.0,0.0,0.0
17,1,Normal,0.0,0.0,0.0,0.0,0.0
17,1,Password,-0.22761179553100294,0.029008970519618572,0.07897458883564551,0.06547735222914132,0.0541508839465977
17,1,Port_Scanning,0.0,0.0,0.0,0.0,0.0
17,1,Ransomware,-0.0661924231485088,-0.047606319520144894,0.07868841948116584,0.005291009989771371,0.01612915244873214
17,1,SQL_injection,-0.1736446671245016,0.09940632443275482,-0.018321444910036875,0.030283690386455082,0.06227609721532853
17,1,Uploading,-0.0014541323426439468,0.0038652347264908674,0.002793517174925022,0.004140685027806782,0.007996843193966124
17,1,Vulnerability_scanner,8.255123764283612e-05,8.255123764283612e-05,8.255123764283612e-05,-0.00029264693838035316,4.499322545184481e-05
17,1,XSS,0.0018962291306850894,0.0018962291306850894,0.0018962291306850894,-0.0067303540587219345,0.0010416666666666667
17,2,Backdoor,-0.18445789352771413,0.04004850326138655,0.05973766623462587,0.04057212797273893,0.034104817760649005
17,2,DDoS_HTTP,-0.10317098391557193,0.027818499050190817,0.028643284116685604,0.011689678692351324,0.01024222916493862
17,2,DDoS_ICMP,-2.231915888800673e-05,8.927663555202692e-05,-2.231915888800673e-05,-2.231915888800673e-05,-2.231915888800673e-05
17,2,DDoS_TCP,-0.0007858563428178718,0.00013269481791504482,0.00010521544363523705,0.0008155887465685407,0.0005449199140811638
17,2,DDoS_UDP,0.0,0.0,0.0,0.0,0.0
17,2,Fingerprinting,-0.023076923076923075,0.0923076923076923,-0.023076923076923075,-0.023076923076923075,-0.023076923076923075
17,2,MITM,0.0,0.0,0.0,0.0,0.0
17,2,Normal,0.0,0.0,0.0,0.0,0.0
17,2,Password,-0.2227006994458926,0.03297483680339433,0.07396795718961531,0.062065706111254636,0.05369219934162844
17,2,Port_Scanning,0.0,0.0,0.0,0.0,0.0
17,2,Ransomware,-0.05402899340665642,-0.06258273384970699,0.08071760255190488,0.004703869663214168,0.020386535474936553
17,2,SQL_injection,-0.19276728956765554,0.10157008583720023,-0.017352668573031135,0.044380422726899425,0.06416944957658716
17,2,Uploading,-0.0036390817450908147,0.002582225015255612,0.001563672936333297,0.002444203848787222,0.007651989924870251
17,2,Vulnerability_scanner,8.691429225803349e-05,8.691429225803349e-05,-3.1642882237015166e-05,-0.00018958093637206909,4.739523409301727e-05
17,2,XSS,0.0013307834368217286,0.0013307834368217286,0.0013307834368217286,-0.0044945972044646565,0.0005022468939994713
17,3,Backdoor,-0.1786816843109834,0.03953833436667218,0.059378341589062175,0.030599778720676617,0.034619901443878054
17,3,DDoS_HTTP,-0.11010943834395517,0.029526946815371085,0.029315001081445823,0.00802689420867675,0.009169209140335751
17,3,DDoS_ICMP,3.769539047400739e-05,5.5155083154917464e-05,3.769539047400739e-05,3.769539047400739e-05,5.6426105870632795e-05
17,3,DDoS_TCP,-0.0005067104336016408,-4.849691226918769e-05,-0.0001777027370529131,0.0004060008373597805,0.00032690924556396105
17,3,DDoS_UDP,-4.825734376044388e-05,-4.825734376044388e-05,-0.00012861725675634706,-4.825734376044388e-05,-4.825734376044388e-05
17,3,Fingerprinting,-0.023152337858220216,0.08280542986425339,-0.023152337858220216,-0.023152337858220216,-0.013348416289592763
17,3,MITM,0.0,0.0,0.0,0.0,0.0
17,3,Normal,0.0,0.0,0.0,0.0,0.0
17,3,Password,-0.21390215313223032,0.025417807606150377,0.07391847031968223,0.06600619298796544,0.048559682218432175
17,3,Port_Scanning,0.0,0.0,0.0,0.0,0.0
17,3,Ransomware,-0.08989514327853478,-0.043113602793104576,0.09531449909387929,-0.0040966722652703074,0.03430535568703116
17,3,SQL_injection,-0.1846081820073244,0.09999321996162097,-0.015267452988175174,0.044609556213763175,0.055272858820115525
17,3,Uploading,-0.004801785246915426,-0.0033704935824781903,0.006708105207229783,-0.004789167917189438,0.009716187307507855
17,3,Vulnerability_scanner,-8.446103031516938e-05,0.00017127427844351357,-0.0001367021468637264,-0.00012138537970813138,0.00017127427844351357
17,3,XSS,4.80743550024032e-05,3.472036750173565e-05,2.136638000106809e-05,3.472036750173565e-05,2.136638000106809e-05
17,4,Backdoor,0.33120368908288295,-0.0845351130647955,-0.07931291818203894,-0.08264680708503645,-0.09872895214533156
17,4,DDoS_HTTP,0.2113268396120975,-0.047100399964907204,-0.05151447903599244,-0.07586900412969053,-0.06518884812126352
17,4,DDoS_ICMP,-8.234402743418727e-05,0.00029193993937859375,-8.234402743418727e-05,-8.234402743418727e-05,-4.4907857076031954e-05
17,4,DDoS_TCP,-0.00017297118621574422,-0.00018197130151606882,0.0005820092221828462,0.001089416752957915,0.0008180496488637057
17,4,DDoS_UDP,0.00028982397547065996,-3.223721615570607e-05,-0.00019311232700354176,-3.223721615570607e-05,-3.223721615570607e-05
17,4,Fingerprinting,-0.03955026455026456,0.13968253968253969,-0.03955026455026456,-0.03955026455026456,-0.021031746031746033
17,4,MITM,0.0,0.0,0.0,0.0,0.0
17,4,Normal,0.32146793515864086,-0.08075390181041125,-0.07986343032932101,-0.08024900943280563,-0.08060159358610279
17,4,Password,0.09728732418196873,-0.021551395219191572,-0.024817025821900915,-0.023460543765275156,-0.024840111098917074
17,4,Port_Scanning,0.0,0.0,0.0,0.0,0.0
17,4,Ransomware,0.2485845386652629,-0.08322011187643402,-0.06806716857153779,-0.02001398685341464,-0.08812284566423133
17,4,SQL_injection,-0.012856475573417752,0.0034478287960122414,0.002025261921207568,0.001935319781277713,0.005448065074920227
17,4,Uploading,0.03731319706958743,0.0012144292677770904,-0.018468590035992806,0.0028604996960698613,-0.01950403258193816
17,4,Vulnerability_scanner,0.000309881062848294,0.00023321666803918784,7.988787842097556e-05,-0.0002262469890326746,6.350955072387254e-05
17,4,XSS,0.0022285172513928273,0.002153515376345949,0.0020785135012990723,-0.007639037129774397,0.0020785135012990723
17,Aggregated,Backdoor,0.12233585121942749,-0.029395209345430447,-0.017184149125077715,-0.029339571683422147,-0.05640245496475408
17,Aggregated,DDoS_HTTP,0.08040930764343718,-0.0020000710297863582,-0.008993425571278796,-0.05752038392394043,-0.03674161757277894
17,Aggregated,DDoS_ICMP,-3.801606256560452e-05,0.0001632763863359421,-3.801606256560452e-05,-3.801606256560452e-05,-4.318971667482962e-06
17,Aggregated,DDoS_TCP,-0.0004178913373468059,4.1044538940304685e-05,6.907865452743245e-06,0.0005181613575735396,0.00033998968126689453
17,Aggregated,DDoS_UDP,4.828014353629451e-05,-1.6098909175876753e-05,-6.437076231864402e-05,-1.6098909175876753e-05,-1.6098909175876753e-05
17,Aggregated,Fingerprinting,-0.033691927643636946,0.11791377799027812,-0.033691927643636946,-0.033691927643636946,-0.01683799505936728
17,Aggregated,MITM,0.0,0.0,0.0,0.0,0.0
17,Aggregated,Normal,0.28788457236600173,-0.07235295655175875,-0.07146788551528163,-0.07185022052689502,-0.07220463964880391
17,Aggregated,Password,0.037190053961028,-0.004652604209280682,-0.011804542192720936,-0.007750065123535802,-0.011931650889787081
17,Aggregated,Port_Scanning,0.0,0.0,0.0,0.0,0.0
17,Aggregated,Ransomware,0.16490492090744016,-0.08132162071115114,-0.022095904653780706,0.006439407444556145,-0.07769896630761487
17,Aggregated,SQL_injection,-0.045189096977581965,0.016605946234585785,0.00014097254785379703,0.009934897301908061,0.018507280893234293
17,Aggregated,Uploading,0.012132505260461878,0.007031484313969216,-0.010892765883343859,0.007067273191151933,-0.008295693134607816
17,Aggregated,Vulnerability_scanner,7.644267840271058e-05,0.00014516593933942926,-3.138636120395925e-06,-0.00018882802485321778,6.139043786728878e-05
17,Aggregated,XSS,0.0011904100487367814,0.0011773011399223514,0.0011641922311079215,-0.004204989850151841,0.0008303933361579476
17,Centralized,Backdoor,0.12233585121942749,-0.029395209345430447,-0.017184149125077715,-0.029339571683422147,-0.05640245496475408
17,Centralized,DDoS_HTTP,0.08040930764343718,-0.0020000710297863582,-0.008993425571278796,-0.05752038392394043,-0.03674161757277894
17,Centralized,DDoS_ICMP,-3.801606256560452e-05,0.0001632763863359421,-3.801606256560452e-05,-3.801606256560452e-05,-4.318971667482962e-06
17,Centralized,DDoS_TCP,-0.0004178913373468059,4.1044538940304685e-05,6.907865452743245e-06,0.0005181613575735396,0.00033998968126689453
17,Centralized,DDoS_UDP,4.828014353629451e-05,-1.6098909175876753e-05,-6.437076231864402e-05,-1.6098909175876753e-05,-1.6098909175876753e-05
17,Centralized,Fingerprinting,-0.033691927643636946,0.11791377799027812,-0.033691927643636946,-0.033691927643636946,-0.01683799505936728
17,Centralized,MITM,0.0,0.0,0.0,0.0,0.0
17,Centralized,Normal,0.28788457236600173,-0.07235295655175875,-0.07146788551528163,-0.07185022052689502,-0.07220463964880391
17,Centralized,Password,0.037190053961028,-0.004652604209280682,-0.011804542192720936,-0.007750065123535802,-0.011931650889787081
17,Centralized,Port_Scanning,0.0,0.0,0.0,0.0,0.0
17,Centralized,Ransomware,0.16490492090744016,-0.08132162071115114,-0.022095904653780706,0.006439407444556145,-0.07769896630761487
17,Centralized,SQL_injection,-0.045189096977581965,0.016605946234585785,0.00014097254785379703,0.009934897301908061,0.018507280893234293
17,Centralized,Uploading,0.012132505260461878,0.007031484313969216,-0.010892765883343859,0.007067273191151933,-0.008295693134607816
17,Centralized,Vulnerability_scanner,7.644267840271058e-05,0.00014516593933942926,-3.138636120395925e-06,-0.00018882802485321778,6.139043786728878e-05
17,Centralized,XSS,0.0011904100487367814,0.0011773011399223514,0.0011641922311079215,-0.004204989850151841,0.0008303933361579476
18,0,Backdoor,-0.19539695032519142,0.04098929334008204,0.05617331918024077,0.04978391084668101,0.043550398797106205
18,0,DDoS_HTTP,-0.051782767976077594,0.021720665790994423,0.0176727534627769,0.011774865521633699,0.0250415304017315
18,0,DDoS_ICMP,0.0010597094251514727,-6.362886046802907e-05,-6.362886046802907e-05,1.1192936363907392e-05,0.00017969364504017983
18,0,DDoS_TCP,-0.00043466321161887976,0.00015442718761264352,0.00036473340321550586,-0.000223692608347692,0.00013919522913842243
18,0,DDoS_UDP,-1.0898017953390552e-05,1.6130747023009504e-05,-6.434995412863964e-05,1.6130747023009504e-05,4.298647803601119e-05
18,0,Fingerprinting,0.44638655462184806,-0.029803921568627455,-0.029803921568627455,0.00941176470588235,0.08000000000000002
18,0,MITM,-0.07901098901098899,0.0076190476190476164,0.05065934065934061,0.0076190476190476164,0.01311355311355312
18,0,Normal,0.0,0.0,0.0,0.0,0.0
18,0,Password,-0.2479330406181669,0.05522191768885047,0.040352709753848366,0.06989633637158342,0.08227375364133772
18,0,Port_Scanning,0.0,0.0,0.0,0.0,0.0
18,0,Ransomware,-0.09966095182812941,-0.016629874549812577,0.0679819604192672,0.07019471784415753,-0.005285346652714804
18,0,SQL_injection,-0.14363865970524772,0.08177876434045593,0.07628626501475146,0.011627506671085874,-0.026053876321045624
18,0,Uploading,-0.019877825815765696,0.00184887894183375,0.004970221229785244,0.0015780025386955092,0.004222634452013712
18,0,Vulnerability_scanner,0.0,0.0,0.0,0.0,0.0
18,0,XSS,-0.002732534495778559,0.0038221303522789148,-0.002732534495778559,0.0036382106157618406,-0.0019952719764836386
18,1,Backdoor,-0.16663231688252,0.03500446576034703,0.04611285386139228,0.04168927556019147,0.037824099640572977
18,1,DDoS_HTTP,-0.06448863257453226,0.023752636623915312,0.02169643832652803,0.013663792449543943,0.024691660546778477
18,1,DDoS_ICMP,0.00026567812838459623,-5.2356618572579895e-05,-5.2356618572579895e-05,4.1094543613910224e-05,0.00024697241114974287
18,1,DDoS_TCP,0.00010492689555547386,-0.00010334318949472565,0.00031352483591465805,-0.0007274988068522948,-8.824479198515366e-05
18,1,DDoS_UDP,-0.00040919108587973246,7.528616249151872e-05,0.0004515956183530345,4.839578451330354e-05,0.00015597471214824168
18,1,Fingerprinting,0.13303405572755403,-0.02818598784543057,-0.02818598784543057,0.026225776860451785,0.11933436532507735
18,1,MITM,-0.0490020273843803,0.013943115707821583,0.0885902822667528,0.00918121094591683,0.028196509372979957
18,1,Normal,0.0,0.0,0.0,0.0,0.0
18,1,Password,-0.23992030923632635,0.04603601942865025,0.04942713455308703,0.0663407118386485,0.08074661088053058
18,1,Port_Scanning,0.0,0.0,0.0,0.0,0.0
18,1,Ransomware,-0.1022980452788884,-0.01453502283772343,0.06280015491280452,0.06443082826133992,0.006142034255525837
18,1,SQL_injection,-0.13887303417976743,0.08507039039159753,0.08006120130897715,0.0034151173681998114,-0.029673674889007098
18,1,Uploading,-0.01409582672644355,0.001496149988323836,0.005904466007710803,-0.00542346425454018,0.005398196573138277
18,1,Vulnerability_scanner,0.0,0.0,0.0,0.0,0.0
18,1,XSS,-0.00239786699874659,0.006819072796951509,-0.00239786699874659,0.00046678387539421433,-0.002490122674852544
18,2,Backdoor,-0.16850600995248893,0.039722837190644116,0.05286524716726601,0.045952769588994344,0.0422284363038605
18,2,DDoS_HTTP,-0.03948640086332023,0.02348360849391309,0.01896487776625525,0.011500288144441076,0.026689202025634375
18,2,DDoS_ICMP,-7.121557022934562e-05,-7.121557022934562e-05,-7.121557022934562e-05,7.871462065686118e-05,0.00013493209003117567
18,2,DDoS_TCP,-0.0003176134008505323,-0.00015580912888645457,0.0005126379853798158,-0.00032274241108106355,0.0002835269554382347
18,2,DDoS_UDP,0.00013402951827847417,2.6866120077221705e-05,8.057758210322508e-05,2.6866120077221705e-05,5.372185109022339e-05
18,2,Fingerprinting,-0.03286647992530345,-0.03286647992530345,-0.03286647992530345,0.03622782446311858,0.06237161531279178
18,2,MITM,0.048235098235098216,0.005860805860805864,0.018681318681318677,0.005860805860805864,0.01227106227106227
18,2,Normal,0.0,0.0,0.0,0.0,0.0
18,2,Password,-0.23193650678046698,0.0484023407712369,0.04591450181581693,0.06298845444315829,0.07728218608544171
18,2,Port_Scanning,0.0,0.0,0.0,0.0,0.0
18,2,Ransomware,-0.06695316525832438,-0.02492294453425105,0.06203381545436262,0.06213382991915743,-0.004223048472399741
18,2,SQL_injection,-0.14388910854086412,0.08688044473571194,0.07867695106616941,0.00881684037102533,-0.03048512763204259
18,2,Uploading,-0.00855699583128733,0.00055475287104016,0.0035035846801843764,-0.0026978551018779283,0.0036756152643225106
18,2,Vulnerability_scanner,0.0,0.0,0.0,0.0,0.0
18,2,XSS,-0.005892680626891347,0.011995348147836935,-0.005892680626891347,0.002553442032156833,-0.002763428926211074
18,3,Backdoor,-0.15507134926666524,0.03284302387649206,0.050075827388180415,0.046315027486727625,0.03739836653722453
18,3,DDoS_HTTP,-0.02678876767386107,0.020591766082978757,0.019834622178021448,0.008582742847640667,0.028092905619944153
18,3,DDoS_ICMP,0.00018685875139285436,-3.740230637058195e-05,1.876453374131115e-05,5.61666731883681e-05,-5.329656226016332e-07
18,3,DDoS_TCP,-0.0005436913603174091,-0.0001275669821995303,0.00033070206442322353,-0.00046028068495439684,0.00030168474324809846
18,3,DDoS_UDP,0.0008206029015832894,6.973157958011974e-05,1.6175652643590775e-05,6.973157958011974e-05,-1.068007836941091e-05
18,3,Fingerprinting,0.13832129342965255,-0.0009115927072583417,-0.0009115927072583417,0.023942208462332314,0.050085999312005525
18,3,MITM,0.09454545454545442,-0.0010589410589410485,0.004435564435564454,0.026213786213786214,-0.0010589410589410485
18,3,Normal,0.0,0.0,0.0,0.0,0.0
18,3,Password,-0.2253371708971603,0.043014145120197154,0.04468550710887034,0.06446326954403168,0.07317424912406097
18,3,Port_Scanning,0.0,0.0,0.0,0.0,0.0
18,3,Ransomware,-0.10950502861956085,-0.009735462679888557,0.0694331101907421,0.06878653963021794,0.0016022667421888848
18,3,SQL_injection,-0.1446963914014317,0.08275339806292273,0.07938447403924347,0.01437297268506783,-0.031814453385802334
18,3,Uploading,-0.0009812609811057059,-0.0003685013931481705,0.0009587178028599696,0.00017530748728500126,0.0006363864615853814
18,3,Vulnerability_scanner,-3.5119158978197394e-05,0.00014047663591278958,-3.5119158978197394e-05,-3.5119158978197394e-05,-3.5119158978197394e-05
18,3,XSS,-0.0014767468315184213,0.0030935521368054253,-0.0014767468315184213,0.001480220168686029,-0.0016202786424546116
18,4,Backdoor,0.3537634551142254,-0.07573961166864375,-0.07192850957803708,-0.08395938004484835,-0.0760782036659889
18,4,DDoS_HTTP,0.26806344513486147,-0.04819238706421327,-0.048428608181008914,-0.06944723357606668,-0.04536275717256153
18,4,DDoS_ICMP,0.0006703579765800512,-5.986237322968916e-05,-5.986237322968916e-05,0.00014602373370060652,0.000202215931302413
18,4,DDoS_TCP,-0.001734760900789036,-0.0004048532765078624,0.0006450137386820709,-7.342967860838508e-05,0.0010612248192790996
18,4,DDoS_UDP,3.211270792429222e-05,3.2216498189119316e-05,-4.8246904585058645e-05,3.2216498189119316e-05,-4.8298799717472193e-05
18,4,Fingerprinting,0.30415204678362545,-0.03269005847953215,-0.03269005847953215,0.06891812865497084,0.09230994152046787
18,4,MITM,0.18746170496170497,-0.033643578643578656,0.06499528249528246,-0.24211427461427465,0.0233008658008658
18,4,Normal,0.3207022048509088,-0.08102778079055542,-0.07974762018818235,-0.07977064048581747,-0.07973048998235581
18,4,Password,0.10024198392342107,-0.022125613537668475,-0.021041632469192315,-0.021401200611080442,-0.02269215249310902
18,4,Port_Scanning,0.0,0.0,0.0,0.0,0.0
18,4,Ransomware,0.2744271866574428,-0.07441980513355816,-0.061870743079396856,-0.059747163155177495,-0.06073828684281562
18,4,SQL_injection,-0.011840155089808424,0.005423168241836673,0.0032062783325523723,0.002890039925602859,0.0003206685898165196
18,4,Uploading,0.023682015162601894,-0.007189681113102651,-0.004351623296821778,-0.01210647002819454,-0.003665484240119536
18,4,Vulnerability_scanner,0.00016951393903721912,0.0,-5.6504646345739706e-05,-5.6504646345739706e-05,-5.6504646345739706e-05
18,4,XSS,0.013592822145453343,-0.020464333579132517,0.013592822145453343,-0.011740299749413442,0.005018989037639276
18,Aggregated,Backdoor,0.11729922810860079,-0.026547642560340635,-0.01624737551919642,-0.037179658729660295,-0.024993653868799273
18,Aggregated,DDoS_HTTP,0.1263141206629342,-0.011140965000899535,-0.013003812197693244,-0.05367617187747746,-0.008370569346700107
18,Aggregated,DDoS_ICMP,0.00042229721986016824,-5.688732232691692e-05,-4.566001558400553e-05,6.66220089989326e-05,0.0001526798950097441
18,Aggregated,DDoS_TCP,-0.000584310588338327,-0.00012754436095036015,0.0004333238622585833,-0.0003620183605967016,0.00033921410216074716
18,Aggregated,DDoS_UDP,0.00011349932010876752,4.404327788741595e-05,8.708924955604195e-05,3.867143948222407e-05,3.871641255388895e-05
18,Aggregated,Fingerprinting,0.2126665105253573,-0.025763627534752913,-0.025763627534752913,0.03406709622463739,0.08138939300036213
18,Aggregated,MITM,0.0557966215643821,0.0024733849300331216,0.05675471362071886,-0.0813769226141599,0.021387331304646425
18,Aggregated,Normal,0.28696959898612023,-0.07260180957660896,-0.07132777361458233,-0.07133958872286016,-0.07133878466943507
18,Aggregated,Password,0.04016642976056611,-0.010128555068700994,-0.008199796034086165,-0.007274544102728039,-0.01093383107621544
18,Aggregated,Port_Scanning,0.0,0.0,0.0,0.0,0.0
18,Aggregated,Ransomware,0.15734586464606082,-0.06187549755213422,-0.022968461356237795,-0.018895776668130016,-0.0339242528359585
18,Aggregated,SQL_injection,-0.04064867966181095,0.01931312890809071,0.014731116230962913,0.007783691975248006,-0.0011792574524906877
18,Aggregated,Uploading,-0.00101648935888935,-0.001280675582251965,0.0017318813669115658,-0.005242360318322713,0.0016488655200840713
18,Aggregated,Vulnerability_scanner,2.7445198772002576e-05,2.7445198772002576e-05,-1.829679918133505e-05,-1.829679918133505e-05,-1.829679918133505e-05
18,Aggregated,XSS,0.002603292259824674,-0.004953982098807956,0.002603292259824674,-0.001554531361590132,0.0013019289407487395
18,Centralized,Backdoor,0.11729922810860079,-0.026547642560340635,-0.01624737551919642,-0.037179658729660295,-0.024993653868799273
18,Centralized,DDoS_HTTP,0.1263141206629342,-0.011140965000899535,-0.013003812197693244,-0.05367617187747746,-0.008370569346700107
18,Centralized,DDoS_ICMP,0.00042229721986016824,-5.688732232691692e-05,-4.566001558400553e-05,6.66220089989326e-05,0.0001526798950097441
18,Centralized,DDoS_TCP,-0.000584310588338327,-0.00012754436095036015,0.0004333238622585833,-0.0003620183605967016,0.00033921410216074716
18,Centralized,DDoS_UDP,0.00011349932010876752,4.404327788741595e-05,8.708924955604195e-05,3.867143948222407e-05,3.871641255388895e-05
18,Centralized,Fingerprinting,0.2126665105253573,-0.025763627534752913,-0.025763627534752913,0.03406709622463739,0.08138939300036213
18,Centralized,MITM,0.0557966215643821,0.0024733849300331216,0.05675471362071886,-0.0813769226141599,0.021387331304646425
18,Centralized,Normal,0.28696959898612023,-0.07260180957660896,-0.07132777361458233,-0.07133958872286016,-0.07133878466943507
18,Centralized,Password,0.04016642976056611,-0.010128555068700994,-0.008199796034086165,-0.007274544102728039,-0.01093383107621544
18,Centralized,Port_Scanning,0.0,0.0,0.0,0.0,0.0
18,Centralized,Ransomware,0.15734586464606082,-0.06187549755213422,-0.022968461356237795,-0.018895776668130016,-0.0339242528359585
18,Centralized,SQL_injection,-0.04064867966181095,0.01931312890809071,0.014731116230962913,0.007783691975248006,-0.0011792574524906877
18,Centralized,Uploading,-0.00101648935888935,-0.001280675582251965,0.0017318813669115658,-0.005242360318322713,0.0016488655200840713
18,Centralized,Vulnerability_scanner,2.7445198772002576e-05,2.7445198772002576e-05,-1.829679918133505e-05,-1.829679918133505e-05,-1.829679918133505e-05
18,Centralized,XSS,0.002603292259824674,-0.004953982098807956,0.002603292259824674,-0.001554531361590132,0.0013019289407487395
19,0,Backdoor,-0.17661335897374808,0.053958327146207644,0.043344562129378095,0.039173385773138926,0.04657522305796314
19,0,DDoS_HTTP,-0.03862422286692936,0.030344697189462276,0.004710002637922746,0.013712493845856155,0.0031709146774200054
19,0,DDoS_ICMP,0.001336719034508893,-0.00021710250779843714,-0.00023587548562666315,-0.00021710250779843714,-0.00021710250779843714
19,0,DDoS_TCP,0.00024835011087022315,-8.79959274452539e-05,0.00041682818874776986,0.00012203324119792932,-0.00019461383623437523
19,0,DDoS_UDP,0.0,0.0,0.0,0.0,0.0
19,0,Fingerprinting,0.5531794871794875,-0.09625274725274723,-0.10061172161172156,-0.09625274725274723,-0.09625274725274724
19,0,MITM,0.0,0.0,0.0,0.0,0.0
19,0,Normal,0.0,0.0,0.0,0.0,0.0
19,0,Password,-0.2489009981054117,0.0717552481246358,0.05304167290751886,0.05399107218942191,0.0802143556320135
19,0,Port_Scanning,0.0,0.0,0.0,0.0,0.0
19,0,Ransomware,-0.041948420046948744,0.04861178502956811,-0.012797504279244209,-0.023687118431268465,0.042893153152729915
19,0,SQL_injection,-0.1330892329639853,0.023547144594325276,0.05057413837522544,0.08805643529246142,-0.029088485298026868
19,0,Uploading,-0.013034075459411213,0.0007340073748018439,0.0029283694177917228,0.007753104533432186,0.01248474997870516
19,0,Vulnerability_scanner,0.0,0.0,0.0,0.0,0.0
19,0,XSS,-0.004065065400464173,0.006173896967696362,-0.004065065400464173,0.002968532039758731,-0.0010122982065267462
19,1,Backdoor,-0.14682255019126872,0.04353375670053647,0.03722184207633116,0.037778017285840945,0.03865098156925915
19,1,DDoS_HTTP,-0.050137516522733155,0.030536364967642123,0.008837793880085754,0.0189995697138105,0.006272007193020255
19,1,DDoS_ICMP,0.0004786466584616289,-3.019740193388465e-06,-2.1775767251558386e-05,-3.019740193388465e-06,-3.019740193388465e-06
19,1,DDoS_TCP,2.461614124425841e-05,-1.2829187094742789e-05,-5.2821063071846934e-05,0.0006429085178232874,0.000710461549104217
19,1,DDoS_UDP,-0.00012878300064391723,-4.83195477456122e-05,-4.83195477456122e-05,-4.83195477456122e-05,-4.83195477456122e-05
19,1,Fingerprinting,0.4523247863247863,-0.04241880341880345,-0.04729059829059829,-0.04241880341880343,-0.04241880341880342
19,1,MITM,-0.018181818181818188,-0.018181818181818188,-0.018181818181818188,-0.018181818181818188,-0.018181818181818188
19,1,Normal,0.0,0.0,0.0,0.0,0.0
19,1,Password,-0.23702566168963654,0.0662787592149203,0.060321851750649434,0.048889646382611125,0.08465747006915501
19,1,Port_Scanning,0.0,0.0,0.0,0.0,0.0
19,1,Ransomware,-0.06524486314122978,0.04217057471742362,0.002631850634071264,-0.02987888013258027,0.05032131792231511
19,1,SQL_injection,-0.12843440221506258,0.02578019983629707,0.052938196676924676,0.08342859131009481,-0.03371258560825401
19,1,Uploading,-0.010774330304486568,0.0005137451517244364,0.0018675176608513948,0.004924521033933687,0.010189024869787856
19,1,Vulnerability_scanner,6.75280327664396e-05,6.75280327664396e-05,6.75280327664396e-05,-0.0002701121310657584,6.75280327664396e-05
19,1,XSS,-0.007326911612648289,0.018328119281850738,-0.00732691161264829,0.0015009481997375345,-0.0051752442562917
19,2,Backdoor,-0.15532144997929662,0.0474101636398492,0.03707126245737632,0.03521644306101141,0.0390595638307684
19,2,DDoS_HTTP,-0.034710317588372584,0.02515229413227392,0.004763789691206447,0.010154486653621628,0.0031501070894945212
19,2,DDoS_ICMP,0.00014425081119365802,-2.2454690043216542e-05,1.5269132187528676e-05,3.401670296660497e-05,5.277273002477489e-05
19,2,DDoS_TCP,0.0014918576979530511,-0.00037347821194805286,0.00018115341555776285,0.0007323980141750175,0.0007868735384391479
19,2,DDoS_UDP,-6.44122383252732e-05,-6.44122383252732e-05,-6.44122383252732e-05,-6.44122383252732e-05,-6.44122383252732e-05
19,2,Fingerprinting,0.24895004309191945,-0.01141727837380011,-0.01592855656928883,-0.008785699426431696,-0.0022921929329252013
19,2,MITM,-0.018181818181818188,-0.018181818181818188,-0.018181818181818188,-0.018181818181818188,-0.018181818181818188
19,2,Normal,0.0,0.0,0.0,0.0,0.0
19,2,Password,-0.2321037631872135,0.06524755393269918,0.054496583931538556,0.04738205404641729,0.07966288596187314
19,2,Port_Scanning,0.0,0.0,0.0,0.0,0.0
19,2,Ransomware,-0.0362849426457752,0.024252593587721367,0.001433110826201664,-0.03478153115660696,0.04839074530865177
19,2,SQL_injection,-0.13813298863207918,0.029437626776577852,0.05271663584522889,0.09042948513581796,-0.034450759125545447
19,2,Uploading,-0.0010285373839646417,-0.0027294321926759793,0.001115905454257055,0.006258220805134726,0.010089241697519973
19,2,Vulnerability_scanner,2.3711434899009733e-05,2.3711434899009733e-05,2.3711434899009733e-05,-9.484573959603893e-05,2.3711434899009733e-05
19,2,XSS,-0.011655252307275115,0.016507800234036193,-0.011655252307275116,0.012401875718816196,-0.005599171338302158
19,3,Backdoor,-0.14732455251661544,0.045326723694899686,0.0360953633779151,0.03300236109164655,0.036702385720975374
19,3,DDoS_HTTP,-0.03592979862671644,0.02462416307112812,0.005358965723599515,0.01049298348632851,-0.004546313654339707
19,3,DDoS_ICMP,-0.0004485608513326337,0.00010199108606399979,-1.0511042274363724e-05,2.696720742314714e-05,-0.0001228784121210654
19,3,DDoS_TCP,0.0011721722505522133,-0.0005065954220637196,9.64088713557724e-05,0.0008443263952673308,0.001210640554616991
19,3,DDoS_UDP,-0.000268121811793535,-0.0003217813287135163,-0.00016095801281445498,-0.00021456578478080875,-1.34696915393695e-07
19,3,Fingerprinting,0.273497221314155,-0.05578849297155933,-0.05578849297155933,-0.05578849297155933,-0.05578849297155933
19,3,MITM,-0.024615384615384615,-0.024615384615384615,-0.024615384615384615,-0.024615384615384615,-0.024615384615384615
19,3,Normal,0.0,0.0,0.0,0.0,0.0
19,3,Password,-0.23013805498121728,0.06198370150783265,0.05940615536083135,0.04754315406928208,0.07126720410543137
19,3,Port_Scanning,0.0,0.0,0.0,0.0,0.0
19,3,Ransomware,-0.08062983051555898,0.04679338747719968,0.005953959398060488,-0.03185904534296431,0.057057685719709705
19,3,SQL_injection,-0.1428718038413704,0.02629031887914026,0.06122936511301028,0.09350926651648228,-0.03815714666726245
19,3,Uploading,-0.0008395029719276127,-0.003530093985022151,-0.0017361909852848204,0.001068071861839597,0.007838313541186633
19,3,Vulnerability_scanner,0.0,0.0,0.0,0.0,0.0
19,3,XSS,-0.008402545365673416,0.011785360052814253,-0.008242297515665404,0.011570833538642388,-0.006871598560125832
19,4,Backdoor,0.3535288265460884,-0.09086676304666076,-0.09090686635522012,-0.0885632780557368,-0.08164870391969453
19,4,DDoS_HTTP,0.26662361307740146,-0.06497901035389657,-0.07325076669005733,-0.05956491863024375,-0.06286710806759363
19,4,DDoS_ICMP,0.0008938533504355306,-0.00013457504018393924,-0.00017211253191892021,-0.00017211253191892021,-0.0001906913878078916
19,4,DDoS_TCP,0.00041208039189619496,-0.0004583486096997565,-8.765894092669369e-05,0.0003282185855962239,0.0008199886608292498
19,4,DDoS_UDP,0.0001771336553945013,-6.44122383252732e-05,-6.44122383252732e-05,-6.44122383252732e-05,1.61030595813183e-05
19,4,Fingerprinting,0.46777477927702765,-0.08158137597867735,-0.09143644844244546,-0.09143644844244546,-0.08158137597867735
19,4,MITM,0.0038461538461538438,0.0038461538461538438,0.0038461538461538438,0.0038461538461538438,-0.015384615384615375
19,4,Normal,0.32062769045300993,-0.0806450279777443,-0.07973213586775905,-0.07911883038603462,-0.08116255821087655
19,4,Password,0.10258336158087358,-0.0236644739121269,-0.02218218216937343,-0.023248562919226178,-0.0239265130739193
19,4,Port_Scanning,0.0,0.0,0.0,0.0,0.0
19,4,Ransomware,0.26995964307598064,-0.07207708262658598,-0.08189448157083128,-0.06095971130401339,-0.07056091195324828
19,4,SQL_injection,-0.010864946443434964,0.003925074998889782,0.00272472744599366,0.0050889989589758215,-0.0008738549604243017
19,4,Uploading,0.038856654811403685,-0.006311873901484461,-0.00038259005833201514,-0.014137368764486215,-0.01145758326905686
19,4,Vulnerability_scanner,2.3012408549982767e-05,2.3012408549982767e-05,2.3012408549982767e-05,-9.204963419993107e-05,2.3012408549982767e-05
19,4,XSS,0.015618810340238043,-0.022058854035697347,0.016518832840800562,-0.01581766316885839,0.0048388515229546205
19,Aggregated,Backdoor,0.12613958796039143,-0.03368087000706813,-0.03465895427706178,-0.032222271947723806,-0.0204186849083232
19,Aggregated,DDoS_HTTP,0.12820731608831165,-0.02162635124050024,-0.04595437576223471,-0.023258044975245164,-0.029097885446156175
19,Aggregated,DDoS_ICMP,0.00048119741152736947,-5.506430394828232e-05,-8.50289032207315e-05,-6.627825941727395e-05,-9.620593206336459e-05
19,Aggregated,DDoS_TCP,0.0006704520603407501,-0.0002877364300780098,0.00011085849852563076,0.0005342702267534268,0.0006669733790680902
19,Aggregated,DDoS_UDP,-5.68866932913914e-05,-9.981711829433748e-05,-6.76241362724983e-05,-7.835466952434423e-05,-1.933708220576702e-05
19,Aggregated,Fingerprinting,0.404728244903663,-0.059790414457412365,-0.06413105108411757,-0.06096257057716071,-0.05784346223775345
19,Aggregated,MITM,-0.010192489420271978,-0.010192489420271978,-0.010192489420271978,-0.010192489420271978,-0.01426517112453265
19,Aggregated,Normal,0.28705500830909797,-0.07219229664147146,-0.0712918929179752,-0.0706918311800659,-0.07271844553556102
19,Aggregated,Password,0.04239258679418472,-0.008192387857944444,-0.0049528479314454536,-0.006611589444848942,-0.009141975431984757
19,Aggregated,Port_Scanning,0.0,0.0,0.0,0.0,0.0
19,Aggregated,Ransomware,0.19058335249161262,-0.04201922126299281,-0.07185087027116302,-0.03954677607305874,-0.038482423258389464
19,Aggregated,SQL_injection,-0.038026174521374266,0.010723028608626372,0.011346343151650487,0.01922461403918459,-0.0032678112780872015
19,Aggregated,Uploading,0.008531056117669977,-0.0006659751120881364,0.0028181239421681352,-0.0035283231289112843,0.0009795688500652234
19,Aggregated,Vulnerability_scanner,2.2747713945897584e-05,2.2747713945897584e-05,2.2747713945897584e-05,-9.099085578359034e-05,2.2747713945897584e-05
19,Aggregated,XSS,0.0039261488271576436,-0.005555896176438536,0.0040834557329308,-0.004387119267578922,0.0017761039781558569
19,Centralized,Backdoor,0.12613958796039143,-0.03368087000706813,-0.03465895427706178,-0.032222271947723806,-0.0204186849083232
19,Centralized,DDoS_HTTP,0.12820731608831165,-0.02162635124050024,-0.04595437576223471,-0.023258044975245164,-0.029097885446156175
19,Centralized,DDoS_ICMP,0.00048119741152736947,-5.506430394828232e-05,-8.50289032207315e-05,-6.627825941727395e-05,-9.620593206336459e-05
19,Centralized,DDoS_TCP,0.0006704520603407501,-0.0002877364300780098,0.00011085849852563076,0.0005342702267534268,0.0006669733790680902
19,Centralized,DDoS_UDP,-5.68866932913914e-05,-9.981711829433748e-05,-6.76241362724983e-05,-7.835466952434423e-05,-1.933708220576702e-05
19,Centralized,Fingerprinting,0.404728244903663,-0.059790414457412365,-0.06413105108411757,-0.06096257057716071,-0.05784346223775345
19,Centralized,MITM,-0.010192489420271978,-0.010192489420271978,-0.010192489420271978,-0.010192489420271978,-0.01426517112453265
19,Centralized,Normal,0.28705500830909797,-0.07219229664147146,-0.0712918929179752,-0.0706918311800659,-0.07271844553556102
19,Centralized,Password,0.04239258679418472,-0.008192387857944444,-0.0049528479314454536,-0.006611589444848942,-0.009141975431984757
19,Centralized,Port_Scanning,0.0,0.0,0.0,0.0,0.0
19,Centralized,Ransomware,0.19058335249161262,-0.04201922126299281,-0.07185087027116302,-0.03954677607305874,-0.038482423258389464
19,Centralized,SQL_injection,-0.038026174521374266,0.010723028608626372,0.011346343151650487,0.01922461403918459,-0.0032678112780872015
19,Centralized,Uploading,0.008531056117669977,-0.0006659751120881364,0.0028181239421681352,-0.0035283231289112843,0.0009795688500652234
19,Centralized,Vulnerability_scanner,2.2747713945897584e-05,2.2747713945897584e-05,2.2747713945897584e-05,-9.099085578359034e-05,2.2747713945897584e-05
19,Centralized,XSS,0.0039261488271576436,-0.005555896176438536,0.0040834557329308,-0.004387119267578922,0.0017761039781558569
20,0,Backdoor,-0.20020517376763117,0.03664422349724174,0.05971099329807568,0.0556898400298886,0.04929022910072609
20,0,DDoS_HTTP,-0.08179345447930718,0.017623759266728475,0.022770290218801535,0.014722997196658958,0.00952747929448072
20,0,DDoS_ICMP,-0.00112889214495596,6.7407236129724e-05,-0.0002880553227854225,-0.00043992206843170847,-0.00023203986980039153
20,0,DDoS_TCP,0.0005555280554993917,0.00026084416806011296,0.00026084416806011296,-0.00037001944186887403,-0.00020192947106156822
20,0,DDoS_UDP,-0.0005001710578803164,0.00014519761182834045,6.452647789369493e-05,0.00014504177580028642,0.00014519761182834045
20,0,Fingerprinting,-0.1742116830537883,-0.03762020435704647,-0.17421168305378834,-0.07974474648158858,-0.1742116830537883
20,0,MITM,0.0,0.0,0.0,0.0,0.0
20,0,Normal,0.0,0.0,0.0,0.0,0.0
20,0,Password,-0.21726804998473168,0.0683321644906206,0.03767350149963417,0.07484374426830548,0.059566122369444294
20,0,Port_Scanning,0.0,0.0,0.0,0.0,0.0
20,0,Ransomware,-0.03179662437902162,-0.026480073124811678,0.07292696773350596,0.06292309324743162,0.03646765522922886
20,0,SQL_injection,-0.204230629963166,0.034852031494002796,0.07046877230501299,0.0346807945751393,0.06422903158901096
20,0,Uploading,-0.01100322254580352,0.005797873045539953,0.00894644108252927,0.001940612173140804,0.0014928789908314549
20,0,Vulnerability_scanner,-0.0011824975384245652,-0.0002851434962821383,0.0015144276831075129,0.0004630324643775422,-0.0005098191127783518
20,0,XSS,0.0,0.0,0.0,0.0,0.0
20,1,Backdoor,-0.1627644511305207,0.027014171936090306,0.048721728290126505,0.045256182528265194,0.04068656966112957
20,1,DDoS_HTTP,-0.09188429948082223,0.023131965740001276,0.02183603961843996,0.016207728770897864,0.011478489801894884
20,1,DDoS_ICMP,-0.001859448236379215,-1.0996222312115166e-05,-0.00017924355556953782,-8.716397722890826e-05,-0.000104665318365225
20,1,DDoS_TCP,7.197993625216818e-05,0.00031430262163964495,-0.00031978718932113015,0.0001990649739423885,-0.0005759683220674661
20,1,DDoS_UDP,-0.001695677128760975,8.087615710961616e-05,8.087615710961616e-05,5.3898867815460604e-05,0.00018866345329296986
20,1,Fingerprinting,-0.14782608695652175,-0.05603864734299517,-0.14782608695652175,-0.00048309178743961937,-0.14782608695652175
20,1,MITM,0.0,0.0,0.0,0.0,0.0
20,1,Normal,0.0,0.0,0.0,0.0,0.0
20,1,Password,-0.2136353988187535,0.06358897651722638,0.04337405772923666,0.06490621514313309,0.053762486425494534
20,1,Port_Scanning,0.0,0.0,0.0,0.0,0.0
20,1,Ransomware,-0.05888634643184836,-0.015904820218448832,0.07171124232786387,0.04901300559428274,0.029192621183045615
20,1,SQL_injection,-0.21413850284462527,0.038362824731477424,0.07369268116527121,0.03466765423753126,0.0674153427103454
20,1,Uploading,-0.011725478457126534,0.00374259527790572,0.008905535207166634,0.0019569716777097707,0.0006014905362390341
20,1,Vulnerability_scanner,-0.0011085232365760274,-0.00035506134698862213,0.001155118225489184,0.0007387714054081876,-0.0004303050473327223
20,1,XSS,0.0,0.0,0.0,0.0,0.0
20,2,Backdoor,-0.17914810855696411,0.033254154947814384,0.0523838278468312,0.04699696250776579,0.03968099626613588
20,2,DDoS_HTTP,-0.07493584204199305,0.015191461111365746,0.020666251388028502,0.015483156541709822,0.008663591190389142
20,2,DDoS_ICMP,-0.0009313291234806527,0.00011637660161279613,4.085609001491797e-06,5.891343270720458e-05,7.886522888261674e-05
20,2,DDoS_TCP,-0.000890060847470614,0.000340441438552234,-0.0001589836024454505,-0.000510535179116602,-0.0010990312068344518
20,2,DDoS_UDP,-0.0005809462232706341,0.00011828994554928807,0.00011828994554928807,0.00011828994554928807,0.00022586880609311576
20,2,Fingerprinting,-0.08171113895302885,-0.016067490189175478,-0.08171113895302885,0.050674591258788336,-0.08171113895302885
20,2,MITM,0.0,0.0,0.0,0.0,0.0
20,2,Normal,0.0,0.0,0.0,0.0,0.0
20,2,Password,-0.20520233880684777,0.06337740109892444,0.04075330519492639,0.06411762545693879,0.051422297386417425
20,2,Port_Scanning,0.0,0.0,0.0,0.0,0.0
20,2,Ransomware,-0.03348518644880034,-0.017614705318365495,0.06343825513465932,0.06531250793974597,0.04136826744874146
20,2,SQL_injection,-0.21757167868275887,0.037090847227127056,0.07428213778607548,0.03714035254288357,0.06905834112667274
20,2,Uploading,-0.00874410336580019,0.0021791899102324387,0.006148749989837806,-0.002387944854302504,-0.00387283056029627
20,2,Vulnerability_scanner,-0.0008245955155215053,-0.000269942309959977,0.0009600535339228037,0.00044389862652683966,-0.00030941433496816105
20,2,XSS,0.0,0.0,0.0,0.0,0.0
20,3,Backdoor,-0.17431794219067434,0.029942423841622476,0.05000913156002336,0.04571143690785047,0.04103619952648755
20,3,DDoS_HTTP,-0.07663129350181001,0.017382416589573957,0.02210291151231102,0.011408406977361034,0.009237323907569065
20,3,DDoS_ICMP,-0.0008107519716335258,6.830946378733605e-05,8.731080761744855e-05,-0.0001011045607281158,8.731080761744855e-05
20,3,DDoS_TCP,-0.0011240638605702273,8.246392486898069e-05,-0.0004091024426744583,1.5481132000096563e-05,-0.0008825791835529655
20,3,DDoS_UDP,0.0006164889768785117,0.0,-2.6803885983176883e-05,8.041165794953065e-05,-2.6803885983176883e-05
20,3,Fingerprinting,-0.06758007550846426,-0.0381683108025819,-0.06758007550846425,-0.019961027889416633,-0.06758007550846426
20,3,MITM,0.0,0.0,0.0,0.0,0.0
20,3,Normal,0.0,0.0,0.0,0.0,0.0
20,3,Password,-0.19718994241343496,0.057147861724864094,0.04346347569166636,0.07075167705468358,0.04852925990381234
20,3,Port_Scanning,0.0,0.0,0.0,0.0,0.0
20,3,Ransomware,-0.058990048568901984,-0.007377549257062644,0.0827564470138745,0.07255648826015912,0.044173288424180196
20,3,SQL_injection,-0.21375532431431996,0.023385768981267308,0.07668276369824215,0.046482104098904846,0.06720468753590574
20,3,Uploading,-0.0034322775596021373,-0.0010750796115088909,0.005815335876848264,-0.001910754577248111,-0.0026184709667572406
20,3,Vulnerability_scanner,-0.0013844839908707459,-8.941652381879162e-05,0.0012995395685168351,0.0003223094016218231,-0.0001479484554491206
20,3,XSS,3.2049570001602136e-05,3.2049570001602136e-05,3.2049570001602136e-05,3.2049570001602136e-05,3.2049570001602136e-05
20,4,Backdoor,0.33283501116027153,-0.09562154764218975,-0.0891653612611951,-0.09469174710922955,-0.09664354063183245
20,4,DDoS_HTTP,0.23208485395418454,-0.06196442160660062,-0.055078448886258756,-0.0697067562872295,-0.06537630416135544
20,4,DDoS_ICMP,-0.0008337254392148681,0.00011987330940258685,-0.0001980682865066863,-0.0003498684060840418,-8.591132182235172e-05
20,4,DDoS_TCP,-0.0016702659050817767,0.00033864162413081803,-0.0002465618704639146,-4.196491038374051e-05,-0.0005154574600303108
20,4,DDoS_UDP,-0.0006345295667975185,0.00014530844198339758,-4.282026294688361e-05,6.446417362158674e-05,0.00014530844198339758
20,4,Fingerprinting,-0.14764312727699455,-0.03839272855291162,-0.14764312727699455,-0.04041702005088732,-0.14764312727699455
20,4,MITM,0.005128205128205125,-0.0012820512820512812,0.005128205128205125,-0.0076923076923076875,-0.0012820512820512812
20,4,Normal,0.3205639819845802,-0.08141701772095783,-0.07928574878440431,-0.08076397295460105,-0.07926725642652842
20,4,Password,0.1068541702007265,-0.023900440654502697,-0.021402007856218493,-0.02326184940902131,-0.022429641039264103
20,4,Port_Scanning,0.0,0.0,0.0,0.0,0.0
20,4,Ransomware,0.31015558032969615,-0.07314206644971838,-0.052398867225486666,-0.05596140200947555,-0.06728960828137923
20,4,SQL_injection,-0.013634011852231042,0.004518587768366973,0.0030631886899662657,0.0028013550440929625,0.0032508803498048455
20,4,Uploading,0.02436194187615605,-0.004875431543518409,-0.002531967447281443,-0.010611844055912898,-0.009278694131850814
20,4,Vulnerability_scanner,-0.0011543093068511331,-0.0005996421167026718,0.0014782175800486111,0.0008421369398546097,-0.000566403096349416
20,4,XSS,0.00018000450011250446,0.00018000450011250446,0.00018000450011250446,0.00018000450011250446,0.00018000450011250446
20,Aggregated,Backdoor,0.12580660345174452,-0.03885653294604665,-0.025950634157120643,-0.03402259860096467,-0.03921457954136766
20,Aggregated,DDoS_HTTP,0.08835200524267621,-0.02346836116493766,-0.019190594584832653,-0.03361289286087981,-0.02971050089517787
20,Aggregated,DDoS_ICMP,-0.001113063999293342,7.216942113594989e-05,-0.00011481263841651712,-0.00018387637603510255,-5.1302290740334874e-05
20,Aggregated,DDoS_TCP,-0.0006115716419292021,0.0002671646513480434,-0.00017493426900523358,-0.0001421129956817054,-0.0006553748203178482
20,Aggregated,DDoS_UDP,-0.0005585537724479284,9.793472971238633e-05,3.880151690482022e-05,9.242230779540894e-05,0.00013561037321107214
20,Aggregated,Fingerprinting,-0.12749233625491127,-0.03711771224616093,-0.12749233625491127,-0.019001770217175425,-0.12749233625491127
20,Aggregated,MITM,0.0010860484544695126,-0.00027151211361737816,0.0010860484544695126,-0.0016290726817042688,-0.00027151211361737816
20,Aggregated,Normal,0.2870738932301568,-0.07298976036109996,-0.070876477524793,-0.07233583031594848,-0.07085147986708323
20,Aggregated,Password,0.04756211429094618,-0.011339881875071308,-0.005942236268951171,-0.006331618292534221,-0.006310862166734551
20,Aggregated,Port_Scanning,0.0,0.0,0.0,0.0,0.0
20,Aggregated,Ransomware,0.2417490052415631,-0.06521373246653436,-0.012630697414315975,-0.01758886256202755,-0.04807956422014199
20,Aggregated,SQL_injection,-0.0508518167720432,0.014612841255912359,0.013535823426445456,0.009671586770199785,0.013031565319485572
20,Aggregated,Uploading,0.0005381204729314552,0.0007927146085712097,0.004782020837726084,-0.0032203524899386874,-0.003295898006314547
20,Aggregated,Vulnerability_scanner,-0.001128159495742309,-0.00032182110730863596,0.0012826866699543916,0.0005613230046363938,-0.00039402907153984014
20,Aggregated,XSS,3.146138115463215e-05,3.146138115463215e-05,3.146138115463215e-05,3.146138115463215e-05,3.146138115463215e-05
20,Centralized,Backdoor,0.12580660345174452,-0.03885653294604665,-0.025950634157120643,-0.03402259860096467,-0.03921457954136766
20,Centralized,DDoS_HTTP,0.08835200524267621,-0.02346836116493766,-0.019190594584832653,-0.03361289286087981,-0.02971050089517787
20,Centralized,DDoS_ICMP,-0.001113063999293342,7.216942113594989e-05,-0.00011481263841651712,-0.00018387637603510255,-5.1302290740334874e-05
20,Centralized,DDoS_TCP,-0.0006115716419292021,0.0002671646513480434,-0.00017493426900523358,-0.0001421129956817054,-0.0006553748203178482
20,Centralized,DDoS_UDP,-0.0005585537724479284,9.793472971238633e-05,3.880151690482022e-05,9.242230779540894e-05,0.00013561037321107214
20,Centralized,Fingerprinting,-0.12749233625491127,-0.03711771224616093,-0.12749233625491127,-0.019001770217175425,-0.12749233625491127
20,Centralized,MITM,0.0010860484544695126,-0.00027151211361737816,0.0010860484544695126,-0.0016290726817042688,-0.00027151211361737816
20,Centralized,Normal,0.2870738932301568,-0.07298976036109996,-0.070876477524793,-0.07233583031594848,-0.07085147986708323
20,Centralized,Password,0.04756211429094618,-0.011339881875071308,-0.005942236268951171,-0.006331618292534221,-0.006310862166734551
20,Centralized,Port_Scanning,0.0,0.0,0.0,0.0,0.0
20,Centralized,Ransomware,0.2417490052415631,-0.06521373246653436,-0.012630697414315975,-0.01758886256202755,-0.04807956422014199
20,Centralized,SQL_injection,-0.0508518167720432,0.014612841255912359,0.013535823426445456,0.009671586770199785,0.013031565319485572
20,Centralized,Uploading,0.0005381204729314552,0.0007927146085712097,0.004782020837726084,-0.0032203524899386874,-0.003295898006314547
20,Centralized,Vulnerability_scanner,-0.001128159495742309,-0.00032182110730863596,0.0012826866699543916,0.0005613230046363938,-0.00039402907153984014
20,Centralized,XSS,3.146138115463215e-05,3.146138115463215e-05,3.146138115463215e-05,3.146138115463215e-05,3.146138115463215e-05
21,0,Backdoor,-0.18888882806843685,0.056387198941126794,0.03933469348212045,0.05271760792667907,0.06320951807646627
21,0,DDoS_HTTP,-0.03815464217455573,0.024287112189328632,0.012353264555189288,0.022635919935980374,0.02134481772610984
21,0,DDoS_ICMP,0.0008984464722935699,-8.077581017211047e-08,0.0002993749271901288,-7.5037462616373e-05,0.0004492629832996864
21,0,DDoS_TCP,0.00038858636564282717,-0.0001657470599967792,-0.0005369611317254386,-0.00011668111304634816,-7.446453956343653e-05
21,0,DDoS_UDP,4.151610593083887e-08,4.151610593083887e-08,4.151610593083887e-08,4.151610593083887e-08,4.151610593083887e-08
21,0,Fingerprinting,0.3502422723475352,-0.04393762183235871,0.0932108047897521,-0.06933444722918405,0.1460094681147312
21,0,MITM,0.0,0.0,0.0,0.0,0.0
21,0,Normal,0.0,0.0,0.0,0.0,0.0
21,0,Password,-0.18544418416267802,0.01591859029849756,0.0396192831870266,0.05484646918242206,0.04930429354739471
21,0,Port_Scanning,0.0,0.0,0.0,0.0,0.0
21,0,Ransomware,-0.15577940265105197,-0.014570820954304904,0.027413330479230984,-0.01869466270824495,0.03828938076805778
21,0,SQL_injection,-0.25998475750808203,0.08341463007748605,0.06614489739539212,0.055162605462522205,0.05526262457268149
21,0,Uploading,0.03546434968783682,0.0009096258115437937,0.0013761996579248286,-0.0013573746833549353,-0.0039021214244559983
21,0,Vulnerability_scanner,0.002615141230375767,0.011912504682137682,0.005016174060119677,-0.0008225026093091929,-0.007376494352177238
21,0,XSS,0.0,0.0,0.0,0.0,0.0
21,1,Backdoor,-0.1576737065042165,0.04635713073047031,0.027825706771076836,0.047617029611568266,0.055750928263946134
21,1,DDoS_HTTP,-0.04229542116986007,0.029055061443237478,0.011289792285612324,0.02595378990673054,0.024679135995337016
21,1,DDoS_ICMP,0.0006768146163899258,0.00024648821959482036,0.0003213100164267568,0.00022778277038683624,0.0003213100164267568
21,1,DDoS_TCP,-0.0005977105684806897,0.0002889010627591578,-0.0004860435227696987,0.00047179745035191845,-0.00017823734344942407
21,1,DDoS_UDP,0.0002582724986866625,0.0002582724986866625,0.0002582724986866625,0.0002582724986866625,0.0002582724986866625
21,1,Fingerprinting,0.20065359477124164,-0.01176470588235294,0.027450980392156862,-0.021568627450980392,0.027450980392156862
21,1,MITM,0.0,0.0,0.0,0.0,0.0
21,1,Normal,0.0,0.0,0.0,0.0,0.0
21,1,Password,-0.18986204303122198,0.019872614338200104,0.048992457848696117,0.05063750984094454,0.05065740573647234
21,1,Port_Scanning,0.0,0.0,0.0,0.0,0.0
21,1,Ransomware,-0.13917201154334377,-0.0027474729782820924,0.028501164271223223,0.0041245783998347715,0.04295488746823529
21,1,SQL_injection,-0.25830802018103505,0.08568676223449705,0.055208476105468,0.06064713031992959,0.06016701206535813
21,1,Uploading,0.024953275120460378,0.0009345595848932297,0.0007176744487028074,0.0010487764754629639,0.002047030251563964
21,1,Vulnerability_scanner,0.002458774585866959,0.009589188006202811,0.003520968332513813,-0.0006982846420149384,-0.006669986385717497
21,1,XSS,0.0,0.0,0.0,0.0,0.0
21,2,Backdoor,-0.17475165613964558,0.04911406362588678,0.028602321172904285,0.048934794503833944,0.060749643332341084
21,2,DDoS_HTTP,-0.038914198860509536,0.022253098463397944,0.00512430646688635,0.022415953330218084,0.021460661372973075
21,2,DDoS_ICMP,8.98467129894387e-05,8.98467129894387e-05,8.98467129894387e-05,8.98467129894387e-05,8.98467129894387e-05
21,2,DDoS_TCP,0.001195881902196594,-0.00019083127295846565,-0.0004514208128209407,0.0005192778154735234,-6.966262642326508e-05
21,2,DDoS_UDP,4.151610593083887e-08,4.151610593083887e-08,4.151610593083887e-08,4.151610593083887e-08,4.151610593083887e-08
21,2,Fingerprinting,0.0,0.0,0.0,0.0,0.0
21,2,MITM,0.0,0.0,0.0,0.0,0.0
21,2,Normal,0.0,0.0,0.0,0.0,0.0
21,2,Password,-0.1850579275810212,0.01999972360995962,0.047804423962091565,0.048345280313943584,0.052897605283276035
21,2,Port_Scanning,0.0,0.0,0.0,0.0,0.0
21,2,Ransomware,-0.12830798164550145,-0.017887182455209545,0.01620030150433834,-0.014551392669582709,0.028576959660898058
21,2,SQL_injection,-0.2725731311616354,0.08865463560819276,0.062382453999251526,0.06190603627445359,0.05963000527973768
21,2,Uploading,0.046996577788813644,-0.001944421961043514,-0.0028514025795966995,-0.004650610312866194,-0.0072471126322769305
21,2,Vulnerability_scanner,0.004578217069473354,0.010194071113898645,0.0031263228500640486,-0.001047000813721429,-0.008704210284761782
21,2,XSS,0.0,0.0,0.0,0.0,0.0
21,3,Backdoor,-0.16761610113442152,0.04813149640625506,0.033599055175608475,0.04645970274562326,0.056440195910835975
21,3,DDoS_HTTP,-0.029450503001292448,0.0238236061155797,0.013447004716649842,0.02182219580115645,0.02134920886448403
21,3,DDoS_ICMP,0.00042309498528766976,0.00016088184045356946,0.00016089027581289717,0.00010471500034167636,0.0002732492621146665
21,3,DDoS_TCP,-0.0001685596800706679,0.00016901573708364055,-0.00021214835546474372,0.0007528511373224596,-4.13494074579875e-05
21,3,DDoS_UDP,0.00012329795566952498,-0.00014474090416224383,-3.75253602295363e-05,-6.432924621271318e-05,-0.0001983486761285976
21,3,Fingerprinting,0.20653594771241812,-0.01568627450980392,0.02352941176470588,-0.01568627450980392,0.02352941176470588
21,3,MITM,0.0,0.0,0.0,0.0,0.0
21,3,Normal,0.0,0.0,0.0,0.0,0.0
21,3,Password,-0.18554199001060667,0.01768040042241471,0.04575388886766824,0.056698232951530675,0.04293121245706952
21,3,Port_Scanning,0.0,0.0,0.0,0.0,0.0
21,3,Ransomware,-0.1568226400771083,-0.008169409124652242,0.02986647981851731,-0.009260971006658307,0.03668548895483472
21,3,SQL_injection,-0.2776940626193441,0.08506575989330314,0.07003172800606554,0.06847740691288402,0.057469251559185454
21,3,Uploading,0.052432074250195554,-0.0011548480658383974,-0.0015539413511760037,-0.00801997415826995,-0.010397883865670676
21,3,Vulnerability_scanner,0.00257473613785576,0.013644707313277445,0.00712409295038331,-0.0012095353341524098,-0.009517873450894412
21,3,XSS,-0.00016024785000801067,0.0,0.0,0.0,0.0
21,4,Backdoor,0.3502318825611358,-0.08968161406583688,-0.0892511820891638,-0.08041876764754294,-0.06796235444539832
21,4,DDoS_HTTP,0.2591901373292637,-0.06021695399955369,-0.07652236476504005,-0.05769540168483464,-0.05690888643662828
21,4,DDoS_ICMP,0.0008501578455841708,-1.1278879181366348e-05,0.0001384910855772063,-6.742049874750578e-05,0.0002133887323869969
21,4,DDoS_TCP,-0.00010496587334381709,0.0008121335646972353,0.00010989901169455862,0.0008795473743617443,0.00043899444441920327
21,4,DDoS_UDP,0.0002791612155154481,-4.289997611091797e-05,6.445375443120405e-05,6.445375443120405e-05,-4.289997611091797e-05
21,4,Fingerprinting,0.35204678362573083,-0.029434697855750487,0.04951267056530215,-0.047953216374269005,0.07582846003898634
21,4,MITM,0.0038461538461538438,0.0038461538461538438,0.0038461538461538438,-0.015384615384615375,0.0038461538461538438
21,4,Normal,0.31959973779704787,-0.08126128986005618,-0.07997790767809024,-0.07933754138039631,-0.07922529634028845
21,4,Password,0.08968420246159124,-0.021186488837312698,-0.02623336833744926,-0.025343346121871325,-0.02842225507070514
21,4,Port_Scanning,0.0,0.0,0.0,0.0,0.0
21,4,Ransomware,0.2489905223338328,-0.094214941817858,-0.06026123888176529,-0.07578526900385289,-0.06912779671329107
21,4,SQL_injection,-0.011721796242326476,0.003973369604492205,0.002762414119759393,0.0032020567025047475,0.0017839558155701319
21,4,Uploading,0.07707234160290703,-0.008979241365238318,-0.00903651899993555,-0.007714921171564953,-0.01259093710491898
21,4,Vulnerability_scanner,0.002171143235840258,0.008478069106100048,0.00400110075374299,4.1092109787170077e-05,-0.005846002388842421
21,4,XSS,-0.0009000225005625223,0.0,0.0,0.0,0.0
21,Aggregated,Backdoor,0.12656890646068944,-0.03851288840320021,-0.04093357135347462,-0.024837575793700956,-0.0030167950908901054
21,Aggregated,DDoS_HTTP,0.13387641512214307,-0.017201465965308575,-0.04915022306305697,-0.016956436224732283,-0.016571849394306042
21,Aggregated,DDoS_ICMP,0.0005877357921196684,9.720666503378143e-05,0.00020203598815127788,5.601997743862608e-05,0.00026944197799729045
21,Aggregated,DDoS_TCP,0.00014341825309042525,0.00018229653106457966,-0.000315371493217161,0.000501454571510157,1.4933767786310762e-05
21,Aggregated,DDoS_UDP,0.00013211378318226386,1.407722627880803e-05,5.699935928619171e-05,5.16344382268441e-05,3.3473841601128206e-06
21,Aggregated,Fingerprinting,0.23293191057334026,-0.021250454284711513,0.04110583215694084,-0.0332227776215081,0.060005381649056916
21,Aggregated,MITM,0.0008145363408521344,0.0008145363408521344,0.0008145363408521344,-0.0032581453634085377,0.0008145363408521344
21,Aggregated,Normal,0.2860667173434201,-0.07292169693347185,-0.07163750090736824,-0.07100595594280137,-0.07089590039881417
21,Aggregated,Password,0.020768119613744106,-0.0033378867734006556,-0.011658672426474136,-0.008236425622868663,-0.016585615560231408
21,Aggregated,Port_Scanning,0.0,0.0,0.0,0.0,0.0
21,Aggregated,Ransomware,0.12260899451411245,-0.09444350199271288,-0.023809856709076777,-0.057380419058833405,-0.0368324351564508
21,Aggregated,SQL_injection,-0.050151283840943986,0.0160213175271764,0.01277067342163,0.01171054868707701,0.011003298895206171
21,Aggregated,Uploading,0.05056910390884366,-0.003086326217232359,-0.0030216883906568773,-0.004863647197728408,-0.0071144942825526305
21,Aggregated,Vulnerability_scanner,0.0028753545953558706,0.010781579836085584,0.004573559915096058,-0.0007469159010126144,-0.007621553362039792
21,Aggregated,XSS,-0.00015730690577316075,0.0,0.0,0.0,0.0
21,Centralized,Backdoor,0.12656890646068944,-0.03851288840320021,-0.04093357135347462,-0.024837575793700956,-0.0030167950908901054
21,Centralized,DDoS_HTTP,0.13387641512214307,-0.017201465965308575,-0.04915022306305697,-0.016956436224732283,-0.016571849394306042
21,Centralized,DDoS_ICMP,0.0005877357921196684,9.720666503378143e-05,0.00020203598815127788,5.601997743862608e-05,0.00026944197799729045
21,Centralized,DDoS_TCP,0.00014341825309042525,0.00018229653106457966,-0.000315371493217161,0.000501454571510157,1.4933767786310762e-05
21,Centralized,DDoS_UDP,0.00013211378318226386,1.407722627880803e-05,5.699935928619171e-05,5.16344382268441e-05,3.3473841601128206e-06
21,Centralized,Fingerprinting,0.23293191057334026,-0.021250454284711513,0.04110583215694084,-0.0332227776215081,0.060005381649056916
21,Centralized,MITM,0.0008145363408521344,0.0008145363408521344,0.0008145363408521344,-0.0032581453634085377,0.0008145363408521344
21,Centralized,Normal,0.2860667173434201,-0.07292169693347185,-0.07163750090736824,-0.07100595594280137,-0.07089590039881417
21,Centralized,Password,0.020768119613744106,-0.0033378867734006556,-0.011658672426474136,-0.008236425622868663,-0.016585615560231408
21,Centralized,Port_Scanning,0.0,0.0,0.0,0.0,0.0
21,Centralized,Ransomware,0.12260899451411245,-0.09444350199271288,-0.023809856709076777,-0.057380419058833405,-0.0368324351564508
21,Centralized,SQL_injection,-0.050151283840943986,0.0160213175271764,0.01277067342163,0.01171054868707701,0.011003298895206171
21,Centralized,Uploading,0.05056910390884366,-0.003086326217232359,-0.0030216883906568773,-0.004863647197728408,-0.0071144942825526305
21,Centralized,Vulnerability_scanner,0.0028753545953558706,0.010781579836085584,0.004573559915096058,-0.0007469159010126144,-0.007621553362039792
21,Centralized,XSS,-0.00015730690577316075,0.0,0.0,0.0,0.0
22,0,Backdoor,-0.173333361386374,0.03334885448568979,0.04644156766666988,0.04393947329462789,0.04050415549650594
22,0,DDoS_HTTP,-0.04969974189162476,0.009953207580990909,0.014497797652630503,0.012921568762149567,0.00806431778812831
22,0,DDoS_ICMP,0.0007006351228670659,-0.00023539579183706565,-0.00025403384726693605,-0.0003290410267382508,0.0001178355429751865
22,0,DDoS_TCP,0.0002580177126983663,-0.00020436792920482209,-0.00012048920484571216,1.907255868970892e-05,4.776686266245907e-05
22,0,DDoS_UDP,-1.61030595813183e-05,-1.61030595813183e-05,6.44122383252732e-05,-1.61030595813183e-05,-1.61030595813183e-05
22,0,Fingerprinting,0.27575474634298125,-0.1292561469032057,-0.11419234360410829,-0.1652349828820417,0.13292872704637407
22,0,MITM,0.0,0.0,0.0,0.0,0.0
22,0,Normal,0.0,0.0,0.0,0.0,0.0
22,0,Password,-0.24933324508994825,0.07884805196593693,0.06904109190565971,0.059903085522913894,0.06959986478600841
22,0,Port_Scanning,0.0,0.0,0.0,0.0,0.0
22,0,Ransomware,0.06928381139786,-0.06181071136935932,-0.011379435994896084,-0.001070080508301254,0.020683667281285248
22,0,SQL_injection,-0.0975973568287095,-0.037726298327269814,0.040314582929971476,0.056388363135153025,0.03862070909085487
22,0,Uploading,4.854863812037679e-05,-0.008405506669866896,-0.0021925358803953658,-0.008846796678265061,-0.005974678238633443
22,0,Vulnerability_scanner,-0.001563756315523307,-0.004926400470270039,0.007103860299762856,-0.003822809201573903,-0.0027302654901836957
22,0,XSS,-0.002431802603602458,0.006619922626037139,-0.002431802603602458,0.006828264226894317,-0.008584581645726539
22,1,Backdoor,-0.141882897068134,0.025789147451781957,0.043304174846326995,0.03993742361521391,0.03166816221517994
22,1,DDoS_HTTP,-0.05039819545305395,0.010406771307503714,0.017262772855812607,0.014871382466468342,0.0058053611036596895
22,1,DDoS_ICMP,6.39308322657813e-05,-0.0001418375311063332,-0.00010441821060607574,-0.00017925685160659067,0.00013701530554593815
22,1,DDoS_TCP,0.00026516278475806067,-4.253411300903694e-05,-0.00015615627539503814,0.0003190505664061612,0.0004261779383829841
22,1,DDoS_UDP,0.0,0.0,0.0,0.0,0.0
22,1,Fingerprinting,0.019369553376906323,-0.08738425925925923,-0.06886574074074073,-0.10590277777777776,0.1382080610021786
22,1,MITM,0.0,0.0,0.0,0.0,0.0
22,1,Normal,0.0,0.0,0.0,0.0,0.0
22,1,Password,-0.24374881945377422,0.07091866607517164,0.06877576199690545,0.0595417458522728,0.061467448049080366
22,1,Port_Scanning,0.0,0.0,0.0,0.0,0.0
22,1,Ransomware,0.037137723996121315,-0.04936089805808718,0.006954252808170832,-0.005662242603095357,0.01093116385689042
22,1,SQL_injection,-0.09384487235202049,-0.03325620898387842,0.02870104488280203,0.05870649351580304,0.0362921823930761
22,1,Uploading,0.004965539088716641,-0.006589567113672354,-0.003950991540945402,-0.010008916927371637,-0.0037524107163532027
22,1,Vulnerability_scanner,-0.00015523014624827154,-0.003221355331311249,0.00497903656620994,-0.0025333788678208293,-0.0022781952992955825
22,1,XSS,-0.009389669911908805,0.018589719496147964,-0.009389669911908805,0.01667401068388743,-0.01648439035621779
22,2,Backdoor,-0.15618093257536983,0.029556496356415853,0.04373542772606453,0.04272827400365597,0.03782022073871526
22,2,DDoS_HTTP,-0.04442750091831545,0.00968604788030045,0.013609195842271415,0.013432687143758353,0.007699570051985242
22,2,DDoS_ICMP,-0.0001160181155533846,-4.104458476380894e-05,-4.104458476380894e-05,-5.9800640471811366e-05,0.00025790792555281384
22,2,DDoS_TCP,0.002532414935483995,-0.00044799726267188235,-0.0007291401275624517,-0.0003636089750131799,0.0003232558216109571
22,2,DDoS_UDP,0.0,0.0,0.0,0.0,0.0
22,2,Fingerprinting,-0.06477918935269207,-0.031445856019358745,-0.031445856019358745,-0.03846339987900786,0.16613430127041742
22,2,MITM,0.0,0.0,0.0,0.0,0.0
22,2,Normal,0.0,0.0,0.0,0.0,0.0
22,2,Password,-0.23287403803111903,0.07107619360008709,0.06425536587597686,0.054697057282535815,0.06161493637392481
22,2,Port_Scanning,0.0,0.0,0.0,0.0,0.0
22,2,Ransomware,0.07626205751658821,-0.0641011122439691,-0.0036678373482591396,-0.019587017642504582,0.011093909718144602
22,2,SQL_injection,-0.10868500478113927,-0.031173329315896354,0.03618336939689893,0.05863874895593234,0.04503621574420435
22,2,Uploading,0.01201980405576213,-0.00812199120311543,-0.004766905332131013,-0.010335846250904845,-0.005510053594359262
22,2,Vulnerability_scanner,0.00019204456028017457,-0.0036769130331704074,0.0068963661713858536,-0.003154671099212823,-0.0021885129413665365
22,2,XSS,-0.007400165299927708,0.017105760944671942,-0.007400165299927708,0.01737281691960429,-0.019678247264420818
22,3,Backdoor,-0.14523737684068946,0.02619201997472079,0.04255835369721542,0.04066930519382649,0.03581769797492674
22,3,DDoS_HTTP,-0.03816056401415955,0.007899643610085076,0.01183107590427107,0.010786590762492717,0.008327158210119097
22,3,DDoS_ICMP,-4.4468712912743015e-05,-4.4561711321272625e-05,-8.191327298733841e-05,-4.4468712912743015e-05,-9.356174625407831e-06
22,3,DDoS_TCP,0.0017137243417938172,-0.00022645634391201263,-0.0004983283940416879,1.70766926498885e-05,0.00031063939804586805
22,3,DDoS_UDP,0.00023051341945532118,-6.432932635962452e-05,1.608233158990613e-05,-9.113321234280139e-05,-9.113321234280139e-05
22,3,Fingerprinting,0.031014126080539755,-0.06702508960573476,-0.06702508960573476,-0.08663293274298965,0.08509382247522664
22,3,MITM,0.0,0.0,0.0,0.0,0.0
22,3,Normal,0.0,0.0,0.0,0.0,0.0
22,3,Password,-0.23017716060027857,0.06648235147336624,0.06347000636562745,0.053440060220996684,0.06175809472441275
22,3,Port_Scanning,0.0,0.0,0.0,0.0,0.0
22,3,Ransomware,0.02868180707783639,-0.059224847985146045,-0.0007406224712413201,0.002633341954820903,0.02567943609990363
22,3,SQL_injection,-0.09659634910105322,-0.03979458014960997,0.04445121214553731,0.053578072165003536,0.035011561188028596
22,3,Uploading,0.014570853017481213,-0.00898120288597153,-0.006732906222897097,-0.015698173152899595,-0.007396596880531561
22,3,Vulnerability_scanner,-0.0014242171246869031,-0.0055178135891693425,0.008724566339661809,-0.004077753152788547,-0.0031617293516601917
22,3,XSS,-0.006822172526103785,0.012088153875506606,-0.0066619246760957745,0.012518689006596952,-0.011122745679904001
22,4,Backdoor,0.34472199628071926,-0.09790894598580624,-0.08401785274605707,-0.08538469890820209,-0.09123235515871554
22,4,DDoS_HTTP,0.248633770010205,-0.061700595050525484,-0.06419759424633803,-0.06532392589871368,-0.060595027205265696
22,4,DDoS_ICMP,0.00041601678313925766,-0.00020189522114340738,-0.0002580115687673597,-0.0002205498812076767,3.9569827560583436e-05
22,4,DDoS_TCP,0.0016755674750209282,-0.0005595276061262459,-0.0007128888809202852,-0.0005451920682551422,0.00014204108028074516
22,4,DDoS_UDP,0.00024154589371977453,-8.051529790659151e-05,0.0,-8.051529790659151e-05,-8.051529790659151e-05
22,4,Fingerprinting,0.16934067194129085,-0.1133104001834652,-0.11331040018346522,-0.12793028322440086,0.10099988533425065
22,4,MITM,0.0,0.0,0.0,0.0,0.0
22,4,Normal,0.3177801208524757,-0.07955847390555504,-0.07989968756747197,-0.07960349252112375,-0.07875471336786243
22,4,Password,0.1113795333573811,-0.023239567701234136,-0.022820687121161552,-0.0232735509724579,-0.023164492836988484
22,4,Port_Scanning,0.0,0.0,0.0,0.0,0.0
22,4,Ransomware,0.2627140251695423,-0.08412132344336967,-0.0774003088834768,-0.07675332289377743,-0.05746280575903184
22,4,SQL_injection,-0.011632439514937053,-0.0006144076646462511,0.0019400296438564725,0.0068133928611094205,0.003493424674617406
22,4,Uploading,0.03843969347037683,-0.01790930271371334,-0.014082991718557984,-0.0244588989038454,-0.014681713242933112
22,4,Vulnerability_scanner,-0.00015940609286346958,-0.003255388583604692,0.005912116829532473,-0.0025861484488590917,-0.0022576187078305722
22,4,XSS,0.018216185989031356,-0.013995820500413269,0.019116208489593858,-0.014066545862901243,-0.009270028115310676
22,Aggregated,Backdoor,0.1337019997390257,-0.04983436485988908,-0.025519397512678857,-0.026957250096599553,-0.03704315312770776
22,Aggregated,DDoS_HTTP,0.12280743001430099,-0.02894860374355347,-0.03074601991808933,-0.03478065950984714,-0.02992002773379535
22,Aggregated,DDoS_ICMP,0.00020403763135698287,-0.00013295933085456514,-0.00014789800951525895,-0.00016663070598250674,0.00010858918954586941
22,Aggregated,DDoS_TCP,0.0012899287613872138,-0.00029602176874597615,-0.0004435650392379383,-0.00011081502462686465,0.00024983612646126694
22,Aggregated,DDoS_UDP,9.120904876735447e-05,-3.2192429195448956e-05,1.609808093768761e-05,-3.755735025479656e-05,-3.755735025479656e-05
22,Aggregated,Fingerprinting,0.09580721674030727,-0.0888971269197534,-0.08164156399126746,-0.10960270331509896,0.1269865072349164
22,Aggregated,MITM,0.0,0.0,0.0,0.0,0.0
22,Aggregated,Normal,0.2844458659455336,-0.07116757708640004,-0.07150217469240841,-0.07121850516979286,-0.07036351267037053
22,Aggregated,Password,0.05146329518029878,-0.0076071879043386114,-0.006927837398059669,-0.00908474229854105,-0.008339244708880107
22,Aggregated,Port_Scanning,0.0,0.0,0.0,0.0,0.0
22,Aggregated,Ransomware,0.22571607813647582,-0.08602819003353779,-0.059687470467253534,-0.06137187028176187,-0.025357243505088906
22,Aggregated,SQL_injection,-0.03689410750079453,-0.007190285236483831,0.011143475430497145,0.019365394823183005,0.012220967793452598
22,Aggregated,Uploading,0.016427857330382104,-0.010494866455517683,-0.007152541018426929,-0.014563476060187642,-0.007857407010880307
22,Aggregated,Vulnerability_scanner,-0.0006318186903428632,-0.004133156051030845,0.006728399105866358,-0.0032424598550186514,-0.0025285553711389317
22,Aggregated,XSS,0.006032665983822863,-0.0028766682023402155,0.006189972889596027,-0.0026420946548832325,-0.00670387601619545
22,Centralized,Backdoor,0.1337019997390257,-0.04983436485988908,-0.025519397512678857,-0.026957250096599553,-0.03704315312770776
22,Centralized,DDoS_HTTP,0.12280743001430099,-0.02894860374355347,-0.03074601991808933,-0.03478065950984714,-0.02992002773379535
22,Centralized,DDoS_ICMP,0.00020403763135698287,-0.00013295933085456514,-0.00014789800951525895,-0.00016663070598250674,0.00010858918954586941
22,Centralized,DDoS_TCP,0.0012899287613872138,-0.00029602176874597615,-0.0004435650392379383,-0.00011081502462686465,0.00024983612646126694
22,Centralized,DDoS_UDP,9.120904876735447e-05,-3.2192429195448956e-05,1.609808093768761e-05,-3.755735025479656e-05,-3.755735025479656e-05
22,Centralized,Fingerprinting,0.09580721674030727,-0.0888971269197534,-0.08164156399126746,-0.10960270331509896,0.1269865072349164
22,Centralized,MITM,0.0,0.0,0.0,0.0,0.0
22,Centralized,Normal,0.2844458659455336,-0.07116757708640004,-0.07150217469240841,-0.07121850516979286,-0.07036351267037053
22,Centralized,Password,0.05146329518029878,-0.0076071879043386114,-0.006927837398059669,-0.00908474229854105,-0.008339244708880107
22,Centralized,Port_Scanning,0.0,0.0,0.0,0.0,0.0
22,Centralized,Ransomware,0.22571607813647582,-0.08602819003353779,-0.059687470467253534,-0.06137187028176187,-0.025357243505088906
22,Centralized,SQL_injection,-0.03689410750079453,-0.007190285236483831,0.011143475430497145,0.019365394823183005,0.012220967793452598
22,Centralized,Uploading,0.016427857330382104,-0.010494866455517683,-0.007152541018426929,-0.014563476060187642,-0.007857407010880307
22,Centralized,Vulnerability_scanner,-0.0006318186903428632,-0.004133156051030845,0.006728399105866358,-0.0032424598550186514,-0.0025285553711389317
22,Centralized,XSS,0.006032665983822863,-0.0028766682023402155,0.006189972889596027,-0.0026420946548832325,-0.00670387601619545
23,0,Backdoor,-0.19921610106329288,0.03199432350139623,0.06776434189273721,0.04822303139630522,0.044739172805403314
23,0,DDoS_HTTP,-0.04140387723783962,0.005985289123347436,0.02354627519093686,0.007818067547451244,0.008772980847977624
23,0,DDoS_ICMP,0.0009355722684403434,-9.702995558357e-05,-5.552171636993471e-05,-0.00027998629564439473,-0.000279893173177694
23,0,DDoS_TCP,-5.748831326550241e-05,0.00011093417963088937,-6.478610950667596e-05,6.882855640679142e-05,-5.748831326550241e-05
23,0,DDoS_UDP,-1.61030595813183e-05,-1.61030595813183e-05,6.44122383252732e-05,-1.61030595813183e-05,-1.61030595813183e-05
23,0,Fingerprinting,0.4175889724310779,0.10334920634920643,-0.02806683375104427,-0.16058563074352544,-0.1656190476190476
23,0,MITM,0.0,0.0,0.0,0.0,0.0
23,0,Normal,0.0,0.0,0.0,0.0,0.0
23,0,Password,-0.2347426625687854,0.06507176357950381,0.06314240349363308,0.06558928183981023,0.04849695112230534
23,0,Port_Scanning,0.0,0.0,0.0,0.0,0.0
23,0,Ransomware,-0.002164827057134594,0.000149469834919988,0.08033931515492981,0.07570903419469754,-0.10563767883143729
23,0,SQL_injection,-0.10957491804922892,0.014317512804507493,0.05425484117059879,-0.006476157659794891,0.04747872173391759
23,0,Uploading,-0.014397291609809675,0.0009559339120921134,0.007172820583717312,-0.0002462541922867693,0.00948827711861568
23,0,Vulnerability_scanner,-0.014287997533951076,-0.0016784188832246656,0.010695932184565668,-0.00206809218573333,0.0019331245849847911
23,0,XSS,0.0,0.0,0.0,0.0,0.0
23,1,Backdoor,-0.1754966588699646,0.028334256370406,0.0585113821693971,0.04158896123207978,0.04056850485153259
23,1,DDoS_HTTP,-0.04821226098537922,0.005490402305494083,0.02592761736171857,0.009439157712685569,0.008691498116715247
23,1,DDoS_ICMP,0.0003778942930208177,-7.168088314503107e-05,4.5819642951933084e-05,2.7681072871134824e-05,6.586267412851954e-05
23,1,DDoS_TCP,-0.0005278680705947798,-0.00020957986803848416,0.00021574753638143319,-0.00018380124688994933,-0.00010619925200135069
23,1,DDoS_UDP,0.0,0.0,0.0,0.0,0.0
23,1,Fingerprinting,0.40260539540506207,0.15083341683068024,-0.014438215142605359,-0.0591898608001854,-0.07893927659796246
23,1,MITM,0.0,0.0,0.0,0.0,0.0
23,1,Normal,0.0,0.0,0.0,0.0,0.0
23,1,Password,-0.2322629074845922,0.059534202039480004,0.061488175703491625,0.06211407728561346,0.05664663405279587
23,1,Port_Scanning,0.0,0.0,0.0,0.0,0.0
23,1,Ransomware,-0.022122871660454194,-0.007244617956879875,0.07654243095689894,0.06389243523032616,-0.08956813760489873
23,1,SQL_injection,-0.11190758925192819,0.019596639445180877,0.04223007081590759,-0.006930448519895831,0.0570113275107356
23,1,Uploading,-0.014381342446115863,0.0001428406790809018,0.004849006483759271,-0.0009236584578495498,0.0031117543702778596
23,1,Vulnerability_scanner,-0.012563064256916964,-0.0009313133118871811,0.008328648944727512,-0.0017210782080922526,0.0018952700137837286
23,1,XSS,0.0,0.0,0.0,0.0,0.0
23,2,Backdoor,-0.188214355692068,0.03274972029273351,0.0601628348038397,0.046688076307033706,0.04422629485618677
23,2,DDoS_HTTP,-0.04280533451553929,0.006058595463831465,0.019586663609804728,0.007273581426075809,0.008478997402851223
23,2,DDoS_ICMP,8.75509901334078e-05,0.00010688640177290801,-2.2199849405661146e-05,-7.832383940556779e-05,-9.696140573689875e-05
23,2,DDoS_TCP,-0.0005048446224394043,-0.0003314457851638771,2.662969723241648e-05,-0.00021212828714644582,1.681723644669416e-05
23,2,DDoS_UDP,0.0,0.0,0.0,0.0,0.0
23,2,Fingerprinting,0.26316774589085823,0.16099372277862,-0.02458671932356143,-0.0547056045911881,-0.07214187202745556
23,2,MITM,0.0,0.0,0.0,0.0,0.0
23,2,Normal,0.0,0.0,0.0,0.0,0.0
23,2,Password,-0.22161244988689646,0.05905915334104472,0.059162367556762234,0.05974907863598641,0.05070845403756217
23,2,Port_Scanning,0.0,0.0,0.0,0.0,0.0
23,2,Ransomware,-0.011946057298178587,-0.0018227401685557356,0.07101560276484474,0.06976712510501473,-0.09385806319973167
23,2,SQL_injection,-0.12393236266319343,0.01821430668434978,0.04626866780582954,-0.0034818342304157803,0.06293122240342981
23,2,Uploading,-0.010031772813728131,-0.0013646852441911782,0.001765816074788184,-0.0014129703750341764,0.0044309889024677545
23,2,Vulnerability_scanner,-0.012382364776913134,-0.002307153085925438,0.009406017872716325,-0.0020375080675342754,0.0011052944647874207
23,2,XSS,0.0,0.0,0.0,0.0,0.0
23,3,Backdoor,-0.17399386465613856,0.02678777454709136,0.05780051492274043,0.04209179579287902,0.038748563931660616
23,3,DDoS_HTTP,-0.03464503200948508,0.0022405857503469202,0.021034291677524738,-0.0031816428017714506,0.009146482033214904
23,3,DDoS_ICMP,-0.00041807146914035385,-0.0001916281515710198,3.814140249164636e-05,9.488439235244006e-05,2.0122466381318945e-05
23,3,DDoS_TCP,-0.0003056136417685299,-0.00025937468140520926,0.0005195969954053415,-0.0003010803432270781,-0.0001542039812688282
23,3,DDoS_UDP,-0.00010721554393270753,-0.00010721554393270753,0.0,-0.00010721554393270753,0.0
23,3,Fingerprinting,0.2256026369762179,0.1068257677039927,-0.010600248736471644,-0.062008988870701956,-0.06977391820425874
23,3,MITM,0.0,0.0,0.0,0.0,0.0
23,3,Normal,0.0,0.0,0.0,0.0,0.0
23,3,Password,-0.21815169595822298,0.057858523041005396,0.05844468662132927,0.059771226119020776,0.05207009009497757
23,3,Port_Scanning,0.0,0.0,0.0,0.0,0.0
23,3,Ransomware,-0.028573828522668605,0.012238917116888846,0.08202023173937707,0.07294409002415086,-0.0963595782789988
23,3,SQL_injection,-0.11056579994535017,0.004861971557923842,0.04997379111750093,0.000626265944778825,0.05510377132514651
23,3,Uploading,-0.007431743903184062,-0.005423271053010836,0.0034340469633272956,-0.00540192134098311,0.01140738591834729
23,3,Vulnerability_scanner,-0.017344588566748784,-0.0008156020974790975,0.010994095951966534,-0.0023883204517153958,0.0023952344261502223
23,3,XSS,-0.00012819828000640854,3.2049570001602136e-05,3.2049570001602136e-05,3.2049570001602136e-05,3.2049570001602136e-05
23,4,Backdoor,0.34726661339254244,-0.08391502927363043,-0.0712707757086371,-0.0860778730981587,-0.07696800121680775
23,4,DDoS_HTTP,0.27482700965869095,-0.054176638904295964,-0.0546958923708372,-0.06693488030148892,-0.06726859758603476
23,4,DDoS_ICMP,0.0008496387862592621,-1.4412131078319253e-05,8.255895485065335e-06,-2.8545430698971122e-05,-0.00014103967187604945
23,4,DDoS_TCP,-0.00031736037788611854,-0.0004208235041797033,0.0005207004798209921,-0.00032741832049087055,3.74269329845948e-05
23,4,DDoS_UDP,0.00023081052066556234,-9.125067096080372e-05,1.61030595813183e-05,-9.125067096080372e-05,-6.44122383252732e-05
23,4,Fingerprinting,0.4112099819552146,0.13807638651994106,-0.026365227746234596,-0.0974782369084428,-0.12584776212007334
23,4,MITM,0.0,0.0,0.0,0.0,0.0
23,4,Normal,0.31679732521578335,-0.07885670171943734,-0.0804562347825111,-0.0784923290198737,-0.07852628232173425
23,4,Password,0.12300702057627473,-0.030390003888580933,-0.03002303575966557,-0.029857402276483872,-0.030289882970748534
23,4,Port_Scanning,0.0,0.0,0.0,0.0,0.0
23,4,Ransomware,0.29049914236344054,-0.06081023079803293,-0.060364034947870446,-0.05336224204252805,-0.07094462737212794
23,4,SQL_injection,-0.013084544770799263,0.003219383417321674,0.004182613418232988,0.0011877141838561372,0.004494833751388465
23,4,Uploading,0.03148703824141424,0.0007130510685515965,-0.0095248770334572,0.000864774410073572,-0.027111389490313772
23,4,Vulnerability_scanner,-0.012762226173770678,-0.000297090816570215,0.006118638600606504,-0.0012535842815458776,0.0016953048582775724
23,4,XSS,-0.0007200180004500178,0.00018000450011250446,0.00018000450011250446,0.00018000450011250446,0.00018000450011250446
23,Aggregated,Backdoor,0.11086620264316571,-0.03825930602817638,-0.00991205543147603,-0.03845054590709765,-0.02278022285460628
23,Aggregated,DDoS_HTTP,0.13498668306878694,-0.024831129054645715,-0.014881152551568829,-0.04493341206203146,-0.04183330398961874
23,Aggregated,DDoS_ICMP,0.00036665327167954566,-5.3517953109897635e-05,2.9087669784969943e-06,-5.288616652223133e-05,-8.640832136457277e-05
23,Aggregated,DDoS_TCP,-0.00034252648496440236,-0.00022208116347834558,0.00024323672809350994,-0.00019106532247461136,-5.283499639383016e-05
23,Aggregated,DDoS_UDP,2.145650494476681e-05,-4.2922547767404454e-05,1.6098495617578035e-05,-4.2922547767404454e-05,-1.6097251337515716e-05
23,Aggregated,Fingerprinting,0.34598951577024867,0.13026855345096594,-0.022426657871598078,-0.08974867720298979,-0.10568480133008931
23,Aggregated,MITM,0.0,0.0,0.0,0.0,0.0
23,Aggregated,Normal,0.28339158627241295,-0.0705012003495433,-0.07208655081471506,-0.07013835182039772,-0.07016506057922972
23,Aggregated,Password,0.06187891141413084,-0.014715587428196931,-0.013757801364847168,-0.013141466289732973,-0.013371022654930018
23,Aggregated,Port_Scanning,0.0,0.0,0.0,0.0,0.0
23,Aggregated,Ransomware,0.22105602137130978,-0.05576678750718814,-0.017690196948948363,-0.030161081154667153,-0.07922730496226225
23,Aggregated,SQL_injection,-0.043100765442311416,0.008120720997911137,0.01719971662448547,0.001894322450898105,0.01588600536901674
23,Aggregated,Uploading,0.006300388959871683,0.0038539438325771508,-0.00028379874860956386,0.0036625291774541233,-0.017114523571552392
23,Aggregated,Vulnerability_scanner,-0.013894255178228171,-0.0011995899619087036,0.009118843049910293,-0.001896790347831312,0.0018173582162377207
23,Aggregated,XSS,-0.0001258455246185286,3.146138115463215e-05,3.146138115463215e-05,3.146138115463215e-05,3.146138115463215e-05
23,Centralized,Backdoor,0.11086620264316571,-0.03825930602817638,-0.00991205543147603,-0.03845054590709765,-0.02278022285460628
23,Centralized,DDoS_HTTP,0.13498668306878694,-0.024831129054645715,-0.014881152551568829,-0.04493341206203146,-0.04183330398961874
23,Centralized,DDoS_ICMP,0.00036665327167954566,-5.3517953109897635e-05,2.9087669784969943e-06,-5.288616652223133e-05,-8.640832136457277e-05
23,Centralized,DDoS_TCP,-0.00034252648496440236,-0.00022208116347834558,0.00024323672809350994,-0.00019106532247461136,-5.283499639383016e-05
23,Centralized,DDoS_UDP,2.145650494476681e-05,-4.2922547767404454e-05,1.6098495617578035e-05,-4.2922547767404454e-05,-1.6097251337515716e-05
23,Centralized,Fingerprinting,0.34598951577024867,0.13026855345096594,-0.022426657871598078,-0.08974867720298979,-0.10568480133008931
23,Centralized,MITM,0.0,0.0,0.0,0.0,0.0
23,Centralized,Normal,0.28339158627241295,-0.0705012003495433,-0.07208655081471506,-0.07013835182039772,-0.07016506057922972
23,Centralized,Password,0.06187891141413084,-0.014715587428196931,-0.013757801364847168,-0.013141466289732973,-0.013371022654930018
23,Centralized,Port_Scanning,0.0,0.0,0.0,0.0,0.0
23,Centralized,Ransomware,0.22105602137130978,-0.05576678750718814,-0.017690196948948363,-0.030161081154667153,-0.07922730496226225
23,Centralized,SQL_injection,-0.043100765442311416,0.008120720997911137,0.01719971662448547,0.001894322450898105,0.01588600536901674
23,Centralized,Uploading,0.006300388959871683,0.0038539438325771508,-0.00028379874860956386,0.0036625291774541233,-0.017114523571552392
23,Centralized,Vulnerability_scanner,-0.013894255178228171,-0.0011995899619087036,0.009118843049910293,-0.001896790347831312,0.0018173582162377207
23,Centralized,XSS,-0.0001258455246185286,3.146138115463215e-05,3.146138115463215e-05,3.146138115463215e-05,3.146138115463215e-05
24,0,Backdoor,-0.19753897918642768,0.04613403094510831,0.05302219998928449,0.058086063936145765,0.04394379492395043
24,0,DDoS_HTTP,-0.05249444579084695,0.020711044498934135,0.016304255314849986,0.024948251415089558,-0.021777825260447924
24,0,DDoS_ICMP,0.0003784186770516155,0.0003409046575979291,-0.00040792674857355234,-0.00046405128619211313,-0.00029535648796723176
24,0,DDoS_TCP,-7.718586929056359e-05,0.000217553493278122,-3.508024606646565e-05,0.00017544787005402407,-0.00028073524797511684
24,0,DDoS_UDP,0.0,0.0,0.0,0.0,0.0
24,0,Fingerprinting,0.15584609381342593,0.133195205010087,-0.17837202724680037,-0.20408150295627603,-0.1494449114775793
24,0,MITM,0.0,0.0,0.0,0.0,0.0
24,0,Normal,0.0,0.0,0.0,0.0,0.0
24,0,Password,-0.23523674056066568,0.0731484505982132,0.07693217057286984,0.0487495119869318,0.036164758467541816
24,0,Port_Scanning,0.0,0.0,0.0,0.0,0.0
24,0,Ransomware,-0.1253631651067199,0.013547052488025513,0.04696335312721041,-0.0027773353321642194,0.04864907584262918
24,0,SQL_injection,-0.09927087217331791,-0.021813270260248246,-0.04331715436198598,0.06864731604747787,0.09575398074807427
24,0,Uploading,0.012946393064003215,-0.011049378073265654,-0.015427249995861746,-0.007174020630479832,0.03467943319496981
24,0,Vulnerability_scanner,0.00458534238794403,-0.0017018976133988024,-0.009105844633850169,0.006909773732696088,0.012965332515323372
24,0,XSS,-0.003332195751031036,0.007768895775559862,-0.000518398205178975,-0.0005861060683188143,-0.003332195751031036
24,1,Backdoor,-0.16207445463944162,0.037585198638192416,0.040882556275481464,0.0476430304752798,0.03380794117302513
24,1,DDoS_HTTP,-0.06215510828669557,0.020609334513236335,0.01583834887343071,0.027759977450599684,-0.024391542849401926
24,1,DDoS_ICMP,9.075844615792731e-05,0.00018291286304944105,-0.0001898738244675698,-0.00020858769575984314,-9.622013330004934e-05
24,1,DDoS_TCP,-0.00032079290749994496,-0.00036256731763233965,0.0004844289053810069,0.0005262033155134016,0.0004844289053810069
24,1,DDoS_UDP,0.0,0.0,0.0,0.0,0.0
24,1,Fingerprinting,-0.002364824717765876,0.10779560308972062,-0.14288770053475935,-0.15160229748465037,-0.10723707664884131
24,1,MITM,0.0,0.0,0.0,0.0,0.0
24,1,Normal,0.0,0.0,0.0,0.0,0.0
24,1,Password,-0.2322963322314152,0.06887455915637924,0.07326300267074871,0.04594970909373749,0.0467020905466438
24,1,Port_Scanning,0.0,0.0,0.0,0.0,0.0
24,1,Ransomware,-0.12924469603405891,0.028034200627903273,0.03807343608256374,0.0009311370684796937,0.04070668329011983
24,1,SQL_injection,-0.09369881787103308,-0.01966202574892357,-0.04656987801592378,0.07020773947248585,0.09305076918502525
24,1,Uploading,0.012036073393656532,-0.0076072129474874465,-0.009129474381408941,-0.005996306805747618,0.031198919231637905
24,1,Vulnerability_scanner,0.005296956615595257,-0.001272705424438908,-0.007331492854501931,0.005675807141301056,0.009996050176865693
24,1,XSS,-0.009066209989429261,0.023034662704103447,-0.0024080531856983936,-0.0024941895395465346,-0.009066209989429261
24,2,Backdoor,-0.17765170840251673,0.041463852608134344,0.045615936602246526,0.05131957070561289,0.03901349927742203
24,2,DDoS_HTTP,-0.046715540470762734,0.018462910146261675,0.015298841915999688,0.0234507126579117,-0.020965363141085762
24,2,DDoS_ICMP,-7.04924281675549e-05,0.00019132167123330212,-8.93077066133822e-05,-7.04924281675549e-05,4.201859435700173e-05
24,2,DDoS_TCP,-0.0016162847030399441,-0.0005185731032298247,0.0002936495407404427,0.0002936495407404427,0.0005452229552227849
24,2,DDoS_UDP,0.0,0.0,0.0,0.0,0.0
24,2,Fingerprinting,-0.09672727272727272,0.06872727272727272,-0.09672727272727272,-0.09672727272727272,-0.05127272727272727
24,2,MITM,0.0,0.0,0.0,0.0,0.0
24,2,Normal,0.0,0.0,0.0,0.0,0.0
24,2,Password,-0.22334779851819156,0.06713641804185752,0.07341184292240792,0.04518703661542087,0.04010861247646238
24,2,Port_Scanning,0.0,0.0,0.0,0.0,0.0
24,2,Ransomware,-0.12340715153583143,0.01197289725688027,0.04491703102940493,-0.006317666977628104,0.04978707460969929
24,2,SQL_injection,-0.1040789356567606,-0.02299918770905364,-0.04139919265824665,0.0718487253273645,0.09662859069669635
24,2,Uploading,0.015765074372757832,-0.009294381357520013,-0.013961276371406092,-0.008598652122408113,0.023012203275426992
24,2,Vulnerability_scanner,0.006954964545019169,-0.0010499991717880038,-0.007624315468194113,0.006565579047012624,0.010134382294605945
24,2,XSS,-0.009570661908983015,0.020052213260346965,-0.001076622091221048,0.0001657326488401135,-0.009570661908983015
24,3,Backdoor,-0.16523806051169687,0.04022883384769807,0.041357652436647054,0.05134317124059824,0.03528030106813104
24,3,DDoS_HTTP,-0.029883054328611148,0.015820041209979773,0.0120844690326538,0.022516059869130835,-0.026716015805702494
24,3,DDoS_ICMP,0.00021920095134833246,0.0001231415224764776,6.931281141012713e-05,0.00014427808976183082,0.00012538656924870512
24,3,DDoS_TCP,-0.001221401605239225,-0.0004929383205279765,0.0001714844725138757,8.221233940943021e-05,0.0009606258122071609
24,3,DDoS_UDP,0.0002948427458149457,-2.6803885983176883e-05,8.041165794953065e-05,-2.6803885983176883e-05,0.0
24,3,Fingerprinting,0.06355728436223791,0.08469591525319072,-0.07794025032415126,-0.0856801884046466,-0.07010284635671632
24,3,MITM,0.0,0.0,0.0,0.0,0.0
24,3,Normal,0.0,0.0,0.0,0.0,0.0
24,3,Password,-0.21489502912538358,0.06489366691479959,0.06803544572122992,0.041128946994934884,0.04083696949441897
24,3,Port_Scanning,0.0,0.0,0.0,0.0,0.0
24,3,Ransomware,-0.15290315611562152,0.04035691537208543,0.0484628386080691,0.002386140854900869,0.04895840777738147
24,3,SQL_injection,-0.08810364828370584,-0.027321632757680722,-0.0475793571458057,0.072081678854189,0.09740594150480206
24,3,Uploading,0.025425733489462733,-0.010853667407236613,-0.01767426233107502,-0.010370727822866214,0.03152293256149418
24,3,Vulnerability_scanner,0.007949972470244683,-0.001474936041828645,-0.009752264196110794,0.009271275363824922,0.012620505049255108
24,3,XSS,-0.005449091522960758,0.01451303272220867,-0.0028015318260801603,-0.0006530700001989798,-0.005449091522960758
24,4,Backdoor,0.3381258163121014,-0.09072956214830594,-0.08289322024369247,-0.09416703326765098,-0.0923656808073053
24,4,DDoS_HTTP,0.25370333961554065,-0.07722434605445766,-0.07634098730081154,-0.08065547247929615,-0.020921351744953832
24,4,DDoS_ICMP,0.0002960060846101768,0.000351967826974701,-0.0003781570373096362,-0.00045313905873282473,-0.0002657052032148018
24,4,DDoS_TCP,-0.0007858293881159439,-0.0003038655703062147,9.519838241073275e-05,0.0004082730280601428,0.0005862235479512831
24,4,DDoS_UDP,0.0002576489533010928,-6.44122383252732e-05,-6.44122383252732e-05,-6.44122383252732e-05,-6.44122383252732e-05
24,4,Fingerprinting,0.12797069597069602,0.1559628986997409,-0.17147235610393505,-0.1975375190112031,-0.13030833493991387
24,4,MITM,0.0,0.0,0.0,0.0,0.0
24,4,Normal,0.31810925567728765,-0.07877789392787114,-0.08014374939865891,-0.0803749607339925,-0.07877799214002228
24,4,Password,0.11890757598420534,-0.03108656605602603,-0.02996401748088728,-0.0301975237377118,-0.030106164390376115
24,4,Port_Scanning,0.0,0.0,0.0,0.0,0.0
24,4,Ransomware,0.25984101696040107,-0.06933816605058858,-0.06911333546665473,-0.0860222414861142,-0.06969009399414933
24,4,SQL_injection,-0.00914082737721565,0.003414552416431476,-0.004485246952915436,0.005052805219971701,0.005158716693727908
24,4,Uploading,0.06549205263060733,-0.006302941018303106,-0.012346878612717117,-0.007200514606391103,-0.013845144040266674
24,4,Vulnerability_scanner,0.006397436081813316,-0.0005998854425845431,-0.006620856164661381,0.006435484713998087,0.00796687411597864
24,4,XSS,0.013318669263823505,-0.026701335157359042,0.0004515648337009841,0.00051245429657358,0.013318669263823505
24,Aggregated,Backdoor,0.12262613560063436,-0.033749567730993725,-0.0197614420476958,-0.038311855129556156,-0.03485850073922328
24,Aggregated,DDoS_HTTP,0.11439584249727908,-0.032770988939615595,-0.03396218535560738,-0.037202637912025195,-0.02032851446862582
24,Aggregated,DDoS_ICMP,0.00018276079071180562,0.0002380488515211221,-0.00019921559913711287,-0.00021042321146077145,-9.801699555000987e-05
24,Aggregated,DDoS_TCP,-0.0008055167984587368,-0.00029228972961851116,0.00020221300223460247,0.0002971032984410649,0.00045936279394401627
24,Aggregated,DDoS_UDP,0.00011052566742036918,-1.8240731601781857e-05,3.218952635608563e-06,-1.8240731601781857e-05,-1.2875810542434252e-05
24,Aggregated,Fingerprinting,0.05823439574338597,0.11319880052653326,-0.13621805252219124,-0.15151150787355927,-0.10345422569553707
24,Aggregated,MITM,0.0,0.0,0.0,0.0,0.0
24,Aggregated,Normal,0.28467618193093575,-0.07042771330962183,-0.07176707834269741,-0.07199387114727265,-0.07042630971287699
24,Aggregated,Password,0.058172298436553145,-0.015276166938817563,-0.01389624592460292,-0.014320790044970574,-0.014231539904885638
24,Aggregated,Port_Scanning,0.0,0.0,0.0,0.0,0.0
24,Aggregated,Ransomware,0.1657978566858206,-0.04391589978098135,-0.03461932909421892,-0.07318160366589273,-0.035971689281770206
24,Aggregated,SQL_injection,-0.029791753895469005,0.001902488171697816,-0.011118212850145808,0.018527541914103267,0.02245882848039421
24,Aggregated,Uploading,0.03333178497358678,-0.005163933798647972,-0.010805888870715727,-0.00440530729605797,0.00408846091054277
24,Aggregated,Vulnerability_scanner,0.006238463317851323,-0.001222823783274148,-0.008097885717898578,0.0069772825240373,0.010753909725101011
24,Aggregated,XSS,0.003390827282892002,-0.007425850507308713,0.00030730333110828384,0.0004941995161895866,0.0033908272828920014
24,Centralized,Backdoor,0.12262613560063436,-0.033749567730993725,-0.0197614420476958,-0.038311855129556156,-0.03485850073922328
24,Centralized,DDoS_HTTP,0.11439584249727908,-0.032770988939615595,-0.03396218535560738,-0.037202637912025195,-0.02032851446862582
24,Centralized,DDoS_ICMP,0.00018276079071180562,0.0002380488515211221,-0.00019921559913711287,-0.00021042321146077145,-9.801699555000987e-05
24,Centralized,DDoS_TCP,-0.0008055167984587368,-0.00029228972961851116,0.00020221300223460247,0.0002971032984410649,0.00045936279394401627
24,Centralized,DDoS_UDP,0.00011052566742036918,-1.8240731601781857e-05,3.218952635608563e-06,-1.8240731601781857e-05,-1.2875810542434252e-05
24,Centralized,Fingerprinting,0.05823439574338597,0.11319880052653326,-0.13621805252219124,-0.15151150787355927,-0.10345422569553707
24,Centralized,MITM,0.0,0.0,0.0,0.0,0.0
24,Centralized,Normal,0.28467618193093575,-0.07042771330962183,-0.07176707834269741,-0.07199387114727265,-0.07042630971287699
24,Centralized,Password,0.058172298436553145,-0.015276166938817563,-0.01389624592460292,-0.014320790044970574,-0.014231539904885638
24,Centralized,Port_Scanning,0.0,0.0,0.0,0.0,0.0
24,Centralized,Ransomware,0.1657978566858206,-0.04391589978098135,-0.03461932909421892,-0.07318160366589273,-0.035971689281770206
24,Centralized,SQL_injection,-0.029791753895469005,0.001902488171697816,-0.011118212850145808,0.018527541914103267,0.02245882848039421
24,Centralized,Uploading,0.03333178497358678,-0.005163933798647972,-0.010805888870715727,-0.00440530729605797,0.00408846091054277
24,Centralized,Vulnerability_scanner,0.006238463317851323,-0.001222823783274148,-0.008097885717898578,0.0069772825240373,0.010753909725101011
24,Centralized,XSS,0.003390827282892002,-0.007425850507308713,0.00030730333110828384,0.0004941995161895866,0.0033908272828920014
25,0,Backdoor,-0.2074386573139435,0.03667060293160403,0.05903094448308315,0.05848206385954969,0.053506570909228085
25,0,DDoS_HTTP,-0.047600237233665264,0.016951224317426617,0.02015862438466968,0.01015741023620356,0.012185812753638604
25,0,DDoS_ICMP,0.0006108978916323227,0.00014295130863128946,-0.0001939820632116951,-0.00023131684539347738,0.00012068162736602235
25,0,DDoS_TCP,0.00045532422127367116,-9.110624168949255e-05,-0.00030124625102903775,-9.110624168949255e-05,2.8134513134351706e-05
25,0,DDoS_UDP,0.0,0.0,0.0,0.0,0.0
25,0,Fingerprinting,0.23104986752465653,0.03324538488331593,-0.11104846130136116,-0.13556049897129357,0.1656470411980157
25,0,MITM,0.0,0.0,0.0,0.0,0.0
25,0,Normal,0.0,0.0,0.0,0.0,0.0
25,0,Password,-0.23140708176385763,0.0415614198717343,0.0685111048938258,0.06394203191948443,0.06214290465819386
25,0,Port_Scanning,0.0,0.0,0.0,0.0,0.0
25,0,Ransomware,-0.10208077517653137,-0.07844634238001826,0.03310646598830163,0.05329074294156523,0.06471561431172625
25,0,SQL_injection,0.052374713397741676,0.08459546870846224,-0.006086276667122632,-0.003724795211851269,0.03365960322306229
25,0,Uploading,-0.01830029048584129,-0.0024242452641545092,0.012536414285142317,-0.006142391688976208,7.395234326082479e-05
25,0,Vulnerability_scanner,0.025647214716424054,0.003711837376945676,-0.0006787746040313532,-0.00419922556208423,0.002428972348465593
25,0,XSS,-0.00345951010803116,-0.00033236234170813623,-0.00345951010803116,0.00791084770321691,-0.0006594651454464538
25,1,Backdoor,-0.16721732966722874,0.034567080908410014,0.05198134874535528,0.04833236914355369,0.039512191030644524
25,1,DDoS_HTTP,-0.05061350376571094,0.02175050912320146,0.026010462624049855,0.01220562292564839,0.013701392600017412
25,1,DDoS_ICMP,-0.00023351259933422907,-6.344144994740822e-05,-0.0001189737380286678,-8.14024970261488e-05,4.586576263337176e-05
25,1,DDoS_TCP,0.0016326344992887635,-7.418733611003017e-05,-0.0010264023852050422,-0.00020358640338451471,0.00048217800078197793
25,1,DDoS_UDP,0.0,0.0,0.0,0.0,0.0
25,1,Fingerprinting,0.0359798783947391,-0.03075886388579887,-0.09192008541853741,-0.0873825979089137,0.1518594465962887
25,1,MITM,0.0,0.0,0.0,0.0,0.0
25,1,Normal,0.0,0.0,0.0,0.0,0.0
25,1,Password,-0.22668341779174142,0.04457455932949246,0.07095782556493958,0.056367766179237895,0.05900582012095263
25,1,Port_Scanning,0.0,0.0,0.0,0.0,0.0
25,1,Ransomware,-0.10264129430482448,-0.05861954122059764,0.04488135577769452,0.04735457681031539,0.06902490293741227
25,1,SQL_injection,0.031129362237798035,0.0889951083095623,-0.018965406084317463,-0.005422178209618034,0.03466489581855525
25,1,Uploading,-0.016447032492791558,-0.005358588545574896,0.003077704044066802,-0.004260656727531083,0.002486575231180296
25,1,Vulnerability_scanner,0.01883866110859602,0.0032330496709184363,-0.0007911134160261328,-0.004344975460665675,0.0025256922162372724
25,1,XSS,-0.006551608407811521,-0.005099292191733955,-0.006551608407811521,0.020400580844497352,-0.0021980718371403555
25,2,Backdoor,-0.1841873983784849,0.03703921586317623,0.05480097936269345,0.05126433467425795,0.045274286857418806
25,2,DDoS_HTTP,-0.0427013687214818,0.015551039985988698,0.018596140229998153,0.007642129541436061,0.012120865559166274
25,2,DDoS_ICMP,-0.00028148173299549957,1.8995653537373646e-05,-9.324436643371089e-05,3.8014314656422316e-05,9.193278988548677e-05
25,2,DDoS_TCP,0.0029118289781644067,-0.00033934623039016026,-0.00021435160881621193,-0.0004069539623083133,5.613035398699395e-05
25,2,DDoS_UDP,0.0,0.0,0.0,0.0,0.0
25,2,Fingerprinting,-0.06174074074074074,-0.0032222222222222244,-0.07100000000000001,-0.019148148148148147,0.1551111111111111
25,2,MITM,0.0,0.0,0.0,0.0,0.0
25,2,Normal,0.0,0.0,0.0,0.0,0.0
25,2,Password,-0.21749130815181303,0.04057944995055811,0.06900736704873174,0.05683446071390285,0.05826546675268061
25,2,Port_Scanning,0.0,0.0,0.0,0.0,0.0
25,2,Ransomware,-0.08172979761853631,-0.06710122961956962,0.02675460788793029,0.05264528215700967,0.06241359333351691
25,2,SQL_injection,0.006611122201414726,0.09523613134205225,-0.013978591022861824,-0.003464459485392642,0.03589654884448682
25,2,Uploading,-0.002702646518483323,-0.006488415351162412,0.008461609389914953,-0.006696856498882495,0.00366691048237268
25,2,Vulnerability_scanner,0.019415502617885893,0.003712333565523081,-0.0007090070047455062,-0.005010994722741269,0.002162097997445818
25,2,XSS,-0.007260999170816641,-0.0026867556803169905,-0.00726099917081664,0.017655042634213986,-0.0004462886122637164
25,3,Backdoor,-0.17645576102484126,0.036238008363665246,0.05251887765527407,0.049600413927618874,0.03864792370383519
25,3,DDoS_HTTP,-0.037601603417223704,0.01616827582655129,0.019178177514297748,0.005950968252658915,0.0072040927236266
25,3,DDoS_ICMP,-0.0007526801522350616,-1.8570124634805416e-05,5.725066520508674e-05,1.9780793350356503e-05,-0.00020952637552320018
25,3,DDoS_TCP,0.0022653259084518115,-8.254096267578855e-05,-0.0007704227401903426,-0.00031290632565088387,0.00021546851191264204
25,3,DDoS_UDP,0.0002573173054384981,-6.432932635962452e-05,-6.432932635962452e-05,-6.432932635962452e-05,-6.432932635962452e-05
25,3,Fingerprinting,0.03793707381942678,-0.03026455026455026,-0.05967631497043261,-0.07819483348895112,0.08979458450046683
25,3,MITM,0.0,0.0,0.0,0.0,0.0
25,3,Normal,0.0,0.0,0.0,0.0,0.0
25,3,Password,-0.215931538860616,0.03843242315516093,0.0653734285397319,0.05834662571570258,0.06093818205022236
25,3,Port_Scanning,0.0,0.0,0.0,0.0,0.0
25,3,Ransomware,-0.11687117283619833,-0.061546042305947075,0.03894308606304072,0.05716158455351917,0.06181227034496369
25,3,SQL_injection,0.011863696725640159,0.08931722534588761,-0.007829542190017396,-0.00832730468472949,0.036772826013344286
25,3,Uploading,-0.013545528005204978,-0.017006693390073664,0.013994773560227882,-0.011507316944480473,0.009799016189618991
25,3,Vulnerability_scanner,0.023621732678957685,0.004172956454076713,-0.000462499011298619,-0.0061522592582311745,0.0031418069981564304
25,3,XSS,-0.004791067304661873,-0.004213094680578974,-0.004791067304661873,0.013818554665512144,-2.3325375609422235e-05
25,4,Backdoor,0.3588537594464272,-0.08590337528677623,-0.07115964314399344,-0.08725222570925799,-0.08701597586861429
25,4,DDoS_HTTP,0.26547600063698557,-0.07256942035631728,-0.05837962959142901,-0.08415171799969232,-0.06123709809686688
25,4,DDoS_ICMP,0.0002695174530309041,7.802957155724395e-06,-0.0001979810845149384,-0.0001979559194158505,0.0001179057838539906
25,4,DDoS_TCP,0.001151440934657244,1.940492804201425e-06,-0.0005301686624728241,-0.0004985249792342125,0.0003827870039966967
25,4,DDoS_UDP,0.0002576489533010928,-6.44122383252732e-05,-6.44122383252732e-05,-6.44122383252732e-05,-6.44122383252732e-05
25,4,Fingerprinting,0.14401313716195757,-0.009379051075965783,-0.1137347679543687,-0.11697550869510943,0.15062164510894094
25,4,MITM,0.0,0.0,0.0,0.0,0.0
25,4,Normal,0.3188476768669873,-0.08087299687294999,-0.07904539938802217,-0.07973327288492597,-0.07924598396145578
25,4,Password,0.12452026533853738,-0.029728698756263827,-0.030057714050463237,-0.02943495520612608,-0.030935210629647034
25,4,Port_Scanning,0.0,0.0,0.0,0.0,0.0
25,4,Ransomware,0.2684776135403916,-0.08790891926591807,-0.05163166320747377,-0.06974793462179799,-0.058184576103664794
25,4,SQL_injection,0.0835800142471995,0.0035123319845015385,-0.00033393283954173404,0.0026362925284459065,0.00411962288784127
25,4,Uploading,0.03843137497359168,-0.001514029594205873,-0.02266020136791983,-0.00854235794412519,-0.02816996164160899
25,4,Vulnerability_scanner,0.011408828386385775,0.002683384191504288,-0.0003210864494649801,-0.0038434507275825554,0.001966113129767098
25,4,XSS,0.012516217865901564,0.0009056476930043306,0.012516217865901564,-0.026159491407741067,0.00022140798293361158
25,Aggregated,Backdoor,0.1226813580790784,-0.033377710903340636,-0.009249293280335401,-0.03505904187108282,-0.03655472013219092
25,Aggregated,DDoS_HTTP,0.13559036641713348,-0.03152245512782961,-0.013076333604468807,-0.06341427065474527,-0.019806298511231304
25,Aggregated,DDoS_ICMP,-7.746116896865478e-05,1.7540960918669784e-05,-0.00010940900443826007,-9.05982271721395e-05,3.3408948392293913e-05
25,Aggregated,DDoS_TCP,0.001684210075633093,-0.0001171889377984033,-0.0005685928292819183,-0.00030259361809328866,0.00023297423812833803
25,Aggregated,DDoS_UDP,0.00010301311921772083,-2.5753279804430208e-05,-2.5753279804430208e-05,-2.5753279804430208e-05,-2.5753279804430208e-05
25,Aggregated,Fingerprinting,0.08883636833332287,-0.00688515698416567,-0.0907406929169897,-0.09057308374609115,0.14325490485843714
25,Aggregated,MITM,0.0,0.0,0.0,0.0,0.0
25,Aggregated,Normal,0.28543778293320643,-0.07247855282314457,-0.07067720419679023,-0.07136657280544954,-0.0708868864956397
25,Aggregated,Password,0.060844462088718514,-0.013700945706721406,-0.014388771479697924,-0.012074776918671476,-0.015144211271819705
25,Aggregated,Port_Scanning,0.0,0.0,0.0,0.0,0.0
25,Aggregated,Ransomware,0.17175193562111515,-0.10193383202847994,-0.015346588508575957,-0.04557066463286719,-0.01962802238743188
25,Aggregated,SQL_injection,0.09265479956819213,0.01686917859664582,0.0006572524342175317,0.0011476760507476127,0.014250789485712512
25,Aggregated,Uploading,0.012553514526644933,0.004319789152502986,-0.0122109486465056,-0.0021503516566597648,-0.018358827321633606
25,Aggregated,Vulnerability_scanner,0.019808337033981722,0.003505123909347448,-0.0005943781965206766,-0.004714350799868807,0.0024512586892055286
25,Aggregated,XSS,0.003046503446042885,0.0006988973363956405,0.003046503446042885,-0.007038814278841999,0.0002469100503605897
25,Centralized,Backdoor,0.1226813580790784,-0.033377710903340636,-0.009249293280335401,-0.03505904187108282,-0.03655472013219092
25,Centralized,DDoS_HTTP,0.13559036641713348,-0.03152245512782961,-0.013076333604468807,-0.06341427065474527,-0.019806298511231304
25,Centralized,DDoS_ICMP,-7.746116896865478e-05,1.7540960918669784e-05,-0.00010940900443826007,-9.05982271721395e-05,3.3408948392293913e-05
25,Centralized,DDoS_TCP,0.001684210075633093,-0.0001171889377984033,-0.0005685928292819183,-0.00030259361809328866,0.00023297423812833803
25,Centralized,DDoS_UDP,0.00010301311921772083,-2.5753279804430208e-05,-2.5753279804430208e-05,-2.5753279804430208e-05,-2.5753279804430208e-05
25,Centralized,Fingerprinting,0.08883636833332287,-0.00688515698416567,-0.0907406929169897,-0.09057308374609115,0.14325490485843714
25,Centralized,MITM,0.0,0.0,0.0,0.0,0.0
25,Centralized,Normal,0.28543778293320643,-0.07247855282314457,-0.07067720419679023,-0.07136657280544954,-0.0708868864956397
25,Centralized,Password,0.060844462088718514,-0.013700945706721406,-0.014388771479697924,-0.012074776918671476,-0.015144211271819705
25,Centralized,Port_Scanning,0.0,0.0,0.0,0.0,0.0
25,Centralized,Ransomware,0.17175193562111515,-0.10193383202847994,-0.015346588508575957,-0.04557066463286719,-0.01962802238743188
25,Centralized,SQL_injection,0.09265479956819213,0.01686917859664582,0.0006572524342175317,0.0011476760507476127,0.014250789485712512
25,Centralized,Uploading,0.012553514526644933,0.004319789152502986,-0.0122109486465056,-0.0021503516566597648,-0.018358827321633606
25,Centralized,Vulnerability_scanner,0.019808337033981722,0.003505123909347448,-0.0005943781965206766,-0.004714350799868807,0.0024512586892055286
25,Centralized,XSS,0.003046503446042885,0.0006988973363956405,0.003046503446042885,-0.007038814278841999,0.0002469100503605897
26,0,Backdoor,-0.18327778211473628,0.049201132221284236,0.04897946402910614,0.05074225879838002,0.034227471675352714
26,0,DDoS_HTTP,-0.03100574694751042,0.01157729805129426,0.008358948727064108,0.0032321900381962606,0.0094113095309659
26,0,DDoS_ICMP,0.0009407236848128368,-0.0002765617428947579,0.00013521090463782063,-0.00031412452381235725,-0.0002600741558624831
26,0,DDoS_TCP,0.00012129022103007369,0.00016339584425417164,-0.0004778630878791212,0.00019820367123709603,-5.026648642220133e-06
26,0,DDoS_UDP,0.0,0.0,0.0,0.0,0.0
26,0,Fingerprinting,0.329044834307992,-0.14682261208576997,0.039142300194931784,-0.15159844054580898,-0.01309941520467837
26,0,MITM,0.0,0.0,0.0,0.0,0.0
26,0,Normal,0.0,0.0,0.0,0.0,0.0
26,0,Password,-0.23414178226547736,0.061471506100185716,0.06193562455185197,0.06265314770501697,0.06295540901356751
26,0,Port_Scanning,0.0,0.0,0.0,0.0,0.0
26,0,Ransomware,-0.07022805727684327,0.025155709469948644,0.04885806978894443,0.0596659264529736,0.012519862248470256
26,0,SQL_injection,-0.09868590661791095,-0.049485614391025716,0.027294775772621672,-0.011109262828044803,-0.028832705385932567
26,0,Uploading,-0.019465185497626825,-0.010768452845820219,0.0105692439658992,0.020032122018583436,-0.003337149834931603
26,0,Vulnerability_scanner,-0.02184128320574529,-0.01232647907157803,0.006311153514090723,-0.00019960338485985513,-0.007101066682983211
26,0,XSS,-0.001614670381561694,0.0038292196262638342,-0.0017020673163678534,0.0037095772235958726,-0.004222059151930159
26,1,Backdoor,-0.15302882724539868,0.03975156530128449,0.042545861959214705,0.04100464380184501,0.030020917089069916
26,1,DDoS_HTTP,-0.032265140737671276,0.01228557556507519,0.011063907290072705,-0.001243443462831991,0.010787335449917274
26,1,DDoS_ICMP,0.00011754384984104341,8.659098658673573e-06,0.00013949575790129232,6.479229045120439e-05,0.00011894446835604514
26,1,DDoS_TCP,-0.000766259187380693,-0.00037063512137879283,-0.0003718043813359273,0.00038285202824309323,0.0003152102864811657
26,1,DDoS_UDP,0.00019860440150292573,-1.61030595813183e-05,-4.2941492216848803e-05,-0.0001234567901234403,-1.61030595813183e-05
26,1,Fingerprinting,0.21069346491341373,-0.07830909263134327,-0.0033738923764499236,-0.0510759771629337,0.08570186089367675
26,1,MITM,0.05606060606060606,-0.004545454545454547,-0.012121212121212121,-0.03484848484848483,-0.004545454545454547
26,1,Normal,0.0,0.0,0.0,0.0,0.0
26,1,Password,-0.2271273534814222,0.060200458095951835,0.06014336619972909,0.05909574539224429,0.06105676775071614
26,1,Port_Scanning,0.0,0.0,0.0,0.0,0.0
26,1,Ransomware,-0.08413054989347955,0.025845151608471454,0.04620024579482247,0.05405976723330109,0.00044280267430190924
26,1,SQL_injection,-0.07774334746358574,-0.04097039932633917,0.02235867832957664,-0.013429993498576268,-0.023944507134686096
26,1,Uploading,-0.014210467578040325,-0.005230639807661088,0.008370123668246602,0.017667465799870257,-0.002837083586174846
26,1,Vulnerability_scanner,-0.01722598876648372,-0.009103630260431103,0.005299027721814749,-8.669526210735208e-05,-0.005260227571500835
26,1,XSS,-0.005406011062795519,0.008142128683189897,-0.005485317396728057,0.008221435017122435,-0.005472235240788757
26,2,Backdoor,-0.16980995853357328,0.04601738575126813,0.04574780000121466,0.046426097391868176,0.03089016264024916
26,2,DDoS_HTTP,-0.03197935282916492,0.011382447324797169,0.007387822716312271,0.008556150931276329,0.007953537030885126
26,2,DDoS_ICMP,0.00010027297977221646,-1.063892053749053e-05,8.296371083781154e-05,4.551081258214462e-05,0.00023152944502459564
26,2,DDoS_TCP,0.0007238758911601121,-0.00014910303337554534,-0.00016937310409422443,-0.0002185352509981401,-0.00018686450269220223
26,2,DDoS_UDP,0.00019860440150292573,-1.61030595813183e-05,-4.2941492216848803e-05,-0.0001234567901234403,-1.61030595813183e-05
26,2,Fingerprinting,0.14541910331384017,-0.0598440545808967,-0.009064327485380125,-0.027387914230019485,0.16140350877192974
26,2,MITM,0.05606060606060606,-0.004545454545454547,-0.012121212121212121,-0.03484848484848483,-0.004545454545454547
26,2,Normal,0.0,0.0,0.0,0.0,0.0
26,2,Password,-0.22193179221768597,0.05860723017084144,0.05785047526811411,0.05736189227753925,0.0574101647014169
26,2,Port_Scanning,0.0,0.0,0.0,0.0,0.0
26,2,Ransomware,-0.08004139478246647,0.029277994198062,0.05066744701233649,0.05747285543405702,0.010988278605102184
26,2,SQL_injection,-0.07774686306335629,-0.03567670436485,0.02125636125943551,-0.00868704548704382,-0.019446500223884666
26,2,Uploading,-0.00807862538208277,-0.007404823862411309,0.011078629048365159,0.011822595825672171,-0.007417775629543244
26,2,Vulnerability_scanner,-0.018586266805467593,-0.010209073133846539,0.005663643900430605,0.0002613083163242695,-0.005945945281557184
26,2,XSS,-0.01063516624659846,0.01229527724862909,-0.007505914545918186,0.013351718089805741,-0.007505914545918186
26,3,Backdoor,-0.16348276140447812,0.045468017315072315,0.04603050593605797,0.043873170527764314,0.029597759514236866
26,3,DDoS_HTTP,-0.024240454901238776,0.011138680077067543,0.005000542998913762,0.0006053840738018846,0.009635023964705915
26,3,DDoS_ICMP,-0.0005173865120678282,0.00027529684770778625,0.00014353045837458555,0.00020008617599297137,0.00012334194545007282
26,3,DDoS_TCP,-0.0006111426773000157,-0.0005802271009315056,0.0003337987570618687,2.6766185581844625e-05,1.5897745377104386e-05
26,3,DDoS_UDP,0.0007241677465682901,-0.00013404015790729657,-5.5274643765793977e-08,-0.00018778611648306482,-8.043238594094282e-05
26,3,Fingerprinting,0.13628644297327838,-0.05489002761495694,-6.827053683965412e-05,-0.04920820943313872,0.046931448010866475
26,3,MITM,0.16515151515151516,-0.004545454545454547,-0.012121212121212121,-0.03484848484848483,-0.004545454545454547
26,3,Normal,0.0,0.0,0.0,0.0,0.0
26,3,Password,-0.2141724272331176,0.05512189688839859,0.05571390958090926,0.0551355218648952,0.05608289031489413
26,3,Port_Scanning,0.0,0.0,0.0,0.0,0.0
26,3,Ransomware,-0.08550218016850329,0.03465877292936278,0.047100316264002226,0.06099538422353247,0.025755398742885564
26,3,SQL_injection,-0.08702935663696433,-0.03881217865679677,0.023982317879973767,-0.005122655192968784,-0.02129801077516814
26,3,Uploading,-0.011626648358403133,-0.012910935529616255,0.015243276257678491,0.013853010862470176,-0.004342963131996119
26,3,Vulnerability_scanner,-0.02590600345461343,-0.012155307651641082,0.008156522202163551,0.0014973563667944113,-0.006012554145215467
26,3,XSS,-0.0024422138633004714,0.00261413298935151,-0.0025730559630544885,0.004961374259320616,-0.0025602374223171664
26,4,Backdoor,0.35588485187563396,-0.09334098468655425,-0.09220736544019963,-0.0903538701654382,-0.09454990102971347
26,4,DDoS_HTTP,0.26323796011084727,-0.06654745249627411,-0.06700085981819413,-0.055320484341597795,-0.0680127502879255
26,4,DDoS_ICMP,0.00040817267097743767,-0.0002654821430021733,0.0001465266132094208,-0.00020938289054944398,-7.98342506352412e-05
26,4,DDoS_TCP,0.00012202326376906659,-0.00036963478553702636,0.00022323487019738076,0.00011374531525732424,-8.936866368674523e-05
26,4,DDoS_UDP,0.00024154589371977453,-8.051529790659151e-05,0.0,-8.051529790659151e-05,-8.051529790659151e-05
26,4,Fingerprinting,0.18771087523375857,-0.14646565359380007,0.03521505234319879,-0.11444810973415091,0.03798783575099364
26,4,MITM,0.0,0.0,0.0,0.0,0.0
26,4,Normal,0.31699971188149934,-0.07955640699738611,-0.07959724775057703,-0.0786322915791764,-0.0793942925418562
26,4,Password,0.1343134127416439,-0.03099689347099686,-0.03138321358042996,-0.032604570306532986,-0.031879756655597266
26,4,Port_Scanning,0.0,0.0,0.0,0.0,0.0
26,4,Ransomware,0.29277012889704696,-0.06551515970265018,-0.06134008589400527,-0.05106353898567147,-0.057381675528801496
26,4,SQL_injection,-0.025812255717174774,-0.021076138474219543,-0.013153912539369792,-0.01570085212934522,-0.01777116994833714
26,4,Uploading,0.02991229355782698,-0.0029804590143814804,0.00041445715678856365,-0.01260360372805853,-0.01565405730459751
26,4,Vulnerability_scanner,-0.014552244050531167,-0.007074253216127953,0.0036941150259077347,0.0005717014226018484,-0.003014615801582273
26,4,XSS,0.01736543097465708,-0.02271662034750856,0.009793426392393239,-0.015385376552814694,0.010943139533272937
26,Aggregated,Backdoor,0.13816862320174683,-0.03591851402274579,-0.03328301947301533,-0.030779469026389665,-0.04119397602637677
26,Aggregated,DDoS_HTTP,0.13138461131993043,-0.0328086908627318,-0.03536752211004701,-0.024807532940414555,-0.03521789784928722
26,Aggregated,DDoS_ICMP,0.00020997389978405316,-5.3774184716713175e-05,0.0001295561098267876,-4.264904401040474e-05,2.6797596608690854e-05
26,Aggregated,DDoS_TCP,-8.2303448883377e-05,-0.00026113365093966554,-9.199757935373828e-05,0.00010030972853697732,1.0006827622749403e-05
26,Aggregated,DDoS_UDP,0.0002726221902174993,-4.9364324827022577e-05,-1.7181021207438956e-05,-0.00010304671996431518,-3.863448270832737e-05
26,Aggregated,Fingerprinting,0.20305840557836227,-0.10019237586857696,0.012296986493321253,-0.08190663578759179,0.058378111218976736
26,Aggregated,MITM,0.051253132832080175,-0.0026315789473684236,-0.00701754385964913,-0.02017543859649127,-0.0026315789473684236
26,Aggregated,Normal,0.2838232665560863,-0.07120649484678156,-0.07125050449462109,-0.07029859581805671,-0.0710461472158869
26,Aggregated,Password,0.07282433398143798,-0.015077277639297303,-0.015420083770994231,-0.015992259078969947,-0.015727675909273032
26,Aggregated,Port_Scanning,0.0,0.0,0.0,0.0,0.0
26,Aggregated,Ransomware,0.21187523044772474,-0.05203472670482638,-0.037039722309249117,-0.02694256326091541,-0.031158289395135024
26,Aggregated,SQL_injection,-0.053949244466792286,-0.032956193586579204,-0.0016597739934870591,-0.014818160568950628,-0.024175215340286986
26,Aggregated,Uploading,0.001993988477934358,-0.004121770505667592,0.009088289557426705,0.0013619689685685356,-0.008322476498261988
26,Aggregated,Vulnerability_scanner,-0.019649991272529102,-0.010184756922289432,0.005836305317230476,0.0004142543670078695,-0.005466313969561776
26,Aggregated,XSS,0.0035099952810303523,-0.004729508162488979,0.0025212017006835835,-0.0036736276350980103,0.002371938815873053
26,Centralized,Backdoor,0.13816862320174683,-0.03591851402274579,-0.03328301947301533,-0.030779469026389665,-0.04119397602637677
26,Centralized,DDoS_HTTP,0.13138461131993043,-0.0328086908627318,-0.03536752211004701,-0.024807532940414555,-0.03521789784928722
26,Centralized,DDoS_ICMP,0.00020997389978405316,-5.3774184716713175e-05,0.0001295561098267876,-4.264904401040474e-05,2.6797596608690854e-05
26,Centralized,DDoS_TCP,-8.2303448883377e-05,-0.00026113365093966554,-9.199757935373828e-05,0.00010030972853697732,1.0006827622749403e-05
26,Centralized,DDoS_UDP,0.0002726221902174993,-4.9364324827022577e-05,-1.7181021207438956e-05,-0.00010304671996431518,-3.863448270832737e-05
26,Centralized,Fingerprinting,0.20305840557836227,-0.10019237586857696,0.012296986493321253,-0.08190663578759179,0.058378111218976736
26,Centralized,MITM,0.051253132832080175,-0.0026315789473684236,-0.00701754385964913,-0.02017543859649127,-0.0026315789473684236
26,Centralized,Normal,0.2838232665560863,-0.07120649484678156,-0.07125050449462109,-0.07029859581805671,-0.0710461472158869
26,Centralized,Password,0.07282433398143798,-0.015077277639297303,-0.015420083770994231,-0.015992259078969947,-0.015727675909273032
26,Centralized,Port_Scanning,0.0,0.0,0.0,0.0,0.0
26,Centralized,Ransomware,0.21187523044772474,-0.05203472670482638,-0.037039722309249117,-0.02694256326091541,-0.031158289395135024
26,Centralized,SQL_injection,-0.053949244466792286,-0.032956193586579204,-0.0016597739934870591,-0.014818160568950628,-0.024175215340286986
26,Centralized,Uploading,0.001993988477934358,-0.004121770505667592,0.009088289557426705,0.0013619689685685356,-0.008322476498261988
26,Centralized,Vulnerability_scanner,-0.019649991272529102,-0.010184756922289432,0.005836305317230476,0.0004142543670078695,-0.005466313969561776
26,Centralized,XSS,0.0035099952810303523,-0.004729508162488979,0.0025212017006835835,-0.0036736276350980103,0.002371938815873053
27,0,Backdoor,-0.20241959553520267,0.04487790377834985,0.04847290569573255,0.055700583075181116,0.04893485007930369
27,0,DDoS_HTTP,-0.056959481118711394,0.010695771101897946,0.0063072425120534095,0.0201281080551513,0.014636772768439159
27,0,DDoS_ICMP,0.0006183518558642465,-2.0504478423020536e-05,-0.00041143354623630614,-0.000598521183905106,0.0001875427260998208
27,0,DDoS_TCP,-0.00038038195697918107,-3.458897101922635e-05,-0.00042922645583044853,0.0003881562447925424,-4.856063809997961e-05
27,0,DDoS_UDP,-1.61030595813183e-05,-1.61030595813183e-05,-1.61030595813183e-05,6.44122383252732e-05,-1.61030595813183e-05
27,0,Fingerprinting,0.23203038237692966,0.06916220480286976,-0.19530217778811126,-0.2519665101877378,0.05153064625059509
27,0,MITM,0.0,0.0,0.0,0.0,0.0
27,0,Normal,0.0,0.0,0.0,0.0,0.0
27,0,Password,-0.19525825272119413,0.04554735822733802,0.08043832292160828,0.04775816255876656,0.01718304137153643
27,0,Port_Scanning,0.0,0.0,0.0,0.0,0.0
27,0,Ransomware,-0.1375801600457965,0.015364801762429565,0.01415333901772406,0.055593814025249905,0.0650468215925942
27,0,SQL_injection,-0.24918545933275643,0.06456328771166392,0.018280300615094603,0.07973832924740219,0.08660354175859554
27,0,Uploading,-0.023602297640175487,-0.009002721524326218,0.029657966840630504,-0.005420323361144691,0.000996511761380977
27,0,Vulnerability_scanner,-0.026172086869268172,0.0020366374709008725,0.009899988430995627,0.007553747296138206,0.008499883232879285
27,0,XSS,-0.0004424643102752893,-0.0004947956724606472,-0.0004424643102752893,-0.0004424643102752893,0.0018221886032865153
27,1,Backdoor,-0.16735786186006166,0.036744358430668665,0.04038302412653973,0.04530633630102677,0.040566121428176616
27,1,DDoS_HTTP,-0.06919472260450979,0.01219899128155841,0.01195931422544901,0.019950763725858762,0.013937394010000655
27,1,DDoS_ICMP,0.00013556142413547929,2.096504973336429e-05,-0.00010751644593516482,-0.00012589235234309142,7.891138090423596e-05
27,1,DDoS_TCP,-0.00044372643128889145,0.00036712532235670024,-0.00010777590361091457,0.0005600106581805727,-6.60393174055011e-05
27,1,DDoS_UDP,0.0,0.0,0.0,0.0,0.0
27,1,Fingerprinting,0.021266229112591316,0.07972644400662973,-0.11220574553585388,-0.14824988142519097,0.018048812427682394
27,1,MITM,0.0,0.0,0.0,0.0,0.0
27,1,Normal,0.0,0.0,0.0,0.0,0.0
27,1,Password,-0.19153287354815787,0.03940336574006238,0.07773140434860705,0.04565692161366299,0.021979318896803986
27,1,Port_Scanning,0.0,0.0,0.0,0.0,0.0
27,1,Ransomware,-0.13316473339655346,0.01936684416384061,0.020251623519932448,0.03575677857166052,0.05778948714111999
27,1,SQL_injection,-0.23902622162875226,0.06909525735369003,0.003319592007185664,0.07553973733718075,0.09107163493069587
27,1,Uploading,-0.019739743790330774,-0.006277214150010446,0.025334764593024948,-0.004571183053332667,-0.0016695913962016659
27,1,Vulnerability_scanner,-0.021422647486097304,0.0021927702912381717,0.007207603443198409,0.005968271439039457,0.006969323707121294
27,1,XSS,6.272772342201654e-05,2.3074556455748158e-05,6.272772342201654e-05,6.272772342201654e-05,-0.00021125772672179777
27,2,Backdoor,-0.18275770600472313,0.04337259215343233,0.04601969232060479,0.04751730630981229,0.04584811522087369
27,2,DDoS_HTTP,-0.05374125679200225,0.014513923482663902,0.00714733757911177,0.014208954063936957,0.01367744363612649
27,2,DDoS_ICMP,-0.000258049560361856,2.112201326726441e-05,-1.427133750242134e-05,-5.158043469148758e-05,7.89246329591505e-05
27,2,DDoS_TCP,-0.0004808898568831118,-0.00011041211900261564,-0.0006114707105435047,1.5126814028628328e-05,-0.0008196616582361112
27,2,DDoS_UDP,0.0,0.0,0.0,0.0,0.0
27,2,Fingerprinting,-0.16235769161465738,0.10555473651448882,-0.06694759775255131,-0.10462348682162924,0.01784772388487559
27,2,MITM,0.0,0.0,0.0,0.0,0.0
27,2,Normal,0.0,0.0,0.0,0.0,0.0
27,2,Password,-0.1741949368134862,0.03619744604653614,0.07565019803430036,0.03765638578991026,0.01980411934816747
27,2,Port_Scanning,0.0,0.0,0.0,0.0,0.0
27,2,Ransomware,-0.1360657555209267,0.021489656434074234,0.012845795751031659,0.04442744648131561,0.057302856854505216
27,2,SQL_injection,-0.24401903735697214,0.06701832501720309,0.0008217993817691172,0.08260508889372375,0.09357382406427626
27,2,Uploading,-0.015978014726646016,-0.009585752896617717,0.02336557795001962,-0.008280346458850979,0.00033955230890074793
27,2,Vulnerability_scanner,-0.020877998203462943,0.002948116076667512,0.007533388849124815,0.0063437745399019954,0.006465907976814276
27,2,XSS,-0.0020422377906386432,-0.0004776119402985071,-0.0020422377906386432,-0.0020422377906386432,0.006604325312214438
27,3,Backdoor,-0.17765721392239994,0.04224037002747456,0.044075411559824425,0.04769693531024165,0.043944858924318736
27,3,DDoS_HTTP,-0.0497329363609865,0.011736812163336543,0.007602597702019108,0.014257250607981015,0.013419280475890761
27,3,DDoS_ICMP,0.0001618548884008549,-0.00019734511894167379,0.00023802971391317373,0.00020171068000239453,4.88425450035949e-05
27,3,DDoS_TCP,-0.0005074941624603147,-0.00020958826877585842,-0.0002867955611024431,0.0008913179570860482,0.0004272429317184245
27,3,DDoS_UDP,0.00012324608057383927,-0.00017159666524110644,-0.0001984005512242833,9.649398953943677e-05,-0.00017159666524110644
27,3,Fingerprinting,0.10797511938410925,0.029882068192293398,-0.0827124581455735,-0.09210462543247759,-0.013383353426269137
27,3,MITM,-0.021818181818181803,-0.021818181818181803,-0.021818181818181803,-0.021818181818181803,-0.021818181818181803
27,3,Normal,0.0,0.0,0.0,0.0,0.0
27,3,Password,-0.1851031818526375,0.03481971531904093,0.07605411763790178,0.048511015488163084,0.021673348825634386
27,3,Port_Scanning,0.0,0.0,0.0,0.0,0.0
27,3,Ransomware,-0.15721278908927827,0.022983771892637294,0.022542779713438425,0.051217750733333726,0.06944019137374734
27,3,SQL_injection,-0.25491083609643506,0.06082535960697479,0.01655211109103883,0.08673150710945089,0.09080185828897044
27,3,Uploading,-0.016094285672323603,-0.015339901681371424,0.042227993089107435,-0.014524905992584398,7.920298825344826e-05
27,3,Vulnerability_scanner,-0.026969613112244637,0.0024549440013782045,0.009686856880062291,0.008804847229535388,0.009208006831484828
27,3,XSS,6.13272765943526e-05,2.2614201718679403e-05,6.13272765943526e-05,0.00014145120159835795,-0.0002867199565057425
27,4,Backdoor,0.35510330729235273,-0.09241879432568369,-0.08635030427632397,-0.08951892931497449,-0.08525966620451235
27,4,DDoS_HTTP,0.27102020215164596,-0.06204500691809709,-0.05124602147317704,-0.07180246857752355,-0.0611016323570124
27,4,DDoS_ICMP,0.0004799456501905016,0.0001790588090286575,-0.00023178013086929498,-0.00043781831012161266,0.00023627619054847153
27,4,DDoS_TCP,-0.0003302883931616577,-6.795458544391896e-05,-0.0005070892602244266,0.00043993949943375946,-4.2082050354861714e-05
27,4,DDoS_UDP,0.00020397208803003182,-6.44122383252732e-05,-0.00011808910359633422,4.2941492216848803e-05,-6.44122383252732e-05
27,4,Fingerprinting,0.16657460991692866,0.11198250790169219,-0.13722776962074495,-0.19316274595045807,0.0734784193976037
27,4,MITM,0.008974358974358968,-0.0038461538461538438,0.008974358974358968,-0.01025641025641025,-0.0038461538461538438
27,4,Normal,0.3180151953647948,-0.07904898328082734,-0.07992654118535894,-0.0802941854101038,-0.07827940923479158
27,4,Password,0.12693380276914198,-0.031670296004507985,-0.03386594883897951,-0.028878123420255922,-0.02958881446522613
27,4,Port_Scanning,0.0,0.0,0.0,0.0,0.0
27,4,Ransomware,0.2813579695202214,-0.07165384346029806,-0.08602922395436022,-0.05066264741621997,-0.05301754429526752
27,4,SQL_injection,-0.013705783501127987,0.0032902529382022026,0.004099854057563535,0.002864361535163145,0.0034513149701991042
27,4,Uploading,0.026438158574540967,-0.0074531805534299245,-0.01406257248663989,-0.008252684643755745,0.0011247653248234277
27,4,Vulnerability_scanner,-0.015768883019537553,0.0016944232184891459,0.004645145836916287,0.005372376388546552,0.005458350173166327
27,4,XSS,0.004738553461825202,0.0007912357421849657,0.0047385534618252035,0.0051885647121064655,-0.015456907377941835
27,Aggregated,Backdoor,0.13085142814512923,-0.04068537492655673,-0.029874873077023197,-0.03479457332810305,-0.02682510792233371
27,Aggregated,DDoS_HTTP,0.1182286581774982,-0.030407655422932174,-0.016610041533134896,-0.04208638376569417,-0.027193696483225747
27,Aggregated,DDoS_ICMP,0.0002275162703832027,6.656435075487928e-07,-0.00010542766400255347,-0.0002024594879868206,0.00012606849911121673
27,Aggregated,DDoS_TCP,-0.0004282163238264007,-1.08806212346102e-05,-0.00038839575259401,0.00045844567831595146,-0.00011067458289368282
27,Aggregated,DDoS_UDP,6.2232945420726e-05,-5.0437999290231514e-05,-6.653345360142504e-05,4.0780865250766854e-05,-5.0437999290231514e-05
27,Aggregated,Fingerprinting,0.08602549780929428,0.08063394555937556,-0.12186922354081133,-0.16244363730606642,0.03375702108181153
27,Aggregated,MITM,-0.0018588137009189376,-0.004573934837092719,-0.0018588137009189376,-0.00593149540517961,-0.004573934837092719
27,Aggregated,Normal,0.2846042086478552,-0.07073234617753738,-0.07157001425621233,-0.0719557139776532,-0.06996382008814724
27,Aggregated,Password,0.056227877451003536,-0.01710867240229069,-0.021923479059950245,-0.009323669372372856,-0.011281687271220659
27,Aggregated,Port_Scanning,0.0,0.0,0.0,0.0,0.0
27,Aggregated,Ransomware,0.16465144870931994,-0.06463862222390881,-0.07023544684357151,-0.010252471685375807,-0.009673394535561356
27,Aggregated,SQL_injection,-0.055697861621948994,0.01247602182419754,0.016070235767777125,0.01221880808545716,0.014932795944517198
27,Aggregated,Uploading,-0.0015579438021717583,-0.004593468178103252,-0.000685168334105766,-0.0038756535186131214,0.004656282181177595
27,Aggregated,Vulnerability_scanner,-0.02228174498391256,0.002264023818488616,0.007804550240301718,0.00681962605816868,0.00733927760806887
27,Aggregated,XSS,0.0008546629807457769,0.00027485818746205077,0.0008546629807457769,0.0009333164336323572,-0.0029175005825859616
27,Centralized,Backdoor,0.13085142814512923,-0.04068537492655673,-0.029874873077023197,-0.03479457332810305,-0.02682510792233371
27,Centralized,DDoS_HTTP,0.1182286581774982,-0.030407655422932174,-0.016610041533134896,-0.04208638376569417,-0.027193696483225747
27,Centralized,DDoS_ICMP,0.0002275162703832027,6.656435075487928e-07,-0.00010542766400255347,-0.0002024594879868206,0.00012606849911121673
27,Centralized,DDoS_TCP,-0.0004282163238264007,-1.08806212346102e-05,-0.00038839575259401,0.00045844567831595146,-0.00011067458289368282
27,Centralized,DDoS_UDP,6.2232945420726e-05,-5.0437999290231514e-05,-6.653345360142504e-05,4.0780865250766854e-05,-5.0437999290231514e-05
27,Centralized,Fingerprinting,0.08602549780929428,0.08063394555937556,-0.12186922354081133,-0.16244363730606642,0.03375702108181153
27,Centralized,MITM,-0.0018588137009189376,-0.004573934837092719,-0.0018588137009189376,-0.00593149540517961,-0.004573934837092719
27,Centralized,Normal,0.2846042086478552,-0.07073234617753738,-0.07157001425621233,-0.0719557139776532,-0.06996382008814724
27,Centralized,Password,0.056227877451003536,-0.01710867240229069,-0.021923479059950245,-0.009323669372372856,-0.011281687271220659
27,Centralized,Port_Scanning,0.0,0.0,0.0,0.0,0.0
27,Centralized,Ransomware,0.16465144870931994,-0.06463862222390881,-0.07023544684357151,-0.010252471685375807,-0.009673394535561356
27,Centralized,SQL_injection,-0.055697861621948994,0.01247602182419754,0.016070235767777125,0.01221880808545716,0.014932795944517198
27,Centralized,Uploading,-0.0015579438021717583,-0.004593468178103252,-0.000685168334105766,-0.0038756535186131214,0.004656282181177595
27,Centralized,Vulnerability_scanner,-0.02228174498391256,0.002264023818488616,0.007804550240301718,0.00681962605816868,0.00733927760806887
27,Centralized,XSS,0.0008546629807457769,0.00027485818746205077,0.0008546629807457769,0.0009333164336323572,-0.0029175005825859616
28,0,Backdoor,-0.21618195121928405,0.05537246116279495,0.04784894113855303,0.061344870966581276,0.051095539052290945
28,0,DDoS_HTTP,-0.06017995051008848,0.016330987162721636,0.014678685309188392,0.019081650936590377,0.01471279679767356
28,0,DDoS_ICMP,0.0005852893490145912,8.261854772233513e-05,-0.00010502697178480144,-0.0005344884675568744,0.00019515443441300666
28,0,DDoS_TCP,-1.5134357160527061e-05,0.00045000598394407396,9.141358010561485e-06,-9.917917822050241e-05,0.00015976797056268716
28,0,DDoS_UDP,0.0,0.0,0.0,0.0,0.0
28,0,Fingerprinting,0.37181564394883554,0.023090502797326853,-0.027004344883727768,-0.27334564637374503,0.04964447147055843
28,0,MITM,0.0,0.0,0.0,0.0,0.0
28,0,Normal,0.0,0.0,0.0,0.0,0.0
28,0,Password,-0.19938559950329227,0.06897494004323904,0.04311650269653078,0.030432818542224436,0.06067081411288588
28,0,Port_Scanning,0.0,0.0,0.0,0.0,0.0
28,0,Ransomware,-0.10874814686199834,0.04992277390558107,0.025254871925545628,0.04228674567307749,0.018728009217142343
28,0,SQL_injection,0.00025189102407864453,-0.03794169934299098,0.06368701916773757,0.10961502573267926,0.01341905999077574
28,0,Uploading,0.012051922315578358,-0.0024200275115347078,0.023653636941170366,-0.010623193056777223,0.015043491624625064
28,0,Vulnerability_scanner,0.023582130528236805,-0.005926564511190887,0.001349458899572307,0.008640247796960713,0.0038988941784674712
28,0,XSS,-0.010503199324607936,0.0069570073903654495,-0.002982520478074947,0.010045015290516006,-0.0035163028781985705
28,1,Backdoor,-0.1790389132518936,0.04528538940222971,0.04195328415471395,0.05207407341392193,0.03825389641253169
28,1,DDoS_HTTP,-0.06807633804284122,0.018849073999858596,0.019166567497178284,0.019306817392564308,0.014105744061526072
28,1,DDoS_ICMP,-0.000344395908206796,0.0004176941050157775,-1.414833913093901e-05,2.5431087365559066e-05,0.00013459582254437923
28,1,DDoS_TCP,-0.0001937302224883049,0.0008876505408925557,-5.985242769592965e-05,-0.0001836055031799603,5.057965961082767e-05
28,1,DDoS_UDP,0.0,0.0,0.0,0.0,0.0
28,1,Fingerprinting,0.37133012149141176,0.08918726434855463,-0.036281711120420786,-0.13462225946096926,0.0688095238095238
28,1,MITM,0.0,0.0,0.0,0.0,0.0
28,1,Normal,0.0,0.0,0.0,0.0,0.0
28,1,Password,-0.19630626687578057,0.06903406554772211,0.04683612134640026,0.028526400660270165,0.062159873183750144
28,1,Port_Scanning,0.0,0.0,0.0,0.0,0.0
28,1,Ransomware,-0.11145943180578441,0.05409065995941032,0.03494965393084359,0.042763233147900134,0.022811944052721852
28,1,SQL_injection,-0.034668430315602544,-0.033405518844193176,0.053120465654001164,0.10420958475084663,0.017777537898678884
28,1,Uploading,0.010251336161903235,0.0012596866678340197,0.01682908650054769,-0.008381646026863747,0.010439859547731857
28,1,Vulnerability_scanner,0.015991624958205684,-0.0048513446914730755,0.0002813854659410364,0.006600053060679425,0.0027315939289138075
28,1,XSS,-0.027784920434317035,0.015865646741249295,-0.011945611283072742,0.029299749175364934,-0.005434864199224441
28,2,Backdoor,-0.1948636903455688,0.04920455442847032,0.043841258738494975,0.05794977844785008,0.04503147174204043
28,2,DDoS_HTTP,-0.05465448575158632,0.013712773253282441,0.016431022557868605,0.017238684149549256,0.012733928387640103
28,2,DDoS_ICMP,0.00041341997792989824,0.0002660753617257335,-0.00014643064856704932,-0.0002019958478758947,0.0003414045780758231
28,2,DDoS_TCP,0.00013764155434265273,0.0005917504074553715,0.00023480067233819606,-0.0002631027748621858,0.00030124591029206396
28,2,DDoS_UDP,0.0,0.0,0.0,0.0,0.0
28,2,Fingerprinting,0.3837761643108703,0.12544056003323736,-0.036528978889009404,-0.12049733996263363,0.127809594507535
28,2,MITM,0.0,0.0,0.0,0.0,0.0
28,2,Normal,0.0,0.0,0.0,0.0,0.0
28,2,Password,-0.17997268324936266,0.06704206465286094,0.044911277723279616,0.024629777162582873,0.05982672044071969
28,2,Port_Scanning,0.0,0.0,0.0,0.0,0.0
28,2,Ransomware,-0.07757778013130827,0.04955781012667595,0.03391447610740542,0.03748484134824184,0.02399844396944404
28,2,SQL_injection,-0.044916832385885876,-0.03679152776192628,0.06046143666055012,0.1071731691329987,0.021766062046571014
28,2,Uploading,0.011825137710122217,-0.007092685013417018,0.025556536855048346,-0.01336340853872257,0.014054611978335182
28,2,Vulnerability_scanner,0.019342235975568486,-0.005733066524814379,0.0013042057672927117,0.007297364821835099,0.003714490363839934
28,2,XSS,-0.03132961341554795,0.017873498687718047,-0.007211269804202453,0.024856701909414424,-0.00418931737738206
28,3,Backdoor,-0.18869222381414344,0.04693516140618255,0.0425788282747045,0.05339595401973552,0.04344576369985587
28,3,DDoS_HTTP,-0.05427948822448676,0.01185365409934439,0.012684706432157205,0.01647431318462276,0.011935731797969341
28,3,DDoS_ICMP,-0.0006078758661852516,0.00016867086501532827,-0.00020666958429559532,5.774420569080544e-05,0.000131370516998112
28,3,DDoS_TCP,-0.0005976023476869078,0.0009996138348313181,0.0008813482437429669,-0.0008430144563101112,5.9878919167581185e-05
28,3,DDoS_UDP,0.0001930604920071577,-0.00010186857872241199,-0.00010186857872241199,-0.0002091013876380443,-0.00010186857872241199
28,3,Fingerprinting,0.24203670327096957,0.050061167471887005,-0.049145181734462216,-0.11995942999880121,0.023623282343790505
28,3,MITM,0.010606060606060598,-0.009595959595959595,0.0027777777777777753,-0.0002525252525252467,-0.003535353535353532
28,3,Normal,0.0,0.0,0.0,0.0,0.0
28,3,Password,-0.18407285153886682,0.0644479024121787,0.05063406451165821,0.023389666573817056,0.05630392074391539
28,3,Port_Scanning,0.0,0.0,0.0,0.0,0.0
28,3,Ransomware,-0.1254263801604589,0.05585509566234343,0.04410778871267409,0.044793638221624535,0.025114302008261258
28,3,SQL_injection,-0.02921453472697672,-0.03538868066969958,0.07019103498581937,0.10584395494854741,0.007438953545519176
28,3,Uploading,0.018714382597268018,-0.013378019738648527,0.027982706975377927,-0.02391462019705286,0.02269579296836486
28,3,Vulnerability_scanner,0.022755043001138987,-0.0066659054860399875,0.0010314398504389624,0.0094560564248193,0.0033928941148293275
28,3,XSS,-0.01790507997637345,0.012761934943914107,-0.007926824556004273,0.019075222209107196,-0.006005252620643581
28,4,Backdoor,0.329456811547021,-0.08346295381045815,-0.08596302239674837,-0.08195133667639305,-0.09533400259643336
28,4,DDoS_HTTP,0.25060792814184313,-0.06583750570200568,-0.08816036849717218,-0.06807690614462589,-0.06689757430700491
28,4,DDoS_ICMP,2.3610926064106715e-05,0.00023711958487242132,4.973651920784176e-05,-0.00032392060330248366,0.00023649090820380877
28,4,DDoS_TCP,-0.0005594541382178241,0.0003291186203590387,0.0009859582522669275,-0.0009071441251821706,0.0001515213907740287
28,4,DDoS_UDP,0.0002576489533010928,-6.44122383252732e-05,-6.44122383252732e-05,-6.44122383252732e-05,-6.44122383252732e-05
28,4,Fingerprinting,0.34122192674086077,0.046414812854463056,-0.024816665244022724,-0.240010566256338,0.06766668238122737
28,4,MITM,0.0,0.0,0.0,0.0,0.0
28,4,Normal,0.3174035352500596,-0.0793575197419139,-0.07972761968158269,-0.08008838754507654,-0.07945085901829047
28,4,Password,0.13554717759396143,-0.03955725327687632,-0.03797657894126014,-0.03881527170775626,-0.03962587158277761
28,4,Port_Scanning,0.0,0.0,0.0,0.0,0.0
28,4,Ransomware,0.31977325917345806,-0.064404692431149,-0.06327343555094461,-0.06585215837598672,-0.07855231760592546
28,4,SQL_injection,0.07241471433056255,-0.001331752514315287,0.0016650904051781323,0.0047363125176104965,0.005977768182138767
28,4,Uploading,0.0662829783314641,-0.014518005840687064,0.006820685291649792,-0.015139031217874443,-0.019465361927550096
28,4,Vulnerability_scanner,0.012279977603538496,-0.0025827894078264396,0.0016252881795668288,0.005241352701236585,0.0031980412720886255
28,4,XSS,0.04182545025848246,-0.023404634591410314,0.009545761885634918,-0.03134244560893664,0.003375868056229566
28,Aggregated,Backdoor,0.10458731194880516,-0.02235287443064086,-0.027496269602948795,-0.018403390503181547,-0.04070113301424811
28,Aggregated,DDoS_HTTP,0.11929755239189486,-0.023180024872797102,-0.05825290886656943,-0.022722737888378097,-0.02287402721191685
28,Aggregated,DDoS_ICMP,1.4278278235535514e-05,0.00023441254672100232,-8.450827099380128e-05,-0.00019547114700332695,0.00020779088778201117
28,Aggregated,DDoS_TCP,-0.00024473246286387066,0.0006518747863829129,0.0004095547900645239,-0.00045871185700751735,0.00014484103539602055
28,Aggregated,DDoS_UDP,9.013855327587028e-05,-3.326568988728888e-05,-3.326568988728888e-05,-5.472882992398343e-05,-3.326568988728888e-05
28,Aggregated,Fingerprinting,0.33827209975311734,0.06231946350776259,-0.035457625649883084,-0.18452244013614216,0.06632906196570497
28,Aggregated,MITM,0.0005927174257482515,-0.0017947166767493454,0.0009240054158384507,0.0007151499438250978,-0.0004371561086624546
28,Aggregated,Normal,0.284358269965233,-0.07105088316847989,-0.0714191636920286,-0.07177854580432298,-0.07115037417849238
28,Aggregated,Password,0.08203777091316354,-0.020602384804402876,-0.017157516285837015,-0.01849802838853182,-0.02237155577960398
28,Aggregated,Port_Scanning,0.0,0.0,0.0,0.0,0.0
28,Aggregated,Ransomware,0.2057644756499946,-0.027915470214626887,-0.03520578969509543,-0.03621813966504876,-0.060098094578399326
28,Aggregated,SQL_injection,0.06898514788949044,-0.007557617860927593,0.01166654589572516,0.024050366239043167,0.01636086891405881
28,Aggregated,Uploading,0.033898465520950855,-0.005052494832344543,0.017193759272153424,-0.009396089572085207,-0.005742695051016596
28,Aggregated,Vulnerability_scanner,0.018808689732657407,-0.00515750283823286,0.0011149876041740485,0.007455240653219001,0.0033868330133176973
28,Aggregated,XSS,0.010761520186250284,-0.005730646951456862,0.002906855549458936,-0.008886567663242176,0.0009488388789898191
28,Centralized,Backdoor,0.10458731194880516,-0.02235287443064086,-0.027496269602948795,-0.018403390503181547,-0.04070113301424811
28,Centralized,DDoS_HTTP,0.11929755239189486,-0.023180024872797102,-0.05825290886656943,-0.022722737888378097,-0.02287402721191685
28,Centralized,DDoS_ICMP,1.4278278235535514e-05,0.00023441254672100232,-8.450827099380128e-05,-0.00019547114700332695,0.00020779088778201117
28,Centralized,DDoS_TCP,-0.00024473246286387066,0.0006518747863829129,0.0004095547900645239,-0.00045871185700751735,0.00014484103539602055
28,Centralized,DDoS_UDP,9.013855327587028e-05,-3.326568988728888e-05,-3.326568988728888e-05,-5.472882992398343e-05,-3.326568988728888e-05
28,Centralized,Fingerprinting,0.33827209975311734,0.06231946350776259,-0.035457625649883084,-0.18452244013614216,0.06632906196570497
28,Centralized,MITM,0.0005927174257482515,-0.0017947166767493454,0.0009240054158384507,0.0007151499438250978,-0.0004371561086624546
28,Centralized,Normal,0.284358269965233,-0.07105088316847989,-0.0714191636920286,-0.07177854580432298,-0.07115037417849238
28,Centralized,Password,0.08203777091316354,-0.020602384804402876,-0.017157516285837015,-0.01849802838853182,-0.02237155577960398
28,Centralized,Port_Scanning,0.0,0.0,0.0,0.0,0.0
28,Centralized,Ransomware,0.2057644756499946,-0.027915470214626887,-0.03520578969509543,-0.03621813966504876,-0.060098094578399326
28,Centralized,SQL_injection,0.06898514788949044,-0.007557617860927593,0.01166654589572516,0.024050366239043167,0.01636086891405881
28,Centralized,Uploading,0.033898465520950855,-0.005052494832344543,0.017193759272153424,-0.009396089572085207,-0.005742695051016596
28,Centralized,Vulnerability_scanner,0.018808689732657407,-0.00515750283823286,0.0011149876041740485,0.007455240653219001,0.0033868330133176973
28,Centralized,XSS,0.010761520186250284,-0.005730646951456862,0.002906855549458936,-0.008886567663242176,0.0009488388789898191
29,0,Backdoor,-0.20868235918052944,0.03162522705376076,0.05806449709391247,0.06355891073804286,0.05433062900944281
29,0,DDoS_HTTP,-0.07278838335224241,0.014007619570293731,0.020525708372574235,0.025180106978157712,0.008454866557915972
29,0,DDoS_ICMP,0.0006228968636625753,-0.00040735165762335787,0.00018978471997176208,-0.00018285433876325346,3.817881483094328e-06
29,0,DDoS_TCP,1.6781216964040224e-05,-2.5268931130650874e-05,-7.427493328169832e-05,6.598143048426875e-05,1.6781216964040224e-05
29,0,DDoS_UDP,0.0,0.0,0.0,0.0,0.0
29,0,Fingerprinting,0.18255999966046044,-0.2047790267578499,0.12785720744405377,-0.1051685647377287,0.0021829042849635066
29,0,MITM,0.0,0.0,0.0,0.0,0.0
29,0,Normal,0.0,0.0,0.0,0.0,0.0
29,0,Password,-0.23174157231550177,0.05775990171502633,0.06288379360215347,0.06146177907545181,0.04989669493992683
29,0,Port_Scanning,0.0,0.0,0.0,0.0,0.0
29,0,Ransomware,-0.0811024143543855,-0.05766643585247489,0.058836057837706866,0.06642580104078025,0.0346653201790098
29,0,SQL_injection,-0.170632617030605,0.016967474412926,0.004464387390697825,-0.045569404300655585,0.04573886295535656
29,0,Uploading,-0.025636710061569416,0.01034918924587568,0.005514626738653278,-0.011886794365717709,-0.0027700496591849533
29,0,Vulnerability_scanner,-0.026722228952686344,0.0019139007421881923,0.005851301653920019,-0.00786425397658758,0.0040273152886446725
29,0,XSS,-0.0019615964193690056,0.00403595866380895,-0.0019615964193690056,0.0018838961669188675,-0.0019966619919898065
29,1,Backdoor,-0.19012888787988672,0.025838535831785286,0.05132049024370467,0.057286347974160844,0.04508596531133902
29,1,DDoS_HTTP,-0.09283164917777366,0.014825191415490659,0.02195621039221557,0.025748476920686825,0.010009569098683467
29,1,DDoS_ICMP,-0.00034167309384499446,-0.00037636166012715945,0.00020159746345843426,-2.2970162672978727e-06,-0.00015312496480062536
29,1,DDoS_TCP,-0.00044649055894137405,0.0002649509634406411,0.0004000570260025001,-0.00044782331581268245,0.00022930588531091533
29,1,DDoS_UDP,0.0,0.0,0.0,0.0,0.0
29,1,Fingerprinting,-0.03644417851307483,-0.2455333367013715,0.11477496610693126,-0.06994259276091701,-0.07077274669461789
29,1,MITM,0.0,0.0,0.0,0.0,0.0
29,1,Normal,0.0,0.0,0.0,0.0,0.0
29,1,Password,-0.2260434361549156,0.05347498830042194,0.05906958294046285,0.05902969585821221,0.05072024112542129
29,1,Port_Scanning,0.0,0.0,0.0,0.0,0.0
29,1,Ransomware,-0.08055501910676834,-0.0484104678781672,0.05181256428058597,0.06538091380134935,0.04222682757661275
29,1,SQL_injection,-0.13687364649894912,0.018901486374710837,0.0028604951189033353,-0.04142820367076192,0.05279030178195552
29,1,Uploading,-0.012603883205099555,0.00838844572758091,0.0036771558846419496,-0.01258206237923271,-0.004446384767803693
29,1,Vulnerability_scanner,-0.018931063774970145,0.002209667468543991,0.005480279445020267,-0.005578982163329497,0.003465239024851437
29,1,XSS,-0.0011274668489173675,0.003982057220224044,-0.0011274668489173675,-0.0005600035065056729,-0.0011671200158836358
29,2,Backdoor,-0.2010543298370412,0.02931427193039812,0.05463146729014039,0.059330683364599755,0.0497289893249754
29,2,DDoS_HTTP,-0.07723420932918962,0.0149240914258563,0.017525712393955277,0.022599065164669287,0.008563942483216324
29,2,DDoS_ICMP,-0.00034465437423659707,-0.0003812272008685669,8.531802854096493e-05,8.68442483138332e-05,-0.00011976910828033205
29,2,DDoS_TCP,0.0009513073023091382,-0.0002256674723742136,-0.0003510417641818031,0.0002972287413025243,0.00033314495401497076
29,2,DDoS_UDP,0.0,0.0,0.0,0.0,0.0
29,2,Fingerprinting,-0.14237513558566187,-0.251834389781758,0.09682864309180102,-0.009818024081181959,-0.06168998253208784
29,2,MITM,0.0,0.0,0.0,0.0,0.0
29,2,Normal,0.0,0.0,0.0,0.0,0.0
29,2,Password,-0.22037580051525268,0.050800140108501465,0.05754774628452187,0.05661447988293812,0.046296579950405994
29,2,Port_Scanning,0.0,0.0,0.0,0.0,0.0
29,2,Ransomware,-0.0748817992819577,-0.05166502608350062,0.05028173976566071,0.0570255851225135,0.031287693248368414
29,2,SQL_injection,-0.133686633545163,0.022172393963990525,-0.005865105518012167,-0.03941590903833769,0.04910294644521467
29,2,Uploading,-0.011539608914066772,0.007504144908724745,0.0029239076969411197,-0.005185704120535416,-0.0011515291427582732
29,2,Vulnerability_scanner,-0.018917509188086976,0.0016762664502859292,0.003751002963853778,-0.006711062591976745,0.002588359752981458
29,2,XSS,-0.004585544160751009,0.008231925646053535,-0.004585544160751009,0.00396008098585936,-0.0030209183104108733
29,3,Backdoor,-0.1916764100623373,0.02575092564712404,0.051476816357376116,0.056336287347739857,0.04594508032986917
29,3,DDoS_HTTP,-0.09047133722288529,0.01422288033186305,0.017929283543083867,0.0286302174114706,0.00482493107244286
29,3,DDoS_ICMP,-6.463022382480013e-05,0.0002206326559339278,-0.00015944065363778236,0.000163355908681756,-0.00015747181431894537
29,3,DDoS_TCP,0.0006064626562177858,-0.00019135875452502837,0.00012219414235451845,-0.0002203616659207467,0.00018394600534692626
29,3,DDoS_UDP,-1.608233158990613e-05,-1.608233158990613e-05,6.432932635962452e-05,-1.608233158990613e-05,-1.608233158990613e-05
29,3,Fingerprinting,0.07418064651135571,-0.1266360353609864,0.06755009057478896,-0.0727799277005309,-0.049457631167484514
29,3,MITM,0.0,0.0,0.0,0.0,0.0
29,3,Normal,0.0,0.0,0.0,0.0,0.0
29,3,Password,-0.2122089652106305,0.050862739969818466,0.05524083000980053,0.05517243693087554,0.04668630950657035
29,3,Port_Scanning,0.0,0.0,0.0,0.0,0.0
29,3,Ransomware,-0.11647620032342204,-0.053037089509666076,0.05372730992483921,0.07023447392869969,0.033122127448475834
29,3,SQL_injection,-0.1455391734506682,0.019649582948941122,0.0008902995745656041,-0.035489209222293226,0.04480756472972204
29,3,Uploading,-0.03145472460590081,0.013694425875442121,0.014287763988077233,-0.020458388778580992,-0.005162157584924298
29,3,Vulnerability_scanner,-0.02422762256577563,0.002533415543814218,0.004520470545467142,-0.007539422779808014,0.0035209642738134686
29,3,XSS,-0.0005976205518700388,0.0020622579159517603,-0.0005976205518700388,-0.00020397521046463564,-0.0006630416017470471
29,4,Backdoor,0.32315658965372346,-0.09294064371683068,-0.07760614744677247,-0.06967834681129599,-0.07696189260346847
29,4,DDoS_HTTP,0.24605331388202253,-0.05578589896029994,-0.05580172690228728,-0.052684441066726116,-0.05835465161410033
29,4,DDoS_ICMP,0.00012003404013333219,-0.0005165060400369829,0.00036343795506612225,-0.00016089330996923076,-2.9719520519629523e-05
29,4,DDoS_TCP,0.0006430730900285452,-0.000330201951962944,-0.00025383966840432647,0.00035552589687502524,9.291742321480556e-05
29,4,DDoS_UDP,0.00024154589371977453,-8.051529790659151e-05,0.0,-8.051529790659151e-05,-8.051529790659151e-05
29,4,Fingerprinting,0.0505774085538978,-0.24133253758945802,0.1387685635845745,-0.06914733974636535,-0.023793631034533035
29,4,MITM,0.0,0.0,0.0,0.0,0.0
29,4,Normal,0.319268909465246,-0.07910112775200351,-0.08054468869878607,-0.07956092186588375,-0.07895102284030911
29,4,Password,0.1378114897737681,-0.030213474997241075,-0.029795192253639614,-0.030423976874243933,-0.03039603498553551
29,4,Port_Scanning,0.0,0.0,0.0,0.0,0.0
29,4,Ransomware,0.3019641756539301,-0.08935225870104167,-0.0781712729496588,-0.07321198069635397,-0.08725646573219348
29,4,SQL_injection,-0.060379112691936326,-0.016515282207976722,0.01847164384664194,-0.017531716468320822,-0.007507665399582728
29,4,Uploading,0.08262781461308467,0.003435998935335086,-0.03487299340490583,-0.030088000903423333,-0.028347861298173748
29,4,Vulnerability_scanner,-0.011932737324728881,0.0014227983273661187,0.003305038997790712,-0.003876836461167534,0.0017462672015008025
29,4,XSS,0.010877572171861239,-0.016592498004596185,0.010877572171861239,-0.012502530068776472,0.0073398837296501825
29,Aggregated,Backdoor,0.08558749302576825,-0.04813551779422953,-0.018016349086657155,-0.005985275768768524,-0.018363133486641595
29,Aggregated,DDoS_HTTP,0.09048449942133592,-0.025476792797590308,-0.022612933871423043,-0.018035073279053567,-0.02986533405171656
29,Aggregated,DDoS_ICMP,-1.6310431218635736e-06,-0.0002922589300639267,0.0001361831805516837,-1.926844051792035e-05,-9.124228347706098e-05
29,Aggregated,DDoS_TCP,0.00035429513637953437,-0.00010126122798685966,-3.1646424512771223e-05,9.828653811246497e-06,0.00017152144574863286
29,Aggregated,DDoS_UDP,4.506492221862945e-05,-1.9314130493541803e-05,1.2877469261995956e-05,-1.9314130493541803e-05,-1.9314130493541803e-05
29,Aggregated,Fingerprinting,0.034255882409760054,-0.21137416331819978,0.10938610748657901,-0.06263290242247291,-0.0396949526227747
29,Aggregated,MITM,0.0,0.0,0.0,0.0,0.0
29,Aggregated,Normal,0.2858628383924494,-0.07078349700790705,-0.0721861013321717,-0.0712344017318454,-0.0706413420734656
29,Aggregated,Password,0.07393787578385341,-0.018515758501559582,-0.017328485968959386,-0.01784691770813065,-0.01949669164027477
29,Aggregated,Port_Scanning,0.0,0.0,0.0,0.0,0.0
29,Aggregated,Ransomware,0.20486772921416022,-0.07527419450979704,-0.04296484669343544,-0.029402219908610697,-0.05462296831571887
29,Aggregated,SQL_injection,-0.10728807266241915,-0.007295709704648272,0.020007596897843392,-0.028029052350725423,0.01039904983447237
29,Aggregated,Uploading,0.042786575938805145,0.01389909283090512,-0.02407742639314202,-0.026571277242825046,-0.02296971148758035
29,Aggregated,Vulnerability_scanner,-0.020181039497466146,0.0019539986818183142,0.00459083439435928,-0.006316359303068586,0.003075609811272774
29,Aggregated,XSS,0.0019310174781483175,-0.003557004062656516,0.0019310174781483175,-0.0018252050424901723,0.0015201741488500527
29,Centralized,Backdoor,0.08558749302576825,-0.04813551779422953,-0.018016349086657155,-0.005985275768768524,-0.018363133486641595
29,Centralized,DDoS_HTTP,0.09048449942133592,-0.025476792797590308,-0.022612933871423043,-0.018035073279053567,-0.02986533405171656
29,Centralized,DDoS_ICMP,-1.6310431218635736e-06,-0.0002922589300639267,0.0001361831805516837,-1.926844051792035e-05,-9.124228347706098e-05
29,Centralized,DDoS_TCP,0.00035429513637953437,-0.00010126122798685966,-3.1646424512771223e-05,9.828653811246497e-06,0.00017152144574863286
29,Centralized,DDoS_UDP,4.506492221862945e-05,-1.9314130493541803e-05,1.2877469261995956e-05,-1.9314130493541803e-05,-1.9314130493541803e-05
29,Centralized,Fingerprinting,0.034255882409760054,-0.21137416331819978,0.10938610748657901,-0.06263290242247291,-0.0396949526227747
29,Centralized,MITM,0.0,0.0,0.0,0.0,0.0
29,Centralized,Normal,0.2858628383924494,-0.07078349700790705,-0.0721861013321717,-0.0712344017318454,-0.0706413420734656
29,Centralized,Password,0.07393787578385341,-0.018515758501559582,-0.017328485968959386,-0.01784691770813065,-0.01949669164027477
29,Centralized,Port_Scanning,0.0,0.0,0.0,0.0,0.0
29,Centralized,Ransomware,0.20486772921416022,-0.07527419450979704,-0.04296484669343544,-0.029402219908610697,-0.05462296831571887
29,Centralized,SQL_injection,-0.10728807266241915,-0.007295709704648272,0.020007596897843392,-0.028029052350725423,0.01039904983447237
29,Centralized,Uploading,0.042786575938805145,0.01389909283090512,-0.02407742639314202,-0.026571277242825046,-0.02296971148758035
29,Centralized,Vulnerability_scanner,-0.020181039497466146,0.0019539986818183142,0.00459083439435928,-0.006316359303068586,0.003075609811272774
29,Centralized,XSS,0.0019310174781483175,-0.003557004062656516,0.0019310174781483175,-0.0018252050424901723,0.0015201741488500527
30,0,Backdoor,-0.19923642623609403,0.0532508854368383,0.044365848410865286,0.05472398018187712,0.053578417365561584
30,0,DDoS_HTTP,-0.05159678263654292,0.015148360569031686,0.010404430153416026,0.017024138920226136,0.014865025036224248
30,0,DDoS_ICMP,0.0006706927316595446,-8.143142740115738e-05,-0.0006583642748485497,-0.00035909303597784955,-0.00024661575285761885
30,0,DDoS_TCP,0.00011079702131885176,-0.00021602474335612464,-0.0002387207106901971,2.697388165160038e-05,0.0003169745510758696
30,0,DDoS_UDP,2.1533060431220644e-05,4.8371493066751146e-05,-0.00011297067436041308,2.1533060431220644e-05,2.1533060431220644e-05
30,0,Fingerprinting,0.24354823710860837,0.0745505165629004,-0.19636772927794593,-0.18671860647092842,-0.15112963403985075
30,0,MITM,0.0,0.0,0.0,0.0,0.0
30,0,Normal,0.0,0.0,0.0,0.0,0.0
30,0,Password,-0.2034273969980828,0.06797675076203347,0.016775598151374232,0.07836619953651944,0.04030884854815557
30,0,Port_Scanning,0.0,0.0,0.0,0.0,0.0
30,0,Ransomware,-0.10918509184451188,0.027449961903258067,0.021856106676461665,0.010727546234101387,-0.0030674578805519066
30,0,SQL_injection,-0.1215976009152498,0.062358152734414606,0.10556472979704015,0.018822295310539923,0.0558811674000326
30,0,Uploading,0.02637698548515626,-0.0038825138172603755,0.003605470741519513,-0.007109479835213043,-0.001394532957920818
30,0,Vulnerability_scanner,-0.004306000809037077,0.00778150353408264,0.007318904490273111,0.009181385268950742,-0.0007335668200253665
30,0,XSS,-0.002752243093738689,0.004523473802472067,-0.002752243093738689,0.005812294144698517,-0.0048312817596932065
30,1,Backdoor,-0.16533250971815455,0.04695051723166226,0.03879436335828064,0.0430271996555622,0.04683330266687088
30,1,DDoS_HTTP,-0.05103509119909568,0.021081947622493512,0.012623656562759492,0.02158675914378181,0.019695455526492198
30,1,DDoS_ICMP,0.00013561779030887473,0.0003583436844048826,-0.0003688078196506831,2.338509506097005e-05,7.957729836233774e-05
30,1,DDoS_TCP,0.0003855516397451871,0.0002126647564789382,-0.0003853460216139026,-0.00016112087607482727,-5.174949853539538e-05
30,1,DDoS_UDP,8.07336092372768e-05,8.07336092372768e-05,-0.0003229344369491072,8.07336092372768e-05,8.07336092372768e-05
30,1,Fingerprinting,-0.0375551028492205,0.14396528308293008,-0.0898971507795037,-0.09637863226098518,-0.07521461109696403
30,1,MITM,0.0,0.0,0.0,0.0,0.0
30,1,Normal,0.0,0.0,0.0,0.0,0.0
30,1,Password,-0.20301988483534908,0.06058917886308999,0.02151365265921216,0.07383966008972591,0.0510898165074168
30,1,Port_Scanning,0.0,0.0,0.0,0.0,0.0
30,1,Ransomware,-0.11384697886491854,0.02137770228945912,0.01081964426836486,0.011075962080924909,-0.00303720773253446
30,1,SQL_injection,-0.12751815655909143,0.05384805582273943,0.10179966099154954,-0.002441905770719759,0.054879204942951426
30,1,Uploading,0.020035470622250664,-0.002699503698567754,-0.002949676659478608,-0.002822473987121653,-0.0007298425970621687
30,1,Vulnerability_scanner,-0.002208532268519762,0.004988913120949654,0.004181792701653942,0.005545476050203838,-0.0002636630810084898
30,1,XSS,-0.008401806707988698,0.0009511158781616981,-0.008401806707988698,0.014014494916173577,0.001838002621642123
30,2,Backdoor,-0.18027689034413016,0.04974835057564943,0.043436409912907314,0.046984093841997046,0.04974865556180981
30,2,DDoS_HTTP,-0.04455846259101099,0.015517304381807236,0.010505112374904157,0.01641016501537342,0.013124521215647444
30,2,DDoS_ICMP,-0.00020564233379611886,0.0002799044373869279,-0.00014913837616538085,4.3774087415774744e-07,7.545351694260108e-05
30,2,DDoS_TCP,0.0015463706915536631,-0.0004594017681677998,-0.0009611194659012205,-0.00041207157813279995,-0.00021659390829748364
30,2,DDoS_UDP,3.226843348543285e-05,3.226843348543285e-05,-0.0001290737339417314,3.226843348543285e-05,3.226843348543285e-05
30,2,Fingerprinting,-0.16368799444800625,0.17161789481274148,-0.025419343021460265,-0.061291480286786396,-0.032330188167599534
30,2,MITM,0.0,0.0,0.0,0.0,0.0
30,2,Normal,0.0,0.0,0.0,0.0,0.0
30,2,Password,-0.18844930525306863,0.05819813389673354,0.017760708016647347,0.0730990237353809,0.04637929215845009
30,2,Port_Scanning,0.0,0.0,0.0,0.0,0.0
30,2,Ransomware,-0.11536121067193879,0.007727648715801266,0.01021571025111099,0.0027593709339746773,-0.0036703182961847955
30,2,SQL_injection,-0.12241056366795872,0.056811912652018765,0.10625488425484929,-0.008350005146845467,0.05519377190793603
30,2,Uploading,0.030178075491787217,-0.00780534325960944,-0.004460118250402642,-0.007228940883404212,-0.0035740942041977133
30,2,Vulnerability_scanner,-0.0007135651553407286,0.00550828682821449,0.00501407994122404,0.006353658234431034,-5.05782026666457e-05
30,2,XSS,-0.013144192433550646,0.006151451304629365,-0.013144192433550646,0.015772796904170737,0.004364136658301188
30,3,Backdoor,-0.17078921169850073,0.05055947843425455,0.04316048724049637,0.04951627796019138,0.04705583613239213
30,3,DDoS_HTTP,-0.03697698528138017,0.01911351347044057,0.016020185756001455,0.017449299594871234,0.011225988701905226
30,3,DDoS_ICMP,0.0002678376148798937,2.0748028653005958e-05,-0.0001816498102512202,0.00017423465005273291,0.00017415849185022
30,3,DDoS_TCP,0.0005296993262820848,-0.00022062829761715735,-0.0004225722888917945,-0.0006081249618121583,0.00022074383856556984
30,3,DDoS_UDP,0.000144741004345883,-1.6082311553178295e-05,0.00022515256211177447,-1.6082311553178295e-05,-1.6082311553178295e-05
30,3,Fingerprinting,0.0317079463364293,0.06640866873065016,-0.0859391124871001,-0.07613519091847265,-0.06839525283797729
30,3,MITM,0.0,0.0,0.0,0.0,0.0
30,3,Normal,0.0,0.0,0.0,0.0,0.0
30,3,Password,-0.19435600180912355,0.05730220977939739,0.02046878788790228,0.06963335920850368,0.04935625892099579
30,3,Port_Scanning,0.0,0.0,0.0,0.0,0.0
30,3,Ransomware,-0.12871671836716098,0.02441843333045655,0.022268479461377364,0.01460427010100258,-0.0011577442224502198
30,3,SQL_injection,-0.12001747136763247,0.0565106606898363,0.1069130286537017,-0.0019197927871448524,0.06011420130943905
30,3,Uploading,0.04332204857576518,-0.005351461759584484,0.0034640179317345994,-0.009922629534719323,-0.005954222135245526
30,3,Vulnerability_scanner,-0.0023661968458557467,0.0067590017868432405,0.006165842351446012,0.007429908125981447,0.001453119556659921
30,3,XSS,-0.005280361325925834,0.000461149510167841,-0.005280361325925834,0.009517614455853784,0.0005819586858300407
30,4,Backdoor,0.3522954834998289,-0.08533699057632967,-0.08863852554540248,-0.08991704557670473,-0.07764415426549366
30,4,DDoS_HTTP,0.262696049445191,-0.06370963244456652,-0.06634187436296786,-0.07473119122892781,-0.0701166021906601
30,4,DDoS_ICMP,0.00022127161290697584,0.00014460946749614845,-0.0004713195501841128,-0.00020938346711524652,-0.00013440998212822705
30,4,DDoS_TCP,0.0002305987826673998,-0.00022574488933070348,-0.0003772536438585457,-0.0005221574393639221,0.0008945571898857714
30,4,DDoS_UDP,0.00026307895415099517,4.8371493066751146e-05,-0.00019348597226700459,-5.898223747537086e-05,-5.898223747537086e-05
30,4,Fingerprinting,0.06128474017718868,0.11612563028123667,-0.1391848681871565,-0.13559635144074503,-0.10857880758109589
30,4,MITM,0.0038461538461538438,-0.015384615384615375,0.0038461538461538438,0.0038461538461538438,0.0038461538461538438
30,4,Normal,0.3197577650587397,-0.07915865580164347,-0.07928745864525477,-0.08030220619652575,-0.08171396272120887
30,4,Password,0.1359055619983659,-0.03682703531810034,-0.030471966553225465,-0.03759336701154288,-0.036578731167302814
30,4,Port_Scanning,0.0,0.0,0.0,0.0,0.0
30,4,Ransomware,0.27468669376478705,-0.07073753190757565,-0.07841054311922603,-0.08870140893419148,-0.0965649217054189
30,4,SQL_injection,0.041441169636118116,0.004571714399489834,3.824716576716752e-05,0.030552602997711082,0.0012778857386084729
30,4,Uploading,0.06752390322917107,-0.010909334014595195,-0.01941875224166663,-0.012929748845723708,-0.011083088368129915
30,4,Vulnerability_scanner,0.0018426414058908731,0.0024179910098925303,0.002105573483977959,0.00277172947457463,0.0005887261488646822
30,4,XSS,0.018989313471867345,-0.015480672560319063,0.018989313471867345,-0.020477873731735503,-0.002020080651680125
30,Aggregated,Backdoor,0.12260920019761795,-0.027564063934920384,-0.034294105174873225,-0.035060401362759924,-0.014257932607788818
30,Aggregated,DDoS_HTTP,0.12656903564384103,-0.02366551524564219,-0.027491865971589157,-0.037851689910214516,-0.028271210137032314
30,Aggregated,DDoS_ICMP,0.00021797308975411803,0.00014446104681432038,-0.000365914823406166,-7.407982990945509e-05,-1.0376842348441828e-05
30,Aggregated,DDoS_TCP,0.0005614340505759356,-0.0001819119623354089,-0.00047778138794923506,-0.00033500969145927226,0.0002318472006873203
30,Aggregated,DDoS_UDP,0.00010846650353383095,3.871630969750628e-05,-0.00010657472865688856,1.1889630867765548e-05,1.1889630867765548e-05
30,Aggregated,Fingerprinting,0.03680402792888256,0.11398642929336131,-0.11156096384738938,-0.11605608252356717,-0.09033171960251647
30,Aggregated,MITM,0.0008145363408521344,-0.0032581453634085377,0.0008145363408521344,0.0008145363408521344,0.0008145363408521344
30,Aggregated,Normal,0.2866100092352211,-0.0708590630930492,-0.07098798554088832,-0.0719926748465911,-0.0733826288639058
30,Aggregated,Password,0.07360450219989939,-0.02031096275822231,-0.008861439208639967,-0.022572461196270134,-0.02048227366822896
30,Aggregated,Port_Scanning,0.0,0.0,0.0,0.0,0.0
30,Aggregated,Ransomware,0.1785078052434027,-0.03646643610364043,-0.055279592000824364,-0.07098606310531447,-0.0861275843854936
30,Aggregated,SQL_injection,0.010086447692881743,0.018604368644971704,0.013210472603140745,0.04140747009243009,0.010630213112757997
30,Aggregated,Uploading,0.042262780255401304,-0.005508138907575535,-0.009795027530078014,-0.007402316878413203,-0.004916692189526428
30,Aggregated,Vulnerability_scanner,-0.0015493987439988291,0.005496965127594958,0.004961971059355802,0.006264642872559182,0.0002024406369734851
30,Aggregated,XSS,0.004425068440720137,-0.0027736510034757893,0.004425068440720137,-0.005711986773311024,-0.00036449910465346174
30,Centralized,Backdoor,0.12260920019761795,-0.027564063934920384,-0.034294105174873225,-0.035060401362759924,-0.014257932607788818
30,Centralized,DDoS_HTTP,0.12656903564384103,-0.02366551524564219,-0.027491865971589157,-0.037851689910214516,-0.028271210137032314
30,Centralized,DDoS_ICMP,0.00021797308975411803,0.00014446104681432038,-0.000365914823406166,-7.407982990945509e-05,-1.0376842348441828e-05
30,Centralized,DDoS_TCP,0.0005614340505759356,-0.0001819119623354089,-0.00047778138794923506,-0.00033500969145927226,0.0002318472006873203
30,Centralized,DDoS_UDP,0.00010846650353383095,3.871630969750628e-05,-0.00010657472865688856,1.1889630867765548e-05,1.1889630867765548e-05
30,Centralized,Fingerprinting,0.03680402792888256,0.11398642929336131,-0.11156096384738938,-0.11605608252356717,-0.09033171960251647
30,Centralized,MITM,0.0008145363408521344,-0.0032581453634085377,0.0008145363408521344,0.0008145363408521344,0.0008145363408521344
30,Centralized,Normal,0.2866100092352211,-0.0708590630930492,-0.07098798554088832,-0.0719926748465911,-0.0733826288639058
30,Centralized,Password,0.07360450219989939,-0.02031096275822231,-0.008861439208639967,-0.022572461196270134,-0.02048227366822896
30,Centralized,Port_Scanning,0.0,0.0,0.0,0.0,0.0
30,Centralized,Ransomware,0.1785078052434027,-0.03646643610364043,-0.055279592000824364,-0.07098606310531447,-0.0861275843854936
30,Centralized,SQL_injection,0.010086447692881743,0.018604368644971704,0.013210472603140745,0.04140747009243009,0.010630213112757997
30,Centralized,Uploading,0.042262780255401304,-0.005508138907575535,-0.009795027530078014,-0.007402316878413203,-0.004916692189526428
30,Centralized,Vulnerability_scanner,-0.0015493987439988291,0.005496965127594958,0.004961971059355802,0.006264642872559182,0.0002024406369734851
30,Centralized,XSS,0.004425068440720137,-0.0027736510034757893,0.004425068440720137,-0.005711986773311024,-0.00036449910465346174
31,0,Backdoor,-0.21252252473620017,0.051550916125340254,0.057612905040976145,0.04741116238596931,0.05594754118391421
31,0,DDoS_HTTP,-0.051287506418033244,0.012529721926364553,0.012355854739250029,0.01098011785813176,0.011705066980358902
31,0,DDoS_ICMP,0.00014590258419251804,0.0003148417866317754,5.2079441397517855e-05,-0.00043437078340009724,-0.0003033230892403168
31,0,DDoS_TCP,0.0011840000751575227,-0.00022424693834004287,-0.0003433307974338495,-0.00025939659794533274,0.0004558955380789672
31,0,DDoS_UDP,0.00032206119162636604,0.0,0.0,0.0,0.0
31,0,Fingerprinting,0.15320853154612743,0.10868902020739411,0.04694412022720005,-0.18251803978415904,-0.1263236321965626
31,0,MITM,0.0,0.0,0.0,0.0,0.0
31,0,Normal,0.0,0.0,0.0,0.0,0.0
31,0,Password,-0.23072988316317658,0.059750144579213835,0.05533130940358952,0.05933629936930559,0.05631212981106744
31,0,Port_Scanning,0.0,0.0,0.0,0.0,0.0
31,0,Ransomware,-0.16743254908806493,0.04674534977862083,0.0200772076628326,0.023931318484573774,-0.018321326837962257
31,0,SQL_injection,0.030269915573895766,0.0058734744020362,-0.012481464676876216,-0.03399162743664838,-0.0013240421891849716
31,0,Uploading,0.04576867332504471,-0.008994681924705686,0.005983105533524499,-0.013437078251456108,0.0065202175186915715
31,0,Vulnerability_scanner,0.009736370514367494,0.0030218639814571235,-0.0077409249632391834,-0.007593856941113919,0.0015076574507496092
31,0,XSS,-0.010342615255532733,0.0008539869556069846,-0.0017720576676821629,0.012241420263321541,-0.0009807342957136296
31,1,Backdoor,-0.17898654889618995,0.04563830404153056,0.050414537297308014,0.03686467066353331,0.04839991188243676
31,1,DDoS_HTTP,-0.055465617658406824,0.015691761570181373,0.013425202304412298,0.014160410720071522,0.014311266278701539
31,1,DDoS_ICMP,4.886263692627975e-05,8.520727426807318e-05,3.0081103864865177e-05,-0.00010078095673759317,-6.337005832162494e-05
31,1,DDoS_TCP,0.0011441142776932218,9.70954078781024e-05,-0.00017331481552153768,-0.0009219624514686572,-0.00014593241858112949
31,1,DDoS_UDP,0.0001771336553945013,9.661835748790981e-05,-0.00011808910359633422,-0.00011808910359633422,-3.7573805689742706e-05
31,1,Fingerprinting,0.0120211161387632,0.09358220211161382,0.0076093514328808435,-0.06641025641025641,-0.046802413273001504
31,1,MITM,0.05000000000000001,0.02727272727272727,-0.03333333333333332,-0.03333333333333332,-0.01060606060606061
31,1,Normal,0.0,0.0,0.0,0.0,0.0
31,1,Password,-0.22836049545486373,0.05867918342127542,0.05628744873109683,0.05563390122976182,0.057759962072729515
31,1,Port_Scanning,0.0,0.0,0.0,0.0,0.0
31,1,Ransomware,-0.13789047529896342,0.04452646045024,0.03366984531084622,0.03172398528738056,-0.003623478377648844
31,1,SQL_injection,0.0068596237998125534,0.0038911230999391744,-0.009046438195441733,-0.02180641919590989,0.002917845481247922
31,1,Uploading,0.03418650008474058,-0.007016126991609502,-0.0003427369542150787,-0.011668096766520693,0.001213738563314292
31,1,Vulnerability_scanner,0.005042481441047423,0.0033206041807753123,-0.00618863023754187,-0.005347688136508335,0.0016602299968935216
31,1,XSS,-0.019856711448002166,0.0003818254284575533,-0.010633519201884234,0.03314447324564365,-0.0030360680242148053
31,2,Backdoor,-0.1983882599704967,0.049475060805670136,0.0535610641273905,0.04005878497910016,0.05137945573348279
31,2,DDoS_HTTP,-0.04935611742714216,0.012822421279506188,0.01125162296143347,0.01098299868407064,0.010945506077968016
31,2,DDoS_ICMP,-3.36000820177873e-05,0.00019093074551214672,-9.013049945878482e-05,-3.36000820177873e-05,-3.36000820177873e-05
31,2,DDoS_TCP,0.0009013307128488912,-0.00041843103098750204,-0.0003868604378306458,-0.0011523766567891483,5.268494553229234e-05
31,2,DDoS_UDP,0.0001771336553945013,9.661835748790981e-05,-0.00011808910359633422,-0.00011808910359633422,-3.7573805689742706e-05
31,2,Fingerprinting,-0.028703703703703707,0.10555555555555556,-0.019444444444444445,-0.028703703703703707,-0.028703703703703707
31,2,MITM,0.05000000000000001,0.02727272727272727,-0.03333333333333332,-0.03333333333333332,-0.01060606060606061
31,2,Normal,0.0,0.0,0.0,0.0,0.0
31,2,Password,-0.21759542016799674,0.05629176843229788,0.05310501962471956,0.05495058868182715,0.05110759544852426
31,2,Port_Scanning,0.0,0.0,0.0,0.0,0.0
31,2,Ransomware,-0.1274754269096667,0.04685262321671057,0.020080141467024245,0.02100775725294312,-0.009927460618408952
31,2,SQL_injection,0.009226446206933728,0.0016328909851378796,-0.006094980489953516,-0.02488530030245247,0.002796382196825603
31,2,Uploading,0.050698717371864724,-0.013291723885255149,0.0033143802673111654,-0.02297867345409093,0.002679434747785363
31,2,Vulnerability_scanner,0.007081450092939887,0.002731335580472627,-0.007260170580393418,-0.006284973520182349,0.0006638924547045621
31,2,XSS,-0.022738198434020352,0.005127375087966223,-0.004341784396141332,0.027286634606314426,-0.005334026864118962
31,3,Backdoor,-0.1881546848146476,0.04682666069705851,0.0518441199728765,0.0408685109116742,0.048615393233038554
31,3,DDoS_HTTP,-0.04406145720546402,0.01001780249240269,0.01136937248191191,0.0107702762681348,0.010504565739104145
31,3,DDoS_ICMP,-7.07257813822304e-06,-6.44579613587548e-05,-2.6725467324983933e-05,4.912800341098089e-05,4.912800341098089e-05
31,3,DDoS_TCP,0.0012559853075121863,-3.7255589046558676e-05,-0.00048166129105337203,-0.0009877717609308187,6.433609687877909e-05
31,3,DDoS_UDP,0.0006705219782902986,0.0002145968917729076,-0.00021459345212552586,-0.00024139733810870276,-0.00010727426823575748
31,3,Fingerprinting,0.026020264565156208,0.05053006848672481,0.008664039778590864,-0.0524111079838634,-0.0328032648466085
31,3,MITM,0.15363636363636365,0.049090909090909074,-0.03878787878787877,-0.038787878787878774,-0.01606060606060606
31,3,Normal,0.0,0.0,0.0,0.0,0.0
31,3,Password,-0.21270546751524547,0.054110335959199694,0.05145098813550648,0.05454430060916119,0.052599842811378014
31,3,Port_Scanning,0.0,0.0,0.0,0.0,0.0
31,3,Ransomware,-0.1585063606558963,0.060042239263969115,0.03350455439436224,0.03091760463229941,-0.011261168880570624
31,3,SQL_injection,0.022184199373069417,0.0028948914443784526,-0.004097267524940794,-0.02835378813238978,0.0034989768708666115
31,3,Uploading,0.06175669289626191,-0.01799483101947859,0.008266385290588436,-0.029531073851017314,0.01162441487819795
31,3,Vulnerability_scanner,0.008782013281620859,0.003856559325083105,-0.00742946755461143,-0.007497898149063157,0.0017966216982810016
31,3,XSS,-0.013233336786916973,-0.00022626614993105504,-0.004011699551434058,0.022285263181889156,-0.0048139606936070745
31,4,Backdoor,0.3280149866543473,-0.0804862564383004,-0.0756406792161711,-0.09310737216091954,-0.08295546782694023
31,4,DDoS_HTTP,0.25168317180402716,-0.07440416523244014,-0.06359651885678594,-0.06487767541913796,-0.06281271362750827
31,4,DDoS_ICMP,0.00016104932856861505,0.0002544986038148252,6.742078350253644e-05,-0.0002882858945681114,-0.00019468282131786528
31,4,DDoS_TCP,0.0011843404658884134,6.825422151743866e-05,-0.00013480938652720708,-0.0008882637486532822,7.545957379980946e-05
31,4,DDoS_UDP,0.00023081052066556234,1.61030595813183e-05,-9.125067096080372e-05,-9.125067096080372e-05,-6.44122383252732e-05
31,4,Fingerprinting,0.07463737847033042,0.12093518821207612,0.03137099996367731,-0.13588893731914325,-0.09105462932694054
31,4,MITM,0.006410256410256406,-0.019230769230769218,0.006410256410256406,0.006410256410256406,0.0
31,4,Normal,0.3163577051089924,-0.07941329369897435,-0.0785280454395,-0.07977880325627723,-0.07847867936100075
31,4,Password,0.13834925649135982,-0.03311203950350465,-0.034243077576056845,-0.033184481921030726,-0.03445820209804806
31,4,Port_Scanning,0.0,0.0,0.0,0.0,0.0
31,4,Ransomware,0.2253300424745592,-0.07914451541424776,-0.07559088113352154,-0.0775856661459135,-0.03835373164736729
31,4,SQL_injection,0.045155531778017795,-0.0050331539946692145,-0.026643528501161966,-0.019201063176545782,-0.005386751035386427
31,4,Uploading,0.09066761798352838,-0.008662574486736352,-0.004724122356286764,-0.023752093234737662,-0.029191383240237335
31,4,Vulnerability_scanner,0.006370394298595233,0.0016203532825055655,-0.005544112372160663,-0.004369295637543356,0.0006370489198258463
31,4,XSS,0.036336913550838,-0.01158970100561899,0.005651105564837428,-0.03549672166265403,0.005098403552597584
31,Aggregated,Backdoor,0.08645295455545678,-0.01689005493931585,-0.010002186300826292,-0.039965884659274024,-0.02081247046640804
31,Aggregated,DDoS_HTTP,0.12122176679931959,-0.0446053016107651,-0.027145068063080282,-0.02766609310552757,-0.026786138717910975
31,Aggregated,DDoS_ICMP,6.304849686414316e-05,0.0001561910169343613,6.5663692086770364e-06,-0.00016158359965452265,-0.000109167926490276
31,Aggregated,DDoS_TCP,0.0011331381322182569,-0.0001032901721752281,-0.00030390700967431275,-0.0008422880330562525,0.00010046626644882502
31,Aggregated,DDoS_UDP,0.000315573641512612,8.480184127005464e-05,-0.00010841897270038591,-0.00011378389375973352,-4.9373036498068236e-05
31,Aggregated,Fingerprinting,0.05424126971377141,0.09677822594787601,0.01642750729607558,-0.0986589349966705,-0.0687880679610525
31,Aggregated,MITM,0.048167207636577766,0.015455647315008836,-0.018875398879712964,-0.018875398879712967,-0.007075064710957727
31,Aggregated,Normal,0.2832878202704364,-0.07113974268905533,-0.0702648285362871,-0.07150048210729539,-0.07021910458091381
31,Aggregated,Password,0.07657930965584146,-0.018802738356754712,-0.019188163887716683,-0.018243456281627168,-0.019982045565457976
31,Aggregated,Port_Scanning,0.0,0.0,0.0,0.0,0.0
31,Aggregated,Ransomware,0.10931930024865871,-0.05014643627838549,-0.048808103176094804,-0.05309176638212877,-0.010096540193341866
31,Aggregated,SQL_injection,0.037077922797830495,0.0011444942530385684,-0.025802632315041475,-0.02422432614964057,-0.00041468589975394906
31,Aggregated,Uploading,0.06580226221894434,-0.005648540203317855,0.0021590363506631483,-0.01766337885169645,-0.018474563005204232
31,Aggregated,Vulnerability_scanner,0.007413392998085662,0.002915039926398644,-0.0068385004585005205,-0.006224992667154204,0.0012599393765877413
31,Aggregated,XSS,0.008864493416129752,-0.001574896628435508,0.0019017775518662483,-0.010333842683753985,0.0011424683441934912
31,Centralized,Backdoor,0.08645295455545678,-0.01689005493931585,-0.010002186300826292,-0.039965884659274024,-0.02081247046640804
31,Centralized,DDoS_HTTP,0.12122176679931959,-0.0446053016107651,-0.027145068063080282,-0.02766609310552757,-0.026786138717910975
31,Centralized,DDoS_ICMP,6.304849686414316e-05,0.0001561910169343613,6.5663692086770364e-06,-0.00016158359965452265,-0.000109167926490276
31,Centralized,DDoS_TCP,0.0011331381322182569,-0.0001032901721752281,-0.00030390700967431275,-0.0008422880330562525,0.00010046626644882502
31,Centralized,DDoS_UDP,0.000315573641512612,8.480184127005464e-05,-0.00010841897270038591,-0.00011378389375973352,-4.9373036498068236e-05
31,Centralized,Fingerprinting,0.05424126971377141,0.09677822594787601,0.01642750729607558,-0.0986589349966705,-0.0687880679610525
31,Centralized,MITM,0.048167207636577766,0.015455647315008836,-0.018875398879712964,-0.018875398879712967,-0.007075064710957727
31,Centralized,Normal,0.2832878202704364,-0.07113974268905533,-0.0702648285362871,-0.07150048210729539,-0.07021910458091381
31,Centralized,Password,0.07657930965584146,-0.018802738356754712,-0.019188163887716683,-0.018243456281627168,-0.019982045565457976
31,Centralized,Port_Scanning,0.0,0.0,0.0,0.0,0.0
31,Centralized,Ransomware,0.10931930024865871,-0.05014643627838549,-0.048808103176094804,-0.05309176638212877,-0.010096540193341866
31,Centralized,SQL_injection,0.037077922797830495,0.0011444942530385684,-0.025802632315041475,-0.02422432614964057,-0.00041468589975394906
31,Centralized,Uploading,0.06580226221894434,-0.005648540203317855,0.0021590363506631483,-0.01766337885169645,-0.018474563005204232
31,Centralized,Vulnerability_scanner,0.007413392998085662,0.002915039926398644,-0.0068385004585005205,-0.006224992667154204,0.0012599393765877413
31,Centralized,XSS,0.008864493416129752,-0.001574896628435508,0.0019017775518662483,-0.010333842683753985,0.0011424683441934912
32,0,Backdoor,-0.21273591374197795,0.048416645444777015,0.056224325531400006,0.054226113274693746,0.05212799121051961
32,0,DDoS_HTTP,-0.06316088078564434,0.016395350653106558,0.018629906444457476,0.017773827283475138,0.01722897028319136
32,0,DDoS_ICMP,0.0003484564561915334,0.00018002309801350423,0.0003672369306062406,8.517505125818317e-05,-0.0005316596170449994
32,0,DDoS_TCP,-0.0003681191355020356,-0.0006348412919728227,3.461621892756709e-05,0.00010248583229108266,5.293709673894383e-05
32,0,DDoS_UDP,-6.44122383252732e-05,-6.44122383252732e-05,-6.44122383252732e-05,-6.44122383252732e-05,-6.44122383252732e-05
32,0,Fingerprinting,0.11638239334134039,0.04027481469936714,0.11653556253057977,0.06790528544761723,-0.23395519887604727
32,0,MITM,0.0,0.0,0.0,0.0,0.0
32,0,Normal,0.0,0.0,0.0,0.0,0.0
32,0,Password,-0.1922185932534776,0.055157268674503615,0.04424061159905448,0.04330351015146012,0.04951720282845932
32,0,Port_Scanning,0.0,0.0,0.0,0.0,0.0
32,0,Ransomware,-0.11615732416652054,0.03958782735162523,0.08603194418359726,0.07437277188292199,0.04592087830935169
32,0,SQL_injection,-0.1519192828409093,-0.0018228805384988178,0.06607036660973604,0.05705323030958473,-0.006993563025092068
32,0,Uploading,0.018046991248902664,-0.015831531422399996,-0.008249038301311582,-0.017774609371711273,-0.02237928380179522
32,0,Vulnerability_scanner,0.006272016502109127,-0.004106026062219239,0.00377655338098913,0.0006804757623565379,-0.012713636784963867
32,0,XSS,-0.0062257004399680895,0.002963537455949733,-0.0062257004399680895,0.0035116797644357354,0.005976183659550712
32,1,Backdoor,-0.18419585229616153,0.044290822815493194,0.04802991286835517,0.04606208724069042,0.04496403745881491
32,1,DDoS_HTTP,-0.07929025688960702,0.01898614437640838,0.01915036371727921,0.020078418082102888,0.02018096107387606
32,1,DDoS_ICMP,-0.00023231749335382115,8.570681752355831e-05,1.0251204519556856e-05,0.0002728861348254656,-0.00013764163970768814
32,1,DDoS_TCP,0.0010525675310390484,-0.0007167236249750668,8.003557041507126e-05,-0.00036128762298870594,-5.459185349034705e-05
32,1,DDoS_UDP,0.0,0.0,0.0,0.0,0.0
32,1,Fingerprinting,-0.07061700167322281,0.06747999162859844,0.07761673033131725,0.1369926878766112,-0.11859315119736004
32,1,MITM,0.0,0.0,0.0,0.0,0.0
32,1,Normal,0.0,0.0,0.0,0.0,0.0
32,1,Password,-0.18655561446626492,0.051933988631799974,0.045441170984187935,0.02956612814106158,0.05482427083698789
32,1,Port_Scanning,0.0,0.0,0.0,0.0,0.0
32,1,Ransomware,-0.11453449243691255,0.0246737016700481,0.07807424912613767,0.05467642833630961,0.038606619953053666
32,1,SQL_injection,-0.16821675467325584,0.013806998280560506,0.06236894998568108,0.06903911031348296,0.01338732736664273
32,1,Uploading,0.013917528279553521,-0.006942685597539512,-0.004580876337198046,-0.007221356821960708,-0.00851683610237595
32,1,Vulnerability_scanner,0.004890050880901231,-0.001759011999897945,0.0018806313040032995,0.002052138324991313,-0.00781500420880334
32,1,XSS,-0.011781535414214403,-0.003079805589736973,-0.011781535414214403,0.003491408994439,0.02315146742372678
32,2,Backdoor,-0.19809617669575597,0.04557165406271749,0.05259669899639118,0.04971710145497613,0.04790663624384311
32,2,DDoS_HTTP,-0.06071211757686069,0.0166336385467669,0.016915933440387897,0.01569948353383547,0.016007199307362916
32,2,DDoS_ICMP,-0.0005884474074120238,0.0001797638218872318,0.00012339396548444921,0.00014164979342008998,-8.214351472967489e-05
32,2,DDoS_TCP,0.001041837185016516,0.00014839525705262108,0.00043589827335267876,0.0001233408217123329,-0.0002430030409623955
32,2,DDoS_UDP,0.0,0.0,0.0,0.0,0.0
32,2,Fingerprinting,-0.2510106742417283,0.09698046907550206,0.08481975683739044,0.12854585597269672,-0.05933540764386101
32,2,MITM,0.0,0.0,0.0,0.0,0.0
32,2,Normal,0.0,0.0,0.0,0.0,0.0
32,2,Password,-0.1756465267518215,0.05194503138180077,0.036529147726685036,0.03374234531251322,0.04858259775730701
32,2,Port_Scanning,0.0,0.0,0.0,0.0,0.0
32,2,Ransomware,-0.08724330499190615,0.05072845616510026,0.09010852921187947,0.05789499793775125,0.0316007525714841
32,2,SQL_injection,-0.18997601393071867,0.007023642539768576,0.06971077510112136,0.07427707465264127,0.010322629366574864
32,2,Uploading,0.03287334809178165,-0.007781685657241077,-0.00841542987582233,-0.01432393077825113,-0.019745385471893362
32,2,Vulnerability_scanner,0.003867107469276519,-0.003186213889056614,0.0030688803905839076,0.0016669519021727845,-0.0099779092066613
32,2,XSS,-0.01408697674332222,0.0037034564886135194,-0.01408697674332222,0.008939654860156075,0.015530842137874847
32,3,Backdoor,-0.1890910930535353,0.042861733114500165,0.05087934754949039,0.0480705225482992,0.04609723245943486
32,3,DDoS_HTTP,-0.05874248177114675,0.016040506976211042,0.01955225976921475,0.013304135058078355,0.01760251428246565
32,3,DDoS_ICMP,-0.000387526873690149,-1.17716567418417e-05,-0.0003885868549936851,6.271838517482401e-05,4.619039117273275e-05
32,3,DDoS_TCP,0.0013651509550879645,0.00010180302750226375,0.00041913629121281083,-0.00015129368016121857,-0.00023350496515459803
32,3,DDoS_UDP,0.00019294654311985404,-0.00012870008867826854,-0.00012870008867826854,-0.00012870008867826854,-0.00012870008867826854
32,3,Fingerprinting,0.047558791054147107,0.018953621713683633,0.010789149733422189,0.08449532917489573,-0.09762576868149626
32,3,MITM,-0.021818181818181803,-0.021818181818181803,-0.021818181818181803,-0.021818181818181803,-0.021818181818181803
32,3,Normal,0.0,0.0,0.0,0.0,0.0
32,3,Password,-0.1768936755171417,0.050256649555448334,0.04208063033315963,0.0314256308784528,0.05313076475008087
32,3,Port_Scanning,0.0,0.0,0.0,0.0,0.0
32,3,Ransomware,-0.1266363939949552,0.04717599816058938,0.09424741933607463,0.06801245336917017,0.04706660846079336
32,3,SQL_injection,-0.15430847725465757,-0.002688653723165663,0.06587754657211246,0.0642817317478534,0.010640542493941111
32,3,Uploading,0.04535497080474804,-0.01822471521320306,-0.010939155081741338,-0.023907849624266946,-0.027181108244234142
32,3,Vulnerability_scanner,0.008649926653544717,-0.002984986630124775,0.0030975145920180097,0.0007319250569835012,-0.012434948029149184
32,3,XSS,-0.006309038001392377,-0.003281629408196876,-0.006309038001392377,0.001997146853625145,0.013902558557356486
32,4,Backdoor,0.3398248726357085,-0.08761254229489243,-0.07741405391364899,-0.08730947594038362,-0.08742940199550531
32,4,DDoS_HTTP,0.26616696236672227,-0.05978878376951857,-0.05594717063993591,-0.06787178799449832,-0.054930624819299646
32,4,DDoS_ICMP,0.00016506453275608735,0.00014574037439609905,0.0001269844237149357,0.00012699275782221964,-0.0003406228381609089
32,4,DDoS_TCP,0.0001207653377149842,0.000821819518215235,8.694394595492593e-05,-0.00047287802814563093,-0.00035348629072779467
32,4,DDoS_UDP,0.0002576489533010928,-6.44122383252732e-05,-6.44122383252732e-05,-6.44122383252732e-05,-6.44122383252732e-05
32,4,Fingerprinting,0.05368486490003516,0.08619864741381772,0.08049816597804221,0.07984944106461146,-0.16147513849526238
32,4,MITM,0.0,0.0,0.0,0.0,0.0
32,4,Normal,0.3177196083315214,-0.08010520579157715,-0.0796991025478675,-0.07912704705406219,-0.07845579402205381
32,4,Password,0.13495964222839935,-0.03618226317117165,-0.03347661040728581,-0.03407673863026387,-0.03463149056487163
32,4,Port_Scanning,0.0,0.0,0.0,0.0,0.0
32,4,Ransomware,0.33210793169926656,-0.06144088909047229,-0.03349408754357141,-0.04178215850944437,-0.05667712230482082
32,4,SQL_injection,0.02303912743494578,-0.008667738295552334,-0.008103695714205269,-0.0061283246247472705,-0.016438837688516207
32,4,Uploading,0.0732449098669591,-0.014865303299826922,-0.02892660030931226,-0.020205278573057945,-0.029183255906181836
32,4,Vulnerability_scanner,0.004735049437202073,-0.0014180493596598971,0.001248652828594619,0.0014440156439668376,-0.007090937442775982
32,4,XSS,0.022809925366152138,-0.013189905131978787,0.022809925366152138,-0.014870385337674171,-0.01755956026265132
32,Aggregated,Backdoor,0.10607671650530995,-0.03136232561743355,-0.013824418699889185,-0.030413063582058707,-0.031721307797155804
32,Aggregated,DDoS_HTTP,0.11587264830002021,-0.025181722822181653,-0.019406152023011467,-0.040319388447680446,-0.019926515418099235
32,Aggregated,DDoS_ICMP,-0.00013896294259589567,0.00011587408705127645,4.7886271613530504e-05,0.00013790019134239754,-0.0002091980791023888
32,Aggregated,DDoS_TCP,0.0006431576630756183,-5.6702695907758414e-05,0.00021149957364779057,-0.00015132107961958927,-0.00016606904060276206
32,Aggregated,DDoS_UDP,7.725320325282503e-05,-5.1513195769326e-05,-5.1513195769326e-05,-5.1513195769326e-05,-5.1513195769326e-05
32,Aggregated,Fingerprinting,-0.009860637693654285,0.06252389491656778,0.0737798699469787,0.09767592755703923,-0.13864896925684603
32,Aggregated,MITM,-0.003759398496240585,-0.003759398496240585,-0.003759398496240585,-0.003759398496240585,-0.003759398496240585
32,Aggregated,Normal,0.28443725393051766,-0.07177307126038592,-0.07137716156624245,-0.07082675367726414,-0.07016717951981474
32,Aggregated,Password,0.07414339481434598,-0.02229607653980435,-0.01587063189449518,-0.017465525993344642,-0.02113652137383755
32,Aggregated,Port_Scanning,0.0,0.0,0.0,0.0,0.0
32,Aggregated,Ransomware,0.19430577485584388,-0.050555921993885373,0.014435204859600152,0.0009155485377101906,-0.03253901520968216
32,Aggregated,SQL_injection,-0.004053427725164053,-0.005233916524147142,-0.00045025145702849815,0.001143155867735394,-0.013040149977561954
32,Aggregated,Uploading,0.04032601808189102,-0.011996333563271531,-0.017630794014275544,-0.016052814195258888,-0.0208347743424432
32,Aggregated,Vulnerability_scanner,0.005713634195300016,-0.0026915988532818383,0.0026153291384638827,0.0013124249417078237,-0.010022177970753393
32,Aggregated,XSS,0.005613146935969399,-0.002082647517502718,0.005613146935969399,-0.0033917969772351898,-0.005751849377200888
32,Centralized,Backdoor,0.10607671650530995,-0.03136232561743355,-0.013824418699889185,-0.030413063582058707,-0.031721307797155804
32,Centralized,DDoS_HTTP,0.11587264830002021,-0.025181722822181653,-0.019406152023011467,-0.040319388447680446,-0.019926515418099235
32,Centralized,DDoS_ICMP,-0.00013896294259589567,0.00011587408705127645,4.7886271613530504e-05,0.00013790019134239754,-0.0002091980791023888
32,Centralized,DDoS_TCP,0.0006431576630756183,-5.6702695907758414e-05,0.00021149957364779057,-0.00015132107961958927,-0.00016606904060276206
32,Centralized,DDoS_UDP,7.725320325282503e-05,-5.1513195769326e-05,-5.1513195769326e-05,-5.1513195769326e-05,-5.1513195769326e-05
32,Centralized,Fingerprinting,-0.009860637693654285,0.06252389491656778,0.0737798699469787,0.09767592755703923,-0.13864896925684603
32,Centralized,MITM,-0.003759398496240585,-0.003759398496240585,-0.003759398496240585,-0.003759398496240585,-0.003759398496240585
32,Centralized,Normal,0.28443725393051766,-0.07177307126038592,-0.07137716156624245,-0.07082675367726414,-0.07016717951981474
32,Centralized,Password,0.07414339481434598,-0.02229607653980435,-0.01587063189449518,-0.017465525993344642,-0.02113652137383755
32,Centralized,Port_Scanning,0.0,0.0,0.0,0.0,0.0
32,Centralized,Ransomware,0.19430577485584388,-0.050555921993885373,0.014435204859600152,0.0009155485377101906,-0.03253901520968216
32,Centralized,SQL_injection,-0.004053427725164053,-0.005233916524147142,-0.00045025145702849815,0.001143155867735394,-0.013040149977561954
32,Centralized,Uploading,0.04032601808189102,-0.011996333563271531,-0.017630794014275544,-0.016052814195258888,-0.0208347743424432
32,Centralized,Vulnerability_scanner,0.005713634195300016,-0.0026915988532818383,0.0026153291384638827,0.0013124249417078237,-0.010022177970753393
32,Centralized,XSS,0.005613146935969399,-0.002082647517502718,0.005613146935969399,-0.0033917969772351898,-0.005751849377200888
33,0,Backdoor,-0.2099999308384869,0.04443354934886962,0.058684740154925676,0.053331262277809,0.0519305505811856
33,0,DDoS_HTTP,-0.059924882269459454,0.020641572717344903,0.023574681494876647,0.019949452516204932,-0.004240824458967058
33,0,DDoS_ICMP,0.0011749655574898063,0.0002577592117989099,-0.0009012072200168049,-0.0005087696796675626,-0.00024710972821020787
33,0,DDoS_TCP,-0.0002013963178298661,6.040743176197183e-05,0.00013732088196899417,0.00020506432192876622,-0.0002013963178298661
33,0,DDoS_UDP,0.0001402182670231067,0.0002744104302007592,-0.0004254511456554699,-0.00018295152828043209,0.00019377397671203612
33,0,Fingerprinting,0.3556368380974651,0.006997067832981132,-0.17172006425943692,-0.10115730502727406,-0.1968993937865927
33,0,MITM,0.0,0.0,0.0,0.0,0.0
33,0,Normal,0.0,0.0,0.0,0.0,0.0
33,0,Password,-0.2180164844270403,0.0711231806810731,0.05511590406119317,0.04910375417120541,0.04025756407551707
33,0,Port_Scanning,0.0,0.0,0.0,0.0,0.0
33,0,Ransomware,-0.13157568659443558,-0.05177332528369882,0.06939096380148224,0.03526906516882273,0.08339071667215499
33,0,SQL_injection,-0.1789255731820724,-0.0680179767699755,0.06029181618811981,0.06702181905266787,0.047867044196439654
33,0,Uploading,-0.027968421387443574,-0.010864342127943438,0.004906777700025557,-0.002279536202962823,0.029242165082201302
33,0,Vulnerability_scanner,-0.012614068056973729,-0.010633734824073893,0.004184338400253832,0.008525092765499908,-0.00014527739454711457
33,0,XSS,-0.0024185972325948832,0.003444969019624033,-0.0024185972325948832,-0.0024185972325948832,0.0038108226781606172
33,1,Backdoor,-0.17678646452604116,0.036425344454731196,0.04854230853192003,0.044573173473117324,0.04311017447428569
33,1,DDoS_HTTP,-0.07023548409775146,0.024852367193129294,0.026435035492815746,0.02273404585764154,-0.003050100923476071
33,1,DDoS_ICMP,0.0006613722273365152,0.0004559502564425092,-0.0005521264414876271,-0.0003845511005201289,4.503648992894016e-05
33,1,DDoS_TCP,-0.0003377651564046476,6.755303128092953e-05,0.00013510606256185906,0.0002702121251237181,-0.00013510606256185906
33,1,DDoS_UDP,0.00040927197032658753,0.000436110402962118,-0.0005600318657324447,-0.00045243562299047323,0.00016708511543421235
33,1,Fingerprinting,0.1328632037610364,0.008221534227726177,-0.05409930053892901,0.008221534227726177,-0.08351106524481132
33,1,MITM,0.0,0.0,0.0,0.0,0.0
33,1,Normal,0.0,0.0,0.0,0.0,0.0
33,1,Password,-0.21673565059583355,0.06925430238059696,0.04927756306510658,0.051124963447705514,0.04733734225657933
33,1,Port_Scanning,0.0,0.0,0.0,0.0,0.0
33,1,Ransomware,-0.13297510048409747,-0.06019974485809159,0.06961489799476035,0.0395080161555669,0.08405193119186188
33,1,SQL_injection,-0.15310752195128682,-0.0658409580635872,0.052600530913327316,0.057807367533584904,0.05796077553756864
33,1,Uploading,-0.02551372718934592,-0.013562794941555588,-0.003345241602153085,0.0017338820649089926,0.02029670397359713
33,1,Vulnerability_scanner,-0.008401333957196059,-0.008190350712237083,0.0023674057160829745,0.00708638459030174,0.000437962267765681
33,1,XSS,-0.00247564317541172,0.007096303046945962,-0.00247564317541172,-0.00247564317541172,0.0003306264792891971
33,2,Backdoor,-0.19238185564539914,0.04172435496106207,0.053822665926700604,0.04853979311499101,0.050599127580473316
33,2,DDoS_HTTP,-0.054868870464899695,0.01897751455320981,0.02033314246942077,0.019123950030706032,-1.7942107667318998e-05
33,2,DDoS_ICMP,6.314567200602084e-05,0.00036339514872337403,-0.0003289672493581956,-2.972226799007512e-05,0.00015793203796880353
33,2,DDoS_TCP,0.00024935599948845054,0.0003330486215092798,-0.0004612628899566743,-4.345834474714557e-05,-0.0005804994152395511
33,2,DDoS_UDP,0.00016146353077127565,0.00018830196340680617,-0.00029595022192415723,-0.00018831921480753818,0.00013450394255361356
33,2,Fingerprinting,-0.05594541910331385,0.04444444444444444,-0.0189083820662768,0.08635477582846003,-0.05594541910331385
33,2,MITM,0.0,0.0,0.0,0.0,0.0
33,2,Normal,0.0,0.0,0.0,0.0,0.0
33,2,Password,-0.20345224957658697,0.06851223115430503,0.04618649252953663,0.04433549629445679,0.04198451475166509
33,2,Port_Scanning,0.0,0.0,0.0,0.0,0.0
33,2,Ransomware,-0.1041111526798813,-0.061770304221336184,0.06468063340976235,0.025291368805777446,0.07590945468567759
33,2,SQL_injection,-0.15258513469285825,-0.060007653706205526,0.060501203115001075,0.05066172925665556,0.06313780078742802
33,2,Uploading,-0.020984388066576307,-0.012190726945954567,-0.0022431027388800625,-0.002783897120068964,0.014671065024640596
33,2,Vulnerability_scanner,-0.007998484656962327,-0.008955316694266607,0.0029129346038805626,0.006400484048073279,0.00014713951898643698
33,2,XSS,-0.005236550465434281,0.011056796141501176,-0.005236550465434281,-0.005236550465434281,0.004652855254801669
33,3,Backdoor,-0.1824526077623605,0.03826509859918304,0.050950821209566274,0.04831441689499215,0.046104528440429865
33,3,DDoS_HTTP,-0.05192298073170196,0.018810539113558913,0.019436317651416353,0.0161619488840931,-0.0011316556384905242
33,3,DDoS_ICMP,0.00031309934322802934,0.00039000147226669706,-0.00020782045659310523,-0.00013357280948744036,0.00031625407442175123
33,3,DDoS_TCP,-0.0005834629864419423,-0.0001135243160755935,-0.0001861304403818098,0.0005378572263737762,-0.000969663875321869
33,3,DDoS_UDP,0.00011286346783095368,-7.479824733063004e-05,-2.2073011188381934e-05,0.00024664048648511685,5.922111579616159e-05
33,3,Fingerprinting,0.15162880463190065,-0.002317335227551946,-0.037625525489302564,-0.039934327798104886,-0.04304348214564944
33,3,MITM,0.041818181818181775,-0.0036363636363636338,0.023636363636363608,0.05090909090909088,-0.0036363636363636338
33,3,Normal,0.0,0.0,0.0,0.0,0.0
33,3,Password,-0.20713099975291166,0.060098131042221496,0.049094147035227166,0.051151300303615435,0.03955418736053338
33,3,Port_Scanning,0.0,0.0,0.0,0.0,0.0
33,3,Ransomware,-0.14256143047313902,-0.04593172262527934,0.07111015513114334,0.04099631817057735,0.07997924108156663
33,3,SQL_injection,-0.16743475943680583,-0.07649363911370911,0.06403917081053662,0.0636491422703063,0.04411838963777822
33,3,Uploading,-0.01965981454660408,-0.020660009516061843,0.0031397250591659624,-0.006383198258747189,0.018995898687287162
33,3,Vulnerability_scanner,-0.01327262383731946,-0.011105697997717455,0.0035591441311129107,0.008266164255934218,0.0002987715950406848
33,3,XSS,-0.0010649223217885548,0.001502192982694731,-0.0010649223217885548,-0.0010649223217885548,0.001692573982670934
33,4,Backdoor,0.3418668429625537,-0.08731059699073222,-0.07995046095222008,-0.09417335248001837,-0.0789134252207298
33,4,DDoS_HTTP,0.2541314696025683,-0.07278961058887198,-0.0725069095370653,-0.08684275546657229,-0.009335443451329313
33,4,DDoS_ICMP,0.0008277508898644667,0.00030334930491937584,-0.00042652607507902746,-0.0003142679031501357,-0.0003895954066645095
33,4,DDoS_TCP,-0.00029466651019844357,0.00030620195162076405,-0.00016757426538179058,0.00011171798837139035,-0.0004638247734488121
33,4,DDoS_UDP,0.00027409828844149515,0.00016674455789937316,-0.00026348412456449476,-0.00023662839355149308,5.9269671775119545e-05
33,4,Fingerprinting,0.2658494721652615,0.03577428419533682,-0.11176122123490544,-0.034066985645933016,-0.21034100402521438
33,4,MITM,0.01025641025641025,-0.008974358974358968,0.0038461538461538438,-0.0025641025641025624,-0.0025641025641025624
33,4,Normal,0.3188513259079832,-0.07926180009523051,-0.08047383791826311,-0.07972245820753213,-0.07902670355423068
33,4,Password,0.13557319950048444,-0.03118802030673049,-0.028363366453498795,-0.02894883993943974,-0.030153039203573782
33,4,Port_Scanning,0.0,0.0,0.0,0.0,0.0
33,4,Ransomware,0.29265099389154753,-0.07127713316913692,-0.07008292518708034,-0.08644158311889631,-0.06484935241643375
33,4,SQL_injection,-0.01970331574120691,-0.011969642169492272,-0.006039502001599676,-0.0046887754681356345,-0.004851338823175209
33,4,Uploading,0.03656025727965497,-0.006830561875400655,-0.0028997925678104987,-0.0252213009101751,-0.020195962521064297
33,4,Vulnerability_scanner,-0.0036229792120951176,-0.007149817011535692,0.0016185978331686075,0.0030327268820539988,0.00020417389629407792
33,4,XSS,0.009575709021531976,-0.015031099548194633,0.009575709021531976,0.009575709021531976,-0.013696027516401291
33,Aggregated,Backdoor,0.10580519266320323,-0.02998735047399138,-0.017343416119069945,-0.04109210385559213,-0.01749487609972221
33,Aggregated,DDoS_HTTP,0.11123789681732843,-0.028066189188866338,-0.026912974258959686,-0.05216344792009696,0.0001738786849220982
33,Aggregated,DDoS_ICMP,0.000608142489728362,0.00035413990324648645,-0.000483399787326814,-0.0002742513295194926,-2.34603005765055e-05
33,Aggregated,DDoS_TCP,-0.00023308955802185395,0.00013083366950654706,-0.00010877745431671082,0.00021617506671620841,-0.0004698253282387784
33,Aggregated,DDoS_UDP,0.0002195163677183994,0.00019806636388734663,-0.0003133070815940923,-0.00016262984167891476,0.00012274983317765628
33,Aggregated,Fingerprinting,0.1820213635947999,0.017293065280865307,-0.08533157726864984,-0.018972849195239515,-0.12610656542323262
33,Aggregated,MITM,0.009379051075965754,-0.002529311785210153,0.004888658427678373,0.0082267450234782,-0.001168150260709248
33,Aggregated,Normal,0.28546889066830855,-0.07093014170301214,-0.07211646812167768,-0.07138693805442152,-0.07070051538249437
33,Aggregated,Password,0.07064640255706647,-0.020700626922217514,-0.013946293927272776,-0.015363432125250454,-0.019504348737270635
33,Aggregated,Port_Scanning,0.0,0.0,0.0,0.0,0.0
33,Aggregated,Ransomware,0.16180887746137504,-0.05770959539408083,-0.03214589315207737,-0.06342019422261098,-0.0068353540984740415
33,Aggregated,SQL_injection,-0.05306542697260388,-0.018414319082801445,0.002187372599504969,0.008801498467258018,0.004251291414042356
33,Aggregated,Uploading,-0.0005525652239272599,-0.006022184818970201,0.005517437834084259,-0.016364525169090958,-0.0013912525984411824
33,Aggregated,Vulnerability_scanner,-0.009204497746685117,-0.0092225243291904,0.0029293803303702404,0.006668616024584341,0.00018853507209427392
33,Aggregated,XSS,0.001980686925471967,-0.003217186137306771,0.001980686925471967,0.001980686925471967,-0.0027248746391091306
33,Centralized,Backdoor,0.10580519266320323,-0.02998735047399138,-0.017343416119069945,-0.04109210385559213,-0.01749487609972221
33,Centralized,DDoS_HTTP,0.11123789681732843,-0.028066189188866338,-0.026912974258959686,-0.05216344792009696,0.0001738786849220982
33,Centralized,DDoS_ICMP,0.000608142489728362,0.00035413990324648645,-0.000483399787326814,-0.0002742513295194926,-2.34603005765055e-05
33,Centralized,DDoS_TCP,-0.00023308955802185395,0.00013083366950654706,-0.00010877745431671082,0.00021617506671620841,-0.0004698253282387784
33,Centralized,DDoS_UDP,0.0002195163677183994,0.00019806636388734663,-0.0003133070815940923,-0.00016262984167891476,0.00012274983317765628
33,Centralized,Fingerprinting,0.1820213635947999,0.017293065280865307,-0.08533157726864984,-0.018972849195239515,-0.12610656542323262
33,Centralized,MITM,0.009379051075965754,-0.002529311785210153,0.004888658427678373,0.0082267450234782,-0.001168150260709248
33,Centralized,Normal,0.28546889066830855,-0.07093014170301214,-0.07211646812167768,-0.07138693805442152,-0.07070051538249437
33,Centralized,Password,0.07064640255706647,-0.020700626922217514,-0.013946293927272776,-0.015363432125250454,-0.019504348737270635
33,Centralized,Port_Scanning,0.0,0.0,0.0,0.0,0.0
33,Centralized,Ransomware,0.16180887746137504,-0.05770959539408083,-0.03214589315207737,-0.06342019422261098,-0.0068353540984740415
33,Centralized,SQL_injection,-0.05306542697260388,-0.018414319082801445,0.002187372599504969,0.008801498467258018,0.004251291414042356
33,Centralized,Uploading,-0.0005525652239272599,-0.006022184818970201,0.005517437834084259,-0.016364525169090958,-0.0013912525984411824
33,Centralized,Vulnerability_scanner,-0.009204497746685117,-0.0092225243291904,0.0029293803303702404,0.006668616024584341,0.00018853507209427392
33,Centralized,XSS,0.001980686925471967,-0.003217186137306771,0.001980686925471967,0.001980686925471967,-0.0027248746391091306
34,0,Backdoor,-0.19495220391033957,0.06855019550359812,0.06939590136835518,0.0678401501623775,0.06322599246357193
34,0,DDoS_HTTP,-0.04864494057667469,0.013907989406868387,0.016516261430633835,0.009251941385896984,0.008298155671270494
34,0,DDoS_ICMP,0.0010220959755131117,0.00014218233158795704,-0.00023206014504335756,-0.00045695576605953394,-0.0002509005373923179
34,0,DDoS_TCP,0.0003446894101291657,-0.00032783613155111616,9.244388712797424e-05,0.0001344386696557102,-0.00024373583536173397
34,0,DDoS_UDP,0.00010735373054212201,-5.3676865271061004e-05,-5.3676865271061004e-05,0.0,0.0
34,0,Fingerprinting,0.4523291033012398,0.053869042263779116,-0.11450325537322441,-0.18294867447653804,-0.1016033585723988
34,0,MITM,0.0,0.0,0.0,0.0,0.0
34,0,Normal,0.0,0.0,0.0,0.0,0.0
34,0,Password,-0.209588373270506,0.05131751875071963,0.05452891460036161,0.06080889436855852,0.04508852997186113
34,0,Port_Scanning,0.0,0.0,0.0,0.0,0.0
34,0,Ransomware,-0.10390953500418317,0.005835479637975847,0.025542791988967018,0.03253818263444114,0.03999308074279919
34,0,SQL_injection,-0.05128511789652211,0.016709105357302197,0.01900423235861316,0.05894841919833863,0.1086352834859938
34,0,Uploading,0.037469969224856695,-0.004517948508928819,-0.0011648439472678666,-0.0007143022681215499,-0.003530658239225324
34,0,Vulnerability_scanner,0.008323779903694576,-0.0063752572844285775,-0.0007768283570500542,0.008565674869930769,0.012846587359571246
34,0,XSS,-0.0009172117850227639,0.003721178502276414,-0.0009172117850227639,-0.0009695431472081219,-0.0009172117850227639
34,1,Backdoor,-0.1613403258354447,0.06242314571004937,0.060534730457165425,0.060503326146320334,0.05906593551249346
34,1,DDoS_HTTP,-0.05788589053605812,0.01438842645429564,0.019790670460836303,0.009043522155708536,0.010469673435054554
34,1,DDoS_ICMP,-5.88879388594606e-06,0.00012667046592199267,-5.9715292704976e-05,-0.00017200687966251922,-0.00011585691227111542
34,1,DDoS_TCP,0.00028357722602970946,-0.0004980755342470981,0.00033517628073503707,-0.00020549718323254103,8.481921071489263e-05
34,1,DDoS_UDP,0.00018786902844871353,-2.6838432635530502e-05,-0.0001341921631776525,-2.6838432635530502e-05,0.0
34,1,Fingerprinting,0.16621271315543754,0.09305371271315539,-0.03968438252493981,-0.09008980785296575,-0.06600017199862401
34,1,MITM,0.053030303030303046,-0.007575757575757579,-0.03787878787878786,-0.007575757575757579,0.0
34,1,Normal,0.0,0.0,0.0,0.0,0.0
34,1,Password,-0.21268235730420645,0.056876090389305446,0.058142902704760864,0.0575952009258292,0.04459969860238381
34,1,Port_Scanning,0.0,0.0,0.0,0.0,0.0
34,1,Ransomware,-0.13009190663130796,0.0010803702837100823,0.030648354739714383,0.04225653563042465,0.0493598612420593
34,1,SQL_injection,-0.06196582506777246,0.025898846896788997,0.011653320771320782,0.04154651833208673,0.10007488848549094
34,1,Uploading,0.02537591514880944,-0.005248301056205008,-0.0009616188960115943,0.0010545754549081193,0.0005141788151907143
34,1,Vulnerability_scanner,0.006413799164088574,-0.004880296309837199,-0.0014975809649544203,0.005476963033691366,0.0072968318434601664
34,1,XSS,-0.0004099326079377527,0.001679383598717279,-0.0004099326079377527,-0.00044958577490402106,-0.0004099326079377527
34,2,Backdoor,-0.1788337742238981,0.060773097569353424,0.05652735609969738,0.06094885548898308,0.05763111475045691
34,2,DDoS_HTTP,-0.04373578500453638,0.011029628968297197,0.014993875440698792,0.008329399090517822,0.009382881505022568
34,2,DDoS_ICMP,-0.00031195973681445076,0.0002510097366973681,-1.1219744870531272e-05,-0.00010490709180683473,-4.8706504555479094e-05
34,2,DDoS_TCP,0.001235457999363171,-0.0009789422580507117,6.568023335032369e-05,-9.566497180694504e-05,-0.0007286867349808138
34,2,DDoS_UDP,0.00018786902844871353,-2.6838432635530502e-05,-0.0001341921631776525,-2.6838432635530502e-05,0.0
34,2,Fingerprinting,-0.04273071269975295,0.12554388049744086,-0.0071556639668094784,-0.05198997195901221,-0.02366753187186624
34,2,MITM,0.053030303030303046,-0.007575757575757579,-0.03787878787878786,-0.007575757575757579,0.0
34,2,Normal,0.0,0.0,0.0,0.0,0.0
34,2,Password,-0.19445582395049557,0.04778706562830048,0.05377189322487738,0.056101745469731075,0.04407603904772492
34,2,Port_Scanning,0.0,0.0,0.0,0.0,0.0
34,2,Ransomware,-0.0811876687433073,-0.0012166381893853587,0.0214566784513859,0.023355895992550047,0.030245273481998007
34,2,SQL_injection,-0.06110259753974544,0.030228176605284224,0.010794523844140291,0.03776560624705343,0.0981567692230167
34,2,Uploading,0.035650242833677605,-0.009427433019127327,-0.0018234189907326286,-0.0017727539921053006,-0.0017854276635405205
34,2,Vulnerability_scanner,0.00826736948582733,-0.004461204230000689,-0.0001891353001779894,0.006146029748405688,0.008230688138235902
34,2,XSS,-0.002466586634653862,0.00830172068827531,-0.002466586634653862,-0.0009019607843137253,-0.002466586634653862
34,3,Backdoor,-0.16428036370531954,0.05876954108713706,0.05844862573254587,0.059305864236759466,0.056541752868331734
34,3,DDoS_HTTP,-0.041587078078654825,0.012410720132708804,0.015041243294313491,0.00652292986038695,0.00832492943602902
34,3,DDoS_ICMP,-0.0006674572483106045,8.598506707388487e-05,3.0250076164139994e-05,-6.336975938167622e-05,-6.336975938167622e-05
34,3,DDoS_TCP,0.00047203222195285426,-0.0004176392467124923,0.00014341712814612827,-7.113123772910883e-05,-0.0001266788656573814
34,3,DDoS_UDP,0.0006597831655887047,-0.00019842473888688207,-0.00030577846942900406,-9.120919495417454e-05,-6.437076231864402e-05
34,3,Fingerprinting,0.12150563574712174,0.020919946926138876,-0.05050862450243255,-0.06031254607106,-0.06031254607106
34,3,MITM,0.14030303030303032,-0.02939393939393938,-0.059696969696969665,-0.02939393939393937,-0.021818181818181803
34,3,Normal,0.0,0.0,0.0,0.0,0.0
34,3,Password,-0.19405022755762633,0.05033826300217863,0.054433381826566284,0.05655168654424405,0.04263750636730339
34,3,Port_Scanning,0.0,0.0,0.0,0.0,0.0
34,3,Ransomware,-0.11300156771642261,-0.0034346147538843316,0.03281341585415633,0.03560672880881812,0.040873180664475386
34,3,SQL_injection,-0.051967310490757805,0.01719046208081574,0.016746230363395512,0.04438192908834946,0.09142063413171712
34,3,Uploading,0.05251446799247494,-0.00932194483523322,0.0022491720156690024,-0.005355966340571476,-0.0006807941443856792
34,3,Vulnerability_scanner,0.008370173319529087,-0.0062507938382188695,-0.0005985533909513655,0.007593104753116586,0.010309709242563919
34,3,XSS,-0.0003898707847251711,0.0016249041887776926,-0.0003898707847251711,-0.0004552918346021794,-0.0003898707847251711
34,4,Backdoor,0.32441734520824317,-0.08122096474590644,-0.08550168871382553,-0.09163879233350296,-0.09033675311126546
34,4,DDoS_HTTP,0.24524457641021025,-0.07034312663826829,-0.07113615304956644,-0.07072787369650504,-0.07224416032551738
34,4,DDoS_ICMP,0.0005312644522912617,0.00011940766834187729,-0.00016094386987815882,-0.0003107560190654409,-0.00017968304157970906
34,4,DDoS_TCP,8.432249280746855e-05,-0.0005493519439005445,8.43783944146174e-05,0.0002537043624864325,-0.0003805280955590795
34,4,DDoS_UDP,0.0002576489533010928,-6.44122383252732e-05,-6.44122383252732e-05,-6.44122383252732e-05,-6.44122383252732e-05
34,4,Fingerprinting,0.28023331673486457,0.082697467651028,-0.07823370643804083,-0.1449003731047075,-0.08525125029768994
34,4,MITM,0.0,0.0,0.0,0.0,0.0
34,4,Normal,0.31816563011037974,-0.07949941760510461,-0.08008006006629848,-0.08044375698606859,-0.0796777374556974
34,4,Password,0.1345682887984045,-0.041975861964455095,-0.04155728364151122,-0.041466102629072674,-0.04250644776817915
34,4,Port_Scanning,0.0,0.0,0.0,0.0,0.0
34,4,Ransomware,0.30103484271219916,-0.08291395294367564,-0.08763533313510055,-0.08213806843642457,-0.07973739714614088
34,4,SQL_injection,0.07727414684080228,0.0006535869626033401,-0.00021388999420649235,0.005673757799477259,0.008629881713154769
34,4,Uploading,0.07395252683390877,-0.01359703709266236,-0.023452902748399552,-0.0069417462521203606,-0.012710700332606946
34,4,Vulnerability_scanner,0.005841360831284551,-0.0030343980942553177,-0.000565249667070572,0.0027302416096220065,0.0028282570999893526
34,4,XSS,0.0052012752847741955,-0.01659335504721832,0.0052012752847741955,0.0009895291928957335,0.0052012752847741955
34,Aggregated,Backdoor,0.11099034004726432,-0.007097986888436391,-0.012324801305906578,-0.021769520472998297,-0.02103752026619993
34,Aggregated,DDoS_HTTP,0.11881006847932216,-0.031793826333698275,-0.029430966502938156,-0.03448230902311546,-0.03435979425075592
34,Aggregated,DDoS_ICMP,0.00011363766589500001,0.00014504324767532125,-8.675625053496209e-05,-0.00022158404552758416,-0.00013170661077645344
34,Aggregated,DDoS_TCP,0.00048490712613284047,-0.0005549948807530402,0.00014452607681856485,3.202842399951944e-06,-0.00027895695755743945
34,Aggregated,DDoS_UDP,0.0002801434533783953,-7.405748084013027e-05,-0.00013846971809611808,-4.1859656878071956e-05,-2.5756597564075e-05
34,Aggregated,Fingerprinting,0.21238098981189213,0.07440629175776879,-0.060967053946690594,-0.11184826741533799,-0.0698129879073513
34,Aggregated,MITM,0.04573934837092731,-0.00814536340852129,-0.025689223057644137,-0.00814536340852129,-0.003759398496240585
34,Aggregated,Normal,0.2853117908582084,-0.0711332586860492,-0.07171359075576185,-0.07207082063710728,-0.07131771094635675
34,Aggregated,Password,0.08185581312895365,-0.02082276578335,-0.020500535375006335,-0.0208079238795725,-0.022454340560345128
34,Aggregated,Port_Scanning,0.0,0.0,0.0,0.0,0.0
34,Aggregated,Ransomware,0.19102620125423989,-0.05302850581558142,-0.061354863304007065,-0.047650992194272,-0.04151291433642974
34,Aggregated,SQL_injection,0.05534057254456736,0.0036318839496723727,0.004006621107620008,0.021596035719813594,0.03456375172224191
34,Aggregated,Uploading,0.04997539143034359,-0.007284273265870636,-0.012700108170896032,-0.0013438545548756589,-0.003696478476774108
34,Aggregated,Vulnerability_scanner,0.007441764595456749,-0.005010112222681253,-0.0007295762686940377,0.006109839290979433,0.008313881654905746
34,Aggregated,XSS,0.0009384829322614172,-0.003103615861338497,0.0009384829322614172,0.00028816706455424523,0.0009384829322614172
34,Centralized,Backdoor,0.11099034004726432,-0.007097986888436391,-0.012324801305906578,-0.021769520472998297,-0.02103752026619993
34,Centralized,DDoS_HTTP,0.11881006847932216,-0.031793826333698275,-0.029430966502938156,-0.03448230902311546,-0.03435979425075592
34,Centralized,DDoS_ICMP,0.00011363766589500001,0.00014504324767532125,-8.675625053496209e-05,-0.00022158404552758416,-0.00013170661077645344
34,Centralized,DDoS_TCP,0.00048490712613284047,-0.0005549948807530402,0.00014452607681856485,3.202842399951944e-06,-0.00027895695755743945
34,Centralized,DDoS_UDP,0.0002801434533783953,-7.405748084013027e-05,-0.00013846971809611808,-4.1859656878071956e-05,-2.5756597564075e-05
34,Centralized,Fingerprinting,0.21238098981189213,0.07440629175776879,-0.060967053946690594,-0.11184826741533799,-0.0698129879073513
34,Centralized,MITM,0.04573934837092731,-0.00814536340852129,-0.025689223057644137,-0.00814536340852129,-0.003759398496240585
34,Centralized,Normal,0.2853117908582084,-0.0711332586860492,-0.07171359075576185,-0.07207082063710728,-0.07131771094635675
34,Centralized,Password,0.08185581312895365,-0.02082276578335,-0.020500535375006335,-0.0208079238795725,-0.022454340560345128
34,Centralized,Port_Scanning,0.0,0.0,0.0,0.0,0.0
34,Centralized,Ransomware,0.19102620125423989,-0.05302850581558142,-0.061354863304007065,-0.047650992194272,-0.04151291433642974
34,Centralized,SQL_injection,0.05534057254456736,0.0036318839496723727,0.004006621107620008,0.021596035719813594,0.03456375172224191
34,Centralized,Uploading,0.04997539143034359,-0.007284273265870636,-0.012700108170896032,-0.0013438545548756589,-0.003696478476774108
34,Centralized,Vulnerability_scanner,0.007441764595456749,-0.005010112222681253,-0.0007295762686940377,0.006109839290979433,0.008313881654905746
34,Centralized,XSS,0.0009384829322614172,-0.003103615861338497,0.0009384829322614172,0.00028816706455424523,0.0009384829322614172
35,0,Backdoor,-0.22921099299944167,0.03565659713479027,0.03566735718740844,0.03696558785351167,0.04634611300020431
35,0,DDoS_HTTP,-0.060395866319832424,0.01586323443936465,0.0214929796249605,0.011617145702356458,0.014946166282231424
35,0,DDoS_ICMP,0.0001924194001597601,9.860451274528725e-05,-0.00016451427636370123,-0.00035311692570235884,1.5346206649835548e-06
35,0,DDoS_TCP,0.0002216694482823467,3.89250698058341e-05,-0.0002829881326707084,1.1196807291263822e-05,1.1196807291263822e-05
35,0,DDoS_UDP,0.0003006527598407379,-2.140843178562816e-05,0.00011278373139202436,-2.140843178562816e-05,-4.855843603513987e-05
35,0,Fingerprinting,0.05366715137295122,-0.03911737725556718,-0.050456412456082456,-0.08181131533354949,0.11771795367224777
35,0,MITM,0.009999999999999998,0.009999999999999998,0.009999999999999998,0.009999999999999998,-0.039999999999999994
35,0,Normal,0.0,0.0,0.0,0.0,0.0
35,0,Password,-0.21796128950529992,0.05175773509693646,0.051773509750230096,0.04588840565800743,0.06447528529554494
35,0,Port_Scanning,0.0,0.0,0.0,0.0,0.0
35,0,Ransomware,-0.12079799753736002,-0.001703542375117704,0.05042269668664196,0.02975461672270418,0.058818776130211275
35,0,SQL_injection,-0.1174931438401288,0.029678403221440903,0.05797374941684826,0.026530320694657845,-0.053900028754953824
35,0,Uploading,-0.017982406505600314,-0.015045501774295856,0.002768978154425878,-0.010967340204281695,0.013684054068438874
35,0,Vulnerability_scanner,-0.001239722638014216,-0.0019136100178487622,0.004491064640237091,-0.0030155250410550875,-0.005878001193336648
35,0,XSS,-0.0027768010103135492,0.001865965472581411,-0.0027944237083486183,0.004955026770597933,-0.0012497675245171766
35,1,Backdoor,-0.20068643352359097,0.02601374964811053,0.02450953247137551,0.028864488617844748,0.0401118507956762
35,1,DDoS_HTTP,-0.07134315909896438,0.018955544768452515,0.026661731042868987,0.012667033900327133,0.014342696259397917
35,1,DDoS_ICMP,-0.0003210403338440656,-5.89291676619789e-05,-7.85647621268907e-05,7.071334065961351e-05,0.00016315381387280354
35,1,DDoS_TCP,0.00022504045346831701,-0.00033775974986595126,-0.0001187654578434616,-1.9355226579885012e-05,0.00025083998082098085
35,1,DDoS_UDP,0.0003222795029570513,5.389517660174629e-05,5.389517660174629e-05,8.07336092372768e-05,-0.00018874227377145466
35,1,Fingerprinting,-0.17972640230094322,-0.08148183068175843,-0.025276041768561623,0.05459205871315784,0.1461779303238197
35,1,MITM,0.08030303030303029,0.0045454545454545435,0.0045454545454545435,0.012121212121212121,-0.010606060606060638
35,1,Normal,0.0,0.0,0.0,0.0,0.0
35,1,Password,-0.21119110298168514,0.04965040048451455,0.053996325008951095,0.040808296786473505,0.06486766122921236
35,1,Port_Scanning,0.0,0.0,0.0,0.0,0.0
35,1,Ransomware,-0.1216778769314303,0.016020438537667842,0.050840336145236115,0.03742255586127969,0.06027172530930639
35,1,SQL_injection,-0.1359245028652906,0.04150695411659962,0.037397738808380585,0.03449857086572472,-0.038756506152870504
35,1,Uploading,-0.004802667262446601,-0.010525977995566597,0.00315516739700598,-0.0129829427971973,0.007851962766296685
35,1,Vulnerability_scanner,-0.0012408433469250912,-0.0007913380581842285,0.00032756645744414875,-0.0016347116082225388,-0.0031909085793313994
35,1,XSS,-0.0005804178178856289,-0.00015140082700039597,-0.0005937718053862964,0.0020500755258574858,-0.0007244850755851642
35,2,Backdoor,-0.2097005453245873,0.0350532982379854,0.03202171893308684,0.03546117792499105,0.050117700543931325
35,2,DDoS_HTTP,-0.057980031663544325,0.01589736913411263,0.020303619113804496,0.007284572010024952,0.01518785432632021
35,2,DDoS_ICMP,-0.0005577259950585574,9.831294289233313e-05,0.0001916528292684331,0.00024703967015810566,2.0720552739685502e-05
35,2,DDoS_TCP,0.0010980134646213224,1.6525945587264612e-06,-0.00028209397187439755,9.369983688248262e-05,9.369983688248262e-05
35,2,DDoS_UDP,0.00027381432720520736,5.430000849902342e-06,5.430000849902342e-06,3.226843348543285e-05,5.1184292359211325e-06
35,2,Fingerprinting,-0.30367998720697353,-0.024964258491245,0.046823181122281565,0.13572529752439796,0.14609576705153915
35,2,MITM,0.07363636363636362,-0.0021212121212121275,-0.0021212121212121275,0.005454545454545451,0.01606060606060607
35,2,Normal,0.0,0.0,0.0,0.0,0.0
35,2,Password,-0.20207907509786574,0.046748110435474936,0.04991688181981051,0.03786846115690137,0.06269821711216358
35,2,Port_Scanning,0.0,0.0,0.0,0.0,0.0
35,2,Ransomware,-0.10404059178745571,0.0008205249527873271,0.041607815980017476,0.028448788252703163,0.04893564222954896
35,2,SQL_injection,-0.14668789245923214,0.04202717847827202,0.03633095129891573,0.0417897896331413,-0.04215029562934413
35,2,Uploading,-0.0036775080138047125,-0.010114757230352685,0.0052846369688389315,-0.016273086789470027,0.007388560051704196
35,2,Vulnerability_scanner,-0.002782346533391707,-0.0011445352928827997,0.0008950478827902897,-0.002094128864450286,-0.0038596428111123183
35,2,XSS,-0.007648282570351049,0.006549334113112263,-0.006016316652670844,0.009243254154309443,-0.002127989044399814
35,3,Backdoor,-0.20402147912351112,0.03134061329642699,0.02819067873176982,0.030183974078846588,0.04022137962261327
35,3,DDoS_HTTP,-0.05178725433616072,0.015443633704042992,0.02083103763119087,0.002104393936395622,0.013408189064531261
35,3,DDoS_ICMP,6.50610309725556e-05,0.0002151851729045325,-0.00014230701660492747,0.00019556529204021734,-0.00033350447931237797
35,3,DDoS_TCP,0.0011851768575414645,0.00034839145079172223,-0.00030760116907894525,-0.0001252850636594601,0.00021424231625265708
35,3,DDoS_UDP,0.0005151043886278147,-0.00018234929325341802,-7.513374932071049e-05,-0.00012868970965178582,0.0001931295552244657
35,3,Fingerprinting,-0.03665428407817646,-0.036875587841343226,-0.04845216840769363,0.024859405639174548,0.09712263468803867
35,3,MITM,0.1456643356643356,-0.03918414918414916,-0.03918414918414917,-0.022517482517482503,0.046130536130536116
35,3,Normal,0.0,0.0,0.0,0.0,0.0
35,3,Password,-0.20225506810980518,0.04084009289959482,0.05239943637661213,0.04288929054943486,0.05648336990658843
35,3,Port_Scanning,0.0,0.0,0.0,0.0,0.0
35,3,Ransomware,-0.13999664082195207,-9.671709343048082e-05,0.05806187919694797,0.0363328621959026,0.05746332240488495
35,3,SQL_injection,-0.12288030900004951,0.038161297170271044,0.049777832596642306,0.044187159301170766,-0.047216946563591176
35,3,Uploading,-0.00660193598975581,-0.019100987719741943,0.00718851571460433,-0.03054568739134453,0.009227810270933967
35,3,Vulnerability_scanner,-0.0005160878890475766,0.0008479423088868583,0.0027778764286574163,-0.00291410645088299,-0.005180198753481896
35,3,XSS,-0.00020269421734441905,-0.0007181280010754332,-0.00020269421734441905,0.0015199956143130313,-0.00039647917854876007
35,4,Backdoor,0.3392325005746079,-0.0834191523760004,-0.08285410922076492,-0.08630914877374427,-0.055029490979237955
35,4,DDoS_HTTP,0.2729249125938956,-0.057454608145721786,-0.053022824461385225,-0.0771098472532217,-0.04368590765885908
35,4,DDoS_ICMP,1.583563034062337e-05,-4.073793682538943e-05,-3.505255728934268e-06,-0.00013544151795181572,0.00016384908016551605
35,4,DDoS_TCP,0.0006053921663885797,0.0007950098101315306,-0.00015649083752386495,-0.00011414537010412396,-0.00011414537010412396
35,4,DDoS_UDP,0.00022550514846125246,-4.2879177894052564e-05,1.0797687377008443e-05,-4.2879177894052564e-05,-0.00015054448005015578
35,4,Fingerprinting,-0.04722788797338004,-0.04039546600937907,-0.01767280905350984,-0.00897787633627163,0.11427403937254073
35,4,MITM,0.02147435897435897,0.008653846153846156,0.02147435897435897,0.008653846153846156,-0.06025641025641025
35,4,Normal,0.3178129019598451,-0.07822399797278,-0.07957232075822664,-0.07918244667609343,-0.0793086940402005
35,4,Password,0.1408587735803589,-0.028345463470743463,-0.027054670185199033,-0.02654596783201513,-0.028593065934707916
35,4,Port_Scanning,0.0,0.0,0.0,0.0,0.0
35,4,Ransomware,0.31303381260997387,-0.09006476062697312,-0.0688962290031244,-0.07815050517221685,-0.05952967498188008
35,4,SQL_injection,0.0222911845687022,-0.014894865402858986,-0.011276971792929724,-0.015146812015480366,-0.013905334645372627
35,4,Uploading,0.05419730637235921,-0.008623403398869803,-0.006454390080114186,-0.013963521776746491,-0.03970376249362311
35,4,Vulnerability_scanner,0.0022602397099421505,-0.0003275418085544028,0.000706437742958127,-0.0007870704150333863,-0.0017704954899980974
35,4,XSS,0.01522456715829326,-0.013676275891275989,0.014152395957461511,-0.01970214960196027,0.004001462377481488
35,Aggregated,Backdoor,0.08034331724618583,-0.04185337627200912,-0.04138448553211328,-0.046420685849809316,0.0009795219414348002
35,Aggregated,DDoS_HTTP,0.1207147008568479,-0.02090002974952838,-0.0161344624002405,-0.06463208544485285,-0.007031766717155848
35,Aggregated,DDoS_ICMP,-0.00012108559034948082,6.245929169009789e-05,-3.943353262275314e-05,4.900092230488336e-06,3.21594299500146e-06
35,Aggregated,DDoS_TCP,0.0006670252047767407,0.00016817813798315485,-0.00022981315348531058,-3.0641594007209855e-05,9.125080204633504e-05
35,Aggregated,DDoS_UDP,0.0003274802824588604,-3.7486446696231396e-05,2.1536670622461045e-05,-1.601500892020787e-05,-3.7849947348911336e-05
35,Aggregated,Fingerprinting,-0.09091152700236058,-0.04499232800338196,-0.022553449722605343,0.021799472664560896,0.12066501984455975
35,Aggregated,MITM,0.06325426942486827,-0.0021174933153154498,0.0005976278208583319,0.0038312866806514854,-0.01293411166369419
35,Aggregated,Normal,0.2843844905228878,-0.07004898740594416,-0.07135246004865653,-0.0709738389602959,-0.0710954875005542
35,Aggregated,Password,0.07091971722943909,-0.017895580367125134,-0.016111821324445375,-0.014184050660586775,-0.019839410767674922
35,Aggregated,Port_Scanning,0.0,0.0,0.0,0.0,0.0
35,Aggregated,Ransomware,0.19397520756398715,-0.0795033822624492,-0.03246226429424415,-0.05131746370431642,-0.009834623374819778
35,Aggregated,SQL_injection,-0.0061186113794850895,-0.00979048811496591,-0.004479920048292063,-0.010133640726988727,-0.020988774731935562
35,Aggregated,Uploading,0.01603434019775078,-0.006465515050833307,0.0028442300023070874,-0.010176309709429975,-0.02536778106909153
35,Aggregated,Vulnerability_scanner,-0.0006857759047694738,-0.000663306624873435,0.0018481607414345292,-0.0020884563358753733,-0.003978982617028801
35,Aggregated,XSS,0.0026609446560393445,-0.0023226092973861264,0.002834080698740604,-0.003940989293599875,0.0007685732362060536
35,Centralized,Backdoor,0.08034331724618583,-0.04185337627200912,-0.04138448553211328,-0.046420685849809316,0.0009795219414348002
35,Centralized,DDoS_HTTP,0.1207147008568479,-0.02090002974952838,-0.0161344624002405,-0.06463208544485285,-0.007031766717155848
35,Centralized,DDoS_ICMP,-0.00012108559034948082,6.245929169009789e-05,-3.943353262275314e-05,4.900092230488336e-06,3.21594299500146e-06
35,Centralized,DDoS_TCP,0.0006670252047767407,0.00016817813798315485,-0.00022981315348531058,-3.0641594007209855e-05,9.125080204633504e-05
35,Centralized,DDoS_UDP,0.0003274802824588604,-3.7486446696231396e-05,2.1536670622461045e-05,-1.601500892020787e-05,-3.7849947348911336e-05
35,Centralized,Fingerprinting,-0.09091152700236058,-0.04499232800338196,-0.022553449722605343,0.021799472664560896,0.12066501984455975
35,Centralized,MITM,0.06325426942486827,-0.0021174933153154498,0.0005976278208583319,0.0038312866806514854,-0.01293411166369419
35,Centralized,Normal,0.2843844905228878,-0.07004898740594416,-0.07135246004865653,-0.0709738389602959,-0.0710954875005542
35,Centralized,Password,0.07091971722943909,-0.017895580367125134,-0.016111821324445375,-0.014184050660586775,-0.019839410767674922
35,Centralized,Port_Scanning,0.0,0.0,0.0,0.0,0.0
35,Centralized,Ransomware,0.19397520756398715,-0.0795033822624492,-0.03246226429424415,-0.05131746370431642,-0.009834623374819778
35,Centralized,SQL_injection,-0.0061186113794850895,-0.00979048811496591,-0.004479920048292063,-0.010133640726988727,-0.020988774731935562
35,Centralized,Uploading,0.01603434019775078,-0.006465515050833307,0.0028442300023070874,-0.010176309709429975,-0.02536778106909153
35,Centralized,Vulnerability_scanner,-0.0006857759047694738,-0.000663306624873435,0.0018481607414345292,-0.0020884563358753733,-0.003978982617028801
35,Centralized,XSS,0.0026609446560393445,-0.0023226092973861264,0.002834080698740604,-0.003940989293599875,0.0007685732362060536
36,0,Backdoor,-0.21195244601757218,0.05002281826666688,0.05131846086896319,0.05979962801362399,0.05406138979258753
36,0,DDoS_HTTP,-0.06678668070875628,0.017873865493493395,0.013552401110498066,0.017998034000898538,0.015181821717887041
36,0,DDoS_ICMP,0.000622163936541544,3.7181548463494084e-06,9.58952597000018e-05,-0.000632137468216178,-0.00031379913340015
36,0,DDoS_TCP,0.0006498175497496446,1.6804678854901814e-05,1.6804678854901814e-05,0.0003297563066122074,-0.000200261934554391
36,0,DDoS_UDP,0.00020397208803003182,-0.00011808910359633422,-0.00011808910359633422,9.661835748790981e-05,-6.44122383252732e-05
36,0,Fingerprinting,0.2805116335071575,-0.017993662880171842,0.07271544685067702,-0.2614521216918914,-0.18092415292862865
36,0,MITM,0.0,0.0,0.0,0.0,0.0
36,0,Normal,0.0,0.0,0.0,0.0,0.0
36,0,Password,-0.21841135036437598,0.06662082421107517,0.03524877422683153,0.05706087675437967,0.06139174445567561
36,0,Port_Scanning,0.0,0.0,0.0,0.0,0.0
36,0,Ransomware,-0.12801355794061117,0.021070359182203627,0.022186115944458514,0.05425555688447191,0.014006976302397398
36,0,SQL_injection,-0.21505569870073465,0.0006447017395190618,0.06317136319878833,0.03159082026159334,0.024847590259243747
36,0,Uploading,-0.022565158767630506,-0.002577595159264611,-0.0031880805168075558,0.01768114468651524,0.007148229025102886
36,0,Vulnerability_scanner,-0.025622735457875648,0.0020864819274687826,0.002615771116993787,0.0030141189431504884,0.00287820122856229
36,0,XSS,-0.0014370453974026415,-0.0007699140233493242,-0.0014370453974026415,0.005081050215557248,-0.0014370453974026415
36,1,Backdoor,-0.18429671962220306,0.04170656664551231,0.046636362259145456,0.052071970550072275,0.04570724333375271
36,1,DDoS_HTTP,-0.08391117859855077,0.021265476885455274,0.014883447738525743,0.023096362573613492,0.02051115688145016
36,1,DDoS_ICMP,0.0002739811349792028,0.00019889622685935194,0.00015991734780373227,-0.00011873168986586783,-6.259849807333702e-05
36,1,DDoS_TCP,0.0003836783900808087,-0.00033997998389828643,6.560433523028486e-05,0.00013315736651121438,-0.00024246010792402148
36,1,DDoS_UDP,6.44122383252732e-05,-9.661835748790981e-05,-0.0001234567901234403,-0.0001234567901234403,-4.2941492216848803e-05
36,1,Fingerprinting,0.0847687698152094,0.053099057804940154,0.10852170533285084,-0.1257002130995939,-0.09846709763118432
36,1,MITM,0.018181818181818188,-0.02727272727272728,-0.03484848484848486,-0.03484848484848486,-0.012121212121212125
36,1,Normal,0.0,0.0,0.0,0.0,0.0
36,1,Password,-0.21698268537333823,0.06463392028000223,0.038958826180851426,0.05452638269351561,0.05620044037342963
36,1,Port_Scanning,0.0,0.0,0.0,0.0,0.0
36,1,Ransomware,-0.12127391851124311,0.01307715638165893,0.017349327704606853,0.04345148711402276,0.00787025561134993
36,1,SQL_injection,-0.1834848602228502,-0.0034072293452871646,0.07225644122056799,0.030540446292576223,0.024934197041048493
36,1,Uploading,-0.015448457117021891,-0.002180852919082016,-0.004007845136102309,0.014377447509852617,0.0038294160875697453
36,1,Vulnerability_scanner,-0.01602592632886216,0.0025090688320498194,0.0021107644162063695,0.002504908974112335,0.002151527528776655
36,1,XSS,-0.002017395585123194,-0.002136761785170371,-0.002017395585123194,0.008188948540539955,-0.002017395585123194
36,2,Backdoor,-0.20307914375118194,0.046425557102430674,0.04988116919302144,0.05615509740463591,0.048313234113265976
36,2,DDoS_HTTP,-0.06727271185025209,0.015861948368442295,0.013841281585539955,0.016751822893492203,0.015887113324116485
36,2,DDoS_ICMP,-0.00010818042754471476,0.00020981733524837824,0.00015282811261945565,-3.3079998798329904e-05,4.398319825138497e-06
36,2,DDoS_TCP,0.00177964967807084,-0.0006806233968600121,-0.0003108028211533054,-0.00018542863737802117,-0.0006027948226795014
36,2,DDoS_UDP,6.44122383252732e-05,-9.661835748790981e-05,-0.0001234567901234403,-0.0001234567901234403,-4.2941492216848803e-05
36,2,Fingerprinting,-0.09294589924217059,0.09904559938548362,0.12515386878019802,-0.0744273807236521,-0.056826188199858955
36,2,MITM,0.018181818181818188,-0.02727272727272728,-0.03484848484848486,-0.03484848484848486,-0.012121212121212125
36,2,Normal,0.0,0.0,0.0,0.0,0.0
36,2,Password,-0.20913530115622073,0.06181318510047993,0.037492257301901415,0.05257558693875615,0.05482075696846026
36,2,Port_Scanning,0.0,0.0,0.0,0.0,0.0
36,2,Ransomware,-0.1069560748771579,0.017715041954056685,0.0279940166822148,0.04302640700047838,0.009794888619565468
36,2,SQL_injection,-0.18009087939352478,-0.007098303127968261,0.069314165045961,0.03888489097793636,0.031827443480791945
36,2,Uploading,-0.00667067458306823,-0.006943804474487724,-0.008729719631147914,0.01743350465856793,0.004910694030135931
36,2,Vulnerability_scanner,-0.016084486355795104,0.0017257295942843458,0.0019335165787863133,0.0024103128462478955,0.0019981346286523666
36,2,XSS,-0.004961270103400128,0.001397735810523231,-0.004961270103400128,0.013486074499677154,-0.004961270103400128
36,3,Backdoor,-0.19036325740813442,0.045699280034100495,0.04728252024206273,0.05268107018783306,0.04763978919256151
36,3,DDoS_HTTP,-0.06281020241055228,0.01554009659965969,0.012971473549200153,0.01646755746778388,0.014402436951044888
36,3,DDoS_ICMP,0.00043606073389925354,0.00017279670905248623,-5.4405938028153265e-05,0.00019355094174033916,0.0001557427471736983
36,3,DDoS_TCP,0.0006477019706965774,-0.0006201475244554685,-0.00044276494574878956,1.2514750755865389e-06,-0.0005875592254319588
36,3,DDoS_UDP,0.0003969461683527446,-0.00024676155495271986,-0.00027359998758825035,-0.00013958055767236596,-5.906525976577444e-05
36,3,Fingerprinting,0.12405269974430054,0.021912880499218256,0.05668901591951624,-0.08897988170933338,-0.07327067404966137
36,3,MITM,0.1054545454545455,-0.04909090909090908,-0.05666666666666666,-0.05666666666666666,-0.03393939393939393
36,3,Normal,0.0,0.0,0.0,0.0,0.0
36,3,Password,-0.2016406222957067,0.057279663800199575,0.03777141559877749,0.05433572346231609,0.05225381943441338
36,3,Port_Scanning,0.0,0.0,0.0,0.0,0.0
36,3,Ransomware,-0.1416487765637072,0.029814193878510233,0.030582626175825623,0.05627883038744388,0.024973126121927442
36,3,SQL_injection,-0.18819199181393945,-0.016914620737458766,0.06529314582410581,0.04398495734327234,0.015929105509206346
36,3,Uploading,-0.017022264389382202,-0.012483424916650795,-0.008835194185146281,0.019638391532112887,0.01912984238641683
36,3,Vulnerability_scanner,-0.020547446178642292,0.0019167587648027987,0.0016813170229750577,0.0031796600661525604,0.002406171467587041
36,3,XSS,-0.0028153384113807924,-0.00301240867333878,-0.0028153384113807924,0.011458423907481158,-0.002815338411380793
36,4,Backdoor,0.3317276106513455,-0.08575030596703316,-0.0836868075400393,-0.08180273355808175,-0.0883215851432133
36,4,DDoS_HTTP,0.25729197071175747,-0.0633125051477086,-0.06560608340559708,-0.06428466488370414,-0.06347670912681859
36,4,DDoS_ICMP,0.0005923522961508128,1.119986516357474e-05,0.00017915624187981317,-0.00045656059435351856,-0.0003254369989505124
36,4,DDoS_TCP,0.00071051529340506,-0.00013556667278365094,-0.00017780044761232702,0.00013525196580844168,-0.00022788852440416285
36,4,DDoS_UDP,0.00023081052066556234,-6.44122383252732e-05,-9.125067096080372e-05,-9.125067096080372e-05,1.61030595813183e-05
36,4,Fingerprinting,0.22170745952496512,0.011097904235776092,0.10468399809360909,-0.22326608544857965,-0.16876873095122516
36,4,MITM,0.006410256410256406,0.0,0.006410256410256406,0.006410256410256406,-0.019230769230769218
36,4,Normal,0.3171852873383532,-0.07994416385519815,-0.07927440253009858,-0.07888441155162874,-0.07897364823722391
36,4,Password,0.13815333568125038,-0.03321091180995716,-0.03341851345390275,-0.033879708962655596,-0.03530357934201549
36,4,Port_Scanning,0.0,0.0,0.0,0.0,0.0
36,4,Ransomware,0.3196996959029467,-0.06837073243261042,-0.07383122828449898,-0.06925636894406019,-0.08271691860677663
36,4,SQL_injection,-0.03022525670176183,-0.009527968215180364,-0.009226414049442855,-0.010709019478635189,-0.0026166375051355304
36,4,Uploading,0.05444923101373307,-0.001967100280415755,-0.022575717715823295,-0.007832918403433193,-0.024025420675377454
36,4,Vulnerability_scanner,-0.008043648233659878,0.0004311003159089055,-0.00046252740215057544,-0.00017358142798666506,-0.0001145123605529356
36,4,XSS,0.007031259444048186,-0.0036399559340972907,0.007031259444048186,-0.01745382239804727,0.007031259444048186
36,Aggregated,Backdoor,0.09371286654159763,-0.024823123067562108,-0.02121433682478846,-0.01933251868522423,-0.028879624881785016
36,Aggregated,DDoS_HTTP,0.10594561615032008,-0.024841982032157615,-0.02881070019514922,-0.028317396323356055,-0.026546339967261235
36,Aggregated,DDoS_ICMP,0.00036325608459677474,0.00011928197616443889,0.00010669863161159773,-0.00020940319797822885,-0.00010834513204622254
36,Aggregated,DDoS_TCP,0.0008343702698455784,-0.0003521482294723118,-0.0001696058213461138,8.242103635296242e-05,-0.00037238884361042726
36,Aggregated,DDoS_UDP,0.00019212542298961411,-0.0001245162232093755,-0.00014598696971869772,-7.623193621393854e-05,-3.8651905649489396e-05
36,Aggregated,Fingerprinting,0.13701102934763362,0.029785322958489797,0.09218459320451383,-0.16272386000729408,-0.12144909779212974
36,Aggregated,MITM,0.02692147034252295,-0.01954887218045114,-0.02257727652464495,-0.022577276524644942,-0.014849624060150387
36,Aggregated,Normal,0.2838754603876021,-0.07159670810781914,-0.07093621859986193,-0.07057175530558112,-0.07065427163200308
36,Aggregated,Password,0.07651040124536918,-0.019490213582761692,-0.018659334919249326,-0.017682525563663766,-0.020837428819981
36,Aggregated,Port_Scanning,0.0,0.0,0.0,0.0,0.0
36,Aggregated,Ransomware,0.19021520072750328,-0.0419453907081905,-0.055748832381561586,-0.029733936928453837,-0.06807632235392291
36,Aggregated,SQL_injection,-0.0809522900505261,-0.0006897803011131825,0.0016962133258437632,-0.0019901821387956153,0.013016242036414301
36,Aggregated,Uploading,0.012724004799391333,0.0022075185423264887,-0.013298976822410965,0.00884564471466651,-0.012133973923131194
36,Aggregated,Vulnerability_scanner,-0.01729928524422098,0.0017374102713112313,0.0015725225787176166,0.0021855000049647243,0.001862055978406694
36,Aggregated,XSS,0.0013456266494858112,0.000590266047441457,0.0013456266494858112,-0.00462714599589889,0.0013456266494858112
36,Centralized,Backdoor,0.09371286654159763,-0.024823123067562108,-0.02121433682478846,-0.01933251868522423,-0.028879624881785016
36,Centralized,DDoS_HTTP,0.10594561615032008,-0.024841982032157615,-0.02881070019514922,-0.028317396323356055,-0.026546339967261235
36,Centralized,DDoS_ICMP,0.00036325608459677474,0.00011928197616443889,0.00010669863161159773,-0.00020940319797822885,-0.00010834513204622254
36,Centralized,DDoS_TCP,0.0008343702698455784,-0.0003521482294723118,-0.0001696058213461138,8.242103635296242e-05,-0.00037238884361042726
36,Centralized,DDoS_UDP,0.00019212542298961411,-0.0001245162232093755,-0.00014598696971869772,-7.623193621393854e-05,-3.8651905649489396e-05
36,Centralized,Fingerprinting,0.13701102934763362,0.029785322958489797,0.09218459320451383,-0.16272386000729408,-0.12144909779212974
36,Centralized,MITM,0.02692147034252295,-0.01954887218045114,-0.02257727652464495,-0.022577276524644942,-0.014849624060150387
36,Centralized,Normal,0.2838754603876021,-0.07159670810781914,-0.07093621859986193,-0.07057175530558112,-0.07065427163200308
36,Centralized,Password,0.07651040124536918,-0.019490213582761692,-0.018659334919249326,-0.017682525563663766,-0.020837428819981
36,Centralized,Port_Scanning,0.0,0.0,0.0,0.0,0.0
36,Centralized,Ransomware,0.19021520072750328,-0.0419453907081905,-0.055748832381561586,-0.029733936928453837,-0.06807632235392291
36,Centralized,SQL_injection,-0.0809522900505261,-0.0006897803011131825,0.0016962133258437632,-0.0019901821387956153,0.013016242036414301
36,Centralized,Uploading,0.012724004799391333,0.0022075185423264887,-0.013298976822410965,0.00884564471466651,-0.012133973923131194
36,Centralized,Vulnerability_scanner,-0.01729928524422098,0.0017374102713112313,0.0015725225787176166,0.0021855000049647243,0.001862055978406694
36,Centralized,XSS,0.0013456266494858112,0.000590266047441457,0.0013456266494858112,-0.00462714599589889,0.0013456266494858112
37,0,Backdoor,-0.21748845686257992,0.04948671621410815,0.057383615834776955,0.05223612838164507,0.05788355869956943
37,0,DDoS_HTTP,-0.05361280504236601,0.009877425718347956,0.01624202829618971,0.011733673931115348,0.016592841087771745
37,0,DDoS_ICMP,0.000959103160202455,0.00022776662108232778,-0.00018400439654923107,-0.00029549255922994475,-0.000258140906481145
37,0,DDoS_TCP,-0.0001878476298379117,-0.0001878476298379117,-0.0001878476298379117,-6.153076016561787e-05,-0.0001878476298379117
37,0,DDoS_UDP,-0.00011808910359633422,-6.44122383252732e-05,4.2941492216848803e-05,-6.44122383252732e-05,-0.00011808910359633422
37,0,Fingerprinting,0.3298290878231171,0.11466972512809885,-0.025744534116547795,-0.15885786292972404,-0.152753558762087
37,0,MITM,0.0,0.0,0.0,0.0,0.0
37,0,Normal,0.0,0.0,0.0,0.0,0.0
37,0,Password,-0.22372111350668017,0.048743609449025935,0.060276140397446096,0.059261274328818864,0.05759557375238414
37,0,Port_Scanning,0.0,0.0,0.0,0.0,0.0
37,0,Ransomware,-0.1437567128944731,0.022521803471578002,0.049492364179084265,0.028162230961330862,0.0435803142824801
37,0,SQL_injection,0.09732221590942684,0.03468813156785883,0.003283428519654633,-0.007194026822481531,0.04436621149119927
37,0,Uploading,0.05292640281582121,0.0005133802909244261,0.0060308216947020914,-0.00010763292772631161,0.006291310552712909
37,0,Vulnerability_scanner,0.018369237590189484,-0.0007613850785545422,0.0004593865164961242,-9.179434729509329e-05,0.007601028391041407
37,0,XSS,-0.0066023812362904204,0.006575353690399046,-0.0007448671825927788,0.0020122679105881035,-0.0012403731821039523
37,1,Backdoor,-0.1951077641167571,0.04230599922820258,0.0542943221582273,0.044894668466105805,0.050631407804594145
37,1,DDoS_HTTP,-0.0613073538231212,0.012207610766421472,0.022772777109334504,0.014955497446844646,0.01843595417810763
37,1,DDoS_ICMP,5.245876415913009e-05,3.179814847331652e-05,1.485311897087005e-05,-5.887811101681906e-05,-4.0231920586497605e-05
37,1,DDoS_TCP,0.0002837759576685028,-0.00012154223001707431,0.0001486698951066438,-0.0004595735178647161,0.0001486698951066438
37,1,DDoS_UDP,-1.61030595813183e-05,6.44122383252732e-05,-1.61030595813183e-05,-1.61030595813183e-05,-1.61030595813183e-05
37,1,Fingerprinting,0.029414625049299963,0.12935464604195251,0.02077560038860348,-0.09621562705154035,-0.08332924442831559
37,1,MITM,-0.004545454545454547,0.018181818181818188,-0.004545454545454547,-0.004545454545454547,-0.004545454545454547
37,1,Normal,0.0,0.0,0.0,0.0,0.0
37,1,Password,-0.22168155135234793,0.04938712674134298,0.05954949755352716,0.057998038641805603,0.05927842373374484
37,1,Port_Scanning,0.0,0.0,0.0,0.0,0.0
37,1,Ransomware,-0.1408315037736783,0.019121359177621554,0.05777490486357617,0.02510573048630864,0.042224806759116676
37,1,SQL_injection,0.07569606919052493,0.044629595690791946,-0.004206326305489962,-0.012000827053849054,0.0241384683401348
37,1,Uploading,0.04262384675472951,-0.00041851118807619735,0.005210328387981254,-0.001579639341090118,0.0031380838378478547
37,1,Vulnerability_scanner,0.012290805533942165,-0.0012934637523721797,-0.001246700887452612,0.00014213814904245707,0.004373019108817866
37,1,XSS,-0.00601739132891729,0.009738730274998235,-0.0019601467442456845,0.0030453841104177435,-0.004806576312253003
37,2,Backdoor,-0.2096004433535444,0.04784601492132636,0.059352952148792035,0.049790112455445935,0.05535709542892361
37,2,DDoS_HTTP,-0.05063496852671651,0.009563565259686733,0.016793871580633984,0.012994667987673689,0.015520026456665281
37,2,DDoS_ICMP,-0.0005437108697688116,0.0002240854144051933,3.7058860448037816e-05,-1.8498482907225443e-05,7.528173647287825e-05
37,2,DDoS_TCP,-3.288750888064499e-05,-0.00010056320578912814,-3.288750888064499e-05,-0.0003035902965145776,-3.288750888064499e-05
37,2,DDoS_UDP,-1.61030595813183e-05,6.44122383252732e-05,-1.61030595813183e-05,-1.61030595813183e-05,-1.61030595813183e-05
37,2,Fingerprinting,-0.21530353364099467,0.1748747529846601,0.06495714851597205,-0.02908635671174371,0.004557988852106497
37,2,MITM,-0.004545454545454547,0.018181818181818188,-0.004545454545454547,-0.004545454545454547,-0.004545454545454547
37,2,Normal,0.0,0.0,0.0,0.0,0.0
37,2,Password,-0.21172087790864474,0.0497288504064788,0.05755507711867334,0.05670770391883073,0.055010165884800316
37,2,Port_Scanning,0.0,0.0,0.0,0.0,0.0
37,2,Ransomware,-0.12368408314166321,0.024347726753965293,0.04100361211065267,0.020940230051122114,0.03739251422592315
37,2,SQL_injection,0.062306529887012616,0.04784753842148238,-0.0018036047358681495,-0.014491379960100277,0.027326694884371852
37,2,Uploading,0.06718251974535158,-0.004064819177074038,0.004670092177983757,-0.005621902578428493,0.004195658132585535
37,2,Vulnerability_scanner,0.012870999002881613,-0.0002650950850338063,-0.0002782503211216647,-7.204562680886613e-05,0.004561314749061222
37,2,XSS,-0.018375384055630935,0.016424166066199997,-0.002430606982573778,0.010274411766066475,-0.0058925867940617625
37,3,Backdoor,-0.18923976834506254,0.04115134731112499,0.051040432357986124,0.04656355700143224,0.05019981207955495
37,3,DDoS_HTTP,-0.04351880673784463,0.010212852554369585,0.01743474412244678,0.00463619204120545,0.013240140935016503
37,3,DDoS_ICMP,1.3880549528190917e-05,-0.00045639537541407224,-0.00024807995806049867,7.247523594426745e-05,0.0001664506349224289
37,3,DDoS_TCP,0.0002636527477103153,-0.0003165257192990378,0.00014834613776295395,-0.0005729617913925622,0.00016408248323494524
37,3,DDoS_UDP,0.00021454847973740126,8.049456991517933e-05,-2.684187895751385e-05,-8.048418088971721e-05,-0.00018771698980534952
37,3,Fingerprinting,0.11563107896957225,0.017973472462636555,-0.021081481298199558,-0.06436399189237166,-0.07038130046385979
37,3,MITM,0.07363636363636362,0.02363636363636364,-0.03545454545454543,-0.026363636363636353,-0.03545454545454543
37,3,Normal,0.0,0.0,0.0,0.0,0.0
37,3,Password,-0.2040000728495926,0.046802440841262734,0.05537258398347274,0.05448314594552037,0.05458375544533729
37,3,Port_Scanning,0.0,0.0,0.0,0.0,0.0
37,3,Ransomware,-0.15530055921464506,0.031435711372418206,0.0501048824257857,0.019855352935166427,0.04928276374177877
37,3,SQL_injection,0.06186293068233203,0.03459443922903312,0.0016987382528661536,-0.0033386546323651884,0.03228800929059221
37,3,Uploading,0.09303931647230172,-0.006930592299898337,0.003749236231205863,-0.008144515394296137,0.013644645176363275
37,3,Vulnerability_scanner,0.010860690396641205,-0.0015433499680691447,0.0006102812037150333,0.0014839258532957347,0.0057114032866569684
37,3,XSS,-0.005309098244894204,0.010505322491897227,-0.001004843003458772,0.0008698545406506584,-0.005061235784194906
37,4,Backdoor,0.3064476975862019,-0.07841374894081447,-0.07077859564681722,-0.08442627172936733,-0.07802758604270386
37,4,DDoS_HTTP,0.2671488090850426,-0.07544400301429131,-0.06055658712919743,-0.08209175122315422,-0.06791140572896327
37,4,DDoS_ICMP,0.0004987569503231907,0.00017905584622626887,8.624944601698567e-05,-0.00025069204327256566,-0.00028839880040732645
37,4,DDoS_TCP,-0.00045861430698534435,-0.0001625873462971994,-0.00020482101050264267,-0.0002471664779223837,-0.00024694287149378826
37,4,DDoS_UDP,8.051529790659151e-05,8.051529790659151e-05,0.0,-8.051529790659151e-05,-8.051529790659151e-05
37,4,Fingerprinting,0.16951282281964453,0.12469662872940335,0.030639495711023403,-0.12589071871392787,-0.1227677523556674
37,4,MITM,0.03589743589743584,-0.034615384615384596,0.0038461538461538438,-0.0025641025641025624,-0.0025641025641025624
37,4,Normal,0.3177788749418862,-0.07953423187314135,-0.08007082638814222,-0.0792339848978447,-0.07951504050256071
37,4,Password,0.13970560179278912,-0.036759759877530856,-0.03691822337051686,-0.037322854603836414,-0.03707963931478319
37,4,Port_Scanning,0.0,0.0,0.0,0.0,0.0
37,4,Ransomware,0.2980160269398488,-0.08638777109159587,-0.07697121933303683,-0.08041096454521778,-0.07487293523645552
37,4,SQL_injection,0.08602260403904753,0.000468160085318248,-0.0066108598487445575,0.0033826537157063213,0.01658143576842284
37,4,Uploading,0.11367903213120532,-0.0058572825141012174,-0.008193256045365388,-0.007052948960853369,-0.026803490014364127
37,4,Vulnerability_scanner,0.006092462738812147,-0.0007327016291785412,-0.0002940736970473109,0.00017866814398356245,0.0028400188461546127
37,4,XSS,0.036209597120232785,-0.02441669952499243,0.0020218190635177113,-0.017956033805452385,0.004141317146694312
37,Aggregated,Backdoor,0.058156882944217246,-0.01785112392715537,-0.003546289912299281,-0.025198078269935253,-0.012886355967323812
37,Aggregated,DDoS_HTTP,0.13357053318935108,-0.04154650690469846,-0.013271397278438042,-0.05369515741532365,-0.02719243575984579
37,Aggregated,DDoS_ICMP,0.0001960909101801393,4.1280313344516097e-05,-5.876688132070429e-05,-0.00011024478165846582,-6.907404575892303e-05
37,Aggregated,DDoS_TCP,-2.60420620680768e-05,-0.00017758893607153214,-2.532396715808812e-05,-0.00032860028570063277,-3.0447906065535674e-05
37,Aggregated,DDoS_UDP,2.897084838358229e-05,4.508220557037553e-05,-3.223515637290619e-06,-5.1520247170905306e-05,-8.371322945984564e-05
37,Aggregated,Fingerprinting,0.10211024049980974,0.1106613909820298,0.01053406989038815,-0.09710018566755133,-0.08577540817779465
37,Aggregated,MITM,0.018448514351641285,0.0041126346108345925,-0.007136280969996104,-0.006931026454396766,-0.008493841538082995
37,Aggregated,Normal,0.28468243649060504,-0.07124519581459446,-0.07177279648827706,-0.07094711400842257,-0.07122700465801386
37,Aggregated,Password,0.08173043351537272,-0.01982155969166089,-0.019454422995978025,-0.020017426699322622,-0.019896106869859657
37,Aggregated,Port_Scanning,0.0,0.0,0.0,0.0,0.0
37,Aggregated,Ransomware,0.16071472687737215,-0.060573006046553336,-0.029255713633975177,-0.04387450222309625,-0.032741266159091974
37,Aggregated,SQL_injection,0.09691935556604174,0.007602453518436001,-0.00525887752950299,0.0019730527201429907,0.02873612044402286
37,Aggregated,Uploading,0.08217407523769199,-0.0001555488151473633,0.002518945121237158,-0.0010875071249412385,-0.015252673032340163
37,Aggregated,Vulnerability_scanner,0.012112600692601696,-0.0009254083867566838,-0.0001491152422772905,0.00032765828887013624,0.005026999538908326
37,Aggregated,XSS,0.006732507420545248,-0.0062400142503683245,0.0006030389273353612,-0.002615613093423871,0.0015200809959115792
37,Centralized,Backdoor,0.058156882944217246,-0.01785112392715537,-0.003546289912299281,-0.025198078269935253,-0.012886355967323812
37,Centralized,DDoS_HTTP,0.13357053318935108,-0.04154650690469846,-0.013271397278438042,-0.05369515741532365,-0.02719243575984579
37,Centralized,DDoS_ICMP,0.0001960909101801393,4.1280313344516097e-05,-5.876688132070429e-05,-0.00011024478165846582,-6.907404575892303e-05
37,Centralized,DDoS_TCP,-2.60420620680768e-05,-0.00017758893607153214,-2.532396715808812e-05,-0.00032860028570063277,-3.0447906065535674e-05
37,Centralized,DDoS_UDP,2.897084838358229e-05,4.508220557037553e-05,-3.223515637290619e-06,-5.1520247170905306e-05,-8.371322945984564e-05
37,Centralized,Fingerprinting,0.10211024049980974,0.1106613909820298,0.01053406989038815,-0.09710018566755133,-0.08577540817779465
37,Centralized,MITM,0.018448514351641285,0.0041126346108345925,-0.007136280969996104,-0.006931026454396766,-0.008493841538082995
37,Centralized,Normal,0.28468243649060504,-0.07124519581459446,-0.07177279648827706,-0.07094711400842257,-0.07122700465801386
37,Centralized,Password,0.08173043351537272,-0.01982155969166089,-0.019454422995978025,-0.020017426699322622,-0.019896106869859657
37,Centralized,Port_Scanning,0.0,0.0,0.0,0.0,0.0
37,Centralized,Ransomware,0.16071472687737215,-0.060573006046553336,-0.029255713633975177,-0.04387450222309625,-0.032741266159091974
37,Centralized,SQL_injection,0.09691935556604174,0.007602453518436001,-0.00525887752950299,0.0019730527201429907,0.02873612044402286
37,Centralized,Uploading,0.08217407523769199,-0.0001555488151473633,0.002518945121237158,-0.0010875071249412385,-0.015252673032340163
37,Centralized,Vulnerability_scanner,0.012112600692601696,-0.0009254083867566838,-0.0001491152422772905,0.00032765828887013624,0.005026999538908326
37,Centralized,XSS,0.006732507420545248,-0.0062400142503683245,0.0006030389273353612,-0.002615613093423871,0.0015200809959115792
38,0,Backdoor,-0.182644943291031,0.07649355547717514,0.07282850494928914,0.07230688398871958,0.07670302657723381
38,0,DDoS_HTTP,-0.04517897307219491,0.018798124244110863,0.01270230706040177,0.0012119379156259622,0.012466603852056305
38,0,DDoS_ICMP,0.0016120725908257657,-0.00024308050913637302,-0.00033735917728303457,-0.00024331688238624454,-0.00011248875146929182
38,0,DDoS_TCP,-0.0001829060553586226,0.0005354143221493135,0.00011376099634554659,-0.0001829060553586226,-0.0002833632077776149
38,0,DDoS_UDP,0.0,0.0,0.0,0.0,0.0
38,0,Fingerprinting,0.5285288384359592,-0.12707258341933264,-0.10806673546611628,-0.10540075679394564,-0.03058135534915722
38,0,MITM,0.0,0.0,0.0,0.0,0.0
38,0,Normal,0.0,0.0,0.0,0.0,0.0
38,0,Password,-0.20475363142779096,0.0493037893430486,0.04951191661198687,0.045408422004920776,0.06052950346783468
38,0,Port_Scanning,0.0,0.0,0.0,0.0,0.0
38,0,Ransomware,-0.07779300746050043,0.0159370818795996,0.01665859514057471,0.024771581283866154,0.028722408849122798
38,0,SQL_injection,-0.11312308972173102,0.06106964633428594,0.034999531921764866,0.005933809699390027,-0.08085050286221622
38,0,Uploading,0.0038868971433668946,-0.020431732538898982,-0.023528890745693157,0.0013988018227741141,-0.013052495496910042
38,0,Vulnerability_scanner,0.0007503046622213572,0.006396036004731059,0.001630391716148453,-0.004904036492733458,-0.016840264422475538
38,0,XSS,-0.0020935437516492873,-0.0006540842856802489,-0.0020935437516492873,0.004969183935921247,-0.0001280121469424248
38,1,Backdoor,-0.15084143694790486,0.07275246802729902,0.07265317580845862,0.06913638345449993,0.07170187521239706
38,1,DDoS_HTTP,-0.05143263600510454,0.020097133364661714,0.014879722224195346,0.008280309789023884,0.009583468668269856
38,1,DDoS_ICMP,0.00011684898440800043,-0.0001234372238901438,-6.743922472814782e-05,-1.106926934846449e-05,8.205177659618331e-05
38,1,DDoS_TCP,-9.654335394871372e-05,-9.654335394871372e-05,0.00010611573989407485,0.00010611573989407485,-1.9144771890722277e-05
38,1,DDoS_UDP,0.0,0.0,0.0,0.0,0.0
38,1,Fingerprinting,0.24237548795261799,-0.06384195071366966,-0.026135926274908638,-0.014522778600379895,0.05656961208078451
38,1,MITM,0.0,0.0,0.0,0.0,0.0
38,1,Normal,0.0,0.0,0.0,0.0,0.0
38,1,Password,-0.2066615300419568,0.041994290730842015,0.05469403157157881,0.050880199621202424,0.05909300811833353
38,1,Port_Scanning,0.0,0.0,0.0,0.0,0.0
38,1,Ransomware,-0.0950291124174641,0.025539968868657482,0.013337871383732216,0.027534313722499235,0.028616958442575096
38,1,SQL_injection,-0.11737652137378925,0.05989662727029664,0.0243026419833255,0.013115426439918284,-0.054564607353071344
38,1,Uploading,0.0045820519417340885,-0.01582477476464714,-0.018660640030528523,0.006587604496954491,-0.008296223756545614
38,1,Vulnerability_scanner,0.0008995316896039385,0.004359107184355819,-1.1356767187498118e-05,-0.002518057166015303,-0.010514639580516748
38,1,XSS,-0.003110394522108268,-0.0033208208253880443,-0.003110394522108268,0.009179072524911732,0.0003625373446928488
38,2,Backdoor,-0.173594852931485,0.06992323333587812,0.0644251492731109,0.06294910909188038,0.06934965112428795
38,2,DDoS_HTTP,-0.042106931269872,0.017130685721583237,0.012020078845811358,0.0006796493419677308,0.012276517360509677
38,2,DDoS_ICMP,0.00047578738978669156,-6.718173816379625e-05,0.00017608867553325173,0.0002513500085971269,0.00028881128491250275
38,2,DDoS_TCP,-5.895792147132169e-05,0.0003174392119477972,-0.00030937733038830705,6.685537758857793e-05,-0.0005181150698017223
38,2,DDoS_UDP,0.0,0.0,0.0,0.0,0.0
38,2,Fingerprinting,0.23226209463051573,-0.061584896584896597,0.08470443786233259,0.09023910787068681,0.10892471076681605
38,2,MITM,0.0,0.0,0.0,0.0,0.0
38,2,Normal,0.0,0.0,0.0,0.0,0.0
38,2,Password,-0.18971029291232977,0.04088622601280103,0.04856648035957223,0.044969197984455284,0.05528838855550115
38,2,Port_Scanning,0.0,0.0,0.0,0.0,0.0
38,2,Ransomware,-0.06302785014851911,0.02103711117036904,0.01109506429399059,0.012708048423240576,0.018187626260918913
38,2,SQL_injection,-0.1317535896346418,0.05807321892439535,0.033234955559383904,0.020075106430335016,-0.05642743992792095
38,2,Uploading,0.009861293925624815,-0.017969761504954395,-0.0258414964228464,-0.00678238723502669,-0.015031451977209832
38,2,Vulnerability_scanner,0.000745393938083098,0.004390522950874557,0.001083744153699425,-0.0032463299159071163,-0.01227903551246461
38,2,XSS,-0.0077671027084962275,0.0008151024507952132,-0.0077671027084962275,0.015154055423288555,-0.0004349524570913169
38,3,Backdoor,-0.16127847533824638,0.06558005263496199,0.058608303153683615,0.061301736495703044,0.06359335794123816
38,3,DDoS_HTTP,-0.0377301859405573,0.01688985485744119,0.006328849403944159,0.005699596999995556,0.008811884679176391
38,3,DDoS_ICMP,-0.0005598578783128398,0.0001767688480789953,-8.598504214583821e-05,0.0001018635691821775,-8.618823587817811e-05
38,3,DDoS_TCP,8.749232843244988e-05,0.0005257661529944502,-9.972370014382967e-05,4.586182809776333e-05,-0.00024599046739744813
38,3,DDoS_UDP,0.00026808374878737327,-0.00021448978880735936,-0.0001341126608236783,-0.00018768590282418248,-5.364920792537327e-05
38,3,Fingerprinting,0.2009259259259259,-0.029722222222222226,-0.0465740740740741,-0.04574074074074074,-0.028888888888888898
38,3,MITM,0.02363636363636362,-0.03090909090909089,-0.049090909090909074,-0.030909090909090886,-0.021818181818181803
38,3,Normal,0.0,0.0,0.0,0.0,0.0
38,3,Password,-0.1931828451012869,0.04113895356117284,0.05000718443994837,0.05070648721541085,0.0537312448963292
38,3,Port_Scanning,0.0,0.0,0.0,0.0,0.0
38,3,Ransomware,-0.09601867236273812,0.025630312557743225,0.010568950298242579,0.02753690633380761,0.028689941888075676
38,3,SQL_injection,-0.10238872767542659,0.05868165899453752,0.03693729369548055,0.019549214565374347,-0.06779275738731833
38,3,Uploading,0.015595101266022681,-0.028027912479015028,-0.03494868833211388,-0.006538147782057679,-0.019643571063640713
38,3,Vulnerability_scanner,0.0025929832296995247,0.00632013956487012,0.001842844460526862,-0.003535462388288785,-0.014447949443649818
38,3,XSS,-0.0021381532008973737,-0.0025282013117327398,-0.0021381532008973737,0.00424937679624735,0.002555130917280137
38,4,Backdoor,0.329700840829427,-0.09890489673665544,-0.09136787918934135,-0.10137263434798192,-0.09336474381662012
38,4,DDoS_HTTP,0.25499360643201147,-0.06670514002356605,-0.06838463121192893,-0.07840118243379095,-0.05912677194622105
38,4,DDoS_ICMP,0.000778696593320329,-0.00021320902773126668,-0.0001573717155419707,-0.0001573717155419707,-2.6688145719289126e-05
38,4,DDoS_TCP,-0.0005382951132874625,0.0007318966872338573,9.628869691979402e-05,-7.305398774180017e-05,-0.00021683628312438863
38,4,DDoS_UDP,0.0002576489533010928,-6.44122383252732e-05,-6.44122383252732e-05,-6.44122383252732e-05,-6.44122383252732e-05
38,4,Fingerprinting,0.34945803384399843,-0.11578413139816646,-0.0603735251103672,-0.06037352511036721,0.026267286969041355
38,4,MITM,0.0,0.0,0.0,0.0,0.0
38,4,Normal,0.31756446044521625,-0.08026408093203224,-0.07998739772571796,-0.07944375046260042,-0.07905564188241081
38,4,Password,0.14101073892502278,-0.03961491864472343,-0.03978068879059518,-0.03758594057139227,-0.04012805152712098
38,4,Port_Scanning,0.0,0.0,0.0,0.0,0.0
38,4,Ransomware,0.31971468218023014,-0.09020102709482608,-0.09363517314674077,-0.06773407938207057,-0.08020652247416835
38,4,SQL_injection,0.016391755505455474,-0.004715771286775325,-0.014911435894655233,-0.01776964930406672,-0.02537977328285323
38,4,Uploading,0.05798397168610023,-0.01809383695401444,-0.023869413843883473,-0.027545429630908544,-0.05114562568586146
38,4,Vulnerability_scanner,0.003863688259267223,0.003548979946137546,0.0006778690712188803,-0.0009698491453405215,-0.008316123549834844
38,4,XSS,0.013644440179447789,-0.00688899424725822,0.013644440179447789,-0.022418849668516278,0.002018963556878923
38,Aggregated,Backdoor,0.1238324888259517,-0.016254418031116033,-0.008920192684032373,-0.023979431190076846,-0.008064000006773092
38,Aggregated,DDoS_HTTP,0.12537686704935277,-0.026152926470623828,-0.030575436282320297,-0.04996636184638548,-0.023390180565274355
38,Aggregated,DDoS_ICMP,0.0004847783751161646,-9.399991133504278e-05,-9.442887044746791e-05,-1.1739011945803105e-05,2.908863739758405e-05
38,Aggregated,DDoS_TCP,-0.00015706854388249368,0.00040170559027147463,-1.9125458110362074e-05,-7.366596505462933e-06,-0.00025694546527051386
38,Aggregated,DDoS_UDP,0.00010516268188107506,-5.580153789627359e-05,-3.9709539517934765e-05,-5.043661683692598e-05,-2.3610629140335958e-05
38,Aggregated,Fingerprinting,0.31059030116538794,-0.08536555636440919,-0.035378740956262346,-0.030380780152460953,0.024599816958150875
38,Aggregated,MITM,0.004072681704260633,-0.005325814536340828,-0.008458646616541315,-0.005325814536340828,-0.003759398496240585
38,Aggregated,Normal,0.28482535248186946,-0.07182598181145473,-0.07155104287501911,-0.07101512881692223,-0.07062744000413466
38,Aggregated,Password,0.08281009945287822,-0.022480479902684883,-0.020434614242305204,-0.018684674921223544,-0.0244175221194344
38,Aggregated,Port_Scanning,0.0,0.0,0.0,0.0,0.0
38,Aggregated,Ransomware,0.2184620048933984,-0.06866181116490483,-0.06900153620264718,-0.02882549346880147,-0.054268209847622116
38,Aggregated,SQL_injection,-0.011309091408536137,0.0033324568142711623,-0.01113081435468222,-0.018235184970231258,-0.0316236753915432
38,Aggregated,Uploading,0.02906984593737972,-0.014268150293897526,-0.020001445580972544,-0.012272750037675136,-0.037539474905770205
38,Aggregated,Vulnerability_scanner,0.001788570755907846,0.0050122397120490065,0.0010448124750624232,-0.0030361544662865668,-0.012493118444322672
38,Aggregated,XSS,0.002726379507905092,-0.00040239194482704943,0.002726379507905092,-0.0051881852362225716,0.00013781816523943935
38,Centralized,Backdoor,0.1238324888259517,-0.016254418031116033,-0.008920192684032373,-0.023979431190076846,-0.008064000006773092
38,Centralized,DDoS_HTTP,0.12537686704935277,-0.026152926470623828,-0.030575436282320297,-0.04996636184638548,-0.023390180565274355
38,Centralized,DDoS_ICMP,0.0004847783751161646,-9.399991133504278e-05,-9.442887044746791e-05,-1.1739011945803105e-05,2.908863739758405e-05
38,Centralized,DDoS_TCP,-0.00015706854388249368,0.00040170559027147463,-1.9125458110362074e-05,-7.366596505462933e-06,-0.00025694546527051386
38,Centralized,DDoS_UDP,0.00010516268188107506,-5.580153789627359e-05,-3.9709539517934765e-05,-5.043661683692598e-05,-2.3610629140335958e-05
38,Centralized,Fingerprinting,0.31059030116538794,-0.08536555636440919,-0.035378740956262346,-0.030380780152460953,0.024599816958150875
38,Centralized,MITM,0.004072681704260633,-0.005325814536340828,-0.008458646616541315,-0.005325814536340828,-0.003759398496240585
38,Centralized,Normal,0.28482535248186946,-0.07182598181145473,-0.07155104287501911,-0.07101512881692223,-0.07062744000413466
38,Centralized,Password,0.08281009945287822,-0.022480479902684883,-0.020434614242305204,-0.018684674921223544,-0.0244175221194344
38,Centralized,Port_Scanning,0.0,0.0,0.0,0.0,0.0
38,Centralized,Ransomware,0.2184620048933984,-0.06866181116490483,-0.06900153620264718,-0.02882549346880147,-0.054268209847622116
38,Centralized,SQL_injection,-0.011309091408536137,0.0033324568142711623,-0.01113081435468222,-0.018235184970231258,-0.0316236753915432
38,Centralized,Uploading,0.02906984593737972,-0.014268150293897526,-0.020001445580972544,-0.012272750037675136,-0.037539474905770205
38,Centralized,Vulnerability_scanner,0.001788570755907846,0.0050122397120490065,0.0010448124750624232,-0.0030361544662865668,-0.012493118444322672
38,Centralized,XSS,0.002726379507905092,-0.00040239194482704943,0.002726379507905092,-0.0051881852362225716,0.00013781816523943935
39,0,Backdoor,-0.2321343458379242,0.030968815286500993,0.026137986319912022,0.03161690357575362,0.025487501998545513
39,0,DDoS_HTTP,-0.06267165499654222,0.015489656763617021,0.018374236776134877,0.01852876972966876,0.00877331907496646
39,0,DDoS_ICMP,0.0009249325204432982,-0.000348437315715322,-0.0002924222039361879,-0.0004796453655309581,-0.0004796453655309581
39,0,DDoS_TCP,-0.0002890071689613971,0.00021679052665602995,0.00011745347079723522,-0.00016269029928910327,0.00011745347079723522
39,0,DDoS_UDP,0.0,0.0,0.0,0.0,0.0
39,0,Fingerprinting,0.38493385935841196,-0.13289883366609714,-0.09465929542655883,-0.17633096277597549,-0.17633096277597557
39,0,MITM,0.0,0.0,0.0,0.0,0.0
39,0,Normal,0.0,0.0,0.0,0.0,0.0
39,0,Password,-0.22436379268275985,0.029417630013447348,0.06883497261018426,0.06980030658793869,0.05519319761997832
39,0,Port_Scanning,0.0,0.0,0.0,0.0,0.0
39,0,Ransomware,-0.12991480538561223,0.011693933021651884,0.018824243608910943,0.05865606422194034,0.03616789169696298
39,0,SQL_injection,-0.055281606034092684,0.06808525500422165,-0.011614609225924558,0.0156670260265588,0.047663683932266394
39,0,Uploading,0.00587978061683315,-0.011857250178063973,0.03491725459271586,-0.0020867959018663813,0.00038176442092436637
39,0,Vulnerability_scanner,-0.0037366210701564556,-0.00048478494920557816,0.004973191497374735,0.004676385688384118,0.00444045034278007
39,0,XSS,-0.016960651127713743,0.00489860948230491,-0.0035516164815656863,0.009218512703015406,0.006395145423959107
39,1,Backdoor,-0.2046122507896858,0.018714233404034233,0.017614905719627608,0.021370477450200657,0.01648290584755124
39,1,DDoS_HTTP,-0.07331102324035517,0.016338111198935787,0.02297529017111617,0.02249942279285336,0.010090201036403531
39,1,DDoS_ICMP,0.0003598344681949861,-8.919737780810344e-05,-8.919737780810344e-05,-8.919737780810344e-05,-8.919737780810344e-05
39,1,DDoS_TCP,2.063019010132653e-06,-7.553897587846599e-05,0.00020472211285292122,-0.0002684152375565796,0.0001371690815719917
39,1,DDoS_UDP,0.0,0.0,0.0,0.0,0.0
39,1,Fingerprinting,0.13888888888888876,-0.08333333333333333,-0.08333333333333333,-0.08333333333333333,-0.08333333333333333
39,1,MITM,0.0,0.0,0.0,0.0,0.0
39,1,Normal,0.0,0.0,0.0,0.0,0.0
39,1,Password,-0.22269911208211376,0.03267784268658105,0.06314665056293298,0.06427356774329718,0.05401058451603101
39,1,Port_Scanning,0.0,0.0,0.0,0.0,0.0
39,1,Ransomware,-0.12661485687822227,0.03294826615620351,0.011414796324996273,0.051345947738451435,0.03090584665857108
39,1,SQL_injection,-0.06440957608803981,0.07529685577123556,-0.013175983869573077,0.0038633856475225044,0.04584775915177028
39,1,Uploading,0.002099943353581896,-0.008579069835070011,0.02221288805620903,-0.0015549115842747635,-0.0011231974474350786
39,1,Vulnerability_scanner,-0.004071863661174833,-0.0003850515387900155,0.0030502645222154753,0.002677247843719129,0.0027941982943268328
39,1,XSS,-0.051797001316260034,0.015721023382834362,-0.008660109246691118,0.02356976775049711,0.021166319429619728
39,2,Backdoor,-0.2141638911690243,0.0325476942613356,0.02544669438609124,0.033304994137573915,0.02821627977439799
39,2,DDoS_HTTP,-0.059160409222219865,0.013551462749606235,0.01564798818227645,0.018267668409918825,0.009577684037091395
39,2,DDoS_ICMP,-0.0001798144558631698,-0.0001798144558631698,-0.0001798144558631698,-0.0001798144558631698,-0.0001798144558631698
39,2,DDoS_TCP,0.0009267509918262713,0.00030471469793149074,-0.0002447830229491521,-0.0004058109428237903,0.0004241000370857969
39,2,DDoS_UDP,0.0,0.0,0.0,0.0,0.0
39,2,Fingerprinting,-0.0909090909090909,-0.0909090909090909,-0.0909090909090909,-0.0909090909090909,-0.0909090909090909
39,2,MITM,0.0,0.0,0.0,0.0,0.0
39,2,Normal,0.0,0.0,0.0,0.0,0.0
39,2,Password,-0.2143590687585431,0.026207566139848083,0.06199312728352003,0.06143848223591897,0.0549988817653415
39,2,Port_Scanning,0.0,0.0,0.0,0.0,0.0
39,2,Ransomware,-0.11230840958675442,0.016533604249479167,0.007912968680247103,0.04748235389360135,0.040379482763426774
39,2,SQL_injection,-0.06479766058018312,0.08365033691408894,-0.01130407404567382,-0.0004620372734402822,0.04777885941585004
39,2,Uploading,0.016070242398775254,-0.013147889435454833,0.03337077613557934,-0.005145001446426275,-0.0013444750759493682
39,2,Vulnerability_scanner,-0.0027485330954216624,-0.00027705103098022246,0.003238781233272514,0.0030395103142236016,0.003131414701505192
39,2,XSS,-0.041140367699421934,0.014000191555831702,-0.007749225082016159,0.023315737254268665,0.011573663971337696
39,3,Backdoor,-0.20374211549071533,0.02644863619828149,0.02669364357942438,0.03212196729327591,0.02535311752296201
39,3,DDoS_HTTP,-0.0542345536972204,0.011885593584623167,0.019091136037430827,0.01775147812749757,0.006217116230555433
39,3,DDoS_ICMP,0.00039078404629835364,9.112634138965791e-05,0.0001660154615388487,0.0001660154615388487,9.112634138965791e-05
39,3,DDoS_TCP,0.0005612782106717007,0.0006405789954942916,-0.00014310494485652211,-0.0009002607447991066,2.8984724979706316e-05
39,3,DDoS_UDP,0.00023052377844507606,1.6092690579661006e-05,-0.0001179440043191482,-0.0001179440043191482,-1.072846038644067e-05
39,3,Fingerprinting,0.172222222222222,-0.05,-0.05,-0.05,-0.05
39,3,MITM,0.005454545454545451,0.005454545454545451,-0.0036363636363636338,-0.0036363636363636338,-0.0036363636363636338
39,3,Normal,0.0,0.0,0.0,0.0,0.0
39,3,Password,-0.2072538208778693,0.02879660930906572,0.057919679568254626,0.05867820695077274,0.052216446672201336
39,3,Port_Scanning,0.0,0.0,0.0,0.0,0.0
39,3,Ransomware,-0.14674042684801156,0.028780941165250238,0.024169233456674728,0.058902146790750766,0.03848066672020478
39,3,SQL_injection,-0.054903681271998024,0.07330855865067733,-0.0258616401412171,-0.0028931545325858545,0.042699301515400225
39,3,Uploading,0.02056136463868292,-0.024079241897110186,0.045989383016267864,-0.011404541117446767,-0.007096927187210337
39,3,Vulnerability_scanner,-0.0015265037920266474,-0.0006278710145140642,0.0023078417882734,0.002246224684702512,0.0022909154221130933
39,3,XSS,-0.0338874454212427,0.011144217514222144,-0.007348976170262381,0.020151378276320357,0.009940825800962618
39,4,Backdoor,0.3554198397005744,-0.07009720898980813,-0.07773558534289077,-0.07317630358489795,-0.06712922328973109
39,4,DDoS_HTTP,0.271850075006656,-0.057819917502048034,-0.05448534803076085,-0.06059265683761641,-0.0574242944557231
39,4,DDoS_ICMP,0.0007230899842234777,-0.000250832439985336,-0.00015727154548474953,-0.00036325907663900905,-0.0004007543097867679
39,4,DDoS_TCP,8.274553782071648e-05,0.0005828493228344759,6.588778243333445e-05,-0.0005014664542364155,0.0002774586008989943
39,4,DDoS_UDP,0.0002576489533010928,-6.44122383252732e-05,-6.44122383252732e-05,-6.44122383252732e-05,-6.44122383252732e-05
39,4,Fingerprinting,0.3028490028490026,-0.11672771672771674,-0.06752136752136753,-0.16064306064306058,-0.1733414733414733
39,4,MITM,0.0,0.0,0.0,0.0,0.0
39,4,Normal,0.31722433520265503,-0.07872025590589046,-0.0798968773406286,-0.07855581929237505,-0.07829415557825918
39,4,Password,0.13759889980275128,-0.02760123419383783,-0.03074208856656412,-0.031042083775082756,-0.03051103346916593
39,4,Port_Scanning,0.0,0.0,0.0,0.0,0.0
39,4,Ransomware,0.307808521139497,-0.06322576746874038,-0.07738842200810321,-0.06309722218232039,-0.07140812629630024
39,4,SQL_injection,0.017259610844438597,-0.01340619474419095,-0.0025854860718371097,0.030415508931336495,-0.0014216282240442169
39,4,Uploading,0.07046652555757661,-0.017408837697110942,0.004795397925956111,-0.010179053124864532,-0.012242853223651921
39,4,Vulnerability_scanner,0.001014908146508542,-0.0006628437441951314,-0.0005561409848555261,9.888873516642472e-05,0.00020526770130104103
39,4,XSS,0.05232776056689769,-0.016956442715055718,0.010053372235658116,-0.0291727386085787,-0.016251951478921393
39,Aggregated,Backdoor,0.09181467454784217,-0.03676746287450205,-0.04779581264797276,-0.039408181532817714,-0.032737995938126686
39,Aggregated,DDoS_HTTP,0.11631957397821277,-0.02541332651903884,-0.02180473683817887,-0.03020563329427457,-0.028783430534113717
39,Aggregated,DDoS_ICMP,0.0004437290816125613,-0.00015544265170697364,-0.00011054118927922482,-0.00018917314113559198,-0.0002116371990400508
39,Aggregated,DDoS_TCP,0.000257731970674598,0.00033350246216043433,-1.0353284189227689e-07,-0.00044763962951287667,0.0001974021344373448
39,Aggregated,DDoS_UDP,9.764902759828442e-05,-9.657687186476194e-06,-3.648367488306622e-05,-3.648367488306622e-05,-1.5023990645675795e-05
39,Aggregated,Fingerprinting,0.20115342733740665,-0.09501455565187807,-0.07727373826868081,-0.11603582238263804,-0.11902201125908454
39,Aggregated,MITM,0.0009398496240601462,0.0009398496240601462,-0.0006265664160400974,-0.0006265664160400974,-0.0006265664160400974
39,Aggregated,Normal,0.2836227395438738,-0.07060040258074822,-0.07176627272793917,-0.07044064560196792,-0.07018509489402067
39,Aggregated,Password,0.07201624590854,-0.012495484346162445,-0.02046416017098073,-0.02090375838392441,-0.019956479098727734
39,Aggregated,Port_Scanning,0.0,0.0,0.0,0.0,0.0
39,Aggregated,Ransomware,0.1771524439090319,-0.03098038977615154,-0.061942585045526924,-0.02770855097902478,-0.0481539538163911
39,Aggregated,SQL_injection,-0.008336832275971373,0.0003803415278780901,-0.0011564667905479774,0.038082339089511974,0.016875859507250436
39,Aggregated,Uploading,0.02765193054143881,-0.015002062201303144,0.023564377382188733,-0.005479115105231375,-0.004722595485228811
39,Aggregated,Vulnerability_scanner,-0.002214788459935224,-0.0004907245321276732,0.00259725540557725,0.0025450739331185266,0.002568720514190622
39,Aggregated,XSS,0.015041149951687925,-0.004386130548329596,0.003097866881505152,-0.008401335843851032,-0.0053515504410124575
39,Centralized,Backdoor,0.09181467454784217,-0.03676746287450205,-0.04779581264797276,-0.039408181532817714,-0.032737995938126686
39,Centralized,DDoS_HTTP,0.11631957397821277,-0.02541332651903884,-0.02180473683817887,-0.03020563329427457,-0.028783430534113717
39,Centralized,DDoS_ICMP,0.0004437290816125613,-0.00015544265170697364,-0.00011054118927922482,-0.00018917314113559198,-0.0002116371990400508
39,Centralized,DDoS_TCP,0.000257731970674598,0.00033350246216043433,-1.0353284189227689e-07,-0.00044763962951287667,0.0001974021344373448
39,Centralized,DDoS_UDP,9.764902759828442e-05,-9.657687186476194e-06,-3.648367488306622e-05,-3.648367488306622e-05,-1.5023990645675795e-05
39,Centralized,Fingerprinting,0.20115342733740665,-0.09501455565187807,-0.07727373826868081,-0.11603582238263804,-0.11902201125908454
39,Centralized,MITM,0.0009398496240601462,0.0009398496240601462,-0.0006265664160400974,-0.0006265664160400974,-0.0006265664160400974
39,Centralized,Normal,0.2836227395438738,-0.07060040258074822,-0.07176627272793917,-0.07044064560196792,-0.07018509489402067
39,Centralized,Password,0.07201624590854,-0.012495484346162445,-0.02046416017098073,-0.02090375838392441,-0.019956479098727734
39,Centralized,Port_Scanning,0.0,0.0,0.0,0.0,0.0
39,Centralized,Ransomware,0.1771524439090319,-0.03098038977615154,-0.061942585045526924,-0.02770855097902478,-0.0481539538163911
39,Centralized,SQL_injection,-0.008336832275971373,0.0003803415278780901,-0.0011564667905479774,0.038082339089511974,0.016875859507250436
39,Centralized,Uploading,0.02765193054143881,-0.015002062201303144,0.023564377382188733,-0.005479115105231375,-0.004722595485228811
39,Centralized,Vulnerability_scanner,-0.002214788459935224,-0.0004907245321276732,0.00259725540557725,0.0025450739331185266,0.002568720514190622
39,Centralized,XSS,0.015041149951687925,-0.004386130548329596,0.003097866881505152,-0.008401335843851032,-0.0053515504410124575
